grid_case_id,method_label,block_id,block_name,sequence,process_name,process_index,start_time,end_time,duration_min,assigned_bay,machine_type
b170_overload_r1,GA,86,BLK_86S,1,판계,1,2025-05-08 08:00:00,2025-05-08 08:36:18,36.3,,공통
b170_overload_r1,GA,86,BLK_86S,1,전면SAW,2,2025-05-08 08:36:18,2025-05-08 10:59:03,142.8,,공통
b170_overload_r1,GA,86,BLK_86S,1,TurnOver,3,2025-05-08 10:59:03,2025-05-08 11:12:15,13.2,,공통
b170_overload_r1,GA,86,BLK_86S,1,후면SAW,4,2025-05-08 11:12:15,2025-05-08 13:38:55,146.7,,공통
b170_overload_r1,GA,86,BLK_86S,1,NC,5,2025-05-08 13:38:55,2025-05-08 14:24:43,45.8,,공통
b170_overload_r1,GA,86,BLK_86S,1,베이35A 론지취부,6,2025-05-08 14:24:43,2025-05-08 15:33:28,68.8,35A,베이35A
b170_overload_r1,GA,86,BLK_86S,1,베이35A 론지용접,7,2025-05-08 15:33:28,2025-05-08 15:57:40,24.2,35A,베이35A
b170_overload_r1,GA,86,BLK_86S,1,베이35A 수정,8,2025-05-08 15:57:40,2025-05-08 16:39:28,41.8,35A,베이35A
b170_overload_r1,GA,66,BLK_66C,2,판계,1,2025-05-08 08:36:18,2025-05-08 09:09:18,33.0,,공통
b170_overload_r1,GA,66,BLK_66C,2,전면SAW,2,2025-05-08 10:59:03,2025-05-08 11:32:09,33.1,,공통
b170_overload_r1,GA,66,BLK_66C,2,TurnOver,3,2025-05-08 11:32:09,2025-05-08 11:45:21,13.2,,공통
b170_overload_r1,GA,66,BLK_66C,2,후면SAW,4,2025-05-08 13:38:55,2025-05-08 13:59:14,20.3,,공통
b170_overload_r1,GA,66,BLK_66C,2,NC,5,2025-05-08 14:24:43,2025-05-08 15:14:59,50.3,,공통
b170_overload_r1,GA,66,BLK_66C,2,베이36B 론지취부,6,2025-05-08 15:14:59,2025-05-08 16:27:35,72.6,36B,베이36B
b170_overload_r1,GA,66,BLK_66C,2,베이36B 론지용접,7,2025-05-08 16:27:35,2025-05-08 16:52:27,24.9,36B,베이36B
b170_overload_r1,GA,66,BLK_66C,2,베이36B 수정,8,2025-05-08 16:52:27,2025-05-08 17:36:40,44.2,36B,베이36B
b170_overload_r1,GA,9,BLK_9S,3,판계,1,2025-05-08 09:09:18,2025-05-08 09:31:18,22.0,,공통
b170_overload_r1,GA,9,BLK_9S,3,전면SAW,2,2025-05-08 11:32:09,2025-05-08 12:05:30,33.4,,공통
b170_overload_r1,GA,9,BLK_9S,3,TurnOver,3,2025-05-08 12:05:30,2025-05-08 12:18:42,13.2,,공통
b170_overload_r1,GA,9,BLK_9S,3,후면SAW,4,2025-05-08 13:59:14,2025-05-08 14:19:53,20.7,,공통
b170_overload_r1,GA,9,BLK_9S,3,NC,5,2025-05-08 15:14:59,2025-05-08 15:44:08,29.2,,공통
b170_overload_r1,GA,9,BLK_9S,3,베이35A 론지취부,6,2025-05-08 15:44:08,2025-05-08 16:37:29,53.4,35A,베이35A
b170_overload_r1,GA,9,BLK_9S,3,베이35A 론지용접,7,2025-05-08 16:37:29,2025-05-08 16:59:03,21.6,35A,베이35A
b170_overload_r1,GA,9,BLK_9S,3,베이35A 수정,8,2025-05-08 16:59:03,2025-05-08 17:31:10,32.1,35A,베이35A
b170_overload_r1,GA,17,BLK_17S,4,판계,1,2025-05-08 09:31:18,2025-05-08 10:07:36,36.3,,공통
b170_overload_r1,GA,17,BLK_17S,4,전면SAW,2,2025-05-08 12:05:30,2025-05-08 13:58:37,113.1,,공통
b170_overload_r1,GA,17,BLK_17S,4,TurnOver,3,2025-05-08 13:58:37,2025-05-08 14:11:49,13.2,,공통
b170_overload_r1,GA,17,BLK_17S,4,후면SAW,4,2025-05-08 14:19:53,2025-05-08 15:49:34,89.7,,공통
b170_overload_r1,GA,17,BLK_17S,4,NC,5,2025-05-08 15:49:34,2025-05-08 16:36:52,47.3,,공통
b170_overload_r1,GA,17,BLK_17S,4,베이36B 론지취부,6,2025-05-08 16:36:52,2025-05-08 18:16:25,99.6,36B,베이36B
b170_overload_r1,GA,17,BLK_17S,4,베이36B 론지용접,7,2025-05-08 18:16:25,2025-05-08 18:45:53,29.5,36B,베이36B
b170_overload_r1,GA,17,BLK_17S,4,베이36B 수정,8,2025-05-08 18:45:53,2025-05-08 19:47:03,61.2,36B,베이36B
b170_overload_r1,GA,96,BLK_96P,5,판계,1,2025-05-08 10:07:36,2025-05-08 10:37:18,29.7,,공통
b170_overload_r1,GA,96,BLK_96P,5,전면SAW,2,2025-05-08 13:58:37,2025-05-08 16:27:19,148.7,,공통
b170_overload_r1,GA,96,BLK_96P,5,TurnOver,3,2025-05-08 16:27:19,2025-05-08 16:40:31,13.2,,공통
b170_overload_r1,GA,96,BLK_96P,5,후면SAW,4,2025-05-08 16:40:31,2025-05-08 18:26:12,105.7,,공통
b170_overload_r1,GA,96,BLK_96P,5,NC,5,2025-05-08 18:26:12,2025-05-08 19:05:46,39.6,,공통
b170_overload_r1,GA,96,BLK_96P,5,베이35A 론지취부,6,2025-05-08 19:05:46,2025-05-08 19:43:43,38.0,35A,베이35A
b170_overload_r1,GA,96,BLK_96P,5,베이35A 론지용접,7,2025-05-08 19:43:43,2025-05-08 19:58:14,14.5,35A,베이35A
b170_overload_r1,GA,96,BLK_96P,5,베이35A 수정,8,2025-05-08 19:58:14,2025-05-08 20:20:41,22.4,35A,베이35A
b170_overload_r1,GA,5,BLK_5S,6,판계,1,2025-05-08 10:37:18,2025-05-08 10:59:18,22.0,,공통
b170_overload_r1,GA,5,BLK_5S,6,전면SAW,2,2025-05-08 16:27:19,2025-05-08 17:00:35,33.3,,공통
b170_overload_r1,GA,5,BLK_5S,6,TurnOver,3,2025-05-08 17:00:35,2025-05-08 17:13:47,13.2,,공통
b170_overload_r1,GA,5,BLK_5S,6,후면SAW,4,2025-05-08 18:26:12,2025-05-08 18:46:44,20.5,,공통
b170_overload_r1,GA,5,BLK_5S,6,NC,5,2025-05-08 19:05:46,2025-05-08 19:34:32,28.8,,공통
b170_overload_r1,GA,5,BLK_5S,6,베이36B 론지취부,6,2025-05-08 19:34:32,2025-05-08 20:08:38,34.1,36B,베이36B
b170_overload_r1,GA,5,BLK_5S,6,베이36B 론지용접,7,2025-05-08 20:08:38,2025-05-08 20:26:54,18.3,36B,베이36B
b170_overload_r1,GA,5,BLK_5S,6,베이36B 수정,8,2025-05-08 20:26:54,2025-05-08 20:46:55,20.0,36B,베이36B
b170_overload_r1,GA,76,BLK_76C,7,판계,1,2025-05-08 10:59:18,2025-05-08 11:12:30,13.2,,공통
b170_overload_r1,GA,76,BLK_76C,7,전면SAW,2,2025-05-08 17:00:35,2025-05-08 17:50:02,49.4,,공통
b170_overload_r1,GA,76,BLK_76C,7,TurnOver,3,2025-05-08 17:50:02,2025-05-08 18:03:14,13.2,,공통
b170_overload_r1,GA,76,BLK_76C,7,후면SAW,4,2025-05-08 18:46:44,2025-05-08 19:28:34,41.8,,공통
b170_overload_r1,GA,76,BLK_76C,7,NC,5,2025-05-08 19:34:32,2025-05-08 19:59:00,24.5,,공통
b170_overload_r1,GA,76,BLK_76C,7,베이35A 론지취부,6,2025-05-08 19:59:00,2025-05-08 21:03:54,64.9,35A,베이35A
b170_overload_r1,GA,76,BLK_76C,7,베이35A 론지용접,7,2025-05-08 21:03:54,2025-05-08 21:27:26,23.5,35A,베이35A
b170_overload_r1,GA,76,BLK_76C,7,베이35A 수정,8,2025-05-08 21:27:26,2025-05-08 22:06:49,39.4,35A,베이35A
b170_overload_r1,GA,1,BLK_1C,8,판계,1,2025-05-08 11:12:30,2025-05-08 11:34:30,22.0,,공통
b170_overload_r1,GA,1,BLK_1C,8,전면SAW,2,2025-05-08 17:50:02,2025-05-08 18:25:11,35.2,,공통
b170_overload_r1,GA,1,BLK_1C,8,TurnOver,3,2025-05-08 18:25:11,2025-05-08 18:38:23,13.2,,공통
b170_overload_r1,GA,1,BLK_1C,8,후면SAW,4,2025-05-08 19:28:34,2025-05-08 19:51:35,23.0,,공통
b170_overload_r1,GA,1,BLK_1C,8,NC,5,2025-05-08 19:59:00,2025-05-08 20:27:52,28.9,,공통
b170_overload_r1,GA,1,BLK_1C,8,베이36B 론지취부,6,2025-05-08 20:27:52,2025-05-08 21:16:16,48.4,36B,베이36B
b170_overload_r1,GA,1,BLK_1C,8,베이36B 론지용접,7,2025-05-08 21:16:16,2025-05-08 21:37:23,21.1,36B,베이36B
b170_overload_r1,GA,1,BLK_1C,8,베이36B 수정,8,2025-05-08 21:37:23,2025-05-08 21:54:59,17.6,36B,베이36B
b170_overload_r1,GA,21,BLK_21C,9,판계,1,2025-05-08 11:34:30,2025-05-08 12:16:18,41.8,,공통
b170_overload_r1,GA,21,BLK_21C,9,전면SAW,2,2025-05-08 18:25:11,2025-05-08 19:55:48,90.6,,공통
b170_overload_r1,GA,21,BLK_21C,9,TurnOver,3,2025-05-08 19:55:48,2025-05-08 20:09:00,13.2,,공통
b170_overload_r1,GA,21,BLK_21C,9,후면SAW,4,2025-05-08 20:09:00,2025-05-08 21:34:52,85.9,,공통
b170_overload_r1,GA,21,BLK_21C,9,NC,5,2025-05-08 21:34:52,2025-05-08 22:23:57,49.1,,공통
b170_overload_r1,GA,21,BLK_21C,9,베이35A 론지취부,6,2025-05-08 22:23:57,2025-05-08 23:17:18,53.4,35A,베이35A
b170_overload_r1,GA,21,BLK_21C,9,베이35A 론지용접,7,2025-05-08 23:17:18,2025-05-08 23:38:51,21.6,35A,베이35A
b170_overload_r1,GA,21,BLK_21C,9,베이35A 수정,8,2025-05-08 23:38:51,2025-05-09 00:10:58,32.1,35A,베이35A
b170_overload_r1,GA,136,BLK_136S,10,판계,1,2025-05-08 12:16:18,2025-05-08 12:49:18,33.0,,공통
b170_overload_r1,GA,136,BLK_136S,10,전면SAW,2,2025-05-08 19:55:48,2025-05-08 20:28:50,33.0,,공통
b170_overload_r1,GA,136,BLK_136S,10,TurnOver,3,2025-05-08 20:28:50,2025-05-08 20:42:02,13.2,,공통
b170_overload_r1,GA,136,BLK_136S,10,후면SAW,4,2025-05-08 21:34:52,2025-05-08 21:55:05,20.2,,공통
b170_overload_r1,GA,136,BLK_136S,10,NC,5,2025-05-08 22:23:57,2025-05-08 23:10:26,46.5,,공통
b170_overload_r1,GA,136,BLK_136S,10,베이36B 론지취부,6,2025-05-08 23:10:26,2025-05-09 00:57:41,107.3,36B,베이36B
b170_overload_r1,GA,136,BLK_136S,10,베이36B 론지용접,7,2025-05-09 00:57:41,2025-05-09 01:28:29,30.8,36B,베이36B
b170_overload_r1,GA,136,BLK_136S,10,베이36B 수정,8,2025-05-09 01:28:29,2025-05-09 02:34:29,66.0,36B,베이36B
b170_overload_r1,GA,2,BLK_2C,11,판계,1,2025-05-08 12:49:18,2025-05-08 13:02:30,13.2,,공통
b170_overload_r1,GA,2,BLK_2C,11,전면SAW,2,2025-05-08 20:28:50,2025-05-08 21:10:48,42.0,,공통
b170_overload_r1,GA,2,BLK_2C,11,TurnOver,3,2025-05-08 21:10:48,2025-05-08 21:24:00,13.2,,공통
b170_overload_r1,GA,2,BLK_2C,11,후면SAW,4,2025-05-08 21:55:05,2025-05-08 22:27:05,32.0,,공통
b170_overload_r1,GA,2,BLK_2C,11,NC,5,2025-05-08 23:10:26,2025-05-08 23:33:28,23.0,,공통
b170_overload_r1,GA,2,BLK_2C,11,베이35A 론지취부,6,2025-05-08 23:33:28,2025-05-09 00:26:49,53.4,35A,베이35A
b170_overload_r1,GA,2,BLK_2C,11,베이35A 론지용접,7,2025-05-09 00:26:49,2025-05-09 00:48:23,21.6,35A,베이35A
b170_overload_r1,GA,2,BLK_2C,11,베이35A 수정,8,2025-05-09 00:48:23,2025-05-09 01:20:30,32.1,35A,베이35A
b170_overload_r1,GA,33,BLK_33S,12,판계,1,2025-05-08 13:02:30,2025-05-08 13:41:00,38.5,,공통
b170_overload_r1,GA,33,BLK_33S,12,전면SAW,2,2025-05-08 21:10:48,2025-05-09 00:31:44,200.9,,공통
b170_overload_r1,GA,33,BLK_33S,12,TurnOver,3,2025-05-09 00:31:44,2025-05-09 00:44:56,13.2,,공통
b170_overload_r1,GA,33,BLK_33S,12,후면SAW,4,2025-05-09 00:44:56,2025-05-09 03:14:49,149.9,,공통
b170_overload_r1,GA,33,BLK_33S,12,NC,5,2025-05-09 03:14:49,2025-05-09 03:59:19,44.5,,공통
b170_overload_r1,GA,33,BLK_33S,12,베이36B 론지취부,6,2025-05-09 03:59:19,2025-05-09 05:19:37,80.3,36B,베이36B
b170_overload_r1,GA,33,BLK_33S,12,베이36B 론지용접,7,2025-05-09 05:19:37,2025-05-09 05:45:47,26.2,36B,베이36B
b170_overload_r1,GA,33,BLK_33S,12,베이36B 수정,8,2025-05-09 05:45:47,2025-05-09 06:34:51,49.1,36B,베이36B
b170_overload_r1,GA,13,BLK_13C,13,판계,1,2025-05-08 13:41:00,2025-05-08 14:03:00,22.0,,공통
b170_overload_r1,GA,13,BLK_13C,13,전면SAW,2,2025-05-09 00:31:44,2025-05-09 01:10:45,39.0,,공통
b170_overload_r1,GA,13,BLK_13C,13,TurnOver,3,2025-05-09 01:10:45,2025-05-09 01:23:57,13.2,,공통
b170_overload_r1,GA,13,BLK_13C,13,후면SAW,4,2025-05-09 03:14:49,2025-05-09 03:42:56,28.1,,공통
b170_overload_r1,GA,13,BLK_13C,13,NC,5,2025-05-09 03:59:19,2025-05-09 04:30:17,31.0,,공통
b170_overload_r1,GA,13,BLK_13C,13,베이35A 론지취부,6,2025-05-09 04:30:17,2025-05-09 05:19:47,49.5,35A,베이35A
b170_overload_r1,GA,13,BLK_13C,13,베이35A 론지용접,7,2025-05-09 05:19:47,2025-05-09 05:40:41,20.9,35A,베이35A
b170_overload_r1,GA,13,BLK_13C,13,베이35A 수정,8,2025-05-09 05:40:41,2025-05-09 06:10:23,29.7,35A,베이35A
b170_overload_r1,GA,14,BLK_14S,14,판계,1,2025-05-08 14:03:00,2025-05-08 14:36:00,33.0,,공통
b170_overload_r1,GA,14,BLK_14S,14,전면SAW,2,2025-05-09 01:10:45,2025-05-09 01:42:21,31.6,,공통
b170_overload_r1,GA,14,BLK_14S,14,TurnOver,3,2025-05-09 01:42:21,2025-05-09 01:55:33,13.2,,공통
b170_overload_r1,GA,14,BLK_14S,14,후면SAW,4,2025-05-09 03:42:56,2025-05-09 04:01:15,18.3,,공통
b170_overload_r1,GA,14,BLK_14S,14,NC,5,2025-05-09 04:30:17,2025-05-09 05:23:18,53.0,,공통
b170_overload_r1,GA,14,BLK_14S,14,베이36B 론지취부,6,2025-05-09 05:23:18,2025-05-09 06:32:03,68.8,36B,베이36B
b170_overload_r1,GA,14,BLK_14S,14,베이36B 론지용접,7,2025-05-09 06:32:03,2025-05-09 06:56:15,24.2,36B,베이36B
b170_overload_r1,GA,14,BLK_14S,14,베이36B 수정,8,2025-05-09 06:56:15,2025-05-09 07:38:03,41.8,36B,베이36B
b170_overload_r1,GA,25,BLK_25S,15,판계,1,2025-05-08 14:36:00,2025-05-08 15:20:00,44.0,,공통
b170_overload_r1,GA,25,BLK_25S,15,전면SAW,2,2025-05-09 01:42:21,2025-05-09 05:11:21,209.0,,공통
b170_overload_r1,GA,25,BLK_25S,15,TurnOver,3,2025-05-09 05:11:21,2025-05-09 05:24:33,13.2,,공통
b170_overload_r1,GA,25,BLK_25S,15,후면SAW,4,2025-05-09 05:24:33,2025-05-09 08:05:06,160.6,,공통
b170_overload_r1,GA,25,BLK_25S,15,NC,5,2025-05-09 08:05:06,2025-05-09 08:57:33,52.4,,공통
b170_overload_r1,GA,25,BLK_25S,15,베이35A 론지취부,6,2025-05-09 08:57:33,2025-05-09 10:33:15,95.7,35A,베이35A
b170_overload_r1,GA,25,BLK_25S,15,베이35A 론지용접,7,2025-05-09 10:33:15,2025-05-09 11:02:04,28.8,35A,베이35A
b170_overload_r1,GA,25,BLK_25S,15,베이35A 수정,8,2025-05-09 11:02:04,2025-05-09 12:00:48,58.7,35A,베이35A
b170_overload_r1,GA,29,BLK_29P,16,판계,1,2025-05-08 15:20:00,2025-05-08 15:42:00,22.0,,공통
b170_overload_r1,GA,29,BLK_29P,16,전면SAW,2,2025-05-09 05:11:21,2025-05-09 05:49:02,37.7,,공통
b170_overload_r1,GA,29,BLK_29P,16,TurnOver,3,2025-05-09 05:49:02,2025-05-09 06:02:14,13.2,,공통
b170_overload_r1,GA,29,BLK_29P,16,후면SAW,4,2025-05-09 08:05:06,2025-05-09 08:31:27,26.3,,공통
b170_overload_r1,GA,29,BLK_29P,16,NC,5,2025-05-09 08:57:33,2025-05-09 09:29:49,32.3,,공통
b170_overload_r1,GA,29,BLK_29P,16,베이36B 론지취부,6,2025-05-09 09:29:49,2025-05-09 10:34:43,64.9,36B,베이36B
b170_overload_r1,GA,29,BLK_29P,16,베이36B 론지용접,7,2025-05-09 10:34:43,2025-05-09 10:58:15,23.5,36B,베이36B
b170_overload_r1,GA,29,BLK_29P,16,베이36B 수정,8,2025-05-09 10:58:15,2025-05-09 11:37:38,39.4,36B,베이36B
b170_overload_r1,GA,10,BLK_10C,17,판계,1,2025-05-08 15:42:00,2025-05-08 16:09:30,27.5,,공통
b170_overload_r1,GA,10,BLK_10C,17,전면SAW,2,2025-05-09 05:49:02,2025-05-09 06:25:10,36.1,,공통
b170_overload_r1,GA,10,BLK_10C,17,TurnOver,3,2025-05-09 06:25:10,2025-05-09 06:38:22,13.2,,공통
b170_overload_r1,GA,10,BLK_10C,17,후면SAW,4,2025-05-09 08:31:27,2025-05-09 08:55:45,24.3,,공통
b170_overload_r1,GA,10,BLK_10C,17,NC,5,2025-05-09 09:29:49,2025-05-09 10:07:39,37.8,,공통
b170_overload_r1,GA,10,BLK_10C,17,베이35A 론지취부,6,2025-05-09 10:33:15,2025-05-09 11:38:09,64.9,35A,베이35A
b170_overload_r1,GA,10,BLK_10C,17,베이35A 론지용접,7,2025-05-09 11:38:09,2025-05-09 12:01:41,23.5,35A,베이35A
b170_overload_r1,GA,10,BLK_10C,17,베이35A 수정,8,2025-05-09 12:01:41,2025-05-09 12:41:04,39.4,35A,베이35A
b170_overload_r1,GA,37,BLK_37C,18,판계,1,2025-05-08 16:09:30,2025-05-08 16:42:30,33.0,,공통
b170_overload_r1,GA,37,BLK_37C,18,전면SAW,2,2025-05-09 06:25:10,2025-05-09 07:10:46,45.6,,공통
b170_overload_r1,GA,37,BLK_37C,18,TurnOver,3,2025-05-09 07:10:46,2025-05-09 07:23:58,13.2,,공통
b170_overload_r1,GA,37,BLK_37C,18,후면SAW,4,2025-05-09 08:55:45,2025-05-09 09:32:32,36.8,,공통
b170_overload_r1,GA,37,BLK_37C,18,NC,5,2025-05-09 10:07:39,2025-05-09 11:02:03,54.4,,공통
b170_overload_r1,GA,37,BLK_37C,18,베이36B 론지취부,6,2025-05-09 11:02:03,2025-05-09 12:22:21,80.3,36B,베이36B
b170_overload_r1,GA,37,BLK_37C,18,베이36B 론지용접,7,2025-05-09 12:22:21,2025-05-09 12:48:32,26.2,36B,베이36B
b170_overload_r1,GA,37,BLK_37C,18,베이36B 수정,8,2025-05-09 12:48:32,2025-05-09 13:37:36,49.1,36B,베이36B
b170_overload_r1,GA,42,BLK_42S,19,판계,1,2025-05-08 16:42:30,2025-05-08 17:18:48,36.3,,공통
b170_overload_r1,GA,42,BLK_42S,19,전면SAW,2,2025-05-09 07:10:46,2025-05-09 09:26:44,136.0,,공통
b170_overload_r1,GA,42,BLK_42S,19,TurnOver,3,2025-05-09 09:26:44,2025-05-09 09:39:56,13.2,,공통
b170_overload_r1,GA,42,BLK_42S,19,후면SAW,4,2025-05-09 09:39:56,2025-05-09 11:30:25,110.5,,공통
b170_overload_r1,GA,42,BLK_42S,19,NC,5,2025-05-09 11:30:25,2025-05-09 12:17:01,46.6,,공통
b170_overload_r1,GA,42,BLK_42S,19,베이35A 론지취부,6,2025-05-09 12:17:01,2025-05-09 13:41:10,84.2,35A,베이35A
b170_overload_r1,GA,42,BLK_42S,19,베이35A 론지용접,7,2025-05-09 13:41:10,2025-05-09 14:08:00,26.8,35A,베이35A
b170_overload_r1,GA,42,BLK_42S,19,베이35A 수정,8,2025-05-09 14:08:00,2025-05-09 14:59:29,51.5,35A,베이35A
b170_overload_r1,GA,57,BLK_57S,20,판계,1,2025-05-08 17:18:48,2025-05-08 17:32:00,13.2,,공통
b170_overload_r1,GA,57,BLK_57S,20,전면SAW,2,2025-05-09 09:26:44,2025-05-09 10:12:50,46.1,,공통
b170_overload_r1,GA,57,BLK_57S,20,TurnOver,3,2025-05-09 10:12:50,2025-05-09 10:26:02,13.2,,공통
b170_overload_r1,GA,57,BLK_57S,20,후면SAW,4,2025-05-09 11:30:25,2025-05-09 12:07:53,37.5,,공통
b170_overload_r1,GA,57,BLK_57S,20,NC,5,2025-05-09 12:17:01,2025-05-09 12:40:03,23.0,,공통
b170_overload_r1,GA,57,BLK_57S,20,베이36B 론지취부,6,2025-05-09 12:40:03,2025-05-09 13:25:42,45.7,36B,베이36B
b170_overload_r1,GA,57,BLK_57S,20,베이36B 론지용접,7,2025-05-09 13:25:42,2025-05-09 13:41:32,15.8,36B,베이36B
b170_overload_r1,GA,57,BLK_57S,20,베이36B 수정,8,2025-05-09 13:41:32,2025-05-09 14:08:49,27.3,36B,베이36B
b170_overload_r1,GA,41,BLK_41S,21,판계,1,2025-05-08 17:32:00,2025-05-08 18:16:00,44.0,,공통
b170_overload_r1,GA,41,BLK_41S,21,전면SAW,2,2025-05-09 10:12:50,2025-05-09 12:50:52,158.0,,공통
b170_overload_r1,GA,41,BLK_41S,21,TurnOver,3,2025-05-09 12:50:52,2025-05-09 13:04:04,13.2,,공통
b170_overload_r1,GA,41,BLK_41S,21,후면SAW,4,2025-05-09 13:04:04,2025-05-09 15:20:11,136.1,,공통
b170_overload_r1,GA,41,BLK_41S,21,NC,5,2025-05-09 15:20:11,2025-05-09 16:07:11,47.0,,공통
b170_overload_r1,GA,41,BLK_41S,21,베이35A 론지취부,6,2025-05-09 16:07:11,2025-05-09 17:00:32,53.4,35A,베이35A
b170_overload_r1,GA,41,BLK_41S,21,베이35A 론지용접,7,2025-05-09 17:00:32,2025-05-09 17:22:05,21.6,35A,베이35A
b170_overload_r1,GA,41,BLK_41S,21,베이35A 수정,8,2025-05-09 17:22:05,2025-05-09 17:54:13,32.1,35A,베이35A
b170_overload_r1,GA,124,BLK_124S,22,판계,1,2025-05-08 18:16:00,2025-05-08 18:52:18,36.3,,공통
b170_overload_r1,GA,124,BLK_124S,22,전면SAW,2,2025-05-09 12:50:52,2025-05-09 14:50:02,119.2,,공통
b170_overload_r1,GA,124,BLK_124S,22,TurnOver,3,2025-05-09 14:50:02,2025-05-09 15:03:14,13.2,,공통
b170_overload_r1,GA,124,BLK_124S,22,후면SAW,4,2025-05-09 15:20:11,2025-05-09 16:55:22,95.2,,공통
b170_overload_r1,GA,124,BLK_124S,22,NC,5,2025-05-09 16:55:22,2025-05-09 17:39:38,44.3,,공통
b170_overload_r1,GA,124,BLK_124S,22,베이36B 론지취부,6,2025-05-09 17:39:38,2025-05-09 18:29:08,49.5,36B,베이36B
b170_overload_r1,GA,124,BLK_124S,22,베이36B 론지용접,7,2025-05-09 18:29:08,2025-05-09 18:50:02,20.9,36B,베이36B
b170_overload_r1,GA,124,BLK_124S,22,베이36B 수정,8,2025-05-09 18:50:02,2025-05-09 19:19:44,29.7,36B,베이36B
b170_overload_r1,GA,61,BLK_61S,1,판계,1,2025-05-09 08:00:00,2025-05-09 08:13:12,13.2,,공통
b170_overload_r1,GA,61,BLK_61S,1,전면SAW,2,2025-05-09 14:50:02,2025-05-09 15:43:00,53.0,,공통
b170_overload_r1,GA,61,BLK_61S,1,TurnOver,3,2025-05-09 15:43:00,2025-05-09 15:56:12,13.2,,공통
b170_overload_r1,GA,61,BLK_61S,1,후면SAW,4,2025-05-09 16:55:22,2025-05-09 17:41:48,46.4,,공통
b170_overload_r1,GA,61,BLK_61S,1,NC,5,2025-05-09 17:41:48,2025-05-09 18:08:28,26.7,,공통
b170_overload_r1,GA,61,BLK_61S,1,베이35A 론지취부,6,2025-05-09 18:08:28,2025-05-09 19:09:31,61.1,35A,베이35A
b170_overload_r1,GA,61,BLK_61S,1,베이35A 론지용접,7,2025-05-09 19:09:31,2025-05-09 19:32:24,22.9,35A,베이35A
b170_overload_r1,GA,61,BLK_61S,1,베이35A 수정,8,2025-05-09 19:32:24,2025-05-09 20:09:21,37.0,35A,베이35A
b170_overload_r1,GA,116,BLK_116P,2,판계,1,2025-05-09 08:13:12,2025-05-09 08:55:00,41.8,,공통
b170_overload_r1,GA,116,BLK_116P,2,전면SAW,2,2025-05-09 15:43:00,2025-05-09 17:40:50,117.8,,공통
b170_overload_r1,GA,116,BLK_116P,2,TurnOver,3,2025-05-09 17:40:50,2025-05-09 17:54:02,13.2,,공통
b170_overload_r1,GA,116,BLK_116P,2,후면SAW,4,2025-05-09 17:54:02,2025-05-09 19:28:01,94.0,,공통
b170_overload_r1,GA,116,BLK_116P,2,NC,5,2025-05-09 19:28:01,2025-05-09 20:19:19,51.3,,공통
b170_overload_r1,GA,116,BLK_116P,2,베이36B 론지취부,6,2025-05-09 20:19:19,2025-05-09 21:16:31,57.2,36B,베이36B
b170_overload_r1,GA,116,BLK_116P,2,베이36B 론지용접,7,2025-05-09 21:16:31,2025-05-09 21:38:44,22.2,36B,베이36B
b170_overload_r1,GA,116,BLK_116P,2,베이36B 수정,8,2025-05-09 21:38:44,2025-05-09 22:13:16,34.5,36B,베이36B
b170_overload_r1,GA,65,BLK_65S,3,판계,1,2025-05-09 08:55:00,2025-05-09 09:08:12,13.2,,공통
b170_overload_r1,GA,65,BLK_65S,3,전면SAW,2,2025-05-09 17:40:50,2025-05-09 18:19:19,38.5,,공통
b170_overload_r1,GA,65,BLK_65S,3,TurnOver,3,2025-05-09 18:19:19,2025-05-09 18:32:31,13.2,,공통
b170_overload_r1,GA,65,BLK_65S,3,후면SAW,4,2025-05-09 19:28:01,2025-05-09 19:55:26,27.4,,공통
b170_overload_r1,GA,65,BLK_65S,3,NC,5,2025-05-09 20:19:19,2025-05-09 20:41:40,22.4,,공통
b170_overload_r1,GA,65,BLK_65S,3,베이35A 론지취부,6,2025-05-09 20:41:40,2025-05-09 21:04:13,22.6,35A,베이35A
b170_overload_r1,GA,65,BLK_65S,3,베이35A 론지용접,7,2025-05-09 21:04:13,2025-05-09 21:16:06,11.9,35A,베이35A
b170_overload_r1,GA,65,BLK_65S,3,베이35A 수정,8,2025-05-09 21:16:06,2025-05-09 21:28:51,12.8,35A,베이35A
b170_overload_r1,GA,69,BLK_69C,4,판계,1,2025-05-09 09:08:12,2025-05-09 09:39:00,30.8,,공통
b170_overload_r1,GA,69,BLK_69C,4,전면SAW,2,2025-05-09 18:19:19,2025-05-09 20:40:02,140.7,,공통
b170_overload_r1,GA,69,BLK_69C,4,TurnOver,3,2025-05-09 20:40:02,2025-05-09 20:53:14,13.2,,공통
b170_overload_r1,GA,69,BLK_69C,4,후면SAW,4,2025-05-09 20:53:14,2025-05-09 22:48:04,114.8,,공통
b170_overload_r1,GA,69,BLK_69C,4,NC,5,2025-05-09 22:48:04,2025-05-09 23:26:43,38.7,,공통
b170_overload_r1,GA,69,BLK_69C,4,베이36B 론지취부,6,2025-05-09 23:26:43,2025-05-10 00:50:52,84.2,36B,베이36B
b170_overload_r1,GA,69,BLK_69C,4,베이36B 론지용접,7,2025-05-10 00:50:52,2025-05-10 01:17:43,26.8,36B,베이36B
b170_overload_r1,GA,69,BLK_69C,4,베이36B 수정,8,2025-05-10 01:17:43,2025-05-10 02:09:11,51.5,36B,베이36B
b170_overload_r1,GA,30,BLK_30C,5,판계,1,2025-05-09 09:39:00,2025-05-09 10:06:30,27.5,,공통
b170_overload_r1,GA,30,BLK_30C,5,전면SAW,2,2025-05-09 20:40:02,2025-05-09 21:14:09,34.1,,공통
b170_overload_r1,GA,30,BLK_30C,5,TurnOver,3,2025-05-09 21:14:09,2025-05-09 21:27:21,13.2,,공통
b170_overload_r1,GA,30,BLK_30C,5,후면SAW,4,2025-05-09 22:48:04,2025-05-09 23:09:44,21.7,,공통
b170_overload_r1,GA,30,BLK_30C,5,NC,5,2025-05-09 23:26:43,2025-05-10 00:03:59,37.3,,공통
b170_overload_r1,GA,30,BLK_30C,5,베이35A 론지취부,6,2025-05-10 00:03:59,2025-05-10 00:49:38,45.7,35A,베이35A
b170_overload_r1,GA,30,BLK_30C,5,베이35A 론지용접,7,2025-05-10 00:49:38,2025-05-10 01:09:53,20.2,35A,베이35A
b170_overload_r1,GA,30,BLK_30C,5,베이35A 수정,8,2025-05-10 01:09:53,2025-05-10 01:37:09,27.3,35A,베이35A
b170_overload_r1,GA,39,BLK_39C,6,판계,1,2025-05-09 10:06:30,2025-05-09 10:36:12,29.7,,공통
b170_overload_r1,GA,39,BLK_39C,6,전면SAW,2,2025-05-09 21:14:09,2025-05-10 00:06:32,172.4,,공통
b170_overload_r1,GA,39,BLK_39C,6,TurnOver,3,2025-05-10 00:06:32,2025-05-10 00:19:44,13.2,,공통
b170_overload_r1,GA,39,BLK_39C,6,후면SAW,4,2025-05-10 00:19:44,2025-05-10 02:26:45,127.0,,공통
b170_overload_r1,GA,39,BLK_39C,6,NC,5,2025-05-10 02:26:45,2025-05-10 03:00:56,34.2,,공통
b170_overload_r1,GA,39,BLK_39C,6,베이36B 론지취부,6,2025-05-10 03:00:56,2025-05-10 03:54:17,53.4,36B,베이36B
b170_overload_r1,GA,39,BLK_39C,6,베이36B 론지용접,7,2025-05-10 03:54:17,2025-05-10 04:15:51,21.6,36B,베이36B
b170_overload_r1,GA,39,BLK_39C,6,베이36B 수정,8,2025-05-10 04:15:51,2025-05-10 04:47:58,32.1,36B,베이36B
b170_overload_r1,GA,45,BLK_45S,7,판계,1,2025-05-09 10:36:12,2025-05-09 11:41:06,64.9,,공통
b170_overload_r1,GA,45,BLK_45S,7,전면SAW,2,2025-05-10 00:06:32,2025-05-10 00:51:29,45.0,,공통
b170_overload_r1,GA,45,BLK_45S,7,TurnOver,3,2025-05-10 00:51:29,2025-05-10 01:04:41,13.2,,공통
b170_overload_r1,GA,45,BLK_45S,7,후면SAW,4,2025-05-10 02:26:45,2025-05-10 03:02:41,35.9,,공통
b170_overload_r1,GA,45,BLK_45S,7,NC,5,2025-05-10 03:02:41,2025-05-10 04:15:23,72.7,,공통
b170_overload_r1,GA,45,BLK_45S,7,베이36B 론지취부,6,2025-05-10 04:15:23,2025-05-10 06:06:29,111.1,36B,베이36B
b170_overload_r1,GA,45,BLK_45S,7,베이36B 론지용접,7,2025-05-10 06:06:29,2025-05-10 06:37:56,31.5,36B,베이36B
b170_overload_r1,GA,45,BLK_45S,7,베이36B 수정,8,2025-05-10 06:37:56,2025-05-10 07:46:22,68.4,36B,베이36B
b170_overload_r1,GA,49,BLK_49P,8,판계,1,2025-05-09 11:41:06,2025-05-09 12:30:36,49.5,,공통
b170_overload_r1,GA,49,BLK_49P,8,전면SAW,2,2025-05-10 00:51:29,2025-05-10 03:54:07,182.6,,공통
b170_overload_r1,GA,49,BLK_49P,8,TurnOver,3,2025-05-10 03:54:07,2025-05-10 04:07:19,13.2,,공통
b170_overload_r1,GA,49,BLK_49P,8,후면SAW,4,2025-05-10 04:07:19,2025-05-10 06:19:31,132.2,,공통
b170_overload_r1,GA,49,BLK_49P,8,NC,5,2025-05-10 06:19:31,2025-05-10 07:21:41,62.2,,공통
b170_overload_r1,GA,49,BLK_49P,8,베이35A 론지취부,6,2025-05-10 07:21:41,2025-05-10 08:07:20,45.7,35A,베이35A
b170_overload_r1,GA,49,BLK_49P,8,베이35A 론지용접,7,2025-05-10 08:07:20,2025-05-10 08:27:35,20.2,35A,베이35A
b170_overload_r1,GA,49,BLK_49P,8,베이35A 수정,8,2025-05-10 08:27:35,2025-05-10 08:54:51,27.3,35A,베이35A
b170_overload_r1,GA,146,BLK_146S,9,판계,1,2025-05-09 12:30:36,2025-05-09 12:58:06,27.5,,공통
b170_overload_r1,GA,146,BLK_146S,9,전면SAW,2,2025-05-10 03:54:07,2025-05-10 04:38:49,44.7,,공통
b170_overload_r1,GA,146,BLK_146S,9,TurnOver,3,2025-05-10 04:38:49,2025-05-10 04:52:01,13.2,,공통
b170_overload_r1,GA,146,BLK_146S,9,후면SAW,4,2025-05-10 06:19:31,2025-05-10 06:55:06,35.6,,공통
b170_overload_r1,GA,146,BLK_146S,9,NC,5,2025-05-10 07:21:41,2025-05-10 07:58:36,36.9,,공통
b170_overload_r1,GA,146,BLK_146S,9,베이36B 론지취부,6,2025-05-10 07:58:36,2025-05-10 08:32:42,34.1,36B,베이36B
b170_overload_r1,GA,146,BLK_146S,9,베이36B 론지용접,7,2025-05-10 08:32:42,2025-05-10 08:50:57,18.3,36B,베이36B
b170_overload_r1,GA,146,BLK_146S,9,베이36B 수정,8,2025-05-10 08:50:57,2025-05-10 09:10:58,20.0,36B,베이36B
b170_overload_r1,GA,79,BLK_79S,10,판계,1,2025-05-09 12:58:06,2025-05-09 13:47:36,49.5,,공통
b170_overload_r1,GA,79,BLK_79S,10,전면SAW,2,2025-05-10 04:38:49,2025-05-10 07:09:27,150.6,,공통
b170_overload_r1,GA,79,BLK_79S,10,TurnOver,3,2025-05-10 07:09:27,2025-05-10 07:22:39,13.2,,공통
b170_overload_r1,GA,79,BLK_79S,10,후면SAW,4,2025-05-10 07:22:39,2025-05-10 09:12:18,109.6,,공통
b170_overload_r1,GA,79,BLK_79S,10,NC,5,2025-05-10 09:12:18,2025-05-10 10:09:06,56.8,,공통
b170_overload_r1,GA,79,BLK_79S,10,베이35A 론지취부,6,2025-05-10 10:09:06,2025-05-10 11:10:09,61.1,35A,베이35A
b170_overload_r1,GA,79,BLK_79S,10,베이35A 론지용접,7,2025-05-10 11:10:09,2025-05-10 11:33:02,22.9,35A,베이35A
b170_overload_r1,GA,79,BLK_79S,10,베이35A 수정,8,2025-05-10 11:33:02,2025-05-10 12:09:59,37.0,35A,베이35A
b170_overload_r1,GA,89,BLK_89P,11,판계,1,2025-05-09 13:47:36,2025-05-09 14:15:06,27.5,,공통
b170_overload_r1,GA,89,BLK_89P,11,전면SAW,2,2025-05-10 07:09:27,2025-05-10 07:43:33,34.1,,공통
b170_overload_r1,GA,89,BLK_89P,11,TurnOver,3,2025-05-10 07:43:33,2025-05-10 07:56:45,13.2,,공통
b170_overload_r1,GA,89,BLK_89P,11,후면SAW,4,2025-05-10 09:12:18,2025-05-10 09:33:55,21.6,,공통
b170_overload_r1,GA,89,BLK_89P,11,NC,5,2025-05-10 10:09:06,2025-05-10 10:47:54,38.8,,공통
b170_overload_r1,GA,89,BLK_89P,11,베이36B 론지취부,6,2025-05-10 10:47:54,2025-05-10 11:56:39,68.8,36B,베이36B
b170_overload_r1,GA,89,BLK_89P,11,베이36B 론지용접,7,2025-05-10 11:56:39,2025-05-10 12:20:51,24.2,36B,베이36B
b170_overload_r1,GA,89,BLK_89P,11,베이36B 수정,8,2025-05-10 12:20:51,2025-05-10 13:02:39,41.8,36B,베이36B
b170_overload_r1,GA,6,BLK_6P,12,판계,1,2025-05-09 14:15:06,2025-05-09 14:51:24,36.3,,공통
b170_overload_r1,GA,6,BLK_6P,12,전면SAW,2,2025-05-10 07:43:33,2025-05-10 09:52:38,129.1,,공통
b170_overload_r1,GA,6,BLK_6P,12,TurnOver,3,2025-05-10 09:52:38,2025-05-10 10:05:50,13.2,,공통
b170_overload_r1,GA,6,BLK_6P,12,후면SAW,4,2025-05-10 10:05:50,2025-05-10 12:16:35,130.7,,공통
b170_overload_r1,GA,6,BLK_6P,12,NC,5,2025-05-10 12:16:35,2025-05-10 13:00:33,44.0,,공통
b170_overload_r1,GA,6,BLK_6P,12,베이35A 론지취부,6,2025-05-10 13:00:33,2025-05-10 14:13:09,72.6,35A,베이35A
b170_overload_r1,GA,6,BLK_6P,12,베이35A 론지용접,7,2025-05-10 14:13:09,2025-05-10 14:38:01,24.9,35A,베이35A
b170_overload_r1,GA,6,BLK_6P,12,베이35A 수정,8,2025-05-10 14:38:01,2025-05-10 15:22:14,44.2,35A,베이35A
b170_overload_r1,GA,163,BLK_89S,13,판계,1,2025-05-09 14:51:24,2025-05-09 15:18:54,27.5,,공통
b170_overload_r1,GA,163,BLK_89S,13,전면SAW,2,2025-05-10 09:52:38,2025-05-10 10:26:44,34.1,,공통
b170_overload_r1,GA,163,BLK_89S,13,TurnOver,3,2025-05-10 10:26:44,2025-05-10 10:39:56,13.2,,공통
b170_overload_r1,GA,163,BLK_89S,13,후면SAW,4,2025-05-10 12:16:35,2025-05-10 12:38:12,21.6,,공통
b170_overload_r1,GA,163,BLK_89S,13,NC,5,2025-05-10 13:00:33,2025-05-10 13:39:22,38.8,,공통
b170_overload_r1,GA,163,BLK_89S,13,베이36B 론지취부,6,2025-05-10 13:39:22,2025-05-10 14:48:07,68.8,36B,베이36B
b170_overload_r1,GA,163,BLK_89S,13,베이36B 론지용접,7,2025-05-10 14:48:07,2025-05-10 15:12:19,24.2,36B,베이36B
b170_overload_r1,GA,163,BLK_89S,13,베이36B 수정,8,2025-05-10 15:12:19,2025-05-10 15:54:07,41.8,36B,베이36B
b170_overload_r1,GA,53,BLK_53S,14,판계,1,2025-05-09 15:18:54,2025-05-09 15:57:24,38.5,,공통
b170_overload_r1,GA,53,BLK_53S,14,전면SAW,2,2025-05-10 10:26:44,2025-05-10 13:37:20,190.6,,공통
b170_overload_r1,GA,53,BLK_53S,14,TurnOver,3,2025-05-10 13:37:20,2025-05-10 13:50:32,13.2,,공통
b170_overload_r1,GA,53,BLK_53S,14,후면SAW,4,2025-05-10 13:50:32,2025-05-10 16:12:08,141.6,,공통
b170_overload_r1,GA,53,BLK_53S,14,NC,5,2025-05-10 16:12:08,2025-05-10 16:57:12,45.1,,공통
b170_overload_r1,GA,53,BLK_53S,14,베이35A 론지취부,6,2025-05-10 16:57:12,2025-05-10 17:50:33,53.4,35A,베이35A
b170_overload_r1,GA,53,BLK_53S,14,베이35A 론지용접,7,2025-05-10 17:50:33,2025-05-10 18:12:06,21.6,35A,베이35A
b170_overload_r1,GA,53,BLK_53S,14,베이35A 수정,8,2025-05-10 18:12:06,2025-05-10 18:44:14,32.1,35A,베이35A
b170_overload_r1,GA,18,BLK_18S,15,판계,1,2025-05-09 15:57:24,2025-05-09 16:30:24,33.0,,공통
b170_overload_r1,GA,18,BLK_18S,15,전면SAW,2,2025-05-10 13:37:20,2025-05-10 14:10:18,33.0,,공통
b170_overload_r1,GA,18,BLK_18S,15,TurnOver,3,2025-05-10 14:10:18,2025-05-10 14:23:30,13.2,,공통
b170_overload_r1,GA,18,BLK_18S,15,후면SAW,4,2025-05-10 16:12:08,2025-05-10 16:32:18,20.2,,공통
b170_overload_r1,GA,18,BLK_18S,15,NC,5,2025-05-10 16:57:12,2025-05-10 17:48:22,51.2,,공통
b170_overload_r1,GA,18,BLK_18S,15,베이36B 론지취부,6,2025-05-10 17:48:22,2025-05-10 19:04:49,76.5,36B,베이36B
b170_overload_r1,GA,18,BLK_18S,15,베이36B 론지용접,7,2025-05-10 19:04:49,2025-05-10 19:30:20,25.5,36B,베이36B
b170_overload_r1,GA,18,BLK_18S,15,베이36B 수정,8,2025-05-10 19:30:20,2025-05-10 20:16:59,46.6,36B,베이36B
b170_overload_r1,GA,54,BLK_54C,16,판계,1,2025-05-09 16:30:24,2025-05-09 17:06:42,36.3,,공통
b170_overload_r1,GA,54,BLK_54C,16,전면SAW,2,2025-05-10 14:10:18,2025-05-10 16:39:39,149.3,,공통
b170_overload_r1,GA,54,BLK_54C,16,TurnOver,3,2025-05-10 16:39:39,2025-05-10 16:52:51,13.2,,공통
b170_overload_r1,GA,54,BLK_54C,16,후면SAW,4,2025-05-10 16:52:51,2025-05-10 19:27:12,154.4,,공통
b170_overload_r1,GA,54,BLK_54C,16,NC,5,2025-05-10 19:27:12,2025-05-10 20:15:27,48.2,,공통
b170_overload_r1,GA,54,BLK_54C,16,베이36B 론지취부,6,2025-05-10 20:15:27,2025-05-10 21:55:00,99.6,36B,베이36B
b170_overload_r1,GA,54,BLK_54C,16,베이36B 론지용접,7,2025-05-10 21:55:00,2025-05-10 22:24:29,29.5,36B,베이36B
b170_overload_r1,GA,54,BLK_54C,16,베이36B 수정,8,2025-05-10 22:24:29,2025-05-10 23:25:38,61.2,36B,베이36B
b170_overload_r1,GA,3,BLK_3C,17,판계,1,2025-05-09 17:06:42,2025-05-09 17:28:42,22.0,,공통
b170_overload_r1,GA,3,BLK_3C,17,전면SAW,2,2025-05-10 16:39:39,2025-05-10 17:19:57,40.3,,공통
b170_overload_r1,GA,3,BLK_3C,17,TurnOver,3,2025-05-10 17:19:57,2025-05-10 17:33:09,13.2,,공통
b170_overload_r1,GA,3,BLK_3C,17,후면SAW,4,2025-05-10 19:27:12,2025-05-10 19:57:00,29.8,,공통
b170_overload_r1,GA,3,BLK_3C,17,NC,5,2025-05-10 20:15:27,2025-05-10 20:46:39,31.2,,공통
b170_overload_r1,GA,3,BLK_3C,17,베이35A 론지취부,6,2025-05-10 20:46:39,2025-05-10 21:36:09,49.5,35A,베이35A
b170_overload_r1,GA,3,BLK_3C,17,베이35A 론지용접,7,2025-05-10 21:36:09,2025-05-10 21:57:03,20.9,35A,베이35A
b170_overload_r1,GA,3,BLK_3C,17,베이35A 수정,8,2025-05-10 21:57:03,2025-05-10 22:26:45,29.7,35A,베이35A
b170_overload_r1,GA,4,BLK_4C,18,판계,1,2025-05-09 17:28:42,2025-05-09 18:01:42,33.0,,공통
b170_overload_r1,GA,4,BLK_4C,18,전면SAW,2,2025-05-10 17:19:57,2025-05-10 18:02:17,42.3,,공통
b170_overload_r1,GA,4,BLK_4C,18,TurnOver,3,2025-05-10 18:02:17,2025-05-10 18:15:29,13.2,,공통
b170_overload_r1,GA,4,BLK_4C,18,후면SAW,4,2025-05-10 19:57:00,2025-05-10 20:29:28,32.5,,공통
b170_overload_r1,GA,4,BLK_4C,18,NC,5,2025-05-10 20:46:39,2025-05-10 21:31:07,44.5,,공통
b170_overload_r1,GA,4,BLK_4C,18,베이36B 론지취부,6,2025-05-10 21:55:00,2025-05-10 23:23:00,88.0,36B,베이36B
b170_overload_r1,GA,4,BLK_4C,18,베이36B 론지용접,7,2025-05-10 23:23:00,2025-05-10 23:50:30,27.5,36B,베이36B
b170_overload_r1,GA,4,BLK_4C,18,베이36B 수정,8,2025-05-10 23:50:30,2025-05-11 00:44:24,53.9,36B,베이36B
b170_overload_r1,GA,106,BLK_106S,19,판계,1,2025-05-09 18:01:42,2025-05-09 18:34:42,33.0,,공통
b170_overload_r1,GA,106,BLK_106S,19,전면SAW,2,2025-05-10 18:02:17,2025-05-10 20:27:16,145.0,,공통
b170_overload_r1,GA,106,BLK_106S,19,TurnOver,3,2025-05-10 20:27:16,2025-05-10 20:40:28,13.2,,공통
b170_overload_r1,GA,106,BLK_106S,19,후면SAW,4,2025-05-10 20:40:28,2025-05-10 22:25:34,105.1,,공통
b170_overload_r1,GA,106,BLK_106S,19,NC,5,2025-05-10 22:25:34,2025-05-10 23:31:14,65.7,,공통
b170_overload_r1,GA,106,BLK_106S,19,베이36B 론지취부,6,2025-05-10 23:31:14,2025-05-11 00:43:50,72.6,36B,베이36B
b170_overload_r1,GA,106,BLK_106S,19,베이36B 론지용접,7,2025-05-11 00:43:50,2025-05-11 01:08:42,24.9,36B,베이36B
b170_overload_r1,GA,106,BLK_106S,19,베이36B 수정,8,2025-05-11 01:08:42,2025-05-11 01:52:55,44.2,36B,베이36B
b170_overload_r1,GA,7,BLK_7P,1,판계,1,2025-05-10 08:00:00,2025-05-10 08:27:30,27.5,,공통
b170_overload_r1,GA,7,BLK_7P,1,전면SAW,2,2025-05-10 20:27:16,2025-05-10 21:06:29,39.2,,공통
b170_overload_r1,GA,7,BLK_7P,1,TurnOver,3,2025-05-10 21:06:29,2025-05-10 21:19:41,13.2,,공통
b170_overload_r1,GA,7,BLK_7P,1,후면SAW,4,2025-05-10 22:25:34,2025-05-10 22:53:57,28.4,,공통
b170_overload_r1,GA,7,BLK_7P,1,NC,5,2025-05-10 23:31:14,2025-05-11 00:11:44,40.5,,공통
b170_overload_r1,GA,7,BLK_7P,1,베이35A 론지취부,6,2025-05-11 00:11:44,2025-05-11 01:39:44,88.0,35A,베이35A
b170_overload_r1,GA,7,BLK_7P,1,베이35A 론지용접,7,2025-05-11 01:39:44,2025-05-11 02:07:14,27.5,35A,베이35A
b170_overload_r1,GA,7,BLK_7P,1,베이35A 수정,8,2025-05-11 02:07:14,2025-05-11 03:01:08,53.9,35A,베이35A
b170_overload_r1,GA,8,BLK_8C,2,판계,1,2025-05-10 08:27:30,2025-05-10 09:06:00,38.5,,공통
b170_overload_r1,GA,8,BLK_8C,2,전면SAW,2,2025-05-10 21:06:29,2025-05-11 00:28:12,201.7,,공통
b170_overload_r1,GA,8,BLK_8C,2,TurnOver,3,2025-05-11 00:28:12,2025-05-11 00:41:24,13.2,,공통
b170_overload_r1,GA,8,BLK_8C,2,후면SAW,4,2025-05-11 00:41:24,2025-05-11 03:28:34,167.2,,공통
b170_overload_r1,GA,8,BLK_8C,2,NC,5,2025-05-11 03:28:34,2025-05-11 04:16:48,48.2,,공통
b170_overload_r1,GA,8,BLK_8C,2,베이36B 론지취부,6,2025-05-11 04:16:48,2025-05-11 05:10:09,53.4,36B,베이36B
b170_overload_r1,GA,8,BLK_8C,2,베이36B 론지용접,7,2025-05-11 05:10:09,2025-05-11 05:31:43,21.6,36B,베이36B
b170_overload_r1,GA,8,BLK_8C,2,베이36B 수정,8,2025-05-11 05:31:43,2025-05-11 06:03:50,32.1,36B,베이36B
b170_overload_r1,GA,11,BLK_11P,3,판계,1,2025-05-10 09:06:00,2025-05-10 09:28:00,22.0,,공통
b170_overload_r1,GA,11,BLK_11P,3,전면SAW,2,2025-05-11 00:28:12,2025-05-11 01:08:40,40.5,,공통
b170_overload_r1,GA,11,BLK_11P,3,TurnOver,3,2025-05-11 01:08:40,2025-05-11 01:21:52,13.2,,공통
b170_overload_r1,GA,11,BLK_11P,3,후면SAW,4,2025-05-11 03:28:34,2025-05-11 03:58:34,30.0,,공통
b170_overload_r1,GA,11,BLK_11P,3,NC,5,2025-05-11 04:16:48,2025-05-11 04:48:34,31.8,,공통
b170_overload_r1,GA,11,BLK_11P,3,베이35A 론지취부,6,2025-05-11 04:48:34,2025-05-11 05:57:19,68.8,35A,베이35A
b170_overload_r1,GA,11,BLK_11P,3,베이35A 론지용접,7,2025-05-11 05:57:19,2025-05-11 06:21:31,24.2,35A,베이35A
b170_overload_r1,GA,11,BLK_11P,3,베이35A 수정,8,2025-05-11 06:21:31,2025-05-11 07:03:19,41.8,35A,베이35A
b170_overload_r1,GA,12,BLK_12P,4,판계,1,2025-05-10 09:28:00,2025-05-10 09:55:30,27.5,,공통
b170_overload_r1,GA,12,BLK_12P,4,전면SAW,2,2025-05-11 01:08:40,2025-05-11 01:46:04,37.4,,공통
b170_overload_r1,GA,12,BLK_12P,4,TurnOver,3,2025-05-11 01:46:04,2025-05-11 01:59:16,13.2,,공통
b170_overload_r1,GA,12,BLK_12P,4,후면SAW,4,2025-05-11 03:58:34,2025-05-11 04:24:32,26.0,,공통
b170_overload_r1,GA,12,BLK_12P,4,NC,5,2025-05-11 04:48:34,2025-05-11 05:28:23,39.8,,공통
b170_overload_r1,GA,12,BLK_12P,4,베이36B 론지취부,6,2025-05-11 05:28:23,2025-05-11 06:33:17,64.9,36B,베이36B
b170_overload_r1,GA,12,BLK_12P,4,베이36B 론지용접,7,2025-05-11 06:33:17,2025-05-11 06:56:50,23.5,36B,베이36B
b170_overload_r1,GA,12,BLK_12P,4,베이36B 수정,8,2025-05-11 06:56:50,2025-05-11 07:36:12,39.4,36B,베이36B
b170_overload_r1,GA,16,BLK_16C,5,판계,1,2025-05-10 09:55:30,2025-05-10 10:08:42,13.2,,공통
b170_overload_r1,GA,16,BLK_16C,5,전면SAW,2,2025-05-11 01:46:04,2025-05-11 02:16:28,30.4,,공통
b170_overload_r1,GA,16,BLK_16C,5,TurnOver,3,2025-05-11 02:16:28,2025-05-11 02:29:40,13.2,,공통
b170_overload_r1,GA,16,BLK_16C,5,후면SAW,4,2025-05-11 04:24:32,2025-05-11 04:41:18,16.8,,공통
b170_overload_r1,GA,16,BLK_16C,5,NC,5,2025-05-11 05:28:23,2025-05-11 05:49:40,21.3,,공통
b170_overload_r1,GA,16,BLK_16C,5,베이35A 론지취부,6,2025-05-11 05:57:19,2025-05-11 06:27:34,30.3,35A,베이35A
b170_overload_r1,GA,16,BLK_16C,5,베이35A 론지용접,7,2025-05-11 06:27:34,2025-05-11 06:40:46,13.2,35A,베이35A
b170_overload_r1,GA,16,BLK_16C,5,베이35A 수정,8,2025-05-11 07:03:19,2025-05-11 07:20:55,17.6,35A,베이35A
b170_overload_r1,GA,19,BLK_19C,6,판계,1,2025-05-10 10:08:42,2025-05-10 10:45:00,36.3,,공통
b170_overload_r1,GA,19,BLK_19C,6,전면SAW,2,2025-05-11 02:16:28,2025-05-11 04:08:17,111.8,,공통
b170_overload_r1,GA,19,BLK_19C,6,TurnOver,3,2025-05-11 04:08:17,2025-05-11 04:21:29,13.2,,공통
b170_overload_r1,GA,19,BLK_19C,6,후면SAW,4,2025-05-11 04:41:18,2025-05-11 06:09:47,88.5,,공통
b170_overload_r1,GA,19,BLK_19C,6,NC,5,2025-05-11 06:09:47,2025-05-11 06:53:43,43.9,,공통
b170_overload_r1,GA,19,BLK_19C,6,베이36B 론지취부,6,2025-05-11 06:53:43,2025-05-11 08:02:28,68.8,36B,베이36B
b170_overload_r1,GA,19,BLK_19C,6,베이36B 론지용접,7,2025-05-11 08:02:28,2025-05-11 08:26:40,24.2,36B,베이36B
b170_overload_r1,GA,19,BLK_19C,6,베이36B 수정,8,2025-05-11 08:26:40,2025-05-11 09:08:28,41.8,36B,베이36B
b170_overload_r1,GA,22,BLK_22P,7,판계,1,2025-05-10 10:45:00,2025-05-10 11:07:00,22.0,,공통
b170_overload_r1,GA,22,BLK_22P,7,전면SAW,2,2025-05-11 04:08:17,2025-05-11 04:49:15,41.0,,공통
b170_overload_r1,GA,22,BLK_22P,7,TurnOver,3,2025-05-11 04:49:15,2025-05-11 05:02:27,13.2,,공통
b170_overload_r1,GA,22,BLK_22P,7,후면SAW,4,2025-05-11 06:09:47,2025-05-11 06:40:27,30.7,,공통
b170_overload_r1,GA,22,BLK_22P,7,NC,5,2025-05-11 06:53:43,2025-05-11 07:26:31,32.8,,공통
b170_overload_r1,GA,22,BLK_22P,7,베이35A 론지취부,6,2025-05-11 07:26:31,2025-05-11 08:19:52,53.4,35A,베이35A
b170_overload_r1,GA,22,BLK_22P,7,베이35A 론지용접,7,2025-05-11 08:19:52,2025-05-11 08:41:26,21.6,35A,베이35A
b170_overload_r1,GA,22,BLK_22P,7,베이35A 수정,8,2025-05-11 08:41:26,2025-05-11 09:13:33,32.1,35A,베이35A
b170_overload_r1,GA,24,BLK_24P,8,판계,1,2025-05-10 11:07:00,2025-05-10 11:45:30,38.5,,공통
b170_overload_r1,GA,24,BLK_24P,8,전면SAW,2,2025-05-11 04:49:15,2025-05-11 07:25:21,156.1,,공통
b170_overload_r1,GA,24,BLK_24P,8,TurnOver,3,2025-05-11 07:25:21,2025-05-11 07:38:33,13.2,,공통
b170_overload_r1,GA,24,BLK_24P,8,후면SAW,4,2025-05-11 07:38:33,2025-05-11 09:32:34,114.0,,공통
b170_overload_r1,GA,24,BLK_24P,8,NC,5,2025-05-11 09:32:34,2025-05-11 10:13:50,41.3,,공통
b170_overload_r1,GA,24,BLK_24P,8,베이36B 론지취부,6,2025-05-11 10:13:50,2025-05-11 11:07:11,53.4,36B,베이36B
b170_overload_r1,GA,24,BLK_24P,8,베이36B 론지용접,7,2025-05-11 11:07:11,2025-05-11 11:28:45,21.6,36B,베이36B
b170_overload_r1,GA,24,BLK_24P,8,베이36B 수정,8,2025-05-11 11:28:45,2025-05-11 12:00:52,32.1,36B,베이36B
b170_overload_r1,GA,26,BLK_26P,9,판계,1,2025-05-10 11:45:30,2025-05-10 12:07:30,22.0,,공통
b170_overload_r1,GA,26,BLK_26P,9,전면SAW,2,2025-05-11 07:25:21,2025-05-11 08:09:45,44.4,,공통
b170_overload_r1,GA,26,BLK_26P,9,TurnOver,3,2025-05-11 08:09:45,2025-05-11 08:22:57,13.2,,공통
b170_overload_r1,GA,26,BLK_26P,9,후면SAW,4,2025-05-11 09:32:34,2025-05-11 10:07:46,35.2,,공통
b170_overload_r1,GA,26,BLK_26P,9,NC,5,2025-05-11 10:13:50,2025-05-11 10:49:53,36.0,,공통
b170_overload_r1,GA,26,BLK_26P,9,베이35A 론지취부,6,2025-05-11 10:49:53,2025-05-11 12:02:29,72.6,35A,베이35A
b170_overload_r1,GA,26,BLK_26P,9,베이35A 론지용접,7,2025-05-11 12:02:29,2025-05-11 12:27:21,24.9,35A,베이35A
b170_overload_r1,GA,26,BLK_26P,9,베이35A 수정,8,2025-05-11 12:27:21,2025-05-11 13:11:34,44.2,35A,베이35A
b170_overload_r1,GA,74,BLK_74C,10,판계,1,2025-05-10 12:07:30,2025-05-10 12:51:30,44.0,,공통
b170_overload_r1,GA,74,BLK_74C,10,전면SAW,2,2025-05-11 08:09:45,2025-05-11 10:37:17,147.5,,공통
b170_overload_r1,GA,74,BLK_74C,10,TurnOver,3,2025-05-11 10:37:17,2025-05-11 10:50:29,13.2,,공통
b170_overload_r1,GA,74,BLK_74C,10,후면SAW,4,2025-05-11 10:50:29,2025-05-11 12:56:32,126.0,,공통
b170_overload_r1,GA,74,BLK_74C,10,NC,5,2025-05-11 12:56:32,2025-05-11 13:44:33,48.0,,공통
b170_overload_r1,GA,74,BLK_74C,10,베이36B 론지취부,6,2025-05-11 13:44:33,2025-05-11 14:57:09,72.6,36B,베이36B
b170_overload_r1,GA,74,BLK_74C,10,베이36B 론지용접,7,2025-05-11 14:57:09,2025-05-11 15:22:00,24.9,36B,베이36B
b170_overload_r1,GA,74,BLK_74C,10,베이36B 수정,8,2025-05-11 15:22:00,2025-05-11 16:06:13,44.2,36B,베이36B
b170_overload_r1,GA,58,BLK_58S,11,판계,1,2025-05-10 12:51:30,2025-05-10 13:35:30,44.0,,공통
b170_overload_r1,GA,58,BLK_58S,11,전면SAW,2,2025-05-11 10:37:17,2025-05-11 13:33:27,176.2,,공통
b170_overload_r1,GA,58,BLK_58S,11,TurnOver,3,2025-05-11 13:33:27,2025-05-11 13:46:39,13.2,,공통
b170_overload_r1,GA,58,BLK_58S,11,후면SAW,4,2025-05-11 13:46:39,2025-05-11 16:20:06,153.5,,공통
b170_overload_r1,GA,58,BLK_58S,11,NC,5,2025-05-11 16:20:06,2025-05-11 17:09:16,49.2,,공통
b170_overload_r1,GA,58,BLK_58S,11,베이35A 론지취부,6,2025-05-11 17:09:16,2025-05-11 18:10:19,61.1,35A,베이35A
b170_overload_r1,GA,58,BLK_58S,11,베이35A 론지용접,7,2025-05-11 18:10:19,2025-05-11 18:33:12,22.9,35A,베이35A
b170_overload_r1,GA,58,BLK_58S,11,베이35A 수정,8,2025-05-11 18:33:12,2025-05-11 19:10:10,37.0,35A,베이35A
b170_overload_r1,GA,72,BLK_72C,12,판계,1,2025-05-10 13:35:30,2025-05-10 14:06:18,30.8,,공통
b170_overload_r1,GA,72,BLK_72C,12,전면SAW,2,2025-05-11 13:33:27,2025-05-11 15:18:14,104.8,,공통
b170_overload_r1,GA,72,BLK_72C,12,TurnOver,3,2025-05-11 15:18:14,2025-05-11 15:31:26,13.2,,공통
b170_overload_r1,GA,72,BLK_72C,12,후면SAW,4,2025-05-11 16:20:06,2025-05-11 18:02:29,102.4,,공통
b170_overload_r1,GA,72,BLK_72C,12,NC,5,2025-05-11 18:02:29,2025-05-11 18:35:49,33.3,,공통
b170_overload_r1,GA,72,BLK_72C,12,베이36B 론지취부,6,2025-05-11 18:35:49,2025-05-11 19:35:58,60.1,36B,베이36B
b170_overload_r1,GA,72,BLK_72C,12,베이36B 론지용접,7,2025-05-11 19:35:58,2025-05-11 20:07:38,31.7,36B,베이36B
b170_overload_r1,GA,72,BLK_72C,12,베이36B 수정,8,2025-05-11 20:07:38,2025-05-11 20:20:24,12.8,36B,베이36B
b170_overload_r1,GA,82,BLK_82C,13,판계,1,2025-05-10 14:06:18,2025-05-10 14:19:30,13.2,,공통
b170_overload_r1,GA,82,BLK_82C,13,전면SAW,2,2025-05-11 15:18:14,2025-05-11 16:09:37,51.4,,공통
b170_overload_r1,GA,82,BLK_82C,13,TurnOver,3,2025-05-11 16:09:37,2025-05-11 16:22:49,13.2,,공통
b170_overload_r1,GA,82,BLK_82C,13,후면SAW,4,2025-05-11 18:02:29,2025-05-11 18:46:53,44.4,,공통
b170_overload_r1,GA,82,BLK_82C,13,NC,5,2025-05-11 18:46:53,2025-05-11 19:13:17,26.4,,공통
b170_overload_r1,GA,82,BLK_82C,13,베이35A 론지취부,6,2025-05-11 19:13:17,2025-05-11 19:58:56,45.7,35A,베이35A
b170_overload_r1,GA,82,BLK_82C,13,베이35A 론지용접,7,2025-05-11 19:58:56,2025-05-11 20:19:10,20.2,35A,베이35A
b170_overload_r1,GA,82,BLK_82C,13,베이35A 수정,8,2025-05-11 20:19:10,2025-05-11 20:46:27,27.3,35A,베이35A
b170_overload_r1,GA,92,BLK_92P,14,판계,1,2025-05-10 14:19:30,2025-05-10 14:47:00,27.5,,공통
b170_overload_r1,GA,92,BLK_92P,14,전면SAW,2,2025-05-11 16:09:37,2025-05-11 16:46:48,37.2,,공통
b170_overload_r1,GA,92,BLK_92P,14,TurnOver,3,2025-05-11 16:46:48,2025-05-11 17:00:00,13.2,,공통
b170_overload_r1,GA,92,BLK_92P,14,후면SAW,4,2025-05-11 18:46:53,2025-05-11 19:12:34,25.7,,공통
b170_overload_r1,GA,92,BLK_92P,14,NC,5,2025-05-11 19:13:17,2025-05-11 19:51:30,38.2,,공통
b170_overload_r1,GA,92,BLK_92P,14,베이36B 론지취부,6,2025-05-11 19:51:30,2025-05-11 21:00:15,68.8,36B,베이36B
b170_overload_r1,GA,92,BLK_92P,14,베이36B 론지용접,7,2025-05-11 21:00:15,2025-05-11 21:24:27,24.2,36B,베이36B
b170_overload_r1,GA,92,BLK_92P,14,베이36B 수정,8,2025-05-11 21:24:27,2025-05-11 22:06:15,41.8,36B,베이36B
b170_overload_r1,GA,44,BLK_44P,15,판계,1,2025-05-10 14:47:00,2025-05-10 15:20:00,33.0,,공통
b170_overload_r1,GA,44,BLK_44P,15,전면SAW,2,2025-05-11 16:46:48,2025-05-11 18:39:16,112.5,,공통
b170_overload_r1,GA,44,BLK_44P,15,TurnOver,3,2025-05-11 18:39:16,2025-05-11 18:52:28,13.2,,공통
b170_overload_r1,GA,44,BLK_44P,15,후면SAW,4,2025-05-11 19:12:34,2025-05-11 20:41:38,89.1,,공통
b170_overload_r1,GA,44,BLK_44P,15,NC,5,2025-05-11 20:41:38,2025-05-11 21:41:06,59.5,,공통
b170_overload_r1,GA,44,BLK_44P,15,베이35A 론지취부,6,2025-05-11 21:41:06,2025-05-11 23:20:39,99.6,35A,베이35A
b170_overload_r1,GA,44,BLK_44P,15,베이35A 론지용접,7,2025-05-11 23:20:39,2025-05-11 23:50:07,29.5,35A,베이35A
b170_overload_r1,GA,44,BLK_44P,15,베이35A 수정,8,2025-05-11 23:50:07,2025-05-12 00:51:17,61.2,35A,베이35A
b170_overload_r1,GA,34,BLK_34C,1,판계,1,2025-05-11 08:00:00,2025-05-11 08:27:30,27.5,,공통
b170_overload_r1,GA,34,BLK_34C,1,전면SAW,2,2025-05-11 18:39:16,2025-05-11 19:11:10,31.9,,공통
b170_overload_r1,GA,34,BLK_34C,1,TurnOver,3,2025-05-11 19:11:10,2025-05-11 19:24:22,13.2,,공통
b170_overload_r1,GA,34,BLK_34C,1,후면SAW,4,2025-05-11 20:41:38,2025-05-11 21:00:22,18.7,,공통
b170_overload_r1,GA,34,BLK_34C,1,NC,5,2025-05-11 21:41:06,2025-05-11 22:18:08,37.0,,공통
b170_overload_r1,GA,34,BLK_34C,1,베이36B 론지취부,6,2025-05-11 22:18:08,2025-05-11 23:11:29,53.4,36B,베이36B
b170_overload_r1,GA,34,BLK_34C,1,베이36B 론지용접,7,2025-05-11 23:11:29,2025-05-11 23:33:03,21.6,36B,베이36B
b170_overload_r1,GA,34,BLK_34C,1,베이36B 수정,8,2025-05-11 23:33:03,2025-05-12 00:05:10,32.1,36B,베이36B
b170_overload_r1,GA,126,BLK_126C,2,판계,1,2025-05-11 08:27:30,2025-05-11 08:57:12,29.7,,공통
b170_overload_r1,GA,126,BLK_126C,2,전면SAW,2,2025-05-11 19:11:10,2025-05-11 20:59:44,108.6,,공통
b170_overload_r1,GA,126,BLK_126C,2,TurnOver,3,2025-05-11 20:59:44,2025-05-11 21:12:56,13.2,,공통
b170_overload_r1,GA,126,BLK_126C,2,후면SAW,4,2025-05-11 21:12:56,2025-05-11 22:28:55,76.0,,공통
b170_overload_r1,GA,126,BLK_126C,2,NC,5,2025-05-11 22:28:55,2025-05-11 23:02:41,33.8,,공통
b170_overload_r1,GA,126,BLK_126C,2,베이35A 론지취부,6,2025-05-11 23:20:39,2025-05-12 00:06:18,45.7,35A,베이35A
b170_overload_r1,GA,126,BLK_126C,2,베이35A 론지용접,7,2025-05-12 00:06:18,2025-05-12 00:22:08,15.8,35A,베이35A
b170_overload_r1,GA,126,BLK_126C,2,베이35A 수정,8,2025-05-12 00:51:17,2025-05-12 01:18:34,27.3,35A,베이35A
b170_overload_r1,GA,62,BLK_62P,3,판계,1,2025-05-11 08:57:12,2025-05-11 09:30:12,33.0,,공통
b170_overload_r1,GA,62,BLK_62P,3,전면SAW,2,2025-05-11 20:59:44,2025-05-11 21:35:40,35.9,,공통
b170_overload_r1,GA,62,BLK_62P,3,TurnOver,3,2025-05-11 21:35:40,2025-05-11 21:48:52,13.2,,공통
b170_overload_r1,GA,62,BLK_62P,3,후면SAW,4,2025-05-11 22:28:55,2025-05-11 22:52:57,24.0,,공통
b170_overload_r1,GA,62,BLK_62P,3,NC,5,2025-05-11 23:02:41,2025-05-11 23:50:28,47.8,,공통
b170_overload_r1,GA,62,BLK_62P,3,베이36B 론지취부,6,2025-05-11 23:50:28,2025-05-12 01:30:01,99.6,36B,베이36B
b170_overload_r1,GA,62,BLK_62P,3,베이36B 론지용접,7,2025-05-12 01:30:01,2025-05-12 01:59:30,29.5,36B,베이36B
b170_overload_r1,GA,62,BLK_62P,3,베이36B 수정,8,2025-05-12 01:59:30,2025-05-12 03:00:39,61.2,36B,베이36B
b170_overload_r1,GA,122,BLK_122P,4,판계,1,2025-05-11 09:30:12,2025-05-11 10:06:30,36.3,,공통
b170_overload_r1,GA,122,BLK_122P,4,전면SAW,2,2025-05-11 21:35:40,2025-05-11 23:32:37,117.0,,공통
b170_overload_r1,GA,122,BLK_122P,4,TurnOver,3,2025-05-11 23:32:37,2025-05-11 23:45:49,13.2,,공통
b170_overload_r1,GA,122,BLK_122P,4,후면SAW,4,2025-05-11 23:45:49,2025-05-12 01:18:59,93.2,,공통
b170_overload_r1,GA,122,BLK_122P,4,NC,5,2025-05-12 01:18:59,2025-05-12 02:03:08,44.2,,공통
b170_overload_r1,GA,122,BLK_122P,4,베이35A 론지취부,6,2025-05-12 02:03:08,2025-05-12 03:11:53,68.8,35A,베이35A
b170_overload_r1,GA,122,BLK_122P,4,베이35A 론지용접,7,2025-05-12 03:11:53,2025-05-12 03:36:05,24.2,35A,베이35A
b170_overload_r1,GA,122,BLK_122P,4,베이35A 수정,8,2025-05-12 03:36:05,2025-05-12 04:17:53,41.8,35A,베이35A
b170_overload_r1,GA,156,BLK_156S,5,판계,1,2025-05-11 10:06:30,2025-05-11 10:39:30,33.0,,공통
b170_overload_r1,GA,156,BLK_156S,5,전면SAW,2,2025-05-11 23:32:37,2025-05-12 00:39:51,67.2,,공통
b170_overload_r1,GA,156,BLK_156S,5,TurnOver,3,2025-05-12 00:39:51,2025-05-12 00:53:03,13.2,,공통
b170_overload_r1,GA,156,BLK_156S,5,후면SAW,4,2025-05-12 01:18:59,2025-05-12 02:06:49,47.8,,공통
b170_overload_r1,GA,156,BLK_156S,5,NC,5,2025-05-12 02:06:49,2025-05-12 02:57:42,50.9,,공통
b170_overload_r1,GA,156,BLK_156S,5,베이36B 론지취부,6,2025-05-12 02:57:42,2025-05-12 03:54:54,57.2,36B,베이36B
b170_overload_r1,GA,156,BLK_156S,5,베이36B 론지용접,7,2025-05-12 03:54:54,2025-05-12 04:17:07,22.2,36B,베이36B
b170_overload_r1,GA,156,BLK_156S,5,베이36B 수정,8,2025-05-12 04:17:07,2025-05-12 04:51:39,34.5,36B,베이36B
b170_overload_r1,GA,23,BLK_23S,6,판계,1,2025-05-11 10:39:30,2025-05-11 11:07:00,27.5,,공통
b170_overload_r1,GA,23,BLK_23S,6,전면SAW,2,2025-05-12 00:39:51,2025-05-12 01:12:19,32.5,,공통
b170_overload_r1,GA,23,BLK_23S,6,TurnOver,3,2025-05-12 01:12:19,2025-05-12 01:25:31,13.2,,공통
b170_overload_r1,GA,23,BLK_23S,6,후면SAW,4,2025-05-12 02:06:49,2025-05-12 02:26:18,19.5,,공통
b170_overload_r1,GA,23,BLK_23S,6,NC,5,2025-05-12 02:57:42,2025-05-12 03:36:23,38.7,,공통
b170_overload_r1,GA,23,BLK_23S,6,베이35A 론지취부,6,2025-05-12 03:36:23,2025-05-12 04:56:41,80.3,35A,베이35A
b170_overload_r1,GA,23,BLK_23S,6,베이35A 론지용접,7,2025-05-12 04:56:41,2025-05-12 05:22:52,26.2,35A,베이35A
b170_overload_r1,GA,23,BLK_23S,6,베이35A 수정,8,2025-05-12 05:22:52,2025-05-12 06:11:55,49.1,35A,베이35A
b170_overload_r1,GA,112,BLK_112C,7,판계,1,2025-05-11 11:07:00,2025-05-11 11:43:18,36.3,,공통
b170_overload_r1,GA,112,BLK_112C,7,전면SAW,2,2025-05-12 01:12:19,2025-05-12 03:20:22,128.1,,공통
b170_overload_r1,GA,112,BLK_112C,7,TurnOver,3,2025-05-12 03:20:22,2025-05-12 03:33:34,13.2,,공통
b170_overload_r1,GA,112,BLK_112C,7,후면SAW,4,2025-05-12 03:33:34,2025-05-12 05:16:51,103.3,,공통
b170_overload_r1,GA,112,BLK_112C,7,NC,5,2025-05-12 05:16:51,2025-05-12 06:02:48,45.9,,공통
b170_overload_r1,GA,112,BLK_112C,7,베이36B 론지취부,6,2025-05-12 06:02:48,2025-05-12 07:15:24,72.6,36B,베이36B
b170_overload_r1,GA,112,BLK_112C,7,베이36B 론지용접,7,2025-05-12 07:15:24,2025-05-12 07:40:16,24.9,36B,베이36B
b170_overload_r1,GA,112,BLK_112C,7,베이36B 수정,8,2025-05-12 07:40:16,2025-05-12 08:24:29,44.2,36B,베이36B
b170_overload_r1,GA,20,BLK_20C,8,판계,1,2025-05-11 11:43:18,2025-05-11 11:56:30,13.2,,공통
b170_overload_r1,GA,20,BLK_20C,8,전면SAW,2,2025-05-12 03:20:22,2025-05-12 03:59:57,39.6,,공통
b170_overload_r1,GA,20,BLK_20C,8,TurnOver,3,2025-05-12 03:59:57,2025-05-12 04:13:09,13.2,,공통
b170_overload_r1,GA,20,BLK_20C,8,후면SAW,4,2025-05-12 05:16:51,2025-05-12 05:45:42,28.8,,공통
b170_overload_r1,GA,20,BLK_20C,8,NC,5,2025-05-12 06:02:48,2025-05-12 06:25:09,22.3,,공통
b170_overload_r1,GA,20,BLK_20C,8,베이35A 론지취부,6,2025-05-12 06:25:09,2025-05-12 06:47:42,22.6,35A,베이35A
b170_overload_r1,GA,20,BLK_20C,8,베이35A 론지용접,7,2025-05-12 06:47:42,2025-05-12 06:59:35,11.9,35A,베이35A
b170_overload_r1,GA,20,BLK_20C,8,베이35A 수정,8,2025-05-12 06:59:35,2025-05-12 07:12:20,12.8,35A,베이35A
b170_overload_r1,GA,15,BLK_15C,9,판계,1,2025-05-11 11:56:30,2025-05-11 12:09:42,13.2,,공통
b170_overload_r1,GA,15,BLK_15C,9,전면SAW,2,2025-05-12 03:59:57,2025-05-12 04:51:16,51.3,,공통
b170_overload_r1,GA,15,BLK_15C,9,TurnOver,3,2025-05-12 04:51:16,2025-05-12 05:04:28,13.2,,공통
b170_overload_r1,GA,15,BLK_15C,9,후면SAW,4,2025-05-12 05:45:42,2025-05-12 06:29:59,44.3,,공통
b170_overload_r1,GA,15,BLK_15C,9,NC,5,2025-05-12 06:29:59,2025-05-12 06:51:49,21.8,,공통
b170_overload_r1,GA,15,BLK_15C,9,베이36B 론지취부,6,2025-05-12 07:15:24,2025-05-12 07:57:12,41.8,36B,베이36B
b170_overload_r1,GA,15,BLK_15C,9,베이36B 론지용접,7,2025-05-12 07:57:12,2025-05-12 08:12:23,15.2,36B,베이36B
b170_overload_r1,GA,15,BLK_15C,9,베이36B 수정,8,2025-05-12 08:24:29,2025-05-12 08:49:21,24.9,36B,베이36B
b170_overload_r1,GA,28,BLK_28P,10,판계,1,2025-05-11 12:09:42,2025-05-11 12:42:42,33.0,,공통
b170_overload_r1,GA,28,BLK_28P,10,전면SAW,2,2025-05-12 04:51:16,2025-05-12 05:36:45,45.5,,공통
b170_overload_r1,GA,28,BLK_28P,10,TurnOver,3,2025-05-12 05:36:45,2025-05-12 05:49:57,13.2,,공통
b170_overload_r1,GA,28,BLK_28P,10,후면SAW,4,2025-05-12 06:29:59,2025-05-12 07:06:37,36.6,,공통
b170_overload_r1,GA,28,BLK_28P,10,NC,5,2025-05-12 07:06:37,2025-05-12 07:53:36,47.0,,공통
b170_overload_r1,GA,28,BLK_28P,10,베이35A 론지취부,6,2025-05-12 07:53:36,2025-05-12 09:06:12,72.6,35A,베이35A
b170_overload_r1,GA,28,BLK_28P,10,베이35A 론지용접,7,2025-05-12 09:06:12,2025-05-12 09:31:04,24.9,35A,베이35A
b170_overload_r1,GA,28,BLK_28P,10,베이35A 수정,8,2025-05-12 09:31:04,2025-05-12 10:15:17,44.2,35A,베이35A
b170_overload_r1,GA,32,BLK_32S,11,판계,1,2025-05-11 12:42:42,2025-05-11 13:15:42,33.0,,공통
b170_overload_r1,GA,32,BLK_32S,11,전면SAW,2,2025-05-12 05:36:45,2025-05-12 07:05:57,89.2,,공통
b170_overload_r1,GA,32,BLK_32S,11,TurnOver,3,2025-05-12 07:05:57,2025-05-12 07:19:09,13.2,,공통
b170_overload_r1,GA,32,BLK_32S,11,후면SAW,4,2025-05-12 07:19:09,2025-05-12 08:27:00,67.9,,공통
b170_overload_r1,GA,32,BLK_32S,11,NC,5,2025-05-12 08:27:00,2025-05-12 09:23:41,56.7,,공통
b170_overload_r1,GA,32,BLK_32S,11,베이36B 론지취부,6,2025-05-12 09:23:41,2025-05-12 10:47:50,84.2,36B,베이36B
b170_overload_r1,GA,32,BLK_32S,11,베이36B 론지용접,7,2025-05-12 10:47:50,2025-05-12 11:14:40,26.8,36B,베이36B
b170_overload_r1,GA,32,BLK_32S,11,베이36B 수정,8,2025-05-12 11:14:40,2025-05-12 12:06:09,51.5,36B,베이36B
b170_overload_r1,GA,43,BLK_43P,12,판계,1,2025-05-11 13:15:42,2025-05-11 13:52:00,36.3,,공통
b170_overload_r1,GA,43,BLK_43P,12,전면SAW,2,2025-05-12 07:05:57,2025-05-12 08:42:53,96.9,,공통
b170_overload_r1,GA,43,BLK_43P,12,TurnOver,3,2025-05-12 08:42:53,2025-05-12 08:56:05,13.2,,공통
b170_overload_r1,GA,43,BLK_43P,12,후면SAW,4,2025-05-12 08:56:05,2025-05-12 10:11:01,74.9,,공통
b170_overload_r1,GA,43,BLK_43P,12,NC,5,2025-05-12 10:11:01,2025-05-12 10:54:19,43.3,,공통
b170_overload_r1,GA,43,BLK_43P,12,베이35A 론지취부,6,2025-05-12 10:54:19,2025-05-12 11:43:49,49.5,35A,베이35A
b170_overload_r1,GA,43,BLK_43P,12,베이35A 론지용접,7,2025-05-12 11:43:49,2025-05-12 12:04:43,20.9,35A,베이35A
b170_overload_r1,GA,43,BLK_43P,12,베이35A 수정,8,2025-05-12 12:04:43,2025-05-12 12:34:25,29.7,35A,베이35A
b170_overload_r1,GA,59,BLK_59P,1,판계,1,2025-05-12 08:00:00,2025-05-12 08:49:30,49.5,,공통
b170_overload_r1,GA,59,BLK_59P,1,전면SAW,2,2025-05-12 08:49:30,2025-05-12 10:52:07,122.6,,공통
b170_overload_r1,GA,59,BLK_59P,1,TurnOver,3,2025-05-12 10:52:07,2025-05-12 11:05:19,13.2,,공통
b170_overload_r1,GA,59,BLK_59P,1,후면SAW,4,2025-05-12 11:05:19,2025-05-12 12:47:32,102.2,,공통
b170_overload_r1,GA,59,BLK_59P,1,NC,5,2025-05-12 12:47:32,2025-05-12 13:38:24,50.9,,공통
b170_overload_r1,GA,59,BLK_59P,1,베이36B 론지취부,6,2025-05-12 13:38:24,2025-05-12 14:16:21,38.0,36B,베이36B
b170_overload_r1,GA,59,BLK_59P,1,베이36B 론지용접,7,2025-05-12 14:16:21,2025-05-12 14:35:17,18.9,36B,베이36B
b170_overload_r1,GA,59,BLK_59P,1,베이36B 수정,8,2025-05-12 14:35:17,2025-05-12 14:57:43,22.4,36B,베이36B
b170_overload_r1,GA,67,BLK_67C,2,판계,1,2025-05-12 08:49:30,2025-05-12 09:22:30,33.0,,공통
b170_overload_r1,GA,67,BLK_67C,2,전면SAW,2,2025-05-12 10:52:07,2025-05-12 11:29:56,37.8,,공통
b170_overload_r1,GA,67,BLK_67C,2,TurnOver,3,2025-05-12 11:29:56,2025-05-12 11:43:08,13.2,,공통
b170_overload_r1,GA,67,BLK_67C,2,후면SAW,4,2025-05-12 12:47:32,2025-05-12 13:14:03,26.5,,공통
b170_overload_r1,GA,67,BLK_67C,2,NC,5,2025-05-12 13:38:24,2025-05-12 14:25:39,47.2,,공통
b170_overload_r1,GA,67,BLK_67C,2,베이35A 론지취부,6,2025-05-12 14:25:39,2025-05-12 16:05:12,99.6,35A,베이35A
b170_overload_r1,GA,67,BLK_67C,2,베이35A 론지용접,7,2025-05-12 16:05:12,2025-05-12 16:34:41,29.5,35A,베이35A
b170_overload_r1,GA,67,BLK_67C,2,베이35A 수정,8,2025-05-12 16:34:41,2025-05-12 17:35:51,61.2,35A,베이35A
b170_overload_r1,GA,68,BLK_68C,3,판계,1,2025-05-12 09:22:30,2025-05-12 09:55:30,33.0,,공통
b170_overload_r1,GA,68,BLK_68C,3,전면SAW,2,2025-05-12 11:29:56,2025-05-12 11:58:42,28.8,,공통
b170_overload_r1,GA,68,BLK_68C,3,TurnOver,3,2025-05-12 11:58:42,2025-05-12 12:11:54,13.2,,공통
b170_overload_r1,GA,68,BLK_68C,3,후면SAW,4,2025-05-12 13:14:03,2025-05-12 13:28:39,14.6,,공통
b170_overload_r1,GA,68,BLK_68C,3,NC,5,2025-05-12 14:25:39,2025-05-12 15:06:41,41.0,,공통
b170_overload_r1,GA,68,BLK_68C,3,베이36B 론지취부,6,2025-05-12 15:06:41,2025-05-12 15:56:11,49.5,36B,베이36B
b170_overload_r1,GA,68,BLK_68C,3,베이36B 론지용접,7,2025-05-12 15:56:11,2025-05-12 16:17:05,20.9,36B,베이36B
b170_overload_r1,GA,68,BLK_68C,3,베이36B 수정,8,2025-05-12 16:17:05,2025-05-12 16:46:47,29.7,36B,베이36B
b170_overload_r1,GA,77,BLK_77P,4,판계,1,2025-05-12 09:55:30,2025-05-12 10:37:18,41.8,,공통
b170_overload_r1,GA,77,BLK_77P,4,전면SAW,2,2025-05-12 11:58:42,2025-05-12 13:40:17,101.6,,공통
b170_overload_r1,GA,77,BLK_77P,4,TurnOver,3,2025-05-12 13:40:17,2025-05-12 13:53:29,13.2,,공통
b170_overload_r1,GA,77,BLK_77P,4,후면SAW,4,2025-05-12 13:53:29,2025-05-12 15:12:37,79.1,,공통
b170_overload_r1,GA,77,BLK_77P,4,NC,5,2025-05-12 15:12:37,2025-05-12 16:00:38,48.0,,공통
b170_overload_r1,GA,77,BLK_77P,4,베이35A 론지취부,6,2025-05-12 16:05:12,2025-05-12 17:29:21,84.2,35A,베이35A
b170_overload_r1,GA,77,BLK_77P,4,베이35A 론지용접,7,2025-05-12 17:29:21,2025-05-12 17:56:12,26.8,35A,베이35A
b170_overload_r1,GA,77,BLK_77P,4,베이35A 수정,8,2025-05-12 17:56:12,2025-05-12 18:47:40,51.5,35A,베이35A
b170_overload_r1,GA,78,BLK_78C,5,판계,1,2025-05-12 10:37:18,2025-05-12 11:10:18,33.0,,공통
b170_overload_r1,GA,78,BLK_78C,5,전면SAW,2,2025-05-12 13:40:17,2025-05-12 14:14:09,33.9,,공통
b170_overload_r1,GA,78,BLK_78C,5,TurnOver,3,2025-05-12 14:14:09,2025-05-12 14:27:21,13.2,,공통
b170_overload_r1,GA,78,BLK_78C,5,후면SAW,4,2025-05-12 15:12:37,2025-05-12 15:33:57,21.3,,공통
b170_overload_r1,GA,78,BLK_78C,5,NC,5,2025-05-12 16:00:38,2025-05-12 16:45:27,44.8,,공통
b170_overload_r1,GA,78,BLK_78C,5,베이36B 론지취부,6,2025-05-12 16:45:27,2025-05-12 18:09:36,84.2,36B,베이36B
b170_overload_r1,GA,78,BLK_78C,5,베이36B 론지용접,7,2025-05-12 18:09:36,2025-05-12 18:36:26,26.8,36B,베이36B
b170_overload_r1,GA,78,BLK_78C,5,베이36B 수정,8,2025-05-12 18:36:26,2025-05-12 19:27:55,51.5,36B,베이36B
b170_overload_r1,GA,85,BLK_85S,6,판계,1,2025-05-12 11:10:18,2025-05-12 11:43:18,33.0,,공통
b170_overload_r1,GA,85,BLK_85S,6,전면SAW,2,2025-05-12 14:14:09,2025-05-12 14:46:17,32.1,,공통
b170_overload_r1,GA,85,BLK_85S,6,TurnOver,3,2025-05-12 14:46:17,2025-05-12 14:59:29,13.2,,공통
b170_overload_r1,GA,85,BLK_85S,6,후면SAW,4,2025-05-12 15:33:57,2025-05-12 15:53:00,19.1,,공통
b170_overload_r1,GA,85,BLK_85S,6,NC,5,2025-05-12 16:45:27,2025-05-12 17:36:34,51.1,,공통
b170_overload_r1,GA,85,BLK_85S,6,베이35A 론지취부,6,2025-05-12 17:36:34,2025-05-12 18:22:13,45.7,35A,베이35A
b170_overload_r1,GA,85,BLK_85S,6,베이35A 론지용접,7,2025-05-12 18:22:13,2025-05-12 18:42:27,20.2,35A,베이35A
b170_overload_r1,GA,85,BLK_85S,6,베이35A 수정,8,2025-05-12 18:47:40,2025-05-12 19:14:57,27.3,35A,베이35A
b170_overload_r1,GA,98,BLK_98C,7,판계,1,2025-05-12 11:43:18,2025-05-12 12:25:06,41.8,,공통
b170_overload_r1,GA,98,BLK_98C,7,전면SAW,2,2025-05-12 14:46:17,2025-05-12 16:22:59,96.7,,공통
b170_overload_r1,GA,98,BLK_98C,7,TurnOver,3,2025-05-12 16:22:59,2025-05-12 16:36:11,13.2,,공통
b170_overload_r1,GA,98,BLK_98C,7,후면SAW,4,2025-05-12 16:36:11,2025-05-12 17:50:53,74.7,,공통
b170_overload_r1,GA,98,BLK_98C,7,NC,5,2025-05-12 17:50:53,2025-05-12 18:40:34,49.7,,공통
b170_overload_r1,GA,98,BLK_98C,7,베이36B 론지취부,6,2025-05-12 18:40:34,2025-05-12 19:45:28,64.9,36B,베이36B
b170_overload_r1,GA,98,BLK_98C,7,베이36B 론지용접,7,2025-05-12 19:45:28,2025-05-12 20:09:00,23.5,36B,베이36B
b170_overload_r1,GA,98,BLK_98C,7,베이36B 수정,8,2025-05-12 20:09:00,2025-05-12 20:48:23,39.4,36B,베이36B
b170_overload_r1,GA,87,BLK_87S,8,판계,1,2025-05-12 12:25:06,2025-05-12 12:58:06,33.0,,공통
b170_overload_r1,GA,87,BLK_87S,8,전면SAW,2,2025-05-12 16:22:59,2025-05-12 16:55:12,32.2,,공통
b170_overload_r1,GA,87,BLK_87S,8,TurnOver,3,2025-05-12 16:55:12,2025-05-12 17:08:24,13.2,,공통
b170_overload_r1,GA,87,BLK_87S,8,후면SAW,4,2025-05-12 17:50:53,2025-05-12 18:10:02,19.1,,공통
b170_overload_r1,GA,87,BLK_87S,8,NC,5,2025-05-12 18:40:34,2025-05-12 19:32:16,51.7,,공통
b170_overload_r1,GA,87,BLK_87S,8,베이35A 론지취부,6,2025-05-12 19:32:16,2025-05-12 21:15:40,103.4,35A,베이35A
b170_overload_r1,GA,87,BLK_87S,8,베이35A 론지용접,7,2025-05-12 21:15:40,2025-05-12 21:45:48,30.1,35A,베이35A
b170_overload_r1,GA,87,BLK_87S,8,베이35A 수정,8,2025-05-12 21:45:48,2025-05-12 22:49:23,63.6,35A,베이35A
b170_overload_r1,GA,88,BLK_88S,9,판계,1,2025-05-12 12:58:06,2025-05-12 13:42:06,44.0,,공통
b170_overload_r1,GA,88,BLK_88S,9,전면SAW,2,2025-05-12 16:55:12,2025-05-12 19:44:04,168.9,,공통
b170_overload_r1,GA,88,BLK_88S,9,TurnOver,3,2025-05-12 19:44:04,2025-05-12 19:57:16,13.2,,공통
b170_overload_r1,GA,88,BLK_88S,9,후면SAW,4,2025-05-12 19:57:16,2025-05-12 22:01:30,124.2,,공통
b170_overload_r1,GA,88,BLK_88S,9,NC,5,2025-05-12 22:01:30,2025-05-12 22:51:37,50.1,,공통
b170_overload_r1,GA,88,BLK_88S,9,베이36B 론지취부,6,2025-05-12 22:51:37,2025-05-13 00:15:46,84.2,36B,베이36B
b170_overload_r1,GA,88,BLK_88S,9,베이36B 론지용접,7,2025-05-13 00:15:46,2025-05-13 00:42:37,26.8,36B,베이36B
b170_overload_r1,GA,88,BLK_88S,9,베이36B 수정,8,2025-05-13 00:42:37,2025-05-13 01:34:05,51.5,36B,베이36B
b170_overload_r1,GA,75,BLK_75C,10,판계,1,2025-05-12 13:42:06,2025-05-12 14:23:54,41.8,,공통
b170_overload_r1,GA,75,BLK_75C,10,전면SAW,2,2025-05-12 19:44:04,2025-05-12 21:29:36,105.5,,공통
b170_overload_r1,GA,75,BLK_75C,10,TurnOver,3,2025-05-12 21:29:36,2025-05-12 21:42:48,13.2,,공통
b170_overload_r1,GA,75,BLK_75C,10,후면SAW,4,2025-05-12 22:01:30,2025-05-12 23:24:15,82.8,,공통
b170_overload_r1,GA,75,BLK_75C,10,NC,5,2025-05-12 23:24:15,2025-05-13 00:18:06,53.8,,공통
b170_overload_r1,GA,75,BLK_75C,10,베이35A 론지취부,6,2025-05-13 00:18:06,2025-05-13 02:05:21,107.3,35A,베이35A
b170_overload_r1,GA,75,BLK_75C,10,베이35A 론지용접,7,2025-05-13 02:05:21,2025-05-13 02:36:09,30.8,35A,베이35A
b170_overload_r1,GA,75,BLK_75C,10,베이35A 수정,8,2025-05-13 02:36:09,2025-05-13 03:42:09,66.0,35A,베이35A
b170_overload_r1,GA,115,BLK_115S,11,판계,1,2025-05-12 14:23:54,2025-05-12 14:56:54,33.0,,공통
b170_overload_r1,GA,115,BLK_115S,11,전면SAW,2,2025-05-12 21:29:36,2025-05-13 00:18:25,168.8,,공통
b170_overload_r1,GA,115,BLK_115S,11,TurnOver,3,2025-05-13 00:18:25,2025-05-13 00:31:37,13.2,,공통
b170_overload_r1,GA,115,BLK_115S,11,후면SAW,4,2025-05-13 00:31:37,2025-05-13 02:35:47,124.2,,공통
b170_overload_r1,GA,115,BLK_115S,11,NC,5,2025-05-13 02:35:47,2025-05-13 03:42:36,66.8,,공통
b170_overload_r1,GA,115,BLK_115S,11,베이36B 론지취부,6,2025-05-13 03:42:36,2025-05-13 05:26:00,103.4,36B,베이36B
b170_overload_r1,GA,115,BLK_115S,11,베이36B 론지용접,7,2025-05-13 05:26:00,2025-05-13 05:56:09,30.1,36B,베이36B
b170_overload_r1,GA,115,BLK_115S,11,베이36B 수정,8,2025-05-13 05:56:09,2025-05-13 06:59:43,63.6,36B,베이36B
b170_overload_r1,GA,109,BLK_109P,12,판계,1,2025-05-12 14:56:54,2025-05-12 15:18:54,22.0,,공통
b170_overload_r1,GA,109,BLK_109P,12,전면SAW,2,2025-05-13 00:18:25,2025-05-13 00:52:19,33.9,,공통
b170_overload_r1,GA,109,BLK_109P,12,TurnOver,3,2025-05-13 00:52:19,2025-05-13 01:05:31,13.2,,공통
b170_overload_r1,GA,109,BLK_109P,12,후면SAW,4,2025-05-13 02:35:47,2025-05-13 02:57:10,21.4,,공통
b170_overload_r1,GA,109,BLK_109P,12,NC,5,2025-05-13 03:42:36,2025-05-13 04:10:13,27.6,,공통
b170_overload_r1,GA,109,BLK_109P,12,베이35A 론지취부,6,2025-05-13 04:10:13,2025-05-13 04:40:28,30.3,35A,베이35A
b170_overload_r1,GA,109,BLK_109P,12,베이35A 론지용접,7,2025-05-13 04:40:28,2025-05-13 04:53:40,13.2,35A,베이35A
b170_overload_r1,GA,109,BLK_109P,12,베이35A 수정,8,2025-05-13 04:53:40,2025-05-13 05:11:16,17.6,35A,베이35A
b170_overload_r1,GA,99,BLK_99P,13,판계,1,2025-05-12 15:18:54,2025-05-12 16:08:24,49.5,,공통
b170_overload_r1,GA,99,BLK_99P,13,전면SAW,2,2025-05-13 00:52:19,2025-05-13 03:30:25,158.1,,공통
b170_overload_r1,GA,99,BLK_99P,13,TurnOver,3,2025-05-13 03:30:25,2025-05-13 03:43:37,13.2,,공통
b170_overload_r1,GA,99,BLK_99P,13,후면SAW,4,2025-05-13 03:43:37,2025-05-13 05:59:47,136.2,,공통
b170_overload_r1,GA,99,BLK_99P,13,NC,5,2025-05-13 05:59:47,2025-05-13 06:55:00,55.2,,공통
b170_overload_r1,GA,99,BLK_99P,13,베이36B 론지취부,6,2025-05-13 06:55:00,2025-05-13 08:03:45,68.8,36B,베이36B
b170_overload_r1,GA,99,BLK_99P,13,베이36B 론지용접,7,2025-05-13 08:03:45,2025-05-13 08:27:57,24.2,36B,베이36B
b170_overload_r1,GA,99,BLK_99P,13,베이36B 수정,8,2025-05-13 08:27:57,2025-05-13 09:09:45,41.8,36B,베이36B
b170_overload_r1,GA,36,BLK_36P,1,판계,1,2025-05-13 08:00:00,2025-05-13 08:27:30,27.5,,공통
b170_overload_r1,GA,36,BLK_36P,1,전면SAW,2,2025-05-13 08:27:30,2025-05-13 09:00:04,32.6,,공통
b170_overload_r1,GA,36,BLK_36P,1,TurnOver,3,2025-05-13 09:00:04,2025-05-13 09:13:16,13.2,,공통
b170_overload_r1,GA,36,BLK_36P,1,후면SAW,4,2025-05-13 09:13:16,2025-05-13 09:32:55,19.6,,공통
b170_overload_r1,GA,36,BLK_36P,1,NC,5,2025-05-13 09:32:55,2025-05-13 10:09:39,36.7,,공통
b170_overload_r1,GA,36,BLK_36P,1,베이35A 론지취부,6,2025-05-13 10:09:39,2025-05-13 11:03:00,53.4,35A,베이35A
b170_overload_r1,GA,36,BLK_36P,1,베이35A 론지용접,7,2025-05-13 11:03:00,2025-05-13 11:24:34,21.6,35A,베이35A
b170_overload_r1,GA,36,BLK_36P,1,베이35A 수정,8,2025-05-13 11:24:34,2025-05-13 11:56:41,32.1,35A,베이35A
b170_overload_r1,GA,139,BLK_139S,2,판계,1,2025-05-13 08:27:30,2025-05-13 09:24:42,57.2,,공통
b170_overload_r1,GA,139,BLK_139S,2,전면SAW,2,2025-05-13 09:24:42,2025-05-13 10:53:51,89.2,,공통
b170_overload_r1,GA,139,BLK_139S,2,TurnOver,3,2025-05-13 10:53:51,2025-05-13 11:07:03,13.2,,공통
b170_overload_r1,GA,139,BLK_139S,2,후면SAW,4,2025-05-13 11:07:03,2025-05-13 12:31:14,84.2,,공통
b170_overload_r1,GA,139,BLK_139S,2,NC,5,2025-05-13 12:31:14,2025-05-13 13:39:36,68.4,,공통
b170_overload_r1,GA,139,BLK_139S,2,베이36B 론지취부,6,2025-05-13 13:39:36,2025-05-13 15:19:09,99.6,36B,베이36B
b170_overload_r1,GA,139,BLK_139S,2,베이36B 론지용접,7,2025-05-13 15:19:09,2025-05-13 15:48:38,29.5,36B,베이36B
b170_overload_r1,GA,139,BLK_139S,2,베이36B 수정,8,2025-05-13 15:48:38,2025-05-13 16:49:48,61.2,36B,베이36B
b170_overload_r1,GA,31,BLK_31P,3,판계,1,2025-05-13 09:24:42,2025-05-13 09:52:12,27.5,,공통
b170_overload_r1,GA,31,BLK_31P,3,전면SAW,2,2025-05-13 10:53:51,2025-05-13 11:27:08,33.3,,공통
b170_overload_r1,GA,31,BLK_31P,3,TurnOver,3,2025-05-13 11:27:08,2025-05-13 11:40:20,13.2,,공통
b170_overload_r1,GA,31,BLK_31P,3,후면SAW,4,2025-05-13 12:31:14,2025-05-13 12:51:47,20.5,,공통
b170_overload_r1,GA,31,BLK_31P,3,NC,5,2025-05-13 13:39:36,2025-05-13 14:17:02,37.4,,공통
b170_overload_r1,GA,31,BLK_31P,3,베이35A 론지취부,6,2025-05-13 14:17:02,2025-05-13 15:18:05,61.1,35A,베이35A
b170_overload_r1,GA,31,BLK_31P,3,베이35A 론지용접,7,2025-05-13 15:18:05,2025-05-13 15:40:58,22.9,35A,베이35A
b170_overload_r1,GA,31,BLK_31P,3,베이35A 수정,8,2025-05-13 15:40:58,2025-05-13 16:17:56,37.0,35A,베이35A
b170_overload_r1,GA,35,BLK_35P,4,판계,1,2025-05-13 09:52:12,2025-05-13 10:14:12,22.0,,공통
b170_overload_r1,GA,35,BLK_35P,4,전면SAW,2,2025-05-13 11:27:08,2025-05-13 12:05:39,38.5,,공통
b170_overload_r1,GA,35,BLK_35P,4,TurnOver,3,2025-05-13 12:05:39,2025-05-13 12:18:51,13.2,,공통
b170_overload_r1,GA,35,BLK_35P,4,후면SAW,4,2025-05-13 12:51:47,2025-05-13 13:19:14,27.5,,공통
b170_overload_r1,GA,35,BLK_35P,4,NC,5,2025-05-13 14:17:02,2025-05-13 14:48:48,31.8,,공통
b170_overload_r1,GA,35,BLK_35P,4,베이36B 론지취부,6,2025-05-13 15:19:09,2025-05-13 16:24:03,64.9,36B,베이36B
b170_overload_r1,GA,35,BLK_35P,4,베이36B 론지용접,7,2025-05-13 16:24:03,2025-05-13 16:47:36,23.5,36B,베이36B
b170_overload_r1,GA,35,BLK_35P,4,베이36B 수정,8,2025-05-13 16:49:48,2025-05-13 17:29:11,39.4,36B,베이36B
b170_overload_r1,GA,125,BLK_125S,5,판계,1,2025-05-13 10:14:12,2025-05-13 11:03:42,49.5,,공통
b170_overload_r1,GA,125,BLK_125S,5,전면SAW,2,2025-05-13 12:05:39,2025-05-13 13:49:54,104.2,,공통
b170_overload_r1,GA,125,BLK_125S,5,TurnOver,3,2025-05-13 13:49:54,2025-05-13 14:03:06,13.2,,공통
b170_overload_r1,GA,125,BLK_125S,5,후면SAW,4,2025-05-13 14:03:06,2025-05-13 15:44:51,101.8,,공통
b170_overload_r1,GA,125,BLK_125S,5,NC,5,2025-05-13 15:44:51,2025-05-13 16:46:58,62.1,,공통
b170_overload_r1,GA,125,BLK_125S,5,베이35A 론지취부,6,2025-05-13 16:46:58,2025-05-13 18:07:16,80.3,35A,베이35A
b170_overload_r1,GA,125,BLK_125S,5,베이35A 론지용접,7,2025-05-13 18:07:16,2025-05-13 18:33:27,26.2,35A,베이35A
b170_overload_r1,GA,125,BLK_125S,5,베이35A 수정,8,2025-05-13 18:33:27,2025-05-13 19:22:31,49.1,35A,베이35A
b170_overload_r1,GA,38,BLK_38C,6,판계,1,2025-05-13 11:03:42,2025-05-13 11:36:42,33.0,,공통
b170_overload_r1,GA,38,BLK_38C,6,전면SAW,2,2025-05-13 13:49:54,2025-05-13 14:20:54,31.0,,공통
b170_overload_r1,GA,38,BLK_38C,6,TurnOver,3,2025-05-13 14:20:54,2025-05-13 14:34:06,13.2,,공통
b170_overload_r1,GA,38,BLK_38C,6,후면SAW,4,2025-05-13 15:44:51,2025-05-13 16:02:24,17.6,,공통
b170_overload_r1,GA,38,BLK_38C,6,NC,5,2025-05-13 16:46:58,2025-05-13 17:27:53,40.9,,공통
b170_overload_r1,GA,38,BLK_38C,6,베이36B 론지취부,6,2025-05-13 17:27:53,2025-05-13 18:28:56,61.1,36B,베이36B
b170_overload_r1,GA,38,BLK_38C,6,베이36B 론지용접,7,2025-05-13 18:28:56,2025-05-13 18:51:48,22.9,36B,베이36B
b170_overload_r1,GA,38,BLK_38C,6,베이36B 수정,8,2025-05-13 18:51:48,2025-05-13 19:28:46,37.0,36B,베이36B
b170_overload_r1,GA,160,BLK_160P,7,판계,1,2025-05-13 11:36:42,2025-05-13 12:13:00,36.3,,공통
b170_overload_r1,GA,160,BLK_160P,7,전면SAW,2,2025-05-13 14:20:54,2025-05-13 16:11:23,110.5,,공통
b170_overload_r1,GA,160,BLK_160P,7,TurnOver,3,2025-05-13 16:11:23,2025-05-13 16:24:35,13.2,,공통
b170_overload_r1,GA,160,BLK_160P,7,후면SAW,4,2025-05-13 16:24:35,2025-05-13 17:51:51,87.3,,공통
b170_overload_r1,GA,160,BLK_160P,7,NC,5,2025-05-13 17:51:51,2025-05-13 18:37:31,45.7,,공통
b170_overload_r1,GA,160,BLK_160P,7,베이35A 론지취부,6,2025-05-13 18:37:31,2025-05-13 19:57:49,80.3,35A,베이35A
b170_overload_r1,GA,160,BLK_160P,7,베이35A 론지용접,7,2025-05-13 19:57:49,2025-05-13 20:24:00,26.2,35A,베이35A
b170_overload_r1,GA,160,BLK_160P,7,베이35A 수정,8,2025-05-13 20:24:00,2025-05-13 21:13:04,49.1,35A,베이35A
b170_overload_r1,GA,46,BLK_46S,8,판계,1,2025-05-13 12:13:00,2025-05-13 12:46:00,33.0,,공통
b170_overload_r1,GA,46,BLK_46S,8,전면SAW,2,2025-05-13 16:11:23,2025-05-13 16:43:32,32.2,,공통
b170_overload_r1,GA,46,BLK_46S,8,TurnOver,3,2025-05-13 16:43:32,2025-05-13 16:56:44,13.2,,공통
b170_overload_r1,GA,46,BLK_46S,8,후면SAW,4,2025-05-13 17:51:51,2025-05-13 18:10:55,19.1,,공통
b170_overload_r1,GA,46,BLK_46S,8,NC,5,2025-05-13 18:37:31,2025-05-13 19:29:04,51.5,,공통
b170_overload_r1,GA,46,BLK_46S,8,베이36B 론지취부,6,2025-05-13 19:29:04,2025-05-13 20:57:04,88.0,36B,베이36B
b170_overload_r1,GA,46,BLK_46S,8,베이36B 론지용접,7,2025-05-13 20:57:04,2025-05-13 21:24:34,27.5,36B,베이36B
b170_overload_r1,GA,46,BLK_46S,8,베이36B 수정,8,2025-05-13 21:24:34,2025-05-13 22:18:28,53.9,36B,베이36B
b170_overload_r1,GA,47,BLK_47C,9,판계,1,2025-05-13 12:46:00,2025-05-13 13:08:00,22.0,,공통
b170_overload_r1,GA,47,BLK_47C,9,전면SAW,2,2025-05-13 16:43:32,2025-05-13 17:18:48,35.3,,공통
b170_overload_r1,GA,47,BLK_47C,9,TurnOver,3,2025-05-13 17:18:48,2025-05-13 17:32:00,13.2,,공통
b170_overload_r1,GA,47,BLK_47C,9,후면SAW,4,2025-05-13 18:10:55,2025-05-13 18:34:05,23.2,,공통
b170_overload_r1,GA,47,BLK_47C,9,NC,5,2025-05-13 19:29:04,2025-05-13 20:00:18,31.2,,공통
b170_overload_r1,GA,47,BLK_47C,9,베이35A 론지취부,6,2025-05-13 20:00:18,2025-05-13 20:45:57,45.7,35A,베이35A
b170_overload_r1,GA,47,BLK_47C,9,베이35A 론지용접,7,2025-05-13 20:45:57,2025-05-13 21:06:11,20.2,35A,베이35A
b170_overload_r1,GA,47,BLK_47C,9,베이35A 수정,8,2025-05-13 21:13:04,2025-05-13 21:40:20,27.3,35A,베이35A
b170_overload_r1,GA,27,BLK_27C,10,판계,1,2025-05-13 13:08:00,2025-05-13 13:41:00,33.0,,공통
b170_overload_r1,GA,27,BLK_27C,10,전면SAW,2,2025-05-13 17:18:48,2025-05-13 18:08:24,49.6,,공통
b170_overload_r1,GA,27,BLK_27C,10,TurnOver,3,2025-05-13 18:08:24,2025-05-13 18:21:36,13.2,,공통
b170_overload_r1,GA,27,BLK_27C,10,후면SAW,4,2025-05-13 18:34:05,2025-05-13 19:16:07,42.0,,공통
b170_overload_r1,GA,27,BLK_27C,10,NC,5,2025-05-13 20:00:18,2025-05-13 20:49:11,48.9,,공통
b170_overload_r1,GA,27,BLK_27C,10,베이36B 론지취부,6,2025-05-13 20:57:04,2025-05-13 22:09:40,72.6,36B,베이36B
b170_overload_r1,GA,27,BLK_27C,10,베이36B 론지용접,7,2025-05-13 22:09:40,2025-05-13 22:34:31,24.9,36B,베이36B
b170_overload_r1,GA,27,BLK_27C,10,베이36B 수정,8,2025-05-13 22:34:31,2025-05-13 23:18:45,44.2,36B,베이36B
b170_overload_r1,GA,48,BLK_48P,11,판계,1,2025-05-13 13:41:00,2025-05-13 14:14:00,33.0,,공통
b170_overload_r1,GA,48,BLK_48P,11,전면SAW,2,2025-05-13 18:08:24,2025-05-13 20:44:33,156.2,,공통
b170_overload_r1,GA,48,BLK_48P,11,TurnOver,3,2025-05-13 20:44:33,2025-05-13 20:57:45,13.2,,공통
b170_overload_r1,GA,48,BLK_48P,11,후면SAW,4,2025-05-13 20:57:45,2025-05-13 22:51:49,114.1,,공통
b170_overload_r1,GA,48,BLK_48P,11,NC,5,2025-05-13 22:51:49,2025-05-13 23:55:24,63.6,,공통
b170_overload_r1,GA,48,BLK_48P,11,베이35A 론지취부,6,2025-05-13 23:55:24,2025-05-14 01:00:18,64.9,35A,베이35A
b170_overload_r1,GA,48,BLK_48P,11,베이35A 론지용접,7,2025-05-14 01:00:18,2025-05-14 01:23:50,23.5,35A,베이35A
b170_overload_r1,GA,48,BLK_48P,11,베이35A 수정,8,2025-05-14 01:23:50,2025-05-14 02:03:13,39.4,35A,베이35A
b170_overload_r1,GA,83,BLK_83C,12,판계,1,2025-05-13 14:14:00,2025-05-13 14:47:00,33.0,,공통
b170_overload_r1,GA,83,BLK_83C,12,전면SAW,2,2025-05-13 20:44:33,2025-05-13 21:17:35,33.0,,공통
b170_overload_r1,GA,83,BLK_83C,12,TurnOver,3,2025-05-13 21:17:35,2025-05-13 21:30:47,13.2,,공통
b170_overload_r1,GA,83,BLK_83C,12,후면SAW,4,2025-05-13 22:51:49,2025-05-13 23:12:03,20.2,,공통
b170_overload_r1,GA,83,BLK_83C,12,NC,5,2025-05-13 23:55:24,2025-05-14 00:39:24,44.0,,공통
b170_overload_r1,GA,83,BLK_83C,12,베이36B 론지취부,6,2025-05-14 00:39:24,2025-05-14 01:55:51,76.5,36B,베이36B
b170_overload_r1,GA,83,BLK_83C,12,베이36B 론지용접,7,2025-05-14 01:55:51,2025-05-14 02:21:22,25.5,36B,베이36B
b170_overload_r1,GA,83,BLK_83C,12,베이36B 수정,8,2025-05-14 02:21:22,2025-05-14 03:08:00,46.6,36B,베이36B
b170_overload_r1,GA,131,BLK_131P,13,판계,1,2025-05-13 14:47:00,2025-05-13 15:23:18,36.3,,공통
b170_overload_r1,GA,131,BLK_131P,13,전면SAW,2,2025-05-13 21:17:35,2025-05-13 23:23:06,125.5,,공통
b170_overload_r1,GA,131,BLK_131P,13,TurnOver,3,2025-05-13 23:23:06,2025-05-13 23:36:18,13.2,,공통
b170_overload_r1,GA,131,BLK_131P,13,후면SAW,4,2025-05-13 23:36:18,2025-05-14 01:42:51,126.6,,공통
b170_overload_r1,GA,131,BLK_131P,13,NC,5,2025-05-14 01:42:51,2025-05-14 02:28:40,45.8,,공통
b170_overload_r1,GA,131,BLK_131P,13,베이35A 론지취부,6,2025-05-14 02:28:40,2025-05-14 04:08:13,99.6,35A,베이35A
b170_overload_r1,GA,131,BLK_131P,13,베이35A 론지용접,7,2025-05-14 04:08:13,2025-05-14 04:37:41,29.5,35A,베이35A
b170_overload_r1,GA,131,BLK_131P,13,베이35A 수정,8,2025-05-14 04:37:41,2025-05-14 05:38:51,61.2,35A,베이35A
b170_overload_r1,GA,50,BLK_50S,14,판계,1,2025-05-13 15:23:18,2025-05-13 15:50:48,27.5,,공통
b170_overload_r1,GA,50,BLK_50S,14,전면SAW,2,2025-05-13 23:23:06,2025-05-13 23:59:08,36.0,,공통
b170_overload_r1,GA,50,BLK_50S,14,TurnOver,3,2025-05-13 23:59:08,2025-05-14 00:12:20,13.2,,공통
b170_overload_r1,GA,50,BLK_50S,14,후면SAW,4,2025-05-14 01:42:51,2025-05-14 02:07:01,24.2,,공통
b170_overload_r1,GA,50,BLK_50S,14,NC,5,2025-05-14 02:28:40,2025-05-14 03:07:08,38.5,,공통
b170_overload_r1,GA,50,BLK_50S,14,베이36B 론지취부,6,2025-05-14 03:07:08,2025-05-14 04:12:02,64.9,36B,베이36B
b170_overload_r1,GA,50,BLK_50S,14,베이36B 론지용접,7,2025-05-14 04:12:02,2025-05-14 04:35:35,23.5,36B,베이36B
b170_overload_r1,GA,50,BLK_50S,14,베이36B 수정,8,2025-05-14 04:35:35,2025-05-14 05:14:57,39.4,36B,베이36B
b170_overload_r1,GA,51,BLK_51C,15,판계,1,2025-05-13 15:50:48,2025-05-13 16:18:18,27.5,,공통
b170_overload_r1,GA,51,BLK_51C,15,전면SAW,2,2025-05-13 23:59:08,2025-05-14 00:36:27,37.3,,공통
b170_overload_r1,GA,51,BLK_51C,15,TurnOver,3,2025-05-14 00:36:27,2025-05-14 00:49:39,13.2,,공통
b170_overload_r1,GA,51,BLK_51C,15,후면SAW,4,2025-05-14 02:07:01,2025-05-14 02:32:54,25.9,,공통
b170_overload_r1,GA,51,BLK_51C,15,NC,5,2025-05-14 03:07:08,2025-05-14 03:45:48,38.7,,공통
b170_overload_r1,GA,51,BLK_51C,15,베이35A 론지취부,6,2025-05-14 04:08:13,2025-05-14 05:05:25,57.2,35A,베이35A
b170_overload_r1,GA,51,BLK_51C,15,베이35A 론지용접,7,2025-05-14 05:05:25,2025-05-14 05:27:38,22.2,35A,베이35A
b170_overload_r1,GA,51,BLK_51C,15,베이35A 수정,8,2025-05-14 05:38:51,2025-05-14 06:13:23,34.5,35A,베이35A
b170_overload_r1,GA,52,BLK_52P,16,판계,1,2025-05-13 16:18:18,2025-05-13 16:31:30,13.2,,공통
b170_overload_r1,GA,52,BLK_52P,16,전면SAW,2,2025-05-14 00:36:27,2025-05-14 01:16:54,40.5,,공통
b170_overload_r1,GA,52,BLK_52P,16,TurnOver,3,2025-05-14 01:16:54,2025-05-14 01:30:06,13.2,,공통
b170_overload_r1,GA,52,BLK_52P,16,후면SAW,4,2025-05-14 02:32:54,2025-05-14 03:02:54,30.0,,공통
b170_overload_r1,GA,52,BLK_52P,16,NC,5,2025-05-14 03:45:48,2025-05-14 04:08:19,22.5,,공통
b170_overload_r1,GA,52,BLK_52P,16,베이36B 론지취부,6,2025-05-14 04:12:02,2025-05-14 04:30:44,18.7,36B,베이36B
b170_overload_r1,GA,52,BLK_52P,16,베이36B 론지용접,7,2025-05-14 04:35:35,2025-05-14 04:46:48,11.2,36B,베이36B
b170_overload_r1,GA,52,BLK_52P,16,베이36B 수정,8,2025-05-14 05:14:57,2025-05-14 05:25:18,10.3,36B,베이36B
b170_overload_r1,GA,55,BLK_55P,17,판계,1,2025-05-13 16:31:30,2025-05-13 16:59:00,27.5,,공통
b170_overload_r1,GA,55,BLK_55P,17,전면SAW,2,2025-05-14 01:16:54,2025-05-14 02:06:50,49.9,,공통
b170_overload_r1,GA,55,BLK_55P,17,TurnOver,3,2025-05-14 02:06:50,2025-05-14 02:20:02,13.2,,공통
b170_overload_r1,GA,55,BLK_55P,17,후면SAW,4,2025-05-14 03:02:54,2025-05-14 03:45:22,42.5,,공통
b170_overload_r1,GA,55,BLK_55P,17,NC,5,2025-05-14 04:08:19,2025-05-14 04:44:39,36.3,,공통
b170_overload_r1,GA,55,BLK_55P,17,베이35A 론지취부,6,2025-05-14 05:05:25,2025-05-14 06:14:10,68.8,35A,베이35A
b170_overload_r1,GA,55,BLK_55P,17,베이35A 론지용접,7,2025-05-14 06:14:10,2025-05-14 06:38:22,24.2,35A,베이35A
b170_overload_r1,GA,55,BLK_55P,17,베이35A 수정,8,2025-05-14 06:38:22,2025-05-14 07:20:10,41.8,35A,베이35A
b170_overload_r1,GA,73,BLK_73C,18,판계,1,2025-05-13 16:59:00,2025-05-13 17:32:00,33.0,,공통
b170_overload_r1,GA,73,BLK_73C,18,전면SAW,2,2025-05-14 02:06:50,2025-05-14 04:32:41,145.8,,공통
b170_overload_r1,GA,73,BLK_73C,18,TurnOver,3,2025-05-14 04:32:41,2025-05-14 04:45:53,13.2,,공통
b170_overload_r1,GA,73,BLK_73C,18,후면SAW,4,2025-05-14 04:45:53,2025-05-14 06:31:42,105.8,,공통
b170_overload_r1,GA,73,BLK_73C,18,NC,5,2025-05-14 06:31:42,2025-05-14 07:38:45,67.1,,공통
b170_overload_r1,GA,73,BLK_73C,18,베이36B 론지취부,6,2025-05-14 07:38:45,2025-05-14 09:22:09,103.4,36B,베이36B
b170_overload_r1,GA,73,BLK_73C,18,베이36B 론지용접,7,2025-05-14 09:22:09,2025-05-14 09:52:17,30.1,36B,베이36B
b170_overload_r1,GA,73,BLK_73C,18,베이36B 수정,8,2025-05-14 09:52:17,2025-05-14 10:55:52,63.6,36B,베이36B
b170_overload_r1,GA,60,BLK_60S,1,판계,1,2025-05-14 08:00:00,2025-05-14 08:13:12,13.2,,공통
b170_overload_r1,GA,60,BLK_60S,1,전면SAW,2,2025-05-14 08:13:12,2025-05-14 09:02:16,49.1,,공통
b170_overload_r1,GA,60,BLK_60S,1,TurnOver,3,2025-05-14 09:02:16,2025-05-14 09:15:28,13.2,,공통
b170_overload_r1,GA,60,BLK_60S,1,후면SAW,4,2025-05-14 09:15:28,2025-05-14 09:56:48,41.3,,공통
b170_overload_r1,GA,60,BLK_60S,1,NC,5,2025-05-14 09:56:48,2025-05-14 10:20:09,23.4,,공통
b170_overload_r1,GA,60,BLK_60S,1,베이35A 론지취부,6,2025-05-14 10:20:09,2025-05-14 10:58:06,38.0,35A,베이35A
b170_overload_r1,GA,60,BLK_60S,1,베이35A 론지용접,7,2025-05-14 10:58:06,2025-05-14 11:12:37,14.5,35A,베이35A
b170_overload_r1,GA,60,BLK_60S,1,베이35A 수정,8,2025-05-14 11:12:37,2025-05-14 11:35:04,22.4,35A,베이35A
b170_overload_r1,GA,63,BLK_63P,2,판계,1,2025-05-14 08:13:12,2025-05-14 08:26:24,13.2,,공통
b170_overload_r1,GA,63,BLK_63P,2,전면SAW,2,2025-05-14 09:02:16,2025-05-14 09:32:38,30.4,,공통
b170_overload_r1,GA,63,BLK_63P,2,TurnOver,3,2025-05-14 09:32:38,2025-05-14 09:45:50,13.2,,공통
b170_overload_r1,GA,63,BLK_63P,2,후면SAW,4,2025-05-14 09:56:48,2025-05-14 10:13:31,16.7,,공통
b170_overload_r1,GA,63,BLK_63P,2,NC,5,2025-05-14 10:20:09,2025-05-14 10:41:29,21.3,,공통
b170_overload_r1,GA,63,BLK_63P,2,베이36B 론지취부,6,2025-05-14 10:41:29,2025-05-14 11:07:53,26.4,36B,베이36B
b170_overload_r1,GA,63,BLK_63P,2,베이36B 론지용접,7,2025-05-14 11:07:53,2025-05-14 11:20:25,12.5,36B,베이36B
b170_overload_r1,GA,63,BLK_63P,2,베이36B 수정,8,2025-05-14 11:20:25,2025-05-14 11:35:36,15.2,36B,베이36B
b170_overload_r1,GA,64,BLK_64S,3,판계,1,2025-05-14 08:26:24,2025-05-14 09:02:42,36.3,,공통
b170_overload_r1,GA,64,BLK_64S,3,전면SAW,2,2025-05-14 09:32:38,2025-05-14 11:46:27,133.8,,공통
b170_overload_r1,GA,64,BLK_64S,3,TurnOver,3,2025-05-14 11:46:27,2025-05-14 11:59:39,13.2,,공통
b170_overload_r1,GA,64,BLK_64S,3,후면SAW,4,2025-05-14 11:59:39,2025-05-14 13:48:12,108.5,,공통
b170_overload_r1,GA,64,BLK_64S,3,NC,5,2025-05-14 13:48:12,2025-05-14 14:34:24,46.2,,공통
b170_overload_r1,GA,64,BLK_64S,3,베이35A 론지취부,6,2025-05-14 14:34:24,2025-05-14 15:54:42,80.3,35A,베이35A
b170_overload_r1,GA,64,BLK_64S,3,베이35A 론지용접,7,2025-05-14 15:54:42,2025-05-14 16:20:53,26.2,35A,베이35A
b170_overload_r1,GA,64,BLK_64S,3,베이35A 수정,8,2025-05-14 16:20:53,2025-05-14 17:09:56,49.1,35A,베이35A
b170_overload_r1,GA,70,BLK_70C,4,판계,1,2025-05-14 09:02:42,2025-05-14 09:15:54,13.2,,공통
b170_overload_r1,GA,70,BLK_70C,4,전면SAW,2,2025-05-14 11:46:27,2025-05-14 12:39:57,53.5,,공통
b170_overload_r1,GA,70,BLK_70C,4,TurnOver,3,2025-05-14 12:39:57,2025-05-14 12:53:09,13.2,,공통
b170_overload_r1,GA,70,BLK_70C,4,후면SAW,4,2025-05-14 13:48:12,2025-05-14 14:35:23,47.2,,공통
b170_overload_r1,GA,70,BLK_70C,4,NC,5,2025-05-14 14:35:23,2025-05-14 15:00:54,25.5,,공통
b170_overload_r1,GA,70,BLK_70C,4,베이36B 론지취부,6,2025-05-14 15:00:54,2025-05-14 15:50:24,49.5,36B,베이36B
b170_overload_r1,GA,70,BLK_70C,4,베이36B 론지용접,7,2025-05-14 15:50:24,2025-05-14 16:11:18,20.9,36B,베이36B
b170_overload_r1,GA,70,BLK_70C,4,베이36B 수정,8,2025-05-14 16:11:18,2025-05-14 16:41:00,29.7,36B,베이36B
b170_overload_r1,GA,71,BLK_71C,5,판계,1,2025-05-14 09:15:54,2025-05-14 09:57:42,41.8,,공통
b170_overload_r1,GA,71,BLK_71C,5,전면SAW,2,2025-05-14 12:39:57,2025-05-14 14:43:17,123.3,,공통
b170_overload_r1,GA,71,BLK_71C,5,TurnOver,3,2025-05-14 14:43:17,2025-05-14 14:56:29,13.2,,공통
b170_overload_r1,GA,71,BLK_71C,5,후면SAW,4,2025-05-14 14:56:29,2025-05-14 17:00:30,124.0,,공통
b170_overload_r1,GA,71,BLK_71C,5,NC,5,2025-05-14 17:00:30,2025-05-14 17:56:23,55.9,,공통
b170_overload_r1,GA,71,BLK_71C,5,베이36B 론지취부,6,2025-05-14 17:56:23,2025-05-14 20:02:53,126.5,36B,베이36B
b170_overload_r1,GA,71,BLK_71C,5,베이36B 론지용접,7,2025-05-14 20:02:53,2025-05-14 20:36:59,34.1,36B,베이36B
b170_overload_r1,GA,71,BLK_71C,5,베이36B 수정,8,2025-05-14 20:36:59,2025-05-14 21:55:05,78.1,36B,베이36B
b170_overload_r1,GA,102,BLK_102C,6,판계,1,2025-05-14 09:57:42,2025-05-14 10:19:42,22.0,,공통
b170_overload_r1,GA,102,BLK_102C,6,전면SAW,2,2025-05-14 14:43:17,2025-05-14 15:18:52,35.6,,공통
b170_overload_r1,GA,102,BLK_102C,6,TurnOver,3,2025-05-14 15:18:52,2025-05-14 15:32:04,13.2,,공통
b170_overload_r1,GA,102,BLK_102C,6,후면SAW,4,2025-05-14 17:00:30,2025-05-14 17:24:04,23.6,,공통
b170_overload_r1,GA,102,BLK_102C,6,NC,5,2025-05-14 17:56:23,2025-05-14 18:27:07,30.7,,공통
b170_overload_r1,GA,102,BLK_102C,6,베이35A 론지취부,6,2025-05-14 18:27:07,2025-05-14 19:16:37,49.5,35A,베이35A
b170_overload_r1,GA,102,BLK_102C,6,베이35A 론지용접,7,2025-05-14 19:16:37,2025-05-14 19:37:31,20.9,35A,베이35A
b170_overload_r1,GA,102,BLK_102C,6,베이35A 수정,8,2025-05-14 19:37:31,2025-05-14 20:07:13,29.7,35A,베이35A
b170_overload_r1,GA,80,BLK_80C,7,판계,1,2025-05-14 10:19:42,2025-05-14 10:56:00,36.3,,공통
b170_overload_r1,GA,80,BLK_80C,7,전면SAW,2,2025-05-14 15:18:52,2025-05-14 17:04:39,105.8,,공통
b170_overload_r1,GA,80,BLK_80C,7,TurnOver,3,2025-05-14 17:04:39,2025-05-14 17:17:51,13.2,,공통
b170_overload_r1,GA,80,BLK_80C,7,후면SAW,4,2025-05-14 17:24:04,2025-05-14 18:47:03,83.0,,공통
b170_overload_r1,GA,80,BLK_80C,7,NC,5,2025-05-14 18:47:03,2025-05-14 19:29:30,42.5,,공통
b170_overload_r1,GA,80,BLK_80C,7,베이36B 론지취부,6,2025-05-14 20:02:53,2025-05-14 20:52:23,49.5,36B,베이36B
b170_overload_r1,GA,80,BLK_80C,7,베이36B 론지용접,7,2025-05-14 20:52:23,2025-05-14 21:13:17,20.9,36B,베이36B
b170_overload_r1,GA,80,BLK_80C,7,베이36B 수정,8,2025-05-14 21:55:05,2025-05-14 22:24:47,29.7,36B,베이36B
b170_overload_r1,GA,157,BLK_157S,8,판계,1,2025-05-14 10:56:00,2025-05-14 11:23:30,27.5,,공통
b170_overload_r1,GA,157,BLK_157S,8,전면SAW,2,2025-05-14 17:04:39,2025-05-14 17:40:38,36.0,,공통
b170_overload_r1,GA,157,BLK_157S,8,TurnOver,3,2025-05-14 17:40:38,2025-05-14 17:53:50,13.2,,공통
b170_overload_r1,GA,157,BLK_157S,8,후면SAW,4,2025-05-14 18:47:03,2025-05-14 19:11:10,24.1,,공통
b170_overload_r1,GA,157,BLK_157S,8,NC,5,2025-05-14 19:29:30,2025-05-14 20:07:51,38.3,,공통
b170_overload_r1,GA,157,BLK_157S,8,베이35A 론지취부,6,2025-05-14 20:07:51,2025-05-14 21:05:03,57.2,35A,베이35A
b170_overload_r1,GA,157,BLK_157S,8,베이35A 론지용접,7,2025-05-14 21:05:03,2025-05-14 21:27:16,22.2,35A,베이35A
b170_overload_r1,GA,157,BLK_157S,8,베이35A 수정,8,2025-05-14 21:27:16,2025-05-14 22:01:49,34.5,35A,베이35A
b170_overload_r1,GA,81,BLK_81C,9,판계,1,2025-05-14 11:23:30,2025-05-14 11:53:12,29.7,,공통
b170_overload_r1,GA,81,BLK_81C,9,전면SAW,2,2025-05-14 17:40:38,2025-05-14 20:13:54,153.3,,공통
b170_overload_r1,GA,81,BLK_81C,9,TurnOver,3,2025-05-14 20:13:54,2025-05-14 20:27:06,13.2,,공통
b170_overload_r1,GA,81,BLK_81C,9,후면SAW,4,2025-05-14 20:27:06,2025-05-14 22:18:50,111.7,,공통
b170_overload_r1,GA,81,BLK_81C,9,NC,5,2025-05-14 22:18:50,2025-05-14 22:54:09,35.3,,공통
b170_overload_r1,GA,81,BLK_81C,9,베이36B 론지취부,6,2025-05-14 22:54:09,2025-05-14 23:51:21,57.2,36B,베이36B
b170_overload_r1,GA,81,BLK_81C,9,베이36B 론지용접,7,2025-05-14 23:51:21,2025-05-15 00:13:34,22.2,36B,베이36B
b170_overload_r1,GA,81,BLK_81C,9,베이36B 수정,8,2025-05-15 00:13:34,2025-05-15 00:48:07,34.5,36B,베이36B
b170_overload_r1,GA,130,BLK_130C,10,판계,1,2025-05-14 11:53:12,2025-05-14 12:20:42,27.5,,공통
b170_overload_r1,GA,130,BLK_130C,10,전면SAW,2,2025-05-14 20:13:54,2025-05-14 20:50:58,37.1,,공통
b170_overload_r1,GA,130,BLK_130C,10,TurnOver,3,2025-05-14 20:50:58,2025-05-14 21:04:10,13.2,,공통
b170_overload_r1,GA,130,BLK_130C,10,후면SAW,4,2025-05-14 22:18:50,2025-05-14 22:44:23,25.5,,공통
b170_overload_r1,GA,130,BLK_130C,10,NC,5,2025-05-14 22:54:09,2025-05-14 23:31:38,37.5,,공통
b170_overload_r1,GA,130,BLK_130C,10,베이35A 론지취부,6,2025-05-14 23:31:38,2025-05-15 00:01:53,30.3,35A,베이35A
b170_overload_r1,GA,130,BLK_130C,10,베이35A 론지용접,7,2025-05-15 00:01:53,2025-05-15 00:19:29,17.6,35A,베이35A
b170_overload_r1,GA,130,BLK_130C,10,베이35A 수정,8,2025-05-15 00:19:29,2025-05-15 00:37:05,17.6,35A,베이35A
b170_overload_r1,GA,84,BLK_84C,11,판계,1,2025-05-14 12:20:42,2025-05-14 12:53:42,33.0,,공통
b170_overload_r1,GA,84,BLK_84C,11,전면SAW,2,2025-05-14 20:50:58,2025-05-14 23:40:31,169.5,,공통
b170_overload_r1,GA,84,BLK_84C,11,TurnOver,3,2025-05-14 23:40:31,2025-05-14 23:53:43,13.2,,공통
b170_overload_r1,GA,84,BLK_84C,11,후면SAW,4,2025-05-14 23:53:43,2025-05-15 01:55:42,122.0,,공통
b170_overload_r1,GA,84,BLK_84C,11,NC,5,2025-05-15 01:55:42,2025-05-15 03:07:43,72.0,,공통
b170_overload_r1,GA,84,BLK_84C,11,베이36B 론지취부,6,2025-05-15 03:07:43,2025-05-15 05:14:13,126.5,36B,베이36B
b170_overload_r1,GA,84,BLK_84C,11,베이36B 론지용접,7,2025-05-15 05:14:13,2025-05-15 05:48:19,34.1,36B,베이36B
b170_overload_r1,GA,84,BLK_84C,11,베이36B 수정,8,2025-05-15 05:48:19,2025-05-15 07:06:25,78.1,36B,베이36B
b170_overload_r1,GA,90,BLK_90S,12,판계,1,2025-05-14 12:53:42,2025-05-14 13:21:12,27.5,,공통
b170_overload_r1,GA,90,BLK_90S,12,전면SAW,2,2025-05-14 23:40:31,2025-05-15 00:19:44,39.2,,공통
b170_overload_r1,GA,90,BLK_90S,12,TurnOver,3,2025-05-15 00:19:44,2025-05-15 00:32:56,13.2,,공통
b170_overload_r1,GA,90,BLK_90S,12,후면SAW,4,2025-05-15 01:55:42,2025-05-15 02:24:04,28.4,,공통
b170_overload_r1,GA,90,BLK_90S,12,NC,5,2025-05-15 03:07:43,2025-05-15 03:46:32,38.8,,공통
b170_overload_r1,GA,90,BLK_90S,12,베이35A 론지취부,6,2025-05-15 03:46:32,2025-05-15 05:10:41,84.2,35A,베이35A
b170_overload_r1,GA,90,BLK_90S,12,베이35A 론지용접,7,2025-05-15 05:10:41,2025-05-15 05:37:31,26.8,35A,베이35A
b170_overload_r1,GA,90,BLK_90S,12,베이35A 수정,8,2025-05-15 05:37:31,2025-05-15 06:29:00,51.5,35A,베이35A
b170_overload_r1,GA,91,BLK_91P,13,판계,1,2025-05-14 13:21:12,2025-05-14 13:52:00,30.8,,공통
b170_overload_r1,GA,91,BLK_91P,13,전면SAW,2,2025-05-15 00:19:44,2025-05-15 02:43:02,143.3,,공통
b170_overload_r1,GA,91,BLK_91P,13,TurnOver,3,2025-05-15 02:43:02,2025-05-15 02:56:14,13.2,,공통
b170_overload_r1,GA,91,BLK_91P,13,후면SAW,4,2025-05-15 02:56:14,2025-05-15 04:53:25,117.2,,공통
b170_overload_r1,GA,91,BLK_91P,13,NC,5,2025-05-15 04:53:25,2025-05-15 05:31:28,38.1,,공통
b170_overload_r1,GA,91,BLK_91P,13,베이36B 론지취부,6,2025-05-15 05:31:28,2025-05-15 06:32:31,61.1,36B,베이36B
b170_overload_r1,GA,91,BLK_91P,13,베이36B 론지용접,7,2025-05-15 06:32:31,2025-05-15 06:55:24,22.9,36B,베이36B
b170_overload_r1,GA,91,BLK_91P,13,베이36B 수정,8,2025-05-15 07:06:25,2025-05-15 07:43:23,37.0,36B,베이36B
b170_overload_r1,GA,121,BLK_121C,14,판계,1,2025-05-14 13:52:00,2025-05-14 14:25:00,33.0,,공통
b170_overload_r1,GA,121,BLK_121C,14,전면SAW,2,2025-05-15 02:43:02,2025-05-15 03:19:03,36.0,,공통
b170_overload_r1,GA,121,BLK_121C,14,TurnOver,3,2025-05-15 03:19:03,2025-05-15 03:32:15,13.2,,공통
b170_overload_r1,GA,121,BLK_121C,14,후면SAW,4,2025-05-15 04:53:25,2025-05-15 05:17:35,24.2,,공통
b170_overload_r1,GA,121,BLK_121C,14,NC,5,2025-05-15 05:31:28,2025-05-15 06:20:25,49.0,,공통
b170_overload_r1,GA,121,BLK_121C,14,베이35A 론지취부,6,2025-05-15 06:20:25,2025-05-15 08:03:49,103.4,35A,베이35A
b170_overload_r1,GA,121,BLK_121C,14,베이35A 론지용접,7,2025-05-15 08:03:49,2025-05-15 08:33:58,30.1,35A,베이35A
b170_overload_r1,GA,121,BLK_121C,14,베이35A 수정,8,2025-05-15 08:33:58,2025-05-15 09:37:32,63.6,35A,베이35A
b170_overload_r1,GA,94,BLK_94C,15,판계,1,2025-05-14 14:25:00,2025-05-14 15:06:48,41.8,,공통
b170_overload_r1,GA,94,BLK_94C,15,전면SAW,2,2025-05-15 03:19:03,2025-05-15 05:24:40,125.6,,공통
b170_overload_r1,GA,94,BLK_94C,15,TurnOver,3,2025-05-15 05:24:40,2025-05-15 05:37:52,13.2,,공통
b170_overload_r1,GA,94,BLK_94C,15,후면SAW,4,2025-05-15 05:37:52,2025-05-15 07:18:56,101.1,,공통
b170_overload_r1,GA,94,BLK_94C,15,NC,5,2025-05-15 07:18:56,2025-05-15 08:12:18,53.4,,공통
b170_overload_r1,GA,94,BLK_94C,15,베이36B 론지취부,6,2025-05-15 08:12:18,2025-05-15 09:51:51,99.6,36B,베이36B
b170_overload_r1,GA,94,BLK_94C,15,베이36B 론지용접,7,2025-05-15 09:51:51,2025-05-15 10:21:20,29.5,36B,베이36B
b170_overload_r1,GA,94,BLK_94C,15,베이36B 수정,8,2025-05-15 10:21:20,2025-05-15 11:22:29,61.2,36B,베이36B
b170_overload_r1,GA,95,BLK_95C,16,판계,1,2025-05-14 15:06:48,2025-05-14 15:39:48,33.0,,공통
b170_overload_r1,GA,95,BLK_95C,16,전면SAW,2,2025-05-15 05:24:40,2025-05-15 06:00:14,35.6,,공통
b170_overload_r1,GA,95,BLK_95C,16,TurnOver,3,2025-05-15 06:00:14,2025-05-15 06:13:26,13.2,,공통
b170_overload_r1,GA,95,BLK_95C,16,후면SAW,4,2025-05-15 07:18:56,2025-05-15 07:42:29,23.6,,공통
b170_overload_r1,GA,95,BLK_95C,16,NC,5,2025-05-15 08:12:18,2025-05-15 08:59:18,47.0,,공통
b170_overload_r1,GA,95,BLK_95C,16,베이35A 론지취부,6,2025-05-15 08:59:18,2025-05-15 10:11:54,72.6,35A,베이35A
b170_overload_r1,GA,95,BLK_95C,16,베이35A 론지용접,7,2025-05-15 10:11:54,2025-05-15 10:36:45,24.9,35A,베이35A
b170_overload_r1,GA,95,BLK_95C,16,베이35A 수정,8,2025-05-15 10:36:45,2025-05-15 11:20:58,44.2,35A,베이35A
b170_overload_r1,GA,97,BLK_97C,17,판계,1,2025-05-14 15:39:48,2025-05-14 16:29:18,49.5,,공통
b170_overload_r1,GA,97,BLK_97C,17,전면SAW,2,2025-05-15 06:00:14,2025-05-15 06:44:26,44.2,,공통
b170_overload_r1,GA,97,BLK_97C,17,TurnOver,3,2025-05-15 06:44:26,2025-05-15 06:57:38,13.2,,공통
b170_overload_r1,GA,97,BLK_97C,17,후면SAW,4,2025-05-15 07:42:29,2025-05-15 08:17:25,34.9,,공통
b170_overload_r1,GA,97,BLK_97C,17,NC,5,2025-05-15 08:59:18,2025-05-15 10:00:07,60.8,,공통
b170_overload_r1,GA,97,BLK_97C,17,베이36B 론지취부,6,2025-05-15 10:00:07,2025-05-15 11:58:55,118.8,36B,베이36B
b170_overload_r1,GA,97,BLK_97C,17,베이36B 론지용접,7,2025-05-15 11:58:55,2025-05-15 12:31:42,32.8,36B,베이36B
b170_overload_r1,GA,97,BLK_97C,17,베이36B 수정,8,2025-05-15 12:31:42,2025-05-15 13:44:58,73.3,36B,베이36B
b170_overload_r1,GA,100,BLK_100S,18,판계,1,2025-05-14 16:29:18,2025-05-14 17:07:48,38.5,,공통
b170_overload_r1,GA,100,BLK_100S,18,전면SAW,2,2025-05-15 06:44:26,2025-05-15 09:01:42,137.3,,공통
b170_overload_r1,GA,100,BLK_100S,18,TurnOver,3,2025-05-15 09:01:42,2025-05-15 09:14:54,13.2,,공통
b170_overload_r1,GA,100,BLK_100S,18,후면SAW,4,2025-05-15 09:14:54,2025-05-15 10:53:50,98.9,,공통
b170_overload_r1,GA,100,BLK_100S,18,NC,5,2025-05-15 10:53:50,2025-05-15 11:32:42,38.9,,공통
b170_overload_r1,GA,100,BLK_100S,18,베이35A 론지취부,6,2025-05-15 11:32:42,2025-05-15 12:14:30,41.8,35A,베이35A
b170_overload_r1,GA,100,BLK_100S,18,베이35A 론지용접,7,2025-05-15 12:14:30,2025-05-15 12:29:41,15.2,35A,베이35A
b170_overload_r1,GA,100,BLK_100S,18,베이35A 수정,8,2025-05-15 12:29:41,2025-05-15 12:54:32,24.9,35A,베이35A
b170_overload_r1,GA,101,BLK_101P,19,판계,1,2025-05-14 17:07:48,2025-05-14 17:40:48,33.0,,공통
b170_overload_r1,GA,101,BLK_101P,19,전면SAW,2,2025-05-15 09:01:42,2025-05-15 09:44:31,42.8,,공통
b170_overload_r1,GA,101,BLK_101P,19,TurnOver,3,2025-05-15 09:44:31,2025-05-15 09:57:43,13.2,,공통
b170_overload_r1,GA,101,BLK_101P,19,후면SAW,4,2025-05-15 10:53:50,2025-05-15 11:26:56,33.1,,공통
b170_overload_r1,GA,101,BLK_101P,19,NC,5,2025-05-15 11:32:42,2025-05-15 12:15:53,43.2,,공통
b170_overload_r1,GA,101,BLK_101P,19,베이36B 론지취부,6,2025-05-15 12:15:53,2025-05-15 13:05:23,49.5,36B,베이36B
b170_overload_r1,GA,101,BLK_101P,19,베이36B 론지용접,7,2025-05-15 13:05:23,2025-05-15 13:26:17,20.9,36B,베이36B
b170_overload_r1,GA,101,BLK_101P,19,베이36B 수정,8,2025-05-15 13:44:58,2025-05-15 14:14:40,29.7,36B,베이36B
b170_overload_r1,GA,103,BLK_103C,20,판계,1,2025-05-14 17:40:48,2025-05-14 18:30:18,49.5,,공통
b170_overload_r1,GA,103,BLK_103C,20,전면SAW,2,2025-05-15 09:44:31,2025-05-15 12:39:40,175.2,,공통
b170_overload_r1,GA,103,BLK_103C,20,TurnOver,3,2025-05-15 12:39:40,2025-05-15 12:52:52,13.2,,공통
b170_overload_r1,GA,103,BLK_103C,20,후면SAW,4,2025-05-15 12:52:52,2025-05-15 15:02:07,129.2,,공통
b170_overload_r1,GA,103,BLK_103C,20,NC,5,2025-05-15 15:02:07,2025-05-15 16:01:05,59.0,,공통
b170_overload_r1,GA,103,BLK_103C,20,베이35A 론지취부,6,2025-05-15 16:01:05,2025-05-15 17:25:14,84.2,35A,베이35A
b170_overload_r1,GA,103,BLK_103C,20,베이35A 론지용접,7,2025-05-15 17:25:14,2025-05-15 17:52:04,26.8,35A,베이35A
b170_overload_r1,GA,103,BLK_103C,20,베이35A 수정,8,2025-05-15 17:52:04,2025-05-15 18:43:33,51.5,35A,베이35A
b170_overload_r1,GA,104,BLK_104C,1,판계,1,2025-05-15 08:00:00,2025-05-15 08:44:00,44.0,,공통
b170_overload_r1,GA,104,BLK_104C,1,전면SAW,2,2025-05-15 12:39:40,2025-05-15 15:32:29,172.8,,공통
b170_overload_r1,GA,104,BLK_104C,1,TurnOver,3,2025-05-15 15:32:29,2025-05-15 15:45:41,13.2,,공통
b170_overload_r1,GA,104,BLK_104C,1,후면SAW,4,2025-05-15 15:45:41,2025-05-15 18:06:54,141.2,,공통
b170_overload_r1,GA,104,BLK_104C,1,NC,5,2025-05-15 18:06:54,2025-05-15 19:03:50,56.9,,공통
b170_overload_r1,GA,104,BLK_104C,1,베이36B 론지취부,6,2025-05-15 19:03:50,2025-05-15 20:20:17,76.5,36B,베이36B
b170_overload_r1,GA,104,BLK_104C,1,베이36B 론지용접,7,2025-05-15 20:20:17,2025-05-15 20:45:49,25.5,36B,베이36B
b170_overload_r1,GA,104,BLK_104C,1,베이36B 수정,8,2025-05-15 20:45:49,2025-05-15 21:32:27,46.6,36B,베이36B
b170_overload_r1,GA,105,BLK_105C,2,판계,1,2025-05-15 08:44:00,2025-05-15 09:17:00,33.0,,공통
b170_overload_r1,GA,105,BLK_105C,2,전면SAW,2,2025-05-15 15:32:29,2025-05-15 16:06:46,34.3,,공통
b170_overload_r1,GA,105,BLK_105C,2,TurnOver,3,2025-05-15 16:06:46,2025-05-15 16:19:58,13.2,,공통
b170_overload_r1,GA,105,BLK_105C,2,후면SAW,4,2025-05-15 18:06:54,2025-05-15 18:28:47,21.9,,공통
b170_overload_r1,GA,105,BLK_105C,2,NC,5,2025-05-15 19:03:50,2025-05-15 19:55:52,52.0,,공통
b170_overload_r1,GA,105,BLK_105C,2,베이36B 론지취부,6,2025-05-15 20:20:17,2025-05-15 21:36:44,76.5,36B,베이36B
b170_overload_r1,GA,105,BLK_105C,2,베이36B 론지용접,7,2025-05-15 21:36:44,2025-05-15 22:02:16,25.5,36B,베이36B
b170_overload_r1,GA,105,BLK_105C,2,베이36B 수정,8,2025-05-15 22:02:16,2025-05-15 22:48:54,46.6,36B,베이36B
b170_overload_r1,GA,107,BLK_107C,3,판계,1,2025-05-15 09:17:00,2025-05-15 09:50:00,33.0,,공통
b170_overload_r1,GA,107,BLK_107C,3,전면SAW,2,2025-05-15 16:06:46,2025-05-15 16:41:08,34.4,,공통
b170_overload_r1,GA,107,BLK_107C,3,TurnOver,3,2025-05-15 16:41:08,2025-05-15 16:54:20,13.2,,공통
b170_overload_r1,GA,107,BLK_107C,3,후면SAW,4,2025-05-15 18:28:47,2025-05-15 18:50:46,22.0,,공통
b170_overload_r1,GA,107,BLK_107C,3,NC,5,2025-05-15 19:55:52,2025-05-15 20:41:09,45.3,,공통
b170_overload_r1,GA,107,BLK_107C,3,베이35A 론지취부,6,2025-05-15 20:41:09,2025-05-15 21:38:21,57.2,35A,베이35A
b170_overload_r1,GA,107,BLK_107C,3,베이35A 론지용접,7,2025-05-15 21:38:21,2025-05-15 22:00:34,22.2,35A,베이35A
b170_overload_r1,GA,107,BLK_107C,3,베이35A 수정,8,2025-05-15 22:00:34,2025-05-15 22:35:06,34.5,35A,베이35A
b170_overload_r1,GA,108,BLK_108C,4,판계,1,2025-05-15 09:50:00,2025-05-15 10:17:30,27.5,,공통
b170_overload_r1,GA,108,BLK_108C,4,전면SAW,2,2025-05-15 16:41:08,2025-05-15 17:19:57,38.8,,공통
b170_overload_r1,GA,108,BLK_108C,4,TurnOver,3,2025-05-15 17:19:57,2025-05-15 17:33:09,13.2,,공통
b170_overload_r1,GA,108,BLK_108C,4,후면SAW,4,2025-05-15 18:50:46,2025-05-15 19:18:36,27.8,,공통
b170_overload_r1,GA,108,BLK_108C,4,NC,5,2025-05-15 20:41:09,2025-05-15 21:22:35,41.4,,공통
b170_overload_r1,GA,108,BLK_108C,4,베이36B 론지취부,6,2025-05-15 21:36:44,2025-05-15 22:49:20,72.6,36B,베이36B
b170_overload_r1,GA,108,BLK_108C,4,베이36B 론지용접,7,2025-05-15 22:49:20,2025-05-15 23:14:12,24.9,36B,베이36B
b170_overload_r1,GA,108,BLK_108C,4,베이36B 수정,8,2025-05-15 23:14:12,2025-05-15 23:58:25,44.2,36B,베이36B
b170_overload_r1,GA,119,BLK_119C,5,판계,1,2025-05-15 10:17:30,2025-05-15 11:07:00,49.5,,공통
b170_overload_r1,GA,119,BLK_119C,5,전면SAW,2,2025-05-15 17:19:57,2025-05-15 18:04:02,44.1,,공통
b170_overload_r1,GA,119,BLK_119C,5,TurnOver,3,2025-05-15 18:04:02,2025-05-15 18:17:14,13.2,,공통
b170_overload_r1,GA,119,BLK_119C,5,후면SAW,4,2025-05-15 19:18:36,2025-05-15 19:53:22,34.8,,공통
b170_overload_r1,GA,119,BLK_119C,5,NC,5,2025-05-15 21:22:35,2025-05-15 22:22:21,59.8,,공통
b170_overload_r1,GA,119,BLK_119C,5,베이35A 론지취부,6,2025-05-15 22:22:21,2025-05-16 00:13:27,111.1,35A,베이35A
b170_overload_r1,GA,119,BLK_119C,5,베이35A 론지용접,7,2025-05-16 00:13:27,2025-05-16 00:44:54,31.5,35A,베이35A
b170_overload_r1,GA,119,BLK_119C,5,베이35A 수정,8,2025-05-16 00:44:54,2025-05-16 01:53:20,68.4,35A,베이35A
b170_overload_r1,GA,111,BLK_111P,6,판계,1,2025-05-15 11:07:00,2025-05-15 11:45:30,38.5,,공통
b170_overload_r1,GA,111,BLK_111P,6,전면SAW,2,2025-05-15 18:04:02,2025-05-15 20:44:59,161.0,,공통
b170_overload_r1,GA,111,BLK_111P,6,TurnOver,3,2025-05-15 20:44:59,2025-05-15 20:58:11,13.2,,공통
b170_overload_r1,GA,111,BLK_111P,6,후면SAW,4,2025-05-15 20:58:11,2025-05-15 23:17:06,138.9,,공통
b170_overload_r1,GA,111,BLK_111P,6,NC,5,2025-05-15 23:17:06,2025-05-15 23:56:55,39.8,,공통
b170_overload_r1,GA,111,BLK_111P,6,베이36B 론지취부,6,2025-05-15 23:56:55,2025-05-16 00:50:16,53.4,36B,베이36B
b170_overload_r1,GA,111,BLK_111P,6,베이36B 론지용접,7,2025-05-16 00:50:16,2025-05-16 01:11:49,21.6,36B,베이36B
b170_overload_r1,GA,111,BLK_111P,6,베이36B 수정,8,2025-05-16 01:11:49,2025-05-16 01:43:57,32.1,36B,베이36B
b170_overload_r1,GA,113,BLK_113C,7,판계,1,2025-05-15 11:45:30,2025-05-15 12:13:00,27.5,,공통
b170_overload_r1,GA,113,BLK_113C,7,전면SAW,2,2025-05-15 20:44:59,2025-05-15 21:18:45,33.8,,공통
b170_overload_r1,GA,113,BLK_113C,7,TurnOver,3,2025-05-15 21:18:45,2025-05-15 21:31:57,13.2,,공통
b170_overload_r1,GA,113,BLK_113C,7,후면SAW,4,2025-05-15 23:17:06,2025-05-15 23:38:18,21.2,,공통
b170_overload_r1,GA,113,BLK_113C,7,NC,5,2025-05-15 23:56:55,2025-05-16 00:33:45,36.8,,공통
b170_overload_r1,GA,113,BLK_113C,7,베이35A 론지취부,6,2025-05-16 00:33:45,2025-05-16 01:23:15,49.5,35A,베이35A
b170_overload_r1,GA,113,BLK_113C,7,베이35A 론지용접,7,2025-05-16 01:23:15,2025-05-16 01:44:09,20.9,35A,베이35A
b170_overload_r1,GA,113,BLK_113C,7,베이35A 수정,8,2025-05-16 01:53:20,2025-05-16 02:23:02,29.7,35A,베이35A
b170_overload_r1,GA,114,BLK_114P,8,판계,1,2025-05-15 12:13:00,2025-05-15 12:40:30,27.5,,공통
b170_overload_r1,GA,114,BLK_114P,8,전면SAW,2,2025-05-15 21:18:45,2025-05-15 21:54:40,35.9,,공통
b170_overload_r1,GA,114,BLK_114P,8,TurnOver,3,2025-05-15 21:54:40,2025-05-15 22:07:52,13.2,,공통
b170_overload_r1,GA,114,BLK_114P,8,후면SAW,4,2025-05-15 23:38:18,2025-05-16 00:02:19,24.0,,공통
b170_overload_r1,GA,114,BLK_114P,8,NC,5,2025-05-16 00:33:45,2025-05-16 01:10:02,36.3,,공통
b170_overload_r1,GA,114,BLK_114P,8,베이36B 론지취부,6,2025-05-16 01:10:02,2025-05-16 02:07:14,57.2,36B,베이36B
b170_overload_r1,GA,114,BLK_114P,8,베이36B 론지용접,7,2025-05-16 02:07:14,2025-05-16 02:29:27,22.2,36B,베이36B
b170_overload_r1,GA,114,BLK_114P,8,베이36B 수정,8,2025-05-16 02:29:27,2025-05-16 03:03:59,34.5,36B,베이36B
b170_overload_r1,GA,117,BLK_117S,9,판계,1,2025-05-15 12:40:30,2025-05-15 13:24:30,44.0,,공통
b170_overload_r1,GA,117,BLK_117S,9,전면SAW,2,2025-05-15 21:54:40,2025-05-16 01:02:18,187.6,,공통
b170_overload_r1,GA,117,BLK_117S,9,TurnOver,3,2025-05-16 01:02:18,2025-05-16 01:15:30,13.2,,공통
b170_overload_r1,GA,117,BLK_117S,9,후면SAW,4,2025-05-16 01:15:30,2025-05-16 03:59:57,164.5,,공통
b170_overload_r1,GA,117,BLK_117S,9,NC,5,2025-05-16 03:59:57,2025-05-16 04:54:09,54.2,,공통
b170_overload_r1,GA,117,BLK_117S,9,베이35A 론지취부,6,2025-05-16 04:54:09,2025-05-16 06:18:18,84.2,35A,베이35A
b170_overload_r1,GA,117,BLK_117S,9,베이35A 론지용접,7,2025-05-16 06:18:18,2025-05-16 06:45:08,26.8,35A,베이35A
b170_overload_r1,GA,117,BLK_117S,9,베이35A 수정,8,2025-05-16 06:45:08,2025-05-16 07:36:37,51.5,35A,베이35A
b170_overload_r1,GA,118,BLK_118C,10,판계,1,2025-05-15 13:24:30,2025-05-15 13:57:30,33.0,,공통
b170_overload_r1,GA,118,BLK_118C,10,전면SAW,2,2025-05-16 01:02:18,2025-05-16 01:36:30,34.2,,공통
b170_overload_r1,GA,118,BLK_118C,10,TurnOver,3,2025-05-16 01:36:30,2025-05-16 01:49:42,13.2,,공통
b170_overload_r1,GA,118,BLK_118C,10,후면SAW,4,2025-05-16 03:59:57,2025-05-16 04:21:43,21.8,,공통
b170_overload_r1,GA,118,BLK_118C,10,NC,5,2025-05-16 04:54:09,2025-05-16 05:38:23,44.2,,공통
b170_overload_r1,GA,118,BLK_118C,10,베이36B 론지취부,6,2025-05-16 05:38:23,2025-05-16 06:31:44,53.4,36B,베이36B
b170_overload_r1,GA,118,BLK_118C,10,베이36B 론지용접,7,2025-05-16 06:31:44,2025-05-16 06:53:17,21.6,36B,베이36B
b170_overload_r1,GA,118,BLK_118C,10,베이36B 수정,8,2025-05-16 06:53:17,2025-05-16 07:25:24,32.1,36B,베이36B
b170_overload_r1,GA,110,BLK_110S,11,판계,1,2025-05-15 13:57:30,2025-05-15 14:47:00,49.5,,공통
b170_overload_r1,GA,110,BLK_110S,11,전면SAW,2,2025-05-16 01:36:30,2025-05-16 04:36:14,179.7,,공통
b170_overload_r1,GA,110,BLK_110S,11,TurnOver,3,2025-05-16 04:36:14,2025-05-16 04:49:26,13.2,,공통
b170_overload_r1,GA,110,BLK_110S,11,후면SAW,4,2025-05-16 04:49:26,2025-05-16 07:02:22,132.9,,공통
b170_overload_r1,GA,110,BLK_110S,11,NC,5,2025-05-16 07:02:22,2025-05-16 08:02:15,59.9,,공통
b170_overload_r1,GA,110,BLK_110S,11,베이35A 론지취부,6,2025-05-16 08:02:15,2025-05-16 09:45:39,103.4,35A,베이35A
b170_overload_r1,GA,110,BLK_110S,11,베이35A 론지용접,7,2025-05-16 09:45:39,2025-05-16 10:15:47,30.1,35A,베이35A
b170_overload_r1,GA,110,BLK_110S,11,베이35A 수정,8,2025-05-16 10:15:47,2025-05-16 11:19:22,63.6,35A,베이35A
b170_overload_r1,GA,120,BLK_120C,12,판계,1,2025-05-15 14:47:00,2025-05-15 15:14:30,27.5,,공통
b170_overload_r1,GA,120,BLK_120C,12,전면SAW,2,2025-05-16 04:36:14,2025-05-16 05:34:37,58.4,,공통
b170_overload_r1,GA,120,BLK_120C,12,TurnOver,3,2025-05-16 05:34:37,2025-05-16 05:47:49,13.2,,공통
b170_overload_r1,GA,120,BLK_120C,12,후면SAW,4,2025-05-16 07:02:22,2025-05-16 07:55:58,53.6,,공통
b170_overload_r1,GA,120,BLK_120C,12,NC,5,2025-05-16 08:02:15,2025-05-16 08:44:29,42.2,,공통
b170_overload_r1,GA,120,BLK_120C,12,베이36B 론지취부,6,2025-05-16 08:44:29,2025-05-16 10:16:20,91.9,36B,베이36B
b170_overload_r1,GA,120,BLK_120C,12,베이36B 론지용접,7,2025-05-16 10:16:20,2025-05-16 10:44:30,28.2,36B,베이36B
b170_overload_r1,GA,120,BLK_120C,12,베이36B 수정,8,2025-05-16 10:44:30,2025-05-16 11:40:49,56.3,36B,베이36B
b170_overload_r1,GA,137,BLK_137P,13,판계,1,2025-05-15 15:14:30,2025-05-15 15:27:42,13.2,,공통
b170_overload_r1,GA,137,BLK_137P,13,전면SAW,2,2025-05-16 05:34:37,2025-05-16 06:28:37,54.0,,공통
b170_overload_r1,GA,137,BLK_137P,13,TurnOver,3,2025-05-16 06:28:37,2025-05-16 06:41:49,13.2,,공통
b170_overload_r1,GA,137,BLK_137P,13,후면SAW,4,2025-05-16 07:55:58,2025-05-16 08:43:46,47.8,,공통
b170_overload_r1,GA,137,BLK_137P,13,NC,5,2025-05-16 08:44:29,2025-05-16 09:08:08,23.7,,공통
b170_overload_r1,GA,137,BLK_137P,13,베이35A 론지취부,6,2025-05-16 09:45:39,2025-05-16 10:35:09,49.5,35A,베이35A
b170_overload_r1,GA,137,BLK_137P,13,베이35A 론지용접,7,2025-05-16 10:35:09,2025-05-16 10:56:03,20.9,35A,베이35A
b170_overload_r1,GA,137,BLK_137P,13,베이35A 수정,8,2025-05-16 11:19:22,2025-05-16 11:49:04,29.7,35A,베이35A
b170_overload_r1,GA,123,BLK_123S,14,판계,1,2025-05-15 15:27:42,2025-05-15 16:00:42,33.0,,공통
b170_overload_r1,GA,123,BLK_123S,14,전면SAW,2,2025-05-16 06:28:37,2025-05-16 07:01:44,33.1,,공통
b170_overload_r1,GA,123,BLK_123S,14,TurnOver,3,2025-05-16 07:01:44,2025-05-16 07:14:56,13.2,,공통
b170_overload_r1,GA,123,BLK_123S,14,후면SAW,4,2025-05-16 08:43:46,2025-05-16 09:04:07,20.3,,공통
b170_overload_r1,GA,123,BLK_123S,14,NC,5,2025-05-16 09:08:08,2025-05-16 09:53:15,45.1,,공통
b170_overload_r1,GA,123,BLK_123S,14,베이36B 론지취부,6,2025-05-16 10:16:20,2025-05-16 11:44:20,88.0,36B,베이36B
b170_overload_r1,GA,123,BLK_123S,14,베이36B 론지용접,7,2025-05-16 11:44:20,2025-05-16 12:11:50,27.5,36B,베이36B
b170_overload_r1,GA,123,BLK_123S,14,베이36B 수정,8,2025-05-16 12:11:50,2025-05-16 13:05:44,53.9,36B,베이36B
b170_overload_r1,GA,127,BLK_127C,15,판계,1,2025-05-15 16:00:42,2025-05-15 16:37:00,36.3,,공통
b170_overload_r1,GA,127,BLK_127C,15,전면SAW,2,2025-05-16 07:01:44,2025-05-16 08:58:28,116.7,,공통
b170_overload_r1,GA,127,BLK_127C,15,TurnOver,3,2025-05-16 08:58:28,2025-05-16 09:11:40,13.2,,공통
b170_overload_r1,GA,127,BLK_127C,15,후면SAW,4,2025-05-16 09:11:40,2025-05-16 11:07:59,116.3,,공통
b170_overload_r1,GA,127,BLK_127C,15,NC,5,2025-05-16 11:07:59,2025-05-16 11:52:01,44.0,,공통
b170_overload_r1,GA,127,BLK_127C,15,베이35A 론지취부,6,2025-05-16 11:52:01,2025-05-16 13:08:28,76.5,35A,베이35A
b170_overload_r1,GA,127,BLK_127C,15,베이35A 론지용접,7,2025-05-16 13:08:28,2025-05-16 13:33:59,25.5,35A,베이35A
b170_overload_r1,GA,127,BLK_127C,15,베이35A 수정,8,2025-05-16 13:33:59,2025-05-16 14:20:37,46.6,35A,베이35A
b170_overload_r1,GA,128,BLK_128C,16,판계,1,2025-05-15 16:37:00,2025-05-15 17:10:00,33.0,,공통
b170_overload_r1,GA,128,BLK_128C,16,전면SAW,2,2025-05-16 08:58:28,2025-05-16 09:31:51,33.4,,공통
b170_overload_r1,GA,128,BLK_128C,16,TurnOver,3,2025-05-16 09:31:51,2025-05-16 09:45:03,13.2,,공통
b170_overload_r1,GA,128,BLK_128C,16,후면SAW,4,2025-05-16 11:07:59,2025-05-16 11:28:40,20.7,,공통
b170_overload_r1,GA,128,BLK_128C,16,NC,5,2025-05-16 11:52:01,2025-05-16 12:36:57,44.9,,공통
b170_overload_r1,GA,128,BLK_128C,16,베이36B 론지취부,6,2025-05-16 12:36:57,2025-05-16 14:04:57,88.0,36B,베이36B
b170_overload_r1,GA,128,BLK_128C,16,베이36B 론지용접,7,2025-05-16 14:04:57,2025-05-16 14:32:27,27.5,36B,베이36B
b170_overload_r1,GA,128,BLK_128C,16,베이36B 수정,8,2025-05-16 14:32:27,2025-05-16 15:26:21,53.9,36B,베이36B
b170_overload_r1,GA,129,BLK_129S,17,판계,1,2025-05-15 17:10:00,2025-05-15 17:32:00,22.0,,공통
b170_overload_r1,GA,129,BLK_129S,17,전면SAW,2,2025-05-16 09:31:51,2025-05-16 10:08:59,37.1,,공통
b170_overload_r1,GA,129,BLK_129S,17,TurnOver,3,2025-05-16 10:08:59,2025-05-16 10:22:11,13.2,,공통
b170_overload_r1,GA,129,BLK_129S,17,후면SAW,4,2025-05-16 11:28:40,2025-05-16 11:54:19,25.6,,공통
b170_overload_r1,GA,129,BLK_129S,17,NC,5,2025-05-16 12:36:57,2025-05-16 13:09:03,32.1,,공통
b170_overload_r1,GA,129,BLK_129S,17,베이35A 론지취부,6,2025-05-16 13:09:03,2025-05-16 13:58:33,49.5,35A,베이35A
b170_overload_r1,GA,129,BLK_129S,17,베이35A 론지용접,7,2025-05-16 13:58:33,2025-05-16 14:19:27,20.9,35A,베이35A
b170_overload_r1,GA,129,BLK_129S,17,베이35A 수정,8,2025-05-16 14:20:37,2025-05-16 14:50:19,29.7,35A,베이35A
b170_overload_r1,GA,132,BLK_132P,18,판계,1,2025-05-15 17:32:00,2025-05-15 18:13:48,41.8,,공통
b170_overload_r1,GA,132,BLK_132P,18,전면SAW,2,2025-05-16 10:08:59,2025-05-16 12:38:02,149.1,,공통
b170_overload_r1,GA,132,BLK_132P,18,TurnOver,3,2025-05-16 12:38:02,2025-05-16 12:51:14,13.2,,공통
b170_overload_r1,GA,132,BLK_132P,18,후면SAW,4,2025-05-16 12:51:14,2025-05-16 15:25:14,154.0,,공통
b170_overload_r1,GA,132,BLK_132P,18,NC,5,2025-05-16 15:25:14,2025-05-16 16:17:44,52.5,,공통
b170_overload_r1,GA,132,BLK_132P,18,베이36B 론지취부,6,2025-05-16 16:17:44,2025-05-16 17:14:56,57.2,36B,베이36B
b170_overload_r1,GA,132,BLK_132P,18,베이36B 론지용접,7,2025-05-16 17:14:56,2025-05-16 17:37:09,22.2,36B,베이36B
b170_overload_r1,GA,132,BLK_132P,18,베이36B 수정,8,2025-05-16 17:37:09,2025-05-16 18:11:41,34.5,36B,베이36B
b170_overload_r1,GA,143,BLK_143P,1,판계,1,2025-05-16 08:00:00,2025-05-16 08:33:00,33.0,,공통
b170_overload_r1,GA,143,BLK_143P,1,전면SAW,2,2025-05-16 12:38:02,2025-05-16 13:11:10,33.1,,공통
b170_overload_r1,GA,143,BLK_143P,1,TurnOver,3,2025-05-16 13:11:10,2025-05-16 13:24:22,13.2,,공통
b170_overload_r1,GA,143,BLK_143P,1,후면SAW,4,2025-05-16 15:25:14,2025-05-16 15:45:36,20.4,,공통
b170_overload_r1,GA,143,BLK_143P,1,NC,5,2025-05-16 16:17:44,2025-05-16 17:08:54,51.2,,공통
b170_overload_r1,GA,143,BLK_143P,1,베이35A 론지취부,6,2025-05-16 17:08:54,2025-05-16 18:56:09,107.3,35A,베이35A
b170_overload_r1,GA,143,BLK_143P,1,베이35A 론지용접,7,2025-05-16 18:56:09,2025-05-16 19:26:57,30.8,35A,베이35A
b170_overload_r1,GA,143,BLK_143P,1,베이35A 수정,8,2025-05-16 19:26:57,2025-05-16 20:32:57,66.0,35A,베이35A
b170_overload_r1,GA,133,BLK_133S,2,판계,1,2025-05-16 08:33:00,2025-05-16 09:02:42,29.7,,공통
b170_overload_r1,GA,133,BLK_133S,2,전면SAW,2,2025-05-16 13:11:10,2025-05-16 16:27:45,196.6,,공통
b170_overload_r1,GA,133,BLK_133S,2,TurnOver,3,2025-05-16 16:27:45,2025-05-16 16:40:57,13.2,,공통
b170_overload_r1,GA,133,BLK_133S,2,후면SAW,4,2025-05-16 16:40:57,2025-05-16 19:33:58,173.0,,공통
b170_overload_r1,GA,133,BLK_133S,2,NC,5,2025-05-16 19:33:58,2025-05-16 20:09:15,35.3,,공통
b170_overload_r1,GA,133,BLK_133S,2,베이36B 론지취부,6,2025-05-16 20:09:15,2025-05-16 21:10:18,61.1,36B,베이36B
b170_overload_r1,GA,133,BLK_133S,2,베이36B 론지용접,7,2025-05-16 21:10:18,2025-05-16 21:33:11,22.9,36B,베이36B
b170_overload_r1,GA,133,BLK_133S,2,베이36B 수정,8,2025-05-16 21:33:11,2025-05-16 22:10:09,37.0,36B,베이36B
b170_overload_r1,GA,134,BLK_134S,3,판계,1,2025-05-16 09:02:42,2025-05-16 09:35:42,33.0,,공통
b170_overload_r1,GA,134,BLK_134S,3,전면SAW,2,2025-05-16 16:27:45,2025-05-16 17:01:43,34.0,,공통
b170_overload_r1,GA,134,BLK_134S,3,TurnOver,3,2025-05-16 17:01:43,2025-05-16 17:14:55,13.2,,공통
b170_overload_r1,GA,134,BLK_134S,3,후면SAW,4,2025-05-16 19:33:58,2025-05-16 19:55:26,21.5,,공통
b170_overload_r1,GA,134,BLK_134S,3,NC,5,2025-05-16 20:09:15,2025-05-16 20:54:13,45.0,,공통
b170_overload_r1,GA,134,BLK_134S,3,베이35A 론지취부,6,2025-05-16 20:54:13,2025-05-16 22:26:04,91.9,35A,베이35A
b170_overload_r1,GA,134,BLK_134S,3,베이35A 론지용접,7,2025-05-16 22:26:04,2025-05-16 22:54:14,28.2,35A,베이35A
b170_overload_r1,GA,134,BLK_134S,3,베이35A 수정,8,2025-05-16 22:54:14,2025-05-16 23:50:33,56.3,35A,베이35A
b170_overload_r1,GA,135,BLK_135C,4,판계,1,2025-05-16 09:35:42,2025-05-16 09:57:42,22.0,,공통
b170_overload_r1,GA,135,BLK_135C,4,전면SAW,2,2025-05-16 17:01:43,2025-05-16 17:41:07,39.4,,공통
b170_overload_r1,GA,135,BLK_135C,4,TurnOver,3,2025-05-16 17:41:07,2025-05-16 17:54:19,13.2,,공통
b170_overload_r1,GA,135,BLK_135C,4,후면SAW,4,2025-05-16 19:55:26,2025-05-16 20:24:02,28.6,,공통
b170_overload_r1,GA,135,BLK_135C,4,NC,5,2025-05-16 20:54:13,2025-05-16 21:28:30,34.3,,공통
b170_overload_r1,GA,135,BLK_135C,4,베이36B 론지취부,6,2025-05-16 21:28:30,2025-05-16 22:37:15,68.8,36B,베이36B
b170_overload_r1,GA,135,BLK_135C,4,베이36B 론지용접,7,2025-05-16 22:37:15,2025-05-16 23:01:27,24.2,36B,베이36B
b170_overload_r1,GA,135,BLK_135C,4,베이36B 수정,8,2025-05-16 23:01:27,2025-05-16 23:43:15,41.8,36B,베이36B
b170_overload_r1,GA,165,BLK_111S,5,판계,1,2025-05-16 09:57:42,2025-05-16 10:36:12,38.5,,공통
b170_overload_r1,GA,165,BLK_111S,5,전면SAW,2,2025-05-16 17:41:07,2025-05-16 20:22:04,161.0,,공통
b170_overload_r1,GA,165,BLK_111S,5,TurnOver,3,2025-05-16 20:22:04,2025-05-16 20:35:16,13.2,,공통
b170_overload_r1,GA,165,BLK_111S,5,후면SAW,4,2025-05-16 20:35:16,2025-05-16 22:54:11,138.9,,공통
b170_overload_r1,GA,165,BLK_111S,5,NC,5,2025-05-16 22:54:11,2025-05-16 23:34:00,39.8,,공통
b170_overload_r1,GA,165,BLK_111S,5,베이35A 론지취부,6,2025-05-16 23:34:00,2025-05-17 00:27:21,53.4,35A,베이35A
b170_overload_r1,GA,165,BLK_111S,5,베이35A 론지용접,7,2025-05-17 00:27:21,2025-05-17 00:48:55,21.6,35A,베이35A
b170_overload_r1,GA,165,BLK_111S,5,베이35A 수정,8,2025-05-17 00:48:55,2025-05-17 01:21:02,32.1,35A,베이35A
b170_overload_r1,GA,138,BLK_138P,6,판계,1,2025-05-16 10:36:12,2025-05-16 11:09:12,33.0,,공통
b170_overload_r1,GA,138,BLK_138P,6,전면SAW,2,2025-05-16 20:22:04,2025-05-16 20:55:12,33.1,,공통
b170_overload_r1,GA,138,BLK_138P,6,TurnOver,3,2025-05-16 20:55:12,2025-05-16 21:08:24,13.2,,공통
b170_overload_r1,GA,138,BLK_138P,6,후면SAW,4,2025-05-16 22:54:11,2025-05-16 23:14:32,20.4,,공통
b170_overload_r1,GA,138,BLK_138P,6,NC,5,2025-05-16 23:34:00,2025-05-17 00:28:09,54.1,,공통
b170_overload_r1,GA,138,BLK_138P,6,베이36B 론지취부,6,2025-05-17 00:28:09,2025-05-17 02:19:15,111.1,36B,베이36B
b170_overload_r1,GA,138,BLK_138P,6,베이36B 론지용접,7,2025-05-17 02:19:15,2025-05-17 02:50:42,31.5,36B,베이36B
b170_overload_r1,GA,138,BLK_138P,6,베이36B 수정,8,2025-05-17 02:50:42,2025-05-17 03:59:07,68.4,36B,베이36B
b170_overload_r1,GA,141,BLK_141P,7,판계,1,2025-05-16 11:09:12,2025-05-16 11:31:12,22.0,,공통
b170_overload_r1,GA,141,BLK_141P,7,전면SAW,2,2025-05-16 20:55:12,2025-05-16 22:59:47,124.6,,공통
b170_overload_r1,GA,141,BLK_141P,7,TurnOver,3,2025-05-16 22:59:47,2025-05-16 23:12:59,13.2,,공통
b170_overload_r1,GA,141,BLK_141P,7,후면SAW,4,2025-05-16 23:14:32,2025-05-17 00:54:40,100.1,,공통
b170_overload_r1,GA,141,BLK_141P,7,NC,5,2025-05-17 00:54:40,2025-05-17 01:24:30,29.8,,공통
b170_overload_r1,GA,141,BLK_141P,7,베이35A 론지취부,6,2025-05-17 01:24:30,2025-05-17 02:21:42,57.2,35A,베이35A
b170_overload_r1,GA,141,BLK_141P,7,베이35A 론지용접,7,2025-05-17 02:21:42,2025-05-17 02:43:55,22.2,35A,베이35A
b170_overload_r1,GA,141,BLK_141P,7,베이35A 수정,8,2025-05-17 02:43:55,2025-05-17 03:18:27,34.5,35A,베이35A
b170_overload_r1,GA,155,BLK_155P,8,판계,1,2025-05-16 11:31:12,2025-05-16 12:04:12,33.0,,공통
b170_overload_r1,GA,155,BLK_155P,8,전면SAW,2,2025-05-16 22:59:47,2025-05-16 23:39:49,40.0,,공통
b170_overload_r1,GA,155,BLK_155P,8,TurnOver,3,2025-05-16 23:39:49,2025-05-16 23:53:01,13.2,,공통
b170_overload_r1,GA,155,BLK_155P,8,후면SAW,4,2025-05-17 00:54:40,2025-05-17 01:24:07,29.5,,공통
b170_overload_r1,GA,155,BLK_155P,8,NC,5,2025-05-17 01:24:30,2025-05-17 02:13:56,49.4,,공통
b170_overload_r1,GA,155,BLK_155P,8,베이36B 론지취부,6,2025-05-17 02:19:15,2025-05-17 04:21:54,122.7,36B,베이36B
b170_overload_r1,GA,155,BLK_155P,8,베이36B 론지용접,7,2025-05-17 04:21:54,2025-05-17 04:55:20,33.4,36B,베이36B
b170_overload_r1,GA,155,BLK_155P,8,베이36B 수정,8,2025-05-17 04:55:20,2025-05-17 06:11:01,75.7,36B,베이36B
b170_overload_r1,GA,140,BLK_140C,9,판계,1,2025-05-16 12:04:12,2025-05-16 12:40:30,36.3,,공통
b170_overload_r1,GA,140,BLK_140C,9,전면SAW,2,2025-05-16 23:39:49,2025-05-17 01:45:58,126.1,,공통
b170_overload_r1,GA,140,BLK_140C,9,TurnOver,3,2025-05-17 01:45:58,2025-05-17 01:59:10,13.2,,공통
b170_overload_r1,GA,140,BLK_140C,9,후면SAW,4,2025-05-17 01:59:10,2025-05-17 03:40:43,101.6,,공통
b170_overload_r1,GA,140,BLK_140C,9,NC,5,2025-05-17 03:40:43,2025-05-17 04:25:17,44.6,,공통
b170_overload_r1,GA,140,BLK_140C,9,베이35A 론지취부,6,2025-05-17 04:25:17,2025-05-17 05:34:02,68.8,35A,베이35A
b170_overload_r1,GA,140,BLK_140C,9,베이35A 론지용접,7,2025-05-17 05:34:02,2025-05-17 05:58:14,24.2,35A,베이35A
b170_overload_r1,GA,140,BLK_140C,9,베이35A 수정,8,2025-05-17 05:58:14,2025-05-17 06:40:02,41.8,35A,베이35A
b170_overload_r1,GA,142,BLK_142S,10,판계,1,2025-05-16 12:40:30,2025-05-16 13:30:00,49.5,,공통
b170_overload_r1,GA,142,BLK_142S,10,전면SAW,2,2025-05-17 01:45:58,2025-05-17 02:27:38,41.7,,공통
b170_overload_r1,GA,142,BLK_142S,10,TurnOver,3,2025-05-17 02:27:38,2025-05-17 02:40:50,13.2,,공통
b170_overload_r1,GA,142,BLK_142S,10,후면SAW,4,2025-05-17 03:40:43,2025-05-17 04:12:19,31.6,,공통
b170_overload_r1,GA,142,BLK_142S,10,NC,5,2025-05-17 04:25:17,2025-05-17 05:22:40,57.4,,공통
b170_overload_r1,GA,142,BLK_142S,10,베이36B 론지취부,6,2025-05-17 05:22:40,2025-05-17 06:50:40,88.0,36B,베이36B
b170_overload_r1,GA,142,BLK_142S,10,베이36B 론지용접,7,2025-05-17 06:50:40,2025-05-17 07:18:10,27.5,36B,베이36B
b170_overload_r1,GA,142,BLK_142S,10,베이36B 수정,8,2025-05-17 07:18:10,2025-05-17 08:12:04,53.9,36B,베이36B
b170_overload_r1,GA,144,BLK_144P,11,판계,1,2025-05-16 13:30:00,2025-05-16 13:52:00,22.0,,공통
b170_overload_r1,GA,144,BLK_144P,11,전면SAW,2,2025-05-17 02:27:38,2025-05-17 03:23:34,55.9,,공통
b170_overload_r1,GA,144,BLK_144P,11,TurnOver,3,2025-05-17 03:23:34,2025-05-17 03:36:46,13.2,,공통
b170_overload_r1,GA,144,BLK_144P,11,후면SAW,4,2025-05-17 04:12:19,2025-05-17 05:02:40,50.4,,공통
b170_overload_r1,GA,144,BLK_144P,11,NC,5,2025-05-17 05:22:40,2025-05-17 05:55:49,33.2,,공통
b170_overload_r1,GA,144,BLK_144P,11,베이35A 론지취부,6,2025-05-17 05:55:49,2025-05-17 07:12:16,76.5,35A,베이35A
b170_overload_r1,GA,144,BLK_144P,11,베이35A 론지용접,7,2025-05-17 07:12:16,2025-05-17 07:37:47,25.5,35A,베이35A
b170_overload_r1,GA,144,BLK_144P,11,베이35A 수정,8,2025-05-17 07:37:47,2025-05-17 08:24:26,46.6,35A,베이35A
b170_overload_r1,GA,145,BLK_145S,12,판계,1,2025-05-16 13:52:00,2025-05-16 14:25:00,33.0,,공통
b170_overload_r1,GA,145,BLK_145S,12,전면SAW,2,2025-05-17 03:23:34,2025-05-17 04:10:53,47.3,,공통
b170_overload_r1,GA,145,BLK_145S,12,TurnOver,3,2025-05-17 04:10:53,2025-05-17 04:24:05,13.2,,공통
b170_overload_r1,GA,145,BLK_145S,12,후면SAW,4,2025-05-17 05:02:40,2025-05-17 05:41:42,39.0,,공통
b170_overload_r1,GA,145,BLK_145S,12,NC,5,2025-05-17 05:55:49,2025-05-17 06:42:41,46.9,,공통
b170_overload_r1,GA,145,BLK_145S,12,베이36B 론지취부,6,2025-05-17 06:50:40,2025-05-17 08:07:07,76.5,36B,베이36B
b170_overload_r1,GA,145,BLK_145S,12,베이36B 론지용접,7,2025-05-17 08:07:07,2025-05-17 08:32:38,25.5,36B,베이36B
b170_overload_r1,GA,145,BLK_145S,12,베이36B 수정,8,2025-05-17 08:32:38,2025-05-17 09:19:17,46.6,36B,베이36B
b170_overload_r1,GA,147,BLK_147P,13,판계,1,2025-05-16 14:25:00,2025-05-16 15:14:30,49.5,,공통
b170_overload_r1,GA,147,BLK_147P,13,전면SAW,2,2025-05-17 04:10:53,2025-05-17 06:46:32,155.7,,공통
b170_overload_r1,GA,147,BLK_147P,13,TurnOver,3,2025-05-17 06:46:32,2025-05-17 06:59:44,13.2,,공통
b170_overload_r1,GA,147,BLK_147P,13,후면SAW,4,2025-05-17 06:59:44,2025-05-17 08:50:52,111.1,,공통
b170_overload_r1,GA,147,BLK_147P,13,NC,5,2025-05-17 08:50:52,2025-05-17 09:51:21,60.5,,공통
b170_overload_r1,GA,147,BLK_147P,13,베이35A 론지취부,6,2025-05-17 09:51:21,2025-05-17 11:07:48,76.5,35A,베이35A
b170_overload_r1,GA,147,BLK_147P,13,베이35A 론지용접,7,2025-05-17 11:07:48,2025-05-17 11:33:19,25.5,35A,베이35A
b170_overload_r1,GA,147,BLK_147P,13,베이35A 수정,8,2025-05-17 11:33:19,2025-05-17 12:19:57,46.6,35A,베이35A
b170_overload_r1,GA,148,BLK_148P,14,판계,1,2025-05-16 15:14:30,2025-05-16 15:47:30,33.0,,공통
b170_overload_r1,GA,148,BLK_148P,14,전면SAW,2,2025-05-17 06:46:32,2025-05-17 07:20:29,33.9,,공통
b170_overload_r1,GA,148,BLK_148P,14,TurnOver,3,2025-05-17 07:20:29,2025-05-17 07:33:41,13.2,,공통
b170_overload_r1,GA,148,BLK_148P,14,후면SAW,4,2025-05-17 08:50:52,2025-05-17 09:12:18,21.4,,공통
b170_overload_r1,GA,148,BLK_148P,14,NC,5,2025-05-17 09:51:21,2025-05-17 10:37:21,46.0,,공통
b170_overload_r1,GA,148,BLK_148P,14,베이36B 론지취부,6,2025-05-17 10:37:21,2025-05-17 11:30:42,53.4,36B,베이36B
b170_overload_r1,GA,148,BLK_148P,14,베이36B 론지용접,7,2025-05-17 11:30:42,2025-05-17 11:52:15,21.6,36B,베이36B
b170_overload_r1,GA,148,BLK_148P,14,베이36B 수정,8,2025-05-17 11:52:15,2025-05-17 12:24:22,32.1,36B,베이36B
b170_overload_r1,GA,149,BLK_149P,15,판계,1,2025-05-16 15:47:30,2025-05-16 16:26:00,38.5,,공통
b170_overload_r1,GA,149,BLK_149P,15,전면SAW,2,2025-05-17 07:20:29,2025-05-17 10:35:52,195.4,,공통
b170_overload_r1,GA,149,BLK_149P,15,TurnOver,3,2025-05-17 10:35:52,2025-05-17 10:49:04,13.2,,공통
b170_overload_r1,GA,149,BLK_149P,15,후면SAW,4,2025-05-17 10:49:04,2025-05-17 13:11:13,142.2,,공통
b170_overload_r1,GA,149,BLK_149P,15,NC,5,2025-05-17 13:11:13,2025-05-17 13:58:08,46.9,,공통
b170_overload_r1,GA,149,BLK_149P,15,베이35A 론지취부,6,2025-05-17 13:58:08,2025-05-17 14:39:56,41.8,35A,베이35A
b170_overload_r1,GA,149,BLK_149P,15,베이35A 론지용접,7,2025-05-17 14:39:56,2025-05-17 14:59:30,19.6,35A,베이35A
b170_overload_r1,GA,149,BLK_149P,15,베이35A 수정,8,2025-05-17 14:59:30,2025-05-17 15:24:22,24.9,35A,베이35A
b170_overload_r1,GA,150,BLK_150C,16,판계,1,2025-05-16 16:26:00,2025-05-16 16:48:00,22.0,,공통
b170_overload_r1,GA,150,BLK_150C,16,전면SAW,2,2025-05-17 10:35:52,2025-05-17 11:13:24,37.5,,공통
b170_overload_r1,GA,150,BLK_150C,16,TurnOver,3,2025-05-17 11:13:24,2025-05-17 11:26:36,13.2,,공통
b170_overload_r1,GA,150,BLK_150C,16,후면SAW,4,2025-05-17 13:11:13,2025-05-17 13:37:22,26.2,,공통
b170_overload_r1,GA,150,BLK_150C,16,NC,5,2025-05-17 13:58:08,2025-05-17 14:27:28,29.3,,공통
b170_overload_r1,GA,150,BLK_150C,16,베이36B 론지취부,6,2025-05-17 14:27:28,2025-05-17 15:01:34,34.1,36B,베이36B
b170_overload_r1,GA,150,BLK_150C,16,베이36B 론지용접,7,2025-05-17 15:01:34,2025-05-17 15:19:50,18.3,36B,베이36B
b170_overload_r1,GA,150,BLK_150C,16,베이36B 수정,8,2025-05-17 15:19:50,2025-05-17 15:39:51,20.0,36B,베이36B
b170_overload_r1,GA,151,BLK_151S,17,판계,1,2025-05-16 16:48:00,2025-05-16 17:26:30,38.5,,공통
b170_overload_r1,GA,151,BLK_151S,17,전면SAW,2,2025-05-17 11:13:24,2025-05-17 14:06:09,172.8,,공통
b170_overload_r1,GA,151,BLK_151S,17,TurnOver,3,2025-05-17 14:06:09,2025-05-17 14:19:21,13.2,,공통
b170_overload_r1,GA,151,BLK_151S,17,후면SAW,4,2025-05-17 14:19:21,2025-05-17 16:49:34,150.2,,공통
b170_overload_r1,GA,151,BLK_151S,17,NC,5,2025-05-17 16:49:34,2025-05-17 17:32:13,42.6,,공통
b170_overload_r1,GA,151,BLK_151S,17,베이35A 론지취부,6,2025-05-17 17:32:13,2025-05-17 18:33:16,61.1,35A,베이35A
b170_overload_r1,GA,151,BLK_151S,17,베이35A 론지용접,7,2025-05-17 18:33:16,2025-05-17 18:56:08,22.9,35A,베이35A
b170_overload_r1,GA,151,BLK_151S,17,베이35A 수정,8,2025-05-17 18:56:08,2025-05-17 19:33:06,37.0,35A,베이35A
b170_overload_r1,GA,56,BLK_56C,18,판계,1,2025-05-16 17:26:30,2025-05-16 17:54:00,27.5,,공통
b170_overload_r1,GA,56,BLK_56C,18,전면SAW,2,2025-05-17 14:06:09,2025-05-17 14:39:43,33.6,,공통
b170_overload_r1,GA,56,BLK_56C,18,TurnOver,3,2025-05-17 14:39:43,2025-05-17 14:52:55,13.2,,공통
b170_overload_r1,GA,56,BLK_56C,18,후면SAW,4,2025-05-17 16:49:34,2025-05-17 17:10:29,20.9,,공통
b170_overload_r1,GA,56,BLK_56C,18,NC,5,2025-05-17 17:32:13,2025-05-17 18:11:29,39.3,,공통
b170_overload_r1,GA,56,BLK_56C,18,베이36B 론지취부,6,2025-05-17 18:11:29,2025-05-17 19:00:59,49.5,36B,베이36B
b170_overload_r1,GA,56,BLK_56C,18,베이36B 론지용접,7,2025-05-17 19:00:59,2025-05-17 19:21:53,20.9,36B,베이36B
b170_overload_r1,GA,56,BLK_56C,18,베이36B 수정,8,2025-05-17 19:21:53,2025-05-17 19:51:35,29.7,36B,베이36B
b170_overload_r1,GA,152,BLK_152P,1,판계,1,2025-05-17 08:00:00,2025-05-17 08:41:48,41.8,,공통
b170_overload_r1,GA,152,BLK_152P,1,전면SAW,2,2025-05-17 14:39:43,2025-05-17 16:34:58,115.2,,공통
b170_overload_r1,GA,152,BLK_152P,1,TurnOver,3,2025-05-17 16:34:58,2025-05-17 16:48:10,13.2,,공통
b170_overload_r1,GA,152,BLK_152P,1,후면SAW,4,2025-05-17 17:10:29,2025-05-17 18:42:06,91.6,,공통
b170_overload_r1,GA,152,BLK_152P,1,NC,5,2025-05-17 18:42:06,2025-05-17 19:34:47,52.7,,공통
b170_overload_r1,GA,152,BLK_152P,1,베이35A 론지취부,6,2025-05-17 19:34:47,2025-05-17 21:18:11,103.4,35A,베이35A
b170_overload_r1,GA,152,BLK_152P,1,베이35A 론지용접,7,2025-05-17 21:18:11,2025-05-17 21:48:19,30.1,35A,베이35A
b170_overload_r1,GA,152,BLK_152P,1,베이35A 수정,8,2025-05-17 21:48:19,2025-05-17 22:51:54,63.6,35A,베이35A
b170_overload_r1,GA,153,BLK_153S,2,판계,1,2025-05-17 08:41:48,2025-05-17 09:09:18,27.5,,공통
b170_overload_r1,GA,153,BLK_153S,2,전면SAW,2,2025-05-17 16:34:58,2025-05-17 17:08:50,33.9,,공통
b170_overload_r1,GA,153,BLK_153S,2,TurnOver,3,2025-05-17 17:08:50,2025-05-17 17:22:02,13.2,,공통
b170_overload_r1,GA,153,BLK_153S,2,후면SAW,4,2025-05-17 18:42:06,2025-05-17 19:03:25,21.3,,공통
b170_overload_r1,GA,153,BLK_153S,2,NC,5,2025-05-17 19:34:47,2025-05-17 20:12:45,38.0,,공통
b170_overload_r1,GA,153,BLK_153S,2,베이36B 론지취부,6,2025-05-17 20:12:45,2025-05-17 21:02:15,49.5,36B,베이36B
b170_overload_r1,GA,153,BLK_153S,2,베이36B 론지용접,7,2025-05-17 21:02:15,2025-05-17 21:23:09,20.9,36B,베이36B
b170_overload_r1,GA,153,BLK_153S,2,베이36B 수정,8,2025-05-17 21:23:09,2025-05-17 21:52:51,29.7,36B,베이36B
b170_overload_r1,GA,154,BLK_154P,3,판계,1,2025-05-17 09:09:18,2025-05-17 09:42:18,33.0,,공통
b170_overload_r1,GA,154,BLK_154P,3,전면SAW,2,2025-05-17 17:08:50,2025-05-17 17:44:34,35.7,,공통
b170_overload_r1,GA,154,BLK_154P,3,TurnOver,3,2025-05-17 17:44:34,2025-05-17 17:57:46,13.2,,공통
b170_overload_r1,GA,154,BLK_154P,3,후면SAW,4,2025-05-17 19:03:25,2025-05-17 19:27:12,23.8,,공통
b170_overload_r1,GA,154,BLK_154P,3,NC,5,2025-05-17 20:12:45,2025-05-17 21:05:15,52.5,,공통
b170_overload_r1,GA,154,BLK_154P,3,베이35A 론지취부,6,2025-05-17 21:18:11,2025-05-17 22:34:38,76.5,35A,베이35A
b170_overload_r1,GA,154,BLK_154P,3,베이35A 론지용접,7,2025-05-17 22:34:38,2025-05-17 23:00:09,25.5,35A,베이35A
b170_overload_r1,GA,154,BLK_154P,3,베이35A 수정,8,2025-05-17 23:00:09,2025-05-17 23:46:48,46.6,35A,베이35A
b170_overload_r1,GA,158,BLK_158S,4,판계,1,2025-05-17 09:42:18,2025-05-17 10:39:30,57.2,,공통
b170_overload_r1,GA,158,BLK_158S,4,전면SAW,2,2025-05-17 17:44:34,2025-05-17 21:13:34,209.0,,공통
b170_overload_r1,GA,158,BLK_158S,4,TurnOver,3,2025-05-17 21:13:34,2025-05-17 21:26:46,13.2,,공통
b170_overload_r1,GA,158,BLK_158S,4,후면SAW,4,2025-05-17 21:26:46,2025-05-18 00:28:16,181.5,,공통
b170_overload_r1,GA,158,BLK_158S,4,NC,5,2025-05-18 00:28:16,2025-05-18 01:34:53,66.6,,공통
b170_overload_r1,GA,158,BLK_158S,4,베이36B 론지취부,6,2025-05-18 01:34:53,2025-05-18 02:12:50,38.0,36B,베이36B
b170_overload_r1,GA,158,BLK_158S,4,베이36B 론지용접,7,2025-05-18 02:12:50,2025-05-18 02:31:45,18.9,36B,베이36B
b170_overload_r1,GA,158,BLK_158S,4,베이36B 수정,8,2025-05-18 02:31:45,2025-05-18 02:54:11,22.4,36B,베이36B
b170_overload_r1,GA,40,BLK_40S,5,판계,1,2025-05-17 10:39:30,2025-05-17 11:12:30,33.0,,공통
b170_overload_r1,GA,40,BLK_40S,5,전면SAW,2,2025-05-17 21:13:34,2025-05-17 21:49:07,35.6,,공통
b170_overload_r1,GA,40,BLK_40S,5,TurnOver,3,2025-05-17 21:49:07,2025-05-17 22:02:19,13.2,,공통
b170_overload_r1,GA,40,BLK_40S,5,후면SAW,4,2025-05-18 00:28:16,2025-05-18 00:51:49,23.6,,공통
b170_overload_r1,GA,40,BLK_40S,5,NC,5,2025-05-18 01:34:53,2025-05-18 02:23:31,48.6,,공통
b170_overload_r1,GA,40,BLK_40S,5,베이35A 론지취부,6,2025-05-18 02:23:31,2025-05-18 03:32:16,68.8,35A,베이35A
b170_overload_r1,GA,40,BLK_40S,5,베이35A 론지용접,7,2025-05-18 03:32:16,2025-05-18 03:56:28,24.2,35A,베이35A
b170_overload_r1,GA,40,BLK_40S,5,베이35A 수정,8,2025-05-18 03:56:28,2025-05-18 04:38:16,41.8,35A,베이35A
b170_overload_r1,GA,159,BLK_159C,6,판계,1,2025-05-17 11:12:30,2025-05-17 12:02:00,49.5,,공통
b170_overload_r1,GA,159,BLK_159C,6,전면SAW,2,2025-05-17 21:49:07,2025-05-18 00:24:50,155.7,,공통
b170_overload_r1,GA,159,BLK_159C,6,TurnOver,3,2025-05-18 00:24:50,2025-05-18 00:38:02,13.2,,공통
b170_overload_r1,GA,159,BLK_159C,6,후면SAW,4,2025-05-18 00:51:49,2025-05-18 02:45:31,113.7,,공통
b170_overload_r1,GA,159,BLK_159C,6,NC,5,2025-05-18 02:45:31,2025-05-18 03:43:43,58.2,,공통
b170_overload_r1,GA,159,BLK_159C,6,베이36B 론지취부,6,2025-05-18 03:43:43,2025-05-18 05:27:07,103.4,36B,베이36B
b170_overload_r1,GA,159,BLK_159C,6,베이36B 론지용접,7,2025-05-18 05:27:07,2025-05-18 05:57:15,30.1,36B,베이36B
b170_overload_r1,GA,159,BLK_159C,6,베이36B 수정,8,2025-05-18 05:57:15,2025-05-18 07:00:50,63.6,36B,베이36B
b170_overload_r1,GA,161,BLK_161C,7,판계,1,2025-05-17 12:02:00,2025-05-17 12:35:00,33.0,,공통
b170_overload_r1,GA,161,BLK_161C,7,전면SAW,2,2025-05-18 00:24:50,2025-05-18 00:52:58,28.1,,공통
b170_overload_r1,GA,161,BLK_161C,7,TurnOver,3,2025-05-18 00:52:58,2025-05-18 01:06:10,13.2,,공통
b170_overload_r1,GA,161,BLK_161C,7,후면SAW,4,2025-05-18 02:45:31,2025-05-18 02:59:49,14.3,,공통
b170_overload_r1,GA,161,BLK_161C,7,NC,5,2025-05-18 03:43:43,2025-05-18 04:29:27,45.7,,공통
b170_overload_r1,GA,161,BLK_161C,7,베이35A 론지취부,6,2025-05-18 04:29:27,2025-05-18 05:26:39,57.2,35A,베이35A
b170_overload_r1,GA,161,BLK_161C,7,베이35A 론지용접,7,2025-05-18 05:26:39,2025-05-18 05:48:52,22.2,35A,베이35A
b170_overload_r1,GA,161,BLK_161C,7,베이35A 수정,8,2025-05-18 05:48:52,2025-05-18 06:23:24,34.5,35A,베이35A
b170_overload_r1,GA,93,BLK_93S,8,판계,1,2025-05-17 12:35:00,2025-05-17 13:05:48,30.8,,공통
b170_overload_r1,GA,93,BLK_93S,8,전면SAW,2,2025-05-18 00:52:58,2025-05-18 02:52:53,119.9,,공통
b170_overload_r1,GA,93,BLK_93S,8,TurnOver,3,2025-05-18 02:52:53,2025-05-18 03:06:05,13.2,,공통
b170_overload_r1,GA,93,BLK_93S,8,후면SAW,4,2025-05-18 03:06:05,2025-05-18 04:41:57,95.9,,공통
b170_overload_r1,GA,93,BLK_93S,8,NC,5,2025-05-18 04:41:57,2025-05-18 05:17:14,35.3,,공통
b170_overload_r1,GA,93,BLK_93S,8,베이36B 론지취부,6,2025-05-18 05:27:07,2025-05-18 05:53:31,26.4,36B,베이36B
b170_overload_r1,GA,93,BLK_93S,8,베이36B 론지용접,7,2025-05-18 05:57:15,2025-05-18 06:09:47,12.5,36B,베이36B
b170_overload_r1,GA,93,BLK_93S,8,베이36B 수정,8,2025-05-18 07:00:50,2025-05-18 07:16:01,15.2,36B,베이36B
b170_overload_r1,GA,162,BLK_162P,9,판계,1,2025-05-17 13:05:48,2025-05-17 13:38:48,33.0,,공통
b170_overload_r1,GA,162,BLK_162P,9,전면SAW,2,2025-05-18 02:52:53,2025-05-18 03:26:28,33.6,,공통
b170_overload_r1,GA,162,BLK_162P,9,TurnOver,3,2025-05-18 03:26:28,2025-05-18 03:39:40,13.2,,공통
b170_overload_r1,GA,162,BLK_162P,9,후면SAW,4,2025-05-18 04:41:57,2025-05-18 05:02:55,21.0,,공통
b170_overload_r1,GA,162,BLK_162P,9,NC,5,2025-05-18 05:17:14,2025-05-18 06:00:57,43.7,,공통
b170_overload_r1,GA,162,BLK_162P,9,베이35A 론지취부,6,2025-05-18 06:00:57,2025-05-18 07:05:51,64.9,35A,베이35A
b170_overload_r1,GA,162,BLK_162P,9,베이35A 론지용접,7,2025-05-18 07:05:51,2025-05-18 07:29:24,23.5,35A,베이35A
b170_overload_r1,GA,162,BLK_162P,9,베이35A 수정,8,2025-05-18 07:29:24,2025-05-18 08:08:47,39.4,35A,베이35A
b170_overload_r1,GA,164,BLK_143S,1,판계,1,2025-05-18 08:00:00,2025-05-18 08:33:00,33.0,,공통
b170_overload_r1,GA,164,BLK_143S,1,전면SAW,2,2025-05-18 08:33:00,2025-05-18 09:06:07,33.1,,공통
b170_overload_r1,GA,164,BLK_143S,1,TurnOver,3,2025-05-18 09:06:07,2025-05-18 09:19:19,13.2,,공통
b170_overload_r1,GA,164,BLK_143S,1,후면SAW,4,2025-05-18 09:19:19,2025-05-18 09:39:41,20.4,,공통
b170_overload_r1,GA,164,BLK_143S,1,NC,5,2025-05-18 09:39:41,2025-05-18 10:30:51,51.2,,공통
b170_overload_r1,GA,164,BLK_143S,1,베이36B 론지취부,6,2025-05-18 10:30:51,2025-05-18 12:18:06,107.3,36B,베이36B
b170_overload_r1,GA,164,BLK_143S,1,베이36B 론지용접,7,2025-05-18 12:18:06,2025-05-18 12:48:54,30.8,36B,베이36B
b170_overload_r1,GA,164,BLK_143S,1,베이36B 수정,8,2025-05-18 12:48:54,2025-05-18 13:54:54,66.0,36B,베이36B
b170_overload_r1,GA,166,BLK_160S,2,판계,1,2025-05-18 08:33:00,2025-05-18 09:09:18,36.3,,공통
b170_overload_r1,GA,166,BLK_160S,2,전면SAW,2,2025-05-18 09:09:18,2025-05-18 10:59:47,110.5,,공통
b170_overload_r1,GA,166,BLK_160S,2,TurnOver,3,2025-05-18 10:59:47,2025-05-18 11:12:59,13.2,,공통
b170_overload_r1,GA,166,BLK_160S,2,후면SAW,4,2025-05-18 11:12:59,2025-05-18 12:40:14,87.3,,공통
b170_overload_r1,GA,166,BLK_160S,2,NC,5,2025-05-18 12:40:14,2025-05-18 13:25:55,45.7,,공통
b170_overload_r1,GA,166,BLK_160S,2,베이35A 론지취부,6,2025-05-18 13:25:55,2025-05-18 14:46:13,80.3,35A,베이35A
b170_overload_r1,GA,166,BLK_160S,2,베이35A 론지용접,7,2025-05-18 14:46:13,2025-05-18 15:12:23,26.2,35A,베이35A
b170_overload_r1,GA,166,BLK_160S,2,베이35A 수정,8,2025-05-18 15:12:23,2025-05-18 16:01:27,49.1,35A,베이35A
b170_overload_r1,GA,167,BLK_54C,38,판계,1,2025-05-09 16:30:24,2025-05-09 17:06:42,36.3,,공통
b170_overload_r1,GA,167,BLK_54C,38,전면SAW,2,2025-05-10 14:10:18,2025-05-10 16:39:39,149.3,,공통
b170_overload_r1,GA,167,BLK_54C,38,TurnOver,3,2025-05-10 16:39:39,2025-05-10 16:52:51,13.2,,공통
b170_overload_r1,GA,167,BLK_54C,38,후면SAW,4,2025-05-10 16:52:51,2025-05-10 19:27:12,154.4,,공통
b170_overload_r1,GA,167,BLK_54C,38,NC,5,2025-05-10 19:27:12,2025-05-10 20:15:27,48.2,,공통
b170_overload_r1,GA,167,BLK_54C,38,베이36B 론지취부,6,2025-05-10 20:15:27,2025-05-10 21:55:00,99.6,36B,베이36B
b170_overload_r1,GA,167,BLK_54C,38,베이36B 론지용접,7,2025-05-10 21:55:00,2025-05-10 22:24:29,29.5,36B,베이36B
b170_overload_r1,GA,167,BLK_54C,38,베이36B 수정,8,2025-05-10 22:24:29,2025-05-10 23:25:38,61.2,36B,베이36B
b170_overload_r1,GA,170,BLK_23S,62,판계,1,2025-05-11 10:39:30,2025-05-11 11:07:00,27.5,,공통
b170_overload_r1,GA,170,BLK_23S,62,전면SAW,2,2025-05-12 00:39:51,2025-05-12 01:12:19,32.5,,공통
b170_overload_r1,GA,170,BLK_23S,62,TurnOver,3,2025-05-12 01:12:19,2025-05-12 01:25:31,13.2,,공통
b170_overload_r1,GA,170,BLK_23S,62,후면SAW,4,2025-05-12 02:06:49,2025-05-12 02:26:18,19.5,,공통
b170_overload_r1,GA,170,BLK_23S,62,NC,5,2025-05-12 02:57:42,2025-05-12 03:36:23,38.7,,공통
b170_overload_r1,GA,170,BLK_23S,62,베이35A 론지취부,6,2025-05-12 03:36:23,2025-05-12 04:56:41,80.3,35A,베이35A
b170_overload_r1,GA,170,BLK_23S,62,베이35A 론지용접,7,2025-05-12 04:56:41,2025-05-12 05:22:52,26.2,35A,베이35A
b170_overload_r1,GA,170,BLK_23S,62,베이35A 수정,8,2025-05-12 05:22:52,2025-05-12 06:11:55,49.1,35A,베이35A
b170_overload_r1,GA,168,BLK_95C,115,판계,1,2025-05-14 15:06:48,2025-05-14 15:39:48,33.0,,공통
b170_overload_r1,GA,168,BLK_95C,115,전면SAW,2,2025-05-15 05:24:40,2025-05-15 06:00:14,35.6,,공통
b170_overload_r1,GA,168,BLK_95C,115,TurnOver,3,2025-05-15 06:00:14,2025-05-15 06:13:26,13.2,,공통
b170_overload_r1,GA,168,BLK_95C,115,후면SAW,4,2025-05-15 07:18:56,2025-05-15 07:42:29,23.6,,공통
b170_overload_r1,GA,168,BLK_95C,115,NC,5,2025-05-15 08:12:18,2025-05-15 08:59:18,47.0,,공통
b170_overload_r1,GA,168,BLK_95C,115,베이35A 론지취부,6,2025-05-15 08:59:18,2025-05-15 10:11:54,72.6,35A,베이35A
b170_overload_r1,GA,168,BLK_95C,115,베이35A 론지용접,7,2025-05-15 10:11:54,2025-05-15 10:36:45,24.9,35A,베이35A
b170_overload_r1,GA,168,BLK_95C,115,베이35A 수정,8,2025-05-15 10:36:45,2025-05-15 11:20:58,44.2,35A,베이35A
b170_overload_r1,GA,169,BLK_159C,161,판계,1,2025-05-17 11:12:30,2025-05-17 12:02:00,49.5,,공통
b170_overload_r1,GA,169,BLK_159C,161,전면SAW,2,2025-05-17 21:49:07,2025-05-18 00:24:50,155.7,,공통
b170_overload_r1,GA,169,BLK_159C,161,TurnOver,3,2025-05-18 00:24:50,2025-05-18 00:38:02,13.2,,공통
b170_overload_r1,GA,169,BLK_159C,161,후면SAW,4,2025-05-18 00:51:49,2025-05-18 02:45:31,113.7,,공통
b170_overload_r1,GA,169,BLK_159C,161,NC,5,2025-05-18 02:45:31,2025-05-18 03:43:43,58.2,,공통
b170_overload_r1,GA,169,BLK_159C,161,베이36B 론지취부,6,2025-05-18 03:43:43,2025-05-18 05:27:07,103.4,36B,베이36B
b170_overload_r1,GA,169,BLK_159C,161,베이36B 론지용접,7,2025-05-18 05:27:07,2025-05-18 05:57:15,30.1,36B,베이36B
b170_overload_r1,GA,169,BLK_159C,161,베이36B 수정,8,2025-05-18 05:57:15,2025-05-18 07:00:50,63.6,36B,베이36B
