grid_case_id,method_label,block_id,block_name,sequence,process_name,process_index,start_time,end_time,duration_min,assigned_bay,machine_type
b140_sub_heavy_r1,Proposed,6,BLK_6S,1,판계,1,2025-09-15 08:00:00,2025-09-15 08:30:00,30.0,,공통
b140_sub_heavy_r1,Proposed,6,BLK_6S,1,전면SAW,2,2025-09-15 08:30:00,2025-09-15 09:16:52,46.9,,공통
b140_sub_heavy_r1,Proposed,6,BLK_6S,1,TurnOver,3,2025-09-15 09:16:52,2025-09-15 09:28:52,12.0,,공통
b140_sub_heavy_r1,Proposed,6,BLK_6S,1,후면SAW,4,2025-09-15 09:28:52,2025-09-15 10:09:27,40.6,,공통
b140_sub_heavy_r1,Proposed,6,BLK_6S,1,NC,5,2025-09-15 10:09:27,2025-09-15 10:52:07,42.7,,공통
b140_sub_heavy_r1,Proposed,6,BLK_6S,1,베이35A 론지취부,6,2025-09-15 10:52:07,2025-09-15 12:12:07,80.0,35A,베이35A
b140_sub_heavy_r1,Proposed,6,BLK_6S,1,베이35A 론지용접,7,2025-09-15 12:12:07,2025-09-15 12:37:07,25.0,35A,베이35A
b140_sub_heavy_r1,Proposed,6,BLK_6S,1,베이35A 수정,8,2025-09-15 12:37:07,2025-09-15 13:26:07,49.0,35A,베이35A
b140_sub_heavy_r1,Proposed,2,BLK_2C,2,판계,1,2025-09-15 08:30:00,2025-09-15 09:03:00,33.0,,공통
b140_sub_heavy_r1,Proposed,2,BLK_2C,2,전면SAW,2,2025-09-15 09:16:52,2025-09-15 10:44:27,87.6,,공통
b140_sub_heavy_r1,Proposed,2,BLK_2C,2,TurnOver,3,2025-09-15 10:44:27,2025-09-15 10:56:27,12.0,,공통
b140_sub_heavy_r1,Proposed,2,BLK_2C,2,후면SAW,4,2025-09-15 10:56:27,2025-09-15 12:04:04,67.6,,공통
b140_sub_heavy_r1,Proposed,2,BLK_2C,2,NC,5,2025-09-15 12:04:04,2025-09-15 12:42:29,38.4,,공통
b140_sub_heavy_r1,Proposed,2,BLK_2C,2,베이36B 론지취부,6,2025-09-15 12:42:29,2025-09-15 13:23:59,41.5,36B,베이36B
b140_sub_heavy_r1,Proposed,2,BLK_2C,2,베이36B 론지용접,7,2025-09-15 13:23:59,2025-09-15 13:42:23,18.4,36B,베이36B
b140_sub_heavy_r1,Proposed,2,BLK_2C,2,베이36B 수정,8,2025-09-15 13:42:23,2025-09-15 14:07:11,24.8,36B,베이36B
b140_sub_heavy_r1,Proposed,26,BLK_26P,3,판계,1,2025-09-15 09:03:00,2025-09-15 09:41:00,38.0,,공통
b140_sub_heavy_r1,Proposed,26,BLK_26P,3,전면SAW,2,2025-09-15 10:44:27,2025-09-15 11:57:31,73.1,,공통
b140_sub_heavy_r1,Proposed,26,BLK_26P,3,TurnOver,3,2025-09-15 11:57:31,2025-09-15 12:09:31,12.0,,공통
b140_sub_heavy_r1,Proposed,26,BLK_26P,3,후면SAW,4,2025-09-15 12:09:31,2025-09-15 13:03:54,54.4,,공통
b140_sub_heavy_r1,Proposed,26,BLK_26P,3,NC,5,2025-09-15 13:03:54,2025-09-15 13:45:29,41.6,,공통
b140_sub_heavy_r1,Proposed,26,BLK_26P,3,베이35A 론지취부,6,2025-09-15 13:45:29,2025-09-15 14:37:29,52.0,35A,베이35A
b140_sub_heavy_r1,Proposed,26,BLK_26P,3,베이35A 론지용접,7,2025-09-15 14:37:29,2025-09-15 14:57:41,20.2,35A,베이35A
b140_sub_heavy_r1,Proposed,26,BLK_26P,3,베이35A 수정,8,2025-09-15 14:57:41,2025-09-15 15:29:05,31.4,35A,베이35A
b140_sub_heavy_r1,Proposed,10,BLK_10C,4,판계,1,2025-09-15 09:41:00,2025-09-15 10:11:00,30.0,,공통
b140_sub_heavy_r1,Proposed,10,BLK_10C,4,전면SAW,2,2025-09-15 11:57:31,2025-09-15 12:30:00,32.5,,공통
b140_sub_heavy_r1,Proposed,10,BLK_10C,4,TurnOver,3,2025-09-15 12:30:00,2025-09-15 12:42:00,12.0,,공통
b140_sub_heavy_r1,Proposed,10,BLK_10C,4,후면SAW,4,2025-09-15 13:03:54,2025-09-15 13:25:31,21.6,,공통
b140_sub_heavy_r1,Proposed,10,BLK_10C,4,NC,5,2025-09-15 13:45:29,2025-09-15 14:36:16,50.8,,공통
b140_sub_heavy_r1,Proposed,10,BLK_10C,4,베이36B 론지취부,6,2025-09-15 14:36:16,2025-09-15 15:52:46,76.5,36B,베이36B
b140_sub_heavy_r1,Proposed,10,BLK_10C,4,베이36B 론지용접,7,2025-09-15 15:52:46,2025-09-15 16:17:10,24.4,36B,베이36B
b140_sub_heavy_r1,Proposed,10,BLK_10C,4,베이36B 수정,8,2025-09-15 16:17:10,2025-09-15 17:03:58,46.8,36B,베이36B
b140_sub_heavy_r1,Proposed,14,BLK_14C,5,판계,1,2025-09-15 10:11:00,2025-09-15 10:31:00,20.0,,공통
b140_sub_heavy_r1,Proposed,14,BLK_14C,5,전면SAW,2,2025-09-15 12:30:00,2025-09-15 13:06:31,36.5,,공통
b140_sub_heavy_r1,Proposed,14,BLK_14C,5,TurnOver,3,2025-09-15 13:06:31,2025-09-15 13:18:31,12.0,,공통
b140_sub_heavy_r1,Proposed,14,BLK_14C,5,후면SAW,4,2025-09-15 13:25:31,2025-09-15 13:52:25,26.9,,공통
b140_sub_heavy_r1,Proposed,14,BLK_14C,5,NC,5,2025-09-15 14:36:16,2025-09-15 15:04:45,28.5,,공통
b140_sub_heavy_r1,Proposed,14,BLK_14C,5,베이35A 론지취부,6,2025-09-15 15:04:45,2025-09-15 15:42:45,38.0,35A,베이35A
b140_sub_heavy_r1,Proposed,14,BLK_14C,5,베이35A 론지용접,7,2025-09-15 15:42:45,2025-09-15 16:00:33,17.8,35A,베이35A
b140_sub_heavy_r1,Proposed,14,BLK_14C,5,베이35A 수정,8,2025-09-15 16:00:33,2025-09-15 16:23:09,22.6,35A,베이35A
b140_sub_heavy_r1,Proposed,30,BLK_30P,6,판계,1,2025-09-15 10:31:00,2025-09-15 11:28:00,57.0,,공통
b140_sub_heavy_r1,Proposed,30,BLK_30P,6,전면SAW,2,2025-09-15 13:06:31,2025-09-15 16:16:31,190.0,,공통
b140_sub_heavy_r1,Proposed,30,BLK_30P,6,TurnOver,3,2025-09-15 16:16:31,2025-09-15 16:28:31,12.0,,공통
b140_sub_heavy_r1,Proposed,30,BLK_30P,6,후면SAW,4,2025-09-15 16:28:31,2025-09-15 19:07:13,158.7,,공통
b140_sub_heavy_r1,Proposed,30,BLK_30P,6,NC,5,2025-09-15 19:07:13,2025-09-15 20:13:25,66.2,,공통
b140_sub_heavy_r1,Proposed,30,BLK_30P,6,베이36B 론지취부,6,2025-09-15 20:13:25,2025-09-15 21:15:55,62.5,36B,베이36B
b140_sub_heavy_r1,Proposed,30,BLK_30P,6,베이36B 론지용접,7,2025-09-15 21:15:55,2025-09-15 21:37:55,22.0,36B,베이36B
b140_sub_heavy_r1,Proposed,30,BLK_30P,6,베이36B 수정,8,2025-09-15 21:37:55,2025-09-15 22:15:55,38.0,36B,베이36B
b140_sub_heavy_r1,Proposed,18,BLK_18C,7,판계,1,2025-09-15 11:28:00,2025-09-15 11:48:00,20.0,,공통
b140_sub_heavy_r1,Proposed,18,BLK_18C,7,전면SAW,2,2025-09-15 16:16:31,2025-09-15 16:52:22,35.9,,공통
b140_sub_heavy_r1,Proposed,18,BLK_18C,7,TurnOver,3,2025-09-15 16:52:22,2025-09-15 17:04:22,12.0,,공통
b140_sub_heavy_r1,Proposed,18,BLK_18C,7,후면SAW,4,2025-09-15 19:07:13,2025-09-15 19:33:16,26.0,,공통
b140_sub_heavy_r1,Proposed,18,BLK_18C,7,NC,5,2025-09-15 20:13:25,2025-09-15 20:42:34,29.1,,공통
b140_sub_heavy_r1,Proposed,18,BLK_18C,7,베이35A 론지취부,6,2025-09-15 20:42:34,2025-09-15 21:38:04,55.5,35A,베이35A
b140_sub_heavy_r1,Proposed,18,BLK_18C,7,베이35A 론지용접,7,2025-09-15 21:38:04,2025-09-15 21:58:52,20.8,35A,베이35A
b140_sub_heavy_r1,Proposed,18,BLK_18C,7,베이35A 수정,8,2025-09-15 21:58:52,2025-09-15 22:32:28,33.6,35A,베이35A
b140_sub_heavy_r1,Proposed,38,BLK_38S,8,판계,1,2025-09-15 11:48:00,2025-09-15 12:08:00,20.0,,공통
b140_sub_heavy_r1,Proposed,38,BLK_38S,8,전면SAW,2,2025-09-15 16:52:22,2025-09-15 18:30:17,97.9,,공통
b140_sub_heavy_r1,Proposed,38,BLK_38S,8,TurnOver,3,2025-09-15 18:30:17,2025-09-15 18:42:17,12.0,,공통
b140_sub_heavy_r1,Proposed,38,BLK_38S,8,후면SAW,4,2025-09-15 19:33:16,2025-09-15 20:50:18,77.0,,공통
b140_sub_heavy_r1,Proposed,38,BLK_38S,8,NC,5,2025-09-15 20:50:18,2025-09-15 21:15:40,25.4,,공통
b140_sub_heavy_r1,Proposed,38,BLK_38S,8,베이36B 론지취부,6,2025-09-15 21:15:55,2025-09-15 21:50:25,34.5,36B,베이36B
b140_sub_heavy_r1,Proposed,38,BLK_38S,8,베이36B 론지용접,7,2025-09-15 21:50:25,2025-09-15 22:03:37,13.2,36B,베이36B
b140_sub_heavy_r1,Proposed,38,BLK_38S,8,베이36B 수정,8,2025-09-15 22:15:55,2025-09-15 22:36:19,20.4,36B,베이36B
b140_sub_heavy_r1,Proposed,22,BLK_22S,9,판계,1,2025-09-15 12:08:00,2025-09-15 12:28:00,20.0,,공통
b140_sub_heavy_r1,Proposed,22,BLK_22S,9,전면SAW,2,2025-09-15 18:30:17,2025-09-15 18:57:18,27.0,,공통
b140_sub_heavy_r1,Proposed,22,BLK_22S,9,TurnOver,3,2025-09-15 18:57:18,2025-09-15 19:09:18,12.0,,공통
b140_sub_heavy_r1,Proposed,22,BLK_22S,9,후면SAW,4,2025-09-15 20:50:18,2025-09-15 21:04:43,14.4,,공통
b140_sub_heavy_r1,Proposed,22,BLK_22S,9,NC,5,2025-09-15 21:15:40,2025-09-15 21:40:17,24.6,,공통
b140_sub_heavy_r1,Proposed,22,BLK_22S,9,베이35A 론지취부,6,2025-09-15 21:40:17,2025-09-15 22:18:17,38.0,35A,베이35A
b140_sub_heavy_r1,Proposed,22,BLK_22S,9,베이35A 론지용접,7,2025-09-15 22:18:17,2025-09-15 22:36:05,17.8,35A,베이35A
b140_sub_heavy_r1,Proposed,22,BLK_22S,9,베이35A 수정,8,2025-09-15 22:36:05,2025-09-15 22:58:41,22.6,35A,베이35A
b140_sub_heavy_r1,Proposed,13,BLK_13C,10,판계,1,2025-09-15 12:28:00,2025-09-15 12:58:00,30.0,,공통
b140_sub_heavy_r1,Proposed,13,BLK_13C,10,전면SAW,2,2025-09-15 18:57:18,2025-09-15 21:02:18,125.0,,공통
b140_sub_heavy_r1,Proposed,13,BLK_13C,10,TurnOver,3,2025-09-15 21:02:18,2025-09-15 21:14:18,12.0,,공통
b140_sub_heavy_r1,Proposed,13,BLK_13C,10,후면SAW,4,2025-09-15 21:14:18,2025-09-15 23:00:09,105.8,,공통
b140_sub_heavy_r1,Proposed,13,BLK_13C,10,NC,5,2025-09-15 23:00:09,2025-09-15 23:55:54,55.8,,공통
b140_sub_heavy_r1,Proposed,13,BLK_13C,10,베이36B 론지취부,6,2025-09-15 23:55:54,2025-09-16 01:01:54,66.0,36B,베이36B
b140_sub_heavy_r1,Proposed,13,BLK_13C,10,베이36B 론지용접,7,2025-09-16 01:01:54,2025-09-16 01:24:30,22.6,36B,베이36B
b140_sub_heavy_r1,Proposed,13,BLK_13C,10,베이36B 수정,8,2025-09-16 01:24:30,2025-09-16 02:04:42,40.2,36B,베이36B
b140_sub_heavy_r1,Proposed,1,BLK_1P,11,판계,1,2025-09-15 12:58:00,2025-09-15 13:28:00,30.0,,공통
b140_sub_heavy_r1,Proposed,1,BLK_1P,11,전면SAW,2,2025-09-15 21:02:18,2025-09-15 22:26:37,84.3,,공통
b140_sub_heavy_r1,Proposed,1,BLK_1P,11,TurnOver,3,2025-09-15 22:26:37,2025-09-15 22:38:37,12.0,,공통
b140_sub_heavy_r1,Proposed,1,BLK_1P,11,후면SAW,4,2025-09-15 23:00:09,2025-09-16 00:04:47,64.6,,공통
b140_sub_heavy_r1,Proposed,1,BLK_1P,11,NC,5,2025-09-16 00:04:47,2025-09-16 00:54:51,50.1,,공통
b140_sub_heavy_r1,Proposed,1,BLK_1P,11,베이35A 론지취부,6,2025-09-16 00:54:51,2025-09-16 01:57:21,62.5,35A,베이35A
b140_sub_heavy_r1,Proposed,1,BLK_1P,11,베이35A 론지용접,7,2025-09-16 01:57:21,2025-09-16 02:19:21,22.0,35A,베이35A
b140_sub_heavy_r1,Proposed,1,BLK_1P,11,베이35A 수정,8,2025-09-16 02:19:21,2025-09-16 02:57:21,38.0,35A,베이35A
b140_sub_heavy_r1,Proposed,75,BLK_75C,12,판계,1,2025-09-15 13:28:00,2025-09-15 14:13:00,45.0,,공통
b140_sub_heavy_r1,Proposed,75,BLK_75C,12,전면SAW,2,2025-09-15 22:26:37,2025-09-15 23:10:48,44.2,,공통
b140_sub_heavy_r1,Proposed,75,BLK_75C,12,TurnOver,3,2025-09-15 23:10:48,2025-09-15 23:22:48,12.0,,공통
b140_sub_heavy_r1,Proposed,75,BLK_75C,12,후면SAW,4,2025-09-16 00:04:47,2025-09-16 00:41:49,37.0,,공통
b140_sub_heavy_r1,Proposed,75,BLK_75C,12,NC,5,2025-09-16 00:54:51,2025-09-16 01:54:04,59.2,,공통
b140_sub_heavy_r1,Proposed,75,BLK_75C,12,베이36B 론지취부,6,2025-09-16 01:54:04,2025-09-16 03:59:34,125.5,36B,베이36B
b140_sub_heavy_r1,Proposed,75,BLK_75C,12,베이36B 론지용접,7,2025-09-16 03:59:34,2025-09-16 04:32:22,32.8,36B,베이36B
b140_sub_heavy_r1,Proposed,75,BLK_75C,12,베이36B 수정,8,2025-09-16 04:32:22,2025-09-16 05:49:58,77.6,36B,베이36B
b140_sub_heavy_r1,Proposed,65,BLK_65P,13,판계,1,2025-09-15 14:13:00,2025-09-15 14:33:00,20.0,,공통
b140_sub_heavy_r1,Proposed,65,BLK_65P,13,전면SAW,2,2025-09-15 23:10:48,2025-09-15 23:48:10,37.4,,공통
b140_sub_heavy_r1,Proposed,65,BLK_65P,13,TurnOver,3,2025-09-15 23:48:10,2025-09-16 00:00:10,12.0,,공통
b140_sub_heavy_r1,Proposed,65,BLK_65P,13,후면SAW,4,2025-09-16 00:41:49,2025-09-16 01:09:52,28.1,,공통
b140_sub_heavy_r1,Proposed,65,BLK_65P,13,NC,5,2025-09-16 01:54:04,2025-09-16 02:27:43,33.6,,공통
b140_sub_heavy_r1,Proposed,65,BLK_65P,13,베이35A 론지취부,6,2025-09-16 02:27:43,2025-09-16 03:58:13,90.5,35A,베이35A
b140_sub_heavy_r1,Proposed,65,BLK_65P,13,베이35A 론지용접,7,2025-09-16 03:58:13,2025-09-16 04:25:01,26.8,35A,베이35A
b140_sub_heavy_r1,Proposed,65,BLK_65P,13,베이35A 수정,8,2025-09-16 04:25:01,2025-09-16 05:20:37,55.6,35A,베이35A
b140_sub_heavy_r1,Proposed,55,BLK_55C,14,판계,1,2025-09-15 14:33:00,2025-09-15 15:03:00,30.0,,공통
b140_sub_heavy_r1,Proposed,55,BLK_55C,14,전면SAW,2,2025-09-15 23:48:10,2025-09-16 00:28:20,40.2,,공통
b140_sub_heavy_r1,Proposed,55,BLK_55C,14,TurnOver,3,2025-09-16 00:28:20,2025-09-16 00:40:20,12.0,,공통
b140_sub_heavy_r1,Proposed,55,BLK_55C,14,후면SAW,4,2025-09-16 01:09:52,2025-09-16 01:41:35,31.7,,공통
b140_sub_heavy_r1,Proposed,55,BLK_55C,14,NC,5,2025-09-16 02:27:43,2025-09-16 03:09:54,42.2,,공통
b140_sub_heavy_r1,Proposed,55,BLK_55C,14,베이36B 론지취부,6,2025-09-16 03:59:34,2025-09-16 04:44:34,45.0,36B,베이36B
b140_sub_heavy_r1,Proposed,55,BLK_55C,14,베이36B 론지용접,7,2025-09-16 04:44:34,2025-09-16 05:03:34,19.0,36B,베이36B
b140_sub_heavy_r1,Proposed,55,BLK_55C,14,베이36B 수정,8,2025-09-16 05:49:58,2025-09-16 06:16:58,27.0,36B,베이36B
b140_sub_heavy_r1,Proposed,21,BLK_21S,15,판계,1,2025-09-15 15:03:00,2025-09-15 15:33:00,30.0,,공통
b140_sub_heavy_r1,Proposed,21,BLK_21S,15,전면SAW,2,2025-09-16 00:28:20,2025-09-16 02:08:06,99.8,,공통
b140_sub_heavy_r1,Proposed,21,BLK_21S,15,TurnOver,3,2025-09-16 02:08:06,2025-09-16 02:20:06,12.0,,공통
b140_sub_heavy_r1,Proposed,21,BLK_21S,15,후면SAW,4,2025-09-16 02:20:06,2025-09-16 03:38:49,78.7,,공통
b140_sub_heavy_r1,Proposed,21,BLK_21S,15,NC,5,2025-09-16 03:38:49,2025-09-16 04:32:04,53.3,,공통
b140_sub_heavy_r1,Proposed,21,BLK_21S,15,베이36B 론지취부,6,2025-09-16 04:44:34,2025-09-16 05:57:34,73.0,36B,베이36B
b140_sub_heavy_r1,Proposed,21,BLK_21S,15,베이36B 론지용접,7,2025-09-16 05:57:34,2025-09-16 06:21:22,23.8,36B,베이36B
b140_sub_heavy_r1,Proposed,21,BLK_21S,15,베이36B 수정,8,2025-09-16 06:21:22,2025-09-16 07:05:58,44.6,36B,베이36B
b140_sub_heavy_r1,Proposed,9,BLK_9C,16,판계,1,2025-09-15 15:33:00,2025-09-15 15:58:00,25.0,,공통
b140_sub_heavy_r1,Proposed,9,BLK_9C,16,전면SAW,2,2025-09-16 02:08:06,2025-09-16 02:53:40,45.6,,공통
b140_sub_heavy_r1,Proposed,9,BLK_9C,16,TurnOver,3,2025-09-16 02:53:40,2025-09-16 03:05:40,12.0,,공통
b140_sub_heavy_r1,Proposed,9,BLK_9C,16,후면SAW,4,2025-09-16 03:38:49,2025-09-16 04:17:40,38.9,,공통
b140_sub_heavy_r1,Proposed,9,BLK_9C,16,NC,5,2025-09-16 04:32:04,2025-09-16 05:09:18,37.2,,공통
b140_sub_heavy_r1,Proposed,9,BLK_9C,16,베이35A 론지취부,6,2025-09-16 05:09:18,2025-09-16 06:18:48,69.5,35A,베이35A
b140_sub_heavy_r1,Proposed,9,BLK_9C,16,베이35A 론지용접,7,2025-09-16 06:18:48,2025-09-16 06:42:00,23.2,35A,베이35A
b140_sub_heavy_r1,Proposed,9,BLK_9C,16,베이35A 수정,8,2025-09-16 06:42:00,2025-09-16 07:24:24,42.4,35A,베이35A
b140_sub_heavy_r1,Proposed,5,BLK_5P,17,판계,1,2025-09-15 15:58:00,2025-09-15 16:18:00,20.0,,공통
b140_sub_heavy_r1,Proposed,5,BLK_5P,17,전면SAW,2,2025-09-16 02:53:40,2025-09-16 03:47:27,53.8,,공통
b140_sub_heavy_r1,Proposed,5,BLK_5P,17,TurnOver,3,2025-09-16 03:47:27,2025-09-16 03:59:27,12.0,,공통
b140_sub_heavy_r1,Proposed,5,BLK_5P,17,후면SAW,4,2025-09-16 04:17:40,2025-09-16 05:07:19,49.7,,공통
b140_sub_heavy_r1,Proposed,5,BLK_5P,17,NC,5,2025-09-16 05:09:18,2025-09-16 05:38:15,28.9,,공통
b140_sub_heavy_r1,Proposed,5,BLK_5P,17,베이36B 론지취부,6,2025-09-16 05:57:34,2025-09-16 06:39:04,41.5,36B,베이36B
b140_sub_heavy_r1,Proposed,5,BLK_5P,17,베이36B 론지용접,7,2025-09-16 06:39:04,2025-09-16 06:57:28,18.4,36B,베이36B
b140_sub_heavy_r1,Proposed,5,BLK_5P,17,베이36B 수정,8,2025-09-16 07:05:58,2025-09-16 07:30:46,24.8,36B,베이36B
b140_sub_heavy_r1,Proposed,50,BLK_50S,18,판계,1,2025-09-15 16:18:00,2025-09-15 17:10:00,52.0,,공통
b140_sub_heavy_r1,Proposed,50,BLK_50S,18,전면SAW,2,2025-09-16 03:47:27,2025-09-16 04:26:16,38.8,,공통
b140_sub_heavy_r1,Proposed,50,BLK_50S,18,TurnOver,3,2025-09-16 04:26:16,2025-09-16 04:38:16,12.0,,공통
b140_sub_heavy_r1,Proposed,50,BLK_50S,18,후면SAW,4,2025-09-16 05:07:19,2025-09-16 05:37:16,29.9,,공통
b140_sub_heavy_r1,Proposed,50,BLK_50S,18,NC,5,2025-09-16 05:38:15,2025-09-16 06:43:20,65.1,,공통
b140_sub_heavy_r1,Proposed,50,BLK_50S,18,베이36B 론지취부,6,2025-09-16 06:43:20,2025-09-16 09:09:50,146.5,36B,베이36B
b140_sub_heavy_r1,Proposed,50,BLK_50S,18,베이36B 론지용접,7,2025-09-16 09:09:50,2025-09-16 09:46:14,36.4,36B,베이36B
b140_sub_heavy_r1,Proposed,50,BLK_50S,18,베이36B 수정,8,2025-09-16 09:46:14,2025-09-16 11:17:02,90.8,36B,베이36B
b140_sub_heavy_r1,Proposed,42,BLK_42P,1,판계,1,2025-09-16 08:00:00,2025-09-16 08:30:00,30.0,,공통
b140_sub_heavy_r1,Proposed,42,BLK_42P,1,전면SAW,2,2025-09-16 08:30:00,2025-09-16 10:02:22,92.4,,공통
b140_sub_heavy_r1,Proposed,42,BLK_42P,1,TurnOver,3,2025-09-16 10:02:22,2025-09-16 10:14:22,12.0,,공통
b140_sub_heavy_r1,Proposed,42,BLK_42P,1,후면SAW,4,2025-09-16 10:14:22,2025-09-16 11:26:21,72.0,,공통
b140_sub_heavy_r1,Proposed,42,BLK_42P,1,NC,5,2025-09-16 11:26:21,2025-09-16 12:19:39,53.3,,공통
b140_sub_heavy_r1,Proposed,42,BLK_42P,1,베이35A 론지취부,6,2025-09-16 12:19:39,2025-09-16 13:50:09,90.5,35A,베이35A
b140_sub_heavy_r1,Proposed,42,BLK_42P,1,베이35A 론지용접,7,2025-09-16 13:50:09,2025-09-16 14:16:57,26.8,35A,베이35A
b140_sub_heavy_r1,Proposed,42,BLK_42P,1,베이35A 수정,8,2025-09-16 14:16:57,2025-09-16 15:12:33,55.6,35A,베이35A
b140_sub_heavy_r1,Proposed,115,BLK_115P,2,판계,1,2025-09-16 08:30:00,2025-09-16 08:55:00,25.0,,공통
b140_sub_heavy_r1,Proposed,115,BLK_115P,2,전면SAW,2,2025-09-16 10:02:22,2025-09-16 10:36:17,33.9,,공통
b140_sub_heavy_r1,Proposed,115,BLK_115P,2,TurnOver,3,2025-09-16 10:36:17,2025-09-16 10:48:17,12.0,,공통
b140_sub_heavy_r1,Proposed,115,BLK_115P,2,후면SAW,4,2025-09-16 11:26:21,2025-09-16 11:49:51,23.5,,공통
b140_sub_heavy_r1,Proposed,115,BLK_115P,2,NC,5,2025-09-16 12:19:39,2025-09-16 12:57:19,37.7,,공통
b140_sub_heavy_r1,Proposed,115,BLK_115P,2,베이36B 론지취부,6,2025-09-16 12:57:19,2025-09-16 14:24:19,87.0,36B,베이36B
b140_sub_heavy_r1,Proposed,115,BLK_115P,2,베이36B 론지용접,7,2025-09-16 14:24:19,2025-09-16 14:50:31,26.2,36B,베이36B
b140_sub_heavy_r1,Proposed,115,BLK_115P,2,베이36B 수정,8,2025-09-16 14:50:31,2025-09-16 15:43:55,53.4,36B,베이36B
b140_sub_heavy_r1,Proposed,85,BLK_85S,3,판계,1,2025-09-16 08:55:00,2025-09-16 09:40:00,45.0,,공통
b140_sub_heavy_r1,Proposed,85,BLK_85S,3,전면SAW,2,2025-09-16 10:36:17,2025-09-16 12:08:09,91.9,,공통
b140_sub_heavy_r1,Proposed,85,BLK_85S,3,TurnOver,3,2025-09-16 12:08:09,2025-09-16 12:20:09,12.0,,공통
b140_sub_heavy_r1,Proposed,85,BLK_85S,3,후면SAW,4,2025-09-16 12:20:09,2025-09-16 13:49:15,89.1,,공통
b140_sub_heavy_r1,Proposed,85,BLK_85S,3,NC,5,2025-09-16 13:49:15,2025-09-16 14:44:40,55.4,,공통
b140_sub_heavy_r1,Proposed,85,BLK_85S,3,베이35A 론지취부,6,2025-09-16 14:44:40,2025-09-16 16:22:10,97.5,35A,베이35A
b140_sub_heavy_r1,Proposed,85,BLK_85S,3,베이35A 론지용접,7,2025-09-16 16:22:10,2025-09-16 16:50:10,28.0,35A,베이35A
b140_sub_heavy_r1,Proposed,85,BLK_85S,3,베이35A 수정,8,2025-09-16 16:50:10,2025-09-16 17:50:10,60.0,35A,베이35A
b140_sub_heavy_r1,Proposed,34,BLK_34C,4,판계,1,2025-09-16 09:40:00,2025-09-16 09:52:00,12.0,,공통
b140_sub_heavy_r1,Proposed,34,BLK_34C,4,전면SAW,2,2025-09-16 12:08:09,2025-09-16 12:47:46,39.6,,공통
b140_sub_heavy_r1,Proposed,34,BLK_34C,4,TurnOver,3,2025-09-16 12:47:46,2025-09-16 12:59:46,12.0,,공통
b140_sub_heavy_r1,Proposed,34,BLK_34C,4,후면SAW,4,2025-09-16 13:49:15,2025-09-16 14:20:17,31.0,,공통
b140_sub_heavy_r1,Proposed,34,BLK_34C,4,NC,5,2025-09-16 14:44:40,2025-09-16 15:06:48,22.1,,공통
b140_sub_heavy_r1,Proposed,34,BLK_34C,4,베이36B 론지취부,6,2025-09-16 15:06:48,2025-09-16 15:44:48,38.0,36B,베이36B
b140_sub_heavy_r1,Proposed,34,BLK_34C,4,베이36B 론지용접,7,2025-09-16 15:44:48,2025-09-16 16:02:36,17.8,36B,베이36B
b140_sub_heavy_r1,Proposed,34,BLK_34C,4,베이36B 수정,8,2025-09-16 16:02:36,2025-09-16 16:25:12,22.6,36B,베이36B
b140_sub_heavy_r1,Proposed,95,BLK_95P,5,판계,1,2025-09-16 09:52:00,2025-09-16 10:20:00,28.0,,공통
b140_sub_heavy_r1,Proposed,95,BLK_95P,5,전면SAW,2,2025-09-16 12:47:46,2025-09-16 14:56:22,128.6,,공통
b140_sub_heavy_r1,Proposed,95,BLK_95P,5,TurnOver,3,2025-09-16 14:56:22,2025-09-16 15:08:22,12.0,,공통
b140_sub_heavy_r1,Proposed,95,BLK_95P,5,후면SAW,4,2025-09-16 15:08:22,2025-09-16 16:53:23,105.0,,공통
b140_sub_heavy_r1,Proposed,95,BLK_95P,5,NC,5,2025-09-16 16:53:23,2025-09-16 17:25:33,32.2,,공통
b140_sub_heavy_r1,Proposed,95,BLK_95P,5,베이35A 론지취부,6,2025-09-16 17:25:33,2025-09-16 18:07:03,41.5,35A,베이35A
b140_sub_heavy_r1,Proposed,95,BLK_95P,5,베이35A 론지용접,7,2025-09-16 18:07:03,2025-09-16 18:21:27,14.4,35A,베이35A
b140_sub_heavy_r1,Proposed,95,BLK_95P,5,베이35A 수정,8,2025-09-16 18:21:27,2025-09-16 18:46:15,24.8,35A,베이35A
b140_sub_heavy_r1,Proposed,59,BLK_59C,6,판계,1,2025-09-16 10:20:00,2025-09-16 10:50:00,30.0,,공통
b140_sub_heavy_r1,Proposed,59,BLK_59C,6,전면SAW,2,2025-09-16 14:56:22,2025-09-16 15:28:04,31.7,,공통
b140_sub_heavy_r1,Proposed,59,BLK_59C,6,TurnOver,3,2025-09-16 15:28:04,2025-09-16 15:40:04,12.0,,공통
b140_sub_heavy_r1,Proposed,59,BLK_59C,6,후면SAW,4,2025-09-16 16:53:23,2025-09-16 17:13:58,20.6,,공통
b140_sub_heavy_r1,Proposed,59,BLK_59C,6,NC,5,2025-09-16 17:25:33,2025-09-16 18:07:24,41.9,,공통
b140_sub_heavy_r1,Proposed,59,BLK_59C,6,베이36B 론지취부,6,2025-09-16 18:07:24,2025-09-16 19:30:54,83.5,36B,베이36B
b140_sub_heavy_r1,Proposed,59,BLK_59C,6,베이36B 론지용접,7,2025-09-16 19:30:54,2025-09-16 19:56:30,25.6,36B,베이36B
b140_sub_heavy_r1,Proposed,59,BLK_59C,6,베이36B 수정,8,2025-09-16 19:56:30,2025-09-16 20:47:42,51.2,36B,베이36B
b140_sub_heavy_r1,Proposed,17,BLK_17C,7,판계,1,2025-09-16 10:50:00,2025-09-16 11:20:00,30.0,,공통
b140_sub_heavy_r1,Proposed,17,BLK_17C,7,전면SAW,2,2025-09-16 15:28:04,2025-09-16 16:08:15,40.2,,공통
b140_sub_heavy_r1,Proposed,17,BLK_17C,7,TurnOver,3,2025-09-16 16:08:15,2025-09-16 16:20:15,12.0,,공통
b140_sub_heavy_r1,Proposed,17,BLK_17C,7,후면SAW,4,2025-09-16 17:13:58,2025-09-16 17:45:42,31.7,,공통
b140_sub_heavy_r1,Proposed,17,BLK_17C,7,NC,5,2025-09-16 18:07:24,2025-09-16 18:55:51,48.4,,공통
b140_sub_heavy_r1,Proposed,17,BLK_17C,7,베이36B 론지취부,6,2025-09-16 19:30:54,2025-09-16 21:01:24,90.5,36B,베이36B
b140_sub_heavy_r1,Proposed,17,BLK_17C,7,베이36B 론지용접,7,2025-09-16 21:01:24,2025-09-16 21:28:12,26.8,36B,베이36B
b140_sub_heavy_r1,Proposed,17,BLK_17C,7,베이36B 수정,8,2025-09-16 21:28:12,2025-09-16 22:23:48,55.6,36B,베이36B
b140_sub_heavy_r1,Proposed,125,BLK_125S,8,판계,1,2025-09-16 11:20:00,2025-09-16 11:47:00,27.0,,공통
b140_sub_heavy_r1,Proposed,125,BLK_125S,8,전면SAW,2,2025-09-16 16:08:15,2025-09-16 18:25:26,137.2,,공통
b140_sub_heavy_r1,Proposed,125,BLK_125S,8,TurnOver,3,2025-09-16 18:25:26,2025-09-16 18:37:26,12.0,,공통
b140_sub_heavy_r1,Proposed,125,BLK_125S,8,후면SAW,4,2025-09-16 18:37:26,2025-09-16 20:17:18,99.9,,공통
b140_sub_heavy_r1,Proposed,125,BLK_125S,8,NC,5,2025-09-16 20:17:18,2025-09-16 20:47:40,30.4,,공통
b140_sub_heavy_r1,Proposed,125,BLK_125S,8,베이35A 론지취부,6,2025-09-16 20:47:40,2025-09-16 21:29:10,41.5,35A,베이35A
b140_sub_heavy_r1,Proposed,125,BLK_125S,8,베이35A 론지용접,7,2025-09-16 21:29:10,2025-09-16 21:43:34,14.4,35A,베이35A
b140_sub_heavy_r1,Proposed,125,BLK_125S,8,베이35A 수정,8,2025-09-16 21:43:34,2025-09-16 22:08:22,24.8,35A,베이35A
b140_sub_heavy_r1,Proposed,56,BLK_56C,9,판계,1,2025-09-16 11:47:00,2025-09-16 12:12:00,25.0,,공통
b140_sub_heavy_r1,Proposed,56,BLK_56C,9,전면SAW,2,2025-09-16 18:25:26,2025-09-16 19:16:45,51.3,,공통
b140_sub_heavy_r1,Proposed,56,BLK_56C,9,TurnOver,3,2025-09-16 19:16:45,2025-09-16 19:28:45,12.0,,공통
b140_sub_heavy_r1,Proposed,56,BLK_56C,9,후면SAW,4,2025-09-16 20:17:18,2025-09-16 21:03:41,46.4,,공통
b140_sub_heavy_r1,Proposed,56,BLK_56C,9,NC,5,2025-09-16 21:03:41,2025-09-16 21:41:24,37.7,,공통
b140_sub_heavy_r1,Proposed,56,BLK_56C,9,베이36B 론지취부,6,2025-09-16 21:41:24,2025-09-16 22:54:24,73.0,36B,베이36B
b140_sub_heavy_r1,Proposed,56,BLK_56C,9,베이36B 론지용접,7,2025-09-16 22:54:24,2025-09-16 23:18:12,23.8,36B,베이36B
b140_sub_heavy_r1,Proposed,56,BLK_56C,9,베이36B 수정,8,2025-09-16 23:18:12,2025-09-17 00:02:48,44.6,36B,베이36B
b140_sub_heavy_r1,Proposed,69,BLK_69P,10,판계,1,2025-09-16 12:12:00,2025-09-16 12:42:00,30.0,,공통
b140_sub_heavy_r1,Proposed,69,BLK_69P,10,전면SAW,2,2025-09-16 19:16:45,2025-09-16 19:49:16,32.5,,공통
b140_sub_heavy_r1,Proposed,69,BLK_69P,10,TurnOver,3,2025-09-16 19:49:16,2025-09-16 20:01:16,12.0,,공통
b140_sub_heavy_r1,Proposed,69,BLK_69P,10,후면SAW,4,2025-09-16 21:03:41,2025-09-16 21:25:22,21.7,,공통
b140_sub_heavy_r1,Proposed,69,BLK_69P,10,NC,5,2025-09-16 21:41:24,2025-09-16 22:24:10,42.8,,공통
b140_sub_heavy_r1,Proposed,69,BLK_69P,10,베이35A 론지취부,6,2025-09-16 22:24:10,2025-09-16 23:37:10,73.0,35A,베이35A
b140_sub_heavy_r1,Proposed,69,BLK_69P,10,베이35A 론지용접,7,2025-09-16 23:37:10,2025-09-17 00:00:58,23.8,35A,베이35A
b140_sub_heavy_r1,Proposed,69,BLK_69P,10,베이35A 수정,8,2025-09-17 00:00:58,2025-09-17 00:45:34,44.6,35A,베이35A
b140_sub_heavy_r1,Proposed,105,BLK_105P,11,판계,1,2025-09-16 12:42:00,2025-09-16 13:17:00,35.0,,공통
b140_sub_heavy_r1,Proposed,105,BLK_105P,11,전면SAW,2,2025-09-16 19:49:16,2025-09-16 21:20:45,91.5,,공통
b140_sub_heavy_r1,Proposed,105,BLK_105P,11,TurnOver,3,2025-09-16 21:20:45,2025-09-16 21:32:45,12.0,,공통
b140_sub_heavy_r1,Proposed,105,BLK_105P,11,후면SAW,4,2025-09-16 21:32:45,2025-09-16 22:36:01,63.3,,공통
b140_sub_heavy_r1,Proposed,105,BLK_105P,11,NC,5,2025-09-16 22:36:01,2025-09-16 23:11:49,35.8,,공통
b140_sub_heavy_r1,Proposed,105,BLK_105P,11,베이36B 론지취부,6,2025-09-16 23:11:49,2025-09-16 23:46:19,34.5,36B,베이36B
b140_sub_heavy_r1,Proposed,105,BLK_105P,11,베이36B 론지용접,7,2025-09-16 23:46:19,2025-09-17 00:03:31,17.2,36B,베이36B
b140_sub_heavy_r1,Proposed,105,BLK_105P,11,베이36B 수정,8,2025-09-17 00:03:31,2025-09-17 00:23:55,20.4,36B,베이36B
b140_sub_heavy_r1,Proposed,76,BLK_76C,12,판계,1,2025-09-16 13:17:00,2025-09-16 13:37:00,20.0,,공통
b140_sub_heavy_r1,Proposed,76,BLK_76C,12,전면SAW,2,2025-09-16 21:20:45,2025-09-16 21:55:48,35.0,,공통
b140_sub_heavy_r1,Proposed,76,BLK_76C,12,TurnOver,3,2025-09-16 21:55:48,2025-09-16 22:07:48,12.0,,공통
b140_sub_heavy_r1,Proposed,76,BLK_76C,12,후면SAW,4,2025-09-16 22:36:01,2025-09-16 23:01:01,25.0,,공통
b140_sub_heavy_r1,Proposed,76,BLK_76C,12,NC,5,2025-09-16 23:11:49,2025-09-16 23:42:01,30.2,,공통
b140_sub_heavy_r1,Proposed,76,BLK_76C,12,베이35A 론지취부,6,2025-09-16 23:42:01,2025-09-17 00:37:31,55.5,35A,베이35A
b140_sub_heavy_r1,Proposed,76,BLK_76C,12,베이35A 론지용접,7,2025-09-17 00:37:31,2025-09-17 00:58:19,20.8,35A,베이35A
b140_sub_heavy_r1,Proposed,76,BLK_76C,12,베이35A 수정,8,2025-09-17 00:58:19,2025-09-17 01:31:55,33.6,35A,베이35A
b140_sub_heavy_r1,Proposed,79,BLK_79C,13,판계,1,2025-09-16 13:37:00,2025-09-16 13:57:00,20.0,,공통
b140_sub_heavy_r1,Proposed,79,BLK_79C,13,전면SAW,2,2025-09-16 21:55:48,2025-09-16 22:32:45,37.0,,공통
b140_sub_heavy_r1,Proposed,79,BLK_79C,13,TurnOver,3,2025-09-16 22:32:45,2025-09-16 22:44:45,12.0,,공통
b140_sub_heavy_r1,Proposed,79,BLK_79C,13,후면SAW,4,2025-09-16 23:01:01,2025-09-16 23:28:31,27.5,,공통
b140_sub_heavy_r1,Proposed,79,BLK_79C,13,NC,5,2025-09-16 23:42:01,2025-09-17 00:11:18,29.3,,공통
b140_sub_heavy_r1,Proposed,79,BLK_79C,13,베이36B 론지취부,6,2025-09-17 00:11:18,2025-09-17 00:59:48,48.5,36B,베이36B
b140_sub_heavy_r1,Proposed,79,BLK_79C,13,베이36B 론지용접,7,2025-09-17 00:59:48,2025-09-17 01:19:24,19.6,36B,베이36B
b140_sub_heavy_r1,Proposed,79,BLK_79C,13,베이36B 수정,8,2025-09-17 01:19:24,2025-09-17 01:48:36,29.2,36B,베이36B
b140_sub_heavy_r1,Proposed,77,BLK_77S,14,판계,1,2025-09-16 13:57:00,2025-09-16 14:17:00,20.0,,공통
b140_sub_heavy_r1,Proposed,77,BLK_77S,14,전면SAW,2,2025-09-16 22:32:45,2025-09-16 23:49:25,76.7,,공통
b140_sub_heavy_r1,Proposed,77,BLK_77S,14,TurnOver,3,2025-09-16 23:49:25,2025-09-17 00:01:25,12.0,,공통
b140_sub_heavy_r1,Proposed,77,BLK_77S,14,후면SAW,4,2025-09-17 00:01:25,2025-09-17 00:59:04,57.7,,공통
b140_sub_heavy_r1,Proposed,77,BLK_77S,14,NC,5,2025-09-17 00:59:04,2025-09-17 01:24:10,25.1,,공통
b140_sub_heavy_r1,Proposed,77,BLK_77S,14,베이35A 론지취부,6,2025-09-17 01:24:10,2025-09-17 02:09:10,45.0,35A,베이35A
b140_sub_heavy_r1,Proposed,77,BLK_77S,14,베이35A 론지용접,7,2025-09-17 02:09:10,2025-09-17 02:24:10,15.0,35A,베이35A
b140_sub_heavy_r1,Proposed,77,BLK_77S,14,베이35A 수정,8,2025-09-17 02:24:10,2025-09-17 02:51:10,27.0,35A,베이35A
b140_sub_heavy_r1,Proposed,87,BLK_87P,15,판계,1,2025-09-16 14:17:00,2025-09-16 14:42:00,25.0,,공통
b140_sub_heavy_r1,Proposed,87,BLK_87P,15,전면SAW,2,2025-09-16 23:49:25,2025-09-17 00:17:30,28.1,,공통
b140_sub_heavy_r1,Proposed,87,BLK_87P,15,TurnOver,3,2025-09-17 00:17:30,2025-09-17 00:29:30,12.0,,공통
b140_sub_heavy_r1,Proposed,87,BLK_87P,15,후면SAW,4,2025-09-17 00:59:04,2025-09-17 01:14:54,15.8,,공통
b140_sub_heavy_r1,Proposed,87,BLK_87P,15,NC,5,2025-09-17 01:24:10,2025-09-17 01:59:09,35.0,,공통
b140_sub_heavy_r1,Proposed,87,BLK_87P,15,베이36B 론지취부,6,2025-09-17 01:59:09,2025-09-17 03:19:09,80.0,36B,베이36B
b140_sub_heavy_r1,Proposed,87,BLK_87P,15,베이36B 론지용접,7,2025-09-17 03:19:09,2025-09-17 03:44:09,25.0,36B,베이36B
b140_sub_heavy_r1,Proposed,87,BLK_87P,15,베이36B 수정,8,2025-09-17 03:44:09,2025-09-17 04:33:09,49.0,36B,베이36B
b140_sub_heavy_r1,Proposed,37,BLK_37P,16,판계,1,2025-09-16 14:42:00,2025-09-16 15:20:00,38.0,,공통
b140_sub_heavy_r1,Proposed,37,BLK_37P,16,전면SAW,2,2025-09-17 00:17:30,2025-09-17 01:57:07,99.6,,공통
b140_sub_heavy_r1,Proposed,37,BLK_37P,16,TurnOver,3,2025-09-17 01:57:07,2025-09-17 02:09:07,12.0,,공통
b140_sub_heavy_r1,Proposed,37,BLK_37P,16,후면SAW,4,2025-09-17 02:09:07,2025-09-17 03:27:42,78.6,,공통
b140_sub_heavy_r1,Proposed,37,BLK_37P,16,NC,5,2025-09-17 03:27:42,2025-09-17 04:15:22,47.7,,공통
b140_sub_heavy_r1,Proposed,37,BLK_37P,16,베이35A 론지취부,6,2025-09-17 04:15:22,2025-09-17 05:49:22,94.0,35A,베이35A
b140_sub_heavy_r1,Proposed,37,BLK_37P,16,베이35A 론지용접,7,2025-09-17 05:49:22,2025-09-17 06:16:46,27.4,35A,베이35A
b140_sub_heavy_r1,Proposed,37,BLK_37P,16,베이35A 수정,8,2025-09-17 06:16:46,2025-09-17 07:14:34,57.8,35A,베이35A
b140_sub_heavy_r1,Proposed,57,BLK_57C,17,판계,1,2025-09-16 15:20:00,2025-09-16 15:58:00,38.0,,공통
b140_sub_heavy_r1,Proposed,57,BLK_57C,17,전면SAW,2,2025-09-17 01:57:07,2025-09-17 03:29:21,92.2,,공통
b140_sub_heavy_r1,Proposed,57,BLK_57C,17,TurnOver,3,2025-09-17 03:29:21,2025-09-17 03:41:21,12.0,,공통
b140_sub_heavy_r1,Proposed,57,BLK_57C,17,후면SAW,4,2025-09-17 03:41:21,2025-09-17 04:53:13,71.9,,공통
b140_sub_heavy_r1,Proposed,57,BLK_57C,17,NC,5,2025-09-17 04:53:13,2025-09-17 05:36:49,43.6,,공통
b140_sub_heavy_r1,Proposed,57,BLK_57C,17,베이36B 론지취부,6,2025-09-17 05:36:49,2025-09-17 06:18:19,41.5,36B,베이36B
b140_sub_heavy_r1,Proposed,57,BLK_57C,17,베이36B 론지용접,7,2025-09-17 06:18:19,2025-09-17 06:36:43,18.4,36B,베이36B
b140_sub_heavy_r1,Proposed,57,BLK_57C,17,베이36B 수정,8,2025-09-17 06:36:43,2025-09-17 07:01:31,24.8,36B,베이36B
b140_sub_heavy_r1,Proposed,129,BLK_129S,18,판계,1,2025-09-16 15:58:00,2025-09-16 16:28:00,30.0,,공통
b140_sub_heavy_r1,Proposed,129,BLK_129S,18,전면SAW,2,2025-09-17 03:29:21,2025-09-17 05:58:01,148.7,,공통
b140_sub_heavy_r1,Proposed,129,BLK_129S,18,TurnOver,3,2025-09-17 05:58:01,2025-09-17 06:10:01,12.0,,공통
b140_sub_heavy_r1,Proposed,129,BLK_129S,18,후면SAW,4,2025-09-17 06:10:01,2025-09-17 08:18:33,128.5,,공통
b140_sub_heavy_r1,Proposed,129,BLK_129S,18,NC,5,2025-09-17 08:18:33,2025-09-17 09:18:16,59.7,,공통
b140_sub_heavy_r1,Proposed,129,BLK_129S,18,베이35A 론지취부,6,2025-09-17 09:18:16,2025-09-17 11:06:16,108.0,35A,베이35A
b140_sub_heavy_r1,Proposed,129,BLK_129S,18,베이35A 론지용접,7,2025-09-17 11:06:16,2025-09-17 11:36:04,29.8,35A,베이35A
b140_sub_heavy_r1,Proposed,129,BLK_129S,18,베이35A 수정,8,2025-09-17 11:36:04,2025-09-17 12:42:40,66.6,35A,베이35A
b140_sub_heavy_r1,Proposed,67,BLK_67C,19,판계,1,2025-09-16 16:28:00,2025-09-16 16:53:00,25.0,,공통
b140_sub_heavy_r1,Proposed,67,BLK_67C,19,전면SAW,2,2025-09-17 05:58:01,2025-09-17 06:41:32,43.5,,공통
b140_sub_heavy_r1,Proposed,67,BLK_67C,19,TurnOver,3,2025-09-17 06:41:32,2025-09-17 06:53:32,12.0,,공통
b140_sub_heavy_r1,Proposed,67,BLK_67C,19,후면SAW,4,2025-09-17 08:18:33,2025-09-17 08:54:40,36.1,,공통
b140_sub_heavy_r1,Proposed,67,BLK_67C,19,NC,5,2025-09-17 09:18:16,2025-09-17 09:54:44,36.5,,공통
b140_sub_heavy_r1,Proposed,67,BLK_67C,19,베이36B 론지취부,6,2025-09-17 09:54:44,2025-09-17 11:11:14,76.5,36B,베이36B
b140_sub_heavy_r1,Proposed,67,BLK_67C,19,베이36B 론지용접,7,2025-09-17 11:11:14,2025-09-17 11:35:38,24.4,36B,베이36B
b140_sub_heavy_r1,Proposed,67,BLK_67C,19,베이36B 수정,8,2025-09-17 11:35:38,2025-09-17 12:22:26,46.8,36B,베이36B
b140_sub_heavy_r1,Proposed,66,BLK_66C,20,판계,1,2025-09-16 16:53:00,2025-09-16 17:21:00,28.0,,공통
b140_sub_heavy_r1,Proposed,66,BLK_66C,20,전면SAW,2,2025-09-17 06:41:32,2025-09-17 08:26:34,105.0,,공통
b140_sub_heavy_r1,Proposed,66,BLK_66C,20,TurnOver,3,2025-09-17 08:26:34,2025-09-17 08:38:34,12.0,,공통
b140_sub_heavy_r1,Proposed,66,BLK_66C,20,후면SAW,4,2025-09-17 08:54:40,2025-09-17 10:18:12,83.5,,공통
b140_sub_heavy_r1,Proposed,66,BLK_66C,20,NC,5,2025-09-17 10:18:12,2025-09-17 10:49:18,31.1,,공통
b140_sub_heavy_r1,Proposed,66,BLK_66C,20,베이35A 론지취부,6,2025-09-17 11:06:16,2025-09-17 11:40:46,34.5,35A,베이35A
b140_sub_heavy_r1,Proposed,66,BLK_66C,20,베이35A 론지용접,7,2025-09-17 11:40:46,2025-09-17 11:53:58,13.2,35A,베이35A
b140_sub_heavy_r1,Proposed,66,BLK_66C,20,베이35A 수정,8,2025-09-17 12:42:40,2025-09-17 13:03:04,20.4,35A,베이35A
b140_sub_heavy_r1,Proposed,7,BLK_7S,21,판계,1,2025-09-16 17:21:00,2025-09-16 17:33:00,12.0,,공통
b140_sub_heavy_r1,Proposed,7,BLK_7S,21,전면SAW,2,2025-09-17 08:26:34,2025-09-17 09:16:17,49.7,,공통
b140_sub_heavy_r1,Proposed,7,BLK_7S,21,TurnOver,3,2025-09-17 09:16:17,2025-09-17 09:28:17,12.0,,공통
b140_sub_heavy_r1,Proposed,7,BLK_7S,21,후면SAW,4,2025-09-17 10:18:12,2025-09-17 11:02:30,44.3,,공통
b140_sub_heavy_r1,Proposed,7,BLK_7S,21,NC,5,2025-09-17 11:02:30,2025-09-17 11:25:42,23.2,,공통
b140_sub_heavy_r1,Proposed,7,BLK_7S,21,베이36B 론지취부,6,2025-09-17 11:25:42,2025-09-17 12:35:12,69.5,36B,베이36B
b140_sub_heavy_r1,Proposed,7,BLK_7S,21,베이36B 론지용접,7,2025-09-17 12:35:12,2025-09-17 12:58:24,23.2,36B,베이36B
b140_sub_heavy_r1,Proposed,7,BLK_7S,21,베이36B 수정,8,2025-09-17 12:58:24,2025-09-17 13:40:48,42.4,36B,베이36B
b140_sub_heavy_r1,Proposed,33,BLK_33S,1,판계,1,2025-09-17 08:00:00,2025-09-17 08:45:00,45.0,,공통
b140_sub_heavy_r1,Proposed,33,BLK_33S,1,전면SAW,2,2025-09-17 08:45:00,2025-09-17 11:10:58,146.0,,공통
b140_sub_heavy_r1,Proposed,33,BLK_33S,1,TurnOver,3,2025-09-17 11:10:58,2025-09-17 11:22:58,12.0,,공통
b140_sub_heavy_r1,Proposed,33,BLK_33S,1,후면SAW,4,2025-09-17 11:22:58,2025-09-17 13:09:52,106.9,,공통
b140_sub_heavy_r1,Proposed,33,BLK_33S,1,NC,5,2025-09-17 13:09:52,2025-09-17 14:02:42,52.8,,공통
b140_sub_heavy_r1,Proposed,33,BLK_33S,1,베이35A 론지취부,6,2025-09-17 14:02:42,2025-09-17 15:29:42,87.0,35A,베이35A
b140_sub_heavy_r1,Proposed,33,BLK_33S,1,베이35A 론지용접,7,2025-09-17 15:29:42,2025-09-17 15:55:54,26.2,35A,베이35A
b140_sub_heavy_r1,Proposed,33,BLK_33S,1,베이35A 수정,8,2025-09-17 15:55:54,2025-09-17 16:49:18,53.4,35A,베이35A
b140_sub_heavy_r1,Proposed,25,BLK_25C,2,판계,1,2025-09-17 08:45:00,2025-09-17 09:05:00,20.0,,공통
b140_sub_heavy_r1,Proposed,25,BLK_25C,2,전면SAW,2,2025-09-17 11:10:58,2025-09-17 11:46:17,35.3,,공통
b140_sub_heavy_r1,Proposed,25,BLK_25C,2,TurnOver,3,2025-09-17 11:46:17,2025-09-17 11:58:17,12.0,,공통
b140_sub_heavy_r1,Proposed,25,BLK_25C,2,후면SAW,4,2025-09-17 13:09:52,2025-09-17 13:35:13,25.4,,공통
b140_sub_heavy_r1,Proposed,25,BLK_25C,2,NC,5,2025-09-17 14:02:42,2025-09-17 14:28:46,26.1,,공통
b140_sub_heavy_r1,Proposed,25,BLK_25C,2,베이36B 론지취부,6,2025-09-17 14:28:46,2025-09-17 15:13:46,45.0,36B,베이36B
b140_sub_heavy_r1,Proposed,25,BLK_25C,2,베이36B 론지용접,7,2025-09-17 15:13:46,2025-09-17 15:28:46,15.0,36B,베이36B
b140_sub_heavy_r1,Proposed,25,BLK_25C,2,베이36B 수정,8,2025-09-17 15:28:46,2025-09-17 15:55:46,27.0,36B,베이36B
b140_sub_heavy_r1,Proposed,107,BLK_107S,3,판계,1,2025-09-17 09:05:00,2025-09-17 09:45:00,40.0,,공통
b140_sub_heavy_r1,Proposed,107,BLK_107S,3,전면SAW,2,2025-09-17 11:46:17,2025-09-17 14:20:45,154.5,,공통
b140_sub_heavy_r1,Proposed,107,BLK_107S,3,TurnOver,3,2025-09-17 14:20:45,2025-09-17 14:32:45,12.0,,공통
b140_sub_heavy_r1,Proposed,107,BLK_107S,3,후면SAW,4,2025-09-17 14:32:45,2025-09-17 16:26:26,113.7,,공통
b140_sub_heavy_r1,Proposed,107,BLK_107S,3,NC,5,2025-09-17 16:26:26,2025-09-17 17:10:38,44.2,,공통
b140_sub_heavy_r1,Proposed,107,BLK_107S,3,베이35A 론지취부,6,2025-09-17 17:10:38,2025-09-17 17:55:38,45.0,35A,베이35A
b140_sub_heavy_r1,Proposed,107,BLK_107S,3,베이35A 론지용접,7,2025-09-17 17:55:38,2025-09-17 18:14:38,19.0,35A,베이35A
b140_sub_heavy_r1,Proposed,107,BLK_107S,3,베이35A 수정,8,2025-09-17 18:14:38,2025-09-17 18:41:38,27.0,35A,베이35A
b140_sub_heavy_r1,Proposed,8,BLK_8P,4,판계,1,2025-09-17 09:45:00,2025-09-17 10:15:00,30.0,,공통
b140_sub_heavy_r1,Proposed,8,BLK_8P,4,전면SAW,2,2025-09-17 14:20:45,2025-09-17 15:07:11,46.4,,공통
b140_sub_heavy_r1,Proposed,8,BLK_8P,4,TurnOver,3,2025-09-17 15:07:11,2025-09-17 15:19:11,12.0,,공통
b140_sub_heavy_r1,Proposed,8,BLK_8P,4,후면SAW,4,2025-09-17 16:26:26,2025-09-17 17:06:25,40.0,,공통
b140_sub_heavy_r1,Proposed,8,BLK_8P,4,NC,5,2025-09-17 17:10:38,2025-09-17 17:54:28,43.8,,공통
b140_sub_heavy_r1,Proposed,8,BLK_8P,4,베이36B 론지취부,6,2025-09-17 17:54:28,2025-09-17 19:38:58,104.5,36B,베이36B
b140_sub_heavy_r1,Proposed,8,BLK_8P,4,베이36B 론지용접,7,2025-09-17 19:38:58,2025-09-17 20:08:10,29.2,36B,베이36B
b140_sub_heavy_r1,Proposed,8,BLK_8P,4,베이36B 수정,8,2025-09-17 20:08:10,2025-09-17 21:12:34,64.4,36B,베이36B
b140_sub_heavy_r1,Proposed,20,BLK_20P,5,판계,1,2025-09-17 10:15:00,2025-09-17 10:48:00,33.0,,공통
b140_sub_heavy_r1,Proposed,20,BLK_20P,5,전면SAW,2,2025-09-17 15:07:11,2025-09-17 16:59:47,112.6,,공통
b140_sub_heavy_r1,Proposed,20,BLK_20P,5,TurnOver,3,2025-09-17 16:59:47,2025-09-17 17:11:47,12.0,,공통
b140_sub_heavy_r1,Proposed,20,BLK_20P,5,후면SAW,4,2025-09-17 17:11:47,2025-09-17 18:42:12,90.4,,공통
b140_sub_heavy_r1,Proposed,20,BLK_20P,5,NC,5,2025-09-17 18:42:12,2025-09-17 19:24:04,41.9,,공통
b140_sub_heavy_r1,Proposed,20,BLK_20P,5,베이35A 론지취부,6,2025-09-17 19:24:04,2025-09-17 20:30:04,66.0,35A,베이35A
b140_sub_heavy_r1,Proposed,20,BLK_20P,5,베이35A 론지용접,7,2025-09-17 20:30:04,2025-09-17 20:52:40,22.6,35A,베이35A
b140_sub_heavy_r1,Proposed,20,BLK_20P,5,베이35A 수정,8,2025-09-17 20:52:40,2025-09-17 21:32:52,40.2,35A,베이35A
b140_sub_heavy_r1,Proposed,60,BLK_60C,6,판계,1,2025-09-17 10:48:00,2025-09-17 11:26:00,38.0,,공통
b140_sub_heavy_r1,Proposed,60,BLK_60C,6,전면SAW,2,2025-09-17 16:59:47,2025-09-17 18:43:10,103.4,,공통
b140_sub_heavy_r1,Proposed,60,BLK_60C,6,TurnOver,3,2025-09-17 18:43:10,2025-09-17 18:55:10,12.0,,공통
b140_sub_heavy_r1,Proposed,60,BLK_60C,6,후면SAW,4,2025-09-17 18:55:10,2025-09-17 20:17:11,82.0,,공통
b140_sub_heavy_r1,Proposed,60,BLK_60C,6,NC,5,2025-09-17 20:17:11,2025-09-17 21:09:01,51.8,,공통
b140_sub_heavy_r1,Proposed,60,BLK_60C,6,베이36B 론지취부,6,2025-09-17 21:09:01,2025-09-17 22:39:31,90.5,36B,베이36B
b140_sub_heavy_r1,Proposed,60,BLK_60C,6,베이36B 론지용접,7,2025-09-17 22:39:31,2025-09-17 23:06:19,26.8,36B,베이36B
b140_sub_heavy_r1,Proposed,60,BLK_60C,6,베이36B 수정,8,2025-09-17 23:06:19,2025-09-18 00:01:55,55.6,36B,베이36B
b140_sub_heavy_r1,Proposed,3,BLK_3C,7,판계,1,2025-09-17 11:26:00,2025-09-17 12:06:00,40.0,,공통
b140_sub_heavy_r1,Proposed,3,BLK_3C,7,전면SAW,2,2025-09-17 18:43:10,2025-09-17 20:48:07,125.0,,공통
b140_sub_heavy_r1,Proposed,3,BLK_3C,7,TurnOver,3,2025-09-17 20:48:07,2025-09-17 21:00:07,12.0,,공통
b140_sub_heavy_r1,Proposed,3,BLK_3C,7,후면SAW,4,2025-09-17 21:00:07,2025-09-17 22:30:11,90.1,,공통
b140_sub_heavy_r1,Proposed,3,BLK_3C,7,NC,5,2025-09-17 22:30:11,2025-09-17 23:14:23,44.2,,공통
b140_sub_heavy_r1,Proposed,3,BLK_3C,7,베이35A 론지취부,6,2025-09-17 23:14:23,2025-09-17 23:59:23,45.0,35A,베이35A
b140_sub_heavy_r1,Proposed,3,BLK_3C,7,베이35A 론지용접,7,2025-09-17 23:59:23,2025-09-18 00:18:23,19.0,35A,베이35A
b140_sub_heavy_r1,Proposed,3,BLK_3C,7,베이35A 수정,8,2025-09-18 00:18:23,2025-09-18 00:45:23,27.0,35A,베이35A
b140_sub_heavy_r1,Proposed,16,BLK_16S,8,판계,1,2025-09-17 12:06:00,2025-09-17 12:39:00,33.0,,공통
b140_sub_heavy_r1,Proposed,16,BLK_16S,8,전면SAW,2,2025-09-17 20:48:07,2025-09-17 22:09:29,81.4,,공통
b140_sub_heavy_r1,Proposed,16,BLK_16S,8,TurnOver,3,2025-09-17 22:09:29,2025-09-17 22:21:29,12.0,,공통
b140_sub_heavy_r1,Proposed,16,BLK_16S,8,후면SAW,4,2025-09-17 22:30:11,2025-09-17 23:32:08,62.0,,공통
b140_sub_heavy_r1,Proposed,16,BLK_16S,8,NC,5,2025-09-17 23:32:08,2025-09-18 00:10:30,38.4,,공통
b140_sub_heavy_r1,Proposed,16,BLK_16S,8,베이36B 론지취부,6,2025-09-18 00:10:30,2025-09-18 01:06:00,55.5,36B,베이36B
b140_sub_heavy_r1,Proposed,16,BLK_16S,8,베이36B 론지용접,7,2025-09-18 01:06:00,2025-09-18 01:26:48,20.8,36B,베이36B
b140_sub_heavy_r1,Proposed,16,BLK_16S,8,베이36B 수정,8,2025-09-18 01:26:48,2025-09-18 02:00:24,33.6,36B,베이36B
b140_sub_heavy_r1,Proposed,106,BLK_106S,9,판계,1,2025-09-17 12:39:00,2025-09-17 13:09:00,30.0,,공통
b140_sub_heavy_r1,Proposed,106,BLK_106S,9,전면SAW,2,2025-09-17 22:09:29,2025-09-17 22:42:46,33.3,,공통
b140_sub_heavy_r1,Proposed,106,BLK_106S,9,TurnOver,3,2025-09-17 22:42:46,2025-09-17 22:54:46,12.0,,공통
b140_sub_heavy_r1,Proposed,106,BLK_106S,9,후면SAW,4,2025-09-17 23:32:08,2025-09-17 23:54:48,22.7,,공통
b140_sub_heavy_r1,Proposed,106,BLK_106S,9,NC,5,2025-09-18 00:10:30,2025-09-18 00:53:06,42.6,,공통
b140_sub_heavy_r1,Proposed,106,BLK_106S,9,베이35A 론지취부,6,2025-09-18 00:53:06,2025-09-18 01:59:06,66.0,35A,베이35A
b140_sub_heavy_r1,Proposed,106,BLK_106S,9,베이35A 론지용접,7,2025-09-18 01:59:06,2025-09-18 02:21:42,22.6,35A,베이35A
b140_sub_heavy_r1,Proposed,106,BLK_106S,9,베이35A 수정,8,2025-09-18 02:21:42,2025-09-18 03:01:54,40.2,35A,베이35A
b140_sub_heavy_r1,Proposed,96,BLK_96C,10,판계,1,2025-09-17 13:09:00,2025-09-17 14:01:00,52.0,,공통
b140_sub_heavy_r1,Proposed,96,BLK_96C,10,전면SAW,2,2025-09-17 22:42:46,2025-09-18 01:05:43,142.9,,공통
b140_sub_heavy_r1,Proposed,96,BLK_96C,10,TurnOver,3,2025-09-18 01:05:43,2025-09-18 01:17:43,12.0,,공통
b140_sub_heavy_r1,Proposed,96,BLK_96C,10,후면SAW,4,2025-09-18 01:17:43,2025-09-18 03:20:46,123.0,,공통
b140_sub_heavy_r1,Proposed,96,BLK_96C,10,NC,5,2025-09-18 03:20:46,2025-09-18 04:30:31,69.8,,공통
b140_sub_heavy_r1,Proposed,96,BLK_96C,10,베이36B 론지취부,6,2025-09-18 04:30:31,2025-09-18 05:57:31,87.0,36B,베이36B
b140_sub_heavy_r1,Proposed,96,BLK_96C,10,베이36B 론지용접,7,2025-09-18 05:57:31,2025-09-18 06:23:43,26.2,36B,베이36B
b140_sub_heavy_r1,Proposed,96,BLK_96C,10,베이36B 수정,8,2025-09-18 06:23:43,2025-09-18 07:17:07,53.4,36B,베이36B
b140_sub_heavy_r1,Proposed,4,BLK_4C,11,판계,1,2025-09-17 14:01:00,2025-09-17 14:26:00,25.0,,공통
b140_sub_heavy_r1,Proposed,4,BLK_4C,11,전면SAW,2,2025-09-18 01:05:43,2025-09-18 01:45:35,39.9,,공통
b140_sub_heavy_r1,Proposed,4,BLK_4C,11,TurnOver,3,2025-09-18 01:45:35,2025-09-18 01:57:35,12.0,,공통
b140_sub_heavy_r1,Proposed,4,BLK_4C,11,후면SAW,4,2025-09-18 03:20:46,2025-09-18 03:52:06,31.3,,공통
b140_sub_heavy_r1,Proposed,4,BLK_4C,11,NC,5,2025-09-18 04:30:31,2025-09-18 05:08:12,37.7,,공통
b140_sub_heavy_r1,Proposed,4,BLK_4C,11,베이35A 론지취부,6,2025-09-18 05:08:12,2025-09-18 06:49:12,101.0,35A,베이35A
b140_sub_heavy_r1,Proposed,4,BLK_4C,11,베이35A 론지용접,7,2025-09-18 06:49:12,2025-09-18 07:17:48,28.6,35A,베이35A
b140_sub_heavy_r1,Proposed,4,BLK_4C,11,베이35A 수정,8,2025-09-18 07:17:48,2025-09-18 08:20:00,62.2,35A,베이35A
b140_sub_heavy_r1,Proposed,61,BLK_61C,12,판계,1,2025-09-17 14:26:00,2025-09-17 14:56:00,30.0,,공통
b140_sub_heavy_r1,Proposed,61,BLK_61C,12,전면SAW,2,2025-09-18 01:45:35,2025-09-18 02:15:48,30.2,,공통
b140_sub_heavy_r1,Proposed,61,BLK_61C,12,TurnOver,3,2025-09-18 02:15:48,2025-09-18 02:27:48,12.0,,공통
b140_sub_heavy_r1,Proposed,61,BLK_61C,12,후면SAW,4,2025-09-18 03:52:06,2025-09-18 04:10:44,18.6,,공통
b140_sub_heavy_r1,Proposed,61,BLK_61C,12,NC,5,2025-09-18 05:08:12,2025-09-18 05:54:54,46.7,,공통
b140_sub_heavy_r1,Proposed,61,BLK_61C,12,베이36B 론지취부,6,2025-09-18 05:57:31,2025-09-18 07:14:01,76.5,36B,베이36B
b140_sub_heavy_r1,Proposed,61,BLK_61C,12,베이36B 론지용접,7,2025-09-18 07:14:01,2025-09-18 07:38:25,24.4,36B,베이36B
b140_sub_heavy_r1,Proposed,61,BLK_61C,12,베이36B 수정,8,2025-09-18 07:38:25,2025-09-18 08:25:13,46.8,36B,베이36B
b140_sub_heavy_r1,Proposed,86,BLK_86C,13,판계,1,2025-09-17 14:56:00,2025-09-17 15:29:00,33.0,,공통
b140_sub_heavy_r1,Proposed,86,BLK_86C,13,전면SAW,2,2025-09-18 02:15:48,2025-09-18 03:38:36,82.8,,공통
b140_sub_heavy_r1,Proposed,86,BLK_86C,13,TurnOver,3,2025-09-18 03:38:36,2025-09-18 03:50:36,12.0,,공통
b140_sub_heavy_r1,Proposed,86,BLK_86C,13,후면SAW,4,2025-09-18 04:10:44,2025-09-18 05:14:00,63.3,,공통
b140_sub_heavy_r1,Proposed,86,BLK_86C,13,NC,5,2025-09-18 05:54:54,2025-09-18 06:33:16,38.4,,공통
b140_sub_heavy_r1,Proposed,86,BLK_86C,13,베이35A 론지취부,6,2025-09-18 06:49:12,2025-09-18 07:37:42,48.5,35A,베이35A
b140_sub_heavy_r1,Proposed,86,BLK_86C,13,베이35A 론지용접,7,2025-09-18 07:37:42,2025-09-18 07:57:18,19.6,35A,베이35A
b140_sub_heavy_r1,Proposed,86,BLK_86C,13,베이35A 수정,8,2025-09-18 08:20:00,2025-09-18 08:49:12,29.2,35A,베이35A
b140_sub_heavy_r1,Proposed,116,BLK_116S,14,판계,1,2025-09-17 15:29:00,2025-09-17 15:49:00,20.0,,공통
b140_sub_heavy_r1,Proposed,116,BLK_116S,14,전면SAW,2,2025-09-18 03:38:36,2025-09-18 04:11:54,33.3,,공통
b140_sub_heavy_r1,Proposed,116,BLK_116S,14,TurnOver,3,2025-09-18 04:11:54,2025-09-18 04:23:54,12.0,,공통
b140_sub_heavy_r1,Proposed,116,BLK_116S,14,후면SAW,4,2025-09-18 05:14:00,2025-09-18 05:36:40,22.7,,공통
b140_sub_heavy_r1,Proposed,116,BLK_116S,14,NC,5,2025-09-18 06:33:16,2025-09-18 07:00:11,26.9,,공통
b140_sub_heavy_r1,Proposed,116,BLK_116S,14,베이36B 론지취부,6,2025-09-18 07:14:01,2025-09-18 08:09:31,55.5,36B,베이36B
b140_sub_heavy_r1,Proposed,116,BLK_116S,14,베이36B 론지용접,7,2025-09-18 08:09:31,2025-09-18 08:30:19,20.8,36B,베이36B
b140_sub_heavy_r1,Proposed,116,BLK_116S,14,베이36B 수정,8,2025-09-18 08:30:19,2025-09-18 09:03:55,33.6,36B,베이36B
b140_sub_heavy_r1,Proposed,91,BLK_91C,15,판계,1,2025-09-17 15:49:00,2025-09-17 16:28:00,39.0,,공통
b140_sub_heavy_r1,Proposed,91,BLK_91C,15,전면SAW,2,2025-09-18 04:11:54,2025-09-18 07:21:54,190.0,,공통
b140_sub_heavy_r1,Proposed,91,BLK_91C,15,TurnOver,3,2025-09-18 07:21:54,2025-09-18 07:33:54,12.0,,공통
b140_sub_heavy_r1,Proposed,91,BLK_91C,15,후면SAW,4,2025-09-18 07:33:54,2025-09-18 10:03:26,149.5,,공통
b140_sub_heavy_r1,Proposed,91,BLK_91C,15,NC,5,2025-09-18 10:03:26,2025-09-18 10:50:20,46.9,,공통
b140_sub_heavy_r1,Proposed,91,BLK_91C,15,베이35A 론지취부,6,2025-09-18 10:50:20,2025-09-18 11:31:50,41.5,35A,베이35A
b140_sub_heavy_r1,Proposed,91,BLK_91C,15,베이35A 론지용접,7,2025-09-18 11:31:50,2025-09-18 11:50:14,18.4,35A,베이35A
b140_sub_heavy_r1,Proposed,91,BLK_91C,15,베이35A 수정,8,2025-09-18 11:50:14,2025-09-18 12:15:02,24.8,35A,베이35A
b140_sub_heavy_r1,Proposed,90,BLK_90S,16,판계,1,2025-09-17 16:28:00,2025-09-17 16:58:00,30.0,,공통
b140_sub_heavy_r1,Proposed,90,BLK_90S,16,전면SAW,2,2025-09-18 07:21:54,2025-09-18 07:52:45,30.9,,공통
b140_sub_heavy_r1,Proposed,90,BLK_90S,16,TurnOver,3,2025-09-18 07:52:45,2025-09-18 08:04:45,12.0,,공통
b140_sub_heavy_r1,Proposed,90,BLK_90S,16,후면SAW,4,2025-09-18 10:03:26,2025-09-18 10:22:55,19.5,,공통
b140_sub_heavy_r1,Proposed,90,BLK_90S,16,NC,5,2025-09-18 10:50:20,2025-09-18 11:31:48,41.5,,공통
b140_sub_heavy_r1,Proposed,90,BLK_90S,16,베이36B 론지취부,6,2025-09-18 11:31:48,2025-09-18 12:30:48,59.0,36B,베이36B
b140_sub_heavy_r1,Proposed,90,BLK_90S,16,베이36B 론지용접,7,2025-09-18 12:30:48,2025-09-18 12:52:12,21.4,36B,베이36B
b140_sub_heavy_r1,Proposed,90,BLK_90S,16,베이36B 수정,8,2025-09-18 12:52:12,2025-09-18 13:28:00,35.8,36B,베이36B
b140_sub_heavy_r1,Proposed,23,BLK_23C,17,판계,1,2025-09-17 16:58:00,2025-09-17 17:43:00,45.0,,공통
b140_sub_heavy_r1,Proposed,23,BLK_23C,17,전면SAW,2,2025-09-18 07:52:45,2025-09-18 09:47:44,115.0,,공통
b140_sub_heavy_r1,Proposed,23,BLK_23C,17,TurnOver,3,2025-09-18 09:47:44,2025-09-18 09:59:44,12.0,,공통
b140_sub_heavy_r1,Proposed,23,BLK_23C,17,후면SAW,4,2025-09-18 10:22:55,2025-09-18 12:18:59,116.1,,공통
b140_sub_heavy_r1,Proposed,23,BLK_23C,17,NC,5,2025-09-18 12:18:59,2025-09-18 13:18:25,59.4,,공통
b140_sub_heavy_r1,Proposed,23,BLK_23C,17,베이35A 론지취부,6,2025-09-18 13:18:25,2025-09-18 14:48:55,90.5,35A,베이35A
b140_sub_heavy_r1,Proposed,23,BLK_23C,17,베이35A 론지용접,7,2025-09-18 14:48:55,2025-09-18 15:15:43,26.8,35A,베이35A
b140_sub_heavy_r1,Proposed,23,BLK_23C,17,베이35A 수정,8,2025-09-18 15:15:43,2025-09-18 16:11:19,55.6,35A,베이35A
b140_sub_heavy_r1,Proposed,71,BLK_71S,1,판계,1,2025-09-18 08:00:00,2025-09-18 08:25:00,25.0,,공통
b140_sub_heavy_r1,Proposed,71,BLK_71S,1,전면SAW,2,2025-09-18 08:25:00,2025-09-18 08:56:33,31.6,,공통
b140_sub_heavy_r1,Proposed,71,BLK_71S,1,TurnOver,3,2025-09-18 08:56:33,2025-09-18 09:08:33,12.0,,공통
b140_sub_heavy_r1,Proposed,71,BLK_71S,1,후면SAW,4,2025-09-18 09:08:33,2025-09-18 09:28:56,20.4,,공통
b140_sub_heavy_r1,Proposed,71,BLK_71S,1,NC,5,2025-09-18 09:28:56,2025-09-18 10:03:52,34.9,,공통
b140_sub_heavy_r1,Proposed,71,BLK_71S,1,베이36B 론지취부,6,2025-09-18 10:03:52,2025-09-18 11:20:22,76.5,36B,베이36B
b140_sub_heavy_r1,Proposed,71,BLK_71S,1,베이36B 론지용접,7,2025-09-18 11:20:22,2025-09-18 11:44:46,24.4,36B,베이36B
b140_sub_heavy_r1,Proposed,71,BLK_71S,1,베이36B 수정,8,2025-09-18 11:44:46,2025-09-18 12:31:34,46.8,36B,베이36B
b140_sub_heavy_r1,Proposed,80,BLK_80S,2,판계,1,2025-09-18 08:25:00,2025-09-18 09:03:00,38.0,,공통
b140_sub_heavy_r1,Proposed,80,BLK_80S,2,전면SAW,2,2025-09-18 09:03:00,2025-09-18 10:48:22,105.4,,공통
b140_sub_heavy_r1,Proposed,80,BLK_80S,2,TurnOver,3,2025-09-18 10:48:22,2025-09-18 11:00:22,12.0,,공통
b140_sub_heavy_r1,Proposed,80,BLK_80S,2,후면SAW,4,2025-09-18 11:00:22,2025-09-18 12:24:13,83.8,,공통
b140_sub_heavy_r1,Proposed,80,BLK_80S,2,NC,5,2025-09-18 12:24:13,2025-09-18 13:11:02,46.8,,공통
b140_sub_heavy_r1,Proposed,80,BLK_80S,2,베이35A 론지취부,6,2025-09-18 13:11:02,2025-09-18 13:59:32,48.5,35A,베이35A
b140_sub_heavy_r1,Proposed,80,BLK_80S,2,베이35A 론지용접,7,2025-09-18 13:59:32,2025-09-18 14:19:08,19.6,35A,베이35A
b140_sub_heavy_r1,Proposed,80,BLK_80S,2,베이35A 수정,8,2025-09-18 14:19:08,2025-09-18 14:48:20,29.2,35A,베이35A
b140_sub_heavy_r1,Proposed,12,BLK_12P,3,판계,1,2025-09-18 09:03:00,2025-09-18 09:23:00,20.0,,공통
b140_sub_heavy_r1,Proposed,12,BLK_12P,3,전면SAW,2,2025-09-18 10:48:22,2025-09-18 11:23:42,35.3,,공통
b140_sub_heavy_r1,Proposed,12,BLK_12P,3,TurnOver,3,2025-09-18 11:23:42,2025-09-18 11:35:42,12.0,,공통
b140_sub_heavy_r1,Proposed,12,BLK_12P,3,후면SAW,4,2025-09-18 12:24:13,2025-09-18 12:49:35,25.4,,공통
b140_sub_heavy_r1,Proposed,12,BLK_12P,3,NC,5,2025-09-18 13:11:02,2025-09-18 13:38:23,27.4,,공통
b140_sub_heavy_r1,Proposed,12,BLK_12P,3,베이36B 론지취부,6,2025-09-18 13:38:23,2025-09-18 14:16:23,38.0,36B,베이36B
b140_sub_heavy_r1,Proposed,12,BLK_12P,3,베이36B 론지용접,7,2025-09-18 14:16:23,2025-09-18 14:34:11,17.8,36B,베이36B
b140_sub_heavy_r1,Proposed,12,BLK_12P,3,베이36B 수정,8,2025-09-18 14:34:11,2025-09-18 14:56:47,22.6,36B,베이36B
b140_sub_heavy_r1,Proposed,70,BLK_70S,4,판계,1,2025-09-18 09:23:00,2025-09-18 10:01:00,38.0,,공통
b140_sub_heavy_r1,Proposed,70,BLK_70S,4,전면SAW,2,2025-09-18 11:23:42,2025-09-18 12:46:33,82.8,,공통
b140_sub_heavy_r1,Proposed,70,BLK_70S,4,TurnOver,3,2025-09-18 12:46:33,2025-09-18 12:58:33,12.0,,공통
b140_sub_heavy_r1,Proposed,70,BLK_70S,4,후면SAW,4,2025-09-18 12:58:33,2025-09-18 14:01:51,63.3,,공통
b140_sub_heavy_r1,Proposed,70,BLK_70S,4,NC,5,2025-09-18 14:01:51,2025-09-18 14:46:27,44.6,,공통
b140_sub_heavy_r1,Proposed,70,BLK_70S,4,베이35A 론지취부,6,2025-09-18 14:46:27,2025-09-18 15:55:57,69.5,35A,베이35A
b140_sub_heavy_r1,Proposed,70,BLK_70S,4,베이35A 론지용접,7,2025-09-18 15:55:57,2025-09-18 16:19:09,23.2,35A,베이35A
b140_sub_heavy_r1,Proposed,70,BLK_70S,4,베이35A 수정,8,2025-09-18 16:19:09,2025-09-18 17:01:33,42.4,35A,베이35A
b140_sub_heavy_r1,Proposed,27,BLK_27S,5,판계,1,2025-09-18 10:01:00,2025-09-18 10:39:00,38.0,,공통
b140_sub_heavy_r1,Proposed,27,BLK_27S,5,전면SAW,2,2025-09-18 12:46:33,2025-09-18 14:15:00,88.4,,공통
b140_sub_heavy_r1,Proposed,27,BLK_27S,5,TurnOver,3,2025-09-18 14:15:00,2025-09-18 14:27:00,12.0,,공통
b140_sub_heavy_r1,Proposed,27,BLK_27S,5,후면SAW,4,2025-09-18 14:27:00,2025-09-18 15:35:24,68.4,,공통
b140_sub_heavy_r1,Proposed,27,BLK_27S,5,NC,5,2025-09-18 15:35:24,2025-09-18 16:19:42,44.3,,공통
b140_sub_heavy_r1,Proposed,27,BLK_27S,5,베이36B 론지취부,6,2025-09-18 16:19:42,2025-09-18 17:11:42,52.0,36B,베이36B
b140_sub_heavy_r1,Proposed,27,BLK_27S,5,베이36B 론지용접,7,2025-09-18 17:11:42,2025-09-18 17:31:54,20.2,36B,베이36B
b140_sub_heavy_r1,Proposed,27,BLK_27S,5,베이36B 수정,8,2025-09-18 17:31:54,2025-09-18 18:03:18,31.4,36B,베이36B
b140_sub_heavy_r1,Proposed,111,BLK_111S,6,판계,1,2025-09-18 10:39:00,2025-09-18 11:09:00,30.0,,공통
b140_sub_heavy_r1,Proposed,111,BLK_111S,6,전면SAW,2,2025-09-18 14:15:00,2025-09-18 14:55:28,40.5,,공통
b140_sub_heavy_r1,Proposed,111,BLK_111S,6,TurnOver,3,2025-09-18 14:55:28,2025-09-18 15:07:28,12.0,,공통
b140_sub_heavy_r1,Proposed,111,BLK_111S,6,후면SAW,4,2025-09-18 15:35:24,2025-09-18 16:07:31,32.1,,공통
b140_sub_heavy_r1,Proposed,111,BLK_111S,6,NC,5,2025-09-18 16:19:42,2025-09-18 17:00:45,41.0,,공통
b140_sub_heavy_r1,Proposed,111,BLK_111S,6,베이35A 론지취부,6,2025-09-18 17:00:45,2025-09-18 18:03:15,62.5,35A,베이35A
b140_sub_heavy_r1,Proposed,111,BLK_111S,6,베이35A 론지용접,7,2025-09-18 18:03:15,2025-09-18 18:25:15,22.0,35A,베이35A
b140_sub_heavy_r1,Proposed,111,BLK_111S,6,베이35A 수정,8,2025-09-18 18:25:15,2025-09-18 19:03:15,38.0,35A,베이35A
b140_sub_heavy_r1,Proposed,28,BLK_28S,7,판계,1,2025-09-18 11:09:00,2025-09-18 11:49:00,40.0,,공통
b140_sub_heavy_r1,Proposed,28,BLK_28S,7,전면SAW,2,2025-09-18 14:55:28,2025-09-18 17:21:43,146.3,,공통
b140_sub_heavy_r1,Proposed,28,BLK_28S,7,TurnOver,3,2025-09-18 17:21:43,2025-09-18 17:33:43,12.0,,공통
b140_sub_heavy_r1,Proposed,28,BLK_28S,7,후면SAW,4,2025-09-18 17:33:43,2025-09-18 19:20:51,107.1,,공통
b140_sub_heavy_r1,Proposed,28,BLK_28S,7,NC,5,2025-09-18 19:20:51,2025-09-18 20:08:24,47.5,,공통
b140_sub_heavy_r1,Proposed,28,BLK_28S,7,베이36B 론지취부,6,2025-09-18 20:08:24,2025-09-18 21:28:24,80.0,36B,베이36B
b140_sub_heavy_r1,Proposed,28,BLK_28S,7,베이36B 론지용접,7,2025-09-18 21:28:24,2025-09-18 21:53:24,25.0,36B,베이36B
b140_sub_heavy_r1,Proposed,28,BLK_28S,7,베이36B 수정,8,2025-09-18 21:53:24,2025-09-18 22:42:24,49.0,36B,베이36B
b140_sub_heavy_r1,Proposed,41,BLK_41C,8,판계,1,2025-09-18 11:49:00,2025-09-18 12:19:00,30.0,,공통
b140_sub_heavy_r1,Proposed,41,BLK_41C,8,전면SAW,2,2025-09-18 17:21:43,2025-09-18 18:03:35,41.9,,공통
b140_sub_heavy_r1,Proposed,41,BLK_41C,8,TurnOver,3,2025-09-18 18:03:35,2025-09-18 18:15:35,12.0,,공통
b140_sub_heavy_r1,Proposed,41,BLK_41C,8,후면SAW,4,2025-09-18 19:20:51,2025-09-18 19:54:48,34.0,,공통
b140_sub_heavy_r1,Proposed,41,BLK_41C,8,NC,5,2025-09-18 20:08:24,2025-09-18 20:47:42,39.3,,공통
b140_sub_heavy_r1,Proposed,41,BLK_41C,8,베이35A 론지취부,6,2025-09-18 20:47:42,2025-09-18 21:32:42,45.0,35A,베이35A
b140_sub_heavy_r1,Proposed,41,BLK_41C,8,베이35A 론지용접,7,2025-09-18 21:32:42,2025-09-18 21:51:42,19.0,35A,베이35A
b140_sub_heavy_r1,Proposed,41,BLK_41C,8,베이35A 수정,8,2025-09-18 21:51:42,2025-09-18 22:18:42,27.0,35A,베이35A
b140_sub_heavy_r1,Proposed,130,BLK_130C,9,판계,1,2025-09-18 12:19:00,2025-09-18 12:57:00,38.0,,공통
b140_sub_heavy_r1,Proposed,130,BLK_130C,9,전면SAW,2,2025-09-18 18:03:35,2025-09-18 19:32:57,89.4,,공통
b140_sub_heavy_r1,Proposed,130,BLK_130C,9,TurnOver,3,2025-09-18 19:32:57,2025-09-18 19:44:57,12.0,,공통
b140_sub_heavy_r1,Proposed,130,BLK_130C,9,후면SAW,4,2025-09-18 19:54:48,2025-09-18 21:04:03,69.2,,공통
b140_sub_heavy_r1,Proposed,130,BLK_130C,9,NC,5,2025-09-18 21:04:03,2025-09-18 21:49:28,45.4,,공통
b140_sub_heavy_r1,Proposed,130,BLK_130C,9,베이36B 론지취부,6,2025-09-18 21:49:28,2025-09-18 23:12:58,83.5,36B,베이36B
b140_sub_heavy_r1,Proposed,130,BLK_130C,9,베이36B 론지용접,7,2025-09-18 23:12:58,2025-09-18 23:38:34,25.6,36B,베이36B
b140_sub_heavy_r1,Proposed,130,BLK_130C,9,베이36B 수정,8,2025-09-18 23:38:34,2025-09-19 00:29:46,51.2,36B,베이36B
b140_sub_heavy_r1,Proposed,48,BLK_48S,10,판계,1,2025-09-18 12:57:00,2025-09-18 13:27:00,30.0,,공통
b140_sub_heavy_r1,Proposed,48,BLK_48S,10,전면SAW,2,2025-09-18 19:32:57,2025-09-18 20:04:06,31.1,,공통
b140_sub_heavy_r1,Proposed,48,BLK_48S,10,TurnOver,3,2025-09-18 20:04:06,2025-09-18 20:16:06,12.0,,공통
b140_sub_heavy_r1,Proposed,48,BLK_48S,10,후면SAW,4,2025-09-18 21:04:03,2025-09-18 21:23:54,19.9,,공통
b140_sub_heavy_r1,Proposed,48,BLK_48S,10,NC,5,2025-09-18 21:49:28,2025-09-18 22:30:59,41.5,,공통
b140_sub_heavy_r1,Proposed,48,BLK_48S,10,베이35A 론지취부,6,2025-09-18 22:30:59,2025-09-18 23:43:59,73.0,35A,베이35A
b140_sub_heavy_r1,Proposed,48,BLK_48S,10,베이35A 론지용접,7,2025-09-18 23:43:59,2025-09-19 00:07:47,23.8,35A,베이35A
b140_sub_heavy_r1,Proposed,48,BLK_48S,10,베이35A 수정,8,2025-09-19 00:07:47,2025-09-19 00:52:23,44.6,35A,베이35A
b140_sub_heavy_r1,Proposed,127,BLK_127S,11,판계,1,2025-09-18 13:27:00,2025-09-18 14:00:00,33.0,,공통
b140_sub_heavy_r1,Proposed,127,BLK_127S,11,전면SAW,2,2025-09-18 20:04:06,2025-09-18 21:45:56,101.8,,공통
b140_sub_heavy_r1,Proposed,127,BLK_127S,11,TurnOver,3,2025-09-18 21:45:56,2025-09-18 21:57:56,12.0,,공통
b140_sub_heavy_r1,Proposed,127,BLK_127S,11,후면SAW,4,2025-09-18 21:57:56,2025-09-18 23:38:40,100.7,,공통
b140_sub_heavy_r1,Proposed,127,BLK_127S,11,NC,5,2025-09-18 23:38:40,2025-09-19 00:17:04,38.4,,공통
b140_sub_heavy_r1,Proposed,127,BLK_127S,11,베이36B 론지취부,6,2025-09-19 00:17:04,2025-09-19 01:12:34,55.5,36B,베이36B
b140_sub_heavy_r1,Proposed,127,BLK_127S,11,베이36B 론지용접,7,2025-09-19 01:12:34,2025-09-19 01:33:22,20.8,36B,베이36B
b140_sub_heavy_r1,Proposed,127,BLK_127S,11,베이36B 수정,8,2025-09-19 01:33:22,2025-09-19 02:06:58,33.6,36B,베이36B
b140_sub_heavy_r1,Proposed,81,BLK_81P,12,판계,1,2025-09-18 14:00:00,2025-09-18 14:25:00,25.0,,공통
b140_sub_heavy_r1,Proposed,81,BLK_81P,12,전면SAW,2,2025-09-18 21:45:56,2025-09-18 22:19:08,33.2,,공통
b140_sub_heavy_r1,Proposed,81,BLK_81P,12,TurnOver,3,2025-09-18 22:19:08,2025-09-18 22:31:08,12.0,,공통
b140_sub_heavy_r1,Proposed,81,BLK_81P,12,후면SAW,4,2025-09-18 23:38:40,2025-09-19 00:01:14,22.6,,공통
b140_sub_heavy_r1,Proposed,81,BLK_81P,12,NC,5,2025-09-19 00:17:04,2025-09-19 00:51:58,34.9,,공통
b140_sub_heavy_r1,Proposed,81,BLK_81P,12,베이35A 론지취부,6,2025-09-19 00:51:58,2025-09-19 01:57:58,66.0,35A,베이35A
b140_sub_heavy_r1,Proposed,81,BLK_81P,12,베이35A 론지용접,7,2025-09-19 01:57:58,2025-09-19 02:20:34,22.6,35A,베이35A
b140_sub_heavy_r1,Proposed,81,BLK_81P,12,베이35A 수정,8,2025-09-19 02:20:34,2025-09-19 03:00:46,40.2,35A,베이35A
b140_sub_heavy_r1,Proposed,24,BLK_24P,13,판계,1,2025-09-18 14:25:00,2025-09-18 14:45:00,20.0,,공통
b140_sub_heavy_r1,Proposed,24,BLK_24P,13,전면SAW,2,2025-09-18 22:19:08,2025-09-19 00:07:38,108.5,,공통
b140_sub_heavy_r1,Proposed,24,BLK_24P,13,TurnOver,3,2025-09-19 00:07:38,2025-09-19 00:19:38,12.0,,공통
b140_sub_heavy_r1,Proposed,24,BLK_24P,13,후면SAW,4,2025-09-19 00:19:38,2025-09-19 01:46:19,86.7,,공통
b140_sub_heavy_r1,Proposed,24,BLK_24P,13,NC,5,2025-09-19 01:46:19,2025-09-19 02:13:18,27.0,,공통
b140_sub_heavy_r1,Proposed,24,BLK_24P,13,베이36B 론지취부,6,2025-09-19 02:13:18,2025-09-19 02:47:48,34.5,36B,베이36B
b140_sub_heavy_r1,Proposed,24,BLK_24P,13,베이36B 론지용접,7,2025-09-19 02:47:48,2025-09-19 03:05:00,17.2,36B,베이36B
b140_sub_heavy_r1,Proposed,24,BLK_24P,13,베이36B 수정,8,2025-09-19 03:05:00,2025-09-19 03:25:24,20.4,36B,베이36B
b140_sub_heavy_r1,Proposed,99,BLK_99S,14,판계,1,2025-09-18 14:45:00,2025-09-18 14:57:00,12.0,,공통
b140_sub_heavy_r1,Proposed,99,BLK_99S,14,전면SAW,2,2025-09-19 00:07:38,2025-09-19 00:43:48,36.2,,공통
b140_sub_heavy_r1,Proposed,99,BLK_99S,14,TurnOver,3,2025-09-19 00:43:48,2025-09-19 00:55:48,12.0,,공통
b140_sub_heavy_r1,Proposed,99,BLK_99S,14,후면SAW,4,2025-09-19 01:46:19,2025-09-19 02:12:48,26.5,,공통
b140_sub_heavy_r1,Proposed,99,BLK_99S,14,NC,5,2025-09-19 02:13:18,2025-09-19 02:34:24,21.1,,공통
b140_sub_heavy_r1,Proposed,99,BLK_99S,14,베이35A 론지취부,6,2025-09-19 02:34:24,2025-09-19 03:26:24,52.0,35A,베이35A
b140_sub_heavy_r1,Proposed,99,BLK_99S,14,베이35A 론지용접,7,2025-09-19 03:26:24,2025-09-19 03:46:36,20.2,35A,베이35A
b140_sub_heavy_r1,Proposed,99,BLK_99S,14,베이35A 수정,8,2025-09-19 03:46:36,2025-09-19 04:18:00,31.4,35A,베이35A
b140_sub_heavy_r1,Proposed,53,BLK_53C,15,판계,1,2025-09-18 14:57:00,2025-09-18 15:35:00,38.0,,공통
b140_sub_heavy_r1,Proposed,53,BLK_53C,15,전면SAW,2,2025-09-19 00:43:48,2025-09-19 02:17:47,94.0,,공통
b140_sub_heavy_r1,Proposed,53,BLK_53C,15,TurnOver,3,2025-09-19 02:17:47,2025-09-19 02:29:47,12.0,,공통
b140_sub_heavy_r1,Proposed,53,BLK_53C,15,후면SAW,4,2025-09-19 02:29:47,2025-09-19 03:43:13,73.4,,공통
b140_sub_heavy_r1,Proposed,53,BLK_53C,15,NC,5,2025-09-19 03:43:13,2025-09-19 04:30:00,46.8,,공통
b140_sub_heavy_r1,Proposed,53,BLK_53C,15,베이36B 론지취부,6,2025-09-19 04:30:00,2025-09-19 05:46:30,76.5,36B,베이36B
b140_sub_heavy_r1,Proposed,53,BLK_53C,15,베이36B 론지용접,7,2025-09-19 05:46:30,2025-09-19 06:10:54,24.4,36B,베이36B
b140_sub_heavy_r1,Proposed,53,BLK_53C,15,베이36B 수정,8,2025-09-19 06:10:54,2025-09-19 06:57:42,46.8,36B,베이36B
b140_sub_heavy_r1,Proposed,46,BLK_46S,16,판계,1,2025-09-18 15:35:00,2025-09-18 16:05:00,30.0,,공통
b140_sub_heavy_r1,Proposed,46,BLK_46S,16,전면SAW,2,2025-09-19 02:17:47,2025-09-19 02:48:45,31.0,,공통
b140_sub_heavy_r1,Proposed,46,BLK_46S,16,TurnOver,3,2025-09-19 02:48:45,2025-09-19 03:00:45,12.0,,공통
b140_sub_heavy_r1,Proposed,46,BLK_46S,16,후면SAW,4,2025-09-19 03:43:13,2025-09-19 04:02:51,19.6,,공통
b140_sub_heavy_r1,Proposed,46,BLK_46S,16,NC,5,2025-09-19 04:30:00,2025-09-19 05:10:00,40.0,,공통
b140_sub_heavy_r1,Proposed,46,BLK_46S,16,베이35A 론지취부,6,2025-09-19 05:10:00,2025-09-19 06:12:30,62.5,35A,베이35A
b140_sub_heavy_r1,Proposed,46,BLK_46S,16,베이35A 론지용접,7,2025-09-19 06:12:30,2025-09-19 06:34:30,22.0,35A,베이35A
b140_sub_heavy_r1,Proposed,46,BLK_46S,16,베이35A 수정,8,2025-09-19 06:34:30,2025-09-19 07:12:30,38.0,35A,베이35A
b140_sub_heavy_r1,Proposed,101,BLK_101S,17,판계,1,2025-09-18 16:05:00,2025-09-18 16:25:00,20.0,,공통
b140_sub_heavy_r1,Proposed,101,BLK_101S,17,전면SAW,2,2025-09-19 02:48:45,2025-09-19 04:19:31,90.8,,공통
b140_sub_heavy_r1,Proposed,101,BLK_101S,17,TurnOver,3,2025-09-19 04:19:31,2025-09-19 04:31:31,12.0,,공통
b140_sub_heavy_r1,Proposed,101,BLK_101S,17,후면SAW,4,2025-09-19 04:31:31,2025-09-19 05:42:03,70.5,,공통
b140_sub_heavy_r1,Proposed,101,BLK_101S,17,NC,5,2025-09-19 05:42:03,2025-09-19 06:08:22,26.3,,공통
b140_sub_heavy_r1,Proposed,101,BLK_101S,17,베이36B 론지취부,6,2025-09-19 06:08:22,2025-09-19 06:53:22,45.0,36B,베이36B
b140_sub_heavy_r1,Proposed,101,BLK_101S,17,베이36B 론지용접,7,2025-09-19 06:53:22,2025-09-19 07:12:22,19.0,36B,베이36B
b140_sub_heavy_r1,Proposed,101,BLK_101S,17,베이36B 수정,8,2025-09-19 07:12:22,2025-09-19 07:39:22,27.0,36B,베이36B
b140_sub_heavy_r1,Proposed,97,BLK_97P,18,판계,1,2025-09-18 16:25:00,2025-09-18 16:55:00,30.0,,공통
b140_sub_heavy_r1,Proposed,97,BLK_97P,18,전면SAW,2,2025-09-19 04:19:31,2025-09-19 05:00:09,40.6,,공통
b140_sub_heavy_r1,Proposed,97,BLK_97P,18,TurnOver,3,2025-09-19 05:00:09,2025-09-19 05:12:09,12.0,,공통
b140_sub_heavy_r1,Proposed,97,BLK_97P,18,후면SAW,4,2025-09-19 05:42:03,2025-09-19 06:14:24,32.4,,공통
b140_sub_heavy_r1,Proposed,97,BLK_97P,18,NC,5,2025-09-19 06:14:24,2025-09-19 06:56:34,42.2,,공통
b140_sub_heavy_r1,Proposed,97,BLK_97P,18,베이35A 론지취부,6,2025-09-19 06:56:34,2025-09-19 07:52:04,55.5,35A,베이35A
b140_sub_heavy_r1,Proposed,97,BLK_97P,18,베이35A 론지용접,7,2025-09-19 07:52:04,2025-09-19 08:12:52,20.8,35A,베이35A
b140_sub_heavy_r1,Proposed,97,BLK_97P,18,베이35A 수정,8,2025-09-19 08:12:52,2025-09-19 08:46:28,33.6,35A,베이35A
b140_sub_heavy_r1,Proposed,54,BLK_54S,19,판계,1,2025-09-18 16:55:00,2025-09-18 17:33:00,38.0,,공통
b140_sub_heavy_r1,Proposed,54,BLK_54S,19,전면SAW,2,2025-09-19 05:00:09,2025-09-19 06:23:09,83.0,,공통
b140_sub_heavy_r1,Proposed,54,BLK_54S,19,TurnOver,3,2025-09-19 06:23:09,2025-09-19 06:35:09,12.0,,공통
b140_sub_heavy_r1,Proposed,54,BLK_54S,19,후면SAW,4,2025-09-19 06:35:09,2025-09-19 07:38:35,63.4,,공통
b140_sub_heavy_r1,Proposed,54,BLK_54S,19,NC,5,2025-09-19 07:38:35,2025-09-19 08:23:20,44.8,,공통
b140_sub_heavy_r1,Proposed,54,BLK_54S,19,베이36B 론지취부,6,2025-09-19 08:23:20,2025-09-19 09:18:50,55.5,36B,베이36B
b140_sub_heavy_r1,Proposed,54,BLK_54S,19,베이36B 론지용접,7,2025-09-19 09:18:50,2025-09-19 09:39:38,20.8,36B,베이36B
b140_sub_heavy_r1,Proposed,54,BLK_54S,19,베이36B 수정,8,2025-09-19 09:39:38,2025-09-19 10:13:14,33.6,36B,베이36B
b140_sub_heavy_r1,Proposed,44,BLK_44C,20,판계,1,2025-09-18 17:33:00,2025-09-18 17:58:00,25.0,,공통
b140_sub_heavy_r1,Proposed,44,BLK_44C,20,전면SAW,2,2025-09-19 06:23:09,2025-09-19 06:53:49,30.7,,공통
b140_sub_heavy_r1,Proposed,44,BLK_44C,20,TurnOver,3,2025-09-19 06:53:49,2025-09-19 07:05:49,12.0,,공통
b140_sub_heavy_r1,Proposed,44,BLK_44C,20,후면SAW,4,2025-09-19 07:38:35,2025-09-19 07:57:48,19.2,,공통
b140_sub_heavy_r1,Proposed,44,BLK_44C,20,NC,5,2025-09-19 08:23:20,2025-09-19 08:56:06,32.8,,공통
b140_sub_heavy_r1,Proposed,44,BLK_44C,20,베이35A 론지취부,6,2025-09-19 08:56:06,2025-09-19 09:44:36,48.5,35A,베이35A
b140_sub_heavy_r1,Proposed,44,BLK_44C,20,베이35A 론지용접,7,2025-09-19 09:44:36,2025-09-19 10:04:12,19.6,35A,베이35A
b140_sub_heavy_r1,Proposed,44,BLK_44C,20,베이35A 수정,8,2025-09-19 10:04:12,2025-09-19 10:33:24,29.2,35A,베이35A
b140_sub_heavy_r1,Proposed,29,BLK_29C,1,판계,1,2025-09-19 08:00:00,2025-09-19 08:30:00,30.0,,공통
b140_sub_heavy_r1,Proposed,29,BLK_29C,1,전면SAW,2,2025-09-19 08:30:00,2025-09-19 08:56:34,26.6,,공통
b140_sub_heavy_r1,Proposed,29,BLK_29C,1,TurnOver,3,2025-09-19 08:56:34,2025-09-19 09:08:34,12.0,,공통
b140_sub_heavy_r1,Proposed,29,BLK_29C,1,후면SAW,4,2025-09-19 09:08:34,2025-09-19 09:22:25,13.8,,공통
b140_sub_heavy_r1,Proposed,29,BLK_29C,1,NC,5,2025-09-19 09:22:25,2025-09-19 10:01:28,39.0,,공통
b140_sub_heavy_r1,Proposed,29,BLK_29C,1,베이36B 론지취부,6,2025-09-19 10:01:28,2025-09-19 10:39:28,38.0,36B,베이36B
b140_sub_heavy_r1,Proposed,29,BLK_29C,1,베이36B 론지용접,7,2025-09-19 10:39:28,2025-09-19 10:57:16,17.8,36B,베이36B
b140_sub_heavy_r1,Proposed,29,BLK_29C,1,베이36B 수정,8,2025-09-19 10:57:16,2025-09-19 11:19:52,22.6,36B,베이36B
b140_sub_heavy_r1,Proposed,109,BLK_109P,2,판계,1,2025-09-19 08:30:00,2025-09-19 08:42:00,12.0,,공통
b140_sub_heavy_r1,Proposed,109,BLK_109P,2,전면SAW,2,2025-09-19 08:56:34,2025-09-19 09:40:45,44.2,,공통
b140_sub_heavy_r1,Proposed,109,BLK_109P,2,TurnOver,3,2025-09-19 09:40:45,2025-09-19 09:52:45,12.0,,공통
b140_sub_heavy_r1,Proposed,109,BLK_109P,2,후면SAW,4,2025-09-19 09:52:45,2025-09-19 10:29:46,37.0,,공통
b140_sub_heavy_r1,Proposed,109,BLK_109P,2,NC,5,2025-09-19 10:29:46,2025-09-19 10:50:46,21.0,,공통
b140_sub_heavy_r1,Proposed,109,BLK_109P,2,베이35A 론지취부,6,2025-09-19 10:50:46,2025-09-19 11:21:46,31.0,35A,베이35A
b140_sub_heavy_r1,Proposed,109,BLK_109P,2,베이35A 론지용접,7,2025-09-19 11:21:46,2025-09-19 11:34:22,12.6,35A,베이35A
b140_sub_heavy_r1,Proposed,109,BLK_109P,2,베이35A 수정,8,2025-09-19 11:34:22,2025-09-19 11:52:34,18.2,35A,베이35A
b140_sub_heavy_r1,Proposed,89,BLK_89C,3,판계,1,2025-09-19 08:42:00,2025-09-19 09:02:00,20.0,,공통
b140_sub_heavy_r1,Proposed,89,BLK_89C,3,전면SAW,2,2025-09-19 09:40:45,2025-09-19 10:15:30,34.7,,공통
b140_sub_heavy_r1,Proposed,89,BLK_89C,3,TurnOver,3,2025-09-19 10:15:30,2025-09-19 10:27:30,12.0,,공통
b140_sub_heavy_r1,Proposed,89,BLK_89C,3,후면SAW,4,2025-09-19 10:29:46,2025-09-19 10:54:22,24.6,,공통
b140_sub_heavy_r1,Proposed,89,BLK_89C,3,NC,5,2025-09-19 10:54:22,2025-09-19 11:22:46,28.4,,공통
b140_sub_heavy_r1,Proposed,89,BLK_89C,3,베이36B 론지취부,6,2025-09-19 11:22:46,2025-09-19 11:53:46,31.0,36B,베이36B
b140_sub_heavy_r1,Proposed,89,BLK_89C,3,베이36B 론지용접,7,2025-09-19 11:53:46,2025-09-19 12:10:22,16.6,36B,베이36B
b140_sub_heavy_r1,Proposed,89,BLK_89C,3,베이36B 수정,8,2025-09-19 12:10:22,2025-09-19 12:28:34,18.2,36B,베이36B
b140_sub_heavy_r1,Proposed,45,BLK_45S,4,판계,1,2025-09-19 09:02:00,2025-09-19 09:47:00,45.0,,공통
b140_sub_heavy_r1,Proposed,45,BLK_45S,4,전면SAW,2,2025-09-19 10:15:30,2025-09-19 13:06:51,171.3,,공통
b140_sub_heavy_r1,Proposed,45,BLK_45S,4,TurnOver,3,2025-09-19 13:06:51,2025-09-19 13:18:51,12.0,,공통
b140_sub_heavy_r1,Proposed,45,BLK_45S,4,후면SAW,4,2025-09-19 13:18:51,2025-09-19 15:49:04,150.2,,공통
b140_sub_heavy_r1,Proposed,45,BLK_45S,4,NC,5,2025-09-19 15:49:04,2025-09-19 16:43:31,54.4,,공통
b140_sub_heavy_r1,Proposed,45,BLK_45S,4,베이35A 론지취부,6,2025-09-19 16:43:31,2025-09-19 18:28:01,104.5,35A,베이35A
b140_sub_heavy_r1,Proposed,45,BLK_45S,4,베이35A 론지용접,7,2025-09-19 18:28:01,2025-09-19 18:57:13,29.2,35A,베이35A
b140_sub_heavy_r1,Proposed,45,BLK_45S,4,베이35A 수정,8,2025-09-19 18:57:13,2025-09-19 20:01:37,64.4,35A,베이35A
b140_sub_heavy_r1,Proposed,117,BLK_117P,5,판계,1,2025-09-19 09:47:00,2025-09-19 10:07:00,20.0,,공통
b140_sub_heavy_r1,Proposed,117,BLK_117P,5,전면SAW,2,2025-09-19 13:06:51,2025-09-19 13:40:21,33.5,,공통
b140_sub_heavy_r1,Proposed,117,BLK_117P,5,TurnOver,3,2025-09-19 13:40:21,2025-09-19 13:52:21,12.0,,공통
b140_sub_heavy_r1,Proposed,117,BLK_117P,5,후면SAW,4,2025-09-19 15:49:04,2025-09-19 16:12:02,23.0,,공통
b140_sub_heavy_r1,Proposed,117,BLK_117P,5,NC,5,2025-09-19 16:43:31,2025-09-19 17:09:45,26.2,,공통
b140_sub_heavy_r1,Proposed,117,BLK_117P,5,베이36B 론지취부,6,2025-09-19 17:09:45,2025-09-19 17:44:15,34.5,36B,베이36B
b140_sub_heavy_r1,Proposed,117,BLK_117P,5,베이36B 론지용접,7,2025-09-19 17:44:15,2025-09-19 17:57:27,13.2,36B,베이36B
b140_sub_heavy_r1,Proposed,117,BLK_117P,5,베이36B 수정,8,2025-09-19 17:57:27,2025-09-19 18:17:51,20.4,36B,베이36B
b140_sub_heavy_r1,Proposed,121,BLK_121C,6,판계,1,2025-09-19 10:07:00,2025-09-19 10:47:00,40.0,,공통
b140_sub_heavy_r1,Proposed,121,BLK_121C,6,전면SAW,2,2025-09-19 13:40:21,2025-09-19 16:13:48,153.4,,공통
b140_sub_heavy_r1,Proposed,121,BLK_121C,6,TurnOver,3,2025-09-19 16:13:48,2025-09-19 16:25:48,12.0,,공통
b140_sub_heavy_r1,Proposed,121,BLK_121C,6,후면SAW,4,2025-09-19 16:25:48,2025-09-19 18:18:40,112.9,,공통
b140_sub_heavy_r1,Proposed,121,BLK_121C,6,NC,5,2025-09-19 18:18:40,2025-09-19 19:03:32,44.9,,공통
b140_sub_heavy_r1,Proposed,121,BLK_121C,6,베이35A 론지취부,6,2025-09-19 19:03:32,2025-09-19 20:09:32,66.0,35A,베이35A
b140_sub_heavy_r1,Proposed,121,BLK_121C,6,베이35A 론지용접,7,2025-09-19 20:09:32,2025-09-19 20:32:08,22.6,35A,베이35A
b140_sub_heavy_r1,Proposed,121,BLK_121C,6,베이35A 수정,8,2025-09-19 20:32:08,2025-09-19 21:12:20,40.2,35A,베이35A
b140_sub_heavy_r1,Proposed,120,BLK_120S,7,판계,1,2025-09-19 10:47:00,2025-09-19 11:17:00,30.0,,공통
b140_sub_heavy_r1,Proposed,120,BLK_120S,7,전면SAW,2,2025-09-19 16:13:48,2025-09-19 16:57:26,43.6,,공통
b140_sub_heavy_r1,Proposed,120,BLK_120S,7,TurnOver,3,2025-09-19 16:57:26,2025-09-19 17:09:26,12.0,,공통
b140_sub_heavy_r1,Proposed,120,BLK_120S,7,후면SAW,4,2025-09-19 18:18:40,2025-09-19 18:54:58,36.3,,공통
b140_sub_heavy_r1,Proposed,120,BLK_120S,7,NC,5,2025-09-19 19:03:32,2025-09-19 19:52:19,48.8,,공통
b140_sub_heavy_r1,Proposed,120,BLK_120S,7,베이36B 론지취부,6,2025-09-19 19:52:19,2025-09-19 21:26:19,94.0,36B,베이36B
b140_sub_heavy_r1,Proposed,120,BLK_120S,7,베이36B 론지용접,7,2025-09-19 21:26:19,2025-09-19 21:53:43,27.4,36B,베이36B
b140_sub_heavy_r1,Proposed,120,BLK_120S,7,베이36B 수정,8,2025-09-19 21:53:43,2025-09-19 22:51:31,57.8,36B,베이36B
b140_sub_heavy_r1,Proposed,110,BLK_110P,8,판계,1,2025-09-19 11:17:00,2025-09-19 11:50:00,33.0,,공통
b140_sub_heavy_r1,Proposed,110,BLK_110P,8,전면SAW,2,2025-09-19 16:57:26,2025-09-19 18:56:13,118.8,,공통
b140_sub_heavy_r1,Proposed,110,BLK_110P,8,TurnOver,3,2025-09-19 18:56:13,2025-09-19 19:08:13,12.0,,공통
b140_sub_heavy_r1,Proposed,110,BLK_110P,8,후면SAW,4,2025-09-19 19:08:13,2025-09-19 20:44:16,96.1,,공통
b140_sub_heavy_r1,Proposed,110,BLK_110P,8,NC,5,2025-09-19 20:44:16,2025-09-19 21:25:22,41.1,,공통
b140_sub_heavy_r1,Proposed,110,BLK_110P,8,베이35A 론지취부,6,2025-09-19 21:25:22,2025-09-19 22:31:22,66.0,35A,베이35A
b140_sub_heavy_r1,Proposed,110,BLK_110P,8,베이35A 론지용접,7,2025-09-19 22:31:22,2025-09-19 22:53:58,22.6,35A,베이35A
b140_sub_heavy_r1,Proposed,110,BLK_110P,8,베이35A 수정,8,2025-09-19 22:53:58,2025-09-19 23:34:10,40.2,35A,베이35A
b140_sub_heavy_r1,Proposed,100,BLK_100P,9,판계,1,2025-09-19 11:50:00,2025-09-19 12:15:00,25.0,,공통
b140_sub_heavy_r1,Proposed,100,BLK_100P,9,전면SAW,2,2025-09-19 18:56:13,2025-09-19 19:29:52,33.6,,공통
b140_sub_heavy_r1,Proposed,100,BLK_100P,9,TurnOver,3,2025-09-19 19:29:52,2025-09-19 19:41:52,12.0,,공통
b140_sub_heavy_r1,Proposed,100,BLK_100P,9,후면SAW,4,2025-09-19 20:44:16,2025-09-19 21:07:25,23.1,,공통
b140_sub_heavy_r1,Proposed,100,BLK_100P,9,NC,5,2025-09-19 21:25:22,2025-09-19 22:02:55,37.5,,공통
b140_sub_heavy_r1,Proposed,100,BLK_100P,9,베이36B 론지취부,6,2025-09-19 22:02:55,2025-09-19 23:26:25,83.5,36B,베이36B
b140_sub_heavy_r1,Proposed,100,BLK_100P,9,베이36B 론지용접,7,2025-09-19 23:26:25,2025-09-19 23:52:01,25.6,36B,베이36B
b140_sub_heavy_r1,Proposed,100,BLK_100P,9,베이36B 수정,8,2025-09-19 23:52:01,2025-09-20 00:43:13,51.2,36B,베이36B
b140_sub_heavy_r1,Proposed,119,BLK_119C,10,판계,1,2025-09-19 12:15:00,2025-09-19 12:27:00,12.0,,공통
b140_sub_heavy_r1,Proposed,119,BLK_119C,10,전면SAW,2,2025-09-19 19:29:52,2025-09-19 20:09:32,39.7,,공통
b140_sub_heavy_r1,Proposed,119,BLK_119C,10,TurnOver,3,2025-09-19 20:09:32,2025-09-19 20:21:32,12.0,,공통
b140_sub_heavy_r1,Proposed,119,BLK_119C,10,후면SAW,4,2025-09-19 21:07:25,2025-09-19 21:38:30,31.1,,공통
b140_sub_heavy_r1,Proposed,119,BLK_119C,10,NC,5,2025-09-19 22:02:55,2025-09-19 22:25:41,22.8,,공통
b140_sub_heavy_r1,Proposed,119,BLK_119C,10,베이35A 론지취부,6,2025-09-19 22:31:22,2025-09-19 23:30:22,59.0,35A,베이35A
b140_sub_heavy_r1,Proposed,119,BLK_119C,10,베이35A 론지용접,7,2025-09-19 23:30:22,2025-09-19 23:51:46,21.4,35A,베이35A
b140_sub_heavy_r1,Proposed,119,BLK_119C,10,베이35A 수정,8,2025-09-19 23:51:46,2025-09-20 00:27:34,35.8,35A,베이35A
b140_sub_heavy_r1,Proposed,132,BLK_132P,11,판계,1,2025-09-19 12:27:00,2025-09-19 13:07:00,40.0,,공통
b140_sub_heavy_r1,Proposed,132,BLK_132P,11,전면SAW,2,2025-09-19 20:09:32,2025-09-19 23:02:37,173.1,,공통
b140_sub_heavy_r1,Proposed,132,BLK_132P,11,TurnOver,3,2025-09-19 23:02:37,2025-09-19 23:14:37,12.0,,공통
b140_sub_heavy_r1,Proposed,132,BLK_132P,11,후면SAW,4,2025-09-19 23:14:37,2025-09-20 01:23:13,128.6,,공통
b140_sub_heavy_r1,Proposed,132,BLK_132P,11,NC,5,2025-09-20 01:23:13,2025-09-20 02:08:30,45.3,,공통
b140_sub_heavy_r1,Proposed,132,BLK_132P,11,베이36B 론지취부,6,2025-09-20 02:08:30,2025-09-20 03:11:00,62.5,36B,베이36B
b140_sub_heavy_r1,Proposed,132,BLK_132P,11,베이36B 론지용접,7,2025-09-20 03:11:00,2025-09-20 03:33:00,22.0,36B,베이36B
b140_sub_heavy_r1,Proposed,132,BLK_132P,11,베이36B 수정,8,2025-09-20 03:33:00,2025-09-20 04:11:00,38.0,36B,베이36B
b140_sub_heavy_r1,Proposed,113,BLK_113S,12,판계,1,2025-09-19 13:07:00,2025-09-19 13:37:00,30.0,,공통
b140_sub_heavy_r1,Proposed,113,BLK_113S,12,전면SAW,2,2025-09-19 23:02:37,2025-09-19 23:34:35,32.0,,공통
b140_sub_heavy_r1,Proposed,113,BLK_113S,12,TurnOver,3,2025-09-19 23:34:35,2025-09-19 23:46:35,12.0,,공통
b140_sub_heavy_r1,Proposed,113,BLK_113S,12,후면SAW,4,2025-09-20 01:23:13,2025-09-20 01:44:09,20.9,,공통
b140_sub_heavy_r1,Proposed,113,BLK_113S,12,NC,5,2025-09-20 02:08:30,2025-09-20 02:58:20,49.8,,공통
b140_sub_heavy_r1,Proposed,113,BLK_113S,12,베이35A 론지취부,6,2025-09-20 02:58:20,2025-09-20 04:42:50,104.5,35A,베이35A
b140_sub_heavy_r1,Proposed,113,BLK_113S,12,베이35A 론지용접,7,2025-09-20 04:42:50,2025-09-20 05:12:02,29.2,35A,베이35A
b140_sub_heavy_r1,Proposed,113,BLK_113S,12,베이35A 수정,8,2025-09-20 05:12:02,2025-09-20 06:16:26,64.4,35A,베이35A
b140_sub_heavy_r1,Proposed,102,BLK_102P,13,판계,1,2025-09-19 13:37:00,2025-09-19 14:17:00,40.0,,공통
b140_sub_heavy_r1,Proposed,102,BLK_102P,13,전면SAW,2,2025-09-19 23:34:35,2025-09-20 01:52:28,137.9,,공통
b140_sub_heavy_r1,Proposed,102,BLK_102P,13,TurnOver,3,2025-09-20 01:52:28,2025-09-20 02:04:28,12.0,,공통
b140_sub_heavy_r1,Proposed,102,BLK_102P,13,후면SAW,4,2025-09-20 02:04:28,2025-09-20 03:44:53,100.4,,공통
b140_sub_heavy_r1,Proposed,102,BLK_102P,13,NC,5,2025-09-20 03:44:53,2025-09-20 04:28:33,43.7,,공통
b140_sub_heavy_r1,Proposed,102,BLK_102P,13,베이36B 론지취부,6,2025-09-20 04:28:33,2025-09-20 05:20:33,52.0,36B,베이36B
b140_sub_heavy_r1,Proposed,102,BLK_102P,13,베이36B 론지용접,7,2025-09-20 05:20:33,2025-09-20 05:40:45,20.2,36B,베이36B
b140_sub_heavy_r1,Proposed,102,BLK_102P,13,베이36B 수정,8,2025-09-20 05:40:45,2025-09-20 06:12:09,31.4,36B,베이36B
b140_sub_heavy_r1,Proposed,15,BLK_15P,14,판계,1,2025-09-19 14:17:00,2025-09-19 14:29:00,12.0,,공통
b140_sub_heavy_r1,Proposed,15,BLK_15P,14,전면SAW,2,2025-09-20 01:52:28,2025-09-20 02:31:22,38.9,,공통
b140_sub_heavy_r1,Proposed,15,BLK_15P,14,TurnOver,3,2025-09-20 02:31:22,2025-09-20 02:43:22,12.0,,공통
b140_sub_heavy_r1,Proposed,15,BLK_15P,14,후면SAW,4,2025-09-20 03:44:53,2025-09-20 04:14:57,30.1,,공통
b140_sub_heavy_r1,Proposed,15,BLK_15P,14,NC,5,2025-09-20 04:28:33,2025-09-20 04:49:39,21.1,,공통
b140_sub_heavy_r1,Proposed,15,BLK_15P,14,베이35A 론지취부,6,2025-09-20 04:49:39,2025-09-20 05:20:39,31.0,35A,베이35A
b140_sub_heavy_r1,Proposed,15,BLK_15P,14,베이35A 론지용접,7,2025-09-20 05:20:39,2025-09-20 05:33:15,12.6,35A,베이35A
b140_sub_heavy_r1,Proposed,15,BLK_15P,14,베이35A 수정,8,2025-09-20 06:16:26,2025-09-20 06:34:38,18.2,35A,베이35A
b140_sub_heavy_r1,Proposed,133,BLK_133S,15,판계,1,2025-09-19 14:29:00,2025-09-19 15:14:00,45.0,,공통
b140_sub_heavy_r1,Proposed,133,BLK_133S,15,전면SAW,2,2025-09-20 02:31:22,2025-09-20 05:03:06,151.7,,공통
b140_sub_heavy_r1,Proposed,133,BLK_133S,15,TurnOver,3,2025-09-20 05:03:06,2025-09-20 05:15:06,12.0,,공통
b140_sub_heavy_r1,Proposed,133,BLK_133S,15,후면SAW,4,2025-09-20 05:15:06,2025-09-20 07:06:37,111.5,,공통
b140_sub_heavy_r1,Proposed,133,BLK_133S,15,NC,5,2025-09-20 07:06:37,2025-09-20 07:59:49,53.2,,공통
b140_sub_heavy_r1,Proposed,133,BLK_133S,15,베이36B 론지취부,6,2025-09-20 07:59:49,2025-09-20 09:16:19,76.5,36B,베이36B
b140_sub_heavy_r1,Proposed,133,BLK_133S,15,베이36B 론지용접,7,2025-09-20 09:16:19,2025-09-20 09:40:43,24.4,36B,베이36B
b140_sub_heavy_r1,Proposed,133,BLK_133S,15,베이36B 수정,8,2025-09-20 09:40:43,2025-09-20 10:27:31,46.8,36B,베이36B
b140_sub_heavy_r1,Proposed,19,BLK_19P,16,판계,1,2025-09-19 15:14:00,2025-09-19 15:39:00,25.0,,공통
b140_sub_heavy_r1,Proposed,19,BLK_19P,16,전면SAW,2,2025-09-20 05:03:06,2025-09-20 05:38:58,35.9,,공통
b140_sub_heavy_r1,Proposed,19,BLK_19P,16,TurnOver,3,2025-09-20 05:38:58,2025-09-20 05:50:58,12.0,,공통
b140_sub_heavy_r1,Proposed,19,BLK_19P,16,후면SAW,4,2025-09-20 07:06:37,2025-09-20 07:32:41,26.1,,공통
b140_sub_heavy_r1,Proposed,19,BLK_19P,16,NC,5,2025-09-20 07:59:49,2025-09-20 08:38:07,38.3,,공통
b140_sub_heavy_r1,Proposed,19,BLK_19P,16,베이35A 론지취부,6,2025-09-20 08:38:07,2025-09-20 09:58:07,80.0,35A,베이35A
b140_sub_heavy_r1,Proposed,19,BLK_19P,16,베이35A 론지용접,7,2025-09-20 09:58:07,2025-09-20 10:23:07,25.0,35A,베이35A
b140_sub_heavy_r1,Proposed,19,BLK_19P,16,베이35A 수정,8,2025-09-20 10:23:07,2025-09-20 11:12:07,49.0,35A,베이35A
b140_sub_heavy_r1,Proposed,131,BLK_131P,17,판계,1,2025-09-19 15:39:00,2025-09-19 16:14:00,35.0,,공통
b140_sub_heavy_r1,Proposed,131,BLK_131P,17,전면SAW,2,2025-09-20 05:38:58,2025-09-20 08:33:43,174.8,,공통
b140_sub_heavy_r1,Proposed,131,BLK_131P,17,TurnOver,3,2025-09-20 08:33:43,2025-09-20 08:45:43,12.0,,공통
b140_sub_heavy_r1,Proposed,131,BLK_131P,17,후면SAW,4,2025-09-20 08:45:43,2025-09-20 11:19:13,153.5,,공통
b140_sub_heavy_r1,Proposed,131,BLK_131P,17,NC,5,2025-09-20 11:19:13,2025-09-20 11:59:26,40.2,,공통
b140_sub_heavy_r1,Proposed,131,BLK_131P,17,베이36B 론지취부,6,2025-09-20 11:59:26,2025-09-20 12:58:26,59.0,36B,베이36B
b140_sub_heavy_r1,Proposed,131,BLK_131P,17,베이36B 론지용접,7,2025-09-20 12:58:26,2025-09-20 13:19:50,21.4,36B,베이36B
b140_sub_heavy_r1,Proposed,131,BLK_131P,17,베이36B 수정,8,2025-09-20 13:19:50,2025-09-20 13:55:38,35.8,36B,베이36B
b140_sub_heavy_r1,Proposed,122,BLK_122C,18,판계,1,2025-09-19 16:14:00,2025-09-19 16:39:00,25.0,,공통
b140_sub_heavy_r1,Proposed,122,BLK_122C,18,전면SAW,2,2025-09-20 08:33:43,2025-09-20 09:17:52,44.1,,공통
b140_sub_heavy_r1,Proposed,122,BLK_122C,18,TurnOver,3,2025-09-20 09:17:52,2025-09-20 09:29:52,12.0,,공통
b140_sub_heavy_r1,Proposed,122,BLK_122C,18,후면SAW,4,2025-09-20 11:19:13,2025-09-20 11:56:12,37.0,,공통
b140_sub_heavy_r1,Proposed,122,BLK_122C,18,NC,5,2025-09-20 11:59:26,2025-09-20 12:35:54,36.5,,공통
b140_sub_heavy_r1,Proposed,122,BLK_122C,18,베이35A 론지취부,6,2025-09-20 12:35:54,2025-09-20 13:38:24,62.5,35A,베이35A
b140_sub_heavy_r1,Proposed,122,BLK_122C,18,베이35A 론지용접,7,2025-09-20 13:38:24,2025-09-20 14:00:24,22.0,35A,베이35A
b140_sub_heavy_r1,Proposed,122,BLK_122C,18,베이35A 수정,8,2025-09-20 14:00:24,2025-09-20 14:38:24,38.0,35A,베이35A
b140_sub_heavy_r1,Proposed,93,BLK_93C,19,판계,1,2025-09-19 16:39:00,2025-09-19 17:24:00,45.0,,공통
b140_sub_heavy_r1,Proposed,93,BLK_93C,19,전면SAW,2,2025-09-20 09:17:52,2025-09-20 11:47:34,149.7,,공통
b140_sub_heavy_r1,Proposed,93,BLK_93C,19,TurnOver,3,2025-09-20 11:47:34,2025-09-20 11:59:34,12.0,,공통
b140_sub_heavy_r1,Proposed,93,BLK_93C,19,후면SAW,4,2025-09-20 11:59:34,2025-09-20 13:49:28,109.9,,공통
b140_sub_heavy_r1,Proposed,93,BLK_93C,19,NC,5,2025-09-20 13:49:28,2025-09-20 14:40:06,50.6,,공통
b140_sub_heavy_r1,Proposed,93,BLK_93C,19,베이36B 론지취부,6,2025-09-20 14:40:06,2025-09-20 15:42:36,62.5,36B,베이36B
b140_sub_heavy_r1,Proposed,93,BLK_93C,19,베이36B 론지용접,7,2025-09-20 15:42:36,2025-09-20 16:04:36,22.0,36B,베이36B
b140_sub_heavy_r1,Proposed,93,BLK_93C,19,베이36B 수정,8,2025-09-20 16:04:36,2025-09-20 16:42:36,38.0,36B,베이36B
b140_sub_heavy_r1,Proposed,58,BLK_58C,20,판계,1,2025-09-19 17:24:00,2025-09-19 17:54:00,30.0,,공통
b140_sub_heavy_r1,Proposed,58,BLK_58C,20,전면SAW,2,2025-09-20 11:47:34,2025-09-20 14:57:34,190.0,,공통
b140_sub_heavy_r1,Proposed,58,BLK_58C,20,TurnOver,3,2025-09-20 14:57:34,2025-09-20 15:09:34,12.0,,공통
b140_sub_heavy_r1,Proposed,58,BLK_58C,20,후면SAW,4,2025-09-20 15:09:34,2025-09-20 17:54:34,165.0,,공통
b140_sub_heavy_r1,Proposed,58,BLK_58C,20,NC,5,2025-09-20 17:54:34,2025-09-20 19:03:22,68.8,,공통
b140_sub_heavy_r1,Proposed,58,BLK_58C,20,베이35A 론지취부,6,2025-09-20 19:03:22,2025-09-20 20:33:52,90.5,35A,베이35A
b140_sub_heavy_r1,Proposed,58,BLK_58C,20,베이35A 론지용접,7,2025-09-20 20:33:52,2025-09-20 21:00:40,26.8,35A,베이35A
b140_sub_heavy_r1,Proposed,58,BLK_58C,20,베이35A 수정,8,2025-09-20 21:00:40,2025-09-20 21:56:16,55.6,35A,베이35A
b140_sub_heavy_r1,Proposed,92,BLK_92P,1,판계,1,2025-09-20 08:00:00,2025-09-20 08:30:00,30.0,,공통
b140_sub_heavy_r1,Proposed,92,BLK_92P,1,전면SAW,2,2025-09-20 08:30:00,2025-09-20 09:00:04,30.1,,공통
b140_sub_heavy_r1,Proposed,92,BLK_92P,1,TurnOver,3,2025-09-20 09:00:04,2025-09-20 09:12:04,12.0,,공통
b140_sub_heavy_r1,Proposed,92,BLK_92P,1,후면SAW,4,2025-09-20 09:12:04,2025-09-20 09:30:30,18.4,,공통
b140_sub_heavy_r1,Proposed,92,BLK_92P,1,NC,5,2025-09-20 09:30:30,2025-09-20 10:11:45,41.2,,공통
b140_sub_heavy_r1,Proposed,92,BLK_92P,1,베이36B 론지취부,6,2025-09-20 10:11:45,2025-09-20 11:35:15,83.5,36B,베이36B
b140_sub_heavy_r1,Proposed,92,BLK_92P,1,베이36B 론지용접,7,2025-09-20 11:35:15,2025-09-20 12:00:51,25.6,36B,베이36B
b140_sub_heavy_r1,Proposed,92,BLK_92P,1,베이36B 수정,8,2025-09-20 12:00:51,2025-09-20 12:52:03,51.2,36B,베이36B
b140_sub_heavy_r1,Proposed,118,BLK_118S,2,판계,1,2025-09-20 08:30:00,2025-09-20 09:15:00,45.0,,공통
b140_sub_heavy_r1,Proposed,118,BLK_118S,2,전면SAW,2,2025-09-20 09:15:00,2025-09-20 10:58:58,104.0,,공통
b140_sub_heavy_r1,Proposed,118,BLK_118S,2,TurnOver,3,2025-09-20 10:58:58,2025-09-20 11:10:58,12.0,,공통
b140_sub_heavy_r1,Proposed,118,BLK_118S,2,후면SAW,4,2025-09-20 11:10:58,2025-09-20 12:54:12,103.2,,공통
b140_sub_heavy_r1,Proposed,118,BLK_118S,2,NC,5,2025-09-20 12:54:12,2025-09-20 13:53:06,58.9,,공통
b140_sub_heavy_r1,Proposed,118,BLK_118S,2,베이35A 론지취부,6,2025-09-20 13:53:06,2025-09-20 15:06:06,73.0,35A,베이35A
b140_sub_heavy_r1,Proposed,118,BLK_118S,2,베이35A 론지용접,7,2025-09-20 15:06:06,2025-09-20 15:29:54,23.8,35A,베이35A
b140_sub_heavy_r1,Proposed,118,BLK_118S,2,베이35A 수정,8,2025-09-20 15:29:54,2025-09-20 16:14:30,44.6,35A,베이35A
b140_sub_heavy_r1,Proposed,62,BLK_62C,3,판계,1,2025-09-20 09:15:00,2025-09-20 09:53:00,38.0,,공통
b140_sub_heavy_r1,Proposed,62,BLK_62C,3,전면SAW,2,2025-09-20 10:58:58,2025-09-20 12:10:58,72.0,,공통
b140_sub_heavy_r1,Proposed,62,BLK_62C,3,TurnOver,3,2025-09-20 12:10:58,2025-09-20 12:22:58,12.0,,공통
b140_sub_heavy_r1,Proposed,62,BLK_62C,3,후면SAW,4,2025-09-20 12:54:12,2025-09-20 13:47:37,53.4,,공통
b140_sub_heavy_r1,Proposed,62,BLK_62C,3,NC,5,2025-09-20 13:53:06,2025-09-20 14:35:36,42.5,,공통
b140_sub_heavy_r1,Proposed,62,BLK_62C,3,베이36B 론지취부,6,2025-09-20 14:35:36,2025-09-20 15:16:56,41.3,36B,베이36B
b140_sub_heavy_r1,Proposed,62,BLK_62C,3,베이36B 론지용접,7,2025-09-20 15:16:56,2025-09-20 15:39:04,22.1,36B,베이36B
b140_sub_heavy_r1,Proposed,62,BLK_62C,3,베이36B 수정,8,2025-09-20 15:39:04,2025-09-20 15:57:16,18.2,36B,베이36B
b140_sub_heavy_r1,Proposed,73,BLK_73S,4,판계,1,2025-09-20 09:53:00,2025-09-20 10:21:00,28.0,,공통
b140_sub_heavy_r1,Proposed,73,BLK_73S,4,전면SAW,2,2025-09-20 12:10:58,2025-09-20 14:25:03,134.1,,공통
b140_sub_heavy_r1,Proposed,73,BLK_73S,4,TurnOver,3,2025-09-20 14:25:03,2025-09-20 14:37:03,12.0,,공통
b140_sub_heavy_r1,Proposed,73,BLK_73S,4,후면SAW,4,2025-09-20 14:37:03,2025-09-20 16:27:03,110.0,,공통
b140_sub_heavy_r1,Proposed,73,BLK_73S,4,NC,5,2025-09-20 16:27:03,2025-09-20 17:02:34,35.5,,공통
b140_sub_heavy_r1,Proposed,73,BLK_73S,4,베이35A 론지취부,6,2025-09-20 17:02:34,2025-09-20 17:51:04,48.5,35A,베이35A
b140_sub_heavy_r1,Proposed,73,BLK_73S,4,베이35A 론지용접,7,2025-09-20 17:51:04,2025-09-20 18:10:40,19.6,35A,베이35A
b140_sub_heavy_r1,Proposed,73,BLK_73S,4,베이35A 수정,8,2025-09-20 18:10:40,2025-09-20 18:39:52,29.2,35A,베이35A
b140_sub_heavy_r1,Proposed,98,BLK_98S,5,판계,1,2025-09-20 10:21:00,2025-09-20 10:46:00,25.0,,공통
b140_sub_heavy_r1,Proposed,98,BLK_98S,5,전면SAW,2,2025-09-20 14:25:03,2025-09-20 14:59:16,34.2,,공통
b140_sub_heavy_r1,Proposed,98,BLK_98S,5,TurnOver,3,2025-09-20 14:59:16,2025-09-20 15:11:16,12.0,,공통
b140_sub_heavy_r1,Proposed,98,BLK_98S,5,후면SAW,4,2025-09-20 16:27:03,2025-09-20 16:50:58,23.9,,공통
b140_sub_heavy_r1,Proposed,98,BLK_98S,5,NC,5,2025-09-20 17:02:34,2025-09-20 17:37:51,35.3,,공통
b140_sub_heavy_r1,Proposed,98,BLK_98S,5,베이36B 론지취부,6,2025-09-20 17:37:51,2025-09-20 18:57:51,80.0,36B,베이36B
b140_sub_heavy_r1,Proposed,98,BLK_98S,5,베이36B 론지용접,7,2025-09-20 18:57:51,2025-09-20 19:22:51,25.0,36B,베이36B
b140_sub_heavy_r1,Proposed,98,BLK_98S,5,베이36B 수정,8,2025-09-20 19:22:51,2025-09-20 20:11:51,49.0,36B,베이36B
b140_sub_heavy_r1,Proposed,68,BLK_68C,6,판계,1,2025-09-20 10:46:00,2025-09-20 11:06:00,20.0,,공통
b140_sub_heavy_r1,Proposed,68,BLK_68C,6,전면SAW,2,2025-09-20 14:59:16,2025-09-20 15:35:52,36.6,,공통
b140_sub_heavy_r1,Proposed,68,BLK_68C,6,TurnOver,3,2025-09-20 15:35:52,2025-09-20 15:47:52,12.0,,공통
b140_sub_heavy_r1,Proposed,68,BLK_68C,6,후면SAW,4,2025-09-20 16:50:58,2025-09-20 17:18:00,27.0,,공통
b140_sub_heavy_r1,Proposed,68,BLK_68C,6,NC,5,2025-09-20 17:37:51,2025-09-20 18:07:41,29.8,,공통
b140_sub_heavy_r1,Proposed,68,BLK_68C,6,베이35A 론지취부,6,2025-09-20 18:07:41,2025-09-20 19:13:41,66.0,35A,베이35A
b140_sub_heavy_r1,Proposed,68,BLK_68C,6,베이35A 론지용접,7,2025-09-20 19:13:41,2025-09-20 19:36:17,22.6,35A,베이35A
b140_sub_heavy_r1,Proposed,68,BLK_68C,6,베이35A 수정,8,2025-09-20 19:36:17,2025-09-20 20:16:29,40.2,35A,베이35A
b140_sub_heavy_r1,Proposed,84,BLK_84S,7,판계,1,2025-09-20 11:06:00,2025-09-20 11:44:00,38.0,,공통
b140_sub_heavy_r1,Proposed,84,BLK_84S,7,전면SAW,2,2025-09-20 15:35:52,2025-09-20 16:52:45,76.9,,공통
b140_sub_heavy_r1,Proposed,84,BLK_84S,7,TurnOver,3,2025-09-20 16:52:45,2025-09-20 17:04:45,12.0,,공통
b140_sub_heavy_r1,Proposed,84,BLK_84S,7,후면SAW,4,2025-09-20 17:18:00,2025-09-20 18:15:51,57.8,,공통
b140_sub_heavy_r1,Proposed,84,BLK_84S,7,NC,5,2025-09-20 18:15:51,2025-09-20 19:01:13,45.4,,공통
b140_sub_heavy_r1,Proposed,84,BLK_84S,7,베이36B 론지취부,6,2025-09-20 19:01:13,2025-09-20 20:03:43,62.5,36B,베이36B
b140_sub_heavy_r1,Proposed,84,BLK_84S,7,베이36B 론지용접,7,2025-09-20 20:03:43,2025-09-20 20:25:43,22.0,36B,베이36B
b140_sub_heavy_r1,Proposed,84,BLK_84S,7,베이36B 수정,8,2025-09-20 20:25:43,2025-09-20 21:03:43,38.0,36B,베이36B
b140_sub_heavy_r1,Proposed,104,BLK_104P,8,판계,1,2025-09-20 11:44:00,2025-09-20 12:09:00,25.0,,공통
b140_sub_heavy_r1,Proposed,104,BLK_104P,8,전면SAW,2,2025-09-20 16:52:45,2025-09-20 17:33:23,40.6,,공통
b140_sub_heavy_r1,Proposed,104,BLK_104P,8,TurnOver,3,2025-09-20 17:33:23,2025-09-20 17:45:23,12.0,,공통
b140_sub_heavy_r1,Proposed,104,BLK_104P,8,후면SAW,4,2025-09-20 18:15:51,2025-09-20 18:48:12,32.4,,공통
b140_sub_heavy_r1,Proposed,104,BLK_104P,8,NC,5,2025-09-20 19:01:13,2025-09-20 19:38:03,36.8,,공통
b140_sub_heavy_r1,Proposed,104,BLK_104P,8,베이35A 론지취부,6,2025-09-20 19:38:03,2025-09-20 20:58:03,80.0,35A,베이35A
b140_sub_heavy_r1,Proposed,104,BLK_104P,8,베이35A 론지용접,7,2025-09-20 20:58:03,2025-09-20 21:23:03,25.0,35A,베이35A
b140_sub_heavy_r1,Proposed,104,BLK_104P,8,베이35A 수정,8,2025-09-20 21:23:03,2025-09-20 22:12:03,49.0,35A,베이35A
b140_sub_heavy_r1,Proposed,123,BLK_123S,9,판계,1,2025-09-20 12:09:00,2025-09-20 12:39:00,30.0,,공통
b140_sub_heavy_r1,Proposed,123,BLK_123S,9,전면SAW,2,2025-09-20 17:33:23,2025-09-20 18:04:42,31.3,,공통
b140_sub_heavy_r1,Proposed,123,BLK_123S,9,TurnOver,3,2025-09-20 18:04:42,2025-09-20 18:16:42,12.0,,공통
b140_sub_heavy_r1,Proposed,123,BLK_123S,9,후면SAW,4,2025-09-20 18:48:12,2025-09-20 19:08:16,20.1,,공통
b140_sub_heavy_r1,Proposed,123,BLK_123S,9,NC,5,2025-09-20 19:38:03,2025-09-20 20:19:03,41.0,,공통
b140_sub_heavy_r1,Proposed,123,BLK_123S,9,베이36B 론지취부,6,2025-09-20 20:19:03,2025-09-20 21:46:03,87.0,36B,베이36B
b140_sub_heavy_r1,Proposed,123,BLK_123S,9,베이36B 론지용접,7,2025-09-20 21:46:03,2025-09-20 22:12:15,26.2,36B,베이36B
b140_sub_heavy_r1,Proposed,123,BLK_123S,9,베이36B 수정,8,2025-09-20 22:12:15,2025-09-20 23:05:39,53.4,36B,베이36B
b140_sub_heavy_r1,Proposed,36,BLK_36S,10,판계,1,2025-09-20 12:39:00,2025-09-20 13:07:00,28.0,,공통
b140_sub_heavy_r1,Proposed,36,BLK_36S,10,전면SAW,2,2025-09-20 18:04:42,2025-09-20 20:12:07,127.4,,공통
b140_sub_heavy_r1,Proposed,36,BLK_36S,10,TurnOver,3,2025-09-20 20:12:07,2025-09-20 20:24:07,12.0,,공통
b140_sub_heavy_r1,Proposed,36,BLK_36S,10,후면SAW,4,2025-09-20 20:24:07,2025-09-20 22:08:03,103.9,,공통
b140_sub_heavy_r1,Proposed,36,BLK_36S,10,NC,5,2025-09-20 22:08:03,2025-09-20 22:43:12,35.1,,공통
b140_sub_heavy_r1,Proposed,36,BLK_36S,10,베이35A 론지취부,6,2025-09-20 22:43:12,2025-09-20 23:38:42,55.5,35A,베이35A
b140_sub_heavy_r1,Proposed,36,BLK_36S,10,베이35A 론지용접,7,2025-09-20 23:38:42,2025-09-20 23:59:30,20.8,35A,베이35A
b140_sub_heavy_r1,Proposed,36,BLK_36S,10,베이35A 수정,8,2025-09-20 23:59:30,2025-09-21 00:33:06,33.6,35A,베이35A
b140_sub_heavy_r1,Proposed,64,BLK_64C,11,판계,1,2025-09-20 13:07:00,2025-09-20 13:32:00,25.0,,공통
b140_sub_heavy_r1,Proposed,64,BLK_64C,11,전면SAW,2,2025-09-20 20:12:07,2025-09-20 20:44:01,31.9,,공통
b140_sub_heavy_r1,Proposed,64,BLK_64C,11,TurnOver,3,2025-09-20 20:44:01,2025-09-20 20:56:01,12.0,,공통
b140_sub_heavy_r1,Proposed,64,BLK_64C,11,후면SAW,4,2025-09-20 22:08:03,2025-09-20 22:28:55,20.9,,공통
b140_sub_heavy_r1,Proposed,64,BLK_64C,11,NC,5,2025-09-20 22:43:12,2025-09-20 23:16:34,33.4,,공통
b140_sub_heavy_r1,Proposed,64,BLK_64C,11,베이36B 론지취부,6,2025-09-20 23:16:34,2025-09-21 00:33:04,76.5,36B,베이36B
b140_sub_heavy_r1,Proposed,64,BLK_64C,11,베이36B 론지용접,7,2025-09-21 00:33:04,2025-09-21 00:57:28,24.4,36B,베이36B
b140_sub_heavy_r1,Proposed,64,BLK_64C,11,베이36B 수정,8,2025-09-21 00:57:28,2025-09-21 01:44:16,46.8,36B,베이36B
b140_sub_heavy_r1,Proposed,108,BLK_108S,12,판계,1,2025-09-20 13:32:00,2025-09-20 13:57:00,25.0,,공통
b140_sub_heavy_r1,Proposed,108,BLK_108S,12,전면SAW,2,2025-09-20 20:44:01,2025-09-20 21:20:15,36.2,,공통
b140_sub_heavy_r1,Proposed,108,BLK_108S,12,TurnOver,3,2025-09-20 21:20:15,2025-09-20 21:32:15,12.0,,공통
b140_sub_heavy_r1,Proposed,108,BLK_108S,12,후면SAW,4,2025-09-20 22:28:55,2025-09-20 22:55:28,26.6,,공통
b140_sub_heavy_r1,Proposed,108,BLK_108S,12,NC,5,2025-09-20 23:16:34,2025-09-20 23:54:15,37.7,,공통
b140_sub_heavy_r1,Proposed,108,BLK_108S,12,베이35A 론지취부,6,2025-09-20 23:54:15,2025-09-21 00:53:15,59.0,35A,베이35A
b140_sub_heavy_r1,Proposed,108,BLK_108S,12,베이35A 론지용접,7,2025-09-21 00:53:15,2025-09-21 01:14:39,21.4,35A,베이35A
b140_sub_heavy_r1,Proposed,108,BLK_108S,12,베이35A 수정,8,2025-09-21 01:14:39,2025-09-21 01:50:27,35.8,35A,베이35A
b140_sub_heavy_r1,Proposed,31,BLK_31P,1,판계,1,2025-09-21 08:00:00,2025-09-21 08:25:00,25.0,,공통
b140_sub_heavy_r1,Proposed,31,BLK_31P,1,전면SAW,2,2025-09-21 08:25:00,2025-09-21 09:03:05,38.1,,공통
b140_sub_heavy_r1,Proposed,31,BLK_31P,1,TurnOver,3,2025-09-21 09:03:05,2025-09-21 09:15:05,12.0,,공통
b140_sub_heavy_r1,Proposed,31,BLK_31P,1,후면SAW,4,2025-09-21 09:15:05,2025-09-21 09:44:05,29.0,,공통
b140_sub_heavy_r1,Proposed,31,BLK_31P,1,NC,5,2025-09-21 09:44:05,2025-09-21 10:24:19,40.2,,공통
b140_sub_heavy_r1,Proposed,31,BLK_31P,1,베이36B 론지취부,6,2025-09-21 10:24:19,2025-09-21 11:37:19,73.0,36B,베이36B
b140_sub_heavy_r1,Proposed,31,BLK_31P,1,베이36B 론지용접,7,2025-09-21 11:37:19,2025-09-21 12:01:07,23.8,36B,베이36B
b140_sub_heavy_r1,Proposed,31,BLK_31P,1,베이36B 수정,8,2025-09-21 12:01:07,2025-09-21 12:45:43,44.6,36B,베이36B
b140_sub_heavy_r1,Proposed,72,BLK_72S,2,판계,1,2025-09-21 08:25:00,2025-09-21 09:03:00,38.0,,공통
b140_sub_heavy_r1,Proposed,72,BLK_72S,2,전면SAW,2,2025-09-21 09:03:05,2025-09-21 10:36:22,93.3,,공통
b140_sub_heavy_r1,Proposed,72,BLK_72S,2,TurnOver,3,2025-09-21 10:36:22,2025-09-21 10:48:22,12.0,,공통
b140_sub_heavy_r1,Proposed,72,BLK_72S,2,후면SAW,4,2025-09-21 10:48:22,2025-09-21 12:01:12,72.8,,공통
b140_sub_heavy_r1,Proposed,72,BLK_72S,2,NC,5,2025-09-21 12:01:12,2025-09-21 12:47:43,46.5,,공통
b140_sub_heavy_r1,Proposed,72,BLK_72S,2,베이35A 론지취부,6,2025-09-21 12:47:43,2025-09-21 14:07:43,80.0,35A,베이35A
b140_sub_heavy_r1,Proposed,72,BLK_72S,2,베이35A 론지용접,7,2025-09-21 14:07:43,2025-09-21 14:32:43,25.0,35A,베이35A
b140_sub_heavy_r1,Proposed,72,BLK_72S,2,베이35A 수정,8,2025-09-21 14:32:43,2025-09-21 15:21:43,49.0,35A,베이35A
b140_sub_heavy_r1,Proposed,128,BLK_128P,3,판계,1,2025-09-21 09:03:00,2025-09-21 09:48:00,45.0,,공통
b140_sub_heavy_r1,Proposed,128,BLK_128P,3,전면SAW,2,2025-09-21 10:36:22,2025-09-21 11:12:57,36.6,,공통
b140_sub_heavy_r1,Proposed,128,BLK_128P,3,TurnOver,3,2025-09-21 11:12:57,2025-09-21 11:24:57,12.0,,공통
b140_sub_heavy_r1,Proposed,128,BLK_128P,3,후면SAW,4,2025-09-21 12:01:12,2025-09-21 12:28:12,27.0,,공통
b140_sub_heavy_r1,Proposed,128,BLK_128P,3,NC,5,2025-09-21 12:47:43,2025-09-21 13:41:50,54.1,,공통
b140_sub_heavy_r1,Proposed,128,BLK_128P,3,베이36B 론지취부,6,2025-09-21 13:41:50,2025-09-21 15:12:20,90.5,36B,베이36B
b140_sub_heavy_r1,Proposed,128,BLK_128P,3,베이36B 론지용접,7,2025-09-21 15:12:20,2025-09-21 15:39:08,26.8,36B,베이36B
b140_sub_heavy_r1,Proposed,128,BLK_128P,3,베이36B 수정,8,2025-09-21 15:39:08,2025-09-21 16:34:44,55.6,36B,베이36B
b140_sub_heavy_r1,Proposed,94,BLK_94C,4,판계,1,2025-09-21 09:48:00,2025-09-21 10:18:00,30.0,,공통
b140_sub_heavy_r1,Proposed,94,BLK_94C,4,전면SAW,2,2025-09-21 11:12:57,2025-09-21 13:16:50,123.9,,공통
b140_sub_heavy_r1,Proposed,94,BLK_94C,4,TurnOver,3,2025-09-21 13:16:50,2025-09-21 13:28:50,12.0,,공통
b140_sub_heavy_r1,Proposed,94,BLK_94C,4,후면SAW,4,2025-09-21 13:28:50,2025-09-21 14:58:03,89.2,,공통
b140_sub_heavy_r1,Proposed,94,BLK_94C,4,NC,5,2025-09-21 14:58:03,2025-09-21 15:54:34,56.5,,공통
b140_sub_heavy_r1,Proposed,94,BLK_94C,4,베이35A 론지취부,6,2025-09-21 15:54:34,2025-09-21 16:53:34,59.0,35A,베이35A
b140_sub_heavy_r1,Proposed,94,BLK_94C,4,베이35A 론지용접,7,2025-09-21 16:53:34,2025-09-21 17:14:58,21.4,35A,베이35A
b140_sub_heavy_r1,Proposed,94,BLK_94C,4,베이35A 수정,8,2025-09-21 17:14:58,2025-09-21 17:50:46,35.8,35A,베이35A
b140_sub_heavy_r1,Proposed,82,BLK_82C,5,판계,1,2025-09-21 10:18:00,2025-09-21 10:38:00,20.0,,공통
b140_sub_heavy_r1,Proposed,82,BLK_82C,5,전면SAW,2,2025-09-21 13:16:50,2025-09-21 14:07:20,50.5,,공통
b140_sub_heavy_r1,Proposed,82,BLK_82C,5,TurnOver,3,2025-09-21 14:07:20,2025-09-21 14:19:20,12.0,,공통
b140_sub_heavy_r1,Proposed,82,BLK_82C,5,후면SAW,4,2025-09-21 14:58:03,2025-09-21 15:43:23,45.3,,공통
b140_sub_heavy_r1,Proposed,82,BLK_82C,5,NC,5,2025-09-21 15:54:34,2025-09-21 16:20:48,26.2,,공통
b140_sub_heavy_r1,Proposed,82,BLK_82C,5,베이36B 론지취부,6,2025-09-21 16:20:48,2025-09-21 17:09:18,48.5,36B,베이36B
b140_sub_heavy_r1,Proposed,82,BLK_82C,5,베이36B 론지용접,7,2025-09-21 17:09:18,2025-09-21 17:28:54,19.6,36B,베이36B
b140_sub_heavy_r1,Proposed,82,BLK_82C,5,베이36B 수정,8,2025-09-21 17:28:54,2025-09-21 17:58:06,29.2,36B,베이36B
b140_sub_heavy_r1,Proposed,124,BLK_124P,6,판계,1,2025-09-21 10:38:00,2025-09-21 11:18:00,40.0,,공통
b140_sub_heavy_r1,Proposed,124,BLK_124P,6,전면SAW,2,2025-09-21 14:07:20,2025-09-21 16:03:08,115.8,,공통
b140_sub_heavy_r1,Proposed,124,BLK_124P,6,TurnOver,3,2025-09-21 16:03:08,2025-09-21 16:15:08,12.0,,공통
b140_sub_heavy_r1,Proposed,124,BLK_124P,6,후면SAW,4,2025-09-21 16:15:08,2025-09-21 17:37:53,82.8,,공통
b140_sub_heavy_r1,Proposed,124,BLK_124P,6,NC,5,2025-09-21 17:37:53,2025-09-21 18:22:45,44.9,,공통
b140_sub_heavy_r1,Proposed,124,BLK_124P,6,베이35A 론지취부,6,2025-09-21 18:22:45,2025-09-21 19:18:15,55.5,35A,베이35A
b140_sub_heavy_r1,Proposed,124,BLK_124P,6,베이35A 론지용접,7,2025-09-21 19:18:15,2025-09-21 19:39:03,20.8,35A,베이35A
b140_sub_heavy_r1,Proposed,124,BLK_124P,6,베이35A 수정,8,2025-09-21 19:39:03,2025-09-21 20:12:39,33.6,35A,베이35A
b140_sub_heavy_r1,Proposed,112,BLK_112P,7,판계,1,2025-09-21 11:18:00,2025-09-21 11:48:00,30.0,,공통
b140_sub_heavy_r1,Proposed,112,BLK_112P,7,전면SAW,2,2025-09-21 16:03:08,2025-09-21 16:35:21,32.2,,공통
b140_sub_heavy_r1,Proposed,112,BLK_112P,7,TurnOver,3,2025-09-21 16:35:21,2025-09-21 16:47:21,12.0,,공통
b140_sub_heavy_r1,Proposed,112,BLK_112P,7,후면SAW,4,2025-09-21 17:37:53,2025-09-21 17:59:10,21.3,,공통
b140_sub_heavy_r1,Proposed,112,BLK_112P,7,NC,5,2025-09-21 18:22:45,2025-09-21 19:05:28,42.7,,공통
b140_sub_heavy_r1,Proposed,112,BLK_112P,7,베이36B 론지취부,6,2025-09-21 19:05:28,2025-09-21 19:57:28,52.0,36B,베이36B
b140_sub_heavy_r1,Proposed,112,BLK_112P,7,베이36B 론지용접,7,2025-09-21 19:57:28,2025-09-21 20:17:40,20.2,36B,베이36B
b140_sub_heavy_r1,Proposed,112,BLK_112P,7,베이36B 수정,8,2025-09-21 20:17:40,2025-09-21 20:49:04,31.4,36B,베이36B
b140_sub_heavy_r1,Proposed,103,BLK_103C,8,판계,1,2025-09-21 11:48:00,2025-09-21 12:18:00,30.0,,공통
b140_sub_heavy_r1,Proposed,103,BLK_103C,8,전면SAW,2,2025-09-21 16:35:21,2025-09-21 17:59:56,84.6,,공통
b140_sub_heavy_r1,Proposed,103,BLK_103C,8,TurnOver,3,2025-09-21 17:59:56,2025-09-21 18:11:56,12.0,,공통
b140_sub_heavy_r1,Proposed,103,BLK_103C,8,후면SAW,4,2025-09-21 18:11:56,2025-09-21 19:16:48,64.9,,공통
b140_sub_heavy_r1,Proposed,103,BLK_103C,8,NC,5,2025-09-21 19:16:48,2025-09-21 20:07:10,50.4,,공통
b140_sub_heavy_r1,Proposed,103,BLK_103C,8,베이35A 론지취부,6,2025-09-21 20:07:10,2025-09-21 21:34:10,87.0,35A,베이35A
b140_sub_heavy_r1,Proposed,103,BLK_103C,8,베이35A 론지용접,7,2025-09-21 21:34:10,2025-09-21 22:00:22,26.2,35A,베이35A
b140_sub_heavy_r1,Proposed,103,BLK_103C,8,베이35A 수정,8,2025-09-21 22:00:22,2025-09-21 22:53:46,53.4,35A,베이35A
b140_sub_heavy_r1,Proposed,52,BLK_52S,9,판계,1,2025-09-21 12:18:00,2025-09-21 12:48:00,30.0,,공통
b140_sub_heavy_r1,Proposed,52,BLK_52S,9,전면SAW,2,2025-09-21 17:59:56,2025-09-21 18:29:04,29.1,,공통
b140_sub_heavy_r1,Proposed,52,BLK_52S,9,TurnOver,3,2025-09-21 18:29:04,2025-09-21 18:41:04,12.0,,공통
b140_sub_heavy_r1,Proposed,52,BLK_52S,9,후면SAW,4,2025-09-21 19:16:48,2025-09-21 19:34:01,17.2,,공통
b140_sub_heavy_r1,Proposed,52,BLK_52S,9,NC,5,2025-09-21 20:07:10,2025-09-21 20:47:09,40.0,,공통
b140_sub_heavy_r1,Proposed,52,BLK_52S,9,베이36B 론지취부,6,2025-09-21 20:47:09,2025-09-21 22:03:39,76.5,36B,베이36B
b140_sub_heavy_r1,Proposed,52,BLK_52S,9,베이36B 론지용접,7,2025-09-21 22:03:39,2025-09-21 22:28:03,24.4,36B,베이36B
b140_sub_heavy_r1,Proposed,52,BLK_52S,9,베이36B 수정,8,2025-09-21 22:28:03,2025-09-21 23:14:51,46.8,36B,베이36B
b140_sub_heavy_r1,Proposed,49,BLK_49P,10,판계,1,2025-09-21 12:48:00,2025-09-21 13:13:00,25.0,,공통
b140_sub_heavy_r1,Proposed,49,BLK_49P,10,전면SAW,2,2025-09-21 18:29:04,2025-09-21 18:57:04,28.0,,공통
b140_sub_heavy_r1,Proposed,49,BLK_49P,10,TurnOver,3,2025-09-21 18:57:04,2025-09-21 19:09:04,12.0,,공통
b140_sub_heavy_r1,Proposed,49,BLK_49P,10,후면SAW,4,2025-09-21 19:34:01,2025-09-21 19:49:44,15.7,,공통
b140_sub_heavy_r1,Proposed,49,BLK_49P,10,NC,5,2025-09-21 20:47:09,2025-09-21 21:19:01,31.9,,공통
b140_sub_heavy_r1,Proposed,49,BLK_49P,10,베이35A 론지취부,6,2025-09-21 21:34:10,2025-09-21 22:36:40,62.5,35A,베이35A
b140_sub_heavy_r1,Proposed,49,BLK_49P,10,베이35A 론지용접,7,2025-09-21 22:36:40,2025-09-21 22:58:40,22.0,35A,베이35A
b140_sub_heavy_r1,Proposed,49,BLK_49P,10,베이35A 수정,8,2025-09-21 22:58:40,2025-09-21 23:36:40,38.0,35A,베이35A
b140_sub_heavy_r1,Proposed,47,BLK_47S,1,판계,1,2025-09-22 08:00:00,2025-09-22 08:30:00,30.0,,공통
b140_sub_heavy_r1,Proposed,47,BLK_47S,1,전면SAW,2,2025-09-22 08:30:00,2025-09-22 09:01:45,31.8,,공통
b140_sub_heavy_r1,Proposed,47,BLK_47S,1,TurnOver,3,2025-09-22 09:01:45,2025-09-22 09:13:45,12.0,,공통
b140_sub_heavy_r1,Proposed,47,BLK_47S,1,후면SAW,4,2025-09-22 09:13:45,2025-09-22 09:34:25,20.7,,공통
b140_sub_heavy_r1,Proposed,47,BLK_47S,1,NC,5,2025-09-22 09:34:25,2025-09-22 10:17:49,43.4,,공통
b140_sub_heavy_r1,Proposed,47,BLK_47S,1,베이36B 론지취부,6,2025-09-22 10:17:49,2025-09-22 11:44:49,87.0,36B,베이36B
b140_sub_heavy_r1,Proposed,47,BLK_47S,1,베이36B 론지용접,7,2025-09-22 11:44:49,2025-09-22 12:11:01,26.2,36B,베이36B
b140_sub_heavy_r1,Proposed,47,BLK_47S,1,베이36B 수정,8,2025-09-22 12:11:01,2025-09-22 13:04:25,53.4,36B,베이36B
b140_sub_heavy_r1,Proposed,32,BLK_32S,2,판계,1,2025-09-22 08:30:00,2025-09-22 09:03:00,33.0,,공통
b140_sub_heavy_r1,Proposed,32,BLK_32S,2,전면SAW,2,2025-09-22 09:03:00,2025-09-22 10:18:48,75.8,,공통
b140_sub_heavy_r1,Proposed,32,BLK_32S,2,TurnOver,3,2025-09-22 10:18:48,2025-09-22 10:30:48,12.0,,공통
b140_sub_heavy_r1,Proposed,32,BLK_32S,2,후면SAW,4,2025-09-22 10:30:48,2025-09-22 11:27:40,56.9,,공통
b140_sub_heavy_r1,Proposed,32,BLK_32S,2,NC,5,2025-09-22 11:27:40,2025-09-22 12:03:35,35.9,,공통
b140_sub_heavy_r1,Proposed,32,BLK_32S,2,베이35A 론지취부,6,2025-09-22 12:03:35,2025-09-22 12:41:35,38.0,35A,베이35A
b140_sub_heavy_r1,Proposed,32,BLK_32S,2,베이35A 론지용접,7,2025-09-22 12:41:35,2025-09-22 12:59:23,17.8,35A,베이35A
b140_sub_heavy_r1,Proposed,32,BLK_32S,2,베이35A 수정,8,2025-09-22 12:59:23,2025-09-22 13:21:59,22.6,35A,베이35A
b140_sub_heavy_r1,Proposed,51,BLK_51P,3,판계,1,2025-09-22 09:03:00,2025-09-22 09:33:00,30.0,,공통
b140_sub_heavy_r1,Proposed,51,BLK_51P,3,전면SAW,2,2025-09-22 10:18:48,2025-09-22 10:48:33,29.8,,공통
b140_sub_heavy_r1,Proposed,51,BLK_51P,3,TurnOver,3,2025-09-22 10:48:33,2025-09-22 11:00:33,12.0,,공통
b140_sub_heavy_r1,Proposed,51,BLK_51P,3,후면SAW,4,2025-09-22 11:27:40,2025-09-22 11:45:41,18.0,,공통
b140_sub_heavy_r1,Proposed,51,BLK_51P,3,NC,5,2025-09-22 12:03:35,2025-09-22 12:54:22,50.8,,공통
b140_sub_heavy_r1,Proposed,51,BLK_51P,3,베이36B 론지취부,6,2025-09-22 12:54:22,2025-09-22 14:21:22,87.0,36B,베이36B
b140_sub_heavy_r1,Proposed,51,BLK_51P,3,베이36B 론지용접,7,2025-09-22 14:21:22,2025-09-22 14:47:34,26.2,36B,베이36B
b140_sub_heavy_r1,Proposed,51,BLK_51P,3,베이36B 수정,8,2025-09-22 14:47:34,2025-09-22 15:40:58,53.4,36B,베이36B
b140_sub_heavy_r1,Proposed,114,BLK_114P,4,판계,1,2025-09-22 09:33:00,2025-09-22 10:11:00,38.0,,공통
b140_sub_heavy_r1,Proposed,114,BLK_114P,4,전면SAW,2,2025-09-22 10:48:33,2025-09-22 12:11:07,82.6,,공통
b140_sub_heavy_r1,Proposed,114,BLK_114P,4,TurnOver,3,2025-09-22 12:11:07,2025-09-22 12:23:07,12.0,,공통
b140_sub_heavy_r1,Proposed,114,BLK_114P,4,후면SAW,4,2025-09-22 12:23:07,2025-09-22 13:26:09,63.0,,공통
b140_sub_heavy_r1,Proposed,114,BLK_114P,4,NC,5,2025-09-22 13:26:09,2025-09-22 14:08:54,42.8,,공통
b140_sub_heavy_r1,Proposed,114,BLK_114P,4,베이35A 론지취부,6,2025-09-22 14:08:54,2025-09-22 14:46:54,38.0,35A,베이35A
b140_sub_heavy_r1,Proposed,114,BLK_114P,4,베이35A 론지용접,7,2025-09-22 14:46:54,2025-09-22 15:04:42,17.8,35A,베이35A
b140_sub_heavy_r1,Proposed,114,BLK_114P,4,베이35A 수정,8,2025-09-22 15:04:42,2025-09-22 15:27:18,22.6,35A,베이35A
b140_sub_heavy_r1,Proposed,74,BLK_74P,5,판계,1,2025-09-22 10:11:00,2025-09-22 10:41:00,30.0,,공통
b140_sub_heavy_r1,Proposed,74,BLK_74P,5,전면SAW,2,2025-09-22 12:11:07,2025-09-22 12:43:18,32.2,,공통
b140_sub_heavy_r1,Proposed,74,BLK_74P,5,TurnOver,3,2025-09-22 12:43:18,2025-09-22 12:55:18,12.0,,공통
b140_sub_heavy_r1,Proposed,74,BLK_74P,5,후면SAW,4,2025-09-22 13:26:09,2025-09-22 13:47:22,21.2,,공통
b140_sub_heavy_r1,Proposed,74,BLK_74P,5,NC,5,2025-09-22 14:08:54,2025-09-22 14:55:40,46.8,,공통
b140_sub_heavy_r1,Proposed,74,BLK_74P,5,베이36B 론지취부,6,2025-09-22 14:55:40,2025-09-22 15:58:10,62.5,36B,베이36B
b140_sub_heavy_r1,Proposed,74,BLK_74P,5,베이36B 론지용접,7,2025-09-22 15:58:10,2025-09-22 16:20:10,22.0,36B,베이36B
b140_sub_heavy_r1,Proposed,74,BLK_74P,5,베이36B 수정,8,2025-09-22 16:20:10,2025-09-22 16:58:10,38.0,36B,베이36B
b140_sub_heavy_r1,Proposed,40,BLK_40C,6,판계,1,2025-09-22 10:41:00,2025-09-22 11:14:00,33.0,,공통
b140_sub_heavy_r1,Proposed,40,BLK_40C,6,전면SAW,2,2025-09-22 12:43:18,2025-09-22 13:55:16,72.0,,공통
b140_sub_heavy_r1,Proposed,40,BLK_40C,6,TurnOver,3,2025-09-22 13:55:16,2025-09-22 14:07:16,12.0,,공통
b140_sub_heavy_r1,Proposed,40,BLK_40C,6,후면SAW,4,2025-09-22 14:07:16,2025-09-22 15:00:39,53.4,,공통
b140_sub_heavy_r1,Proposed,40,BLK_40C,6,NC,5,2025-09-22 15:00:39,2025-09-22 15:36:02,35.4,,공통
b140_sub_heavy_r1,Proposed,40,BLK_40C,6,베이35A 론지취부,6,2025-09-22 15:36:02,2025-09-22 16:07:02,31.0,35A,베이35A
b140_sub_heavy_r1,Proposed,40,BLK_40C,6,베이35A 론지용접,7,2025-09-22 16:07:02,2025-09-22 16:19:38,12.6,35A,베이35A
b140_sub_heavy_r1,Proposed,40,BLK_40C,6,베이35A 수정,8,2025-09-22 16:19:38,2025-09-22 16:37:50,18.2,35A,베이35A
b140_sub_heavy_r1,Proposed,88,BLK_88S,7,판계,1,2025-09-22 11:14:00,2025-09-22 11:44:00,30.0,,공통
b140_sub_heavy_r1,Proposed,88,BLK_88S,7,전면SAW,2,2025-09-22 13:55:16,2025-09-22 14:26:02,30.8,,공통
b140_sub_heavy_r1,Proposed,88,BLK_88S,7,TurnOver,3,2025-09-22 14:26:02,2025-09-22 14:38:02,12.0,,공통
b140_sub_heavy_r1,Proposed,88,BLK_88S,7,후면SAW,4,2025-09-22 15:00:39,2025-09-22 15:20:01,19.4,,공통
b140_sub_heavy_r1,Proposed,88,BLK_88S,7,NC,5,2025-09-22 15:36:02,2025-09-22 16:15:22,39.3,,공통
b140_sub_heavy_r1,Proposed,88,BLK_88S,7,베이36B 론지취부,6,2025-09-22 16:15:22,2025-09-22 17:03:52,48.5,36B,베이36B
b140_sub_heavy_r1,Proposed,88,BLK_88S,7,베이36B 론지용접,7,2025-09-22 17:03:52,2025-09-22 17:23:28,19.6,36B,베이36B
b140_sub_heavy_r1,Proposed,88,BLK_88S,7,베이36B 수정,8,2025-09-22 17:23:28,2025-09-22 17:52:40,29.2,36B,베이36B
b140_sub_heavy_r1,Proposed,83,BLK_83P,8,판계,1,2025-09-22 11:44:00,2025-09-22 12:14:00,30.0,,공통
b140_sub_heavy_r1,Proposed,83,BLK_83P,8,전면SAW,2,2025-09-22 14:26:02,2025-09-22 14:55:51,29.8,,공통
b140_sub_heavy_r1,Proposed,83,BLK_83P,8,TurnOver,3,2025-09-22 14:55:51,2025-09-22 15:07:51,12.0,,공통
b140_sub_heavy_r1,Proposed,83,BLK_83P,8,후면SAW,4,2025-09-22 15:20:01,2025-09-22 15:38:07,18.1,,공통
b140_sub_heavy_r1,Proposed,83,BLK_83P,8,NC,5,2025-09-22 16:15:22,2025-09-22 17:00:39,45.3,,공통
b140_sub_heavy_r1,Proposed,83,BLK_83P,8,베이35A 론지취부,6,2025-09-22 17:00:39,2025-09-22 17:45:39,45.0,35A,베이35A
b140_sub_heavy_r1,Proposed,83,BLK_83P,8,베이35A 론지용접,7,2025-09-22 17:45:39,2025-09-22 18:04:39,19.0,35A,베이35A
b140_sub_heavy_r1,Proposed,83,BLK_83P,8,베이35A 수정,8,2025-09-22 18:04:39,2025-09-22 18:31:39,27.0,35A,베이35A
b140_sub_heavy_r1,Proposed,39,BLK_39P,9,판계,1,2025-09-22 12:14:00,2025-09-22 12:39:00,25.0,,공통
b140_sub_heavy_r1,Proposed,39,BLK_39P,9,전면SAW,2,2025-09-22 14:55:51,2025-09-22 15:25:56,30.1,,공통
b140_sub_heavy_r1,Proposed,39,BLK_39P,9,TurnOver,3,2025-09-22 15:25:56,2025-09-22 15:37:56,12.0,,공통
b140_sub_heavy_r1,Proposed,39,BLK_39P,9,후면SAW,4,2025-09-22 15:38:07,2025-09-22 15:56:34,18.5,,공통
b140_sub_heavy_r1,Proposed,39,BLK_39P,9,NC,5,2025-09-22 17:00:39,2025-09-22 17:34:44,34.1,,공통
b140_sub_heavy_r1,Proposed,39,BLK_39P,9,베이36B 론지취부,6,2025-09-22 17:34:44,2025-09-22 18:23:14,48.5,36B,베이36B
b140_sub_heavy_r1,Proposed,39,BLK_39P,9,베이36B 론지용접,7,2025-09-22 18:23:14,2025-09-22 18:42:50,19.6,36B,베이36B
b140_sub_heavy_r1,Proposed,39,BLK_39P,9,베이36B 수정,8,2025-09-22 18:42:50,2025-09-22 19:12:02,29.2,36B,베이36B
b140_sub_heavy_r1,Proposed,63,BLK_63C,10,판계,1,2025-09-22 12:39:00,2025-09-22 12:59:00,20.0,,공통
b140_sub_heavy_r1,Proposed,63,BLK_63C,10,전면SAW,2,2025-09-22 15:25:56,2025-09-22 15:58:31,32.6,,공통
b140_sub_heavy_r1,Proposed,63,BLK_63C,10,TurnOver,3,2025-09-22 15:58:31,2025-09-22 16:10:31,12.0,,공통
b140_sub_heavy_r1,Proposed,63,BLK_63C,10,후면SAW,4,2025-09-22 16:10:31,2025-09-22 16:32:16,21.8,,공통
b140_sub_heavy_r1,Proposed,63,BLK_63C,10,NC,5,2025-09-22 17:34:44,2025-09-22 18:00:06,25.4,,공통
b140_sub_heavy_r1,Proposed,63,BLK_63C,10,베이35A 론지취부,6,2025-09-22 18:00:06,2025-09-22 18:48:06,48.0,35A,베이35A
b140_sub_heavy_r1,Proposed,63,BLK_63C,10,베이35A 론지용접,7,2025-09-22 18:48:06,2025-09-22 19:10:54,22.8,35A,베이35A
b140_sub_heavy_r1,Proposed,63,BLK_63C,10,베이35A 수정,8,2025-09-22 19:10:54,2025-09-22 19:24:42,13.8,35A,베이35A
b140_sub_heavy_r1,Proposed,11,BLK_11S,11,판계,1,2025-09-22 12:59:00,2025-09-22 13:29:00,30.0,,공통
b140_sub_heavy_r1,Proposed,11,BLK_11S,11,전면SAW,2,2025-09-22 15:58:31,2025-09-22 16:25:58,27.4,,공통
b140_sub_heavy_r1,Proposed,11,BLK_11S,11,TurnOver,3,2025-09-22 16:25:58,2025-09-22 16:37:58,12.0,,공통
b140_sub_heavy_r1,Proposed,11,BLK_11S,11,후면SAW,4,2025-09-22 16:37:58,2025-09-22 16:52:57,15.0,,공통
b140_sub_heavy_r1,Proposed,11,BLK_11S,11,NC,5,2025-09-22 18:00:06,2025-09-22 18:38:13,38.1,,공통
b140_sub_heavy_r1,Proposed,11,BLK_11S,11,베이36B 론지취부,6,2025-09-22 18:38:13,2025-09-22 19:12:43,34.5,36B,베이36B
b140_sub_heavy_r1,Proposed,11,BLK_11S,11,베이36B 론지용접,7,2025-09-22 19:12:43,2025-09-22 19:29:55,17.2,36B,베이36B
b140_sub_heavy_r1,Proposed,11,BLK_11S,11,베이36B 수정,8,2025-09-22 19:29:55,2025-09-22 19:50:19,20.4,36B,베이36B
b140_sub_heavy_r1,Proposed,126,BLK_126P,12,판계,1,2025-09-22 13:29:00,2025-09-22 13:59:00,30.0,,공통
b140_sub_heavy_r1,Proposed,126,BLK_126P,12,전면SAW,2,2025-09-22 16:25:58,2025-09-22 18:37:04,131.1,,공통
b140_sub_heavy_r1,Proposed,126,BLK_126P,12,TurnOver,3,2025-09-22 18:37:04,2025-09-22 18:49:04,12.0,,공통
b140_sub_heavy_r1,Proposed,126,BLK_126P,12,후면SAW,4,2025-09-22 18:49:04,2025-09-22 20:24:04,95.0,,공통
b140_sub_heavy_r1,Proposed,126,BLK_126P,12,NC,5,2025-09-22 20:24:04,2025-09-22 21:21:53,57.8,,공통
b140_sub_heavy_r1,Proposed,126,BLK_126P,12,베이35A 론지취부,6,2025-09-22 21:21:53,2025-09-22 22:59:23,97.5,35A,베이35A
b140_sub_heavy_r1,Proposed,126,BLK_126P,12,베이35A 론지용접,7,2025-09-22 22:59:23,2025-09-22 23:27:23,28.0,35A,베이35A
b140_sub_heavy_r1,Proposed,126,BLK_126P,12,베이35A 수정,8,2025-09-22 23:27:23,2025-09-23 00:27:23,60.0,35A,베이35A
b140_sub_heavy_r1,Proposed,78,BLK_78C,13,판계,1,2025-09-22 13:59:00,2025-09-22 14:44:00,45.0,,공통
b140_sub_heavy_r1,Proposed,78,BLK_78C,13,전면SAW,2,2025-09-22 18:37:04,2025-09-22 21:14:47,157.7,,공통
b140_sub_heavy_r1,Proposed,78,BLK_78C,13,TurnOver,3,2025-09-22 21:14:47,2025-09-22 21:26:47,12.0,,공통
b140_sub_heavy_r1,Proposed,78,BLK_78C,13,후면SAW,4,2025-09-22 21:26:47,2025-09-22 23:43:58,137.2,,공통
b140_sub_heavy_r1,Proposed,78,BLK_78C,13,NC,5,2025-09-22 23:43:58,2025-09-23 00:34:40,50.7,,공통
b140_sub_heavy_r1,Proposed,78,BLK_78C,13,베이36B 론지취부,6,2025-09-23 00:34:40,2025-09-23 01:26:40,52.0,36B,베이36B
b140_sub_heavy_r1,Proposed,78,BLK_78C,13,베이36B 론지용접,7,2025-09-23 01:26:40,2025-09-23 01:46:52,20.2,36B,베이36B
b140_sub_heavy_r1,Proposed,78,BLK_78C,13,베이36B 수정,8,2025-09-23 01:46:52,2025-09-23 02:18:16,31.4,36B,베이36B
b140_sub_heavy_r1,Proposed,43,BLK_43S,14,판계,1,2025-09-22 14:44:00,2025-09-22 15:22:00,38.0,,공통
b140_sub_heavy_r1,Proposed,43,BLK_43S,14,전면SAW,2,2025-09-22 21:14:47,2025-09-22 23:15:09,120.4,,공통
b140_sub_heavy_r1,Proposed,43,BLK_43S,14,TurnOver,3,2025-09-22 23:15:09,2025-09-22 23:27:09,12.0,,공통
b140_sub_heavy_r1,Proposed,43,BLK_43S,14,후면SAW,4,2025-09-22 23:43:58,2025-09-23 01:21:28,97.5,,공통
b140_sub_heavy_r1,Proposed,43,BLK_43S,14,NC,5,2025-09-23 01:21:28,2025-09-23 02:09:59,48.5,,공통
b140_sub_heavy_r1,Proposed,43,BLK_43S,14,베이35A 론지취부,6,2025-09-23 02:09:59,2025-09-23 03:26:29,76.5,35A,베이35A
b140_sub_heavy_r1,Proposed,43,BLK_43S,14,베이35A 론지용접,7,2025-09-23 03:26:29,2025-09-23 03:50:53,24.4,35A,베이35A
b140_sub_heavy_r1,Proposed,43,BLK_43S,14,베이35A 수정,8,2025-09-23 03:50:53,2025-09-23 04:37:41,46.8,35A,베이35A
b140_sub_heavy_r1,Proposed,35,BLK_35P,15,판계,1,2025-09-22 15:22:00,2025-09-22 16:00:00,38.0,,공통
b140_sub_heavy_r1,Proposed,35,BLK_35P,15,전면SAW,2,2025-09-22 23:15:09,2025-09-23 01:03:18,108.2,,공통
b140_sub_heavy_r1,Proposed,35,BLK_35P,15,TurnOver,3,2025-09-23 01:03:18,2025-09-23 01:15:18,12.0,,공통
b140_sub_heavy_r1,Proposed,35,BLK_35P,15,후면SAW,4,2025-09-23 01:21:28,2025-09-23 03:09:34,108.1,,공통
b140_sub_heavy_r1,Proposed,35,BLK_35P,15,NC,5,2025-09-23 03:09:34,2025-09-23 03:55:44,46.2,,공통
b140_sub_heavy_r1,Proposed,35,BLK_35P,15,베이36B 론지취부,6,2025-09-23 03:55:44,2025-09-23 04:44:14,48.5,36B,베이36B
b140_sub_heavy_r1,Proposed,35,BLK_35P,15,베이36B 론지용접,7,2025-09-23 04:44:14,2025-09-23 05:03:50,19.6,36B,베이36B
b140_sub_heavy_r1,Proposed,35,BLK_35P,15,베이36B 수정,8,2025-09-23 05:03:50,2025-09-23 05:33:02,29.2,36B,베이36B
b140_sub_heavy_r1,Proposed,134,BLK_1P,17,판계,1,2025-09-15 12:58:00,2025-09-15 13:28:00,30.0,,공통
b140_sub_heavy_r1,Proposed,134,BLK_1P,17,전면SAW,2,2025-09-15 21:02:18,2025-09-15 22:26:37,84.3,,공통
b140_sub_heavy_r1,Proposed,134,BLK_1P,17,TurnOver,3,2025-09-15 22:26:37,2025-09-15 22:38:37,12.0,,공통
b140_sub_heavy_r1,Proposed,134,BLK_1P,17,후면SAW,4,2025-09-15 23:00:09,2025-09-16 00:04:47,64.6,,공통
b140_sub_heavy_r1,Proposed,134,BLK_1P,17,NC,5,2025-09-16 00:04:47,2025-09-16 00:54:51,50.1,,공통
b140_sub_heavy_r1,Proposed,134,BLK_1P,17,베이35A 론지취부,6,2025-09-16 00:54:51,2025-09-16 01:57:21,62.5,36B,베이35A
b140_sub_heavy_r1,Proposed,134,BLK_1P,17,베이35A 론지용접,7,2025-09-16 01:57:21,2025-09-16 02:19:21,22.0,36B,베이35A
b140_sub_heavy_r1,Proposed,134,BLK_1P,17,베이35A 수정,8,2025-09-16 02:19:21,2025-09-16 02:57:21,38.0,36B,베이35A
b140_sub_heavy_r1,Proposed,139,BLK_50S,23,판계,1,2025-09-15 16:18:00,2025-09-15 17:10:00,52.0,,공통
b140_sub_heavy_r1,Proposed,139,BLK_50S,23,전면SAW,2,2025-09-16 03:47:27,2025-09-16 04:26:16,38.8,,공통
b140_sub_heavy_r1,Proposed,139,BLK_50S,23,TurnOver,3,2025-09-16 04:26:16,2025-09-16 04:38:16,12.0,,공통
b140_sub_heavy_r1,Proposed,139,BLK_50S,23,후면SAW,4,2025-09-16 05:07:19,2025-09-16 05:37:16,29.9,,공통
b140_sub_heavy_r1,Proposed,139,BLK_50S,23,NC,5,2025-09-16 05:38:15,2025-09-16 06:43:20,65.1,,공통
b140_sub_heavy_r1,Proposed,139,BLK_50S,23,베이36B 론지취부,6,2025-09-16 06:43:20,2025-09-16 09:09:50,146.5,36B,베이36B
b140_sub_heavy_r1,Proposed,139,BLK_50S,23,베이36B 론지용접,7,2025-09-16 09:09:50,2025-09-16 09:46:14,36.4,36B,베이36B
b140_sub_heavy_r1,Proposed,139,BLK_50S,23,베이36B 수정,8,2025-09-16 09:46:14,2025-09-16 11:17:02,90.8,36B,베이36B
b140_sub_heavy_r1,Proposed,135,BLK_116S,60,판계,1,2025-09-17 15:29:00,2025-09-17 15:49:00,20.0,,공통
b140_sub_heavy_r1,Proposed,135,BLK_116S,60,전면SAW,2,2025-09-18 03:38:36,2025-09-18 04:11:54,33.3,,공통
b140_sub_heavy_r1,Proposed,135,BLK_116S,60,TurnOver,3,2025-09-18 04:11:54,2025-09-18 04:23:54,12.0,,공통
b140_sub_heavy_r1,Proposed,135,BLK_116S,60,후면SAW,4,2025-09-18 05:14:00,2025-09-18 05:36:40,22.7,,공통
b140_sub_heavy_r1,Proposed,135,BLK_116S,60,NC,5,2025-09-18 06:33:16,2025-09-18 07:00:11,26.9,,공통
b140_sub_heavy_r1,Proposed,135,BLK_116S,60,베이36B 론지취부,6,2025-09-18 07:14:01,2025-09-18 08:09:31,55.5,36B,베이36B
b140_sub_heavy_r1,Proposed,135,BLK_116S,60,베이36B 론지용접,7,2025-09-18 08:09:31,2025-09-18 08:30:19,20.8,36B,베이36B
b140_sub_heavy_r1,Proposed,135,BLK_116S,60,베이36B 수정,8,2025-09-18 08:30:19,2025-09-18 09:03:55,33.6,36B,베이36B
b140_sub_heavy_r1,Proposed,137,BLK_89C,85,판계,1,2025-09-19 08:42:00,2025-09-19 09:02:00,20.0,,공통
b140_sub_heavy_r1,Proposed,137,BLK_89C,85,전면SAW,2,2025-09-19 09:40:45,2025-09-19 10:15:30,34.7,,공통
b140_sub_heavy_r1,Proposed,137,BLK_89C,85,TurnOver,3,2025-09-19 10:15:30,2025-09-19 10:27:30,12.0,,공통
b140_sub_heavy_r1,Proposed,137,BLK_89C,85,후면SAW,4,2025-09-19 10:29:46,2025-09-19 10:54:22,24.6,,공통
b140_sub_heavy_r1,Proposed,137,BLK_89C,85,NC,5,2025-09-19 10:54:22,2025-09-19 11:22:46,28.4,,공통
b140_sub_heavy_r1,Proposed,137,BLK_89C,85,베이36B 론지취부,6,2025-09-19 11:22:46,2025-09-19 11:53:46,31.0,36B,베이36B
b140_sub_heavy_r1,Proposed,137,BLK_89C,85,베이36B 론지용접,7,2025-09-19 11:53:46,2025-09-19 12:10:22,16.6,36B,베이36B
b140_sub_heavy_r1,Proposed,137,BLK_89C,85,베이36B 수정,8,2025-09-19 12:10:22,2025-09-19 12:28:34,18.2,36B,베이36B
b140_sub_heavy_r1,Proposed,140,BLK_122C,99,판계,1,2025-09-19 16:14:00,2025-09-19 16:39:00,25.0,,공통
b140_sub_heavy_r1,Proposed,140,BLK_122C,99,전면SAW,2,2025-09-20 08:33:43,2025-09-20 09:17:52,44.1,,공통
b140_sub_heavy_r1,Proposed,140,BLK_122C,99,TurnOver,3,2025-09-20 09:17:52,2025-09-20 09:29:52,12.0,,공통
b140_sub_heavy_r1,Proposed,140,BLK_122C,99,후면SAW,4,2025-09-20 11:19:13,2025-09-20 11:56:12,37.0,,공통
b140_sub_heavy_r1,Proposed,140,BLK_122C,99,NC,5,2025-09-20 11:59:26,2025-09-20 12:35:54,36.5,,공통
b140_sub_heavy_r1,Proposed,140,BLK_122C,99,베이35A 론지취부,6,2025-09-20 12:35:54,2025-09-20 13:38:24,62.5,36B,베이35A
b140_sub_heavy_r1,Proposed,140,BLK_122C,99,베이35A 론지용접,7,2025-09-20 13:38:24,2025-09-20 14:00:24,22.0,36B,베이35A
b140_sub_heavy_r1,Proposed,140,BLK_122C,99,베이35A 수정,8,2025-09-20 14:00:24,2025-09-20 14:38:24,38.0,36B,베이35A
b140_sub_heavy_r1,Proposed,136,BLK_84S,107,판계,1,2025-09-20 11:06:00,2025-09-20 11:44:00,38.0,,공통
b140_sub_heavy_r1,Proposed,136,BLK_84S,107,전면SAW,2,2025-09-20 15:35:52,2025-09-20 16:52:45,76.9,,공통
b140_sub_heavy_r1,Proposed,136,BLK_84S,107,TurnOver,3,2025-09-20 16:52:45,2025-09-20 17:04:45,12.0,,공통
b140_sub_heavy_r1,Proposed,136,BLK_84S,107,후면SAW,4,2025-09-20 17:18:00,2025-09-20 18:15:51,57.8,,공통
b140_sub_heavy_r1,Proposed,136,BLK_84S,107,NC,5,2025-09-20 18:15:51,2025-09-20 19:01:13,45.4,,공통
b140_sub_heavy_r1,Proposed,136,BLK_84S,107,베이36B 론지취부,6,2025-09-20 19:01:13,2025-09-20 20:03:43,62.5,36B,베이36B
b140_sub_heavy_r1,Proposed,136,BLK_84S,107,베이36B 론지용접,7,2025-09-20 20:03:43,2025-09-20 20:25:43,22.0,36B,베이36B
b140_sub_heavy_r1,Proposed,136,BLK_84S,107,베이36B 수정,8,2025-09-20 20:25:43,2025-09-20 21:03:43,38.0,36B,베이36B
b140_sub_heavy_r1,Proposed,138,BLK_72S,113,판계,1,2025-09-21 08:25:00,2025-09-21 09:03:00,38.0,,공통
b140_sub_heavy_r1,Proposed,138,BLK_72S,113,전면SAW,2,2025-09-21 09:03:05,2025-09-21 10:36:22,93.3,,공통
b140_sub_heavy_r1,Proposed,138,BLK_72S,113,TurnOver,3,2025-09-21 10:36:22,2025-09-21 10:48:22,12.0,,공통
b140_sub_heavy_r1,Proposed,138,BLK_72S,113,후면SAW,4,2025-09-21 10:48:22,2025-09-21 12:01:12,72.8,,공통
b140_sub_heavy_r1,Proposed,138,BLK_72S,113,NC,5,2025-09-21 12:01:12,2025-09-21 12:47:43,46.5,,공통
b140_sub_heavy_r1,Proposed,138,BLK_72S,113,베이35A 론지취부,6,2025-09-21 12:47:43,2025-09-21 14:07:43,80.0,35A,베이35A
b140_sub_heavy_r1,Proposed,138,BLK_72S,113,베이35A 론지용접,7,2025-09-21 14:07:43,2025-09-21 14:32:43,25.0,35A,베이35A
b140_sub_heavy_r1,Proposed,138,BLK_72S,113,베이35A 수정,8,2025-09-21 14:32:43,2025-09-21 15:21:43,49.0,35A,베이35A
