grid_case_id,method_label,size_bucket,total_blocks,distribution_profile,graph_makespan_hours,graph_violations,date,block_id,block_name,sequence,process_name,process_index,start_time,end_time,duration_min,assigned_bay,machine_type,unity_process_row_source,source_representative_block_id
b200_heavy_work_r1,GA,Large (141-200),200,heavy_work,321.26666666666665,15,20251204,1,BLK_1C,1,판계,1,2025-12-04 08:00:00,2025-12-04 08:30:00,30.0,,공통,raw,
b200_heavy_work_r1,GA,Large (141-200),200,heavy_work,321.26666666666665,15,20251204,1,BLK_1C,1,전면SAW,2,2025-12-04 08:30:00,2025-12-04 09:05:35,35.6,,공통,raw,
b200_heavy_work_r1,GA,Large (141-200),200,heavy_work,321.26666666666665,15,20251204,1,BLK_1C,1,TurnOver,3,2025-12-04 09:05:35,2025-12-04 09:19:59,14.4,,공통,raw,
b200_heavy_work_r1,GA,Large (141-200),200,heavy_work,321.26666666666665,15,20251204,1,BLK_1C,1,후면SAW,4,2025-12-04 09:19:59,2025-12-04 09:41:28,21.5,,공통,raw,
b200_heavy_work_r1,GA,Large (141-200),200,heavy_work,321.26666666666665,15,20251204,1,BLK_1C,1,NC,5,2025-12-04 09:41:28,2025-12-04 10:24:00,42.5,,공통,raw,
b200_heavy_work_r1,GA,Large (141-200),200,heavy_work,321.26666666666665,15,20251204,1,BLK_1C,1,베이35A 론지취부,6,2025-12-04 10:24:00,2025-12-04 12:08:24,104.4,35A,베이35A,raw,
b200_heavy_work_r1,GA,Large (141-200),200,heavy_work,321.26666666666665,15,20251204,1,BLK_1C,1,베이35A 론지용접,7,2025-12-04 12:08:24,2025-12-04 12:39:50,31.4,35A,베이35A,raw,
b200_heavy_work_r1,GA,Large (141-200),200,heavy_work,321.26666666666665,15,20251204,1,BLK_1C,1,베이35A 수정,8,2025-12-04 12:39:50,2025-12-04 13:43:55,64.1,35A,베이35A,raw,
b200_heavy_work_r1,GA,Large (141-200),200,heavy_work,321.26666666666665,15,20251204,9,BLK_9P,2,판계,1,2025-12-04 08:30:00,2025-12-04 09:12:00,42.0,,공통,raw,
b200_heavy_work_r1,GA,Large (141-200),200,heavy_work,321.26666666666665,15,20251204,9,BLK_9P,2,전면SAW,2,2025-12-04 09:12:00,2025-12-04 11:44:57,153.0,,공통,raw,
b200_heavy_work_r1,GA,Large (141-200),200,heavy_work,321.26666666666665,15,20251204,9,BLK_9P,2,TurnOver,3,2025-12-04 11:44:57,2025-12-04 11:59:21,14.4,,공통,raw,
b200_heavy_work_r1,GA,Large (141-200),200,heavy_work,321.26666666666665,15,20251204,9,BLK_9P,2,후면SAW,4,2025-12-04 11:59:21,2025-12-04 13:49:52,110.5,,공통,raw,
b200_heavy_work_r1,GA,Large (141-200),200,heavy_work,321.26666666666665,15,20251204,9,BLK_9P,2,NC,5,2025-12-04 13:49:52,2025-12-04 14:33:02,43.2,,공통,raw,
b200_heavy_work_r1,GA,Large (141-200),200,heavy_work,321.26666666666665,15,20251204,9,BLK_9P,2,베이36B 론지취부,6,2025-12-04 14:33:02,2025-12-04 15:18:38,45.6,36B,베이36B,raw,
b200_heavy_work_r1,GA,Large (141-200),200,heavy_work,321.26666666666665,15,20251204,9,BLK_9P,2,베이36B 론지용접,7,2025-12-04 15:18:38,2025-12-04 15:35:11,16.6,36B,베이36B,raw,
b200_heavy_work_r1,GA,Large (141-200),200,heavy_work,321.26666666666665,15,20251204,9,BLK_9P,2,베이36B 수정,8,2025-12-04 15:35:11,2025-12-04 16:02:18,27.1,36B,베이36B,raw,
b200_heavy_work_r1,GA,Large (141-200),200,heavy_work,321.26666666666665,15,20251204,52,BLK_52S,3,판계,1,2025-12-04 09:12:00,2025-12-04 09:48:00,36.0,,공통,raw,
b200_heavy_work_r1,GA,Large (141-200),200,heavy_work,321.26666666666665,15,20251204,52,BLK_52S,3,전면SAW,2,2025-12-04 11:44:57,2025-12-04 12:23:36,38.6,,공통,raw,
b200_heavy_work_r1,GA,Large (141-200),200,heavy_work,321.26666666666665,15,20251204,52,BLK_52S,3,TurnOver,3,2025-12-04 12:23:36,2025-12-04 12:38:00,14.4,,공통,raw,
b200_heavy_work_r1,GA,Large (141-200),200,heavy_work,321.26666666666665,15,20251204,52,BLK_52S,3,후면SAW,4,2025-12-04 13:49:52,2025-12-04 14:15:21,25.5,,공통,raw,
b200_heavy_work_r1,GA,Large (141-200),200,heavy_work,321.26666666666665,15,20251204,52,BLK_52S,3,NC,5,2025-12-04 14:33:02,2025-12-04 15:32:23,59.4,,공통,raw,
b200_heavy_work_r1,GA,Large (141-200),200,heavy_work,321.26666666666665,15,20251204,52,BLK_52S,3,베이36B 론지취부,6,2025-12-04 15:32:23,2025-12-04 17:29:23,117.0,36B,베이36B,raw,
b200_heavy_work_r1,GA,Large (141-200),200,heavy_work,321.26666666666665,15,20251204,52,BLK_52S,3,베이36B 론지용접,7,2025-12-04 17:29:23,2025-12-04 18:02:59,33.6,36B,베이36B,raw,
b200_heavy_work_r1,GA,Large (141-200),200,heavy_work,321.26666666666665,15,20251204,52,BLK_52S,3,베이36B 수정,8,2025-12-04 18:02:59,2025-12-04 19:14:59,72.0,36B,베이36B,raw,
b200_heavy_work_r1,GA,Large (141-200),200,heavy_work,321.26666666666665,15,20251204,5,BLK_5C,4,판계,1,2025-12-04 09:48:00,2025-12-04 10:02:24,14.4,,공통,raw,
b200_heavy_work_r1,GA,Large (141-200),200,heavy_work,321.26666666666665,15,20251204,5,BLK_5C,4,전면SAW,2,2025-12-04 12:23:36,2025-12-04 13:30:00,66.4,,공통,raw,
b200_heavy_work_r1,GA,Large (141-200),200,heavy_work,321.26666666666665,15,20251204,5,BLK_5C,4,TurnOver,3,2025-12-04 13:30:00,2025-12-04 13:44:24,14.4,,공통,raw,
b200_heavy_work_r1,GA,Large (141-200),200,heavy_work,321.26666666666665,15,20251204,5,BLK_5C,4,후면SAW,4,2025-12-04 14:15:21,2025-12-04 15:17:24,62.1,,공통,raw,
b200_heavy_work_r1,GA,Large (141-200),200,heavy_work,321.26666666666665,15,20251204,5,BLK_5C,4,NC,5,2025-12-04 15:32:23,2025-12-04 15:56:45,24.4,,공통,raw,
b200_heavy_work_r1,GA,Large (141-200),200,heavy_work,321.26666666666665,15,20251204,5,BLK_5C,4,베이35A 론지취부,6,2025-12-04 15:56:45,2025-12-04 16:50:45,54.0,35A,베이35A,raw,
b200_heavy_work_r1,GA,Large (141-200),200,heavy_work,321.26666666666665,15,20251204,5,BLK_5C,4,베이35A 론지용접,7,2025-12-04 16:50:45,2025-12-04 17:08:45,18.0,35A,베이35A,raw,
b200_heavy_work_r1,GA,Large (141-200),200,heavy_work,321.26666666666665,15,20251204,5,BLK_5C,4,베이35A 수정,8,2025-12-04 17:08:45,2025-12-04 17:41:09,32.4,35A,베이35A,raw,
b200_heavy_work_r1,GA,Large (141-200),200,heavy_work,321.26666666666665,15,20251204,142,BLK_142S,5,판계,1,2025-12-04 10:02:24,2025-12-04 10:56:24,54.0,,공통,raw,
b200_heavy_work_r1,GA,Large (141-200),200,heavy_work,321.26666666666665,15,20251204,142,BLK_142S,5,전면SAW,2,2025-12-04 13:30:00,2025-12-04 16:54:12,204.2,,공통,raw,
b200_heavy_work_r1,GA,Large (141-200),200,heavy_work,321.26666666666665,15,20251204,142,BLK_142S,5,TurnOver,3,2025-12-04 16:54:12,2025-12-04 17:08:36,14.4,,공통,raw,
b200_heavy_work_r1,GA,Large (141-200),200,heavy_work,321.26666666666665,15,20251204,142,BLK_142S,5,후면SAW,4,2025-12-04 17:08:36,2025-12-04 19:40:07,151.5,,공통,raw,
b200_heavy_work_r1,GA,Large (141-200),200,heavy_work,321.26666666666665,15,20251204,142,BLK_142S,5,NC,5,2025-12-04 19:40:07,2025-12-04 20:45:47,65.7,,공통,raw,
b200_heavy_work_r1,GA,Large (141-200),200,heavy_work,321.26666666666665,15,20251204,142,BLK_142S,5,베이36B 론지취부,6,2025-12-04 20:45:47,2025-12-04 22:42:47,117.0,36B,베이36B,raw,
b200_heavy_work_r1,GA,Large (141-200),200,heavy_work,321.26666666666665,15,20251204,142,BLK_142S,5,베이36B 론지용접,7,2025-12-04 22:42:47,2025-12-04 23:16:23,33.6,36B,베이36B,raw,
b200_heavy_work_r1,GA,Large (141-200),200,heavy_work,321.26666666666665,15,20251204,142,BLK_142S,5,베이36B 수정,8,2025-12-04 23:16:23,2025-12-05 00:28:23,72.0,36B,베이36B,raw,
b200_heavy_work_r1,GA,Large (141-200),200,heavy_work,321.26666666666665,15,20251204,127,BLK_127S,6,판계,1,2025-12-04 10:56:24,2025-12-04 11:20:24,24.0,,공통,raw,
b200_heavy_work_r1,GA,Large (141-200),200,heavy_work,321.26666666666665,15,20251204,127,BLK_127S,6,전면SAW,2,2025-12-04 16:54:12,2025-12-04 17:37:29,43.3,,공통,raw,
b200_heavy_work_r1,GA,Large (141-200),200,heavy_work,321.26666666666665,15,20251204,127,BLK_127S,6,TurnOver,3,2025-12-04 17:37:29,2025-12-04 17:51:53,14.4,,공통,raw,
b200_heavy_work_r1,GA,Large (141-200),200,heavy_work,321.26666666666665,15,20251204,127,BLK_127S,6,후면SAW,4,2025-12-04 19:40:07,2025-12-04 20:11:42,31.6,,공통,raw,
b200_heavy_work_r1,GA,Large (141-200),200,heavy_work,321.26666666666665,15,20251204,127,BLK_127S,6,NC,5,2025-12-04 20:45:47,2025-12-04 21:18:30,32.7,,공통,raw,
b200_heavy_work_r1,GA,Large (141-200),200,heavy_work,321.26666666666665,15,20251204,127,BLK_127S,6,베이35A 론지취부,6,2025-12-04 21:18:30,2025-12-04 21:59:54,41.4,35A,베이35A,raw,
b200_heavy_work_r1,GA,Large (141-200),200,heavy_work,321.26666666666665,15,20251204,127,BLK_127S,6,베이35A 론지용접,7,2025-12-04 21:59:54,2025-12-04 22:15:44,15.8,35A,베이35A,raw,
b200_heavy_work_r1,GA,Large (141-200),200,heavy_work,321.26666666666665,15,20251204,127,BLK_127S,6,베이35A 수정,8,2025-12-04 22:15:44,2025-12-04 22:40:13,24.5,35A,베이35A,raw,
b200_heavy_work_r1,GA,Large (141-200),200,heavy_work,321.26666666666665,15,20251204,13,BLK_13S,7,판계,1,2025-12-04 11:20:24,2025-12-04 12:08:24,48.0,,공통,raw,
b200_heavy_work_r1,GA,Large (141-200),200,heavy_work,321.26666666666665,15,20251204,13,BLK_13S,7,전면SAW,2,2025-12-04 17:37:29,2025-12-04 20:12:59,155.5,,공통,raw,
b200_heavy_work_r1,GA,Large (141-200),200,heavy_work,321.26666666666665,15,20251204,13,BLK_13S,7,TurnOver,3,2025-12-04 20:12:59,2025-12-04 20:27:23,14.4,,공통,raw,
b200_heavy_work_r1,GA,Large (141-200),200,heavy_work,321.26666666666665,15,20251204,13,BLK_13S,7,후면SAW,4,2025-12-04 20:27:23,2025-12-04 22:17:26,110.1,,공통,raw,
b200_heavy_work_r1,GA,Large (141-200),200,heavy_work,321.26666666666665,15,20251204,13,BLK_13S,7,NC,5,2025-12-04 22:17:26,2025-12-04 23:15:38,58.2,,공통,raw,
b200_heavy_work_r1,GA,Large (141-200),200,heavy_work,321.26666666666665,15,20251204,13,BLK_13S,7,베이36B 론지취부,6,2025-12-04 23:15:38,2025-12-05 00:39:02,83.4,36B,베이36B,raw,
b200_heavy_work_r1,GA,Large (141-200),200,heavy_work,321.26666666666665,15,20251204,13,BLK_13S,7,베이36B 론지용접,7,2025-12-05 00:39:02,2025-12-05 01:06:52,27.8,36B,베이36B,raw,
b200_heavy_work_r1,GA,Large (141-200),200,heavy_work,321.26666666666665,15,20251204,13,BLK_13S,7,베이36B 수정,8,2025-12-05 01:06:52,2025-12-05 01:57:45,50.9,36B,베이36B,raw,
b200_heavy_work_r1,GA,Large (141-200),200,heavy_work,321.26666666666665,15,20251204,33,BLK_33C,8,판계,1,2025-12-04 12:08:24,2025-12-04 12:22:48,14.4,,공통,raw,
b200_heavy_work_r1,GA,Large (141-200),200,heavy_work,321.26666666666665,15,20251204,33,BLK_33C,8,전면SAW,2,2025-12-04 20:12:59,2025-12-04 20:56:47,43.8,,공통,raw,
b200_heavy_work_r1,GA,Large (141-200),200,heavy_work,321.26666666666665,15,20251204,33,BLK_33C,8,TurnOver,3,2025-12-04 20:56:47,2025-12-04 21:11:11,14.4,,공통,raw,
b200_heavy_work_r1,GA,Large (141-200),200,heavy_work,321.26666666666665,15,20251204,33,BLK_33C,8,후면SAW,4,2025-12-04 22:17:26,2025-12-04 22:49:44,32.3,,공통,raw,
b200_heavy_work_r1,GA,Large (141-200),200,heavy_work,321.26666666666665,15,20251204,33,BLK_33C,8,NC,5,2025-12-04 23:15:38,2025-12-04 23:40:04,24.4,,공통,raw,
b200_heavy_work_r1,GA,Large (141-200),200,heavy_work,321.26666666666665,15,20251204,33,BLK_33C,8,베이35A 론지취부,6,2025-12-04 23:40:04,2025-12-05 00:04:40,24.6,35A,베이35A,raw,
b200_heavy_work_r1,GA,Large (141-200),200,heavy_work,321.26666666666665,15,20251204,33,BLK_33C,8,베이35A 론지용접,7,2025-12-05 00:04:40,2025-12-05 00:17:37,13.0,35A,베이35A,raw,
b200_heavy_work_r1,GA,Large (141-200),200,heavy_work,321.26666666666665,15,20251204,33,BLK_33C,8,베이35A 수정,8,2025-12-05 00:17:37,2025-12-05 00:31:32,13.9,35A,베이35A,raw,
b200_heavy_work_r1,GA,Large (141-200),200,heavy_work,321.26666666666665,15,20251204,77,BLK_77C,9,판계,1,2025-12-04 12:22:48,2025-12-04 12:52:48,30.0,,공통,raw,
b200_heavy_work_r1,GA,Large (141-200),200,heavy_work,321.26666666666665,15,20251204,77,BLK_77C,9,전면SAW,2,2025-12-04 20:56:47,2025-12-04 21:38:45,42.0,,공통,raw,
b200_heavy_work_r1,GA,Large (141-200),200,heavy_work,321.26666666666665,15,20251204,77,BLK_77C,9,TurnOver,3,2025-12-04 21:38:45,2025-12-04 21:53:09,14.4,,공통,raw,
b200_heavy_work_r1,GA,Large (141-200),200,heavy_work,321.26666666666665,15,20251204,77,BLK_77C,9,후면SAW,4,2025-12-04 22:49:44,2025-12-04 23:19:37,29.9,,공통,raw,
b200_heavy_work_r1,GA,Large (141-200),200,heavy_work,321.26666666666665,15,20251204,77,BLK_77C,9,NC,5,2025-12-04 23:40:04,2025-12-05 00:17:23,37.3,,공통,raw,
b200_heavy_work_r1,GA,Large (141-200),200,heavy_work,321.26666666666665,15,20251204,77,BLK_77C,9,베이36B 론지취부,6,2025-12-05 00:39:02,2025-12-05 01:28:50,49.8,36B,베이36B,raw,
b200_heavy_work_r1,GA,Large (141-200),200,heavy_work,321.26666666666665,15,20251204,77,BLK_77C,9,베이36B 론지용접,7,2025-12-05 01:28:50,2025-12-05 01:50:54,22.1,36B,베이36B,raw,
b200_heavy_work_r1,GA,Large (141-200),200,heavy_work,321.26666666666665,15,20251204,77,BLK_77C,9,베이36B 수정,8,2025-12-05 01:57:45,2025-12-05 02:27:30,29.8,36B,베이36B,raw,
b200_heavy_work_r1,GA,Large (141-200),200,heavy_work,321.26666666666665,15,20251204,29,BLK_29C,10,판계,1,2025-12-04 12:52:48,2025-12-04 13:26:24,33.6,,공통,raw,
b200_heavy_work_r1,GA,Large (141-200),200,heavy_work,321.26666666666665,15,20251204,29,BLK_29C,10,전면SAW,2,2025-12-04 21:38:45,2025-12-04 23:33:07,114.4,,공통,raw,
b200_heavy_work_r1,GA,Large (141-200),200,heavy_work,321.26666666666665,15,20251204,29,BLK_29C,10,TurnOver,3,2025-12-04 23:33:07,2025-12-04 23:47:31,14.4,,공통,raw,
b200_heavy_work_r1,GA,Large (141-200),200,heavy_work,321.26666666666665,15,20251204,29,BLK_29C,10,후면SAW,4,2025-12-04 23:47:31,2025-12-05 01:17:06,89.6,,공통,raw,
b200_heavy_work_r1,GA,Large (141-200),200,heavy_work,321.26666666666665,15,20251204,29,BLK_29C,10,NC,5,2025-12-05 01:17:06,2025-12-05 01:54:35,37.5,,공통,raw,
b200_heavy_work_r1,GA,Large (141-200),200,heavy_work,321.26666666666665,15,20251204,29,BLK_29C,10,베이35A 론지취부,6,2025-12-05 01:54:35,2025-12-05 02:40:11,45.6,35A,베이35A,raw,
b200_heavy_work_r1,GA,Large (141-200),200,heavy_work,321.26666666666665,15,20251204,29,BLK_29C,10,베이35A 론지용접,7,2025-12-05 02:40:11,2025-12-05 02:56:44,16.6,35A,베이35A,raw,
b200_heavy_work_r1,GA,Large (141-200),200,heavy_work,321.26666666666665,15,20251204,29,BLK_29C,10,베이35A 수정,8,2025-12-05 02:56:44,2025-12-05 03:23:52,27.1,35A,베이35A,raw,
b200_heavy_work_r1,GA,Large (141-200),200,heavy_work,321.26666666666665,15,20251204,97,BLK_97C,11,판계,1,2025-12-04 13:26:24,2025-12-04 13:40:48,14.4,,공통,raw,
b200_heavy_work_r1,GA,Large (141-200),200,heavy_work,321.26666666666665,15,20251204,97,BLK_97C,11,전면SAW,2,2025-12-04 23:33:07,2025-12-05 01:01:56,88.8,,공통,raw,
b200_heavy_work_r1,GA,Large (141-200),200,heavy_work,321.26666666666665,15,20251204,97,BLK_97C,11,TurnOver,3,2025-12-05 01:01:56,2025-12-05 01:16:20,14.4,,공통,raw,
b200_heavy_work_r1,GA,Large (141-200),200,heavy_work,321.26666666666665,15,20251204,97,BLK_97C,11,후면SAW,4,2025-12-05 01:17:06,2025-12-05 02:48:38,91.5,,공통,raw,
b200_heavy_work_r1,GA,Large (141-200),200,heavy_work,321.26666666666665,15,20251204,97,BLK_97C,11,NC,5,2025-12-05 02:48:38,2025-12-05 03:16:29,27.8,,공통,raw,
b200_heavy_work_r1,GA,Large (141-200),200,heavy_work,321.26666666666665,15,20251204,97,BLK_97C,11,베이36B 론지취부,6,2025-12-05 03:16:29,2025-12-05 04:23:05,66.6,36B,베이36B,raw,
b200_heavy_work_r1,GA,Large (141-200),200,heavy_work,321.26666666666665,15,20251204,97,BLK_97C,11,베이36B 론지용접,7,2025-12-05 04:23:05,2025-12-05 04:48:02,25.0,36B,베이36B,raw,
b200_heavy_work_r1,GA,Large (141-200),200,heavy_work,321.26666666666665,15,20251204,97,BLK_97C,11,베이36B 수정,8,2025-12-05 04:48:02,2025-12-05 05:28:22,40.3,36B,베이36B,raw,
b200_heavy_work_r1,GA,Large (141-200),200,heavy_work,321.26666666666665,15,20251204,107,BLK_107C,12,판계,1,2025-12-04 13:40:48,2025-12-04 14:10:48,30.0,,공통,raw,
b200_heavy_work_r1,GA,Large (141-200),200,heavy_work,321.26666666666665,15,20251204,107,BLK_107C,12,전면SAW,2,2025-12-05 01:01:56,2025-12-05 01:43:12,41.3,,공통,raw,
b200_heavy_work_r1,GA,Large (141-200),200,heavy_work,321.26666666666665,15,20251204,107,BLK_107C,12,TurnOver,3,2025-12-05 01:43:12,2025-12-05 01:57:36,14.4,,공통,raw,
b200_heavy_work_r1,GA,Large (141-200),200,heavy_work,321.26666666666665,15,20251204,107,BLK_107C,12,후면SAW,4,2025-12-05 02:48:38,2025-12-05 03:17:35,28.9,,공통,raw,
b200_heavy_work_r1,GA,Large (141-200),200,heavy_work,321.26666666666665,15,20251204,107,BLK_107C,12,NC,5,2025-12-05 03:17:35,2025-12-05 04:00:15,42.7,,공통,raw,
b200_heavy_work_r1,GA,Large (141-200),200,heavy_work,321.26666666666665,15,20251204,107,BLK_107C,12,베이35A 론지취부,6,2025-12-05 04:00:15,2025-12-05 05:32:03,91.8,35A,베이35A,raw,
b200_heavy_work_r1,GA,Large (141-200),200,heavy_work,321.26666666666665,15,20251204,107,BLK_107C,12,베이35A 론지용접,7,2025-12-05 05:32:03,2025-12-05 06:01:20,29.3,35A,베이35A,raw,
b200_heavy_work_r1,GA,Large (141-200),200,heavy_work,321.26666666666665,15,20251204,107,BLK_107C,12,베이35A 수정,8,2025-12-05 06:01:20,2025-12-05 06:57:30,56.2,35A,베이35A,raw,
b200_heavy_work_r1,GA,Large (141-200),200,heavy_work,321.26666666666665,15,20251204,167,BLK_167P,13,판계,1,2025-12-04 14:10:48,2025-12-04 14:46:48,36.0,,공통,raw,
b200_heavy_work_r1,GA,Large (141-200),200,heavy_work,321.26666666666665,15,20251204,167,BLK_167P,13,전면SAW,2,2025-12-05 01:43:12,2025-12-05 04:37:58,174.8,,공통,raw,
b200_heavy_work_r1,GA,Large (141-200),200,heavy_work,321.26666666666665,15,20251204,167,BLK_167P,13,TurnOver,3,2025-12-05 04:37:58,2025-12-05 04:52:22,14.4,,공통,raw,
b200_heavy_work_r1,GA,Large (141-200),200,heavy_work,321.26666666666665,15,20251204,167,BLK_167P,13,후면SAW,4,2025-12-05 04:52:22,2025-12-05 07:23:08,150.8,,공통,raw,
b200_heavy_work_r1,GA,Large (141-200),200,heavy_work,321.26666666666665,15,20251204,167,BLK_167P,13,NC,5,2025-12-05 07:23:08,2025-12-05 08:30:07,67.0,,공통,raw,
b200_heavy_work_r1,GA,Large (141-200),200,heavy_work,321.26666666666665,15,20251204,167,BLK_167P,13,베이36B 론지취부,6,2025-12-05 08:30:07,2025-12-05 09:45:07,75.0,36B,베이36B,raw,
b200_heavy_work_r1,GA,Large (141-200),200,heavy_work,321.26666666666665,15,20251204,167,BLK_167P,13,베이36B 론지용접,7,2025-12-05 09:45:07,2025-12-05 10:11:31,26.4,36B,베이36B,raw,
b200_heavy_work_r1,GA,Large (141-200),200,heavy_work,321.26666666666665,15,20251204,167,BLK_167P,13,베이36B 수정,8,2025-12-05 10:11:31,2025-12-05 10:57:07,45.6,36B,베이36B,raw,
b200_heavy_work_r1,GA,Large (141-200),200,heavy_work,321.26666666666665,15,20251204,17,BLK_17P,14,판계,1,2025-12-04 14:46:48,2025-12-04 15:22:48,36.0,,공통,raw,
b200_heavy_work_r1,GA,Large (141-200),200,heavy_work,321.26666666666665,15,20251204,17,BLK_17P,14,전면SAW,2,2025-12-05 04:37:58,2025-12-05 06:42:58,125.0,,공통,raw,
b200_heavy_work_r1,GA,Large (141-200),200,heavy_work,321.26666666666665,15,20251204,17,BLK_17P,14,TurnOver,3,2025-12-05 06:42:58,2025-12-05 06:57:22,14.4,,공통,raw,
b200_heavy_work_r1,GA,Large (141-200),200,heavy_work,321.26666666666665,15,20251204,17,BLK_17P,14,후면SAW,4,2025-12-05 07:23:08,2025-12-05 09:02:24,99.3,,공통,raw,
b200_heavy_work_r1,GA,Large (141-200),200,heavy_work,321.26666666666665,15,20251204,17,BLK_17P,14,NC,5,2025-12-05 09:02:24,2025-12-05 10:10:38,68.2,,공통,raw,
b200_heavy_work_r1,GA,Large (141-200),200,heavy_work,321.26666666666665,15,20251204,17,BLK_17P,14,베이36B 론지취부,6,2025-12-05 10:10:38,2025-12-05 11:59:14,108.6,36B,베이36B,raw,
b200_heavy_work_r1,GA,Large (141-200),200,heavy_work,321.26666666666665,15,20251204,17,BLK_17P,14,베이36B 론지용접,7,2025-12-05 11:59:14,2025-12-05 12:31:24,32.2,36B,베이36B,raw,
b200_heavy_work_r1,GA,Large (141-200),200,heavy_work,321.26666666666665,15,20251204,17,BLK_17P,14,베이36B 수정,8,2025-12-05 12:31:24,2025-12-05 13:38:07,66.7,36B,베이36B,raw,
b200_heavy_work_r1,GA,Large (141-200),200,heavy_work,321.26666666666665,15,20251204,21,BLK_21P,15,판계,1,2025-12-04 15:22:48,2025-12-04 16:02:24,39.6,,공통,raw,
b200_heavy_work_r1,GA,Large (141-200),200,heavy_work,321.26666666666665,15,20251204,21,BLK_21P,15,전면SAW,2,2025-12-05 06:42:58,2025-12-05 09:20:02,157.1,,공통,raw,
b200_heavy_work_r1,GA,Large (141-200),200,heavy_work,321.26666666666665,15,20251204,21,BLK_21P,15,TurnOver,3,2025-12-05 09:20:02,2025-12-05 09:34:26,14.4,,공통,raw,
b200_heavy_work_r1,GA,Large (141-200),200,heavy_work,321.26666666666665,15,20251204,21,BLK_21P,15,후면SAW,4,2025-12-05 09:34:26,2025-12-05 11:42:57,128.5,,공통,raw,
b200_heavy_work_r1,GA,Large (141-200),200,heavy_work,321.26666666666665,15,20251204,21,BLK_21P,15,NC,5,2025-12-05 11:42:57,2025-12-05 12:33:05,50.1,,공통,raw,
b200_heavy_work_r1,GA,Large (141-200),200,heavy_work,321.26666666666665,15,20251204,21,BLK_21P,15,베이35A 론지취부,6,2025-12-05 12:33:05,2025-12-05 13:43:53,70.8,35A,베이35A,raw,
b200_heavy_work_r1,GA,Large (141-200),200,heavy_work,321.26666666666665,15,20251204,21,BLK_21P,15,베이35A 론지용접,7,2025-12-05 13:43:53,2025-12-05 14:09:33,25.7,35A,베이35A,raw,
b200_heavy_work_r1,GA,Large (141-200),200,heavy_work,321.26666666666665,15,20251204,21,BLK_21P,15,베이35A 수정,8,2025-12-05 14:09:33,2025-12-05 14:52:31,43.0,35A,베이35A,raw,
b200_heavy_work_r1,GA,Large (141-200),200,heavy_work,321.26666666666665,15,20251204,37,BLK_37C,16,판계,1,2025-12-04 16:02:24,2025-12-04 16:32:24,30.0,,공통,raw,
b200_heavy_work_r1,GA,Large (141-200),200,heavy_work,321.26666666666665,15,20251204,37,BLK_37C,16,전면SAW,2,2025-12-05 09:20:02,2025-12-05 10:03:30,43.5,,공통,raw,
b200_heavy_work_r1,GA,Large (141-200),200,heavy_work,321.26666666666665,15,20251204,37,BLK_37C,16,TurnOver,3,2025-12-05 10:03:30,2025-12-05 10:17:54,14.4,,공통,raw,
b200_heavy_work_r1,GA,Large (141-200),200,heavy_work,321.26666666666665,15,20251204,37,BLK_37C,16,후면SAW,4,2025-12-05 11:42:57,2025-12-05 12:14:48,31.8,,공통,raw,
b200_heavy_work_r1,GA,Large (141-200),200,heavy_work,321.26666666666665,15,20251204,37,BLK_37C,16,NC,5,2025-12-05 12:33:05,2025-12-05 13:19:37,46.5,,공통,raw,
b200_heavy_work_r1,GA,Large (141-200),200,heavy_work,321.26666666666665,15,20251204,37,BLK_37C,16,베이36B 론지취부,6,2025-12-05 13:19:37,2025-12-05 15:20:49,121.2,36B,베이36B,raw,
b200_heavy_work_r1,GA,Large (141-200),200,heavy_work,321.26666666666665,15,20251204,37,BLK_37C,16,베이36B 론지용접,7,2025-12-05 15:20:49,2025-12-05 15:55:08,34.3,36B,베이36B,raw,
b200_heavy_work_r1,GA,Large (141-200),200,heavy_work,321.26666666666665,15,20251204,37,BLK_37C,16,베이36B 수정,8,2025-12-05 15:55:08,2025-12-05 17:09:46,74.6,36B,베이36B,raw,
b200_heavy_work_r1,GA,Large (141-200),200,heavy_work,321.26666666666665,15,20251204,40,BLK_40S,17,판계,1,2025-12-04 16:32:24,2025-12-04 17:26:24,54.0,,공통,raw,
b200_heavy_work_r1,GA,Large (141-200),200,heavy_work,321.26666666666665,15,20251204,40,BLK_40S,17,전면SAW,2,2025-12-05 10:03:30,2025-12-05 13:20:13,196.7,,공통,raw,
b200_heavy_work_r1,GA,Large (141-200),200,heavy_work,321.26666666666665,15,20251204,40,BLK_40S,17,TurnOver,3,2025-12-05 13:20:13,2025-12-05 13:34:37,14.4,,공통,raw,
b200_heavy_work_r1,GA,Large (141-200),200,heavy_work,321.26666666666665,15,20251204,40,BLK_40S,17,후면SAW,4,2025-12-05 13:34:37,2025-12-05 16:00:08,145.5,,공통,raw,
b200_heavy_work_r1,GA,Large (141-200),200,heavy_work,321.26666666666665,15,20251204,40,BLK_40S,17,NC,5,2025-12-05 16:00:08,2025-12-05 17:05:00,64.9,,공통,raw,
b200_heavy_work_r1,GA,Large (141-200),200,heavy_work,321.26666666666665,15,20251204,40,BLK_40S,17,베이35A 론지취부,6,2025-12-05 17:05:00,2025-12-05 18:49:24,104.4,35A,베이35A,raw,
b200_heavy_work_r1,GA,Large (141-200),200,heavy_work,321.26666666666665,15,20251204,40,BLK_40S,17,베이35A 론지용접,7,2025-12-05 18:49:24,2025-12-05 19:20:50,31.4,35A,베이35A,raw,
b200_heavy_work_r1,GA,Large (141-200),200,heavy_work,321.26666666666665,15,20251204,40,BLK_40S,17,베이35A 수정,8,2025-12-05 19:20:50,2025-12-05 20:24:55,64.1,35A,베이35A,raw,
b200_heavy_work_r1,GA,Large (141-200),200,heavy_work,321.26666666666665,15,20251205,41,BLK_41P,1,판계,1,2025-12-05 08:00:00,2025-12-05 08:14:24,14.4,,공통,raw,
b200_heavy_work_r1,GA,Large (141-200),200,heavy_work,321.26666666666665,15,20251205,41,BLK_41P,1,전면SAW,2,2025-12-05 13:20:13,2025-12-05 14:30:57,70.7,,공통,raw,
b200_heavy_work_r1,GA,Large (141-200),200,heavy_work,321.26666666666665,15,20251205,41,BLK_41P,1,TurnOver,3,2025-12-05 14:30:57,2025-12-05 14:45:21,14.4,,공통,raw,
b200_heavy_work_r1,GA,Large (141-200),200,heavy_work,321.26666666666665,15,20251205,41,BLK_41P,1,후면SAW,4,2025-12-05 16:00:08,2025-12-05 17:07:53,67.8,,공통,raw,
b200_heavy_work_r1,GA,Large (141-200),200,heavy_work,321.26666666666665,15,20251205,41,BLK_41P,1,NC,5,2025-12-05 17:07:53,2025-12-05 17:33:01,25.1,,공통,raw,
b200_heavy_work_r1,GA,Large (141-200),200,heavy_work,321.26666666666665,15,20251205,41,BLK_41P,1,베이36B 론지취부,6,2025-12-05 17:33:01,2025-12-05 18:31:13,58.2,36B,베이36B,raw,
b200_heavy_work_r1,GA,Large (141-200),200,heavy_work,321.26666666666665,15,20251205,41,BLK_41P,1,베이36B 론지용접,7,2025-12-05 18:31:13,2025-12-05 18:54:44,23.5,36B,베이36B,raw,
b200_heavy_work_r1,GA,Large (141-200),200,heavy_work,321.26666666666665,15,20251205,41,BLK_41P,1,베이36B 수정,8,2025-12-05 18:54:44,2025-12-05 19:29:47,35.0,36B,베이36B,raw,
b200_heavy_work_r1,GA,Large (141-200),200,heavy_work,321.26666666666665,15,20251205,191,BLK_41S,2,판계,1,2025-12-05 08:14:24,2025-12-05 08:28:48,14.4,,공통,raw,
b200_heavy_work_r1,GA,Large (141-200),200,heavy_work,321.26666666666665,15,20251205,191,BLK_41S,2,전면SAW,2,2025-12-05 14:30:57,2025-12-05 15:41:42,70.7,,공통,raw,
b200_heavy_work_r1,GA,Large (141-200),200,heavy_work,321.26666666666665,15,20251205,191,BLK_41S,2,TurnOver,3,2025-12-05 15:41:42,2025-12-05 15:56:06,14.4,,공통,raw,
b200_heavy_work_r1,GA,Large (141-200),200,heavy_work,321.26666666666665,15,20251205,191,BLK_41S,2,후면SAW,4,2025-12-05 17:07:53,2025-12-05 18:15:38,67.8,,공통,raw,
b200_heavy_work_r1,GA,Large (141-200),200,heavy_work,321.26666666666665,15,20251205,191,BLK_41S,2,NC,5,2025-12-05 18:15:38,2025-12-05 18:40:46,25.1,,공통,raw,
b200_heavy_work_r1,GA,Large (141-200),200,heavy_work,321.26666666666665,15,20251205,191,BLK_41S,2,베이35A 론지취부,6,2025-12-05 18:49:24,2025-12-05 19:47:36,58.2,35A,베이35A,raw,
b200_heavy_work_r1,GA,Large (141-200),200,heavy_work,321.26666666666665,15,20251205,191,BLK_41S,2,베이35A 론지용접,7,2025-12-05 19:47:36,2025-12-05 20:11:07,23.5,35A,베이35A,raw,
b200_heavy_work_r1,GA,Large (141-200),200,heavy_work,321.26666666666665,15,20251205,191,BLK_41S,2,베이35A 수정,8,2025-12-05 20:24:55,2025-12-05 20:59:57,35.0,35A,베이35A,raw,
b200_heavy_work_r1,GA,Large (141-200),200,heavy_work,321.26666666666665,15,20251205,87,BLK_87C,3,판계,1,2025-12-05 08:28:48,2025-12-05 08:43:12,14.4,,공통,raw,
b200_heavy_work_r1,GA,Large (141-200),200,heavy_work,321.26666666666665,15,20251205,87,BLK_87C,3,전면SAW,2,2025-12-05 15:41:42,2025-12-05 16:36:54,55.2,,공통,raw,
b200_heavy_work_r1,GA,Large (141-200),200,heavy_work,321.26666666666665,15,20251205,87,BLK_87C,3,TurnOver,3,2025-12-05 16:36:54,2025-12-05 16:51:18,14.4,,공통,raw,
b200_heavy_work_r1,GA,Large (141-200),200,heavy_work,321.26666666666665,15,20251205,87,BLK_87C,3,후면SAW,4,2025-12-05 18:15:38,2025-12-05 19:02:56,47.3,,공통,raw,
b200_heavy_work_r1,GA,Large (141-200),200,heavy_work,321.26666666666665,15,20251205,87,BLK_87C,3,NC,5,2025-12-05 19:02:56,2025-12-05 19:31:42,28.8,,공통,raw,
b200_heavy_work_r1,GA,Large (141-200),200,heavy_work,321.26666666666665,15,20251205,87,BLK_87C,3,베이36B 론지취부,6,2025-12-05 19:31:42,2025-12-05 20:21:30,49.8,36B,베이36B,raw,
b200_heavy_work_r1,GA,Large (141-200),200,heavy_work,321.26666666666665,15,20251205,87,BLK_87C,3,베이36B 론지용접,7,2025-12-05 20:21:30,2025-12-05 20:43:35,22.1,36B,베이36B,raw,
b200_heavy_work_r1,GA,Large (141-200),200,heavy_work,321.26666666666665,15,20251205,87,BLK_87C,3,베이36B 수정,8,2025-12-05 20:43:35,2025-12-05 21:13:20,29.8,36B,베이36B,raw,
b200_heavy_work_r1,GA,Large (141-200),200,heavy_work,321.26666666666665,15,20251205,25,BLK_25C,4,판계,1,2025-12-05 08:43:12,2025-12-05 09:07:12,24.0,,공통,raw,
b200_heavy_work_r1,GA,Large (141-200),200,heavy_work,321.26666666666665,15,20251205,25,BLK_25C,4,전면SAW,2,2025-12-05 16:36:54,2025-12-05 19:38:03,181.2,,공통,raw,
b200_heavy_work_r1,GA,Large (141-200),200,heavy_work,321.26666666666665,15,20251205,25,BLK_25C,4,TurnOver,3,2025-12-05 19:38:03,2025-12-05 19:52:27,14.4,,공통,raw,
b200_heavy_work_r1,GA,Large (141-200),200,heavy_work,321.26666666666665,15,20251205,25,BLK_25C,4,후면SAW,4,2025-12-05 19:52:27,2025-12-05 22:22:57,150.5,,공통,raw,
b200_heavy_work_r1,GA,Large (141-200),200,heavy_work,321.26666666666665,15,20251205,25,BLK_25C,4,NC,5,2025-12-05 22:22:57,2025-12-05 22:58:19,35.4,,공통,raw,
b200_heavy_work_r1,GA,Large (141-200),200,heavy_work,321.26666666666665,15,20251205,25,BLK_25C,4,베이35A 론지취부,6,2025-12-05 22:58:19,2025-12-06 00:00:43,62.4,35A,베이35A,raw,
b200_heavy_work_r1,GA,Large (141-200),200,heavy_work,321.26666666666665,15,20251205,25,BLK_25C,4,베이35A 론지용접,7,2025-12-06 00:00:43,2025-12-06 00:24:58,24.2,35A,베이35A,raw,
b200_heavy_work_r1,GA,Large (141-200),200,heavy_work,321.26666666666665,15,20251205,25,BLK_25C,4,베이35A 수정,8,2025-12-06 00:24:58,2025-12-06 01:02:39,37.7,35A,베이35A,raw,
b200_heavy_work_r1,GA,Large (141-200),200,heavy_work,321.26666666666665,15,20251205,117,BLK_117P,5,판계,1,2025-12-05 09:07:12,2025-12-05 09:21:36,14.4,,공통,raw,
b200_heavy_work_r1,GA,Large (141-200),200,heavy_work,321.26666666666665,15,20251205,117,BLK_117P,5,전면SAW,2,2025-12-05 19:38:03,2025-12-05 20:36:21,58.3,,공통,raw,
b200_heavy_work_r1,GA,Large (141-200),200,heavy_work,321.26666666666665,15,20251205,117,BLK_117P,5,TurnOver,3,2025-12-05 20:36:21,2025-12-05 20:50:45,14.4,,공통,raw,
b200_heavy_work_r1,GA,Large (141-200),200,heavy_work,321.26666666666665,15,20251205,117,BLK_117P,5,후면SAW,4,2025-12-05 22:22:57,2025-12-05 23:14:19,51.4,,공통,raw,
b200_heavy_work_r1,GA,Large (141-200),200,heavy_work,321.26666666666665,15,20251205,117,BLK_117P,5,NC,5,2025-12-05 23:14:19,2025-12-05 23:42:24,28.1,,공통,raw,
b200_heavy_work_r1,GA,Large (141-200),200,heavy_work,321.26666666666665,15,20251205,117,BLK_117P,5,베이36B 론지취부,6,2025-12-05 23:42:24,2025-12-06 00:28:00,45.6,36B,베이36B,raw,
b200_heavy_work_r1,GA,Large (141-200),200,heavy_work,321.26666666666665,15,20251205,117,BLK_117P,5,베이36B 론지용접,7,2025-12-06 00:28:00,2025-12-06 00:49:22,21.4,36B,베이36B,raw,
b200_heavy_work_r1,GA,Large (141-200),200,heavy_work,321.26666666666665,15,20251205,117,BLK_117P,5,베이36B 수정,8,2025-12-06 00:49:22,2025-12-06 01:16:29,27.1,36B,베이36B,raw,
b200_heavy_work_r1,GA,Large (141-200),200,heavy_work,321.26666666666665,15,20251205,137,BLK_137P,6,판계,1,2025-12-05 09:21:36,2025-12-05 09:36:00,14.4,,공통,raw,
b200_heavy_work_r1,GA,Large (141-200),200,heavy_work,321.26666666666665,15,20251205,137,BLK_137P,6,전면SAW,2,2025-12-05 20:36:21,2025-12-05 21:13:01,36.7,,공통,raw,
b200_heavy_work_r1,GA,Large (141-200),200,heavy_work,321.26666666666665,15,20251205,137,BLK_137P,6,TurnOver,3,2025-12-05 21:13:01,2025-12-05 21:27:25,14.4,,공통,raw,
b200_heavy_work_r1,GA,Large (141-200),200,heavy_work,321.26666666666665,15,20251205,137,BLK_137P,6,후면SAW,4,2025-12-05 23:14:19,2025-12-05 23:37:14,22.9,,공통,raw,
b200_heavy_work_r1,GA,Large (141-200),200,heavy_work,321.26666666666665,15,20251205,137,BLK_137P,6,NC,5,2025-12-05 23:42:24,2025-12-06 00:05:43,23.3,,공통,raw,
b200_heavy_work_r1,GA,Large (141-200),200,heavy_work,321.26666666666665,15,20251205,137,BLK_137P,6,베이35A 론지취부,6,2025-12-06 00:05:43,2025-12-06 00:47:07,41.4,35A,베이35A,raw,
b200_heavy_work_r1,GA,Large (141-200),200,heavy_work,321.26666666666665,15,20251205,137,BLK_137P,6,베이35A 론지용접,7,2025-12-06 00:47:07,2025-12-06 01:02:57,15.8,35A,베이35A,raw,
b200_heavy_work_r1,GA,Large (141-200),200,heavy_work,321.26666666666665,15,20251205,137,BLK_137P,6,베이35A 수정,8,2025-12-06 01:02:57,2025-12-06 01:27:26,24.5,35A,베이35A,raw,
b200_heavy_work_r1,GA,Large (141-200),200,heavy_work,321.26666666666665,15,20251205,147,BLK_147S,7,판계,1,2025-12-05 09:36:00,2025-12-05 10:06:00,30.0,,공통,raw,
b200_heavy_work_r1,GA,Large (141-200),200,heavy_work,321.26666666666665,15,20251205,147,BLK_147S,7,전면SAW,2,2025-12-05 21:13:01,2025-12-05 21:53:07,40.1,,공통,raw,
b200_heavy_work_r1,GA,Large (141-200),200,heavy_work,321.26666666666665,15,20251205,147,BLK_147S,7,TurnOver,3,2025-12-05 21:53:07,2025-12-05 22:07:31,14.4,,공통,raw,
b200_heavy_work_r1,GA,Large (141-200),200,heavy_work,321.26666666666665,15,20251205,147,BLK_147S,7,후면SAW,4,2025-12-05 23:37:14,2025-12-06 00:04:38,27.4,,공통,raw,
b200_heavy_work_r1,GA,Large (141-200),200,heavy_work,321.26666666666665,15,20251205,147,BLK_147S,7,NC,5,2025-12-06 00:05:43,2025-12-06 00:50:24,44.7,,공통,raw,
b200_heavy_work_r1,GA,Large (141-200),200,heavy_work,321.26666666666665,15,20251205,147,BLK_147S,7,베이36B 론지취부,6,2025-12-06 00:50:24,2025-12-06 01:57:00,66.6,36B,베이36B,raw,
b200_heavy_work_r1,GA,Large (141-200),200,heavy_work,321.26666666666665,15,20251205,147,BLK_147S,7,베이36B 론지용접,7,2025-12-06 01:57:00,2025-12-06 02:21:58,25.0,36B,베이36B,raw,
b200_heavy_work_r1,GA,Large (141-200),200,heavy_work,321.26666666666665,15,20251205,147,BLK_147S,7,베이36B 수정,8,2025-12-06 02:21:58,2025-12-06 03:02:17,40.3,36B,베이36B,raw,
b200_heavy_work_r1,GA,Large (141-200),200,heavy_work,321.26666666666665,15,20251205,194,BLK_137S,8,판계,1,2025-12-05 10:06:00,2025-12-05 10:20:24,14.4,,공통,raw,
b200_heavy_work_r1,GA,Large (141-200),200,heavy_work,321.26666666666665,15,20251205,194,BLK_137S,8,전면SAW,2,2025-12-05 21:53:07,2025-12-05 22:29:47,36.7,,공통,raw,
b200_heavy_work_r1,GA,Large (141-200),200,heavy_work,321.26666666666665,15,20251205,194,BLK_137S,8,TurnOver,3,2025-12-05 22:29:47,2025-12-05 22:44:11,14.4,,공통,raw,
b200_heavy_work_r1,GA,Large (141-200),200,heavy_work,321.26666666666665,15,20251205,194,BLK_137S,8,후면SAW,4,2025-12-06 00:04:38,2025-12-06 00:27:33,22.9,,공통,raw,
b200_heavy_work_r1,GA,Large (141-200),200,heavy_work,321.26666666666665,15,20251205,194,BLK_137S,8,NC,5,2025-12-06 00:50:24,2025-12-06 01:13:43,23.3,,공통,raw,
b200_heavy_work_r1,GA,Large (141-200),200,heavy_work,321.26666666666665,15,20251205,194,BLK_137S,8,베이35A 론지취부,6,2025-12-06 01:13:43,2025-12-06 01:55:07,41.4,35A,베이35A,raw,
b200_heavy_work_r1,GA,Large (141-200),200,heavy_work,321.26666666666665,15,20251205,194,BLK_137S,8,베이35A 론지용접,7,2025-12-06 01:55:07,2025-12-06 02:10:58,15.8,35A,베이35A,raw,
b200_heavy_work_r1,GA,Large (141-200),200,heavy_work,321.26666666666665,15,20251205,194,BLK_137S,8,베이35A 수정,8,2025-12-06 02:10:58,2025-12-06 02:35:26,24.5,35A,베이35A,raw,
b200_heavy_work_r1,GA,Large (141-200),200,heavy_work,321.26666666666665,15,20251205,53,BLK_53C,9,판계,1,2025-12-05 10:20:24,2025-12-05 11:14:24,54.0,,공통,raw,
b200_heavy_work_r1,GA,Large (141-200),200,heavy_work,321.26666666666665,15,20251205,53,BLK_53C,9,전면SAW,2,2025-12-05 22:29:47,2025-12-05 23:16:47,47.0,,공통,raw,
b200_heavy_work_r1,GA,Large (141-200),200,heavy_work,321.26666666666665,15,20251205,53,BLK_53C,9,TurnOver,3,2025-12-05 23:16:47,2025-12-05 23:31:11,14.4,,공통,raw,
b200_heavy_work_r1,GA,Large (141-200),200,heavy_work,321.26666666666665,15,20251205,53,BLK_53C,9,후면SAW,4,2025-12-06 00:27:33,2025-12-06 01:04:02,36.5,,공통,raw,
b200_heavy_work_r1,GA,Large (141-200),200,heavy_work,321.26666666666665,15,20251205,53,BLK_53C,9,NC,5,2025-12-06 01:13:43,2025-12-06 02:21:19,67.6,,공통,raw,
b200_heavy_work_r1,GA,Large (141-200),200,heavy_work,321.26666666666665,15,20251205,53,BLK_53C,9,베이36B 론지취부,6,2025-12-06 02:21:19,2025-12-06 03:57:19,96.0,36B,베이36B,raw,
b200_heavy_work_r1,GA,Large (141-200),200,heavy_work,321.26666666666665,15,20251205,53,BLK_53C,9,베이36B 론지용접,7,2025-12-06 03:57:19,2025-12-06 04:27:19,30.0,36B,베이36B,raw,
b200_heavy_work_r1,GA,Large (141-200),200,heavy_work,321.26666666666665,15,20251205,53,BLK_53C,9,베이36B 수정,8,2025-12-06 04:27:19,2025-12-06 05:26:07,58.8,36B,베이36B,raw,
b200_heavy_work_r1,GA,Large (141-200),200,heavy_work,321.26666666666665,15,20251205,3,BLK_3C,10,판계,1,2025-12-05 11:14:24,2025-12-05 11:50:24,36.0,,공통,raw,
b200_heavy_work_r1,GA,Large (141-200),200,heavy_work,321.26666666666665,15,20251205,3,BLK_3C,10,전면SAW,2,2025-12-05 23:16:47,2025-12-05 23:55:35,38.8,,공통,raw,
b200_heavy_work_r1,GA,Large (141-200),200,heavy_work,321.26666666666665,15,20251205,3,BLK_3C,10,TurnOver,3,2025-12-05 23:55:35,2025-12-06 00:09:59,14.4,,공통,raw,
b200_heavy_work_r1,GA,Large (141-200),200,heavy_work,321.26666666666665,15,20251205,3,BLK_3C,10,후면SAW,4,2025-12-06 01:04:02,2025-12-06 01:29:44,25.7,,공통,raw,
b200_heavy_work_r1,GA,Large (141-200),200,heavy_work,321.26666666666665,15,20251205,3,BLK_3C,10,NC,5,2025-12-06 02:21:19,2025-12-06 03:12:51,51.5,,공통,raw,
b200_heavy_work_r1,GA,Large (141-200),200,heavy_work,321.26666666666665,15,20251205,3,BLK_3C,10,베이35A 론지취부,6,2025-12-06 03:12:51,2025-12-06 04:40:27,87.6,35A,베이35A,raw,
b200_heavy_work_r1,GA,Large (141-200),200,heavy_work,321.26666666666665,15,20251205,3,BLK_3C,10,베이35A 론지용접,7,2025-12-06 04:40:27,2025-12-06 05:09:01,28.6,35A,베이35A,raw,
b200_heavy_work_r1,GA,Large (141-200),200,heavy_work,321.26666666666665,15,20251205,3,BLK_3C,10,베이35A 수정,8,2025-12-06 05:09:01,2025-12-06 06:02:32,53.5,35A,베이35A,raw,
b200_heavy_work_r1,GA,Large (141-200),200,heavy_work,321.26666666666665,15,20251205,49,BLK_49C,11,판계,1,2025-12-05 11:50:24,2025-12-05 12:14:24,24.0,,공통,raw,
b200_heavy_work_r1,GA,Large (141-200),200,heavy_work,321.26666666666665,15,20251205,49,BLK_49C,11,전면SAW,2,2025-12-05 23:55:35,2025-12-06 00:36:24,40.8,,공통,raw,
b200_heavy_work_r1,GA,Large (141-200),200,heavy_work,321.26666666666665,15,20251205,49,BLK_49C,11,TurnOver,3,2025-12-06 00:36:24,2025-12-06 00:50:48,14.4,,공통,raw,
b200_heavy_work_r1,GA,Large (141-200),200,heavy_work,321.26666666666665,15,20251205,49,BLK_49C,11,후면SAW,4,2025-12-06 01:29:44,2025-12-06 01:58:06,28.4,,공통,raw,
b200_heavy_work_r1,GA,Large (141-200),200,heavy_work,321.26666666666665,15,20251205,49,BLK_49C,11,NC,5,2025-12-06 03:12:51,2025-12-06 03:44:02,31.2,,공통,raw,
b200_heavy_work_r1,GA,Large (141-200),200,heavy_work,321.26666666666665,15,20251205,49,BLK_49C,11,베이36B 론지취부,6,2025-12-06 03:57:19,2025-12-06 04:38:43,41.4,36B,베이36B,raw,
b200_heavy_work_r1,GA,Large (141-200),200,heavy_work,321.26666666666665,15,20251205,49,BLK_49C,11,베이36B 론지용접,7,2025-12-06 04:38:43,2025-12-06 04:54:33,15.8,36B,베이36B,raw,
b200_heavy_work_r1,GA,Large (141-200),200,heavy_work,321.26666666666665,15,20251205,49,BLK_49C,11,베이36B 수정,8,2025-12-06 05:26:07,2025-12-06 05:50:36,24.5,36B,베이36B,raw,
b200_heavy_work_r1,GA,Large (141-200),200,heavy_work,321.26666666666665,15,20251205,12,BLK_12P,12,판계,1,2025-12-05 12:14:24,2025-12-05 12:46:48,32.4,,공통,raw,
b200_heavy_work_r1,GA,Large (141-200),200,heavy_work,321.26666666666665,15,20251205,12,BLK_12P,12,전면SAW,2,2025-12-06 00:36:24,2025-12-06 03:29:52,173.5,,공통,raw,
b200_heavy_work_r1,GA,Large (141-200),200,heavy_work,321.26666666666665,15,20251205,12,BLK_12P,12,TurnOver,3,2025-12-06 03:29:52,2025-12-06 03:44:16,14.4,,공통,raw,
b200_heavy_work_r1,GA,Large (141-200),200,heavy_work,321.26666666666665,15,20251205,12,BLK_12P,12,후면SAW,4,2025-12-06 03:44:16,2025-12-06 05:48:21,124.1,,공통,raw,
b200_heavy_work_r1,GA,Large (141-200),200,heavy_work,321.26666666666665,15,20251205,12,BLK_12P,12,NC,5,2025-12-06 05:48:21,2025-12-06 06:32:09,43.8,,공통,raw,
b200_heavy_work_r1,GA,Large (141-200),200,heavy_work,321.26666666666665,15,20251205,12,BLK_12P,12,베이35A 론지취부,6,2025-12-06 06:32:09,2025-12-06 07:13:33,41.4,35A,베이35A,raw,
b200_heavy_work_r1,GA,Large (141-200),200,heavy_work,321.26666666666665,15,20251205,12,BLK_12P,12,베이35A 론지용접,7,2025-12-06 07:13:33,2025-12-06 07:34:12,20.6,35A,베이35A,raw,
b200_heavy_work_r1,GA,Large (141-200),200,heavy_work,321.26666666666665,15,20251205,12,BLK_12P,12,베이35A 수정,8,2025-12-06 07:34:12,2025-12-06 07:58:40,24.5,35A,베이35A,raw,
b200_heavy_work_r1,GA,Large (141-200),200,heavy_work,321.26666666666665,15,20251205,86,BLK_86P,13,판계,1,2025-12-05 12:46:48,2025-12-05 13:16:48,30.0,,공통,raw,
b200_heavy_work_r1,GA,Large (141-200),200,heavy_work,321.26666666666665,15,20251205,86,BLK_86P,13,전면SAW,2,2025-12-06 03:29:52,2025-12-06 04:05:54,36.0,,공통,raw,
b200_heavy_work_r1,GA,Large (141-200),200,heavy_work,321.26666666666665,15,20251205,86,BLK_86P,13,TurnOver,3,2025-12-06 04:05:54,2025-12-06 04:20:18,14.4,,공통,raw,
b200_heavy_work_r1,GA,Large (141-200),200,heavy_work,321.26666666666665,15,20251205,86,BLK_86P,13,후면SAW,4,2025-12-06 05:48:21,2025-12-06 06:10:25,22.1,,공통,raw,
b200_heavy_work_r1,GA,Large (141-200),200,heavy_work,321.26666666666665,15,20251205,86,BLK_86P,13,NC,5,2025-12-06 06:32:09,2025-12-06 07:13:12,41.0,,공통,raw,
b200_heavy_work_r1,GA,Large (141-200),200,heavy_work,321.26666666666665,15,20251205,86,BLK_86P,13,베이36B 론지취부,6,2025-12-06 07:13:12,2025-12-06 08:24:00,70.8,36B,베이36B,raw,
b200_heavy_work_r1,GA,Large (141-200),200,heavy_work,321.26666666666665,15,20251205,86,BLK_86P,13,베이36B 론지용접,7,2025-12-06 08:24:00,2025-12-06 08:49:40,25.7,36B,베이36B,raw,
b200_heavy_work_r1,GA,Large (141-200),200,heavy_work,321.26666666666665,15,20251205,86,BLK_86P,13,베이36B 수정,8,2025-12-06 08:49:40,2025-12-06 09:32:38,43.0,36B,베이36B,raw,
b200_heavy_work_r1,GA,Large (141-200),200,heavy_work,321.26666666666665,15,20251205,104,BLK_104P,14,판계,1,2025-12-05 13:16:48,2025-12-05 14:02:24,45.6,,공통,raw,
b200_heavy_work_r1,GA,Large (141-200),200,heavy_work,321.26666666666665,15,20251205,104,BLK_104P,14,전면SAW,2,2025-12-06 04:05:54,2025-12-06 06:27:20,141.4,,공통,raw,
b200_heavy_work_r1,GA,Large (141-200),200,heavy_work,321.26666666666665,15,20251205,104,BLK_104P,14,TurnOver,3,2025-12-06 06:27:20,2025-12-06 06:41:44,14.4,,공통,raw,
b200_heavy_work_r1,GA,Large (141-200),200,heavy_work,321.26666666666665,15,20251205,104,BLK_104P,14,후면SAW,4,2025-12-06 06:41:44,2025-12-06 08:36:00,114.3,,공통,raw,
b200_heavy_work_r1,GA,Large (141-200),200,heavy_work,321.26666666666665,15,20251205,104,BLK_104P,14,NC,5,2025-12-06 08:36:00,2025-12-06 09:33:03,57.1,,공통,raw,
b200_heavy_work_r1,GA,Large (141-200),200,heavy_work,321.26666666666665,15,20251205,104,BLK_104P,14,베이35A 론지취부,6,2025-12-06 09:33:03,2025-12-06 10:43:51,70.8,35A,베이35A,raw,
b200_heavy_work_r1,GA,Large (141-200),200,heavy_work,321.26666666666665,15,20251205,104,BLK_104P,14,베이35A 론지용접,7,2025-12-06 10:43:51,2025-12-06 11:09:32,25.7,35A,베이35A,raw,
b200_heavy_work_r1,GA,Large (141-200),200,heavy_work,321.26666666666665,15,20251205,104,BLK_104P,14,베이35A 수정,8,2025-12-06 11:09:32,2025-12-06 11:52:30,43.0,35A,베이35A,raw,
b200_heavy_work_r1,GA,Large (141-200),200,heavy_work,321.26666666666665,15,20251205,6,BLK_6P,15,판계,1,2025-12-05 14:02:24,2025-12-05 14:32:24,30.0,,공통,raw,
b200_heavy_work_r1,GA,Large (141-200),200,heavy_work,321.26666666666665,15,20251205,6,BLK_6P,15,전면SAW,2,2025-12-06 06:27:20,2025-12-06 07:08:13,40.9,,공통,raw,
b200_heavy_work_r1,GA,Large (141-200),200,heavy_work,321.26666666666665,15,20251205,6,BLK_6P,15,TurnOver,3,2025-12-06 07:08:13,2025-12-06 07:22:37,14.4,,공통,raw,
b200_heavy_work_r1,GA,Large (141-200),200,heavy_work,321.26666666666665,15,20251205,6,BLK_6P,15,후면SAW,4,2025-12-06 08:36:00,2025-12-06 09:04:27,28.5,,공통,raw,
b200_heavy_work_r1,GA,Large (141-200),200,heavy_work,321.26666666666665,15,20251205,6,BLK_6P,15,NC,5,2025-12-06 09:33:03,2025-12-06 10:17:14,44.2,,공통,raw,
b200_heavy_work_r1,GA,Large (141-200),200,heavy_work,321.26666666666665,15,20251205,6,BLK_6P,15,베이36B 론지취부,6,2025-12-06 10:17:14,2025-12-06 11:44:50,87.6,36B,베이36B,raw,
b200_heavy_work_r1,GA,Large (141-200),200,heavy_work,321.26666666666665,15,20251205,6,BLK_6P,15,베이36B 론지용접,7,2025-12-06 11:44:50,2025-12-06 12:13:24,28.6,36B,베이36B,raw,
b200_heavy_work_r1,GA,Large (141-200),200,heavy_work,321.26666666666665,15,20251205,6,BLK_6P,15,베이36B 수정,8,2025-12-06 12:13:24,2025-12-06 13:06:55,53.5,36B,베이36B,raw,
b200_heavy_work_r1,GA,Large (141-200),200,heavy_work,321.26666666666665,15,20251205,108,BLK_108C,16,판계,1,2025-12-05 14:32:24,2025-12-05 15:02:24,30.0,,공통,raw,
b200_heavy_work_r1,GA,Large (141-200),200,heavy_work,321.26666666666665,15,20251205,108,BLK_108C,16,전면SAW,2,2025-12-06 07:08:13,2025-12-06 07:47:12,39.0,,공통,raw,
b200_heavy_work_r1,GA,Large (141-200),200,heavy_work,321.26666666666665,15,20251205,108,BLK_108C,16,TurnOver,3,2025-12-06 07:47:12,2025-12-06 08:01:36,14.4,,공통,raw,
b200_heavy_work_r1,GA,Large (141-200),200,heavy_work,321.26666666666665,15,20251205,108,BLK_108C,16,후면SAW,4,2025-12-06 09:04:27,2025-12-06 09:30:24,26.0,,공통,raw,
b200_heavy_work_r1,GA,Large (141-200),200,heavy_work,321.26666666666665,15,20251205,108,BLK_108C,16,NC,5,2025-12-06 10:17:14,2025-12-06 10:58:11,40.9,,공통,raw,
b200_heavy_work_r1,GA,Large (141-200),200,heavy_work,321.26666666666665,15,20251205,108,BLK_108C,16,베이35A 론지취부,6,2025-12-06 10:58:11,2025-12-06 12:17:23,79.2,35A,베이35A,raw,
b200_heavy_work_r1,GA,Large (141-200),200,heavy_work,321.26666666666665,15,20251205,108,BLK_108C,16,베이35A 론지용접,7,2025-12-06 12:17:23,2025-12-06 12:44:30,27.1,35A,베이35A,raw,
b200_heavy_work_r1,GA,Large (141-200),200,heavy_work,321.26666666666665,15,20251205,108,BLK_108C,16,베이35A 수정,8,2025-12-06 12:44:30,2025-12-06 13:32:44,48.2,35A,베이35A,raw,
b200_heavy_work_r1,GA,Large (141-200),200,heavy_work,321.26666666666665,15,20251205,145,BLK_145P,17,판계,1,2025-12-05 15:02:24,2025-12-05 15:58:48,56.4,,공통,raw,
b200_heavy_work_r1,GA,Large (141-200),200,heavy_work,321.26666666666665,15,20251205,145,BLK_145P,17,전면SAW,2,2025-12-06 07:47:12,2025-12-06 10:09:54,142.7,,공통,raw,
b200_heavy_work_r1,GA,Large (141-200),200,heavy_work,321.26666666666665,15,20251205,145,BLK_145P,17,TurnOver,3,2025-12-06 10:09:54,2025-12-06 10:24:18,14.4,,공통,raw,
b200_heavy_work_r1,GA,Large (141-200),200,heavy_work,321.26666666666665,15,20251205,145,BLK_145P,17,후면SAW,4,2025-12-06 10:24:18,2025-12-06 12:07:32,103.2,,공통,raw,
b200_heavy_work_r1,GA,Large (141-200),200,heavy_work,321.26666666666665,15,20251205,145,BLK_145P,17,NC,5,2025-12-06 12:07:32,2025-12-06 13:07:08,59.6,,공통,raw,
b200_heavy_work_r1,GA,Large (141-200),200,heavy_work,321.26666666666665,15,20251205,145,BLK_145P,17,베이36B 론지취부,6,2025-12-06 13:07:08,2025-12-06 13:40:08,33.0,36B,베이36B,raw,
b200_heavy_work_r1,GA,Large (141-200),200,heavy_work,321.26666666666665,15,20251205,145,BLK_145P,17,베이36B 론지용접,7,2025-12-06 13:40:08,2025-12-06 13:54:32,14.4,36B,베이36B,raw,
b200_heavy_work_r1,GA,Large (141-200),200,heavy_work,321.26666666666665,15,20251205,145,BLK_145P,17,베이36B 수정,8,2025-12-06 13:54:32,2025-12-06 14:13:44,19.2,36B,베이36B,raw,
b200_heavy_work_r1,GA,Large (141-200),200,heavy_work,321.26666666666665,15,20251205,32,BLK_32P,18,판계,1,2025-12-05 15:58:48,2025-12-05 16:34:48,36.0,,공통,raw,
b200_heavy_work_r1,GA,Large (141-200),200,heavy_work,321.26666666666665,15,20251205,32,BLK_32P,18,전면SAW,2,2025-12-06 10:09:54,2025-12-06 10:50:53,41.0,,공통,raw,
b200_heavy_work_r1,GA,Large (141-200),200,heavy_work,321.26666666666665,15,20251205,32,BLK_32P,18,TurnOver,3,2025-12-06 10:50:53,2025-12-06 11:05:17,14.4,,공통,raw,
b200_heavy_work_r1,GA,Large (141-200),200,heavy_work,321.26666666666665,15,20251205,32,BLK_32P,18,후면SAW,4,2025-12-06 12:07:32,2025-12-06 12:36:08,28.6,,공통,raw,
b200_heavy_work_r1,GA,Large (141-200),200,heavy_work,321.26666666666665,15,20251205,32,BLK_32P,18,NC,5,2025-12-06 13:07:08,2025-12-06 13:57:58,50.8,,공통,raw,
b200_heavy_work_r1,GA,Large (141-200),200,heavy_work,321.26666666666665,15,20251205,32,BLK_32P,18,베이35A 론지취부,6,2025-12-06 13:57:58,2025-12-06 15:25:34,87.6,35A,베이35A,raw,
b200_heavy_work_r1,GA,Large (141-200),200,heavy_work,321.26666666666665,15,20251205,32,BLK_32P,18,베이35A 론지용접,7,2025-12-06 15:25:34,2025-12-06 15:54:07,28.6,35A,베이35A,raw,
b200_heavy_work_r1,GA,Large (141-200),200,heavy_work,321.26666666666665,15,20251205,32,BLK_32P,18,베이35A 수정,8,2025-12-06 15:54:07,2025-12-06 16:47:39,53.5,35A,베이35A,raw,
b200_heavy_work_r1,GA,Large (141-200),200,heavy_work,321.26666666666665,15,20251205,45,BLK_45P,19,판계,1,2025-12-05 16:34:48,2025-12-05 17:10:48,36.0,,공통,raw,
b200_heavy_work_r1,GA,Large (141-200),200,heavy_work,321.26666666666665,15,20251205,45,BLK_45P,19,전면SAW,2,2025-12-06 10:50:53,2025-12-06 13:46:06,175.2,,공통,raw,
b200_heavy_work_r1,GA,Large (141-200),200,heavy_work,321.26666666666665,15,20251205,45,BLK_45P,19,TurnOver,3,2025-12-06 13:46:06,2025-12-06 14:00:30,14.4,,공통,raw,
b200_heavy_work_r1,GA,Large (141-200),200,heavy_work,321.26666666666665,15,20251205,45,BLK_45P,19,후면SAW,4,2025-12-06 14:00:30,2025-12-06 16:08:50,128.3,,공통,raw,
b200_heavy_work_r1,GA,Large (141-200),200,heavy_work,321.26666666666665,15,20251205,45,BLK_45P,19,NC,5,2025-12-06 16:08:50,2025-12-06 17:18:11,69.3,,공통,raw,
b200_heavy_work_r1,GA,Large (141-200),200,heavy_work,321.26666666666665,15,20251205,45,BLK_45P,19,베이36B 론지취부,6,2025-12-06 17:18:11,2025-12-06 18:58:23,100.2,36B,베이36B,raw,
b200_heavy_work_r1,GA,Large (141-200),200,heavy_work,321.26666666666665,15,20251205,45,BLK_45P,19,베이36B 론지용접,7,2025-12-06 18:58:23,2025-12-06 19:29:06,30.7,36B,베이36B,raw,
b200_heavy_work_r1,GA,Large (141-200),200,heavy_work,321.26666666666665,15,20251205,45,BLK_45P,19,베이36B 수정,8,2025-12-06 19:29:06,2025-12-06 20:30:33,61.4,36B,베이36B,raw,
b200_heavy_work_r1,GA,Large (141-200),200,heavy_work,321.26666666666665,15,20251205,57,BLK_57P,20,판계,1,2025-12-05 17:10:48,2025-12-05 17:40:48,30.0,,공통,raw,
b200_heavy_work_r1,GA,Large (141-200),200,heavy_work,321.26666666666665,15,20251205,57,BLK_57P,20,전면SAW,2,2025-12-06 13:46:06,2025-12-06 14:29:16,43.2,,공통,raw,
b200_heavy_work_r1,GA,Large (141-200),200,heavy_work,321.26666666666665,15,20251205,57,BLK_57P,20,TurnOver,3,2025-12-06 14:29:16,2025-12-06 14:43:40,14.4,,공통,raw,
b200_heavy_work_r1,GA,Large (141-200),200,heavy_work,321.26666666666665,15,20251205,57,BLK_57P,20,후면SAW,4,2025-12-06 16:08:50,2025-12-06 16:40:17,31.4,,공통,raw,
b200_heavy_work_r1,GA,Large (141-200),200,heavy_work,321.26666666666665,15,20251205,57,BLK_57P,20,NC,5,2025-12-06 17:18:11,2025-12-06 18:04:01,45.8,,공통,raw,
b200_heavy_work_r1,GA,Large (141-200),200,heavy_work,321.26666666666665,15,20251205,57,BLK_57P,20,베이35A 론지취부,6,2025-12-06 18:04:01,2025-12-06 19:44:13,100.2,35A,베이35A,raw,
b200_heavy_work_r1,GA,Large (141-200),200,heavy_work,321.26666666666665,15,20251205,57,BLK_57P,20,베이35A 론지용접,7,2025-12-06 19:44:13,2025-12-06 20:14:57,30.7,35A,베이35A,raw,
b200_heavy_work_r1,GA,Large (141-200),200,heavy_work,321.26666666666665,15,20251205,57,BLK_57P,20,베이35A 수정,8,2025-12-06 20:14:57,2025-12-06 21:16:23,61.4,35A,베이35A,raw,
b200_heavy_work_r1,GA,Large (141-200),200,heavy_work,321.26666666666665,15,20251205,15,BLK_15S,21,판계,1,2025-12-05 17:40:48,2025-12-05 18:20:24,39.6,,공통,raw,
b200_heavy_work_r1,GA,Large (141-200),200,heavy_work,321.26666666666665,15,20251205,15,BLK_15S,21,전면SAW,2,2025-12-06 14:29:16,2025-12-06 16:05:55,96.7,,공통,raw,
b200_heavy_work_r1,GA,Large (141-200),200,heavy_work,321.26666666666665,15,20251205,15,BLK_15S,21,TurnOver,3,2025-12-06 16:05:55,2025-12-06 16:20:19,14.4,,공통,raw,
b200_heavy_work_r1,GA,Large (141-200),200,heavy_work,321.26666666666665,15,20251205,15,BLK_15S,21,후면SAW,4,2025-12-06 16:40:17,2025-12-06 17:53:43,73.4,,공통,raw,
b200_heavy_work_r1,GA,Large (141-200),200,heavy_work,321.26666666666665,15,20251205,15,BLK_15S,21,NC,5,2025-12-06 18:04:01,2025-12-06 18:50:41,46.7,,공통,raw,
b200_heavy_work_r1,GA,Large (141-200),200,heavy_work,321.26666666666665,15,20251205,15,BLK_15S,21,베이36B 론지취부,6,2025-12-06 18:58:23,2025-12-06 19:52:23,54.0,36B,베이36B,raw,
b200_heavy_work_r1,GA,Large (141-200),200,heavy_work,321.26666666666665,15,20251205,15,BLK_15S,21,베이36B 론지용접,7,2025-12-06 19:52:23,2025-12-06 20:15:11,22.8,36B,베이36B,raw,
b200_heavy_work_r1,GA,Large (141-200),200,heavy_work,321.26666666666665,15,20251205,15,BLK_15S,21,베이36B 수정,8,2025-12-06 20:30:33,2025-12-06 21:02:57,32.4,36B,베이36B,raw,
b200_heavy_work_r1,GA,Large (141-200),200,heavy_work,321.26666666666665,15,20251206,157,BLK_157C,1,판계,1,2025-12-06 08:00:00,2025-12-06 08:24:00,24.0,,공통,raw,
b200_heavy_work_r1,GA,Large (141-200),200,heavy_work,321.26666666666665,15,20251206,157,BLK_157C,1,전면SAW,2,2025-12-06 16:05:55,2025-12-06 16:44:23,38.5,,공통,raw,
b200_heavy_work_r1,GA,Large (141-200),200,heavy_work,321.26666666666665,15,20251206,157,BLK_157C,1,TurnOver,3,2025-12-06 16:44:23,2025-12-06 16:58:47,14.4,,공통,raw,
b200_heavy_work_r1,GA,Large (141-200),200,heavy_work,321.26666666666665,15,20251206,157,BLK_157C,1,후면SAW,4,2025-12-06 17:53:43,2025-12-06 18:18:58,25.2,,공통,raw,
b200_heavy_work_r1,GA,Large (141-200),200,heavy_work,321.26666666666665,15,20251206,157,BLK_157C,1,NC,5,2025-12-06 18:50:41,2025-12-06 19:22:09,31.5,,공통,raw,
b200_heavy_work_r1,GA,Large (141-200),200,heavy_work,321.26666666666665,15,20251206,157,BLK_157C,1,베이35A 론지취부,6,2025-12-06 19:44:13,2025-12-06 20:21:25,37.2,35A,베이35A,raw,
b200_heavy_work_r1,GA,Large (141-200),200,heavy_work,321.26666666666665,15,20251206,157,BLK_157C,1,베이35A 론지용접,7,2025-12-06 20:21:25,2025-12-06 20:36:33,15.1,35A,베이35A,raw,
b200_heavy_work_r1,GA,Large (141-200),200,heavy_work,321.26666666666665,15,20251206,157,BLK_157C,1,베이35A 수정,8,2025-12-06 21:16:23,2025-12-06 21:38:13,21.8,35A,베이35A,raw,
b200_heavy_work_r1,GA,Large (141-200),200,heavy_work,321.26666666666665,15,20251206,93,BLK_93S,2,판계,1,2025-12-06 08:24:00,2025-12-06 08:56:24,32.4,,공통,raw,
b200_heavy_work_r1,GA,Large (141-200),200,heavy_work,321.26666666666665,15,20251206,93,BLK_93S,2,전면SAW,2,2025-12-06 16:44:23,2025-12-06 19:09:04,144.7,,공통,raw,
b200_heavy_work_r1,GA,Large (141-200),200,heavy_work,321.26666666666665,15,20251206,93,BLK_93S,2,TurnOver,3,2025-12-06 19:09:04,2025-12-06 19:23:28,14.4,,공통,raw,
b200_heavy_work_r1,GA,Large (141-200),200,heavy_work,321.26666666666665,15,20251206,93,BLK_93S,2,후면SAW,4,2025-12-06 19:23:28,2025-12-06 21:07:21,103.9,,공통,raw,
b200_heavy_work_r1,GA,Large (141-200),200,heavy_work,321.26666666666665,15,20251206,93,BLK_93S,2,NC,5,2025-12-06 21:07:21,2025-12-06 21:45:23,38.0,,공통,raw,
b200_heavy_work_r1,GA,Large (141-200),200,heavy_work,321.26666666666665,15,20251206,93,BLK_93S,2,베이36B 론지취부,6,2025-12-06 21:45:23,2025-12-06 22:43:35,58.2,36B,베이36B,raw,
b200_heavy_work_r1,GA,Large (141-200),200,heavy_work,321.26666666666665,15,20251206,93,BLK_93S,2,베이36B 론지용접,7,2025-12-06 22:43:35,2025-12-06 23:07:06,23.5,36B,베이36B,raw,
b200_heavy_work_r1,GA,Large (141-200),200,heavy_work,321.26666666666665,15,20251206,93,BLK_93S,2,베이36B 수정,8,2025-12-06 23:07:06,2025-12-06 23:42:08,35.0,36B,베이36B,raw,
b200_heavy_work_r1,GA,Large (141-200),200,heavy_work,321.26666666666665,15,20251206,189,BLK_189S,3,판계,1,2025-12-06 08:56:24,2025-12-06 09:32:24,36.0,,공통,raw,
b200_heavy_work_r1,GA,Large (141-200),200,heavy_work,321.26666666666665,15,20251206,189,BLK_189S,3,전면SAW,2,2025-12-06 19:09:04,2025-12-06 19:47:46,38.7,,공통,raw,
b200_heavy_work_r1,GA,Large (141-200),200,heavy_work,321.26666666666665,15,20251206,189,BLK_189S,3,TurnOver,3,2025-12-06 19:47:46,2025-12-06 20:02:10,14.4,,공통,raw,
b200_heavy_work_r1,GA,Large (141-200),200,heavy_work,321.26666666666665,15,20251206,189,BLK_189S,3,후면SAW,4,2025-12-06 21:07:21,2025-12-06 21:32:55,25.6,,공통,raw,
b200_heavy_work_r1,GA,Large (141-200),200,heavy_work,321.26666666666665,15,20251206,189,BLK_189S,3,NC,5,2025-12-06 21:45:23,2025-12-06 22:34:49,49.4,,공통,raw,
b200_heavy_work_r1,GA,Large (141-200),200,heavy_work,321.26666666666665,15,20251206,189,BLK_189S,3,베이35A 론지취부,6,2025-12-06 22:34:49,2025-12-07 00:23:25,108.6,35A,베이35A,raw,
b200_heavy_work_r1,GA,Large (141-200),200,heavy_work,321.26666666666665,15,20251206,189,BLK_189S,3,베이35A 론지용접,7,2025-12-07 00:23:25,2025-12-07 00:55:35,32.2,35A,베이35A,raw,
b200_heavy_work_r1,GA,Large (141-200),200,heavy_work,321.26666666666665,15,20251206,189,BLK_189S,3,베이35A 수정,8,2025-12-07 00:55:35,2025-12-07 02:02:18,66.7,35A,베이35A,raw,
b200_heavy_work_r1,GA,Large (141-200),200,heavy_work,321.26666666666665,15,20251206,182,BLK_182S,4,판계,1,2025-12-06 09:32:24,2025-12-06 10:18:00,45.6,,공통,raw,
b200_heavy_work_r1,GA,Large (141-200),200,heavy_work,321.26666666666665,15,20251206,182,BLK_182S,4,전면SAW,2,2025-12-06 19:47:46,2025-12-06 21:42:14,114.5,,공통,raw,
b200_heavy_work_r1,GA,Large (141-200),200,heavy_work,321.26666666666665,15,20251206,182,BLK_182S,4,TurnOver,3,2025-12-06 21:42:14,2025-12-06 21:56:38,14.4,,공통,raw,
b200_heavy_work_r1,GA,Large (141-200),200,heavy_work,321.26666666666665,15,20251206,182,BLK_182S,4,후면SAW,4,2025-12-06 21:56:38,2025-12-06 23:26:18,89.7,,공통,raw,
b200_heavy_work_r1,GA,Large (141-200),200,heavy_work,321.26666666666665,15,20251206,182,BLK_182S,4,NC,5,2025-12-06 23:26:18,2025-12-07 00:22:04,55.8,,공통,raw,
b200_heavy_work_r1,GA,Large (141-200),200,heavy_work,321.26666666666665,15,20251206,182,BLK_182S,4,베이36B 론지취부,6,2025-12-07 00:22:04,2025-12-07 01:32:52,70.8,36B,베이36B,raw,
b200_heavy_work_r1,GA,Large (141-200),200,heavy_work,321.26666666666665,15,20251206,182,BLK_182S,4,베이36B 론지용접,7,2025-12-07 01:32:52,2025-12-07 01:58:33,25.7,36B,베이36B,raw,
b200_heavy_work_r1,GA,Large (141-200),200,heavy_work,321.26666666666665,15,20251206,182,BLK_182S,4,베이36B 수정,8,2025-12-07 01:58:33,2025-12-07 02:41:31,43.0,36B,베이36B,raw,
b200_heavy_work_r1,GA,Large (141-200),200,heavy_work,321.26666666666665,15,20251206,78,BLK_78C,5,판계,1,2025-12-06 10:18:00,2025-12-06 11:26:24,68.4,,공통,raw,
b200_heavy_work_r1,GA,Large (141-200),200,heavy_work,321.26666666666665,15,20251206,78,BLK_78C,5,전면SAW,2,2025-12-06 21:42:14,2025-12-07 01:30:14,228.0,,공통,raw,
b200_heavy_work_r1,GA,Large (141-200),200,heavy_work,321.26666666666665,15,20251206,78,BLK_78C,5,TurnOver,3,2025-12-07 01:30:14,2025-12-07 01:44:38,14.4,,공통,raw,
b200_heavy_work_r1,GA,Large (141-200),200,heavy_work,321.26666666666665,15,20251206,78,BLK_78C,5,후면SAW,4,2025-12-07 01:44:38,2025-12-07 05:02:38,198.0,,공통,raw,
b200_heavy_work_r1,GA,Large (141-200),200,heavy_work,321.26666666666665,15,20251206,78,BLK_78C,5,NC,5,2025-12-07 05:02:38,2025-12-07 06:25:10,82.5,,공통,raw,
b200_heavy_work_r1,GA,Large (141-200),200,heavy_work,321.26666666666665,15,20251206,78,BLK_78C,5,베이35A 론지취부,6,2025-12-07 06:25:10,2025-12-07 08:22:10,117.0,35A,베이35A,raw,
b200_heavy_work_r1,GA,Large (141-200),200,heavy_work,321.26666666666665,15,20251206,78,BLK_78C,5,베이35A 론지용접,7,2025-12-07 08:22:10,2025-12-07 08:55:46,33.6,35A,베이35A,raw,
b200_heavy_work_r1,GA,Large (141-200),200,heavy_work,321.26666666666665,15,20251206,78,BLK_78C,5,베이35A 수정,8,2025-12-07 08:55:46,2025-12-07 10:07:46,72.0,35A,베이35A,raw,
b200_heavy_work_r1,GA,Large (141-200),200,heavy_work,321.26666666666665,15,20251206,2,BLK_2C,6,판계,1,2025-12-06 11:26:24,2025-12-06 12:00:00,33.6,,공통,raw,
b200_heavy_work_r1,GA,Large (141-200),200,heavy_work,321.26666666666665,15,20251206,2,BLK_2C,6,전면SAW,2,2025-12-07 01:30:14,2025-12-07 04:18:28,168.2,,공통,raw,
b200_heavy_work_r1,GA,Large (141-200),200,heavy_work,321.26666666666665,15,20251206,2,BLK_2C,6,TurnOver,3,2025-12-07 04:18:28,2025-12-07 04:32:52,14.4,,공통,raw,
b200_heavy_work_r1,GA,Large (141-200),200,heavy_work,321.26666666666665,15,20251206,2,BLK_2C,6,후면SAW,4,2025-12-07 05:02:38,2025-12-07 07:57:12,174.6,,공통,raw,
b200_heavy_work_r1,GA,Large (141-200),200,heavy_work,321.26666666666665,15,20251206,2,BLK_2C,6,NC,5,2025-12-07 07:57:12,2025-12-07 08:37:19,40.1,,공통,raw,
b200_heavy_work_r1,GA,Large (141-200),200,heavy_work,321.26666666666665,15,20251206,2,BLK_2C,6,베이36B 론지취부,6,2025-12-07 08:37:19,2025-12-07 09:27:07,49.8,36B,베이36B,raw,
b200_heavy_work_r1,GA,Large (141-200),200,heavy_work,321.26666666666665,15,20251206,2,BLK_2C,6,베이36B 론지용접,7,2025-12-07 09:27:07,2025-12-07 09:49:12,22.1,36B,베이36B,raw,
b200_heavy_work_r1,GA,Large (141-200),200,heavy_work,321.26666666666665,15,20251206,2,BLK_2C,6,베이36B 수정,8,2025-12-07 09:49:12,2025-12-07 10:18:57,29.8,36B,베이36B,raw,
b200_heavy_work_r1,GA,Large (141-200),200,heavy_work,321.26666666666665,15,20251206,10,BLK_10C,7,판계,1,2025-12-06 12:00:00,2025-12-06 12:48:00,48.0,,공통,raw,
b200_heavy_work_r1,GA,Large (141-200),200,heavy_work,321.26666666666665,15,20251206,10,BLK_10C,7,전면SAW,2,2025-12-07 04:18:28,2025-12-07 07:13:40,175.2,,공통,raw,
b200_heavy_work_r1,GA,Large (141-200),200,heavy_work,321.26666666666665,15,20251206,10,BLK_10C,7,TurnOver,3,2025-12-07 07:13:40,2025-12-07 07:28:04,14.4,,공통,raw,
b200_heavy_work_r1,GA,Large (141-200),200,heavy_work,321.26666666666665,15,20251206,10,BLK_10C,7,후면SAW,4,2025-12-07 07:57:12,2025-12-07 10:05:30,128.3,,공통,raw,
b200_heavy_work_r1,GA,Large (141-200),200,heavy_work,321.26666666666665,15,20251206,10,BLK_10C,7,NC,5,2025-12-07 10:05:30,2025-12-07 11:00:20,54.8,,공통,raw,
b200_heavy_work_r1,GA,Large (141-200),200,heavy_work,321.26666666666665,15,20251206,10,BLK_10C,7,베이35A 론지취부,6,2025-12-07 11:00:20,2025-12-07 12:19:32,79.2,35A,베이35A,raw,
b200_heavy_work_r1,GA,Large (141-200),200,heavy_work,321.26666666666665,15,20251206,10,BLK_10C,7,베이35A 론지용접,7,2025-12-07 12:19:32,2025-12-07 12:46:40,27.1,35A,베이35A,raw,
b200_heavy_work_r1,GA,Large (141-200),200,heavy_work,321.26666666666665,15,20251206,10,BLK_10C,7,베이35A 수정,8,2025-12-07 12:46:40,2025-12-07 13:34:54,48.2,35A,베이35A,raw,
b200_heavy_work_r1,GA,Large (141-200),200,heavy_work,321.26666666666665,15,20251206,179,BLK_179P,8,판계,1,2025-12-06 12:48:00,2025-12-06 13:24:00,36.0,,공통,raw,
b200_heavy_work_r1,GA,Large (141-200),200,heavy_work,321.26666666666665,15,20251206,179,BLK_179P,8,전면SAW,2,2025-12-07 07:13:40,2025-12-07 07:51:23,37.7,,공통,raw,
b200_heavy_work_r1,GA,Large (141-200),200,heavy_work,321.26666666666665,15,20251206,179,BLK_179P,8,TurnOver,3,2025-12-07 07:51:23,2025-12-07 08:05:47,14.4,,공통,raw,
b200_heavy_work_r1,GA,Large (141-200),200,heavy_work,321.26666666666665,15,20251206,179,BLK_179P,8,후면SAW,4,2025-12-07 10:05:30,2025-12-07 10:29:47,24.3,,공통,raw,
b200_heavy_work_r1,GA,Large (141-200),200,heavy_work,321.26666666666665,15,20251206,179,BLK_179P,8,NC,5,2025-12-07 11:00:20,2025-12-07 11:51:23,51.0,,공통,raw,
b200_heavy_work_r1,GA,Large (141-200),200,heavy_work,321.26666666666665,15,20251206,179,BLK_179P,8,베이36B 론지취부,6,2025-12-07 11:51:23,2025-12-07 13:39:59,108.6,36B,베이36B,raw,
b200_heavy_work_r1,GA,Large (141-200),200,heavy_work,321.26666666666665,15,20251206,179,BLK_179P,8,베이36B 론지용접,7,2025-12-07 13:39:59,2025-12-07 14:12:09,32.2,36B,베이36B,raw,
b200_heavy_work_r1,GA,Large (141-200),200,heavy_work,321.26666666666665,15,20251206,179,BLK_179P,8,베이36B 수정,8,2025-12-07 14:12:09,2025-12-07 15:18:52,66.7,36B,베이36B,raw,
b200_heavy_work_r1,GA,Large (141-200),200,heavy_work,321.26666666666665,15,20251206,14,BLK_14C,9,판계,1,2025-12-06 13:24:00,2025-12-06 13:54:00,30.0,,공통,raw,
b200_heavy_work_r1,GA,Large (141-200),200,heavy_work,321.26666666666665,15,20251206,14,BLK_14C,9,전면SAW,2,2025-12-07 07:51:23,2025-12-07 08:31:06,39.7,,공통,raw,
b200_heavy_work_r1,GA,Large (141-200),200,heavy_work,321.26666666666665,15,20251206,14,BLK_14C,9,TurnOver,3,2025-12-07 08:31:06,2025-12-07 08:45:30,14.4,,공통,raw,
b200_heavy_work_r1,GA,Large (141-200),200,heavy_work,321.26666666666665,15,20251206,14,BLK_14C,9,후면SAW,4,2025-12-07 10:29:47,2025-12-07 10:56:42,26.9,,공통,raw,
b200_heavy_work_r1,GA,Large (141-200),200,heavy_work,321.26666666666665,15,20251206,14,BLK_14C,9,NC,5,2025-12-07 11:51:23,2025-12-07 12:34:23,43.0,,공통,raw,
b200_heavy_work_r1,GA,Large (141-200),200,heavy_work,321.26666666666665,15,20251206,14,BLK_14C,9,베이35A 론지취부,6,2025-12-07 12:34:23,2025-12-07 13:53:35,79.2,35A,베이35A,raw,
b200_heavy_work_r1,GA,Large (141-200),200,heavy_work,321.26666666666665,15,20251206,14,BLK_14C,9,베이35A 론지용접,7,2025-12-07 13:53:35,2025-12-07 14:20:42,27.1,35A,베이35A,raw,
b200_heavy_work_r1,GA,Large (141-200),200,heavy_work,321.26666666666665,15,20251206,14,BLK_14C,9,베이35A 수정,8,2025-12-07 14:20:42,2025-12-07 15:08:57,48.2,35A,베이35A,raw,
b200_heavy_work_r1,GA,Large (141-200),200,heavy_work,321.26666666666665,15,20251206,22,BLK_22C,10,판계,1,2025-12-06 13:54:00,2025-12-06 14:39:36,45.6,,공통,raw,
b200_heavy_work_r1,GA,Large (141-200),200,heavy_work,321.26666666666665,15,20251206,22,BLK_22C,10,전면SAW,2,2025-12-07 08:31:06,2025-12-07 10:09:12,98.1,,공통,raw,
b200_heavy_work_r1,GA,Large (141-200),200,heavy_work,321.26666666666665,15,20251206,22,BLK_22C,10,TurnOver,3,2025-12-07 10:09:12,2025-12-07 10:23:36,14.4,,공통,raw,
b200_heavy_work_r1,GA,Large (141-200),200,heavy_work,321.26666666666665,15,20251206,22,BLK_22C,10,후면SAW,4,2025-12-07 10:56:42,2025-12-07 12:11:27,74.8,,공통,raw,
b200_heavy_work_r1,GA,Large (141-200),200,heavy_work,321.26666666666665,15,20251206,22,BLK_22C,10,NC,5,2025-12-07 12:34:23,2025-12-07 13:29:13,54.8,,공통,raw,
b200_heavy_work_r1,GA,Large (141-200),200,heavy_work,321.26666666666665,15,20251206,22,BLK_22C,10,베이36B 론지취부,6,2025-12-07 13:39:59,2025-12-07 14:42:23,62.4,36B,베이36B,raw,
b200_heavy_work_r1,GA,Large (141-200),200,heavy_work,321.26666666666665,15,20251206,22,BLK_22C,10,베이36B 론지용접,7,2025-12-07 14:42:23,2025-12-07 15:06:38,24.2,36B,베이36B,raw,
b200_heavy_work_r1,GA,Large (141-200),200,heavy_work,321.26666666666665,15,20251206,22,BLK_22C,10,베이36B 수정,8,2025-12-07 15:18:52,2025-12-07 15:56:33,37.7,36B,베이36B,raw,
b200_heavy_work_r1,GA,Large (141-200),200,heavy_work,321.26666666666665,15,20251206,7,BLK_7C,11,판계,1,2025-12-06 14:39:36,2025-12-06 15:09:36,30.0,,공통,raw,
b200_heavy_work_r1,GA,Large (141-200),200,heavy_work,321.26666666666665,15,20251206,7,BLK_7C,11,전면SAW,2,2025-12-07 10:09:12,2025-12-07 10:49:52,40.7,,공통,raw,
b200_heavy_work_r1,GA,Large (141-200),200,heavy_work,321.26666666666665,15,20251206,7,BLK_7C,11,TurnOver,3,2025-12-07 10:49:52,2025-12-07 11:04:16,14.4,,공통,raw,
b200_heavy_work_r1,GA,Large (141-200),200,heavy_work,321.26666666666665,15,20251206,7,BLK_7C,11,후면SAW,4,2025-12-07 12:11:27,2025-12-07 12:39:36,28.1,,공통,raw,
b200_heavy_work_r1,GA,Large (141-200),200,heavy_work,321.26666666666665,15,20251206,7,BLK_7C,11,NC,5,2025-12-07 13:29:13,2025-12-07 14:13:41,44.5,,공통,raw,
b200_heavy_work_r1,GA,Large (141-200),200,heavy_work,321.26666666666665,15,20251206,7,BLK_7C,11,베이35A 론지취부,6,2025-12-07 14:13:41,2025-12-07 15:45:29,91.8,35A,베이35A,raw,
b200_heavy_work_r1,GA,Large (141-200),200,heavy_work,321.26666666666665,15,20251206,7,BLK_7C,11,베이35A 론지용접,7,2025-12-07 15:45:29,2025-12-07 16:14:46,29.3,35A,베이35A,raw,
b200_heavy_work_r1,GA,Large (141-200),200,heavy_work,321.26666666666665,15,20251206,7,BLK_7C,11,베이35A 수정,8,2025-12-07 16:14:46,2025-12-07 17:10:55,56.2,35A,베이35A,raw,
b200_heavy_work_r1,GA,Large (141-200),200,heavy_work,321.26666666666665,15,20251207,61,BLK_61P,1,판계,1,2025-12-07 08:00:00,2025-12-07 08:45:36,45.6,,공통,raw,
b200_heavy_work_r1,GA,Large (141-200),200,heavy_work,321.26666666666665,15,20251207,61,BLK_61P,1,전면SAW,2,2025-12-07 10:49:52,2025-12-07 12:47:03,117.2,,공통,raw,
b200_heavy_work_r1,GA,Large (141-200),200,heavy_work,321.26666666666665,15,20251207,61,BLK_61P,1,TurnOver,3,2025-12-07 12:47:03,2025-12-07 13:01:27,14.4,,공통,raw,
b200_heavy_work_r1,GA,Large (141-200),200,heavy_work,321.26666666666665,15,20251207,61,BLK_61P,1,후면SAW,4,2025-12-07 13:01:27,2025-12-07 14:33:37,92.2,,공통,raw,
b200_heavy_work_r1,GA,Large (141-200),200,heavy_work,321.26666666666665,15,20251207,61,BLK_61P,1,NC,5,2025-12-07 14:33:37,2025-12-07 15:29:44,56.1,,공통,raw,
b200_heavy_work_r1,GA,Large (141-200),200,heavy_work,321.26666666666665,15,20251207,61,BLK_61P,1,베이36B 론지취부,6,2025-12-07 15:29:44,2025-12-07 17:05:44,96.0,36B,베이36B,raw,
b200_heavy_work_r1,GA,Large (141-200),200,heavy_work,321.26666666666665,15,20251207,61,BLK_61P,1,베이36B 론지용접,7,2025-12-07 17:05:44,2025-12-07 17:35:44,30.0,36B,베이36B,raw,
b200_heavy_work_r1,GA,Large (141-200),200,heavy_work,321.26666666666665,15,20251207,61,BLK_61P,1,베이36B 수정,8,2025-12-07 17:35:44,2025-12-07 18:34:32,58.8,36B,베이36B,raw,
b200_heavy_work_r1,GA,Large (141-200),200,heavy_work,321.26666666666665,15,20251207,73,BLK_73C,2,판계,1,2025-12-07 08:45:36,2025-12-07 09:00:00,14.4,,공통,raw,
b200_heavy_work_r1,GA,Large (141-200),200,heavy_work,321.26666666666665,15,20251207,73,BLK_73C,2,전면SAW,2,2025-12-07 12:47:03,2025-12-07 13:38:31,51.5,,공통,raw,
b200_heavy_work_r1,GA,Large (141-200),200,heavy_work,321.26666666666665,15,20251207,73,BLK_73C,2,TurnOver,3,2025-12-07 13:38:31,2025-12-07 13:52:55,14.4,,공통,raw,
b200_heavy_work_r1,GA,Large (141-200),200,heavy_work,321.26666666666665,15,20251207,73,BLK_73C,2,후면SAW,4,2025-12-07 14:33:37,2025-12-07 15:15:59,42.4,,공통,raw,
b200_heavy_work_r1,GA,Large (141-200),200,heavy_work,321.26666666666665,15,20251207,73,BLK_73C,2,NC,5,2025-12-07 15:29:44,2025-12-07 15:55:32,25.8,,공통,raw,
b200_heavy_work_r1,GA,Large (141-200),200,heavy_work,321.26666666666665,15,20251207,73,BLK_73C,2,베이35A 론지취부,6,2025-12-07 15:55:32,2025-12-07 16:24:20,28.8,35A,베이35A,raw,
b200_heavy_work_r1,GA,Large (141-200),200,heavy_work,321.26666666666665,15,20251207,73,BLK_73C,2,베이35A 론지용접,7,2025-12-07 16:24:20,2025-12-07 16:38:01,13.7,35A,베이35A,raw,
b200_heavy_work_r1,GA,Large (141-200),200,heavy_work,321.26666666666665,15,20251207,73,BLK_73C,2,베이35A 수정,8,2025-12-07 17:10:55,2025-12-07 17:27:29,16.6,35A,베이35A,raw,
b200_heavy_work_r1,GA,Large (141-200),200,heavy_work,321.26666666666665,15,20251207,98,BLK_98P,3,판계,1,2025-12-07 09:00:00,2025-12-07 09:33:36,33.6,,공통,raw,
b200_heavy_work_r1,GA,Large (141-200),200,heavy_work,321.26666666666665,15,20251207,98,BLK_98P,3,전면SAW,2,2025-12-07 13:38:31,2025-12-07 16:17:08,158.6,,공통,raw,
b200_heavy_work_r1,GA,Large (141-200),200,heavy_work,321.26666666666665,15,20251207,98,BLK_98P,3,TurnOver,3,2025-12-07 16:17:08,2025-12-07 16:31:32,14.4,,공통,raw,
b200_heavy_work_r1,GA,Large (141-200),200,heavy_work,321.26666666666665,15,20251207,98,BLK_98P,3,후면SAW,4,2025-12-07 16:31:32,2025-12-07 18:41:27,129.9,,공통,raw,
b200_heavy_work_r1,GA,Large (141-200),200,heavy_work,321.26666666666665,15,20251207,98,BLK_98P,3,NC,5,2025-12-07 18:41:27,2025-12-07 19:21:32,40.1,,공통,raw,
b200_heavy_work_r1,GA,Large (141-200),200,heavy_work,321.26666666666665,15,20251207,98,BLK_98P,3,베이36B 론지취부,6,2025-12-07 19:21:32,2025-12-07 20:07:08,45.6,36B,베이36B,raw,
b200_heavy_work_r1,GA,Large (141-200),200,heavy_work,321.26666666666665,15,20251207,98,BLK_98P,3,베이36B 론지용접,7,2025-12-07 20:07:08,2025-12-07 20:28:30,21.4,36B,베이36B,raw,
b200_heavy_work_r1,GA,Large (141-200),200,heavy_work,321.26666666666665,15,20251207,98,BLK_98P,3,베이36B 수정,8,2025-12-07 20:28:30,2025-12-07 20:55:37,27.1,36B,베이36B,raw,
b200_heavy_work_r1,GA,Large (141-200),200,heavy_work,321.26666666666665,15,20251207,18,BLK_18C,4,판계,1,2025-12-07 09:33:36,2025-12-07 10:27:36,54.0,,공통,raw,
b200_heavy_work_r1,GA,Large (141-200),200,heavy_work,321.26666666666665,15,20251207,18,BLK_18C,4,전면SAW,2,2025-12-07 16:17:08,2025-12-07 17:01:18,44.2,,공통,raw,
b200_heavy_work_r1,GA,Large (141-200),200,heavy_work,321.26666666666665,15,20251207,18,BLK_18C,4,TurnOver,3,2025-12-07 17:01:18,2025-12-07 17:15:42,14.4,,공통,raw,
b200_heavy_work_r1,GA,Large (141-200),200,heavy_work,321.26666666666665,15,20251207,18,BLK_18C,4,후면SAW,4,2025-12-07 18:41:27,2025-12-07 19:14:13,32.8,,공통,raw,
b200_heavy_work_r1,GA,Large (141-200),200,heavy_work,321.26666666666665,15,20251207,18,BLK_18C,4,NC,5,2025-12-07 19:21:32,2025-12-07 20:23:18,61.8,,공통,raw,
b200_heavy_work_r1,GA,Large (141-200),200,heavy_work,321.26666666666665,15,20251207,18,BLK_18C,4,베이35A 론지취부,6,2025-12-07 20:23:18,2025-12-07 21:42:30,79.2,35A,베이35A,raw,
b200_heavy_work_r1,GA,Large (141-200),200,heavy_work,321.26666666666665,15,20251207,18,BLK_18C,4,베이35A 론지용접,7,2025-12-07 21:42:30,2025-12-07 22:09:37,27.1,35A,베이35A,raw,
b200_heavy_work_r1,GA,Large (141-200),200,heavy_work,321.26666666666665,15,20251207,18,BLK_18C,4,베이35A 수정,8,2025-12-07 22:09:37,2025-12-07 22:57:51,48.2,35A,베이35A,raw,
b200_heavy_work_r1,GA,Large (141-200),200,heavy_work,321.26666666666665,15,20251207,34,BLK_34S,5,판계,1,2025-12-07 10:27:36,2025-12-07 11:30:00,62.4,,공통,raw,
b200_heavy_work_r1,GA,Large (141-200),200,heavy_work,321.26666666666665,15,20251207,34,BLK_34S,5,전면SAW,2,2025-12-07 17:01:18,2025-12-07 19:06:56,125.6,,공통,raw,
b200_heavy_work_r1,GA,Large (141-200),200,heavy_work,321.26666666666665,15,20251207,34,BLK_34S,5,TurnOver,3,2025-12-07 19:06:56,2025-12-07 19:21:20,14.4,,공통,raw,
b200_heavy_work_r1,GA,Large (141-200),200,heavy_work,321.26666666666665,15,20251207,34,BLK_34S,5,후면SAW,4,2025-12-07 19:21:20,2025-12-07 21:26:14,124.9,,공통,raw,
b200_heavy_work_r1,GA,Large (141-200),200,heavy_work,321.26666666666665,15,20251207,34,BLK_34S,5,NC,5,2025-12-07 21:26:14,2025-12-07 22:50:51,84.6,,공통,raw,
b200_heavy_work_r1,GA,Large (141-200),200,heavy_work,321.26666666666665,15,20251207,34,BLK_34S,5,베이36B 론지취부,6,2025-12-07 22:50:51,2025-12-08 00:47:51,117.0,36B,베이36B,raw,
b200_heavy_work_r1,GA,Large (141-200),200,heavy_work,321.26666666666665,15,20251207,34,BLK_34S,5,베이36B 론지용접,7,2025-12-08 00:47:51,2025-12-08 01:21:27,33.6,36B,베이36B,raw,
b200_heavy_work_r1,GA,Large (141-200),200,heavy_work,321.26666666666665,15,20251207,34,BLK_34S,5,베이36B 수정,8,2025-12-08 01:21:27,2025-12-08 02:33:27,72.0,36B,베이36B,raw,
b200_heavy_work_r1,GA,Large (141-200),200,heavy_work,321.26666666666665,15,20251207,181,BLK_181S,6,판계,1,2025-12-07 11:30:00,2025-12-07 11:54:00,24.0,,공통,raw,
b200_heavy_work_r1,GA,Large (141-200),200,heavy_work,321.26666666666665,15,20251207,181,BLK_181S,6,전면SAW,2,2025-12-07 19:06:56,2025-12-07 19:56:28,49.5,,공통,raw,
b200_heavy_work_r1,GA,Large (141-200),200,heavy_work,321.26666666666665,15,20251207,181,BLK_181S,6,TurnOver,3,2025-12-07 19:56:28,2025-12-07 20:10:52,14.4,,공통,raw,
b200_heavy_work_r1,GA,Large (141-200),200,heavy_work,321.26666666666665,15,20251207,181,BLK_181S,6,후면SAW,4,2025-12-07 21:26:14,2025-12-07 22:06:04,39.8,,공통,raw,
b200_heavy_work_r1,GA,Large (141-200),200,heavy_work,321.26666666666665,15,20251207,181,BLK_181S,6,NC,5,2025-12-07 22:50:51,2025-12-07 23:31:23,40.5,,공통,raw,
b200_heavy_work_r1,GA,Large (141-200),200,heavy_work,321.26666666666665,15,20251207,181,BLK_181S,6,베이35A 론지취부,6,2025-12-07 23:31:23,2025-12-08 01:19:59,108.6,35A,베이35A,raw,
b200_heavy_work_r1,GA,Large (141-200),200,heavy_work,321.26666666666665,15,20251207,181,BLK_181S,6,베이35A 론지용접,7,2025-12-08 01:19:59,2025-12-08 01:52:09,32.2,35A,베이35A,raw,
b200_heavy_work_r1,GA,Large (141-200),200,heavy_work,321.26666666666665,15,20251207,181,BLK_181S,6,베이35A 수정,8,2025-12-08 01:52:09,2025-12-08 02:58:52,66.7,35A,베이35A,raw,
b200_heavy_work_r1,GA,Large (141-200),200,heavy_work,321.26666666666665,15,20251207,35,BLK_35P,7,판계,1,2025-12-07 11:54:00,2025-12-07 12:33:36,39.6,,공통,raw,
b200_heavy_work_r1,GA,Large (141-200),200,heavy_work,321.26666666666665,15,20251207,35,BLK_35P,7,전면SAW,2,2025-12-07 19:56:28,2025-12-07 21:53:24,116.9,,공통,raw,
b200_heavy_work_r1,GA,Large (141-200),200,heavy_work,321.26666666666665,15,20251207,35,BLK_35P,7,TurnOver,3,2025-12-07 21:53:24,2025-12-07 22:07:48,14.4,,공통,raw,
b200_heavy_work_r1,GA,Large (141-200),200,heavy_work,321.26666666666665,15,20251207,35,BLK_35P,7,후면SAW,4,2025-12-07 22:07:48,2025-12-08 00:02:34,114.8,,공통,raw,
b200_heavy_work_r1,GA,Large (141-200),200,heavy_work,321.26666666666665,15,20251207,35,BLK_35P,7,NC,5,2025-12-08 00:02:34,2025-12-08 00:52:54,50.3,,공통,raw,
b200_heavy_work_r1,GA,Large (141-200),200,heavy_work,321.26666666666665,15,20251207,35,BLK_35P,7,베이36B 론지취부,6,2025-12-08 00:52:54,2025-12-08 02:07:54,75.0,36B,베이36B,raw,
b200_heavy_work_r1,GA,Large (141-200),200,heavy_work,321.26666666666665,15,20251207,35,BLK_35P,7,베이36B 론지용접,7,2025-12-08 02:07:54,2025-12-08 02:34:18,26.4,36B,베이36B,raw,
b200_heavy_work_r1,GA,Large (141-200),200,heavy_work,321.26666666666665,15,20251207,35,BLK_35P,7,베이36B 수정,8,2025-12-08 02:34:18,2025-12-08 03:19:54,45.6,36B,베이36B,raw,
b200_heavy_work_r1,GA,Large (141-200),200,heavy_work,321.26666666666665,15,20251207,192,BLK_133S,8,판계,1,2025-12-07 12:33:36,2025-12-07 13:03:36,30.0,,공통,raw,
b200_heavy_work_r1,GA,Large (141-200),200,heavy_work,321.26666666666665,15,20251207,192,BLK_133S,8,전면SAW,2,2025-12-07 21:53:24,2025-12-07 22:28:40,35.3,,공통,raw,
b200_heavy_work_r1,GA,Large (141-200),200,heavy_work,321.26666666666665,15,20251207,192,BLK_133S,8,TurnOver,3,2025-12-07 22:28:40,2025-12-07 22:43:04,14.4,,공통,raw,
b200_heavy_work_r1,GA,Large (141-200),200,heavy_work,321.26666666666665,15,20251207,192,BLK_133S,8,후면SAW,4,2025-12-08 00:02:34,2025-12-08 00:23:36,21.0,,공통,raw,
b200_heavy_work_r1,GA,Large (141-200),200,heavy_work,321.26666666666665,15,20251207,192,BLK_133S,8,NC,5,2025-12-08 00:52:54,2025-12-08 01:34:36,41.7,,공통,raw,
b200_heavy_work_r1,GA,Large (141-200),200,heavy_work,321.26666666666665,15,20251207,192,BLK_133S,8,베이35A 론지취부,6,2025-12-08 01:34:36,2025-12-08 03:02:12,87.6,35A,베이35A,raw,
b200_heavy_work_r1,GA,Large (141-200),200,heavy_work,321.26666666666665,15,20251207,192,BLK_133S,8,베이35A 론지용접,7,2025-12-08 03:02:12,2025-12-08 03:30:46,28.6,35A,베이35A,raw,
b200_heavy_work_r1,GA,Large (141-200),200,heavy_work,321.26666666666665,15,20251207,192,BLK_133S,8,베이35A 수정,8,2025-12-08 03:30:46,2025-12-08 04:24:17,53.5,35A,베이35A,raw,
b200_heavy_work_r1,GA,Large (141-200),200,heavy_work,321.26666666666665,15,20251207,50,BLK_50S,9,판계,1,2025-12-07 13:03:36,2025-12-07 13:27:36,24.0,,공통,raw,
b200_heavy_work_r1,GA,Large (141-200),200,heavy_work,321.26666666666665,15,20251207,50,BLK_50S,9,전면SAW,2,2025-12-07 22:28:40,2025-12-08 00:46:03,137.4,,공통,raw,
b200_heavy_work_r1,GA,Large (141-200),200,heavy_work,321.26666666666665,15,20251207,50,BLK_50S,9,TurnOver,3,2025-12-08 00:46:03,2025-12-08 01:00:27,14.4,,공통,raw,
b200_heavy_work_r1,GA,Large (141-200),200,heavy_work,321.26666666666665,15,20251207,50,BLK_50S,9,후면SAW,4,2025-12-08 01:00:27,2025-12-08 02:51:01,110.6,,공통,raw,
b200_heavy_work_r1,GA,Large (141-200),200,heavy_work,321.26666666666665,15,20251207,50,BLK_50S,9,NC,5,2025-12-08 02:51:01,2025-12-08 03:22:50,31.8,,공통,raw,
b200_heavy_work_r1,GA,Large (141-200),200,heavy_work,321.26666666666665,15,20251207,50,BLK_50S,9,베이36B 론지취부,6,2025-12-08 03:22:50,2025-12-08 04:08:26,45.6,36B,베이36B,raw,
b200_heavy_work_r1,GA,Large (141-200),200,heavy_work,321.26666666666665,15,20251207,50,BLK_50S,9,베이36B 론지용접,7,2025-12-08 04:08:26,2025-12-08 04:29:48,21.4,36B,베이36B,raw,
b200_heavy_work_r1,GA,Large (141-200),200,heavy_work,321.26666666666665,15,20251207,50,BLK_50S,9,베이36B 수정,8,2025-12-08 04:29:48,2025-12-08 04:56:55,27.1,36B,베이36B,raw,
b200_heavy_work_r1,GA,Large (141-200),200,heavy_work,321.26666666666665,15,20251207,141,BLK_141P,10,판계,1,2025-12-07 13:27:36,2025-12-07 14:03:36,36.0,,공통,raw,
b200_heavy_work_r1,GA,Large (141-200),200,heavy_work,321.26666666666665,15,20251207,141,BLK_141P,10,전면SAW,2,2025-12-08 00:46:03,2025-12-08 01:25:59,39.9,,공통,raw,
b200_heavy_work_r1,GA,Large (141-200),200,heavy_work,321.26666666666665,15,20251207,141,BLK_141P,10,TurnOver,3,2025-12-08 01:25:59,2025-12-08 01:40:23,14.4,,공통,raw,
b200_heavy_work_r1,GA,Large (141-200),200,heavy_work,321.26666666666665,15,20251207,141,BLK_141P,10,후면SAW,4,2025-12-08 02:51:01,2025-12-08 03:18:13,27.2,,공통,raw,
b200_heavy_work_r1,GA,Large (141-200),200,heavy_work,321.26666666666665,15,20251207,141,BLK_141P,10,NC,5,2025-12-08 03:22:50,2025-12-08 04:14:23,51.5,,공통,raw,
b200_heavy_work_r1,GA,Large (141-200),200,heavy_work,321.26666666666665,15,20251207,141,BLK_141P,10,베이35A 론지취부,6,2025-12-08 04:14:23,2025-12-08 05:46:11,91.8,35A,베이35A,raw,
b200_heavy_work_r1,GA,Large (141-200),200,heavy_work,321.26666666666665,15,20251207,141,BLK_141P,10,베이35A 론지용접,7,2025-12-08 05:46:11,2025-12-08 06:15:28,29.3,35A,베이35A,raw,
b200_heavy_work_r1,GA,Large (141-200),200,heavy_work,321.26666666666665,15,20251207,141,BLK_141P,10,베이35A 수정,8,2025-12-08 06:15:28,2025-12-08 07:11:37,56.2,35A,베이35A,raw,
b200_heavy_work_r1,GA,Large (141-200),200,heavy_work,321.26666666666665,15,20251207,69,BLK_69C,11,판계,1,2025-12-07 14:03:36,2025-12-07 14:39:36,36.0,,공통,raw,
b200_heavy_work_r1,GA,Large (141-200),200,heavy_work,321.26666666666665,15,20251207,69,BLK_69C,11,전면SAW,2,2025-12-08 01:25:59,2025-12-08 03:06:27,100.5,,공통,raw,
b200_heavy_work_r1,GA,Large (141-200),200,heavy_work,321.26666666666665,15,20251207,69,BLK_69C,11,TurnOver,3,2025-12-08 03:06:27,2025-12-08 03:20:51,14.4,,공통,raw,
b200_heavy_work_r1,GA,Large (141-200),200,heavy_work,321.26666666666665,15,20251207,69,BLK_69C,11,후면SAW,4,2025-12-08 03:20:51,2025-12-08 04:37:45,76.9,,공통,raw,
b200_heavy_work_r1,GA,Large (141-200),200,heavy_work,321.26666666666665,15,20251207,69,BLK_69C,11,NC,5,2025-12-08 04:37:45,2025-12-08 05:39:43,62.0,,공통,raw,
b200_heavy_work_r1,GA,Large (141-200),200,heavy_work,321.26666666666665,15,20251207,69,BLK_69C,11,베이36B 론지취부,6,2025-12-08 05:39:43,2025-12-08 07:03:07,83.4,36B,베이36B,raw,
b200_heavy_work_r1,GA,Large (141-200),200,heavy_work,321.26666666666665,15,20251207,69,BLK_69C,11,베이36B 론지용접,7,2025-12-08 07:03:07,2025-12-08 07:30:57,27.8,36B,베이36B,raw,
b200_heavy_work_r1,GA,Large (141-200),200,heavy_work,321.26666666666665,15,20251207,69,BLK_69C,11,베이36B 수정,8,2025-12-08 07:30:57,2025-12-08 08:21:50,50.9,36B,베이36B,raw,
b200_heavy_work_r1,GA,Large (141-200),200,heavy_work,321.26666666666665,15,20251208,44,BLK_44C,1,판계,1,2025-12-08 08:00:00,2025-12-08 08:30:00,30.0,,공통,raw,
b200_heavy_work_r1,GA,Large (141-200),200,heavy_work,321.26666666666665,15,20251208,44,BLK_44C,1,전면SAW,2,2025-12-08 08:30:00,2025-12-08 09:20:52,50.9,,공통,raw,
b200_heavy_work_r1,GA,Large (141-200),200,heavy_work,321.26666666666665,15,20251208,44,BLK_44C,1,TurnOver,3,2025-12-08 09:20:52,2025-12-08 09:35:16,14.4,,공통,raw,
b200_heavy_work_r1,GA,Large (141-200),200,heavy_work,321.26666666666665,15,20251208,44,BLK_44C,1,후면SAW,4,2025-12-08 09:35:16,2025-12-08 10:16:53,41.6,,공통,raw,
b200_heavy_work_r1,GA,Large (141-200),200,heavy_work,321.26666666666665,15,20251208,44,BLK_44C,1,NC,5,2025-12-08 10:16:53,2025-12-08 10:56:03,39.2,,공통,raw,
b200_heavy_work_r1,GA,Large (141-200),200,heavy_work,321.26666666666665,15,20251208,44,BLK_44C,1,베이35A 론지취부,6,2025-12-08 10:56:03,2025-12-08 12:06:51,70.8,35A,베이35A,raw,
b200_heavy_work_r1,GA,Large (141-200),200,heavy_work,321.26666666666665,15,20251208,44,BLK_44C,1,베이35A 론지용접,7,2025-12-08 12:06:51,2025-12-08 12:32:32,25.7,35A,베이35A,raw,
b200_heavy_work_r1,GA,Large (141-200),200,heavy_work,321.26666666666665,15,20251208,44,BLK_44C,1,베이35A 수정,8,2025-12-08 12:32:32,2025-12-08 13:15:30,43.0,35A,베이35A,raw,
b200_heavy_work_r1,GA,Large (141-200),200,heavy_work,321.26666666666665,15,20251208,83,BLK_83C,2,판계,1,2025-12-08 08:30:00,2025-12-08 09:09:36,39.6,,공통,raw,
b200_heavy_work_r1,GA,Large (141-200),200,heavy_work,321.26666666666665,15,20251208,83,BLK_83C,2,전면SAW,2,2025-12-08 09:20:52,2025-12-08 11:14:14,113.4,,공통,raw,
b200_heavy_work_r1,GA,Large (141-200),200,heavy_work,321.26666666666665,15,20251208,83,BLK_83C,2,TurnOver,3,2025-12-08 11:14:14,2025-12-08 11:28:38,14.4,,공통,raw,
b200_heavy_work_r1,GA,Large (141-200),200,heavy_work,321.26666666666665,15,20251208,83,BLK_83C,2,후면SAW,4,2025-12-08 11:28:38,2025-12-08 12:57:18,88.7,,공통,raw,
b200_heavy_work_r1,GA,Large (141-200),200,heavy_work,321.26666666666665,15,20251208,83,BLK_83C,2,NC,5,2025-12-08 12:57:18,2025-12-08 13:45:51,48.5,,공통,raw,
b200_heavy_work_r1,GA,Large (141-200),200,heavy_work,321.26666666666665,15,20251208,83,BLK_83C,2,베이36B 론지취부,6,2025-12-08 13:45:51,2025-12-08 15:09:15,83.4,36B,베이36B,raw,
b200_heavy_work_r1,GA,Large (141-200),200,heavy_work,321.26666666666665,15,20251208,83,BLK_83C,2,베이36B 론지용접,7,2025-12-08 15:09:15,2025-12-08 15:37:05,27.8,36B,베이36B,raw,
b200_heavy_work_r1,GA,Large (141-200),200,heavy_work,321.26666666666665,15,20251208,83,BLK_83C,2,베이36B 수정,8,2025-12-08 15:37:05,2025-12-08 16:27:58,50.9,36B,베이36B,raw,
b200_heavy_work_r1,GA,Large (141-200),200,heavy_work,321.26666666666665,15,20251208,162,BLK_162C,3,판계,1,2025-12-08 09:09:36,2025-12-08 09:45:36,36.0,,공통,raw,
b200_heavy_work_r1,GA,Large (141-200),200,heavy_work,321.26666666666665,15,20251208,162,BLK_162C,3,전면SAW,2,2025-12-08 11:14:14,2025-12-08 13:29:39,135.4,,공통,raw,
b200_heavy_work_r1,GA,Large (141-200),200,heavy_work,321.26666666666665,15,20251208,162,BLK_162C,3,TurnOver,3,2025-12-08 13:29:39,2025-12-08 13:44:03,14.4,,공통,raw,
b200_heavy_work_r1,GA,Large (141-200),200,heavy_work,321.26666666666665,15,20251208,162,BLK_162C,3,후면SAW,4,2025-12-08 13:44:03,2025-12-08 15:32:50,108.8,,공통,raw,
b200_heavy_work_r1,GA,Large (141-200),200,heavy_work,321.26666666666665,15,20251208,162,BLK_162C,3,NC,5,2025-12-08 15:32:50,2025-12-08 16:38:42,65.9,,공통,raw,
b200_heavy_work_r1,GA,Large (141-200),200,heavy_work,321.26666666666665,15,20251208,162,BLK_162C,3,베이35A 론지취부,6,2025-12-08 16:38:42,2025-12-08 18:31:30,112.8,35A,베이35A,raw,
b200_heavy_work_r1,GA,Large (141-200),200,heavy_work,321.26666666666665,15,20251208,162,BLK_162C,3,베이35A 론지용접,7,2025-12-08 18:31:30,2025-12-08 19:04:22,32.9,35A,베이35A,raw,
b200_heavy_work_r1,GA,Large (141-200),200,heavy_work,321.26666666666665,15,20251208,162,BLK_162C,3,베이35A 수정,8,2025-12-08 19:04:22,2025-12-08 20:13:44,69.4,35A,베이35A,raw,
b200_heavy_work_r1,GA,Large (141-200),200,heavy_work,321.26666666666665,15,20251208,84,BLK_84C,4,판계,1,2025-12-08 09:45:36,2025-12-08 10:15:36,30.0,,공통,raw,
b200_heavy_work_r1,GA,Large (141-200),200,heavy_work,321.26666666666665,15,20251208,84,BLK_84C,4,전면SAW,2,2025-12-08 13:29:39,2025-12-08 14:21:04,51.4,,공통,raw,
b200_heavy_work_r1,GA,Large (141-200),200,heavy_work,321.26666666666665,15,20251208,84,BLK_84C,4,TurnOver,3,2025-12-08 14:21:04,2025-12-08 14:35:28,14.4,,공통,raw,
b200_heavy_work_r1,GA,Large (141-200),200,heavy_work,321.26666666666665,15,20251208,84,BLK_84C,4,후면SAW,4,2025-12-08 15:32:50,2025-12-08 16:15:08,42.3,,공통,raw,
b200_heavy_work_r1,GA,Large (141-200),200,heavy_work,321.26666666666665,15,20251208,84,BLK_84C,4,NC,5,2025-12-08 16:38:42,2025-12-08 17:15:49,37.1,,공통,raw,
b200_heavy_work_r1,GA,Large (141-200),200,heavy_work,321.26666666666665,15,20251208,84,BLK_84C,4,베이36B 론지취부,6,2025-12-08 17:15:49,2025-12-08 18:09:49,54.0,36B,베이36B,raw,
b200_heavy_work_r1,GA,Large (141-200),200,heavy_work,321.26666666666665,15,20251208,84,BLK_84C,4,베이36B 론지용접,7,2025-12-08 18:09:49,2025-12-08 18:27:49,18.0,36B,베이36B,raw,
b200_heavy_work_r1,GA,Large (141-200),200,heavy_work,321.26666666666665,15,20251208,84,BLK_84C,4,베이36B 수정,8,2025-12-08 18:27:49,2025-12-08 19:00:13,32.4,36B,베이36B,raw,
b200_heavy_work_r1,GA,Large (141-200),200,heavy_work,321.26666666666665,15,20251208,85,BLK_85C,5,판계,1,2025-12-08 10:15:36,2025-12-08 10:51:36,36.0,,공통,raw,
b200_heavy_work_r1,GA,Large (141-200),200,heavy_work,321.26666666666665,15,20251208,85,BLK_85C,5,전면SAW,2,2025-12-08 14:21:04,2025-12-08 14:59:24,38.3,,공통,raw,
b200_heavy_work_r1,GA,Large (141-200),200,heavy_work,321.26666666666665,15,20251208,85,BLK_85C,5,TurnOver,3,2025-12-08 14:59:24,2025-12-08 15:13:48,14.4,,공통,raw,
b200_heavy_work_r1,GA,Large (141-200),200,heavy_work,321.26666666666665,15,20251208,85,BLK_85C,5,후면SAW,4,2025-12-08 16:15:08,2025-12-08 16:40:13,25.1,,공통,raw,
b200_heavy_work_r1,GA,Large (141-200),200,heavy_work,321.26666666666665,15,20251208,85,BLK_85C,5,NC,5,2025-12-08 17:15:49,2025-12-08 18:12:06,56.3,,공통,raw,
b200_heavy_work_r1,GA,Large (141-200),200,heavy_work,321.26666666666665,15,20251208,85,BLK_85C,5,베이35A 론지취부,6,2025-12-08 18:31:30,2025-12-08 19:46:30,75.0,35A,베이35A,raw,
b200_heavy_work_r1,GA,Large (141-200),200,heavy_work,321.26666666666665,15,20251208,85,BLK_85C,5,베이35A 론지용접,7,2025-12-08 19:46:30,2025-12-08 20:12:54,26.4,35A,베이35A,raw,
b200_heavy_work_r1,GA,Large (141-200),200,heavy_work,321.26666666666665,15,20251208,85,BLK_85C,5,베이35A 수정,8,2025-12-08 20:13:44,2025-12-08 20:59:20,45.6,35A,베이35A,raw,
b200_heavy_work_r1,GA,Large (141-200),200,heavy_work,321.26666666666665,15,20251208,26,BLK_26P,6,판계,1,2025-12-08 10:51:36,2025-12-08 11:27:36,36.0,,공통,raw,
b200_heavy_work_r1,GA,Large (141-200),200,heavy_work,321.26666666666665,15,20251208,26,BLK_26P,6,전면SAW,2,2025-12-08 14:59:24,2025-12-08 15:34:22,35.0,,공통,raw,
b200_heavy_work_r1,GA,Large (141-200),200,heavy_work,321.26666666666665,15,20251208,26,BLK_26P,6,TurnOver,3,2025-12-08 15:34:22,2025-12-08 15:48:46,14.4,,공통,raw,
b200_heavy_work_r1,GA,Large (141-200),200,heavy_work,321.26666666666665,15,20251208,26,BLK_26P,6,후면SAW,4,2025-12-08 16:40:13,2025-12-08 17:00:52,20.7,,공통,raw,
b200_heavy_work_r1,GA,Large (141-200),200,heavy_work,321.26666666666665,15,20251208,26,BLK_26P,6,NC,5,2025-12-08 18:12:06,2025-12-08 19:00:01,47.9,,공통,raw,
b200_heavy_work_r1,GA,Large (141-200),200,heavy_work,321.26666666666665,15,20251208,26,BLK_26P,6,베이36B 론지취부,6,2025-12-08 19:00:01,2025-12-08 19:54:01,54.0,36B,베이36B,raw,
b200_heavy_work_r1,GA,Large (141-200),200,heavy_work,321.26666666666665,15,20251208,26,BLK_26P,6,베이36B 론지용접,7,2025-12-08 19:54:01,2025-12-08 20:16:49,22.8,36B,베이36B,raw,
b200_heavy_work_r1,GA,Large (141-200),200,heavy_work,321.26666666666665,15,20251208,26,BLK_26P,6,베이36B 수정,8,2025-12-08 20:16:49,2025-12-08 20:49:13,32.4,36B,베이36B,raw,
b200_heavy_work_r1,GA,Large (141-200),200,heavy_work,321.26666666666665,15,20251208,88,BLK_88C,7,판계,1,2025-12-08 11:27:36,2025-12-08 12:01:12,33.6,,공통,raw,
b200_heavy_work_r1,GA,Large (141-200),200,heavy_work,321.26666666666665,15,20251208,88,BLK_88C,7,전면SAW,2,2025-12-08 15:34:22,2025-12-08 17:49:54,135.5,,공통,raw,
b200_heavy_work_r1,GA,Large (141-200),200,heavy_work,321.26666666666665,15,20251208,88,BLK_88C,7,TurnOver,3,2025-12-08 17:49:54,2025-12-08 18:04:18,14.4,,공통,raw,
b200_heavy_work_r1,GA,Large (141-200),200,heavy_work,321.26666666666665,15,20251208,88,BLK_88C,7,후면SAW,4,2025-12-08 18:04:18,2025-12-08 19:53:11,108.9,,공통,raw,
b200_heavy_work_r1,GA,Large (141-200),200,heavy_work,321.26666666666665,15,20251208,88,BLK_88C,7,NC,5,2025-12-08 19:53:11,2025-12-08 20:32:56,39.7,,공통,raw,
b200_heavy_work_r1,GA,Large (141-200),200,heavy_work,321.26666666666665,15,20251208,88,BLK_88C,7,베이35A 론지취부,6,2025-12-08 20:32:56,2025-12-08 21:35:20,62.4,35A,베이35A,raw,
b200_heavy_work_r1,GA,Large (141-200),200,heavy_work,321.26666666666665,15,20251208,88,BLK_88C,7,베이35A 론지용접,7,2025-12-08 21:35:20,2025-12-08 21:59:34,24.2,35A,베이35A,raw,
b200_heavy_work_r1,GA,Large (141-200),200,heavy_work,321.26666666666665,15,20251208,88,BLK_88C,7,베이35A 수정,8,2025-12-08 21:59:34,2025-12-08 22:37:15,37.7,35A,베이35A,raw,
b200_heavy_work_r1,GA,Large (141-200),200,heavy_work,321.26666666666665,15,20251208,177,BLK_177S,8,판계,1,2025-12-08 12:01:12,2025-12-08 12:25:12,24.0,,공통,raw,
b200_heavy_work_r1,GA,Large (141-200),200,heavy_work,321.26666666666665,15,20251208,177,BLK_177S,8,전면SAW,2,2025-12-08 17:49:54,2025-12-08 18:31:19,41.4,,공통,raw,
b200_heavy_work_r1,GA,Large (141-200),200,heavy_work,321.26666666666665,15,20251208,177,BLK_177S,8,TurnOver,3,2025-12-08 18:31:19,2025-12-08 18:45:43,14.4,,공통,raw,
b200_heavy_work_r1,GA,Large (141-200),200,heavy_work,321.26666666666665,15,20251208,177,BLK_177S,8,후면SAW,4,2025-12-08 19:53:11,2025-12-08 20:22:21,29.2,,공통,raw,
b200_heavy_work_r1,GA,Large (141-200),200,heavy_work,321.26666666666665,15,20251208,177,BLK_177S,8,NC,5,2025-12-08 20:32:56,2025-12-08 21:04:30,31.6,,공통,raw,
b200_heavy_work_r1,GA,Large (141-200),200,heavy_work,321.26666666666665,15,20251208,177,BLK_177S,8,베이36B 론지취부,6,2025-12-08 21:04:30,2025-12-08 22:11:06,66.6,36B,베이36B,raw,
b200_heavy_work_r1,GA,Large (141-200),200,heavy_work,321.26666666666665,15,20251208,177,BLK_177S,8,베이36B 론지용접,7,2025-12-08 22:11:06,2025-12-08 22:36:03,25.0,36B,베이36B,raw,
b200_heavy_work_r1,GA,Large (141-200),200,heavy_work,321.26666666666665,15,20251208,177,BLK_177S,8,베이36B 수정,8,2025-12-08 22:36:03,2025-12-08 23:16:22,40.3,36B,베이36B,raw,
b200_heavy_work_r1,GA,Large (141-200),200,heavy_work,321.26666666666665,15,20251208,94,BLK_94S,9,판계,1,2025-12-08 12:25:12,2025-12-08 13:01:12,36.0,,공통,raw,
b200_heavy_work_r1,GA,Large (141-200),200,heavy_work,321.26666666666665,15,20251208,94,BLK_94S,9,전면SAW,2,2025-12-08 18:31:19,2025-12-08 19:20:33,49.2,,공통,raw,
b200_heavy_work_r1,GA,Large (141-200),200,heavy_work,321.26666666666665,15,20251208,94,BLK_94S,9,TurnOver,3,2025-12-08 19:20:33,2025-12-08 19:34:57,14.4,,공통,raw,
b200_heavy_work_r1,GA,Large (141-200),200,heavy_work,321.26666666666665,15,20251208,94,BLK_94S,9,후면SAW,4,2025-12-08 20:22:21,2025-12-08 21:01:46,39.4,,공통,raw,
b200_heavy_work_r1,GA,Large (141-200),200,heavy_work,321.26666666666665,15,20251208,94,BLK_94S,9,NC,5,2025-12-08 21:04:30,2025-12-08 22:02:34,58.1,,공통,raw,
b200_heavy_work_r1,GA,Large (141-200),200,heavy_work,321.26666666666665,15,20251208,94,BLK_94S,9,베이35A 론지취부,6,2025-12-08 22:02:34,2025-12-08 23:51:10,108.6,35A,베이35A,raw,
b200_heavy_work_r1,GA,Large (141-200),200,heavy_work,321.26666666666665,15,20251208,94,BLK_94S,9,베이35A 론지용접,7,2025-12-08 23:51:10,2025-12-09 00:23:20,32.2,35A,베이35A,raw,
b200_heavy_work_r1,GA,Large (141-200),200,heavy_work,321.26666666666665,15,20251208,94,BLK_94S,9,베이35A 수정,8,2025-12-09 00:23:20,2025-12-09 01:30:03,66.7,35A,베이35A,raw,
b200_heavy_work_r1,GA,Large (141-200),200,heavy_work,321.26666666666665,15,20251208,96,BLK_96C,10,판계,1,2025-12-08 13:01:12,2025-12-08 13:49:12,48.0,,공통,raw,
b200_heavy_work_r1,GA,Large (141-200),200,heavy_work,321.26666666666665,15,20251208,96,BLK_96C,10,전면SAW,2,2025-12-08 19:20:33,2025-12-08 22:32:24,191.9,,공통,raw,
b200_heavy_work_r1,GA,Large (141-200),200,heavy_work,321.26666666666665,15,20251208,96,BLK_96C,10,TurnOver,3,2025-12-08 22:32:24,2025-12-08 22:46:48,14.4,,공통,raw,
b200_heavy_work_r1,GA,Large (141-200),200,heavy_work,321.26666666666665,15,20251208,96,BLK_96C,10,후면SAW,4,2025-12-08 22:46:48,2025-12-09 01:08:26,141.6,,공통,raw,
b200_heavy_work_r1,GA,Large (141-200),200,heavy_work,321.26666666666665,15,20251208,96,BLK_96C,10,NC,5,2025-12-09 01:08:26,2025-12-09 02:04:37,56.2,,공통,raw,
b200_heavy_work_r1,GA,Large (141-200),200,heavy_work,321.26666666666665,15,20251208,96,BLK_96C,10,베이36B 론지취부,6,2025-12-09 02:04:37,2025-12-09 03:28:01,83.4,36B,베이36B,raw,
b200_heavy_work_r1,GA,Large (141-200),200,heavy_work,321.26666666666665,15,20251208,96,BLK_96C,10,베이36B 론지용접,7,2025-12-09 03:28:01,2025-12-09 03:55:52,27.8,36B,베이36B,raw,
b200_heavy_work_r1,GA,Large (141-200),200,heavy_work,321.26666666666665,15,20251208,96,BLK_96C,10,베이36B 수정,8,2025-12-09 03:55:52,2025-12-09 04:46:45,50.9,36B,베이36B,raw,
b200_heavy_work_r1,GA,Large (141-200),200,heavy_work,321.26666666666665,15,20251208,11,BLK_11P,11,판계,1,2025-12-08 13:49:12,2025-12-08 14:19:12,30.0,,공통,raw,
b200_heavy_work_r1,GA,Large (141-200),200,heavy_work,321.26666666666665,15,20251208,11,BLK_11P,11,전면SAW,2,2025-12-08 22:32:24,2025-12-08 23:16:53,44.5,,공통,raw,
b200_heavy_work_r1,GA,Large (141-200),200,heavy_work,321.26666666666665,15,20251208,11,BLK_11P,11,TurnOver,3,2025-12-08 23:16:53,2025-12-08 23:31:17,14.4,,공통,raw,
b200_heavy_work_r1,GA,Large (141-200),200,heavy_work,321.26666666666665,15,20251208,11,BLK_11P,11,후면SAW,4,2025-12-09 01:08:26,2025-12-09 01:41:38,33.2,,공통,raw,
b200_heavy_work_r1,GA,Large (141-200),200,heavy_work,321.26666666666665,15,20251208,11,BLK_11P,11,NC,5,2025-12-09 02:04:37,2025-12-09 02:49:27,44.8,,공통,raw,
b200_heavy_work_r1,GA,Large (141-200),200,heavy_work,321.26666666666665,15,20251208,11,BLK_11P,11,베이35A 론지취부,6,2025-12-09 02:49:27,2025-12-09 04:21:15,91.8,35A,베이35A,raw,
b200_heavy_work_r1,GA,Large (141-200),200,heavy_work,321.26666666666665,15,20251208,11,BLK_11P,11,베이35A 론지용접,7,2025-12-09 04:21:15,2025-12-09 04:50:32,29.3,35A,베이35A,raw,
b200_heavy_work_r1,GA,Large (141-200),200,heavy_work,321.26666666666665,15,20251208,11,BLK_11P,11,베이35A 수정,8,2025-12-09 04:50:32,2025-12-09 05:46:42,56.2,35A,베이35A,raw,
b200_heavy_work_r1,GA,Large (141-200),200,heavy_work,321.26666666666665,15,20251208,103,BLK_103P,12,판계,1,2025-12-08 14:19:12,2025-12-08 14:52:48,33.6,,공통,raw,
b200_heavy_work_r1,GA,Large (141-200),200,heavy_work,321.26666666666665,15,20251208,103,BLK_103P,12,전면SAW,2,2025-12-08 23:16:53,2025-12-09 00:57:47,100.9,,공통,raw,
b200_heavy_work_r1,GA,Large (141-200),200,heavy_work,321.26666666666665,15,20251208,103,BLK_103P,12,TurnOver,3,2025-12-09 00:57:47,2025-12-09 01:12:11,14.4,,공통,raw,
b200_heavy_work_r1,GA,Large (141-200),200,heavy_work,321.26666666666665,15,20251208,103,BLK_103P,12,후면SAW,4,2025-12-09 01:41:38,2025-12-09 02:58:56,77.3,,공통,raw,
b200_heavy_work_r1,GA,Large (141-200),200,heavy_work,321.26666666666665,15,20251208,103,BLK_103P,12,NC,5,2025-12-09 02:58:56,2025-12-09 03:36:53,37.9,,공통,raw,
b200_heavy_work_r1,GA,Large (141-200),200,heavy_work,321.26666666666665,15,20251208,103,BLK_103P,12,베이36B 론지취부,6,2025-12-09 03:36:53,2025-12-09 04:22:29,45.6,36B,베이36B,raw,
b200_heavy_work_r1,GA,Large (141-200),200,heavy_work,321.26666666666665,15,20251208,103,BLK_103P,12,베이36B 론지용접,7,2025-12-09 04:22:29,2025-12-09 04:43:50,21.4,36B,베이36B,raw,
b200_heavy_work_r1,GA,Large (141-200),200,heavy_work,321.26666666666665,15,20251208,103,BLK_103P,12,베이36B 수정,8,2025-12-09 04:46:45,2025-12-09 05:13:52,27.1,36B,베이36B,raw,
b200_heavy_work_r1,GA,Large (141-200),200,heavy_work,321.26666666666665,15,20251208,105,BLK_105P,13,판계,1,2025-12-08 14:52:48,2025-12-08 15:07:12,14.4,,공통,raw,
b200_heavy_work_r1,GA,Large (141-200),200,heavy_work,321.26666666666665,15,20251208,105,BLK_105P,13,전면SAW,2,2025-12-09 00:57:47,2025-12-09 01:40:05,42.3,,공통,raw,
b200_heavy_work_r1,GA,Large (141-200),200,heavy_work,321.26666666666665,15,20251208,105,BLK_105P,13,TurnOver,3,2025-12-09 01:40:05,2025-12-09 01:54:29,14.4,,공통,raw,
b200_heavy_work_r1,GA,Large (141-200),200,heavy_work,321.26666666666665,15,20251208,105,BLK_105P,13,후면SAW,4,2025-12-09 02:58:56,2025-12-09 03:29:15,30.3,,공통,raw,
b200_heavy_work_r1,GA,Large (141-200),200,heavy_work,321.26666666666665,15,20251208,105,BLK_105P,13,NC,5,2025-12-09 03:36:53,2025-12-09 04:01:16,24.4,,공통,raw,
b200_heavy_work_r1,GA,Large (141-200),200,heavy_work,321.26666666666665,15,20251208,105,BLK_105P,13,베이35A 론지취부,6,2025-12-09 04:21:15,2025-12-09 05:06:51,45.6,35A,베이35A,raw,
b200_heavy_work_r1,GA,Large (141-200),200,heavy_work,321.26666666666665,15,20251208,105,BLK_105P,13,베이35A 론지용접,7,2025-12-09 05:06:51,2025-12-09 05:23:25,16.6,35A,베이35A,raw,
b200_heavy_work_r1,GA,Large (141-200),200,heavy_work,321.26666666666665,15,20251208,105,BLK_105P,13,베이35A 수정,8,2025-12-09 05:46:42,2025-12-09 06:13:49,27.1,35A,베이35A,raw,
b200_heavy_work_r1,GA,Large (141-200),200,heavy_work,321.26666666666665,15,20251208,106,BLK_106P,14,판계,1,2025-12-08 15:07:12,2025-12-08 15:43:12,36.0,,공통,raw,
b200_heavy_work_r1,GA,Large (141-200),200,heavy_work,321.26666666666665,15,20251208,106,BLK_106P,14,전면SAW,2,2025-12-09 01:40:05,2025-12-09 02:17:05,37.0,,공통,raw,
b200_heavy_work_r1,GA,Large (141-200),200,heavy_work,321.26666666666665,15,20251208,106,BLK_106P,14,TurnOver,3,2025-12-09 02:17:05,2025-12-09 02:31:29,14.4,,공통,raw,
b200_heavy_work_r1,GA,Large (141-200),200,heavy_work,321.26666666666665,15,20251208,106,BLK_106P,14,후면SAW,4,2025-12-09 03:29:15,2025-12-09 03:52:35,23.3,,공통,raw,
b200_heavy_work_r1,GA,Large (141-200),200,heavy_work,321.26666666666665,15,20251208,106,BLK_106P,14,NC,5,2025-12-09 04:01:16,2025-12-09 04:57:46,56.5,,공통,raw,
b200_heavy_work_r1,GA,Large (141-200),200,heavy_work,321.26666666666665,15,20251208,106,BLK_106P,14,베이36B 론지취부,6,2025-12-09 04:57:46,2025-12-09 06:46:22,108.6,36B,베이36B,raw,
b200_heavy_work_r1,GA,Large (141-200),200,heavy_work,321.26666666666665,15,20251208,106,BLK_106P,14,베이36B 론지용접,7,2025-12-09 06:46:22,2025-12-09 07:18:31,32.2,36B,베이36B,raw,
b200_heavy_work_r1,GA,Large (141-200),200,heavy_work,321.26666666666665,15,20251208,106,BLK_106P,14,베이36B 수정,8,2025-12-09 07:18:31,2025-12-09 08:25:14,66.7,36B,베이36B,raw,
b200_heavy_work_r1,GA,Large (141-200),200,heavy_work,321.26666666666665,15,20251208,113,BLK_113P,15,판계,1,2025-12-08 15:43:12,2025-12-08 15:57:36,14.4,,공통,raw,
b200_heavy_work_r1,GA,Large (141-200),200,heavy_work,321.26666666666665,15,20251208,113,BLK_113P,15,전면SAW,2,2025-12-09 02:17:05,2025-12-09 03:02:11,45.1,,공통,raw,
b200_heavy_work_r1,GA,Large (141-200),200,heavy_work,321.26666666666665,15,20251208,113,BLK_113P,15,TurnOver,3,2025-12-09 03:02:11,2025-12-09 03:16:35,14.4,,공통,raw,
b200_heavy_work_r1,GA,Large (141-200),200,heavy_work,321.26666666666665,15,20251208,113,BLK_113P,15,후면SAW,4,2025-12-09 03:52:35,2025-12-09 04:26:36,34.0,,공통,raw,
b200_heavy_work_r1,GA,Large (141-200),200,heavy_work,321.26666666666665,15,20251208,113,BLK_113P,15,NC,5,2025-12-09 04:57:46,2025-12-09 05:24:33,26.8,,공통,raw,
b200_heavy_work_r1,GA,Large (141-200),200,heavy_work,321.26666666666665,15,20251208,113,BLK_113P,15,베이35A 론지취부,6,2025-12-09 05:24:33,2025-12-09 06:10:09,45.6,35A,베이35A,raw,
b200_heavy_work_r1,GA,Large (141-200),200,heavy_work,321.26666666666665,15,20251208,113,BLK_113P,15,베이35A 론지용접,7,2025-12-09 06:10:09,2025-12-09 06:26:42,16.6,35A,베이35A,raw,
b200_heavy_work_r1,GA,Large (141-200),200,heavy_work,321.26666666666665,15,20251208,113,BLK_113P,15,베이35A 수정,8,2025-12-09 06:26:42,2025-12-09 06:53:49,27.1,35A,베이35A,raw,
b200_heavy_work_r1,GA,Large (141-200),200,heavy_work,321.26666666666665,15,20251208,109,BLK_109S,16,판계,1,2025-12-08 15:57:36,2025-12-08 16:33:36,36.0,,공통,raw,
b200_heavy_work_r1,GA,Large (141-200),200,heavy_work,321.26666666666665,15,20251208,109,BLK_109S,16,전면SAW,2,2025-12-09 03:02:11,2025-12-09 03:59:13,57.0,,공통,raw,
b200_heavy_work_r1,GA,Large (141-200),200,heavy_work,321.26666666666665,15,20251208,109,BLK_109S,16,TurnOver,3,2025-12-09 03:59:13,2025-12-09 04:13:37,14.4,,공통,raw,
b200_heavy_work_r1,GA,Large (141-200),200,heavy_work,321.26666666666665,15,20251208,109,BLK_109S,16,후면SAW,4,2025-12-09 04:26:36,2025-12-09 05:16:17,49.7,,공통,raw,
b200_heavy_work_r1,GA,Large (141-200),200,heavy_work,321.26666666666665,15,20251208,109,BLK_109S,16,NC,5,2025-12-09 05:24:33,2025-12-09 06:20:47,56.2,,공통,raw,
b200_heavy_work_r1,GA,Large (141-200),200,heavy_work,321.26666666666665,15,20251208,109,BLK_109S,16,베이36B 론지취부,6,2025-12-09 06:46:22,2025-12-09 09:25:22,159.0,36B,베이36B,raw,
b200_heavy_work_r1,GA,Large (141-200),200,heavy_work,321.26666666666665,15,20251208,109,BLK_109S,16,베이36B 론지용접,7,2025-12-09 09:25:22,2025-12-09 10:06:10,40.8,36B,베이36B,raw,
b200_heavy_work_r1,GA,Large (141-200),200,heavy_work,321.26666666666665,15,20251208,109,BLK_109S,16,베이36B 수정,8,2025-12-09 10:06:10,2025-12-09 11:44:34,98.4,36B,베이36B,raw,
b200_heavy_work_r1,GA,Large (141-200),200,heavy_work,321.26666666666665,15,20251208,118,BLK_118P,17,판계,1,2025-12-08 16:33:36,2025-12-08 17:09:36,36.0,,공통,raw,
b200_heavy_work_r1,GA,Large (141-200),200,heavy_work,321.26666666666665,15,20251208,118,BLK_118P,17,전면SAW,2,2025-12-09 03:59:13,2025-12-09 04:29:49,30.6,,공통,raw,
b200_heavy_work_r1,GA,Large (141-200),200,heavy_work,321.26666666666665,15,20251208,118,BLK_118P,17,TurnOver,3,2025-12-09 04:29:49,2025-12-09 04:44:13,14.4,,공통,raw,
b200_heavy_work_r1,GA,Large (141-200),200,heavy_work,321.26666666666665,15,20251208,118,BLK_118P,17,후면SAW,4,2025-12-09 05:16:17,2025-12-09 05:31:53,15.6,,공통,raw,
b200_heavy_work_r1,GA,Large (141-200),200,heavy_work,321.26666666666665,15,20251208,118,BLK_118P,17,NC,5,2025-12-09 06:20:47,2025-12-09 07:09:21,48.6,,공통,raw,
b200_heavy_work_r1,GA,Large (141-200),200,heavy_work,321.26666666666665,15,20251208,118,BLK_118P,17,베이35A 론지취부,6,2025-12-09 07:09:21,2025-12-09 07:38:09,28.8,35A,베이35A,raw,
b200_heavy_work_r1,GA,Large (141-200),200,heavy_work,321.26666666666665,15,20251208,118,BLK_118P,17,베이35A 론지용접,7,2025-12-09 07:38:09,2025-12-09 07:56:38,18.5,35A,베이35A,raw,
b200_heavy_work_r1,GA,Large (141-200),200,heavy_work,321.26666666666665,15,20251208,118,BLK_118P,17,베이35A 수정,8,2025-12-09 07:56:38,2025-12-09 08:13:12,16.6,35A,베이35A,raw,
b200_heavy_work_r1,GA,Large (141-200),200,heavy_work,321.26666666666665,15,20251208,125,BLK_125C,18,판계,1,2025-12-08 17:09:36,2025-12-08 17:43:12,33.6,,공통,raw,
b200_heavy_work_r1,GA,Large (141-200),200,heavy_work,321.26666666666665,15,20251208,125,BLK_125C,18,전면SAW,2,2025-12-09 04:29:49,2025-12-09 06:49:34,139.7,,공통,raw,
b200_heavy_work_r1,GA,Large (141-200),200,heavy_work,321.26666666666665,15,20251208,125,BLK_125C,18,TurnOver,3,2025-12-09 06:49:34,2025-12-09 07:03:58,14.4,,공통,raw,
b200_heavy_work_r1,GA,Large (141-200),200,heavy_work,321.26666666666665,15,20251208,125,BLK_125C,18,후면SAW,4,2025-12-09 07:03:58,2025-12-09 08:56:41,112.7,,공통,raw,
b200_heavy_work_r1,GA,Large (141-200),200,heavy_work,321.26666666666665,15,20251208,125,BLK_125C,18,NC,5,2025-12-09 08:56:41,2025-12-09 09:39:18,42.6,,공통,raw,
b200_heavy_work_r1,GA,Large (141-200),200,heavy_work,321.26666666666665,15,20251208,125,BLK_125C,18,베이36B 론지취부,6,2025-12-09 09:39:18,2025-12-09 10:54:18,75.0,36B,베이36B,raw,
b200_heavy_work_r1,GA,Large (141-200),200,heavy_work,321.26666666666665,15,20251208,125,BLK_125C,18,베이36B 론지용접,7,2025-12-09 10:54:18,2025-12-09 11:20:42,26.4,36B,베이36B,raw,
b200_heavy_work_r1,GA,Large (141-200),200,heavy_work,321.26666666666665,15,20251208,125,BLK_125C,18,베이36B 수정,8,2025-12-09 11:44:34,2025-12-09 12:30:10,45.6,36B,베이36B,raw,
b200_heavy_work_r1,GA,Large (141-200),200,heavy_work,321.26666666666665,15,20251209,133,BLK_133P,1,판계,1,2025-12-09 08:00:00,2025-12-09 08:30:00,30.0,,공통,raw,
b200_heavy_work_r1,GA,Large (141-200),200,heavy_work,321.26666666666665,15,20251209,133,BLK_133P,1,전면SAW,2,2025-12-09 08:30:00,2025-12-09 09:05:16,35.3,,공통,raw,
b200_heavy_work_r1,GA,Large (141-200),200,heavy_work,321.26666666666665,15,20251209,133,BLK_133P,1,TurnOver,3,2025-12-09 09:05:16,2025-12-09 09:19:40,14.4,,공통,raw,
b200_heavy_work_r1,GA,Large (141-200),200,heavy_work,321.26666666666665,15,20251209,133,BLK_133P,1,후면SAW,4,2025-12-09 09:19:40,2025-12-09 09:40:42,21.0,,공통,raw,
b200_heavy_work_r1,GA,Large (141-200),200,heavy_work,321.26666666666665,15,20251209,133,BLK_133P,1,NC,5,2025-12-09 09:40:42,2025-12-09 10:22:24,41.7,,공통,raw,
b200_heavy_work_r1,GA,Large (141-200),200,heavy_work,321.26666666666665,15,20251209,133,BLK_133P,1,베이35A 론지취부,6,2025-12-09 10:22:24,2025-12-09 11:50:00,87.6,35A,베이35A,raw,
b200_heavy_work_r1,GA,Large (141-200),200,heavy_work,321.26666666666665,15,20251209,133,BLK_133P,1,베이35A 론지용접,7,2025-12-09 11:50:00,2025-12-09 12:18:34,28.6,35A,베이35A,raw,
b200_heavy_work_r1,GA,Large (141-200),200,heavy_work,321.26666666666665,15,20251209,133,BLK_133P,1,베이35A 수정,8,2025-12-09 12:18:34,2025-12-09 13:12:05,53.5,35A,베이35A,raw,
b200_heavy_work_r1,GA,Large (141-200),200,heavy_work,321.26666666666665,15,20251209,54,BLK_54S,2,판계,1,2025-12-09 08:30:00,2025-12-09 09:09:36,39.6,,공통,raw,
b200_heavy_work_r1,GA,Large (141-200),200,heavy_work,321.26666666666665,15,20251209,54,BLK_54S,2,전면SAW,2,2025-12-09 09:09:36,2025-12-09 10:59:17,109.7,,공통,raw,
b200_heavy_work_r1,GA,Large (141-200),200,heavy_work,321.26666666666665,15,20251209,54,BLK_54S,2,TurnOver,3,2025-12-09 10:59:17,2025-12-09 11:13:41,14.4,,공통,raw,
b200_heavy_work_r1,GA,Large (141-200),200,heavy_work,321.26666666666665,15,20251209,54,BLK_54S,2,후면SAW,4,2025-12-09 11:13:41,2025-12-09 12:39:00,85.3,,공통,raw,
b200_heavy_work_r1,GA,Large (141-200),200,heavy_work,321.26666666666665,15,20251209,54,BLK_54S,2,NC,5,2025-12-09 12:39:00,2025-12-09 13:27:21,48.3,,공통,raw,
b200_heavy_work_r1,GA,Large (141-200),200,heavy_work,321.26666666666665,15,20251209,54,BLK_54S,2,베이36B 론지취부,6,2025-12-09 13:27:21,2025-12-09 15:07:33,100.2,36B,베이36B,raw,
b200_heavy_work_r1,GA,Large (141-200),200,heavy_work,321.26666666666665,15,20251209,54,BLK_54S,2,베이36B 론지용접,7,2025-12-09 15:07:33,2025-12-09 15:38:16,30.7,36B,베이36B,raw,
b200_heavy_work_r1,GA,Large (141-200),200,heavy_work,321.26666666666665,15,20251209,54,BLK_54S,2,베이36B 수정,8,2025-12-09 15:38:16,2025-12-09 16:39:43,61.4,36B,베이36B,raw,
b200_heavy_work_r1,GA,Large (141-200),200,heavy_work,321.26666666666665,15,20251209,19,BLK_19P,3,판계,1,2025-12-09 09:09:36,2025-12-09 09:39:36,30.0,,공통,raw,
b200_heavy_work_r1,GA,Large (141-200),200,heavy_work,321.26666666666665,15,20251209,19,BLK_19P,3,전면SAW,2,2025-12-09 10:59:17,2025-12-09 11:39:12,39.9,,공통,raw,
b200_heavy_work_r1,GA,Large (141-200),200,heavy_work,321.26666666666665,15,20251209,19,BLK_19P,3,TurnOver,3,2025-12-09 11:39:12,2025-12-09 11:53:36,14.4,,공통,raw,
b200_heavy_work_r1,GA,Large (141-200),200,heavy_work,321.26666666666665,15,20251209,19,BLK_19P,3,후면SAW,4,2025-12-09 12:39:00,2025-12-09 13:06:12,27.2,,공통,raw,
b200_heavy_work_r1,GA,Large (141-200),200,heavy_work,321.26666666666665,15,20251209,19,BLK_19P,3,NC,5,2025-12-09 13:27:21,2025-12-09 14:10:04,42.7,,공통,raw,
b200_heavy_work_r1,GA,Large (141-200),200,heavy_work,321.26666666666665,15,20251209,19,BLK_19P,3,베이35A 론지취부,6,2025-12-09 14:10:04,2025-12-09 15:25:04,75.0,35A,베이35A,raw,
b200_heavy_work_r1,GA,Large (141-200),200,heavy_work,321.26666666666665,15,20251209,19,BLK_19P,3,베이35A 론지용접,7,2025-12-09 15:25:04,2025-12-09 15:51:28,26.4,35A,베이35A,raw,
b200_heavy_work_r1,GA,Large (141-200),200,heavy_work,321.26666666666665,15,20251209,19,BLK_19P,3,베이35A 수정,8,2025-12-09 15:51:28,2025-12-09 16:37:04,45.6,35A,베이35A,raw,
b200_heavy_work_r1,GA,Large (141-200),200,heavy_work,321.26666666666665,15,20251209,23,BLK_23P,4,판계,1,2025-12-09 09:39:36,2025-12-09 10:15:36,36.0,,공통,raw,
b200_heavy_work_r1,GA,Large (141-200),200,heavy_work,321.26666666666665,15,20251209,23,BLK_23P,4,전면SAW,2,2025-12-09 11:39:12,2025-12-09 12:17:52,38.7,,공통,raw,
b200_heavy_work_r1,GA,Large (141-200),200,heavy_work,321.26666666666665,15,20251209,23,BLK_23P,4,TurnOver,3,2025-12-09 12:17:52,2025-12-09 12:32:16,14.4,,공통,raw,
b200_heavy_work_r1,GA,Large (141-200),200,heavy_work,321.26666666666665,15,20251209,23,BLK_23P,4,후면SAW,4,2025-12-09 13:06:12,2025-12-09 13:31:43,25.5,,공통,raw,
b200_heavy_work_r1,GA,Large (141-200),200,heavy_work,321.26666666666665,15,20251209,23,BLK_23P,4,NC,5,2025-12-09 14:10:04,2025-12-09 14:58:30,48.4,,공통,raw,
b200_heavy_work_r1,GA,Large (141-200),200,heavy_work,321.26666666666665,15,20251209,23,BLK_23P,4,베이36B 론지취부,6,2025-12-09 15:07:33,2025-12-09 16:22:33,75.0,36B,베이36B,raw,
b200_heavy_work_r1,GA,Large (141-200),200,heavy_work,321.26666666666665,15,20251209,23,BLK_23P,4,베이36B 론지용접,7,2025-12-09 16:22:33,2025-12-09 16:48:57,26.4,36B,베이36B,raw,
b200_heavy_work_r1,GA,Large (141-200),200,heavy_work,321.26666666666665,15,20251209,23,BLK_23P,4,베이36B 수정,8,2025-12-09 16:48:57,2025-12-09 17:34:33,45.6,36B,베이36B,raw,
b200_heavy_work_r1,GA,Large (141-200),200,heavy_work,321.26666666666665,15,20251209,130,BLK_130S,5,판계,1,2025-12-09 10:15:36,2025-12-09 11:03:36,48.0,,공통,raw,
b200_heavy_work_r1,GA,Large (141-200),200,heavy_work,321.26666666666665,15,20251209,130,BLK_130S,5,전면SAW,2,2025-12-09 12:17:52,2025-12-09 15:58:37,220.8,,공통,raw,
b200_heavy_work_r1,GA,Large (141-200),200,heavy_work,321.26666666666665,15,20251209,130,BLK_130S,5,TurnOver,3,2025-12-09 15:58:37,2025-12-09 16:13:01,14.4,,공통,raw,
b200_heavy_work_r1,GA,Large (141-200),200,heavy_work,321.26666666666665,15,20251209,130,BLK_130S,5,후면SAW,4,2025-12-09 16:13:01,2025-12-09 18:54:03,161.0,,공통,raw,
b200_heavy_work_r1,GA,Large (141-200),200,heavy_work,321.26666666666665,15,20251209,130,BLK_130S,5,NC,5,2025-12-09 18:54:03,2025-12-09 19:55:58,61.9,,공통,raw,
b200_heavy_work_r1,GA,Large (141-200),200,heavy_work,321.26666666666665,15,20251209,130,BLK_130S,5,베이35A 론지취부,6,2025-12-09 19:55:58,2025-12-09 21:31:58,96.0,35A,베이35A,raw,
b200_heavy_work_r1,GA,Large (141-200),200,heavy_work,321.26666666666665,15,20251209,130,BLK_130S,5,베이35A 론지용접,7,2025-12-09 21:31:58,2025-12-09 22:01:58,30.0,35A,베이35A,raw,
b200_heavy_work_r1,GA,Large (141-200),200,heavy_work,321.26666666666665,15,20251209,130,BLK_130S,5,베이35A 수정,8,2025-12-09 22:01:58,2025-12-09 23:00:46,58.8,35A,베이35A,raw,
b200_heavy_work_r1,GA,Large (141-200),200,heavy_work,321.26666666666665,15,20251209,27,BLK_27C,6,판계,1,2025-12-09 11:03:36,2025-12-09 11:39:36,36.0,,공통,raw,
b200_heavy_work_r1,GA,Large (141-200),200,heavy_work,321.26666666666665,15,20251209,27,BLK_27C,6,전면SAW,2,2025-12-09 15:58:37,2025-12-09 16:33:40,35.0,,공통,raw,
b200_heavy_work_r1,GA,Large (141-200),200,heavy_work,321.26666666666665,15,20251209,27,BLK_27C,6,TurnOver,3,2025-12-09 16:33:40,2025-12-09 16:48:04,14.4,,공통,raw,
b200_heavy_work_r1,GA,Large (141-200),200,heavy_work,321.26666666666665,15,20251209,27,BLK_27C,6,후면SAW,4,2025-12-09 18:54:03,2025-12-09 19:14:49,20.8,,공통,raw,
b200_heavy_work_r1,GA,Large (141-200),200,heavy_work,321.26666666666665,15,20251209,27,BLK_27C,6,NC,5,2025-12-09 19:55:58,2025-12-09 20:41:31,45.6,,공통,raw,
b200_heavy_work_r1,GA,Large (141-200),200,heavy_work,321.26666666666665,15,20251209,27,BLK_27C,6,베이36B 론지취부,6,2025-12-09 20:41:31,2025-12-09 21:52:19,70.8,36B,베이36B,raw,
b200_heavy_work_r1,GA,Large (141-200),200,heavy_work,321.26666666666665,15,20251209,27,BLK_27C,6,베이36B 론지용접,7,2025-12-09 21:52:19,2025-12-09 22:18:00,25.7,36B,베이36B,raw,
b200_heavy_work_r1,GA,Large (141-200),200,heavy_work,321.26666666666665,15,20251209,27,BLK_27C,6,베이36B 수정,8,2025-12-09 22:18:00,2025-12-09 23:00:58,43.0,36B,베이36B,raw,
b200_heavy_work_r1,GA,Large (141-200),200,heavy_work,321.26666666666665,15,20251209,30,BLK_30P,7,판계,1,2025-12-09 11:39:36,2025-12-09 11:54:00,14.4,,공통,raw,
b200_heavy_work_r1,GA,Large (141-200),200,heavy_work,321.26666666666665,15,20251209,30,BLK_30P,7,전면SAW,2,2025-12-09 16:33:40,2025-12-09 17:21:29,47.8,,공통,raw,
b200_heavy_work_r1,GA,Large (141-200),200,heavy_work,321.26666666666665,15,20251209,30,BLK_30P,7,TurnOver,3,2025-12-09 17:21:29,2025-12-09 17:35:53,14.4,,공통,raw,
b200_heavy_work_r1,GA,Large (141-200),200,heavy_work,321.26666666666665,15,20251209,30,BLK_30P,7,후면SAW,4,2025-12-09 19:14:49,2025-12-09 19:52:24,37.6,,공통,raw,
b200_heavy_work_r1,GA,Large (141-200),200,heavy_work,321.26666666666665,15,20251209,30,BLK_30P,7,NC,5,2025-12-09 20:41:31,2025-12-09 21:05:59,24.5,,공통,raw,
b200_heavy_work_r1,GA,Large (141-200),200,heavy_work,321.26666666666665,15,20251209,30,BLK_30P,7,베이35A 론지취부,6,2025-12-09 21:31:58,2025-12-09 22:25:58,54.0,35A,베이35A,raw,
b200_heavy_work_r1,GA,Large (141-200),200,heavy_work,321.26666666666665,15,20251209,30,BLK_30P,7,베이35A 론지용접,7,2025-12-09 22:25:58,2025-12-09 22:43:58,18.0,35A,베이35A,raw,
b200_heavy_work_r1,GA,Large (141-200),200,heavy_work,321.26666666666665,15,20251209,30,BLK_30P,7,베이35A 수정,8,2025-12-09 23:00:46,2025-12-09 23:33:10,32.4,35A,베이35A,raw,
b200_heavy_work_r1,GA,Large (141-200),200,heavy_work,321.26666666666665,15,20251209,31,BLK_31S,8,판계,1,2025-12-09 11:54:00,2025-12-09 12:08:24,14.4,,공통,raw,
b200_heavy_work_r1,GA,Large (141-200),200,heavy_work,321.26666666666665,15,20251209,31,BLK_31S,8,전면SAW,2,2025-12-09 17:21:29,2025-12-09 18:13:14,51.8,,공통,raw,
b200_heavy_work_r1,GA,Large (141-200),200,heavy_work,321.26666666666665,15,20251209,31,BLK_31S,8,TurnOver,3,2025-12-09 18:13:14,2025-12-09 18:27:38,14.4,,공통,raw,
b200_heavy_work_r1,GA,Large (141-200),200,heavy_work,321.26666666666665,15,20251209,31,BLK_31S,8,후면SAW,4,2025-12-09 19:52:24,2025-12-09 20:35:10,42.8,,공통,raw,
b200_heavy_work_r1,GA,Large (141-200),200,heavy_work,321.26666666666665,15,20251209,31,BLK_31S,8,NC,5,2025-12-09 21:05:59,2025-12-09 21:31:12,25.2,,공통,raw,
b200_heavy_work_r1,GA,Large (141-200),200,heavy_work,321.26666666666665,15,20251209,31,BLK_31S,8,베이36B 론지취부,6,2025-12-09 21:52:19,2025-12-09 22:37:55,45.6,36B,베이36B,raw,
b200_heavy_work_r1,GA,Large (141-200),200,heavy_work,321.26666666666665,15,20251209,31,BLK_31S,8,베이36B 론지용접,7,2025-12-09 22:37:55,2025-12-09 22:54:29,16.6,36B,베이36B,raw,
b200_heavy_work_r1,GA,Large (141-200),200,heavy_work,321.26666666666665,15,20251209,31,BLK_31S,8,베이36B 수정,8,2025-12-09 23:00:58,2025-12-09 23:28:05,27.1,36B,베이36B,raw,
b200_heavy_work_r1,GA,Large (141-200),200,heavy_work,321.26666666666665,15,20251209,38,BLK_38S,9,판계,1,2025-12-09 12:08:24,2025-12-09 12:44:24,36.0,,공통,raw,
b200_heavy_work_r1,GA,Large (141-200),200,heavy_work,321.26666666666665,15,20251209,38,BLK_38S,9,전면SAW,2,2025-12-09 18:13:14,2025-12-09 18:49:15,36.0,,공통,raw,
b200_heavy_work_r1,GA,Large (141-200),200,heavy_work,321.26666666666665,15,20251209,38,BLK_38S,9,TurnOver,3,2025-12-09 18:49:15,2025-12-09 19:03:39,14.4,,공통,raw,
b200_heavy_work_r1,GA,Large (141-200),200,heavy_work,321.26666666666665,15,20251209,38,BLK_38S,9,후면SAW,4,2025-12-09 20:35:10,2025-12-09 20:57:12,22.0,,공통,raw,
b200_heavy_work_r1,GA,Large (141-200),200,heavy_work,321.26666666666665,15,20251209,38,BLK_38S,9,NC,5,2025-12-09 21:31:12,2025-12-09 22:19:11,48.0,,공통,raw,
b200_heavy_work_r1,GA,Large (141-200),200,heavy_work,321.26666666666665,15,20251209,38,BLK_38S,9,베이35A 론지취부,6,2025-12-09 22:25:58,2025-12-09 23:45:10,79.2,35A,베이35A,raw,
b200_heavy_work_r1,GA,Large (141-200),200,heavy_work,321.26666666666665,15,20251209,38,BLK_38S,9,베이35A 론지용접,7,2025-12-09 23:45:10,2025-12-10 00:12:17,27.1,35A,베이35A,raw,
b200_heavy_work_r1,GA,Large (141-200),200,heavy_work,321.26666666666665,15,20251209,38,BLK_38S,9,베이35A 수정,8,2025-12-10 00:12:17,2025-12-10 01:00:31,48.2,35A,베이35A,raw,
b200_heavy_work_r1,GA,Large (141-200),200,heavy_work,321.26666666666665,15,20251209,39,BLK_39C,10,판계,1,2025-12-09 12:44:24,2025-12-09 13:18:00,33.6,,공통,raw,
b200_heavy_work_r1,GA,Large (141-200),200,heavy_work,321.26666666666665,15,20251209,39,BLK_39C,10,전면SAW,2,2025-12-09 18:49:15,2025-12-09 20:49:09,119.9,,공통,raw,
b200_heavy_work_r1,GA,Large (141-200),200,heavy_work,321.26666666666665,15,20251209,39,BLK_39C,10,TurnOver,3,2025-12-09 20:49:09,2025-12-09 21:03:33,14.4,,공통,raw,
b200_heavy_work_r1,GA,Large (141-200),200,heavy_work,321.26666666666665,15,20251209,39,BLK_39C,10,후면SAW,4,2025-12-09 21:03:33,2025-12-09 22:38:12,94.6,,공통,raw,
b200_heavy_work_r1,GA,Large (141-200),200,heavy_work,321.26666666666665,15,20251209,39,BLK_39C,10,NC,5,2025-12-09 22:38:12,2025-12-09 23:19:02,40.8,,공통,raw,
b200_heavy_work_r1,GA,Large (141-200),200,heavy_work,321.26666666666665,15,20251209,39,BLK_39C,10,베이36B 론지취부,6,2025-12-09 23:19:02,2025-12-10 00:00:26,41.4,36B,베이36B,raw,
b200_heavy_work_r1,GA,Large (141-200),200,heavy_work,321.26666666666665,15,20251209,39,BLK_39C,10,베이36B 론지용접,7,2025-12-10 00:00:26,2025-12-10 00:21:05,20.6,36B,베이36B,raw,
b200_heavy_work_r1,GA,Large (141-200),200,heavy_work,321.26666666666665,15,20251209,39,BLK_39C,10,베이36B 수정,8,2025-12-10 00:21:05,2025-12-10 00:45:33,24.5,36B,베이36B,raw,
b200_heavy_work_r1,GA,Large (141-200),200,heavy_work,321.26666666666665,15,20251209,43,BLK_43P,11,판계,1,2025-12-09 13:18:00,2025-12-09 13:54:00,36.0,,공통,raw,
b200_heavy_work_r1,GA,Large (141-200),200,heavy_work,321.26666666666665,15,20251209,43,BLK_43P,11,전면SAW,2,2025-12-09 20:49:09,2025-12-09 21:30:18,41.1,,공통,raw,
b200_heavy_work_r1,GA,Large (141-200),200,heavy_work,321.26666666666665,15,20251209,43,BLK_43P,11,TurnOver,3,2025-12-09 21:30:18,2025-12-09 21:44:42,14.4,,공통,raw,
b200_heavy_work_r1,GA,Large (141-200),200,heavy_work,321.26666666666665,15,20251209,43,BLK_43P,11,후면SAW,4,2025-12-09 22:38:12,2025-12-09 23:06:59,28.8,,공통,raw,
b200_heavy_work_r1,GA,Large (141-200),200,heavy_work,321.26666666666665,15,20251209,43,BLK_43P,11,NC,5,2025-12-09 23:19:02,2025-12-10 00:10:38,51.6,,공통,raw,
b200_heavy_work_r1,GA,Large (141-200),200,heavy_work,321.26666666666665,15,20251209,43,BLK_43P,11,베이35A 론지취부,6,2025-12-10 00:10:38,2025-12-10 02:03:26,112.8,35A,베이35A,raw,
b200_heavy_work_r1,GA,Large (141-200),200,heavy_work,321.26666666666665,15,20251209,43,BLK_43P,11,베이35A 론지용접,7,2025-12-10 02:03:26,2025-12-10 02:36:19,32.9,35A,베이35A,raw,
b200_heavy_work_r1,GA,Large (141-200),200,heavy_work,321.26666666666665,15,20251209,43,BLK_43P,11,베이35A 수정,8,2025-12-10 02:36:19,2025-12-10 03:45:41,69.4,35A,베이35A,raw,
b200_heavy_work_r1,GA,Large (141-200),200,heavy_work,321.26666666666665,15,20251209,58,BLK_58C,12,판계,1,2025-12-09 13:54:00,2025-12-09 14:36:00,42.0,,공통,raw,
b200_heavy_work_r1,GA,Large (141-200),200,heavy_work,321.26666666666665,15,20251209,58,BLK_58C,12,전면SAW,2,2025-12-09 21:30:18,2025-12-09 23:30:00,119.7,,공통,raw,
b200_heavy_work_r1,GA,Large (141-200),200,heavy_work,321.26666666666665,15,20251209,58,BLK_58C,12,TurnOver,3,2025-12-09 23:30:00,2025-12-09 23:44:24,14.4,,공통,raw,
b200_heavy_work_r1,GA,Large (141-200),200,heavy_work,321.26666666666665,15,20251209,58,BLK_58C,12,후면SAW,4,2025-12-09 23:44:24,2025-12-10 01:08:18,83.9,,공통,raw,
b200_heavy_work_r1,GA,Large (141-200),200,heavy_work,321.26666666666665,15,20251209,58,BLK_58C,12,NC,5,2025-12-10 01:08:18,2025-12-10 01:51:30,43.2,,공통,raw,
b200_heavy_work_r1,GA,Large (141-200),200,heavy_work,321.26666666666665,15,20251209,58,BLK_58C,12,베이36B 론지취부,6,2025-12-10 01:51:30,2025-12-10 02:24:30,33.0,36B,베이36B,raw,
b200_heavy_work_r1,GA,Large (141-200),200,heavy_work,321.26666666666665,15,20251209,58,BLK_58C,12,베이36B 론지용접,7,2025-12-10 02:24:30,2025-12-10 02:43:42,19.2,36B,베이36B,raw,
b200_heavy_work_r1,GA,Large (141-200),200,heavy_work,321.26666666666665,15,20251209,58,BLK_58C,12,베이36B 수정,8,2025-12-10 02:43:42,2025-12-10 03:02:54,19.2,36B,베이36B,raw,
b200_heavy_work_r1,GA,Large (141-200),200,heavy_work,321.26666666666665,15,20251209,63,BLK_63P,13,판계,1,2025-12-09 14:36:00,2025-12-09 15:21:36,45.6,,공통,raw,
b200_heavy_work_r1,GA,Large (141-200),200,heavy_work,321.26666666666665,15,20251209,63,BLK_63P,13,전면SAW,2,2025-12-09 23:30:00,2025-12-10 01:20:54,110.9,,공통,raw,
b200_heavy_work_r1,GA,Large (141-200),200,heavy_work,321.26666666666665,15,20251209,63,BLK_63P,13,TurnOver,3,2025-12-10 01:20:54,2025-12-10 01:35:18,14.4,,공통,raw,
b200_heavy_work_r1,GA,Large (141-200),200,heavy_work,321.26666666666665,15,20251209,63,BLK_63P,13,후면SAW,4,2025-12-10 01:35:18,2025-12-10 03:01:44,86.4,,공통,raw,
b200_heavy_work_r1,GA,Large (141-200),200,heavy_work,321.26666666666665,15,20251209,63,BLK_63P,13,NC,5,2025-12-10 03:01:44,2025-12-10 03:59:13,57.5,,공통,raw,
b200_heavy_work_r1,GA,Large (141-200),200,heavy_work,321.26666666666665,15,20251209,63,BLK_63P,13,베이35A 론지취부,6,2025-12-10 03:59:13,2025-12-10 05:39:25,100.2,35A,베이35A,raw,
b200_heavy_work_r1,GA,Large (141-200),200,heavy_work,321.26666666666665,15,20251209,63,BLK_63P,13,베이35A 론지용접,7,2025-12-10 05:39:25,2025-12-10 06:10:08,30.7,35A,베이35A,raw,
b200_heavy_work_r1,GA,Large (141-200),200,heavy_work,321.26666666666665,15,20251209,63,BLK_63P,13,베이35A 수정,8,2025-12-10 06:10:08,2025-12-10 07:11:34,61.4,35A,베이35A,raw,
b200_heavy_work_r1,GA,Large (141-200),200,heavy_work,321.26666666666665,15,20251209,71,BLK_71C,14,판계,1,2025-12-09 15:21:36,2025-12-09 15:57:36,36.0,,공통,raw,
b200_heavy_work_r1,GA,Large (141-200),200,heavy_work,321.26666666666665,15,20251209,71,BLK_71C,14,전면SAW,2,2025-12-10 01:20:54,2025-12-10 02:13:26,52.5,,공통,raw,
b200_heavy_work_r1,GA,Large (141-200),200,heavy_work,321.26666666666665,15,20251209,71,BLK_71C,14,TurnOver,3,2025-12-10 02:13:26,2025-12-10 02:27:50,14.4,,공통,raw,
b200_heavy_work_r1,GA,Large (141-200),200,heavy_work,321.26666666666665,15,20251209,71,BLK_71C,14,후면SAW,4,2025-12-10 03:01:44,2025-12-10 03:45:30,43.8,,공통,raw,
b200_heavy_work_r1,GA,Large (141-200),200,heavy_work,321.26666666666665,15,20251209,71,BLK_71C,14,NC,5,2025-12-10 03:59:13,2025-12-10 04:59:08,59.9,,공통,raw,
b200_heavy_work_r1,GA,Large (141-200),200,heavy_work,321.26666666666665,15,20251209,71,BLK_71C,14,베이36B 론지취부,6,2025-12-10 04:59:08,2025-12-10 07:08:44,129.6,36B,베이36B,raw,
b200_heavy_work_r1,GA,Large (141-200),200,heavy_work,321.26666666666665,15,20251209,71,BLK_71C,14,베이36B 론지용접,7,2025-12-10 07:08:44,2025-12-10 07:44:30,35.8,36B,베이36B,raw,
b200_heavy_work_r1,GA,Large (141-200),200,heavy_work,321.26666666666665,15,20251209,71,BLK_71C,14,베이36B 수정,8,2025-12-10 07:44:30,2025-12-10 09:04:25,79.9,36B,베이36B,raw,
b200_heavy_work_r1,GA,Large (141-200),200,heavy_work,321.26666666666665,15,20251209,80,BLK_80C,15,판계,1,2025-12-09 15:57:36,2025-12-09 16:31:12,33.6,,공통,raw,
b200_heavy_work_r1,GA,Large (141-200),200,heavy_work,321.26666666666665,15,20251209,80,BLK_80C,15,전면SAW,2,2025-12-10 02:13:26,2025-12-10 04:00:03,106.6,,공통,raw,
b200_heavy_work_r1,GA,Large (141-200),200,heavy_work,321.26666666666665,15,20251209,80,BLK_80C,15,TurnOver,3,2025-12-10 04:00:03,2025-12-10 04:14:27,14.4,,공통,raw,
b200_heavy_work_r1,GA,Large (141-200),200,heavy_work,321.26666666666665,15,20251209,80,BLK_80C,15,후면SAW,4,2025-12-10 04:14:27,2025-12-10 05:57:10,102.7,,공통,raw,
b200_heavy_work_r1,GA,Large (141-200),200,heavy_work,321.26666666666665,15,20251209,80,BLK_80C,15,NC,5,2025-12-10 05:57:10,2025-12-10 06:34:40,37.5,,공통,raw,
b200_heavy_work_r1,GA,Large (141-200),200,heavy_work,321.26666666666665,15,20251209,80,BLK_80C,15,베이35A 론지취부,6,2025-12-10 06:34:40,2025-12-10 07:21:59,47.3,35A,베이35A,raw,
b200_heavy_work_r1,GA,Large (141-200),200,heavy_work,321.26666666666665,15,20251209,80,BLK_80C,15,베이35A 론지용접,7,2025-12-10 07:21:59,2025-12-10 07:40:05,18.1,35A,베이35A,raw,
b200_heavy_work_r1,GA,Large (141-200),200,heavy_work,321.26666666666665,15,20251209,80,BLK_80C,15,베이35A 수정,8,2025-12-10 07:40:05,2025-12-10 08:04:34,24.5,35A,베이35A,raw,
b200_heavy_work_r1,GA,Large (141-200),200,heavy_work,321.26666666666665,15,20251209,90,BLK_90S,16,판계,1,2025-12-09 16:31:12,2025-12-09 16:45:36,14.4,,공통,raw,
b200_heavy_work_r1,GA,Large (141-200),200,heavy_work,321.26666666666665,15,20251209,90,BLK_90S,16,전면SAW,2,2025-12-10 04:00:03,2025-12-10 04:43:06,43.1,,공통,raw,
b200_heavy_work_r1,GA,Large (141-200),200,heavy_work,321.26666666666665,15,20251209,90,BLK_90S,16,TurnOver,3,2025-12-10 04:43:06,2025-12-10 04:57:30,14.4,,공통,raw,
b200_heavy_work_r1,GA,Large (141-200),200,heavy_work,321.26666666666665,15,20251209,90,BLK_90S,16,후면SAW,4,2025-12-10 05:57:10,2025-12-10 06:28:29,31.3,,공통,raw,
b200_heavy_work_r1,GA,Large (141-200),200,heavy_work,321.26666666666665,15,20251209,90,BLK_90S,16,NC,5,2025-12-10 06:34:40,2025-12-10 06:59:03,24.4,,공통,raw,
b200_heavy_work_r1,GA,Large (141-200),200,heavy_work,321.26666666666665,15,20251209,90,BLK_90S,16,베이36B 론지취부,6,2025-12-10 07:08:44,2025-12-10 07:50:08,41.4,36B,베이36B,raw,
b200_heavy_work_r1,GA,Large (141-200),200,heavy_work,321.26666666666665,15,20251209,90,BLK_90S,16,베이36B 론지용접,7,2025-12-10 07:50:08,2025-12-10 08:05:59,15.8,36B,베이36B,raw,
b200_heavy_work_r1,GA,Large (141-200),200,heavy_work,321.26666666666665,15,20251209,90,BLK_90S,16,베이36B 수정,8,2025-12-10 09:04:25,2025-12-10 09:28:54,24.5,36B,베이36B,raw,
b200_heavy_work_r1,GA,Large (141-200),200,heavy_work,321.26666666666665,15,20251209,110,BLK_110S,17,판계,1,2025-12-09 16:45:36,2025-12-09 17:25:12,39.6,,공통,raw,
b200_heavy_work_r1,GA,Large (141-200),200,heavy_work,321.26666666666665,15,20251209,110,BLK_110S,17,전면SAW,2,2025-12-10 04:43:06,2025-12-10 07:07:07,144.0,,공통,raw,
b200_heavy_work_r1,GA,Large (141-200),200,heavy_work,321.26666666666665,15,20251209,110,BLK_110S,17,TurnOver,3,2025-12-10 07:07:07,2025-12-10 07:21:31,14.4,,공통,raw,
b200_heavy_work_r1,GA,Large (141-200),200,heavy_work,321.26666666666665,15,20251209,110,BLK_110S,17,후면SAW,4,2025-12-10 07:21:31,2025-12-10 09:47:51,146.3,,공통,raw,
b200_heavy_work_r1,GA,Large (141-200),200,heavy_work,321.26666666666665,15,20251209,110,BLK_110S,17,NC,5,2025-12-10 09:47:51,2025-12-10 10:37:26,49.6,,공통,raw,
b200_heavy_work_r1,GA,Large (141-200),200,heavy_work,321.26666666666665,15,20251209,110,BLK_110S,17,베이35A 론지취부,6,2025-12-10 10:37:26,2025-12-10 12:09:14,91.8,35A,베이35A,raw,
b200_heavy_work_r1,GA,Large (141-200),200,heavy_work,321.26666666666665,15,20251209,110,BLK_110S,17,베이35A 론지용접,7,2025-12-10 12:09:14,2025-12-10 12:38:31,29.3,35A,베이35A,raw,
b200_heavy_work_r1,GA,Large (141-200),200,heavy_work,321.26666666666665,15,20251209,110,BLK_110S,17,베이35A 수정,8,2025-12-10 12:38:31,2025-12-10 13:34:40,56.2,35A,베이35A,raw,
b200_heavy_work_r1,GA,Large (141-200),200,heavy_work,321.26666666666665,15,20251209,95,BLK_95C,18,판계,1,2025-12-09 17:25:12,2025-12-09 18:01:12,36.0,,공통,raw,
b200_heavy_work_r1,GA,Large (141-200),200,heavy_work,321.26666666666665,15,20251209,95,BLK_95C,18,전면SAW,2,2025-12-10 07:07:07,2025-12-10 07:40:52,33.7,,공통,raw,
b200_heavy_work_r1,GA,Large (141-200),200,heavy_work,321.26666666666665,15,20251209,95,BLK_95C,18,TurnOver,3,2025-12-10 07:40:52,2025-12-10 07:55:16,14.4,,공통,raw,
b200_heavy_work_r1,GA,Large (141-200),200,heavy_work,321.26666666666665,15,20251209,95,BLK_95C,18,후면SAW,4,2025-12-10 09:47:51,2025-12-10 10:06:54,19.1,,공통,raw,
b200_heavy_work_r1,GA,Large (141-200),200,heavy_work,321.26666666666665,15,20251209,95,BLK_95C,18,NC,5,2025-12-10 10:37:26,2025-12-10 11:29:12,51.8,,공통,raw,
b200_heavy_work_r1,GA,Large (141-200),200,heavy_work,321.26666666666665,15,20251209,95,BLK_95C,18,베이36B 론지취부,6,2025-12-10 11:29:12,2025-12-10 12:14:48,45.6,36B,베이36B,raw,
b200_heavy_work_r1,GA,Large (141-200),200,heavy_work,321.26666666666665,15,20251209,95,BLK_95C,18,베이36B 론지용접,7,2025-12-10 12:14:48,2025-12-10 12:36:10,21.4,36B,베이36B,raw,
b200_heavy_work_r1,GA,Large (141-200),200,heavy_work,321.26666666666665,15,20251209,95,BLK_95C,18,베이36B 수정,8,2025-12-10 12:36:10,2025-12-10 13:03:17,27.1,36B,베이36B,raw,
b200_heavy_work_r1,GA,Large (141-200),200,heavy_work,321.26666666666665,15,20251210,128,BLK_128C,1,판계,1,2025-12-10 08:00:00,2025-12-10 08:45:36,45.6,,공통,raw,
b200_heavy_work_r1,GA,Large (141-200),200,heavy_work,321.26666666666665,15,20251210,128,BLK_128C,1,전면SAW,2,2025-12-10 08:45:36,2025-12-10 09:55:53,70.3,,공통,raw,
b200_heavy_work_r1,GA,Large (141-200),200,heavy_work,321.26666666666665,15,20251210,128,BLK_128C,1,TurnOver,3,2025-12-10 09:55:53,2025-12-10 10:10:17,14.4,,공통,raw,
b200_heavy_work_r1,GA,Large (141-200),200,heavy_work,321.26666666666665,15,20251210,128,BLK_128C,1,후면SAW,4,2025-12-10 10:10:17,2025-12-10 10:59:42,49.4,,공통,raw,
b200_heavy_work_r1,GA,Large (141-200),200,heavy_work,321.26666666666665,15,20251210,128,BLK_128C,1,NC,5,2025-12-10 11:29:12,2025-12-10 12:19:40,50.5,,공통,raw,
b200_heavy_work_r1,GA,Large (141-200),200,heavy_work,321.26666666666665,15,20251210,128,BLK_128C,1,베이35A 론지취부,6,2025-12-10 12:19:40,2025-12-10 12:56:52,37.2,35A,베이35A,raw,
b200_heavy_work_r1,GA,Large (141-200),200,heavy_work,321.26666666666665,15,20251210,128,BLK_128C,1,베이35A 론지용접,7,2025-12-10 12:56:52,2025-12-10 13:16:47,19.9,35A,베이35A,raw,
b200_heavy_work_r1,GA,Large (141-200),200,heavy_work,321.26666666666665,15,20251210,128,BLK_128C,1,베이35A 수정,8,2025-12-10 13:34:40,2025-12-10 13:56:31,21.8,35A,베이35A,raw,
b200_heavy_work_r1,GA,Large (141-200),200,heavy_work,321.26666666666665,15,20251210,115,BLK_115P,2,판계,1,2025-12-10 08:45:36,2025-12-10 09:00:00,14.4,,공통,raw,
b200_heavy_work_r1,GA,Large (141-200),200,heavy_work,321.26666666666665,15,20251210,115,BLK_115P,2,전면SAW,2,2025-12-10 09:55:53,2025-12-10 10:52:48,56.9,,공통,raw,
b200_heavy_work_r1,GA,Large (141-200),200,heavy_work,321.26666666666665,15,20251210,115,BLK_115P,2,TurnOver,3,2025-12-10 10:52:48,2025-12-10 11:07:12,14.4,,공통,raw,
b200_heavy_work_r1,GA,Large (141-200),200,heavy_work,321.26666666666665,15,20251210,115,BLK_115P,2,후면SAW,4,2025-12-10 11:07:12,2025-12-10 11:56:45,49.5,,공통,raw,
b200_heavy_work_r1,GA,Large (141-200),200,heavy_work,321.26666666666665,15,20251210,115,BLK_115P,2,NC,5,2025-12-10 12:19:40,2025-12-10 12:44:58,25.3,,공통,raw,
b200_heavy_work_r1,GA,Large (141-200),200,heavy_work,321.26666666666665,15,20251210,115,BLK_115P,2,베이36B 론지취부,6,2025-12-10 12:44:58,2025-12-10 13:30:34,45.6,36B,베이36B,raw,
b200_heavy_work_r1,GA,Large (141-200),200,heavy_work,321.26666666666665,15,20251210,115,BLK_115P,2,베이36B 론지용접,7,2025-12-10 13:30:34,2025-12-10 13:47:08,16.6,36B,베이36B,raw,
b200_heavy_work_r1,GA,Large (141-200),200,heavy_work,321.26666666666665,15,20251210,115,BLK_115P,2,베이36B 수정,8,2025-12-10 13:47:08,2025-12-10 14:14:15,27.1,36B,베이36B,raw,
b200_heavy_work_r1,GA,Large (141-200),200,heavy_work,321.26666666666665,15,20251210,138,BLK_138S,3,판계,1,2025-12-10 09:00:00,2025-12-10 09:54:00,54.0,,공통,raw,
b200_heavy_work_r1,GA,Large (141-200),200,heavy_work,321.26666666666665,15,20251210,138,BLK_138S,3,전면SAW,2,2025-12-10 10:52:48,2025-12-10 14:40:48,228.0,,공통,raw,
b200_heavy_work_r1,GA,Large (141-200),200,heavy_work,321.26666666666665,15,20251210,138,BLK_138S,3,TurnOver,3,2025-12-10 14:40:48,2025-12-10 14:55:12,14.4,,공통,raw,
b200_heavy_work_r1,GA,Large (141-200),200,heavy_work,321.26666666666665,15,20251210,138,BLK_138S,3,후면SAW,4,2025-12-10 14:55:12,2025-12-10 17:57:44,182.5,,공통,raw,
b200_heavy_work_r1,GA,Large (141-200),200,heavy_work,321.26666666666665,15,20251210,138,BLK_138S,3,NC,5,2025-12-10 17:57:44,2025-12-10 19:03:48,66.1,,공통,raw,
b200_heavy_work_r1,GA,Large (141-200),200,heavy_work,321.26666666666665,15,20251210,138,BLK_138S,3,베이36B 론지취부,6,2025-12-10 19:03:48,2025-12-10 20:52:24,108.6,36B,베이36B,raw,
b200_heavy_work_r1,GA,Large (141-200),200,heavy_work,321.26666666666665,15,20251210,138,BLK_138S,3,베이36B 론지용접,7,2025-12-10 20:52:24,2025-12-10 21:24:34,32.2,36B,베이36B,raw,
b200_heavy_work_r1,GA,Large (141-200),200,heavy_work,321.26666666666665,15,20251210,138,BLK_138S,3,베이36B 수정,8,2025-12-10 21:24:34,2025-12-10 22:31:17,66.7,36B,베이36B,raw,
b200_heavy_work_r1,GA,Large (141-200),200,heavy_work,321.26666666666665,15,20251210,111,BLK_111S,4,판계,1,2025-12-10 09:54:00,2025-12-10 10:30:00,36.0,,공통,raw,
b200_heavy_work_r1,GA,Large (141-200),200,heavy_work,321.26666666666665,15,20251210,111,BLK_111S,4,전면SAW,2,2025-12-10 14:40:48,2025-12-10 15:36:48,56.0,,공통,raw,
b200_heavy_work_r1,GA,Large (141-200),200,heavy_work,321.26666666666665,15,20251210,111,BLK_111S,4,TurnOver,3,2025-12-10 15:36:48,2025-12-10 15:51:12,14.4,,공통,raw,
b200_heavy_work_r1,GA,Large (141-200),200,heavy_work,321.26666666666665,15,20251210,111,BLK_111S,4,후면SAW,4,2025-12-10 17:57:44,2025-12-10 18:46:05,48.3,,공통,raw,
b200_heavy_work_r1,GA,Large (141-200),200,heavy_work,321.26666666666665,15,20251210,111,BLK_111S,4,NC,5,2025-12-10 19:03:48,2025-12-10 19:57:00,53.2,,공통,raw,
b200_heavy_work_r1,GA,Large (141-200),200,heavy_work,321.26666666666665,15,20251210,111,BLK_111S,4,베이35A 론지취부,6,2025-12-10 19:57:00,2025-12-10 21:58:12,121.2,35A,베이35A,raw,
b200_heavy_work_r1,GA,Large (141-200),200,heavy_work,321.26666666666665,15,20251210,111,BLK_111S,4,베이35A 론지용접,7,2025-12-10 21:58:12,2025-12-10 22:32:31,34.3,35A,베이35A,raw,
b200_heavy_work_r1,GA,Large (141-200),200,heavy_work,321.26666666666665,15,20251210,111,BLK_111S,4,베이35A 수정,8,2025-12-10 22:32:31,2025-12-10 23:47:10,74.6,35A,베이35A,raw,
b200_heavy_work_r1,GA,Large (141-200),200,heavy_work,321.26666666666665,15,20251210,16,BLK_16S,5,판계,1,2025-12-10 10:30:00,2025-12-10 11:12:00,42.0,,공통,raw,
b200_heavy_work_r1,GA,Large (141-200),200,heavy_work,321.26666666666665,15,20251210,16,BLK_16S,5,전면SAW,2,2025-12-10 15:36:48,2025-12-10 19:18:46,222.0,,공통,raw,
b200_heavy_work_r1,GA,Large (141-200),200,heavy_work,321.26666666666665,15,20251210,16,BLK_16S,5,TurnOver,3,2025-12-10 19:18:46,2025-12-10 19:33:10,14.4,,공통,raw,
b200_heavy_work_r1,GA,Large (141-200),200,heavy_work,321.26666666666665,15,20251210,16,BLK_16S,5,후면SAW,4,2025-12-10 19:33:10,2025-12-10 22:37:15,184.1,,공통,raw,
b200_heavy_work_r1,GA,Large (141-200),200,heavy_work,321.26666666666665,15,20251210,16,BLK_16S,5,NC,5,2025-12-10 22:37:15,2025-12-10 23:27:32,50.3,,공통,raw,
b200_heavy_work_r1,GA,Large (141-200),200,heavy_work,321.26666666666665,15,20251210,16,BLK_16S,5,베이36B 론지취부,6,2025-12-10 23:27:32,2025-12-11 00:17:20,49.8,36B,베이36B,raw,
b200_heavy_work_r1,GA,Large (141-200),200,heavy_work,321.26666666666665,15,20251210,16,BLK_16S,5,베이36B 론지용접,7,2025-12-11 00:17:20,2025-12-11 00:39:25,22.1,36B,베이36B,raw,
b200_heavy_work_r1,GA,Large (141-200),200,heavy_work,321.26666666666665,15,20251210,16,BLK_16S,5,베이36B 수정,8,2025-12-11 00:39:25,2025-12-11 01:09:10,29.8,36B,베이36B,raw,
b200_heavy_work_r1,GA,Large (141-200),200,heavy_work,321.26666666666665,15,20251210,168,BLK_168S,6,판계,1,2025-12-10 11:12:00,2025-12-10 11:42:00,30.0,,공통,raw,
b200_heavy_work_r1,GA,Large (141-200),200,heavy_work,321.26666666666665,15,20251210,168,BLK_168S,6,전면SAW,2,2025-12-10 19:18:46,2025-12-10 19:57:51,39.1,,공통,raw,
b200_heavy_work_r1,GA,Large (141-200),200,heavy_work,321.26666666666665,15,20251210,168,BLK_168S,6,TurnOver,3,2025-12-10 19:57:51,2025-12-10 20:12:15,14.4,,공통,raw,
b200_heavy_work_r1,GA,Large (141-200),200,heavy_work,321.26666666666665,15,20251210,168,BLK_168S,6,후면SAW,4,2025-12-10 22:37:15,2025-12-10 23:03:19,26.1,,공통,raw,
b200_heavy_work_r1,GA,Large (141-200),200,heavy_work,321.26666666666665,15,20251210,168,BLK_168S,6,NC,5,2025-12-10 23:27:32,2025-12-11 00:10:58,43.4,,공통,raw,
b200_heavy_work_r1,GA,Large (141-200),200,heavy_work,321.26666666666665,15,20251210,168,BLK_168S,6,베이35A 론지취부,6,2025-12-11 00:10:58,2025-12-11 01:13:22,62.4,35A,베이35A,raw,
b200_heavy_work_r1,GA,Large (141-200),200,heavy_work,321.26666666666665,15,20251210,168,BLK_168S,6,베이35A 론지용접,7,2025-12-11 01:13:22,2025-12-11 01:37:37,24.2,35A,베이35A,raw,
b200_heavy_work_r1,GA,Large (141-200),200,heavy_work,321.26666666666665,15,20251210,168,BLK_168S,6,베이35A 수정,8,2025-12-11 01:37:37,2025-12-11 02:15:18,37.7,35A,베이35A,raw,
b200_heavy_work_r1,GA,Large (141-200),200,heavy_work,321.26666666666665,15,20251210,185,BLK_185P,7,판계,1,2025-12-10 11:42:00,2025-12-10 12:15:36,33.6,,공통,raw,
b200_heavy_work_r1,GA,Large (141-200),200,heavy_work,321.26666666666665,15,20251210,185,BLK_185P,7,전면SAW,2,2025-12-10 19:57:51,2025-12-10 22:23:21,145.5,,공통,raw,
b200_heavy_work_r1,GA,Large (141-200),200,heavy_work,321.26666666666665,15,20251210,185,BLK_185P,7,TurnOver,3,2025-12-10 22:23:21,2025-12-10 22:37:45,14.4,,공통,raw,
b200_heavy_work_r1,GA,Large (141-200),200,heavy_work,321.26666666666665,15,20251210,185,BLK_185P,7,후면SAW,4,2025-12-10 23:03:19,2025-12-11 01:01:18,118.0,,공통,raw,
b200_heavy_work_r1,GA,Large (141-200),200,heavy_work,321.26666666666665,15,20251210,185,BLK_185P,7,NC,5,2025-12-11 01:01:18,2025-12-11 01:42:41,41.4,,공통,raw,
b200_heavy_work_r1,GA,Large (141-200),200,heavy_work,321.26666666666665,15,20251210,185,BLK_185P,7,베이36B 론지취부,6,2025-12-11 01:42:41,2025-12-11 02:40:53,58.2,36B,베이36B,raw,
b200_heavy_work_r1,GA,Large (141-200),200,heavy_work,321.26666666666665,15,20251210,185,BLK_185P,7,베이36B 론지용접,7,2025-12-11 02:40:53,2025-12-11 03:04:24,23.5,36B,베이36B,raw,
b200_heavy_work_r1,GA,Large (141-200),200,heavy_work,321.26666666666665,15,20251210,185,BLK_185P,7,베이36B 수정,8,2025-12-11 03:04:24,2025-12-11 03:39:26,35.0,36B,베이36B,raw,
b200_heavy_work_r1,GA,Large (141-200),200,heavy_work,321.26666666666665,15,20251210,4,BLK_4C,8,판계,1,2025-12-10 12:15:36,2025-12-10 12:39:36,24.0,,공통,raw,
b200_heavy_work_r1,GA,Large (141-200),200,heavy_work,321.26666666666665,15,20251210,4,BLK_4C,8,전면SAW,2,2025-12-10 22:23:21,2025-12-10 23:25:01,61.7,,공통,raw,
b200_heavy_work_r1,GA,Large (141-200),200,heavy_work,321.26666666666665,15,20251210,4,BLK_4C,8,TurnOver,3,2025-12-10 23:25:01,2025-12-10 23:39:25,14.4,,공통,raw,
b200_heavy_work_r1,GA,Large (141-200),200,heavy_work,321.26666666666665,15,20251210,4,BLK_4C,8,후면SAW,4,2025-12-11 01:01:18,2025-12-11 01:57:05,55.8,,공통,raw,
b200_heavy_work_r1,GA,Large (141-200),200,heavy_work,321.26666666666665,15,20251210,4,BLK_4C,8,NC,5,2025-12-11 01:57:05,2025-12-11 02:33:56,36.8,,공통,raw,
b200_heavy_work_r1,GA,Large (141-200),200,heavy_work,321.26666666666665,15,20251210,4,BLK_4C,8,베이35A 론지취부,6,2025-12-11 02:33:56,2025-12-11 03:27:56,54.0,35A,베이35A,raw,
b200_heavy_work_r1,GA,Large (141-200),200,heavy_work,321.26666666666665,15,20251210,4,BLK_4C,8,베이35A 론지용접,7,2025-12-11 03:27:56,2025-12-11 03:50:44,22.8,35A,베이35A,raw,
b200_heavy_work_r1,GA,Large (141-200),200,heavy_work,321.26666666666665,15,20251210,4,BLK_4C,8,베이35A 수정,8,2025-12-11 03:50:44,2025-12-11 04:23:08,32.4,35A,베이35A,raw,
b200_heavy_work_r1,GA,Large (141-200),200,heavy_work,321.26666666666665,15,20251210,99,BLK_99P,9,판계,1,2025-12-10 12:39:36,2025-12-10 13:09:36,30.0,,공통,raw,
b200_heavy_work_r1,GA,Large (141-200),200,heavy_work,321.26666666666665,15,20251210,99,BLK_99P,9,전면SAW,2,2025-12-10 23:25:01,2025-12-11 00:07:45,42.7,,공통,raw,
b200_heavy_work_r1,GA,Large (141-200),200,heavy_work,321.26666666666665,15,20251210,99,BLK_99P,9,TurnOver,3,2025-12-11 00:07:45,2025-12-11 00:22:09,14.4,,공통,raw,
b200_heavy_work_r1,GA,Large (141-200),200,heavy_work,321.26666666666665,15,20251210,99,BLK_99P,9,후면SAW,4,2025-12-11 01:57:05,2025-12-11 02:27:59,30.9,,공통,raw,
b200_heavy_work_r1,GA,Large (141-200),200,heavy_work,321.26666666666665,15,20251210,99,BLK_99P,9,NC,5,2025-12-11 02:33:56,2025-12-11 03:18:37,44.7,,공통,raw,
b200_heavy_work_r1,GA,Large (141-200),200,heavy_work,321.26666666666665,15,20251210,99,BLK_99P,9,베이36B 론지취부,6,2025-12-11 03:18:37,2025-12-11 04:33:37,75.0,36B,베이36B,raw,
b200_heavy_work_r1,GA,Large (141-200),200,heavy_work,321.26666666666665,15,20251210,99,BLK_99P,9,베이36B 론지용접,7,2025-12-11 04:33:37,2025-12-11 05:00:01,26.4,36B,베이36B,raw,
b200_heavy_work_r1,GA,Large (141-200),200,heavy_work,321.26666666666665,15,20251210,99,BLK_99P,9,베이36B 수정,8,2025-12-11 05:00:01,2025-12-11 05:45:37,45.6,36B,베이36B,raw,
b200_heavy_work_r1,GA,Large (141-200),200,heavy_work,321.26666666666665,15,20251210,155,BLK_155C,10,판계,1,2025-12-10 13:09:36,2025-12-10 13:45:36,36.0,,공통,raw,
b200_heavy_work_r1,GA,Large (141-200),200,heavy_work,321.26666666666665,15,20251210,155,BLK_155C,10,전면SAW,2,2025-12-11 00:07:45,2025-12-11 02:08:49,121.1,,공통,raw,
b200_heavy_work_r1,GA,Large (141-200),200,heavy_work,321.26666666666665,15,20251210,155,BLK_155C,10,TurnOver,3,2025-12-11 02:08:49,2025-12-11 02:23:13,14.4,,공통,raw,
b200_heavy_work_r1,GA,Large (141-200),200,heavy_work,321.26666666666665,15,20251210,155,BLK_155C,10,후면SAW,4,2025-12-11 02:27:59,2025-12-11 04:03:40,95.7,,공통,raw,
b200_heavy_work_r1,GA,Large (141-200),200,heavy_work,321.26666666666665,15,20251210,155,BLK_155C,10,NC,5,2025-12-11 04:03:40,2025-12-11 05:07:45,64.1,,공통,raw,
b200_heavy_work_r1,GA,Large (141-200),200,heavy_work,321.26666666666665,15,20251210,155,BLK_155C,10,베이36B 론지취부,6,2025-12-11 05:07:45,2025-12-11 06:43:45,96.0,36B,베이36B,raw,
b200_heavy_work_r1,GA,Large (141-200),200,heavy_work,321.26666666666665,15,20251210,155,BLK_155C,10,베이36B 론지용접,7,2025-12-11 06:43:45,2025-12-11 07:13:45,30.0,36B,베이36B,raw,
b200_heavy_work_r1,GA,Large (141-200),200,heavy_work,321.26666666666665,15,20251210,155,BLK_155C,10,베이36B 수정,8,2025-12-11 07:13:45,2025-12-11 08:12:33,58.8,36B,베이36B,raw,
b200_heavy_work_r1,GA,Large (141-200),200,heavy_work,321.26666666666665,15,20251210,20,BLK_20S,11,판계,1,2025-12-10 13:45:36,2025-12-10 14:15:36,30.0,,공통,raw,
b200_heavy_work_r1,GA,Large (141-200),200,heavy_work,321.26666666666665,15,20251210,20,BLK_20S,11,전면SAW,2,2025-12-11 02:08:49,2025-12-11 03:00:46,51.9,,공통,raw,
b200_heavy_work_r1,GA,Large (141-200),200,heavy_work,321.26666666666665,15,20251210,20,BLK_20S,11,TurnOver,3,2025-12-11 03:00:46,2025-12-11 03:15:10,14.4,,공통,raw,
b200_heavy_work_r1,GA,Large (141-200),200,heavy_work,321.26666666666665,15,20251210,20,BLK_20S,11,후면SAW,4,2025-12-11 04:03:40,2025-12-11 04:46:41,43.0,,공통,raw,
b200_heavy_work_r1,GA,Large (141-200),200,heavy_work,321.26666666666665,15,20251210,20,BLK_20S,11,NC,5,2025-12-11 05:07:45,2025-12-11 05:49:40,41.9,,공통,raw,
b200_heavy_work_r1,GA,Large (141-200),200,heavy_work,321.26666666666665,15,20251210,20,BLK_20S,11,베이35A 론지취부,6,2025-12-11 05:49:40,2025-12-11 06:47:52,58.2,35A,베이35A,raw,
b200_heavy_work_r1,GA,Large (141-200),200,heavy_work,321.26666666666665,15,20251210,20,BLK_20S,11,베이35A 론지용접,7,2025-12-11 06:47:52,2025-12-11 07:11:23,23.5,35A,베이35A,raw,
b200_heavy_work_r1,GA,Large (141-200),200,heavy_work,321.26666666666665,15,20251210,20,BLK_20S,11,베이35A 수정,8,2025-12-11 07:11:23,2025-12-11 07:46:25,35.0,35A,베이35A,raw,
b200_heavy_work_r1,GA,Large (141-200),200,heavy_work,321.26666666666665,15,20251210,42,BLK_42P,12,판계,1,2025-12-10 14:15:36,2025-12-10 14:39:36,24.0,,공통,raw,
b200_heavy_work_r1,GA,Large (141-200),200,heavy_work,321.26666666666665,15,20251210,42,BLK_42P,12,전면SAW,2,2025-12-11 03:00:46,2025-12-11 03:41:47,41.0,,공통,raw,
b200_heavy_work_r1,GA,Large (141-200),200,heavy_work,321.26666666666665,15,20251210,42,BLK_42P,12,TurnOver,3,2025-12-11 03:41:47,2025-12-11 03:56:11,14.4,,공통,raw,
b200_heavy_work_r1,GA,Large (141-200),200,heavy_work,321.26666666666665,15,20251210,42,BLK_42P,12,후면SAW,4,2025-12-11 04:46:41,2025-12-11 05:15:18,28.6,,공통,raw,
b200_heavy_work_r1,GA,Large (141-200),200,heavy_work,321.26666666666665,15,20251210,42,BLK_42P,12,NC,5,2025-12-11 05:49:40,2025-12-11 06:26:39,37.0,,공통,raw,
b200_heavy_work_r1,GA,Large (141-200),200,heavy_work,321.26666666666665,15,20251210,42,BLK_42P,12,베이36B 론지취부,6,2025-12-11 06:43:45,2025-12-11 07:58:45,75.0,36B,베이36B,raw,
b200_heavy_work_r1,GA,Large (141-200),200,heavy_work,321.26666666666665,15,20251210,42,BLK_42P,12,베이36B 론지용접,7,2025-12-11 07:58:45,2025-12-11 08:25:09,26.4,36B,베이36B,raw,
b200_heavy_work_r1,GA,Large (141-200),200,heavy_work,321.26666666666665,15,20251210,42,BLK_42P,12,베이36B 수정,8,2025-12-11 08:25:09,2025-12-11 09:10:45,45.6,36B,베이36B,raw,
b200_heavy_work_r1,GA,Large (141-200),200,heavy_work,321.26666666666665,15,20251210,136,BLK_136P,13,판계,1,2025-12-10 14:39:36,2025-12-10 15:25:12,45.6,,공통,raw,
b200_heavy_work_r1,GA,Large (141-200),200,heavy_work,321.26666666666665,15,20251210,136,BLK_136P,13,전면SAW,2,2025-12-11 03:41:47,2025-12-11 05:43:01,121.2,,공통,raw,
b200_heavy_work_r1,GA,Large (141-200),200,heavy_work,321.26666666666665,15,20251210,136,BLK_136P,13,TurnOver,3,2025-12-11 05:43:01,2025-12-11 05:57:25,14.4,,공통,raw,
b200_heavy_work_r1,GA,Large (141-200),200,heavy_work,321.26666666666665,15,20251210,136,BLK_136P,13,후면SAW,4,2025-12-11 05:57:25,2025-12-11 07:33:15,95.8,,공통,raw,
b200_heavy_work_r1,GA,Large (141-200),200,heavy_work,321.26666666666665,15,20251210,136,BLK_136P,13,NC,5,2025-12-11 07:33:15,2025-12-11 08:28:54,55.6,,공통,raw,
b200_heavy_work_r1,GA,Large (141-200),200,heavy_work,321.26666666666665,15,20251210,136,BLK_136P,13,베이35A 론지취부,6,2025-12-11 08:28:54,2025-12-11 09:56:30,87.6,35A,베이35A,raw,
b200_heavy_work_r1,GA,Large (141-200),200,heavy_work,321.26666666666665,15,20251210,136,BLK_136P,13,베이35A 론지용접,7,2025-12-11 09:56:30,2025-12-11 10:25:04,28.6,35A,베이35A,raw,
b200_heavy_work_r1,GA,Large (141-200),200,heavy_work,321.26666666666665,15,20251210,136,BLK_136P,13,베이35A 수정,8,2025-12-11 10:25:04,2025-12-11 11:18:35,53.5,35A,베이35A,raw,
b200_heavy_work_r1,GA,Large (141-200),200,heavy_work,321.26666666666665,15,20251210,36,BLK_36C,14,판계,1,2025-12-10 15:25:12,2025-12-10 15:49:12,24.0,,공통,raw,
b200_heavy_work_r1,GA,Large (141-200),200,heavy_work,321.26666666666665,15,20251210,36,BLK_36C,14,전면SAW,2,2025-12-11 05:43:01,2025-12-11 06:23:16,40.2,,공통,raw,
b200_heavy_work_r1,GA,Large (141-200),200,heavy_work,321.26666666666665,15,20251210,36,BLK_36C,14,TurnOver,3,2025-12-11 06:23:16,2025-12-11 06:37:40,14.4,,공통,raw,
b200_heavy_work_r1,GA,Large (141-200),200,heavy_work,321.26666666666665,15,20251210,36,BLK_36C,14,후면SAW,4,2025-12-11 07:33:15,2025-12-11 08:00:52,27.6,,공통,raw,
b200_heavy_work_r1,GA,Large (141-200),200,heavy_work,321.26666666666665,15,20251210,36,BLK_36C,14,NC,5,2025-12-11 08:28:54,2025-12-11 09:02:26,33.5,,공통,raw,
b200_heavy_work_r1,GA,Large (141-200),200,heavy_work,321.26666666666665,15,20251210,36,BLK_36C,14,베이36B 론지취부,6,2025-12-11 09:02:26,2025-12-11 09:52:14,49.8,36B,베이36B,raw,
b200_heavy_work_r1,GA,Large (141-200),200,heavy_work,321.26666666666665,15,20251210,36,BLK_36C,14,베이36B 론지용접,7,2025-12-11 09:52:14,2025-12-11 10:14:18,22.1,36B,베이36B,raw,
b200_heavy_work_r1,GA,Large (141-200),200,heavy_work,321.26666666666665,15,20251210,36,BLK_36C,14,베이36B 수정,8,2025-12-11 10:14:18,2025-12-11 10:44:04,29.8,36B,베이36B,raw,
b200_heavy_work_r1,GA,Large (141-200),200,heavy_work,321.26666666666665,15,20251210,24,BLK_24P,15,판계,1,2025-12-10 15:49:12,2025-12-10 16:28:48,39.6,,공통,raw,
b200_heavy_work_r1,GA,Large (141-200),200,heavy_work,321.26666666666665,15,20251210,24,BLK_24P,15,전면SAW,2,2025-12-11 06:23:16,2025-12-11 08:22:56,119.7,,공통,raw,
b200_heavy_work_r1,GA,Large (141-200),200,heavy_work,321.26666666666665,15,20251210,24,BLK_24P,15,TurnOver,3,2025-12-11 08:22:56,2025-12-11 08:37:20,14.4,,공통,raw,
b200_heavy_work_r1,GA,Large (141-200),200,heavy_work,321.26666666666665,15,20251210,24,BLK_24P,15,후면SAW,4,2025-12-11 08:37:20,2025-12-11 10:35:17,117.9,,공통,raw,
b200_heavy_work_r1,GA,Large (141-200),200,heavy_work,321.26666666666665,15,20251210,24,BLK_24P,15,NC,5,2025-12-11 10:35:17,2025-12-11 11:21:11,45.9,,공통,raw,
b200_heavy_work_r1,GA,Large (141-200),200,heavy_work,321.26666666666665,15,20251210,24,BLK_24P,15,베이35A 론지취부,6,2025-12-11 11:21:11,2025-12-11 12:15:11,54.0,35A,베이35A,raw,
b200_heavy_work_r1,GA,Large (141-200),200,heavy_work,321.26666666666665,15,20251210,24,BLK_24P,15,베이35A 론지용접,7,2025-12-11 12:15:11,2025-12-11 12:37:59,22.8,35A,베이35A,raw,
b200_heavy_work_r1,GA,Large (141-200),200,heavy_work,321.26666666666665,15,20251210,24,BLK_24P,15,베이35A 수정,8,2025-12-11 12:37:59,2025-12-11 13:10:23,32.4,35A,베이35A,raw,
b200_heavy_work_r1,GA,Large (141-200),200,heavy_work,321.26666666666665,15,20251210,156,BLK_156S,16,판계,1,2025-12-10 16:28:48,2025-12-10 16:52:48,24.0,,공통,raw,
b200_heavy_work_r1,GA,Large (141-200),200,heavy_work,321.26666666666665,15,20251210,156,BLK_156S,16,전면SAW,2,2025-12-11 08:22:56,2025-12-11 09:39:32,76.6,,공통,raw,
b200_heavy_work_r1,GA,Large (141-200),200,heavy_work,321.26666666666665,15,20251210,156,BLK_156S,16,TurnOver,3,2025-12-11 09:39:32,2025-12-11 09:53:56,14.4,,공통,raw,
b200_heavy_work_r1,GA,Large (141-200),200,heavy_work,321.26666666666665,15,20251210,156,BLK_156S,16,후면SAW,4,2025-12-11 10:35:17,2025-12-11 11:50:44,75.5,,공통,raw,
b200_heavy_work_r1,GA,Large (141-200),200,heavy_work,321.26666666666665,15,20251210,156,BLK_156S,16,NC,5,2025-12-11 11:50:44,2025-12-11 12:28:58,38.2,,공통,raw,
b200_heavy_work_r1,GA,Large (141-200),200,heavy_work,321.26666666666665,15,20251210,156,BLK_156S,16,베이36B 론지취부,6,2025-12-11 12:28:58,2025-12-11 13:52:22,83.4,36B,베이36B,raw,
b200_heavy_work_r1,GA,Large (141-200),200,heavy_work,321.26666666666665,15,20251210,156,BLK_156S,16,베이36B 론지용접,7,2025-12-11 13:52:22,2025-12-11 14:20:13,27.8,36B,베이36B,raw,
b200_heavy_work_r1,GA,Large (141-200),200,heavy_work,321.26666666666665,15,20251210,156,BLK_156S,16,베이36B 수정,8,2025-12-11 14:20:13,2025-12-11 15:11:06,50.9,36B,베이36B,raw,
b200_heavy_work_r1,GA,Large (141-200),200,heavy_work,321.26666666666665,15,20251210,28,BLK_28C,17,판계,1,2025-12-10 16:52:48,2025-12-10 17:32:24,39.6,,공통,raw,
b200_heavy_work_r1,GA,Large (141-200),200,heavy_work,321.26666666666665,15,20251210,28,BLK_28C,17,전면SAW,2,2025-12-11 09:39:32,2025-12-11 12:04:46,145.2,,공통,raw,
b200_heavy_work_r1,GA,Large (141-200),200,heavy_work,321.26666666666665,15,20251210,28,BLK_28C,17,TurnOver,3,2025-12-11 12:04:46,2025-12-11 12:19:10,14.4,,공통,raw,
b200_heavy_work_r1,GA,Large (141-200),200,heavy_work,321.26666666666665,15,20251210,28,BLK_28C,17,후면SAW,4,2025-12-11 12:19:10,2025-12-11 14:16:54,117.7,,공통,raw,
b200_heavy_work_r1,GA,Large (141-200),200,heavy_work,321.26666666666665,15,20251210,28,BLK_28C,17,NC,5,2025-12-11 14:16:54,2025-12-11 15:05:09,48.3,,공통,raw,
b200_heavy_work_r1,GA,Large (141-200),200,heavy_work,321.26666666666665,15,20251210,28,BLK_28C,17,베이35A 론지취부,6,2025-12-11 15:05:09,2025-12-11 16:32:45,87.6,35A,베이35A,raw,
b200_heavy_work_r1,GA,Large (141-200),200,heavy_work,321.26666666666665,15,20251210,28,BLK_28C,17,베이35A 론지용접,7,2025-12-11 16:32:45,2025-12-11 17:01:19,28.6,35A,베이35A,raw,
b200_heavy_work_r1,GA,Large (141-200),200,heavy_work,321.26666666666665,15,20251210,28,BLK_28C,17,베이35A 수정,8,2025-12-11 17:01:19,2025-12-11 17:54:50,53.5,35A,베이35A,raw,
b200_heavy_work_r1,GA,Large (141-200),200,heavy_work,321.26666666666665,15,20251210,47,BLK_47P,18,판계,1,2025-12-10 17:32:24,2025-12-10 17:56:24,24.0,,공통,raw,
b200_heavy_work_r1,GA,Large (141-200),200,heavy_work,321.26666666666665,15,20251210,47,BLK_47P,18,전면SAW,2,2025-12-11 12:04:46,2025-12-11 12:40:11,35.4,,공통,raw,
b200_heavy_work_r1,GA,Large (141-200),200,heavy_work,321.26666666666665,15,20251210,47,BLK_47P,18,TurnOver,3,2025-12-11 12:40:11,2025-12-11 12:54:35,14.4,,공통,raw,
b200_heavy_work_r1,GA,Large (141-200),200,heavy_work,321.26666666666665,15,20251210,47,BLK_47P,18,후면SAW,4,2025-12-11 14:16:54,2025-12-11 14:38:08,21.2,,공통,raw,
b200_heavy_work_r1,GA,Large (141-200),200,heavy_work,321.26666666666665,15,20251210,47,BLK_47P,18,NC,5,2025-12-11 15:05:09,2025-12-11 15:35:38,30.5,,공통,raw,
b200_heavy_work_r1,GA,Large (141-200),200,heavy_work,321.26666666666665,15,20251210,47,BLK_47P,18,베이36B 론지취부,6,2025-12-11 15:35:38,2025-12-11 16:25:26,49.8,36B,베이36B,raw,
b200_heavy_work_r1,GA,Large (141-200),200,heavy_work,321.26666666666665,15,20251210,47,BLK_47P,18,베이36B 론지용접,7,2025-12-11 16:25:26,2025-12-11 16:42:43,17.3,36B,베이36B,raw,
b200_heavy_work_r1,GA,Large (141-200),200,heavy_work,321.26666666666665,15,20251210,47,BLK_47P,18,베이36B 수정,8,2025-12-11 16:42:43,2025-12-11 17:12:28,29.8,36B,베이36B,raw,
b200_heavy_work_r1,GA,Large (141-200),200,heavy_work,321.26666666666665,15,20251210,48,BLK_48P,19,판계,1,2025-12-10 17:56:24,2025-12-10 18:50:24,54.0,,공통,raw,
b200_heavy_work_r1,GA,Large (141-200),200,heavy_work,321.26666666666665,15,20251210,48,BLK_48P,19,전면SAW,2,2025-12-11 12:40:11,2025-12-11 16:28:11,228.0,,공통,raw,
b200_heavy_work_r1,GA,Large (141-200),200,heavy_work,321.26666666666665,15,20251210,48,BLK_48P,19,TurnOver,3,2025-12-11 16:28:11,2025-12-11 16:42:35,14.4,,공통,raw,
b200_heavy_work_r1,GA,Large (141-200),200,heavy_work,321.26666666666665,15,20251210,48,BLK_48P,19,후면SAW,4,2025-12-11 16:42:35,2025-12-11 19:29:26,166.9,,공통,raw,
b200_heavy_work_r1,GA,Large (141-200),200,heavy_work,321.26666666666665,15,20251210,48,BLK_48P,19,NC,5,2025-12-11 19:29:26,2025-12-11 20:36:42,67.3,,공통,raw,
b200_heavy_work_r1,GA,Large (141-200),200,heavy_work,321.26666666666665,15,20251210,48,BLK_48P,19,베이35A 론지취부,6,2025-12-11 20:36:42,2025-12-11 21:51:42,75.0,35A,베이35A,raw,
b200_heavy_work_r1,GA,Large (141-200),200,heavy_work,321.26666666666665,15,20251210,48,BLK_48P,19,베이35A 론지용접,7,2025-12-11 21:51:42,2025-12-11 22:18:06,26.4,35A,베이35A,raw,
b200_heavy_work_r1,GA,Large (141-200),200,heavy_work,321.26666666666665,15,20251210,48,BLK_48P,19,베이35A 수정,8,2025-12-11 22:18:06,2025-12-11 23:03:42,45.6,35A,베이35A,raw,
b200_heavy_work_r1,GA,Large (141-200),200,heavy_work,321.26666666666665,15,20251211,51,BLK_51C,1,판계,1,2025-12-11 08:00:00,2025-12-11 08:36:00,36.0,,공통,raw,
b200_heavy_work_r1,GA,Large (141-200),200,heavy_work,321.26666666666665,15,20251211,51,BLK_51C,1,전면SAW,2,2025-12-11 16:28:11,2025-12-11 17:04:25,36.2,,공통,raw,
b200_heavy_work_r1,GA,Large (141-200),200,heavy_work,321.26666666666665,15,20251211,51,BLK_51C,1,TurnOver,3,2025-12-11 17:04:25,2025-12-11 17:18:49,14.4,,공통,raw,
b200_heavy_work_r1,GA,Large (141-200),200,heavy_work,321.26666666666665,15,20251211,51,BLK_51C,1,후면SAW,4,2025-12-11 19:29:26,2025-12-11 19:51:46,22.3,,공통,raw,
b200_heavy_work_r1,GA,Large (141-200),200,heavy_work,321.26666666666665,15,20251211,51,BLK_51C,1,NC,5,2025-12-11 20:36:42,2025-12-11 21:24:25,47.7,,공통,raw,
b200_heavy_work_r1,GA,Large (141-200),200,heavy_work,321.26666666666665,15,20251211,51,BLK_51C,1,베이36B 론지취부,6,2025-12-11 21:24:25,2025-12-11 22:22:37,58.2,36B,베이36B,raw,
b200_heavy_work_r1,GA,Large (141-200),200,heavy_work,321.26666666666665,15,20251211,51,BLK_51C,1,베이36B 론지용접,7,2025-12-11 22:22:37,2025-12-11 22:46:09,23.5,36B,베이36B,raw,
b200_heavy_work_r1,GA,Large (141-200),200,heavy_work,321.26666666666665,15,20251211,51,BLK_51C,1,베이36B 수정,8,2025-12-11 22:46:09,2025-12-11 23:21:11,35.0,36B,베이36B,raw,
b200_heavy_work_r1,GA,Large (141-200),200,heavy_work,321.26666666666665,15,20251211,55,BLK_55C,2,판계,1,2025-12-11 08:36:00,2025-12-11 09:12:00,36.0,,공통,raw,
b200_heavy_work_r1,GA,Large (141-200),200,heavy_work,321.26666666666665,15,20251211,55,BLK_55C,2,전면SAW,2,2025-12-11 17:04:25,2025-12-11 17:39:45,35.3,,공통,raw,
b200_heavy_work_r1,GA,Large (141-200),200,heavy_work,321.26666666666665,15,20251211,55,BLK_55C,2,TurnOver,3,2025-12-11 17:39:45,2025-12-11 17:54:09,14.4,,공통,raw,
b200_heavy_work_r1,GA,Large (141-200),200,heavy_work,321.26666666666665,15,20251211,55,BLK_55C,2,후면SAW,4,2025-12-11 19:51:46,2025-12-11 20:12:54,21.1,,공통,raw,
b200_heavy_work_r1,GA,Large (141-200),200,heavy_work,321.26666666666665,15,20251211,55,BLK_55C,2,NC,5,2025-12-11 21:24:25,2025-12-11 22:11:34,47.1,,공통,raw,
b200_heavy_work_r1,GA,Large (141-200),200,heavy_work,321.26666666666665,15,20251211,55,BLK_55C,2,베이35A 론지취부,6,2025-12-11 22:11:34,2025-12-11 23:22:22,70.8,35A,베이35A,raw,
b200_heavy_work_r1,GA,Large (141-200),200,heavy_work,321.26666666666665,15,20251211,55,BLK_55C,2,베이35A 론지용접,7,2025-12-11 23:22:22,2025-12-11 23:48:02,25.7,35A,베이35A,raw,
b200_heavy_work_r1,GA,Large (141-200),200,heavy_work,321.26666666666665,15,20251211,55,BLK_55C,2,베이35A 수정,8,2025-12-11 23:48:02,2025-12-12 00:31:00,43.0,35A,베이35A,raw,
b200_heavy_work_r1,GA,Large (141-200),200,heavy_work,321.26666666666665,15,20251211,56,BLK_56C,3,판계,1,2025-12-11 09:12:00,2025-12-11 10:06:00,54.0,,공통,raw,
b200_heavy_work_r1,GA,Large (141-200),200,heavy_work,321.26666666666665,15,20251211,56,BLK_56C,3,전면SAW,2,2025-12-11 17:39:45,2025-12-11 18:25:00,45.3,,공통,raw,
b200_heavy_work_r1,GA,Large (141-200),200,heavy_work,321.26666666666665,15,20251211,56,BLK_56C,3,TurnOver,3,2025-12-11 18:25:00,2025-12-11 18:39:24,14.4,,공통,raw,
b200_heavy_work_r1,GA,Large (141-200),200,heavy_work,321.26666666666665,15,20251211,56,BLK_56C,3,후면SAW,4,2025-12-11 20:12:54,2025-12-11 20:47:06,34.2,,공통,raw,
b200_heavy_work_r1,GA,Large (141-200),200,heavy_work,321.26666666666665,15,20251211,56,BLK_56C,3,NC,5,2025-12-11 22:11:34,2025-12-11 23:13:23,61.8,,공통,raw,
b200_heavy_work_r1,GA,Large (141-200),200,heavy_work,321.26666666666665,15,20251211,56,BLK_56C,3,베이36B 론지취부,6,2025-12-11 23:13:23,2025-12-12 00:15:47,62.4,36B,베이36B,raw,
b200_heavy_work_r1,GA,Large (141-200),200,heavy_work,321.26666666666665,15,20251211,56,BLK_56C,3,베이36B 론지용접,7,2025-12-12 00:15:47,2025-12-12 00:40:01,24.2,36B,베이36B,raw,
b200_heavy_work_r1,GA,Large (141-200),200,heavy_work,321.26666666666665,15,20251211,56,BLK_56C,3,베이36B 수정,8,2025-12-12 00:40:01,2025-12-12 01:17:42,37.7,36B,베이36B,raw,
b200_heavy_work_r1,GA,Large (141-200),200,heavy_work,321.26666666666665,15,20251211,59,BLK_59S,4,판계,1,2025-12-11 10:06:00,2025-12-11 10:42:00,36.0,,공통,raw,
b200_heavy_work_r1,GA,Large (141-200),200,heavy_work,321.26666666666665,15,20251211,59,BLK_59S,4,전면SAW,2,2025-12-11 18:25:00,2025-12-11 19:09:10,44.2,,공통,raw,
b200_heavy_work_r1,GA,Large (141-200),200,heavy_work,321.26666666666665,15,20251211,59,BLK_59S,4,TurnOver,3,2025-12-11 19:09:10,2025-12-11 19:23:34,14.4,,공통,raw,
b200_heavy_work_r1,GA,Large (141-200),200,heavy_work,321.26666666666665,15,20251211,59,BLK_59S,4,후면SAW,4,2025-12-11 20:47:06,2025-12-11 21:19:51,32.8,,공통,raw,
b200_heavy_work_r1,GA,Large (141-200),200,heavy_work,321.26666666666665,15,20251211,59,BLK_59S,4,NC,5,2025-12-11 23:13:23,2025-12-12 00:00:17,46.9,,공통,raw,
b200_heavy_work_r1,GA,Large (141-200),200,heavy_work,321.26666666666665,15,20251211,59,BLK_59S,4,베이35A 론지취부,6,2025-12-12 00:00:17,2025-12-12 01:23:41,83.4,35A,베이35A,raw,
b200_heavy_work_r1,GA,Large (141-200),200,heavy_work,321.26666666666665,15,20251211,59,BLK_59S,4,베이35A 론지용접,7,2025-12-12 01:23:41,2025-12-12 01:51:31,27.8,35A,베이35A,raw,
b200_heavy_work_r1,GA,Large (141-200),200,heavy_work,321.26666666666665,15,20251211,59,BLK_59S,4,베이35A 수정,8,2025-12-12 01:51:31,2025-12-12 02:42:24,50.9,35A,베이35A,raw,
b200_heavy_work_r1,GA,Large (141-200),200,heavy_work,321.26666666666665,15,20251211,72,BLK_72C,5,판계,1,2025-12-11 10:42:00,2025-12-11 11:06:00,24.0,,공통,raw,
b200_heavy_work_r1,GA,Large (141-200),200,heavy_work,321.26666666666665,15,20251211,72,BLK_72C,5,전면SAW,2,2025-12-11 19:09:10,2025-12-11 19:53:00,43.8,,공통,raw,
b200_heavy_work_r1,GA,Large (141-200),200,heavy_work,321.26666666666665,15,20251211,72,BLK_72C,5,TurnOver,3,2025-12-11 19:53:00,2025-12-11 20:07:24,14.4,,공통,raw,
b200_heavy_work_r1,GA,Large (141-200),200,heavy_work,321.26666666666665,15,20251211,72,BLK_72C,5,후면SAW,4,2025-12-11 21:19:51,2025-12-11 21:52:12,32.4,,공통,raw,
b200_heavy_work_r1,GA,Large (141-200),200,heavy_work,321.26666666666665,15,20251211,72,BLK_72C,5,NC,5,2025-12-12 00:00:17,2025-12-12 00:34:04,33.8,,공통,raw,
b200_heavy_work_r1,GA,Large (141-200),200,heavy_work,321.26666666666665,15,20251211,72,BLK_72C,5,베이36B 론지취부,6,2025-12-12 00:34:04,2025-12-12 01:23:52,49.8,36B,베이36B,raw,
b200_heavy_work_r1,GA,Large (141-200),200,heavy_work,321.26666666666665,15,20251211,72,BLK_72C,5,베이36B 론지용접,7,2025-12-12 01:23:52,2025-12-12 01:45:56,22.1,36B,베이36B,raw,
b200_heavy_work_r1,GA,Large (141-200),200,heavy_work,321.26666666666665,15,20251211,72,BLK_72C,5,베이36B 수정,8,2025-12-12 01:45:56,2025-12-12 02:15:42,29.8,36B,베이36B,raw,
b200_heavy_work_r1,GA,Large (141-200),200,heavy_work,321.26666666666665,15,20251211,62,BLK_62P,6,판계,1,2025-12-11 11:06:00,2025-12-11 12:16:48,70.8,,공통,raw,
b200_heavy_work_r1,GA,Large (141-200),200,heavy_work,321.26666666666665,15,20251211,62,BLK_62P,6,전면SAW,2,2025-12-11 19:53:00,2025-12-11 21:38:58,106.0,,공통,raw,
b200_heavy_work_r1,GA,Large (141-200),200,heavy_work,321.26666666666665,15,20251211,62,BLK_62P,6,TurnOver,3,2025-12-11 21:38:58,2025-12-11 21:53:22,14.4,,공통,raw,
b200_heavy_work_r1,GA,Large (141-200),200,heavy_work,321.26666666666665,15,20251211,62,BLK_62P,6,후면SAW,4,2025-12-11 21:53:22,2025-12-11 23:35:18,101.9,,공통,raw,
b200_heavy_work_r1,GA,Large (141-200),200,heavy_work,321.26666666666665,15,20251211,62,BLK_62P,6,NC,5,2025-12-12 00:34:04,2025-12-12 01:52:50,78.8,,공통,raw,
b200_heavy_work_r1,GA,Large (141-200),200,heavy_work,321.26666666666665,15,20251211,62,BLK_62P,6,베이36B 론지취부,6,2025-12-12 01:52:50,2025-12-12 03:28:50,96.0,36B,베이36B,raw,
b200_heavy_work_r1,GA,Large (141-200),200,heavy_work,321.26666666666665,15,20251211,62,BLK_62P,6,베이36B 론지용접,7,2025-12-12 03:28:50,2025-12-12 03:58:50,30.0,36B,베이36B,raw,
b200_heavy_work_r1,GA,Large (141-200),200,heavy_work,321.26666666666665,15,20251211,62,BLK_62P,6,베이36B 수정,8,2025-12-12 03:58:50,2025-12-12 04:57:38,58.8,36B,베이36B,raw,
b200_heavy_work_r1,GA,Large (141-200),200,heavy_work,321.26666666666665,15,20251211,64,BLK_64C,7,판계,1,2025-12-11 12:16:48,2025-12-11 12:52:48,36.0,,공통,raw,
b200_heavy_work_r1,GA,Large (141-200),200,heavy_work,321.26666666666665,15,20251211,64,BLK_64C,7,전면SAW,2,2025-12-11 21:38:58,2025-12-11 22:14:39,35.7,,공통,raw,
b200_heavy_work_r1,GA,Large (141-200),200,heavy_work,321.26666666666665,15,20251211,64,BLK_64C,7,TurnOver,3,2025-12-11 22:14:39,2025-12-11 22:29:03,14.4,,공통,raw,
b200_heavy_work_r1,GA,Large (141-200),200,heavy_work,321.26666666666665,15,20251211,64,BLK_64C,7,후면SAW,4,2025-12-11 23:35:18,2025-12-11 23:56:54,21.6,,공통,raw,
b200_heavy_work_r1,GA,Large (141-200),200,heavy_work,321.26666666666665,15,20251211,64,BLK_64C,7,NC,5,2025-12-12 01:52:50,2025-12-12 02:48:36,55.8,,공통,raw,
b200_heavy_work_r1,GA,Large (141-200),200,heavy_work,321.26666666666665,15,20251211,64,BLK_64C,7,베이35A 론지취부,6,2025-12-12 02:48:36,2025-12-12 04:41:24,112.8,35A,베이35A,raw,
b200_heavy_work_r1,GA,Large (141-200),200,heavy_work,321.26666666666665,15,20251211,64,BLK_64C,7,베이35A 론지용접,7,2025-12-12 04:41:24,2025-12-12 05:14:17,32.9,35A,베이35A,raw,
b200_heavy_work_r1,GA,Large (141-200),200,heavy_work,321.26666666666665,15,20251211,64,BLK_64C,7,베이35A 수정,8,2025-12-12 05:14:17,2025-12-12 06:23:39,69.4,35A,베이35A,raw,
b200_heavy_work_r1,GA,Large (141-200),200,heavy_work,321.26666666666665,15,20251211,66,BLK_66C,8,판계,1,2025-12-11 12:52:48,2025-12-11 13:26:24,33.6,,공통,raw,
b200_heavy_work_r1,GA,Large (141-200),200,heavy_work,321.26666666666665,15,20251211,66,BLK_66C,8,전면SAW,2,2025-12-11 22:14:39,2025-12-12 00:42:16,147.6,,공통,raw,
b200_heavy_work_r1,GA,Large (141-200),200,heavy_work,321.26666666666665,15,20251211,66,BLK_66C,8,TurnOver,3,2025-12-12 00:42:16,2025-12-12 00:56:40,14.4,,공통,raw,
b200_heavy_work_r1,GA,Large (141-200),200,heavy_work,321.26666666666665,15,20251211,66,BLK_66C,8,후면SAW,4,2025-12-12 00:56:40,2025-12-12 03:27:12,150.5,,공통,raw,
b200_heavy_work_r1,GA,Large (141-200),200,heavy_work,321.26666666666665,15,20251211,66,BLK_66C,8,NC,5,2025-12-12 03:27:12,2025-12-12 04:06:00,38.8,,공통,raw,
b200_heavy_work_r1,GA,Large (141-200),200,heavy_work,321.26666666666665,15,20251211,66,BLK_66C,8,베이36B 론지취부,6,2025-12-12 04:06:00,2025-12-12 04:55:48,49.8,36B,베이36B,raw,
b200_heavy_work_r1,GA,Large (141-200),200,heavy_work,321.26666666666665,15,20251211,66,BLK_66C,8,베이36B 론지용접,7,2025-12-12 04:55:48,2025-12-12 05:13:05,17.3,36B,베이36B,raw,
b200_heavy_work_r1,GA,Large (141-200),200,heavy_work,321.26666666666665,15,20251211,66,BLK_66C,8,베이36B 수정,8,2025-12-12 05:13:05,2025-12-12 05:42:51,29.8,36B,베이36B,raw,
b200_heavy_work_r1,GA,Large (141-200),200,heavy_work,321.26666666666665,15,20251211,67,BLK_67P,9,판계,1,2025-12-11 13:26:24,2025-12-11 13:56:24,30.0,,공통,raw,
b200_heavy_work_r1,GA,Large (141-200),200,heavy_work,321.26666666666665,15,20251211,67,BLK_67P,9,전면SAW,2,2025-12-12 00:42:16,2025-12-12 01:25:07,42.9,,공통,raw,
b200_heavy_work_r1,GA,Large (141-200),200,heavy_work,321.26666666666665,15,20251211,67,BLK_67P,9,TurnOver,3,2025-12-12 01:25:07,2025-12-12 01:39:31,14.4,,공통,raw,
b200_heavy_work_r1,GA,Large (141-200),200,heavy_work,321.26666666666665,15,20251211,67,BLK_67P,9,후면SAW,4,2025-12-12 03:27:12,2025-12-12 03:58:14,31.0,,공통,raw,
b200_heavy_work_r1,GA,Large (141-200),200,heavy_work,321.26666666666665,15,20251211,67,BLK_67P,9,NC,5,2025-12-12 04:06:00,2025-12-12 04:49:55,43.9,,공통,raw,
b200_heavy_work_r1,GA,Large (141-200),200,heavy_work,321.26666666666665,15,20251211,67,BLK_67P,9,베이35A 론지취부,6,2025-12-12 04:49:55,2025-12-12 06:17:31,87.6,35A,베이35A,raw,
b200_heavy_work_r1,GA,Large (141-200),200,heavy_work,321.26666666666665,15,20251211,67,BLK_67P,9,베이35A 론지용접,7,2025-12-12 06:17:31,2025-12-12 06:46:05,28.6,35A,베이35A,raw,
b200_heavy_work_r1,GA,Large (141-200),200,heavy_work,321.26666666666665,15,20251211,67,BLK_67P,9,베이35A 수정,8,2025-12-12 06:46:05,2025-12-12 07:39:36,53.5,35A,베이35A,raw,
b200_heavy_work_r1,GA,Large (141-200),200,heavy_work,321.26666666666665,15,20251211,68,BLK_68C,10,판계,1,2025-12-11 13:56:24,2025-12-11 14:30:00,33.6,,공통,raw,
b200_heavy_work_r1,GA,Large (141-200),200,heavy_work,321.26666666666665,15,20251211,68,BLK_68C,10,전면SAW,2,2025-12-12 01:25:07,2025-12-12 03:03:48,98.7,,공통,raw,
b200_heavy_work_r1,GA,Large (141-200),200,heavy_work,321.26666666666665,15,20251211,68,BLK_68C,10,TurnOver,3,2025-12-12 03:03:48,2025-12-12 03:18:12,14.4,,공통,raw,
b200_heavy_work_r1,GA,Large (141-200),200,heavy_work,321.26666666666665,15,20251211,68,BLK_68C,10,후면SAW,4,2025-12-12 03:58:14,2025-12-12 05:13:32,75.3,,공통,raw,
b200_heavy_work_r1,GA,Large (141-200),200,heavy_work,321.26666666666665,15,20251211,68,BLK_68C,10,NC,5,2025-12-12 05:13:32,2025-12-12 05:50:27,36.9,,공통,raw,
b200_heavy_work_r1,GA,Large (141-200),200,heavy_work,321.26666666666665,15,20251211,68,BLK_68C,10,베이36B 론지취부,6,2025-12-12 05:50:27,2025-12-12 06:06:39,16.2,36B,베이36B,raw,
b200_heavy_work_r1,GA,Large (141-200),200,heavy_work,321.26666666666665,15,20251211,68,BLK_68C,10,베이36B 론지용접,7,2025-12-12 06:06:39,2025-12-12 06:22:58,16.3,36B,베이36B,raw,
b200_heavy_work_r1,GA,Large (141-200),200,heavy_work,321.26666666666665,15,20251211,68,BLK_68C,10,베이36B 수정,8,2025-12-12 06:22:58,2025-12-12 06:31:37,8.6,36B,베이36B,raw,
b200_heavy_work_r1,GA,Large (141-200),200,heavy_work,321.26666666666665,15,20251211,70,BLK_70S,11,판계,1,2025-12-11 14:30:00,2025-12-11 15:24:00,54.0,,공통,raw,
b200_heavy_work_r1,GA,Large (141-200),200,heavy_work,321.26666666666665,15,20251211,70,BLK_70S,11,전면SAW,2,2025-12-12 03:03:48,2025-12-12 03:57:19,53.5,,공통,raw,
b200_heavy_work_r1,GA,Large (141-200),200,heavy_work,321.26666666666665,15,20251211,70,BLK_70S,11,TurnOver,3,2025-12-12 03:57:19,2025-12-12 04:11:43,14.4,,공통,raw,
b200_heavy_work_r1,GA,Large (141-200),200,heavy_work,321.26666666666665,15,20251211,70,BLK_70S,11,후면SAW,4,2025-12-12 05:13:32,2025-12-12 05:58:35,45.1,,공통,raw,
b200_heavy_work_r1,GA,Large (141-200),200,heavy_work,321.26666666666665,15,20251211,70,BLK_70S,11,NC,5,2025-12-12 05:58:35,2025-12-12 07:06:25,67.8,,공통,raw,
b200_heavy_work_r1,GA,Large (141-200),200,heavy_work,321.26666666666665,15,20251211,70,BLK_70S,11,베이36B 론지취부,6,2025-12-12 07:06:25,2025-12-12 09:03:25,117.0,36B,베이36B,raw,
b200_heavy_work_r1,GA,Large (141-200),200,heavy_work,321.26666666666665,15,20251211,70,BLK_70S,11,베이36B 론지용접,7,2025-12-12 09:03:25,2025-12-12 09:37:01,33.6,36B,베이36B,raw,
b200_heavy_work_r1,GA,Large (141-200),200,heavy_work,321.26666666666665,15,20251211,70,BLK_70S,11,베이36B 수정,8,2025-12-12 09:37:01,2025-12-12 10:49:01,72.0,36B,베이36B,raw,
b200_heavy_work_r1,GA,Large (141-200),200,heavy_work,321.26666666666665,15,20251211,60,BLK_60C,12,판계,1,2025-12-11 15:24:00,2025-12-11 16:18:00,54.0,,공통,raw,
b200_heavy_work_r1,GA,Large (141-200),200,heavy_work,321.26666666666665,15,20251211,60,BLK_60C,12,전면SAW,2,2025-12-12 03:57:19,2025-12-12 06:11:48,134.5,,공통,raw,
b200_heavy_work_r1,GA,Large (141-200),200,heavy_work,321.26666666666665,15,20251211,60,BLK_60C,12,TurnOver,3,2025-12-12 06:11:48,2025-12-12 06:26:12,14.4,,공통,raw,
b200_heavy_work_r1,GA,Large (141-200),200,heavy_work,321.26666666666665,15,20251211,60,BLK_60C,12,후면SAW,4,2025-12-12 06:26:12,2025-12-12 08:18:23,112.2,,공통,raw,
b200_heavy_work_r1,GA,Large (141-200),200,heavy_work,321.26666666666665,15,20251211,60,BLK_60C,12,NC,5,2025-12-12 08:18:23,2025-12-12 09:18:22,60.0,,공통,raw,
b200_heavy_work_r1,GA,Large (141-200),200,heavy_work,321.26666666666665,15,20251211,60,BLK_60C,12,베이35A 론지취부,6,2025-12-12 09:18:22,2025-12-12 10:29:10,70.8,35A,베이35A,raw,
b200_heavy_work_r1,GA,Large (141-200),200,heavy_work,321.26666666666665,15,20251211,60,BLK_60C,12,베이35A 론지용접,7,2025-12-12 10:29:10,2025-12-12 10:54:51,25.7,35A,베이35A,raw,
b200_heavy_work_r1,GA,Large (141-200),200,heavy_work,321.26666666666665,15,20251211,60,BLK_60C,12,베이35A 수정,8,2025-12-12 10:54:51,2025-12-12 11:37:48,43.0,35A,베이35A,raw,
b200_heavy_work_r1,GA,Large (141-200),200,heavy_work,321.26666666666665,15,20251211,74,BLK_74P,13,판계,1,2025-12-11 16:18:00,2025-12-11 16:32:24,14.4,,공통,raw,
b200_heavy_work_r1,GA,Large (141-200),200,heavy_work,321.26666666666665,15,20251211,74,BLK_74P,13,전면SAW,2,2025-12-12 06:11:48,2025-12-12 07:01:39,49.8,,공통,raw,
b200_heavy_work_r1,GA,Large (141-200),200,heavy_work,321.26666666666665,15,20251211,74,BLK_74P,13,TurnOver,3,2025-12-12 07:01:39,2025-12-12 07:16:03,14.4,,공통,raw,
b200_heavy_work_r1,GA,Large (141-200),200,heavy_work,321.26666666666665,15,20251211,74,BLK_74P,13,후면SAW,4,2025-12-12 08:18:23,2025-12-12 08:58:39,40.3,,공통,raw,
b200_heavy_work_r1,GA,Large (141-200),200,heavy_work,321.26666666666665,15,20251211,74,BLK_74P,13,NC,5,2025-12-12 09:18:22,2025-12-12 09:43:39,25.3,,공통,raw,
b200_heavy_work_r1,GA,Large (141-200),200,heavy_work,321.26666666666665,15,20251211,74,BLK_74P,13,베이36B 론지취부,6,2025-12-12 09:43:39,2025-12-12 10:50:15,66.6,36B,베이36B,raw,
b200_heavy_work_r1,GA,Large (141-200),200,heavy_work,321.26666666666665,15,20251211,74,BLK_74P,13,베이36B 론지용접,7,2025-12-12 10:50:15,2025-12-12 11:15:12,25.0,36B,베이36B,raw,
b200_heavy_work_r1,GA,Large (141-200),200,heavy_work,321.26666666666665,15,20251211,74,BLK_74P,13,베이36B 수정,8,2025-12-12 11:15:12,2025-12-12 11:55:32,40.3,36B,베이36B,raw,
b200_heavy_work_r1,GA,Large (141-200),200,heavy_work,321.26666666666665,15,20251211,75,BLK_75S,14,판계,1,2025-12-11 16:32:24,2025-12-11 16:46:48,14.4,,공통,raw,
b200_heavy_work_r1,GA,Large (141-200),200,heavy_work,321.26666666666665,15,20251211,75,BLK_75S,14,전면SAW,2,2025-12-12 07:01:39,2025-12-12 08:07:22,65.7,,공통,raw,
b200_heavy_work_r1,GA,Large (141-200),200,heavy_work,321.26666666666665,15,20251211,75,BLK_75S,14,TurnOver,3,2025-12-12 08:07:22,2025-12-12 08:21:46,14.4,,공통,raw,
b200_heavy_work_r1,GA,Large (141-200),200,heavy_work,321.26666666666665,15,20251211,75,BLK_75S,14,후면SAW,4,2025-12-12 08:58:39,2025-12-12 09:59:47,61.1,,공통,raw,
b200_heavy_work_r1,GA,Large (141-200),200,heavy_work,321.26666666666665,15,20251211,75,BLK_75S,14,NC,5,2025-12-12 09:59:47,2025-12-12 10:28:19,28.5,,공통,raw,
b200_heavy_work_r1,GA,Large (141-200),200,heavy_work,321.26666666666665,15,20251211,75,BLK_75S,14,베이35A 론지취부,6,2025-12-12 10:29:10,2025-12-12 12:00:58,91.8,35A,베이35A,raw,
b200_heavy_work_r1,GA,Large (141-200),200,heavy_work,321.26666666666665,15,20251211,75,BLK_75S,14,베이35A 론지용접,7,2025-12-12 12:00:58,2025-12-12 12:30:15,29.3,35A,베이35A,raw,
b200_heavy_work_r1,GA,Large (141-200),200,heavy_work,321.26666666666665,15,20251211,75,BLK_75S,14,베이35A 수정,8,2025-12-12 12:30:15,2025-12-12 13:26:24,56.2,35A,베이35A,raw,
b200_heavy_work_r1,GA,Large (141-200),200,heavy_work,321.26666666666665,15,20251211,76,BLK_76S,15,판계,1,2025-12-11 16:46:48,2025-12-11 17:22:48,36.0,,공통,raw,
b200_heavy_work_r1,GA,Large (141-200),200,heavy_work,321.26666666666665,15,20251211,76,BLK_76S,15,전면SAW,2,2025-12-12 08:07:22,2025-12-12 08:53:44,46.4,,공통,raw,
b200_heavy_work_r1,GA,Large (141-200),200,heavy_work,321.26666666666665,15,20251211,76,BLK_76S,15,TurnOver,3,2025-12-12 08:53:44,2025-12-12 09:08:08,14.4,,공통,raw,
b200_heavy_work_r1,GA,Large (141-200),200,heavy_work,321.26666666666665,15,20251211,76,BLK_76S,15,후면SAW,4,2025-12-12 09:59:47,2025-12-12 10:35:26,35.7,,공통,raw,
b200_heavy_work_r1,GA,Large (141-200),200,heavy_work,321.26666666666665,15,20251211,76,BLK_76S,15,NC,5,2025-12-12 10:35:26,2025-12-12 11:21:41,46.2,,공통,raw,
b200_heavy_work_r1,GA,Large (141-200),200,heavy_work,321.26666666666665,15,20251211,76,BLK_76S,15,베이36B 론지취부,6,2025-12-12 11:21:41,2025-12-12 12:15:41,54.0,36B,베이36B,raw,
b200_heavy_work_r1,GA,Large (141-200),200,heavy_work,321.26666666666665,15,20251211,76,BLK_76S,15,베이36B 론지용접,7,2025-12-12 12:15:41,2025-12-12 12:38:29,22.8,36B,베이36B,raw,
b200_heavy_work_r1,GA,Large (141-200),200,heavy_work,321.26666666666665,15,20251211,76,BLK_76S,15,베이36B 수정,8,2025-12-12 12:38:29,2025-12-12 13:10:53,32.4,36B,베이36B,raw,
b200_heavy_work_r1,GA,Large (141-200),200,heavy_work,321.26666666666665,15,20251212,101,BLK_101P,1,판계,1,2025-12-12 08:00:00,2025-12-12 08:36:00,36.0,,공통,raw,
b200_heavy_work_r1,GA,Large (141-200),200,heavy_work,321.26666666666665,15,20251212,101,BLK_101P,1,전면SAW,2,2025-12-12 08:53:44,2025-12-12 10:54:26,120.7,,공통,raw,
b200_heavy_work_r1,GA,Large (141-200),200,heavy_work,321.26666666666665,15,20251212,101,BLK_101P,1,TurnOver,3,2025-12-12 10:54:26,2025-12-12 11:08:50,14.4,,공통,raw,
b200_heavy_work_r1,GA,Large (141-200),200,heavy_work,321.26666666666665,15,20251212,101,BLK_101P,1,후면SAW,4,2025-12-12 11:08:50,2025-12-12 12:44:12,95.4,,공통,raw,
b200_heavy_work_r1,GA,Large (141-200),200,heavy_work,321.26666666666665,15,20251212,101,BLK_101P,1,NC,5,2025-12-12 12:44:12,2025-12-12 13:49:27,65.3,,공통,raw,
b200_heavy_work_r1,GA,Large (141-200),200,heavy_work,321.26666666666665,15,20251212,101,BLK_101P,1,베이36B 론지취부,6,2025-12-12 13:49:27,2025-12-12 15:50:39,121.2,36B,베이36B,raw,
b200_heavy_work_r1,GA,Large (141-200),200,heavy_work,321.26666666666665,15,20251212,101,BLK_101P,1,베이36B 론지용접,7,2025-12-12 15:50:39,2025-12-12 16:24:59,34.3,36B,베이36B,raw,
b200_heavy_work_r1,GA,Large (141-200),200,heavy_work,321.26666666666665,15,20251212,101,BLK_101P,1,베이36B 수정,8,2025-12-12 16:24:59,2025-12-12 17:39:37,74.6,36B,베이36B,raw,
b200_heavy_work_r1,GA,Large (141-200),200,heavy_work,321.26666666666665,15,20251212,79,BLK_79C,2,판계,1,2025-12-12 08:36:00,2025-12-12 09:15:36,39.6,,공통,raw,
b200_heavy_work_r1,GA,Large (141-200),200,heavy_work,321.26666666666665,15,20251212,79,BLK_79C,2,전면SAW,2,2025-12-12 10:54:26,2025-12-12 13:12:11,137.7,,공통,raw,
b200_heavy_work_r1,GA,Large (141-200),200,heavy_work,321.26666666666665,15,20251212,79,BLK_79C,2,TurnOver,3,2025-12-12 13:12:11,2025-12-12 13:26:35,14.4,,공통,raw,
b200_heavy_work_r1,GA,Large (141-200),200,heavy_work,321.26666666666665,15,20251212,79,BLK_79C,2,후면SAW,4,2025-12-12 13:26:35,2025-12-12 15:17:29,110.9,,공통,raw,
b200_heavy_work_r1,GA,Large (141-200),200,heavy_work,321.26666666666665,15,20251212,79,BLK_79C,2,NC,5,2025-12-12 15:17:29,2025-12-12 16:05:29,48.0,,공통,raw,
b200_heavy_work_r1,GA,Large (141-200),200,heavy_work,321.26666666666665,15,20251212,79,BLK_79C,2,베이35A 론지취부,6,2025-12-12 16:05:29,2025-12-12 17:12:05,66.6,35A,베이35A,raw,
b200_heavy_work_r1,GA,Large (141-200),200,heavy_work,321.26666666666665,15,20251212,79,BLK_79C,2,베이35A 론지용접,7,2025-12-12 17:12:05,2025-12-12 17:37:03,25.0,35A,베이35A,raw,
b200_heavy_work_r1,GA,Large (141-200),200,heavy_work,321.26666666666665,15,20251212,79,BLK_79C,2,베이35A 수정,8,2025-12-12 17:37:03,2025-12-12 18:17:22,40.3,35A,베이35A,raw,
b200_heavy_work_r1,GA,Large (141-200),200,heavy_work,321.26666666666665,15,20251212,81,BLK_81C,3,판계,1,2025-12-12 09:15:36,2025-12-12 09:51:36,36.0,,공통,raw,
b200_heavy_work_r1,GA,Large (141-200),200,heavy_work,321.26666666666665,15,20251212,81,BLK_81C,3,전면SAW,2,2025-12-12 13:12:11,2025-12-12 13:53:39,41.5,,공통,raw,
b200_heavy_work_r1,GA,Large (141-200),200,heavy_work,321.26666666666665,15,20251212,81,BLK_81C,3,TurnOver,3,2025-12-12 13:53:39,2025-12-12 14:08:03,14.4,,공통,raw,
b200_heavy_work_r1,GA,Large (141-200),200,heavy_work,321.26666666666665,15,20251212,81,BLK_81C,3,후면SAW,4,2025-12-12 15:17:29,2025-12-12 15:46:42,29.2,,공통,raw,
b200_heavy_work_r1,GA,Large (141-200),200,heavy_work,321.26666666666665,15,20251212,81,BLK_81C,3,NC,5,2025-12-12 16:05:29,2025-12-12 16:58:21,52.9,,공통,raw,
b200_heavy_work_r1,GA,Large (141-200),200,heavy_work,321.26666666666665,15,20251212,81,BLK_81C,3,베이36B 론지취부,6,2025-12-12 16:58:21,2025-12-12 18:30:09,91.8,36B,베이36B,raw,
b200_heavy_work_r1,GA,Large (141-200),200,heavy_work,321.26666666666665,15,20251212,81,BLK_81C,3,베이36B 론지용접,7,2025-12-12 18:30:09,2025-12-12 18:59:26,29.3,36B,베이36B,raw,
b200_heavy_work_r1,GA,Large (141-200),200,heavy_work,321.26666666666665,15,20251212,81,BLK_81C,3,베이36B 수정,8,2025-12-12 18:59:26,2025-12-12 19:55:35,56.2,36B,베이36B,raw,
b200_heavy_work_r1,GA,Large (141-200),200,heavy_work,321.26666666666665,15,20251212,82,BLK_82C,4,판계,1,2025-12-12 09:51:36,2025-12-12 10:27:36,36.0,,공통,raw,
b200_heavy_work_r1,GA,Large (141-200),200,heavy_work,321.26666666666665,15,20251212,82,BLK_82C,4,전면SAW,2,2025-12-12 13:53:39,2025-12-12 17:41:39,228.0,,공통,raw,
b200_heavy_work_r1,GA,Large (141-200),200,heavy_work,321.26666666666665,15,20251212,82,BLK_82C,4,TurnOver,3,2025-12-12 17:41:39,2025-12-12 17:56:03,14.4,,공통,raw,
b200_heavy_work_r1,GA,Large (141-200),200,heavy_work,321.26666666666665,15,20251212,82,BLK_82C,4,후면SAW,4,2025-12-12 17:56:03,2025-12-12 20:52:19,176.3,,공통,raw,
b200_heavy_work_r1,GA,Large (141-200),200,heavy_work,321.26666666666665,15,20251212,82,BLK_82C,4,NC,5,2025-12-12 20:52:19,2025-12-12 22:14:31,82.2,,공통,raw,
b200_heavy_work_r1,GA,Large (141-200),200,heavy_work,321.26666666666665,15,20251212,82,BLK_82C,4,베이36B 론지취부,6,2025-12-12 22:14:31,2025-12-13 00:03:07,108.6,36B,베이36B,raw,
b200_heavy_work_r1,GA,Large (141-200),200,heavy_work,321.26666666666665,15,20251212,82,BLK_82C,4,베이36B 론지용접,7,2025-12-13 00:03:07,2025-12-13 00:35:16,32.2,36B,베이36B,raw,
b200_heavy_work_r1,GA,Large (141-200),200,heavy_work,321.26666666666665,15,20251212,82,BLK_82C,4,베이36B 수정,8,2025-12-13 00:35:16,2025-12-13 01:42:00,66.7,36B,베이36B,raw,
b200_heavy_work_r1,GA,Large (141-200),200,heavy_work,321.26666666666665,15,20251212,129,BLK_129C,5,판계,1,2025-12-12 10:27:36,2025-12-12 11:15:36,48.0,,공통,raw,
b200_heavy_work_r1,GA,Large (141-200),200,heavy_work,321.26666666666665,15,20251212,129,BLK_129C,5,전면SAW,2,2025-12-12 17:41:39,2025-12-12 19:53:34,131.9,,공통,raw,
b200_heavy_work_r1,GA,Large (141-200),200,heavy_work,321.26666666666665,15,20251212,129,BLK_129C,5,TurnOver,3,2025-12-12 19:53:34,2025-12-12 20:07:58,14.4,,공통,raw,
b200_heavy_work_r1,GA,Large (141-200),200,heavy_work,321.26666666666665,15,20251212,129,BLK_129C,5,후면SAW,4,2025-12-12 20:52:19,2025-12-12 22:42:02,109.7,,공통,raw,
b200_heavy_work_r1,GA,Large (141-200),200,heavy_work,321.26666666666665,15,20251212,129,BLK_129C,5,NC,5,2025-12-12 22:42:02,2025-12-12 23:33:30,51.5,,공통,raw,
b200_heavy_work_r1,GA,Large (141-200),200,heavy_work,321.26666666666665,15,20251212,129,BLK_129C,5,베이35A 론지취부,6,2025-12-12 23:33:30,2025-12-13 00:31:42,58.2,35A,베이35A,raw,
b200_heavy_work_r1,GA,Large (141-200),200,heavy_work,321.26666666666665,15,20251212,129,BLK_129C,5,베이35A 론지용접,7,2025-12-13 00:31:42,2025-12-13 00:55:14,23.5,35A,베이35A,raw,
b200_heavy_work_r1,GA,Large (141-200),200,heavy_work,321.26666666666665,15,20251212,129,BLK_129C,5,베이35A 수정,8,2025-12-13 00:55:14,2025-12-13 01:30:16,35.0,35A,베이35A,raw,
b200_heavy_work_r1,GA,Large (141-200),200,heavy_work,321.26666666666665,15,20251212,91,BLK_91P,6,판계,1,2025-12-12 11:15:36,2025-12-12 11:51:36,36.0,,공통,raw,
b200_heavy_work_r1,GA,Large (141-200),200,heavy_work,321.26666666666665,15,20251212,91,BLK_91P,6,전면SAW,2,2025-12-12 19:53:34,2025-12-12 20:50:50,57.3,,공통,raw,
b200_heavy_work_r1,GA,Large (141-200),200,heavy_work,321.26666666666665,15,20251212,91,BLK_91P,6,TurnOver,3,2025-12-12 20:50:50,2025-12-12 21:05:14,14.4,,공통,raw,
b200_heavy_work_r1,GA,Large (141-200),200,heavy_work,321.26666666666665,15,20251212,91,BLK_91P,6,후면SAW,4,2025-12-12 22:42:02,2025-12-12 23:32:02,50.0,,공통,raw,
b200_heavy_work_r1,GA,Large (141-200),200,heavy_work,321.26666666666665,15,20251212,91,BLK_91P,6,NC,5,2025-12-12 23:33:30,2025-12-13 00:33:52,60.4,,공통,raw,
b200_heavy_work_r1,GA,Large (141-200),200,heavy_work,321.26666666666665,15,20251212,91,BLK_91P,6,베이36B 론지취부,6,2025-12-13 00:33:52,2025-12-13 02:43:28,129.6,36B,베이36B,raw,
b200_heavy_work_r1,GA,Large (141-200),200,heavy_work,321.26666666666665,15,20251212,91,BLK_91P,6,베이36B 론지용접,7,2025-12-13 02:43:28,2025-12-13 03:19:14,35.8,36B,베이36B,raw,
b200_heavy_work_r1,GA,Large (141-200),200,heavy_work,321.26666666666665,15,20251212,91,BLK_91P,6,베이36B 수정,8,2025-12-13 03:19:14,2025-12-13 04:39:09,79.9,36B,베이36B,raw,
b200_heavy_work_r1,GA,Large (141-200),200,heavy_work,321.26666666666665,15,20251212,92,BLK_92P,7,판계,1,2025-12-12 11:51:36,2025-12-12 12:21:36,30.0,,공통,raw,
b200_heavy_work_r1,GA,Large (141-200),200,heavy_work,321.26666666666665,15,20251212,92,BLK_92P,7,전면SAW,2,2025-12-12 20:50:50,2025-12-12 21:29:12,38.4,,공통,raw,
b200_heavy_work_r1,GA,Large (141-200),200,heavy_work,321.26666666666665,15,20251212,92,BLK_92P,7,TurnOver,3,2025-12-12 21:29:12,2025-12-12 21:43:36,14.4,,공통,raw,
b200_heavy_work_r1,GA,Large (141-200),200,heavy_work,321.26666666666665,15,20251212,92,BLK_92P,7,후면SAW,4,2025-12-12 23:32:02,2025-12-12 23:57:10,25.1,,공통,raw,
b200_heavy_work_r1,GA,Large (141-200),200,heavy_work,321.26666666666665,15,20251212,92,BLK_92P,7,NC,5,2025-12-13 00:33:52,2025-12-13 01:16:30,42.6,,공통,raw,
b200_heavy_work_r1,GA,Large (141-200),200,heavy_work,321.26666666666665,15,20251212,92,BLK_92P,7,베이35A 론지취부,6,2025-12-13 01:16:30,2025-12-13 02:27:18,70.8,35A,베이35A,raw,
b200_heavy_work_r1,GA,Large (141-200),200,heavy_work,321.26666666666665,15,20251212,92,BLK_92P,7,베이35A 론지용접,7,2025-12-13 02:27:18,2025-12-13 02:52:58,25.7,35A,베이35A,raw,
b200_heavy_work_r1,GA,Large (141-200),200,heavy_work,321.26666666666665,15,20251212,92,BLK_92P,7,베이35A 수정,8,2025-12-13 02:52:58,2025-12-13 03:35:56,43.0,35A,베이35A,raw,
b200_heavy_work_r1,GA,Large (141-200),200,heavy_work,321.26666666666665,15,20251212,8,BLK_8S,8,판계,1,2025-12-12 12:21:36,2025-12-12 13:24:00,62.4,,공통,raw,
b200_heavy_work_r1,GA,Large (141-200),200,heavy_work,321.26666666666665,15,20251212,8,BLK_8S,8,전면SAW,2,2025-12-12 21:29:12,2025-12-13 01:17:12,228.0,,공통,raw,
b200_heavy_work_r1,GA,Large (141-200),200,heavy_work,321.26666666666665,15,20251212,8,BLK_8S,8,TurnOver,3,2025-12-13 01:17:12,2025-12-13 01:31:36,14.4,,공통,raw,
b200_heavy_work_r1,GA,Large (141-200),200,heavy_work,321.26666666666665,15,20251212,8,BLK_8S,8,후면SAW,4,2025-12-13 01:31:36,2025-12-13 04:40:48,189.2,,공통,raw,
b200_heavy_work_r1,GA,Large (141-200),200,heavy_work,321.26666666666665,15,20251212,8,BLK_8S,8,NC,5,2025-12-13 04:40:48,2025-12-13 05:50:54,70.1,,공통,raw,
b200_heavy_work_r1,GA,Large (141-200),200,heavy_work,321.26666666666665,15,20251212,8,BLK_8S,8,베이36B 론지취부,6,2025-12-13 05:50:54,2025-12-13 06:57:30,66.6,36B,베이36B,raw,
b200_heavy_work_r1,GA,Large (141-200),200,heavy_work,321.26666666666665,15,20251212,8,BLK_8S,8,베이36B 론지용접,7,2025-12-13 06:57:30,2025-12-13 07:22:28,25.0,36B,베이36B,raw,
b200_heavy_work_r1,GA,Large (141-200),200,heavy_work,321.26666666666665,15,20251212,8,BLK_8S,8,베이36B 수정,8,2025-12-13 07:22:28,2025-12-13 08:02:47,40.3,36B,베이36B,raw,
b200_heavy_work_r1,GA,Large (141-200),200,heavy_work,321.26666666666665,15,20251212,100,BLK_100S,9,판계,1,2025-12-12 13:24:00,2025-12-12 13:54:00,30.0,,공통,raw,
b200_heavy_work_r1,GA,Large (141-200),200,heavy_work,321.26666666666665,15,20251212,100,BLK_100S,9,전면SAW,2,2025-12-13 01:17:12,2025-12-13 01:58:03,40.8,,공통,raw,
b200_heavy_work_r1,GA,Large (141-200),200,heavy_work,321.26666666666665,15,20251212,100,BLK_100S,9,TurnOver,3,2025-12-13 01:58:03,2025-12-13 02:12:27,14.4,,공통,raw,
b200_heavy_work_r1,GA,Large (141-200),200,heavy_work,321.26666666666665,15,20251212,100,BLK_100S,9,후면SAW,4,2025-12-13 04:40:48,2025-12-13 05:09:12,28.4,,공통,raw,
b200_heavy_work_r1,GA,Large (141-200),200,heavy_work,321.26666666666665,15,20251212,100,BLK_100S,9,NC,5,2025-12-13 05:50:54,2025-12-13 06:32:47,41.9,,공통,raw,
b200_heavy_work_r1,GA,Large (141-200),200,heavy_work,321.26666666666665,15,20251212,100,BLK_100S,9,베이35A 론지취부,6,2025-12-13 06:32:47,2025-12-13 07:18:23,45.6,35A,베이35A,raw,
b200_heavy_work_r1,GA,Large (141-200),200,heavy_work,321.26666666666665,15,20251212,100,BLK_100S,9,베이35A 론지용접,7,2025-12-13 07:18:23,2025-12-13 07:39:44,21.4,35A,베이35A,raw,
b200_heavy_work_r1,GA,Large (141-200),200,heavy_work,321.26666666666665,15,20251212,100,BLK_100S,9,베이35A 수정,8,2025-12-13 07:39:44,2025-12-13 08:06:51,27.1,35A,베이35A,raw,
b200_heavy_work_r1,GA,Large (141-200),200,heavy_work,321.26666666666665,15,20251212,102,BLK_102P,10,판계,1,2025-12-12 13:54:00,2025-12-12 14:33:36,39.6,,공통,raw,
b200_heavy_work_r1,GA,Large (141-200),200,heavy_work,321.26666666666665,15,20251212,102,BLK_102P,10,전면SAW,2,2025-12-13 01:58:03,2025-12-13 03:33:09,95.1,,공통,raw,
b200_heavy_work_r1,GA,Large (141-200),200,heavy_work,321.26666666666665,15,20251212,102,BLK_102P,10,TurnOver,3,2025-12-13 03:33:09,2025-12-13 03:47:33,14.4,,공통,raw,
b200_heavy_work_r1,GA,Large (141-200),200,heavy_work,321.26666666666665,15,20251212,102,BLK_102P,10,후면SAW,4,2025-12-13 05:09:12,2025-12-13 06:38:29,89.3,,공통,raw,
b200_heavy_work_r1,GA,Large (141-200),200,heavy_work,321.26666666666665,15,20251212,102,BLK_102P,10,NC,5,2025-12-13 06:38:29,2025-12-13 07:23:29,45.0,,공통,raw,
b200_heavy_work_r1,GA,Large (141-200),200,heavy_work,321.26666666666665,15,20251212,102,BLK_102P,10,베이36B 론지취부,6,2025-12-13 07:23:29,2025-12-13 08:34:17,70.8,36B,베이36B,raw,
b200_heavy_work_r1,GA,Large (141-200),200,heavy_work,321.26666666666665,15,20251212,102,BLK_102P,10,베이36B 론지용접,7,2025-12-13 08:34:17,2025-12-13 08:59:58,25.7,36B,베이36B,raw,
b200_heavy_work_r1,GA,Large (141-200),200,heavy_work,321.26666666666665,15,20251212,102,BLK_102P,10,베이36B 수정,8,2025-12-13 08:59:58,2025-12-13 09:42:56,43.0,36B,베이36B,raw,
b200_heavy_work_r1,GA,Large (141-200),200,heavy_work,321.26666666666665,15,20251212,116,BLK_116P,11,판계,1,2025-12-12 14:33:36,2025-12-12 15:03:36,30.0,,공통,raw,
b200_heavy_work_r1,GA,Large (141-200),200,heavy_work,321.26666666666665,15,20251212,116,BLK_116P,11,전면SAW,2,2025-12-13 03:33:09,2025-12-13 04:23:21,50.2,,공통,raw,
b200_heavy_work_r1,GA,Large (141-200),200,heavy_work,321.26666666666665,15,20251212,116,BLK_116P,11,TurnOver,3,2025-12-13 04:23:21,2025-12-13 04:37:45,14.4,,공통,raw,
b200_heavy_work_r1,GA,Large (141-200),200,heavy_work,321.26666666666665,15,20251212,116,BLK_116P,11,후면SAW,4,2025-12-13 06:38:29,2025-12-13 07:19:12,40.7,,공통,raw,
b200_heavy_work_r1,GA,Large (141-200),200,heavy_work,321.26666666666665,15,20251212,116,BLK_116P,11,NC,5,2025-12-13 07:23:29,2025-12-13 08:03:36,40.1,,공통,raw,
b200_heavy_work_r1,GA,Large (141-200),200,heavy_work,321.26666666666665,15,20251212,116,BLK_116P,11,베이35A 론지취부,6,2025-12-13 08:03:36,2025-12-13 09:10:12,66.6,35A,베이35A,raw,
b200_heavy_work_r1,GA,Large (141-200),200,heavy_work,321.26666666666665,15,20251212,116,BLK_116P,11,베이35A 론지용접,7,2025-12-13 09:10:12,2025-12-13 09:35:09,25.0,35A,베이35A,raw,
b200_heavy_work_r1,GA,Large (141-200),200,heavy_work,321.26666666666665,15,20251212,116,BLK_116P,11,베이35A 수정,8,2025-12-13 09:35:09,2025-12-13 10:15:28,40.3,35A,베이35A,raw,
b200_heavy_work_r1,GA,Large (141-200),200,heavy_work,321.26666666666665,15,20251212,119,BLK_119S,12,판계,1,2025-12-12 15:03:36,2025-12-12 15:57:36,54.0,,공통,raw,
b200_heavy_work_r1,GA,Large (141-200),200,heavy_work,321.26666666666665,15,20251212,119,BLK_119S,12,전면SAW,2,2025-12-13 04:23:21,2025-12-13 07:58:19,215.0,,공통,raw,
b200_heavy_work_r1,GA,Large (141-200),200,heavy_work,321.26666666666665,15,20251212,119,BLK_119S,12,TurnOver,3,2025-12-13 07:58:19,2025-12-13 08:12:43,14.4,,공통,raw,
b200_heavy_work_r1,GA,Large (141-200),200,heavy_work,321.26666666666665,15,20251212,119,BLK_119S,12,후면SAW,4,2025-12-13 08:12:43,2025-12-13 10:49:14,156.5,,공통,raw,
b200_heavy_work_r1,GA,Large (141-200),200,heavy_work,321.26666666666665,15,20251212,119,BLK_119S,12,NC,5,2025-12-13 10:49:14,2025-12-13 11:58:26,69.2,,공통,raw,
b200_heavy_work_r1,GA,Large (141-200),200,heavy_work,321.26666666666665,15,20251212,119,BLK_119S,12,베이36B 론지취부,6,2025-12-13 11:58:26,2025-12-13 13:13:26,75.0,36B,베이36B,raw,
b200_heavy_work_r1,GA,Large (141-200),200,heavy_work,321.26666666666665,15,20251212,119,BLK_119S,12,베이36B 론지용접,7,2025-12-13 13:13:26,2025-12-13 13:39:50,26.4,36B,베이36B,raw,
b200_heavy_work_r1,GA,Large (141-200),200,heavy_work,321.26666666666665,15,20251212,119,BLK_119S,12,베이36B 수정,8,2025-12-13 13:39:50,2025-12-13 14:25:26,45.6,36B,베이36B,raw,
b200_heavy_work_r1,GA,Large (141-200),200,heavy_work,321.26666666666665,15,20251212,120,BLK_120C,13,판계,1,2025-12-12 15:57:36,2025-12-12 16:33:36,36.0,,공통,raw,
b200_heavy_work_r1,GA,Large (141-200),200,heavy_work,321.26666666666665,15,20251212,120,BLK_120C,13,전면SAW,2,2025-12-13 07:58:19,2025-12-13 08:33:17,35.0,,공통,raw,
b200_heavy_work_r1,GA,Large (141-200),200,heavy_work,321.26666666666665,15,20251212,120,BLK_120C,13,TurnOver,3,2025-12-13 08:33:17,2025-12-13 08:47:41,14.4,,공통,raw,
b200_heavy_work_r1,GA,Large (141-200),200,heavy_work,321.26666666666665,15,20251212,120,BLK_120C,13,후면SAW,4,2025-12-13 10:49:14,2025-12-13 11:09:53,20.7,,공통,raw,
b200_heavy_work_r1,GA,Large (141-200),200,heavy_work,321.26666666666665,15,20251212,120,BLK_120C,13,NC,5,2025-12-13 11:58:26,2025-12-13 12:47:16,48.8,,공통,raw,
b200_heavy_work_r1,GA,Large (141-200),200,heavy_work,321.26666666666665,15,20251212,120,BLK_120C,13,베이35A 론지취부,6,2025-12-13 12:47:16,2025-12-13 14:14:52,87.6,35A,베이35A,raw,
b200_heavy_work_r1,GA,Large (141-200),200,heavy_work,321.26666666666665,15,20251212,120,BLK_120C,13,베이35A 론지용접,7,2025-12-13 14:14:52,2025-12-13 14:43:26,28.6,35A,베이35A,raw,
b200_heavy_work_r1,GA,Large (141-200),200,heavy_work,321.26666666666665,15,20251212,120,BLK_120C,13,베이35A 수정,8,2025-12-13 14:43:26,2025-12-13 15:36:57,53.5,35A,베이35A,raw,
b200_heavy_work_r1,GA,Large (141-200),200,heavy_work,321.26666666666665,15,20251213,121,BLK_121P,1,판계,1,2025-12-13 08:00:00,2025-12-13 08:33:36,33.6,,공통,raw,
b200_heavy_work_r1,GA,Large (141-200),200,heavy_work,321.26666666666665,15,20251213,121,BLK_121P,1,전면SAW,2,2025-12-13 08:33:36,2025-12-13 10:33:56,120.3,,공통,raw,
b200_heavy_work_r1,GA,Large (141-200),200,heavy_work,321.26666666666665,15,20251213,121,BLK_121P,1,TurnOver,3,2025-12-13 10:33:56,2025-12-13 10:48:20,14.4,,공통,raw,
b200_heavy_work_r1,GA,Large (141-200),200,heavy_work,321.26666666666665,15,20251213,121,BLK_121P,1,후면SAW,4,2025-12-13 11:09:53,2025-12-13 12:44:54,95.0,,공통,raw,
b200_heavy_work_r1,GA,Large (141-200),200,heavy_work,321.26666666666665,15,20251213,121,BLK_121P,1,NC,5,2025-12-13 12:47:16,2025-12-13 13:26:30,39.2,,공통,raw,
b200_heavy_work_r1,GA,Large (141-200),200,heavy_work,321.26666666666665,15,20251213,121,BLK_121P,1,베이36B 론지취부,6,2025-12-13 13:26:30,2025-12-13 13:42:42,16.2,36B,베이36B,raw,
b200_heavy_work_r1,GA,Large (141-200),200,heavy_work,321.26666666666665,15,20251213,121,BLK_121P,1,베이36B 론지용접,7,2025-12-13 13:42:42,2025-12-13 13:59:01,16.3,36B,베이36B,raw,
b200_heavy_work_r1,GA,Large (141-200),200,heavy_work,321.26666666666665,15,20251213,121,BLK_121P,1,베이36B 수정,8,2025-12-13 14:25:26,2025-12-13 14:34:04,8.6,36B,베이36B,raw,
b200_heavy_work_r1,GA,Large (141-200),200,heavy_work,321.26666666666665,15,20251213,122,BLK_122S,2,판계,1,2025-12-13 08:33:36,2025-12-13 09:09:36,36.0,,공통,raw,
b200_heavy_work_r1,GA,Large (141-200),200,heavy_work,321.26666666666665,15,20251213,122,BLK_122S,2,전면SAW,2,2025-12-13 10:33:56,2025-12-13 11:18:50,44.9,,공통,raw,
b200_heavy_work_r1,GA,Large (141-200),200,heavy_work,321.26666666666665,15,20251213,122,BLK_122S,2,TurnOver,3,2025-12-13 11:18:50,2025-12-13 11:33:14,14.4,,공통,raw,
b200_heavy_work_r1,GA,Large (141-200),200,heavy_work,321.26666666666665,15,20251213,122,BLK_122S,2,후면SAW,4,2025-12-13 12:44:54,2025-12-13 13:18:38,33.7,,공통,raw,
b200_heavy_work_r1,GA,Large (141-200),200,heavy_work,321.26666666666665,15,20251213,122,BLK_122S,2,NC,5,2025-12-13 13:26:30,2025-12-13 14:11:47,45.3,,공통,raw,
b200_heavy_work_r1,GA,Large (141-200),200,heavy_work,321.26666666666665,15,20251213,122,BLK_122S,2,베이35A 론지취부,6,2025-12-13 14:14:52,2025-12-13 15:17:16,62.4,35A,베이35A,raw,
b200_heavy_work_r1,GA,Large (141-200),200,heavy_work,321.26666666666665,15,20251213,122,BLK_122S,2,베이35A 론지용접,7,2025-12-13 15:17:16,2025-12-13 15:41:31,24.2,35A,베이35A,raw,
b200_heavy_work_r1,GA,Large (141-200),200,heavy_work,321.26666666666665,15,20251213,122,BLK_122S,2,베이35A 수정,8,2025-12-13 15:41:31,2025-12-13 16:19:12,37.7,35A,베이35A,raw,
b200_heavy_work_r1,GA,Large (141-200),200,heavy_work,321.26666666666665,15,20251213,188,BLK_188C,3,판계,1,2025-12-13 09:09:36,2025-12-13 09:45:36,36.0,,공통,raw,
b200_heavy_work_r1,GA,Large (141-200),200,heavy_work,321.26666666666665,15,20251213,188,BLK_188C,3,전면SAW,2,2025-12-13 11:18:50,2025-12-13 11:55:55,37.1,,공통,raw,
b200_heavy_work_r1,GA,Large (141-200),200,heavy_work,321.26666666666665,15,20251213,188,BLK_188C,3,TurnOver,3,2025-12-13 11:55:55,2025-12-13 12:10:19,14.4,,공통,raw,
b200_heavy_work_r1,GA,Large (141-200),200,heavy_work,321.26666666666665,15,20251213,188,BLK_188C,3,후면SAW,4,2025-12-13 13:18:38,2025-12-13 13:42:06,23.5,,공통,raw,
b200_heavy_work_r1,GA,Large (141-200),200,heavy_work,321.26666666666665,15,20251213,188,BLK_188C,3,NC,5,2025-12-13 14:11:47,2025-12-13 15:02:50,51.1,,공통,raw,
b200_heavy_work_r1,GA,Large (141-200),200,heavy_work,321.26666666666665,15,20251213,188,BLK_188C,3,베이36B 론지취부,6,2025-12-13 15:02:50,2025-12-13 16:34:38,91.8,36B,베이36B,raw,
b200_heavy_work_r1,GA,Large (141-200),200,heavy_work,321.26666666666665,15,20251213,188,BLK_188C,3,베이36B 론지용접,7,2025-12-13 16:34:38,2025-12-13 17:03:55,29.3,36B,베이36B,raw,
b200_heavy_work_r1,GA,Large (141-200),200,heavy_work,321.26666666666665,15,20251213,188,BLK_188C,3,베이36B 수정,8,2025-12-13 17:03:55,2025-12-13 18:00:05,56.2,36B,베이36B,raw,
b200_heavy_work_r1,GA,Large (141-200),200,heavy_work,321.26666666666665,15,20251213,124,BLK_124C,4,판계,1,2025-12-13 09:45:36,2025-12-13 10:25:12,39.6,,공통,raw,
b200_heavy_work_r1,GA,Large (141-200),200,heavy_work,321.26666666666665,15,20251213,124,BLK_124C,4,전면SAW,2,2025-12-13 11:55:55,2025-12-13 14:28:53,153.0,,공통,raw,
b200_heavy_work_r1,GA,Large (141-200),200,heavy_work,321.26666666666665,15,20251213,124,BLK_124C,4,TurnOver,3,2025-12-13 14:28:53,2025-12-13 14:43:17,14.4,,공통,raw,
b200_heavy_work_r1,GA,Large (141-200),200,heavy_work,321.26666666666665,15,20251213,124,BLK_124C,4,후면SAW,4,2025-12-13 14:43:17,2025-12-13 17:20:02,156.8,,공통,raw,
b200_heavy_work_r1,GA,Large (141-200),200,heavy_work,321.26666666666665,15,20251213,124,BLK_124C,4,NC,5,2025-12-13 17:20:02,2025-12-13 18:08:52,48.8,,공통,raw,
b200_heavy_work_r1,GA,Large (141-200),200,heavy_work,321.26666666666665,15,20251213,124,BLK_124C,4,베이35A 론지취부,6,2025-12-13 18:08:52,2025-12-13 19:19:40,70.8,35A,베이35A,raw,
b200_heavy_work_r1,GA,Large (141-200),200,heavy_work,321.26666666666665,15,20251213,124,BLK_124C,4,베이35A 론지용접,7,2025-12-13 19:19:40,2025-12-13 19:45:21,25.7,35A,베이35A,raw,
b200_heavy_work_r1,GA,Large (141-200),200,heavy_work,321.26666666666665,15,20251213,124,BLK_124C,4,베이35A 수정,8,2025-12-13 19:45:21,2025-12-13 20:28:19,43.0,35A,베이35A,raw,
b200_heavy_work_r1,GA,Large (141-200),200,heavy_work,321.26666666666665,15,20251213,183,BLK_183C,5,판계,1,2025-12-13 10:25:12,2025-12-13 10:55:12,30.0,,공통,raw,
b200_heavy_work_r1,GA,Large (141-200),200,heavy_work,321.26666666666665,15,20251213,183,BLK_183C,5,전면SAW,2,2025-12-13 14:28:53,2025-12-13 15:10:53,42.0,,공통,raw,
b200_heavy_work_r1,GA,Large (141-200),200,heavy_work,321.26666666666665,15,20251213,183,BLK_183C,5,TurnOver,3,2025-12-13 15:10:53,2025-12-13 15:25:17,14.4,,공통,raw,
b200_heavy_work_r1,GA,Large (141-200),200,heavy_work,321.26666666666665,15,20251213,183,BLK_183C,5,후면SAW,4,2025-12-13 17:20:02,2025-12-13 17:49:56,29.9,,공통,raw,
b200_heavy_work_r1,GA,Large (141-200),200,heavy_work,321.26666666666665,15,20251213,183,BLK_183C,5,NC,5,2025-12-13 18:08:52,2025-12-13 18:54:12,45.3,,공통,raw,
b200_heavy_work_r1,GA,Large (141-200),200,heavy_work,321.26666666666665,15,20251213,183,BLK_183C,5,베이36B 론지취부,6,2025-12-13 18:54:12,2025-12-13 20:47:00,112.8,36B,베이36B,raw,
b200_heavy_work_r1,GA,Large (141-200),200,heavy_work,321.26666666666665,15,20251213,183,BLK_183C,5,베이36B 론지용접,7,2025-12-13 20:47:00,2025-12-13 21:19:53,32.9,36B,베이36B,raw,
b200_heavy_work_r1,GA,Large (141-200),200,heavy_work,321.26666666666665,15,20251213,183,BLK_183C,5,베이36B 수정,8,2025-12-13 21:19:53,2025-12-13 22:29:14,69.4,36B,베이36B,raw,
b200_heavy_work_r1,GA,Large (141-200),200,heavy_work,321.26666666666665,15,20251213,89,BLK_89P,6,판계,1,2025-12-13 10:55:12,2025-12-13 11:34:48,39.6,,공통,raw,
b200_heavy_work_r1,GA,Large (141-200),200,heavy_work,321.26666666666665,15,20251213,89,BLK_89P,6,전면SAW,2,2025-12-13 15:10:53,2025-12-13 17:01:30,110.6,,공통,raw,
b200_heavy_work_r1,GA,Large (141-200),200,heavy_work,321.26666666666665,15,20251213,89,BLK_89P,6,TurnOver,3,2025-12-13 17:01:30,2025-12-13 17:15:54,14.4,,공통,raw,
b200_heavy_work_r1,GA,Large (141-200),200,heavy_work,321.26666666666665,15,20251213,89,BLK_89P,6,후면SAW,4,2025-12-13 17:49:56,2025-12-13 19:16:06,86.2,,공통,raw,
b200_heavy_work_r1,GA,Large (141-200),200,heavy_work,321.26666666666665,15,20251213,89,BLK_89P,6,NC,5,2025-12-13 19:16:06,2025-12-13 20:02:46,46.7,,공통,raw,
b200_heavy_work_r1,GA,Large (141-200),200,heavy_work,321.26666666666665,15,20251213,89,BLK_89P,6,베이35A 론지취부,6,2025-12-13 20:02:46,2025-12-13 20:44:10,41.4,35A,베이35A,raw,
b200_heavy_work_r1,GA,Large (141-200),200,heavy_work,321.26666666666665,15,20251213,89,BLK_89P,6,베이35A 론지용접,7,2025-12-13 20:44:10,2025-12-13 21:04:48,20.6,35A,베이35A,raw,
b200_heavy_work_r1,GA,Large (141-200),200,heavy_work,321.26666666666665,15,20251213,89,BLK_89P,6,베이35A 수정,8,2025-12-13 21:04:48,2025-12-13 21:29:17,24.5,35A,베이35A,raw,
b200_heavy_work_r1,GA,Large (141-200),200,heavy_work,321.26666666666665,15,20251213,131,BLK_131P,7,판계,1,2025-12-13 11:34:48,2025-12-13 12:28:48,54.0,,공통,raw,
b200_heavy_work_r1,GA,Large (141-200),200,heavy_work,321.26666666666665,15,20251213,131,BLK_131P,7,전면SAW,2,2025-12-13 17:01:30,2025-12-13 17:52:24,50.9,,공통,raw,
b200_heavy_work_r1,GA,Large (141-200),200,heavy_work,321.26666666666665,15,20251213,131,BLK_131P,7,TurnOver,3,2025-12-13 17:52:24,2025-12-13 18:06:48,14.4,,공통,raw,
b200_heavy_work_r1,GA,Large (141-200),200,heavy_work,321.26666666666665,15,20251213,131,BLK_131P,7,후면SAW,4,2025-12-13 19:16:06,2025-12-13 19:57:46,41.7,,공통,raw,
b200_heavy_work_r1,GA,Large (141-200),200,heavy_work,321.26666666666665,15,20251213,131,BLK_131P,7,NC,5,2025-12-13 20:02:46,2025-12-13 21:10:17,67.5,,공통,raw,
b200_heavy_work_r1,GA,Large (141-200),200,heavy_work,321.26666666666665,15,20251213,131,BLK_131P,7,베이36B 론지취부,6,2025-12-13 21:10:17,2025-12-13 23:28:17,138.0,36B,베이36B,raw,
b200_heavy_work_r1,GA,Large (141-200),200,heavy_work,321.26666666666665,15,20251213,131,BLK_131P,7,베이36B 론지용접,7,2025-12-13 23:28:17,2025-12-14 00:05:29,37.2,36B,베이36B,raw,
b200_heavy_work_r1,GA,Large (141-200),200,heavy_work,321.26666666666665,15,20251213,131,BLK_131P,7,베이36B 수정,8,2025-12-14 00:05:29,2025-12-14 01:30:41,85.2,36B,베이36B,raw,
b200_heavy_work_r1,GA,Large (141-200),200,heavy_work,321.26666666666665,15,20251213,132,BLK_132C,8,판계,1,2025-12-13 12:28:48,2025-12-13 12:58:48,30.0,,공통,raw,
b200_heavy_work_r1,GA,Large (141-200),200,heavy_work,321.26666666666665,15,20251213,132,BLK_132C,8,전면SAW,2,2025-12-13 17:52:24,2025-12-13 18:33:48,41.4,,공통,raw,
b200_heavy_work_r1,GA,Large (141-200),200,heavy_work,321.26666666666665,15,20251213,132,BLK_132C,8,TurnOver,3,2025-12-13 18:33:48,2025-12-13 18:48:12,14.4,,공통,raw,
b200_heavy_work_r1,GA,Large (141-200),200,heavy_work,321.26666666666665,15,20251213,132,BLK_132C,8,후면SAW,4,2025-12-13 19:57:46,2025-12-13 20:26:54,29.1,,공통,raw,
b200_heavy_work_r1,GA,Large (141-200),200,heavy_work,321.26666666666665,15,20251213,132,BLK_132C,8,NC,5,2025-12-13 21:10:17,2025-12-13 21:55:36,45.3,,공통,raw,
b200_heavy_work_r1,GA,Large (141-200),200,heavy_work,321.26666666666665,15,20251213,132,BLK_132C,8,베이35A 론지취부,6,2025-12-13 21:55:36,2025-12-13 23:31:36,96.0,35A,베이35A,raw,
b200_heavy_work_r1,GA,Large (141-200),200,heavy_work,321.26666666666665,15,20251213,132,BLK_132C,8,베이35A 론지용접,7,2025-12-13 23:31:36,2025-12-14 00:01:36,30.0,35A,베이35A,raw,
b200_heavy_work_r1,GA,Large (141-200),200,heavy_work,321.26666666666665,15,20251213,132,BLK_132C,8,베이35A 수정,8,2025-12-14 00:01:36,2025-12-14 01:00:24,58.8,35A,베이35A,raw,
b200_heavy_work_r1,GA,Large (141-200),200,heavy_work,321.26666666666665,15,20251213,123,BLK_123S,9,판계,1,2025-12-13 12:58:48,2025-12-13 13:52:48,54.0,,공통,raw,
b200_heavy_work_r1,GA,Large (141-200),200,heavy_work,321.26666666666665,15,20251213,123,BLK_123S,9,전면SAW,2,2025-12-13 18:33:48,2025-12-13 20:47:16,133.5,,공통,raw,
b200_heavy_work_r1,GA,Large (141-200),200,heavy_work,321.26666666666665,15,20251213,123,BLK_123S,9,TurnOver,3,2025-12-13 20:47:16,2025-12-13 21:01:40,14.4,,공통,raw,
b200_heavy_work_r1,GA,Large (141-200),200,heavy_work,321.26666666666665,15,20251213,123,BLK_123S,9,후면SAW,4,2025-12-13 21:01:40,2025-12-13 22:36:33,94.9,,공통,raw,
b200_heavy_work_r1,GA,Large (141-200),200,heavy_work,321.26666666666665,15,20251213,123,BLK_123S,9,NC,5,2025-12-13 22:36:33,2025-12-13 23:35:34,59.0,,공통,raw,
b200_heavy_work_r1,GA,Large (141-200),200,heavy_work,321.26666666666665,15,20251213,123,BLK_123S,9,베이36B 론지취부,6,2025-12-13 23:35:34,2025-12-14 00:29:34,54.0,36B,베이36B,raw,
b200_heavy_work_r1,GA,Large (141-200),200,heavy_work,321.26666666666665,15,20251213,123,BLK_123S,9,베이36B 론지용접,7,2025-12-14 00:29:34,2025-12-14 00:52:22,22.8,36B,베이36B,raw,
b200_heavy_work_r1,GA,Large (141-200),200,heavy_work,321.26666666666665,15,20251213,123,BLK_123S,9,베이36B 수정,8,2025-12-14 01:30:41,2025-12-14 02:03:05,32.4,36B,베이36B,raw,
b200_heavy_work_r1,GA,Large (141-200),200,heavy_work,321.26666666666665,15,20251214,180,BLK_180S,1,판계,1,2025-12-14 08:00:00,2025-12-14 08:30:00,30.0,,공통,raw,
b200_heavy_work_r1,GA,Large (141-200),200,heavy_work,321.26666666666665,15,20251214,180,BLK_180S,1,전면SAW,2,2025-12-14 08:30:00,2025-12-14 09:28:22,58.4,,공통,raw,
b200_heavy_work_r1,GA,Large (141-200),200,heavy_work,321.26666666666665,15,20251214,180,BLK_180S,1,TurnOver,3,2025-12-14 09:28:22,2025-12-14 09:42:46,14.4,,공통,raw,
b200_heavy_work_r1,GA,Large (141-200),200,heavy_work,321.26666666666665,15,20251214,180,BLK_180S,1,후면SAW,4,2025-12-14 09:42:46,2025-12-14 10:34:14,51.5,,공통,raw,
b200_heavy_work_r1,GA,Large (141-200),200,heavy_work,321.26666666666665,15,20251214,180,BLK_180S,1,NC,5,2025-12-14 10:34:14,2025-12-14 11:19:20,45.1,,공통,raw,
b200_heavy_work_r1,GA,Large (141-200),200,heavy_work,321.26666666666665,15,20251214,180,BLK_180S,1,베이35A 론지취부,6,2025-12-14 11:19:20,2025-12-14 13:03:44,104.4,35A,베이35A,raw,
b200_heavy_work_r1,GA,Large (141-200),200,heavy_work,321.26666666666665,15,20251214,180,BLK_180S,1,베이35A 론지용접,7,2025-12-14 13:03:44,2025-12-14 13:35:11,31.4,35A,베이35A,raw,
b200_heavy_work_r1,GA,Large (141-200),200,heavy_work,321.26666666666665,15,20251214,180,BLK_180S,1,베이35A 수정,8,2025-12-14 13:35:11,2025-12-14 14:39:15,64.1,35A,베이35A,raw,
b200_heavy_work_r1,GA,Large (141-200),200,heavy_work,321.26666666666665,15,20251214,135,BLK_135P,2,판계,1,2025-12-14 08:30:00,2025-12-14 08:44:24,14.4,,공통,raw,
b200_heavy_work_r1,GA,Large (141-200),200,heavy_work,321.26666666666665,15,20251214,135,BLK_135P,2,전면SAW,2,2025-12-14 09:28:22,2025-12-14 10:17:52,49.5,,공통,raw,
b200_heavy_work_r1,GA,Large (141-200),200,heavy_work,321.26666666666665,15,20251214,135,BLK_135P,2,TurnOver,3,2025-12-14 10:17:52,2025-12-14 10:32:16,14.4,,공통,raw,
b200_heavy_work_r1,GA,Large (141-200),200,heavy_work,321.26666666666665,15,20251214,135,BLK_135P,2,후면SAW,4,2025-12-14 10:34:14,2025-12-14 11:14:00,39.8,,공통,raw,
b200_heavy_work_r1,GA,Large (141-200),200,heavy_work,321.26666666666665,15,20251214,135,BLK_135P,2,NC,5,2025-12-14 11:19:20,2025-12-14 11:45:02,25.7,,공통,raw,
b200_heavy_work_r1,GA,Large (141-200),200,heavy_work,321.26666666666665,15,20251214,135,BLK_135P,2,베이36B 론지취부,6,2025-12-14 11:45:02,2025-12-14 12:22:14,37.2,36B,베이36B,raw,
b200_heavy_work_r1,GA,Large (141-200),200,heavy_work,321.26666666666665,15,20251214,135,BLK_135P,2,베이36B 론지용접,7,2025-12-14 12:22:14,2025-12-14 12:42:10,19.9,36B,베이36B,raw,
b200_heavy_work_r1,GA,Large (141-200),200,heavy_work,321.26666666666665,15,20251214,135,BLK_135P,2,베이36B 수정,8,2025-12-14 12:42:10,2025-12-14 13:04:00,21.8,36B,베이36B,raw,
b200_heavy_work_r1,GA,Large (141-200),200,heavy_work,321.26666666666665,15,20251214,139,BLK_139P,3,판계,1,2025-12-14 08:44:24,2025-12-14 09:08:24,24.0,,공통,raw,
b200_heavy_work_r1,GA,Large (141-200),200,heavy_work,321.26666666666665,15,20251214,139,BLK_139P,3,전면SAW,2,2025-12-14 10:17:52,2025-12-14 13:15:25,177.6,,공통,raw,
b200_heavy_work_r1,GA,Large (141-200),200,heavy_work,321.26666666666665,15,20251214,139,BLK_139P,3,TurnOver,3,2025-12-14 13:15:25,2025-12-14 13:29:49,14.4,,공통,raw,
b200_heavy_work_r1,GA,Large (141-200),200,heavy_work,321.26666666666665,15,20251214,139,BLK_139P,3,후면SAW,4,2025-12-14 13:29:49,2025-12-14 15:57:02,147.2,,공통,raw,
b200_heavy_work_r1,GA,Large (141-200),200,heavy_work,321.26666666666665,15,20251214,139,BLK_139P,3,NC,5,2025-12-14 15:57:02,2025-12-14 16:30:46,33.7,,공통,raw,
b200_heavy_work_r1,GA,Large (141-200),200,heavy_work,321.26666666666665,15,20251214,139,BLK_139P,3,베이35A 론지취부,6,2025-12-14 16:30:46,2025-12-14 17:45:46,75.0,35A,베이35A,raw,
b200_heavy_work_r1,GA,Large (141-200),200,heavy_work,321.26666666666665,15,20251214,139,BLK_139P,3,베이35A 론지용접,7,2025-12-14 17:45:46,2025-12-14 18:12:10,26.4,35A,베이35A,raw,
b200_heavy_work_r1,GA,Large (141-200),200,heavy_work,321.26666666666665,15,20251214,139,BLK_139P,3,베이35A 수정,8,2025-12-14 18:12:10,2025-12-14 18:57:46,45.6,35A,베이35A,raw,
b200_heavy_work_r1,GA,Large (141-200),200,heavy_work,321.26666666666665,15,20251214,172,BLK_172P,4,판계,1,2025-12-14 09:08:24,2025-12-14 09:32:24,24.0,,공통,raw,
b200_heavy_work_r1,GA,Large (141-200),200,heavy_work,321.26666666666665,15,20251214,172,BLK_172P,4,전면SAW,2,2025-12-14 13:15:25,2025-12-14 14:17:26,62.0,,공통,raw,
b200_heavy_work_r1,GA,Large (141-200),200,heavy_work,321.26666666666665,15,20251214,172,BLK_172P,4,TurnOver,3,2025-12-14 14:17:26,2025-12-14 14:31:50,14.4,,공통,raw,
b200_heavy_work_r1,GA,Large (141-200),200,heavy_work,321.26666666666665,15,20251214,172,BLK_172P,4,후면SAW,4,2025-12-14 15:57:02,2025-12-14 16:53:17,56.3,,공통,raw,
b200_heavy_work_r1,GA,Large (141-200),200,heavy_work,321.26666666666665,15,20251214,172,BLK_172P,4,NC,5,2025-12-14 16:53:17,2025-12-14 17:27:24,34.1,,공통,raw,
b200_heavy_work_r1,GA,Large (141-200),200,heavy_work,321.26666666666665,15,20251214,172,BLK_172P,4,베이36B 론지취부,6,2025-12-14 17:27:24,2025-12-14 18:29:48,62.4,36B,베이36B,raw,
b200_heavy_work_r1,GA,Large (141-200),200,heavy_work,321.26666666666665,15,20251214,172,BLK_172P,4,베이36B 론지용접,7,2025-12-14 18:29:48,2025-12-14 18:54:02,24.2,36B,베이36B,raw,
b200_heavy_work_r1,GA,Large (141-200),200,heavy_work,321.26666666666665,15,20251214,172,BLK_172P,4,베이36B 수정,8,2025-12-14 18:54:02,2025-12-14 19:31:43,37.7,36B,베이36B,raw,
b200_heavy_work_r1,GA,Large (141-200),200,heavy_work,321.26666666666665,15,20251214,65,BLK_65S,5,판계,1,2025-12-14 09:32:24,2025-12-14 09:56:24,24.0,,공통,raw,
b200_heavy_work_r1,GA,Large (141-200),200,heavy_work,321.26666666666665,15,20251214,65,BLK_65S,5,전면SAW,2,2025-12-14 14:17:26,2025-12-14 16:52:26,155.0,,공통,raw,
b200_heavy_work_r1,GA,Large (141-200),200,heavy_work,321.26666666666665,15,20251214,65,BLK_65S,5,TurnOver,3,2025-12-14 16:52:26,2025-12-14 17:06:50,14.4,,공통,raw,
b200_heavy_work_r1,GA,Large (141-200),200,heavy_work,321.26666666666665,15,20251214,65,BLK_65S,5,후면SAW,4,2025-12-14 17:06:50,2025-12-14 19:13:29,126.6,,공통,raw,
b200_heavy_work_r1,GA,Large (141-200),200,heavy_work,321.26666666666665,15,20251214,65,BLK_65S,5,NC,5,2025-12-14 19:13:29,2025-12-14 19:46:01,32.5,,공통,raw,
b200_heavy_work_r1,GA,Large (141-200),200,heavy_work,321.26666666666665,15,20251214,65,BLK_65S,5,베이35A 론지취부,6,2025-12-14 19:46:01,2025-12-14 20:19:01,33.0,35A,베이35A,raw,
b200_heavy_work_r1,GA,Large (141-200),200,heavy_work,321.26666666666665,15,20251214,65,BLK_65S,5,베이35A 론지용접,7,2025-12-14 20:19:01,2025-12-14 20:38:13,19.2,35A,베이35A,raw,
b200_heavy_work_r1,GA,Large (141-200),200,heavy_work,321.26666666666665,15,20251214,65,BLK_65S,5,베이35A 수정,8,2025-12-14 20:38:13,2025-12-14 20:57:25,19.2,35A,베이35A,raw,
b200_heavy_work_r1,GA,Large (141-200),200,heavy_work,321.26666666666665,15,20251214,143,BLK_143S,6,판계,1,2025-12-14 09:56:24,2025-12-14 10:32:24,36.0,,공통,raw,
b200_heavy_work_r1,GA,Large (141-200),200,heavy_work,321.26666666666665,15,20251214,143,BLK_143S,6,전면SAW,2,2025-12-14 16:52:26,2025-12-14 17:32:42,40.3,,공통,raw,
b200_heavy_work_r1,GA,Large (141-200),200,heavy_work,321.26666666666665,15,20251214,143,BLK_143S,6,TurnOver,3,2025-12-14 17:32:42,2025-12-14 17:47:06,14.4,,공통,raw,
b200_heavy_work_r1,GA,Large (141-200),200,heavy_work,321.26666666666665,15,20251214,143,BLK_143S,6,후면SAW,4,2025-12-14 19:13:29,2025-12-14 19:41:08,27.6,,공통,raw,
b200_heavy_work_r1,GA,Large (141-200),200,heavy_work,321.26666666666665,15,20251214,143,BLK_143S,6,NC,5,2025-12-14 19:46:01,2025-12-14 20:38:46,52.7,,공통,raw,
b200_heavy_work_r1,GA,Large (141-200),200,heavy_work,321.26666666666665,15,20251214,143,BLK_143S,6,베이36B 론지취부,6,2025-12-14 20:38:46,2025-12-14 22:31:34,112.8,36B,베이36B,raw,
b200_heavy_work_r1,GA,Large (141-200),200,heavy_work,321.26666666666665,15,20251214,143,BLK_143S,6,베이36B 론지용접,7,2025-12-14 22:31:34,2025-12-14 23:04:27,32.9,36B,베이36B,raw,
b200_heavy_work_r1,GA,Large (141-200),200,heavy_work,321.26666666666665,15,20251214,143,BLK_143S,6,베이36B 수정,8,2025-12-14 23:04:27,2025-12-15 00:13:48,69.4,36B,베이36B,raw,
b200_heavy_work_r1,GA,Large (141-200),200,heavy_work,321.26666666666665,15,20251214,144,BLK_144C,7,판계,1,2025-12-14 10:32:24,2025-12-14 10:46:48,14.4,,공통,raw,
b200_heavy_work_r1,GA,Large (141-200),200,heavy_work,321.26666666666665,15,20251214,144,BLK_144C,7,전면SAW,2,2025-12-14 17:32:42,2025-12-14 18:24:41,52.0,,공통,raw,
b200_heavy_work_r1,GA,Large (141-200),200,heavy_work,321.26666666666665,15,20251214,144,BLK_144C,7,TurnOver,3,2025-12-14 18:24:41,2025-12-14 18:39:05,14.4,,공통,raw,
b200_heavy_work_r1,GA,Large (141-200),200,heavy_work,321.26666666666665,15,20251214,144,BLK_144C,7,후면SAW,4,2025-12-14 19:41:08,2025-12-14 20:24:10,43.0,,공통,raw,
b200_heavy_work_r1,GA,Large (141-200),200,heavy_work,321.26666666666665,15,20251214,144,BLK_144C,7,NC,5,2025-12-14 20:38:46,2025-12-14 21:03:36,24.8,,공통,raw,
b200_heavy_work_r1,GA,Large (141-200),200,heavy_work,321.26666666666665,15,20251214,144,BLK_144C,7,베이35A 론지취부,6,2025-12-14 21:03:36,2025-12-14 22:01:48,58.2,35A,베이35A,raw,
b200_heavy_work_r1,GA,Large (141-200),200,heavy_work,321.26666666666665,15,20251214,144,BLK_144C,7,베이35A 론지용접,7,2025-12-14 22:01:48,2025-12-14 22:25:19,23.5,35A,베이35A,raw,
b200_heavy_work_r1,GA,Large (141-200),200,heavy_work,321.26666666666665,15,20251214,144,BLK_144C,7,베이35A 수정,8,2025-12-14 22:25:19,2025-12-14 23:00:22,35.0,35A,베이35A,raw,
b200_heavy_work_r1,GA,Large (141-200),200,heavy_work,321.26666666666665,15,20251214,146,BLK_146P,8,판계,1,2025-12-14 10:46:48,2025-12-14 11:26:24,39.6,,공통,raw,
b200_heavy_work_r1,GA,Large (141-200),200,heavy_work,321.26666666666665,15,20251214,146,BLK_146P,8,전면SAW,2,2025-12-14 18:24:41,2025-12-14 20:18:54,114.2,,공통,raw,
b200_heavy_work_r1,GA,Large (141-200),200,heavy_work,321.26666666666665,15,20251214,146,BLK_146P,8,TurnOver,3,2025-12-14 20:18:54,2025-12-14 20:33:18,14.4,,공통,raw,
b200_heavy_work_r1,GA,Large (141-200),200,heavy_work,321.26666666666665,15,20251214,146,BLK_146P,8,후면SAW,4,2025-12-14 20:33:18,2025-12-14 22:02:46,89.5,,공통,raw,
b200_heavy_work_r1,GA,Large (141-200),200,heavy_work,321.26666666666665,15,20251214,146,BLK_146P,8,NC,5,2025-12-14 22:02:46,2025-12-14 22:52:21,49.6,,공통,raw,
b200_heavy_work_r1,GA,Large (141-200),200,heavy_work,321.26666666666665,15,20251214,146,BLK_146P,8,베이36B 론지취부,6,2025-12-14 22:52:21,2025-12-15 00:28:21,96.0,36B,베이36B,raw,
b200_heavy_work_r1,GA,Large (141-200),200,heavy_work,321.26666666666665,15,20251214,146,BLK_146P,8,베이36B 론지용접,7,2025-12-15 00:28:21,2025-12-15 00:58:21,30.0,36B,베이36B,raw,
b200_heavy_work_r1,GA,Large (141-200),200,heavy_work,321.26666666666665,15,20251214,146,BLK_146P,8,베이36B 수정,8,2025-12-15 00:58:21,2025-12-15 01:57:09,58.8,36B,베이36B,raw,
b200_heavy_work_r1,GA,Large (141-200),200,heavy_work,321.26666666666665,15,20251214,112,BLK_112P,9,판계,1,2025-12-14 11:26:24,2025-12-14 12:02:24,36.0,,공통,raw,
b200_heavy_work_r1,GA,Large (141-200),200,heavy_work,321.26666666666665,15,20251214,112,BLK_112P,9,전면SAW,2,2025-12-14 20:18:54,2025-12-14 20:57:55,39.0,,공통,raw,
b200_heavy_work_r1,GA,Large (141-200),200,heavy_work,321.26666666666665,15,20251214,112,BLK_112P,9,TurnOver,3,2025-12-14 20:57:55,2025-12-14 21:12:19,14.4,,공통,raw,
b200_heavy_work_r1,GA,Large (141-200),200,heavy_work,321.26666666666665,15,20251214,112,BLK_112P,9,후면SAW,4,2025-12-14 22:02:46,2025-12-14 22:28:45,26.0,,공통,raw,
b200_heavy_work_r1,GA,Large (141-200),200,heavy_work,321.26666666666665,15,20251214,112,BLK_112P,9,NC,5,2025-12-14 22:52:21,2025-12-14 23:40:51,48.5,,공통,raw,
b200_heavy_work_r1,GA,Large (141-200),200,heavy_work,321.26666666666665,15,20251214,112,BLK_112P,9,베이35A 론지취부,6,2025-12-14 23:40:51,2025-12-15 00:47:27,66.6,35A,베이35A,raw,
b200_heavy_work_r1,GA,Large (141-200),200,heavy_work,321.26666666666665,15,20251214,112,BLK_112P,9,베이35A 론지용접,7,2025-12-15 00:47:27,2025-12-15 01:12:25,25.0,35A,베이35A,raw,
b200_heavy_work_r1,GA,Large (141-200),200,heavy_work,321.26666666666665,15,20251214,112,BLK_112P,9,베이35A 수정,8,2025-12-15 01:12:25,2025-12-15 01:52:44,40.3,35A,베이35A,raw,
b200_heavy_work_r1,GA,Large (141-200),200,heavy_work,321.26666666666665,15,20251214,150,BLK_150C,10,판계,1,2025-12-14 12:02:24,2025-12-14 12:38:24,36.0,,공통,raw,
b200_heavy_work_r1,GA,Large (141-200),200,heavy_work,321.26666666666665,15,20251214,150,BLK_150C,10,전면SAW,2,2025-12-14 20:57:55,2025-12-14 23:27:19,149.4,,공통,raw,
b200_heavy_work_r1,GA,Large (141-200),200,heavy_work,321.26666666666665,15,20251214,150,BLK_150C,10,TurnOver,3,2025-12-14 23:27:19,2025-12-14 23:41:43,14.4,,공통,raw,
b200_heavy_work_r1,GA,Large (141-200),200,heavy_work,321.26666666666665,15,20251214,150,BLK_150C,10,후면SAW,4,2025-12-14 23:41:43,2025-12-15 01:29:22,107.7,,공통,raw,
b200_heavy_work_r1,GA,Large (141-200),200,heavy_work,321.26666666666665,15,20251214,150,BLK_150C,10,NC,5,2025-12-15 01:29:22,2025-12-15 02:34:48,65.4,,공통,raw,
b200_heavy_work_r1,GA,Large (141-200),200,heavy_work,321.26666666666665,15,20251214,150,BLK_150C,10,베이36B 론지취부,6,2025-12-15 02:34:48,2025-12-15 03:33:00,58.2,36B,베이36B,raw,
b200_heavy_work_r1,GA,Large (141-200),200,heavy_work,321.26666666666665,15,20251214,150,BLK_150C,10,베이36B 론지용접,7,2025-12-15 03:33:00,2025-12-15 03:56:31,23.5,36B,베이36B,raw,
b200_heavy_work_r1,GA,Large (141-200),200,heavy_work,321.26666666666665,15,20251214,150,BLK_150C,10,베이36B 수정,8,2025-12-15 03:56:31,2025-12-15 04:31:33,35.0,36B,베이36B,raw,
b200_heavy_work_r1,GA,Large (141-200),200,heavy_work,321.26666666666665,15,20251214,114,BLK_114C,11,판계,1,2025-12-14 12:38:24,2025-12-14 13:08:24,30.0,,공통,raw,
b200_heavy_work_r1,GA,Large (141-200),200,heavy_work,321.26666666666665,15,20251214,114,BLK_114C,11,전면SAW,2,2025-12-14 23:27:19,2025-12-15 00:15:41,48.4,,공통,raw,
b200_heavy_work_r1,GA,Large (141-200),200,heavy_work,321.26666666666665,15,20251214,114,BLK_114C,11,TurnOver,3,2025-12-15 00:15:41,2025-12-15 00:30:05,14.4,,공통,raw,
b200_heavy_work_r1,GA,Large (141-200),200,heavy_work,321.26666666666665,15,20251214,114,BLK_114C,11,후면SAW,4,2025-12-15 01:29:22,2025-12-15 02:07:40,38.3,,공통,raw,
b200_heavy_work_r1,GA,Large (141-200),200,heavy_work,321.26666666666665,15,20251214,114,BLK_114C,11,NC,5,2025-12-15 02:34:48,2025-12-15 03:16:00,41.2,,공통,raw,
b200_heavy_work_r1,GA,Large (141-200),200,heavy_work,321.26666666666665,15,20251214,114,BLK_114C,11,베이35A 론지취부,6,2025-12-15 03:16:00,2025-12-15 04:18:24,62.4,35A,베이35A,raw,
b200_heavy_work_r1,GA,Large (141-200),200,heavy_work,321.26666666666665,15,20251214,114,BLK_114C,11,베이35A 론지용접,7,2025-12-15 04:18:24,2025-12-15 04:42:38,24.2,35A,베이35A,raw,
b200_heavy_work_r1,GA,Large (141-200),200,heavy_work,321.26666666666665,15,20251214,114,BLK_114C,11,베이35A 수정,8,2025-12-15 04:42:38,2025-12-15 05:20:19,37.7,35A,베이35A,raw,
b200_heavy_work_r1,GA,Large (141-200),200,heavy_work,321.26666666666665,15,20251214,170,BLK_170S,12,판계,1,2025-12-14 13:08:24,2025-12-14 13:54:00,45.6,,공통,raw,
b200_heavy_work_r1,GA,Large (141-200),200,heavy_work,321.26666666666665,15,20251214,170,BLK_170S,12,전면SAW,2,2025-12-15 00:15:41,2025-12-15 01:37:21,81.7,,공통,raw,
b200_heavy_work_r1,GA,Large (141-200),200,heavy_work,321.26666666666665,15,20251214,170,BLK_170S,12,TurnOver,3,2025-12-15 01:37:21,2025-12-15 01:51:45,14.4,,공통,raw,
b200_heavy_work_r1,GA,Large (141-200),200,heavy_work,321.26666666666665,15,20251214,170,BLK_170S,12,후면SAW,4,2025-12-15 02:07:40,2025-12-15 03:07:26,59.8,,공통,raw,
b200_heavy_work_r1,GA,Large (141-200),200,heavy_work,321.26666666666665,15,20251214,170,BLK_170S,12,NC,5,2025-12-15 03:16:00,2025-12-15 04:06:10,50.2,,공통,raw,
b200_heavy_work_r1,GA,Large (141-200),200,heavy_work,321.26666666666665,15,20251214,170,BLK_170S,12,베이36B 론지취부,6,2025-12-15 04:06:10,2025-12-15 04:47:34,41.4,36B,베이36B,raw,
b200_heavy_work_r1,GA,Large (141-200),200,heavy_work,321.26666666666665,15,20251214,170,BLK_170S,12,베이36B 론지용접,7,2025-12-15 04:47:34,2025-12-15 05:08:12,20.6,36B,베이36B,raw,
b200_heavy_work_r1,GA,Large (141-200),200,heavy_work,321.26666666666665,15,20251214,170,BLK_170S,12,베이36B 수정,8,2025-12-15 05:08:12,2025-12-15 05:32:41,24.5,36B,베이36B,raw,
b200_heavy_work_r1,GA,Large (141-200),200,heavy_work,321.26666666666665,15,20251215,149,BLK_149P,1,판계,1,2025-12-15 08:00:00,2025-12-15 08:30:00,30.0,,공통,raw,
b200_heavy_work_r1,GA,Large (141-200),200,heavy_work,321.26666666666665,15,20251215,149,BLK_149P,1,전면SAW,2,2025-12-15 08:30:00,2025-12-15 09:08:08,38.1,,공통,raw,
b200_heavy_work_r1,GA,Large (141-200),200,heavy_work,321.26666666666665,15,20251215,149,BLK_149P,1,TurnOver,3,2025-12-15 09:08:08,2025-12-15 09:22:32,14.4,,공통,raw,
b200_heavy_work_r1,GA,Large (141-200),200,heavy_work,321.26666666666665,15,20251215,149,BLK_149P,1,후면SAW,4,2025-12-15 09:22:32,2025-12-15 09:47:21,24.8,,공통,raw,
b200_heavy_work_r1,GA,Large (141-200),200,heavy_work,321.26666666666665,15,20251215,149,BLK_149P,1,NC,5,2025-12-15 09:47:21,2025-12-15 10:28:22,41.0,,공통,raw,
b200_heavy_work_r1,GA,Large (141-200),200,heavy_work,321.26666666666665,15,20251215,149,BLK_149P,1,베이35A 론지취부,6,2025-12-15 10:28:22,2025-12-15 11:34:58,66.6,35A,베이35A,raw,
b200_heavy_work_r1,GA,Large (141-200),200,heavy_work,321.26666666666665,15,20251215,149,BLK_149P,1,베이35A 론지용접,7,2025-12-15 11:34:58,2025-12-15 11:59:56,25.0,35A,베이35A,raw,
b200_heavy_work_r1,GA,Large (141-200),200,heavy_work,321.26666666666665,15,20251215,149,BLK_149P,1,베이35A 수정,8,2025-12-15 11:59:56,2025-12-15 12:40:15,40.3,35A,베이35A,raw,
b200_heavy_work_r1,GA,Large (141-200),200,heavy_work,321.26666666666665,15,20251215,148,BLK_148S,2,판계,1,2025-12-15 08:30:00,2025-12-15 09:24:00,54.0,,공통,raw,
b200_heavy_work_r1,GA,Large (141-200),200,heavy_work,321.26666666666665,15,20251215,148,BLK_148S,2,전면SAW,2,2025-12-15 09:24:00,2025-12-15 12:17:24,173.4,,공통,raw,
b200_heavy_work_r1,GA,Large (141-200),200,heavy_work,321.26666666666665,15,20251215,148,BLK_148S,2,TurnOver,3,2025-12-15 12:17:24,2025-12-15 12:31:48,14.4,,공통,raw,
b200_heavy_work_r1,GA,Large (141-200),200,heavy_work,321.26666666666665,15,20251215,148,BLK_148S,2,후면SAW,4,2025-12-15 12:31:48,2025-12-15 14:38:40,126.9,,공통,raw,
b200_heavy_work_r1,GA,Large (141-200),200,heavy_work,321.26666666666665,15,20251215,148,BLK_148S,2,NC,5,2025-12-15 14:38:40,2025-12-15 15:38:42,60.0,,공통,raw,
b200_heavy_work_r1,GA,Large (141-200),200,heavy_work,321.26666666666665,15,20251215,148,BLK_148S,2,베이36B 론지취부,6,2025-12-15 15:38:42,2025-12-15 16:41:06,62.4,36B,베이36B,raw,
b200_heavy_work_r1,GA,Large (141-200),200,heavy_work,321.26666666666665,15,20251215,148,BLK_148S,2,베이36B 론지용접,7,2025-12-15 16:41:06,2025-12-15 17:05:21,24.2,36B,베이36B,raw,
b200_heavy_work_r1,GA,Large (141-200),200,heavy_work,321.26666666666665,15,20251215,148,BLK_148S,2,베이36B 수정,8,2025-12-15 17:05:21,2025-12-15 17:43:01,37.7,36B,베이36B,raw,
b200_heavy_work_r1,GA,Large (141-200),200,heavy_work,321.26666666666665,15,20251215,152,BLK_152S,3,판계,1,2025-12-15 09:24:00,2025-12-15 09:48:00,24.0,,공통,raw,
b200_heavy_work_r1,GA,Large (141-200),200,heavy_work,321.26666666666665,15,20251215,152,BLK_152S,3,전면SAW,2,2025-12-15 12:17:24,2025-12-15 13:04:17,46.9,,공통,raw,
b200_heavy_work_r1,GA,Large (141-200),200,heavy_work,321.26666666666665,15,20251215,152,BLK_152S,3,TurnOver,3,2025-12-15 13:04:17,2025-12-15 13:18:41,14.4,,공통,raw,
b200_heavy_work_r1,GA,Large (141-200),200,heavy_work,321.26666666666665,15,20251215,152,BLK_152S,3,후면SAW,4,2025-12-15 14:38:40,2025-12-15 15:15:00,36.3,,공통,raw,
b200_heavy_work_r1,GA,Large (141-200),200,heavy_work,321.26666666666665,15,20251215,152,BLK_152S,3,NC,5,2025-12-15 15:38:42,2025-12-15 16:16:17,37.6,,공통,raw,
b200_heavy_work_r1,GA,Large (141-200),200,heavy_work,321.26666666666665,15,20251215,152,BLK_152S,3,베이35A 론지취부,6,2025-12-15 16:16:17,2025-12-15 17:39:41,83.4,35A,베이35A,raw,
b200_heavy_work_r1,GA,Large (141-200),200,heavy_work,321.26666666666665,15,20251215,152,BLK_152S,3,베이35A 론지용접,7,2025-12-15 17:39:41,2025-12-15 18:07:32,27.8,35A,베이35A,raw,
b200_heavy_work_r1,GA,Large (141-200),200,heavy_work,321.26666666666665,15,20251215,152,BLK_152S,3,베이35A 수정,8,2025-12-15 18:07:32,2025-12-15 18:58:24,50.9,35A,베이35A,raw,
b200_heavy_work_r1,GA,Large (141-200),200,heavy_work,321.26666666666665,15,20251215,153,BLK_153P,4,판계,1,2025-12-15 09:48:00,2025-12-15 10:27:36,39.6,,공통,raw,
b200_heavy_work_r1,GA,Large (141-200),200,heavy_work,321.26666666666665,15,20251215,153,BLK_153P,4,전면SAW,2,2025-12-15 13:04:17,2025-12-15 14:51:02,106.8,,공통,raw,
b200_heavy_work_r1,GA,Large (141-200),200,heavy_work,321.26666666666665,15,20251215,153,BLK_153P,4,TurnOver,3,2025-12-15 14:51:02,2025-12-15 15:05:26,14.4,,공통,raw,
b200_heavy_work_r1,GA,Large (141-200),200,heavy_work,321.26666666666665,15,20251215,153,BLK_153P,4,후면SAW,4,2025-12-15 15:15:00,2025-12-15 16:37:39,82.7,,공통,raw,
b200_heavy_work_r1,GA,Large (141-200),200,heavy_work,321.26666666666665,15,20251215,153,BLK_153P,4,NC,5,2025-12-15 16:37:39,2025-12-15 17:28:03,50.4,,공통,raw,
b200_heavy_work_r1,GA,Large (141-200),200,heavy_work,321.26666666666665,15,20251215,153,BLK_153P,4,베이36B 론지취부,6,2025-12-15 17:28:03,2025-12-15 18:55:39,87.6,36B,베이36B,raw,
b200_heavy_work_r1,GA,Large (141-200),200,heavy_work,321.26666666666665,15,20251215,153,BLK_153P,4,베이36B 론지용접,7,2025-12-15 18:55:39,2025-12-15 19:24:12,28.6,36B,베이36B,raw,
b200_heavy_work_r1,GA,Large (141-200),200,heavy_work,321.26666666666665,15,20251215,153,BLK_153P,4,베이36B 수정,8,2025-12-15 19:24:12,2025-12-15 20:17:44,53.5,36B,베이36B,raw,
b200_heavy_work_r1,GA,Large (141-200),200,heavy_work,321.26666666666665,15,20251215,174,BLK_174S,5,판계,1,2025-12-15 10:27:36,2025-12-15 10:57:36,30.0,,공통,raw,
b200_heavy_work_r1,GA,Large (141-200),200,heavy_work,321.26666666666665,15,20251215,174,BLK_174S,5,전면SAW,2,2025-12-15 14:51:02,2025-12-15 15:36:38,45.6,,공통,raw,
b200_heavy_work_r1,GA,Large (141-200),200,heavy_work,321.26666666666665,15,20251215,174,BLK_174S,5,TurnOver,3,2025-12-15 15:36:38,2025-12-15 15:51:02,14.4,,공통,raw,
b200_heavy_work_r1,GA,Large (141-200),200,heavy_work,321.26666666666665,15,20251215,174,BLK_174S,5,후면SAW,4,2025-12-15 16:37:39,2025-12-15 17:12:18,34.6,,공통,raw,
b200_heavy_work_r1,GA,Large (141-200),200,heavy_work,321.26666666666665,15,20251215,174,BLK_174S,5,NC,5,2025-12-15 17:28:03,2025-12-15 18:08:18,40.3,,공통,raw,
b200_heavy_work_r1,GA,Large (141-200),200,heavy_work,321.26666666666665,15,20251215,174,BLK_174S,5,베이35A 론지취부,6,2025-12-15 18:08:18,2025-12-15 19:10:42,62.4,35A,베이35A,raw,
b200_heavy_work_r1,GA,Large (141-200),200,heavy_work,321.26666666666665,15,20251215,174,BLK_174S,5,베이35A 론지용접,7,2025-12-15 19:10:42,2025-12-15 19:34:57,24.2,35A,베이35A,raw,
b200_heavy_work_r1,GA,Large (141-200),200,heavy_work,321.26666666666665,15,20251215,174,BLK_174S,5,베이35A 수정,8,2025-12-15 19:34:57,2025-12-15 20:12:38,37.7,35A,베이35A,raw,
b200_heavy_work_r1,GA,Large (141-200),200,heavy_work,321.26666666666665,15,20251215,154,BLK_154P,6,판계,1,2025-12-15 10:57:36,2025-12-15 11:33:36,36.0,,공통,raw,
b200_heavy_work_r1,GA,Large (141-200),200,heavy_work,321.26666666666665,15,20251215,154,BLK_154P,6,전면SAW,2,2025-12-15 15:36:38,2025-12-15 17:30:24,113.8,,공통,raw,
b200_heavy_work_r1,GA,Large (141-200),200,heavy_work,321.26666666666665,15,20251215,154,BLK_154P,6,TurnOver,3,2025-12-15 17:30:24,2025-12-15 17:44:48,14.4,,공통,raw,
b200_heavy_work_r1,GA,Large (141-200),200,heavy_work,321.26666666666665,15,20251215,154,BLK_154P,6,후면SAW,4,2025-12-15 17:44:48,2025-12-15 19:35:52,111.1,,공통,raw,
b200_heavy_work_r1,GA,Large (141-200),200,heavy_work,321.26666666666665,15,20251215,154,BLK_154P,6,NC,5,2025-12-15 19:35:52,2025-12-15 20:36:22,60.5,,공통,raw,
b200_heavy_work_r1,GA,Large (141-200),200,heavy_work,321.26666666666665,15,20251215,154,BLK_154P,6,베이36B 론지취부,6,2025-12-15 20:36:22,2025-12-15 21:30:22,54.0,36B,베이36B,raw,
b200_heavy_work_r1,GA,Large (141-200),200,heavy_work,321.26666666666665,15,20251215,154,BLK_154P,6,베이36B 론지용접,7,2025-12-15 21:30:22,2025-12-15 21:53:10,22.8,36B,베이36B,raw,
b200_heavy_work_r1,GA,Large (141-200),200,heavy_work,321.26666666666665,15,20251215,154,BLK_154P,6,베이36B 수정,8,2025-12-15 21:53:10,2025-12-15 22:25:34,32.4,36B,베이36B,raw,
b200_heavy_work_r1,GA,Large (141-200),200,heavy_work,321.26666666666665,15,20251215,46,BLK_46S,7,판계,1,2025-12-15 11:33:36,2025-12-15 12:03:36,30.0,,공통,raw,
b200_heavy_work_r1,GA,Large (141-200),200,heavy_work,321.26666666666665,15,20251215,46,BLK_46S,7,전면SAW,2,2025-12-15 17:30:24,2025-12-15 18:09:27,39.0,,공통,raw,
b200_heavy_work_r1,GA,Large (141-200),200,heavy_work,321.26666666666665,15,20251215,46,BLK_46S,7,TurnOver,3,2025-12-15 18:09:27,2025-12-15 18:23:51,14.4,,공통,raw,
b200_heavy_work_r1,GA,Large (141-200),200,heavy_work,321.26666666666665,15,20251215,46,BLK_46S,7,후면SAW,4,2025-12-15 19:35:52,2025-12-15 20:01:54,26.0,,공통,raw,
b200_heavy_work_r1,GA,Large (141-200),200,heavy_work,321.26666666666665,15,20251215,46,BLK_46S,7,NC,5,2025-12-15 20:36:22,2025-12-15 21:20:33,44.2,,공통,raw,
b200_heavy_work_r1,GA,Large (141-200),200,heavy_work,321.26666666666665,15,20251215,46,BLK_46S,7,베이35A 론지취부,6,2025-12-15 21:20:33,2025-12-15 23:04:57,104.4,35A,베이35A,raw,
b200_heavy_work_r1,GA,Large (141-200),200,heavy_work,321.26666666666665,15,20251215,46,BLK_46S,7,베이35A 론지용접,7,2025-12-15 23:04:57,2025-12-15 23:36:23,31.4,35A,베이35A,raw,
b200_heavy_work_r1,GA,Large (141-200),200,heavy_work,321.26666666666665,15,20251215,46,BLK_46S,7,베이35A 수정,8,2025-12-15 23:36:23,2025-12-16 00:40:28,64.1,35A,베이35A,raw,
b200_heavy_work_r1,GA,Large (141-200),200,heavy_work,321.26666666666665,15,20251215,158,BLK_158S,8,판계,1,2025-12-15 12:03:36,2025-12-15 12:49:12,45.6,,공통,raw,
b200_heavy_work_r1,GA,Large (141-200),200,heavy_work,321.26666666666665,15,20251215,158,BLK_158S,8,전면SAW,2,2025-12-15 18:09:27,2025-12-15 19:55:42,106.2,,공통,raw,
b200_heavy_work_r1,GA,Large (141-200),200,heavy_work,321.26666666666665,15,20251215,158,BLK_158S,8,TurnOver,3,2025-12-15 19:55:42,2025-12-15 20:10:06,14.4,,공통,raw,
b200_heavy_work_r1,GA,Large (141-200),200,heavy_work,321.26666666666665,15,20251215,158,BLK_158S,8,후면SAW,4,2025-12-15 20:10:06,2025-12-15 21:32:17,82.2,,공통,raw,
b200_heavy_work_r1,GA,Large (141-200),200,heavy_work,321.26666666666665,15,20251215,158,BLK_158S,8,NC,5,2025-12-15 21:32:17,2025-12-15 22:26:16,54.0,,공통,raw,
b200_heavy_work_r1,GA,Large (141-200),200,heavy_work,321.26666666666665,15,20251215,158,BLK_158S,8,베이36B 론지취부,6,2025-12-15 22:26:16,2025-12-15 23:53:52,87.6,36B,베이36B,raw,
b200_heavy_work_r1,GA,Large (141-200),200,heavy_work,321.26666666666665,15,20251215,158,BLK_158S,8,베이36B 론지용접,7,2025-12-15 23:53:52,2025-12-16 00:22:25,28.6,36B,베이36B,raw,
b200_heavy_work_r1,GA,Large (141-200),200,heavy_work,321.26666666666665,15,20251215,158,BLK_158S,8,베이36B 수정,8,2025-12-16 00:22:25,2025-12-16 01:15:56,53.5,36B,베이36B,raw,
b200_heavy_work_r1,GA,Large (141-200),200,heavy_work,321.26666666666665,15,20251215,126,BLK_126C,9,판계,1,2025-12-15 12:49:12,2025-12-15 13:25:12,36.0,,공통,raw,
b200_heavy_work_r1,GA,Large (141-200),200,heavy_work,321.26666666666665,15,20251215,126,BLK_126C,9,전면SAW,2,2025-12-15 19:55:42,2025-12-15 20:31:12,35.5,,공통,raw,
b200_heavy_work_r1,GA,Large (141-200),200,heavy_work,321.26666666666665,15,20251215,126,BLK_126C,9,TurnOver,3,2025-12-15 20:31:12,2025-12-15 20:45:36,14.4,,공통,raw,
b200_heavy_work_r1,GA,Large (141-200),200,heavy_work,321.26666666666665,15,20251215,126,BLK_126C,9,후면SAW,4,2025-12-15 21:32:17,2025-12-15 21:53:39,21.4,,공통,raw,
b200_heavy_work_r1,GA,Large (141-200),200,heavy_work,321.26666666666665,15,20251215,126,BLK_126C,9,NC,5,2025-12-15 22:26:16,2025-12-15 23:16:53,50.6,,공통,raw,
b200_heavy_work_r1,GA,Large (141-200),200,heavy_work,321.26666666666665,15,20251215,126,BLK_126C,9,베이35A 론지취부,6,2025-12-15 23:16:53,2025-12-16 00:27:41,70.8,35A,베이35A,raw,
b200_heavy_work_r1,GA,Large (141-200),200,heavy_work,321.26666666666665,15,20251215,126,BLK_126C,9,베이35A 론지용접,7,2025-12-16 00:27:41,2025-12-16 00:53:21,25.7,35A,베이35A,raw,
b200_heavy_work_r1,GA,Large (141-200),200,heavy_work,321.26666666666665,15,20251215,126,BLK_126C,9,베이35A 수정,8,2025-12-16 00:53:21,2025-12-16 01:36:19,43.0,35A,베이35A,raw,
b200_heavy_work_r1,GA,Large (141-200),200,heavy_work,321.26666666666665,15,20251215,176,BLK_176C,10,판계,1,2025-12-15 13:25:12,2025-12-15 13:49:12,24.0,,공통,raw,
b200_heavy_work_r1,GA,Large (141-200),200,heavy_work,321.26666666666665,15,20251215,176,BLK_176C,10,전면SAW,2,2025-12-15 20:31:12,2025-12-15 21:32:00,60.8,,공통,raw,
b200_heavy_work_r1,GA,Large (141-200),200,heavy_work,321.26666666666665,15,20251215,176,BLK_176C,10,TurnOver,3,2025-12-15 21:32:00,2025-12-15 21:46:24,14.4,,공통,raw,
b200_heavy_work_r1,GA,Large (141-200),200,heavy_work,321.26666666666665,15,20251215,176,BLK_176C,10,후면SAW,4,2025-12-15 21:53:39,2025-12-15 22:48:20,54.7,,공통,raw,
b200_heavy_work_r1,GA,Large (141-200),200,heavy_work,321.26666666666665,15,20251215,176,BLK_176C,10,NC,5,2025-12-15 23:16:53,2025-12-15 23:53:08,36.3,,공통,raw,
b200_heavy_work_r1,GA,Large (141-200),200,heavy_work,321.26666666666665,15,20251215,176,BLK_176C,10,베이36B 론지취부,6,2025-12-15 23:53:52,2025-12-16 00:56:16,62.4,36B,베이36B,raw,
b200_heavy_work_r1,GA,Large (141-200),200,heavy_work,321.26666666666665,15,20251215,176,BLK_176C,10,베이36B 론지용접,7,2025-12-16 00:56:16,2025-12-16 01:20:30,24.2,36B,베이36B,raw,
b200_heavy_work_r1,GA,Large (141-200),200,heavy_work,321.26666666666665,15,20251215,176,BLK_176C,10,베이36B 수정,8,2025-12-16 01:20:30,2025-12-16 01:58:11,37.7,36B,베이36B,raw,
b200_heavy_work_r1,GA,Large (141-200),200,heavy_work,321.26666666666665,15,20251215,151,BLK_151S,11,판계,1,2025-12-15 13:49:12,2025-12-15 14:25:12,36.0,,공통,raw,
b200_heavy_work_r1,GA,Large (141-200),200,heavy_work,321.26666666666665,15,20251215,151,BLK_151S,11,전면SAW,2,2025-12-15 21:32:00,2025-12-15 22:11:39,39.6,,공통,raw,
b200_heavy_work_r1,GA,Large (141-200),200,heavy_work,321.26666666666665,15,20251215,151,BLK_151S,11,TurnOver,3,2025-12-15 22:11:39,2025-12-15 22:26:03,14.4,,공통,raw,
b200_heavy_work_r1,GA,Large (141-200),200,heavy_work,321.26666666666665,15,20251215,151,BLK_151S,11,후면SAW,4,2025-12-15 22:48:20,2025-12-15 23:15:07,26.8,,공통,raw,
b200_heavy_work_r1,GA,Large (141-200),200,heavy_work,321.26666666666665,15,20251215,151,BLK_151S,11,NC,5,2025-12-15 23:53:08,2025-12-16 00:54:21,61.2,,공통,raw,
b200_heavy_work_r1,GA,Large (141-200),200,heavy_work,321.26666666666665,15,20251215,151,BLK_151S,11,베이36B 론지취부,6,2025-12-16 00:56:16,2025-12-16 02:36:28,100.2,36B,베이36B,raw,
b200_heavy_work_r1,GA,Large (141-200),200,heavy_work,321.26666666666665,15,20251215,151,BLK_151S,11,베이36B 론지용접,7,2025-12-16 02:36:28,2025-12-16 03:07:11,30.7,36B,베이36B,raw,
b200_heavy_work_r1,GA,Large (141-200),200,heavy_work,321.26666666666665,15,20251215,151,BLK_151S,11,베이36B 수정,8,2025-12-16 03:07:11,2025-12-16 04:08:37,61.4,36B,베이36B,raw,
b200_heavy_work_r1,GA,Large (141-200),200,heavy_work,321.26666666666665,15,20251215,160,BLK_160P,12,판계,1,2025-12-15 14:25:12,2025-12-15 14:57:36,32.4,,공통,raw,
b200_heavy_work_r1,GA,Large (141-200),200,heavy_work,321.26666666666665,15,20251215,160,BLK_160P,12,전면SAW,2,2025-12-15 22:11:39,2025-12-16 00:34:17,142.6,,공통,raw,
b200_heavy_work_r1,GA,Large (141-200),200,heavy_work,321.26666666666665,15,20251215,160,BLK_160P,12,TurnOver,3,2025-12-16 00:34:17,2025-12-16 00:48:41,14.4,,공통,raw,
b200_heavy_work_r1,GA,Large (141-200),200,heavy_work,321.26666666666665,15,20251215,160,BLK_160P,12,후면SAW,4,2025-12-16 00:48:41,2025-12-16 02:30:56,102.2,,공통,raw,
b200_heavy_work_r1,GA,Large (141-200),200,heavy_work,321.26666666666665,15,20251215,160,BLK_160P,12,NC,5,2025-12-16 02:30:56,2025-12-16 03:07:22,36.4,,공통,raw,
b200_heavy_work_r1,GA,Large (141-200),200,heavy_work,321.26666666666665,15,20251215,160,BLK_160P,12,베이35A 론지취부,6,2025-12-16 03:07:22,2025-12-16 03:57:10,49.8,35A,베이35A,raw,
b200_heavy_work_r1,GA,Large (141-200),200,heavy_work,321.26666666666665,15,20251215,160,BLK_160P,12,베이35A 론지용접,7,2025-12-16 03:57:10,2025-12-16 04:14:26,17.3,35A,베이35A,raw,
b200_heavy_work_r1,GA,Large (141-200),200,heavy_work,321.26666666666665,15,20251215,160,BLK_160P,12,베이35A 수정,8,2025-12-16 04:14:26,2025-12-16 04:44:12,29.8,35A,베이35A,raw,
b200_heavy_work_r1,GA,Large (141-200),200,heavy_work,321.26666666666665,15,20251215,161,BLK_161P,13,판계,1,2025-12-15 14:57:36,2025-12-15 15:33:36,36.0,,공통,raw,
b200_heavy_work_r1,GA,Large (141-200),200,heavy_work,321.26666666666665,15,20251215,161,BLK_161P,13,전면SAW,2,2025-12-16 00:34:17,2025-12-16 01:21:17,47.0,,공통,raw,
b200_heavy_work_r1,GA,Large (141-200),200,heavy_work,321.26666666666665,15,20251215,161,BLK_161P,13,TurnOver,3,2025-12-16 01:21:17,2025-12-16 01:35:41,14.4,,공통,raw,
b200_heavy_work_r1,GA,Large (141-200),200,heavy_work,321.26666666666665,15,20251215,161,BLK_161P,13,후면SAW,4,2025-12-16 02:30:56,2025-12-16 03:07:24,36.5,,공통,raw,
b200_heavy_work_r1,GA,Large (141-200),200,heavy_work,321.26666666666665,15,20251215,161,BLK_161P,13,NC,5,2025-12-16 03:07:24,2025-12-16 03:53:29,46.1,,공통,raw,
b200_heavy_work_r1,GA,Large (141-200),200,heavy_work,321.26666666666665,15,20251215,161,BLK_161P,13,베이36B 론지취부,6,2025-12-16 03:53:29,2025-12-16 04:47:29,54.0,36B,베이36B,raw,
b200_heavy_work_r1,GA,Large (141-200),200,heavy_work,321.26666666666665,15,20251215,161,BLK_161P,13,베이36B 론지용접,7,2025-12-16 04:47:29,2025-12-16 05:10:17,22.8,36B,베이36B,raw,
b200_heavy_work_r1,GA,Large (141-200),200,heavy_work,321.26666666666665,15,20251215,161,BLK_161P,13,베이36B 수정,8,2025-12-16 05:10:17,2025-12-16 05:42:41,32.4,36B,베이36B,raw,
b200_heavy_work_r1,GA,Large (141-200),200,heavy_work,321.26666666666665,15,20251215,163,BLK_163P,14,판계,1,2025-12-15 15:33:36,2025-12-15 16:15:36,42.0,,공통,raw,
b200_heavy_work_r1,GA,Large (141-200),200,heavy_work,321.26666666666665,15,20251215,163,BLK_163P,14,전면SAW,2,2025-12-16 01:21:17,2025-12-16 03:34:58,133.7,,공통,raw,
b200_heavy_work_r1,GA,Large (141-200),200,heavy_work,321.26666666666665,15,20251215,163,BLK_163P,14,TurnOver,3,2025-12-16 03:34:58,2025-12-16 03:49:22,14.4,,공통,raw,
b200_heavy_work_r1,GA,Large (141-200),200,heavy_work,321.26666666666665,15,20251215,163,BLK_163P,14,후면SAW,4,2025-12-16 03:49:22,2025-12-16 05:24:28,95.1,,공통,raw,
b200_heavy_work_r1,GA,Large (141-200),200,heavy_work,321.26666666666665,15,20251215,163,BLK_163P,14,NC,5,2025-12-16 05:24:28,2025-12-16 06:06:44,42.3,,공통,raw,
b200_heavy_work_r1,GA,Large (141-200),200,heavy_work,321.26666666666665,15,20251215,163,BLK_163P,14,베이35A 론지취부,6,2025-12-16 06:06:44,2025-12-16 07:09:08,62.4,35A,베이35A,raw,
b200_heavy_work_r1,GA,Large (141-200),200,heavy_work,321.26666666666665,15,20251215,163,BLK_163P,14,베이35A 론지용접,7,2025-12-16 07:09:08,2025-12-16 07:33:23,24.2,35A,베이35A,raw,
b200_heavy_work_r1,GA,Large (141-200),200,heavy_work,321.26666666666665,15,20251215,163,BLK_163P,14,베이35A 수정,8,2025-12-16 07:33:23,2025-12-16 08:11:03,37.7,35A,베이35A,raw,
b200_heavy_work_r1,GA,Large (141-200),200,heavy_work,321.26666666666665,15,20251215,164,BLK_164S,15,판계,1,2025-12-15 16:15:36,2025-12-15 16:51:36,36.0,,공통,raw,
b200_heavy_work_r1,GA,Large (141-200),200,heavy_work,321.26666666666665,15,20251215,164,BLK_164S,15,전면SAW,2,2025-12-16 03:34:58,2025-12-16 04:07:42,32.7,,공통,raw,
b200_heavy_work_r1,GA,Large (141-200),200,heavy_work,321.26666666666665,15,20251215,164,BLK_164S,15,TurnOver,3,2025-12-16 04:07:42,2025-12-16 04:22:06,14.4,,공통,raw,
b200_heavy_work_r1,GA,Large (141-200),200,heavy_work,321.26666666666665,15,20251215,164,BLK_164S,15,후면SAW,4,2025-12-16 05:24:28,2025-12-16 05:42:11,17.7,,공통,raw,
b200_heavy_work_r1,GA,Large (141-200),200,heavy_work,321.26666666666665,15,20251215,164,BLK_164S,15,NC,5,2025-12-16 06:06:44,2025-12-16 06:58:19,51.6,,공통,raw,
b200_heavy_work_r1,GA,Large (141-200),200,heavy_work,321.26666666666665,15,20251215,164,BLK_164S,15,베이36B 론지취부,6,2025-12-16 06:58:19,2025-12-16 07:48:07,49.8,36B,베이36B,raw,
b200_heavy_work_r1,GA,Large (141-200),200,heavy_work,321.26666666666665,15,20251215,164,BLK_164S,15,베이36B 론지용접,7,2025-12-16 07:48:07,2025-12-16 08:10:12,22.1,36B,베이36B,raw,
b200_heavy_work_r1,GA,Large (141-200),200,heavy_work,321.26666666666665,15,20251215,164,BLK_164S,15,베이36B 수정,8,2025-12-16 08:10:12,2025-12-16 08:39:58,29.8,36B,베이36B,raw,
b200_heavy_work_r1,GA,Large (141-200),200,heavy_work,321.26666666666665,15,20251216,159,BLK_159C,1,판계,1,2025-12-16 08:00:00,2025-12-16 09:01:12,61.2,,공통,raw,
b200_heavy_work_r1,GA,Large (141-200),200,heavy_work,321.26666666666665,15,20251216,159,BLK_159C,1,전면SAW,2,2025-12-16 09:01:12,2025-12-16 12:34:01,212.8,,공통,raw,
b200_heavy_work_r1,GA,Large (141-200),200,heavy_work,321.26666666666665,15,20251216,159,BLK_159C,1,TurnOver,3,2025-12-16 12:34:01,2025-12-16 12:48:25,14.4,,공통,raw,
b200_heavy_work_r1,GA,Large (141-200),200,heavy_work,321.26666666666665,15,20251216,159,BLK_159C,1,후면SAW,4,2025-12-16 12:48:25,2025-12-16 15:41:28,173.0,,공통,raw,
b200_heavy_work_r1,GA,Large (141-200),200,heavy_work,321.26666666666665,15,20251216,159,BLK_159C,1,NC,5,2025-12-16 15:41:28,2025-12-16 16:53:26,72.0,,공통,raw,
b200_heavy_work_r1,GA,Large (141-200),200,heavy_work,321.26666666666665,15,20251216,159,BLK_159C,1,베이35A 론지취부,6,2025-12-16 16:53:26,2025-12-16 18:04:14,70.8,35A,베이35A,raw,
b200_heavy_work_r1,GA,Large (141-200),200,heavy_work,321.26666666666665,15,20251216,159,BLK_159C,1,베이35A 론지용접,7,2025-12-16 18:04:14,2025-12-16 18:29:55,25.7,35A,베이35A,raw,
b200_heavy_work_r1,GA,Large (141-200),200,heavy_work,321.26666666666665,15,20251216,159,BLK_159C,1,베이35A 수정,8,2025-12-16 18:29:55,2025-12-16 19:12:53,43.0,35A,베이35A,raw,
b200_heavy_work_r1,GA,Large (141-200),200,heavy_work,321.26666666666665,15,20251216,165,BLK_165C,2,판계,1,2025-12-16 09:01:12,2025-12-16 09:37:12,36.0,,공통,raw,
b200_heavy_work_r1,GA,Large (141-200),200,heavy_work,321.26666666666665,15,20251216,165,BLK_165C,2,전면SAW,2,2025-12-16 12:34:01,2025-12-16 13:09:53,35.9,,공통,raw,
b200_heavy_work_r1,GA,Large (141-200),200,heavy_work,321.26666666666665,15,20251216,165,BLK_165C,2,TurnOver,3,2025-12-16 13:09:53,2025-12-16 13:24:17,14.4,,공통,raw,
b200_heavy_work_r1,GA,Large (141-200),200,heavy_work,321.26666666666665,15,20251216,165,BLK_165C,2,후면SAW,4,2025-12-16 15:41:28,2025-12-16 16:03:18,21.8,,공통,raw,
b200_heavy_work_r1,GA,Large (141-200),200,heavy_work,321.26666666666665,15,20251216,165,BLK_165C,2,NC,5,2025-12-16 16:53:26,2025-12-16 17:44:42,51.3,,공통,raw,
b200_heavy_work_r1,GA,Large (141-200),200,heavy_work,321.26666666666665,15,20251216,165,BLK_165C,2,베이36B 론지취부,6,2025-12-16 17:44:42,2025-12-16 19:20:42,96.0,36B,베이36B,raw,
b200_heavy_work_r1,GA,Large (141-200),200,heavy_work,321.26666666666665,15,20251216,165,BLK_165C,2,베이36B 론지용접,7,2025-12-16 19:20:42,2025-12-16 19:50:42,30.0,36B,베이36B,raw,
b200_heavy_work_r1,GA,Large (141-200),200,heavy_work,321.26666666666665,15,20251216,165,BLK_165C,2,베이36B 수정,8,2025-12-16 19:50:42,2025-12-16 20:49:30,58.8,36B,베이36B,raw,
b200_heavy_work_r1,GA,Large (141-200),200,heavy_work,321.26666666666665,15,20251216,166,BLK_166S,3,판계,1,2025-12-16 09:37:12,2025-12-16 10:01:12,24.0,,공통,raw,
b200_heavy_work_r1,GA,Large (141-200),200,heavy_work,321.26666666666665,15,20251216,166,BLK_166S,3,전면SAW,2,2025-12-16 13:09:53,2025-12-16 13:49:46,39.9,,공통,raw,
b200_heavy_work_r1,GA,Large (141-200),200,heavy_work,321.26666666666665,15,20251216,166,BLK_166S,3,TurnOver,3,2025-12-16 13:49:46,2025-12-16 14:04:10,14.4,,공통,raw,
b200_heavy_work_r1,GA,Large (141-200),200,heavy_work,321.26666666666665,15,20251216,166,BLK_166S,3,후면SAW,4,2025-12-16 16:03:18,2025-12-16 16:30:26,27.1,,공통,raw,
b200_heavy_work_r1,GA,Large (141-200),200,heavy_work,321.26666666666665,15,20251216,166,BLK_166S,3,NC,5,2025-12-16 17:44:42,2025-12-16 18:18:49,34.1,,공통,raw,
b200_heavy_work_r1,GA,Large (141-200),200,heavy_work,321.26666666666665,15,20251216,166,BLK_166S,3,베이35A 론지취부,6,2025-12-16 18:18:49,2025-12-16 19:33:49,75.0,35A,베이35A,raw,
b200_heavy_work_r1,GA,Large (141-200),200,heavy_work,321.26666666666665,15,20251216,166,BLK_166S,3,베이35A 론지용접,7,2025-12-16 19:33:49,2025-12-16 20:00:13,26.4,35A,베이35A,raw,
b200_heavy_work_r1,GA,Large (141-200),200,heavy_work,321.26666666666665,15,20251216,166,BLK_166S,3,베이35A 수정,8,2025-12-16 20:00:13,2025-12-16 20:45:49,45.6,35A,베이35A,raw,
b200_heavy_work_r1,GA,Large (141-200),200,heavy_work,321.26666666666665,15,20251216,169,BLK_169P,4,판계,1,2025-12-16 10:01:12,2025-12-16 10:31:12,30.0,,공통,raw,
b200_heavy_work_r1,GA,Large (141-200),200,heavy_work,321.26666666666665,15,20251216,169,BLK_169P,4,전면SAW,2,2025-12-16 13:49:46,2025-12-16 14:28:24,38.6,,공통,raw,
b200_heavy_work_r1,GA,Large (141-200),200,heavy_work,321.26666666666665,15,20251216,169,BLK_169P,4,TurnOver,3,2025-12-16 14:28:24,2025-12-16 14:42:48,14.4,,공통,raw,
b200_heavy_work_r1,GA,Large (141-200),200,heavy_work,321.26666666666665,15,20251216,169,BLK_169P,4,후면SAW,4,2025-12-16 16:30:26,2025-12-16 16:55:55,25.5,,공통,raw,
b200_heavy_work_r1,GA,Large (141-200),200,heavy_work,321.26666666666665,15,20251216,169,BLK_169P,4,NC,5,2025-12-16 18:18:49,2025-12-16 19:02:30,43.7,,공통,raw,
b200_heavy_work_r1,GA,Large (141-200),200,heavy_work,321.26666666666665,15,20251216,169,BLK_169P,4,베이36B 론지취부,6,2025-12-16 19:20:42,2025-12-16 20:27:18,66.6,36B,베이36B,raw,
b200_heavy_work_r1,GA,Large (141-200),200,heavy_work,321.26666666666665,15,20251216,169,BLK_169P,4,베이36B 론지용접,7,2025-12-16 20:27:18,2025-12-16 20:52:16,25.0,36B,베이36B,raw,
b200_heavy_work_r1,GA,Large (141-200),200,heavy_work,321.26666666666665,15,20251216,169,BLK_169P,4,베이36B 수정,8,2025-12-16 20:52:16,2025-12-16 21:32:35,40.3,36B,베이36B,raw,
b200_heavy_work_r1,GA,Large (141-200),200,heavy_work,321.26666666666665,15,20251216,171,BLK_171S,5,판계,1,2025-12-16 10:31:12,2025-12-16 11:33:36,62.4,,공통,raw,
b200_heavy_work_r1,GA,Large (141-200),200,heavy_work,321.26666666666665,15,20251216,171,BLK_171S,5,전면SAW,2,2025-12-16 14:28:24,2025-12-16 18:16:24,228.0,,공통,raw,
b200_heavy_work_r1,GA,Large (141-200),200,heavy_work,321.26666666666665,15,20251216,171,BLK_171S,5,TurnOver,3,2025-12-16 18:16:24,2025-12-16 18:30:48,14.4,,공통,raw,
b200_heavy_work_r1,GA,Large (141-200),200,heavy_work,321.26666666666665,15,20251216,171,BLK_171S,5,후면SAW,4,2025-12-16 18:30:48,2025-12-16 21:48:48,198.0,,공통,raw,
b200_heavy_work_r1,GA,Large (141-200),200,heavy_work,321.26666666666665,15,20251216,171,BLK_171S,5,NC,5,2025-12-16 21:48:48,2025-12-16 23:02:38,73.8,,공통,raw,
b200_heavy_work_r1,GA,Large (141-200),200,heavy_work,321.26666666666665,15,20251216,171,BLK_171S,5,베이35A 론지취부,6,2025-12-16 23:02:38,2025-12-17 00:13:26,70.8,35A,베이35A,raw,
b200_heavy_work_r1,GA,Large (141-200),200,heavy_work,321.26666666666665,15,20251216,171,BLK_171S,5,베이35A 론지용접,7,2025-12-17 00:13:26,2025-12-17 00:39:07,25.7,35A,베이35A,raw,
b200_heavy_work_r1,GA,Large (141-200),200,heavy_work,321.26666666666665,15,20251216,171,BLK_171S,5,베이35A 수정,8,2025-12-17 00:39:07,2025-12-17 01:22:04,43.0,35A,베이35A,raw,
b200_heavy_work_r1,GA,Large (141-200),200,heavy_work,321.26666666666665,15,20251216,140,BLK_140C,6,판계,1,2025-12-16 11:33:36,2025-12-16 12:09:36,36.0,,공통,raw,
b200_heavy_work_r1,GA,Large (141-200),200,heavy_work,321.26666666666665,15,20251216,140,BLK_140C,6,전면SAW,2,2025-12-16 18:16:24,2025-12-16 19:10:33,54.1,,공통,raw,
b200_heavy_work_r1,GA,Large (141-200),200,heavy_work,321.26666666666665,15,20251216,140,BLK_140C,6,TurnOver,3,2025-12-16 19:10:33,2025-12-16 19:24:57,14.4,,공통,raw,
b200_heavy_work_r1,GA,Large (141-200),200,heavy_work,321.26666666666665,15,20251216,140,BLK_140C,6,후면SAW,4,2025-12-16 21:48:48,2025-12-16 22:34:42,45.9,,공통,raw,
b200_heavy_work_r1,GA,Large (141-200),200,heavy_work,321.26666666666665,15,20251216,140,BLK_140C,6,NC,5,2025-12-16 23:02:38,2025-12-16 23:52:49,50.2,,공통,raw,
b200_heavy_work_r1,GA,Large (141-200),200,heavy_work,321.26666666666665,15,20251216,140,BLK_140C,6,베이36B 론지취부,6,2025-12-16 23:52:49,2025-12-17 01:12:01,79.2,36B,베이36B,raw,
b200_heavy_work_r1,GA,Large (141-200),200,heavy_work,321.26666666666665,15,20251216,140,BLK_140C,6,베이36B 론지용접,7,2025-12-17 01:12:01,2025-12-17 01:39:08,27.1,36B,베이36B,raw,
b200_heavy_work_r1,GA,Large (141-200),200,heavy_work,321.26666666666665,15,20251216,140,BLK_140C,6,베이36B 수정,8,2025-12-17 01:39:08,2025-12-17 02:27:23,48.2,36B,베이36B,raw,
b200_heavy_work_r1,GA,Large (141-200),200,heavy_work,321.26666666666665,15,20251216,173,BLK_173S,7,판계,1,2025-12-16 12:09:36,2025-12-16 12:45:36,36.0,,공통,raw,
b200_heavy_work_r1,GA,Large (141-200),200,heavy_work,321.26666666666665,15,20251216,173,BLK_173S,7,전면SAW,2,2025-12-16 19:10:33,2025-12-16 19:47:06,36.5,,공통,raw,
b200_heavy_work_r1,GA,Large (141-200),200,heavy_work,321.26666666666665,15,20251216,173,BLK_173S,7,TurnOver,3,2025-12-16 19:47:06,2025-12-16 20:01:30,14.4,,공통,raw,
b200_heavy_work_r1,GA,Large (141-200),200,heavy_work,321.26666666666665,15,20251216,173,BLK_173S,7,후면SAW,4,2025-12-16 22:34:42,2025-12-16 22:57:26,22.7,,공통,raw,
b200_heavy_work_r1,GA,Large (141-200),200,heavy_work,321.26666666666665,15,20251216,173,BLK_173S,7,NC,5,2025-12-16 23:52:49,2025-12-17 00:44:21,51.5,,공통,raw,
b200_heavy_work_r1,GA,Large (141-200),200,heavy_work,321.26666666666665,15,20251216,173,BLK_173S,7,베이35A 론지취부,6,2025-12-17 00:44:21,2025-12-17 02:20:21,96.0,35A,베이35A,raw,
b200_heavy_work_r1,GA,Large (141-200),200,heavy_work,321.26666666666665,15,20251216,173,BLK_173S,7,베이35A 론지용접,7,2025-12-17 02:20:21,2025-12-17 02:50:21,30.0,35A,베이35A,raw,
b200_heavy_work_r1,GA,Large (141-200),200,heavy_work,321.26666666666665,15,20251216,173,BLK_173S,7,베이35A 수정,8,2025-12-17 02:50:21,2025-12-17 03:49:09,58.8,35A,베이35A,raw,
b200_heavy_work_r1,GA,Large (141-200),200,heavy_work,321.26666666666665,15,20251216,175,BLK_175C,8,판계,1,2025-12-16 12:45:36,2025-12-16 13:00:00,14.4,,공통,raw,
b200_heavy_work_r1,GA,Large (141-200),200,heavy_work,321.26666666666665,15,20251216,175,BLK_175C,8,전면SAW,2,2025-12-16 19:47:06,2025-12-16 20:38:43,51.6,,공통,raw,
b200_heavy_work_r1,GA,Large (141-200),200,heavy_work,321.26666666666665,15,20251216,175,BLK_175C,8,TurnOver,3,2025-12-16 20:38:43,2025-12-16 20:53:07,14.4,,공통,raw,
b200_heavy_work_r1,GA,Large (141-200),200,heavy_work,321.26666666666665,15,20251216,175,BLK_175C,8,후면SAW,4,2025-12-16 22:57:26,2025-12-16 23:40:01,42.6,,공통,raw,
b200_heavy_work_r1,GA,Large (141-200),200,heavy_work,321.26666666666665,15,20251216,175,BLK_175C,8,NC,5,2025-12-17 00:44:21,2025-12-17 01:09:38,25.3,,공통,raw,
b200_heavy_work_r1,GA,Large (141-200),200,heavy_work,321.26666666666665,15,20251216,175,BLK_175C,8,베이36B 론지취부,6,2025-12-17 01:12:01,2025-12-17 01:57:37,45.6,36B,베이36B,raw,
b200_heavy_work_r1,GA,Large (141-200),200,heavy_work,321.26666666666665,15,20251216,175,BLK_175C,8,베이36B 론지용접,7,2025-12-17 01:57:37,2025-12-17 02:14:11,16.6,36B,베이36B,raw,
b200_heavy_work_r1,GA,Large (141-200),200,heavy_work,321.26666666666665,15,20251216,175,BLK_175C,8,베이36B 수정,8,2025-12-17 02:27:23,2025-12-17 02:54:30,27.1,36B,베이36B,raw,
b200_heavy_work_r1,GA,Large (141-200),200,heavy_work,321.26666666666665,15,20251216,178,BLK_178C,9,판계,1,2025-12-16 13:00:00,2025-12-16 13:30:00,30.0,,공통,raw,
b200_heavy_work_r1,GA,Large (141-200),200,heavy_work,321.26666666666665,15,20251216,178,BLK_178C,9,전면SAW,2,2025-12-16 20:38:43,2025-12-16 21:23:34,44.9,,공통,raw,
b200_heavy_work_r1,GA,Large (141-200),200,heavy_work,321.26666666666665,15,20251216,178,BLK_178C,9,TurnOver,3,2025-12-16 21:23:34,2025-12-16 21:37:58,14.4,,공통,raw,
b200_heavy_work_r1,GA,Large (141-200),200,heavy_work,321.26666666666665,15,20251216,178,BLK_178C,9,후면SAW,4,2025-12-16 23:40:01,2025-12-17 00:13:42,33.7,,공통,raw,
b200_heavy_work_r1,GA,Large (141-200),200,heavy_work,321.26666666666665,15,20251216,178,BLK_178C,9,NC,5,2025-12-17 01:09:38,2025-12-17 01:50:31,40.9,,공통,raw,
b200_heavy_work_r1,GA,Large (141-200),200,heavy_work,321.26666666666665,15,20251216,178,BLK_178C,9,베이35A 론지취부,6,2025-12-17 02:20:21,2025-12-17 03:22:45,62.4,35A,베이35A,raw,
b200_heavy_work_r1,GA,Large (141-200),200,heavy_work,321.26666666666665,15,20251216,178,BLK_178C,9,베이35A 론지용접,7,2025-12-17 03:22:45,2025-12-17 03:47:00,24.2,35A,베이35A,raw,
b200_heavy_work_r1,GA,Large (141-200),200,heavy_work,321.26666666666665,15,20251216,178,BLK_178C,9,베이35A 수정,8,2025-12-17 03:49:09,2025-12-17 04:26:50,37.7,35A,베이35A,raw,
b200_heavy_work_r1,GA,Large (141-200),200,heavy_work,321.26666666666665,15,20251216,134,BLK_134C,10,판계,1,2025-12-16 13:30:00,2025-12-16 14:06:00,36.0,,공통,raw,
b200_heavy_work_r1,GA,Large (141-200),200,heavy_work,321.26666666666665,15,20251216,134,BLK_134C,10,전면SAW,2,2025-12-16 21:23:34,2025-12-16 22:00:48,37.2,,공통,raw,
b200_heavy_work_r1,GA,Large (141-200),200,heavy_work,321.26666666666665,15,20251216,134,BLK_134C,10,TurnOver,3,2025-12-16 22:00:48,2025-12-16 22:15:12,14.4,,공통,raw,
b200_heavy_work_r1,GA,Large (141-200),200,heavy_work,321.26666666666665,15,20251216,134,BLK_134C,10,후면SAW,4,2025-12-17 00:13:42,2025-12-17 00:37:20,23.6,,공통,raw,
b200_heavy_work_r1,GA,Large (141-200),200,heavy_work,321.26666666666665,15,20251216,134,BLK_134C,10,NC,5,2025-12-17 01:50:31,2025-12-17 02:39:02,48.5,,공통,raw,
b200_heavy_work_r1,GA,Large (141-200),200,heavy_work,321.26666666666665,15,20251216,134,BLK_134C,10,베이36B 론지취부,6,2025-12-17 02:39:02,2025-12-17 03:45:38,66.6,36B,베이36B,raw,
b200_heavy_work_r1,GA,Large (141-200),200,heavy_work,321.26666666666665,15,20251216,134,BLK_134C,10,베이36B 론지용접,7,2025-12-17 03:45:38,2025-12-17 04:10:35,25.0,36B,베이36B,raw,
b200_heavy_work_r1,GA,Large (141-200),200,heavy_work,321.26666666666665,15,20251216,134,BLK_134C,10,베이36B 수정,8,2025-12-17 04:10:35,2025-12-17 04:50:54,40.3,36B,베이36B,raw,
b200_heavy_work_r1,GA,Large (141-200),200,heavy_work,321.26666666666665,15,20251216,184,BLK_184C,11,판계,1,2025-12-16 14:06:00,2025-12-16 14:30:00,24.0,,공통,raw,
b200_heavy_work_r1,GA,Large (141-200),200,heavy_work,321.26666666666665,15,20251216,184,BLK_184C,11,전면SAW,2,2025-12-16 22:00:48,2025-12-16 23:15:51,75.0,,공통,raw,
b200_heavy_work_r1,GA,Large (141-200),200,heavy_work,321.26666666666665,15,20251216,184,BLK_184C,11,TurnOver,3,2025-12-16 23:15:51,2025-12-16 23:30:15,14.4,,공통,raw,
b200_heavy_work_r1,GA,Large (141-200),200,heavy_work,321.26666666666665,15,20251216,184,BLK_184C,11,후면SAW,4,2025-12-17 00:37:20,2025-12-17 01:50:45,73.4,,공통,raw,
b200_heavy_work_r1,GA,Large (141-200),200,heavy_work,321.26666666666665,15,20251216,184,BLK_184C,11,NC,5,2025-12-17 02:39:02,2025-12-17 03:16:01,37.0,,공통,raw,
b200_heavy_work_r1,GA,Large (141-200),200,heavy_work,321.26666666666665,15,20251216,184,BLK_184C,11,베이35A 론지취부,6,2025-12-17 03:22:45,2025-12-17 04:41:57,79.2,35A,베이35A,raw,
b200_heavy_work_r1,GA,Large (141-200),200,heavy_work,321.26666666666665,15,20251216,184,BLK_184C,11,베이35A 론지용접,7,2025-12-17 04:41:57,2025-12-17 05:09:05,27.1,35A,베이35A,raw,
b200_heavy_work_r1,GA,Large (141-200),200,heavy_work,321.26666666666665,15,20251216,184,BLK_184C,11,베이35A 수정,8,2025-12-17 05:09:05,2025-12-17 05:57:19,48.2,35A,베이35A,raw,
b200_heavy_work_r1,GA,Large (141-200),200,heavy_work,321.26666666666665,15,20251216,186,BLK_186C,12,판계,1,2025-12-16 14:30:00,2025-12-16 15:12:00,42.0,,공통,raw,
b200_heavy_work_r1,GA,Large (141-200),200,heavy_work,321.26666666666665,15,20251216,186,BLK_186C,12,전면SAW,2,2025-12-16 23:15:51,2025-12-17 02:57:48,222.0,,공통,raw,
b200_heavy_work_r1,GA,Large (141-200),200,heavy_work,321.26666666666665,15,20251216,186,BLK_186C,12,TurnOver,3,2025-12-17 02:57:48,2025-12-17 03:12:12,14.4,,공통,raw,
b200_heavy_work_r1,GA,Large (141-200),200,heavy_work,321.26666666666665,15,20251216,186,BLK_186C,12,후면SAW,4,2025-12-17 03:12:12,2025-12-17 05:57:56,165.7,,공통,raw,
b200_heavy_work_r1,GA,Large (141-200),200,heavy_work,321.26666666666665,15,20251216,186,BLK_186C,12,NC,5,2025-12-17 05:57:56,2025-12-17 06:45:59,48.0,,공통,raw,
b200_heavy_work_r1,GA,Large (141-200),200,heavy_work,321.26666666666665,15,20251216,186,BLK_186C,12,베이36B 론지취부,6,2025-12-17 06:45:59,2025-12-17 07:56:47,70.8,36B,베이36B,raw,
b200_heavy_work_r1,GA,Large (141-200),200,heavy_work,321.26666666666665,15,20251216,186,BLK_186C,12,베이36B 론지용접,7,2025-12-17 07:56:47,2025-12-17 08:22:27,25.7,36B,베이36B,raw,
b200_heavy_work_r1,GA,Large (141-200),200,heavy_work,321.26666666666665,15,20251216,186,BLK_186C,12,베이36B 수정,8,2025-12-17 08:22:27,2025-12-17 09:05:25,43.0,36B,베이36B,raw,
b200_heavy_work_r1,GA,Large (141-200),200,heavy_work,321.26666666666665,15,20251216,187,BLK_187P,13,판계,1,2025-12-16 15:12:00,2025-12-16 15:48:00,36.0,,공통,raw,
b200_heavy_work_r1,GA,Large (141-200),200,heavy_work,321.26666666666665,15,20251216,187,BLK_187P,13,전면SAW,2,2025-12-17 02:57:48,2025-12-17 03:32:28,34.7,,공통,raw,
b200_heavy_work_r1,GA,Large (141-200),200,heavy_work,321.26666666666665,15,20251216,187,BLK_187P,13,TurnOver,3,2025-12-17 03:32:28,2025-12-17 03:46:52,14.4,,공통,raw,
b200_heavy_work_r1,GA,Large (141-200),200,heavy_work,321.26666666666665,15,20251216,187,BLK_187P,13,후면SAW,4,2025-12-17 05:57:56,2025-12-17 06:18:12,20.3,,공통,raw,
b200_heavy_work_r1,GA,Large (141-200),200,heavy_work,321.26666666666665,15,20251216,187,BLK_187P,13,NC,5,2025-12-17 06:45:59,2025-12-17 07:33:37,47.6,,공통,raw,
b200_heavy_work_r1,GA,Large (141-200),200,heavy_work,321.26666666666665,15,20251216,187,BLK_187P,13,베이35A 론지취부,6,2025-12-17 07:33:37,2025-12-17 08:31:49,58.2,35A,베이35A,raw,
b200_heavy_work_r1,GA,Large (141-200),200,heavy_work,321.26666666666665,15,20251216,187,BLK_187P,13,베이35A 론지용접,7,2025-12-17 08:31:49,2025-12-17 08:55:20,23.5,35A,베이35A,raw,
b200_heavy_work_r1,GA,Large (141-200),200,heavy_work,321.26666666666665,15,20251216,187,BLK_187P,13,베이35A 수정,8,2025-12-17 08:55:20,2025-12-17 09:30:23,35.0,35A,베이35A,raw,
b200_heavy_work_r1,GA,Large (141-200),200,heavy_work,321.26666666666665,15,20251216,190,BLK_190S,14,판계,1,2025-12-16 15:48:00,2025-12-16 16:21:36,33.6,,공통,raw,
b200_heavy_work_r1,GA,Large (141-200),200,heavy_work,321.26666666666665,15,20251216,190,BLK_190S,14,전면SAW,2,2025-12-17 03:32:28,2025-12-17 06:15:04,162.6,,공통,raw,
b200_heavy_work_r1,GA,Large (141-200),200,heavy_work,321.26666666666665,15,20251216,190,BLK_190S,14,TurnOver,3,2025-12-17 06:15:04,2025-12-17 06:29:28,14.4,,공통,raw,
b200_heavy_work_r1,GA,Large (141-200),200,heavy_work,321.26666666666665,15,20251216,190,BLK_190S,14,후면SAW,4,2025-12-17 06:29:28,2025-12-17 08:43:01,133.6,,공통,raw,
b200_heavy_work_r1,GA,Large (141-200),200,heavy_work,321.26666666666665,15,20251216,190,BLK_190S,14,NC,5,2025-12-17 08:43:01,2025-12-17 09:24:56,41.9,,공통,raw,
b200_heavy_work_r1,GA,Large (141-200),200,heavy_work,321.26666666666665,15,20251216,190,BLK_190S,14,베이36B 론지취부,6,2025-12-17 09:24:56,2025-12-17 10:44:08,79.2,36B,베이36B,raw,
b200_heavy_work_r1,GA,Large (141-200),200,heavy_work,321.26666666666665,15,20251216,190,BLK_190S,14,베이36B 론지용접,7,2025-12-17 10:44:08,2025-12-17 11:11:16,27.1,36B,베이36B,raw,
b200_heavy_work_r1,GA,Large (141-200),200,heavy_work,321.26666666666665,15,20251216,190,BLK_190S,14,베이36B 수정,8,2025-12-17 11:11:16,2025-12-17 11:59:30,48.2,36B,베이36B,raw,
b200_heavy_work_r1,GA,Large (141-200),200,heavy_work,321.26666666666665,15,20251216,193,BLK_32S,15,판계,1,2025-12-16 16:21:36,2025-12-16 16:57:36,36.0,,공통,raw,
b200_heavy_work_r1,GA,Large (141-200),200,heavy_work,321.26666666666665,15,20251216,193,BLK_32S,15,전면SAW,2,2025-12-17 06:15:04,2025-12-17 06:56:03,41.0,,공통,raw,
b200_heavy_work_r1,GA,Large (141-200),200,heavy_work,321.26666666666665,15,20251216,193,BLK_32S,15,TurnOver,3,2025-12-17 06:56:03,2025-12-17 07:10:27,14.4,,공통,raw,
b200_heavy_work_r1,GA,Large (141-200),200,heavy_work,321.26666666666665,15,20251216,193,BLK_32S,15,후면SAW,4,2025-12-17 08:43:01,2025-12-17 09:11:37,28.6,,공통,raw,
b200_heavy_work_r1,GA,Large (141-200),200,heavy_work,321.26666666666665,15,20251216,193,BLK_32S,15,NC,5,2025-12-17 09:24:56,2025-12-17 10:15:46,50.8,,공통,raw,
b200_heavy_work_r1,GA,Large (141-200),200,heavy_work,321.26666666666665,15,20251216,193,BLK_32S,15,베이35A 론지취부,6,2025-12-17 10:15:46,2025-12-17 11:43:22,87.6,35A,베이35A,raw,
b200_heavy_work_r1,GA,Large (141-200),200,heavy_work,321.26666666666665,15,20251216,193,BLK_32S,15,베이35A 론지용접,7,2025-12-17 11:43:22,2025-12-17 12:11:56,28.6,35A,베이35A,raw,
b200_heavy_work_r1,GA,Large (141-200),200,heavy_work,321.26666666666665,15,20251216,193,BLK_32S,15,베이35A 수정,8,2025-12-17 12:11:56,2025-12-17 13:05:27,53.5,35A,베이35A,raw,
b200_heavy_work_r1,GA,Large (141-200),200,heavy_work,321.26666666666665,15,20251217,195,BLK_62S,1,판계,1,2025-12-17 08:00:00,2025-12-17 09:10:48,70.8,,공통,raw,
b200_heavy_work_r1,GA,Large (141-200),200,heavy_work,321.26666666666665,15,20251217,195,BLK_62S,1,전면SAW,2,2025-12-17 09:10:48,2025-12-17 10:56:45,106.0,,공통,raw,
b200_heavy_work_r1,GA,Large (141-200),200,heavy_work,321.26666666666665,15,20251217,195,BLK_62S,1,TurnOver,3,2025-12-17 10:56:45,2025-12-17 11:11:09,14.4,,공통,raw,
b200_heavy_work_r1,GA,Large (141-200),200,heavy_work,321.26666666666665,15,20251217,195,BLK_62S,1,후면SAW,4,2025-12-17 11:11:09,2025-12-17 12:53:06,101.9,,공통,raw,
b200_heavy_work_r1,GA,Large (141-200),200,heavy_work,321.26666666666665,15,20251217,195,BLK_62S,1,NC,5,2025-12-17 12:53:06,2025-12-17 14:11:52,78.8,,공통,raw,
b200_heavy_work_r1,GA,Large (141-200),200,heavy_work,321.26666666666665,15,20251217,195,BLK_62S,1,베이36B 론지취부,6,2025-12-17 14:11:52,2025-12-17 15:47:52,96.0,36B,베이36B,raw,
b200_heavy_work_r1,GA,Large (141-200),200,heavy_work,321.26666666666665,15,20251217,195,BLK_62S,1,베이36B 론지용접,7,2025-12-17 15:47:52,2025-12-17 16:17:52,30.0,36B,베이36B,raw,
b200_heavy_work_r1,GA,Large (141-200),200,heavy_work,321.26666666666665,15,20251217,195,BLK_62S,1,베이36B 수정,8,2025-12-17 16:17:52,2025-12-17 17:16:40,58.8,36B,베이36B,raw,
b200_heavy_work_r1,GA,Large (141-200),200,heavy_work,321.26666666666665,15,20251205,198,BLK_86P,30,판계,1,2025-12-05 12:46:48,2025-12-05 13:16:48,30.0,,공통,inferred_subassembly_member,86
b200_heavy_work_r1,GA,Large (141-200),200,heavy_work,321.26666666666665,15,20251205,198,BLK_86P,30,전면SAW,2,2025-12-06 03:29:52,2025-12-06 04:05:54,36.0,,공통,inferred_subassembly_member,86
b200_heavy_work_r1,GA,Large (141-200),200,heavy_work,321.26666666666665,15,20251205,198,BLK_86P,30,TurnOver,3,2025-12-06 04:05:54,2025-12-06 04:20:18,14.4,,공통,inferred_subassembly_member,86
b200_heavy_work_r1,GA,Large (141-200),200,heavy_work,321.26666666666665,15,20251205,198,BLK_86P,30,후면SAW,4,2025-12-06 05:48:21,2025-12-06 06:10:25,22.1,,공통,inferred_subassembly_member,86
b200_heavy_work_r1,GA,Large (141-200),200,heavy_work,321.26666666666665,15,20251205,198,BLK_86P,30,NC,5,2025-12-06 06:32:09,2025-12-06 07:13:12,41.0,,공통,inferred_subassembly_member,86
b200_heavy_work_r1,GA,Large (141-200),200,heavy_work,321.26666666666665,15,20251205,198,BLK_86P,30,베이36B 론지취부,6,2025-12-06 07:13:12,2025-12-06 08:24:00,70.8,36B,베이36B,inferred_subassembly_member,86
b200_heavy_work_r1,GA,Large (141-200),200,heavy_work,321.26666666666665,15,20251205,198,BLK_86P,30,베이36B 론지용접,7,2025-12-06 08:24:00,2025-12-06 08:49:40,25.7,36B,베이36B,inferred_subassembly_member,86
b200_heavy_work_r1,GA,Large (141-200),200,heavy_work,321.26666666666665,15,20251205,198,BLK_86P,30,베이36B 수정,8,2025-12-06 08:49:40,2025-12-06 09:32:38,43.0,36B,베이36B,inferred_subassembly_member,86
b200_heavy_work_r1,GA,Large (141-200),200,heavy_work,321.26666666666665,15,20251210,200,BLK_42P,108,판계,1,2025-12-10 14:15:36,2025-12-10 14:39:36,24.0,,공통,inferred_subassembly_member,42
b200_heavy_work_r1,GA,Large (141-200),200,heavy_work,321.26666666666665,15,20251210,200,BLK_42P,108,전면SAW,2,2025-12-11 03:00:46,2025-12-11 03:41:47,41.0,,공통,inferred_subassembly_member,42
b200_heavy_work_r1,GA,Large (141-200),200,heavy_work,321.26666666666665,15,20251210,200,BLK_42P,108,TurnOver,3,2025-12-11 03:41:47,2025-12-11 03:56:11,14.4,,공통,inferred_subassembly_member,42
b200_heavy_work_r1,GA,Large (141-200),200,heavy_work,321.26666666666665,15,20251210,200,BLK_42P,108,후면SAW,4,2025-12-11 04:46:41,2025-12-11 05:15:18,28.6,,공통,inferred_subassembly_member,42
b200_heavy_work_r1,GA,Large (141-200),200,heavy_work,321.26666666666665,15,20251210,200,BLK_42P,108,NC,5,2025-12-11 05:49:40,2025-12-11 06:26:39,37.0,,공통,inferred_subassembly_member,42
b200_heavy_work_r1,GA,Large (141-200),200,heavy_work,321.26666666666665,15,20251210,200,BLK_42P,108,베이36B 론지취부,6,2025-12-11 06:43:45,2025-12-11 07:58:45,75.0,36B,베이36B,inferred_subassembly_member,42
b200_heavy_work_r1,GA,Large (141-200),200,heavy_work,321.26666666666665,15,20251210,200,BLK_42P,108,베이36B 론지용접,7,2025-12-11 07:58:45,2025-12-11 08:25:09,26.4,36B,베이36B,inferred_subassembly_member,42
b200_heavy_work_r1,GA,Large (141-200),200,heavy_work,321.26666666666665,15,20251210,200,BLK_42P,108,베이36B 수정,8,2025-12-11 08:25:09,2025-12-11 09:10:45,45.6,36B,베이36B,inferred_subassembly_member,42
b200_heavy_work_r1,GA,Large (141-200),200,heavy_work,321.26666666666665,15,20251210,196,BLK_156S,112,판계,1,2025-12-10 16:28:48,2025-12-10 16:52:48,24.0,,공통,inferred_subassembly_member,156
b200_heavy_work_r1,GA,Large (141-200),200,heavy_work,321.26666666666665,15,20251210,196,BLK_156S,112,전면SAW,2,2025-12-11 08:22:56,2025-12-11 09:39:32,76.6,,공통,inferred_subassembly_member,156
b200_heavy_work_r1,GA,Large (141-200),200,heavy_work,321.26666666666665,15,20251210,196,BLK_156S,112,TurnOver,3,2025-12-11 09:39:32,2025-12-11 09:53:56,14.4,,공통,inferred_subassembly_member,156
b200_heavy_work_r1,GA,Large (141-200),200,heavy_work,321.26666666666665,15,20251210,196,BLK_156S,112,후면SAW,4,2025-12-11 10:35:17,2025-12-11 11:50:44,75.5,,공통,inferred_subassembly_member,156
b200_heavy_work_r1,GA,Large (141-200),200,heavy_work,321.26666666666665,15,20251210,196,BLK_156S,112,NC,5,2025-12-11 11:50:44,2025-12-11 12:28:58,38.2,,공통,inferred_subassembly_member,156
b200_heavy_work_r1,GA,Large (141-200),200,heavy_work,321.26666666666665,15,20251210,196,BLK_156S,112,베이36B 론지취부,6,2025-12-11 12:28:58,2025-12-11 13:52:22,83.4,36B,베이36B,inferred_subassembly_member,156
b200_heavy_work_r1,GA,Large (141-200),200,heavy_work,321.26666666666665,15,20251210,196,BLK_156S,112,베이36B 론지용접,7,2025-12-11 13:52:22,2025-12-11 14:20:13,27.8,36B,베이36B,inferred_subassembly_member,156
b200_heavy_work_r1,GA,Large (141-200),200,heavy_work,321.26666666666665,15,20251210,196,BLK_156S,112,베이36B 수정,8,2025-12-11 14:20:13,2025-12-11 15:11:06,50.9,36B,베이36B,inferred_subassembly_member,156
b200_heavy_work_r1,GA,Large (141-200),200,heavy_work,321.26666666666665,15,20251211,197,BLK_60C,127,판계,1,2025-12-11 15:24:00,2025-12-11 16:18:00,54.0,,공통,inferred_subassembly_member,60
b200_heavy_work_r1,GA,Large (141-200),200,heavy_work,321.26666666666665,15,20251211,197,BLK_60C,127,전면SAW,2,2025-12-12 03:57:19,2025-12-12 06:11:48,134.5,,공통,inferred_subassembly_member,60
b200_heavy_work_r1,GA,Large (141-200),200,heavy_work,321.26666666666665,15,20251211,197,BLK_60C,127,TurnOver,3,2025-12-12 06:11:48,2025-12-12 06:26:12,14.4,,공통,inferred_subassembly_member,60
b200_heavy_work_r1,GA,Large (141-200),200,heavy_work,321.26666666666665,15,20251211,197,BLK_60C,127,후면SAW,4,2025-12-12 06:26:12,2025-12-12 08:18:23,112.2,,공통,inferred_subassembly_member,60
b200_heavy_work_r1,GA,Large (141-200),200,heavy_work,321.26666666666665,15,20251211,197,BLK_60C,127,NC,5,2025-12-12 08:18:23,2025-12-12 09:18:22,60.0,,공통,inferred_subassembly_member,60
b200_heavy_work_r1,GA,Large (141-200),200,heavy_work,321.26666666666665,15,20251211,197,BLK_60C,127,베이35A 론지취부,6,2025-12-12 09:18:22,2025-12-12 10:29:10,70.8,35A,베이35A,inferred_subassembly_member,60
b200_heavy_work_r1,GA,Large (141-200),200,heavy_work,321.26666666666665,15,20251211,197,BLK_60C,127,베이35A 론지용접,7,2025-12-12 10:29:10,2025-12-12 10:54:51,25.7,35A,베이35A,inferred_subassembly_member,60
b200_heavy_work_r1,GA,Large (141-200),200,heavy_work,321.26666666666665,15,20251211,197,BLK_60C,127,베이35A 수정,8,2025-12-12 10:54:51,2025-12-12 11:37:48,43.0,35A,베이35A,inferred_subassembly_member,60
b200_heavy_work_r1,GA,Large (141-200),200,heavy_work,321.26666666666665,15,20251213,199,BLK_132C,151,판계,1,2025-12-13 12:28:48,2025-12-13 12:58:48,30.0,,공통,inferred_subassembly_member,132
b200_heavy_work_r1,GA,Large (141-200),200,heavy_work,321.26666666666665,15,20251213,199,BLK_132C,151,전면SAW,2,2025-12-13 17:52:24,2025-12-13 18:33:48,41.4,,공통,inferred_subassembly_member,132
b200_heavy_work_r1,GA,Large (141-200),200,heavy_work,321.26666666666665,15,20251213,199,BLK_132C,151,TurnOver,3,2025-12-13 18:33:48,2025-12-13 18:48:12,14.4,,공통,inferred_subassembly_member,132
b200_heavy_work_r1,GA,Large (141-200),200,heavy_work,321.26666666666665,15,20251213,199,BLK_132C,151,후면SAW,4,2025-12-13 19:57:46,2025-12-13 20:26:54,29.1,,공통,inferred_subassembly_member,132
b200_heavy_work_r1,GA,Large (141-200),200,heavy_work,321.26666666666665,15,20251213,199,BLK_132C,151,NC,5,2025-12-13 21:10:17,2025-12-13 21:55:36,45.3,,공통,inferred_subassembly_member,132
b200_heavy_work_r1,GA,Large (141-200),200,heavy_work,321.26666666666665,15,20251213,199,BLK_132C,151,베이35A 론지취부,6,2025-12-13 21:55:36,2025-12-13 23:31:36,96.0,35A,베이35A,inferred_subassembly_member,132
b200_heavy_work_r1,GA,Large (141-200),200,heavy_work,321.26666666666665,15,20251213,199,BLK_132C,151,베이35A 론지용접,7,2025-12-13 23:31:36,2025-12-14 00:01:36,30.0,35A,베이35A,inferred_subassembly_member,132
b200_heavy_work_r1,GA,Large (141-200),200,heavy_work,321.26666666666665,15,20251213,199,BLK_132C,151,베이35A 수정,8,2025-12-14 00:01:36,2025-12-14 01:00:24,58.8,35A,베이35A,inferred_subassembly_member,132
