grid_case_id,method_label,block_id,block_name,sequence,process_name,process_index,start_time,end_time,duration_min,assigned_bay,machine_type
b180_mixed_ps_sub_r1,GA,1,BLK_1C,1,판계,1,2025-12-12 08:00:00,2025-12-12 08:33:00,33.0,,공통
b180_mixed_ps_sub_r1,GA,1,BLK_1C,1,전면SAW,2,2025-12-12 08:33:00,2025-12-12 10:06:04,93.1,,공통
b180_mixed_ps_sub_r1,GA,1,BLK_1C,1,TurnOver,3,2025-12-12 10:06:04,2025-12-12 10:18:04,12.0,,공통
b180_mixed_ps_sub_r1,GA,1,BLK_1C,1,후면SAW,4,2025-12-12 10:18:04,2025-12-12 11:30:42,72.6,,공통
b180_mixed_ps_sub_r1,GA,1,BLK_1C,1,NC,5,2025-12-12 11:30:42,2025-12-12 12:10:41,40.0,,공통
b180_mixed_ps_sub_r1,GA,1,BLK_1C,1,베이35A 론지취부,6,2025-12-12 12:10:41,2025-12-12 13:16:41,66.0,35A,베이35A
b180_mixed_ps_sub_r1,GA,1,BLK_1C,1,베이35A 론지용접,7,2025-12-12 13:16:41,2025-12-12 13:39:17,22.6,35A,베이35A
b180_mixed_ps_sub_r1,GA,1,BLK_1C,1,베이35A 수정,8,2025-12-12 13:39:17,2025-12-12 14:19:29,40.2,35A,베이35A
b180_mixed_ps_sub_r1,GA,5,BLK_5P,2,판계,1,2025-12-12 08:33:00,2025-12-12 09:03:00,30.0,,공통
b180_mixed_ps_sub_r1,GA,5,BLK_5P,2,전면SAW,2,2025-12-12 10:06:04,2025-12-12 10:40:38,34.6,,공통
b180_mixed_ps_sub_r1,GA,5,BLK_5P,2,TurnOver,3,2025-12-12 10:40:38,2025-12-12 10:52:38,12.0,,공통
b180_mixed_ps_sub_r1,GA,5,BLK_5P,2,후면SAW,4,2025-12-12 11:30:42,2025-12-12 11:55:03,24.4,,공통
b180_mixed_ps_sub_r1,GA,5,BLK_5P,2,NC,5,2025-12-12 12:10:41,2025-12-12 12:54:54,44.2,,공통
b180_mixed_ps_sub_r1,GA,5,BLK_5P,2,베이36B 론지취부,6,2025-12-12 12:54:54,2025-12-12 14:39:24,104.5,36B,베이36B
b180_mixed_ps_sub_r1,GA,5,BLK_5P,2,베이36B 론지용접,7,2025-12-12 14:39:24,2025-12-12 15:08:36,29.2,36B,베이36B
b180_mixed_ps_sub_r1,GA,5,BLK_5P,2,베이36B 수정,8,2025-12-12 15:08:36,2025-12-12 16:13:00,64.4,36B,베이36B
b180_mixed_ps_sub_r1,GA,9,BLK_9C,3,판계,1,2025-12-12 09:03:00,2025-12-12 09:30:00,27.0,,공통
b180_mixed_ps_sub_r1,GA,9,BLK_9C,3,전면SAW,2,2025-12-12 10:40:38,2025-12-12 13:49:19,188.7,,공통
b180_mixed_ps_sub_r1,GA,9,BLK_9C,3,TurnOver,3,2025-12-12 13:49:19,2025-12-12 14:01:19,12.0,,공통
b180_mixed_ps_sub_r1,GA,9,BLK_9C,3,후면SAW,4,2025-12-12 14:01:19,2025-12-12 16:22:24,141.1,,공통
b180_mixed_ps_sub_r1,GA,9,BLK_9C,3,NC,5,2025-12-12 16:22:24,2025-12-12 16:57:59,35.6,,공통
b180_mixed_ps_sub_r1,GA,9,BLK_9C,3,베이35A 론지취부,6,2025-12-12 16:57:59,2025-12-12 18:03:59,66.0,35A,베이35A
b180_mixed_ps_sub_r1,GA,9,BLK_9C,3,베이35A 론지용접,7,2025-12-12 18:03:59,2025-12-12 18:26:35,22.6,35A,베이35A
b180_mixed_ps_sub_r1,GA,9,BLK_9C,3,베이35A 수정,8,2025-12-12 18:26:35,2025-12-12 19:06:47,40.2,35A,베이35A
b180_mixed_ps_sub_r1,GA,2,BLK_2C,4,판계,1,2025-12-12 09:30:00,2025-12-12 09:55:00,25.0,,공통
b180_mixed_ps_sub_r1,GA,2,BLK_2C,4,전면SAW,2,2025-12-12 13:49:19,2025-12-12 14:34:00,44.7,,공통
b180_mixed_ps_sub_r1,GA,2,BLK_2C,4,TurnOver,3,2025-12-12 14:34:00,2025-12-12 14:46:00,12.0,,공통
b180_mixed_ps_sub_r1,GA,2,BLK_2C,4,후면SAW,4,2025-12-12 16:22:24,2025-12-12 17:00:04,37.7,,공통
b180_mixed_ps_sub_r1,GA,2,BLK_2C,4,NC,5,2025-12-12 17:00:04,2025-12-12 17:37:44,37.7,,공통
b180_mixed_ps_sub_r1,GA,2,BLK_2C,4,베이36B 론지취부,6,2025-12-12 17:37:44,2025-12-12 18:50:44,73.0,36B,베이36B
b180_mixed_ps_sub_r1,GA,2,BLK_2C,4,베이36B 론지용접,7,2025-12-12 18:50:44,2025-12-12 19:14:32,23.8,36B,베이36B
b180_mixed_ps_sub_r1,GA,2,BLK_2C,4,베이36B 수정,8,2025-12-12 19:14:32,2025-12-12 19:59:08,44.6,36B,베이36B
b180_mixed_ps_sub_r1,GA,6,BLK_6C,5,판계,1,2025-12-12 09:55:00,2025-12-12 10:40:00,45.0,,공통
b180_mixed_ps_sub_r1,GA,6,BLK_6C,5,전면SAW,2,2025-12-12 14:34:00,2025-12-12 16:36:57,123.0,,공통
b180_mixed_ps_sub_r1,GA,6,BLK_6C,5,TurnOver,3,2025-12-12 16:36:57,2025-12-12 16:48:57,12.0,,공통
b180_mixed_ps_sub_r1,GA,6,BLK_6C,5,후면SAW,4,2025-12-12 17:00:04,2025-12-12 18:28:33,88.5,,공통
b180_mixed_ps_sub_r1,GA,6,BLK_6C,5,NC,5,2025-12-12 18:28:33,2025-12-12 19:19:15,50.7,,공통
b180_mixed_ps_sub_r1,GA,6,BLK_6C,5,베이35A 론지취부,6,2025-12-12 19:19:15,2025-12-12 20:11:15,52.0,35A,베이35A
b180_mixed_ps_sub_r1,GA,6,BLK_6C,5,베이35A 론지용접,7,2025-12-12 20:11:15,2025-12-12 20:31:27,20.2,35A,베이35A
b180_mixed_ps_sub_r1,GA,6,BLK_6C,5,베이35A 수정,8,2025-12-12 20:31:27,2025-12-12 21:02:51,31.4,35A,베이35A
b180_mixed_ps_sub_r1,GA,33,BLK_33S,6,판계,1,2025-12-12 10:40:00,2025-12-12 10:52:00,12.0,,공통
b180_mixed_ps_sub_r1,GA,33,BLK_33S,6,전면SAW,2,2025-12-12 16:36:57,2025-12-12 17:19:11,42.2,,공통
b180_mixed_ps_sub_r1,GA,33,BLK_33S,6,TurnOver,3,2025-12-12 17:19:11,2025-12-12 17:31:11,12.0,,공통
b180_mixed_ps_sub_r1,GA,33,BLK_33S,6,후면SAW,4,2025-12-12 18:28:33,2025-12-12 19:03:00,34.5,,공통
b180_mixed_ps_sub_r1,GA,33,BLK_33S,6,NC,5,2025-12-12 19:19:15,2025-12-12 19:40:22,21.1,,공통
b180_mixed_ps_sub_r1,GA,33,BLK_33S,6,베이36B 론지취부,6,2025-12-12 19:40:22,2025-12-12 20:18:22,38.0,36B,베이36B
b180_mixed_ps_sub_r1,GA,33,BLK_33S,6,베이36B 론지용접,7,2025-12-12 20:18:22,2025-12-12 20:32:10,13.8,36B,베이36B
b180_mixed_ps_sub_r1,GA,33,BLK_33S,6,베이36B 수정,8,2025-12-12 20:32:10,2025-12-12 20:54:46,22.6,36B,베이36B
b180_mixed_ps_sub_r1,GA,13,BLK_13P,7,판계,1,2025-12-12 10:52:00,2025-12-12 11:30:00,38.0,,공통
b180_mixed_ps_sub_r1,GA,13,BLK_13P,7,전면SAW,2,2025-12-12 17:19:11,2025-12-12 19:11:24,112.2,,공통
b180_mixed_ps_sub_r1,GA,13,BLK_13P,7,TurnOver,3,2025-12-12 19:11:24,2025-12-12 19:23:24,12.0,,공통
b180_mixed_ps_sub_r1,GA,13,BLK_13P,7,후면SAW,4,2025-12-12 19:23:24,2025-12-12 20:53:29,90.1,,공통
b180_mixed_ps_sub_r1,GA,13,BLK_13P,7,NC,5,2025-12-12 20:53:29,2025-12-12 21:42:49,49.3,,공통
b180_mixed_ps_sub_r1,GA,13,BLK_13P,7,베이35A 론지취부,6,2025-12-12 21:42:49,2025-12-12 22:59:19,76.5,35A,베이35A
b180_mixed_ps_sub_r1,GA,13,BLK_13P,7,베이35A 론지용접,7,2025-12-12 22:59:19,2025-12-12 23:23:43,24.4,35A,베이35A
b180_mixed_ps_sub_r1,GA,13,BLK_13P,7,베이35A 수정,8,2025-12-12 23:23:43,2025-12-13 00:10:31,46.8,35A,베이35A
b180_mixed_ps_sub_r1,GA,14,BLK_14C,8,판계,1,2025-12-12 11:30:00,2025-12-12 11:55:00,25.0,,공통
b180_mixed_ps_sub_r1,GA,14,BLK_14C,8,전면SAW,2,2025-12-12 19:11:24,2025-12-12 19:40:28,29.1,,공통
b180_mixed_ps_sub_r1,GA,14,BLK_14C,8,TurnOver,3,2025-12-12 19:40:28,2025-12-12 19:52:28,12.0,,공통
b180_mixed_ps_sub_r1,GA,14,BLK_14C,8,후면SAW,4,2025-12-12 20:53:29,2025-12-12 21:10:36,17.1,,공통
b180_mixed_ps_sub_r1,GA,14,BLK_14C,8,NC,5,2025-12-12 21:42:49,2025-12-12 22:13:23,30.6,,공통
b180_mixed_ps_sub_r1,GA,14,BLK_14C,8,베이36B 론지취부,6,2025-12-12 22:13:23,2025-12-12 22:51:23,38.0,36B,베이36B
b180_mixed_ps_sub_r1,GA,14,BLK_14C,8,베이36B 론지용접,7,2025-12-12 22:51:23,2025-12-12 23:05:11,13.8,36B,베이36B
b180_mixed_ps_sub_r1,GA,14,BLK_14C,8,베이36B 수정,8,2025-12-12 23:05:11,2025-12-12 23:27:47,22.6,36B,베이36B
b180_mixed_ps_sub_r1,GA,17,BLK_17P,9,판계,1,2025-12-12 11:55:00,2025-12-12 12:25:00,30.0,,공통
b180_mixed_ps_sub_r1,GA,17,BLK_17P,9,전면SAW,2,2025-12-12 19:40:28,2025-12-12 20:26:46,46.3,,공통
b180_mixed_ps_sub_r1,GA,17,BLK_17P,9,TurnOver,3,2025-12-12 20:26:46,2025-12-12 20:38:46,12.0,,공통
b180_mixed_ps_sub_r1,GA,17,BLK_17P,9,후면SAW,4,2025-12-12 21:10:36,2025-12-12 21:50:24,39.8,,공통
b180_mixed_ps_sub_r1,GA,17,BLK_17P,9,NC,5,2025-12-12 22:13:23,2025-12-12 23:03:03,49.7,,공통
b180_mixed_ps_sub_r1,GA,17,BLK_17P,9,베이35A 론지취부,6,2025-12-12 23:03:03,2025-12-13 00:19:33,76.5,35A,베이35A
b180_mixed_ps_sub_r1,GA,17,BLK_17P,9,베이35A 론지용접,7,2025-12-13 00:19:33,2025-12-13 00:43:57,24.4,35A,베이35A
b180_mixed_ps_sub_r1,GA,17,BLK_17P,9,베이35A 수정,8,2025-12-13 00:43:57,2025-12-13 01:30:45,46.8,35A,베이35A
b180_mixed_ps_sub_r1,GA,21,BLK_21S,10,판계,1,2025-12-12 12:25:00,2025-12-12 12:55:00,30.0,,공통
b180_mixed_ps_sub_r1,GA,21,BLK_21S,10,전면SAW,2,2025-12-12 20:26:46,2025-12-12 21:00:20,33.6,,공통
b180_mixed_ps_sub_r1,GA,21,BLK_21S,10,TurnOver,3,2025-12-12 21:00:20,2025-12-12 21:12:20,12.0,,공통
b180_mixed_ps_sub_r1,GA,21,BLK_21S,10,후면SAW,4,2025-12-12 21:50:24,2025-12-12 22:13:27,23.1,,공통
b180_mixed_ps_sub_r1,GA,21,BLK_21S,10,NC,5,2025-12-12 23:03:03,2025-12-12 23:45:03,42.0,,공통
b180_mixed_ps_sub_r1,GA,21,BLK_21S,10,베이36B 론지취부,6,2025-12-12 23:45:03,2025-12-13 00:47:33,62.5,36B,베이36B
b180_mixed_ps_sub_r1,GA,21,BLK_21S,10,베이36B 론지용접,7,2025-12-13 00:47:33,2025-12-13 01:09:33,22.0,36B,베이36B
b180_mixed_ps_sub_r1,GA,21,BLK_21S,10,베이36B 수정,8,2025-12-13 01:09:33,2025-12-13 01:47:33,38.0,36B,베이36B
b180_mixed_ps_sub_r1,GA,25,BLK_25C,11,판계,1,2025-12-12 12:55:00,2025-12-12 13:07:00,12.0,,공통
b180_mixed_ps_sub_r1,GA,25,BLK_25C,11,전면SAW,2,2025-12-12 21:00:20,2025-12-12 21:41:22,41.0,,공통
b180_mixed_ps_sub_r1,GA,25,BLK_25C,11,TurnOver,3,2025-12-12 21:41:22,2025-12-12 21:53:22,12.0,,공통
b180_mixed_ps_sub_r1,GA,25,BLK_25C,11,후면SAW,4,2025-12-12 22:13:27,2025-12-12 22:46:19,32.9,,공통
b180_mixed_ps_sub_r1,GA,25,BLK_25C,11,NC,5,2025-12-12 23:45:03,2025-12-13 00:06:08,21.1,,공통
b180_mixed_ps_sub_r1,GA,25,BLK_25C,11,베이35A 론지취부,6,2025-12-13 00:19:33,2025-12-13 00:57:33,38.0,35A,베이35A
b180_mixed_ps_sub_r1,GA,25,BLK_25C,11,베이35A 론지용접,7,2025-12-13 00:57:33,2025-12-13 01:11:21,13.8,35A,베이35A
b180_mixed_ps_sub_r1,GA,25,BLK_25C,11,베이35A 수정,8,2025-12-13 01:30:45,2025-12-13 01:53:21,22.6,35A,베이35A
b180_mixed_ps_sub_r1,GA,10,BLK_10P,12,판계,1,2025-12-12 13:07:00,2025-12-12 13:40:00,33.0,,공통
b180_mixed_ps_sub_r1,GA,10,BLK_10P,12,전면SAW,2,2025-12-12 21:41:22,2025-12-12 23:34:22,113.0,,공통
b180_mixed_ps_sub_r1,GA,10,BLK_10P,12,TurnOver,3,2025-12-12 23:34:22,2025-12-12 23:46:22,12.0,,공통
b180_mixed_ps_sub_r1,GA,10,BLK_10P,12,후면SAW,4,2025-12-12 23:46:22,2025-12-13 01:17:09,90.8,,공통
b180_mixed_ps_sub_r1,GA,10,BLK_10P,12,NC,5,2025-12-13 01:17:09,2025-12-13 01:59:06,42.0,,공통
b180_mixed_ps_sub_r1,GA,10,BLK_10P,12,베이36B 론지취부,6,2025-12-13 01:59:06,2025-12-13 03:12:06,73.0,36B,베이36B
b180_mixed_ps_sub_r1,GA,10,BLK_10P,12,베이36B 론지용접,7,2025-12-13 03:12:06,2025-12-13 03:35:54,23.8,36B,베이36B
b180_mixed_ps_sub_r1,GA,10,BLK_10P,12,베이36B 수정,8,2025-12-13 03:35:54,2025-12-13 04:20:30,44.6,36B,베이36B
b180_mixed_ps_sub_r1,GA,29,BLK_29P,13,판계,1,2025-12-12 13:40:00,2025-12-12 14:13:00,33.0,,공통
b180_mixed_ps_sub_r1,GA,29,BLK_29P,13,전면SAW,2,2025-12-12 23:34:22,2025-12-13 01:11:13,96.8,,공통
b180_mixed_ps_sub_r1,GA,29,BLK_29P,13,TurnOver,3,2025-12-13 01:11:13,2025-12-13 01:23:13,12.0,,공통
b180_mixed_ps_sub_r1,GA,29,BLK_29P,13,후면SAW,4,2025-12-13 01:23:13,2025-12-13 02:39:16,76.1,,공통
b180_mixed_ps_sub_r1,GA,29,BLK_29P,13,NC,5,2025-12-13 02:39:16,2025-12-13 03:17:36,38.3,,공통
b180_mixed_ps_sub_r1,GA,29,BLK_29P,13,베이35A 론지취부,6,2025-12-13 03:17:36,2025-12-13 04:20:06,62.5,35A,베이35A
b180_mixed_ps_sub_r1,GA,29,BLK_29P,13,베이35A 론지용접,7,2025-12-13 04:20:06,2025-12-13 04:42:06,22.0,35A,베이35A
b180_mixed_ps_sub_r1,GA,29,BLK_29P,13,베이35A 수정,8,2025-12-13 04:42:06,2025-12-13 05:20:06,38.0,35A,베이35A
b180_mixed_ps_sub_r1,GA,37,BLK_37P,14,판계,1,2025-12-12 14:13:00,2025-12-12 14:43:00,30.0,,공통
b180_mixed_ps_sub_r1,GA,37,BLK_37P,14,전면SAW,2,2025-12-13 01:11:13,2025-12-13 01:44:54,33.7,,공통
b180_mixed_ps_sub_r1,GA,37,BLK_37P,14,TurnOver,3,2025-12-13 01:44:54,2025-12-13 01:56:54,12.0,,공통
b180_mixed_ps_sub_r1,GA,37,BLK_37P,14,후면SAW,4,2025-12-13 02:39:16,2025-12-13 03:02:28,23.2,,공통
b180_mixed_ps_sub_r1,GA,37,BLK_37P,14,NC,5,2025-12-13 03:17:36,2025-12-13 04:00:16,42.7,,공통
b180_mixed_ps_sub_r1,GA,37,BLK_37P,14,베이36B 론지취부,6,2025-12-13 04:00:16,2025-12-13 04:59:16,59.0,36B,베이36B
b180_mixed_ps_sub_r1,GA,37,BLK_37P,14,베이36B 론지용접,7,2025-12-13 04:59:16,2025-12-13 05:20:40,21.4,36B,베이36B
b180_mixed_ps_sub_r1,GA,37,BLK_37P,14,베이36B 수정,8,2025-12-13 05:20:40,2025-12-13 05:56:28,35.8,36B,베이36B
b180_mixed_ps_sub_r1,GA,18,BLK_18S,15,판계,1,2025-12-12 14:43:00,2025-12-12 15:13:00,30.0,,공통
b180_mixed_ps_sub_r1,GA,18,BLK_18S,15,전면SAW,2,2025-12-13 01:44:54,2025-12-13 02:25:07,40.2,,공통
b180_mixed_ps_sub_r1,GA,18,BLK_18S,15,TurnOver,3,2025-12-13 02:25:07,2025-12-13 02:37:07,12.0,,공통
b180_mixed_ps_sub_r1,GA,18,BLK_18S,15,후면SAW,4,2025-12-13 03:02:28,2025-12-13 03:34:15,31.8,,공통
b180_mixed_ps_sub_r1,GA,18,BLK_18S,15,NC,5,2025-12-13 04:00:16,2025-12-13 04:41:07,40.8,,공통
b180_mixed_ps_sub_r1,GA,18,BLK_18S,15,베이35A 론지취부,6,2025-12-13 04:41:07,2025-12-13 06:01:07,80.0,35A,베이35A
b180_mixed_ps_sub_r1,GA,18,BLK_18S,15,베이35A 론지용접,7,2025-12-13 06:01:07,2025-12-13 06:26:07,25.0,35A,베이35A
b180_mixed_ps_sub_r1,GA,18,BLK_18S,15,베이35A 수정,8,2025-12-13 06:26:07,2025-12-13 07:15:07,49.0,35A,베이35A
b180_mixed_ps_sub_r1,GA,22,BLK_22C,16,판계,1,2025-12-12 15:13:00,2025-12-12 15:38:00,25.0,,공통
b180_mixed_ps_sub_r1,GA,22,BLK_22C,16,전면SAW,2,2025-12-13 02:25:07,2025-12-13 02:56:10,31.1,,공통
b180_mixed_ps_sub_r1,GA,22,BLK_22C,16,TurnOver,3,2025-12-13 02:56:10,2025-12-13 03:08:10,12.0,,공통
b180_mixed_ps_sub_r1,GA,22,BLK_22C,16,후면SAW,4,2025-12-13 03:34:15,2025-12-13 03:53:59,19.7,,공통
b180_mixed_ps_sub_r1,GA,22,BLK_22C,16,NC,5,2025-12-13 04:41:07,2025-12-13 05:14:31,33.4,,공통
b180_mixed_ps_sub_r1,GA,22,BLK_22C,16,베이36B 론지취부,6,2025-12-13 05:14:31,2025-12-13 06:10:01,55.5,36B,베이36B
b180_mixed_ps_sub_r1,GA,22,BLK_22C,16,베이36B 론지용접,7,2025-12-13 06:10:01,2025-12-13 06:30:49,20.8,36B,베이36B
b180_mixed_ps_sub_r1,GA,22,BLK_22C,16,베이36B 수정,8,2025-12-13 06:30:49,2025-12-13 07:04:25,33.6,36B,베이36B
b180_mixed_ps_sub_r1,GA,41,BLK_41C,17,판계,1,2025-12-12 15:38:00,2025-12-12 16:08:00,30.0,,공통
b180_mixed_ps_sub_r1,GA,41,BLK_41C,17,전면SAW,2,2025-12-13 02:56:10,2025-12-13 03:28:09,32.0,,공통
b180_mixed_ps_sub_r1,GA,41,BLK_41C,17,TurnOver,3,2025-12-13 03:28:09,2025-12-13 03:40:09,12.0,,공통
b180_mixed_ps_sub_r1,GA,41,BLK_41C,17,후면SAW,4,2025-12-13 03:53:59,2025-12-13 04:14:57,21.0,,공통
b180_mixed_ps_sub_r1,GA,41,BLK_41C,17,NC,5,2025-12-13 05:14:31,2025-12-13 06:00:24,45.9,,공통
b180_mixed_ps_sub_r1,GA,41,BLK_41C,17,베이35A 론지취부,6,2025-12-13 06:01:07,2025-12-13 07:14:07,73.0,35A,베이35A
b180_mixed_ps_sub_r1,GA,41,BLK_41C,17,베이35A 론지용접,7,2025-12-13 07:14:07,2025-12-13 07:37:55,23.8,35A,베이35A
b180_mixed_ps_sub_r1,GA,41,BLK_41C,17,베이35A 수정,8,2025-12-13 07:37:55,2025-12-13 08:22:31,44.6,35A,베이35A
b180_mixed_ps_sub_r1,GA,26,BLK_26P,18,판계,1,2025-12-12 16:08:00,2025-12-12 16:33:00,25.0,,공통
b180_mixed_ps_sub_r1,GA,26,BLK_26P,18,전면SAW,2,2025-12-13 03:28:09,2025-12-13 04:00:23,32.2,,공통
b180_mixed_ps_sub_r1,GA,26,BLK_26P,18,TurnOver,3,2025-12-13 04:00:23,2025-12-13 04:12:23,12.0,,공통
b180_mixed_ps_sub_r1,GA,26,BLK_26P,18,후면SAW,4,2025-12-13 04:14:57,2025-12-13 04:36:15,21.3,,공통
b180_mixed_ps_sub_r1,GA,26,BLK_26P,18,NC,5,2025-12-13 06:00:24,2025-12-13 06:39:21,39.0,,공통
b180_mixed_ps_sub_r1,GA,26,BLK_26P,18,베이36B 론지취부,6,2025-12-13 06:39:21,2025-12-13 08:27:21,108.0,36B,베이36B
b180_mixed_ps_sub_r1,GA,26,BLK_26P,18,베이36B 론지용접,7,2025-12-13 08:27:21,2025-12-13 08:57:09,29.8,36B,베이36B
b180_mixed_ps_sub_r1,GA,26,BLK_26P,18,베이36B 수정,8,2025-12-13 08:57:09,2025-12-13 10:03:45,66.6,36B,베이36B
b180_mixed_ps_sub_r1,GA,30,BLK_30S,19,판계,1,2025-12-12 16:33:00,2025-12-12 17:11:00,38.0,,공통
b180_mixed_ps_sub_r1,GA,30,BLK_30S,19,전면SAW,2,2025-12-13 04:00:23,2025-12-13 05:33:25,93.0,,공통
b180_mixed_ps_sub_r1,GA,30,BLK_30S,19,TurnOver,3,2025-12-13 05:33:25,2025-12-13 05:45:25,12.0,,공통
b180_mixed_ps_sub_r1,GA,30,BLK_30S,19,후면SAW,4,2025-12-13 05:45:25,2025-12-13 06:58:01,72.6,,공통
b180_mixed_ps_sub_r1,GA,30,BLK_30S,19,NC,5,2025-12-13 06:58:01,2025-12-13 07:43:04,45.0,,공통
b180_mixed_ps_sub_r1,GA,30,BLK_30S,19,베이35A 론지취부,6,2025-12-13 07:43:04,2025-12-13 08:35:04,52.0,35A,베이35A
b180_mixed_ps_sub_r1,GA,30,BLK_30S,19,베이35A 론지용접,7,2025-12-13 08:35:04,2025-12-13 08:55:16,20.2,35A,베이35A
b180_mixed_ps_sub_r1,GA,30,BLK_30S,19,베이35A 수정,8,2025-12-13 08:55:16,2025-12-13 09:26:40,31.4,35A,베이35A
b180_mixed_ps_sub_r1,GA,45,BLK_45S,20,판계,1,2025-12-12 17:11:00,2025-12-12 17:39:00,28.0,,공통
b180_mixed_ps_sub_r1,GA,45,BLK_45S,20,전면SAW,2,2025-12-13 05:33:25,2025-12-13 07:53:01,139.6,,공통
b180_mixed_ps_sub_r1,GA,45,BLK_45S,20,TurnOver,3,2025-12-13 07:53:01,2025-12-13 08:05:01,12.0,,공통
b180_mixed_ps_sub_r1,GA,45,BLK_45S,20,후면SAW,4,2025-12-13 08:05:01,2025-12-13 10:00:03,115.0,,공통
b180_mixed_ps_sub_r1,GA,45,BLK_45S,20,NC,5,2025-12-13 10:00:03,2025-12-13 10:35:45,35.7,,공통
b180_mixed_ps_sub_r1,GA,45,BLK_45S,20,베이36B 론지취부,6,2025-12-13 10:35:45,2025-12-13 11:31:15,55.5,36B,베이36B
b180_mixed_ps_sub_r1,GA,45,BLK_45S,20,베이36B 론지용접,7,2025-12-13 11:31:15,2025-12-13 11:52:03,20.8,36B,베이36B
b180_mixed_ps_sub_r1,GA,45,BLK_45S,20,베이36B 수정,8,2025-12-13 11:52:03,2025-12-13 12:25:39,33.6,36B,베이36B
b180_mixed_ps_sub_r1,GA,49,BLK_49C,21,판계,1,2025-12-12 17:39:00,2025-12-12 17:59:00,20.0,,공통
b180_mixed_ps_sub_r1,GA,49,BLK_49C,21,전면SAW,2,2025-12-13 07:53:01,2025-12-13 08:24:13,31.2,,공통
b180_mixed_ps_sub_r1,GA,49,BLK_49C,21,TurnOver,3,2025-12-13 08:24:13,2025-12-13 08:36:13,12.0,,공통
b180_mixed_ps_sub_r1,GA,49,BLK_49C,21,후면SAW,4,2025-12-13 10:00:03,2025-12-13 10:19:59,19.9,,공통
b180_mixed_ps_sub_r1,GA,49,BLK_49C,21,NC,5,2025-12-13 10:35:45,2025-12-13 11:04:14,28.5,,공통
b180_mixed_ps_sub_r1,GA,49,BLK_49C,21,베이35A 론지취부,6,2025-12-13 11:04:14,2025-12-13 11:35:14,31.0,35A,베이35A
b180_mixed_ps_sub_r1,GA,49,BLK_49C,21,베이35A 론지용접,7,2025-12-13 11:35:14,2025-12-13 11:51:50,16.6,35A,베이35A
b180_mixed_ps_sub_r1,GA,49,BLK_49C,21,베이35A 수정,8,2025-12-13 11:51:50,2025-12-13 12:10:02,18.2,35A,베이35A
b180_mixed_ps_sub_r1,GA,50,BLK_50C,1,판계,1,2025-12-13 08:00:00,2025-12-13 08:20:00,20.0,,공통
b180_mixed_ps_sub_r1,GA,50,BLK_50C,1,전면SAW,2,2025-12-13 08:24:13,2025-12-13 10:13:43,109.5,,공통
b180_mixed_ps_sub_r1,GA,50,BLK_50C,1,TurnOver,3,2025-12-13 10:13:43,2025-12-13 10:25:43,12.0,,공통
b180_mixed_ps_sub_r1,GA,50,BLK_50C,1,후면SAW,4,2025-12-13 10:25:43,2025-12-13 11:53:19,87.6,,공통
b180_mixed_ps_sub_r1,GA,50,BLK_50C,1,NC,5,2025-12-13 11:53:19,2025-12-13 12:19:23,26.1,,공통
b180_mixed_ps_sub_r1,GA,50,BLK_50C,1,베이36B 론지취부,6,2025-12-13 12:19:23,2025-12-13 13:04:23,45.0,36B,베이36B
b180_mixed_ps_sub_r1,GA,50,BLK_50C,1,베이36B 론지용접,7,2025-12-13 13:04:23,2025-12-13 13:19:23,15.0,36B,베이36B
b180_mixed_ps_sub_r1,GA,50,BLK_50C,1,베이36B 수정,8,2025-12-13 13:19:23,2025-12-13 13:46:23,27.0,36B,베이36B
b180_mixed_ps_sub_r1,GA,53,BLK_53P,2,판계,1,2025-12-13 08:20:00,2025-12-13 09:05:00,45.0,,공통
b180_mixed_ps_sub_r1,GA,53,BLK_53P,2,전면SAW,2,2025-12-13 10:13:43,2025-12-13 10:48:44,35.0,,공통
b180_mixed_ps_sub_r1,GA,53,BLK_53P,2,TurnOver,3,2025-12-13 10:48:44,2025-12-13 11:00:44,12.0,,공통
b180_mixed_ps_sub_r1,GA,53,BLK_53P,2,후면SAW,4,2025-12-13 11:53:19,2025-12-13 12:18:15,24.9,,공통
b180_mixed_ps_sub_r1,GA,53,BLK_53P,2,NC,5,2025-12-13 12:19:23,2025-12-13 13:10:23,51.0,,공통
b180_mixed_ps_sub_r1,GA,53,BLK_53P,2,베이35A 론지취부,6,2025-12-13 13:10:23,2025-12-13 14:23:23,73.0,35A,베이35A
b180_mixed_ps_sub_r1,GA,53,BLK_53P,2,베이35A 론지용접,7,2025-12-13 14:23:23,2025-12-13 14:47:11,23.8,35A,베이35A
b180_mixed_ps_sub_r1,GA,53,BLK_53P,2,베이35A 수정,8,2025-12-13 14:47:11,2025-12-13 15:31:47,44.6,35A,베이35A
b180_mixed_ps_sub_r1,GA,61,BLK_61C,3,판계,1,2025-12-13 09:05:00,2025-12-13 09:35:00,30.0,,공통
b180_mixed_ps_sub_r1,GA,61,BLK_61C,3,전면SAW,2,2025-12-13 10:48:44,2025-12-13 12:04:37,75.9,,공통
b180_mixed_ps_sub_r1,GA,61,BLK_61C,3,TurnOver,3,2025-12-13 12:04:37,2025-12-13 12:16:37,12.0,,공통
b180_mixed_ps_sub_r1,GA,61,BLK_61C,3,후면SAW,4,2025-12-13 12:18:15,2025-12-13 13:15:12,57.0,,공통
b180_mixed_ps_sub_r1,GA,61,BLK_61C,3,NC,5,2025-12-13 13:15:12,2025-12-13 14:03:19,48.1,,공통
b180_mixed_ps_sub_r1,GA,61,BLK_61C,3,베이36B 론지취부,6,2025-12-13 14:03:19,2025-12-13 14:34:19,31.0,36B,베이36B
b180_mixed_ps_sub_r1,GA,61,BLK_61C,3,베이36B 론지용접,7,2025-12-13 14:34:19,2025-12-13 14:50:55,16.6,36B,베이36B
b180_mixed_ps_sub_r1,GA,61,BLK_61C,3,베이36B 수정,8,2025-12-13 14:50:55,2025-12-13 15:09:07,18.2,36B,베이36B
b180_mixed_ps_sub_r1,GA,66,BLK_66C,4,판계,1,2025-12-13 09:35:00,2025-12-13 10:10:00,35.0,,공통
b180_mixed_ps_sub_r1,GA,66,BLK_66C,4,전면SAW,2,2025-12-13 12:04:37,2025-12-13 14:11:00,126.4,,공통
b180_mixed_ps_sub_r1,GA,66,BLK_66C,4,TurnOver,3,2025-12-13 14:11:00,2025-12-13 14:23:00,12.0,,공통
b180_mixed_ps_sub_r1,GA,66,BLK_66C,4,후면SAW,4,2025-12-13 14:23:00,2025-12-13 15:54:12,91.2,,공통
b180_mixed_ps_sub_r1,GA,66,BLK_66C,4,NC,5,2025-12-13 15:54:12,2025-12-13 16:30:04,35.9,,공통
b180_mixed_ps_sub_r1,GA,66,BLK_66C,4,베이35A 론지취부,6,2025-12-13 16:30:04,2025-12-13 17:18:34,48.5,35A,베이35A
b180_mixed_ps_sub_r1,GA,66,BLK_66C,4,베이35A 론지용접,7,2025-12-13 17:18:34,2025-12-13 17:38:10,19.6,35A,베이35A
b180_mixed_ps_sub_r1,GA,66,BLK_66C,4,베이35A 수정,8,2025-12-13 17:38:10,2025-12-13 18:07:22,29.2,35A,베이35A
b180_mixed_ps_sub_r1,GA,76,BLK_76S,5,판계,1,2025-12-13 10:10:00,2025-12-13 10:48:00,38.0,,공통
b180_mixed_ps_sub_r1,GA,76,BLK_76S,5,전면SAW,2,2025-12-13 14:11:00,2025-12-13 15:36:31,85.5,,공통
b180_mixed_ps_sub_r1,GA,76,BLK_76S,5,TurnOver,3,2025-12-13 15:36:31,2025-12-13 15:48:31,12.0,,공통
b180_mixed_ps_sub_r1,GA,76,BLK_76S,5,후면SAW,4,2025-12-13 15:54:12,2025-12-13 16:59:57,65.7,,공통
b180_mixed_ps_sub_r1,GA,76,BLK_76S,5,NC,5,2025-12-13 16:59:57,2025-12-13 17:41:52,41.9,,공통
b180_mixed_ps_sub_r1,GA,76,BLK_76S,5,베이36B 론지취부,6,2025-12-13 17:41:52,2025-12-13 18:19:52,38.0,36B,베이36B
b180_mixed_ps_sub_r1,GA,76,BLK_76S,5,베이36B 론지용접,7,2025-12-13 18:19:52,2025-12-13 18:37:40,17.8,36B,베이36B
b180_mixed_ps_sub_r1,GA,76,BLK_76S,5,베이36B 수정,8,2025-12-13 18:37:40,2025-12-13 19:00:16,22.6,36B,베이36B
b180_mixed_ps_sub_r1,GA,86,BLK_86S,6,판계,1,2025-12-13 10:48:00,2025-12-13 11:00:00,12.0,,공통
b180_mixed_ps_sub_r1,GA,86,BLK_86S,6,전면SAW,2,2025-12-13 15:36:31,2025-12-13 16:17:16,40.7,,공통
b180_mixed_ps_sub_r1,GA,86,BLK_86S,6,TurnOver,3,2025-12-13 16:17:16,2025-12-13 16:29:16,12.0,,공통
b180_mixed_ps_sub_r1,GA,86,BLK_86S,6,후면SAW,4,2025-12-13 16:59:57,2025-12-13 17:32:26,32.5,,공통
b180_mixed_ps_sub_r1,GA,86,BLK_86S,6,NC,5,2025-12-13 17:41:52,2025-12-13 18:04:29,22.6,,공통
b180_mixed_ps_sub_r1,GA,86,BLK_86S,6,베이35A 론지취부,6,2025-12-13 18:04:29,2025-12-13 18:31:59,27.5,35A,베이35A
b180_mixed_ps_sub_r1,GA,86,BLK_86S,6,베이35A 론지용접,7,2025-12-13 18:31:59,2025-12-13 18:47:59,16.0,35A,베이35A
b180_mixed_ps_sub_r1,GA,86,BLK_86S,6,베이35A 수정,8,2025-12-13 18:47:59,2025-12-13 19:03:59,16.0,35A,베이35A
b180_mixed_ps_sub_r1,GA,96,BLK_96S,7,판계,1,2025-12-13 11:00:00,2025-12-13 11:45:00,45.0,,공통
b180_mixed_ps_sub_r1,GA,96,BLK_96S,7,전면SAW,2,2025-12-13 16:17:16,2025-12-13 19:18:08,180.9,,공통
b180_mixed_ps_sub_r1,GA,96,BLK_96S,7,TurnOver,3,2025-12-13 19:18:08,2025-12-13 19:30:08,12.0,,공통
b180_mixed_ps_sub_r1,GA,96,BLK_96S,7,후면SAW,4,2025-12-13 19:30:08,2025-12-13 22:09:29,159.3,,공통
b180_mixed_ps_sub_r1,GA,96,BLK_96S,7,NC,5,2025-12-13 22:09:29,2025-12-13 23:01:40,52.2,,공통
b180_mixed_ps_sub_r1,GA,96,BLK_96S,7,베이36B 론지취부,6,2025-12-13 23:01:40,2025-12-14 00:14:40,73.0,36B,베이36B
b180_mixed_ps_sub_r1,GA,96,BLK_96S,7,베이36B 론지용접,7,2025-12-14 00:14:40,2025-12-14 00:38:28,23.8,36B,베이36B
b180_mixed_ps_sub_r1,GA,96,BLK_96S,7,베이36B 수정,8,2025-12-14 00:38:28,2025-12-14 01:23:04,44.6,36B,베이36B
b180_mixed_ps_sub_r1,GA,57,BLK_57C,8,판계,1,2025-12-13 11:45:00,2025-12-13 12:05:00,20.0,,공통
b180_mixed_ps_sub_r1,GA,57,BLK_57C,8,전면SAW,2,2025-12-13 19:18:08,2025-12-13 20:02:25,44.3,,공통
b180_mixed_ps_sub_r1,GA,57,BLK_57C,8,TurnOver,3,2025-12-13 20:02:25,2025-12-13 20:14:25,12.0,,공통
b180_mixed_ps_sub_r1,GA,57,BLK_57C,8,후면SAW,4,2025-12-13 22:09:29,2025-12-13 22:46:38,37.1,,공통
b180_mixed_ps_sub_r1,GA,57,BLK_57C,8,NC,5,2025-12-13 23:01:40,2025-12-13 23:29:34,27.9,,공통
b180_mixed_ps_sub_r1,GA,57,BLK_57C,8,베이35A 론지취부,6,2025-12-13 23:29:34,2025-12-14 00:18:04,48.5,35A,베이35A
b180_mixed_ps_sub_r1,GA,57,BLK_57C,8,베이35A 론지용접,7,2025-12-14 00:18:04,2025-12-14 00:37:40,19.6,35A,베이35A
b180_mixed_ps_sub_r1,GA,57,BLK_57C,8,베이35A 수정,8,2025-12-14 00:37:40,2025-12-14 01:06:52,29.2,35A,베이35A
b180_mixed_ps_sub_r1,GA,65,BLK_65C,9,판계,1,2025-12-13 12:05:00,2025-12-13 12:38:00,33.0,,공통
b180_mixed_ps_sub_r1,GA,65,BLK_65C,9,전면SAW,2,2025-12-13 20:02:25,2025-12-13 21:40:28,98.1,,공통
b180_mixed_ps_sub_r1,GA,65,BLK_65C,9,TurnOver,3,2025-12-13 21:40:28,2025-12-13 21:52:28,12.0,,공통
b180_mixed_ps_sub_r1,GA,65,BLK_65C,9,후면SAW,4,2025-12-13 22:46:38,2025-12-14 00:03:48,77.2,,공통
b180_mixed_ps_sub_r1,GA,65,BLK_65C,9,NC,5,2025-12-14 00:03:48,2025-12-14 00:43:47,40.0,,공통
b180_mixed_ps_sub_r1,GA,65,BLK_65C,9,베이36B 론지취부,6,2025-12-14 00:43:47,2025-12-14 01:28:47,45.0,36B,베이36B
b180_mixed_ps_sub_r1,GA,65,BLK_65C,9,베이36B 론지용접,7,2025-12-14 01:28:47,2025-12-14 01:47:47,19.0,36B,베이36B
b180_mixed_ps_sub_r1,GA,65,BLK_65C,9,베이36B 수정,8,2025-12-14 01:47:47,2025-12-14 02:14:47,27.0,36B,베이36B
b180_mixed_ps_sub_r1,GA,7,BLK_7S,10,판계,1,2025-12-13 12:38:00,2025-12-13 13:08:00,30.0,,공통
b180_mixed_ps_sub_r1,GA,7,BLK_7S,10,전면SAW,2,2025-12-13 21:40:28,2025-12-13 22:09:45,29.3,,공통
b180_mixed_ps_sub_r1,GA,7,BLK_7S,10,TurnOver,3,2025-12-13 22:09:45,2025-12-13 22:21:45,12.0,,공통
b180_mixed_ps_sub_r1,GA,7,BLK_7S,10,후면SAW,4,2025-12-14 00:03:48,2025-12-14 00:21:12,17.4,,공통
b180_mixed_ps_sub_r1,GA,7,BLK_7S,10,NC,5,2025-12-14 00:43:47,2025-12-14 01:29:29,45.7,,공통
b180_mixed_ps_sub_r1,GA,7,BLK_7S,10,베이35A 론지취부,6,2025-12-14 01:29:29,2025-12-14 02:42:29,73.0,35A,베이35A
b180_mixed_ps_sub_r1,GA,7,BLK_7S,10,베이35A 론지용접,7,2025-12-14 02:42:29,2025-12-14 03:06:17,23.8,35A,베이35A
b180_mixed_ps_sub_r1,GA,7,BLK_7S,10,베이35A 수정,8,2025-12-14 03:06:17,2025-12-14 03:50:53,44.6,35A,베이35A
b180_mixed_ps_sub_r1,GA,136,BLK_136P,11,판계,1,2025-12-13 13:08:00,2025-12-13 13:28:00,20.0,,공통
b180_mixed_ps_sub_r1,GA,136,BLK_136P,11,전면SAW,2,2025-12-13 22:09:45,2025-12-13 22:42:58,33.2,,공통
b180_mixed_ps_sub_r1,GA,136,BLK_136P,11,TurnOver,3,2025-12-13 22:42:58,2025-12-13 22:54:58,12.0,,공통
b180_mixed_ps_sub_r1,GA,136,BLK_136P,11,후면SAW,4,2025-12-14 00:21:12,2025-12-14 00:43:48,22.6,,공통
b180_mixed_ps_sub_r1,GA,136,BLK_136P,11,NC,5,2025-12-14 01:29:29,2025-12-14 01:57:28,28.0,,공통
b180_mixed_ps_sub_r1,GA,136,BLK_136P,11,베이36B 론지취부,6,2025-12-14 01:57:28,2025-12-14 02:56:28,59.0,36B,베이36B
b180_mixed_ps_sub_r1,GA,136,BLK_136P,11,베이36B 론지용접,7,2025-12-14 02:56:28,2025-12-14 03:17:52,21.4,36B,베이36B
b180_mixed_ps_sub_r1,GA,136,BLK_136P,11,베이36B 수정,8,2025-12-14 03:17:52,2025-12-14 03:53:40,35.8,36B,베이36B
b180_mixed_ps_sub_r1,GA,74,BLK_74P,12,판계,1,2025-12-13 13:28:00,2025-12-13 13:58:00,30.0,,공통
b180_mixed_ps_sub_r1,GA,74,BLK_74P,12,전면SAW,2,2025-12-13 22:42:58,2025-12-13 23:18:03,35.1,,공통
b180_mixed_ps_sub_r1,GA,74,BLK_74P,12,TurnOver,3,2025-12-13 23:18:03,2025-12-13 23:30:03,12.0,,공통
b180_mixed_ps_sub_r1,GA,74,BLK_74P,12,후면SAW,4,2025-12-14 00:43:48,2025-12-14 01:08:50,25.0,,공통
b180_mixed_ps_sub_r1,GA,74,BLK_74P,12,NC,5,2025-12-14 01:57:28,2025-12-14 02:41:16,43.8,,공통
b180_mixed_ps_sub_r1,GA,74,BLK_74P,12,베이35A 론지취부,6,2025-12-14 02:42:29,2025-12-14 03:44:59,62.5,35A,베이35A
b180_mixed_ps_sub_r1,GA,74,BLK_74P,12,베이35A 론지용접,7,2025-12-14 03:44:59,2025-12-14 04:06:59,22.0,35A,베이35A
b180_mixed_ps_sub_r1,GA,74,BLK_74P,12,베이35A 수정,8,2025-12-14 04:06:59,2025-12-14 04:44:59,38.0,35A,베이35A
b180_mixed_ps_sub_r1,GA,3,BLK_3C,1,판계,1,2025-12-14 08:00:00,2025-12-14 08:45:00,45.0,,공통
b180_mixed_ps_sub_r1,GA,3,BLK_3C,1,전면SAW,2,2025-12-14 08:45:00,2025-12-14 10:54:36,129.6,,공통
b180_mixed_ps_sub_r1,GA,3,BLK_3C,1,TurnOver,3,2025-12-14 10:54:36,2025-12-14 11:06:36,12.0,,공통
b180_mixed_ps_sub_r1,GA,3,BLK_3C,1,후면SAW,4,2025-12-14 11:06:36,2025-12-14 12:40:23,93.8,,공통
b180_mixed_ps_sub_r1,GA,3,BLK_3C,1,NC,5,2025-12-14 12:40:23,2025-12-14 13:32:02,51.6,,공통
b180_mixed_ps_sub_r1,GA,3,BLK_3C,1,베이36B 론지취부,6,2025-12-14 13:32:02,2025-12-14 14:31:02,59.0,36B,베이36B
b180_mixed_ps_sub_r1,GA,3,BLK_3C,1,베이36B 론지용접,7,2025-12-14 14:31:02,2025-12-14 14:52:26,21.4,36B,베이36B
b180_mixed_ps_sub_r1,GA,3,BLK_3C,1,베이36B 수정,8,2025-12-14 14:52:26,2025-12-14 15:28:14,35.8,36B,베이36B
b180_mixed_ps_sub_r1,GA,116,BLK_116S,2,판계,1,2025-12-14 08:45:00,2025-12-14 09:23:00,38.0,,공통
b180_mixed_ps_sub_r1,GA,116,BLK_116S,2,전면SAW,2,2025-12-14 10:54:36,2025-12-14 12:23:02,88.4,,공통
b180_mixed_ps_sub_r1,GA,116,BLK_116S,2,TurnOver,3,2025-12-14 12:23:02,2025-12-14 12:35:02,12.0,,공통
b180_mixed_ps_sub_r1,GA,116,BLK_116S,2,후면SAW,4,2025-12-14 12:40:23,2025-12-14 14:05:30,85.1,,공통
b180_mixed_ps_sub_r1,GA,116,BLK_116S,2,NC,5,2025-12-14 14:05:30,2025-12-14 14:50:45,45.2,,공통
b180_mixed_ps_sub_r1,GA,116,BLK_116S,2,베이35A 론지취부,6,2025-12-14 14:50:45,2025-12-14 15:49:45,59.0,35A,베이35A
b180_mixed_ps_sub_r1,GA,116,BLK_116S,2,베이35A 론지용접,7,2025-12-14 15:49:45,2025-12-14 16:11:09,21.4,35A,베이35A
b180_mixed_ps_sub_r1,GA,116,BLK_116S,2,베이35A 수정,8,2025-12-14 16:11:09,2025-12-14 16:46:57,35.8,35A,베이35A
b180_mixed_ps_sub_r1,GA,11,BLK_11C,3,판계,1,2025-12-14 09:23:00,2025-12-14 09:53:00,30.0,,공통
b180_mixed_ps_sub_r1,GA,11,BLK_11C,3,전면SAW,2,2025-12-14 12:23:02,2025-12-14 12:57:54,34.9,,공통
b180_mixed_ps_sub_r1,GA,11,BLK_11C,3,TurnOver,3,2025-12-14 12:57:54,2025-12-14 13:09:54,12.0,,공통
b180_mixed_ps_sub_r1,GA,11,BLK_11C,3,후면SAW,4,2025-12-14 14:05:30,2025-12-14 14:30:16,24.8,,공통
b180_mixed_ps_sub_r1,GA,11,BLK_11C,3,NC,5,2025-12-14 14:50:45,2025-12-14 15:33:28,42.7,,공통
b180_mixed_ps_sub_r1,GA,11,BLK_11C,3,베이36B 론지취부,6,2025-12-14 15:33:28,2025-12-14 16:42:58,69.5,36B,베이36B
b180_mixed_ps_sub_r1,GA,11,BLK_11C,3,베이36B 론지용접,7,2025-12-14 16:42:58,2025-12-14 17:06:10,23.2,36B,베이36B
b180_mixed_ps_sub_r1,GA,11,BLK_11C,3,베이36B 수정,8,2025-12-14 17:06:10,2025-12-14 17:48:34,42.4,36B,베이36B
b180_mixed_ps_sub_r1,GA,62,BLK_62P,4,판계,1,2025-12-14 09:53:00,2025-12-14 10:13:00,20.0,,공통
b180_mixed_ps_sub_r1,GA,62,BLK_62P,4,전면SAW,2,2025-12-14 12:57:54,2025-12-14 13:51:10,53.3,,공통
b180_mixed_ps_sub_r1,GA,62,BLK_62P,4,TurnOver,3,2025-12-14 13:51:10,2025-12-14 14:03:10,12.0,,공통
b180_mixed_ps_sub_r1,GA,62,BLK_62P,4,후면SAW,4,2025-12-14 14:30:16,2025-12-14 15:19:14,49.0,,공통
b180_mixed_ps_sub_r1,GA,62,BLK_62P,4,NC,5,2025-12-14 15:33:28,2025-12-14 16:03:38,30.2,,공통
b180_mixed_ps_sub_r1,GA,62,BLK_62P,4,베이35A 론지취부,6,2025-12-14 16:03:38,2025-12-14 16:59:08,55.5,35A,베이35A
b180_mixed_ps_sub_r1,GA,62,BLK_62P,4,베이35A 론지용접,7,2025-12-14 16:59:08,2025-12-14 17:19:56,20.8,35A,베이35A
b180_mixed_ps_sub_r1,GA,62,BLK_62P,4,베이35A 수정,8,2025-12-14 17:19:56,2025-12-14 17:53:32,33.6,35A,베이35A
b180_mixed_ps_sub_r1,GA,15,BLK_15S,5,판계,1,2025-12-14 10:13:00,2025-12-14 10:51:00,38.0,,공통
b180_mixed_ps_sub_r1,GA,15,BLK_15S,5,전면SAW,2,2025-12-14 13:51:10,2025-12-14 15:15:33,84.4,,공통
b180_mixed_ps_sub_r1,GA,15,BLK_15S,5,TurnOver,3,2025-12-14 15:15:33,2025-12-14 15:27:33,12.0,,공통
b180_mixed_ps_sub_r1,GA,15,BLK_15S,5,후면SAW,4,2025-12-14 15:27:33,2025-12-14 16:32:14,64.7,,공통
b180_mixed_ps_sub_r1,GA,15,BLK_15S,5,NC,5,2025-12-14 16:32:14,2025-12-14 17:17:36,45.4,,공통
b180_mixed_ps_sub_r1,GA,15,BLK_15S,5,베이36B 론지취부,6,2025-12-14 17:17:36,2025-12-14 18:16:36,59.0,36B,베이36B
b180_mixed_ps_sub_r1,GA,15,BLK_15S,5,베이36B 론지용접,7,2025-12-14 18:16:36,2025-12-14 18:38:00,21.4,36B,베이36B
b180_mixed_ps_sub_r1,GA,15,BLK_15S,5,베이36B 수정,8,2025-12-14 18:38:00,2025-12-14 19:13:48,35.8,36B,베이36B
b180_mixed_ps_sub_r1,GA,38,BLK_38C,6,판계,1,2025-12-14 10:51:00,2025-12-14 11:21:00,30.0,,공통
b180_mixed_ps_sub_r1,GA,38,BLK_38C,6,전면SAW,2,2025-12-14 15:15:33,2025-12-14 15:46:30,31.0,,공통
b180_mixed_ps_sub_r1,GA,38,BLK_38C,6,TurnOver,3,2025-12-14 15:46:30,2025-12-14 15:58:30,12.0,,공통
b180_mixed_ps_sub_r1,GA,38,BLK_38C,6,후면SAW,4,2025-12-14 16:32:14,2025-12-14 16:51:51,19.6,,공통
b180_mixed_ps_sub_r1,GA,38,BLK_38C,6,NC,5,2025-12-14 17:17:36,2025-12-14 17:59:12,41.6,,공통
b180_mixed_ps_sub_r1,GA,38,BLK_38C,6,베이35A 론지취부,6,2025-12-14 17:59:12,2025-12-14 19:22:42,83.5,35A,베이35A
b180_mixed_ps_sub_r1,GA,38,BLK_38C,6,베이35A 론지용접,7,2025-12-14 19:22:42,2025-12-14 19:48:18,25.6,35A,베이35A
b180_mixed_ps_sub_r1,GA,38,BLK_38C,6,베이35A 수정,8,2025-12-14 19:48:18,2025-12-14 20:39:30,51.2,35A,베이35A
b180_mixed_ps_sub_r1,GA,23,BLK_23P,7,판계,1,2025-12-14 11:21:00,2025-12-14 11:54:00,33.0,,공통
b180_mixed_ps_sub_r1,GA,23,BLK_23P,7,전면SAW,2,2025-12-14 15:46:30,2025-12-14 17:47:51,121.3,,공통
b180_mixed_ps_sub_r1,GA,23,BLK_23P,7,TurnOver,3,2025-12-14 17:47:51,2025-12-14 17:59:51,12.0,,공통
b180_mixed_ps_sub_r1,GA,23,BLK_23P,7,후면SAW,4,2025-12-14 17:59:51,2025-12-14 19:38:14,98.4,,공통
b180_mixed_ps_sub_r1,GA,23,BLK_23P,7,NC,5,2025-12-14 19:38:14,2025-12-14 20:19:48,41.6,,공통
b180_mixed_ps_sub_r1,GA,23,BLK_23P,7,베이36B 론지취부,6,2025-12-14 20:19:48,2025-12-14 21:29:18,69.5,36B,베이36B
b180_mixed_ps_sub_r1,GA,23,BLK_23P,7,베이36B 론지용접,7,2025-12-14 21:29:18,2025-12-14 21:52:30,23.2,36B,베이36B
b180_mixed_ps_sub_r1,GA,23,BLK_23P,7,베이36B 수정,8,2025-12-14 21:52:30,2025-12-14 22:34:54,42.4,36B,베이36B
b180_mixed_ps_sub_r1,GA,106,BLK_106C,8,판계,1,2025-12-14 11:54:00,2025-12-14 12:27:00,33.0,,공통
b180_mixed_ps_sub_r1,GA,106,BLK_106C,8,전면SAW,2,2025-12-14 17:47:51,2025-12-14 19:21:20,93.5,,공통
b180_mixed_ps_sub_r1,GA,106,BLK_106C,8,TurnOver,3,2025-12-14 19:21:20,2025-12-14 19:33:20,12.0,,공통
b180_mixed_ps_sub_r1,GA,106,BLK_106C,8,후면SAW,4,2025-12-14 19:38:14,2025-12-14 20:51:14,73.0,,공통
b180_mixed_ps_sub_r1,GA,106,BLK_106C,8,NC,5,2025-12-14 20:51:14,2025-12-14 21:28:53,37.6,,공통
b180_mixed_ps_sub_r1,GA,106,BLK_106C,8,베이35A 론지취부,6,2025-12-14 21:28:53,2025-12-14 22:13:53,45.0,35A,베이35A
b180_mixed_ps_sub_r1,GA,106,BLK_106C,8,베이35A 론지용접,7,2025-12-14 22:13:53,2025-12-14 22:32:53,19.0,35A,베이35A
b180_mixed_ps_sub_r1,GA,106,BLK_106C,8,베이35A 수정,8,2025-12-14 22:32:53,2025-12-14 22:59:53,27.0,35A,베이35A
b180_mixed_ps_sub_r1,GA,42,BLK_42P,9,판계,1,2025-12-14 12:27:00,2025-12-14 12:57:00,30.0,,공통
b180_mixed_ps_sub_r1,GA,42,BLK_42P,9,전면SAW,2,2025-12-14 19:21:20,2025-12-14 19:52:29,31.1,,공통
b180_mixed_ps_sub_r1,GA,42,BLK_42P,9,TurnOver,3,2025-12-14 19:52:29,2025-12-14 20:04:29,12.0,,공통
b180_mixed_ps_sub_r1,GA,42,BLK_42P,9,후면SAW,4,2025-12-14 20:51:14,2025-12-14 21:11:06,19.9,,공통
b180_mixed_ps_sub_r1,GA,42,BLK_42P,9,NC,5,2025-12-14 21:28:53,2025-12-14 22:07:17,38.4,,공통
b180_mixed_ps_sub_r1,GA,42,BLK_42P,9,베이36B 론지취부,6,2025-12-14 22:07:17,2025-12-14 22:48:47,41.5,36B,베이36B
b180_mixed_ps_sub_r1,GA,42,BLK_42P,9,베이36B 론지용접,7,2025-12-14 22:48:47,2025-12-14 23:07:11,18.4,36B,베이36B
b180_mixed_ps_sub_r1,GA,42,BLK_42P,9,베이36B 수정,8,2025-12-14 23:07:11,2025-12-14 23:31:59,24.8,36B,베이36B
b180_mixed_ps_sub_r1,GA,150,BLK_150S,10,판계,1,2025-12-14 12:57:00,2025-12-14 13:22:00,25.0,,공통
b180_mixed_ps_sub_r1,GA,150,BLK_150S,10,전면SAW,2,2025-12-14 19:52:29,2025-12-14 20:27:46,35.3,,공통
b180_mixed_ps_sub_r1,GA,150,BLK_150S,10,TurnOver,3,2025-12-14 20:27:46,2025-12-14 20:39:46,12.0,,공통
b180_mixed_ps_sub_r1,GA,150,BLK_150S,10,후면SAW,4,2025-12-14 21:11:06,2025-12-14 21:36:24,25.3,,공통
b180_mixed_ps_sub_r1,GA,150,BLK_150S,10,NC,5,2025-12-14 22:07:17,2025-12-14 22:45:48,38.5,,공통
b180_mixed_ps_sub_r1,GA,150,BLK_150S,10,베이35A 론지취부,6,2025-12-14 22:45:48,2025-12-15 00:26:48,101.0,35A,베이35A
b180_mixed_ps_sub_r1,GA,150,BLK_150S,10,베이35A 론지용접,7,2025-12-15 00:26:48,2025-12-15 00:55:24,28.6,35A,베이35A
b180_mixed_ps_sub_r1,GA,150,BLK_150S,10,베이35A 수정,8,2025-12-15 00:55:24,2025-12-15 01:57:36,62.2,35A,베이35A
b180_mixed_ps_sub_r1,GA,34,BLK_34P,11,판계,1,2025-12-14 13:22:00,2025-12-14 13:47:00,25.0,,공통
b180_mixed_ps_sub_r1,GA,34,BLK_34P,11,전면SAW,2,2025-12-14 20:27:46,2025-12-14 20:59:22,31.6,,공통
b180_mixed_ps_sub_r1,GA,34,BLK_34P,11,TurnOver,3,2025-12-14 20:59:22,2025-12-14 21:11:22,12.0,,공통
b180_mixed_ps_sub_r1,GA,34,BLK_34P,11,후면SAW,4,2025-12-14 21:36:24,2025-12-14 21:56:51,20.5,,공통
b180_mixed_ps_sub_r1,GA,34,BLK_34P,11,NC,5,2025-12-14 22:45:48,2025-12-14 23:19:28,33.7,,공통
b180_mixed_ps_sub_r1,GA,34,BLK_34P,11,베이36B 론지취부,6,2025-12-14 23:19:28,2025-12-15 00:21:58,62.5,36B,베이36B
b180_mixed_ps_sub_r1,GA,34,BLK_34P,11,베이36B 론지용접,7,2025-12-15 00:21:58,2025-12-15 00:43:58,22.0,36B,베이36B
b180_mixed_ps_sub_r1,GA,34,BLK_34P,11,베이36B 수정,8,2025-12-15 00:43:58,2025-12-15 01:21:58,38.0,36B,베이36B
b180_mixed_ps_sub_r1,GA,151,BLK_151C,12,판계,1,2025-12-14 13:47:00,2025-12-14 14:32:00,45.0,,공통
b180_mixed_ps_sub_r1,GA,151,BLK_151C,12,전면SAW,2,2025-12-14 20:59:22,2025-12-14 22:37:31,98.2,,공통
b180_mixed_ps_sub_r1,GA,151,BLK_151C,12,TurnOver,3,2025-12-14 22:37:31,2025-12-14 22:49:31,12.0,,공통
b180_mixed_ps_sub_r1,GA,151,BLK_151C,12,후면SAW,4,2025-12-14 22:49:31,2025-12-15 00:25:58,96.4,,공통
b180_mixed_ps_sub_r1,GA,151,BLK_151C,12,NC,5,2025-12-15 00:25:58,2025-12-15 01:24:10,58.2,,공통
b180_mixed_ps_sub_r1,GA,151,BLK_151C,12,베이35A 론지취부,6,2025-12-15 01:24:10,2025-12-15 03:01:40,97.5,35A,베이35A
b180_mixed_ps_sub_r1,GA,151,BLK_151C,12,베이35A 론지용접,7,2025-12-15 03:01:40,2025-12-15 03:29:40,28.0,35A,베이35A
b180_mixed_ps_sub_r1,GA,151,BLK_151C,12,베이35A 수정,8,2025-12-15 03:29:40,2025-12-15 04:29:40,60.0,35A,베이35A
b180_mixed_ps_sub_r1,GA,19,BLK_19P,1,판계,1,2025-12-15 08:00:00,2025-12-15 08:20:00,20.0,,공통
b180_mixed_ps_sub_r1,GA,19,BLK_19P,1,전면SAW,2,2025-12-15 08:20:00,2025-12-15 08:54:51,34.9,,공통
b180_mixed_ps_sub_r1,GA,19,BLK_19P,1,TurnOver,3,2025-12-15 08:54:51,2025-12-15 09:06:51,12.0,,공통
b180_mixed_ps_sub_r1,GA,19,BLK_19P,1,후면SAW,4,2025-12-15 09:06:51,2025-12-15 09:31:36,24.8,,공통
b180_mixed_ps_sub_r1,GA,19,BLK_19P,1,NC,5,2025-12-15 09:31:36,2025-12-15 10:00:29,28.9,,공통
b180_mixed_ps_sub_r1,GA,19,BLK_19P,1,베이36B 론지취부,6,2025-12-15 10:00:29,2025-12-15 11:06:29,66.0,36B,베이36B
b180_mixed_ps_sub_r1,GA,19,BLK_19P,1,베이36B 론지용접,7,2025-12-15 11:06:29,2025-12-15 11:29:05,22.6,36B,베이36B
b180_mixed_ps_sub_r1,GA,19,BLK_19P,1,베이36B 수정,8,2025-12-15 11:29:05,2025-12-15 12:09:17,40.2,36B,베이36B
b180_mixed_ps_sub_r1,GA,54,BLK_54C,2,판계,1,2025-12-15 08:20:00,2025-12-15 08:45:00,25.0,,공통
b180_mixed_ps_sub_r1,GA,54,BLK_54C,2,전면SAW,2,2025-12-15 08:54:51,2025-12-15 09:25:28,30.6,,공통
b180_mixed_ps_sub_r1,GA,54,BLK_54C,2,TurnOver,3,2025-12-15 09:25:28,2025-12-15 09:37:28,12.0,,공통
b180_mixed_ps_sub_r1,GA,54,BLK_54C,2,후면SAW,4,2025-12-15 09:37:28,2025-12-15 09:56:37,19.1,,공통
b180_mixed_ps_sub_r1,GA,54,BLK_54C,2,NC,5,2025-12-15 10:00:29,2025-12-15 10:34:15,33.8,,공통
b180_mixed_ps_sub_r1,GA,54,BLK_54C,2,베이35A 론지취부,6,2025-12-15 10:34:15,2025-12-15 11:29:45,55.5,35A,베이35A
b180_mixed_ps_sub_r1,GA,54,BLK_54C,2,베이35A 론지용접,7,2025-12-15 11:29:45,2025-12-15 11:50:33,20.8,35A,베이35A
b180_mixed_ps_sub_r1,GA,54,BLK_54C,2,베이35A 수정,8,2025-12-15 11:50:33,2025-12-15 12:24:09,33.6,35A,베이35A
b180_mixed_ps_sub_r1,GA,58,BLK_58C,3,판계,1,2025-12-15 08:45:00,2025-12-15 09:15:00,30.0,,공통
b180_mixed_ps_sub_r1,GA,58,BLK_58C,3,전면SAW,2,2025-12-15 09:25:28,2025-12-15 10:08:06,42.6,,공통
b180_mixed_ps_sub_r1,GA,58,BLK_58C,3,TurnOver,3,2025-12-15 10:08:06,2025-12-15 10:20:06,12.0,,공통
b180_mixed_ps_sub_r1,GA,58,BLK_58C,3,후면SAW,4,2025-12-15 10:20:06,2025-12-15 10:55:04,35.0,,공통
b180_mixed_ps_sub_r1,GA,58,BLK_58C,3,NC,5,2025-12-15 10:55:04,2025-12-15 11:46:20,51.3,,공통
b180_mixed_ps_sub_r1,GA,58,BLK_58C,3,베이36B 론지취부,6,2025-12-15 11:46:20,2025-12-15 13:06:20,80.0,36B,베이36B
b180_mixed_ps_sub_r1,GA,58,BLK_58C,3,베이36B 론지용접,7,2025-12-15 13:06:20,2025-12-15 13:31:20,25.0,36B,베이36B
b180_mixed_ps_sub_r1,GA,58,BLK_58C,3,베이36B 수정,8,2025-12-15 13:31:20,2025-12-15 14:20:20,49.0,36B,베이36B
b180_mixed_ps_sub_r1,GA,67,BLK_67C,4,판계,1,2025-12-15 09:15:00,2025-12-15 09:35:00,20.0,,공통
b180_mixed_ps_sub_r1,GA,67,BLK_67C,4,전면SAW,2,2025-12-15 10:08:06,2025-12-15 12:27:57,139.8,,공통
b180_mixed_ps_sub_r1,GA,67,BLK_67C,4,TurnOver,3,2025-12-15 12:27:57,2025-12-15 12:39:57,12.0,,공통
b180_mixed_ps_sub_r1,GA,67,BLK_67C,4,후면SAW,4,2025-12-15 12:39:57,2025-12-15 15:05:01,145.1,,공통
b180_mixed_ps_sub_r1,GA,67,BLK_67C,4,NC,5,2025-12-15 15:05:01,2025-12-15 15:35:43,30.7,,공통
b180_mixed_ps_sub_r1,GA,67,BLK_67C,4,베이35A 론지취부,6,2025-12-15 15:35:43,2025-12-15 16:38:13,62.5,35A,베이35A
b180_mixed_ps_sub_r1,GA,67,BLK_67C,4,베이35A 론지용접,7,2025-12-15 16:38:13,2025-12-15 17:00:13,22.0,35A,베이35A
b180_mixed_ps_sub_r1,GA,67,BLK_67C,4,베이35A 수정,8,2025-12-15 17:00:13,2025-12-15 17:38:13,38.0,35A,베이35A
b180_mixed_ps_sub_r1,GA,69,BLK_69C,5,판계,1,2025-12-15 09:35:00,2025-12-15 10:00:00,25.0,,공통
b180_mixed_ps_sub_r1,GA,69,BLK_69C,5,전면SAW,2,2025-12-15 12:27:57,2025-12-15 13:11:12,43.2,,공통
b180_mixed_ps_sub_r1,GA,69,BLK_69C,5,TurnOver,3,2025-12-15 13:11:12,2025-12-15 13:23:12,12.0,,공통
b180_mixed_ps_sub_r1,GA,69,BLK_69C,5,후면SAW,4,2025-12-15 15:05:01,2025-12-15 15:40:48,35.8,,공통
b180_mixed_ps_sub_r1,GA,69,BLK_69C,5,NC,5,2025-12-15 15:40:48,2025-12-15 16:18:04,37.3,,공통
b180_mixed_ps_sub_r1,GA,69,BLK_69C,5,베이36B 론지취부,6,2025-12-15 16:18:04,2025-12-15 17:10:04,52.0,36B,베이36B
b180_mixed_ps_sub_r1,GA,69,BLK_69C,5,베이36B 론지용접,7,2025-12-15 17:10:04,2025-12-15 17:30:16,20.2,36B,베이36B
b180_mixed_ps_sub_r1,GA,69,BLK_69C,5,베이36B 수정,8,2025-12-15 17:30:16,2025-12-15 18:01:40,31.4,36B,베이36B
b180_mixed_ps_sub_r1,GA,78,BLK_78S,6,판계,1,2025-12-15 10:00:00,2025-12-15 10:35:00,35.0,,공통
b180_mixed_ps_sub_r1,GA,78,BLK_78S,6,전면SAW,2,2025-12-15 13:11:12,2025-12-15 15:33:54,142.7,,공통
b180_mixed_ps_sub_r1,GA,78,BLK_78S,6,TurnOver,3,2025-12-15 15:33:54,2025-12-15 15:45:54,12.0,,공통
b180_mixed_ps_sub_r1,GA,78,BLK_78S,6,후면SAW,4,2025-12-15 15:45:54,2025-12-15 17:30:10,104.3,,공통
b180_mixed_ps_sub_r1,GA,78,BLK_78S,6,NC,5,2025-12-15 17:30:10,2025-12-15 18:09:18,39.1,,공통
b180_mixed_ps_sub_r1,GA,78,BLK_78S,6,베이35A 론지취부,6,2025-12-15 18:09:18,2025-12-15 19:04:48,55.5,35A,베이35A
b180_mixed_ps_sub_r1,GA,78,BLK_78S,6,베이35A 론지용접,7,2025-12-15 19:04:48,2025-12-15 19:25:36,20.8,35A,베이35A
b180_mixed_ps_sub_r1,GA,78,BLK_78S,6,베이35A 수정,8,2025-12-15 19:25:36,2025-12-15 19:59:12,33.6,35A,베이35A
b180_mixed_ps_sub_r1,GA,88,BLK_88C,7,판계,1,2025-12-15 10:35:00,2025-12-15 11:00:00,25.0,,공통
b180_mixed_ps_sub_r1,GA,88,BLK_88C,7,전면SAW,2,2025-12-15 15:33:54,2025-12-15 16:07:19,33.4,,공통
b180_mixed_ps_sub_r1,GA,88,BLK_88C,7,TurnOver,3,2025-12-15 16:07:19,2025-12-15 16:19:19,12.0,,공통
b180_mixed_ps_sub_r1,GA,88,BLK_88C,7,후면SAW,4,2025-12-15 17:30:10,2025-12-15 17:53:01,22.9,,공통
b180_mixed_ps_sub_r1,GA,88,BLK_88C,7,NC,5,2025-12-15 18:09:18,2025-12-15 18:43:19,34.0,,공통
b180_mixed_ps_sub_r1,GA,88,BLK_88C,7,베이36B 론지취부,6,2025-12-15 18:43:19,2025-12-15 19:35:19,52.0,36B,베이36B
b180_mixed_ps_sub_r1,GA,88,BLK_88C,7,베이36B 론지용접,7,2025-12-15 19:35:19,2025-12-15 19:55:31,20.2,36B,베이36B
b180_mixed_ps_sub_r1,GA,88,BLK_88C,7,베이36B 수정,8,2025-12-15 19:55:31,2025-12-15 20:26:55,31.4,36B,베이36B
b180_mixed_ps_sub_r1,GA,98,BLK_98C,8,판계,1,2025-12-15 11:00:00,2025-12-15 11:40:00,40.0,,공통
b180_mixed_ps_sub_r1,GA,98,BLK_98C,8,전면SAW,2,2025-12-15 16:07:19,2025-12-15 17:39:33,92.2,,공통
b180_mixed_ps_sub_r1,GA,98,BLK_98C,8,TurnOver,3,2025-12-15 17:39:33,2025-12-15 17:51:33,12.0,,공통
b180_mixed_ps_sub_r1,GA,98,BLK_98C,8,후면SAW,4,2025-12-15 17:53:01,2025-12-15 18:56:55,63.9,,공통
b180_mixed_ps_sub_r1,GA,98,BLK_98C,8,NC,5,2025-12-15 18:56:55,2025-12-15 19:38:58,42.0,,공통
b180_mixed_ps_sub_r1,GA,98,BLK_98C,8,베이35A 론지취부,6,2025-12-15 19:38:58,2025-12-15 20:27:28,48.5,35A,베이35A
b180_mixed_ps_sub_r1,GA,98,BLK_98C,8,베이35A 론지용접,7,2025-12-15 20:27:28,2025-12-15 20:47:04,19.6,35A,베이35A
b180_mixed_ps_sub_r1,GA,98,BLK_98C,8,베이35A 수정,8,2025-12-15 20:47:04,2025-12-15 21:16:16,29.2,35A,베이35A
b180_mixed_ps_sub_r1,GA,109,BLK_109C,9,판계,1,2025-12-15 11:40:00,2025-12-15 12:10:00,30.0,,공통
b180_mixed_ps_sub_r1,GA,109,BLK_109C,9,전면SAW,2,2025-12-15 17:39:33,2025-12-15 20:15:25,155.9,,공통
b180_mixed_ps_sub_r1,GA,109,BLK_109C,9,TurnOver,3,2025-12-15 20:15:25,2025-12-15 20:27:25,12.0,,공통
b180_mixed_ps_sub_r1,GA,109,BLK_109C,9,후면SAW,4,2025-12-15 20:27:25,2025-12-15 22:22:13,114.8,,공통
b180_mixed_ps_sub_r1,GA,109,BLK_109C,9,NC,5,2025-12-15 22:22:13,2025-12-15 23:22:42,60.5,,공통
b180_mixed_ps_sub_r1,GA,109,BLK_109C,9,베이36B 론지취부,6,2025-12-15 23:22:42,2025-12-16 00:42:42,80.0,36B,베이36B
b180_mixed_ps_sub_r1,GA,109,BLK_109C,9,베이36B 론지용접,7,2025-12-16 00:42:42,2025-12-16 01:07:42,25.0,36B,베이36B
b180_mixed_ps_sub_r1,GA,109,BLK_109C,9,베이36B 수정,8,2025-12-16 01:07:42,2025-12-16 01:56:42,49.0,36B,베이36B
b180_mixed_ps_sub_r1,GA,118,BLK_118S,10,판계,1,2025-12-15 12:10:00,2025-12-15 12:40:00,30.0,,공통
b180_mixed_ps_sub_r1,GA,118,BLK_118S,10,전면SAW,2,2025-12-15 20:15:25,2025-12-15 20:45:48,30.4,,공통
b180_mixed_ps_sub_r1,GA,118,BLK_118S,10,TurnOver,3,2025-12-15 20:45:48,2025-12-15 20:57:48,12.0,,공통
b180_mixed_ps_sub_r1,GA,118,BLK_118S,10,후면SAW,4,2025-12-15 22:22:13,2025-12-15 22:41:05,18.9,,공통
b180_mixed_ps_sub_r1,GA,118,BLK_118S,10,NC,5,2025-12-15 23:22:42,2025-12-16 00:03:27,40.8,,공통
b180_mixed_ps_sub_r1,GA,118,BLK_118S,10,베이35A 론지취부,6,2025-12-16 00:03:27,2025-12-16 01:16:27,73.0,35A,베이35A
b180_mixed_ps_sub_r1,GA,118,BLK_118S,10,베이35A 론지용접,7,2025-12-16 01:16:27,2025-12-16 01:40:15,23.8,35A,베이35A
b180_mixed_ps_sub_r1,GA,118,BLK_118S,10,베이35A 수정,8,2025-12-16 01:40:15,2025-12-16 02:24:51,44.6,35A,베이35A
b180_mixed_ps_sub_r1,GA,170,BLK_34S,11,판계,1,2025-12-15 12:40:00,2025-12-15 13:05:00,25.0,,공통
b180_mixed_ps_sub_r1,GA,170,BLK_34S,11,전면SAW,2,2025-12-15 20:45:48,2025-12-15 21:17:25,31.6,,공통
b180_mixed_ps_sub_r1,GA,170,BLK_34S,11,TurnOver,3,2025-12-15 21:17:25,2025-12-15 21:29:25,12.0,,공통
b180_mixed_ps_sub_r1,GA,170,BLK_34S,11,후면SAW,4,2025-12-15 22:41:05,2025-12-15 23:01:33,20.5,,공통
b180_mixed_ps_sub_r1,GA,170,BLK_34S,11,NC,5,2025-12-16 00:03:27,2025-12-16 00:37:07,33.7,,공통
b180_mixed_ps_sub_r1,GA,170,BLK_34S,11,베이36B 론지취부,6,2025-12-16 00:42:42,2025-12-16 01:45:12,62.5,36B,베이36B
b180_mixed_ps_sub_r1,GA,170,BLK_34S,11,베이36B 론지용접,7,2025-12-16 01:45:12,2025-12-16 02:07:12,22.0,36B,베이36B
b180_mixed_ps_sub_r1,GA,170,BLK_34S,11,베이36B 수정,8,2025-12-16 02:07:12,2025-12-16 02:45:12,38.0,36B,베이36B
b180_mixed_ps_sub_r1,GA,8,BLK_8C,12,판계,1,2025-12-15 13:05:00,2025-12-15 13:30:00,25.0,,공통
b180_mixed_ps_sub_r1,GA,8,BLK_8C,12,전면SAW,2,2025-12-15 21:17:25,2025-12-15 21:48:46,31.4,,공통
b180_mixed_ps_sub_r1,GA,8,BLK_8C,12,TurnOver,3,2025-12-15 21:48:46,2025-12-15 22:00:46,12.0,,공통
b180_mixed_ps_sub_r1,GA,8,BLK_8C,12,후면SAW,4,2025-12-15 23:01:33,2025-12-15 23:21:40,20.1,,공통
b180_mixed_ps_sub_r1,GA,8,BLK_8C,12,NC,5,2025-12-16 00:37:07,2025-12-16 01:12:39,35.5,,공통
b180_mixed_ps_sub_r1,GA,8,BLK_8C,12,베이35A 론지취부,6,2025-12-16 01:16:27,2025-12-16 02:15:27,59.0,35A,베이35A
b180_mixed_ps_sub_r1,GA,8,BLK_8C,12,베이35A 론지용접,7,2025-12-16 02:15:27,2025-12-16 02:36:51,21.4,35A,베이35A
b180_mixed_ps_sub_r1,GA,8,BLK_8C,12,베이35A 수정,8,2025-12-16 02:36:51,2025-12-16 03:12:39,35.8,35A,베이35A
b180_mixed_ps_sub_r1,GA,39,BLK_39P,13,판계,1,2025-12-15 13:30:00,2025-12-15 13:57:00,27.0,,공통
b180_mixed_ps_sub_r1,GA,39,BLK_39P,13,전면SAW,2,2025-12-15 21:48:46,2025-12-16 00:58:46,190.0,,공통
b180_mixed_ps_sub_r1,GA,39,BLK_39P,13,TurnOver,3,2025-12-16 00:58:46,2025-12-16 01:10:46,12.0,,공통
b180_mixed_ps_sub_r1,GA,39,BLK_39P,13,후면SAW,4,2025-12-16 01:10:46,2025-12-16 03:42:57,152.2,,공통
b180_mixed_ps_sub_r1,GA,39,BLK_39P,13,NC,5,2025-12-16 03:42:57,2025-12-16 04:21:19,38.4,,공통
b180_mixed_ps_sub_r1,GA,39,BLK_39P,13,베이36B 론지취부,6,2025-12-16 04:21:19,2025-12-16 05:16:49,55.5,36B,베이36B
b180_mixed_ps_sub_r1,GA,39,BLK_39P,13,베이36B 론지용접,7,2025-12-16 05:16:49,2025-12-16 05:37:37,20.8,36B,베이36B
b180_mixed_ps_sub_r1,GA,39,BLK_39P,13,베이36B 수정,8,2025-12-16 05:37:37,2025-12-16 06:11:13,33.6,36B,베이36B
b180_mixed_ps_sub_r1,GA,12,BLK_12P,14,판계,1,2025-12-15 13:57:00,2025-12-15 14:22:00,25.0,,공통
b180_mixed_ps_sub_r1,GA,12,BLK_12P,14,전면SAW,2,2025-12-16 00:58:46,2025-12-16 01:33:36,34.8,,공통
b180_mixed_ps_sub_r1,GA,12,BLK_12P,14,TurnOver,3,2025-12-16 01:33:36,2025-12-16 01:45:36,12.0,,공통
b180_mixed_ps_sub_r1,GA,12,BLK_12P,14,후면SAW,4,2025-12-16 03:42:57,2025-12-16 04:07:40,24.7,,공통
b180_mixed_ps_sub_r1,GA,12,BLK_12P,14,NC,5,2025-12-16 04:21:19,2025-12-16 04:58:30,37.2,,공통
b180_mixed_ps_sub_r1,GA,12,BLK_12P,14,베이35A 론지취부,6,2025-12-16 04:58:30,2025-12-16 06:11:30,73.0,35A,베이35A
b180_mixed_ps_sub_r1,GA,12,BLK_12P,14,베이35A 론지용접,7,2025-12-16 06:11:30,2025-12-16 06:35:18,23.8,35A,베이35A
b180_mixed_ps_sub_r1,GA,12,BLK_12P,14,베이35A 수정,8,2025-12-16 06:35:18,2025-12-16 07:19:54,44.6,35A,베이35A
b180_mixed_ps_sub_r1,GA,16,BLK_16C,15,판계,1,2025-12-15 14:22:00,2025-12-15 15:02:00,40.0,,공통
b180_mixed_ps_sub_r1,GA,16,BLK_16C,15,전면SAW,2,2025-12-16 01:33:36,2025-12-16 04:08:44,155.1,,공통
b180_mixed_ps_sub_r1,GA,16,BLK_16C,15,TurnOver,3,2025-12-16 04:08:44,2025-12-16 04:20:44,12.0,,공통
b180_mixed_ps_sub_r1,GA,16,BLK_16C,15,후면SAW,4,2025-12-16 04:20:44,2025-12-16 06:14:57,114.2,,공통
b180_mixed_ps_sub_r1,GA,16,BLK_16C,15,NC,5,2025-12-16 06:14:57,2025-12-16 06:59:51,44.9,,공통
b180_mixed_ps_sub_r1,GA,16,BLK_16C,15,베이36B 론지취부,6,2025-12-16 06:59:51,2025-12-16 08:09:21,69.5,36B,베이36B
b180_mixed_ps_sub_r1,GA,16,BLK_16C,15,베이36B 론지용접,7,2025-12-16 08:09:21,2025-12-16 08:32:33,23.2,36B,베이36B
b180_mixed_ps_sub_r1,GA,16,BLK_16C,15,베이36B 수정,8,2025-12-16 08:32:33,2025-12-16 09:14:57,42.4,36B,베이36B
b180_mixed_ps_sub_r1,GA,46,BLK_46C,16,판계,1,2025-12-15 15:02:00,2025-12-15 15:32:00,30.0,,공통
b180_mixed_ps_sub_r1,GA,46,BLK_46C,16,전면SAW,2,2025-12-16 04:08:44,2025-12-16 04:38:20,29.6,,공통
b180_mixed_ps_sub_r1,GA,46,BLK_46C,16,TurnOver,3,2025-12-16 04:38:20,2025-12-16 04:50:20,12.0,,공통
b180_mixed_ps_sub_r1,GA,46,BLK_46C,16,후면SAW,4,2025-12-16 06:14:57,2025-12-16 06:32:47,17.8,,공통
b180_mixed_ps_sub_r1,GA,46,BLK_46C,16,NC,5,2025-12-16 06:59:51,2025-12-16 07:39:07,39.3,,공통
b180_mixed_ps_sub_r1,GA,46,BLK_46C,16,베이35A 론지취부,6,2025-12-16 07:39:07,2025-12-16 08:41:37,62.5,35A,베이35A
b180_mixed_ps_sub_r1,GA,46,BLK_46C,16,베이35A 론지용접,7,2025-12-16 08:41:37,2025-12-16 09:03:37,22.0,35A,베이35A
b180_mixed_ps_sub_r1,GA,46,BLK_46C,16,베이35A 수정,8,2025-12-16 09:03:37,2025-12-16 09:41:37,38.0,35A,베이35A
b180_mixed_ps_sub_r1,GA,20,BLK_20S,17,판계,1,2025-12-15 15:32:00,2025-12-15 16:10:00,38.0,,공통
b180_mixed_ps_sub_r1,GA,20,BLK_20S,17,전면SAW,2,2025-12-16 04:38:20,2025-12-16 06:37:48,119.5,,공통
b180_mixed_ps_sub_r1,GA,20,BLK_20S,17,TurnOver,3,2025-12-16 06:37:48,2025-12-16 06:49:48,12.0,,공통
b180_mixed_ps_sub_r1,GA,20,BLK_20S,17,후면SAW,4,2025-12-16 06:49:48,2025-12-16 08:51:05,121.3,,공통
b180_mixed_ps_sub_r1,GA,20,BLK_20S,17,NC,5,2025-12-16 08:51:05,2025-12-16 09:37:40,46.6,,공통
b180_mixed_ps_sub_r1,GA,20,BLK_20S,17,베이36B 론지취부,6,2025-12-16 09:37:40,2025-12-16 10:47:10,69.5,36B,베이36B
b180_mixed_ps_sub_r1,GA,20,BLK_20S,17,베이36B 론지용접,7,2025-12-16 10:47:10,2025-12-16 11:10:22,23.2,36B,베이36B
b180_mixed_ps_sub_r1,GA,20,BLK_20S,17,베이36B 수정,8,2025-12-16 11:10:22,2025-12-16 11:52:46,42.4,36B,베이36B
b180_mixed_ps_sub_r1,GA,27,BLK_27S,18,판계,1,2025-12-15 16:10:00,2025-12-15 16:40:00,30.0,,공통
b180_mixed_ps_sub_r1,GA,27,BLK_27S,18,전면SAW,2,2025-12-16 06:37:48,2025-12-16 07:08:21,30.6,,공통
b180_mixed_ps_sub_r1,GA,27,BLK_27S,18,TurnOver,3,2025-12-16 07:08:21,2025-12-16 07:20:21,12.0,,공통
b180_mixed_ps_sub_r1,GA,27,BLK_27S,18,후면SAW,4,2025-12-16 08:51:05,2025-12-16 09:10:10,19.1,,공통
b180_mixed_ps_sub_r1,GA,27,BLK_27S,18,NC,5,2025-12-16 09:37:40,2025-12-16 10:19:43,42.0,,공통
b180_mixed_ps_sub_r1,GA,27,BLK_27S,18,베이35A 론지취부,6,2025-12-16 10:19:43,2025-12-16 11:29:13,69.5,35A,베이35A
b180_mixed_ps_sub_r1,GA,27,BLK_27S,18,베이35A 론지용접,7,2025-12-16 11:29:13,2025-12-16 11:52:25,23.2,35A,베이35A
b180_mixed_ps_sub_r1,GA,27,BLK_27S,18,베이35A 수정,8,2025-12-16 11:52:25,2025-12-16 12:34:49,42.4,35A,베이35A
b180_mixed_ps_sub_r1,GA,4,BLK_4C,19,판계,1,2025-12-15 16:40:00,2025-12-15 16:52:00,12.0,,공통
b180_mixed_ps_sub_r1,GA,4,BLK_4C,19,전면SAW,2,2025-12-16 07:08:21,2025-12-16 07:54:51,46.5,,공통
b180_mixed_ps_sub_r1,GA,4,BLK_4C,19,TurnOver,3,2025-12-16 07:54:51,2025-12-16 08:06:51,12.0,,공통
b180_mixed_ps_sub_r1,GA,4,BLK_4C,19,후면SAW,4,2025-12-16 09:10:10,2025-12-16 09:50:14,40.1,,공통
b180_mixed_ps_sub_r1,GA,4,BLK_4C,19,NC,5,2025-12-16 10:19:43,2025-12-16 10:40:58,21.2,,공통
b180_mixed_ps_sub_r1,GA,4,BLK_4C,19,베이36B 론지취부,6,2025-12-16 10:47:10,2025-12-16 11:32:10,45.0,36B,베이36B
b180_mixed_ps_sub_r1,GA,4,BLK_4C,19,베이36B 론지용접,7,2025-12-16 11:32:10,2025-12-16 11:47:10,15.0,36B,베이36B
b180_mixed_ps_sub_r1,GA,4,BLK_4C,19,베이36B 수정,8,2025-12-16 11:52:46,2025-12-16 12:19:46,27.0,36B,베이36B
b180_mixed_ps_sub_r1,GA,47,BLK_47S,20,판계,1,2025-12-15 16:52:00,2025-12-15 17:12:00,20.0,,공통
b180_mixed_ps_sub_r1,GA,47,BLK_47S,20,전면SAW,2,2025-12-16 07:54:51,2025-12-16 10:03:54,129.1,,공통
b180_mixed_ps_sub_r1,GA,47,BLK_47S,20,TurnOver,3,2025-12-16 10:03:54,2025-12-16 10:15:54,12.0,,공통
b180_mixed_ps_sub_r1,GA,47,BLK_47S,20,후면SAW,4,2025-12-16 10:15:54,2025-12-16 12:01:20,105.4,,공통
b180_mixed_ps_sub_r1,GA,47,BLK_47S,20,NC,5,2025-12-16 12:01:20,2025-12-16 12:27:25,26.1,,공통
b180_mixed_ps_sub_r1,GA,47,BLK_47S,20,베이35A 론지취부,6,2025-12-16 12:27:25,2025-12-16 12:54:55,27.5,35A,베이35A
b180_mixed_ps_sub_r1,GA,47,BLK_47S,20,베이35A 론지용접,7,2025-12-16 12:54:55,2025-12-16 13:06:55,12.0,35A,베이35A
b180_mixed_ps_sub_r1,GA,47,BLK_47S,20,베이35A 수정,8,2025-12-16 13:06:55,2025-12-16 13:22:55,16.0,35A,베이35A
b180_mixed_ps_sub_r1,GA,68,BLK_68C,21,판계,1,2025-12-15 17:12:00,2025-12-15 17:42:00,30.0,,공통
b180_mixed_ps_sub_r1,GA,68,BLK_68C,21,전면SAW,2,2025-12-16 10:03:54,2025-12-16 10:35:40,31.8,,공통
b180_mixed_ps_sub_r1,GA,68,BLK_68C,21,TurnOver,3,2025-12-16 10:35:40,2025-12-16 10:47:40,12.0,,공통
b180_mixed_ps_sub_r1,GA,68,BLK_68C,21,후면SAW,4,2025-12-16 12:01:20,2025-12-16 12:22:00,20.7,,공통
b180_mixed_ps_sub_r1,GA,68,BLK_68C,21,NC,5,2025-12-16 12:27:25,2025-12-16 13:10:19,42.9,,공통
b180_mixed_ps_sub_r1,GA,68,BLK_68C,21,베이36B 론지취부,6,2025-12-16 13:10:19,2025-12-16 14:19:49,69.5,36B,베이36B
b180_mixed_ps_sub_r1,GA,68,BLK_68C,21,베이36B 론지용접,7,2025-12-16 14:19:49,2025-12-16 14:43:01,23.2,36B,베이36B
b180_mixed_ps_sub_r1,GA,68,BLK_68C,21,베이36B 수정,8,2025-12-16 14:43:01,2025-12-16 15:25:25,42.4,36B,베이36B
b180_mixed_ps_sub_r1,GA,77,BLK_77S,1,판계,1,2025-12-16 08:00:00,2025-12-16 08:20:00,20.0,,공통
b180_mixed_ps_sub_r1,GA,77,BLK_77S,1,전면SAW,2,2025-12-16 10:35:40,2025-12-16 11:17:40,42.0,,공통
b180_mixed_ps_sub_r1,GA,77,BLK_77S,1,TurnOver,3,2025-12-16 11:17:40,2025-12-16 11:29:40,12.0,,공통
b180_mixed_ps_sub_r1,GA,77,BLK_77S,1,후면SAW,4,2025-12-16 12:22:00,2025-12-16 12:56:09,34.1,,공통
b180_mixed_ps_sub_r1,GA,77,BLK_77S,1,NC,5,2025-12-16 13:10:19,2025-12-16 13:37:10,26.9,,공통
b180_mixed_ps_sub_r1,GA,77,BLK_77S,1,베이35A 론지취부,6,2025-12-16 13:37:10,2025-12-16 14:18:40,41.5,35A,베이35A
b180_mixed_ps_sub_r1,GA,77,BLK_77S,1,베이35A 론지용접,7,2025-12-16 14:18:40,2025-12-16 14:37:04,18.4,35A,베이35A
b180_mixed_ps_sub_r1,GA,77,BLK_77S,1,베이35A 수정,8,2025-12-16 14:37:04,2025-12-16 15:01:52,24.8,35A,베이35A
b180_mixed_ps_sub_r1,GA,87,BLK_87P,2,판계,1,2025-12-16 08:20:00,2025-12-16 08:55:00,35.0,,공통
b180_mixed_ps_sub_r1,GA,87,BLK_87P,2,전면SAW,2,2025-12-16 11:17:40,2025-12-16 13:46:23,148.7,,공통
b180_mixed_ps_sub_r1,GA,87,BLK_87P,2,TurnOver,3,2025-12-16 13:46:23,2025-12-16 13:58:23,12.0,,공통
b180_mixed_ps_sub_r1,GA,87,BLK_87P,2,후면SAW,4,2025-12-16 13:58:23,2025-12-16 15:45:03,106.7,,공통
b180_mixed_ps_sub_r1,GA,87,BLK_87P,2,NC,5,2025-12-16 15:45:03,2025-12-16 16:28:00,42.9,,공통
b180_mixed_ps_sub_r1,GA,87,BLK_87P,2,베이36B 론지취부,6,2025-12-16 16:28:00,2025-12-16 16:55:30,27.5,36B,베이36B
b180_mixed_ps_sub_r1,GA,87,BLK_87P,2,베이36B 론지용접,7,2025-12-16 16:55:30,2025-12-16 17:11:30,16.0,36B,베이36B
b180_mixed_ps_sub_r1,GA,87,BLK_87P,2,베이36B 수정,8,2025-12-16 17:11:30,2025-12-16 17:27:30,16.0,36B,베이36B
b180_mixed_ps_sub_r1,GA,167,BLK_87S,3,판계,1,2025-12-16 08:55:00,2025-12-16 09:30:00,35.0,,공통
b180_mixed_ps_sub_r1,GA,167,BLK_87S,3,전면SAW,2,2025-12-16 13:46:23,2025-12-16 16:15:06,148.7,,공통
b180_mixed_ps_sub_r1,GA,167,BLK_87S,3,TurnOver,3,2025-12-16 16:15:06,2025-12-16 16:27:06,12.0,,공통
b180_mixed_ps_sub_r1,GA,167,BLK_87S,3,후면SAW,4,2025-12-16 16:27:06,2025-12-16 18:13:46,106.7,,공통
b180_mixed_ps_sub_r1,GA,167,BLK_87S,3,NC,5,2025-12-16 18:13:46,2025-12-16 18:56:43,42.9,,공통
b180_mixed_ps_sub_r1,GA,167,BLK_87S,3,베이36B 론지취부,6,2025-12-16 18:56:43,2025-12-16 19:24:13,27.5,36B,베이36B
b180_mixed_ps_sub_r1,GA,167,BLK_87S,3,베이36B 론지용접,7,2025-12-16 19:24:13,2025-12-16 19:40:13,16.0,36B,베이36B
b180_mixed_ps_sub_r1,GA,167,BLK_87S,3,베이36B 수정,8,2025-12-16 19:40:13,2025-12-16 19:56:13,16.0,36B,베이36B
b180_mixed_ps_sub_r1,GA,24,BLK_24P,4,판계,1,2025-12-16 09:30:00,2025-12-16 09:42:00,12.0,,공통
b180_mixed_ps_sub_r1,GA,24,BLK_24P,4,전면SAW,2,2025-12-16 16:15:06,2025-12-16 17:14:11,59.1,,공통
b180_mixed_ps_sub_r1,GA,24,BLK_24P,4,TurnOver,3,2025-12-16 17:14:11,2025-12-16 17:26:11,12.0,,공통
b180_mixed_ps_sub_r1,GA,24,BLK_24P,4,후면SAW,4,2025-12-16 18:13:46,2025-12-16 19:10:24,56.6,,공통
b180_mixed_ps_sub_r1,GA,24,BLK_24P,4,NC,5,2025-12-16 19:10:24,2025-12-16 19:30:58,20.6,,공통
b180_mixed_ps_sub_r1,GA,24,BLK_24P,4,베이35A 론지취부,6,2025-12-16 19:30:58,2025-12-16 20:05:28,34.5,35A,베이35A
b180_mixed_ps_sub_r1,GA,24,BLK_24P,4,베이35A 론지용접,7,2025-12-16 20:05:28,2025-12-16 20:18:40,13.2,35A,베이35A
b180_mixed_ps_sub_r1,GA,24,BLK_24P,4,베이35A 수정,8,2025-12-16 20:18:40,2025-12-16 20:39:04,20.4,35A,베이35A
b180_mixed_ps_sub_r1,GA,28,BLK_28S,5,판계,1,2025-12-16 09:42:00,2025-12-16 10:12:00,30.0,,공통
b180_mixed_ps_sub_r1,GA,28,BLK_28S,5,전면SAW,2,2025-12-16 17:14:11,2025-12-16 18:52:28,98.3,,공통
b180_mixed_ps_sub_r1,GA,28,BLK_28S,5,TurnOver,3,2025-12-16 18:52:28,2025-12-16 19:04:28,12.0,,공통
b180_mixed_ps_sub_r1,GA,28,BLK_28S,5,후면SAW,4,2025-12-16 19:10:24,2025-12-16 20:27:46,77.4,,공통
b180_mixed_ps_sub_r1,GA,28,BLK_28S,5,NC,5,2025-12-16 20:27:46,2025-12-16 21:21:31,53.7,,공통
b180_mixed_ps_sub_r1,GA,28,BLK_28S,5,베이36B 론지취부,6,2025-12-16 21:21:31,2025-12-16 22:41:31,80.0,36B,베이36B
b180_mixed_ps_sub_r1,GA,28,BLK_28S,5,베이36B 론지용접,7,2025-12-16 22:41:31,2025-12-16 23:06:31,25.0,36B,베이36B
b180_mixed_ps_sub_r1,GA,28,BLK_28S,5,베이36B 수정,8,2025-12-16 23:06:31,2025-12-16 23:55:31,49.0,36B,베이36B
b180_mixed_ps_sub_r1,GA,31,BLK_31P,6,판계,1,2025-12-16 10:12:00,2025-12-16 10:32:00,20.0,,공통
b180_mixed_ps_sub_r1,GA,31,BLK_31P,6,전면SAW,2,2025-12-16 18:52:28,2025-12-16 19:25:25,33.0,,공통
b180_mixed_ps_sub_r1,GA,31,BLK_31P,6,TurnOver,3,2025-12-16 19:25:25,2025-12-16 19:37:25,12.0,,공통
b180_mixed_ps_sub_r1,GA,31,BLK_31P,6,후면SAW,4,2025-12-16 20:27:46,2025-12-16 20:50:00,22.2,,공통
b180_mixed_ps_sub_r1,GA,31,BLK_31P,6,NC,5,2025-12-16 21:21:31,2025-12-16 21:47:32,26.0,,공통
b180_mixed_ps_sub_r1,GA,31,BLK_31P,6,베이35A 론지취부,6,2025-12-16 21:47:32,2025-12-16 22:29:02,41.5,35A,베이35A
b180_mixed_ps_sub_r1,GA,31,BLK_31P,6,베이35A 론지용접,7,2025-12-16 22:29:02,2025-12-16 22:43:26,14.4,35A,베이35A
b180_mixed_ps_sub_r1,GA,31,BLK_31P,6,베이35A 수정,8,2025-12-16 22:43:26,2025-12-16 23:08:14,24.8,35A,베이35A
b180_mixed_ps_sub_r1,GA,32,BLK_32C,7,판계,1,2025-12-16 10:32:00,2025-12-16 10:52:00,20.0,,공통
b180_mixed_ps_sub_r1,GA,32,BLK_32C,7,전면SAW,2,2025-12-16 19:25:25,2025-12-16 20:26:46,61.4,,공통
b180_mixed_ps_sub_r1,GA,32,BLK_32C,7,TurnOver,3,2025-12-16 20:26:46,2025-12-16 20:38:46,12.0,,공통
b180_mixed_ps_sub_r1,GA,32,BLK_32C,7,후면SAW,4,2025-12-16 20:50:00,2025-12-16 21:43:32,53.5,,공통
b180_mixed_ps_sub_r1,GA,32,BLK_32C,7,NC,5,2025-12-16 21:47:32,2025-12-16 22:11:31,24.0,,공통
b180_mixed_ps_sub_r1,GA,32,BLK_32C,7,베이36B 론지취부,6,2025-12-16 22:41:31,2025-12-16 22:58:31,17.0,36B,베이36B
b180_mixed_ps_sub_r1,GA,32,BLK_32C,7,베이36B 론지용접,7,2025-12-16 23:06:31,2025-12-16 23:16:43,10.2,36B,베이36B
b180_mixed_ps_sub_r1,GA,32,BLK_32C,7,베이36B 수정,8,2025-12-16 23:55:31,2025-12-17 00:04:55,9.4,36B,베이36B
b180_mixed_ps_sub_r1,GA,35,BLK_35S,8,판계,1,2025-12-16 10:52:00,2025-12-16 11:22:00,30.0,,공통
b180_mixed_ps_sub_r1,GA,35,BLK_35S,8,전면SAW,2,2025-12-16 20:26:46,2025-12-16 21:08:41,41.9,,공통
b180_mixed_ps_sub_r1,GA,35,BLK_35S,8,TurnOver,3,2025-12-16 21:08:41,2025-12-16 21:20:41,12.0,,공통
b180_mixed_ps_sub_r1,GA,35,BLK_35S,8,후면SAW,4,2025-12-16 21:43:32,2025-12-16 22:17:34,34.0,,공통
b180_mixed_ps_sub_r1,GA,35,BLK_35S,8,NC,5,2025-12-16 22:17:34,2025-12-16 22:58:53,41.3,,공통
b180_mixed_ps_sub_r1,GA,35,BLK_35S,8,베이35A 론지취부,6,2025-12-16 22:58:53,2025-12-17 00:15:23,76.5,35A,베이35A
b180_mixed_ps_sub_r1,GA,35,BLK_35S,8,베이35A 론지용접,7,2025-12-17 00:15:23,2025-12-17 00:39:47,24.4,35A,베이35A
b180_mixed_ps_sub_r1,GA,35,BLK_35S,8,베이35A 수정,8,2025-12-17 00:39:47,2025-12-17 01:26:35,46.8,35A,베이35A
b180_mixed_ps_sub_r1,GA,36,BLK_36S,9,판계,1,2025-12-16 11:22:00,2025-12-16 11:34:00,12.0,,공통
b180_mixed_ps_sub_r1,GA,36,BLK_36S,9,전면SAW,2,2025-12-16 21:08:41,2025-12-16 21:53:50,45.1,,공통
b180_mixed_ps_sub_r1,GA,36,BLK_36S,9,TurnOver,3,2025-12-16 21:53:50,2025-12-16 22:05:50,12.0,,공통
b180_mixed_ps_sub_r1,GA,36,BLK_36S,9,후면SAW,4,2025-12-16 22:17:34,2025-12-16 22:55:52,38.3,,공통
b180_mixed_ps_sub_r1,GA,36,BLK_36S,9,NC,5,2025-12-16 22:58:53,2025-12-16 23:20:48,21.9,,공통
b180_mixed_ps_sub_r1,GA,36,BLK_36S,9,베이36B 론지취부,6,2025-12-16 23:20:48,2025-12-16 23:55:18,34.5,36B,베이36B
b180_mixed_ps_sub_r1,GA,36,BLK_36S,9,베이36B 론지용접,7,2025-12-16 23:55:18,2025-12-17 00:08:30,13.2,36B,베이36B
b180_mixed_ps_sub_r1,GA,36,BLK_36S,9,베이36B 수정,8,2025-12-17 00:08:30,2025-12-17 00:28:54,20.4,36B,베이36B
b180_mixed_ps_sub_r1,GA,43,BLK_43S,10,판계,1,2025-12-16 11:34:00,2025-12-16 12:04:00,30.0,,공통
b180_mixed_ps_sub_r1,GA,43,BLK_43S,10,전면SAW,2,2025-12-16 21:53:50,2025-12-16 22:27:12,33.4,,공통
b180_mixed_ps_sub_r1,GA,43,BLK_43S,10,TurnOver,3,2025-12-16 22:27:12,2025-12-16 22:39:12,12.0,,공통
b180_mixed_ps_sub_r1,GA,43,BLK_43S,10,후면SAW,4,2025-12-16 22:55:52,2025-12-16 23:18:39,22.8,,공통
b180_mixed_ps_sub_r1,GA,43,BLK_43S,10,NC,5,2025-12-16 23:20:48,2025-12-17 00:12:47,52.0,,공통
b180_mixed_ps_sub_r1,GA,43,BLK_43S,10,베이36B 론지취부,6,2025-12-17 00:12:47,2025-12-17 02:11:17,118.5,36B,베이36B
b180_mixed_ps_sub_r1,GA,43,BLK_43S,10,베이36B 론지용접,7,2025-12-17 02:11:17,2025-12-17 02:42:53,31.6,36B,베이36B
b180_mixed_ps_sub_r1,GA,43,BLK_43S,10,베이36B 수정,8,2025-12-17 02:42:53,2025-12-17 03:56:05,73.2,36B,베이36B
b180_mixed_ps_sub_r1,GA,44,BLK_44P,11,판계,1,2025-12-16 12:04:00,2025-12-16 12:44:00,40.0,,공통
b180_mixed_ps_sub_r1,GA,44,BLK_44P,11,전면SAW,2,2025-12-16 22:27:12,2025-12-17 01:37:12,190.0,,공통
b180_mixed_ps_sub_r1,GA,44,BLK_44P,11,TurnOver,3,2025-12-17 01:37:12,2025-12-17 01:49:12,12.0,,공통
b180_mixed_ps_sub_r1,GA,44,BLK_44P,11,후면SAW,4,2025-12-17 01:49:12,2025-12-17 04:18:14,149.0,,공통
b180_mixed_ps_sub_r1,GA,44,BLK_44P,11,NC,5,2025-12-17 04:18:14,2025-12-17 05:07:02,48.8,,공통
b180_mixed_ps_sub_r1,GA,44,BLK_44P,11,베이35A 론지취부,6,2025-12-17 05:07:02,2025-12-17 06:41:02,94.0,35A,베이35A
b180_mixed_ps_sub_r1,GA,44,BLK_44P,11,베이35A 론지용접,7,2025-12-17 06:41:02,2025-12-17 07:08:26,27.4,35A,베이35A
b180_mixed_ps_sub_r1,GA,44,BLK_44P,11,베이35A 수정,8,2025-12-17 07:08:26,2025-12-17 08:06:14,57.8,35A,베이35A
b180_mixed_ps_sub_r1,GA,48,BLK_48S,12,판계,1,2025-12-16 12:44:00,2025-12-16 13:09:00,25.0,,공통
b180_mixed_ps_sub_r1,GA,48,BLK_48S,12,전면SAW,2,2025-12-17 01:37:12,2025-12-17 02:03:49,26.6,,공통
b180_mixed_ps_sub_r1,GA,48,BLK_48S,12,TurnOver,3,2025-12-17 02:03:49,2025-12-17 02:15:49,12.0,,공통
b180_mixed_ps_sub_r1,GA,48,BLK_48S,12,후면SAW,4,2025-12-17 04:18:14,2025-12-17 04:32:09,13.9,,공통
b180_mixed_ps_sub_r1,GA,48,BLK_48S,12,NC,5,2025-12-17 05:07:02,2025-12-17 05:38:03,31.0,,공통
b180_mixed_ps_sub_r1,GA,48,BLK_48S,12,베이36B 론지취부,6,2025-12-17 05:38:03,2025-12-17 05:58:33,20.5,36B,베이36B
b180_mixed_ps_sub_r1,GA,48,BLK_48S,12,베이36B 론지용접,7,2025-12-17 05:58:33,2025-12-17 06:13:21,14.8,36B,베이36B
b180_mixed_ps_sub_r1,GA,48,BLK_48S,12,베이36B 수정,8,2025-12-17 06:13:21,2025-12-17 06:24:57,11.6,36B,베이36B
b180_mixed_ps_sub_r1,GA,51,BLK_51C,13,판계,1,2025-12-16 13:09:00,2025-12-16 13:39:00,30.0,,공통
b180_mixed_ps_sub_r1,GA,51,BLK_51C,13,전면SAW,2,2025-12-17 02:03:49,2025-12-17 02:30:30,26.7,,공통
b180_mixed_ps_sub_r1,GA,51,BLK_51C,13,TurnOver,3,2025-12-17 02:30:30,2025-12-17 02:42:30,12.0,,공통
b180_mixed_ps_sub_r1,GA,51,BLK_51C,13,후면SAW,4,2025-12-17 04:32:09,2025-12-17 04:46:07,14.0,,공통
b180_mixed_ps_sub_r1,GA,51,BLK_51C,13,NC,5,2025-12-17 05:38:03,2025-12-17 06:19:09,41.1,,공통
b180_mixed_ps_sub_r1,GA,51,BLK_51C,13,베이35A 론지취부,6,2025-12-17 06:41:02,2025-12-17 07:12:02,31.0,35A,베이35A
b180_mixed_ps_sub_r1,GA,51,BLK_51C,13,베이35A 론지용접,7,2025-12-17 07:12:02,2025-12-17 07:28:38,16.6,35A,베이35A
b180_mixed_ps_sub_r1,GA,51,BLK_51C,13,베이35A 수정,8,2025-12-17 08:06:14,2025-12-17 08:24:26,18.2,35A,베이35A
b180_mixed_ps_sub_r1,GA,143,BLK_143C,14,판계,1,2025-12-16 13:39:00,2025-12-16 14:19:00,40.0,,공통
b180_mixed_ps_sub_r1,GA,143,BLK_143C,14,전면SAW,2,2025-12-17 02:30:30,2025-12-17 04:52:52,142.4,,공통
b180_mixed_ps_sub_r1,GA,143,BLK_143C,14,TurnOver,3,2025-12-17 04:52:52,2025-12-17 05:04:52,12.0,,공통
b180_mixed_ps_sub_r1,GA,143,BLK_143C,14,후면SAW,4,2025-12-17 05:04:52,2025-12-17 06:48:54,104.0,,공통
b180_mixed_ps_sub_r1,GA,143,BLK_143C,14,NC,5,2025-12-17 06:48:54,2025-12-17 07:32:47,43.9,,공통
b180_mixed_ps_sub_r1,GA,143,BLK_143C,14,베이36B 론지취부,6,2025-12-17 07:32:47,2025-12-17 08:14:17,41.5,36B,베이36B
b180_mixed_ps_sub_r1,GA,143,BLK_143C,14,베이36B 론지용접,7,2025-12-17 08:14:17,2025-12-17 08:32:41,18.4,36B,베이36B
b180_mixed_ps_sub_r1,GA,143,BLK_143C,14,베이36B 수정,8,2025-12-17 08:32:41,2025-12-17 08:57:29,24.8,36B,베이36B
b180_mixed_ps_sub_r1,GA,163,BLK_79S,15,판계,1,2025-12-16 14:19:00,2025-12-16 14:49:00,30.0,,공통
b180_mixed_ps_sub_r1,GA,163,BLK_79S,15,전면SAW,2,2025-12-17 04:52:52,2025-12-17 05:29:06,36.2,,공통
b180_mixed_ps_sub_r1,GA,163,BLK_79S,15,TurnOver,3,2025-12-17 05:29:06,2025-12-17 05:41:06,12.0,,공통
b180_mixed_ps_sub_r1,GA,163,BLK_79S,15,후면SAW,4,2025-12-17 06:48:54,2025-12-17 07:15:27,26.6,,공통
b180_mixed_ps_sub_r1,GA,163,BLK_79S,15,NC,5,2025-12-17 07:32:47,2025-12-17 08:15:22,42.6,,공통
b180_mixed_ps_sub_r1,GA,163,BLK_79S,15,베이35A 론지취부,6,2025-12-17 08:15:22,2025-12-17 09:14:22,59.0,35A,베이35A
b180_mixed_ps_sub_r1,GA,163,BLK_79S,15,베이35A 론지용접,7,2025-12-17 09:14:22,2025-12-17 09:35:46,21.4,35A,베이35A
b180_mixed_ps_sub_r1,GA,163,BLK_79S,15,베이35A 수정,8,2025-12-17 09:35:46,2025-12-17 10:11:34,35.8,35A,베이35A
b180_mixed_ps_sub_r1,GA,56,BLK_56C,16,판계,1,2025-12-16 14:49:00,2025-12-16 15:09:00,20.0,,공통
b180_mixed_ps_sub_r1,GA,56,BLK_56C,16,전면SAW,2,2025-12-17 05:29:06,2025-12-17 06:09:42,40.6,,공통
b180_mixed_ps_sub_r1,GA,56,BLK_56C,16,TurnOver,3,2025-12-17 06:09:42,2025-12-17 06:21:42,12.0,,공통
b180_mixed_ps_sub_r1,GA,56,BLK_56C,16,후면SAW,4,2025-12-17 07:15:27,2025-12-17 07:47:45,32.3,,공통
b180_mixed_ps_sub_r1,GA,56,BLK_56C,16,NC,5,2025-12-17 08:15:22,2025-12-17 08:46:51,31.5,,공통
b180_mixed_ps_sub_r1,GA,56,BLK_56C,16,베이36B 론지취부,6,2025-12-17 08:46:51,2025-12-17 09:28:21,41.5,36B,베이36B
b180_mixed_ps_sub_r1,GA,56,BLK_56C,16,베이36B 론지용접,7,2025-12-17 09:28:21,2025-12-17 09:46:45,18.4,36B,베이36B
b180_mixed_ps_sub_r1,GA,56,BLK_56C,16,베이36B 수정,8,2025-12-17 09:46:45,2025-12-17 10:11:33,24.8,36B,베이36B
b180_mixed_ps_sub_r1,GA,59,BLK_59C,17,판계,1,2025-12-16 15:09:00,2025-12-16 15:29:00,20.0,,공통
b180_mixed_ps_sub_r1,GA,59,BLK_59C,17,전면SAW,2,2025-12-17 06:09:42,2025-12-17 06:39:39,29.9,,공통
b180_mixed_ps_sub_r1,GA,59,BLK_59C,17,TurnOver,3,2025-12-17 06:39:39,2025-12-17 06:51:39,12.0,,공통
b180_mixed_ps_sub_r1,GA,59,BLK_59C,17,후면SAW,4,2025-12-17 07:47:45,2025-12-17 08:06:02,18.3,,공통
b180_mixed_ps_sub_r1,GA,59,BLK_59C,17,NC,5,2025-12-17 08:46:51,2025-12-17 09:12:14,25.4,,공통
b180_mixed_ps_sub_r1,GA,59,BLK_59C,17,베이35A 론지취부,6,2025-12-17 09:14:22,2025-12-17 09:48:52,34.5,35A,베이35A
b180_mixed_ps_sub_r1,GA,59,BLK_59C,17,베이35A 론지용접,7,2025-12-17 09:48:52,2025-12-17 10:02:04,13.2,35A,베이35A
b180_mixed_ps_sub_r1,GA,59,BLK_59C,17,베이35A 수정,8,2025-12-17 10:11:34,2025-12-17 10:31:58,20.4,35A,베이35A
b180_mixed_ps_sub_r1,GA,60,BLK_60P,18,판계,1,2025-12-16 15:29:00,2025-12-16 15:59:00,30.0,,공통
b180_mixed_ps_sub_r1,GA,60,BLK_60P,18,전면SAW,2,2025-12-17 06:39:39,2025-12-17 07:11:21,31.7,,공통
b180_mixed_ps_sub_r1,GA,60,BLK_60P,18,TurnOver,3,2025-12-17 07:11:21,2025-12-17 07:23:21,12.0,,공통
b180_mixed_ps_sub_r1,GA,60,BLK_60P,18,후면SAW,4,2025-12-17 08:06:02,2025-12-17 08:26:37,20.6,,공통
b180_mixed_ps_sub_r1,GA,60,BLK_60P,18,NC,5,2025-12-17 09:12:14,2025-12-17 09:55:53,43.6,,공통
b180_mixed_ps_sub_r1,GA,60,BLK_60P,18,베이36B 론지취부,6,2025-12-17 09:55:53,2025-12-17 11:19:23,83.5,36B,베이36B
b180_mixed_ps_sub_r1,GA,60,BLK_60P,18,베이36B 론지용접,7,2025-12-17 11:19:23,2025-12-17 11:44:59,25.6,36B,베이36B
b180_mixed_ps_sub_r1,GA,60,BLK_60P,18,베이36B 수정,8,2025-12-17 11:44:59,2025-12-17 12:36:11,51.2,36B,베이36B
b180_mixed_ps_sub_r1,GA,63,BLK_63S,19,판계,1,2025-12-16 15:59:00,2025-12-16 16:37:00,38.0,,공통
b180_mixed_ps_sub_r1,GA,63,BLK_63S,19,전면SAW,2,2025-12-17 07:11:21,2025-12-17 08:40:02,88.7,,공통
b180_mixed_ps_sub_r1,GA,63,BLK_63S,19,TurnOver,3,2025-12-17 08:40:02,2025-12-17 08:52:02,12.0,,공통
b180_mixed_ps_sub_r1,GA,63,BLK_63S,19,후면SAW,4,2025-12-17 08:52:02,2025-12-17 10:17:27,85.4,,공통
b180_mixed_ps_sub_r1,GA,63,BLK_63S,19,NC,5,2025-12-17 10:17:27,2025-12-17 11:00:50,43.4,,공통
b180_mixed_ps_sub_r1,GA,63,BLK_63S,19,베이35A 론지취부,6,2025-12-17 11:00:50,2025-12-17 11:35:20,34.5,35A,베이35A
b180_mixed_ps_sub_r1,GA,63,BLK_63S,19,베이35A 론지용접,7,2025-12-17 11:35:20,2025-12-17 11:52:32,17.2,35A,베이35A
b180_mixed_ps_sub_r1,GA,63,BLK_63S,19,베이35A 수정,8,2025-12-17 11:52:32,2025-12-17 12:12:56,20.4,35A,베이35A
b180_mixed_ps_sub_r1,GA,64,BLK_64S,20,판계,1,2025-12-16 16:37:00,2025-12-16 16:49:00,12.0,,공통
b180_mixed_ps_sub_r1,GA,64,BLK_64S,20,전면SAW,2,2025-12-17 08:40:02,2025-12-17 09:18:50,38.8,,공통
b180_mixed_ps_sub_r1,GA,64,BLK_64S,20,TurnOver,3,2025-12-17 09:18:50,2025-12-17 09:30:50,12.0,,공통
b180_mixed_ps_sub_r1,GA,64,BLK_64S,20,후면SAW,4,2025-12-17 10:17:27,2025-12-17 10:47:23,29.9,,공통
b180_mixed_ps_sub_r1,GA,64,BLK_64S,20,NC,5,2025-12-17 11:00:50,2025-12-17 11:22:53,22.1,,공통
b180_mixed_ps_sub_r1,GA,64,BLK_64S,20,베이36B 론지취부,6,2025-12-17 11:22:53,2025-12-17 11:53:53,31.0,36B,베이36B
b180_mixed_ps_sub_r1,GA,64,BLK_64S,20,베이36B 론지용접,7,2025-12-17 11:53:53,2025-12-17 12:10:29,16.6,36B,베이36B
b180_mixed_ps_sub_r1,GA,64,BLK_64S,20,베이36B 수정,8,2025-12-17 12:36:11,2025-12-17 12:54:23,18.2,36B,베이36B
b180_mixed_ps_sub_r1,GA,70,BLK_70C,21,판계,1,2025-12-16 16:49:00,2025-12-16 17:14:00,25.0,,공통
b180_mixed_ps_sub_r1,GA,70,BLK_70C,21,전면SAW,2,2025-12-17 09:18:50,2025-12-17 09:51:31,32.7,,공통
b180_mixed_ps_sub_r1,GA,70,BLK_70C,21,TurnOver,3,2025-12-17 09:51:31,2025-12-17 10:03:31,12.0,,공통
b180_mixed_ps_sub_r1,GA,70,BLK_70C,21,후면SAW,4,2025-12-17 10:47:23,2025-12-17 11:09:16,21.9,,공통
b180_mixed_ps_sub_r1,GA,70,BLK_70C,21,NC,5,2025-12-17 11:22:53,2025-12-17 11:58:01,35.1,,공통
b180_mixed_ps_sub_r1,GA,70,BLK_70C,21,베이35A 론지취부,6,2025-12-17 11:58:01,2025-12-17 12:46:31,48.5,35A,베이35A
b180_mixed_ps_sub_r1,GA,70,BLK_70C,21,베이35A 론지용접,7,2025-12-17 12:46:31,2025-12-17 13:06:07,19.6,35A,베이35A
b180_mixed_ps_sub_r1,GA,70,BLK_70C,21,베이35A 수정,8,2025-12-17 13:06:07,2025-12-17 13:35:19,29.2,35A,베이35A
b180_mixed_ps_sub_r1,GA,71,BLK_71C,22,판계,1,2025-12-16 17:14:00,2025-12-16 17:39:00,25.0,,공통
b180_mixed_ps_sub_r1,GA,71,BLK_71C,22,전면SAW,2,2025-12-17 09:51:31,2025-12-17 10:26:21,34.8,,공통
b180_mixed_ps_sub_r1,GA,71,BLK_71C,22,TurnOver,3,2025-12-17 10:26:21,2025-12-17 10:38:21,12.0,,공통
b180_mixed_ps_sub_r1,GA,71,BLK_71C,22,후면SAW,4,2025-12-17 11:09:16,2025-12-17 11:33:58,24.7,,공통
b180_mixed_ps_sub_r1,GA,71,BLK_71C,22,NC,5,2025-12-17 11:58:01,2025-12-17 12:34:42,36.7,,공통
b180_mixed_ps_sub_r1,GA,71,BLK_71C,22,베이36B 론지취부,6,2025-12-17 12:34:42,2025-12-17 13:23:12,48.5,36B,베이36B
b180_mixed_ps_sub_r1,GA,71,BLK_71C,22,베이36B 론지용접,7,2025-12-17 13:23:12,2025-12-17 13:42:48,19.6,36B,베이36B
b180_mixed_ps_sub_r1,GA,71,BLK_71C,22,베이36B 수정,8,2025-12-17 13:42:48,2025-12-17 14:12:00,29.2,36B,베이36B
b180_mixed_ps_sub_r1,GA,72,BLK_72C,1,판계,1,2025-12-17 08:00:00,2025-12-17 08:20:00,20.0,,공통
b180_mixed_ps_sub_r1,GA,72,BLK_72C,1,전면SAW,2,2025-12-17 10:26:21,2025-12-17 10:59:15,32.9,,공통
b180_mixed_ps_sub_r1,GA,72,BLK_72C,1,TurnOver,3,2025-12-17 10:59:15,2025-12-17 11:11:15,12.0,,공통
b180_mixed_ps_sub_r1,GA,72,BLK_72C,1,후면SAW,4,2025-12-17 11:33:58,2025-12-17 11:56:07,22.2,,공통
b180_mixed_ps_sub_r1,GA,72,BLK_72C,1,NC,5,2025-12-17 12:34:42,2025-12-17 13:01:56,27.2,,공통
b180_mixed_ps_sub_r1,GA,72,BLK_72C,1,베이35A 론지취부,6,2025-12-17 13:01:56,2025-12-17 13:43:26,41.5,35A,베이35A
b180_mixed_ps_sub_r1,GA,72,BLK_72C,1,베이35A 론지용접,7,2025-12-17 13:43:26,2025-12-17 14:01:50,18.4,35A,베이35A
b180_mixed_ps_sub_r1,GA,72,BLK_72C,1,베이35A 수정,8,2025-12-17 14:01:50,2025-12-17 14:26:38,24.8,35A,베이35A
b180_mixed_ps_sub_r1,GA,73,BLK_73C,2,판계,1,2025-12-17 08:20:00,2025-12-17 09:05:00,45.0,,공통
b180_mixed_ps_sub_r1,GA,73,BLK_73C,2,전면SAW,2,2025-12-17 10:59:15,2025-12-17 11:37:55,38.7,,공통
b180_mixed_ps_sub_r1,GA,73,BLK_73C,2,TurnOver,3,2025-12-17 11:37:55,2025-12-17 11:49:55,12.0,,공통
b180_mixed_ps_sub_r1,GA,73,BLK_73C,2,후면SAW,4,2025-12-17 11:56:07,2025-12-17 12:25:54,29.8,,공통
b180_mixed_ps_sub_r1,GA,73,BLK_73C,2,NC,5,2025-12-17 13:01:56,2025-12-17 13:57:57,56.0,,공통
b180_mixed_ps_sub_r1,GA,73,BLK_73C,2,베이36B 론지취부,6,2025-12-17 13:57:57,2025-12-17 15:45:57,108.0,36B,베이36B
b180_mixed_ps_sub_r1,GA,73,BLK_73C,2,베이36B 론지용접,7,2025-12-17 15:45:57,2025-12-17 16:15:45,29.8,36B,베이36B
b180_mixed_ps_sub_r1,GA,73,BLK_73C,2,베이36B 수정,8,2025-12-17 16:15:45,2025-12-17 17:22:21,66.6,36B,베이36B
b180_mixed_ps_sub_r1,GA,119,BLK_119C,3,판계,1,2025-12-17 09:05:00,2025-12-17 09:38:00,33.0,,공통
b180_mixed_ps_sub_r1,GA,119,BLK_119C,3,전면SAW,2,2025-12-17 11:37:55,2025-12-17 13:40:43,122.8,,공통
b180_mixed_ps_sub_r1,GA,119,BLK_119C,3,TurnOver,3,2025-12-17 13:40:43,2025-12-17 13:52:43,12.0,,공통
b180_mixed_ps_sub_r1,GA,119,BLK_119C,3,후면SAW,4,2025-12-17 13:52:43,2025-12-17 15:32:28,99.7,,공통
b180_mixed_ps_sub_r1,GA,119,BLK_119C,3,NC,5,2025-12-17 15:32:28,2025-12-17 16:16:41,44.2,,공통
b180_mixed_ps_sub_r1,GA,119,BLK_119C,3,베이35A 론지취부,6,2025-12-17 16:16:41,2025-12-17 17:40:11,83.5,35A,베이35A
b180_mixed_ps_sub_r1,GA,119,BLK_119C,3,베이35A 론지용접,7,2025-12-17 17:40:11,2025-12-17 18:05:47,25.6,35A,베이35A
b180_mixed_ps_sub_r1,GA,119,BLK_119C,3,베이35A 수정,8,2025-12-17 18:05:47,2025-12-17 18:56:59,51.2,35A,베이35A
b180_mixed_ps_sub_r1,GA,75,BLK_75C,4,판계,1,2025-12-17 09:38:00,2025-12-17 10:08:00,30.0,,공통
b180_mixed_ps_sub_r1,GA,75,BLK_75C,4,전면SAW,2,2025-12-17 13:40:43,2025-12-17 14:10:23,29.7,,공통
b180_mixed_ps_sub_r1,GA,75,BLK_75C,4,TurnOver,3,2025-12-17 14:10:23,2025-12-17 14:22:23,12.0,,공통
b180_mixed_ps_sub_r1,GA,75,BLK_75C,4,후면SAW,4,2025-12-17 15:32:28,2025-12-17 15:50:22,17.9,,공통
b180_mixed_ps_sub_r1,GA,75,BLK_75C,4,NC,5,2025-12-17 16:16:41,2025-12-17 16:52:37,35.9,,공통
b180_mixed_ps_sub_r1,GA,75,BLK_75C,4,베이36B 론지취부,6,2025-12-17 16:52:37,2025-12-17 17:37:37,45.0,36B,베이36B
b180_mixed_ps_sub_r1,GA,75,BLK_75C,4,베이36B 론지용접,7,2025-12-17 17:37:37,2025-12-17 17:52:37,15.0,36B,베이36B
b180_mixed_ps_sub_r1,GA,75,BLK_75C,4,베이36B 수정,8,2025-12-17 17:52:37,2025-12-17 18:19:37,27.0,36B,베이36B
b180_mixed_ps_sub_r1,GA,166,BLK_60S,5,판계,1,2025-12-17 10:08:00,2025-12-17 10:38:00,30.0,,공통
b180_mixed_ps_sub_r1,GA,166,BLK_60S,5,전면SAW,2,2025-12-17 14:10:23,2025-12-17 14:42:04,31.7,,공통
b180_mixed_ps_sub_r1,GA,166,BLK_60S,5,TurnOver,3,2025-12-17 14:42:04,2025-12-17 14:54:04,12.0,,공통
b180_mixed_ps_sub_r1,GA,166,BLK_60S,5,후면SAW,4,2025-12-17 15:50:22,2025-12-17 16:10:57,20.6,,공통
b180_mixed_ps_sub_r1,GA,166,BLK_60S,5,NC,5,2025-12-17 16:52:37,2025-12-17 17:36:16,43.6,,공통
b180_mixed_ps_sub_r1,GA,166,BLK_60S,5,베이35A 론지취부,6,2025-12-17 17:40:11,2025-12-17 19:03:41,83.5,35A,베이35A
b180_mixed_ps_sub_r1,GA,166,BLK_60S,5,베이35A 론지용접,7,2025-12-17 19:03:41,2025-12-17 19:29:17,25.6,35A,베이35A
b180_mixed_ps_sub_r1,GA,166,BLK_60S,5,베이35A 수정,8,2025-12-17 19:29:17,2025-12-17 20:20:29,51.2,35A,베이35A
b180_mixed_ps_sub_r1,GA,80,BLK_80S,6,판계,1,2025-12-17 10:38:00,2025-12-17 10:50:00,12.0,,공통
b180_mixed_ps_sub_r1,GA,80,BLK_80S,6,전면SAW,2,2025-12-17 14:42:04,2025-12-17 15:31:12,49.1,,공통
b180_mixed_ps_sub_r1,GA,80,BLK_80S,6,TurnOver,3,2025-12-17 15:31:12,2025-12-17 15:43:12,12.0,,공통
b180_mixed_ps_sub_r1,GA,80,BLK_80S,6,후면SAW,4,2025-12-17 16:10:57,2025-12-17 16:54:28,43.5,,공통
b180_mixed_ps_sub_r1,GA,80,BLK_80S,6,NC,5,2025-12-17 17:36:16,2025-12-17 17:59:39,23.4,,공통
b180_mixed_ps_sub_r1,GA,80,BLK_80S,6,베이36B 론지취부,6,2025-12-17 17:59:39,2025-12-17 18:48:09,48.5,36B,베이36B
b180_mixed_ps_sub_r1,GA,80,BLK_80S,6,베이36B 론지용접,7,2025-12-17 18:48:09,2025-12-17 19:07:45,19.6,36B,베이36B
b180_mixed_ps_sub_r1,GA,80,BLK_80S,6,베이36B 수정,8,2025-12-17 19:07:45,2025-12-17 19:36:57,29.2,36B,베이36B
b180_mixed_ps_sub_r1,GA,81,BLK_81P,7,판계,1,2025-12-17 10:50:00,2025-12-17 11:30:00,40.0,,공통
b180_mixed_ps_sub_r1,GA,81,BLK_81P,7,전면SAW,2,2025-12-17 15:31:12,2025-12-17 18:37:59,186.8,,공통
b180_mixed_ps_sub_r1,GA,81,BLK_81P,7,TurnOver,3,2025-12-17 18:37:59,2025-12-17 18:49:59,12.0,,공통
b180_mixed_ps_sub_r1,GA,81,BLK_81P,7,후면SAW,4,2025-12-17 18:49:59,2025-12-17 21:34:59,165.0,,공통
b180_mixed_ps_sub_r1,GA,81,BLK_81P,7,NC,5,2025-12-17 21:34:59,2025-12-17 22:23:52,48.9,,공통
b180_mixed_ps_sub_r1,GA,81,BLK_81P,7,베이35A 론지취부,6,2025-12-17 22:23:52,2025-12-17 23:57:52,94.0,35A,베이35A
b180_mixed_ps_sub_r1,GA,81,BLK_81P,7,베이35A 론지용접,7,2025-12-17 23:57:52,2025-12-18 00:25:16,27.4,35A,베이35A
b180_mixed_ps_sub_r1,GA,81,BLK_81P,7,베이35A 수정,8,2025-12-18 00:25:16,2025-12-18 01:23:04,57.8,35A,베이35A
b180_mixed_ps_sub_r1,GA,82,BLK_82P,8,판계,1,2025-12-17 11:30:00,2025-12-17 11:55:00,25.0,,공통
b180_mixed_ps_sub_r1,GA,82,BLK_82P,8,전면SAW,2,2025-12-17 18:37:59,2025-12-17 19:08:40,30.7,,공통
b180_mixed_ps_sub_r1,GA,82,BLK_82P,8,TurnOver,3,2025-12-17 19:08:40,2025-12-17 19:20:40,12.0,,공통
b180_mixed_ps_sub_r1,GA,82,BLK_82P,8,후면SAW,4,2025-12-17 21:34:59,2025-12-17 21:54:14,19.2,,공통
b180_mixed_ps_sub_r1,GA,82,BLK_82P,8,NC,5,2025-12-17 22:23:52,2025-12-17 22:54:48,30.9,,공통
b180_mixed_ps_sub_r1,GA,82,BLK_82P,8,베이36B 론지취부,6,2025-12-17 22:54:48,2025-12-17 23:43:18,48.5,36B,베이36B
b180_mixed_ps_sub_r1,GA,82,BLK_82P,8,베이36B 론지용접,7,2025-12-17 23:43:18,2025-12-18 00:02:54,19.6,36B,베이36B
b180_mixed_ps_sub_r1,GA,82,BLK_82P,8,베이36B 수정,8,2025-12-18 00:02:54,2025-12-18 00:32:06,29.2,36B,베이36B
b180_mixed_ps_sub_r1,GA,83,BLK_83C,9,판계,1,2025-12-17 11:55:00,2025-12-17 12:30:00,35.0,,공통
b180_mixed_ps_sub_r1,GA,83,BLK_83C,9,전면SAW,2,2025-12-17 19:08:40,2025-12-17 21:12:31,123.9,,공통
b180_mixed_ps_sub_r1,GA,83,BLK_83C,9,TurnOver,3,2025-12-17 21:12:31,2025-12-17 21:24:31,12.0,,공통
b180_mixed_ps_sub_r1,GA,83,BLK_83C,9,후면SAW,4,2025-12-17 21:54:14,2025-12-17 23:23:26,89.2,,공통
b180_mixed_ps_sub_r1,GA,83,BLK_83C,9,NC,5,2025-12-17 23:23:26,2025-12-18 00:00:36,37.2,,공통
b180_mixed_ps_sub_r1,GA,83,BLK_83C,9,베이35A 론지취부,6,2025-12-18 00:00:36,2025-12-18 00:49:06,48.5,35A,베이35A
b180_mixed_ps_sub_r1,GA,83,BLK_83C,9,베이35A 론지용접,7,2025-12-18 00:49:06,2025-12-18 01:08:42,19.6,35A,베이35A
b180_mixed_ps_sub_r1,GA,83,BLK_83C,9,베이35A 수정,8,2025-12-18 01:23:04,2025-12-18 01:52:16,29.2,35A,베이35A
b180_mixed_ps_sub_r1,GA,84,BLK_84S,10,판계,1,2025-12-17 12:30:00,2025-12-17 12:55:00,25.0,,공통
b180_mixed_ps_sub_r1,GA,84,BLK_84S,10,전면SAW,2,2025-12-17 21:12:31,2025-12-17 21:42:37,30.1,,공통
b180_mixed_ps_sub_r1,GA,84,BLK_84S,10,TurnOver,3,2025-12-17 21:42:37,2025-12-17 21:54:37,12.0,,공통
b180_mixed_ps_sub_r1,GA,84,BLK_84S,10,후면SAW,4,2025-12-17 23:23:26,2025-12-17 23:41:54,18.5,,공통
b180_mixed_ps_sub_r1,GA,84,BLK_84S,10,NC,5,2025-12-18 00:00:36,2025-12-18 00:31:43,31.1,,공통
b180_mixed_ps_sub_r1,GA,84,BLK_84S,10,베이36B 론지취부,6,2025-12-18 00:31:43,2025-12-18 00:59:13,27.5,36B,베이36B
b180_mixed_ps_sub_r1,GA,84,BLK_84S,10,베이36B 론지용접,7,2025-12-18 00:59:13,2025-12-18 01:11:13,12.0,36B,베이36B
b180_mixed_ps_sub_r1,GA,84,BLK_84S,10,베이36B 수정,8,2025-12-18 01:11:13,2025-12-18 01:27:13,16.0,36B,베이36B
b180_mixed_ps_sub_r1,GA,85,BLK_85P,11,판계,1,2025-12-17 12:55:00,2025-12-17 13:33:00,38.0,,공통
b180_mixed_ps_sub_r1,GA,85,BLK_85P,11,전면SAW,2,2025-12-17 21:42:37,2025-12-17 23:41:35,119.0,,공통
b180_mixed_ps_sub_r1,GA,85,BLK_85P,11,TurnOver,3,2025-12-17 23:41:35,2025-12-17 23:53:35,12.0,,공통
b180_mixed_ps_sub_r1,GA,85,BLK_85P,11,후면SAW,4,2025-12-17 23:53:35,2025-12-18 01:29:49,96.2,,공통
b180_mixed_ps_sub_r1,GA,85,BLK_85P,11,NC,5,2025-12-18 01:29:49,2025-12-18 02:17:32,47.7,,공통
b180_mixed_ps_sub_r1,GA,85,BLK_85P,11,베이35A 론지취부,6,2025-12-18 02:17:32,2025-12-18 03:41:02,83.5,35A,베이35A
b180_mixed_ps_sub_r1,GA,85,BLK_85P,11,베이35A 론지용접,7,2025-12-18 03:41:02,2025-12-18 04:06:38,25.6,35A,베이35A
b180_mixed_ps_sub_r1,GA,85,BLK_85P,11,베이35A 수정,8,2025-12-18 04:06:38,2025-12-18 04:57:50,51.2,35A,베이35A
b180_mixed_ps_sub_r1,GA,89,BLK_89C,12,판계,1,2025-12-17 13:33:00,2025-12-17 13:45:00,12.0,,공통
b180_mixed_ps_sub_r1,GA,89,BLK_89C,12,전면SAW,2,2025-12-17 23:41:35,2025-12-18 00:24:27,42.9,,공통
b180_mixed_ps_sub_r1,GA,89,BLK_89C,12,TurnOver,3,2025-12-18 00:24:27,2025-12-18 00:36:27,12.0,,공통
b180_mixed_ps_sub_r1,GA,89,BLK_89C,12,후면SAW,4,2025-12-18 01:29:49,2025-12-18 02:05:05,35.3,,공통
b180_mixed_ps_sub_r1,GA,89,BLK_89C,12,NC,5,2025-12-18 02:17:32,2025-12-18 02:38:32,21.0,,공통
b180_mixed_ps_sub_r1,GA,89,BLK_89C,12,베이36B 론지취부,6,2025-12-18 02:38:32,2025-12-18 03:09:32,31.0,36B,베이36B
b180_mixed_ps_sub_r1,GA,89,BLK_89C,12,베이36B 론지용접,7,2025-12-18 03:09:32,2025-12-18 03:22:08,12.6,36B,베이36B
b180_mixed_ps_sub_r1,GA,89,BLK_89C,12,베이36B 수정,8,2025-12-18 03:22:08,2025-12-18 03:40:20,18.2,36B,베이36B
b180_mixed_ps_sub_r1,GA,90,BLK_90S,13,판계,1,2025-12-17 13:45:00,2025-12-17 14:18:00,33.0,,공통
b180_mixed_ps_sub_r1,GA,90,BLK_90S,13,전면SAW,2,2025-12-18 00:24:27,2025-12-18 02:01:28,97.0,,공통
b180_mixed_ps_sub_r1,GA,90,BLK_90S,13,TurnOver,3,2025-12-18 02:01:28,2025-12-18 02:13:28,12.0,,공통
b180_mixed_ps_sub_r1,GA,90,BLK_90S,13,후면SAW,4,2025-12-18 02:13:28,2025-12-18 03:48:36,95.1,,공통
b180_mixed_ps_sub_r1,GA,90,BLK_90S,13,NC,5,2025-12-18 03:48:36,2025-12-18 04:30:14,41.6,,공통
b180_mixed_ps_sub_r1,GA,90,BLK_90S,13,베이35A 론지취부,6,2025-12-18 04:30:14,2025-12-18 05:43:14,73.0,35A,베이35A
b180_mixed_ps_sub_r1,GA,90,BLK_90S,13,베이35A 론지용접,7,2025-12-18 05:43:14,2025-12-18 06:07:02,23.8,35A,베이35A
b180_mixed_ps_sub_r1,GA,90,BLK_90S,13,베이35A 수정,8,2025-12-18 06:07:02,2025-12-18 06:51:38,44.6,35A,베이35A
b180_mixed_ps_sub_r1,GA,91,BLK_91C,14,판계,1,2025-12-17 14:18:00,2025-12-17 14:38:00,20.0,,공통
b180_mixed_ps_sub_r1,GA,91,BLK_91C,14,전면SAW,2,2025-12-18 02:01:28,2025-12-18 02:49:12,47.7,,공통
b180_mixed_ps_sub_r1,GA,91,BLK_91C,14,TurnOver,3,2025-12-18 02:49:12,2025-12-18 03:01:12,12.0,,공통
b180_mixed_ps_sub_r1,GA,91,BLK_91C,14,후면SAW,4,2025-12-18 03:48:36,2025-12-18 04:30:16,41.7,,공통
b180_mixed_ps_sub_r1,GA,91,BLK_91C,14,NC,5,2025-12-18 04:30:16,2025-12-18 05:01:49,31.6,,공통
b180_mixed_ps_sub_r1,GA,91,BLK_91C,14,베이36B 론지취부,6,2025-12-18 05:01:49,2025-12-18 06:04:19,62.5,36B,베이36B
b180_mixed_ps_sub_r1,GA,91,BLK_91C,14,베이36B 론지용접,7,2025-12-18 06:04:19,2025-12-18 06:26:19,22.0,36B,베이36B
b180_mixed_ps_sub_r1,GA,91,BLK_91C,14,베이36B 수정,8,2025-12-18 06:26:19,2025-12-18 07:04:19,38.0,36B,베이36B
b180_mixed_ps_sub_r1,GA,92,BLK_92P,15,판계,1,2025-12-17 14:38:00,2025-12-17 15:08:00,30.0,,공통
b180_mixed_ps_sub_r1,GA,92,BLK_92P,15,전면SAW,2,2025-12-18 02:49:12,2025-12-18 03:20:50,31.6,,공통
b180_mixed_ps_sub_r1,GA,92,BLK_92P,15,TurnOver,3,2025-12-18 03:20:50,2025-12-18 03:32:50,12.0,,공통
b180_mixed_ps_sub_r1,GA,92,BLK_92P,15,후면SAW,4,2025-12-18 04:30:16,2025-12-18 04:50:47,20.5,,공통
b180_mixed_ps_sub_r1,GA,92,BLK_92P,15,NC,5,2025-12-18 05:01:49,2025-12-18 05:44:54,43.1,,공통
b180_mixed_ps_sub_r1,GA,92,BLK_92P,15,베이36B 론지취부,6,2025-12-18 06:04:19,2025-12-18 07:10:19,66.0,36B,베이36B
b180_mixed_ps_sub_r1,GA,92,BLK_92P,15,베이36B 론지용접,7,2025-12-18 07:10:19,2025-12-18 07:32:55,22.6,36B,베이36B
b180_mixed_ps_sub_r1,GA,92,BLK_92P,15,베이36B 수정,8,2025-12-18 07:32:55,2025-12-18 08:13:07,40.2,36B,베이36B
b180_mixed_ps_sub_r1,GA,93,BLK_93S,16,판계,1,2025-12-17 15:08:00,2025-12-17 15:28:00,20.0,,공통
b180_mixed_ps_sub_r1,GA,93,BLK_93S,16,전면SAW,2,2025-12-18 03:20:50,2025-12-18 05:33:22,132.5,,공통
b180_mixed_ps_sub_r1,GA,93,BLK_93S,16,TurnOver,3,2025-12-18 05:33:22,2025-12-18 05:45:22,12.0,,공통
b180_mixed_ps_sub_r1,GA,93,BLK_93S,16,후면SAW,4,2025-12-18 05:45:22,2025-12-18 08:01:54,136.5,,공통
b180_mixed_ps_sub_r1,GA,93,BLK_93S,16,NC,5,2025-12-18 08:01:54,2025-12-18 08:28:47,26.9,,공통
b180_mixed_ps_sub_r1,GA,93,BLK_93S,16,베이35A 론지취부,6,2025-12-18 08:28:47,2025-12-18 09:17:17,48.5,35A,베이35A
b180_mixed_ps_sub_r1,GA,93,BLK_93S,16,베이35A 론지용접,7,2025-12-18 09:17:17,2025-12-18 09:36:53,19.6,35A,베이35A
b180_mixed_ps_sub_r1,GA,93,BLK_93S,16,베이35A 수정,8,2025-12-18 09:36:53,2025-12-18 10:06:05,29.2,35A,베이35A
b180_mixed_ps_sub_r1,GA,115,BLK_115S,17,판계,1,2025-12-17 15:28:00,2025-12-17 15:53:00,25.0,,공통
b180_mixed_ps_sub_r1,GA,115,BLK_115S,17,전면SAW,2,2025-12-18 05:33:22,2025-12-18 06:03:38,30.3,,공통
b180_mixed_ps_sub_r1,GA,115,BLK_115S,17,TurnOver,3,2025-12-18 06:03:38,2025-12-18 06:15:38,12.0,,공통
b180_mixed_ps_sub_r1,GA,115,BLK_115S,17,후면SAW,4,2025-12-18 08:01:54,2025-12-18 08:20:37,18.7,,공통
b180_mixed_ps_sub_r1,GA,115,BLK_115S,17,NC,5,2025-12-18 08:28:47,2025-12-18 09:04:29,35.7,,공통
b180_mixed_ps_sub_r1,GA,115,BLK_115S,17,베이36B 론지취부,6,2025-12-18 09:04:29,2025-12-18 09:56:29,52.0,36B,베이36B
b180_mixed_ps_sub_r1,GA,115,BLK_115S,17,베이36B 론지용접,7,2025-12-18 09:56:29,2025-12-18 10:16:41,20.2,36B,베이36B
b180_mixed_ps_sub_r1,GA,115,BLK_115S,17,베이36B 수정,8,2025-12-18 10:16:41,2025-12-18 10:48:05,31.4,36B,베이36B
b180_mixed_ps_sub_r1,GA,95,BLK_95S,18,판계,1,2025-12-17 15:53:00,2025-12-17 16:31:00,38.0,,공통
b180_mixed_ps_sub_r1,GA,95,BLK_95S,18,전면SAW,2,2025-12-18 06:03:38,2025-12-18 07:51:37,108.0,,공통
b180_mixed_ps_sub_r1,GA,95,BLK_95S,18,TurnOver,3,2025-12-18 07:51:37,2025-12-18 08:03:37,12.0,,공통
b180_mixed_ps_sub_r1,GA,95,BLK_95S,18,후면SAW,4,2025-12-18 08:20:37,2025-12-18 09:46:49,86.2,,공통
b180_mixed_ps_sub_r1,GA,95,BLK_95S,18,NC,5,2025-12-18 09:46:49,2025-12-18 10:35:40,48.8,,공통
b180_mixed_ps_sub_r1,GA,95,BLK_95S,18,베이35A 론지취부,6,2025-12-18 10:35:40,2025-12-18 11:41:40,66.0,35A,베이35A
b180_mixed_ps_sub_r1,GA,95,BLK_95S,18,베이35A 론지용접,7,2025-12-18 11:41:40,2025-12-18 12:04:16,22.6,35A,베이35A
b180_mixed_ps_sub_r1,GA,95,BLK_95S,18,베이35A 수정,8,2025-12-18 12:04:16,2025-12-18 12:44:28,40.2,35A,베이35A
b180_mixed_ps_sub_r1,GA,97,BLK_97C,19,판계,1,2025-12-17 16:31:00,2025-12-17 16:56:00,25.0,,공통
b180_mixed_ps_sub_r1,GA,97,BLK_97C,19,전면SAW,2,2025-12-18 07:51:37,2025-12-18 08:20:15,28.6,,공통
b180_mixed_ps_sub_r1,GA,97,BLK_97C,19,TurnOver,3,2025-12-18 08:20:15,2025-12-18 08:32:15,12.0,,공통
b180_mixed_ps_sub_r1,GA,97,BLK_97C,19,후면SAW,4,2025-12-18 09:46:49,2025-12-18 10:03:23,16.6,,공통
b180_mixed_ps_sub_r1,GA,97,BLK_97C,19,NC,5,2025-12-18 10:35:40,2025-12-18 11:07:33,31.9,,공통
b180_mixed_ps_sub_r1,GA,97,BLK_97C,19,베이36B 론지취부,6,2025-12-18 11:07:33,2025-12-18 11:45:33,38.0,36B,베이36B
b180_mixed_ps_sub_r1,GA,97,BLK_97C,19,베이36B 론지용접,7,2025-12-18 11:45:33,2025-12-18 12:03:21,17.8,36B,베이36B
b180_mixed_ps_sub_r1,GA,97,BLK_97C,19,베이36B 수정,8,2025-12-18 12:03:21,2025-12-18 12:25:57,22.6,36B,베이36B
b180_mixed_ps_sub_r1,GA,99,BLK_99C,20,판계,1,2025-12-17 16:56:00,2025-12-17 17:21:00,25.0,,공통
b180_mixed_ps_sub_r1,GA,99,BLK_99C,20,전면SAW,2,2025-12-18 08:20:15,2025-12-18 08:52:16,32.0,,공통
b180_mixed_ps_sub_r1,GA,99,BLK_99C,20,TurnOver,3,2025-12-18 08:52:16,2025-12-18 09:04:16,12.0,,공통
b180_mixed_ps_sub_r1,GA,99,BLK_99C,20,후면SAW,4,2025-12-18 10:03:23,2025-12-18 10:24:22,21.0,,공통
b180_mixed_ps_sub_r1,GA,99,BLK_99C,20,NC,5,2025-12-18 11:07:33,2025-12-18 11:43:15,35.7,,공통
b180_mixed_ps_sub_r1,GA,99,BLK_99C,20,베이35A 론지취부,6,2025-12-18 11:43:15,2025-12-18 12:35:15,52.0,35A,베이35A
b180_mixed_ps_sub_r1,GA,99,BLK_99C,20,베이35A 론지용접,7,2025-12-18 12:35:15,2025-12-18 12:55:27,20.2,35A,베이35A
b180_mixed_ps_sub_r1,GA,99,BLK_99C,20,베이35A 수정,8,2025-12-18 12:55:27,2025-12-18 13:26:51,31.4,35A,베이35A
b180_mixed_ps_sub_r1,GA,100,BLK_100C,21,판계,1,2025-12-17 17:21:00,2025-12-17 18:01:00,40.0,,공통
b180_mixed_ps_sub_r1,GA,100,BLK_100C,21,전면SAW,2,2025-12-18 08:52:16,2025-12-18 11:22:53,150.6,,공통
b180_mixed_ps_sub_r1,GA,100,BLK_100C,21,TurnOver,3,2025-12-18 11:22:53,2025-12-18 11:34:53,12.0,,공통
b180_mixed_ps_sub_r1,GA,100,BLK_100C,21,후면SAW,4,2025-12-18 11:34:53,2025-12-18 13:25:30,110.6,,공통
b180_mixed_ps_sub_r1,GA,100,BLK_100C,21,NC,5,2025-12-18 13:25:30,2025-12-18 14:12:19,46.8,,공통
b180_mixed_ps_sub_r1,GA,100,BLK_100C,21,베이36B 론지취부,6,2025-12-18 14:12:19,2025-12-18 15:14:49,62.5,36B,베이36B
b180_mixed_ps_sub_r1,GA,100,BLK_100C,21,베이36B 론지용접,7,2025-12-18 15:14:49,2025-12-18 15:36:49,22.0,36B,베이36B
b180_mixed_ps_sub_r1,GA,100,BLK_100C,21,베이36B 수정,8,2025-12-18 15:36:49,2025-12-18 16:14:49,38.0,36B,베이36B
b180_mixed_ps_sub_r1,GA,101,BLK_101C,22,판계,1,2025-12-17 18:01:00,2025-12-17 18:31:00,30.0,,공통
b180_mixed_ps_sub_r1,GA,101,BLK_101C,22,전면SAW,2,2025-12-18 11:22:53,2025-12-18 11:54:42,31.8,,공통
b180_mixed_ps_sub_r1,GA,101,BLK_101C,22,TurnOver,3,2025-12-18 11:54:42,2025-12-18 12:06:42,12.0,,공통
b180_mixed_ps_sub_r1,GA,101,BLK_101C,22,후면SAW,4,2025-12-18 13:25:30,2025-12-18 13:46:15,20.8,,공통
b180_mixed_ps_sub_r1,GA,101,BLK_101C,22,NC,5,2025-12-18 14:12:19,2025-12-18 14:56:39,44.3,,공통
b180_mixed_ps_sub_r1,GA,101,BLK_101C,22,베이35A 론지취부,6,2025-12-18 14:56:39,2025-12-18 16:27:09,90.5,35A,베이35A
b180_mixed_ps_sub_r1,GA,101,BLK_101C,22,베이35A 론지용접,7,2025-12-18 16:27:09,2025-12-18 16:53:57,26.8,35A,베이35A
b180_mixed_ps_sub_r1,GA,101,BLK_101C,22,베이35A 수정,8,2025-12-18 16:53:57,2025-12-18 17:49:33,55.6,35A,베이35A
b180_mixed_ps_sub_r1,GA,102,BLK_102P,1,판계,1,2025-12-18 08:00:00,2025-12-18 08:25:00,25.0,,공통
b180_mixed_ps_sub_r1,GA,102,BLK_102P,1,전면SAW,2,2025-12-18 11:54:42,2025-12-18 12:38:20,43.6,,공통
b180_mixed_ps_sub_r1,GA,102,BLK_102P,1,TurnOver,3,2025-12-18 12:38:20,2025-12-18 12:50:20,12.0,,공통
b180_mixed_ps_sub_r1,GA,102,BLK_102P,1,후면SAW,4,2025-12-18 13:46:15,2025-12-18 14:22:32,36.3,,공통
b180_mixed_ps_sub_r1,GA,102,BLK_102P,1,NC,5,2025-12-18 14:56:39,2025-12-18 15:33:17,36.6,,공통
b180_mixed_ps_sub_r1,GA,102,BLK_102P,1,베이36B 론지취부,6,2025-12-18 15:33:17,2025-12-18 16:56:47,83.5,36B,베이36B
b180_mixed_ps_sub_r1,GA,102,BLK_102P,1,베이36B 론지용접,7,2025-12-18 16:56:47,2025-12-18 17:22:23,25.6,36B,베이36B
b180_mixed_ps_sub_r1,GA,102,BLK_102P,1,베이36B 수정,8,2025-12-18 17:22:23,2025-12-18 18:13:35,51.2,36B,베이36B
b180_mixed_ps_sub_r1,GA,105,BLK_105S,2,판계,1,2025-12-18 08:25:00,2025-12-18 08:55:00,30.0,,공통
b180_mixed_ps_sub_r1,GA,105,BLK_105S,2,전면SAW,2,2025-12-18 12:38:20,2025-12-18 13:09:28,31.1,,공통
b180_mixed_ps_sub_r1,GA,105,BLK_105S,2,TurnOver,3,2025-12-18 13:09:28,2025-12-18 13:21:28,12.0,,공통
b180_mixed_ps_sub_r1,GA,105,BLK_105S,2,후면SAW,4,2025-12-18 14:22:32,2025-12-18 14:42:22,19.8,,공통
b180_mixed_ps_sub_r1,GA,105,BLK_105S,2,NC,5,2025-12-18 15:33:17,2025-12-18 16:15:17,42.0,,공통
b180_mixed_ps_sub_r1,GA,105,BLK_105S,2,베이35A 론지취부,6,2025-12-18 16:27:09,2025-12-18 17:36:39,69.5,35A,베이35A
b180_mixed_ps_sub_r1,GA,105,BLK_105S,2,베이35A 론지용접,7,2025-12-18 17:36:39,2025-12-18 17:59:51,23.2,35A,베이35A
b180_mixed_ps_sub_r1,GA,105,BLK_105S,2,베이35A 수정,8,2025-12-18 17:59:51,2025-12-18 18:42:15,42.4,35A,베이35A
b180_mixed_ps_sub_r1,GA,104,BLK_104S,3,판계,1,2025-12-18 08:55:00,2025-12-18 09:40:00,45.0,,공통
b180_mixed_ps_sub_r1,GA,104,BLK_104S,3,전면SAW,2,2025-12-18 13:09:28,2025-12-18 15:38:08,148.7,,공통
b180_mixed_ps_sub_r1,GA,104,BLK_104S,3,TurnOver,3,2025-12-18 15:38:08,2025-12-18 15:50:08,12.0,,공통
b180_mixed_ps_sub_r1,GA,104,BLK_104S,3,후면SAW,4,2025-12-18 15:50:08,2025-12-18 17:58:39,128.5,,공통
b180_mixed_ps_sub_r1,GA,104,BLK_104S,3,NC,5,2025-12-18 17:58:39,2025-12-18 19:02:59,64.3,,공통
b180_mixed_ps_sub_r1,GA,104,BLK_104S,3,베이36B 론지취부,6,2025-12-18 19:02:59,2025-12-18 20:43:59,101.0,36B,베이36B
b180_mixed_ps_sub_r1,GA,104,BLK_104S,3,베이36B 론지용접,7,2025-12-18 20:43:59,2025-12-18 21:12:35,28.6,36B,베이36B
b180_mixed_ps_sub_r1,GA,104,BLK_104S,3,베이36B 수정,8,2025-12-18 21:12:35,2025-12-18 22:14:47,62.2,36B,베이36B
b180_mixed_ps_sub_r1,GA,171,BLK_74S,4,판계,1,2025-12-18 09:40:00,2025-12-18 10:10:00,30.0,,공통
b180_mixed_ps_sub_r1,GA,171,BLK_74S,4,전면SAW,2,2025-12-18 15:38:08,2025-12-18 16:13:13,35.1,,공통
b180_mixed_ps_sub_r1,GA,171,BLK_74S,4,TurnOver,3,2025-12-18 16:13:13,2025-12-18 16:25:13,12.0,,공통
b180_mixed_ps_sub_r1,GA,171,BLK_74S,4,후면SAW,4,2025-12-18 17:58:39,2025-12-18 18:23:42,25.0,,공통
b180_mixed_ps_sub_r1,GA,171,BLK_74S,4,NC,5,2025-12-18 19:02:59,2025-12-18 19:46:47,43.8,,공통
b180_mixed_ps_sub_r1,GA,171,BLK_74S,4,베이35A 론지취부,6,2025-12-18 19:46:47,2025-12-18 20:49:17,62.5,35A,베이35A
b180_mixed_ps_sub_r1,GA,171,BLK_74S,4,베이35A 론지용접,7,2025-12-18 20:49:17,2025-12-18 21:11:17,22.0,35A,베이35A
b180_mixed_ps_sub_r1,GA,171,BLK_74S,4,베이35A 수정,8,2025-12-18 21:11:17,2025-12-18 21:49:17,38.0,35A,베이35A
b180_mixed_ps_sub_r1,GA,162,BLK_162P,5,판계,1,2025-12-18 10:10:00,2025-12-18 10:38:00,28.0,,공통
b180_mixed_ps_sub_r1,GA,162,BLK_162P,5,전면SAW,2,2025-12-18 16:13:13,2025-12-18 18:03:04,109.8,,공통
b180_mixed_ps_sub_r1,GA,162,BLK_162P,5,TurnOver,3,2025-12-18 18:03:04,2025-12-18 18:15:04,12.0,,공통
b180_mixed_ps_sub_r1,GA,162,BLK_162P,5,후면SAW,4,2025-12-18 18:23:42,2025-12-18 19:51:37,87.9,,공통
b180_mixed_ps_sub_r1,GA,162,BLK_162P,5,NC,5,2025-12-18 19:51:37,2025-12-18 20:25:07,33.5,,공통
b180_mixed_ps_sub_r1,GA,162,BLK_162P,5,베이36B 론지취부,6,2025-12-18 20:43:59,2025-12-18 21:28:59,45.0,36B,베이36B
b180_mixed_ps_sub_r1,GA,162,BLK_162P,5,베이36B 론지용접,7,2025-12-18 21:28:59,2025-12-18 21:47:59,19.0,36B,베이36B
b180_mixed_ps_sub_r1,GA,162,BLK_162P,5,베이36B 수정,8,2025-12-18 22:14:47,2025-12-18 22:41:47,27.0,36B,베이36B
b180_mixed_ps_sub_r1,GA,107,BLK_107P,6,판계,1,2025-12-18 10:38:00,2025-12-18 10:58:00,20.0,,공통
b180_mixed_ps_sub_r1,GA,107,BLK_107P,6,전면SAW,2,2025-12-18 18:03:04,2025-12-18 18:40:21,37.3,,공통
b180_mixed_ps_sub_r1,GA,107,BLK_107P,6,TurnOver,3,2025-12-18 18:40:21,2025-12-18 18:52:21,12.0,,공통
b180_mixed_ps_sub_r1,GA,107,BLK_107P,6,후면SAW,4,2025-12-18 19:51:37,2025-12-18 20:19:34,27.9,,공통
b180_mixed_ps_sub_r1,GA,107,BLK_107P,6,NC,5,2025-12-18 20:25:07,2025-12-18 20:54:07,29.0,,공통
b180_mixed_ps_sub_r1,GA,107,BLK_107P,6,베이35A 론지취부,6,2025-12-18 20:54:07,2025-12-18 21:25:07,31.0,35A,베이35A
b180_mixed_ps_sub_r1,GA,107,BLK_107P,6,베이35A 론지용접,7,2025-12-18 21:25:07,2025-12-18 21:41:43,16.6,35A,베이35A
b180_mixed_ps_sub_r1,GA,107,BLK_107P,6,베이35A 수정,8,2025-12-18 21:49:17,2025-12-18 22:07:29,18.2,35A,베이35A
b180_mixed_ps_sub_r1,GA,108,BLK_108P,7,판계,1,2025-12-18 10:58:00,2025-12-18 11:26:00,28.0,,공통
b180_mixed_ps_sub_r1,GA,108,BLK_108P,7,전면SAW,2,2025-12-18 18:40:21,2025-12-18 20:40:46,120.4,,공통
b180_mixed_ps_sub_r1,GA,108,BLK_108P,7,TurnOver,3,2025-12-18 20:40:46,2025-12-18 20:52:46,12.0,,공통
b180_mixed_ps_sub_r1,GA,108,BLK_108P,7,후면SAW,4,2025-12-18 20:52:46,2025-12-18 22:30:19,97.5,,공통
b180_mixed_ps_sub_r1,GA,108,BLK_108P,7,NC,5,2025-12-18 22:30:19,2025-12-18 23:04:27,34.1,,공통
b180_mixed_ps_sub_r1,GA,108,BLK_108P,7,베이36B 론지취부,6,2025-12-18 23:04:27,2025-12-18 23:52:57,48.5,36B,베이36B
b180_mixed_ps_sub_r1,GA,108,BLK_108P,7,베이36B 론지용접,7,2025-12-18 23:52:57,2025-12-19 00:12:33,19.6,36B,베이36B
b180_mixed_ps_sub_r1,GA,108,BLK_108P,7,베이36B 수정,8,2025-12-19 00:12:33,2025-12-19 00:41:45,29.2,36B,베이36B
b180_mixed_ps_sub_r1,GA,110,BLK_110P,8,판계,1,2025-12-18 11:26:00,2025-12-18 11:38:00,12.0,,공통
b180_mixed_ps_sub_r1,GA,110,BLK_110P,8,전면SAW,2,2025-12-18 20:40:46,2025-12-18 21:24:34,43.8,,공통
b180_mixed_ps_sub_r1,GA,110,BLK_110P,8,TurnOver,3,2025-12-18 21:24:34,2025-12-18 21:36:34,12.0,,공통
b180_mixed_ps_sub_r1,GA,110,BLK_110P,8,후면SAW,4,2025-12-18 22:30:19,2025-12-18 23:06:49,36.5,,공통
b180_mixed_ps_sub_r1,GA,110,BLK_110P,8,NC,5,2025-12-18 23:06:49,2025-12-18 23:28:45,21.9,,공통
b180_mixed_ps_sub_r1,GA,110,BLK_110P,8,베이35A 론지취부,6,2025-12-18 23:28:45,2025-12-19 00:10:15,41.5,35A,베이35A
b180_mixed_ps_sub_r1,GA,110,BLK_110P,8,베이35A 론지용접,7,2025-12-19 00:10:15,2025-12-19 00:24:39,14.4,35A,베이35A
b180_mixed_ps_sub_r1,GA,110,BLK_110P,8,베이35A 수정,8,2025-12-19 00:24:39,2025-12-19 00:49:27,24.8,35A,베이35A
b180_mixed_ps_sub_r1,GA,94,BLK_94P,9,판계,1,2025-12-18 11:38:00,2025-12-18 12:06:00,28.0,,공통
b180_mixed_ps_sub_r1,GA,94,BLK_94P,9,전면SAW,2,2025-12-18 21:24:34,2025-12-18 23:19:28,114.9,,공통
b180_mixed_ps_sub_r1,GA,94,BLK_94P,9,TurnOver,3,2025-12-18 23:19:28,2025-12-18 23:31:28,12.0,,공통
b180_mixed_ps_sub_r1,GA,94,BLK_94P,9,후면SAW,4,2025-12-18 23:31:28,2025-12-19 01:04:00,92.5,,공통
b180_mixed_ps_sub_r1,GA,94,BLK_94P,9,NC,5,2025-12-19 01:04:00,2025-12-19 01:39:09,35.1,,공통
b180_mixed_ps_sub_r1,GA,94,BLK_94P,9,베이36B 론지취부,6,2025-12-19 01:39:09,2025-12-19 02:55:39,76.5,36B,베이36B
b180_mixed_ps_sub_r1,GA,94,BLK_94P,9,베이36B 론지용접,7,2025-12-19 02:55:39,2025-12-19 03:20:03,24.4,36B,베이36B
b180_mixed_ps_sub_r1,GA,94,BLK_94P,9,베이36B 수정,8,2025-12-19 03:20:03,2025-12-19 04:06:51,46.8,36B,베이36B
b180_mixed_ps_sub_r1,GA,111,BLK_111P,10,판계,1,2025-12-18 12:06:00,2025-12-18 12:18:00,12.0,,공통
b180_mixed_ps_sub_r1,GA,111,BLK_111P,10,전면SAW,2,2025-12-18 23:19:28,2025-12-18 23:56:57,37.5,,공통
b180_mixed_ps_sub_r1,GA,111,BLK_111P,10,TurnOver,3,2025-12-18 23:56:57,2025-12-19 00:08:57,12.0,,공통
b180_mixed_ps_sub_r1,GA,111,BLK_111P,10,후면SAW,4,2025-12-19 01:04:00,2025-12-19 01:32:11,28.2,,공통
b180_mixed_ps_sub_r1,GA,111,BLK_111P,10,NC,5,2025-12-19 01:39:09,2025-12-19 01:59:57,20.8,,공통
b180_mixed_ps_sub_r1,GA,111,BLK_111P,10,베이35A 론지취부,6,2025-12-19 01:59:57,2025-12-19 02:37:57,38.0,35A,베이35A
b180_mixed_ps_sub_r1,GA,111,BLK_111P,10,베이35A 론지용접,7,2025-12-19 02:37:57,2025-12-19 02:51:45,13.8,35A,베이35A
b180_mixed_ps_sub_r1,GA,111,BLK_111P,10,베이35A 수정,8,2025-12-19 02:51:45,2025-12-19 03:14:21,22.6,35A,베이35A
b180_mixed_ps_sub_r1,GA,112,BLK_112C,11,판계,1,2025-12-18 12:18:00,2025-12-18 13:03:00,45.0,,공통
b180_mixed_ps_sub_r1,GA,112,BLK_112C,11,전면SAW,2,2025-12-18 23:56:57,2025-12-19 00:35:27,38.5,,공통
b180_mixed_ps_sub_r1,GA,112,BLK_112C,11,TurnOver,3,2025-12-19 00:35:27,2025-12-19 00:47:27,12.0,,공통
b180_mixed_ps_sub_r1,GA,112,BLK_112C,11,후면SAW,4,2025-12-19 01:32:11,2025-12-19 02:01:43,29.5,,공통
b180_mixed_ps_sub_r1,GA,112,BLK_112C,11,NC,5,2025-12-19 02:01:43,2025-12-19 02:53:21,51.6,,공통
b180_mixed_ps_sub_r1,GA,112,BLK_112C,11,베이36B 론지취부,6,2025-12-19 02:55:39,2025-12-19 04:01:39,66.0,36B,베이36B
b180_mixed_ps_sub_r1,GA,112,BLK_112C,11,베이36B 론지용접,7,2025-12-19 04:01:39,2025-12-19 04:24:15,22.6,36B,베이36B
b180_mixed_ps_sub_r1,GA,112,BLK_112C,11,베이36B 수정,8,2025-12-19 04:24:15,2025-12-19 05:04:27,40.2,36B,베이36B
b180_mixed_ps_sub_r1,GA,113,BLK_113C,12,판계,1,2025-12-18 13:03:00,2025-12-18 13:31:00,28.0,,공통
b180_mixed_ps_sub_r1,GA,113,BLK_113C,12,전면SAW,2,2025-12-19 00:35:27,2025-12-19 02:20:00,104.6,,공통
b180_mixed_ps_sub_r1,GA,113,BLK_113C,12,TurnOver,3,2025-12-19 02:20:00,2025-12-19 02:32:00,12.0,,공통
b180_mixed_ps_sub_r1,GA,113,BLK_113C,12,후면SAW,4,2025-12-19 02:32:00,2025-12-19 03:55:06,83.1,,공통
b180_mixed_ps_sub_r1,GA,113,BLK_113C,12,NC,5,2025-12-19 03:55:06,2025-12-19 04:27:50,32.7,,공통
b180_mixed_ps_sub_r1,GA,113,BLK_113C,12,베이35A 론지취부,6,2025-12-19 04:27:50,2025-12-19 05:05:50,38.0,35A,베이35A
b180_mixed_ps_sub_r1,GA,113,BLK_113C,12,베이35A 론지용접,7,2025-12-19 05:05:50,2025-12-19 05:23:38,17.8,35A,베이35A
b180_mixed_ps_sub_r1,GA,113,BLK_113C,12,베이35A 수정,8,2025-12-19 05:23:38,2025-12-19 05:46:14,22.6,35A,베이35A
b180_mixed_ps_sub_r1,GA,114,BLK_114P,13,판계,1,2025-12-18 13:31:00,2025-12-18 13:51:00,20.0,,공통
b180_mixed_ps_sub_r1,GA,114,BLK_114P,13,전면SAW,2,2025-12-19 02:20:00,2025-12-19 02:56:03,36.0,,공통
b180_mixed_ps_sub_r1,GA,114,BLK_114P,13,TurnOver,3,2025-12-19 02:56:03,2025-12-19 03:08:03,12.0,,공통
b180_mixed_ps_sub_r1,GA,114,BLK_114P,13,후면SAW,4,2025-12-19 03:55:06,2025-12-19 04:21:24,26.3,,공통
b180_mixed_ps_sub_r1,GA,114,BLK_114P,13,NC,5,2025-12-19 04:27:50,2025-12-19 04:58:21,30.5,,공통
b180_mixed_ps_sub_r1,GA,114,BLK_114P,13,베이36B 론지취부,6,2025-12-19 04:58:21,2025-12-19 06:11:21,73.0,36B,베이36B
b180_mixed_ps_sub_r1,GA,114,BLK_114P,13,베이36B 론지용접,7,2025-12-19 06:11:21,2025-12-19 06:35:09,23.8,36B,베이36B
b180_mixed_ps_sub_r1,GA,114,BLK_114P,13,베이36B 수정,8,2025-12-19 06:35:09,2025-12-19 07:19:45,44.6,36B,베이36B
b180_mixed_ps_sub_r1,GA,117,BLK_117C,14,판계,1,2025-12-18 13:51:00,2025-12-18 14:29:00,38.0,,공통
b180_mixed_ps_sub_r1,GA,117,BLK_117C,14,전면SAW,2,2025-12-19 02:56:03,2025-12-19 04:32:56,96.9,,공통
b180_mixed_ps_sub_r1,GA,117,BLK_117C,14,TurnOver,3,2025-12-19 04:32:56,2025-12-19 04:44:56,12.0,,공통
b180_mixed_ps_sub_r1,GA,117,BLK_117C,14,후면SAW,4,2025-12-19 04:44:56,2025-12-19 06:01:02,76.1,,공통
b180_mixed_ps_sub_r1,GA,117,BLK_117C,14,NC,5,2025-12-19 06:01:02,2025-12-19 06:47:59,47.0,,공통
b180_mixed_ps_sub_r1,GA,117,BLK_117C,14,베이35A 론지취부,6,2025-12-19 06:47:59,2025-12-19 07:43:29,55.5,35A,베이35A
b180_mixed_ps_sub_r1,GA,117,BLK_117C,14,베이35A 론지용접,7,2025-12-19 07:43:29,2025-12-19 08:04:17,20.8,35A,베이35A
b180_mixed_ps_sub_r1,GA,117,BLK_117C,14,베이35A 수정,8,2025-12-19 08:04:17,2025-12-19 08:37:53,33.6,35A,베이35A
b180_mixed_ps_sub_r1,GA,156,BLK_156C,15,판계,1,2025-12-18 14:29:00,2025-12-18 14:59:00,30.0,,공통
b180_mixed_ps_sub_r1,GA,156,BLK_156C,15,전면SAW,2,2025-12-19 04:32:56,2025-12-19 05:06:08,33.2,,공통
b180_mixed_ps_sub_r1,GA,156,BLK_156C,15,TurnOver,3,2025-12-19 05:06:08,2025-12-19 05:18:08,12.0,,공통
b180_mixed_ps_sub_r1,GA,156,BLK_156C,15,후면SAW,4,2025-12-19 06:01:02,2025-12-19 06:23:36,22.6,,공통
b180_mixed_ps_sub_r1,GA,156,BLK_156C,15,NC,5,2025-12-19 06:47:59,2025-12-19 07:30:24,42.4,,공통
b180_mixed_ps_sub_r1,GA,156,BLK_156C,15,베이36B 론지취부,6,2025-12-19 07:30:24,2025-12-19 08:25:54,55.5,36B,베이36B
b180_mixed_ps_sub_r1,GA,156,BLK_156C,15,베이36B 론지용접,7,2025-12-19 08:25:54,2025-12-19 08:46:42,20.8,36B,베이36B
b180_mixed_ps_sub_r1,GA,156,BLK_156C,15,베이36B 수정,8,2025-12-19 08:46:42,2025-12-19 09:20:18,33.6,36B,베이36B
b180_mixed_ps_sub_r1,GA,120,BLK_120S,16,판계,1,2025-12-18 14:59:00,2025-12-18 15:19:00,20.0,,공통
b180_mixed_ps_sub_r1,GA,120,BLK_120S,16,전면SAW,2,2025-12-19 05:06:08,2025-12-19 07:01:10,115.0,,공통
b180_mixed_ps_sub_r1,GA,120,BLK_120S,16,TurnOver,3,2025-12-19 07:01:10,2025-12-19 07:13:10,12.0,,공통
b180_mixed_ps_sub_r1,GA,120,BLK_120S,16,후면SAW,4,2025-12-19 07:13:10,2025-12-19 09:09:18,116.1,,공통
b180_mixed_ps_sub_r1,GA,120,BLK_120S,16,NC,5,2025-12-19 09:09:18,2025-12-19 09:35:36,26.3,,공통
b180_mixed_ps_sub_r1,GA,120,BLK_120S,16,베이35A 론지취부,6,2025-12-19 09:35:36,2025-12-19 10:13:36,38.0,35A,베이35A
b180_mixed_ps_sub_r1,GA,120,BLK_120S,16,베이35A 론지용접,7,2025-12-19 10:13:36,2025-12-19 10:27:24,13.8,35A,베이35A
b180_mixed_ps_sub_r1,GA,120,BLK_120S,16,베이35A 수정,8,2025-12-19 10:27:24,2025-12-19 10:50:00,22.6,35A,베이35A
b180_mixed_ps_sub_r1,GA,122,BLK_122C,17,판계,1,2025-12-18 15:19:00,2025-12-18 15:49:00,30.0,,공통
b180_mixed_ps_sub_r1,GA,122,BLK_122C,17,전면SAW,2,2025-12-19 07:01:10,2025-12-19 07:30:25,29.3,,공통
b180_mixed_ps_sub_r1,GA,122,BLK_122C,17,TurnOver,3,2025-12-19 07:30:25,2025-12-19 07:42:25,12.0,,공통
b180_mixed_ps_sub_r1,GA,122,BLK_122C,17,후면SAW,4,2025-12-19 09:09:18,2025-12-19 09:26:40,17.4,,공통
b180_mixed_ps_sub_r1,GA,122,BLK_122C,17,NC,5,2025-12-19 09:35:36,2025-12-19 10:14:40,39.1,,공통
b180_mixed_ps_sub_r1,GA,122,BLK_122C,17,베이36B 론지취부,6,2025-12-19 10:14:40,2025-12-19 10:59:40,45.0,36B,베이36B
b180_mixed_ps_sub_r1,GA,122,BLK_122C,17,베이36B 론지용접,7,2025-12-19 10:59:40,2025-12-19 11:18:40,19.0,36B,베이36B
b180_mixed_ps_sub_r1,GA,122,BLK_122C,17,베이36B 수정,8,2025-12-19 11:18:40,2025-12-19 11:45:40,27.0,36B,베이36B
b180_mixed_ps_sub_r1,GA,121,BLK_121P,18,판계,1,2025-12-18 15:49:00,2025-12-18 16:01:00,12.0,,공통
b180_mixed_ps_sub_r1,GA,121,BLK_121P,18,전면SAW,2,2025-12-19 07:30:25,2025-12-19 08:10:05,39.7,,공통
b180_mixed_ps_sub_r1,GA,121,BLK_121P,18,TurnOver,3,2025-12-19 08:10:05,2025-12-19 08:22:05,12.0,,공통
b180_mixed_ps_sub_r1,GA,121,BLK_121P,18,후면SAW,4,2025-12-19 09:26:40,2025-12-19 09:57:43,31.1,,공통
b180_mixed_ps_sub_r1,GA,121,BLK_121P,18,NC,5,2025-12-19 10:14:40,2025-12-19 10:36:31,21.9,,공통
b180_mixed_ps_sub_r1,GA,121,BLK_121P,18,베이35A 론지취부,6,2025-12-19 10:36:31,2025-12-19 11:11:01,34.5,35A,베이35A
b180_mixed_ps_sub_r1,GA,121,BLK_121P,18,베이35A 론지용접,7,2025-12-19 11:11:01,2025-12-19 11:28:13,17.2,35A,베이35A
b180_mixed_ps_sub_r1,GA,121,BLK_121P,18,베이35A 수정,8,2025-12-19 11:28:13,2025-12-19 11:48:37,20.4,35A,베이35A
b180_mixed_ps_sub_r1,GA,123,BLK_123P,19,판계,1,2025-12-18 16:01:00,2025-12-18 16:31:00,30.0,,공통
b180_mixed_ps_sub_r1,GA,123,BLK_123P,19,전면SAW,2,2025-12-19 08:10:05,2025-12-19 08:41:01,30.9,,공통
b180_mixed_ps_sub_r1,GA,123,BLK_123P,19,TurnOver,3,2025-12-19 08:41:01,2025-12-19 08:53:01,12.0,,공통
b180_mixed_ps_sub_r1,GA,123,BLK_123P,19,후면SAW,4,2025-12-19 09:57:43,2025-12-19 10:17:18,19.6,,공통
b180_mixed_ps_sub_r1,GA,123,BLK_123P,19,NC,5,2025-12-19 10:36:31,2025-12-19 11:25:22,48.8,,공통
b180_mixed_ps_sub_r1,GA,123,BLK_123P,19,베이36B 론지취부,6,2025-12-19 11:25:22,2025-12-19 12:52:22,87.0,36B,베이36B
b180_mixed_ps_sub_r1,GA,123,BLK_123P,19,베이36B 론지용접,7,2025-12-19 12:52:22,2025-12-19 13:18:34,26.2,36B,베이36B
b180_mixed_ps_sub_r1,GA,123,BLK_123P,19,베이36B 수정,8,2025-12-19 13:18:34,2025-12-19 14:11:58,53.4,36B,베이36B
b180_mixed_ps_sub_r1,GA,124,BLK_124P,20,판계,1,2025-12-18 16:31:00,2025-12-18 17:01:00,30.0,,공통
b180_mixed_ps_sub_r1,GA,124,BLK_124P,20,전면SAW,2,2025-12-19 08:41:01,2025-12-19 09:13:43,32.7,,공통
b180_mixed_ps_sub_r1,GA,124,BLK_124P,20,TurnOver,3,2025-12-19 09:13:43,2025-12-19 09:25:43,12.0,,공통
b180_mixed_ps_sub_r1,GA,124,BLK_124P,20,후면SAW,4,2025-12-19 10:17:18,2025-12-19 10:39:13,21.9,,공통
b180_mixed_ps_sub_r1,GA,124,BLK_124P,20,NC,5,2025-12-19 11:25:22,2025-12-19 12:15:11,49.8,,공통
b180_mixed_ps_sub_r1,GA,124,BLK_124P,20,베이36B 론지취부,6,2025-12-19 12:52:22,2025-12-19 14:19:22,87.0,36B,베이36B
b180_mixed_ps_sub_r1,GA,124,BLK_124P,20,베이36B 론지용접,7,2025-12-19 14:19:22,2025-12-19 14:45:34,26.2,36B,베이36B
b180_mixed_ps_sub_r1,GA,124,BLK_124P,20,베이36B 수정,8,2025-12-19 14:45:34,2025-12-19 15:38:58,53.4,36B,베이36B
b180_mixed_ps_sub_r1,GA,125,BLK_125S,21,판계,1,2025-12-18 17:01:00,2025-12-18 17:31:00,30.0,,공통
b180_mixed_ps_sub_r1,GA,125,BLK_125S,21,전면SAW,2,2025-12-19 09:13:43,2025-12-19 09:45:18,31.6,,공통
b180_mixed_ps_sub_r1,GA,125,BLK_125S,21,TurnOver,3,2025-12-19 09:45:18,2025-12-19 09:57:18,12.0,,공통
b180_mixed_ps_sub_r1,GA,125,BLK_125S,21,후면SAW,4,2025-12-19 10:39:13,2025-12-19 10:59:39,20.4,,공통
b180_mixed_ps_sub_r1,GA,125,BLK_125S,21,NC,5,2025-12-19 12:15:11,2025-12-19 12:55:15,40.1,,공통
b180_mixed_ps_sub_r1,GA,125,BLK_125S,21,베이35A 론지취부,6,2025-12-19 12:55:15,2025-12-19 14:18:45,83.5,35A,베이35A
b180_mixed_ps_sub_r1,GA,125,BLK_125S,21,베이35A 론지용접,7,2025-12-19 14:18:45,2025-12-19 14:44:21,25.6,35A,베이35A
b180_mixed_ps_sub_r1,GA,125,BLK_125S,21,베이35A 수정,8,2025-12-19 14:44:21,2025-12-19 15:35:33,51.2,35A,베이35A
b180_mixed_ps_sub_r1,GA,126,BLK_126P,22,판계,1,2025-12-18 17:31:00,2025-12-18 18:16:00,45.0,,공통
b180_mixed_ps_sub_r1,GA,126,BLK_126P,22,전면SAW,2,2025-12-19 09:45:18,2025-12-19 11:36:04,110.8,,공통
b180_mixed_ps_sub_r1,GA,126,BLK_126P,22,TurnOver,3,2025-12-19 11:36:04,2025-12-19 11:48:04,12.0,,공통
b180_mixed_ps_sub_r1,GA,126,BLK_126P,22,후면SAW,4,2025-12-19 11:48:04,2025-12-19 13:39:14,111.2,,공통
b180_mixed_ps_sub_r1,GA,126,BLK_126P,22,NC,5,2025-12-19 13:39:14,2025-12-19 14:36:39,57.4,,공통
b180_mixed_ps_sub_r1,GA,126,BLK_126P,22,베이36B 론지취부,6,2025-12-19 14:36:39,2025-12-19 15:49:39,73.0,36B,베이36B
b180_mixed_ps_sub_r1,GA,126,BLK_126P,22,베이36B 론지용접,7,2025-12-19 15:49:39,2025-12-19 16:13:27,23.8,36B,베이36B
b180_mixed_ps_sub_r1,GA,126,BLK_126P,22,베이36B 수정,8,2025-12-19 16:13:27,2025-12-19 16:58:03,44.6,36B,베이36B
b180_mixed_ps_sub_r1,GA,127,BLK_127S,1,판계,1,2025-12-19 08:00:00,2025-12-19 08:30:00,30.0,,공통
b180_mixed_ps_sub_r1,GA,127,BLK_127S,1,전면SAW,2,2025-12-19 11:36:04,2025-12-19 12:09:25,33.3,,공통
b180_mixed_ps_sub_r1,GA,127,BLK_127S,1,TurnOver,3,2025-12-19 12:09:25,2025-12-19 12:21:25,12.0,,공통
b180_mixed_ps_sub_r1,GA,127,BLK_127S,1,후면SAW,4,2025-12-19 13:39:14,2025-12-19 14:01:59,22.8,,공통
b180_mixed_ps_sub_r1,GA,127,BLK_127S,1,NC,5,2025-12-19 14:36:39,2025-12-19 15:19:27,42.8,,공통
b180_mixed_ps_sub_r1,GA,127,BLK_127S,1,베이35A 론지취부,6,2025-12-19 15:19:27,2025-12-19 17:00:27,101.0,35A,베이35A
b180_mixed_ps_sub_r1,GA,127,BLK_127S,1,베이35A 론지용접,7,2025-12-19 17:00:27,2025-12-19 17:29:03,28.6,35A,베이35A
b180_mixed_ps_sub_r1,GA,127,BLK_127S,1,베이35A 수정,8,2025-12-19 17:29:03,2025-12-19 18:31:15,62.2,35A,베이35A
b180_mixed_ps_sub_r1,GA,128,BLK_128P,2,판계,1,2025-12-19 08:30:00,2025-12-19 09:00:00,30.0,,공통
b180_mixed_ps_sub_r1,GA,128,BLK_128P,2,전면SAW,2,2025-12-19 12:09:25,2025-12-19 12:47:27,38.0,,공통
b180_mixed_ps_sub_r1,GA,128,BLK_128P,2,TurnOver,3,2025-12-19 12:47:27,2025-12-19 12:59:27,12.0,,공통
b180_mixed_ps_sub_r1,GA,128,BLK_128P,2,후면SAW,4,2025-12-19 14:01:59,2025-12-19 14:30:55,28.9,,공통
b180_mixed_ps_sub_r1,GA,128,BLK_128P,2,NC,5,2025-12-19 15:19:27,2025-12-19 15:59:23,39.9,,공통
b180_mixed_ps_sub_r1,GA,128,BLK_128P,2,베이36B 론지취부,6,2025-12-19 15:59:23,2025-12-19 17:22:53,83.5,36B,베이36B
b180_mixed_ps_sub_r1,GA,128,BLK_128P,2,베이36B 론지용접,7,2025-12-19 17:22:53,2025-12-19 17:48:29,25.6,36B,베이36B
b180_mixed_ps_sub_r1,GA,128,BLK_128P,2,베이36B 수정,8,2025-12-19 17:48:29,2025-12-19 18:39:41,51.2,36B,베이36B
b180_mixed_ps_sub_r1,GA,129,BLK_129C,3,판계,1,2025-12-19 09:00:00,2025-12-19 09:20:00,20.0,,공통
b180_mixed_ps_sub_r1,GA,129,BLK_129C,3,전면SAW,2,2025-12-19 12:47:27,2025-12-19 13:20:40,33.2,,공통
b180_mixed_ps_sub_r1,GA,129,BLK_129C,3,TurnOver,3,2025-12-19 13:20:40,2025-12-19 13:32:40,12.0,,공통
b180_mixed_ps_sub_r1,GA,129,BLK_129C,3,후면SAW,4,2025-12-19 14:30:55,2025-12-19 14:53:30,22.6,,공통
b180_mixed_ps_sub_r1,GA,129,BLK_129C,3,NC,5,2025-12-19 15:59:23,2025-12-19 16:28:19,28.9,,공통
b180_mixed_ps_sub_r1,GA,129,BLK_129C,3,베이35A 론지취부,6,2025-12-19 17:00:27,2025-12-19 17:59:27,59.0,35A,베이35A
b180_mixed_ps_sub_r1,GA,129,BLK_129C,3,베이35A 론지용접,7,2025-12-19 17:59:27,2025-12-19 18:20:51,21.4,35A,베이35A
b180_mixed_ps_sub_r1,GA,129,BLK_129C,3,베이35A 수정,8,2025-12-19 18:31:15,2025-12-19 19:07:03,35.8,35A,베이35A
b180_mixed_ps_sub_r1,GA,130,BLK_130C,4,판계,1,2025-12-19 09:20:00,2025-12-19 09:32:00,12.0,,공통
b180_mixed_ps_sub_r1,GA,130,BLK_130C,4,전면SAW,2,2025-12-19 13:20:40,2025-12-19 14:14:55,54.3,,공통
b180_mixed_ps_sub_r1,GA,130,BLK_130C,4,TurnOver,3,2025-12-19 14:14:55,2025-12-19 14:26:55,12.0,,공통
b180_mixed_ps_sub_r1,GA,130,BLK_130C,4,후면SAW,4,2025-12-19 14:53:30,2025-12-19 15:43:48,50.3,,공통
b180_mixed_ps_sub_r1,GA,130,BLK_130C,4,NC,5,2025-12-19 16:28:19,2025-12-19 16:48:21,20.0,,공통
b180_mixed_ps_sub_r1,GA,130,BLK_130C,4,베이36B 론지취부,6,2025-12-19 17:22:53,2025-12-19 17:53:53,31.0,36B,베이36B
b180_mixed_ps_sub_r1,GA,130,BLK_130C,4,베이36B 론지용접,7,2025-12-19 17:53:53,2025-12-19 18:06:29,12.6,36B,베이36B
b180_mixed_ps_sub_r1,GA,130,BLK_130C,4,베이36B 수정,8,2025-12-19 18:39:41,2025-12-19 18:57:53,18.2,36B,베이36B
b180_mixed_ps_sub_r1,GA,131,BLK_131S,5,판계,1,2025-12-19 09:32:00,2025-12-19 10:02:00,30.0,,공통
b180_mixed_ps_sub_r1,GA,131,BLK_131S,5,전면SAW,2,2025-12-19 14:14:55,2025-12-19 14:46:31,31.6,,공통
b180_mixed_ps_sub_r1,GA,131,BLK_131S,5,TurnOver,3,2025-12-19 14:46:31,2025-12-19 14:58:31,12.0,,공통
b180_mixed_ps_sub_r1,GA,131,BLK_131S,5,후면SAW,4,2025-12-19 15:43:48,2025-12-19 16:04:15,20.5,,공통
b180_mixed_ps_sub_r1,GA,131,BLK_131S,5,NC,5,2025-12-19 16:48:21,2025-12-19 17:32:07,43.8,,공통
b180_mixed_ps_sub_r1,GA,131,BLK_131S,5,베이35A 론지취부,6,2025-12-19 17:59:27,2025-12-19 19:43:57,104.5,35A,베이35A
b180_mixed_ps_sub_r1,GA,131,BLK_131S,5,베이35A 론지용접,7,2025-12-19 19:43:57,2025-12-19 20:13:09,29.2,35A,베이35A
b180_mixed_ps_sub_r1,GA,131,BLK_131S,5,베이35A 수정,8,2025-12-19 20:13:09,2025-12-19 21:17:33,64.4,35A,베이35A
b180_mixed_ps_sub_r1,GA,132,BLK_132P,6,판계,1,2025-12-19 10:02:00,2025-12-19 10:30:00,28.0,,공통
b180_mixed_ps_sub_r1,GA,132,BLK_132P,6,전면SAW,2,2025-12-19 14:46:31,2025-12-19 17:03:07,136.6,,공통
b180_mixed_ps_sub_r1,GA,132,BLK_132P,6,TurnOver,3,2025-12-19 17:03:07,2025-12-19 17:15:07,12.0,,공통
b180_mixed_ps_sub_r1,GA,132,BLK_132P,6,후면SAW,4,2025-12-19 17:15:07,2025-12-19 19:36:24,141.3,,공통
b180_mixed_ps_sub_r1,GA,132,BLK_132P,6,NC,5,2025-12-19 19:36:24,2025-12-19 20:08:49,32.4,,공통
b180_mixed_ps_sub_r1,GA,132,BLK_132P,6,베이36B 론지취부,6,2025-12-19 20:08:49,2025-12-19 20:39:49,31.0,36B,베이36B
b180_mixed_ps_sub_r1,GA,132,BLK_132P,6,베이36B 론지용접,7,2025-12-19 20:39:49,2025-12-19 20:52:25,12.6,36B,베이36B
b180_mixed_ps_sub_r1,GA,132,BLK_132P,6,베이36B 수정,8,2025-12-19 20:52:25,2025-12-19 21:10:37,18.2,36B,베이36B
b180_mixed_ps_sub_r1,GA,133,BLK_133C,7,판계,1,2025-12-19 10:30:00,2025-12-19 11:00:00,30.0,,공통
b180_mixed_ps_sub_r1,GA,133,BLK_133C,7,전면SAW,2,2025-12-19 17:03:07,2025-12-19 17:34:00,30.9,,공통
b180_mixed_ps_sub_r1,GA,133,BLK_133C,7,TurnOver,3,2025-12-19 17:34:00,2025-12-19 17:46:00,12.0,,공통
b180_mixed_ps_sub_r1,GA,133,BLK_133C,7,후면SAW,4,2025-12-19 19:36:24,2025-12-19 19:55:55,19.5,,공통
b180_mixed_ps_sub_r1,GA,133,BLK_133C,7,NC,5,2025-12-19 20:08:49,2025-12-19 20:56:54,48.1,,공통
b180_mixed_ps_sub_r1,GA,133,BLK_133C,7,베이36B 론지취부,6,2025-12-19 20:56:54,2025-12-19 22:09:54,73.0,36B,베이36B
b180_mixed_ps_sub_r1,GA,133,BLK_133C,7,베이36B 론지용접,7,2025-12-19 22:09:54,2025-12-19 22:33:42,23.8,36B,베이36B
b180_mixed_ps_sub_r1,GA,133,BLK_133C,7,베이36B 수정,8,2025-12-19 22:33:42,2025-12-19 23:18:18,44.6,36B,베이36B
b180_mixed_ps_sub_r1,GA,139,BLK_139P,8,판계,1,2025-12-19 11:00:00,2025-12-19 11:33:00,33.0,,공통
b180_mixed_ps_sub_r1,GA,139,BLK_139P,8,전면SAW,2,2025-12-19 17:34:00,2025-12-19 18:51:39,77.7,,공통
b180_mixed_ps_sub_r1,GA,139,BLK_139P,8,TurnOver,3,2025-12-19 18:51:39,2025-12-19 19:03:39,12.0,,공통
b180_mixed_ps_sub_r1,GA,139,BLK_139P,8,후면SAW,4,2025-12-19 19:55:55,2025-12-19 20:54:28,58.5,,공통
b180_mixed_ps_sub_r1,GA,139,BLK_139P,8,NC,5,2025-12-19 20:56:54,2025-12-19 21:34:24,37.5,,공통
b180_mixed_ps_sub_r1,GA,139,BLK_139P,8,베이35A 론지취부,6,2025-12-19 21:34:24,2025-12-19 22:36:54,62.5,35A,베이35A
b180_mixed_ps_sub_r1,GA,139,BLK_139P,8,베이35A 론지용접,7,2025-12-19 22:36:54,2025-12-19 22:58:54,22.0,35A,베이35A
b180_mixed_ps_sub_r1,GA,139,BLK_139P,8,베이35A 수정,8,2025-12-19 22:58:54,2025-12-19 23:36:54,38.0,35A,베이35A
b180_mixed_ps_sub_r1,GA,135,BLK_135S,9,판계,1,2025-12-19 11:33:00,2025-12-19 11:58:00,25.0,,공통
b180_mixed_ps_sub_r1,GA,135,BLK_135S,9,전면SAW,2,2025-12-19 18:51:39,2025-12-19 19:32:45,41.1,,공통
b180_mixed_ps_sub_r1,GA,135,BLK_135S,9,TurnOver,3,2025-12-19 19:32:45,2025-12-19 19:44:45,12.0,,공통
b180_mixed_ps_sub_r1,GA,135,BLK_135S,9,후면SAW,4,2025-12-19 20:54:28,2025-12-19 21:27:25,33.0,,공통
b180_mixed_ps_sub_r1,GA,135,BLK_135S,9,NC,5,2025-12-19 21:34:24,2025-12-19 22:06:16,31.9,,공통
b180_mixed_ps_sub_r1,GA,135,BLK_135S,9,베이36B 론지취부,6,2025-12-19 22:09:54,2025-12-19 23:08:54,59.0,36B,베이36B
b180_mixed_ps_sub_r1,GA,135,BLK_135S,9,베이36B 론지용접,7,2025-12-19 23:08:54,2025-12-19 23:30:18,21.4,36B,베이36B
b180_mixed_ps_sub_r1,GA,135,BLK_135S,9,베이36B 수정,8,2025-12-19 23:30:18,2025-12-20 00:06:06,35.8,36B,베이36B
b180_mixed_ps_sub_r1,GA,137,BLK_137P,10,판계,1,2025-12-19 11:58:00,2025-12-19 12:23:00,25.0,,공통
b180_mixed_ps_sub_r1,GA,137,BLK_137P,10,전면SAW,2,2025-12-19 19:32:45,2025-12-19 20:02:15,29.5,,공통
b180_mixed_ps_sub_r1,GA,137,BLK_137P,10,TurnOver,3,2025-12-19 20:02:15,2025-12-19 20:14:15,12.0,,공통
b180_mixed_ps_sub_r1,GA,137,BLK_137P,10,후면SAW,4,2025-12-19 21:27:25,2025-12-19 21:45:06,17.7,,공통
b180_mixed_ps_sub_r1,GA,137,BLK_137P,10,NC,5,2025-12-19 22:06:16,2025-12-19 22:37:24,31.1,,공통
b180_mixed_ps_sub_r1,GA,137,BLK_137P,10,베이35A 론지취부,6,2025-12-19 22:37:24,2025-12-19 23:18:54,41.5,35A,베이35A
b180_mixed_ps_sub_r1,GA,137,BLK_137P,10,베이35A 론지용접,7,2025-12-19 23:18:54,2025-12-19 23:37:18,18.4,35A,베이35A
b180_mixed_ps_sub_r1,GA,137,BLK_137P,10,베이35A 수정,8,2025-12-19 23:37:18,2025-12-20 00:02:06,24.8,35A,베이35A
b180_mixed_ps_sub_r1,GA,141,BLK_141C,11,판계,1,2025-12-19 12:23:00,2025-12-19 12:58:00,35.0,,공통
b180_mixed_ps_sub_r1,GA,141,BLK_141C,11,전면SAW,2,2025-12-19 20:02:15,2025-12-19 22:24:02,141.8,,공통
b180_mixed_ps_sub_r1,GA,141,BLK_141C,11,TurnOver,3,2025-12-19 22:24:02,2025-12-19 22:36:02,12.0,,공통
b180_mixed_ps_sub_r1,GA,141,BLK_141C,11,후면SAW,4,2025-12-19 22:36:02,2025-12-20 00:17:17,101.2,,공통
b180_mixed_ps_sub_r1,GA,141,BLK_141C,11,NC,5,2025-12-20 00:17:17,2025-12-20 00:59:54,42.6,,공통
b180_mixed_ps_sub_r1,GA,141,BLK_141C,11,베이36B 론지취부,6,2025-12-20 00:59:54,2025-12-20 01:41:24,41.5,36B,베이36B
b180_mixed_ps_sub_r1,GA,141,BLK_141C,11,베이36B 론지용접,7,2025-12-20 01:41:24,2025-12-20 01:59:48,18.4,36B,베이36B
b180_mixed_ps_sub_r1,GA,141,BLK_141C,11,베이36B 수정,8,2025-12-20 01:59:48,2025-12-20 02:24:36,24.8,36B,베이36B
b180_mixed_ps_sub_r1,GA,134,BLK_134P,12,판계,1,2025-12-19 12:58:00,2025-12-19 13:43:00,45.0,,공통
b180_mixed_ps_sub_r1,GA,134,BLK_134P,12,전면SAW,2,2025-12-19 22:24:02,2025-12-19 23:05:42,41.7,,공통
b180_mixed_ps_sub_r1,GA,134,BLK_134P,12,TurnOver,3,2025-12-19 23:05:42,2025-12-19 23:17:42,12.0,,공통
b180_mixed_ps_sub_r1,GA,134,BLK_134P,12,후면SAW,4,2025-12-20 00:17:17,2025-12-20 00:50:58,33.7,,공통
b180_mixed_ps_sub_r1,GA,134,BLK_134P,12,NC,5,2025-12-20 00:59:54,2025-12-20 01:54:21,54.4,,공통
b180_mixed_ps_sub_r1,GA,134,BLK_134P,12,베이35A 론지취부,6,2025-12-20 01:54:21,2025-12-20 03:35:21,101.0,35A,베이35A
b180_mixed_ps_sub_r1,GA,134,BLK_134P,12,베이35A 론지용접,7,2025-12-20 03:35:21,2025-12-20 04:03:57,28.6,35A,베이35A
b180_mixed_ps_sub_r1,GA,134,BLK_134P,12,베이35A 수정,8,2025-12-20 04:03:57,2025-12-20 05:06:09,62.2,35A,베이35A
b180_mixed_ps_sub_r1,GA,161,BLK_161S,13,판계,1,2025-12-19 13:43:00,2025-12-19 14:23:00,40.0,,공통
b180_mixed_ps_sub_r1,GA,161,BLK_161S,13,전면SAW,2,2025-12-19 23:05:42,2025-12-20 02:07:29,181.8,,공통
b180_mixed_ps_sub_r1,GA,161,BLK_161S,13,TurnOver,3,2025-12-20 02:07:29,2025-12-20 02:19:29,12.0,,공통
b180_mixed_ps_sub_r1,GA,161,BLK_161S,13,후면SAW,4,2025-12-20 02:19:29,2025-12-20 04:35:03,135.6,,공통
b180_mixed_ps_sub_r1,GA,161,BLK_161S,13,NC,5,2025-12-20 04:35:03,2025-12-20 05:23:18,48.2,,공통
b180_mixed_ps_sub_r1,GA,161,BLK_161S,13,베이36B 론지취부,6,2025-12-20 05:23:18,2025-12-20 06:32:48,69.5,36B,베이36B
b180_mixed_ps_sub_r1,GA,161,BLK_161S,13,베이36B 론지용접,7,2025-12-20 06:32:48,2025-12-20 06:56:00,23.2,36B,베이36B
b180_mixed_ps_sub_r1,GA,161,BLK_161S,13,베이36B 수정,8,2025-12-20 06:56:00,2025-12-20 07:38:24,42.4,36B,베이36B
b180_mixed_ps_sub_r1,GA,138,BLK_138C,14,판계,1,2025-12-19 14:23:00,2025-12-19 14:48:00,25.0,,공통
b180_mixed_ps_sub_r1,GA,138,BLK_138C,14,전면SAW,2,2025-12-20 02:07:29,2025-12-20 02:54:08,46.6,,공통
b180_mixed_ps_sub_r1,GA,138,BLK_138C,14,TurnOver,3,2025-12-20 02:54:08,2025-12-20 03:06:08,12.0,,공통
b180_mixed_ps_sub_r1,GA,138,BLK_138C,14,후면SAW,4,2025-12-20 04:35:03,2025-12-20 05:15:19,40.3,,공통
b180_mixed_ps_sub_r1,GA,138,BLK_138C,14,NC,5,2025-12-20 05:23:18,2025-12-20 05:58:43,35.4,,공통
b180_mixed_ps_sub_r1,GA,138,BLK_138C,14,베이35A 론지취부,6,2025-12-20 05:58:43,2025-12-20 07:08:13,69.5,35A,베이35A
b180_mixed_ps_sub_r1,GA,138,BLK_138C,14,베이35A 론지용접,7,2025-12-20 07:08:13,2025-12-20 07:31:25,23.2,35A,베이35A
b180_mixed_ps_sub_r1,GA,138,BLK_138C,14,베이35A 수정,8,2025-12-20 07:31:25,2025-12-20 08:13:49,42.4,35A,베이35A
b180_mixed_ps_sub_r1,GA,142,BLK_142P,15,판계,1,2025-12-19 14:48:00,2025-12-19 15:33:00,45.0,,공통
b180_mixed_ps_sub_r1,GA,142,BLK_142P,15,전면SAW,2,2025-12-20 02:54:08,2025-12-20 04:49:59,115.8,,공통
b180_mixed_ps_sub_r1,GA,142,BLK_142P,15,TurnOver,3,2025-12-20 04:49:59,2025-12-20 05:01:59,12.0,,공통
b180_mixed_ps_sub_r1,GA,142,BLK_142P,15,후면SAW,4,2025-12-20 05:15:19,2025-12-20 06:52:25,97.1,,공통
b180_mixed_ps_sub_r1,GA,142,BLK_142P,15,NC,5,2025-12-20 06:52:25,2025-12-20 07:40:58,48.5,,공통
b180_mixed_ps_sub_r1,GA,142,BLK_142P,15,베이36B 론지취부,6,2025-12-20 07:40:58,2025-12-20 08:39:58,59.0,36B,베이36B
b180_mixed_ps_sub_r1,GA,142,BLK_142P,15,베이36B 론지용접,7,2025-12-20 08:39:58,2025-12-20 09:01:22,21.4,36B,베이36B
b180_mixed_ps_sub_r1,GA,142,BLK_142P,15,베이36B 수정,8,2025-12-20 09:01:22,2025-12-20 09:37:10,35.8,36B,베이36B
b180_mixed_ps_sub_r1,GA,52,BLK_52C,16,판계,1,2025-12-19 15:33:00,2025-12-19 16:03:00,30.0,,공통
b180_mixed_ps_sub_r1,GA,52,BLK_52C,16,전면SAW,2,2025-12-20 04:49:59,2025-12-20 05:21:24,31.4,,공통
b180_mixed_ps_sub_r1,GA,52,BLK_52C,16,TurnOver,3,2025-12-20 05:21:24,2025-12-20 05:33:24,12.0,,공통
b180_mixed_ps_sub_r1,GA,52,BLK_52C,16,후면SAW,4,2025-12-20 06:52:25,2025-12-20 07:12:37,20.2,,공통
b180_mixed_ps_sub_r1,GA,52,BLK_52C,16,NC,5,2025-12-20 07:40:58,2025-12-20 08:28:12,47.2,,공통
b180_mixed_ps_sub_r1,GA,52,BLK_52C,16,베이35A 론지취부,6,2025-12-20 08:28:12,2025-12-20 09:44:42,76.5,35A,베이35A
b180_mixed_ps_sub_r1,GA,52,BLK_52C,16,베이35A 론지용접,7,2025-12-20 09:44:42,2025-12-20 10:09:06,24.4,35A,베이35A
b180_mixed_ps_sub_r1,GA,52,BLK_52C,16,베이35A 수정,8,2025-12-20 10:09:06,2025-12-20 10:55:54,46.8,35A,베이35A
b180_mixed_ps_sub_r1,GA,144,BLK_144S,17,판계,1,2025-12-19 16:03:00,2025-12-19 16:36:00,33.0,,공통
b180_mixed_ps_sub_r1,GA,144,BLK_144S,17,전면SAW,2,2025-12-20 05:21:24,2025-12-20 06:59:00,97.6,,공통
b180_mixed_ps_sub_r1,GA,144,BLK_144S,17,TurnOver,3,2025-12-20 06:59:00,2025-12-20 07:11:00,12.0,,공통
b180_mixed_ps_sub_r1,GA,144,BLK_144S,17,후면SAW,4,2025-12-20 07:12:37,2025-12-20 08:29:22,76.8,,공통
b180_mixed_ps_sub_r1,GA,144,BLK_144S,17,NC,5,2025-12-20 08:29:22,2025-12-20 09:10:13,40.9,,공통
b180_mixed_ps_sub_r1,GA,144,BLK_144S,17,베이36B 론지취부,6,2025-12-20 09:10:13,2025-12-20 10:12:43,62.5,36B,베이36B
b180_mixed_ps_sub_r1,GA,144,BLK_144S,17,베이36B 론지용접,7,2025-12-20 10:12:43,2025-12-20 10:34:43,22.0,36B,베이36B
b180_mixed_ps_sub_r1,GA,144,BLK_144S,17,베이36B 수정,8,2025-12-20 10:34:43,2025-12-20 11:12:43,38.0,36B,베이36B
b180_mixed_ps_sub_r1,GA,145,BLK_145C,18,판계,1,2025-12-19 16:36:00,2025-12-19 17:06:00,30.0,,공통
b180_mixed_ps_sub_r1,GA,145,BLK_145C,18,전면SAW,2,2025-12-20 06:59:00,2025-12-20 07:28:46,29.8,,공통
b180_mixed_ps_sub_r1,GA,145,BLK_145C,18,TurnOver,3,2025-12-20 07:28:46,2025-12-20 07:40:46,12.0,,공통
b180_mixed_ps_sub_r1,GA,145,BLK_145C,18,후면SAW,4,2025-12-20 08:29:22,2025-12-20 08:47:26,18.1,,공통
b180_mixed_ps_sub_r1,GA,145,BLK_145C,18,NC,5,2025-12-20 09:10:13,2025-12-20 09:50:55,40.7,,공통
b180_mixed_ps_sub_r1,GA,145,BLK_145C,18,베이35A 론지취부,6,2025-12-20 09:50:55,2025-12-20 10:53:25,62.5,35A,베이35A
b180_mixed_ps_sub_r1,GA,145,BLK_145C,18,베이35A 론지용접,7,2025-12-20 10:53:25,2025-12-20 11:15:25,22.0,35A,베이35A
b180_mixed_ps_sub_r1,GA,145,BLK_145C,18,베이35A 수정,8,2025-12-20 11:15:25,2025-12-20 11:53:25,38.0,35A,베이35A
b180_mixed_ps_sub_r1,GA,146,BLK_146C,19,판계,1,2025-12-19 17:06:00,2025-12-19 17:33:00,27.0,,공통
b180_mixed_ps_sub_r1,GA,146,BLK_146C,19,전면SAW,2,2025-12-20 07:28:46,2025-12-20 10:20:36,171.8,,공통
b180_mixed_ps_sub_r1,GA,146,BLK_146C,19,TurnOver,3,2025-12-20 10:20:36,2025-12-20 10:32:36,12.0,,공통
b180_mixed_ps_sub_r1,GA,146,BLK_146C,19,후면SAW,4,2025-12-20 10:32:36,2025-12-20 12:37:19,124.7,,공통
b180_mixed_ps_sub_r1,GA,146,BLK_146C,19,NC,5,2025-12-20 12:37:19,2025-12-20 13:13:34,36.2,,공통
b180_mixed_ps_sub_r1,GA,146,BLK_146C,19,베이36B 론지취부,6,2025-12-20 13:13:34,2025-12-20 13:48:04,34.5,36B,베이36B
b180_mixed_ps_sub_r1,GA,146,BLK_146C,19,베이36B 론지용접,7,2025-12-20 13:48:04,2025-12-20 14:01:16,13.2,36B,베이36B
b180_mixed_ps_sub_r1,GA,146,BLK_146C,19,베이36B 수정,8,2025-12-20 14:01:16,2025-12-20 14:21:40,20.4,36B,베이36B
b180_mixed_ps_sub_r1,GA,147,BLK_147S,1,판계,1,2025-12-20 08:00:00,2025-12-20 08:30:00,30.0,,공통
b180_mixed_ps_sub_r1,GA,147,BLK_147S,1,전면SAW,2,2025-12-20 10:20:36,2025-12-20 10:53:49,33.2,,공통
b180_mixed_ps_sub_r1,GA,147,BLK_147S,1,TurnOver,3,2025-12-20 10:53:49,2025-12-20 11:05:49,12.0,,공통
b180_mixed_ps_sub_r1,GA,147,BLK_147S,1,후면SAW,4,2025-12-20 12:37:19,2025-12-20 12:59:54,22.6,,공통
b180_mixed_ps_sub_r1,GA,147,BLK_147S,1,NC,5,2025-12-20 13:13:34,2025-12-20 13:57:04,43.5,,공통
b180_mixed_ps_sub_r1,GA,147,BLK_147S,1,베이35A 론지취부,6,2025-12-20 13:57:04,2025-12-20 15:45:04,108.0,35A,베이35A
b180_mixed_ps_sub_r1,GA,147,BLK_147S,1,베이35A 론지용접,7,2025-12-20 15:45:04,2025-12-20 16:14:52,29.8,35A,베이35A
b180_mixed_ps_sub_r1,GA,147,BLK_147S,1,베이35A 수정,8,2025-12-20 16:14:52,2025-12-20 17:21:28,66.6,35A,베이35A
b180_mixed_ps_sub_r1,GA,148,BLK_148S,2,판계,1,2025-12-20 08:30:00,2025-12-20 09:00:00,30.0,,공통
b180_mixed_ps_sub_r1,GA,148,BLK_148S,2,전면SAW,2,2025-12-20 10:53:49,2025-12-20 11:36:16,42.5,,공통
b180_mixed_ps_sub_r1,GA,148,BLK_148S,2,TurnOver,3,2025-12-20 11:36:16,2025-12-20 11:48:16,12.0,,공통
b180_mixed_ps_sub_r1,GA,148,BLK_148S,2,후면SAW,4,2025-12-20 12:59:54,2025-12-20 13:34:38,34.7,,공통
b180_mixed_ps_sub_r1,GA,148,BLK_148S,2,NC,5,2025-12-20 13:57:04,2025-12-20 14:46:24,49.3,,공통
b180_mixed_ps_sub_r1,GA,148,BLK_148S,2,베이36B 론지취부,6,2025-12-20 14:46:24,2025-12-20 16:20:24,94.0,36B,베이36B
b180_mixed_ps_sub_r1,GA,148,BLK_148S,2,베이36B 론지용접,7,2025-12-20 16:20:24,2025-12-20 16:47:48,27.4,36B,베이36B
b180_mixed_ps_sub_r1,GA,148,BLK_148S,2,베이36B 수정,8,2025-12-20 16:47:48,2025-12-20 17:45:36,57.8,36B,베이36B
b180_mixed_ps_sub_r1,GA,149,BLK_149C,3,판계,1,2025-12-20 09:00:00,2025-12-20 09:52:00,52.0,,공통
b180_mixed_ps_sub_r1,GA,149,BLK_149C,3,전면SAW,2,2025-12-20 11:36:16,2025-12-20 12:11:43,35.5,,공통
b180_mixed_ps_sub_r1,GA,149,BLK_149C,3,TurnOver,3,2025-12-20 12:11:43,2025-12-20 12:23:43,12.0,,공통
b180_mixed_ps_sub_r1,GA,149,BLK_149C,3,후면SAW,4,2025-12-20 13:34:38,2025-12-20 14:00:09,25.5,,공통
b180_mixed_ps_sub_r1,GA,149,BLK_149C,3,NC,5,2025-12-20 14:46:24,2025-12-20 15:45:53,59.5,,공통
b180_mixed_ps_sub_r1,GA,149,BLK_149C,3,베이36B 론지취부,6,2025-12-20 16:20:24,2025-12-20 17:47:24,87.0,36B,베이36B
b180_mixed_ps_sub_r1,GA,149,BLK_149C,3,베이36B 론지용접,7,2025-12-20 17:47:24,2025-12-20 18:13:36,26.2,36B,베이36B
b180_mixed_ps_sub_r1,GA,149,BLK_149C,3,베이36B 수정,8,2025-12-20 18:13:36,2025-12-20 19:07:00,53.4,36B,베이36B
b180_mixed_ps_sub_r1,GA,40,BLK_40S,4,판계,1,2025-12-20 09:52:00,2025-12-20 10:17:00,25.0,,공통
b180_mixed_ps_sub_r1,GA,40,BLK_40S,4,전면SAW,2,2025-12-20 12:11:43,2025-12-20 12:44:33,32.8,,공통
b180_mixed_ps_sub_r1,GA,40,BLK_40S,4,TurnOver,3,2025-12-20 12:44:33,2025-12-20 12:56:33,12.0,,공통
b180_mixed_ps_sub_r1,GA,40,BLK_40S,4,후면SAW,4,2025-12-20 14:00:09,2025-12-20 14:22:13,22.1,,공통
b180_mixed_ps_sub_r1,GA,40,BLK_40S,4,NC,5,2025-12-20 15:45:53,2025-12-20 16:20:07,34.2,,공통
b180_mixed_ps_sub_r1,GA,40,BLK_40S,4,베이35A 론지취부,6,2025-12-20 16:20:07,2025-12-20 17:08:37,48.5,35A,베이35A
b180_mixed_ps_sub_r1,GA,40,BLK_40S,4,베이35A 론지용접,7,2025-12-20 17:08:37,2025-12-20 17:28:13,19.6,35A,베이35A
b180_mixed_ps_sub_r1,GA,40,BLK_40S,4,베이35A 수정,8,2025-12-20 17:28:13,2025-12-20 17:57:25,29.2,35A,베이35A
b180_mixed_ps_sub_r1,GA,152,BLK_152P,5,판계,1,2025-12-20 10:17:00,2025-12-20 10:57:00,40.0,,공통
b180_mixed_ps_sub_r1,GA,152,BLK_152P,5,전면SAW,2,2025-12-20 12:44:33,2025-12-20 15:12:54,148.4,,공통
b180_mixed_ps_sub_r1,GA,152,BLK_152P,5,TurnOver,3,2025-12-20 15:12:54,2025-12-20 15:24:54,12.0,,공통
b180_mixed_ps_sub_r1,GA,152,BLK_152P,5,후면SAW,4,2025-12-20 15:24:54,2025-12-20 17:25:27,120.5,,공통
b180_mixed_ps_sub_r1,GA,152,BLK_152P,5,NC,5,2025-12-20 17:25:27,2025-12-20 18:15:27,50.0,,공통
b180_mixed_ps_sub_r1,GA,152,BLK_152P,5,베이36B 론지취부,6,2025-12-20 18:15:27,2025-12-20 19:03:57,48.5,36B,베이36B
b180_mixed_ps_sub_r1,GA,152,BLK_152P,5,베이36B 론지용접,7,2025-12-20 19:03:57,2025-12-20 19:23:33,19.6,36B,베이36B
b180_mixed_ps_sub_r1,GA,152,BLK_152P,5,베이36B 수정,8,2025-12-20 19:23:33,2025-12-20 19:52:45,29.2,36B,베이36B
b180_mixed_ps_sub_r1,GA,153,BLK_153C,6,판계,1,2025-12-20 10:57:00,2025-12-20 11:17:00,20.0,,공통
b180_mixed_ps_sub_r1,GA,153,BLK_153C,6,전면SAW,2,2025-12-20 15:12:54,2025-12-20 15:50:34,37.7,,공통
b180_mixed_ps_sub_r1,GA,153,BLK_153C,6,TurnOver,3,2025-12-20 15:50:34,2025-12-20 16:02:34,12.0,,공통
b180_mixed_ps_sub_r1,GA,153,BLK_153C,6,후면SAW,4,2025-12-20 17:25:27,2025-12-20 17:53:53,28.4,,공통
b180_mixed_ps_sub_r1,GA,153,BLK_153C,6,NC,5,2025-12-20 18:15:27,2025-12-20 18:43:49,28.4,,공통
b180_mixed_ps_sub_r1,GA,153,BLK_153C,6,베이35A 론지취부,6,2025-12-20 18:43:49,2025-12-20 19:28:49,45.0,35A,베이35A
b180_mixed_ps_sub_r1,GA,153,BLK_153C,6,베이35A 론지용접,7,2025-12-20 19:28:49,2025-12-20 19:47:49,19.0,35A,베이35A
b180_mixed_ps_sub_r1,GA,153,BLK_153C,6,베이35A 수정,8,2025-12-20 19:47:49,2025-12-20 20:14:49,27.0,35A,베이35A
b180_mixed_ps_sub_r1,GA,154,BLK_154C,7,판계,1,2025-12-20 11:17:00,2025-12-20 11:47:00,30.0,,공통
b180_mixed_ps_sub_r1,GA,154,BLK_154C,7,전면SAW,2,2025-12-20 15:50:34,2025-12-20 17:48:07,117.6,,공통
b180_mixed_ps_sub_r1,GA,154,BLK_154C,7,TurnOver,3,2025-12-20 17:48:07,2025-12-20 18:00:07,12.0,,공통
b180_mixed_ps_sub_r1,GA,154,BLK_154C,7,후면SAW,4,2025-12-20 18:00:07,2025-12-20 19:35:04,94.9,,공통
b180_mixed_ps_sub_r1,GA,154,BLK_154C,7,NC,5,2025-12-20 19:35:04,2025-12-20 20:28:01,53.0,,공통
b180_mixed_ps_sub_r1,GA,154,BLK_154C,7,베이36B 론지취부,6,2025-12-20 20:28:01,2025-12-20 21:30:31,62.5,36B,베이36B
b180_mixed_ps_sub_r1,GA,154,BLK_154C,7,베이36B 론지용접,7,2025-12-20 21:30:31,2025-12-20 21:52:31,22.0,36B,베이36B
b180_mixed_ps_sub_r1,GA,154,BLK_154C,7,베이36B 수정,8,2025-12-20 21:52:31,2025-12-20 22:30:31,38.0,36B,베이36B
b180_mixed_ps_sub_r1,GA,155,BLK_155P,8,판계,1,2025-12-20 11:47:00,2025-12-20 12:07:00,20.0,,공통
b180_mixed_ps_sub_r1,GA,155,BLK_155P,8,전면SAW,2,2025-12-20 17:48:07,2025-12-20 18:36:33,48.4,,공통
b180_mixed_ps_sub_r1,GA,155,BLK_155P,8,TurnOver,3,2025-12-20 18:36:33,2025-12-20 18:48:33,12.0,,공통
b180_mixed_ps_sub_r1,GA,155,BLK_155P,8,후면SAW,4,2025-12-20 19:35:04,2025-12-20 20:17:40,42.6,,공통
b180_mixed_ps_sub_r1,GA,155,BLK_155P,8,NC,5,2025-12-20 20:28:01,2025-12-20 20:57:57,29.9,,공통
b180_mixed_ps_sub_r1,GA,155,BLK_155P,8,베이35A 론지취부,6,2025-12-20 20:57:57,2025-12-20 21:49:57,52.0,35A,베이35A
b180_mixed_ps_sub_r1,GA,155,BLK_155P,8,베이35A 론지용접,7,2025-12-20 21:49:57,2025-12-20 22:10:09,20.2,35A,베이35A
b180_mixed_ps_sub_r1,GA,155,BLK_155P,8,베이35A 수정,8,2025-12-20 22:10:09,2025-12-20 22:41:33,31.4,35A,베이35A
b180_mixed_ps_sub_r1,GA,157,BLK_157C,9,판계,1,2025-12-20 12:07:00,2025-12-20 12:37:00,30.0,,공통
b180_mixed_ps_sub_r1,GA,157,BLK_157C,9,전면SAW,2,2025-12-20 18:36:33,2025-12-20 19:10:04,33.5,,공통
b180_mixed_ps_sub_r1,GA,157,BLK_157C,9,TurnOver,3,2025-12-20 19:10:04,2025-12-20 19:22:04,12.0,,공통
b180_mixed_ps_sub_r1,GA,157,BLK_157C,9,후면SAW,4,2025-12-20 20:17:40,2025-12-20 20:40:39,23.0,,공통
b180_mixed_ps_sub_r1,GA,157,BLK_157C,9,NC,5,2025-12-20 20:57:57,2025-12-20 21:42:16,44.3,,공통
b180_mixed_ps_sub_r1,GA,157,BLK_157C,9,베이36B 론지취부,6,2025-12-20 21:42:16,2025-12-20 22:44:46,62.5,36B,베이36B
b180_mixed_ps_sub_r1,GA,157,BLK_157C,9,베이36B 론지용접,7,2025-12-20 22:44:46,2025-12-20 23:06:46,22.0,36B,베이36B
b180_mixed_ps_sub_r1,GA,157,BLK_157C,9,베이36B 수정,8,2025-12-20 23:06:46,2025-12-20 23:44:46,38.0,36B,베이36B
b180_mixed_ps_sub_r1,GA,158,BLK_158C,10,판계,1,2025-12-20 12:37:00,2025-12-20 13:12:00,35.0,,공통
b180_mixed_ps_sub_r1,GA,158,BLK_158C,10,전면SAW,2,2025-12-20 19:10:04,2025-12-20 21:07:12,117.1,,공통
b180_mixed_ps_sub_r1,GA,158,BLK_158C,10,TurnOver,3,2025-12-20 21:07:12,2025-12-20 21:19:12,12.0,,공통
b180_mixed_ps_sub_r1,GA,158,BLK_158C,10,후면SAW,4,2025-12-20 21:19:12,2025-12-20 22:43:01,83.8,,공통
b180_mixed_ps_sub_r1,GA,158,BLK_158C,10,NC,5,2025-12-20 22:43:01,2025-12-20 23:19:32,36.5,,공통
b180_mixed_ps_sub_r1,GA,158,BLK_158C,10,베이35A 론지취부,6,2025-12-20 23:19:32,2025-12-21 00:01:02,41.5,35A,베이35A
b180_mixed_ps_sub_r1,GA,158,BLK_158C,10,베이35A 론지용접,7,2025-12-21 00:01:02,2025-12-21 00:19:26,18.4,35A,베이35A
b180_mixed_ps_sub_r1,GA,158,BLK_158C,10,베이35A 수정,8,2025-12-21 00:19:26,2025-12-21 00:44:14,24.8,35A,베이35A
b180_mixed_ps_sub_r1,GA,159,BLK_159C,11,판계,1,2025-12-20 13:12:00,2025-12-20 13:32:00,20.0,,공통
b180_mixed_ps_sub_r1,GA,159,BLK_159C,11,전면SAW,2,2025-12-20 21:07:12,2025-12-20 21:42:29,35.3,,공통
b180_mixed_ps_sub_r1,GA,159,BLK_159C,11,TurnOver,3,2025-12-20 21:42:29,2025-12-20 21:54:29,12.0,,공통
b180_mixed_ps_sub_r1,GA,159,BLK_159C,11,후면SAW,4,2025-12-20 22:43:01,2025-12-20 23:08:19,25.3,,공통
b180_mixed_ps_sub_r1,GA,159,BLK_159C,11,NC,5,2025-12-20 23:19:32,2025-12-20 23:48:31,29.0,,공통
b180_mixed_ps_sub_r1,GA,159,BLK_159C,11,베이36B 론지취부,6,2025-12-20 23:48:31,2025-12-21 00:44:01,55.5,36B,베이36B
b180_mixed_ps_sub_r1,GA,159,BLK_159C,11,베이36B 론지용접,7,2025-12-21 00:44:01,2025-12-21 01:04:49,20.8,36B,베이36B
b180_mixed_ps_sub_r1,GA,159,BLK_159C,11,베이36B 수정,8,2025-12-21 01:04:49,2025-12-21 01:38:25,33.6,36B,베이36B
b180_mixed_ps_sub_r1,GA,165,BLK_123S,1,판계,1,2025-12-21 08:00:00,2025-12-21 08:30:00,30.0,,공통
b180_mixed_ps_sub_r1,GA,165,BLK_123S,1,전면SAW,2,2025-12-21 08:30:00,2025-12-21 09:00:55,30.9,,공통
b180_mixed_ps_sub_r1,GA,165,BLK_123S,1,TurnOver,3,2025-12-21 09:00:55,2025-12-21 09:12:55,12.0,,공통
b180_mixed_ps_sub_r1,GA,165,BLK_123S,1,후면SAW,4,2025-12-21 09:12:55,2025-12-21 09:32:30,19.6,,공통
b180_mixed_ps_sub_r1,GA,165,BLK_123S,1,NC,5,2025-12-21 09:32:30,2025-12-21 10:21:21,48.8,,공통
b180_mixed_ps_sub_r1,GA,165,BLK_123S,1,베이35A 론지취부,6,2025-12-21 10:21:21,2025-12-21 11:48:21,87.0,35A,베이35A
b180_mixed_ps_sub_r1,GA,165,BLK_123S,1,베이35A 론지용접,7,2025-12-21 11:48:21,2025-12-21 12:14:33,26.2,35A,베이35A
b180_mixed_ps_sub_r1,GA,165,BLK_123S,1,베이35A 수정,8,2025-12-21 12:14:33,2025-12-21 13:07:57,53.4,35A,베이35A
b180_mixed_ps_sub_r1,GA,103,BLK_103C,2,판계,1,2025-12-21 08:30:00,2025-12-21 08:55:00,25.0,,공통
b180_mixed_ps_sub_r1,GA,103,BLK_103C,2,전면SAW,2,2025-12-21 09:00:55,2025-12-21 09:35:30,34.6,,공통
b180_mixed_ps_sub_r1,GA,103,BLK_103C,2,TurnOver,3,2025-12-21 09:35:30,2025-12-21 09:47:30,12.0,,공통
b180_mixed_ps_sub_r1,GA,103,BLK_103C,2,후면SAW,4,2025-12-21 09:47:30,2025-12-21 10:11:52,24.4,,공통
b180_mixed_ps_sub_r1,GA,103,BLK_103C,2,NC,5,2025-12-21 10:21:21,2025-12-21 10:58:12,36.9,,공통
b180_mixed_ps_sub_r1,GA,103,BLK_103C,2,베이36B 론지취부,6,2025-12-21 10:58:12,2025-12-21 12:00:42,62.5,36B,베이36B
b180_mixed_ps_sub_r1,GA,103,BLK_103C,2,베이36B 론지용접,7,2025-12-21 12:00:42,2025-12-21 12:22:42,22.0,36B,베이36B
b180_mixed_ps_sub_r1,GA,103,BLK_103C,2,베이36B 수정,8,2025-12-21 12:22:42,2025-12-21 13:00:42,38.0,36B,베이36B
b180_mixed_ps_sub_r1,GA,140,BLK_140C,3,판계,1,2025-12-21 08:55:00,2025-12-21 09:33:00,38.0,,공통
b180_mixed_ps_sub_r1,GA,140,BLK_140C,3,전면SAW,2,2025-12-21 09:35:30,2025-12-21 11:33:04,117.6,,공통
b180_mixed_ps_sub_r1,GA,140,BLK_140C,3,TurnOver,3,2025-12-21 11:33:04,2025-12-21 11:45:04,12.0,,공통
b180_mixed_ps_sub_r1,GA,140,BLK_140C,3,후면SAW,4,2025-12-21 11:45:04,2025-12-21 13:44:10,119.1,,공통
b180_mixed_ps_sub_r1,GA,140,BLK_140C,3,NC,5,2025-12-21 13:44:10,2025-12-21 14:33:03,48.9,,공통
b180_mixed_ps_sub_r1,GA,140,BLK_140C,3,베이35A 론지취부,6,2025-12-21 14:33:03,2025-12-21 15:39:03,66.0,35A,베이35A
b180_mixed_ps_sub_r1,GA,140,BLK_140C,3,베이35A 론지용접,7,2025-12-21 15:39:03,2025-12-21 16:01:39,22.6,35A,베이35A
b180_mixed_ps_sub_r1,GA,140,BLK_140C,3,베이35A 수정,8,2025-12-21 16:01:39,2025-12-21 16:41:51,40.2,35A,베이35A
b180_mixed_ps_sub_r1,GA,160,BLK_160P,4,판계,1,2025-12-21 09:33:00,2025-12-21 10:03:00,30.0,,공통
b180_mixed_ps_sub_r1,GA,160,BLK_160P,4,전면SAW,2,2025-12-21 11:33:04,2025-12-21 11:59:23,26.3,,공통
b180_mixed_ps_sub_r1,GA,160,BLK_160P,4,TurnOver,3,2025-12-21 11:59:23,2025-12-21 12:11:23,12.0,,공통
b180_mixed_ps_sub_r1,GA,160,BLK_160P,4,후면SAW,4,2025-12-21 13:44:10,2025-12-21 13:57:39,13.5,,공통
b180_mixed_ps_sub_r1,GA,160,BLK_160P,4,NC,5,2025-12-21 14:33:03,2025-12-21 15:20:28,47.4,,공통
b180_mixed_ps_sub_r1,GA,160,BLK_160P,4,베이36B 론지취부,6,2025-12-21 15:20:28,2025-12-21 16:15:58,55.5,36B,베이36B
b180_mixed_ps_sub_r1,GA,160,BLK_160P,4,베이36B 론지용접,7,2025-12-21 16:15:58,2025-12-21 16:36:46,20.8,36B,베이36B
b180_mixed_ps_sub_r1,GA,160,BLK_160P,4,베이36B 수정,8,2025-12-21 16:36:46,2025-12-21 17:10:22,33.6,36B,베이36B
b180_mixed_ps_sub_r1,GA,55,BLK_55P,5,판계,1,2025-12-21 10:03:00,2025-12-21 10:33:00,30.0,,공통
b180_mixed_ps_sub_r1,GA,55,BLK_55P,5,전면SAW,2,2025-12-21 11:59:23,2025-12-21 12:30:07,30.7,,공통
b180_mixed_ps_sub_r1,GA,55,BLK_55P,5,TurnOver,3,2025-12-21 12:30:07,2025-12-21 12:42:07,12.0,,공통
b180_mixed_ps_sub_r1,GA,55,BLK_55P,5,후면SAW,4,2025-12-21 13:57:39,2025-12-21 14:16:58,19.3,,공통
b180_mixed_ps_sub_r1,GA,55,BLK_55P,5,NC,5,2025-12-21 15:20:28,2025-12-21 16:00:58,40.5,,공통
b180_mixed_ps_sub_r1,GA,55,BLK_55P,5,베이35A 론지취부,6,2025-12-21 16:00:58,2025-12-21 17:17:28,76.5,35A,베이35A
b180_mixed_ps_sub_r1,GA,55,BLK_55P,5,베이35A 론지용접,7,2025-12-21 17:17:28,2025-12-21 17:41:52,24.4,35A,베이35A
b180_mixed_ps_sub_r1,GA,55,BLK_55P,5,베이35A 수정,8,2025-12-21 17:41:52,2025-12-21 18:28:40,46.8,35A,베이35A
b180_mixed_ps_sub_r1,GA,164,BLK_126S,6,판계,1,2025-12-21 10:33:00,2025-12-21 11:18:00,45.0,,공통
b180_mixed_ps_sub_r1,GA,164,BLK_126S,6,전면SAW,2,2025-12-21 12:30:07,2025-12-21 14:20:53,110.8,,공통
b180_mixed_ps_sub_r1,GA,164,BLK_126S,6,TurnOver,3,2025-12-21 14:20:53,2025-12-21 14:32:53,12.0,,공통
b180_mixed_ps_sub_r1,GA,164,BLK_126S,6,후면SAW,4,2025-12-21 14:32:53,2025-12-21 16:24:03,111.2,,공통
b180_mixed_ps_sub_r1,GA,164,BLK_126S,6,NC,5,2025-12-21 16:24:03,2025-12-21 17:21:28,57.4,,공통
b180_mixed_ps_sub_r1,GA,164,BLK_126S,6,베이36B 론지취부,6,2025-12-21 17:21:28,2025-12-21 18:34:28,73.0,36B,베이36B
b180_mixed_ps_sub_r1,GA,164,BLK_126S,6,베이36B 론지용접,7,2025-12-21 18:34:28,2025-12-21 18:58:16,23.8,36B,베이36B
b180_mixed_ps_sub_r1,GA,164,BLK_126S,6,베이36B 수정,8,2025-12-21 18:58:16,2025-12-21 19:42:52,44.6,36B,베이36B
b180_mixed_ps_sub_r1,GA,79,BLK_79P,7,판계,1,2025-12-21 11:18:00,2025-12-21 11:48:00,30.0,,공통
b180_mixed_ps_sub_r1,GA,79,BLK_79P,7,전면SAW,2,2025-12-21 14:20:53,2025-12-21 14:57:07,36.2,,공통
b180_mixed_ps_sub_r1,GA,79,BLK_79P,7,TurnOver,3,2025-12-21 14:57:07,2025-12-21 15:09:07,12.0,,공통
b180_mixed_ps_sub_r1,GA,79,BLK_79P,7,후면SAW,4,2025-12-21 16:24:03,2025-12-21 16:50:36,26.6,,공통
b180_mixed_ps_sub_r1,GA,79,BLK_79P,7,NC,5,2025-12-21 17:21:28,2025-12-21 18:04:03,42.6,,공통
b180_mixed_ps_sub_r1,GA,79,BLK_79P,7,베이35A 론지취부,6,2025-12-21 18:04:03,2025-12-21 19:03:03,59.0,35A,베이35A
b180_mixed_ps_sub_r1,GA,79,BLK_79P,7,베이35A 론지용접,7,2025-12-21 19:03:03,2025-12-21 19:24:27,21.4,35A,베이35A
b180_mixed_ps_sub_r1,GA,79,BLK_79P,7,베이35A 수정,8,2025-12-21 19:24:27,2025-12-21 20:00:15,35.8,35A,베이35A
b180_mixed_ps_sub_r1,GA,168,BLK_137S,8,판계,1,2025-12-21 11:48:00,2025-12-21 12:13:00,25.0,,공통
b180_mixed_ps_sub_r1,GA,168,BLK_137S,8,전면SAW,2,2025-12-21 14:57:07,2025-12-21 15:26:37,29.5,,공통
b180_mixed_ps_sub_r1,GA,168,BLK_137S,8,TurnOver,3,2025-12-21 15:26:37,2025-12-21 15:38:37,12.0,,공통
b180_mixed_ps_sub_r1,GA,168,BLK_137S,8,후면SAW,4,2025-12-21 16:50:36,2025-12-21 17:08:17,17.7,,공통
b180_mixed_ps_sub_r1,GA,168,BLK_137S,8,NC,5,2025-12-21 18:04:03,2025-12-21 18:35:10,31.1,,공통
b180_mixed_ps_sub_r1,GA,168,BLK_137S,8,베이36B 론지취부,6,2025-12-21 18:35:10,2025-12-21 19:16:40,41.5,36B,베이36B
b180_mixed_ps_sub_r1,GA,168,BLK_137S,8,베이36B 론지용접,7,2025-12-21 19:16:40,2025-12-21 19:35:04,18.4,36B,베이36B
b180_mixed_ps_sub_r1,GA,168,BLK_137S,8,베이36B 수정,8,2025-12-21 19:42:52,2025-12-21 20:07:40,24.8,36B,베이36B
b180_mixed_ps_sub_r1,GA,169,BLK_24S,9,판계,1,2025-12-21 12:13:00,2025-12-21 12:25:00,12.0,,공통
b180_mixed_ps_sub_r1,GA,169,BLK_24S,9,전면SAW,2,2025-12-21 15:26:37,2025-12-21 16:25:42,59.1,,공통
b180_mixed_ps_sub_r1,GA,169,BLK_24S,9,TurnOver,3,2025-12-21 16:25:42,2025-12-21 16:37:42,12.0,,공통
b180_mixed_ps_sub_r1,GA,169,BLK_24S,9,후면SAW,4,2025-12-21 17:08:17,2025-12-21 18:04:55,56.6,,공통
b180_mixed_ps_sub_r1,GA,169,BLK_24S,9,NC,5,2025-12-21 18:35:10,2025-12-21 18:55:45,20.6,,공통
b180_mixed_ps_sub_r1,GA,169,BLK_24S,9,베이35A 론지취부,6,2025-12-21 19:03:03,2025-12-21 19:37:33,34.5,35A,베이35A
b180_mixed_ps_sub_r1,GA,169,BLK_24S,9,베이35A 론지용접,7,2025-12-21 19:37:33,2025-12-21 19:50:45,13.2,35A,베이35A
b180_mixed_ps_sub_r1,GA,169,BLK_24S,9,베이35A 수정,8,2025-12-21 20:00:15,2025-12-21 20:20:39,20.4,35A,베이35A
b180_mixed_ps_sub_r1,GA,175,BLK_5P,2,판계,1,2025-12-12 08:33:00,2025-12-12 09:03:00,30.0,,공통
b180_mixed_ps_sub_r1,GA,175,BLK_5P,2,전면SAW,2,2025-12-12 10:06:04,2025-12-12 10:40:38,34.6,,공통
b180_mixed_ps_sub_r1,GA,175,BLK_5P,2,TurnOver,3,2025-12-12 10:40:38,2025-12-12 10:52:38,12.0,,공통
b180_mixed_ps_sub_r1,GA,175,BLK_5P,2,후면SAW,4,2025-12-12 11:30:42,2025-12-12 11:55:03,24.4,,공통
b180_mixed_ps_sub_r1,GA,175,BLK_5P,2,NC,5,2025-12-12 12:10:41,2025-12-12 12:54:54,44.2,,공통
b180_mixed_ps_sub_r1,GA,175,BLK_5P,2,베이36B 론지취부,6,2025-12-12 12:54:54,2025-12-12 14:39:24,104.5,36B,베이36B
b180_mixed_ps_sub_r1,GA,175,BLK_5P,2,베이36B 론지용접,7,2025-12-12 14:39:24,2025-12-12 15:08:36,29.2,36B,베이36B
b180_mixed_ps_sub_r1,GA,175,BLK_5P,2,베이36B 수정,8,2025-12-12 15:08:36,2025-12-12 16:13:00,64.4,36B,베이36B
b180_mixed_ps_sub_r1,GA,177,BLK_13P,7,판계,1,2025-12-12 10:52:00,2025-12-12 11:30:00,38.0,,공통
b180_mixed_ps_sub_r1,GA,177,BLK_13P,7,전면SAW,2,2025-12-12 17:19:11,2025-12-12 19:11:24,112.2,,공통
b180_mixed_ps_sub_r1,GA,177,BLK_13P,7,TurnOver,3,2025-12-12 19:11:24,2025-12-12 19:23:24,12.0,,공통
b180_mixed_ps_sub_r1,GA,177,BLK_13P,7,후면SAW,4,2025-12-12 19:23:24,2025-12-12 20:53:29,90.1,,공통
b180_mixed_ps_sub_r1,GA,177,BLK_13P,7,NC,5,2025-12-12 20:53:29,2025-12-12 21:42:49,49.3,,공통
b180_mixed_ps_sub_r1,GA,177,BLK_13P,7,베이35A 론지취부,6,2025-12-12 21:42:49,2025-12-12 22:59:19,76.5,35A,베이35A
b180_mixed_ps_sub_r1,GA,177,BLK_13P,7,베이35A 론지용접,7,2025-12-12 22:59:19,2025-12-12 23:23:43,24.4,35A,베이35A
b180_mixed_ps_sub_r1,GA,177,BLK_13P,7,베이35A 수정,8,2025-12-12 23:23:43,2025-12-13 00:10:31,46.8,35A,베이35A
b180_mixed_ps_sub_r1,GA,176,BLK_25C,11,판계,1,2025-12-12 12:55:00,2025-12-12 13:07:00,12.0,,공통
b180_mixed_ps_sub_r1,GA,176,BLK_25C,11,전면SAW,2,2025-12-12 21:00:20,2025-12-12 21:41:22,41.0,,공통
b180_mixed_ps_sub_r1,GA,176,BLK_25C,11,TurnOver,3,2025-12-12 21:41:22,2025-12-12 21:53:22,12.0,,공통
b180_mixed_ps_sub_r1,GA,176,BLK_25C,11,후면SAW,4,2025-12-12 22:13:27,2025-12-12 22:46:19,32.9,,공통
b180_mixed_ps_sub_r1,GA,176,BLK_25C,11,NC,5,2025-12-12 23:45:03,2025-12-13 00:06:08,21.1,,공통
b180_mixed_ps_sub_r1,GA,176,BLK_25C,11,베이35A 론지취부,6,2025-12-13 00:19:33,2025-12-13 00:57:33,38.0,35A,베이35A
b180_mixed_ps_sub_r1,GA,176,BLK_25C,11,베이35A 론지용접,7,2025-12-13 00:57:33,2025-12-13 01:11:21,13.8,35A,베이35A
b180_mixed_ps_sub_r1,GA,176,BLK_25C,11,베이35A 수정,8,2025-12-13 01:30:45,2025-12-13 01:53:21,22.6,35A,베이35A
b180_mixed_ps_sub_r1,GA,174,BLK_11C,36,판계,1,2025-12-14 09:23:00,2025-12-14 09:53:00,30.0,,공통
b180_mixed_ps_sub_r1,GA,174,BLK_11C,36,전면SAW,2,2025-12-14 12:23:02,2025-12-14 12:57:54,34.9,,공통
b180_mixed_ps_sub_r1,GA,174,BLK_11C,36,TurnOver,3,2025-12-14 12:57:54,2025-12-14 13:09:54,12.0,,공통
b180_mixed_ps_sub_r1,GA,174,BLK_11C,36,후면SAW,4,2025-12-14 14:05:30,2025-12-14 14:30:16,24.8,,공통
b180_mixed_ps_sub_r1,GA,174,BLK_11C,36,NC,5,2025-12-14 14:50:45,2025-12-14 15:33:28,42.7,,공통
b180_mixed_ps_sub_r1,GA,174,BLK_11C,36,베이36B 론지취부,6,2025-12-14 15:33:28,2025-12-14 16:42:58,69.5,36B,베이36B
b180_mixed_ps_sub_r1,GA,174,BLK_11C,36,베이36B 론지용접,7,2025-12-14 16:42:58,2025-12-14 17:06:10,23.2,36B,베이36B
b180_mixed_ps_sub_r1,GA,174,BLK_11C,36,베이36B 수정,8,2025-12-14 17:06:10,2025-12-14 17:48:34,42.4,36B,베이36B
b180_mixed_ps_sub_r1,GA,172,BLK_28S,71,판계,1,2025-12-16 09:42:00,2025-12-16 10:12:00,30.0,,공통
b180_mixed_ps_sub_r1,GA,172,BLK_28S,71,전면SAW,2,2025-12-16 17:14:11,2025-12-16 18:52:28,98.3,,공통
b180_mixed_ps_sub_r1,GA,172,BLK_28S,71,TurnOver,3,2025-12-16 18:52:28,2025-12-16 19:04:28,12.0,,공통
b180_mixed_ps_sub_r1,GA,172,BLK_28S,71,후면SAW,4,2025-12-16 19:10:24,2025-12-16 20:27:46,77.4,,공통
b180_mixed_ps_sub_r1,GA,172,BLK_28S,71,NC,5,2025-12-16 20:27:46,2025-12-16 21:21:31,53.7,,공통
b180_mixed_ps_sub_r1,GA,172,BLK_28S,71,베이36B 론지취부,6,2025-12-16 21:21:31,2025-12-16 22:41:31,80.0,36B,베이36B
b180_mixed_ps_sub_r1,GA,172,BLK_28S,71,베이36B 론지용접,7,2025-12-16 22:41:31,2025-12-16 23:06:31,25.0,36B,베이36B
b180_mixed_ps_sub_r1,GA,172,BLK_28S,71,베이36B 수정,8,2025-12-16 23:06:31,2025-12-16 23:55:31,49.0,36B,베이36B
b180_mixed_ps_sub_r1,GA,173,BLK_85P,99,판계,1,2025-12-17 12:55:00,2025-12-17 13:33:00,38.0,,공통
b180_mixed_ps_sub_r1,GA,173,BLK_85P,99,전면SAW,2,2025-12-17 21:42:37,2025-12-17 23:41:35,119.0,,공통
b180_mixed_ps_sub_r1,GA,173,BLK_85P,99,TurnOver,3,2025-12-17 23:41:35,2025-12-17 23:53:35,12.0,,공통
b180_mixed_ps_sub_r1,GA,173,BLK_85P,99,후면SAW,4,2025-12-17 23:53:35,2025-12-18 01:29:49,96.2,,공통
b180_mixed_ps_sub_r1,GA,173,BLK_85P,99,NC,5,2025-12-18 01:29:49,2025-12-18 02:17:32,47.7,,공통
b180_mixed_ps_sub_r1,GA,173,BLK_85P,99,베이35A 론지취부,6,2025-12-18 02:17:32,2025-12-18 03:41:02,83.5,35A,베이35A
b180_mixed_ps_sub_r1,GA,173,BLK_85P,99,베이35A 론지용접,7,2025-12-18 03:41:02,2025-12-18 04:06:38,25.6,35A,베이35A
b180_mixed_ps_sub_r1,GA,173,BLK_85P,99,베이35A 수정,8,2025-12-18 04:06:38,2025-12-18 04:57:50,51.2,35A,베이35A
b180_mixed_ps_sub_r1,GA,180,BLK_91C,102,판계,1,2025-12-17 14:18:00,2025-12-17 14:38:00,20.0,,공통
b180_mixed_ps_sub_r1,GA,180,BLK_91C,102,전면SAW,2,2025-12-18 02:01:28,2025-12-18 02:49:12,47.7,,공통
b180_mixed_ps_sub_r1,GA,180,BLK_91C,102,TurnOver,3,2025-12-18 02:49:12,2025-12-18 03:01:12,12.0,,공통
b180_mixed_ps_sub_r1,GA,180,BLK_91C,102,후면SAW,4,2025-12-18 03:48:36,2025-12-18 04:30:16,41.7,,공통
b180_mixed_ps_sub_r1,GA,180,BLK_91C,102,NC,5,2025-12-18 04:30:16,2025-12-18 05:01:49,31.6,,공통
b180_mixed_ps_sub_r1,GA,180,BLK_91C,102,베이36B 론지취부,6,2025-12-18 05:01:49,2025-12-18 06:04:19,62.5,36B,베이36B
b180_mixed_ps_sub_r1,GA,180,BLK_91C,102,베이36B 론지용접,7,2025-12-18 06:04:19,2025-12-18 06:26:19,22.0,36B,베이36B
b180_mixed_ps_sub_r1,GA,180,BLK_91C,102,베이36B 수정,8,2025-12-18 06:26:19,2025-12-18 07:04:19,38.0,36B,베이36B
b180_mixed_ps_sub_r1,GA,178,BLK_112C,121,판계,1,2025-12-18 12:18:00,2025-12-18 13:03:00,45.0,,공통
b180_mixed_ps_sub_r1,GA,178,BLK_112C,121,전면SAW,2,2025-12-18 23:56:57,2025-12-19 00:35:27,38.5,,공통
b180_mixed_ps_sub_r1,GA,178,BLK_112C,121,TurnOver,3,2025-12-19 00:35:27,2025-12-19 00:47:27,12.0,,공통
b180_mixed_ps_sub_r1,GA,178,BLK_112C,121,후면SAW,4,2025-12-19 01:32:11,2025-12-19 02:01:43,29.5,,공통
b180_mixed_ps_sub_r1,GA,178,BLK_112C,121,NC,5,2025-12-19 02:01:43,2025-12-19 02:53:21,51.6,,공통
b180_mixed_ps_sub_r1,GA,178,BLK_112C,121,베이36B 론지취부,6,2025-12-19 02:55:39,2025-12-19 04:01:39,66.0,36B,베이36B
b180_mixed_ps_sub_r1,GA,178,BLK_112C,121,베이36B 론지용접,7,2025-12-19 04:01:39,2025-12-19 04:24:15,22.6,36B,베이36B
b180_mixed_ps_sub_r1,GA,178,BLK_112C,121,베이36B 수정,8,2025-12-19 04:24:15,2025-12-19 05:04:27,40.2,36B,베이36B
b180_mixed_ps_sub_r1,GA,179,BLK_161S,145,판계,1,2025-12-19 13:43:00,2025-12-19 14:23:00,40.0,,공통
b180_mixed_ps_sub_r1,GA,179,BLK_161S,145,전면SAW,2,2025-12-19 23:05:42,2025-12-20 02:07:29,181.8,,공통
b180_mixed_ps_sub_r1,GA,179,BLK_161S,145,TurnOver,3,2025-12-20 02:07:29,2025-12-20 02:19:29,12.0,,공통
b180_mixed_ps_sub_r1,GA,179,BLK_161S,145,후면SAW,4,2025-12-20 02:19:29,2025-12-20 04:35:03,135.6,,공통
b180_mixed_ps_sub_r1,GA,179,BLK_161S,145,NC,5,2025-12-20 04:35:03,2025-12-20 05:23:18,48.2,,공통
b180_mixed_ps_sub_r1,GA,179,BLK_161S,145,베이36B 론지취부,6,2025-12-20 05:23:18,2025-12-20 06:32:48,69.5,36B,베이36B
b180_mixed_ps_sub_r1,GA,179,BLK_161S,145,베이36B 론지용접,7,2025-12-20 06:32:48,2025-12-20 06:56:00,23.2,36B,베이36B
b180_mixed_ps_sub_r1,GA,179,BLK_161S,145,베이36B 수정,8,2025-12-20 06:56:00,2025-12-20 07:38:24,42.4,36B,베이36B
