grid_case_id,method_label,size_bucket,total_blocks,distribution_profile,graph_makespan_hours,graph_violations,date,block_id,block_name,sequence,process_name,process_index,start_time,end_time,duration_min,assigned_bay,machine_type,unity_process_row_source,source_representative_block_id
b140_heavy_work_r1,Proposed,Medium (81-140),140,heavy_work,209.75,1,20250402,64,BLK_64S,1,판계,1,2025-04-02 08:00:00,2025-04-02 08:45:36,45.6,,공통,raw,
b140_heavy_work_r1,Proposed,Medium (81-140),140,heavy_work,209.75,1,20250402,64,BLK_64S,1,전면SAW,2,2025-04-02 08:45:36,2025-04-02 10:57:48,132.2,,공통,raw,
b140_heavy_work_r1,Proposed,Medium (81-140),140,heavy_work,209.75,1,20250402,64,BLK_64S,1,TurnOver,3,2025-04-02 10:57:48,2025-04-02 11:12:12,14.4,,공통,raw,
b140_heavy_work_r1,Proposed,Medium (81-140),140,heavy_work,209.75,1,20250402,64,BLK_64S,1,후면SAW,4,2025-04-02 11:12:12,2025-04-02 13:24:46,132.6,,공통,raw,
b140_heavy_work_r1,Proposed,Medium (81-140),140,heavy_work,209.75,1,20250402,64,BLK_64S,1,NC,5,2025-04-02 13:24:46,2025-04-02 14:20:38,55.9,,공통,raw,
b140_heavy_work_r1,Proposed,Medium (81-140),140,heavy_work,209.75,1,20250402,64,BLK_64S,1,베이35A 론지취부,6,2025-04-02 14:20:38,2025-04-02 16:00:50,100.2,35A,베이35A,raw,
b140_heavy_work_r1,Proposed,Medium (81-140),140,heavy_work,209.75,1,20250402,64,BLK_64S,1,베이35A 론지용접,7,2025-04-02 16:00:50,2025-04-02 16:31:33,30.7,35A,베이35A,raw,
b140_heavy_work_r1,Proposed,Medium (81-140),140,heavy_work,209.75,1,20250402,64,BLK_64S,1,베이35A 수정,8,2025-04-02 16:31:33,2025-04-02 17:33:00,61.4,35A,베이35A,raw,
b140_heavy_work_r1,Proposed,Medium (81-140),140,heavy_work,209.75,1,20250402,1,BLK_1S,2,판계,1,2025-04-02 08:45:36,2025-04-02 09:21:36,36.0,,공통,raw,
b140_heavy_work_r1,Proposed,Medium (81-140),140,heavy_work,209.75,1,20250402,1,BLK_1S,2,전면SAW,2,2025-04-02 10:57:48,2025-04-02 11:37:52,40.1,,공통,raw,
b140_heavy_work_r1,Proposed,Medium (81-140),140,heavy_work,209.75,1,20250402,1,BLK_1S,2,TurnOver,3,2025-04-02 11:37:52,2025-04-02 11:52:16,14.4,,공통,raw,
b140_heavy_work_r1,Proposed,Medium (81-140),140,heavy_work,209.75,1,20250402,1,BLK_1S,2,후면SAW,4,2025-04-02 13:24:46,2025-04-02 13:52:08,27.4,,공통,raw,
b140_heavy_work_r1,Proposed,Medium (81-140),140,heavy_work,209.75,1,20250402,1,BLK_1S,2,NC,5,2025-04-02 14:20:38,2025-04-02 15:21:25,60.8,,공통,raw,
b140_heavy_work_r1,Proposed,Medium (81-140),140,heavy_work,209.75,1,20250402,1,BLK_1S,2,베이36B 론지취부,6,2025-04-02 15:21:25,2025-04-02 17:05:49,104.4,36B,베이36B,raw,
b140_heavy_work_r1,Proposed,Medium (81-140),140,heavy_work,209.75,1,20250402,1,BLK_1S,2,베이36B 론지용접,7,2025-04-02 17:05:49,2025-04-02 17:37:15,31.4,36B,베이36B,raw,
b140_heavy_work_r1,Proposed,Medium (81-140),140,heavy_work,209.75,1,20250402,1,BLK_1S,2,베이36B 수정,8,2025-04-02 17:37:15,2025-04-02 18:41:20,64.1,36B,베이36B,raw,
b140_heavy_work_r1,Proposed,Medium (81-140),140,heavy_work,209.75,1,20250402,104,BLK_104P,3,판계,1,2025-04-02 09:21:36,2025-04-02 09:57:36,36.0,,공통,raw,
b140_heavy_work_r1,Proposed,Medium (81-140),140,heavy_work,209.75,1,20250402,104,BLK_104P,3,전면SAW,2,2025-04-02 11:37:52,2025-04-02 12:12:05,34.2,,공통,raw,
b140_heavy_work_r1,Proposed,Medium (81-140),140,heavy_work,209.75,1,20250402,104,BLK_104P,3,TurnOver,3,2025-04-02 12:12:05,2025-04-02 12:26:29,14.4,,공통,raw,
b140_heavy_work_r1,Proposed,Medium (81-140),140,heavy_work,209.75,1,20250402,104,BLK_104P,3,후면SAW,4,2025-04-02 13:52:08,2025-04-02 14:11:49,19.7,,공통,raw,
b140_heavy_work_r1,Proposed,Medium (81-140),140,heavy_work,209.75,1,20250402,104,BLK_104P,3,NC,5,2025-04-02 15:21:25,2025-04-02 16:14:18,52.9,,공통,raw,
b140_heavy_work_r1,Proposed,Medium (81-140),140,heavy_work,209.75,1,20250402,104,BLK_104P,3,베이35A 론지취부,6,2025-04-02 16:14:18,2025-04-02 17:46:06,91.8,35A,베이35A,raw,
b140_heavy_work_r1,Proposed,Medium (81-140),140,heavy_work,209.75,1,20250402,104,BLK_104P,3,베이35A 론지용접,7,2025-04-02 17:46:06,2025-04-02 18:15:23,29.3,35A,베이35A,raw,
b140_heavy_work_r1,Proposed,Medium (81-140),140,heavy_work,209.75,1,20250402,104,BLK_104P,3,베이35A 수정,8,2025-04-02 18:15:23,2025-04-02 19:11:33,56.2,35A,베이35A,raw,
b140_heavy_work_r1,Proposed,Medium (81-140),140,heavy_work,209.75,1,20250402,74,BLK_74S,4,판계,1,2025-04-02 09:57:36,2025-04-02 10:21:36,24.0,,공통,raw,
b140_heavy_work_r1,Proposed,Medium (81-140),140,heavy_work,209.75,1,20250402,74,BLK_74S,4,전면SAW,2,2025-04-02 12:12:05,2025-04-02 14:02:18,110.2,,공통,raw,
b140_heavy_work_r1,Proposed,Medium (81-140),140,heavy_work,209.75,1,20250402,74,BLK_74S,4,TurnOver,3,2025-04-02 14:02:18,2025-04-02 14:16:42,14.4,,공통,raw,
b140_heavy_work_r1,Proposed,Medium (81-140),140,heavy_work,209.75,1,20250402,74,BLK_74S,4,후면SAW,4,2025-04-02 14:16:42,2025-04-02 15:42:30,85.8,,공통,raw,
b140_heavy_work_r1,Proposed,Medium (81-140),140,heavy_work,209.75,1,20250402,74,BLK_74S,4,NC,5,2025-04-02 16:14:18,2025-04-02 16:44:41,30.4,,공통,raw,
b140_heavy_work_r1,Proposed,Medium (81-140),140,heavy_work,209.75,1,20250402,74,BLK_74S,4,베이36B 론지취부,6,2025-04-02 17:05:49,2025-04-02 17:34:37,28.8,36B,베이36B,raw,
b140_heavy_work_r1,Proposed,Medium (81-140),140,heavy_work,209.75,1,20250402,74,BLK_74S,4,베이36B 론지용접,7,2025-04-02 17:37:15,2025-04-02 17:50:56,13.7,36B,베이36B,raw,
b140_heavy_work_r1,Proposed,Medium (81-140),140,heavy_work,209.75,1,20250402,74,BLK_74S,4,베이36B 수정,8,2025-04-02 18:41:20,2025-04-02 18:57:54,16.6,36B,베이36B,raw,
b140_heavy_work_r1,Proposed,Medium (81-140),140,heavy_work,209.75,1,20250402,5,BLK_5S,5,판계,1,2025-04-02 10:21:36,2025-04-02 10:51:36,30.0,,공통,raw,
b140_heavy_work_r1,Proposed,Medium (81-140),140,heavy_work,209.75,1,20250402,5,BLK_5S,5,전면SAW,2,2025-04-02 14:02:18,2025-04-02 14:40:40,38.4,,공통,raw,
b140_heavy_work_r1,Proposed,Medium (81-140),140,heavy_work,209.75,1,20250402,5,BLK_5S,5,TurnOver,3,2025-04-02 14:40:40,2025-04-02 14:55:04,14.4,,공통,raw,
b140_heavy_work_r1,Proposed,Medium (81-140),140,heavy_work,209.75,1,20250402,5,BLK_5S,5,후면SAW,4,2025-04-02 15:42:30,2025-04-02 16:07:38,25.1,,공통,raw,
b140_heavy_work_r1,Proposed,Medium (81-140),140,heavy_work,209.75,1,20250402,5,BLK_5S,5,NC,5,2025-04-02 16:44:41,2025-04-02 17:27:41,43.0,,공통,raw,
b140_heavy_work_r1,Proposed,Medium (81-140),140,heavy_work,209.75,1,20250402,5,BLK_5S,5,베이35A 론지취부,6,2025-04-02 17:46:06,2025-04-02 19:09:30,83.4,35A,베이35A,raw,
b140_heavy_work_r1,Proposed,Medium (81-140),140,heavy_work,209.75,1,20250402,5,BLK_5S,5,베이35A 론지용접,7,2025-04-02 19:09:30,2025-04-02 19:37:21,27.8,35A,베이35A,raw,
b140_heavy_work_r1,Proposed,Medium (81-140),140,heavy_work,209.75,1,20250402,5,BLK_5S,5,베이35A 수정,8,2025-04-02 19:37:21,2025-04-02 20:28:14,50.9,35A,베이35A,raw,
b140_heavy_work_r1,Proposed,Medium (81-140),140,heavy_work,209.75,1,20250402,124,BLK_124C,6,판계,1,2025-04-02 10:51:36,2025-04-02 11:15:36,24.0,,공통,raw,
b140_heavy_work_r1,Proposed,Medium (81-140),140,heavy_work,209.75,1,20250402,124,BLK_124C,6,전면SAW,2,2025-04-02 14:40:40,2025-04-02 15:25:50,45.2,,공통,raw,
b140_heavy_work_r1,Proposed,Medium (81-140),140,heavy_work,209.75,1,20250402,124,BLK_124C,6,TurnOver,3,2025-04-02 15:25:50,2025-04-02 15:40:14,14.4,,공통,raw,
b140_heavy_work_r1,Proposed,Medium (81-140),140,heavy_work,209.75,1,20250402,124,BLK_124C,6,후면SAW,4,2025-04-02 16:07:38,2025-04-02 16:41:43,34.1,,공통,raw,
b140_heavy_work_r1,Proposed,Medium (81-140),140,heavy_work,209.75,1,20250402,124,BLK_124C,6,NC,5,2025-04-02 17:27:41,2025-04-02 18:01:25,33.7,,공통,raw,
b140_heavy_work_r1,Proposed,Medium (81-140),140,heavy_work,209.75,1,20250402,124,BLK_124C,6,베이36B 론지취부,6,2025-04-02 18:01:25,2025-04-02 19:16:25,75.0,36B,베이36B,raw,
b140_heavy_work_r1,Proposed,Medium (81-140),140,heavy_work,209.75,1,20250402,124,BLK_124C,6,베이36B 론지용접,7,2025-04-02 19:16:25,2025-04-02 19:42:49,26.4,36B,베이36B,raw,
b140_heavy_work_r1,Proposed,Medium (81-140),140,heavy_work,209.75,1,20250402,124,BLK_124C,6,베이36B 수정,8,2025-04-02 19:42:49,2025-04-02 20:28:25,45.6,36B,베이36B,raw,
b140_heavy_work_r1,Proposed,Medium (81-140),140,heavy_work,209.75,1,20250402,54,BLK_54S,7,판계,1,2025-04-02 11:15:36,2025-04-02 11:51:36,36.0,,공통,raw,
b140_heavy_work_r1,Proposed,Medium (81-140),140,heavy_work,209.75,1,20250402,54,BLK_54S,7,전면SAW,2,2025-04-02 15:25:50,2025-04-02 15:59:30,33.7,,공통,raw,
b140_heavy_work_r1,Proposed,Medium (81-140),140,heavy_work,209.75,1,20250402,54,BLK_54S,7,TurnOver,3,2025-04-02 15:59:30,2025-04-02 16:13:54,14.4,,공통,raw,
b140_heavy_work_r1,Proposed,Medium (81-140),140,heavy_work,209.75,1,20250402,54,BLK_54S,7,후면SAW,4,2025-04-02 16:41:43,2025-04-02 17:00:40,18.9,,공통,raw,
b140_heavy_work_r1,Proposed,Medium (81-140),140,heavy_work,209.75,1,20250402,54,BLK_54S,7,NC,5,2025-04-02 18:01:25,2025-04-02 18:45:42,44.3,,공통,raw,
b140_heavy_work_r1,Proposed,Medium (81-140),140,heavy_work,209.75,1,20250402,54,BLK_54S,7,베이36B 론지취부,6,2025-04-02 19:16:25,2025-04-02 20:10:25,54.0,36B,베이36B,raw,
b140_heavy_work_r1,Proposed,Medium (81-140),140,heavy_work,209.75,1,20250402,54,BLK_54S,7,베이36B 론지용접,7,2025-04-02 20:10:25,2025-04-02 20:33:13,22.8,36B,베이36B,raw,
b140_heavy_work_r1,Proposed,Medium (81-140),140,heavy_work,209.75,1,20250402,54,BLK_54S,7,베이36B 수정,8,2025-04-02 20:33:13,2025-04-02 21:05:37,32.4,36B,베이36B,raw,
b140_heavy_work_r1,Proposed,Medium (81-140),140,heavy_work,209.75,1,20250402,84,BLK_84S,8,판계,1,2025-04-02 11:51:36,2025-04-02 12:33:36,42.0,,공통,raw,
b140_heavy_work_r1,Proposed,Medium (81-140),140,heavy_work,209.75,1,20250402,84,BLK_84S,8,전면SAW,2,2025-04-02 15:59:30,2025-04-02 19:13:16,193.8,,공통,raw,
b140_heavy_work_r1,Proposed,Medium (81-140),140,heavy_work,209.75,1,20250402,84,BLK_84S,8,TurnOver,3,2025-04-02 19:13:16,2025-04-02 19:27:40,14.4,,공통,raw,
b140_heavy_work_r1,Proposed,Medium (81-140),140,heavy_work,209.75,1,20250402,84,BLK_84S,8,후면SAW,4,2025-04-02 19:27:40,2025-04-02 22:16:35,168.9,,공통,raw,
b140_heavy_work_r1,Proposed,Medium (81-140),140,heavy_work,209.75,1,20250402,84,BLK_84S,8,NC,5,2025-04-02 22:16:35,2025-04-02 23:03:56,47.3,,공통,raw,
b140_heavy_work_r1,Proposed,Medium (81-140),140,heavy_work,209.75,1,20250402,84,BLK_84S,8,베이35A 론지취부,6,2025-04-02 23:03:56,2025-04-03 00:10:32,66.6,35A,베이35A,raw,
b140_heavy_work_r1,Proposed,Medium (81-140),140,heavy_work,209.75,1,20250402,84,BLK_84S,8,베이35A 론지용접,7,2025-04-03 00:10:32,2025-04-03 00:35:29,25.0,35A,베이35A,raw,
b140_heavy_work_r1,Proposed,Medium (81-140),140,heavy_work,209.75,1,20250402,84,BLK_84S,8,베이35A 수정,8,2025-04-03 00:35:29,2025-04-03 01:15:48,40.3,35A,베이35A,raw,
b140_heavy_work_r1,Proposed,Medium (81-140),140,heavy_work,209.75,1,20250402,94,BLK_94C,9,판계,1,2025-04-02 12:33:36,2025-04-02 13:21:36,48.0,,공통,raw,
b140_heavy_work_r1,Proposed,Medium (81-140),140,heavy_work,209.75,1,20250402,94,BLK_94C,9,전면SAW,2,2025-04-02 19:13:16,2025-04-02 21:18:51,125.6,,공통,raw,
b140_heavy_work_r1,Proposed,Medium (81-140),140,heavy_work,209.75,1,20250402,94,BLK_94C,9,TurnOver,3,2025-04-02 21:18:51,2025-04-02 21:33:15,14.4,,공통,raw,
b140_heavy_work_r1,Proposed,Medium (81-140),140,heavy_work,209.75,1,20250402,94,BLK_94C,9,후면SAW,4,2025-04-02 22:16:35,2025-04-02 23:45:11,88.6,,공통,raw,
b140_heavy_work_r1,Proposed,Medium (81-140),140,heavy_work,209.75,1,20250402,94,BLK_94C,9,NC,5,2025-04-02 23:45:11,2025-04-03 00:35:44,50.5,,공통,raw,
b140_heavy_work_r1,Proposed,Medium (81-140),140,heavy_work,209.75,1,20250402,94,BLK_94C,9,베이36B 론지취부,6,2025-04-03 00:35:44,2025-04-03 01:17:08,41.4,36B,베이36B,raw,
b140_heavy_work_r1,Proposed,Medium (81-140),140,heavy_work,209.75,1,20250402,94,BLK_94C,9,베이36B 론지용접,7,2025-04-03 01:17:08,2025-04-03 01:32:58,15.8,36B,베이36B,raw,
b140_heavy_work_r1,Proposed,Medium (81-140),140,heavy_work,209.75,1,20250402,94,BLK_94C,9,베이36B 수정,8,2025-04-03 01:32:58,2025-04-03 01:57:27,24.5,36B,베이36B,raw,
b140_heavy_work_r1,Proposed,Medium (81-140),140,heavy_work,209.75,1,20250402,13,BLK_13C,10,판계,1,2025-04-02 13:21:36,2025-04-02 13:57:36,36.0,,공통,raw,
b140_heavy_work_r1,Proposed,Medium (81-140),140,heavy_work,209.75,1,20250402,13,BLK_13C,10,전면SAW,2,2025-04-02 21:18:51,2025-04-02 21:55:14,36.4,,공통,raw,
b140_heavy_work_r1,Proposed,Medium (81-140),140,heavy_work,209.75,1,20250402,13,BLK_13C,10,TurnOver,3,2025-04-02 21:55:14,2025-04-02 22:09:38,14.4,,공통,raw,
b140_heavy_work_r1,Proposed,Medium (81-140),140,heavy_work,209.75,1,20250402,13,BLK_13C,10,후면SAW,4,2025-04-02 23:45:11,2025-04-03 00:07:43,22.5,,공통,raw,
b140_heavy_work_r1,Proposed,Medium (81-140),140,heavy_work,209.75,1,20250402,13,BLK_13C,10,NC,5,2025-04-03 00:35:44,2025-04-03 01:23:22,47.6,,공통,raw,
b140_heavy_work_r1,Proposed,Medium (81-140),140,heavy_work,209.75,1,20250402,13,BLK_13C,10,베이35A 론지취부,6,2025-04-03 01:23:22,2025-04-03 02:13:10,49.8,35A,베이35A,raw,
b140_heavy_work_r1,Proposed,Medium (81-140),140,heavy_work,209.75,1,20250402,13,BLK_13C,10,베이35A 론지용접,7,2025-04-03 02:13:10,2025-04-03 02:35:15,22.1,35A,베이35A,raw,
b140_heavy_work_r1,Proposed,Medium (81-140),140,heavy_work,209.75,1,20250402,13,BLK_13C,10,베이35A 수정,8,2025-04-03 02:35:15,2025-04-03 03:05:00,29.8,35A,베이35A,raw,
b140_heavy_work_r1,Proposed,Medium (81-140),140,heavy_work,209.75,1,20250402,21,BLK_21C,11,판계,1,2025-04-02 13:57:36,2025-04-02 14:37:12,39.6,,공통,raw,
b140_heavy_work_r1,Proposed,Medium (81-140),140,heavy_work,209.75,1,20250402,21,BLK_21C,11,전면SAW,2,2025-04-02 21:55:14,2025-04-02 23:45:21,110.1,,공통,raw,
b140_heavy_work_r1,Proposed,Medium (81-140),140,heavy_work,209.75,1,20250402,21,BLK_21C,11,TurnOver,3,2025-04-02 23:45:21,2025-04-02 23:59:45,14.4,,공통,raw,
b140_heavy_work_r1,Proposed,Medium (81-140),140,heavy_work,209.75,1,20250402,21,BLK_21C,11,후면SAW,4,2025-04-03 00:07:43,2025-04-03 01:33:25,85.7,,공통,raw,
b140_heavy_work_r1,Proposed,Medium (81-140),140,heavy_work,209.75,1,20250402,21,BLK_21C,11,NC,5,2025-04-03 01:33:25,2025-04-03 02:21:10,47.7,,공통,raw,
b140_heavy_work_r1,Proposed,Medium (81-140),140,heavy_work,209.75,1,20250402,21,BLK_21C,11,베이36B 론지취부,6,2025-04-03 02:21:10,2025-04-03 03:19:22,58.2,36B,베이36B,raw,
b140_heavy_work_r1,Proposed,Medium (81-140),140,heavy_work,209.75,1,20250402,21,BLK_21C,11,베이36B 론지용접,7,2025-04-03 03:19:22,2025-04-03 03:42:54,23.5,36B,베이36B,raw,
b140_heavy_work_r1,Proposed,Medium (81-140),140,heavy_work,209.75,1,20250402,21,BLK_21C,11,베이36B 수정,8,2025-04-03 03:42:54,2025-04-03 04:17:56,35.0,36B,베이36B,raw,
b140_heavy_work_r1,Proposed,Medium (81-140),140,heavy_work,209.75,1,20250402,9,BLK_9C,12,판계,1,2025-04-02 14:37:12,2025-04-02 14:51:36,14.4,,공통,raw,
b140_heavy_work_r1,Proposed,Medium (81-140),140,heavy_work,209.75,1,20250402,9,BLK_9C,12,전면SAW,2,2025-04-02 23:45:21,2025-04-03 00:32:51,47.5,,공통,raw,
b140_heavy_work_r1,Proposed,Medium (81-140),140,heavy_work,209.75,1,20250402,9,BLK_9C,12,TurnOver,3,2025-04-03 00:32:51,2025-04-03 00:47:15,14.4,,공통,raw,
b140_heavy_work_r1,Proposed,Medium (81-140),140,heavy_work,209.75,1,20250402,9,BLK_9C,12,후면SAW,4,2025-04-03 01:33:25,2025-04-03 02:10:35,37.2,,공통,raw,
b140_heavy_work_r1,Proposed,Medium (81-140),140,heavy_work,209.75,1,20250402,9,BLK_9C,12,NC,5,2025-04-03 02:21:10,2025-04-03 02:47:38,26.5,,공통,raw,
b140_heavy_work_r1,Proposed,Medium (81-140),140,heavy_work,209.75,1,20250402,9,BLK_9C,12,베이35A 론지취부,6,2025-04-03 02:47:38,2025-04-03 03:16:26,28.8,35A,베이35A,raw,
b140_heavy_work_r1,Proposed,Medium (81-140),140,heavy_work,209.75,1,20250402,9,BLK_9C,12,베이35A 론지용접,7,2025-04-03 03:16:26,2025-04-03 03:34:55,18.5,35A,베이35A,raw,
b140_heavy_work_r1,Proposed,Medium (81-140),140,heavy_work,209.75,1,20250402,9,BLK_9C,12,베이35A 수정,8,2025-04-03 03:34:55,2025-04-03 03:51:28,16.6,35A,베이35A,raw,
b140_heavy_work_r1,Proposed,Medium (81-140),140,heavy_work,209.75,1,20250402,17,BLK_17C,13,판계,1,2025-04-02 14:51:36,2025-04-02 15:37:12,45.6,,공통,raw,
b140_heavy_work_r1,Proposed,Medium (81-140),140,heavy_work,209.75,1,20250402,17,BLK_17C,13,전면SAW,2,2025-04-03 00:32:51,2025-04-03 02:29:28,116.6,,공통,raw,
b140_heavy_work_r1,Proposed,Medium (81-140),140,heavy_work,209.75,1,20250402,17,BLK_17C,13,TurnOver,3,2025-04-03 02:29:28,2025-04-03 02:43:52,14.4,,공통,raw,
b140_heavy_work_r1,Proposed,Medium (81-140),140,heavy_work,209.75,1,20250402,17,BLK_17C,13,후면SAW,4,2025-04-03 02:43:52,2025-04-03 04:15:30,91.6,,공통,raw,
b140_heavy_work_r1,Proposed,Medium (81-140),140,heavy_work,209.75,1,20250402,17,BLK_17C,13,NC,5,2025-04-03 04:15:30,2025-04-03 05:11:58,56.5,,공통,raw,
b140_heavy_work_r1,Proposed,Medium (81-140),140,heavy_work,209.75,1,20250402,17,BLK_17C,13,베이36B 론지취부,6,2025-04-03 05:11:58,2025-04-03 06:26:58,75.0,36B,베이36B,raw,
b140_heavy_work_r1,Proposed,Medium (81-140),140,heavy_work,209.75,1,20250402,17,BLK_17C,13,베이36B 론지용접,7,2025-04-03 06:26:58,2025-04-03 06:53:22,26.4,36B,베이36B,raw,
b140_heavy_work_r1,Proposed,Medium (81-140),140,heavy_work,209.75,1,20250402,17,BLK_17C,13,베이36B 수정,8,2025-04-03 06:53:22,2025-04-03 07:38:58,45.6,36B,베이36B,raw,
b140_heavy_work_r1,Proposed,Medium (81-140),140,heavy_work,209.75,1,20250402,114,BLK_114C,14,판계,1,2025-04-02 15:37:12,2025-04-02 16:31:12,54.0,,공통,raw,
b140_heavy_work_r1,Proposed,Medium (81-140),140,heavy_work,209.75,1,20250402,114,BLK_114C,14,전면SAW,2,2025-04-03 02:29:28,2025-04-03 04:09:23,99.9,,공통,raw,
b140_heavy_work_r1,Proposed,Medium (81-140),140,heavy_work,209.75,1,20250402,114,BLK_114C,14,TurnOver,3,2025-04-03 04:09:23,2025-04-03 04:23:47,14.4,,공통,raw,
b140_heavy_work_r1,Proposed,Medium (81-140),140,heavy_work,209.75,1,20250402,114,BLK_114C,14,후면SAW,4,2025-04-03 04:23:47,2025-04-03 05:58:42,94.9,,공통,raw,
b140_heavy_work_r1,Proposed,Medium (81-140),140,heavy_work,209.75,1,20250402,114,BLK_114C,14,NC,5,2025-04-03 05:58:42,2025-04-03 07:12:46,74.1,,공통,raw,
b140_heavy_work_r1,Proposed,Medium (81-140),140,heavy_work,209.75,1,20250402,114,BLK_114C,14,베이36B 론지취부,6,2025-04-03 07:12:46,2025-04-03 08:52:58,100.2,36B,베이36B,raw,
b140_heavy_work_r1,Proposed,Medium (81-140),140,heavy_work,209.75,1,20250402,114,BLK_114C,14,베이36B 론지용접,7,2025-04-03 08:52:58,2025-04-03 09:23:41,30.7,36B,베이36B,raw,
b140_heavy_work_r1,Proposed,Medium (81-140),140,heavy_work,209.75,1,20250402,114,BLK_114C,14,베이36B 수정,8,2025-04-03 09:23:41,2025-04-03 10:25:07,61.4,36B,베이36B,raw,
b140_heavy_work_r1,Proposed,Medium (81-140),140,heavy_work,209.75,1,20250402,2,BLK_2C,15,판계,1,2025-04-02 16:31:12,2025-04-02 17:01:12,30.0,,공통,raw,
b140_heavy_work_r1,Proposed,Medium (81-140),140,heavy_work,209.75,1,20250402,2,BLK_2C,15,전면SAW,2,2025-04-03 04:09:23,2025-04-03 04:49:12,39.8,,공통,raw,
b140_heavy_work_r1,Proposed,Medium (81-140),140,heavy_work,209.75,1,20250402,2,BLK_2C,15,TurnOver,3,2025-04-03 04:49:12,2025-04-03 05:03:36,14.4,,공통,raw,
b140_heavy_work_r1,Proposed,Medium (81-140),140,heavy_work,209.75,1,20250402,2,BLK_2C,15,후면SAW,4,2025-04-03 05:58:42,2025-04-03 06:25:43,27.0,,공통,raw,
b140_heavy_work_r1,Proposed,Medium (81-140),140,heavy_work,209.75,1,20250402,2,BLK_2C,15,NC,5,2025-04-03 07:12:46,2025-04-03 07:56:15,43.5,,공통,raw,
b140_heavy_work_r1,Proposed,Medium (81-140),140,heavy_work,209.75,1,20250402,2,BLK_2C,15,베이35A 론지취부,6,2025-04-03 07:56:15,2025-04-03 09:28:03,91.8,35A,베이35A,raw,
b140_heavy_work_r1,Proposed,Medium (81-140),140,heavy_work,209.75,1,20250402,2,BLK_2C,15,베이35A 론지용접,7,2025-04-03 09:28:03,2025-04-03 09:57:20,29.3,35A,베이35A,raw,
b140_heavy_work_r1,Proposed,Medium (81-140),140,heavy_work,209.75,1,20250402,2,BLK_2C,15,베이35A 수정,8,2025-04-03 09:57:20,2025-04-03 10:53:29,56.2,35A,베이35A,raw,
b140_heavy_work_r1,Proposed,Medium (81-140),140,heavy_work,209.75,1,20250402,37,BLK_37P,16,판계,1,2025-04-02 17:01:12,2025-04-02 17:34:48,33.6,,공통,raw,
b140_heavy_work_r1,Proposed,Medium (81-140),140,heavy_work,209.75,1,20250402,37,BLK_37P,16,전면SAW,2,2025-04-03 04:49:12,2025-04-03 07:08:43,139.5,,공통,raw,
b140_heavy_work_r1,Proposed,Medium (81-140),140,heavy_work,209.75,1,20250402,37,BLK_37P,16,TurnOver,3,2025-04-03 07:08:43,2025-04-03 07:23:07,14.4,,공통,raw,
b140_heavy_work_r1,Proposed,Medium (81-140),140,heavy_work,209.75,1,20250402,37,BLK_37P,16,후면SAW,4,2025-04-03 07:23:07,2025-04-03 09:44:13,141.1,,공통,raw,
b140_heavy_work_r1,Proposed,Medium (81-140),140,heavy_work,209.75,1,20250402,37,BLK_37P,16,NC,5,2025-04-03 09:44:13,2025-04-03 10:29:38,45.4,,공통,raw,
b140_heavy_work_r1,Proposed,Medium (81-140),140,heavy_work,209.75,1,20250402,37,BLK_37P,16,베이36B 론지취부,6,2025-04-03 10:29:38,2025-04-03 12:01:26,91.8,36B,베이36B,raw,
b140_heavy_work_r1,Proposed,Medium (81-140),140,heavy_work,209.75,1,20250402,37,BLK_37P,16,베이36B 론지용접,7,2025-04-03 12:01:26,2025-04-03 12:30:43,29.3,36B,베이36B,raw,
b140_heavy_work_r1,Proposed,Medium (81-140),140,heavy_work,209.75,1,20250402,37,BLK_37P,16,베이36B 수정,8,2025-04-03 12:30:43,2025-04-03 13:26:52,56.2,36B,베이36B,raw,
b140_heavy_work_r1,Proposed,Medium (81-140),140,heavy_work,209.75,1,20250402,6,BLK_6C,17,판계,1,2025-04-02 17:34:48,2025-04-02 17:58:48,24.0,,공통,raw,
b140_heavy_work_r1,Proposed,Medium (81-140),140,heavy_work,209.75,1,20250402,6,BLK_6C,17,전면SAW,2,2025-04-03 07:08:43,2025-04-03 08:09:20,60.6,,공통,raw,
b140_heavy_work_r1,Proposed,Medium (81-140),140,heavy_work,209.75,1,20250402,6,BLK_6C,17,TurnOver,3,2025-04-03 08:09:20,2025-04-03 08:23:44,14.4,,공통,raw,
b140_heavy_work_r1,Proposed,Medium (81-140),140,heavy_work,209.75,1,20250402,6,BLK_6C,17,후면SAW,4,2025-04-03 09:44:13,2025-04-03 10:38:38,54.4,,공통,raw,
b140_heavy_work_r1,Proposed,Medium (81-140),140,heavy_work,209.75,1,20250402,6,BLK_6C,17,NC,5,2025-04-03 10:38:38,2025-04-03 11:14:16,35.6,,공통,raw,
b140_heavy_work_r1,Proposed,Medium (81-140),140,heavy_work,209.75,1,20250402,6,BLK_6C,17,베이35A 론지취부,6,2025-04-03 11:14:16,2025-04-03 12:20:52,66.6,35A,베이35A,raw,
b140_heavy_work_r1,Proposed,Medium (81-140),140,heavy_work,209.75,1,20250402,6,BLK_6C,17,베이35A 론지용접,7,2025-04-03 12:20:52,2025-04-03 12:45:49,25.0,35A,베이35A,raw,
b140_heavy_work_r1,Proposed,Medium (81-140),140,heavy_work,209.75,1,20250402,6,BLK_6C,17,베이35A 수정,8,2025-04-03 12:45:49,2025-04-03 13:26:08,40.3,35A,베이35A,raw,
b140_heavy_work_r1,Proposed,Medium (81-140),140,heavy_work,209.75,1,20250402,25,BLK_25C,18,판계,1,2025-04-02 17:58:48,2025-04-02 18:13:12,14.4,,공통,raw,
b140_heavy_work_r1,Proposed,Medium (81-140),140,heavy_work,209.75,1,20250402,25,BLK_25C,18,전면SAW,2,2025-04-03 08:09:20,2025-04-03 09:32:43,83.4,,공통,raw,
b140_heavy_work_r1,Proposed,Medium (81-140),140,heavy_work,209.75,1,20250402,25,BLK_25C,18,TurnOver,3,2025-04-03 09:32:43,2025-04-03 09:47:07,14.4,,공통,raw,
b140_heavy_work_r1,Proposed,Medium (81-140),140,heavy_work,209.75,1,20250402,25,BLK_25C,18,후면SAW,4,2025-04-03 10:38:38,2025-04-03 12:03:02,84.4,,공통,raw,
b140_heavy_work_r1,Proposed,Medium (81-140),140,heavy_work,209.75,1,20250402,25,BLK_25C,18,NC,5,2025-04-03 12:03:02,2025-04-03 12:30:59,28.0,,공통,raw,
b140_heavy_work_r1,Proposed,Medium (81-140),140,heavy_work,209.75,1,20250402,25,BLK_25C,18,베이36B 론지취부,6,2025-04-03 12:30:59,2025-04-03 13:16:35,45.6,36B,베이36B,raw,
b140_heavy_work_r1,Proposed,Medium (81-140),140,heavy_work,209.75,1,20250402,25,BLK_25C,18,베이36B 론지용접,7,2025-04-03 13:16:35,2025-04-03 13:37:57,21.4,36B,베이36B,raw,
b140_heavy_work_r1,Proposed,Medium (81-140),140,heavy_work,209.75,1,20250402,25,BLK_25C,18,베이36B 수정,8,2025-04-03 13:37:57,2025-04-03 14:05:04,27.1,36B,베이36B,raw,
b140_heavy_work_r1,Proposed,Medium (81-140),140,heavy_work,209.75,1,20250403,18,BLK_18P,1,판계,1,2025-04-03 08:00:00,2025-04-03 08:36:00,36.0,,공통,raw,
b140_heavy_work_r1,Proposed,Medium (81-140),140,heavy_work,209.75,1,20250403,18,BLK_18P,1,전면SAW,2,2025-04-03 08:36:00,2025-04-03 10:33:20,117.3,,공통,raw,
b140_heavy_work_r1,Proposed,Medium (81-140),140,heavy_work,209.75,1,20250403,18,BLK_18P,1,TurnOver,3,2025-04-03 10:33:20,2025-04-03 10:47:44,14.4,,공통,raw,
b140_heavy_work_r1,Proposed,Medium (81-140),140,heavy_work,209.75,1,20250403,18,BLK_18P,1,후면SAW,4,2025-04-03 10:47:44,2025-04-03 12:20:01,92.3,,공통,raw,
b140_heavy_work_r1,Proposed,Medium (81-140),140,heavy_work,209.75,1,20250403,18,BLK_18P,1,NC,5,2025-04-03 12:20:01,2025-04-03 13:26:59,67.0,,공통,raw,
b140_heavy_work_r1,Proposed,Medium (81-140),140,heavy_work,209.75,1,20250403,18,BLK_18P,1,베이36B 론지취부,6,2025-04-03 13:26:59,2025-04-03 15:11:23,104.4,36B,베이36B,raw,
b140_heavy_work_r1,Proposed,Medium (81-140),140,heavy_work,209.75,1,20250403,18,BLK_18P,1,베이36B 론지용접,7,2025-04-03 15:11:23,2025-04-03 15:42:49,31.4,36B,베이36B,raw,
b140_heavy_work_r1,Proposed,Medium (81-140),140,heavy_work,209.75,1,20250403,18,BLK_18P,1,베이36B 수정,8,2025-04-03 15:42:49,2025-04-03 16:46:54,64.1,36B,베이36B,raw,
b140_heavy_work_r1,Proposed,Medium (81-140),140,heavy_work,209.75,1,20250403,29,BLK_29S,2,판계,1,2025-04-03 08:36:00,2025-04-03 09:06:00,30.0,,공통,raw,
b140_heavy_work_r1,Proposed,Medium (81-140),140,heavy_work,209.75,1,20250403,29,BLK_29S,2,전면SAW,2,2025-04-03 10:33:20,2025-04-03 11:08:42,35.4,,공통,raw,
b140_heavy_work_r1,Proposed,Medium (81-140),140,heavy_work,209.75,1,20250403,29,BLK_29S,2,TurnOver,3,2025-04-03 11:08:42,2025-04-03 11:23:06,14.4,,공통,raw,
b140_heavy_work_r1,Proposed,Medium (81-140),140,heavy_work,209.75,1,20250403,29,BLK_29S,2,후면SAW,4,2025-04-03 12:20:01,2025-04-03 12:41:13,21.2,,공통,raw,
b140_heavy_work_r1,Proposed,Medium (81-140),140,heavy_work,209.75,1,20250403,29,BLK_29S,2,NC,5,2025-04-03 13:26:59,2025-04-03 14:08:49,41.8,,공통,raw,
b140_heavy_work_r1,Proposed,Medium (81-140),140,heavy_work,209.75,1,20250403,29,BLK_29S,2,베이35A 론지취부,6,2025-04-03 14:08:49,2025-04-03 15:36:25,87.6,35A,베이35A,raw,
b140_heavy_work_r1,Proposed,Medium (81-140),140,heavy_work,209.75,1,20250403,29,BLK_29S,2,베이35A 론지용접,7,2025-04-03 15:36:25,2025-04-03 16:04:58,28.6,35A,베이35A,raw,
b140_heavy_work_r1,Proposed,Medium (81-140),140,heavy_work,209.75,1,20250403,29,BLK_29S,2,베이35A 수정,8,2025-04-03 16:04:58,2025-04-03 16:58:30,53.5,35A,베이35A,raw,
b140_heavy_work_r1,Proposed,Medium (81-140),140,heavy_work,209.75,1,20250403,41,BLK_41S,3,판계,1,2025-04-03 09:06:00,2025-04-03 09:30:00,24.0,,공통,raw,
b140_heavy_work_r1,Proposed,Medium (81-140),140,heavy_work,209.75,1,20250403,41,BLK_41S,3,전면SAW,2,2025-04-03 11:08:42,2025-04-03 13:33:13,144.5,,공통,raw,
b140_heavy_work_r1,Proposed,Medium (81-140),140,heavy_work,209.75,1,20250403,41,BLK_41S,3,TurnOver,3,2025-04-03 13:33:13,2025-04-03 13:47:37,14.4,,공통,raw,
b140_heavy_work_r1,Proposed,Medium (81-140),140,heavy_work,209.75,1,20250403,41,BLK_41S,3,후면SAW,4,2025-04-03 13:47:37,2025-04-03 15:44:42,117.1,,공통,raw,
b140_heavy_work_r1,Proposed,Medium (81-140),140,heavy_work,209.75,1,20250403,41,BLK_41S,3,NC,5,2025-04-03 15:44:42,2025-04-03 16:16:57,32.3,,공통,raw,
b140_heavy_work_r1,Proposed,Medium (81-140),140,heavy_work,209.75,1,20250403,41,BLK_41S,3,베이36B 론지취부,6,2025-04-03 16:16:57,2025-04-03 17:06:45,49.8,36B,베이36B,raw,
b140_heavy_work_r1,Proposed,Medium (81-140),140,heavy_work,209.75,1,20250403,41,BLK_41S,3,베이36B 론지용접,7,2025-04-03 17:06:45,2025-04-03 17:28:50,22.1,36B,베이36B,raw,
b140_heavy_work_r1,Proposed,Medium (81-140),140,heavy_work,209.75,1,20250403,41,BLK_41S,3,베이36B 수정,8,2025-04-03 17:28:50,2025-04-03 17:58:35,29.8,36B,베이36B,raw,
b140_heavy_work_r1,Proposed,Medium (81-140),140,heavy_work,209.75,1,20250403,10,BLK_10P,4,판계,1,2025-04-03 09:30:00,2025-04-03 10:06:00,36.0,,공통,raw,
b140_heavy_work_r1,Proposed,Medium (81-140),140,heavy_work,209.75,1,20250403,10,BLK_10P,4,전면SAW,2,2025-04-03 13:33:13,2025-04-03 14:20:05,46.9,,공통,raw,
b140_heavy_work_r1,Proposed,Medium (81-140),140,heavy_work,209.75,1,20250403,10,BLK_10P,4,TurnOver,3,2025-04-03 14:20:05,2025-04-03 14:34:29,14.4,,공통,raw,
b140_heavy_work_r1,Proposed,Medium (81-140),140,heavy_work,209.75,1,20250403,10,BLK_10P,4,후면SAW,4,2025-04-03 15:44:42,2025-04-03 16:21:01,36.3,,공통,raw,
b140_heavy_work_r1,Proposed,Medium (81-140),140,heavy_work,209.75,1,20250403,10,BLK_10P,4,NC,5,2025-04-03 16:21:01,2025-04-03 17:16:20,55.3,,공통,raw,
b140_heavy_work_r1,Proposed,Medium (81-140),140,heavy_work,209.75,1,20250403,10,BLK_10P,4,베이36B 론지취부,6,2025-04-03 17:16:20,2025-04-03 18:48:08,91.8,36B,베이36B,raw,
b140_heavy_work_r1,Proposed,Medium (81-140),140,heavy_work,209.75,1,20250403,10,BLK_10P,4,베이36B 론지용접,7,2025-04-03 18:48:08,2025-04-03 19:17:25,29.3,36B,베이36B,raw,
b140_heavy_work_r1,Proposed,Medium (81-140),140,heavy_work,209.75,1,20250403,10,BLK_10P,4,베이36B 수정,8,2025-04-03 19:17:25,2025-04-03 20:13:35,56.2,36B,베이36B,raw,
b140_heavy_work_r1,Proposed,Medium (81-140),140,heavy_work,209.75,1,20250403,14,BLK_14P,5,판계,1,2025-04-03 10:06:00,2025-04-03 10:39:36,33.6,,공통,raw,
b140_heavy_work_r1,Proposed,Medium (81-140),140,heavy_work,209.75,1,20250403,14,BLK_14P,5,전면SAW,2,2025-04-03 14:20:05,2025-04-03 16:14:57,114.9,,공통,raw,
b140_heavy_work_r1,Proposed,Medium (81-140),140,heavy_work,209.75,1,20250403,14,BLK_14P,5,TurnOver,3,2025-04-03 16:14:57,2025-04-03 16:29:21,14.4,,공통,raw,
b140_heavy_work_r1,Proposed,Medium (81-140),140,heavy_work,209.75,1,20250403,14,BLK_14P,5,후면SAW,4,2025-04-03 16:29:21,2025-04-03 17:59:23,90.0,,공통,raw,
b140_heavy_work_r1,Proposed,Medium (81-140),140,heavy_work,209.75,1,20250403,14,BLK_14P,5,NC,5,2025-04-03 17:59:23,2025-04-03 18:37:09,37.8,,공통,raw,
b140_heavy_work_r1,Proposed,Medium (81-140),140,heavy_work,209.75,1,20250403,14,BLK_14P,5,베이35A 론지취부,6,2025-04-03 18:37:09,2025-04-03 19:35:21,58.2,35A,베이35A,raw,
b140_heavy_work_r1,Proposed,Medium (81-140),140,heavy_work,209.75,1,20250403,14,BLK_14P,5,베이35A 론지용접,7,2025-04-03 19:35:21,2025-04-03 19:58:53,23.5,35A,베이35A,raw,
b140_heavy_work_r1,Proposed,Medium (81-140),140,heavy_work,209.75,1,20250403,14,BLK_14P,5,베이35A 수정,8,2025-04-03 19:58:53,2025-04-03 20:33:55,35.0,35A,베이35A,raw,
b140_heavy_work_r1,Proposed,Medium (81-140),140,heavy_work,209.75,1,20250403,33,BLK_33C,6,판계,1,2025-04-03 10:39:36,2025-04-03 11:15:36,36.0,,공통,raw,
b140_heavy_work_r1,Proposed,Medium (81-140),140,heavy_work,209.75,1,20250403,33,BLK_33C,6,전면SAW,2,2025-04-03 16:14:57,2025-04-03 16:48:37,33.7,,공통,raw,
b140_heavy_work_r1,Proposed,Medium (81-140),140,heavy_work,209.75,1,20250403,33,BLK_33C,6,TurnOver,3,2025-04-03 16:48:37,2025-04-03 17:03:01,14.4,,공통,raw,
b140_heavy_work_r1,Proposed,Medium (81-140),140,heavy_work,209.75,1,20250403,33,BLK_33C,6,후면SAW,4,2025-04-03 17:59:23,2025-04-03 18:18:20,19.0,,공통,raw,
b140_heavy_work_r1,Proposed,Medium (81-140),140,heavy_work,209.75,1,20250403,33,BLK_33C,6,NC,5,2025-04-03 18:37:09,2025-04-03 19:33:59,56.8,,공통,raw,
b140_heavy_work_r1,Proposed,Medium (81-140),140,heavy_work,209.75,1,20250403,33,BLK_33C,6,베이36B 론지취부,6,2025-04-03 19:33:59,2025-04-03 20:53:11,79.2,36B,베이36B,raw,
b140_heavy_work_r1,Proposed,Medium (81-140),140,heavy_work,209.75,1,20250403,33,BLK_33C,6,베이36B 론지용접,7,2025-04-03 20:53:11,2025-04-03 21:20:18,27.1,36B,베이36B,raw,
b140_heavy_work_r1,Proposed,Medium (81-140),140,heavy_work,209.75,1,20250403,33,BLK_33C,6,베이36B 수정,8,2025-04-03 21:20:18,2025-04-03 22:08:33,48.2,36B,베이36B,raw,
b140_heavy_work_r1,Proposed,Medium (81-140),140,heavy_work,209.75,1,20250403,133,BLK_10S,7,판계,1,2025-04-03 11:15:36,2025-04-03 11:51:36,36.0,,공통,raw,
b140_heavy_work_r1,Proposed,Medium (81-140),140,heavy_work,209.75,1,20250403,133,BLK_10S,7,전면SAW,2,2025-04-03 16:48:37,2025-04-03 17:35:29,46.9,,공통,raw,
b140_heavy_work_r1,Proposed,Medium (81-140),140,heavy_work,209.75,1,20250403,133,BLK_10S,7,TurnOver,3,2025-04-03 17:35:29,2025-04-03 17:49:53,14.4,,공통,raw,
b140_heavy_work_r1,Proposed,Medium (81-140),140,heavy_work,209.75,1,20250403,133,BLK_10S,7,후면SAW,4,2025-04-03 18:18:20,2025-04-03 18:54:40,36.3,,공통,raw,
b140_heavy_work_r1,Proposed,Medium (81-140),140,heavy_work,209.75,1,20250403,133,BLK_10S,7,NC,5,2025-04-03 19:33:59,2025-04-03 20:29:18,55.3,,공통,raw,
b140_heavy_work_r1,Proposed,Medium (81-140),140,heavy_work,209.75,1,20250403,133,BLK_10S,7,베이36B 론지취부,6,2025-04-03 20:53:11,2025-04-03 22:24:59,91.8,36B,베이36B,raw,
b140_heavy_work_r1,Proposed,Medium (81-140),140,heavy_work,209.75,1,20250403,133,BLK_10S,7,베이36B 론지용접,7,2025-04-03 22:24:59,2025-04-03 22:54:16,29.3,36B,베이36B,raw,
b140_heavy_work_r1,Proposed,Medium (81-140),140,heavy_work,209.75,1,20250403,133,BLK_10S,7,베이36B 수정,8,2025-04-03 22:54:16,2025-04-03 23:50:26,56.2,36B,베이36B,raw,
b140_heavy_work_r1,Proposed,Medium (81-140),140,heavy_work,209.75,1,20250403,30,BLK_30S,8,판계,1,2025-04-03 11:51:36,2025-04-03 12:15:36,24.0,,공통,raw,
b140_heavy_work_r1,Proposed,Medium (81-140),140,heavy_work,209.75,1,20250403,30,BLK_30S,8,전면SAW,2,2025-04-03 17:35:29,2025-04-03 21:23:29,228.0,,공통,raw,
b140_heavy_work_r1,Proposed,Medium (81-140),140,heavy_work,209.75,1,20250403,30,BLK_30S,8,TurnOver,3,2025-04-03 21:23:29,2025-04-03 21:37:53,14.4,,공통,raw,
b140_heavy_work_r1,Proposed,Medium (81-140),140,heavy_work,209.75,1,20250403,30,BLK_30S,8,후면SAW,4,2025-04-03 21:37:53,2025-04-04 00:55:53,198.0,,공통,raw,
b140_heavy_work_r1,Proposed,Medium (81-140),140,heavy_work,209.75,1,20250403,30,BLK_30S,8,NC,5,2025-04-04 00:55:53,2025-04-04 01:32:35,36.7,,공통,raw,
b140_heavy_work_r1,Proposed,Medium (81-140),140,heavy_work,209.75,1,20250403,30,BLK_30S,8,베이35A 론지취부,6,2025-04-04 01:32:35,2025-04-04 02:30:47,58.2,35A,베이35A,raw,
b140_heavy_work_r1,Proposed,Medium (81-140),140,heavy_work,209.75,1,20250403,30,BLK_30S,8,베이35A 론지용접,7,2025-04-04 02:30:47,2025-04-04 02:54:18,23.5,35A,베이35A,raw,
b140_heavy_work_r1,Proposed,Medium (81-140),140,heavy_work,209.75,1,20250403,30,BLK_30S,8,베이35A 수정,8,2025-04-04 02:54:18,2025-04-04 03:29:21,35.0,35A,베이35A,raw,
b140_heavy_work_r1,Proposed,Medium (81-140),140,heavy_work,209.75,1,20250403,12,BLK_12C,9,판계,1,2025-04-03 12:15:36,2025-04-03 12:39:36,24.0,,공통,raw,
b140_heavy_work_r1,Proposed,Medium (81-140),140,heavy_work,209.75,1,20250403,12,BLK_12C,9,전면SAW,2,2025-04-03 21:23:29,2025-04-03 22:06:56,43.5,,공통,raw,
b140_heavy_work_r1,Proposed,Medium (81-140),140,heavy_work,209.75,1,20250403,12,BLK_12C,9,TurnOver,3,2025-04-03 22:06:56,2025-04-03 22:21:20,14.4,,공통,raw,
b140_heavy_work_r1,Proposed,Medium (81-140),140,heavy_work,209.75,1,20250403,12,BLK_12C,9,후면SAW,4,2025-04-04 00:55:53,2025-04-04 01:27:42,31.8,,공통,raw,
b140_heavy_work_r1,Proposed,Medium (81-140),140,heavy_work,209.75,1,20250403,12,BLK_12C,9,NC,5,2025-04-04 01:32:35,2025-04-04 02:07:51,35.3,,공통,raw,
b140_heavy_work_r1,Proposed,Medium (81-140),140,heavy_work,209.75,1,20250403,12,BLK_12C,9,베이36B 론지취부,6,2025-04-04 02:07:51,2025-04-04 03:27:03,79.2,36B,베이36B,raw,
b140_heavy_work_r1,Proposed,Medium (81-140),140,heavy_work,209.75,1,20250403,12,BLK_12C,9,베이36B 론지용접,7,2025-04-04 03:27:03,2025-04-04 03:54:10,27.1,36B,베이36B,raw,
b140_heavy_work_r1,Proposed,Medium (81-140),140,heavy_work,209.75,1,20250403,12,BLK_12C,9,베이36B 수정,8,2025-04-04 03:54:10,2025-04-04 04:42:25,48.2,36B,베이36B,raw,
b140_heavy_work_r1,Proposed,Medium (81-140),140,heavy_work,209.75,1,20250403,87,BLK_87C,10,판계,1,2025-04-03 12:39:36,2025-04-03 13:25:12,45.6,,공통,raw,
b140_heavy_work_r1,Proposed,Medium (81-140),140,heavy_work,209.75,1,20250403,87,BLK_87C,10,전면SAW,2,2025-04-03 22:06:56,2025-04-04 00:18:09,131.2,,공통,raw,
b140_heavy_work_r1,Proposed,Medium (81-140),140,heavy_work,209.75,1,20250403,87,BLK_87C,10,TurnOver,3,2025-04-04 00:18:09,2025-04-04 00:32:33,14.4,,공통,raw,
b140_heavy_work_r1,Proposed,Medium (81-140),140,heavy_work,209.75,1,20250403,87,BLK_87C,10,후면SAW,4,2025-04-04 01:27:42,2025-04-04 03:12:39,105.0,,공통,raw,
b140_heavy_work_r1,Proposed,Medium (81-140),140,heavy_work,209.75,1,20250403,87,BLK_87C,10,NC,5,2025-04-04 03:12:39,2025-04-04 04:11:31,58.9,,공통,raw,
b140_heavy_work_r1,Proposed,Medium (81-140),140,heavy_work,209.75,1,20250403,87,BLK_87C,10,베이35A 론지취부,6,2025-04-04 04:11:31,2025-04-04 05:51:43,100.2,35A,베이35A,raw,
b140_heavy_work_r1,Proposed,Medium (81-140),140,heavy_work,209.75,1,20250403,87,BLK_87C,10,베이35A 론지용접,7,2025-04-04 05:51:43,2025-04-04 06:22:26,30.7,35A,베이35A,raw,
b140_heavy_work_r1,Proposed,Medium (81-140),140,heavy_work,209.75,1,20250403,87,BLK_87C,10,베이35A 수정,8,2025-04-04 06:22:26,2025-04-04 07:23:52,61.4,35A,베이35A,raw,
b140_heavy_work_r1,Proposed,Medium (81-140),140,heavy_work,209.75,1,20250403,49,BLK_49C,11,판계,1,2025-04-03 13:25:12,2025-04-03 13:49:12,24.0,,공통,raw,
b140_heavy_work_r1,Proposed,Medium (81-140),140,heavy_work,209.75,1,20250403,49,BLK_49C,11,전면SAW,2,2025-04-04 00:18:09,2025-04-04 01:09:48,51.6,,공통,raw,
b140_heavy_work_r1,Proposed,Medium (81-140),140,heavy_work,209.75,1,20250403,49,BLK_49C,11,TurnOver,3,2025-04-04 01:09:48,2025-04-04 01:24:12,14.4,,공통,raw,
b140_heavy_work_r1,Proposed,Medium (81-140),140,heavy_work,209.75,1,20250403,49,BLK_49C,11,후면SAW,4,2025-04-04 03:12:39,2025-04-04 03:55:17,42.6,,공통,raw,
b140_heavy_work_r1,Proposed,Medium (81-140),140,heavy_work,209.75,1,20250403,49,BLK_49C,11,NC,5,2025-04-04 04:11:31,2025-04-04 04:52:04,40.6,,공통,raw,
b140_heavy_work_r1,Proposed,Medium (81-140),140,heavy_work,209.75,1,20250403,49,BLK_49C,11,베이36B 론지취부,6,2025-04-04 04:52:04,2025-04-04 06:57:28,125.4,36B,베이36B,raw,
b140_heavy_work_r1,Proposed,Medium (81-140),140,heavy_work,209.75,1,20250403,49,BLK_49C,11,베이36B 론지용접,7,2025-04-04 06:57:28,2025-04-04 07:32:31,35.0,36B,베이36B,raw,
b140_heavy_work_r1,Proposed,Medium (81-140),140,heavy_work,209.75,1,20250403,49,BLK_49C,11,베이36B 수정,8,2025-04-04 07:32:31,2025-04-04 08:49:48,77.3,36B,베이36B,raw,
b140_heavy_work_r1,Proposed,Medium (81-140),140,heavy_work,209.75,1,20250403,20,BLK_20C,12,판계,1,2025-04-03 13:49:12,2025-04-03 14:34:48,45.6,,공통,raw,
b140_heavy_work_r1,Proposed,Medium (81-140),140,heavy_work,209.75,1,20250403,20,BLK_20C,12,전면SAW,2,2025-04-04 01:09:48,2025-04-04 03:03:32,113.7,,공통,raw,
b140_heavy_work_r1,Proposed,Medium (81-140),140,heavy_work,209.75,1,20250403,20,BLK_20C,12,TurnOver,3,2025-04-04 03:03:32,2025-04-04 03:17:56,14.4,,공통,raw,
b140_heavy_work_r1,Proposed,Medium (81-140),140,heavy_work,209.75,1,20250403,20,BLK_20C,12,후면SAW,4,2025-04-04 03:55:17,2025-04-04 05:24:17,89.0,,공통,raw,
b140_heavy_work_r1,Proposed,Medium (81-140),140,heavy_work,209.75,1,20250403,20,BLK_20C,12,NC,5,2025-04-04 05:24:17,2025-04-04 06:18:12,53.9,,공통,raw,
b140_heavy_work_r1,Proposed,Medium (81-140),140,heavy_work,209.75,1,20250403,20,BLK_20C,12,베이35A 론지취부,6,2025-04-04 06:18:12,2025-04-04 07:20:36,62.4,35A,베이35A,raw,
b140_heavy_work_r1,Proposed,Medium (81-140),140,heavy_work,209.75,1,20250403,20,BLK_20C,12,베이35A 론지용접,7,2025-04-04 07:20:36,2025-04-04 07:44:50,24.2,35A,베이35A,raw,
b140_heavy_work_r1,Proposed,Medium (81-140),140,heavy_work,209.75,1,20250403,20,BLK_20C,12,베이35A 수정,8,2025-04-04 07:44:50,2025-04-04 08:22:31,37.7,35A,베이35A,raw,
b140_heavy_work_r1,Proposed,Medium (81-140),140,heavy_work,209.75,1,20250403,22,BLK_22S,13,판계,1,2025-04-03 14:34:48,2025-04-03 15:04:48,30.0,,공통,raw,
b140_heavy_work_r1,Proposed,Medium (81-140),140,heavy_work,209.75,1,20250403,22,BLK_22S,13,전면SAW,2,2025-04-04 03:03:32,2025-04-04 03:56:13,52.7,,공통,raw,
b140_heavy_work_r1,Proposed,Medium (81-140),140,heavy_work,209.75,1,20250403,22,BLK_22S,13,TurnOver,3,2025-04-04 03:56:13,2025-04-04 04:10:37,14.4,,공통,raw,
b140_heavy_work_r1,Proposed,Medium (81-140),140,heavy_work,209.75,1,20250403,22,BLK_22S,13,후면SAW,4,2025-04-04 05:24:17,2025-04-04 06:08:16,44.0,,공통,raw,
b140_heavy_work_r1,Proposed,Medium (81-140),140,heavy_work,209.75,1,20250403,22,BLK_22S,13,NC,5,2025-04-04 06:18:12,2025-04-04 07:02:39,44.5,,공통,raw,
b140_heavy_work_r1,Proposed,Medium (81-140),140,heavy_work,209.75,1,20250403,22,BLK_22S,13,베이36B 론지취부,6,2025-04-04 07:02:39,2025-04-04 08:34:27,91.8,36B,베이36B,raw,
b140_heavy_work_r1,Proposed,Medium (81-140),140,heavy_work,209.75,1,20250403,22,BLK_22S,13,베이36B 론지용접,7,2025-04-04 08:34:27,2025-04-04 09:03:44,29.3,36B,베이36B,raw,
b140_heavy_work_r1,Proposed,Medium (81-140),140,heavy_work,209.75,1,20250403,22,BLK_22S,13,베이36B 수정,8,2025-04-04 09:03:44,2025-04-04 09:59:54,56.2,36B,베이36B,raw,
b140_heavy_work_r1,Proposed,Medium (81-140),140,heavy_work,209.75,1,20250403,45,BLK_45S,14,판계,1,2025-04-03 15:04:48,2025-04-03 15:46:48,42.0,,공통,raw,
b140_heavy_work_r1,Proposed,Medium (81-140),140,heavy_work,209.75,1,20250403,45,BLK_45S,14,전면SAW,2,2025-04-04 03:56:13,2025-04-04 06:52:27,176.2,,공통,raw,
b140_heavy_work_r1,Proposed,Medium (81-140),140,heavy_work,209.75,1,20250403,45,BLK_45S,14,TurnOver,3,2025-04-04 06:52:27,2025-04-04 07:06:51,14.4,,공통,raw,
b140_heavy_work_r1,Proposed,Medium (81-140),140,heavy_work,209.75,1,20250403,45,BLK_45S,14,후면SAW,4,2025-04-04 07:06:51,2025-04-04 09:13:06,126.3,,공통,raw,
b140_heavy_work_r1,Proposed,Medium (81-140),140,heavy_work,209.75,1,20250403,45,BLK_45S,14,NC,5,2025-04-04 09:13:06,2025-04-04 10:04:55,51.8,,공통,raw,
b140_heavy_work_r1,Proposed,Medium (81-140),140,heavy_work,209.75,1,20250403,45,BLK_45S,14,베이35A 론지취부,6,2025-04-04 10:04:55,2025-04-04 10:58:55,54.0,35A,베이35A,raw,
b140_heavy_work_r1,Proposed,Medium (81-140),140,heavy_work,209.75,1,20250403,45,BLK_45S,14,베이35A 론지용접,7,2025-04-04 10:58:55,2025-04-04 11:21:43,22.8,35A,베이35A,raw,
b140_heavy_work_r1,Proposed,Medium (81-140),140,heavy_work,209.75,1,20250403,45,BLK_45S,14,베이35A 수정,8,2025-04-04 11:21:43,2025-04-04 11:54:07,32.4,35A,베이35A,raw,
b140_heavy_work_r1,Proposed,Medium (81-140),140,heavy_work,209.75,1,20250403,16,BLK_16S,15,판계,1,2025-04-03 15:46:48,2025-04-03 16:22:48,36.0,,공통,raw,
b140_heavy_work_r1,Proposed,Medium (81-140),140,heavy_work,209.75,1,20250403,16,BLK_16S,15,전면SAW,2,2025-04-04 06:52:27,2025-04-04 07:28:20,35.9,,공통,raw,
b140_heavy_work_r1,Proposed,Medium (81-140),140,heavy_work,209.75,1,20250403,16,BLK_16S,15,TurnOver,3,2025-04-04 07:28:20,2025-04-04 07:42:44,14.4,,공통,raw,
b140_heavy_work_r1,Proposed,Medium (81-140),140,heavy_work,209.75,1,20250403,16,BLK_16S,15,후면SAW,4,2025-04-04 09:13:06,2025-04-04 09:34:58,21.9,,공통,raw,
b140_heavy_work_r1,Proposed,Medium (81-140),140,heavy_work,209.75,1,20250403,16,BLK_16S,15,NC,5,2025-04-04 10:04:55,2025-04-04 11:02:24,57.5,,공통,raw,
b140_heavy_work_r1,Proposed,Medium (81-140),140,heavy_work,209.75,1,20250403,16,BLK_16S,15,베이36B 론지취부,6,2025-04-04 11:02:24,2025-04-04 12:51:00,108.6,36B,베이36B,raw,
b140_heavy_work_r1,Proposed,Medium (81-140),140,heavy_work,209.75,1,20250403,16,BLK_16S,15,베이36B 론지용접,7,2025-04-04 12:51:00,2025-04-04 13:23:10,32.2,36B,베이36B,raw,
b140_heavy_work_r1,Proposed,Medium (81-140),140,heavy_work,209.75,1,20250403,16,BLK_16S,15,베이36B 수정,8,2025-04-04 13:23:10,2025-04-04 14:29:53,66.7,36B,베이36B,raw,
b140_heavy_work_r1,Proposed,Medium (81-140),140,heavy_work,209.75,1,20250403,67,BLK_67S,16,판계,1,2025-04-03 16:22:48,2025-04-03 16:56:24,33.6,,공통,raw,
b140_heavy_work_r1,Proposed,Medium (81-140),140,heavy_work,209.75,1,20250403,67,BLK_67S,16,전면SAW,2,2025-04-04 07:28:20,2025-04-04 09:56:14,147.9,,공통,raw,
b140_heavy_work_r1,Proposed,Medium (81-140),140,heavy_work,209.75,1,20250403,67,BLK_67S,16,TurnOver,3,2025-04-04 09:56:14,2025-04-04 10:10:38,14.4,,공통,raw,
b140_heavy_work_r1,Proposed,Medium (81-140),140,heavy_work,209.75,1,20250403,67,BLK_67S,16,후면SAW,4,2025-04-04 10:10:38,2025-04-04 12:41:30,150.9,,공통,raw,
b140_heavy_work_r1,Proposed,Medium (81-140),140,heavy_work,209.75,1,20250403,67,BLK_67S,16,NC,5,2025-04-04 12:41:30,2025-04-04 13:18:48,37.3,,공통,raw,
b140_heavy_work_r1,Proposed,Medium (81-140),140,heavy_work,209.75,1,20250403,67,BLK_67S,16,베이35A 론지취부,6,2025-04-04 13:18:48,2025-04-04 14:00:12,41.4,35A,베이35A,raw,
b140_heavy_work_r1,Proposed,Medium (81-140),140,heavy_work,209.75,1,20250403,67,BLK_67S,16,베이35A 론지용접,7,2025-04-04 14:00:12,2025-04-04 14:16:03,15.8,35A,베이35A,raw,
b140_heavy_work_r1,Proposed,Medium (81-140),140,heavy_work,209.75,1,20250403,67,BLK_67S,16,베이35A 수정,8,2025-04-04 14:16:03,2025-04-04 14:40:32,24.5,35A,베이35A,raw,
b140_heavy_work_r1,Proposed,Medium (81-140),140,heavy_work,209.75,1,20250403,112,BLK_112S,17,판계,1,2025-04-03 16:56:24,2025-04-03 17:32:24,36.0,,공통,raw,
b140_heavy_work_r1,Proposed,Medium (81-140),140,heavy_work,209.75,1,20250403,112,BLK_112S,17,전면SAW,2,2025-04-04 09:56:14,2025-04-04 10:37:01,40.8,,공통,raw,
b140_heavy_work_r1,Proposed,Medium (81-140),140,heavy_work,209.75,1,20250403,112,BLK_112S,17,TurnOver,3,2025-04-04 10:37:01,2025-04-04 10:51:25,14.4,,공통,raw,
b140_heavy_work_r1,Proposed,Medium (81-140),140,heavy_work,209.75,1,20250403,112,BLK_112S,17,후면SAW,4,2025-04-04 12:41:30,2025-04-04 13:09:48,28.3,,공통,raw,
b140_heavy_work_r1,Proposed,Medium (81-140),140,heavy_work,209.75,1,20250403,112,BLK_112S,17,NC,5,2025-04-04 13:18:48,2025-04-04 14:10:04,51.3,,공통,raw,
b140_heavy_work_r1,Proposed,Medium (81-140),140,heavy_work,209.75,1,20250403,112,BLK_112S,17,베이36B 론지취부,6,2025-04-04 14:10:04,2025-04-04 15:41:52,91.8,36B,베이36B,raw,
b140_heavy_work_r1,Proposed,Medium (81-140),140,heavy_work,209.75,1,20250403,112,BLK_112S,17,베이36B 론지용접,7,2025-04-04 15:41:52,2025-04-04 16:11:09,29.3,36B,베이36B,raw,
b140_heavy_work_r1,Proposed,Medium (81-140),140,heavy_work,209.75,1,20250403,112,BLK_112S,17,베이36B 수정,8,2025-04-04 16:11:09,2025-04-04 17:07:19,56.2,36B,베이36B,raw,
b140_heavy_work_r1,Proposed,Medium (81-140),140,heavy_work,209.75,1,20250404,72,BLK_72S,1,판계,1,2025-04-04 08:00:00,2025-04-04 08:24:00,24.0,,공통,raw,
b140_heavy_work_r1,Proposed,Medium (81-140),140,heavy_work,209.75,1,20250404,72,BLK_72S,1,전면SAW,2,2025-04-04 08:24:00,2025-04-04 10:18:18,114.3,,공통,raw,
b140_heavy_work_r1,Proposed,Medium (81-140),140,heavy_work,209.75,1,20250404,72,BLK_72S,1,TurnOver,3,2025-04-04 10:18:18,2025-04-04 10:32:42,14.4,,공통,raw,
b140_heavy_work_r1,Proposed,Medium (81-140),140,heavy_work,209.75,1,20250404,72,BLK_72S,1,후면SAW,4,2025-04-04 10:32:42,2025-04-04 12:24:23,111.7,,공통,raw,
b140_heavy_work_r1,Proposed,Medium (81-140),140,heavy_work,209.75,1,20250404,72,BLK_72S,1,NC,5,2025-04-04 12:24:23,2025-04-04 12:54:54,30.5,,공통,raw,
b140_heavy_work_r1,Proposed,Medium (81-140),140,heavy_work,209.75,1,20250404,72,BLK_72S,1,베이35A 론지취부,6,2025-04-04 12:54:54,2025-04-04 13:27:54,33.0,35A,베이35A,raw,
b140_heavy_work_r1,Proposed,Medium (81-140),140,heavy_work,209.75,1,20250404,72,BLK_72S,1,베이35A 론지용접,7,2025-04-04 13:27:54,2025-04-04 13:42:18,14.4,35A,베이35A,raw,
b140_heavy_work_r1,Proposed,Medium (81-140),140,heavy_work,209.75,1,20250404,72,BLK_72S,1,베이35A 수정,8,2025-04-04 13:42:18,2025-04-04 14:01:30,19.2,35A,베이35A,raw,
b140_heavy_work_r1,Proposed,Medium (81-140),140,heavy_work,209.75,1,20250404,102,BLK_102S,2,판계,1,2025-04-04 08:24:00,2025-04-04 09:00:00,36.0,,공통,raw,
b140_heavy_work_r1,Proposed,Medium (81-140),140,heavy_work,209.75,1,20250404,102,BLK_102S,2,전면SAW,2,2025-04-04 10:18:18,2025-04-04 10:54:05,35.8,,공통,raw,
b140_heavy_work_r1,Proposed,Medium (81-140),140,heavy_work,209.75,1,20250404,102,BLK_102S,2,TurnOver,3,2025-04-04 10:54:05,2025-04-04 11:08:29,14.4,,공통,raw,
b140_heavy_work_r1,Proposed,Medium (81-140),140,heavy_work,209.75,1,20250404,102,BLK_102S,2,후면SAW,4,2025-04-04 12:24:23,2025-04-04 12:46:07,21.7,,공통,raw,
b140_heavy_work_r1,Proposed,Medium (81-140),140,heavy_work,209.75,1,20250404,102,BLK_102S,2,NC,5,2025-04-04 12:54:54,2025-04-04 13:51:04,56.2,,공통,raw,
b140_heavy_work_r1,Proposed,Medium (81-140),140,heavy_work,209.75,1,20250404,102,BLK_102S,2,베이36B 론지취부,6,2025-04-04 13:51:04,2025-04-04 15:27:04,96.0,36B,베이36B,raw,
b140_heavy_work_r1,Proposed,Medium (81-140),140,heavy_work,209.75,1,20250404,102,BLK_102S,2,베이36B 론지용접,7,2025-04-04 15:27:04,2025-04-04 15:57:04,30.0,36B,베이36B,raw,
b140_heavy_work_r1,Proposed,Medium (81-140),140,heavy_work,209.75,1,20250404,102,BLK_102S,2,베이36B 수정,8,2025-04-04 15:57:04,2025-04-04 16:55:52,58.8,36B,베이36B,raw,
b140_heavy_work_r1,Proposed,Medium (81-140),140,heavy_work,209.75,1,20250404,77,BLK_77C,3,판계,1,2025-04-04 09:00:00,2025-04-04 09:36:00,36.0,,공통,raw,
b140_heavy_work_r1,Proposed,Medium (81-140),140,heavy_work,209.75,1,20250404,77,BLK_77C,3,전면SAW,2,2025-04-04 10:54:05,2025-04-04 11:35:54,41.8,,공통,raw,
b140_heavy_work_r1,Proposed,Medium (81-140),140,heavy_work,209.75,1,20250404,77,BLK_77C,3,TurnOver,3,2025-04-04 11:35:54,2025-04-04 11:50:18,14.4,,공통,raw,
b140_heavy_work_r1,Proposed,Medium (81-140),140,heavy_work,209.75,1,20250404,77,BLK_77C,3,후면SAW,4,2025-04-04 12:46:07,2025-04-04 13:15:48,29.7,,공통,raw,
b140_heavy_work_r1,Proposed,Medium (81-140),140,heavy_work,209.75,1,20250404,77,BLK_77C,3,NC,5,2025-04-04 13:51:04,2025-04-04 14:41:15,50.2,,공통,raw,
b140_heavy_work_r1,Proposed,Medium (81-140),140,heavy_work,209.75,1,20250404,77,BLK_77C,3,베이35A 론지취부,6,2025-04-04 14:41:15,2025-04-04 15:52:03,70.8,35A,베이35A,raw,
b140_heavy_work_r1,Proposed,Medium (81-140),140,heavy_work,209.75,1,20250404,77,BLK_77C,3,베이35A 론지용접,7,2025-04-04 15:52:03,2025-04-04 16:17:44,25.7,35A,베이35A,raw,
b140_heavy_work_r1,Proposed,Medium (81-140),140,heavy_work,209.75,1,20250404,77,BLK_77C,3,베이35A 수정,8,2025-04-04 16:17:44,2025-04-04 17:00:41,43.0,35A,베이35A,raw,
b140_heavy_work_r1,Proposed,Medium (81-140),140,heavy_work,209.75,1,20250404,8,BLK_8S,4,판계,1,2025-04-04 09:36:00,2025-04-04 10:09:36,33.6,,공통,raw,
b140_heavy_work_r1,Proposed,Medium (81-140),140,heavy_work,209.75,1,20250404,8,BLK_8S,4,전면SAW,2,2025-04-04 11:35:54,2025-04-04 13:49:17,133.4,,공통,raw,
b140_heavy_work_r1,Proposed,Medium (81-140),140,heavy_work,209.75,1,20250404,8,BLK_8S,4,TurnOver,3,2025-04-04 13:49:17,2025-04-04 14:03:41,14.4,,공통,raw,
b140_heavy_work_r1,Proposed,Medium (81-140),140,heavy_work,209.75,1,20250404,8,BLK_8S,4,후면SAW,4,2025-04-04 14:03:41,2025-04-04 15:50:35,106.9,,공통,raw,
b140_heavy_work_r1,Proposed,Medium (81-140),140,heavy_work,209.75,1,20250404,8,BLK_8S,4,NC,5,2025-04-04 15:50:35,2025-04-04 16:29:50,39.3,,공통,raw,
b140_heavy_work_r1,Proposed,Medium (81-140),140,heavy_work,209.75,1,20250404,8,BLK_8S,4,베이36B 론지취부,6,2025-04-04 16:29:50,2025-04-04 17:23:50,54.0,36B,베이36B,raw,
b140_heavy_work_r1,Proposed,Medium (81-140),140,heavy_work,209.75,1,20250404,8,BLK_8S,4,베이36B 론지용접,7,2025-04-04 17:23:50,2025-04-04 17:46:38,22.8,36B,베이36B,raw,
b140_heavy_work_r1,Proposed,Medium (81-140),140,heavy_work,209.75,1,20250404,8,BLK_8S,4,베이36B 수정,8,2025-04-04 17:46:38,2025-04-04 18:19:02,32.4,36B,베이36B,raw,
b140_heavy_work_r1,Proposed,Medium (81-140),140,heavy_work,209.75,1,20250404,62,BLK_62C,5,판계,1,2025-04-04 10:09:36,2025-04-04 10:45:36,36.0,,공통,raw,
b140_heavy_work_r1,Proposed,Medium (81-140),140,heavy_work,209.75,1,20250404,62,BLK_62C,5,전면SAW,2,2025-04-04 13:49:17,2025-04-04 14:26:08,36.9,,공통,raw,
b140_heavy_work_r1,Proposed,Medium (81-140),140,heavy_work,209.75,1,20250404,62,BLK_62C,5,TurnOver,3,2025-04-04 14:26:08,2025-04-04 14:40:32,14.4,,공통,raw,
b140_heavy_work_r1,Proposed,Medium (81-140),140,heavy_work,209.75,1,20250404,62,BLK_62C,5,후면SAW,4,2025-04-04 15:50:35,2025-04-04 16:13:45,23.2,,공통,raw,
b140_heavy_work_r1,Proposed,Medium (81-140),140,heavy_work,209.75,1,20250404,62,BLK_62C,5,NC,5,2025-04-04 16:29:50,2025-04-04 17:17:45,47.9,,공통,raw,
b140_heavy_work_r1,Proposed,Medium (81-140),140,heavy_work,209.75,1,20250404,62,BLK_62C,5,베이35A 론지취부,6,2025-04-04 17:17:45,2025-04-04 18:36:57,79.2,35A,베이35A,raw,
b140_heavy_work_r1,Proposed,Medium (81-140),140,heavy_work,209.75,1,20250404,62,BLK_62C,5,베이35A 론지용접,7,2025-04-04 18:36:57,2025-04-04 19:04:04,27.1,35A,베이35A,raw,
b140_heavy_work_r1,Proposed,Medium (81-140),140,heavy_work,209.75,1,20250404,62,BLK_62C,5,베이35A 수정,8,2025-04-04 19:04:04,2025-04-04 19:52:19,48.2,35A,베이35A,raw,
b140_heavy_work_r1,Proposed,Medium (81-140),140,heavy_work,209.75,1,20250404,82,BLK_82C,6,판계,1,2025-04-04 10:45:36,2025-04-04 11:31:12,45.6,,공통,raw,
b140_heavy_work_r1,Proposed,Medium (81-140),140,heavy_work,209.75,1,20250404,82,BLK_82C,6,전면SAW,2,2025-04-04 14:26:08,2025-04-04 16:13:53,107.7,,공통,raw,
b140_heavy_work_r1,Proposed,Medium (81-140),140,heavy_work,209.75,1,20250404,82,BLK_82C,6,TurnOver,3,2025-04-04 16:13:53,2025-04-04 16:28:17,14.4,,공통,raw,
b140_heavy_work_r1,Proposed,Medium (81-140),140,heavy_work,209.75,1,20250404,82,BLK_82C,6,후면SAW,4,2025-04-04 16:28:17,2025-04-04 17:51:51,83.6,,공통,raw,
b140_heavy_work_r1,Proposed,Medium (81-140),140,heavy_work,209.75,1,20250404,82,BLK_82C,6,NC,5,2025-04-04 17:51:51,2025-04-04 18:45:22,53.5,,공통,raw,
b140_heavy_work_r1,Proposed,Medium (81-140),140,heavy_work,209.75,1,20250404,82,BLK_82C,6,베이36B 론지취부,6,2025-04-04 18:45:22,2025-04-04 19:43:34,58.2,36B,베이36B,raw,
b140_heavy_work_r1,Proposed,Medium (81-140),140,heavy_work,209.75,1,20250404,82,BLK_82C,6,베이36B 론지용접,7,2025-04-04 19:43:34,2025-04-04 20:07:05,23.5,36B,베이36B,raw,
b140_heavy_work_r1,Proposed,Medium (81-140),140,heavy_work,209.75,1,20250404,82,BLK_82C,6,베이36B 수정,8,2025-04-04 20:07:05,2025-04-04 20:42:07,35.0,36B,베이36B,raw,
b140_heavy_work_r1,Proposed,Medium (81-140),140,heavy_work,209.75,1,20250404,97,BLK_97P,7,판계,1,2025-04-04 11:31:12,2025-04-04 11:55:12,24.0,,공통,raw,
b140_heavy_work_r1,Proposed,Medium (81-140),140,heavy_work,209.75,1,20250404,97,BLK_97P,7,전면SAW,2,2025-04-04 16:13:53,2025-04-04 16:53:09,39.3,,공통,raw,
b140_heavy_work_r1,Proposed,Medium (81-140),140,heavy_work,209.75,1,20250404,97,BLK_97P,7,TurnOver,3,2025-04-04 16:53:09,2025-04-04 17:07:33,14.4,,공통,raw,
b140_heavy_work_r1,Proposed,Medium (81-140),140,heavy_work,209.75,1,20250404,97,BLK_97P,7,후면SAW,4,2025-04-04 17:51:51,2025-04-04 18:18:10,26.3,,공통,raw,
b140_heavy_work_r1,Proposed,Medium (81-140),140,heavy_work,209.75,1,20250404,97,BLK_97P,7,NC,5,2025-04-04 18:45:22,2025-04-04 19:17:49,32.5,,공통,raw,
b140_heavy_work_r1,Proposed,Medium (81-140),140,heavy_work,209.75,1,20250404,97,BLK_97P,7,베이35A 론지취부,6,2025-04-04 19:17:49,2025-04-04 20:20:13,62.4,35A,베이35A,raw,
b140_heavy_work_r1,Proposed,Medium (81-140),140,heavy_work,209.75,1,20250404,97,BLK_97P,7,베이35A 론지용접,7,2025-04-04 20:20:13,2025-04-04 20:44:28,24.2,35A,베이35A,raw,
b140_heavy_work_r1,Proposed,Medium (81-140),140,heavy_work,209.75,1,20250404,97,BLK_97P,7,베이35A 수정,8,2025-04-04 20:44:28,2025-04-04 21:22:09,37.7,35A,베이35A,raw,
b140_heavy_work_r1,Proposed,Medium (81-140),140,heavy_work,209.75,1,20250404,34,BLK_34C,8,판계,1,2025-04-04 11:55:12,2025-04-04 12:34:48,39.6,,공통,raw,
b140_heavy_work_r1,Proposed,Medium (81-140),140,heavy_work,209.75,1,20250404,34,BLK_34C,8,전면SAW,2,2025-04-04 16:53:09,2025-04-04 18:40:28,107.3,,공통,raw,
b140_heavy_work_r1,Proposed,Medium (81-140),140,heavy_work,209.75,1,20250404,34,BLK_34C,8,TurnOver,3,2025-04-04 18:40:28,2025-04-04 18:54:52,14.4,,공통,raw,
b140_heavy_work_r1,Proposed,Medium (81-140),140,heavy_work,209.75,1,20250404,34,BLK_34C,8,후면SAW,4,2025-04-04 18:54:52,2025-04-04 20:18:02,83.2,,공통,raw,
b140_heavy_work_r1,Proposed,Medium (81-140),140,heavy_work,209.75,1,20250404,34,BLK_34C,8,NC,5,2025-04-04 20:18:02,2025-04-04 21:04:55,46.9,,공통,raw,
b140_heavy_work_r1,Proposed,Medium (81-140),140,heavy_work,209.75,1,20250404,34,BLK_34C,8,베이36B 론지취부,6,2025-04-04 21:04:55,2025-04-04 21:37:55,33.0,36B,베이36B,raw,
b140_heavy_work_r1,Proposed,Medium (81-140),140,heavy_work,209.75,1,20250404,34,BLK_34C,8,베이36B 론지용접,7,2025-04-04 21:37:55,2025-04-04 21:57:07,19.2,36B,베이36B,raw,
b140_heavy_work_r1,Proposed,Medium (81-140),140,heavy_work,209.75,1,20250404,34,BLK_34C,8,베이36B 수정,8,2025-04-04 21:57:07,2025-04-04 22:16:19,19.2,36B,베이36B,raw,
b140_heavy_work_r1,Proposed,Medium (81-140),140,heavy_work,209.75,1,20250404,57,BLK_57C,9,판계,1,2025-04-04 12:34:48,2025-04-04 13:04:48,30.0,,공통,raw,
b140_heavy_work_r1,Proposed,Medium (81-140),140,heavy_work,209.75,1,20250404,57,BLK_57C,9,전면SAW,2,2025-04-04 18:40:28,2025-04-04 19:17:49,37.3,,공통,raw,
b140_heavy_work_r1,Proposed,Medium (81-140),140,heavy_work,209.75,1,20250404,57,BLK_57C,9,TurnOver,3,2025-04-04 19:17:49,2025-04-04 19:32:13,14.4,,공통,raw,
b140_heavy_work_r1,Proposed,Medium (81-140),140,heavy_work,209.75,1,20250404,57,BLK_57C,9,후면SAW,4,2025-04-04 20:18:02,2025-04-04 20:41:49,23.8,,공통,raw,
b140_heavy_work_r1,Proposed,Medium (81-140),140,heavy_work,209.75,1,20250404,57,BLK_57C,9,NC,5,2025-04-04 21:04:55,2025-04-04 21:43:45,38.8,,공통,raw,
b140_heavy_work_r1,Proposed,Medium (81-140),140,heavy_work,209.75,1,20250404,57,BLK_57C,9,베이35A 론지취부,6,2025-04-04 21:43:45,2025-04-04 22:37:45,54.0,35A,베이35A,raw,
b140_heavy_work_r1,Proposed,Medium (81-140),140,heavy_work,209.75,1,20250404,57,BLK_57C,9,베이35A 론지용접,7,2025-04-04 22:37:45,2025-04-04 23:00:33,22.8,35A,베이35A,raw,
b140_heavy_work_r1,Proposed,Medium (81-140),140,heavy_work,209.75,1,20250404,57,BLK_57C,9,베이35A 수정,8,2025-04-04 23:00:33,2025-04-04 23:32:57,32.4,35A,베이35A,raw,
b140_heavy_work_r1,Proposed,Medium (81-140),140,heavy_work,209.75,1,20250404,53,BLK_53P,10,판계,1,2025-04-04 13:04:48,2025-04-04 13:34:48,30.0,,공통,raw,
b140_heavy_work_r1,Proposed,Medium (81-140),140,heavy_work,209.75,1,20250404,53,BLK_53P,10,전면SAW,2,2025-04-04 19:17:49,2025-04-04 19:52:16,34.5,,공통,raw,
b140_heavy_work_r1,Proposed,Medium (81-140),140,heavy_work,209.75,1,20250404,53,BLK_53P,10,TurnOver,3,2025-04-04 19:52:16,2025-04-04 20:06:40,14.4,,공통,raw,
b140_heavy_work_r1,Proposed,Medium (81-140),140,heavy_work,209.75,1,20250404,53,BLK_53P,10,후면SAW,4,2025-04-04 20:41:49,2025-04-04 21:01:48,20.0,,공통,raw,
b140_heavy_work_r1,Proposed,Medium (81-140),140,heavy_work,209.75,1,20250404,53,BLK_53P,10,NC,5,2025-04-04 21:43:45,2025-04-04 22:23:08,39.4,,공통,raw,
b140_heavy_work_r1,Proposed,Medium (81-140),140,heavy_work,209.75,1,20250404,53,BLK_53P,10,베이36B 론지취부,6,2025-04-04 22:23:08,2025-04-04 23:17:08,54.0,36B,베이36B,raw,
b140_heavy_work_r1,Proposed,Medium (81-140),140,heavy_work,209.75,1,20250404,53,BLK_53P,10,베이36B 론지용접,7,2025-04-04 23:17:08,2025-04-04 23:39:56,22.8,36B,베이36B,raw,
b140_heavy_work_r1,Proposed,Medium (81-140),140,heavy_work,209.75,1,20250404,53,BLK_53P,10,베이36B 수정,8,2025-04-04 23:39:56,2025-04-05 00:12:20,32.4,36B,베이36B,raw,
b140_heavy_work_r1,Proposed,Medium (81-140),140,heavy_work,209.75,1,20250404,4,BLK_4C,11,판계,1,2025-04-04 13:34:48,2025-04-04 14:04:48,30.0,,공통,raw,
b140_heavy_work_r1,Proposed,Medium (81-140),140,heavy_work,209.75,1,20250404,4,BLK_4C,11,전면SAW,2,2025-04-04 19:52:16,2025-04-04 20:31:24,39.1,,공통,raw,
b140_heavy_work_r1,Proposed,Medium (81-140),140,heavy_work,209.75,1,20250404,4,BLK_4C,11,TurnOver,3,2025-04-04 20:31:24,2025-04-04 20:45:48,14.4,,공통,raw,
b140_heavy_work_r1,Proposed,Medium (81-140),140,heavy_work,209.75,1,20250404,4,BLK_4C,11,후면SAW,4,2025-04-04 21:01:48,2025-04-04 21:27:57,26.2,,공통,raw,
b140_heavy_work_r1,Proposed,Medium (81-140),140,heavy_work,209.75,1,20250404,4,BLK_4C,11,NC,5,2025-04-04 22:23:08,2025-04-04 23:02:52,39.7,,공통,raw,
b140_heavy_work_r1,Proposed,Medium (81-140),140,heavy_work,209.75,1,20250404,4,BLK_4C,11,베이35A 론지취부,6,2025-04-04 23:02:52,2025-04-04 23:50:11,47.3,35A,베이35A,raw,
b140_heavy_work_r1,Proposed,Medium (81-140),140,heavy_work,209.75,1,20250404,4,BLK_4C,11,베이35A 론지용접,7,2025-04-04 23:50:11,2025-04-05 00:13:46,23.6,35A,베이35A,raw,
b140_heavy_work_r1,Proposed,Medium (81-140),140,heavy_work,209.75,1,20250404,4,BLK_4C,11,베이35A 수정,8,2025-04-05 00:13:46,2025-04-05 00:38:15,24.5,35A,베이35A,raw,
b140_heavy_work_r1,Proposed,Medium (81-140),140,heavy_work,209.75,1,20250404,26,BLK_26S,12,판계,1,2025-04-04 14:04:48,2025-04-04 14:19:12,14.4,,공통,raw,
b140_heavy_work_r1,Proposed,Medium (81-140),140,heavy_work,209.75,1,20250404,26,BLK_26S,12,전면SAW,2,2025-04-04 20:31:24,2025-04-04 21:28:45,57.3,,공통,raw,
b140_heavy_work_r1,Proposed,Medium (81-140),140,heavy_work,209.75,1,20250404,26,BLK_26S,12,TurnOver,3,2025-04-04 21:28:45,2025-04-04 21:43:09,14.4,,공통,raw,
b140_heavy_work_r1,Proposed,Medium (81-140),140,heavy_work,209.75,1,20250404,26,BLK_26S,12,후면SAW,4,2025-04-04 21:43:09,2025-04-04 22:33:15,50.1,,공통,raw,
b140_heavy_work_r1,Proposed,Medium (81-140),140,heavy_work,209.75,1,20250404,26,BLK_26S,12,NC,5,2025-04-04 23:02:52,2025-04-04 23:29:39,26.8,,공통,raw,
b140_heavy_work_r1,Proposed,Medium (81-140),140,heavy_work,209.75,1,20250404,26,BLK_26S,12,베이36B 론지취부,6,2025-04-04 23:29:39,2025-04-05 00:06:51,37.2,36B,베이36B,raw,
b140_heavy_work_r1,Proposed,Medium (81-140),140,heavy_work,209.75,1,20250404,26,BLK_26S,12,베이36B 론지용접,7,2025-04-05 00:06:51,2025-04-05 00:21:58,15.1,36B,베이36B,raw,
b140_heavy_work_r1,Proposed,Medium (81-140),140,heavy_work,209.75,1,20250404,26,BLK_26S,12,베이36B 수정,8,2025-04-05 00:21:58,2025-04-05 00:43:48,21.8,36B,베이36B,raw,
b140_heavy_work_r1,Proposed,Medium (81-140),140,heavy_work,209.75,1,20250404,107,BLK_107S,13,판계,1,2025-04-04 14:19:12,2025-04-04 14:55:12,36.0,,공통,raw,
b140_heavy_work_r1,Proposed,Medium (81-140),140,heavy_work,209.75,1,20250404,107,BLK_107S,13,전면SAW,2,2025-04-04 21:28:45,2025-04-04 21:59:26,30.7,,공통,raw,
b140_heavy_work_r1,Proposed,Medium (81-140),140,heavy_work,209.75,1,20250404,107,BLK_107S,13,TurnOver,3,2025-04-04 21:59:26,2025-04-04 22:13:50,14.4,,공통,raw,
b140_heavy_work_r1,Proposed,Medium (81-140),140,heavy_work,209.75,1,20250404,107,BLK_107S,13,후면SAW,4,2025-04-04 22:33:15,2025-04-04 22:48:51,15.6,,공통,raw,
b140_heavy_work_r1,Proposed,Medium (81-140),140,heavy_work,209.75,1,20250404,107,BLK_107S,13,NC,5,2025-04-04 23:29:39,2025-04-05 00:12:45,43.1,,공통,raw,
b140_heavy_work_r1,Proposed,Medium (81-140),140,heavy_work,209.75,1,20250404,107,BLK_107S,13,베이35A 론지취부,6,2025-04-05 00:12:45,2025-04-05 00:54:09,41.4,35A,베이35A,raw,
b140_heavy_work_r1,Proposed,Medium (81-140),140,heavy_work,209.75,1,20250404,107,BLK_107S,13,베이35A 론지용접,7,2025-04-05 00:54:09,2025-04-05 01:14:47,20.6,35A,베이35A,raw,
b140_heavy_work_r1,Proposed,Medium (81-140),140,heavy_work,209.75,1,20250404,107,BLK_107S,13,베이35A 수정,8,2025-04-05 01:14:47,2025-04-05 01:39:16,24.5,35A,베이35A,raw,
b140_heavy_work_r1,Proposed,Medium (81-140),140,heavy_work,209.75,1,20250404,93,BLK_93S,14,판계,1,2025-04-04 14:55:12,2025-04-04 15:49:12,54.0,,공통,raw,
b140_heavy_work_r1,Proposed,Medium (81-140),140,heavy_work,209.75,1,20250404,93,BLK_93S,14,전면SAW,2,2025-04-04 21:59:26,2025-04-05 00:57:28,178.0,,공통,raw,
b140_heavy_work_r1,Proposed,Medium (81-140),140,heavy_work,209.75,1,20250404,93,BLK_93S,14,TurnOver,3,2025-04-05 00:57:28,2025-04-05 01:11:52,14.4,,공통,raw,
b140_heavy_work_r1,Proposed,Medium (81-140),140,heavy_work,209.75,1,20250404,93,BLK_93S,14,후면SAW,4,2025-04-05 01:11:52,2025-04-05 03:22:26,130.6,,공통,raw,
b140_heavy_work_r1,Proposed,Medium (81-140),140,heavy_work,209.75,1,20250404,93,BLK_93S,14,NC,5,2025-04-05 03:22:26,2025-04-05 04:27:10,64.7,,공통,raw,
b140_heavy_work_r1,Proposed,Medium (81-140),140,heavy_work,209.75,1,20250404,93,BLK_93S,14,베이36B 론지취부,6,2025-04-05 04:27:10,2025-04-05 06:24:10,117.0,36B,베이36B,raw,
b140_heavy_work_r1,Proposed,Medium (81-140),140,heavy_work,209.75,1,20250404,93,BLK_93S,14,베이36B 론지용접,7,2025-04-05 06:24:10,2025-04-05 06:57:46,33.6,36B,베이36B,raw,
b140_heavy_work_r1,Proposed,Medium (81-140),140,heavy_work,209.75,1,20250404,93,BLK_93S,14,베이36B 수정,8,2025-04-05 06:57:46,2025-04-05 08:09:46,72.0,36B,베이36B,raw,
b140_heavy_work_r1,Proposed,Medium (81-140),140,heavy_work,209.75,1,20250404,83,BLK_83S,15,판계,1,2025-04-04 15:49:12,2025-04-04 16:19:12,30.0,,공통,raw,
b140_heavy_work_r1,Proposed,Medium (81-140),140,heavy_work,209.75,1,20250404,83,BLK_83S,15,전면SAW,2,2025-04-05 00:57:28,2025-04-05 01:37:12,39.7,,공통,raw,
b140_heavy_work_r1,Proposed,Medium (81-140),140,heavy_work,209.75,1,20250404,83,BLK_83S,15,TurnOver,3,2025-04-05 01:37:12,2025-04-05 01:51:36,14.4,,공통,raw,
b140_heavy_work_r1,Proposed,Medium (81-140),140,heavy_work,209.75,1,20250404,83,BLK_83S,15,후면SAW,4,2025-04-05 03:22:26,2025-04-05 03:49:22,26.9,,공통,raw,
b140_heavy_work_r1,Proposed,Medium (81-140),140,heavy_work,209.75,1,20250404,83,BLK_83S,15,NC,5,2025-04-05 04:27:10,2025-04-05 05:11:47,44.6,,공통,raw,
b140_heavy_work_r1,Proposed,Medium (81-140),140,heavy_work,209.75,1,20250404,83,BLK_83S,15,베이35A 론지취부,6,2025-04-05 05:11:47,2025-04-05 06:47:47,96.0,35A,베이35A,raw,
b140_heavy_work_r1,Proposed,Medium (81-140),140,heavy_work,209.75,1,20250404,83,BLK_83S,15,베이35A 론지용접,7,2025-04-05 06:47:47,2025-04-05 07:17:47,30.0,35A,베이35A,raw,
b140_heavy_work_r1,Proposed,Medium (81-140),140,heavy_work,209.75,1,20250404,83,BLK_83S,15,베이35A 수정,8,2025-04-05 07:17:47,2025-04-05 08:16:35,58.8,35A,베이35A,raw,
b140_heavy_work_r1,Proposed,Medium (81-140),140,heavy_work,209.75,1,20250404,38,BLK_38P,16,판계,1,2025-04-04 16:19:12,2025-04-04 16:55:12,36.0,,공통,raw,
b140_heavy_work_r1,Proposed,Medium (81-140),140,heavy_work,209.75,1,20250404,38,BLK_38P,16,전면SAW,2,2025-04-05 01:37:12,2025-04-05 04:30:36,173.4,,공통,raw,
b140_heavy_work_r1,Proposed,Medium (81-140),140,heavy_work,209.75,1,20250404,38,BLK_38P,16,TurnOver,3,2025-04-05 04:30:36,2025-04-05 04:45:00,14.4,,공통,raw,
b140_heavy_work_r1,Proposed,Medium (81-140),140,heavy_work,209.75,1,20250404,38,BLK_38P,16,후면SAW,4,2025-04-05 04:45:00,2025-04-05 06:51:51,126.9,,공통,raw,
b140_heavy_work_r1,Proposed,Medium (81-140),140,heavy_work,209.75,1,20250404,38,BLK_38P,16,NC,5,2025-04-05 06:51:51,2025-04-05 08:02:16,70.4,,공통,raw,
b140_heavy_work_r1,Proposed,Medium (81-140),140,heavy_work,209.75,1,20250404,38,BLK_38P,16,베이36B 론지취부,6,2025-04-05 08:02:16,2025-04-05 09:38:16,96.0,36B,베이36B,raw,
b140_heavy_work_r1,Proposed,Medium (81-140),140,heavy_work,209.75,1,20250404,38,BLK_38P,16,베이36B 론지용접,7,2025-04-05 09:38:16,2025-04-05 10:08:16,30.0,36B,베이36B,raw,
b140_heavy_work_r1,Proposed,Medium (81-140),140,heavy_work,209.75,1,20250404,38,BLK_38P,16,베이36B 수정,8,2025-04-05 10:08:16,2025-04-05 11:07:04,58.8,36B,베이36B,raw,
b140_heavy_work_r1,Proposed,Medium (81-140),140,heavy_work,209.75,1,20250404,63,BLK_63C,17,판계,1,2025-04-04 16:55:12,2025-04-04 17:25:12,30.0,,공통,raw,
b140_heavy_work_r1,Proposed,Medium (81-140),140,heavy_work,209.75,1,20250404,63,BLK_63C,17,전면SAW,2,2025-04-05 04:30:36,2025-04-05 05:09:04,38.5,,공통,raw,
b140_heavy_work_r1,Proposed,Medium (81-140),140,heavy_work,209.75,1,20250404,63,BLK_63C,17,TurnOver,3,2025-04-05 05:09:04,2025-04-05 05:23:28,14.4,,공통,raw,
b140_heavy_work_r1,Proposed,Medium (81-140),140,heavy_work,209.75,1,20250404,63,BLK_63C,17,후면SAW,4,2025-04-05 06:51:51,2025-04-05 07:17:08,25.3,,공통,raw,
b140_heavy_work_r1,Proposed,Medium (81-140),140,heavy_work,209.75,1,20250404,63,BLK_63C,17,NC,5,2025-04-05 08:02:16,2025-04-05 08:44:06,41.8,,공통,raw,
b140_heavy_work_r1,Proposed,Medium (81-140),140,heavy_work,209.75,1,20250404,63,BLK_63C,17,베이35A 론지취부,6,2025-04-05 08:44:06,2025-04-05 09:50:42,66.6,35A,베이35A,raw,
b140_heavy_work_r1,Proposed,Medium (81-140),140,heavy_work,209.75,1,20250404,63,BLK_63C,17,베이35A 론지용접,7,2025-04-05 09:50:42,2025-04-05 10:15:39,25.0,35A,베이35A,raw,
b140_heavy_work_r1,Proposed,Medium (81-140),140,heavy_work,209.75,1,20250404,63,BLK_63C,17,베이35A 수정,8,2025-04-05 10:15:39,2025-04-05 10:55:58,40.3,35A,베이35A,raw,
b140_heavy_work_r1,Proposed,Medium (81-140),140,heavy_work,209.75,1,20250405,125,BLK_125S,1,판계,1,2025-04-05 08:00:00,2025-04-05 08:33:36,33.6,,공통,raw,
b140_heavy_work_r1,Proposed,Medium (81-140),140,heavy_work,209.75,1,20250405,125,BLK_125S,1,전면SAW,2,2025-04-05 08:33:36,2025-04-05 10:15:01,101.4,,공통,raw,
b140_heavy_work_r1,Proposed,Medium (81-140),140,heavy_work,209.75,1,20250405,125,BLK_125S,1,TurnOver,3,2025-04-05 10:15:01,2025-04-05 10:29:25,14.4,,공통,raw,
b140_heavy_work_r1,Proposed,Medium (81-140),140,heavy_work,209.75,1,20250405,125,BLK_125S,1,후면SAW,4,2025-04-05 10:29:25,2025-04-05 11:47:12,77.8,,공통,raw,
b140_heavy_work_r1,Proposed,Medium (81-140),140,heavy_work,209.75,1,20250405,125,BLK_125S,1,NC,5,2025-04-05 11:47:12,2025-04-05 12:26:39,39.4,,공통,raw,
b140_heavy_work_r1,Proposed,Medium (81-140),140,heavy_work,209.75,1,20250405,125,BLK_125S,1,베이36B 론지취부,6,2025-04-05 12:26:39,2025-04-05 13:08:03,41.4,36B,베이36B,raw,
b140_heavy_work_r1,Proposed,Medium (81-140),140,heavy_work,209.75,1,20250405,125,BLK_125S,1,베이36B 론지용접,7,2025-04-05 13:08:03,2025-04-05 13:28:41,20.6,36B,베이36B,raw,
b140_heavy_work_r1,Proposed,Medium (81-140),140,heavy_work,209.75,1,20250405,125,BLK_125S,1,베이36B 수정,8,2025-04-05 13:28:41,2025-04-05 13:53:10,24.5,36B,베이36B,raw,
b140_heavy_work_r1,Proposed,Medium (81-140),140,heavy_work,209.75,1,20250405,113,BLK_113C,2,판계,1,2025-04-05 08:33:36,2025-04-05 09:03:36,30.0,,공통,raw,
b140_heavy_work_r1,Proposed,Medium (81-140),140,heavy_work,209.75,1,20250405,113,BLK_113C,2,전면SAW,2,2025-04-05 10:15:01,2025-04-05 10:49:55,34.9,,공통,raw,
b140_heavy_work_r1,Proposed,Medium (81-140),140,heavy_work,209.75,1,20250405,113,BLK_113C,2,TurnOver,3,2025-04-05 10:49:55,2025-04-05 11:04:19,14.4,,공통,raw,
b140_heavy_work_r1,Proposed,Medium (81-140),140,heavy_work,209.75,1,20250405,113,BLK_113C,2,후면SAW,4,2025-04-05 11:47:12,2025-04-05 12:07:47,20.6,,공통,raw,
b140_heavy_work_r1,Proposed,Medium (81-140),140,heavy_work,209.75,1,20250405,113,BLK_113C,2,NC,5,2025-04-05 12:26:39,2025-04-05 13:07:25,40.8,,공통,raw,
b140_heavy_work_r1,Proposed,Medium (81-140),140,heavy_work,209.75,1,20250405,113,BLK_113C,2,베이35A 론지취부,6,2025-04-05 13:07:25,2025-04-05 14:18:13,70.8,35A,베이35A,raw,
b140_heavy_work_r1,Proposed,Medium (81-140),140,heavy_work,209.75,1,20250405,113,BLK_113C,2,베이35A 론지용접,7,2025-04-05 14:18:13,2025-04-05 14:43:54,25.7,35A,베이35A,raw,
b140_heavy_work_r1,Proposed,Medium (81-140),140,heavy_work,209.75,1,20250405,113,BLK_113C,2,베이35A 수정,8,2025-04-05 14:43:54,2025-04-05 15:26:52,43.0,35A,베이35A,raw,
b140_heavy_work_r1,Proposed,Medium (81-140),140,heavy_work,209.75,1,20250405,85,BLK_85P,3,판계,1,2025-04-05 09:03:36,2025-04-05 09:27:36,24.0,,공통,raw,
b140_heavy_work_r1,Proposed,Medium (81-140),140,heavy_work,209.75,1,20250405,85,BLK_85P,3,전면SAW,2,2025-04-05 10:49:55,2025-04-05 11:33:01,43.1,,공통,raw,
b140_heavy_work_r1,Proposed,Medium (81-140),140,heavy_work,209.75,1,20250405,85,BLK_85P,3,TurnOver,3,2025-04-05 11:33:01,2025-04-05 11:47:25,14.4,,공통,raw,
b140_heavy_work_r1,Proposed,Medium (81-140),140,heavy_work,209.75,1,20250405,85,BLK_85P,3,후면SAW,4,2025-04-05 12:07:47,2025-04-05 12:39:08,31.4,,공통,raw,
b140_heavy_work_r1,Proposed,Medium (81-140),140,heavy_work,209.75,1,20250405,85,BLK_85P,3,NC,5,2025-04-05 13:07:25,2025-04-05 13:40:17,32.9,,공통,raw,
b140_heavy_work_r1,Proposed,Medium (81-140),140,heavy_work,209.75,1,20250405,85,BLK_85P,3,베이36B 론지취부,6,2025-04-05 13:40:17,2025-04-05 14:42:41,62.4,36B,베이36B,raw,
b140_heavy_work_r1,Proposed,Medium (81-140),140,heavy_work,209.75,1,20250405,85,BLK_85P,3,베이36B 론지용접,7,2025-04-05 14:42:41,2025-04-05 15:06:55,24.2,36B,베이36B,raw,
b140_heavy_work_r1,Proposed,Medium (81-140),140,heavy_work,209.75,1,20250405,85,BLK_85P,3,베이36B 수정,8,2025-04-05 15:06:55,2025-04-05 15:44:36,37.7,36B,베이36B,raw,
b140_heavy_work_r1,Proposed,Medium (81-140),140,heavy_work,209.75,1,20250405,65,BLK_65C,4,판계,1,2025-04-05 09:27:36,2025-04-05 10:21:36,54.0,,공통,raw,
b140_heavy_work_r1,Proposed,Medium (81-140),140,heavy_work,209.75,1,20250405,65,BLK_65C,4,전면SAW,2,2025-04-05 11:33:01,2025-04-05 13:42:34,129.6,,공통,raw,
b140_heavy_work_r1,Proposed,Medium (81-140),140,heavy_work,209.75,1,20250405,65,BLK_65C,4,TurnOver,3,2025-04-05 13:42:34,2025-04-05 13:56:58,14.4,,공통,raw,
b140_heavy_work_r1,Proposed,Medium (81-140),140,heavy_work,209.75,1,20250405,65,BLK_65C,4,후면SAW,4,2025-04-05 13:56:58,2025-04-05 16:06:25,129.5,,공통,raw,
b140_heavy_work_r1,Proposed,Medium (81-140),140,heavy_work,209.75,1,20250405,65,BLK_65C,4,NC,5,2025-04-05 16:06:25,2025-04-05 17:20:15,73.8,,공통,raw,
b140_heavy_work_r1,Proposed,Medium (81-140),140,heavy_work,209.75,1,20250405,65,BLK_65C,4,베이36B 론지취부,6,2025-04-05 17:20:15,2025-04-05 19:13:03,112.8,36B,베이36B,raw,
b140_heavy_work_r1,Proposed,Medium (81-140),140,heavy_work,209.75,1,20250405,65,BLK_65C,4,베이36B 론지용접,7,2025-04-05 19:13:03,2025-04-05 19:45:56,32.9,36B,베이36B,raw,
b140_heavy_work_r1,Proposed,Medium (81-140),140,heavy_work,209.75,1,20250405,65,BLK_65C,4,베이36B 수정,8,2025-04-05 19:45:56,2025-04-05 20:55:17,69.4,36B,베이36B,raw,
b140_heavy_work_r1,Proposed,Medium (81-140),140,heavy_work,209.75,1,20250405,55,BLK_55S,5,판계,1,2025-04-05 10:21:36,2025-04-05 10:57:36,36.0,,공통,raw,
b140_heavy_work_r1,Proposed,Medium (81-140),140,heavy_work,209.75,1,20250405,55,BLK_55S,5,전면SAW,2,2025-04-05 13:42:34,2025-04-05 14:22:28,39.9,,공통,raw,
b140_heavy_work_r1,Proposed,Medium (81-140),140,heavy_work,209.75,1,20250405,55,BLK_55S,5,TurnOver,3,2025-04-05 14:22:28,2025-04-05 14:36:52,14.4,,공통,raw,
b140_heavy_work_r1,Proposed,Medium (81-140),140,heavy_work,209.75,1,20250405,55,BLK_55S,5,후면SAW,4,2025-04-05 16:06:25,2025-04-05 16:33:35,27.2,,공통,raw,
b140_heavy_work_r1,Proposed,Medium (81-140),140,heavy_work,209.75,1,20250405,55,BLK_55S,5,NC,5,2025-04-05 17:20:15,2025-04-05 18:11:31,51.3,,공통,raw,
b140_heavy_work_r1,Proposed,Medium (81-140),140,heavy_work,209.75,1,20250405,55,BLK_55S,5,베이35A 론지취부,6,2025-04-05 18:11:31,2025-04-05 20:08:31,117.0,35A,베이35A,raw,
b140_heavy_work_r1,Proposed,Medium (81-140),140,heavy_work,209.75,1,20250405,55,BLK_55S,5,베이35A 론지용접,7,2025-04-05 20:08:31,2025-04-05 20:42:07,33.6,35A,베이35A,raw,
b140_heavy_work_r1,Proposed,Medium (81-140),140,heavy_work,209.75,1,20250405,55,BLK_55S,5,베이35A 수정,8,2025-04-05 20:42:07,2025-04-05 21:54:07,72.0,35A,베이35A,raw,
b140_heavy_work_r1,Proposed,Medium (81-140),140,heavy_work,209.75,1,20250405,73,BLK_73S,6,판계,1,2025-04-05 10:57:36,2025-04-05 11:33:36,36.0,,공통,raw,
b140_heavy_work_r1,Proposed,Medium (81-140),140,heavy_work,209.75,1,20250405,73,BLK_73S,6,전면SAW,2,2025-04-05 14:22:28,2025-04-05 16:33:48,131.3,,공통,raw,
b140_heavy_work_r1,Proposed,Medium (81-140),140,heavy_work,209.75,1,20250405,73,BLK_73S,6,TurnOver,3,2025-04-05 16:33:48,2025-04-05 16:48:12,14.4,,공통,raw,
b140_heavy_work_r1,Proposed,Medium (81-140),140,heavy_work,209.75,1,20250405,73,BLK_73S,6,후면SAW,4,2025-04-05 16:48:12,2025-04-05 18:33:16,105.1,,공통,raw,
b140_heavy_work_r1,Proposed,Medium (81-140),140,heavy_work,209.75,1,20250405,73,BLK_73S,6,NC,5,2025-04-05 18:33:16,2025-04-05 19:38:28,65.2,,공통,raw,
b140_heavy_work_r1,Proposed,Medium (81-140),140,heavy_work,209.75,1,20250405,73,BLK_73S,6,베이36B 론지취부,6,2025-04-05 19:38:28,2025-04-05 21:18:40,100.2,36B,베이36B,raw,
b140_heavy_work_r1,Proposed,Medium (81-140),140,heavy_work,209.75,1,20250405,73,BLK_73S,6,베이36B 론지용접,7,2025-04-05 21:18:40,2025-04-05 21:49:23,30.7,36B,베이36B,raw,
b140_heavy_work_r1,Proposed,Medium (81-140),140,heavy_work,209.75,1,20250405,73,BLK_73S,6,베이36B 수정,8,2025-04-05 21:49:23,2025-04-05 22:50:49,61.4,36B,베이36B,raw,
b140_heavy_work_r1,Proposed,Medium (81-140),140,heavy_work,209.75,1,20250405,75,BLK_75P,7,판계,1,2025-04-05 11:33:36,2025-04-05 12:09:36,36.0,,공통,raw,
b140_heavy_work_r1,Proposed,Medium (81-140),140,heavy_work,209.75,1,20250405,75,BLK_75P,7,전면SAW,2,2025-04-05 16:33:48,2025-04-05 17:12:52,39.1,,공통,raw,
b140_heavy_work_r1,Proposed,Medium (81-140),140,heavy_work,209.75,1,20250405,75,BLK_75P,7,TurnOver,3,2025-04-05 17:12:52,2025-04-05 17:27:16,14.4,,공통,raw,
b140_heavy_work_r1,Proposed,Medium (81-140),140,heavy_work,209.75,1,20250405,75,BLK_75P,7,후면SAW,4,2025-04-05 18:33:16,2025-04-05 18:59:18,26.0,,공통,raw,
b140_heavy_work_r1,Proposed,Medium (81-140),140,heavy_work,209.75,1,20250405,75,BLK_75P,7,NC,5,2025-04-05 19:38:28,2025-04-05 20:37:49,59.4,,공통,raw,
b140_heavy_work_r1,Proposed,Medium (81-140),140,heavy_work,209.75,1,20250405,75,BLK_75P,7,베이36B 론지취부,6,2025-04-05 21:18:40,2025-04-05 23:03:04,104.4,36B,베이36B,raw,
b140_heavy_work_r1,Proposed,Medium (81-140),140,heavy_work,209.75,1,20250405,75,BLK_75P,7,베이36B 론지용접,7,2025-04-05 23:03:04,2025-04-05 23:34:30,31.4,36B,베이36B,raw,
b140_heavy_work_r1,Proposed,Medium (81-140),140,heavy_work,209.75,1,20250405,75,BLK_75P,7,베이36B 수정,8,2025-04-05 23:34:30,2025-04-06 00:38:35,64.1,36B,베이36B,raw,
b140_heavy_work_r1,Proposed,Medium (81-140),140,heavy_work,209.75,1,20250405,130,BLK_130C,8,판계,1,2025-04-05 12:09:36,2025-04-05 12:43:12,33.6,,공통,raw,
b140_heavy_work_r1,Proposed,Medium (81-140),140,heavy_work,209.75,1,20250405,130,BLK_130C,8,전면SAW,2,2025-04-05 17:12:52,2025-04-05 19:41:33,148.7,,공통,raw,
b140_heavy_work_r1,Proposed,Medium (81-140),140,heavy_work,209.75,1,20250405,130,BLK_130C,8,TurnOver,3,2025-04-05 19:41:33,2025-04-05 19:55:57,14.4,,공통,raw,
b140_heavy_work_r1,Proposed,Medium (81-140),140,heavy_work,209.75,1,20250405,130,BLK_130C,8,후면SAW,4,2025-04-05 19:55:57,2025-04-05 21:56:49,120.9,,공통,raw,
b140_heavy_work_r1,Proposed,Medium (81-140),140,heavy_work,209.75,1,20250405,130,BLK_130C,8,NC,5,2025-04-05 21:56:49,2025-04-05 22:39:00,42.2,,공통,raw,
b140_heavy_work_r1,Proposed,Medium (81-140),140,heavy_work,209.75,1,20250405,130,BLK_130C,8,베이35A 론지취부,6,2025-04-05 22:39:00,2025-04-05 23:49:48,70.8,35A,베이35A,raw,
b140_heavy_work_r1,Proposed,Medium (81-140),140,heavy_work,209.75,1,20250405,130,BLK_130C,8,베이35A 론지용접,7,2025-04-05 23:49:48,2025-04-06 00:15:28,25.7,35A,베이35A,raw,
b140_heavy_work_r1,Proposed,Medium (81-140),140,heavy_work,209.75,1,20250405,130,BLK_130C,8,베이35A 수정,8,2025-04-06 00:15:28,2025-04-06 00:58:26,43.0,35A,베이35A,raw,
b140_heavy_work_r1,Proposed,Medium (81-140),140,heavy_work,209.75,1,20250405,131,BLK_131C,9,판계,1,2025-04-05 12:43:12,2025-04-05 13:19:12,36.0,,공통,raw,
b140_heavy_work_r1,Proposed,Medium (81-140),140,heavy_work,209.75,1,20250405,131,BLK_131C,9,전면SAW,2,2025-04-05 19:41:33,2025-04-05 20:22:32,41.0,,공통,raw,
b140_heavy_work_r1,Proposed,Medium (81-140),140,heavy_work,209.75,1,20250405,131,BLK_131C,9,TurnOver,3,2025-04-05 20:22:32,2025-04-05 20:36:56,14.4,,공통,raw,
b140_heavy_work_r1,Proposed,Medium (81-140),140,heavy_work,209.75,1,20250405,131,BLK_131C,9,후면SAW,4,2025-04-05 21:56:49,2025-04-05 22:25:25,28.6,,공통,raw,
b140_heavy_work_r1,Proposed,Medium (81-140),140,heavy_work,209.75,1,20250405,131,BLK_131C,9,NC,5,2025-04-05 22:39:00,2025-04-05 23:28:38,49.6,,공통,raw,
b140_heavy_work_r1,Proposed,Medium (81-140),140,heavy_work,209.75,1,20250405,131,BLK_131C,9,베이36B 론지취부,6,2025-04-05 23:28:38,2025-04-06 00:35:14,66.6,36B,베이36B,raw,
b140_heavy_work_r1,Proposed,Medium (81-140),140,heavy_work,209.75,1,20250405,131,BLK_131C,9,베이36B 론지용접,7,2025-04-06 00:35:14,2025-04-06 01:00:12,25.0,36B,베이36B,raw,
b140_heavy_work_r1,Proposed,Medium (81-140),140,heavy_work,209.75,1,20250405,131,BLK_131C,9,베이36B 수정,8,2025-04-06 01:00:12,2025-04-06 01:40:31,40.3,36B,베이36B,raw,
b140_heavy_work_r1,Proposed,Medium (81-140),140,heavy_work,209.75,1,20250405,59,BLK_59C,10,판계,1,2025-04-05 13:19:12,2025-04-05 13:33:36,14.4,,공통,raw,
b140_heavy_work_r1,Proposed,Medium (81-140),140,heavy_work,209.75,1,20250405,59,BLK_59C,10,전면SAW,2,2025-04-05 20:22:32,2025-04-05 21:17:37,55.1,,공통,raw,
b140_heavy_work_r1,Proposed,Medium (81-140),140,heavy_work,209.75,1,20250405,59,BLK_59C,10,TurnOver,3,2025-04-05 21:17:37,2025-04-05 21:32:01,14.4,,공통,raw,
b140_heavy_work_r1,Proposed,Medium (81-140),140,heavy_work,209.75,1,20250405,59,BLK_59C,10,후면SAW,4,2025-04-05 22:25:25,2025-04-05 23:12:33,47.1,,공통,raw,
b140_heavy_work_r1,Proposed,Medium (81-140),140,heavy_work,209.75,1,20250405,59,BLK_59C,10,NC,5,2025-04-05 23:28:38,2025-04-05 23:59:42,31.1,,공통,raw,
b140_heavy_work_r1,Proposed,Medium (81-140),140,heavy_work,209.75,1,20250405,59,BLK_59C,10,베이35A 론지취부,6,2025-04-05 23:59:42,2025-04-06 01:27:18,87.6,35A,베이35A,raw,
b140_heavy_work_r1,Proposed,Medium (81-140),140,heavy_work,209.75,1,20250405,59,BLK_59C,10,베이35A 론지용접,7,2025-04-06 01:27:18,2025-04-06 01:55:51,28.6,35A,베이35A,raw,
b140_heavy_work_r1,Proposed,Medium (81-140),140,heavy_work,209.75,1,20250405,59,BLK_59C,10,베이35A 수정,8,2025-04-06 01:55:51,2025-04-06 02:49:22,53.5,35A,베이35A,raw,
b140_heavy_work_r1,Proposed,Medium (81-140),140,heavy_work,209.75,1,20250405,115,BLK_115C,11,판계,1,2025-04-05 13:33:36,2025-04-05 13:48:00,14.4,,공통,raw,
b140_heavy_work_r1,Proposed,Medium (81-140),140,heavy_work,209.75,1,20250405,115,BLK_115C,11,전면SAW,2,2025-04-05 21:17:37,2025-04-05 22:01:22,43.8,,공통,raw,
b140_heavy_work_r1,Proposed,Medium (81-140),140,heavy_work,209.75,1,20250405,115,BLK_115C,11,TurnOver,3,2025-04-05 22:01:22,2025-04-05 22:15:46,14.4,,공통,raw,
b140_heavy_work_r1,Proposed,Medium (81-140),140,heavy_work,209.75,1,20250405,115,BLK_115C,11,후면SAW,4,2025-04-05 23:12:33,2025-04-05 23:44:46,32.2,,공통,raw,
b140_heavy_work_r1,Proposed,Medium (81-140),140,heavy_work,209.75,1,20250405,115,BLK_115C,11,NC,5,2025-04-05 23:59:42,2025-04-06 00:26:00,26.3,,공통,raw,
b140_heavy_work_r1,Proposed,Medium (81-140),140,heavy_work,209.75,1,20250405,115,BLK_115C,11,베이36B 론지취부,6,2025-04-06 00:35:14,2025-04-06 01:37:38,62.4,36B,베이36B,raw,
b140_heavy_work_r1,Proposed,Medium (81-140),140,heavy_work,209.75,1,20250405,115,BLK_115C,11,베이36B 론지용접,7,2025-04-06 01:37:38,2025-04-06 02:01:53,24.2,36B,베이36B,raw,
b140_heavy_work_r1,Proposed,Medium (81-140),140,heavy_work,209.75,1,20250405,115,BLK_115C,11,베이36B 수정,8,2025-04-06 02:01:53,2025-04-06 02:39:33,37.7,36B,베이36B,raw,
b140_heavy_work_r1,Proposed,Medium (81-140),140,heavy_work,209.75,1,20250406,76,BLK_76S,1,판계,1,2025-04-06 08:00:00,2025-04-06 08:39:36,39.6,,공통,raw,
b140_heavy_work_r1,Proposed,Medium (81-140),140,heavy_work,209.75,1,20250406,76,BLK_76S,1,전면SAW,2,2025-04-06 08:39:36,2025-04-06 10:19:45,100.2,,공통,raw,
b140_heavy_work_r1,Proposed,Medium (81-140),140,heavy_work,209.75,1,20250406,76,BLK_76S,1,TurnOver,3,2025-04-06 10:19:45,2025-04-06 10:34:09,14.4,,공통,raw,
b140_heavy_work_r1,Proposed,Medium (81-140),140,heavy_work,209.75,1,20250406,76,BLK_76S,1,후면SAW,4,2025-04-06 10:34:09,2025-04-06 11:50:47,76.6,,공통,raw,
b140_heavy_work_r1,Proposed,Medium (81-140),140,heavy_work,209.75,1,20250406,76,BLK_76S,1,NC,5,2025-04-06 11:50:47,2025-04-06 12:34:17,43.5,,공통,raw,
b140_heavy_work_r1,Proposed,Medium (81-140),140,heavy_work,209.75,1,20250406,76,BLK_76S,1,베이35A 론지취부,6,2025-04-06 12:34:17,2025-04-06 13:28:17,54.0,35A,베이35A,raw,
b140_heavy_work_r1,Proposed,Medium (81-140),140,heavy_work,209.75,1,20250406,76,BLK_76S,1,베이35A 론지용접,7,2025-04-06 13:28:17,2025-04-06 13:46:17,18.0,35A,베이35A,raw,
b140_heavy_work_r1,Proposed,Medium (81-140),140,heavy_work,209.75,1,20250406,76,BLK_76S,1,베이35A 수정,8,2025-04-06 13:46:17,2025-04-06 14:18:41,32.4,35A,베이35A,raw,
b140_heavy_work_r1,Proposed,Medium (81-140),140,heavy_work,209.75,1,20250406,122,BLK_122S,2,판계,1,2025-04-06 08:39:36,2025-04-06 09:03:36,24.0,,공통,raw,
b140_heavy_work_r1,Proposed,Medium (81-140),140,heavy_work,209.75,1,20250406,122,BLK_122S,2,전면SAW,2,2025-04-06 10:19:45,2025-04-06 11:04:08,44.4,,공통,raw,
b140_heavy_work_r1,Proposed,Medium (81-140),140,heavy_work,209.75,1,20250406,122,BLK_122S,2,TurnOver,3,2025-04-06 11:04:08,2025-04-06 11:18:32,14.4,,공통,raw,
b140_heavy_work_r1,Proposed,Medium (81-140),140,heavy_work,209.75,1,20250406,122,BLK_122S,2,후면SAW,4,2025-04-06 11:50:47,2025-04-06 12:23:50,33.0,,공통,raw,
b140_heavy_work_r1,Proposed,Medium (81-140),140,heavy_work,209.75,1,20250406,122,BLK_122S,2,NC,5,2025-04-06 12:34:17,2025-04-06 13:07:53,33.6,,공통,raw,
b140_heavy_work_r1,Proposed,Medium (81-140),140,heavy_work,209.75,1,20250406,122,BLK_122S,2,베이36B 론지취부,6,2025-04-06 13:07:53,2025-04-06 14:10:17,62.4,36B,베이36B,raw,
b140_heavy_work_r1,Proposed,Medium (81-140),140,heavy_work,209.75,1,20250406,122,BLK_122S,2,베이36B 론지용접,7,2025-04-06 14:10:17,2025-04-06 14:34:31,24.2,36B,베이36B,raw,
b140_heavy_work_r1,Proposed,Medium (81-140),140,heavy_work,209.75,1,20250406,122,BLK_122S,2,베이36B 수정,8,2025-04-06 14:34:31,2025-04-06 15:12:12,37.7,36B,베이36B,raw,
b140_heavy_work_r1,Proposed,Medium (81-140),140,heavy_work,209.75,1,20250406,111,BLK_111S,3,판계,1,2025-04-06 09:03:36,2025-04-06 09:39:36,36.0,,공통,raw,
b140_heavy_work_r1,Proposed,Medium (81-140),140,heavy_work,209.75,1,20250406,111,BLK_111S,3,전면SAW,2,2025-04-06 11:04:08,2025-04-06 11:37:14,33.1,,공통,raw,
b140_heavy_work_r1,Proposed,Medium (81-140),140,heavy_work,209.75,1,20250406,111,BLK_111S,3,TurnOver,3,2025-04-06 11:37:14,2025-04-06 11:51:38,14.4,,공통,raw,
b140_heavy_work_r1,Proposed,Medium (81-140),140,heavy_work,209.75,1,20250406,111,BLK_111S,3,후면SAW,4,2025-04-06 12:23:50,2025-04-06 12:42:02,18.2,,공통,raw,
b140_heavy_work_r1,Proposed,Medium (81-140),140,heavy_work,209.75,1,20250406,111,BLK_111S,3,NC,5,2025-04-06 13:07:53,2025-04-06 13:55:57,48.1,,공통,raw,
b140_heavy_work_r1,Proposed,Medium (81-140),140,heavy_work,209.75,1,20250406,111,BLK_111S,3,베이35A 론지취부,6,2025-04-06 13:55:57,2025-04-06 14:58:21,62.4,35A,베이35A,raw,
b140_heavy_work_r1,Proposed,Medium (81-140),140,heavy_work,209.75,1,20250406,111,BLK_111S,3,베이35A 론지용접,7,2025-04-06 14:58:21,2025-04-06 15:22:35,24.2,35A,베이35A,raw,
b140_heavy_work_r1,Proposed,Medium (81-140),140,heavy_work,209.75,1,20250406,111,BLK_111S,3,베이35A 수정,8,2025-04-06 15:22:35,2025-04-06 16:00:16,37.7,35A,베이35A,raw,
b140_heavy_work_r1,Proposed,Medium (81-140),140,heavy_work,209.75,1,20250406,79,BLK_79P,4,판계,1,2025-04-06 09:39:36,2025-04-06 09:54:00,14.4,,공통,raw,
b140_heavy_work_r1,Proposed,Medium (81-140),140,heavy_work,209.75,1,20250406,79,BLK_79P,4,전면SAW,2,2025-04-06 11:37:14,2025-04-06 12:51:12,74.0,,공통,raw,
b140_heavy_work_r1,Proposed,Medium (81-140),140,heavy_work,209.75,1,20250406,79,BLK_79P,4,TurnOver,3,2025-04-06 12:51:12,2025-04-06 13:05:36,14.4,,공통,raw,
b140_heavy_work_r1,Proposed,Medium (81-140),140,heavy_work,209.75,1,20250406,79,BLK_79P,4,후면SAW,4,2025-04-06 13:05:36,2025-04-06 14:17:36,72.0,,공통,raw,
b140_heavy_work_r1,Proposed,Medium (81-140),140,heavy_work,209.75,1,20250406,79,BLK_79P,4,NC,5,2025-04-06 14:17:36,2025-04-06 14:42:43,25.1,,공통,raw,
b140_heavy_work_r1,Proposed,Medium (81-140),140,heavy_work,209.75,1,20250406,79,BLK_79P,4,베이36B 론지취부,6,2025-04-06 14:42:43,2025-04-06 15:15:43,33.0,36B,베이36B,raw,
b140_heavy_work_r1,Proposed,Medium (81-140),140,heavy_work,209.75,1,20250406,79,BLK_79P,4,베이36B 론지용접,7,2025-04-06 15:15:43,2025-04-06 15:30:07,14.4,36B,베이36B,raw,
b140_heavy_work_r1,Proposed,Medium (81-140),140,heavy_work,209.75,1,20250406,79,BLK_79P,4,베이36B 수정,8,2025-04-06 15:30:07,2025-04-06 15:49:19,19.2,36B,베이36B,raw,
b140_heavy_work_r1,Proposed,Medium (81-140),140,heavy_work,209.75,1,20250406,81,BLK_81C,5,판계,1,2025-04-06 09:54:00,2025-04-06 10:33:36,39.6,,공통,raw,
b140_heavy_work_r1,Proposed,Medium (81-140),140,heavy_work,209.75,1,20250406,81,BLK_81C,5,전면SAW,2,2025-04-06 12:51:12,2025-04-06 15:00:00,128.8,,공통,raw,
b140_heavy_work_r1,Proposed,Medium (81-140),140,heavy_work,209.75,1,20250406,81,BLK_81C,5,TurnOver,3,2025-04-06 15:00:00,2025-04-06 15:14:24,14.4,,공통,raw,
b140_heavy_work_r1,Proposed,Medium (81-140),140,heavy_work,209.75,1,20250406,81,BLK_81C,5,후면SAW,4,2025-04-06 15:14:24,2025-04-06 16:57:10,102.8,,공통,raw,
b140_heavy_work_r1,Proposed,Medium (81-140),140,heavy_work,209.75,1,20250406,81,BLK_81C,5,NC,5,2025-04-06 16:57:10,2025-04-06 17:46:10,49.0,,공통,raw,
b140_heavy_work_r1,Proposed,Medium (81-140),140,heavy_work,209.75,1,20250406,81,BLK_81C,5,베이35A 론지취부,6,2025-04-06 17:46:10,2025-04-06 19:05:22,79.2,35A,베이35A,raw,
b140_heavy_work_r1,Proposed,Medium (81-140),140,heavy_work,209.75,1,20250406,81,BLK_81C,5,베이35A 론지용접,7,2025-04-06 19:05:22,2025-04-06 19:32:29,27.1,35A,베이35A,raw,
b140_heavy_work_r1,Proposed,Medium (81-140),140,heavy_work,209.75,1,20250406,81,BLK_81C,5,베이35A 수정,8,2025-04-06 19:32:29,2025-04-06 20:20:44,48.2,35A,베이35A,raw,
b140_heavy_work_r1,Proposed,Medium (81-140),140,heavy_work,209.75,1,20250406,35,BLK_35P,6,판계,1,2025-04-06 10:33:36,2025-04-06 10:48:00,14.4,,공통,raw,
b140_heavy_work_r1,Proposed,Medium (81-140),140,heavy_work,209.75,1,20250406,35,BLK_35P,6,전면SAW,2,2025-04-06 15:00:00,2025-04-06 15:55:39,55.6,,공통,raw,
b140_heavy_work_r1,Proposed,Medium (81-140),140,heavy_work,209.75,1,20250406,35,BLK_35P,6,TurnOver,3,2025-04-06 15:55:39,2025-04-06 16:10:03,14.4,,공통,raw,
b140_heavy_work_r1,Proposed,Medium (81-140),140,heavy_work,209.75,1,20250406,35,BLK_35P,6,후면SAW,4,2025-04-06 16:57:10,2025-04-06 17:45:02,47.9,,공통,raw,
b140_heavy_work_r1,Proposed,Medium (81-140),140,heavy_work,209.75,1,20250406,35,BLK_35P,6,NC,5,2025-04-06 17:46:10,2025-04-06 18:11:40,25.5,,공통,raw,
b140_heavy_work_r1,Proposed,Medium (81-140),140,heavy_work,209.75,1,20250406,35,BLK_35P,6,베이36B 론지취부,6,2025-04-06 18:11:40,2025-04-06 19:09:52,58.2,36B,베이36B,raw,
b140_heavy_work_r1,Proposed,Medium (81-140),140,heavy_work,209.75,1,20250406,35,BLK_35P,6,베이36B 론지용접,7,2025-04-06 19:09:52,2025-04-06 19:33:23,23.5,36B,베이36B,raw,
b140_heavy_work_r1,Proposed,Medium (81-140),140,heavy_work,209.75,1,20250406,35,BLK_35P,6,베이36B 수정,8,2025-04-06 19:33:23,2025-04-06 20:08:26,35.0,36B,베이36B,raw,
b140_heavy_work_r1,Proposed,Medium (81-140),140,heavy_work,209.75,1,20250406,15,BLK_15P,7,판계,1,2025-04-06 10:48:00,2025-04-06 11:42:00,54.0,,공통,raw,
b140_heavy_work_r1,Proposed,Medium (81-140),140,heavy_work,209.75,1,20250406,15,BLK_15P,7,전면SAW,2,2025-04-06 15:55:39,2025-04-06 19:15:30,199.8,,공통,raw,
b140_heavy_work_r1,Proposed,Medium (81-140),140,heavy_work,209.75,1,20250406,15,BLK_15P,7,TurnOver,3,2025-04-06 19:15:30,2025-04-06 19:29:54,14.4,,공통,raw,
b140_heavy_work_r1,Proposed,Medium (81-140),140,heavy_work,209.75,1,20250406,15,BLK_15P,7,후면SAW,4,2025-04-06 19:29:54,2025-04-06 21:57:56,148.0,,공통,raw,
b140_heavy_work_r1,Proposed,Medium (81-140),140,heavy_work,209.75,1,20250406,15,BLK_15P,7,NC,5,2025-04-06 21:57:56,2025-04-06 23:01:46,63.8,,공통,raw,
b140_heavy_work_r1,Proposed,Medium (81-140),140,heavy_work,209.75,1,20250406,15,BLK_15P,7,베이35A 론지취부,6,2025-04-06 23:01:46,2025-04-07 01:07:10,125.4,35A,베이35A,raw,
b140_heavy_work_r1,Proposed,Medium (81-140),140,heavy_work,209.75,1,20250406,15,BLK_15P,7,베이35A 론지용접,7,2025-04-07 01:07:10,2025-04-07 01:42:12,35.0,35A,베이35A,raw,
b140_heavy_work_r1,Proposed,Medium (81-140),140,heavy_work,209.75,1,20250406,15,BLK_15P,7,베이35A 수정,8,2025-04-07 01:42:12,2025-04-07 02:59:29,77.3,35A,베이35A,raw,
b140_heavy_work_r1,Proposed,Medium (81-140),140,heavy_work,209.75,1,20250406,32,BLK_32C,8,판계,1,2025-04-06 11:42:00,2025-04-06 12:06:00,24.0,,공통,raw,
b140_heavy_work_r1,Proposed,Medium (81-140),140,heavy_work,209.75,1,20250406,32,BLK_32C,8,전면SAW,2,2025-04-06 19:15:30,2025-04-06 19:57:24,41.9,,공통,raw,
b140_heavy_work_r1,Proposed,Medium (81-140),140,heavy_work,209.75,1,20250406,32,BLK_32C,8,TurnOver,3,2025-04-06 19:57:24,2025-04-06 20:11:48,14.4,,공통,raw,
b140_heavy_work_r1,Proposed,Medium (81-140),140,heavy_work,209.75,1,20250406,32,BLK_32C,8,후면SAW,4,2025-04-06 21:57:56,2025-04-06 22:27:43,29.8,,공통,raw,
b140_heavy_work_r1,Proposed,Medium (81-140),140,heavy_work,209.75,1,20250406,32,BLK_32C,8,NC,5,2025-04-06 23:01:46,2025-04-06 23:34:57,33.2,,공통,raw,
b140_heavy_work_r1,Proposed,Medium (81-140),140,heavy_work,209.75,1,20250406,32,BLK_32C,8,베이36B 론지취부,6,2025-04-06 23:34:57,2025-04-07 01:06:45,91.8,36B,베이36B,raw,
b140_heavy_work_r1,Proposed,Medium (81-140),140,heavy_work,209.75,1,20250406,32,BLK_32C,8,베이36B 론지용접,7,2025-04-07 01:06:45,2025-04-07 01:36:02,29.3,36B,베이36B,raw,
b140_heavy_work_r1,Proposed,Medium (81-140),140,heavy_work,209.75,1,20250406,32,BLK_32C,8,베이36B 수정,8,2025-04-07 01:36:02,2025-04-07 02:32:11,56.2,36B,베이36B,raw,
b140_heavy_work_r1,Proposed,Medium (81-140),140,heavy_work,209.75,1,20250406,23,BLK_23S,9,판계,1,2025-04-06 12:06:00,2025-04-06 13:00:00,54.0,,공통,raw,
b140_heavy_work_r1,Proposed,Medium (81-140),140,heavy_work,209.75,1,20250406,23,BLK_23S,9,전면SAW,2,2025-04-06 19:57:24,2025-04-06 22:39:02,161.6,,공통,raw,
b140_heavy_work_r1,Proposed,Medium (81-140),140,heavy_work,209.75,1,20250406,23,BLK_23S,9,TurnOver,3,2025-04-06 22:39:02,2025-04-06 22:53:26,14.4,,공통,raw,
b140_heavy_work_r1,Proposed,Medium (81-140),140,heavy_work,209.75,1,20250406,23,BLK_23S,9,후면SAW,4,2025-04-06 22:53:26,2025-04-07 00:50:53,117.4,,공통,raw,
b140_heavy_work_r1,Proposed,Medium (81-140),140,heavy_work,209.75,1,20250406,23,BLK_23S,9,NC,5,2025-04-07 00:50:53,2025-04-07 01:51:03,60.2,,공통,raw,
b140_heavy_work_r1,Proposed,Medium (81-140),140,heavy_work,209.75,1,20250406,23,BLK_23S,9,베이35A 론지취부,6,2025-04-07 01:51:03,2025-04-07 02:40:51,49.8,35A,베이35A,raw,
b140_heavy_work_r1,Proposed,Medium (81-140),140,heavy_work,209.75,1,20250406,23,BLK_23S,9,베이35A 론지용접,7,2025-04-07 02:40:51,2025-04-07 03:02:56,22.1,35A,베이35A,raw,
b140_heavy_work_r1,Proposed,Medium (81-140),140,heavy_work,209.75,1,20250406,23,BLK_23S,9,베이35A 수정,8,2025-04-07 03:02:56,2025-04-07 03:32:42,29.8,35A,베이35A,raw,
b140_heavy_work_r1,Proposed,Medium (81-140),140,heavy_work,209.75,1,20250406,44,BLK_44S,10,판계,1,2025-04-06 13:00:00,2025-04-06 13:36:00,36.0,,공통,raw,
b140_heavy_work_r1,Proposed,Medium (81-140),140,heavy_work,209.75,1,20250406,44,BLK_44S,10,전면SAW,2,2025-04-06 22:39:02,2025-04-06 23:16:26,37.4,,공통,raw,
b140_heavy_work_r1,Proposed,Medium (81-140),140,heavy_work,209.75,1,20250406,44,BLK_44S,10,TurnOver,3,2025-04-06 23:16:26,2025-04-06 23:30:50,14.4,,공통,raw,
b140_heavy_work_r1,Proposed,Medium (81-140),140,heavy_work,209.75,1,20250406,44,BLK_44S,10,후면SAW,4,2025-04-07 00:50:53,2025-04-07 01:14:44,23.9,,공통,raw,
b140_heavy_work_r1,Proposed,Medium (81-140),140,heavy_work,209.75,1,20250406,44,BLK_44S,10,NC,5,2025-04-07 01:51:03,2025-04-07 02:42:58,51.9,,공통,raw,
b140_heavy_work_r1,Proposed,Medium (81-140),140,heavy_work,209.75,1,20250406,44,BLK_44S,10,베이36B 론지취부,6,2025-04-07 02:42:58,2025-04-07 03:45:22,62.4,36B,베이36B,raw,
b140_heavy_work_r1,Proposed,Medium (81-140),140,heavy_work,209.75,1,20250406,44,BLK_44S,10,베이36B 론지용접,7,2025-04-07 03:45:22,2025-04-07 04:09:36,24.2,36B,베이36B,raw,
b140_heavy_work_r1,Proposed,Medium (81-140),140,heavy_work,209.75,1,20250406,44,BLK_44S,10,베이36B 수정,8,2025-04-07 04:09:36,2025-04-07 04:47:17,37.7,36B,베이36B,raw,
b140_heavy_work_r1,Proposed,Medium (81-140),140,heavy_work,209.75,1,20250406,7,BLK_7S,11,판계,1,2025-04-06 13:36:00,2025-04-06 14:15:36,39.6,,공통,raw,
b140_heavy_work_r1,Proposed,Medium (81-140),140,heavy_work,209.75,1,20250406,7,BLK_7S,11,전면SAW,2,2025-04-06 23:16:26,2025-04-07 01:29:06,132.7,,공통,raw,
b140_heavy_work_r1,Proposed,Medium (81-140),140,heavy_work,209.75,1,20250406,7,BLK_7S,11,TurnOver,3,2025-04-07 01:29:06,2025-04-07 01:43:30,14.4,,공통,raw,
b140_heavy_work_r1,Proposed,Medium (81-140),140,heavy_work,209.75,1,20250406,7,BLK_7S,11,후면SAW,4,2025-04-07 01:43:30,2025-04-07 03:56:34,133.1,,공통,raw,
b140_heavy_work_r1,Proposed,Medium (81-140),140,heavy_work,209.75,1,20250406,7,BLK_7S,11,NC,5,2025-04-07 03:56:34,2025-04-07 04:46:24,49.8,,공통,raw,
b140_heavy_work_r1,Proposed,Medium (81-140),140,heavy_work,209.75,1,20250406,7,BLK_7S,11,베이35A 론지취부,6,2025-04-07 04:46:24,2025-04-07 06:35:00,108.6,35A,베이35A,raw,
b140_heavy_work_r1,Proposed,Medium (81-140),140,heavy_work,209.75,1,20250406,7,BLK_7S,11,베이35A 론지용접,7,2025-04-07 06:35:00,2025-04-07 07:07:09,32.2,35A,베이35A,raw,
b140_heavy_work_r1,Proposed,Medium (81-140),140,heavy_work,209.75,1,20250406,7,BLK_7S,11,베이35A 수정,8,2025-04-07 07:07:09,2025-04-07 08:13:53,66.7,35A,베이35A,raw,
b140_heavy_work_r1,Proposed,Medium (81-140),140,heavy_work,209.75,1,20250407,39,BLK_39P,1,판계,1,2025-04-07 08:00:00,2025-04-07 08:36:00,36.0,,공통,raw,
b140_heavy_work_r1,Proposed,Medium (81-140),140,heavy_work,209.75,1,20250407,39,BLK_39P,1,전면SAW,2,2025-04-07 08:36:00,2025-04-07 09:28:50,52.8,,공통,raw,
b140_heavy_work_r1,Proposed,Medium (81-140),140,heavy_work,209.75,1,20250407,39,BLK_39P,1,TurnOver,3,2025-04-07 09:28:50,2025-04-07 09:43:14,14.4,,공통,raw,
b140_heavy_work_r1,Proposed,Medium (81-140),140,heavy_work,209.75,1,20250407,39,BLK_39P,1,후면SAW,4,2025-04-07 09:43:14,2025-04-07 10:27:24,44.2,,공통,raw,
b140_heavy_work_r1,Proposed,Medium (81-140),140,heavy_work,209.75,1,20250407,39,BLK_39P,1,NC,5,2025-04-07 10:27:24,2025-04-07 11:26:28,59.1,,공통,raw,
b140_heavy_work_r1,Proposed,Medium (81-140),140,heavy_work,209.75,1,20250407,39,BLK_39P,1,베이36B 론지취부,6,2025-04-07 11:26:28,2025-04-07 13:10:52,104.4,36B,베이36B,raw,
b140_heavy_work_r1,Proposed,Medium (81-140),140,heavy_work,209.75,1,20250407,39,BLK_39P,1,베이36B 론지용접,7,2025-04-07 13:10:52,2025-04-07 13:42:18,31.4,36B,베이36B,raw,
b140_heavy_work_r1,Proposed,Medium (81-140),140,heavy_work,209.75,1,20250407,39,BLK_39P,1,베이36B 수정,8,2025-04-07 13:42:18,2025-04-07 14:46:23,64.1,36B,베이36B,raw,
b140_heavy_work_r1,Proposed,Medium (81-140),140,heavy_work,209.75,1,20250407,52,BLK_52S,2,판계,1,2025-04-07 08:36:00,2025-04-07 09:21:36,45.6,,공통,raw,
b140_heavy_work_r1,Proposed,Medium (81-140),140,heavy_work,209.75,1,20250407,52,BLK_52S,2,전면SAW,2,2025-04-07 09:28:50,2025-04-07 11:49:00,140.2,,공통,raw,
b140_heavy_work_r1,Proposed,Medium (81-140),140,heavy_work,209.75,1,20250407,52,BLK_52S,2,TurnOver,3,2025-04-07 11:49:00,2025-04-07 12:03:24,14.4,,공통,raw,
b140_heavy_work_r1,Proposed,Medium (81-140),140,heavy_work,209.75,1,20250407,52,BLK_52S,2,후면SAW,4,2025-04-07 12:03:24,2025-04-07 13:56:31,113.1,,공통,raw,
b140_heavy_work_r1,Proposed,Medium (81-140),140,heavy_work,209.75,1,20250407,52,BLK_52S,2,NC,5,2025-04-07 13:56:31,2025-04-07 14:52:38,56.1,,공통,raw,
b140_heavy_work_r1,Proposed,Medium (81-140),140,heavy_work,209.75,1,20250407,52,BLK_52S,2,베이35A 론지취부,6,2025-04-07 14:52:38,2025-04-07 16:11:50,79.2,35A,베이35A,raw,
b140_heavy_work_r1,Proposed,Medium (81-140),140,heavy_work,209.75,1,20250407,52,BLK_52S,2,베이35A 론지용접,7,2025-04-07 16:11:50,2025-04-07 16:38:57,27.1,35A,베이35A,raw,
b140_heavy_work_r1,Proposed,Medium (81-140),140,heavy_work,209.75,1,20250407,52,BLK_52S,2,베이35A 수정,8,2025-04-07 16:38:57,2025-04-07 17:27:12,48.2,35A,베이35A,raw,
b140_heavy_work_r1,Proposed,Medium (81-140),140,heavy_work,209.75,1,20250407,48,BLK_48P,3,판계,1,2025-04-07 09:21:36,2025-04-07 09:57:36,36.0,,공통,raw,
b140_heavy_work_r1,Proposed,Medium (81-140),140,heavy_work,209.75,1,20250407,48,BLK_48P,3,전면SAW,2,2025-04-07 11:49:00,2025-04-07 12:27:22,38.4,,공통,raw,
b140_heavy_work_r1,Proposed,Medium (81-140),140,heavy_work,209.75,1,20250407,48,BLK_48P,3,TurnOver,3,2025-04-07 12:27:22,2025-04-07 12:41:46,14.4,,공통,raw,
b140_heavy_work_r1,Proposed,Medium (81-140),140,heavy_work,209.75,1,20250407,48,BLK_48P,3,후면SAW,4,2025-04-07 13:56:31,2025-04-07 14:21:38,25.1,,공통,raw,
b140_heavy_work_r1,Proposed,Medium (81-140),140,heavy_work,209.75,1,20250407,48,BLK_48P,3,NC,5,2025-04-07 14:52:38,2025-04-07 15:43:54,51.3,,공통,raw,
b140_heavy_work_r1,Proposed,Medium (81-140),140,heavy_work,209.75,1,20250407,48,BLK_48P,3,베이36B 론지취부,6,2025-04-07 15:43:54,2025-04-07 17:49:18,125.4,36B,베이36B,raw,
b140_heavy_work_r1,Proposed,Medium (81-140),140,heavy_work,209.75,1,20250407,48,BLK_48P,3,베이36B 론지용접,7,2025-04-07 17:49:18,2025-04-07 18:24:20,35.0,36B,베이36B,raw,
b140_heavy_work_r1,Proposed,Medium (81-140),140,heavy_work,209.75,1,20250407,48,BLK_48P,3,베이36B 수정,8,2025-04-07 18:24:20,2025-04-07 19:41:37,77.3,36B,베이36B,raw,
b140_heavy_work_r1,Proposed,Medium (81-140),140,heavy_work,209.75,1,20250407,43,BLK_43S,4,판계,1,2025-04-07 09:57:36,2025-04-07 11:08:24,70.8,,공통,raw,
b140_heavy_work_r1,Proposed,Medium (81-140),140,heavy_work,209.75,1,20250407,43,BLK_43S,4,전면SAW,2,2025-04-07 12:27:22,2025-04-07 13:15:28,48.1,,공통,raw,
b140_heavy_work_r1,Proposed,Medium (81-140),140,heavy_work,209.75,1,20250407,43,BLK_43S,4,TurnOver,3,2025-04-07 13:15:28,2025-04-07 13:29:52,14.4,,공통,raw,
b140_heavy_work_r1,Proposed,Medium (81-140),140,heavy_work,209.75,1,20250407,43,BLK_43S,4,후면SAW,4,2025-04-07 14:21:38,2025-04-07 14:59:35,37.9,,공통,raw,
b140_heavy_work_r1,Proposed,Medium (81-140),140,heavy_work,209.75,1,20250407,43,BLK_43S,4,NC,5,2025-04-07 15:43:54,2025-04-07 17:08:18,84.4,,공통,raw,
b140_heavy_work_r1,Proposed,Medium (81-140),140,heavy_work,209.75,1,20250407,43,BLK_43S,4,베이36B 론지취부,6,2025-04-07 17:49:18,2025-04-07 20:24:06,154.8,36B,베이36B,raw,
b140_heavy_work_r1,Proposed,Medium (81-140),140,heavy_work,209.75,1,20250407,43,BLK_43S,4,베이36B 론지용접,7,2025-04-07 20:24:06,2025-04-07 21:04:11,40.1,36B,베이36B,raw,
b140_heavy_work_r1,Proposed,Medium (81-140),140,heavy_work,209.75,1,20250407,43,BLK_43S,4,베이36B 수정,8,2025-04-07 21:04:11,2025-04-07 22:39:56,95.8,36B,베이36B,raw,
b140_heavy_work_r1,Proposed,Medium (81-140),140,heavy_work,209.75,1,20250407,136,BLK_42S,5,판계,1,2025-04-07 11:08:24,2025-04-07 11:48:00,39.6,,공통,raw,
b140_heavy_work_r1,Proposed,Medium (81-140),140,heavy_work,209.75,1,20250407,136,BLK_42S,5,전면SAW,2,2025-04-07 13:15:28,2025-04-07 15:16:06,120.6,,공통,raw,
b140_heavy_work_r1,Proposed,Medium (81-140),140,heavy_work,209.75,1,20250407,136,BLK_42S,5,TurnOver,3,2025-04-07 15:16:06,2025-04-07 15:30:30,14.4,,공통,raw,
b140_heavy_work_r1,Proposed,Medium (81-140),140,heavy_work,209.75,1,20250407,136,BLK_42S,5,후면SAW,4,2025-04-07 15:30:30,2025-04-07 17:05:48,95.3,,공통,raw,
b140_heavy_work_r1,Proposed,Medium (81-140),140,heavy_work,209.75,1,20250407,136,BLK_42S,5,NC,5,2025-04-07 17:08:18,2025-04-07 18:00:59,52.7,,공통,raw,
b140_heavy_work_r1,Proposed,Medium (81-140),140,heavy_work,209.75,1,20250407,136,BLK_42S,5,베이35A 론지취부,6,2025-04-07 18:00:59,2025-04-07 19:28:35,87.6,35A,베이35A,raw,
b140_heavy_work_r1,Proposed,Medium (81-140),140,heavy_work,209.75,1,20250407,136,BLK_42S,5,베이35A 론지용접,7,2025-04-07 19:28:35,2025-04-07 19:57:08,28.6,35A,베이35A,raw,
b140_heavy_work_r1,Proposed,Medium (81-140),140,heavy_work,209.75,1,20250407,136,BLK_42S,5,베이35A 수정,8,2025-04-07 19:57:08,2025-04-07 20:50:39,53.5,35A,베이35A,raw,
b140_heavy_work_r1,Proposed,Medium (81-140),140,heavy_work,209.75,1,20250407,40,BLK_40S,6,판계,1,2025-04-07 11:48:00,2025-04-07 12:12:00,24.0,,공통,raw,
b140_heavy_work_r1,Proposed,Medium (81-140),140,heavy_work,209.75,1,20250407,40,BLK_40S,6,전면SAW,2,2025-04-07 15:16:06,2025-04-07 15:53:28,37.4,,공통,raw,
b140_heavy_work_r1,Proposed,Medium (81-140),140,heavy_work,209.75,1,20250407,40,BLK_40S,6,TurnOver,3,2025-04-07 15:53:28,2025-04-07 16:07:52,14.4,,공통,raw,
b140_heavy_work_r1,Proposed,Medium (81-140),140,heavy_work,209.75,1,20250407,40,BLK_40S,6,후면SAW,4,2025-04-07 17:05:48,2025-04-07 17:29:37,23.8,,공통,raw,
b140_heavy_work_r1,Proposed,Medium (81-140),140,heavy_work,209.75,1,20250407,40,BLK_40S,6,NC,5,2025-04-07 18:00:59,2025-04-07 18:31:30,30.5,,공통,raw,
b140_heavy_work_r1,Proposed,Medium (81-140),140,heavy_work,209.75,1,20250407,40,BLK_40S,6,베이36B 론지취부,6,2025-04-07 20:24:06,2025-04-07 21:34:54,70.8,36B,베이36B,raw,
b140_heavy_work_r1,Proposed,Medium (81-140),140,heavy_work,209.75,1,20250407,40,BLK_40S,6,베이36B 론지용접,7,2025-04-07 21:34:54,2025-04-07 22:00:35,25.7,36B,베이36B,raw,
b140_heavy_work_r1,Proposed,Medium (81-140),140,heavy_work,209.75,1,20250407,40,BLK_40S,6,베이36B 수정,8,2025-04-07 22:39:56,2025-04-07 23:22:54,43.0,36B,베이36B,raw,
b140_heavy_work_r1,Proposed,Medium (81-140),140,heavy_work,209.75,1,20250407,27,BLK_27S,7,판계,1,2025-04-07 12:12:00,2025-04-07 12:51:36,39.6,,공통,raw,
b140_heavy_work_r1,Proposed,Medium (81-140),140,heavy_work,209.75,1,20250407,27,BLK_27S,7,전면SAW,2,2025-04-07 15:53:28,2025-04-07 17:47:38,114.2,,공통,raw,
b140_heavy_work_r1,Proposed,Medium (81-140),140,heavy_work,209.75,1,20250407,27,BLK_27S,7,TurnOver,3,2025-04-07 17:47:38,2025-04-07 18:02:02,14.4,,공통,raw,
b140_heavy_work_r1,Proposed,Medium (81-140),140,heavy_work,209.75,1,20250407,27,BLK_27S,7,후면SAW,4,2025-04-07 18:02:02,2025-04-07 19:31:27,89.4,,공통,raw,
b140_heavy_work_r1,Proposed,Medium (81-140),140,heavy_work,209.75,1,20250407,27,BLK_27S,7,NC,5,2025-04-07 19:31:27,2025-04-07 20:16:27,45.0,,공통,raw,
b140_heavy_work_r1,Proposed,Medium (81-140),140,heavy_work,209.75,1,20250407,27,BLK_27S,7,베이35A 론지취부,6,2025-04-07 20:16:27,2025-04-07 20:53:39,37.2,35A,베이35A,raw,
b140_heavy_work_r1,Proposed,Medium (81-140),140,heavy_work,209.75,1,20250407,27,BLK_27S,7,베이35A 론지용접,7,2025-04-07 20:53:39,2025-04-07 21:13:34,19.9,35A,베이35A,raw,
b140_heavy_work_r1,Proposed,Medium (81-140),140,heavy_work,209.75,1,20250407,27,BLK_27S,7,베이35A 수정,8,2025-04-07 21:13:34,2025-04-07 21:35:24,21.8,35A,베이35A,raw,
b140_heavy_work_r1,Proposed,Medium (81-140),140,heavy_work,209.75,1,20250407,11,BLK_11C,8,판계,1,2025-04-07 12:51:36,2025-04-07 13:27:36,36.0,,공통,raw,
b140_heavy_work_r1,Proposed,Medium (81-140),140,heavy_work,209.75,1,20250407,11,BLK_11C,8,전면SAW,2,2025-04-07 17:47:38,2025-04-07 18:34:32,46.9,,공통,raw,
b140_heavy_work_r1,Proposed,Medium (81-140),140,heavy_work,209.75,1,20250407,11,BLK_11C,8,TurnOver,3,2025-04-07 18:34:32,2025-04-07 18:48:56,14.4,,공통,raw,
b140_heavy_work_r1,Proposed,Medium (81-140),140,heavy_work,209.75,1,20250407,11,BLK_11C,8,후면SAW,4,2025-04-07 19:31:27,2025-04-07 20:07:48,36.4,,공통,raw,
b140_heavy_work_r1,Proposed,Medium (81-140),140,heavy_work,209.75,1,20250407,11,BLK_11C,8,NC,5,2025-04-07 20:16:27,2025-04-07 21:03:20,46.9,,공통,raw,
b140_heavy_work_r1,Proposed,Medium (81-140),140,heavy_work,209.75,1,20250407,11,BLK_11C,8,베이36B 론지취부,6,2025-04-07 21:34:54,2025-04-07 22:28:54,54.0,36B,베이36B,raw,
b140_heavy_work_r1,Proposed,Medium (81-140),140,heavy_work,209.75,1,20250407,11,BLK_11C,8,베이36B 론지용접,7,2025-04-07 22:28:54,2025-04-07 22:51:42,22.8,36B,베이36B,raw,
b140_heavy_work_r1,Proposed,Medium (81-140),140,heavy_work,209.75,1,20250407,11,BLK_11C,8,베이36B 수정,8,2025-04-07 23:22:54,2025-04-07 23:55:18,32.4,36B,베이36B,raw,
b140_heavy_work_r1,Proposed,Medium (81-140),140,heavy_work,209.75,1,20250407,50,BLK_50P,9,판계,1,2025-04-07 13:27:36,2025-04-07 13:51:36,24.0,,공통,raw,
b140_heavy_work_r1,Proposed,Medium (81-140),140,heavy_work,209.75,1,20250407,50,BLK_50P,9,전면SAW,2,2025-04-07 18:34:32,2025-04-07 20:29:32,115.0,,공통,raw,
b140_heavy_work_r1,Proposed,Medium (81-140),140,heavy_work,209.75,1,20250407,50,BLK_50P,9,TurnOver,3,2025-04-07 20:29:32,2025-04-07 20:43:56,14.4,,공통,raw,
b140_heavy_work_r1,Proposed,Medium (81-140),140,heavy_work,209.75,1,20250407,50,BLK_50P,9,후면SAW,4,2025-04-07 20:43:56,2025-04-07 22:36:26,112.5,,공통,raw,
b140_heavy_work_r1,Proposed,Medium (81-140),140,heavy_work,209.75,1,20250407,50,BLK_50P,9,NC,5,2025-04-07 22:36:26,2025-04-07 23:06:49,30.4,,공통,raw,
b140_heavy_work_r1,Proposed,Medium (81-140),140,heavy_work,209.75,1,20250407,50,BLK_50P,9,베이35A 론지취부,6,2025-04-07 23:06:49,2025-04-07 23:56:37,49.8,35A,베이35A,raw,
b140_heavy_work_r1,Proposed,Medium (81-140),140,heavy_work,209.75,1,20250407,50,BLK_50P,9,베이35A 론지용접,7,2025-04-07 23:56:37,2025-04-08 00:13:54,17.3,35A,베이35A,raw,
b140_heavy_work_r1,Proposed,Medium (81-140),140,heavy_work,209.75,1,20250407,50,BLK_50P,9,베이35A 수정,8,2025-04-08 00:13:54,2025-04-08 00:43:40,29.8,35A,베이35A,raw,
b140_heavy_work_r1,Proposed,Medium (81-140),140,heavy_work,209.75,1,20250407,135,BLK_3S,10,판계,1,2025-04-07 13:51:36,2025-04-07 14:27:36,36.0,,공통,raw,
b140_heavy_work_r1,Proposed,Medium (81-140),140,heavy_work,209.75,1,20250407,135,BLK_3S,10,전면SAW,2,2025-04-07 20:29:32,2025-04-07 21:04:49,35.3,,공통,raw,
b140_heavy_work_r1,Proposed,Medium (81-140),140,heavy_work,209.75,1,20250407,135,BLK_3S,10,TurnOver,3,2025-04-07 21:04:49,2025-04-07 21:19:13,14.4,,공통,raw,
b140_heavy_work_r1,Proposed,Medium (81-140),140,heavy_work,209.75,1,20250407,135,BLK_3S,10,후면SAW,4,2025-04-07 22:36:26,2025-04-07 22:57:30,21.1,,공통,raw,
b140_heavy_work_r1,Proposed,Medium (81-140),140,heavy_work,209.75,1,20250407,135,BLK_3S,10,NC,5,2025-04-07 23:06:49,2025-04-08 00:02:59,56.2,,공통,raw,
b140_heavy_work_r1,Proposed,Medium (81-140),140,heavy_work,209.75,1,20250407,135,BLK_3S,10,베이36B 론지취부,6,2025-04-08 00:02:59,2025-04-08 01:05:23,62.4,36B,베이36B,raw,
b140_heavy_work_r1,Proposed,Medium (81-140),140,heavy_work,209.75,1,20250407,135,BLK_3S,10,베이36B 론지용접,7,2025-04-08 01:05:23,2025-04-08 01:29:37,24.2,36B,베이36B,raw,
b140_heavy_work_r1,Proposed,Medium (81-140),140,heavy_work,209.75,1,20250407,135,BLK_3S,10,베이36B 수정,8,2025-04-08 01:29:37,2025-04-08 02:07:18,37.7,36B,베이36B,raw,
b140_heavy_work_r1,Proposed,Medium (81-140),140,heavy_work,209.75,1,20250407,42,BLK_42P,11,판계,1,2025-04-07 14:27:36,2025-04-07 15:07:12,39.6,,공통,raw,
b140_heavy_work_r1,Proposed,Medium (81-140),140,heavy_work,209.75,1,20250407,42,BLK_42P,11,전면SAW,2,2025-04-07 21:04:49,2025-04-07 23:05:27,120.6,,공통,raw,
b140_heavy_work_r1,Proposed,Medium (81-140),140,heavy_work,209.75,1,20250407,42,BLK_42P,11,TurnOver,3,2025-04-07 23:05:27,2025-04-07 23:19:51,14.4,,공통,raw,
b140_heavy_work_r1,Proposed,Medium (81-140),140,heavy_work,209.75,1,20250407,42,BLK_42P,11,후면SAW,4,2025-04-07 23:19:51,2025-04-08 00:55:09,95.3,,공통,raw,
b140_heavy_work_r1,Proposed,Medium (81-140),140,heavy_work,209.75,1,20250407,42,BLK_42P,11,NC,5,2025-04-08 00:55:09,2025-04-08 01:47:49,52.7,,공통,raw,
b140_heavy_work_r1,Proposed,Medium (81-140),140,heavy_work,209.75,1,20250407,42,BLK_42P,11,베이35A 론지취부,6,2025-04-08 01:47:49,2025-04-08 03:15:25,87.6,35A,베이35A,raw,
b140_heavy_work_r1,Proposed,Medium (81-140),140,heavy_work,209.75,1,20250407,42,BLK_42P,11,베이35A 론지용접,7,2025-04-08 03:15:25,2025-04-08 03:43:59,28.6,35A,베이35A,raw,
b140_heavy_work_r1,Proposed,Medium (81-140),140,heavy_work,209.75,1,20250407,42,BLK_42P,11,베이35A 수정,8,2025-04-08 03:43:59,2025-04-08 04:37:30,53.5,35A,베이35A,raw,
b140_heavy_work_r1,Proposed,Medium (81-140),140,heavy_work,209.75,1,20250407,3,BLK_3P,12,판계,1,2025-04-07 15:07:12,2025-04-07 15:43:12,36.0,,공통,raw,
b140_heavy_work_r1,Proposed,Medium (81-140),140,heavy_work,209.75,1,20250407,3,BLK_3P,12,전면SAW,2,2025-04-07 23:05:27,2025-04-07 23:40:44,35.3,,공통,raw,
b140_heavy_work_r1,Proposed,Medium (81-140),140,heavy_work,209.75,1,20250407,3,BLK_3P,12,TurnOver,3,2025-04-07 23:40:44,2025-04-07 23:55:08,14.4,,공통,raw,
b140_heavy_work_r1,Proposed,Medium (81-140),140,heavy_work,209.75,1,20250407,3,BLK_3P,12,후면SAW,4,2025-04-08 00:55:09,2025-04-08 01:16:14,21.1,,공통,raw,
b140_heavy_work_r1,Proposed,Medium (81-140),140,heavy_work,209.75,1,20250407,3,BLK_3P,12,NC,5,2025-04-08 01:47:49,2025-04-08 02:43:59,56.2,,공통,raw,
b140_heavy_work_r1,Proposed,Medium (81-140),140,heavy_work,209.75,1,20250407,3,BLK_3P,12,베이36B 론지취부,6,2025-04-08 02:43:59,2025-04-08 03:46:23,62.4,36B,베이36B,raw,
b140_heavy_work_r1,Proposed,Medium (81-140),140,heavy_work,209.75,1,20250407,3,BLK_3P,12,베이36B 론지용접,7,2025-04-08 03:46:23,2025-04-08 04:10:37,24.2,36B,베이36B,raw,
b140_heavy_work_r1,Proposed,Medium (81-140),140,heavy_work,209.75,1,20250407,3,BLK_3P,12,베이36B 수정,8,2025-04-08 04:10:37,2025-04-08 04:48:18,37.7,36B,베이36B,raw,
b140_heavy_work_r1,Proposed,Medium (81-140),140,heavy_work,209.75,1,20250407,24,BLK_24P,13,판계,1,2025-04-07 15:43:12,2025-04-07 16:28:48,45.6,,공통,raw,
b140_heavy_work_r1,Proposed,Medium (81-140),140,heavy_work,209.75,1,20250407,24,BLK_24P,13,전면SAW,2,2025-04-07 23:40:44,2025-04-08 01:29:22,108.6,,공통,raw,
b140_heavy_work_r1,Proposed,Medium (81-140),140,heavy_work,209.75,1,20250407,24,BLK_24P,13,TurnOver,3,2025-04-08 01:29:22,2025-04-08 01:43:46,14.4,,공통,raw,
b140_heavy_work_r1,Proposed,Medium (81-140),140,heavy_work,209.75,1,20250407,24,BLK_24P,13,후면SAW,4,2025-04-08 01:43:46,2025-04-08 03:08:08,84.4,,공통,raw,
b140_heavy_work_r1,Proposed,Medium (81-140),140,heavy_work,209.75,1,20250407,24,BLK_24P,13,NC,5,2025-04-08 03:08:08,2025-04-08 04:01:02,52.9,,공통,raw,
b140_heavy_work_r1,Proposed,Medium (81-140),140,heavy_work,209.75,1,20250407,24,BLK_24P,13,베이35A 론지취부,6,2025-04-08 04:01:02,2025-04-08 05:16:02,75.0,35A,베이35A,raw,
b140_heavy_work_r1,Proposed,Medium (81-140),140,heavy_work,209.75,1,20250407,24,BLK_24P,13,베이35A 론지용접,7,2025-04-08 05:16:02,2025-04-08 05:42:26,26.4,35A,베이35A,raw,
b140_heavy_work_r1,Proposed,Medium (81-140),140,heavy_work,209.75,1,20250407,24,BLK_24P,13,베이35A 수정,8,2025-04-08 05:42:26,2025-04-08 06:28:02,45.6,35A,베이35A,raw,
b140_heavy_work_r1,Proposed,Medium (81-140),140,heavy_work,209.75,1,20250407,121,BLK_121C,14,판계,1,2025-04-07 16:28:48,2025-04-07 16:52:48,24.0,,공통,raw,
b140_heavy_work_r1,Proposed,Medium (81-140),140,heavy_work,209.75,1,20250407,121,BLK_121C,14,전면SAW,2,2025-04-08 01:29:22,2025-04-08 02:23:36,54.2,,공통,raw,
b140_heavy_work_r1,Proposed,Medium (81-140),140,heavy_work,209.75,1,20250407,121,BLK_121C,14,TurnOver,3,2025-04-08 02:23:36,2025-04-08 02:38:00,14.4,,공통,raw,
b140_heavy_work_r1,Proposed,Medium (81-140),140,heavy_work,209.75,1,20250407,121,BLK_121C,14,후면SAW,4,2025-04-08 03:08:08,2025-04-08 03:54:09,46.0,,공통,raw,
b140_heavy_work_r1,Proposed,Medium (81-140),140,heavy_work,209.75,1,20250407,121,BLK_121C,14,NC,5,2025-04-08 04:01:02,2025-04-08 04:32:11,31.1,,공통,raw,
b140_heavy_work_r1,Proposed,Medium (81-140),140,heavy_work,209.75,1,20250407,121,BLK_121C,14,베이36B 론지취부,6,2025-04-08 04:32:11,2025-04-08 05:17:47,45.6,36B,베이36B,raw,
b140_heavy_work_r1,Proposed,Medium (81-140),140,heavy_work,209.75,1,20250407,121,BLK_121C,14,베이36B 론지용접,7,2025-04-08 05:17:47,2025-04-08 05:34:20,16.6,36B,베이36B,raw,
b140_heavy_work_r1,Proposed,Medium (81-140),140,heavy_work,209.75,1,20250407,121,BLK_121C,14,베이36B 수정,8,2025-04-08 05:34:20,2025-04-08 06:01:27,27.1,36B,베이36B,raw,
b140_heavy_work_r1,Proposed,Medium (81-140),140,heavy_work,209.75,1,20250407,134,BLK_31S,15,판계,1,2025-04-07 16:52:48,2025-04-07 17:07:12,14.4,,공통,raw,
b140_heavy_work_r1,Proposed,Medium (81-140),140,heavy_work,209.75,1,20250407,134,BLK_31S,15,전면SAW,2,2025-04-08 02:23:36,2025-04-08 03:15:33,52.0,,공통,raw,
b140_heavy_work_r1,Proposed,Medium (81-140),140,heavy_work,209.75,1,20250407,134,BLK_31S,15,TurnOver,3,2025-04-08 03:15:33,2025-04-08 03:29:57,14.4,,공통,raw,
b140_heavy_work_r1,Proposed,Medium (81-140),140,heavy_work,209.75,1,20250407,134,BLK_31S,15,후면SAW,4,2025-04-08 03:54:09,2025-04-08 04:37:11,43.0,,공통,raw,
b140_heavy_work_r1,Proposed,Medium (81-140),140,heavy_work,209.75,1,20250407,134,BLK_31S,15,NC,5,2025-04-08 04:37:11,2025-04-08 05:01:40,24.5,,공통,raw,
b140_heavy_work_r1,Proposed,Medium (81-140),140,heavy_work,209.75,1,20250407,134,BLK_31S,15,베이36B 론지취부,6,2025-04-08 05:17:47,2025-04-08 05:42:23,24.6,36B,베이36B,raw,
b140_heavy_work_r1,Proposed,Medium (81-140),140,heavy_work,209.75,1,20250407,134,BLK_31S,15,베이36B 론지용접,7,2025-04-08 05:42:23,2025-04-08 05:55:20,13.0,36B,베이36B,raw,
b140_heavy_work_r1,Proposed,Medium (81-140),140,heavy_work,209.75,1,20250407,134,BLK_31S,15,베이36B 수정,8,2025-04-08 06:01:27,2025-04-08 06:15:23,13.9,36B,베이36B,raw,
b140_heavy_work_r1,Proposed,Medium (81-140),140,heavy_work,209.75,1,20250407,60,BLK_60C,16,판계,1,2025-04-07 17:07:12,2025-04-07 17:49:12,42.0,,공통,raw,
b140_heavy_work_r1,Proposed,Medium (81-140),140,heavy_work,209.75,1,20250407,60,BLK_60C,16,전면SAW,2,2025-04-08 03:15:33,2025-04-08 06:48:33,213.0,,공통,raw,
b140_heavy_work_r1,Proposed,Medium (81-140),140,heavy_work,209.75,1,20250407,60,BLK_60C,16,TurnOver,3,2025-04-08 06:48:33,2025-04-08 07:02:57,14.4,,공통,raw,
b140_heavy_work_r1,Proposed,Medium (81-140),140,heavy_work,209.75,1,20250407,60,BLK_60C,16,후면SAW,4,2025-04-08 07:02:57,2025-04-08 09:41:31,158.6,,공통,raw,
b140_heavy_work_r1,Proposed,Medium (81-140),140,heavy_work,209.75,1,20250407,60,BLK_60C,16,NC,5,2025-04-08 09:41:31,2025-04-08 10:29:21,47.8,,공통,raw,
b140_heavy_work_r1,Proposed,Medium (81-140),140,heavy_work,209.75,1,20250407,60,BLK_60C,16,베이35A 론지취부,6,2025-04-08 10:29:21,2025-04-08 11:35:57,66.6,35A,베이35A,raw,
b140_heavy_work_r1,Proposed,Medium (81-140),140,heavy_work,209.75,1,20250407,60,BLK_60C,16,베이35A 론지용접,7,2025-04-08 11:35:57,2025-04-08 12:00:54,25.0,35A,베이35A,raw,
b140_heavy_work_r1,Proposed,Medium (81-140),140,heavy_work,209.75,1,20250407,60,BLK_60C,16,베이35A 수정,8,2025-04-08 12:00:54,2025-04-08 12:41:13,40.3,35A,베이35A,raw,
b140_heavy_work_r1,Proposed,Medium (81-140),140,heavy_work,209.75,1,20250407,28,BLK_28P,17,판계,1,2025-04-07 17:49:12,2025-04-07 18:03:36,14.4,,공통,raw,
b140_heavy_work_r1,Proposed,Medium (81-140),140,heavy_work,209.75,1,20250407,28,BLK_28P,17,전면SAW,2,2025-04-08 06:48:33,2025-04-08 07:31:01,42.5,,공통,raw,
b140_heavy_work_r1,Proposed,Medium (81-140),140,heavy_work,209.75,1,20250407,28,BLK_28P,17,TurnOver,3,2025-04-08 07:31:01,2025-04-08 07:45:25,14.4,,공통,raw,
b140_heavy_work_r1,Proposed,Medium (81-140),140,heavy_work,209.75,1,20250407,28,BLK_28P,17,후면SAW,4,2025-04-08 09:41:31,2025-04-08 10:12:02,30.5,,공통,raw,
b140_heavy_work_r1,Proposed,Medium (81-140),140,heavy_work,209.75,1,20250407,28,BLK_28P,17,NC,5,2025-04-08 10:29:21,2025-04-08 10:54:25,25.1,,공통,raw,
b140_heavy_work_r1,Proposed,Medium (81-140),140,heavy_work,209.75,1,20250407,28,BLK_28P,17,베이36B 론지취부,6,2025-04-08 10:54:25,2025-04-08 12:01:01,66.6,36B,베이36B,raw,
b140_heavy_work_r1,Proposed,Medium (81-140),140,heavy_work,209.75,1,20250407,28,BLK_28P,17,베이36B 론지용접,7,2025-04-08 12:01:01,2025-04-08 12:25:58,25.0,36B,베이36B,raw,
b140_heavy_work_r1,Proposed,Medium (81-140),140,heavy_work,209.75,1,20250407,28,BLK_28P,17,베이36B 수정,8,2025-04-08 12:25:58,2025-04-08 13:06:18,40.3,36B,베이36B,raw,
b140_heavy_work_r1,Proposed,Medium (81-140),140,heavy_work,209.75,1,20250407,46,BLK_46S,18,판계,1,2025-04-07 18:03:36,2025-04-07 18:27:36,24.0,,공통,raw,
b140_heavy_work_r1,Proposed,Medium (81-140),140,heavy_work,209.75,1,20250407,46,BLK_46S,18,전면SAW,2,2025-04-08 07:31:01,2025-04-08 10:16:05,165.1,,공통,raw,
b140_heavy_work_r1,Proposed,Medium (81-140),140,heavy_work,209.75,1,20250407,46,BLK_46S,18,TurnOver,3,2025-04-08 10:16:05,2025-04-08 10:30:29,14.4,,공통,raw,
b140_heavy_work_r1,Proposed,Medium (81-140),140,heavy_work,209.75,1,20250407,46,BLK_46S,18,후면SAW,4,2025-04-08 10:30:29,2025-04-08 12:46:18,135.8,,공통,raw,
b140_heavy_work_r1,Proposed,Medium (81-140),140,heavy_work,209.75,1,20250407,46,BLK_46S,18,NC,5,2025-04-08 12:46:18,2025-04-08 13:17:35,31.3,,공통,raw,
b140_heavy_work_r1,Proposed,Medium (81-140),140,heavy_work,209.75,1,20250407,46,BLK_46S,18,베이35A 론지취부,6,2025-04-08 13:17:35,2025-04-08 14:11:35,54.0,35A,베이35A,raw,
b140_heavy_work_r1,Proposed,Medium (81-140),140,heavy_work,209.75,1,20250407,46,BLK_46S,18,베이35A 론지용접,7,2025-04-08 14:11:35,2025-04-08 14:29:35,18.0,35A,베이35A,raw,
b140_heavy_work_r1,Proposed,Medium (81-140),140,heavy_work,209.75,1,20250407,46,BLK_46S,18,베이35A 수정,8,2025-04-08 14:29:35,2025-04-08 15:01:59,32.4,35A,베이35A,raw,
b140_heavy_work_r1,Proposed,Medium (81-140),140,heavy_work,209.75,1,20250408,117,BLK_117S,1,판계,1,2025-04-08 08:00:00,2025-04-08 08:36:00,36.0,,공통,raw,
b140_heavy_work_r1,Proposed,Medium (81-140),140,heavy_work,209.75,1,20250408,117,BLK_117S,1,전면SAW,2,2025-04-08 08:36:00,2025-04-08 09:31:14,55.2,,공통,raw,
b140_heavy_work_r1,Proposed,Medium (81-140),140,heavy_work,209.75,1,20250408,117,BLK_117S,1,TurnOver,3,2025-04-08 09:31:14,2025-04-08 09:45:38,14.4,,공통,raw,
b140_heavy_work_r1,Proposed,Medium (81-140),140,heavy_work,209.75,1,20250408,117,BLK_117S,1,후면SAW,4,2025-04-08 09:45:38,2025-04-08 10:33:00,47.4,,공통,raw,
b140_heavy_work_r1,Proposed,Medium (81-140),140,heavy_work,209.75,1,20250408,117,BLK_117S,1,NC,5,2025-04-08 10:33:00,2025-04-08 11:31:04,58.1,,공통,raw,
b140_heavy_work_r1,Proposed,Medium (81-140),140,heavy_work,209.75,1,20250408,117,BLK_117S,1,베이36B 론지취부,6,2025-04-08 11:31:04,2025-04-08 13:32:16,121.2,36B,베이36B,raw,
b140_heavy_work_r1,Proposed,Medium (81-140),140,heavy_work,209.75,1,20250408,117,BLK_117S,1,베이36B 론지용접,7,2025-04-08 13:32:16,2025-04-08 14:06:36,34.3,36B,베이36B,raw,
b140_heavy_work_r1,Proposed,Medium (81-140),140,heavy_work,209.75,1,20250408,117,BLK_117S,1,베이36B 수정,8,2025-04-08 14:06:36,2025-04-08 15:21:14,74.6,36B,베이36B,raw,
b140_heavy_work_r1,Proposed,Medium (81-140),140,heavy_work,209.75,1,20250408,127,BLK_127S,2,판계,1,2025-04-08 08:36:00,2025-04-08 09:06:00,30.0,,공통,raw,
b140_heavy_work_r1,Proposed,Medium (81-140),140,heavy_work,209.75,1,20250408,127,BLK_127S,2,전면SAW,2,2025-04-08 09:31:14,2025-04-08 10:09:43,38.5,,공통,raw,
b140_heavy_work_r1,Proposed,Medium (81-140),140,heavy_work,209.75,1,20250408,127,BLK_127S,2,TurnOver,3,2025-04-08 10:09:43,2025-04-08 10:24:07,14.4,,공통,raw,
b140_heavy_work_r1,Proposed,Medium (81-140),140,heavy_work,209.75,1,20250408,127,BLK_127S,2,후면SAW,4,2025-04-08 10:33:00,2025-04-08 10:58:16,25.3,,공통,raw,
b140_heavy_work_r1,Proposed,Medium (81-140),140,heavy_work,209.75,1,20250408,127,BLK_127S,2,NC,5,2025-04-08 11:31:04,2025-04-08 12:13:37,42.5,,공통,raw,
b140_heavy_work_r1,Proposed,Medium (81-140),140,heavy_work,209.75,1,20250408,127,BLK_127S,2,베이35A 론지취부,6,2025-04-08 12:13:37,2025-04-08 13:20:13,66.6,35A,베이35A,raw,
b140_heavy_work_r1,Proposed,Medium (81-140),140,heavy_work,209.75,1,20250408,127,BLK_127S,2,베이35A 론지용접,7,2025-04-08 13:20:13,2025-04-08 13:45:10,25.0,35A,베이35A,raw,
b140_heavy_work_r1,Proposed,Medium (81-140),140,heavy_work,209.75,1,20250408,127,BLK_127S,2,베이35A 수정,8,2025-04-08 13:45:10,2025-04-08 14:25:30,40.3,35A,베이35A,raw,
b140_heavy_work_r1,Proposed,Medium (81-140),140,heavy_work,209.75,1,20250408,105,BLK_105P,3,판계,1,2025-04-08 09:06:00,2025-04-08 09:20:24,14.4,,공통,raw,
b140_heavy_work_r1,Proposed,Medium (81-140),140,heavy_work,209.75,1,20250408,105,BLK_105P,3,전면SAW,2,2025-04-08 10:09:43,2025-04-08 10:53:07,43.4,,공통,raw,
b140_heavy_work_r1,Proposed,Medium (81-140),140,heavy_work,209.75,1,20250408,105,BLK_105P,3,TurnOver,3,2025-04-08 10:53:07,2025-04-08 11:07:31,14.4,,공통,raw,
b140_heavy_work_r1,Proposed,Medium (81-140),140,heavy_work,209.75,1,20250408,105,BLK_105P,3,후면SAW,4,2025-04-08 11:07:31,2025-04-08 11:39:17,31.8,,공통,raw,
b140_heavy_work_r1,Proposed,Medium (81-140),140,heavy_work,209.75,1,20250408,105,BLK_105P,3,NC,5,2025-04-08 12:13:37,2025-04-08 12:38:59,25.4,,공통,raw,
b140_heavy_work_r1,Proposed,Medium (81-140),140,heavy_work,209.75,1,20250408,105,BLK_105P,3,베이36B 론지취부,6,2025-04-08 13:32:16,2025-04-08 14:05:16,33.0,36B,베이36B,raw,
b140_heavy_work_r1,Proposed,Medium (81-140),140,heavy_work,209.75,1,20250408,105,BLK_105P,3,베이36B 론지용접,7,2025-04-08 14:06:36,2025-04-08 14:21:00,14.4,36B,베이36B,raw,
b140_heavy_work_r1,Proposed,Medium (81-140),140,heavy_work,209.75,1,20250408,105,BLK_105P,3,베이36B 수정,8,2025-04-08 15:21:14,2025-04-08 15:40:26,19.2,36B,베이36B,raw,
b140_heavy_work_r1,Proposed,Medium (81-140),140,heavy_work,209.75,1,20250408,31,BLK_31P,4,판계,1,2025-04-08 09:20:24,2025-04-08 09:34:48,14.4,,공통,raw,
b140_heavy_work_r1,Proposed,Medium (81-140),140,heavy_work,209.75,1,20250408,31,BLK_31P,4,전면SAW,2,2025-04-08 10:53:07,2025-04-08 11:45:05,52.0,,공통,raw,
b140_heavy_work_r1,Proposed,Medium (81-140),140,heavy_work,209.75,1,20250408,31,BLK_31P,4,TurnOver,3,2025-04-08 11:45:05,2025-04-08 11:59:29,14.4,,공통,raw,
b140_heavy_work_r1,Proposed,Medium (81-140),140,heavy_work,209.75,1,20250408,31,BLK_31P,4,후면SAW,4,2025-04-08 11:59:29,2025-04-08 12:42:30,43.0,,공통,raw,
b140_heavy_work_r1,Proposed,Medium (81-140),140,heavy_work,209.75,1,20250408,31,BLK_31P,4,NC,5,2025-04-08 12:42:30,2025-04-08 13:06:59,24.5,,공통,raw,
b140_heavy_work_r1,Proposed,Medium (81-140),140,heavy_work,209.75,1,20250408,31,BLK_31P,4,베이36B 론지취부,6,2025-04-08 14:05:16,2025-04-08 14:29:52,24.6,36B,베이36B,raw,
b140_heavy_work_r1,Proposed,Medium (81-140),140,heavy_work,209.75,1,20250408,31,BLK_31P,4,베이36B 론지용접,7,2025-04-08 14:29:52,2025-04-08 14:42:50,13.0,36B,베이36B,raw,
b140_heavy_work_r1,Proposed,Medium (81-140),140,heavy_work,209.75,1,20250408,31,BLK_31P,4,베이36B 수정,8,2025-04-08 15:40:26,2025-04-08 15:54:21,13.9,36B,베이36B,raw,
b140_heavy_work_r1,Proposed,Medium (81-140),140,heavy_work,209.75,1,20250408,47,BLK_47C,5,판계,1,2025-04-08 09:34:48,2025-04-08 09:49:12,14.4,,공통,raw,
b140_heavy_work_r1,Proposed,Medium (81-140),140,heavy_work,209.75,1,20250408,47,BLK_47C,5,전면SAW,2,2025-04-08 11:45:05,2025-04-08 12:25:14,40.2,,공통,raw,
b140_heavy_work_r1,Proposed,Medium (81-140),140,heavy_work,209.75,1,20250408,47,BLK_47C,5,TurnOver,3,2025-04-08 12:25:14,2025-04-08 12:39:38,14.4,,공통,raw,
b140_heavy_work_r1,Proposed,Medium (81-140),140,heavy_work,209.75,1,20250408,47,BLK_47C,5,후면SAW,4,2025-04-08 12:42:30,2025-04-08 13:10:00,27.5,,공통,raw,
b140_heavy_work_r1,Proposed,Medium (81-140),140,heavy_work,209.75,1,20250408,47,BLK_47C,5,NC,5,2025-04-08 13:10:00,2025-04-08 13:33:48,23.8,,공통,raw,
b140_heavy_work_r1,Proposed,Medium (81-140),140,heavy_work,209.75,1,20250408,47,BLK_47C,5,베이35A 론지취부,6,2025-04-08 13:33:48,2025-04-08 14:06:48,33.0,35A,베이35A,raw,
b140_heavy_work_r1,Proposed,Medium (81-140),140,heavy_work,209.75,1,20250408,47,BLK_47C,5,베이35A 론지용접,7,2025-04-08 14:06:48,2025-04-08 14:21:12,14.4,35A,베이35A,raw,
b140_heavy_work_r1,Proposed,Medium (81-140),140,heavy_work,209.75,1,20250408,47,BLK_47C,5,베이35A 수정,8,2025-04-08 14:25:30,2025-04-08 14:44:42,19.2,35A,베이35A,raw,
b140_heavy_work_r1,Proposed,Medium (81-140),140,heavy_work,209.75,1,20250408,110,BLK_110C,6,판계,1,2025-04-08 09:49:12,2025-04-08 10:37:12,48.0,,공통,raw,
b140_heavy_work_r1,Proposed,Medium (81-140),140,heavy_work,209.75,1,20250408,110,BLK_110C,6,전면SAW,2,2025-04-08 12:25:14,2025-04-08 15:03:45,158.5,,공통,raw,
b140_heavy_work_r1,Proposed,Medium (81-140),140,heavy_work,209.75,1,20250408,110,BLK_110C,6,TurnOver,3,2025-04-08 15:03:45,2025-04-08 15:18:09,14.4,,공통,raw,
b140_heavy_work_r1,Proposed,Medium (81-140),140,heavy_work,209.75,1,20250408,110,BLK_110C,6,후면SAW,4,2025-04-08 15:18:09,2025-04-08 17:33:20,135.2,,공통,raw,
b140_heavy_work_r1,Proposed,Medium (81-140),140,heavy_work,209.75,1,20250408,110,BLK_110C,6,NC,5,2025-04-08 17:33:20,2025-04-08 18:25:14,51.9,,공통,raw,
b140_heavy_work_r1,Proposed,Medium (81-140),140,heavy_work,209.75,1,20250408,110,BLK_110C,6,베이36B 론지취부,6,2025-04-08 18:25:14,2025-04-08 19:27:38,62.4,36B,베이36B,raw,
b140_heavy_work_r1,Proposed,Medium (81-140),140,heavy_work,209.75,1,20250408,110,BLK_110C,6,베이36B 론지용접,7,2025-04-08 19:27:38,2025-04-08 19:51:53,24.2,36B,베이36B,raw,
b140_heavy_work_r1,Proposed,Medium (81-140),140,heavy_work,209.75,1,20250408,110,BLK_110C,6,베이36B 수정,8,2025-04-08 19:51:53,2025-04-08 20:29:34,37.7,36B,베이36B,raw,
b140_heavy_work_r1,Proposed,Medium (81-140),140,heavy_work,209.75,1,20250408,61,BLK_61C,7,판계,1,2025-04-08 10:37:12,2025-04-08 11:22:48,45.6,,공통,raw,
b140_heavy_work_r1,Proposed,Medium (81-140),140,heavy_work,209.75,1,20250408,61,BLK_61C,7,전면SAW,2,2025-04-08 15:03:45,2025-04-08 17:10:08,126.4,,공통,raw,
b140_heavy_work_r1,Proposed,Medium (81-140),140,heavy_work,209.75,1,20250408,61,BLK_61C,7,TurnOver,3,2025-04-08 17:10:08,2025-04-08 17:24:32,14.4,,공통,raw,
b140_heavy_work_r1,Proposed,Medium (81-140),140,heavy_work,209.75,1,20250408,61,BLK_61C,7,후면SAW,4,2025-04-08 17:33:20,2025-04-08 19:13:53,100.5,,공통,raw,
b140_heavy_work_r1,Proposed,Medium (81-140),140,heavy_work,209.75,1,20250408,61,BLK_61C,7,NC,5,2025-04-08 19:13:53,2025-04-08 20:10:30,56.6,,공통,raw,
b140_heavy_work_r1,Proposed,Medium (81-140),140,heavy_work,209.75,1,20250408,61,BLK_61C,7,베이35A 론지취부,6,2025-04-08 20:10:30,2025-04-08 21:25:30,75.0,35A,베이35A,raw,
b140_heavy_work_r1,Proposed,Medium (81-140),140,heavy_work,209.75,1,20250408,61,BLK_61C,7,베이35A 론지용접,7,2025-04-08 21:25:30,2025-04-08 21:51:54,26.4,35A,베이35A,raw,
b140_heavy_work_r1,Proposed,Medium (81-140),140,heavy_work,209.75,1,20250408,61,BLK_61C,7,베이35A 수정,8,2025-04-08 21:51:54,2025-04-08 22:37:30,45.6,35A,베이35A,raw,
b140_heavy_work_r1,Proposed,Medium (81-140),140,heavy_work,209.75,1,20250408,106,BLK_106S,8,판계,1,2025-04-08 11:22:48,2025-04-08 12:08:24,45.6,,공통,raw,
b140_heavy_work_r1,Proposed,Medium (81-140),140,heavy_work,209.75,1,20250408,106,BLK_106S,8,전면SAW,2,2025-04-08 17:10:08,2025-04-08 19:26:32,136.4,,공통,raw,
b140_heavy_work_r1,Proposed,Medium (81-140),140,heavy_work,209.75,1,20250408,106,BLK_106S,8,TurnOver,3,2025-04-08 19:26:32,2025-04-08 19:40:56,14.4,,공통,raw,
b140_heavy_work_r1,Proposed,Medium (81-140),140,heavy_work,209.75,1,20250408,106,BLK_106S,8,후면SAW,4,2025-04-08 19:40:56,2025-04-08 21:30:37,109.7,,공통,raw,
b140_heavy_work_r1,Proposed,Medium (81-140),140,heavy_work,209.75,1,20250408,106,BLK_106S,8,NC,5,2025-04-08 21:30:37,2025-04-08 22:30:20,59.7,,공통,raw,
b140_heavy_work_r1,Proposed,Medium (81-140),140,heavy_work,209.75,1,20250408,106,BLK_106S,8,베이36B 론지취부,6,2025-04-08 22:30:20,2025-04-09 00:02:08,91.8,36B,베이36B,raw,
b140_heavy_work_r1,Proposed,Medium (81-140),140,heavy_work,209.75,1,20250408,106,BLK_106S,8,베이36B 론지용접,7,2025-04-09 00:02:08,2025-04-09 00:31:24,29.3,36B,베이36B,raw,
b140_heavy_work_r1,Proposed,Medium (81-140),140,heavy_work,209.75,1,20250408,106,BLK_106S,8,베이36B 수정,8,2025-04-09 00:31:24,2025-04-09 01:27:34,56.2,36B,베이36B,raw,
b140_heavy_work_r1,Proposed,Medium (81-140),140,heavy_work,209.75,1,20250408,95,BLK_95S,9,판계,1,2025-04-08 12:08:24,2025-04-08 12:38:24,30.0,,공통,raw,
b140_heavy_work_r1,Proposed,Medium (81-140),140,heavy_work,209.75,1,20250408,95,BLK_95S,9,전면SAW,2,2025-04-08 19:26:32,2025-04-08 20:12:12,45.7,,공통,raw,
b140_heavy_work_r1,Proposed,Medium (81-140),140,heavy_work,209.75,1,20250408,95,BLK_95S,9,TurnOver,3,2025-04-08 20:12:12,2025-04-08 20:26:36,14.4,,공통,raw,
b140_heavy_work_r1,Proposed,Medium (81-140),140,heavy_work,209.75,1,20250408,95,BLK_95S,9,후면SAW,4,2025-04-08 21:30:37,2025-04-08 22:05:21,34.7,,공통,raw,
b140_heavy_work_r1,Proposed,Medium (81-140),140,heavy_work,209.75,1,20250408,95,BLK_95S,9,NC,5,2025-04-08 22:30:20,2025-04-08 23:18:11,47.9,,공통,raw,
b140_heavy_work_r1,Proposed,Medium (81-140),140,heavy_work,209.75,1,20250408,95,BLK_95S,9,베이35A 론지취부,6,2025-04-08 23:18:11,2025-04-09 00:41:35,83.4,35A,베이35A,raw,
b140_heavy_work_r1,Proposed,Medium (81-140),140,heavy_work,209.75,1,20250408,95,BLK_95S,9,베이35A 론지용접,7,2025-04-09 00:41:35,2025-04-09 01:09:25,27.8,35A,베이35A,raw,
b140_heavy_work_r1,Proposed,Medium (81-140),140,heavy_work,209.75,1,20250408,95,BLK_95S,9,베이35A 수정,8,2025-04-09 01:09:25,2025-04-09 02:00:18,50.9,35A,베이35A,raw,
b140_heavy_work_r1,Proposed,Medium (81-140),140,heavy_work,209.75,1,20250408,89,BLK_89S,10,판계,1,2025-04-08 12:38:24,2025-04-08 13:20:24,42.0,,공통,raw,
b140_heavy_work_r1,Proposed,Medium (81-140),140,heavy_work,209.75,1,20250408,89,BLK_89S,10,전면SAW,2,2025-04-08 20:12:12,2025-04-08 23:17:34,185.4,,공통,raw,
b140_heavy_work_r1,Proposed,Medium (81-140),140,heavy_work,209.75,1,20250408,89,BLK_89S,10,TurnOver,3,2025-04-08 23:17:34,2025-04-08 23:31:58,14.4,,공통,raw,
b140_heavy_work_r1,Proposed,Medium (81-140),140,heavy_work,209.75,1,20250408,89,BLK_89S,10,후면SAW,4,2025-04-08 23:31:58,2025-04-09 02:12:51,160.9,,공통,raw,
b140_heavy_work_r1,Proposed,Medium (81-140),140,heavy_work,209.75,1,20250408,89,BLK_89S,10,NC,5,2025-04-09 02:12:51,2025-04-09 02:58:17,45.4,,공통,raw,
b140_heavy_work_r1,Proposed,Medium (81-140),140,heavy_work,209.75,1,20250408,89,BLK_89S,10,베이36B 론지취부,6,2025-04-09 02:58:17,2025-04-09 04:00:41,62.4,36B,베이36B,raw,
b140_heavy_work_r1,Proposed,Medium (81-140),140,heavy_work,209.75,1,20250408,89,BLK_89S,10,베이36B 론지용접,7,2025-04-09 04:00:41,2025-04-09 04:24:56,24.2,36B,베이36B,raw,
b140_heavy_work_r1,Proposed,Medium (81-140),140,heavy_work,209.75,1,20250408,89,BLK_89S,10,베이36B 수정,8,2025-04-09 04:24:56,2025-04-09 05:02:36,37.7,36B,베이36B,raw,
b140_heavy_work_r1,Proposed,Medium (81-140),140,heavy_work,209.75,1,20250408,91,BLK_91P,11,판계,1,2025-04-08 13:20:24,2025-04-08 13:56:24,36.0,,공통,raw,
b140_heavy_work_r1,Proposed,Medium (81-140),140,heavy_work,209.75,1,20250408,91,BLK_91P,11,전면SAW,2,2025-04-08 23:17:34,2025-04-08 23:53:03,35.5,,공통,raw,
b140_heavy_work_r1,Proposed,Medium (81-140),140,heavy_work,209.75,1,20250408,91,BLK_91P,11,TurnOver,3,2025-04-08 23:53:03,2025-04-09 00:07:27,14.4,,공통,raw,
b140_heavy_work_r1,Proposed,Medium (81-140),140,heavy_work,209.75,1,20250408,91,BLK_91P,11,후면SAW,4,2025-04-09 02:12:51,2025-04-09 02:34:12,21.3,,공통,raw,
b140_heavy_work_r1,Proposed,Medium (81-140),140,heavy_work,209.75,1,20250408,91,BLK_91P,11,NC,5,2025-04-09 02:58:17,2025-04-09 03:55:46,57.5,,공통,raw,
b140_heavy_work_r1,Proposed,Medium (81-140),140,heavy_work,209.75,1,20250408,91,BLK_91P,11,베이36B 론지취부,6,2025-04-09 04:00:41,2025-04-09 05:57:41,117.0,36B,베이36B,raw,
b140_heavy_work_r1,Proposed,Medium (81-140),140,heavy_work,209.75,1,20250408,91,BLK_91P,11,베이36B 론지용접,7,2025-04-09 05:57:41,2025-04-09 06:31:17,33.6,36B,베이36B,raw,
b140_heavy_work_r1,Proposed,Medium (81-140),140,heavy_work,209.75,1,20250408,91,BLK_91P,11,베이36B 수정,8,2025-04-09 06:31:17,2025-04-09 07:43:17,72.0,36B,베이36B,raw,
b140_heavy_work_r1,Proposed,Medium (81-140),140,heavy_work,209.75,1,20250408,98,BLK_98C,12,판계,1,2025-04-08 13:56:24,2025-04-08 14:28:48,32.4,,공통,raw,
b140_heavy_work_r1,Proposed,Medium (81-140),140,heavy_work,209.75,1,20250408,98,BLK_98C,12,전면SAW,2,2025-04-08 23:53:03,2025-04-09 02:33:00,159.9,,공통,raw,
b140_heavy_work_r1,Proposed,Medium (81-140),140,heavy_work,209.75,1,20250408,98,BLK_98C,12,TurnOver,3,2025-04-09 02:33:00,2025-04-09 02:47:24,14.4,,공통,raw,
b140_heavy_work_r1,Proposed,Medium (81-140),140,heavy_work,209.75,1,20250408,98,BLK_98C,12,후면SAW,4,2025-04-09 02:47:24,2025-04-09 04:43:30,116.1,,공통,raw,
b140_heavy_work_r1,Proposed,Medium (81-140),140,heavy_work,209.75,1,20250408,98,BLK_98C,12,NC,5,2025-04-09 04:43:30,2025-04-09 05:22:53,39.4,,공통,raw,
b140_heavy_work_r1,Proposed,Medium (81-140),140,heavy_work,209.75,1,20250408,98,BLK_98C,12,베이35A 론지취부,6,2025-04-09 05:22:53,2025-04-09 06:04:17,41.4,35A,베이35A,raw,
b140_heavy_work_r1,Proposed,Medium (81-140),140,heavy_work,209.75,1,20250408,98,BLK_98C,12,베이35A 론지용접,7,2025-04-09 06:04:17,2025-04-09 06:24:56,20.6,35A,베이35A,raw,
b140_heavy_work_r1,Proposed,Medium (81-140),140,heavy_work,209.75,1,20250408,98,BLK_98C,12,베이35A 수정,8,2025-04-09 06:24:56,2025-04-09 06:49:24,24.5,35A,베이35A,raw,
b140_heavy_work_r1,Proposed,Medium (81-140),140,heavy_work,209.75,1,20250408,68,BLK_68C,13,판계,1,2025-04-08 14:28:48,2025-04-08 14:52:48,24.0,,공통,raw,
b140_heavy_work_r1,Proposed,Medium (81-140),140,heavy_work,209.75,1,20250408,68,BLK_68C,13,전면SAW,2,2025-04-09 02:33:00,2025-04-09 03:40:53,67.9,,공통,raw,
b140_heavy_work_r1,Proposed,Medium (81-140),140,heavy_work,209.75,1,20250408,68,BLK_68C,13,TurnOver,3,2025-04-09 03:40:53,2025-04-09 03:55:17,14.4,,공통,raw,
b140_heavy_work_r1,Proposed,Medium (81-140),140,heavy_work,209.75,1,20250408,68,BLK_68C,13,후면SAW,4,2025-04-09 04:43:30,2025-04-09 05:47:30,64.0,,공통,raw,
b140_heavy_work_r1,Proposed,Medium (81-140),140,heavy_work,209.75,1,20250408,68,BLK_68C,13,NC,5,2025-04-09 05:47:30,2025-04-09 06:24:10,36.7,,공통,raw,
b140_heavy_work_r1,Proposed,Medium (81-140),140,heavy_work,209.75,1,20250408,68,BLK_68C,13,베이36B 론지취부,6,2025-04-09 06:24:10,2025-04-09 07:34:58,70.8,36B,베이36B,raw,
b140_heavy_work_r1,Proposed,Medium (81-140),140,heavy_work,209.75,1,20250408,68,BLK_68C,13,베이36B 론지용접,7,2025-04-09 07:34:58,2025-04-09 08:00:39,25.7,36B,베이36B,raw,
b140_heavy_work_r1,Proposed,Medium (81-140),140,heavy_work,209.75,1,20250408,68,BLK_68C,13,베이36B 수정,8,2025-04-09 08:00:39,2025-04-09 08:43:37,43.0,36B,베이36B,raw,
b140_heavy_work_r1,Proposed,Medium (81-140),140,heavy_work,209.75,1,20250408,99,BLK_99P,14,판계,1,2025-04-08 14:52:48,2025-04-08 15:28:48,36.0,,공통,raw,
b140_heavy_work_r1,Proposed,Medium (81-140),140,heavy_work,209.75,1,20250408,99,BLK_99P,14,전면SAW,2,2025-04-09 03:40:53,2025-04-09 06:34:53,174.0,,공통,raw,
b140_heavy_work_r1,Proposed,Medium (81-140),140,heavy_work,209.75,1,20250408,99,BLK_99P,14,TurnOver,3,2025-04-09 06:34:53,2025-04-09 06:49:17,14.4,,공통,raw,
b140_heavy_work_r1,Proposed,Medium (81-140),140,heavy_work,209.75,1,20250408,99,BLK_99P,14,후면SAW,4,2025-04-09 06:49:17,2025-04-09 08:56:36,127.3,,공통,raw,
b140_heavy_work_r1,Proposed,Medium (81-140),140,heavy_work,209.75,1,20250408,99,BLK_99P,14,NC,5,2025-04-09 08:56:36,2025-04-09 10:09:53,73.3,,공통,raw,
b140_heavy_work_r1,Proposed,Medium (81-140),140,heavy_work,209.75,1,20250408,99,BLK_99P,14,베이36B 론지취부,6,2025-04-09 10:09:53,2025-04-09 11:58:29,108.6,36B,베이36B,raw,
b140_heavy_work_r1,Proposed,Medium (81-140),140,heavy_work,209.75,1,20250408,99,BLK_99P,14,베이36B 론지용접,7,2025-04-09 11:58:29,2025-04-09 12:30:38,32.2,36B,베이36B,raw,
b140_heavy_work_r1,Proposed,Medium (81-140),140,heavy_work,209.75,1,20250408,99,BLK_99P,14,베이36B 수정,8,2025-04-09 12:30:38,2025-04-09 13:37:22,66.7,36B,베이36B,raw,
b140_heavy_work_r1,Proposed,Medium (81-140),140,heavy_work,209.75,1,20250408,126,BLK_126S,15,판계,1,2025-04-08 15:28:48,2025-04-08 15:58:48,30.0,,공통,raw,
b140_heavy_work_r1,Proposed,Medium (81-140),140,heavy_work,209.75,1,20250408,126,BLK_126S,15,전면SAW,2,2025-04-09 06:34:53,2025-04-09 07:34:42,59.8,,공통,raw,
b140_heavy_work_r1,Proposed,Medium (81-140),140,heavy_work,209.75,1,20250408,126,BLK_126S,15,TurnOver,3,2025-04-09 07:34:42,2025-04-09 07:49:06,14.4,,공통,raw,
b140_heavy_work_r1,Proposed,Medium (81-140),140,heavy_work,209.75,1,20250408,126,BLK_126S,15,후면SAW,4,2025-04-09 08:56:36,2025-04-09 09:50:00,53.4,,공통,raw,
b140_heavy_work_r1,Proposed,Medium (81-140),140,heavy_work,209.75,1,20250408,126,BLK_126S,15,NC,5,2025-04-09 10:09:53,2025-04-09 10:54:04,44.2,,공통,raw,
b140_heavy_work_r1,Proposed,Medium (81-140),140,heavy_work,209.75,1,20250408,126,BLK_126S,15,베이35A 론지취부,6,2025-04-09 10:54:04,2025-04-09 12:25:52,91.8,35A,베이35A,raw,
b140_heavy_work_r1,Proposed,Medium (81-140),140,heavy_work,209.75,1,20250408,126,BLK_126S,15,베이35A 론지용접,7,2025-04-09 12:25:52,2025-04-09 12:55:09,29.3,35A,베이35A,raw,
b140_heavy_work_r1,Proposed,Medium (81-140),140,heavy_work,209.75,1,20250408,126,BLK_126S,15,베이35A 수정,8,2025-04-09 12:55:09,2025-04-09 13:51:18,56.2,35A,베이35A,raw,
b140_heavy_work_r1,Proposed,Medium (81-140),140,heavy_work,209.75,1,20250408,71,BLK_71P,16,판계,1,2025-04-08 15:58:48,2025-04-08 16:52:48,54.0,,공통,raw,
b140_heavy_work_r1,Proposed,Medium (81-140),140,heavy_work,209.75,1,20250408,71,BLK_71P,16,전면SAW,2,2025-04-09 07:34:42,2025-04-09 10:38:31,183.8,,공통,raw,
b140_heavy_work_r1,Proposed,Medium (81-140),140,heavy_work,209.75,1,20250408,71,BLK_71P,16,TurnOver,3,2025-04-09 10:38:31,2025-04-09 10:52:55,14.4,,공통,raw,
b140_heavy_work_r1,Proposed,Medium (81-140),140,heavy_work,209.75,1,20250408,71,BLK_71P,16,후면SAW,4,2025-04-09 10:52:55,2025-04-09 13:32:18,159.4,,공통,raw,
b140_heavy_work_r1,Proposed,Medium (81-140),140,heavy_work,209.75,1,20250408,71,BLK_71P,16,NC,5,2025-04-09 13:32:18,2025-04-09 14:32:30,60.2,,공통,raw,
b140_heavy_work_r1,Proposed,Medium (81-140),140,heavy_work,209.75,1,20250408,71,BLK_71P,16,베이36B 론지취부,6,2025-04-09 14:32:30,2025-04-09 15:47:30,75.0,36B,베이36B,raw,
b140_heavy_work_r1,Proposed,Medium (81-140),140,heavy_work,209.75,1,20250408,71,BLK_71P,16,베이36B 론지용접,7,2025-04-09 15:47:30,2025-04-09 16:13:54,26.4,36B,베이36B,raw,
b140_heavy_work_r1,Proposed,Medium (81-140),140,heavy_work,209.75,1,20250408,71,BLK_71P,16,베이36B 수정,8,2025-04-09 16:13:54,2025-04-09 16:59:30,45.6,36B,베이36B,raw,
b140_heavy_work_r1,Proposed,Medium (81-140),140,heavy_work,209.75,1,20250408,101,BLK_101S,17,판계,1,2025-04-08 16:52:48,2025-04-08 17:28:48,36.0,,공통,raw,
b140_heavy_work_r1,Proposed,Medium (81-140),140,heavy_work,209.75,1,20250408,101,BLK_101S,17,전면SAW,2,2025-04-09 10:38:31,2025-04-09 11:16:41,38.2,,공통,raw,
b140_heavy_work_r1,Proposed,Medium (81-140),140,heavy_work,209.75,1,20250408,101,BLK_101S,17,TurnOver,3,2025-04-09 11:16:41,2025-04-09 11:31:05,14.4,,공통,raw,
b140_heavy_work_r1,Proposed,Medium (81-140),140,heavy_work,209.75,1,20250408,101,BLK_101S,17,후면SAW,4,2025-04-09 13:32:18,2025-04-09 13:57:11,24.9,,공통,raw,
b140_heavy_work_r1,Proposed,Medium (81-140),140,heavy_work,209.75,1,20250408,101,BLK_101S,17,NC,5,2025-04-09 14:32:30,2025-04-09 15:23:13,50.7,,공통,raw,
b140_heavy_work_r1,Proposed,Medium (81-140),140,heavy_work,209.75,1,20250408,101,BLK_101S,17,베이35A 론지취부,6,2025-04-09 15:23:13,2025-04-09 16:55:01,91.8,35A,베이35A,raw,
b140_heavy_work_r1,Proposed,Medium (81-140),140,heavy_work,209.75,1,20250408,101,BLK_101S,17,베이35A 론지용접,7,2025-04-09 16:55:01,2025-04-09 17:24:18,29.3,35A,베이35A,raw,
b140_heavy_work_r1,Proposed,Medium (81-140),140,heavy_work,209.75,1,20250408,101,BLK_101S,17,베이35A 수정,8,2025-04-09 17:24:18,2025-04-09 18:20:28,56.2,35A,베이35A,raw,
b140_heavy_work_r1,Proposed,Medium (81-140),140,heavy_work,209.75,1,20250408,80,BLK_80S,18,판계,1,2025-04-08 17:28:48,2025-04-08 17:52:48,24.0,,공통,raw,
b140_heavy_work_r1,Proposed,Medium (81-140),140,heavy_work,209.75,1,20250408,80,BLK_80S,18,전면SAW,2,2025-04-09 11:16:41,2025-04-09 12:16:51,60.2,,공통,raw,
b140_heavy_work_r1,Proposed,Medium (81-140),140,heavy_work,209.75,1,20250408,80,BLK_80S,18,TurnOver,3,2025-04-09 12:16:51,2025-04-09 12:31:15,14.4,,공통,raw,
b140_heavy_work_r1,Proposed,Medium (81-140),140,heavy_work,209.75,1,20250408,80,BLK_80S,18,후면SAW,4,2025-04-09 13:57:11,2025-04-09 14:51:01,53.8,,공통,raw,
b140_heavy_work_r1,Proposed,Medium (81-140),140,heavy_work,209.75,1,20250408,80,BLK_80S,18,NC,5,2025-04-09 15:23:13,2025-04-09 15:57:00,33.8,,공통,raw,
b140_heavy_work_r1,Proposed,Medium (81-140),140,heavy_work,209.75,1,20250408,80,BLK_80S,18,베이36B 론지취부,6,2025-04-09 15:57:00,2025-04-09 17:07:48,70.8,36B,베이36B,raw,
b140_heavy_work_r1,Proposed,Medium (81-140),140,heavy_work,209.75,1,20250408,80,BLK_80S,18,베이36B 론지용접,7,2025-04-09 17:07:48,2025-04-09 17:33:29,25.7,36B,베이36B,raw,
b140_heavy_work_r1,Proposed,Medium (81-140),140,heavy_work,209.75,1,20250408,80,BLK_80S,18,베이36B 수정,8,2025-04-09 17:33:29,2025-04-09 18:16:27,43.0,36B,베이36B,raw,
b140_heavy_work_r1,Proposed,Medium (81-140),140,heavy_work,209.75,1,20250409,128,BLK_128C,1,판계,1,2025-04-09 08:00:00,2025-04-09 08:36:00,36.0,,공통,raw,
b140_heavy_work_r1,Proposed,Medium (81-140),140,heavy_work,209.75,1,20250409,128,BLK_128C,1,전면SAW,2,2025-04-09 08:36:00,2025-04-09 10:25:27,109.5,,공통,raw,
b140_heavy_work_r1,Proposed,Medium (81-140),140,heavy_work,209.75,1,20250409,128,BLK_128C,1,TurnOver,3,2025-04-09 10:25:27,2025-04-09 10:39:51,14.4,,공통,raw,
b140_heavy_work_r1,Proposed,Medium (81-140),140,heavy_work,209.75,1,20250409,128,BLK_128C,1,후면SAW,4,2025-04-09 10:39:51,2025-04-09 12:04:58,85.1,,공통,raw,
b140_heavy_work_r1,Proposed,Medium (81-140),140,heavy_work,209.75,1,20250409,128,BLK_128C,1,NC,5,2025-04-09 12:04:58,2025-04-09 13:11:24,66.4,,공통,raw,
b140_heavy_work_r1,Proposed,Medium (81-140),140,heavy_work,209.75,1,20250409,128,BLK_128C,1,베이36B 론지취부,6,2025-04-09 13:11:24,2025-04-09 14:39:00,87.6,36B,베이36B,raw,
b140_heavy_work_r1,Proposed,Medium (81-140),140,heavy_work,209.75,1,20250409,128,BLK_128C,1,베이36B 론지용접,7,2025-04-09 14:39:00,2025-04-09 15:07:34,28.6,36B,베이36B,raw,
b140_heavy_work_r1,Proposed,Medium (81-140),140,heavy_work,209.75,1,20250409,128,BLK_128C,1,베이36B 수정,8,2025-04-09 15:07:34,2025-04-09 16:01:05,53.5,36B,베이36B,raw,
b140_heavy_work_r1,Proposed,Medium (81-140),140,heavy_work,209.75,1,20250409,56,BLK_56C,2,판계,1,2025-04-09 08:36:00,2025-04-09 09:00:00,24.0,,공통,raw,
b140_heavy_work_r1,Proposed,Medium (81-140),140,heavy_work,209.75,1,20250409,56,BLK_56C,2,전면SAW,2,2025-04-09 10:25:27,2025-04-09 11:33:10,67.7,,공통,raw,
b140_heavy_work_r1,Proposed,Medium (81-140),140,heavy_work,209.75,1,20250409,56,BLK_56C,2,TurnOver,3,2025-04-09 11:33:10,2025-04-09 11:47:34,14.4,,공통,raw,
b140_heavy_work_r1,Proposed,Medium (81-140),140,heavy_work,209.75,1,20250409,56,BLK_56C,2,후면SAW,4,2025-04-09 12:04:58,2025-04-09 13:08:44,63.8,,공통,raw,
b140_heavy_work_r1,Proposed,Medium (81-140),140,heavy_work,209.75,1,20250409,56,BLK_56C,2,NC,5,2025-04-09 13:11:24,2025-04-09 13:47:34,36.2,,공통,raw,
b140_heavy_work_r1,Proposed,Medium (81-140),140,heavy_work,209.75,1,20250409,56,BLK_56C,2,베이35A 론지취부,6,2025-04-09 13:47:34,2025-04-09 15:02:34,75.0,35A,베이35A,raw,
b140_heavy_work_r1,Proposed,Medium (81-140),140,heavy_work,209.75,1,20250409,56,BLK_56C,2,베이35A 론지용접,7,2025-04-09 15:02:34,2025-04-09 15:28:58,26.4,35A,베이35A,raw,
b140_heavy_work_r1,Proposed,Medium (81-140),140,heavy_work,209.75,1,20250409,56,BLK_56C,2,베이35A 수정,8,2025-04-09 15:28:58,2025-04-09 16:14:34,45.6,35A,베이35A,raw,
b140_heavy_work_r1,Proposed,Medium (81-140),140,heavy_work,209.75,1,20250409,129,BLK_129S,3,판계,1,2025-04-09 09:00:00,2025-04-09 09:45:36,45.6,,공통,raw,
b140_heavy_work_r1,Proposed,Medium (81-140),140,heavy_work,209.75,1,20250409,129,BLK_129S,3,전면SAW,2,2025-04-09 11:33:10,2025-04-09 13:54:29,141.3,,공통,raw,
b140_heavy_work_r1,Proposed,Medium (81-140),140,heavy_work,209.75,1,20250409,129,BLK_129S,3,TurnOver,3,2025-04-09 13:54:29,2025-04-09 14:08:53,14.4,,공통,raw,
b140_heavy_work_r1,Proposed,Medium (81-140),140,heavy_work,209.75,1,20250409,129,BLK_129S,3,후면SAW,4,2025-04-09 14:08:53,2025-04-09 16:03:02,114.1,,공통,raw,
b140_heavy_work_r1,Proposed,Medium (81-140),140,heavy_work,209.75,1,20250409,129,BLK_129S,3,NC,5,2025-04-09 16:03:02,2025-04-09 17:01:32,58.5,,공통,raw,
b140_heavy_work_r1,Proposed,Medium (81-140),140,heavy_work,209.75,1,20250409,129,BLK_129S,3,베이36B 론지취부,6,2025-04-09 17:01:32,2025-04-09 18:33:20,91.8,36B,베이36B,raw,
b140_heavy_work_r1,Proposed,Medium (81-140),140,heavy_work,209.75,1,20250409,129,BLK_129S,3,베이36B 론지용접,7,2025-04-09 18:33:20,2025-04-09 19:02:36,29.3,36B,베이36B,raw,
b140_heavy_work_r1,Proposed,Medium (81-140),140,heavy_work,209.75,1,20250409,129,BLK_129S,3,베이36B 수정,8,2025-04-09 19:02:36,2025-04-09 19:58:46,56.2,36B,베이36B,raw,
b140_heavy_work_r1,Proposed,Medium (81-140),140,heavy_work,209.75,1,20250409,118,BLK_118P,4,판계,1,2025-04-09 09:45:36,2025-04-09 10:39:36,54.0,,공통,raw,
b140_heavy_work_r1,Proposed,Medium (81-140),140,heavy_work,209.75,1,20250409,118,BLK_118P,4,전면SAW,2,2025-04-09 13:54:29,2025-04-09 14:40:04,45.6,,공통,raw,
b140_heavy_work_r1,Proposed,Medium (81-140),140,heavy_work,209.75,1,20250409,118,BLK_118P,4,TurnOver,3,2025-04-09 14:40:04,2025-04-09 14:54:28,14.4,,공통,raw,
b140_heavy_work_r1,Proposed,Medium (81-140),140,heavy_work,209.75,1,20250409,118,BLK_118P,4,후면SAW,4,2025-04-09 16:03:02,2025-04-09 16:37:39,34.6,,공통,raw,
b140_heavy_work_r1,Proposed,Medium (81-140),140,heavy_work,209.75,1,20250409,118,BLK_118P,4,NC,5,2025-04-09 17:01:32,2025-04-09 18:08:50,67.3,,공통,raw,
b140_heavy_work_r1,Proposed,Medium (81-140),140,heavy_work,209.75,1,20250409,118,BLK_118P,4,베이36B 론지취부,6,2025-04-09 18:33:20,2025-04-09 20:30:20,117.0,36B,베이36B,raw,
b140_heavy_work_r1,Proposed,Medium (81-140),140,heavy_work,209.75,1,20250409,118,BLK_118P,4,베이36B 론지용접,7,2025-04-09 20:30:20,2025-04-09 21:03:56,33.6,36B,베이36B,raw,
b140_heavy_work_r1,Proposed,Medium (81-140),140,heavy_work,209.75,1,20250409,118,BLK_118P,4,베이36B 수정,8,2025-04-09 21:03:56,2025-04-09 22:15:56,72.0,36B,베이36B,raw,
b140_heavy_work_r1,Proposed,Medium (81-140),140,heavy_work,209.75,1,20250409,116,BLK_116C,5,판계,1,2025-04-09 10:39:36,2025-04-09 11:33:36,54.0,,공통,raw,
b140_heavy_work_r1,Proposed,Medium (81-140),140,heavy_work,209.75,1,20250409,116,BLK_116C,5,전면SAW,2,2025-04-09 14:40:04,2025-04-09 17:24:59,164.9,,공통,raw,
b140_heavy_work_r1,Proposed,Medium (81-140),140,heavy_work,209.75,1,20250409,116,BLK_116C,5,TurnOver,3,2025-04-09 17:24:59,2025-04-09 17:39:23,14.4,,공통,raw,
b140_heavy_work_r1,Proposed,Medium (81-140),140,heavy_work,209.75,1,20250409,116,BLK_116C,5,후면SAW,4,2025-04-09 17:39:23,2025-04-09 19:36:49,117.4,,공통,raw,
b140_heavy_work_r1,Proposed,Medium (81-140),140,heavy_work,209.75,1,20250409,116,BLK_116C,5,NC,5,2025-04-09 19:36:49,2025-04-09 20:41:43,64.9,,공통,raw,
b140_heavy_work_r1,Proposed,Medium (81-140),140,heavy_work,209.75,1,20250409,116,BLK_116C,5,베이35A 론지취부,6,2025-04-09 20:41:43,2025-04-09 21:18:55,37.2,35A,베이35A,raw,
b140_heavy_work_r1,Proposed,Medium (81-140),140,heavy_work,209.75,1,20250409,116,BLK_116C,5,베이35A 론지용접,7,2025-04-09 21:18:55,2025-04-09 21:38:50,19.9,35A,베이35A,raw,
b140_heavy_work_r1,Proposed,Medium (81-140),140,heavy_work,209.75,1,20250409,116,BLK_116C,5,베이35A 수정,8,2025-04-09 21:38:50,2025-04-09 22:00:41,21.8,35A,베이35A,raw,
b140_heavy_work_r1,Proposed,Medium (81-140),140,heavy_work,209.75,1,20250409,108,BLK_108P,6,판계,1,2025-04-09 11:33:36,2025-04-09 12:09:36,36.0,,공통,raw,
b140_heavy_work_r1,Proposed,Medium (81-140),140,heavy_work,209.75,1,20250409,108,BLK_108P,6,전면SAW,2,2025-04-09 17:24:59,2025-04-09 18:01:57,37.0,,공통,raw,
b140_heavy_work_r1,Proposed,Medium (81-140),140,heavy_work,209.75,1,20250409,108,BLK_108P,6,TurnOver,3,2025-04-09 18:01:57,2025-04-09 18:16:21,14.4,,공통,raw,
b140_heavy_work_r1,Proposed,Medium (81-140),140,heavy_work,209.75,1,20250409,108,BLK_108P,6,후면SAW,4,2025-04-09 19:36:49,2025-04-09 20:00:07,23.3,,공통,raw,
b140_heavy_work_r1,Proposed,Medium (81-140),140,heavy_work,209.75,1,20250409,108,BLK_108P,6,NC,5,2025-04-09 20:41:43,2025-04-09 21:34:19,52.6,,공통,raw,
b140_heavy_work_r1,Proposed,Medium (81-140),140,heavy_work,209.75,1,20250409,108,BLK_108P,6,베이36B 론지취부,6,2025-04-09 21:34:19,2025-04-09 23:22:55,108.6,36B,베이36B,raw,
b140_heavy_work_r1,Proposed,Medium (81-140),140,heavy_work,209.75,1,20250409,108,BLK_108P,6,베이36B 론지용접,7,2025-04-09 23:22:55,2025-04-09 23:55:05,32.2,36B,베이36B,raw,
b140_heavy_work_r1,Proposed,Medium (81-140),140,heavy_work,209.75,1,20250409,108,BLK_108P,6,베이36B 수정,8,2025-04-09 23:55:05,2025-04-10 01:01:48,66.7,36B,베이36B,raw,
b140_heavy_work_r1,Proposed,Medium (81-140),140,heavy_work,209.75,1,20250409,90,BLK_90C,7,판계,1,2025-04-09 12:09:36,2025-04-09 12:43:12,33.6,,공통,raw,
b140_heavy_work_r1,Proposed,Medium (81-140),140,heavy_work,209.75,1,20250409,90,BLK_90C,7,전면SAW,2,2025-04-09 18:01:57,2025-04-09 19:52:30,110.5,,공통,raw,
b140_heavy_work_r1,Proposed,Medium (81-140),140,heavy_work,209.75,1,20250409,90,BLK_90C,7,TurnOver,3,2025-04-09 19:52:30,2025-04-09 20:06:54,14.4,,공통,raw,
b140_heavy_work_r1,Proposed,Medium (81-140),140,heavy_work,209.75,1,20250409,90,BLK_90C,7,후면SAW,4,2025-04-09 20:06:54,2025-04-09 21:54:12,107.3,,공통,raw,
b140_heavy_work_r1,Proposed,Medium (81-140),140,heavy_work,209.75,1,20250409,90,BLK_90C,7,NC,5,2025-04-09 21:54:12,2025-04-09 22:31:20,37.1,,공통,raw,
b140_heavy_work_r1,Proposed,Medium (81-140),140,heavy_work,209.75,1,20250409,90,BLK_90C,7,베이35A 론지취부,6,2025-04-09 22:31:20,2025-04-09 23:21:08,49.8,35A,베이35A,raw,
b140_heavy_work_r1,Proposed,Medium (81-140),140,heavy_work,209.75,1,20250409,90,BLK_90C,7,베이35A 론지용접,7,2025-04-09 23:21:08,2025-04-09 23:38:25,17.3,35A,베이35A,raw,
b140_heavy_work_r1,Proposed,Medium (81-140),140,heavy_work,209.75,1,20250409,90,BLK_90C,7,베이35A 수정,8,2025-04-09 23:38:25,2025-04-10 00:08:11,29.8,35A,베이35A,raw,
b140_heavy_work_r1,Proposed,Medium (81-140),140,heavy_work,209.75,1,20250409,78,BLK_78C,8,판계,1,2025-04-09 12:43:12,2025-04-09 13:19:12,36.0,,공통,raw,
b140_heavy_work_r1,Proposed,Medium (81-140),140,heavy_work,209.75,1,20250409,78,BLK_78C,8,전면SAW,2,2025-04-09 19:52:30,2025-04-09 20:45:38,53.1,,공통,raw,
b140_heavy_work_r1,Proposed,Medium (81-140),140,heavy_work,209.75,1,20250409,78,BLK_78C,8,TurnOver,3,2025-04-09 20:45:38,2025-04-09 21:00:02,14.4,,공통,raw,
b140_heavy_work_r1,Proposed,Medium (81-140),140,heavy_work,209.75,1,20250409,78,BLK_78C,8,후면SAW,4,2025-04-09 21:54:12,2025-04-09 22:38:47,44.6,,공통,raw,
b140_heavy_work_r1,Proposed,Medium (81-140),140,heavy_work,209.75,1,20250409,78,BLK_78C,8,NC,5,2025-04-09 22:38:47,2025-04-09 23:38:18,59.5,,공통,raw,
b140_heavy_work_r1,Proposed,Medium (81-140),140,heavy_work,209.75,1,20250409,78,BLK_78C,8,베이36B 론지취부,6,2025-04-09 23:38:18,2025-04-10 01:10:06,91.8,36B,베이36B,raw,
b140_heavy_work_r1,Proposed,Medium (81-140),140,heavy_work,209.75,1,20250409,78,BLK_78C,8,베이36B 론지용접,7,2025-04-10 01:10:06,2025-04-10 01:39:23,29.3,36B,베이36B,raw,
b140_heavy_work_r1,Proposed,Medium (81-140),140,heavy_work,209.75,1,20250409,78,BLK_78C,8,베이36B 수정,8,2025-04-10 01:39:23,2025-04-10 02:35:33,56.2,36B,베이36B,raw,
b140_heavy_work_r1,Proposed,Medium (81-140),140,heavy_work,209.75,1,20250409,103,BLK_103C,9,판계,1,2025-04-09 13:19:12,2025-04-09 13:51:36,32.4,,공통,raw,
b140_heavy_work_r1,Proposed,Medium (81-140),140,heavy_work,209.75,1,20250409,103,BLK_103C,9,전면SAW,2,2025-04-09 20:45:38,2025-04-09 23:20:18,154.7,,공통,raw,
b140_heavy_work_r1,Proposed,Medium (81-140),140,heavy_work,209.75,1,20250409,103,BLK_103C,9,TurnOver,3,2025-04-09 23:20:18,2025-04-09 23:34:42,14.4,,공통,raw,
b140_heavy_work_r1,Proposed,Medium (81-140),140,heavy_work,209.75,1,20250409,103,BLK_103C,9,후면SAW,4,2025-04-09 23:34:42,2025-04-10 01:26:35,111.9,,공통,raw,
b140_heavy_work_r1,Proposed,Medium (81-140),140,heavy_work,209.75,1,20250409,103,BLK_103C,9,NC,5,2025-04-10 01:26:35,2025-04-10 02:03:43,37.1,,공통,raw,
b140_heavy_work_r1,Proposed,Medium (81-140),140,heavy_work,209.75,1,20250409,103,BLK_103C,9,베이35A 론지취부,6,2025-04-10 02:03:43,2025-04-10 02:57:43,54.0,35A,베이35A,raw,
b140_heavy_work_r1,Proposed,Medium (81-140),140,heavy_work,209.75,1,20250409,103,BLK_103C,9,베이35A 론지용접,7,2025-04-10 02:57:43,2025-04-10 03:15:43,18.0,35A,베이35A,raw,
b140_heavy_work_r1,Proposed,Medium (81-140),140,heavy_work,209.75,1,20250409,103,BLK_103C,9,베이35A 수정,8,2025-04-10 03:15:43,2025-04-10 03:48:07,32.4,35A,베이35A,raw,
b140_heavy_work_r1,Proposed,Medium (81-140),140,heavy_work,209.75,1,20250409,66,BLK_66S,10,판계,1,2025-04-09 13:51:36,2025-04-09 14:15:36,24.0,,공통,raw,
b140_heavy_work_r1,Proposed,Medium (81-140),140,heavy_work,209.75,1,20250409,66,BLK_66S,10,전면SAW,2,2025-04-09 23:20:18,2025-04-10 00:05:00,44.7,,공통,raw,
b140_heavy_work_r1,Proposed,Medium (81-140),140,heavy_work,209.75,1,20250409,66,BLK_66S,10,TurnOver,3,2025-04-10 00:05:00,2025-04-10 00:19:24,14.4,,공통,raw,
b140_heavy_work_r1,Proposed,Medium (81-140),140,heavy_work,209.75,1,20250409,66,BLK_66S,10,후면SAW,4,2025-04-10 01:26:35,2025-04-10 02:00:02,33.5,,공통,raw,
b140_heavy_work_r1,Proposed,Medium (81-140),140,heavy_work,209.75,1,20250409,66,BLK_66S,10,NC,5,2025-04-10 02:03:43,2025-04-10 02:37:27,33.7,,공통,raw,
b140_heavy_work_r1,Proposed,Medium (81-140),140,heavy_work,209.75,1,20250409,66,BLK_66S,10,베이36B 론지취부,6,2025-04-10 02:37:27,2025-04-10 03:56:39,79.2,36B,베이36B,raw,
b140_heavy_work_r1,Proposed,Medium (81-140),140,heavy_work,209.75,1,20250409,66,BLK_66S,10,베이36B 론지용접,7,2025-04-10 03:56:39,2025-04-10 04:23:46,27.1,36B,베이36B,raw,
b140_heavy_work_r1,Proposed,Medium (81-140),140,heavy_work,209.75,1,20250409,66,BLK_66S,10,베이36B 수정,8,2025-04-10 04:23:46,2025-04-10 05:12:00,48.2,36B,베이36B,raw,
b140_heavy_work_r1,Proposed,Medium (81-140),140,heavy_work,209.75,1,20250409,109,BLK_109P,11,판계,1,2025-04-09 14:15:36,2025-04-09 15:01:12,45.6,,공통,raw,
b140_heavy_work_r1,Proposed,Medium (81-140),140,heavy_work,209.75,1,20250409,109,BLK_109P,11,전면SAW,2,2025-04-10 00:05:00,2025-04-10 02:15:51,130.8,,공통,raw,
b140_heavy_work_r1,Proposed,Medium (81-140),140,heavy_work,209.75,1,20250409,109,BLK_109P,11,TurnOver,3,2025-04-10 02:15:51,2025-04-10 02:30:15,14.4,,공통,raw,
b140_heavy_work_r1,Proposed,Medium (81-140),140,heavy_work,209.75,1,20250409,109,BLK_109P,11,후면SAW,4,2025-04-10 02:30:15,2025-04-10 04:41:13,131.0,,공통,raw,
b140_heavy_work_r1,Proposed,Medium (81-140),140,heavy_work,209.75,1,20250409,109,BLK_109P,11,NC,5,2025-04-10 04:41:13,2025-04-10 05:38:34,57.4,,공통,raw,
b140_heavy_work_r1,Proposed,Medium (81-140),140,heavy_work,209.75,1,20250409,109,BLK_109P,11,베이35A 론지취부,6,2025-04-10 05:38:34,2025-04-10 06:36:46,58.2,35A,베이35A,raw,
b140_heavy_work_r1,Proposed,Medium (81-140),140,heavy_work,209.75,1,20250409,109,BLK_109P,11,베이35A 론지용접,7,2025-04-10 06:36:46,2025-04-10 07:00:18,23.5,35A,베이35A,raw,
b140_heavy_work_r1,Proposed,Medium (81-140),140,heavy_work,209.75,1,20250409,109,BLK_109P,11,베이35A 수정,8,2025-04-10 07:00:18,2025-04-10 07:35:20,35.0,35A,베이35A,raw,
b140_heavy_work_r1,Proposed,Medium (81-140),140,heavy_work,209.75,1,20250409,119,BLK_119S,12,판계,1,2025-04-09 15:01:12,2025-04-09 15:37:12,36.0,,공통,raw,
b140_heavy_work_r1,Proposed,Medium (81-140),140,heavy_work,209.75,1,20250409,119,BLK_119S,12,전면SAW,2,2025-04-10 02:15:51,2025-04-10 03:08:18,52.5,,공통,raw,
b140_heavy_work_r1,Proposed,Medium (81-140),140,heavy_work,209.75,1,20250409,119,BLK_119S,12,TurnOver,3,2025-04-10 03:08:18,2025-04-10 03:22:42,14.4,,공통,raw,
b140_heavy_work_r1,Proposed,Medium (81-140),140,heavy_work,209.75,1,20250409,119,BLK_119S,12,후면SAW,4,2025-04-10 04:41:13,2025-04-10 05:24:53,43.7,,공통,raw,
b140_heavy_work_r1,Proposed,Medium (81-140),140,heavy_work,209.75,1,20250409,119,BLK_119S,12,NC,5,2025-04-10 05:38:34,2025-04-10 06:28:30,49.9,,공통,raw,
b140_heavy_work_r1,Proposed,Medium (81-140),140,heavy_work,209.75,1,20250409,119,BLK_119S,12,베이36B 론지취부,6,2025-04-10 06:28:30,2025-04-10 07:35:06,66.6,36B,베이36B,raw,
b140_heavy_work_r1,Proposed,Medium (81-140),140,heavy_work,209.75,1,20250409,119,BLK_119S,12,베이36B 론지용접,7,2025-04-10 07:35:06,2025-04-10 08:00:03,25.0,36B,베이36B,raw,
b140_heavy_work_r1,Proposed,Medium (81-140),140,heavy_work,209.75,1,20250409,119,BLK_119S,12,베이36B 수정,8,2025-04-10 08:00:03,2025-04-10 08:40:22,40.3,36B,베이36B,raw,
b140_heavy_work_r1,Proposed,Medium (81-140),140,heavy_work,209.75,1,20250409,100,BLK_100C,13,판계,1,2025-04-09 15:37:12,2025-04-09 16:22:48,45.6,,공통,raw,
b140_heavy_work_r1,Proposed,Medium (81-140),140,heavy_work,209.75,1,20250409,100,BLK_100C,13,전면SAW,2,2025-04-10 03:08:18,2025-04-10 05:01:24,113.1,,공통,raw,
b140_heavy_work_r1,Proposed,Medium (81-140),140,heavy_work,209.75,1,20250409,100,BLK_100C,13,TurnOver,3,2025-04-10 05:01:24,2025-04-10 05:15:48,14.4,,공통,raw,
b140_heavy_work_r1,Proposed,Medium (81-140),140,heavy_work,209.75,1,20250409,100,BLK_100C,13,후면SAW,4,2025-04-10 05:24:53,2025-04-10 06:53:19,88.4,,공통,raw,
b140_heavy_work_r1,Proposed,Medium (81-140),140,heavy_work,209.75,1,20250409,100,BLK_100C,13,NC,5,2025-04-10 06:53:19,2025-04-10 07:48:23,55.1,,공통,raw,
b140_heavy_work_r1,Proposed,Medium (81-140),140,heavy_work,209.75,1,20250409,100,BLK_100C,13,베이35A 론지취부,6,2025-04-10 07:48:23,2025-04-10 08:54:59,66.6,35A,베이35A,raw,
b140_heavy_work_r1,Proposed,Medium (81-140),140,heavy_work,209.75,1,20250409,100,BLK_100C,13,베이35A 론지용접,7,2025-04-10 08:54:59,2025-04-10 09:19:56,25.0,35A,베이35A,raw,
b140_heavy_work_r1,Proposed,Medium (81-140),140,heavy_work,209.75,1,20250409,100,BLK_100C,13,베이35A 수정,8,2025-04-10 09:19:56,2025-04-10 10:00:15,40.3,35A,베이35A,raw,
b140_heavy_work_r1,Proposed,Medium (81-140),140,heavy_work,209.75,1,20250409,96,BLK_96C,14,판계,1,2025-04-09 16:22:48,2025-04-09 16:46:48,24.0,,공통,raw,
b140_heavy_work_r1,Proposed,Medium (81-140),140,heavy_work,209.75,1,20250409,96,BLK_96C,14,전면SAW,2,2025-04-10 05:01:24,2025-04-10 05:45:33,44.1,,공통,raw,
b140_heavy_work_r1,Proposed,Medium (81-140),140,heavy_work,209.75,1,20250409,96,BLK_96C,14,TurnOver,3,2025-04-10 05:45:33,2025-04-10 05:59:57,14.4,,공통,raw,
b140_heavy_work_r1,Proposed,Medium (81-140),140,heavy_work,209.75,1,20250409,96,BLK_96C,14,후면SAW,4,2025-04-10 06:53:19,2025-04-10 07:26:03,32.7,,공통,raw,
b140_heavy_work_r1,Proposed,Medium (81-140),140,heavy_work,209.75,1,20250409,96,BLK_96C,14,NC,5,2025-04-10 07:48:23,2025-04-10 08:24:33,36.2,,공통,raw,
b140_heavy_work_r1,Proposed,Medium (81-140),140,heavy_work,209.75,1,20250409,96,BLK_96C,14,베이36B 론지취부,6,2025-04-10 08:24:33,2025-04-10 09:39:33,75.0,36B,베이36B,raw,
b140_heavy_work_r1,Proposed,Medium (81-140),140,heavy_work,209.75,1,20250409,96,BLK_96C,14,베이36B 론지용접,7,2025-04-10 09:39:33,2025-04-10 10:05:57,26.4,36B,베이36B,raw,
b140_heavy_work_r1,Proposed,Medium (81-140),140,heavy_work,209.75,1,20250409,96,BLK_96C,14,베이36B 수정,8,2025-04-10 10:05:57,2025-04-10 10:51:33,45.6,36B,베이36B,raw,
b140_heavy_work_r1,Proposed,Medium (81-140),140,heavy_work,209.75,1,20250409,123,BLK_123S,15,판계,1,2025-04-09 16:46:48,2025-04-09 17:28:48,42.0,,공통,raw,
b140_heavy_work_r1,Proposed,Medium (81-140),140,heavy_work,209.75,1,20250409,123,BLK_123S,15,전면SAW,2,2025-04-10 05:45:33,2025-04-10 08:08:54,143.4,,공통,raw,
b140_heavy_work_r1,Proposed,Medium (81-140),140,heavy_work,209.75,1,20250409,123,BLK_123S,15,TurnOver,3,2025-04-10 08:08:54,2025-04-10 08:23:18,14.4,,공통,raw,
b140_heavy_work_r1,Proposed,Medium (81-140),140,heavy_work,209.75,1,20250409,123,BLK_123S,15,후면SAW,4,2025-04-10 08:23:18,2025-04-10 10:06:07,102.8,,공통,raw,
b140_heavy_work_r1,Proposed,Medium (81-140),140,heavy_work,209.75,1,20250409,123,BLK_123S,15,NC,5,2025-04-10 10:06:07,2025-04-10 10:48:56,42.8,,공통,raw,
b140_heavy_work_r1,Proposed,Medium (81-140),140,heavy_work,209.75,1,20250409,123,BLK_123S,15,베이35A 론지취부,6,2025-04-10 10:48:56,2025-04-10 11:21:56,33.0,35A,베이35A,raw,
b140_heavy_work_r1,Proposed,Medium (81-140),140,heavy_work,209.75,1,20250409,123,BLK_123S,15,베이35A 론지용접,7,2025-04-10 11:21:56,2025-04-10 11:36:20,14.4,35A,베이35A,raw,
b140_heavy_work_r1,Proposed,Medium (81-140),140,heavy_work,209.75,1,20250409,123,BLK_123S,15,베이35A 수정,8,2025-04-10 11:36:20,2025-04-10 11:55:32,19.2,35A,베이35A,raw,
b140_heavy_work_r1,Proposed,Medium (81-140),140,heavy_work,209.75,1,20250410,70,BLK_70P,1,판계,1,2025-04-10 08:00:00,2025-04-10 08:14:24,14.4,,공통,raw,
b140_heavy_work_r1,Proposed,Medium (81-140),140,heavy_work,209.75,1,20250410,70,BLK_70P,1,전면SAW,2,2025-04-10 08:14:24,2025-04-10 09:19:48,65.4,,공통,raw,
b140_heavy_work_r1,Proposed,Medium (81-140),140,heavy_work,209.75,1,20250410,70,BLK_70P,1,TurnOver,3,2025-04-10 09:19:48,2025-04-10 09:34:12,14.4,,공통,raw,
b140_heavy_work_r1,Proposed,Medium (81-140),140,heavy_work,209.75,1,20250410,70,BLK_70P,1,후면SAW,4,2025-04-10 09:34:12,2025-04-10 10:34:56,60.7,,공통,raw,
b140_heavy_work_r1,Proposed,Medium (81-140),140,heavy_work,209.75,1,20250410,70,BLK_70P,1,NC,5,2025-04-10 10:34:56,2025-04-10 11:02:55,28.0,,공통,raw,
b140_heavy_work_r1,Proposed,Medium (81-140),140,heavy_work,209.75,1,20250410,70,BLK_70P,1,베이36B 론지취부,6,2025-04-10 11:02:55,2025-04-10 11:52:43,49.8,36B,베이36B,raw,
b140_heavy_work_r1,Proposed,Medium (81-140),140,heavy_work,209.75,1,20250410,70,BLK_70P,1,베이36B 론지용접,7,2025-04-10 11:52:43,2025-04-10 12:14:48,22.1,36B,베이36B,raw,
b140_heavy_work_r1,Proposed,Medium (81-140),140,heavy_work,209.75,1,20250410,70,BLK_70P,1,베이36B 수정,8,2025-04-10 12:14:48,2025-04-10 12:44:34,29.8,36B,베이36B,raw,
b140_heavy_work_r1,Proposed,Medium (81-140),140,heavy_work,209.75,1,20250410,132,BLK_132S,2,판계,1,2025-04-10 08:14:24,2025-04-10 09:02:24,48.0,,공통,raw,
b140_heavy_work_r1,Proposed,Medium (81-140),140,heavy_work,209.75,1,20250410,132,BLK_132S,2,전면SAW,2,2025-04-10 09:19:48,2025-04-10 12:05:04,165.3,,공통,raw,
b140_heavy_work_r1,Proposed,Medium (81-140),140,heavy_work,209.75,1,20250410,132,BLK_132S,2,TurnOver,3,2025-04-10 12:05:04,2025-04-10 12:19:28,14.4,,공통,raw,
b140_heavy_work_r1,Proposed,Medium (81-140),140,heavy_work,209.75,1,20250410,132,BLK_132S,2,후면SAW,4,2025-04-10 12:19:28,2025-04-10 14:41:07,141.6,,공통,raw,
b140_heavy_work_r1,Proposed,Medium (81-140),140,heavy_work,209.75,1,20250410,132,BLK_132S,2,NC,5,2025-04-10 14:41:07,2025-04-10 15:35:06,54.0,,공통,raw,
b140_heavy_work_r1,Proposed,Medium (81-140),140,heavy_work,209.75,1,20250410,132,BLK_132S,2,베이35A 론지취부,6,2025-04-10 15:35:06,2025-04-10 16:41:42,66.6,35A,베이35A,raw,
b140_heavy_work_r1,Proposed,Medium (81-140),140,heavy_work,209.75,1,20250410,132,BLK_132S,2,베이35A 론지용접,7,2025-04-10 16:41:42,2025-04-10 17:06:39,25.0,35A,베이35A,raw,
b140_heavy_work_r1,Proposed,Medium (81-140),140,heavy_work,209.75,1,20250410,132,BLK_132S,2,베이35A 수정,8,2025-04-10 17:06:39,2025-04-10 17:46:58,40.3,35A,베이35A,raw,
b140_heavy_work_r1,Proposed,Medium (81-140),140,heavy_work,209.75,1,20250410,58,BLK_58C,3,판계,1,2025-04-10 09:02:24,2025-04-10 09:32:24,30.0,,공통,raw,
b140_heavy_work_r1,Proposed,Medium (81-140),140,heavy_work,209.75,1,20250410,58,BLK_58C,3,전면SAW,2,2025-04-10 12:05:04,2025-04-10 12:44:31,39.4,,공통,raw,
b140_heavy_work_r1,Proposed,Medium (81-140),140,heavy_work,209.75,1,20250410,58,BLK_58C,3,TurnOver,3,2025-04-10 12:44:31,2025-04-10 12:58:55,14.4,,공통,raw,
b140_heavy_work_r1,Proposed,Medium (81-140),140,heavy_work,209.75,1,20250410,58,BLK_58C,3,후면SAW,4,2025-04-10 14:41:07,2025-04-10 15:07:40,26.6,,공통,raw,
b140_heavy_work_r1,Proposed,Medium (81-140),140,heavy_work,209.75,1,20250410,58,BLK_58C,3,NC,5,2025-04-10 15:35:06,2025-04-10 16:18:00,42.9,,공통,raw,
b140_heavy_work_r1,Proposed,Medium (81-140),140,heavy_work,209.75,1,20250410,58,BLK_58C,3,베이36B 론지취부,6,2025-04-10 16:18:00,2025-04-10 17:28:48,70.8,36B,베이36B,raw,
b140_heavy_work_r1,Proposed,Medium (81-140),140,heavy_work,209.75,1,20250410,58,BLK_58C,3,베이36B 론지용접,7,2025-04-10 17:28:48,2025-04-10 17:54:28,25.7,36B,베이36B,raw,
b140_heavy_work_r1,Proposed,Medium (81-140),140,heavy_work,209.75,1,20250410,58,BLK_58C,3,베이36B 수정,8,2025-04-10 17:54:28,2025-04-10 18:37:26,43.0,36B,베이36B,raw,
b140_heavy_work_r1,Proposed,Medium (81-140),140,heavy_work,209.75,1,20250410,88,BLK_88S,4,판계,1,2025-04-10 09:32:24,2025-04-10 10:08:24,36.0,,공통,raw,
b140_heavy_work_r1,Proposed,Medium (81-140),140,heavy_work,209.75,1,20250410,88,BLK_88S,4,전면SAW,2,2025-04-10 12:44:31,2025-04-10 14:27:58,103.5,,공통,raw,
b140_heavy_work_r1,Proposed,Medium (81-140),140,heavy_work,209.75,1,20250410,88,BLK_88S,4,TurnOver,3,2025-04-10 14:27:58,2025-04-10 14:42:22,14.4,,공통,raw,
b140_heavy_work_r1,Proposed,Medium (81-140),140,heavy_work,209.75,1,20250410,88,BLK_88S,4,후면SAW,4,2025-04-10 15:07:40,2025-04-10 16:46:42,99.0,,공통,raw,
b140_heavy_work_r1,Proposed,Medium (81-140),140,heavy_work,209.75,1,20250410,88,BLK_88S,4,NC,5,2025-04-10 16:46:42,2025-04-10 17:47:03,60.3,,공통,raw,
b140_heavy_work_r1,Proposed,Medium (81-140),140,heavy_work,209.75,1,20250410,88,BLK_88S,4,베이35A 론지취부,6,2025-04-10 17:47:03,2025-04-10 19:14:39,87.6,35A,베이35A,raw,
b140_heavy_work_r1,Proposed,Medium (81-140),140,heavy_work,209.75,1,20250410,88,BLK_88S,4,베이35A 론지용접,7,2025-04-10 19:14:39,2025-04-10 19:43:12,28.6,35A,베이35A,raw,
b140_heavy_work_r1,Proposed,Medium (81-140),140,heavy_work,209.75,1,20250410,88,BLK_88S,4,베이35A 수정,8,2025-04-10 19:43:12,2025-04-10 20:36:43,53.5,35A,베이35A,raw,
b140_heavy_work_r1,Proposed,Medium (81-140),140,heavy_work,209.75,1,20250410,36,BLK_36P,5,판계,1,2025-04-10 10:08:24,2025-04-10 10:38:24,30.0,,공통,raw,
b140_heavy_work_r1,Proposed,Medium (81-140),140,heavy_work,209.75,1,20250410,36,BLK_36P,5,전면SAW,2,2025-04-10 14:27:58,2025-04-10 15:07:22,39.4,,공통,raw,
b140_heavy_work_r1,Proposed,Medium (81-140),140,heavy_work,209.75,1,20250410,36,BLK_36P,5,TurnOver,3,2025-04-10 15:07:22,2025-04-10 15:21:46,14.4,,공통,raw,
b140_heavy_work_r1,Proposed,Medium (81-140),140,heavy_work,209.75,1,20250410,36,BLK_36P,5,후면SAW,4,2025-04-10 16:46:42,2025-04-10 17:13:12,26.5,,공통,raw,
b140_heavy_work_r1,Proposed,Medium (81-140),140,heavy_work,209.75,1,20250410,36,BLK_36P,5,NC,5,2025-04-10 17:47:03,2025-04-10 18:29:40,42.6,,공통,raw,
b140_heavy_work_r1,Proposed,Medium (81-140),140,heavy_work,209.75,1,20250410,36,BLK_36P,5,베이36B 론지취부,6,2025-04-10 18:29:40,2025-04-10 19:27:52,58.2,36B,베이36B,raw,
b140_heavy_work_r1,Proposed,Medium (81-140),140,heavy_work,209.75,1,20250410,36,BLK_36P,5,베이36B 론지용접,7,2025-04-10 19:27:52,2025-04-10 19:51:23,23.5,36B,베이36B,raw,
b140_heavy_work_r1,Proposed,Medium (81-140),140,heavy_work,209.75,1,20250410,36,BLK_36P,5,베이36B 수정,8,2025-04-10 19:51:23,2025-04-10 20:26:26,35.0,36B,베이36B,raw,
b140_heavy_work_r1,Proposed,Medium (81-140),140,heavy_work,209.75,1,20250410,69,BLK_69S,6,판계,1,2025-04-10 10:38:24,2025-04-10 11:24:00,45.6,,공통,raw,
b140_heavy_work_r1,Proposed,Medium (81-140),140,heavy_work,209.75,1,20250410,69,BLK_69S,6,전면SAW,2,2025-04-10 15:07:22,2025-04-10 16:58:04,110.7,,공통,raw,
b140_heavy_work_r1,Proposed,Medium (81-140),140,heavy_work,209.75,1,20250410,69,BLK_69S,6,TurnOver,3,2025-04-10 16:58:04,2025-04-10 17:12:28,14.4,,공통,raw,
b140_heavy_work_r1,Proposed,Medium (81-140),140,heavy_work,209.75,1,20250410,69,BLK_69S,6,후면SAW,4,2025-04-10 17:13:12,2025-04-10 18:39:27,86.2,,공통,raw,
b140_heavy_work_r1,Proposed,Medium (81-140),140,heavy_work,209.75,1,20250410,69,BLK_69S,6,NC,5,2025-04-10 18:39:27,2025-04-10 19:32:52,53.4,,공통,raw,
b140_heavy_work_r1,Proposed,Medium (81-140),140,heavy_work,209.75,1,20250410,69,BLK_69S,6,베이35A 론지취부,6,2025-04-10 19:32:52,2025-04-10 20:14:16,41.4,35A,베이35A,raw,
b140_heavy_work_r1,Proposed,Medium (81-140),140,heavy_work,209.75,1,20250410,69,BLK_69S,6,베이35A 론지용접,7,2025-04-10 20:14:16,2025-04-10 20:34:55,20.6,35A,베이35A,raw,
b140_heavy_work_r1,Proposed,Medium (81-140),140,heavy_work,209.75,1,20250410,69,BLK_69S,6,베이35A 수정,8,2025-04-10 20:36:43,2025-04-10 21:01:12,24.5,35A,베이35A,raw,
b140_heavy_work_r1,Proposed,Medium (81-140),140,heavy_work,209.75,1,20250410,86,BLK_86S,7,판계,1,2025-04-10 11:24:00,2025-04-10 12:00:00,36.0,,공통,raw,
b140_heavy_work_r1,Proposed,Medium (81-140),140,heavy_work,209.75,1,20250410,86,BLK_86S,7,전면SAW,2,2025-04-10 16:58:04,2025-04-10 17:35:16,37.2,,공통,raw,
b140_heavy_work_r1,Proposed,Medium (81-140),140,heavy_work,209.75,1,20250410,86,BLK_86S,7,TurnOver,3,2025-04-10 17:35:16,2025-04-10 17:49:40,14.4,,공통,raw,
b140_heavy_work_r1,Proposed,Medium (81-140),140,heavy_work,209.75,1,20250410,86,BLK_86S,7,후면SAW,4,2025-04-10 18:39:27,2025-04-10 19:03:03,23.6,,공통,raw,
b140_heavy_work_r1,Proposed,Medium (81-140),140,heavy_work,209.75,1,20250410,86,BLK_86S,7,NC,5,2025-04-10 19:32:52,2025-04-10 20:28:07,55.2,,공통,raw,
b140_heavy_work_r1,Proposed,Medium (81-140),140,heavy_work,209.75,1,20250410,86,BLK_86S,7,베이36B 론지취부,6,2025-04-10 20:28:07,2025-04-10 21:43:07,75.0,36B,베이36B,raw,
b140_heavy_work_r1,Proposed,Medium (81-140),140,heavy_work,209.75,1,20250410,86,BLK_86S,7,베이36B 론지용접,7,2025-04-10 21:43:07,2025-04-10 22:09:31,26.4,36B,베이36B,raw,
b140_heavy_work_r1,Proposed,Medium (81-140),140,heavy_work,209.75,1,20250410,86,BLK_86S,7,베이36B 수정,8,2025-04-10 22:09:31,2025-04-10 22:55:07,45.6,36B,베이36B,raw,
b140_heavy_work_r1,Proposed,Medium (81-140),140,heavy_work,209.75,1,20250410,92,BLK_92P,8,판계,1,2025-04-10 12:00:00,2025-04-10 12:45:36,45.6,,공통,raw,
b140_heavy_work_r1,Proposed,Medium (81-140),140,heavy_work,209.75,1,20250410,92,BLK_92P,8,전면SAW,2,2025-04-10 17:35:16,2025-04-10 19:07:31,92.2,,공통,raw,
b140_heavy_work_r1,Proposed,Medium (81-140),140,heavy_work,209.75,1,20250410,92,BLK_92P,8,TurnOver,3,2025-04-10 19:07:31,2025-04-10 19:21:55,14.4,,공통,raw,
b140_heavy_work_r1,Proposed,Medium (81-140),140,heavy_work,209.75,1,20250410,92,BLK_92P,8,후면SAW,4,2025-04-10 19:21:55,2025-04-10 20:31:20,69.4,,공통,raw,
b140_heavy_work_r1,Proposed,Medium (81-140),140,heavy_work,209.75,1,20250410,92,BLK_92P,8,NC,5,2025-04-10 20:31:20,2025-04-10 21:23:24,52.1,,공통,raw,
b140_heavy_work_r1,Proposed,Medium (81-140),140,heavy_work,209.75,1,20250410,92,BLK_92P,8,베이35A 론지취부,6,2025-04-10 21:23:24,2025-04-10 22:42:36,79.2,35A,베이35A,raw,
b140_heavy_work_r1,Proposed,Medium (81-140),140,heavy_work,209.75,1,20250410,92,BLK_92P,8,베이35A 론지용접,7,2025-04-10 22:42:36,2025-04-10 23:09:43,27.1,35A,베이35A,raw,
b140_heavy_work_r1,Proposed,Medium (81-140),140,heavy_work,209.75,1,20250410,92,BLK_92P,8,베이35A 수정,8,2025-04-10 23:09:43,2025-04-10 23:57:58,48.2,35A,베이35A,raw,
b140_heavy_work_r1,Proposed,Medium (81-140),140,heavy_work,209.75,1,20250410,51,BLK_51C,9,판계,1,2025-04-10 12:45:36,2025-04-10 13:00:00,14.4,,공통,raw,
b140_heavy_work_r1,Proposed,Medium (81-140),140,heavy_work,209.75,1,20250410,51,BLK_51C,9,전면SAW,2,2025-04-10 19:07:31,2025-04-10 20:06:07,58.6,,공통,raw,
b140_heavy_work_r1,Proposed,Medium (81-140),140,heavy_work,209.75,1,20250410,51,BLK_51C,9,TurnOver,3,2025-04-10 20:06:07,2025-04-10 20:20:31,14.4,,공통,raw,
b140_heavy_work_r1,Proposed,Medium (81-140),140,heavy_work,209.75,1,20250410,51,BLK_51C,9,후면SAW,4,2025-04-10 20:31:20,2025-04-10 21:23:07,51.8,,공통,raw,
b140_heavy_work_r1,Proposed,Medium (81-140),140,heavy_work,209.75,1,20250410,51,BLK_51C,9,NC,5,2025-04-10 21:23:24,2025-04-10 21:53:39,30.3,,공통,raw,
b140_heavy_work_r1,Proposed,Medium (81-140),140,heavy_work,209.75,1,20250410,51,BLK_51C,9,베이36B 론지취부,6,2025-04-10 21:53:39,2025-04-10 23:04:27,70.8,36B,베이36B,raw,
b140_heavy_work_r1,Proposed,Medium (81-140),140,heavy_work,209.75,1,20250410,51,BLK_51C,9,베이36B 론지용접,7,2025-04-10 23:04:27,2025-04-10 23:30:08,25.7,36B,베이36B,raw,
b140_heavy_work_r1,Proposed,Medium (81-140),140,heavy_work,209.75,1,20250410,51,BLK_51C,9,베이36B 수정,8,2025-04-10 23:30:08,2025-04-11 00:13:06,43.0,36B,베이36B,raw,
b140_heavy_work_r1,Proposed,Medium (81-140),140,heavy_work,209.75,1,20250410,120,BLK_120S,10,판계,1,2025-04-10 13:00:00,2025-04-10 13:33:36,33.6,,공통,raw,
b140_heavy_work_r1,Proposed,Medium (81-140),140,heavy_work,209.75,1,20250410,120,BLK_120S,10,전면SAW,2,2025-04-10 20:06:07,2025-04-10 21:27:41,81.6,,공통,raw,
b140_heavy_work_r1,Proposed,Medium (81-140),140,heavy_work,209.75,1,20250410,120,BLK_120S,10,TurnOver,3,2025-04-10 21:27:41,2025-04-10 21:42:05,14.4,,공통,raw,
b140_heavy_work_r1,Proposed,Medium (81-140),140,heavy_work,209.75,1,20250410,120,BLK_120S,10,후면SAW,4,2025-04-10 21:42:05,2025-04-10 22:55:34,73.5,,공통,raw,
b140_heavy_work_r1,Proposed,Medium (81-140),140,heavy_work,209.75,1,20250410,120,BLK_120S,10,NC,5,2025-04-10 22:55:34,2025-04-10 23:31:30,35.9,,공통,raw,
b140_heavy_work_r1,Proposed,Medium (81-140),140,heavy_work,209.75,1,20250410,120,BLK_120S,10,베이35A 론지취부,6,2025-04-10 23:31:30,2025-04-11 00:17:06,45.6,35A,베이35A,raw,
b140_heavy_work_r1,Proposed,Medium (81-140),140,heavy_work,209.75,1,20250410,120,BLK_120S,10,베이35A 론지용접,7,2025-04-11 00:17:06,2025-04-11 00:38:28,21.4,35A,베이35A,raw,
b140_heavy_work_r1,Proposed,Medium (81-140),140,heavy_work,209.75,1,20250410,120,BLK_120S,10,베이35A 수정,8,2025-04-11 00:38:28,2025-04-11 01:05:35,27.1,35A,베이35A,raw,
b140_heavy_work_r1,Proposed,Medium (81-140),140,heavy_work,209.75,1,20250410,19,BLK_19P,11,판계,1,2025-04-10 13:33:36,2025-04-10 14:03:36,30.0,,공통,raw,
b140_heavy_work_r1,Proposed,Medium (81-140),140,heavy_work,209.75,1,20250410,19,BLK_19P,11,전면SAW,2,2025-04-10 21:27:41,2025-04-10 22:05:12,37.5,,공통,raw,
b140_heavy_work_r1,Proposed,Medium (81-140),140,heavy_work,209.75,1,20250410,19,BLK_19P,11,TurnOver,3,2025-04-10 22:05:12,2025-04-10 22:19:36,14.4,,공통,raw,
b140_heavy_work_r1,Proposed,Medium (81-140),140,heavy_work,209.75,1,20250410,19,BLK_19P,11,후면SAW,4,2025-04-10 22:55:34,2025-04-10 23:19:35,24.0,,공통,raw,
b140_heavy_work_r1,Proposed,Medium (81-140),140,heavy_work,209.75,1,20250410,19,BLK_19P,11,NC,5,2025-04-10 23:31:30,2025-04-11 00:08:57,37.4,,공통,raw,
b140_heavy_work_r1,Proposed,Medium (81-140),140,heavy_work,209.75,1,20250410,19,BLK_19P,11,베이36B 론지취부,6,2025-04-11 00:08:57,2025-04-11 00:58:45,49.8,36B,베이36B,raw,
b140_heavy_work_r1,Proposed,Medium (81-140),140,heavy_work,209.75,1,20250410,19,BLK_19P,11,베이36B 론지용접,7,2025-04-11 00:58:45,2025-04-11 01:16:01,17.3,36B,베이36B,raw,
b140_heavy_work_r1,Proposed,Medium (81-140),140,heavy_work,209.75,1,20250410,19,BLK_19P,11,베이36B 수정,8,2025-04-11 01:16:01,2025-04-11 01:45:47,29.8,36B,베이36B,raw,
b140_heavy_work_r1,Proposed,Medium (81-140),140,heavy_work,209.75,1,20250402,140,BLK_1S,4,판계,1,2025-04-02 08:45:36,2025-04-02 09:21:36,36.0,,공통,inferred_subassembly_member,1
b140_heavy_work_r1,Proposed,Medium (81-140),140,heavy_work,209.75,1,20250402,140,BLK_1S,4,전면SAW,2,2025-04-02 10:57:48,2025-04-02 11:37:52,40.1,,공통,inferred_subassembly_member,1
b140_heavy_work_r1,Proposed,Medium (81-140),140,heavy_work,209.75,1,20250402,140,BLK_1S,4,TurnOver,3,2025-04-02 11:37:52,2025-04-02 11:52:16,14.4,,공통,inferred_subassembly_member,1
b140_heavy_work_r1,Proposed,Medium (81-140),140,heavy_work,209.75,1,20250402,140,BLK_1S,4,후면SAW,4,2025-04-02 13:24:46,2025-04-02 13:52:08,27.4,,공통,inferred_subassembly_member,1
b140_heavy_work_r1,Proposed,Medium (81-140),140,heavy_work,209.75,1,20250402,140,BLK_1S,4,NC,5,2025-04-02 14:20:38,2025-04-02 15:21:25,60.8,,공통,inferred_subassembly_member,1
b140_heavy_work_r1,Proposed,Medium (81-140),140,heavy_work,209.75,1,20250402,140,BLK_1S,4,베이36B 론지취부,6,2025-04-02 15:21:25,2025-04-02 17:05:49,104.4,35A,베이36B,inferred_subassembly_member,1
b140_heavy_work_r1,Proposed,Medium (81-140),140,heavy_work,209.75,1,20250402,140,BLK_1S,4,베이36B 론지용접,7,2025-04-02 17:05:49,2025-04-02 17:37:15,31.4,35A,베이36B,inferred_subassembly_member,1
b140_heavy_work_r1,Proposed,Medium (81-140),140,heavy_work,209.75,1,20250402,140,BLK_1S,4,베이36B 수정,8,2025-04-02 17:37:15,2025-04-02 18:41:20,64.1,35A,베이36B,inferred_subassembly_member,1
b140_heavy_work_r1,Proposed,Medium (81-140),140,heavy_work,209.75,1,20250405,138,BLK_55S,14,판계,1,2025-04-05 10:21:36,2025-04-05 10:57:36,36.0,,공통,inferred_subassembly_member,55
b140_heavy_work_r1,Proposed,Medium (81-140),140,heavy_work,209.75,1,20250405,138,BLK_55S,14,전면SAW,2,2025-04-05 13:42:34,2025-04-05 14:22:28,39.9,,공통,inferred_subassembly_member,55
b140_heavy_work_r1,Proposed,Medium (81-140),140,heavy_work,209.75,1,20250405,138,BLK_55S,14,TurnOver,3,2025-04-05 14:22:28,2025-04-05 14:36:52,14.4,,공통,inferred_subassembly_member,55
b140_heavy_work_r1,Proposed,Medium (81-140),140,heavy_work,209.75,1,20250405,138,BLK_55S,14,후면SAW,4,2025-04-05 16:06:25,2025-04-05 16:33:35,27.2,,공통,inferred_subassembly_member,55
b140_heavy_work_r1,Proposed,Medium (81-140),140,heavy_work,209.75,1,20250405,138,BLK_55S,14,NC,5,2025-04-05 17:20:15,2025-04-05 18:11:31,51.3,,공통,inferred_subassembly_member,55
b140_heavy_work_r1,Proposed,Medium (81-140),140,heavy_work,209.75,1,20250405,138,BLK_55S,14,베이35A 론지취부,6,2025-04-05 18:11:31,2025-04-05 20:08:31,117.0,35A,베이35A,inferred_subassembly_member,55
b140_heavy_work_r1,Proposed,Medium (81-140),140,heavy_work,209.75,1,20250405,138,BLK_55S,14,베이35A 론지용접,7,2025-04-05 20:08:31,2025-04-05 20:42:07,33.6,35A,베이35A,inferred_subassembly_member,55
b140_heavy_work_r1,Proposed,Medium (81-140),140,heavy_work,209.75,1,20250405,138,BLK_55S,14,베이35A 수정,8,2025-04-05 20:42:07,2025-04-05 21:54:07,72.0,35A,베이35A,inferred_subassembly_member,55
b140_heavy_work_r1,Proposed,Medium (81-140),140,heavy_work,209.75,1,20250408,137,BLK_89S,15,판계,1,2025-04-08 12:38:24,2025-04-08 13:20:24,42.0,,공통,inferred_subassembly_member,89
b140_heavy_work_r1,Proposed,Medium (81-140),140,heavy_work,209.75,1,20250408,137,BLK_89S,15,전면SAW,2,2025-04-08 20:12:12,2025-04-08 23:17:34,185.4,,공통,inferred_subassembly_member,89
b140_heavy_work_r1,Proposed,Medium (81-140),140,heavy_work,209.75,1,20250408,137,BLK_89S,15,TurnOver,3,2025-04-08 23:17:34,2025-04-08 23:31:58,14.4,,공통,inferred_subassembly_member,89
b140_heavy_work_r1,Proposed,Medium (81-140),140,heavy_work,209.75,1,20250408,137,BLK_89S,15,후면SAW,4,2025-04-08 23:31:58,2025-04-09 02:12:51,160.9,,공통,inferred_subassembly_member,89
b140_heavy_work_r1,Proposed,Medium (81-140),140,heavy_work,209.75,1,20250408,137,BLK_89S,15,NC,5,2025-04-09 02:12:51,2025-04-09 02:58:17,45.4,,공통,inferred_subassembly_member,89
b140_heavy_work_r1,Proposed,Medium (81-140),140,heavy_work,209.75,1,20250408,137,BLK_89S,15,베이36B 론지취부,6,2025-04-09 02:58:17,2025-04-09 04:00:41,62.4,36B,베이36B,inferred_subassembly_member,89
b140_heavy_work_r1,Proposed,Medium (81-140),140,heavy_work,209.75,1,20250408,137,BLK_89S,15,베이36B 론지용접,7,2025-04-09 04:00:41,2025-04-09 04:24:56,24.2,36B,베이36B,inferred_subassembly_member,89
b140_heavy_work_r1,Proposed,Medium (81-140),140,heavy_work,209.75,1,20250408,137,BLK_89S,15,베이36B 수정,8,2025-04-09 04:24:56,2025-04-09 05:02:36,37.7,36B,베이36B,inferred_subassembly_member,89
b140_heavy_work_r1,Proposed,Medium (81-140),140,heavy_work,209.75,1,20250402,139,BLK_54S,39,판계,1,2025-04-02 11:15:36,2025-04-02 11:51:36,36.0,,공통,inferred_subassembly_member,54
b140_heavy_work_r1,Proposed,Medium (81-140),140,heavy_work,209.75,1,20250402,139,BLK_54S,39,전면SAW,2,2025-04-02 15:25:50,2025-04-02 15:59:30,33.7,,공통,inferred_subassembly_member,54
b140_heavy_work_r1,Proposed,Medium (81-140),140,heavy_work,209.75,1,20250402,139,BLK_54S,39,TurnOver,3,2025-04-02 15:59:30,2025-04-02 16:13:54,14.4,,공통,inferred_subassembly_member,54
b140_heavy_work_r1,Proposed,Medium (81-140),140,heavy_work,209.75,1,20250402,139,BLK_54S,39,후면SAW,4,2025-04-02 16:41:43,2025-04-02 17:00:40,18.9,,공통,inferred_subassembly_member,54
b140_heavy_work_r1,Proposed,Medium (81-140),140,heavy_work,209.75,1,20250402,139,BLK_54S,39,NC,5,2025-04-02 18:01:25,2025-04-02 18:45:42,44.3,,공통,inferred_subassembly_member,54
b140_heavy_work_r1,Proposed,Medium (81-140),140,heavy_work,209.75,1,20250402,139,BLK_54S,39,베이36B 론지취부,6,2025-04-02 19:16:25,2025-04-02 20:10:25,54.0,36B,베이36B,inferred_subassembly_member,54
b140_heavy_work_r1,Proposed,Medium (81-140),140,heavy_work,209.75,1,20250402,139,BLK_54S,39,베이36B 론지용접,7,2025-04-02 20:10:25,2025-04-02 20:33:13,22.8,36B,베이36B,inferred_subassembly_member,54
b140_heavy_work_r1,Proposed,Medium (81-140),140,heavy_work,209.75,1,20250402,139,BLK_54S,39,베이36B 수정,8,2025-04-02 20:33:13,2025-04-02 21:05:37,32.4,36B,베이36B,inferred_subassembly_member,54
