grid_case_id,method_label,block_id,block_name,sequence,process_name,process_index,start_time,end_time,duration_min,assigned_bay,machine_type
b190_base_r1,LPT,5,BLK_5S,1,판계,1,2025-05-02 08:00:00,2025-05-02 08:45:00,45.0,,공통
b190_base_r1,LPT,5,BLK_5S,1,전면SAW,2,2025-05-02 08:45:00,2025-05-02 11:08:50,143.8,,공통
b190_base_r1,LPT,5,BLK_5S,1,TurnOver,3,2025-05-02 11:08:50,2025-05-02 11:20:50,12.0,,공통
b190_base_r1,LPT,5,BLK_5S,1,후면SAW,4,2025-05-02 11:20:50,2025-05-02 13:24:44,123.9,,공통
b190_base_r1,LPT,5,BLK_5S,1,NC,5,2025-05-02 13:24:44,2025-05-02 14:16:12,51.5,,공통
b190_base_r1,LPT,5,BLK_5S,1,베이35A 론지취부,6,2025-05-02 14:16:12,2025-05-02 15:25:42,69.5,35A,베이35A
b190_base_r1,LPT,5,BLK_5S,1,베이35A 론지용접,7,2025-05-02 15:25:42,2025-05-02 15:48:54,23.2,35A,베이35A
b190_base_r1,LPT,5,BLK_5S,1,베이35A 수정,8,2025-05-02 15:48:54,2025-05-02 16:31:18,42.4,35A,베이35A
b190_base_r1,LPT,1,BLK_1C,2,판계,1,2025-05-02 08:45:00,2025-05-02 09:15:00,30.0,,공통
b190_base_r1,LPT,1,BLK_1C,2,전면SAW,2,2025-05-02 11:08:50,2025-05-02 11:40:15,31.4,,공통
b190_base_r1,LPT,1,BLK_1C,2,TurnOver,3,2025-05-02 11:40:15,2025-05-02 11:52:15,12.0,,공통
b190_base_r1,LPT,1,BLK_1C,2,후면SAW,4,2025-05-02 13:24:44,2025-05-02 13:44:56,20.2,,공통
b190_base_r1,LPT,1,BLK_1C,2,NC,5,2025-05-02 14:16:12,2025-05-02 14:56:06,39.9,,공통
b190_base_r1,LPT,1,BLK_1C,2,베이36B 론지취부,6,2025-05-02 14:56:06,2025-05-02 16:02:06,66.0,36B,베이36B
b190_base_r1,LPT,1,BLK_1C,2,베이36B 론지용접,7,2025-05-02 16:02:06,2025-05-02 16:24:42,22.6,36B,베이36B
b190_base_r1,LPT,1,BLK_1C,2,베이36B 수정,8,2025-05-02 16:24:42,2025-05-02 17:04:54,40.2,36B,베이36B
b190_base_r1,LPT,10,BLK_10P,3,판계,1,2025-05-02 09:15:00,2025-05-02 10:00:00,45.0,,공통
b190_base_r1,LPT,10,BLK_10P,3,전면SAW,2,2025-05-02 11:40:15,2025-05-02 14:03:33,143.3,,공통
b190_base_r1,LPT,10,BLK_10P,3,TurnOver,3,2025-05-02 14:03:33,2025-05-02 14:15:33,12.0,,공통
b190_base_r1,LPT,10,BLK_10P,3,후면SAW,4,2025-05-02 14:15:33,2025-05-02 16:18:57,123.4,,공통
b190_base_r1,LPT,10,BLK_10P,3,NC,5,2025-05-02 16:18:57,2025-05-02 17:09:42,50.8,,공통
b190_base_r1,LPT,10,BLK_10P,3,베이35A 론지취부,6,2025-05-02 17:09:42,2025-05-02 18:01:42,52.0,35A,베이35A
b190_base_r1,LPT,10,BLK_10P,3,베이35A 론지용접,7,2025-05-02 18:01:42,2025-05-02 18:21:54,20.2,35A,베이35A
b190_base_r1,LPT,10,BLK_10P,3,베이35A 수정,8,2025-05-02 18:21:54,2025-05-02 18:53:18,31.4,35A,베이35A
b190_base_r1,LPT,21,BLK_21S,4,판계,1,2025-05-02 10:00:00,2025-05-02 10:30:00,30.0,,공통
b190_base_r1,LPT,21,BLK_21S,4,전면SAW,2,2025-05-02 14:03:33,2025-05-02 14:31:30,27.9,,공통
b190_base_r1,LPT,21,BLK_21S,4,TurnOver,3,2025-05-02 14:31:30,2025-05-02 14:43:30,12.0,,공통
b190_base_r1,LPT,21,BLK_21S,4,후면SAW,4,2025-05-02 16:18:57,2025-05-02 16:34:36,15.7,,공통
b190_base_r1,LPT,21,BLK_21S,4,NC,5,2025-05-02 17:09:42,2025-05-02 17:52:49,43.1,,공통
b190_base_r1,LPT,21,BLK_21S,4,베이36B 론지취부,6,2025-05-02 17:52:49,2025-05-02 18:51:49,59.0,36B,베이36B
b190_base_r1,LPT,21,BLK_21S,4,베이36B 론지용접,7,2025-05-02 18:51:49,2025-05-02 19:13:13,21.4,36B,베이36B
b190_base_r1,LPT,21,BLK_21S,4,베이36B 수정,8,2025-05-02 19:13:13,2025-05-02 19:49:01,35.8,36B,베이36B
b190_base_r1,LPT,9,BLK_9S,5,판계,1,2025-05-02 10:30:00,2025-05-02 10:58:00,28.0,,공통
b190_base_r1,LPT,9,BLK_9S,5,전면SAW,2,2025-05-02 14:31:30,2025-05-02 16:24:42,113.2,,공통
b190_base_r1,LPT,9,BLK_9S,5,TurnOver,3,2025-05-02 16:24:42,2025-05-02 16:36:42,12.0,,공통
b190_base_r1,LPT,9,BLK_9S,5,후면SAW,4,2025-05-02 16:36:42,2025-05-02 18:07:39,91.0,,공통
b190_base_r1,LPT,9,BLK_9S,5,NC,5,2025-05-02 18:07:39,2025-05-02 18:40:59,33.3,,공통
b190_base_r1,LPT,9,BLK_9S,5,베이35A 론지취부,6,2025-05-02 18:40:59,2025-05-02 19:46:59,66.0,35A,베이35A
b190_base_r1,LPT,9,BLK_9S,5,베이35A 론지용접,7,2025-05-02 19:46:59,2025-05-02 20:09:35,22.6,35A,베이35A
b190_base_r1,LPT,9,BLK_9S,5,베이35A 수정,8,2025-05-02 20:09:35,2025-05-02 20:49:47,40.2,35A,베이35A
b190_base_r1,LPT,38,BLK_38P,6,판계,1,2025-05-02 10:58:00,2025-05-02 11:23:00,25.0,,공통
b190_base_r1,LPT,38,BLK_38P,6,전면SAW,2,2025-05-02 16:24:42,2025-05-02 16:56:15,31.6,,공통
b190_base_r1,LPT,38,BLK_38P,6,TurnOver,3,2025-05-02 16:56:15,2025-05-02 17:08:15,12.0,,공통
b190_base_r1,LPT,38,BLK_38P,6,후면SAW,4,2025-05-02 18:07:39,2025-05-02 18:28:02,20.4,,공통
b190_base_r1,LPT,38,BLK_38P,6,NC,5,2025-05-02 18:40:59,2025-05-02 19:17:32,36.5,,공통
b190_base_r1,LPT,38,BLK_38P,6,베이36B 론지취부,6,2025-05-02 19:17:32,2025-05-02 20:37:32,80.0,36B,베이36B
b190_base_r1,LPT,38,BLK_38P,6,베이36B 론지용접,7,2025-05-02 20:37:32,2025-05-02 21:02:32,25.0,36B,베이36B
b190_base_r1,LPT,38,BLK_38P,6,베이36B 수정,8,2025-05-02 21:02:32,2025-05-02 21:51:32,49.0,36B,베이36B
b190_base_r1,LPT,25,BLK_25C,7,판계,1,2025-05-02 11:23:00,2025-05-02 11:53:00,30.0,,공통
b190_base_r1,LPT,25,BLK_25C,7,전면SAW,2,2025-05-02 16:56:15,2025-05-02 17:23:43,27.5,,공통
b190_base_r1,LPT,25,BLK_25C,7,TurnOver,3,2025-05-02 17:23:43,2025-05-02 17:35:43,12.0,,공통
b190_base_r1,LPT,25,BLK_25C,7,후면SAW,4,2025-05-02 18:28:02,2025-05-02 18:43:04,15.0,,공통
b190_base_r1,LPT,25,BLK_25C,7,NC,5,2025-05-02 19:17:32,2025-05-02 19:56:34,39.0,,공통
b190_base_r1,LPT,25,BLK_25C,7,베이35A 론지취부,6,2025-05-02 19:56:34,2025-05-02 20:52:04,55.5,35A,베이35A
b190_base_r1,LPT,25,BLK_25C,7,베이35A 론지용접,7,2025-05-02 20:52:04,2025-05-02 21:12:52,20.8,35A,베이35A
b190_base_r1,LPT,25,BLK_25C,7,베이35A 수정,8,2025-05-02 21:12:52,2025-05-02 21:46:28,33.6,35A,베이35A
b190_base_r1,LPT,17,BLK_17P,8,판계,1,2025-05-02 11:53:00,2025-05-02 12:28:00,35.0,,공통
b190_base_r1,LPT,17,BLK_17P,8,전면SAW,2,2025-05-02 17:23:43,2025-05-02 20:17:56,174.2,,공통
b190_base_r1,LPT,17,BLK_17P,8,TurnOver,3,2025-05-02 20:17:56,2025-05-02 20:29:56,12.0,,공통
b190_base_r1,LPT,17,BLK_17P,8,후면SAW,4,2025-05-02 20:29:56,2025-05-02 22:39:26,129.5,,공통
b190_base_r1,LPT,17,BLK_17P,8,NC,5,2025-05-02 22:39:26,2025-05-02 23:22:20,42.9,,공통
b190_base_r1,LPT,17,BLK_17P,8,베이36B 론지취부,6,2025-05-02 23:22:20,2025-05-03 00:38:50,76.5,36B,베이36B
b190_base_r1,LPT,17,BLK_17P,8,베이36B 론지용접,7,2025-05-03 00:38:50,2025-05-03 01:03:14,24.4,36B,베이36B
b190_base_r1,LPT,17,BLK_17P,8,베이36B 수정,8,2025-05-03 01:03:14,2025-05-03 01:50:02,46.8,36B,베이36B
b190_base_r1,LPT,42,BLK_42C,9,판계,1,2025-05-02 12:28:00,2025-05-02 12:53:00,25.0,,공통
b190_base_r1,LPT,42,BLK_42C,9,전면SAW,2,2025-05-02 20:17:56,2025-05-02 20:49:36,31.7,,공통
b190_base_r1,LPT,42,BLK_42C,9,TurnOver,3,2025-05-02 20:49:36,2025-05-02 21:01:36,12.0,,공통
b190_base_r1,LPT,42,BLK_42C,9,후면SAW,4,2025-05-02 22:39:26,2025-05-02 22:59:59,20.6,,공통
b190_base_r1,LPT,42,BLK_42C,9,NC,5,2025-05-02 23:22:20,2025-05-02 23:59:36,37.3,,공통
b190_base_r1,LPT,42,BLK_42C,9,베이35A 론지취부,6,2025-05-02 23:59:36,2025-05-03 01:16:06,76.5,35A,베이35A
b190_base_r1,LPT,42,BLK_42C,9,베이35A 론지용접,7,2025-05-03 01:16:06,2025-05-03 01:40:30,24.4,35A,베이35A
b190_base_r1,LPT,42,BLK_42C,9,베이35A 수정,8,2025-05-03 01:40:30,2025-05-03 02:27:18,46.8,35A,베이35A
b190_base_r1,LPT,13,BLK_13C,10,판계,1,2025-05-02 12:53:00,2025-05-02 13:26:00,33.0,,공통
b190_base_r1,LPT,13,BLK_13C,10,전면SAW,2,2025-05-02 20:49:36,2025-05-02 22:30:58,101.4,,공통
b190_base_r1,LPT,13,BLK_13C,10,TurnOver,3,2025-05-02 22:30:58,2025-05-02 22:42:58,12.0,,공통
b190_base_r1,LPT,13,BLK_13C,10,후면SAW,4,2025-05-02 22:59:59,2025-05-03 00:40:10,100.2,,공통
b190_base_r1,LPT,13,BLK_13C,10,NC,5,2025-05-03 00:40:10,2025-05-03 01:18:36,38.4,,공통
b190_base_r1,LPT,13,BLK_13C,10,베이36B 론지취부,6,2025-05-03 01:18:36,2025-05-03 02:14:06,55.5,36B,베이36B
b190_base_r1,LPT,13,BLK_13C,10,베이36B 론지용접,7,2025-05-03 02:14:06,2025-05-03 02:34:54,20.8,36B,베이36B
b190_base_r1,LPT,13,BLK_13C,10,베이36B 수정,8,2025-05-03 02:34:54,2025-05-03 03:08:30,33.6,36B,베이36B
b190_base_r1,LPT,29,BLK_29S,11,판계,1,2025-05-02 13:26:00,2025-05-02 13:51:00,25.0,,공통
b190_base_r1,LPT,29,BLK_29S,11,전면SAW,2,2025-05-02 22:30:58,2025-05-02 23:06:04,35.1,,공통
b190_base_r1,LPT,29,BLK_29S,11,TurnOver,3,2025-05-02 23:06:04,2025-05-02 23:18:04,12.0,,공통
b190_base_r1,LPT,29,BLK_29S,11,후면SAW,4,2025-05-03 00:40:10,2025-05-03 01:05:15,25.1,,공통
b190_base_r1,LPT,29,BLK_29S,11,NC,5,2025-05-03 01:18:36,2025-05-03 01:55:13,36.6,,공통
b190_base_r1,LPT,29,BLK_29S,11,베이35A 론지취부,6,2025-05-03 01:55:13,2025-05-03 03:22:13,87.0,35A,베이35A
b190_base_r1,LPT,29,BLK_29S,11,베이35A 론지용접,7,2025-05-03 03:22:13,2025-05-03 03:48:25,26.2,35A,베이35A
b190_base_r1,LPT,29,BLK_29S,11,베이35A 수정,8,2025-05-03 03:48:25,2025-05-03 04:41:49,53.4,35A,베이35A
b190_base_r1,LPT,6,BLK_6S,12,판계,1,2025-05-02 13:51:00,2025-05-02 14:24:00,33.0,,공통
b190_base_r1,LPT,6,BLK_6S,12,전면SAW,2,2025-05-02 23:06:04,2025-05-03 00:45:21,99.3,,공통
b190_base_r1,LPT,6,BLK_6S,12,TurnOver,3,2025-05-03 00:45:21,2025-05-03 00:57:21,12.0,,공통
b190_base_r1,LPT,6,BLK_6S,12,후면SAW,4,2025-05-03 01:05:15,2025-05-03 02:23:31,78.3,,공통
b190_base_r1,LPT,6,BLK_6S,12,NC,5,2025-05-03 02:23:31,2025-05-03 03:05:36,42.1,,공통
b190_base_r1,LPT,6,BLK_6S,12,베이36B 론지취부,6,2025-05-03 03:05:36,2025-05-03 04:08:06,62.5,36B,베이36B
b190_base_r1,LPT,6,BLK_6S,12,베이36B 론지용접,7,2025-05-03 04:08:06,2025-05-03 04:30:06,22.0,36B,베이36B
b190_base_r1,LPT,6,BLK_6S,12,베이36B 수정,8,2025-05-03 04:30:06,2025-05-03 05:08:06,38.0,36B,베이36B
b190_base_r1,LPT,2,BLK_2C,13,판계,1,2025-05-02 14:24:00,2025-05-02 14:54:00,30.0,,공통
b190_base_r1,LPT,2,BLK_2C,13,전면SAW,2,2025-05-03 00:45:21,2025-05-03 01:16:51,31.5,,공통
b190_base_r1,LPT,2,BLK_2C,13,TurnOver,3,2025-05-03 01:16:51,2025-05-03 01:28:51,12.0,,공통
b190_base_r1,LPT,2,BLK_2C,13,후면SAW,4,2025-05-03 02:23:31,2025-05-03 02:43:51,20.3,,공통
b190_base_r1,LPT,2,BLK_2C,13,NC,5,2025-05-03 03:05:36,2025-05-03 03:49:00,43.4,,공통
b190_base_r1,LPT,2,BLK_2C,13,베이35A 론지취부,6,2025-05-03 03:49:00,2025-05-03 04:55:00,66.0,35A,베이35A
b190_base_r1,LPT,2,BLK_2C,13,베이35A 론지용접,7,2025-05-03 04:55:00,2025-05-03 05:17:36,22.6,35A,베이35A
b190_base_r1,LPT,2,BLK_2C,13,베이35A 수정,8,2025-05-03 05:17:36,2025-05-03 05:57:48,40.2,35A,베이35A
b190_base_r1,LPT,33,BLK_33P,14,판계,1,2025-05-02 14:54:00,2025-05-02 15:06:00,12.0,,공통
b190_base_r1,LPT,33,BLK_33P,14,전면SAW,2,2025-05-03 01:16:51,2025-05-03 01:52:48,36.0,,공통
b190_base_r1,LPT,33,BLK_33P,14,TurnOver,3,2025-05-03 01:52:48,2025-05-03 02:04:48,12.0,,공통
b190_base_r1,LPT,33,BLK_33P,14,후면SAW,4,2025-05-03 02:43:51,2025-05-03 03:10:02,26.2,,공통
b190_base_r1,LPT,33,BLK_33P,14,NC,5,2025-05-03 03:49:00,2025-05-03 04:09:25,20.4,,공통
b190_base_r1,LPT,33,BLK_33P,14,베이36B 론지취부,6,2025-05-03 04:09:25,2025-05-03 04:47:25,38.0,36B,베이36B
b190_base_r1,LPT,33,BLK_33P,14,베이36B 론지용접,7,2025-05-03 04:47:25,2025-05-03 05:01:13,13.8,36B,베이36B
b190_base_r1,LPT,33,BLK_33P,14,베이36B 수정,8,2025-05-03 05:08:06,2025-05-03 05:30:42,22.6,36B,베이36B
b190_base_r1,LPT,128,BLK_128C,15,판계,1,2025-05-02 15:06:00,2025-05-02 15:36:00,30.0,,공통
b190_base_r1,LPT,128,BLK_128C,15,전면SAW,2,2025-05-03 01:52:48,2025-05-03 02:22:25,29.6,,공통
b190_base_r1,LPT,128,BLK_128C,15,TurnOver,3,2025-05-03 02:22:25,2025-05-03 02:34:25,12.0,,공통
b190_base_r1,LPT,128,BLK_128C,15,후면SAW,4,2025-05-03 03:10:02,2025-05-03 03:27:52,17.8,,공통
b190_base_r1,LPT,128,BLK_128C,15,NC,5,2025-05-03 04:09:25,2025-05-03 05:00:23,51.0,,공통
b190_base_r1,LPT,128,BLK_128C,15,베이36B 론지취부,6,2025-05-03 05:00:23,2025-05-03 06:44:53,104.5,36B,베이36B
b190_base_r1,LPT,128,BLK_128C,15,베이36B 론지용접,7,2025-05-03 06:44:53,2025-05-03 07:14:05,29.2,36B,베이36B
b190_base_r1,LPT,128,BLK_128C,15,베이36B 수정,8,2025-05-03 07:14:05,2025-05-03 08:18:29,64.4,36B,베이36B
b190_base_r1,LPT,118,BLK_118P,16,판계,1,2025-05-02 15:36:00,2025-05-02 16:03:00,27.0,,공통
b190_base_r1,LPT,118,BLK_118P,16,전면SAW,2,2025-05-03 02:22:25,2025-05-03 04:10:48,108.4,,공통
b190_base_r1,LPT,118,BLK_118P,16,TurnOver,3,2025-05-03 04:10:48,2025-05-03 04:22:48,12.0,,공통
b190_base_r1,LPT,118,BLK_118P,16,후면SAW,4,2025-05-03 04:22:48,2025-05-03 05:39:37,76.8,,공통
b190_base_r1,LPT,118,BLK_118P,16,NC,5,2025-05-03 05:39:37,2025-05-03 06:11:03,31.4,,공통
b190_base_r1,LPT,118,BLK_118P,16,베이35A 론지취부,6,2025-05-03 06:11:03,2025-05-03 06:42:03,31.0,35A,베이35A
b190_base_r1,LPT,118,BLK_118P,16,베이35A 론지용접,7,2025-05-03 06:42:03,2025-05-03 06:54:39,12.6,35A,베이35A
b190_base_r1,LPT,118,BLK_118P,16,베이35A 수정,8,2025-05-03 06:54:39,2025-05-03 07:12:51,18.2,35A,베이35A
b190_base_r1,LPT,78,BLK_78C,17,판계,1,2025-05-02 16:03:00,2025-05-02 16:23:00,20.0,,공통
b190_base_r1,LPT,78,BLK_78C,17,전면SAW,2,2025-05-03 04:10:48,2025-05-03 04:43:27,32.6,,공통
b190_base_r1,LPT,78,BLK_78C,17,TurnOver,3,2025-05-03 04:43:27,2025-05-03 04:55:27,12.0,,공통
b190_base_r1,LPT,78,BLK_78C,17,후면SAW,4,2025-05-03 05:39:37,2025-05-03 06:01:27,21.8,,공통
b190_base_r1,LPT,78,BLK_78C,17,NC,5,2025-05-03 06:11:03,2025-05-03 06:36:50,25.8,,공통
b190_base_r1,LPT,78,BLK_78C,17,베이36B 론지취부,6,2025-05-03 06:44:53,2025-05-03 08:32:53,108.0,36B,베이36B
b190_base_r1,LPT,78,BLK_78C,17,베이36B 론지용접,7,2025-05-03 08:32:53,2025-05-03 09:49:41,76.8,36B,베이36B
b190_base_r1,LPT,78,BLK_78C,17,베이36B 수정,8,2025-05-03 09:49:41,2025-05-03 09:56:53,7.2,36B,베이36B
b190_base_r1,LPT,178,BLK_178P,18,판계,1,2025-05-02 16:23:00,2025-05-02 16:50:00,27.0,,공통
b190_base_r1,LPT,178,BLK_178P,18,전면SAW,2,2025-05-03 04:43:27,2025-05-03 06:34:30,111.1,,공통
b190_base_r1,LPT,178,BLK_178P,18,TurnOver,3,2025-05-03 06:34:30,2025-05-03 06:46:30,12.0,,공통
b190_base_r1,LPT,178,BLK_178P,18,후면SAW,4,2025-05-03 06:46:30,2025-05-03 08:05:27,79.0,,공통
b190_base_r1,LPT,178,BLK_178P,18,NC,5,2025-05-03 08:05:27,2025-05-03 08:35:46,30.3,,공통
b190_base_r1,LPT,178,BLK_178P,18,베이35A 론지취부,6,2025-05-03 08:35:46,2025-05-03 09:03:16,27.5,35A,베이35A
b190_base_r1,LPT,178,BLK_178P,18,베이35A 론지용접,7,2025-05-03 09:03:16,2025-05-03 09:15:16,12.0,35A,베이35A
b190_base_r1,LPT,178,BLK_178P,18,베이35A 수정,8,2025-05-03 09:15:16,2025-05-03 09:31:16,16.0,35A,베이35A
b190_base_r1,LPT,88,BLK_88S,19,판계,1,2025-05-02 16:50:00,2025-05-02 17:20:00,30.0,,공통
b190_base_r1,LPT,88,BLK_88S,19,전면SAW,2,2025-05-03 06:34:30,2025-05-03 07:07:45,33.2,,공통
b190_base_r1,LPT,88,BLK_88S,19,TurnOver,3,2025-05-03 07:07:45,2025-05-03 07:19:45,12.0,,공통
b190_base_r1,LPT,88,BLK_88S,19,후면SAW,4,2025-05-03 08:05:27,2025-05-03 08:28:04,22.6,,공통
b190_base_r1,LPT,88,BLK_88S,19,NC,5,2025-05-03 08:35:46,2025-05-03 09:26:29,50.7,,공통
b190_base_r1,LPT,88,BLK_88S,19,베이36B 론지취부,6,2025-05-03 09:26:29,2025-05-03 10:35:59,69.5,36B,베이36B
b190_base_r1,LPT,88,BLK_88S,19,베이36B 론지용접,7,2025-05-03 10:35:59,2025-05-03 10:59:11,23.2,36B,베이36B
b190_base_r1,LPT,88,BLK_88S,19,베이36B 수정,8,2025-05-03 10:59:11,2025-05-03 11:41:35,42.4,36B,베이36B
b190_base_r1,LPT,41,BLK_41P,20,판계,1,2025-05-02 17:20:00,2025-05-02 17:40:00,20.0,,공통
b190_base_r1,LPT,41,BLK_41P,20,전면SAW,2,2025-05-03 07:07:45,2025-05-03 07:42:15,34.5,,공통
b190_base_r1,LPT,41,BLK_41P,20,TurnOver,3,2025-05-03 07:42:15,2025-05-03 07:54:15,12.0,,공통
b190_base_r1,LPT,41,BLK_41P,20,후면SAW,4,2025-05-03 08:28:04,2025-05-03 08:52:21,24.3,,공통
b190_base_r1,LPT,41,BLK_41P,20,NC,5,2025-05-03 09:26:29,2025-05-03 09:54:35,28.1,,공통
b190_base_r1,LPT,41,BLK_41P,20,베이35A 론지취부,6,2025-05-03 09:54:35,2025-05-03 10:57:05,62.5,35A,베이35A
b190_base_r1,LPT,41,BLK_41P,20,베이35A 론지용접,7,2025-05-03 10:57:05,2025-05-03 11:19:05,22.0,35A,베이35A
b190_base_r1,LPT,41,BLK_41P,20,베이35A 수정,8,2025-05-03 11:19:05,2025-05-03 11:57:05,38.0,35A,베이35A
b190_base_r1,LPT,91,BLK_91P,21,판계,1,2025-05-02 17:40:00,2025-05-02 17:52:00,12.0,,공통
b190_base_r1,LPT,91,BLK_91P,21,전면SAW,2,2025-05-03 07:42:15,2025-05-03 08:19:14,37.0,,공통
b190_base_r1,LPT,91,BLK_91P,21,TurnOver,3,2025-05-03 08:19:14,2025-05-03 08:31:14,12.0,,공통
b190_base_r1,LPT,91,BLK_91P,21,후면SAW,4,2025-05-03 08:52:21,2025-05-03 09:19:53,27.5,,공통
b190_base_r1,LPT,91,BLK_91P,21,NC,5,2025-05-03 09:54:35,2025-05-03 10:16:00,21.4,,공통
b190_base_r1,LPT,91,BLK_91P,21,베이36B 론지취부,6,2025-05-03 10:35:59,2025-05-03 11:24:29,48.5,36B,베이36B
b190_base_r1,LPT,91,BLK_91P,21,베이36B 론지용접,7,2025-05-03 11:24:29,2025-05-03 11:44:05,19.6,36B,베이36B
b190_base_r1,LPT,91,BLK_91P,21,베이36B 수정,8,2025-05-03 11:44:05,2025-05-03 12:13:17,29.2,36B,베이36B
b190_base_r1,LPT,98,BLK_98C,1,판계,1,2025-05-03 08:00:00,2025-05-03 08:30:00,30.0,,공통
b190_base_r1,LPT,98,BLK_98C,1,전면SAW,2,2025-05-03 08:30:00,2025-05-03 09:01:22,31.4,,공통
b190_base_r1,LPT,98,BLK_98C,1,TurnOver,3,2025-05-03 09:01:22,2025-05-03 09:13:22,12.0,,공통
b190_base_r1,LPT,98,BLK_98C,1,후면SAW,4,2025-05-03 09:19:53,2025-05-03 09:40:03,20.2,,공통
b190_base_r1,LPT,98,BLK_98C,1,NC,5,2025-05-03 10:16:00,2025-05-03 11:03:16,47.3,,공통
b190_base_r1,LPT,98,BLK_98C,1,베이35A 론지취부,6,2025-05-03 11:03:16,2025-05-03 12:02:16,59.0,35A,베이35A
b190_base_r1,LPT,98,BLK_98C,1,베이35A 론지용접,7,2025-05-03 12:02:16,2025-05-03 12:23:40,21.4,35A,베이35A
b190_base_r1,LPT,98,BLK_98C,1,베이35A 수정,8,2025-05-03 12:23:40,2025-05-03 12:59:28,35.8,35A,베이35A
b190_base_r1,LPT,14,BLK_14P,2,판계,1,2025-05-03 08:30:00,2025-05-03 09:15:00,45.0,,공통
b190_base_r1,LPT,14,BLK_14P,2,전면SAW,2,2025-05-03 09:15:00,2025-05-03 12:11:43,176.7,,공통
b190_base_r1,LPT,14,BLK_14P,2,TurnOver,3,2025-05-03 12:11:43,2025-05-03 12:23:43,12.0,,공통
b190_base_r1,LPT,14,BLK_14P,2,후면SAW,4,2025-05-03 12:23:43,2025-05-03 14:35:13,131.5,,공통
b190_base_r1,LPT,14,BLK_14P,2,NC,5,2025-05-03 14:35:13,2025-05-03 15:28:31,53.3,,공통
b190_base_r1,LPT,14,BLK_14P,2,베이36B 론지취부,6,2025-05-03 15:28:31,2025-05-03 16:31:01,62.5,36B,베이36B
b190_base_r1,LPT,14,BLK_14P,2,베이36B 론지용접,7,2025-05-03 16:31:01,2025-05-03 16:53:01,22.0,36B,베이36B
b190_base_r1,LPT,14,BLK_14P,2,베이36B 수정,8,2025-05-03 16:53:01,2025-05-03 17:31:01,38.0,36B,베이36B
b190_base_r1,LPT,50,BLK_50P,3,판계,1,2025-05-03 09:15:00,2025-05-03 09:45:00,30.0,,공통
b190_base_r1,LPT,50,BLK_50P,3,전면SAW,2,2025-05-03 12:11:43,2025-05-03 12:43:14,31.5,,공통
b190_base_r1,LPT,50,BLK_50P,3,TurnOver,3,2025-05-03 12:43:14,2025-05-03 12:55:14,12.0,,공통
b190_base_r1,LPT,50,BLK_50P,3,후면SAW,4,2025-05-03 14:35:13,2025-05-03 14:55:34,20.4,,공통
b190_base_r1,LPT,50,BLK_50P,3,NC,5,2025-05-03 15:28:31,2025-05-03 16:18:24,49.9,,공통
b190_base_r1,LPT,50,BLK_50P,3,베이35A 론지취부,6,2025-05-03 16:18:24,2025-05-03 17:41:54,83.5,35A,베이35A
b190_base_r1,LPT,50,BLK_50P,3,베이35A 론지용접,7,2025-05-03 17:41:54,2025-05-03 18:07:30,25.6,35A,베이35A
b190_base_r1,LPT,50,BLK_50P,3,베이35A 수정,8,2025-05-03 18:07:30,2025-05-03 18:58:42,51.2,35A,베이35A
b190_base_r1,LPT,37,BLK_37S,4,판계,1,2025-05-03 09:45:00,2025-05-03 10:18:00,33.0,,공통
b190_base_r1,LPT,37,BLK_37S,4,전면SAW,2,2025-05-03 12:43:14,2025-05-03 14:49:25,126.2,,공통
b190_base_r1,LPT,37,BLK_37S,4,TurnOver,3,2025-05-03 14:49:25,2025-05-03 15:01:25,12.0,,공통
b190_base_r1,LPT,37,BLK_37S,4,후면SAW,4,2025-05-03 15:01:25,2025-05-03 16:44:13,102.8,,공통
b190_base_r1,LPT,37,BLK_37S,4,NC,5,2025-05-03 16:44:13,2025-05-03 17:27:28,43.2,,공통
b190_base_r1,LPT,37,BLK_37S,4,베이36B 론지취부,6,2025-05-03 17:27:28,2025-05-03 19:04:58,97.5,36B,베이36B
b190_base_r1,LPT,37,BLK_37S,4,베이36B 론지용접,7,2025-05-03 19:04:58,2025-05-03 19:32:58,28.0,36B,베이36B
b190_base_r1,LPT,37,BLK_37S,4,베이36B 수정,8,2025-05-03 19:32:58,2025-05-03 20:32:58,60.0,36B,베이36B
b190_base_r1,LPT,70,BLK_70C,5,판계,1,2025-05-03 10:18:00,2025-05-03 10:48:00,30.0,,공통
b190_base_r1,LPT,70,BLK_70C,5,전면SAW,2,2025-05-03 14:49:25,2025-05-03 15:23:24,34.0,,공통
b190_base_r1,LPT,70,BLK_70C,5,TurnOver,3,2025-05-03 15:23:24,2025-05-03 15:35:24,12.0,,공통
b190_base_r1,LPT,70,BLK_70C,5,후면SAW,4,2025-05-03 16:44:13,2025-05-03 17:07:49,23.6,,공통
b190_base_r1,LPT,70,BLK_70C,5,NC,5,2025-05-03 17:27:28,2025-05-03 18:10:12,42.7,,공통
b190_base_r1,LPT,70,BLK_70C,5,베이35A 론지취부,6,2025-05-03 18:10:12,2025-05-03 19:23:12,73.0,35A,베이35A
b190_base_r1,LPT,70,BLK_70C,5,베이35A 론지용접,7,2025-05-03 19:23:12,2025-05-03 19:47:00,23.8,35A,베이35A
b190_base_r1,LPT,70,BLK_70C,5,베이35A 수정,8,2025-05-03 19:47:00,2025-05-03 20:31:36,44.6,35A,베이35A
b190_base_r1,LPT,45,BLK_45P,6,판계,1,2025-05-03 10:48:00,2025-05-03 11:26:00,38.0,,공통
b190_base_r1,LPT,45,BLK_45P,6,전면SAW,2,2025-05-03 15:23:24,2025-05-03 17:07:48,104.4,,공통
b190_base_r1,LPT,45,BLK_45P,6,TurnOver,3,2025-05-03 17:07:48,2025-05-03 17:19:48,12.0,,공통
b190_base_r1,LPT,45,BLK_45P,6,후면SAW,4,2025-05-03 17:19:48,2025-05-03 18:42:45,83.0,,공통
b190_base_r1,LPT,45,BLK_45P,6,NC,5,2025-05-03 18:42:45,2025-05-03 19:29:00,46.2,,공통
b190_base_r1,LPT,45,BLK_45P,6,베이36B 론지취부,6,2025-05-03 19:29:00,2025-05-03 20:42:00,73.0,36B,베이36B
b190_base_r1,LPT,45,BLK_45P,6,베이36B 론지용접,7,2025-05-03 20:42:00,2025-05-03 21:05:48,23.8,36B,베이36B
b190_base_r1,LPT,45,BLK_45P,6,베이36B 수정,8,2025-05-03 21:05:48,2025-05-03 21:50:24,44.6,36B,베이36B
b190_base_r1,LPT,53,BLK_53P,7,판계,1,2025-05-03 11:26:00,2025-05-03 11:56:00,30.0,,공통
b190_base_r1,LPT,53,BLK_53P,7,전면SAW,2,2025-05-03 17:07:48,2025-05-03 17:48:41,40.9,,공통
b190_base_r1,LPT,53,BLK_53P,7,TurnOver,3,2025-05-03 17:48:41,2025-05-03 18:00:41,12.0,,공통
b190_base_r1,LPT,53,BLK_53P,7,후면SAW,4,2025-05-03 18:42:45,2025-05-03 19:15:26,32.7,,공통
b190_base_r1,LPT,53,BLK_53P,7,NC,5,2025-05-03 19:29:00,2025-05-03 20:09:33,40.6,,공통
b190_base_r1,LPT,53,BLK_53P,7,베이35A 론지취부,6,2025-05-03 20:09:33,2025-05-03 20:58:03,48.5,35A,베이35A
b190_base_r1,LPT,53,BLK_53P,7,베이35A 론지용접,7,2025-05-03 20:58:03,2025-05-03 21:17:39,19.6,35A,베이35A
b190_base_r1,LPT,53,BLK_53P,7,베이35A 수정,8,2025-05-03 21:17:39,2025-05-03 21:46:51,29.2,35A,베이35A
b190_base_r1,LPT,18,BLK_18C,8,판계,1,2025-05-03 11:56:00,2025-05-03 12:29:00,33.0,,공통
b190_base_r1,LPT,18,BLK_18C,8,전면SAW,2,2025-05-03 17:48:41,2025-05-03 19:25:22,96.7,,공통
b190_base_r1,LPT,18,BLK_18C,8,TurnOver,3,2025-05-03 19:25:22,2025-05-03 19:37:22,12.0,,공통
b190_base_r1,LPT,18,BLK_18C,8,후면SAW,4,2025-05-03 19:37:22,2025-05-03 20:53:16,75.9,,공통
b190_base_r1,LPT,18,BLK_18C,8,NC,5,2025-05-03 20:53:16,2025-05-03 21:35:30,42.2,,공통
b190_base_r1,LPT,18,BLK_18C,8,베이36B 론지취부,6,2025-05-03 21:35:30,2025-05-03 22:48:30,73.0,36B,베이36B
b190_base_r1,LPT,18,BLK_18C,8,베이36B 론지용접,7,2025-05-03 22:48:30,2025-05-03 23:12:18,23.8,36B,베이36B
b190_base_r1,LPT,18,BLK_18C,8,베이36B 수정,8,2025-05-03 23:12:18,2025-05-03 23:56:54,44.6,36B,베이36B
b190_base_r1,LPT,108,BLK_108S,9,판계,1,2025-05-03 12:29:00,2025-05-03 12:59:00,30.0,,공통
b190_base_r1,LPT,108,BLK_108S,9,전면SAW,2,2025-05-03 19:25:22,2025-05-03 20:12:37,47.3,,공통
b190_base_r1,LPT,108,BLK_108S,9,TurnOver,3,2025-05-03 20:12:37,2025-05-03 20:24:37,12.0,,공통
b190_base_r1,LPT,108,BLK_108S,9,후면SAW,4,2025-05-03 20:53:16,2025-05-03 21:34:20,41.1,,공통
b190_base_r1,LPT,108,BLK_108S,9,NC,5,2025-05-03 21:35:30,2025-05-03 22:25:39,50.2,,공통
b190_base_r1,LPT,108,BLK_108S,9,베이35A 론지취부,6,2025-05-03 22:25:39,2025-05-04 00:13:39,108.0,35A,베이35A
b190_base_r1,LPT,108,BLK_108S,9,베이35A 론지용접,7,2025-05-04 00:13:39,2025-05-04 00:43:27,29.8,35A,베이35A
b190_base_r1,LPT,108,BLK_108S,9,베이35A 수정,8,2025-05-04 00:43:27,2025-05-04 01:50:03,66.6,35A,베이35A
b190_base_r1,LPT,7,BLK_7C,10,판계,1,2025-05-03 12:59:00,2025-05-03 13:19:00,20.0,,공통
b190_base_r1,LPT,7,BLK_7C,10,전면SAW,2,2025-05-03 20:12:37,2025-05-03 21:11:47,59.2,,공통
b190_base_r1,LPT,7,BLK_7C,10,TurnOver,3,2025-05-03 21:11:47,2025-05-03 21:23:47,12.0,,공통
b190_base_r1,LPT,7,BLK_7C,10,후면SAW,4,2025-05-03 21:34:20,2025-05-03 22:31:04,56.7,,공통
b190_base_r1,LPT,7,BLK_7C,10,NC,5,2025-05-03 22:31:04,2025-05-03 22:59:06,28.0,,공통
b190_base_r1,LPT,7,BLK_7C,10,베이36B 론지취부,6,2025-05-03 22:59:06,2025-05-04 00:01:36,62.5,36B,베이36B
b190_base_r1,LPT,7,BLK_7C,10,베이36B 론지용접,7,2025-05-04 00:01:36,2025-05-04 00:23:36,22.0,36B,베이36B
b190_base_r1,LPT,7,BLK_7C,10,베이36B 수정,8,2025-05-04 00:23:36,2025-05-04 01:01:36,38.0,36B,베이36B
b190_base_r1,LPT,138,BLK_138P,11,판계,1,2025-05-03 13:19:00,2025-05-03 13:31:00,12.0,,공통
b190_base_r1,LPT,138,BLK_138P,11,전면SAW,2,2025-05-03 21:11:47,2025-05-03 21:55:16,43.5,,공통
b190_base_r1,LPT,138,BLK_138P,11,TurnOver,3,2025-05-03 21:55:16,2025-05-03 22:07:16,12.0,,공통
b190_base_r1,LPT,138,BLK_138P,11,후면SAW,4,2025-05-03 22:31:04,2025-05-03 23:07:11,36.1,,공통
b190_base_r1,LPT,138,BLK_138P,11,NC,5,2025-05-03 23:07:11,2025-05-03 23:30:24,23.2,,공통
b190_base_r1,LPT,138,BLK_138P,11,베이35A 론지취부,6,2025-05-04 00:13:39,2025-05-04 01:05:39,52.0,35A,베이35A
b190_base_r1,LPT,138,BLK_138P,11,베이35A 론지용접,7,2025-05-04 01:05:39,2025-05-04 01:25:51,20.2,35A,베이35A
b190_base_r1,LPT,138,BLK_138P,11,베이35A 수정,8,2025-05-04 01:50:03,2025-05-04 02:21:27,31.4,35A,베이35A
b190_base_r1,LPT,23,BLK_23S,1,판계,1,2025-05-04 08:00:00,2025-05-04 08:30:00,30.0,,공통
b190_base_r1,LPT,23,BLK_23S,1,전면SAW,2,2025-05-04 08:30:00,2025-05-04 10:08:30,98.5,,공통
b190_base_r1,LPT,23,BLK_23S,1,TurnOver,3,2025-05-04 10:08:30,2025-05-04 10:20:30,12.0,,공통
b190_base_r1,LPT,23,BLK_23S,1,후면SAW,4,2025-05-04 10:20:30,2025-05-04 11:38:05,77.6,,공통
b190_base_r1,LPT,23,BLK_23S,1,NC,5,2025-05-04 11:38:05,2025-05-04 12:31:53,53.8,,공통
b190_base_r1,LPT,23,BLK_23S,1,베이36B 론지취부,6,2025-05-04 12:31:53,2025-05-04 13:58:53,87.0,36B,베이36B
b190_base_r1,LPT,23,BLK_23S,1,베이36B 론지용접,7,2025-05-04 13:58:53,2025-05-04 14:25:05,26.2,36B,베이36B
b190_base_r1,LPT,23,BLK_23S,1,베이36B 수정,8,2025-05-04 14:25:05,2025-05-04 15:18:29,53.4,36B,베이36B
b190_base_r1,LPT,168,BLK_168P,2,판계,1,2025-05-04 08:30:00,2025-05-04 09:00:00,30.0,,공통
b190_base_r1,LPT,168,BLK_168P,2,전면SAW,2,2025-05-04 10:08:30,2025-05-04 10:50:19,41.8,,공통
b190_base_r1,LPT,168,BLK_168P,2,TurnOver,3,2025-05-04 10:50:19,2025-05-04 11:02:19,12.0,,공통
b190_base_r1,LPT,168,BLK_168P,2,후면SAW,4,2025-05-04 11:38:05,2025-05-04 12:11:58,33.9,,공통
b190_base_r1,LPT,168,BLK_168P,2,NC,5,2025-05-04 12:31:53,2025-05-04 13:13:24,41.5,,공통
b190_base_r1,LPT,168,BLK_168P,2,베이35A 론지취부,6,2025-05-04 13:13:24,2025-05-04 14:50:54,97.5,35A,베이35A
b190_base_r1,LPT,168,BLK_168P,2,베이35A 론지용접,7,2025-05-04 14:50:54,2025-05-04 15:18:54,28.0,35A,베이35A
b190_base_r1,LPT,168,BLK_168P,2,베이35A 수정,8,2025-05-04 15:18:54,2025-05-04 16:18:54,60.0,35A,베이35A
b190_base_r1,LPT,49,BLK_49C,3,판계,1,2025-05-04 09:00:00,2025-05-04 09:45:00,45.0,,공통
b190_base_r1,LPT,49,BLK_49C,3,전면SAW,2,2025-05-04 10:50:19,2025-05-04 12:37:09,106.8,,공통
b190_base_r1,LPT,49,BLK_49C,3,TurnOver,3,2025-05-04 12:37:09,2025-05-04 12:49:09,12.0,,공통
b190_base_r1,LPT,49,BLK_49C,3,후면SAW,4,2025-05-04 12:49:09,2025-05-04 14:04:44,75.6,,공통
b190_base_r1,LPT,49,BLK_49C,3,NC,5,2025-05-04 14:04:44,2025-05-04 14:51:56,47.2,,공통
b190_base_r1,LPT,49,BLK_49C,3,베이36B 론지취부,6,2025-05-04 14:51:56,2025-05-04 15:19:26,27.5,36B,베이36B
b190_base_r1,LPT,49,BLK_49C,3,베이36B 론지용접,7,2025-05-04 15:19:26,2025-05-04 15:35:26,16.0,36B,베이36B
b190_base_r1,LPT,49,BLK_49C,3,베이36B 수정,8,2025-05-04 15:35:26,2025-05-04 15:51:26,16.0,36B,베이36B
b190_base_r1,LPT,57,BLK_57C,4,판계,1,2025-05-04 09:45:00,2025-05-04 10:15:00,30.0,,공통
b190_base_r1,LPT,57,BLK_57C,4,전면SAW,2,2025-05-04 12:37:09,2025-05-04 13:10:31,33.4,,공통
b190_base_r1,LPT,57,BLK_57C,4,TurnOver,3,2025-05-04 13:10:31,2025-05-04 13:22:31,12.0,,공통
b190_base_r1,LPT,57,BLK_57C,4,후면SAW,4,2025-05-04 14:04:44,2025-05-04 14:27:31,22.8,,공통
b190_base_r1,LPT,57,BLK_57C,4,NC,5,2025-05-04 14:51:56,2025-05-04 15:36:49,44.9,,공통
b190_base_r1,LPT,57,BLK_57C,4,베이35A 론지취부,6,2025-05-04 15:36:49,2025-05-04 17:17:49,101.0,35A,베이35A
b190_base_r1,LPT,57,BLK_57C,4,베이35A 론지용접,7,2025-05-04 17:17:49,2025-05-04 17:46:25,28.6,35A,베이35A
b190_base_r1,LPT,57,BLK_57C,4,베이35A 수정,8,2025-05-04 17:46:25,2025-05-04 18:48:37,62.2,35A,베이35A
b190_base_r1,LPT,15,BLK_15P,5,판계,1,2025-05-04 10:15:00,2025-05-04 10:45:00,30.0,,공통
b190_base_r1,LPT,15,BLK_15P,5,전면SAW,2,2025-05-04 13:10:31,2025-05-04 14:31:39,81.1,,공통
b190_base_r1,LPT,15,BLK_15P,5,TurnOver,3,2025-05-04 14:31:39,2025-05-04 14:43:39,12.0,,공통
b190_base_r1,LPT,15,BLK_15P,5,후면SAW,4,2025-05-04 14:43:39,2025-05-04 16:00:16,76.6,,공통
b190_base_r1,LPT,15,BLK_15P,5,NC,5,2025-05-04 16:00:16,2025-05-04 16:51:09,50.9,,공통
b190_base_r1,LPT,15,BLK_15P,5,베이36B 론지취부,6,2025-05-04 16:51:09,2025-05-04 17:46:39,55.5,36B,베이36B
b190_base_r1,LPT,15,BLK_15P,5,베이36B 론지용접,7,2025-05-04 17:46:39,2025-05-04 18:07:27,20.8,36B,베이36B
b190_base_r1,LPT,15,BLK_15P,5,베이36B 수정,8,2025-05-04 18:07:27,2025-05-04 18:41:03,33.6,36B,베이36B
b190_base_r1,LPT,73,BLK_73P,6,판계,1,2025-05-04 10:45:00,2025-05-04 11:15:00,30.0,,공통
b190_base_r1,LPT,73,BLK_73P,6,전면SAW,2,2025-05-04 14:31:39,2025-05-04 15:09:09,37.5,,공통
b190_base_r1,LPT,73,BLK_73P,6,TurnOver,3,2025-05-04 15:09:09,2025-05-04 15:21:09,12.0,,공통
b190_base_r1,LPT,73,BLK_73P,6,후면SAW,4,2025-05-04 16:00:16,2025-05-04 16:28:28,28.2,,공통
b190_base_r1,LPT,73,BLK_73P,6,NC,5,2025-05-04 16:51:09,2025-05-04 17:38:27,47.3,,공통
b190_base_r1,LPT,73,BLK_73P,6,베이36B 론지취부,6,2025-05-04 17:46:39,2025-05-04 18:56:09,69.5,36B,베이36B
b190_base_r1,LPT,73,BLK_73P,6,베이36B 론지용접,7,2025-05-04 18:56:09,2025-05-04 19:19:21,23.2,36B,베이36B
b190_base_r1,LPT,73,BLK_73P,6,베이36B 수정,8,2025-05-04 19:19:21,2025-05-04 20:01:45,42.4,36B,베이36B
b190_base_r1,LPT,65,BLK_65C,7,판계,1,2025-05-04 11:15:00,2025-05-04 11:40:00,25.0,,공통
b190_base_r1,LPT,65,BLK_65C,7,전면SAW,2,2025-05-04 15:09:09,2025-05-04 15:46:09,37.0,,공통
b190_base_r1,LPT,65,BLK_65C,7,TurnOver,3,2025-05-04 15:46:09,2025-05-04 15:58:09,12.0,,공통
b190_base_r1,LPT,65,BLK_65C,7,후면SAW,4,2025-05-04 16:28:28,2025-05-04 16:56:03,27.6,,공통
b190_base_r1,LPT,65,BLK_65C,7,NC,5,2025-05-04 17:38:27,2025-05-04 18:16:18,37.9,,공통
b190_base_r1,LPT,65,BLK_65C,7,베이35A 론지취부,6,2025-05-04 18:16:18,2025-05-04 19:32:48,76.5,35A,베이35A
b190_base_r1,LPT,65,BLK_65C,7,베이35A 론지용접,7,2025-05-04 19:32:48,2025-05-04 19:57:12,24.4,35A,베이35A
b190_base_r1,LPT,65,BLK_65C,7,베이35A 수정,8,2025-05-04 19:57:12,2025-05-04 20:44:00,46.8,35A,베이35A
b190_base_r1,LPT,3,BLK_3C,8,판계,1,2025-05-04 11:40:00,2025-05-04 12:00:00,20.0,,공통
b190_base_r1,LPT,3,BLK_3C,8,전면SAW,2,2025-05-04 15:46:09,2025-05-04 16:26:16,40.1,,공통
b190_base_r1,LPT,3,BLK_3C,8,TurnOver,3,2025-05-04 16:26:16,2025-05-04 16:38:16,12.0,,공통
b190_base_r1,LPT,3,BLK_3C,8,후면SAW,4,2025-05-04 16:56:03,2025-05-04 17:27:42,31.7,,공통
b190_base_r1,LPT,3,BLK_3C,8,NC,5,2025-05-04 18:16:18,2025-05-04 18:49:03,32.8,,공통
b190_base_r1,LPT,3,BLK_3C,8,베이36B 론지취부,6,2025-05-04 18:56:09,2025-05-04 20:05:39,69.5,36B,베이36B
b190_base_r1,LPT,3,BLK_3C,8,베이36B 론지용접,7,2025-05-04 20:05:39,2025-05-04 20:28:51,23.2,36B,베이36B
b190_base_r1,LPT,3,BLK_3C,8,베이36B 수정,8,2025-05-04 20:28:51,2025-05-04 21:11:15,42.4,36B,베이36B
b190_base_r1,LPT,61,BLK_61C,9,판계,1,2025-05-04 12:00:00,2025-05-04 12:20:00,20.0,,공통
b190_base_r1,LPT,61,BLK_61C,9,전면SAW,2,2025-05-04 16:26:16,2025-05-04 17:02:22,36.1,,공통
b190_base_r1,LPT,61,BLK_61C,9,TurnOver,3,2025-05-04 17:02:22,2025-05-04 17:14:22,12.0,,공통
b190_base_r1,LPT,61,BLK_61C,9,후면SAW,4,2025-05-04 17:27:42,2025-05-04 17:54:05,26.4,,공통
b190_base_r1,LPT,61,BLK_61C,9,NC,5,2025-05-04 18:49:03,2025-05-04 19:19:55,30.9,,공통
b190_base_r1,LPT,61,BLK_61C,9,베이35A 론지취부,6,2025-05-04 19:32:48,2025-05-04 20:42:18,69.5,35A,베이35A
b190_base_r1,LPT,61,BLK_61C,9,베이35A 론지용접,7,2025-05-04 20:42:18,2025-05-04 21:05:30,23.2,35A,베이35A
b190_base_r1,LPT,61,BLK_61C,9,베이35A 수정,8,2025-05-04 21:05:30,2025-05-04 21:47:54,42.4,35A,베이35A
b190_base_r1,LPT,69,BLK_69C,10,판계,1,2025-05-04 12:20:00,2025-05-04 12:45:00,25.0,,공통
b190_base_r1,LPT,69,BLK_69C,10,전면SAW,2,2025-05-04 17:02:22,2025-05-04 17:35:01,32.6,,공통
b190_base_r1,LPT,69,BLK_69C,10,TurnOver,3,2025-05-04 17:35:01,2025-05-04 17:47:01,12.0,,공통
b190_base_r1,LPT,69,BLK_69C,10,후면SAW,4,2025-05-04 17:54:05,2025-05-04 18:15:55,21.8,,공통
b190_base_r1,LPT,69,BLK_69C,10,NC,5,2025-05-04 19:19:55,2025-05-04 19:53:48,33.9,,공통
b190_base_r1,LPT,69,BLK_69C,10,베이36B 론지취부,6,2025-05-04 20:05:39,2025-05-04 20:54:09,48.5,36B,베이36B
b190_base_r1,LPT,69,BLK_69C,10,베이36B 론지용접,7,2025-05-04 20:54:09,2025-05-04 21:13:45,19.6,36B,베이36B
b190_base_r1,LPT,69,BLK_69C,10,베이36B 수정,8,2025-05-04 21:13:45,2025-05-04 21:42:57,29.2,36B,베이36B
b190_base_r1,LPT,158,BLK_158P,11,판계,1,2025-05-04 12:45:00,2025-05-04 13:05:00,20.0,,공통
b190_base_r1,LPT,158,BLK_158P,11,전면SAW,2,2025-05-04 17:35:01,2025-05-04 18:08:30,33.5,,공통
b190_base_r1,LPT,158,BLK_158P,11,TurnOver,3,2025-05-04 18:08:30,2025-05-04 18:20:30,12.0,,공통
b190_base_r1,LPT,158,BLK_158P,11,후면SAW,4,2025-05-04 18:20:30,2025-05-04 18:43:27,22.9,,공통
b190_base_r1,LPT,158,BLK_158P,11,NC,5,2025-05-04 19:53:48,2025-05-04 20:22:18,28.5,,공통
b190_base_r1,LPT,158,BLK_158P,11,베이35A 론지취부,6,2025-05-04 20:42:18,2025-05-04 21:34:18,52.0,35A,베이35A
b190_base_r1,LPT,158,BLK_158P,11,베이35A 론지용접,7,2025-05-04 21:34:18,2025-05-04 21:54:30,20.2,35A,베이35A
b190_base_r1,LPT,158,BLK_158P,11,베이35A 수정,8,2025-05-04 21:54:30,2025-05-04 22:25:54,31.4,35A,베이35A
b190_base_r1,LPT,24,BLK_24C,12,판계,1,2025-05-04 13:05:00,2025-05-04 13:17:00,12.0,,공통
b190_base_r1,LPT,24,BLK_24C,12,전면SAW,2,2025-05-04 18:08:30,2025-05-04 18:47:53,39.4,,공통
b190_base_r1,LPT,24,BLK_24C,12,TurnOver,3,2025-05-04 18:47:53,2025-05-04 18:59:53,12.0,,공통
b190_base_r1,LPT,24,BLK_24C,12,후면SAW,4,2025-05-04 18:59:53,2025-05-04 19:30:34,30.7,,공통
b190_base_r1,LPT,24,BLK_24C,12,NC,5,2025-05-04 20:22:18,2025-05-04 20:43:31,21.2,,공통
b190_base_r1,LPT,24,BLK_24C,12,베이36B 론지취부,6,2025-05-04 20:54:09,2025-05-04 21:28:39,34.5,36B,베이36B
b190_base_r1,LPT,24,BLK_24C,12,베이36B 론지용접,7,2025-05-04 21:28:39,2025-05-04 21:41:51,13.2,36B,베이36B
b190_base_r1,LPT,24,BLK_24C,12,베이36B 수정,8,2025-05-04 21:42:57,2025-05-04 22:03:21,20.4,36B,베이36B
b190_base_r1,LPT,95,BLK_95S,13,판계,1,2025-05-04 13:17:00,2025-05-04 13:29:00,12.0,,공통
b190_base_r1,LPT,95,BLK_95S,13,전면SAW,2,2025-05-04 18:47:53,2025-05-04 19:32:35,44.7,,공통
b190_base_r1,LPT,95,BLK_95S,13,TurnOver,3,2025-05-04 19:32:35,2025-05-04 19:44:35,12.0,,공통
b190_base_r1,LPT,95,BLK_95S,13,후면SAW,4,2025-05-04 19:44:35,2025-05-04 20:22:17,37.7,,공통
b190_base_r1,LPT,95,BLK_95S,13,NC,5,2025-05-04 20:43:31,2025-05-04 21:04:43,21.2,,공통
b190_base_r1,LPT,95,BLK_95S,13,베이35A 론지취부,6,2025-05-04 21:34:18,2025-05-04 22:12:18,38.0,35A,베이35A
b190_base_r1,LPT,95,BLK_95S,13,베이35A 론지용접,7,2025-05-04 22:12:18,2025-05-04 22:26:06,13.8,35A,베이35A
b190_base_r1,LPT,95,BLK_95S,13,베이35A 수정,8,2025-05-04 22:26:06,2025-05-04 22:48:42,22.6,35A,베이35A
b190_base_r1,LPT,148,BLK_148S,1,판계,1,2025-05-05 08:00:00,2025-05-05 08:25:00,25.0,,공통
b190_base_r1,LPT,148,BLK_148S,1,전면SAW,2,2025-05-05 08:25:00,2025-05-05 08:59:33,34.6,,공통
b190_base_r1,LPT,148,BLK_148S,1,TurnOver,3,2025-05-05 08:59:33,2025-05-05 09:11:33,12.0,,공통
b190_base_r1,LPT,148,BLK_148S,1,후면SAW,4,2025-05-05 09:11:33,2025-05-05 09:35:54,24.4,,공통
b190_base_r1,LPT,148,BLK_148S,1,NC,5,2025-05-05 09:35:54,2025-05-05 10:10:25,34.5,,공통
b190_base_r1,LPT,148,BLK_148S,1,베이36B 론지취부,6,2025-05-05 10:10:25,2025-05-05 10:48:25,38.0,36B,베이36B
b190_base_r1,LPT,148,BLK_148S,1,베이36B 론지용접,7,2025-05-05 10:48:25,2025-05-05 11:06:13,17.8,36B,베이36B
b190_base_r1,LPT,148,BLK_148S,1,베이36B 수정,8,2025-05-05 11:06:13,2025-05-05 11:28:49,22.6,36B,베이36B
b190_base_r1,LPT,111,BLK_111S,2,판계,1,2025-05-05 08:25:00,2025-05-05 09:05:00,40.0,,공통
b190_base_r1,LPT,111,BLK_111S,2,전면SAW,2,2025-05-05 09:05:00,2025-05-05 12:15:00,190.0,,공통
b190_base_r1,LPT,111,BLK_111S,2,TurnOver,3,2025-05-05 12:15:00,2025-05-05 12:27:00,12.0,,공통
b190_base_r1,LPT,111,BLK_111S,2,후면SAW,4,2025-05-05 12:27:00,2025-05-05 14:51:10,144.2,,공통
b190_base_r1,LPT,111,BLK_111S,2,NC,5,2025-05-05 14:51:10,2025-05-05 15:38:26,47.3,,공통
b190_base_r1,LPT,111,BLK_111S,2,베이35A 론지취부,6,2025-05-05 15:38:26,2025-05-05 17:05:26,87.0,35A,베이35A
b190_base_r1,LPT,111,BLK_111S,2,베이35A 론지용접,7,2025-05-05 17:05:26,2025-05-05 17:31:38,26.2,35A,베이35A
b190_base_r1,LPT,111,BLK_111S,2,베이35A 수정,8,2025-05-05 17:31:38,2025-05-05 18:25:02,53.4,35A,베이35A
b190_base_r1,LPT,4,BLK_4C,3,판계,1,2025-05-05 09:05:00,2025-05-05 09:35:00,30.0,,공통
b190_base_r1,LPT,4,BLK_4C,3,전면SAW,2,2025-05-05 12:15:00,2025-05-05 14:08:24,113.4,,공통
b190_base_r1,LPT,4,BLK_4C,3,TurnOver,3,2025-05-05 14:08:24,2025-05-05 14:20:24,12.0,,공통
b190_base_r1,LPT,4,BLK_4C,3,후면SAW,4,2025-05-05 14:51:10,2025-05-05 16:45:23,114.2,,공통
b190_base_r1,LPT,4,BLK_4C,3,NC,5,2025-05-05 16:45:23,2025-05-05 17:40:48,55.4,,공통
b190_base_r1,LPT,4,BLK_4C,3,베이36B 론지취부,6,2025-05-05 17:40:48,2025-05-05 18:53:48,73.0,36B,베이36B
b190_base_r1,LPT,4,BLK_4C,3,베이36B 론지용접,7,2025-05-05 18:53:48,2025-05-05 19:17:36,23.8,36B,베이36B
b190_base_r1,LPT,4,BLK_4C,3,베이36B 수정,8,2025-05-05 19:17:36,2025-05-05 20:02:12,44.6,36B,베이36B
b190_base_r1,LPT,97,BLK_97P,4,판계,1,2025-05-05 09:35:00,2025-05-05 10:20:00,45.0,,공통
b190_base_r1,LPT,97,BLK_97P,4,전면SAW,2,2025-05-05 14:08:24,2025-05-05 16:54:19,165.9,,공통
b190_base_r1,LPT,97,BLK_97P,4,TurnOver,3,2025-05-05 16:54:19,2025-05-05 17:06:19,12.0,,공통
b190_base_r1,LPT,97,BLK_97P,4,후면SAW,4,2025-05-05 17:06:19,2025-05-05 19:31:22,145.1,,공통
b190_base_r1,LPT,97,BLK_97P,4,NC,5,2025-05-05 19:31:22,2025-05-05 20:36:04,64.7,,공통
b190_base_r1,LPT,97,BLK_97P,4,베이36B 론지취부,6,2025-05-05 20:36:04,2025-05-05 21:56:04,80.0,36B,베이36B
b190_base_r1,LPT,97,BLK_97P,4,베이36B 론지용접,7,2025-05-05 21:56:04,2025-05-05 22:21:04,25.0,36B,베이36B
b190_base_r1,LPT,97,BLK_97P,4,베이36B 수정,8,2025-05-05 22:21:04,2025-05-05 23:10:04,49.0,36B,베이36B
b190_base_r1,LPT,77,BLK_77C,5,판계,1,2025-05-05 10:20:00,2025-05-05 10:53:00,33.0,,공통
b190_base_r1,LPT,77,BLK_77C,5,전면SAW,2,2025-05-05 16:54:19,2025-05-05 18:57:40,123.3,,공통
b190_base_r1,LPT,77,BLK_77C,5,TurnOver,3,2025-05-05 18:57:40,2025-05-05 19:09:40,12.0,,공통
b190_base_r1,LPT,77,BLK_77C,5,후면SAW,4,2025-05-05 19:31:22,2025-05-05 21:37:12,125.8,,공통
b190_base_r1,LPT,77,BLK_77C,5,NC,5,2025-05-05 21:37:12,2025-05-05 22:18:12,41.0,,공통
b190_base_r1,LPT,77,BLK_77C,5,베이35A 론지취부,6,2025-05-05 22:18:12,2025-05-05 23:10:12,52.0,35A,베이35A
b190_base_r1,LPT,77,BLK_77C,5,베이35A 론지용접,7,2025-05-05 23:10:12,2025-05-05 23:30:24,20.2,35A,베이35A
b190_base_r1,LPT,77,BLK_77C,5,베이35A 수정,8,2025-05-05 23:30:24,2025-05-06 00:01:48,31.4,35A,베이35A
b190_base_r1,LPT,22,BLK_22S,6,판계,1,2025-05-05 10:53:00,2025-05-05 11:31:00,38.0,,공통
b190_base_r1,LPT,22,BLK_22S,6,전면SAW,2,2025-05-05 18:57:40,2025-05-05 20:54:58,117.3,,공통
b190_base_r1,LPT,22,BLK_22S,6,TurnOver,3,2025-05-05 20:54:58,2025-05-05 21:06:58,12.0,,공통
b190_base_r1,LPT,22,BLK_22S,6,후면SAW,4,2025-05-05 21:37:12,2025-05-05 23:11:55,94.7,,공통
b190_base_r1,LPT,22,BLK_22S,6,NC,5,2025-05-05 23:11:55,2025-05-06 00:02:42,50.8,,공통
b190_base_r1,LPT,22,BLK_22S,6,베이36B 론지취부,6,2025-05-06 00:02:42,2025-05-06 01:22:42,80.0,36B,베이36B
b190_base_r1,LPT,22,BLK_22S,6,베이36B 론지용접,7,2025-05-06 01:22:42,2025-05-06 01:47:42,25.0,36B,베이36B
b190_base_r1,LPT,22,BLK_22S,6,베이36B 수정,8,2025-05-06 01:47:42,2025-05-06 02:36:42,49.0,36B,베이36B
b190_base_r1,LPT,81,BLK_81C,7,판계,1,2025-05-05 11:31:00,2025-05-05 12:09:00,38.0,,공통
b190_base_r1,LPT,81,BLK_81C,7,전면SAW,2,2025-05-05 20:54:58,2025-05-05 22:44:07,109.2,,공통
b190_base_r1,LPT,81,BLK_81C,7,TurnOver,3,2025-05-05 22:44:07,2025-05-05 22:56:07,12.0,,공통
b190_base_r1,LPT,81,BLK_81C,7,후면SAW,4,2025-05-05 23:11:55,2025-05-06 00:39:12,87.3,,공통
b190_base_r1,LPT,81,BLK_81C,7,NC,5,2025-05-06 00:39:12,2025-05-06 01:26:52,47.7,,공통
b190_base_r1,LPT,81,BLK_81C,7,베이35A 론지취부,6,2025-05-06 01:26:52,2025-05-06 02:39:52,73.0,35A,베이35A
b190_base_r1,LPT,81,BLK_81C,7,베이35A 론지용접,7,2025-05-06 02:39:52,2025-05-06 03:03:40,23.8,35A,베이35A
b190_base_r1,LPT,81,BLK_81C,7,베이35A 수정,8,2025-05-06 03:03:40,2025-05-06 03:48:16,44.6,35A,베이35A
b190_base_r1,LPT,26,BLK_26P,8,판계,1,2025-05-05 12:09:00,2025-05-05 12:47:00,38.0,,공통
b190_base_r1,LPT,26,BLK_26P,8,전면SAW,2,2025-05-05 22:44:07,2025-05-06 00:36:21,112.2,,공통
b190_base_r1,LPT,26,BLK_26P,8,TurnOver,3,2025-05-06 00:36:21,2025-05-06 00:48:21,12.0,,공통
b190_base_r1,LPT,26,BLK_26P,8,후면SAW,4,2025-05-06 00:48:21,2025-05-06 02:18:27,90.1,,공통
b190_base_r1,LPT,26,BLK_26P,8,NC,5,2025-05-06 02:18:27,2025-05-06 03:06:09,47.7,,공통
b190_base_r1,LPT,26,BLK_26P,8,베이36B 론지취부,6,2025-05-06 03:06:09,2025-05-06 04:33:09,87.0,36B,베이36B
b190_base_r1,LPT,26,BLK_26P,8,베이36B 론지용접,7,2025-05-06 04:33:09,2025-05-06 04:59:21,26.2,36B,베이36B
b190_base_r1,LPT,26,BLK_26P,8,베이36B 수정,8,2025-05-06 04:59:21,2025-05-06 05:52:45,53.4,36B,베이36B
b190_base_r1,LPT,90,BLK_90C,9,판계,1,2025-05-05 12:47:00,2025-05-05 13:17:00,30.0,,공통
b190_base_r1,LPT,90,BLK_90C,9,전면SAW,2,2025-05-06 00:36:21,2025-05-06 01:07:52,31.5,,공통
b190_base_r1,LPT,90,BLK_90C,9,TurnOver,3,2025-05-06 01:07:52,2025-05-06 01:19:52,12.0,,공통
b190_base_r1,LPT,90,BLK_90C,9,후면SAW,4,2025-05-06 02:18:27,2025-05-06 02:38:46,20.3,,공통
b190_base_r1,LPT,90,BLK_90C,9,NC,5,2025-05-06 03:06:09,2025-05-06 03:46:07,40.0,,공통
b190_base_r1,LPT,90,BLK_90C,9,베이35A 론지취부,6,2025-05-06 03:46:07,2025-05-06 05:06:07,80.0,35A,베이35A
b190_base_r1,LPT,90,BLK_90C,9,베이35A 론지용접,7,2025-05-06 05:06:07,2025-05-06 05:31:07,25.0,35A,베이35A
b190_base_r1,LPT,90,BLK_90C,9,베이35A 수정,8,2025-05-06 05:31:07,2025-05-06 06:20:07,49.0,35A,베이35A
b190_base_r1,LPT,16,BLK_16C,10,판계,1,2025-05-05 13:17:00,2025-05-05 13:47:00,30.0,,공통
b190_base_r1,LPT,16,BLK_16C,10,전면SAW,2,2025-05-06 01:07:52,2025-05-06 02:42:39,94.8,,공통
b190_base_r1,LPT,16,BLK_16C,10,TurnOver,3,2025-05-06 02:42:39,2025-05-06 02:54:39,12.0,,공통
b190_base_r1,LPT,16,BLK_16C,10,후면SAW,4,2025-05-06 02:54:39,2025-05-06 04:08:49,74.2,,공통
b190_base_r1,LPT,16,BLK_16C,10,NC,5,2025-05-06 04:08:49,2025-05-06 05:01:25,52.6,,공통
b190_base_r1,LPT,16,BLK_16C,10,베이36B 론지취부,6,2025-05-06 05:01:25,2025-05-06 06:31:55,90.5,36B,베이36B
b190_base_r1,LPT,16,BLK_16C,10,베이36B 론지용접,7,2025-05-06 06:31:55,2025-05-06 06:58:43,26.8,36B,베이36B
b190_base_r1,LPT,16,BLK_16C,10,베이36B 수정,8,2025-05-06 06:58:43,2025-05-06 07:54:19,55.6,36B,베이36B
b190_base_r1,LPT,121,BLK_121C,11,판계,1,2025-05-05 13:47:00,2025-05-05 14:12:00,25.0,,공통
b190_base_r1,LPT,121,BLK_121C,11,전면SAW,2,2025-05-06 02:42:39,2025-05-06 03:18:49,36.2,,공통
b190_base_r1,LPT,121,BLK_121C,11,TurnOver,3,2025-05-06 03:18:49,2025-05-06 03:30:49,12.0,,공통
b190_base_r1,LPT,121,BLK_121C,11,후면SAW,4,2025-05-06 04:08:49,2025-05-06 04:35:19,26.5,,공통
b190_base_r1,LPT,121,BLK_121C,11,NC,5,2025-05-06 05:01:25,2025-05-06 05:38:03,36.6,,공통
b190_base_r1,LPT,121,BLK_121C,11,베이35A 론지취부,6,2025-05-06 05:38:03,2025-05-06 06:54:33,76.5,35A,베이35A
b190_base_r1,LPT,121,BLK_121C,11,베이35A 론지용접,7,2025-05-06 06:54:33,2025-05-06 07:18:57,24.4,35A,베이35A
b190_base_r1,LPT,121,BLK_121C,11,베이35A 수정,8,2025-05-06 07:18:57,2025-05-06 08:05:45,46.8,35A,베이35A
b190_base_r1,LPT,101,BLK_101S,12,판계,1,2025-05-05 14:12:00,2025-05-05 14:50:00,38.0,,공통
b190_base_r1,LPT,101,BLK_101S,12,전면SAW,2,2025-05-06 03:18:49,2025-05-06 04:48:57,90.1,,공통
b190_base_r1,LPT,101,BLK_101S,12,TurnOver,3,2025-05-06 04:48:57,2025-05-06 05:00:57,12.0,,공통
b190_base_r1,LPT,101,BLK_101S,12,후면SAW,4,2025-05-06 05:00:57,2025-05-06 06:10:52,69.9,,공통
b190_base_r1,LPT,101,BLK_101S,12,NC,5,2025-05-06 06:10:52,2025-05-06 06:55:52,45.0,,공통
b190_base_r1,LPT,101,BLK_101S,12,베이36B 론지취부,6,2025-05-06 06:55:52,2025-05-06 08:01:52,66.0,36B,베이36B
b190_base_r1,LPT,101,BLK_101S,12,베이36B 론지용접,7,2025-05-06 08:01:52,2025-05-06 08:24:28,22.6,36B,베이36B
b190_base_r1,LPT,101,BLK_101S,12,베이36B 수정,8,2025-05-06 08:24:28,2025-05-06 09:04:40,40.2,36B,베이36B
b190_base_r1,LPT,8,BLK_8P,13,판계,1,2025-05-05 14:50:00,2025-05-05 15:20:00,30.0,,공통
b190_base_r1,LPT,8,BLK_8P,13,전면SAW,2,2025-05-06 04:48:57,2025-05-06 05:29:07,40.2,,공통
b190_base_r1,LPT,8,BLK_8P,13,TurnOver,3,2025-05-06 05:29:07,2025-05-06 05:41:07,12.0,,공통
b190_base_r1,LPT,8,BLK_8P,13,후면SAW,4,2025-05-06 06:10:52,2025-05-06 06:42:37,31.8,,공통
b190_base_r1,LPT,8,BLK_8P,13,NC,5,2025-05-06 06:55:52,2025-05-06 07:36:34,40.7,,공통
b190_base_r1,LPT,8,BLK_8P,13,베이35A 론지취부,6,2025-05-06 07:36:34,2025-05-06 08:28:34,52.0,35A,베이35A
b190_base_r1,LPT,8,BLK_8P,13,베이35A 론지용접,7,2025-05-06 08:28:34,2025-05-06 08:48:46,20.2,35A,베이35A
b190_base_r1,LPT,8,BLK_8P,13,베이35A 수정,8,2025-05-06 08:48:46,2025-05-06 09:20:10,31.4,35A,베이35A
b190_base_r1,LPT,110,BLK_110C,14,판계,1,2025-05-05 15:20:00,2025-05-05 15:53:00,33.0,,공통
b190_base_r1,LPT,110,BLK_110C,14,전면SAW,2,2025-05-06 05:29:07,2025-05-06 06:50:21,81.2,,공통
b190_base_r1,LPT,110,BLK_110C,14,TurnOver,3,2025-05-06 06:50:21,2025-05-06 07:02:21,12.0,,공통
b190_base_r1,LPT,110,BLK_110C,14,후면SAW,4,2025-05-06 07:02:21,2025-05-06 08:04:09,61.8,,공통
b190_base_r1,LPT,110,BLK_110C,14,NC,5,2025-05-06 08:04:09,2025-05-06 08:44:08,40.0,,공통
b190_base_r1,LPT,110,BLK_110C,14,베이36B 론지취부,6,2025-05-06 08:44:08,2025-05-06 10:00:38,76.5,36B,베이36B
b190_base_r1,LPT,110,BLK_110C,14,베이36B 론지용접,7,2025-05-06 10:00:38,2025-05-06 10:25:02,24.4,36B,베이36B
b190_base_r1,LPT,110,BLK_110C,14,베이36B 수정,8,2025-05-06 10:25:02,2025-05-06 11:11:50,46.8,36B,베이36B
b190_base_r1,LPT,87,BLK_87C,15,판계,1,2025-05-05 15:53:00,2025-05-05 16:23:00,30.0,,공통
b190_base_r1,LPT,87,BLK_87C,15,전면SAW,2,2025-05-06 06:50:21,2025-05-06 07:22:04,31.7,,공통
b190_base_r1,LPT,87,BLK_87C,15,TurnOver,3,2025-05-06 07:22:04,2025-05-06 07:34:04,12.0,,공통
b190_base_r1,LPT,87,BLK_87C,15,후면SAW,4,2025-05-06 08:04:09,2025-05-06 08:24:46,20.6,,공통
b190_base_r1,LPT,87,BLK_87C,15,NC,5,2025-05-06 08:44:08,2025-05-06 09:25:27,41.3,,공통
b190_base_r1,LPT,87,BLK_87C,15,베이35A 론지취부,6,2025-05-06 09:25:27,2025-05-06 10:24:27,59.0,35A,베이35A
b190_base_r1,LPT,87,BLK_87C,15,베이35A 론지용접,7,2025-05-06 10:24:27,2025-05-06 10:45:51,21.4,35A,베이35A
b190_base_r1,LPT,87,BLK_87C,15,베이35A 수정,8,2025-05-06 10:45:51,2025-05-06 11:21:39,35.8,35A,베이35A
b190_base_r1,LPT,80,BLK_80C,16,판계,1,2025-05-05 16:23:00,2025-05-05 16:53:00,30.0,,공통
b190_base_r1,LPT,80,BLK_80C,16,전면SAW,2,2025-05-06 07:22:04,2025-05-06 07:51:45,29.7,,공통
b190_base_r1,LPT,80,BLK_80C,16,TurnOver,3,2025-05-06 07:51:45,2025-05-06 08:03:45,12.0,,공통
b190_base_r1,LPT,80,BLK_80C,16,후면SAW,4,2025-05-06 08:24:46,2025-05-06 08:42:43,17.9,,공통
b190_base_r1,LPT,80,BLK_80C,16,NC,5,2025-05-06 09:25:27,2025-05-06 10:03:52,38.4,,공통
b190_base_r1,LPT,80,BLK_80C,16,베이36B 론지취부,6,2025-05-06 10:03:52,2025-05-06 10:55:52,52.0,36B,베이36B
b190_base_r1,LPT,80,BLK_80C,16,베이36B 론지용접,7,2025-05-06 10:55:52,2025-05-06 11:16:04,20.2,36B,베이36B
b190_base_r1,LPT,80,BLK_80C,16,베이36B 수정,8,2025-05-06 11:16:04,2025-05-06 11:47:28,31.4,36B,베이36B
b190_base_r1,LPT,12,BLK_12P,17,판계,1,2025-05-05 16:53:00,2025-05-05 17:26:00,33.0,,공통
b190_base_r1,LPT,12,BLK_12P,17,전면SAW,2,2025-05-06 07:51:45,2025-05-06 09:08:00,76.2,,공통
b190_base_r1,LPT,12,BLK_12P,17,TurnOver,3,2025-05-06 09:08:00,2025-05-06 09:20:00,12.0,,공통
b190_base_r1,LPT,12,BLK_12P,17,후면SAW,4,2025-05-06 09:20:00,2025-05-06 10:17:16,57.3,,공통
b190_base_r1,LPT,12,BLK_12P,17,NC,5,2025-05-06 10:17:16,2025-05-06 10:54:42,37.4,,공통
b190_base_r1,LPT,12,BLK_12P,17,베이35A 론지취부,6,2025-05-06 10:54:42,2025-05-06 11:39:42,45.0,35A,베이35A
b190_base_r1,LPT,12,BLK_12P,17,베이35A 론지용접,7,2025-05-06 11:39:42,2025-05-06 11:58:42,19.0,35A,베이35A
b190_base_r1,LPT,12,BLK_12P,17,베이35A 수정,8,2025-05-06 11:58:42,2025-05-06 12:25:42,27.0,35A,베이35A
b190_base_r1,LPT,188,BLK_188C,1,판계,1,2025-05-06 08:00:00,2025-05-06 08:30:00,30.0,,공통
b190_base_r1,LPT,188,BLK_188C,1,전면SAW,2,2025-05-06 09:08:00,2025-05-06 09:35:10,27.2,,공통
b190_base_r1,LPT,188,BLK_188C,1,TurnOver,3,2025-05-06 09:35:10,2025-05-06 09:47:10,12.0,,공통
b190_base_r1,LPT,188,BLK_188C,1,후면SAW,4,2025-05-06 10:17:16,2025-05-06 10:31:54,14.6,,공통
b190_base_r1,LPT,188,BLK_188C,1,NC,5,2025-05-06 10:54:42,2025-05-06 11:37:39,43.0,,공통
b190_base_r1,LPT,188,BLK_188C,1,베이36B 론지취부,6,2025-05-06 11:37:39,2025-05-06 12:26:09,48.5,36B,베이36B
b190_base_r1,LPT,188,BLK_188C,1,베이36B 론지용접,7,2025-05-06 12:26:09,2025-05-06 12:45:45,19.6,36B,베이36B
b190_base_r1,LPT,188,BLK_188C,1,베이36B 수정,8,2025-05-06 12:45:45,2025-05-06 13:14:57,29.2,36B,베이36B
b190_base_r1,LPT,105,BLK_105S,2,판계,1,2025-05-06 08:30:00,2025-05-06 09:22:00,52.0,,공통
b190_base_r1,LPT,105,BLK_105S,2,전면SAW,2,2025-05-06 09:35:10,2025-05-06 12:42:48,187.6,,공통
b190_base_r1,LPT,105,BLK_105S,2,TurnOver,3,2025-05-06 12:42:48,2025-05-06 12:54:48,12.0,,공통
b190_base_r1,LPT,105,BLK_105S,2,후면SAW,4,2025-05-06 12:54:48,2025-05-06 15:39:48,165.0,,공통
b190_base_r1,LPT,105,BLK_105S,2,NC,5,2025-05-06 15:39:48,2025-05-06 16:55:18,75.5,,공통
b190_base_r1,LPT,105,BLK_105S,2,베이36B 론지취부,6,2025-05-06 16:55:18,2025-05-06 19:00:48,125.5,36B,베이36B
b190_base_r1,LPT,105,BLK_105S,2,베이36B 론지용접,7,2025-05-06 19:00:48,2025-05-06 19:33:36,32.8,36B,베이36B
b190_base_r1,LPT,105,BLK_105S,2,베이36B 수정,8,2025-05-06 19:33:36,2025-05-06 20:51:12,77.6,36B,베이36B
b190_base_r1,LPT,117,BLK_117P,3,판계,1,2025-05-06 09:22:00,2025-05-06 09:52:00,30.0,,공통
b190_base_r1,LPT,117,BLK_117P,3,전면SAW,2,2025-05-06 12:42:48,2025-05-06 13:16:13,33.4,,공통
b190_base_r1,LPT,117,BLK_117P,3,TurnOver,3,2025-05-06 13:16:13,2025-05-06 13:28:13,12.0,,공통
b190_base_r1,LPT,117,BLK_117P,3,후면SAW,4,2025-05-06 15:39:48,2025-05-06 16:02:39,22.9,,공통
b190_base_r1,LPT,117,BLK_117P,3,NC,5,2025-05-06 16:55:18,2025-05-06 17:40:08,44.8,,공통
b190_base_r1,LPT,117,BLK_117P,3,베이35A 론지취부,6,2025-05-06 17:40:08,2025-05-06 19:28:08,108.0,35A,베이35A
b190_base_r1,LPT,117,BLK_117P,3,베이35A 론지용접,7,2025-05-06 19:28:08,2025-05-06 19:57:56,29.8,35A,베이35A
b190_base_r1,LPT,117,BLK_117P,3,베이35A 수정,8,2025-05-06 19:57:56,2025-05-06 21:04:32,66.6,35A,베이35A
b190_base_r1,LPT,180,BLK_180P,4,판계,1,2025-05-06 09:52:00,2025-05-06 10:22:00,30.0,,공통
b190_base_r1,LPT,180,BLK_180P,4,전면SAW,2,2025-05-06 13:16:13,2025-05-06 16:26:13,190.0,,공통
b190_base_r1,LPT,180,BLK_180P,4,TurnOver,3,2025-05-06 16:26:13,2025-05-06 16:38:13,12.0,,공통
b190_base_r1,LPT,180,BLK_180P,4,후면SAW,4,2025-05-06 16:38:13,2025-05-06 19:23:13,165.0,,공통
b190_base_r1,LPT,180,BLK_180P,4,NC,5,2025-05-06 19:23:13,2025-05-06 20:34:11,71.0,,공통
b190_base_r1,LPT,180,BLK_180P,4,베이36B 론지취부,6,2025-05-06 20:34:11,2025-05-06 22:29:11,115.0,36B,베이36B
b190_base_r1,LPT,180,BLK_180P,4,베이36B 론지용접,7,2025-05-06 22:29:11,2025-05-06 23:00:11,31.0,36B,베이36B
b190_base_r1,LPT,180,BLK_180P,4,베이36B 수정,8,2025-05-06 23:00:11,2025-05-07 00:11:11,71.0,36B,베이36B
b190_base_r1,LPT,100,BLK_100C,5,판계,1,2025-05-06 10:22:00,2025-05-06 10:47:00,25.0,,공통
b190_base_r1,LPT,100,BLK_100C,5,전면SAW,2,2025-05-06 16:26:13,2025-05-06 16:58:58,32.8,,공통
b190_base_r1,LPT,100,BLK_100C,5,TurnOver,3,2025-05-06 16:58:58,2025-05-06 17:10:58,12.0,,공통
b190_base_r1,LPT,100,BLK_100C,5,후면SAW,4,2025-05-06 19:23:13,2025-05-06 19:45:12,22.0,,공통
b190_base_r1,LPT,100,BLK_100C,5,NC,5,2025-05-06 20:34:11,2025-05-06 21:11:27,37.3,,공통
b190_base_r1,LPT,100,BLK_100C,5,베이35A 론지취부,6,2025-05-06 21:11:27,2025-05-06 22:45:27,94.0,35A,베이35A
b190_base_r1,LPT,100,BLK_100C,5,베이35A 론지용접,7,2025-05-06 22:45:27,2025-05-06 23:12:51,27.4,35A,베이35A
b190_base_r1,LPT,100,BLK_100C,5,베이35A 수정,8,2025-05-06 23:12:51,2025-05-07 00:10:39,57.8,35A,베이35A
b190_base_r1,LPT,107,BLK_107C,6,판계,1,2025-05-06 10:47:00,2025-05-06 11:22:00,35.0,,공통
b190_base_r1,LPT,107,BLK_107C,6,전면SAW,2,2025-05-06 16:58:58,2025-05-06 19:41:28,162.5,,공통
b190_base_r1,LPT,107,BLK_107C,6,TurnOver,3,2025-05-06 19:41:28,2025-05-06 19:53:28,12.0,,공통
b190_base_r1,LPT,107,BLK_107C,6,후면SAW,4,2025-05-06 19:53:28,2025-05-06 22:15:14,141.8,,공통
b190_base_r1,LPT,107,BLK_107C,6,NC,5,2025-05-06 22:15:14,2025-05-06 22:55:58,40.7,,공통
b190_base_r1,LPT,107,BLK_107C,6,베이36B 론지취부,6,2025-05-06 22:55:58,2025-05-07 00:01:58,66.0,36B,베이36B
b190_base_r1,LPT,107,BLK_107C,6,베이36B 론지용접,7,2025-05-07 00:01:58,2025-05-07 00:24:34,22.6,36B,베이36B
b190_base_r1,LPT,107,BLK_107C,6,베이36B 수정,8,2025-05-07 00:24:34,2025-05-07 01:04:46,40.2,36B,베이36B
b190_base_r1,LPT,120,BLK_120C,7,판계,1,2025-05-06 11:22:00,2025-05-06 11:52:00,30.0,,공통
b190_base_r1,LPT,120,BLK_120C,7,전면SAW,2,2025-05-06 19:41:28,2025-05-06 20:08:42,27.2,,공통
b190_base_r1,LPT,120,BLK_120C,7,TurnOver,3,2025-05-06 20:08:42,2025-05-06 20:20:42,12.0,,공통
b190_base_r1,LPT,120,BLK_120C,7,후면SAW,4,2025-05-06 22:15:14,2025-05-06 22:29:56,14.7,,공통
b190_base_r1,LPT,120,BLK_120C,7,NC,5,2025-05-06 22:55:58,2025-05-06 23:34:21,38.4,,공통
b190_base_r1,LPT,120,BLK_120C,7,베이35A 론지취부,6,2025-05-06 23:34:21,2025-05-07 00:57:51,83.5,35A,베이35A
b190_base_r1,LPT,120,BLK_120C,7,베이35A 론지용접,7,2025-05-07 00:57:51,2025-05-07 01:23:27,25.6,35A,베이35A
b190_base_r1,LPT,120,BLK_120C,7,베이35A 수정,8,2025-05-07 01:23:27,2025-05-07 02:14:39,51.2,35A,베이35A
b190_base_r1,LPT,135,BLK_135C,8,판계,1,2025-05-06 11:52:00,2025-05-06 12:37:00,45.0,,공통
b190_base_r1,LPT,135,BLK_135C,8,전면SAW,2,2025-05-06 20:08:42,2025-05-06 22:15:06,126.4,,공통
b190_base_r1,LPT,135,BLK_135C,8,TurnOver,3,2025-05-06 22:15:06,2025-05-06 22:27:06,12.0,,공통
b190_base_r1,LPT,135,BLK_135C,8,후면SAW,4,2025-05-06 22:29:56,2025-05-07 00:01:09,91.2,,공통
b190_base_r1,LPT,135,BLK_135C,8,NC,5,2025-05-07 00:01:09,2025-05-07 00:50:27,49.3,,공통
b190_base_r1,LPT,135,BLK_135C,8,베이36B 론지취부,6,2025-05-07 00:50:27,2025-05-07 01:59:57,69.5,36B,베이36B
b190_base_r1,LPT,135,BLK_135C,8,베이36B 론지용접,7,2025-05-07 01:59:57,2025-05-07 02:23:09,23.2,36B,베이36B
b190_base_r1,LPT,135,BLK_135C,8,베이36B 수정,8,2025-05-07 02:23:09,2025-05-07 03:05:33,42.4,36B,베이36B
b190_base_r1,LPT,171,BLK_171S,9,판계,1,2025-05-06 12:37:00,2025-05-06 13:07:00,30.0,,공통
b190_base_r1,LPT,171,BLK_171S,9,전면SAW,2,2025-05-06 22:15:06,2025-05-06 22:46:23,31.3,,공통
b190_base_r1,LPT,171,BLK_171S,9,TurnOver,3,2025-05-06 22:46:23,2025-05-06 22:58:23,12.0,,공통
b190_base_r1,LPT,171,BLK_171S,9,후면SAW,4,2025-05-07 00:01:09,2025-05-07 00:21:12,20.1,,공통
b190_base_r1,LPT,171,BLK_171S,9,NC,5,2025-05-07 00:50:27,2025-05-07 01:31:46,41.3,,공통
b190_base_r1,LPT,171,BLK_171S,9,베이35A 론지취부,6,2025-05-07 01:31:46,2025-05-07 02:37:46,66.0,35A,베이35A
b190_base_r1,LPT,171,BLK_171S,9,베이35A 론지용접,7,2025-05-07 02:37:46,2025-05-07 03:00:22,22.6,35A,베이35A
b190_base_r1,LPT,171,BLK_171S,9,베이35A 수정,8,2025-05-07 03:00:22,2025-05-07 03:40:34,40.2,35A,베이35A
b190_base_r1,LPT,127,BLK_127S,10,판계,1,2025-05-06 13:07:00,2025-05-06 13:42:00,35.0,,공통
b190_base_r1,LPT,127,BLK_127S,10,전면SAW,2,2025-05-06 22:46:23,2025-05-07 01:24:06,157.7,,공통
b190_base_r1,LPT,127,BLK_127S,10,TurnOver,3,2025-05-07 01:24:06,2025-05-07 01:36:06,12.0,,공통
b190_base_r1,LPT,127,BLK_127S,10,후면SAW,4,2025-05-07 01:36:06,2025-05-07 03:32:24,116.3,,공통
b190_base_r1,LPT,127,BLK_127S,10,NC,5,2025-05-07 03:32:24,2025-05-07 04:10:47,38.4,,공통
b190_base_r1,LPT,127,BLK_127S,10,베이36B 론지취부,6,2025-05-07 04:10:47,2025-05-07 04:52:17,41.5,36B,베이36B
b190_base_r1,LPT,127,BLK_127S,10,베이36B 론지용접,7,2025-05-07 04:52:17,2025-05-07 05:10:41,18.4,36B,베이36B
b190_base_r1,LPT,127,BLK_127S,10,베이36B 수정,8,2025-05-07 05:10:41,2025-05-07 05:35:29,24.8,36B,베이36B
b190_base_r1,LPT,85,BLK_85C,11,판계,1,2025-05-06 13:42:00,2025-05-06 14:12:00,30.0,,공통
b190_base_r1,LPT,85,BLK_85C,11,전면SAW,2,2025-05-07 01:24:06,2025-05-07 01:54:00,29.9,,공통
b190_base_r1,LPT,85,BLK_85C,11,TurnOver,3,2025-05-07 01:54:00,2025-05-07 02:06:00,12.0,,공통
b190_base_r1,LPT,85,BLK_85C,11,후면SAW,4,2025-05-07 03:32:24,2025-05-07 03:50:37,18.2,,공통
b190_base_r1,LPT,85,BLK_85C,11,NC,5,2025-05-07 04:10:47,2025-05-07 04:58:41,47.9,,공통
b190_base_r1,LPT,85,BLK_85C,11,베이35A 론지취부,6,2025-05-07 04:58:41,2025-05-07 05:57:41,59.0,35A,베이35A
b190_base_r1,LPT,85,BLK_85C,11,베이35A 론지용접,7,2025-05-07 05:57:41,2025-05-07 06:19:05,21.4,35A,베이35A
b190_base_r1,LPT,85,BLK_85C,11,베이35A 수정,8,2025-05-07 06:19:05,2025-05-07 06:54:53,35.8,35A,베이35A
b190_base_r1,LPT,161,BLK_161S,12,판계,1,2025-05-06 14:12:00,2025-05-06 14:57:00,45.0,,공통
b190_base_r1,LPT,161,BLK_161S,12,전면SAW,2,2025-05-07 01:54:00,2025-05-07 03:41:31,107.5,,공통
b190_base_r1,LPT,161,BLK_161S,12,TurnOver,3,2025-05-07 03:41:31,2025-05-07 03:53:31,12.0,,공통
b190_base_r1,LPT,161,BLK_161S,12,후면SAW,4,2025-05-07 03:53:31,2025-05-07 05:22:39,89.1,,공통
b190_base_r1,LPT,161,BLK_161S,12,NC,5,2025-05-07 05:22:39,2025-05-07 06:24:10,61.5,,공통
b190_base_r1,LPT,161,BLK_161S,12,베이36B 론지취부,6,2025-05-07 06:24:10,2025-05-07 07:26:40,62.5,36B,베이36B
b190_base_r1,LPT,161,BLK_161S,12,베이36B 론지용접,7,2025-05-07 07:26:40,2025-05-07 07:48:40,22.0,36B,베이36B
b190_base_r1,LPT,161,BLK_161S,12,베이36B 수정,8,2025-05-07 07:48:40,2025-05-07 08:26:40,38.0,36B,베이36B
b190_base_r1,LPT,115,BLK_115C,13,판계,1,2025-05-06 14:57:00,2025-05-06 15:27:00,30.0,,공통
b190_base_r1,LPT,115,BLK_115C,13,전면SAW,2,2025-05-07 03:41:31,2025-05-07 04:11:33,30.0,,공통
b190_base_r1,LPT,115,BLK_115C,13,TurnOver,3,2025-05-07 04:11:33,2025-05-07 04:23:33,12.0,,공통
b190_base_r1,LPT,115,BLK_115C,13,후면SAW,4,2025-05-07 05:22:39,2025-05-07 05:41:03,18.4,,공통
b190_base_r1,LPT,115,BLK_115C,13,NC,5,2025-05-07 06:24:10,2025-05-07 07:11:31,47.4,,공통
b190_base_r1,LPT,115,BLK_115C,13,베이35A 론지취부,6,2025-05-07 07:11:31,2025-05-07 08:10:31,59.0,35A,베이35A
b190_base_r1,LPT,115,BLK_115C,13,베이35A 론지용접,7,2025-05-07 08:10:31,2025-05-07 08:31:55,21.4,35A,베이35A
b190_base_r1,LPT,115,BLK_115C,13,베이35A 수정,8,2025-05-07 08:31:55,2025-05-07 09:07:43,35.8,35A,베이35A
b190_base_r1,LPT,151,BLK_151C,14,판계,1,2025-05-06 15:27:00,2025-05-06 15:54:00,27.0,,공통
b190_base_r1,LPT,151,BLK_151C,14,전면SAW,2,2025-05-07 04:11:33,2025-05-07 06:16:12,124.7,,공통
b190_base_r1,LPT,151,BLK_151C,14,TurnOver,3,2025-05-07 06:16:12,2025-05-07 06:28:12,12.0,,공통
b190_base_r1,LPT,151,BLK_151C,14,후면SAW,4,2025-05-07 06:28:12,2025-05-07 07:58:02,89.8,,공통
b190_base_r1,LPT,151,BLK_151C,14,NC,5,2025-05-07 07:58:02,2025-05-07 08:29:07,31.1,,공통
b190_base_r1,LPT,151,BLK_151C,14,베이36B 론지취부,6,2025-05-07 08:29:07,2025-05-07 09:17:37,48.5,36B,베이36B
b190_base_r1,LPT,151,BLK_151C,14,베이36B 론지용접,7,2025-05-07 09:17:37,2025-05-07 09:37:13,19.6,36B,베이36B
b190_base_r1,LPT,151,BLK_151C,14,베이36B 수정,8,2025-05-07 09:37:13,2025-05-07 10:06:25,29.2,36B,베이36B
b190_base_r1,LPT,131,BLK_131P,1,판계,1,2025-05-07 08:00:00,2025-05-07 08:30:00,30.0,,공통
b190_base_r1,LPT,131,BLK_131P,1,전면SAW,2,2025-05-07 08:30:00,2025-05-07 08:57:09,27.2,,공통
b190_base_r1,LPT,131,BLK_131P,1,TurnOver,3,2025-05-07 08:57:09,2025-05-07 09:09:09,12.0,,공통
b190_base_r1,LPT,131,BLK_131P,1,후면SAW,4,2025-05-07 09:09:09,2025-05-07 09:23:46,14.6,,공통
b190_base_r1,LPT,131,BLK_131P,1,NC,5,2025-05-07 09:23:46,2025-05-07 10:08:04,44.3,,공통
b190_base_r1,LPT,131,BLK_131P,1,베이35A 론지취부,6,2025-05-07 10:08:04,2025-05-07 11:10:34,62.5,35A,베이35A
b190_base_r1,LPT,131,BLK_131P,1,베이35A 론지용접,7,2025-05-07 11:10:34,2025-05-07 11:32:34,22.0,35A,베이35A
b190_base_r1,LPT,131,BLK_131P,1,베이35A 수정,8,2025-05-07 11:32:34,2025-05-07 12:10:34,38.0,35A,베이35A
b190_base_r1,LPT,130,BLK_130C,2,판계,1,2025-05-07 08:30:00,2025-05-07 09:05:00,35.0,,공통
b190_base_r1,LPT,130,BLK_130C,2,전면SAW,2,2025-05-07 09:05:00,2025-05-07 11:20:03,135.1,,공통
b190_base_r1,LPT,130,BLK_130C,2,TurnOver,3,2025-05-07 11:20:03,2025-05-07 11:32:03,12.0,,공통
b190_base_r1,LPT,130,BLK_130C,2,후면SAW,4,2025-05-07 11:32:03,2025-05-07 13:08:02,96.0,,공통
b190_base_r1,LPT,130,BLK_130C,2,NC,5,2025-05-07 13:08:02,2025-05-07 13:50:21,42.3,,공통
b190_base_r1,LPT,130,BLK_130C,2,베이36B 론지취부,6,2025-05-07 13:50:21,2025-05-07 14:28:21,38.0,36B,베이36B
b190_base_r1,LPT,130,BLK_130C,2,베이36B 론지용접,7,2025-05-07 14:28:21,2025-05-07 14:42:09,13.8,36B,베이36B
b190_base_r1,LPT,130,BLK_130C,2,베이36B 수정,8,2025-05-07 14:42:09,2025-05-07 15:04:45,22.6,36B,베이36B
b190_base_r1,LPT,137,BLK_137P,3,판계,1,2025-05-07 09:05:00,2025-05-07 09:30:00,25.0,,공통
b190_base_r1,LPT,137,BLK_137P,3,전면SAW,2,2025-05-07 11:20:03,2025-05-07 11:50:09,30.1,,공통
b190_base_r1,LPT,137,BLK_137P,3,TurnOver,3,2025-05-07 11:50:09,2025-05-07 12:02:09,12.0,,공통
b190_base_r1,LPT,137,BLK_137P,3,후면SAW,4,2025-05-07 13:08:02,2025-05-07 13:26:32,18.5,,공통
b190_base_r1,LPT,137,BLK_137P,3,NC,5,2025-05-07 13:50:21,2025-05-07 14:25:25,35.1,,공통
b190_base_r1,LPT,137,BLK_137P,3,베이35A 론지취부,6,2025-05-07 14:25:25,2025-05-07 15:13:55,48.5,35A,베이35A
b190_base_r1,LPT,137,BLK_137P,3,베이35A 론지용접,7,2025-05-07 15:13:55,2025-05-07 15:33:31,19.6,35A,베이35A
b190_base_r1,LPT,137,BLK_137P,3,베이35A 수정,8,2025-05-07 15:33:31,2025-05-07 16:02:43,29.2,35A,베이35A
b190_base_r1,LPT,140,BLK_140S,4,판계,1,2025-05-07 09:30:00,2025-05-07 09:55:00,25.0,,공통
b190_base_r1,LPT,140,BLK_140S,4,전면SAW,2,2025-05-07 11:50:09,2025-05-07 12:20:52,30.7,,공통
b190_base_r1,LPT,140,BLK_140S,4,TurnOver,3,2025-05-07 12:20:52,2025-05-07 12:32:52,12.0,,공통
b190_base_r1,LPT,140,BLK_140S,4,후면SAW,4,2025-05-07 13:26:32,2025-05-07 13:45:49,19.3,,공통
b190_base_r1,LPT,140,BLK_140S,4,NC,5,2025-05-07 14:25:25,2025-05-07 14:58:40,33.2,,공통
b190_base_r1,LPT,140,BLK_140S,4,베이36B 론지취부,6,2025-05-07 14:58:40,2025-05-07 15:43:40,45.0,36B,베이36B
b190_base_r1,LPT,140,BLK_140S,4,베이36B 론지용접,7,2025-05-07 15:43:40,2025-05-07 16:02:40,19.0,36B,베이36B
b190_base_r1,LPT,140,BLK_140S,4,베이36B 수정,8,2025-05-07 16:02:40,2025-05-07 16:29:40,27.0,36B,베이36B
b190_base_r1,LPT,141,BLK_141P,5,판계,1,2025-05-07 09:55:00,2025-05-07 10:20:00,25.0,,공통
b190_base_r1,LPT,141,BLK_141P,5,전면SAW,2,2025-05-07 12:20:52,2025-05-07 12:53:16,32.4,,공통
b190_base_r1,LPT,141,BLK_141P,5,TurnOver,3,2025-05-07 12:53:16,2025-05-07 13:05:16,12.0,,공통
b190_base_r1,LPT,141,BLK_141P,5,후면SAW,4,2025-05-07 13:45:49,2025-05-07 14:07:21,21.5,,공통
b190_base_r1,LPT,141,BLK_141P,5,NC,5,2025-05-07 14:58:40,2025-05-07 15:32:52,34.2,,공통
b190_base_r1,LPT,141,BLK_141P,5,베이35A 론지취부,6,2025-05-07 15:32:52,2025-05-07 16:14:22,41.5,35A,베이35A
b190_base_r1,LPT,141,BLK_141P,5,베이35A 론지용접,7,2025-05-07 16:14:22,2025-05-07 16:32:46,18.4,35A,베이35A
b190_base_r1,LPT,141,BLK_141P,5,베이35A 수정,8,2025-05-07 16:32:46,2025-05-07 16:57:34,24.8,35A,베이35A
b190_base_r1,LPT,34,BLK_34P,6,판계,1,2025-05-07 10:20:00,2025-05-07 11:05:00,45.0,,공통
b190_base_r1,LPT,34,BLK_34P,6,전면SAW,2,2025-05-07 12:53:16,2025-05-07 16:03:16,190.0,,공통
b190_base_r1,LPT,34,BLK_34P,6,TurnOver,3,2025-05-07 16:03:16,2025-05-07 16:15:16,12.0,,공통
b190_base_r1,LPT,34,BLK_34P,6,후면SAW,4,2025-05-07 16:15:16,2025-05-07 19:00:16,165.0,,공통
b190_base_r1,LPT,34,BLK_34P,6,NC,5,2025-05-07 19:00:16,2025-05-07 20:21:38,81.4,,공통
b190_base_r1,LPT,34,BLK_34P,6,베이36B 론지취부,6,2025-05-07 20:21:38,2025-05-07 22:44:38,143.0,36B,베이36B
b190_base_r1,LPT,34,BLK_34P,6,베이36B 론지용접,7,2025-05-07 22:44:38,2025-05-07 23:20:26,35.8,36B,베이36B
b190_base_r1,LPT,34,BLK_34P,6,베이36B 수정,8,2025-05-07 23:20:26,2025-05-08 00:49:02,88.6,36B,베이36B
b190_base_r1,LPT,86,BLK_86C,7,판계,1,2025-05-07 11:05:00,2025-05-07 11:38:00,33.0,,공통
b190_base_r1,LPT,86,BLK_86C,7,전면SAW,2,2025-05-07 16:03:16,2025-05-07 18:06:59,123.7,,공통
b190_base_r1,LPT,86,BLK_86C,7,TurnOver,3,2025-05-07 18:06:59,2025-05-07 18:18:59,12.0,,공통
b190_base_r1,LPT,86,BLK_86C,7,후면SAW,4,2025-05-07 19:00:16,2025-05-07 20:40:50,100.6,,공통
b190_base_r1,LPT,86,BLK_86C,7,NC,5,2025-05-07 20:40:50,2025-05-07 21:20:58,40.1,,공통
b190_base_r1,LPT,86,BLK_86C,7,베이35A 론지취부,6,2025-05-07 21:20:58,2025-05-07 22:16:28,55.5,35A,베이35A
b190_base_r1,LPT,86,BLK_86C,7,베이35A 론지용접,7,2025-05-07 22:16:28,2025-05-07 22:37:16,20.8,35A,베이35A
b190_base_r1,LPT,86,BLK_86C,7,베이35A 수정,8,2025-05-07 22:37:16,2025-05-07 23:10:52,33.6,35A,베이35A
b190_base_r1,LPT,27,BLK_27C,8,판계,1,2025-05-07 11:38:00,2025-05-07 12:08:00,30.0,,공통
b190_base_r1,LPT,27,BLK_27C,8,전면SAW,2,2025-05-07 18:06:59,2025-05-07 21:16:59,190.0,,공통
b190_base_r1,LPT,27,BLK_27C,8,TurnOver,3,2025-05-07 21:16:59,2025-05-07 21:28:59,12.0,,공통
b190_base_r1,LPT,27,BLK_27C,8,후면SAW,4,2025-05-07 21:28:59,2025-05-08 00:13:59,165.0,,공통
b190_base_r1,LPT,27,BLK_27C,8,NC,5,2025-05-08 00:13:59,2025-05-08 01:18:52,64.9,,공통
b190_base_r1,LPT,27,BLK_27C,8,베이36B 론지취부,6,2025-05-08 01:18:52,2025-05-08 02:52:52,94.0,36B,베이36B
b190_base_r1,LPT,27,BLK_27C,8,베이36B 론지용접,7,2025-05-08 02:52:52,2025-05-08 03:20:16,27.4,36B,베이36B
b190_base_r1,LPT,27,BLK_27C,8,베이36B 수정,8,2025-05-08 03:20:16,2025-05-08 04:18:04,57.8,36B,베이36B
b190_base_r1,LPT,165,BLK_165P,9,판계,1,2025-05-07 12:08:00,2025-05-07 12:53:00,45.0,,공통
b190_base_r1,LPT,165,BLK_165P,9,전면SAW,2,2025-05-07 21:16:59,2025-05-07 21:56:29,39.5,,공통
b190_base_r1,LPT,165,BLK_165P,9,TurnOver,3,2025-05-07 21:56:29,2025-05-07 22:08:29,12.0,,공통
b190_base_r1,LPT,165,BLK_165P,9,후면SAW,4,2025-05-08 00:13:59,2025-05-08 00:44:51,30.9,,공통
b190_base_r1,LPT,165,BLK_165P,9,NC,5,2025-05-08 01:18:52,2025-05-08 02:12:04,53.2,,공통
b190_base_r1,LPT,165,BLK_165P,9,베이35A 론지취부,6,2025-05-08 02:12:04,2025-05-08 03:42:34,90.5,35A,베이35A
b190_base_r1,LPT,165,BLK_165P,9,베이35A 론지용접,7,2025-05-08 03:42:34,2025-05-08 04:09:22,26.8,35A,베이35A
b190_base_r1,LPT,165,BLK_165P,9,베이35A 수정,8,2025-05-08 04:09:22,2025-05-08 05:04:58,55.6,35A,베이35A
b190_base_r1,LPT,39,BLK_39C,10,판계,1,2025-05-07 12:53:00,2025-05-07 13:38:00,45.0,,공통
b190_base_r1,LPT,39,BLK_39C,10,전면SAW,2,2025-05-07 21:56:29,2025-05-08 01:06:29,190.0,,공통
b190_base_r1,LPT,39,BLK_39C,10,TurnOver,3,2025-05-08 01:06:29,2025-05-08 01:18:29,12.0,,공통
b190_base_r1,LPT,39,BLK_39C,10,후면SAW,4,2025-05-08 01:18:29,2025-05-08 03:56:46,158.3,,공통
b190_base_r1,LPT,39,BLK_39C,10,NC,5,2025-05-08 03:56:46,2025-05-08 04:51:45,55.0,,공통
b190_base_r1,LPT,39,BLK_39C,10,베이36B 론지취부,6,2025-05-08 04:51:45,2025-05-08 05:57:45,66.0,36B,베이36B
b190_base_r1,LPT,39,BLK_39C,10,베이36B 론지용접,7,2025-05-08 05:57:45,2025-05-08 06:20:21,22.6,36B,베이36B
b190_base_r1,LPT,39,BLK_39C,10,베이36B 수정,8,2025-05-08 06:20:21,2025-05-08 07:00:33,40.2,36B,베이36B
b190_base_r1,LPT,157,BLK_157C,11,판계,1,2025-05-07 13:38:00,2025-05-07 14:08:00,30.0,,공통
b190_base_r1,LPT,157,BLK_157C,11,전면SAW,2,2025-05-08 01:06:29,2025-05-08 01:37:49,31.3,,공통
b190_base_r1,LPT,157,BLK_157C,11,TurnOver,3,2025-05-08 01:37:49,2025-05-08 01:49:49,12.0,,공통
b190_base_r1,LPT,157,BLK_157C,11,후면SAW,4,2025-05-08 03:56:46,2025-05-08 04:16:54,20.1,,공통
b190_base_r1,LPT,157,BLK_157C,11,NC,5,2025-05-08 04:51:45,2025-05-08 05:41:34,49.8,,공통
b190_base_r1,LPT,157,BLK_157C,11,베이36B 론지취부,6,2025-05-08 05:57:45,2025-05-08 07:24:45,87.0,36B,베이36B
b190_base_r1,LPT,157,BLK_157C,11,베이36B 론지용접,7,2025-05-08 07:24:45,2025-05-08 07:50:57,26.2,36B,베이36B
b190_base_r1,LPT,157,BLK_157C,11,베이36B 수정,8,2025-05-08 07:50:57,2025-05-08 08:44:21,53.4,36B,베이36B
b190_base_r1,LPT,175,BLK_175P,12,판계,1,2025-05-07 14:08:00,2025-05-07 14:35:00,27.0,,공통
b190_base_r1,LPT,175,BLK_175P,12,전면SAW,2,2025-05-08 01:37:49,2025-05-08 04:47:49,190.0,,공통
b190_base_r1,LPT,175,BLK_175P,12,TurnOver,3,2025-05-08 04:47:49,2025-05-08 04:59:49,12.0,,공통
b190_base_r1,LPT,175,BLK_175P,12,후면SAW,4,2025-05-08 04:59:49,2025-05-08 07:25:01,145.2,,공통
b190_base_r1,LPT,175,BLK_175P,12,NC,5,2025-05-08 07:25:01,2025-05-08 08:02:06,37.1,,공통
b190_base_r1,LPT,175,BLK_175P,12,베이35A 론지취부,6,2025-05-08 08:02:06,2025-05-08 08:36:36,34.5,35A,베이35A
b190_base_r1,LPT,175,BLK_175P,12,베이35A 론지용접,7,2025-05-08 08:36:36,2025-05-08 08:53:48,17.2,35A,베이35A
b190_base_r1,LPT,175,BLK_175P,12,베이35A 수정,8,2025-05-08 08:53:48,2025-05-08 09:14:12,20.4,35A,베이35A
b190_base_r1,LPT,40,BLK_40S,13,판계,1,2025-05-07 14:35:00,2025-05-07 15:05:00,30.0,,공통
b190_base_r1,LPT,40,BLK_40S,13,전면SAW,2,2025-05-08 04:47:49,2025-05-08 05:21:15,33.4,,공통
b190_base_r1,LPT,40,BLK_40S,13,TurnOver,3,2025-05-08 05:21:15,2025-05-08 05:33:15,12.0,,공통
b190_base_r1,LPT,40,BLK_40S,13,후면SAW,4,2025-05-08 07:25:01,2025-05-08 07:47:53,22.9,,공통
b190_base_r1,LPT,40,BLK_40S,13,NC,5,2025-05-08 08:02:06,2025-05-08 08:50:45,48.6,,공통
b190_base_r1,LPT,40,BLK_40S,13,베이36B 론지취부,6,2025-05-08 08:50:45,2025-05-08 10:07:15,76.5,36B,베이36B
b190_base_r1,LPT,40,BLK_40S,13,베이36B 론지용접,7,2025-05-08 10:07:15,2025-05-08 10:31:39,24.4,36B,베이36B
b190_base_r1,LPT,40,BLK_40S,13,베이36B 수정,8,2025-05-08 10:31:39,2025-05-08 11:18:27,46.8,36B,베이36B
b190_base_r1,LPT,145,BLK_145C,14,판계,1,2025-05-07 15:05:00,2025-05-07 15:43:00,38.0,,공통
b190_base_r1,LPT,145,BLK_145C,14,전면SAW,2,2025-05-08 05:21:15,2025-05-08 07:17:25,116.2,,공통
b190_base_r1,LPT,145,BLK_145C,14,TurnOver,3,2025-05-08 07:17:25,2025-05-08 07:29:25,12.0,,공통
b190_base_r1,LPT,145,BLK_145C,14,후면SAW,4,2025-05-08 07:47:53,2025-05-08 09:45:21,117.5,,공통
b190_base_r1,LPT,145,BLK_145C,14,NC,5,2025-05-08 09:45:21,2025-05-08 10:33:08,47.8,,공통
b190_base_r1,LPT,145,BLK_145C,14,베이35A 론지취부,6,2025-05-08 10:33:08,2025-05-08 11:46:08,73.0,35A,베이35A
b190_base_r1,LPT,145,BLK_145C,14,베이35A 론지용접,7,2025-05-08 11:46:08,2025-05-08 12:09:56,23.8,35A,베이35A
b190_base_r1,LPT,145,BLK_145C,14,베이35A 수정,8,2025-05-08 12:09:56,2025-05-08 12:54:32,44.6,35A,베이35A
b190_base_r1,LPT,125,BLK_125P,1,판계,1,2025-05-08 08:00:00,2025-05-08 08:45:00,45.0,,공통
b190_base_r1,LPT,125,BLK_125P,1,전면SAW,2,2025-05-08 08:45:00,2025-05-08 09:19:37,34.6,,공통
b190_base_r1,LPT,125,BLK_125P,1,TurnOver,3,2025-05-08 09:19:37,2025-05-08 09:31:37,12.0,,공통
b190_base_r1,LPT,125,BLK_125P,1,후면SAW,4,2025-05-08 09:45:21,2025-05-08 10:09:46,24.4,,공통
b190_base_r1,LPT,125,BLK_125P,1,NC,5,2025-05-08 10:33:08,2025-05-08 11:22:17,49.1,,공통
b190_base_r1,LPT,125,BLK_125P,1,베이36B 론지취부,6,2025-05-08 11:22:17,2025-05-08 12:21:17,59.0,36B,베이36B
b190_base_r1,LPT,125,BLK_125P,1,베이36B 론지용접,7,2025-05-08 12:21:17,2025-05-08 12:42:41,21.4,36B,베이36B
b190_base_r1,LPT,125,BLK_125P,1,베이36B 수정,8,2025-05-08 12:42:41,2025-05-08 13:18:29,35.8,36B,베이36B
b190_base_r1,LPT,96,BLK_96S,2,판계,1,2025-05-08 08:45:00,2025-05-08 09:23:00,38.0,,공통
b190_base_r1,LPT,96,BLK_96S,2,전면SAW,2,2025-05-08 09:23:00,2025-05-08 11:20:27,117.5,,공통
b190_base_r1,LPT,96,BLK_96S,2,TurnOver,3,2025-05-08 11:20:27,2025-05-08 11:32:27,12.0,,공통
b190_base_r1,LPT,96,BLK_96S,2,후면SAW,4,2025-05-08 11:32:27,2025-05-08 13:07:17,94.8,,공통
b190_base_r1,LPT,96,BLK_96S,2,NC,5,2025-05-08 13:07:17,2025-05-08 13:54:28,47.2,,공통
b190_base_r1,LPT,96,BLK_96S,2,베이35A 론지취부,6,2025-05-08 13:54:28,2025-05-08 15:14:28,80.0,35A,베이35A
b190_base_r1,LPT,96,BLK_96S,2,베이35A 론지용접,7,2025-05-08 15:14:28,2025-05-08 15:39:28,25.0,35A,베이35A
b190_base_r1,LPT,96,BLK_96S,2,베이35A 수정,8,2025-05-08 15:39:28,2025-05-08 16:28:28,49.0,35A,베이35A
b190_base_r1,LPT,93,BLK_93C,3,판계,1,2025-05-08 09:23:00,2025-05-08 09:48:00,25.0,,공통
b190_base_r1,LPT,93,BLK_93C,3,전면SAW,2,2025-05-08 11:20:27,2025-05-08 11:55:06,34.7,,공통
b190_base_r1,LPT,93,BLK_93C,3,TurnOver,3,2025-05-08 11:55:06,2025-05-08 12:07:06,12.0,,공통
b190_base_r1,LPT,93,BLK_93C,3,후면SAW,4,2025-05-08 13:07:17,2025-05-08 13:31:46,24.5,,공통
b190_base_r1,LPT,93,BLK_93C,3,NC,5,2025-05-08 13:54:28,2025-05-08 14:31:52,37.4,,공통
b190_base_r1,LPT,93,BLK_93C,3,베이36B 론지취부,6,2025-05-08 14:31:52,2025-05-08 15:48:22,76.5,36B,베이36B
b190_base_r1,LPT,93,BLK_93C,3,베이36B 론지용접,7,2025-05-08 15:48:22,2025-05-08 16:12:46,24.4,36B,베이36B
b190_base_r1,LPT,93,BLK_93C,3,베이36B 수정,8,2025-05-08 16:12:46,2025-05-08 16:59:34,46.8,36B,베이36B
b190_base_r1,LPT,163,BLK_163C,4,판계,1,2025-05-08 09:48:00,2025-05-08 10:18:00,30.0,,공통
b190_base_r1,LPT,163,BLK_163C,4,전면SAW,2,2025-05-08 11:55:06,2025-05-08 13:39:49,104.7,,공통
b190_base_r1,LPT,163,BLK_163C,4,TurnOver,3,2025-05-08 13:39:49,2025-05-08 13:51:49,12.0,,공통
b190_base_r1,LPT,163,BLK_163C,4,후면SAW,4,2025-05-08 13:51:49,2025-05-08 15:15:04,83.2,,공통
b190_base_r1,LPT,163,BLK_163C,4,NC,5,2025-05-08 15:15:04,2025-05-08 16:11:07,56.1,,공통
b190_base_r1,LPT,163,BLK_163C,4,베이36B 론지취부,6,2025-05-08 16:11:07,2025-05-08 17:41:37,90.5,36B,베이36B
b190_base_r1,LPT,163,BLK_163C,4,베이36B 론지용접,7,2025-05-08 17:41:37,2025-05-08 18:08:25,26.8,36B,베이36B
b190_base_r1,LPT,163,BLK_163C,4,베이36B 수정,8,2025-05-08 18:08:25,2025-05-08 19:04:01,55.6,36B,베이36B
b190_base_r1,LPT,83,BLK_83C,5,판계,1,2025-05-08 10:18:00,2025-05-08 10:43:00,25.0,,공통
b190_base_r1,LPT,83,BLK_83C,5,전면SAW,2,2025-05-08 13:39:49,2025-05-08 14:26:51,47.0,,공통
b190_base_r1,LPT,83,BLK_83C,5,TurnOver,3,2025-05-08 14:26:51,2025-05-08 14:38:51,12.0,,공통
b190_base_r1,LPT,83,BLK_83C,5,후면SAW,4,2025-05-08 15:15:04,2025-05-08 15:55:50,40.8,,공통
b190_base_r1,LPT,83,BLK_83C,5,NC,5,2025-05-08 16:11:07,2025-05-08 16:46:17,35.2,,공통
b190_base_r1,LPT,83,BLK_83C,5,베이35A 론지취부,6,2025-05-08 16:46:17,2025-05-08 17:41:47,55.5,35A,베이35A
b190_base_r1,LPT,83,BLK_83C,5,베이35A 론지용접,7,2025-05-08 17:41:47,2025-05-08 18:02:35,20.8,35A,베이35A
b190_base_r1,LPT,83,BLK_83C,5,베이35A 수정,8,2025-05-08 18:02:35,2025-05-08 18:36:11,33.6,35A,베이35A
b190_base_r1,LPT,147,BLK_147C,6,판계,1,2025-05-08 10:43:00,2025-05-08 11:16:00,33.0,,공통
b190_base_r1,LPT,147,BLK_147C,6,전면SAW,2,2025-05-08 14:26:51,2025-05-08 16:27:43,120.9,,공통
b190_base_r1,LPT,147,BLK_147C,6,TurnOver,3,2025-05-08 16:27:43,2025-05-08 16:39:43,12.0,,공통
b190_base_r1,LPT,147,BLK_147C,6,후면SAW,4,2025-05-08 16:39:43,2025-05-08 18:17:42,98.0,,공통
b190_base_r1,LPT,147,BLK_147C,6,NC,5,2025-05-08 18:17:42,2025-05-08 18:59:31,41.8,,공통
b190_base_r1,LPT,147,BLK_147C,6,베이36B 론지취부,6,2025-05-08 18:59:31,2025-05-08 20:16:01,76.5,36B,베이36B
b190_base_r1,LPT,147,BLK_147C,6,베이36B 론지용접,7,2025-05-08 20:16:01,2025-05-08 20:40:25,24.4,36B,베이36B
b190_base_r1,LPT,147,BLK_147C,6,베이36B 수정,8,2025-05-08 20:40:25,2025-05-08 21:27:13,46.8,36B,베이36B
b190_base_r1,LPT,116,BLK_116S,7,판계,1,2025-05-08 11:16:00,2025-05-08 11:46:00,30.0,,공통
b190_base_r1,LPT,116,BLK_116S,7,전면SAW,2,2025-05-08 16:27:43,2025-05-08 17:05:31,37.8,,공통
b190_base_r1,LPT,116,BLK_116S,7,TurnOver,3,2025-05-08 17:05:31,2025-05-08 17:17:31,12.0,,공통
b190_base_r1,LPT,116,BLK_116S,7,후면SAW,4,2025-05-08 18:17:42,2025-05-08 18:46:18,28.6,,공통
b190_base_r1,LPT,116,BLK_116S,7,NC,5,2025-05-08 18:59:31,2025-05-08 19:45:55,46.4,,공통
b190_base_r1,LPT,116,BLK_116S,7,베이36B 론지취부,6,2025-05-08 20:16:01,2025-05-08 21:11:31,55.5,36B,베이36B
b190_base_r1,LPT,116,BLK_116S,7,베이36B 론지용접,7,2025-05-08 21:11:31,2025-05-08 21:32:19,20.8,36B,베이36B
b190_base_r1,LPT,116,BLK_116S,7,베이36B 수정,8,2025-05-08 21:32:19,2025-05-08 22:05:55,33.6,36B,베이36B
b190_base_r1,LPT,20,BLK_20S,8,판계,1,2025-05-08 11:46:00,2025-05-08 12:31:00,45.0,,공통
b190_base_r1,LPT,20,BLK_20S,8,전면SAW,2,2025-05-08 17:05:31,2025-05-08 19:02:58,117.4,,공통
b190_base_r1,LPT,20,BLK_20S,8,TurnOver,3,2025-05-08 19:02:58,2025-05-08 19:14:58,12.0,,공통
b190_base_r1,LPT,20,BLK_20S,8,후면SAW,4,2025-05-08 19:14:58,2025-05-08 20:39:01,84.1,,공통
b190_base_r1,LPT,20,BLK_20S,8,NC,5,2025-05-08 20:39:01,2025-05-08 21:30:02,51.0,,공통
b190_base_r1,LPT,20,BLK_20S,8,베이35A 론지취부,6,2025-05-08 21:30:02,2025-05-08 22:29:02,59.0,35A,베이35A
b190_base_r1,LPT,20,BLK_20S,8,베이35A 론지용접,7,2025-05-08 22:29:02,2025-05-08 22:50:26,21.4,35A,베이35A
b190_base_r1,LPT,20,BLK_20S,8,베이35A 수정,8,2025-05-08 22:50:26,2025-05-08 23:26:14,35.8,35A,베이35A
b190_base_r1,LPT,31,BLK_31S,9,판계,1,2025-05-08 12:31:00,2025-05-08 12:51:00,20.0,,공통
b190_base_r1,LPT,31,BLK_31S,9,전면SAW,2,2025-05-08 19:02:58,2025-05-08 19:40:09,37.2,,공통
b190_base_r1,LPT,31,BLK_31S,9,TurnOver,3,2025-05-08 19:40:09,2025-05-08 19:52:09,12.0,,공통
b190_base_r1,LPT,31,BLK_31S,9,후면SAW,4,2025-05-08 20:39:01,2025-05-08 21:06:51,27.8,,공통
b190_base_r1,LPT,31,BLK_31S,9,NC,5,2025-05-08 21:30:02,2025-05-08 22:00:45,30.7,,공통
b190_base_r1,LPT,31,BLK_31S,9,베이36B 론지취부,6,2025-05-08 22:00:45,2025-05-08 23:06:45,66.0,36B,베이36B
b190_base_r1,LPT,31,BLK_31S,9,베이36B 론지용접,7,2025-05-08 23:06:45,2025-05-08 23:29:21,22.6,36B,베이36B
b190_base_r1,LPT,31,BLK_31S,9,베이36B 수정,8,2025-05-08 23:29:21,2025-05-09 00:09:33,40.2,36B,베이36B
b190_base_r1,LPT,133,BLK_133C,10,판계,1,2025-05-08 12:51:00,2025-05-08 13:29:00,38.0,,공통
b190_base_r1,LPT,133,BLK_133C,10,전면SAW,2,2025-05-08 19:40:09,2025-05-08 21:15:51,95.7,,공통
b190_base_r1,LPT,133,BLK_133C,10,TurnOver,3,2025-05-08 21:15:51,2025-05-08 21:27:51,12.0,,공통
b190_base_r1,LPT,133,BLK_133C,10,후면SAW,4,2025-05-08 21:27:51,2025-05-08 23:01:27,93.6,,공통
b190_base_r1,LPT,133,BLK_133C,10,NC,5,2025-05-08 23:01:27,2025-05-08 23:46:25,45.0,,공통
b190_base_r1,LPT,133,BLK_133C,10,베이35A 론지취부,6,2025-05-08 23:46:25,2025-05-09 00:52:25,66.0,35A,베이35A
b190_base_r1,LPT,133,BLK_133C,10,베이35A 론지용접,7,2025-05-09 00:52:25,2025-05-09 01:15:01,22.6,35A,베이35A
b190_base_r1,LPT,133,BLK_133C,10,베이35A 수정,8,2025-05-09 01:15:01,2025-05-09 01:55:13,40.2,35A,베이35A
b190_base_r1,LPT,28,BLK_28P,11,판계,1,2025-05-08 13:29:00,2025-05-08 13:41:00,12.0,,공통
b190_base_r1,LPT,28,BLK_28P,11,전면SAW,2,2025-05-08 21:15:51,2025-05-08 22:07:06,51.2,,공통
b190_base_r1,LPT,28,BLK_28P,11,TurnOver,3,2025-05-08 22:07:06,2025-05-08 22:19:06,12.0,,공통
b190_base_r1,LPT,28,BLK_28P,11,후면SAW,4,2025-05-08 23:01:27,2025-05-08 23:47:45,46.3,,공통
b190_base_r1,LPT,28,BLK_28P,11,NC,5,2025-05-08 23:47:45,2025-05-09 00:10:51,23.1,,공통
b190_base_r1,LPT,28,BLK_28P,11,베이36B 론지취부,6,2025-05-09 00:10:51,2025-05-09 01:09:51,59.0,36B,베이36B
b190_base_r1,LPT,28,BLK_28P,11,베이36B 론지용접,7,2025-05-09 01:09:51,2025-05-09 01:31:15,21.4,36B,베이36B
b190_base_r1,LPT,28,BLK_28P,11,베이36B 수정,8,2025-05-09 01:31:15,2025-05-09 02:07:03,35.8,36B,베이36B
b190_base_r1,LPT,106,BLK_106C,12,판계,1,2025-05-08 13:41:00,2025-05-08 14:09:00,28.0,,공통
b190_base_r1,LPT,106,BLK_106C,12,전면SAW,2,2025-05-08 22:07:06,2025-05-09 00:03:20,116.2,,공통
b190_base_r1,LPT,106,BLK_106C,12,TurnOver,3,2025-05-09 00:03:20,2025-05-09 00:15:20,12.0,,공통
b190_base_r1,LPT,106,BLK_106C,12,후면SAW,4,2025-05-09 00:15:20,2025-05-09 02:12:52,117.5,,공통
b190_base_r1,LPT,106,BLK_106C,12,NC,5,2025-05-09 02:12:52,2025-05-09 02:46:22,33.5,,공통
b190_base_r1,LPT,106,BLK_106C,12,베이35A 론지취부,6,2025-05-09 02:46:22,2025-05-09 03:38:22,52.0,35A,베이35A
b190_base_r1,LPT,106,BLK_106C,12,베이35A 론지용접,7,2025-05-09 03:38:22,2025-05-09 03:58:34,20.2,35A,베이35A
b190_base_r1,LPT,106,BLK_106C,12,베이35A 수정,8,2025-05-09 03:58:34,2025-05-09 04:29:58,31.4,35A,베이35A
b190_base_r1,LPT,19,BLK_19S,13,판계,1,2025-05-08 14:09:00,2025-05-08 14:34:00,25.0,,공통
b190_base_r1,LPT,19,BLK_19S,13,전면SAW,2,2025-05-09 00:03:20,2025-05-09 00:37:05,33.8,,공통
b190_base_r1,LPT,19,BLK_19S,13,TurnOver,3,2025-05-09 00:37:05,2025-05-09 00:49:05,12.0,,공통
b190_base_r1,LPT,19,BLK_19S,13,후면SAW,4,2025-05-09 02:12:52,2025-05-09 02:36:09,23.3,,공통
b190_base_r1,LPT,19,BLK_19S,13,NC,5,2025-05-09 02:46:22,2025-05-09 03:21:22,35.0,,공통
b190_base_r1,LPT,19,BLK_19S,13,베이36B 론지취부,6,2025-05-09 03:21:22,2025-05-09 04:23:52,62.5,36B,베이36B
b190_base_r1,LPT,19,BLK_19S,13,베이36B 론지용접,7,2025-05-09 04:23:52,2025-05-09 04:45:52,22.0,36B,베이36B
b190_base_r1,LPT,19,BLK_19S,13,베이36B 수정,8,2025-05-09 04:45:52,2025-05-09 05:23:52,38.0,36B,베이36B
b190_base_r1,LPT,30,BLK_30C,14,판계,1,2025-05-08 14:34:00,2025-05-08 15:14:00,40.0,,공통
b190_base_r1,LPT,30,BLK_30C,14,전면SAW,2,2025-05-09 00:37:05,2025-05-09 02:40:36,123.5,,공통
b190_base_r1,LPT,30,BLK_30C,14,TurnOver,3,2025-05-09 02:40:36,2025-05-09 02:52:36,12.0,,공통
b190_base_r1,LPT,30,BLK_30C,14,후면SAW,4,2025-05-09 02:52:36,2025-05-09 04:37:02,104.4,,공통
b190_base_r1,LPT,30,BLK_30C,14,NC,5,2025-05-09 04:37:02,2025-05-09 05:19:46,42.7,,공통
b190_base_r1,LPT,30,BLK_30C,14,베이35A 론지취부,6,2025-05-09 05:19:46,2025-05-09 06:01:16,41.5,35A,베이35A
b190_base_r1,LPT,30,BLK_30C,14,베이35A 론지용접,7,2025-05-09 06:01:16,2025-05-09 06:19:40,18.4,35A,베이35A
b190_base_r1,LPT,30,BLK_30C,14,베이35A 수정,8,2025-05-09 06:19:40,2025-05-09 06:44:28,24.8,35A,베이35A
b190_base_r1,LPT,177,BLK_177S,15,판계,1,2025-05-08 15:14:00,2025-05-08 15:39:00,25.0,,공통
b190_base_r1,LPT,177,BLK_177S,15,전면SAW,2,2025-05-09 02:40:36,2025-05-09 03:16:55,36.3,,공통
b190_base_r1,LPT,177,BLK_177S,15,TurnOver,3,2025-05-09 03:16:55,2025-05-09 03:28:55,12.0,,공통
b190_base_r1,LPT,177,BLK_177S,15,후면SAW,4,2025-05-09 04:37:02,2025-05-09 05:03:42,26.7,,공통
b190_base_r1,LPT,177,BLK_177S,15,NC,5,2025-05-09 05:19:46,2025-05-09 05:57:16,37.5,,공통
b190_base_r1,LPT,177,BLK_177S,15,베이36B 론지취부,6,2025-05-09 05:57:16,2025-05-09 06:52:46,55.5,36B,베이36B
b190_base_r1,LPT,177,BLK_177S,15,베이36B 론지용접,7,2025-05-09 06:52:46,2025-05-09 07:13:34,20.8,36B,베이36B
b190_base_r1,LPT,177,BLK_177S,15,베이36B 수정,8,2025-05-09 07:13:34,2025-05-09 07:47:10,33.6,36B,베이36B
b190_base_r1,LPT,32,BLK_32S,16,판계,1,2025-05-08 15:39:00,2025-05-08 16:14:00,35.0,,공통
b190_base_r1,LPT,32,BLK_32S,16,전면SAW,2,2025-05-09 03:16:55,2025-05-09 05:18:03,121.1,,공통
b190_base_r1,LPT,32,BLK_32S,16,TurnOver,3,2025-05-09 05:18:03,2025-05-09 05:30:03,12.0,,공통
b190_base_r1,LPT,32,BLK_32S,16,후면SAW,4,2025-05-09 05:30:03,2025-05-09 07:12:12,102.2,,공통
b190_base_r1,LPT,32,BLK_32S,16,NC,5,2025-05-09 07:12:12,2025-05-09 07:48:08,35.9,,공통
b190_base_r1,LPT,32,BLK_32S,16,베이35A 론지취부,6,2025-05-09 07:48:08,2025-05-09 08:26:08,38.0,35A,베이35A
b190_base_r1,LPT,32,BLK_32S,16,베이35A 론지용접,7,2025-05-09 08:26:08,2025-05-09 08:39:56,13.8,35A,베이35A
b190_base_r1,LPT,32,BLK_32S,16,베이35A 수정,8,2025-05-09 08:39:56,2025-05-09 09:02:32,22.6,35A,베이35A
b190_base_r1,LPT,187,BLK_187P,17,판계,1,2025-05-08 16:14:00,2025-05-08 16:44:00,30.0,,공통
b190_base_r1,LPT,187,BLK_187P,17,전면SAW,2,2025-05-09 05:18:03,2025-05-09 05:48:22,30.3,,공통
b190_base_r1,LPT,187,BLK_187P,17,TurnOver,3,2025-05-09 05:48:22,2025-05-09 06:00:22,12.0,,공통
b190_base_r1,LPT,187,BLK_187P,17,후면SAW,4,2025-05-09 07:12:12,2025-05-09 07:30:58,18.8,,공통
b190_base_r1,LPT,187,BLK_187P,17,NC,5,2025-05-09 07:48:08,2025-05-09 08:34:01,45.9,,공통
b190_base_r1,LPT,187,BLK_187P,17,베이36B 론지취부,6,2025-05-09 08:34:01,2025-05-09 09:29:31,55.5,36B,베이36B
b190_base_r1,LPT,187,BLK_187P,17,베이36B 론지용접,7,2025-05-09 09:29:31,2025-05-09 09:50:19,20.8,36B,베이36B
b190_base_r1,LPT,187,BLK_187P,17,베이36B 수정,8,2025-05-09 09:50:19,2025-05-09 10:23:55,33.6,36B,베이36B
b190_base_r1,LPT,11,BLK_11P,18,판계,1,2025-05-08 16:44:00,2025-05-08 17:04:00,20.0,,공통
b190_base_r1,LPT,11,BLK_11P,18,전면SAW,2,2025-05-09 05:48:22,2025-05-09 06:22:51,34.5,,공통
b190_base_r1,LPT,11,BLK_11P,18,TurnOver,3,2025-05-09 06:22:51,2025-05-09 06:34:51,12.0,,공통
b190_base_r1,LPT,11,BLK_11P,18,후면SAW,4,2025-05-09 07:30:58,2025-05-09 07:55:13,24.2,,공통
b190_base_r1,LPT,11,BLK_11P,18,NC,5,2025-05-09 08:34:01,2025-05-09 09:00:01,26.0,,공통
b190_base_r1,LPT,11,BLK_11P,18,베이35A 론지취부,6,2025-05-09 09:00:01,2025-05-09 09:52:01,52.0,35A,베이35A
b190_base_r1,LPT,11,BLK_11P,18,베이35A 론지용접,7,2025-05-09 09:52:01,2025-05-09 10:12:13,20.2,35A,베이35A
b190_base_r1,LPT,11,BLK_11P,18,베이35A 수정,8,2025-05-09 10:12:13,2025-05-09 10:43:37,31.4,35A,베이35A
b190_base_r1,LPT,167,BLK_167S,19,판계,1,2025-05-08 17:04:00,2025-05-08 17:24:00,20.0,,공통
b190_base_r1,LPT,167,BLK_167S,19,전면SAW,2,2025-05-09 06:22:51,2025-05-09 06:57:13,34.4,,공통
b190_base_r1,LPT,167,BLK_167S,19,TurnOver,3,2025-05-09 06:57:13,2025-05-09 07:09:13,12.0,,공통
b190_base_r1,LPT,167,BLK_167S,19,후면SAW,4,2025-05-09 07:55:13,2025-05-09 08:19:20,24.1,,공통
b190_base_r1,LPT,167,BLK_167S,19,NC,5,2025-05-09 09:00:01,2025-05-09 09:27:37,27.6,,공통
b190_base_r1,LPT,167,BLK_167S,19,베이36B 론지취부,6,2025-05-09 09:29:31,2025-05-09 10:14:31,45.0,36B,베이36B
b190_base_r1,LPT,167,BLK_167S,19,베이36B 론지용접,7,2025-05-09 10:14:31,2025-05-09 10:29:31,15.0,36B,베이36B
b190_base_r1,LPT,167,BLK_167S,19,베이36B 수정,8,2025-05-09 10:29:31,2025-05-09 10:56:31,27.0,36B,베이36B
b190_base_r1,LPT,155,BLK_155P,20,판계,1,2025-05-08 17:24:00,2025-05-08 17:44:00,20.0,,공통
b190_base_r1,LPT,155,BLK_155P,20,전면SAW,2,2025-05-09 06:57:13,2025-05-09 07:37:51,40.6,,공통
b190_base_r1,LPT,155,BLK_155P,20,TurnOver,3,2025-05-09 07:37:51,2025-05-09 07:49:51,12.0,,공통
b190_base_r1,LPT,155,BLK_155P,20,후면SAW,4,2025-05-09 08:19:20,2025-05-09 08:51:39,32.3,,공통
b190_base_r1,LPT,155,BLK_155P,20,NC,5,2025-05-09 09:27:37,2025-05-09 09:52:56,25.3,,공통
b190_base_r1,LPT,155,BLK_155P,20,베이35A 론지취부,6,2025-05-09 09:52:56,2025-05-09 10:16:56,24.0,35A,베이35A
b190_base_r1,LPT,155,BLK_155P,20,베이35A 론지용접,7,2025-05-09 10:16:56,2025-05-09 10:28:20,11.4,35A,베이35A
b190_base_r1,LPT,155,BLK_155P,20,베이35A 수정,8,2025-05-09 10:43:37,2025-05-09 10:57:25,13.8,35A,베이35A
b190_base_r1,LPT,75,BLK_75P,1,판계,1,2025-05-09 08:00:00,2025-05-09 08:57:00,57.0,,공통
b190_base_r1,LPT,75,BLK_75P,1,전면SAW,2,2025-05-09 08:57:00,2025-05-09 12:07:00,190.0,,공통
b190_base_r1,LPT,75,BLK_75P,1,TurnOver,3,2025-05-09 12:07:00,2025-05-09 12:19:00,12.0,,공통
b190_base_r1,LPT,75,BLK_75P,1,후면SAW,4,2025-05-09 12:19:00,2025-05-09 15:04:00,165.0,,공통
b190_base_r1,LPT,75,BLK_75P,1,NC,5,2025-05-09 15:04:00,2025-05-09 16:11:40,67.7,,공통
b190_base_r1,LPT,75,BLK_75P,1,베이36B 론지취부,6,2025-05-09 16:11:40,2025-05-09 17:28:10,76.5,36B,베이36B
b190_base_r1,LPT,75,BLK_75P,1,베이36B 론지용접,7,2025-05-09 17:28:10,2025-05-09 17:52:34,24.4,36B,베이36B
b190_base_r1,LPT,75,BLK_75P,1,베이36B 수정,8,2025-05-09 17:52:34,2025-05-09 18:39:22,46.8,36B,베이36B
b190_base_r1,LPT,169,BLK_169C,2,판계,1,2025-05-09 08:57:00,2025-05-09 09:27:00,30.0,,공통
b190_base_r1,LPT,169,BLK_169C,2,전면SAW,2,2025-05-09 12:07:00,2025-05-09 12:41:53,34.9,,공통
b190_base_r1,LPT,169,BLK_169C,2,TurnOver,3,2025-05-09 12:41:53,2025-05-09 12:53:53,12.0,,공통
b190_base_r1,LPT,169,BLK_169C,2,후면SAW,4,2025-05-09 15:04:00,2025-05-09 15:28:47,24.8,,공통
b190_base_r1,LPT,169,BLK_169C,2,NC,5,2025-05-09 16:11:40,2025-05-09 17:08:37,57.0,,공통
b190_base_r1,LPT,169,BLK_169C,2,베이36B 론지취부,6,2025-05-09 17:28:10,2025-05-09 19:40:40,132.5,36B,베이36B
b190_base_r1,LPT,169,BLK_169C,2,베이36B 론지용접,7,2025-05-09 19:40:40,2025-05-09 20:14:40,34.0,36B,베이36B
b190_base_r1,LPT,169,BLK_169C,2,베이36B 수정,8,2025-05-09 20:14:40,2025-05-09 21:36:40,82.0,36B,베이36B
b190_base_r1,LPT,176,BLK_176P,3,판계,1,2025-05-09 09:27:00,2025-05-09 10:19:00,52.0,,공통
b190_base_r1,LPT,176,BLK_176P,3,전면SAW,2,2025-05-09 12:41:53,2025-05-09 14:43:46,121.9,,공통
b190_base_r1,LPT,176,BLK_176P,3,TurnOver,3,2025-05-09 14:43:46,2025-05-09 14:55:46,12.0,,공통
b190_base_r1,LPT,176,BLK_176P,3,후면SAW,4,2025-05-09 15:28:47,2025-05-09 17:32:54,124.1,,공통
b190_base_r1,LPT,176,BLK_176P,3,NC,5,2025-05-09 17:32:54,2025-05-09 18:43:15,70.3,,공통
b190_base_r1,LPT,176,BLK_176P,3,베이36B 론지취부,6,2025-05-09 19:40:40,2025-05-09 21:49:40,129.0,36B,베이36B
b190_base_r1,LPT,176,BLK_176P,3,베이36B 론지용접,7,2025-05-09 21:49:40,2025-05-09 22:23:04,33.4,36B,베이36B
b190_base_r1,LPT,176,BLK_176P,3,베이36B 수정,8,2025-05-09 22:23:04,2025-05-09 23:42:52,79.8,36B,베이36B
b190_base_r1,LPT,189,BLK_189S,4,판계,1,2025-05-09 10:19:00,2025-05-09 10:49:00,30.0,,공통
b190_base_r1,LPT,189,BLK_189S,4,전면SAW,2,2025-05-09 14:43:46,2025-05-09 15:16:52,33.1,,공통
b190_base_r1,LPT,189,BLK_189S,4,TurnOver,3,2025-05-09 15:16:52,2025-05-09 15:28:52,12.0,,공통
b190_base_r1,LPT,189,BLK_189S,4,후면SAW,4,2025-05-09 17:32:54,2025-05-09 17:55:20,22.4,,공통
b190_base_r1,LPT,189,BLK_189S,4,NC,5,2025-05-09 18:43:15,2025-05-09 19:30:13,47.0,,공통
b190_base_r1,LPT,189,BLK_189S,4,베이36B 론지취부,6,2025-05-09 21:49:40,2025-05-09 23:37:40,108.0,36B,베이36B
b190_base_r1,LPT,189,BLK_189S,4,베이36B 론지용접,7,2025-05-09 23:37:40,2025-05-10 00:07:28,29.8,36B,베이36B
b190_base_r1,LPT,189,BLK_189S,4,베이36B 수정,8,2025-05-10 00:07:28,2025-05-10 01:14:04,66.6,36B,베이36B
b190_base_r1,LPT,162,BLK_162P,5,판계,1,2025-05-09 10:49:00,2025-05-09 11:19:00,30.0,,공통
b190_base_r1,LPT,162,BLK_162P,5,전면SAW,2,2025-05-09 15:16:52,2025-05-09 18:26:52,190.0,,공통
b190_base_r1,LPT,162,BLK_162P,5,TurnOver,3,2025-05-09 18:26:52,2025-05-09 18:38:52,12.0,,공통
b190_base_r1,LPT,162,BLK_162P,5,후면SAW,4,2025-05-09 18:38:52,2025-05-09 21:23:52,165.0,,공통
b190_base_r1,LPT,162,BLK_162P,5,NC,5,2025-05-09 21:23:52,2025-05-09 22:36:06,72.2,,공통
b190_base_r1,LPT,162,BLK_162P,5,베이36B 론지취부,6,2025-05-09 23:37:40,2025-05-10 00:47:10,69.5,36B,베이36B
b190_base_r1,LPT,162,BLK_162P,5,베이36B 론지용접,7,2025-05-10 00:47:10,2025-05-10 01:10:22,23.2,36B,베이36B
b190_base_r1,LPT,162,BLK_162P,5,베이36B 수정,8,2025-05-10 01:14:04,2025-05-10 01:56:28,42.4,36B,베이36B
b190_base_r1,LPT,185,BLK_185P,6,판계,1,2025-05-09 11:19:00,2025-05-09 11:49:00,30.0,,공통
b190_base_r1,LPT,185,BLK_185P,6,전면SAW,2,2025-05-09 18:26:52,2025-05-09 19:08:56,42.1,,공통
b190_base_r1,LPT,185,BLK_185P,6,TurnOver,3,2025-05-09 19:08:56,2025-05-09 19:20:56,12.0,,공통
b190_base_r1,LPT,185,BLK_185P,6,후면SAW,4,2025-05-09 21:23:52,2025-05-09 21:58:06,34.2,,공통
b190_base_r1,LPT,185,BLK_185P,6,NC,5,2025-05-09 22:36:06,2025-05-09 23:24:24,48.3,,공통
b190_base_r1,LPT,185,BLK_185P,6,베이35A 론지취부,6,2025-05-09 23:24:24,2025-05-10 00:58:24,94.0,35A,베이35A
b190_base_r1,LPT,185,BLK_185P,6,베이35A 론지용접,7,2025-05-10 00:58:24,2025-05-10 01:25:48,27.4,35A,베이35A
b190_base_r1,LPT,185,BLK_185P,6,베이35A 수정,8,2025-05-10 01:25:48,2025-05-10 02:23:36,57.8,35A,베이35A
b190_base_r1,LPT,72,BLK_72P,7,판계,1,2025-05-09 11:49:00,2025-05-09 12:29:00,40.0,,공통
b190_base_r1,LPT,72,BLK_72P,7,전면SAW,2,2025-05-09 19:08:56,2025-05-09 22:18:56,190.0,,공통
b190_base_r1,LPT,72,BLK_72P,7,TurnOver,3,2025-05-09 22:18:56,2025-05-09 22:30:56,12.0,,공통
b190_base_r1,LPT,72,BLK_72P,7,후면SAW,4,2025-05-09 22:30:56,2025-05-10 01:15:56,165.0,,공통
b190_base_r1,LPT,72,BLK_72P,7,NC,5,2025-05-10 01:15:56,2025-05-10 02:03:42,47.8,,공통
b190_base_r1,LPT,72,BLK_72P,7,베이36B 론지취부,6,2025-05-10 02:03:42,2025-05-10 03:09:42,66.0,36B,베이36B
b190_base_r1,LPT,72,BLK_72P,7,베이36B 론지용접,7,2025-05-10 03:09:42,2025-05-10 03:32:18,22.6,36B,베이36B
b190_base_r1,LPT,72,BLK_72P,7,베이36B 수정,8,2025-05-10 03:32:18,2025-05-10 04:12:30,40.2,36B,베이36B
b190_base_r1,LPT,55,BLK_55P,8,판계,1,2025-05-09 12:29:00,2025-05-09 13:14:00,45.0,,공통
b190_base_r1,LPT,55,BLK_55P,8,전면SAW,2,2025-05-09 22:18:56,2025-05-09 22:56:56,38.0,,공통
b190_base_r1,LPT,55,BLK_55P,8,TurnOver,3,2025-05-09 22:56:56,2025-05-09 23:08:56,12.0,,공통
b190_base_r1,LPT,55,BLK_55P,8,후면SAW,4,2025-05-10 01:15:56,2025-05-10 01:44:49,28.9,,공통
b190_base_r1,LPT,55,BLK_55P,8,NC,5,2025-05-10 02:03:42,2025-05-10 02:57:55,54.2,,공통
b190_base_r1,LPT,55,BLK_55P,8,베이35A 론지취부,6,2025-05-10 02:57:55,2025-05-10 04:17:55,80.0,35A,베이35A
b190_base_r1,LPT,55,BLK_55P,8,베이35A 론지용접,7,2025-05-10 04:17:55,2025-05-10 04:42:55,25.0,35A,베이35A
b190_base_r1,LPT,55,BLK_55P,8,베이35A 수정,8,2025-05-10 04:42:55,2025-05-10 05:31:55,49.0,35A,베이35A
b190_base_r1,LPT,152,BLK_152S,9,판계,1,2025-05-09 13:14:00,2025-05-09 13:49:00,35.0,,공통
b190_base_r1,LPT,152,BLK_152S,9,전면SAW,2,2025-05-09 22:56:56,2025-05-10 02:06:56,190.0,,공통
b190_base_r1,LPT,152,BLK_152S,9,TurnOver,3,2025-05-10 02:06:56,2025-05-10 02:18:56,12.0,,공통
b190_base_r1,LPT,152,BLK_152S,9,후면SAW,4,2025-05-10 02:18:56,2025-05-10 05:03:56,165.0,,공통
b190_base_r1,LPT,152,BLK_152S,9,NC,5,2025-05-10 05:03:56,2025-05-10 05:45:32,41.6,,공통
b190_base_r1,LPT,152,BLK_152S,9,베이36B 론지취부,6,2025-05-10 05:45:32,2025-05-10 06:51:32,66.0,36B,베이36B
b190_base_r1,LPT,152,BLK_152S,9,베이36B 론지용접,7,2025-05-10 06:51:32,2025-05-10 07:14:08,22.6,36B,베이36B
b190_base_r1,LPT,152,BLK_152S,9,베이36B 수정,8,2025-05-10 07:14:08,2025-05-10 07:54:20,40.2,36B,베이36B
b190_base_r1,LPT,103,BLK_103P,10,판계,1,2025-05-09 13:49:00,2025-05-09 14:19:00,30.0,,공통
b190_base_r1,LPT,103,BLK_103P,10,전면SAW,2,2025-05-10 02:06:56,2025-05-10 02:38:50,31.9,,공통
b190_base_r1,LPT,103,BLK_103P,10,TurnOver,3,2025-05-10 02:38:50,2025-05-10 02:50:50,12.0,,공통
b190_base_r1,LPT,103,BLK_103P,10,후면SAW,4,2025-05-10 05:03:56,2025-05-10 05:24:47,20.9,,공통
b190_base_r1,LPT,103,BLK_103P,10,NC,5,2025-05-10 05:45:32,2025-05-10 06:28:15,42.7,,공통
b190_base_r1,LPT,103,BLK_103P,10,베이35A 론지취부,6,2025-05-10 06:28:15,2025-05-10 07:58:45,90.5,35A,베이35A
b190_base_r1,LPT,103,BLK_103P,10,베이35A 론지용접,7,2025-05-10 07:58:45,2025-05-10 08:25:33,26.8,35A,베이35A
b190_base_r1,LPT,103,BLK_103P,10,베이35A 수정,8,2025-05-10 08:25:33,2025-05-10 09:21:09,55.6,35A,베이35A
b190_base_r1,LPT,132,BLK_132C,11,판계,1,2025-05-09 14:19:00,2025-05-09 14:49:00,30.0,,공통
b190_base_r1,LPT,132,BLK_132C,11,전면SAW,2,2025-05-10 02:38:50,2025-05-10 05:28:27,169.6,,공통
b190_base_r1,LPT,132,BLK_132C,11,TurnOver,3,2025-05-10 05:28:27,2025-05-10 05:40:27,12.0,,공통
b190_base_r1,LPT,132,BLK_132C,11,후면SAW,4,2025-05-10 05:40:27,2025-05-10 07:57:49,137.4,,공통
b190_base_r1,LPT,132,BLK_132C,11,NC,5,2025-05-10 07:57:49,2025-05-10 09:04:34,66.8,,공통
b190_base_r1,LPT,132,BLK_132C,11,베이36B 론지취부,6,2025-05-10 09:04:34,2025-05-10 10:17:34,73.0,36B,베이36B
b190_base_r1,LPT,132,BLK_132C,11,베이36B 론지용접,7,2025-05-10 10:17:34,2025-05-10 10:41:22,23.8,36B,베이36B
b190_base_r1,LPT,132,BLK_132C,11,베이36B 수정,8,2025-05-10 10:41:22,2025-05-10 11:25:58,44.6,36B,베이36B
b190_base_r1,LPT,172,BLK_172P,12,판계,1,2025-05-09 14:49:00,2025-05-09 15:14:00,25.0,,공통
b190_base_r1,LPT,172,BLK_172P,12,전면SAW,2,2025-05-10 05:28:27,2025-05-10 06:19:10,50.7,,공통
b190_base_r1,LPT,172,BLK_172P,12,TurnOver,3,2025-05-10 06:19:10,2025-05-10 06:31:10,12.0,,공통
b190_base_r1,LPT,172,BLK_172P,12,후면SAW,4,2025-05-10 07:57:49,2025-05-10 08:43:26,45.6,,공통
b190_base_r1,LPT,172,BLK_172P,12,NC,5,2025-05-10 09:04:34,2025-05-10 09:41:55,37.4,,공통
b190_base_r1,LPT,172,BLK_172P,12,베이35A 론지취부,6,2025-05-10 09:41:55,2025-05-10 10:51:25,69.5,35A,베이35A
b190_base_r1,LPT,172,BLK_172P,12,베이35A 론지용접,7,2025-05-10 10:51:25,2025-05-10 11:14:37,23.2,35A,베이35A
b190_base_r1,LPT,172,BLK_172P,12,베이35A 수정,8,2025-05-10 11:14:37,2025-05-10 11:57:01,42.4,35A,베이35A
b190_base_r1,LPT,60,BLK_60P,1,판계,1,2025-05-10 08:00:00,2025-05-10 08:35:00,35.0,,공통
b190_base_r1,LPT,60,BLK_60P,1,전면SAW,2,2025-05-10 08:35:00,2025-05-10 11:45:00,190.0,,공통
b190_base_r1,LPT,60,BLK_60P,1,TurnOver,3,2025-05-10 11:45:00,2025-05-10 11:57:00,12.0,,공통
b190_base_r1,LPT,60,BLK_60P,1,후면SAW,4,2025-05-10 11:57:00,2025-05-10 14:30:11,153.2,,공통
b190_base_r1,LPT,60,BLK_60P,1,NC,5,2025-05-10 14:30:11,2025-05-10 15:12:03,41.9,,공통
b190_base_r1,LPT,60,BLK_60P,1,베이36B 론지취부,6,2025-05-10 15:12:03,2025-05-10 16:11:03,59.0,36B,베이36B
b190_base_r1,LPT,60,BLK_60P,1,베이36B 론지용접,7,2025-05-10 16:11:03,2025-05-10 16:32:27,21.4,36B,베이36B
b190_base_r1,LPT,60,BLK_60P,1,베이36B 수정,8,2025-05-10 16:32:27,2025-05-10 17:08:15,35.8,36B,베이36B
b190_base_r1,LPT,48,BLK_48C,2,판계,1,2025-05-10 08:35:00,2025-05-10 09:20:00,45.0,,공통
b190_base_r1,LPT,48,BLK_48C,2,전면SAW,2,2025-05-10 11:45:00,2025-05-10 12:21:28,36.5,,공통
b190_base_r1,LPT,48,BLK_48C,2,TurnOver,3,2025-05-10 12:21:28,2025-05-10 12:33:28,12.0,,공통
b190_base_r1,LPT,48,BLK_48C,2,후면SAW,4,2025-05-10 14:30:11,2025-05-10 14:57:03,26.9,,공통
b190_base_r1,LPT,48,BLK_48C,2,NC,5,2025-05-10 15:12:03,2025-05-10 16:07:59,55.9,,공통
b190_base_r1,LPT,48,BLK_48C,2,베이36B 론지취부,6,2025-05-10 16:11:03,2025-05-10 17:27:33,76.5,36B,베이36B
b190_base_r1,LPT,48,BLK_48C,2,베이36B 론지용접,7,2025-05-10 17:27:33,2025-05-10 17:51:57,24.4,36B,베이36B
b190_base_r1,LPT,48,BLK_48C,2,베이36B 수정,8,2025-05-10 17:51:57,2025-05-10 18:38:45,46.8,36B,베이36B
b190_base_r1,LPT,186,BLK_186C,3,판계,1,2025-05-10 09:20:00,2025-05-10 09:58:00,38.0,,공통
b190_base_r1,LPT,186,BLK_186C,3,전면SAW,2,2025-05-10 12:21:28,2025-05-10 14:34:15,132.8,,공통
b190_base_r1,LPT,186,BLK_186C,3,TurnOver,3,2025-05-10 14:34:15,2025-05-10 14:46:15,12.0,,공통
b190_base_r1,LPT,186,BLK_186C,3,후면SAW,4,2025-05-10 14:57:03,2025-05-10 17:13:52,136.8,,공통
b190_base_r1,LPT,186,BLK_186C,3,NC,5,2025-05-10 17:13:52,2025-05-10 18:01:09,47.3,,공통
b190_base_r1,LPT,186,BLK_186C,3,베이35A 론지취부,6,2025-05-10 18:01:09,2025-05-10 19:31:39,90.5,35A,베이35A
b190_base_r1,LPT,186,BLK_186C,3,베이35A 론지용접,7,2025-05-10 19:31:39,2025-05-10 19:58:27,26.8,35A,베이35A
b190_base_r1,LPT,186,BLK_186C,3,베이35A 수정,8,2025-05-10 19:58:27,2025-05-10 20:54:03,55.6,35A,베이35A
b190_base_r1,LPT,136,BLK_136C,4,판계,1,2025-05-10 09:58:00,2025-05-10 10:28:00,30.0,,공통
b190_base_r1,LPT,136,BLK_136C,4,전면SAW,2,2025-05-10 14:34:15,2025-05-10 15:05:53,31.6,,공통
b190_base_r1,LPT,136,BLK_136C,4,TurnOver,3,2025-05-10 15:05:53,2025-05-10 15:17:53,12.0,,공통
b190_base_r1,LPT,136,BLK_136C,4,후면SAW,4,2025-05-10 17:13:52,2025-05-10 17:34:23,20.5,,공통
b190_base_r1,LPT,136,BLK_136C,4,NC,5,2025-05-10 18:01:09,2025-05-10 18:49:57,48.8,,공통
b190_base_r1,LPT,136,BLK_136C,4,베이36B 론지취부,6,2025-05-10 18:49:57,2025-05-10 20:16:57,87.0,36B,베이36B
b190_base_r1,LPT,136,BLK_136C,4,베이36B 론지용접,7,2025-05-10 20:16:57,2025-05-10 20:43:09,26.2,36B,베이36B
b190_base_r1,LPT,136,BLK_136C,4,베이36B 수정,8,2025-05-10 20:43:09,2025-05-10 21:36:33,53.4,36B,베이36B
b190_base_r1,LPT,62,BLK_62C,5,판계,1,2025-05-10 10:28:00,2025-05-10 11:06:00,38.0,,공통
b190_base_r1,LPT,62,BLK_62C,5,전면SAW,2,2025-05-10 15:05:53,2025-05-10 17:05:22,119.5,,공통
b190_base_r1,LPT,62,BLK_62C,5,TurnOver,3,2025-05-10 17:05:22,2025-05-10 17:17:22,12.0,,공통
b190_base_r1,LPT,62,BLK_62C,5,후면SAW,4,2025-05-10 17:34:23,2025-05-10 19:35:43,121.3,,공통
b190_base_r1,LPT,62,BLK_62C,5,NC,5,2025-05-10 19:35:43,2025-05-10 20:24:43,49.0,,공통
b190_base_r1,LPT,62,BLK_62C,5,베이35A 론지취부,6,2025-05-10 20:24:43,2025-05-10 22:02:13,97.5,35A,베이35A
b190_base_r1,LPT,62,BLK_62C,5,베이35A 론지용접,7,2025-05-10 22:02:13,2025-05-10 22:30:13,28.0,35A,베이35A
b190_base_r1,LPT,62,BLK_62C,5,베이35A 수정,8,2025-05-10 22:30:13,2025-05-10 23:30:13,60.0,35A,베이35A
b190_base_r1,LPT,129,BLK_129P,6,판계,1,2025-05-10 11:06:00,2025-05-10 11:36:00,30.0,,공통
b190_base_r1,LPT,129,BLK_129P,6,전면SAW,2,2025-05-10 17:05:22,2025-05-10 17:45:01,39.6,,공통
b190_base_r1,LPT,129,BLK_129P,6,TurnOver,3,2025-05-10 17:45:01,2025-05-10 17:57:01,12.0,,공통
b190_base_r1,LPT,129,BLK_129P,6,후면SAW,4,2025-05-10 19:35:43,2025-05-10 20:06:45,31.0,,공통
b190_base_r1,LPT,129,BLK_129P,6,NC,5,2025-05-10 20:24:43,2025-05-10 21:06:54,42.2,,공통
b190_base_r1,LPT,129,BLK_129P,6,베이36B 론지취부,6,2025-05-10 21:06:54,2025-05-10 22:23:24,76.5,36B,베이36B
b190_base_r1,LPT,129,BLK_129P,6,베이36B 론지용접,7,2025-05-10 22:23:24,2025-05-10 22:47:48,24.4,36B,베이36B
b190_base_r1,LPT,129,BLK_129P,6,베이36B 수정,8,2025-05-10 22:47:48,2025-05-10 23:34:36,46.8,36B,베이36B
b190_base_r1,LPT,134,BLK_134C,7,판계,1,2025-05-10 11:36:00,2025-05-10 12:03:00,27.0,,공통
b190_base_r1,LPT,134,BLK_134C,7,전면SAW,2,2025-05-10 17:45:01,2025-05-10 20:52:44,187.7,,공통
b190_base_r1,LPT,134,BLK_134C,7,TurnOver,3,2025-05-10 20:52:44,2025-05-10 21:04:44,12.0,,공통
b190_base_r1,LPT,134,BLK_134C,7,후면SAW,4,2025-05-10 21:04:44,2025-05-10 23:25:03,140.3,,공통
b190_base_r1,LPT,134,BLK_134C,7,NC,5,2025-05-10 23:25:03,2025-05-10 23:58:25,33.4,,공통
b190_base_r1,LPT,134,BLK_134C,7,베이35A 론지취부,6,2025-05-10 23:58:25,2025-05-11 00:53:55,55.5,35A,베이35A
b190_base_r1,LPT,134,BLK_134C,7,베이35A 론지용접,7,2025-05-11 00:53:55,2025-05-11 01:14:43,20.8,35A,베이35A
b190_base_r1,LPT,134,BLK_134C,7,베이35A 수정,8,2025-05-11 01:14:43,2025-05-11 01:48:19,33.6,35A,베이35A
b190_base_r1,LPT,159,BLK_159S,8,판계,1,2025-05-10 12:03:00,2025-05-10 12:33:00,30.0,,공통
b190_base_r1,LPT,159,BLK_159S,8,전면SAW,2,2025-05-10 20:52:44,2025-05-10 21:23:38,30.9,,공통
b190_base_r1,LPT,159,BLK_159S,8,TurnOver,3,2025-05-10 21:23:38,2025-05-10 21:35:38,12.0,,공통
b190_base_r1,LPT,159,BLK_159S,8,후면SAW,4,2025-05-10 23:25:03,2025-05-10 23:44:35,19.5,,공통
b190_base_r1,LPT,159,BLK_159S,8,NC,5,2025-05-10 23:58:25,2025-05-11 00:47:18,48.9,,공통
b190_base_r1,LPT,159,BLK_159S,8,베이36B 론지취부,6,2025-05-11 00:47:18,2025-05-11 02:10:48,83.5,36B,베이36B
b190_base_r1,LPT,159,BLK_159S,8,베이36B 론지용접,7,2025-05-11 02:10:48,2025-05-11 02:36:24,25.6,36B,베이36B
b190_base_r1,LPT,159,BLK_159S,8,베이36B 수정,8,2025-05-11 02:36:24,2025-05-11 03:27:36,51.2,36B,베이36B
b190_base_r1,LPT,64,BLK_64S,9,판계,1,2025-05-10 12:33:00,2025-05-10 13:18:00,45.0,,공통
b190_base_r1,LPT,64,BLK_64S,9,전면SAW,2,2025-05-10 21:23:38,2025-05-10 23:51:16,147.6,,공통
b190_base_r1,LPT,64,BLK_64S,9,TurnOver,3,2025-05-10 23:51:16,2025-05-11 00:03:16,12.0,,공통
b190_base_r1,LPT,64,BLK_64S,9,후면SAW,4,2025-05-11 00:03:16,2025-05-11 02:10:48,127.5,,공통
b190_base_r1,LPT,64,BLK_64S,9,NC,5,2025-05-11 02:10:48,2025-05-11 03:02:26,51.6,,공통
b190_base_r1,LPT,64,BLK_64S,9,베이35A 론지취부,6,2025-05-11 03:02:26,2025-05-11 04:04:56,62.5,35A,베이35A
b190_base_r1,LPT,64,BLK_64S,9,베이35A 론지용접,7,2025-05-11 04:04:56,2025-05-11 04:26:56,22.0,35A,베이35A
b190_base_r1,LPT,64,BLK_64S,9,베이35A 수정,8,2025-05-11 04:26:56,2025-05-11 05:04:56,38.0,35A,베이35A
b190_base_r1,LPT,63,BLK_63P,10,판계,1,2025-05-10 13:18:00,2025-05-10 13:38:00,20.0,,공통
b190_base_r1,LPT,63,BLK_63P,10,전면SAW,2,2025-05-10 23:51:16,2025-05-11 00:32:37,41.4,,공통
b190_base_r1,LPT,63,BLK_63P,10,TurnOver,3,2025-05-11 00:32:37,2025-05-11 00:44:37,12.0,,공통
b190_base_r1,LPT,63,BLK_63P,10,후면SAW,4,2025-05-11 02:10:48,2025-05-11 02:44:06,33.3,,공통
b190_base_r1,LPT,63,BLK_63P,10,NC,5,2025-05-11 03:02:26,2025-05-11 03:35:49,33.4,,공통
b190_base_r1,LPT,63,BLK_63P,10,베이36B 론지취부,6,2025-05-11 03:35:49,2025-05-11 04:52:19,76.5,36B,베이36B
b190_base_r1,LPT,63,BLK_63P,10,베이36B 론지용접,7,2025-05-11 04:52:19,2025-05-11 05:16:43,24.4,36B,베이36B
b190_base_r1,LPT,63,BLK_63P,10,베이36B 수정,8,2025-05-11 05:16:43,2025-05-11 06:03:31,46.8,36B,베이36B
b190_base_r1,LPT,66,BLK_66P,1,판계,1,2025-05-11 08:00:00,2025-05-11 08:33:00,33.0,,공통
b190_base_r1,LPT,66,BLK_66P,1,전면SAW,2,2025-05-11 08:33:00,2025-05-11 10:48:17,135.3,,공통
b190_base_r1,LPT,66,BLK_66P,1,TurnOver,3,2025-05-11 10:48:17,2025-05-11 11:00:17,12.0,,공통
b190_base_r1,LPT,66,BLK_66P,1,후면SAW,4,2025-05-11 11:00:17,2025-05-11 13:20:03,139.8,,공통
b190_base_r1,LPT,66,BLK_66P,1,NC,5,2025-05-11 13:20:03,2025-05-11 14:01:27,41.4,,공통
b190_base_r1,LPT,66,BLK_66P,1,베이36B 론지취부,6,2025-05-11 14:01:27,2025-05-11 15:14:27,73.0,36B,베이36B
b190_base_r1,LPT,66,BLK_66P,1,베이36B 론지용접,7,2025-05-11 15:14:27,2025-05-11 15:38:15,23.8,36B,베이36B
b190_base_r1,LPT,66,BLK_66P,1,베이36B 수정,8,2025-05-11 15:38:15,2025-05-11 16:22:51,44.6,36B,베이36B
b190_base_r1,LPT,68,BLK_68S,2,판계,1,2025-05-11 08:33:00,2025-05-11 09:03:00,30.0,,공통
b190_base_r1,LPT,68,BLK_68S,2,전면SAW,2,2025-05-11 10:48:17,2025-05-11 11:26:32,38.2,,공통
b190_base_r1,LPT,68,BLK_68S,2,TurnOver,3,2025-05-11 11:26:32,2025-05-11 11:38:32,12.0,,공통
b190_base_r1,LPT,68,BLK_68S,2,후면SAW,4,2025-05-11 13:20:03,2025-05-11 13:49:15,29.2,,공통
b190_base_r1,LPT,68,BLK_68S,2,NC,5,2025-05-11 14:01:27,2025-05-11 14:48:21,46.9,,공통
b190_base_r1,LPT,68,BLK_68S,2,베이35A 론지취부,6,2025-05-11 14:48:21,2025-05-11 16:01:21,73.0,35A,베이35A
b190_base_r1,LPT,68,BLK_68S,2,베이35A 론지용접,7,2025-05-11 16:01:21,2025-05-11 16:25:09,23.8,35A,베이35A
b190_base_r1,LPT,68,BLK_68S,2,베이35A 수정,8,2025-05-11 16:25:09,2025-05-11 17:09:45,44.6,35A,베이35A
b190_base_r1,LPT,179,BLK_179P,3,판계,1,2025-05-11 09:03:00,2025-05-11 09:48:00,45.0,,공통
b190_base_r1,LPT,179,BLK_179P,3,전면SAW,2,2025-05-11 11:26:32,2025-05-11 13:46:56,140.4,,공통
b190_base_r1,LPT,179,BLK_179P,3,TurnOver,3,2025-05-11 13:46:56,2025-05-11 13:58:56,12.0,,공통
b190_base_r1,LPT,179,BLK_179P,3,후면SAW,4,2025-05-11 13:58:56,2025-05-11 15:59:33,120.6,,공통
b190_base_r1,LPT,179,BLK_179P,3,NC,5,2025-05-11 15:59:33,2025-05-11 16:48:43,49.2,,공통
b190_base_r1,LPT,179,BLK_179P,3,베이36B 론지취부,6,2025-05-11 16:48:43,2025-05-11 17:44:13,55.5,36B,베이36B
b190_base_r1,LPT,179,BLK_179P,3,베이36B 론지용접,7,2025-05-11 17:44:13,2025-05-11 18:05:01,20.8,36B,베이36B
b190_base_r1,LPT,179,BLK_179P,3,베이36B 수정,8,2025-05-11 18:05:01,2025-05-11 18:38:37,33.6,36B,베이36B
b190_base_r1,LPT,79,BLK_79C,4,판계,1,2025-05-11 09:48:00,2025-05-11 10:13:00,25.0,,공통
b190_base_r1,LPT,79,BLK_79C,4,전면SAW,2,2025-05-11 13:46:56,2025-05-11 14:22:01,35.1,,공통
b190_base_r1,LPT,79,BLK_79C,4,TurnOver,3,2025-05-11 14:22:01,2025-05-11 14:34:01,12.0,,공통
b190_base_r1,LPT,79,BLK_79C,4,후면SAW,4,2025-05-11 15:59:33,2025-05-11 16:24:36,25.1,,공통
b190_base_r1,LPT,79,BLK_79C,4,NC,5,2025-05-11 16:48:43,2025-05-11 17:26:05,37.4,,공통
b190_base_r1,LPT,79,BLK_79C,4,베이35A 론지취부,6,2025-05-11 17:26:05,2025-05-11 18:39:05,73.0,35A,베이35A
b190_base_r1,LPT,79,BLK_79C,4,베이35A 론지용접,7,2025-05-11 18:39:05,2025-05-11 19:02:53,23.8,35A,베이35A
b190_base_r1,LPT,79,BLK_79C,4,베이35A 수정,8,2025-05-11 19:02:53,2025-05-11 19:47:29,44.6,35A,베이35A
b190_base_r1,LPT,54,BLK_54C,5,판계,1,2025-05-11 10:13:00,2025-05-11 10:46:00,33.0,,공통
b190_base_r1,LPT,54,BLK_54C,5,전면SAW,2,2025-05-11 14:22:01,2025-05-11 16:34:27,132.4,,공통
b190_base_r1,LPT,54,BLK_54C,5,TurnOver,3,2025-05-11 16:34:27,2025-05-11 16:46:27,12.0,,공통
b190_base_r1,LPT,54,BLK_54C,5,후면SAW,4,2025-05-11 16:46:27,2025-05-11 19:02:51,136.4,,공통
b190_base_r1,LPT,54,BLK_54C,5,NC,5,2025-05-11 19:02:51,2025-05-11 19:45:26,42.6,,공통
b190_base_r1,LPT,54,BLK_54C,5,베이36B 론지취부,6,2025-05-11 19:45:26,2025-05-11 20:44:26,59.0,36B,베이36B
b190_base_r1,LPT,54,BLK_54C,5,베이36B 론지용접,7,2025-05-11 20:44:26,2025-05-11 21:05:50,21.4,36B,베이36B
b190_base_r1,LPT,54,BLK_54C,5,베이36B 수정,8,2025-05-11 21:05:50,2025-05-11 21:41:38,35.8,36B,베이36B
b190_base_r1,LPT,102,BLK_102P,6,판계,1,2025-05-11 10:46:00,2025-05-11 11:11:00,25.0,,공통
b190_base_r1,LPT,102,BLK_102P,6,전면SAW,2,2025-05-11 16:34:27,2025-05-11 17:07:39,33.2,,공통
b190_base_r1,LPT,102,BLK_102P,6,TurnOver,3,2025-05-11 17:07:39,2025-05-11 17:19:39,12.0,,공통
b190_base_r1,LPT,102,BLK_102P,6,후면SAW,4,2025-05-11 19:02:51,2025-05-11 19:25:24,22.6,,공통
b190_base_r1,LPT,102,BLK_102P,6,NC,5,2025-05-11 19:45:26,2025-05-11 20:23:20,37.9,,공통
b190_base_r1,LPT,102,BLK_102P,6,베이35A 론지취부,6,2025-05-11 20:23:20,2025-05-11 21:36:20,73.0,35A,베이35A
b190_base_r1,LPT,102,BLK_102P,6,베이35A 론지용접,7,2025-05-11 21:36:20,2025-05-11 22:00:08,23.8,35A,베이35A
b190_base_r1,LPT,102,BLK_102P,6,베이35A 수정,8,2025-05-11 22:00:08,2025-05-11 22:44:44,44.6,35A,베이35A
b190_base_r1,LPT,124,BLK_124P,7,판계,1,2025-05-11 11:11:00,2025-05-11 11:41:00,30.0,,공통
b190_base_r1,LPT,124,BLK_124P,7,전면SAW,2,2025-05-11 17:07:39,2025-05-11 18:53:28,105.8,,공통
b190_base_r1,LPT,124,BLK_124P,7,TurnOver,3,2025-05-11 18:53:28,2025-05-11 19:05:28,12.0,,공통
b190_base_r1,LPT,124,BLK_124P,7,후면SAW,4,2025-05-11 19:25:24,2025-05-11 21:10:48,105.4,,공통
b190_base_r1,LPT,124,BLK_124P,7,NC,5,2025-05-11 21:10:48,2025-05-11 22:04:32,53.7,,공통
b190_base_r1,LPT,124,BLK_124P,7,베이36B 론지취부,6,2025-05-11 22:04:32,2025-05-11 23:24:32,80.0,36B,베이36B
b190_base_r1,LPT,124,BLK_124P,7,베이36B 론지용접,7,2025-05-11 23:24:32,2025-05-11 23:49:32,25.0,36B,베이36B
b190_base_r1,LPT,124,BLK_124P,7,베이36B 수정,8,2025-05-11 23:49:32,2025-05-12 00:38:32,49.0,36B,베이36B
b190_base_r1,LPT,150,BLK_150P,8,판계,1,2025-05-11 11:41:00,2025-05-11 12:06:00,25.0,,공통
b190_base_r1,LPT,150,BLK_150P,8,전면SAW,2,2025-05-11 18:53:28,2025-05-11 19:26:09,32.7,,공통
b190_base_r1,LPT,150,BLK_150P,8,TurnOver,3,2025-05-11 19:26:09,2025-05-11 19:38:09,12.0,,공통
b190_base_r1,LPT,150,BLK_150P,8,후면SAW,4,2025-05-11 21:10:48,2025-05-11 21:32:40,21.9,,공통
b190_base_r1,LPT,150,BLK_150P,8,NC,5,2025-05-11 22:04:32,2025-05-11 22:40:42,36.2,,공통
b190_base_r1,LPT,150,BLK_150P,8,베이35A 론지취부,6,2025-05-11 22:40:42,2025-05-11 23:53:42,73.0,35A,베이35A
b190_base_r1,LPT,150,BLK_150P,8,베이35A 론지용접,7,2025-05-11 23:53:42,2025-05-12 00:17:30,23.8,35A,베이35A
b190_base_r1,LPT,150,BLK_150P,8,베이35A 수정,8,2025-05-12 00:17:30,2025-05-12 01:02:06,44.6,35A,베이35A
b190_base_r1,LPT,142,BLK_142P,9,판계,1,2025-05-11 12:06:00,2025-05-11 12:36:00,30.0,,공통
b190_base_r1,LPT,142,BLK_142P,9,전면SAW,2,2025-05-11 19:26:09,2025-05-11 21:34:09,128.0,,공통
b190_base_r1,LPT,142,BLK_142P,9,TurnOver,3,2025-05-11 21:34:09,2025-05-11 21:46:09,12.0,,공통
b190_base_r1,LPT,142,BLK_142P,9,후면SAW,4,2025-05-11 21:46:09,2025-05-11 23:18:39,92.5,,공통
b190_base_r1,LPT,142,BLK_142P,9,NC,5,2025-05-11 23:18:39,2025-05-12 00:15:24,56.8,,공통
b190_base_r1,LPT,142,BLK_142P,9,베이36B 론지취부,6,2025-05-12 00:15:24,2025-05-12 01:28:24,73.0,36B,베이36B
b190_base_r1,LPT,142,BLK_142P,9,베이36B 론지용접,7,2025-05-12 01:28:24,2025-05-12 01:52:12,23.8,36B,베이36B
b190_base_r1,LPT,142,BLK_142P,9,베이36B 수정,8,2025-05-12 01:52:12,2025-05-12 02:36:48,44.6,36B,베이36B
b190_base_r1,LPT,109,BLK_109C,10,판계,1,2025-05-11 12:36:00,2025-05-11 13:01:00,25.0,,공통
b190_base_r1,LPT,109,BLK_109C,10,전면SAW,2,2025-05-11 21:34:09,2025-05-11 22:08:45,34.6,,공통
b190_base_r1,LPT,109,BLK_109C,10,TurnOver,3,2025-05-11 22:08:45,2025-05-11 22:20:45,12.0,,공통
b190_base_r1,LPT,109,BLK_109C,10,후면SAW,4,2025-05-11 23:18:39,2025-05-11 23:43:04,24.4,,공통
b190_base_r1,LPT,109,BLK_109C,10,NC,5,2025-05-12 00:15:24,2025-05-12 00:52:10,36.8,,공통
b190_base_r1,LPT,109,BLK_109C,10,베이35A 론지취부,6,2025-05-12 00:52:10,2025-05-12 02:01:40,69.5,35A,베이35A
b190_base_r1,LPT,109,BLK_109C,10,베이35A 론지용접,7,2025-05-12 02:01:40,2025-05-12 02:24:52,23.2,35A,베이35A
b190_base_r1,LPT,109,BLK_109C,10,베이35A 수정,8,2025-05-12 02:24:52,2025-05-12 03:07:16,42.4,35A,베이35A
b190_base_r1,LPT,47,BLK_47C,11,판계,1,2025-05-11 13:01:00,2025-05-11 13:13:00,12.0,,공통
b190_base_r1,LPT,47,BLK_47C,11,전면SAW,2,2025-05-11 22:08:45,2025-05-11 23:13:03,64.3,,공통
b190_base_r1,LPT,47,BLK_47C,11,TurnOver,3,2025-05-11 23:13:03,2025-05-11 23:25:03,12.0,,공통
b190_base_r1,LPT,47,BLK_47C,11,후면SAW,4,2025-05-11 23:43:04,2025-05-12 00:46:33,63.5,,공통
b190_base_r1,LPT,47,BLK_47C,11,NC,5,2025-05-12 00:52:10,2025-05-12 01:14:49,22.6,,공통
b190_base_r1,LPT,47,BLK_47C,11,베이36B 론지취부,6,2025-05-12 01:28:24,2025-05-12 02:06:24,38.0,36B,베이36B
b190_base_r1,LPT,47,BLK_47C,11,베이36B 론지용접,7,2025-05-12 02:06:24,2025-05-12 02:24:12,17.8,36B,베이36B
b190_base_r1,LPT,47,BLK_47C,11,베이36B 수정,8,2025-05-12 02:36:48,2025-05-12 02:59:24,22.6,36B,베이36B
b190_base_r1,LPT,99,BLK_99S,1,판계,1,2025-05-12 08:00:00,2025-05-12 08:38:00,38.0,,공통
b190_base_r1,LPT,99,BLK_99S,1,전면SAW,2,2025-05-12 08:38:00,2025-05-12 10:26:32,108.5,,공통
b190_base_r1,LPT,99,BLK_99S,1,TurnOver,3,2025-05-12 10:26:32,2025-05-12 10:38:32,12.0,,공통
b190_base_r1,LPT,99,BLK_99S,1,후면SAW,4,2025-05-12 10:38:32,2025-05-12 12:27:06,108.6,,공통
b190_base_r1,LPT,99,BLK_99S,1,NC,5,2025-05-12 12:27:06,2025-05-12 13:15:51,48.8,,공통
b190_base_r1,LPT,99,BLK_99S,1,베이35A 론지취부,6,2025-05-12 13:15:51,2025-05-12 14:28:51,73.0,35A,베이35A
b190_base_r1,LPT,99,BLK_99S,1,베이35A 론지용접,7,2025-05-12 14:28:51,2025-05-12 14:52:39,23.8,35A,베이35A
b190_base_r1,LPT,99,BLK_99S,1,베이35A 수정,8,2025-05-12 14:52:39,2025-05-12 15:37:15,44.6,35A,베이35A
b190_base_r1,LPT,164,BLK_164S,2,판계,1,2025-05-12 08:38:00,2025-05-12 09:08:00,30.0,,공통
b190_base_r1,LPT,164,BLK_164S,2,전면SAW,2,2025-05-12 10:26:32,2025-05-12 11:06:24,39.9,,공통
b190_base_r1,LPT,164,BLK_164S,2,TurnOver,3,2025-05-12 11:06:24,2025-05-12 11:18:24,12.0,,공통
b190_base_r1,LPT,164,BLK_164S,2,후면SAW,4,2025-05-12 12:27:06,2025-05-12 12:58:25,31.3,,공통
b190_base_r1,LPT,164,BLK_164S,2,NC,5,2025-05-12 13:15:51,2025-05-12 13:57:45,41.9,,공통
b190_base_r1,LPT,164,BLK_164S,2,베이36B 론지취부,6,2025-05-12 13:57:45,2025-05-12 14:53:15,55.5,36B,베이36B
b190_base_r1,LPT,164,BLK_164S,2,베이36B 론지용접,7,2025-05-12 14:53:15,2025-05-12 15:14:03,20.8,36B,베이36B
b190_base_r1,LPT,164,BLK_164S,2,베이36B 수정,8,2025-05-12 15:14:03,2025-05-12 15:47:39,33.6,36B,베이36B
b190_base_r1,LPT,46,BLK_46P,3,판계,1,2025-05-12 09:08:00,2025-05-12 09:48:00,40.0,,공통
b190_base_r1,LPT,46,BLK_46P,3,전면SAW,2,2025-05-12 11:06:24,2025-05-12 13:23:42,137.3,,공통
b190_base_r1,LPT,46,BLK_46P,3,TurnOver,3,2025-05-12 13:23:42,2025-05-12 13:35:42,12.0,,공통
b190_base_r1,LPT,46,BLK_46P,3,후면SAW,4,2025-05-12 13:35:42,2025-05-12 15:15:39,100.0,,공통
b190_base_r1,LPT,46,BLK_46P,3,NC,5,2025-05-12 15:15:39,2025-05-12 15:59:18,43.6,,공통
b190_base_r1,LPT,46,BLK_46P,3,베이35A 론지취부,6,2025-05-12 15:59:18,2025-05-12 16:54:48,55.5,35A,베이35A
b190_base_r1,LPT,46,BLK_46P,3,베이35A 론지용접,7,2025-05-12 16:54:48,2025-05-12 17:15:36,20.8,35A,베이35A
b190_base_r1,LPT,46,BLK_46P,3,베이35A 수정,8,2025-05-12 17:15:36,2025-05-12 17:49:12,33.6,35A,베이35A
b190_base_r1,LPT,51,BLK_51C,4,판계,1,2025-05-12 09:48:00,2025-05-12 10:08:00,20.0,,공통
b190_base_r1,LPT,51,BLK_51C,4,전면SAW,2,2025-05-12 13:23:42,2025-05-12 14:04:25,40.7,,공통
b190_base_r1,LPT,51,BLK_51C,4,TurnOver,3,2025-05-12 14:04:25,2025-05-12 14:16:25,12.0,,공통
b190_base_r1,LPT,51,BLK_51C,4,후면SAW,4,2025-05-12 15:15:39,2025-05-12 15:48:07,32.5,,공통
b190_base_r1,LPT,51,BLK_51C,4,NC,5,2025-05-12 15:59:18,2025-05-12 16:29:27,30.2,,공통
b190_base_r1,LPT,51,BLK_51C,4,베이36B 론지취부,6,2025-05-12 16:29:27,2025-05-12 17:35:27,66.0,36B,베이36B
b190_base_r1,LPT,51,BLK_51C,4,베이36B 론지용접,7,2025-05-12 17:35:27,2025-05-12 17:58:03,22.6,36B,베이36B
b190_base_r1,LPT,51,BLK_51C,4,베이36B 수정,8,2025-05-12 17:58:03,2025-05-12 18:38:15,40.2,36B,베이36B
b190_base_r1,LPT,149,BLK_149C,5,판계,1,2025-05-12 10:08:00,2025-05-12 10:53:00,45.0,,공통
b190_base_r1,LPT,149,BLK_149C,5,전면SAW,2,2025-05-12 14:04:25,2025-05-12 16:14:33,130.1,,공통
b190_base_r1,LPT,149,BLK_149C,5,TurnOver,3,2025-05-12 16:14:33,2025-05-12 16:26:33,12.0,,공통
b190_base_r1,LPT,149,BLK_149C,5,후면SAW,4,2025-05-12 16:26:33,2025-05-12 18:00:45,94.2,,공통
b190_base_r1,LPT,149,BLK_149C,5,NC,5,2025-05-12 18:00:45,2025-05-12 18:50:48,50.0,,공통
b190_base_r1,LPT,149,BLK_149C,5,베이35A 론지취부,6,2025-05-12 18:50:48,2025-05-12 19:46:18,55.5,35A,베이35A
b190_base_r1,LPT,149,BLK_149C,5,베이35A 론지용접,7,2025-05-12 19:46:18,2025-05-12 20:07:06,20.8,35A,베이35A
b190_base_r1,LPT,149,BLK_149C,5,베이35A 수정,8,2025-05-12 20:07:06,2025-05-12 20:40:42,33.6,35A,베이35A
b190_base_r1,LPT,123,BLK_123S,6,판계,1,2025-05-12 10:53:00,2025-05-12 11:18:00,25.0,,공통
b190_base_r1,LPT,123,BLK_123S,6,전면SAW,2,2025-05-12 16:14:33,2025-05-12 16:47:16,32.7,,공통
b190_base_r1,LPT,123,BLK_123S,6,TurnOver,3,2025-05-12 16:47:16,2025-05-12 16:59:16,12.0,,공통
b190_base_r1,LPT,123,BLK_123S,6,후면SAW,4,2025-05-12 18:00:45,2025-05-12 18:22:42,21.9,,공통
b190_base_r1,LPT,123,BLK_123S,6,NC,5,2025-05-12 18:50:48,2025-05-12 19:27:59,37.2,,공통
b190_base_r1,LPT,123,BLK_123S,6,베이36B 론지취부,6,2025-05-12 19:27:59,2025-05-12 20:37:29,69.5,36B,베이36B
b190_base_r1,LPT,123,BLK_123S,6,베이36B 론지용접,7,2025-05-12 20:37:29,2025-05-12 21:00:41,23.2,36B,베이36B
b190_base_r1,LPT,123,BLK_123S,6,베이36B 수정,8,2025-05-12 21:00:41,2025-05-12 21:43:05,42.4,36B,베이36B
b190_base_r1,LPT,74,BLK_74P,7,판계,1,2025-05-12 11:18:00,2025-05-12 11:45:00,27.0,,공통
b190_base_r1,LPT,74,BLK_74P,7,전면SAW,2,2025-05-12 16:47:16,2025-05-12 19:12:06,144.8,,공통
b190_base_r1,LPT,74,BLK_74P,7,TurnOver,3,2025-05-12 19:12:06,2025-05-12 19:24:06,12.0,,공통
b190_base_r1,LPT,74,BLK_74P,7,후면SAW,4,2025-05-12 19:24:06,2025-05-12 21:10:04,106.0,,공통
b190_base_r1,LPT,74,BLK_74P,7,NC,5,2025-05-12 21:10:04,2025-05-12 21:42:23,32.3,,공통
b190_base_r1,LPT,74,BLK_74P,7,베이35A 론지취부,6,2025-05-12 21:42:23,2025-05-12 22:34:23,52.0,35A,베이35A
b190_base_r1,LPT,74,BLK_74P,7,베이35A 론지용접,7,2025-05-12 22:34:23,2025-05-12 22:54:35,20.2,35A,베이35A
b190_base_r1,LPT,74,BLK_74P,7,베이35A 수정,8,2025-05-12 22:54:35,2025-05-12 23:25:59,31.4,35A,베이35A
b190_base_r1,LPT,182,BLK_182C,8,판계,1,2025-05-12 11:45:00,2025-05-12 12:05:00,20.0,,공통
b190_base_r1,LPT,182,BLK_182C,8,전면SAW,2,2025-05-12 19:12:06,2025-05-12 20:02:14,50.1,,공통
b190_base_r1,LPT,182,BLK_182C,8,TurnOver,3,2025-05-12 20:02:14,2025-05-12 20:14:14,12.0,,공통
b190_base_r1,LPT,182,BLK_182C,8,후면SAW,4,2025-05-12 21:10:04,2025-05-12 21:54:56,44.9,,공통
b190_base_r1,LPT,182,BLK_182C,8,NC,5,2025-05-12 21:54:56,2025-05-12 22:22:10,27.2,,공통
b190_base_r1,LPT,182,BLK_182C,8,베이36B 론지취부,6,2025-05-12 22:22:10,2025-05-12 23:10:40,48.5,36B,베이36B
b190_base_r1,LPT,182,BLK_182C,8,베이36B 론지용접,7,2025-05-12 23:10:40,2025-05-12 23:30:16,19.6,36B,베이36B
b190_base_r1,LPT,182,BLK_182C,8,베이36B 수정,8,2025-05-12 23:30:16,2025-05-12 23:59:28,29.2,36B,베이36B
b190_base_r1,LPT,122,BLK_122S,9,판계,1,2025-05-12 12:05:00,2025-05-12 12:35:00,30.0,,공통
b190_base_r1,LPT,122,BLK_122S,9,전면SAW,2,2025-05-12 20:02:14,2025-05-12 21:40:43,98.5,,공통
b190_base_r1,LPT,122,BLK_122S,9,TurnOver,3,2025-05-12 21:40:43,2025-05-12 21:52:43,12.0,,공통
b190_base_r1,LPT,122,BLK_122S,9,후면SAW,4,2025-05-12 21:54:56,2025-05-12 23:12:30,77.6,,공통
b190_base_r1,LPT,122,BLK_122S,9,NC,5,2025-05-12 23:12:30,2025-05-13 00:03:21,50.9,,공통
b190_base_r1,LPT,122,BLK_122S,9,베이35A 론지취부,6,2025-05-13 00:03:21,2025-05-13 01:23:21,80.0,35A,베이35A
b190_base_r1,LPT,122,BLK_122S,9,베이35A 론지용접,7,2025-05-13 01:23:21,2025-05-13 01:48:21,25.0,35A,베이35A
b190_base_r1,LPT,122,BLK_122S,9,베이35A 수정,8,2025-05-13 01:48:21,2025-05-13 02:37:21,49.0,35A,베이35A
b190_base_r1,LPT,94,BLK_94P,10,판계,1,2025-05-12 12:35:00,2025-05-12 13:05:00,30.0,,공통
b190_base_r1,LPT,94,BLK_94P,10,전면SAW,2,2025-05-12 21:40:43,2025-05-12 22:10:06,29.4,,공통
b190_base_r1,LPT,94,BLK_94P,10,TurnOver,3,2025-05-12 22:10:06,2025-05-12 22:22:06,12.0,,공통
b190_base_r1,LPT,94,BLK_94P,10,후면SAW,4,2025-05-12 23:12:30,2025-05-12 23:30:02,17.5,,공통
b190_base_r1,LPT,94,BLK_94P,10,NC,5,2025-05-13 00:03:21,2025-05-13 00:48:03,44.7,,공통
b190_base_r1,LPT,94,BLK_94P,10,베이36B 론지취부,6,2025-05-13 00:48:03,2025-05-13 01:47:03,59.0,36B,베이36B
b190_base_r1,LPT,94,BLK_94P,10,베이36B 론지용접,7,2025-05-13 01:47:03,2025-05-13 02:08:27,21.4,36B,베이36B
b190_base_r1,LPT,94,BLK_94P,10,베이36B 수정,8,2025-05-13 02:08:27,2025-05-13 02:44:15,35.8,36B,베이36B
b190_base_r1,LPT,174,BLK_174C,11,판계,1,2025-05-12 13:05:00,2025-05-12 13:40:00,35.0,,공통
b190_base_r1,LPT,174,BLK_174C,11,전면SAW,2,2025-05-12 22:10:06,2025-05-13 00:10:04,120.0,,공통
b190_base_r1,LPT,174,BLK_174C,11,TurnOver,3,2025-05-13 00:10:04,2025-05-13 00:22:04,12.0,,공통
b190_base_r1,LPT,174,BLK_174C,11,후면SAW,4,2025-05-13 00:22:04,2025-05-13 01:46:18,84.2,,공통
b190_base_r1,LPT,174,BLK_174C,11,NC,5,2025-05-13 01:46:18,2025-05-13 02:29:12,42.9,,공통
b190_base_r1,LPT,174,BLK_174C,11,베이35A 론지취부,6,2025-05-13 02:29:12,2025-05-13 03:28:12,59.0,35A,베이35A
b190_base_r1,LPT,174,BLK_174C,11,베이35A 론지용접,7,2025-05-13 03:28:12,2025-05-13 03:49:36,21.4,35A,베이35A
b190_base_r1,LPT,174,BLK_174C,11,베이35A 수정,8,2025-05-13 03:49:36,2025-05-13 04:25:24,35.8,35A,베이35A
b190_base_r1,LPT,181,BLK_181C,12,판계,1,2025-05-12 13:40:00,2025-05-12 14:10:00,30.0,,공통
b190_base_r1,LPT,181,BLK_181C,12,전면SAW,2,2025-05-13 00:10:04,2025-05-13 00:39:28,29.4,,공통
b190_base_r1,LPT,181,BLK_181C,12,TurnOver,3,2025-05-13 00:39:28,2025-05-13 00:51:28,12.0,,공통
b190_base_r1,LPT,181,BLK_181C,12,후면SAW,4,2025-05-13 01:46:18,2025-05-13 02:03:51,17.6,,공통
b190_base_r1,LPT,181,BLK_181C,12,NC,5,2025-05-13 02:29:12,2025-05-13 03:14:57,45.8,,공통
b190_base_r1,LPT,181,BLK_181C,12,베이36B 론지취부,6,2025-05-13 03:14:57,2025-05-13 04:10:27,55.5,36B,베이36B
b190_base_r1,LPT,181,BLK_181C,12,베이36B 론지용접,7,2025-05-13 04:10:27,2025-05-13 04:31:15,20.8,36B,베이36B
b190_base_r1,LPT,181,BLK_181C,12,베이36B 수정,8,2025-05-13 04:31:15,2025-05-13 05:04:51,33.6,36B,베이36B
b190_base_r1,LPT,36,BLK_36S,13,판계,1,2025-05-12 14:10:00,2025-05-12 14:30:00,20.0,,공통
b190_base_r1,LPT,36,BLK_36S,13,전면SAW,2,2025-05-13 00:39:28,2025-05-13 02:50:58,131.5,,공통
b190_base_r1,LPT,36,BLK_36S,13,TurnOver,3,2025-05-13 02:50:58,2025-05-13 03:02:58,12.0,,공통
b190_base_r1,LPT,36,BLK_36S,13,후면SAW,4,2025-05-13 03:02:58,2025-05-13 04:50:37,107.7,,공통
b190_base_r1,LPT,36,BLK_36S,13,NC,5,2025-05-13 04:50:37,2025-05-13 05:18:30,27.9,,공통
b190_base_r1,LPT,36,BLK_36S,13,베이35A 론지취부,6,2025-05-13 05:18:30,2025-05-13 06:10:30,52.0,35A,베이35A
b190_base_r1,LPT,36,BLK_36S,13,베이35A 론지용접,7,2025-05-13 06:10:30,2025-05-13 06:30:42,20.2,35A,베이35A
b190_base_r1,LPT,36,BLK_36S,13,베이35A 수정,8,2025-05-13 06:30:42,2025-05-13 07:02:06,31.4,35A,베이35A
b190_base_r1,LPT,84,BLK_84C,14,판계,1,2025-05-12 14:30:00,2025-05-12 15:00:00,30.0,,공통
b190_base_r1,LPT,84,BLK_84C,14,전면SAW,2,2025-05-13 02:50:58,2025-05-13 03:19:55,29.0,,공통
b190_base_r1,LPT,84,BLK_84C,14,TurnOver,3,2025-05-13 03:19:55,2025-05-13 03:31:55,12.0,,공통
b190_base_r1,LPT,84,BLK_84C,14,후면SAW,4,2025-05-13 04:50:37,2025-05-13 05:07:36,17.0,,공통
b190_base_r1,LPT,84,BLK_84C,14,NC,5,2025-05-13 05:18:30,2025-05-13 05:58:15,39.8,,공통
b190_base_r1,LPT,84,BLK_84C,14,베이36B 론지취부,6,2025-05-13 05:58:15,2025-05-13 06:57:15,59.0,36B,베이36B
b190_base_r1,LPT,84,BLK_84C,14,베이36B 론지용접,7,2025-05-13 06:57:15,2025-05-13 07:18:39,21.4,36B,베이36B
b190_base_r1,LPT,84,BLK_84C,14,베이36B 수정,8,2025-05-13 07:18:39,2025-05-13 07:54:27,35.8,36B,베이36B
b190_base_r1,LPT,89,BLK_89P,15,판계,1,2025-05-12 15:00:00,2025-05-12 15:38:00,38.0,,공통
b190_base_r1,LPT,89,BLK_89P,15,전면SAW,2,2025-05-13 03:19:55,2025-05-13 05:09:39,109.7,,공통
b190_base_r1,LPT,89,BLK_89P,15,TurnOver,3,2025-05-13 05:09:39,2025-05-13 05:21:39,12.0,,공통
b190_base_r1,LPT,89,BLK_89P,15,후면SAW,4,2025-05-13 05:21:39,2025-05-13 06:49:27,87.8,,공통
b190_base_r1,LPT,89,BLK_89P,15,NC,5,2025-05-13 06:49:27,2025-05-13 07:38:30,49.0,,공통
b190_base_r1,LPT,89,BLK_89P,15,베이35A 론지취부,6,2025-05-13 07:38:30,2025-05-13 08:30:30,52.0,35A,베이35A
b190_base_r1,LPT,89,BLK_89P,15,베이35A 론지용접,7,2025-05-13 08:30:30,2025-05-13 08:50:42,20.2,35A,베이35A
b190_base_r1,LPT,89,BLK_89P,15,베이35A 수정,8,2025-05-13 08:50:42,2025-05-13 09:22:06,31.4,35A,베이35A
b190_base_r1,LPT,119,BLK_119C,16,판계,1,2025-05-12 15:38:00,2025-05-12 16:08:00,30.0,,공통
b190_base_r1,LPT,119,BLK_119C,16,전면SAW,2,2025-05-13 05:09:39,2025-05-13 05:40:10,30.5,,공통
b190_base_r1,LPT,119,BLK_119C,16,TurnOver,3,2025-05-13 05:40:10,2025-05-13 05:52:10,12.0,,공통
b190_base_r1,LPT,119,BLK_119C,16,후면SAW,4,2025-05-13 06:49:27,2025-05-13 07:08:29,19.0,,공통
b190_base_r1,LPT,119,BLK_119C,16,NC,5,2025-05-13 07:38:30,2025-05-13 08:25:54,47.4,,공통
b190_base_r1,LPT,119,BLK_119C,16,베이36B 론지취부,6,2025-05-13 08:25:54,2025-05-13 09:17:54,52.0,36B,베이36B
b190_base_r1,LPT,119,BLK_119C,16,베이36B 론지용접,7,2025-05-13 09:17:54,2025-05-13 09:38:06,20.2,36B,베이36B
b190_base_r1,LPT,119,BLK_119C,16,베이36B 수정,8,2025-05-13 09:38:06,2025-05-13 10:09:30,31.4,36B,베이36B
b190_base_r1,LPT,156,BLK_156P,17,판계,1,2025-05-12 16:08:00,2025-05-12 16:36:00,28.0,,공통
b190_base_r1,LPT,156,BLK_156P,17,전면SAW,2,2025-05-13 05:40:10,2025-05-13 07:29:12,109.0,,공통
b190_base_r1,LPT,156,BLK_156P,17,TurnOver,3,2025-05-13 07:29:12,2025-05-13 07:41:12,12.0,,공통
b190_base_r1,LPT,156,BLK_156P,17,후면SAW,4,2025-05-13 07:41:12,2025-05-13 09:30:19,109.1,,공통
b190_base_r1,LPT,156,BLK_156P,17,NC,5,2025-05-13 09:30:19,2025-05-13 10:02:41,32.4,,공통
b190_base_r1,LPT,156,BLK_156P,17,베이35A 론지취부,6,2025-05-13 10:02:41,2025-05-13 10:47:41,45.0,35A,베이35A
b190_base_r1,LPT,156,BLK_156P,17,베이35A 론지용접,7,2025-05-13 10:47:41,2025-05-13 11:02:41,15.0,35A,베이35A
b190_base_r1,LPT,156,BLK_156P,17,베이35A 수정,8,2025-05-13 11:02:41,2025-05-13 11:29:41,27.0,35A,베이35A
b190_base_r1,LPT,82,BLK_82C,18,판계,1,2025-05-12 16:36:00,2025-05-12 17:06:00,30.0,,공통
b190_base_r1,LPT,82,BLK_82C,18,전면SAW,2,2025-05-13 07:29:12,2025-05-13 07:57:54,28.7,,공통
b190_base_r1,LPT,82,BLK_82C,18,TurnOver,3,2025-05-13 07:57:54,2025-05-13 08:09:54,12.0,,공통
b190_base_r1,LPT,82,BLK_82C,18,후면SAW,4,2025-05-13 09:30:19,2025-05-13 09:46:58,16.6,,공통
b190_base_r1,LPT,82,BLK_82C,18,NC,5,2025-05-13 10:02:41,2025-05-13 10:42:47,40.1,,공통
b190_base_r1,LPT,82,BLK_82C,18,베이36B 론지취부,6,2025-05-13 10:42:47,2025-05-13 11:38:17,55.5,36B,베이36B
b190_base_r1,LPT,82,BLK_82C,18,베이36B 론지용접,7,2025-05-13 11:38:17,2025-05-13 11:59:05,20.8,36B,베이36B
b190_base_r1,LPT,82,BLK_82C,18,베이36B 수정,8,2025-05-13 11:59:05,2025-05-13 12:32:41,33.6,36B,베이36B
b190_base_r1,LPT,183,BLK_183P,19,판계,1,2025-05-12 17:06:00,2025-05-12 17:18:00,12.0,,공통
b190_base_r1,LPT,183,BLK_183P,19,전면SAW,2,2025-05-13 07:57:54,2025-05-13 08:44:08,46.2,,공통
b190_base_r1,LPT,183,BLK_183P,19,TurnOver,3,2025-05-13 08:44:08,2025-05-13 08:56:08,12.0,,공통
b190_base_r1,LPT,183,BLK_183P,19,후면SAW,4,2025-05-13 09:46:58,2025-05-13 10:26:42,39.7,,공통
b190_base_r1,LPT,183,BLK_183P,19,NC,5,2025-05-13 10:42:47,2025-05-13 11:05:06,22.3,,공통
b190_base_r1,LPT,183,BLK_183P,19,베이35A 론지취부,6,2025-05-13 11:05:06,2025-05-13 11:57:06,52.0,35A,베이35A
b190_base_r1,LPT,183,BLK_183P,19,베이35A 론지용접,7,2025-05-13 11:57:06,2025-05-13 12:17:18,20.2,35A,베이35A
b190_base_r1,LPT,183,BLK_183P,19,베이35A 수정,8,2025-05-13 12:17:18,2025-05-13 12:48:42,31.4,35A,베이35A
b190_base_r1,LPT,112,BLK_112S,1,판계,1,2025-05-13 08:00:00,2025-05-13 08:35:00,35.0,,공통
b190_base_r1,LPT,112,BLK_112S,1,전면SAW,2,2025-05-13 08:44:08,2025-05-13 10:45:26,121.3,,공통
b190_base_r1,LPT,112,BLK_112S,1,TurnOver,3,2025-05-13 10:45:26,2025-05-13 10:57:26,12.0,,공통
b190_base_r1,LPT,112,BLK_112S,1,후면SAW,4,2025-05-13 10:57:26,2025-05-13 12:24:35,87.2,,공통
b190_base_r1,LPT,112,BLK_112S,1,NC,5,2025-05-13 12:24:35,2025-05-13 13:00:53,36.3,,공통
b190_base_r1,LPT,112,BLK_112S,1,베이36B 론지취부,6,2025-05-13 13:00:53,2025-05-13 13:38:53,38.0,36B,베이36B
b190_base_r1,LPT,112,BLK_112S,1,베이36B 론지용접,7,2025-05-13 13:38:53,2025-05-13 13:52:41,13.8,36B,베이36B
b190_base_r1,LPT,112,BLK_112S,1,베이36B 수정,8,2025-05-13 13:52:41,2025-05-13 14:15:17,22.6,36B,베이36B
b190_base_r1,LPT,56,BLK_56C,2,판계,1,2025-05-13 08:35:00,2025-05-13 09:00:00,25.0,,공통
b190_base_r1,LPT,56,BLK_56C,2,전면SAW,2,2025-05-13 10:45:26,2025-05-13 11:15:00,29.6,,공통
b190_base_r1,LPT,56,BLK_56C,2,TurnOver,3,2025-05-13 11:15:00,2025-05-13 11:27:00,12.0,,공통
b190_base_r1,LPT,56,BLK_56C,2,후면SAW,4,2025-05-13 12:24:35,2025-05-13 12:42:21,17.8,,공통
b190_base_r1,LPT,56,BLK_56C,2,NC,5,2025-05-13 13:00:53,2025-05-13 13:35:24,34.5,,공통
b190_base_r1,LPT,56,BLK_56C,2,베이35A 론지취부,6,2025-05-13 13:35:24,2025-05-13 14:34:24,59.0,35A,베이35A
b190_base_r1,LPT,56,BLK_56C,2,베이35A 론지용접,7,2025-05-13 14:34:24,2025-05-13 14:55:48,21.4,35A,베이35A
b190_base_r1,LPT,56,BLK_56C,2,베이35A 수정,8,2025-05-13 14:55:48,2025-05-13 15:31:36,35.8,35A,베이35A
b190_base_r1,LPT,166,BLK_166S,3,판계,1,2025-05-13 09:00:00,2025-05-13 09:28:00,28.0,,공통
b190_base_r1,LPT,166,BLK_166S,3,전면SAW,2,2025-05-13 11:15:00,2025-05-13 12:51:54,96.9,,공통
b190_base_r1,LPT,166,BLK_166S,3,TurnOver,3,2025-05-13 12:51:54,2025-05-13 13:03:54,12.0,,공통
b190_base_r1,LPT,166,BLK_166S,3,후면SAW,4,2025-05-13 13:03:54,2025-05-13 14:20:00,76.1,,공통
b190_base_r1,LPT,166,BLK_166S,3,NC,5,2025-05-13 14:20:00,2025-05-13 14:52:16,32.3,,공통
b190_base_r1,LPT,166,BLK_166S,3,베이36B 론지취부,6,2025-05-13 14:52:16,2025-05-13 15:51:16,59.0,36B,베이36B
b190_base_r1,LPT,166,BLK_166S,3,베이36B 론지용접,7,2025-05-13 15:51:16,2025-05-13 16:12:40,21.4,36B,베이36B
b190_base_r1,LPT,166,BLK_166S,3,베이36B 수정,8,2025-05-13 16:12:40,2025-05-13 16:48:28,35.8,36B,베이36B
b190_base_r1,LPT,153,BLK_153P,4,판계,1,2025-05-13 09:28:00,2025-05-13 09:58:00,30.0,,공통
b190_base_r1,LPT,153,BLK_153P,4,전면SAW,2,2025-05-13 12:51:54,2025-05-13 13:22:22,30.5,,공통
b190_base_r1,LPT,153,BLK_153P,4,TurnOver,3,2025-05-13 13:22:22,2025-05-13 13:34:22,12.0,,공통
b190_base_r1,LPT,153,BLK_153P,4,후면SAW,4,2025-05-13 14:20:00,2025-05-13 14:38:59,19.0,,공통
b190_base_r1,LPT,153,BLK_153P,4,NC,5,2025-05-13 14:52:16,2025-05-13 15:32:15,40.0,,공통
b190_base_r1,LPT,153,BLK_153P,4,베이35A 론지취부,6,2025-05-13 15:32:15,2025-05-13 16:24:15,52.0,35A,베이35A
b190_base_r1,LPT,153,BLK_153P,4,베이35A 론지용접,7,2025-05-13 16:24:15,2025-05-13 16:44:27,20.2,35A,베이35A
b190_base_r1,LPT,153,BLK_153P,4,베이35A 수정,8,2025-05-13 16:44:27,2025-05-13 17:15:51,31.4,35A,베이35A
b190_base_r1,LPT,104,BLK_104C,5,판계,1,2025-05-13 09:58:00,2025-05-13 10:18:00,20.0,,공통
b190_base_r1,LPT,104,BLK_104C,5,전면SAW,2,2025-05-13 13:22:22,2025-05-13 15:13:08,110.8,,공통
b190_base_r1,LPT,104,BLK_104C,5,TurnOver,3,2025-05-13 15:13:08,2025-05-13 15:25:08,12.0,,공통
b190_base_r1,LPT,104,BLK_104C,5,후면SAW,4,2025-05-13 15:25:08,2025-05-13 16:53:52,88.7,,공통
b190_base_r1,LPT,104,BLK_104C,5,NC,5,2025-05-13 16:53:52,2025-05-13 17:20:43,26.9,,공통
b190_base_r1,LPT,104,BLK_104C,5,베이36B 론지취부,6,2025-05-13 17:20:43,2025-05-13 18:09:13,48.5,36B,베이36B
b190_base_r1,LPT,104,BLK_104C,5,베이36B 론지용접,7,2025-05-13 18:09:13,2025-05-13 18:28:49,19.6,36B,베이36B
b190_base_r1,LPT,104,BLK_104C,5,베이36B 수정,8,2025-05-13 18:28:49,2025-05-13 18:58:01,29.2,36B,베이36B
b190_base_r1,LPT,35,BLK_35C,6,판계,1,2025-05-13 10:18:00,2025-05-13 10:43:00,25.0,,공통
b190_base_r1,LPT,35,BLK_35C,6,전면SAW,2,2025-05-13 15:13:08,2025-05-13 15:43:38,30.5,,공통
b190_base_r1,LPT,35,BLK_35C,6,TurnOver,3,2025-05-13 15:43:38,2025-05-13 15:55:38,12.0,,공통
b190_base_r1,LPT,35,BLK_35C,6,후면SAW,4,2025-05-13 16:53:52,2025-05-13 17:12:52,19.0,,공통
b190_base_r1,LPT,35,BLK_35C,6,NC,5,2025-05-13 17:20:43,2025-05-13 17:51:55,31.2,,공통
b190_base_r1,LPT,35,BLK_35C,6,베이35A 론지취부,6,2025-05-13 17:51:55,2025-05-13 18:50:55,59.0,35A,베이35A
b190_base_r1,LPT,35,BLK_35C,6,베이35A 론지용접,7,2025-05-13 18:50:55,2025-05-13 19:12:19,21.4,35A,베이35A
b190_base_r1,LPT,35,BLK_35C,6,베이35A 수정,8,2025-05-13 19:12:19,2025-05-13 19:48:07,35.8,35A,베이35A
b190_base_r1,LPT,92,BLK_92C,7,판계,1,2025-05-13 10:43:00,2025-05-13 11:23:00,40.0,,공통
b190_base_r1,LPT,92,BLK_92C,7,전면SAW,2,2025-05-13 15:43:38,2025-05-13 17:31:07,107.5,,공통
b190_base_r1,LPT,92,BLK_92C,7,TurnOver,3,2025-05-13 17:31:07,2025-05-13 17:43:07,12.0,,공통
b190_base_r1,LPT,92,BLK_92C,7,후면SAW,4,2025-05-13 17:43:07,2025-05-13 18:59:13,76.1,,공통
b190_base_r1,LPT,92,BLK_92C,7,NC,5,2025-05-13 18:59:13,2025-05-13 19:40:47,41.6,,공통
b190_base_r1,LPT,92,BLK_92C,7,베이36B 론지취부,6,2025-05-13 19:40:47,2025-05-13 20:15:17,34.5,36B,베이36B
b190_base_r1,LPT,92,BLK_92C,7,베이36B 론지용접,7,2025-05-13 20:15:17,2025-05-13 20:32:29,17.2,36B,베이36B
b190_base_r1,LPT,92,BLK_92C,7,베이36B 수정,8,2025-05-13 20:32:29,2025-05-13 20:52:53,20.4,36B,베이36B
b190_base_r1,LPT,44,BLK_44S,8,판계,1,2025-05-13 11:23:00,2025-05-13 11:53:00,30.0,,공통
b190_base_r1,LPT,44,BLK_44S,8,전면SAW,2,2025-05-13 17:31:07,2025-05-13 18:00:41,29.6,,공통
b190_base_r1,LPT,44,BLK_44S,8,TurnOver,3,2025-05-13 18:00:41,2025-05-13 18:12:41,12.0,,공통
b190_base_r1,LPT,44,BLK_44S,8,후면SAW,4,2025-05-13 18:59:13,2025-05-13 19:17:00,17.8,,공통
b190_base_r1,LPT,44,BLK_44S,8,NC,5,2025-05-13 19:40:47,2025-05-13 20:21:32,40.8,,공통
b190_base_r1,LPT,44,BLK_44S,8,베이35A 론지취부,6,2025-05-13 20:21:32,2025-05-13 21:13:32,52.0,35A,베이35A
b190_base_r1,LPT,44,BLK_44S,8,베이35A 론지용접,7,2025-05-13 21:13:32,2025-05-13 21:33:44,20.2,35A,베이35A
b190_base_r1,LPT,44,BLK_44S,8,베이35A 수정,8,2025-05-13 21:33:44,2025-05-13 22:05:08,31.4,35A,베이35A
b190_base_r1,LPT,114,BLK_114P,9,판계,1,2025-05-13 11:53:00,2025-05-13 12:26:00,33.0,,공통
b190_base_r1,LPT,114,BLK_114P,9,전면SAW,2,2025-05-13 18:00:41,2025-05-13 19:30:51,90.2,,공통
b190_base_r1,LPT,114,BLK_114P,9,TurnOver,3,2025-05-13 19:30:51,2025-05-13 19:42:51,12.0,,공통
b190_base_r1,LPT,114,BLK_114P,9,후면SAW,4,2025-05-13 19:42:51,2025-05-13 20:52:48,70.0,,공통
b190_base_r1,LPT,114,BLK_114P,9,NC,5,2025-05-13 20:52:48,2025-05-13 21:30:27,37.6,,공통
b190_base_r1,LPT,114,BLK_114P,9,베이36B 론지취부,6,2025-05-13 21:30:27,2025-05-13 22:22:27,52.0,36B,베이36B
b190_base_r1,LPT,114,BLK_114P,9,베이36B 론지용접,7,2025-05-13 22:22:27,2025-05-13 22:42:39,20.2,36B,베이36B
b190_base_r1,LPT,114,BLK_114P,9,베이36B 수정,8,2025-05-13 22:42:39,2025-05-13 23:14:03,31.4,36B,베이36B
b190_base_r1,LPT,43,BLK_43C,10,판계,1,2025-05-13 12:26:00,2025-05-13 12:51:00,25.0,,공통
b190_base_r1,LPT,43,BLK_43C,10,전면SAW,2,2025-05-13 19:30:51,2025-05-13 20:02:40,31.8,,공통
b190_base_r1,LPT,43,BLK_43C,10,TurnOver,3,2025-05-13 20:02:40,2025-05-13 20:14:40,12.0,,공통
b190_base_r1,LPT,43,BLK_43C,10,후면SAW,4,2025-05-13 20:52:48,2025-05-13 21:13:34,20.8,,공통
b190_base_r1,LPT,43,BLK_43C,10,NC,5,2025-05-13 21:30:27,2025-05-13 22:04:32,34.1,,공통
b190_base_r1,LPT,43,BLK_43C,10,베이35A 론지취부,6,2025-05-13 22:04:32,2025-05-13 22:56:32,52.0,35A,베이35A
b190_base_r1,LPT,43,BLK_43C,10,베이35A 론지용접,7,2025-05-13 22:56:32,2025-05-13 23:16:44,20.2,35A,베이35A
b190_base_r1,LPT,43,BLK_43C,10,베이35A 수정,8,2025-05-13 23:16:44,2025-05-13 23:48:08,31.4,35A,베이35A
b190_base_r1,LPT,139,BLK_139P,11,판계,1,2025-05-13 12:51:00,2025-05-13 13:19:00,28.0,,공통
b190_base_r1,LPT,139,BLK_139P,11,전면SAW,2,2025-05-13 20:02:40,2025-05-13 21:38:24,95.7,,공통
b190_base_r1,LPT,139,BLK_139P,11,TurnOver,3,2025-05-13 21:38:24,2025-05-13 21:50:24,12.0,,공통
b190_base_r1,LPT,139,BLK_139P,11,후면SAW,4,2025-05-13 21:50:24,2025-05-13 23:05:27,75.0,,공통
b190_base_r1,LPT,139,BLK_139P,11,NC,5,2025-05-13 23:05:27,2025-05-13 23:38:48,33.4,,공통
b190_base_r1,LPT,139,BLK_139P,11,베이36B 론지취부,6,2025-05-13 23:38:48,2025-05-14 00:27:18,48.5,36B,베이36B
b190_base_r1,LPT,139,BLK_139P,11,베이36B 론지용접,7,2025-05-14 00:27:18,2025-05-14 00:46:54,19.6,36B,베이36B
b190_base_r1,LPT,139,BLK_139P,11,베이36B 수정,8,2025-05-14 00:46:54,2025-05-14 01:16:06,29.2,36B,베이36B
b190_base_r1,LPT,67,BLK_67C,12,판계,1,2025-05-13 13:19:00,2025-05-13 13:39:00,20.0,,공통
b190_base_r1,LPT,67,BLK_67C,12,전면SAW,2,2025-05-13 21:38:24,2025-05-13 22:13:27,35.0,,공통
b190_base_r1,LPT,67,BLK_67C,12,TurnOver,3,2025-05-13 22:13:27,2025-05-13 22:25:27,12.0,,공통
b190_base_r1,LPT,67,BLK_67C,12,후면SAW,4,2025-05-13 23:05:27,2025-05-13 23:30:25,25.0,,공통
b190_base_r1,LPT,67,BLK_67C,12,NC,5,2025-05-13 23:38:48,2025-05-14 00:09:51,31.1,,공통
b190_base_r1,LPT,67,BLK_67C,12,베이35A 론지취부,6,2025-05-14 00:09:51,2025-05-14 01:01:51,52.0,35A,베이35A
b190_base_r1,LPT,67,BLK_67C,12,베이35A 론지용접,7,2025-05-14 01:01:51,2025-05-14 01:22:03,20.2,35A,베이35A
b190_base_r1,LPT,67,BLK_67C,12,베이35A 수정,8,2025-05-14 01:22:03,2025-05-14 01:53:27,31.4,35A,베이35A
b190_base_r1,LPT,146,BLK_146P,13,판계,1,2025-05-13 13:39:00,2025-05-13 14:09:00,30.0,,공통
b190_base_r1,LPT,146,BLK_146P,13,전면SAW,2,2025-05-13 22:13:27,2025-05-13 23:40:31,87.1,,공통
b190_base_r1,LPT,146,BLK_146P,13,TurnOver,3,2025-05-13 23:40:31,2025-05-13 23:52:31,12.0,,공통
b190_base_r1,LPT,146,BLK_146P,13,후면SAW,4,2025-05-13 23:52:31,2025-05-14 00:59:40,67.2,,공통
b190_base_r1,LPT,146,BLK_146P,13,NC,5,2025-05-14 00:59:40,2025-05-14 01:50:18,50.6,,공통
b190_base_r1,LPT,146,BLK_146P,13,베이36B 론지취부,6,2025-05-14 01:50:18,2025-05-14 02:35:18,45.0,36B,베이36B
b190_base_r1,LPT,146,BLK_146P,13,베이36B 론지용접,7,2025-05-14 02:35:18,2025-05-14 02:54:18,19.0,36B,베이36B
b190_base_r1,LPT,146,BLK_146P,13,베이36B 수정,8,2025-05-14 02:54:18,2025-05-14 03:21:18,27.0,36B,베이36B
b190_base_r1,LPT,160,BLK_160C,14,판계,1,2025-05-13 14:09:00,2025-05-13 14:34:00,25.0,,공통
b190_base_r1,LPT,160,BLK_160C,14,전면SAW,2,2025-05-13 23:40:31,2025-05-14 00:12:30,32.0,,공통
b190_base_r1,LPT,160,BLK_160C,14,TurnOver,3,2025-05-14 00:12:30,2025-05-14 00:24:30,12.0,,공통
b190_base_r1,LPT,160,BLK_160C,14,후면SAW,4,2025-05-14 00:59:40,2025-05-14 01:20:38,21.0,,공통
b190_base_r1,LPT,160,BLK_160C,14,NC,5,2025-05-14 01:50:18,2025-05-14 02:26:03,35.8,,공통
b190_base_r1,LPT,160,BLK_160C,14,베이35A 론지취부,6,2025-05-14 02:26:03,2025-05-14 03:14:33,48.5,35A,베이35A
b190_base_r1,LPT,160,BLK_160C,14,베이35A 론지용접,7,2025-05-14 03:14:33,2025-05-14 03:34:09,19.6,35A,베이35A
b190_base_r1,LPT,160,BLK_160C,14,베이35A 수정,8,2025-05-14 03:34:09,2025-05-14 04:03:21,29.2,35A,베이35A
b190_base_r1,LPT,154,BLK_154S,15,판계,1,2025-05-13 14:34:00,2025-05-13 15:04:00,30.0,,공통
b190_base_r1,LPT,154,BLK_154S,15,전면SAW,2,2025-05-14 00:12:30,2025-05-14 01:27:40,75.2,,공통
b190_base_r1,LPT,154,BLK_154S,15,TurnOver,3,2025-05-14 01:27:40,2025-05-14 01:39:40,12.0,,공통
b190_base_r1,LPT,154,BLK_154S,15,후면SAW,4,2025-05-14 01:39:40,2025-05-14 02:35:57,56.3,,공통
b190_base_r1,LPT,154,BLK_154S,15,NC,5,2025-05-14 02:35:57,2025-05-14 03:23:36,47.6,,공통
b190_base_r1,LPT,154,BLK_154S,15,베이36B 론지취부,6,2025-05-14 03:23:36,2025-05-14 04:08:36,45.0,36B,베이36B
b190_base_r1,LPT,154,BLK_154S,15,베이36B 론지용접,7,2025-05-14 04:08:36,2025-05-14 04:27:36,19.0,36B,베이36B
b190_base_r1,LPT,154,BLK_154S,15,베이36B 수정,8,2025-05-14 04:27:36,2025-05-14 04:54:36,27.0,36B,베이36B
b190_base_r1,LPT,143,BLK_143C,16,판계,1,2025-05-13 15:04:00,2025-05-13 15:34:00,30.0,,공통
b190_base_r1,LPT,143,BLK_143C,16,전면SAW,2,2025-05-14 01:27:40,2025-05-14 01:54:21,26.7,,공통
b190_base_r1,LPT,143,BLK_143C,16,TurnOver,3,2025-05-14 01:54:21,2025-05-14 02:06:21,12.0,,공통
b190_base_r1,LPT,143,BLK_143C,16,후면SAW,4,2025-05-14 02:35:57,2025-05-14 02:49:56,14.0,,공통
b190_base_r1,LPT,143,BLK_143C,16,NC,5,2025-05-14 03:23:36,2025-05-14 04:00:10,36.6,,공통
b190_base_r1,LPT,143,BLK_143C,16,베이35A 론지취부,6,2025-05-14 04:00:10,2025-05-14 04:48:40,48.5,35A,베이35A
b190_base_r1,LPT,143,BLK_143C,16,베이35A 론지용접,7,2025-05-14 04:48:40,2025-05-14 05:08:16,19.6,35A,베이35A
b190_base_r1,LPT,143,BLK_143C,16,베이35A 수정,8,2025-05-14 05:08:16,2025-05-14 05:37:28,29.2,35A,베이35A
b190_base_r1,LPT,58,BLK_58C,17,판계,1,2025-05-13 15:34:00,2025-05-13 16:02:00,28.0,,공통
b190_base_r1,LPT,58,BLK_58C,17,전면SAW,2,2025-05-14 01:54:21,2025-05-14 03:27:20,93.0,,공통
b190_base_r1,LPT,58,BLK_58C,17,TurnOver,3,2025-05-14 03:27:20,2025-05-14 03:39:20,12.0,,공통
b190_base_r1,LPT,58,BLK_58C,17,후면SAW,4,2025-05-14 03:39:20,2025-05-14 05:09:46,90.4,,공통
b190_base_r1,LPT,58,BLK_58C,17,NC,5,2025-05-14 05:09:46,2025-05-14 05:40:07,30.4,,공통
b190_base_r1,LPT,58,BLK_58C,17,베이36B 론지취부,6,2025-05-14 05:40:07,2025-05-14 06:07:37,27.5,36B,베이36B
b190_base_r1,LPT,58,BLK_58C,17,베이36B 론지용접,7,2025-05-14 06:07:37,2025-05-14 06:19:37,12.0,36B,베이36B
b190_base_r1,LPT,58,BLK_58C,17,베이36B 수정,8,2025-05-14 06:19:37,2025-05-14 06:35:37,16.0,36B,베이36B
b190_base_r1,LPT,59,BLK_59S,18,판계,1,2025-05-13 16:02:00,2025-05-13 16:32:00,30.0,,공통
b190_base_r1,LPT,59,BLK_59S,18,전면SAW,2,2025-05-14 03:27:20,2025-05-14 03:56:43,29.4,,공통
b190_base_r1,LPT,59,BLK_59S,18,TurnOver,3,2025-05-14 03:56:43,2025-05-14 04:08:43,12.0,,공통
b190_base_r1,LPT,59,BLK_59S,18,후면SAW,4,2025-05-14 05:09:46,2025-05-14 05:27:19,17.6,,공통
b190_base_r1,LPT,59,BLK_59S,18,NC,5,2025-05-14 05:40:07,2025-05-14 06:20:03,39.9,,공통
b190_base_r1,LPT,59,BLK_59S,18,베이35A 론지취부,6,2025-05-14 06:20:03,2025-05-14 07:08:33,48.5,35A,베이35A
b190_base_r1,LPT,59,BLK_59S,18,베이35A 론지용접,7,2025-05-14 07:08:33,2025-05-14 07:28:09,19.6,35A,베이35A
b190_base_r1,LPT,59,BLK_59S,18,베이35A 수정,8,2025-05-14 07:28:09,2025-05-14 07:57:21,29.2,35A,베이35A
b190_base_r1,LPT,184,BLK_184P,19,판계,1,2025-05-13 16:32:00,2025-05-13 17:10:00,38.0,,공통
b190_base_r1,LPT,184,BLK_184P,19,전면SAW,2,2025-05-14 03:56:43,2025-05-14 05:20:33,83.8,,공통
b190_base_r1,LPT,184,BLK_184P,19,TurnOver,3,2025-05-14 05:20:33,2025-05-14 05:32:33,12.0,,공통
b190_base_r1,LPT,184,BLK_184P,19,후면SAW,4,2025-05-14 05:32:33,2025-05-14 06:36:45,64.2,,공통
b190_base_r1,LPT,184,BLK_184P,19,NC,5,2025-05-14 06:36:45,2025-05-14 07:18:54,42.2,,공통
b190_base_r1,LPT,184,BLK_184P,19,베이36B 론지취부,6,2025-05-14 07:18:54,2025-05-14 07:46:24,27.5,36B,베이36B
b190_base_r1,LPT,184,BLK_184P,19,베이36B 론지용접,7,2025-05-14 07:46:24,2025-05-14 07:58:24,12.0,36B,베이36B
b190_base_r1,LPT,184,BLK_184P,19,베이36B 수정,8,2025-05-14 07:58:24,2025-05-14 08:14:24,16.0,36B,베이36B
b190_base_r1,LPT,170,BLK_170P,20,판계,1,2025-05-13 17:10:00,2025-05-13 17:30:00,20.0,,공통
b190_base_r1,LPT,170,BLK_170P,20,전면SAW,2,2025-05-14 05:20:33,2025-05-14 05:53:30,33.0,,공통
b190_base_r1,LPT,170,BLK_170P,20,TurnOver,3,2025-05-14 05:53:30,2025-05-14 06:05:30,12.0,,공통
b190_base_r1,LPT,170,BLK_170P,20,후면SAW,4,2025-05-14 06:36:45,2025-05-14 06:58:59,22.2,,공통
b190_base_r1,LPT,170,BLK_170P,20,NC,5,2025-05-14 07:18:54,2025-05-14 07:47:24,28.5,,공통
b190_base_r1,LPT,170,BLK_170P,20,베이35A 론지취부,6,2025-05-14 07:47:24,2025-05-14 08:35:54,48.5,35A,베이35A
b190_base_r1,LPT,170,BLK_170P,20,베이35A 론지용접,7,2025-05-14 08:35:54,2025-05-14 08:55:30,19.6,35A,베이35A
b190_base_r1,LPT,170,BLK_170P,20,베이35A 수정,8,2025-05-14 08:55:30,2025-05-14 09:24:42,29.2,35A,베이35A
b190_base_r1,LPT,52,BLK_52C,21,판계,1,2025-05-13 17:30:00,2025-05-13 17:42:00,12.0,,공통
b190_base_r1,LPT,52,BLK_52C,21,전면SAW,2,2025-05-14 05:53:30,2025-05-14 06:39:44,46.2,,공통
b190_base_r1,LPT,52,BLK_52C,21,TurnOver,3,2025-05-14 06:39:44,2025-05-14 06:51:44,12.0,,공통
b190_base_r1,LPT,52,BLK_52C,21,후면SAW,4,2025-05-14 06:58:59,2025-05-14 07:38:42,39.7,,공통
b190_base_r1,LPT,52,BLK_52C,21,NC,5,2025-05-14 07:47:24,2025-05-14 08:10:35,23.2,,공통
b190_base_r1,LPT,52,BLK_52C,21,베이36B 론지취부,6,2025-05-14 08:10:35,2025-05-14 08:45:05,34.5,36B,베이36B
b190_base_r1,LPT,52,BLK_52C,21,베이36B 론지용접,7,2025-05-14 08:45:05,2025-05-14 09:02:17,17.2,36B,베이36B
b190_base_r1,LPT,52,BLK_52C,21,베이36B 수정,8,2025-05-14 09:02:17,2025-05-14 09:22:41,20.4,36B,베이36B
b190_base_r1,LPT,76,BLK_76C,22,판계,1,2025-05-13 17:42:00,2025-05-13 17:54:00,12.0,,공통
b190_base_r1,LPT,76,BLK_76C,22,전면SAW,2,2025-05-14 06:39:44,2025-05-14 07:22:18,42.6,,공통
b190_base_r1,LPT,76,BLK_76C,22,TurnOver,3,2025-05-14 07:22:18,2025-05-14 07:34:18,12.0,,공통
b190_base_r1,LPT,76,BLK_76C,22,후면SAW,4,2025-05-14 07:38:42,2025-05-14 08:13:35,34.9,,공통
b190_base_r1,LPT,76,BLK_76C,22,NC,5,2025-05-14 08:13:35,2025-05-14 08:34:39,21.1,,공통
b190_base_r1,LPT,76,BLK_76C,22,베이35A 론지취부,6,2025-05-14 08:35:54,2025-05-14 09:17:24,41.5,35A,베이35A
b190_base_r1,LPT,76,BLK_76C,22,베이35A 론지용접,7,2025-05-14 09:17:24,2025-05-14 09:31:48,14.4,35A,베이35A
b190_base_r1,LPT,76,BLK_76C,22,베이35A 수정,8,2025-05-14 09:31:48,2025-05-14 09:56:36,24.8,35A,베이35A
b190_base_r1,LPT,113,BLK_113S,1,판계,1,2025-05-14 08:00:00,2025-05-14 08:20:00,20.0,,공통
b190_base_r1,LPT,113,BLK_113S,1,전면SAW,2,2025-05-14 08:20:00,2025-05-14 08:55:01,35.0,,공통
b190_base_r1,LPT,113,BLK_113S,1,TurnOver,3,2025-05-14 08:55:01,2025-05-14 09:07:01,12.0,,공통
b190_base_r1,LPT,113,BLK_113S,1,후면SAW,4,2025-05-14 09:07:01,2025-05-14 09:31:58,25.0,,공통
b190_base_r1,LPT,113,BLK_113S,1,NC,5,2025-05-14 09:31:58,2025-05-14 10:00:57,29.0,,공통
b190_base_r1,LPT,113,BLK_113S,1,베이36B 론지취부,6,2025-05-14 10:00:57,2025-05-14 10:38:57,38.0,36B,베이36B
b190_base_r1,LPT,113,BLK_113S,1,베이36B 론지용접,7,2025-05-14 10:38:57,2025-05-14 10:56:45,17.8,36B,베이36B
b190_base_r1,LPT,113,BLK_113S,1,베이36B 수정,8,2025-05-14 10:56:45,2025-05-14 11:19:21,22.6,36B,베이36B
b190_base_r1,LPT,144,BLK_144P,2,판계,1,2025-05-14 08:20:00,2025-05-14 08:32:00,12.0,,공통
b190_base_r1,LPT,144,BLK_144P,2,전면SAW,2,2025-05-14 08:55:01,2025-05-14 09:36:05,41.1,,공통
b190_base_r1,LPT,144,BLK_144P,2,TurnOver,3,2025-05-14 09:36:05,2025-05-14 09:48:05,12.0,,공통
b190_base_r1,LPT,144,BLK_144P,2,후면SAW,4,2025-05-14 09:48:05,2025-05-14 10:21:00,32.9,,공통
b190_base_r1,LPT,144,BLK_144P,2,NC,5,2025-05-14 10:21:00,2025-05-14 10:40:52,19.9,,공통
b190_base_r1,LPT,144,BLK_144P,2,베이35A 론지취부,6,2025-05-14 10:40:52,2025-05-14 11:08:22,27.5,35A,베이35A
b190_base_r1,LPT,144,BLK_144P,2,베이35A 론지용접,7,2025-05-14 11:08:22,2025-05-14 11:24:22,16.0,35A,베이35A
b190_base_r1,LPT,144,BLK_144P,2,베이35A 수정,8,2025-05-14 11:24:22,2025-05-14 11:40:22,16.0,35A,베이35A
b190_base_r1,LPT,173,BLK_173S,3,판계,1,2025-05-14 08:32:00,2025-05-14 08:44:00,12.0,,공통
b190_base_r1,LPT,173,BLK_173S,3,전면SAW,2,2025-05-14 09:36:05,2025-05-14 10:17:19,41.2,,공통
b190_base_r1,LPT,173,BLK_173S,3,TurnOver,3,2025-05-14 10:17:19,2025-05-14 10:29:19,12.0,,공통
b190_base_r1,LPT,173,BLK_173S,3,후면SAW,4,2025-05-14 10:29:19,2025-05-14 11:02:28,33.1,,공통
b190_base_r1,LPT,173,BLK_173S,3,NC,5,2025-05-14 11:02:28,2025-05-14 11:23:40,21.2,,공통
b190_base_r1,LPT,173,BLK_173S,3,베이36B 론지취부,6,2025-05-14 11:23:40,2025-05-14 11:51:10,27.5,36B,베이36B
b190_base_r1,LPT,173,BLK_173S,3,베이36B 론지용접,7,2025-05-14 11:51:10,2025-05-14 12:03:10,12.0,36B,베이36B
b190_base_r1,LPT,173,BLK_173S,3,베이36B 수정,8,2025-05-14 12:03:10,2025-05-14 12:19:10,16.0,36B,베이36B
b190_base_r1,LPT,71,BLK_71S,4,판계,1,2025-05-14 08:44:00,2025-05-14 08:56:00,12.0,,공통
b190_base_r1,LPT,71,BLK_71S,4,전면SAW,2,2025-05-14 10:17:19,2025-05-14 10:52:40,35.3,,공통
b190_base_r1,LPT,71,BLK_71S,4,TurnOver,3,2025-05-14 10:52:40,2025-05-14 11:04:40,12.0,,공통
b190_base_r1,LPT,71,BLK_71S,4,후면SAW,4,2025-05-14 11:04:40,2025-05-14 11:30:03,25.4,,공통
b190_base_r1,LPT,71,BLK_71S,4,NC,5,2025-05-14 11:30:03,2025-05-14 11:50:10,20.1,,공통
b190_base_r1,LPT,71,BLK_71S,4,베이35A 론지취부,6,2025-05-14 11:50:10,2025-05-14 12:24:40,34.5,35A,베이35A
b190_base_r1,LPT,71,BLK_71S,4,베이35A 론지용접,7,2025-05-14 12:24:40,2025-05-14 12:37:52,13.2,35A,베이35A
b190_base_r1,LPT,71,BLK_71S,4,베이35A 수정,8,2025-05-14 12:37:52,2025-05-14 12:58:16,20.4,35A,베이35A
b190_base_r1,LPT,126,BLK_126P,5,판계,1,2025-05-14 08:56:00,2025-05-14 09:08:00,12.0,,공통
b190_base_r1,LPT,126,BLK_126P,5,전면SAW,2,2025-05-14 10:52:40,2025-05-14 11:27:28,34.8,,공통
b190_base_r1,LPT,126,BLK_126P,5,TurnOver,3,2025-05-14 11:27:28,2025-05-14 11:39:28,12.0,,공통
b190_base_r1,LPT,126,BLK_126P,5,후면SAW,4,2025-05-14 11:39:28,2025-05-14 12:04:10,24.7,,공통
b190_base_r1,LPT,126,BLK_126P,5,NC,5,2025-05-14 12:04:10,2025-05-14 12:25:14,21.1,,공통
b190_base_r1,LPT,126,BLK_126P,5,베이36B 론지취부,6,2025-05-14 12:25:14,2025-05-14 12:56:14,31.0,36B,베이36B
b190_base_r1,LPT,126,BLK_126P,5,베이36B 론지용접,7,2025-05-14 12:56:14,2025-05-14 13:12:50,16.6,36B,베이36B
b190_base_r1,LPT,126,BLK_126P,5,베이36B 수정,8,2025-05-14 13:12:50,2025-05-14 13:31:02,18.2,36B,베이36B
b190_base_r1,LPT,190,BLK_190S,6,판계,1,2025-05-14 09:08:00,2025-05-14 09:20:00,12.0,,공통
b190_base_r1,LPT,190,BLK_190S,6,전면SAW,2,2025-05-14 11:27:28,2025-05-14 12:03:07,35.6,,공통
b190_base_r1,LPT,190,BLK_190S,6,TurnOver,3,2025-05-14 12:03:07,2025-05-14 12:15:07,12.0,,공통
b190_base_r1,LPT,190,BLK_190S,6,후면SAW,4,2025-05-14 12:15:07,2025-05-14 12:40:54,25.8,,공통
b190_base_r1,LPT,190,BLK_190S,6,NC,5,2025-05-14 12:40:54,2025-05-14 13:01:16,20.4,,공통
b190_base_r1,LPT,190,BLK_190S,6,베이35A 론지취부,6,2025-05-14 13:01:16,2025-05-14 13:28:46,27.5,35A,베이35A
b190_base_r1,LPT,190,BLK_190S,6,베이35A 론지용접,7,2025-05-14 13:28:46,2025-05-14 13:40:46,12.0,35A,베이35A
b190_base_r1,LPT,190,BLK_190S,6,베이35A 수정,8,2025-05-14 13:40:46,2025-05-14 13:56:46,16.0,35A,베이35A
