grid_case_id,method_label,size_bucket,total_blocks,distribution_profile,graph_makespan_hours,graph_violations,date,block_id,block_name,sequence,process_name,process_index,start_time,end_time,duration_min,assigned_bay,machine_type,unity_process_row_source,source_representative_block_id
b170_heavy_work_r1,SPT,Large (141-200),170,heavy_work,289.8666666666667,54,20251202,66,BLK_66C,1,판계,1,2025-12-02 08:00:00,2025-12-02 08:14:24,14.4,,공통,raw,
b170_heavy_work_r1,SPT,Large (141-200),170,heavy_work,289.8666666666667,54,20251202,66,BLK_66C,1,전면SAW,2,2025-12-02 08:14:24,2025-12-02 09:08:05,53.7,,공통,raw,
b170_heavy_work_r1,SPT,Large (141-200),170,heavy_work,289.8666666666667,54,20251202,66,BLK_66C,1,TurnOver,3,2025-12-02 09:08:05,2025-12-02 09:22:29,14.4,,공통,raw,
b170_heavy_work_r1,SPT,Large (141-200),170,heavy_work,289.8666666666667,54,20251202,66,BLK_66C,1,후면SAW,4,2025-12-02 09:22:29,2025-12-02 10:07:48,45.3,,공통,raw,
b170_heavy_work_r1,SPT,Large (141-200),170,heavy_work,289.8666666666667,54,20251202,66,BLK_66C,1,NC,5,2025-12-02 10:07:48,2025-12-02 10:33:12,25.4,,공통,raw,
b170_heavy_work_r1,SPT,Large (141-200),170,heavy_work,289.8666666666667,54,20251202,66,BLK_66C,1,베이35A 론지취부,6,2025-12-02 10:33:12,2025-12-02 11:18:48,45.6,35A,베이35A,raw,
b170_heavy_work_r1,SPT,Large (141-200),170,heavy_work,289.8666666666667,54,20251202,66,BLK_66C,1,베이35A 론지용접,7,2025-12-02 11:18:48,2025-12-02 11:35:22,16.6,35A,베이35A,raw,
b170_heavy_work_r1,SPT,Large (141-200),170,heavy_work,289.8666666666667,54,20251202,66,BLK_66C,1,베이35A 수정,8,2025-12-02 11:35:22,2025-12-02 12:02:29,27.1,35A,베이35A,raw,
b170_heavy_work_r1,SPT,Large (141-200),170,heavy_work,289.8666666666667,54,20251202,30,BLK_30C,2,판계,1,2025-12-02 08:14:24,2025-12-02 08:50:24,36.0,,공통,raw,
b170_heavy_work_r1,SPT,Large (141-200),170,heavy_work,289.8666666666667,54,20251202,30,BLK_30C,2,전면SAW,2,2025-12-02 09:08:05,2025-12-02 09:43:44,35.7,,공통,raw,
b170_heavy_work_r1,SPT,Large (141-200),170,heavy_work,289.8666666666667,54,20251202,30,BLK_30C,2,TurnOver,3,2025-12-02 09:43:44,2025-12-02 09:58:08,14.4,,공통,raw,
b170_heavy_work_r1,SPT,Large (141-200),170,heavy_work,289.8666666666667,54,20251202,30,BLK_30C,2,후면SAW,4,2025-12-02 10:07:48,2025-12-02 10:29:21,21.6,,공통,raw,
b170_heavy_work_r1,SPT,Large (141-200),170,heavy_work,289.8666666666667,54,20251202,30,BLK_30C,2,NC,5,2025-12-02 10:33:12,2025-12-02 11:28:03,54.8,,공통,raw,
b170_heavy_work_r1,SPT,Large (141-200),170,heavy_work,289.8666666666667,54,20251202,30,BLK_30C,2,베이36B 론지취부,6,2025-12-02 11:28:03,2025-12-02 12:34:39,66.6,36B,베이36B,raw,
b170_heavy_work_r1,SPT,Large (141-200),170,heavy_work,289.8666666666667,54,20251202,30,BLK_30C,2,베이36B 론지용접,7,2025-12-02 12:34:39,2025-12-02 12:59:36,25.0,36B,베이36B,raw,
b170_heavy_work_r1,SPT,Large (141-200),170,heavy_work,289.8666666666667,54,20251202,30,BLK_30C,2,베이36B 수정,8,2025-12-02 12:59:36,2025-12-02 13:39:56,40.3,36B,베이36B,raw,
b170_heavy_work_r1,SPT,Large (141-200),170,heavy_work,289.8666666666667,54,20251202,14,BLK_14C,3,판계,1,2025-12-02 08:50:24,2025-12-02 09:24:00,33.6,,공통,raw,
b170_heavy_work_r1,SPT,Large (141-200),170,heavy_work,289.8666666666667,54,20251202,14,BLK_14C,3,전면SAW,2,2025-12-02 09:43:44,2025-12-02 11:19:47,96.0,,공통,raw,
b170_heavy_work_r1,SPT,Large (141-200),170,heavy_work,289.8666666666667,54,20251202,14,BLK_14C,3,TurnOver,3,2025-12-02 11:19:47,2025-12-02 11:34:11,14.4,,공통,raw,
b170_heavy_work_r1,SPT,Large (141-200),170,heavy_work,289.8666666666667,54,20251202,14,BLK_14C,3,후면SAW,4,2025-12-02 11:34:11,2025-12-02 13:04:34,90.4,,공통,raw,
b170_heavy_work_r1,SPT,Large (141-200),170,heavy_work,289.8666666666667,54,20251202,14,BLK_14C,3,NC,5,2025-12-02 13:04:34,2025-12-02 13:41:31,36.9,,공통,raw,
b170_heavy_work_r1,SPT,Large (141-200),170,heavy_work,289.8666666666667,54,20251202,14,BLK_14C,3,베이35A 론지취부,6,2025-12-02 13:41:31,2025-12-02 14:18:43,37.2,35A,베이35A,raw,
b170_heavy_work_r1,SPT,Large (141-200),170,heavy_work,289.8666666666667,54,20251202,14,BLK_14C,3,베이35A 론지용접,7,2025-12-02 14:18:43,2025-12-02 14:38:38,19.9,35A,베이35A,raw,
b170_heavy_work_r1,SPT,Large (141-200),170,heavy_work,289.8666666666667,54,20251202,14,BLK_14C,3,베이35A 수정,8,2025-12-02 14:38:38,2025-12-02 15:00:28,21.8,35A,베이35A,raw,
b170_heavy_work_r1,SPT,Large (141-200),170,heavy_work,289.8666666666667,54,20251202,2,BLK_2C,4,판계,1,2025-12-02 09:24:00,2025-12-02 10:09:36,45.6,,공통,raw,
b170_heavy_work_r1,SPT,Large (141-200),170,heavy_work,289.8666666666667,54,20251202,2,BLK_2C,4,전면SAW,2,2025-12-02 11:19:47,2025-12-02 13:33:51,134.1,,공통,raw,
b170_heavy_work_r1,SPT,Large (141-200),170,heavy_work,289.8666666666667,54,20251202,2,BLK_2C,4,TurnOver,3,2025-12-02 13:33:51,2025-12-02 13:48:15,14.4,,공통,raw,
b170_heavy_work_r1,SPT,Large (141-200),170,heavy_work,289.8666666666667,54,20251202,2,BLK_2C,4,후면SAW,4,2025-12-02 13:48:15,2025-12-02 16:02:58,134.7,,공통,raw,
b170_heavy_work_r1,SPT,Large (141-200),170,heavy_work,289.8666666666667,54,20251202,2,BLK_2C,4,NC,5,2025-12-02 16:02:58,2025-12-02 17:00:05,57.1,,공통,raw,
b170_heavy_work_r1,SPT,Large (141-200),170,heavy_work,289.8666666666667,54,20251202,2,BLK_2C,4,베이36B 론지취부,6,2025-12-02 17:00:05,2025-12-02 18:40:17,100.2,36B,베이36B,raw,
b170_heavy_work_r1,SPT,Large (141-200),170,heavy_work,289.8666666666667,54,20251202,2,BLK_2C,4,베이36B 론지용접,7,2025-12-02 18:40:17,2025-12-02 19:11:00,30.7,36B,베이36B,raw,
b170_heavy_work_r1,SPT,Large (141-200),170,heavy_work,289.8666666666667,54,20251202,2,BLK_2C,4,베이36B 수정,8,2025-12-02 19:11:00,2025-12-02 20:12:26,61.4,36B,베이36B,raw,
b170_heavy_work_r1,SPT,Large (141-200),170,heavy_work,289.8666666666667,54,20251202,106,BLK_106C,5,판계,1,2025-12-02 10:09:36,2025-12-02 11:03:36,54.0,,공통,raw,
b170_heavy_work_r1,SPT,Large (141-200),170,heavy_work,289.8666666666667,54,20251202,106,BLK_106C,5,전면SAW,2,2025-12-02 13:33:51,2025-12-02 14:17:35,43.7,,공통,raw,
b170_heavy_work_r1,SPT,Large (141-200),170,heavy_work,289.8666666666667,54,20251202,106,BLK_106C,5,TurnOver,3,2025-12-02 14:17:35,2025-12-02 14:31:59,14.4,,공통,raw,
b170_heavy_work_r1,SPT,Large (141-200),170,heavy_work,289.8666666666667,54,20251202,106,BLK_106C,5,후면SAW,4,2025-12-02 16:02:58,2025-12-02 16:35:11,32.2,,공통,raw,
b170_heavy_work_r1,SPT,Large (141-200),170,heavy_work,289.8666666666667,54,20251202,106,BLK_106C,5,NC,5,2025-12-02 17:00:05,2025-12-02 18:03:12,63.1,,공통,raw,
b170_heavy_work_r1,SPT,Large (141-200),170,heavy_work,289.8666666666667,54,20251202,106,BLK_106C,5,베이36B 론지취부,6,2025-12-02 18:40:17,2025-12-02 19:46:53,66.6,36B,베이36B,raw,
b170_heavy_work_r1,SPT,Large (141-200),170,heavy_work,289.8666666666667,54,20251202,106,BLK_106C,5,베이36B 론지용접,7,2025-12-02 19:46:53,2025-12-02 20:11:50,25.0,36B,베이36B,raw,
b170_heavy_work_r1,SPT,Large (141-200),170,heavy_work,289.8666666666667,54,20251202,106,BLK_106C,5,베이36B 수정,8,2025-12-02 20:12:26,2025-12-02 20:52:45,40.3,36B,베이36B,raw,
b170_heavy_work_r1,SPT,Large (141-200),170,heavy_work,289.8666666666667,54,20251202,86,BLK_86S,6,판계,1,2025-12-02 11:03:36,2025-12-02 11:51:36,48.0,,공통,raw,
b170_heavy_work_r1,SPT,Large (141-200),170,heavy_work,289.8666666666667,54,20251202,86,BLK_86S,6,전면SAW,2,2025-12-02 14:17:35,2025-12-02 16:28:46,131.2,,공통,raw,
b170_heavy_work_r1,SPT,Large (141-200),170,heavy_work,289.8666666666667,54,20251202,86,BLK_86S,6,TurnOver,3,2025-12-02 16:28:46,2025-12-02 16:43:10,14.4,,공통,raw,
b170_heavy_work_r1,SPT,Large (141-200),170,heavy_work,289.8666666666667,54,20251202,86,BLK_86S,6,후면SAW,4,2025-12-02 16:43:10,2025-12-02 18:16:15,93.1,,공통,raw,
b170_heavy_work_r1,SPT,Large (141-200),170,heavy_work,289.8666666666667,54,20251202,86,BLK_86S,6,NC,5,2025-12-02 18:16:15,2025-12-02 19:06:41,50.4,,공통,raw,
b170_heavy_work_r1,SPT,Large (141-200),170,heavy_work,289.8666666666667,54,20251202,86,BLK_86S,6,베이35A 론지취부,6,2025-12-02 19:06:41,2025-12-02 19:52:17,45.6,35A,베이35A,raw,
b170_heavy_work_r1,SPT,Large (141-200),170,heavy_work,289.8666666666667,54,20251202,86,BLK_86S,6,베이35A 론지용접,7,2025-12-02 19:52:17,2025-12-02 20:13:38,21.4,35A,베이35A,raw,
b170_heavy_work_r1,SPT,Large (141-200),170,heavy_work,289.8666666666667,54,20251202,86,BLK_86S,6,베이35A 수정,8,2025-12-02 20:13:38,2025-12-02 20:40:45,27.1,35A,베이35A,raw,
b170_heavy_work_r1,SPT,Large (141-200),170,heavy_work,289.8666666666667,54,20251202,76,BLK_76P,7,판계,1,2025-12-02 11:51:36,2025-12-02 12:37:12,45.6,,공통,raw,
b170_heavy_work_r1,SPT,Large (141-200),170,heavy_work,289.8666666666667,54,20251202,76,BLK_76P,7,전면SAW,2,2025-12-02 16:28:46,2025-12-02 19:04:53,156.1,,공통,raw,
b170_heavy_work_r1,SPT,Large (141-200),170,heavy_work,289.8666666666667,54,20251202,76,BLK_76P,7,TurnOver,3,2025-12-02 19:04:53,2025-12-02 19:19:17,14.4,,공통,raw,
b170_heavy_work_r1,SPT,Large (141-200),170,heavy_work,289.8666666666667,54,20251202,76,BLK_76P,7,후면SAW,4,2025-12-02 19:19:17,2025-12-02 21:26:55,127.6,,공통,raw,
b170_heavy_work_r1,SPT,Large (141-200),170,heavy_work,289.8666666666667,54,20251202,76,BLK_76P,7,NC,5,2025-12-02 21:26:55,2025-12-02 22:27:00,60.1,,공통,raw,
b170_heavy_work_r1,SPT,Large (141-200),170,heavy_work,289.8666666666667,54,20251202,76,BLK_76P,7,베이36B 론지취부,6,2025-12-02 22:27:00,2025-12-03 00:03:00,96.0,36B,베이36B,raw,
b170_heavy_work_r1,SPT,Large (141-200),170,heavy_work,289.8666666666667,54,20251202,76,BLK_76P,7,베이36B 론지용접,7,2025-12-03 00:03:00,2025-12-03 00:33:00,30.0,36B,베이36B,raw,
b170_heavy_work_r1,SPT,Large (141-200),170,heavy_work,289.8666666666667,54,20251202,76,BLK_76P,7,베이36B 수정,8,2025-12-03 00:33:00,2025-12-03 01:31:48,58.8,36B,베이36B,raw,
b170_heavy_work_r1,SPT,Large (141-200),170,heavy_work,289.8666666666667,54,20251202,6,BLK_6C,8,판계,1,2025-12-02 12:37:12,2025-12-02 13:31:12,54.0,,공통,raw,
b170_heavy_work_r1,SPT,Large (141-200),170,heavy_work,289.8666666666667,54,20251202,6,BLK_6C,8,전면SAW,2,2025-12-02 19:04:53,2025-12-02 19:48:16,43.4,,공통,raw,
b170_heavy_work_r1,SPT,Large (141-200),170,heavy_work,289.8666666666667,54,20251202,6,BLK_6C,8,TurnOver,3,2025-12-02 19:48:16,2025-12-02 20:02:40,14.4,,공통,raw,
b170_heavy_work_r1,SPT,Large (141-200),170,heavy_work,289.8666666666667,54,20251202,6,BLK_6C,8,후면SAW,4,2025-12-02 21:26:55,2025-12-02 21:58:40,31.7,,공통,raw,
b170_heavy_work_r1,SPT,Large (141-200),170,heavy_work,289.8666666666667,54,20251202,6,BLK_6C,8,NC,5,2025-12-02 22:27:00,2025-12-02 23:25:13,58.2,,공통,raw,
b170_heavy_work_r1,SPT,Large (141-200),170,heavy_work,289.8666666666667,54,20251202,6,BLK_6C,8,베이36B 론지취부,6,2025-12-03 00:03:00,2025-12-03 01:22:12,79.2,36B,베이36B,raw,
b170_heavy_work_r1,SPT,Large (141-200),170,heavy_work,289.8666666666667,54,20251202,6,BLK_6C,8,베이36B 론지용접,7,2025-12-03 01:22:12,2025-12-03 01:49:19,27.1,36B,베이36B,raw,
b170_heavy_work_r1,SPT,Large (141-200),170,heavy_work,289.8666666666667,54,20251202,6,BLK_6C,8,베이36B 수정,8,2025-12-03 01:49:19,2025-12-03 02:37:33,48.2,36B,베이36B,raw,
b170_heavy_work_r1,SPT,Large (141-200),170,heavy_work,289.8666666666667,54,20251202,10,BLK_10S,9,판계,1,2025-12-02 13:31:12,2025-12-02 14:25:12,54.0,,공통,raw,
b170_heavy_work_r1,SPT,Large (141-200),170,heavy_work,289.8666666666667,54,20251202,10,BLK_10S,9,전면SAW,2,2025-12-02 19:48:16,2025-12-02 22:47:52,179.6,,공통,raw,
b170_heavy_work_r1,SPT,Large (141-200),170,heavy_work,289.8666666666667,54,20251202,10,BLK_10S,9,TurnOver,3,2025-12-02 22:47:52,2025-12-02 23:02:16,14.4,,공통,raw,
b170_heavy_work_r1,SPT,Large (141-200),170,heavy_work,289.8666666666667,54,20251202,10,BLK_10S,9,후면SAW,4,2025-12-02 23:02:16,2025-12-03 01:14:05,131.8,,공통,raw,
b170_heavy_work_r1,SPT,Large (141-200),170,heavy_work,289.8666666666667,54,20251202,10,BLK_10S,9,NC,5,2025-12-03 01:14:05,2025-12-03 02:14:17,60.2,,공통,raw,
b170_heavy_work_r1,SPT,Large (141-200),170,heavy_work,289.8666666666667,54,20251202,10,BLK_10S,9,베이35A 론지취부,6,2025-12-03 02:14:17,2025-12-03 03:50:17,96.0,35A,베이35A,raw,
b170_heavy_work_r1,SPT,Large (141-200),170,heavy_work,289.8666666666667,54,20251202,10,BLK_10S,9,베이35A 론지용접,7,2025-12-03 03:50:17,2025-12-03 04:20:17,30.0,35A,베이35A,raw,
b170_heavy_work_r1,SPT,Large (141-200),170,heavy_work,289.8666666666667,54,20251202,10,BLK_10S,9,베이35A 수정,8,2025-12-03 04:20:17,2025-12-03 05:19:05,58.8,35A,베이35A,raw,
b170_heavy_work_r1,SPT,Large (141-200),170,heavy_work,289.8666666666667,54,20251202,42,BLK_42S,10,판계,1,2025-12-02 14:25:12,2025-12-02 15:01:12,36.0,,공통,raw,
b170_heavy_work_r1,SPT,Large (141-200),170,heavy_work,289.8666666666667,54,20251202,42,BLK_42S,10,전면SAW,2,2025-12-02 22:47:52,2025-12-02 23:25:40,37.8,,공통,raw,
b170_heavy_work_r1,SPT,Large (141-200),170,heavy_work,289.8666666666667,54,20251202,42,BLK_42S,10,TurnOver,3,2025-12-02 23:25:40,2025-12-02 23:40:04,14.4,,공통,raw,
b170_heavy_work_r1,SPT,Large (141-200),170,heavy_work,289.8666666666667,54,20251202,42,BLK_42S,10,후면SAW,4,2025-12-03 01:14:05,2025-12-03 01:38:29,24.4,,공통,raw,
b170_heavy_work_r1,SPT,Large (141-200),170,heavy_work,289.8666666666667,54,20251202,42,BLK_42S,10,NC,5,2025-12-03 02:14:17,2025-12-03 03:06:30,52.2,,공통,raw,
b170_heavy_work_r1,SPT,Large (141-200),170,heavy_work,289.8666666666667,54,20251202,42,BLK_42S,10,베이36B 론지취부,6,2025-12-03 03:06:30,2025-12-03 04:13:06,66.6,36B,베이36B,raw,
b170_heavy_work_r1,SPT,Large (141-200),170,heavy_work,289.8666666666667,54,20251202,42,BLK_42S,10,베이36B 론지용접,7,2025-12-03 04:13:06,2025-12-03 04:38:03,25.0,36B,베이36B,raw,
b170_heavy_work_r1,SPT,Large (141-200),170,heavy_work,289.8666666666667,54,20251202,42,BLK_42S,10,베이36B 수정,8,2025-12-03 04:38:03,2025-12-03 05:18:23,40.3,36B,베이36B,raw,
b170_heavy_work_r1,SPT,Large (141-200),170,heavy_work,289.8666666666667,54,20251202,46,BLK_46S,11,판계,1,2025-12-02 15:01:12,2025-12-02 15:37:12,36.0,,공통,raw,
b170_heavy_work_r1,SPT,Large (141-200),170,heavy_work,289.8666666666667,54,20251202,46,BLK_46S,11,전면SAW,2,2025-12-02 23:25:40,2025-12-03 00:09:58,44.3,,공통,raw,
b170_heavy_work_r1,SPT,Large (141-200),170,heavy_work,289.8666666666667,54,20251202,46,BLK_46S,11,TurnOver,3,2025-12-03 00:09:58,2025-12-03 00:24:22,14.4,,공통,raw,
b170_heavy_work_r1,SPT,Large (141-200),170,heavy_work,289.8666666666667,54,20251202,46,BLK_46S,11,후면SAW,4,2025-12-03 01:38:29,2025-12-03 02:11:25,32.9,,공통,raw,
b170_heavy_work_r1,SPT,Large (141-200),170,heavy_work,289.8666666666667,54,20251202,46,BLK_46S,11,NC,5,2025-12-03 03:06:30,2025-12-03 03:59:25,52.9,,공통,raw,
b170_heavy_work_r1,SPT,Large (141-200),170,heavy_work,289.8666666666667,54,20251202,46,BLK_46S,11,베이35A 론지취부,6,2025-12-03 03:59:25,2025-12-03 05:06:01,66.6,35A,베이35A,raw,
b170_heavy_work_r1,SPT,Large (141-200),170,heavy_work,289.8666666666667,54,20251202,46,BLK_46S,11,베이35A 론지용접,7,2025-12-03 05:06:01,2025-12-03 05:30:59,25.0,35A,베이35A,raw,
b170_heavy_work_r1,SPT,Large (141-200),170,heavy_work,289.8666666666667,54,20251202,46,BLK_46S,11,베이35A 수정,8,2025-12-03 05:30:59,2025-12-03 06:11:18,40.3,35A,베이35A,raw,
b170_heavy_work_r1,SPT,Large (141-200),170,heavy_work,289.8666666666667,54,20251202,22,BLK_22P,12,판계,1,2025-12-02 15:37:12,2025-12-02 16:22:48,45.6,,공통,raw,
b170_heavy_work_r1,SPT,Large (141-200),170,heavy_work,289.8666666666667,54,20251202,22,BLK_22P,12,전면SAW,2,2025-12-03 00:09:58,2025-12-03 02:17:21,127.4,,공통,raw,
b170_heavy_work_r1,SPT,Large (141-200),170,heavy_work,289.8666666666667,54,20251202,22,BLK_22P,12,TurnOver,3,2025-12-03 02:17:21,2025-12-03 02:31:45,14.4,,공통,raw,
b170_heavy_work_r1,SPT,Large (141-200),170,heavy_work,289.8666666666667,54,20251202,22,BLK_22P,12,후면SAW,4,2025-12-03 02:31:45,2025-12-03 04:13:13,101.5,,공통,raw,
b170_heavy_work_r1,SPT,Large (141-200),170,heavy_work,289.8666666666667,54,20251202,22,BLK_22P,12,NC,5,2025-12-03 04:13:13,2025-12-03 05:08:32,55.3,,공통,raw,
b170_heavy_work_r1,SPT,Large (141-200),170,heavy_work,289.8666666666667,54,20251202,22,BLK_22P,12,베이36B 론지취부,6,2025-12-03 05:08:32,2025-12-03 06:02:32,54.0,36B,베이36B,raw,
b170_heavy_work_r1,SPT,Large (141-200),170,heavy_work,289.8666666666667,54,20251202,22,BLK_22P,12,베이36B 론지용접,7,2025-12-03 06:02:32,2025-12-03 06:25:20,22.8,36B,베이36B,raw,
b170_heavy_work_r1,SPT,Large (141-200),170,heavy_work,289.8666666666667,54,20251202,22,BLK_22P,12,베이36B 수정,8,2025-12-03 06:25:20,2025-12-03 06:57:44,32.4,36B,베이36B,raw,
b170_heavy_work_r1,SPT,Large (141-200),170,heavy_work,289.8666666666667,54,20251202,18,BLK_18P,13,판계,1,2025-12-02 16:22:48,2025-12-02 17:08:24,45.6,,공통,raw,
b170_heavy_work_r1,SPT,Large (141-200),170,heavy_work,289.8666666666667,54,20251202,18,BLK_18P,13,전면SAW,2,2025-12-03 02:17:21,2025-12-03 04:13:29,116.1,,공통,raw,
b170_heavy_work_r1,SPT,Large (141-200),170,heavy_work,289.8666666666667,54,20251202,18,BLK_18P,13,TurnOver,3,2025-12-03 04:13:29,2025-12-03 04:27:53,14.4,,공통,raw,
b170_heavy_work_r1,SPT,Large (141-200),170,heavy_work,289.8666666666667,54,20251202,18,BLK_18P,13,후면SAW,4,2025-12-03 04:27:53,2025-12-03 05:59:04,91.2,,공통,raw,
b170_heavy_work_r1,SPT,Large (141-200),170,heavy_work,289.8666666666667,54,20251202,18,BLK_18P,13,NC,5,2025-12-03 05:59:04,2025-12-03 06:57:23,58.3,,공통,raw,
b170_heavy_work_r1,SPT,Large (141-200),170,heavy_work,289.8666666666667,54,20251202,18,BLK_18P,13,베이35A 론지취부,6,2025-12-03 06:57:23,2025-12-03 08:24:59,87.6,35A,베이35A,raw,
b170_heavy_work_r1,SPT,Large (141-200),170,heavy_work,289.8666666666667,54,20251202,18,BLK_18P,13,베이35A 론지용접,7,2025-12-03 08:24:59,2025-12-03 08:53:33,28.6,35A,베이35A,raw,
b170_heavy_work_r1,SPT,Large (141-200),170,heavy_work,289.8666666666667,54,20251202,18,BLK_18P,13,베이35A 수정,8,2025-12-03 08:53:33,2025-12-03 09:47:04,53.5,35A,베이35A,raw,
b170_heavy_work_r1,SPT,Large (141-200),170,heavy_work,289.8666666666667,54,20251202,3,BLK_3C,14,판계,1,2025-12-02 17:08:24,2025-12-02 17:22:48,14.4,,공통,raw,
b170_heavy_work_r1,SPT,Large (141-200),170,heavy_work,289.8666666666667,54,20251202,3,BLK_3C,14,전면SAW,2,2025-12-03 04:13:29,2025-12-03 05:02:08,48.7,,공통,raw,
b170_heavy_work_r1,SPT,Large (141-200),170,heavy_work,289.8666666666667,54,20251202,3,BLK_3C,14,TurnOver,3,2025-12-03 05:02:08,2025-12-03 05:16:32,14.4,,공통,raw,
b170_heavy_work_r1,SPT,Large (141-200),170,heavy_work,289.8666666666667,54,20251202,3,BLK_3C,14,후면SAW,4,2025-12-03 05:59:04,2025-12-03 06:37:45,38.7,,공통,raw,
b170_heavy_work_r1,SPT,Large (141-200),170,heavy_work,289.8666666666667,54,20251202,3,BLK_3C,14,NC,5,2025-12-03 06:57:23,2025-12-03 07:22:58,25.6,,공통,raw,
b170_heavy_work_r1,SPT,Large (141-200),170,heavy_work,289.8666666666667,54,20251202,3,BLK_3C,14,베이36B 론지취부,6,2025-12-03 07:22:58,2025-12-03 08:20:34,57.6,36B,베이36B,raw,
b170_heavy_work_r1,SPT,Large (141-200),170,heavy_work,289.8666666666667,54,20251202,3,BLK_3C,14,베이36B 론지용접,7,2025-12-03 08:20:34,2025-12-03 08:47:56,27.4,36B,베이36B,raw,
b170_heavy_work_r1,SPT,Large (141-200),170,heavy_work,289.8666666666667,54,20251202,3,BLK_3C,14,베이36B 수정,8,2025-12-03 08:47:56,2025-12-03 09:04:30,16.6,36B,베이36B,raw,
b170_heavy_work_r1,SPT,Large (141-200),170,heavy_work,289.8666666666667,54,20251203,33,BLK_33P,1,판계,1,2025-12-03 08:00:00,2025-12-03 08:24:00,24.0,,공통,raw,
b170_heavy_work_r1,SPT,Large (141-200),170,heavy_work,289.8666666666667,54,20251203,33,BLK_33P,1,전면SAW,2,2025-12-03 08:24:00,2025-12-03 08:56:56,32.9,,공통,raw,
b170_heavy_work_r1,SPT,Large (141-200),170,heavy_work,289.8666666666667,54,20251203,33,BLK_33P,1,TurnOver,3,2025-12-03 08:56:56,2025-12-03 09:11:20,14.4,,공통,raw,
b170_heavy_work_r1,SPT,Large (141-200),170,heavy_work,289.8666666666667,54,20251203,33,BLK_33P,1,후면SAW,4,2025-12-03 09:11:20,2025-12-03 09:29:20,18.0,,공통,raw,
b170_heavy_work_r1,SPT,Large (141-200),170,heavy_work,289.8666666666667,54,20251203,33,BLK_33P,1,NC,5,2025-12-03 09:29:20,2025-12-03 09:59:32,30.2,,공통,raw,
b170_heavy_work_r1,SPT,Large (141-200),170,heavy_work,289.8666666666667,54,20251203,33,BLK_33P,1,베이35A 론지취부,6,2025-12-03 09:59:32,2025-12-03 10:36:44,37.2,35A,베이35A,raw,
b170_heavy_work_r1,SPT,Large (141-200),170,heavy_work,289.8666666666667,54,20251203,33,BLK_33P,1,베이35A 론지용접,7,2025-12-03 10:36:44,2025-12-03 10:56:39,19.9,35A,베이35A,raw,
b170_heavy_work_r1,SPT,Large (141-200),170,heavy_work,289.8666666666667,54,20251203,33,BLK_33P,1,베이35A 수정,8,2025-12-03 10:56:39,2025-12-03 11:18:30,21.8,35A,베이35A,raw,
b170_heavy_work_r1,SPT,Large (141-200),170,heavy_work,289.8666666666667,54,20251203,25,BLK_25C,2,판계,1,2025-12-03 08:24:00,2025-12-03 09:00:00,36.0,,공통,raw,
b170_heavy_work_r1,SPT,Large (141-200),170,heavy_work,289.8666666666667,54,20251203,25,BLK_25C,2,전면SAW,2,2025-12-03 09:00:00,2025-12-03 09:36:43,36.7,,공통,raw,
b170_heavy_work_r1,SPT,Large (141-200),170,heavy_work,289.8666666666667,54,20251203,25,BLK_25C,2,TurnOver,3,2025-12-03 09:36:43,2025-12-03 09:51:07,14.4,,공통,raw,
b170_heavy_work_r1,SPT,Large (141-200),170,heavy_work,289.8666666666667,54,20251203,25,BLK_25C,2,후면SAW,4,2025-12-03 09:51:07,2025-12-03 10:14:05,23.0,,공통,raw,
b170_heavy_work_r1,SPT,Large (141-200),170,heavy_work,289.8666666666667,54,20251203,25,BLK_25C,2,NC,5,2025-12-03 10:14:05,2025-12-03 11:04:55,50.8,,공통,raw,
b170_heavy_work_r1,SPT,Large (141-200),170,heavy_work,289.8666666666667,54,20251203,25,BLK_25C,2,베이36B 론지취부,6,2025-12-03 11:04:55,2025-12-03 12:07:19,62.4,36B,베이36B,raw,
b170_heavy_work_r1,SPT,Large (141-200),170,heavy_work,289.8666666666667,54,20251203,25,BLK_25C,2,베이36B 론지용접,7,2025-12-03 12:07:19,2025-12-03 12:31:33,24.2,36B,베이36B,raw,
b170_heavy_work_r1,SPT,Large (141-200),170,heavy_work,289.8666666666667,54,20251203,25,BLK_25C,2,베이36B 수정,8,2025-12-03 12:31:33,2025-12-03 13:09:14,37.7,36B,베이36B,raw,
b170_heavy_work_r1,SPT,Large (141-200),170,heavy_work,289.8666666666667,54,20251203,11,BLK_11S,3,판계,1,2025-12-03 09:00:00,2025-12-03 09:36:00,36.0,,공통,raw,
b170_heavy_work_r1,SPT,Large (141-200),170,heavy_work,289.8666666666667,54,20251203,11,BLK_11S,3,전면SAW,2,2025-12-03 09:36:43,2025-12-03 10:15:30,38.8,,공통,raw,
b170_heavy_work_r1,SPT,Large (141-200),170,heavy_work,289.8666666666667,54,20251203,11,BLK_11S,3,TurnOver,3,2025-12-03 10:15:30,2025-12-03 10:29:54,14.4,,공통,raw,
b170_heavy_work_r1,SPT,Large (141-200),170,heavy_work,289.8666666666667,54,20251203,11,BLK_11S,3,후면SAW,4,2025-12-03 10:29:54,2025-12-03 10:55:35,25.7,,공통,raw,
b170_heavy_work_r1,SPT,Large (141-200),170,heavy_work,289.8666666666667,54,20251203,11,BLK_11S,3,NC,5,2025-12-03 11:04:55,2025-12-03 11:54:30,49.6,,공통,raw,
b170_heavy_work_r1,SPT,Large (141-200),170,heavy_work,289.8666666666667,54,20251203,11,BLK_11S,3,베이35A 론지취부,6,2025-12-03 11:54:30,2025-12-03 13:17:54,83.4,35A,베이35A,raw,
b170_heavy_work_r1,SPT,Large (141-200),170,heavy_work,289.8666666666667,54,20251203,11,BLK_11S,3,베이35A 론지용접,7,2025-12-03 13:17:54,2025-12-03 13:45:44,27.8,35A,베이35A,raw,
b170_heavy_work_r1,SPT,Large (141-200),170,heavy_work,289.8666666666667,54,20251203,11,BLK_11S,3,베이35A 수정,8,2025-12-03 13:45:44,2025-12-03 14:36:37,50.9,35A,베이35A,raw,
b170_heavy_work_r1,SPT,Large (141-200),170,heavy_work,289.8666666666667,54,20251203,1,BLK_1C,4,판계,1,2025-12-03 09:36:00,2025-12-03 10:21:36,45.6,,공통,raw,
b170_heavy_work_r1,SPT,Large (141-200),170,heavy_work,289.8666666666667,54,20251203,1,BLK_1C,4,전면SAW,2,2025-12-03 10:21:36,2025-12-03 11:57:36,96.0,,공통,raw,
b170_heavy_work_r1,SPT,Large (141-200),170,heavy_work,289.8666666666667,54,20251203,1,BLK_1C,4,TurnOver,3,2025-12-03 11:57:36,2025-12-03 12:12:00,14.4,,공통,raw,
b170_heavy_work_r1,SPT,Large (141-200),170,heavy_work,289.8666666666667,54,20251203,1,BLK_1C,4,후면SAW,4,2025-12-03 12:12:00,2025-12-03 13:24:51,72.9,,공통,raw,
b170_heavy_work_r1,SPT,Large (141-200),170,heavy_work,289.8666666666667,54,20251203,1,BLK_1C,4,NC,5,2025-12-03 13:24:51,2025-12-03 14:22:09,57.3,,공통,raw,
b170_heavy_work_r1,SPT,Large (141-200),170,heavy_work,289.8666666666667,54,20251203,1,BLK_1C,4,베이36B 론지취부,6,2025-12-03 14:22:09,2025-12-03 15:58:09,96.0,36B,베이36B,raw,
b170_heavy_work_r1,SPT,Large (141-200),170,heavy_work,289.8666666666667,54,20251203,1,BLK_1C,4,베이36B 론지용접,7,2025-12-03 15:58:09,2025-12-03 16:28:09,30.0,36B,베이36B,raw,
b170_heavy_work_r1,SPT,Large (141-200),170,heavy_work,289.8666666666667,54,20251203,1,BLK_1C,4,베이36B 수정,8,2025-12-03 16:28:09,2025-12-03 17:26:57,58.8,36B,베이36B,raw,
b170_heavy_work_r1,SPT,Large (141-200),170,heavy_work,289.8666666666667,54,20251203,5,BLK_5C,5,판계,1,2025-12-03 10:21:36,2025-12-03 10:57:36,36.0,,공통,raw,
b170_heavy_work_r1,SPT,Large (141-200),170,heavy_work,289.8666666666667,54,20251203,5,BLK_5C,5,전면SAW,2,2025-12-03 11:57:36,2025-12-03 13:51:16,113.7,,공통,raw,
b170_heavy_work_r1,SPT,Large (141-200),170,heavy_work,289.8666666666667,54,20251203,5,BLK_5C,5,TurnOver,3,2025-12-03 13:51:16,2025-12-03 14:05:40,14.4,,공통,raw,
b170_heavy_work_r1,SPT,Large (141-200),170,heavy_work,289.8666666666667,54,20251203,5,BLK_5C,5,후면SAW,4,2025-12-03 14:05:40,2025-12-03 15:34:37,88.9,,공통,raw,
b170_heavy_work_r1,SPT,Large (141-200),170,heavy_work,289.8666666666667,54,20251203,5,BLK_5C,5,NC,5,2025-12-03 15:34:37,2025-12-03 16:37:43,63.1,,공통,raw,
b170_heavy_work_r1,SPT,Large (141-200),170,heavy_work,289.8666666666667,54,20251203,5,BLK_5C,5,베이35A 론지취부,6,2025-12-03 16:37:43,2025-12-03 18:05:19,87.6,35A,베이35A,raw,
b170_heavy_work_r1,SPT,Large (141-200),170,heavy_work,289.8666666666667,54,20251203,5,BLK_5C,5,베이35A 론지용접,7,2025-12-03 18:05:19,2025-12-03 18:33:53,28.6,35A,베이35A,raw,
b170_heavy_work_r1,SPT,Large (141-200),170,heavy_work,289.8666666666667,54,20251203,5,BLK_5C,5,베이35A 수정,8,2025-12-03 18:33:53,2025-12-03 19:27:24,53.5,35A,베이35A,raw,
b170_heavy_work_r1,SPT,Large (141-200),170,heavy_work,289.8666666666667,54,20251203,9,BLK_9C,6,판계,1,2025-12-03 10:57:36,2025-12-03 11:43:12,45.6,,공통,raw,
b170_heavy_work_r1,SPT,Large (141-200),170,heavy_work,289.8666666666667,54,20251203,9,BLK_9C,6,전면SAW,2,2025-12-03 13:51:16,2025-12-03 16:02:26,131.2,,공통,raw,
b170_heavy_work_r1,SPT,Large (141-200),170,heavy_work,289.8666666666667,54,20251203,9,BLK_9C,6,TurnOver,3,2025-12-03 16:02:26,2025-12-03 16:16:50,14.4,,공통,raw,
b170_heavy_work_r1,SPT,Large (141-200),170,heavy_work,289.8666666666667,54,20251203,9,BLK_9C,6,후면SAW,4,2025-12-03 16:16:50,2025-12-03 18:01:43,104.9,,공통,raw,
b170_heavy_work_r1,SPT,Large (141-200),170,heavy_work,289.8666666666667,54,20251203,9,BLK_9C,6,NC,5,2025-12-03 18:01:43,2025-12-03 19:01:35,59.9,,공통,raw,
b170_heavy_work_r1,SPT,Large (141-200),170,heavy_work,289.8666666666667,54,20251203,9,BLK_9C,6,베이36B 론지취부,6,2025-12-03 19:01:35,2025-12-03 20:37:35,96.0,36B,베이36B,raw,
b170_heavy_work_r1,SPT,Large (141-200),170,heavy_work,289.8666666666667,54,20251203,9,BLK_9C,6,베이36B 론지용접,7,2025-12-03 20:37:35,2025-12-03 21:07:35,30.0,36B,베이36B,raw,
b170_heavy_work_r1,SPT,Large (141-200),170,heavy_work,289.8666666666667,54,20251203,9,BLK_9C,6,베이36B 수정,8,2025-12-03 21:07:35,2025-12-03 22:06:23,58.8,36B,베이36B,raw,
b170_heavy_work_r1,SPT,Large (141-200),170,heavy_work,289.8666666666667,54,20251203,7,BLK_7S,7,판계,1,2025-12-03 11:43:12,2025-12-03 12:19:12,36.0,,공통,raw,
b170_heavy_work_r1,SPT,Large (141-200),170,heavy_work,289.8666666666667,54,20251203,7,BLK_7S,7,전면SAW,2,2025-12-03 16:02:26,2025-12-03 18:17:08,134.7,,공통,raw,
b170_heavy_work_r1,SPT,Large (141-200),170,heavy_work,289.8666666666667,54,20251203,7,BLK_7S,7,TurnOver,3,2025-12-03 18:17:08,2025-12-03 18:31:32,14.4,,공통,raw,
b170_heavy_work_r1,SPT,Large (141-200),170,heavy_work,289.8666666666667,54,20251203,7,BLK_7S,7,후면SAW,4,2025-12-03 18:31:32,2025-12-03 20:46:59,135.5,,공통,raw,
b170_heavy_work_r1,SPT,Large (141-200),170,heavy_work,289.8666666666667,54,20251203,7,BLK_7S,7,NC,5,2025-12-03 20:46:59,2025-12-03 21:54:15,67.3,,공통,raw,
b170_heavy_work_r1,SPT,Large (141-200),170,heavy_work,289.8666666666667,54,20251203,7,BLK_7S,7,베이36B 론지취부,6,2025-12-03 21:54:15,2025-12-03 23:55:27,121.2,36B,베이36B,raw,
b170_heavy_work_r1,SPT,Large (141-200),170,heavy_work,289.8666666666667,54,20251203,7,BLK_7S,7,베이36B 론지용접,7,2025-12-03 23:55:27,2025-12-04 00:29:47,34.3,36B,베이36B,raw,
b170_heavy_work_r1,SPT,Large (141-200),170,heavy_work,289.8666666666667,54,20251203,7,BLK_7S,7,베이36B 수정,8,2025-12-04 00:29:47,2025-12-04 01:44:25,74.6,36B,베이36B,raw,
b170_heavy_work_r1,SPT,Large (141-200),170,heavy_work,289.8666666666667,54,20251203,156,BLK_156C,8,판계,1,2025-12-03 12:19:12,2025-12-03 12:43:12,24.0,,공통,raw,
b170_heavy_work_r1,SPT,Large (141-200),170,heavy_work,289.8666666666667,54,20251203,156,BLK_156C,8,전면SAW,2,2025-12-03 18:17:08,2025-12-03 18:57:05,39.9,,공통,raw,
b170_heavy_work_r1,SPT,Large (141-200),170,heavy_work,289.8666666666667,54,20251203,156,BLK_156C,8,TurnOver,3,2025-12-03 18:57:05,2025-12-03 19:11:29,14.4,,공통,raw,
b170_heavy_work_r1,SPT,Large (141-200),170,heavy_work,289.8666666666667,54,20251203,156,BLK_156C,8,후면SAW,4,2025-12-03 20:46:59,2025-12-03 21:14:12,27.2,,공통,raw,
b170_heavy_work_r1,SPT,Large (141-200),170,heavy_work,289.8666666666667,54,20251203,156,BLK_156C,8,NC,5,2025-12-03 21:54:15,2025-12-03 22:25:34,31.3,,공통,raw,
b170_heavy_work_r1,SPT,Large (141-200),170,heavy_work,289.8666666666667,54,20251203,156,BLK_156C,8,베이35A 론지취부,6,2025-12-03 22:25:34,2025-12-03 23:19:34,54.0,35A,베이35A,raw,
b170_heavy_work_r1,SPT,Large (141-200),170,heavy_work,289.8666666666667,54,20251203,156,BLK_156C,8,베이35A 론지용접,7,2025-12-03 23:19:34,2025-12-03 23:37:34,18.0,35A,베이35A,raw,
b170_heavy_work_r1,SPT,Large (141-200),170,heavy_work,289.8666666666667,54,20251203,156,BLK_156C,8,베이35A 수정,8,2025-12-03 23:37:34,2025-12-04 00:09:58,32.4,35A,베이35A,raw,
b170_heavy_work_r1,SPT,Large (141-200),170,heavy_work,289.8666666666667,54,20251203,136,BLK_136C,9,판계,1,2025-12-03 12:43:12,2025-12-03 13:13:12,30.0,,공통,raw,
b170_heavy_work_r1,SPT,Large (141-200),170,heavy_work,289.8666666666667,54,20251203,136,BLK_136C,9,전면SAW,2,2025-12-03 18:57:05,2025-12-03 19:34:49,37.7,,공통,raw,
b170_heavy_work_r1,SPT,Large (141-200),170,heavy_work,289.8666666666667,54,20251203,136,BLK_136C,9,TurnOver,3,2025-12-03 19:34:49,2025-12-03 19:49:13,14.4,,공통,raw,
b170_heavy_work_r1,SPT,Large (141-200),170,heavy_work,289.8666666666667,54,20251203,136,BLK_136C,9,후면SAW,4,2025-12-03 21:14:12,2025-12-03 21:38:31,24.3,,공통,raw,
b170_heavy_work_r1,SPT,Large (141-200),170,heavy_work,289.8666666666667,54,20251203,136,BLK_136C,9,NC,5,2025-12-03 22:25:34,2025-12-03 23:09:41,44.1,,공통,raw,
b170_heavy_work_r1,SPT,Large (141-200),170,heavy_work,289.8666666666667,54,20251203,136,BLK_136C,9,베이36B 론지취부,6,2025-12-03 23:55:27,2025-12-04 01:02:03,66.6,36B,베이36B,raw,
b170_heavy_work_r1,SPT,Large (141-200),170,heavy_work,289.8666666666667,54,20251203,136,BLK_136C,9,베이36B 론지용접,7,2025-12-04 01:02:03,2025-12-04 01:27:01,25.0,36B,베이36B,raw,
b170_heavy_work_r1,SPT,Large (141-200),170,heavy_work,289.8666666666667,54,20251203,136,BLK_136C,9,베이36B 수정,8,2025-12-04 01:44:25,2025-12-04 02:24:44,40.3,36B,베이36B,raw,
b170_heavy_work_r1,SPT,Large (141-200),170,heavy_work,289.8666666666667,54,20251203,19,BLK_19C,10,판계,1,2025-12-03 13:13:12,2025-12-03 13:43:12,30.0,,공통,raw,
b170_heavy_work_r1,SPT,Large (141-200),170,heavy_work,289.8666666666667,54,20251203,19,BLK_19C,10,전면SAW,2,2025-12-03 19:34:49,2025-12-03 20:13:40,38.9,,공통,raw,
b170_heavy_work_r1,SPT,Large (141-200),170,heavy_work,289.8666666666667,54,20251203,19,BLK_19C,10,TurnOver,3,2025-12-03 20:13:40,2025-12-03 20:28:04,14.4,,공통,raw,
b170_heavy_work_r1,SPT,Large (141-200),170,heavy_work,289.8666666666667,54,20251203,19,BLK_19C,10,후면SAW,4,2025-12-03 21:38:31,2025-12-03 22:04:17,25.8,,공통,raw,
b170_heavy_work_r1,SPT,Large (141-200),170,heavy_work,289.8666666666667,54,20251203,19,BLK_19C,10,NC,5,2025-12-03 23:09:41,2025-12-03 23:52:22,42.7,,공통,raw,
b170_heavy_work_r1,SPT,Large (141-200),170,heavy_work,289.8666666666667,54,20251203,19,BLK_19C,10,베이35A 론지취부,6,2025-12-03 23:52:22,2025-12-04 01:11:34,79.2,35A,베이35A,raw,
b170_heavy_work_r1,SPT,Large (141-200),170,heavy_work,289.8666666666667,54,20251203,19,BLK_19C,10,베이35A 론지용접,7,2025-12-04 01:11:34,2025-12-04 01:38:41,27.1,35A,베이35A,raw,
b170_heavy_work_r1,SPT,Large (141-200),170,heavy_work,289.8666666666667,54,20251203,19,BLK_19C,10,베이35A 수정,8,2025-12-04 01:38:41,2025-12-04 02:26:55,48.2,35A,베이35A,raw,
b170_heavy_work_r1,SPT,Large (141-200),170,heavy_work,289.8666666666667,54,20251203,147,BLK_147C,11,판계,1,2025-12-03 13:43:12,2025-12-03 14:13:12,30.0,,공통,raw,
b170_heavy_work_r1,SPT,Large (141-200),170,heavy_work,289.8666666666667,54,20251203,147,BLK_147C,11,전면SAW,2,2025-12-03 20:13:40,2025-12-03 20:54:48,41.1,,공통,raw,
b170_heavy_work_r1,SPT,Large (141-200),170,heavy_work,289.8666666666667,54,20251203,147,BLK_147C,11,TurnOver,3,2025-12-03 20:54:48,2025-12-03 21:09:12,14.4,,공통,raw,
b170_heavy_work_r1,SPT,Large (141-200),170,heavy_work,289.8666666666667,54,20251203,147,BLK_147C,11,후면SAW,4,2025-12-03 22:04:17,2025-12-03 22:33:03,28.8,,공통,raw,
b170_heavy_work_r1,SPT,Large (141-200),170,heavy_work,289.8666666666667,54,20251203,147,BLK_147C,11,NC,5,2025-12-03 23:52:22,2025-12-04 00:34:19,42.0,,공통,raw,
b170_heavy_work_r1,SPT,Large (141-200),170,heavy_work,289.8666666666667,54,20251203,147,BLK_147C,11,베이36B 론지취부,6,2025-12-04 01:02:03,2025-12-04 02:21:15,79.2,36B,베이36B,raw,
b170_heavy_work_r1,SPT,Large (141-200),170,heavy_work,289.8666666666667,54,20251203,147,BLK_147C,11,베이36B 론지용접,7,2025-12-04 02:21:15,2025-12-04 02:48:23,27.1,36B,베이36B,raw,
b170_heavy_work_r1,SPT,Large (141-200),170,heavy_work,289.8666666666667,54,20251203,147,BLK_147C,11,베이36B 수정,8,2025-12-04 02:48:23,2025-12-04 03:36:37,48.2,36B,베이36B,raw,
b170_heavy_work_r1,SPT,Large (141-200),170,heavy_work,289.8666666666667,54,20251203,126,BLK_126C,12,판계,1,2025-12-03 14:13:12,2025-12-03 14:27:36,14.4,,공통,raw,
b170_heavy_work_r1,SPT,Large (141-200),170,heavy_work,289.8666666666667,54,20251203,126,BLK_126C,12,전면SAW,2,2025-12-03 20:54:48,2025-12-03 22:19:26,84.6,,공통,raw,
b170_heavy_work_r1,SPT,Large (141-200),170,heavy_work,289.8666666666667,54,20251203,126,BLK_126C,12,TurnOver,3,2025-12-03 22:19:26,2025-12-03 22:33:50,14.4,,공통,raw,
b170_heavy_work_r1,SPT,Large (141-200),170,heavy_work,289.8666666666667,54,20251203,126,BLK_126C,12,후면SAW,4,2025-12-03 22:33:50,2025-12-03 23:59:52,86.0,,공통,raw,
b170_heavy_work_r1,SPT,Large (141-200),170,heavy_work,289.8666666666667,54,20251203,126,BLK_126C,12,NC,5,2025-12-04 00:34:19,2025-12-04 00:59:47,25.5,,공통,raw,
b170_heavy_work_r1,SPT,Large (141-200),170,heavy_work,289.8666666666667,54,20251203,126,BLK_126C,12,베이35A 론지취부,6,2025-12-04 01:11:34,2025-12-04 02:01:22,49.8,35A,베이35A,raw,
b170_heavy_work_r1,SPT,Large (141-200),170,heavy_work,289.8666666666667,54,20251203,126,BLK_126C,12,베이35A 론지용접,7,2025-12-04 02:01:22,2025-12-04 02:18:38,17.3,35A,베이35A,raw,
b170_heavy_work_r1,SPT,Large (141-200),170,heavy_work,289.8666666666667,54,20251203,126,BLK_126C,12,베이35A 수정,8,2025-12-04 02:26:55,2025-12-04 02:56:41,29.8,35A,베이35A,raw,
b170_heavy_work_r1,SPT,Large (141-200),170,heavy_work,289.8666666666667,54,20251203,67,BLK_67C,13,판계,1,2025-12-03 14:27:36,2025-12-03 14:51:36,24.0,,공통,raw,
b170_heavy_work_r1,SPT,Large (141-200),170,heavy_work,289.8666666666667,54,20251203,67,BLK_67C,13,전면SAW,2,2025-12-03 22:19:26,2025-12-03 23:25:14,65.8,,공통,raw,
b170_heavy_work_r1,SPT,Large (141-200),170,heavy_work,289.8666666666667,54,20251203,67,BLK_67C,13,TurnOver,3,2025-12-03 23:25:14,2025-12-03 23:39:38,14.4,,공통,raw,
b170_heavy_work_r1,SPT,Large (141-200),170,heavy_work,289.8666666666667,54,20251203,67,BLK_67C,13,후면SAW,4,2025-12-03 23:59:52,2025-12-04 01:01:07,61.2,,공통,raw,
b170_heavy_work_r1,SPT,Large (141-200),170,heavy_work,289.8666666666667,54,20251203,67,BLK_67C,13,NC,5,2025-12-04 01:01:07,2025-12-04 01:36:32,35.4,,공통,raw,
b170_heavy_work_r1,SPT,Large (141-200),170,heavy_work,289.8666666666667,54,20251203,67,BLK_67C,13,베이36B 론지취부,6,2025-12-04 02:21:15,2025-12-04 03:53:03,91.8,36B,베이36B,raw,
b170_heavy_work_r1,SPT,Large (141-200),170,heavy_work,289.8666666666667,54,20251203,67,BLK_67C,13,베이36B 론지용접,7,2025-12-04 03:53:03,2025-12-04 04:22:20,29.3,36B,베이36B,raw,
b170_heavy_work_r1,SPT,Large (141-200),170,heavy_work,289.8666666666667,54,20251203,67,BLK_67C,13,베이36B 수정,8,2025-12-04 04:22:20,2025-12-04 05:18:30,56.2,36B,베이36B,raw,
b170_heavy_work_r1,SPT,Large (141-200),170,heavy_work,289.8666666666667,54,20251203,116,BLK_116C,14,판계,1,2025-12-03 14:51:36,2025-12-03 15:15:36,24.0,,공통,raw,
b170_heavy_work_r1,SPT,Large (141-200),170,heavy_work,289.8666666666667,54,20251203,116,BLK_116C,14,전면SAW,2,2025-12-03 23:25:14,2025-12-04 01:31:56,126.7,,공통,raw,
b170_heavy_work_r1,SPT,Large (141-200),170,heavy_work,289.8666666666667,54,20251203,116,BLK_116C,14,TurnOver,3,2025-12-04 01:31:56,2025-12-04 01:46:20,14.4,,공통,raw,
b170_heavy_work_r1,SPT,Large (141-200),170,heavy_work,289.8666666666667,54,20251203,116,BLK_116C,14,후면SAW,4,2025-12-04 01:46:20,2025-12-04 03:27:10,100.8,,공통,raw,
b170_heavy_work_r1,SPT,Large (141-200),170,heavy_work,289.8666666666667,54,20251203,116,BLK_116C,14,NC,5,2025-12-04 03:27:10,2025-12-04 03:59:51,32.7,,공통,raw,
b170_heavy_work_r1,SPT,Large (141-200),170,heavy_work,289.8666666666667,54,20251203,116,BLK_116C,14,베이35A 론지취부,6,2025-12-04 03:59:51,2025-12-04 04:49:39,49.8,35A,베이35A,raw,
b170_heavy_work_r1,SPT,Large (141-200),170,heavy_work,289.8666666666667,54,20251203,116,BLK_116C,14,베이35A 론지용접,7,2025-12-04 04:49:39,2025-12-04 05:11:44,22.1,35A,베이35A,raw,
b170_heavy_work_r1,SPT,Large (141-200),170,heavy_work,289.8666666666667,54,20251203,116,BLK_116C,14,베이35A 수정,8,2025-12-04 05:11:44,2025-12-04 05:41:29,29.8,35A,베이35A,raw,
b170_heavy_work_r1,SPT,Large (141-200),170,heavy_work,289.8666666666667,54,20251203,15,BLK_15P,15,판계,1,2025-12-03 15:15:36,2025-12-03 15:51:36,36.0,,공통,raw,
b170_heavy_work_r1,SPT,Large (141-200),170,heavy_work,289.8666666666667,54,20251203,15,BLK_15P,15,전면SAW,2,2025-12-04 01:31:56,2025-12-04 02:08:11,36.3,,공통,raw,
b170_heavy_work_r1,SPT,Large (141-200),170,heavy_work,289.8666666666667,54,20251203,15,BLK_15P,15,TurnOver,3,2025-12-04 02:08:11,2025-12-04 02:22:35,14.4,,공통,raw,
b170_heavy_work_r1,SPT,Large (141-200),170,heavy_work,289.8666666666667,54,20251203,15,BLK_15P,15,후면SAW,4,2025-12-04 03:27:10,2025-12-04 03:49:32,22.4,,공통,raw,
b170_heavy_work_r1,SPT,Large (141-200),170,heavy_work,289.8666666666667,54,20251203,15,BLK_15P,15,NC,5,2025-12-04 03:59:51,2025-12-04 04:47:51,48.0,,공통,raw,
b170_heavy_work_r1,SPT,Large (141-200),170,heavy_work,289.8666666666667,54,20251203,15,BLK_15P,15,베이36B 론지취부,6,2025-12-04 04:47:51,2025-12-04 06:07:03,79.2,36B,베이36B,raw,
b170_heavy_work_r1,SPT,Large (141-200),170,heavy_work,289.8666666666667,54,20251203,15,BLK_15P,15,베이36B 론지용접,7,2025-12-04 06:07:03,2025-12-04 06:34:10,27.1,36B,베이36B,raw,
b170_heavy_work_r1,SPT,Large (141-200),170,heavy_work,289.8666666666667,54,20251203,15,BLK_15P,15,베이36B 수정,8,2025-12-04 06:34:10,2025-12-04 07:22:24,48.2,36B,베이36B,raw,
b170_heavy_work_r1,SPT,Large (141-200),170,heavy_work,289.8666666666667,54,20251203,96,BLK_96C,16,판계,1,2025-12-03 15:51:36,2025-12-03 16:15:36,24.0,,공통,raw,
b170_heavy_work_r1,SPT,Large (141-200),170,heavy_work,289.8666666666667,54,20251203,96,BLK_96C,16,전면SAW,2,2025-12-04 02:08:11,2025-12-04 04:19:10,131.0,,공통,raw,
b170_heavy_work_r1,SPT,Large (141-200),170,heavy_work,289.8666666666667,54,20251203,96,BLK_96C,16,TurnOver,3,2025-12-04 04:19:10,2025-12-04 04:33:34,14.4,,공통,raw,
b170_heavy_work_r1,SPT,Large (141-200),170,heavy_work,289.8666666666667,54,20251203,96,BLK_96C,16,후면SAW,4,2025-12-04 04:33:34,2025-12-04 06:44:42,131.1,,공통,raw,
b170_heavy_work_r1,SPT,Large (141-200),170,heavy_work,289.8666666666667,54,20251203,96,BLK_96C,16,NC,5,2025-12-04 06:44:42,2025-12-04 07:15:09,30.5,,공통,raw,
b170_heavy_work_r1,SPT,Large (141-200),170,heavy_work,289.8666666666667,54,20251203,96,BLK_96C,16,베이35A 론지취부,6,2025-12-04 07:15:09,2025-12-04 08:04:57,49.8,35A,베이35A,raw,
b170_heavy_work_r1,SPT,Large (141-200),170,heavy_work,289.8666666666667,54,20251203,96,BLK_96C,16,베이35A 론지용접,7,2025-12-04 08:04:57,2025-12-04 08:22:14,17.3,35A,베이35A,raw,
b170_heavy_work_r1,SPT,Large (141-200),170,heavy_work,289.8666666666667,54,20251203,96,BLK_96C,16,베이35A 수정,8,2025-12-04 08:22:14,2025-12-04 08:51:59,29.8,35A,베이35A,raw,
b170_heavy_work_r1,SPT,Large (141-200),170,heavy_work,289.8666666666667,54,20251203,35,BLK_35P,17,판계,1,2025-12-03 16:15:36,2025-12-03 17:09:36,54.0,,공통,raw,
b170_heavy_work_r1,SPT,Large (141-200),170,heavy_work,289.8666666666667,54,20251203,35,BLK_35P,17,전면SAW,2,2025-12-04 04:19:10,2025-12-04 05:05:04,45.9,,공통,raw,
b170_heavy_work_r1,SPT,Large (141-200),170,heavy_work,289.8666666666667,54,20251203,35,BLK_35P,17,TurnOver,3,2025-12-04 05:05:04,2025-12-04 05:19:28,14.4,,공통,raw,
b170_heavy_work_r1,SPT,Large (141-200),170,heavy_work,289.8666666666667,54,20251203,35,BLK_35P,17,후면SAW,4,2025-12-04 06:44:42,2025-12-04 07:19:45,35.1,,공통,raw,
b170_heavy_work_r1,SPT,Large (141-200),170,heavy_work,289.8666666666667,54,20251203,35,BLK_35P,17,NC,5,2025-12-04 07:19:45,2025-12-04 08:22:30,62.8,,공통,raw,
b170_heavy_work_r1,SPT,Large (141-200),170,heavy_work,289.8666666666667,54,20251203,35,BLK_35P,17,베이36B 론지취부,6,2025-12-04 08:22:30,2025-12-04 09:24:54,62.4,36B,베이36B,raw,
b170_heavy_work_r1,SPT,Large (141-200),170,heavy_work,289.8666666666667,54,20251203,35,BLK_35P,17,베이36B 론지용접,7,2025-12-04 09:24:54,2025-12-04 09:49:09,24.2,36B,베이36B,raw,
b170_heavy_work_r1,SPT,Large (141-200),170,heavy_work,289.8666666666667,54,20251203,35,BLK_35P,17,베이36B 수정,8,2025-12-04 09:49:09,2025-12-04 10:26:49,37.7,36B,베이36B,raw,
b170_heavy_work_r1,SPT,Large (141-200),170,heavy_work,289.8666666666667,54,20251203,23,BLK_23P,18,판계,1,2025-12-03 17:09:36,2025-12-03 17:49:12,39.6,,공통,raw,
b170_heavy_work_r1,SPT,Large (141-200),170,heavy_work,289.8666666666667,54,20251203,23,BLK_23P,18,전면SAW,2,2025-12-04 05:05:04,2025-12-04 06:58:00,112.9,,공통,raw,
b170_heavy_work_r1,SPT,Large (141-200),170,heavy_work,289.8666666666667,54,20251203,23,BLK_23P,18,TurnOver,3,2025-12-04 06:58:00,2025-12-04 07:12:24,14.4,,공통,raw,
b170_heavy_work_r1,SPT,Large (141-200),170,heavy_work,289.8666666666667,54,20251203,23,BLK_23P,18,후면SAW,4,2025-12-04 07:19:45,2025-12-04 08:48:02,88.3,,공통,raw,
b170_heavy_work_r1,SPT,Large (141-200),170,heavy_work,289.8666666666667,54,20251203,23,BLK_23P,18,NC,5,2025-12-04 08:48:02,2025-12-04 09:37:17,49.3,,공통,raw,
b170_heavy_work_r1,SPT,Large (141-200),170,heavy_work,289.8666666666667,54,20251203,23,BLK_23P,18,베이35A 론지취부,6,2025-12-04 09:37:17,2025-12-04 10:39:41,62.4,35A,베이35A,raw,
b170_heavy_work_r1,SPT,Large (141-200),170,heavy_work,289.8666666666667,54,20251203,23,BLK_23P,18,베이35A 론지용접,7,2025-12-04 10:39:41,2025-12-04 11:03:56,24.2,35A,베이35A,raw,
b170_heavy_work_r1,SPT,Large (141-200),170,heavy_work,289.8666666666667,54,20251203,23,BLK_23P,18,베이35A 수정,8,2025-12-04 11:03:56,2025-12-04 11:41:36,37.7,35A,베이35A,raw,
b170_heavy_work_r1,SPT,Large (141-200),170,heavy_work,289.8666666666667,54,20251204,77,BLK_77C,1,판계,1,2025-12-04 08:00:00,2025-12-04 08:45:36,45.6,,공통,raw,
b170_heavy_work_r1,SPT,Large (141-200),170,heavy_work,289.8666666666667,54,20251204,77,BLK_77C,1,전면SAW,2,2025-12-04 08:45:36,2025-12-04 10:31:36,106.0,,공통,raw,
b170_heavy_work_r1,SPT,Large (141-200),170,heavy_work,289.8666666666667,54,20251204,77,BLK_77C,1,TurnOver,3,2025-12-04 10:31:36,2025-12-04 10:46:00,14.4,,공통,raw,
b170_heavy_work_r1,SPT,Large (141-200),170,heavy_work,289.8666666666667,54,20251204,77,BLK_77C,1,후면SAW,4,2025-12-04 10:46:00,2025-12-04 12:07:58,82.0,,공통,raw,
b170_heavy_work_r1,SPT,Large (141-200),170,heavy_work,289.8666666666667,54,20251204,77,BLK_77C,1,NC,5,2025-12-04 12:07:58,2025-12-04 13:02:44,54.8,,공통,raw,
b170_heavy_work_r1,SPT,Large (141-200),170,heavy_work,289.8666666666667,54,20251204,77,BLK_77C,1,베이36B 론지취부,6,2025-12-04 13:02:44,2025-12-04 14:13:32,70.8,36B,베이36B,raw,
b170_heavy_work_r1,SPT,Large (141-200),170,heavy_work,289.8666666666667,54,20251204,77,BLK_77C,1,베이36B 론지용접,7,2025-12-04 14:13:32,2025-12-04 14:39:12,25.7,36B,베이36B,raw,
b170_heavy_work_r1,SPT,Large (141-200),170,heavy_work,289.8666666666667,54,20251204,77,BLK_77C,1,베이36B 수정,8,2025-12-04 14:39:12,2025-12-04 15:22:10,43.0,36B,베이36B,raw,
b170_heavy_work_r1,SPT,Large (141-200),170,heavy_work,289.8666666666667,54,20251204,27,BLK_27S,2,판계,1,2025-12-04 08:45:36,2025-12-04 09:21:36,36.0,,공통,raw,
b170_heavy_work_r1,SPT,Large (141-200),170,heavy_work,289.8666666666667,54,20251204,27,BLK_27S,2,전면SAW,2,2025-12-04 10:31:36,2025-12-04 11:25:17,53.7,,공통,raw,
b170_heavy_work_r1,SPT,Large (141-200),170,heavy_work,289.8666666666667,54,20251204,27,BLK_27S,2,TurnOver,3,2025-12-04 11:25:17,2025-12-04 11:39:41,14.4,,공통,raw,
b170_heavy_work_r1,SPT,Large (141-200),170,heavy_work,289.8666666666667,54,20251204,27,BLK_27S,2,후면SAW,4,2025-12-04 12:07:58,2025-12-04 12:53:14,45.3,,공통,raw,
b170_heavy_work_r1,SPT,Large (141-200),170,heavy_work,289.8666666666667,54,20251204,27,BLK_27S,2,NC,5,2025-12-04 13:02:44,2025-12-04 14:03:10,60.4,,공통,raw,
b170_heavy_work_r1,SPT,Large (141-200),170,heavy_work,289.8666666666667,54,20251204,27,BLK_27S,2,베이36B 론지취부,6,2025-12-04 14:13:32,2025-12-04 15:41:08,87.6,36B,베이36B,raw,
b170_heavy_work_r1,SPT,Large (141-200),170,heavy_work,289.8666666666667,54,20251204,27,BLK_27S,2,베이36B 론지용접,7,2025-12-04 15:41:08,2025-12-04 16:09:41,28.6,36B,베이36B,raw,
b170_heavy_work_r1,SPT,Large (141-200),170,heavy_work,289.8666666666667,54,20251204,27,BLK_27S,2,베이36B 수정,8,2025-12-04 16:09:41,2025-12-04 17:03:12,53.5,36B,베이36B,raw,
b170_heavy_work_r1,SPT,Large (141-200),170,heavy_work,289.8666666666667,54,20251204,31,BLK_31P,3,판계,1,2025-12-04 09:21:36,2025-12-04 10:07:12,45.6,,공통,raw,
b170_heavy_work_r1,SPT,Large (141-200),170,heavy_work,289.8666666666667,54,20251204,31,BLK_31P,3,전면SAW,2,2025-12-04 11:25:17,2025-12-04 13:36:36,131.3,,공통,raw,
b170_heavy_work_r1,SPT,Large (141-200),170,heavy_work,289.8666666666667,54,20251204,31,BLK_31P,3,TurnOver,3,2025-12-04 13:36:36,2025-12-04 13:51:00,14.4,,공통,raw,
b170_heavy_work_r1,SPT,Large (141-200),170,heavy_work,289.8666666666667,54,20251204,31,BLK_31P,3,후면SAW,4,2025-12-04 13:51:00,2025-12-04 16:02:31,131.5,,공통,raw,
b170_heavy_work_r1,SPT,Large (141-200),170,heavy_work,289.8666666666667,54,20251204,31,BLK_31P,3,NC,5,2025-12-04 16:02:31,2025-12-04 17:00:10,57.7,,공통,raw,
b170_heavy_work_r1,SPT,Large (141-200),170,heavy_work,289.8666666666667,54,20251204,31,BLK_31P,3,베이35A 론지취부,6,2025-12-04 17:00:10,2025-12-04 18:36:10,96.0,35A,베이35A,raw,
b170_heavy_work_r1,SPT,Large (141-200),170,heavy_work,289.8666666666667,54,20251204,31,BLK_31P,3,베이35A 론지용접,7,2025-12-04 18:36:10,2025-12-04 19:06:10,30.0,35A,베이35A,raw,
b170_heavy_work_r1,SPT,Large (141-200),170,heavy_work,289.8666666666667,54,20251204,31,BLK_31P,3,베이35A 수정,8,2025-12-04 19:06:10,2025-12-04 20:04:58,58.8,35A,베이35A,raw,
b170_heavy_work_r1,SPT,Large (141-200),170,heavy_work,289.8666666666667,54,20251204,50,BLK_50S,4,판계,1,2025-12-04 10:07:12,2025-12-04 10:43:12,36.0,,공통,raw,
b170_heavy_work_r1,SPT,Large (141-200),170,heavy_work,289.8666666666667,54,20251204,50,BLK_50S,4,전면SAW,2,2025-12-04 13:36:36,2025-12-04 14:16:33,40.0,,공통,raw,
b170_heavy_work_r1,SPT,Large (141-200),170,heavy_work,289.8666666666667,54,20251204,50,BLK_50S,4,TurnOver,3,2025-12-04 14:16:33,2025-12-04 14:30:57,14.4,,공통,raw,
b170_heavy_work_r1,SPT,Large (141-200),170,heavy_work,289.8666666666667,54,20251204,50,BLK_50S,4,후면SAW,4,2025-12-04 16:02:31,2025-12-04 16:29:44,27.2,,공통,raw,
b170_heavy_work_r1,SPT,Large (141-200),170,heavy_work,289.8666666666667,54,20251204,50,BLK_50S,4,NC,5,2025-12-04 17:00:10,2025-12-04 17:54:02,53.9,,공통,raw,
b170_heavy_work_r1,SPT,Large (141-200),170,heavy_work,289.8666666666667,54,20251204,50,BLK_50S,4,베이36B 론지취부,6,2025-12-04 17:54:02,2025-12-04 18:56:26,62.4,36B,베이36B,raw,
b170_heavy_work_r1,SPT,Large (141-200),170,heavy_work,289.8666666666667,54,20251204,50,BLK_50S,4,베이36B 론지용접,7,2025-12-04 18:56:26,2025-12-04 19:20:40,24.2,36B,베이36B,raw,
b170_heavy_work_r1,SPT,Large (141-200),170,heavy_work,289.8666666666667,54,20251204,50,BLK_50S,4,베이36B 수정,8,2025-12-04 19:20:40,2025-12-04 19:58:21,37.7,36B,베이36B,raw,
b170_heavy_work_r1,SPT,Large (141-200),170,heavy_work,289.8666666666667,54,20251204,68,BLK_68C,5,판계,1,2025-12-04 10:43:12,2025-12-04 11:19:12,36.0,,공통,raw,
b170_heavy_work_r1,SPT,Large (141-200),170,heavy_work,289.8666666666667,54,20251204,68,BLK_68C,5,전면SAW,2,2025-12-04 14:16:33,2025-12-04 14:52:06,35.5,,공통,raw,
b170_heavy_work_r1,SPT,Large (141-200),170,heavy_work,289.8666666666667,54,20251204,68,BLK_68C,5,TurnOver,3,2025-12-04 14:52:06,2025-12-04 15:06:30,14.4,,공통,raw,
b170_heavy_work_r1,SPT,Large (141-200),170,heavy_work,289.8666666666667,54,20251204,68,BLK_68C,5,후면SAW,4,2025-12-04 16:29:44,2025-12-04 16:51:10,21.4,,공통,raw,
b170_heavy_work_r1,SPT,Large (141-200),170,heavy_work,289.8666666666667,54,20251204,68,BLK_68C,5,NC,5,2025-12-04 17:54:02,2025-12-04 18:41:33,47.5,,공통,raw,
b170_heavy_work_r1,SPT,Large (141-200),170,heavy_work,289.8666666666667,54,20251204,68,BLK_68C,5,베이35A 론지취부,6,2025-12-04 18:41:33,2025-12-04 20:00:45,79.2,35A,베이35A,raw,
b170_heavy_work_r1,SPT,Large (141-200),170,heavy_work,289.8666666666667,54,20251204,68,BLK_68C,5,베이35A 론지용접,7,2025-12-04 20:00:45,2025-12-04 20:27:52,27.1,35A,베이35A,raw,
b170_heavy_work_r1,SPT,Large (141-200),170,heavy_work,289.8666666666667,54,20251204,68,BLK_68C,5,베이35A 수정,8,2025-12-04 20:27:52,2025-12-04 21:16:06,48.2,35A,베이35A,raw,
b170_heavy_work_r1,SPT,Large (141-200),170,heavy_work,289.8666666666667,54,20251204,13,BLK_13S,6,판계,1,2025-12-04 11:19:12,2025-12-04 11:52:48,33.6,,공통,raw,
b170_heavy_work_r1,SPT,Large (141-200),170,heavy_work,289.8666666666667,54,20251204,13,BLK_13S,6,전면SAW,2,2025-12-04 14:52:06,2025-12-04 16:22:48,90.7,,공통,raw,
b170_heavy_work_r1,SPT,Large (141-200),170,heavy_work,289.8666666666667,54,20251204,13,BLK_13S,6,TurnOver,3,2025-12-04 16:22:48,2025-12-04 16:37:12,14.4,,공통,raw,
b170_heavy_work_r1,SPT,Large (141-200),170,heavy_work,289.8666666666667,54,20251204,13,BLK_13S,6,후면SAW,4,2025-12-04 16:51:10,2025-12-04 17:59:10,68.0,,공통,raw,
b170_heavy_work_r1,SPT,Large (141-200),170,heavy_work,289.8666666666667,54,20251204,13,BLK_13S,6,NC,5,2025-12-04 18:41:33,2025-12-04 19:17:46,36.2,,공통,raw,
b170_heavy_work_r1,SPT,Large (141-200),170,heavy_work,289.8666666666667,54,20251204,13,BLK_13S,6,베이36B 론지취부,6,2025-12-04 19:17:46,2025-12-04 19:54:58,37.2,36B,베이36B,raw,
b170_heavy_work_r1,SPT,Large (141-200),170,heavy_work,289.8666666666667,54,20251204,13,BLK_13S,6,베이36B 론지용접,7,2025-12-04 19:54:58,2025-12-04 20:10:05,15.1,36B,베이36B,raw,
b170_heavy_work_r1,SPT,Large (141-200),170,heavy_work,289.8666666666667,54,20251204,13,BLK_13S,6,베이36B 수정,8,2025-12-04 20:10:05,2025-12-04 20:31:55,21.8,36B,베이36B,raw,
b170_heavy_work_r1,SPT,Large (141-200),170,heavy_work,289.8666666666667,54,20251204,41,BLK_41P,7,판계,1,2025-12-04 11:52:48,2025-12-04 12:22:48,30.0,,공통,raw,
b170_heavy_work_r1,SPT,Large (141-200),170,heavy_work,289.8666666666667,54,20251204,41,BLK_41P,7,전면SAW,2,2025-12-04 16:22:48,2025-12-04 17:02:00,39.2,,공통,raw,
b170_heavy_work_r1,SPT,Large (141-200),170,heavy_work,289.8666666666667,54,20251204,41,BLK_41P,7,TurnOver,3,2025-12-04 17:02:00,2025-12-04 17:16:24,14.4,,공통,raw,
b170_heavy_work_r1,SPT,Large (141-200),170,heavy_work,289.8666666666667,54,20251204,41,BLK_41P,7,후면SAW,4,2025-12-04 17:59:10,2025-12-04 18:25:23,26.2,,공통,raw,
b170_heavy_work_r1,SPT,Large (141-200),170,heavy_work,289.8666666666667,54,20251204,41,BLK_41P,7,NC,5,2025-12-04 19:17:46,2025-12-04 20:01:09,43.4,,공통,raw,
b170_heavy_work_r1,SPT,Large (141-200),170,heavy_work,289.8666666666667,54,20251204,41,BLK_41P,7,베이35A 론지취부,6,2025-12-04 20:01:09,2025-12-04 21:28:45,87.6,35A,베이35A,raw,
b170_heavy_work_r1,SPT,Large (141-200),170,heavy_work,289.8666666666667,54,20251204,41,BLK_41P,7,베이35A 론지용접,7,2025-12-04 21:28:45,2025-12-04 21:57:19,28.6,35A,베이35A,raw,
b170_heavy_work_r1,SPT,Large (141-200),170,heavy_work,289.8666666666667,54,20251204,41,BLK_41P,7,베이35A 수정,8,2025-12-04 21:57:19,2025-12-04 22:50:50,53.5,35A,베이35A,raw,
b170_heavy_work_r1,SPT,Large (141-200),170,heavy_work,289.8666666666667,54,20251204,78,BLK_78S,8,판계,1,2025-12-04 12:22:48,2025-12-04 13:02:24,39.6,,공통,raw,
b170_heavy_work_r1,SPT,Large (141-200),170,heavy_work,289.8666666666667,54,20251204,78,BLK_78S,8,전면SAW,2,2025-12-04 17:02:00,2025-12-04 18:32:56,90.9,,공통,raw,
b170_heavy_work_r1,SPT,Large (141-200),170,heavy_work,289.8666666666667,54,20251204,78,BLK_78S,8,TurnOver,3,2025-12-04 18:32:56,2025-12-04 18:47:20,14.4,,공통,raw,
b170_heavy_work_r1,SPT,Large (141-200),170,heavy_work,289.8666666666667,54,20251204,78,BLK_78S,8,후면SAW,4,2025-12-04 18:47:20,2025-12-04 19:55:33,68.2,,공통,raw,
b170_heavy_work_r1,SPT,Large (141-200),170,heavy_work,289.8666666666667,54,20251204,78,BLK_78S,8,NC,5,2025-12-04 20:01:09,2025-12-04 20:43:10,42.0,,공통,raw,
b170_heavy_work_r1,SPT,Large (141-200),170,heavy_work,289.8666666666667,54,20251204,78,BLK_78S,8,베이36B 론지취부,6,2025-12-04 20:43:10,2025-12-04 21:28:46,45.6,36B,베이36B,raw,
b170_heavy_work_r1,SPT,Large (141-200),170,heavy_work,289.8666666666667,54,20251204,78,BLK_78S,8,베이36B 론지용접,7,2025-12-04 21:28:46,2025-12-04 21:45:20,16.6,36B,베이36B,raw,
b170_heavy_work_r1,SPT,Large (141-200),170,heavy_work,289.8666666666667,54,20251204,78,BLK_78S,8,베이36B 수정,8,2025-12-04 21:45:20,2025-12-04 22:12:27,27.1,36B,베이36B,raw,
b170_heavy_work_r1,SPT,Large (141-200),170,heavy_work,289.8666666666667,54,20251204,98,BLK_98P,9,판계,1,2025-12-04 13:02:24,2025-12-04 13:38:24,36.0,,공통,raw,
b170_heavy_work_r1,SPT,Large (141-200),170,heavy_work,289.8666666666667,54,20251204,98,BLK_98P,9,전면SAW,2,2025-12-04 18:32:56,2025-12-04 19:21:13,48.3,,공통,raw,
b170_heavy_work_r1,SPT,Large (141-200),170,heavy_work,289.8666666666667,54,20251204,98,BLK_98P,9,TurnOver,3,2025-12-04 19:21:13,2025-12-04 19:35:37,14.4,,공통,raw,
b170_heavy_work_r1,SPT,Large (141-200),170,heavy_work,289.8666666666667,54,20251204,98,BLK_98P,9,후면SAW,4,2025-12-04 19:55:33,2025-12-04 20:33:45,38.2,,공통,raw,
b170_heavy_work_r1,SPT,Large (141-200),170,heavy_work,289.8666666666667,54,20251204,98,BLK_98P,9,NC,5,2025-12-04 20:43:10,2025-12-04 21:33:34,50.4,,공통,raw,
b170_heavy_work_r1,SPT,Large (141-200),170,heavy_work,289.8666666666667,54,20251204,98,BLK_98P,9,베이35A 론지취부,6,2025-12-04 21:33:34,2025-12-04 22:56:58,83.4,35A,베이35A,raw,
b170_heavy_work_r1,SPT,Large (141-200),170,heavy_work,289.8666666666667,54,20251204,98,BLK_98P,9,베이35A 론지용접,7,2025-12-04 22:56:58,2025-12-04 23:24:48,27.8,35A,베이35A,raw,
b170_heavy_work_r1,SPT,Large (141-200),170,heavy_work,289.8666666666667,54,20251204,98,BLK_98P,9,베이35A 수정,8,2025-12-04 23:24:48,2025-12-05 00:15:41,50.9,35A,베이35A,raw,
b170_heavy_work_r1,SPT,Large (141-200),170,heavy_work,289.8666666666667,54,20251204,34,BLK_34C,10,판계,1,2025-12-04 13:38:24,2025-12-04 14:32:24,54.0,,공통,raw,
b170_heavy_work_r1,SPT,Large (141-200),170,heavy_work,289.8666666666667,54,20251204,34,BLK_34C,10,전면SAW,2,2025-12-04 19:21:13,2025-12-04 22:05:40,164.4,,공통,raw,
b170_heavy_work_r1,SPT,Large (141-200),170,heavy_work,289.8666666666667,54,20251204,34,BLK_34C,10,TurnOver,3,2025-12-04 22:05:40,2025-12-04 22:20:04,14.4,,공통,raw,
b170_heavy_work_r1,SPT,Large (141-200),170,heavy_work,289.8666666666667,54,20251204,34,BLK_34C,10,후면SAW,4,2025-12-04 22:20:04,2025-12-05 00:40:56,140.9,,공통,raw,
b170_heavy_work_r1,SPT,Large (141-200),170,heavy_work,289.8666666666667,54,20251204,34,BLK_34C,10,NC,5,2025-12-05 00:40:56,2025-12-05 01:58:44,77.8,,공통,raw,
b170_heavy_work_r1,SPT,Large (141-200),170,heavy_work,289.8666666666667,54,20251204,34,BLK_34C,10,베이36B 론지취부,6,2025-12-05 01:58:44,2025-12-05 04:12:32,133.8,36B,베이36B,raw,
b170_heavy_work_r1,SPT,Large (141-200),170,heavy_work,289.8666666666667,54,20251204,34,BLK_34C,10,베이36B 론지용접,7,2025-12-05 04:12:32,2025-12-05 04:49:01,36.5,36B,베이36B,raw,
b170_heavy_work_r1,SPT,Large (141-200),170,heavy_work,289.8666666666667,54,20251204,34,BLK_34C,10,베이36B 수정,8,2025-12-05 04:49:01,2025-12-05 06:11:34,82.6,36B,베이36B,raw,
b170_heavy_work_r1,SPT,Large (141-200),170,heavy_work,289.8666666666667,54,20251204,17,BLK_17C,11,판계,1,2025-12-04 14:32:24,2025-12-04 15:14:24,42.0,,공통,raw,
b170_heavy_work_r1,SPT,Large (141-200),170,heavy_work,289.8666666666667,54,20251204,17,BLK_17C,11,전면SAW,2,2025-12-04 22:05:40,2025-12-05 00:38:13,152.5,,공통,raw,
b170_heavy_work_r1,SPT,Large (141-200),170,heavy_work,289.8666666666667,54,20251204,17,BLK_17C,11,TurnOver,3,2025-12-05 00:38:13,2025-12-05 00:52:37,14.4,,공통,raw,
b170_heavy_work_r1,SPT,Large (141-200),170,heavy_work,289.8666666666667,54,20251204,17,BLK_17C,11,후면SAW,4,2025-12-05 00:52:37,2025-12-05 02:42:47,110.2,,공통,raw,
b170_heavy_work_r1,SPT,Large (141-200),170,heavy_work,289.8666666666667,54,20251204,17,BLK_17C,11,NC,5,2025-12-05 02:42:47,2025-12-05 03:27:34,44.8,,공통,raw,
b170_heavy_work_r1,SPT,Large (141-200),170,heavy_work,289.8666666666667,54,20251204,17,BLK_17C,11,베이35A 론지취부,6,2025-12-05 03:27:34,2025-12-05 04:21:34,54.0,35A,베이35A,raw,
b170_heavy_work_r1,SPT,Large (141-200),170,heavy_work,289.8666666666667,54,20251204,17,BLK_17C,11,베이35A 론지용접,7,2025-12-05 04:21:34,2025-12-05 04:39:34,18.0,35A,베이35A,raw,
b170_heavy_work_r1,SPT,Large (141-200),170,heavy_work,289.8666666666667,54,20251204,17,BLK_17C,11,베이35A 수정,8,2025-12-05 04:39:34,2025-12-05 05:11:58,32.4,35A,베이35A,raw,
b170_heavy_work_r1,SPT,Large (141-200),170,heavy_work,289.8666666666667,54,20251204,26,BLK_26C,12,판계,1,2025-12-04 15:14:24,2025-12-04 16:15:36,61.2,,공통,raw,
b170_heavy_work_r1,SPT,Large (141-200),170,heavy_work,289.8666666666667,54,20251204,26,BLK_26C,12,전면SAW,2,2025-12-05 00:38:13,2025-12-05 04:26:13,228.0,,공통,raw,
b170_heavy_work_r1,SPT,Large (141-200),170,heavy_work,289.8666666666667,54,20251204,26,BLK_26C,12,TurnOver,3,2025-12-05 04:26:13,2025-12-05 04:40:37,14.4,,공통,raw,
b170_heavy_work_r1,SPT,Large (141-200),170,heavy_work,289.8666666666667,54,20251204,26,BLK_26C,12,후면SAW,4,2025-12-05 04:40:37,2025-12-05 07:58:37,198.0,,공통,raw,
b170_heavy_work_r1,SPT,Large (141-200),170,heavy_work,289.8666666666667,54,20251204,26,BLK_26C,12,NC,5,2025-12-05 07:58:37,2025-12-05 09:13:17,74.7,,공통,raw,
b170_heavy_work_r1,SPT,Large (141-200),170,heavy_work,289.8666666666667,54,20251204,26,BLK_26C,12,베이36B 론지취부,6,2025-12-05 09:13:17,2025-12-05 10:53:29,100.2,36B,베이36B,raw,
b170_heavy_work_r1,SPT,Large (141-200),170,heavy_work,289.8666666666667,54,20251204,26,BLK_26C,12,베이36B 론지용접,7,2025-12-05 10:53:29,2025-12-05 11:24:12,30.7,36B,베이36B,raw,
b170_heavy_work_r1,SPT,Large (141-200),170,heavy_work,289.8666666666667,54,20251204,26,BLK_26C,12,베이36B 수정,8,2025-12-05 11:24:12,2025-12-05 12:25:39,61.4,36B,베이36B,raw,
b170_heavy_work_r1,SPT,Large (141-200),170,heavy_work,289.8666666666667,54,20251204,54,BLK_54P,13,판계,1,2025-12-04 16:15:36,2025-12-04 16:55:12,39.6,,공통,raw,
b170_heavy_work_r1,SPT,Large (141-200),170,heavy_work,289.8666666666667,54,20251204,54,BLK_54P,13,전면SAW,2,2025-12-05 04:26:13,2025-12-05 06:05:24,99.2,,공통,raw,
b170_heavy_work_r1,SPT,Large (141-200),170,heavy_work,289.8666666666667,54,20251204,54,BLK_54P,13,TurnOver,3,2025-12-05 06:05:24,2025-12-05 06:19:48,14.4,,공통,raw,
b170_heavy_work_r1,SPT,Large (141-200),170,heavy_work,289.8666666666667,54,20251204,54,BLK_54P,13,후면SAW,4,2025-12-05 07:58:37,2025-12-05 09:14:21,75.7,,공통,raw,
b170_heavy_work_r1,SPT,Large (141-200),170,heavy_work,289.8666666666667,54,20251204,54,BLK_54P,13,NC,5,2025-12-05 09:14:21,2025-12-05 09:58:45,44.4,,공통,raw,
b170_heavy_work_r1,SPT,Large (141-200),170,heavy_work,289.8666666666667,54,20251204,54,BLK_54P,13,베이35A 론지취부,6,2025-12-05 09:58:45,2025-12-05 10:31:45,33.0,35A,베이35A,raw,
b170_heavy_work_r1,SPT,Large (141-200),170,heavy_work,289.8666666666667,54,20251204,54,BLK_54P,13,베이35A 론지용접,7,2025-12-05 10:31:45,2025-12-05 10:50:57,19.2,35A,베이35A,raw,
b170_heavy_work_r1,SPT,Large (141-200),170,heavy_work,289.8666666666667,54,20251204,54,BLK_54P,13,베이35A 수정,8,2025-12-05 10:50:57,2025-12-05 11:10:09,19.2,35A,베이35A,raw,
b170_heavy_work_r1,SPT,Large (141-200),170,heavy_work,289.8666666666667,54,20251205,146,BLK_146P,1,판계,1,2025-12-05 08:00:00,2025-12-05 08:45:36,45.6,,공통,raw,
b170_heavy_work_r1,SPT,Large (141-200),170,heavy_work,289.8666666666667,54,20251205,146,BLK_146P,1,전면SAW,2,2025-12-05 08:45:36,2025-12-05 10:31:53,106.3,,공통,raw,
b170_heavy_work_r1,SPT,Large (141-200),170,heavy_work,289.8666666666667,54,20251205,146,BLK_146P,1,TurnOver,3,2025-12-05 10:31:53,2025-12-05 10:46:17,14.4,,공통,raw,
b170_heavy_work_r1,SPT,Large (141-200),170,heavy_work,289.8666666666667,54,20251205,146,BLK_146P,1,후면SAW,4,2025-12-05 10:46:17,2025-12-05 12:08:29,82.2,,공통,raw,
b170_heavy_work_r1,SPT,Large (141-200),170,heavy_work,289.8666666666667,54,20251205,146,BLK_146P,1,NC,5,2025-12-05 12:08:29,2025-12-05 13:03:20,54.8,,공통,raw,
b170_heavy_work_r1,SPT,Large (141-200),170,heavy_work,289.8666666666667,54,20251205,146,BLK_146P,1,베이36B 론지취부,6,2025-12-05 13:03:20,2025-12-05 14:22:32,79.2,36B,베이36B,raw,
b170_heavy_work_r1,SPT,Large (141-200),170,heavy_work,289.8666666666667,54,20251205,146,BLK_146P,1,베이36B 론지용접,7,2025-12-05 14:22:32,2025-12-05 14:49:39,27.1,36B,베이36B,raw,
b170_heavy_work_r1,SPT,Large (141-200),170,heavy_work,289.8666666666667,54,20251205,146,BLK_146P,1,베이36B 수정,8,2025-12-05 14:49:39,2025-12-05 15:37:53,48.2,36B,베이36B,raw,
b170_heavy_work_r1,SPT,Large (141-200),170,heavy_work,289.8666666666667,54,20251205,38,BLK_38P,2,판계,1,2025-12-05 08:45:36,2025-12-05 09:19:12,33.6,,공통,raw,
b170_heavy_work_r1,SPT,Large (141-200),170,heavy_work,289.8666666666667,54,20251205,38,BLK_38P,2,전면SAW,2,2025-12-05 10:31:53,2025-12-05 12:16:40,104.8,,공통,raw,
b170_heavy_work_r1,SPT,Large (141-200),170,heavy_work,289.8666666666667,54,20251205,38,BLK_38P,2,TurnOver,3,2025-12-05 12:16:40,2025-12-05 12:31:04,14.4,,공통,raw,
b170_heavy_work_r1,SPT,Large (141-200),170,heavy_work,289.8666666666667,54,20251205,38,BLK_38P,2,후면SAW,4,2025-12-05 12:31:04,2025-12-05 13:51:56,80.9,,공통,raw,
b170_heavy_work_r1,SPT,Large (141-200),170,heavy_work,289.8666666666667,54,20251205,38,BLK_38P,2,NC,5,2025-12-05 13:51:56,2025-12-05 14:28:45,36.8,,공통,raw,
b170_heavy_work_r1,SPT,Large (141-200),170,heavy_work,289.8666666666667,54,20251205,38,BLK_38P,2,베이35A 론지취부,6,2025-12-05 14:28:45,2025-12-05 15:22:45,54.0,35A,베이35A,raw,
b170_heavy_work_r1,SPT,Large (141-200),170,heavy_work,289.8666666666667,54,20251205,38,BLK_38P,2,베이35A 론지용접,7,2025-12-05 15:22:45,2025-12-05 15:45:33,22.8,35A,베이35A,raw,
b170_heavy_work_r1,SPT,Large (141-200),170,heavy_work,289.8666666666667,54,20251205,38,BLK_38P,2,베이35A 수정,8,2025-12-05 15:45:33,2025-12-05 16:17:57,32.4,35A,베이35A,raw,
b170_heavy_work_r1,SPT,Large (141-200),170,heavy_work,289.8666666666667,54,20251205,43,BLK_43P,3,판계,1,2025-12-05 09:19:12,2025-12-05 09:33:36,14.4,,공통,raw,
b170_heavy_work_r1,SPT,Large (141-200),170,heavy_work,289.8666666666667,54,20251205,43,BLK_43P,3,전면SAW,2,2025-12-05 12:16:40,2025-12-05 12:54:33,37.9,,공통,raw,
b170_heavy_work_r1,SPT,Large (141-200),170,heavy_work,289.8666666666667,54,20251205,43,BLK_43P,3,TurnOver,3,2025-12-05 12:54:33,2025-12-05 13:08:57,14.4,,공통,raw,
b170_heavy_work_r1,SPT,Large (141-200),170,heavy_work,289.8666666666667,54,20251205,43,BLK_43P,3,후면SAW,4,2025-12-05 13:51:56,2025-12-05 14:16:24,24.5,,공통,raw,
b170_heavy_work_r1,SPT,Large (141-200),170,heavy_work,289.8666666666667,54,20251205,43,BLK_43P,3,NC,5,2025-12-05 14:28:45,2025-12-05 14:52:33,23.8,,공통,raw,
b170_heavy_work_r1,SPT,Large (141-200),170,heavy_work,289.8666666666667,54,20251205,43,BLK_43P,3,베이36B 론지취부,6,2025-12-05 14:52:33,2025-12-05 15:25:33,33.0,36B,베이36B,raw,
b170_heavy_work_r1,SPT,Large (141-200),170,heavy_work,289.8666666666667,54,20251205,43,BLK_43P,3,베이36B 론지용접,7,2025-12-05 15:25:33,2025-12-05 15:39:57,14.4,36B,베이36B,raw,
b170_heavy_work_r1,SPT,Large (141-200),170,heavy_work,289.8666666666667,54,20251205,43,BLK_43P,3,베이36B 수정,8,2025-12-05 15:39:57,2025-12-05 15:59:09,19.2,36B,베이36B,raw,
b170_heavy_work_r1,SPT,Large (141-200),170,heavy_work,289.8666666666667,54,20251205,128,BLK_128C,4,판계,1,2025-12-05 09:33:36,2025-12-05 09:48:00,14.4,,공통,raw,
b170_heavy_work_r1,SPT,Large (141-200),170,heavy_work,289.8666666666667,54,20251205,128,BLK_128C,4,전면SAW,2,2025-12-05 12:54:33,2025-12-05 13:44:59,50.4,,공통,raw,
b170_heavy_work_r1,SPT,Large (141-200),170,heavy_work,289.8666666666667,54,20251205,128,BLK_128C,4,TurnOver,3,2025-12-05 13:44:59,2025-12-05 13:59:23,14.4,,공통,raw,
b170_heavy_work_r1,SPT,Large (141-200),170,heavy_work,289.8666666666667,54,20251205,128,BLK_128C,4,후면SAW,4,2025-12-05 14:16:24,2025-12-05 14:57:26,41.0,,공통,raw,
b170_heavy_work_r1,SPT,Large (141-200),170,heavy_work,289.8666666666667,54,20251205,128,BLK_128C,4,NC,5,2025-12-05 14:57:26,2025-12-05 15:23:37,26.2,,공통,raw,
b170_heavy_work_r1,SPT,Large (141-200),170,heavy_work,289.8666666666667,54,20251205,128,BLK_128C,4,베이35A 론지취부,6,2025-12-05 15:23:37,2025-12-05 16:13:25,49.8,35A,베이35A,raw,
b170_heavy_work_r1,SPT,Large (141-200),170,heavy_work,289.8666666666667,54,20251205,128,BLK_128C,4,베이35A 론지용접,7,2025-12-05 16:13:25,2025-12-05 16:30:42,17.3,35A,베이35A,raw,
b170_heavy_work_r1,SPT,Large (141-200),170,heavy_work,289.8666666666667,54,20251205,128,BLK_128C,4,베이35A 수정,8,2025-12-05 16:30:42,2025-12-05 17:00:28,29.8,35A,베이35A,raw,
b170_heavy_work_r1,SPT,Large (141-200),170,heavy_work,289.8666666666667,54,20251205,39,BLK_39C,5,판계,1,2025-12-05 09:48:00,2025-12-05 10:18:00,30.0,,공통,raw,
b170_heavy_work_r1,SPT,Large (141-200),170,heavy_work,289.8666666666667,54,20251205,39,BLK_39C,5,전면SAW,2,2025-12-05 13:44:59,2025-12-05 14:25:12,40.2,,공통,raw,
b170_heavy_work_r1,SPT,Large (141-200),170,heavy_work,289.8666666666667,54,20251205,39,BLK_39C,5,TurnOver,3,2025-12-05 14:25:12,2025-12-05 14:39:36,14.4,,공통,raw,
b170_heavy_work_r1,SPT,Large (141-200),170,heavy_work,289.8666666666667,54,20251205,39,BLK_39C,5,후면SAW,4,2025-12-05 14:57:26,2025-12-05 15:25:00,27.6,,공통,raw,
b170_heavy_work_r1,SPT,Large (141-200),170,heavy_work,289.8666666666667,54,20251205,39,BLK_39C,5,NC,5,2025-12-05 15:25:00,2025-12-05 16:07:54,42.9,,공통,raw,
b170_heavy_work_r1,SPT,Large (141-200),170,heavy_work,289.8666666666667,54,20251205,39,BLK_39C,5,베이36B 론지취부,6,2025-12-05 16:07:54,2025-12-05 17:10:18,62.4,36B,베이36B,raw,
b170_heavy_work_r1,SPT,Large (141-200),170,heavy_work,289.8666666666667,54,20251205,39,BLK_39C,5,베이36B 론지용접,7,2025-12-05 17:10:18,2025-12-05 17:34:32,24.2,36B,베이36B,raw,
b170_heavy_work_r1,SPT,Large (141-200),170,heavy_work,289.8666666666667,54,20251205,39,BLK_39C,5,베이36B 수정,8,2025-12-05 17:34:32,2025-12-05 18:12:13,37.7,36B,베이36B,raw,
b170_heavy_work_r1,SPT,Large (141-200),170,heavy_work,289.8666666666667,54,20251205,157,BLK_157P,6,판계,1,2025-12-05 10:18:00,2025-12-05 10:32:24,14.4,,공통,raw,
b170_heavy_work_r1,SPT,Large (141-200),170,heavy_work,289.8666666666667,54,20251205,157,BLK_157P,6,전면SAW,2,2025-12-05 14:25:12,2025-12-05 15:34:43,69.5,,공통,raw,
b170_heavy_work_r1,SPT,Large (141-200),170,heavy_work,289.8666666666667,54,20251205,157,BLK_157P,6,TurnOver,3,2025-12-05 15:34:43,2025-12-05 15:49:07,14.4,,공통,raw,
b170_heavy_work_r1,SPT,Large (141-200),170,heavy_work,289.8666666666667,54,20251205,157,BLK_157P,6,후면SAW,4,2025-12-05 15:49:07,2025-12-05 16:55:17,66.2,,공통,raw,
b170_heavy_work_r1,SPT,Large (141-200),170,heavy_work,289.8666666666667,54,20251205,157,BLK_157P,6,NC,5,2025-12-05 16:55:17,2025-12-05 17:21:59,26.7,,공통,raw,
b170_heavy_work_r1,SPT,Large (141-200),170,heavy_work,289.8666666666667,54,20251205,157,BLK_157P,6,베이35A 론지취부,6,2025-12-05 17:21:59,2025-12-05 18:24:23,62.4,35A,베이35A,raw,
b170_heavy_work_r1,SPT,Large (141-200),170,heavy_work,289.8666666666667,54,20251205,157,BLK_157P,6,베이35A 론지용접,7,2025-12-05 18:24:23,2025-12-05 18:48:38,24.2,35A,베이35A,raw,
b170_heavy_work_r1,SPT,Large (141-200),170,heavy_work,289.8666666666667,54,20251205,157,BLK_157P,6,베이35A 수정,8,2025-12-05 18:48:38,2025-12-05 19:26:18,37.7,35A,베이35A,raw,
b170_heavy_work_r1,SPT,Large (141-200),170,heavy_work,289.8666666666667,54,20251205,108,BLK_108S,7,판계,1,2025-12-05 10:32:24,2025-12-05 11:08:24,36.0,,공통,raw,
b170_heavy_work_r1,SPT,Large (141-200),170,heavy_work,289.8666666666667,54,20251205,108,BLK_108S,7,전면SAW,2,2025-12-05 15:34:43,2025-12-05 16:15:51,41.1,,공통,raw,
b170_heavy_work_r1,SPT,Large (141-200),170,heavy_work,289.8666666666667,54,20251205,108,BLK_108S,7,TurnOver,3,2025-12-05 16:15:51,2025-12-05 16:30:15,14.4,,공통,raw,
b170_heavy_work_r1,SPT,Large (141-200),170,heavy_work,289.8666666666667,54,20251205,108,BLK_108S,7,후면SAW,4,2025-12-05 16:55:17,2025-12-05 17:24:04,28.8,,공통,raw,
b170_heavy_work_r1,SPT,Large (141-200),170,heavy_work,289.8666666666667,54,20251205,108,BLK_108S,7,NC,5,2025-12-05 17:24:04,2025-12-05 18:15:09,51.1,,공통,raw,
b170_heavy_work_r1,SPT,Large (141-200),170,heavy_work,289.8666666666667,54,20251205,108,BLK_108S,7,베이36B 론지취부,6,2025-12-05 18:15:09,2025-12-05 20:07:57,112.8,36B,베이36B,raw,
b170_heavy_work_r1,SPT,Large (141-200),170,heavy_work,289.8666666666667,54,20251205,108,BLK_108S,7,베이36B 론지용접,7,2025-12-05 20:07:57,2025-12-05 20:40:50,32.9,36B,베이36B,raw,
b170_heavy_work_r1,SPT,Large (141-200),170,heavy_work,289.8666666666667,54,20251205,108,BLK_108S,7,베이36B 수정,8,2025-12-05 20:40:50,2025-12-05 21:50:11,69.4,36B,베이36B,raw,
b170_heavy_work_r1,SPT,Large (141-200),170,heavy_work,289.8666666666667,54,20251205,88,BLK_88P,8,판계,1,2025-12-05 11:08:24,2025-12-05 11:32:24,24.0,,공통,raw,
b170_heavy_work_r1,SPT,Large (141-200),170,heavy_work,289.8666666666667,54,20251205,88,BLK_88P,8,전면SAW,2,2025-12-05 16:15:51,2025-12-05 18:34:23,138.5,,공통,raw,
b170_heavy_work_r1,SPT,Large (141-200),170,heavy_work,289.8666666666667,54,20251205,88,BLK_88P,8,TurnOver,3,2025-12-05 18:34:23,2025-12-05 18:48:47,14.4,,공통,raw,
b170_heavy_work_r1,SPT,Large (141-200),170,heavy_work,289.8666666666667,54,20251205,88,BLK_88P,8,후면SAW,4,2025-12-05 18:48:47,2025-12-05 20:40:24,111.6,,공통,raw,
b170_heavy_work_r1,SPT,Large (141-200),170,heavy_work,289.8666666666667,54,20251205,88,BLK_88P,8,NC,5,2025-12-05 20:40:24,2025-12-05 21:11:54,31.5,,공통,raw,
b170_heavy_work_r1,SPT,Large (141-200),170,heavy_work,289.8666666666667,54,20251205,88,BLK_88P,8,베이35A 론지취부,6,2025-12-05 21:11:54,2025-12-05 21:57:30,45.6,35A,베이35A,raw,
b170_heavy_work_r1,SPT,Large (141-200),170,heavy_work,289.8666666666667,54,20251205,88,BLK_88P,8,베이35A 론지용접,7,2025-12-05 21:57:30,2025-12-05 22:14:03,16.6,35A,베이35A,raw,
b170_heavy_work_r1,SPT,Large (141-200),170,heavy_work,289.8666666666667,54,20251205,88,BLK_88P,8,베이35A 수정,8,2025-12-05 22:14:03,2025-12-05 22:41:11,27.1,35A,베이35A,raw,
b170_heavy_work_r1,SPT,Large (141-200),170,heavy_work,289.8666666666667,54,20251205,118,BLK_118P,9,판계,1,2025-12-05 11:32:24,2025-12-05 12:06:00,33.6,,공통,raw,
b170_heavy_work_r1,SPT,Large (141-200),170,heavy_work,289.8666666666667,54,20251205,118,BLK_118P,9,전면SAW,2,2025-12-05 18:34:23,2025-12-05 20:54:30,140.1,,공통,raw,
b170_heavy_work_r1,SPT,Large (141-200),170,heavy_work,289.8666666666667,54,20251205,118,BLK_118P,9,TurnOver,3,2025-12-05 20:54:30,2025-12-05 21:08:54,14.4,,공통,raw,
b170_heavy_work_r1,SPT,Large (141-200),170,heavy_work,289.8666666666667,54,20251205,118,BLK_118P,9,후면SAW,4,2025-12-05 21:08:54,2025-12-05 23:01:59,113.1,,공통,raw,
b170_heavy_work_r1,SPT,Large (141-200),170,heavy_work,289.8666666666667,54,20251205,118,BLK_118P,9,NC,5,2025-12-05 23:01:59,2025-12-05 23:43:00,41.0,,공통,raw,
b170_heavy_work_r1,SPT,Large (141-200),170,heavy_work,289.8666666666667,54,20251205,118,BLK_118P,9,베이36B 론지취부,6,2025-12-05 23:43:00,2025-12-06 00:49:36,66.6,36B,베이36B,raw,
b170_heavy_work_r1,SPT,Large (141-200),170,heavy_work,289.8666666666667,54,20251205,118,BLK_118P,9,베이36B 론지용접,7,2025-12-06 00:49:36,2025-12-06 01:14:34,25.0,36B,베이36B,raw,
b170_heavy_work_r1,SPT,Large (141-200),170,heavy_work,289.8666666666667,54,20251205,118,BLK_118P,9,베이36B 수정,8,2025-12-06 01:14:34,2025-12-06 01:54:53,40.3,36B,베이36B,raw,
b170_heavy_work_r1,SPT,Large (141-200),170,heavy_work,289.8666666666667,54,20251205,97,BLK_97S,10,판계,1,2025-12-05 12:06:00,2025-12-05 12:39:36,33.6,,공통,raw,
b170_heavy_work_r1,SPT,Large (141-200),170,heavy_work,289.8666666666667,54,20251205,97,BLK_97S,10,전면SAW,2,2025-12-05 20:54:30,2025-12-05 23:34:24,159.9,,공통,raw,
b170_heavy_work_r1,SPT,Large (141-200),170,heavy_work,289.8666666666667,54,20251205,97,BLK_97S,10,TurnOver,3,2025-12-05 23:34:24,2025-12-05 23:48:48,14.4,,공통,raw,
b170_heavy_work_r1,SPT,Large (141-200),170,heavy_work,289.8666666666667,54,20251205,97,BLK_97S,10,후면SAW,4,2025-12-05 23:48:48,2025-12-06 01:59:55,131.1,,공통,raw,
b170_heavy_work_r1,SPT,Large (141-200),170,heavy_work,289.8666666666667,54,20251205,97,BLK_97S,10,NC,5,2025-12-06 01:59:55,2025-12-06 02:42:41,42.8,,공통,raw,
b170_heavy_work_r1,SPT,Large (141-200),170,heavy_work,289.8666666666667,54,20251205,97,BLK_97S,10,베이35A 론지취부,6,2025-12-06 02:42:41,2025-12-06 03:36:41,54.0,35A,베이35A,raw,
b170_heavy_work_r1,SPT,Large (141-200),170,heavy_work,289.8666666666667,54,20251205,97,BLK_97S,10,베이35A 론지용접,7,2025-12-06 03:36:41,2025-12-06 03:59:29,22.8,35A,베이35A,raw,
b170_heavy_work_r1,SPT,Large (141-200),170,heavy_work,289.8666666666667,54,20251205,97,BLK_97S,10,베이35A 수정,8,2025-12-06 03:59:29,2025-12-06 04:31:53,32.4,35A,베이35A,raw,
b170_heavy_work_r1,SPT,Large (141-200),170,heavy_work,289.8666666666667,54,20251205,87,BLK_87C,11,판계,1,2025-12-05 12:39:36,2025-12-05 13:21:36,42.0,,공통,raw,
b170_heavy_work_r1,SPT,Large (141-200),170,heavy_work,289.8666666666667,54,20251205,87,BLK_87C,11,전면SAW,2,2025-12-05 23:34:24,2025-12-06 03:13:57,219.5,,공통,raw,
b170_heavy_work_r1,SPT,Large (141-200),170,heavy_work,289.8666666666667,54,20251205,87,BLK_87C,11,TurnOver,3,2025-12-06 03:13:57,2025-12-06 03:28:21,14.4,,공통,raw,
b170_heavy_work_r1,SPT,Large (141-200),170,heavy_work,289.8666666666667,54,20251205,87,BLK_87C,11,후면SAW,4,2025-12-06 03:28:21,2025-12-06 06:41:57,193.6,,공통,raw,
b170_heavy_work_r1,SPT,Large (141-200),170,heavy_work,289.8666666666667,54,20251205,87,BLK_87C,11,NC,5,2025-12-06 06:41:57,2025-12-06 07:29:18,47.3,,공통,raw,
b170_heavy_work_r1,SPT,Large (141-200),170,heavy_work,289.8666666666667,54,20251205,87,BLK_87C,11,베이36B 론지취부,6,2025-12-06 07:29:18,2025-12-06 08:44:18,75.0,36B,베이36B,raw,
b170_heavy_work_r1,SPT,Large (141-200),170,heavy_work,289.8666666666667,54,20251205,87,BLK_87C,11,베이36B 론지용접,7,2025-12-06 08:44:18,2025-12-06 09:10:42,26.4,36B,베이36B,raw,
b170_heavy_work_r1,SPT,Large (141-200),170,heavy_work,289.8666666666667,54,20251205,87,BLK_87C,11,베이36B 수정,8,2025-12-06 09:10:42,2025-12-06 09:56:18,45.6,36B,베이36B,raw,
b170_heavy_work_r1,SPT,Large (141-200),170,heavy_work,289.8666666666667,54,20251205,45,BLK_45C,12,판계,1,2025-12-05 13:21:36,2025-12-05 13:51:36,30.0,,공통,raw,
b170_heavy_work_r1,SPT,Large (141-200),170,heavy_work,289.8666666666667,54,20251205,45,BLK_45C,12,전면SAW,2,2025-12-06 03:13:57,2025-12-06 03:54:36,40.6,,공통,raw,
b170_heavy_work_r1,SPT,Large (141-200),170,heavy_work,289.8666666666667,54,20251205,45,BLK_45C,12,TurnOver,3,2025-12-06 03:54:36,2025-12-06 04:09:00,14.4,,공통,raw,
b170_heavy_work_r1,SPT,Large (141-200),170,heavy_work,289.8666666666667,54,20251205,45,BLK_45C,12,후면SAW,4,2025-12-06 06:41:57,2025-12-06 07:10:05,28.1,,공통,raw,
b170_heavy_work_r1,SPT,Large (141-200),170,heavy_work,289.8666666666667,54,20251205,45,BLK_45C,12,NC,5,2025-12-06 07:29:18,2025-12-06 08:05:30,36.2,,공통,raw,
b170_heavy_work_r1,SPT,Large (141-200),170,heavy_work,289.8666666666667,54,20251205,45,BLK_45C,12,베이35A 론지취부,6,2025-12-06 08:05:30,2025-12-06 08:25:54,20.4,35A,베이35A,raw,
b170_heavy_work_r1,SPT,Large (141-200),170,heavy_work,289.8666666666667,54,20251205,45,BLK_45C,12,베이35A 론지용접,7,2025-12-06 08:25:54,2025-12-06 08:42:56,17.0,35A,베이35A,raw,
b170_heavy_work_r1,SPT,Large (141-200),170,heavy_work,289.8666666666667,54,20251205,45,BLK_45C,12,베이35A 수정,8,2025-12-06 08:42:56,2025-12-06 08:54:13,11.3,35A,베이35A,raw,
b170_heavy_work_r1,SPT,Large (141-200),170,heavy_work,289.8666666666667,54,20251205,55,BLK_55S,13,판계,1,2025-12-05 13:51:36,2025-12-05 14:15:36,24.0,,공통,raw,
b170_heavy_work_r1,SPT,Large (141-200),170,heavy_work,289.8666666666667,54,20251205,55,BLK_55S,13,전면SAW,2,2025-12-06 03:54:36,2025-12-06 06:18:30,143.9,,공통,raw,
b170_heavy_work_r1,SPT,Large (141-200),170,heavy_work,289.8666666666667,54,20251205,55,BLK_55S,13,TurnOver,3,2025-12-06 06:18:30,2025-12-06 06:32:54,14.4,,공통,raw,
b170_heavy_work_r1,SPT,Large (141-200),170,heavy_work,289.8666666666667,54,20251205,55,BLK_55S,13,후면SAW,4,2025-12-06 07:10:05,2025-12-06 09:06:36,116.5,,공통,raw,
b170_heavy_work_r1,SPT,Large (141-200),170,heavy_work,289.8666666666667,54,20251205,55,BLK_55S,13,NC,5,2025-12-06 09:06:36,2025-12-06 09:37:43,31.1,,공통,raw,
b170_heavy_work_r1,SPT,Large (141-200),170,heavy_work,289.8666666666667,54,20251205,55,BLK_55S,13,베이36B 론지취부,6,2025-12-06 09:37:43,2025-12-06 10:27:31,49.8,36B,베이36B,raw,
b170_heavy_work_r1,SPT,Large (141-200),170,heavy_work,289.8666666666667,54,20251205,55,BLK_55S,13,베이36B 론지용접,7,2025-12-06 10:27:31,2025-12-06 10:44:48,17.3,36B,베이36B,raw,
b170_heavy_work_r1,SPT,Large (141-200),170,heavy_work,289.8666666666667,54,20251205,55,BLK_55S,13,베이36B 수정,8,2025-12-06 10:44:48,2025-12-06 11:14:34,29.8,36B,베이36B,raw,
b170_heavy_work_r1,SPT,Large (141-200),170,heavy_work,289.8666666666667,54,20251205,47,BLK_47P,14,판계,1,2025-12-05 14:15:36,2025-12-05 14:49:12,33.6,,공통,raw,
b170_heavy_work_r1,SPT,Large (141-200),170,heavy_work,289.8666666666667,54,20251205,47,BLK_47P,14,전면SAW,2,2025-12-06 06:18:30,2025-12-06 08:59:54,161.4,,공통,raw,
b170_heavy_work_r1,SPT,Large (141-200),170,heavy_work,289.8666666666667,54,20251205,47,BLK_47P,14,TurnOver,3,2025-12-06 08:59:54,2025-12-06 09:14:18,14.4,,공통,raw,
b170_heavy_work_r1,SPT,Large (141-200),170,heavy_work,289.8666666666667,54,20251205,47,BLK_47P,14,후면SAW,4,2025-12-06 09:14:18,2025-12-06 12:00:55,166.6,,공통,raw,
b170_heavy_work_r1,SPT,Large (141-200),170,heavy_work,289.8666666666667,54,20251205,47,BLK_47P,14,NC,5,2025-12-06 12:00:55,2025-12-06 12:41:00,40.1,,공통,raw,
b170_heavy_work_r1,SPT,Large (141-200),170,heavy_work,289.8666666666667,54,20251205,47,BLK_47P,14,베이35A 론지취부,6,2025-12-06 12:41:00,2025-12-06 13:39:12,58.2,35A,베이35A,raw,
b170_heavy_work_r1,SPT,Large (141-200),170,heavy_work,289.8666666666667,54,20251205,47,BLK_47P,14,베이35A 론지용접,7,2025-12-06 13:39:12,2025-12-06 14:02:43,23.5,35A,베이35A,raw,
b170_heavy_work_r1,SPT,Large (141-200),170,heavy_work,289.8666666666667,54,20251205,47,BLK_47P,14,베이35A 수정,8,2025-12-06 14:02:43,2025-12-06 14:37:45,35.0,35A,베이35A,raw,
b170_heavy_work_r1,SPT,Large (141-200),170,heavy_work,289.8666666666667,54,20251205,57,BLK_57P,15,판계,1,2025-12-05 14:49:12,2025-12-05 15:25:12,36.0,,공통,raw,
b170_heavy_work_r1,SPT,Large (141-200),170,heavy_work,289.8666666666667,54,20251205,57,BLK_57P,15,전면SAW,2,2025-12-06 08:59:54,2025-12-06 09:34:48,34.9,,공통,raw,
b170_heavy_work_r1,SPT,Large (141-200),170,heavy_work,289.8666666666667,54,20251205,57,BLK_57P,15,TurnOver,3,2025-12-06 09:34:48,2025-12-06 09:49:12,14.4,,공통,raw,
b170_heavy_work_r1,SPT,Large (141-200),170,heavy_work,289.8666666666667,54,20251205,57,BLK_57P,15,후면SAW,4,2025-12-06 12:00:55,2025-12-06 12:21:29,20.6,,공통,raw,
b170_heavy_work_r1,SPT,Large (141-200),170,heavy_work,289.8666666666667,54,20251205,57,BLK_57P,15,NC,5,2025-12-06 12:41:00,2025-12-06 13:28:04,47.1,,공통,raw,
b170_heavy_work_r1,SPT,Large (141-200),170,heavy_work,289.8666666666667,54,20251205,57,BLK_57P,15,베이36B 론지취부,6,2025-12-06 13:28:04,2025-12-06 14:22:04,54.0,36B,베이36B,raw,
b170_heavy_work_r1,SPT,Large (141-200),170,heavy_work,289.8666666666667,54,20251205,57,BLK_57P,15,베이36B 론지용접,7,2025-12-06 14:22:04,2025-12-06 14:44:52,22.8,36B,베이36B,raw,
b170_heavy_work_r1,SPT,Large (141-200),170,heavy_work,289.8666666666667,54,20251205,57,BLK_57P,15,베이36B 수정,8,2025-12-06 14:44:52,2025-12-06 15:17:16,32.4,36B,베이36B,raw,
b170_heavy_work_r1,SPT,Large (141-200),170,heavy_work,289.8666666666667,54,20251205,164,BLK_57S,16,판계,1,2025-12-05 15:25:12,2025-12-05 16:01:12,36.0,,공통,raw,
b170_heavy_work_r1,SPT,Large (141-200),170,heavy_work,289.8666666666667,54,20251205,164,BLK_57S,16,전면SAW,2,2025-12-06 09:34:48,2025-12-06 10:09:42,34.9,,공통,raw,
b170_heavy_work_r1,SPT,Large (141-200),170,heavy_work,289.8666666666667,54,20251205,164,BLK_57S,16,TurnOver,3,2025-12-06 10:09:42,2025-12-06 10:24:06,14.4,,공통,raw,
b170_heavy_work_r1,SPT,Large (141-200),170,heavy_work,289.8666666666667,54,20251205,164,BLK_57S,16,후면SAW,4,2025-12-06 12:21:29,2025-12-06 12:42:03,20.6,,공통,raw,
b170_heavy_work_r1,SPT,Large (141-200),170,heavy_work,289.8666666666667,54,20251205,164,BLK_57S,16,NC,5,2025-12-06 13:28:04,2025-12-06 14:15:09,47.1,,공통,raw,
b170_heavy_work_r1,SPT,Large (141-200),170,heavy_work,289.8666666666667,54,20251205,164,BLK_57S,16,베이35A 론지취부,6,2025-12-06 14:15:09,2025-12-06 15:09:09,54.0,35A,베이35A,raw,
b170_heavy_work_r1,SPT,Large (141-200),170,heavy_work,289.8666666666667,54,20251205,164,BLK_57S,16,베이35A 론지용접,7,2025-12-06 15:09:09,2025-12-06 15:31:57,22.8,35A,베이35A,raw,
b170_heavy_work_r1,SPT,Large (141-200),170,heavy_work,289.8666666666667,54,20251205,164,BLK_57S,16,베이35A 수정,8,2025-12-06 15:31:57,2025-12-06 16:04:21,32.4,35A,베이35A,raw,
b170_heavy_work_r1,SPT,Large (141-200),170,heavy_work,289.8666666666667,54,20251205,74,BLK_74C,17,판계,1,2025-12-05 16:01:12,2025-12-05 16:37:12,36.0,,공통,raw,
b170_heavy_work_r1,SPT,Large (141-200),170,heavy_work,289.8666666666667,54,20251205,74,BLK_74C,17,전면SAW,2,2025-12-06 10:09:42,2025-12-06 10:41:10,31.5,,공통,raw,
b170_heavy_work_r1,SPT,Large (141-200),170,heavy_work,289.8666666666667,54,20251205,74,BLK_74C,17,TurnOver,3,2025-12-06 10:41:10,2025-12-06 10:55:34,14.4,,공통,raw,
b170_heavy_work_r1,SPT,Large (141-200),170,heavy_work,289.8666666666667,54,20251205,74,BLK_74C,17,후면SAW,4,2025-12-06 12:42:03,2025-12-06 12:58:06,16.0,,공통,raw,
b170_heavy_work_r1,SPT,Large (141-200),170,heavy_work,289.8666666666667,54,20251205,74,BLK_74C,17,NC,5,2025-12-06 14:15:09,2025-12-06 14:58:50,43.7,,공통,raw,
b170_heavy_work_r1,SPT,Large (141-200),170,heavy_work,289.8666666666667,54,20251205,74,BLK_74C,17,베이36B 론지취부,6,2025-12-06 14:58:50,2025-12-06 16:01:14,62.4,36B,베이36B,raw,
b170_heavy_work_r1,SPT,Large (141-200),170,heavy_work,289.8666666666667,54,20251205,74,BLK_74C,17,베이36B 론지용접,7,2025-12-06 16:01:14,2025-12-06 16:25:29,24.2,36B,베이36B,raw,
b170_heavy_work_r1,SPT,Large (141-200),170,heavy_work,289.8666666666667,54,20251205,74,BLK_74C,17,베이36B 수정,8,2025-12-06 16:25:29,2025-12-06 17:03:10,37.7,36B,베이36B,raw,
b170_heavy_work_r1,SPT,Large (141-200),170,heavy_work,289.8666666666667,54,20251205,94,BLK_94S,18,판계,1,2025-12-05 16:37:12,2025-12-05 17:01:12,24.0,,공통,raw,
b170_heavy_work_r1,SPT,Large (141-200),170,heavy_work,289.8666666666667,54,20251205,94,BLK_94S,18,전면SAW,2,2025-12-06 10:41:10,2025-12-06 11:31:17,50.1,,공통,raw,
b170_heavy_work_r1,SPT,Large (141-200),170,heavy_work,289.8666666666667,54,20251205,94,BLK_94S,18,TurnOver,3,2025-12-06 11:31:17,2025-12-06 11:45:41,14.4,,공통,raw,
b170_heavy_work_r1,SPT,Large (141-200),170,heavy_work,289.8666666666667,54,20251205,94,BLK_94S,18,후면SAW,4,2025-12-06 12:58:06,2025-12-06 13:38:42,40.6,,공통,raw,
b170_heavy_work_r1,SPT,Large (141-200),170,heavy_work,289.8666666666667,54,20251205,94,BLK_94S,18,NC,5,2025-12-06 14:58:50,2025-12-06 15:34:42,35.9,,공통,raw,
b170_heavy_work_r1,SPT,Large (141-200),170,heavy_work,289.8666666666667,54,20251205,94,BLK_94S,18,베이35A 론지취부,6,2025-12-06 15:34:42,2025-12-06 16:53:54,79.2,35A,베이35A,raw,
b170_heavy_work_r1,SPT,Large (141-200),170,heavy_work,289.8666666666667,54,20251205,94,BLK_94S,18,베이35A 론지용접,7,2025-12-06 16:53:54,2025-12-06 17:21:02,27.1,35A,베이35A,raw,
b170_heavy_work_r1,SPT,Large (141-200),170,heavy_work,289.8666666666667,54,20251205,94,BLK_94S,18,베이35A 수정,8,2025-12-06 17:21:02,2025-12-06 18:09:16,48.2,35A,베이35A,raw,
b170_heavy_work_r1,SPT,Large (141-200),170,heavy_work,289.8666666666667,54,20251205,83,BLK_83P,19,판계,1,2025-12-05 17:01:12,2025-12-05 17:37:12,36.0,,공통,raw,
b170_heavy_work_r1,SPT,Large (141-200),170,heavy_work,289.8666666666667,54,20251205,83,BLK_83P,19,전면SAW,2,2025-12-06 11:31:17,2025-12-06 12:09:20,38.0,,공통,raw,
b170_heavy_work_r1,SPT,Large (141-200),170,heavy_work,289.8666666666667,54,20251205,83,BLK_83P,19,TurnOver,3,2025-12-06 12:09:20,2025-12-06 12:23:44,14.4,,공통,raw,
b170_heavy_work_r1,SPT,Large (141-200),170,heavy_work,289.8666666666667,54,20251205,83,BLK_83P,19,후면SAW,4,2025-12-06 13:38:42,2025-12-06 14:03:24,24.7,,공통,raw,
b170_heavy_work_r1,SPT,Large (141-200),170,heavy_work,289.8666666666667,54,20251205,83,BLK_83P,19,NC,5,2025-12-06 15:34:42,2025-12-06 16:23:33,48.8,,공통,raw,
b170_heavy_work_r1,SPT,Large (141-200),170,heavy_work,289.8666666666667,54,20251205,83,BLK_83P,19,베이36B 론지취부,6,2025-12-06 16:23:33,2025-12-06 17:46:57,83.4,36B,베이36B,raw,
b170_heavy_work_r1,SPT,Large (141-200),170,heavy_work,289.8666666666667,54,20251205,83,BLK_83P,19,베이36B 론지용접,7,2025-12-06 17:46:57,2025-12-06 18:14:47,27.8,36B,베이36B,raw,
b170_heavy_work_r1,SPT,Large (141-200),170,heavy_work,289.8666666666667,54,20251205,83,BLK_83P,19,베이36B 수정,8,2025-12-06 18:14:47,2025-12-06 19:05:40,50.9,36B,베이36B,raw,
b170_heavy_work_r1,SPT,Large (141-200),170,heavy_work,289.8666666666667,54,20251205,103,BLK_103P,20,판계,1,2025-12-05 17:37:12,2025-12-05 18:01:12,24.0,,공통,raw,
b170_heavy_work_r1,SPT,Large (141-200),170,heavy_work,289.8666666666667,54,20251205,103,BLK_103P,20,전면SAW,2,2025-12-06 12:09:20,2025-12-06 13:15:10,65.8,,공통,raw,
b170_heavy_work_r1,SPT,Large (141-200),170,heavy_work,289.8666666666667,54,20251205,103,BLK_103P,20,TurnOver,3,2025-12-06 13:15:10,2025-12-06 13:29:34,14.4,,공통,raw,
b170_heavy_work_r1,SPT,Large (141-200),170,heavy_work,289.8666666666667,54,20251205,103,BLK_103P,20,후면SAW,4,2025-12-06 14:03:24,2025-12-06 15:04:41,61.3,,공통,raw,
b170_heavy_work_r1,SPT,Large (141-200),170,heavy_work,289.8666666666667,54,20251205,103,BLK_103P,20,NC,5,2025-12-06 16:23:33,2025-12-06 16:59:48,36.3,,공통,raw,
b170_heavy_work_r1,SPT,Large (141-200),170,heavy_work,289.8666666666667,54,20251205,103,BLK_103P,20,베이35A 론지취부,6,2025-12-06 16:59:48,2025-12-06 18:06:24,66.6,35A,베이35A,raw,
b170_heavy_work_r1,SPT,Large (141-200),170,heavy_work,289.8666666666667,54,20251205,103,BLK_103P,20,베이35A 론지용접,7,2025-12-06 18:06:24,2025-12-06 18:31:22,25.0,35A,베이35A,raw,
b170_heavy_work_r1,SPT,Large (141-200),170,heavy_work,289.8666666666667,54,20251205,103,BLK_103P,20,베이35A 수정,8,2025-12-06 18:31:22,2025-12-06 19:11:41,40.3,35A,베이35A,raw,
b170_heavy_work_r1,SPT,Large (141-200),170,heavy_work,289.8666666666667,54,20251205,91,BLK_91S,21,판계,1,2025-12-05 18:01:12,2025-12-05 18:31:12,30.0,,공통,raw,
b170_heavy_work_r1,SPT,Large (141-200),170,heavy_work,289.8666666666667,54,20251205,91,BLK_91S,21,전면SAW,2,2025-12-06 13:15:10,2025-12-06 13:55:01,39.9,,공통,raw,
b170_heavy_work_r1,SPT,Large (141-200),170,heavy_work,289.8666666666667,54,20251205,91,BLK_91S,21,TurnOver,3,2025-12-06 13:55:01,2025-12-06 14:09:25,14.4,,공통,raw,
b170_heavy_work_r1,SPT,Large (141-200),170,heavy_work,289.8666666666667,54,20251205,91,BLK_91S,21,후면SAW,4,2025-12-06 15:04:41,2025-12-06 15:31:47,27.1,,공통,raw,
b170_heavy_work_r1,SPT,Large (141-200),170,heavy_work,289.8666666666667,54,20251205,91,BLK_91S,21,NC,5,2025-12-06 16:59:48,2025-12-06 17:42:43,42.9,,공통,raw,
b170_heavy_work_r1,SPT,Large (141-200),170,heavy_work,289.8666666666667,54,20251205,91,BLK_91S,21,베이36B 론지취부,6,2025-12-06 17:46:57,2025-12-06 19:31:21,104.4,36B,베이36B,raw,
b170_heavy_work_r1,SPT,Large (141-200),170,heavy_work,289.8666666666667,54,20251205,91,BLK_91S,21,베이36B 론지용접,7,2025-12-06 19:31:21,2025-12-06 20:02:47,31.4,36B,베이36B,raw,
b170_heavy_work_r1,SPT,Large (141-200),170,heavy_work,289.8666666666667,54,20251205,91,BLK_91S,21,베이36B 수정,8,2025-12-06 20:02:47,2025-12-06 21:06:52,64.1,36B,베이36B,raw,
b170_heavy_work_r1,SPT,Large (141-200),170,heavy_work,289.8666666666667,54,20251205,84,BLK_84P,22,판계,1,2025-12-05 18:31:12,2025-12-05 19:07:12,36.0,,공통,raw,
b170_heavy_work_r1,SPT,Large (141-200),170,heavy_work,289.8666666666667,54,20251205,84,BLK_84P,22,전면SAW,2,2025-12-06 13:55:01,2025-12-06 14:33:48,38.8,,공통,raw,
b170_heavy_work_r1,SPT,Large (141-200),170,heavy_work,289.8666666666667,54,20251205,84,BLK_84P,22,TurnOver,3,2025-12-06 14:33:48,2025-12-06 14:48:12,14.4,,공통,raw,
b170_heavy_work_r1,SPT,Large (141-200),170,heavy_work,289.8666666666667,54,20251205,84,BLK_84P,22,후면SAW,4,2025-12-06 15:31:47,2025-12-06 15:57:29,25.7,,공통,raw,
b170_heavy_work_r1,SPT,Large (141-200),170,heavy_work,289.8666666666667,54,20251205,84,BLK_84P,22,NC,5,2025-12-06 17:42:43,2025-12-06 18:34:07,51.4,,공통,raw,
b170_heavy_work_r1,SPT,Large (141-200),170,heavy_work,289.8666666666667,54,20251205,84,BLK_84P,22,베이35A 론지취부,6,2025-12-06 18:34:07,2025-12-06 20:14:19,100.2,35A,베이35A,raw,
b170_heavy_work_r1,SPT,Large (141-200),170,heavy_work,289.8666666666667,54,20251205,84,BLK_84P,22,베이35A 론지용접,7,2025-12-06 20:14:19,2025-12-06 20:45:02,30.7,35A,베이35A,raw,
b170_heavy_work_r1,SPT,Large (141-200),170,heavy_work,289.8666666666667,54,20251205,84,BLK_84P,22,베이35A 수정,8,2025-12-06 20:45:02,2025-12-06 21:46:29,61.4,35A,베이35A,raw,
b170_heavy_work_r1,SPT,Large (141-200),170,heavy_work,289.8666666666667,54,20251206,73,BLK_73P,1,판계,1,2025-12-06 08:00:00,2025-12-06 08:30:00,30.0,,공통,raw,
b170_heavy_work_r1,SPT,Large (141-200),170,heavy_work,289.8666666666667,54,20251206,73,BLK_73P,1,전면SAW,2,2025-12-06 14:33:48,2025-12-06 15:14:47,41.0,,공통,raw,
b170_heavy_work_r1,SPT,Large (141-200),170,heavy_work,289.8666666666667,54,20251206,73,BLK_73P,1,TurnOver,3,2025-12-06 15:14:47,2025-12-06 15:29:11,14.4,,공통,raw,
b170_heavy_work_r1,SPT,Large (141-200),170,heavy_work,289.8666666666667,54,20251206,73,BLK_73P,1,후면SAW,4,2025-12-06 15:57:29,2025-12-06 16:26:03,28.6,,공통,raw,
b170_heavy_work_r1,SPT,Large (141-200),170,heavy_work,289.8666666666667,54,20251206,73,BLK_73P,1,NC,5,2025-12-06 18:34:07,2025-12-06 19:19:10,45.0,,공통,raw,
b170_heavy_work_r1,SPT,Large (141-200),170,heavy_work,289.8666666666667,54,20251206,73,BLK_73P,1,베이36B 론지취부,6,2025-12-06 19:31:21,2025-12-06 21:15:45,104.4,36B,베이36B,raw,
b170_heavy_work_r1,SPT,Large (141-200),170,heavy_work,289.8666666666667,54,20251206,73,BLK_73P,1,베이36B 론지용접,7,2025-12-06 21:15:45,2025-12-06 21:47:11,31.4,36B,베이36B,raw,
b170_heavy_work_r1,SPT,Large (141-200),170,heavy_work,289.8666666666667,54,20251206,73,BLK_73P,1,베이36B 수정,8,2025-12-06 21:47:11,2025-12-06 22:51:16,64.1,36B,베이36B,raw,
b170_heavy_work_r1,SPT,Large (141-200),170,heavy_work,289.8666666666667,54,20251206,71,BLK_71C,2,판계,1,2025-12-06 08:30:00,2025-12-06 09:06:00,36.0,,공통,raw,
b170_heavy_work_r1,SPT,Large (141-200),170,heavy_work,289.8666666666667,54,20251206,71,BLK_71C,2,전면SAW,2,2025-12-06 15:14:47,2025-12-06 15:55:13,40.4,,공통,raw,
b170_heavy_work_r1,SPT,Large (141-200),170,heavy_work,289.8666666666667,54,20251206,71,BLK_71C,2,TurnOver,3,2025-12-06 15:55:13,2025-12-06 16:09:37,14.4,,공통,raw,
b170_heavy_work_r1,SPT,Large (141-200),170,heavy_work,289.8666666666667,54,20251206,71,BLK_71C,2,후면SAW,4,2025-12-06 16:26:03,2025-12-06 16:53:54,27.9,,공통,raw,
b170_heavy_work_r1,SPT,Large (141-200),170,heavy_work,289.8666666666667,54,20251206,71,BLK_71C,2,NC,5,2025-12-06 19:19:10,2025-12-06 20:09:47,50.6,,공통,raw,
b170_heavy_work_r1,SPT,Large (141-200),170,heavy_work,289.8666666666667,54,20251206,71,BLK_71C,2,베이35A 론지취부,6,2025-12-06 20:14:19,2025-12-06 21:54:31,100.2,35A,베이35A,raw,
b170_heavy_work_r1,SPT,Large (141-200),170,heavy_work,289.8666666666667,54,20251206,71,BLK_71C,2,베이35A 론지용접,7,2025-12-06 21:54:31,2025-12-06 22:25:14,30.7,35A,베이35A,raw,
b170_heavy_work_r1,SPT,Large (141-200),170,heavy_work,289.8666666666667,54,20251206,71,BLK_71C,2,베이35A 수정,8,2025-12-06 22:25:14,2025-12-06 23:26:41,61.4,35A,베이35A,raw,
b170_heavy_work_r1,SPT,Large (141-200),170,heavy_work,289.8666666666667,54,20251206,113,BLK_113P,3,판계,1,2025-12-06 09:06:00,2025-12-06 09:42:00,36.0,,공통,raw,
b170_heavy_work_r1,SPT,Large (141-200),170,heavy_work,289.8666666666667,54,20251206,113,BLK_113P,3,전면SAW,2,2025-12-06 15:55:13,2025-12-06 16:30:33,35.3,,공통,raw,
b170_heavy_work_r1,SPT,Large (141-200),170,heavy_work,289.8666666666667,54,20251206,113,BLK_113P,3,TurnOver,3,2025-12-06 16:30:33,2025-12-06 16:44:57,14.4,,공통,raw,
b170_heavy_work_r1,SPT,Large (141-200),170,heavy_work,289.8666666666667,54,20251206,113,BLK_113P,3,후면SAW,4,2025-12-06 16:53:54,2025-12-06 17:15:03,21.1,,공통,raw,
b170_heavy_work_r1,SPT,Large (141-200),170,heavy_work,289.8666666666667,54,20251206,113,BLK_113P,3,NC,5,2025-12-06 20:09:47,2025-12-06 21:08:54,59.1,,공통,raw,
b170_heavy_work_r1,SPT,Large (141-200),170,heavy_work,289.8666666666667,54,20251206,113,BLK_113P,3,베이36B 론지취부,6,2025-12-06 21:15:45,2025-12-06 23:08:33,112.8,36B,베이36B,raw,
b170_heavy_work_r1,SPT,Large (141-200),170,heavy_work,289.8666666666667,54,20251206,113,BLK_113P,3,베이36B 론지용접,7,2025-12-06 23:08:33,2025-12-06 23:41:26,32.9,36B,베이36B,raw,
b170_heavy_work_r1,SPT,Large (141-200),170,heavy_work,289.8666666666667,54,20251206,113,BLK_113P,3,베이36B 수정,8,2025-12-06 23:41:26,2025-12-07 00:50:47,69.4,36B,베이36B,raw,
b170_heavy_work_r1,SPT,Large (141-200),170,heavy_work,289.8666666666667,54,20251206,93,BLK_93C,4,판계,1,2025-12-06 09:42:00,2025-12-06 10:24:00,42.0,,공통,raw,
b170_heavy_work_r1,SPT,Large (141-200),170,heavy_work,289.8666666666667,54,20251206,93,BLK_93C,4,전면SAW,2,2025-12-06 16:30:33,2025-12-06 18:41:57,131.4,,공통,raw,
b170_heavy_work_r1,SPT,Large (141-200),170,heavy_work,289.8666666666667,54,20251206,93,BLK_93C,4,TurnOver,3,2025-12-06 18:41:57,2025-12-06 18:56:21,14.4,,공통,raw,
b170_heavy_work_r1,SPT,Large (141-200),170,heavy_work,289.8666666666667,54,20251206,93,BLK_93C,4,후면SAW,4,2025-12-06 18:56:21,2025-12-06 20:29:36,93.3,,공통,raw,
b170_heavy_work_r1,SPT,Large (141-200),170,heavy_work,289.8666666666667,54,20251206,93,BLK_93C,4,NC,5,2025-12-06 21:08:54,2025-12-06 21:53:38,44.7,,공통,raw,
b170_heavy_work_r1,SPT,Large (141-200),170,heavy_work,289.8666666666667,54,20251206,93,BLK_93C,4,베이35A 론지취부,6,2025-12-06 21:54:31,2025-12-06 22:40:07,45.6,35A,베이35A,raw,
b170_heavy_work_r1,SPT,Large (141-200),170,heavy_work,289.8666666666667,54,20251206,93,BLK_93C,4,베이35A 론지용접,7,2025-12-06 22:40:07,2025-12-06 23:01:29,21.4,35A,베이35A,raw,
b170_heavy_work_r1,SPT,Large (141-200),170,heavy_work,289.8666666666667,54,20251206,93,BLK_93C,4,베이35A 수정,8,2025-12-06 23:26:41,2025-12-06 23:53:48,27.1,35A,베이35A,raw,
b170_heavy_work_r1,SPT,Large (141-200),170,heavy_work,289.8666666666667,54,20251206,62,BLK_62P,5,판계,1,2025-12-06 10:24:00,2025-12-06 10:57:36,33.6,,공통,raw,
b170_heavy_work_r1,SPT,Large (141-200),170,heavy_work,289.8666666666667,54,20251206,62,BLK_62P,5,전면SAW,2,2025-12-06 18:41:57,2025-12-06 21:06:53,144.9,,공통,raw,
b170_heavy_work_r1,SPT,Large (141-200),170,heavy_work,289.8666666666667,54,20251206,62,BLK_62P,5,TurnOver,3,2025-12-06 21:06:53,2025-12-06 21:21:17,14.4,,공통,raw,
b170_heavy_work_r1,SPT,Large (141-200),170,heavy_work,289.8666666666667,54,20251206,62,BLK_62P,5,후면SAW,4,2025-12-06 21:21:17,2025-12-06 23:18:44,117.5,,공통,raw,
b170_heavy_work_r1,SPT,Large (141-200),170,heavy_work,289.8666666666667,54,20251206,62,BLK_62P,5,NC,5,2025-12-06 23:18:44,2025-12-07 00:00:00,41.3,,공통,raw,
b170_heavy_work_r1,SPT,Large (141-200),170,heavy_work,289.8666666666667,54,20251206,62,BLK_62P,5,베이36B 론지취부,6,2025-12-07 00:00:00,2025-12-07 00:54:00,54.0,36B,베이36B,raw,
b170_heavy_work_r1,SPT,Large (141-200),170,heavy_work,289.8666666666667,54,20251206,62,BLK_62P,5,베이36B 론지용접,7,2025-12-07 00:54:00,2025-12-07 01:16:48,22.8,36B,베이36B,raw,
b170_heavy_work_r1,SPT,Large (141-200),170,heavy_work,289.8666666666667,54,20251206,62,BLK_62P,5,베이36B 수정,8,2025-12-07 01:16:48,2025-12-07 01:49:12,32.4,36B,베이36B,raw,
b170_heavy_work_r1,SPT,Large (141-200),170,heavy_work,289.8666666666667,54,20251206,53,BLK_53S,6,판계,1,2025-12-06 10:57:36,2025-12-06 11:33:36,36.0,,공통,raw,
b170_heavy_work_r1,SPT,Large (141-200),170,heavy_work,289.8666666666667,54,20251206,53,BLK_53S,6,전면SAW,2,2025-12-06 21:06:53,2025-12-06 21:54:45,47.9,,공통,raw,
b170_heavy_work_r1,SPT,Large (141-200),170,heavy_work,289.8666666666667,54,20251206,53,BLK_53S,6,TurnOver,3,2025-12-06 21:54:45,2025-12-06 22:09:09,14.4,,공통,raw,
b170_heavy_work_r1,SPT,Large (141-200),170,heavy_work,289.8666666666667,54,20251206,53,BLK_53S,6,후면SAW,4,2025-12-06 23:18:44,2025-12-06 23:56:22,37.6,,공통,raw,
b170_heavy_work_r1,SPT,Large (141-200),170,heavy_work,289.8666666666667,54,20251206,53,BLK_53S,6,NC,5,2025-12-07 00:00:00,2025-12-07 00:58:32,58.5,,공통,raw,
b170_heavy_work_r1,SPT,Large (141-200),170,heavy_work,289.8666666666667,54,20251206,53,BLK_53S,6,베이35A 론지취부,6,2025-12-07 00:58:32,2025-12-07 02:59:44,121.2,35A,베이35A,raw,
b170_heavy_work_r1,SPT,Large (141-200),170,heavy_work,289.8666666666667,54,20251206,53,BLK_53S,6,베이35A 론지용접,7,2025-12-07 02:59:44,2025-12-07 03:34:04,34.3,35A,베이35A,raw,
b170_heavy_work_r1,SPT,Large (141-200),170,heavy_work,289.8666666666667,54,20251206,53,BLK_53S,6,베이35A 수정,8,2025-12-07 03:34:04,2025-12-07 04:48:42,74.6,35A,베이35A,raw,
b170_heavy_work_r1,SPT,Large (141-200),170,heavy_work,289.8666666666667,54,20251206,21,BLK_21C,7,판계,1,2025-12-06 11:33:36,2025-12-06 11:57:36,24.0,,공통,raw,
b170_heavy_work_r1,SPT,Large (141-200),170,heavy_work,289.8666666666667,54,20251206,21,BLK_21C,7,전면SAW,2,2025-12-06 21:54:45,2025-12-07 00:03:55,129.2,,공통,raw,
b170_heavy_work_r1,SPT,Large (141-200),170,heavy_work,289.8666666666667,54,20251206,21,BLK_21C,7,TurnOver,3,2025-12-07 00:03:55,2025-12-07 00:18:19,14.4,,공통,raw,
b170_heavy_work_r1,SPT,Large (141-200),170,heavy_work,289.8666666666667,54,20251206,21,BLK_21C,7,후면SAW,4,2025-12-07 00:18:19,2025-12-07 02:27:20,129.0,,공통,raw,
b170_heavy_work_r1,SPT,Large (141-200),170,heavy_work,289.8666666666667,54,20251206,21,BLK_21C,7,NC,5,2025-12-07 02:27:20,2025-12-07 02:57:29,30.2,,공통,raw,
b170_heavy_work_r1,SPT,Large (141-200),170,heavy_work,289.8666666666667,54,20251206,21,BLK_21C,7,베이36B 론지취부,6,2025-12-07 02:57:29,2025-12-07 03:38:53,41.4,36B,베이36B,raw,
b170_heavy_work_r1,SPT,Large (141-200),170,heavy_work,289.8666666666667,54,20251206,21,BLK_21C,7,베이36B 론지용접,7,2025-12-07 03:38:53,2025-12-07 03:54:43,15.8,36B,베이36B,raw,
b170_heavy_work_r1,SPT,Large (141-200),170,heavy_work,289.8666666666667,54,20251206,21,BLK_21C,7,베이36B 수정,8,2025-12-07 03:54:43,2025-12-07 04:19:12,24.5,36B,베이36B,raw,
b170_heavy_work_r1,SPT,Large (141-200),170,heavy_work,289.8666666666667,54,20251206,81,BLK_81S,8,판계,1,2025-12-06 11:57:36,2025-12-06 12:37:12,39.6,,공통,raw,
b170_heavy_work_r1,SPT,Large (141-200),170,heavy_work,289.8666666666667,54,20251206,81,BLK_81S,8,전면SAW,2,2025-12-07 00:03:55,2025-12-07 02:47:16,163.4,,공통,raw,
b170_heavy_work_r1,SPT,Large (141-200),170,heavy_work,289.8666666666667,54,20251206,81,BLK_81S,8,TurnOver,3,2025-12-07 02:47:16,2025-12-07 03:01:40,14.4,,공통,raw,
b170_heavy_work_r1,SPT,Large (141-200),170,heavy_work,289.8666666666667,54,20251206,81,BLK_81S,8,후면SAW,4,2025-12-07 03:01:40,2025-12-07 05:11:03,129.4,,공통,raw,
b170_heavy_work_r1,SPT,Large (141-200),170,heavy_work,289.8666666666667,54,20251206,81,BLK_81S,8,NC,5,2025-12-07 05:11:03,2025-12-07 06:01:04,50.0,,공통,raw,
b170_heavy_work_r1,SPT,Large (141-200),170,heavy_work,289.8666666666667,54,20251206,81,BLK_81S,8,베이35A 론지취부,6,2025-12-07 06:01:04,2025-12-07 06:46:40,45.6,35A,베이35A,raw,
b170_heavy_work_r1,SPT,Large (141-200),170,heavy_work,289.8666666666667,54,20251206,81,BLK_81S,8,베이35A 론지용접,7,2025-12-07 06:46:40,2025-12-07 07:08:01,21.4,35A,베이35A,raw,
b170_heavy_work_r1,SPT,Large (141-200),170,heavy_work,289.8666666666667,54,20251206,81,BLK_81S,8,베이35A 수정,8,2025-12-07 07:08:01,2025-12-07 07:35:08,27.1,35A,베이35A,raw,
b170_heavy_work_r1,SPT,Large (141-200),170,heavy_work,289.8666666666667,54,20251206,134,BLK_134P,9,판계,1,2025-12-06 12:37:12,2025-12-06 13:22:48,45.6,,공통,raw,
b170_heavy_work_r1,SPT,Large (141-200),170,heavy_work,289.8666666666667,54,20251206,134,BLK_134P,9,전면SAW,2,2025-12-07 02:47:16,2025-12-07 04:53:00,125.7,,공통,raw,
b170_heavy_work_r1,SPT,Large (141-200),170,heavy_work,289.8666666666667,54,20251206,134,BLK_134P,9,TurnOver,3,2025-12-07 04:53:00,2025-12-07 05:07:24,14.4,,공통,raw,
b170_heavy_work_r1,SPT,Large (141-200),170,heavy_work,289.8666666666667,54,20251206,134,BLK_134P,9,후면SAW,4,2025-12-07 05:11:03,2025-12-07 06:51:00,99.9,,공통,raw,
b170_heavy_work_r1,SPT,Large (141-200),170,heavy_work,289.8666666666667,54,20251206,134,BLK_134P,9,NC,5,2025-12-07 06:51:00,2025-12-07 07:47:24,56.4,,공통,raw,
b170_heavy_work_r1,SPT,Large (141-200),170,heavy_work,289.8666666666667,54,20251206,134,BLK_134P,9,베이36B 론지취부,6,2025-12-07 07:47:24,2025-12-07 09:10:48,83.4,36B,베이36B,raw,
b170_heavy_work_r1,SPT,Large (141-200),170,heavy_work,289.8666666666667,54,20251206,134,BLK_134P,9,베이36B 론지용접,7,2025-12-07 09:10:48,2025-12-07 09:38:39,27.8,36B,베이36B,raw,
b170_heavy_work_r1,SPT,Large (141-200),170,heavy_work,289.8666666666667,54,20251206,134,BLK_134P,9,베이36B 수정,8,2025-12-07 09:38:39,2025-12-07 10:29:31,50.9,36B,베이36B,raw,
b170_heavy_work_r1,SPT,Large (141-200),170,heavy_work,289.8666666666667,54,20251206,51,BLK_51P,10,판계,1,2025-12-06 13:22:48,2025-12-06 13:46:48,24.0,,공통,raw,
b170_heavy_work_r1,SPT,Large (141-200),170,heavy_work,289.8666666666667,54,20251206,51,BLK_51P,10,전면SAW,2,2025-12-07 04:53:00,2025-12-07 05:34:02,41.0,,공통,raw,
b170_heavy_work_r1,SPT,Large (141-200),170,heavy_work,289.8666666666667,54,20251206,51,BLK_51P,10,TurnOver,3,2025-12-07 05:34:02,2025-12-07 05:48:26,14.4,,공통,raw,
b170_heavy_work_r1,SPT,Large (141-200),170,heavy_work,289.8666666666667,54,20251206,51,BLK_51P,10,후면SAW,4,2025-12-07 06:51:00,2025-12-07 07:19:39,28.6,,공통,raw,
b170_heavy_work_r1,SPT,Large (141-200),170,heavy_work,289.8666666666667,54,20251206,51,BLK_51P,10,NC,5,2025-12-07 07:47:24,2025-12-07 08:18:49,31.4,,공통,raw,
b170_heavy_work_r1,SPT,Large (141-200),170,heavy_work,289.8666666666667,54,20251206,51,BLK_51P,10,베이35A 론지취부,6,2025-12-07 08:18:49,2025-12-07 09:12:49,54.0,35A,베이35A,raw,
b170_heavy_work_r1,SPT,Large (141-200),170,heavy_work,289.8666666666667,54,20251206,51,BLK_51P,10,베이35A 론지용접,7,2025-12-07 09:12:49,2025-12-07 09:30:49,18.0,35A,베이35A,raw,
b170_heavy_work_r1,SPT,Large (141-200),170,heavy_work,289.8666666666667,54,20251206,51,BLK_51P,10,베이35A 수정,8,2025-12-07 09:30:49,2025-12-07 10:03:13,32.4,35A,베이35A,raw,
b170_heavy_work_r1,SPT,Large (141-200),170,heavy_work,289.8666666666667,54,20251206,82,BLK_82C,11,판계,1,2025-12-06 13:46:48,2025-12-06 14:10:48,24.0,,공통,raw,
b170_heavy_work_r1,SPT,Large (141-200),170,heavy_work,289.8666666666667,54,20251206,82,BLK_82C,11,전면SAW,2,2025-12-07 05:34:02,2025-12-07 06:22:31,48.5,,공통,raw,
b170_heavy_work_r1,SPT,Large (141-200),170,heavy_work,289.8666666666667,54,20251206,82,BLK_82C,11,TurnOver,3,2025-12-07 06:22:31,2025-12-07 06:36:55,14.4,,공통,raw,
b170_heavy_work_r1,SPT,Large (141-200),170,heavy_work,289.8666666666667,54,20251206,82,BLK_82C,11,후면SAW,4,2025-12-07 07:19:39,2025-12-07 07:58:06,38.4,,공통,raw,
b170_heavy_work_r1,SPT,Large (141-200),170,heavy_work,289.8666666666667,54,20251206,82,BLK_82C,11,NC,5,2025-12-07 08:18:49,2025-12-07 08:53:41,34.9,,공통,raw,
b170_heavy_work_r1,SPT,Large (141-200),170,heavy_work,289.8666666666667,54,20251206,82,BLK_82C,11,베이36B 론지취부,6,2025-12-07 09:10:48,2025-12-07 10:25:48,75.0,36B,베이36B,raw,
b170_heavy_work_r1,SPT,Large (141-200),170,heavy_work,289.8666666666667,54,20251206,82,BLK_82C,11,베이36B 론지용접,7,2025-12-07 10:25:48,2025-12-07 10:52:12,26.4,36B,베이36B,raw,
b170_heavy_work_r1,SPT,Large (141-200),170,heavy_work,289.8666666666667,54,20251206,82,BLK_82C,11,베이36B 수정,8,2025-12-07 10:52:12,2025-12-07 11:37:48,45.6,36B,베이36B,raw,
b170_heavy_work_r1,SPT,Large (141-200),170,heavy_work,289.8666666666667,54,20251207,58,BLK_58C,1,판계,1,2025-12-07 08:00:00,2025-12-07 08:45:36,45.6,,공통,raw,
b170_heavy_work_r1,SPT,Large (141-200),170,heavy_work,289.8666666666667,54,20251207,58,BLK_58C,1,전면SAW,2,2025-12-07 08:45:36,2025-12-07 10:55:21,129.8,,공통,raw,
b170_heavy_work_r1,SPT,Large (141-200),170,heavy_work,289.8666666666667,54,20251207,58,BLK_58C,1,TurnOver,3,2025-12-07 10:55:21,2025-12-07 11:09:45,14.4,,공통,raw,
b170_heavy_work_r1,SPT,Large (141-200),170,heavy_work,289.8666666666667,54,20251207,58,BLK_58C,1,후면SAW,4,2025-12-07 11:09:45,2025-12-07 13:19:27,129.7,,공통,raw,
b170_heavy_work_r1,SPT,Large (141-200),170,heavy_work,289.8666666666667,54,20251207,58,BLK_58C,1,NC,5,2025-12-07 13:19:27,2025-12-07 14:16:17,56.8,,공통,raw,
b170_heavy_work_r1,SPT,Large (141-200),170,heavy_work,289.8666666666667,54,20251207,58,BLK_58C,1,베이35A 론지취부,6,2025-12-07 14:16:17,2025-12-07 15:27:05,70.8,35A,베이35A,raw,
b170_heavy_work_r1,SPT,Large (141-200),170,heavy_work,289.8666666666667,54,20251207,58,BLK_58C,1,베이35A 론지용접,7,2025-12-07 15:27:05,2025-12-07 15:52:45,25.7,35A,베이35A,raw,
b170_heavy_work_r1,SPT,Large (141-200),170,heavy_work,289.8666666666667,54,20251207,58,BLK_58C,1,베이35A 수정,8,2025-12-07 15:52:45,2025-12-07 16:35:43,43.0,35A,베이35A,raw,
b170_heavy_work_r1,SPT,Large (141-200),170,heavy_work,289.8666666666667,54,20251207,29,BLK_29P,2,판계,1,2025-12-07 08:45:36,2025-12-07 09:39:36,54.0,,공통,raw,
b170_heavy_work_r1,SPT,Large (141-200),170,heavy_work,289.8666666666667,54,20251207,29,BLK_29P,2,전면SAW,2,2025-12-07 10:55:21,2025-12-07 12:34:23,99.0,,공통,raw,
b170_heavy_work_r1,SPT,Large (141-200),170,heavy_work,289.8666666666667,54,20251207,29,BLK_29P,2,TurnOver,3,2025-12-07 12:34:23,2025-12-07 12:48:47,14.4,,공통,raw,
b170_heavy_work_r1,SPT,Large (141-200),170,heavy_work,289.8666666666667,54,20251207,29,BLK_29P,2,후면SAW,4,2025-12-07 13:19:27,2025-12-07 14:53:19,93.9,,공통,raw,
b170_heavy_work_r1,SPT,Large (141-200),170,heavy_work,289.8666666666667,54,20251207,29,BLK_29P,2,NC,5,2025-12-07 14:53:19,2025-12-07 16:01:09,67.8,,공통,raw,
b170_heavy_work_r1,SPT,Large (141-200),170,heavy_work,289.8666666666667,54,20251207,29,BLK_29P,2,베이36B 론지취부,6,2025-12-07 16:01:09,2025-12-07 17:45:33,104.4,36B,베이36B,raw,
b170_heavy_work_r1,SPT,Large (141-200),170,heavy_work,289.8666666666667,54,20251207,29,BLK_29P,2,베이36B 론지용접,7,2025-12-07 17:45:33,2025-12-07 18:16:59,31.4,36B,베이36B,raw,
b170_heavy_work_r1,SPT,Large (141-200),170,heavy_work,289.8666666666667,54,20251207,29,BLK_29P,2,베이36B 수정,8,2025-12-07 18:16:59,2025-12-07 19:21:04,64.1,36B,베이36B,raw,
b170_heavy_work_r1,SPT,Large (141-200),170,heavy_work,289.8666666666667,54,20251207,117,BLK_117C,3,판계,1,2025-12-07 09:39:36,2025-12-07 10:19:12,39.6,,공통,raw,
b170_heavy_work_r1,SPT,Large (141-200),170,heavy_work,289.8666666666667,54,20251207,117,BLK_117C,3,전면SAW,2,2025-12-07 12:34:23,2025-12-07 15:15:14,160.8,,공통,raw,
b170_heavy_work_r1,SPT,Large (141-200),170,heavy_work,289.8666666666667,54,20251207,117,BLK_117C,3,TurnOver,3,2025-12-07 15:15:14,2025-12-07 15:29:38,14.4,,공통,raw,
b170_heavy_work_r1,SPT,Large (141-200),170,heavy_work,289.8666666666667,54,20251207,117,BLK_117C,3,후면SAW,4,2025-12-07 15:29:38,2025-12-07 17:41:36,132.0,,공통,raw,
b170_heavy_work_r1,SPT,Large (141-200),170,heavy_work,289.8666666666667,54,20251207,117,BLK_117C,3,NC,5,2025-12-07 17:41:36,2025-12-07 18:35:27,53.9,,공통,raw,
b170_heavy_work_r1,SPT,Large (141-200),170,heavy_work,289.8666666666667,54,20251207,117,BLK_117C,3,베이35A 론지취부,6,2025-12-07 18:35:27,2025-12-07 19:50:27,75.0,35A,베이35A,raw,
b170_heavy_work_r1,SPT,Large (141-200),170,heavy_work,289.8666666666667,54,20251207,117,BLK_117C,3,베이35A 론지용접,7,2025-12-07 19:50:27,2025-12-07 20:16:51,26.4,35A,베이35A,raw,
b170_heavy_work_r1,SPT,Large (141-200),170,heavy_work,289.8666666666667,54,20251207,117,BLK_117C,3,베이35A 수정,8,2025-12-07 20:16:51,2025-12-07 21:02:27,45.6,35A,베이35A,raw,
b170_heavy_work_r1,SPT,Large (141-200),170,heavy_work,289.8666666666667,54,20251207,121,BLK_121S,4,판계,1,2025-12-07 10:19:12,2025-12-07 10:55:12,36.0,,공통,raw,
b170_heavy_work_r1,SPT,Large (141-200),170,heavy_work,289.8666666666667,54,20251207,121,BLK_121S,4,전면SAW,2,2025-12-07 15:15:14,2025-12-07 18:06:43,171.5,,공통,raw,
b170_heavy_work_r1,SPT,Large (141-200),170,heavy_work,289.8666666666667,54,20251207,121,BLK_121S,4,TurnOver,3,2025-12-07 18:06:43,2025-12-07 18:21:07,14.4,,공통,raw,
b170_heavy_work_r1,SPT,Large (141-200),170,heavy_work,289.8666666666667,54,20251207,121,BLK_121S,4,후면SAW,4,2025-12-07 18:21:07,2025-12-07 20:48:44,147.6,,공통,raw,
b170_heavy_work_r1,SPT,Large (141-200),170,heavy_work,289.8666666666667,54,20251207,121,BLK_121S,4,NC,5,2025-12-07 20:48:44,2025-12-07 21:53:52,65.1,,공통,raw,
b170_heavy_work_r1,SPT,Large (141-200),170,heavy_work,289.8666666666667,54,20251207,121,BLK_121S,4,베이36B 론지취부,6,2025-12-07 21:53:52,2025-12-07 23:13:04,79.2,36B,베이36B,raw,
b170_heavy_work_r1,SPT,Large (141-200),170,heavy_work,289.8666666666667,54,20251207,121,BLK_121S,4,베이36B 론지용접,7,2025-12-07 23:13:04,2025-12-07 23:40:12,27.1,36B,베이36B,raw,
b170_heavy_work_r1,SPT,Large (141-200),170,heavy_work,289.8666666666667,54,20251207,121,BLK_121S,4,베이36B 수정,8,2025-12-07 23:40:12,2025-12-08 00:28:26,48.2,36B,베이36B,raw,
b170_heavy_work_r1,SPT,Large (141-200),170,heavy_work,289.8666666666667,54,20251207,114,BLK_114S,5,판계,1,2025-12-07 10:55:12,2025-12-07 11:57:36,62.4,,공통,raw,
b170_heavy_work_r1,SPT,Large (141-200),170,heavy_work,289.8666666666667,54,20251207,114,BLK_114S,5,전면SAW,2,2025-12-07 18:06:43,2025-12-07 21:21:05,194.4,,공통,raw,
b170_heavy_work_r1,SPT,Large (141-200),170,heavy_work,289.8666666666667,54,20251207,114,BLK_114S,5,TurnOver,3,2025-12-07 21:21:05,2025-12-07 21:35:29,14.4,,공통,raw,
b170_heavy_work_r1,SPT,Large (141-200),170,heavy_work,289.8666666666667,54,20251207,114,BLK_114S,5,후면SAW,4,2025-12-07 21:35:29,2025-12-08 00:14:46,159.3,,공통,raw,
b170_heavy_work_r1,SPT,Large (141-200),170,heavy_work,289.8666666666667,54,20251207,114,BLK_114S,5,NC,5,2025-12-08 00:14:46,2025-12-08 01:46:04,91.3,,공통,raw,
b170_heavy_work_r1,SPT,Large (141-200),170,heavy_work,289.8666666666667,54,20251207,114,BLK_114S,5,베이36B 론지취부,6,2025-12-08 01:46:04,2025-12-08 03:13:40,87.6,36B,베이36B,raw,
b170_heavy_work_r1,SPT,Large (141-200),170,heavy_work,289.8666666666667,54,20251207,114,BLK_114S,5,베이36B 론지용접,7,2025-12-08 03:13:40,2025-12-08 03:42:14,28.6,36B,베이36B,raw,
b170_heavy_work_r1,SPT,Large (141-200),170,heavy_work,289.8666666666667,54,20251207,114,BLK_114S,5,베이36B 수정,8,2025-12-08 03:42:14,2025-12-08 04:35:45,53.5,36B,베이36B,raw,
b170_heavy_work_r1,SPT,Large (141-200),170,heavy_work,289.8666666666667,54,20251207,124,BLK_124C,6,판계,1,2025-12-07 11:57:36,2025-12-07 12:21:36,24.0,,공통,raw,
b170_heavy_work_r1,SPT,Large (141-200),170,heavy_work,289.8666666666667,54,20251207,124,BLK_124C,6,전면SAW,2,2025-12-07 21:21:05,2025-12-07 22:10:24,49.3,,공통,raw,
b170_heavy_work_r1,SPT,Large (141-200),170,heavy_work,289.8666666666667,54,20251207,124,BLK_124C,6,TurnOver,3,2025-12-07 22:10:24,2025-12-07 22:24:48,14.4,,공통,raw,
b170_heavy_work_r1,SPT,Large (141-200),170,heavy_work,289.8666666666667,54,20251207,124,BLK_124C,6,후면SAW,4,2025-12-08 00:14:46,2025-12-08 00:54:20,39.6,,공통,raw,
b170_heavy_work_r1,SPT,Large (141-200),170,heavy_work,289.8666666666667,54,20251207,124,BLK_124C,6,NC,5,2025-12-08 01:46:04,2025-12-08 02:16:45,30.7,,공통,raw,
b170_heavy_work_r1,SPT,Large (141-200),170,heavy_work,289.8666666666667,54,20251207,124,BLK_124C,6,베이35A 론지취부,6,2025-12-08 02:16:45,2025-12-08 02:58:09,41.4,35A,베이35A,raw,
b170_heavy_work_r1,SPT,Large (141-200),170,heavy_work,289.8666666666667,54,20251207,124,BLK_124C,6,베이35A 론지용접,7,2025-12-08 02:58:09,2025-12-08 03:14:00,15.8,35A,베이35A,raw,
b170_heavy_work_r1,SPT,Large (141-200),170,heavy_work,289.8666666666667,54,20251207,124,BLK_124C,6,베이35A 수정,8,2025-12-08 03:14:00,2025-12-08 03:38:29,24.5,35A,베이35A,raw,
b170_heavy_work_r1,SPT,Large (141-200),170,heavy_work,289.8666666666667,54,20251207,63,BLK_63P,7,판계,1,2025-12-07 12:21:36,2025-12-07 12:51:36,30.0,,공통,raw,
b170_heavy_work_r1,SPT,Large (141-200),170,heavy_work,289.8666666666667,54,20251207,63,BLK_63P,7,전면SAW,2,2025-12-07 22:10:24,2025-12-07 22:50:24,40.0,,공통,raw,
b170_heavy_work_r1,SPT,Large (141-200),170,heavy_work,289.8666666666667,54,20251207,63,BLK_63P,7,TurnOver,3,2025-12-07 22:50:24,2025-12-07 23:04:48,14.4,,공통,raw,
b170_heavy_work_r1,SPT,Large (141-200),170,heavy_work,289.8666666666667,54,20251207,63,BLK_63P,7,후면SAW,4,2025-12-08 00:54:20,2025-12-08 01:21:35,27.3,,공통,raw,
b170_heavy_work_r1,SPT,Large (141-200),170,heavy_work,289.8666666666667,54,20251207,63,BLK_63P,7,NC,5,2025-12-08 02:16:45,2025-12-08 02:56:52,40.1,,공통,raw,
b170_heavy_work_r1,SPT,Large (141-200),170,heavy_work,289.8666666666667,54,20251207,63,BLK_63P,7,베이36B 론지취부,6,2025-12-08 03:13:40,2025-12-08 04:07:40,54.0,36B,베이36B,raw,
b170_heavy_work_r1,SPT,Large (141-200),170,heavy_work,289.8666666666667,54,20251207,63,BLK_63P,7,베이36B 론지용접,7,2025-12-08 04:07:40,2025-12-08 04:30:28,22.8,36B,베이36B,raw,
b170_heavy_work_r1,SPT,Large (141-200),170,heavy_work,289.8666666666667,54,20251207,63,BLK_63P,7,베이36B 수정,8,2025-12-08 04:35:45,2025-12-08 05:08:09,32.4,36B,베이36B,raw,
b170_heavy_work_r1,SPT,Large (141-200),170,heavy_work,289.8666666666667,54,20251207,70,BLK_70C,8,판계,1,2025-12-07 12:51:36,2025-12-07 13:24:00,32.4,,공통,raw,
b170_heavy_work_r1,SPT,Large (141-200),170,heavy_work,289.8666666666667,54,20251207,70,BLK_70C,8,전면SAW,2,2025-12-07 22:50:24,2025-12-08 01:05:27,135.1,,공통,raw,
b170_heavy_work_r1,SPT,Large (141-200),170,heavy_work,289.8666666666667,54,20251207,70,BLK_70C,8,TurnOver,3,2025-12-08 01:05:27,2025-12-08 01:19:51,14.4,,공통,raw,
b170_heavy_work_r1,SPT,Large (141-200),170,heavy_work,289.8666666666667,54,20251207,70,BLK_70C,8,후면SAW,4,2025-12-08 01:21:35,2025-12-08 02:57:46,96.2,,공통,raw,
b170_heavy_work_r1,SPT,Large (141-200),170,heavy_work,289.8666666666667,54,20251207,70,BLK_70C,8,NC,5,2025-12-08 02:57:46,2025-12-08 03:34:36,36.8,,공통,raw,
b170_heavy_work_r1,SPT,Large (141-200),170,heavy_work,289.8666666666667,54,20251207,70,BLK_70C,8,베이35A 론지취부,6,2025-12-08 03:34:36,2025-12-08 04:21:55,47.3,35A,베이35A,raw,
b170_heavy_work_r1,SPT,Large (141-200),170,heavy_work,289.8666666666667,54,20251207,70,BLK_70C,8,베이35A 론지용접,7,2025-12-08 04:21:55,2025-12-08 04:40:01,18.1,35A,베이35A,raw,
b170_heavy_work_r1,SPT,Large (141-200),170,heavy_work,289.8666666666667,54,20251207,70,BLK_70C,8,베이35A 수정,8,2025-12-08 04:40:01,2025-12-08 05:04:30,24.5,35A,베이35A,raw,
b170_heavy_work_r1,SPT,Large (141-200),170,heavy_work,289.8666666666667,54,20251208,107,BLK_107S,1,판계,1,2025-12-08 08:00:00,2025-12-08 09:02:24,62.4,,공통,raw,
b170_heavy_work_r1,SPT,Large (141-200),170,heavy_work,289.8666666666667,54,20251208,107,BLK_107S,1,전면SAW,2,2025-12-08 09:02:24,2025-12-08 12:11:30,189.1,,공통,raw,
b170_heavy_work_r1,SPT,Large (141-200),170,heavy_work,289.8666666666667,54,20251208,107,BLK_107S,1,TurnOver,3,2025-12-08 12:11:30,2025-12-08 12:25:54,14.4,,공통,raw,
b170_heavy_work_r1,SPT,Large (141-200),170,heavy_work,289.8666666666667,54,20251208,107,BLK_107S,1,후면SAW,4,2025-12-08 12:25:54,2025-12-08 15:10:23,164.5,,공통,raw,
b170_heavy_work_r1,SPT,Large (141-200),170,heavy_work,289.8666666666667,54,20251208,107,BLK_107S,1,NC,5,2025-12-08 15:10:23,2025-12-08 16:40:30,90.1,,공통,raw,
b170_heavy_work_r1,SPT,Large (141-200),170,heavy_work,289.8666666666667,54,20251208,107,BLK_107S,1,베이36B 론지취부,6,2025-12-08 16:40:30,2025-12-08 18:33:18,112.8,36B,베이36B,raw,
b170_heavy_work_r1,SPT,Large (141-200),170,heavy_work,289.8666666666667,54,20251208,107,BLK_107S,1,베이36B 론지용접,7,2025-12-08 18:33:18,2025-12-08 19:06:10,32.9,36B,베이36B,raw,
b170_heavy_work_r1,SPT,Large (141-200),170,heavy_work,289.8666666666667,54,20251208,107,BLK_107S,1,베이36B 수정,8,2025-12-08 19:06:10,2025-12-08 20:15:32,69.4,36B,베이36B,raw,
b170_heavy_work_r1,SPT,Large (141-200),170,heavy_work,289.8666666666667,54,20251208,144,BLK_144S,2,판계,1,2025-12-08 09:02:24,2025-12-08 09:26:24,24.0,,공통,raw,
b170_heavy_work_r1,SPT,Large (141-200),170,heavy_work,289.8666666666667,54,20251208,144,BLK_144S,2,전면SAW,2,2025-12-08 12:11:30,2025-12-08 12:55:19,43.8,,공통,raw,
b170_heavy_work_r1,SPT,Large (141-200),170,heavy_work,289.8666666666667,54,20251208,144,BLK_144S,2,TurnOver,3,2025-12-08 12:55:19,2025-12-08 13:09:43,14.4,,공통,raw,
b170_heavy_work_r1,SPT,Large (141-200),170,heavy_work,289.8666666666667,54,20251208,144,BLK_144S,2,후면SAW,4,2025-12-08 15:10:23,2025-12-08 15:42:42,32.3,,공통,raw,
b170_heavy_work_r1,SPT,Large (141-200),170,heavy_work,289.8666666666667,54,20251208,144,BLK_144S,2,NC,5,2025-12-08 16:40:30,2025-12-08 17:17:07,36.6,,공통,raw,
b170_heavy_work_r1,SPT,Large (141-200),170,heavy_work,289.8666666666667,54,20251208,144,BLK_144S,2,베이35A 론지취부,6,2025-12-08 17:17:07,2025-12-08 18:23:43,66.6,35A,베이35A,raw,
b170_heavy_work_r1,SPT,Large (141-200),170,heavy_work,289.8666666666667,54,20251208,144,BLK_144S,2,베이35A 론지용접,7,2025-12-08 18:23:43,2025-12-08 18:48:41,25.0,35A,베이35A,raw,
b170_heavy_work_r1,SPT,Large (141-200),170,heavy_work,289.8666666666667,54,20251208,144,BLK_144S,2,베이35A 수정,8,2025-12-08 18:48:41,2025-12-08 19:29:00,40.3,35A,베이35A,raw,
b170_heavy_work_r1,SPT,Large (141-200),170,heavy_work,289.8666666666667,54,20251208,92,BLK_92P,3,판계,1,2025-12-08 09:26:24,2025-12-08 09:56:24,30.0,,공통,raw,
b170_heavy_work_r1,SPT,Large (141-200),170,heavy_work,289.8666666666667,54,20251208,92,BLK_92P,3,전면SAW,2,2025-12-08 12:55:19,2025-12-08 13:31:37,36.3,,공통,raw,
b170_heavy_work_r1,SPT,Large (141-200),170,heavy_work,289.8666666666667,54,20251208,92,BLK_92P,3,TurnOver,3,2025-12-08 13:31:37,2025-12-08 13:46:01,14.4,,공통,raw,
b170_heavy_work_r1,SPT,Large (141-200),170,heavy_work,289.8666666666667,54,20251208,92,BLK_92P,3,후면SAW,4,2025-12-08 15:42:42,2025-12-08 16:05:06,22.4,,공통,raw,
b170_heavy_work_r1,SPT,Large (141-200),170,heavy_work,289.8666666666667,54,20251208,92,BLK_92P,3,NC,5,2025-12-08 17:17:07,2025-12-08 18:01:18,44.2,,공통,raw,
b170_heavy_work_r1,SPT,Large (141-200),170,heavy_work,289.8666666666667,54,20251208,92,BLK_92P,3,베이36B 론지취부,6,2025-12-08 18:33:18,2025-12-08 19:48:18,75.0,36B,베이36B,raw,
b170_heavy_work_r1,SPT,Large (141-200),170,heavy_work,289.8666666666667,54,20251208,92,BLK_92P,3,베이36B 론지용접,7,2025-12-08 19:48:18,2025-12-08 20:14:42,26.4,36B,베이36B,raw,
b170_heavy_work_r1,SPT,Large (141-200),170,heavy_work,289.8666666666667,54,20251208,92,BLK_92P,3,베이36B 수정,8,2025-12-08 20:15:32,2025-12-08 21:01:08,45.6,36B,베이36B,raw,
b170_heavy_work_r1,SPT,Large (141-200),170,heavy_work,289.8666666666667,54,20251208,100,BLK_100C,4,판계,1,2025-12-08 09:56:24,2025-12-08 10:32:24,36.0,,공통,raw,
b170_heavy_work_r1,SPT,Large (141-200),170,heavy_work,289.8666666666667,54,20251208,100,BLK_100C,4,전면SAW,2,2025-12-08 13:31:37,2025-12-08 14:09:14,37.6,,공통,raw,
b170_heavy_work_r1,SPT,Large (141-200),170,heavy_work,289.8666666666667,54,20251208,100,BLK_100C,4,TurnOver,3,2025-12-08 14:09:14,2025-12-08 14:23:38,14.4,,공통,raw,
b170_heavy_work_r1,SPT,Large (141-200),170,heavy_work,289.8666666666667,54,20251208,100,BLK_100C,4,후면SAW,4,2025-12-08 16:05:06,2025-12-08 16:29:14,24.1,,공통,raw,
b170_heavy_work_r1,SPT,Large (141-200),170,heavy_work,289.8666666666667,54,20251208,100,BLK_100C,4,NC,5,2025-12-08 18:01:18,2025-12-08 18:58:34,57.3,,공통,raw,
b170_heavy_work_r1,SPT,Large (141-200),170,heavy_work,289.8666666666667,54,20251208,100,BLK_100C,4,베이35A 론지취부,6,2025-12-08 18:58:34,2025-12-08 19:56:46,58.2,35A,베이35A,raw,
b170_heavy_work_r1,SPT,Large (141-200),170,heavy_work,289.8666666666667,54,20251208,100,BLK_100C,4,베이35A 론지용접,7,2025-12-08 19:56:46,2025-12-08 20:20:17,23.5,35A,베이35A,raw,
b170_heavy_work_r1,SPT,Large (141-200),170,heavy_work,289.8666666666667,54,20251208,100,BLK_100C,4,베이35A 수정,8,2025-12-08 20:20:17,2025-12-08 20:55:19,35.0,35A,베이35A,raw,
b170_heavy_work_r1,SPT,Large (141-200),170,heavy_work,289.8666666666667,54,20251208,85,BLK_85S,5,판계,1,2025-12-08 10:32:24,2025-12-08 11:02:24,30.0,,공통,raw,
b170_heavy_work_r1,SPT,Large (141-200),170,heavy_work,289.8666666666667,54,20251208,85,BLK_85S,5,전면SAW,2,2025-12-08 14:09:14,2025-12-08 14:52:27,43.2,,공통,raw,
b170_heavy_work_r1,SPT,Large (141-200),170,heavy_work,289.8666666666667,54,20251208,85,BLK_85S,5,TurnOver,3,2025-12-08 14:52:27,2025-12-08 15:06:51,14.4,,공통,raw,
b170_heavy_work_r1,SPT,Large (141-200),170,heavy_work,289.8666666666667,54,20251208,85,BLK_85S,5,후면SAW,4,2025-12-08 16:29:14,2025-12-08 17:00:46,31.5,,공통,raw,
b170_heavy_work_r1,SPT,Large (141-200),170,heavy_work,289.8666666666667,54,20251208,85,BLK_85S,5,NC,5,2025-12-08 18:58:34,2025-12-08 19:43:40,45.1,,공통,raw,
b170_heavy_work_r1,SPT,Large (141-200),170,heavy_work,289.8666666666667,54,20251208,85,BLK_85S,5,베이36B 론지취부,6,2025-12-08 19:48:18,2025-12-08 21:20:06,91.8,36B,베이36B,raw,
b170_heavy_work_r1,SPT,Large (141-200),170,heavy_work,289.8666666666667,54,20251208,85,BLK_85S,5,베이36B 론지용접,7,2025-12-08 21:20:06,2025-12-08 21:49:22,29.3,36B,베이36B,raw,
b170_heavy_work_r1,SPT,Large (141-200),170,heavy_work,289.8666666666667,54,20251208,85,BLK_85S,5,베이36B 수정,8,2025-12-08 21:49:22,2025-12-08 22:45:32,56.2,36B,베이36B,raw,
b170_heavy_work_r1,SPT,Large (141-200),170,heavy_work,289.8666666666667,54,20251208,105,BLK_105P,6,판계,1,2025-12-08 11:02:24,2025-12-08 11:26:24,24.0,,공통,raw,
b170_heavy_work_r1,SPT,Large (141-200),170,heavy_work,289.8666666666667,54,20251208,105,BLK_105P,6,전면SAW,2,2025-12-08 14:52:27,2025-12-08 16:02:05,69.6,,공통,raw,
b170_heavy_work_r1,SPT,Large (141-200),170,heavy_work,289.8666666666667,54,20251208,105,BLK_105P,6,TurnOver,3,2025-12-08 16:02:05,2025-12-08 16:16:29,14.4,,공통,raw,
b170_heavy_work_r1,SPT,Large (141-200),170,heavy_work,289.8666666666667,54,20251208,105,BLK_105P,6,후면SAW,4,2025-12-08 17:00:46,2025-12-08 18:07:02,66.3,,공통,raw,
b170_heavy_work_r1,SPT,Large (141-200),170,heavy_work,289.8666666666667,54,20251208,105,BLK_105P,6,NC,5,2025-12-08 19:43:40,2025-12-08 20:20:00,36.3,,공통,raw,
b170_heavy_work_r1,SPT,Large (141-200),170,heavy_work,289.8666666666667,54,20251208,105,BLK_105P,6,베이35A 론지취부,6,2025-12-08 20:20:00,2025-12-08 21:26:36,66.6,35A,베이35A,raw,
b170_heavy_work_r1,SPT,Large (141-200),170,heavy_work,289.8666666666667,54,20251208,105,BLK_105P,6,베이35A 론지용접,7,2025-12-08 21:26:36,2025-12-08 21:51:34,25.0,35A,베이35A,raw,
b170_heavy_work_r1,SPT,Large (141-200),170,heavy_work,289.8666666666667,54,20251208,105,BLK_105P,6,베이35A 수정,8,2025-12-08 21:51:34,2025-12-08 22:31:53,40.3,35A,베이35A,raw,
b170_heavy_work_r1,SPT,Large (141-200),170,heavy_work,289.8666666666667,54,20251208,80,BLK_80C,7,판계,1,2025-12-08 11:26:24,2025-12-08 12:02:24,36.0,,공통,raw,
b170_heavy_work_r1,SPT,Large (141-200),170,heavy_work,289.8666666666667,54,20251208,80,BLK_80C,7,전면SAW,2,2025-12-08 16:02:05,2025-12-08 16:36:27,34.4,,공통,raw,
b170_heavy_work_r1,SPT,Large (141-200),170,heavy_work,289.8666666666667,54,20251208,80,BLK_80C,7,TurnOver,3,2025-12-08 16:36:27,2025-12-08 16:50:51,14.4,,공통,raw,
b170_heavy_work_r1,SPT,Large (141-200),170,heavy_work,289.8666666666667,54,20251208,80,BLK_80C,7,후면SAW,4,2025-12-08 18:07:02,2025-12-08 18:26:54,19.9,,공통,raw,
b170_heavy_work_r1,SPT,Large (141-200),170,heavy_work,289.8666666666667,54,20251208,80,BLK_80C,7,NC,5,2025-12-08 20:20:00,2025-12-08 21:14:04,54.1,,공통,raw,
b170_heavy_work_r1,SPT,Large (141-200),170,heavy_work,289.8666666666667,54,20251208,80,BLK_80C,7,베이36B 론지취부,6,2025-12-08 21:20:06,2025-12-08 22:43:30,83.4,36B,베이36B,raw,
b170_heavy_work_r1,SPT,Large (141-200),170,heavy_work,289.8666666666667,54,20251208,80,BLK_80C,7,베이36B 론지용접,7,2025-12-08 22:43:30,2025-12-08 23:11:20,27.8,36B,베이36B,raw,
b170_heavy_work_r1,SPT,Large (141-200),170,heavy_work,289.8666666666667,54,20251208,80,BLK_80C,7,베이36B 수정,8,2025-12-08 23:11:20,2025-12-09 00:02:13,50.9,36B,베이36B,raw,
b170_heavy_work_r1,SPT,Large (141-200),170,heavy_work,289.8666666666667,54,20251208,104,BLK_104S,8,판계,1,2025-12-08 12:02:24,2025-12-08 12:38:24,36.0,,공통,raw,
b170_heavy_work_r1,SPT,Large (141-200),170,heavy_work,289.8666666666667,54,20251208,104,BLK_104S,8,전면SAW,2,2025-12-08 16:36:27,2025-12-08 17:13:56,37.5,,공통,raw,
b170_heavy_work_r1,SPT,Large (141-200),170,heavy_work,289.8666666666667,54,20251208,104,BLK_104S,8,TurnOver,3,2025-12-08 17:13:56,2025-12-08 17:28:20,14.4,,공통,raw,
b170_heavy_work_r1,SPT,Large (141-200),170,heavy_work,289.8666666666667,54,20251208,104,BLK_104S,8,후면SAW,4,2025-12-08 18:26:54,2025-12-08 18:50:54,24.0,,공통,raw,
b170_heavy_work_r1,SPT,Large (141-200),170,heavy_work,289.8666666666667,54,20251208,104,BLK_104S,8,NC,5,2025-12-08 21:14:04,2025-12-08 22:06:36,52.5,,공통,raw,
b170_heavy_work_r1,SPT,Large (141-200),170,heavy_work,289.8666666666667,54,20251208,104,BLK_104S,8,베이35A 론지취부,6,2025-12-08 22:06:36,2025-12-08 23:46:48,100.2,35A,베이35A,raw,
b170_heavy_work_r1,SPT,Large (141-200),170,heavy_work,289.8666666666667,54,20251208,104,BLK_104S,8,베이35A 론지용접,7,2025-12-08 23:46:48,2025-12-09 00:17:31,30.7,35A,베이35A,raw,
b170_heavy_work_r1,SPT,Large (141-200),170,heavy_work,289.8666666666667,54,20251208,104,BLK_104S,8,베이35A 수정,8,2025-12-09 00:17:31,2025-12-09 01:18:58,61.4,35A,베이35A,raw,
b170_heavy_work_r1,SPT,Large (141-200),170,heavy_work,289.8666666666667,54,20251208,95,BLK_95S,9,판계,1,2025-12-08 12:38:24,2025-12-08 13:02:24,24.0,,공통,raw,
b170_heavy_work_r1,SPT,Large (141-200),170,heavy_work,289.8666666666667,54,20251208,95,BLK_95S,9,전면SAW,2,2025-12-08 17:13:56,2025-12-08 18:18:05,64.1,,공통,raw,
b170_heavy_work_r1,SPT,Large (141-200),170,heavy_work,289.8666666666667,54,20251208,95,BLK_95S,9,TurnOver,3,2025-12-08 18:18:05,2025-12-08 18:32:29,14.4,,공통,raw,
b170_heavy_work_r1,SPT,Large (141-200),170,heavy_work,289.8666666666667,54,20251208,95,BLK_95S,9,후면SAW,4,2025-12-08 18:50:54,2025-12-08 19:49:58,59.1,,공통,raw,
b170_heavy_work_r1,SPT,Large (141-200),170,heavy_work,289.8666666666667,54,20251208,95,BLK_95S,9,NC,5,2025-12-08 22:06:36,2025-12-08 22:42:51,36.2,,공통,raw,
b170_heavy_work_r1,SPT,Large (141-200),170,heavy_work,289.8666666666667,54,20251208,95,BLK_95S,9,베이36B 론지취부,6,2025-12-08 22:43:30,2025-12-09 00:11:06,87.6,36B,베이36B,raw,
b170_heavy_work_r1,SPT,Large (141-200),170,heavy_work,289.8666666666667,54,20251208,95,BLK_95S,9,베이36B 론지용접,7,2025-12-09 00:11:06,2025-12-09 00:39:39,28.6,36B,베이36B,raw,
b170_heavy_work_r1,SPT,Large (141-200),170,heavy_work,289.8666666666667,54,20251208,95,BLK_95S,9,베이36B 수정,8,2025-12-09 00:39:39,2025-12-09 01:33:10,53.5,36B,베이36B,raw,
b170_heavy_work_r1,SPT,Large (141-200),170,heavy_work,289.8666666666667,54,20251208,154,BLK_154S,10,판계,1,2025-12-08 13:02:24,2025-12-08 13:38:24,36.0,,공통,raw,
b170_heavy_work_r1,SPT,Large (141-200),170,heavy_work,289.8666666666667,54,20251208,154,BLK_154S,10,전면SAW,2,2025-12-08 18:18:05,2025-12-08 18:54:27,36.4,,공통,raw,
b170_heavy_work_r1,SPT,Large (141-200),170,heavy_work,289.8666666666667,54,20251208,154,BLK_154S,10,TurnOver,3,2025-12-08 18:54:27,2025-12-08 19:08:51,14.4,,공통,raw,
b170_heavy_work_r1,SPT,Large (141-200),170,heavy_work,289.8666666666667,54,20251208,154,BLK_154S,10,후면SAW,4,2025-12-08 19:49:58,2025-12-08 20:12:28,22.5,,공통,raw,
b170_heavy_work_r1,SPT,Large (141-200),170,heavy_work,289.8666666666667,54,20251208,154,BLK_154S,10,NC,5,2025-12-08 22:42:51,2025-12-08 23:38:58,56.1,,공통,raw,
b170_heavy_work_r1,SPT,Large (141-200),170,heavy_work,289.8666666666667,54,20251208,154,BLK_154S,10,베이35A 론지취부,6,2025-12-08 23:46:48,2025-12-09 01:22:48,96.0,35A,베이35A,raw,
b170_heavy_work_r1,SPT,Large (141-200),170,heavy_work,289.8666666666667,54,20251208,154,BLK_154S,10,베이35A 론지용접,7,2025-12-09 01:22:48,2025-12-09 01:52:48,30.0,35A,베이35A,raw,
b170_heavy_work_r1,SPT,Large (141-200),170,heavy_work,289.8666666666667,54,20251208,154,BLK_154S,10,베이35A 수정,8,2025-12-09 01:52:48,2025-12-09 02:51:36,58.8,35A,베이35A,raw,
b170_heavy_work_r1,SPT,Large (141-200),170,heavy_work,289.8666666666667,54,20251208,90,BLK_90C,11,판계,1,2025-12-08 13:38:24,2025-12-08 14:20:24,42.0,,공통,raw,
b170_heavy_work_r1,SPT,Large (141-200),170,heavy_work,289.8666666666667,54,20251208,90,BLK_90C,11,전면SAW,2,2025-12-08 18:54:27,2025-12-08 20:59:18,124.9,,공통,raw,
b170_heavy_work_r1,SPT,Large (141-200),170,heavy_work,289.8666666666667,54,20251208,90,BLK_90C,11,TurnOver,3,2025-12-08 20:59:18,2025-12-08 21:13:42,14.4,,공통,raw,
b170_heavy_work_r1,SPT,Large (141-200),170,heavy_work,289.8666666666667,54,20251208,90,BLK_90C,11,후면SAW,4,2025-12-08 21:13:42,2025-12-08 22:41:44,88.0,,공통,raw,
b170_heavy_work_r1,SPT,Large (141-200),170,heavy_work,289.8666666666667,54,20251208,90,BLK_90C,11,NC,5,2025-12-08 23:38:58,2025-12-09 00:21:05,42.1,,공통,raw,
b170_heavy_work_r1,SPT,Large (141-200),170,heavy_work,289.8666666666667,54,20251208,90,BLK_90C,11,베이36B 론지취부,6,2025-12-09 00:21:05,2025-12-09 00:54:05,33.0,36B,베이36B,raw,
b170_heavy_work_r1,SPT,Large (141-200),170,heavy_work,289.8666666666667,54,20251208,90,BLK_90C,11,베이36B 론지용접,7,2025-12-09 00:54:05,2025-12-09 01:08:29,14.4,36B,베이36B,raw,
b170_heavy_work_r1,SPT,Large (141-200),170,heavy_work,289.8666666666667,54,20251208,90,BLK_90C,11,베이36B 수정,8,2025-12-09 01:33:10,2025-12-09 01:52:22,19.2,36B,베이36B,raw,
b170_heavy_work_r1,SPT,Large (141-200),170,heavy_work,289.8666666666667,54,20251208,75,BLK_75C,12,판계,1,2025-12-08 14:20:24,2025-12-08 15:14:24,54.0,,공통,raw,
b170_heavy_work_r1,SPT,Large (141-200),170,heavy_work,289.8666666666667,54,20251208,75,BLK_75C,12,전면SAW,2,2025-12-08 20:59:18,2025-12-08 21:48:54,49.6,,공통,raw,
b170_heavy_work_r1,SPT,Large (141-200),170,heavy_work,289.8666666666667,54,20251208,75,BLK_75C,12,TurnOver,3,2025-12-08 21:48:54,2025-12-08 22:03:18,14.4,,공통,raw,
b170_heavy_work_r1,SPT,Large (141-200),170,heavy_work,289.8666666666667,54,20251208,75,BLK_75C,12,후면SAW,4,2025-12-08 22:41:44,2025-12-08 23:21:38,39.9,,공통,raw,
b170_heavy_work_r1,SPT,Large (141-200),170,heavy_work,289.8666666666667,54,20251208,75,BLK_75C,12,NC,5,2025-12-09 00:21:05,2025-12-09 01:27:59,66.9,,공통,raw,
b170_heavy_work_r1,SPT,Large (141-200),170,heavy_work,289.8666666666667,54,20251208,75,BLK_75C,12,베이36B 론지취부,6,2025-12-09 01:27:59,2025-12-09 03:24:59,117.0,36B,베이36B,raw,
b170_heavy_work_r1,SPT,Large (141-200),170,heavy_work,289.8666666666667,54,20251208,75,BLK_75C,12,베이36B 론지용접,7,2025-12-09 03:24:59,2025-12-09 03:58:35,33.6,36B,베이36B,raw,
b170_heavy_work_r1,SPT,Large (141-200),170,heavy_work,289.8666666666667,54,20251208,75,BLK_75C,12,베이36B 수정,8,2025-12-09 03:58:35,2025-12-09 05:10:35,72.0,36B,베이36B,raw,
b170_heavy_work_r1,SPT,Large (141-200),170,heavy_work,289.8666666666667,54,20251208,115,BLK_115P,13,판계,1,2025-12-08 15:14:24,2025-12-08 15:46:48,32.4,,공통,raw,
b170_heavy_work_r1,SPT,Large (141-200),170,heavy_work,289.8666666666667,54,20251208,115,BLK_115P,13,전면SAW,2,2025-12-08 21:48:54,2025-12-09 00:07:04,138.2,,공통,raw,
b170_heavy_work_r1,SPT,Large (141-200),170,heavy_work,289.8666666666667,54,20251208,115,BLK_115P,13,TurnOver,3,2025-12-09 00:07:04,2025-12-09 00:21:28,14.4,,공통,raw,
b170_heavy_work_r1,SPT,Large (141-200),170,heavy_work,289.8666666666667,54,20251208,115,BLK_115P,13,후면SAW,4,2025-12-09 00:21:28,2025-12-09 02:00:07,98.7,,공통,raw,
b170_heavy_work_r1,SPT,Large (141-200),170,heavy_work,289.8666666666667,54,20251208,115,BLK_115P,13,NC,5,2025-12-09 02:00:07,2025-12-09 02:36:16,36.1,,공통,raw,
b170_heavy_work_r1,SPT,Large (141-200),170,heavy_work,289.8666666666667,54,20251208,115,BLK_115P,13,베이35A 론지취부,6,2025-12-09 02:36:16,2025-12-09 03:13:28,37.2,35A,베이35A,raw,
b170_heavy_work_r1,SPT,Large (141-200),170,heavy_work,289.8666666666667,54,20251208,115,BLK_115P,13,베이35A 론지용접,7,2025-12-09 03:13:28,2025-12-09 03:28:35,15.1,35A,베이35A,raw,
b170_heavy_work_r1,SPT,Large (141-200),170,heavy_work,289.8666666666667,54,20251208,115,BLK_115P,13,베이35A 수정,8,2025-12-09 03:28:35,2025-12-09 03:50:26,21.8,35A,베이35A,raw,
b170_heavy_work_r1,SPT,Large (141-200),170,heavy_work,289.8666666666667,54,20251208,102,BLK_102P,14,판계,1,2025-12-08 15:46:48,2025-12-08 16:40:48,54.0,,공통,raw,
b170_heavy_work_r1,SPT,Large (141-200),170,heavy_work,289.8666666666667,54,20251208,102,BLK_102P,14,전면SAW,2,2025-12-09 00:07:04,2025-12-09 00:53:48,46.7,,공통,raw,
b170_heavy_work_r1,SPT,Large (141-200),170,heavy_work,289.8666666666667,54,20251208,102,BLK_102P,14,TurnOver,3,2025-12-09 00:53:48,2025-12-09 01:08:12,14.4,,공통,raw,
b170_heavy_work_r1,SPT,Large (141-200),170,heavy_work,289.8666666666667,54,20251208,102,BLK_102P,14,후면SAW,4,2025-12-09 02:00:07,2025-12-09 02:36:17,36.2,,공통,raw,
b170_heavy_work_r1,SPT,Large (141-200),170,heavy_work,289.8666666666667,54,20251208,102,BLK_102P,14,NC,5,2025-12-09 02:36:17,2025-12-09 03:43:57,67.7,,공통,raw,
b170_heavy_work_r1,SPT,Large (141-200),170,heavy_work,289.8666666666667,54,20251208,102,BLK_102P,14,베이36B 론지취부,6,2025-12-09 03:43:57,2025-12-09 05:49:21,125.4,36B,베이36B,raw,
b170_heavy_work_r1,SPT,Large (141-200),170,heavy_work,289.8666666666667,54,20251208,102,BLK_102P,14,베이36B 론지용접,7,2025-12-09 05:49:21,2025-12-09 06:24:23,35.0,36B,베이36B,raw,
b170_heavy_work_r1,SPT,Large (141-200),170,heavy_work,289.8666666666667,54,20251208,102,BLK_102P,14,베이36B 수정,8,2025-12-09 06:24:23,2025-12-09 07:41:40,77.3,36B,베이36B,raw,
b170_heavy_work_r1,SPT,Large (141-200),170,heavy_work,289.8666666666667,54,20251208,59,BLK_59S,15,판계,1,2025-12-08 16:40:48,2025-12-08 17:22:48,42.0,,공통,raw,
b170_heavy_work_r1,SPT,Large (141-200),170,heavy_work,289.8666666666667,54,20251208,59,BLK_59S,15,전면SAW,2,2025-12-09 00:53:48,2025-12-09 03:18:22,144.6,,공통,raw,
b170_heavy_work_r1,SPT,Large (141-200),170,heavy_work,289.8666666666667,54,20251208,59,BLK_59S,15,TurnOver,3,2025-12-09 03:18:22,2025-12-09 03:32:46,14.4,,공통,raw,
b170_heavy_work_r1,SPT,Large (141-200),170,heavy_work,289.8666666666667,54,20251208,59,BLK_59S,15,후면SAW,4,2025-12-09 03:32:46,2025-12-09 05:14:18,101.5,,공통,raw,
b170_heavy_work_r1,SPT,Large (141-200),170,heavy_work,289.8666666666667,54,20251208,59,BLK_59S,15,NC,5,2025-12-09 05:14:18,2025-12-09 06:03:07,48.8,,공통,raw,
b170_heavy_work_r1,SPT,Large (141-200),170,heavy_work,289.8666666666667,54,20251208,59,BLK_59S,15,베이35A 론지취부,6,2025-12-09 06:03:07,2025-12-09 06:52:55,49.8,35A,베이35A,raw,
b170_heavy_work_r1,SPT,Large (141-200),170,heavy_work,289.8666666666667,54,20251208,59,BLK_59S,15,베이35A 론지용접,7,2025-12-09 06:52:55,2025-12-09 07:10:12,17.3,35A,베이35A,raw,
b170_heavy_work_r1,SPT,Large (141-200),170,heavy_work,289.8666666666667,54,20251208,59,BLK_59S,15,베이35A 수정,8,2025-12-09 07:10:12,2025-12-09 07:39:57,29.8,35A,베이35A,raw,
b170_heavy_work_r1,SPT,Large (141-200),170,heavy_work,289.8666666666667,54,20251208,65,BLK_65S,16,판계,1,2025-12-08 17:22:48,2025-12-08 17:37:12,14.4,,공통,raw,
b170_heavy_work_r1,SPT,Large (141-200),170,heavy_work,289.8666666666667,54,20251208,65,BLK_65S,16,전면SAW,2,2025-12-09 03:18:22,2025-12-09 04:03:23,45.0,,공통,raw,
b170_heavy_work_r1,SPT,Large (141-200),170,heavy_work,289.8666666666667,54,20251208,65,BLK_65S,16,TurnOver,3,2025-12-09 04:03:23,2025-12-09 04:17:47,14.4,,공통,raw,
b170_heavy_work_r1,SPT,Large (141-200),170,heavy_work,289.8666666666667,54,20251208,65,BLK_65S,16,후면SAW,4,2025-12-09 05:14:18,2025-12-09 05:48:11,33.9,,공통,raw,
b170_heavy_work_r1,SPT,Large (141-200),170,heavy_work,289.8666666666667,54,20251208,65,BLK_65S,16,NC,5,2025-12-09 06:03:07,2025-12-09 06:27:30,24.4,,공통,raw,
b170_heavy_work_r1,SPT,Large (141-200),170,heavy_work,289.8666666666667,54,20251208,65,BLK_65S,16,베이36B 론지취부,6,2025-12-09 06:27:30,2025-12-09 07:00:30,33.0,36B,베이36B,raw,
b170_heavy_work_r1,SPT,Large (141-200),170,heavy_work,289.8666666666667,54,20251208,65,BLK_65S,16,베이36B 론지용접,7,2025-12-09 07:00:30,2025-12-09 07:14:54,14.4,36B,베이36B,raw,
b170_heavy_work_r1,SPT,Large (141-200),170,heavy_work,289.8666666666667,54,20251208,65,BLK_65S,16,베이36B 수정,8,2025-12-09 07:41:40,2025-12-09 08:00:52,19.2,36B,베이36B,raw,
b170_heavy_work_r1,SPT,Large (141-200),170,heavy_work,289.8666666666667,54,20251208,161,BLK_161S,17,판계,1,2025-12-08 17:37:12,2025-12-08 18:01:12,24.0,,공통,raw,
b170_heavy_work_r1,SPT,Large (141-200),170,heavy_work,289.8666666666667,54,20251208,161,BLK_161S,17,전면SAW,2,2025-12-09 04:03:23,2025-12-09 04:44:42,41.3,,공통,raw,
b170_heavy_work_r1,SPT,Large (141-200),170,heavy_work,289.8666666666667,54,20251208,161,BLK_161S,17,TurnOver,3,2025-12-09 04:44:42,2025-12-09 04:59:06,14.4,,공통,raw,
b170_heavy_work_r1,SPT,Large (141-200),170,heavy_work,289.8666666666667,54,20251208,161,BLK_161S,17,후면SAW,4,2025-12-09 05:48:11,2025-12-09 06:17:11,29.0,,공통,raw,
b170_heavy_work_r1,SPT,Large (141-200),170,heavy_work,289.8666666666667,54,20251208,161,BLK_161S,17,NC,5,2025-12-09 06:27:30,2025-12-09 07:01:34,34.1,,공통,raw,
b170_heavy_work_r1,SPT,Large (141-200),170,heavy_work,289.8666666666667,54,20251208,161,BLK_161S,17,베이35A 론지취부,6,2025-12-09 07:01:34,2025-12-09 07:47:10,45.6,35A,베이35A,raw,
b170_heavy_work_r1,SPT,Large (141-200),170,heavy_work,289.8666666666667,54,20251208,161,BLK_161S,17,베이35A 론지용접,7,2025-12-09 07:47:10,2025-12-09 08:08:31,21.4,35A,베이35A,raw,
b170_heavy_work_r1,SPT,Large (141-200),170,heavy_work,289.8666666666667,54,20251208,161,BLK_161S,17,베이35A 수정,8,2025-12-09 08:08:31,2025-12-09 08:35:39,27.1,35A,베이35A,raw,
b170_heavy_work_r1,SPT,Large (141-200),170,heavy_work,289.8666666666667,54,20251208,36,BLK_36C,18,판계,1,2025-12-08 18:01:12,2025-12-08 18:15:36,14.4,,공통,raw,
b170_heavy_work_r1,SPT,Large (141-200),170,heavy_work,289.8666666666667,54,20251208,36,BLK_36C,18,전면SAW,2,2025-12-09 04:44:42,2025-12-09 05:28:09,43.5,,공통,raw,
b170_heavy_work_r1,SPT,Large (141-200),170,heavy_work,289.8666666666667,54,20251208,36,BLK_36C,18,TurnOver,3,2025-12-09 05:28:09,2025-12-09 05:42:33,14.4,,공통,raw,
b170_heavy_work_r1,SPT,Large (141-200),170,heavy_work,289.8666666666667,54,20251208,36,BLK_36C,18,후면SAW,4,2025-12-09 06:17:11,2025-12-09 06:49:00,31.8,,공통,raw,
b170_heavy_work_r1,SPT,Large (141-200),170,heavy_work,289.8666666666667,54,20251208,36,BLK_36C,18,NC,5,2025-12-09 07:01:34,2025-12-09 07:25:57,24.4,,공통,raw,
b170_heavy_work_r1,SPT,Large (141-200),170,heavy_work,289.8666666666667,54,20251208,36,BLK_36C,18,베이36B 론지취부,6,2025-12-09 07:25:57,2025-12-09 08:24:09,58.2,36B,베이36B,raw,
b170_heavy_work_r1,SPT,Large (141-200),170,heavy_work,289.8666666666667,54,20251208,36,BLK_36C,18,베이36B 론지용접,7,2025-12-09 08:24:09,2025-12-09 08:47:40,23.5,36B,베이36B,raw,
b170_heavy_work_r1,SPT,Large (141-200),170,heavy_work,289.8666666666667,54,20251208,36,BLK_36C,18,베이36B 수정,8,2025-12-09 08:47:40,2025-12-09 09:22:42,35.0,36B,베이36B,raw,
b170_heavy_work_r1,SPT,Large (141-200),170,heavy_work,289.8666666666667,54,20251209,132,BLK_132S,1,판계,1,2025-12-09 08:00:00,2025-12-09 08:39:36,39.6,,공통,raw,
b170_heavy_work_r1,SPT,Large (141-200),170,heavy_work,289.8666666666667,54,20251209,132,BLK_132S,1,전면SAW,2,2025-12-09 08:39:36,2025-12-09 11:00:15,140.7,,공통,raw,
b170_heavy_work_r1,SPT,Large (141-200),170,heavy_work,289.8666666666667,54,20251209,132,BLK_132S,1,TurnOver,3,2025-12-09 11:00:15,2025-12-09 11:14:39,14.4,,공통,raw,
b170_heavy_work_r1,SPT,Large (141-200),170,heavy_work,289.8666666666667,54,20251209,132,BLK_132S,1,후면SAW,4,2025-12-09 11:14:39,2025-12-09 13:08:13,113.6,,공통,raw,
b170_heavy_work_r1,SPT,Large (141-200),170,heavy_work,289.8666666666667,54,20251209,132,BLK_132S,1,NC,5,2025-12-09 13:08:13,2025-12-09 13:58:41,50.5,,공통,raw,
b170_heavy_work_r1,SPT,Large (141-200),170,heavy_work,289.8666666666667,54,20251209,132,BLK_132S,1,베이35A 론지취부,6,2025-12-09 13:58:41,2025-12-09 15:22:05,83.4,35A,베이35A,raw,
b170_heavy_work_r1,SPT,Large (141-200),170,heavy_work,289.8666666666667,54,20251209,132,BLK_132S,1,베이35A 론지용접,7,2025-12-09 15:22:05,2025-12-09 15:49:55,27.8,35A,베이35A,raw,
b170_heavy_work_r1,SPT,Large (141-200),170,heavy_work,289.8666666666667,54,20251209,132,BLK_132S,1,베이35A 수정,8,2025-12-09 15:49:55,2025-12-09 16:40:48,50.9,35A,베이35A,raw,
b170_heavy_work_r1,SPT,Large (141-200),170,heavy_work,289.8666666666667,54,20251209,72,BLK_72C,2,판계,1,2025-12-09 08:39:36,2025-12-09 09:33:36,54.0,,공통,raw,
b170_heavy_work_r1,SPT,Large (141-200),170,heavy_work,289.8666666666667,54,20251209,72,BLK_72C,2,전면SAW,2,2025-12-09 11:00:15,2025-12-09 14:39:51,219.6,,공통,raw,
b170_heavy_work_r1,SPT,Large (141-200),170,heavy_work,289.8666666666667,54,20251209,72,BLK_72C,2,TurnOver,3,2025-12-09 14:39:51,2025-12-09 14:54:15,14.4,,공통,raw,
b170_heavy_work_r1,SPT,Large (141-200),170,heavy_work,289.8666666666667,54,20251209,72,BLK_72C,2,후면SAW,4,2025-12-09 14:54:15,2025-12-09 18:07:54,193.7,,공통,raw,
b170_heavy_work_r1,SPT,Large (141-200),170,heavy_work,289.8666666666667,54,20251209,72,BLK_72C,2,NC,5,2025-12-09 18:07:54,2025-12-09 19:08:26,60.5,,공통,raw,
b170_heavy_work_r1,SPT,Large (141-200),170,heavy_work,289.8666666666667,54,20251209,72,BLK_72C,2,베이36B 론지취부,6,2025-12-09 19:08:26,2025-12-09 20:23:26,75.0,36B,베이36B,raw,
b170_heavy_work_r1,SPT,Large (141-200),170,heavy_work,289.8666666666667,54,20251209,72,BLK_72C,2,베이36B 론지용접,7,2025-12-09 20:23:26,2025-12-09 20:49:50,26.4,36B,베이36B,raw,
b170_heavy_work_r1,SPT,Large (141-200),170,heavy_work,289.8666666666667,54,20251209,72,BLK_72C,2,베이36B 수정,8,2025-12-09 20:49:50,2025-12-09 21:35:26,45.6,36B,베이36B,raw,
b170_heavy_work_r1,SPT,Large (141-200),170,heavy_work,289.8666666666667,54,20251209,110,BLK_110S,3,판계,1,2025-12-09 09:33:36,2025-12-09 10:34:48,61.2,,공통,raw,
b170_heavy_work_r1,SPT,Large (141-200),170,heavy_work,289.8666666666667,54,20251209,110,BLK_110S,3,전면SAW,2,2025-12-09 14:39:51,2025-12-09 17:48:36,188.8,,공통,raw,
b170_heavy_work_r1,SPT,Large (141-200),170,heavy_work,289.8666666666667,54,20251209,110,BLK_110S,3,TurnOver,3,2025-12-09 17:48:36,2025-12-09 18:03:00,14.4,,공통,raw,
b170_heavy_work_r1,SPT,Large (141-200),170,heavy_work,289.8666666666667,54,20251209,110,BLK_110S,3,후면SAW,4,2025-12-09 18:07:54,2025-12-09 20:25:09,137.2,,공통,raw,
b170_heavy_work_r1,SPT,Large (141-200),170,heavy_work,289.8666666666667,54,20251209,110,BLK_110S,3,NC,5,2025-12-09 20:25:09,2025-12-09 21:36:11,71.0,,공통,raw,
b170_heavy_work_r1,SPT,Large (141-200),170,heavy_work,289.8666666666667,54,20251209,110,BLK_110S,3,베이35A 론지취부,6,2025-12-09 21:36:11,2025-12-09 22:46:59,70.8,35A,베이35A,raw,
b170_heavy_work_r1,SPT,Large (141-200),170,heavy_work,289.8666666666667,54,20251209,110,BLK_110S,3,베이35A 론지용접,7,2025-12-09 22:46:59,2025-12-09 23:12:40,25.7,35A,베이35A,raw,
b170_heavy_work_r1,SPT,Large (141-200),170,heavy_work,289.8666666666667,54,20251209,110,BLK_110S,3,베이35A 수정,8,2025-12-09 23:12:40,2025-12-09 23:55:37,43.0,35A,베이35A,raw,
b170_heavy_work_r1,SPT,Large (141-200),170,heavy_work,289.8666666666667,54,20251209,61,BLK_61C,4,판계,1,2025-12-09 10:34:48,2025-12-09 11:04:48,30.0,,공통,raw,
b170_heavy_work_r1,SPT,Large (141-200),170,heavy_work,289.8666666666667,54,20251209,61,BLK_61C,4,전면SAW,2,2025-12-09 17:48:36,2025-12-09 18:22:10,33.6,,공통,raw,
b170_heavy_work_r1,SPT,Large (141-200),170,heavy_work,289.8666666666667,54,20251209,61,BLK_61C,4,TurnOver,3,2025-12-09 18:22:10,2025-12-09 18:36:34,14.4,,공통,raw,
b170_heavy_work_r1,SPT,Large (141-200),170,heavy_work,289.8666666666667,54,20251209,61,BLK_61C,4,후면SAW,4,2025-12-09 20:25:09,2025-12-09 20:43:58,18.8,,공통,raw,
b170_heavy_work_r1,SPT,Large (141-200),170,heavy_work,289.8666666666667,54,20251209,61,BLK_61C,4,NC,5,2025-12-09 21:36:11,2025-12-09 22:15:22,39.2,,공통,raw,
b170_heavy_work_r1,SPT,Large (141-200),170,heavy_work,289.8666666666667,54,20251209,61,BLK_61C,4,베이36B 론지취부,6,2025-12-09 22:15:22,2025-12-09 23:00:58,45.6,36B,베이36B,raw,
b170_heavy_work_r1,SPT,Large (141-200),170,heavy_work,289.8666666666667,54,20251209,61,BLK_61C,4,베이36B 론지용접,7,2025-12-09 23:00:58,2025-12-09 23:22:19,21.4,36B,베이36B,raw,
b170_heavy_work_r1,SPT,Large (141-200),170,heavy_work,289.8666666666667,54,20251209,61,BLK_61C,4,베이36B 수정,8,2025-12-09 23:22:19,2025-12-09 23:49:27,27.1,36B,베이36B,raw,
b170_heavy_work_r1,SPT,Large (141-200),170,heavy_work,289.8666666666667,54,20251209,152,BLK_152P,5,판계,1,2025-12-09 11:04:48,2025-12-09 11:28:48,24.0,,공통,raw,
b170_heavy_work_r1,SPT,Large (141-200),170,heavy_work,289.8666666666667,54,20251209,152,BLK_152P,5,전면SAW,2,2025-12-09 18:22:10,2025-12-09 19:02:13,40.0,,공통,raw,
b170_heavy_work_r1,SPT,Large (141-200),170,heavy_work,289.8666666666667,54,20251209,152,BLK_152P,5,TurnOver,3,2025-12-09 19:02:13,2025-12-09 19:16:37,14.4,,공통,raw,
b170_heavy_work_r1,SPT,Large (141-200),170,heavy_work,289.8666666666667,54,20251209,152,BLK_152P,5,후면SAW,4,2025-12-09 20:43:58,2025-12-09 21:11:18,27.3,,공통,raw,
b170_heavy_work_r1,SPT,Large (141-200),170,heavy_work,289.8666666666667,54,20251209,152,BLK_152P,5,NC,5,2025-12-09 22:15:22,2025-12-09 22:49:06,33.7,,공통,raw,
b170_heavy_work_r1,SPT,Large (141-200),170,heavy_work,289.8666666666667,54,20251209,152,BLK_152P,5,베이35A 론지취부,6,2025-12-09 22:49:06,2025-12-09 23:34:42,45.6,35A,베이35A,raw,
b170_heavy_work_r1,SPT,Large (141-200),170,heavy_work,289.8666666666667,54,20251209,152,BLK_152P,5,베이35A 론지용접,7,2025-12-09 23:34:42,2025-12-09 23:56:04,21.4,35A,베이35A,raw,
b170_heavy_work_r1,SPT,Large (141-200),170,heavy_work,289.8666666666667,54,20251209,152,BLK_152P,5,베이35A 수정,8,2025-12-09 23:56:04,2025-12-10 00:23:11,27.1,35A,베이35A,raw,
b170_heavy_work_r1,SPT,Large (141-200),170,heavy_work,289.8666666666667,54,20251209,99,BLK_99S,6,판계,1,2025-12-09 11:28:48,2025-12-09 11:58:48,30.0,,공통,raw,
b170_heavy_work_r1,SPT,Large (141-200),170,heavy_work,289.8666666666667,54,20251209,99,BLK_99S,6,전면SAW,2,2025-12-09 19:02:13,2025-12-09 19:39:39,37.4,,공통,raw,
b170_heavy_work_r1,SPT,Large (141-200),170,heavy_work,289.8666666666667,54,20251209,99,BLK_99S,6,TurnOver,3,2025-12-09 19:39:39,2025-12-09 19:54:03,14.4,,공통,raw,
b170_heavy_work_r1,SPT,Large (141-200),170,heavy_work,289.8666666666667,54,20251209,99,BLK_99S,6,후면SAW,4,2025-12-09 21:11:18,2025-12-09 21:35:13,23.9,,공통,raw,
b170_heavy_work_r1,SPT,Large (141-200),170,heavy_work,289.8666666666667,54,20251209,99,BLK_99S,6,NC,5,2025-12-09 22:49:06,2025-12-09 23:29:08,40.0,,공통,raw,
b170_heavy_work_r1,SPT,Large (141-200),170,heavy_work,289.8666666666667,54,20251209,99,BLK_99S,6,베이36B 론지취부,6,2025-12-09 23:29:08,2025-12-10 00:14:44,45.6,36B,베이36B,raw,
b170_heavy_work_r1,SPT,Large (141-200),170,heavy_work,289.8666666666667,54,20251209,99,BLK_99S,6,베이36B 론지용접,7,2025-12-10 00:14:44,2025-12-10 00:36:06,21.4,36B,베이36B,raw,
b170_heavy_work_r1,SPT,Large (141-200),170,heavy_work,289.8666666666667,54,20251209,99,BLK_99S,6,베이36B 수정,8,2025-12-10 00:36:06,2025-12-10 01:03:13,27.1,36B,베이36B,raw,
b170_heavy_work_r1,SPT,Large (141-200),170,heavy_work,289.8666666666667,54,20251209,123,BLK_123P,7,판계,1,2025-12-09 11:58:48,2025-12-09 12:22:48,24.0,,공통,raw,
b170_heavy_work_r1,SPT,Large (141-200),170,heavy_work,289.8666666666667,54,20251209,123,BLK_123P,7,전면SAW,2,2025-12-09 19:39:39,2025-12-09 20:16:19,36.7,,공통,raw,
b170_heavy_work_r1,SPT,Large (141-200),170,heavy_work,289.8666666666667,54,20251209,123,BLK_123P,7,TurnOver,3,2025-12-09 20:16:19,2025-12-09 20:30:43,14.4,,공통,raw,
b170_heavy_work_r1,SPT,Large (141-200),170,heavy_work,289.8666666666667,54,20251209,123,BLK_123P,7,후면SAW,4,2025-12-09 21:35:13,2025-12-09 21:58:06,22.9,,공통,raw,
b170_heavy_work_r1,SPT,Large (141-200),170,heavy_work,289.8666666666667,54,20251209,123,BLK_123P,7,NC,5,2025-12-09 23:29:08,2025-12-09 23:59:57,30.8,,공통,raw,
b170_heavy_work_r1,SPT,Large (141-200),170,heavy_work,289.8666666666667,54,20251209,123,BLK_123P,7,베이35A 론지취부,6,2025-12-09 23:59:57,2025-12-10 01:02:21,62.4,35A,베이35A,raw,
b170_heavy_work_r1,SPT,Large (141-200),170,heavy_work,289.8666666666667,54,20251209,123,BLK_123P,7,베이35A 론지용접,7,2025-12-10 01:02:21,2025-12-10 01:26:35,24.2,35A,베이35A,raw,
b170_heavy_work_r1,SPT,Large (141-200),170,heavy_work,289.8666666666667,54,20251209,123,BLK_123P,7,베이35A 수정,8,2025-12-10 01:26:35,2025-12-10 02:04:16,37.7,35A,베이35A,raw,
b170_heavy_work_r1,SPT,Large (141-200),170,heavy_work,289.8666666666667,54,20251209,133,BLK_133P,8,판계,1,2025-12-09 12:22:48,2025-12-09 12:46:48,24.0,,공통,raw,
b170_heavy_work_r1,SPT,Large (141-200),170,heavy_work,289.8666666666667,54,20251209,133,BLK_133P,8,전면SAW,2,2025-12-09 20:16:19,2025-12-09 20:57:54,41.6,,공통,raw,
b170_heavy_work_r1,SPT,Large (141-200),170,heavy_work,289.8666666666667,54,20251209,133,BLK_133P,8,TurnOver,3,2025-12-09 20:57:54,2025-12-09 21:12:18,14.4,,공통,raw,
b170_heavy_work_r1,SPT,Large (141-200),170,heavy_work,289.8666666666667,54,20251209,133,BLK_133P,8,후면SAW,4,2025-12-09 21:58:06,2025-12-09 22:27:28,29.4,,공통,raw,
b170_heavy_work_r1,SPT,Large (141-200),170,heavy_work,289.8666666666667,54,20251209,133,BLK_133P,8,NC,5,2025-12-09 23:59:57,2025-12-10 00:31:27,31.5,,공통,raw,
b170_heavy_work_r1,SPT,Large (141-200),170,heavy_work,289.8666666666667,54,20251209,133,BLK_133P,8,베이36B 론지취부,6,2025-12-10 00:31:27,2025-12-10 01:29:39,58.2,36B,베이36B,raw,
b170_heavy_work_r1,SPT,Large (141-200),170,heavy_work,289.8666666666667,54,20251209,133,BLK_133P,8,베이36B 론지용접,7,2025-12-10 01:29:39,2025-12-10 01:53:10,23.5,36B,베이36B,raw,
b170_heavy_work_r1,SPT,Large (141-200),170,heavy_work,289.8666666666667,54,20251209,133,BLK_133P,8,베이36B 수정,8,2025-12-10 01:53:10,2025-12-10 02:28:12,35.0,36B,베이36B,raw,
b170_heavy_work_r1,SPT,Large (141-200),170,heavy_work,289.8666666666667,54,20251209,101,BLK_101C,9,판계,1,2025-12-09 12:46:48,2025-12-09 13:16:48,30.0,,공통,raw,
b170_heavy_work_r1,SPT,Large (141-200),170,heavy_work,289.8666666666667,54,20251209,101,BLK_101C,9,전면SAW,2,2025-12-09 20:57:54,2025-12-09 21:47:02,49.1,,공통,raw,
b170_heavy_work_r1,SPT,Large (141-200),170,heavy_work,289.8666666666667,54,20251209,101,BLK_101C,9,TurnOver,3,2025-12-09 21:47:02,2025-12-09 22:01:26,14.4,,공통,raw,
b170_heavy_work_r1,SPT,Large (141-200),170,heavy_work,289.8666666666667,54,20251209,101,BLK_101C,9,후면SAW,4,2025-12-09 22:27:28,2025-12-09 23:06:47,39.3,,공통,raw,
b170_heavy_work_r1,SPT,Large (141-200),170,heavy_work,289.8666666666667,54,20251209,101,BLK_101C,9,NC,5,2025-12-10 00:31:27,2025-12-10 01:13:53,42.4,,공통,raw,
b170_heavy_work_r1,SPT,Large (141-200),170,heavy_work,289.8666666666667,54,20251209,101,BLK_101C,9,베이35A 론지취부,6,2025-12-10 01:13:53,2025-12-10 02:07:53,54.0,35A,베이35A,raw,
b170_heavy_work_r1,SPT,Large (141-200),170,heavy_work,289.8666666666667,54,20251209,101,BLK_101C,9,베이35A 론지용접,7,2025-12-10 02:07:53,2025-12-10 02:30:41,22.8,35A,베이35A,raw,
b170_heavy_work_r1,SPT,Large (141-200),170,heavy_work,289.8666666666667,54,20251209,101,BLK_101C,9,베이35A 수정,8,2025-12-10 02:30:41,2025-12-10 03:03:05,32.4,35A,베이35A,raw,
b170_heavy_work_r1,SPT,Large (141-200),170,heavy_work,289.8666666666667,54,20251209,69,BLK_69C,10,판계,1,2025-12-09 13:16:48,2025-12-09 13:40:48,24.0,,공통,raw,
b170_heavy_work_r1,SPT,Large (141-200),170,heavy_work,289.8666666666667,54,20251209,69,BLK_69C,10,전면SAW,2,2025-12-09 21:47:02,2025-12-09 22:47:57,60.9,,공통,raw,
b170_heavy_work_r1,SPT,Large (141-200),170,heavy_work,289.8666666666667,54,20251209,69,BLK_69C,10,TurnOver,3,2025-12-09 22:47:57,2025-12-09 23:02:21,14.4,,공통,raw,
b170_heavy_work_r1,SPT,Large (141-200),170,heavy_work,289.8666666666667,54,20251209,69,BLK_69C,10,후면SAW,4,2025-12-09 23:06:47,2025-12-10 00:01:36,54.8,,공통,raw,
b170_heavy_work_r1,SPT,Large (141-200),170,heavy_work,289.8666666666667,54,20251209,69,BLK_69C,10,NC,5,2025-12-10 01:13:53,2025-12-10 01:49:16,35.4,,공통,raw,
b170_heavy_work_r1,SPT,Large (141-200),170,heavy_work,289.8666666666667,54,20251209,69,BLK_69C,10,베이36B 론지취부,6,2025-12-10 01:49:16,2025-12-10 02:38:52,49.6,36B,베이36B,raw,
b170_heavy_work_r1,SPT,Large (141-200),170,heavy_work,289.8666666666667,54,20251209,69,BLK_69C,10,베이36B 론지용접,7,2025-12-10 02:38:52,2025-12-10 03:05:25,26.6,36B,베이36B,raw,
b170_heavy_work_r1,SPT,Large (141-200),170,heavy_work,289.8666666666667,54,20251209,69,BLK_69C,10,베이36B 수정,8,2025-12-10 03:05:25,2025-12-10 03:27:15,21.8,36B,베이36B,raw,
b170_heavy_work_r1,SPT,Large (141-200),170,heavy_work,289.8666666666667,54,20251209,112,BLK_112P,11,판계,1,2025-12-09 13:40:48,2025-12-09 14:04:48,24.0,,공통,raw,
b170_heavy_work_r1,SPT,Large (141-200),170,heavy_work,289.8666666666667,54,20251209,112,BLK_112P,11,전면SAW,2,2025-12-09 22:47:57,2025-12-09 23:39:34,51.6,,공통,raw,
b170_heavy_work_r1,SPT,Large (141-200),170,heavy_work,289.8666666666667,54,20251209,112,BLK_112P,11,TurnOver,3,2025-12-09 23:39:34,2025-12-09 23:53:58,14.4,,공통,raw,
b170_heavy_work_r1,SPT,Large (141-200),170,heavy_work,289.8666666666667,54,20251209,112,BLK_112P,11,후면SAW,4,2025-12-10 00:01:36,2025-12-10 00:44:11,42.6,,공통,raw,
b170_heavy_work_r1,SPT,Large (141-200),170,heavy_work,289.8666666666667,54,20251209,112,BLK_112P,11,NC,5,2025-12-10 01:49:16,2025-12-10 02:21:27,32.2,,공통,raw,
b170_heavy_work_r1,SPT,Large (141-200),170,heavy_work,289.8666666666667,54,20251209,112,BLK_112P,11,베이35A 론지취부,6,2025-12-10 02:21:27,2025-12-10 03:23:51,62.4,35A,베이35A,raw,
b170_heavy_work_r1,SPT,Large (141-200),170,heavy_work,289.8666666666667,54,20251209,112,BLK_112P,11,베이35A 론지용접,7,2025-12-10 03:23:51,2025-12-10 03:48:05,24.2,35A,베이35A,raw,
b170_heavy_work_r1,SPT,Large (141-200),170,heavy_work,289.8666666666667,54,20251209,112,BLK_112P,11,베이35A 수정,8,2025-12-10 03:48:05,2025-12-10 04:25:46,37.7,35A,베이35A,raw,
b170_heavy_work_r1,SPT,Large (141-200),170,heavy_work,289.8666666666667,54,20251209,122,BLK_122S,12,판계,1,2025-12-09 14:04:48,2025-12-09 14:40:48,36.0,,공통,raw,
b170_heavy_work_r1,SPT,Large (141-200),170,heavy_work,289.8666666666667,54,20251209,122,BLK_122S,12,전면SAW,2,2025-12-09 23:39:34,2025-12-10 00:15:59,36.4,,공통,raw,
b170_heavy_work_r1,SPT,Large (141-200),170,heavy_work,289.8666666666667,54,20251209,122,BLK_122S,12,TurnOver,3,2025-12-10 00:15:59,2025-12-10 00:30:23,14.4,,공통,raw,
b170_heavy_work_r1,SPT,Large (141-200),170,heavy_work,289.8666666666667,54,20251209,122,BLK_122S,12,후면SAW,4,2025-12-10 00:44:11,2025-12-10 01:06:45,22.6,,공통,raw,
b170_heavy_work_r1,SPT,Large (141-200),170,heavy_work,289.8666666666667,54,20251209,122,BLK_122S,12,NC,5,2025-12-10 02:21:27,2025-12-10 03:11:18,49.9,,공통,raw,
b170_heavy_work_r1,SPT,Large (141-200),170,heavy_work,289.8666666666667,54,20251209,122,BLK_122S,12,베이36B 론지취부,6,2025-12-10 03:11:18,2025-12-10 04:17:54,66.6,36B,베이36B,raw,
b170_heavy_work_r1,SPT,Large (141-200),170,heavy_work,289.8666666666667,54,20251209,122,BLK_122S,12,베이36B 론지용접,7,2025-12-10 04:17:54,2025-12-10 04:42:52,25.0,36B,베이36B,raw,
b170_heavy_work_r1,SPT,Large (141-200),170,heavy_work,289.8666666666667,54,20251209,122,BLK_122S,12,베이36B 수정,8,2025-12-10 04:42:52,2025-12-10 05:23:11,40.3,36B,베이36B,raw,
b170_heavy_work_r1,SPT,Large (141-200),170,heavy_work,289.8666666666667,54,20251209,109,BLK_109S,13,판계,1,2025-12-09 14:40:48,2025-12-09 15:10:48,30.0,,공통,raw,
b170_heavy_work_r1,SPT,Large (141-200),170,heavy_work,289.8666666666667,54,20251209,109,BLK_109S,13,전면SAW,2,2025-12-10 00:15:59,2025-12-10 01:04:41,48.7,,공통,raw,
b170_heavy_work_r1,SPT,Large (141-200),170,heavy_work,289.8666666666667,54,20251209,109,BLK_109S,13,TurnOver,3,2025-12-10 01:04:41,2025-12-10 01:19:05,14.4,,공통,raw,
b170_heavy_work_r1,SPT,Large (141-200),170,heavy_work,289.8666666666667,54,20251209,109,BLK_109S,13,후면SAW,4,2025-12-10 01:19:05,2025-12-10 01:57:48,38.7,,공통,raw,
b170_heavy_work_r1,SPT,Large (141-200),170,heavy_work,289.8666666666667,54,20251209,109,BLK_109S,13,NC,5,2025-12-10 03:11:18,2025-12-10 03:50:32,39.2,,공통,raw,
b170_heavy_work_r1,SPT,Large (141-200),170,heavy_work,289.8666666666667,54,20251209,109,BLK_109S,13,베이35A 론지취부,6,2025-12-10 03:50:32,2025-12-10 04:52:56,62.4,35A,베이35A,raw,
b170_heavy_work_r1,SPT,Large (141-200),170,heavy_work,289.8666666666667,54,20251209,109,BLK_109S,13,베이35A 론지용접,7,2025-12-10 04:52:56,2025-12-10 05:17:11,24.2,35A,베이35A,raw,
b170_heavy_work_r1,SPT,Large (141-200),170,heavy_work,289.8666666666667,54,20251209,109,BLK_109S,13,베이35A 수정,8,2025-12-10 05:17:11,2025-12-10 05:54:51,37.7,35A,베이35A,raw,
b170_heavy_work_r1,SPT,Large (141-200),170,heavy_work,289.8666666666667,54,20251209,153,BLK_153S,14,판계,1,2025-12-09 15:10:48,2025-12-09 15:40:48,30.0,,공통,raw,
b170_heavy_work_r1,SPT,Large (141-200),170,heavy_work,289.8666666666667,54,20251209,153,BLK_153S,14,전면SAW,2,2025-12-10 01:04:41,2025-12-10 01:43:24,38.7,,공통,raw,
b170_heavy_work_r1,SPT,Large (141-200),170,heavy_work,289.8666666666667,54,20251209,153,BLK_153S,14,TurnOver,3,2025-12-10 01:43:24,2025-12-10 01:57:48,14.4,,공통,raw,
b170_heavy_work_r1,SPT,Large (141-200),170,heavy_work,289.8666666666667,54,20251209,153,BLK_153S,14,후면SAW,4,2025-12-10 01:57:48,2025-12-10 02:23:25,25.6,,공통,raw,
b170_heavy_work_r1,SPT,Large (141-200),170,heavy_work,289.8666666666667,54,20251209,153,BLK_153S,14,NC,5,2025-12-10 03:50:32,2025-12-10 04:31:22,40.8,,공통,raw,
b170_heavy_work_r1,SPT,Large (141-200),170,heavy_work,289.8666666666667,54,20251209,153,BLK_153S,14,베이36B 론지취부,6,2025-12-10 04:31:22,2025-12-10 05:46:22,75.0,36B,베이36B,raw,
b170_heavy_work_r1,SPT,Large (141-200),170,heavy_work,289.8666666666667,54,20251209,153,BLK_153S,14,베이36B 론지용접,7,2025-12-10 05:46:22,2025-12-10 06:12:46,26.4,36B,베이36B,raw,
b170_heavy_work_r1,SPT,Large (141-200),170,heavy_work,289.8666666666667,54,20251209,153,BLK_153S,14,베이36B 수정,8,2025-12-10 06:12:46,2025-12-10 06:58:22,45.6,36B,베이36B,raw,
b170_heavy_work_r1,SPT,Large (141-200),170,heavy_work,289.8666666666667,54,20251209,149,BLK_149P,15,판계,1,2025-12-09 15:40:48,2025-12-09 16:16:48,36.0,,공통,raw,
b170_heavy_work_r1,SPT,Large (141-200),170,heavy_work,289.8666666666667,54,20251209,149,BLK_149P,15,전면SAW,2,2025-12-10 01:43:24,2025-12-10 02:16:20,32.9,,공통,raw,
b170_heavy_work_r1,SPT,Large (141-200),170,heavy_work,289.8666666666667,54,20251209,149,BLK_149P,15,TurnOver,3,2025-12-10 02:16:20,2025-12-10 02:30:44,14.4,,공통,raw,
b170_heavy_work_r1,SPT,Large (141-200),170,heavy_work,289.8666666666667,54,20251209,149,BLK_149P,15,후면SAW,4,2025-12-10 02:30:44,2025-12-10 02:48:43,18.0,,공통,raw,
b170_heavy_work_r1,SPT,Large (141-200),170,heavy_work,289.8666666666667,54,20251209,149,BLK_149P,15,NC,5,2025-12-10 04:31:22,2025-12-10 05:22:33,51.2,,공통,raw,
b170_heavy_work_r1,SPT,Large (141-200),170,heavy_work,289.8666666666667,54,20251209,149,BLK_149P,15,베이35A 론지취부,6,2025-12-10 05:22:33,2025-12-10 06:37:33,75.0,35A,베이35A,raw,
b170_heavy_work_r1,SPT,Large (141-200),170,heavy_work,289.8666666666667,54,20251209,149,BLK_149P,15,베이35A 론지용접,7,2025-12-10 06:37:33,2025-12-10 07:03:57,26.4,35A,베이35A,raw,
b170_heavy_work_r1,SPT,Large (141-200),170,heavy_work,289.8666666666667,54,20251209,149,BLK_149P,15,베이35A 수정,8,2025-12-10 07:03:57,2025-12-10 07:49:33,45.6,35A,베이35A,raw,
b170_heavy_work_r1,SPT,Large (141-200),170,heavy_work,289.8666666666667,54,20251209,52,BLK_52P,16,판계,1,2025-12-09 16:16:48,2025-12-09 16:31:12,14.4,,공통,raw,
b170_heavy_work_r1,SPT,Large (141-200),170,heavy_work,289.8666666666667,54,20251209,52,BLK_52P,16,전면SAW,2,2025-12-10 02:16:20,2025-12-10 03:28:14,71.9,,공통,raw,
b170_heavy_work_r1,SPT,Large (141-200),170,heavy_work,289.8666666666667,54,20251209,52,BLK_52P,16,TurnOver,3,2025-12-10 03:28:14,2025-12-10 03:42:38,14.4,,공통,raw,
b170_heavy_work_r1,SPT,Large (141-200),170,heavy_work,289.8666666666667,54,20251209,52,BLK_52P,16,후면SAW,4,2025-12-10 03:42:38,2025-12-10 04:51:54,69.3,,공통,raw,
b170_heavy_work_r1,SPT,Large (141-200),170,heavy_work,289.8666666666667,54,20251209,52,BLK_52P,16,NC,5,2025-12-10 05:22:33,2025-12-10 05:48:51,26.3,,공통,raw,
b170_heavy_work_r1,SPT,Large (141-200),170,heavy_work,289.8666666666667,54,20251209,52,BLK_52P,16,베이36B 론지취부,6,2025-12-10 05:48:51,2025-12-10 06:42:51,54.0,36B,베이36B,raw,
b170_heavy_work_r1,SPT,Large (141-200),170,heavy_work,289.8666666666667,54,20251209,52,BLK_52P,16,베이36B 론지용접,7,2025-12-10 06:42:51,2025-12-10 07:00:51,18.0,36B,베이36B,raw,
b170_heavy_work_r1,SPT,Large (141-200),170,heavy_work,289.8666666666667,54,20251209,52,BLK_52P,16,베이36B 수정,8,2025-12-10 07:00:51,2025-12-10 07:33:15,32.4,36B,베이36B,raw,
b170_heavy_work_r1,SPT,Large (141-200),170,heavy_work,289.8666666666667,54,20251209,138,BLK_138S,17,판계,1,2025-12-09 16:31:12,2025-12-09 16:55:12,24.0,,공통,raw,
b170_heavy_work_r1,SPT,Large (141-200),170,heavy_work,289.8666666666667,54,20251209,138,BLK_138S,17,전면SAW,2,2025-12-10 03:28:14,2025-12-10 04:07:57,39.7,,공통,raw,
b170_heavy_work_r1,SPT,Large (141-200),170,heavy_work,289.8666666666667,54,20251209,138,BLK_138S,17,TurnOver,3,2025-12-10 04:07:57,2025-12-10 04:22:21,14.4,,공통,raw,
b170_heavy_work_r1,SPT,Large (141-200),170,heavy_work,289.8666666666667,54,20251209,138,BLK_138S,17,후면SAW,4,2025-12-10 04:51:54,2025-12-10 05:18:48,26.9,,공통,raw,
b170_heavy_work_r1,SPT,Large (141-200),170,heavy_work,289.8666666666667,54,20251209,138,BLK_138S,17,NC,5,2025-12-10 05:48:51,2025-12-10 06:24:50,36.0,,공통,raw,
b170_heavy_work_r1,SPT,Large (141-200),170,heavy_work,289.8666666666667,54,20251209,138,BLK_138S,17,베이35A 론지취부,6,2025-12-10 06:37:33,2025-12-10 08:00:57,83.4,35A,베이35A,raw,
b170_heavy_work_r1,SPT,Large (141-200),170,heavy_work,289.8666666666667,54,20251209,138,BLK_138S,17,베이35A 론지용접,7,2025-12-10 08:00:57,2025-12-10 08:28:48,27.8,35A,베이35A,raw,
b170_heavy_work_r1,SPT,Large (141-200),170,heavy_work,289.8666666666667,54,20251209,138,BLK_138S,17,베이35A 수정,8,2025-12-10 08:28:48,2025-12-10 09:19:40,50.9,35A,베이35A,raw,
b170_heavy_work_r1,SPT,Large (141-200),170,heavy_work,289.8666666666667,54,20251209,44,BLK_44S,18,판계,1,2025-12-09 16:55:12,2025-12-09 17:31:12,36.0,,공통,raw,
b170_heavy_work_r1,SPT,Large (141-200),170,heavy_work,289.8666666666667,54,20251209,44,BLK_44S,18,전면SAW,2,2025-12-10 04:07:57,2025-12-10 04:44:57,37.0,,공통,raw,
b170_heavy_work_r1,SPT,Large (141-200),170,heavy_work,289.8666666666667,54,20251209,44,BLK_44S,18,TurnOver,3,2025-12-10 04:44:57,2025-12-10 04:59:21,14.4,,공통,raw,
b170_heavy_work_r1,SPT,Large (141-200),170,heavy_work,289.8666666666667,54,20251209,44,BLK_44S,18,후면SAW,4,2025-12-10 05:18:48,2025-12-10 05:42:07,23.3,,공통,raw,
b170_heavy_work_r1,SPT,Large (141-200),170,heavy_work,289.8666666666667,54,20251209,44,BLK_44S,18,NC,5,2025-12-10 06:24:50,2025-12-10 07:15:01,50.2,,공통,raw,
b170_heavy_work_r1,SPT,Large (141-200),170,heavy_work,289.8666666666667,54,20251209,44,BLK_44S,18,베이36B 론지취부,6,2025-12-10 07:15:01,2025-12-10 08:34:13,79.2,36B,베이36B,raw,
b170_heavy_work_r1,SPT,Large (141-200),170,heavy_work,289.8666666666667,54,20251209,44,BLK_44S,18,베이36B 론지용접,7,2025-12-10 08:34:13,2025-12-10 09:01:20,27.1,36B,베이36B,raw,
b170_heavy_work_r1,SPT,Large (141-200),170,heavy_work,289.8666666666667,54,20251209,44,BLK_44S,18,베이36B 수정,8,2025-12-10 09:01:20,2025-12-10 09:49:35,48.2,36B,베이36B,raw,
b170_heavy_work_r1,SPT,Large (141-200),170,heavy_work,289.8666666666667,54,20251209,139,BLK_139S,19,판계,1,2025-12-09 17:31:12,2025-12-09 17:55:12,24.0,,공통,raw,
b170_heavy_work_r1,SPT,Large (141-200),170,heavy_work,289.8666666666667,54,20251209,139,BLK_139S,19,전면SAW,2,2025-12-10 04:44:57,2025-12-10 05:31:34,46.6,,공통,raw,
b170_heavy_work_r1,SPT,Large (141-200),170,heavy_work,289.8666666666667,54,20251209,139,BLK_139S,19,TurnOver,3,2025-12-10 05:31:34,2025-12-10 05:45:58,14.4,,공통,raw,
b170_heavy_work_r1,SPT,Large (141-200),170,heavy_work,289.8666666666667,54,20251209,139,BLK_139S,19,후면SAW,4,2025-12-10 05:45:58,2025-12-10 06:21:58,36.0,,공통,raw,
b170_heavy_work_r1,SPT,Large (141-200),170,heavy_work,289.8666666666667,54,20251209,139,BLK_139S,19,NC,5,2025-12-10 07:15:01,2025-12-10 07:52:10,37.2,,공통,raw,
b170_heavy_work_r1,SPT,Large (141-200),170,heavy_work,289.8666666666667,54,20251209,139,BLK_139S,19,베이35A 론지취부,6,2025-12-10 08:00:57,2025-12-10 09:24:21,83.4,35A,베이35A,raw,
b170_heavy_work_r1,SPT,Large (141-200),170,heavy_work,289.8666666666667,54,20251209,139,BLK_139S,19,베이35A 론지용접,7,2025-12-10 09:24:21,2025-12-10 09:52:12,27.8,35A,베이35A,raw,
b170_heavy_work_r1,SPT,Large (141-200),170,heavy_work,289.8666666666667,54,20251209,139,BLK_139S,19,베이35A 수정,8,2025-12-10 09:52:12,2025-12-10 10:43:04,50.9,35A,베이35A,raw,
b170_heavy_work_r1,SPT,Large (141-200),170,heavy_work,289.8666666666667,54,20251209,143,BLK_143P,20,판계,1,2025-12-09 17:55:12,2025-12-09 18:25:12,30.0,,공통,raw,
b170_heavy_work_r1,SPT,Large (141-200),170,heavy_work,289.8666666666667,54,20251209,143,BLK_143P,20,전면SAW,2,2025-12-10 05:31:34,2025-12-10 06:20:03,48.5,,공통,raw,
b170_heavy_work_r1,SPT,Large (141-200),170,heavy_work,289.8666666666667,54,20251209,143,BLK_143P,20,TurnOver,3,2025-12-10 06:20:03,2025-12-10 06:34:27,14.4,,공통,raw,
b170_heavy_work_r1,SPT,Large (141-200),170,heavy_work,289.8666666666667,54,20251209,143,BLK_143P,20,후면SAW,4,2025-12-10 06:34:27,2025-12-10 07:12:55,38.5,,공통,raw,
b170_heavy_work_r1,SPT,Large (141-200),170,heavy_work,289.8666666666667,54,20251209,143,BLK_143P,20,NC,5,2025-12-10 07:52:10,2025-12-10 08:34:05,41.9,,공통,raw,
b170_heavy_work_r1,SPT,Large (141-200),170,heavy_work,289.8666666666667,54,20251209,143,BLK_143P,20,베이36B 론지취부,6,2025-12-10 08:34:13,2025-12-10 09:53:25,79.2,36B,베이36B,raw,
b170_heavy_work_r1,SPT,Large (141-200),170,heavy_work,289.8666666666667,54,20251209,143,BLK_143P,20,베이36B 론지용접,7,2025-12-10 09:53:25,2025-12-10 10:20:32,27.1,36B,베이36B,raw,
b170_heavy_work_r1,SPT,Large (141-200),170,heavy_work,289.8666666666667,54,20251209,143,BLK_143P,20,베이36B 수정,8,2025-12-10 10:20:32,2025-12-10 11:08:47,48.2,36B,베이36B,raw,
b170_heavy_work_r1,SPT,Large (141-200),170,heavy_work,289.8666666666667,54,20251210,89,BLK_89C,1,판계,1,2025-12-10 08:00:00,2025-12-10 08:30:00,30.0,,공통,raw,
b170_heavy_work_r1,SPT,Large (141-200),170,heavy_work,289.8666666666667,54,20251210,89,BLK_89C,1,전면SAW,2,2025-12-10 08:30:00,2025-12-10 09:08:36,38.6,,공통,raw,
b170_heavy_work_r1,SPT,Large (141-200),170,heavy_work,289.8666666666667,54,20251210,89,BLK_89C,1,TurnOver,3,2025-12-10 09:08:36,2025-12-10 09:23:00,14.4,,공통,raw,
b170_heavy_work_r1,SPT,Large (141-200),170,heavy_work,289.8666666666667,54,20251210,89,BLK_89C,1,후면SAW,4,2025-12-10 09:23:00,2025-12-10 09:48:28,25.5,,공통,raw,
b170_heavy_work_r1,SPT,Large (141-200),170,heavy_work,289.8666666666667,54,20251210,89,BLK_89C,1,NC,5,2025-12-10 09:48:28,2025-12-10 10:33:44,45.3,,공통,raw,
b170_heavy_work_r1,SPT,Large (141-200),170,heavy_work,289.8666666666667,54,20251210,89,BLK_89C,1,베이35A 론지취부,6,2025-12-10 10:33:44,2025-12-10 12:05:32,91.8,35A,베이35A,raw,
b170_heavy_work_r1,SPT,Large (141-200),170,heavy_work,289.8666666666667,54,20251210,89,BLK_89C,1,베이35A 론지용접,7,2025-12-10 12:05:32,2025-12-10 12:34:49,29.3,35A,베이35A,raw,
b170_heavy_work_r1,SPT,Large (141-200),170,heavy_work,289.8666666666667,54,20251210,89,BLK_89C,1,베이35A 수정,8,2025-12-10 12:34:49,2025-12-10 13:30:59,56.2,35A,베이35A,raw,
b170_heavy_work_r1,SPT,Large (141-200),170,heavy_work,289.8666666666667,54,20251210,155,BLK_155S,2,판계,1,2025-12-10 08:30:00,2025-12-10 09:06:00,36.0,,공통,raw,
b170_heavy_work_r1,SPT,Large (141-200),170,heavy_work,289.8666666666667,54,20251210,155,BLK_155S,2,전면SAW,2,2025-12-10 09:08:36,2025-12-10 09:47:26,38.8,,공통,raw,
b170_heavy_work_r1,SPT,Large (141-200),170,heavy_work,289.8666666666667,54,20251210,155,BLK_155S,2,TurnOver,3,2025-12-10 09:47:26,2025-12-10 10:01:50,14.4,,공통,raw,
b170_heavy_work_r1,SPT,Large (141-200),170,heavy_work,289.8666666666667,54,20251210,155,BLK_155S,2,후면SAW,4,2025-12-10 10:01:50,2025-12-10 10:27:36,25.8,,공통,raw,
b170_heavy_work_r1,SPT,Large (141-200),170,heavy_work,289.8666666666667,54,20251210,155,BLK_155S,2,NC,5,2025-12-10 10:33:44,2025-12-10 11:23:34,49.8,,공통,raw,
b170_heavy_work_r1,SPT,Large (141-200),170,heavy_work,289.8666666666667,54,20251210,155,BLK_155S,2,베이36B 론지취부,6,2025-12-10 11:23:34,2025-12-10 12:51:10,87.6,36B,베이36B,raw,
b170_heavy_work_r1,SPT,Large (141-200),170,heavy_work,289.8666666666667,54,20251210,155,BLK_155S,2,베이36B 론지용접,7,2025-12-10 12:51:10,2025-12-10 13:19:43,28.6,36B,베이36B,raw,
b170_heavy_work_r1,SPT,Large (141-200),170,heavy_work,289.8666666666667,54,20251210,155,BLK_155S,2,베이36B 수정,8,2025-12-10 13:19:43,2025-12-10 14:13:14,53.5,36B,베이36B,raw,
b170_heavy_work_r1,SPT,Large (141-200),170,heavy_work,289.8666666666667,54,20251210,131,BLK_131S,3,판계,1,2025-12-10 09:06:00,2025-12-10 09:30:00,24.0,,공통,raw,
b170_heavy_work_r1,SPT,Large (141-200),170,heavy_work,289.8666666666667,54,20251210,131,BLK_131S,3,전면SAW,2,2025-12-10 09:47:26,2025-12-10 11:37:04,109.6,,공통,raw,
b170_heavy_work_r1,SPT,Large (141-200),170,heavy_work,289.8666666666667,54,20251210,131,BLK_131S,3,TurnOver,3,2025-12-10 11:37:04,2025-12-10 11:51:28,14.4,,공통,raw,
b170_heavy_work_r1,SPT,Large (141-200),170,heavy_work,289.8666666666667,54,20251210,131,BLK_131S,3,후면SAW,4,2025-12-10 11:51:28,2025-12-10 13:16:45,85.3,,공통,raw,
b170_heavy_work_r1,SPT,Large (141-200),170,heavy_work,289.8666666666667,54,20251210,131,BLK_131S,3,NC,5,2025-12-10 13:16:45,2025-12-10 13:47:42,31.0,,공통,raw,
b170_heavy_work_r1,SPT,Large (141-200),170,heavy_work,289.8666666666667,54,20251210,131,BLK_131S,3,베이35A 론지취부,6,2025-12-10 13:47:42,2025-12-10 14:24:54,37.2,35A,베이35A,raw,
b170_heavy_work_r1,SPT,Large (141-200),170,heavy_work,289.8666666666667,54,20251210,131,BLK_131S,3,베이35A 론지용접,7,2025-12-10 14:24:54,2025-12-10 14:40:01,15.1,35A,베이35A,raw,
b170_heavy_work_r1,SPT,Large (141-200),170,heavy_work,289.8666666666667,54,20251210,131,BLK_131S,3,베이35A 수정,8,2025-12-10 14:40:01,2025-12-10 15:01:52,21.8,35A,베이35A,raw,
b170_heavy_work_r1,SPT,Large (141-200),170,heavy_work,289.8666666666667,54,20251210,79,BLK_79C,4,판계,1,2025-12-10 09:30:00,2025-12-10 10:06:00,36.0,,공통,raw,
b170_heavy_work_r1,SPT,Large (141-200),170,heavy_work,289.8666666666667,54,20251210,79,BLK_79C,4,전면SAW,2,2025-12-10 11:37:04,2025-12-10 12:15:08,38.1,,공통,raw,
b170_heavy_work_r1,SPT,Large (141-200),170,heavy_work,289.8666666666667,54,20251210,79,BLK_79C,4,TurnOver,3,2025-12-10 12:15:08,2025-12-10 12:29:32,14.4,,공통,raw,
b170_heavy_work_r1,SPT,Large (141-200),170,heavy_work,289.8666666666667,54,20251210,79,BLK_79C,4,후면SAW,4,2025-12-10 13:16:45,2025-12-10 13:41:29,24.7,,공통,raw,
b170_heavy_work_r1,SPT,Large (141-200),170,heavy_work,289.8666666666667,54,20251210,79,BLK_79C,4,NC,5,2025-12-10 13:47:42,2025-12-10 14:38:24,50.7,,공통,raw,
b170_heavy_work_r1,SPT,Large (141-200),170,heavy_work,289.8666666666667,54,20251210,79,BLK_79C,4,베이36B 론지취부,6,2025-12-10 14:38:24,2025-12-10 16:14:24,96.0,36B,베이36B,raw,
b170_heavy_work_r1,SPT,Large (141-200),170,heavy_work,289.8666666666667,54,20251210,79,BLK_79C,4,베이36B 론지용접,7,2025-12-10 16:14:24,2025-12-10 16:44:24,30.0,36B,베이36B,raw,
b170_heavy_work_r1,SPT,Large (141-200),170,heavy_work,289.8666666666667,54,20251210,79,BLK_79C,4,베이36B 수정,8,2025-12-10 16:44:24,2025-12-10 17:43:12,58.8,36B,베이36B,raw,
b170_heavy_work_r1,SPT,Large (141-200),170,heavy_work,289.8666666666667,54,20251210,111,BLK_111P,5,판계,1,2025-12-10 10:06:00,2025-12-10 10:42:00,36.0,,공통,raw,
b170_heavy_work_r1,SPT,Large (141-200),170,heavy_work,289.8666666666667,54,20251210,111,BLK_111P,5,전면SAW,2,2025-12-10 12:15:08,2025-12-10 12:52:56,37.8,,공통,raw,
b170_heavy_work_r1,SPT,Large (141-200),170,heavy_work,289.8666666666667,54,20251210,111,BLK_111P,5,TurnOver,3,2025-12-10 12:52:56,2025-12-10 13:07:20,14.4,,공통,raw,
b170_heavy_work_r1,SPT,Large (141-200),170,heavy_work,289.8666666666667,54,20251210,111,BLK_111P,5,후면SAW,4,2025-12-10 13:41:29,2025-12-10 14:05:52,24.4,,공통,raw,
b170_heavy_work_r1,SPT,Large (141-200),170,heavy_work,289.8666666666667,54,20251210,111,BLK_111P,5,NC,5,2025-12-10 14:38:24,2025-12-10 15:30:54,52.5,,공통,raw,
b170_heavy_work_r1,SPT,Large (141-200),170,heavy_work,289.8666666666667,54,20251210,111,BLK_111P,5,베이35A 론지취부,6,2025-12-10 15:30:54,2025-12-10 17:06:54,96.0,35A,베이35A,raw,
b170_heavy_work_r1,SPT,Large (141-200),170,heavy_work,289.8666666666667,54,20251210,111,BLK_111P,5,베이35A 론지용접,7,2025-12-10 17:06:54,2025-12-10 17:36:54,30.0,35A,베이35A,raw,
b170_heavy_work_r1,SPT,Large (141-200),170,heavy_work,289.8666666666667,54,20251210,111,BLK_111P,5,베이35A 수정,8,2025-12-10 17:36:54,2025-12-10 18:35:42,58.8,35A,베이35A,raw,
b170_heavy_work_r1,SPT,Large (141-200),170,heavy_work,289.8666666666667,54,20251210,141,BLK_141P,6,판계,1,2025-12-10 10:42:00,2025-12-10 11:18:00,36.0,,공통,raw,
b170_heavy_work_r1,SPT,Large (141-200),170,heavy_work,289.8666666666667,54,20251210,141,BLK_141P,6,전면SAW,2,2025-12-10 12:52:56,2025-12-10 13:28:21,35.4,,공통,raw,
b170_heavy_work_r1,SPT,Large (141-200),170,heavy_work,289.8666666666667,54,20251210,141,BLK_141P,6,TurnOver,3,2025-12-10 13:28:21,2025-12-10 13:42:45,14.4,,공통,raw,
b170_heavy_work_r1,SPT,Large (141-200),170,heavy_work,289.8666666666667,54,20251210,141,BLK_141P,6,후면SAW,4,2025-12-10 14:05:52,2025-12-10 14:27:06,21.2,,공통,raw,
b170_heavy_work_r1,SPT,Large (141-200),170,heavy_work,289.8666666666667,54,20251210,141,BLK_141P,6,NC,5,2025-12-10 15:30:54,2025-12-10 16:29:23,58.5,,공통,raw,
b170_heavy_work_r1,SPT,Large (141-200),170,heavy_work,289.8666666666667,54,20251210,141,BLK_141P,6,베이36B 론지취부,6,2025-12-10 16:29:23,2025-12-10 18:17:59,108.6,36B,베이36B,raw,
b170_heavy_work_r1,SPT,Large (141-200),170,heavy_work,289.8666666666667,54,20251210,141,BLK_141P,6,베이36B 론지용접,7,2025-12-10 18:17:59,2025-12-10 18:50:08,32.2,36B,베이36B,raw,
b170_heavy_work_r1,SPT,Large (141-200),170,heavy_work,289.8666666666667,54,20251210,141,BLK_141P,6,베이36B 수정,8,2025-12-10 18:50:08,2025-12-10 19:56:52,66.7,36B,베이36B,raw,
b170_heavy_work_r1,SPT,Large (141-200),170,heavy_work,289.8666666666667,54,20251210,140,BLK_140P,7,판계,1,2025-12-10 11:18:00,2025-12-10 11:48:00,30.0,,공통,raw,
b170_heavy_work_r1,SPT,Large (141-200),170,heavy_work,289.8666666666667,54,20251210,140,BLK_140P,7,전면SAW,2,2025-12-10 13:28:21,2025-12-10 14:11:54,43.5,,공통,raw,
b170_heavy_work_r1,SPT,Large (141-200),170,heavy_work,289.8666666666667,54,20251210,140,BLK_140P,7,TurnOver,3,2025-12-10 14:11:54,2025-12-10 14:26:18,14.4,,공통,raw,
b170_heavy_work_r1,SPT,Large (141-200),170,heavy_work,289.8666666666667,54,20251210,140,BLK_140P,7,후면SAW,4,2025-12-10 14:27:06,2025-12-10 14:59:03,32.0,,공통,raw,
b170_heavy_work_r1,SPT,Large (141-200),170,heavy_work,289.8666666666667,54,20251210,140,BLK_140P,7,NC,5,2025-12-10 16:29:23,2025-12-10 17:15:53,46.5,,공통,raw,
b170_heavy_work_r1,SPT,Large (141-200),170,heavy_work,289.8666666666667,54,20251210,140,BLK_140P,7,베이35A 론지취부,6,2025-12-10 17:15:53,2025-12-10 19:04:29,108.6,35A,베이35A,raw,
b170_heavy_work_r1,SPT,Large (141-200),170,heavy_work,289.8666666666667,54,20251210,140,BLK_140P,7,베이35A 론지용접,7,2025-12-10 19:04:29,2025-12-10 19:36:38,32.2,35A,베이35A,raw,
b170_heavy_work_r1,SPT,Large (141-200),170,heavy_work,289.8666666666667,54,20251210,140,BLK_140P,7,베이35A 수정,8,2025-12-10 19:36:38,2025-12-10 20:43:22,66.7,35A,베이35A,raw,
b170_heavy_work_r1,SPT,Large (141-200),170,heavy_work,289.8666666666667,54,20251210,125,BLK_125C,8,판계,1,2025-12-10 11:48:00,2025-12-10 12:18:00,30.0,,공통,raw,
b170_heavy_work_r1,SPT,Large (141-200),170,heavy_work,289.8666666666667,54,20251210,125,BLK_125C,8,전면SAW,2,2025-12-10 14:11:54,2025-12-10 14:54:10,42.3,,공통,raw,
b170_heavy_work_r1,SPT,Large (141-200),170,heavy_work,289.8666666666667,54,20251210,125,BLK_125C,8,TurnOver,3,2025-12-10 14:54:10,2025-12-10 15:08:34,14.4,,공통,raw,
b170_heavy_work_r1,SPT,Large (141-200),170,heavy_work,289.8666666666667,54,20251210,125,BLK_125C,8,후면SAW,4,2025-12-10 15:08:34,2025-12-10 15:38:51,30.3,,공통,raw,
b170_heavy_work_r1,SPT,Large (141-200),170,heavy_work,289.8666666666667,54,20251210,125,BLK_125C,8,NC,5,2025-12-10 17:15:53,2025-12-10 18:01:58,46.1,,공통,raw,
b170_heavy_work_r1,SPT,Large (141-200),170,heavy_work,289.8666666666667,54,20251210,125,BLK_125C,8,베이36B 론지취부,6,2025-12-10 18:17:59,2025-12-10 20:10:47,112.8,36B,베이36B,raw,
b170_heavy_work_r1,SPT,Large (141-200),170,heavy_work,289.8666666666667,54,20251210,125,BLK_125C,8,베이36B 론지용접,7,2025-12-10 20:10:47,2025-12-10 20:43:40,32.9,36B,베이36B,raw,
b170_heavy_work_r1,SPT,Large (141-200),170,heavy_work,289.8666666666667,54,20251210,125,BLK_125C,8,베이36B 수정,8,2025-12-10 20:43:40,2025-12-10 21:53:01,69.4,36B,베이36B,raw,
b170_heavy_work_r1,SPT,Large (141-200),170,heavy_work,289.8666666666667,54,20251210,129,BLK_129S,9,판계,1,2025-12-10 12:18:00,2025-12-10 12:54:00,36.0,,공통,raw,
b170_heavy_work_r1,SPT,Large (141-200),170,heavy_work,289.8666666666667,54,20251210,129,BLK_129S,9,전면SAW,2,2025-12-10 14:54:10,2025-12-10 15:40:32,46.4,,공통,raw,
b170_heavy_work_r1,SPT,Large (141-200),170,heavy_work,289.8666666666667,54,20251210,129,BLK_129S,9,TurnOver,3,2025-12-10 15:40:32,2025-12-10 15:54:56,14.4,,공통,raw,
b170_heavy_work_r1,SPT,Large (141-200),170,heavy_work,289.8666666666667,54,20251210,129,BLK_129S,9,후면SAW,4,2025-12-10 15:54:56,2025-12-10 16:30:36,35.7,,공통,raw,
b170_heavy_work_r1,SPT,Large (141-200),170,heavy_work,289.8666666666667,54,20251210,129,BLK_129S,9,NC,5,2025-12-10 18:01:58,2025-12-10 18:58:48,56.8,,공통,raw,
b170_heavy_work_r1,SPT,Large (141-200),170,heavy_work,289.8666666666667,54,20251210,129,BLK_129S,9,베이35A 론지취부,6,2025-12-10 19:04:29,2025-12-10 20:40:29,96.0,35A,베이35A,raw,
b170_heavy_work_r1,SPT,Large (141-200),170,heavy_work,289.8666666666667,54,20251210,129,BLK_129S,9,베이35A 론지용접,7,2025-12-10 20:40:29,2025-12-10 21:10:29,30.0,35A,베이35A,raw,
b170_heavy_work_r1,SPT,Large (141-200),170,heavy_work,289.8666666666667,54,20251210,129,BLK_129S,9,베이35A 수정,8,2025-12-10 21:10:29,2025-12-10 22:09:17,58.8,35A,베이35A,raw,
b170_heavy_work_r1,SPT,Large (141-200),170,heavy_work,289.8666666666667,54,20251210,130,BLK_130P,10,판계,1,2025-12-10 12:54:00,2025-12-10 13:30:00,36.0,,공통,raw,
b170_heavy_work_r1,SPT,Large (141-200),170,heavy_work,289.8666666666667,54,20251210,130,BLK_130P,10,전면SAW,2,2025-12-10 15:40:32,2025-12-10 16:37:30,57.0,,공통,raw,
b170_heavy_work_r1,SPT,Large (141-200),170,heavy_work,289.8666666666667,54,20251210,130,BLK_130P,10,TurnOver,3,2025-12-10 16:37:30,2025-12-10 16:51:54,14.4,,공통,raw,
b170_heavy_work_r1,SPT,Large (141-200),170,heavy_work,289.8666666666667,54,20251210,130,BLK_130P,10,후면SAW,4,2025-12-10 16:51:54,2025-12-10 17:41:31,49.6,,공통,raw,
b170_heavy_work_r1,SPT,Large (141-200),170,heavy_work,289.8666666666667,54,20251210,130,BLK_130P,10,NC,5,2025-12-10 18:58:48,2025-12-10 19:52:30,53.7,,공통,raw,
b170_heavy_work_r1,SPT,Large (141-200),170,heavy_work,289.8666666666667,54,20251210,130,BLK_130P,10,베이36B 론지취부,6,2025-12-10 20:10:47,2025-12-10 21:46:47,96.0,36B,베이36B,raw,
b170_heavy_work_r1,SPT,Large (141-200),170,heavy_work,289.8666666666667,54,20251210,130,BLK_130P,10,베이36B 론지용접,7,2025-12-10 21:46:47,2025-12-10 22:16:47,30.0,36B,베이36B,raw,
b170_heavy_work_r1,SPT,Large (141-200),170,heavy_work,289.8666666666667,54,20251210,130,BLK_130P,10,베이36B 수정,8,2025-12-10 22:16:47,2025-12-10 23:15:35,58.8,36B,베이36B,raw,
b170_heavy_work_r1,SPT,Large (141-200),170,heavy_work,289.8666666666667,54,20251210,49,BLK_49P,11,판계,1,2025-12-10 13:30:00,2025-12-10 14:09:36,39.6,,공통,raw,
b170_heavy_work_r1,SPT,Large (141-200),170,heavy_work,289.8666666666667,54,20251210,49,BLK_49P,11,전면SAW,2,2025-12-10 16:37:30,2025-12-10 18:25:29,108.0,,공통,raw,
b170_heavy_work_r1,SPT,Large (141-200),170,heavy_work,289.8666666666667,54,20251210,49,BLK_49P,11,TurnOver,3,2025-12-10 18:25:29,2025-12-10 18:39:53,14.4,,공통,raw,
b170_heavy_work_r1,SPT,Large (141-200),170,heavy_work,289.8666666666667,54,20251210,49,BLK_49P,11,후면SAW,4,2025-12-10 18:39:53,2025-12-10 20:03:38,83.8,,공통,raw,
b170_heavy_work_r1,SPT,Large (141-200),170,heavy_work,289.8666666666667,54,20251210,49,BLK_49P,11,NC,5,2025-12-10 20:03:38,2025-12-10 20:50:59,47.3,,공통,raw,
b170_heavy_work_r1,SPT,Large (141-200),170,heavy_work,289.8666666666667,54,20251210,49,BLK_49P,11,베이35A 론지취부,6,2025-12-10 20:50:59,2025-12-10 21:44:59,54.0,35A,베이35A,raw,
b170_heavy_work_r1,SPT,Large (141-200),170,heavy_work,289.8666666666667,54,20251210,49,BLK_49P,11,베이35A 론지용접,7,2025-12-10 21:44:59,2025-12-10 22:07:47,22.8,35A,베이35A,raw,
b170_heavy_work_r1,SPT,Large (141-200),170,heavy_work,289.8666666666667,54,20251210,49,BLK_49P,11,베이35A 수정,8,2025-12-10 22:09:17,2025-12-10 22:41:41,32.4,35A,베이35A,raw,
b170_heavy_work_r1,SPT,Large (141-200),170,heavy_work,289.8666666666667,54,20251210,28,BLK_28S,12,판계,1,2025-12-10 14:09:36,2025-12-10 14:45:36,36.0,,공통,raw,
b170_heavy_work_r1,SPT,Large (141-200),170,heavy_work,289.8666666666667,54,20251210,28,BLK_28S,12,전면SAW,2,2025-12-10 18:25:29,2025-12-10 19:04:58,39.5,,공통,raw,
b170_heavy_work_r1,SPT,Large (141-200),170,heavy_work,289.8666666666667,54,20251210,28,BLK_28S,12,TurnOver,3,2025-12-10 19:04:58,2025-12-10 19:19:22,14.4,,공통,raw,
b170_heavy_work_r1,SPT,Large (141-200),170,heavy_work,289.8666666666667,54,20251210,28,BLK_28S,12,후면SAW,4,2025-12-10 20:03:38,2025-12-10 20:30:15,26.6,,공통,raw,
b170_heavy_work_r1,SPT,Large (141-200),170,heavy_work,289.8666666666667,54,20251210,28,BLK_28S,12,NC,5,2025-12-10 20:50:59,2025-12-10 21:40:48,49.8,,공통,raw,
b170_heavy_work_r1,SPT,Large (141-200),170,heavy_work,289.8666666666667,54,20251210,28,BLK_28S,12,베이36B 론지취부,6,2025-12-10 21:46:47,2025-12-10 23:14:23,87.6,36B,베이36B,raw,
b170_heavy_work_r1,SPT,Large (141-200),170,heavy_work,289.8666666666667,54,20251210,28,BLK_28S,12,베이36B 론지용접,7,2025-12-10 23:14:23,2025-12-10 23:42:56,28.6,36B,베이36B,raw,
b170_heavy_work_r1,SPT,Large (141-200),170,heavy_work,289.8666666666667,54,20251210,28,BLK_28S,12,베이36B 수정,8,2025-12-10 23:42:56,2025-12-11 00:36:28,53.5,36B,베이36B,raw,
b170_heavy_work_r1,SPT,Large (141-200),170,heavy_work,289.8666666666667,54,20251210,4,BLK_4C,13,판계,1,2025-12-10 14:45:36,2025-12-10 15:15:36,30.0,,공통,raw,
b170_heavy_work_r1,SPT,Large (141-200),170,heavy_work,289.8666666666667,54,20251210,4,BLK_4C,13,전면SAW,2,2025-12-10 19:04:58,2025-12-10 19:52:12,47.2,,공통,raw,
b170_heavy_work_r1,SPT,Large (141-200),170,heavy_work,289.8666666666667,54,20251210,4,BLK_4C,13,TurnOver,3,2025-12-10 19:52:12,2025-12-10 20:06:36,14.4,,공통,raw,
b170_heavy_work_r1,SPT,Large (141-200),170,heavy_work,289.8666666666667,54,20251210,4,BLK_4C,13,후면SAW,4,2025-12-10 20:30:15,2025-12-10 21:07:04,36.8,,공통,raw,
b170_heavy_work_r1,SPT,Large (141-200),170,heavy_work,289.8666666666667,54,20251210,4,BLK_4C,13,NC,5,2025-12-10 21:40:48,2025-12-10 22:22:36,41.8,,공통,raw,
b170_heavy_work_r1,SPT,Large (141-200),170,heavy_work,289.8666666666667,54,20251210,4,BLK_4C,13,베이35A 론지취부,6,2025-12-10 22:22:36,2025-12-10 23:50:12,87.6,35A,베이35A,raw,
b170_heavy_work_r1,SPT,Large (141-200),170,heavy_work,289.8666666666667,54,20251210,4,BLK_4C,13,베이35A 론지용접,7,2025-12-10 23:50:12,2025-12-11 00:18:46,28.6,35A,베이35A,raw,
b170_heavy_work_r1,SPT,Large (141-200),170,heavy_work,289.8666666666667,54,20251210,4,BLK_4C,13,베이35A 수정,8,2025-12-11 00:18:46,2025-12-11 01:12:17,53.5,35A,베이35A,raw,
b170_heavy_work_r1,SPT,Large (141-200),170,heavy_work,289.8666666666667,54,20251210,150,BLK_150C,14,판계,1,2025-12-10 15:15:36,2025-12-10 15:51:36,36.0,,공통,raw,
b170_heavy_work_r1,SPT,Large (141-200),170,heavy_work,289.8666666666667,54,20251210,150,BLK_150C,14,전면SAW,2,2025-12-10 19:52:12,2025-12-10 20:46:08,53.9,,공통,raw,
b170_heavy_work_r1,SPT,Large (141-200),170,heavy_work,289.8666666666667,54,20251210,150,BLK_150C,14,TurnOver,3,2025-12-10 20:46:08,2025-12-10 21:00:32,14.4,,공통,raw,
b170_heavy_work_r1,SPT,Large (141-200),170,heavy_work,289.8666666666667,54,20251210,150,BLK_150C,14,후면SAW,4,2025-12-10 21:07:04,2025-12-10 21:52:40,45.6,,공통,raw,
b170_heavy_work_r1,SPT,Large (141-200),170,heavy_work,289.8666666666667,54,20251210,150,BLK_150C,14,NC,5,2025-12-10 22:22:36,2025-12-10 23:22:00,59.4,,공통,raw,
b170_heavy_work_r1,SPT,Large (141-200),170,heavy_work,289.8666666666667,54,20251210,150,BLK_150C,14,베이36B 론지취부,6,2025-12-10 23:22:00,2025-12-11 01:10:36,108.6,36B,베이36B,raw,
b170_heavy_work_r1,SPT,Large (141-200),170,heavy_work,289.8666666666667,54,20251210,150,BLK_150C,14,베이36B 론지용접,7,2025-12-11 01:10:36,2025-12-11 01:42:46,32.2,36B,베이36B,raw,
b170_heavy_work_r1,SPT,Large (141-200),170,heavy_work,289.8666666666667,54,20251210,150,BLK_150C,14,베이36B 수정,8,2025-12-11 01:42:46,2025-12-11 02:49:29,66.7,36B,베이36B,raw,
b170_heavy_work_r1,SPT,Large (141-200),170,heavy_work,289.8666666666667,54,20251210,137,BLK_137C,15,판계,1,2025-12-10 15:51:36,2025-12-10 16:25:12,33.6,,공통,raw,
b170_heavy_work_r1,SPT,Large (141-200),170,heavy_work,289.8666666666667,54,20251210,137,BLK_137C,15,전면SAW,2,2025-12-10 20:46:08,2025-12-10 22:41:03,114.9,,공통,raw,
b170_heavy_work_r1,SPT,Large (141-200),170,heavy_work,289.8666666666667,54,20251210,137,BLK_137C,15,TurnOver,3,2025-12-10 22:41:03,2025-12-10 22:55:27,14.4,,공통,raw,
b170_heavy_work_r1,SPT,Large (141-200),170,heavy_work,289.8666666666667,54,20251210,137,BLK_137C,15,후면SAW,4,2025-12-10 22:55:27,2025-12-11 00:25:32,90.1,,공통,raw,
b170_heavy_work_r1,SPT,Large (141-200),170,heavy_work,289.8666666666667,54,20251210,137,BLK_137C,15,NC,5,2025-12-11 00:25:32,2025-12-11 01:05:34,40.0,,공통,raw,
b170_heavy_work_r1,SPT,Large (141-200),170,heavy_work,289.8666666666667,54,20251210,137,BLK_137C,15,베이35A 론지취부,6,2025-12-11 01:05:34,2025-12-11 02:07:58,62.4,35A,베이35A,raw,
b170_heavy_work_r1,SPT,Large (141-200),170,heavy_work,289.8666666666667,54,20251210,137,BLK_137C,15,베이35A 론지용접,7,2025-12-11 02:07:58,2025-12-11 02:32:12,24.2,35A,베이35A,raw,
b170_heavy_work_r1,SPT,Large (141-200),170,heavy_work,289.8666666666667,54,20251210,137,BLK_137C,15,베이35A 수정,8,2025-12-11 02:32:12,2025-12-11 03:09:53,37.7,35A,베이35A,raw,
b170_heavy_work_r1,SPT,Large (141-200),170,heavy_work,289.8666666666667,54,20251211,64,BLK_64C,1,판계,1,2025-12-11 08:00:00,2025-12-11 08:36:00,36.0,,공통,raw,
b170_heavy_work_r1,SPT,Large (141-200),170,heavy_work,289.8666666666667,54,20251211,64,BLK_64C,1,전면SAW,2,2025-12-11 08:36:00,2025-12-11 09:14:06,38.1,,공통,raw,
b170_heavy_work_r1,SPT,Large (141-200),170,heavy_work,289.8666666666667,54,20251211,64,BLK_64C,1,TurnOver,3,2025-12-11 09:14:06,2025-12-11 09:28:30,14.4,,공통,raw,
b170_heavy_work_r1,SPT,Large (141-200),170,heavy_work,289.8666666666667,54,20251211,64,BLK_64C,1,후면SAW,4,2025-12-11 09:28:30,2025-12-11 09:53:18,24.8,,공통,raw,
b170_heavy_work_r1,SPT,Large (141-200),170,heavy_work,289.8666666666667,54,20251211,64,BLK_64C,1,NC,5,2025-12-11 09:53:18,2025-12-11 10:42:48,49.5,,공통,raw,
b170_heavy_work_r1,SPT,Large (141-200),170,heavy_work,289.8666666666667,54,20251211,64,BLK_64C,1,베이36B 론지취부,6,2025-12-11 10:42:48,2025-12-11 12:14:36,91.8,36B,베이36B,raw,
b170_heavy_work_r1,SPT,Large (141-200),170,heavy_work,289.8666666666667,54,20251211,64,BLK_64C,1,베이36B 론지용접,7,2025-12-11 12:14:36,2025-12-11 12:43:53,29.3,36B,베이36B,raw,
b170_heavy_work_r1,SPT,Large (141-200),170,heavy_work,289.8666666666667,54,20251211,64,BLK_64C,1,베이36B 수정,8,2025-12-11 12:43:53,2025-12-11 13:40:02,56.2,36B,베이36B,raw,
b170_heavy_work_r1,SPT,Large (141-200),170,heavy_work,289.8666666666667,54,20251211,120,BLK_120P,2,판계,1,2025-12-11 08:36:00,2025-12-11 09:00:00,24.0,,공통,raw,
b170_heavy_work_r1,SPT,Large (141-200),170,heavy_work,289.8666666666667,54,20251211,120,BLK_120P,2,전면SAW,2,2025-12-11 09:14:06,2025-12-11 11:28:12,134.1,,공통,raw,
b170_heavy_work_r1,SPT,Large (141-200),170,heavy_work,289.8666666666667,54,20251211,120,BLK_120P,2,TurnOver,3,2025-12-11 11:28:12,2025-12-11 11:42:36,14.4,,공통,raw,
b170_heavy_work_r1,SPT,Large (141-200),170,heavy_work,289.8666666666667,54,20251211,120,BLK_120P,2,후면SAW,4,2025-12-11 11:42:36,2025-12-11 13:30:10,107.6,,공통,raw,
b170_heavy_work_r1,SPT,Large (141-200),170,heavy_work,289.8666666666667,54,20251211,120,BLK_120P,2,NC,5,2025-12-11 13:30:10,2025-12-11 14:01:17,31.1,,공통,raw,
b170_heavy_work_r1,SPT,Large (141-200),170,heavy_work,289.8666666666667,54,20251211,120,BLK_120P,2,베이35A 론지취부,6,2025-12-11 14:01:17,2025-12-11 15:03:41,62.4,35A,베이35A,raw,
b170_heavy_work_r1,SPT,Large (141-200),170,heavy_work,289.8666666666667,54,20251211,120,BLK_120P,2,베이35A 론지용접,7,2025-12-11 15:03:41,2025-12-11 15:27:56,24.2,35A,베이35A,raw,
b170_heavy_work_r1,SPT,Large (141-200),170,heavy_work,289.8666666666667,54,20251211,120,BLK_120P,2,베이35A 수정,8,2025-12-11 15:27:56,2025-12-11 16:05:36,37.7,35A,베이35A,raw,
b170_heavy_work_r1,SPT,Large (141-200),170,heavy_work,289.8666666666667,54,20251211,60,BLK_60P,3,판계,1,2025-12-11 09:00:00,2025-12-11 09:36:00,36.0,,공통,raw,
b170_heavy_work_r1,SPT,Large (141-200),170,heavy_work,289.8666666666667,54,20251211,60,BLK_60P,3,전면SAW,2,2025-12-11 11:28:12,2025-12-11 12:18:39,50.5,,공통,raw,
b170_heavy_work_r1,SPT,Large (141-200),170,heavy_work,289.8666666666667,54,20251211,60,BLK_60P,3,TurnOver,3,2025-12-11 12:18:39,2025-12-11 12:33:03,14.4,,공통,raw,
b170_heavy_work_r1,SPT,Large (141-200),170,heavy_work,289.8666666666667,54,20251211,60,BLK_60P,3,후면SAW,4,2025-12-11 13:30:10,2025-12-11 14:11:13,41.1,,공통,raw,
b170_heavy_work_r1,SPT,Large (141-200),170,heavy_work,289.8666666666667,54,20251211,60,BLK_60P,3,NC,5,2025-12-11 14:11:13,2025-12-11 15:02:03,50.8,,공통,raw,
b170_heavy_work_r1,SPT,Large (141-200),170,heavy_work,289.8666666666667,54,20251211,60,BLK_60P,3,베이36B 론지취부,6,2025-12-11 15:02:03,2025-12-11 16:21:15,79.2,36B,베이36B,raw,
b170_heavy_work_r1,SPT,Large (141-200),170,heavy_work,289.8666666666667,54,20251211,60,BLK_60P,3,베이36B 론지용접,7,2025-12-11 16:21:15,2025-12-11 16:48:22,27.1,36B,베이36B,raw,
b170_heavy_work_r1,SPT,Large (141-200),170,heavy_work,289.8666666666667,54,20251211,60,BLK_60P,3,베이36B 수정,8,2025-12-11 16:48:22,2025-12-11 17:36:36,48.2,36B,베이36B,raw,
b170_heavy_work_r1,SPT,Large (141-200),170,heavy_work,289.8666666666667,54,20251211,160,BLK_160P,4,판계,1,2025-12-11 09:36:00,2025-12-11 10:09:36,33.6,,공통,raw,
b170_heavy_work_r1,SPT,Large (141-200),170,heavy_work,289.8666666666667,54,20251211,160,BLK_160P,4,전면SAW,2,2025-12-11 12:18:39,2025-12-11 14:31:27,132.8,,공통,raw,
b170_heavy_work_r1,SPT,Large (141-200),170,heavy_work,289.8666666666667,54,20251211,160,BLK_160P,4,TurnOver,3,2025-12-11 14:31:27,2025-12-11 14:45:51,14.4,,공통,raw,
b170_heavy_work_r1,SPT,Large (141-200),170,heavy_work,289.8666666666667,54,20251211,160,BLK_160P,4,후면SAW,4,2025-12-11 14:45:51,2025-12-11 16:32:14,106.4,,공통,raw,
b170_heavy_work_r1,SPT,Large (141-200),170,heavy_work,289.8666666666667,54,20251211,160,BLK_160P,4,NC,5,2025-12-11 16:32:14,2025-12-11 17:11:57,39.7,,공통,raw,
b170_heavy_work_r1,SPT,Large (141-200),170,heavy_work,289.8666666666667,54,20251211,160,BLK_160P,4,베이35A 론지취부,6,2025-12-11 17:11:57,2025-12-11 18:14:21,62.4,35A,베이35A,raw,
b170_heavy_work_r1,SPT,Large (141-200),170,heavy_work,289.8666666666667,54,20251211,160,BLK_160P,4,베이35A 론지용접,7,2025-12-11 18:14:21,2025-12-11 18:38:36,24.2,35A,베이35A,raw,
b170_heavy_work_r1,SPT,Large (141-200),170,heavy_work,289.8666666666667,54,20251211,160,BLK_160P,4,베이35A 수정,8,2025-12-11 18:38:36,2025-12-11 19:16:17,37.7,35A,베이35A,raw,
b170_heavy_work_r1,SPT,Large (141-200),170,heavy_work,289.8666666666667,54,20251211,8,BLK_8P,5,판계,1,2025-12-11 10:09:36,2025-12-11 10:45:36,36.0,,공통,raw,
b170_heavy_work_r1,SPT,Large (141-200),170,heavy_work,289.8666666666667,54,20251211,8,BLK_8P,5,전면SAW,2,2025-12-11 14:31:27,2025-12-11 15:23:21,51.9,,공통,raw,
b170_heavy_work_r1,SPT,Large (141-200),170,heavy_work,289.8666666666667,54,20251211,8,BLK_8P,5,TurnOver,3,2025-12-11 15:23:21,2025-12-11 15:37:45,14.4,,공통,raw,
b170_heavy_work_r1,SPT,Large (141-200),170,heavy_work,289.8666666666667,54,20251211,8,BLK_8P,5,후면SAW,4,2025-12-11 16:32:14,2025-12-11 17:15:12,43.0,,공통,raw,
b170_heavy_work_r1,SPT,Large (141-200),170,heavy_work,289.8666666666667,54,20251211,8,BLK_8P,5,NC,5,2025-12-11 17:15:12,2025-12-11 18:16:28,61.3,,공통,raw,
b170_heavy_work_r1,SPT,Large (141-200),170,heavy_work,289.8666666666667,54,20251211,8,BLK_8P,5,베이36B 론지취부,6,2025-12-11 18:16:28,2025-12-11 20:34:28,138.0,36B,베이36B,raw,
b170_heavy_work_r1,SPT,Large (141-200),170,heavy_work,289.8666666666667,54,20251211,8,BLK_8P,5,베이36B 론지용접,7,2025-12-11 20:34:28,2025-12-11 21:11:40,37.2,36B,베이36B,raw,
b170_heavy_work_r1,SPT,Large (141-200),170,heavy_work,289.8666666666667,54,20251211,8,BLK_8P,5,베이36B 수정,8,2025-12-11 21:11:40,2025-12-11 22:36:52,85.2,36B,베이36B,raw,
b170_heavy_work_r1,SPT,Large (141-200),170,heavy_work,289.8666666666667,54,20251211,37,BLK_37P,6,판계,1,2025-12-11 10:45:36,2025-12-11 11:27:36,42.0,,공통,raw,
b170_heavy_work_r1,SPT,Large (141-200),170,heavy_work,289.8666666666667,54,20251211,37,BLK_37P,6,전면SAW,2,2025-12-11 15:23:21,2025-12-11 17:51:11,147.8,,공통,raw,
b170_heavy_work_r1,SPT,Large (141-200),170,heavy_work,289.8666666666667,54,20251211,37,BLK_37P,6,TurnOver,3,2025-12-11 17:51:11,2025-12-11 18:05:35,14.4,,공통,raw,
b170_heavy_work_r1,SPT,Large (141-200),170,heavy_work,289.8666666666667,54,20251211,37,BLK_37P,6,후면SAW,4,2025-12-11 18:05:35,2025-12-11 20:10:32,125.0,,공통,raw,
b170_heavy_work_r1,SPT,Large (141-200),170,heavy_work,289.8666666666667,54,20251211,37,BLK_37P,6,NC,5,2025-12-11 20:10:32,2025-12-11 20:55:41,45.1,,공통,raw,
b170_heavy_work_r1,SPT,Large (141-200),170,heavy_work,289.8666666666667,54,20251211,37,BLK_37P,6,베이35A 론지취부,6,2025-12-11 20:55:41,2025-12-11 21:37:05,41.4,35A,베이35A,raw,
b170_heavy_work_r1,SPT,Large (141-200),170,heavy_work,289.8666666666667,54,20251211,37,BLK_37P,6,베이35A 론지용접,7,2025-12-11 21:37:05,2025-12-11 21:57:43,20.6,35A,베이35A,raw,
b170_heavy_work_r1,SPT,Large (141-200),170,heavy_work,289.8666666666667,54,20251211,37,BLK_37P,6,베이35A 수정,8,2025-12-11 21:57:43,2025-12-11 22:22:12,24.5,35A,베이35A,raw,
b170_heavy_work_r1,SPT,Large (141-200),170,heavy_work,289.8666666666667,54,20251211,165,BLK_37S,7,판계,1,2025-12-11 11:27:36,2025-12-11 12:09:36,42.0,,공통,raw,
b170_heavy_work_r1,SPT,Large (141-200),170,heavy_work,289.8666666666667,54,20251211,165,BLK_37S,7,전면SAW,2,2025-12-11 17:51:11,2025-12-11 20:19:01,147.8,,공통,raw,
b170_heavy_work_r1,SPT,Large (141-200),170,heavy_work,289.8666666666667,54,20251211,165,BLK_37S,7,TurnOver,3,2025-12-11 20:19:01,2025-12-11 20:33:25,14.4,,공통,raw,
b170_heavy_work_r1,SPT,Large (141-200),170,heavy_work,289.8666666666667,54,20251211,165,BLK_37S,7,후면SAW,4,2025-12-11 20:33:25,2025-12-11 22:38:22,125.0,,공통,raw,
b170_heavy_work_r1,SPT,Large (141-200),170,heavy_work,289.8666666666667,54,20251211,165,BLK_37S,7,NC,5,2025-12-11 22:38:22,2025-12-11 23:23:31,45.1,,공통,raw,
b170_heavy_work_r1,SPT,Large (141-200),170,heavy_work,289.8666666666667,54,20251211,165,BLK_37S,7,베이36B 론지취부,6,2025-12-11 23:23:31,2025-12-12 00:04:55,41.4,36B,베이36B,raw,
b170_heavy_work_r1,SPT,Large (141-200),170,heavy_work,289.8666666666667,54,20251211,165,BLK_37S,7,베이36B 론지용접,7,2025-12-12 00:04:55,2025-12-12 00:25:33,20.6,36B,베이36B,raw,
b170_heavy_work_r1,SPT,Large (141-200),170,heavy_work,289.8666666666667,54,20251211,165,BLK_37S,7,베이36B 수정,8,2025-12-12 00:25:33,2025-12-12 00:50:02,24.5,36B,베이36B,raw,
b170_heavy_work_r1,SPT,Large (141-200),170,heavy_work,289.8666666666667,54,20251211,163,BLK_8S,8,판계,1,2025-12-11 12:09:36,2025-12-11 12:45:36,36.0,,공통,raw,
b170_heavy_work_r1,SPT,Large (141-200),170,heavy_work,289.8666666666667,54,20251211,163,BLK_8S,8,전면SAW,2,2025-12-11 20:19:01,2025-12-11 21:10:55,51.9,,공통,raw,
b170_heavy_work_r1,SPT,Large (141-200),170,heavy_work,289.8666666666667,54,20251211,163,BLK_8S,8,TurnOver,3,2025-12-11 21:10:55,2025-12-11 21:25:19,14.4,,공통,raw,
b170_heavy_work_r1,SPT,Large (141-200),170,heavy_work,289.8666666666667,54,20251211,163,BLK_8S,8,후면SAW,4,2025-12-11 22:38:22,2025-12-11 23:21:20,43.0,,공통,raw,
b170_heavy_work_r1,SPT,Large (141-200),170,heavy_work,289.8666666666667,54,20251211,163,BLK_8S,8,NC,5,2025-12-11 23:23:31,2025-12-12 00:24:47,61.3,,공통,raw,
b170_heavy_work_r1,SPT,Large (141-200),170,heavy_work,289.8666666666667,54,20251211,163,BLK_8S,8,베이36B 론지취부,6,2025-12-12 00:24:47,2025-12-12 02:42:47,138.0,36B,베이36B,raw,
b170_heavy_work_r1,SPT,Large (141-200),170,heavy_work,289.8666666666667,54,20251211,163,BLK_8S,8,베이36B 론지용접,7,2025-12-12 02:42:47,2025-12-12 03:19:59,37.2,36B,베이36B,raw,
b170_heavy_work_r1,SPT,Large (141-200),170,heavy_work,289.8666666666667,54,20251211,163,BLK_8S,8,베이36B 수정,8,2025-12-12 03:19:59,2025-12-12 04:45:11,85.2,36B,베이36B,raw,
b170_heavy_work_r1,SPT,Large (141-200),170,heavy_work,289.8666666666667,54,20251211,16,BLK_16C,9,판계,1,2025-12-11 12:45:36,2025-12-11 13:19:12,33.6,,공통,raw,
b170_heavy_work_r1,SPT,Large (141-200),170,heavy_work,289.8666666666667,54,20251211,16,BLK_16C,9,전면SAW,2,2025-12-11 21:10:55,2025-12-11 23:07:38,116.7,,공통,raw,
b170_heavy_work_r1,SPT,Large (141-200),170,heavy_work,289.8666666666667,54,20251211,16,BLK_16C,9,TurnOver,3,2025-12-11 23:07:38,2025-12-11 23:22:02,14.4,,공통,raw,
b170_heavy_work_r1,SPT,Large (141-200),170,heavy_work,289.8666666666667,54,20251211,16,BLK_16C,9,후면SAW,4,2025-12-11 23:22:02,2025-12-12 00:53:45,91.7,,공통,raw,
b170_heavy_work_r1,SPT,Large (141-200),170,heavy_work,289.8666666666667,54,20251211,16,BLK_16C,9,NC,5,2025-12-12 00:53:45,2025-12-12 01:32:29,38.7,,공통,raw,
b170_heavy_work_r1,SPT,Large (141-200),170,heavy_work,289.8666666666667,54,20251211,16,BLK_16C,9,베이35A 론지취부,6,2025-12-12 01:32:29,2025-12-12 02:26:29,54.0,35A,베이35A,raw,
b170_heavy_work_r1,SPT,Large (141-200),170,heavy_work,289.8666666666667,54,20251211,16,BLK_16C,9,베이35A 론지용접,7,2025-12-12 02:26:29,2025-12-12 02:49:17,22.8,35A,베이35A,raw,
b170_heavy_work_r1,SPT,Large (141-200),170,heavy_work,289.8666666666667,54,20251211,16,BLK_16C,9,베이35A 수정,8,2025-12-12 02:49:17,2025-12-12 03:21:41,32.4,35A,베이35A,raw,
b170_heavy_work_r1,SPT,Large (141-200),170,heavy_work,289.8666666666667,54,20251211,142,BLK_142P,10,판계,1,2025-12-11 13:19:12,2025-12-11 13:58:48,39.6,,공통,raw,
b170_heavy_work_r1,SPT,Large (141-200),170,heavy_work,289.8666666666667,54,20251211,142,BLK_142P,10,전면SAW,2,2025-12-11 23:07:38,2025-12-12 01:08:01,120.4,,공통,raw,
b170_heavy_work_r1,SPT,Large (141-200),170,heavy_work,289.8666666666667,54,20251211,142,BLK_142P,10,TurnOver,3,2025-12-12 01:08:01,2025-12-12 01:22:25,14.4,,공통,raw,
b170_heavy_work_r1,SPT,Large (141-200),170,heavy_work,289.8666666666667,54,20251211,142,BLK_142P,10,후면SAW,4,2025-12-12 01:22:25,2025-12-12 02:57:30,95.1,,공통,raw,
b170_heavy_work_r1,SPT,Large (141-200),170,heavy_work,289.8666666666667,54,20251211,142,BLK_142P,10,NC,5,2025-12-12 02:57:30,2025-12-12 03:45:40,48.2,,공통,raw,
b170_heavy_work_r1,SPT,Large (141-200),170,heavy_work,289.8666666666667,54,20251211,142,BLK_142P,10,베이36B 론지취부,6,2025-12-12 03:45:40,2025-12-12 05:04:52,79.2,36B,베이36B,raw,
b170_heavy_work_r1,SPT,Large (141-200),170,heavy_work,289.8666666666667,54,20251211,142,BLK_142P,10,베이36B 론지용접,7,2025-12-12 05:04:52,2025-12-12 05:31:59,27.1,36B,베이36B,raw,
b170_heavy_work_r1,SPT,Large (141-200),170,heavy_work,289.8666666666667,54,20251211,142,BLK_142P,10,베이36B 수정,8,2025-12-12 05:31:59,2025-12-12 06:20:13,48.2,36B,베이36B,raw,
b170_heavy_work_r1,SPT,Large (141-200),170,heavy_work,289.8666666666667,54,20251211,135,BLK_135C,11,판계,1,2025-12-11 13:58:48,2025-12-11 14:31:12,32.4,,공통,raw,
b170_heavy_work_r1,SPT,Large (141-200),170,heavy_work,289.8666666666667,54,20251211,135,BLK_135C,11,전면SAW,2,2025-12-12 01:08:01,2025-12-12 04:05:22,177.3,,공통,raw,
b170_heavy_work_r1,SPT,Large (141-200),170,heavy_work,289.8666666666667,54,20251211,135,BLK_135C,11,TurnOver,3,2025-12-12 04:05:22,2025-12-12 04:19:46,14.4,,공통,raw,
b170_heavy_work_r1,SPT,Large (141-200),170,heavy_work,289.8666666666667,54,20251211,135,BLK_135C,11,후면SAW,4,2025-12-12 04:19:46,2025-12-12 06:29:47,130.0,,공통,raw,
b170_heavy_work_r1,SPT,Large (141-200),170,heavy_work,289.8666666666667,54,20251211,135,BLK_135C,11,NC,5,2025-12-12 06:29:47,2025-12-12 07:07:14,37.4,,공통,raw,
b170_heavy_work_r1,SPT,Large (141-200),170,heavy_work,289.8666666666667,54,20251211,135,BLK_135C,11,베이35A 론지취부,6,2025-12-12 07:07:14,2025-12-12 07:52:50,45.6,35A,베이35A,raw,
b170_heavy_work_r1,SPT,Large (141-200),170,heavy_work,289.8666666666667,54,20251211,135,BLK_135C,11,베이35A 론지용접,7,2025-12-12 07:52:50,2025-12-12 08:09:23,16.6,35A,베이35A,raw,
b170_heavy_work_r1,SPT,Large (141-200),170,heavy_work,289.8666666666667,54,20251211,135,BLK_135C,11,베이35A 수정,8,2025-12-12 08:09:23,2025-12-12 08:36:30,27.1,35A,베이35A,raw,
b170_heavy_work_r1,SPT,Large (141-200),170,heavy_work,289.8666666666667,54,20251211,159,BLK_159P,12,판계,1,2025-12-11 14:31:12,2025-12-11 15:07:12,36.0,,공통,raw,
b170_heavy_work_r1,SPT,Large (141-200),170,heavy_work,289.8666666666667,54,20251211,159,BLK_159P,12,전면SAW,2,2025-12-12 04:05:22,2025-12-12 06:03:09,117.8,,공통,raw,
b170_heavy_work_r1,SPT,Large (141-200),170,heavy_work,289.8666666666667,54,20251211,159,BLK_159P,12,TurnOver,3,2025-12-12 06:03:09,2025-12-12 06:17:33,14.4,,공통,raw,
b170_heavy_work_r1,SPT,Large (141-200),170,heavy_work,289.8666666666667,54,20251211,159,BLK_159P,12,후면SAW,4,2025-12-12 06:29:47,2025-12-12 08:02:29,92.7,,공통,raw,
b170_heavy_work_r1,SPT,Large (141-200),170,heavy_work,289.8666666666667,54,20251211,159,BLK_159P,12,NC,5,2025-12-12 08:02:29,2025-12-12 09:05:22,62.9,,공통,raw,
b170_heavy_work_r1,SPT,Large (141-200),170,heavy_work,289.8666666666667,54,20251211,159,BLK_159P,12,베이36B 론지취부,6,2025-12-12 09:05:22,2025-12-12 10:49:46,104.4,36B,베이36B,raw,
b170_heavy_work_r1,SPT,Large (141-200),170,heavy_work,289.8666666666667,54,20251211,159,BLK_159P,12,베이36B 론지용접,7,2025-12-12 10:49:46,2025-12-12 11:21:12,31.4,36B,베이36B,raw,
b170_heavy_work_r1,SPT,Large (141-200),170,heavy_work,289.8666666666667,54,20251211,159,BLK_159P,12,베이36B 수정,8,2025-12-12 11:21:12,2025-12-12 12:25:17,64.1,36B,베이36B,raw,
b170_heavy_work_r1,SPT,Large (141-200),170,heavy_work,289.8666666666667,54,20251211,148,BLK_148S,13,판계,1,2025-12-11 15:07:12,2025-12-11 15:31:12,24.0,,공통,raw,
b170_heavy_work_r1,SPT,Large (141-200),170,heavy_work,289.8666666666667,54,20251211,148,BLK_148S,13,전면SAW,2,2025-12-12 06:03:09,2025-12-12 09:19:22,196.2,,공통,raw,
b170_heavy_work_r1,SPT,Large (141-200),170,heavy_work,289.8666666666667,54,20251211,148,BLK_148S,13,TurnOver,3,2025-12-12 09:19:22,2025-12-12 09:33:46,14.4,,공통,raw,
b170_heavy_work_r1,SPT,Large (141-200),170,heavy_work,289.8666666666667,54,20251211,148,BLK_148S,13,후면SAW,4,2025-12-12 09:33:46,2025-12-12 12:51:46,198.0,,공통,raw,
b170_heavy_work_r1,SPT,Large (141-200),170,heavy_work,289.8666666666667,54,20251211,148,BLK_148S,13,NC,5,2025-12-12 12:51:46,2025-12-12 13:25:20,33.6,,공통,raw,
b170_heavy_work_r1,SPT,Large (141-200),170,heavy_work,289.8666666666667,54,20251211,148,BLK_148S,13,베이35A 론지취부,6,2025-12-12 13:25:20,2025-12-12 14:10:56,45.6,35A,베이35A,raw,
b170_heavy_work_r1,SPT,Large (141-200),170,heavy_work,289.8666666666667,54,20251211,148,BLK_148S,13,베이35A 론지용접,7,2025-12-12 14:10:56,2025-12-12 14:32:18,21.4,35A,베이35A,raw,
b170_heavy_work_r1,SPT,Large (141-200),170,heavy_work,289.8666666666667,54,20251211,148,BLK_148S,13,베이35A 수정,8,2025-12-12 14:32:18,2025-12-12 14:59:25,27.1,35A,베이35A,raw,
b170_heavy_work_r1,SPT,Large (141-200),170,heavy_work,289.8666666666667,54,20251211,145,BLK_145C,14,판계,1,2025-12-11 15:31:12,2025-12-11 16:25:12,54.0,,공통,raw,
b170_heavy_work_r1,SPT,Large (141-200),170,heavy_work,289.8666666666667,54,20251211,145,BLK_145C,14,전면SAW,2,2025-12-12 09:19:22,2025-12-12 12:17:51,178.5,,공통,raw,
b170_heavy_work_r1,SPT,Large (141-200),170,heavy_work,289.8666666666667,54,20251211,145,BLK_145C,14,TurnOver,3,2025-12-12 12:17:51,2025-12-12 12:32:15,14.4,,공통,raw,
b170_heavy_work_r1,SPT,Large (141-200),170,heavy_work,289.8666666666667,54,20251211,145,BLK_145C,14,후면SAW,4,2025-12-12 12:51:46,2025-12-12 15:26:04,154.3,,공통,raw,
b170_heavy_work_r1,SPT,Large (141-200),170,heavy_work,289.8666666666667,54,20251211,145,BLK_145C,14,NC,5,2025-12-12 15:26:04,2025-12-12 16:26:03,60.0,,공통,raw,
b170_heavy_work_r1,SPT,Large (141-200),170,heavy_work,289.8666666666667,54,20251211,145,BLK_145C,14,베이36B 론지취부,6,2025-12-12 16:26:03,2025-12-12 17:41:03,75.0,36B,베이36B,raw,
b170_heavy_work_r1,SPT,Large (141-200),170,heavy_work,289.8666666666667,54,20251211,145,BLK_145C,14,베이36B 론지용접,7,2025-12-12 17:41:03,2025-12-12 18:07:27,26.4,36B,베이36B,raw,
b170_heavy_work_r1,SPT,Large (141-200),170,heavy_work,289.8666666666667,54,20251211,145,BLK_145C,14,베이36B 수정,8,2025-12-12 18:07:27,2025-12-12 18:53:03,45.6,36B,베이36B,raw,
b170_heavy_work_r1,SPT,Large (141-200),170,heavy_work,289.8666666666667,54,20251211,158,BLK_158P,15,판계,1,2025-12-11 16:25:12,2025-12-11 17:01:12,36.0,,공통,raw,
b170_heavy_work_r1,SPT,Large (141-200),170,heavy_work,289.8666666666667,54,20251211,158,BLK_158P,15,전면SAW,2,2025-12-12 12:17:51,2025-12-12 14:54:28,156.6,,공통,raw,
b170_heavy_work_r1,SPT,Large (141-200),170,heavy_work,289.8666666666667,54,20251211,158,BLK_158P,15,TurnOver,3,2025-12-12 14:54:28,2025-12-12 15:08:52,14.4,,공통,raw,
b170_heavy_work_r1,SPT,Large (141-200),170,heavy_work,289.8666666666667,54,20251211,158,BLK_158P,15,후면SAW,4,2025-12-12 15:26:04,2025-12-12 17:19:30,113.4,,공통,raw,
b170_heavy_work_r1,SPT,Large (141-200),170,heavy_work,289.8666666666667,54,20251211,158,BLK_158P,15,NC,5,2025-12-12 17:19:30,2025-12-12 18:27:28,68.0,,공통,raw,
b170_heavy_work_r1,SPT,Large (141-200),170,heavy_work,289.8666666666667,54,20251211,158,BLK_158P,15,베이35A 론지취부,6,2025-12-12 18:27:28,2025-12-12 20:03:28,96.0,35A,베이35A,raw,
b170_heavy_work_r1,SPT,Large (141-200),170,heavy_work,289.8666666666667,54,20251211,158,BLK_158P,15,베이35A 론지용접,7,2025-12-12 20:03:28,2025-12-12 20:33:28,30.0,35A,베이35A,raw,
b170_heavy_work_r1,SPT,Large (141-200),170,heavy_work,289.8666666666667,54,20251211,158,BLK_158P,15,베이35A 수정,8,2025-12-12 20:33:28,2025-12-12 21:32:16,58.8,35A,베이35A,raw,
b170_heavy_work_r1,SPT,Large (141-200),170,heavy_work,289.8666666666667,54,20251212,151,BLK_151P,1,판계,1,2025-12-12 08:00:00,2025-12-12 08:49:12,49.2,,공통,raw,
b170_heavy_work_r1,SPT,Large (141-200),170,heavy_work,289.8666666666667,54,20251212,151,BLK_151P,1,전면SAW,2,2025-12-12 14:54:28,2025-12-12 18:42:28,228.0,,공통,raw,
b170_heavy_work_r1,SPT,Large (141-200),170,heavy_work,289.8666666666667,54,20251212,151,BLK_151P,1,TurnOver,3,2025-12-12 18:42:28,2025-12-12 18:56:52,14.4,,공통,raw,
b170_heavy_work_r1,SPT,Large (141-200),170,heavy_work,289.8666666666667,54,20251212,151,BLK_151P,1,후면SAW,4,2025-12-12 18:56:52,2025-12-12 22:14:52,198.0,,공통,raw,
b170_heavy_work_r1,SPT,Large (141-200),170,heavy_work,289.8666666666667,54,20251212,151,BLK_151P,1,NC,5,2025-12-12 22:14:52,2025-12-12 23:15:22,60.5,,공통,raw,
b170_heavy_work_r1,SPT,Large (141-200),170,heavy_work,289.8666666666667,54,20251212,151,BLK_151P,1,베이36B 론지취부,6,2025-12-12 23:15:22,2025-12-12 23:56:46,41.4,36B,베이36B,raw,
b170_heavy_work_r1,SPT,Large (141-200),170,heavy_work,289.8666666666667,54,20251212,151,BLK_151P,1,베이36B 론지용접,7,2025-12-12 23:56:46,2025-12-13 00:17:24,20.6,36B,베이36B,raw,
b170_heavy_work_r1,SPT,Large (141-200),170,heavy_work,289.8666666666667,54,20251212,151,BLK_151P,1,베이36B 수정,8,2025-12-13 00:17:24,2025-12-13 00:41:53,24.5,36B,베이36B,raw,
b170_heavy_work_r1,SPT,Large (141-200),170,heavy_work,289.8666666666667,54,20251212,119,BLK_119P,2,판계,1,2025-12-12 08:49:12,2025-12-12 09:31:12,42.0,,공통,raw,
b170_heavy_work_r1,SPT,Large (141-200),170,heavy_work,289.8666666666667,54,20251212,119,BLK_119P,2,전면SAW,2,2025-12-12 18:42:28,2025-12-12 22:14:24,211.9,,공통,raw,
b170_heavy_work_r1,SPT,Large (141-200),170,heavy_work,289.8666666666667,54,20251212,119,BLK_119P,2,TurnOver,3,2025-12-12 22:14:24,2025-12-12 22:28:48,14.4,,공통,raw,
b170_heavy_work_r1,SPT,Large (141-200),170,heavy_work,289.8666666666667,54,20251212,119,BLK_119P,2,후면SAW,4,2025-12-12 22:28:48,2025-12-13 01:35:09,186.3,,공통,raw,
b170_heavy_work_r1,SPT,Large (141-200),170,heavy_work,289.8666666666667,54,20251212,119,BLK_119P,2,NC,5,2025-12-13 01:35:09,2025-12-13 02:22:54,47.7,,공통,raw,
b170_heavy_work_r1,SPT,Large (141-200),170,heavy_work,289.8666666666667,54,20251212,119,BLK_119P,2,베이35A 론지취부,6,2025-12-13 02:22:54,2025-12-13 03:37:54,75.0,35A,베이35A,raw,
b170_heavy_work_r1,SPT,Large (141-200),170,heavy_work,289.8666666666667,54,20251212,119,BLK_119P,2,베이35A 론지용접,7,2025-12-13 03:37:54,2025-12-13 04:04:18,26.4,35A,베이35A,raw,
b170_heavy_work_r1,SPT,Large (141-200),170,heavy_work,289.8666666666667,54,20251212,119,BLK_119P,2,베이35A 수정,8,2025-12-13 04:04:18,2025-12-13 04:49:54,45.6,35A,베이35A,raw,
b170_heavy_work_r1,SPT,Large (141-200),170,heavy_work,289.8666666666667,54,20251212,166,BLK_119S,3,판계,1,2025-12-12 09:31:12,2025-12-12 10:13:12,42.0,,공통,raw,
b170_heavy_work_r1,SPT,Large (141-200),170,heavy_work,289.8666666666667,54,20251212,166,BLK_119S,3,전면SAW,2,2025-12-12 22:14:24,2025-12-13 01:46:21,211.9,,공통,raw,
b170_heavy_work_r1,SPT,Large (141-200),170,heavy_work,289.8666666666667,54,20251212,166,BLK_119S,3,TurnOver,3,2025-12-13 01:46:21,2025-12-13 02:00:45,14.4,,공통,raw,
b170_heavy_work_r1,SPT,Large (141-200),170,heavy_work,289.8666666666667,54,20251212,166,BLK_119S,3,후면SAW,4,2025-12-13 02:00:45,2025-12-13 05:07:06,186.3,,공통,raw,
b170_heavy_work_r1,SPT,Large (141-200),170,heavy_work,289.8666666666667,54,20251212,166,BLK_119S,3,NC,5,2025-12-13 05:07:06,2025-12-13 05:54:51,47.7,,공통,raw,
b170_heavy_work_r1,SPT,Large (141-200),170,heavy_work,289.8666666666667,54,20251212,166,BLK_119S,3,베이36B 론지취부,6,2025-12-13 05:54:51,2025-12-13 07:09:51,75.0,36B,베이36B,raw,
b170_heavy_work_r1,SPT,Large (141-200),170,heavy_work,289.8666666666667,54,20251212,166,BLK_119S,3,베이36B 론지용접,7,2025-12-13 07:09:51,2025-12-13 07:36:15,26.4,36B,베이36B,raw,
b170_heavy_work_r1,SPT,Large (141-200),170,heavy_work,289.8666666666667,54,20251212,166,BLK_119S,3,베이36B 수정,8,2025-12-13 07:36:15,2025-12-13 08:21:51,45.6,36B,베이36B,raw,
b170_heavy_work_r1,SPT,Large (141-200),170,heavy_work,289.8666666666667,54,20251212,127,BLK_127S,4,판계,1,2025-12-12 10:13:12,2025-12-12 11:09:36,56.4,,공통,raw,
b170_heavy_work_r1,SPT,Large (141-200),170,heavy_work,289.8666666666667,54,20251212,127,BLK_127S,4,전면SAW,2,2025-12-13 01:46:21,2025-12-13 05:34:21,228.0,,공통,raw,
b170_heavy_work_r1,SPT,Large (141-200),170,heavy_work,289.8666666666667,54,20251212,127,BLK_127S,4,TurnOver,3,2025-12-13 05:34:21,2025-12-13 05:48:45,14.4,,공통,raw,
b170_heavy_work_r1,SPT,Large (141-200),170,heavy_work,289.8666666666667,54,20251212,127,BLK_127S,4,후면SAW,4,2025-12-13 05:48:45,2025-12-13 09:06:45,198.0,,공통,raw,
b170_heavy_work_r1,SPT,Large (141-200),170,heavy_work,289.8666666666667,54,20251212,127,BLK_127S,4,NC,5,2025-12-13 09:06:45,2025-12-13 10:16:50,70.1,,공통,raw,
b170_heavy_work_r1,SPT,Large (141-200),170,heavy_work,289.8666666666667,54,20251212,127,BLK_127S,4,베이35A 론지취부,6,2025-12-13 10:16:50,2025-12-13 11:31:50,75.0,35A,베이35A,raw,
b170_heavy_work_r1,SPT,Large (141-200),170,heavy_work,289.8666666666667,54,20251212,127,BLK_127S,4,베이35A 론지용접,7,2025-12-13 11:31:50,2025-12-13 11:58:14,26.4,35A,베이35A,raw,
b170_heavy_work_r1,SPT,Large (141-200),170,heavy_work,289.8666666666667,54,20251212,127,BLK_127S,4,베이35A 수정,8,2025-12-13 11:58:14,2025-12-13 12:43:50,45.6,35A,베이35A,raw,
b170_heavy_work_r1,SPT,Large (141-200),170,heavy_work,289.8666666666667,54,20251212,162,BLK_162P,5,판계,1,2025-12-12 11:09:36,2025-12-12 11:49:12,39.6,,공통,raw,
b170_heavy_work_r1,SPT,Large (141-200),170,heavy_work,289.8666666666667,54,20251212,162,BLK_162P,5,전면SAW,2,2025-12-13 05:34:21,2025-12-13 08:52:58,198.6,,공통,raw,
b170_heavy_work_r1,SPT,Large (141-200),170,heavy_work,289.8666666666667,54,20251212,162,BLK_162P,5,TurnOver,3,2025-12-13 08:52:58,2025-12-13 09:07:22,14.4,,공통,raw,
b170_heavy_work_r1,SPT,Large (141-200),170,heavy_work,289.8666666666667,54,20251212,162,BLK_162P,5,후면SAW,4,2025-12-13 09:07:22,2025-12-13 12:25:22,198.0,,공통,raw,
b170_heavy_work_r1,SPT,Large (141-200),170,heavy_work,289.8666666666667,54,20251212,162,BLK_162P,5,NC,5,2025-12-13 12:25:22,2025-12-13 13:20:27,55.1,,공통,raw,
b170_heavy_work_r1,SPT,Large (141-200),170,heavy_work,289.8666666666667,54,20251212,162,BLK_162P,5,베이36B 론지취부,6,2025-12-13 13:20:27,2025-12-13 15:17:27,117.0,36B,베이36B,raw,
b170_heavy_work_r1,SPT,Large (141-200),170,heavy_work,289.8666666666667,54,20251212,162,BLK_162P,5,베이36B 론지용접,7,2025-12-13 15:17:27,2025-12-13 15:51:03,33.6,36B,베이36B,raw,
b170_heavy_work_r1,SPT,Large (141-200),170,heavy_work,289.8666666666667,54,20251212,162,BLK_162P,5,베이36B 수정,8,2025-12-13 15:51:03,2025-12-13 17:03:03,72.0,36B,베이36B,raw,
b170_heavy_work_r1,SPT,Large (141-200),170,heavy_work,289.8666666666667,54,20251212,20,BLK_20S,6,판계,1,2025-12-12 11:49:12,2025-12-12 12:22:48,33.6,,공통,raw,
b170_heavy_work_r1,SPT,Large (141-200),170,heavy_work,289.8666666666667,54,20251212,20,BLK_20S,6,전면SAW,2,2025-12-13 08:52:58,2025-12-13 10:51:50,118.9,,공통,raw,
b170_heavy_work_r1,SPT,Large (141-200),170,heavy_work,289.8666666666667,54,20251212,20,BLK_20S,6,TurnOver,3,2025-12-13 10:51:50,2025-12-13 11:06:14,14.4,,공통,raw,
b170_heavy_work_r1,SPT,Large (141-200),170,heavy_work,289.8666666666667,54,20251212,20,BLK_20S,6,후면SAW,4,2025-12-13 12:25:22,2025-12-13 13:59:03,93.7,,공통,raw,
b170_heavy_work_r1,SPT,Large (141-200),170,heavy_work,289.8666666666667,54,20251212,20,BLK_20S,6,NC,5,2025-12-13 13:59:03,2025-12-13 14:37:58,38.9,,공통,raw,
b170_heavy_work_r1,SPT,Large (141-200),170,heavy_work,289.8666666666667,54,20251212,20,BLK_20S,6,베이35A 론지취부,6,2025-12-13 14:37:58,2025-12-13 15:36:10,58.2,35A,베이35A,raw,
b170_heavy_work_r1,SPT,Large (141-200),170,heavy_work,289.8666666666667,54,20251212,20,BLK_20S,6,베이35A 론지용접,7,2025-12-13 15:36:10,2025-12-13 15:59:42,23.5,35A,베이35A,raw,
b170_heavy_work_r1,SPT,Large (141-200),170,heavy_work,289.8666666666667,54,20251212,20,BLK_20S,6,베이35A 수정,8,2025-12-13 15:59:42,2025-12-13 16:34:44,35.0,35A,베이35A,raw,
b170_heavy_work_r1,SPT,Large (141-200),170,heavy_work,289.8666666666667,54,20251212,56,BLK_56P,7,판계,1,2025-12-12 12:22:48,2025-12-12 12:56:24,33.6,,공통,raw,
b170_heavy_work_r1,SPT,Large (141-200),170,heavy_work,289.8666666666667,54,20251212,56,BLK_56P,7,전면SAW,2,2025-12-13 10:51:50,2025-12-13 13:03:50,132.0,,공통,raw,
b170_heavy_work_r1,SPT,Large (141-200),170,heavy_work,289.8666666666667,54,20251212,56,BLK_56P,7,TurnOver,3,2025-12-13 13:03:50,2025-12-13 13:18:14,14.4,,공통,raw,
b170_heavy_work_r1,SPT,Large (141-200),170,heavy_work,289.8666666666667,54,20251212,56,BLK_56P,7,후면SAW,4,2025-12-13 13:59:03,2025-12-13 15:44:42,105.7,,공통,raw,
b170_heavy_work_r1,SPT,Large (141-200),170,heavy_work,289.8666666666667,54,20251212,56,BLK_56P,7,NC,5,2025-12-13 15:44:42,2025-12-13 16:25:36,40.9,,공통,raw,
b170_heavy_work_r1,SPT,Large (141-200),170,heavy_work,289.8666666666667,54,20251212,56,BLK_56P,7,베이36B 론지취부,6,2025-12-13 16:25:36,2025-12-13 17:28:00,62.4,36B,베이36B,raw,
b170_heavy_work_r1,SPT,Large (141-200),170,heavy_work,289.8666666666667,54,20251212,56,BLK_56P,7,베이36B 론지용접,7,2025-12-13 17:28:00,2025-12-13 17:52:14,24.2,36B,베이36B,raw,
b170_heavy_work_r1,SPT,Large (141-200),170,heavy_work,289.8666666666667,54,20251212,56,BLK_56P,7,베이36B 수정,8,2025-12-13 17:52:14,2025-12-13 18:29:55,37.7,36B,베이36B,raw,
b170_heavy_work_r1,SPT,Large (141-200),170,heavy_work,289.8666666666667,54,20251212,12,BLK_12S,8,판계,1,2025-12-12 12:56:24,2025-12-12 13:20:24,24.0,,공통,raw,
b170_heavy_work_r1,SPT,Large (141-200),170,heavy_work,289.8666666666667,54,20251212,12,BLK_12S,8,전면SAW,2,2025-12-13 13:03:50,2025-12-13 15:44:43,160.9,,공통,raw,
b170_heavy_work_r1,SPT,Large (141-200),170,heavy_work,289.8666666666667,54,20251212,12,BLK_12S,8,TurnOver,3,2025-12-13 15:44:43,2025-12-13 15:59:07,14.4,,공통,raw,
b170_heavy_work_r1,SPT,Large (141-200),170,heavy_work,289.8666666666667,54,20251212,12,BLK_12S,8,후면SAW,4,2025-12-13 15:59:07,2025-12-13 18:11:07,132.0,,공통,raw,
b170_heavy_work_r1,SPT,Large (141-200),170,heavy_work,289.8666666666667,54,20251212,12,BLK_12S,8,NC,5,2025-12-13 18:11:07,2025-12-13 18:42:23,31.3,,공통,raw,
b170_heavy_work_r1,SPT,Large (141-200),170,heavy_work,289.8666666666667,54,20251212,12,BLK_12S,8,베이35A 론지취부,6,2025-12-13 18:42:23,2025-12-13 19:32:11,49.8,35A,베이35A,raw,
b170_heavy_work_r1,SPT,Large (141-200),170,heavy_work,289.8666666666667,54,20251212,12,BLK_12S,8,베이35A 론지용접,7,2025-12-13 19:32:11,2025-12-13 19:49:28,17.3,35A,베이35A,raw,
b170_heavy_work_r1,SPT,Large (141-200),170,heavy_work,289.8666666666667,54,20251212,12,BLK_12S,8,베이35A 수정,8,2025-12-13 19:49:28,2025-12-13 20:19:14,29.8,35A,베이35A,raw,
b170_heavy_work_r1,SPT,Large (141-200),170,heavy_work,289.8666666666667,54,20251212,24,BLK_24S,9,판계,1,2025-12-12 13:20:24,2025-12-12 13:54:00,33.6,,공통,raw,
b170_heavy_work_r1,SPT,Large (141-200),170,heavy_work,289.8666666666667,54,20251212,24,BLK_24S,9,전면SAW,2,2025-12-13 15:44:43,2025-12-13 18:15:33,150.8,,공통,raw,
b170_heavy_work_r1,SPT,Large (141-200),170,heavy_work,289.8666666666667,54,20251212,24,BLK_24S,9,TurnOver,3,2025-12-13 18:15:33,2025-12-13 18:29:57,14.4,,공통,raw,
b170_heavy_work_r1,SPT,Large (141-200),170,heavy_work,289.8666666666667,54,20251212,24,BLK_24S,9,후면SAW,4,2025-12-13 18:29:57,2025-12-13 20:32:47,122.8,,공통,raw,
b170_heavy_work_r1,SPT,Large (141-200),170,heavy_work,289.8666666666667,54,20251212,24,BLK_24S,9,NC,5,2025-12-13 20:32:47,2025-12-13 21:15:24,42.6,,공통,raw,
b170_heavy_work_r1,SPT,Large (141-200),170,heavy_work,289.8666666666667,54,20251212,24,BLK_24S,9,베이36B 론지취부,6,2025-12-13 21:15:24,2025-12-13 22:26:12,70.8,36B,베이36B,raw,
b170_heavy_work_r1,SPT,Large (141-200),170,heavy_work,289.8666666666667,54,20251212,24,BLK_24S,9,베이36B 론지용접,7,2025-12-13 22:26:12,2025-12-13 22:51:53,25.7,36B,베이36B,raw,
b170_heavy_work_r1,SPT,Large (141-200),170,heavy_work,289.8666666666667,54,20251212,24,BLK_24S,9,베이36B 수정,8,2025-12-13 22:51:53,2025-12-13 23:34:50,43.0,36B,베이36B,raw,
b170_heavy_work_r1,SPT,Large (141-200),170,heavy_work,289.8666666666667,54,20251212,48,BLK_48C,10,판계,1,2025-12-12 13:54:00,2025-12-12 14:39:36,45.6,,공통,raw,
b170_heavy_work_r1,SPT,Large (141-200),170,heavy_work,289.8666666666667,54,20251212,48,BLK_48C,10,전면SAW,2,2025-12-13 18:15:33,2025-12-13 20:38:13,142.7,,공통,raw,
b170_heavy_work_r1,SPT,Large (141-200),170,heavy_work,289.8666666666667,54,20251212,48,BLK_48C,10,TurnOver,3,2025-12-13 20:38:13,2025-12-13 20:52:37,14.4,,공통,raw,
b170_heavy_work_r1,SPT,Large (141-200),170,heavy_work,289.8666666666667,54,20251212,48,BLK_48C,10,후면SAW,4,2025-12-13 20:52:37,2025-12-13 22:48:00,115.4,,공통,raw,
b170_heavy_work_r1,SPT,Large (141-200),170,heavy_work,289.8666666666667,54,20251212,48,BLK_48C,10,NC,5,2025-12-13 22:48:00,2025-12-13 23:47:40,59.7,,공통,raw,
b170_heavy_work_r1,SPT,Large (141-200),170,heavy_work,289.8666666666667,54,20251212,48,BLK_48C,10,베이35A 론지취부,6,2025-12-13 23:47:40,2025-12-14 01:23:40,96.0,35A,베이35A,raw,
b170_heavy_work_r1,SPT,Large (141-200),170,heavy_work,289.8666666666667,54,20251212,48,BLK_48C,10,베이35A 론지용접,7,2025-12-14 01:23:40,2025-12-14 01:53:40,30.0,35A,베이35A,raw,
b170_heavy_work_r1,SPT,Large (141-200),170,heavy_work,289.8666666666667,54,20251212,48,BLK_48C,10,베이35A 수정,8,2025-12-14 01:53:40,2025-12-14 02:52:28,58.8,35A,베이35A,raw,
b170_heavy_work_r1,SPT,Large (141-200),170,heavy_work,289.8666666666667,54,20251212,40,BLK_40P,11,판계,1,2025-12-12 14:39:36,2025-12-12 15:15:36,36.0,,공통,raw,
b170_heavy_work_r1,SPT,Large (141-200),170,heavy_work,289.8666666666667,54,20251212,40,BLK_40P,11,전면SAW,2,2025-12-13 20:38:13,2025-12-13 23:21:02,162.8,,공통,raw,
b170_heavy_work_r1,SPT,Large (141-200),170,heavy_work,289.8666666666667,54,20251212,40,BLK_40P,11,TurnOver,3,2025-12-13 23:21:02,2025-12-13 23:35:26,14.4,,공통,raw,
b170_heavy_work_r1,SPT,Large (141-200),170,heavy_work,289.8666666666667,54,20251212,40,BLK_40P,11,후면SAW,4,2025-12-13 23:35:26,2025-12-14 01:33:49,118.4,,공통,raw,
b170_heavy_work_r1,SPT,Large (141-200),170,heavy_work,289.8666666666667,54,20251212,40,BLK_40P,11,NC,5,2025-12-14 01:33:49,2025-12-14 02:43:44,69.9,,공통,raw,
b170_heavy_work_r1,SPT,Large (141-200),170,heavy_work,289.8666666666667,54,20251212,40,BLK_40P,11,베이36B 론지취부,6,2025-12-14 02:43:44,2025-12-14 04:11:20,87.6,36B,베이36B,raw,
b170_heavy_work_r1,SPT,Large (141-200),170,heavy_work,289.8666666666667,54,20251212,40,BLK_40P,11,베이36B 론지용접,7,2025-12-14 04:11:20,2025-12-14 04:39:54,28.6,36B,베이36B,raw,
b170_heavy_work_r1,SPT,Large (141-200),170,heavy_work,289.8666666666667,54,20251212,40,BLK_40P,11,베이36B 수정,8,2025-12-14 04:39:54,2025-12-14 05:33:25,53.5,36B,베이36B,raw,
b170_heavy_work_r1,SPT,Large (141-200),170,heavy_work,289.8666666666667,54,20251212,32,BLK_32P,12,판계,1,2025-12-12 15:15:36,2025-12-12 15:57:36,42.0,,공통,raw,
b170_heavy_work_r1,SPT,Large (141-200),170,heavy_work,289.8666666666667,54,20251212,32,BLK_32P,12,전면SAW,2,2025-12-13 23:21:02,2025-12-14 03:09:02,228.0,,공통,raw,
b170_heavy_work_r1,SPT,Large (141-200),170,heavy_work,289.8666666666667,54,20251212,32,BLK_32P,12,TurnOver,3,2025-12-14 03:09:02,2025-12-14 03:23:26,14.4,,공통,raw,
b170_heavy_work_r1,SPT,Large (141-200),170,heavy_work,289.8666666666667,54,20251212,32,BLK_32P,12,후면SAW,4,2025-12-14 03:23:26,2025-12-14 06:41:26,198.0,,공통,raw,
b170_heavy_work_r1,SPT,Large (141-200),170,heavy_work,289.8666666666667,54,20251212,32,BLK_32P,12,NC,5,2025-12-14 06:41:26,2025-12-14 07:33:21,51.9,,공통,raw,
b170_heavy_work_r1,SPT,Large (141-200),170,heavy_work,289.8666666666667,54,20251212,32,BLK_32P,12,베이35A 론지취부,6,2025-12-14 07:33:21,2025-12-14 08:44:09,70.8,35A,베이35A,raw,
b170_heavy_work_r1,SPT,Large (141-200),170,heavy_work,289.8666666666667,54,20251212,32,BLK_32P,12,베이35A 론지용접,7,2025-12-14 08:44:09,2025-12-14 09:09:50,25.7,35A,베이35A,raw,
b170_heavy_work_r1,SPT,Large (141-200),170,heavy_work,289.8666666666667,54,20251212,32,BLK_32P,12,베이35A 수정,8,2025-12-14 09:09:50,2025-12-14 09:52:48,43.0,35A,베이35A,raw,
b170_heavy_work_r1,SPT,Large (141-200),170,heavy_work,289.8666666666667,54,20251203,168,BLK_11S,17,판계,1,2025-12-03 09:00:00,2025-12-03 09:36:00,36.0,,공통,inferred_subassembly_member,11
b170_heavy_work_r1,SPT,Large (141-200),170,heavy_work,289.8666666666667,54,20251203,168,BLK_11S,17,전면SAW,2,2025-12-03 09:36:43,2025-12-03 10:15:30,38.8,,공통,inferred_subassembly_member,11
b170_heavy_work_r1,SPT,Large (141-200),170,heavy_work,289.8666666666667,54,20251203,168,BLK_11S,17,TurnOver,3,2025-12-03 10:15:30,2025-12-03 10:29:54,14.4,,공통,inferred_subassembly_member,11
b170_heavy_work_r1,SPT,Large (141-200),170,heavy_work,289.8666666666667,54,20251203,168,BLK_11S,17,후면SAW,4,2025-12-03 10:29:54,2025-12-03 10:55:35,25.7,,공통,inferred_subassembly_member,11
b170_heavy_work_r1,SPT,Large (141-200),170,heavy_work,289.8666666666667,54,20251203,168,BLK_11S,17,NC,5,2025-12-03 11:04:55,2025-12-03 11:54:30,49.6,,공통,inferred_subassembly_member,11
b170_heavy_work_r1,SPT,Large (141-200),170,heavy_work,289.8666666666667,54,20251203,168,BLK_11S,17,베이35A 론지취부,6,2025-12-03 11:54:30,2025-12-03 13:17:54,83.4,35A,베이35A,inferred_subassembly_member,11
b170_heavy_work_r1,SPT,Large (141-200),170,heavy_work,289.8666666666667,54,20251203,168,BLK_11S,17,베이35A 론지용접,7,2025-12-03 13:17:54,2025-12-03 13:45:44,27.8,35A,베이35A,inferred_subassembly_member,11
b170_heavy_work_r1,SPT,Large (141-200),170,heavy_work,289.8666666666667,54,20251203,168,BLK_11S,17,베이35A 수정,8,2025-12-03 13:45:44,2025-12-03 14:36:37,50.9,35A,베이35A,inferred_subassembly_member,11
b170_heavy_work_r1,SPT,Large (141-200),170,heavy_work,289.8666666666667,54,20251204,167,BLK_41P,39,판계,1,2025-12-04 11:52:48,2025-12-04 12:22:48,30.0,,공통,inferred_subassembly_member,41
b170_heavy_work_r1,SPT,Large (141-200),170,heavy_work,289.8666666666667,54,20251204,167,BLK_41P,39,전면SAW,2,2025-12-04 16:22:48,2025-12-04 17:02:00,39.2,,공통,inferred_subassembly_member,41
b170_heavy_work_r1,SPT,Large (141-200),170,heavy_work,289.8666666666667,54,20251204,167,BLK_41P,39,TurnOver,3,2025-12-04 17:02:00,2025-12-04 17:16:24,14.4,,공통,inferred_subassembly_member,41
b170_heavy_work_r1,SPT,Large (141-200),170,heavy_work,289.8666666666667,54,20251204,167,BLK_41P,39,후면SAW,4,2025-12-04 17:59:10,2025-12-04 18:25:23,26.2,,공통,inferred_subassembly_member,41
b170_heavy_work_r1,SPT,Large (141-200),170,heavy_work,289.8666666666667,54,20251204,167,BLK_41P,39,NC,5,2025-12-04 19:17:46,2025-12-04 20:01:09,43.4,,공통,inferred_subassembly_member,41
b170_heavy_work_r1,SPT,Large (141-200),170,heavy_work,289.8666666666667,54,20251204,167,BLK_41P,39,베이35A 론지취부,6,2025-12-04 20:01:09,2025-12-04 21:28:45,87.6,35A,베이35A,inferred_subassembly_member,41
b170_heavy_work_r1,SPT,Large (141-200),170,heavy_work,289.8666666666667,54,20251204,167,BLK_41P,39,베이35A 론지용접,7,2025-12-04 21:28:45,2025-12-04 21:57:19,28.6,35A,베이35A,inferred_subassembly_member,41
b170_heavy_work_r1,SPT,Large (141-200),170,heavy_work,289.8666666666667,54,20251204,167,BLK_41P,39,베이35A 수정,8,2025-12-04 21:57:19,2025-12-04 22:50:50,53.5,35A,베이35A,inferred_subassembly_member,41
b170_heavy_work_r1,SPT,Large (141-200),170,heavy_work,289.8666666666667,54,20251205,169,BLK_84P,67,판계,1,2025-12-05 18:31:12,2025-12-05 19:07:12,36.0,,공통,inferred_subassembly_member,84
b170_heavy_work_r1,SPT,Large (141-200),170,heavy_work,289.8666666666667,54,20251205,169,BLK_84P,67,전면SAW,2,2025-12-06 13:55:01,2025-12-06 14:33:48,38.8,,공통,inferred_subassembly_member,84
b170_heavy_work_r1,SPT,Large (141-200),170,heavy_work,289.8666666666667,54,20251205,169,BLK_84P,67,TurnOver,3,2025-12-06 14:33:48,2025-12-06 14:48:12,14.4,,공통,inferred_subassembly_member,84
b170_heavy_work_r1,SPT,Large (141-200),170,heavy_work,289.8666666666667,54,20251205,169,BLK_84P,67,후면SAW,4,2025-12-06 15:31:47,2025-12-06 15:57:29,25.7,,공통,inferred_subassembly_member,84
b170_heavy_work_r1,SPT,Large (141-200),170,heavy_work,289.8666666666667,54,20251205,169,BLK_84P,67,NC,5,2025-12-06 17:42:43,2025-12-06 18:34:07,51.4,,공통,inferred_subassembly_member,84
b170_heavy_work_r1,SPT,Large (141-200),170,heavy_work,289.8666666666667,54,20251205,169,BLK_84P,67,베이35A 론지취부,6,2025-12-06 18:34:07,2025-12-06 20:14:19,100.2,35A,베이35A,inferred_subassembly_member,84
b170_heavy_work_r1,SPT,Large (141-200),170,heavy_work,289.8666666666667,54,20251205,169,BLK_84P,67,베이35A 론지용접,7,2025-12-06 20:14:19,2025-12-06 20:45:02,30.7,35A,베이35A,inferred_subassembly_member,84
b170_heavy_work_r1,SPT,Large (141-200),170,heavy_work,289.8666666666667,54,20251205,169,BLK_84P,67,베이35A 수정,8,2025-12-06 20:45:02,2025-12-06 21:46:29,61.4,35A,베이35A,inferred_subassembly_member,84
b170_heavy_work_r1,SPT,Large (141-200),170,heavy_work,289.8666666666667,54,20251206,170,BLK_73P,68,판계,1,2025-12-06 08:00:00,2025-12-06 08:30:00,30.0,,공통,inferred_subassembly_member,73
b170_heavy_work_r1,SPT,Large (141-200),170,heavy_work,289.8666666666667,54,20251206,170,BLK_73P,68,전면SAW,2,2025-12-06 14:33:48,2025-12-06 15:14:47,41.0,,공통,inferred_subassembly_member,73
b170_heavy_work_r1,SPT,Large (141-200),170,heavy_work,289.8666666666667,54,20251206,170,BLK_73P,68,TurnOver,3,2025-12-06 15:14:47,2025-12-06 15:29:11,14.4,,공통,inferred_subassembly_member,73
b170_heavy_work_r1,SPT,Large (141-200),170,heavy_work,289.8666666666667,54,20251206,170,BLK_73P,68,후면SAW,4,2025-12-06 15:57:29,2025-12-06 16:26:03,28.6,,공통,inferred_subassembly_member,73
b170_heavy_work_r1,SPT,Large (141-200),170,heavy_work,289.8666666666667,54,20251206,170,BLK_73P,68,NC,5,2025-12-06 18:34:07,2025-12-06 19:19:10,45.0,,공통,inferred_subassembly_member,73
b170_heavy_work_r1,SPT,Large (141-200),170,heavy_work,289.8666666666667,54,20251206,170,BLK_73P,68,베이36B 론지취부,6,2025-12-06 19:31:21,2025-12-06 21:15:45,104.4,36B,베이36B,inferred_subassembly_member,73
b170_heavy_work_r1,SPT,Large (141-200),170,heavy_work,289.8666666666667,54,20251206,170,BLK_73P,68,베이36B 론지용접,7,2025-12-06 21:15:45,2025-12-06 21:47:11,31.4,36B,베이36B,inferred_subassembly_member,73
b170_heavy_work_r1,SPT,Large (141-200),170,heavy_work,289.8666666666667,54,20251206,170,BLK_73P,68,베이36B 수정,8,2025-12-06 21:47:11,2025-12-06 22:51:16,64.1,36B,베이36B,inferred_subassembly_member,73
