grid_case_id,method_label,block_id,block_name,sequence,process_name,process_index,start_time,end_time,duration_min,assigned_bay,machine_type
b190_overload_r1,Proposed,2,BLK_2C,1,판계,1,2025-08-04 08:00:00,2025-08-04 08:38:30,38.5,,공통
b190_overload_r1,Proposed,2,BLK_2C,1,전면SAW,2,2025-08-04 08:38:30,2025-08-04 12:07:30,209.0,,공통
b190_overload_r1,Proposed,2,BLK_2C,1,TurnOver,3,2025-08-04 12:07:30,2025-08-04 12:20:42,13.2,,공통
b190_overload_r1,Proposed,2,BLK_2C,1,후면SAW,4,2025-08-04 12:20:42,2025-08-04 15:22:12,181.5,,공통
b190_overload_r1,Proposed,2,BLK_2C,1,NC,5,2025-08-04 15:22:12,2025-08-04 16:09:11,47.0,,공통
b190_overload_r1,Proposed,2,BLK_2C,1,베이35A 론지취부,6,2025-08-04 16:09:11,2025-08-04 17:29:29,80.3,35A,베이35A
b190_overload_r1,Proposed,2,BLK_2C,1,베이35A 론지용접,7,2025-08-04 17:29:29,2025-08-04 17:55:40,26.2,35A,베이35A
b190_overload_r1,Proposed,2,BLK_2C,1,베이35A 수정,8,2025-08-04 17:55:40,2025-08-04 18:44:43,49.1,35A,베이35A
b190_overload_r1,Proposed,6,BLK_6C,2,판계,1,2025-08-04 08:38:30,2025-08-04 09:08:12,29.7,,공통
b190_overload_r1,Proposed,6,BLK_6C,2,전면SAW,2,2025-08-04 12:07:30,2025-08-04 15:17:24,189.9,,공통
b190_overload_r1,Proposed,6,BLK_6C,2,TurnOver,3,2025-08-04 15:17:24,2025-08-04 15:30:36,13.2,,공통
b190_overload_r1,Proposed,6,BLK_6C,2,후면SAW,4,2025-08-04 15:30:36,2025-08-04 17:51:41,141.1,,공통
b190_overload_r1,Proposed,6,BLK_6C,2,NC,5,2025-08-04 17:51:41,2025-08-04 18:28:17,36.6,,공통
b190_overload_r1,Proposed,6,BLK_6C,2,베이36B 론지취부,6,2025-08-04 18:28:17,2025-08-04 19:25:29,57.2,36B,베이36B
b190_overload_r1,Proposed,6,BLK_6C,2,베이36B 론지용접,7,2025-08-04 19:25:29,2025-08-04 19:47:42,22.2,36B,베이36B
b190_overload_r1,Proposed,6,BLK_6C,2,베이36B 수정,8,2025-08-04 19:47:42,2025-08-04 20:22:14,34.5,36B,베이36B
b190_overload_r1,Proposed,14,BLK_14C,3,판계,1,2025-08-04 09:08:12,2025-08-04 09:41:12,33.0,,공통
b190_overload_r1,Proposed,14,BLK_14C,3,전면SAW,2,2025-08-04 15:17:24,2025-08-04 15:58:38,41.2,,공통
b190_overload_r1,Proposed,14,BLK_14C,3,TurnOver,3,2025-08-04 15:58:38,2025-08-04 16:11:50,13.2,,공통
b190_overload_r1,Proposed,14,BLK_14C,3,후면SAW,4,2025-08-04 17:51:41,2025-08-04 18:22:41,31.0,,공통
b190_overload_r1,Proposed,14,BLK_14C,3,NC,5,2025-08-04 18:28:17,2025-08-04 19:12:21,44.1,,공통
b190_overload_r1,Proposed,14,BLK_14C,3,베이35A 론지취부,6,2025-08-04 19:12:21,2025-08-04 20:17:15,64.9,35A,베이35A
b190_overload_r1,Proposed,14,BLK_14C,3,베이35A 론지용접,7,2025-08-04 20:17:15,2025-08-04 20:40:47,23.5,35A,베이35A
b190_overload_r1,Proposed,14,BLK_14C,3,베이35A 수정,8,2025-08-04 20:40:47,2025-08-04 21:20:10,39.4,35A,베이35A
b190_overload_r1,Proposed,18,BLK_18C,4,판계,1,2025-08-04 09:41:12,2025-08-04 10:23:00,41.8,,공통
b190_overload_r1,Proposed,18,BLK_18C,4,전면SAW,2,2025-08-04 15:58:38,2025-08-04 17:23:48,85.2,,공통
b190_overload_r1,Proposed,18,BLK_18C,4,TurnOver,3,2025-08-04 17:23:48,2025-08-04 17:37:00,13.2,,공통
b190_overload_r1,Proposed,18,BLK_18C,4,후면SAW,4,2025-08-04 18:22:41,2025-08-04 19:26:53,64.2,,공통
b190_overload_r1,Proposed,18,BLK_18C,4,NC,5,2025-08-04 19:26:53,2025-08-04 20:14:46,47.9,,공통
b190_overload_r1,Proposed,18,BLK_18C,4,베이36B 론지취부,6,2025-08-04 20:14:46,2025-08-04 21:19:40,64.9,36B,베이36B
b190_overload_r1,Proposed,18,BLK_18C,4,베이36B 론지용접,7,2025-08-04 21:19:40,2025-08-04 21:43:13,23.5,36B,베이36B
b190_overload_r1,Proposed,18,BLK_18C,4,베이36B 수정,8,2025-08-04 21:43:13,2025-08-04 22:22:35,39.4,36B,베이36B
b190_overload_r1,Proposed,10,BLK_10S,5,판계,1,2025-08-04 10:23:00,2025-08-04 10:50:30,27.5,,공통
b190_overload_r1,Proposed,10,BLK_10S,5,전면SAW,2,2025-08-04 17:23:48,2025-08-04 18:01:47,38.0,,공통
b190_overload_r1,Proposed,10,BLK_10S,5,TurnOver,3,2025-08-04 18:01:47,2025-08-04 18:14:59,13.2,,공통
b190_overload_r1,Proposed,10,BLK_10S,5,후면SAW,4,2025-08-04 19:26:53,2025-08-04 19:53:37,26.7,,공통
b190_overload_r1,Proposed,10,BLK_10S,5,NC,5,2025-08-04 20:14:46,2025-08-04 20:51:39,36.9,,공통
b190_overload_r1,Proposed,10,BLK_10S,5,베이35A 론지취부,6,2025-08-04 20:51:39,2025-08-04 21:33:27,41.8,35A,베이35A
b190_overload_r1,Proposed,10,BLK_10S,5,베이35A 론지용접,7,2025-08-04 21:33:27,2025-08-04 21:53:01,19.6,35A,베이35A
b190_overload_r1,Proposed,10,BLK_10S,5,베이35A 수정,8,2025-08-04 21:53:01,2025-08-04 22:17:53,24.9,35A,베이35A
b190_overload_r1,Proposed,46,BLK_46S,6,판계,1,2025-08-04 10:50:30,2025-08-04 11:12:30,22.0,,공통
b190_overload_r1,Proposed,46,BLK_46S,6,전면SAW,2,2025-08-04 18:01:47,2025-08-04 20:17:58,136.2,,공통
b190_overload_r1,Proposed,46,BLK_46S,6,TurnOver,3,2025-08-04 20:17:58,2025-08-04 20:31:10,13.2,,공통
b190_overload_r1,Proposed,46,BLK_46S,6,후면SAW,4,2025-08-04 20:31:10,2025-08-04 22:21:52,110.7,,공통
b190_overload_r1,Proposed,46,BLK_46S,6,NC,5,2025-08-04 22:21:52,2025-08-04 22:52:40,30.8,,공통
b190_overload_r1,Proposed,46,BLK_46S,6,베이36B 론지취부,6,2025-08-04 22:52:40,2025-08-04 23:49:52,57.2,36B,베이36B
b190_overload_r1,Proposed,46,BLK_46S,6,베이36B 론지용접,7,2025-08-04 23:49:52,2025-08-05 00:12:06,22.2,36B,베이36B
b190_overload_r1,Proposed,46,BLK_46S,6,베이36B 수정,8,2025-08-05 00:12:06,2025-08-05 00:46:38,34.5,36B,베이36B
b190_overload_r1,Proposed,22,BLK_22S,7,판계,1,2025-08-04 11:12:30,2025-08-04 11:34:30,22.0,,공통
b190_overload_r1,Proposed,22,BLK_22S,7,전면SAW,2,2025-08-04 20:17:58,2025-08-04 21:19:10,61.2,,공통
b190_overload_r1,Proposed,22,BLK_22S,7,TurnOver,3,2025-08-04 21:19:10,2025-08-04 21:32:22,13.2,,공통
b190_overload_r1,Proposed,22,BLK_22S,7,후면SAW,4,2025-08-04 22:21:52,2025-08-04 23:19:11,57.3,,공통
b190_overload_r1,Proposed,22,BLK_22S,7,NC,5,2025-08-04 23:19:11,2025-08-04 23:50:47,31.6,,공통
b190_overload_r1,Proposed,22,BLK_22S,7,베이35A 론지취부,6,2025-08-04 23:50:47,2025-08-05 00:59:32,68.8,35A,베이35A
b190_overload_r1,Proposed,22,BLK_22S,7,베이35A 론지용접,7,2025-08-05 00:59:32,2025-08-05 01:23:44,24.2,35A,베이35A
b190_overload_r1,Proposed,22,BLK_22S,7,베이35A 수정,8,2025-08-05 01:23:44,2025-08-05 02:05:32,41.8,35A,베이35A
b190_overload_r1,Proposed,34,BLK_34C,8,판계,1,2025-08-04 11:34:30,2025-08-04 12:10:48,36.3,,공통
b190_overload_r1,Proposed,34,BLK_34C,8,전면SAW,2,2025-08-04 21:19:10,2025-08-04 22:48:41,89.5,,공통
b190_overload_r1,Proposed,34,BLK_34C,8,TurnOver,3,2025-08-04 22:48:41,2025-08-04 23:01:53,13.2,,공통
b190_overload_r1,Proposed,34,BLK_34C,8,후면SAW,4,2025-08-04 23:19:11,2025-08-05 00:43:45,84.6,,공통
b190_overload_r1,Proposed,34,BLK_34C,8,NC,5,2025-08-05 00:43:45,2025-08-05 01:26:40,42.9,,공통
b190_overload_r1,Proposed,34,BLK_34C,8,베이36B 론지취부,6,2025-08-05 01:26:40,2025-08-05 02:08:28,41.8,36B,베이36B
b190_overload_r1,Proposed,34,BLK_34C,8,베이36B 론지용접,7,2025-08-05 02:08:28,2025-08-05 02:28:03,19.6,36B,베이36B
b190_overload_r1,Proposed,34,BLK_34C,8,베이36B 수정,8,2025-08-05 02:28:03,2025-08-05 02:52:55,24.9,36B,베이36B
b190_overload_r1,Proposed,26,BLK_26S,9,판계,1,2025-08-04 12:10:48,2025-08-04 12:24:00,13.2,,공통
b190_overload_r1,Proposed,26,BLK_26S,9,전면SAW,2,2025-08-04 22:48:41,2025-08-04 23:36:00,47.3,,공통
b190_overload_r1,Proposed,26,BLK_26S,9,TurnOver,3,2025-08-04 23:36:00,2025-08-04 23:49:12,13.2,,공통
b190_overload_r1,Proposed,26,BLK_26S,9,후면SAW,4,2025-08-05 00:43:45,2025-08-05 01:22:46,39.0,,공통
b190_overload_r1,Proposed,26,BLK_26S,9,NC,5,2025-08-05 01:26:40,2025-08-05 01:51:51,25.2,,공통
b190_overload_r1,Proposed,26,BLK_26S,9,베이35A 론지취부,6,2025-08-05 01:51:51,2025-08-05 02:52:54,61.1,35A,베이35A
b190_overload_r1,Proposed,26,BLK_26S,9,베이35A 론지용접,7,2025-08-05 02:52:54,2025-08-05 03:15:46,22.9,35A,베이35A
b190_overload_r1,Proposed,26,BLK_26S,9,베이35A 수정,8,2025-08-05 03:15:46,2025-08-05 03:52:44,37.0,35A,베이35A
b190_overload_r1,Proposed,143,BLK_143C,10,판계,1,2025-08-04 12:24:00,2025-08-04 13:13:30,49.5,,공통
b190_overload_r1,Proposed,143,BLK_143C,10,전면SAW,2,2025-08-04 23:36:00,2025-08-05 02:12:21,156.4,,공통
b190_overload_r1,Proposed,143,BLK_143C,10,TurnOver,3,2025-08-05 02:12:21,2025-08-05 02:25:33,13.2,,공통
b190_overload_r1,Proposed,143,BLK_143C,10,후면SAW,4,2025-08-05 02:25:33,2025-08-05 04:19:46,114.2,,공통
b190_overload_r1,Proposed,143,BLK_143C,10,NC,5,2025-08-05 04:19:46,2025-08-05 05:16:31,56.7,,공통
b190_overload_r1,Proposed,143,BLK_143C,10,베이36B 론지취부,6,2025-08-05 05:16:31,2025-08-05 06:44:31,88.0,36B,베이36B
b190_overload_r1,Proposed,143,BLK_143C,10,베이36B 론지용접,7,2025-08-05 06:44:31,2025-08-05 07:12:01,27.5,36B,베이36B
b190_overload_r1,Proposed,143,BLK_143C,10,베이36B 수정,8,2025-08-05 07:12:01,2025-08-05 08:05:55,53.9,36B,베이36B
b190_overload_r1,Proposed,1,BLK_1C,11,판계,1,2025-08-04 13:13:30,2025-08-04 14:03:00,49.5,,공통
b190_overload_r1,Proposed,1,BLK_1C,11,전면SAW,2,2025-08-05 02:12:21,2025-08-05 02:53:15,40.9,,공통
b190_overload_r1,Proposed,1,BLK_1C,11,TurnOver,3,2025-08-05 02:53:15,2025-08-05 03:06:27,13.2,,공통
b190_overload_r1,Proposed,1,BLK_1C,11,후면SAW,4,2025-08-05 04:19:46,2025-08-05 04:50:20,30.6,,공통
b190_overload_r1,Proposed,1,BLK_1C,11,NC,5,2025-08-05 05:16:31,2025-08-05 06:12:17,55.8,,공통
b190_overload_r1,Proposed,1,BLK_1C,11,베이35A 론지취부,6,2025-08-05 06:12:17,2025-08-05 07:24:53,72.6,35A,베이35A
b190_overload_r1,Proposed,1,BLK_1C,11,베이35A 론지용접,7,2025-08-05 07:24:53,2025-08-05 07:49:44,24.9,35A,베이35A
b190_overload_r1,Proposed,1,BLK_1C,11,베이35A 수정,8,2025-08-05 07:49:44,2025-08-05 08:33:58,44.2,35A,베이35A
b190_overload_r1,Proposed,73,BLK_73C,12,판계,1,2025-08-04 14:03:00,2025-08-04 14:25:00,22.0,,공통
b190_overload_r1,Proposed,73,BLK_73C,12,전면SAW,2,2025-08-05 02:53:15,2025-08-05 03:35:05,41.8,,공통
b190_overload_r1,Proposed,73,BLK_73C,12,TurnOver,3,2025-08-05 03:35:05,2025-08-05 03:48:17,13.2,,공통
b190_overload_r1,Proposed,73,BLK_73C,12,후면SAW,4,2025-08-05 04:50:20,2025-08-05 05:22:09,31.8,,공통
b190_overload_r1,Proposed,73,BLK_73C,12,NC,5,2025-08-05 06:12:17,2025-08-05 06:44:36,32.3,,공통
b190_overload_r1,Proposed,73,BLK_73C,12,베이36B 론지취부,6,2025-08-05 06:44:36,2025-08-05 07:57:12,72.6,36B,베이36B
b190_overload_r1,Proposed,73,BLK_73C,12,베이36B 론지용접,7,2025-08-05 07:57:12,2025-08-05 08:22:04,24.9,36B,베이36B
b190_overload_r1,Proposed,73,BLK_73C,12,베이36B 수정,8,2025-08-05 08:22:04,2025-08-05 09:06:17,44.2,36B,베이36B
b190_overload_r1,Proposed,173,BLK_173C,13,판계,1,2025-08-04 14:25:00,2025-08-04 14:55:48,30.8,,공통
b190_overload_r1,Proposed,173,BLK_173C,13,전면SAW,2,2025-08-05 03:35:05,2025-08-05 05:42:33,127.5,,공통
b190_overload_r1,Proposed,173,BLK_173C,13,TurnOver,3,2025-08-05 05:42:33,2025-08-05 05:55:45,13.2,,공통
b190_overload_r1,Proposed,173,BLK_173C,13,후면SAW,4,2025-08-05 05:55:45,2025-08-05 07:38:30,102.8,,공통
b190_overload_r1,Proposed,173,BLK_173C,13,NC,5,2025-08-05 07:38:30,2025-08-05 08:17:34,39.1,,공통
b190_overload_r1,Proposed,173,BLK_173C,13,베이35A 론지취부,6,2025-08-05 08:17:34,2025-08-05 09:34:01,76.5,35A,베이35A
b190_overload_r1,Proposed,173,BLK_173C,13,베이35A 론지용접,7,2025-08-05 09:34:01,2025-08-05 09:59:32,25.5,35A,베이35A
b190_overload_r1,Proposed,173,BLK_173C,13,베이35A 수정,8,2025-08-05 09:59:32,2025-08-05 10:46:11,46.6,35A,베이35A
b190_overload_r1,Proposed,83,BLK_83S,14,판계,1,2025-08-04 14:55:48,2025-08-04 15:23:18,27.5,,공통
b190_overload_r1,Proposed,83,BLK_83S,14,전면SAW,2,2025-08-05 05:42:33,2025-08-05 06:16:05,33.5,,공통
b190_overload_r1,Proposed,83,BLK_83S,14,TurnOver,3,2025-08-05 06:16:05,2025-08-05 06:29:17,13.2,,공통
b190_overload_r1,Proposed,83,BLK_83S,14,후면SAW,4,2025-08-05 07:38:30,2025-08-05 07:59:23,20.9,,공통
b190_overload_r1,Proposed,83,BLK_83S,14,NC,5,2025-08-05 08:17:34,2025-08-05 08:55:53,38.3,,공통
b190_overload_r1,Proposed,83,BLK_83S,14,베이36B 론지취부,6,2025-08-05 08:55:53,2025-08-05 10:16:11,80.3,36B,베이36B
b190_overload_r1,Proposed,83,BLK_83S,14,베이36B 론지용접,7,2025-08-05 10:16:11,2025-08-05 10:42:22,26.2,36B,베이36B
b190_overload_r1,Proposed,83,BLK_83S,14,베이36B 수정,8,2025-08-05 10:42:22,2025-08-05 11:31:25,49.1,36B,베이36B
b190_overload_r1,Proposed,21,BLK_21P,15,판계,1,2025-08-04 15:23:18,2025-08-04 16:12:48,49.5,,공통
b190_overload_r1,Proposed,21,BLK_21P,15,전면SAW,2,2025-08-05 06:16:05,2025-08-05 08:50:45,154.7,,공통
b190_overload_r1,Proposed,21,BLK_21P,15,TurnOver,3,2025-08-05 08:50:45,2025-08-05 09:03:57,13.2,,공통
b190_overload_r1,Proposed,21,BLK_21P,15,후면SAW,4,2025-08-05 09:03:57,2025-08-05 10:56:48,112.9,,공통
b190_overload_r1,Proposed,21,BLK_21P,15,NC,5,2025-08-05 10:56:48,2025-08-05 11:54:39,57.8,,공통
b190_overload_r1,Proposed,21,BLK_21P,15,베이35A 론지취부,6,2025-08-05 11:54:39,2025-08-05 13:11:06,76.5,35A,베이35A
b190_overload_r1,Proposed,21,BLK_21P,15,베이35A 론지용접,7,2025-08-05 13:11:06,2025-08-05 13:36:37,25.5,35A,베이35A
b190_overload_r1,Proposed,21,BLK_21P,15,베이35A 수정,8,2025-08-05 13:36:37,2025-08-05 14:23:16,46.6,35A,베이35A
b190_overload_r1,Proposed,38,BLK_38C,16,판계,1,2025-08-04 16:12:48,2025-08-04 16:45:48,33.0,,공통
b190_overload_r1,Proposed,38,BLK_38C,16,전면SAW,2,2025-08-05 08:50:45,2025-08-05 09:22:58,32.2,,공통
b190_overload_r1,Proposed,38,BLK_38C,16,TurnOver,3,2025-08-05 09:22:58,2025-08-05 09:36:10,13.2,,공통
b190_overload_r1,Proposed,38,BLK_38C,16,후면SAW,4,2025-08-05 10:56:48,2025-08-05 11:15:59,19.2,,공통
b190_overload_r1,Proposed,38,BLK_38C,16,NC,5,2025-08-05 11:54:39,2025-08-05 12:45:22,50.7,,공통
b190_overload_r1,Proposed,38,BLK_38C,16,베이36B 론지취부,6,2025-08-05 12:45:22,2025-08-05 14:05:40,80.3,36B,베이36B
b190_overload_r1,Proposed,38,BLK_38C,16,베이36B 론지용접,7,2025-08-05 14:05:40,2025-08-05 14:31:51,26.2,36B,베이36B
b190_overload_r1,Proposed,38,BLK_38C,16,베이36B 수정,8,2025-08-05 14:31:51,2025-08-05 15:20:54,49.1,36B,베이36B
b190_overload_r1,Proposed,33,BLK_33C,17,판계,1,2025-08-04 16:45:48,2025-08-04 17:22:06,36.3,,공통
b190_overload_r1,Proposed,33,BLK_33C,17,전면SAW,2,2025-08-05 09:22:58,2025-08-05 11:48:00,145.0,,공통
b190_overload_r1,Proposed,33,BLK_33C,17,TurnOver,3,2025-08-05 11:48:00,2025-08-05 12:01:12,13.2,,공통
b190_overload_r1,Proposed,33,BLK_33C,17,후면SAW,4,2025-08-05 12:01:12,2025-08-05 14:30:30,149.3,,공통
b190_overload_r1,Proposed,33,BLK_33C,17,NC,5,2025-08-05 14:30:30,2025-08-05 15:17:06,46.6,,공통
b190_overload_r1,Proposed,33,BLK_33C,17,베이35A 론지취부,6,2025-08-05 15:17:06,2025-08-05 16:18:09,61.1,35A,베이35A
b190_overload_r1,Proposed,33,BLK_33C,17,베이35A 론지용접,7,2025-08-05 16:18:09,2025-08-05 16:41:02,22.9,35A,베이35A
b190_overload_r1,Proposed,33,BLK_33C,17,베이35A 수정,8,2025-08-05 16:41:02,2025-08-05 17:17:59,37.0,35A,베이35A
b190_overload_r1,Proposed,5,BLK_5S,18,판계,1,2025-08-04 17:22:06,2025-08-04 17:55:06,33.0,,공통
b190_overload_r1,Proposed,5,BLK_5S,18,전면SAW,2,2025-08-05 11:48:00,2025-08-05 12:22:05,34.1,,공통
b190_overload_r1,Proposed,5,BLK_5S,18,TurnOver,3,2025-08-05 12:22:05,2025-08-05 12:35:17,13.2,,공통
b190_overload_r1,Proposed,5,BLK_5S,18,후면SAW,4,2025-08-05 14:30:30,2025-08-05 14:52:08,21.6,,공통
b190_overload_r1,Proposed,5,BLK_5S,18,NC,5,2025-08-05 15:17:06,2025-08-05 16:03:18,46.2,,공통
b190_overload_r1,Proposed,5,BLK_5S,18,베이36B 론지취부,6,2025-08-05 16:03:18,2025-08-05 17:12:03,68.8,36B,베이36B
b190_overload_r1,Proposed,5,BLK_5S,18,베이36B 론지용접,7,2025-08-05 17:12:03,2025-08-05 17:36:15,24.2,36B,베이36B
b190_overload_r1,Proposed,5,BLK_5S,18,베이36B 수정,8,2025-08-05 17:36:15,2025-08-05 18:18:03,41.8,36B,베이36B
b190_overload_r1,Proposed,54,BLK_54S,19,판계,1,2025-08-04 17:55:06,2025-08-04 18:36:54,41.8,,공통
b190_overload_r1,Proposed,54,BLK_54S,19,전면SAW,2,2025-08-05 12:22:05,2025-08-05 14:39:12,137.1,,공통
b190_overload_r1,Proposed,54,BLK_54S,19,TurnOver,3,2025-08-05 14:39:12,2025-08-05 14:52:24,13.2,,공통
b190_overload_r1,Proposed,54,BLK_54S,19,후면SAW,4,2025-08-05 14:52:24,2025-08-05 16:43:57,111.6,,공통
b190_overload_r1,Proposed,54,BLK_54S,19,NC,5,2025-08-05 16:43:57,2025-08-05 17:36:27,52.5,,공통
b190_overload_r1,Proposed,54,BLK_54S,19,베이36B 론지취부,6,2025-08-05 17:36:27,2025-08-05 19:04:27,88.0,36B,베이36B
b190_overload_r1,Proposed,54,BLK_54S,19,베이36B 론지용접,7,2025-08-05 19:04:27,2025-08-05 19:31:57,27.5,36B,베이36B
b190_overload_r1,Proposed,54,BLK_54S,19,베이36B 수정,8,2025-08-05 19:31:57,2025-08-05 20:25:51,53.9,36B,베이36B
b190_overload_r1,Proposed,30,BLK_30S,1,판계,1,2025-08-05 08:00:00,2025-08-05 08:27:30,27.5,,공통
b190_overload_r1,Proposed,30,BLK_30S,1,전면SAW,2,2025-08-05 08:27:30,2025-08-05 08:59:50,32.3,,공통
b190_overload_r1,Proposed,30,BLK_30S,1,TurnOver,3,2025-08-05 08:59:50,2025-08-05 09:13:02,13.2,,공통
b190_overload_r1,Proposed,30,BLK_30S,1,후면SAW,4,2025-08-05 09:13:02,2025-08-05 09:32:21,19.3,,공통
b190_overload_r1,Proposed,30,BLK_30S,1,NC,5,2025-08-05 09:32:21,2025-08-05 10:10:05,37.7,,공통
b190_overload_r1,Proposed,30,BLK_30S,1,베이35A 론지취부,6,2025-08-05 10:10:05,2025-08-05 11:03:26,53.4,35A,베이35A
b190_overload_r1,Proposed,30,BLK_30S,1,베이35A 론지용접,7,2025-08-05 11:03:26,2025-08-05 11:24:59,21.6,35A,베이35A
b190_overload_r1,Proposed,30,BLK_30S,1,베이35A 수정,8,2025-08-05 11:24:59,2025-08-05 11:57:06,32.1,35A,베이35A
b190_overload_r1,Proposed,62,BLK_62P,2,판계,1,2025-08-05 08:27:30,2025-08-05 09:00:30,33.0,,공통
b190_overload_r1,Proposed,62,BLK_62P,2,전면SAW,2,2025-08-05 09:00:30,2025-08-05 11:51:33,171.1,,공통
b190_overload_r1,Proposed,62,BLK_62P,2,TurnOver,3,2025-08-05 11:51:33,2025-08-05 12:04:45,13.2,,공통
b190_overload_r1,Proposed,62,BLK_62P,2,후면SAW,4,2025-08-05 12:04:45,2025-08-05 14:10:43,126.0,,공통
b190_overload_r1,Proposed,62,BLK_62P,2,NC,5,2025-08-05 14:10:43,2025-08-05 15:16:32,65.8,,공통
b190_overload_r1,Proposed,62,BLK_62P,2,베이36B 론지취부,6,2025-08-05 15:16:32,2025-08-05 16:48:23,91.9,36B,베이36B
b190_overload_r1,Proposed,62,BLK_62P,2,베이36B 론지용접,7,2025-08-05 16:48:23,2025-08-05 17:16:32,28.2,36B,베이36B
b190_overload_r1,Proposed,62,BLK_62P,2,베이36B 수정,8,2025-08-05 17:16:32,2025-08-05 18:12:51,56.3,36B,베이36B
b190_overload_r1,Proposed,94,BLK_94S,3,판계,1,2025-08-05 09:00:30,2025-08-05 09:28:00,27.5,,공통
b190_overload_r1,Proposed,94,BLK_94S,3,전면SAW,2,2025-08-05 11:51:33,2025-08-05 12:32:30,41.0,,공통
b190_overload_r1,Proposed,94,BLK_94S,3,TurnOver,3,2025-08-05 12:32:30,2025-08-05 12:45:42,13.2,,공통
b190_overload_r1,Proposed,94,BLK_94S,3,후면SAW,4,2025-08-05 14:10:43,2025-08-05 14:41:22,30.7,,공통
b190_overload_r1,Proposed,94,BLK_94S,3,NC,5,2025-08-05 15:16:32,2025-08-05 15:59:47,43.3,,공통
b190_overload_r1,Proposed,94,BLK_94S,3,베이35A 론지취부,6,2025-08-05 15:59:47,2025-08-05 17:23:56,84.2,35A,베이35A
b190_overload_r1,Proposed,94,BLK_94S,3,베이35A 론지용접,7,2025-08-05 17:23:56,2025-08-05 17:50:47,26.8,35A,베이35A
b190_overload_r1,Proposed,94,BLK_94S,3,베이35A 수정,8,2025-08-05 17:50:47,2025-08-05 18:42:16,51.5,35A,베이35A
b190_overload_r1,Proposed,84,BLK_84S,4,판계,1,2025-08-05 09:28:00,2025-08-05 10:12:00,44.0,,공통
b190_overload_r1,Proposed,84,BLK_84S,4,전면SAW,2,2025-08-05 12:32:30,2025-08-05 15:12:16,159.8,,공통
b190_overload_r1,Proposed,84,BLK_84S,4,TurnOver,3,2025-08-05 15:12:16,2025-08-05 15:25:28,13.2,,공통
b190_overload_r1,Proposed,84,BLK_84S,4,후면SAW,4,2025-08-05 15:25:28,2025-08-05 17:43:14,137.8,,공통
b190_overload_r1,Proposed,84,BLK_84S,4,NC,5,2025-08-05 17:43:14,2025-08-05 18:32:55,49.7,,공통
b190_overload_r1,Proposed,84,BLK_84S,4,베이36B 론지취부,6,2025-08-05 18:32:55,2025-08-05 19:30:07,57.2,36B,베이36B
b190_overload_r1,Proposed,84,BLK_84S,4,베이36B 론지용접,7,2025-08-05 19:30:07,2025-08-05 19:52:20,22.2,36B,베이36B
b190_overload_r1,Proposed,84,BLK_84S,4,베이36B 수정,8,2025-08-05 19:52:20,2025-08-05 20:26:53,34.5,36B,베이36B
b190_overload_r1,Proposed,9,BLK_9S,5,판계,1,2025-08-05 10:12:00,2025-08-05 10:45:00,33.0,,공통
b190_overload_r1,Proposed,9,BLK_9S,5,전면SAW,2,2025-08-05 15:12:16,2025-08-05 16:02:17,50.0,,공통
b190_overload_r1,Proposed,9,BLK_9S,5,TurnOver,3,2025-08-05 16:02:17,2025-08-05 16:15:29,13.2,,공통
b190_overload_r1,Proposed,9,BLK_9S,5,후면SAW,4,2025-08-05 17:43:14,2025-08-05 18:25:49,42.6,,공통
b190_overload_r1,Proposed,9,BLK_9S,5,NC,5,2025-08-05 18:32:55,2025-08-05 19:20:07,47.2,,공통
b190_overload_r1,Proposed,9,BLK_9S,5,베이35A 론지취부,6,2025-08-05 19:20:07,2025-08-05 20:21:10,61.1,35A,베이35A
b190_overload_r1,Proposed,9,BLK_9S,5,베이35A 론지용접,7,2025-08-05 20:21:10,2025-08-05 20:44:02,22.9,35A,베이35A
b190_overload_r1,Proposed,9,BLK_9S,5,베이35A 수정,8,2025-08-05 20:44:02,2025-08-05 21:21:00,37.0,35A,베이35A
b190_overload_r1,Proposed,57,BLK_57P,6,판계,1,2025-08-05 10:45:00,2025-08-05 11:21:18,36.3,,공통
b190_overload_r1,Proposed,57,BLK_57P,6,전면SAW,2,2025-08-05 16:02:17,2025-08-05 18:10:20,128.1,,공통
b190_overload_r1,Proposed,57,BLK_57P,6,TurnOver,3,2025-08-05 18:10:20,2025-08-05 18:23:32,13.2,,공통
b190_overload_r1,Proposed,57,BLK_57P,6,후면SAW,4,2025-08-05 18:25:49,2025-08-05 20:35:20,129.5,,공통
b190_overload_r1,Proposed,57,BLK_57P,6,NC,5,2025-08-05 20:35:20,2025-08-05 21:21:07,45.8,,공통
b190_overload_r1,Proposed,57,BLK_57P,6,베이36B 론지취부,6,2025-08-05 21:21:07,2025-08-05 22:37:34,76.5,36B,베이36B
b190_overload_r1,Proposed,57,BLK_57P,6,베이36B 론지용접,7,2025-08-05 22:37:34,2025-08-05 23:03:06,25.5,36B,베이36B
b190_overload_r1,Proposed,57,BLK_57P,6,베이36B 수정,8,2025-08-05 23:03:06,2025-08-05 23:49:44,46.6,36B,베이36B
b190_overload_r1,Proposed,74,BLK_74C,7,판계,1,2025-08-05 11:21:18,2025-08-05 11:48:48,27.5,,공통
b190_overload_r1,Proposed,74,BLK_74C,7,전면SAW,2,2025-08-05 18:10:20,2025-08-05 18:41:02,30.7,,공통
b190_overload_r1,Proposed,74,BLK_74C,7,TurnOver,3,2025-08-05 18:41:02,2025-08-05 18:54:14,13.2,,공통
b190_overload_r1,Proposed,74,BLK_74C,7,후면SAW,4,2025-08-05 20:35:20,2025-08-05 20:52:29,17.2,,공통
b190_overload_r1,Proposed,74,BLK_74C,7,NC,5,2025-08-05 21:21:07,2025-08-05 21:56:32,35.4,,공통
b190_overload_r1,Proposed,74,BLK_74C,7,베이35A 론지취부,6,2025-08-05 21:56:32,2025-08-05 22:53:44,57.2,35A,베이35A
b190_overload_r1,Proposed,74,BLK_74C,7,베이35A 론지용접,7,2025-08-05 22:53:44,2025-08-05 23:15:57,22.2,35A,베이35A
b190_overload_r1,Proposed,74,BLK_74C,7,베이35A 수정,8,2025-08-05 23:15:57,2025-08-05 23:50:29,34.5,35A,베이35A
b190_overload_r1,Proposed,70,BLK_70P,8,판계,1,2025-08-05 11:48:48,2025-08-05 12:30:36,41.8,,공통
b190_overload_r1,Proposed,70,BLK_70P,8,전면SAW,2,2025-08-05 18:41:02,2025-08-05 20:31:30,110.5,,공통
b190_overload_r1,Proposed,70,BLK_70P,8,TurnOver,3,2025-08-05 20:31:30,2025-08-05 20:44:42,13.2,,공통
b190_overload_r1,Proposed,70,BLK_70P,8,후면SAW,4,2025-08-05 20:52:29,2025-08-05 22:19:44,87.3,,공통
b190_overload_r1,Proposed,70,BLK_70P,8,NC,5,2025-08-05 22:19:44,2025-08-05 23:13:25,53.7,,공통
b190_overload_r1,Proposed,70,BLK_70P,8,베이36B 론지취부,6,2025-08-05 23:13:25,2025-08-06 00:22:10,68.8,36B,베이36B
b190_overload_r1,Proposed,70,BLK_70P,8,베이36B 론지용접,7,2025-08-06 00:22:10,2025-08-06 00:46:22,24.2,36B,베이36B
b190_overload_r1,Proposed,70,BLK_70P,8,베이36B 수정,8,2025-08-06 00:46:22,2025-08-06 01:28:10,41.8,36B,베이36B
b190_overload_r1,Proposed,42,BLK_42P,9,판계,1,2025-08-05 12:30:36,2025-08-05 13:03:36,33.0,,공통
b190_overload_r1,Proposed,42,BLK_42P,9,전면SAW,2,2025-08-05 20:31:30,2025-08-05 21:06:25,34.9,,공통
b190_overload_r1,Proposed,42,BLK_42P,9,TurnOver,3,2025-08-05 21:06:25,2025-08-05 21:19:37,13.2,,공통
b190_overload_r1,Proposed,42,BLK_42P,9,후면SAW,4,2025-08-05 22:19:44,2025-08-05 22:42:27,22.7,,공통
b190_overload_r1,Proposed,42,BLK_42P,9,NC,5,2025-08-05 23:13:25,2025-08-06 00:08:21,54.9,,공통
b190_overload_r1,Proposed,42,BLK_42P,9,베이35A 론지취부,6,2025-08-06 00:08:21,2025-08-06 01:40:12,91.9,35A,베이35A
b190_overload_r1,Proposed,42,BLK_42P,9,베이35A 론지용접,7,2025-08-06 01:40:12,2025-08-06 02:08:22,28.2,35A,베이35A
b190_overload_r1,Proposed,42,BLK_42P,9,베이35A 수정,8,2025-08-06 02:08:22,2025-08-06 03:04:41,56.3,35A,베이35A
b190_overload_r1,Proposed,17,BLK_17S,10,판계,1,2025-08-05 13:03:36,2025-08-05 13:31:06,27.5,,공통
b190_overload_r1,Proposed,17,BLK_17S,10,전면SAW,2,2025-08-05 21:06:25,2025-08-05 21:41:05,34.7,,공통
b190_overload_r1,Proposed,17,BLK_17S,10,TurnOver,3,2025-08-05 21:41:05,2025-08-05 21:54:17,13.2,,공통
b190_overload_r1,Proposed,17,BLK_17S,10,후면SAW,4,2025-08-05 22:42:27,2025-08-05 23:04:49,22.4,,공통
b190_overload_r1,Proposed,17,BLK_17S,10,NC,5,2025-08-06 00:08:21,2025-08-06 00:45:37,37.3,,공통
b190_overload_r1,Proposed,17,BLK_17S,10,베이36B 론지취부,6,2025-08-06 00:45:37,2025-08-06 01:35:07,49.5,36B,베이36B
b190_overload_r1,Proposed,17,BLK_17S,10,베이36B 론지용접,7,2025-08-06 01:35:07,2025-08-06 01:56:01,20.9,36B,베이36B
b190_overload_r1,Proposed,17,BLK_17S,10,베이36B 수정,8,2025-08-06 01:56:01,2025-08-06 02:25:43,29.7,36B,베이36B
b190_overload_r1,Proposed,66,BLK_66S,11,판계,1,2025-08-05 13:31:06,2025-08-05 14:04:06,33.0,,공통
b190_overload_r1,Proposed,66,BLK_66S,11,전면SAW,2,2025-08-05 21:41:05,2025-08-05 22:18:11,37.1,,공통
b190_overload_r1,Proposed,66,BLK_66S,11,TurnOver,3,2025-08-05 22:18:11,2025-08-05 22:31:23,13.2,,공통
b190_overload_r1,Proposed,66,BLK_66S,11,후면SAW,4,2025-08-05 23:04:49,2025-08-05 23:30:24,25.6,,공통
b190_overload_r1,Proposed,66,BLK_66S,11,NC,5,2025-08-06 00:45:37,2025-08-06 01:32:59,47.4,,공통
b190_overload_r1,Proposed,66,BLK_66S,11,베이35A 론지취부,6,2025-08-06 01:40:12,2025-08-06 03:04:21,84.2,35A,베이35A
b190_overload_r1,Proposed,66,BLK_66S,11,베이35A 론지용접,7,2025-08-06 03:04:21,2025-08-06 03:31:12,26.8,35A,베이35A
b190_overload_r1,Proposed,66,BLK_66S,11,베이35A 수정,8,2025-08-06 03:31:12,2025-08-06 04:22:40,51.5,35A,베이35A
b190_overload_r1,Proposed,45,BLK_45S,12,판계,1,2025-08-05 14:04:06,2025-08-05 15:01:18,57.2,,공통
b190_overload_r1,Proposed,45,BLK_45S,12,전면SAW,2,2025-08-05 22:18:11,2025-08-06 00:06:25,108.2,,공통
b190_overload_r1,Proposed,45,BLK_45S,12,TurnOver,3,2025-08-06 00:06:25,2025-08-06 00:19:37,13.2,,공통
b190_overload_r1,Proposed,45,BLK_45S,12,후면SAW,4,2025-08-06 00:19:37,2025-08-06 02:06:01,106.4,,공통
b190_overload_r1,Proposed,45,BLK_45S,12,NC,5,2025-08-06 02:06:01,2025-08-06 03:17:54,71.9,,공통
b190_overload_r1,Proposed,45,BLK_45S,12,베이36B 론지취부,6,2025-08-06 03:17:54,2025-08-06 04:42:03,84.2,36B,베이36B
b190_overload_r1,Proposed,45,BLK_45S,12,베이36B 론지용접,7,2025-08-06 04:42:03,2025-08-06 05:08:54,26.8,36B,베이36B
b190_overload_r1,Proposed,45,BLK_45S,12,베이36B 수정,8,2025-08-06 05:08:54,2025-08-06 06:00:23,51.5,36B,베이36B
b190_overload_r1,Proposed,50,BLK_50S,13,판계,1,2025-08-05 15:01:18,2025-08-05 15:34:18,33.0,,공통
b190_overload_r1,Proposed,50,BLK_50S,13,전면SAW,2,2025-08-06 00:06:25,2025-08-06 00:42:18,35.9,,공통
b190_overload_r1,Proposed,50,BLK_50S,13,TurnOver,3,2025-08-06 00:42:18,2025-08-06 00:55:30,13.2,,공통
b190_overload_r1,Proposed,50,BLK_50S,13,후면SAW,4,2025-08-06 02:06:01,2025-08-06 02:29:59,24.0,,공통
b190_overload_r1,Proposed,50,BLK_50S,13,NC,5,2025-08-06 03:17:54,2025-08-06 04:01:28,43.6,,공통
b190_overload_r1,Proposed,50,BLK_50S,13,베이35A 론지취부,6,2025-08-06 04:01:28,2025-08-06 04:58:40,57.2,35A,베이35A
b190_overload_r1,Proposed,50,BLK_50S,13,베이35A 론지용접,7,2025-08-06 04:58:40,2025-08-06 05:20:53,22.2,35A,베이35A
b190_overload_r1,Proposed,50,BLK_50S,13,베이35A 수정,8,2025-08-06 05:20:53,2025-08-06 05:55:26,34.5,35A,베이35A
b190_overload_r1,Proposed,58,BLK_58C,14,판계,1,2025-08-05 15:34:18,2025-08-05 15:47:30,13.2,,공통
b190_overload_r1,Proposed,58,BLK_58C,14,전면SAW,2,2025-08-06 00:42:18,2025-08-06 01:42:18,60.0,,공통
b190_overload_r1,Proposed,58,BLK_58C,14,TurnOver,3,2025-08-06 01:42:18,2025-08-06 01:55:30,13.2,,공통
b190_overload_r1,Proposed,58,BLK_58C,14,후면SAW,4,2025-08-06 02:29:59,2025-08-06 03:25:43,55.7,,공통
b190_overload_r1,Proposed,58,BLK_58C,14,NC,5,2025-08-06 04:01:28,2025-08-06 04:23:52,22.4,,공통
b190_overload_r1,Proposed,58,BLK_58C,14,베이36B 론지취부,6,2025-08-06 04:42:03,2025-08-06 05:16:09,34.1,36B,베이36B
b190_overload_r1,Proposed,58,BLK_58C,14,베이36B 론지용접,7,2025-08-06 05:16:09,2025-08-06 05:30:01,13.9,36B,베이36B
b190_overload_r1,Proposed,58,BLK_58C,14,베이36B 수정,8,2025-08-06 06:00:23,2025-08-06 06:20:24,20.0,36B,베이36B
b190_overload_r1,Proposed,13,BLK_13S,15,판계,1,2025-08-05 15:47:30,2025-08-05 16:20:30,33.0,,공통
b190_overload_r1,Proposed,13,BLK_13S,15,전면SAW,2,2025-08-06 01:42:18,2025-08-06 02:16:55,34.6,,공통
b190_overload_r1,Proposed,13,BLK_13S,15,TurnOver,3,2025-08-06 02:16:55,2025-08-06 02:30:07,13.2,,공통
b190_overload_r1,Proposed,13,BLK_13S,15,후면SAW,4,2025-08-06 03:25:43,2025-08-06 03:48:01,22.3,,공통
b190_overload_r1,Proposed,13,BLK_13S,15,NC,5,2025-08-06 04:23:52,2025-08-06 05:16:23,52.5,,공통
b190_overload_r1,Proposed,13,BLK_13S,15,베이35A 론지취부,6,2025-08-06 05:16:23,2025-08-06 06:48:14,91.9,35A,베이35A
b190_overload_r1,Proposed,13,BLK_13S,15,베이35A 론지용접,7,2025-08-06 06:48:14,2025-08-06 07:16:24,28.2,35A,베이35A
b190_overload_r1,Proposed,13,BLK_13S,15,베이35A 수정,8,2025-08-06 07:16:24,2025-08-06 08:12:43,56.3,35A,베이35A
b190_overload_r1,Proposed,8,BLK_8S,16,판계,1,2025-08-05 16:20:30,2025-08-05 16:33:42,13.2,,공통
b190_overload_r1,Proposed,8,BLK_8S,16,전면SAW,2,2025-08-06 02:16:55,2025-08-06 03:13:29,56.6,,공통
b190_overload_r1,Proposed,8,BLK_8S,16,TurnOver,3,2025-08-06 03:13:29,2025-08-06 03:26:41,13.2,,공통
b190_overload_r1,Proposed,8,BLK_8S,16,후면SAW,4,2025-08-06 03:48:01,2025-08-06 04:39:14,51.2,,공통
b190_overload_r1,Proposed,8,BLK_8S,16,NC,5,2025-08-06 05:16:23,2025-08-06 05:44:30,28.1,,공통
b190_overload_r1,Proposed,8,BLK_8S,16,베이36B 론지취부,6,2025-08-06 05:44:30,2025-08-06 06:57:06,72.6,36B,베이36B
b190_overload_r1,Proposed,8,BLK_8S,16,베이36B 론지용접,7,2025-08-06 06:57:06,2025-08-06 07:21:58,24.9,36B,베이36B
b190_overload_r1,Proposed,8,BLK_8S,16,베이36B 수정,8,2025-08-06 07:21:58,2025-08-06 08:06:11,44.2,36B,베이36B
b190_overload_r1,Proposed,113,BLK_113S,1,판계,1,2025-08-06 08:00:00,2025-08-06 08:27:30,27.5,,공통
b190_overload_r1,Proposed,113,BLK_113S,1,전면SAW,2,2025-08-06 08:27:30,2025-08-06 09:18:35,51.1,,공통
b190_overload_r1,Proposed,113,BLK_113S,1,TurnOver,3,2025-08-06 09:18:35,2025-08-06 09:31:47,13.2,,공통
b190_overload_r1,Proposed,113,BLK_113S,1,후면SAW,4,2025-08-06 09:31:47,2025-08-06 10:15:45,44.0,,공통
b190_overload_r1,Proposed,113,BLK_113S,1,NC,5,2025-08-06 10:15:45,2025-08-06 10:55:10,39.4,,공통
b190_overload_r1,Proposed,113,BLK_113S,1,베이35A 론지취부,6,2025-08-06 10:55:10,2025-08-06 12:15:28,80.3,35A,베이35A
b190_overload_r1,Proposed,113,BLK_113S,1,베이35A 론지용접,7,2025-08-06 12:15:28,2025-08-06 12:41:39,26.2,35A,베이35A
b190_overload_r1,Proposed,113,BLK_113S,1,베이35A 수정,8,2025-08-06 12:41:39,2025-08-06 13:30:42,49.1,35A,베이35A
b190_overload_r1,Proposed,11,BLK_11C,2,판계,1,2025-08-06 08:27:30,2025-08-06 09:09:18,41.8,,공통
b190_overload_r1,Proposed,11,BLK_11C,2,전면SAW,2,2025-08-06 09:18:35,2025-08-06 10:59:58,101.4,,공통
b190_overload_r1,Proposed,11,BLK_11C,2,TurnOver,3,2025-08-06 10:59:58,2025-08-06 11:13:10,13.2,,공통
b190_overload_r1,Proposed,11,BLK_11C,2,후면SAW,4,2025-08-06 11:13:10,2025-08-06 12:32:09,79.0,,공통
b190_overload_r1,Proposed,11,BLK_11C,2,NC,5,2025-08-06 12:32:09,2025-08-06 13:24:45,52.6,,공통
b190_overload_r1,Proposed,11,BLK_11C,2,베이36B 론지취부,6,2025-08-06 13:24:45,2025-08-06 14:29:39,64.9,36B,베이36B
b190_overload_r1,Proposed,11,BLK_11C,2,베이36B 론지용접,7,2025-08-06 14:29:39,2025-08-06 14:53:11,23.5,36B,베이36B
b190_overload_r1,Proposed,11,BLK_11C,2,베이36B 수정,8,2025-08-06 14:53:11,2025-08-06 15:32:34,39.4,36B,베이36B
b190_overload_r1,Proposed,3,BLK_3C,3,판계,1,2025-08-06 09:09:18,2025-08-06 09:42:18,33.0,,공통
b190_overload_r1,Proposed,3,BLK_3C,3,전면SAW,2,2025-08-06 10:59:58,2025-08-06 11:46:40,46.7,,공통
b190_overload_r1,Proposed,3,BLK_3C,3,TurnOver,3,2025-08-06 11:46:40,2025-08-06 11:59:52,13.2,,공통
b190_overload_r1,Proposed,3,BLK_3C,3,후면SAW,4,2025-08-06 12:32:09,2025-08-06 13:10:22,38.2,,공통
b190_overload_r1,Proposed,3,BLK_3C,3,NC,5,2025-08-06 13:24:45,2025-08-06 14:10:47,46.0,,공통
b190_overload_r1,Proposed,3,BLK_3C,3,베이35A 론지취부,6,2025-08-06 14:10:47,2025-08-06 15:42:38,91.9,35A,베이35A
b190_overload_r1,Proposed,3,BLK_3C,3,베이35A 론지용접,7,2025-08-06 15:42:38,2025-08-06 16:10:48,28.2,35A,베이35A
b190_overload_r1,Proposed,3,BLK_3C,3,베이35A 수정,8,2025-08-06 16:10:48,2025-08-06 17:07:07,56.3,35A,베이35A
b190_overload_r1,Proposed,69,BLK_69S,4,판계,1,2025-08-06 09:42:18,2025-08-06 10:12:00,29.7,,공통
b190_overload_r1,Proposed,69,BLK_69S,4,전면SAW,2,2025-08-06 11:46:40,2025-08-06 14:19:46,153.1,,공통
b190_overload_r1,Proposed,69,BLK_69S,4,TurnOver,3,2025-08-06 14:19:46,2025-08-06 14:32:58,13.2,,공통
b190_overload_r1,Proposed,69,BLK_69S,4,후면SAW,4,2025-08-06 14:32:58,2025-08-06 16:24:34,111.6,,공통
b190_overload_r1,Proposed,69,BLK_69S,4,NC,5,2025-08-06 16:24:34,2025-08-06 17:00:27,35.9,,공통
b190_overload_r1,Proposed,69,BLK_69S,4,베이36B 론지취부,6,2025-08-06 17:00:27,2025-08-06 17:53:48,53.4,36B,베이36B
b190_overload_r1,Proposed,69,BLK_69S,4,베이36B 론지용접,7,2025-08-06 17:53:48,2025-08-06 18:15:22,21.6,36B,베이36B
b190_overload_r1,Proposed,69,BLK_69S,4,베이36B 수정,8,2025-08-06 18:15:22,2025-08-06 18:47:29,32.1,36B,베이36B
b190_overload_r1,Proposed,7,BLK_7C,5,판계,1,2025-08-06 10:12:00,2025-08-06 10:45:00,33.0,,공통
b190_overload_r1,Proposed,7,BLK_7C,5,전면SAW,2,2025-08-06 14:19:46,2025-08-06 15:07:59,48.2,,공통
b190_overload_r1,Proposed,7,BLK_7C,5,TurnOver,3,2025-08-06 15:07:59,2025-08-06 15:21:11,13.2,,공통
b190_overload_r1,Proposed,7,BLK_7C,5,후면SAW,4,2025-08-06 16:24:34,2025-08-06 17:04:47,40.2,,공통
b190_overload_r1,Proposed,7,BLK_7C,5,NC,5,2025-08-06 17:04:47,2025-08-06 17:58:38,53.8,,공통
b190_overload_r1,Proposed,7,BLK_7C,5,베이35A 론지취부,6,2025-08-06 17:58:38,2025-08-06 19:45:53,107.3,35A,베이35A
b190_overload_r1,Proposed,7,BLK_7C,5,베이35A 론지용접,7,2025-08-06 19:45:53,2025-08-06 20:16:41,30.8,35A,베이35A
b190_overload_r1,Proposed,7,BLK_7C,5,베이35A 수정,8,2025-08-06 20:16:41,2025-08-06 21:22:41,66.0,35A,베이35A
b190_overload_r1,Proposed,27,BLK_27P,6,판계,1,2025-08-06 10:45:00,2025-08-06 11:26:48,41.8,,공통
b190_overload_r1,Proposed,27,BLK_27P,6,전면SAW,2,2025-08-06 15:07:59,2025-08-06 17:12:37,124.6,,공통
b190_overload_r1,Proposed,27,BLK_27P,6,TurnOver,3,2025-08-06 17:12:37,2025-08-06 17:25:49,13.2,,공통
b190_overload_r1,Proposed,27,BLK_27P,6,후면SAW,4,2025-08-06 17:25:49,2025-08-06 19:05:59,100.2,,공통
b190_overload_r1,Proposed,27,BLK_27P,6,NC,5,2025-08-06 19:05:59,2025-08-06 20:00:07,54.1,,공통
b190_overload_r1,Proposed,27,BLK_27P,6,베이36B 론지취부,6,2025-08-06 20:00:07,2025-08-06 21:39:40,99.6,36B,베이36B
b190_overload_r1,Proposed,27,BLK_27P,6,베이36B 론지용접,7,2025-08-06 21:39:40,2025-08-06 22:09:09,29.5,36B,베이36B
b190_overload_r1,Proposed,27,BLK_27P,6,베이36B 수정,8,2025-08-06 22:09:09,2025-08-06 23:10:18,61.2,36B,베이36B
b190_overload_r1,Proposed,93,BLK_93P,7,판계,1,2025-08-06 11:26:48,2025-08-06 11:54:18,27.5,,공통
b190_overload_r1,Proposed,93,BLK_93P,7,전면SAW,2,2025-08-06 17:12:37,2025-08-06 17:47:20,34.7,,공통
b190_overload_r1,Proposed,93,BLK_93P,7,TurnOver,3,2025-08-06 17:47:20,2025-08-06 18:00:32,13.2,,공통
b190_overload_r1,Proposed,93,BLK_93P,7,후면SAW,4,2025-08-06 19:05:59,2025-08-06 19:28:26,22.5,,공통
b190_overload_r1,Proposed,93,BLK_93P,7,NC,5,2025-08-06 20:00:07,2025-08-06 20:40:25,40.3,,공통
b190_overload_r1,Proposed,93,BLK_93P,7,베이35A 론지취부,6,2025-08-06 20:40:25,2025-08-06 22:19:58,99.6,35A,베이35A
b190_overload_r1,Proposed,93,BLK_93P,7,베이35A 론지용접,7,2025-08-06 22:19:58,2025-08-06 22:49:27,29.5,35A,베이35A
b190_overload_r1,Proposed,93,BLK_93P,7,베이35A 수정,8,2025-08-06 22:49:27,2025-08-06 23:50:37,61.2,35A,베이35A
b190_overload_r1,Proposed,103,BLK_103S,8,판계,1,2025-08-06 11:54:18,2025-08-06 12:21:48,27.5,,공통
b190_overload_r1,Proposed,103,BLK_103S,8,전면SAW,2,2025-08-06 17:47:20,2025-08-06 18:23:38,36.3,,공통
b190_overload_r1,Proposed,103,BLK_103S,8,TurnOver,3,2025-08-06 18:23:38,2025-08-06 18:36:50,13.2,,공통
b190_overload_r1,Proposed,103,BLK_103S,8,후면SAW,4,2025-08-06 19:28:26,2025-08-06 19:52:57,24.5,,공통
b190_overload_r1,Proposed,103,BLK_103S,8,NC,5,2025-08-06 20:40:25,2025-08-06 21:18:55,38.5,,공통
b190_overload_r1,Proposed,103,BLK_103S,8,베이36B 론지취부,6,2025-08-06 21:39:40,2025-08-06 22:48:25,68.8,36B,베이36B
b190_overload_r1,Proposed,103,BLK_103S,8,베이36B 론지용접,7,2025-08-06 22:48:25,2025-08-06 23:12:37,24.2,36B,베이36B
b190_overload_r1,Proposed,103,BLK_103S,8,베이36B 수정,8,2025-08-06 23:12:37,2025-08-06 23:54:25,41.8,36B,베이36B
b190_overload_r1,Proposed,41,BLK_41P,9,판계,1,2025-08-06 12:21:48,2025-08-06 12:43:48,22.0,,공통
b190_overload_r1,Proposed,41,BLK_41P,9,전면SAW,2,2025-08-06 18:23:38,2025-08-06 19:09:23,45.8,,공통
b190_overload_r1,Proposed,41,BLK_41P,9,TurnOver,3,2025-08-06 19:09:23,2025-08-06 19:22:35,13.2,,공통
b190_overload_r1,Proposed,41,BLK_41P,9,후면SAW,4,2025-08-06 19:52:57,2025-08-06 20:29:56,37.0,,공통
b190_overload_r1,Proposed,41,BLK_41P,9,NC,5,2025-08-06 21:18:55,2025-08-06 21:53:54,35.0,,공통
b190_overload_r1,Proposed,41,BLK_41P,9,베이35A 론지취부,6,2025-08-06 22:19:58,2025-08-06 23:40:16,80.3,35A,베이35A
b190_overload_r1,Proposed,41,BLK_41P,9,베이35A 론지용접,7,2025-08-06 23:40:16,2025-08-07 00:06:27,26.2,35A,베이35A
b190_overload_r1,Proposed,41,BLK_41P,9,베이35A 수정,8,2025-08-07 00:06:27,2025-08-07 00:55:31,49.1,35A,베이35A
b190_overload_r1,Proposed,49,BLK_49S,10,판계,1,2025-08-06 12:43:48,2025-08-06 13:16:48,33.0,,공통
b190_overload_r1,Proposed,49,BLK_49S,10,전면SAW,2,2025-08-06 19:09:23,2025-08-06 19:43:40,34.3,,공통
b190_overload_r1,Proposed,49,BLK_49S,10,TurnOver,3,2025-08-06 19:43:40,2025-08-06 19:56:52,13.2,,공통
b190_overload_r1,Proposed,49,BLK_49S,10,후면SAW,4,2025-08-06 20:29:56,2025-08-06 20:51:49,21.9,,공통
b190_overload_r1,Proposed,49,BLK_49S,10,NC,5,2025-08-06 21:53:54,2025-08-06 22:41:32,47.6,,공통
b190_overload_r1,Proposed,49,BLK_49S,10,베이36B 론지취부,6,2025-08-06 22:48:25,2025-08-07 00:24:07,95.7,36B,베이36B
b190_overload_r1,Proposed,49,BLK_49S,10,베이36B 론지용접,7,2025-08-07 00:24:07,2025-08-07 00:52:56,28.8,36B,베이36B
b190_overload_r1,Proposed,49,BLK_49S,10,베이36B 수정,8,2025-08-07 00:52:56,2025-08-07 01:51:41,58.7,36B,베이36B
b190_overload_r1,Proposed,123,BLK_123C,11,판계,1,2025-08-06 13:16:48,2025-08-06 13:38:48,22.0,,공통
b190_overload_r1,Proposed,123,BLK_123C,11,전면SAW,2,2025-08-06 19:43:40,2025-08-06 20:22:09,38.5,,공통
b190_overload_r1,Proposed,123,BLK_123C,11,TurnOver,3,2025-08-06 20:22:09,2025-08-06 20:35:21,13.2,,공통
b190_overload_r1,Proposed,123,BLK_123C,11,후면SAW,4,2025-08-06 20:51:49,2025-08-06 21:19:12,27.4,,공통
b190_overload_r1,Proposed,123,BLK_123C,11,NC,5,2025-08-06 22:41:32,2025-08-06 23:12:11,30.6,,공통
b190_overload_r1,Proposed,123,BLK_123C,11,베이35A 론지취부,6,2025-08-06 23:40:16,2025-08-07 00:33:37,53.4,35A,베이35A
b190_overload_r1,Proposed,123,BLK_123C,11,베이35A 론지용접,7,2025-08-07 00:33:37,2025-08-07 00:55:11,21.6,35A,베이35A
b190_overload_r1,Proposed,123,BLK_123C,11,베이35A 수정,8,2025-08-07 00:55:31,2025-08-07 01:27:38,32.1,35A,베이35A
b190_overload_r1,Proposed,15,BLK_15S,12,판계,1,2025-08-06 13:38:48,2025-08-06 14:06:18,27.5,,공통
b190_overload_r1,Proposed,15,BLK_15S,12,전면SAW,2,2025-08-06 20:22:09,2025-08-06 20:56:29,34.3,,공통
b190_overload_r1,Proposed,15,BLK_15S,12,TurnOver,3,2025-08-06 20:56:29,2025-08-06 21:09:41,13.2,,공통
b190_overload_r1,Proposed,15,BLK_15S,12,후면SAW,4,2025-08-06 21:19:12,2025-08-06 21:41:09,21.9,,공통
b190_overload_r1,Proposed,15,BLK_15S,12,NC,5,2025-08-06 23:12:11,2025-08-06 23:46:36,34.4,,공통
b190_overload_r1,Proposed,15,BLK_15S,12,베이36B 론지취부,6,2025-08-07 00:24:07,2025-08-07 01:05:55,41.8,36B,베이36B
b190_overload_r1,Proposed,15,BLK_15S,12,베이36B 론지용접,7,2025-08-07 01:05:55,2025-08-07 01:21:06,15.2,36B,베이36B
b190_overload_r1,Proposed,15,BLK_15S,12,베이36B 수정,8,2025-08-07 01:51:41,2025-08-07 02:16:32,24.9,36B,베이36B
b190_overload_r1,Proposed,37,BLK_37C,13,판계,1,2025-08-06 14:06:18,2025-08-06 14:28:18,22.0,,공통
b190_overload_r1,Proposed,37,BLK_37C,13,전면SAW,2,2025-08-06 20:56:29,2025-08-06 21:37:38,41.2,,공통
b190_overload_r1,Proposed,37,BLK_37C,13,TurnOver,3,2025-08-06 21:37:38,2025-08-06 21:50:50,13.2,,공통
b190_overload_r1,Proposed,37,BLK_37C,13,후면SAW,4,2025-08-06 21:50:50,2025-08-06 22:21:45,30.9,,공통
b190_overload_r1,Proposed,37,BLK_37C,13,NC,5,2025-08-06 23:46:36,2025-08-07 00:20:32,33.9,,공통
b190_overload_r1,Proposed,37,BLK_37C,13,베이35A 론지취부,6,2025-08-07 00:33:37,2025-08-07 01:30:49,57.2,35A,베이35A
b190_overload_r1,Proposed,37,BLK_37C,13,베이35A 론지용접,7,2025-08-07 01:30:49,2025-08-07 01:53:03,22.2,35A,베이35A
b190_overload_r1,Proposed,37,BLK_37C,13,베이35A 수정,8,2025-08-07 01:53:03,2025-08-07 02:27:35,34.5,35A,베이35A
b190_overload_r1,Proposed,29,BLK_29C,14,판계,1,2025-08-06 14:28:18,2025-08-06 15:01:18,33.0,,공통
b190_overload_r1,Proposed,29,BLK_29C,14,전면SAW,2,2025-08-06 21:37:38,2025-08-06 22:12:47,35.1,,공통
b190_overload_r1,Proposed,29,BLK_29C,14,TurnOver,3,2025-08-06 22:12:47,2025-08-06 22:25:59,13.2,,공통
b190_overload_r1,Proposed,29,BLK_29C,14,후면SAW,4,2025-08-06 22:25:59,2025-08-06 22:48:59,23.0,,공통
b190_overload_r1,Proposed,29,BLK_29C,14,NC,5,2025-08-07 00:20:32,2025-08-07 01:07:02,46.5,,공통
b190_overload_r1,Proposed,29,BLK_29C,14,베이36B 론지취부,6,2025-08-07 01:07:02,2025-08-07 02:15:47,68.8,36B,베이36B
b190_overload_r1,Proposed,29,BLK_29C,14,베이36B 론지용접,7,2025-08-07 02:15:47,2025-08-07 02:39:59,24.2,36B,베이36B
b190_overload_r1,Proposed,29,BLK_29C,14,베이36B 수정,8,2025-08-07 02:39:59,2025-08-07 03:21:47,41.8,36B,베이36B
b190_overload_r1,Proposed,53,BLK_53C,15,판계,1,2025-08-06 15:01:18,2025-08-06 15:23:18,22.0,,공통
b190_overload_r1,Proposed,53,BLK_53C,15,전면SAW,2,2025-08-06 22:12:47,2025-08-06 22:50:41,37.9,,공통
b190_overload_r1,Proposed,53,BLK_53C,15,TurnOver,3,2025-08-06 22:50:41,2025-08-06 23:03:53,13.2,,공통
b190_overload_r1,Proposed,53,BLK_53C,15,후면SAW,4,2025-08-06 23:03:53,2025-08-06 23:30:31,26.6,,공통
b190_overload_r1,Proposed,53,BLK_53C,15,NC,5,2025-08-07 01:07:02,2025-08-07 01:38:48,31.8,,공통
b190_overload_r1,Proposed,53,BLK_53C,15,베이35A 론지취부,6,2025-08-07 01:38:48,2025-08-07 02:36:00,57.2,35A,베이35A
b190_overload_r1,Proposed,53,BLK_53C,15,베이35A 론지용접,7,2025-08-07 02:36:00,2025-08-07 02:58:13,22.2,35A,베이35A
b190_overload_r1,Proposed,53,BLK_53C,15,베이35A 수정,8,2025-08-07 02:58:13,2025-08-07 03:32:45,34.5,35A,베이35A
b190_overload_r1,Proposed,25,BLK_25S,16,판계,1,2025-08-06 15:23:18,2025-08-06 15:50:48,27.5,,공통
b190_overload_r1,Proposed,25,BLK_25S,16,전면SAW,2,2025-08-06 22:50:41,2025-08-06 23:24:27,33.8,,공통
b190_overload_r1,Proposed,25,BLK_25S,16,TurnOver,3,2025-08-06 23:24:27,2025-08-06 23:37:39,13.2,,공통
b190_overload_r1,Proposed,25,BLK_25S,16,후면SAW,4,2025-08-06 23:37:39,2025-08-06 23:58:51,21.2,,공통
b190_overload_r1,Proposed,25,BLK_25S,16,NC,5,2025-08-07 01:38:48,2025-08-07 02:16:09,37.4,,공통
b190_overload_r1,Proposed,25,BLK_25S,16,베이36B 론지취부,6,2025-08-07 02:16:09,2025-08-07 03:05:39,49.5,36B,베이36B
b190_overload_r1,Proposed,25,BLK_25S,16,베이36B 론지용접,7,2025-08-07 03:05:39,2025-08-07 03:26:33,20.9,36B,베이36B
b190_overload_r1,Proposed,25,BLK_25S,16,베이36B 수정,8,2025-08-07 03:26:33,2025-08-07 03:56:15,29.7,36B,베이36B
b190_overload_r1,Proposed,124,BLK_124P,17,판계,1,2025-08-06 15:50:48,2025-08-06 16:21:36,30.8,,공통
b190_overload_r1,Proposed,124,BLK_124P,17,전면SAW,2,2025-08-06 23:24:27,2025-08-07 01:22:07,117.7,,공통
b190_overload_r1,Proposed,124,BLK_124P,17,TurnOver,3,2025-08-07 01:22:07,2025-08-07 01:35:19,13.2,,공통
b190_overload_r1,Proposed,124,BLK_124P,17,후면SAW,4,2025-08-07 01:35:19,2025-08-07 03:09:07,93.8,,공통
b190_overload_r1,Proposed,124,BLK_124P,17,NC,5,2025-08-07 03:09:07,2025-08-07 03:45:57,36.8,,공통
b190_overload_r1,Proposed,124,BLK_124P,17,베이35A 론지취부,6,2025-08-07 03:45:57,2025-08-07 04:23:54,38.0,35A,베이35A
b190_overload_r1,Proposed,124,BLK_124P,17,베이35A 론지용접,7,2025-08-07 04:23:54,2025-08-07 04:42:50,18.9,35A,베이35A
b190_overload_r1,Proposed,124,BLK_124P,17,베이35A 수정,8,2025-08-07 04:42:50,2025-08-07 05:05:16,22.4,35A,베이35A
b190_overload_r1,Proposed,96,BLK_96C,18,판계,1,2025-08-06 16:21:36,2025-08-06 16:54:36,33.0,,공통
b190_overload_r1,Proposed,96,BLK_96C,18,전면SAW,2,2025-08-07 01:22:07,2025-08-07 01:58:31,36.4,,공통
b190_overload_r1,Proposed,96,BLK_96C,18,TurnOver,3,2025-08-07 01:58:31,2025-08-07 02:11:43,13.2,,공통
b190_overload_r1,Proposed,96,BLK_96C,18,후면SAW,4,2025-08-07 03:09:07,2025-08-07 03:33:47,24.7,,공통
b190_overload_r1,Proposed,96,BLK_96C,18,NC,5,2025-08-07 03:45:57,2025-08-07 04:32:06,46.1,,공통
b190_overload_r1,Proposed,96,BLK_96C,18,베이36B 론지취부,6,2025-08-07 04:32:06,2025-08-07 05:52:24,80.3,36B,베이36B
b190_overload_r1,Proposed,96,BLK_96C,18,베이36B 론지용접,7,2025-08-07 05:52:24,2025-08-07 06:18:35,26.2,36B,베이36B
b190_overload_r1,Proposed,96,BLK_96C,18,베이36B 수정,8,2025-08-07 06:18:35,2025-08-07 07:07:39,49.1,36B,베이36B
b190_overload_r1,Proposed,35,BLK_35S,19,판계,1,2025-08-06 16:54:36,2025-08-06 17:16:36,22.0,,공통
b190_overload_r1,Proposed,35,BLK_35S,19,전면SAW,2,2025-08-07 01:58:31,2025-08-07 04:32:25,153.9,,공통
b190_overload_r1,Proposed,35,BLK_35S,19,TurnOver,3,2025-08-07 04:32:25,2025-08-07 04:45:37,13.2,,공통
b190_overload_r1,Proposed,35,BLK_35S,19,후면SAW,4,2025-08-07 04:45:37,2025-08-07 07:25:15,159.6,,공통
b190_overload_r1,Proposed,35,BLK_35S,19,NC,5,2025-08-07 07:25:15,2025-08-07 07:54:04,28.8,,공통
b190_overload_r1,Proposed,35,BLK_35S,19,베이35A 론지취부,6,2025-08-07 07:54:04,2025-08-07 08:43:34,49.5,35A,베이35A
b190_overload_r1,Proposed,35,BLK_35S,19,베이35A 론지용접,7,2025-08-07 08:43:34,2025-08-07 09:00:04,16.5,35A,베이35A
b190_overload_r1,Proposed,35,BLK_35S,19,베이35A 수정,8,2025-08-07 09:00:04,2025-08-07 09:29:46,29.7,35A,베이35A
b190_overload_r1,Proposed,104,BLK_104C,20,판계,1,2025-08-06 17:16:36,2025-08-06 17:44:06,27.5,,공통
b190_overload_r1,Proposed,104,BLK_104C,20,전면SAW,2,2025-08-07 04:32:25,2025-08-07 05:21:10,48.8,,공통
b190_overload_r1,Proposed,104,BLK_104C,20,TurnOver,3,2025-08-07 05:21:10,2025-08-07 05:34:22,13.2,,공통
b190_overload_r1,Proposed,104,BLK_104C,20,후면SAW,4,2025-08-07 07:25:15,2025-08-07 08:06:12,40.9,,공통
b190_overload_r1,Proposed,104,BLK_104C,20,NC,5,2025-08-07 08:06:12,2025-08-07 08:42:56,36.7,,공통
b190_overload_r1,Proposed,104,BLK_104C,20,베이36B 론지취부,6,2025-08-07 08:42:56,2025-08-07 09:36:17,53.4,36B,베이36B
b190_overload_r1,Proposed,104,BLK_104C,20,베이36B 론지용접,7,2025-08-07 09:36:17,2025-08-07 09:57:51,21.6,36B,베이36B
b190_overload_r1,Proposed,104,BLK_104C,20,베이36B 수정,8,2025-08-07 09:57:51,2025-08-07 10:29:58,32.1,36B,베이36B
b190_overload_r1,Proposed,86,BLK_86S,21,판계,1,2025-08-06 17:44:06,2025-08-06 18:06:06,22.0,,공통
b190_overload_r1,Proposed,86,BLK_86S,21,전면SAW,2,2025-08-07 05:21:10,2025-08-07 07:40:04,138.9,,공통
b190_overload_r1,Proposed,86,BLK_86S,21,TurnOver,3,2025-08-07 07:40:04,2025-08-07 07:53:16,13.2,,공통
b190_overload_r1,Proposed,86,BLK_86S,21,후면SAW,4,2025-08-07 08:06:12,2025-08-07 09:59:22,113.2,,공통
b190_overload_r1,Proposed,86,BLK_86S,21,NC,5,2025-08-07 09:59:22,2025-08-07 10:27:56,28.6,,공통
b190_overload_r1,Proposed,86,BLK_86S,21,베이35A 론지취부,6,2025-08-07 10:27:56,2025-08-07 11:21:17,53.4,35A,베이35A
b190_overload_r1,Proposed,86,BLK_86S,21,베이35A 론지용접,7,2025-08-07 11:21:17,2025-08-07 11:42:50,21.6,35A,베이35A
b190_overload_r1,Proposed,86,BLK_86S,21,베이35A 수정,8,2025-08-07 11:42:50,2025-08-07 12:14:58,32.1,35A,베이35A
b190_overload_r1,Proposed,23,BLK_23P,22,판계,1,2025-08-06 18:06:06,2025-08-06 18:19:18,13.2,,공통
b190_overload_r1,Proposed,23,BLK_23P,22,전면SAW,2,2025-08-07 07:40:04,2025-08-07 08:21:59,41.9,,공통
b190_overload_r1,Proposed,23,BLK_23P,22,TurnOver,3,2025-08-07 08:21:59,2025-08-07 08:35:11,13.2,,공통
b190_overload_r1,Proposed,23,BLK_23P,22,후면SAW,4,2025-08-07 09:59:22,2025-08-07 10:31:18,31.9,,공통
b190_overload_r1,Proposed,23,BLK_23P,22,NC,5,2025-08-07 10:31:18,2025-08-07 10:54:30,23.2,,공통
b190_overload_r1,Proposed,23,BLK_23P,22,베이36B 론지취부,6,2025-08-07 10:54:30,2025-08-07 11:28:36,34.1,36B,베이36B
b190_overload_r1,Proposed,23,BLK_23P,22,베이36B 론지용접,7,2025-08-07 11:28:36,2025-08-07 11:42:27,13.9,36B,베이36B
b190_overload_r1,Proposed,23,BLK_23P,22,베이36B 수정,8,2025-08-07 11:42:27,2025-08-07 12:02:28,20.0,36B,베이36B
b190_overload_r1,Proposed,20,BLK_20P,1,판계,1,2025-08-07 08:00:00,2025-08-07 08:22:00,22.0,,공통
b190_overload_r1,Proposed,20,BLK_20P,1,전면SAW,2,2025-08-07 08:22:00,2025-08-07 10:43:03,141.1,,공통
b190_overload_r1,Proposed,20,BLK_20P,1,TurnOver,3,2025-08-07 10:43:03,2025-08-07 10:56:15,13.2,,공통
b190_overload_r1,Proposed,20,BLK_20P,1,후면SAW,4,2025-08-07 10:56:15,2025-08-07 12:51:25,115.2,,공통
b190_overload_r1,Proposed,20,BLK_20P,1,NC,5,2025-08-07 12:51:25,2025-08-07 13:21:48,30.4,,공통
b190_overload_r1,Proposed,20,BLK_20P,1,베이35A 론지취부,6,2025-08-07 13:21:48,2025-08-07 14:03:36,41.8,35A,베이35A
b190_overload_r1,Proposed,20,BLK_20P,1,베이35A 론지용접,7,2025-08-07 14:03:36,2025-08-07 14:23:11,19.6,35A,베이35A
b190_overload_r1,Proposed,20,BLK_20P,1,베이35A 수정,8,2025-08-07 14:23:11,2025-08-07 14:48:02,24.9,35A,베이35A
b190_overload_r1,Proposed,182,BLK_20S,2,판계,1,2025-08-07 08:22:00,2025-08-07 08:44:00,22.0,,공통
b190_overload_r1,Proposed,182,BLK_20S,2,전면SAW,2,2025-08-07 10:43:03,2025-08-07 13:04:07,141.1,,공통
b190_overload_r1,Proposed,182,BLK_20S,2,TurnOver,3,2025-08-07 13:04:07,2025-08-07 13:17:19,13.2,,공통
b190_overload_r1,Proposed,182,BLK_20S,2,후면SAW,4,2025-08-07 13:17:19,2025-08-07 15:12:29,115.2,,공통
b190_overload_r1,Proposed,182,BLK_20S,2,NC,5,2025-08-07 15:12:29,2025-08-07 15:42:52,30.4,,공통
b190_overload_r1,Proposed,182,BLK_20S,2,베이36B 론지취부,6,2025-08-07 15:42:52,2025-08-07 16:24:40,41.8,36B,베이36B
b190_overload_r1,Proposed,182,BLK_20S,2,베이36B 론지용접,7,2025-08-07 16:24:40,2025-08-07 16:44:14,19.6,36B,베이36B
b190_overload_r1,Proposed,182,BLK_20S,2,베이36B 수정,8,2025-08-07 16:44:14,2025-08-07 17:09:06,24.9,36B,베이36B
b190_overload_r1,Proposed,76,BLK_76C,3,판계,1,2025-08-07 08:44:00,2025-08-07 09:06:00,22.0,,공통
b190_overload_r1,Proposed,76,BLK_76C,3,전면SAW,2,2025-08-07 13:04:07,2025-08-07 13:41:56,37.8,,공통
b190_overload_r1,Proposed,76,BLK_76C,3,TurnOver,3,2025-08-07 13:41:56,2025-08-07 13:55:08,13.2,,공통
b190_overload_r1,Proposed,76,BLK_76C,3,후면SAW,4,2025-08-07 15:12:29,2025-08-07 15:39:01,26.5,,공통
b190_overload_r1,Proposed,76,BLK_76C,3,NC,5,2025-08-07 15:42:52,2025-08-07 16:15:05,32.2,,공통
b190_overload_r1,Proposed,76,BLK_76C,3,베이35A 론지취부,6,2025-08-07 16:15:05,2025-08-07 17:19:59,64.9,35A,베이35A
b190_overload_r1,Proposed,76,BLK_76C,3,베이35A 론지용접,7,2025-08-07 17:19:59,2025-08-07 17:43:32,23.5,35A,베이35A
b190_overload_r1,Proposed,76,BLK_76C,3,베이35A 수정,8,2025-08-07 17:43:32,2025-08-07 18:22:55,39.4,35A,베이35A
b190_overload_r1,Proposed,43,BLK_43S,4,판계,1,2025-08-07 09:06:00,2025-08-07 09:36:48,30.8,,공통
b190_overload_r1,Proposed,43,BLK_43S,4,전면SAW,2,2025-08-07 13:41:56,2025-08-07 15:54:10,132.2,,공통
b190_overload_r1,Proposed,43,BLK_43S,4,TurnOver,3,2025-08-07 15:54:10,2025-08-07 16:07:22,13.2,,공통
b190_overload_r1,Proposed,43,BLK_43S,4,후면SAW,4,2025-08-07 16:07:22,2025-08-07 17:54:28,107.1,,공통
b190_overload_r1,Proposed,43,BLK_43S,4,NC,5,2025-08-07 17:54:28,2025-08-07 18:32:02,37.6,,공통
b190_overload_r1,Proposed,43,BLK_43S,4,베이36B 론지취부,6,2025-08-07 18:32:02,2025-08-07 19:44:38,72.6,36B,베이36B
b190_overload_r1,Proposed,43,BLK_43S,4,베이36B 론지용접,7,2025-08-07 19:44:38,2025-08-07 20:09:29,24.9,36B,베이36B
b190_overload_r1,Proposed,43,BLK_43S,4,베이36B 수정,8,2025-08-07 20:09:29,2025-08-07 20:53:43,44.2,36B,베이36B
b190_overload_r1,Proposed,4,BLK_4C,5,판계,1,2025-08-07 09:36:48,2025-08-07 10:04:18,27.5,,공통
b190_overload_r1,Proposed,4,BLK_4C,5,전면SAW,2,2025-08-07 15:54:10,2025-08-07 16:26:54,32.7,,공통
b190_overload_r1,Proposed,4,BLK_4C,5,TurnOver,3,2025-08-07 16:26:54,2025-08-07 16:40:06,13.2,,공통
b190_overload_r1,Proposed,4,BLK_4C,5,후면SAW,4,2025-08-07 17:54:28,2025-08-07 18:14:18,19.8,,공통
b190_overload_r1,Proposed,4,BLK_4C,5,NC,5,2025-08-07 18:32:02,2025-08-07 19:07:32,35.5,,공통
b190_overload_r1,Proposed,4,BLK_4C,5,베이35A 론지취부,6,2025-08-07 19:07:32,2025-08-07 20:04:44,57.2,35A,베이35A
b190_overload_r1,Proposed,4,BLK_4C,5,베이35A 론지용접,7,2025-08-07 20:04:44,2025-08-07 20:26:57,22.2,35A,베이35A
b190_overload_r1,Proposed,4,BLK_4C,5,베이35A 수정,8,2025-08-07 20:26:57,2025-08-07 21:01:29,34.5,35A,베이35A
b190_overload_r1,Proposed,19,BLK_19S,6,판계,1,2025-08-07 10:04:18,2025-08-07 10:31:48,27.5,,공통
b190_overload_r1,Proposed,19,BLK_19S,6,전면SAW,2,2025-08-07 16:26:54,2025-08-07 17:04:02,37.1,,공통
b190_overload_r1,Proposed,19,BLK_19S,6,TurnOver,3,2025-08-07 17:04:02,2025-08-07 17:17:14,13.2,,공통
b190_overload_r1,Proposed,19,BLK_19S,6,후면SAW,4,2025-08-07 18:14:18,2025-08-07 18:39:55,25.6,,공통
b190_overload_r1,Proposed,19,BLK_19S,6,NC,5,2025-08-07 19:07:32,2025-08-07 19:50:47,43.3,,공통
b190_overload_r1,Proposed,19,BLK_19S,6,베이36B 론지취부,6,2025-08-07 19:50:47,2025-08-07 20:51:50,61.1,36B,베이36B
b190_overload_r1,Proposed,19,BLK_19S,6,베이36B 론지용접,7,2025-08-07 20:51:50,2025-08-07 21:14:43,22.9,36B,베이36B
b190_overload_r1,Proposed,19,BLK_19S,6,베이36B 수정,8,2025-08-07 21:14:43,2025-08-07 21:51:41,37.0,36B,베이36B
b190_overload_r1,Proposed,61,BLK_61P,7,판계,1,2025-08-07 10:31:48,2025-08-07 10:59:18,27.5,,공통
b190_overload_r1,Proposed,61,BLK_61P,7,전면SAW,2,2025-08-07 17:04:02,2025-08-07 17:46:37,42.6,,공통
b190_overload_r1,Proposed,61,BLK_61P,7,TurnOver,3,2025-08-07 17:46:37,2025-08-07 17:59:49,13.2,,공통
b190_overload_r1,Proposed,61,BLK_61P,7,후면SAW,4,2025-08-07 18:39:55,2025-08-07 19:12:42,32.8,,공통
b190_overload_r1,Proposed,61,BLK_61P,7,NC,5,2025-08-07 19:50:47,2025-08-07 20:28:22,37.6,,공통
b190_overload_r1,Proposed,61,BLK_61P,7,베이35A 론지취부,6,2025-08-07 20:28:22,2025-08-07 21:06:19,38.0,35A,베이35A
b190_overload_r1,Proposed,61,BLK_61P,7,베이35A 론지용접,7,2025-08-07 21:06:19,2025-08-07 21:25:14,18.9,35A,베이35A
b190_overload_r1,Proposed,61,BLK_61P,7,베이35A 수정,8,2025-08-07 21:25:14,2025-08-07 21:47:41,22.4,35A,베이35A
b190_overload_r1,Proposed,65,BLK_65S,8,판계,1,2025-08-07 10:59:18,2025-08-07 11:12:30,13.2,,공통
b190_overload_r1,Proposed,65,BLK_65S,8,전면SAW,2,2025-08-07 17:46:37,2025-08-07 18:27:35,41.0,,공통
b190_overload_r1,Proposed,65,BLK_65S,8,TurnOver,3,2025-08-07 18:27:35,2025-08-07 18:40:47,13.2,,공통
b190_overload_r1,Proposed,65,BLK_65S,8,후면SAW,4,2025-08-07 19:12:42,2025-08-07 19:43:23,30.7,,공통
b190_overload_r1,Proposed,65,BLK_65S,8,NC,5,2025-08-07 20:28:22,2025-08-07 20:50:43,22.4,,공통
b190_overload_r1,Proposed,65,BLK_65S,8,베이36B 론지취부,6,2025-08-07 20:51:50,2025-08-07 21:22:05,30.3,36B,베이36B
b190_overload_r1,Proposed,65,BLK_65S,8,베이36B 론지용접,7,2025-08-07 21:22:05,2025-08-07 21:35:17,13.2,36B,베이36B
b190_overload_r1,Proposed,65,BLK_65S,8,베이36B 수정,8,2025-08-07 21:51:41,2025-08-07 22:09:17,17.6,36B,베이36B
b190_overload_r1,Proposed,119,BLK_119C,9,판계,1,2025-08-07 11:12:30,2025-08-07 11:45:30,33.0,,공통
b190_overload_r1,Proposed,119,BLK_119C,9,전면SAW,2,2025-08-07 18:27:35,2025-08-07 19:10:43,43.1,,공통
b190_overload_r1,Proposed,119,BLK_119C,9,TurnOver,3,2025-08-07 19:10:43,2025-08-07 19:23:55,13.2,,공통
b190_overload_r1,Proposed,119,BLK_119C,9,후면SAW,4,2025-08-07 19:43:23,2025-08-07 20:16:54,33.5,,공통
b190_overload_r1,Proposed,119,BLK_119C,9,NC,5,2025-08-07 20:50:43,2025-08-07 21:45:42,55.0,,공통
b190_overload_r1,Proposed,119,BLK_119C,9,베이35A 론지취부,6,2025-08-07 21:45:42,2025-08-07 23:06:00,80.3,35A,베이35A
b190_overload_r1,Proposed,119,BLK_119C,9,베이35A 론지용접,7,2025-08-07 23:06:00,2025-08-07 23:32:11,26.2,35A,베이35A
b190_overload_r1,Proposed,119,BLK_119C,9,베이35A 수정,8,2025-08-07 23:32:11,2025-08-08 00:21:15,49.1,35A,베이35A
b190_overload_r1,Proposed,174,BLK_174P,10,판계,1,2025-08-07 11:45:30,2025-08-07 12:21:48,36.3,,공통
b190_overload_r1,Proposed,174,BLK_174P,10,전면SAW,2,2025-08-07 19:10:43,2025-08-07 21:11:30,120.8,,공통
b190_overload_r1,Proposed,174,BLK_174P,10,TurnOver,3,2025-08-07 21:11:30,2025-08-07 21:24:42,13.2,,공통
b190_overload_r1,Proposed,174,BLK_174P,10,후면SAW,4,2025-08-07 21:24:42,2025-08-07 23:25:44,121.0,,공통
b190_overload_r1,Proposed,174,BLK_174P,10,NC,5,2025-08-07 23:25:44,2025-08-08 00:08:46,43.0,,공통
b190_overload_r1,Proposed,174,BLK_174P,10,베이36B 론지취부,6,2025-08-08 00:08:46,2025-08-08 01:09:49,61.1,36B,베이36B
b190_overload_r1,Proposed,174,BLK_174P,10,베이36B 론지용접,7,2025-08-08 01:09:49,2025-08-08 01:32:42,22.9,36B,베이36B
b190_overload_r1,Proposed,174,BLK_174P,10,베이36B 수정,8,2025-08-08 01:32:42,2025-08-08 02:09:39,37.0,36B,베이36B
b190_overload_r1,Proposed,181,BLK_174S,11,판계,1,2025-08-07 12:21:48,2025-08-07 12:58:06,36.3,,공통
b190_overload_r1,Proposed,181,BLK_174S,11,전면SAW,2,2025-08-07 21:11:30,2025-08-07 23:12:17,120.8,,공통
b190_overload_r1,Proposed,181,BLK_174S,11,TurnOver,3,2025-08-07 23:12:17,2025-08-07 23:25:29,13.2,,공통
b190_overload_r1,Proposed,181,BLK_174S,11,후면SAW,4,2025-08-07 23:25:44,2025-08-08 01:26:46,121.0,,공통
b190_overload_r1,Proposed,181,BLK_174S,11,NC,5,2025-08-08 01:26:46,2025-08-08 02:09:48,43.0,,공통
b190_overload_r1,Proposed,181,BLK_174S,11,베이35A 론지취부,6,2025-08-08 02:09:48,2025-08-08 03:10:51,61.1,35A,베이35A
b190_overload_r1,Proposed,181,BLK_174S,11,베이35A 론지용접,7,2025-08-08 03:10:51,2025-08-08 03:33:43,22.9,35A,베이35A
b190_overload_r1,Proposed,181,BLK_174S,11,베이35A 수정,8,2025-08-08 03:33:43,2025-08-08 04:10:41,37.0,35A,베이35A
b190_overload_r1,Proposed,82,BLK_82C,12,판계,1,2025-08-07 12:58:06,2025-08-07 13:47:36,49.5,,공통
b190_overload_r1,Proposed,82,BLK_82C,12,전면SAW,2,2025-08-07 23:12:17,2025-08-08 02:41:17,209.0,,공통
b190_overload_r1,Proposed,82,BLK_82C,12,TurnOver,3,2025-08-08 02:41:17,2025-08-08 02:54:29,13.2,,공통
b190_overload_r1,Proposed,82,BLK_82C,12,후면SAW,4,2025-08-08 02:54:29,2025-08-08 05:55:59,181.5,,공통
b190_overload_r1,Proposed,82,BLK_82C,12,NC,5,2025-08-08 05:55:59,2025-08-08 07:02:46,66.8,,공통
b190_overload_r1,Proposed,82,BLK_82C,12,베이36B 론지취부,6,2025-08-08 07:02:46,2025-08-08 08:30:46,88.0,36B,베이36B
b190_overload_r1,Proposed,82,BLK_82C,12,베이36B 론지용접,7,2025-08-08 08:30:46,2025-08-08 08:58:16,27.5,36B,베이36B
b190_overload_r1,Proposed,82,BLK_82C,12,베이36B 수정,8,2025-08-08 08:58:16,2025-08-08 09:52:10,53.9,36B,베이36B
b190_overload_r1,Proposed,101,BLK_101P,13,판계,1,2025-08-07 13:47:36,2025-08-07 14:20:36,33.0,,공통
b190_overload_r1,Proposed,101,BLK_101P,13,전면SAW,2,2025-08-08 02:41:17,2025-08-08 03:24:38,43.4,,공통
b190_overload_r1,Proposed,101,BLK_101P,13,TurnOver,3,2025-08-08 03:24:38,2025-08-08 03:37:50,13.2,,공통
b190_overload_r1,Proposed,101,BLK_101P,13,후면SAW,4,2025-08-08 05:55:59,2025-08-08 06:29:47,33.8,,공통
b190_overload_r1,Proposed,101,BLK_101P,13,NC,5,2025-08-08 07:02:46,2025-08-08 07:49:34,46.8,,공통
b190_overload_r1,Proposed,101,BLK_101P,13,베이35A 론지취부,6,2025-08-08 07:49:34,2025-08-08 09:25:16,95.7,35A,베이35A
b190_overload_r1,Proposed,101,BLK_101P,13,베이35A 론지용접,7,2025-08-08 09:25:16,2025-08-08 09:54:06,28.8,35A,베이35A
b190_overload_r1,Proposed,101,BLK_101P,13,베이35A 수정,8,2025-08-08 09:54:06,2025-08-08 10:52:50,58.7,35A,베이35A
b190_overload_r1,Proposed,116,BLK_116S,14,판계,1,2025-08-07 14:20:36,2025-08-07 15:10:06,49.5,,공통
b190_overload_r1,Proposed,116,BLK_116S,14,전면SAW,2,2025-08-08 03:24:38,2025-08-08 06:28:16,183.6,,공통
b190_overload_r1,Proposed,116,BLK_116S,14,TurnOver,3,2025-08-08 06:28:16,2025-08-08 06:41:28,13.2,,공통
b190_overload_r1,Proposed,116,BLK_116S,14,후면SAW,4,2025-08-08 06:41:28,2025-08-08 09:22:06,160.6,,공통
b190_overload_r1,Proposed,116,BLK_116S,14,NC,5,2025-08-08 09:22:06,2025-08-08 10:34:08,72.0,,공통
b190_overload_r1,Proposed,116,BLK_116S,14,베이36B 론지취부,6,2025-08-08 10:34:08,2025-08-08 12:25:14,111.1,36B,베이36B
b190_overload_r1,Proposed,116,BLK_116S,14,베이36B 론지용접,7,2025-08-08 12:25:14,2025-08-08 12:56:42,31.5,36B,베이36B
b190_overload_r1,Proposed,116,BLK_116S,14,베이36B 수정,8,2025-08-08 12:56:42,2025-08-08 14:05:07,68.4,36B,베이36B
b190_overload_r1,Proposed,126,BLK_126S,15,판계,1,2025-08-07 15:10:06,2025-08-07 15:23:18,13.2,,공통
b190_overload_r1,Proposed,126,BLK_126S,15,전면SAW,2,2025-08-08 06:28:16,2025-08-08 07:18:31,50.2,,공통
b190_overload_r1,Proposed,126,BLK_126S,15,TurnOver,3,2025-08-08 07:18:31,2025-08-08 07:31:43,13.2,,공통
b190_overload_r1,Proposed,126,BLK_126S,15,후면SAW,4,2025-08-08 09:22:06,2025-08-08 10:04:59,42.9,,공통
b190_overload_r1,Proposed,126,BLK_126S,15,NC,5,2025-08-08 10:34:08,2025-08-08 10:58:28,24.3,,공통
b190_overload_r1,Proposed,126,BLK_126S,15,베이35A 론지취부,6,2025-08-08 10:58:28,2025-08-08 12:03:22,64.9,35A,베이35A
b190_overload_r1,Proposed,126,BLK_126S,15,베이35A 론지용접,7,2025-08-08 12:03:22,2025-08-08 12:26:54,23.5,35A,베이35A
b190_overload_r1,Proposed,126,BLK_126S,15,베이35A 수정,8,2025-08-08 12:26:54,2025-08-08 13:06:17,39.4,35A,베이35A
b190_overload_r1,Proposed,140,BLK_140P,16,판계,1,2025-08-07 15:23:18,2025-08-07 16:05:06,41.8,,공통
b190_overload_r1,Proposed,140,BLK_140P,16,전면SAW,2,2025-08-08 07:18:31,2025-08-08 09:10:41,112.2,,공통
b190_overload_r1,Proposed,140,BLK_140P,16,TurnOver,3,2025-08-08 09:10:41,2025-08-08 09:23:53,13.2,,공통
b190_overload_r1,Proposed,140,BLK_140P,16,후면SAW,4,2025-08-08 10:04:59,2025-08-08 11:55:59,111.0,,공통
b190_overload_r1,Proposed,140,BLK_140P,16,NC,5,2025-08-08 11:55:59,2025-08-08 12:48:05,52.1,,공통
b190_overload_r1,Proposed,140,BLK_140P,16,베이36B 론지취부,6,2025-08-08 12:48:05,2025-08-08 13:56:50,68.8,36B,베이36B
b190_overload_r1,Proposed,140,BLK_140P,16,베이36B 론지용접,7,2025-08-08 13:56:50,2025-08-08 14:21:02,24.2,36B,베이36B
b190_overload_r1,Proposed,140,BLK_140P,16,베이36B 수정,8,2025-08-08 14:21:02,2025-08-08 15:02:50,41.8,36B,베이36B
b190_overload_r1,Proposed,176,BLK_176C,17,판계,1,2025-08-07 16:05:06,2025-08-07 16:32:36,27.5,,공통
b190_overload_r1,Proposed,176,BLK_176C,17,전면SAW,2,2025-08-08 09:10:41,2025-08-08 09:45:00,34.3,,공통
b190_overload_r1,Proposed,176,BLK_176C,17,TurnOver,3,2025-08-08 09:45:00,2025-08-08 09:58:12,13.2,,공통
b190_overload_r1,Proposed,176,BLK_176C,17,후면SAW,4,2025-08-08 11:55:59,2025-08-08 12:17:54,21.9,,공통
b190_overload_r1,Proposed,176,BLK_176C,17,NC,5,2025-08-08 12:48:05,2025-08-08 13:29:14,41.2,,공통
b190_overload_r1,Proposed,176,BLK_176C,17,베이35A 론지취부,6,2025-08-08 13:29:14,2025-08-08 15:01:05,91.9,35A,베이35A
b190_overload_r1,Proposed,176,BLK_176C,17,베이35A 론지용접,7,2025-08-08 15:01:05,2025-08-08 15:29:15,28.2,35A,베이35A
b190_overload_r1,Proposed,176,BLK_176C,17,베이35A 수정,8,2025-08-08 15:29:15,2025-08-08 16:25:34,56.3,35A,베이35A
b190_overload_r1,Proposed,131,BLK_131P,18,판계,1,2025-08-07 16:32:36,2025-08-07 17:05:36,33.0,,공통
b190_overload_r1,Proposed,131,BLK_131P,18,전면SAW,2,2025-08-08 09:45:00,2025-08-08 11:46:57,122.0,,공통
b190_overload_r1,Proposed,131,BLK_131P,18,TurnOver,3,2025-08-08 11:46:57,2025-08-08 12:00:09,13.2,,공통
b190_overload_r1,Proposed,131,BLK_131P,18,후면SAW,4,2025-08-08 12:17:54,2025-08-08 14:20:18,122.4,,공통
b190_overload_r1,Proposed,131,BLK_131P,18,NC,5,2025-08-08 14:20:18,2025-08-08 15:18:14,57.9,,공통
b190_overload_r1,Proposed,131,BLK_131P,18,베이36B 론지취부,6,2025-08-08 15:18:14,2025-08-08 16:46:14,88.0,36B,베이36B
b190_overload_r1,Proposed,131,BLK_131P,18,베이36B 론지용접,7,2025-08-08 16:46:14,2025-08-08 17:13:44,27.5,36B,베이36B
b190_overload_r1,Proposed,131,BLK_131P,18,베이36B 수정,8,2025-08-08 17:13:44,2025-08-08 18:07:38,53.9,36B,베이36B
b190_overload_r1,Proposed,81,BLK_81C,19,판계,1,2025-08-07 17:05:36,2025-08-07 17:49:36,44.0,,공통
b190_overload_r1,Proposed,81,BLK_81C,19,전면SAW,2,2025-08-08 11:46:57,2025-08-08 14:50:19,183.4,,공통
b190_overload_r1,Proposed,81,BLK_81C,19,TurnOver,3,2025-08-08 14:50:19,2025-08-08 15:03:31,13.2,,공통
b190_overload_r1,Proposed,81,BLK_81C,19,후면SAW,4,2025-08-08 15:03:31,2025-08-08 17:34:13,150.7,,공통
b190_overload_r1,Proposed,81,BLK_81C,19,NC,5,2025-08-08 17:34:13,2025-08-08 18:30:19,56.1,,공통
b190_overload_r1,Proposed,81,BLK_81C,19,베이35A 론지취부,6,2025-08-08 18:30:19,2025-08-08 19:35:13,64.9,35A,베이35A
b190_overload_r1,Proposed,81,BLK_81C,19,베이35A 론지용접,7,2025-08-08 19:35:13,2025-08-08 19:58:46,23.5,35A,베이35A
b190_overload_r1,Proposed,81,BLK_81C,19,베이35A 수정,8,2025-08-08 19:58:46,2025-08-08 20:38:09,39.4,35A,베이35A
b190_overload_r1,Proposed,148,BLK_148P,1,판계,1,2025-08-08 08:00:00,2025-08-08 08:30:48,30.8,,공통
b190_overload_r1,Proposed,148,BLK_148P,1,전면SAW,2,2025-08-08 08:30:48,2025-08-08 10:02:09,91.4,,공통
b190_overload_r1,Proposed,148,BLK_148P,1,TurnOver,3,2025-08-08 10:02:09,2025-08-08 10:15:21,13.2,,공통
b190_overload_r1,Proposed,148,BLK_148P,1,후면SAW,4,2025-08-08 10:15:21,2025-08-08 11:25:10,69.8,,공통
b190_overload_r1,Proposed,148,BLK_148P,1,NC,5,2025-08-08 11:25:10,2025-08-08 12:00:26,35.3,,공통
b190_overload_r1,Proposed,148,BLK_148P,1,베이36B 론지취부,6,2025-08-08 12:00:26,2025-08-08 12:46:05,45.7,36B,베이36B
b190_overload_r1,Proposed,148,BLK_148P,1,베이36B 론지용접,7,2025-08-08 12:46:05,2025-08-08 13:06:19,20.2,36B,베이36B
b190_overload_r1,Proposed,148,BLK_148P,1,베이36B 수정,8,2025-08-08 13:06:19,2025-08-08 13:33:36,27.3,36B,베이36B
b190_overload_r1,Proposed,136,BLK_136S,2,판계,1,2025-08-08 08:30:48,2025-08-08 09:03:48,33.0,,공통
b190_overload_r1,Proposed,136,BLK_136S,2,전면SAW,2,2025-08-08 10:02:09,2025-08-08 10:39:29,37.3,,공통
b190_overload_r1,Proposed,136,BLK_136S,2,TurnOver,3,2025-08-08 10:39:29,2025-08-08 10:52:41,13.2,,공통
b190_overload_r1,Proposed,136,BLK_136S,2,후면SAW,4,2025-08-08 11:25:10,2025-08-08 11:51:03,25.9,,공통
b190_overload_r1,Proposed,136,BLK_136S,2,NC,5,2025-08-08 12:00:26,2025-08-08 12:55:15,54.8,,공통
b190_overload_r1,Proposed,136,BLK_136S,2,베이35A 론지취부,6,2025-08-08 12:55:15,2025-08-08 14:07:51,72.6,35A,베이35A
b190_overload_r1,Proposed,136,BLK_136S,2,베이35A 론지용접,7,2025-08-08 14:07:51,2025-08-08 14:32:42,24.9,35A,베이35A
b190_overload_r1,Proposed,136,BLK_136S,2,베이35A 수정,8,2025-08-08 14:32:42,2025-08-08 15:16:55,44.2,35A,베이35A
b190_overload_r1,Proposed,160,BLK_160S,3,판계,1,2025-08-08 09:03:48,2025-08-08 09:31:18,27.5,,공통
b190_overload_r1,Proposed,160,BLK_160S,3,전면SAW,2,2025-08-08 10:39:29,2025-08-08 11:17:07,37.6,,공통
b190_overload_r1,Proposed,160,BLK_160S,3,TurnOver,3,2025-08-08 11:17:07,2025-08-08 11:30:19,13.2,,공통
b190_overload_r1,Proposed,160,BLK_160S,3,후면SAW,4,2025-08-08 11:51:03,2025-08-08 12:17:21,26.3,,공통
b190_overload_r1,Proposed,160,BLK_160S,3,NC,5,2025-08-08 12:55:15,2025-08-08 13:34:37,39.4,,공통
b190_overload_r1,Proposed,160,BLK_160S,3,베이36B 론지취부,6,2025-08-08 13:34:37,2025-08-08 14:51:04,76.5,36B,베이36B
b190_overload_r1,Proposed,160,BLK_160S,3,베이36B 론지용접,7,2025-08-08 14:51:04,2025-08-08 15:16:36,25.5,36B,베이36B
b190_overload_r1,Proposed,160,BLK_160S,3,베이36B 수정,8,2025-08-08 15:16:36,2025-08-08 16:03:14,46.6,36B,베이36B
b190_overload_r1,Proposed,114,BLK_114S,4,판계,1,2025-08-08 09:31:18,2025-08-08 10:04:18,33.0,,공통
b190_overload_r1,Proposed,114,BLK_114S,4,전면SAW,2,2025-08-08 11:17:07,2025-08-08 12:03:44,46.6,,공통
b190_overload_r1,Proposed,114,BLK_114S,4,TurnOver,3,2025-08-08 12:03:44,2025-08-08 12:16:56,13.2,,공통
b190_overload_r1,Proposed,114,BLK_114S,4,후면SAW,4,2025-08-08 12:17:21,2025-08-08 12:55:28,38.1,,공통
b190_overload_r1,Proposed,114,BLK_114S,4,NC,5,2025-08-08 13:34:37,2025-08-08 14:21:28,46.8,,공통
b190_overload_r1,Proposed,114,BLK_114S,4,베이35A 론지취부,6,2025-08-08 14:21:28,2025-08-08 15:49:28,88.0,35A,베이35A
b190_overload_r1,Proposed,114,BLK_114S,4,베이35A 론지용접,7,2025-08-08 15:49:28,2025-08-08 16:16:58,27.5,35A,베이35A
b190_overload_r1,Proposed,114,BLK_114S,4,베이35A 수정,8,2025-08-08 16:16:58,2025-08-08 17:10:52,53.9,35A,베이35A
b190_overload_r1,Proposed,106,BLK_106S,5,판계,1,2025-08-08 10:04:18,2025-08-08 10:37:18,33.0,,공통
b190_overload_r1,Proposed,106,BLK_106S,5,전면SAW,2,2025-08-08 12:03:44,2025-08-08 13:46:10,102.4,,공통
b190_overload_r1,Proposed,106,BLK_106S,5,TurnOver,3,2025-08-08 13:46:10,2025-08-08 13:59:22,13.2,,공통
b190_overload_r1,Proposed,106,BLK_106S,5,후면SAW,4,2025-08-08 13:59:22,2025-08-08 15:19:18,79.9,,공통
b190_overload_r1,Proposed,106,BLK_106S,5,NC,5,2025-08-08 15:19:18,2025-08-08 16:16:12,56.9,,공통
b190_overload_r1,Proposed,106,BLK_106S,5,베이36B 론지취부,6,2025-08-08 16:16:12,2025-08-08 17:28:48,72.6,36B,베이36B
b190_overload_r1,Proposed,106,BLK_106S,5,베이36B 론지용접,7,2025-08-08 17:28:48,2025-08-08 17:53:40,24.9,36B,베이36B
b190_overload_r1,Proposed,106,BLK_106S,5,베이36B 수정,8,2025-08-08 17:53:40,2025-08-08 18:37:53,44.2,36B,베이36B
b190_overload_r1,Proposed,163,BLK_163S,6,판계,1,2025-08-08 10:37:18,2025-08-08 11:04:48,27.5,,공통
b190_overload_r1,Proposed,163,BLK_163S,6,전면SAW,2,2025-08-08 13:46:10,2025-08-08 14:21:10,35.0,,공통
b190_overload_r1,Proposed,163,BLK_163S,6,TurnOver,3,2025-08-08 14:21:10,2025-08-08 14:34:22,13.2,,공통
b190_overload_r1,Proposed,163,BLK_163S,6,후면SAW,4,2025-08-08 15:19:18,2025-08-08 15:42:07,22.8,,공통
b190_overload_r1,Proposed,163,BLK_163S,6,NC,5,2025-08-08 16:16:12,2025-08-08 16:55:24,39.2,,공통
b190_overload_r1,Proposed,163,BLK_163S,6,베이35A 론지취부,6,2025-08-08 16:55:24,2025-08-08 18:15:42,80.3,35A,베이35A
b190_overload_r1,Proposed,163,BLK_163S,6,베이35A 론지용접,7,2025-08-08 18:15:42,2025-08-08 18:41:53,26.2,35A,베이35A
b190_overload_r1,Proposed,163,BLK_163S,6,베이35A 수정,8,2025-08-08 18:41:53,2025-08-08 19:30:57,49.1,35A,베이35A
b190_overload_r1,Proposed,185,BLK_135S,7,판계,1,2025-08-08 11:04:48,2025-08-08 11:37:48,33.0,,공통
b190_overload_r1,Proposed,185,BLK_135S,7,전면SAW,2,2025-08-08 14:21:10,2025-08-08 14:57:47,36.6,,공통
b190_overload_r1,Proposed,185,BLK_135S,7,TurnOver,3,2025-08-08 14:57:47,2025-08-08 15:10:59,13.2,,공통
b190_overload_r1,Proposed,185,BLK_135S,7,후면SAW,4,2025-08-08 15:42:07,2025-08-08 16:07:04,25.0,,공통
b190_overload_r1,Proposed,185,BLK_135S,7,NC,5,2025-08-08 16:55:24,2025-08-08 17:41:36,46.2,,공통
b190_overload_r1,Proposed,185,BLK_135S,7,베이36B 론지취부,6,2025-08-08 17:41:36,2025-08-08 18:50:21,68.8,36B,베이36B
b190_overload_r1,Proposed,185,BLK_135S,7,베이36B 론지용접,7,2025-08-08 18:50:21,2025-08-08 19:14:33,24.2,36B,베이36B
b190_overload_r1,Proposed,185,BLK_135S,7,베이36B 수정,8,2025-08-08 19:14:33,2025-08-08 19:56:21,41.8,36B,베이36B
b190_overload_r1,Proposed,128,BLK_128C,8,판계,1,2025-08-08 11:37:48,2025-08-08 12:10:48,33.0,,공통
b190_overload_r1,Proposed,128,BLK_128C,8,전면SAW,2,2025-08-08 14:57:47,2025-08-08 16:24:44,86.9,,공통
b190_overload_r1,Proposed,128,BLK_128C,8,TurnOver,3,2025-08-08 16:24:44,2025-08-08 16:37:56,13.2,,공통
b190_overload_r1,Proposed,128,BLK_128C,8,후면SAW,4,2025-08-08 16:37:56,2025-08-08 17:43:44,65.8,,공통
b190_overload_r1,Proposed,128,BLK_128C,8,NC,5,2025-08-08 17:43:44,2025-08-08 18:38:54,55.2,,공통
b190_overload_r1,Proposed,128,BLK_128C,8,베이35A 론지취부,6,2025-08-08 18:38:54,2025-08-08 19:51:30,72.6,35A,베이35A
b190_overload_r1,Proposed,128,BLK_128C,8,베이35A 론지용접,7,2025-08-08 19:51:30,2025-08-08 20:16:22,24.9,35A,베이35A
b190_overload_r1,Proposed,128,BLK_128C,8,베이35A 수정,8,2025-08-08 20:16:22,2025-08-08 21:00:35,44.2,35A,베이35A
b190_overload_r1,Proposed,135,BLK_135P,9,판계,1,2025-08-08 12:10:48,2025-08-08 12:43:48,33.0,,공통
b190_overload_r1,Proposed,135,BLK_135P,9,전면SAW,2,2025-08-08 16:24:44,2025-08-08 17:01:21,36.6,,공통
b190_overload_r1,Proposed,135,BLK_135P,9,TurnOver,3,2025-08-08 17:01:21,2025-08-08 17:14:33,13.2,,공통
b190_overload_r1,Proposed,135,BLK_135P,9,후면SAW,4,2025-08-08 17:43:44,2025-08-08 18:08:41,25.0,,공통
b190_overload_r1,Proposed,135,BLK_135P,9,NC,5,2025-08-08 18:38:54,2025-08-08 19:25:06,46.2,,공통
b190_overload_r1,Proposed,135,BLK_135P,9,베이36B 론지취부,6,2025-08-08 19:25:06,2025-08-08 20:33:51,68.8,36B,베이36B
b190_overload_r1,Proposed,135,BLK_135P,9,베이36B 론지용접,7,2025-08-08 20:33:51,2025-08-08 20:58:03,24.2,36B,베이36B
b190_overload_r1,Proposed,135,BLK_135P,9,베이36B 수정,8,2025-08-08 20:58:03,2025-08-08 21:39:51,41.8,36B,베이36B
b190_overload_r1,Proposed,153,BLK_153P,10,판계,1,2025-08-08 12:43:48,2025-08-08 13:16:48,33.0,,공통
b190_overload_r1,Proposed,153,BLK_153P,10,전면SAW,2,2025-08-08 17:01:21,2025-08-08 17:34:39,33.3,,공통
b190_overload_r1,Proposed,153,BLK_153P,10,TurnOver,3,2025-08-08 17:34:39,2025-08-08 17:47:51,13.2,,공통
b190_overload_r1,Proposed,153,BLK_153P,10,후면SAW,4,2025-08-08 18:08:41,2025-08-08 18:29:15,20.6,,공통
b190_overload_r1,Proposed,153,BLK_153P,10,NC,5,2025-08-08 19:25:06,2025-08-08 20:11:36,46.5,,공통
b190_overload_r1,Proposed,153,BLK_153P,10,베이35A 론지취부,6,2025-08-08 20:11:36,2025-08-08 21:12:39,61.1,35A,베이35A
b190_overload_r1,Proposed,153,BLK_153P,10,베이35A 론지용접,7,2025-08-08 21:12:39,2025-08-08 21:35:32,22.9,35A,베이35A
b190_overload_r1,Proposed,153,BLK_153P,10,베이35A 수정,8,2025-08-08 21:35:32,2025-08-08 22:12:30,37.0,35A,베이35A
b190_overload_r1,Proposed,184,BLK_151S,11,판계,1,2025-08-08 13:16:48,2025-08-08 14:06:18,49.5,,공통
b190_overload_r1,Proposed,184,BLK_151S,11,전면SAW,2,2025-08-08 17:34:39,2025-08-08 18:12:11,37.5,,공통
b190_overload_r1,Proposed,184,BLK_151S,11,TurnOver,3,2025-08-08 18:12:11,2025-08-08 18:25:23,13.2,,공통
b190_overload_r1,Proposed,184,BLK_151S,11,후면SAW,4,2025-08-08 18:29:15,2025-08-08 18:55:26,26.2,,공통
b190_overload_r1,Proposed,184,BLK_151S,11,NC,5,2025-08-08 20:11:36,2025-08-08 21:07:26,55.8,,공통
b190_overload_r1,Proposed,184,BLK_151S,11,베이36B 론지취부,6,2025-08-08 21:07:26,2025-08-08 22:20:02,72.6,36B,베이36B
b190_overload_r1,Proposed,184,BLK_151S,11,베이36B 론지용접,7,2025-08-08 22:20:02,2025-08-08 22:44:53,24.9,36B,베이36B
b190_overload_r1,Proposed,184,BLK_151S,11,베이36B 수정,8,2025-08-08 22:44:53,2025-08-08 23:29:06,44.2,36B,베이36B
b190_overload_r1,Proposed,138,BLK_138P,12,판계,1,2025-08-08 14:06:18,2025-08-08 14:33:48,27.5,,공통
b190_overload_r1,Proposed,138,BLK_138P,12,전면SAW,2,2025-08-08 18:12:11,2025-08-08 18:49:21,37.2,,공통
b190_overload_r1,Proposed,138,BLK_138P,12,TurnOver,3,2025-08-08 18:49:21,2025-08-08 19:02:33,13.2,,공통
b190_overload_r1,Proposed,138,BLK_138P,12,후면SAW,4,2025-08-08 19:02:33,2025-08-08 19:28:14,25.7,,공통
b190_overload_r1,Proposed,138,BLK_138P,12,NC,5,2025-08-08 21:07:26,2025-08-08 21:48:19,40.9,,공통
b190_overload_r1,Proposed,138,BLK_138P,12,베이35A 론지취부,6,2025-08-08 21:48:19,2025-08-08 22:57:04,68.8,35A,베이35A
b190_overload_r1,Proposed,138,BLK_138P,12,베이35A 론지용접,7,2025-08-08 22:57:04,2025-08-08 23:21:16,24.2,35A,베이35A
b190_overload_r1,Proposed,138,BLK_138P,12,베이35A 수정,8,2025-08-08 23:21:16,2025-08-09 00:03:04,41.8,35A,베이35A
b190_overload_r1,Proposed,152,BLK_152P,13,판계,1,2025-08-08 14:33:48,2025-08-08 15:01:18,27.5,,공통
b190_overload_r1,Proposed,152,BLK_152P,13,전면SAW,2,2025-08-08 18:49:21,2025-08-08 19:28:30,39.1,,공통
b190_overload_r1,Proposed,152,BLK_152P,13,TurnOver,3,2025-08-08 19:28:30,2025-08-08 19:41:42,13.2,,공통
b190_overload_r1,Proposed,152,BLK_152P,13,후면SAW,4,2025-08-08 19:41:42,2025-08-08 20:09:57,28.3,,공통
b190_overload_r1,Proposed,152,BLK_152P,13,NC,5,2025-08-08 21:48:19,2025-08-08 22:26:40,38.3,,공통
b190_overload_r1,Proposed,152,BLK_152P,13,베이36B 론지취부,6,2025-08-08 22:26:40,2025-08-08 23:31:34,64.9,36B,베이36B
b190_overload_r1,Proposed,152,BLK_152P,13,베이36B 론지용접,7,2025-08-08 23:31:34,2025-08-08 23:55:07,23.5,36B,베이36B
b190_overload_r1,Proposed,152,BLK_152P,13,베이36B 수정,8,2025-08-08 23:55:07,2025-08-09 00:34:29,39.4,36B,베이36B
b190_overload_r1,Proposed,118,BLK_118P,14,판계,1,2025-08-08 15:01:18,2025-08-08 15:34:18,33.0,,공통
b190_overload_r1,Proposed,118,BLK_118P,14,전면SAW,2,2025-08-08 19:28:30,2025-08-08 20:11:40,43.2,,공통
b190_overload_r1,Proposed,118,BLK_118P,14,TurnOver,3,2025-08-08 20:11:40,2025-08-08 20:24:52,13.2,,공통
b190_overload_r1,Proposed,118,BLK_118P,14,후면SAW,4,2025-08-08 20:24:52,2025-08-08 20:58:27,33.6,,공통
b190_overload_r1,Proposed,118,BLK_118P,14,NC,5,2025-08-08 22:26:40,2025-08-08 23:21:18,54.6,,공통
b190_overload_r1,Proposed,118,BLK_118P,14,베이35A 론지취부,6,2025-08-08 23:21:18,2025-08-09 01:27:48,126.5,35A,베이35A
b190_overload_r1,Proposed,118,BLK_118P,14,베이35A 론지용접,7,2025-08-09 01:27:48,2025-08-09 02:01:54,34.1,35A,베이35A
b190_overload_r1,Proposed,118,BLK_118P,14,베이35A 수정,8,2025-08-09 02:01:54,2025-08-09 03:20:00,78.1,35A,베이35A
b190_overload_r1,Proposed,144,BLK_144C,15,판계,1,2025-08-08 15:34:18,2025-08-08 16:07:18,33.0,,공통
b190_overload_r1,Proposed,144,BLK_144C,15,전면SAW,2,2025-08-08 20:11:40,2025-08-08 20:48:07,36.4,,공통
b190_overload_r1,Proposed,144,BLK_144C,15,TurnOver,3,2025-08-08 20:48:07,2025-08-08 21:01:19,13.2,,공통
b190_overload_r1,Proposed,144,BLK_144C,15,후면SAW,4,2025-08-08 21:01:19,2025-08-08 21:26:01,24.7,,공통
b190_overload_r1,Proposed,144,BLK_144C,15,NC,5,2025-08-08 23:21:18,2025-08-09 00:09:02,47.7,,공통
b190_overload_r1,Proposed,144,BLK_144C,15,베이36B 론지취부,6,2025-08-09 00:09:02,2025-08-09 01:25:29,76.5,36B,베이36B
b190_overload_r1,Proposed,144,BLK_144C,15,베이36B 론지용접,7,2025-08-09 01:25:29,2025-08-09 01:51:00,25.5,36B,베이36B
b190_overload_r1,Proposed,144,BLK_144C,15,베이36B 수정,8,2025-08-09 01:51:00,2025-08-09 02:37:39,46.6,36B,베이36B
b190_overload_r1,Proposed,64,BLK_64S,16,판계,1,2025-08-08 16:07:18,2025-08-08 16:20:30,13.2,,공통
b190_overload_r1,Proposed,64,BLK_64S,16,전면SAW,2,2025-08-08 20:48:07,2025-08-08 21:49:25,61.3,,공통
b190_overload_r1,Proposed,64,BLK_64S,16,TurnOver,3,2025-08-08 21:49:25,2025-08-08 22:02:37,13.2,,공통
b190_overload_r1,Proposed,64,BLK_64S,16,후면SAW,4,2025-08-08 22:02:37,2025-08-08 23:00:03,57.4,,공통
b190_overload_r1,Proposed,64,BLK_64S,16,NC,5,2025-08-09 00:09:02,2025-08-09 00:32:12,23.2,,공통
b190_overload_r1,Proposed,64,BLK_64S,16,베이35A 론지취부,6,2025-08-09 01:27:48,2025-08-09 02:21:09,53.4,35A,베이35A
b190_overload_r1,Proposed,64,BLK_64S,16,베이35A 론지용접,7,2025-08-09 02:21:09,2025-08-09 02:42:42,21.6,35A,베이35A
b190_overload_r1,Proposed,64,BLK_64S,16,베이35A 수정,8,2025-08-09 03:20:00,2025-08-09 03:52:07,32.1,35A,베이35A
b190_overload_r1,Proposed,102,BLK_102S,1,판계,1,2025-08-09 08:00:00,2025-08-09 08:27:30,27.5,,공통
b190_overload_r1,Proposed,102,BLK_102S,1,전면SAW,2,2025-08-09 08:27:30,2025-08-09 09:03:18,35.8,,공통
b190_overload_r1,Proposed,102,BLK_102S,1,TurnOver,3,2025-08-09 09:03:18,2025-08-09 09:16:30,13.2,,공통
b190_overload_r1,Proposed,102,BLK_102S,1,후면SAW,4,2025-08-09 09:16:30,2025-08-09 09:40:23,23.9,,공통
b190_overload_r1,Proposed,102,BLK_102S,1,NC,5,2025-08-09 09:40:23,2025-08-09 10:19:07,38.7,,공통
b190_overload_r1,Proposed,102,BLK_102S,1,베이36B 론지취부,6,2025-08-09 10:19:07,2025-08-09 11:24:01,64.9,36B,베이36B
b190_overload_r1,Proposed,102,BLK_102S,1,베이36B 론지용접,7,2025-08-09 11:24:01,2025-08-09 11:47:34,23.5,36B,베이36B
b190_overload_r1,Proposed,102,BLK_102S,1,베이36B 수정,8,2025-08-09 11:47:34,2025-08-09 12:26:56,39.4,36B,베이36B
b190_overload_r1,Proposed,134,BLK_134P,2,판계,1,2025-08-09 08:27:30,2025-08-09 08:55:00,27.5,,공통
b190_overload_r1,Proposed,134,BLK_134P,2,전면SAW,2,2025-08-09 09:03:18,2025-08-09 09:38:23,35.1,,공통
b190_overload_r1,Proposed,134,BLK_134P,2,TurnOver,3,2025-08-09 09:38:23,2025-08-09 09:51:35,13.2,,공통
b190_overload_r1,Proposed,134,BLK_134P,2,후면SAW,4,2025-08-09 09:51:35,2025-08-09 10:14:29,22.9,,공통
b190_overload_r1,Proposed,134,BLK_134P,2,NC,5,2025-08-09 10:19:07,2025-08-09 10:59:22,40.2,,공통
b190_overload_r1,Proposed,134,BLK_134P,2,베이35A 론지취부,6,2025-08-09 10:59:22,2025-08-09 12:04:16,64.9,35A,베이35A
b190_overload_r1,Proposed,134,BLK_134P,2,베이35A 론지용접,7,2025-08-09 12:04:16,2025-08-09 12:27:49,23.5,35A,베이35A
b190_overload_r1,Proposed,134,BLK_134P,2,베이35A 수정,8,2025-08-09 12:27:49,2025-08-09 13:07:11,39.4,35A,베이35A
b190_overload_r1,Proposed,147,BLK_147C,3,판계,1,2025-08-09 08:55:00,2025-08-09 09:28:00,33.0,,공통
b190_overload_r1,Proposed,147,BLK_147C,3,전면SAW,2,2025-08-09 09:38:23,2025-08-09 10:11:04,32.7,,공통
b190_overload_r1,Proposed,147,BLK_147C,3,TurnOver,3,2025-08-09 10:11:04,2025-08-09 10:24:16,13.2,,공통
b190_overload_r1,Proposed,147,BLK_147C,3,후면SAW,4,2025-08-09 10:24:16,2025-08-09 10:44:03,19.8,,공통
b190_overload_r1,Proposed,147,BLK_147C,3,NC,5,2025-08-09 10:59:22,2025-08-09 11:49:47,50.4,,공통
b190_overload_r1,Proposed,147,BLK_147C,3,베이36B 론지취부,6,2025-08-09 11:49:47,2025-08-09 12:54:41,64.9,36B,베이36B
b190_overload_r1,Proposed,147,BLK_147C,3,베이36B 론지용접,7,2025-08-09 12:54:41,2025-08-09 13:18:13,23.5,36B,베이36B
b190_overload_r1,Proposed,147,BLK_147C,3,베이36B 수정,8,2025-08-09 13:18:13,2025-08-09 13:57:36,39.4,36B,베이36B
b190_overload_r1,Proposed,162,BLK_162C,4,판계,1,2025-08-09 09:28:00,2025-08-09 09:55:30,27.5,,공통
b190_overload_r1,Proposed,162,BLK_162C,4,전면SAW,2,2025-08-09 10:11:04,2025-08-09 10:48:33,37.5,,공통
b190_overload_r1,Proposed,162,BLK_162C,4,TurnOver,3,2025-08-09 10:48:33,2025-08-09 11:01:45,13.2,,공통
b190_overload_r1,Proposed,162,BLK_162C,4,후면SAW,4,2025-08-09 11:01:45,2025-08-09 11:27:49,26.1,,공통
b190_overload_r1,Proposed,162,BLK_162C,4,NC,5,2025-08-09 11:49:47,2025-08-09 12:29:57,40.2,,공통
b190_overload_r1,Proposed,162,BLK_162C,4,베이35A 론지취부,6,2025-08-09 12:29:57,2025-08-09 13:50:15,80.3,35A,베이35A
b190_overload_r1,Proposed,162,BLK_162C,4,베이35A 론지용접,7,2025-08-09 13:50:15,2025-08-09 14:16:26,26.2,35A,베이35A
b190_overload_r1,Proposed,162,BLK_162C,4,베이35A 수정,8,2025-08-09 14:16:26,2025-08-09 15:05:30,49.1,35A,베이35A
b190_overload_r1,Proposed,158,BLK_158C,5,판계,1,2025-08-09 09:55:30,2025-08-09 10:23:00,27.5,,공통
b190_overload_r1,Proposed,158,BLK_158C,5,전면SAW,2,2025-08-09 10:48:33,2025-08-09 11:22:04,33.5,,공통
b190_overload_r1,Proposed,158,BLK_158C,5,TurnOver,3,2025-08-09 11:22:04,2025-08-09 11:35:16,13.2,,공통
b190_overload_r1,Proposed,158,BLK_158C,5,후면SAW,4,2025-08-09 11:35:16,2025-08-09 11:56:09,20.9,,공통
b190_overload_r1,Proposed,158,BLK_158C,5,NC,5,2025-08-09 12:29:57,2025-08-09 13:06:57,37.0,,공통
b190_overload_r1,Proposed,158,BLK_158C,5,베이36B 론지취부,6,2025-08-09 13:06:57,2025-08-09 14:15:42,68.8,36B,베이36B
b190_overload_r1,Proposed,158,BLK_158C,5,베이36B 론지용접,7,2025-08-09 14:15:42,2025-08-09 14:39:54,24.2,36B,베이36B
b190_overload_r1,Proposed,158,BLK_158C,5,베이36B 수정,8,2025-08-09 14:39:54,2025-08-09 15:21:42,41.8,36B,베이36B
b190_overload_r1,Proposed,80,BLK_80C,6,판계,1,2025-08-09 10:23:00,2025-08-09 10:45:00,22.0,,공통
b190_overload_r1,Proposed,80,BLK_80C,6,전면SAW,2,2025-08-09 11:22:04,2025-08-09 12:12:48,50.7,,공통
b190_overload_r1,Proposed,80,BLK_80C,6,TurnOver,3,2025-08-09 12:12:48,2025-08-09 12:26:00,13.2,,공통
b190_overload_r1,Proposed,80,BLK_80C,6,후면SAW,4,2025-08-09 12:26:00,2025-08-09 13:09:30,43.5,,공통
b190_overload_r1,Proposed,80,BLK_80C,6,NC,5,2025-08-09 13:09:30,2025-08-09 13:39:04,29.6,,공통
b190_overload_r1,Proposed,80,BLK_80C,6,베이35A 론지취부,6,2025-08-09 13:50:15,2025-08-09 14:35:54,45.7,35A,베이35A
b190_overload_r1,Proposed,80,BLK_80C,6,베이35A 론지용접,7,2025-08-09 14:35:54,2025-08-09 14:56:09,20.2,35A,베이35A
b190_overload_r1,Proposed,80,BLK_80C,6,베이35A 수정,8,2025-08-09 15:05:30,2025-08-09 15:32:46,27.3,35A,베이35A
b190_overload_r1,Proposed,179,BLK_179S,7,판계,1,2025-08-09 10:45:00,2025-08-09 11:18:00,33.0,,공통
b190_overload_r1,Proposed,179,BLK_179S,7,전면SAW,2,2025-08-09 12:12:48,2025-08-09 12:56:27,43.6,,공통
b190_overload_r1,Proposed,179,BLK_179S,7,TurnOver,3,2025-08-09 12:56:27,2025-08-09 13:09:39,13.2,,공통
b190_overload_r1,Proposed,179,BLK_179S,7,후면SAW,4,2025-08-09 13:09:39,2025-08-09 13:43:50,34.2,,공통
b190_overload_r1,Proposed,179,BLK_179S,7,NC,5,2025-08-09 13:43:50,2025-08-09 14:29:38,45.8,,공통
b190_overload_r1,Proposed,179,BLK_179S,7,베이36B 론지취부,6,2025-08-09 14:29:38,2025-08-09 16:01:29,91.9,36B,베이36B
b190_overload_r1,Proposed,179,BLK_179S,7,베이36B 론지용접,7,2025-08-09 16:01:29,2025-08-09 16:29:39,28.2,36B,베이36B
b190_overload_r1,Proposed,179,BLK_179S,7,베이36B 수정,8,2025-08-09 16:29:39,2025-08-09 17:25:58,56.3,36B,베이36B
b190_overload_r1,Proposed,159,BLK_159C,8,판계,1,2025-08-09 11:18:00,2025-08-09 11:45:30,27.5,,공통
b190_overload_r1,Proposed,159,BLK_159C,8,전면SAW,2,2025-08-09 12:56:27,2025-08-09 13:30:33,34.1,,공통
b190_overload_r1,Proposed,159,BLK_159C,8,TurnOver,3,2025-08-09 13:30:33,2025-08-09 13:43:45,13.2,,공통
b190_overload_r1,Proposed,159,BLK_159C,8,후면SAW,4,2025-08-09 13:43:50,2025-08-09 14:05:29,21.6,,공통
b190_overload_r1,Proposed,159,BLK_159C,8,NC,5,2025-08-09 14:29:38,2025-08-09 15:06:22,36.7,,공통
b190_overload_r1,Proposed,159,BLK_159C,8,베이35A 론지취부,6,2025-08-09 15:06:22,2025-08-09 16:07:25,61.1,35A,베이35A
b190_overload_r1,Proposed,159,BLK_159C,8,베이35A 론지용접,7,2025-08-09 16:07:25,2025-08-09 16:30:18,22.9,35A,베이35A
b190_overload_r1,Proposed,159,BLK_159C,8,베이35A 수정,8,2025-08-09 16:30:18,2025-08-09 17:07:16,37.0,35A,베이35A
b190_overload_r1,Proposed,100,BLK_100C,9,판계,1,2025-08-09 11:45:30,2025-08-09 12:21:48,36.3,,공통
b190_overload_r1,Proposed,100,BLK_100C,9,전면SAW,2,2025-08-09 13:30:33,2025-08-09 15:29:17,118.7,,공통
b190_overload_r1,Proposed,100,BLK_100C,9,TurnOver,3,2025-08-09 15:29:17,2025-08-09 15:42:29,13.2,,공통
b190_overload_r1,Proposed,100,BLK_100C,9,후면SAW,4,2025-08-09 15:42:29,2025-08-09 17:17:16,94.8,,공통
b190_overload_r1,Proposed,100,BLK_100C,9,NC,5,2025-08-09 17:17:16,2025-08-09 18:02:02,44.8,,공통
b190_overload_r1,Proposed,100,BLK_100C,9,베이36B 론지취부,6,2025-08-09 18:02:02,2025-08-09 19:41:35,99.6,36B,베이36B
b190_overload_r1,Proposed,100,BLK_100C,9,베이36B 론지용접,7,2025-08-09 19:41:35,2025-08-09 20:11:04,29.5,36B,베이36B
b190_overload_r1,Proposed,100,BLK_100C,9,베이36B 수정,8,2025-08-09 20:11:04,2025-08-09 21:12:13,61.2,36B,베이36B
b190_overload_r1,Proposed,154,BLK_154S,10,판계,1,2025-08-09 12:21:48,2025-08-09 12:49:18,27.5,,공통
b190_overload_r1,Proposed,154,BLK_154S,10,전면SAW,2,2025-08-09 15:29:17,2025-08-09 16:04:24,35.1,,공통
b190_overload_r1,Proposed,154,BLK_154S,10,TurnOver,3,2025-08-09 16:04:24,2025-08-09 16:17:36,13.2,,공통
b190_overload_r1,Proposed,154,BLK_154S,10,후면SAW,4,2025-08-09 17:17:16,2025-08-09 17:40:14,23.0,,공통
b190_overload_r1,Proposed,154,BLK_154S,10,NC,5,2025-08-09 18:02:02,2025-08-09 18:40:29,38.4,,공통
b190_overload_r1,Proposed,154,BLK_154S,10,베이35A 론지취부,6,2025-08-09 18:40:29,2025-08-09 19:45:23,64.9,35A,베이35A
b190_overload_r1,Proposed,154,BLK_154S,10,베이35A 론지용접,7,2025-08-09 19:45:23,2025-08-09 20:08:55,23.5,35A,베이35A
b190_overload_r1,Proposed,154,BLK_154S,10,베이35A 수정,8,2025-08-09 20:08:55,2025-08-09 20:48:18,39.4,35A,베이35A
b190_overload_r1,Proposed,109,BLK_109P,11,판계,1,2025-08-09 12:49:18,2025-08-09 13:27:48,38.5,,공통
b190_overload_r1,Proposed,109,BLK_109P,11,전면SAW,2,2025-08-09 16:04:24,2025-08-09 18:52:33,168.1,,공통
b190_overload_r1,Proposed,109,BLK_109P,11,TurnOver,3,2025-08-09 18:52:33,2025-08-09 19:05:45,13.2,,공통
b190_overload_r1,Proposed,109,BLK_109P,11,후면SAW,4,2025-08-09 19:05:45,2025-08-09 21:31:32,145.8,,공통
b190_overload_r1,Proposed,109,BLK_109P,11,NC,5,2025-08-09 21:31:32,2025-08-09 22:12:06,40.6,,공통
b190_overload_r1,Proposed,109,BLK_109P,11,베이36B 론지취부,6,2025-08-09 22:12:06,2025-08-09 23:17:00,64.9,36B,베이36B
b190_overload_r1,Proposed,109,BLK_109P,11,베이36B 론지용접,7,2025-08-09 23:17:00,2025-08-09 23:40:33,23.5,36B,베이36B
b190_overload_r1,Proposed,109,BLK_109P,11,베이36B 수정,8,2025-08-09 23:40:33,2025-08-10 00:19:56,39.4,36B,베이36B
b190_overload_r1,Proposed,170,BLK_170S,12,판계,1,2025-08-09 13:27:48,2025-08-09 13:41:00,13.2,,공통
b190_overload_r1,Proposed,170,BLK_170S,12,전면SAW,2,2025-08-09 18:52:33,2025-08-09 19:59:30,67.0,,공통
b190_overload_r1,Proposed,170,BLK_170S,12,TurnOver,3,2025-08-09 19:59:30,2025-08-09 20:12:42,13.2,,공통
b190_overload_r1,Proposed,170,BLK_170S,12,후면SAW,4,2025-08-09 21:31:32,2025-08-09 22:36:26,64.9,,공통
b190_overload_r1,Proposed,170,BLK_170S,12,NC,5,2025-08-09 22:36:26,2025-08-09 23:01:11,24.8,,공통
b190_overload_r1,Proposed,170,BLK_170S,12,베이35A 론지취부,6,2025-08-09 23:01:11,2025-08-09 23:54:32,53.4,35A,베이35A
b190_overload_r1,Proposed,170,BLK_170S,12,베이35A 론지용접,7,2025-08-09 23:54:32,2025-08-10 00:16:05,21.6,35A,베이35A
b190_overload_r1,Proposed,170,BLK_170S,12,베이35A 수정,8,2025-08-10 00:16:05,2025-08-10 00:48:12,32.1,35A,베이35A
b190_overload_r1,Proposed,164,BLK_164C,1,판계,1,2025-08-10 08:00:00,2025-08-10 08:13:12,13.2,,공통
b190_overload_r1,Proposed,164,BLK_164C,1,전면SAW,2,2025-08-10 08:13:12,2025-08-10 08:58:54,45.7,,공통
b190_overload_r1,Proposed,164,BLK_164C,1,TurnOver,3,2025-08-10 08:58:54,2025-08-10 09:12:06,13.2,,공통
b190_overload_r1,Proposed,164,BLK_164C,1,후면SAW,4,2025-08-10 09:12:06,2025-08-10 09:49:01,36.9,,공통
b190_overload_r1,Proposed,164,BLK_164C,1,NC,5,2025-08-10 09:49:01,2025-08-10 10:12:11,23.2,,공통
b190_overload_r1,Proposed,164,BLK_164C,1,베이36B 론지취부,6,2025-08-10 10:12:11,2025-08-10 10:53:59,41.8,36B,베이36B
b190_overload_r1,Proposed,164,BLK_164C,1,베이36B 론지용접,7,2025-08-10 10:53:59,2025-08-10 11:09:10,15.2,36B,베이36B
b190_overload_r1,Proposed,164,BLK_164C,1,베이36B 수정,8,2025-08-10 11:09:10,2025-08-10 11:34:01,24.9,36B,베이36B
b190_overload_r1,Proposed,150,BLK_150C,2,판계,1,2025-08-10 08:13:12,2025-08-10 08:46:12,33.0,,공통
b190_overload_r1,Proposed,150,BLK_150C,2,전면SAW,2,2025-08-10 08:58:54,2025-08-10 09:29:17,30.4,,공통
b190_overload_r1,Proposed,150,BLK_150C,2,TurnOver,3,2025-08-10 09:29:17,2025-08-10 09:42:29,13.2,,공통
b190_overload_r1,Proposed,150,BLK_150C,2,후면SAW,4,2025-08-10 09:49:01,2025-08-10 10:05:45,16.7,,공통
b190_overload_r1,Proposed,150,BLK_150C,2,NC,5,2025-08-10 10:12:11,2025-08-10 11:02:30,50.3,,공통
b190_overload_r1,Proposed,150,BLK_150C,2,베이35A 론지취부,6,2025-08-10 11:02:30,2025-08-10 12:03:33,61.1,35A,베이35A
b190_overload_r1,Proposed,150,BLK_150C,2,베이35A 론지용접,7,2025-08-10 12:03:33,2025-08-10 12:26:26,22.9,35A,베이35A
b190_overload_r1,Proposed,150,BLK_150C,2,베이35A 수정,8,2025-08-10 12:26:26,2025-08-10 13:03:24,37.0,35A,베이35A
b190_overload_r1,Proposed,121,BLK_121S,3,판계,1,2025-08-10 08:46:12,2025-08-10 08:59:24,13.2,,공통
b190_overload_r1,Proposed,121,BLK_121S,3,전면SAW,2,2025-08-10 09:29:17,2025-08-10 10:36:29,67.2,,공통
b190_overload_r1,Proposed,121,BLK_121S,3,TurnOver,3,2025-08-10 10:36:29,2025-08-10 10:49:41,13.2,,공통
b190_overload_r1,Proposed,121,BLK_121S,3,후면SAW,4,2025-08-10 10:49:41,2025-08-10 11:54:52,65.2,,공통
b190_overload_r1,Proposed,121,BLK_121S,3,NC,5,2025-08-10 11:54:52,2025-08-10 12:17:54,23.0,,공통
b190_overload_r1,Proposed,121,BLK_121S,3,베이36B 론지취부,6,2025-08-10 12:17:54,2025-08-10 12:48:09,30.3,36B,베이36B
b190_overload_r1,Proposed,121,BLK_121S,3,베이36B 론지용접,7,2025-08-10 12:48:09,2025-08-10 13:01:21,13.2,36B,베이36B
b190_overload_r1,Proposed,121,BLK_121S,3,베이36B 수정,8,2025-08-10 13:01:21,2025-08-10 13:18:57,17.6,36B,베이36B
b190_overload_r1,Proposed,90,BLK_90P,4,판계,1,2025-08-10 08:59:24,2025-08-10 09:32:24,33.0,,공통
b190_overload_r1,Proposed,90,BLK_90P,4,전면SAW,2,2025-08-10 10:36:29,2025-08-10 11:12:15,35.8,,공통
b190_overload_r1,Proposed,90,BLK_90P,4,TurnOver,3,2025-08-10 11:12:15,2025-08-10 11:25:27,13.2,,공통
b190_overload_r1,Proposed,90,BLK_90P,4,후면SAW,4,2025-08-10 11:54:52,2025-08-10 12:18:41,23.8,,공통
b190_overload_r1,Proposed,90,BLK_90P,4,NC,5,2025-08-10 12:18:41,2025-08-10 13:05:17,46.6,,공통
b190_overload_r1,Proposed,90,BLK_90P,4,베이35A 론지취부,6,2025-08-10 13:05:17,2025-08-10 13:58:38,53.4,35A,베이35A
b190_overload_r1,Proposed,90,BLK_90P,4,베이35A 론지용접,7,2025-08-10 13:58:38,2025-08-10 14:20:12,21.6,35A,베이35A
b190_overload_r1,Proposed,90,BLK_90P,4,베이35A 수정,8,2025-08-10 14:20:12,2025-08-10 14:52:19,32.1,35A,베이35A
b190_overload_r1,Proposed,97,BLK_97S,5,판계,1,2025-08-10 09:32:24,2025-08-10 09:54:24,22.0,,공통
b190_overload_r1,Proposed,97,BLK_97S,5,전면SAW,2,2025-08-10 11:12:15,2025-08-10 11:48:48,36.5,,공통
b190_overload_r1,Proposed,97,BLK_97S,5,TurnOver,3,2025-08-10 11:48:48,2025-08-10 12:02:00,13.2,,공통
b190_overload_r1,Proposed,97,BLK_97S,5,후면SAW,4,2025-08-10 12:18:41,2025-08-10 12:43:32,24.8,,공통
b190_overload_r1,Proposed,97,BLK_97S,5,NC,5,2025-08-10 13:05:17,2025-08-10 13:36:01,30.7,,공통
b190_overload_r1,Proposed,97,BLK_97S,5,베이36B 론지취부,6,2025-08-10 13:36:01,2025-08-10 14:25:31,49.5,36B,베이36B
b190_overload_r1,Proposed,97,BLK_97S,5,베이36B 론지용접,7,2025-08-10 14:25:31,2025-08-10 14:46:25,20.9,36B,베이36B
b190_overload_r1,Proposed,97,BLK_97S,5,베이36B 수정,8,2025-08-10 14:46:25,2025-08-10 15:16:07,29.7,36B,베이36B
b190_overload_r1,Proposed,110,BLK_110P,6,판계,1,2025-08-10 09:54:24,2025-08-10 10:07:36,13.2,,공통
b190_overload_r1,Proposed,110,BLK_110P,6,전면SAW,2,2025-08-10 11:48:48,2025-08-10 12:24:40,35.9,,공통
b190_overload_r1,Proposed,110,BLK_110P,6,TurnOver,3,2025-08-10 12:24:40,2025-08-10 12:37:52,13.2,,공통
b190_overload_r1,Proposed,110,BLK_110P,6,후면SAW,4,2025-08-10 12:43:32,2025-08-10 13:07:30,24.0,,공통
b190_overload_r1,Proposed,110,BLK_110P,6,NC,5,2025-08-10 13:36:01,2025-08-10 13:57:38,21.6,,공통
b190_overload_r1,Proposed,110,BLK_110P,6,베이35A 론지취부,6,2025-08-10 13:58:38,2025-08-10 14:28:53,30.3,35A,베이35A
b190_overload_r1,Proposed,110,BLK_110P,6,베이35A 론지용접,7,2025-08-10 14:28:53,2025-08-10 14:42:05,13.2,35A,베이35A
b190_overload_r1,Proposed,110,BLK_110P,6,베이35A 수정,8,2025-08-10 14:52:19,2025-08-10 15:09:55,17.6,35A,베이35A
b190_overload_r1,Proposed,36,BLK_36C,7,판계,1,2025-08-10 10:07:36,2025-08-10 10:38:24,30.8,,공통
b190_overload_r1,Proposed,36,BLK_36C,7,전면SAW,2,2025-08-10 12:24:40,2025-08-10 14:33:14,128.6,,공통
b190_overload_r1,Proposed,36,BLK_36C,7,TurnOver,3,2025-08-10 14:33:14,2025-08-10 14:46:26,13.2,,공통
b190_overload_r1,Proposed,36,BLK_36C,7,후면SAW,4,2025-08-10 14:46:26,2025-08-10 16:56:32,130.1,,공통
b190_overload_r1,Proposed,36,BLK_36C,7,NC,5,2025-08-10 16:56:32,2025-08-10 17:33:17,36.8,,공통
b190_overload_r1,Proposed,36,BLK_36C,7,베이36B 론지취부,6,2025-08-10 17:33:17,2025-08-10 18:22:47,49.5,36B,베이36B
b190_overload_r1,Proposed,36,BLK_36C,7,베이36B 론지용접,7,2025-08-10 18:22:47,2025-08-10 18:43:41,20.9,36B,베이36B
b190_overload_r1,Proposed,36,BLK_36C,7,베이36B 수정,8,2025-08-10 18:43:41,2025-08-10 19:13:23,29.7,36B,베이36B
b190_overload_r1,Proposed,145,BLK_145S,8,판계,1,2025-08-10 10:38:24,2025-08-10 11:11:24,33.0,,공통
b190_overload_r1,Proposed,145,BLK_145S,8,전면SAW,2,2025-08-10 14:33:14,2025-08-10 15:22:24,49.2,,공통
b190_overload_r1,Proposed,145,BLK_145S,8,TurnOver,3,2025-08-10 15:22:24,2025-08-10 15:35:36,13.2,,공통
b190_overload_r1,Proposed,145,BLK_145S,8,후면SAW,4,2025-08-10 16:56:32,2025-08-10 17:38:00,41.5,,공통
b190_overload_r1,Proposed,145,BLK_145S,8,NC,5,2025-08-10 17:38:00,2025-08-10 18:27:14,49.2,,공통
b190_overload_r1,Proposed,145,BLK_145S,8,베이36B 론지취부,6,2025-08-10 18:27:14,2025-08-10 19:47:32,80.3,36B,베이36B
b190_overload_r1,Proposed,145,BLK_145S,8,베이36B 론지용접,7,2025-08-10 19:47:32,2025-08-10 20:13:43,26.2,36B,베이36B
b190_overload_r1,Proposed,145,BLK_145S,8,베이36B 수정,8,2025-08-10 20:13:43,2025-08-10 21:02:46,49.1,36B,베이36B
b190_overload_r1,Proposed,71,BLK_71S,9,판계,1,2025-08-10 11:11:24,2025-08-10 11:33:24,22.0,,공통
b190_overload_r1,Proposed,71,BLK_71S,9,전면SAW,2,2025-08-10 15:22:24,2025-08-10 17:29:13,126.8,,공통
b190_overload_r1,Proposed,71,BLK_71S,9,TurnOver,3,2025-08-10 17:29:13,2025-08-10 17:42:25,13.2,,공통
b190_overload_r1,Proposed,71,BLK_71S,9,후면SAW,4,2025-08-10 17:42:25,2025-08-10 19:50:29,128.1,,공통
b190_overload_r1,Proposed,71,BLK_71S,9,NC,5,2025-08-10 19:50:29,2025-08-10 20:19:35,29.1,,공통
b190_overload_r1,Proposed,71,BLK_71S,9,베이35A 론지취부,6,2025-08-10 20:19:35,2025-08-10 21:05:14,45.7,35A,베이35A
b190_overload_r1,Proposed,71,BLK_71S,9,베이35A 론지용접,7,2025-08-10 21:05:14,2025-08-10 21:21:05,15.8,35A,베이35A
b190_overload_r1,Proposed,71,BLK_71S,9,베이35A 수정,8,2025-08-10 21:21:05,2025-08-10 21:48:21,27.3,35A,베이35A
b190_overload_r1,Proposed,72,BLK_72C,10,판계,1,2025-08-10 11:33:24,2025-08-10 12:06:24,33.0,,공통
b190_overload_r1,Proposed,72,BLK_72C,10,전면SAW,2,2025-08-10 17:29:13,2025-08-10 18:04:11,35.0,,공통
b190_overload_r1,Proposed,72,BLK_72C,10,TurnOver,3,2025-08-10 18:04:11,2025-08-10 18:17:23,13.2,,공통
b190_overload_r1,Proposed,72,BLK_72C,10,후면SAW,4,2025-08-10 19:50:29,2025-08-10 20:13:15,22.8,,공통
b190_overload_r1,Proposed,72,BLK_72C,10,NC,5,2025-08-10 20:19:35,2025-08-10 21:14:53,55.3,,공통
b190_overload_r1,Proposed,72,BLK_72C,10,베이36B 론지취부,6,2025-08-10 21:14:53,2025-08-10 22:31:20,76.5,36B,베이36B
b190_overload_r1,Proposed,72,BLK_72C,10,베이36B 론지용접,7,2025-08-10 22:31:20,2025-08-10 22:56:51,25.5,36B,베이36B
b190_overload_r1,Proposed,72,BLK_72C,10,베이36B 수정,8,2025-08-10 22:56:51,2025-08-10 23:43:30,46.6,36B,베이36B
b190_overload_r1,Proposed,28,BLK_28P,11,판계,1,2025-08-10 12:06:24,2025-08-10 12:44:54,38.5,,공통
b190_overload_r1,Proposed,28,BLK_28P,11,전면SAW,2,2025-08-10 18:04:11,2025-08-10 21:00:19,176.1,,공통
b190_overload_r1,Proposed,28,BLK_28P,11,TurnOver,3,2025-08-10 21:00:19,2025-08-10 21:13:31,13.2,,공통
b190_overload_r1,Proposed,28,BLK_28P,11,후면SAW,4,2025-08-10 21:13:31,2025-08-10 23:23:34,130.0,,공통
b190_overload_r1,Proposed,28,BLK_28P,11,NC,5,2025-08-10 23:23:34,2025-08-11 00:06:20,42.8,,공통
b190_overload_r1,Proposed,28,BLK_28P,11,베이35A 론지취부,6,2025-08-11 00:06:20,2025-08-11 00:51:59,45.7,35A,베이35A
b190_overload_r1,Proposed,28,BLK_28P,11,베이35A 론지용접,7,2025-08-11 00:51:59,2025-08-11 01:12:13,20.2,35A,베이35A
b190_overload_r1,Proposed,28,BLK_28P,11,베이35A 수정,8,2025-08-11 01:12:13,2025-08-11 01:39:30,27.3,35A,베이35A
b190_overload_r1,Proposed,55,BLK_55S,12,판계,1,2025-08-10 12:44:54,2025-08-10 13:12:24,27.5,,공통
b190_overload_r1,Proposed,55,BLK_55S,12,전면SAW,2,2025-08-10 21:00:19,2025-08-10 21:37:37,37.3,,공통
b190_overload_r1,Proposed,55,BLK_55S,12,TurnOver,3,2025-08-10 21:37:37,2025-08-10 21:50:49,13.2,,공통
b190_overload_r1,Proposed,55,BLK_55S,12,후면SAW,4,2025-08-10 23:23:34,2025-08-10 23:49:25,25.9,,공통
b190_overload_r1,Proposed,55,BLK_55S,12,NC,5,2025-08-11 00:06:20,2025-08-11 00:46:12,39.9,,공통
b190_overload_r1,Proposed,55,BLK_55S,12,베이36B 론지취부,6,2025-08-11 00:46:12,2025-08-11 01:58:48,72.6,36B,베이36B
b190_overload_r1,Proposed,55,BLK_55S,12,베이36B 론지용접,7,2025-08-11 01:58:48,2025-08-11 02:23:39,24.9,36B,베이36B
b190_overload_r1,Proposed,55,BLK_55S,12,베이36B 수정,8,2025-08-11 02:23:39,2025-08-11 03:07:52,44.2,36B,베이36B
b190_overload_r1,Proposed,16,BLK_16P,13,판계,1,2025-08-10 13:12:24,2025-08-10 13:34:24,22.0,,공통
b190_overload_r1,Proposed,16,BLK_16P,13,전면SAW,2,2025-08-10 21:37:37,2025-08-10 22:18:46,41.2,,공통
b190_overload_r1,Proposed,16,BLK_16P,13,TurnOver,3,2025-08-10 22:18:46,2025-08-10 22:31:58,13.2,,공통
b190_overload_r1,Proposed,16,BLK_16P,13,후면SAW,4,2025-08-10 23:49:25,2025-08-11 00:20:19,30.9,,공통
b190_overload_r1,Proposed,16,BLK_16P,13,NC,5,2025-08-11 00:46:12,2025-08-11 01:20:59,34.8,,공통
b190_overload_r1,Proposed,16,BLK_16P,13,베이35A 론지취부,6,2025-08-11 01:20:59,2025-08-11 02:29:44,68.8,35A,베이35A
b190_overload_r1,Proposed,16,BLK_16P,13,베이35A 론지용접,7,2025-08-11 02:29:44,2025-08-11 02:53:56,24.2,35A,베이35A
b190_overload_r1,Proposed,16,BLK_16P,13,베이35A 수정,8,2025-08-11 02:53:56,2025-08-11 03:35:44,41.8,35A,베이35A
b190_overload_r1,Proposed,59,BLK_59P,1,판계,1,2025-08-11 08:00:00,2025-08-11 08:36:18,36.3,,공통
b190_overload_r1,Proposed,59,BLK_59P,1,전면SAW,2,2025-08-11 08:36:18,2025-08-11 10:11:51,95.6,,공통
b190_overload_r1,Proposed,59,BLK_59P,1,TurnOver,3,2025-08-11 10:11:51,2025-08-11 10:25:03,13.2,,공통
b190_overload_r1,Proposed,59,BLK_59P,1,후면SAW,4,2025-08-11 10:25:03,2025-08-11 11:38:43,73.7,,공통
b190_overload_r1,Proposed,59,BLK_59P,1,NC,5,2025-08-11 11:38:43,2025-08-11 12:22:22,43.7,,공통
b190_overload_r1,Proposed,59,BLK_59P,1,베이36B 론지취부,6,2025-08-11 12:22:22,2025-08-11 13:08:01,45.7,36B,베이36B
b190_overload_r1,Proposed,59,BLK_59P,1,베이36B 론지용접,7,2025-08-11 13:08:01,2025-08-11 13:28:16,20.2,36B,베이36B
b190_overload_r1,Proposed,59,BLK_59P,1,베이36B 수정,8,2025-08-11 13:28:16,2025-08-11 13:55:33,27.3,36B,베이36B
b190_overload_r1,Proposed,63,BLK_63S,2,판계,1,2025-08-11 08:36:18,2025-08-11 09:03:48,27.5,,공통
b190_overload_r1,Proposed,63,BLK_63S,2,전면SAW,2,2025-08-11 10:11:51,2025-08-11 10:49:33,37.7,,공통
b190_overload_r1,Proposed,63,BLK_63S,2,TurnOver,3,2025-08-11 10:49:33,2025-08-11 11:02:45,13.2,,공통
b190_overload_r1,Proposed,63,BLK_63S,2,후면SAW,4,2025-08-11 11:38:43,2025-08-11 12:05:05,26.4,,공통
b190_overload_r1,Proposed,63,BLK_63S,2,NC,5,2025-08-11 12:22:22,2025-08-11 13:01:39,39.3,,공통
b190_overload_r1,Proposed,63,BLK_63S,2,베이35A 론지취부,6,2025-08-11 13:01:39,2025-08-11 14:18:06,76.5,35A,베이35A
b190_overload_r1,Proposed,63,BLK_63S,2,베이35A 론지용접,7,2025-08-11 14:18:06,2025-08-11 14:43:37,25.5,35A,베이35A
b190_overload_r1,Proposed,63,BLK_63S,2,베이35A 수정,8,2025-08-11 14:43:37,2025-08-11 15:30:15,46.6,35A,베이35A
b190_overload_r1,Proposed,32,BLK_32C,3,판계,1,2025-08-11 09:03:48,2025-08-11 09:45:36,41.8,,공통
b190_overload_r1,Proposed,32,BLK_32C,3,전면SAW,2,2025-08-11 10:49:33,2025-08-11 12:45:36,116.1,,공통
b190_overload_r1,Proposed,32,BLK_32C,3,TurnOver,3,2025-08-11 12:45:36,2025-08-11 12:58:48,13.2,,공통
b190_overload_r1,Proposed,32,BLK_32C,3,후면SAW,4,2025-08-11 12:58:48,2025-08-11 14:31:08,92.3,,공통
b190_overload_r1,Proposed,32,BLK_32C,3,NC,5,2025-08-11 14:31:08,2025-08-11 15:25:53,54.7,,공통
b190_overload_r1,Proposed,32,BLK_32C,3,베이36B 론지취부,6,2025-08-11 15:25:53,2025-08-11 16:50:02,84.2,36B,베이36B
b190_overload_r1,Proposed,32,BLK_32C,3,베이36B 론지용접,7,2025-08-11 16:50:02,2025-08-11 17:16:52,26.8,36B,베이36B
b190_overload_r1,Proposed,32,BLK_32C,3,베이36B 수정,8,2025-08-11 17:16:52,2025-08-11 18:08:21,51.5,36B,베이36B
b190_overload_r1,Proposed,24,BLK_24S,4,판계,1,2025-08-11 09:45:36,2025-08-11 10:18:36,33.0,,공통
b190_overload_r1,Proposed,24,BLK_24S,4,전면SAW,2,2025-08-11 12:45:36,2025-08-11 13:29:03,43.5,,공통
b190_overload_r1,Proposed,24,BLK_24S,4,TurnOver,3,2025-08-11 13:29:03,2025-08-11 13:42:15,13.2,,공통
b190_overload_r1,Proposed,24,BLK_24S,4,후면SAW,4,2025-08-11 14:31:08,2025-08-11 15:05:05,33.9,,공통
b190_overload_r1,Proposed,24,BLK_24S,4,NC,5,2025-08-11 15:25:53,2025-08-11 16:17:25,51.5,,공통
b190_overload_r1,Proposed,24,BLK_24S,4,베이35A 론지취부,6,2025-08-11 16:17:25,2025-08-11 17:18:28,61.1,35A,베이35A
b190_overload_r1,Proposed,24,BLK_24S,4,베이35A 론지용접,7,2025-08-11 17:18:28,2025-08-11 17:41:21,22.9,35A,베이35A
b190_overload_r1,Proposed,24,BLK_24S,4,베이35A 수정,8,2025-08-11 17:41:21,2025-08-11 18:18:19,37.0,35A,베이35A
b190_overload_r1,Proposed,67,BLK_67S,5,판계,1,2025-08-11 10:18:36,2025-08-11 10:51:36,33.0,,공통
b190_overload_r1,Proposed,67,BLK_67S,5,전면SAW,2,2025-08-11 13:29:03,2025-08-11 14:03:40,34.6,,공통
b190_overload_r1,Proposed,67,BLK_67S,5,TurnOver,3,2025-08-11 14:03:40,2025-08-11 14:16:52,13.2,,공통
b190_overload_r1,Proposed,67,BLK_67S,5,후면SAW,4,2025-08-11 15:05:05,2025-08-11 15:27:24,22.3,,공통
b190_overload_r1,Proposed,67,BLK_67S,5,NC,5,2025-08-11 16:17:25,2025-08-11 17:04:01,46.6,,공통
b190_overload_r1,Proposed,67,BLK_67S,5,베이36B 론지취부,6,2025-08-11 17:04:01,2025-08-11 18:35:52,91.9,36B,베이36B
b190_overload_r1,Proposed,67,BLK_67S,5,베이36B 론지용접,7,2025-08-11 18:35:52,2025-08-11 19:04:02,28.2,36B,베이36B
b190_overload_r1,Proposed,67,BLK_67S,5,베이36B 수정,8,2025-08-11 19:04:02,2025-08-11 20:00:21,56.3,36B,베이36B
b190_overload_r1,Proposed,48,BLK_48P,6,판계,1,2025-08-11 10:51:36,2025-08-11 11:33:24,41.8,,공통
b190_overload_r1,Proposed,48,BLK_48P,6,전면SAW,2,2025-08-11 14:03:40,2025-08-11 15:48:51,105.2,,공통
b190_overload_r1,Proposed,48,BLK_48P,6,TurnOver,3,2025-08-11 15:48:51,2025-08-11 16:02:03,13.2,,공통
b190_overload_r1,Proposed,48,BLK_48P,6,후면SAW,4,2025-08-11 16:02:03,2025-08-11 17:24:28,82.4,,공통
b190_overload_r1,Proposed,48,BLK_48P,6,NC,5,2025-08-11 17:24:28,2025-08-11 18:15:38,51.2,,공통
b190_overload_r1,Proposed,48,BLK_48P,6,베이35A 론지취부,6,2025-08-11 18:15:38,2025-08-11 19:24:23,68.8,35A,베이35A
b190_overload_r1,Proposed,48,BLK_48P,6,베이35A 론지용접,7,2025-08-11 19:24:23,2025-08-11 19:48:35,24.2,35A,베이35A
b190_overload_r1,Proposed,48,BLK_48P,6,베이35A 수정,8,2025-08-11 19:48:35,2025-08-11 20:30:23,41.8,35A,베이35A
b190_overload_r1,Proposed,51,BLK_51C,7,판계,1,2025-08-11 11:33:24,2025-08-11 12:22:54,49.5,,공통
b190_overload_r1,Proposed,51,BLK_51C,7,전면SAW,2,2025-08-11 15:48:51,2025-08-11 16:35:11,46.3,,공통
b190_overload_r1,Proposed,51,BLK_51C,7,TurnOver,3,2025-08-11 16:35:11,2025-08-11 16:48:23,13.2,,공통
b190_overload_r1,Proposed,51,BLK_51C,7,후면SAW,4,2025-08-11 17:24:28,2025-08-11 18:02:12,37.7,,공통
b190_overload_r1,Proposed,51,BLK_51C,7,NC,5,2025-08-11 18:15:38,2025-08-11 19:15:06,59.5,,공통
b190_overload_r1,Proposed,51,BLK_51C,7,베이36B 론지취부,6,2025-08-11 19:15:06,2025-08-11 20:16:09,61.1,36B,베이36B
b190_overload_r1,Proposed,51,BLK_51C,7,베이36B 론지용접,7,2025-08-11 20:16:09,2025-08-11 20:39:01,22.9,36B,베이36B
b190_overload_r1,Proposed,51,BLK_51C,7,베이36B 수정,8,2025-08-11 20:39:01,2025-08-11 21:15:59,37.0,36B,베이36B
b190_overload_r1,Proposed,44,BLK_44P,8,판계,1,2025-08-11 12:22:54,2025-08-11 12:55:54,33.0,,공통
b190_overload_r1,Proposed,44,BLK_44P,8,전면SAW,2,2025-08-11 16:35:11,2025-08-11 17:07:01,31.8,,공통
b190_overload_r1,Proposed,44,BLK_44P,8,TurnOver,3,2025-08-11 17:07:01,2025-08-11 17:20:13,13.2,,공통
b190_overload_r1,Proposed,44,BLK_44P,8,후면SAW,4,2025-08-11 18:02:12,2025-08-11 18:20:52,18.7,,공통
b190_overload_r1,Proposed,44,BLK_44P,8,NC,5,2025-08-11 19:15:06,2025-08-11 20:00:51,45.7,,공통
b190_overload_r1,Proposed,44,BLK_44P,8,베이35A 론지취부,6,2025-08-11 20:00:51,2025-08-11 21:28:51,88.0,35A,베이35A
b190_overload_r1,Proposed,44,BLK_44P,8,베이35A 론지용접,7,2025-08-11 21:28:51,2025-08-11 21:56:21,27.5,35A,베이35A
b190_overload_r1,Proposed,44,BLK_44P,8,베이35A 수정,8,2025-08-11 21:56:21,2025-08-11 22:50:15,53.9,35A,베이35A
b190_overload_r1,Proposed,40,BLK_40C,9,판계,1,2025-08-11 12:55:54,2025-08-11 13:28:54,33.0,,공통
b190_overload_r1,Proposed,40,BLK_40C,9,전면SAW,2,2025-08-11 17:07:01,2025-08-11 17:43:53,36.9,,공통
b190_overload_r1,Proposed,40,BLK_40C,9,TurnOver,3,2025-08-11 17:43:53,2025-08-11 17:57:05,13.2,,공통
b190_overload_r1,Proposed,40,BLK_40C,9,후면SAW,4,2025-08-11 18:20:52,2025-08-11 18:46:08,25.3,,공통
b190_overload_r1,Proposed,40,BLK_40C,9,NC,5,2025-08-11 20:00:51,2025-08-11 20:47:03,46.2,,공통
b190_overload_r1,Proposed,40,BLK_40C,9,베이36B 론지취부,6,2025-08-11 20:47:03,2025-08-11 22:03:30,76.5,36B,베이36B
b190_overload_r1,Proposed,40,BLK_40C,9,베이36B 론지용접,7,2025-08-11 22:03:30,2025-08-11 22:29:01,25.5,36B,베이36B
b190_overload_r1,Proposed,40,BLK_40C,9,베이36B 수정,8,2025-08-11 22:29:01,2025-08-11 23:15:39,46.6,36B,베이36B
b190_overload_r1,Proposed,47,BLK_47C,10,판계,1,2025-08-11 13:28:54,2025-08-11 13:42:06,13.2,,공통
b190_overload_r1,Proposed,47,BLK_47C,10,전면SAW,2,2025-08-11 17:43:53,2025-08-11 18:25:47,41.9,,공통
b190_overload_r1,Proposed,47,BLK_47C,10,TurnOver,3,2025-08-11 18:25:47,2025-08-11 18:38:59,13.2,,공통
b190_overload_r1,Proposed,47,BLK_47C,10,후면SAW,4,2025-08-11 18:46:08,2025-08-11 19:18:02,31.9,,공통
b190_overload_r1,Proposed,47,BLK_47C,10,NC,5,2025-08-11 20:47:03,2025-08-11 21:09:09,22.1,,공통
b190_overload_r1,Proposed,47,BLK_47C,10,베이35A 론지취부,6,2025-08-11 21:28:51,2025-08-11 22:14:30,45.7,35A,베이35A
b190_overload_r1,Proposed,47,BLK_47C,10,베이35A 론지용접,7,2025-08-11 22:14:30,2025-08-11 22:30:20,15.8,35A,베이35A
b190_overload_r1,Proposed,47,BLK_47C,10,베이35A 수정,8,2025-08-11 22:50:15,2025-08-11 23:17:31,27.3,35A,베이35A
b190_overload_r1,Proposed,68,BLK_68S,11,판계,1,2025-08-11 13:42:06,2025-08-11 14:09:36,27.5,,공통
b190_overload_r1,Proposed,68,BLK_68S,11,전면SAW,2,2025-08-11 18:25:47,2025-08-11 19:02:02,36.2,,공통
b190_overload_r1,Proposed,68,BLK_68S,11,TurnOver,3,2025-08-11 19:02:02,2025-08-11 19:15:14,13.2,,공통
b190_overload_r1,Proposed,68,BLK_68S,11,후면SAW,4,2025-08-11 19:18:02,2025-08-11 19:42:29,24.5,,공통
b190_overload_r1,Proposed,68,BLK_68S,11,NC,5,2025-08-11 21:09:09,2025-08-11 21:50:30,41.3,,공통
b190_overload_r1,Proposed,68,BLK_68S,11,베이36B 론지취부,6,2025-08-11 22:03:30,2025-08-11 23:00:42,57.2,36B,베이36B
b190_overload_r1,Proposed,68,BLK_68S,11,베이36B 론지용접,7,2025-08-11 23:00:42,2025-08-11 23:22:55,22.2,36B,베이36B
b190_overload_r1,Proposed,68,BLK_68S,11,베이36B 수정,8,2025-08-11 23:22:55,2025-08-11 23:57:27,34.5,36B,베이36B
b190_overload_r1,Proposed,56,BLK_56P,12,판계,1,2025-08-11 14:09:36,2025-08-11 14:42:36,33.0,,공통
b190_overload_r1,Proposed,56,BLK_56P,12,전면SAW,2,2025-08-11 19:02:02,2025-08-11 19:34:52,32.8,,공통
b190_overload_r1,Proposed,56,BLK_56P,12,TurnOver,3,2025-08-11 19:34:52,2025-08-11 19:48:04,13.2,,공통
b190_overload_r1,Proposed,56,BLK_56P,12,후면SAW,4,2025-08-11 19:48:04,2025-08-11 20:08:02,20.0,,공통
b190_overload_r1,Proposed,56,BLK_56P,12,NC,5,2025-08-11 21:50:30,2025-08-11 22:39:55,49.4,,공통
b190_overload_r1,Proposed,56,BLK_56P,12,베이35A 론지취부,6,2025-08-11 22:39:55,2025-08-12 00:07:55,88.0,35A,베이35A
b190_overload_r1,Proposed,56,BLK_56P,12,베이35A 론지용접,7,2025-08-12 00:07:55,2025-08-12 00:35:25,27.5,35A,베이35A
b190_overload_r1,Proposed,56,BLK_56P,12,베이35A 수정,8,2025-08-12 00:35:25,2025-08-12 01:29:19,53.9,35A,베이35A
b190_overload_r1,Proposed,39,BLK_39S,13,판계,1,2025-08-11 14:42:36,2025-08-11 15:10:06,27.5,,공통
b190_overload_r1,Proposed,39,BLK_39S,13,전면SAW,2,2025-08-11 19:34:52,2025-08-11 20:08:27,33.6,,공통
b190_overload_r1,Proposed,39,BLK_39S,13,TurnOver,3,2025-08-11 20:08:27,2025-08-11 20:21:39,13.2,,공통
b190_overload_r1,Proposed,39,BLK_39S,13,후면SAW,4,2025-08-11 20:21:39,2025-08-11 20:42:36,21.0,,공통
b190_overload_r1,Proposed,39,BLK_39S,13,NC,5,2025-08-11 22:39:55,2025-08-11 23:15:52,36.0,,공통
b190_overload_r1,Proposed,39,BLK_39S,13,베이36B 론지취부,6,2025-08-11 23:15:52,2025-08-12 00:05:22,49.5,36B,베이36B
b190_overload_r1,Proposed,39,BLK_39S,13,베이36B 론지용접,7,2025-08-12 00:05:22,2025-08-12 00:26:16,20.9,36B,베이36B
b190_overload_r1,Proposed,39,BLK_39S,13,베이36B 수정,8,2025-08-12 00:26:16,2025-08-12 00:55:58,29.7,36B,베이36B
b190_overload_r1,Proposed,31,BLK_31S,14,판계,1,2025-08-11 15:10:06,2025-08-11 15:43:06,33.0,,공통
b190_overload_r1,Proposed,31,BLK_31S,14,전면SAW,2,2025-08-11 20:08:27,2025-08-11 20:42:51,34.4,,공통
b190_overload_r1,Proposed,31,BLK_31S,14,TurnOver,3,2025-08-11 20:42:51,2025-08-11 20:56:03,13.2,,공통
b190_overload_r1,Proposed,31,BLK_31S,14,후면SAW,4,2025-08-11 20:56:03,2025-08-11 21:18:06,22.0,,공통
b190_overload_r1,Proposed,31,BLK_31S,14,NC,5,2025-08-11 23:15:52,2025-08-12 00:00:04,44.2,,공통
b190_overload_r1,Proposed,31,BLK_31S,14,베이35A 론지취부,6,2025-08-12 00:07:55,2025-08-12 01:01:16,53.4,35A,베이35A
b190_overload_r1,Proposed,31,BLK_31S,14,베이35A 론지용접,7,2025-08-12 01:01:16,2025-08-12 01:22:49,21.6,35A,베이35A
b190_overload_r1,Proposed,31,BLK_31S,14,베이35A 수정,8,2025-08-12 01:29:19,2025-08-12 02:01:26,32.1,35A,베이35A
b190_overload_r1,Proposed,183,BLK_60S,15,판계,1,2025-08-11 15:43:06,2025-08-11 16:16:06,33.0,,공통
b190_overload_r1,Proposed,183,BLK_60S,15,전면SAW,2,2025-08-11 20:42:51,2025-08-11 21:13:36,30.7,,공통
b190_overload_r1,Proposed,183,BLK_60S,15,TurnOver,3,2025-08-11 21:13:36,2025-08-11 21:26:48,13.2,,공통
b190_overload_r1,Proposed,183,BLK_60S,15,후면SAW,4,2025-08-11 21:26:48,2025-08-11 21:44:01,17.2,,공통
b190_overload_r1,Proposed,183,BLK_60S,15,NC,5,2025-08-12 00:00:04,2025-08-12 00:41:50,41.8,,공통
b190_overload_r1,Proposed,183,BLK_60S,15,베이36B 론지취부,6,2025-08-12 00:41:50,2025-08-12 01:46:44,64.9,36B,베이36B
b190_overload_r1,Proposed,183,BLK_60S,15,베이36B 론지용접,7,2025-08-12 01:46:44,2025-08-12 02:10:16,23.5,36B,베이36B
b190_overload_r1,Proposed,183,BLK_60S,15,베이36B 수정,8,2025-08-12 02:10:16,2025-08-12 02:49:39,39.4,36B,베이36B
b190_overload_r1,Proposed,60,BLK_60P,16,판계,1,2025-08-11 16:16:06,2025-08-11 16:49:06,33.0,,공통
b190_overload_r1,Proposed,60,BLK_60P,16,전면SAW,2,2025-08-11 21:13:36,2025-08-11 21:44:21,30.7,,공통
b190_overload_r1,Proposed,60,BLK_60P,16,TurnOver,3,2025-08-11 21:44:21,2025-08-11 21:57:33,13.2,,공통
b190_overload_r1,Proposed,60,BLK_60P,16,후면SAW,4,2025-08-11 21:57:33,2025-08-11 22:14:45,17.2,,공통
b190_overload_r1,Proposed,60,BLK_60P,16,NC,5,2025-08-12 00:41:50,2025-08-12 01:23:36,41.8,,공통
b190_overload_r1,Proposed,60,BLK_60P,16,베이35A 론지취부,6,2025-08-12 01:23:36,2025-08-12 02:28:30,64.9,35A,베이35A
b190_overload_r1,Proposed,60,BLK_60P,16,베이35A 론지용접,7,2025-08-12 02:28:30,2025-08-12 02:52:02,23.5,35A,베이35A
b190_overload_r1,Proposed,60,BLK_60P,16,베이35A 수정,8,2025-08-12 02:52:02,2025-08-12 03:31:25,39.4,35A,베이35A
b190_overload_r1,Proposed,129,BLK_129S,17,판계,1,2025-08-11 16:49:06,2025-08-11 17:02:18,13.2,,공통
b190_overload_r1,Proposed,129,BLK_129S,17,전면SAW,2,2025-08-11 21:44:21,2025-08-11 22:23:00,38.7,,공통
b190_overload_r1,Proposed,129,BLK_129S,17,TurnOver,3,2025-08-11 22:23:00,2025-08-11 22:36:12,13.2,,공통
b190_overload_r1,Proposed,129,BLK_129S,17,후면SAW,4,2025-08-11 22:36:12,2025-08-11 23:03:49,27.6,,공통
b190_overload_r1,Proposed,129,BLK_129S,17,NC,5,2025-08-12 01:23:36,2025-08-12 01:45:36,22.0,,공통
b190_overload_r1,Proposed,129,BLK_129S,17,베이36B 론지취부,6,2025-08-12 01:46:44,2025-08-12 02:09:17,22.6,36B,베이36B
b190_overload_r1,Proposed,129,BLK_129S,17,베이36B 론지용접,7,2025-08-12 02:10:16,2025-08-12 02:22:09,11.9,36B,베이36B
b190_overload_r1,Proposed,129,BLK_129S,17,베이36B 수정,8,2025-08-12 02:49:39,2025-08-12 03:02:24,12.8,36B,베이36B
b190_overload_r1,Proposed,108,BLK_108C,18,판계,1,2025-08-11 17:02:18,2025-08-11 17:15:30,13.2,,공통
b190_overload_r1,Proposed,108,BLK_108C,18,전면SAW,2,2025-08-11 22:23:00,2025-08-11 23:12:25,49.4,,공통
b190_overload_r1,Proposed,108,BLK_108C,18,TurnOver,3,2025-08-11 23:12:25,2025-08-11 23:25:37,13.2,,공통
b190_overload_r1,Proposed,108,BLK_108C,18,후면SAW,4,2025-08-11 23:25:37,2025-08-12 00:07:24,41.8,,공통
b190_overload_r1,Proposed,108,BLK_108C,18,NC,5,2025-08-12 01:45:36,2025-08-12 02:12:00,26.4,,공통
b190_overload_r1,Proposed,108,BLK_108C,18,베이35A 론지취부,6,2025-08-12 02:28:30,2025-08-12 03:33:24,64.9,35A,베이35A
b190_overload_r1,Proposed,108,BLK_108C,18,베이35A 론지용접,7,2025-08-12 03:33:24,2025-08-12 03:56:56,23.5,35A,베이35A
b190_overload_r1,Proposed,108,BLK_108C,18,베이35A 수정,8,2025-08-12 03:56:56,2025-08-12 04:36:19,39.4,35A,베이35A
b190_overload_r1,Proposed,146,BLK_146P,1,판계,1,2025-08-12 08:00:00,2025-08-12 08:33:00,33.0,,공통
b190_overload_r1,Proposed,146,BLK_146P,1,전면SAW,2,2025-08-12 08:33:00,2025-08-12 09:03:38,30.6,,공통
b190_overload_r1,Proposed,146,BLK_146P,1,TurnOver,3,2025-08-12 09:03:38,2025-08-12 09:16:50,13.2,,공통
b190_overload_r1,Proposed,146,BLK_146P,1,후면SAW,4,2025-08-12 09:16:50,2025-08-12 09:33:54,17.1,,공통
b190_overload_r1,Proposed,146,BLK_146P,1,NC,5,2025-08-12 09:33:54,2025-08-12 10:14:56,41.0,,공통
b190_overload_r1,Proposed,146,BLK_146P,1,베이36B 론지취부,6,2025-08-12 10:14:56,2025-08-12 10:56:44,41.8,36B,베이36B
b190_overload_r1,Proposed,146,BLK_146P,1,베이36B 론지용접,7,2025-08-12 10:56:44,2025-08-12 11:16:19,19.6,36B,베이36B
b190_overload_r1,Proposed,146,BLK_146P,1,베이36B 수정,8,2025-08-12 11:16:19,2025-08-12 11:41:10,24.9,36B,베이36B
b190_overload_r1,Proposed,107,BLK_107P,2,판계,1,2025-08-12 08:33:00,2025-08-12 08:55:00,22.0,,공통
b190_overload_r1,Proposed,107,BLK_107P,2,전면SAW,2,2025-08-12 09:03:38,2025-08-12 09:32:33,28.9,,공통
b190_overload_r1,Proposed,107,BLK_107P,2,TurnOver,3,2025-08-12 09:32:33,2025-08-12 09:45:45,13.2,,공통
b190_overload_r1,Proposed,107,BLK_107P,2,후면SAW,4,2025-08-12 09:45:45,2025-08-12 10:00:34,14.8,,공통
b190_overload_r1,Proposed,107,BLK_107P,2,NC,5,2025-08-12 10:14:56,2025-08-12 10:42:51,27.9,,공통
b190_overload_r1,Proposed,107,BLK_107P,2,베이35A 론지취부,6,2025-08-12 10:42:51,2025-08-12 11:01:33,18.7,35A,베이35A
b190_overload_r1,Proposed,107,BLK_107P,2,베이35A 론지용접,7,2025-08-12 11:01:33,2025-08-12 11:17:10,15.6,35A,베이35A
b190_overload_r1,Proposed,107,BLK_107P,2,베이35A 수정,8,2025-08-12 11:17:10,2025-08-12 11:27:30,10.3,35A,베이35A
b190_overload_r1,Proposed,112,BLK_112C,3,판계,1,2025-08-12 08:55:00,2025-08-12 09:44:30,49.5,,공통
b190_overload_r1,Proposed,112,BLK_112C,3,전면SAW,2,2025-08-12 09:44:30,2025-08-12 12:44:17,179.8,,공통
b190_overload_r1,Proposed,112,BLK_112C,3,TurnOver,3,2025-08-12 12:44:17,2025-08-12 12:57:29,13.2,,공통
b190_overload_r1,Proposed,112,BLK_112C,3,후면SAW,4,2025-08-12 12:57:29,2025-08-12 15:07:27,130.0,,공통
b190_overload_r1,Proposed,112,BLK_112C,3,NC,5,2025-08-12 15:07:27,2025-08-12 16:07:23,59.9,,공통
b190_overload_r1,Proposed,112,BLK_112C,3,베이36B 론지취부,6,2025-08-12 16:07:23,2025-08-12 17:39:14,91.9,36B,베이36B
b190_overload_r1,Proposed,112,BLK_112C,3,베이36B 론지용접,7,2025-08-12 17:39:14,2025-08-12 18:07:23,28.2,36B,베이36B
b190_overload_r1,Proposed,112,BLK_112C,3,베이36B 수정,8,2025-08-12 18:07:23,2025-08-12 19:03:43,56.3,36B,베이36B
b190_overload_r1,Proposed,79,BLK_79C,4,판계,1,2025-08-12 09:44:30,2025-08-12 10:20:48,36.3,,공통
b190_overload_r1,Proposed,79,BLK_79C,4,전면SAW,2,2025-08-12 12:44:17,2025-08-12 14:49:19,125.0,,공통
b190_overload_r1,Proposed,79,BLK_79C,4,TurnOver,3,2025-08-12 14:49:19,2025-08-12 15:02:31,13.2,,공통
b190_overload_r1,Proposed,79,BLK_79C,4,후면SAW,4,2025-08-12 15:07:27,2025-08-12 16:48:00,100.5,,공통
b190_overload_r1,Proposed,79,BLK_79C,4,NC,5,2025-08-12 16:48:00,2025-08-12 17:31:50,43.8,,공통
b190_overload_r1,Proposed,79,BLK_79C,4,베이35A 론지취부,6,2025-08-12 17:31:50,2025-08-12 18:52:08,80.3,35A,베이35A
b190_overload_r1,Proposed,79,BLK_79C,4,베이35A 론지용접,7,2025-08-12 18:52:08,2025-08-12 19:18:19,26.2,35A,베이35A
b190_overload_r1,Proposed,79,BLK_79C,4,베이35A 수정,8,2025-08-12 19:18:19,2025-08-12 20:07:23,49.1,35A,베이35A
b190_overload_r1,Proposed,91,BLK_91S,5,판계,1,2025-08-12 10:20:48,2025-08-12 10:57:06,36.3,,공통
b190_overload_r1,Proposed,91,BLK_91S,5,전면SAW,2,2025-08-12 14:49:19,2025-08-12 17:45:01,175.7,,공통
b190_overload_r1,Proposed,91,BLK_91S,5,TurnOver,3,2025-08-12 17:45:01,2025-08-12 17:58:13,13.2,,공통
b190_overload_r1,Proposed,91,BLK_91S,5,후면SAW,4,2025-08-12 17:58:13,2025-08-12 20:24:57,146.7,,공통
b190_overload_r1,Proposed,91,BLK_91S,5,NC,5,2025-08-12 20:24:57,2025-08-12 21:16:59,52.0,,공통
b190_overload_r1,Proposed,91,BLK_91S,5,베이36B 론지취부,6,2025-08-12 21:16:59,2025-08-12 23:23:29,126.5,36B,베이36B
b190_overload_r1,Proposed,91,BLK_91S,5,베이36B 론지용접,7,2025-08-12 23:23:29,2025-08-12 23:57:35,34.1,36B,베이36B
b190_overload_r1,Proposed,91,BLK_91S,5,베이36B 수정,8,2025-08-12 23:57:35,2025-08-13 01:15:41,78.1,36B,베이36B
b190_overload_r1,Proposed,89,BLK_89C,6,판계,1,2025-08-12 10:57:06,2025-08-12 11:19:06,22.0,,공통
b190_overload_r1,Proposed,89,BLK_89C,6,전면SAW,2,2025-08-12 17:45:01,2025-08-12 18:55:24,70.4,,공통
b190_overload_r1,Proposed,89,BLK_89C,6,TurnOver,3,2025-08-12 18:55:24,2025-08-12 19:08:36,13.2,,공통
b190_overload_r1,Proposed,89,BLK_89C,6,후면SAW,4,2025-08-12 20:24:57,2025-08-12 21:34:21,69.4,,공통
b190_overload_r1,Proposed,89,BLK_89C,6,NC,5,2025-08-12 21:34:21,2025-08-12 22:09:51,35.5,,공통
b190_overload_r1,Proposed,89,BLK_89C,6,베이35A 론지취부,6,2025-08-12 22:09:51,2025-08-12 23:14:45,64.9,35A,베이35A
b190_overload_r1,Proposed,89,BLK_89C,6,베이35A 론지용접,7,2025-08-12 23:14:45,2025-08-12 23:38:18,23.5,35A,베이35A
b190_overload_r1,Proposed,89,BLK_89C,6,베이35A 수정,8,2025-08-12 23:38:18,2025-08-13 00:17:40,39.4,35A,베이35A
b190_overload_r1,Proposed,127,BLK_127P,7,판계,1,2025-08-12 11:19:06,2025-08-12 11:48:48,29.7,,공통
b190_overload_r1,Proposed,127,BLK_127P,7,전면SAW,2,2025-08-12 18:55:24,2025-08-12 22:24:24,209.0,,공통
b190_overload_r1,Proposed,127,BLK_127P,7,TurnOver,3,2025-08-12 22:24:24,2025-08-12 22:37:36,13.2,,공통
b190_overload_r1,Proposed,127,BLK_127P,7,후면SAW,4,2025-08-12 22:37:36,2025-08-13 01:35:48,178.2,,공통
b190_overload_r1,Proposed,127,BLK_127P,7,NC,5,2025-08-13 01:35:48,2025-08-13 02:15:13,39.4,,공통
b190_overload_r1,Proposed,127,BLK_127P,7,베이36B 론지취부,6,2025-08-13 02:15:13,2025-08-13 03:35:31,80.3,36B,베이36B
b190_overload_r1,Proposed,127,BLK_127P,7,베이36B 론지용접,7,2025-08-13 03:35:31,2025-08-13 04:01:42,26.2,36B,베이36B
b190_overload_r1,Proposed,127,BLK_127P,7,베이36B 수정,8,2025-08-13 04:01:42,2025-08-13 04:50:45,49.1,36B,베이36B
b190_overload_r1,Proposed,167,BLK_167C,8,판계,1,2025-08-12 11:48:48,2025-08-12 12:38:18,49.5,,공통
b190_overload_r1,Proposed,167,BLK_167C,8,전면SAW,2,2025-08-12 22:24:24,2025-08-12 23:09:03,44.6,,공통
b190_overload_r1,Proposed,167,BLK_167C,8,TurnOver,3,2025-08-12 23:09:03,2025-08-12 23:22:15,13.2,,공통
b190_overload_r1,Proposed,167,BLK_167C,8,후면SAW,4,2025-08-13 01:35:48,2025-08-13 02:11:19,35.5,,공통
b190_overload_r1,Proposed,167,BLK_167C,8,NC,5,2025-08-13 02:15:13,2025-08-13 03:20:56,65.7,,공통
b190_overload_r1,Proposed,167,BLK_167C,8,베이36B 론지취부,6,2025-08-13 03:35:31,2025-08-13 05:22:46,107.3,36B,베이36B
b190_overload_r1,Proposed,167,BLK_167C,8,베이36B 론지용접,7,2025-08-13 05:22:46,2025-08-13 05:53:34,30.8,36B,베이36B
b190_overload_r1,Proposed,167,BLK_167C,8,베이36B 수정,8,2025-08-13 05:53:34,2025-08-13 06:59:34,66.0,36B,베이36B
b190_overload_r1,Proposed,115,BLK_115C,9,판계,1,2025-08-12 12:38:18,2025-08-12 13:22:18,44.0,,공통
b190_overload_r1,Proposed,115,BLK_115C,9,전면SAW,2,2025-08-12 23:09:03,2025-08-13 02:14:30,185.4,,공통
b190_overload_r1,Proposed,115,BLK_115C,9,TurnOver,3,2025-08-13 02:14:30,2025-08-13 02:27:42,13.2,,공통
b190_overload_r1,Proposed,115,BLK_115C,9,후면SAW,4,2025-08-13 02:27:42,2025-08-13 04:45:12,137.5,,공통
b190_overload_r1,Proposed,115,BLK_115C,9,NC,5,2025-08-13 04:45:12,2025-08-13 05:38:17,53.1,,공통
b190_overload_r1,Proposed,115,BLK_115C,9,베이35A 론지취부,6,2025-08-13 05:38:17,2025-08-13 06:58:35,80.3,35A,베이35A
b190_overload_r1,Proposed,115,BLK_115C,9,베이35A 론지용접,7,2025-08-13 06:58:35,2025-08-13 07:24:45,26.2,35A,베이35A
b190_overload_r1,Proposed,115,BLK_115C,9,베이35A 수정,8,2025-08-13 07:24:45,2025-08-13 08:13:49,49.1,35A,베이35A
b190_overload_r1,Proposed,178,BLK_178C,10,판계,1,2025-08-12 13:22:18,2025-08-12 13:55:18,33.0,,공통
b190_overload_r1,Proposed,178,BLK_178C,10,전면SAW,2,2025-08-13 02:14:30,2025-08-13 03:05:17,50.8,,공통
b190_overload_r1,Proposed,178,BLK_178C,10,TurnOver,3,2025-08-13 03:05:17,2025-08-13 03:18:29,13.2,,공통
b190_overload_r1,Proposed,178,BLK_178C,10,후면SAW,4,2025-08-13 04:45:12,2025-08-13 05:28:48,43.6,,공통
b190_overload_r1,Proposed,178,BLK_178C,10,NC,5,2025-08-13 05:38:17,2025-08-13 06:25:48,47.5,,공통
b190_overload_r1,Proposed,178,BLK_178C,10,베이36B 론지취부,6,2025-08-13 06:25:48,2025-08-13 07:49:57,84.2,36B,베이36B
b190_overload_r1,Proposed,178,BLK_178C,10,베이36B 론지용접,7,2025-08-13 07:49:57,2025-08-13 08:16:47,26.8,36B,베이36B
b190_overload_r1,Proposed,178,BLK_178C,10,베이36B 수정,8,2025-08-13 08:16:47,2025-08-13 09:08:16,51.5,36B,베이36B
b190_overload_r1,Proposed,85,BLK_85S,11,판계,1,2025-08-12 13:55:18,2025-08-12 14:31:36,36.3,,공통
b190_overload_r1,Proposed,85,BLK_85S,11,전면SAW,2,2025-08-13 03:05:17,2025-08-13 05:49:58,164.7,,공통
b190_overload_r1,Proposed,85,BLK_85S,11,TurnOver,3,2025-08-13 05:49:58,2025-08-13 06:03:10,13.2,,공통
b190_overload_r1,Proposed,85,BLK_85S,11,후면SAW,4,2025-08-13 06:03:10,2025-08-13 08:19:50,136.7,,공통
b190_overload_r1,Proposed,85,BLK_85S,11,NC,5,2025-08-13 08:19:50,2025-08-13 09:06:20,46.5,,공통
b190_overload_r1,Proposed,85,BLK_85S,11,베이35A 론지취부,6,2025-08-13 09:06:20,2025-08-13 10:26:38,80.3,35A,베이35A
b190_overload_r1,Proposed,85,BLK_85S,11,베이35A 론지용접,7,2025-08-13 10:26:38,2025-08-13 10:52:49,26.2,35A,베이35A
b190_overload_r1,Proposed,85,BLK_85S,11,베이35A 수정,8,2025-08-13 10:52:49,2025-08-13 11:41:52,49.1,35A,베이35A
b190_overload_r1,Proposed,105,BLK_105C,12,판계,1,2025-08-12 14:31:36,2025-08-12 15:36:30,64.9,,공통
b190_overload_r1,Proposed,105,BLK_105C,12,전면SAW,2,2025-08-13 05:49:58,2025-08-13 06:31:19,41.3,,공통
b190_overload_r1,Proposed,105,BLK_105C,12,TurnOver,3,2025-08-13 06:31:19,2025-08-13 06:44:31,13.2,,공통
b190_overload_r1,Proposed,105,BLK_105C,12,후면SAW,4,2025-08-13 08:19:50,2025-08-13 08:51:01,31.2,,공통
b190_overload_r1,Proposed,105,BLK_105C,12,NC,5,2025-08-13 09:06:20,2025-08-13 10:23:54,77.6,,공통
b190_overload_r1,Proposed,105,BLK_105C,12,베이36B 론지취부,6,2025-08-13 10:23:54,2025-08-13 12:30:24,126.5,36B,베이36B
b190_overload_r1,Proposed,105,BLK_105C,12,베이36B 론지용접,7,2025-08-13 12:30:24,2025-08-13 13:04:30,34.1,36B,베이36B
b190_overload_r1,Proposed,105,BLK_105C,12,베이36B 수정,8,2025-08-13 13:04:30,2025-08-13 14:22:36,78.1,36B,베이36B
b190_overload_r1,Proposed,171,BLK_171C,13,판계,1,2025-08-12 15:36:30,2025-08-12 16:15:00,38.5,,공통
b190_overload_r1,Proposed,171,BLK_171C,13,전면SAW,2,2025-08-13 06:31:19,2025-08-13 09:40:02,188.7,,공통
b190_overload_r1,Proposed,171,BLK_171C,13,TurnOver,3,2025-08-13 09:40:02,2025-08-13 09:53:14,13.2,,공통
b190_overload_r1,Proposed,171,BLK_171C,13,후면SAW,4,2025-08-13 09:53:14,2025-08-13 12:38:44,165.5,,공통
b190_overload_r1,Proposed,171,BLK_171C,13,NC,5,2025-08-13 12:38:44,2025-08-13 13:21:28,42.7,,공통
b190_overload_r1,Proposed,171,BLK_171C,13,베이35A 론지취부,6,2025-08-13 13:21:28,2025-08-13 13:59:25,38.0,35A,베이35A
b190_overload_r1,Proposed,171,BLK_171C,13,베이35A 론지용접,7,2025-08-13 13:59:25,2025-08-13 14:18:20,18.9,35A,베이35A
b190_overload_r1,Proposed,171,BLK_171C,13,베이35A 수정,8,2025-08-13 14:18:20,2025-08-13 14:40:47,22.4,35A,베이35A
b190_overload_r1,Proposed,141,BLK_141C,14,판계,1,2025-08-12 16:15:00,2025-08-12 16:42:30,27.5,,공통
b190_overload_r1,Proposed,141,BLK_141C,14,전면SAW,2,2025-08-13 09:40:02,2025-08-13 10:20:20,40.3,,공통
b190_overload_r1,Proposed,141,BLK_141C,14,TurnOver,3,2025-08-13 10:20:20,2025-08-13 10:33:32,13.2,,공통
b190_overload_r1,Proposed,141,BLK_141C,14,후면SAW,4,2025-08-13 12:38:44,2025-08-13 13:08:31,29.8,,공통
b190_overload_r1,Proposed,141,BLK_141C,14,NC,5,2025-08-13 13:21:28,2025-08-13 14:04:58,43.5,,공통
b190_overload_r1,Proposed,141,BLK_141C,14,베이36B 론지취부,6,2025-08-13 14:04:58,2025-08-13 15:25:16,80.3,36B,베이36B
b190_overload_r1,Proposed,141,BLK_141C,14,베이36B 론지용접,7,2025-08-13 15:25:16,2025-08-13 15:51:27,26.2,36B,베이36B
b190_overload_r1,Proposed,141,BLK_141C,14,베이36B 수정,8,2025-08-13 15:51:27,2025-08-13 16:40:31,49.1,36B,베이36B
b190_overload_r1,Proposed,95,BLK_95S,15,판계,1,2025-08-12 16:42:30,2025-08-12 17:18:48,36.3,,공통
b190_overload_r1,Proposed,95,BLK_95S,15,전면SAW,2,2025-08-13 10:20:20,2025-08-13 12:22:03,121.7,,공통
b190_overload_r1,Proposed,95,BLK_95S,15,TurnOver,3,2025-08-13 12:22:03,2025-08-13 12:35:15,13.2,,공통
b190_overload_r1,Proposed,95,BLK_95S,15,후면SAW,4,2025-08-13 13:08:31,2025-08-13 14:46:01,97.5,,공통
b190_overload_r1,Proposed,95,BLK_95S,15,NC,5,2025-08-13 14:46:01,2025-08-13 15:33:13,47.2,,공통
b190_overload_r1,Proposed,95,BLK_95S,15,베이35A 론지취부,6,2025-08-13 15:33:13,2025-08-13 16:45:49,72.6,35A,베이35A
b190_overload_r1,Proposed,95,BLK_95S,15,베이35A 론지용접,7,2025-08-13 16:45:49,2025-08-13 17:10:40,24.9,35A,베이35A
b190_overload_r1,Proposed,95,BLK_95S,15,베이35A 수정,8,2025-08-13 17:10:40,2025-08-13 17:54:54,44.2,35A,베이35A
b190_overload_r1,Proposed,75,BLK_75C,16,판계,1,2025-08-12 17:18:48,2025-08-12 17:51:48,33.0,,공통
b190_overload_r1,Proposed,75,BLK_75C,16,전면SAW,2,2025-08-13 12:22:03,2025-08-13 13:06:22,44.3,,공통
b190_overload_r1,Proposed,75,BLK_75C,16,TurnOver,3,2025-08-13 13:06:22,2025-08-13 13:19:34,13.2,,공통
b190_overload_r1,Proposed,75,BLK_75C,16,후면SAW,4,2025-08-13 14:46:01,2025-08-13 15:21:07,35.1,,공통
b190_overload_r1,Proposed,75,BLK_75C,16,NC,5,2025-08-13 15:33:13,2025-08-13 16:19:13,46.0,,공통
b190_overload_r1,Proposed,75,BLK_75C,16,베이36B 론지취부,6,2025-08-13 16:19:13,2025-08-13 17:39:31,80.3,36B,베이36B
b190_overload_r1,Proposed,75,BLK_75C,16,베이36B 론지용접,7,2025-08-13 17:39:31,2025-08-13 18:05:42,26.2,36B,베이36B
b190_overload_r1,Proposed,75,BLK_75C,16,베이36B 수정,8,2025-08-13 18:05:42,2025-08-13 18:54:45,49.1,36B,베이36B
b190_overload_r1,Proposed,155,BLK_155S,1,판계,1,2025-08-13 08:00:00,2025-08-13 08:49:30,49.5,,공통
b190_overload_r1,Proposed,155,BLK_155S,1,전면SAW,2,2025-08-13 08:49:30,2025-08-13 11:52:00,182.5,,공통
b190_overload_r1,Proposed,155,BLK_155S,1,TurnOver,3,2025-08-13 11:52:00,2025-08-13 12:05:12,13.2,,공통
b190_overload_r1,Proposed,155,BLK_155S,1,후면SAW,4,2025-08-13 12:05:12,2025-08-13 14:20:22,135.2,,공통
b190_overload_r1,Proposed,155,BLK_155S,1,NC,5,2025-08-13 14:20:22,2025-08-13 15:19:49,59.5,,공통
b190_overload_r1,Proposed,155,BLK_155S,1,베이35A 론지취부,6,2025-08-13 15:19:49,2025-08-13 16:47:49,88.0,35A,베이35A
b190_overload_r1,Proposed,155,BLK_155S,1,베이35A 론지용접,7,2025-08-13 16:47:49,2025-08-13 17:15:19,27.5,35A,베이35A
b190_overload_r1,Proposed,155,BLK_155S,1,베이35A 수정,8,2025-08-13 17:15:19,2025-08-13 18:09:13,53.9,35A,베이35A
b190_overload_r1,Proposed,139,BLK_139C,2,판계,1,2025-08-13 08:49:30,2025-08-13 09:11:30,22.0,,공통
b190_overload_r1,Proposed,139,BLK_139C,2,전면SAW,2,2025-08-13 11:52:00,2025-08-13 12:51:49,59.8,,공통
b190_overload_r1,Proposed,139,BLK_139C,2,TurnOver,3,2025-08-13 12:51:49,2025-08-13 13:05:01,13.2,,공통
b190_overload_r1,Proposed,139,BLK_139C,2,후면SAW,4,2025-08-13 14:20:22,2025-08-13 15:15:50,55.5,,공통
b190_overload_r1,Proposed,139,BLK_139C,2,NC,5,2025-08-13 15:19:49,2025-08-13 15:52:58,33.2,,공통
b190_overload_r1,Proposed,139,BLK_139C,2,베이36B 론지취부,6,2025-08-13 15:52:58,2025-08-13 17:05:34,72.6,36B,베이36B
b190_overload_r1,Proposed,139,BLK_139C,2,베이36B 론지용접,7,2025-08-13 17:05:34,2025-08-13 17:30:26,24.9,36B,베이36B
b190_overload_r1,Proposed,139,BLK_139C,2,베이36B 수정,8,2025-08-13 17:30:26,2025-08-13 18:14:39,44.2,36B,베이36B
b190_overload_r1,Proposed,122,BLK_122S,3,판계,1,2025-08-13 09:11:30,2025-08-13 10:01:00,49.5,,공통
b190_overload_r1,Proposed,122,BLK_122S,3,전면SAW,2,2025-08-13 12:51:49,2025-08-13 16:03:37,191.8,,공통
b190_overload_r1,Proposed,122,BLK_122S,3,TurnOver,3,2025-08-13 16:03:37,2025-08-13 16:16:49,13.2,,공통
b190_overload_r1,Proposed,122,BLK_122S,3,후면SAW,4,2025-08-13 16:16:49,2025-08-13 19:05:15,168.4,,공통
b190_overload_r1,Proposed,122,BLK_122S,3,NC,5,2025-08-13 19:05:15,2025-08-13 20:14:34,69.3,,공통
b190_overload_r1,Proposed,122,BLK_122S,3,베이35A 론지취부,6,2025-08-13 20:14:34,2025-08-13 21:15:37,61.1,35A,베이35A
b190_overload_r1,Proposed,122,BLK_122S,3,베이35A 론지용접,7,2025-08-13 21:15:37,2025-08-13 21:38:29,22.9,35A,베이35A
b190_overload_r1,Proposed,122,BLK_122S,3,베이35A 수정,8,2025-08-13 21:38:29,2025-08-13 22:15:27,37.0,35A,베이35A
b190_overload_r1,Proposed,78,BLK_78C,4,판계,1,2025-08-13 10:01:00,2025-08-13 10:37:18,36.3,,공통
b190_overload_r1,Proposed,78,BLK_78C,4,전면SAW,2,2025-08-13 16:03:37,2025-08-13 18:16:34,132.9,,공통
b190_overload_r1,Proposed,78,BLK_78C,4,TurnOver,3,2025-08-13 18:16:34,2025-08-13 18:29:46,13.2,,공통
b190_overload_r1,Proposed,78,BLK_78C,4,후면SAW,4,2025-08-13 19:05:15,2025-08-13 20:53:00,107.8,,공통
b190_overload_r1,Proposed,78,BLK_78C,4,NC,5,2025-08-13 20:53:00,2025-08-13 21:35:15,42.2,,공통
b190_overload_r1,Proposed,78,BLK_78C,4,베이36B 론지취부,6,2025-08-13 21:35:15,2025-08-13 22:47:51,72.6,36B,베이36B
b190_overload_r1,Proposed,78,BLK_78C,4,베이36B 론지용접,7,2025-08-13 22:47:51,2025-08-13 23:12:42,24.9,36B,베이36B
b190_overload_r1,Proposed,78,BLK_78C,4,베이36B 수정,8,2025-08-13 23:12:42,2025-08-13 23:56:56,44.2,36B,베이36B
b190_overload_r1,Proposed,166,BLK_166C,5,판계,1,2025-08-13 10:37:18,2025-08-13 11:15:48,38.5,,공통
b190_overload_r1,Proposed,166,BLK_166C,5,전면SAW,2,2025-08-13 18:16:34,2025-08-13 21:12:00,175.4,,공통
b190_overload_r1,Proposed,166,BLK_166C,5,TurnOver,3,2025-08-13 21:12:00,2025-08-13 21:25:12,13.2,,공통
b190_overload_r1,Proposed,166,BLK_166C,5,후면SAW,4,2025-08-13 21:25:12,2025-08-13 23:34:41,129.5,,공통
b190_overload_r1,Proposed,166,BLK_166C,5,NC,5,2025-08-13 23:34:41,2025-08-14 00:17:53,43.2,,공통
b190_overload_r1,Proposed,166,BLK_166C,5,베이35A 론지취부,6,2025-08-14 00:17:53,2025-08-14 01:11:14,53.4,35A,베이35A
b190_overload_r1,Proposed,166,BLK_166C,5,베이35A 론지용접,7,2025-08-14 01:11:14,2025-08-14 01:32:47,21.6,35A,베이35A
b190_overload_r1,Proposed,166,BLK_166C,5,베이35A 수정,8,2025-08-14 01:32:47,2025-08-14 02:04:55,32.1,35A,베이35A
b190_overload_r1,Proposed,157,BLK_157P,6,판계,1,2025-08-13 11:15:48,2025-08-13 11:48:48,33.0,,공통
b190_overload_r1,Proposed,157,BLK_157P,6,전면SAW,2,2025-08-13 21:12:00,2025-08-13 21:46:21,34.4,,공통
b190_overload_r1,Proposed,157,BLK_157P,6,TurnOver,3,2025-08-13 21:46:21,2025-08-13 21:59:33,13.2,,공통
b190_overload_r1,Proposed,157,BLK_157P,6,후면SAW,4,2025-08-13 23:34:41,2025-08-13 23:56:38,22.0,,공통
b190_overload_r1,Proposed,157,BLK_157P,6,NC,5,2025-08-14 00:17:53,2025-08-14 01:13:20,55.5,,공통
b190_overload_r1,Proposed,157,BLK_157P,6,베이36B 론지취부,6,2025-08-14 01:13:20,2025-08-14 02:41:20,88.0,36B,베이36B
b190_overload_r1,Proposed,157,BLK_157P,6,베이36B 론지용접,7,2025-08-14 02:41:20,2025-08-14 03:08:50,27.5,36B,베이36B
b190_overload_r1,Proposed,157,BLK_157P,6,베이36B 수정,8,2025-08-14 03:08:50,2025-08-14 04:02:44,53.9,36B,베이36B
b190_overload_r1,Proposed,130,BLK_130S,7,판계,1,2025-08-13 11:48:48,2025-08-13 12:25:06,36.3,,공통
b190_overload_r1,Proposed,130,BLK_130S,7,전면SAW,2,2025-08-13 21:46:21,2025-08-14 00:24:08,157.8,,공통
b190_overload_r1,Proposed,130,BLK_130S,7,TurnOver,3,2025-08-14 00:24:08,2025-08-14 00:37:20,13.2,,공통
b190_overload_r1,Proposed,130,BLK_130S,7,후면SAW,4,2025-08-14 00:37:20,2025-08-14 02:47:43,130.4,,공통
b190_overload_r1,Proposed,130,BLK_130S,7,NC,5,2025-08-14 02:47:43,2025-08-14 03:34:13,46.5,,공통
b190_overload_r1,Proposed,130,BLK_130S,7,베이35A 론지취부,6,2025-08-14 03:34:13,2025-08-14 04:42:58,68.8,35A,베이35A
b190_overload_r1,Proposed,130,BLK_130S,7,베이35A 론지용접,7,2025-08-14 04:42:58,2025-08-14 05:07:10,24.2,35A,베이35A
b190_overload_r1,Proposed,130,BLK_130S,7,베이35A 수정,8,2025-08-14 05:07:10,2025-08-14 05:48:58,41.8,35A,베이35A
b190_overload_r1,Proposed,77,BLK_77C,8,판계,1,2025-08-13 12:25:06,2025-08-13 13:01:24,36.3,,공통
b190_overload_r1,Proposed,77,BLK_77C,8,전면SAW,2,2025-08-14 00:24:08,2025-08-14 01:54:58,90.8,,공통
b190_overload_r1,Proposed,77,BLK_77C,8,TurnOver,3,2025-08-14 01:54:58,2025-08-14 02:08:10,13.2,,공통
b190_overload_r1,Proposed,77,BLK_77C,8,후면SAW,4,2025-08-14 02:47:43,2025-08-14 04:13:50,86.1,,공통
b190_overload_r1,Proposed,77,BLK_77C,8,NC,5,2025-08-14 04:13:50,2025-08-14 04:55:05,41.2,,공통
b190_overload_r1,Proposed,77,BLK_77C,8,베이36B 론지취부,6,2025-08-14 04:55:05,2025-08-14 05:52:17,57.2,36B,베이36B
b190_overload_r1,Proposed,77,BLK_77C,8,베이36B 론지용접,7,2025-08-14 05:52:17,2025-08-14 06:14:30,22.2,36B,베이36B
b190_overload_r1,Proposed,77,BLK_77C,8,베이36B 수정,8,2025-08-14 06:14:30,2025-08-14 06:49:02,34.5,36B,베이36B
b190_overload_r1,Proposed,156,BLK_156C,9,판계,1,2025-08-13 13:01:24,2025-08-13 13:34:24,33.0,,공통
b190_overload_r1,Proposed,156,BLK_156C,9,전면SAW,2,2025-08-14 01:54:58,2025-08-14 03:48:41,113.7,,공통
b190_overload_r1,Proposed,156,BLK_156C,9,TurnOver,3,2025-08-14 03:48:41,2025-08-14 04:01:53,13.2,,공통
b190_overload_r1,Proposed,156,BLK_156C,9,후면SAW,4,2025-08-14 04:13:50,2025-08-14 06:06:37,112.8,,공통
b190_overload_r1,Proposed,156,BLK_156C,9,NC,5,2025-08-14 06:06:37,2025-08-14 07:08:15,61.6,,공통
b190_overload_r1,Proposed,156,BLK_156C,9,베이36B 론지취부,6,2025-08-14 07:08:15,2025-08-14 08:40:06,91.9,36B,베이36B
b190_overload_r1,Proposed,156,BLK_156C,9,베이36B 론지용접,7,2025-08-14 08:40:06,2025-08-14 09:08:15,28.2,36B,베이36B
b190_overload_r1,Proposed,156,BLK_156C,9,베이36B 수정,8,2025-08-14 09:08:15,2025-08-14 10:04:35,56.3,36B,베이36B
b190_overload_r1,Proposed,88,BLK_88P,10,판계,1,2025-08-13 13:34:24,2025-08-13 14:07:24,33.0,,공통
b190_overload_r1,Proposed,88,BLK_88P,10,전면SAW,2,2025-08-14 03:48:41,2025-08-14 04:26:49,38.1,,공통
b190_overload_r1,Proposed,88,BLK_88P,10,TurnOver,3,2025-08-14 04:26:49,2025-08-14 04:40:01,13.2,,공통
b190_overload_r1,Proposed,88,BLK_88P,10,후면SAW,4,2025-08-14 06:06:37,2025-08-14 06:33:34,26.9,,공통
b190_overload_r1,Proposed,88,BLK_88P,10,NC,5,2025-08-14 07:08:15,2025-08-14 07:57:37,49.4,,공통
b190_overload_r1,Proposed,88,BLK_88P,10,베이35A 론지취부,6,2025-08-14 07:57:37,2025-08-14 09:21:46,84.2,35A,베이35A
b190_overload_r1,Proposed,88,BLK_88P,10,베이35A 론지용접,7,2025-08-14 09:21:46,2025-08-14 09:48:36,26.8,35A,베이35A
b190_overload_r1,Proposed,88,BLK_88P,10,베이35A 수정,8,2025-08-14 09:48:36,2025-08-14 10:40:05,51.5,35A,베이35A
b190_overload_r1,Proposed,168,BLK_168S,11,판계,1,2025-08-13 14:07:24,2025-08-13 14:56:54,49.5,,공통
b190_overload_r1,Proposed,168,BLK_168S,11,전면SAW,2,2025-08-14 04:26:49,2025-08-14 06:55:20,148.5,,공통
b190_overload_r1,Proposed,168,BLK_168S,11,TurnOver,3,2025-08-14 06:55:20,2025-08-14 07:08:32,13.2,,공통
b190_overload_r1,Proposed,168,BLK_168S,11,후면SAW,4,2025-08-14 07:08:32,2025-08-14 08:56:29,108.0,,공통
b190_overload_r1,Proposed,168,BLK_168S,11,NC,5,2025-08-14 08:56:29,2025-08-14 09:51:25,54.9,,공통
b190_overload_r1,Proposed,168,BLK_168S,11,베이36B 론지취부,6,2025-08-14 09:51:25,2025-08-14 10:48:37,57.2,36B,베이36B
b190_overload_r1,Proposed,168,BLK_168S,11,베이36B 론지용접,7,2025-08-14 10:48:37,2025-08-14 11:10:50,22.2,36B,베이36B
b190_overload_r1,Proposed,168,BLK_168S,11,베이36B 수정,8,2025-08-14 11:10:50,2025-08-14 11:45:22,34.5,36B,베이36B
b190_overload_r1,Proposed,133,BLK_133C,12,판계,1,2025-08-13 14:56:54,2025-08-13 15:18:54,22.0,,공통
b190_overload_r1,Proposed,133,BLK_133C,12,전면SAW,2,2025-08-14 06:55:20,2025-08-14 07:37:05,41.7,,공통
b190_overload_r1,Proposed,133,BLK_133C,12,TurnOver,3,2025-08-14 07:37:05,2025-08-14 07:50:17,13.2,,공통
b190_overload_r1,Proposed,133,BLK_133C,12,후면SAW,4,2025-08-14 08:56:29,2025-08-14 09:28:11,31.7,,공통
b190_overload_r1,Proposed,133,BLK_133C,12,NC,5,2025-08-14 09:51:25,2025-08-14 10:23:34,32.2,,공통
b190_overload_r1,Proposed,133,BLK_133C,12,베이35A 론지취부,6,2025-08-14 10:23:34,2025-08-14 11:47:43,84.2,35A,베이35A
b190_overload_r1,Proposed,133,BLK_133C,12,베이35A 론지용접,7,2025-08-14 11:47:43,2025-08-14 12:14:34,26.8,35A,베이35A
b190_overload_r1,Proposed,133,BLK_133C,12,베이35A 수정,8,2025-08-14 12:14:34,2025-08-14 13:06:03,51.5,35A,베이35A
b190_overload_r1,Proposed,87,BLK_87S,13,판계,1,2025-08-13 15:18:54,2025-08-13 16:00:42,41.8,,공통
b190_overload_r1,Proposed,87,BLK_87S,13,전면SAW,2,2025-08-14 07:37:05,2025-08-14 09:26:49,109.7,,공통
b190_overload_r1,Proposed,87,BLK_87S,13,TurnOver,3,2025-08-14 09:26:49,2025-08-14 09:40:01,13.2,,공통
b190_overload_r1,Proposed,87,BLK_87S,13,후면SAW,4,2025-08-14 09:40:01,2025-08-14 11:06:36,86.6,,공통
b190_overload_r1,Proposed,87,BLK_87S,13,NC,5,2025-08-14 11:06:36,2025-08-14 12:01:03,54.5,,공통
b190_overload_r1,Proposed,87,BLK_87S,13,베이36B 론지취부,6,2025-08-14 12:01:03,2025-08-14 13:36:45,95.7,36B,베이36B
b190_overload_r1,Proposed,87,BLK_87S,13,베이36B 론지용접,7,2025-08-14 13:36:45,2025-08-14 14:05:35,28.8,36B,베이36B
b190_overload_r1,Proposed,87,BLK_87S,13,베이36B 수정,8,2025-08-14 14:05:35,2025-08-14 15:04:19,58.7,36B,베이36B
b190_overload_r1,Proposed,172,BLK_172C,14,판계,1,2025-08-13 16:00:42,2025-08-13 16:33:42,33.0,,공통
b190_overload_r1,Proposed,172,BLK_172C,14,전면SAW,2,2025-08-14 09:26:49,2025-08-14 10:09:35,42.8,,공통
b190_overload_r1,Proposed,172,BLK_172C,14,TurnOver,3,2025-08-14 10:09:35,2025-08-14 10:22:47,13.2,,공통
b190_overload_r1,Proposed,172,BLK_172C,14,후면SAW,4,2025-08-14 11:06:36,2025-08-14 11:39:39,33.0,,공통
b190_overload_r1,Proposed,172,BLK_172C,14,NC,5,2025-08-14 12:01:03,2025-08-14 12:46:08,45.1,,공통
b190_overload_r1,Proposed,172,BLK_172C,14,베이35A 론지취부,6,2025-08-14 12:46:08,2025-08-14 14:06:26,80.3,35A,베이35A
b190_overload_r1,Proposed,172,BLK_172C,14,베이35A 론지용접,7,2025-08-14 14:06:26,2025-08-14 14:32:37,26.2,35A,베이35A
b190_overload_r1,Proposed,172,BLK_172C,14,베이35A 수정,8,2025-08-14 14:32:37,2025-08-14 15:21:40,49.1,35A,베이35A
b190_overload_r1,Proposed,161,BLK_161S,15,판계,1,2025-08-13 16:33:42,2025-08-13 17:12:12,38.5,,공통
b190_overload_r1,Proposed,161,BLK_161S,15,전면SAW,2,2025-08-14 10:09:35,2025-08-14 12:41:06,151.5,,공통
b190_overload_r1,Proposed,161,BLK_161S,15,TurnOver,3,2025-08-14 12:41:06,2025-08-14 12:54:18,13.2,,공통
b190_overload_r1,Proposed,161,BLK_161S,15,후면SAW,4,2025-08-14 12:54:18,2025-08-14 14:44:38,110.3,,공통
b190_overload_r1,Proposed,161,BLK_161S,15,NC,5,2025-08-14 14:44:38,2025-08-14 15:27:32,42.9,,공통
b190_overload_r1,Proposed,161,BLK_161S,15,베이36B 론지취부,6,2025-08-14 15:27:32,2025-08-14 16:17:02,49.5,36B,베이36B
b190_overload_r1,Proposed,161,BLK_161S,15,베이36B 론지용접,7,2025-08-14 16:17:02,2025-08-14 16:37:56,20.9,36B,베이36B
b190_overload_r1,Proposed,161,BLK_161S,15,베이36B 수정,8,2025-08-14 16:37:56,2025-08-14 17:07:38,29.7,36B,베이36B
b190_overload_r1,Proposed,137,BLK_137S,1,판계,1,2025-08-14 08:00:00,2025-08-14 08:27:30,27.5,,공통
b190_overload_r1,Proposed,137,BLK_137S,1,전면SAW,2,2025-08-14 08:27:30,2025-08-14 09:05:11,37.7,,공통
b190_overload_r1,Proposed,137,BLK_137S,1,TurnOver,3,2025-08-14 09:05:11,2025-08-14 09:18:23,13.2,,공통
b190_overload_r1,Proposed,137,BLK_137S,1,후면SAW,4,2025-08-14 09:18:23,2025-08-14 09:44:46,26.4,,공통
b190_overload_r1,Proposed,137,BLK_137S,1,NC,5,2025-08-14 09:44:46,2025-08-14 10:23:34,38.8,,공통
b190_overload_r1,Proposed,137,BLK_137S,1,베이35A 론지취부,6,2025-08-14 10:23:34,2025-08-14 11:28:28,64.9,35A,베이35A
b190_overload_r1,Proposed,137,BLK_137S,1,베이35A 론지용접,7,2025-08-14 11:28:28,2025-08-14 11:52:01,23.5,35A,베이35A
b190_overload_r1,Proposed,137,BLK_137S,1,베이35A 수정,8,2025-08-14 11:52:01,2025-08-14 12:31:24,39.4,35A,베이35A
b190_overload_r1,Proposed,132,BLK_132C,2,판계,1,2025-08-14 08:27:30,2025-08-14 09:17:00,49.5,,공통
b190_overload_r1,Proposed,132,BLK_132C,2,전면SAW,2,2025-08-14 09:17:00,2025-08-14 11:42:47,145.8,,공통
b190_overload_r1,Proposed,132,BLK_132C,2,TurnOver,3,2025-08-14 11:42:47,2025-08-14 11:55:59,13.2,,공통
b190_overload_r1,Proposed,132,BLK_132C,2,후면SAW,4,2025-08-14 11:55:59,2025-08-14 14:00:22,124.4,,공통
b190_overload_r1,Proposed,132,BLK_132C,2,NC,5,2025-08-14 14:00:22,2025-08-14 15:06:50,66.5,,공통
b190_overload_r1,Proposed,132,BLK_132C,2,베이36B 론지취부,6,2025-08-14 15:06:50,2025-08-14 16:27:08,80.3,36B,베이36B
b190_overload_r1,Proposed,132,BLK_132C,2,베이36B 론지용접,7,2025-08-14 16:27:08,2025-08-14 16:53:19,26.2,36B,베이36B
b190_overload_r1,Proposed,132,BLK_132C,2,베이36B 수정,8,2025-08-14 16:53:19,2025-08-14 17:42:23,49.1,36B,베이36B
b190_overload_r1,Proposed,120,BLK_120C,3,판계,1,2025-08-14 09:17:00,2025-08-14 09:30:12,13.2,,공통
b190_overload_r1,Proposed,120,BLK_120C,3,전면SAW,2,2025-08-14 11:42:47,2025-08-14 12:30:55,48.1,,공통
b190_overload_r1,Proposed,120,BLK_120C,3,TurnOver,3,2025-08-14 12:30:55,2025-08-14 12:44:07,13.2,,공통
b190_overload_r1,Proposed,120,BLK_120C,3,후면SAW,4,2025-08-14 14:00:22,2025-08-14 14:40:29,40.1,,공통
b190_overload_r1,Proposed,120,BLK_120C,3,NC,5,2025-08-14 15:06:50,2025-08-14 15:30:26,23.6,,공통
b190_overload_r1,Proposed,120,BLK_120C,3,베이35A 론지취부,6,2025-08-14 15:30:26,2025-08-14 16:19:56,49.5,35A,베이35A
b190_overload_r1,Proposed,120,BLK_120C,3,베이35A 론지용접,7,2025-08-14 16:19:56,2025-08-14 16:36:26,16.5,35A,베이35A
b190_overload_r1,Proposed,120,BLK_120C,3,베이35A 수정,8,2025-08-14 16:36:26,2025-08-14 17:06:08,29.7,35A,베이35A
b190_overload_r1,Proposed,92,BLK_92P,4,판계,1,2025-08-14 09:30:12,2025-08-14 10:08:42,38.5,,공통
b190_overload_r1,Proposed,92,BLK_92P,4,전면SAW,2,2025-08-14 12:30:55,2025-08-14 14:55:55,145.0,,공통
b190_overload_r1,Proposed,92,BLK_92P,4,TurnOver,3,2025-08-14 14:55:55,2025-08-14 15:09:07,13.2,,공통
b190_overload_r1,Proposed,92,BLK_92P,4,후면SAW,4,2025-08-14 15:09:07,2025-08-14 16:54:15,105.1,,공통
b190_overload_r1,Proposed,92,BLK_92P,4,NC,5,2025-08-14 16:54:15,2025-08-14 17:35:44,41.5,,공통
b190_overload_r1,Proposed,92,BLK_92P,4,베이36B 론지취부,6,2025-08-14 17:35:44,2025-08-14 18:17:32,41.8,36B,베이36B
b190_overload_r1,Proposed,92,BLK_92P,4,베이36B 론지용접,7,2025-08-14 18:17:32,2025-08-14 18:37:07,19.6,36B,베이36B
b190_overload_r1,Proposed,92,BLK_92P,4,베이36B 수정,8,2025-08-14 18:37:07,2025-08-14 19:01:58,24.9,36B,베이36B
b190_overload_r1,Proposed,151,BLK_151P,5,판계,1,2025-08-14 10:08:42,2025-08-14 10:58:12,49.5,,공통
b190_overload_r1,Proposed,151,BLK_151P,5,전면SAW,2,2025-08-14 14:55:55,2025-08-14 15:33:28,37.5,,공통
b190_overload_r1,Proposed,151,BLK_151P,5,TurnOver,3,2025-08-14 15:33:28,2025-08-14 15:46:40,13.2,,공통
b190_overload_r1,Proposed,151,BLK_151P,5,후면SAW,4,2025-08-14 16:54:15,2025-08-14 17:20:25,26.2,,공통
b190_overload_r1,Proposed,151,BLK_151P,5,NC,5,2025-08-14 17:35:44,2025-08-14 18:31:33,55.8,,공통
b190_overload_r1,Proposed,151,BLK_151P,5,베이35A 론지취부,6,2025-08-14 18:31:33,2025-08-14 19:44:09,72.6,35A,베이35A
b190_overload_r1,Proposed,151,BLK_151P,5,베이35A 론지용접,7,2025-08-14 19:44:09,2025-08-14 20:09:01,24.9,35A,베이35A
b190_overload_r1,Proposed,151,BLK_151P,5,베이35A 수정,8,2025-08-14 20:09:01,2025-08-14 20:53:14,44.2,35A,베이35A
b190_overload_r1,Proposed,125,BLK_125P,6,판계,1,2025-08-14 10:58:12,2025-08-14 11:34:30,36.3,,공통
b190_overload_r1,Proposed,125,BLK_125P,6,전면SAW,2,2025-08-14 15:33:28,2025-08-14 17:24:47,111.3,,공통
b190_overload_r1,Proposed,125,BLK_125P,6,TurnOver,3,2025-08-14 17:24:47,2025-08-14 17:37:59,13.2,,공통
b190_overload_r1,Proposed,125,BLK_125P,6,후면SAW,4,2025-08-14 17:37:59,2025-08-14 19:06:00,88.0,,공통
b190_overload_r1,Proposed,125,BLK_125P,6,NC,5,2025-08-14 19:06:00,2025-08-14 19:52:30,46.5,,공통
b190_overload_r1,Proposed,125,BLK_125P,6,베이36B 론지취부,6,2025-08-14 19:52:30,2025-08-14 21:32:03,99.6,36B,베이36B
b190_overload_r1,Proposed,125,BLK_125P,6,베이36B 론지용접,7,2025-08-14 21:32:03,2025-08-14 22:01:31,29.5,36B,베이36B
b190_overload_r1,Proposed,125,BLK_125P,6,베이36B 수정,8,2025-08-14 22:01:31,2025-08-14 23:02:41,61.2,36B,베이36B
b190_overload_r1,Proposed,98,BLK_98C,7,판계,1,2025-08-14 11:34:30,2025-08-14 11:47:42,13.2,,공통
b190_overload_r1,Proposed,98,BLK_98C,7,전면SAW,2,2025-08-14 17:24:47,2025-08-14 18:29:58,65.2,,공통
b190_overload_r1,Proposed,98,BLK_98C,7,TurnOver,3,2025-08-14 18:29:58,2025-08-14 18:43:10,13.2,,공통
b190_overload_r1,Proposed,98,BLK_98C,7,후면SAW,4,2025-08-14 19:06:00,2025-08-14 20:08:33,62.6,,공통
b190_overload_r1,Proposed,98,BLK_98C,7,NC,5,2025-08-14 20:08:33,2025-08-14 20:31:31,23.0,,공통
b190_overload_r1,Proposed,98,BLK_98C,7,베이35A 론지취부,6,2025-08-14 20:31:31,2025-08-14 21:05:37,34.1,35A,베이35A
b190_overload_r1,Proposed,98,BLK_98C,7,베이35A 론지용접,7,2025-08-14 21:05:37,2025-08-14 21:19:28,13.9,35A,베이35A
b190_overload_r1,Proposed,98,BLK_98C,7,베이35A 수정,8,2025-08-14 21:19:28,2025-08-14 21:39:30,20.0,35A,베이35A
b190_overload_r1,Proposed,142,BLK_142C,8,판계,1,2025-08-14 11:47:42,2025-08-14 12:29:30,41.8,,공통
b190_overload_r1,Proposed,142,BLK_142C,8,전면SAW,2,2025-08-14 18:29:58,2025-08-14 20:17:47,107.8,,공통
b190_overload_r1,Proposed,142,BLK_142C,8,TurnOver,3,2025-08-14 20:17:47,2025-08-14 20:30:59,13.2,,공통
b190_overload_r1,Proposed,142,BLK_142C,8,후면SAW,4,2025-08-14 20:30:59,2025-08-14 21:55:49,84.8,,공통
b190_overload_r1,Proposed,142,BLK_142C,8,NC,5,2025-08-14 21:55:49,2025-08-14 22:47:16,51.4,,공통
b190_overload_r1,Proposed,142,BLK_142C,8,베이36B 론지취부,6,2025-08-14 22:47:16,2025-08-15 00:19:07,91.9,36B,베이36B
b190_overload_r1,Proposed,142,BLK_142C,8,베이36B 론지용접,7,2025-08-15 00:19:07,2025-08-15 00:47:16,28.2,36B,베이36B
b190_overload_r1,Proposed,142,BLK_142C,8,베이36B 수정,8,2025-08-15 00:47:16,2025-08-15 01:43:36,56.3,36B,베이36B
b190_overload_r1,Proposed,111,BLK_111C,9,판계,1,2025-08-14 12:29:30,2025-08-14 12:51:30,22.0,,공통
b190_overload_r1,Proposed,111,BLK_111C,9,전면SAW,2,2025-08-14 20:17:47,2025-08-14 20:55:17,37.5,,공통
b190_overload_r1,Proposed,111,BLK_111C,9,TurnOver,3,2025-08-14 20:55:17,2025-08-14 21:08:29,13.2,,공통
b190_overload_r1,Proposed,111,BLK_111C,9,후면SAW,4,2025-08-14 21:55:49,2025-08-14 22:21:55,26.1,,공통
b190_overload_r1,Proposed,111,BLK_111C,9,NC,5,2025-08-14 22:47:16,2025-08-14 23:19:08,31.9,,공통
b190_overload_r1,Proposed,111,BLK_111C,9,베이35A 론지취부,6,2025-08-14 23:19:08,2025-08-14 23:57:05,38.0,35A,베이35A
b190_overload_r1,Proposed,111,BLK_111C,9,베이35A 론지용접,7,2025-08-14 23:57:05,2025-08-15 00:16:00,18.9,35A,베이35A
b190_overload_r1,Proposed,111,BLK_111C,9,베이35A 수정,8,2025-08-15 00:16:00,2025-08-15 00:38:26,22.4,35A,베이35A
b190_overload_r1,Proposed,117,BLK_117S,10,판계,1,2025-08-14 12:51:30,2025-08-14 13:24:30,33.0,,공통
b190_overload_r1,Proposed,117,BLK_117S,10,전면SAW,2,2025-08-14 20:55:17,2025-08-14 23:11:39,136.4,,공통
b190_overload_r1,Proposed,117,BLK_117S,10,TurnOver,3,2025-08-14 23:11:39,2025-08-14 23:24:51,13.2,,공통
b190_overload_r1,Proposed,117,BLK_117S,10,후면SAW,4,2025-08-14 23:24:51,2025-08-15 01:20:13,115.4,,공통
b190_overload_r1,Proposed,117,BLK_117S,10,NC,5,2025-08-15 01:20:13,2025-08-15 02:22:20,62.1,,공통
b190_overload_r1,Proposed,117,BLK_117S,10,베이36B 론지취부,6,2025-08-15 02:22:20,2025-08-15 03:58:02,95.7,36B,베이36B
b190_overload_r1,Proposed,117,BLK_117S,10,베이36B 론지용접,7,2025-08-15 03:58:02,2025-08-15 04:26:51,28.8,36B,베이36B
b190_overload_r1,Proposed,117,BLK_117S,10,베이36B 수정,8,2025-08-15 04:26:51,2025-08-15 05:25:36,58.7,36B,베이36B
b190_overload_r1,Proposed,12,BLK_12S,11,판계,1,2025-08-14 13:24:30,2025-08-14 13:52:00,27.5,,공통
b190_overload_r1,Proposed,12,BLK_12S,11,전면SAW,2,2025-08-14 23:11:39,2025-08-14 23:52:11,40.5,,공통
b190_overload_r1,Proposed,12,BLK_12S,11,TurnOver,3,2025-08-14 23:52:11,2025-08-15 00:05:23,13.2,,공통
b190_overload_r1,Proposed,12,BLK_12S,11,후면SAW,4,2025-08-15 01:20:13,2025-08-15 01:50:19,30.1,,공통
b190_overload_r1,Proposed,12,BLK_12S,11,NC,5,2025-08-15 02:22:20,2025-08-15 03:04:28,42.1,,공통
b190_overload_r1,Proposed,12,BLK_12S,11,베이35A 론지취부,6,2025-08-15 03:04:28,2025-08-15 04:32:28,88.0,35A,베이35A
b190_overload_r1,Proposed,12,BLK_12S,11,베이35A 론지용접,7,2025-08-15 04:32:28,2025-08-15 04:59:58,27.5,35A,베이35A
b190_overload_r1,Proposed,12,BLK_12S,11,베이35A 수정,8,2025-08-15 04:59:58,2025-08-15 05:53:52,53.9,35A,베이35A
b190_overload_r1,Proposed,175,BLK_175P,12,판계,1,2025-08-14 13:52:00,2025-08-14 14:22:48,30.8,,공통
b190_overload_r1,Proposed,175,BLK_175P,12,전면SAW,2,2025-08-14 23:52:11,2025-08-15 02:07:38,135.4,,공통
b190_overload_r1,Proposed,175,BLK_175P,12,TurnOver,3,2025-08-15 02:07:38,2025-08-15 02:20:50,13.2,,공통
b190_overload_r1,Proposed,175,BLK_175P,12,후면SAW,4,2025-08-15 02:20:50,2025-08-15 04:10:51,110.0,,공통
b190_overload_r1,Proposed,175,BLK_175P,12,NC,5,2025-08-15 04:10:51,2025-08-15 04:49:55,39.1,,공통
b190_overload_r1,Proposed,175,BLK_175P,12,베이36B 론지취부,6,2025-08-15 04:49:55,2025-08-15 05:27:52,38.0,36B,베이36B
b190_overload_r1,Proposed,175,BLK_175P,12,베이36B 론지용접,7,2025-08-15 05:27:52,2025-08-15 05:46:48,18.9,36B,베이36B
b190_overload_r1,Proposed,175,BLK_175P,12,베이36B 수정,8,2025-08-15 05:46:48,2025-08-15 06:09:14,22.4,36B,베이36B
b190_overload_r1,Proposed,52,BLK_52S,13,판계,1,2025-08-14 14:22:48,2025-08-14 14:44:48,22.0,,공통
b190_overload_r1,Proposed,52,BLK_52S,13,전면SAW,2,2025-08-15 02:07:38,2025-08-15 02:35:19,27.7,,공통
b190_overload_r1,Proposed,52,BLK_52S,13,TurnOver,3,2025-08-15 02:35:19,2025-08-15 02:48:31,13.2,,공통
b190_overload_r1,Proposed,52,BLK_52S,13,후면SAW,4,2025-08-15 04:10:51,2025-08-15 04:25:09,14.3,,공통
b190_overload_r1,Proposed,52,BLK_52S,13,NC,5,2025-08-15 04:49:55,2025-08-15 05:17:00,27.1,,공통
b190_overload_r1,Proposed,52,BLK_52S,13,베이35A 론지취부,6,2025-08-15 05:17:00,2025-08-15 05:31:51,14.9,35A,베이35A
b190_overload_r1,Proposed,52,BLK_52S,13,베이35A 론지용접,7,2025-08-15 05:31:51,2025-08-15 05:46:49,15.0,35A,베이35A
b190_overload_r1,Proposed,52,BLK_52S,13,베이35A 수정,8,2025-08-15 05:53:52,2025-08-15 06:01:47,7.9,35A,베이35A
b190_overload_r1,Proposed,149,BLK_149S,14,판계,1,2025-08-14 14:44:48,2025-08-14 15:34:18,49.5,,공통
b190_overload_r1,Proposed,149,BLK_149S,14,전면SAW,2,2025-08-15 02:35:19,2025-08-15 04:28:55,113.6,,공통
b190_overload_r1,Proposed,149,BLK_149S,14,TurnOver,3,2025-08-15 04:28:55,2025-08-15 04:42:07,13.2,,공통
b190_overload_r1,Proposed,149,BLK_149S,14,후면SAW,4,2025-08-15 04:42:07,2025-08-15 06:34:48,112.7,,공통
b190_overload_r1,Proposed,149,BLK_149S,14,NC,5,2025-08-15 06:34:48,2025-08-15 07:40:04,65.3,,공통
b190_overload_r1,Proposed,149,BLK_149S,14,베이36B 론지취부,6,2025-08-15 07:40:04,2025-08-15 09:27:19,107.3,36B,베이36B
b190_overload_r1,Proposed,149,BLK_149S,14,베이36B 론지용접,7,2025-08-15 09:27:19,2025-08-15 09:58:07,30.8,36B,베이36B
b190_overload_r1,Proposed,149,BLK_149S,14,베이36B 수정,8,2025-08-15 09:58:07,2025-08-15 11:04:07,66.0,36B,베이36B
b190_overload_r1,Proposed,180,BLK_180S,15,판계,1,2025-08-14 15:34:18,2025-08-14 16:16:06,41.8,,공통
b190_overload_r1,Proposed,180,BLK_180S,15,전면SAW,2,2025-08-15 04:28:55,2025-08-15 06:24:13,115.3,,공통
b190_overload_r1,Proposed,180,BLK_180S,15,TurnOver,3,2025-08-15 06:24:13,2025-08-15 06:37:25,13.2,,공통
b190_overload_r1,Proposed,180,BLK_180S,15,후면SAW,4,2025-08-15 06:37:25,2025-08-15 08:09:04,91.7,,공통
b190_overload_r1,Proposed,180,BLK_180S,15,NC,5,2025-08-15 08:09:04,2025-08-15 08:59:20,50.3,,공통
b190_overload_r1,Proposed,180,BLK_180S,15,베이35A 론지취부,6,2025-08-15 08:59:20,2025-08-15 09:48:50,49.5,35A,베이35A
b190_overload_r1,Proposed,180,BLK_180S,15,베이35A 론지용접,7,2025-08-15 09:48:50,2025-08-15 10:09:44,20.9,35A,베이35A
b190_overload_r1,Proposed,180,BLK_180S,15,베이35A 수정,8,2025-08-15 10:09:44,2025-08-15 10:39:26,29.7,35A,베이35A
b190_overload_r1,Proposed,177,BLK_177C,16,판계,1,2025-08-14 16:16:06,2025-08-14 16:46:54,30.8,,공통
b190_overload_r1,Proposed,177,BLK_177C,16,전면SAW,2,2025-08-15 06:24:13,2025-08-15 08:28:14,124.0,,공통
b190_overload_r1,Proposed,177,BLK_177C,16,TurnOver,3,2025-08-15 08:28:14,2025-08-15 08:41:26,13.2,,공통
b190_overload_r1,Proposed,177,BLK_177C,16,후면SAW,4,2025-08-15 08:41:26,2025-08-15 10:21:02,99.6,,공통
b190_overload_r1,Proposed,177,BLK_177C,16,NC,5,2025-08-15 10:21:02,2025-08-15 10:58:38,37.6,,공통
b190_overload_r1,Proposed,177,BLK_177C,16,베이36B 론지취부,6,2025-08-15 10:58:38,2025-08-15 11:48:08,49.5,36B,베이36B
b190_overload_r1,Proposed,177,BLK_177C,16,베이36B 론지용접,7,2025-08-15 11:48:08,2025-08-15 12:09:02,20.9,36B,베이36B
b190_overload_r1,Proposed,177,BLK_177C,16,베이36B 수정,8,2025-08-15 12:09:02,2025-08-15 12:38:44,29.7,36B,베이36B
b190_overload_r1,Proposed,99,BLK_99C,1,판계,1,2025-08-15 08:00:00,2025-08-15 08:33:00,33.0,,공통
b190_overload_r1,Proposed,99,BLK_99C,1,전면SAW,2,2025-08-15 08:33:00,2025-08-15 09:58:45,85.8,,공통
b190_overload_r1,Proposed,99,BLK_99C,1,TurnOver,3,2025-08-15 09:58:45,2025-08-15 10:11:57,13.2,,공통
b190_overload_r1,Proposed,99,BLK_99C,1,후면SAW,4,2025-08-15 10:11:57,2025-08-15 11:16:40,64.7,,공통
b190_overload_r1,Proposed,99,BLK_99C,1,NC,5,2025-08-15 11:16:40,2025-08-15 12:11:39,55.0,,공통
b190_overload_r1,Proposed,99,BLK_99C,1,베이35A 론지취부,6,2025-08-15 12:11:39,2025-08-15 13:08:51,57.2,35A,베이35A
b190_overload_r1,Proposed,99,BLK_99C,1,베이35A 론지용접,7,2025-08-15 13:08:51,2025-08-15 13:31:04,22.2,35A,베이35A
b190_overload_r1,Proposed,99,BLK_99C,1,베이35A 수정,8,2025-08-15 13:31:04,2025-08-15 14:05:37,34.5,35A,베이35A
b190_overload_r1,Proposed,165,BLK_165P,2,판계,1,2025-08-15 08:33:00,2025-08-15 08:55:00,22.0,,공통
b190_overload_r1,Proposed,165,BLK_165P,2,전면SAW,2,2025-08-15 09:58:45,2025-08-15 11:32:23,93.6,,공통
b190_overload_r1,Proposed,165,BLK_165P,2,TurnOver,3,2025-08-15 11:32:23,2025-08-15 11:45:35,13.2,,공통
b190_overload_r1,Proposed,165,BLK_165P,2,후면SAW,4,2025-08-15 11:45:35,2025-08-15 12:57:29,71.9,,공통
b190_overload_r1,Proposed,165,BLK_165P,2,NC,5,2025-08-15 12:57:29,2025-08-15 13:26:12,28.7,,공통
b190_overload_r1,Proposed,165,BLK_165P,2,베이36B 론지취부,6,2025-08-15 13:26:12,2025-08-15 14:19:33,53.4,36B,베이36B
b190_overload_r1,Proposed,165,BLK_165P,2,베이36B 론지용접,7,2025-08-15 14:19:33,2025-08-15 14:41:06,21.6,36B,베이36B
b190_overload_r1,Proposed,165,BLK_165P,2,베이36B 수정,8,2025-08-15 14:41:06,2025-08-15 15:13:14,32.1,36B,베이36B
b190_overload_r1,Proposed,169,BLK_169S,3,판계,1,2025-08-15 08:55:00,2025-08-15 09:17:00,22.0,,공통
b190_overload_r1,Proposed,169,BLK_169S,3,전면SAW,2,2025-08-15 11:32:23,2025-08-15 13:21:35,109.2,,공통
b190_overload_r1,Proposed,169,BLK_169S,3,TurnOver,3,2025-08-15 13:21:35,2025-08-15 13:34:47,13.2,,공통
b190_overload_r1,Proposed,169,BLK_169S,3,후면SAW,4,2025-08-15 13:34:47,2025-08-15 15:00:52,86.1,,공통
b190_overload_r1,Proposed,169,BLK_169S,3,NC,5,2025-08-15 15:00:52,2025-08-15 15:28:44,27.9,,공통
b190_overload_r1,Proposed,169,BLK_169S,3,베이35A 론지취부,6,2025-08-15 15:28:44,2025-08-15 16:02:50,34.1,35A,베이35A
b190_overload_r1,Proposed,169,BLK_169S,3,베이35A 론지용접,7,2025-08-15 16:02:50,2025-08-15 16:16:41,13.9,35A,베이35A
b190_overload_r1,Proposed,169,BLK_169S,3,베이35A 수정,8,2025-08-15 16:16:41,2025-08-15 16:36:42,20.0,35A,베이35A
b190_overload_r1,Proposed,190,BLK_93P,35,판계,1,2025-08-06 11:26:48,2025-08-06 11:54:18,27.5,,공통
b190_overload_r1,Proposed,190,BLK_93P,35,전면SAW,2,2025-08-06 17:12:37,2025-08-06 17:47:20,34.7,,공통
b190_overload_r1,Proposed,190,BLK_93P,35,TurnOver,3,2025-08-06 17:47:20,2025-08-06 18:00:32,13.2,,공통
b190_overload_r1,Proposed,190,BLK_93P,35,후면SAW,4,2025-08-06 19:05:59,2025-08-06 19:28:26,22.5,,공통
b190_overload_r1,Proposed,190,BLK_93P,35,NC,5,2025-08-06 20:00:07,2025-08-06 20:40:25,40.3,,공통
b190_overload_r1,Proposed,190,BLK_93P,35,베이35A 론지취부,6,2025-08-06 20:40:25,2025-08-06 22:19:58,99.6,35A,베이35A
b190_overload_r1,Proposed,190,BLK_93P,35,베이35A 론지용접,7,2025-08-06 22:19:58,2025-08-06 22:49:27,29.5,35A,베이35A
b190_overload_r1,Proposed,190,BLK_93P,35,베이35A 수정,8,2025-08-06 22:49:27,2025-08-06 23:50:37,61.2,35A,베이35A
b190_overload_r1,Proposed,187,BLK_103S,47,판계,1,2025-08-06 11:54:18,2025-08-06 12:21:48,27.5,,공통
b190_overload_r1,Proposed,187,BLK_103S,47,전면SAW,2,2025-08-06 17:47:20,2025-08-06 18:23:38,36.3,,공통
b190_overload_r1,Proposed,187,BLK_103S,47,TurnOver,3,2025-08-06 18:23:38,2025-08-06 18:36:50,13.2,,공통
b190_overload_r1,Proposed,187,BLK_103S,47,후면SAW,4,2025-08-06 19:28:26,2025-08-06 19:52:57,24.5,,공통
b190_overload_r1,Proposed,187,BLK_103S,47,NC,5,2025-08-06 20:40:25,2025-08-06 21:18:55,38.5,,공통
b190_overload_r1,Proposed,187,BLK_103S,47,베이36B 론지취부,6,2025-08-06 21:39:40,2025-08-06 22:48:25,68.8,36B,베이36B
b190_overload_r1,Proposed,187,BLK_103S,47,베이36B 론지용접,7,2025-08-06 22:48:25,2025-08-06 23:12:37,24.2,36B,베이36B
b190_overload_r1,Proposed,187,BLK_103S,47,베이36B 수정,8,2025-08-06 23:12:37,2025-08-06 23:54:25,41.8,36B,베이36B
b190_overload_r1,Proposed,188,BLK_92P,48,판계,1,2025-08-14 09:30:12,2025-08-14 10:08:42,38.5,,공통
b190_overload_r1,Proposed,188,BLK_92P,48,전면SAW,2,2025-08-14 12:30:55,2025-08-14 14:55:55,145.0,,공통
b190_overload_r1,Proposed,188,BLK_92P,48,TurnOver,3,2025-08-14 14:55:55,2025-08-14 15:09:07,13.2,,공통
b190_overload_r1,Proposed,188,BLK_92P,48,후면SAW,4,2025-08-14 15:09:07,2025-08-14 16:54:15,105.1,,공통
b190_overload_r1,Proposed,188,BLK_92P,48,NC,5,2025-08-14 16:54:15,2025-08-14 17:35:44,41.5,,공통
b190_overload_r1,Proposed,188,BLK_92P,48,베이36B 론지취부,6,2025-08-14 17:35:44,2025-08-14 18:17:32,41.8,35A,베이36B
b190_overload_r1,Proposed,188,BLK_92P,48,베이36B 론지용접,7,2025-08-14 18:17:32,2025-08-14 18:37:07,19.6,35A,베이36B
b190_overload_r1,Proposed,188,BLK_92P,48,베이36B 수정,8,2025-08-14 18:37:07,2025-08-14 19:01:58,24.9,35A,베이36B
b190_overload_r1,Proposed,186,BLK_5S,71,판계,1,2025-08-04 17:22:06,2025-08-04 17:55:06,33.0,,공통
b190_overload_r1,Proposed,186,BLK_5S,71,전면SAW,2,2025-08-05 11:48:00,2025-08-05 12:22:05,34.1,,공통
b190_overload_r1,Proposed,186,BLK_5S,71,TurnOver,3,2025-08-05 12:22:05,2025-08-05 12:35:17,13.2,,공통
b190_overload_r1,Proposed,186,BLK_5S,71,후면SAW,4,2025-08-05 14:30:30,2025-08-05 14:52:08,21.6,,공통
b190_overload_r1,Proposed,186,BLK_5S,71,NC,5,2025-08-05 15:17:06,2025-08-05 16:03:18,46.2,,공통
b190_overload_r1,Proposed,186,BLK_5S,71,베이36B 론지취부,6,2025-08-05 16:03:18,2025-08-05 17:12:03,68.8,36B,베이36B
b190_overload_r1,Proposed,186,BLK_5S,71,베이36B 론지용접,7,2025-08-05 17:12:03,2025-08-05 17:36:15,24.2,36B,베이36B
b190_overload_r1,Proposed,186,BLK_5S,71,베이36B 수정,8,2025-08-05 17:36:15,2025-08-05 18:18:03,41.8,36B,베이36B
b190_overload_r1,Proposed,189,BLK_159C,129,판계,1,2025-08-09 11:18:00,2025-08-09 11:45:30,27.5,,공통
b190_overload_r1,Proposed,189,BLK_159C,129,전면SAW,2,2025-08-09 12:56:27,2025-08-09 13:30:33,34.1,,공통
b190_overload_r1,Proposed,189,BLK_159C,129,TurnOver,3,2025-08-09 13:30:33,2025-08-09 13:43:45,13.2,,공통
b190_overload_r1,Proposed,189,BLK_159C,129,후면SAW,4,2025-08-09 13:43:50,2025-08-09 14:05:29,21.6,,공통
b190_overload_r1,Proposed,189,BLK_159C,129,NC,5,2025-08-09 14:29:38,2025-08-09 15:06:22,36.7,,공통
b190_overload_r1,Proposed,189,BLK_159C,129,베이35A 론지취부,6,2025-08-09 15:06:22,2025-08-09 16:07:25,61.1,35A,베이35A
b190_overload_r1,Proposed,189,BLK_159C,129,베이35A 론지용접,7,2025-08-09 16:07:25,2025-08-09 16:30:18,22.9,35A,베이35A
b190_overload_r1,Proposed,189,BLK_159C,129,베이35A 수정,8,2025-08-09 16:30:18,2025-08-09 17:07:16,37.0,35A,베이35A
