grid_case_id,method_label,block_id,block_name,sequence,process_name,process_index,start_time,end_time,duration_min,assigned_bay,machine_type
b190_sub_heavy_r1,GA,2,BLK_2C,1,판계,1,2025-07-22 08:00:00,2025-07-22 08:30:00,30.0,,공통
b190_sub_heavy_r1,GA,2,BLK_2C,1,전면SAW,2,2025-07-22 08:30:00,2025-07-22 09:02:11,32.2,,공통
b190_sub_heavy_r1,GA,2,BLK_2C,1,TurnOver,3,2025-07-22 09:02:11,2025-07-22 09:14:11,12.0,,공통
b190_sub_heavy_r1,GA,2,BLK_2C,1,후면SAW,4,2025-07-22 09:14:11,2025-07-22 09:35:25,21.2,,공통
b190_sub_heavy_r1,GA,2,BLK_2C,1,NC,5,2025-07-22 09:35:25,2025-07-22 10:19:15,43.8,,공통
b190_sub_heavy_r1,GA,2,BLK_2C,1,베이35A 론지취부,6,2025-07-22 10:19:15,2025-07-22 11:56:45,97.5,35A,베이35A
b190_sub_heavy_r1,GA,2,BLK_2C,1,베이35A 론지용접,7,2025-07-22 11:56:45,2025-07-22 12:24:45,28.0,35A,베이35A
b190_sub_heavy_r1,GA,2,BLK_2C,1,베이35A 수정,8,2025-07-22 12:24:45,2025-07-22 13:24:45,60.0,35A,베이35A
b190_sub_heavy_r1,GA,10,BLK_10P,2,판계,1,2025-07-22 08:30:00,2025-07-22 08:55:00,25.0,,공통
b190_sub_heavy_r1,GA,10,BLK_10P,2,전면SAW,2,2025-07-22 09:02:11,2025-07-22 09:43:47,41.6,,공통
b190_sub_heavy_r1,GA,10,BLK_10P,2,TurnOver,3,2025-07-22 09:43:47,2025-07-22 09:55:47,12.0,,공통
b190_sub_heavy_r1,GA,10,BLK_10P,2,후면SAW,4,2025-07-22 09:55:47,2025-07-22 10:29:24,33.6,,공통
b190_sub_heavy_r1,GA,10,BLK_10P,2,NC,5,2025-07-22 10:29:24,2025-07-22 11:03:19,33.9,,공통
b190_sub_heavy_r1,GA,10,BLK_10P,2,베이36B 론지취부,6,2025-07-22 11:03:19,2025-07-22 12:05:49,62.5,36B,베이36B
b190_sub_heavy_r1,GA,10,BLK_10P,2,베이36B 론지용접,7,2025-07-22 12:05:49,2025-07-22 12:27:49,22.0,36B,베이36B
b190_sub_heavy_r1,GA,10,BLK_10P,2,베이36B 수정,8,2025-07-22 12:27:49,2025-07-22 13:05:49,38.0,36B,베이36B
b190_sub_heavy_r1,GA,6,BLK_6P,3,판계,1,2025-07-22 08:55:00,2025-07-22 09:25:00,30.0,,공통
b190_sub_heavy_r1,GA,6,BLK_6P,3,전면SAW,2,2025-07-22 09:43:47,2025-07-22 10:12:31,28.7,,공통
b190_sub_heavy_r1,GA,6,BLK_6P,3,TurnOver,3,2025-07-22 10:12:31,2025-07-22 10:24:31,12.0,,공통
b190_sub_heavy_r1,GA,6,BLK_6P,3,후면SAW,4,2025-07-22 10:29:24,2025-07-22 10:46:05,16.7,,공통
b190_sub_heavy_r1,GA,6,BLK_6P,3,NC,5,2025-07-22 11:03:19,2025-07-22 11:42:58,39.7,,공통
b190_sub_heavy_r1,GA,6,BLK_6P,3,베이36B 론지취부,6,2025-07-22 12:05:49,2025-07-22 13:04:49,59.0,36B,베이36B
b190_sub_heavy_r1,GA,6,BLK_6P,3,베이36B 론지용접,7,2025-07-22 13:04:49,2025-07-22 13:26:13,21.4,36B,베이36B
b190_sub_heavy_r1,GA,6,BLK_6P,3,베이36B 수정,8,2025-07-22 13:26:13,2025-07-22 14:02:01,35.8,36B,베이36B
b190_sub_heavy_r1,GA,18,BLK_18P,4,판계,1,2025-07-22 09:25:00,2025-07-22 10:03:00,38.0,,공통
b190_sub_heavy_r1,GA,18,BLK_18P,4,전면SAW,2,2025-07-22 10:12:31,2025-07-22 11:39:23,86.9,,공통
b190_sub_heavy_r1,GA,18,BLK_18P,4,TurnOver,3,2025-07-22 11:39:23,2025-07-22 11:51:23,12.0,,공통
b190_sub_heavy_r1,GA,18,BLK_18P,4,후면SAW,4,2025-07-22 11:51:23,2025-07-22 12:58:21,67.0,,공통
b190_sub_heavy_r1,GA,18,BLK_18P,4,NC,5,2025-07-22 12:58:21,2025-07-22 13:43:37,45.3,,공통
b190_sub_heavy_r1,GA,18,BLK_18P,4,베이35A 론지취부,6,2025-07-22 13:43:37,2025-07-22 14:35:37,52.0,35A,베이35A
b190_sub_heavy_r1,GA,18,BLK_18P,4,베이35A 론지용접,7,2025-07-22 14:35:37,2025-07-22 14:55:49,20.2,35A,베이35A
b190_sub_heavy_r1,GA,18,BLK_18P,4,베이35A 수정,8,2025-07-22 14:55:49,2025-07-22 15:27:13,31.4,35A,베이35A
b190_sub_heavy_r1,GA,22,BLK_22C,5,판계,1,2025-07-22 10:03:00,2025-07-22 10:36:00,33.0,,공통
b190_sub_heavy_r1,GA,22,BLK_22C,5,전면SAW,2,2025-07-22 11:39:23,2025-07-22 13:10:30,91.1,,공통
b190_sub_heavy_r1,GA,22,BLK_22C,5,TurnOver,3,2025-07-22 13:10:30,2025-07-22 13:22:30,12.0,,공통
b190_sub_heavy_r1,GA,22,BLK_22C,5,후면SAW,4,2025-07-22 13:22:30,2025-07-22 14:33:21,70.8,,공통
b190_sub_heavy_r1,GA,22,BLK_22C,5,NC,5,2025-07-22 14:33:21,2025-07-22 15:11:57,38.6,,공통
b190_sub_heavy_r1,GA,22,BLK_22C,5,베이36B 론지취부,6,2025-07-22 15:11:57,2025-07-22 15:56:57,45.0,36B,베이36B
b190_sub_heavy_r1,GA,22,BLK_22C,5,베이36B 론지용접,7,2025-07-22 15:56:57,2025-07-22 16:15:57,19.0,36B,베이36B
b190_sub_heavy_r1,GA,22,BLK_22C,5,베이36B 수정,8,2025-07-22 16:15:57,2025-07-22 16:42:57,27.0,36B,베이36B
b190_sub_heavy_r1,GA,14,BLK_14C,6,판계,1,2025-07-22 10:36:00,2025-07-22 11:06:00,30.0,,공통
b190_sub_heavy_r1,GA,14,BLK_14C,6,전면SAW,2,2025-07-22 13:10:30,2025-07-22 13:43:36,33.1,,공통
b190_sub_heavy_r1,GA,14,BLK_14C,6,TurnOver,3,2025-07-22 13:43:36,2025-07-22 13:55:36,12.0,,공통
b190_sub_heavy_r1,GA,14,BLK_14C,6,후면SAW,4,2025-07-22 14:33:21,2025-07-22 14:55:46,22.4,,공통
b190_sub_heavy_r1,GA,14,BLK_14C,6,NC,5,2025-07-22 15:11:57,2025-07-22 15:55:09,43.2,,공통
b190_sub_heavy_r1,GA,14,BLK_14C,6,베이35A 론지취부,6,2025-07-22 15:55:09,2025-07-22 17:11:39,76.5,35A,베이35A
b190_sub_heavy_r1,GA,14,BLK_14C,6,베이35A 론지용접,7,2025-07-22 17:11:39,2025-07-22 17:36:03,24.4,35A,베이35A
b190_sub_heavy_r1,GA,14,BLK_14C,6,베이35A 수정,8,2025-07-22 17:36:03,2025-07-22 18:22:51,46.8,35A,베이35A
b190_sub_heavy_r1,GA,26,BLK_26C,7,판계,1,2025-07-22 11:06:00,2025-07-22 11:36:00,30.0,,공통
b190_sub_heavy_r1,GA,26,BLK_26C,7,전면SAW,2,2025-07-22 13:43:36,2025-07-22 15:43:24,119.8,,공통
b190_sub_heavy_r1,GA,26,BLK_26C,7,TurnOver,3,2025-07-22 15:43:24,2025-07-22 15:55:24,12.0,,공통
b190_sub_heavy_r1,GA,26,BLK_26C,7,후면SAW,4,2025-07-22 15:55:24,2025-07-22 17:21:21,86.0,,공통
b190_sub_heavy_r1,GA,26,BLK_26C,7,NC,5,2025-07-22 17:21:21,2025-07-22 18:17:10,55.8,,공통
b190_sub_heavy_r1,GA,26,BLK_26C,7,베이36B 론지취부,6,2025-07-22 18:17:10,2025-07-22 19:05:40,48.5,36B,베이36B
b190_sub_heavy_r1,GA,26,BLK_26C,7,베이36B 론지용접,7,2025-07-22 19:05:40,2025-07-22 19:25:16,19.6,36B,베이36B
b190_sub_heavy_r1,GA,26,BLK_26C,7,베이36B 수정,8,2025-07-22 19:25:16,2025-07-22 19:54:28,29.2,36B,베이36B
b190_sub_heavy_r1,GA,30,BLK_30C,8,판계,1,2025-07-22 11:36:00,2025-07-22 12:01:00,25.0,,공통
b190_sub_heavy_r1,GA,30,BLK_30C,8,전면SAW,2,2025-07-22 15:43:24,2025-07-22 16:16:11,32.8,,공통
b190_sub_heavy_r1,GA,30,BLK_30C,8,TurnOver,3,2025-07-22 16:16:11,2025-07-22 16:28:11,12.0,,공통
b190_sub_heavy_r1,GA,30,BLK_30C,8,후면SAW,4,2025-07-22 17:21:21,2025-07-22 17:43:22,22.0,,공통
b190_sub_heavy_r1,GA,30,BLK_30C,8,NC,5,2025-07-22 18:17:10,2025-07-22 18:51:52,34.7,,공통
b190_sub_heavy_r1,GA,30,BLK_30C,8,베이35A 론지취부,6,2025-07-22 18:51:52,2025-07-22 19:57:52,66.0,35A,베이35A
b190_sub_heavy_r1,GA,30,BLK_30C,8,베이35A 론지용접,7,2025-07-22 19:57:52,2025-07-22 20:20:28,22.6,35A,베이35A
b190_sub_heavy_r1,GA,30,BLK_30C,8,베이35A 수정,8,2025-07-22 20:20:28,2025-07-22 21:00:40,40.2,35A,베이35A
b190_sub_heavy_r1,GA,38,BLK_38S,9,판계,1,2025-07-22 12:01:00,2025-07-22 12:31:00,30.0,,공통
b190_sub_heavy_r1,GA,38,BLK_38S,9,전면SAW,2,2025-07-22 16:16:11,2025-07-22 18:59:45,163.6,,공통
b190_sub_heavy_r1,GA,38,BLK_38S,9,TurnOver,3,2025-07-22 18:59:45,2025-07-22 19:11:45,12.0,,공통
b190_sub_heavy_r1,GA,38,BLK_38S,9,후면SAW,4,2025-07-22 19:11:45,2025-07-22 21:10:01,118.3,,공통
b190_sub_heavy_r1,GA,38,BLK_38S,9,NC,5,2025-07-22 21:10:01,2025-07-22 22:12:55,62.9,,공통
b190_sub_heavy_r1,GA,38,BLK_38S,9,베이36B 론지취부,6,2025-07-22 22:12:55,2025-07-22 23:29:25,76.5,36B,베이36B
b190_sub_heavy_r1,GA,38,BLK_38S,9,베이36B 론지용접,7,2025-07-22 23:29:25,2025-07-22 23:53:49,24.4,36B,베이36B
b190_sub_heavy_r1,GA,38,BLK_38S,9,베이36B 수정,8,2025-07-22 23:53:49,2025-07-23 00:40:37,46.8,36B,베이36B
b190_sub_heavy_r1,GA,17,BLK_17P,10,판계,1,2025-07-22 12:31:00,2025-07-22 12:58:00,27.0,,공통
b190_sub_heavy_r1,GA,17,BLK_17P,10,전면SAW,2,2025-07-22 18:59:45,2025-07-22 21:23:20,143.6,,공통
b190_sub_heavy_r1,GA,17,BLK_17P,10,TurnOver,3,2025-07-22 21:23:20,2025-07-22 21:35:20,12.0,,공통
b190_sub_heavy_r1,GA,17,BLK_17P,10,후면SAW,4,2025-07-22 21:35:20,2025-07-22 23:20:19,105.0,,공통
b190_sub_heavy_r1,GA,17,BLK_17P,10,NC,5,2025-07-22 23:20:19,2025-07-22 23:51:20,31.0,,공통
b190_sub_heavy_r1,GA,17,BLK_17P,10,베이35A 론지취부,6,2025-07-22 23:51:20,2025-07-23 00:11:50,20.5,35A,베이35A
b190_sub_heavy_r1,GA,17,BLK_17P,10,베이35A 론지용접,7,2025-07-23 00:11:50,2025-07-23 00:22:38,10.8,35A,베이35A
b190_sub_heavy_r1,GA,17,BLK_17P,10,베이35A 수정,8,2025-07-23 00:22:38,2025-07-23 00:34:14,11.6,35A,베이35A
b190_sub_heavy_r1,GA,5,BLK_5P,11,판계,1,2025-07-22 12:58:00,2025-07-22 13:23:00,25.0,,공통
b190_sub_heavy_r1,GA,5,BLK_5P,11,전면SAW,2,2025-07-22 21:23:20,2025-07-22 21:53:18,30.0,,공통
b190_sub_heavy_r1,GA,5,BLK_5P,11,TurnOver,3,2025-07-22 21:53:18,2025-07-22 22:05:18,12.0,,공통
b190_sub_heavy_r1,GA,5,BLK_5P,11,후면SAW,4,2025-07-22 23:20:19,2025-07-22 23:38:37,18.3,,공통
b190_sub_heavy_r1,GA,5,BLK_5P,11,NC,5,2025-07-22 23:51:20,2025-07-23 00:26:06,34.8,,공통
b190_sub_heavy_r1,GA,5,BLK_5P,11,베이36B 론지취부,6,2025-07-23 00:26:06,2025-07-23 01:11:06,45.0,36B,베이36B
b190_sub_heavy_r1,GA,5,BLK_5P,11,베이36B 론지용접,7,2025-07-23 01:11:06,2025-07-23 01:30:06,19.0,36B,베이36B
b190_sub_heavy_r1,GA,5,BLK_5P,11,베이36B 수정,8,2025-07-23 01:30:06,2025-07-23 01:57:06,27.0,36B,베이36B
b190_sub_heavy_r1,GA,46,BLK_46C,12,판계,1,2025-07-22 13:23:00,2025-07-22 13:48:00,25.0,,공통
b190_sub_heavy_r1,GA,46,BLK_46C,12,전면SAW,2,2025-07-22 21:53:18,2025-07-22 22:28:45,35.4,,공통
b190_sub_heavy_r1,GA,46,BLK_46C,12,TurnOver,3,2025-07-22 22:28:45,2025-07-22 22:40:45,12.0,,공통
b190_sub_heavy_r1,GA,46,BLK_46C,12,후면SAW,4,2025-07-22 23:38:37,2025-07-23 00:04:08,25.5,,공통
b190_sub_heavy_r1,GA,46,BLK_46C,12,NC,5,2025-07-23 00:26:06,2025-07-23 01:04:39,38.5,,공통
b190_sub_heavy_r1,GA,46,BLK_46C,12,베이35A 론지취부,6,2025-07-23 01:04:39,2025-07-23 02:21:09,76.5,35A,베이35A
b190_sub_heavy_r1,GA,46,BLK_46C,12,베이35A 론지용접,7,2025-07-23 02:21:09,2025-07-23 02:45:33,24.4,35A,베이35A
b190_sub_heavy_r1,GA,46,BLK_46C,12,베이35A 수정,8,2025-07-23 02:45:33,2025-07-23 03:32:21,46.8,35A,베이35A
b190_sub_heavy_r1,GA,54,BLK_54C,13,판계,1,2025-07-22 13:48:00,2025-07-22 14:26:00,38.0,,공통
b190_sub_heavy_r1,GA,54,BLK_54C,13,전면SAW,2,2025-07-22 22:28:45,2025-07-23 00:05:25,96.7,,공통
b190_sub_heavy_r1,GA,54,BLK_54C,13,TurnOver,3,2025-07-23 00:05:25,2025-07-23 00:17:25,12.0,,공통
b190_sub_heavy_r1,GA,54,BLK_54C,13,후면SAW,4,2025-07-23 00:17:25,2025-07-23 01:33:20,75.9,,공통
b190_sub_heavy_r1,GA,54,BLK_54C,13,NC,5,2025-07-23 01:33:20,2025-07-23 02:22:10,48.8,,공통
b190_sub_heavy_r1,GA,54,BLK_54C,13,베이36B 론지취부,6,2025-07-23 02:22:10,2025-07-23 03:31:40,69.5,36B,베이36B
b190_sub_heavy_r1,GA,54,BLK_54C,13,베이36B 론지용접,7,2025-07-23 03:31:40,2025-07-23 03:54:52,23.2,36B,베이36B
b190_sub_heavy_r1,GA,54,BLK_54C,13,베이36B 수정,8,2025-07-23 03:54:52,2025-07-23 04:37:16,42.4,36B,베이36B
b190_sub_heavy_r1,GA,1,BLK_1C,14,판계,1,2025-07-22 14:26:00,2025-07-22 14:56:00,30.0,,공통
b190_sub_heavy_r1,GA,1,BLK_1C,14,전면SAW,2,2025-07-23 00:05:25,2025-07-23 03:15:25,190.0,,공통
b190_sub_heavy_r1,GA,1,BLK_1C,14,TurnOver,3,2025-07-23 03:15:25,2025-07-23 03:27:25,12.0,,공통
b190_sub_heavy_r1,GA,1,BLK_1C,14,후면SAW,4,2025-07-23 03:27:25,2025-07-23 06:11:18,163.9,,공통
b190_sub_heavy_r1,GA,1,BLK_1C,14,NC,5,2025-07-23 06:11:18,2025-07-23 07:18:20,67.0,,공통
b190_sub_heavy_r1,GA,1,BLK_1C,14,베이36B 론지취부,6,2025-07-23 07:18:20,2025-07-23 09:06:20,108.0,36B,베이36B
b190_sub_heavy_r1,GA,1,BLK_1C,14,베이36B 론지용접,7,2025-07-23 09:06:20,2025-07-23 09:36:08,29.8,36B,베이36B
b190_sub_heavy_r1,GA,1,BLK_1C,14,베이36B 수정,8,2025-07-23 09:36:08,2025-07-23 10:42:44,66.6,36B,베이36B
b190_sub_heavy_r1,GA,42,BLK_42P,15,판계,1,2025-07-22 14:56:00,2025-07-22 15:41:00,45.0,,공통
b190_sub_heavy_r1,GA,42,BLK_42P,15,전면SAW,2,2025-07-23 03:15:25,2025-07-23 06:18:54,183.5,,공통
b190_sub_heavy_r1,GA,42,BLK_42P,15,TurnOver,3,2025-07-23 06:18:54,2025-07-23 06:30:54,12.0,,공통
b190_sub_heavy_r1,GA,42,BLK_42P,15,후면SAW,4,2025-07-23 06:30:54,2025-07-23 09:12:44,161.8,,공통
b190_sub_heavy_r1,GA,42,BLK_42P,15,NC,5,2025-07-23 09:12:44,2025-07-23 10:06:26,53.7,,공통
b190_sub_heavy_r1,GA,42,BLK_42P,15,베이35A 론지취부,6,2025-07-23 10:06:26,2025-07-23 11:29:56,83.5,35A,베이35A
b190_sub_heavy_r1,GA,42,BLK_42P,15,베이35A 론지용접,7,2025-07-23 11:29:56,2025-07-23 11:55:32,25.6,35A,베이35A
b190_sub_heavy_r1,GA,42,BLK_42P,15,베이35A 수정,8,2025-07-23 11:55:32,2025-07-23 12:46:44,51.2,35A,베이35A
b190_sub_heavy_r1,GA,9,BLK_9S,16,판계,1,2025-07-22 15:41:00,2025-07-22 16:26:00,45.0,,공통
b190_sub_heavy_r1,GA,9,BLK_9S,16,전면SAW,2,2025-07-23 06:18:54,2025-07-23 08:41:56,143.0,,공통
b190_sub_heavy_r1,GA,9,BLK_9S,16,TurnOver,3,2025-07-23 08:41:56,2025-07-23 08:53:56,12.0,,공통
b190_sub_heavy_r1,GA,9,BLK_9S,16,후면SAW,4,2025-07-23 09:12:44,2025-07-23 10:54:58,102.2,,공통
b190_sub_heavy_r1,GA,9,BLK_9S,16,NC,5,2025-07-23 10:54:58,2025-07-23 11:49:54,54.9,,공통
b190_sub_heavy_r1,GA,9,BLK_9S,16,베이36B 론지취부,6,2025-07-23 11:49:54,2025-07-23 12:41:54,52.0,36B,베이36B
b190_sub_heavy_r1,GA,9,BLK_9S,16,베이36B 론지용접,7,2025-07-23 12:41:54,2025-07-23 13:02:06,20.2,36B,베이36B
b190_sub_heavy_r1,GA,9,BLK_9S,16,베이36B 수정,8,2025-07-23 13:02:06,2025-07-23 13:33:30,31.4,36B,베이36B
b190_sub_heavy_r1,GA,13,BLK_13P,1,판계,1,2025-07-23 08:00:00,2025-07-23 08:30:00,30.0,,공통
b190_sub_heavy_r1,GA,13,BLK_13P,1,전면SAW,2,2025-07-23 08:41:56,2025-07-23 09:12:37,30.7,,공통
b190_sub_heavy_r1,GA,13,BLK_13P,1,TurnOver,3,2025-07-23 09:12:37,2025-07-23 09:24:37,12.0,,공통
b190_sub_heavy_r1,GA,13,BLK_13P,1,후면SAW,4,2025-07-23 10:54:58,2025-07-23 11:14:13,19.2,,공통
b190_sub_heavy_r1,GA,13,BLK_13P,1,NC,5,2025-07-23 11:49:54,2025-07-23 12:31:42,41.8,,공통
b190_sub_heavy_r1,GA,13,BLK_13P,1,베이35A 론지취부,6,2025-07-23 12:31:42,2025-07-23 13:34:12,62.5,35A,베이35A
b190_sub_heavy_r1,GA,13,BLK_13P,1,베이35A 론지용접,7,2025-07-23 13:34:12,2025-07-23 13:56:12,22.0,35A,베이35A
b190_sub_heavy_r1,GA,13,BLK_13P,1,베이35A 수정,8,2025-07-23 13:56:12,2025-07-23 14:34:12,38.0,35A,베이35A
b190_sub_heavy_r1,GA,34,BLK_34P,2,판계,1,2025-07-23 08:30:00,2025-07-23 08:55:00,25.0,,공통
b190_sub_heavy_r1,GA,34,BLK_34P,2,전면SAW,2,2025-07-23 09:12:37,2025-07-23 09:46:46,34.1,,공통
b190_sub_heavy_r1,GA,34,BLK_34P,2,TurnOver,3,2025-07-23 09:46:46,2025-07-23 09:58:46,12.0,,공통
b190_sub_heavy_r1,GA,34,BLK_34P,2,후면SAW,4,2025-07-23 11:14:13,2025-07-23 11:38:02,23.8,,공통
b190_sub_heavy_r1,GA,34,BLK_34P,2,NC,5,2025-07-23 12:31:42,2025-07-23 13:07:51,36.2,,공통
b190_sub_heavy_r1,GA,34,BLK_34P,2,베이36B 론지취부,6,2025-07-23 13:07:51,2025-07-23 13:52:51,45.0,36B,베이36B
b190_sub_heavy_r1,GA,34,BLK_34P,2,베이36B 론지용접,7,2025-07-23 13:52:51,2025-07-23 14:11:51,19.0,36B,베이36B
b190_sub_heavy_r1,GA,34,BLK_34P,2,베이36B 수정,8,2025-07-23 14:11:51,2025-07-23 14:38:51,27.0,36B,베이36B
b190_sub_heavy_r1,GA,25,BLK_25S,3,판계,1,2025-07-23 08:55:00,2025-07-23 09:20:00,25.0,,공통
b190_sub_heavy_r1,GA,25,BLK_25S,3,전면SAW,2,2025-07-23 09:46:46,2025-07-23 10:15:16,28.5,,공통
b190_sub_heavy_r1,GA,25,BLK_25S,3,TurnOver,3,2025-07-23 10:15:16,2025-07-23 10:27:16,12.0,,공통
b190_sub_heavy_r1,GA,25,BLK_25S,3,후면SAW,4,2025-07-23 11:38:02,2025-07-23 11:54:25,16.4,,공통
b190_sub_heavy_r1,GA,25,BLK_25S,3,NC,5,2025-07-23 13:07:51,2025-07-23 13:39:32,31.7,,공통
b190_sub_heavy_r1,GA,25,BLK_25S,3,베이35A 론지취부,6,2025-07-23 13:39:32,2025-07-23 14:21:02,41.5,35A,베이35A
b190_sub_heavy_r1,GA,25,BLK_25S,3,베이35A 론지용접,7,2025-07-23 14:21:02,2025-07-23 14:39:26,18.4,35A,베이35A
b190_sub_heavy_r1,GA,25,BLK_25S,3,베이35A 수정,8,2025-07-23 14:39:26,2025-07-23 15:04:14,24.8,35A,베이35A
b190_sub_heavy_r1,GA,50,BLK_50C,4,판계,1,2025-07-23 09:20:00,2025-07-23 09:32:00,12.0,,공통
b190_sub_heavy_r1,GA,50,BLK_50C,4,전면SAW,2,2025-07-23 10:15:16,2025-07-23 10:56:47,41.5,,공통
b190_sub_heavy_r1,GA,50,BLK_50C,4,TurnOver,3,2025-07-23 10:56:47,2025-07-23 11:08:47,12.0,,공통
b190_sub_heavy_r1,GA,50,BLK_50C,4,후면SAW,4,2025-07-23 11:54:25,2025-07-23 12:27:55,33.5,,공통
b190_sub_heavy_r1,GA,50,BLK_50C,4,NC,5,2025-07-23 13:39:32,2025-07-23 14:00:46,21.2,,공통
b190_sub_heavy_r1,GA,50,BLK_50C,4,베이36B 론지취부,6,2025-07-23 14:00:46,2025-07-23 14:28:16,27.5,36B,베이36B
b190_sub_heavy_r1,GA,50,BLK_50C,4,베이36B 론지용접,7,2025-07-23 14:28:16,2025-07-23 14:40:16,12.0,36B,베이36B
b190_sub_heavy_r1,GA,50,BLK_50C,4,베이36B 수정,8,2025-07-23 14:40:16,2025-07-23 14:56:16,16.0,36B,베이36B
b190_sub_heavy_r1,GA,62,BLK_62P,5,판계,1,2025-07-23 09:32:00,2025-07-23 10:17:00,45.0,,공통
b190_sub_heavy_r1,GA,62,BLK_62P,5,전면SAW,2,2025-07-23 10:56:47,2025-07-23 12:47:52,111.1,,공통
b190_sub_heavy_r1,GA,62,BLK_62P,5,TurnOver,3,2025-07-23 12:47:52,2025-07-23 12:59:52,12.0,,공통
b190_sub_heavy_r1,GA,62,BLK_62P,5,후면SAW,4,2025-07-23 12:59:52,2025-07-23 14:51:24,111.5,,공통
b190_sub_heavy_r1,GA,62,BLK_62P,5,NC,5,2025-07-23 14:51:24,2025-07-23 15:49:55,58.5,,공통
b190_sub_heavy_r1,GA,62,BLK_62P,5,베이35A 론지취부,6,2025-07-23 15:49:55,2025-07-23 16:55:55,66.0,35A,베이35A
b190_sub_heavy_r1,GA,62,BLK_62P,5,베이35A 론지용접,7,2025-07-23 16:55:55,2025-07-23 17:18:31,22.6,35A,베이35A
b190_sub_heavy_r1,GA,62,BLK_62P,5,베이35A 수정,8,2025-07-23 17:18:31,2025-07-23 17:58:43,40.2,35A,베이35A
b190_sub_heavy_r1,GA,74,BLK_74C,6,판계,1,2025-07-23 10:17:00,2025-07-23 11:02:00,45.0,,공통
b190_sub_heavy_r1,GA,74,BLK_74C,6,전면SAW,2,2025-07-23 12:47:52,2025-07-23 13:28:18,40.4,,공통
b190_sub_heavy_r1,GA,74,BLK_74C,6,TurnOver,3,2025-07-23 13:28:18,2025-07-23 13:40:18,12.0,,공통
b190_sub_heavy_r1,GA,74,BLK_74C,6,후면SAW,4,2025-07-23 14:51:24,2025-07-23 15:23:28,32.1,,공통
b190_sub_heavy_r1,GA,74,BLK_74C,6,NC,5,2025-07-23 15:49:55,2025-07-23 16:50:36,60.7,,공통
b190_sub_heavy_r1,GA,74,BLK_74C,6,베이36B 론지취부,6,2025-07-23 16:50:36,2025-07-23 19:13:36,143.0,36B,베이36B
b190_sub_heavy_r1,GA,74,BLK_74C,6,베이36B 론지용접,7,2025-07-23 19:13:36,2025-07-23 19:49:24,35.8,36B,베이36B
b190_sub_heavy_r1,GA,74,BLK_74C,6,베이36B 수정,8,2025-07-23 19:49:24,2025-07-23 21:18:00,88.6,36B,베이36B
b190_sub_heavy_r1,GA,73,BLK_73C,7,판계,1,2025-07-23 11:02:00,2025-07-23 11:27:00,25.0,,공통
b190_sub_heavy_r1,GA,73,BLK_73C,7,전면SAW,2,2025-07-23 13:28:18,2025-07-23 14:01:09,32.9,,공통
b190_sub_heavy_r1,GA,73,BLK_73C,7,TurnOver,3,2025-07-23 14:01:09,2025-07-23 14:13:09,12.0,,공통
b190_sub_heavy_r1,GA,73,BLK_73C,7,후면SAW,4,2025-07-23 15:23:28,2025-07-23 15:45:34,22.1,,공통
b190_sub_heavy_r1,GA,73,BLK_73C,7,NC,5,2025-07-23 16:50:36,2025-07-23 17:25:48,35.2,,공통
b190_sub_heavy_r1,GA,73,BLK_73C,7,베이35A 론지취부,6,2025-07-23 17:25:48,2025-07-23 18:21:18,55.5,35A,베이35A
b190_sub_heavy_r1,GA,73,BLK_73C,7,베이35A 론지용접,7,2025-07-23 18:21:18,2025-07-23 18:42:06,20.8,35A,베이35A
b190_sub_heavy_r1,GA,73,BLK_73C,7,베이35A 수정,8,2025-07-23 18:42:06,2025-07-23 19:15:42,33.6,35A,베이35A
b190_sub_heavy_r1,GA,83,BLK_83P,8,판계,1,2025-07-23 11:27:00,2025-07-23 12:00:00,33.0,,공통
b190_sub_heavy_r1,GA,83,BLK_83P,8,전면SAW,2,2025-07-23 14:01:09,2025-07-23 15:45:51,104.7,,공통
b190_sub_heavy_r1,GA,83,BLK_83P,8,TurnOver,3,2025-07-23 15:45:51,2025-07-23 15:57:51,12.0,,공통
b190_sub_heavy_r1,GA,83,BLK_83P,8,후면SAW,4,2025-07-23 15:57:51,2025-07-23 17:21:03,83.2,,공통
b190_sub_heavy_r1,GA,83,BLK_83P,8,NC,5,2025-07-23 17:25:48,2025-07-23 18:06:00,40.2,,공통
b190_sub_heavy_r1,GA,83,BLK_83P,8,베이36B 론지취부,6,2025-07-23 19:13:36,2025-07-23 20:09:06,55.5,36B,베이36B
b190_sub_heavy_r1,GA,83,BLK_83P,8,베이36B 론지용접,7,2025-07-23 20:09:06,2025-07-23 20:29:54,20.8,36B,베이36B
b190_sub_heavy_r1,GA,83,BLK_83P,8,베이36B 수정,8,2025-07-23 21:18:00,2025-07-23 21:51:36,33.6,36B,베이36B
b190_sub_heavy_r1,GA,93,BLK_93P,9,판계,1,2025-07-23 12:00:00,2025-07-23 12:25:00,25.0,,공통
b190_sub_heavy_r1,GA,93,BLK_93P,9,전면SAW,2,2025-07-23 15:45:51,2025-07-23 16:19:25,33.6,,공통
b190_sub_heavy_r1,GA,93,BLK_93P,9,TurnOver,3,2025-07-23 16:19:25,2025-07-23 16:31:25,12.0,,공통
b190_sub_heavy_r1,GA,93,BLK_93P,9,후면SAW,4,2025-07-23 17:21:03,2025-07-23 17:44:06,23.0,,공통
b190_sub_heavy_r1,GA,93,BLK_93P,9,NC,5,2025-07-23 18:06:00,2025-07-23 18:42:19,36.3,,공통
b190_sub_heavy_r1,GA,93,BLK_93P,9,베이35A 론지취부,6,2025-07-23 18:42:19,2025-07-23 19:58:49,76.5,35A,베이35A
b190_sub_heavy_r1,GA,93,BLK_93P,9,베이35A 론지용접,7,2025-07-23 19:58:49,2025-07-23 20:23:13,24.4,35A,베이35A
b190_sub_heavy_r1,GA,93,BLK_93P,9,베이35A 수정,8,2025-07-23 20:23:13,2025-07-23 21:10:01,46.8,35A,베이35A
b190_sub_heavy_r1,GA,29,BLK_29P,10,판계,1,2025-07-23 12:25:00,2025-07-23 12:55:00,30.0,,공통
b190_sub_heavy_r1,GA,29,BLK_29P,10,전면SAW,2,2025-07-23 16:19:25,2025-07-23 16:48:03,28.6,,공통
b190_sub_heavy_r1,GA,29,BLK_29P,10,TurnOver,3,2025-07-23 16:48:03,2025-07-23 17:00:03,12.0,,공통
b190_sub_heavy_r1,GA,29,BLK_29P,10,후면SAW,4,2025-07-23 17:44:06,2025-07-23 18:00:39,16.6,,공통
b190_sub_heavy_r1,GA,29,BLK_29P,10,NC,5,2025-07-23 18:42:19,2025-07-23 19:22:01,39.7,,공통
b190_sub_heavy_r1,GA,29,BLK_29P,10,베이36B 론지취부,6,2025-07-23 20:09:06,2025-07-23 20:57:36,48.5,36B,베이36B
b190_sub_heavy_r1,GA,29,BLK_29P,10,베이36B 론지용접,7,2025-07-23 20:57:36,2025-07-23 21:17:12,19.6,36B,베이36B
b190_sub_heavy_r1,GA,29,BLK_29P,10,베이36B 수정,8,2025-07-23 21:51:36,2025-07-23 22:20:48,29.2,36B,베이36B
b190_sub_heavy_r1,GA,33,BLK_33S,11,판계,1,2025-07-23 12:55:00,2025-07-23 13:28:00,33.0,,공통
b190_sub_heavy_r1,GA,33,BLK_33S,11,전면SAW,2,2025-07-23 16:48:03,2025-07-23 18:22:10,94.1,,공통
b190_sub_heavy_r1,GA,33,BLK_33S,11,TurnOver,3,2025-07-23 18:22:10,2025-07-23 18:34:10,12.0,,공통
b190_sub_heavy_r1,GA,33,BLK_33S,11,후면SAW,4,2025-07-23 18:34:10,2025-07-23 20:05:55,91.7,,공통
b190_sub_heavy_r1,GA,33,BLK_33S,11,NC,5,2025-07-23 20:05:55,2025-07-23 20:43:54,38.0,,공통
b190_sub_heavy_r1,GA,33,BLK_33S,11,베이35A 론지취부,6,2025-07-23 20:43:54,2025-07-23 21:35:54,52.0,35A,베이35A
b190_sub_heavy_r1,GA,33,BLK_33S,11,베이35A 론지용접,7,2025-07-23 21:35:54,2025-07-23 21:56:06,20.2,35A,베이35A
b190_sub_heavy_r1,GA,33,BLK_33S,11,베이35A 수정,8,2025-07-23 21:56:06,2025-07-23 22:27:30,31.4,35A,베이35A
b190_sub_heavy_r1,GA,58,BLK_58P,12,판계,1,2025-07-23 13:28:00,2025-07-23 13:40:00,12.0,,공통
b190_sub_heavy_r1,GA,58,BLK_58P,12,전면SAW,2,2025-07-23 18:22:10,2025-07-23 19:08:55,46.7,,공통
b190_sub_heavy_r1,GA,58,BLK_58P,12,TurnOver,3,2025-07-23 19:08:55,2025-07-23 19:20:55,12.0,,공통
b190_sub_heavy_r1,GA,58,BLK_58P,12,후면SAW,4,2025-07-23 20:05:55,2025-07-23 20:46:18,40.4,,공통
b190_sub_heavy_r1,GA,58,BLK_58P,12,NC,5,2025-07-23 20:46:18,2025-07-23 21:08:45,22.4,,공통
b190_sub_heavy_r1,GA,58,BLK_58P,12,베이36B 론지취부,6,2025-07-23 21:08:45,2025-07-23 21:50:15,41.5,36B,베이36B
b190_sub_heavy_r1,GA,58,BLK_58P,12,베이36B 론지용접,7,2025-07-23 21:50:15,2025-07-23 22:08:39,18.4,36B,베이36B
b190_sub_heavy_r1,GA,58,BLK_58P,12,베이36B 수정,8,2025-07-23 22:20:48,2025-07-23 22:45:36,24.8,36B,베이36B
b190_sub_heavy_r1,GA,37,BLK_37S,13,판계,1,2025-07-23 13:40:00,2025-07-23 14:10:00,30.0,,공통
b190_sub_heavy_r1,GA,37,BLK_37S,13,전면SAW,2,2025-07-23 19:08:55,2025-07-23 19:38:16,29.4,,공통
b190_sub_heavy_r1,GA,37,BLK_37S,13,TurnOver,3,2025-07-23 19:38:16,2025-07-23 19:50:16,12.0,,공통
b190_sub_heavy_r1,GA,37,BLK_37S,13,후면SAW,4,2025-07-23 20:46:18,2025-07-23 21:03:48,17.5,,공통
b190_sub_heavy_r1,GA,37,BLK_37S,13,NC,5,2025-07-23 21:08:45,2025-07-23 21:54:12,45.5,,공통
b190_sub_heavy_r1,GA,37,BLK_37S,13,베이35A 론지취부,6,2025-07-23 21:54:12,2025-07-23 22:53:12,59.0,35A,베이35A
b190_sub_heavy_r1,GA,37,BLK_37S,13,베이35A 론지용접,7,2025-07-23 22:53:12,2025-07-23 23:14:36,21.4,35A,베이35A
b190_sub_heavy_r1,GA,37,BLK_37S,13,베이35A 수정,8,2025-07-23 23:14:36,2025-07-23 23:50:24,35.8,35A,베이35A
b190_sub_heavy_r1,GA,70,BLK_70P,14,판계,1,2025-07-23 14:10:00,2025-07-23 14:40:00,30.0,,공통
b190_sub_heavy_r1,GA,70,BLK_70P,14,전면SAW,2,2025-07-23 19:38:16,2025-07-23 20:25:12,46.9,,공통
b190_sub_heavy_r1,GA,70,BLK_70P,14,TurnOver,3,2025-07-23 20:25:12,2025-07-23 20:37:12,12.0,,공통
b190_sub_heavy_r1,GA,70,BLK_70P,14,후면SAW,4,2025-07-23 21:03:48,2025-07-23 21:44:25,40.6,,공통
b190_sub_heavy_r1,GA,70,BLK_70P,14,NC,5,2025-07-23 21:54:12,2025-07-23 22:38:38,44.4,,공통
b190_sub_heavy_r1,GA,70,BLK_70P,14,베이36B 론지취부,6,2025-07-23 22:38:38,2025-07-24 00:16:08,97.5,36B,베이36B
b190_sub_heavy_r1,GA,70,BLK_70P,14,베이36B 론지용접,7,2025-07-24 00:16:08,2025-07-24 00:44:08,28.0,36B,베이36B
b190_sub_heavy_r1,GA,70,BLK_70P,14,베이36B 수정,8,2025-07-24 00:44:08,2025-07-24 01:44:08,60.0,36B,베이36B
b190_sub_heavy_r1,GA,75,BLK_75C,15,판계,1,2025-07-23 14:40:00,2025-07-23 15:25:00,45.0,,공통
b190_sub_heavy_r1,GA,75,BLK_75C,15,전면SAW,2,2025-07-23 20:25:12,2025-07-23 21:06:53,41.7,,공통
b190_sub_heavy_r1,GA,75,BLK_75C,15,TurnOver,3,2025-07-23 21:06:53,2025-07-23 21:18:53,12.0,,공통
b190_sub_heavy_r1,GA,75,BLK_75C,15,후면SAW,4,2025-07-23 21:44:25,2025-07-23 22:18:10,33.7,,공통
b190_sub_heavy_r1,GA,75,BLK_75C,15,NC,5,2025-07-23 22:38:38,2025-07-23 23:31:03,52.4,,공통
b190_sub_heavy_r1,GA,75,BLK_75C,15,베이36B 론지취부,6,2025-07-24 00:16:08,2025-07-24 01:29:08,73.0,36B,베이36B
b190_sub_heavy_r1,GA,75,BLK_75C,15,베이36B 론지용접,7,2025-07-24 01:29:08,2025-07-24 01:52:56,23.8,36B,베이36B
b190_sub_heavy_r1,GA,75,BLK_75C,15,베이36B 수정,8,2025-07-24 01:52:56,2025-07-24 02:37:32,44.6,36B,베이36B
b190_sub_heavy_r1,GA,84,BLK_84P,16,판계,1,2025-07-23 15:25:00,2025-07-23 15:45:00,20.0,,공통
b190_sub_heavy_r1,GA,84,BLK_84P,16,전면SAW,2,2025-07-23 21:06:53,2025-07-23 21:54:51,48.0,,공통
b190_sub_heavy_r1,GA,84,BLK_84P,16,TurnOver,3,2025-07-23 21:54:51,2025-07-23 22:06:51,12.0,,공통
b190_sub_heavy_r1,GA,84,BLK_84P,16,후면SAW,4,2025-07-23 22:18:10,2025-07-23 23:00:09,42.0,,공통
b190_sub_heavy_r1,GA,84,BLK_84P,16,NC,5,2025-07-23 23:31:03,2025-07-24 00:00:09,29.1,,공통
b190_sub_heavy_r1,GA,84,BLK_84P,16,베이35A 론지취부,6,2025-07-24 00:00:09,2025-07-24 00:45:09,45.0,35A,베이35A
b190_sub_heavy_r1,GA,84,BLK_84P,16,베이35A 론지용접,7,2025-07-24 00:45:09,2025-07-24 01:04:09,19.0,35A,베이35A
b190_sub_heavy_r1,GA,84,BLK_84P,16,베이35A 수정,8,2025-07-24 01:04:09,2025-07-24 01:31:09,27.0,35A,베이35A
b190_sub_heavy_r1,GA,15,BLK_15S,17,판계,1,2025-07-23 15:45:00,2025-07-23 16:05:00,20.0,,공통
b190_sub_heavy_r1,GA,15,BLK_15S,17,전면SAW,2,2025-07-23 21:54:51,2025-07-23 22:33:35,38.7,,공통
b190_sub_heavy_r1,GA,15,BLK_15S,17,TurnOver,3,2025-07-23 22:33:35,2025-07-23 22:45:35,12.0,,공통
b190_sub_heavy_r1,GA,15,BLK_15S,17,후면SAW,4,2025-07-23 23:00:09,2025-07-23 23:30:01,29.9,,공통
b190_sub_heavy_r1,GA,15,BLK_15S,17,NC,5,2025-07-24 00:00:09,2025-07-24 00:32:49,32.7,,공통
b190_sub_heavy_r1,GA,15,BLK_15S,17,베이36B 론지취부,6,2025-07-24 01:29:08,2025-07-24 02:49:08,80.0,36B,베이36B
b190_sub_heavy_r1,GA,15,BLK_15S,17,베이36B 론지용접,7,2025-07-24 02:49:08,2025-07-24 03:14:08,25.0,36B,베이36B
b190_sub_heavy_r1,GA,15,BLK_15S,17,베이36B 수정,8,2025-07-24 03:14:08,2025-07-24 04:03:08,49.0,36B,베이36B
b190_sub_heavy_r1,GA,94,BLK_94P,18,판계,1,2025-07-23 16:05:00,2025-07-23 16:30:00,25.0,,공통
b190_sub_heavy_r1,GA,94,BLK_94P,18,전면SAW,2,2025-07-23 22:33:35,2025-07-23 23:05:43,32.1,,공통
b190_sub_heavy_r1,GA,94,BLK_94P,18,TurnOver,3,2025-07-23 23:05:43,2025-07-23 23:17:43,12.0,,공통
b190_sub_heavy_r1,GA,94,BLK_94P,18,후면SAW,4,2025-07-23 23:30:01,2025-07-23 23:51:10,21.2,,공통
b190_sub_heavy_r1,GA,94,BLK_94P,18,NC,5,2025-07-24 00:32:49,2025-07-24 01:09:35,36.8,,공통
b190_sub_heavy_r1,GA,94,BLK_94P,18,베이35A 론지취부,6,2025-07-24 01:09:35,2025-07-24 02:15:35,66.0,35A,베이35A
b190_sub_heavy_r1,GA,94,BLK_94P,18,베이35A 론지용접,7,2025-07-24 02:15:35,2025-07-24 02:38:11,22.6,35A,베이35A
b190_sub_heavy_r1,GA,94,BLK_94P,18,베이35A 수정,8,2025-07-24 02:38:11,2025-07-24 03:18:23,40.2,35A,베이35A
b190_sub_heavy_r1,GA,95,BLK_95C,19,판계,1,2025-07-23 16:30:00,2025-07-23 17:00:00,30.0,,공통
b190_sub_heavy_r1,GA,95,BLK_95C,19,전면SAW,2,2025-07-23 23:05:43,2025-07-23 23:38:39,32.9,,공통
b190_sub_heavy_r1,GA,95,BLK_95C,19,TurnOver,3,2025-07-23 23:38:39,2025-07-23 23:50:39,12.0,,공통
b190_sub_heavy_r1,GA,95,BLK_95C,19,후면SAW,4,2025-07-23 23:51:10,2025-07-24 00:13:24,22.2,,공통
b190_sub_heavy_r1,GA,95,BLK_95C,19,NC,5,2025-07-24 01:09:35,2025-07-24 01:51:21,41.8,,공통
b190_sub_heavy_r1,GA,95,BLK_95C,19,베이36B 론지취부,6,2025-07-24 02:49:08,2025-07-24 03:48:08,59.0,36B,베이36B
b190_sub_heavy_r1,GA,95,BLK_95C,19,베이36B 론지용접,7,2025-07-24 03:48:08,2025-07-24 04:09:32,21.4,36B,베이36B
b190_sub_heavy_r1,GA,95,BLK_95C,19,베이36B 수정,8,2025-07-24 04:09:32,2025-07-24 04:45:20,35.8,36B,베이36B
b190_sub_heavy_r1,GA,103,BLK_103P,20,판계,1,2025-07-23 17:00:00,2025-07-23 17:12:00,12.0,,공통
b190_sub_heavy_r1,GA,103,BLK_103P,20,전면SAW,2,2025-07-23 23:38:39,2025-07-24 00:23:32,44.9,,공통
b190_sub_heavy_r1,GA,103,BLK_103P,20,TurnOver,3,2025-07-24 00:23:32,2025-07-24 00:35:32,12.0,,공통
b190_sub_heavy_r1,GA,103,BLK_103P,20,후면SAW,4,2025-07-24 00:35:32,2025-07-24 01:13:28,37.9,,공통
b190_sub_heavy_r1,GA,103,BLK_103P,20,NC,5,2025-07-24 01:51:21,2025-07-24 02:15:32,24.2,,공통
b190_sub_heavy_r1,GA,103,BLK_103P,20,베이35A 론지취부,6,2025-07-24 02:15:35,2025-07-24 03:00:35,45.0,35A,베이35A
b190_sub_heavy_r1,GA,103,BLK_103P,20,베이35A 론지용접,7,2025-07-24 03:00:35,2025-07-24 03:19:35,19.0,35A,베이35A
b190_sub_heavy_r1,GA,103,BLK_103P,20,베이35A 수정,8,2025-07-24 03:19:35,2025-07-24 03:46:35,27.0,35A,베이35A
b190_sub_heavy_r1,GA,105,BLK_105P,21,판계,1,2025-07-23 17:12:00,2025-07-23 17:39:00,27.0,,공통
b190_sub_heavy_r1,GA,105,BLK_105P,21,전면SAW,2,2025-07-24 00:23:32,2025-07-24 02:07:15,103.7,,공통
b190_sub_heavy_r1,GA,105,BLK_105P,21,TurnOver,3,2025-07-24 02:07:15,2025-07-24 02:19:15,12.0,,공통
b190_sub_heavy_r1,GA,105,BLK_105P,21,후면SAW,4,2025-07-24 02:19:15,2025-07-24 03:32:19,73.1,,공통
b190_sub_heavy_r1,GA,105,BLK_105P,21,NC,5,2025-07-24 03:32:19,2025-07-24 04:02:26,30.1,,공통
b190_sub_heavy_r1,GA,105,BLK_105P,21,베이36B 론지취부,6,2025-07-24 04:02:26,2025-07-24 04:29:56,27.5,36B,베이36B
b190_sub_heavy_r1,GA,105,BLK_105P,21,베이36B 론지용접,7,2025-07-24 04:29:56,2025-07-24 04:41:56,12.0,36B,베이36B
b190_sub_heavy_r1,GA,105,BLK_105P,21,베이36B 수정,8,2025-07-24 04:45:20,2025-07-24 05:01:20,16.0,36B,베이36B
b190_sub_heavy_r1,GA,120,BLK_120P,1,판계,1,2025-07-24 08:00:00,2025-07-24 08:52:00,52.0,,공통
b190_sub_heavy_r1,GA,120,BLK_120P,1,전면SAW,2,2025-07-24 08:52:00,2025-07-24 09:27:51,35.9,,공통
b190_sub_heavy_r1,GA,120,BLK_120P,1,TurnOver,3,2025-07-24 09:27:51,2025-07-24 09:39:51,12.0,,공통
b190_sub_heavy_r1,GA,120,BLK_120P,1,후면SAW,4,2025-07-24 09:39:51,2025-07-24 10:05:55,26.1,,공통
b190_sub_heavy_r1,GA,120,BLK_120P,1,NC,5,2025-07-24 10:05:55,2025-07-24 11:03:20,57.4,,공통
b190_sub_heavy_r1,GA,120,BLK_120P,1,베이36B 론지취부,6,2025-07-24 11:03:20,2025-07-24 12:23:20,80.0,36B,베이36B
b190_sub_heavy_r1,GA,120,BLK_120P,1,베이36B 론지용접,7,2025-07-24 12:23:20,2025-07-24 12:48:20,25.0,36B,베이36B
b190_sub_heavy_r1,GA,120,BLK_120P,1,베이36B 수정,8,2025-07-24 12:48:20,2025-07-24 13:37:20,49.0,36B,베이36B
b190_sub_heavy_r1,GA,113,BLK_113P,2,판계,1,2025-07-24 08:52:00,2025-07-24 09:30:00,38.0,,공통
b190_sub_heavy_r1,GA,113,BLK_113P,2,전면SAW,2,2025-07-24 09:30:00,2025-07-24 11:34:40,124.7,,공통
b190_sub_heavy_r1,GA,113,BLK_113P,2,TurnOver,3,2025-07-24 11:34:40,2025-07-24 11:46:40,12.0,,공통
b190_sub_heavy_r1,GA,113,BLK_113P,2,후면SAW,4,2025-07-24 11:46:40,2025-07-24 13:28:07,101.4,,공통
b190_sub_heavy_r1,GA,113,BLK_113P,2,NC,5,2025-07-24 13:28:07,2025-07-24 14:16:01,47.9,,공통
b190_sub_heavy_r1,GA,113,BLK_113P,2,베이35A 론지취부,6,2025-07-24 14:16:01,2025-07-24 15:25:31,69.5,35A,베이35A
b190_sub_heavy_r1,GA,113,BLK_113P,2,베이35A 론지용접,7,2025-07-24 15:25:31,2025-07-24 15:48:43,23.2,35A,베이35A
b190_sub_heavy_r1,GA,113,BLK_113P,2,베이35A 수정,8,2025-07-24 15:48:43,2025-07-24 16:31:07,42.4,35A,베이35A
b190_sub_heavy_r1,GA,123,BLK_123P,3,판계,1,2025-07-24 09:30:00,2025-07-24 09:55:00,25.0,,공통
b190_sub_heavy_r1,GA,123,BLK_123P,3,전면SAW,2,2025-07-24 11:34:40,2025-07-24 12:01:46,27.1,,공통
b190_sub_heavy_r1,GA,123,BLK_123P,3,TurnOver,3,2025-07-24 12:01:46,2025-07-24 12:13:46,12.0,,공통
b190_sub_heavy_r1,GA,123,BLK_123P,3,후면SAW,4,2025-07-24 13:28:07,2025-07-24 13:42:39,14.5,,공통
b190_sub_heavy_r1,GA,123,BLK_123P,3,NC,5,2025-07-24 14:16:01,2025-07-24 14:48:19,32.3,,공통
b190_sub_heavy_r1,GA,123,BLK_123P,3,베이36B 론지취부,6,2025-07-24 14:48:19,2025-07-24 15:29:49,41.5,36B,베이36B
b190_sub_heavy_r1,GA,123,BLK_123P,3,베이36B 론지용접,7,2025-07-24 15:29:49,2025-07-24 15:48:13,18.4,36B,베이36B
b190_sub_heavy_r1,GA,123,BLK_123P,3,베이36B 수정,8,2025-07-24 15:48:13,2025-07-24 16:13:01,24.8,36B,베이36B
b190_sub_heavy_r1,GA,135,BLK_135P,4,판계,1,2025-07-24 09:55:00,2025-07-24 10:33:00,38.0,,공통
b190_sub_heavy_r1,GA,135,BLK_135P,4,전면SAW,2,2025-07-24 12:01:46,2025-07-24 13:45:00,103.2,,공통
b190_sub_heavy_r1,GA,135,BLK_135P,4,TurnOver,3,2025-07-24 13:45:00,2025-07-24 13:57:00,12.0,,공통
b190_sub_heavy_r1,GA,135,BLK_135P,4,후면SAW,4,2025-07-24 13:57:00,2025-07-24 15:39:22,102.4,,공통
b190_sub_heavy_r1,GA,135,BLK_135P,4,NC,5,2025-07-24 15:39:22,2025-07-24 16:26:58,47.6,,공통
b190_sub_heavy_r1,GA,135,BLK_135P,4,베이35A 론지취부,6,2025-07-24 16:26:58,2025-07-24 17:50:28,83.5,35A,베이35A
b190_sub_heavy_r1,GA,135,BLK_135P,4,베이35A 론지용접,7,2025-07-24 17:50:28,2025-07-24 18:16:04,25.6,35A,베이35A
b190_sub_heavy_r1,GA,135,BLK_135P,4,베이35A 수정,8,2025-07-24 18:16:04,2025-07-24 19:07:16,51.2,35A,베이35A
b190_sub_heavy_r1,GA,3,BLK_3C,5,판계,1,2025-07-24 10:33:00,2025-07-24 11:01:00,28.0,,공통
b190_sub_heavy_r1,GA,3,BLK_3C,5,전면SAW,2,2025-07-24 13:45:00,2025-07-24 15:37:05,112.1,,공통
b190_sub_heavy_r1,GA,3,BLK_3C,5,TurnOver,3,2025-07-24 15:37:05,2025-07-24 15:49:05,12.0,,공통
b190_sub_heavy_r1,GA,3,BLK_3C,5,후면SAW,4,2025-07-24 15:49:05,2025-07-24 17:41:46,112.7,,공통
b190_sub_heavy_r1,GA,3,BLK_3C,5,NC,5,2025-07-24 17:41:46,2025-07-24 18:13:37,31.9,,공통
b190_sub_heavy_r1,GA,3,BLK_3C,5,베이36B 론지취부,6,2025-07-24 18:13:37,2025-07-24 18:58:37,45.0,36B,베이36B
b190_sub_heavy_r1,GA,3,BLK_3C,5,베이36B 론지용접,7,2025-07-24 18:58:37,2025-07-24 19:17:37,19.0,36B,베이36B
b190_sub_heavy_r1,GA,3,BLK_3C,5,베이36B 수정,8,2025-07-24 19:17:37,2025-07-24 19:44:37,27.0,36B,베이36B
b190_sub_heavy_r1,GA,4,BLK_4C,6,판계,1,2025-07-24 11:01:00,2025-07-24 11:21:00,20.0,,공통
b190_sub_heavy_r1,GA,4,BLK_4C,6,전면SAW,2,2025-07-24 15:37:05,2025-07-24 16:11:12,34.1,,공통
b190_sub_heavy_r1,GA,4,BLK_4C,6,TurnOver,3,2025-07-24 16:11:12,2025-07-24 16:23:12,12.0,,공통
b190_sub_heavy_r1,GA,4,BLK_4C,6,후면SAW,4,2025-07-24 17:41:46,2025-07-24 18:05:33,23.8,,공통
b190_sub_heavy_r1,GA,4,BLK_4C,6,NC,5,2025-07-24 18:13:37,2025-07-24 18:39:41,26.1,,공통
b190_sub_heavy_r1,GA,4,BLK_4C,6,베이35A 론지취부,6,2025-07-24 18:39:41,2025-07-24 19:19:07,39.4,35A,베이35A
b190_sub_heavy_r1,GA,4,BLK_4C,6,베이35A 론지용접,7,2025-07-24 19:19:07,2025-07-24 19:34:12,15.1,35A,베이35A
b190_sub_heavy_r1,GA,4,BLK_4C,6,베이35A 수정,8,2025-07-24 19:34:12,2025-07-24 19:54:36,20.4,35A,베이35A
b190_sub_heavy_r1,GA,7,BLK_7S,7,판계,1,2025-07-24 11:21:00,2025-07-24 11:41:00,20.0,,공통
b190_sub_heavy_r1,GA,7,BLK_7S,7,전면SAW,2,2025-07-24 16:11:12,2025-07-24 16:49:55,38.7,,공통
b190_sub_heavy_r1,GA,7,BLK_7S,7,TurnOver,3,2025-07-24 16:49:55,2025-07-24 17:01:55,12.0,,공통
b190_sub_heavy_r1,GA,7,BLK_7S,7,후면SAW,4,2025-07-24 18:05:33,2025-07-24 18:35:23,29.8,,공통
b190_sub_heavy_r1,GA,7,BLK_7S,7,NC,5,2025-07-24 18:39:41,2025-07-24 19:12:27,32.8,,공통
b190_sub_heavy_r1,GA,7,BLK_7S,7,베이36B 론지취부,6,2025-07-24 19:12:27,2025-07-24 20:14:57,62.5,36B,베이36B
b190_sub_heavy_r1,GA,7,BLK_7S,7,베이36B 론지용접,7,2025-07-24 20:14:57,2025-07-24 20:36:57,22.0,36B,베이36B
b190_sub_heavy_r1,GA,7,BLK_7S,7,베이36B 수정,8,2025-07-24 20:36:57,2025-07-24 21:14:57,38.0,36B,베이36B
b190_sub_heavy_r1,GA,8,BLK_8S,8,판계,1,2025-07-24 11:41:00,2025-07-24 12:01:00,20.0,,공통
b190_sub_heavy_r1,GA,8,BLK_8S,8,전면SAW,2,2025-07-24 16:49:55,2025-07-24 17:29:06,39.2,,공통
b190_sub_heavy_r1,GA,8,BLK_8S,8,TurnOver,3,2025-07-24 17:29:06,2025-07-24 17:41:06,12.0,,공통
b190_sub_heavy_r1,GA,8,BLK_8S,8,후면SAW,4,2025-07-24 18:35:23,2025-07-24 19:05:49,30.4,,공통
b190_sub_heavy_r1,GA,8,BLK_8S,8,NC,5,2025-07-24 19:12:27,2025-07-24 19:42:44,30.3,,공통
b190_sub_heavy_r1,GA,8,BLK_8S,8,베이35A 론지취부,6,2025-07-24 19:42:44,2025-07-24 20:24:14,41.5,35A,베이35A
b190_sub_heavy_r1,GA,8,BLK_8S,8,베이35A 론지용접,7,2025-07-24 20:24:14,2025-07-24 20:42:38,18.4,35A,베이35A
b190_sub_heavy_r1,GA,8,BLK_8S,8,베이35A 수정,8,2025-07-24 20:42:38,2025-07-24 21:07:26,24.8,35A,베이35A
b190_sub_heavy_r1,GA,11,BLK_11C,9,판계,1,2025-07-24 12:01:00,2025-07-24 12:21:00,20.0,,공통
b190_sub_heavy_r1,GA,11,BLK_11C,9,전면SAW,2,2025-07-24 17:29:06,2025-07-24 19:03:52,94.8,,공통
b190_sub_heavy_r1,GA,11,BLK_11C,9,TurnOver,3,2025-07-24 19:03:52,2025-07-24 19:15:52,12.0,,공통
b190_sub_heavy_r1,GA,11,BLK_11C,9,후면SAW,4,2025-07-24 19:15:52,2025-07-24 20:30:01,74.2,,공통
b190_sub_heavy_r1,GA,11,BLK_11C,9,NC,5,2025-07-24 20:30:01,2025-07-24 20:55:21,25.3,,공통
b190_sub_heavy_r1,GA,11,BLK_11C,9,베이36B 론지취부,6,2025-07-24 20:55:21,2025-07-24 21:40:21,45.0,36B,베이36B
b190_sub_heavy_r1,GA,11,BLK_11C,9,베이36B 론지용접,7,2025-07-24 21:40:21,2025-07-24 21:55:21,15.0,36B,베이36B
b190_sub_heavy_r1,GA,11,BLK_11C,9,베이36B 수정,8,2025-07-24 21:55:21,2025-07-24 22:22:21,27.0,36B,베이36B
b190_sub_heavy_r1,GA,85,BLK_85C,10,판계,1,2025-07-24 12:21:00,2025-07-24 13:06:00,45.0,,공통
b190_sub_heavy_r1,GA,85,BLK_85C,10,전면SAW,2,2025-07-24 19:03:52,2025-07-24 19:44:03,40.2,,공통
b190_sub_heavy_r1,GA,85,BLK_85C,10,TurnOver,3,2025-07-24 19:44:03,2025-07-24 19:56:03,12.0,,공통
b190_sub_heavy_r1,GA,85,BLK_85C,10,후면SAW,4,2025-07-24 20:30:01,2025-07-24 21:01:47,31.8,,공통
b190_sub_heavy_r1,GA,85,BLK_85C,10,NC,5,2025-07-24 21:01:47,2025-07-24 21:55:31,53.7,,공통
b190_sub_heavy_r1,GA,85,BLK_85C,10,베이36B 론지취부,6,2025-07-24 21:55:31,2025-07-24 22:58:01,62.5,36B,베이36B
b190_sub_heavy_r1,GA,85,BLK_85C,10,베이36B 론지용접,7,2025-07-24 22:58:01,2025-07-24 23:20:01,22.0,36B,베이36B
b190_sub_heavy_r1,GA,85,BLK_85C,10,베이36B 수정,8,2025-07-24 23:20:01,2025-07-24 23:58:01,38.0,36B,베이36B
b190_sub_heavy_r1,GA,16,BLK_16S,11,판계,1,2025-07-24 13:06:00,2025-07-24 13:51:00,45.0,,공통
b190_sub_heavy_r1,GA,16,BLK_16S,11,전면SAW,2,2025-07-24 19:44:03,2025-07-24 22:04:27,140.4,,공통
b190_sub_heavy_r1,GA,16,BLK_16S,11,TurnOver,3,2025-07-24 22:04:27,2025-07-24 22:16:27,12.0,,공통
b190_sub_heavy_r1,GA,16,BLK_16S,11,후면SAW,4,2025-07-24 22:16:27,2025-07-24 23:58:52,102.4,,공통
b190_sub_heavy_r1,GA,16,BLK_16S,11,NC,5,2025-07-24 23:58:52,2025-07-25 00:49:28,50.6,,공통
b190_sub_heavy_r1,GA,16,BLK_16S,11,베이35A 론지취부,6,2025-07-25 00:49:28,2025-07-25 02:02:28,73.0,35A,베이35A
b190_sub_heavy_r1,GA,16,BLK_16S,11,베이35A 론지용접,7,2025-07-25 02:02:28,2025-07-25 02:26:16,23.8,35A,베이35A
b190_sub_heavy_r1,GA,16,BLK_16S,11,베이35A 수정,8,2025-07-25 02:26:16,2025-07-25 03:10:52,44.6,35A,베이35A
b190_sub_heavy_r1,GA,66,BLK_66S,12,판계,1,2025-07-24 13:51:00,2025-07-24 14:21:00,30.0,,공통
b190_sub_heavy_r1,GA,66,BLK_66S,12,전면SAW,2,2025-07-24 22:04:27,2025-07-24 22:46:40,42.2,,공통
b190_sub_heavy_r1,GA,66,BLK_66S,12,TurnOver,3,2025-07-24 22:46:40,2025-07-24 22:58:40,12.0,,공통
b190_sub_heavy_r1,GA,66,BLK_66S,12,후면SAW,4,2025-07-24 23:58:52,2025-07-25 00:33:19,34.4,,공통
b190_sub_heavy_r1,GA,66,BLK_66S,12,NC,5,2025-07-25 00:49:28,2025-07-25 01:31:06,41.6,,공통
b190_sub_heavy_r1,GA,66,BLK_66S,12,베이36B 론지취부,6,2025-07-25 01:31:06,2025-07-25 03:05:06,94.0,36B,베이36B
b190_sub_heavy_r1,GA,66,BLK_66S,12,베이36B 론지용접,7,2025-07-25 03:05:06,2025-07-25 03:32:30,27.4,36B,베이36B
b190_sub_heavy_r1,GA,66,BLK_66S,12,베이36B 수정,8,2025-07-25 03:32:30,2025-07-25 04:30:18,57.8,36B,베이36B
b190_sub_heavy_r1,GA,19,BLK_19C,13,판계,1,2025-07-24 14:21:00,2025-07-24 14:56:00,35.0,,공통
b190_sub_heavy_r1,GA,19,BLK_19C,13,전면SAW,2,2025-07-24 22:46:40,2025-07-25 01:22:52,156.2,,공통
b190_sub_heavy_r1,GA,19,BLK_19C,13,TurnOver,3,2025-07-25 01:22:52,2025-07-25 01:34:52,12.0,,공통
b190_sub_heavy_r1,GA,19,BLK_19C,13,후면SAW,4,2025-07-25 01:34:52,2025-07-25 03:29:57,115.1,,공통
b190_sub_heavy_r1,GA,19,BLK_19C,13,NC,5,2025-07-25 03:29:57,2025-07-25 04:10:09,40.2,,공통
b190_sub_heavy_r1,GA,19,BLK_19C,13,베이35A 론지취부,6,2025-07-25 04:10:09,2025-07-25 04:58:39,48.5,35A,베이35A
b190_sub_heavy_r1,GA,19,BLK_19C,13,베이35A 론지용접,7,2025-07-25 04:58:39,2025-07-25 05:18:15,19.6,35A,베이35A
b190_sub_heavy_r1,GA,19,BLK_19C,13,베이35A 수정,8,2025-07-25 05:18:15,2025-07-25 05:47:27,29.2,35A,베이35A
b190_sub_heavy_r1,GA,77,BLK_77C,14,판계,1,2025-07-24 14:56:00,2025-07-24 15:26:00,30.0,,공통
b190_sub_heavy_r1,GA,77,BLK_77C,14,전면SAW,2,2025-07-25 01:22:52,2025-07-25 02:01:48,38.9,,공통
b190_sub_heavy_r1,GA,77,BLK_77C,14,TurnOver,3,2025-07-25 02:01:48,2025-07-25 02:13:48,12.0,,공통
b190_sub_heavy_r1,GA,77,BLK_77C,14,후면SAW,4,2025-07-25 03:29:57,2025-07-25 04:00:03,30.1,,공통
b190_sub_heavy_r1,GA,77,BLK_77C,14,NC,5,2025-07-25 04:10:09,2025-07-25 04:50:01,39.9,,공통
b190_sub_heavy_r1,GA,77,BLK_77C,14,베이36B 론지취부,6,2025-07-25 04:50:01,2025-07-25 05:49:01,59.0,36B,베이36B
b190_sub_heavy_r1,GA,77,BLK_77C,14,베이36B 론지용접,7,2025-07-25 05:49:01,2025-07-25 06:10:25,21.4,36B,베이36B
b190_sub_heavy_r1,GA,77,BLK_77C,14,베이36B 수정,8,2025-07-25 06:10:25,2025-07-25 06:46:13,35.8,36B,베이36B
b190_sub_heavy_r1,GA,87,BLK_87C,15,판계,1,2025-07-24 15:26:00,2025-07-24 15:51:00,25.0,,공통
b190_sub_heavy_r1,GA,87,BLK_87C,15,전면SAW,2,2025-07-25 02:01:48,2025-07-25 02:31:13,29.4,,공통
b190_sub_heavy_r1,GA,87,BLK_87C,15,TurnOver,3,2025-07-25 02:31:13,2025-07-25 02:43:13,12.0,,공통
b190_sub_heavy_r1,GA,87,BLK_87C,15,후면SAW,4,2025-07-25 04:00:03,2025-07-25 04:17:39,17.6,,공통
b190_sub_heavy_r1,GA,87,BLK_87C,15,NC,5,2025-07-25 04:50:01,2025-07-25 05:21:52,31.9,,공통
b190_sub_heavy_r1,GA,87,BLK_87C,15,베이35A 론지취부,6,2025-07-25 05:21:52,2025-07-25 06:10:22,48.5,35A,베이35A
b190_sub_heavy_r1,GA,87,BLK_87C,15,베이35A 론지용접,7,2025-07-25 06:10:22,2025-07-25 06:29:58,19.6,35A,베이35A
b190_sub_heavy_r1,GA,87,BLK_87C,15,베이35A 수정,8,2025-07-25 06:29:58,2025-07-25 06:59:10,29.2,35A,베이35A
b190_sub_heavy_r1,GA,97,BLK_97S,16,판계,1,2025-07-24 15:51:00,2025-07-24 16:21:00,30.0,,공통
b190_sub_heavy_r1,GA,97,BLK_97S,16,전면SAW,2,2025-07-25 02:31:13,2025-07-25 03:02:12,31.0,,공통
b190_sub_heavy_r1,GA,97,BLK_97S,16,TurnOver,3,2025-07-25 03:02:12,2025-07-25 03:14:12,12.0,,공통
b190_sub_heavy_r1,GA,97,BLK_97S,16,후면SAW,4,2025-07-25 04:17:39,2025-07-25 04:37:16,19.6,,공통
b190_sub_heavy_r1,GA,97,BLK_97S,16,NC,5,2025-07-25 05:21:52,2025-07-25 06:02:49,41.0,,공통
b190_sub_heavy_r1,GA,97,BLK_97S,16,베이36B 론지취부,6,2025-07-25 06:02:49,2025-07-25 07:08:49,66.0,36B,베이36B
b190_sub_heavy_r1,GA,97,BLK_97S,16,베이36B 론지용접,7,2025-07-25 07:08:49,2025-07-25 07:31:25,22.6,36B,베이36B
b190_sub_heavy_r1,GA,97,BLK_97S,16,베이36B 수정,8,2025-07-25 07:31:25,2025-07-25 08:11:37,40.2,36B,베이36B
b190_sub_heavy_r1,GA,104,BLK_104S,17,판계,1,2025-07-24 16:21:00,2025-07-24 16:51:00,30.0,,공통
b190_sub_heavy_r1,GA,104,BLK_104S,17,전면SAW,2,2025-07-25 03:02:12,2025-07-25 03:35:01,32.8,,공통
b190_sub_heavy_r1,GA,104,BLK_104S,17,TurnOver,3,2025-07-25 03:35:01,2025-07-25 03:47:01,12.0,,공통
b190_sub_heavy_r1,GA,104,BLK_104S,17,후면SAW,4,2025-07-25 04:37:16,2025-07-25 04:59:19,22.1,,공통
b190_sub_heavy_r1,GA,104,BLK_104S,17,NC,5,2025-07-25 06:02:49,2025-07-25 06:46:28,43.6,,공통
b190_sub_heavy_r1,GA,104,BLK_104S,17,베이35A 론지취부,6,2025-07-25 06:46:28,2025-07-25 08:02:58,76.5,35A,베이35A
b190_sub_heavy_r1,GA,104,BLK_104S,17,베이35A 론지용접,7,2025-07-25 08:02:58,2025-07-25 08:27:22,24.4,35A,베이35A
b190_sub_heavy_r1,GA,104,BLK_104S,17,베이35A 수정,8,2025-07-25 08:27:22,2025-07-25 09:14:10,46.8,35A,베이35A
b190_sub_heavy_r1,GA,107,BLK_107C,18,판계,1,2025-07-24 16:51:00,2025-07-24 17:24:00,33.0,,공통
b190_sub_heavy_r1,GA,107,BLK_107C,18,전면SAW,2,2025-07-25 03:35:01,2025-07-25 05:14:59,100.0,,공통
b190_sub_heavy_r1,GA,107,BLK_107C,18,TurnOver,3,2025-07-25 05:14:59,2025-07-25 05:26:59,12.0,,공통
b190_sub_heavy_r1,GA,107,BLK_107C,18,후면SAW,4,2025-07-25 05:26:59,2025-07-25 07:05:33,98.6,,공통
b190_sub_heavy_r1,GA,107,BLK_107C,18,NC,5,2025-07-25 07:05:33,2025-07-25 07:44:42,39.2,,공통
b190_sub_heavy_r1,GA,107,BLK_107C,18,베이36B 론지취부,6,2025-07-25 07:44:42,2025-07-25 08:33:12,48.5,36B,베이36B
b190_sub_heavy_r1,GA,107,BLK_107C,18,베이36B 론지용접,7,2025-07-25 08:33:12,2025-07-25 08:52:48,19.6,36B,베이36B
b190_sub_heavy_r1,GA,107,BLK_107C,18,베이36B 수정,8,2025-07-25 08:52:48,2025-07-25 09:22:00,29.2,36B,베이36B
b190_sub_heavy_r1,GA,115,BLK_115S,1,판계,1,2025-07-25 08:00:00,2025-07-25 08:25:00,25.0,,공통
b190_sub_heavy_r1,GA,115,BLK_115S,1,전면SAW,2,2025-07-25 08:25:00,2025-07-25 09:17:31,52.5,,공통
b190_sub_heavy_r1,GA,115,BLK_115S,1,TurnOver,3,2025-07-25 09:17:31,2025-07-25 09:29:31,12.0,,공통
b190_sub_heavy_r1,GA,115,BLK_115S,1,후면SAW,4,2025-07-25 09:29:31,2025-07-25 10:17:30,48.0,,공통
b190_sub_heavy_r1,GA,115,BLK_115S,1,NC,5,2025-07-25 10:17:30,2025-07-25 10:52:47,35.3,,공통
b190_sub_heavy_r1,GA,115,BLK_115S,1,베이35A 론지취부,6,2025-07-25 10:52:47,2025-07-25 11:44:47,52.0,35A,베이35A
b190_sub_heavy_r1,GA,115,BLK_115S,1,베이35A 론지용접,7,2025-07-25 11:44:47,2025-07-25 12:04:59,20.2,35A,베이35A
b190_sub_heavy_r1,GA,115,BLK_115S,1,베이35A 수정,8,2025-07-25 12:04:59,2025-07-25 12:36:23,31.4,35A,베이35A
b190_sub_heavy_r1,GA,117,BLK_117P,2,판계,1,2025-07-25 08:25:00,2025-07-25 09:10:00,45.0,,공통
b190_sub_heavy_r1,GA,117,BLK_117P,2,전면SAW,2,2025-07-25 09:17:31,2025-07-25 11:36:34,139.1,,공통
b190_sub_heavy_r1,GA,117,BLK_117P,2,TurnOver,3,2025-07-25 11:36:34,2025-07-25 11:48:34,12.0,,공통
b190_sub_heavy_r1,GA,117,BLK_117P,2,후면SAW,4,2025-07-25 11:48:34,2025-07-25 13:29:55,101.4,,공통
b190_sub_heavy_r1,GA,117,BLK_117P,2,NC,5,2025-07-25 13:29:55,2025-07-25 14:22:12,52.3,,공통
b190_sub_heavy_r1,GA,117,BLK_117P,2,베이36B 론지취부,6,2025-07-25 14:22:12,2025-07-25 15:49:12,87.0,36B,베이36B
b190_sub_heavy_r1,GA,117,BLK_117P,2,베이36B 론지용접,7,2025-07-25 15:49:12,2025-07-25 16:15:24,26.2,36B,베이36B
b190_sub_heavy_r1,GA,117,BLK_117P,2,베이36B 수정,8,2025-07-25 16:15:24,2025-07-25 17:08:48,53.4,36B,베이36B
b190_sub_heavy_r1,GA,125,BLK_125S,3,판계,1,2025-07-25 09:10:00,2025-07-25 09:35:00,25.0,,공통
b190_sub_heavy_r1,GA,125,BLK_125S,3,전면SAW,2,2025-07-25 11:36:34,2025-07-25 12:23:01,46.5,,공통
b190_sub_heavy_r1,GA,125,BLK_125S,3,TurnOver,3,2025-07-25 12:23:01,2025-07-25 12:35:01,12.0,,공통
b190_sub_heavy_r1,GA,125,BLK_125S,3,후면SAW,4,2025-07-25 13:29:55,2025-07-25 14:09:57,40.0,,공통
b190_sub_heavy_r1,GA,125,BLK_125S,3,NC,5,2025-07-25 14:22:12,2025-07-25 14:55:37,33.4,,공통
b190_sub_heavy_r1,GA,125,BLK_125S,3,베이35A 론지취부,6,2025-07-25 14:55:37,2025-07-25 16:15:37,80.0,35A,베이35A
b190_sub_heavy_r1,GA,125,BLK_125S,3,베이35A 론지용접,7,2025-07-25 16:15:37,2025-07-25 16:40:37,25.0,35A,베이35A
b190_sub_heavy_r1,GA,125,BLK_125S,3,베이35A 수정,8,2025-07-25 16:40:37,2025-07-25 17:29:37,49.0,35A,베이35A
b190_sub_heavy_r1,GA,145,BLK_145P,4,판계,1,2025-07-25 09:35:00,2025-07-25 10:10:00,35.0,,공통
b190_sub_heavy_r1,GA,145,BLK_145P,4,전면SAW,2,2025-07-25 12:23:01,2025-07-25 15:15:09,172.1,,공통
b190_sub_heavy_r1,GA,145,BLK_145P,4,TurnOver,3,2025-07-25 15:15:09,2025-07-25 15:27:09,12.0,,공통
b190_sub_heavy_r1,GA,145,BLK_145P,4,후면SAW,4,2025-07-25 15:27:09,2025-07-25 17:34:58,127.8,,공통
b190_sub_heavy_r1,GA,145,BLK_145P,4,NC,5,2025-07-25 17:34:58,2025-07-25 18:15:06,40.1,,공통
b190_sub_heavy_r1,GA,145,BLK_145P,4,베이36B 론지취부,6,2025-07-25 18:15:06,2025-07-25 19:00:06,45.0,36B,베이36B
b190_sub_heavy_r1,GA,145,BLK_145P,4,베이36B 론지용접,7,2025-07-25 19:00:06,2025-07-25 19:19:06,19.0,36B,베이36B
b190_sub_heavy_r1,GA,145,BLK_145P,4,베이36B 수정,8,2025-07-25 19:19:06,2025-07-25 19:46:06,27.0,36B,베이36B
b190_sub_heavy_r1,GA,155,BLK_155S,5,판계,1,2025-07-25 10:10:00,2025-07-25 10:40:00,30.0,,공통
b190_sub_heavy_r1,GA,155,BLK_155S,5,전면SAW,2,2025-07-25 15:15:09,2025-07-25 15:53:41,38.5,,공통
b190_sub_heavy_r1,GA,155,BLK_155S,5,TurnOver,3,2025-07-25 15:53:41,2025-07-25 16:05:41,12.0,,공통
b190_sub_heavy_r1,GA,155,BLK_155S,5,후면SAW,4,2025-07-25 17:34:58,2025-07-25 18:04:34,29.6,,공통
b190_sub_heavy_r1,GA,155,BLK_155S,5,NC,5,2025-07-25 18:15:06,2025-07-25 18:54:55,39.8,,공통
b190_sub_heavy_r1,GA,155,BLK_155S,5,베이35A 론지취부,6,2025-07-25 18:54:55,2025-07-25 20:07:55,73.0,35A,베이35A
b190_sub_heavy_r1,GA,155,BLK_155S,5,베이35A 론지용접,7,2025-07-25 20:07:55,2025-07-25 20:31:43,23.8,35A,베이35A
b190_sub_heavy_r1,GA,155,BLK_155S,5,베이35A 수정,8,2025-07-25 20:31:43,2025-07-25 21:16:19,44.6,35A,베이35A
b190_sub_heavy_r1,GA,164,BLK_164P,6,판계,1,2025-07-25 10:40:00,2025-07-25 11:18:00,38.0,,공통
b190_sub_heavy_r1,GA,164,BLK_164P,6,전면SAW,2,2025-07-25 15:53:41,2025-07-25 17:51:46,118.1,,공통
b190_sub_heavy_r1,GA,164,BLK_164P,6,TurnOver,3,2025-07-25 17:51:46,2025-07-25 18:03:46,12.0,,공통
b190_sub_heavy_r1,GA,164,BLK_164P,6,후면SAW,4,2025-07-25 18:04:34,2025-07-25 20:04:15,119.7,,공통
b190_sub_heavy_r1,GA,164,BLK_164P,6,NC,5,2025-07-25 20:04:15,2025-07-25 20:50:57,46.7,,공통
b190_sub_heavy_r1,GA,164,BLK_164P,6,베이36B 론지취부,6,2025-07-25 20:50:57,2025-07-25 22:07:27,76.5,36B,베이36B
b190_sub_heavy_r1,GA,164,BLK_164P,6,베이36B 론지용접,7,2025-07-25 22:07:27,2025-07-25 22:31:51,24.4,36B,베이36B
b190_sub_heavy_r1,GA,164,BLK_164P,6,베이36B 수정,8,2025-07-25 22:31:51,2025-07-25 23:18:39,46.8,36B,베이36B
b190_sub_heavy_r1,GA,165,BLK_165S,7,판계,1,2025-07-25 11:18:00,2025-07-25 11:43:00,25.0,,공통
b190_sub_heavy_r1,GA,165,BLK_165S,7,전면SAW,2,2025-07-25 17:51:46,2025-07-25 18:21:39,29.9,,공통
b190_sub_heavy_r1,GA,165,BLK_165S,7,TurnOver,3,2025-07-25 18:21:39,2025-07-25 18:33:39,12.0,,공통
b190_sub_heavy_r1,GA,165,BLK_165S,7,후면SAW,4,2025-07-25 20:04:15,2025-07-25 20:22:28,18.2,,공통
b190_sub_heavy_r1,GA,165,BLK_165S,7,NC,5,2025-07-25 20:50:57,2025-07-25 21:26:09,35.2,,공통
b190_sub_heavy_r1,GA,165,BLK_165S,7,베이35A 론지취부,6,2025-07-25 21:26:09,2025-07-25 22:18:09,52.0,35A,베이35A
b190_sub_heavy_r1,GA,165,BLK_165S,7,베이35A 론지용접,7,2025-07-25 22:18:09,2025-07-25 22:38:21,20.2,35A,베이35A
b190_sub_heavy_r1,GA,165,BLK_165S,7,베이35A 수정,8,2025-07-25 22:38:21,2025-07-25 23:09:45,31.4,35A,베이35A
b190_sub_heavy_r1,GA,175,BLK_175S,8,판계,1,2025-07-25 11:43:00,2025-07-25 12:21:00,38.0,,공통
b190_sub_heavy_r1,GA,175,BLK_175S,8,전면SAW,2,2025-07-25 18:21:39,2025-07-25 19:45:51,84.2,,공통
b190_sub_heavy_r1,GA,175,BLK_175S,8,TurnOver,3,2025-07-25 19:45:51,2025-07-25 19:57:51,12.0,,공통
b190_sub_heavy_r1,GA,175,BLK_175S,8,후면SAW,4,2025-07-25 20:22:28,2025-07-25 21:27:00,64.5,,공통
b190_sub_heavy_r1,GA,175,BLK_175S,8,NC,5,2025-07-25 21:27:00,2025-07-25 22:12:45,45.8,,공통
b190_sub_heavy_r1,GA,175,BLK_175S,8,베이36B 론지취부,6,2025-07-25 22:12:45,2025-07-25 23:08:15,55.5,36B,베이36B
b190_sub_heavy_r1,GA,175,BLK_175S,8,베이36B 론지용접,7,2025-07-25 23:08:15,2025-07-25 23:29:03,20.8,36B,베이36B
b190_sub_heavy_r1,GA,175,BLK_175S,8,베이36B 수정,8,2025-07-25 23:29:03,2025-07-26 00:02:39,33.6,36B,베이36B
b190_sub_heavy_r1,GA,100,BLK_100C,9,판계,1,2025-07-25 12:21:00,2025-07-25 12:51:00,30.0,,공통
b190_sub_heavy_r1,GA,100,BLK_100C,9,전면SAW,2,2025-07-25 19:45:51,2025-07-25 20:15:31,29.7,,공통
b190_sub_heavy_r1,GA,100,BLK_100C,9,TurnOver,3,2025-07-25 20:15:31,2025-07-25 20:27:31,12.0,,공통
b190_sub_heavy_r1,GA,100,BLK_100C,9,후면SAW,4,2025-07-25 21:27:00,2025-07-25 21:44:54,17.9,,공통
b190_sub_heavy_r1,GA,100,BLK_100C,9,NC,5,2025-07-25 22:12:45,2025-07-25 22:52:26,39.7,,공통
b190_sub_heavy_r1,GA,100,BLK_100C,9,베이35A 론지취부,6,2025-07-25 22:52:26,2025-07-25 23:51:26,59.0,35A,베이35A
b190_sub_heavy_r1,GA,100,BLK_100C,9,베이35A 론지용접,7,2025-07-25 23:51:26,2025-07-26 00:12:50,21.4,35A,베이35A
b190_sub_heavy_r1,GA,100,BLK_100C,9,베이35A 수정,8,2025-07-26 00:12:50,2025-07-26 00:48:38,35.8,35A,베이35A
b190_sub_heavy_r1,GA,124,BLK_124P,10,판계,1,2025-07-25 12:51:00,2025-07-25 13:36:00,45.0,,공통
b190_sub_heavy_r1,GA,124,BLK_124P,10,전면SAW,2,2025-07-25 20:15:31,2025-07-25 22:43:25,147.9,,공통
b190_sub_heavy_r1,GA,124,BLK_124P,10,TurnOver,3,2025-07-25 22:43:25,2025-07-25 22:55:25,12.0,,공통
b190_sub_heavy_r1,GA,124,BLK_124P,10,후면SAW,4,2025-07-25 22:55:25,2025-07-26 00:55:34,120.1,,공통
b190_sub_heavy_r1,GA,124,BLK_124P,10,NC,5,2025-07-26 00:55:34,2025-07-26 01:49:03,53.5,,공통
b190_sub_heavy_r1,GA,124,BLK_124P,10,베이36B 론지취부,6,2025-07-26 01:49:03,2025-07-26 02:37:33,48.5,36B,베이36B
b190_sub_heavy_r1,GA,124,BLK_124P,10,베이36B 론지용접,7,2025-07-26 02:37:33,2025-07-26 02:57:09,19.6,36B,베이36B
b190_sub_heavy_r1,GA,124,BLK_124P,10,베이36B 수정,8,2025-07-26 02:57:09,2025-07-26 03:26:21,29.2,36B,베이36B
b190_sub_heavy_r1,GA,49,BLK_49C,11,판계,1,2025-07-25 13:36:00,2025-07-25 14:06:00,30.0,,공통
b190_sub_heavy_r1,GA,49,BLK_49C,11,전면SAW,2,2025-07-25 22:43:25,2025-07-25 23:14:56,31.5,,공통
b190_sub_heavy_r1,GA,49,BLK_49C,11,TurnOver,3,2025-07-25 23:14:56,2025-07-25 23:26:56,12.0,,공통
b190_sub_heavy_r1,GA,49,BLK_49C,11,후면SAW,4,2025-07-26 00:55:34,2025-07-26 01:15:54,20.3,,공통
b190_sub_heavy_r1,GA,49,BLK_49C,11,NC,5,2025-07-26 01:49:03,2025-07-26 02:31:00,42.0,,공통
b190_sub_heavy_r1,GA,49,BLK_49C,11,베이35A 론지취부,6,2025-07-26 02:31:00,2025-07-26 04:05:00,94.0,35A,베이35A
b190_sub_heavy_r1,GA,49,BLK_49C,11,베이35A 론지용접,7,2025-07-26 04:05:00,2025-07-26 04:32:24,27.4,35A,베이35A
b190_sub_heavy_r1,GA,49,BLK_49C,11,베이35A 수정,8,2025-07-26 04:32:24,2025-07-26 05:30:12,57.8,35A,베이35A
b190_sub_heavy_r1,GA,28,BLK_28C,12,판계,1,2025-07-25 14:06:00,2025-07-25 14:44:00,38.0,,공통
b190_sub_heavy_r1,GA,28,BLK_28C,12,전면SAW,2,2025-07-25 23:14:56,2025-07-26 01:10:36,115.7,,공통
b190_sub_heavy_r1,GA,28,BLK_28C,12,TurnOver,3,2025-07-26 01:10:36,2025-07-26 01:22:36,12.0,,공통
b190_sub_heavy_r1,GA,28,BLK_28C,12,후면SAW,4,2025-07-26 01:22:36,2025-07-26 03:19:28,116.9,,공통
b190_sub_heavy_r1,GA,28,BLK_28C,12,NC,5,2025-07-26 03:19:28,2025-07-26 04:06:04,46.6,,공통
b190_sub_heavy_r1,GA,28,BLK_28C,12,베이36B 론지취부,6,2025-07-26 04:06:04,2025-07-26 05:15:34,69.5,36B,베이36B
b190_sub_heavy_r1,GA,28,BLK_28C,12,베이36B 론지용접,7,2025-07-26 05:15:34,2025-07-26 05:38:46,23.2,36B,베이36B
b190_sub_heavy_r1,GA,28,BLK_28C,12,베이36B 수정,8,2025-07-26 05:38:46,2025-07-26 06:21:10,42.4,36B,베이36B
b190_sub_heavy_r1,GA,178,BLK_178P,13,판계,1,2025-07-25 14:44:00,2025-07-25 15:04:00,20.0,,공통
b190_sub_heavy_r1,GA,178,BLK_178P,13,전면SAW,2,2025-07-26 01:10:36,2025-07-26 02:02:15,51.6,,공통
b190_sub_heavy_r1,GA,178,BLK_178P,13,TurnOver,3,2025-07-26 02:02:15,2025-07-26 02:14:15,12.0,,공통
b190_sub_heavy_r1,GA,178,BLK_178P,13,후면SAW,4,2025-07-26 03:19:28,2025-07-26 04:06:19,46.8,,공통
b190_sub_heavy_r1,GA,178,BLK_178P,13,NC,5,2025-07-26 04:06:19,2025-07-26 04:33:35,27.3,,공통
b190_sub_heavy_r1,GA,178,BLK_178P,13,베이35A 론지취부,6,2025-07-26 04:33:35,2025-07-26 05:29:05,55.5,35A,베이35A
b190_sub_heavy_r1,GA,178,BLK_178P,13,베이35A 론지용접,7,2025-07-26 05:29:05,2025-07-26 05:49:53,20.8,35A,베이35A
b190_sub_heavy_r1,GA,178,BLK_178P,13,베이35A 수정,8,2025-07-26 05:49:53,2025-07-26 06:23:29,33.6,35A,베이35A
b190_sub_heavy_r1,GA,44,BLK_44P,14,판계,1,2025-07-25 15:04:00,2025-07-25 15:34:00,30.0,,공통
b190_sub_heavy_r1,GA,44,BLK_44P,14,전면SAW,2,2025-07-26 02:02:15,2025-07-26 02:48:11,45.9,,공통
b190_sub_heavy_r1,GA,44,BLK_44P,14,TurnOver,3,2025-07-26 02:48:11,2025-07-26 03:00:11,12.0,,공통
b190_sub_heavy_r1,GA,44,BLK_44P,14,후면SAW,4,2025-07-26 04:06:19,2025-07-26 04:45:38,39.3,,공통
b190_sub_heavy_r1,GA,44,BLK_44P,14,NC,5,2025-07-26 04:45:38,2025-07-26 05:30:28,44.8,,공통
b190_sub_heavy_r1,GA,44,BLK_44P,14,베이36B 론지취부,6,2025-07-26 05:30:28,2025-07-26 07:04:28,94.0,36B,베이36B
b190_sub_heavy_r1,GA,44,BLK_44P,14,베이36B 론지용접,7,2025-07-26 07:04:28,2025-07-26 07:31:52,27.4,36B,베이36B
b190_sub_heavy_r1,GA,44,BLK_44P,14,베이36B 수정,8,2025-07-26 07:31:52,2025-07-26 08:29:40,57.8,36B,베이36B
b190_sub_heavy_r1,GA,20,BLK_20S,15,판계,1,2025-07-25 15:34:00,2025-07-25 15:59:00,25.0,,공통
b190_sub_heavy_r1,GA,20,BLK_20S,15,전면SAW,2,2025-07-26 02:48:11,2025-07-26 03:24:09,36.0,,공통
b190_sub_heavy_r1,GA,20,BLK_20S,15,TurnOver,3,2025-07-26 03:24:09,2025-07-26 03:36:09,12.0,,공통
b190_sub_heavy_r1,GA,20,BLK_20S,15,후면SAW,4,2025-07-26 04:45:38,2025-07-26 05:11:50,26.2,,공통
b190_sub_heavy_r1,GA,20,BLK_20S,15,NC,5,2025-07-26 05:30:28,2025-07-26 06:08:11,37.7,,공통
b190_sub_heavy_r1,GA,20,BLK_20S,15,베이35A 론지취부,6,2025-07-26 06:08:11,2025-07-26 07:28:11,80.0,35A,베이35A
b190_sub_heavy_r1,GA,20,BLK_20S,15,베이35A 론지용접,7,2025-07-26 07:28:11,2025-07-26 07:53:11,25.0,35A,베이35A
b190_sub_heavy_r1,GA,20,BLK_20S,15,베이35A 수정,8,2025-07-26 07:53:11,2025-07-26 08:42:11,49.0,35A,베이35A
b190_sub_heavy_r1,GA,23,BLK_23P,16,판계,1,2025-07-25 15:59:00,2025-07-25 16:37:00,38.0,,공통
b190_sub_heavy_r1,GA,23,BLK_23P,16,전면SAW,2,2025-07-26 03:24:09,2025-07-26 04:54:25,90.3,,공통
b190_sub_heavy_r1,GA,23,BLK_23P,16,TurnOver,3,2025-07-26 04:54:25,2025-07-26 05:06:25,12.0,,공통
b190_sub_heavy_r1,GA,23,BLK_23P,16,후면SAW,4,2025-07-26 05:11:50,2025-07-26 06:21:54,70.1,,공통
b190_sub_heavy_r1,GA,23,BLK_23P,16,NC,5,2025-07-26 06:21:54,2025-07-26 07:07:19,45.4,,공통
b190_sub_heavy_r1,GA,23,BLK_23P,16,베이36B 론지취부,6,2025-07-26 07:07:19,2025-07-26 07:41:49,34.5,36B,베이36B
b190_sub_heavy_r1,GA,23,BLK_23P,16,베이36B 론지용접,7,2025-07-26 07:41:49,2025-07-26 07:59:01,17.2,36B,베이36B
b190_sub_heavy_r1,GA,23,BLK_23P,16,베이36B 수정,8,2025-07-26 08:29:40,2025-07-26 08:50:04,20.4,36B,베이36B
b190_sub_heavy_r1,GA,27,BLK_27S,17,판계,1,2025-07-25 16:37:00,2025-07-25 16:57:00,20.0,,공통
b190_sub_heavy_r1,GA,27,BLK_27S,17,전면SAW,2,2025-07-26 04:54:25,2025-07-26 05:24:53,30.5,,공통
b190_sub_heavy_r1,GA,27,BLK_27S,17,TurnOver,3,2025-07-26 05:24:53,2025-07-26 05:36:53,12.0,,공통
b190_sub_heavy_r1,GA,27,BLK_27S,17,후면SAW,4,2025-07-26 06:21:54,2025-07-26 06:40:52,19.0,,공통
b190_sub_heavy_r1,GA,27,BLK_27S,17,NC,5,2025-07-26 07:07:19,2025-07-26 07:32:41,25.4,,공통
b190_sub_heavy_r1,GA,27,BLK_27S,17,베이35A 론지취부,6,2025-07-26 07:32:41,2025-07-26 08:14:11,41.5,35A,베이35A
b190_sub_heavy_r1,GA,27,BLK_27S,17,베이35A 론지용접,7,2025-07-26 08:14:11,2025-07-26 08:28:35,14.4,35A,베이35A
b190_sub_heavy_r1,GA,27,BLK_27S,17,베이35A 수정,8,2025-07-26 08:42:11,2025-07-26 09:06:59,24.8,35A,베이35A
b190_sub_heavy_r1,GA,92,BLK_92P,1,판계,1,2025-07-26 08:00:00,2025-07-26 08:38:00,38.0,,공통
b190_sub_heavy_r1,GA,92,BLK_92P,1,전면SAW,2,2025-07-26 08:38:00,2025-07-26 10:42:17,124.3,,공통
b190_sub_heavy_r1,GA,92,BLK_92P,1,TurnOver,3,2025-07-26 10:42:17,2025-07-26 10:54:17,12.0,,공통
b190_sub_heavy_r1,GA,92,BLK_92P,1,후면SAW,4,2025-07-26 10:54:17,2025-07-26 12:35:22,101.1,,공통
b190_sub_heavy_r1,GA,92,BLK_92P,1,NC,5,2025-07-26 12:35:22,2025-07-26 13:22:43,47.4,,공통
b190_sub_heavy_r1,GA,92,BLK_92P,1,베이36B 론지취부,6,2025-07-26 13:22:43,2025-07-26 14:18:13,55.5,36B,베이36B
b190_sub_heavy_r1,GA,92,BLK_92P,1,베이36B 론지용접,7,2025-07-26 14:18:13,2025-07-26 14:39:01,20.8,36B,베이36B
b190_sub_heavy_r1,GA,92,BLK_92P,1,베이36B 수정,8,2025-07-26 14:39:01,2025-07-26 15:12:37,33.6,36B,베이36B
b190_sub_heavy_r1,GA,82,BLK_82C,2,판계,1,2025-07-26 08:38:00,2025-07-26 09:23:00,45.0,,공통
b190_sub_heavy_r1,GA,82,BLK_82C,2,전면SAW,2,2025-07-26 10:42:17,2025-07-26 11:23:10,40.9,,공통
b190_sub_heavy_r1,GA,82,BLK_82C,2,TurnOver,3,2025-07-26 11:23:10,2025-07-26 11:35:10,12.0,,공통
b190_sub_heavy_r1,GA,82,BLK_82C,2,후면SAW,4,2025-07-26 12:35:22,2025-07-26 13:08:02,32.7,,공통
b190_sub_heavy_r1,GA,82,BLK_82C,2,NC,5,2025-07-26 13:22:43,2025-07-26 14:17:23,54.7,,공통
b190_sub_heavy_r1,GA,82,BLK_82C,2,베이35A 론지취부,6,2025-07-26 14:17:23,2025-07-26 15:54:53,97.5,35A,베이35A
b190_sub_heavy_r1,GA,82,BLK_82C,2,베이35A 론지용접,7,2025-07-26 15:54:53,2025-07-26 16:22:53,28.0,35A,베이35A
b190_sub_heavy_r1,GA,82,BLK_82C,2,베이35A 수정,8,2025-07-26 16:22:53,2025-07-26 17:22:53,60.0,35A,베이35A
b190_sub_heavy_r1,GA,90,BLK_90P,3,판계,1,2025-07-26 09:23:00,2025-07-26 09:56:00,33.0,,공통
b190_sub_heavy_r1,GA,90,BLK_90P,3,전면SAW,2,2025-07-26 11:23:10,2025-07-26 12:54:40,91.5,,공통
b190_sub_heavy_r1,GA,90,BLK_90P,3,TurnOver,3,2025-07-26 12:54:40,2025-07-26 13:06:40,12.0,,공통
b190_sub_heavy_r1,GA,90,BLK_90P,3,후면SAW,4,2025-07-26 13:08:02,2025-07-26 14:19:13,71.2,,공통
b190_sub_heavy_r1,GA,90,BLK_90P,3,NC,5,2025-07-26 14:19:13,2025-07-26 15:00:06,40.9,,공통
b190_sub_heavy_r1,GA,90,BLK_90P,3,베이36B 론지취부,6,2025-07-26 15:00:06,2025-07-26 16:23:36,83.5,36B,베이36B
b190_sub_heavy_r1,GA,90,BLK_90P,3,베이36B 론지용접,7,2025-07-26 16:23:36,2025-07-26 16:49:12,25.6,36B,베이36B
b190_sub_heavy_r1,GA,90,BLK_90P,3,베이36B 수정,8,2025-07-26 16:49:12,2025-07-26 17:40:24,51.2,36B,베이36B
b190_sub_heavy_r1,GA,80,BLK_80C,4,판계,1,2025-07-26 09:56:00,2025-07-26 10:26:00,30.0,,공통
b190_sub_heavy_r1,GA,80,BLK_80C,4,전면SAW,2,2025-07-26 12:54:40,2025-07-26 13:27:19,32.6,,공통
b190_sub_heavy_r1,GA,80,BLK_80C,4,TurnOver,3,2025-07-26 13:27:19,2025-07-26 13:39:19,12.0,,공통
b190_sub_heavy_r1,GA,80,BLK_80C,4,후면SAW,4,2025-07-26 14:19:13,2025-07-26 14:41:03,21.8,,공통
b190_sub_heavy_r1,GA,80,BLK_80C,4,NC,5,2025-07-26 15:00:06,2025-07-26 15:41:34,41.5,,공통
b190_sub_heavy_r1,GA,80,BLK_80C,4,베이35A 론지취부,6,2025-07-26 15:54:53,2025-07-26 16:57:23,62.5,35A,베이35A
b190_sub_heavy_r1,GA,80,BLK_80C,4,베이35A 론지용접,7,2025-07-26 16:57:23,2025-07-26 17:19:23,22.0,35A,베이35A
b190_sub_heavy_r1,GA,80,BLK_80C,4,베이35A 수정,8,2025-07-26 17:22:53,2025-07-26 18:00:53,38.0,35A,베이35A
b190_sub_heavy_r1,GA,171,BLK_171C,5,판계,1,2025-07-26 10:26:00,2025-07-26 10:56:00,30.0,,공통
b190_sub_heavy_r1,GA,171,BLK_171C,5,전면SAW,2,2025-07-26 13:27:19,2025-07-26 14:01:36,34.3,,공통
b190_sub_heavy_r1,GA,171,BLK_171C,5,TurnOver,3,2025-07-26 14:01:36,2025-07-26 14:13:36,12.0,,공통
b190_sub_heavy_r1,GA,171,BLK_171C,5,후면SAW,4,2025-07-26 14:41:03,2025-07-26 15:05:03,24.0,,공통
b190_sub_heavy_r1,GA,171,BLK_171C,5,NC,5,2025-07-26 15:41:34,2025-07-26 16:24:09,42.6,,공통
b190_sub_heavy_r1,GA,171,BLK_171C,5,베이36B 론지취부,6,2025-07-26 16:24:09,2025-07-26 17:30:09,66.0,36B,베이36B
b190_sub_heavy_r1,GA,171,BLK_171C,5,베이36B 론지용접,7,2025-07-26 17:30:09,2025-07-26 17:52:45,22.6,36B,베이36B
b190_sub_heavy_r1,GA,171,BLK_171C,5,베이36B 수정,8,2025-07-26 17:52:45,2025-07-26 18:32:57,40.2,36B,베이36B
b190_sub_heavy_r1,GA,110,BLK_110C,6,판계,1,2025-07-26 10:56:00,2025-07-26 11:26:00,30.0,,공통
b190_sub_heavy_r1,GA,110,BLK_110C,6,전면SAW,2,2025-07-26 14:01:36,2025-07-26 14:38:13,36.6,,공통
b190_sub_heavy_r1,GA,110,BLK_110C,6,TurnOver,3,2025-07-26 14:38:13,2025-07-26 14:50:13,12.0,,공통
b190_sub_heavy_r1,GA,110,BLK_110C,6,후면SAW,4,2025-07-26 15:05:03,2025-07-26 15:32:06,27.1,,공통
b190_sub_heavy_r1,GA,110,BLK_110C,6,NC,5,2025-07-26 16:24:09,2025-07-26 17:10:10,46.0,,공통
b190_sub_heavy_r1,GA,110,BLK_110C,6,베이36B 론지취부,6,2025-07-26 17:30:09,2025-07-26 19:25:09,115.0,36B,베이36B
b190_sub_heavy_r1,GA,110,BLK_110C,6,베이36B 론지용접,7,2025-07-26 19:25:09,2025-07-26 19:56:09,31.0,36B,베이36B
b190_sub_heavy_r1,GA,110,BLK_110C,6,베이36B 수정,8,2025-07-26 19:56:09,2025-07-26 21:07:09,71.0,36B,베이36B
b190_sub_heavy_r1,GA,21,BLK_21C,7,판계,1,2025-07-26 11:26:00,2025-07-26 12:04:00,38.0,,공통
b190_sub_heavy_r1,GA,21,BLK_21C,7,전면SAW,2,2025-07-26 14:38:13,2025-07-26 16:11:20,93.1,,공통
b190_sub_heavy_r1,GA,21,BLK_21C,7,TurnOver,3,2025-07-26 16:11:20,2025-07-26 16:23:20,12.0,,공통
b190_sub_heavy_r1,GA,21,BLK_21C,7,후면SAW,4,2025-07-26 16:23:20,2025-07-26 17:35:59,72.7,,공통
b190_sub_heavy_r1,GA,21,BLK_21C,7,NC,5,2025-07-26 17:35:59,2025-07-26 18:21:03,45.1,,공통
b190_sub_heavy_r1,GA,21,BLK_21C,7,베이35A 론지취부,6,2025-07-26 18:21:03,2025-07-26 19:13:03,52.0,35A,베이35A
b190_sub_heavy_r1,GA,21,BLK_21C,7,베이35A 론지용접,7,2025-07-26 19:13:03,2025-07-26 19:33:15,20.2,35A,베이35A
b190_sub_heavy_r1,GA,21,BLK_21C,7,베이35A 수정,8,2025-07-26 19:33:15,2025-07-26 20:04:39,31.4,35A,베이35A
b190_sub_heavy_r1,GA,122,BLK_122P,8,판계,1,2025-07-26 12:04:00,2025-07-26 12:34:00,30.0,,공통
b190_sub_heavy_r1,GA,122,BLK_122P,8,전면SAW,2,2025-07-26 16:11:20,2025-07-26 16:46:54,35.6,,공통
b190_sub_heavy_r1,GA,122,BLK_122P,8,TurnOver,3,2025-07-26 16:46:54,2025-07-26 16:58:54,12.0,,공통
b190_sub_heavy_r1,GA,122,BLK_122P,8,후면SAW,4,2025-07-26 17:35:59,2025-07-26 18:01:40,25.7,,공통
b190_sub_heavy_r1,GA,122,BLK_122P,8,NC,5,2025-07-26 18:21:03,2025-07-26 19:03:38,42.6,,공통
b190_sub_heavy_r1,GA,122,BLK_122P,8,베이36B 론지취부,6,2025-07-26 19:25:09,2025-07-26 20:24:09,59.0,36B,베이36B
b190_sub_heavy_r1,GA,122,BLK_122P,8,베이36B 론지용접,7,2025-07-26 20:24:09,2025-07-26 20:45:33,21.4,36B,베이36B
b190_sub_heavy_r1,GA,122,BLK_122P,8,베이36B 수정,8,2025-07-26 21:07:09,2025-07-26 21:42:57,35.8,36B,베이36B
b190_sub_heavy_r1,GA,127,BLK_127P,9,판계,1,2025-07-26 12:34:00,2025-07-26 13:12:00,38.0,,공통
b190_sub_heavy_r1,GA,127,BLK_127P,9,전면SAW,2,2025-07-26 16:46:54,2025-07-26 18:32:29,105.6,,공통
b190_sub_heavy_r1,GA,127,BLK_127P,9,TurnOver,3,2025-07-26 18:32:29,2025-07-26 18:44:29,12.0,,공통
b190_sub_heavy_r1,GA,127,BLK_127P,9,후면SAW,4,2025-07-26 18:44:29,2025-07-26 20:08:31,84.0,,공통
b190_sub_heavy_r1,GA,127,BLK_127P,9,NC,5,2025-07-26 20:08:31,2025-07-26 20:56:11,47.7,,공통
b190_sub_heavy_r1,GA,127,BLK_127P,9,베이35A 론지취부,6,2025-07-26 20:56:11,2025-07-26 22:02:11,66.0,35A,베이35A
b190_sub_heavy_r1,GA,127,BLK_127P,9,베이35A 론지용접,7,2025-07-26 22:02:11,2025-07-26 22:24:47,22.6,35A,베이35A
b190_sub_heavy_r1,GA,127,BLK_127P,9,베이35A 수정,8,2025-07-26 22:24:47,2025-07-26 23:04:59,40.2,35A,베이35A
b190_sub_heavy_r1,GA,132,BLK_132P,1,판계,1,2025-07-27 08:00:00,2025-07-27 08:30:00,30.0,,공통
b190_sub_heavy_r1,GA,132,BLK_132P,1,전면SAW,2,2025-07-27 08:30:00,2025-07-27 08:57:46,27.8,,공통
b190_sub_heavy_r1,GA,132,BLK_132P,1,TurnOver,3,2025-07-27 08:57:46,2025-07-27 09:09:46,12.0,,공통
b190_sub_heavy_r1,GA,132,BLK_132P,1,후면SAW,4,2025-07-27 09:09:46,2025-07-27 09:25:12,15.4,,공통
b190_sub_heavy_r1,GA,132,BLK_132P,1,NC,5,2025-07-27 09:25:12,2025-07-27 10:11:03,45.9,,공통
b190_sub_heavy_r1,GA,132,BLK_132P,1,베이36B 론지취부,6,2025-07-27 10:11:03,2025-07-27 10:56:03,45.0,36B,베이36B
b190_sub_heavy_r1,GA,132,BLK_132P,1,베이36B 론지용접,7,2025-07-27 10:56:03,2025-07-27 11:15:03,19.0,36B,베이36B
b190_sub_heavy_r1,GA,132,BLK_132P,1,베이36B 수정,8,2025-07-27 11:15:03,2025-07-27 11:42:03,27.0,36B,베이36B
b190_sub_heavy_r1,GA,133,BLK_133S,2,판계,1,2025-07-27 08:30:00,2025-07-27 09:00:00,30.0,,공통
b190_sub_heavy_r1,GA,133,BLK_133S,2,전면SAW,2,2025-07-27 09:00:00,2025-07-27 09:32:26,32.4,,공통
b190_sub_heavy_r1,GA,133,BLK_133S,2,TurnOver,3,2025-07-27 09:32:26,2025-07-27 09:44:26,12.0,,공통
b190_sub_heavy_r1,GA,133,BLK_133S,2,후면SAW,4,2025-07-27 09:44:26,2025-07-27 10:06:00,21.6,,공통
b190_sub_heavy_r1,GA,133,BLK_133S,2,NC,5,2025-07-27 10:11:03,2025-07-27 10:54:00,43.0,,공통
b190_sub_heavy_r1,GA,133,BLK_133S,2,베이35A 론지취부,6,2025-07-27 10:54:00,2025-07-27 11:56:30,62.5,35A,베이35A
b190_sub_heavy_r1,GA,133,BLK_133S,2,베이35A 론지용접,7,2025-07-27 11:56:30,2025-07-27 12:18:30,22.0,35A,베이35A
b190_sub_heavy_r1,GA,133,BLK_133S,2,베이35A 수정,8,2025-07-27 12:18:30,2025-07-27 12:56:30,38.0,35A,베이35A
b190_sub_heavy_r1,GA,140,BLK_140S,3,판계,1,2025-07-27 09:00:00,2025-07-27 09:35:00,35.0,,공통
b190_sub_heavy_r1,GA,140,BLK_140S,3,전면SAW,2,2025-07-27 09:35:00,2025-07-27 11:33:25,118.4,,공통
b190_sub_heavy_r1,GA,140,BLK_140S,3,TurnOver,3,2025-07-27 11:33:25,2025-07-27 11:45:25,12.0,,공통
b190_sub_heavy_r1,GA,140,BLK_140S,3,후면SAW,4,2025-07-27 11:45:25,2025-07-27 13:10:16,84.8,,공통
b190_sub_heavy_r1,GA,140,BLK_140S,3,NC,5,2025-07-27 13:10:16,2025-07-27 13:45:53,35.6,,공통
b190_sub_heavy_r1,GA,140,BLK_140S,3,베이36B 론지취부,6,2025-07-27 13:45:53,2025-07-27 14:06:23,20.5,36B,베이36B
b190_sub_heavy_r1,GA,140,BLK_140S,3,베이36B 론지용접,7,2025-07-27 14:06:23,2025-07-27 14:17:11,10.8,36B,베이36B
b190_sub_heavy_r1,GA,140,BLK_140S,3,베이36B 수정,8,2025-07-27 14:17:11,2025-07-27 14:28:47,11.6,36B,베이36B
b190_sub_heavy_r1,GA,143,BLK_143C,4,판계,1,2025-07-27 09:35:00,2025-07-27 09:55:00,20.0,,공통
b190_sub_heavy_r1,GA,143,BLK_143C,4,전면SAW,2,2025-07-27 11:33:25,2025-07-27 12:05:59,32.6,,공통
b190_sub_heavy_r1,GA,143,BLK_143C,4,TurnOver,3,2025-07-27 12:05:59,2025-07-27 12:17:59,12.0,,공통
b190_sub_heavy_r1,GA,143,BLK_143C,4,후면SAW,4,2025-07-27 13:10:16,2025-07-27 13:32:00,21.7,,공통
b190_sub_heavy_r1,GA,143,BLK_143C,4,NC,5,2025-07-27 13:45:53,2025-07-27 14:12:46,26.9,,공통
b190_sub_heavy_r1,GA,143,BLK_143C,4,베이35A 론지취부,6,2025-07-27 14:12:46,2025-07-27 14:57:46,45.0,35A,베이35A
b190_sub_heavy_r1,GA,143,BLK_143C,4,베이35A 론지용접,7,2025-07-27 14:57:46,2025-07-27 15:16:46,19.0,35A,베이35A
b190_sub_heavy_r1,GA,143,BLK_143C,4,베이35A 수정,8,2025-07-27 15:16:46,2025-07-27 15:43:46,27.0,35A,베이35A
b190_sub_heavy_r1,GA,147,BLK_147S,5,판계,1,2025-07-27 09:55:00,2025-07-27 10:25:00,30.0,,공통
b190_sub_heavy_r1,GA,147,BLK_147S,5,전면SAW,2,2025-07-27 12:05:59,2025-07-27 12:38:54,32.9,,공통
b190_sub_heavy_r1,GA,147,BLK_147S,5,TurnOver,3,2025-07-27 12:38:54,2025-07-27 12:50:54,12.0,,공통
b190_sub_heavy_r1,GA,147,BLK_147S,5,후면SAW,4,2025-07-27 13:32:00,2025-07-27 13:54:11,22.2,,공통
b190_sub_heavy_r1,GA,147,BLK_147S,5,NC,5,2025-07-27 14:12:46,2025-07-27 15:01:36,48.8,,공통
b190_sub_heavy_r1,GA,147,BLK_147S,5,베이36B 론지취부,6,2025-07-27 15:01:36,2025-07-27 16:18:06,76.5,36B,베이36B
b190_sub_heavy_r1,GA,147,BLK_147S,5,베이36B 론지용접,7,2025-07-27 16:18:06,2025-07-27 16:42:30,24.4,36B,베이36B
b190_sub_heavy_r1,GA,147,BLK_147S,5,베이36B 수정,8,2025-07-27 16:42:30,2025-07-27 17:29:18,46.8,36B,베이36B
b190_sub_heavy_r1,GA,41,BLK_41S,6,판계,1,2025-07-27 10:25:00,2025-07-27 10:58:00,33.0,,공통
b190_sub_heavy_r1,GA,41,BLK_41S,6,전면SAW,2,2025-07-27 12:38:54,2025-07-27 14:48:43,129.8,,공통
b190_sub_heavy_r1,GA,41,BLK_41S,6,TurnOver,3,2025-07-27 14:48:43,2025-07-27 15:00:43,12.0,,공통
b190_sub_heavy_r1,GA,41,BLK_41S,6,후면SAW,4,2025-07-27 15:00:43,2025-07-27 16:46:50,106.1,,공통
b190_sub_heavy_r1,GA,41,BLK_41S,6,NC,5,2025-07-27 16:46:50,2025-07-27 17:29:50,43.0,,공통
b190_sub_heavy_r1,GA,41,BLK_41S,6,베이35A 론지취부,6,2025-07-27 17:29:50,2025-07-27 19:00:20,90.5,35A,베이35A
b190_sub_heavy_r1,GA,41,BLK_41S,6,베이35A 론지용접,7,2025-07-27 19:00:20,2025-07-27 19:27:08,26.8,35A,베이35A
b190_sub_heavy_r1,GA,41,BLK_41S,6,베이35A 수정,8,2025-07-27 19:27:08,2025-07-27 20:22:44,55.6,35A,베이35A
b190_sub_heavy_r1,GA,153,BLK_153C,7,판계,1,2025-07-27 10:58:00,2025-07-27 11:18:00,20.0,,공통
b190_sub_heavy_r1,GA,153,BLK_153C,7,전면SAW,2,2025-07-27 14:48:43,2025-07-27 15:41:15,52.5,,공통
b190_sub_heavy_r1,GA,153,BLK_153C,7,TurnOver,3,2025-07-27 15:41:15,2025-07-27 15:53:15,12.0,,공통
b190_sub_heavy_r1,GA,153,BLK_153C,7,후면SAW,4,2025-07-27 16:46:50,2025-07-27 17:34:50,48.0,,공통
b190_sub_heavy_r1,GA,153,BLK_153C,7,NC,5,2025-07-27 17:34:50,2025-07-27 18:03:26,28.6,,공통
b190_sub_heavy_r1,GA,153,BLK_153C,7,베이36B 론지취부,6,2025-07-27 18:03:26,2025-07-27 18:44:56,41.5,36B,베이36B
b190_sub_heavy_r1,GA,153,BLK_153C,7,베이36B 론지용접,7,2025-07-27 18:44:56,2025-07-27 19:03:20,18.4,36B,베이36B
b190_sub_heavy_r1,GA,153,BLK_153C,7,베이36B 수정,8,2025-07-27 19:03:20,2025-07-27 19:28:08,24.8,36B,베이36B
b190_sub_heavy_r1,GA,106,BLK_106C,8,판계,1,2025-07-27 11:18:00,2025-07-27 11:48:00,30.0,,공통
b190_sub_heavy_r1,GA,106,BLK_106C,8,전면SAW,2,2025-07-27 15:41:15,2025-07-27 16:10:25,29.2,,공통
b190_sub_heavy_r1,GA,106,BLK_106C,8,TurnOver,3,2025-07-27 16:10:25,2025-07-27 16:22:25,12.0,,공통
b190_sub_heavy_r1,GA,106,BLK_106C,8,후면SAW,4,2025-07-27 17:34:50,2025-07-27 17:52:06,17.3,,공통
b190_sub_heavy_r1,GA,106,BLK_106C,8,NC,5,2025-07-27 18:03:26,2025-07-27 18:49:57,46.5,,공통
b190_sub_heavy_r1,GA,106,BLK_106C,8,베이35A 론지취부,6,2025-07-27 19:00:20,2025-07-27 20:02:50,62.5,35A,베이35A
b190_sub_heavy_r1,GA,106,BLK_106C,8,베이35A 론지용접,7,2025-07-27 20:02:50,2025-07-27 20:24:50,22.0,35A,베이35A
b190_sub_heavy_r1,GA,106,BLK_106C,8,베이35A 수정,8,2025-07-27 20:24:50,2025-07-27 21:02:50,38.0,35A,베이35A
b190_sub_heavy_r1,GA,55,BLK_55S,9,판계,1,2025-07-27 11:48:00,2025-07-27 12:33:00,45.0,,공통
b190_sub_heavy_r1,GA,55,BLK_55S,9,전면SAW,2,2025-07-27 16:10:25,2025-07-27 16:47:54,37.5,,공통
b190_sub_heavy_r1,GA,55,BLK_55S,9,TurnOver,3,2025-07-27 16:47:54,2025-07-27 16:59:54,12.0,,공통
b190_sub_heavy_r1,GA,55,BLK_55S,9,후면SAW,4,2025-07-27 17:52:06,2025-07-27 18:20:18,28.2,,공통
b190_sub_heavy_r1,GA,55,BLK_55S,9,NC,5,2025-07-27 18:49:57,2025-07-27 19:43:20,53.4,,공통
b190_sub_heavy_r1,GA,55,BLK_55S,9,베이36B 론지취부,6,2025-07-27 19:43:20,2025-07-27 20:52:50,69.5,36B,베이36B
b190_sub_heavy_r1,GA,55,BLK_55S,9,베이36B 론지용접,7,2025-07-27 20:52:50,2025-07-27 21:16:02,23.2,36B,베이36B
b190_sub_heavy_r1,GA,55,BLK_55S,9,베이36B 수정,8,2025-07-27 21:16:02,2025-07-27 21:58:26,42.4,36B,베이36B
b190_sub_heavy_r1,GA,12,BLK_12S,10,판계,1,2025-07-27 12:33:00,2025-07-27 12:53:00,20.0,,공통
b190_sub_heavy_r1,GA,12,BLK_12S,10,전면SAW,2,2025-07-27 16:47:54,2025-07-27 17:18:12,30.3,,공통
b190_sub_heavy_r1,GA,12,BLK_12S,10,TurnOver,3,2025-07-27 17:18:12,2025-07-27 17:30:12,12.0,,공통
b190_sub_heavy_r1,GA,12,BLK_12S,10,후면SAW,4,2025-07-27 18:20:18,2025-07-27 18:39:03,18.8,,공통
b190_sub_heavy_r1,GA,12,BLK_12S,10,NC,5,2025-07-27 19:43:20,2025-07-27 20:10:57,27.6,,공통
b190_sub_heavy_r1,GA,12,BLK_12S,10,베이35A 론지취부,6,2025-07-27 20:10:57,2025-07-27 20:52:27,41.5,35A,베이35A
b190_sub_heavy_r1,GA,12,BLK_12S,10,베이35A 론지용접,7,2025-07-27 20:52:27,2025-07-27 21:10:51,18.4,35A,베이35A
b190_sub_heavy_r1,GA,12,BLK_12S,10,베이35A 수정,8,2025-07-27 21:10:51,2025-07-27 21:35:39,24.8,35A,베이35A
b190_sub_heavy_r1,GA,24,BLK_24S,1,판계,1,2025-07-28 08:00:00,2025-07-28 08:30:00,30.0,,공통
b190_sub_heavy_r1,GA,24,BLK_24S,1,전면SAW,2,2025-07-28 08:30:00,2025-07-28 11:40:00,190.0,,공통
b190_sub_heavy_r1,GA,24,BLK_24S,1,TurnOver,3,2025-07-28 11:40:00,2025-07-28 11:52:00,12.0,,공통
b190_sub_heavy_r1,GA,24,BLK_24S,1,후면SAW,4,2025-07-28 11:52:00,2025-07-28 14:37:00,165.0,,공통
b190_sub_heavy_r1,GA,24,BLK_24S,1,NC,5,2025-07-28 14:37:00,2025-07-28 15:41:52,64.9,,공통
b190_sub_heavy_r1,GA,24,BLK_24S,1,베이36B 론지취부,6,2025-07-28 15:41:52,2025-07-28 17:08:52,87.0,36B,베이36B
b190_sub_heavy_r1,GA,24,BLK_24S,1,베이36B 론지용접,7,2025-07-28 17:08:52,2025-07-28 17:35:04,26.2,36B,베이36B
b190_sub_heavy_r1,GA,24,BLK_24S,1,베이36B 수정,8,2025-07-28 17:35:04,2025-07-28 18:28:28,53.4,36B,베이36B
b190_sub_heavy_r1,GA,45,BLK_45C,2,판계,1,2025-07-28 08:30:00,2025-07-28 09:00:00,30.0,,공통
b190_sub_heavy_r1,GA,45,BLK_45C,2,전면SAW,2,2025-07-28 11:40:00,2025-07-28 12:10:40,30.7,,공통
b190_sub_heavy_r1,GA,45,BLK_45C,2,TurnOver,3,2025-07-28 12:10:40,2025-07-28 12:22:40,12.0,,공통
b190_sub_heavy_r1,GA,45,BLK_45C,2,후면SAW,4,2025-07-28 14:37:00,2025-07-28 14:56:14,19.2,,공통
b190_sub_heavy_r1,GA,45,BLK_45C,2,NC,5,2025-07-28 15:41:52,2025-07-28 16:31:32,49.7,,공통
b190_sub_heavy_r1,GA,45,BLK_45C,2,베이35A 론지취부,6,2025-07-28 16:31:32,2025-07-28 18:09:02,97.5,35A,베이35A
b190_sub_heavy_r1,GA,45,BLK_45C,2,베이35A 론지용접,7,2025-07-28 18:09:02,2025-07-28 18:37:02,28.0,35A,베이35A
b190_sub_heavy_r1,GA,45,BLK_45C,2,베이35A 수정,8,2025-07-28 18:37:02,2025-07-28 19:37:02,60.0,35A,베이35A
b190_sub_heavy_r1,GA,53,BLK_53S,3,판계,1,2025-07-28 09:00:00,2025-07-28 09:20:00,20.0,,공통
b190_sub_heavy_r1,GA,53,BLK_53S,3,전면SAW,2,2025-07-28 12:10:40,2025-07-28 12:47:15,36.6,,공통
b190_sub_heavy_r1,GA,53,BLK_53S,3,TurnOver,3,2025-07-28 12:47:15,2025-07-28 12:59:15,12.0,,공통
b190_sub_heavy_r1,GA,53,BLK_53S,3,후면SAW,4,2025-07-28 14:56:14,2025-07-28 15:23:14,27.0,,공통
b190_sub_heavy_r1,GA,53,BLK_53S,3,NC,5,2025-07-28 16:31:32,2025-07-28 16:59:39,28.1,,공통
b190_sub_heavy_r1,GA,53,BLK_53S,3,베이36B 론지취부,6,2025-07-28 17:08:52,2025-07-28 17:46:52,38.0,36B,베이36B
b190_sub_heavy_r1,GA,53,BLK_53S,3,베이36B 론지용접,7,2025-07-28 17:46:52,2025-07-28 18:04:40,17.8,36B,베이36B
b190_sub_heavy_r1,GA,53,BLK_53S,3,베이36B 수정,8,2025-07-28 18:28:28,2025-07-28 18:51:04,22.6,36B,베이36B
b190_sub_heavy_r1,GA,114,BLK_114C,4,판계,1,2025-07-28 09:20:00,2025-07-28 09:32:00,12.0,,공통
b190_sub_heavy_r1,GA,114,BLK_114C,4,전면SAW,2,2025-07-28 12:47:15,2025-07-28 13:20:05,32.8,,공통
b190_sub_heavy_r1,GA,114,BLK_114C,4,TurnOver,3,2025-07-28 13:20:05,2025-07-28 13:32:05,12.0,,공통
b190_sub_heavy_r1,GA,114,BLK_114C,4,후면SAW,4,2025-07-28 15:23:14,2025-07-28 15:45:18,22.1,,공통
b190_sub_heavy_r1,GA,114,BLK_114C,4,NC,5,2025-07-28 16:59:39,2025-07-28 17:19:29,19.8,,공통
b190_sub_heavy_r1,GA,114,BLK_114C,4,베이35A 론지취부,6,2025-07-28 18:09:02,2025-07-28 18:50:32,41.5,35A,베이35A
b190_sub_heavy_r1,GA,114,BLK_114C,4,베이35A 론지용접,7,2025-07-28 18:50:32,2025-07-28 19:04:56,14.4,35A,베이35A
b190_sub_heavy_r1,GA,114,BLK_114C,4,베이35A 수정,8,2025-07-28 19:37:02,2025-07-28 20:01:50,24.8,35A,베이35A
b190_sub_heavy_r1,GA,61,BLK_61P,5,판계,1,2025-07-28 09:32:00,2025-07-28 10:02:00,30.0,,공통
b190_sub_heavy_r1,GA,61,BLK_61P,5,전면SAW,2,2025-07-28 13:20:05,2025-07-28 13:53:09,33.1,,공통
b190_sub_heavy_r1,GA,61,BLK_61P,5,TurnOver,3,2025-07-28 13:53:09,2025-07-28 14:05:09,12.0,,공통
b190_sub_heavy_r1,GA,61,BLK_61P,5,후면SAW,4,2025-07-28 15:45:18,2025-07-28 16:07:41,22.4,,공통
b190_sub_heavy_r1,GA,61,BLK_61P,5,NC,5,2025-07-28 17:19:29,2025-07-28 18:02:52,43.4,,공통
b190_sub_heavy_r1,GA,61,BLK_61P,5,베이36B 론지취부,6,2025-07-28 18:02:52,2025-07-28 19:12:22,69.5,36B,베이36B
b190_sub_heavy_r1,GA,61,BLK_61P,5,베이36B 론지용접,7,2025-07-28 19:12:22,2025-07-28 19:35:34,23.2,36B,베이36B
b190_sub_heavy_r1,GA,61,BLK_61P,5,베이36B 수정,8,2025-07-28 19:35:34,2025-07-28 20:17:58,42.4,36B,베이36B
b190_sub_heavy_r1,GA,76,BLK_76C,6,판계,1,2025-07-28 10:02:00,2025-07-28 10:14:00,12.0,,공통
b190_sub_heavy_r1,GA,76,BLK_76C,6,전면SAW,2,2025-07-28 13:53:09,2025-07-28 14:34:21,41.2,,공통
b190_sub_heavy_r1,GA,76,BLK_76C,6,TurnOver,3,2025-07-28 14:34:21,2025-07-28 14:46:21,12.0,,공통
b190_sub_heavy_r1,GA,76,BLK_76C,6,후면SAW,4,2025-07-28 16:07:41,2025-07-28 16:40:48,33.1,,공통
b190_sub_heavy_r1,GA,76,BLK_76C,6,NC,5,2025-07-28 18:02:52,2025-07-28 18:23:56,21.1,,공통
b190_sub_heavy_r1,GA,76,BLK_76C,6,베이35A 론지취부,6,2025-07-28 18:50:32,2025-07-28 19:38:32,48.0,35A,베이35A
b190_sub_heavy_r1,GA,76,BLK_76C,6,베이35A 론지용접,7,2025-07-28 19:38:32,2025-07-28 20:01:20,22.8,35A,베이35A
b190_sub_heavy_r1,GA,76,BLK_76C,6,베이35A 수정,8,2025-07-28 20:01:50,2025-07-28 20:15:38,13.8,35A,베이35A
b190_sub_heavy_r1,GA,86,BLK_86C,7,판계,1,2025-07-28 10:14:00,2025-07-28 10:54:00,40.0,,공통
b190_sub_heavy_r1,GA,86,BLK_86C,7,전면SAW,2,2025-07-28 14:34:21,2025-07-28 16:25:57,111.6,,공통
b190_sub_heavy_r1,GA,86,BLK_86C,7,TurnOver,3,2025-07-28 16:25:57,2025-07-28 16:37:57,12.0,,공통
b190_sub_heavy_r1,GA,86,BLK_86C,7,후면SAW,4,2025-07-28 16:40:48,2025-07-28 18:00:11,79.4,,공통
b190_sub_heavy_r1,GA,86,BLK_86C,7,NC,5,2025-07-28 18:23:56,2025-07-28 19:08:48,44.9,,공통
b190_sub_heavy_r1,GA,86,BLK_86C,7,베이36B 론지취부,6,2025-07-28 19:12:22,2025-07-28 20:14:52,62.5,36B,베이36B
b190_sub_heavy_r1,GA,86,BLK_86C,7,베이36B 론지용접,7,2025-07-28 20:14:52,2025-07-28 20:36:52,22.0,36B,베이36B
b190_sub_heavy_r1,GA,86,BLK_86C,7,베이36B 수정,8,2025-07-28 20:36:52,2025-07-28 21:14:52,38.0,36B,베이36B
b190_sub_heavy_r1,GA,96,BLK_96P,8,판계,1,2025-07-28 10:54:00,2025-07-28 11:24:00,30.0,,공통
b190_sub_heavy_r1,GA,96,BLK_96P,8,전면SAW,2,2025-07-28 16:25:57,2025-07-28 16:56:22,30.4,,공통
b190_sub_heavy_r1,GA,96,BLK_96P,8,TurnOver,3,2025-07-28 16:56:22,2025-07-28 17:08:22,12.0,,공통
b190_sub_heavy_r1,GA,96,BLK_96P,8,후면SAW,4,2025-07-28 18:00:11,2025-07-28 18:19:05,18.9,,공통
b190_sub_heavy_r1,GA,96,BLK_96P,8,NC,5,2025-07-28 19:08:48,2025-07-28 19:49:30,40.7,,공통
b190_sub_heavy_r1,GA,96,BLK_96P,8,베이35A 론지취부,6,2025-07-28 19:49:30,2025-07-28 21:06:00,76.5,35A,베이35A
b190_sub_heavy_r1,GA,96,BLK_96P,8,베이35A 론지용접,7,2025-07-28 21:06:00,2025-07-28 21:30:24,24.4,35A,베이35A
b190_sub_heavy_r1,GA,96,BLK_96P,8,베이35A 수정,8,2025-07-28 21:30:24,2025-07-28 22:17:12,46.8,35A,베이35A
b190_sub_heavy_r1,GA,47,BLK_47S,9,판계,1,2025-07-28 11:24:00,2025-07-28 11:57:00,33.0,,공통
b190_sub_heavy_r1,GA,47,BLK_47S,9,전면SAW,2,2025-07-28 16:56:22,2025-07-28 18:32:45,96.4,,공통
b190_sub_heavy_r1,GA,47,BLK_47S,9,TurnOver,3,2025-07-28 18:32:45,2025-07-28 18:44:45,12.0,,공통
b190_sub_heavy_r1,GA,47,BLK_47S,9,후면SAW,4,2025-07-28 18:44:45,2025-07-28 20:00:22,75.6,,공통
b190_sub_heavy_r1,GA,47,BLK_47S,9,NC,5,2025-07-28 20:00:22,2025-07-28 20:38:28,38.1,,공통
b190_sub_heavy_r1,GA,47,BLK_47S,9,베이36B 론지취부,6,2025-07-28 20:38:28,2025-07-28 21:23:28,45.0,36B,베이36B
b190_sub_heavy_r1,GA,47,BLK_47S,9,베이36B 론지용접,7,2025-07-28 21:23:28,2025-07-28 21:42:28,19.0,36B,베이36B
b190_sub_heavy_r1,GA,47,BLK_47S,9,베이36B 수정,8,2025-07-28 21:42:28,2025-07-28 22:09:28,27.0,36B,베이36B
b190_sub_heavy_r1,GA,72,BLK_72C,10,판계,1,2025-07-28 11:57:00,2025-07-28 12:09:00,12.0,,공통
b190_sub_heavy_r1,GA,72,BLK_72C,10,전면SAW,2,2025-07-28 18:32:45,2025-07-28 19:08:42,36.0,,공통
b190_sub_heavy_r1,GA,72,BLK_72C,10,TurnOver,3,2025-07-28 19:08:42,2025-07-28 19:20:42,12.0,,공통
b190_sub_heavy_r1,GA,72,BLK_72C,10,후면SAW,4,2025-07-28 20:00:22,2025-07-28 20:26:33,26.2,,공통
b190_sub_heavy_r1,GA,72,BLK_72C,10,NC,5,2025-07-28 20:38:28,2025-07-28 20:59:34,21.1,,공통
b190_sub_heavy_r1,GA,72,BLK_72C,10,베이35A 론지취부,6,2025-07-28 21:06:00,2025-07-28 21:40:30,34.5,35A,베이35A
b190_sub_heavy_r1,GA,72,BLK_72C,10,베이35A 론지용접,7,2025-07-28 21:40:30,2025-07-28 21:53:42,13.2,35A,베이35A
b190_sub_heavy_r1,GA,72,BLK_72C,10,베이35A 수정,8,2025-07-28 22:17:12,2025-07-28 22:37:36,20.4,35A,베이35A
b190_sub_heavy_r1,GA,57,BLK_57C,11,판계,1,2025-07-28 12:09:00,2025-07-28 12:42:00,33.0,,공통
b190_sub_heavy_r1,GA,57,BLK_57C,11,전면SAW,2,2025-07-28 19:08:42,2025-07-28 20:37:25,88.7,,공통
b190_sub_heavy_r1,GA,57,BLK_57C,11,TurnOver,3,2025-07-28 20:37:25,2025-07-28 20:49:25,12.0,,공통
b190_sub_heavy_r1,GA,57,BLK_57C,11,후면SAW,4,2025-07-28 20:49:25,2025-07-28 21:58:04,68.7,,공통
b190_sub_heavy_r1,GA,57,BLK_57C,11,NC,5,2025-07-28 21:58:04,2025-07-28 22:34:18,36.2,,공통
b190_sub_heavy_r1,GA,57,BLK_57C,11,베이36B 론지취부,6,2025-07-28 22:34:18,2025-07-28 23:15:48,41.5,36B,베이36B
b190_sub_heavy_r1,GA,57,BLK_57C,11,베이36B 론지용접,7,2025-07-28 23:15:48,2025-07-28 23:30:12,14.4,36B,베이36B
b190_sub_heavy_r1,GA,57,BLK_57C,11,베이36B 수정,8,2025-07-28 23:30:12,2025-07-28 23:55:00,24.8,36B,베이36B
b190_sub_heavy_r1,GA,163,BLK_163S,12,판계,1,2025-07-28 12:42:00,2025-07-28 13:12:00,30.0,,공통
b190_sub_heavy_r1,GA,163,BLK_163S,12,전면SAW,2,2025-07-28 20:37:25,2025-07-28 21:21:12,43.8,,공통
b190_sub_heavy_r1,GA,163,BLK_163S,12,TurnOver,3,2025-07-28 21:21:12,2025-07-28 21:33:12,12.0,,공통
b190_sub_heavy_r1,GA,163,BLK_163S,12,후면SAW,4,2025-07-28 21:58:04,2025-07-28 22:34:33,36.5,,공통
b190_sub_heavy_r1,GA,163,BLK_163S,12,NC,5,2025-07-28 22:34:33,2025-07-28 23:17:51,43.3,,공통
b190_sub_heavy_r1,GA,163,BLK_163S,12,베이35A 론지취부,6,2025-07-28 23:17:51,2025-07-29 01:09:21,111.5,35A,베이35A
b190_sub_heavy_r1,GA,163,BLK_163S,12,베이35A 론지용접,7,2025-07-29 01:09:21,2025-07-29 01:39:45,30.4,35A,베이35A
b190_sub_heavy_r1,GA,163,BLK_163S,12,베이35A 수정,8,2025-07-29 01:39:45,2025-07-29 02:48:33,68.8,35A,베이35A
b190_sub_heavy_r1,GA,134,BLK_134C,13,판계,1,2025-07-28 13:12:00,2025-07-28 13:37:00,25.0,,공통
b190_sub_heavy_r1,GA,134,BLK_134C,13,전면SAW,2,2025-07-28 21:21:12,2025-07-28 22:12:00,50.8,,공통
b190_sub_heavy_r1,GA,134,BLK_134C,13,TurnOver,3,2025-07-28 22:12:00,2025-07-28 22:24:00,12.0,,공통
b190_sub_heavy_r1,GA,134,BLK_134C,13,후면SAW,4,2025-07-28 22:34:33,2025-07-28 23:20:17,45.7,,공통
b190_sub_heavy_r1,GA,134,BLK_134C,13,NC,5,2025-07-28 23:20:17,2025-07-28 23:58:40,38.4,,공통
b190_sub_heavy_r1,GA,134,BLK_134C,13,베이36B 론지취부,6,2025-07-28 23:58:40,2025-07-29 01:15:10,76.5,36B,베이36B
b190_sub_heavy_r1,GA,134,BLK_134C,13,베이36B 론지용접,7,2025-07-29 01:15:10,2025-07-29 01:39:34,24.4,36B,베이36B
b190_sub_heavy_r1,GA,134,BLK_134C,13,베이36B 수정,8,2025-07-29 01:39:34,2025-07-29 02:26:22,46.8,36B,베이36B
b190_sub_heavy_r1,GA,144,BLK_144C,14,판계,1,2025-07-28 13:37:00,2025-07-28 14:02:00,25.0,,공통
b190_sub_heavy_r1,GA,144,BLK_144C,14,전면SAW,2,2025-07-28 22:12:00,2025-07-28 22:47:45,35.7,,공통
b190_sub_heavy_r1,GA,144,BLK_144C,14,TurnOver,3,2025-07-28 22:47:45,2025-07-28 22:59:45,12.0,,공통
b190_sub_heavy_r1,GA,144,BLK_144C,14,후면SAW,4,2025-07-28 23:20:17,2025-07-28 23:46:11,25.9,,공통
b190_sub_heavy_r1,GA,144,BLK_144C,14,NC,5,2025-07-28 23:58:40,2025-07-29 00:35:30,36.8,,공통
b190_sub_heavy_r1,GA,144,BLK_144C,14,베이35A 론지취부,6,2025-07-29 01:09:21,2025-07-29 02:43:21,94.0,35A,베이35A
b190_sub_heavy_r1,GA,144,BLK_144C,14,베이35A 론지용접,7,2025-07-29 02:43:21,2025-07-29 03:10:45,27.4,35A,베이35A
b190_sub_heavy_r1,GA,144,BLK_144C,14,베이35A 수정,8,2025-07-29 03:10:45,2025-07-29 04:08:33,57.8,35A,베이35A
b190_sub_heavy_r1,GA,154,BLK_154C,15,판계,1,2025-07-28 14:02:00,2025-07-28 14:22:00,20.0,,공통
b190_sub_heavy_r1,GA,154,BLK_154C,15,전면SAW,2,2025-07-28 22:47:45,2025-07-28 23:41:29,53.7,,공통
b190_sub_heavy_r1,GA,154,BLK_154C,15,TurnOver,3,2025-07-28 23:41:29,2025-07-28 23:53:29,12.0,,공통
b190_sub_heavy_r1,GA,154,BLK_154C,15,후면SAW,4,2025-07-28 23:53:29,2025-07-29 00:43:05,49.6,,공통
b190_sub_heavy_r1,GA,154,BLK_154C,15,NC,5,2025-07-29 00:43:05,2025-07-29 01:09:19,26.2,,공통
b190_sub_heavy_r1,GA,154,BLK_154C,15,베이36B 론지취부,6,2025-07-29 01:15:10,2025-07-29 02:00:10,45.0,36B,베이36B
b190_sub_heavy_r1,GA,154,BLK_154C,15,베이36B 론지용접,7,2025-07-29 02:00:10,2025-07-29 02:15:10,15.0,36B,베이36B
b190_sub_heavy_r1,GA,154,BLK_154C,15,베이36B 수정,8,2025-07-29 02:26:22,2025-07-29 02:53:22,27.0,36B,베이36B
b190_sub_heavy_r1,GA,31,BLK_31C,16,판계,1,2025-07-28 14:22:00,2025-07-28 14:55:00,33.0,,공통
b190_sub_heavy_r1,GA,31,BLK_31C,16,전면SAW,2,2025-07-28 23:41:29,2025-07-29 01:46:54,125.4,,공통
b190_sub_heavy_r1,GA,31,BLK_31C,16,TurnOver,3,2025-07-29 01:46:54,2025-07-29 01:58:54,12.0,,공통
b190_sub_heavy_r1,GA,31,BLK_31C,16,후면SAW,4,2025-07-29 01:58:54,2025-07-29 03:41:01,102.1,,공통
b190_sub_heavy_r1,GA,31,BLK_31C,16,NC,5,2025-07-29 03:41:01,2025-07-29 04:24:46,43.8,,공통
b190_sub_heavy_r1,GA,31,BLK_31C,16,베이35A 론지취부,6,2025-07-29 04:24:46,2025-07-29 05:27:16,62.5,35A,베이35A
b190_sub_heavy_r1,GA,31,BLK_31C,16,베이35A 론지용접,7,2025-07-29 05:27:16,2025-07-29 05:49:16,22.0,35A,베이35A
b190_sub_heavy_r1,GA,31,BLK_31C,16,베이35A 수정,8,2025-07-29 05:49:16,2025-07-29 06:27:16,38.0,35A,베이35A
b190_sub_heavy_r1,GA,180,BLK_180S,17,판계,1,2025-07-28 14:55:00,2025-07-28 15:07:00,12.0,,공통
b190_sub_heavy_r1,GA,180,BLK_180S,17,전면SAW,2,2025-07-29 01:46:54,2025-07-29 02:54:49,67.9,,공통
b190_sub_heavy_r1,GA,180,BLK_180S,17,TurnOver,3,2025-07-29 02:54:49,2025-07-29 03:06:49,12.0,,공통
b190_sub_heavy_r1,GA,180,BLK_180S,17,후면SAW,4,2025-07-29 03:41:01,2025-07-29 04:49:17,68.3,,공통
b190_sub_heavy_r1,GA,180,BLK_180S,17,NC,5,2025-07-29 04:49:17,2025-07-29 05:10:24,21.1,,공통
b190_sub_heavy_r1,GA,180,BLK_180S,17,베이36B 론지취부,6,2025-07-29 05:10:24,2025-07-29 05:30:54,20.5,36B,베이36B
b190_sub_heavy_r1,GA,180,BLK_180S,17,베이36B 론지용접,7,2025-07-29 05:30:54,2025-07-29 05:41:42,10.8,36B,베이36B
b190_sub_heavy_r1,GA,180,BLK_180S,17,베이36B 수정,8,2025-07-29 05:41:42,2025-07-29 05:53:18,11.6,36B,베이36B
b190_sub_heavy_r1,GA,35,BLK_35S,18,판계,1,2025-07-28 15:07:00,2025-07-28 15:40:00,33.0,,공통
b190_sub_heavy_r1,GA,35,BLK_35S,18,전면SAW,2,2025-07-29 02:54:49,2025-07-29 04:22:21,87.5,,공통
b190_sub_heavy_r1,GA,35,BLK_35S,18,TurnOver,3,2025-07-29 04:22:21,2025-07-29 04:34:21,12.0,,공통
b190_sub_heavy_r1,GA,35,BLK_35S,18,후면SAW,4,2025-07-29 04:49:17,2025-07-29 05:56:50,67.5,,공통
b190_sub_heavy_r1,GA,35,BLK_35S,18,NC,5,2025-07-29 05:56:50,2025-07-29 06:38:38,41.8,,공통
b190_sub_heavy_r1,GA,35,BLK_35S,18,베이35A 론지취부,6,2025-07-29 06:38:38,2025-07-29 07:41:08,62.5,35A,베이35A
b190_sub_heavy_r1,GA,35,BLK_35S,18,베이35A 론지용접,7,2025-07-29 07:41:08,2025-07-29 08:03:08,22.0,35A,베이35A
b190_sub_heavy_r1,GA,35,BLK_35S,18,베이35A 수정,8,2025-07-29 08:03:08,2025-07-29 08:41:08,38.0,35A,베이35A
b190_sub_heavy_r1,GA,36,BLK_36S,19,판계,1,2025-07-28 15:40:00,2025-07-28 16:05:00,25.0,,공통
b190_sub_heavy_r1,GA,36,BLK_36S,19,전면SAW,2,2025-07-29 04:22:21,2025-07-29 04:58:08,35.8,,공통
b190_sub_heavy_r1,GA,36,BLK_36S,19,TurnOver,3,2025-07-29 04:58:08,2025-07-29 05:10:08,12.0,,공통
b190_sub_heavy_r1,GA,36,BLK_36S,19,후면SAW,4,2025-07-29 05:56:50,2025-07-29 06:22:48,26.0,,공통
b190_sub_heavy_r1,GA,36,BLK_36S,19,NC,5,2025-07-29 06:38:38,2025-07-29 07:15:49,37.2,,공통
b190_sub_heavy_r1,GA,36,BLK_36S,19,베이36B 론지취부,6,2025-07-29 07:15:49,2025-07-29 08:46:19,90.5,36B,베이36B
b190_sub_heavy_r1,GA,36,BLK_36S,19,베이36B 론지용접,7,2025-07-29 08:46:19,2025-07-29 09:13:07,26.8,36B,베이36B
b190_sub_heavy_r1,GA,36,BLK_36S,19,베이36B 수정,8,2025-07-29 09:13:07,2025-07-29 10:08:43,55.6,36B,베이36B
b190_sub_heavy_r1,GA,39,BLK_39C,20,판계,1,2025-07-28 16:05:00,2025-07-28 16:50:00,45.0,,공통
b190_sub_heavy_r1,GA,39,BLK_39C,20,전면SAW,2,2025-07-29 04:58:08,2025-07-29 06:59:46,121.6,,공통
b190_sub_heavy_r1,GA,39,BLK_39C,20,TurnOver,3,2025-07-29 06:59:46,2025-07-29 07:11:46,12.0,,공통
b190_sub_heavy_r1,GA,39,BLK_39C,20,후면SAW,4,2025-07-29 07:11:46,2025-07-29 08:39:10,87.4,,공통
b190_sub_heavy_r1,GA,39,BLK_39C,20,NC,5,2025-07-29 08:39:10,2025-07-29 09:31:32,52.4,,공통
b190_sub_heavy_r1,GA,39,BLK_39C,20,베이35A 론지취부,6,2025-07-29 09:31:32,2025-07-29 10:34:02,62.5,35A,베이35A
b190_sub_heavy_r1,GA,39,BLK_39C,20,베이35A 론지용접,7,2025-07-29 10:34:02,2025-07-29 10:56:02,22.0,35A,베이35A
b190_sub_heavy_r1,GA,39,BLK_39C,20,베이35A 수정,8,2025-07-29 10:56:02,2025-07-29 11:34:02,38.0,35A,베이35A
b190_sub_heavy_r1,GA,40,BLK_40C,1,판계,1,2025-07-29 08:00:00,2025-07-29 08:45:00,45.0,,공통
b190_sub_heavy_r1,GA,40,BLK_40C,1,전면SAW,2,2025-07-29 08:45:00,2025-07-29 11:17:43,152.7,,공통
b190_sub_heavy_r1,GA,40,BLK_40C,1,TurnOver,3,2025-07-29 11:17:43,2025-07-29 11:29:43,12.0,,공통
b190_sub_heavy_r1,GA,40,BLK_40C,1,후면SAW,4,2025-07-29 11:29:43,2025-07-29 13:22:00,112.3,,공통
b190_sub_heavy_r1,GA,40,BLK_40C,1,NC,5,2025-07-29 13:22:00,2025-07-29 14:15:31,53.5,,공통
b190_sub_heavy_r1,GA,40,BLK_40C,1,베이36B 론지취부,6,2025-07-29 14:15:31,2025-07-29 15:25:01,69.5,36B,베이36B
b190_sub_heavy_r1,GA,40,BLK_40C,1,베이36B 론지용접,7,2025-07-29 15:25:01,2025-07-29 15:48:13,23.2,36B,베이36B
b190_sub_heavy_r1,GA,40,BLK_40C,1,베이36B 수정,8,2025-07-29 15:48:13,2025-07-29 16:30:37,42.4,36B,베이36B
b190_sub_heavy_r1,GA,157,BLK_157P,2,판계,1,2025-07-29 08:45:00,2025-07-29 09:05:00,20.0,,공통
b190_sub_heavy_r1,GA,157,BLK_157P,2,전면SAW,2,2025-07-29 11:17:43,2025-07-29 12:08:54,51.2,,공통
b190_sub_heavy_r1,GA,157,BLK_157P,2,TurnOver,3,2025-07-29 12:08:54,2025-07-29 12:20:54,12.0,,공통
b190_sub_heavy_r1,GA,157,BLK_157P,2,후면SAW,4,2025-07-29 13:22:00,2025-07-29 14:08:15,46.2,,공통
b190_sub_heavy_r1,GA,157,BLK_157P,2,NC,5,2025-07-29 14:15:31,2025-07-29 14:44:25,28.9,,공통
b190_sub_heavy_r1,GA,157,BLK_157P,2,베이35A 론지취부,6,2025-07-29 14:44:25,2025-07-29 15:39:55,55.5,35A,베이35A
b190_sub_heavy_r1,GA,157,BLK_157P,2,베이35A 론지용접,7,2025-07-29 15:39:55,2025-07-29 16:00:43,20.8,35A,베이35A
b190_sub_heavy_r1,GA,157,BLK_157P,2,베이35A 수정,8,2025-07-29 16:00:43,2025-07-29 16:34:19,33.6,35A,베이35A
b190_sub_heavy_r1,GA,119,BLK_119S,3,판계,1,2025-07-29 09:05:00,2025-07-29 09:35:00,30.0,,공통
b190_sub_heavy_r1,GA,119,BLK_119S,3,전면SAW,2,2025-07-29 12:08:54,2025-07-29 12:40:58,32.1,,공통
b190_sub_heavy_r1,GA,119,BLK_119S,3,TurnOver,3,2025-07-29 12:40:58,2025-07-29 12:52:58,12.0,,공통
b190_sub_heavy_r1,GA,119,BLK_119S,3,후면SAW,4,2025-07-29 14:08:15,2025-07-29 14:29:18,21.1,,공통
b190_sub_heavy_r1,GA,119,BLK_119S,3,NC,5,2025-07-29 14:44:25,2025-07-29 15:25:57,41.5,,공통
b190_sub_heavy_r1,GA,119,BLK_119S,3,베이36B 론지취부,6,2025-07-29 15:25:57,2025-07-29 16:28:27,62.5,36B,베이36B
b190_sub_heavy_r1,GA,119,BLK_119S,3,베이36B 론지용접,7,2025-07-29 16:28:27,2025-07-29 16:50:27,22.0,36B,베이36B
b190_sub_heavy_r1,GA,119,BLK_119S,3,베이36B 수정,8,2025-07-29 16:50:27,2025-07-29 17:28:27,38.0,36B,베이36B
b190_sub_heavy_r1,GA,48,BLK_48P,4,판계,1,2025-07-29 09:35:00,2025-07-29 10:10:00,35.0,,공통
b190_sub_heavy_r1,GA,48,BLK_48P,4,전면SAW,2,2025-07-29 12:40:58,2025-07-29 14:36:11,115.2,,공통
b190_sub_heavy_r1,GA,48,BLK_48P,4,TurnOver,3,2025-07-29 14:36:11,2025-07-29 14:48:11,12.0,,공통
b190_sub_heavy_r1,GA,48,BLK_48P,4,후면SAW,4,2025-07-29 14:48:11,2025-07-29 16:10:28,82.3,,공통
b190_sub_heavy_r1,GA,48,BLK_48P,4,NC,5,2025-07-29 16:10:28,2025-07-29 16:45:54,35.4,,공통
b190_sub_heavy_r1,GA,48,BLK_48P,4,베이35A 론지취부,6,2025-07-29 16:45:54,2025-07-29 17:09:54,24.0,35A,베이35A
b190_sub_heavy_r1,GA,48,BLK_48P,4,베이35A 론지용접,7,2025-07-29 17:09:54,2025-07-29 17:21:18,11.4,35A,베이35A
b190_sub_heavy_r1,GA,48,BLK_48P,4,베이35A 수정,8,2025-07-29 17:21:18,2025-07-29 17:35:06,13.8,35A,베이35A
b190_sub_heavy_r1,GA,51,BLK_51P,5,판계,1,2025-07-29 10:10:00,2025-07-29 10:35:00,25.0,,공통
b190_sub_heavy_r1,GA,51,BLK_51P,5,전면SAW,2,2025-07-29 14:36:11,2025-07-29 15:07:22,31.2,,공통
b190_sub_heavy_r1,GA,51,BLK_51P,5,TurnOver,3,2025-07-29 15:07:22,2025-07-29 15:19:22,12.0,,공통
b190_sub_heavy_r1,GA,51,BLK_51P,5,후면SAW,4,2025-07-29 16:10:28,2025-07-29 16:30:23,19.9,,공통
b190_sub_heavy_r1,GA,51,BLK_51P,5,NC,5,2025-07-29 16:45:54,2025-07-29 17:19:59,34.1,,공통
b190_sub_heavy_r1,GA,51,BLK_51P,5,베이36B 론지취부,6,2025-07-29 17:19:59,2025-07-29 18:18:59,59.0,36B,베이36B
b190_sub_heavy_r1,GA,51,BLK_51P,5,베이36B 론지용접,7,2025-07-29 18:18:59,2025-07-29 18:40:23,21.4,36B,베이36B
b190_sub_heavy_r1,GA,51,BLK_51P,5,베이36B 수정,8,2025-07-29 18:40:23,2025-07-29 19:16:11,35.8,36B,베이36B
b190_sub_heavy_r1,GA,52,BLK_52S,6,판계,1,2025-07-29 10:35:00,2025-07-29 11:15:00,40.0,,공통
b190_sub_heavy_r1,GA,52,BLK_52S,6,전면SAW,2,2025-07-29 15:07:22,2025-07-29 17:32:01,144.7,,공통
b190_sub_heavy_r1,GA,52,BLK_52S,6,TurnOver,3,2025-07-29 17:32:01,2025-07-29 17:44:01,12.0,,공통
b190_sub_heavy_r1,GA,52,BLK_52S,6,후면SAW,4,2025-07-29 17:44:01,2025-07-29 19:29:52,105.8,,공통
b190_sub_heavy_r1,GA,52,BLK_52S,6,NC,5,2025-07-29 19:29:52,2025-07-29 20:15:01,45.1,,공통
b190_sub_heavy_r1,GA,52,BLK_52S,6,베이35A 론지취부,6,2025-07-29 20:15:01,2025-07-29 21:24:31,69.5,35A,베이35A
b190_sub_heavy_r1,GA,52,BLK_52S,6,베이35A 론지용접,7,2025-07-29 21:24:31,2025-07-29 21:47:43,23.2,35A,베이35A
b190_sub_heavy_r1,GA,52,BLK_52S,6,베이35A 수정,8,2025-07-29 21:47:43,2025-07-29 22:30:07,42.4,35A,베이35A
b190_sub_heavy_r1,GA,173,BLK_173C,7,판계,1,2025-07-29 11:15:00,2025-07-29 11:40:00,25.0,,공통
b190_sub_heavy_r1,GA,173,BLK_173C,7,전면SAW,2,2025-07-29 17:32:01,2025-07-29 18:16:43,44.7,,공통
b190_sub_heavy_r1,GA,173,BLK_173C,7,TurnOver,3,2025-07-29 18:16:43,2025-07-29 18:28:43,12.0,,공통
b190_sub_heavy_r1,GA,173,BLK_173C,7,후면SAW,4,2025-07-29 19:29:52,2025-07-29 20:07:34,37.7,,공통
b190_sub_heavy_r1,GA,173,BLK_173C,7,NC,5,2025-07-29 20:15:01,2025-07-29 20:50:46,35.8,,공통
b190_sub_heavy_r1,GA,173,BLK_173C,7,베이36B 론지취부,6,2025-07-29 20:50:46,2025-07-29 21:32:16,41.5,36B,베이36B
b190_sub_heavy_r1,GA,173,BLK_173C,7,베이36B 론지용접,7,2025-07-29 21:32:16,2025-07-29 21:50:40,18.4,36B,베이36B
b190_sub_heavy_r1,GA,173,BLK_173C,7,베이36B 수정,8,2025-07-29 21:50:40,2025-07-29 22:15:28,24.8,36B,베이36B
b190_sub_heavy_r1,GA,159,BLK_159P,8,판계,1,2025-07-29 11:40:00,2025-07-29 12:10:00,30.0,,공통
b190_sub_heavy_r1,GA,159,BLK_159P,8,전면SAW,2,2025-07-29 18:16:43,2025-07-29 20:47:10,150.4,,공통
b190_sub_heavy_r1,GA,159,BLK_159P,8,TurnOver,3,2025-07-29 20:47:10,2025-07-29 20:59:10,12.0,,공통
b190_sub_heavy_r1,GA,159,BLK_159P,8,후면SAW,4,2025-07-29 20:59:10,2025-07-29 22:49:39,110.5,,공통
b190_sub_heavy_r1,GA,159,BLK_159P,8,NC,5,2025-07-29 22:49:39,2025-07-29 23:46:57,57.3,,공통
b190_sub_heavy_r1,GA,159,BLK_159P,8,베이36B 론지취부,6,2025-07-29 23:46:57,2025-07-30 00:59:57,73.0,36B,베이36B
b190_sub_heavy_r1,GA,159,BLK_159P,8,베이36B 론지용접,7,2025-07-30 00:59:57,2025-07-30 01:23:45,23.8,36B,베이36B
b190_sub_heavy_r1,GA,159,BLK_159P,8,베이36B 수정,8,2025-07-30 01:23:45,2025-07-30 02:08:21,44.6,36B,베이36B
b190_sub_heavy_r1,GA,59,BLK_59C,9,판계,1,2025-07-29 12:10:00,2025-07-29 12:22:00,12.0,,공통
b190_sub_heavy_r1,GA,59,BLK_59C,9,전면SAW,2,2025-07-29 20:47:10,2025-07-29 21:56:10,69.0,,공통
b190_sub_heavy_r1,GA,59,BLK_59C,9,TurnOver,3,2025-07-29 21:56:10,2025-07-29 22:08:10,12.0,,공통
b190_sub_heavy_r1,GA,59,BLK_59C,9,후면SAW,4,2025-07-29 22:49:39,2025-07-29 23:59:21,69.7,,공통
b190_sub_heavy_r1,GA,59,BLK_59C,9,NC,5,2025-07-29 23:59:21,2025-07-30 00:20:33,21.2,,공통
b190_sub_heavy_r1,GA,59,BLK_59C,9,베이35A 론지취부,6,2025-07-30 00:20:33,2025-07-30 01:09:03,48.5,35A,베이35A
b190_sub_heavy_r1,GA,59,BLK_59C,9,베이35A 론지용접,7,2025-07-30 01:09:03,2025-07-30 01:28:39,19.6,35A,베이35A
b190_sub_heavy_r1,GA,59,BLK_59C,9,베이35A 수정,8,2025-07-30 01:28:39,2025-07-30 01:57:51,29.2,35A,베이35A
b190_sub_heavy_r1,GA,60,BLK_60C,10,판계,1,2025-07-29 12:22:00,2025-07-29 13:07:00,45.0,,공통
b190_sub_heavy_r1,GA,60,BLK_60C,10,전면SAW,2,2025-07-29 21:56:10,2025-07-29 22:37:32,41.4,,공통
b190_sub_heavy_r1,GA,60,BLK_60C,10,TurnOver,3,2025-07-29 22:37:32,2025-07-29 22:49:32,12.0,,공통
b190_sub_heavy_r1,GA,60,BLK_60C,10,후면SAW,4,2025-07-29 23:59:21,2025-07-30 00:32:39,33.3,,공통
b190_sub_heavy_r1,GA,60,BLK_60C,10,NC,5,2025-07-30 00:32:39,2025-07-30 01:28:22,55.7,,공통
b190_sub_heavy_r1,GA,60,BLK_60C,10,베이36B 론지취부,6,2025-07-30 01:28:22,2025-07-30 03:16:22,108.0,36B,베이36B
b190_sub_heavy_r1,GA,60,BLK_60C,10,베이36B 론지용접,7,2025-07-30 03:16:22,2025-07-30 03:46:10,29.8,36B,베이36B
b190_sub_heavy_r1,GA,60,BLK_60C,10,베이36B 수정,8,2025-07-30 03:46:10,2025-07-30 04:52:46,66.6,36B,베이36B
b190_sub_heavy_r1,GA,63,BLK_63P,11,판계,1,2025-07-29 13:07:00,2025-07-29 13:54:00,47.0,,공통
b190_sub_heavy_r1,GA,63,BLK_63P,11,전면SAW,2,2025-07-29 22:37:32,2025-07-30 01:47:32,190.0,,공통
b190_sub_heavy_r1,GA,63,BLK_63P,11,TurnOver,3,2025-07-30 01:47:32,2025-07-30 01:59:32,12.0,,공통
b190_sub_heavy_r1,GA,63,BLK_63P,11,후면SAW,4,2025-07-30 01:59:32,2025-07-30 04:44:32,165.0,,공통
b190_sub_heavy_r1,GA,63,BLK_63P,11,NC,5,2025-07-30 04:44:32,2025-07-30 05:39:10,54.6,,공통
b190_sub_heavy_r1,GA,63,BLK_63P,11,베이35A 론지취부,6,2025-07-30 05:39:10,2025-07-30 06:38:10,59.0,35A,베이35A
b190_sub_heavy_r1,GA,63,BLK_63P,11,베이35A 론지용접,7,2025-07-30 06:38:10,2025-07-30 06:59:34,21.4,35A,베이35A
b190_sub_heavy_r1,GA,63,BLK_63P,11,베이35A 수정,8,2025-07-30 06:59:34,2025-07-30 07:35:22,35.8,35A,베이35A
b190_sub_heavy_r1,GA,177,BLK_177C,12,판계,1,2025-07-29 13:54:00,2025-07-29 14:14:00,20.0,,공통
b190_sub_heavy_r1,GA,177,BLK_177C,12,전면SAW,2,2025-07-30 01:47:32,2025-07-30 02:21:28,33.9,,공통
b190_sub_heavy_r1,GA,177,BLK_177C,12,TurnOver,3,2025-07-30 02:21:28,2025-07-30 02:33:28,12.0,,공통
b190_sub_heavy_r1,GA,177,BLK_177C,12,후면SAW,4,2025-07-30 04:44:32,2025-07-30 05:08:03,23.5,,공통
b190_sub_heavy_r1,GA,177,BLK_177C,12,NC,5,2025-07-30 05:39:10,2025-07-30 06:09:32,30.4,,공통
b190_sub_heavy_r1,GA,177,BLK_177C,12,베이36B 론지취부,6,2025-07-30 06:09:32,2025-07-30 07:01:32,52.0,36B,베이36B
b190_sub_heavy_r1,GA,177,BLK_177C,12,베이36B 론지용접,7,2025-07-30 07:01:32,2025-07-30 07:21:44,20.2,36B,베이36B
b190_sub_heavy_r1,GA,177,BLK_177C,12,베이36B 수정,8,2025-07-30 07:21:44,2025-07-30 07:53:08,31.4,36B,베이36B
b190_sub_heavy_r1,GA,64,BLK_64C,13,판계,1,2025-07-29 14:14:00,2025-07-29 14:54:00,40.0,,공통
b190_sub_heavy_r1,GA,64,BLK_64C,13,전면SAW,2,2025-07-30 02:21:28,2025-07-30 04:48:20,146.9,,공통
b190_sub_heavy_r1,GA,64,BLK_64C,13,TurnOver,3,2025-07-30 04:48:20,2025-07-30 05:00:20,12.0,,공통
b190_sub_heavy_r1,GA,64,BLK_64C,13,후면SAW,4,2025-07-30 05:08:03,2025-07-30 06:55:40,107.6,,공통
b190_sub_heavy_r1,GA,64,BLK_64C,13,NC,5,2025-07-30 06:55:40,2025-07-30 07:42:00,46.3,,공통
b190_sub_heavy_r1,GA,64,BLK_64C,13,베이35A 론지취부,6,2025-07-30 07:42:00,2025-07-30 08:44:30,62.5,35A,베이35A
b190_sub_heavy_r1,GA,64,BLK_64C,13,베이35A 론지용접,7,2025-07-30 08:44:30,2025-07-30 09:06:30,22.0,35A,베이35A
b190_sub_heavy_r1,GA,64,BLK_64C,13,베이35A 수정,8,2025-07-30 09:06:30,2025-07-30 09:44:30,38.0,35A,베이35A
b190_sub_heavy_r1,GA,67,BLK_67C,14,판계,1,2025-07-29 14:54:00,2025-07-29 15:24:00,30.0,,공통
b190_sub_heavy_r1,GA,67,BLK_67C,14,전면SAW,2,2025-07-30 04:48:20,2025-07-30 05:16:51,28.5,,공통
b190_sub_heavy_r1,GA,67,BLK_67C,14,TurnOver,3,2025-07-30 05:16:51,2025-07-30 05:28:51,12.0,,공통
b190_sub_heavy_r1,GA,67,BLK_67C,14,후면SAW,4,2025-07-30 06:55:40,2025-07-30 07:12:05,16.4,,공통
b190_sub_heavy_r1,GA,67,BLK_67C,14,NC,5,2025-07-30 07:42:00,2025-07-30 08:29:14,47.2,,공통
b190_sub_heavy_r1,GA,67,BLK_67C,14,베이36B 론지취부,6,2025-07-30 08:29:14,2025-07-30 09:45:44,76.5,36B,베이36B
b190_sub_heavy_r1,GA,67,BLK_67C,14,베이36B 론지용접,7,2025-07-30 09:45:44,2025-07-30 10:10:08,24.4,36B,베이36B
b190_sub_heavy_r1,GA,67,BLK_67C,14,베이36B 수정,8,2025-07-30 10:10:08,2025-07-30 10:56:56,46.8,36B,베이36B
b190_sub_heavy_r1,GA,68,BLK_68P,15,판계,1,2025-07-29 15:24:00,2025-07-29 15:54:00,30.0,,공통
b190_sub_heavy_r1,GA,68,BLK_68P,15,전면SAW,2,2025-07-30 05:16:51,2025-07-30 05:49:42,32.8,,공통
b190_sub_heavy_r1,GA,68,BLK_68P,15,TurnOver,3,2025-07-30 05:49:42,2025-07-30 06:01:42,12.0,,공통
b190_sub_heavy_r1,GA,68,BLK_68P,15,후면SAW,4,2025-07-30 07:12:05,2025-07-30 07:34:10,22.1,,공통
b190_sub_heavy_r1,GA,68,BLK_68P,15,NC,5,2025-07-30 08:29:14,2025-07-30 09:17:53,48.6,,공통
b190_sub_heavy_r1,GA,68,BLK_68P,15,베이35A 론지취부,6,2025-07-30 09:17:53,2025-07-30 10:44:53,87.0,35A,베이35A
b190_sub_heavy_r1,GA,68,BLK_68P,15,베이35A 론지용접,7,2025-07-30 10:44:53,2025-07-30 11:11:05,26.2,35A,베이35A
b190_sub_heavy_r1,GA,68,BLK_68P,15,베이35A 수정,8,2025-07-30 11:11:05,2025-07-30 12:04:29,53.4,35A,베이35A
b190_sub_heavy_r1,GA,69,BLK_69P,16,판계,1,2025-07-29 15:54:00,2025-07-29 16:29:00,35.0,,공통
b190_sub_heavy_r1,GA,69,BLK_69P,16,전면SAW,2,2025-07-30 05:49:42,2025-07-30 08:40:18,170.6,,공통
b190_sub_heavy_r1,GA,69,BLK_69P,16,TurnOver,3,2025-07-30 08:40:18,2025-07-30 08:52:18,12.0,,공통
b190_sub_heavy_r1,GA,69,BLK_69P,16,후면SAW,4,2025-07-30 08:52:18,2025-07-30 10:58:54,126.6,,공통
b190_sub_heavy_r1,GA,69,BLK_69P,16,NC,5,2025-07-30 10:58:54,2025-07-30 11:39:21,40.5,,공통
b190_sub_heavy_r1,GA,69,BLK_69P,16,베이36B 론지취부,6,2025-07-30 11:39:21,2025-07-30 12:31:21,52.0,36B,베이36B
b190_sub_heavy_r1,GA,69,BLK_69P,16,베이36B 론지용접,7,2025-07-30 12:31:21,2025-07-30 12:51:33,20.2,36B,베이36B
b190_sub_heavy_r1,GA,69,BLK_69P,16,베이36B 수정,8,2025-07-30 12:51:33,2025-07-30 13:22:57,31.4,36B,베이36B
b190_sub_heavy_r1,GA,71,BLK_71P,1,판계,1,2025-07-30 08:00:00,2025-07-30 08:20:00,20.0,,공통
b190_sub_heavy_r1,GA,71,BLK_71P,1,전면SAW,2,2025-07-30 08:40:18,2025-07-30 09:36:42,56.4,,공통
b190_sub_heavy_r1,GA,71,BLK_71P,1,TurnOver,3,2025-07-30 09:36:42,2025-07-30 09:48:42,12.0,,공통
b190_sub_heavy_r1,GA,71,BLK_71P,1,후면SAW,4,2025-07-30 10:58:54,2025-07-30 11:52:01,53.1,,공통
b190_sub_heavy_r1,GA,71,BLK_71P,1,NC,5,2025-07-30 11:52:01,2025-07-30 12:22:43,30.7,,공통
b190_sub_heavy_r1,GA,71,BLK_71P,1,베이35A 론지취부,6,2025-07-30 12:22:43,2025-07-30 13:28:43,66.0,35A,베이35A
b190_sub_heavy_r1,GA,71,BLK_71P,1,베이35A 론지용접,7,2025-07-30 13:28:43,2025-07-30 13:51:19,22.6,35A,베이35A
b190_sub_heavy_r1,GA,71,BLK_71P,1,베이35A 수정,8,2025-07-30 13:51:19,2025-07-30 14:31:31,40.2,35A,베이35A
b190_sub_heavy_r1,GA,78,BLK_78C,2,판계,1,2025-07-30 08:20:00,2025-07-30 08:45:00,25.0,,공통
b190_sub_heavy_r1,GA,78,BLK_78C,2,전면SAW,2,2025-07-30 09:36:42,2025-07-30 10:08:13,31.5,,공통
b190_sub_heavy_r1,GA,78,BLK_78C,2,TurnOver,3,2025-07-30 10:08:13,2025-07-30 10:20:13,12.0,,공통
b190_sub_heavy_r1,GA,78,BLK_78C,2,후면SAW,4,2025-07-30 11:52:01,2025-07-30 12:12:22,20.4,,공통
b190_sub_heavy_r1,GA,78,BLK_78C,2,NC,5,2025-07-30 12:22:43,2025-07-30 12:54:43,32.0,,공통
b190_sub_heavy_r1,GA,78,BLK_78C,2,베이36B 론지취부,6,2025-07-30 12:54:43,2025-07-30 13:43:13,48.5,36B,베이36B
b190_sub_heavy_r1,GA,78,BLK_78C,2,베이36B 론지용접,7,2025-07-30 13:43:13,2025-07-30 14:02:49,19.6,36B,베이36B
b190_sub_heavy_r1,GA,78,BLK_78C,2,베이36B 수정,8,2025-07-30 14:02:49,2025-07-30 14:32:01,29.2,36B,베이36B
b190_sub_heavy_r1,GA,79,BLK_79C,3,판계,1,2025-07-30 08:45:00,2025-07-30 09:18:00,33.0,,공통
b190_sub_heavy_r1,GA,79,BLK_79C,3,전면SAW,2,2025-07-30 10:08:13,2025-07-30 11:39:36,91.4,,공통
b190_sub_heavy_r1,GA,79,BLK_79C,3,TurnOver,3,2025-07-30 11:39:36,2025-07-30 11:51:36,12.0,,공통
b190_sub_heavy_r1,GA,79,BLK_79C,3,후면SAW,4,2025-07-30 12:12:22,2025-07-30 13:23:27,71.1,,공통
b190_sub_heavy_r1,GA,79,BLK_79C,3,NC,5,2025-07-30 13:23:27,2025-07-30 14:03:26,40.0,,공통
b190_sub_heavy_r1,GA,79,BLK_79C,3,베이35A 론지취부,6,2025-07-30 14:03:26,2025-07-30 14:51:56,48.5,35A,베이35A
b190_sub_heavy_r1,GA,79,BLK_79C,3,베이35A 론지용접,7,2025-07-30 14:51:56,2025-07-30 15:11:32,19.6,35A,베이35A
b190_sub_heavy_r1,GA,79,BLK_79C,3,베이35A 수정,8,2025-07-30 15:11:32,2025-07-30 15:40:44,29.2,35A,베이35A
b190_sub_heavy_r1,GA,81,BLK_81C,4,판계,1,2025-07-30 09:18:00,2025-07-30 09:30:00,12.0,,공통
b190_sub_heavy_r1,GA,81,BLK_81C,4,전면SAW,2,2025-07-30 11:39:36,2025-07-30 12:16:57,37.3,,공통
b190_sub_heavy_r1,GA,81,BLK_81C,4,TurnOver,3,2025-07-30 12:16:57,2025-07-30 12:28:57,12.0,,공통
b190_sub_heavy_r1,GA,81,BLK_81C,4,후면SAW,4,2025-07-30 13:23:27,2025-07-30 13:51:28,28.0,,공통
b190_sub_heavy_r1,GA,81,BLK_81C,4,NC,5,2025-07-30 14:03:26,2025-07-30 14:24:30,21.1,,공통
b190_sub_heavy_r1,GA,81,BLK_81C,4,베이36B 론지취부,6,2025-07-30 14:24:30,2025-07-30 15:06:00,41.5,36B,베이36B
b190_sub_heavy_r1,GA,81,BLK_81C,4,베이36B 론지용접,7,2025-07-30 15:06:00,2025-07-30 15:20:24,14.4,36B,베이36B
b190_sub_heavy_r1,GA,81,BLK_81C,4,베이36B 수정,8,2025-07-30 15:20:24,2025-07-30 15:45:12,24.8,36B,베이36B
b190_sub_heavy_r1,GA,88,BLK_88P,5,판계,1,2025-07-30 09:30:00,2025-07-30 10:08:00,38.0,,공통
b190_sub_heavy_r1,GA,88,BLK_88P,5,전면SAW,2,2025-07-30 12:16:57,2025-07-30 13:38:55,82.0,,공통
b190_sub_heavy_r1,GA,88,BLK_88P,5,TurnOver,3,2025-07-30 13:38:55,2025-07-30 13:50:55,12.0,,공통
b190_sub_heavy_r1,GA,88,BLK_88P,5,후면SAW,4,2025-07-30 13:51:28,2025-07-30 14:53:57,62.5,,공통
b190_sub_heavy_r1,GA,88,BLK_88P,5,NC,5,2025-07-30 14:53:57,2025-07-30 15:40:28,46.5,,공통
b190_sub_heavy_r1,GA,88,BLK_88P,5,베이35A 론지취부,6,2025-07-30 15:40:28,2025-07-30 17:07:28,87.0,35A,베이35A
b190_sub_heavy_r1,GA,88,BLK_88P,5,베이35A 론지용접,7,2025-07-30 17:07:28,2025-07-30 17:33:40,26.2,35A,베이35A
b190_sub_heavy_r1,GA,88,BLK_88P,5,베이35A 수정,8,2025-07-30 17:33:40,2025-07-30 18:27:04,53.4,35A,베이35A
b190_sub_heavy_r1,GA,32,BLK_32C,6,판계,1,2025-07-30 10:08:00,2025-07-30 10:38:00,30.0,,공통
b190_sub_heavy_r1,GA,32,BLK_32C,6,전면SAW,2,2025-07-30 13:38:55,2025-07-30 14:12:01,33.1,,공통
b190_sub_heavy_r1,GA,32,BLK_32C,6,TurnOver,3,2025-07-30 14:12:01,2025-07-30 14:24:01,12.0,,공통
b190_sub_heavy_r1,GA,32,BLK_32C,6,후면SAW,4,2025-07-30 14:53:57,2025-07-30 15:16:24,22.4,,공통
b190_sub_heavy_r1,GA,32,BLK_32C,6,NC,5,2025-07-30 15:40:28,2025-07-30 16:24:55,44.4,,공통
b190_sub_heavy_r1,GA,32,BLK_32C,6,베이36B 론지취부,6,2025-07-30 16:24:55,2025-07-30 17:55:25,90.5,36B,베이36B
b190_sub_heavy_r1,GA,32,BLK_32C,6,베이36B 론지용접,7,2025-07-30 17:55:25,2025-07-30 18:22:13,26.8,36B,베이36B
b190_sub_heavy_r1,GA,32,BLK_32C,6,베이36B 수정,8,2025-07-30 18:22:13,2025-07-30 19:17:49,55.6,36B,베이36B
b190_sub_heavy_r1,GA,89,BLK_89C,7,판계,1,2025-07-30 10:38:00,2025-07-30 11:35:00,57.0,,공통
b190_sub_heavy_r1,GA,89,BLK_89C,7,전면SAW,2,2025-07-30 14:12:01,2025-07-30 17:22:01,190.0,,공통
b190_sub_heavy_r1,GA,89,BLK_89C,7,TurnOver,3,2025-07-30 17:22:01,2025-07-30 17:34:01,12.0,,공통
b190_sub_heavy_r1,GA,89,BLK_89C,7,후면SAW,4,2025-07-30 17:34:01,2025-07-30 20:19:01,165.0,,공통
b190_sub_heavy_r1,GA,89,BLK_89C,7,NC,5,2025-07-30 20:19:01,2025-07-30 21:27:13,68.2,,공통
b190_sub_heavy_r1,GA,89,BLK_89C,7,베이35A 론지취부,6,2025-07-30 21:27:13,2025-07-30 22:57:43,90.5,35A,베이35A
b190_sub_heavy_r1,GA,89,BLK_89C,7,베이35A 론지용접,7,2025-07-30 22:57:43,2025-07-30 23:24:31,26.8,35A,베이35A
b190_sub_heavy_r1,GA,89,BLK_89C,7,베이35A 수정,8,2025-07-30 23:24:31,2025-07-31 00:20:07,55.6,35A,베이35A
b190_sub_heavy_r1,GA,91,BLK_91S,8,판계,1,2025-07-30 11:35:00,2025-07-30 11:47:00,12.0,,공통
b190_sub_heavy_r1,GA,91,BLK_91S,8,전면SAW,2,2025-07-30 17:22:01,2025-07-30 17:59:58,38.0,,공통
b190_sub_heavy_r1,GA,91,BLK_91S,8,TurnOver,3,2025-07-30 17:59:58,2025-07-30 18:11:58,12.0,,공통
b190_sub_heavy_r1,GA,91,BLK_91S,8,후면SAW,4,2025-07-30 20:19:01,2025-07-30 20:47:49,28.8,,공통
b190_sub_heavy_r1,GA,91,BLK_91S,8,NC,5,2025-07-30 21:27:13,2025-07-30 21:47:32,20.3,,공통
b190_sub_heavy_r1,GA,91,BLK_91S,8,베이36B 론지취부,6,2025-07-30 21:47:32,2025-07-30 22:15:02,27.5,36B,베이36B
b190_sub_heavy_r1,GA,91,BLK_91S,8,베이36B 론지용접,7,2025-07-30 22:15:02,2025-07-30 22:27:02,12.0,36B,베이36B
b190_sub_heavy_r1,GA,91,BLK_91S,8,베이36B 수정,8,2025-07-30 22:27:02,2025-07-30 22:43:02,16.0,36B,베이36B
b190_sub_heavy_r1,GA,98,BLK_98C,9,판계,1,2025-07-30 11:47:00,2025-07-30 12:17:00,30.0,,공통
b190_sub_heavy_r1,GA,98,BLK_98C,9,전면SAW,2,2025-07-30 17:59:58,2025-07-30 18:34:40,34.7,,공통
b190_sub_heavy_r1,GA,98,BLK_98C,9,TurnOver,3,2025-07-30 18:34:40,2025-07-30 18:46:40,12.0,,공통
b190_sub_heavy_r1,GA,98,BLK_98C,9,후면SAW,4,2025-07-30 20:47:49,2025-07-30 21:12:21,24.5,,공통
b190_sub_heavy_r1,GA,98,BLK_98C,9,NC,5,2025-07-30 21:47:32,2025-07-30 22:43:39,56.1,,공통
b190_sub_heavy_r1,GA,98,BLK_98C,9,베이36B 론지취부,6,2025-07-30 22:43:39,2025-07-31 00:56:09,132.5,36B,베이36B
b190_sub_heavy_r1,GA,98,BLK_98C,9,베이36B 론지용접,7,2025-07-31 00:56:09,2025-07-31 01:30:09,34.0,36B,베이36B
b190_sub_heavy_r1,GA,98,BLK_98C,9,베이36B 수정,8,2025-07-31 01:30:09,2025-07-31 02:52:09,82.0,36B,베이36B
b190_sub_heavy_r1,GA,99,BLK_99C,10,판계,1,2025-07-30 12:17:00,2025-07-30 12:47:00,30.0,,공통
b190_sub_heavy_r1,GA,99,BLK_99C,10,전면SAW,2,2025-07-30 18:34:40,2025-07-30 21:18:42,164.0,,공통
b190_sub_heavy_r1,GA,99,BLK_99C,10,TurnOver,3,2025-07-30 21:18:42,2025-07-30 21:30:42,12.0,,공통
b190_sub_heavy_r1,GA,99,BLK_99C,10,후면SAW,4,2025-07-30 21:30:42,2025-07-30 23:53:57,143.2,,공통
b190_sub_heavy_r1,GA,99,BLK_99C,10,NC,5,2025-07-30 23:53:57,2025-07-31 00:53:00,59.0,,공통
b190_sub_heavy_r1,GA,99,BLK_99C,10,베이35A 론지취부,6,2025-07-31 00:53:00,2025-07-31 01:59:00,66.0,35A,베이35A
b190_sub_heavy_r1,GA,99,BLK_99C,10,베이35A 론지용접,7,2025-07-31 01:59:00,2025-07-31 02:21:36,22.6,35A,베이35A
b190_sub_heavy_r1,GA,99,BLK_99C,10,베이35A 수정,8,2025-07-31 02:21:36,2025-07-31 03:01:48,40.2,35A,베이35A
b190_sub_heavy_r1,GA,101,BLK_101C,11,판계,1,2025-07-30 12:47:00,2025-07-30 13:17:00,30.0,,공통
b190_sub_heavy_r1,GA,101,BLK_101C,11,전면SAW,2,2025-07-30 21:18:42,2025-07-30 22:01:46,43.1,,공통
b190_sub_heavy_r1,GA,101,BLK_101C,11,TurnOver,3,2025-07-30 22:01:46,2025-07-30 22:13:46,12.0,,공통
b190_sub_heavy_r1,GA,101,BLK_101C,11,후면SAW,4,2025-07-30 23:53:57,2025-07-31 00:29:28,35.5,,공통
b190_sub_heavy_r1,GA,101,BLK_101C,11,NC,5,2025-07-31 00:53:00,2025-07-31 01:35:48,42.8,,공통
b190_sub_heavy_r1,GA,101,BLK_101C,11,베이36B 론지취부,6,2025-07-31 01:35:48,2025-07-31 02:48:48,73.0,36B,베이36B
b190_sub_heavy_r1,GA,101,BLK_101C,11,베이36B 론지용접,7,2025-07-31 02:48:48,2025-07-31 03:12:36,23.8,36B,베이36B
b190_sub_heavy_r1,GA,101,BLK_101C,11,베이36B 수정,8,2025-07-31 03:12:36,2025-07-31 03:57:12,44.6,36B,베이36B
b190_sub_heavy_r1,GA,160,BLK_160P,12,판계,1,2025-07-30 13:17:00,2025-07-30 13:42:00,25.0,,공통
b190_sub_heavy_r1,GA,160,BLK_160P,12,전면SAW,2,2025-07-30 22:01:46,2025-07-30 22:36:43,35.0,,공통
b190_sub_heavy_r1,GA,160,BLK_160P,12,TurnOver,3,2025-07-30 22:36:43,2025-07-30 22:48:43,12.0,,공통
b190_sub_heavy_r1,GA,160,BLK_160P,12,후면SAW,4,2025-07-31 00:29:28,2025-07-31 00:54:20,24.9,,공통
b190_sub_heavy_r1,GA,160,BLK_160P,12,NC,5,2025-07-31 01:35:48,2025-07-31 02:11:04,35.3,,공통
b190_sub_heavy_r1,GA,160,BLK_160P,12,베이35A 론지취부,6,2025-07-31 02:11:04,2025-07-31 02:56:04,45.0,35A,베이35A
b190_sub_heavy_r1,GA,160,BLK_160P,12,베이35A 론지용접,7,2025-07-31 02:56:04,2025-07-31 03:15:04,19.0,35A,베이35A
b190_sub_heavy_r1,GA,160,BLK_160P,12,베이35A 수정,8,2025-07-31 03:15:04,2025-07-31 03:42:04,27.0,35A,베이35A
b190_sub_heavy_r1,GA,102,BLK_102S,13,판계,1,2025-07-30 13:42:00,2025-07-30 14:22:00,40.0,,공통
b190_sub_heavy_r1,GA,102,BLK_102S,13,전면SAW,2,2025-07-30 22:36:43,2025-07-31 01:00:37,143.9,,공통
b190_sub_heavy_r1,GA,102,BLK_102S,13,TurnOver,3,2025-07-31 01:00:37,2025-07-31 01:12:37,12.0,,공통
b190_sub_heavy_r1,GA,102,BLK_102S,13,후면SAW,4,2025-07-31 01:12:37,2025-07-31 03:16:35,124.0,,공통
b190_sub_heavy_r1,GA,102,BLK_102S,13,NC,5,2025-07-31 03:16:35,2025-07-31 04:02:17,45.7,,공통
b190_sub_heavy_r1,GA,102,BLK_102S,13,베이36B 론지취부,6,2025-07-31 04:02:17,2025-07-31 04:54:17,52.0,36B,베이36B
b190_sub_heavy_r1,GA,102,BLK_102S,13,베이36B 론지용접,7,2025-07-31 04:54:17,2025-07-31 05:14:29,20.2,36B,베이36B
b190_sub_heavy_r1,GA,102,BLK_102S,13,베이36B 수정,8,2025-07-31 05:14:29,2025-07-31 05:45:53,31.4,36B,베이36B
b190_sub_heavy_r1,GA,108,BLK_108P,14,판계,1,2025-07-30 14:22:00,2025-07-30 14:52:00,30.0,,공통
b190_sub_heavy_r1,GA,108,BLK_108P,14,전면SAW,2,2025-07-31 01:00:37,2025-07-31 01:32:36,32.0,,공통
b190_sub_heavy_r1,GA,108,BLK_108P,14,TurnOver,3,2025-07-31 01:32:36,2025-07-31 01:44:36,12.0,,공통
b190_sub_heavy_r1,GA,108,BLK_108P,14,후면SAW,4,2025-07-31 03:16:35,2025-07-31 03:37:32,20.9,,공통
b190_sub_heavy_r1,GA,108,BLK_108P,14,NC,5,2025-07-31 04:02:17,2025-07-31 04:47:07,44.8,,공통
b190_sub_heavy_r1,GA,108,BLK_108P,14,베이35A 론지취부,6,2025-07-31 04:47:07,2025-07-31 06:03:37,76.5,35A,베이35A
b190_sub_heavy_r1,GA,108,BLK_108P,14,베이35A 론지용접,7,2025-07-31 06:03:37,2025-07-31 06:28:01,24.4,35A,베이35A
b190_sub_heavy_r1,GA,108,BLK_108P,14,베이35A 수정,8,2025-07-31 06:28:01,2025-07-31 07:14:49,46.8,35A,베이35A
b190_sub_heavy_r1,GA,109,BLK_109C,15,판계,1,2025-07-30 14:52:00,2025-07-30 15:12:00,20.0,,공통
b190_sub_heavy_r1,GA,109,BLK_109C,15,전면SAW,2,2025-07-31 01:32:36,2025-07-31 02:11:39,39.1,,공통
b190_sub_heavy_r1,GA,109,BLK_109C,15,TurnOver,3,2025-07-31 02:11:39,2025-07-31 02:23:39,12.0,,공통
b190_sub_heavy_r1,GA,109,BLK_109C,15,후면SAW,4,2025-07-31 03:37:32,2025-07-31 04:07:48,30.3,,공통
b190_sub_heavy_r1,GA,109,BLK_109C,15,NC,5,2025-07-31 04:47:07,2025-07-31 05:18:42,31.6,,공통
b190_sub_heavy_r1,GA,109,BLK_109C,15,베이36B 론지취부,6,2025-07-31 05:18:42,2025-07-31 06:35:12,76.5,36B,베이36B
b190_sub_heavy_r1,GA,109,BLK_109C,15,베이36B 론지용접,7,2025-07-31 06:35:12,2025-07-31 06:59:36,24.4,36B,베이36B
b190_sub_heavy_r1,GA,109,BLK_109C,15,베이36B 수정,8,2025-07-31 06:59:36,2025-07-31 07:46:24,46.8,36B,베이36B
b190_sub_heavy_r1,GA,111,BLK_111C,16,판계,1,2025-07-30 15:12:00,2025-07-30 15:57:00,45.0,,공통
b190_sub_heavy_r1,GA,111,BLK_111C,16,전면SAW,2,2025-07-31 02:11:39,2025-07-31 02:51:15,39.6,,공통
b190_sub_heavy_r1,GA,111,BLK_111C,16,TurnOver,3,2025-07-31 02:51:15,2025-07-31 03:03:15,12.0,,공통
b190_sub_heavy_r1,GA,111,BLK_111C,16,후면SAW,4,2025-07-31 04:07:48,2025-07-31 04:38:46,31.0,,공통
b190_sub_heavy_r1,GA,111,BLK_111C,16,NC,5,2025-07-31 05:18:42,2025-07-31 06:11:36,52.9,,공통
b190_sub_heavy_r1,GA,111,BLK_111C,16,베이35A 론지취부,6,2025-07-31 06:11:36,2025-07-31 07:42:06,90.5,35A,베이35A
b190_sub_heavy_r1,GA,111,BLK_111C,16,베이35A 론지용접,7,2025-07-31 07:42:06,2025-07-31 08:08:54,26.8,35A,베이35A
b190_sub_heavy_r1,GA,111,BLK_111C,16,베이35A 수정,8,2025-07-31 08:08:54,2025-07-31 09:04:30,55.6,35A,베이35A
b190_sub_heavy_r1,GA,112,BLK_112S,17,판계,1,2025-07-30 15:57:00,2025-07-30 16:30:00,33.0,,공통
b190_sub_heavy_r1,GA,112,BLK_112S,17,전면SAW,2,2025-07-31 02:51:15,2025-07-31 05:00:55,129.7,,공통
b190_sub_heavy_r1,GA,112,BLK_112S,17,TurnOver,3,2025-07-31 05:00:55,2025-07-31 05:12:55,12.0,,공통
b190_sub_heavy_r1,GA,112,BLK_112S,17,후면SAW,4,2025-07-31 05:12:55,2025-07-31 07:26:09,133.2,,공통
b190_sub_heavy_r1,GA,112,BLK_112S,17,NC,5,2025-07-31 07:26:09,2025-07-31 08:05:58,39.8,,공통
b190_sub_heavy_r1,GA,112,BLK_112S,17,베이36B 론지취부,6,2025-07-31 08:05:58,2025-07-31 09:25:58,80.0,36B,베이36B
b190_sub_heavy_r1,GA,112,BLK_112S,17,베이36B 론지용접,7,2025-07-31 09:25:58,2025-07-31 09:50:58,25.0,36B,베이36B
b190_sub_heavy_r1,GA,112,BLK_112S,17,베이36B 수정,8,2025-07-31 09:50:58,2025-07-31 10:39:58,49.0,36B,베이36B
b190_sub_heavy_r1,GA,116,BLK_116P,18,판계,1,2025-07-30 16:30:00,2025-07-30 16:42:00,12.0,,공통
b190_sub_heavy_r1,GA,116,BLK_116P,18,전면SAW,2,2025-07-31 05:00:55,2025-07-31 05:40:37,39.7,,공통
b190_sub_heavy_r1,GA,116,BLK_116P,18,TurnOver,3,2025-07-31 05:40:37,2025-07-31 05:52:37,12.0,,공통
b190_sub_heavy_r1,GA,116,BLK_116P,18,후면SAW,4,2025-07-31 07:26:09,2025-07-31 07:57:16,31.1,,공통
b190_sub_heavy_r1,GA,116,BLK_116P,18,NC,5,2025-07-31 08:05:58,2025-07-31 08:27:58,22.0,,공통
b190_sub_heavy_r1,GA,116,BLK_116P,18,베이35A 론지취부,6,2025-07-31 08:27:58,2025-07-31 09:09:28,41.5,35A,베이35A
b190_sub_heavy_r1,GA,116,BLK_116P,18,베이35A 론지용접,7,2025-07-31 09:09:28,2025-07-31 09:27:52,18.4,35A,베이35A
b190_sub_heavy_r1,GA,116,BLK_116P,18,베이35A 수정,8,2025-07-31 09:27:52,2025-07-31 09:52:40,24.8,35A,베이35A
b190_sub_heavy_r1,GA,118,BLK_118P,1,판계,1,2025-07-31 08:00:00,2025-07-31 08:30:00,30.0,,공통
b190_sub_heavy_r1,GA,118,BLK_118P,1,전면SAW,2,2025-07-31 08:30:00,2025-07-31 09:02:28,32.5,,공통
b190_sub_heavy_r1,GA,118,BLK_118P,1,TurnOver,3,2025-07-31 09:02:28,2025-07-31 09:14:28,12.0,,공통
b190_sub_heavy_r1,GA,118,BLK_118P,1,후면SAW,4,2025-07-31 09:14:28,2025-07-31 09:36:06,21.6,,공통
b190_sub_heavy_r1,GA,118,BLK_118P,1,NC,5,2025-07-31 09:36:06,2025-07-31 10:25:55,49.8,,공통
b190_sub_heavy_r1,GA,118,BLK_118P,1,베이36B 론지취부,6,2025-07-31 10:25:55,2025-07-31 12:13:55,108.0,36B,베이36B
b190_sub_heavy_r1,GA,118,BLK_118P,1,베이36B 론지용접,7,2025-07-31 12:13:55,2025-07-31 12:43:43,29.8,36B,베이36B
b190_sub_heavy_r1,GA,118,BLK_118P,1,베이36B 수정,8,2025-07-31 12:43:43,2025-07-31 13:50:19,66.6,36B,베이36B
b190_sub_heavy_r1,GA,156,BLK_156P,2,판계,1,2025-07-31 08:30:00,2025-07-31 08:55:00,25.0,,공통
b190_sub_heavy_r1,GA,156,BLK_156P,2,전면SAW,2,2025-07-31 09:02:28,2025-07-31 09:31:40,29.2,,공통
b190_sub_heavy_r1,GA,156,BLK_156P,2,TurnOver,3,2025-07-31 09:31:40,2025-07-31 09:43:40,12.0,,공통
b190_sub_heavy_r1,GA,156,BLK_156P,2,후면SAW,4,2025-07-31 09:43:40,2025-07-31 10:00:57,17.3,,공통
b190_sub_heavy_r1,GA,156,BLK_156P,2,NC,5,2025-07-31 10:25:55,2025-07-31 11:00:05,34.2,,공통
b190_sub_heavy_r1,GA,156,BLK_156P,2,베이35A 론지취부,6,2025-07-31 11:00:05,2025-07-31 12:02:35,62.5,35A,베이35A
b190_sub_heavy_r1,GA,156,BLK_156P,2,베이35A 론지용접,7,2025-07-31 12:02:35,2025-07-31 12:24:35,22.0,35A,베이35A
b190_sub_heavy_r1,GA,156,BLK_156P,2,베이35A 수정,8,2025-07-31 12:24:35,2025-07-31 13:02:35,38.0,35A,베이35A
b190_sub_heavy_r1,GA,65,BLK_65C,3,판계,1,2025-07-31 08:55:00,2025-07-31 09:30:00,35.0,,공통
b190_sub_heavy_r1,GA,65,BLK_65C,3,전면SAW,2,2025-07-31 09:31:40,2025-07-31 11:49:37,138.0,,공통
b190_sub_heavy_r1,GA,65,BLK_65C,3,TurnOver,3,2025-07-31 11:49:37,2025-07-31 12:01:37,12.0,,공통
b190_sub_heavy_r1,GA,65,BLK_65C,3,후면SAW,4,2025-07-31 12:01:37,2025-07-31 13:42:07,100.5,,공통
b190_sub_heavy_r1,GA,65,BLK_65C,3,NC,5,2025-07-31 13:42:07,2025-07-31 14:22:10,40.1,,공통
b190_sub_heavy_r1,GA,65,BLK_65C,3,베이36B 론지취부,6,2025-07-31 14:22:10,2025-07-31 15:00:10,38.0,36B,베이36B
b190_sub_heavy_r1,GA,65,BLK_65C,3,베이36B 론지용접,7,2025-07-31 15:00:10,2025-07-31 15:17:58,17.8,36B,베이36B
b190_sub_heavy_r1,GA,65,BLK_65C,3,베이36B 수정,8,2025-07-31 15:17:58,2025-07-31 15:40:34,22.6,36B,베이36B
b190_sub_heavy_r1,GA,126,BLK_126P,4,판계,1,2025-07-31 09:30:00,2025-07-31 10:00:00,30.0,,공통
b190_sub_heavy_r1,GA,126,BLK_126P,4,전면SAW,2,2025-07-31 11:49:37,2025-07-31 12:31:58,42.4,,공통
b190_sub_heavy_r1,GA,126,BLK_126P,4,TurnOver,3,2025-07-31 12:31:58,2025-07-31 12:43:58,12.0,,공통
b190_sub_heavy_r1,GA,126,BLK_126P,4,후면SAW,4,2025-07-31 13:42:07,2025-07-31 14:16:43,34.6,,공통
b190_sub_heavy_r1,GA,126,BLK_126P,4,NC,5,2025-07-31 14:22:10,2025-07-31 15:02:55,40.8,,공통
b190_sub_heavy_r1,GA,126,BLK_126P,4,베이35A 론지취부,6,2025-07-31 15:02:55,2025-07-31 15:58:25,55.5,35A,베이35A
b190_sub_heavy_r1,GA,126,BLK_126P,4,베이35A 론지용접,7,2025-07-31 15:58:25,2025-07-31 16:19:13,20.8,35A,베이35A
b190_sub_heavy_r1,GA,126,BLK_126P,4,베이35A 수정,8,2025-07-31 16:19:13,2025-07-31 16:52:49,33.6,35A,베이35A
b190_sub_heavy_r1,GA,128,BLK_128P,5,판계,1,2025-07-31 10:00:00,2025-07-31 10:12:00,12.0,,공통
b190_sub_heavy_r1,GA,128,BLK_128P,5,전면SAW,2,2025-07-31 12:31:58,2025-07-31 13:33:51,61.9,,공통
b190_sub_heavy_r1,GA,128,BLK_128P,5,TurnOver,3,2025-07-31 13:33:51,2025-07-31 13:45:51,12.0,,공통
b190_sub_heavy_r1,GA,128,BLK_128P,5,후면SAW,4,2025-07-31 14:16:43,2025-07-31 15:17:01,60.3,,공통
b190_sub_heavy_r1,GA,128,BLK_128P,5,NC,5,2025-07-31 15:17:01,2025-07-31 15:38:07,21.1,,공통
b190_sub_heavy_r1,GA,128,BLK_128P,5,베이36B 론지취부,6,2025-07-31 15:38:07,2025-07-31 16:26:37,48.5,36B,베이36B
b190_sub_heavy_r1,GA,128,BLK_128P,5,베이36B 론지용접,7,2025-07-31 16:26:37,2025-07-31 16:46:13,19.6,36B,베이36B
b190_sub_heavy_r1,GA,128,BLK_128P,5,베이36B 수정,8,2025-07-31 16:46:13,2025-07-31 17:15:25,29.2,36B,베이36B
b190_sub_heavy_r1,GA,170,BLK_170S,6,판계,1,2025-07-31 10:12:00,2025-07-31 10:42:00,30.0,,공통
b190_sub_heavy_r1,GA,170,BLK_170S,6,전면SAW,2,2025-07-31 13:33:51,2025-07-31 15:06:23,92.5,,공통
b190_sub_heavy_r1,GA,170,BLK_170S,6,TurnOver,3,2025-07-31 15:06:23,2025-07-31 15:18:23,12.0,,공통
b190_sub_heavy_r1,GA,170,BLK_170S,6,후면SAW,4,2025-07-31 15:18:23,2025-07-31 16:30:31,72.1,,공통
b190_sub_heavy_r1,GA,170,BLK_170S,6,NC,5,2025-07-31 16:30:31,2025-07-31 17:24:15,53.7,,공통
b190_sub_heavy_r1,GA,170,BLK_170S,6,베이35A 론지취부,6,2025-07-31 17:24:15,2025-07-31 18:33:45,69.5,35A,베이35A
b190_sub_heavy_r1,GA,170,BLK_170S,6,베이35A 론지용접,7,2025-07-31 18:33:45,2025-07-31 18:56:57,23.2,35A,베이35A
b190_sub_heavy_r1,GA,170,BLK_170S,6,베이35A 수정,8,2025-07-31 18:56:57,2025-07-31 19:39:21,42.4,35A,베이35A
b190_sub_heavy_r1,GA,130,BLK_130C,7,판계,1,2025-07-31 10:42:00,2025-07-31 11:12:00,30.0,,공통
b190_sub_heavy_r1,GA,130,BLK_130C,7,전면SAW,2,2025-07-31 15:06:23,2025-07-31 15:38:20,31.9,,공통
b190_sub_heavy_r1,GA,130,BLK_130C,7,TurnOver,3,2025-07-31 15:38:20,2025-07-31 15:50:20,12.0,,공통
b190_sub_heavy_r1,GA,130,BLK_130C,7,후면SAW,4,2025-07-31 16:30:31,2025-07-31 16:51:26,20.9,,공통
b190_sub_heavy_r1,GA,130,BLK_130C,7,NC,5,2025-07-31 17:24:15,2025-07-31 18:06:12,42.0,,공통
b190_sub_heavy_r1,GA,130,BLK_130C,7,베이36B 론지취부,6,2025-07-31 18:06:12,2025-07-31 19:05:12,59.0,36B,베이36B
b190_sub_heavy_r1,GA,130,BLK_130C,7,베이36B 론지용접,7,2025-07-31 19:05:12,2025-07-31 19:26:36,21.4,36B,베이36B
b190_sub_heavy_r1,GA,130,BLK_130C,7,베이36B 수정,8,2025-07-31 19:26:36,2025-07-31 20:02:24,35.8,36B,베이36B
b190_sub_heavy_r1,GA,131,BLK_131P,8,판계,1,2025-07-31 11:12:00,2025-07-31 11:32:00,20.0,,공통
b190_sub_heavy_r1,GA,131,BLK_131P,8,전면SAW,2,2025-07-31 15:38:20,2025-07-31 16:09:40,31.3,,공통
b190_sub_heavy_r1,GA,131,BLK_131P,8,TurnOver,3,2025-07-31 16:09:40,2025-07-31 16:21:40,12.0,,공통
b190_sub_heavy_r1,GA,131,BLK_131P,8,후면SAW,4,2025-07-31 16:51:26,2025-07-31 17:11:33,20.1,,공통
b190_sub_heavy_r1,GA,131,BLK_131P,8,NC,5,2025-07-31 18:06:12,2025-07-31 18:32:00,25.8,,공통
b190_sub_heavy_r1,GA,131,BLK_131P,8,베이35A 론지취부,6,2025-07-31 18:33:45,2025-07-31 19:11:45,38.0,35A,베이35A
b190_sub_heavy_r1,GA,131,BLK_131P,8,베이35A 론지용접,7,2025-07-31 19:11:45,2025-07-31 19:25:33,13.8,35A,베이35A
b190_sub_heavy_r1,GA,131,BLK_131P,8,베이35A 수정,8,2025-07-31 19:39:21,2025-07-31 20:01:57,22.6,35A,베이35A
b190_sub_heavy_r1,GA,136,BLK_136S,9,판계,1,2025-07-31 11:32:00,2025-07-31 12:02:00,30.0,,공통
b190_sub_heavy_r1,GA,136,BLK_136S,9,전면SAW,2,2025-07-31 16:09:40,2025-07-31 16:50:36,40.9,,공통
b190_sub_heavy_r1,GA,136,BLK_136S,9,TurnOver,3,2025-07-31 16:50:36,2025-07-31 17:02:36,12.0,,공통
b190_sub_heavy_r1,GA,136,BLK_136S,9,후면SAW,4,2025-07-31 17:11:33,2025-07-31 17:44:16,32.7,,공통
b190_sub_heavy_r1,GA,136,BLK_136S,9,NC,5,2025-07-31 18:32:00,2025-07-31 19:13:19,41.3,,공통
b190_sub_heavy_r1,GA,136,BLK_136S,9,베이36B 론지취부,6,2025-07-31 19:13:19,2025-07-31 20:29:49,76.5,36B,베이36B
b190_sub_heavy_r1,GA,136,BLK_136S,9,베이36B 론지용접,7,2025-07-31 20:29:49,2025-07-31 20:54:13,24.4,36B,베이36B
b190_sub_heavy_r1,GA,136,BLK_136S,9,베이36B 수정,8,2025-07-31 20:54:13,2025-07-31 21:41:01,46.8,36B,베이36B
b190_sub_heavy_r1,GA,137,BLK_137S,10,판계,1,2025-07-31 12:02:00,2025-07-31 12:32:00,30.0,,공통
b190_sub_heavy_r1,GA,137,BLK_137S,10,전면SAW,2,2025-07-31 16:50:36,2025-07-31 18:45:11,114.6,,공통
b190_sub_heavy_r1,GA,137,BLK_137S,10,TurnOver,3,2025-07-31 18:45:11,2025-07-31 18:57:11,12.0,,공통
b190_sub_heavy_r1,GA,137,BLK_137S,10,후면SAW,4,2025-07-31 18:57:11,2025-07-31 20:29:25,92.2,,공통
b190_sub_heavy_r1,GA,137,BLK_137S,10,NC,5,2025-07-31 20:29:25,2025-07-31 21:24:47,55.4,,공통
b190_sub_heavy_r1,GA,137,BLK_137S,10,베이36B 론지취부,6,2025-07-31 21:24:47,2025-07-31 23:05:47,101.0,36B,베이36B
b190_sub_heavy_r1,GA,137,BLK_137S,10,베이36B 론지용접,7,2025-07-31 23:05:47,2025-07-31 23:34:23,28.6,36B,베이36B
b190_sub_heavy_r1,GA,137,BLK_137S,10,베이36B 수정,8,2025-07-31 23:34:23,2025-08-01 00:36:35,62.2,36B,베이36B
b190_sub_heavy_r1,GA,121,BLK_121P,11,판계,1,2025-07-31 12:32:00,2025-07-31 13:02:00,30.0,,공통
b190_sub_heavy_r1,GA,121,BLK_121P,11,전면SAW,2,2025-07-31 18:45:11,2025-07-31 19:16:04,30.9,,공통
b190_sub_heavy_r1,GA,121,BLK_121P,11,TurnOver,3,2025-07-31 19:16:04,2025-07-31 19:28:04,12.0,,공통
b190_sub_heavy_r1,GA,121,BLK_121P,11,후면SAW,4,2025-07-31 20:29:25,2025-07-31 20:48:55,19.5,,공통
b190_sub_heavy_r1,GA,121,BLK_121P,11,NC,5,2025-07-31 21:24:47,2025-07-31 22:05:04,40.3,,공통
b190_sub_heavy_r1,GA,121,BLK_121P,11,베이35A 론지취부,6,2025-07-31 22:05:04,2025-07-31 22:57:04,52.0,35A,베이35A
b190_sub_heavy_r1,GA,121,BLK_121P,11,베이35A 론지용접,7,2025-07-31 22:57:04,2025-07-31 23:17:16,20.2,35A,베이35A
b190_sub_heavy_r1,GA,121,BLK_121P,11,베이35A 수정,8,2025-07-31 23:17:16,2025-07-31 23:48:40,31.4,35A,베이35A
b190_sub_heavy_r1,GA,56,BLK_56S,12,판계,1,2025-07-31 13:02:00,2025-07-31 13:32:00,30.0,,공통
b190_sub_heavy_r1,GA,56,BLK_56S,12,전면SAW,2,2025-07-31 19:16:04,2025-07-31 19:51:32,35.5,,공통
b190_sub_heavy_r1,GA,56,BLK_56S,12,TurnOver,3,2025-07-31 19:51:32,2025-07-31 20:03:32,12.0,,공통
b190_sub_heavy_r1,GA,56,BLK_56S,12,후면SAW,4,2025-07-31 20:48:55,2025-07-31 21:14:28,25.6,,공통
b190_sub_heavy_r1,GA,56,BLK_56S,12,NC,5,2025-07-31 22:05:04,2025-07-31 22:44:09,39.1,,공통
b190_sub_heavy_r1,GA,56,BLK_56S,12,베이36B 론지취부,6,2025-07-31 23:05:47,2025-08-01 00:08:17,62.5,36B,베이36B
b190_sub_heavy_r1,GA,56,BLK_56S,12,베이36B 론지용접,7,2025-08-01 00:08:17,2025-08-01 00:30:17,22.0,36B,베이36B
b190_sub_heavy_r1,GA,56,BLK_56S,12,베이36B 수정,8,2025-08-01 00:36:35,2025-08-01 01:14:35,38.0,36B,베이36B
b190_sub_heavy_r1,GA,151,BLK_151S,13,판계,1,2025-07-31 13:32:00,2025-07-31 14:02:00,30.0,,공통
b190_sub_heavy_r1,GA,151,BLK_151S,13,전면SAW,2,2025-07-31 19:51:32,2025-07-31 20:35:34,44.0,,공통
b190_sub_heavy_r1,GA,151,BLK_151S,13,TurnOver,3,2025-07-31 20:35:34,2025-07-31 20:47:34,12.0,,공통
b190_sub_heavy_r1,GA,151,BLK_151S,13,후면SAW,4,2025-07-31 21:14:28,2025-07-31 21:51:18,36.8,,공통
b190_sub_heavy_r1,GA,151,BLK_151S,13,NC,5,2025-07-31 22:44:09,2025-07-31 23:32:24,48.3,,공통
b190_sub_heavy_r1,GA,151,BLK_151S,13,베이36B 론지취부,6,2025-08-01 00:08:17,2025-08-01 01:17:47,69.5,36B,베이36B
b190_sub_heavy_r1,GA,151,BLK_151S,13,베이36B 론지용접,7,2025-08-01 01:17:47,2025-08-01 01:40:59,23.2,36B,베이36B
b190_sub_heavy_r1,GA,151,BLK_151S,13,베이36B 수정,8,2025-08-01 01:40:59,2025-08-01 02:23:23,42.4,36B,베이36B
b190_sub_heavy_r1,GA,142,BLK_142P,14,판계,1,2025-07-31 14:02:00,2025-07-31 14:32:00,30.0,,공통
b190_sub_heavy_r1,GA,142,BLK_142P,14,전면SAW,2,2025-07-31 20:35:34,2025-07-31 21:05:36,30.0,,공통
b190_sub_heavy_r1,GA,142,BLK_142P,14,TurnOver,3,2025-07-31 21:05:36,2025-07-31 21:17:36,12.0,,공통
b190_sub_heavy_r1,GA,142,BLK_142P,14,후면SAW,4,2025-07-31 21:51:18,2025-07-31 22:09:41,18.4,,공통
b190_sub_heavy_r1,GA,142,BLK_142P,14,NC,5,2025-07-31 23:32:24,2025-08-01 00:16:27,44.0,,공통
b190_sub_heavy_r1,GA,142,BLK_142P,14,베이35A 론지취부,6,2025-08-01 00:16:27,2025-08-01 01:29:27,73.0,35A,베이35A
b190_sub_heavy_r1,GA,142,BLK_142P,14,베이35A 론지용접,7,2025-08-01 01:29:27,2025-08-01 01:53:15,23.8,35A,베이35A
b190_sub_heavy_r1,GA,142,BLK_142P,14,베이35A 수정,8,2025-08-01 01:53:15,2025-08-01 02:37:51,44.6,35A,베이35A
b190_sub_heavy_r1,GA,146,BLK_146P,15,판계,1,2025-07-31 14:32:00,2025-07-31 14:52:00,20.0,,공통
b190_sub_heavy_r1,GA,146,BLK_146P,15,전면SAW,2,2025-07-31 21:05:36,2025-07-31 21:35:49,30.2,,공통
b190_sub_heavy_r1,GA,146,BLK_146P,15,TurnOver,3,2025-07-31 21:35:49,2025-07-31 21:47:49,12.0,,공통
b190_sub_heavy_r1,GA,146,BLK_146P,15,후면SAW,4,2025-07-31 22:09:41,2025-07-31 22:28:19,18.6,,공통
b190_sub_heavy_r1,GA,146,BLK_146P,15,NC,5,2025-08-01 00:16:27,2025-08-01 00:41:53,25.4,,공통
b190_sub_heavy_r1,GA,146,BLK_146P,15,베이36B 론지취부,6,2025-08-01 01:17:47,2025-08-01 01:48:47,31.0,36B,베이36B
b190_sub_heavy_r1,GA,146,BLK_146P,15,베이36B 론지용접,7,2025-08-01 01:48:47,2025-08-01 02:01:23,12.6,36B,베이36B
b190_sub_heavy_r1,GA,146,BLK_146P,15,베이36B 수정,8,2025-08-01 02:23:23,2025-08-01 02:41:35,18.2,36B,베이36B
b190_sub_heavy_r1,GA,148,BLK_148P,16,판계,1,2025-07-31 14:52:00,2025-07-31 15:25:00,33.0,,공통
b190_sub_heavy_r1,GA,148,BLK_148P,16,전면SAW,2,2025-07-31 21:35:49,2025-07-31 23:14:38,98.8,,공통
b190_sub_heavy_r1,GA,148,BLK_148P,16,TurnOver,3,2025-07-31 23:14:38,2025-07-31 23:26:38,12.0,,공통
b190_sub_heavy_r1,GA,148,BLK_148P,16,후면SAW,4,2025-07-31 23:26:38,2025-08-01 01:03:52,97.2,,공통
b190_sub_heavy_r1,GA,148,BLK_148P,16,NC,5,2025-08-01 01:03:52,2025-08-01 01:45:41,41.8,,공통
b190_sub_heavy_r1,GA,148,BLK_148P,16,베이35A 론지취부,6,2025-08-01 01:45:41,2025-08-01 02:48:11,62.5,35A,베이35A
b190_sub_heavy_r1,GA,148,BLK_148P,16,베이35A 론지용접,7,2025-08-01 02:48:11,2025-08-01 03:10:11,22.0,35A,베이35A
b190_sub_heavy_r1,GA,148,BLK_148P,16,베이35A 수정,8,2025-08-01 03:10:11,2025-08-01 03:48:11,38.0,35A,베이35A
b190_sub_heavy_r1,GA,149,BLK_149P,17,판계,1,2025-07-31 15:25:00,2025-07-31 15:45:00,20.0,,공통
b190_sub_heavy_r1,GA,149,BLK_149P,17,전면SAW,2,2025-07-31 23:14:38,2025-07-31 23:50:19,35.7,,공통
b190_sub_heavy_r1,GA,149,BLK_149P,17,TurnOver,3,2025-07-31 23:50:19,2025-08-01 00:02:19,12.0,,공통
b190_sub_heavy_r1,GA,149,BLK_149P,17,후면SAW,4,2025-08-01 01:03:52,2025-08-01 01:29:42,25.8,,공통
b190_sub_heavy_r1,GA,149,BLK_149P,17,NC,5,2025-08-01 01:45:41,2025-08-01 02:13:00,27.3,,공통
b190_sub_heavy_r1,GA,149,BLK_149P,17,베이36B 론지취부,6,2025-08-01 02:13:00,2025-08-01 02:58:00,45.0,36B,베이36B
b190_sub_heavy_r1,GA,149,BLK_149P,17,베이36B 론지용접,7,2025-08-01 02:58:00,2025-08-01 03:13:00,15.0,36B,베이36B
b190_sub_heavy_r1,GA,149,BLK_149P,17,베이36B 수정,8,2025-08-01 03:13:00,2025-08-01 03:40:00,27.0,36B,베이36B
b190_sub_heavy_r1,GA,150,BLK_150C,18,판계,1,2025-07-31 15:45:00,2025-07-31 16:20:00,35.0,,공통
b190_sub_heavy_r1,GA,150,BLK_150C,18,전면SAW,2,2025-07-31 23:50:19,2025-08-01 02:13:20,143.0,,공통
b190_sub_heavy_r1,GA,150,BLK_150C,18,TurnOver,3,2025-08-01 02:13:20,2025-08-01 02:25:20,12.0,,공통
b190_sub_heavy_r1,GA,150,BLK_150C,18,후면SAW,4,2025-08-01 02:25:20,2025-08-01 04:09:52,104.5,,공통
b190_sub_heavy_r1,GA,150,BLK_150C,18,NC,5,2025-08-01 04:09:52,2025-08-01 04:48:15,38.4,,공통
b190_sub_heavy_r1,GA,150,BLK_150C,18,베이35A 론지취부,6,2025-08-01 04:48:15,2025-08-01 05:40:15,52.0,35A,베이35A
b190_sub_heavy_r1,GA,150,BLK_150C,18,베이35A 론지용접,7,2025-08-01 05:40:15,2025-08-01 06:00:27,20.2,35A,베이35A
b190_sub_heavy_r1,GA,150,BLK_150C,18,베이35A 수정,8,2025-08-01 06:00:27,2025-08-01 06:31:51,31.4,35A,베이35A
b190_sub_heavy_r1,GA,138,BLK_138C,1,판계,1,2025-08-01 08:00:00,2025-08-01 08:30:00,30.0,,공통
b190_sub_heavy_r1,GA,138,BLK_138C,1,전면SAW,2,2025-08-01 08:30:00,2025-08-01 08:59:12,29.2,,공통
b190_sub_heavy_r1,GA,138,BLK_138C,1,TurnOver,3,2025-08-01 08:59:12,2025-08-01 09:11:12,12.0,,공통
b190_sub_heavy_r1,GA,138,BLK_138C,1,후면SAW,4,2025-08-01 09:11:12,2025-08-01 09:28:30,17.3,,공통
b190_sub_heavy_r1,GA,138,BLK_138C,1,NC,5,2025-08-01 09:28:30,2025-08-01 10:09:15,40.8,,공통
b190_sub_heavy_r1,GA,138,BLK_138C,1,베이36B 론지취부,6,2025-08-01 10:09:15,2025-08-01 11:08:15,59.0,36B,베이36B
b190_sub_heavy_r1,GA,138,BLK_138C,1,베이36B 론지용접,7,2025-08-01 11:08:15,2025-08-01 11:29:39,21.4,36B,베이36B
b190_sub_heavy_r1,GA,138,BLK_138C,1,베이36B 수정,8,2025-08-01 11:29:39,2025-08-01 12:05:27,35.8,36B,베이36B
b190_sub_heavy_r1,GA,176,BLK_176C,2,판계,1,2025-08-01 08:30:00,2025-08-01 08:55:00,25.0,,공통
b190_sub_heavy_r1,GA,176,BLK_176C,2,전면SAW,2,2025-08-01 08:59:12,2025-08-01 09:30:15,31.1,,공통
b190_sub_heavy_r1,GA,176,BLK_176C,2,TurnOver,3,2025-08-01 09:30:15,2025-08-01 09:42:15,12.0,,공통
b190_sub_heavy_r1,GA,176,BLK_176C,2,후면SAW,4,2025-08-01 09:42:15,2025-08-01 10:01:58,19.7,,공통
b190_sub_heavy_r1,GA,176,BLK_176C,2,NC,5,2025-08-01 10:09:15,2025-08-01 10:43:43,34.5,,공통
b190_sub_heavy_r1,GA,176,BLK_176C,2,베이35A 론지취부,6,2025-08-01 10:43:43,2025-08-01 12:00:13,76.5,35A,베이35A
b190_sub_heavy_r1,GA,176,BLK_176C,2,베이35A 론지용접,7,2025-08-01 12:00:13,2025-08-01 12:24:37,24.4,35A,베이35A
b190_sub_heavy_r1,GA,176,BLK_176C,2,베이35A 수정,8,2025-08-01 12:24:37,2025-08-01 13:11:25,46.8,35A,베이35A
b190_sub_heavy_r1,GA,152,BLK_152S,3,판계,1,2025-08-01 08:55:00,2025-08-01 09:25:00,30.0,,공통
b190_sub_heavy_r1,GA,152,BLK_152S,3,전면SAW,2,2025-08-01 09:30:15,2025-08-01 10:01:18,31.1,,공통
b190_sub_heavy_r1,GA,152,BLK_152S,3,TurnOver,3,2025-08-01 10:01:18,2025-08-01 10:13:18,12.0,,공통
b190_sub_heavy_r1,GA,152,BLK_152S,3,후면SAW,4,2025-08-01 10:13:18,2025-08-01 10:33:03,19.7,,공통
b190_sub_heavy_r1,GA,152,BLK_152S,3,NC,5,2025-08-01 10:43:43,2025-08-01 11:26:57,43.2,,공통
b190_sub_heavy_r1,GA,152,BLK_152S,3,베이36B 론지취부,6,2025-08-01 11:26:57,2025-08-01 12:15:27,48.5,36B,베이36B
b190_sub_heavy_r1,GA,152,BLK_152S,3,베이36B 론지용접,7,2025-08-01 12:15:27,2025-08-01 12:35:03,19.6,36B,베이36B
b190_sub_heavy_r1,GA,152,BLK_152S,3,베이36B 수정,8,2025-08-01 12:35:03,2025-08-01 13:04:15,29.2,36B,베이36B
b190_sub_heavy_r1,GA,158,BLK_158C,4,판계,1,2025-08-01 09:25:00,2025-08-01 10:00:00,35.0,,공통
b190_sub_heavy_r1,GA,158,BLK_158C,4,전면SAW,2,2025-08-01 10:01:18,2025-08-01 12:57:15,175.9,,공통
b190_sub_heavy_r1,GA,158,BLK_158C,4,TurnOver,3,2025-08-01 12:57:15,2025-08-01 13:09:15,12.0,,공통
b190_sub_heavy_r1,GA,158,BLK_158C,4,후면SAW,4,2025-08-01 13:09:15,2025-08-01 15:20:07,130.9,,공통
b190_sub_heavy_r1,GA,158,BLK_158C,4,NC,5,2025-08-01 15:20:07,2025-08-01 16:00:16,40.1,,공통
b190_sub_heavy_r1,GA,158,BLK_158C,4,베이35A 론지취부,6,2025-08-01 16:00:16,2025-08-01 17:20:16,80.0,35A,베이35A
b190_sub_heavy_r1,GA,158,BLK_158C,4,베이35A 론지용접,7,2025-08-01 17:20:16,2025-08-01 17:45:16,25.0,35A,베이35A
b190_sub_heavy_r1,GA,158,BLK_158C,4,베이35A 수정,8,2025-08-01 17:45:16,2025-08-01 18:34:16,49.0,35A,베이35A
b190_sub_heavy_r1,GA,141,BLK_141P,5,판계,1,2025-08-01 10:00:00,2025-08-01 10:30:00,30.0,,공통
b190_sub_heavy_r1,GA,141,BLK_141P,5,전면SAW,2,2025-08-01 12:57:15,2025-08-01 13:26:19,29.1,,공통
b190_sub_heavy_r1,GA,141,BLK_141P,5,TurnOver,3,2025-08-01 13:26:19,2025-08-01 13:38:19,12.0,,공통
b190_sub_heavy_r1,GA,141,BLK_141P,5,후면SAW,4,2025-08-01 15:20:07,2025-08-01 15:37:15,17.1,,공통
b190_sub_heavy_r1,GA,141,BLK_141P,5,NC,5,2025-08-01 16:00:16,2025-08-01 16:44:22,44.1,,공통
b190_sub_heavy_r1,GA,141,BLK_141P,5,베이36B 론지취부,6,2025-08-01 16:44:22,2025-08-01 17:39:52,55.5,36B,베이36B
b190_sub_heavy_r1,GA,141,BLK_141P,5,베이36B 론지용접,7,2025-08-01 17:39:52,2025-08-01 18:00:40,20.8,36B,베이36B
b190_sub_heavy_r1,GA,141,BLK_141P,5,베이36B 수정,8,2025-08-01 18:00:40,2025-08-01 18:34:16,33.6,36B,베이36B
b190_sub_heavy_r1,GA,168,BLK_168S,6,판계,1,2025-08-01 10:30:00,2025-08-01 11:00:00,30.0,,공통
b190_sub_heavy_r1,GA,168,BLK_168S,6,전면SAW,2,2025-08-01 13:26:19,2025-08-01 15:34:58,128.7,,공통
b190_sub_heavy_r1,GA,168,BLK_168S,6,TurnOver,3,2025-08-01 15:34:58,2025-08-01 15:46:58,12.0,,공통
b190_sub_heavy_r1,GA,168,BLK_168S,6,후면SAW,4,2025-08-01 15:46:58,2025-08-01 17:36:19,109.4,,공통
b190_sub_heavy_r1,GA,168,BLK_168S,6,NC,5,2025-08-01 17:36:19,2025-08-01 18:32:51,56.5,,공통
b190_sub_heavy_r1,GA,168,BLK_168S,6,베이35A 론지취부,6,2025-08-01 18:32:51,2025-08-01 19:59:51,87.0,35A,베이35A
b190_sub_heavy_r1,GA,168,BLK_168S,6,베이35A 론지용접,7,2025-08-01 19:59:51,2025-08-01 20:26:03,26.2,35A,베이35A
b190_sub_heavy_r1,GA,168,BLK_168S,6,베이35A 수정,8,2025-08-01 20:26:03,2025-08-01 21:19:27,53.4,35A,베이35A
b190_sub_heavy_r1,GA,161,BLK_161P,7,판계,1,2025-08-01 11:00:00,2025-08-01 11:20:00,20.0,,공통
b190_sub_heavy_r1,GA,161,BLK_161P,7,전면SAW,2,2025-08-01 15:34:58,2025-08-01 16:07:52,32.9,,공통
b190_sub_heavy_r1,GA,161,BLK_161P,7,TurnOver,3,2025-08-01 16:07:52,2025-08-01 16:19:52,12.0,,공통
b190_sub_heavy_r1,GA,161,BLK_161P,7,후면SAW,4,2025-08-01 17:36:19,2025-08-01 17:58:30,22.2,,공통
b190_sub_heavy_r1,GA,161,BLK_161P,7,NC,5,2025-08-01 18:32:51,2025-08-01 18:58:47,25.9,,공통
b190_sub_heavy_r1,GA,161,BLK_161P,7,베이36B 론지취부,6,2025-08-01 18:58:47,2025-08-01 19:36:47,38.0,36B,베이36B
b190_sub_heavy_r1,GA,161,BLK_161P,7,베이36B 론지용접,7,2025-08-01 19:36:47,2025-08-01 19:50:35,13.8,36B,베이36B
b190_sub_heavy_r1,GA,161,BLK_161P,7,베이36B 수정,8,2025-08-01 19:50:35,2025-08-01 20:13:11,22.6,36B,베이36B
b190_sub_heavy_r1,GA,162,BLK_162C,8,판계,1,2025-08-01 11:20:00,2025-08-01 11:50:00,30.0,,공통
b190_sub_heavy_r1,GA,162,BLK_162C,8,전면SAW,2,2025-08-01 16:07:52,2025-08-01 19:10:21,182.5,,공통
b190_sub_heavy_r1,GA,162,BLK_162C,8,TurnOver,3,2025-08-01 19:10:21,2025-08-01 19:22:21,12.0,,공통
b190_sub_heavy_r1,GA,162,BLK_162C,8,후면SAW,4,2025-08-01 19:22:21,2025-08-01 21:38:28,136.1,,공통
b190_sub_heavy_r1,GA,162,BLK_162C,8,NC,5,2025-08-01 21:38:28,2025-08-01 22:39:29,61.0,,공통
b190_sub_heavy_r1,GA,162,BLK_162C,8,베이36B 론지취부,6,2025-08-01 22:39:29,2025-08-01 23:59:29,80.0,36B,베이36B
b190_sub_heavy_r1,GA,162,BLK_162C,8,베이36B 론지용접,7,2025-08-01 23:59:29,2025-08-02 00:24:29,25.0,36B,베이36B
b190_sub_heavy_r1,GA,162,BLK_162C,8,베이36B 수정,8,2025-08-02 00:24:29,2025-08-02 01:13:29,49.0,36B,베이36B
b190_sub_heavy_r1,GA,166,BLK_166S,9,판계,1,2025-08-01 11:50:00,2025-08-01 12:10:00,20.0,,공통
b190_sub_heavy_r1,GA,166,BLK_166S,9,전면SAW,2,2025-08-01 19:10:21,2025-08-01 19:44:53,34.5,,공통
b190_sub_heavy_r1,GA,166,BLK_166S,9,TurnOver,3,2025-08-01 19:44:53,2025-08-01 19:56:53,12.0,,공통
b190_sub_heavy_r1,GA,166,BLK_166S,9,후면SAW,4,2025-08-01 21:38:28,2025-08-01 22:02:48,24.3,,공통
b190_sub_heavy_r1,GA,166,BLK_166S,9,NC,5,2025-08-01 22:39:29,2025-08-01 23:07:58,28.5,,공통
b190_sub_heavy_r1,GA,166,BLK_166S,9,베이35A 론지취부,6,2025-08-01 23:07:58,2025-08-01 23:56:28,48.5,35A,베이35A
b190_sub_heavy_r1,GA,166,BLK_166S,9,베이35A 론지용접,7,2025-08-01 23:56:28,2025-08-02 00:16:04,19.6,35A,베이35A
b190_sub_heavy_r1,GA,166,BLK_166S,9,베이35A 수정,8,2025-08-02 00:16:04,2025-08-02 00:45:16,29.2,35A,베이35A
b190_sub_heavy_r1,GA,167,BLK_167C,10,판계,1,2025-08-01 12:10:00,2025-08-01 12:35:00,25.0,,공통
b190_sub_heavy_r1,GA,167,BLK_167C,10,전면SAW,2,2025-08-01 19:44:53,2025-08-01 20:19:42,34.8,,공통
b190_sub_heavy_r1,GA,167,BLK_167C,10,TurnOver,3,2025-08-01 20:19:42,2025-08-01 20:31:42,12.0,,공통
b190_sub_heavy_r1,GA,167,BLK_167C,10,후면SAW,4,2025-08-01 22:02:48,2025-08-01 22:27:30,24.7,,공통
b190_sub_heavy_r1,GA,167,BLK_167C,10,NC,5,2025-08-01 23:07:58,2025-08-01 23:47:18,39.3,,공통
b190_sub_heavy_r1,GA,167,BLK_167C,10,베이36B 론지취부,6,2025-08-01 23:59:29,2025-08-02 01:26:29,87.0,36B,베이36B
b190_sub_heavy_r1,GA,167,BLK_167C,10,베이36B 론지용접,7,2025-08-02 01:26:29,2025-08-02 01:52:41,26.2,36B,베이36B
b190_sub_heavy_r1,GA,167,BLK_167C,10,베이36B 수정,8,2025-08-02 01:52:41,2025-08-02 02:46:05,53.4,36B,베이36B
b190_sub_heavy_r1,GA,169,BLK_169S,11,판계,1,2025-08-01 12:35:00,2025-08-01 13:13:00,38.0,,공통
b190_sub_heavy_r1,GA,169,BLK_169S,11,전면SAW,2,2025-08-01 20:19:42,2025-08-01 21:42:19,82.6,,공통
b190_sub_heavy_r1,GA,169,BLK_169S,11,TurnOver,3,2025-08-01 21:42:19,2025-08-01 21:54:19,12.0,,공통
b190_sub_heavy_r1,GA,169,BLK_169S,11,후면SAW,4,2025-08-01 22:27:30,2025-08-01 23:30:34,63.1,,공통
b190_sub_heavy_r1,GA,169,BLK_169S,11,NC,5,2025-08-01 23:47:18,2025-08-02 00:30:50,43.5,,공통
b190_sub_heavy_r1,GA,169,BLK_169S,11,베이35A 론지취부,6,2025-08-02 00:30:50,2025-08-02 01:12:20,41.5,35A,베이35A
b190_sub_heavy_r1,GA,169,BLK_169S,11,베이35A 론지용접,7,2025-08-02 01:12:20,2025-08-02 01:30:44,18.4,35A,베이35A
b190_sub_heavy_r1,GA,169,BLK_169S,11,베이35A 수정,8,2025-08-02 01:30:44,2025-08-02 01:55:32,24.8,35A,베이35A
b190_sub_heavy_r1,GA,43,BLK_43P,12,판계,1,2025-08-01 13:13:00,2025-08-01 13:38:00,25.0,,공통
b190_sub_heavy_r1,GA,43,BLK_43P,12,전면SAW,2,2025-08-01 21:42:19,2025-08-01 22:12:49,30.5,,공통
b190_sub_heavy_r1,GA,43,BLK_43P,12,TurnOver,3,2025-08-01 22:12:49,2025-08-01 22:24:49,12.0,,공통
b190_sub_heavy_r1,GA,43,BLK_43P,12,후면SAW,4,2025-08-01 23:30:34,2025-08-01 23:49:35,19.0,,공통
b190_sub_heavy_r1,GA,43,BLK_43P,12,NC,5,2025-08-02 00:30:50,2025-08-02 01:01:46,30.9,,공통
b190_sub_heavy_r1,GA,43,BLK_43P,12,베이36B 론지취부,6,2025-08-02 01:26:29,2025-08-02 02:07:59,41.5,36B,베이36B
b190_sub_heavy_r1,GA,43,BLK_43P,12,베이36B 론지용접,7,2025-08-02 02:07:59,2025-08-02 02:22:23,14.4,36B,베이36B
b190_sub_heavy_r1,GA,43,BLK_43P,12,베이36B 수정,8,2025-08-02 02:46:05,2025-08-02 03:10:53,24.8,36B,베이36B
b190_sub_heavy_r1,GA,129,BLK_129P,13,판계,1,2025-08-01 13:38:00,2025-08-01 13:58:00,20.0,,공통
b190_sub_heavy_r1,GA,129,BLK_129P,13,전면SAW,2,2025-08-01 22:12:49,2025-08-01 22:47:26,34.6,,공통
b190_sub_heavy_r1,GA,129,BLK_129P,13,TurnOver,3,2025-08-01 22:47:26,2025-08-01 22:59:26,12.0,,공통
b190_sub_heavy_r1,GA,129,BLK_129P,13,후면SAW,4,2025-08-01 23:49:35,2025-08-02 00:14:00,24.4,,공통
b190_sub_heavy_r1,GA,129,BLK_129P,13,NC,5,2025-08-02 01:01:46,2025-08-02 01:32:55,31.2,,공통
b190_sub_heavy_r1,GA,129,BLK_129P,13,베이35A 론지취부,6,2025-08-02 01:32:55,2025-08-02 02:45:55,73.0,35A,베이35A
b190_sub_heavy_r1,GA,129,BLK_129P,13,베이35A 론지용접,7,2025-08-02 02:45:55,2025-08-02 03:09:43,23.8,35A,베이35A
b190_sub_heavy_r1,GA,129,BLK_129P,13,베이35A 수정,8,2025-08-02 03:09:43,2025-08-02 03:54:19,44.6,35A,베이35A
b190_sub_heavy_r1,GA,172,BLK_172P,14,판계,1,2025-08-01 13:58:00,2025-08-01 14:23:00,25.0,,공통
b190_sub_heavy_r1,GA,172,BLK_172P,14,전면SAW,2,2025-08-01 22:47:26,2025-08-01 23:19:19,31.9,,공통
b190_sub_heavy_r1,GA,172,BLK_172P,14,TurnOver,3,2025-08-01 23:19:19,2025-08-01 23:31:19,12.0,,공통
b190_sub_heavy_r1,GA,172,BLK_172P,14,후면SAW,4,2025-08-02 00:14:00,2025-08-02 00:34:50,20.8,,공통
b190_sub_heavy_r1,GA,172,BLK_172P,14,NC,5,2025-08-02 01:32:55,2025-08-02 02:07:03,34.1,,공통
b190_sub_heavy_r1,GA,172,BLK_172P,14,베이36B 론지취부,6,2025-08-02 02:07:59,2025-08-02 02:52:59,45.0,36B,베이36B
b190_sub_heavy_r1,GA,172,BLK_172P,14,베이36B 론지용접,7,2025-08-02 02:52:59,2025-08-02 03:11:59,19.0,36B,베이36B
b190_sub_heavy_r1,GA,172,BLK_172P,14,베이36B 수정,8,2025-08-02 03:11:59,2025-08-02 03:38:59,27.0,36B,베이36B
b190_sub_heavy_r1,GA,174,BLK_174P,15,판계,1,2025-08-01 14:23:00,2025-08-01 14:53:00,30.0,,공통
b190_sub_heavy_r1,GA,174,BLK_174P,15,전면SAW,2,2025-08-01 23:19:19,2025-08-01 23:50:55,31.6,,공통
b190_sub_heavy_r1,GA,174,BLK_174P,15,TurnOver,3,2025-08-01 23:50:55,2025-08-02 00:02:55,12.0,,공통
b190_sub_heavy_r1,GA,174,BLK_174P,15,후면SAW,4,2025-08-02 00:34:50,2025-08-02 00:55:18,20.5,,공통
b190_sub_heavy_r1,GA,174,BLK_174P,15,NC,5,2025-08-02 02:07:03,2025-08-02 02:49:51,42.8,,공통
b190_sub_heavy_r1,GA,174,BLK_174P,15,베이35A 론지취부,6,2025-08-02 02:49:51,2025-08-02 04:23:51,94.0,35A,베이35A
b190_sub_heavy_r1,GA,174,BLK_174P,15,베이35A 론지용접,7,2025-08-02 04:23:51,2025-08-02 04:51:15,27.4,35A,베이35A
b190_sub_heavy_r1,GA,174,BLK_174P,15,베이35A 수정,8,2025-08-02 04:51:15,2025-08-02 05:49:03,57.8,35A,베이35A
b190_sub_heavy_r1,GA,179,BLK_179C,16,판계,1,2025-08-01 14:53:00,2025-08-01 15:28:00,35.0,,공통
b190_sub_heavy_r1,GA,179,BLK_179C,16,전면SAW,2,2025-08-01 23:50:55,2025-08-02 02:16:57,146.0,,공통
b190_sub_heavy_r1,GA,179,BLK_179C,16,TurnOver,3,2025-08-02 02:16:57,2025-08-02 02:28:57,12.0,,공통
b190_sub_heavy_r1,GA,179,BLK_179C,16,후면SAW,4,2025-08-02 02:28:57,2025-08-02 04:15:53,106.9,,공통
b190_sub_heavy_r1,GA,179,BLK_179C,16,NC,5,2025-08-02 04:15:53,2025-08-02 04:55:55,40.0,,공통
b190_sub_heavy_r1,GA,179,BLK_179C,16,베이36B 론지취부,6,2025-08-02 04:55:55,2025-08-02 06:15:55,80.0,36B,베이36B
b190_sub_heavy_r1,GA,179,BLK_179C,16,베이36B 론지용접,7,2025-08-02 06:15:55,2025-08-02 06:40:55,25.0,36B,베이36B
b190_sub_heavy_r1,GA,179,BLK_179C,16,베이36B 수정,8,2025-08-02 06:40:55,2025-08-02 07:29:55,49.0,36B,베이36B
b190_sub_heavy_r1,GA,139,BLK_139P,17,판계,1,2025-08-01 15:28:00,2025-08-01 15:58:00,30.0,,공통
b190_sub_heavy_r1,GA,139,BLK_139P,17,전면SAW,2,2025-08-02 02:16:57,2025-08-02 02:45:18,28.4,,공통
b190_sub_heavy_r1,GA,139,BLK_139P,17,TurnOver,3,2025-08-02 02:45:18,2025-08-02 02:57:18,12.0,,공통
b190_sub_heavy_r1,GA,139,BLK_139P,17,후면SAW,4,2025-08-02 04:15:53,2025-08-02 04:32:04,16.2,,공통
b190_sub_heavy_r1,GA,139,BLK_139P,17,NC,5,2025-08-02 04:55:55,2025-08-02 05:40:54,45.0,,공통
b190_sub_heavy_r1,GA,139,BLK_139P,17,베이35A 론지취부,6,2025-08-02 05:40:54,2025-08-02 06:39:54,59.0,35A,베이35A
b190_sub_heavy_r1,GA,139,BLK_139P,17,베이35A 론지용접,7,2025-08-02 06:39:54,2025-08-02 07:01:18,21.4,35A,베이35A
b190_sub_heavy_r1,GA,139,BLK_139P,17,베이35A 수정,8,2025-08-02 07:01:18,2025-08-02 07:37:06,35.8,35A,베이35A
b190_sub_heavy_r1,GA,183,BLK_7S,44,판계,1,2025-07-24 11:21:00,2025-07-24 11:41:00,20.0,,공통
b190_sub_heavy_r1,GA,183,BLK_7S,44,전면SAW,2,2025-07-24 16:11:12,2025-07-24 16:49:55,38.7,,공통
b190_sub_heavy_r1,GA,183,BLK_7S,44,TurnOver,3,2025-07-24 16:49:55,2025-07-24 17:01:55,12.0,,공통
b190_sub_heavy_r1,GA,183,BLK_7S,44,후면SAW,4,2025-07-24 18:05:33,2025-07-24 18:35:23,29.8,,공통
b190_sub_heavy_r1,GA,183,BLK_7S,44,NC,5,2025-07-24 18:39:41,2025-07-24 19:12:27,32.8,,공통
b190_sub_heavy_r1,GA,183,BLK_7S,44,베이36B 론지취부,6,2025-07-24 19:12:27,2025-07-24 20:14:57,62.5,36B,베이36B
b190_sub_heavy_r1,GA,183,BLK_7S,44,베이36B 론지용접,7,2025-07-24 20:14:57,2025-07-24 20:36:57,22.0,36B,베이36B
b190_sub_heavy_r1,GA,183,BLK_7S,44,베이36B 수정,8,2025-07-24 20:36:57,2025-07-24 21:14:57,38.0,36B,베이36B
b190_sub_heavy_r1,GA,187,BLK_8S,45,판계,1,2025-07-24 11:41:00,2025-07-24 12:01:00,20.0,,공통
b190_sub_heavy_r1,GA,187,BLK_8S,45,전면SAW,2,2025-07-24 16:49:55,2025-07-24 17:29:06,39.2,,공통
b190_sub_heavy_r1,GA,187,BLK_8S,45,TurnOver,3,2025-07-24 17:29:06,2025-07-24 17:41:06,12.0,,공통
b190_sub_heavy_r1,GA,187,BLK_8S,45,후면SAW,4,2025-07-24 18:35:23,2025-07-24 19:05:49,30.4,,공통
b190_sub_heavy_r1,GA,187,BLK_8S,45,NC,5,2025-07-24 19:12:27,2025-07-24 19:42:44,30.3,,공통
b190_sub_heavy_r1,GA,187,BLK_8S,45,베이35A 론지취부,6,2025-07-24 19:42:44,2025-07-24 20:24:14,41.5,35A,베이35A
b190_sub_heavy_r1,GA,187,BLK_8S,45,베이35A 론지용접,7,2025-07-24 20:24:14,2025-07-24 20:42:38,18.4,35A,베이35A
b190_sub_heavy_r1,GA,187,BLK_8S,45,베이35A 수정,8,2025-07-24 20:42:38,2025-07-24 21:07:26,24.8,35A,베이35A
b190_sub_heavy_r1,GA,185,BLK_20S,70,판계,1,2025-07-25 15:34:00,2025-07-25 15:59:00,25.0,,공통
b190_sub_heavy_r1,GA,185,BLK_20S,70,전면SAW,2,2025-07-26 02:48:11,2025-07-26 03:24:09,36.0,,공통
b190_sub_heavy_r1,GA,185,BLK_20S,70,TurnOver,3,2025-07-26 03:24:09,2025-07-26 03:36:09,12.0,,공통
b190_sub_heavy_r1,GA,185,BLK_20S,70,후면SAW,4,2025-07-26 04:45:38,2025-07-26 05:11:50,26.2,,공통
b190_sub_heavy_r1,GA,185,BLK_20S,70,NC,5,2025-07-26 05:30:28,2025-07-26 06:08:11,37.7,,공통
b190_sub_heavy_r1,GA,185,BLK_20S,70,베이35A 론지취부,6,2025-07-26 06:08:11,2025-07-26 07:28:11,80.0,35A,베이35A
b190_sub_heavy_r1,GA,185,BLK_20S,70,베이35A 론지용접,7,2025-07-26 07:28:11,2025-07-26 07:53:11,25.0,35A,베이35A
b190_sub_heavy_r1,GA,185,BLK_20S,70,베이35A 수정,8,2025-07-26 07:53:11,2025-07-26 08:42:11,49.0,35A,베이35A
b190_sub_heavy_r1,GA,188,BLK_23P,71,판계,1,2025-07-25 15:59:00,2025-07-25 16:37:00,38.0,,공통
b190_sub_heavy_r1,GA,188,BLK_23P,71,전면SAW,2,2025-07-26 03:24:09,2025-07-26 04:54:25,90.3,,공통
b190_sub_heavy_r1,GA,188,BLK_23P,71,TurnOver,3,2025-07-26 04:54:25,2025-07-26 05:06:25,12.0,,공통
b190_sub_heavy_r1,GA,188,BLK_23P,71,후면SAW,4,2025-07-26 05:11:50,2025-07-26 06:21:54,70.1,,공통
b190_sub_heavy_r1,GA,188,BLK_23P,71,NC,5,2025-07-26 06:21:54,2025-07-26 07:07:19,45.4,,공통
b190_sub_heavy_r1,GA,188,BLK_23P,71,베이36B 론지취부,6,2025-07-26 07:07:19,2025-07-26 07:41:49,34.5,36B,베이36B
b190_sub_heavy_r1,GA,188,BLK_23P,71,베이36B 론지용접,7,2025-07-26 07:41:49,2025-07-26 07:59:01,17.2,36B,베이36B
b190_sub_heavy_r1,GA,188,BLK_23P,71,베이36B 수정,8,2025-07-26 08:29:40,2025-07-26 08:50:04,20.4,36B,베이36B
b190_sub_heavy_r1,GA,181,BLK_127P,81,판계,1,2025-07-26 12:34:00,2025-07-26 13:12:00,38.0,,공통
b190_sub_heavy_r1,GA,181,BLK_127P,81,전면SAW,2,2025-07-26 16:46:54,2025-07-26 18:32:29,105.6,,공통
b190_sub_heavy_r1,GA,181,BLK_127P,81,TurnOver,3,2025-07-26 18:32:29,2025-07-26 18:44:29,12.0,,공통
b190_sub_heavy_r1,GA,181,BLK_127P,81,후면SAW,4,2025-07-26 18:44:29,2025-07-26 20:08:31,84.0,,공통
b190_sub_heavy_r1,GA,181,BLK_127P,81,NC,5,2025-07-26 20:08:31,2025-07-26 20:56:11,47.7,,공통
b190_sub_heavy_r1,GA,181,BLK_127P,81,베이35A 론지취부,6,2025-07-26 20:56:11,2025-07-26 22:02:11,66.0,35A,베이35A
b190_sub_heavy_r1,GA,181,BLK_127P,81,베이35A 론지용접,7,2025-07-26 22:02:11,2025-07-26 22:24:47,22.6,35A,베이35A
b190_sub_heavy_r1,GA,181,BLK_127P,81,베이35A 수정,8,2025-07-26 22:24:47,2025-07-26 23:04:59,40.2,35A,베이35A
b190_sub_heavy_r1,GA,189,BLK_106C,89,판계,1,2025-07-27 11:18:00,2025-07-27 11:48:00,30.0,,공통
b190_sub_heavy_r1,GA,189,BLK_106C,89,전면SAW,2,2025-07-27 15:41:15,2025-07-27 16:10:25,29.2,,공통
b190_sub_heavy_r1,GA,189,BLK_106C,89,TurnOver,3,2025-07-27 16:10:25,2025-07-27 16:22:25,12.0,,공통
b190_sub_heavy_r1,GA,189,BLK_106C,89,후면SAW,4,2025-07-27 17:34:50,2025-07-27 17:52:06,17.3,,공통
b190_sub_heavy_r1,GA,189,BLK_106C,89,NC,5,2025-07-27 18:03:26,2025-07-27 18:49:57,46.5,,공통
b190_sub_heavy_r1,GA,189,BLK_106C,89,베이35A 론지취부,6,2025-07-27 19:00:20,2025-07-27 20:02:50,62.5,35A,베이35A
b190_sub_heavy_r1,GA,189,BLK_106C,89,베이35A 론지용접,7,2025-07-27 20:02:50,2025-07-27 20:24:50,22.0,35A,베이35A
b190_sub_heavy_r1,GA,189,BLK_106C,89,베이35A 수정,8,2025-07-27 20:24:50,2025-07-27 21:02:50,38.0,35A,베이35A
b190_sub_heavy_r1,GA,184,BLK_61P,96,판계,1,2025-07-28 09:32:00,2025-07-28 10:02:00,30.0,,공통
b190_sub_heavy_r1,GA,184,BLK_61P,96,전면SAW,2,2025-07-28 13:20:05,2025-07-28 13:53:09,33.1,,공통
b190_sub_heavy_r1,GA,184,BLK_61P,96,TurnOver,3,2025-07-28 13:53:09,2025-07-28 14:05:09,12.0,,공통
b190_sub_heavy_r1,GA,184,BLK_61P,96,후면SAW,4,2025-07-28 15:45:18,2025-07-28 16:07:41,22.4,,공통
b190_sub_heavy_r1,GA,184,BLK_61P,96,NC,5,2025-07-28 17:19:29,2025-07-28 18:02:52,43.4,,공통
b190_sub_heavy_r1,GA,184,BLK_61P,96,베이36B 론지취부,6,2025-07-28 18:02:52,2025-07-28 19:12:22,69.5,36B,베이36B
b190_sub_heavy_r1,GA,184,BLK_61P,96,베이36B 론지용접,7,2025-07-28 19:12:22,2025-07-28 19:35:34,23.2,36B,베이36B
b190_sub_heavy_r1,GA,184,BLK_61P,96,베이36B 수정,8,2025-07-28 19:35:34,2025-07-28 20:17:58,42.4,36B,베이36B
b190_sub_heavy_r1,GA,186,BLK_76C,97,판계,1,2025-07-28 10:02:00,2025-07-28 10:14:00,12.0,,공통
b190_sub_heavy_r1,GA,186,BLK_76C,97,전면SAW,2,2025-07-28 13:53:09,2025-07-28 14:34:21,41.2,,공통
b190_sub_heavy_r1,GA,186,BLK_76C,97,TurnOver,3,2025-07-28 14:34:21,2025-07-28 14:46:21,12.0,,공통
b190_sub_heavy_r1,GA,186,BLK_76C,97,후면SAW,4,2025-07-28 16:07:41,2025-07-28 16:40:48,33.1,,공통
b190_sub_heavy_r1,GA,186,BLK_76C,97,NC,5,2025-07-28 18:02:52,2025-07-28 18:23:56,21.1,,공통
b190_sub_heavy_r1,GA,186,BLK_76C,97,베이35A 론지취부,6,2025-07-28 18:50:32,2025-07-28 19:38:32,48.0,35A,베이35A
b190_sub_heavy_r1,GA,186,BLK_76C,97,베이35A 론지용접,7,2025-07-28 19:38:32,2025-07-28 20:01:20,22.8,35A,베이35A
b190_sub_heavy_r1,GA,186,BLK_76C,97,베이35A 수정,8,2025-07-28 20:01:50,2025-07-28 20:15:38,13.8,35A,베이35A
b190_sub_heavy_r1,GA,190,BLK_134C,104,판계,1,2025-07-28 13:12:00,2025-07-28 13:37:00,25.0,,공통
b190_sub_heavy_r1,GA,190,BLK_134C,104,전면SAW,2,2025-07-28 21:21:12,2025-07-28 22:12:00,50.8,,공통
b190_sub_heavy_r1,GA,190,BLK_134C,104,TurnOver,3,2025-07-28 22:12:00,2025-07-28 22:24:00,12.0,,공통
b190_sub_heavy_r1,GA,190,BLK_134C,104,후면SAW,4,2025-07-28 22:34:33,2025-07-28 23:20:17,45.7,,공통
b190_sub_heavy_r1,GA,190,BLK_134C,104,NC,5,2025-07-28 23:20:17,2025-07-28 23:58:40,38.4,,공통
b190_sub_heavy_r1,GA,190,BLK_134C,104,베이36B 론지취부,6,2025-07-28 23:58:40,2025-07-29 01:15:10,76.5,36B,베이36B
b190_sub_heavy_r1,GA,190,BLK_134C,104,베이36B 론지용접,7,2025-07-29 01:15:10,2025-07-29 01:39:34,24.4,36B,베이36B
b190_sub_heavy_r1,GA,190,BLK_134C,104,베이36B 수정,8,2025-07-29 01:39:34,2025-07-29 02:26:22,46.8,36B,베이36B
b190_sub_heavy_r1,GA,182,BLK_102S,140,판계,1,2025-07-30 13:42:00,2025-07-30 14:22:00,40.0,,공통
b190_sub_heavy_r1,GA,182,BLK_102S,140,전면SAW,2,2025-07-30 22:36:43,2025-07-31 01:00:37,143.9,,공통
b190_sub_heavy_r1,GA,182,BLK_102S,140,TurnOver,3,2025-07-31 01:00:37,2025-07-31 01:12:37,12.0,,공통
b190_sub_heavy_r1,GA,182,BLK_102S,140,후면SAW,4,2025-07-31 01:12:37,2025-07-31 03:16:35,124.0,,공통
b190_sub_heavy_r1,GA,182,BLK_102S,140,NC,5,2025-07-31 03:16:35,2025-07-31 04:02:17,45.7,,공통
b190_sub_heavy_r1,GA,182,BLK_102S,140,베이36B 론지취부,6,2025-07-31 04:02:17,2025-07-31 04:54:17,52.0,36B,베이36B
b190_sub_heavy_r1,GA,182,BLK_102S,140,베이36B 론지용접,7,2025-07-31 04:54:17,2025-07-31 05:14:29,20.2,36B,베이36B
b190_sub_heavy_r1,GA,182,BLK_102S,140,베이36B 수정,8,2025-07-31 05:14:29,2025-07-31 05:45:53,31.4,36B,베이36B
