grid_case_id,method_label,size_bucket,total_blocks,distribution_profile,graph_makespan_hours,graph_violations,date,block_id,block_name,sequence,process_name,process_index,start_time,end_time,duration_min,assigned_bay,machine_type,unity_process_row_source,source_representative_block_id
b200_mixed_ps_sub_r1,LPT,Large (141-200),200,mixed_ps_sub,256.71666666666664,18,20251026,17,BLK_17P,1,판계,1,2025-10-26 08:00:00,2025-10-26 08:33:00,33.0,,공통,raw,
b200_mixed_ps_sub_r1,LPT,Large (141-200),200,mixed_ps_sub,256.71666666666664,18,20251026,17,BLK_17P,1,전면SAW,2,2025-10-26 08:33:00,2025-10-26 10:28:27,115.5,,공통,raw,
b200_mixed_ps_sub_r1,LPT,Large (141-200),200,mixed_ps_sub,256.71666666666664,18,20251026,17,BLK_17P,1,TurnOver,3,2025-10-26 10:28:27,2025-10-26 10:40:27,12.0,,공통,raw,
b200_mixed_ps_sub_r1,LPT,Large (141-200),200,mixed_ps_sub,256.71666666666664,18,20251026,17,BLK_17P,1,후면SAW,4,2025-10-26 10:40:27,2025-10-26 12:13:28,93.0,,공통,raw,
b200_mixed_ps_sub_r1,LPT,Large (141-200),200,mixed_ps_sub,256.71666666666664,18,20251026,17,BLK_17P,1,NC,5,2025-10-26 12:13:28,2025-10-26 12:55:01,41.6,,공통,raw,
b200_mixed_ps_sub_r1,LPT,Large (141-200),200,mixed_ps_sub,256.71666666666664,18,20251026,17,BLK_17P,1,베이35A 론지취부,6,2025-10-26 12:55:01,2025-10-26 14:11:31,76.5,35A,베이35A,raw,
b200_mixed_ps_sub_r1,LPT,Large (141-200),200,mixed_ps_sub,256.71666666666664,18,20251026,17,BLK_17P,1,베이35A 론지용접,7,2025-10-26 14:11:31,2025-10-26 14:35:55,24.4,35A,베이35A,raw,
b200_mixed_ps_sub_r1,LPT,Large (141-200),200,mixed_ps_sub,256.71666666666664,18,20251026,17,BLK_17P,1,베이35A 수정,8,2025-10-26 14:35:55,2025-10-26 15:22:43,46.8,35A,베이35A,raw,
b200_mixed_ps_sub_r1,LPT,Large (141-200),200,mixed_ps_sub,256.71666666666664,18,20251026,5,BLK_5P,2,판계,1,2025-10-26 08:33:00,2025-10-26 09:03:00,30.0,,공통,raw,
b200_mixed_ps_sub_r1,LPT,Large (141-200),200,mixed_ps_sub,256.71666666666664,18,20251026,5,BLK_5P,2,전면SAW,2,2025-10-26 10:28:27,2025-10-26 11:07:07,38.7,,공통,raw,
b200_mixed_ps_sub_r1,LPT,Large (141-200),200,mixed_ps_sub,256.71666666666664,18,20251026,5,BLK_5P,2,TurnOver,3,2025-10-26 11:07:07,2025-10-26 11:19:07,12.0,,공통,raw,
b200_mixed_ps_sub_r1,LPT,Large (141-200),200,mixed_ps_sub,256.71666666666664,18,20251026,5,BLK_5P,2,후면SAW,4,2025-10-26 12:13:28,2025-10-26 12:43:13,29.8,,공통,raw,
b200_mixed_ps_sub_r1,LPT,Large (141-200),200,mixed_ps_sub,256.71666666666664,18,20251026,5,BLK_5P,2,NC,5,2025-10-26 12:55:01,2025-10-26 13:37:12,42.2,,공통,raw,
b200_mixed_ps_sub_r1,LPT,Large (141-200),200,mixed_ps_sub,256.71666666666664,18,20251026,5,BLK_5P,2,베이36B 론지취부,6,2025-10-26 13:37:12,2025-10-26 14:36:12,59.0,36B,베이36B,raw,
b200_mixed_ps_sub_r1,LPT,Large (141-200),200,mixed_ps_sub,256.71666666666664,18,20251026,5,BLK_5P,2,베이36B 론지용접,7,2025-10-26 14:36:12,2025-10-26 14:57:36,21.4,36B,베이36B,raw,
b200_mixed_ps_sub_r1,LPT,Large (141-200),200,mixed_ps_sub,256.71666666666664,18,20251026,5,BLK_5P,2,베이36B 수정,8,2025-10-26 14:57:36,2025-10-26 15:33:24,35.8,36B,베이36B,raw,
b200_mixed_ps_sub_r1,LPT,Large (141-200),200,mixed_ps_sub,256.71666666666664,18,20251026,188,BLK_5S,3,판계,1,2025-10-26 09:03:00,2025-10-26 09:33:00,30.0,,공통,raw,
b200_mixed_ps_sub_r1,LPT,Large (141-200),200,mixed_ps_sub,256.71666666666664,18,20251026,188,BLK_5S,3,전면SAW,2,2025-10-26 11:07:07,2025-10-26 11:45:47,38.7,,공통,raw,
b200_mixed_ps_sub_r1,LPT,Large (141-200),200,mixed_ps_sub,256.71666666666664,18,20251026,188,BLK_5S,3,TurnOver,3,2025-10-26 11:45:47,2025-10-26 11:57:47,12.0,,공통,raw,
b200_mixed_ps_sub_r1,LPT,Large (141-200),200,mixed_ps_sub,256.71666666666664,18,20251026,188,BLK_5S,3,후면SAW,4,2025-10-26 12:43:13,2025-10-26 13:12:59,29.8,,공통,raw,
b200_mixed_ps_sub_r1,LPT,Large (141-200),200,mixed_ps_sub,256.71666666666664,18,20251026,188,BLK_5S,3,NC,5,2025-10-26 13:37:12,2025-10-26 14:19:23,42.2,,공통,raw,
b200_mixed_ps_sub_r1,LPT,Large (141-200),200,mixed_ps_sub,256.71666666666664,18,20251026,188,BLK_5S,3,베이35A 론지취부,6,2025-10-26 14:19:23,2025-10-26 15:18:23,59.0,35A,베이35A,raw,
b200_mixed_ps_sub_r1,LPT,Large (141-200),200,mixed_ps_sub,256.71666666666664,18,20251026,188,BLK_5S,3,베이35A 론지용접,7,2025-10-26 15:18:23,2025-10-26 15:39:47,21.4,35A,베이35A,raw,
b200_mixed_ps_sub_r1,LPT,Large (141-200),200,mixed_ps_sub,256.71666666666664,18,20251026,188,BLK_5S,3,베이35A 수정,8,2025-10-26 15:39:47,2025-10-26 16:15:35,35.8,35A,베이35A,raw,
b200_mixed_ps_sub_r1,LPT,Large (141-200),200,mixed_ps_sub,256.71666666666664,18,20251026,1,BLK_1C,4,판계,1,2025-10-26 09:33:00,2025-10-26 09:58:00,25.0,,공통,raw,
b200_mixed_ps_sub_r1,LPT,Large (141-200),200,mixed_ps_sub,256.71666666666664,18,20251026,1,BLK_1C,4,전면SAW,2,2025-10-26 11:45:47,2025-10-26 12:15:21,29.6,,공통,raw,
b200_mixed_ps_sub_r1,LPT,Large (141-200),200,mixed_ps_sub,256.71666666666664,18,20251026,1,BLK_1C,4,TurnOver,3,2025-10-26 12:15:21,2025-10-26 12:27:21,12.0,,공통,raw,
b200_mixed_ps_sub_r1,LPT,Large (141-200),200,mixed_ps_sub,256.71666666666664,18,20251026,1,BLK_1C,4,후면SAW,4,2025-10-26 13:12:59,2025-10-26 13:30:45,17.8,,공통,raw,
b200_mixed_ps_sub_r1,LPT,Large (141-200),200,mixed_ps_sub,256.71666666666664,18,20251026,1,BLK_1C,4,NC,5,2025-10-26 14:19:23,2025-10-26 14:53:28,34.1,,공통,raw,
b200_mixed_ps_sub_r1,LPT,Large (141-200),200,mixed_ps_sub,256.71666666666664,18,20251026,1,BLK_1C,4,베이36B 론지취부,6,2025-10-26 14:53:28,2025-10-26 15:34:58,41.5,36B,베이36B,raw,
b200_mixed_ps_sub_r1,LPT,Large (141-200),200,mixed_ps_sub,256.71666666666664,18,20251026,1,BLK_1C,4,베이36B 론지용접,7,2025-10-26 15:34:58,2025-10-26 15:53:22,18.4,36B,베이36B,raw,
b200_mixed_ps_sub_r1,LPT,Large (141-200),200,mixed_ps_sub,256.71666666666664,18,20251026,1,BLK_1C,4,베이36B 수정,8,2025-10-26 15:53:22,2025-10-26 16:18:10,24.8,36B,베이36B,raw,
b200_mixed_ps_sub_r1,LPT,Large (141-200),200,mixed_ps_sub,256.71666666666664,18,20251026,33,BLK_33C,5,판계,1,2025-10-26 09:58:00,2025-10-26 10:28:00,30.0,,공통,raw,
b200_mixed_ps_sub_r1,LPT,Large (141-200),200,mixed_ps_sub,256.71666666666664,18,20251026,33,BLK_33C,5,전면SAW,2,2025-10-26 12:15:21,2025-10-26 14:03:33,108.2,,공통,raw,
b200_mixed_ps_sub_r1,LPT,Large (141-200),200,mixed_ps_sub,256.71666666666664,18,20251026,33,BLK_33C,5,TurnOver,3,2025-10-26 14:03:33,2025-10-26 14:15:33,12.0,,공통,raw,
b200_mixed_ps_sub_r1,LPT,Large (141-200),200,mixed_ps_sub,256.71666666666664,18,20251026,33,BLK_33C,5,후면SAW,4,2025-10-26 14:15:33,2025-10-26 16:03:42,108.2,,공통,raw,
b200_mixed_ps_sub_r1,LPT,Large (141-200),200,mixed_ps_sub,256.71666666666664,18,20251026,33,BLK_33C,5,NC,5,2025-10-26 16:03:42,2025-10-26 16:57:29,53.8,,공통,raw,
b200_mixed_ps_sub_r1,LPT,Large (141-200),200,mixed_ps_sub,256.71666666666664,18,20251026,33,BLK_33C,5,베이35A 론지취부,6,2025-10-26 16:57:29,2025-10-26 18:48:59,111.5,35A,베이35A,raw,
b200_mixed_ps_sub_r1,LPT,Large (141-200),200,mixed_ps_sub,256.71666666666664,18,20251026,33,BLK_33C,5,베이35A 론지용접,7,2025-10-26 18:48:59,2025-10-26 19:19:23,30.4,35A,베이35A,raw,
b200_mixed_ps_sub_r1,LPT,Large (141-200),200,mixed_ps_sub,256.71666666666664,18,20251026,33,BLK_33C,5,베이35A 수정,8,2025-10-26 19:19:23,2025-10-26 20:28:11,68.8,35A,베이35A,raw,
b200_mixed_ps_sub_r1,LPT,Large (141-200),200,mixed_ps_sub,256.71666666666664,18,20251026,61,BLK_61P,6,판계,1,2025-10-26 10:28:00,2025-10-26 11:13:00,45.0,,공통,raw,
b200_mixed_ps_sub_r1,LPT,Large (141-200),200,mixed_ps_sub,256.71666666666664,18,20251026,61,BLK_61P,6,전면SAW,2,2025-10-26 14:03:33,2025-10-26 14:40:48,37.3,,공통,raw,
b200_mixed_ps_sub_r1,LPT,Large (141-200),200,mixed_ps_sub,256.71666666666664,18,20251026,61,BLK_61P,6,TurnOver,3,2025-10-26 14:40:48,2025-10-26 14:52:48,12.0,,공통,raw,
b200_mixed_ps_sub_r1,LPT,Large (141-200),200,mixed_ps_sub,256.71666666666664,18,20251026,61,BLK_61P,6,후면SAW,4,2025-10-26 16:03:42,2025-10-26 16:31:36,27.9,,공통,raw,
b200_mixed_ps_sub_r1,LPT,Large (141-200),200,mixed_ps_sub,256.71666666666664,18,20251026,61,BLK_61P,6,NC,5,2025-10-26 16:57:29,2025-10-26 17:51:45,54.3,,공통,raw,
b200_mixed_ps_sub_r1,LPT,Large (141-200),200,mixed_ps_sub,256.71666666666664,18,20251026,61,BLK_61P,6,베이36B 론지취부,6,2025-10-26 17:51:45,2025-10-26 19:22:15,90.5,36B,베이36B,raw,
b200_mixed_ps_sub_r1,LPT,Large (141-200),200,mixed_ps_sub,256.71666666666664,18,20251026,61,BLK_61P,6,베이36B 론지용접,7,2025-10-26 19:22:15,2025-10-26 19:49:03,26.8,36B,베이36B,raw,
b200_mixed_ps_sub_r1,LPT,Large (141-200),200,mixed_ps_sub,256.71666666666664,18,20251026,61,BLK_61P,6,베이36B 수정,8,2025-10-26 19:49:03,2025-10-26 20:44:39,55.6,36B,베이36B,raw,
b200_mixed_ps_sub_r1,LPT,Large (141-200),200,mixed_ps_sub,256.71666666666664,18,20251026,49,BLK_49S,7,판계,1,2025-10-26 11:13:00,2025-10-26 11:51:00,38.0,,공통,raw,
b200_mixed_ps_sub_r1,LPT,Large (141-200),200,mixed_ps_sub,256.71666666666664,18,20251026,49,BLK_49S,7,전면SAW,2,2025-10-26 14:40:48,2025-10-26 16:21:16,100.5,,공통,raw,
b200_mixed_ps_sub_r1,LPT,Large (141-200),200,mixed_ps_sub,256.71666666666664,18,20251026,49,BLK_49S,7,TurnOver,3,2025-10-26 16:21:16,2025-10-26 16:33:16,12.0,,공통,raw,
b200_mixed_ps_sub_r1,LPT,Large (141-200),200,mixed_ps_sub,256.71666666666664,18,20251026,49,BLK_49S,7,후면SAW,4,2025-10-26 16:33:16,2025-10-26 17:52:37,79.4,,공통,raw,
b200_mixed_ps_sub_r1,LPT,Large (141-200),200,mixed_ps_sub,256.71666666666664,18,20251026,49,BLK_49S,7,NC,5,2025-10-26 17:52:37,2025-10-26 18:38:43,46.1,,공통,raw,
b200_mixed_ps_sub_r1,LPT,Large (141-200),200,mixed_ps_sub,256.71666666666664,18,20251026,49,BLK_49S,7,베이35A 론지취부,6,2025-10-26 18:48:59,2025-10-26 20:01:59,73.0,35A,베이35A,raw,
b200_mixed_ps_sub_r1,LPT,Large (141-200),200,mixed_ps_sub,256.71666666666664,18,20251026,49,BLK_49S,7,베이35A 론지용접,7,2025-10-26 20:01:59,2025-10-26 20:25:47,23.8,35A,베이35A,raw,
b200_mixed_ps_sub_r1,LPT,Large (141-200),200,mixed_ps_sub,256.71666666666664,18,20251026,49,BLK_49S,7,베이35A 수정,8,2025-10-26 20:28:11,2025-10-26 21:12:47,44.6,35A,베이35A,raw,
b200_mixed_ps_sub_r1,LPT,Large (141-200),200,mixed_ps_sub,256.71666666666664,18,20251026,21,BLK_21S,8,판계,1,2025-10-26 11:51:00,2025-10-26 12:21:00,30.0,,공통,raw,
b200_mixed_ps_sub_r1,LPT,Large (141-200),200,mixed_ps_sub,256.71666666666664,18,20251026,21,BLK_21S,8,전면SAW,2,2025-10-26 16:21:16,2025-10-26 16:50:04,28.8,,공통,raw,
b200_mixed_ps_sub_r1,LPT,Large (141-200),200,mixed_ps_sub,256.71666666666664,18,20251026,21,BLK_21S,8,TurnOver,3,2025-10-26 16:50:04,2025-10-26 17:02:04,12.0,,공통,raw,
b200_mixed_ps_sub_r1,LPT,Large (141-200),200,mixed_ps_sub,256.71666666666664,18,20251026,21,BLK_21S,8,후면SAW,4,2025-10-26 17:52:37,2025-10-26 18:09:24,16.8,,공통,raw,
b200_mixed_ps_sub_r1,LPT,Large (141-200),200,mixed_ps_sub,256.71666666666664,18,20251026,21,BLK_21S,8,NC,5,2025-10-26 18:38:43,2025-10-26 19:24:06,45.4,,공통,raw,
b200_mixed_ps_sub_r1,LPT,Large (141-200),200,mixed_ps_sub,256.71666666666664,18,20251026,21,BLK_21S,8,베이36B 론지취부,6,2025-10-26 19:24:06,2025-10-26 20:30:06,66.0,36B,베이36B,raw,
b200_mixed_ps_sub_r1,LPT,Large (141-200),200,mixed_ps_sub,256.71666666666664,18,20251026,21,BLK_21S,8,베이36B 론지용접,7,2025-10-26 20:30:06,2025-10-26 20:52:42,22.6,36B,베이36B,raw,
b200_mixed_ps_sub_r1,LPT,Large (141-200),200,mixed_ps_sub,256.71666666666664,18,20251026,21,BLK_21S,8,베이36B 수정,8,2025-10-26 20:52:42,2025-10-26 21:32:54,40.2,36B,베이36B,raw,
b200_mixed_ps_sub_r1,LPT,Large (141-200),200,mixed_ps_sub,256.71666666666664,18,20251026,9,BLK_9S,9,판계,1,2025-10-26 12:21:00,2025-10-26 12:41:00,20.0,,공통,raw,
b200_mixed_ps_sub_r1,LPT,Large (141-200),200,mixed_ps_sub,256.71666666666664,18,20251026,9,BLK_9S,9,전면SAW,2,2025-10-26 16:50:04,2025-10-26 17:27:06,37.0,,공통,raw,
b200_mixed_ps_sub_r1,LPT,Large (141-200),200,mixed_ps_sub,256.71666666666664,18,20251026,9,BLK_9S,9,TurnOver,3,2025-10-26 17:27:06,2025-10-26 17:39:06,12.0,,공통,raw,
b200_mixed_ps_sub_r1,LPT,Large (141-200),200,mixed_ps_sub,256.71666666666664,18,20251026,9,BLK_9S,9,후면SAW,4,2025-10-26 18:09:24,2025-10-26 18:37:01,27.6,,공통,raw,
b200_mixed_ps_sub_r1,LPT,Large (141-200),200,mixed_ps_sub,256.71666666666664,18,20251026,9,BLK_9S,9,NC,5,2025-10-26 19:24:06,2025-10-26 19:51:58,27.9,,공통,raw,
b200_mixed_ps_sub_r1,LPT,Large (141-200),200,mixed_ps_sub,256.71666666666664,18,20251026,9,BLK_9S,9,베이35A 론지취부,6,2025-10-26 20:01:59,2025-10-26 20:57:29,55.5,35A,베이35A,raw,
b200_mixed_ps_sub_r1,LPT,Large (141-200),200,mixed_ps_sub,256.71666666666664,18,20251026,9,BLK_9S,9,베이35A 론지용접,7,2025-10-26 20:57:29,2025-10-26 21:18:17,20.8,35A,베이35A,raw,
b200_mixed_ps_sub_r1,LPT,Large (141-200),200,mixed_ps_sub,256.71666666666664,18,20251026,9,BLK_9S,9,베이35A 수정,8,2025-10-26 21:18:17,2025-10-26 21:51:53,33.6,35A,베이35A,raw,
b200_mixed_ps_sub_r1,LPT,Large (141-200),200,mixed_ps_sub,256.71666666666664,18,20251026,13,BLK_13P,10,판계,1,2025-10-26 12:41:00,2025-10-26 13:11:00,30.0,,공통,raw,
b200_mixed_ps_sub_r1,LPT,Large (141-200),200,mixed_ps_sub,256.71666666666664,18,20251026,13,BLK_13P,10,전면SAW,2,2025-10-26 17:27:06,2025-10-26 17:56:43,29.6,,공통,raw,
b200_mixed_ps_sub_r1,LPT,Large (141-200),200,mixed_ps_sub,256.71666666666664,18,20251026,13,BLK_13P,10,TurnOver,3,2025-10-26 17:56:43,2025-10-26 18:08:43,12.0,,공통,raw,
b200_mixed_ps_sub_r1,LPT,Large (141-200),200,mixed_ps_sub,256.71666666666664,18,20251026,13,BLK_13P,10,후면SAW,4,2025-10-26 18:37:01,2025-10-26 18:54:51,17.8,,공통,raw,
b200_mixed_ps_sub_r1,LPT,Large (141-200),200,mixed_ps_sub,256.71666666666664,18,20251026,13,BLK_13P,10,NC,5,2025-10-26 19:51:58,2025-10-26 20:36:57,45.0,,공통,raw,
b200_mixed_ps_sub_r1,LPT,Large (141-200),200,mixed_ps_sub,256.71666666666664,18,20251026,13,BLK_13P,10,베이36B 론지취부,6,2025-10-26 20:36:57,2025-10-26 21:18:27,41.5,36B,베이36B,raw,
b200_mixed_ps_sub_r1,LPT,Large (141-200),200,mixed_ps_sub,256.71666666666664,18,20251026,13,BLK_13P,10,베이36B 론지용접,7,2025-10-26 21:18:27,2025-10-26 21:36:51,18.4,36B,베이36B,raw,
b200_mixed_ps_sub_r1,LPT,Large (141-200),200,mixed_ps_sub,256.71666666666664,18,20251026,13,BLK_13P,10,베이36B 수정,8,2025-10-26 21:36:51,2025-10-26 22:01:39,24.8,36B,베이36B,raw,
b200_mixed_ps_sub_r1,LPT,Large (141-200),200,mixed_ps_sub,256.71666666666664,18,20251026,25,BLK_25S,11,판계,1,2025-10-26 13:11:00,2025-10-26 13:23:00,12.0,,공통,raw,
b200_mixed_ps_sub_r1,LPT,Large (141-200),200,mixed_ps_sub,256.71666666666664,18,20251026,25,BLK_25S,11,전면SAW,2,2025-10-26 17:56:43,2025-10-26 18:35:43,39.0,,공통,raw,
b200_mixed_ps_sub_r1,LPT,Large (141-200),200,mixed_ps_sub,256.71666666666664,18,20251026,25,BLK_25S,11,TurnOver,3,2025-10-26 18:35:43,2025-10-26 18:47:43,12.0,,공통,raw,
b200_mixed_ps_sub_r1,LPT,Large (141-200),200,mixed_ps_sub,256.71666666666664,18,20251026,25,BLK_25S,11,후면SAW,4,2025-10-26 18:54:51,2025-10-26 19:25:03,30.2,,공통,raw,
b200_mixed_ps_sub_r1,LPT,Large (141-200),200,mixed_ps_sub,256.71666666666664,18,20251026,25,BLK_25S,11,NC,5,2025-10-26 20:36:57,2025-10-26 20:58:01,21.1,,공통,raw,
b200_mixed_ps_sub_r1,LPT,Large (141-200),200,mixed_ps_sub,256.71666666666664,18,20251026,25,BLK_25S,11,베이35A 론지취부,6,2025-10-26 20:58:01,2025-10-26 21:25:31,27.5,35A,베이35A,raw,
b200_mixed_ps_sub_r1,LPT,Large (141-200),200,mixed_ps_sub,256.71666666666664,18,20251026,25,BLK_25S,11,베이35A 론지용접,7,2025-10-26 21:25:31,2025-10-26 21:37:31,12.0,35A,베이35A,raw,
b200_mixed_ps_sub_r1,LPT,Large (141-200),200,mixed_ps_sub,256.71666666666664,18,20251026,25,BLK_25S,11,베이35A 수정,8,2025-10-26 21:51:53,2025-10-26 22:07:53,16.0,35A,베이35A,raw,
b200_mixed_ps_sub_r1,LPT,Large (141-200),200,mixed_ps_sub,256.71666666666664,18,20251027,83,BLK_83C,1,판계,1,2025-10-27 08:00:00,2025-10-27 08:33:00,33.0,,공통,raw,
b200_mixed_ps_sub_r1,LPT,Large (141-200),200,mixed_ps_sub,256.71666666666664,18,20251027,83,BLK_83C,1,전면SAW,2,2025-10-27 08:33:00,2025-10-27 10:35:31,122.5,,공통,raw,
b200_mixed_ps_sub_r1,LPT,Large (141-200),200,mixed_ps_sub,256.71666666666664,18,20251027,83,BLK_83C,1,TurnOver,3,2025-10-27 10:35:31,2025-10-27 10:47:31,12.0,,공통,raw,
b200_mixed_ps_sub_r1,LPT,Large (141-200),200,mixed_ps_sub,256.71666666666664,18,20251027,83,BLK_83C,1,후면SAW,4,2025-10-27 10:47:31,2025-10-27 12:52:22,124.9,,공통,raw,
b200_mixed_ps_sub_r1,LPT,Large (141-200),200,mixed_ps_sub,256.71666666666664,18,20251027,83,BLK_83C,1,NC,5,2025-10-27 12:52:22,2025-10-27 13:33:25,41.0,,공통,raw,
b200_mixed_ps_sub_r1,LPT,Large (141-200),200,mixed_ps_sub,256.71666666666664,18,20251027,83,BLK_83C,1,베이36B 론지취부,6,2025-10-27 13:33:25,2025-10-27 14:18:25,45.0,36B,베이36B,raw,
b200_mixed_ps_sub_r1,LPT,Large (141-200),200,mixed_ps_sub,256.71666666666664,18,20251027,83,BLK_83C,1,베이36B 론지용접,7,2025-10-27 14:18:25,2025-10-27 14:37:25,19.0,36B,베이36B,raw,
b200_mixed_ps_sub_r1,LPT,Large (141-200),200,mixed_ps_sub,256.71666666666664,18,20251027,83,BLK_83C,1,베이36B 수정,8,2025-10-27 14:37:25,2025-10-27 15:04:25,27.0,36B,베이36B,raw,
b200_mixed_ps_sub_r1,LPT,Large (141-200),200,mixed_ps_sub,256.71666666666664,18,20251027,73,BLK_73C,2,판계,1,2025-10-27 08:33:00,2025-10-27 08:53:00,20.0,,공통,raw,
b200_mixed_ps_sub_r1,LPT,Large (141-200),200,mixed_ps_sub,256.71666666666664,18,20251027,73,BLK_73C,2,전면SAW,2,2025-10-27 10:35:31,2025-10-27 11:25:27,49.9,,공통,raw,
b200_mixed_ps_sub_r1,LPT,Large (141-200),200,mixed_ps_sub,256.71666666666664,18,20251027,73,BLK_73C,2,TurnOver,3,2025-10-27 11:25:27,2025-10-27 11:37:27,12.0,,공통,raw,
b200_mixed_ps_sub_r1,LPT,Large (141-200),200,mixed_ps_sub,256.71666666666664,18,20251027,73,BLK_73C,2,후면SAW,4,2025-10-27 12:52:22,2025-10-27 13:36:58,44.6,,공통,raw,
b200_mixed_ps_sub_r1,LPT,Large (141-200),200,mixed_ps_sub,256.71666666666664,18,20251027,73,BLK_73C,2,NC,5,2025-10-27 13:36:58,2025-10-27 14:05:04,28.1,,공통,raw,
b200_mixed_ps_sub_r1,LPT,Large (141-200),200,mixed_ps_sub,256.71666666666664,18,20251027,73,BLK_73C,2,베이35A 론지취부,6,2025-10-27 14:05:04,2025-10-27 14:46:34,41.5,35A,베이35A,raw,
b200_mixed_ps_sub_r1,LPT,Large (141-200),200,mixed_ps_sub,256.71666666666664,18,20251027,73,BLK_73C,2,베이35A 론지용접,7,2025-10-27 14:46:34,2025-10-27 15:04:58,18.4,35A,베이35A,raw,
b200_mixed_ps_sub_r1,LPT,Large (141-200),200,mixed_ps_sub,256.71666666666664,18,20251027,73,BLK_73C,2,베이35A 수정,8,2025-10-27 15:04:58,2025-10-27 15:29:46,24.8,35A,베이35A,raw,
b200_mixed_ps_sub_r1,LPT,Large (141-200),200,mixed_ps_sub,256.71666666666664,18,20251027,93,BLK_93S,3,판계,1,2025-10-27 08:53:00,2025-10-27 09:05:00,12.0,,공통,raw,
b200_mixed_ps_sub_r1,LPT,Large (141-200),200,mixed_ps_sub,256.71666666666664,18,20251027,93,BLK_93S,3,전면SAW,2,2025-10-27 11:25:27,2025-10-27 11:53:57,28.5,,공통,raw,
b200_mixed_ps_sub_r1,LPT,Large (141-200),200,mixed_ps_sub,256.71666666666664,18,20251027,93,BLK_93S,3,TurnOver,3,2025-10-27 11:53:57,2025-10-27 12:05:57,12.0,,공통,raw,
b200_mixed_ps_sub_r1,LPT,Large (141-200),200,mixed_ps_sub,256.71666666666664,18,20251027,93,BLK_93S,3,후면SAW,4,2025-10-27 13:36:58,2025-10-27 13:53:21,16.4,,공통,raw,
b200_mixed_ps_sub_r1,LPT,Large (141-200),200,mixed_ps_sub,256.71666666666664,18,20251027,93,BLK_93S,3,NC,5,2025-10-27 14:05:04,2025-10-27 14:24:03,19.0,,공통,raw,
b200_mixed_ps_sub_r1,LPT,Large (141-200),200,mixed_ps_sub,256.71666666666664,18,20251027,93,BLK_93S,3,베이36B 론지취부,6,2025-10-27 14:24:03,2025-10-27 14:37:33,13.5,36B,베이36B,raw,
b200_mixed_ps_sub_r1,LPT,Large (141-200),200,mixed_ps_sub,256.71666666666664,18,20251027,93,BLK_93S,3,베이36B 론지용접,7,2025-10-27 14:37:33,2025-10-27 14:47:09,9.6,36B,베이36B,raw,
b200_mixed_ps_sub_r1,LPT,Large (141-200),200,mixed_ps_sub,256.71666666666664,18,20251027,93,BLK_93S,3,베이36B 수정,8,2025-10-27 15:04:25,2025-10-27 15:11:37,7.2,36B,베이36B,raw,
b200_mixed_ps_sub_r1,LPT,Large (141-200),200,mixed_ps_sub,256.71666666666664,18,20251027,57,BLK_57C,4,판계,1,2025-10-27 09:05:00,2025-10-27 09:30:00,25.0,,공통,raw,
b200_mixed_ps_sub_r1,LPT,Large (141-200),200,mixed_ps_sub,256.71666666666664,18,20251027,57,BLK_57C,4,전면SAW,2,2025-10-27 11:53:57,2025-10-27 12:44:53,50.9,,공통,raw,
b200_mixed_ps_sub_r1,LPT,Large (141-200),200,mixed_ps_sub,256.71666666666664,18,20251027,57,BLK_57C,4,TurnOver,3,2025-10-27 12:44:53,2025-10-27 12:56:53,12.0,,공통,raw,
b200_mixed_ps_sub_r1,LPT,Large (141-200),200,mixed_ps_sub,256.71666666666664,18,20251027,57,BLK_57C,4,후면SAW,4,2025-10-27 13:53:21,2025-10-27 14:39:15,45.9,,공통,raw,
b200_mixed_ps_sub_r1,LPT,Large (141-200),200,mixed_ps_sub,256.71666666666664,18,20251027,57,BLK_57C,4,NC,5,2025-10-27 14:39:15,2025-10-27 15:15:17,36.0,,공통,raw,
b200_mixed_ps_sub_r1,LPT,Large (141-200),200,mixed_ps_sub,256.71666666666664,18,20251027,57,BLK_57C,4,베이35A 론지취부,6,2025-10-27 15:15:17,2025-10-27 16:31:47,76.5,35A,베이35A,raw,
b200_mixed_ps_sub_r1,LPT,Large (141-200),200,mixed_ps_sub,256.71666666666664,18,20251027,57,BLK_57C,4,베이35A 론지용접,7,2025-10-27 16:31:47,2025-10-27 16:56:11,24.4,35A,베이35A,raw,
b200_mixed_ps_sub_r1,LPT,Large (141-200),200,mixed_ps_sub,256.71666666666664,18,20251027,57,BLK_57C,4,베이35A 수정,8,2025-10-27 16:56:11,2025-10-27 17:42:59,46.8,35A,베이35A,raw,
b200_mixed_ps_sub_r1,LPT,Large (141-200),200,mixed_ps_sub,256.71666666666664,18,20251027,29,BLK_29S,5,판계,1,2025-10-27 09:30:00,2025-10-27 10:00:00,30.0,,공통,raw,
b200_mixed_ps_sub_r1,LPT,Large (141-200),200,mixed_ps_sub,256.71666666666664,18,20251027,29,BLK_29S,5,전면SAW,2,2025-10-27 12:44:53,2025-10-27 13:27:43,42.8,,공통,raw,
b200_mixed_ps_sub_r1,LPT,Large (141-200),200,mixed_ps_sub,256.71666666666664,18,20251027,29,BLK_29S,5,TurnOver,3,2025-10-27 13:27:43,2025-10-27 13:39:43,12.0,,공통,raw,
b200_mixed_ps_sub_r1,LPT,Large (141-200),200,mixed_ps_sub,256.71666666666664,18,20251027,29,BLK_29S,5,후면SAW,4,2025-10-27 14:39:15,2025-10-27 15:14:30,35.3,,공통,raw,
b200_mixed_ps_sub_r1,LPT,Large (141-200),200,mixed_ps_sub,256.71666666666664,18,20251027,29,BLK_29S,5,NC,5,2025-10-27 15:15:17,2025-10-27 16:02:09,46.9,,공통,raw,
b200_mixed_ps_sub_r1,LPT,Large (141-200),200,mixed_ps_sub,256.71666666666664,18,20251027,29,BLK_29S,5,베이36B 론지취부,6,2025-10-27 16:02:09,2025-10-27 17:04:39,62.5,36B,베이36B,raw,
b200_mixed_ps_sub_r1,LPT,Large (141-200),200,mixed_ps_sub,256.71666666666664,18,20251027,29,BLK_29S,5,베이36B 론지용접,7,2025-10-27 17:04:39,2025-10-27 17:26:39,22.0,36B,베이36B,raw,
b200_mixed_ps_sub_r1,LPT,Large (141-200),200,mixed_ps_sub,256.71666666666664,18,20251027,29,BLK_29S,5,베이36B 수정,8,2025-10-27 17:26:39,2025-10-27 18:04:39,38.0,36B,베이36B,raw,
b200_mixed_ps_sub_r1,LPT,Large (141-200),200,mixed_ps_sub,256.71666666666664,18,20251027,37,BLK_37C,6,판계,1,2025-10-27 10:00:00,2025-10-27 10:25:00,25.0,,공통,raw,
b200_mixed_ps_sub_r1,LPT,Large (141-200),200,mixed_ps_sub,256.71666666666664,18,20251027,37,BLK_37C,6,전면SAW,2,2025-10-27 13:27:43,2025-10-27 14:04:35,36.9,,공통,raw,
b200_mixed_ps_sub_r1,LPT,Large (141-200),200,mixed_ps_sub,256.71666666666664,18,20251027,37,BLK_37C,6,TurnOver,3,2025-10-27 14:04:35,2025-10-27 14:16:35,12.0,,공통,raw,
b200_mixed_ps_sub_r1,LPT,Large (141-200),200,mixed_ps_sub,256.71666666666664,18,20251027,37,BLK_37C,6,후면SAW,4,2025-10-27 15:14:30,2025-10-27 15:41:52,27.4,,공통,raw,
b200_mixed_ps_sub_r1,LPT,Large (141-200),200,mixed_ps_sub,256.71666666666664,18,20251027,37,BLK_37C,6,NC,5,2025-10-27 16:02:09,2025-10-27 16:39:12,37.0,,공통,raw,
b200_mixed_ps_sub_r1,LPT,Large (141-200),200,mixed_ps_sub,256.71666666666664,18,20251027,37,BLK_37C,6,베이35A 론지취부,6,2025-10-27 16:39:12,2025-10-27 17:48:42,69.5,35A,베이35A,raw,
b200_mixed_ps_sub_r1,LPT,Large (141-200),200,mixed_ps_sub,256.71666666666664,18,20251027,37,BLK_37C,6,베이35A 론지용접,7,2025-10-27 17:48:42,2025-10-27 18:11:54,23.2,35A,베이35A,raw,
b200_mixed_ps_sub_r1,LPT,Large (141-200),200,mixed_ps_sub,256.71666666666664,18,20251027,37,BLK_37C,6,베이35A 수정,8,2025-10-27 18:11:54,2025-10-27 18:54:18,42.4,35A,베이35A,raw,
b200_mixed_ps_sub_r1,LPT,Large (141-200),200,mixed_ps_sub,256.71666666666664,18,20251027,45,BLK_45P,7,판계,1,2025-10-27 10:25:00,2025-10-27 10:55:00,30.0,,공통,raw,
b200_mixed_ps_sub_r1,LPT,Large (141-200),200,mixed_ps_sub,256.71666666666664,18,20251027,45,BLK_45P,7,전면SAW,2,2025-10-27 14:04:35,2025-10-27 14:35:51,31.3,,공통,raw,
b200_mixed_ps_sub_r1,LPT,Large (141-200),200,mixed_ps_sub,256.71666666666664,18,20251027,45,BLK_45P,7,TurnOver,3,2025-10-27 14:35:51,2025-10-27 14:47:51,12.0,,공통,raw,
b200_mixed_ps_sub_r1,LPT,Large (141-200),200,mixed_ps_sub,256.71666666666664,18,20251027,45,BLK_45P,7,후면SAW,4,2025-10-27 15:41:52,2025-10-27 16:01:54,20.0,,공통,raw,
b200_mixed_ps_sub_r1,LPT,Large (141-200),200,mixed_ps_sub,256.71666666666664,18,20251027,45,BLK_45P,7,NC,5,2025-10-27 16:39:12,2025-10-27 17:21:46,42.6,,공통,raw,
b200_mixed_ps_sub_r1,LPT,Large (141-200),200,mixed_ps_sub,256.71666666666664,18,20251027,45,BLK_45P,7,베이36B 론지취부,6,2025-10-27 17:21:46,2025-10-27 18:31:16,69.5,36B,베이36B,raw,
b200_mixed_ps_sub_r1,LPT,Large (141-200),200,mixed_ps_sub,256.71666666666664,18,20251027,45,BLK_45P,7,베이36B 론지용접,7,2025-10-27 18:31:16,2025-10-27 18:54:28,23.2,36B,베이36B,raw,
b200_mixed_ps_sub_r1,LPT,Large (141-200),200,mixed_ps_sub,256.71666666666664,18,20251027,45,BLK_45P,7,베이36B 수정,8,2025-10-27 18:54:28,2025-10-27 19:36:52,42.4,36B,베이36B,raw,
b200_mixed_ps_sub_r1,LPT,Large (141-200),200,mixed_ps_sub,256.71666666666664,18,20251027,190,BLK_45S,8,판계,1,2025-10-27 10:55:00,2025-10-27 11:25:00,30.0,,공통,raw,
b200_mixed_ps_sub_r1,LPT,Large (141-200),200,mixed_ps_sub,256.71666666666664,18,20251027,190,BLK_45S,8,전면SAW,2,2025-10-27 14:35:51,2025-10-27 15:07:07,31.3,,공통,raw,
b200_mixed_ps_sub_r1,LPT,Large (141-200),200,mixed_ps_sub,256.71666666666664,18,20251027,190,BLK_45S,8,TurnOver,3,2025-10-27 15:07:07,2025-10-27 15:19:07,12.0,,공통,raw,
b200_mixed_ps_sub_r1,LPT,Large (141-200),200,mixed_ps_sub,256.71666666666664,18,20251027,190,BLK_45S,8,후면SAW,4,2025-10-27 16:01:54,2025-10-27 16:21:55,20.0,,공통,raw,
b200_mixed_ps_sub_r1,LPT,Large (141-200),200,mixed_ps_sub,256.71666666666664,18,20251027,190,BLK_45S,8,NC,5,2025-10-27 17:21:46,2025-10-27 18:04:20,42.6,,공통,raw,
b200_mixed_ps_sub_r1,LPT,Large (141-200),200,mixed_ps_sub,256.71666666666664,18,20251027,190,BLK_45S,8,베이35A 론지취부,6,2025-10-27 18:04:20,2025-10-27 19:13:50,69.5,35A,베이35A,raw,
b200_mixed_ps_sub_r1,LPT,Large (141-200),200,mixed_ps_sub,256.71666666666664,18,20251027,190,BLK_45S,8,베이35A 론지용접,7,2025-10-27 19:13:50,2025-10-27 19:37:02,23.2,35A,베이35A,raw,
b200_mixed_ps_sub_r1,LPT,Large (141-200),200,mixed_ps_sub,256.71666666666664,18,20251027,190,BLK_45S,8,베이35A 수정,8,2025-10-27 19:37:02,2025-10-27 20:19:26,42.4,35A,베이35A,raw,
b200_mixed_ps_sub_r1,LPT,Large (141-200),200,mixed_ps_sub,256.71666666666664,18,20251027,53,BLK_53S,9,판계,1,2025-10-27 11:25:00,2025-10-27 11:45:00,20.0,,공통,raw,
b200_mixed_ps_sub_r1,LPT,Large (141-200),200,mixed_ps_sub,256.71666666666664,18,20251027,53,BLK_53S,9,전면SAW,2,2025-10-27 15:07:07,2025-10-27 15:42:10,35.0,,공통,raw,
b200_mixed_ps_sub_r1,LPT,Large (141-200),200,mixed_ps_sub,256.71666666666664,18,20251027,53,BLK_53S,9,TurnOver,3,2025-10-27 15:42:10,2025-10-27 15:54:10,12.0,,공통,raw,
b200_mixed_ps_sub_r1,LPT,Large (141-200),200,mixed_ps_sub,256.71666666666664,18,20251027,53,BLK_53S,9,후면SAW,4,2025-10-27 16:21:55,2025-10-27 16:46:55,25.0,,공통,raw,
b200_mixed_ps_sub_r1,LPT,Large (141-200),200,mixed_ps_sub,256.71666666666664,18,20251027,53,BLK_53S,9,NC,5,2025-10-27 18:04:20,2025-10-27 18:34:51,30.5,,공통,raw,
b200_mixed_ps_sub_r1,LPT,Large (141-200),200,mixed_ps_sub,256.71666666666664,18,20251027,53,BLK_53S,9,베이36B 론지취부,6,2025-10-27 18:34:51,2025-10-27 19:44:21,69.5,36B,베이36B,raw,
b200_mixed_ps_sub_r1,LPT,Large (141-200),200,mixed_ps_sub,256.71666666666664,18,20251027,53,BLK_53S,9,베이36B 론지용접,7,2025-10-27 19:44:21,2025-10-27 20:07:33,23.2,36B,베이36B,raw,
b200_mixed_ps_sub_r1,LPT,Large (141-200),200,mixed_ps_sub,256.71666666666664,18,20251027,53,BLK_53S,9,베이36B 수정,8,2025-10-27 20:07:33,2025-10-27 20:49:57,42.4,36B,베이36B,raw,
b200_mixed_ps_sub_r1,LPT,Large (141-200),200,mixed_ps_sub,256.71666666666664,18,20251027,41,BLK_41P,10,판계,1,2025-10-27 11:45:00,2025-10-27 12:15:00,30.0,,공통,raw,
b200_mixed_ps_sub_r1,LPT,Large (141-200),200,mixed_ps_sub,256.71666666666664,18,20251027,41,BLK_41P,10,전면SAW,2,2025-10-27 15:42:10,2025-10-27 16:12:09,30.0,,공통,raw,
b200_mixed_ps_sub_r1,LPT,Large (141-200),200,mixed_ps_sub,256.71666666666664,18,20251027,41,BLK_41P,10,TurnOver,3,2025-10-27 16:12:09,2025-10-27 16:24:09,12.0,,공통,raw,
b200_mixed_ps_sub_r1,LPT,Large (141-200),200,mixed_ps_sub,256.71666666666664,18,20251027,41,BLK_41P,10,후면SAW,4,2025-10-27 16:46:55,2025-10-27 17:05:15,18.3,,공통,raw,
b200_mixed_ps_sub_r1,LPT,Large (141-200),200,mixed_ps_sub,256.71666666666664,18,20251027,41,BLK_41P,10,NC,5,2025-10-27 18:34:51,2025-10-27 19:21:06,46.2,,공통,raw,
b200_mixed_ps_sub_r1,LPT,Large (141-200),200,mixed_ps_sub,256.71666666666664,18,20251027,41,BLK_41P,10,베이35A 론지취부,6,2025-10-27 19:21:06,2025-10-27 20:20:06,59.0,35A,베이35A,raw,
b200_mixed_ps_sub_r1,LPT,Large (141-200),200,mixed_ps_sub,256.71666666666664,18,20251027,41,BLK_41P,10,베이35A 론지용접,7,2025-10-27 20:20:06,2025-10-27 20:41:30,21.4,35A,베이35A,raw,
b200_mixed_ps_sub_r1,LPT,Large (141-200),200,mixed_ps_sub,256.71666666666664,18,20251027,41,BLK_41P,10,베이35A 수정,8,2025-10-27 20:41:30,2025-10-27 21:17:18,35.8,35A,베이35A,raw,
b200_mixed_ps_sub_r1,LPT,Large (141-200),200,mixed_ps_sub,256.71666666666664,18,20251027,154,BLK_154S,11,판계,1,2025-10-27 12:15:00,2025-10-27 13:07:00,52.0,,공통,raw,
b200_mixed_ps_sub_r1,LPT,Large (141-200),200,mixed_ps_sub,256.71666666666664,18,20251027,154,BLK_154S,11,전면SAW,2,2025-10-27 16:12:09,2025-10-27 18:49:52,157.7,,공통,raw,
b200_mixed_ps_sub_r1,LPT,Large (141-200),200,mixed_ps_sub,256.71666666666664,18,20251027,154,BLK_154S,11,TurnOver,3,2025-10-27 18:49:52,2025-10-27 19:01:52,12.0,,공통,raw,
b200_mixed_ps_sub_r1,LPT,Large (141-200),200,mixed_ps_sub,256.71666666666664,18,20251027,154,BLK_154S,11,후면SAW,4,2025-10-27 19:01:52,2025-10-27 21:19:03,137.2,,공통,raw,
b200_mixed_ps_sub_r1,LPT,Large (141-200),200,mixed_ps_sub,256.71666666666664,18,20251027,154,BLK_154S,11,NC,5,2025-10-27 21:19:03,2025-10-27 22:33:37,74.6,,공통,raw,
b200_mixed_ps_sub_r1,LPT,Large (141-200),200,mixed_ps_sub,256.71666666666664,18,20251027,154,BLK_154S,11,베이36B 론지취부,6,2025-10-27 22:33:37,2025-10-27 23:57:07,83.5,36B,베이36B,raw,
b200_mixed_ps_sub_r1,LPT,Large (141-200),200,mixed_ps_sub,256.71666666666664,18,20251027,154,BLK_154S,11,베이36B 론지용접,7,2025-10-27 23:57:07,2025-10-28 00:22:43,25.6,36B,베이36B,raw,
b200_mixed_ps_sub_r1,LPT,Large (141-200),200,mixed_ps_sub,256.71666666666664,18,20251027,154,BLK_154S,11,베이36B 수정,8,2025-10-28 00:22:43,2025-10-28 01:13:55,51.2,36B,베이36B,raw,
b200_mixed_ps_sub_r1,LPT,Large (141-200),200,mixed_ps_sub,256.71666666666664,18,20251027,74,BLK_74C,12,판계,1,2025-10-27 13:07:00,2025-10-27 13:52:00,45.0,,공통,raw,
b200_mixed_ps_sub_r1,LPT,Large (141-200),200,mixed_ps_sub,256.71666666666664,18,20251027,74,BLK_74C,12,전면SAW,2,2025-10-27 18:49:52,2025-10-27 21:01:53,132.0,,공통,raw,
b200_mixed_ps_sub_r1,LPT,Large (141-200),200,mixed_ps_sub,256.71666666666664,18,20251027,74,BLK_74C,12,TurnOver,3,2025-10-27 21:01:53,2025-10-27 21:13:53,12.0,,공통,raw,
b200_mixed_ps_sub_r1,LPT,Large (141-200),200,mixed_ps_sub,256.71666666666664,18,20251027,74,BLK_74C,12,후면SAW,4,2025-10-27 21:19:03,2025-10-27 22:54:46,95.7,,공통,raw,
b200_mixed_ps_sub_r1,LPT,Large (141-200),200,mixed_ps_sub,256.71666666666664,18,20251027,74,BLK_74C,12,NC,5,2025-10-27 22:54:46,2025-10-27 23:43:45,49.0,,공통,raw,
b200_mixed_ps_sub_r1,LPT,Large (141-200),200,mixed_ps_sub,256.71666666666664,18,20251027,74,BLK_74C,12,베이35A 론지취부,6,2025-10-27 23:43:45,2025-10-28 00:27:45,44.0,35A,베이35A,raw,
b200_mixed_ps_sub_r1,LPT,Large (141-200),200,mixed_ps_sub,256.71666666666664,18,20251027,74,BLK_74C,12,베이35A 론지용접,7,2025-10-28 00:27:45,2025-10-28 00:53:21,25.6,35A,베이35A,raw,
b200_mixed_ps_sub_r1,LPT,Large (141-200),200,mixed_ps_sub,256.71666666666664,18,20251027,74,BLK_74C,12,베이35A 수정,8,2025-10-28 00:53:21,2025-10-28 01:09:21,16.0,35A,베이35A,raw,
b200_mixed_ps_sub_r1,LPT,Large (141-200),200,mixed_ps_sub,256.71666666666664,18,20251027,134,BLK_134S,13,판계,1,2025-10-27 13:52:00,2025-10-27 14:30:00,38.0,,공통,raw,
b200_mixed_ps_sub_r1,LPT,Large (141-200),200,mixed_ps_sub,256.71666666666664,18,20251027,134,BLK_134S,13,전면SAW,2,2025-10-27 21:01:53,2025-10-27 22:59:07,117.2,,공통,raw,
b200_mixed_ps_sub_r1,LPT,Large (141-200),200,mixed_ps_sub,256.71666666666664,18,20251027,134,BLK_134S,13,TurnOver,3,2025-10-27 22:59:07,2025-10-27 23:11:07,12.0,,공통,raw,
b200_mixed_ps_sub_r1,LPT,Large (141-200),200,mixed_ps_sub,256.71666666666664,18,20251027,134,BLK_134S,13,후면SAW,4,2025-10-27 23:11:07,2025-10-28 01:09:49,118.7,,공통,raw,
b200_mixed_ps_sub_r1,LPT,Large (141-200),200,mixed_ps_sub,256.71666666666664,18,20251027,134,BLK_134S,13,NC,5,2025-10-28 01:09:49,2025-10-28 01:56:22,46.5,,공통,raw,
b200_mixed_ps_sub_r1,LPT,Large (141-200),200,mixed_ps_sub,256.71666666666664,18,20251027,134,BLK_134S,13,베이36B 론지취부,6,2025-10-28 01:56:22,2025-10-28 02:41:22,45.0,36B,베이36B,raw,
b200_mixed_ps_sub_r1,LPT,Large (141-200),200,mixed_ps_sub,256.71666666666664,18,20251027,134,BLK_134S,13,베이36B 론지용접,7,2025-10-28 02:41:22,2025-10-28 03:00:22,19.0,36B,베이36B,raw,
b200_mixed_ps_sub_r1,LPT,Large (141-200),200,mixed_ps_sub,256.71666666666664,18,20251027,134,BLK_134S,13,베이36B 수정,8,2025-10-28 03:00:22,2025-10-28 03:27:22,27.0,36B,베이36B,raw,
b200_mixed_ps_sub_r1,LPT,Large (141-200),200,mixed_ps_sub,256.71666666666664,18,20251027,84,BLK_84P,14,판계,1,2025-10-27 14:30:00,2025-10-27 15:00:00,30.0,,공통,raw,
b200_mixed_ps_sub_r1,LPT,Large (141-200),200,mixed_ps_sub,256.71666666666664,18,20251027,84,BLK_84P,14,전면SAW,2,2025-10-27 22:59:07,2025-10-27 23:31:10,32.1,,공통,raw,
b200_mixed_ps_sub_r1,LPT,Large (141-200),200,mixed_ps_sub,256.71666666666664,18,20251027,84,BLK_84P,14,TurnOver,3,2025-10-27 23:31:10,2025-10-27 23:43:10,12.0,,공통,raw,
b200_mixed_ps_sub_r1,LPT,Large (141-200),200,mixed_ps_sub,256.71666666666664,18,20251027,84,BLK_84P,14,후면SAW,4,2025-10-28 01:09:49,2025-10-28 01:30:52,21.1,,공통,raw,
b200_mixed_ps_sub_r1,LPT,Large (141-200),200,mixed_ps_sub,256.71666666666664,18,20251027,84,BLK_84P,14,NC,5,2025-10-28 01:56:22,2025-10-28 02:45:48,49.4,,공통,raw,
b200_mixed_ps_sub_r1,LPT,Large (141-200),200,mixed_ps_sub,256.71666666666664,18,20251027,84,BLK_84P,14,베이35A 론지취부,6,2025-10-28 02:45:48,2025-10-28 04:05:48,80.0,35A,베이35A,raw,
b200_mixed_ps_sub_r1,LPT,Large (141-200),200,mixed_ps_sub,256.71666666666664,18,20251027,84,BLK_84P,14,베이35A 론지용접,7,2025-10-28 04:05:48,2025-10-28 04:30:48,25.0,35A,베이35A,raw,
b200_mixed_ps_sub_r1,LPT,Large (141-200),200,mixed_ps_sub,256.71666666666664,18,20251027,84,BLK_84P,14,베이35A 수정,8,2025-10-28 04:30:48,2025-10-28 05:19:48,49.0,35A,베이35A,raw,
b200_mixed_ps_sub_r1,LPT,Large (141-200),200,mixed_ps_sub,256.71666666666664,18,20251027,69,BLK_69S,15,판계,1,2025-10-27 15:00:00,2025-10-27 15:30:00,30.0,,공통,raw,
b200_mixed_ps_sub_r1,LPT,Large (141-200),200,mixed_ps_sub,256.71666666666664,18,20251027,69,BLK_69S,15,전면SAW,2,2025-10-27 23:31:10,2025-10-28 00:05:22,34.2,,공통,raw,
b200_mixed_ps_sub_r1,LPT,Large (141-200),200,mixed_ps_sub,256.71666666666664,18,20251027,69,BLK_69S,15,TurnOver,3,2025-10-28 00:05:22,2025-10-28 00:17:22,12.0,,공통,raw,
b200_mixed_ps_sub_r1,LPT,Large (141-200),200,mixed_ps_sub,256.71666666666664,18,20251027,69,BLK_69S,15,후면SAW,4,2025-10-28 01:30:52,2025-10-28 01:54:44,23.9,,공통,raw,
b200_mixed_ps_sub_r1,LPT,Large (141-200),200,mixed_ps_sub,256.71666666666664,18,20251027,69,BLK_69S,15,NC,5,2025-10-28 02:45:48,2025-10-28 03:30:01,44.2,,공통,raw,
b200_mixed_ps_sub_r1,LPT,Large (141-200),200,mixed_ps_sub,256.71666666666664,18,20251027,69,BLK_69S,15,베이36B 론지취부,6,2025-10-28 03:30:01,2025-10-28 05:00:31,90.5,36B,베이36B,raw,
b200_mixed_ps_sub_r1,LPT,Large (141-200),200,mixed_ps_sub,256.71666666666664,18,20251027,69,BLK_69S,15,베이36B 론지용접,7,2025-10-28 05:00:31,2025-10-28 05:27:19,26.8,36B,베이36B,raw,
b200_mixed_ps_sub_r1,LPT,Large (141-200),200,mixed_ps_sub,256.71666666666664,18,20251027,69,BLK_69S,15,베이36B 수정,8,2025-10-28 05:27:19,2025-10-28 06:22:55,55.6,36B,베이36B,raw,
b200_mixed_ps_sub_r1,LPT,Large (141-200),200,mixed_ps_sub,256.71666666666664,18,20251027,65,BLK_65P,16,판계,1,2025-10-27 15:30:00,2025-10-27 16:00:00,30.0,,공통,raw,
b200_mixed_ps_sub_r1,LPT,Large (141-200),200,mixed_ps_sub,256.71666666666664,18,20251027,65,BLK_65P,16,전면SAW,2,2025-10-28 00:05:22,2025-10-28 00:50:20,45.0,,공통,raw,
b200_mixed_ps_sub_r1,LPT,Large (141-200),200,mixed_ps_sub,256.71666666666664,18,20251027,65,BLK_65P,16,TurnOver,3,2025-10-28 00:50:20,2025-10-28 01:02:20,12.0,,공통,raw,
b200_mixed_ps_sub_r1,LPT,Large (141-200),200,mixed_ps_sub,256.71666666666664,18,20251027,65,BLK_65P,16,후면SAW,4,2025-10-28 01:54:44,2025-10-28 02:32:48,38.1,,공통,raw,
b200_mixed_ps_sub_r1,LPT,Large (141-200),200,mixed_ps_sub,256.71666666666664,18,20251027,65,BLK_65P,16,NC,5,2025-10-28 03:30:01,2025-10-28 04:11:58,42.0,,공통,raw,
b200_mixed_ps_sub_r1,LPT,Large (141-200),200,mixed_ps_sub,256.71666666666664,18,20251027,65,BLK_65P,16,베이35A 론지취부,6,2025-10-28 04:11:58,2025-10-28 05:21:28,69.5,35A,베이35A,raw,
b200_mixed_ps_sub_r1,LPT,Large (141-200),200,mixed_ps_sub,256.71666666666664,18,20251027,65,BLK_65P,16,베이35A 론지용접,7,2025-10-28 05:21:28,2025-10-28 05:44:40,23.2,35A,베이35A,raw,
b200_mixed_ps_sub_r1,LPT,Large (141-200),200,mixed_ps_sub,256.71666666666664,18,20251027,65,BLK_65P,16,베이35A 수정,8,2025-10-28 05:44:40,2025-10-28 06:27:04,42.4,35A,베이35A,raw,
b200_mixed_ps_sub_r1,LPT,Large (141-200),200,mixed_ps_sub,256.71666666666664,18,20251027,3,BLK_3C,17,판계,1,2025-10-27 16:00:00,2025-10-27 16:33:00,33.0,,공통,raw,
b200_mixed_ps_sub_r1,LPT,Large (141-200),200,mixed_ps_sub,256.71666666666664,18,20251027,3,BLK_3C,17,전면SAW,2,2025-10-28 00:50:20,2025-10-28 02:30:33,100.2,,공통,raw,
b200_mixed_ps_sub_r1,LPT,Large (141-200),200,mixed_ps_sub,256.71666666666664,18,20251027,3,BLK_3C,17,TurnOver,3,2025-10-28 02:30:33,2025-10-28 02:42:33,12.0,,공통,raw,
b200_mixed_ps_sub_r1,LPT,Large (141-200),200,mixed_ps_sub,256.71666666666664,18,20251027,3,BLK_3C,17,후면SAW,4,2025-10-28 02:42:33,2025-10-28 04:21:23,98.8,,공통,raw,
b200_mixed_ps_sub_r1,LPT,Large (141-200),200,mixed_ps_sub,256.71666666666664,18,20251027,3,BLK_3C,17,NC,5,2025-10-28 04:21:23,2025-10-28 05:01:27,40.1,,공통,raw,
b200_mixed_ps_sub_r1,LPT,Large (141-200),200,mixed_ps_sub,256.71666666666664,18,20251027,3,BLK_3C,17,베이36B 론지취부,6,2025-10-28 05:01:27,2025-10-28 06:14:27,73.0,36B,베이36B,raw,
b200_mixed_ps_sub_r1,LPT,Large (141-200),200,mixed_ps_sub,256.71666666666664,18,20251027,3,BLK_3C,17,베이36B 론지용접,7,2025-10-28 06:14:27,2025-10-28 06:38:15,23.8,36B,베이36B,raw,
b200_mixed_ps_sub_r1,LPT,Large (141-200),200,mixed_ps_sub,256.71666666666664,18,20251027,3,BLK_3C,17,베이36B 수정,8,2025-10-28 06:38:15,2025-10-28 07:22:51,44.6,36B,베이36B,raw,
b200_mixed_ps_sub_r1,LPT,Large (141-200),200,mixed_ps_sub,256.71666666666664,18,20251027,19,BLK_19P,18,판계,1,2025-10-27 16:33:00,2025-10-27 17:18:00,45.0,,공통,raw,
b200_mixed_ps_sub_r1,LPT,Large (141-200),200,mixed_ps_sub,256.71666666666664,18,20251027,19,BLK_19P,18,전면SAW,2,2025-10-28 02:30:33,2025-10-28 03:52:05,81.5,,공통,raw,
b200_mixed_ps_sub_r1,LPT,Large (141-200),200,mixed_ps_sub,256.71666666666664,18,20251027,19,BLK_19P,18,TurnOver,3,2025-10-28 03:52:05,2025-10-28 04:04:05,12.0,,공통,raw,
b200_mixed_ps_sub_r1,LPT,Large (141-200),200,mixed_ps_sub,256.71666666666664,18,20251027,19,BLK_19P,18,후면SAW,4,2025-10-28 04:21:23,2025-10-28 05:38:27,77.1,,공통,raw,
b200_mixed_ps_sub_r1,LPT,Large (141-200),200,mixed_ps_sub,256.71666666666664,18,20251027,19,BLK_19P,18,NC,5,2025-10-28 05:38:27,2025-10-28 06:35:13,56.8,,공통,raw,
b200_mixed_ps_sub_r1,LPT,Large (141-200),200,mixed_ps_sub,256.71666666666664,18,20251027,19,BLK_19P,18,베이36B 론지취부,6,2025-10-28 06:35:13,2025-10-28 07:37:43,62.5,36B,베이36B,raw,
b200_mixed_ps_sub_r1,LPT,Large (141-200),200,mixed_ps_sub,256.71666666666664,18,20251027,19,BLK_19P,18,베이36B 론지용접,7,2025-10-28 07:37:43,2025-10-28 07:59:43,22.0,36B,베이36B,raw,
b200_mixed_ps_sub_r1,LPT,Large (141-200),200,mixed_ps_sub,256.71666666666664,18,20251027,19,BLK_19P,18,베이36B 수정,8,2025-10-28 07:59:43,2025-10-28 08:37:43,38.0,36B,베이36B,raw,
b200_mixed_ps_sub_r1,LPT,Large (141-200),200,mixed_ps_sub,256.71666666666664,18,20251027,94,BLK_94C,19,판계,1,2025-10-27 17:18:00,2025-10-27 17:30:00,12.0,,공통,raw,
b200_mixed_ps_sub_r1,LPT,Large (141-200),200,mixed_ps_sub,256.71666666666664,18,20251027,94,BLK_94C,19,전면SAW,2,2025-10-28 03:52:05,2025-10-28 04:38:38,46.5,,공통,raw,
b200_mixed_ps_sub_r1,LPT,Large (141-200),200,mixed_ps_sub,256.71666666666664,18,20251027,94,BLK_94C,19,TurnOver,3,2025-10-28 04:38:38,2025-10-28 04:50:38,12.0,,공통,raw,
b200_mixed_ps_sub_r1,LPT,Large (141-200),200,mixed_ps_sub,256.71666666666664,18,20251027,94,BLK_94C,19,후면SAW,4,2025-10-28 05:38:27,2025-10-28 06:18:36,40.1,,공통,raw,
b200_mixed_ps_sub_r1,LPT,Large (141-200),200,mixed_ps_sub,256.71666666666664,18,20251027,94,BLK_94C,19,NC,5,2025-10-28 06:35:13,2025-10-28 06:56:28,21.2,,공통,raw,
b200_mixed_ps_sub_r1,LPT,Large (141-200),200,mixed_ps_sub,256.71666666666664,18,20251027,94,BLK_94C,19,베이35A 론지취부,6,2025-10-28 06:56:28,2025-10-28 07:20:28,24.0,35A,베이35A,raw,
b200_mixed_ps_sub_r1,LPT,Large (141-200),200,mixed_ps_sub,256.71666666666664,18,20251027,94,BLK_94C,19,베이35A 론지용접,7,2025-10-28 07:20:28,2025-10-28 07:31:52,11.4,35A,베이35A,raw,
b200_mixed_ps_sub_r1,LPT,Large (141-200),200,mixed_ps_sub,256.71666666666664,18,20251027,94,BLK_94C,19,베이35A 수정,8,2025-10-28 07:31:52,2025-10-28 07:45:40,13.8,35A,베이35A,raw,
b200_mixed_ps_sub_r1,LPT,Large (141-200),200,mixed_ps_sub,256.71666666666664,18,20251028,114,BLK_114P,1,판계,1,2025-10-28 08:00:00,2025-10-28 08:25:00,25.0,,공통,raw,
b200_mixed_ps_sub_r1,LPT,Large (141-200),200,mixed_ps_sub,256.71666666666664,18,20251028,114,BLK_114P,1,전면SAW,2,2025-10-28 08:25:00,2025-10-28 09:02:19,37.3,,공통,raw,
b200_mixed_ps_sub_r1,LPT,Large (141-200),200,mixed_ps_sub,256.71666666666664,18,20251028,114,BLK_114P,1,TurnOver,3,2025-10-28 09:02:19,2025-10-28 09:14:19,12.0,,공통,raw,
b200_mixed_ps_sub_r1,LPT,Large (141-200),200,mixed_ps_sub,256.71666666666664,18,20251028,114,BLK_114P,1,후면SAW,4,2025-10-28 09:14:19,2025-10-28 09:42:18,28.0,,공통,raw,
b200_mixed_ps_sub_r1,LPT,Large (141-200),200,mixed_ps_sub,256.71666666666664,18,20251028,114,BLK_114P,1,NC,5,2025-10-28 09:42:18,2025-10-28 10:21:51,39.5,,공통,raw,
b200_mixed_ps_sub_r1,LPT,Large (141-200),200,mixed_ps_sub,256.71666666666664,18,20251028,114,BLK_114P,1,베이36B 론지취부,6,2025-10-28 10:21:51,2025-10-28 11:55:51,94.0,36B,베이36B,raw,
b200_mixed_ps_sub_r1,LPT,Large (141-200),200,mixed_ps_sub,256.71666666666664,18,20251028,114,BLK_114P,1,베이36B 론지용접,7,2025-10-28 11:55:51,2025-10-28 12:23:15,27.4,36B,베이36B,raw,
b200_mixed_ps_sub_r1,LPT,Large (141-200),200,mixed_ps_sub,256.71666666666664,18,20251028,114,BLK_114P,1,베이36B 수정,8,2025-10-28 12:23:15,2025-10-28 13:21:03,57.8,36B,베이36B,raw,
b200_mixed_ps_sub_r1,LPT,Large (141-200),200,mixed_ps_sub,256.71666666666664,18,20251028,104,BLK_104C,2,판계,1,2025-10-28 08:25:00,2025-10-28 08:55:00,30.0,,공통,raw,
b200_mixed_ps_sub_r1,LPT,Large (141-200),200,mixed_ps_sub,256.71666666666664,18,20251028,104,BLK_104C,2,전면SAW,2,2025-10-28 09:02:19,2025-10-28 09:34:57,32.6,,공통,raw,
b200_mixed_ps_sub_r1,LPT,Large (141-200),200,mixed_ps_sub,256.71666666666664,18,20251028,104,BLK_104C,2,TurnOver,3,2025-10-28 09:34:57,2025-10-28 09:46:57,12.0,,공통,raw,
b200_mixed_ps_sub_r1,LPT,Large (141-200),200,mixed_ps_sub,256.71666666666664,18,20251028,104,BLK_104C,2,후면SAW,4,2025-10-28 09:46:57,2025-10-28 10:08:45,21.8,,공통,raw,
b200_mixed_ps_sub_r1,LPT,Large (141-200),200,mixed_ps_sub,256.71666666666664,18,20251028,104,BLK_104C,2,NC,5,2025-10-28 10:21:51,2025-10-28 11:03:48,42.0,,공통,raw,
b200_mixed_ps_sub_r1,LPT,Large (141-200),200,mixed_ps_sub,256.71666666666664,18,20251028,104,BLK_104C,2,베이35A 론지취부,6,2025-10-28 11:03:48,2025-10-28 12:37:48,94.0,35A,베이35A,raw,
b200_mixed_ps_sub_r1,LPT,Large (141-200),200,mixed_ps_sub,256.71666666666664,18,20251028,104,BLK_104C,2,베이35A 론지용접,7,2025-10-28 12:37:48,2025-10-28 13:05:12,27.4,35A,베이35A,raw,
b200_mixed_ps_sub_r1,LPT,Large (141-200),200,mixed_ps_sub,256.71666666666664,18,20251028,104,BLK_104C,2,베이35A 수정,8,2025-10-28 13:05:12,2025-10-28 14:03:00,57.8,35A,베이35A,raw,
b200_mixed_ps_sub_r1,LPT,Large (141-200),200,mixed_ps_sub,256.71666666666664,18,20251028,124,BLK_124S,3,판계,1,2025-10-28 08:55:00,2025-10-28 09:15:00,20.0,,공통,raw,
b200_mixed_ps_sub_r1,LPT,Large (141-200),200,mixed_ps_sub,256.71666666666664,18,20251028,124,BLK_124S,3,전면SAW,2,2025-10-28 09:34:57,2025-10-28 10:09:30,34.5,,공통,raw,
b200_mixed_ps_sub_r1,LPT,Large (141-200),200,mixed_ps_sub,256.71666666666664,18,20251028,124,BLK_124S,3,TurnOver,3,2025-10-28 10:09:30,2025-10-28 10:21:30,12.0,,공통,raw,
b200_mixed_ps_sub_r1,LPT,Large (141-200),200,mixed_ps_sub,256.71666666666664,18,20251028,124,BLK_124S,3,후면SAW,4,2025-10-28 10:21:30,2025-10-28 10:45:50,24.3,,공통,raw,
b200_mixed_ps_sub_r1,LPT,Large (141-200),200,mixed_ps_sub,256.71666666666664,18,20251028,124,BLK_124S,3,NC,5,2025-10-28 11:03:48,2025-10-28 11:32:10,28.4,,공통,raw,
b200_mixed_ps_sub_r1,LPT,Large (141-200),200,mixed_ps_sub,256.71666666666664,18,20251028,124,BLK_124S,3,베이36B 론지취부,6,2025-10-28 11:55:51,2025-10-28 12:47:51,52.0,36B,베이36B,raw,
b200_mixed_ps_sub_r1,LPT,Large (141-200),200,mixed_ps_sub,256.71666666666664,18,20251028,124,BLK_124S,3,베이36B 론지용접,7,2025-10-28 12:47:51,2025-10-28 13:08:03,20.2,36B,베이36B,raw,
b200_mixed_ps_sub_r1,LPT,Large (141-200),200,mixed_ps_sub,256.71666666666664,18,20251028,124,BLK_124S,3,베이36B 수정,8,2025-10-28 13:21:03,2025-10-28 13:52:27,31.4,36B,베이36B,raw,
b200_mixed_ps_sub_r1,LPT,Large (141-200),200,mixed_ps_sub,256.71666666666664,18,20251028,27,BLK_27P,4,판계,1,2025-10-28 09:15:00,2025-10-28 09:53:00,38.0,,공통,raw,
b200_mixed_ps_sub_r1,LPT,Large (141-200),200,mixed_ps_sub,256.71666666666664,18,20251028,27,BLK_27P,4,전면SAW,2,2025-10-28 10:09:30,2025-10-28 11:27:27,78.0,,공통,raw,
b200_mixed_ps_sub_r1,LPT,Large (141-200),200,mixed_ps_sub,256.71666666666664,18,20251028,27,BLK_27P,4,TurnOver,3,2025-10-28 11:27:27,2025-10-28 11:39:27,12.0,,공통,raw,
b200_mixed_ps_sub_r1,LPT,Large (141-200),200,mixed_ps_sub,256.71666666666664,18,20251028,27,BLK_27P,4,후면SAW,4,2025-10-28 11:39:27,2025-10-28 12:52:21,72.9,,공통,raw,
b200_mixed_ps_sub_r1,LPT,Large (141-200),200,mixed_ps_sub,256.71666666666664,18,20251028,27,BLK_27P,4,NC,5,2025-10-28 12:52:21,2025-10-28 13:33:44,41.4,,공통,raw,
b200_mixed_ps_sub_r1,LPT,Large (141-200),200,mixed_ps_sub,256.71666666666664,18,20251028,27,BLK_27P,4,베이35A 론지취부,6,2025-10-28 13:33:44,2025-10-28 14:04:44,31.0,35A,베이35A,raw,
b200_mixed_ps_sub_r1,LPT,Large (141-200),200,mixed_ps_sub,256.71666666666664,18,20251028,27,BLK_27P,4,베이35A 론지용접,7,2025-10-28 14:04:44,2025-10-28 14:21:20,16.6,35A,베이35A,raw,
b200_mixed_ps_sub_r1,LPT,Large (141-200),200,mixed_ps_sub,256.71666666666664,18,20251028,27,BLK_27P,4,베이35A 수정,8,2025-10-28 14:21:20,2025-10-28 14:39:32,18.2,35A,베이35A,raw,
b200_mixed_ps_sub_r1,LPT,Large (141-200),200,mixed_ps_sub,256.71666666666664,18,20251028,7,BLK_7C,5,판계,1,2025-10-28 09:53:00,2025-10-28 10:23:00,30.0,,공통,raw,
b200_mixed_ps_sub_r1,LPT,Large (141-200),200,mixed_ps_sub,256.71666666666664,18,20251028,7,BLK_7C,5,전면SAW,2,2025-10-28 11:27:27,2025-10-28 12:11:19,43.9,,공통,raw,
b200_mixed_ps_sub_r1,LPT,Large (141-200),200,mixed_ps_sub,256.71666666666664,18,20251028,7,BLK_7C,5,TurnOver,3,2025-10-28 12:11:19,2025-10-28 12:23:19,12.0,,공통,raw,
b200_mixed_ps_sub_r1,LPT,Large (141-200),200,mixed_ps_sub,256.71666666666664,18,20251028,7,BLK_7C,5,후면SAW,4,2025-10-28 12:52:21,2025-10-28 13:28:57,36.6,,공통,raw,
b200_mixed_ps_sub_r1,LPT,Large (141-200),200,mixed_ps_sub,256.71666666666664,18,20251028,7,BLK_7C,5,NC,5,2025-10-28 13:33:44,2025-10-28 14:15:30,41.8,,공통,raw,
b200_mixed_ps_sub_r1,LPT,Large (141-200),200,mixed_ps_sub,256.71666666666664,18,20251028,7,BLK_7C,5,베이36B 론지취부,6,2025-10-28 14:15:30,2025-10-28 15:18:00,62.5,36B,베이36B,raw,
b200_mixed_ps_sub_r1,LPT,Large (141-200),200,mixed_ps_sub,256.71666666666664,18,20251028,7,BLK_7C,5,베이36B 론지용접,7,2025-10-28 15:18:00,2025-10-28 15:40:00,22.0,36B,베이36B,raw,
b200_mixed_ps_sub_r1,LPT,Large (141-200),200,mixed_ps_sub,256.71666666666664,18,20251028,7,BLK_7C,5,베이36B 수정,8,2025-10-28 15:40:00,2025-10-28 16:18:00,38.0,36B,베이36B,raw,
b200_mixed_ps_sub_r1,LPT,Large (141-200),200,mixed_ps_sub,256.71666666666664,18,20251028,173,BLK_173P,6,판계,1,2025-10-28 10:23:00,2025-10-28 10:53:00,30.0,,공통,raw,
b200_mixed_ps_sub_r1,LPT,Large (141-200),200,mixed_ps_sub,256.71666666666664,18,20251028,173,BLK_173P,6,전면SAW,2,2025-10-28 12:11:19,2025-10-28 13:53:59,102.7,,공통,raw,
b200_mixed_ps_sub_r1,LPT,Large (141-200),200,mixed_ps_sub,256.71666666666664,18,20251028,173,BLK_173P,6,TurnOver,3,2025-10-28 13:53:59,2025-10-28 14:05:59,12.0,,공통,raw,
b200_mixed_ps_sub_r1,LPT,Large (141-200),200,mixed_ps_sub,256.71666666666664,18,20251028,173,BLK_173P,6,후면SAW,4,2025-10-28 14:05:59,2025-10-28 15:47:41,101.7,,공통,raw,
b200_mixed_ps_sub_r1,LPT,Large (141-200),200,mixed_ps_sub,256.71666666666664,18,20251028,173,BLK_173P,6,NC,5,2025-10-28 15:47:41,2025-10-28 16:41:44,54.0,,공통,raw,
b200_mixed_ps_sub_r1,LPT,Large (141-200),200,mixed_ps_sub,256.71666666666664,18,20251028,173,BLK_173P,6,베이35A 론지취부,6,2025-10-28 16:41:44,2025-10-28 18:12:14,90.5,35A,베이35A,raw,
b200_mixed_ps_sub_r1,LPT,Large (141-200),200,mixed_ps_sub,256.71666666666664,18,20251028,173,BLK_173P,6,베이35A 론지용접,7,2025-10-28 18:12:14,2025-10-28 18:39:02,26.8,35A,베이35A,raw,
b200_mixed_ps_sub_r1,LPT,Large (141-200),200,mixed_ps_sub,256.71666666666664,18,20251028,173,BLK_173P,6,베이35A 수정,8,2025-10-28 18:39:02,2025-10-28 19:34:38,55.6,35A,베이35A,raw,
b200_mixed_ps_sub_r1,LPT,Large (141-200),200,mixed_ps_sub,256.71666666666664,18,20251028,133,BLK_133P,7,판계,1,2025-10-28 10:53:00,2025-10-28 11:18:00,25.0,,공통,raw,
b200_mixed_ps_sub_r1,LPT,Large (141-200),200,mixed_ps_sub,256.71666666666664,18,20251028,133,BLK_133P,7,전면SAW,2,2025-10-28 13:53:59,2025-10-28 14:26:07,32.1,,공통,raw,
b200_mixed_ps_sub_r1,LPT,Large (141-200),200,mixed_ps_sub,256.71666666666664,18,20251028,133,BLK_133P,7,TurnOver,3,2025-10-28 14:26:07,2025-10-28 14:38:07,12.0,,공통,raw,
b200_mixed_ps_sub_r1,LPT,Large (141-200),200,mixed_ps_sub,256.71666666666664,18,20251028,133,BLK_133P,7,후면SAW,4,2025-10-28 15:47:41,2025-10-28 16:08:50,21.1,,공통,raw,
b200_mixed_ps_sub_r1,LPT,Large (141-200),200,mixed_ps_sub,256.71666666666664,18,20251028,133,BLK_133P,7,NC,5,2025-10-28 16:41:44,2025-10-28 17:17:46,36.0,,공통,raw,
b200_mixed_ps_sub_r1,LPT,Large (141-200),200,mixed_ps_sub,256.71666666666664,18,20251028,133,BLK_133P,7,베이36B 론지취부,6,2025-10-28 17:17:46,2025-10-28 18:34:16,76.5,36B,베이36B,raw,
b200_mixed_ps_sub_r1,LPT,Large (141-200),200,mixed_ps_sub,256.71666666666664,18,20251028,133,BLK_133P,7,베이36B 론지용접,7,2025-10-28 18:34:16,2025-10-28 18:58:40,24.4,36B,베이36B,raw,
b200_mixed_ps_sub_r1,LPT,Large (141-200),200,mixed_ps_sub,256.71666666666664,18,20251028,133,BLK_133P,7,베이36B 수정,8,2025-10-28 18:58:40,2025-10-28 19:45:28,46.8,36B,베이36B,raw,
b200_mixed_ps_sub_r1,LPT,Large (141-200),200,mixed_ps_sub,256.71666666666664,18,20251028,103,BLK_103C,8,판계,1,2025-10-28 11:18:00,2025-10-28 11:56:00,38.0,,공통,raw,
b200_mixed_ps_sub_r1,LPT,Large (141-200),200,mixed_ps_sub,256.71666666666664,18,20251028,103,BLK_103C,8,전면SAW,2,2025-10-28 14:26:07,2025-10-28 16:03:18,97.2,,공통,raw,
b200_mixed_ps_sub_r1,LPT,Large (141-200),200,mixed_ps_sub,256.71666666666664,18,20251028,103,BLK_103C,8,TurnOver,3,2025-10-28 16:03:18,2025-10-28 16:15:18,12.0,,공통,raw,
b200_mixed_ps_sub_r1,LPT,Large (141-200),200,mixed_ps_sub,256.71666666666664,18,20251028,103,BLK_103C,8,후면SAW,4,2025-10-28 16:15:18,2025-10-28 17:31:40,76.4,,공통,raw,
b200_mixed_ps_sub_r1,LPT,Large (141-200),200,mixed_ps_sub,256.71666666666664,18,20251028,103,BLK_103C,8,NC,5,2025-10-28 17:31:40,2025-10-28 18:18:51,47.2,,공통,raw,
b200_mixed_ps_sub_r1,LPT,Large (141-200),200,mixed_ps_sub,256.71666666666664,18,20251028,103,BLK_103C,8,베이35A 론지취부,6,2025-10-28 18:18:51,2025-10-28 19:59:51,101.0,35A,베이35A,raw,
b200_mixed_ps_sub_r1,LPT,Large (141-200),200,mixed_ps_sub,256.71666666666664,18,20251028,103,BLK_103C,8,베이35A 론지용접,7,2025-10-28 19:59:51,2025-10-28 20:28:27,28.6,35A,베이35A,raw,
b200_mixed_ps_sub_r1,LPT,Large (141-200),200,mixed_ps_sub,256.71666666666664,18,20251028,103,BLK_103C,8,베이35A 수정,8,2025-10-28 20:28:27,2025-10-28 21:30:39,62.2,35A,베이35A,raw,
b200_mixed_ps_sub_r1,LPT,Large (141-200),200,mixed_ps_sub,256.71666666666664,18,20251028,123,BLK_123S,9,판계,1,2025-10-28 11:56:00,2025-10-28 12:26:00,30.0,,공통,raw,
b200_mixed_ps_sub_r1,LPT,Large (141-200),200,mixed_ps_sub,256.71666666666664,18,20251028,123,BLK_123S,9,전면SAW,2,2025-10-28 16:03:18,2025-10-28 16:35:00,31.7,,공통,raw,
b200_mixed_ps_sub_r1,LPT,Large (141-200),200,mixed_ps_sub,256.71666666666664,18,20251028,123,BLK_123S,9,TurnOver,3,2025-10-28 16:35:00,2025-10-28 16:47:00,12.0,,공통,raw,
b200_mixed_ps_sub_r1,LPT,Large (141-200),200,mixed_ps_sub,256.71666666666664,18,20251028,123,BLK_123S,9,후면SAW,4,2025-10-28 17:31:40,2025-10-28 17:52:15,20.6,,공통,raw,
b200_mixed_ps_sub_r1,LPT,Large (141-200),200,mixed_ps_sub,256.71666666666664,18,20251028,123,BLK_123S,9,NC,5,2025-10-28 18:18:51,2025-10-28 19:00:45,41.9,,공통,raw,
b200_mixed_ps_sub_r1,LPT,Large (141-200),200,mixed_ps_sub,256.71666666666664,18,20251028,123,BLK_123S,9,베이36B 론지취부,6,2025-10-28 19:00:45,2025-10-28 19:56:15,55.5,36B,베이36B,raw,
b200_mixed_ps_sub_r1,LPT,Large (141-200),200,mixed_ps_sub,256.71666666666664,18,20251028,123,BLK_123S,9,베이36B 론지용접,7,2025-10-28 19:56:15,2025-10-28 20:17:03,20.8,36B,베이36B,raw,
b200_mixed_ps_sub_r1,LPT,Large (141-200),200,mixed_ps_sub,256.71666666666664,18,20251028,123,BLK_123S,9,베이36B 수정,8,2025-10-28 20:17:03,2025-10-28 20:50:39,33.6,36B,베이36B,raw,
b200_mixed_ps_sub_r1,LPT,Large (141-200),200,mixed_ps_sub,256.71666666666664,18,20251028,113,BLK_113C,10,판계,1,2025-10-28 12:26:00,2025-10-28 12:56:00,30.0,,공통,raw,
b200_mixed_ps_sub_r1,LPT,Large (141-200),200,mixed_ps_sub,256.71666666666664,18,20251028,113,BLK_113C,10,전면SAW,2,2025-10-28 16:35:00,2025-10-28 17:04:16,29.3,,공통,raw,
b200_mixed_ps_sub_r1,LPT,Large (141-200),200,mixed_ps_sub,256.71666666666664,18,20251028,113,BLK_113C,10,TurnOver,3,2025-10-28 17:04:16,2025-10-28 17:16:16,12.0,,공통,raw,
b200_mixed_ps_sub_r1,LPT,Large (141-200),200,mixed_ps_sub,256.71666666666664,18,20251028,113,BLK_113C,10,후면SAW,4,2025-10-28 17:52:15,2025-10-28 18:09:39,17.4,,공통,raw,
b200_mixed_ps_sub_r1,LPT,Large (141-200),200,mixed_ps_sub,256.71666666666664,18,20251028,113,BLK_113C,10,NC,5,2025-10-28 19:00:45,2025-10-28 19:45:58,45.2,,공통,raw,
b200_mixed_ps_sub_r1,LPT,Large (141-200),200,mixed_ps_sub,256.71666666666664,18,20251028,113,BLK_113C,10,베이35A 론지취부,6,2025-10-28 19:59:51,2025-10-28 20:48:21,48.5,35A,베이35A,raw,
b200_mixed_ps_sub_r1,LPT,Large (141-200),200,mixed_ps_sub,256.71666666666664,18,20251028,113,BLK_113C,10,베이35A 론지용접,7,2025-10-28 20:48:21,2025-10-28 21:07:57,19.6,35A,베이35A,raw,
b200_mixed_ps_sub_r1,LPT,Large (141-200),200,mixed_ps_sub,256.71666666666664,18,20251028,113,BLK_113C,10,베이35A 수정,8,2025-10-28 21:30:39,2025-10-28 21:59:51,29.2,35A,베이35A,raw,
b200_mixed_ps_sub_r1,LPT,Large (141-200),200,mixed_ps_sub,256.71666666666664,18,20251028,10,BLK_10C,11,판계,1,2025-10-28 12:56:00,2025-10-28 13:29:00,33.0,,공통,raw,
b200_mixed_ps_sub_r1,LPT,Large (141-200),200,mixed_ps_sub,256.71666666666664,18,20251028,10,BLK_10C,11,전면SAW,2,2025-10-28 17:04:16,2025-10-28 19:15:27,131.2,,공통,raw,
b200_mixed_ps_sub_r1,LPT,Large (141-200),200,mixed_ps_sub,256.71666666666664,18,20251028,10,BLK_10C,11,TurnOver,3,2025-10-28 19:15:27,2025-10-28 19:27:27,12.0,,공통,raw,
b200_mixed_ps_sub_r1,LPT,Large (141-200),200,mixed_ps_sub,256.71666666666664,18,20251028,10,BLK_10C,11,후면SAW,4,2025-10-28 19:27:27,2025-10-28 21:42:25,135.0,,공통,raw,
b200_mixed_ps_sub_r1,LPT,Large (141-200),200,mixed_ps_sub,256.71666666666664,18,20251028,10,BLK_10C,11,NC,5,2025-10-28 21:42:25,2025-10-28 22:23:13,40.8,,공통,raw,
b200_mixed_ps_sub_r1,LPT,Large (141-200),200,mixed_ps_sub,256.71666666666664,18,20251028,10,BLK_10C,11,베이36B 론지취부,6,2025-10-28 22:23:13,2025-10-28 23:18:43,55.5,36B,베이36B,raw,
b200_mixed_ps_sub_r1,LPT,Large (141-200),200,mixed_ps_sub,256.71666666666664,18,20251028,10,BLK_10C,11,베이36B 론지용접,7,2025-10-28 23:18:43,2025-10-28 23:39:31,20.8,36B,베이36B,raw,
b200_mixed_ps_sub_r1,LPT,Large (141-200),200,mixed_ps_sub,256.71666666666664,18,20251028,10,BLK_10C,11,베이36B 수정,8,2025-10-28 23:39:31,2025-10-29 00:13:07,33.6,36B,베이36B,raw,
b200_mixed_ps_sub_r1,LPT,Large (141-200),200,mixed_ps_sub,256.71666666666664,18,20251028,105,BLK_105C,12,판계,1,2025-10-28 13:29:00,2025-10-28 13:54:00,25.0,,공통,raw,
b200_mixed_ps_sub_r1,LPT,Large (141-200),200,mixed_ps_sub,256.71666666666664,18,20251028,105,BLK_105C,12,전면SAW,2,2025-10-28 19:15:27,2025-10-28 19:54:22,38.9,,공통,raw,
b200_mixed_ps_sub_r1,LPT,Large (141-200),200,mixed_ps_sub,256.71666666666664,18,20251028,105,BLK_105C,12,TurnOver,3,2025-10-28 19:54:22,2025-10-28 20:06:22,12.0,,공통,raw,
b200_mixed_ps_sub_r1,LPT,Large (141-200),200,mixed_ps_sub,256.71666666666664,18,20251028,105,BLK_105C,12,후면SAW,4,2025-10-28 21:42:25,2025-10-28 22:12:30,30.1,,공통,raw,
b200_mixed_ps_sub_r1,LPT,Large (141-200),200,mixed_ps_sub,256.71666666666664,18,20251028,105,BLK_105C,12,NC,5,2025-10-28 22:23:13,2025-10-28 23:04:29,41.3,,공통,raw,
b200_mixed_ps_sub_r1,LPT,Large (141-200),200,mixed_ps_sub,256.71666666666664,18,20251028,105,BLK_105C,12,베이36B 론지취부,6,2025-10-28 23:18:43,2025-10-29 00:56:13,97.5,36B,베이36B,raw,
b200_mixed_ps_sub_r1,LPT,Large (141-200),200,mixed_ps_sub,256.71666666666664,18,20251028,105,BLK_105C,12,베이36B 론지용접,7,2025-10-29 00:56:13,2025-10-29 01:24:13,28.0,36B,베이36B,raw,
b200_mixed_ps_sub_r1,LPT,Large (141-200),200,mixed_ps_sub,256.71666666666664,18,20251028,105,BLK_105C,12,베이36B 수정,8,2025-10-29 01:24:13,2025-10-29 02:24:13,60.0,36B,베이36B,raw,
b200_mixed_ps_sub_r1,LPT,Large (141-200),200,mixed_ps_sub,256.71666666666664,18,20251028,31,BLK_31P,13,판계,1,2025-10-28 13:54:00,2025-10-28 14:34:00,40.0,,공통,raw,
b200_mixed_ps_sub_r1,LPT,Large (141-200),200,mixed_ps_sub,256.71666666666664,18,20251028,31,BLK_31P,13,전면SAW,2,2025-10-28 19:54:22,2025-10-28 22:46:33,172.2,,공통,raw,
b200_mixed_ps_sub_r1,LPT,Large (141-200),200,mixed_ps_sub,256.71666666666664,18,20251028,31,BLK_31P,13,TurnOver,3,2025-10-28 22:46:33,2025-10-28 22:58:33,12.0,,공통,raw,
b200_mixed_ps_sub_r1,LPT,Large (141-200),200,mixed_ps_sub,256.71666666666664,18,20251028,31,BLK_31P,13,후면SAW,4,2025-10-28 22:58:33,2025-10-29 01:29:34,151.0,,공통,raw,
b200_mixed_ps_sub_r1,LPT,Large (141-200),200,mixed_ps_sub,256.71666666666664,18,20251028,31,BLK_31P,13,NC,5,2025-10-29 01:29:34,2025-10-29 02:14:46,45.2,,공통,raw,
b200_mixed_ps_sub_r1,LPT,Large (141-200),200,mixed_ps_sub,256.71666666666664,18,20251028,31,BLK_31P,13,베이35A 론지취부,6,2025-10-29 02:14:46,2025-10-29 02:59:46,45.0,35A,베이35A,raw,
b200_mixed_ps_sub_r1,LPT,Large (141-200),200,mixed_ps_sub,256.71666666666664,18,20251028,31,BLK_31P,13,베이35A 론지용접,7,2025-10-29 02:59:46,2025-10-29 03:18:46,19.0,35A,베이35A,raw,
b200_mixed_ps_sub_r1,LPT,Large (141-200),200,mixed_ps_sub,256.71666666666664,18,20251028,31,BLK_31P,13,베이35A 수정,8,2025-10-29 03:18:46,2025-10-29 03:45:46,27.0,35A,베이35A,raw,
b200_mixed_ps_sub_r1,LPT,Large (141-200),200,mixed_ps_sub,256.71666666666664,18,20251028,181,BLK_31S,14,판계,1,2025-10-28 14:34:00,2025-10-28 15:14:00,40.0,,공통,raw,
b200_mixed_ps_sub_r1,LPT,Large (141-200),200,mixed_ps_sub,256.71666666666664,18,20251028,181,BLK_31S,14,전면SAW,2,2025-10-28 22:46:33,2025-10-29 01:38:43,172.2,,공통,raw,
b200_mixed_ps_sub_r1,LPT,Large (141-200),200,mixed_ps_sub,256.71666666666664,18,20251028,181,BLK_31S,14,TurnOver,3,2025-10-29 01:38:43,2025-10-29 01:50:43,12.0,,공통,raw,
b200_mixed_ps_sub_r1,LPT,Large (141-200),200,mixed_ps_sub,256.71666666666664,18,20251028,181,BLK_31S,14,후면SAW,4,2025-10-29 01:50:43,2025-10-29 04:21:45,151.0,,공통,raw,
b200_mixed_ps_sub_r1,LPT,Large (141-200),200,mixed_ps_sub,256.71666666666664,18,20251028,181,BLK_31S,14,NC,5,2025-10-29 04:21:45,2025-10-29 05:06:57,45.2,,공통,raw,
b200_mixed_ps_sub_r1,LPT,Large (141-200),200,mixed_ps_sub,256.71666666666664,18,20251028,181,BLK_31S,14,베이36B 론지취부,6,2025-10-29 05:06:57,2025-10-29 05:51:57,45.0,36B,베이36B,raw,
b200_mixed_ps_sub_r1,LPT,Large (141-200),200,mixed_ps_sub,256.71666666666664,18,20251028,181,BLK_31S,14,베이36B 론지용접,7,2025-10-29 05:51:57,2025-10-29 06:10:57,19.0,36B,베이36B,raw,
b200_mixed_ps_sub_r1,LPT,Large (141-200),200,mixed_ps_sub,256.71666666666664,18,20251028,181,BLK_31S,14,베이36B 수정,8,2025-10-29 06:10:57,2025-10-29 06:37:57,27.0,36B,베이36B,raw,
b200_mixed_ps_sub_r1,LPT,Large (141-200),200,mixed_ps_sub,256.71666666666664,18,20251028,174,BLK_174C,15,판계,1,2025-10-28 15:14:00,2025-10-28 15:44:00,30.0,,공통,raw,
b200_mixed_ps_sub_r1,LPT,Large (141-200),200,mixed_ps_sub,256.71666666666664,18,20251028,174,BLK_174C,15,전면SAW,2,2025-10-29 01:38:43,2025-10-29 02:11:19,32.6,,공통,raw,
b200_mixed_ps_sub_r1,LPT,Large (141-200),200,mixed_ps_sub,256.71666666666664,18,20251028,174,BLK_174C,15,TurnOver,3,2025-10-29 02:11:19,2025-10-29 02:23:19,12.0,,공통,raw,
b200_mixed_ps_sub_r1,LPT,Large (141-200),200,mixed_ps_sub,256.71666666666664,18,20251028,174,BLK_174C,15,후면SAW,4,2025-10-29 04:21:45,2025-10-29 04:43:31,21.8,,공통,raw,
b200_mixed_ps_sub_r1,LPT,Large (141-200),200,mixed_ps_sub,256.71666666666664,18,20251028,174,BLK_174C,15,NC,5,2025-10-29 05:06:57,2025-10-29 05:49:11,42.2,,공통,raw,
b200_mixed_ps_sub_r1,LPT,Large (141-200),200,mixed_ps_sub,256.71666666666664,18,20251028,174,BLK_174C,15,베이35A 론지취부,6,2025-10-29 05:49:11,2025-10-29 07:16:11,87.0,35A,베이35A,raw,
b200_mixed_ps_sub_r1,LPT,Large (141-200),200,mixed_ps_sub,256.71666666666664,18,20251028,174,BLK_174C,15,베이35A 론지용접,7,2025-10-29 07:16:11,2025-10-29 07:42:23,26.2,35A,베이35A,raw,
b200_mixed_ps_sub_r1,LPT,Large (141-200),200,mixed_ps_sub,256.71666666666664,18,20251028,174,BLK_174C,15,베이35A 수정,8,2025-10-29 07:42:23,2025-10-29 08:35:47,53.4,35A,베이35A,raw,
b200_mixed_ps_sub_r1,LPT,Large (141-200),200,mixed_ps_sub,256.71666666666664,18,20251028,26,BLK_26C,16,판계,1,2025-10-28 15:44:00,2025-10-28 16:04:00,20.0,,공통,raw,
b200_mixed_ps_sub_r1,LPT,Large (141-200),200,mixed_ps_sub,256.71666666666664,18,20251028,26,BLK_26C,16,전면SAW,2,2025-10-29 02:11:19,2025-10-29 04:26:13,134.9,,공통,raw,
b200_mixed_ps_sub_r1,LPT,Large (141-200),200,mixed_ps_sub,256.71666666666664,18,20251028,26,BLK_26C,16,TurnOver,3,2025-10-29 04:26:13,2025-10-29 04:38:13,12.0,,공통,raw,
b200_mixed_ps_sub_r1,LPT,Large (141-200),200,mixed_ps_sub,256.71666666666664,18,20251028,26,BLK_26C,16,후면SAW,4,2025-10-29 04:43:31,2025-10-29 07:02:49,139.3,,공통,raw,
b200_mixed_ps_sub_r1,LPT,Large (141-200),200,mixed_ps_sub,256.71666666666664,18,20251028,26,BLK_26C,16,NC,5,2025-10-29 07:02:49,2025-10-29 07:28:55,26.1,,공통,raw,
b200_mixed_ps_sub_r1,LPT,Large (141-200),200,mixed_ps_sub,256.71666666666664,18,20251028,26,BLK_26C,16,베이36B 론지취부,6,2025-10-29 07:28:55,2025-10-29 08:13:55,45.0,36B,베이36B,raw,
b200_mixed_ps_sub_r1,LPT,Large (141-200),200,mixed_ps_sub,256.71666666666664,18,20251028,26,BLK_26C,16,베이36B 론지용접,7,2025-10-29 08:13:55,2025-10-29 08:28:55,15.0,36B,베이36B,raw,
b200_mixed_ps_sub_r1,LPT,Large (141-200),200,mixed_ps_sub,256.71666666666664,18,20251028,26,BLK_26C,16,베이36B 수정,8,2025-10-29 08:28:55,2025-10-29 08:55:55,27.0,36B,베이36B,raw,
b200_mixed_ps_sub_r1,LPT,Large (141-200),200,mixed_ps_sub,256.71666666666664,18,20251028,153,BLK_153P,17,판계,1,2025-10-28 16:04:00,2025-10-28 16:49:00,45.0,,공통,raw,
b200_mixed_ps_sub_r1,LPT,Large (141-200),200,mixed_ps_sub,256.71666666666664,18,20251028,153,BLK_153P,17,전면SAW,2,2025-10-29 04:26:13,2025-10-29 05:07:03,40.8,,공통,raw,
b200_mixed_ps_sub_r1,LPT,Large (141-200),200,mixed_ps_sub,256.71666666666664,18,20251028,153,BLK_153P,17,TurnOver,3,2025-10-29 05:07:03,2025-10-29 05:19:03,12.0,,공통,raw,
b200_mixed_ps_sub_r1,LPT,Large (141-200),200,mixed_ps_sub,256.71666666666664,18,20251028,153,BLK_153P,17,후면SAW,4,2025-10-29 07:02:49,2025-10-29 07:35:25,32.6,,공통,raw,
b200_mixed_ps_sub_r1,LPT,Large (141-200),200,mixed_ps_sub,256.71666666666664,18,20251028,153,BLK_153P,17,NC,5,2025-10-29 07:35:25,2025-10-29 08:29:09,53.7,,공통,raw,
b200_mixed_ps_sub_r1,LPT,Large (141-200),200,mixed_ps_sub,256.71666666666664,18,20251028,153,BLK_153P,17,베이35A 론지취부,6,2025-10-29 08:29:09,2025-10-29 09:21:09,52.0,35A,베이35A,raw,
b200_mixed_ps_sub_r1,LPT,Large (141-200),200,mixed_ps_sub,256.71666666666664,18,20251028,153,BLK_153P,17,베이35A 론지용접,7,2025-10-29 09:21:09,2025-10-29 09:41:21,20.2,35A,베이35A,raw,
b200_mixed_ps_sub_r1,LPT,Large (141-200),200,mixed_ps_sub,256.71666666666664,18,20251028,153,BLK_153P,17,베이35A 수정,8,2025-10-29 09:41:21,2025-10-29 10:12:45,31.4,35A,베이35A,raw,
b200_mixed_ps_sub_r1,LPT,Large (141-200),200,mixed_ps_sub,256.71666666666664,18,20251028,85,BLK_85S,18,판계,1,2025-10-28 16:49:00,2025-10-28 17:22:00,33.0,,공통,raw,
b200_mixed_ps_sub_r1,LPT,Large (141-200),200,mixed_ps_sub,256.71666666666664,18,20251028,85,BLK_85S,18,전면SAW,2,2025-10-29 05:07:03,2025-10-29 06:46:19,99.3,,공통,raw,
b200_mixed_ps_sub_r1,LPT,Large (141-200),200,mixed_ps_sub,256.71666666666664,18,20251028,85,BLK_85S,18,TurnOver,3,2025-10-29 06:46:19,2025-10-29 06:58:19,12.0,,공통,raw,
b200_mixed_ps_sub_r1,LPT,Large (141-200),200,mixed_ps_sub,256.71666666666664,18,20251028,85,BLK_85S,18,후면SAW,4,2025-10-29 07:35:25,2025-10-29 08:53:42,78.3,,공통,raw,
b200_mixed_ps_sub_r1,LPT,Large (141-200),200,mixed_ps_sub,256.71666666666664,18,20251028,85,BLK_85S,18,NC,5,2025-10-29 08:53:42,2025-10-29 09:33:13,39.5,,공통,raw,
b200_mixed_ps_sub_r1,LPT,Large (141-200),200,mixed_ps_sub,256.71666666666664,18,20251028,85,BLK_85S,18,베이36B 론지취부,6,2025-10-29 09:33:13,2025-10-29 10:35:43,62.5,36B,베이36B,raw,
b200_mixed_ps_sub_r1,LPT,Large (141-200),200,mixed_ps_sub,256.71666666666664,18,20251028,85,BLK_85S,18,베이36B 론지용접,7,2025-10-29 10:35:43,2025-10-29 10:57:43,22.0,36B,베이36B,raw,
b200_mixed_ps_sub_r1,LPT,Large (141-200),200,mixed_ps_sub,256.71666666666664,18,20251028,85,BLK_85S,18,베이36B 수정,8,2025-10-29 10:57:43,2025-10-29 11:35:43,38.0,36B,베이36B,raw,
b200_mixed_ps_sub_r1,LPT,Large (141-200),200,mixed_ps_sub,256.71666666666664,18,20251028,15,BLK_15C,19,판계,1,2025-10-28 17:22:00,2025-10-28 17:34:00,12.0,,공통,raw,
b200_mixed_ps_sub_r1,LPT,Large (141-200),200,mixed_ps_sub,256.71666666666664,18,20251028,15,BLK_15C,19,전면SAW,2,2025-10-29 06:46:19,2025-10-29 07:27:43,41.4,,공통,raw,
b200_mixed_ps_sub_r1,LPT,Large (141-200),200,mixed_ps_sub,256.71666666666664,18,20251028,15,BLK_15C,19,TurnOver,3,2025-10-29 07:27:43,2025-10-29 07:39:43,12.0,,공통,raw,
b200_mixed_ps_sub_r1,LPT,Large (141-200),200,mixed_ps_sub,256.71666666666664,18,20251028,15,BLK_15C,19,후면SAW,4,2025-10-29 08:53:42,2025-10-29 09:27:03,33.4,,공통,raw,
b200_mixed_ps_sub_r1,LPT,Large (141-200),200,mixed_ps_sub,256.71666666666664,18,20251028,15,BLK_15C,19,NC,5,2025-10-29 09:33:13,2025-10-29 09:56:21,23.1,,공통,raw,
b200_mixed_ps_sub_r1,LPT,Large (141-200),200,mixed_ps_sub,256.71666666666664,18,20251028,15,BLK_15C,19,베이35A 론지취부,6,2025-10-29 09:56:21,2025-10-29 10:51:51,55.5,35A,베이35A,raw,
b200_mixed_ps_sub_r1,LPT,Large (141-200),200,mixed_ps_sub,256.71666666666664,18,20251028,15,BLK_15C,19,베이35A 론지용접,7,2025-10-29 10:51:51,2025-10-29 11:12:39,20.8,35A,베이35A,raw,
b200_mixed_ps_sub_r1,LPT,Large (141-200),200,mixed_ps_sub,256.71666666666664,18,20251028,15,BLK_15C,19,베이35A 수정,8,2025-10-29 11:12:39,2025-10-29 11:46:15,33.6,35A,베이35A,raw,
b200_mixed_ps_sub_r1,LPT,Large (141-200),200,mixed_ps_sub,256.71666666666664,18,20251029,95,BLK_95C,1,판계,1,2025-10-29 08:00:00,2025-10-29 08:33:00,33.0,,공통,raw,
b200_mixed_ps_sub_r1,LPT,Large (141-200),200,mixed_ps_sub,256.71666666666664,18,20251029,95,BLK_95C,1,전면SAW,2,2025-10-29 08:33:00,2025-10-29 10:12:46,99.8,,공통,raw,
b200_mixed_ps_sub_r1,LPT,Large (141-200),200,mixed_ps_sub,256.71666666666664,18,20251029,95,BLK_95C,1,TurnOver,3,2025-10-29 10:12:46,2025-10-29 10:24:46,12.0,,공통,raw,
b200_mixed_ps_sub_r1,LPT,Large (141-200),200,mixed_ps_sub,256.71666666666664,18,20251029,95,BLK_95C,1,후면SAW,4,2025-10-29 10:24:46,2025-10-29 11:43:29,78.7,,공통,raw,
b200_mixed_ps_sub_r1,LPT,Large (141-200),200,mixed_ps_sub,256.71666666666664,18,20251029,95,BLK_95C,1,NC,5,2025-10-29 11:43:29,2025-10-29 12:22:04,38.6,,공통,raw,
b200_mixed_ps_sub_r1,LPT,Large (141-200),200,mixed_ps_sub,256.71666666666664,18,20251029,95,BLK_95C,1,베이36B 론지취부,6,2025-10-29 12:22:04,2025-10-29 13:10:34,48.5,36B,베이36B,raw,
b200_mixed_ps_sub_r1,LPT,Large (141-200),200,mixed_ps_sub,256.71666666666664,18,20251029,95,BLK_95C,1,베이36B 론지용접,7,2025-10-29 13:10:34,2025-10-29 13:30:10,19.6,36B,베이36B,raw,
b200_mixed_ps_sub_r1,LPT,Large (141-200),200,mixed_ps_sub,256.71666666666664,18,20251029,95,BLK_95C,1,베이36B 수정,8,2025-10-29 13:30:10,2025-10-29 13:59:22,29.2,36B,베이36B,raw,
b200_mixed_ps_sub_r1,LPT,Large (141-200),200,mixed_ps_sub,256.71666666666664,18,20251029,115,BLK_115P,2,판계,1,2025-10-29 08:33:00,2025-10-29 08:58:00,25.0,,공통,raw,
b200_mixed_ps_sub_r1,LPT,Large (141-200),200,mixed_ps_sub,256.71666666666664,18,20251029,115,BLK_115P,2,전면SAW,2,2025-10-29 10:12:46,2025-10-29 10:49:04,36.3,,공통,raw,
b200_mixed_ps_sub_r1,LPT,Large (141-200),200,mixed_ps_sub,256.71666666666664,18,20251029,115,BLK_115P,2,TurnOver,3,2025-10-29 10:49:04,2025-10-29 11:01:04,12.0,,공통,raw,
b200_mixed_ps_sub_r1,LPT,Large (141-200),200,mixed_ps_sub,256.71666666666664,18,20251029,115,BLK_115P,2,후면SAW,4,2025-10-29 11:43:29,2025-10-29 12:10:08,26.6,,공통,raw,
b200_mixed_ps_sub_r1,LPT,Large (141-200),200,mixed_ps_sub,256.71666666666664,18,20251029,115,BLK_115P,2,NC,5,2025-10-29 12:22:04,2025-10-29 13:00:30,38.4,,공통,raw,
b200_mixed_ps_sub_r1,LPT,Large (141-200),200,mixed_ps_sub,256.71666666666664,18,20251029,115,BLK_115P,2,베이36B 론지취부,6,2025-10-29 13:10:34,2025-10-29 14:23:34,73.0,36B,베이36B,raw,
b200_mixed_ps_sub_r1,LPT,Large (141-200),200,mixed_ps_sub,256.71666666666664,18,20251029,115,BLK_115P,2,베이36B 론지용접,7,2025-10-29 14:23:34,2025-10-29 14:47:22,23.8,36B,베이36B,raw,
b200_mixed_ps_sub_r1,LPT,Large (141-200),200,mixed_ps_sub,256.71666666666664,18,20251029,115,BLK_115P,2,베이36B 수정,8,2025-10-29 14:47:22,2025-10-29 15:31:58,44.6,36B,베이36B,raw,
b200_mixed_ps_sub_r1,LPT,Large (141-200),200,mixed_ps_sub,256.71666666666664,18,20251029,2,BLK_2P,3,판계,1,2025-10-29 08:58:00,2025-10-29 09:28:00,30.0,,공통,raw,
b200_mixed_ps_sub_r1,LPT,Large (141-200),200,mixed_ps_sub,256.71666666666664,18,20251029,2,BLK_2P,3,전면SAW,2,2025-10-29 10:49:04,2025-10-29 11:20:36,31.5,,공통,raw,
b200_mixed_ps_sub_r1,LPT,Large (141-200),200,mixed_ps_sub,256.71666666666664,18,20251029,2,BLK_2P,3,TurnOver,3,2025-10-29 11:20:36,2025-10-29 11:32:36,12.0,,공통,raw,
b200_mixed_ps_sub_r1,LPT,Large (141-200),200,mixed_ps_sub,256.71666666666664,18,20251029,2,BLK_2P,3,후면SAW,4,2025-10-29 12:10:08,2025-10-29 12:30:28,20.3,,공통,raw,
b200_mixed_ps_sub_r1,LPT,Large (141-200),200,mixed_ps_sub,256.71666666666664,18,20251029,2,BLK_2P,3,NC,5,2025-10-29 13:00:30,2025-10-29 13:42:08,41.6,,공통,raw,
b200_mixed_ps_sub_r1,LPT,Large (141-200),200,mixed_ps_sub,256.71666666666664,18,20251029,2,BLK_2P,3,베이35A 론지취부,6,2025-10-29 13:42:08,2025-10-29 14:48:08,66.0,35A,베이35A,raw,
b200_mixed_ps_sub_r1,LPT,Large (141-200),200,mixed_ps_sub,256.71666666666664,18,20251029,2,BLK_2P,3,베이35A 론지용접,7,2025-10-29 14:48:08,2025-10-29 15:10:44,22.6,35A,베이35A,raw,
b200_mixed_ps_sub_r1,LPT,Large (141-200),200,mixed_ps_sub,256.71666666666664,18,20251029,2,BLK_2P,3,베이35A 수정,8,2025-10-29 15:10:44,2025-10-29 15:50:56,40.2,35A,베이35A,raw,
b200_mixed_ps_sub_r1,LPT,Large (141-200),200,mixed_ps_sub,256.71666666666664,18,20251029,187,BLK_2S,4,판계,1,2025-10-29 09:28:00,2025-10-29 09:58:00,30.0,,공통,raw,
b200_mixed_ps_sub_r1,LPT,Large (141-200),200,mixed_ps_sub,256.71666666666664,18,20251029,187,BLK_2S,4,전면SAW,2,2025-10-29 11:20:36,2025-10-29 11:52:07,31.5,,공통,raw,
b200_mixed_ps_sub_r1,LPT,Large (141-200),200,mixed_ps_sub,256.71666666666664,18,20251029,187,BLK_2S,4,TurnOver,3,2025-10-29 11:52:07,2025-10-29 12:04:07,12.0,,공통,raw,
b200_mixed_ps_sub_r1,LPT,Large (141-200),200,mixed_ps_sub,256.71666666666664,18,20251029,187,BLK_2S,4,후면SAW,4,2025-10-29 12:30:28,2025-10-29 12:50:49,20.3,,공통,raw,
b200_mixed_ps_sub_r1,LPT,Large (141-200),200,mixed_ps_sub,256.71666666666664,18,20251029,187,BLK_2S,4,NC,5,2025-10-29 13:42:08,2025-10-29 14:23:46,41.6,,공통,raw,
b200_mixed_ps_sub_r1,LPT,Large (141-200),200,mixed_ps_sub,256.71666666666664,18,20251029,187,BLK_2S,4,베이36B 론지취부,6,2025-10-29 14:23:46,2025-10-29 15:29:46,66.0,36B,베이36B,raw,
b200_mixed_ps_sub_r1,LPT,Large (141-200),200,mixed_ps_sub,256.71666666666664,18,20251029,187,BLK_2S,4,베이36B 론지용접,7,2025-10-29 15:29:46,2025-10-29 15:52:22,22.6,36B,베이36B,raw,
b200_mixed_ps_sub_r1,LPT,Large (141-200),200,mixed_ps_sub,256.71666666666664,18,20251029,187,BLK_2S,4,베이36B 수정,8,2025-10-29 15:52:22,2025-10-29 16:32:34,40.2,36B,베이36B,raw,
b200_mixed_ps_sub_r1,LPT,Large (141-200),200,mixed_ps_sub,256.71666666666664,18,20251029,143,BLK_143S,5,판계,1,2025-10-29 09:58:00,2025-10-29 10:23:00,25.0,,공통,raw,
b200_mixed_ps_sub_r1,LPT,Large (141-200),200,mixed_ps_sub,256.71666666666664,18,20251029,143,BLK_143S,5,전면SAW,2,2025-10-29 11:52:07,2025-10-29 12:22:55,30.8,,공통,raw,
b200_mixed_ps_sub_r1,LPT,Large (141-200),200,mixed_ps_sub,256.71666666666664,18,20251029,143,BLK_143S,5,TurnOver,3,2025-10-29 12:22:55,2025-10-29 12:34:55,12.0,,공통,raw,
b200_mixed_ps_sub_r1,LPT,Large (141-200),200,mixed_ps_sub,256.71666666666664,18,20251029,143,BLK_143S,5,후면SAW,4,2025-10-29 12:50:49,2025-10-29 13:10:14,19.4,,공통,raw,
b200_mixed_ps_sub_r1,LPT,Large (141-200),200,mixed_ps_sub,256.71666666666664,18,20251029,143,BLK_143S,5,NC,5,2025-10-29 14:23:46,2025-10-29 14:57:51,34.1,,공통,raw,
b200_mixed_ps_sub_r1,LPT,Large (141-200),200,mixed_ps_sub,256.71666666666664,18,20251029,143,BLK_143S,5,베이35A 론지취부,6,2025-10-29 14:57:51,2025-10-29 16:03:51,66.0,35A,베이35A,raw,
b200_mixed_ps_sub_r1,LPT,Large (141-200),200,mixed_ps_sub,256.71666666666664,18,20251029,143,BLK_143S,5,베이35A 론지용접,7,2025-10-29 16:03:51,2025-10-29 16:26:27,22.6,35A,베이35A,raw,
b200_mixed_ps_sub_r1,LPT,Large (141-200),200,mixed_ps_sub,256.71666666666664,18,20251029,143,BLK_143S,5,베이35A 수정,8,2025-10-29 16:26:27,2025-10-29 17:06:39,40.2,35A,베이35A,raw,
b200_mixed_ps_sub_r1,LPT,Large (141-200),200,mixed_ps_sub,256.71666666666664,18,20251029,75,BLK_75C,6,판계,1,2025-10-29 10:23:00,2025-10-29 10:48:00,25.0,,공통,raw,
b200_mixed_ps_sub_r1,LPT,Large (141-200),200,mixed_ps_sub,256.71666666666664,18,20251029,75,BLK_75C,6,전면SAW,2,2025-10-29 12:22:55,2025-10-29 12:56:18,33.4,,공통,raw,
b200_mixed_ps_sub_r1,LPT,Large (141-200),200,mixed_ps_sub,256.71666666666664,18,20251029,75,BLK_75C,6,TurnOver,3,2025-10-29 12:56:18,2025-10-29 13:08:18,12.0,,공통,raw,
b200_mixed_ps_sub_r1,LPT,Large (141-200),200,mixed_ps_sub,256.71666666666664,18,20251029,75,BLK_75C,6,후면SAW,4,2025-10-29 13:10:14,2025-10-29 13:33:02,22.8,,공통,raw,
b200_mixed_ps_sub_r1,LPT,Large (141-200),200,mixed_ps_sub,256.71666666666664,18,20251029,75,BLK_75C,6,NC,5,2025-10-29 14:57:51,2025-10-29 15:34:26,36.6,,공통,raw,
b200_mixed_ps_sub_r1,LPT,Large (141-200),200,mixed_ps_sub,256.71666666666664,18,20251029,75,BLK_75C,6,베이36B 론지취부,6,2025-10-29 15:34:26,2025-10-29 16:33:26,59.0,36B,베이36B,raw,
b200_mixed_ps_sub_r1,LPT,Large (141-200),200,mixed_ps_sub,256.71666666666664,18,20251029,75,BLK_75C,6,베이36B 론지용접,7,2025-10-29 16:33:26,2025-10-29 16:54:50,21.4,36B,베이36B,raw,
b200_mixed_ps_sub_r1,LPT,Large (141-200),200,mixed_ps_sub,256.71666666666664,18,20251029,75,BLK_75C,6,베이36B 수정,8,2025-10-29 16:54:50,2025-10-29 17:30:38,35.8,36B,베이36B,raw,
b200_mixed_ps_sub_r1,LPT,Large (141-200),200,mixed_ps_sub,256.71666666666664,18,20251029,164,BLK_164C,7,판계,1,2025-10-29 10:48:00,2025-10-29 11:08:00,20.0,,공통,raw,
b200_mixed_ps_sub_r1,LPT,Large (141-200),200,mixed_ps_sub,256.71666666666664,18,20251029,164,BLK_164C,7,전면SAW,2,2025-10-29 12:56:18,2025-10-29 13:32:10,35.9,,공통,raw,
b200_mixed_ps_sub_r1,LPT,Large (141-200),200,mixed_ps_sub,256.71666666666664,18,20251029,164,BLK_164C,7,TurnOver,3,2025-10-29 13:32:10,2025-10-29 13:44:10,12.0,,공통,raw,
b200_mixed_ps_sub_r1,LPT,Large (141-200),200,mixed_ps_sub,256.71666666666664,18,20251029,164,BLK_164C,7,후면SAW,4,2025-10-29 13:44:10,2025-10-29 14:10:15,26.1,,공통,raw,
b200_mixed_ps_sub_r1,LPT,Large (141-200),200,mixed_ps_sub,256.71666666666664,18,20251029,164,BLK_164C,7,NC,5,2025-10-29 15:34:26,2025-10-29 16:04:25,30.0,,공통,raw,
b200_mixed_ps_sub_r1,LPT,Large (141-200),200,mixed_ps_sub,256.71666666666664,18,20251029,164,BLK_164C,7,베이35A 론지취부,6,2025-10-29 16:04:25,2025-10-29 16:56:25,52.0,35A,베이35A,raw,
b200_mixed_ps_sub_r1,LPT,Large (141-200),200,mixed_ps_sub,256.71666666666664,18,20251029,164,BLK_164C,7,베이35A 론지용접,7,2025-10-29 16:56:25,2025-10-29 17:16:37,20.2,35A,베이35A,raw,
b200_mixed_ps_sub_r1,LPT,Large (141-200),200,mixed_ps_sub,256.71666666666664,18,20251029,164,BLK_164C,7,베이35A 수정,8,2025-10-29 17:16:37,2025-10-29 17:48:01,31.4,35A,베이35A,raw,
b200_mixed_ps_sub_r1,LPT,Large (141-200),200,mixed_ps_sub,256.71666666666664,18,20251029,163,BLK_163C,8,판계,1,2025-10-29 11:08:00,2025-10-29 11:38:00,30.0,,공통,raw,
b200_mixed_ps_sub_r1,LPT,Large (141-200),200,mixed_ps_sub,256.71666666666664,18,20251029,163,BLK_163C,8,전면SAW,2,2025-10-29 13:32:10,2025-10-29 14:01:01,28.8,,공통,raw,
b200_mixed_ps_sub_r1,LPT,Large (141-200),200,mixed_ps_sub,256.71666666666664,18,20251029,163,BLK_163C,8,TurnOver,3,2025-10-29 14:01:01,2025-10-29 14:13:01,12.0,,공통,raw,
b200_mixed_ps_sub_r1,LPT,Large (141-200),200,mixed_ps_sub,256.71666666666664,18,20251029,163,BLK_163C,8,후면SAW,4,2025-10-29 14:13:01,2025-10-29 14:29:50,16.8,,공통,raw,
b200_mixed_ps_sub_r1,LPT,Large (141-200),200,mixed_ps_sub,256.71666666666664,18,20251029,163,BLK_163C,8,NC,5,2025-10-29 16:04:25,2025-10-29 16:44:21,39.9,,공통,raw,
b200_mixed_ps_sub_r1,LPT,Large (141-200),200,mixed_ps_sub,256.71666666666664,18,20251029,163,BLK_163C,8,베이36B 론지취부,6,2025-10-29 16:44:21,2025-10-29 17:32:51,48.5,36B,베이36B,raw,
b200_mixed_ps_sub_r1,LPT,Large (141-200),200,mixed_ps_sub,256.71666666666664,18,20251029,163,BLK_163C,8,베이36B 론지용접,7,2025-10-29 17:32:51,2025-10-29 17:52:27,19.6,36B,베이36B,raw,
b200_mixed_ps_sub_r1,LPT,Large (141-200),200,mixed_ps_sub,256.71666666666664,18,20251029,163,BLK_163C,8,베이36B 수정,8,2025-10-29 17:52:27,2025-10-29 18:21:39,29.2,36B,베이36B,raw,
b200_mixed_ps_sub_r1,LPT,Large (141-200),200,mixed_ps_sub,256.71666666666664,18,20251029,144,BLK_144C,9,판계,1,2025-10-29 11:38:00,2025-10-29 11:58:00,20.0,,공통,raw,
b200_mixed_ps_sub_r1,LPT,Large (141-200),200,mixed_ps_sub,256.71666666666664,18,20251029,144,BLK_144C,9,전면SAW,2,2025-10-29 14:01:01,2025-10-29 14:33:04,32.1,,공통,raw,
b200_mixed_ps_sub_r1,LPT,Large (141-200),200,mixed_ps_sub,256.71666666666664,18,20251029,144,BLK_144C,9,TurnOver,3,2025-10-29 14:33:04,2025-10-29 14:45:04,12.0,,공통,raw,
b200_mixed_ps_sub_r1,LPT,Large (141-200),200,mixed_ps_sub,256.71666666666664,18,20251029,144,BLK_144C,9,후면SAW,4,2025-10-29 14:45:04,2025-10-29 15:06:07,21.1,,공통,raw,
b200_mixed_ps_sub_r1,LPT,Large (141-200),200,mixed_ps_sub,256.71666666666664,18,20251029,144,BLK_144C,9,NC,5,2025-10-29 16:44:21,2025-10-29 17:11:04,26.7,,공통,raw,
b200_mixed_ps_sub_r1,LPT,Large (141-200),200,mixed_ps_sub,256.71666666666664,18,20251029,144,BLK_144C,9,베이35A 론지취부,6,2025-10-29 17:11:04,2025-10-29 17:52:34,41.5,35A,베이35A,raw,
b200_mixed_ps_sub_r1,LPT,Large (141-200),200,mixed_ps_sub,256.71666666666664,18,20251029,144,BLK_144C,9,베이35A 론지용접,7,2025-10-29 17:52:34,2025-10-29 18:10:58,18.4,35A,베이35A,raw,
b200_mixed_ps_sub_r1,LPT,Large (141-200),200,mixed_ps_sub,256.71666666666664,18,20251029,144,BLK_144C,9,베이35A 수정,8,2025-10-29 18:10:58,2025-10-29 18:35:46,24.8,35A,베이35A,raw,
b200_mixed_ps_sub_r1,LPT,Large (141-200),200,mixed_ps_sub,256.71666666666664,18,20251029,11,BLK_11C,10,판계,1,2025-10-29 11:58:00,2025-10-29 12:23:00,25.0,,공통,raw,
b200_mixed_ps_sub_r1,LPT,Large (141-200),200,mixed_ps_sub,256.71666666666664,18,20251029,11,BLK_11C,10,전면SAW,2,2025-10-29 14:33:04,2025-10-29 15:03:01,29.9,,공통,raw,
b200_mixed_ps_sub_r1,LPT,Large (141-200),200,mixed_ps_sub,256.71666666666664,18,20251029,11,BLK_11C,10,TurnOver,3,2025-10-29 15:03:01,2025-10-29 15:15:01,12.0,,공통,raw,
b200_mixed_ps_sub_r1,LPT,Large (141-200),200,mixed_ps_sub,256.71666666666664,18,20251029,11,BLK_11C,10,후면SAW,4,2025-10-29 15:15:01,2025-10-29 15:33:17,18.3,,공통,raw,
b200_mixed_ps_sub_r1,LPT,Large (141-200),200,mixed_ps_sub,256.71666666666664,18,20251029,11,BLK_11C,10,NC,5,2025-10-29 17:11:04,2025-10-29 17:43:24,32.3,,공통,raw,
b200_mixed_ps_sub_r1,LPT,Large (141-200),200,mixed_ps_sub,256.71666666666664,18,20251029,11,BLK_11C,10,베이36B 론지취부,6,2025-10-29 17:43:24,2025-10-29 18:10:54,27.5,36B,베이36B,raw,
b200_mixed_ps_sub_r1,LPT,Large (141-200),200,mixed_ps_sub,256.71666666666664,18,20251029,11,BLK_11C,10,베이36B 론지용접,7,2025-10-29 18:10:54,2025-10-29 18:22:54,12.0,36B,베이36B,raw,
b200_mixed_ps_sub_r1,LPT,Large (141-200),200,mixed_ps_sub,256.71666666666664,18,20251029,11,BLK_11C,10,베이36B 수정,8,2025-10-29 18:22:54,2025-10-29 18:38:54,16.0,36B,베이36B,raw,
b200_mixed_ps_sub_r1,LPT,Large (141-200),200,mixed_ps_sub,256.71666666666664,18,20251029,14,BLK_14C,11,판계,1,2025-10-29 12:23:00,2025-10-29 12:53:00,30.0,,공통,raw,
b200_mixed_ps_sub_r1,LPT,Large (141-200),200,mixed_ps_sub,256.71666666666664,18,20251029,14,BLK_14C,11,전면SAW,2,2025-10-29 15:03:01,2025-10-29 15:32:54,29.9,,공통,raw,
b200_mixed_ps_sub_r1,LPT,Large (141-200),200,mixed_ps_sub,256.71666666666664,18,20251029,14,BLK_14C,11,TurnOver,3,2025-10-29 15:32:54,2025-10-29 15:44:54,12.0,,공통,raw,
b200_mixed_ps_sub_r1,LPT,Large (141-200),200,mixed_ps_sub,256.71666666666664,18,20251029,14,BLK_14C,11,후면SAW,4,2025-10-29 15:44:54,2025-10-29 16:03:05,18.2,,공통,raw,
b200_mixed_ps_sub_r1,LPT,Large (141-200),200,mixed_ps_sub,256.71666666666664,18,20251029,14,BLK_14C,11,NC,5,2025-10-29 17:43:24,2025-10-29 18:33:13,49.8,,공통,raw,
b200_mixed_ps_sub_r1,LPT,Large (141-200),200,mixed_ps_sub,256.71666666666664,18,20251029,14,BLK_14C,11,베이35A 론지취부,6,2025-10-29 18:33:13,2025-10-29 19:35:43,62.5,35A,베이35A,raw,
b200_mixed_ps_sub_r1,LPT,Large (141-200),200,mixed_ps_sub,256.71666666666664,18,20251029,14,BLK_14C,11,베이35A 론지용접,7,2025-10-29 19:35:43,2025-10-29 19:57:43,22.0,35A,베이35A,raw,
b200_mixed_ps_sub_r1,LPT,Large (141-200),200,mixed_ps_sub,256.71666666666664,18,20251029,14,BLK_14C,11,베이35A 수정,8,2025-10-29 19:57:43,2025-10-29 20:35:43,38.0,35A,베이35A,raw,
b200_mixed_ps_sub_r1,LPT,Large (141-200),200,mixed_ps_sub,256.71666666666664,18,20251029,6,BLK_6C,12,판계,1,2025-10-29 12:53:00,2025-10-29 13:13:00,20.0,,공통,raw,
b200_mixed_ps_sub_r1,LPT,Large (141-200),200,mixed_ps_sub,256.71666666666664,18,20251029,6,BLK_6C,12,전면SAW,2,2025-10-29 15:32:54,2025-10-29 16:13:39,40.8,,공통,raw,
b200_mixed_ps_sub_r1,LPT,Large (141-200),200,mixed_ps_sub,256.71666666666664,18,20251029,6,BLK_6C,12,TurnOver,3,2025-10-29 16:13:39,2025-10-29 16:25:39,12.0,,공통,raw,
b200_mixed_ps_sub_r1,LPT,Large (141-200),200,mixed_ps_sub,256.71666666666664,18,20251029,6,BLK_6C,12,후면SAW,4,2025-10-29 16:25:39,2025-10-29 16:58:09,32.5,,공통,raw,
b200_mixed_ps_sub_r1,LPT,Large (141-200),200,mixed_ps_sub,256.71666666666664,18,20251029,6,BLK_6C,12,NC,5,2025-10-29 18:33:13,2025-10-29 19:05:27,32.2,,공통,raw,
b200_mixed_ps_sub_r1,LPT,Large (141-200),200,mixed_ps_sub,256.71666666666664,18,20251029,6,BLK_6C,12,베이36B 론지취부,6,2025-10-29 19:05:27,2025-10-29 20:07:57,62.5,36B,베이36B,raw,
b200_mixed_ps_sub_r1,LPT,Large (141-200),200,mixed_ps_sub,256.71666666666664,18,20251029,6,BLK_6C,12,베이36B 론지용접,7,2025-10-29 20:07:57,2025-10-29 20:29:57,22.0,36B,베이36B,raw,
b200_mixed_ps_sub_r1,LPT,Large (141-200),200,mixed_ps_sub,256.71666666666664,18,20251029,6,BLK_6C,12,베이36B 수정,8,2025-10-29 20:29:57,2025-10-29 21:07:57,38.0,36B,베이36B,raw,
b200_mixed_ps_sub_r1,LPT,Large (141-200),200,mixed_ps_sub,256.71666666666664,18,20251029,100,BLK_100C,13,판계,1,2025-10-29 13:13:00,2025-10-29 13:43:00,30.0,,공통,raw,
b200_mixed_ps_sub_r1,LPT,Large (141-200),200,mixed_ps_sub,256.71666666666664,18,20251029,100,BLK_100C,13,전면SAW,2,2025-10-29 16:13:39,2025-10-29 18:27:07,133.5,,공통,raw,
b200_mixed_ps_sub_r1,LPT,Large (141-200),200,mixed_ps_sub,256.71666666666664,18,20251029,100,BLK_100C,13,TurnOver,3,2025-10-29 18:27:07,2025-10-29 18:39:07,12.0,,공통,raw,
b200_mixed_ps_sub_r1,LPT,Large (141-200),200,mixed_ps_sub,256.71666666666664,18,20251029,100,BLK_100C,13,후면SAW,4,2025-10-29 18:39:07,2025-10-29 20:16:01,96.9,,공통,raw,
b200_mixed_ps_sub_r1,LPT,Large (141-200),200,mixed_ps_sub,256.71666666666664,18,20251029,100,BLK_100C,13,NC,5,2025-10-29 20:16:01,2025-10-29 21:13:26,57.4,,공통,raw,
b200_mixed_ps_sub_r1,LPT,Large (141-200),200,mixed_ps_sub,256.71666666666664,18,20251029,100,BLK_100C,13,베이35A 론지취부,6,2025-10-29 21:13:26,2025-10-29 22:19:26,66.0,35A,베이35A,raw,
b200_mixed_ps_sub_r1,LPT,Large (141-200),200,mixed_ps_sub,256.71666666666664,18,20251029,100,BLK_100C,13,베이35A 론지용접,7,2025-10-29 22:19:26,2025-10-29 22:42:02,22.6,35A,베이35A,raw,
b200_mixed_ps_sub_r1,LPT,Large (141-200),200,mixed_ps_sub,256.71666666666664,18,20251029,100,BLK_100C,13,베이35A 수정,8,2025-10-29 22:42:02,2025-10-29 23:22:14,40.2,35A,베이35A,raw,
b200_mixed_ps_sub_r1,LPT,Large (141-200),200,mixed_ps_sub,256.71666666666664,18,20251029,80,BLK_80C,14,판계,1,2025-10-29 13:43:00,2025-10-29 14:18:00,35.0,,공통,raw,
b200_mixed_ps_sub_r1,LPT,Large (141-200),200,mixed_ps_sub,256.71666666666664,18,20251029,80,BLK_80C,14,전면SAW,2,2025-10-29 18:27:07,2025-10-29 20:43:56,136.8,,공통,raw,
b200_mixed_ps_sub_r1,LPT,Large (141-200),200,mixed_ps_sub,256.71666666666664,18,20251029,80,BLK_80C,14,TurnOver,3,2025-10-29 20:43:56,2025-10-29 20:55:56,12.0,,공통,raw,
b200_mixed_ps_sub_r1,LPT,Large (141-200),200,mixed_ps_sub,256.71666666666664,18,20251029,80,BLK_80C,14,후면SAW,4,2025-10-29 20:55:56,2025-10-29 22:35:30,99.6,,공통,raw,
b200_mixed_ps_sub_r1,LPT,Large (141-200),200,mixed_ps_sub,256.71666666666664,18,20251029,80,BLK_80C,14,NC,5,2025-10-29 22:35:30,2025-10-29 23:14:03,38.6,,공통,raw,
b200_mixed_ps_sub_r1,LPT,Large (141-200),200,mixed_ps_sub,256.71666666666664,18,20251029,80,BLK_80C,14,베이36B 론지취부,6,2025-10-29 23:14:03,2025-10-30 00:06:03,52.0,36B,베이36B,raw,
b200_mixed_ps_sub_r1,LPT,Large (141-200),200,mixed_ps_sub,256.71666666666664,18,20251029,80,BLK_80C,14,베이36B 론지용접,7,2025-10-30 00:06:03,2025-10-30 00:26:15,20.2,36B,베이36B,raw,
b200_mixed_ps_sub_r1,LPT,Large (141-200),200,mixed_ps_sub,256.71666666666664,18,20251029,80,BLK_80C,14,베이36B 수정,8,2025-10-30 00:26:15,2025-10-30 00:57:39,31.4,36B,베이36B,raw,
b200_mixed_ps_sub_r1,LPT,Large (141-200),200,mixed_ps_sub,256.71666666666664,18,20251029,145,BLK_145C,15,판계,1,2025-10-29 14:18:00,2025-10-29 14:56:00,38.0,,공통,raw,
b200_mixed_ps_sub_r1,LPT,Large (141-200),200,mixed_ps_sub,256.71666666666664,18,20251029,145,BLK_145C,15,전면SAW,2,2025-10-29 20:43:56,2025-10-29 22:29:06,105.2,,공통,raw,
b200_mixed_ps_sub_r1,LPT,Large (141-200),200,mixed_ps_sub,256.71666666666664,18,20251029,145,BLK_145C,15,TurnOver,3,2025-10-29 22:29:06,2025-10-29 22:41:06,12.0,,공통,raw,
b200_mixed_ps_sub_r1,LPT,Large (141-200),200,mixed_ps_sub,256.71666666666664,18,20251029,145,BLK_145C,15,후면SAW,4,2025-10-29 22:41:06,2025-10-30 00:04:44,83.6,,공통,raw,
b200_mixed_ps_sub_r1,LPT,Large (141-200),200,mixed_ps_sub,256.71666666666664,18,20251029,145,BLK_145C,15,NC,5,2025-10-30 00:04:44,2025-10-30 00:53:34,48.8,,공통,raw,
b200_mixed_ps_sub_r1,LPT,Large (141-200),200,mixed_ps_sub,256.71666666666664,18,20251029,145,BLK_145C,15,베이35A 론지취부,6,2025-10-30 00:53:34,2025-10-30 02:03:04,69.5,35A,베이35A,raw,
b200_mixed_ps_sub_r1,LPT,Large (141-200),200,mixed_ps_sub,256.71666666666664,18,20251029,145,BLK_145C,15,베이35A 론지용접,7,2025-10-30 02:03:04,2025-10-30 02:26:16,23.2,35A,베이35A,raw,
b200_mixed_ps_sub_r1,LPT,Large (141-200),200,mixed_ps_sub,256.71666666666664,18,20251029,145,BLK_145C,15,베이35A 수정,8,2025-10-30 02:26:16,2025-10-30 03:08:40,42.4,35A,베이35A,raw,
b200_mixed_ps_sub_r1,LPT,Large (141-200),200,mixed_ps_sub,256.71666666666664,18,20251029,32,BLK_32S,16,판계,1,2025-10-29 14:56:00,2025-10-29 15:26:00,30.0,,공통,raw,
b200_mixed_ps_sub_r1,LPT,Large (141-200),200,mixed_ps_sub,256.71666666666664,18,20251029,32,BLK_32S,16,전면SAW,2,2025-10-29 22:29:06,2025-10-29 23:03:19,34.2,,공통,raw,
b200_mixed_ps_sub_r1,LPT,Large (141-200),200,mixed_ps_sub,256.71666666666664,18,20251029,32,BLK_32S,16,TurnOver,3,2025-10-29 23:03:19,2025-10-29 23:15:19,12.0,,공통,raw,
b200_mixed_ps_sub_r1,LPT,Large (141-200),200,mixed_ps_sub,256.71666666666664,18,20251029,32,BLK_32S,16,후면SAW,4,2025-10-30 00:04:44,2025-10-30 00:28:39,23.9,,공통,raw,
b200_mixed_ps_sub_r1,LPT,Large (141-200),200,mixed_ps_sub,256.71666666666664,18,20251029,32,BLK_32S,16,NC,5,2025-10-30 00:53:34,2025-10-30 01:38:18,44.7,,공통,raw,
b200_mixed_ps_sub_r1,LPT,Large (141-200),200,mixed_ps_sub,256.71666666666664,18,20251029,32,BLK_32S,16,베이36B 론지취부,6,2025-10-30 01:38:18,2025-10-30 03:22:48,104.5,36B,베이36B,raw,
b200_mixed_ps_sub_r1,LPT,Large (141-200),200,mixed_ps_sub,256.71666666666664,18,20251029,32,BLK_32S,16,베이36B 론지용접,7,2025-10-30 03:22:48,2025-10-30 03:52:00,29.2,36B,베이36B,raw,
b200_mixed_ps_sub_r1,LPT,Large (141-200),200,mixed_ps_sub,256.71666666666664,18,20251029,32,BLK_32S,16,베이36B 수정,8,2025-10-30 03:52:00,2025-10-30 04:56:24,64.4,36B,베이36B,raw,
b200_mixed_ps_sub_r1,LPT,Large (141-200),200,mixed_ps_sub,256.71666666666664,18,20251029,135,BLK_135P,17,판계,1,2025-10-29 15:26:00,2025-10-29 16:04:00,38.0,,공통,raw,
b200_mixed_ps_sub_r1,LPT,Large (141-200),200,mixed_ps_sub,256.71666666666664,18,20251029,135,BLK_135P,17,전면SAW,2,2025-10-29 23:03:19,2025-10-30 00:16:52,73.5,,공통,raw,
b200_mixed_ps_sub_r1,LPT,Large (141-200),200,mixed_ps_sub,256.71666666666664,18,20251029,135,BLK_135P,17,TurnOver,3,2025-10-30 00:16:52,2025-10-30 00:28:52,12.0,,공통,raw,
b200_mixed_ps_sub_r1,LPT,Large (141-200),200,mixed_ps_sub,256.71666666666664,18,20251029,135,BLK_135P,17,후면SAW,4,2025-10-30 00:28:52,2025-10-30 01:23:40,54.8,,공통,raw,
b200_mixed_ps_sub_r1,LPT,Large (141-200),200,mixed_ps_sub,256.71666666666664,18,20251029,135,BLK_135P,17,NC,5,2025-10-30 01:38:18,2025-10-30 02:20:21,42.0,,공통,raw,
b200_mixed_ps_sub_r1,LPT,Large (141-200),200,mixed_ps_sub,256.71666666666664,18,20251029,135,BLK_135P,17,베이35A 론지취부,6,2025-10-30 02:20:21,2025-10-30 02:54:51,34.5,35A,베이35A,raw,
b200_mixed_ps_sub_r1,LPT,Large (141-200),200,mixed_ps_sub,256.71666666666664,18,20251029,135,BLK_135P,17,베이35A 론지용접,7,2025-10-30 02:54:51,2025-10-30 03:12:03,17.2,35A,베이35A,raw,
b200_mixed_ps_sub_r1,LPT,Large (141-200),200,mixed_ps_sub,256.71666666666664,18,20251029,135,BLK_135P,17,베이35A 수정,8,2025-10-30 03:12:03,2025-10-30 03:32:27,20.4,35A,베이35A,raw,
b200_mixed_ps_sub_r1,LPT,Large (141-200),200,mixed_ps_sub,256.71666666666664,18,20251029,90,BLK_90P,18,판계,1,2025-10-29 16:04:00,2025-10-29 16:24:00,20.0,,공통,raw,
b200_mixed_ps_sub_r1,LPT,Large (141-200),200,mixed_ps_sub,256.71666666666664,18,20251029,90,BLK_90P,18,전면SAW,2,2025-10-30 00:16:52,2025-10-30 00:52:19,35.5,,공통,raw,
b200_mixed_ps_sub_r1,LPT,Large (141-200),200,mixed_ps_sub,256.71666666666664,18,20251029,90,BLK_90P,18,TurnOver,3,2025-10-30 00:52:19,2025-10-30 01:04:19,12.0,,공통,raw,
b200_mixed_ps_sub_r1,LPT,Large (141-200),200,mixed_ps_sub,256.71666666666664,18,20251029,90,BLK_90P,18,후면SAW,4,2025-10-30 01:23:40,2025-10-30 01:49:12,25.5,,공통,raw,
b200_mixed_ps_sub_r1,LPT,Large (141-200),200,mixed_ps_sub,256.71666666666664,18,20251029,90,BLK_90P,18,NC,5,2025-10-30 02:20:21,2025-10-30 02:50:06,29.8,,공통,raw,
b200_mixed_ps_sub_r1,LPT,Large (141-200),200,mixed_ps_sub,256.71666666666664,18,20251029,90,BLK_90P,18,베이36B 론지취부,6,2025-10-30 03:22:48,2025-10-30 04:28:48,66.0,36B,베이36B,raw,
b200_mixed_ps_sub_r1,LPT,Large (141-200),200,mixed_ps_sub,256.71666666666664,18,20251029,90,BLK_90P,18,베이36B 론지용접,7,2025-10-30 04:28:48,2025-10-30 04:51:24,22.6,36B,베이36B,raw,
b200_mixed_ps_sub_r1,LPT,Large (141-200),200,mixed_ps_sub,256.71666666666664,18,20251029,90,BLK_90P,18,베이36B 수정,8,2025-10-30 04:56:24,2025-10-30 05:36:36,40.2,36B,베이36B,raw,
b200_mixed_ps_sub_r1,LPT,Large (141-200),200,mixed_ps_sub,256.71666666666664,18,20251029,125,BLK_125S,19,판계,1,2025-10-29 16:24:00,2025-10-29 16:49:00,25.0,,공통,raw,
b200_mixed_ps_sub_r1,LPT,Large (141-200),200,mixed_ps_sub,256.71666666666664,18,20251029,125,BLK_125S,19,전면SAW,2,2025-10-30 00:52:19,2025-10-30 01:22:31,30.2,,공통,raw,
b200_mixed_ps_sub_r1,LPT,Large (141-200),200,mixed_ps_sub,256.71666666666664,18,20251029,125,BLK_125S,19,TurnOver,3,2025-10-30 01:22:31,2025-10-30 01:34:31,12.0,,공통,raw,
b200_mixed_ps_sub_r1,LPT,Large (141-200),200,mixed_ps_sub,256.71666666666664,18,20251029,125,BLK_125S,19,후면SAW,4,2025-10-30 01:49:12,2025-10-30 02:07:49,18.6,,공통,raw,
b200_mixed_ps_sub_r1,LPT,Large (141-200),200,mixed_ps_sub,256.71666666666664,18,20251029,125,BLK_125S,19,NC,5,2025-10-30 02:50:06,2025-10-30 03:23:05,33.0,,공통,raw,
b200_mixed_ps_sub_r1,LPT,Large (141-200),200,mixed_ps_sub,256.71666666666664,18,20251029,125,BLK_125S,19,베이35A 론지취부,6,2025-10-30 03:23:05,2025-10-30 04:15:05,52.0,35A,베이35A,raw,
b200_mixed_ps_sub_r1,LPT,Large (141-200),200,mixed_ps_sub,256.71666666666664,18,20251029,125,BLK_125S,19,베이35A 론지용접,7,2025-10-30 04:15:05,2025-10-30 04:35:17,20.2,35A,베이35A,raw,
b200_mixed_ps_sub_r1,LPT,Large (141-200),200,mixed_ps_sub,256.71666666666664,18,20251029,125,BLK_125S,19,베이35A 수정,8,2025-10-30 04:35:17,2025-10-30 05:06:41,31.4,35A,베이35A,raw,
b200_mixed_ps_sub_r1,LPT,Large (141-200),200,mixed_ps_sub,256.71666666666664,18,20251029,4,BLK_4C,20,판계,1,2025-10-29 16:49:00,2025-10-29 17:14:00,25.0,,공통,raw,
b200_mixed_ps_sub_r1,LPT,Large (141-200),200,mixed_ps_sub,256.71666666666664,18,20251029,4,BLK_4C,20,전면SAW,2,2025-10-30 01:22:31,2025-10-30 01:52:39,30.1,,공통,raw,
b200_mixed_ps_sub_r1,LPT,Large (141-200),200,mixed_ps_sub,256.71666666666664,18,20251029,4,BLK_4C,20,TurnOver,3,2025-10-30 01:52:39,2025-10-30 02:04:39,12.0,,공통,raw,
b200_mixed_ps_sub_r1,LPT,Large (141-200),200,mixed_ps_sub,256.71666666666664,18,20251029,4,BLK_4C,20,후면SAW,4,2025-10-30 02:07:49,2025-10-30 02:26:20,18.5,,공통,raw,
b200_mixed_ps_sub_r1,LPT,Large (141-200),200,mixed_ps_sub,256.71666666666664,18,20251029,4,BLK_4C,20,NC,5,2025-10-30 03:23:05,2025-10-30 03:55:59,32.9,,공통,raw,
b200_mixed_ps_sub_r1,LPT,Large (141-200),200,mixed_ps_sub,256.71666666666664,18,20251029,4,BLK_4C,20,베이36B 론지취부,6,2025-10-30 04:28:48,2025-10-30 05:17:18,48.5,36B,베이36B,raw,
b200_mixed_ps_sub_r1,LPT,Large (141-200),200,mixed_ps_sub,256.71666666666664,18,20251029,4,BLK_4C,20,베이36B 론지용접,7,2025-10-30 05:17:18,2025-10-30 05:36:54,19.6,36B,베이36B,raw,
b200_mixed_ps_sub_r1,LPT,Large (141-200),200,mixed_ps_sub,256.71666666666664,18,20251029,4,BLK_4C,20,베이36B 수정,8,2025-10-30 05:36:54,2025-10-30 06:06:06,29.2,36B,베이36B,raw,
b200_mixed_ps_sub_r1,LPT,Large (141-200),200,mixed_ps_sub,256.71666666666664,18,20251029,55,BLK_55P,21,판계,1,2025-10-29 17:14:00,2025-10-29 17:52:00,38.0,,공통,raw,
b200_mixed_ps_sub_r1,LPT,Large (141-200),200,mixed_ps_sub,256.71666666666664,18,20251029,55,BLK_55P,21,전면SAW,2,2025-10-30 01:52:39,2025-10-30 03:34:22,101.7,,공통,raw,
b200_mixed_ps_sub_r1,LPT,Large (141-200),200,mixed_ps_sub,256.71666666666664,18,20251029,55,BLK_55P,21,TurnOver,3,2025-10-30 03:34:22,2025-10-30 03:46:22,12.0,,공통,raw,
b200_mixed_ps_sub_r1,LPT,Large (141-200),200,mixed_ps_sub,256.71666666666664,18,20251029,55,BLK_55P,21,후면SAW,4,2025-10-30 03:46:22,2025-10-30 05:06:51,80.5,,공통,raw,
b200_mixed_ps_sub_r1,LPT,Large (141-200),200,mixed_ps_sub,256.71666666666664,18,20251029,55,BLK_55P,21,NC,5,2025-10-30 05:06:51,2025-10-30 05:53:03,46.2,,공통,raw,
b200_mixed_ps_sub_r1,LPT,Large (141-200),200,mixed_ps_sub,256.71666666666664,18,20251029,55,BLK_55P,21,베이35A 론지취부,6,2025-10-30 05:53:03,2025-10-30 06:34:33,41.5,35A,베이35A,raw,
b200_mixed_ps_sub_r1,LPT,Large (141-200),200,mixed_ps_sub,256.71666666666664,18,20251029,55,BLK_55P,21,베이35A 론지용접,7,2025-10-30 06:34:33,2025-10-30 06:52:57,18.4,35A,베이35A,raw,
b200_mixed_ps_sub_r1,LPT,Large (141-200),200,mixed_ps_sub,256.71666666666664,18,20251029,55,BLK_55P,21,베이35A 수정,8,2025-10-30 06:52:57,2025-10-30 07:17:45,24.8,35A,베이35A,raw,
b200_mixed_ps_sub_r1,LPT,Large (141-200),200,mixed_ps_sub,256.71666666666664,18,20251030,76,BLK_76C,1,판계,1,2025-10-30 08:00:00,2025-10-30 08:30:00,30.0,,공통,raw,
b200_mixed_ps_sub_r1,LPT,Large (141-200),200,mixed_ps_sub,256.71666666666664,18,20251030,76,BLK_76C,1,전면SAW,2,2025-10-30 08:30:00,2025-10-30 09:11:40,41.7,,공통,raw,
b200_mixed_ps_sub_r1,LPT,Large (141-200),200,mixed_ps_sub,256.71666666666664,18,20251030,76,BLK_76C,1,TurnOver,3,2025-10-30 09:11:40,2025-10-30 09:23:40,12.0,,공통,raw,
b200_mixed_ps_sub_r1,LPT,Large (141-200),200,mixed_ps_sub,256.71666666666664,18,20251030,76,BLK_76C,1,후면SAW,4,2025-10-30 09:23:40,2025-10-30 09:57:24,33.7,,공통,raw,
b200_mixed_ps_sub_r1,LPT,Large (141-200),200,mixed_ps_sub,256.71666666666664,18,20251030,76,BLK_76C,1,NC,5,2025-10-30 09:57:24,2025-10-30 10:45:00,47.6,,공통,raw,
b200_mixed_ps_sub_r1,LPT,Large (141-200),200,mixed_ps_sub,256.71666666666664,18,20251030,76,BLK_76C,1,베이36B 론지취부,6,2025-10-30 10:45:00,2025-10-30 12:05:00,80.0,36B,베이36B,raw,
b200_mixed_ps_sub_r1,LPT,Large (141-200),200,mixed_ps_sub,256.71666666666664,18,20251030,76,BLK_76C,1,베이36B 론지용접,7,2025-10-30 12:05:00,2025-10-30 12:30:00,25.0,36B,베이36B,raw,
b200_mixed_ps_sub_r1,LPT,Large (141-200),200,mixed_ps_sub,256.71666666666664,18,20251030,76,BLK_76C,1,베이36B 수정,8,2025-10-30 12:30:00,2025-10-30 13:19:00,49.0,36B,베이36B,raw,
b200_mixed_ps_sub_r1,LPT,Large (141-200),200,mixed_ps_sub,256.71666666666664,18,20251030,126,BLK_126C,2,판계,1,2025-10-30 08:30:00,2025-10-30 09:15:00,45.0,,공통,raw,
b200_mixed_ps_sub_r1,LPT,Large (141-200),200,mixed_ps_sub,256.71666666666664,18,20251030,126,BLK_126C,2,전면SAW,2,2025-10-30 09:15:00,2025-10-30 12:09:43,174.7,,공통,raw,
b200_mixed_ps_sub_r1,LPT,Large (141-200),200,mixed_ps_sub,256.71666666666664,18,20251030,126,BLK_126C,2,TurnOver,3,2025-10-30 12:09:43,2025-10-30 12:21:43,12.0,,공통,raw,
b200_mixed_ps_sub_r1,LPT,Large (141-200),200,mixed_ps_sub,256.71666666666664,18,20251030,126,BLK_126C,2,후면SAW,4,2025-10-30 12:21:43,2025-10-30 14:31:37,129.9,,공통,raw,
b200_mixed_ps_sub_r1,LPT,Large (141-200),200,mixed_ps_sub,256.71666666666664,18,20251030,126,BLK_126C,2,NC,5,2025-10-30 14:31:37,2025-10-30 15:24:55,53.3,,공통,raw,
b200_mixed_ps_sub_r1,LPT,Large (141-200),200,mixed_ps_sub,256.71666666666664,18,20251030,126,BLK_126C,2,베이35A 론지취부,6,2025-10-30 15:24:55,2025-10-30 16:41:25,76.5,35A,베이35A,raw,
b200_mixed_ps_sub_r1,LPT,Large (141-200),200,mixed_ps_sub,256.71666666666664,18,20251030,126,BLK_126C,2,베이35A 론지용접,7,2025-10-30 16:41:25,2025-10-30 17:05:49,24.4,35A,베이35A,raw,
b200_mixed_ps_sub_r1,LPT,Large (141-200),200,mixed_ps_sub,256.71666666666664,18,20251030,126,BLK_126C,2,베이35A 수정,8,2025-10-30 17:05:49,2025-10-30 17:52:37,46.8,35A,베이35A,raw,
b200_mixed_ps_sub_r1,LPT,Large (141-200),200,mixed_ps_sub,256.71666666666664,18,20251030,86,BLK_86P,3,판계,1,2025-10-30 09:15:00,2025-10-30 09:45:00,30.0,,공통,raw,
b200_mixed_ps_sub_r1,LPT,Large (141-200),200,mixed_ps_sub,256.71666666666664,18,20251030,86,BLK_86P,3,전면SAW,2,2025-10-30 12:09:43,2025-10-30 12:40:25,30.7,,공통,raw,
b200_mixed_ps_sub_r1,LPT,Large (141-200),200,mixed_ps_sub,256.71666666666664,18,20251030,86,BLK_86P,3,TurnOver,3,2025-10-30 12:40:25,2025-10-30 12:52:25,12.0,,공통,raw,
b200_mixed_ps_sub_r1,LPT,Large (141-200),200,mixed_ps_sub,256.71666666666664,18,20251030,86,BLK_86P,3,후면SAW,4,2025-10-30 14:31:37,2025-10-30 14:50:54,19.3,,공통,raw,
b200_mixed_ps_sub_r1,LPT,Large (141-200),200,mixed_ps_sub,256.71666666666664,18,20251030,86,BLK_86P,3,NC,5,2025-10-30 15:24:55,2025-10-30 16:08:52,44.0,,공통,raw,
b200_mixed_ps_sub_r1,LPT,Large (141-200),200,mixed_ps_sub,256.71666666666664,18,20251030,86,BLK_86P,3,베이36B 론지취부,6,2025-10-30 16:08:52,2025-10-30 17:39:22,90.5,36B,베이36B,raw,
b200_mixed_ps_sub_r1,LPT,Large (141-200),200,mixed_ps_sub,256.71666666666664,18,20251030,86,BLK_86P,3,베이36B 론지용접,7,2025-10-30 17:39:22,2025-10-30 18:06:10,26.8,36B,베이36B,raw,
b200_mixed_ps_sub_r1,LPT,Large (141-200),200,mixed_ps_sub,256.71666666666664,18,20251030,86,BLK_86P,3,베이36B 수정,8,2025-10-30 18:06:10,2025-10-30 19:01:46,55.6,36B,베이36B,raw,
b200_mixed_ps_sub_r1,LPT,Large (141-200),200,mixed_ps_sub,256.71666666666664,18,20251030,108,BLK_108C,4,판계,1,2025-10-30 09:45:00,2025-10-30 10:13:00,28.0,,공통,raw,
b200_mixed_ps_sub_r1,LPT,Large (141-200),200,mixed_ps_sub,256.71666666666664,18,20251030,108,BLK_108C,4,전면SAW,2,2025-10-30 12:40:25,2025-10-30 14:43:42,123.3,,공통,raw,
b200_mixed_ps_sub_r1,LPT,Large (141-200),200,mixed_ps_sub,256.71666666666664,18,20251030,108,BLK_108C,4,TurnOver,3,2025-10-30 14:43:42,2025-10-30 14:55:42,12.0,,공통,raw,
b200_mixed_ps_sub_r1,LPT,Large (141-200),200,mixed_ps_sub,256.71666666666664,18,20251030,108,BLK_108C,4,후면SAW,4,2025-10-30 14:55:42,2025-10-30 16:35:52,100.2,,공통,raw,
b200_mixed_ps_sub_r1,LPT,Large (141-200),200,mixed_ps_sub,256.71666666666664,18,20251030,108,BLK_108C,4,NC,5,2025-10-30 16:35:52,2025-10-30 17:07:20,31.5,,공통,raw,
b200_mixed_ps_sub_r1,LPT,Large (141-200),200,mixed_ps_sub,256.71666666666664,18,20251030,108,BLK_108C,4,베이35A 론지취부,6,2025-10-30 17:07:20,2025-10-30 17:41:50,34.5,35A,베이35A,raw,
b200_mixed_ps_sub_r1,LPT,Large (141-200),200,mixed_ps_sub,256.71666666666664,18,20251030,108,BLK_108C,4,베이35A 론지용접,7,2025-10-30 17:41:50,2025-10-30 17:55:02,13.2,35A,베이35A,raw,
b200_mixed_ps_sub_r1,LPT,Large (141-200),200,mixed_ps_sub,256.71666666666664,18,20251030,108,BLK_108C,4,베이35A 수정,8,2025-10-30 17:55:02,2025-10-30 18:15:26,20.4,35A,베이35A,raw,
b200_mixed_ps_sub_r1,LPT,Large (141-200),200,mixed_ps_sub,256.71666666666664,18,20251030,87,BLK_87P,5,판계,1,2025-10-30 10:13:00,2025-10-30 10:43:00,30.0,,공통,raw,
b200_mixed_ps_sub_r1,LPT,Large (141-200),200,mixed_ps_sub,256.71666666666664,18,20251030,87,BLK_87P,5,전면SAW,2,2025-10-30 14:43:42,2025-10-30 15:14:30,30.8,,공통,raw,
b200_mixed_ps_sub_r1,LPT,Large (141-200),200,mixed_ps_sub,256.71666666666664,18,20251030,87,BLK_87P,5,TurnOver,3,2025-10-30 15:14:30,2025-10-30 15:26:30,12.0,,공통,raw,
b200_mixed_ps_sub_r1,LPT,Large (141-200),200,mixed_ps_sub,256.71666666666664,18,20251030,87,BLK_87P,5,후면SAW,4,2025-10-30 16:35:52,2025-10-30 16:55:17,19.4,,공통,raw,
b200_mixed_ps_sub_r1,LPT,Large (141-200),200,mixed_ps_sub,256.71666666666664,18,20251030,87,BLK_87P,5,NC,5,2025-10-30 17:07:20,2025-10-30 17:50:56,43.6,,공통,raw,
b200_mixed_ps_sub_r1,LPT,Large (141-200),200,mixed_ps_sub,256.71666666666664,18,20251030,87,BLK_87P,5,베이36B 론지취부,6,2025-10-30 17:50:56,2025-10-30 19:14:26,83.5,36B,베이36B,raw,
b200_mixed_ps_sub_r1,LPT,Large (141-200),200,mixed_ps_sub,256.71666666666664,18,20251030,87,BLK_87P,5,베이36B 론지용접,7,2025-10-30 19:14:26,2025-10-30 19:40:02,25.6,36B,베이36B,raw,
b200_mixed_ps_sub_r1,LPT,Large (141-200),200,mixed_ps_sub,256.71666666666664,18,20251030,87,BLK_87P,5,베이36B 수정,8,2025-10-30 19:40:02,2025-10-30 20:31:14,51.2,36B,베이36B,raw,
b200_mixed_ps_sub_r1,LPT,Large (141-200),200,mixed_ps_sub,256.71666666666664,18,20251030,137,BLK_137S,6,판계,1,2025-10-30 10:43:00,2025-10-30 11:16:00,33.0,,공통,raw,
b200_mixed_ps_sub_r1,LPT,Large (141-200),200,mixed_ps_sub,256.71666666666664,18,20251030,137,BLK_137S,6,전면SAW,2,2025-10-30 15:14:30,2025-10-30 16:49:40,95.2,,공통,raw,
b200_mixed_ps_sub_r1,LPT,Large (141-200),200,mixed_ps_sub,256.71666666666664,18,20251030,137,BLK_137S,6,TurnOver,3,2025-10-30 16:49:40,2025-10-30 17:01:40,12.0,,공통,raw,
b200_mixed_ps_sub_r1,LPT,Large (141-200),200,mixed_ps_sub,256.71666666666664,18,20251030,137,BLK_137S,6,후면SAW,4,2025-10-30 17:01:40,2025-10-30 18:34:39,93.0,,공통,raw,
b200_mixed_ps_sub_r1,LPT,Large (141-200),200,mixed_ps_sub,256.71666666666664,18,20251030,137,BLK_137S,6,NC,5,2025-10-30 18:34:39,2025-10-30 19:12:54,38.2,,공통,raw,
b200_mixed_ps_sub_r1,LPT,Large (141-200),200,mixed_ps_sub,256.71666666666664,18,20251030,137,BLK_137S,6,베이35A 론지취부,6,2025-10-30 19:12:54,2025-10-30 19:54:24,41.5,35A,베이35A,raw,
b200_mixed_ps_sub_r1,LPT,Large (141-200),200,mixed_ps_sub,256.71666666666664,18,20251030,137,BLK_137S,6,베이35A 론지용접,7,2025-10-30 19:54:24,2025-10-30 20:12:48,18.4,35A,베이35A,raw,
b200_mixed_ps_sub_r1,LPT,Large (141-200),200,mixed_ps_sub,256.71666666666664,18,20251030,137,BLK_137S,6,베이35A 수정,8,2025-10-30 20:12:48,2025-10-30 20:37:36,24.8,35A,베이35A,raw,
b200_mixed_ps_sub_r1,LPT,Large (141-200),200,mixed_ps_sub,256.71666666666664,18,20251030,184,BLK_87S,7,판계,1,2025-10-30 11:16:00,2025-10-30 11:46:00,30.0,,공통,raw,
b200_mixed_ps_sub_r1,LPT,Large (141-200),200,mixed_ps_sub,256.71666666666664,18,20251030,184,BLK_87S,7,전면SAW,2,2025-10-30 16:49:40,2025-10-30 17:20:28,30.8,,공통,raw,
b200_mixed_ps_sub_r1,LPT,Large (141-200),200,mixed_ps_sub,256.71666666666664,18,20251030,184,BLK_87S,7,TurnOver,3,2025-10-30 17:20:28,2025-10-30 17:32:28,12.0,,공통,raw,
b200_mixed_ps_sub_r1,LPT,Large (141-200),200,mixed_ps_sub,256.71666666666664,18,20251030,184,BLK_87S,7,후면SAW,4,2025-10-30 18:34:39,2025-10-30 18:54:03,19.4,,공통,raw,
b200_mixed_ps_sub_r1,LPT,Large (141-200),200,mixed_ps_sub,256.71666666666664,18,20251030,184,BLK_87S,7,NC,5,2025-10-30 19:12:54,2025-10-30 19:56:30,43.6,,공통,raw,
b200_mixed_ps_sub_r1,LPT,Large (141-200),200,mixed_ps_sub,256.71666666666664,18,20251030,184,BLK_87S,7,베이36B 론지취부,6,2025-10-30 19:56:30,2025-10-30 21:20:00,83.5,36B,베이36B,raw,
b200_mixed_ps_sub_r1,LPT,Large (141-200),200,mixed_ps_sub,256.71666666666664,18,20251030,184,BLK_87S,7,베이36B 론지용접,7,2025-10-30 21:20:00,2025-10-30 21:45:36,25.6,36B,베이36B,raw,
b200_mixed_ps_sub_r1,LPT,Large (141-200),200,mixed_ps_sub,256.71666666666664,18,20251030,184,BLK_87S,7,베이36B 수정,8,2025-10-30 21:45:36,2025-10-30 22:36:48,51.2,36B,베이36B,raw,
b200_mixed_ps_sub_r1,LPT,Large (141-200),200,mixed_ps_sub,256.71666666666664,18,20251030,43,BLK_43C,8,판계,1,2025-10-30 11:46:00,2025-10-30 12:14:00,28.0,,공통,raw,
b200_mixed_ps_sub_r1,LPT,Large (141-200),200,mixed_ps_sub,256.71666666666664,18,20251030,43,BLK_43C,8,전면SAW,2,2025-10-30 17:20:28,2025-10-30 19:01:57,101.5,,공통,raw,
b200_mixed_ps_sub_r1,LPT,Large (141-200),200,mixed_ps_sub,256.71666666666664,18,20251030,43,BLK_43C,8,TurnOver,3,2025-10-30 19:01:57,2025-10-30 19:13:57,12.0,,공통,raw,
b200_mixed_ps_sub_r1,LPT,Large (141-200),200,mixed_ps_sub,256.71666666666664,18,20251030,43,BLK_43C,8,후면SAW,4,2025-10-30 19:13:57,2025-10-30 20:34:13,80.3,,공통,raw,
b200_mixed_ps_sub_r1,LPT,Large (141-200),200,mixed_ps_sub,256.71666666666664,18,20251030,43,BLK_43C,8,NC,5,2025-10-30 20:34:13,2025-10-30 21:05:18,31.1,,공통,raw,
b200_mixed_ps_sub_r1,LPT,Large (141-200),200,mixed_ps_sub,256.71666666666664,18,20251030,43,BLK_43C,8,베이35A 론지취부,6,2025-10-30 21:05:18,2025-10-30 21:43:18,38.0,35A,베이35A,raw,
b200_mixed_ps_sub_r1,LPT,Large (141-200),200,mixed_ps_sub,256.71666666666664,18,20251030,43,BLK_43C,8,베이35A 론지용접,7,2025-10-30 21:43:18,2025-10-30 21:57:06,13.8,35A,베이35A,raw,
b200_mixed_ps_sub_r1,LPT,Large (141-200),200,mixed_ps_sub,256.71666666666664,18,20251030,43,BLK_43C,8,베이35A 수정,8,2025-10-30 21:57:06,2025-10-30 22:19:42,22.6,35A,베이35A,raw,
b200_mixed_ps_sub_r1,LPT,Large (141-200),200,mixed_ps_sub,256.71666666666664,18,20251030,77,BLK_77C,9,판계,1,2025-10-30 12:14:00,2025-10-30 12:39:00,25.0,,공통,raw,
b200_mixed_ps_sub_r1,LPT,Large (141-200),200,mixed_ps_sub,256.71666666666664,18,20251030,77,BLK_77C,9,전면SAW,2,2025-10-30 19:01:57,2025-10-30 19:34:46,32.8,,공통,raw,
b200_mixed_ps_sub_r1,LPT,Large (141-200),200,mixed_ps_sub,256.71666666666664,18,20251030,77,BLK_77C,9,TurnOver,3,2025-10-30 19:34:46,2025-10-30 19:46:46,12.0,,공통,raw,
b200_mixed_ps_sub_r1,LPT,Large (141-200),200,mixed_ps_sub,256.71666666666664,18,20251030,77,BLK_77C,9,후면SAW,4,2025-10-30 20:34:13,2025-10-30 20:56:16,22.1,,공통,raw,
b200_mixed_ps_sub_r1,LPT,Large (141-200),200,mixed_ps_sub,256.71666666666664,18,20251030,77,BLK_77C,9,NC,5,2025-10-30 21:05:18,2025-10-30 21:40:36,35.3,,공통,raw,
b200_mixed_ps_sub_r1,LPT,Large (141-200),200,mixed_ps_sub,256.71666666666664,18,20251030,77,BLK_77C,9,베이36B 론지취부,6,2025-10-30 21:40:36,2025-10-30 23:04:06,83.5,36B,베이36B,raw,
b200_mixed_ps_sub_r1,LPT,Large (141-200),200,mixed_ps_sub,256.71666666666664,18,20251030,77,BLK_77C,9,베이36B 론지용접,7,2025-10-30 23:04:06,2025-10-30 23:29:42,25.6,36B,베이36B,raw,
b200_mixed_ps_sub_r1,LPT,Large (141-200),200,mixed_ps_sub,256.71666666666664,18,20251030,77,BLK_77C,9,베이36B 수정,8,2025-10-30 23:29:42,2025-10-31 00:20:54,51.2,36B,베이36B,raw,
b200_mixed_ps_sub_r1,LPT,Large (141-200),200,mixed_ps_sub,256.71666666666664,18,20251030,88,BLK_88P,10,판계,1,2025-10-30 12:39:00,2025-10-30 13:09:00,30.0,,공통,raw,
b200_mixed_ps_sub_r1,LPT,Large (141-200),200,mixed_ps_sub,256.71666666666664,18,20251030,88,BLK_88P,10,전면SAW,2,2025-10-30 19:34:46,2025-10-30 20:06:30,31.7,,공통,raw,
b200_mixed_ps_sub_r1,LPT,Large (141-200),200,mixed_ps_sub,256.71666666666664,18,20251030,88,BLK_88P,10,TurnOver,3,2025-10-30 20:06:30,2025-10-30 20:18:30,12.0,,공통,raw,
b200_mixed_ps_sub_r1,LPT,Large (141-200),200,mixed_ps_sub,256.71666666666664,18,20251030,88,BLK_88P,10,후면SAW,4,2025-10-30 20:56:16,2025-10-30 21:16:55,20.6,,공통,raw,
b200_mixed_ps_sub_r1,LPT,Large (141-200),200,mixed_ps_sub,256.71666666666664,18,20251030,88,BLK_88P,10,NC,5,2025-10-30 21:40:36,2025-10-30 22:22:21,41.8,,공통,raw,
b200_mixed_ps_sub_r1,LPT,Large (141-200),200,mixed_ps_sub,256.71666666666664,18,20251030,88,BLK_88P,10,베이35A 론지취부,6,2025-10-30 22:22:21,2025-10-30 23:35:21,73.0,35A,베이35A,raw,
b200_mixed_ps_sub_r1,LPT,Large (141-200),200,mixed_ps_sub,256.71666666666664,18,20251030,88,BLK_88P,10,베이35A 론지용접,7,2025-10-30 23:35:21,2025-10-30 23:59:09,23.8,35A,베이35A,raw,
b200_mixed_ps_sub_r1,LPT,Large (141-200),200,mixed_ps_sub,256.71666666666664,18,20251030,88,BLK_88P,10,베이35A 수정,8,2025-10-30 23:59:09,2025-10-31 00:43:45,44.6,35A,베이35A,raw,
b200_mixed_ps_sub_r1,LPT,Large (141-200),200,mixed_ps_sub,256.71666666666664,18,20251030,165,BLK_165P,11,판계,1,2025-10-30 13:09:00,2025-10-30 13:39:00,30.0,,공통,raw,
b200_mixed_ps_sub_r1,LPT,Large (141-200),200,mixed_ps_sub,256.71666666666664,18,20251030,165,BLK_165P,11,전면SAW,2,2025-10-30 20:06:30,2025-10-30 20:39:48,33.3,,공통,raw,
b200_mixed_ps_sub_r1,LPT,Large (141-200),200,mixed_ps_sub,256.71666666666664,18,20251030,165,BLK_165P,11,TurnOver,3,2025-10-30 20:39:48,2025-10-30 20:51:48,12.0,,공통,raw,
b200_mixed_ps_sub_r1,LPT,Large (141-200),200,mixed_ps_sub,256.71666666666664,18,20251030,165,BLK_165P,11,후면SAW,4,2025-10-30 21:16:55,2025-10-30 21:39:35,22.7,,공통,raw,
b200_mixed_ps_sub_r1,LPT,Large (141-200),200,mixed_ps_sub,256.71666666666664,18,20251030,165,BLK_165P,11,NC,5,2025-10-30 22:22:21,2025-10-30 23:05:24,43.0,,공통,raw,
b200_mixed_ps_sub_r1,LPT,Large (141-200),200,mixed_ps_sub,256.71666666666664,18,20251030,165,BLK_165P,11,베이36B 론지취부,6,2025-10-30 23:05:24,2025-10-31 00:11:24,66.0,36B,베이36B,raw,
b200_mixed_ps_sub_r1,LPT,Large (141-200),200,mixed_ps_sub,256.71666666666664,18,20251030,165,BLK_165P,11,베이36B 론지용접,7,2025-10-31 00:11:24,2025-10-31 00:34:00,22.6,36B,베이36B,raw,
b200_mixed_ps_sub_r1,LPT,Large (141-200),200,mixed_ps_sub,256.71666666666664,18,20251030,165,BLK_165P,11,베이36B 수정,8,2025-10-31 00:34:00,2025-10-31 01:14:12,40.2,36B,베이36B,raw,
b200_mixed_ps_sub_r1,LPT,Large (141-200),200,mixed_ps_sub,256.71666666666664,18,20251030,175,BLK_175S,12,판계,1,2025-10-30 13:39:00,2025-10-30 14:09:00,30.0,,공통,raw,
b200_mixed_ps_sub_r1,LPT,Large (141-200),200,mixed_ps_sub,256.71666666666664,18,20251030,175,BLK_175S,12,전면SAW,2,2025-10-30 20:39:48,2025-10-30 21:11:06,31.3,,공통,raw,
b200_mixed_ps_sub_r1,LPT,Large (141-200),200,mixed_ps_sub,256.71666666666664,18,20251030,175,BLK_175S,12,TurnOver,3,2025-10-30 21:11:06,2025-10-30 21:23:06,12.0,,공통,raw,
b200_mixed_ps_sub_r1,LPT,Large (141-200),200,mixed_ps_sub,256.71666666666664,18,20251030,175,BLK_175S,12,후면SAW,4,2025-10-30 21:39:35,2025-10-30 21:59:39,20.1,,공통,raw,
b200_mixed_ps_sub_r1,LPT,Large (141-200),200,mixed_ps_sub,256.71666666666664,18,20251030,175,BLK_175S,12,NC,5,2025-10-30 23:05:24,2025-10-30 23:48:24,43.0,,공통,raw,
b200_mixed_ps_sub_r1,LPT,Large (141-200),200,mixed_ps_sub,256.71666666666664,18,20251030,175,BLK_175S,12,베이35A 론지취부,6,2025-10-30 23:48:24,2025-10-31 00:40:24,52.0,35A,베이35A,raw,
b200_mixed_ps_sub_r1,LPT,Large (141-200),200,mixed_ps_sub,256.71666666666664,18,20251030,175,BLK_175S,12,베이35A 론지용접,7,2025-10-31 00:40:24,2025-10-31 01:00:36,20.2,35A,베이35A,raw,
b200_mixed_ps_sub_r1,LPT,Large (141-200),200,mixed_ps_sub,256.71666666666664,18,20251030,175,BLK_175S,12,베이35A 수정,8,2025-10-31 01:00:36,2025-10-31 01:32:00,31.4,35A,베이35A,raw,
b200_mixed_ps_sub_r1,LPT,Large (141-200),200,mixed_ps_sub,256.71666666666664,18,20251030,107,BLK_107S,13,판계,1,2025-10-30 14:09:00,2025-10-30 14:34:00,25.0,,공통,raw,
b200_mixed_ps_sub_r1,LPT,Large (141-200),200,mixed_ps_sub,256.71666666666664,18,20251030,107,BLK_107S,13,전면SAW,2,2025-10-30 21:11:06,2025-10-30 21:40:49,29.7,,공통,raw,
b200_mixed_ps_sub_r1,LPT,Large (141-200),200,mixed_ps_sub,256.71666666666664,18,20251030,107,BLK_107S,13,TurnOver,3,2025-10-30 21:40:49,2025-10-30 21:52:49,12.0,,공통,raw,
b200_mixed_ps_sub_r1,LPT,Large (141-200),200,mixed_ps_sub,256.71666666666664,18,20251030,107,BLK_107S,13,후면SAW,4,2025-10-30 21:59:39,2025-10-30 22:17:38,18.0,,공통,raw,
b200_mixed_ps_sub_r1,LPT,Large (141-200),200,mixed_ps_sub,256.71666666666664,18,20251030,107,BLK_107S,13,NC,5,2025-10-30 23:48:24,2025-10-31 00:21:03,32.6,,공통,raw,
b200_mixed_ps_sub_r1,LPT,Large (141-200),200,mixed_ps_sub,256.71666666666664,18,20251030,107,BLK_107S,13,베이36B 론지취부,6,2025-10-31 00:21:03,2025-10-31 01:13:03,52.0,36B,베이36B,raw,
b200_mixed_ps_sub_r1,LPT,Large (141-200),200,mixed_ps_sub,256.71666666666664,18,20251030,107,BLK_107S,13,베이36B 론지용접,7,2025-10-31 01:13:03,2025-10-31 01:33:15,20.2,36B,베이36B,raw,
b200_mixed_ps_sub_r1,LPT,Large (141-200),200,mixed_ps_sub,256.71666666666664,18,20251030,107,BLK_107S,13,베이36B 수정,8,2025-10-31 01:33:15,2025-10-31 02:04:39,31.4,36B,베이36B,raw,
b200_mixed_ps_sub_r1,LPT,Large (141-200),200,mixed_ps_sub,256.71666666666664,18,20251030,97,BLK_97S,14,판계,1,2025-10-30 14:34:00,2025-10-30 14:54:00,20.0,,공통,raw,
b200_mixed_ps_sub_r1,LPT,Large (141-200),200,mixed_ps_sub,256.71666666666664,18,20251030,97,BLK_97S,14,전면SAW,2,2025-10-30 21:40:49,2025-10-30 22:20:36,39.8,,공통,raw,
b200_mixed_ps_sub_r1,LPT,Large (141-200),200,mixed_ps_sub,256.71666666666664,18,20251030,97,BLK_97S,14,TurnOver,3,2025-10-30 22:20:36,2025-10-30 22:32:36,12.0,,공통,raw,
b200_mixed_ps_sub_r1,LPT,Large (141-200),200,mixed_ps_sub,256.71666666666664,18,20251030,97,BLK_97S,14,후면SAW,4,2025-10-30 22:32:36,2025-10-30 23:03:51,31.2,,공통,raw,
b200_mixed_ps_sub_r1,LPT,Large (141-200),200,mixed_ps_sub,256.71666666666664,18,20251030,97,BLK_97S,14,NC,5,2025-10-31 00:21:03,2025-10-31 00:47:09,26.1,,공통,raw,
b200_mixed_ps_sub_r1,LPT,Large (141-200),200,mixed_ps_sub,256.71666666666664,18,20251030,97,BLK_97S,14,베이35A 론지취부,6,2025-10-31 00:47:09,2025-10-31 01:14:39,27.5,35A,베이35A,raw,
b200_mixed_ps_sub_r1,LPT,Large (141-200),200,mixed_ps_sub,256.71666666666664,18,20251030,97,BLK_97S,14,베이35A 론지용접,7,2025-10-31 01:14:39,2025-10-31 01:26:39,12.0,35A,베이35A,raw,
b200_mixed_ps_sub_r1,LPT,Large (141-200),200,mixed_ps_sub,256.71666666666664,18,20251030,97,BLK_97S,14,베이35A 수정,8,2025-10-31 01:32:00,2025-10-31 01:48:00,16.0,35A,베이35A,raw,
b200_mixed_ps_sub_r1,LPT,Large (141-200),200,mixed_ps_sub,256.71666666666664,18,20251030,78,BLK_78C,15,판계,1,2025-10-30 14:54:00,2025-10-30 15:14:00,20.0,,공통,raw,
b200_mixed_ps_sub_r1,LPT,Large (141-200),200,mixed_ps_sub,256.71666666666664,18,20251030,78,BLK_78C,15,전면SAW,2,2025-10-30 22:20:36,2025-10-30 22:52:18,31.7,,공통,raw,
b200_mixed_ps_sub_r1,LPT,Large (141-200),200,mixed_ps_sub,256.71666666666664,18,20251030,78,BLK_78C,15,TurnOver,3,2025-10-30 22:52:18,2025-10-30 23:04:18,12.0,,공통,raw,
b200_mixed_ps_sub_r1,LPT,Large (141-200),200,mixed_ps_sub,256.71666666666664,18,20251030,78,BLK_78C,15,후면SAW,4,2025-10-30 23:04:18,2025-10-30 23:24:52,20.6,,공통,raw,
b200_mixed_ps_sub_r1,LPT,Large (141-200),200,mixed_ps_sub,256.71666666666664,18,20251030,78,BLK_78C,15,NC,5,2025-10-31 00:47:09,2025-10-31 01:12:15,25.1,,공통,raw,
b200_mixed_ps_sub_r1,LPT,Large (141-200),200,mixed_ps_sub,256.71666666666664,18,20251030,78,BLK_78C,15,베이36B 론지취부,6,2025-10-31 01:13:03,2025-10-31 01:51:03,38.0,36B,베이36B,raw,
b200_mixed_ps_sub_r1,LPT,Large (141-200),200,mixed_ps_sub,256.71666666666664,18,20251030,78,BLK_78C,15,베이36B 론지용접,7,2025-10-31 01:51:03,2025-10-31 02:04:51,13.8,36B,베이36B,raw,
b200_mixed_ps_sub_r1,LPT,Large (141-200),200,mixed_ps_sub,256.71666666666664,18,20251030,78,BLK_78C,15,베이36B 수정,8,2025-10-31 02:04:51,2025-10-31 02:27:27,22.6,36B,베이36B,raw,
b200_mixed_ps_sub_r1,LPT,Large (141-200),200,mixed_ps_sub,256.71666666666664,18,20251030,155,BLK_155P,16,판계,1,2025-10-30 15:14:00,2025-10-30 15:26:00,12.0,,공통,raw,
b200_mixed_ps_sub_r1,LPT,Large (141-200),200,mixed_ps_sub,256.71666666666664,18,20251030,155,BLK_155P,16,전면SAW,2,2025-10-30 22:52:18,2025-10-30 23:34:32,42.2,,공통,raw,
b200_mixed_ps_sub_r1,LPT,Large (141-200),200,mixed_ps_sub,256.71666666666664,18,20251030,155,BLK_155P,16,TurnOver,3,2025-10-30 23:34:32,2025-10-30 23:46:32,12.0,,공통,raw,
b200_mixed_ps_sub_r1,LPT,Large (141-200),200,mixed_ps_sub,256.71666666666664,18,20251030,155,BLK_155P,16,후면SAW,4,2025-10-30 23:46:32,2025-10-31 00:21:00,34.5,,공통,raw,
b200_mixed_ps_sub_r1,LPT,Large (141-200),200,mixed_ps_sub,256.71666666666664,18,20251030,155,BLK_155P,16,NC,5,2025-10-31 01:12:15,2025-10-31 01:33:18,21.1,,공통,raw,
b200_mixed_ps_sub_r1,LPT,Large (141-200),200,mixed_ps_sub,256.71666666666664,18,20251030,155,BLK_155P,16,베이35A 론지취부,6,2025-10-31 01:33:18,2025-10-31 02:04:18,31.0,35A,베이35A,raw,
b200_mixed_ps_sub_r1,LPT,Large (141-200),200,mixed_ps_sub,256.71666666666664,18,20251030,155,BLK_155P,16,베이35A 론지용접,7,2025-10-31 02:04:18,2025-10-31 02:16:54,12.6,35A,베이35A,raw,
b200_mixed_ps_sub_r1,LPT,Large (141-200),200,mixed_ps_sub,256.71666666666664,18,20251030,155,BLK_155P,16,베이35A 수정,8,2025-10-31 02:16:54,2025-10-31 02:35:06,18.2,35A,베이35A,raw,
b200_mixed_ps_sub_r1,LPT,Large (141-200),200,mixed_ps_sub,256.71666666666664,18,20251030,23,BLK_23P,17,판계,1,2025-10-30 15:26:00,2025-10-30 15:51:00,25.0,,공통,raw,
b200_mixed_ps_sub_r1,LPT,Large (141-200),200,mixed_ps_sub,256.71666666666664,18,20251030,23,BLK_23P,17,전면SAW,2,2025-10-30 23:34:32,2025-10-31 00:09:21,34.8,,공통,raw,
b200_mixed_ps_sub_r1,LPT,Large (141-200),200,mixed_ps_sub,256.71666666666664,18,20251030,23,BLK_23P,17,TurnOver,3,2025-10-31 00:09:21,2025-10-31 00:21:21,12.0,,공통,raw,
b200_mixed_ps_sub_r1,LPT,Large (141-200),200,mixed_ps_sub,256.71666666666664,18,20251030,23,BLK_23P,17,후면SAW,4,2025-10-31 00:21:21,2025-10-31 00:46:01,24.7,,공통,raw,
b200_mixed_ps_sub_r1,LPT,Large (141-200),200,mixed_ps_sub,256.71666666666664,18,20251030,23,BLK_23P,17,NC,5,2025-10-31 01:33:18,2025-10-31 02:09:09,35.8,,공통,raw,
b200_mixed_ps_sub_r1,LPT,Large (141-200),200,mixed_ps_sub,256.71666666666664,18,20251030,23,BLK_23P,17,베이36B 론지취부,6,2025-10-31 02:09:09,2025-10-31 03:01:09,52.0,36B,베이36B,raw,
b200_mixed_ps_sub_r1,LPT,Large (141-200),200,mixed_ps_sub,256.71666666666664,18,20251030,23,BLK_23P,17,베이36B 론지용접,7,2025-10-31 03:01:09,2025-10-31 03:21:21,20.2,36B,베이36B,raw,
b200_mixed_ps_sub_r1,LPT,Large (141-200),200,mixed_ps_sub,256.71666666666664,18,20251030,23,BLK_23P,17,베이36B 수정,8,2025-10-31 03:21:21,2025-10-31 03:52:45,31.4,36B,베이36B,raw,
b200_mixed_ps_sub_r1,LPT,Large (141-200),200,mixed_ps_sub,256.71666666666664,18,20251030,35,BLK_35C,18,판계,1,2025-10-30 15:51:00,2025-10-30 16:11:00,20.0,,공통,raw,
b200_mixed_ps_sub_r1,LPT,Large (141-200),200,mixed_ps_sub,256.71666666666664,18,20251030,35,BLK_35C,18,전면SAW,2,2025-10-31 00:09:21,2025-10-31 00:48:21,39.0,,공통,raw,
b200_mixed_ps_sub_r1,LPT,Large (141-200),200,mixed_ps_sub,256.71666666666664,18,20251030,35,BLK_35C,18,TurnOver,3,2025-10-31 00:48:21,2025-10-31 01:00:21,12.0,,공통,raw,
b200_mixed_ps_sub_r1,LPT,Large (141-200),200,mixed_ps_sub,256.71666666666664,18,20251030,35,BLK_35C,18,후면SAW,4,2025-10-31 01:00:21,2025-10-31 01:30:33,30.2,,공통,raw,
b200_mixed_ps_sub_r1,LPT,Large (141-200),200,mixed_ps_sub,256.71666666666664,18,20251030,35,BLK_35C,18,NC,5,2025-10-31 02:09:09,2025-10-31 02:35:28,26.3,,공통,raw,
b200_mixed_ps_sub_r1,LPT,Large (141-200),200,mixed_ps_sub,256.71666666666664,18,20251030,35,BLK_35C,18,베이35A 론지취부,6,2025-10-31 02:35:28,2025-10-31 03:06:28,31.0,35A,베이35A,raw,
b200_mixed_ps_sub_r1,LPT,Large (141-200),200,mixed_ps_sub,256.71666666666664,18,20251030,35,BLK_35C,18,베이35A 론지용접,7,2025-10-31 03:06:28,2025-10-31 03:19:04,12.6,35A,베이35A,raw,
b200_mixed_ps_sub_r1,LPT,Large (141-200),200,mixed_ps_sub,256.71666666666664,18,20251030,35,BLK_35C,18,베이35A 수정,8,2025-10-31 03:19:04,2025-10-31 03:37:16,18.2,35A,베이35A,raw,
b200_mixed_ps_sub_r1,LPT,Large (141-200),200,mixed_ps_sub,256.71666666666664,18,20251030,92,BLK_92P,19,판계,1,2025-10-30 16:11:00,2025-10-30 16:41:00,30.0,,공통,raw,
b200_mixed_ps_sub_r1,LPT,Large (141-200),200,mixed_ps_sub,256.71666666666664,18,20251030,92,BLK_92P,19,전면SAW,2,2025-10-31 00:48:21,2025-10-31 03:56:54,188.6,,공통,raw,
b200_mixed_ps_sub_r1,LPT,Large (141-200),200,mixed_ps_sub,256.71666666666664,18,20251030,92,BLK_92P,19,TurnOver,3,2025-10-31 03:56:54,2025-10-31 04:08:54,12.0,,공통,raw,
b200_mixed_ps_sub_r1,LPT,Large (141-200),200,mixed_ps_sub,256.71666666666664,18,20251030,92,BLK_92P,19,후면SAW,4,2025-10-31 04:08:54,2025-10-31 06:29:52,141.0,,공통,raw,
b200_mixed_ps_sub_r1,LPT,Large (141-200),200,mixed_ps_sub,256.71666666666664,18,20251030,92,BLK_92P,19,NC,5,2025-10-31 06:29:52,2025-10-31 07:36:09,66.3,,공통,raw,
b200_mixed_ps_sub_r1,LPT,Large (141-200),200,mixed_ps_sub,256.71666666666664,18,20251030,92,BLK_92P,19,베이36B 론지취부,6,2025-10-31 07:36:09,2025-10-31 09:31:09,115.0,36B,베이36B,raw,
b200_mixed_ps_sub_r1,LPT,Large (141-200),200,mixed_ps_sub,256.71666666666664,18,20251030,92,BLK_92P,19,베이36B 론지용접,7,2025-10-31 09:31:09,2025-10-31 10:02:09,31.0,36B,베이36B,raw,
b200_mixed_ps_sub_r1,LPT,Large (141-200),200,mixed_ps_sub,256.71666666666664,18,20251030,92,BLK_92P,19,베이36B 수정,8,2025-10-31 10:02:09,2025-10-31 11:13:09,71.0,36B,베이36B,raw,
b200_mixed_ps_sub_r1,LPT,Large (141-200),200,mixed_ps_sub,256.71666666666664,18,20251030,70,BLK_70C,20,판계,1,2025-10-30 16:41:00,2025-10-30 17:26:00,45.0,,공통,raw,
b200_mixed_ps_sub_r1,LPT,Large (141-200),200,mixed_ps_sub,256.71666666666664,18,20251030,70,BLK_70C,20,전면SAW,2,2025-10-31 03:56:54,2025-10-31 04:39:07,42.2,,공통,raw,
b200_mixed_ps_sub_r1,LPT,Large (141-200),200,mixed_ps_sub,256.71666666666664,18,20251030,70,BLK_70C,20,TurnOver,3,2025-10-31 04:39:07,2025-10-31 04:51:07,12.0,,공통,raw,
b200_mixed_ps_sub_r1,LPT,Large (141-200),200,mixed_ps_sub,256.71666666666664,18,20251030,70,BLK_70C,20,후면SAW,4,2025-10-31 06:29:52,2025-10-31 07:04:18,34.4,,공통,raw,
b200_mixed_ps_sub_r1,LPT,Large (141-200),200,mixed_ps_sub,256.71666666666664,18,20251030,70,BLK_70C,20,NC,5,2025-10-31 07:36:09,2025-10-31 08:30:25,54.3,,공통,raw,
b200_mixed_ps_sub_r1,LPT,Large (141-200),200,mixed_ps_sub,256.71666666666664,18,20251030,70,BLK_70C,20,베이35A 론지취부,6,2025-10-31 08:30:25,2025-10-31 10:14:55,104.5,35A,베이35A,raw,
b200_mixed_ps_sub_r1,LPT,Large (141-200),200,mixed_ps_sub,256.71666666666664,18,20251030,70,BLK_70C,20,베이35A 론지용접,7,2025-10-31 10:14:55,2025-10-31 10:44:07,29.2,35A,베이35A,raw,
b200_mixed_ps_sub_r1,LPT,Large (141-200),200,mixed_ps_sub,256.71666666666664,18,20251030,70,BLK_70C,20,베이35A 수정,8,2025-10-31 10:44:07,2025-10-31 11:48:31,64.4,35A,베이35A,raw,
b200_mixed_ps_sub_r1,LPT,Large (141-200),200,mixed_ps_sub,256.71666666666664,18,20251030,141,BLK_141C,21,판계,1,2025-10-30 17:26:00,2025-10-30 17:46:00,20.0,,공통,raw,
b200_mixed_ps_sub_r1,LPT,Large (141-200),200,mixed_ps_sub,256.71666666666664,18,20251030,141,BLK_141C,21,전면SAW,2,2025-10-31 04:39:07,2025-10-31 06:42:42,123.6,,공통,raw,
b200_mixed_ps_sub_r1,LPT,Large (141-200),200,mixed_ps_sub,256.71666666666664,18,20251030,141,BLK_141C,21,TurnOver,3,2025-10-31 06:42:42,2025-10-31 06:54:42,12.0,,공통,raw,
b200_mixed_ps_sub_r1,LPT,Large (141-200),200,mixed_ps_sub,256.71666666666664,18,20251030,141,BLK_141C,21,후면SAW,4,2025-10-31 07:04:18,2025-10-31 09:10:24,126.1,,공통,raw,
b200_mixed_ps_sub_r1,LPT,Large (141-200),200,mixed_ps_sub,256.71666666666664,18,20251030,141,BLK_141C,21,NC,5,2025-10-31 09:10:24,2025-10-31 09:36:22,26.0,,공통,raw,
b200_mixed_ps_sub_r1,LPT,Large (141-200),200,mixed_ps_sub,256.71666666666664,18,20251030,141,BLK_141C,21,베이36B 론지취부,6,2025-10-31 09:36:22,2025-10-31 10:21:22,45.0,36B,베이36B,raw,
b200_mixed_ps_sub_r1,LPT,Large (141-200),200,mixed_ps_sub,256.71666666666664,18,20251030,141,BLK_141C,21,베이36B 론지용접,7,2025-10-31 10:21:22,2025-10-31 10:36:22,15.0,36B,베이36B,raw,
b200_mixed_ps_sub_r1,LPT,Large (141-200),200,mixed_ps_sub,256.71666666666664,18,20251030,141,BLK_141C,21,베이36B 수정,8,2025-10-31 11:13:09,2025-10-31 11:40:09,27.0,36B,베이36B,raw,
b200_mixed_ps_sub_r1,LPT,Large (141-200),200,mixed_ps_sub,256.71666666666664,18,20251031,22,BLK_22S,1,판계,1,2025-10-31 08:00:00,2025-10-31 08:30:00,30.0,,공통,raw,
b200_mixed_ps_sub_r1,LPT,Large (141-200),200,mixed_ps_sub,256.71666666666664,18,20251031,22,BLK_22S,1,전면SAW,2,2025-10-31 08:30:00,2025-10-31 09:03:52,33.9,,공통,raw,
b200_mixed_ps_sub_r1,LPT,Large (141-200),200,mixed_ps_sub,256.71666666666664,18,20251031,22,BLK_22S,1,TurnOver,3,2025-10-31 09:03:52,2025-10-31 09:15:52,12.0,,공통,raw,
b200_mixed_ps_sub_r1,LPT,Large (141-200),200,mixed_ps_sub,256.71666666666664,18,20251031,22,BLK_22S,1,후면SAW,4,2025-10-31 09:15:52,2025-10-31 09:39:19,23.4,,공통,raw,
b200_mixed_ps_sub_r1,LPT,Large (141-200),200,mixed_ps_sub,256.71666666666664,18,20251031,22,BLK_22S,1,NC,5,2025-10-31 09:39:19,2025-10-31 10:24:48,45.5,,공통,raw,
b200_mixed_ps_sub_r1,LPT,Large (141-200),200,mixed_ps_sub,256.71666666666664,18,20251031,22,BLK_22S,1,베이36B 론지취부,6,2025-10-31 10:24:48,2025-10-31 12:19:48,115.0,36B,베이36B,raw,
b200_mixed_ps_sub_r1,LPT,Large (141-200),200,mixed_ps_sub,256.71666666666664,18,20251031,22,BLK_22S,1,베이36B 론지용접,7,2025-10-31 12:19:48,2025-10-31 12:50:48,31.0,36B,베이36B,raw,
b200_mixed_ps_sub_r1,LPT,Large (141-200),200,mixed_ps_sub,256.71666666666664,18,20251031,22,BLK_22S,1,베이36B 수정,8,2025-10-31 12:50:48,2025-10-31 14:01:48,71.0,36B,베이36B,raw,
b200_mixed_ps_sub_r1,LPT,Large (141-200),200,mixed_ps_sub,256.71666666666664,18,20251031,60,BLK_60C,2,판계,1,2025-10-31 08:30:00,2025-10-31 09:15:00,45.0,,공통,raw,
b200_mixed_ps_sub_r1,LPT,Large (141-200),200,mixed_ps_sub,256.71666666666664,18,20251031,60,BLK_60C,2,전면SAW,2,2025-10-31 09:15:00,2025-10-31 12:14:22,179.4,,공통,raw,
b200_mixed_ps_sub_r1,LPT,Large (141-200),200,mixed_ps_sub,256.71666666666664,18,20251031,60,BLK_60C,2,TurnOver,3,2025-10-31 12:14:22,2025-10-31 12:26:22,12.0,,공통,raw,
b200_mixed_ps_sub_r1,LPT,Large (141-200),200,mixed_ps_sub,256.71666666666664,18,20251031,60,BLK_60C,2,후면SAW,4,2025-10-31 12:26:22,2025-10-31 14:40:00,133.6,,공통,raw,
b200_mixed_ps_sub_r1,LPT,Large (141-200),200,mixed_ps_sub,256.71666666666664,18,20251031,60,BLK_60C,2,NC,5,2025-10-31 14:40:00,2025-10-31 15:35:18,55.3,,공통,raw,
b200_mixed_ps_sub_r1,LPT,Large (141-200),200,mixed_ps_sub,256.71666666666664,18,20251031,60,BLK_60C,2,베이36B 론지취부,6,2025-10-31 15:35:18,2025-10-31 16:58:48,83.5,36B,베이36B,raw,
b200_mixed_ps_sub_r1,LPT,Large (141-200),200,mixed_ps_sub,256.71666666666664,18,20251031,60,BLK_60C,2,베이36B 론지용접,7,2025-10-31 16:58:48,2025-10-31 17:24:24,25.6,36B,베이36B,raw,
b200_mixed_ps_sub_r1,LPT,Large (141-200),200,mixed_ps_sub,256.71666666666664,18,20251031,60,BLK_60C,2,베이36B 수정,8,2025-10-31 17:24:24,2025-10-31 18:15:36,51.2,36B,베이36B,raw,
b200_mixed_ps_sub_r1,LPT,Large (141-200),200,mixed_ps_sub,256.71666666666664,18,20251031,150,BLK_150P,3,판계,1,2025-10-31 09:15:00,2025-10-31 10:00:00,45.0,,공통,raw,
b200_mixed_ps_sub_r1,LPT,Large (141-200),200,mixed_ps_sub,256.71666666666664,18,20251031,150,BLK_150P,3,전면SAW,2,2025-10-31 12:14:22,2025-10-31 12:55:22,41.0,,공통,raw,
b200_mixed_ps_sub_r1,LPT,Large (141-200),200,mixed_ps_sub,256.71666666666664,18,20251031,150,BLK_150P,3,TurnOver,3,2025-10-31 12:55:22,2025-10-31 13:07:22,12.0,,공통,raw,
b200_mixed_ps_sub_r1,LPT,Large (141-200),200,mixed_ps_sub,256.71666666666664,18,20251031,150,BLK_150P,3,후면SAW,4,2025-10-31 14:40:00,2025-10-31 15:12:51,32.9,,공통,raw,
b200_mixed_ps_sub_r1,LPT,Large (141-200),200,mixed_ps_sub,256.71666666666664,18,20251031,150,BLK_150P,3,NC,5,2025-10-31 15:35:18,2025-10-31 16:35:38,60.3,,공통,raw,
b200_mixed_ps_sub_r1,LPT,Large (141-200),200,mixed_ps_sub,256.71666666666664,18,20251031,150,BLK_150P,3,베이36B 론지취부,6,2025-10-31 16:58:48,2025-10-31 18:29:18,90.5,36B,베이36B,raw,
b200_mixed_ps_sub_r1,LPT,Large (141-200),200,mixed_ps_sub,256.71666666666664,18,20251031,150,BLK_150P,3,베이36B 론지용접,7,2025-10-31 18:29:18,2025-10-31 18:56:06,26.8,36B,베이36B,raw,
b200_mixed_ps_sub_r1,LPT,Large (141-200),200,mixed_ps_sub,256.71666666666664,18,20251031,150,BLK_150P,3,베이36B 수정,8,2025-10-31 18:56:06,2025-10-31 19:51:42,55.6,36B,베이36B,raw,
b200_mixed_ps_sub_r1,LPT,Large (141-200),200,mixed_ps_sub,256.71666666666664,18,20251031,138,BLK_138C,4,판계,1,2025-10-31 10:00:00,2025-10-31 10:30:00,30.0,,공통,raw,
b200_mixed_ps_sub_r1,LPT,Large (141-200),200,mixed_ps_sub,256.71666666666664,18,20251031,138,BLK_138C,4,전면SAW,2,2025-10-31 12:55:22,2025-10-31 15:28:15,152.9,,공통,raw,
b200_mixed_ps_sub_r1,LPT,Large (141-200),200,mixed_ps_sub,256.71666666666664,18,20251031,138,BLK_138C,4,TurnOver,3,2025-10-31 15:28:15,2025-10-31 15:40:15,12.0,,공통,raw,
b200_mixed_ps_sub_r1,LPT,Large (141-200),200,mixed_ps_sub,256.71666666666664,18,20251031,138,BLK_138C,4,후면SAW,4,2025-10-31 15:40:15,2025-10-31 17:32:40,112.4,,공통,raw,
b200_mixed_ps_sub_r1,LPT,Large (141-200),200,mixed_ps_sub,256.71666666666664,18,20251031,138,BLK_138C,4,NC,5,2025-10-31 17:32:40,2025-10-31 18:30:28,57.8,,공통,raw,
b200_mixed_ps_sub_r1,LPT,Large (141-200),200,mixed_ps_sub,256.71666666666664,18,20251031,138,BLK_138C,4,베이35A 론지취부,6,2025-10-31 18:30:28,2025-10-31 20:07:58,97.5,35A,베이35A,raw,
b200_mixed_ps_sub_r1,LPT,Large (141-200),200,mixed_ps_sub,256.71666666666664,18,20251031,138,BLK_138C,4,베이35A 론지용접,7,2025-10-31 20:07:58,2025-10-31 20:35:58,28.0,35A,베이35A,raw,
b200_mixed_ps_sub_r1,LPT,Large (141-200),200,mixed_ps_sub,256.71666666666664,18,20251031,138,BLK_138C,4,베이35A 수정,8,2025-10-31 20:35:58,2025-10-31 21:35:58,60.0,35A,베이35A,raw,
b200_mixed_ps_sub_r1,LPT,Large (141-200),200,mixed_ps_sub,256.71666666666664,18,20251031,38,BLK_38S,5,판계,1,2025-10-31 10:30:00,2025-10-31 11:00:00,30.0,,공통,raw,
b200_mixed_ps_sub_r1,LPT,Large (141-200),200,mixed_ps_sub,256.71666666666664,18,20251031,38,BLK_38S,5,전면SAW,2,2025-10-31 15:28:15,2025-10-31 16:15:43,47.5,,공통,raw,
b200_mixed_ps_sub_r1,LPT,Large (141-200),200,mixed_ps_sub,256.71666666666664,18,20251031,38,BLK_38S,5,TurnOver,3,2025-10-31 16:15:43,2025-10-31 16:27:43,12.0,,공통,raw,
b200_mixed_ps_sub_r1,LPT,Large (141-200),200,mixed_ps_sub,256.71666666666664,18,20251031,38,BLK_38S,5,후면SAW,4,2025-10-31 17:32:40,2025-10-31 18:14:01,41.4,,공통,raw,
b200_mixed_ps_sub_r1,LPT,Large (141-200),200,mixed_ps_sub,256.71666666666664,18,20251031,38,BLK_38S,5,NC,5,2025-10-31 18:30:28,2025-10-31 19:14:16,43.8,,공통,raw,
b200_mixed_ps_sub_r1,LPT,Large (141-200),200,mixed_ps_sub,256.71666666666664,18,20251031,38,BLK_38S,5,베이36B 론지취부,6,2025-10-31 19:14:16,2025-10-31 20:41:16,87.0,36B,베이36B,raw,
b200_mixed_ps_sub_r1,LPT,Large (141-200),200,mixed_ps_sub,256.71666666666664,18,20251031,38,BLK_38S,5,베이36B 론지용접,7,2025-10-31 20:41:16,2025-10-31 21:07:28,26.2,36B,베이36B,raw,
b200_mixed_ps_sub_r1,LPT,Large (141-200),200,mixed_ps_sub,256.71666666666664,18,20251031,38,BLK_38S,5,베이36B 수정,8,2025-10-31 21:07:28,2025-10-31 22:00:52,53.4,36B,베이36B,raw,
b200_mixed_ps_sub_r1,LPT,Large (141-200),200,mixed_ps_sub,256.71666666666664,18,20251031,158,BLK_158P,6,판계,1,2025-10-31 11:00:00,2025-10-31 11:40:00,40.0,,공통,raw,
b200_mixed_ps_sub_r1,LPT,Large (141-200),200,mixed_ps_sub,256.71666666666664,18,20251031,158,BLK_158P,6,전면SAW,2,2025-10-31 16:15:43,2025-10-31 19:09:42,174.0,,공통,raw,
b200_mixed_ps_sub_r1,LPT,Large (141-200),200,mixed_ps_sub,256.71666666666664,18,20251031,158,BLK_158P,6,TurnOver,3,2025-10-31 19:09:42,2025-10-31 19:21:42,12.0,,공통,raw,
b200_mixed_ps_sub_r1,LPT,Large (141-200),200,mixed_ps_sub,256.71666666666664,18,20251031,158,BLK_158P,6,후면SAW,4,2025-10-31 19:21:42,2025-10-31 21:31:00,129.3,,공통,raw,
b200_mixed_ps_sub_r1,LPT,Large (141-200),200,mixed_ps_sub,256.71666666666664,18,20251031,158,BLK_158P,6,NC,5,2025-10-31 21:31:00,2025-10-31 22:17:54,46.9,,공통,raw,
b200_mixed_ps_sub_r1,LPT,Large (141-200),200,mixed_ps_sub,256.71666666666664,18,20251031,158,BLK_158P,6,베이35A 론지취부,6,2025-10-31 22:17:54,2025-10-31 23:23:54,66.0,35A,베이35A,raw,
b200_mixed_ps_sub_r1,LPT,Large (141-200),200,mixed_ps_sub,256.71666666666664,18,20251031,158,BLK_158P,6,베이35A 론지용접,7,2025-10-31 23:23:54,2025-10-31 23:46:30,22.6,35A,베이35A,raw,
b200_mixed_ps_sub_r1,LPT,Large (141-200),200,mixed_ps_sub,256.71666666666664,18,20251031,158,BLK_158P,6,베이35A 수정,8,2025-10-31 23:46:30,2025-11-01 00:26:42,40.2,35A,베이35A,raw,
b200_mixed_ps_sub_r1,LPT,Large (141-200),200,mixed_ps_sub,256.71666666666664,18,20251031,162,BLK_162C,7,판계,1,2025-10-31 11:40:00,2025-10-31 12:25:00,45.0,,공통,raw,
b200_mixed_ps_sub_r1,LPT,Large (141-200),200,mixed_ps_sub,256.71666666666664,18,20251031,162,BLK_162C,7,전면SAW,2,2025-10-31 19:09:42,2025-10-31 19:47:19,37.6,,공통,raw,
b200_mixed_ps_sub_r1,LPT,Large (141-200),200,mixed_ps_sub,256.71666666666664,18,20251031,162,BLK_162C,7,TurnOver,3,2025-10-31 19:47:19,2025-10-31 19:59:19,12.0,,공통,raw,
b200_mixed_ps_sub_r1,LPT,Large (141-200),200,mixed_ps_sub,256.71666666666664,18,20251031,162,BLK_162C,7,후면SAW,4,2025-10-31 21:31:00,2025-10-31 21:59:22,28.4,,공통,raw,
b200_mixed_ps_sub_r1,LPT,Large (141-200),200,mixed_ps_sub,256.71666666666664,18,20251031,162,BLK_162C,7,NC,5,2025-10-31 22:17:54,2025-10-31 23:10:42,52.8,,공통,raw,
b200_mixed_ps_sub_r1,LPT,Large (141-200),200,mixed_ps_sub,256.71666666666664,18,20251031,162,BLK_162C,7,베이36B 론지취부,6,2025-10-31 23:10:42,2025-11-01 00:44:42,94.0,36B,베이36B,raw,
b200_mixed_ps_sub_r1,LPT,Large (141-200),200,mixed_ps_sub,256.71666666666664,18,20251031,162,BLK_162C,7,베이36B 론지용접,7,2025-11-01 00:44:42,2025-11-01 01:12:06,27.4,36B,베이36B,raw,
b200_mixed_ps_sub_r1,LPT,Large (141-200),200,mixed_ps_sub,256.71666666666664,18,20251031,162,BLK_162C,7,베이36B 수정,8,2025-11-01 01:12:06,2025-11-01 02:09:54,57.8,36B,베이36B,raw,
b200_mixed_ps_sub_r1,LPT,Large (141-200),200,mixed_ps_sub,256.71666666666664,18,20251031,128,BLK_128P,8,판계,1,2025-10-31 12:25:00,2025-10-31 13:05:00,40.0,,공통,raw,
b200_mixed_ps_sub_r1,LPT,Large (141-200),200,mixed_ps_sub,256.71666666666664,18,20251031,128,BLK_128P,8,전면SAW,2,2025-10-31 19:47:19,2025-10-31 22:34:28,167.2,,공통,raw,
b200_mixed_ps_sub_r1,LPT,Large (141-200),200,mixed_ps_sub,256.71666666666664,18,20251031,128,BLK_128P,8,TurnOver,3,2025-10-31 22:34:28,2025-10-31 22:46:28,12.0,,공통,raw,
b200_mixed_ps_sub_r1,LPT,Large (141-200),200,mixed_ps_sub,256.71666666666664,18,20251031,128,BLK_128P,8,후면SAW,4,2025-10-31 22:46:28,2025-11-01 01:03:52,137.4,,공통,raw,
b200_mixed_ps_sub_r1,LPT,Large (141-200),200,mixed_ps_sub,256.71666666666664,18,20251031,128,BLK_128P,8,NC,5,2025-11-01 01:03:52,2025-11-01 01:54:34,50.7,,공통,raw,
b200_mixed_ps_sub_r1,LPT,Large (141-200),200,mixed_ps_sub,256.71666666666664,18,20251031,128,BLK_128P,8,베이35A 론지취부,6,2025-11-01 01:54:34,2025-11-01 02:50:04,55.5,35A,베이35A,raw,
b200_mixed_ps_sub_r1,LPT,Large (141-200),200,mixed_ps_sub,256.71666666666664,18,20251031,128,BLK_128P,8,베이35A 론지용접,7,2025-11-01 02:50:04,2025-11-01 03:10:52,20.8,35A,베이35A,raw,
b200_mixed_ps_sub_r1,LPT,Large (141-200),200,mixed_ps_sub,256.71666666666664,18,20251031,128,BLK_128P,8,베이35A 수정,8,2025-11-01 03:10:52,2025-11-01 03:44:28,33.6,35A,베이35A,raw,
b200_mixed_ps_sub_r1,LPT,Large (141-200),200,mixed_ps_sub,256.71666666666664,18,20251031,102,BLK_102S,9,판계,1,2025-10-31 13:05:00,2025-10-31 13:30:00,25.0,,공통,raw,
b200_mixed_ps_sub_r1,LPT,Large (141-200),200,mixed_ps_sub,256.71666666666664,18,20251031,102,BLK_102S,9,전면SAW,2,2025-10-31 22:34:28,2025-10-31 23:23:03,48.6,,공통,raw,
b200_mixed_ps_sub_r1,LPT,Large (141-200),200,mixed_ps_sub,256.71666666666664,18,20251031,102,BLK_102S,9,TurnOver,3,2025-10-31 23:23:03,2025-10-31 23:35:03,12.0,,공통,raw,
b200_mixed_ps_sub_r1,LPT,Large (141-200),200,mixed_ps_sub,256.71666666666664,18,20251031,102,BLK_102S,9,후면SAW,4,2025-11-01 01:03:52,2025-11-01 01:46:41,42.8,,공통,raw,
b200_mixed_ps_sub_r1,LPT,Large (141-200),200,mixed_ps_sub,256.71666666666664,18,20251031,102,BLK_102S,9,NC,5,2025-11-01 01:54:34,2025-11-01 02:32:46,38.2,,공통,raw,
b200_mixed_ps_sub_r1,LPT,Large (141-200),200,mixed_ps_sub,256.71666666666664,18,20251031,102,BLK_102S,9,베이36B 론지취부,6,2025-11-01 02:32:46,2025-11-01 04:03:16,90.5,36B,베이36B,raw,
b200_mixed_ps_sub_r1,LPT,Large (141-200),200,mixed_ps_sub,256.71666666666664,18,20251031,102,BLK_102S,9,베이36B 론지용접,7,2025-11-01 04:03:16,2025-11-01 04:30:04,26.8,36B,베이36B,raw,
b200_mixed_ps_sub_r1,LPT,Large (141-200),200,mixed_ps_sub,256.71666666666664,18,20251031,102,BLK_102S,9,베이36B 수정,8,2025-11-01 04:30:04,2025-11-01 05:25:40,55.6,36B,베이36B,raw,
b200_mixed_ps_sub_r1,LPT,Large (141-200),200,mixed_ps_sub,256.71666666666664,18,20251031,152,BLK_152S,10,판계,1,2025-10-31 13:30:00,2025-10-31 14:00:00,30.0,,공통,raw,
b200_mixed_ps_sub_r1,LPT,Large (141-200),200,mixed_ps_sub,256.71666666666664,18,20251031,152,BLK_152S,10,전면SAW,2,2025-10-31 23:23:03,2025-11-01 01:53:09,150.1,,공통,raw,
b200_mixed_ps_sub_r1,LPT,Large (141-200),200,mixed_ps_sub,256.71666666666664,18,20251031,152,BLK_152S,10,TurnOver,3,2025-11-01 01:53:09,2025-11-01 02:05:09,12.0,,공통,raw,
b200_mixed_ps_sub_r1,LPT,Large (141-200),200,mixed_ps_sub,256.71666666666664,18,20251031,152,BLK_152S,10,후면SAW,4,2025-11-01 02:05:09,2025-11-01 04:15:03,129.9,,공통,raw,
b200_mixed_ps_sub_r1,LPT,Large (141-200),200,mixed_ps_sub,256.71666666666664,18,20251031,152,BLK_152S,10,NC,5,2025-11-01 04:15:03,2025-11-01 05:12:53,57.8,,공통,raw,
b200_mixed_ps_sub_r1,LPT,Large (141-200),200,mixed_ps_sub,256.71666666666664,18,20251031,152,BLK_152S,10,베이35A 론지취부,6,2025-11-01 05:12:53,2025-11-01 06:22:23,69.5,35A,베이35A,raw,
b200_mixed_ps_sub_r1,LPT,Large (141-200),200,mixed_ps_sub,256.71666666666664,18,20251031,152,BLK_152S,10,베이35A 론지용접,7,2025-11-01 06:22:23,2025-11-01 06:45:35,23.2,35A,베이35A,raw,
b200_mixed_ps_sub_r1,LPT,Large (141-200),200,mixed_ps_sub,256.71666666666664,18,20251031,152,BLK_152S,10,베이35A 수정,8,2025-11-01 06:45:35,2025-11-01 07:27:59,42.4,35A,베이35A,raw,
b200_mixed_ps_sub_r1,LPT,Large (141-200),200,mixed_ps_sub,256.71666666666664,18,20251031,98,BLK_98S,11,판계,1,2025-10-31 14:00:00,2025-10-31 14:30:00,30.0,,공통,raw,
b200_mixed_ps_sub_r1,LPT,Large (141-200),200,mixed_ps_sub,256.71666666666664,18,20251031,98,BLK_98S,11,전면SAW,2,2025-11-01 01:53:09,2025-11-01 02:28:35,35.4,,공통,raw,
b200_mixed_ps_sub_r1,LPT,Large (141-200),200,mixed_ps_sub,256.71666666666664,18,20251031,98,BLK_98S,11,TurnOver,3,2025-11-01 02:28:35,2025-11-01 02:40:35,12.0,,공통,raw,
b200_mixed_ps_sub_r1,LPT,Large (141-200),200,mixed_ps_sub,256.71666666666664,18,20251031,98,BLK_98S,11,후면SAW,4,2025-11-01 04:15:03,2025-11-01 04:40:33,25.5,,공통,raw,
b200_mixed_ps_sub_r1,LPT,Large (141-200),200,mixed_ps_sub,256.71666666666664,18,20251031,98,BLK_98S,11,NC,5,2025-11-01 05:12:53,2025-11-01 05:57:33,44.7,,공통,raw,
b200_mixed_ps_sub_r1,LPT,Large (141-200),200,mixed_ps_sub,256.71666666666664,18,20251031,98,BLK_98S,11,베이36B 론지취부,6,2025-11-01 05:57:33,2025-11-01 07:38:33,101.0,36B,베이36B,raw,
b200_mixed_ps_sub_r1,LPT,Large (141-200),200,mixed_ps_sub,256.71666666666664,18,20251031,98,BLK_98S,11,베이36B 론지용접,7,2025-11-01 07:38:33,2025-11-01 08:07:09,28.6,36B,베이36B,raw,
b200_mixed_ps_sub_r1,LPT,Large (141-200),200,mixed_ps_sub,256.71666666666664,18,20251031,98,BLK_98S,11,베이36B 수정,8,2025-11-01 08:07:09,2025-11-01 09:09:21,62.2,36B,베이36B,raw,
b200_mixed_ps_sub_r1,LPT,Large (141-200),200,mixed_ps_sub,256.71666666666664,18,20251031,170,BLK_170C,12,판계,1,2025-10-31 14:30:00,2025-10-31 14:58:00,28.0,,공통,raw,
b200_mixed_ps_sub_r1,LPT,Large (141-200),200,mixed_ps_sub,256.71666666666664,18,20251031,170,BLK_170C,12,전면SAW,2,2025-11-01 02:28:35,2025-11-01 04:50:54,142.3,,공통,raw,
b200_mixed_ps_sub_r1,LPT,Large (141-200),200,mixed_ps_sub,256.71666666666664,18,20251031,170,BLK_170C,12,TurnOver,3,2025-11-01 04:50:54,2025-11-01 05:02:54,12.0,,공통,raw,
b200_mixed_ps_sub_r1,LPT,Large (141-200),200,mixed_ps_sub,256.71666666666664,18,20251031,170,BLK_170C,12,후면SAW,4,2025-11-01 05:02:54,2025-11-01 07:30:51,147.9,,공통,raw,
b200_mixed_ps_sub_r1,LPT,Large (141-200),200,mixed_ps_sub,256.71666666666664,18,20251031,170,BLK_170C,12,NC,5,2025-11-01 07:30:51,2025-11-01 08:04:58,34.1,,공통,raw,
b200_mixed_ps_sub_r1,LPT,Large (141-200),200,mixed_ps_sub,256.71666666666664,18,20251031,170,BLK_170C,12,베이35A 론지취부,6,2025-11-01 08:04:58,2025-11-01 09:14:28,69.5,35A,베이35A,raw,
b200_mixed_ps_sub_r1,LPT,Large (141-200),200,mixed_ps_sub,256.71666666666664,18,20251031,170,BLK_170C,12,베이35A 론지용접,7,2025-11-01 09:14:28,2025-11-01 09:37:40,23.2,35A,베이35A,raw,
b200_mixed_ps_sub_r1,LPT,Large (141-200),200,mixed_ps_sub,256.71666666666664,18,20251031,170,BLK_170C,12,베이35A 수정,8,2025-11-01 09:37:40,2025-11-01 10:20:04,42.4,35A,베이35A,raw,
b200_mixed_ps_sub_r1,LPT,Large (141-200),200,mixed_ps_sub,256.71666666666664,18,20251031,111,BLK_111P,13,판계,1,2025-10-31 14:58:00,2025-10-31 15:28:00,30.0,,공통,raw,
b200_mixed_ps_sub_r1,LPT,Large (141-200),200,mixed_ps_sub,256.71666666666664,18,20251031,111,BLK_111P,13,전면SAW,2,2025-11-01 04:50:54,2025-11-01 05:23:57,33.0,,공통,raw,
b200_mixed_ps_sub_r1,LPT,Large (141-200),200,mixed_ps_sub,256.71666666666664,18,20251031,111,BLK_111P,13,TurnOver,3,2025-11-01 05:23:57,2025-11-01 05:35:57,12.0,,공통,raw,
b200_mixed_ps_sub_r1,LPT,Large (141-200),200,mixed_ps_sub,256.71666666666664,18,20251031,111,BLK_111P,13,후면SAW,4,2025-11-01 07:30:51,2025-11-01 07:53:13,22.4,,공통,raw,
b200_mixed_ps_sub_r1,LPT,Large (141-200),200,mixed_ps_sub,256.71666666666664,18,20251031,111,BLK_111P,13,NC,5,2025-11-01 08:04:58,2025-11-01 08:54:28,49.5,,공통,raw,
b200_mixed_ps_sub_r1,LPT,Large (141-200),200,mixed_ps_sub,256.71666666666664,18,20251031,111,BLK_111P,13,베이36B 론지취부,6,2025-11-01 08:54:28,2025-11-01 10:35:28,101.0,36B,베이36B,raw,
b200_mixed_ps_sub_r1,LPT,Large (141-200),200,mixed_ps_sub,256.71666666666664,18,20251031,111,BLK_111P,13,베이36B 론지용접,7,2025-11-01 10:35:28,2025-11-01 11:04:04,28.6,36B,베이36B,raw,
b200_mixed_ps_sub_r1,LPT,Large (141-200),200,mixed_ps_sub,256.71666666666664,18,20251031,111,BLK_111P,13,베이36B 수정,8,2025-11-01 11:04:04,2025-11-01 12:06:16,62.2,36B,베이36B,raw,
b200_mixed_ps_sub_r1,LPT,Large (141-200),200,mixed_ps_sub,256.71666666666664,18,20251031,151,BLK_151P,14,판계,1,2025-10-31 15:28:00,2025-10-31 16:13:00,45.0,,공통,raw,
b200_mixed_ps_sub_r1,LPT,Large (141-200),200,mixed_ps_sub,256.71666666666664,18,20251031,151,BLK_151P,14,전면SAW,2,2025-11-01 05:23:57,2025-11-01 07:27:43,123.8,,공통,raw,
b200_mixed_ps_sub_r1,LPT,Large (141-200),200,mixed_ps_sub,256.71666666666664,18,20251031,151,BLK_151P,14,TurnOver,3,2025-11-01 07:27:43,2025-11-01 07:39:43,12.0,,공통,raw,
b200_mixed_ps_sub_r1,LPT,Large (141-200),200,mixed_ps_sub,256.71666666666664,18,20251031,151,BLK_151P,14,후면SAW,4,2025-11-01 07:53:13,2025-11-01 09:22:20,89.1,,공통,raw,
b200_mixed_ps_sub_r1,LPT,Large (141-200),200,mixed_ps_sub,256.71666666666664,18,20251031,151,BLK_151P,14,NC,5,2025-11-01 09:22:20,2025-11-01 10:14:01,51.7,,공통,raw,
b200_mixed_ps_sub_r1,LPT,Large (141-200),200,mixed_ps_sub,256.71666666666664,18,20251031,151,BLK_151P,14,베이35A 론지취부,6,2025-11-01 10:14:01,2025-11-01 11:34:01,80.0,35A,베이35A,raw,
b200_mixed_ps_sub_r1,LPT,Large (141-200),200,mixed_ps_sub,256.71666666666664,18,20251031,151,BLK_151P,14,베이35A 론지용접,7,2025-11-01 11:34:01,2025-11-01 11:59:01,25.0,35A,베이35A,raw,
b200_mixed_ps_sub_r1,LPT,Large (141-200),200,mixed_ps_sub,256.71666666666664,18,20251031,151,BLK_151P,14,베이35A 수정,8,2025-11-01 11:59:01,2025-11-01 12:48:01,49.0,35A,베이35A,raw,
b200_mixed_ps_sub_r1,LPT,Large (141-200),200,mixed_ps_sub,256.71666666666664,18,20251101,16,BLK_16P,1,판계,1,2025-11-01 08:00:00,2025-11-01 08:25:00,25.0,,공통,raw,
b200_mixed_ps_sub_r1,LPT,Large (141-200),200,mixed_ps_sub,256.71666666666664,18,20251101,16,BLK_16P,1,전면SAW,2,2025-11-01 08:25:00,2025-11-01 09:16:26,51.4,,공통,raw,
b200_mixed_ps_sub_r1,LPT,Large (141-200),200,mixed_ps_sub,256.71666666666664,18,20251101,16,BLK_16P,1,TurnOver,3,2025-11-01 09:16:26,2025-11-01 09:28:26,12.0,,공통,raw,
b200_mixed_ps_sub_r1,LPT,Large (141-200),200,mixed_ps_sub,256.71666666666664,18,20251101,16,BLK_16P,1,후면SAW,4,2025-11-01 09:28:26,2025-11-01 10:15:00,46.6,,공통,raw,
b200_mixed_ps_sub_r1,LPT,Large (141-200),200,mixed_ps_sub,256.71666666666664,18,20251101,16,BLK_16P,1,NC,5,2025-11-01 10:15:00,2025-11-01 10:51:36,36.6,,공통,raw,
b200_mixed_ps_sub_r1,LPT,Large (141-200),200,mixed_ps_sub,256.71666666666664,18,20251101,16,BLK_16P,1,베이36B 론지취부,6,2025-11-01 10:51:36,2025-11-01 12:15:06,83.5,36B,베이36B,raw,
b200_mixed_ps_sub_r1,LPT,Large (141-200),200,mixed_ps_sub,256.71666666666664,18,20251101,16,BLK_16P,1,베이36B 론지용접,7,2025-11-01 12:15:06,2025-11-01 12:40:42,25.6,36B,베이36B,raw,
b200_mixed_ps_sub_r1,LPT,Large (141-200),200,mixed_ps_sub,256.71666666666664,18,20251101,16,BLK_16P,1,베이36B 수정,8,2025-11-01 12:40:42,2025-11-01 13:31:54,51.2,36B,베이36B,raw,
b200_mixed_ps_sub_r1,LPT,Large (141-200),200,mixed_ps_sub,256.71666666666664,18,20251101,168,BLK_168S,2,판계,1,2025-11-01 08:25:00,2025-11-01 09:10:00,45.0,,공통,raw,
b200_mixed_ps_sub_r1,LPT,Large (141-200),200,mixed_ps_sub,256.71666666666664,18,20251101,168,BLK_168S,2,전면SAW,2,2025-11-01 09:16:26,2025-11-01 11:01:33,105.1,,공통,raw,
b200_mixed_ps_sub_r1,LPT,Large (141-200),200,mixed_ps_sub,256.71666666666664,18,20251101,168,BLK_168S,2,TurnOver,3,2025-11-01 11:01:33,2025-11-01 11:13:33,12.0,,공통,raw,
b200_mixed_ps_sub_r1,LPT,Large (141-200),200,mixed_ps_sub,256.71666666666664,18,20251101,168,BLK_168S,2,후면SAW,4,2025-11-01 11:13:33,2025-11-01 12:58:08,104.6,,공통,raw,
b200_mixed_ps_sub_r1,LPT,Large (141-200),200,mixed_ps_sub,256.71666666666664,18,20251101,168,BLK_168S,2,NC,5,2025-11-01 12:58:08,2025-11-01 13:57:17,59.1,,공통,raw,
b200_mixed_ps_sub_r1,LPT,Large (141-200),200,mixed_ps_sub,256.71666666666664,18,20251101,168,BLK_168S,2,베이35A 론지취부,6,2025-11-01 13:57:17,2025-11-01 15:06:47,69.5,35A,베이35A,raw,
b200_mixed_ps_sub_r1,LPT,Large (141-200),200,mixed_ps_sub,256.71666666666664,18,20251101,168,BLK_168S,2,베이35A 론지용접,7,2025-11-01 15:06:47,2025-11-01 15:29:59,23.2,35A,베이35A,raw,
b200_mixed_ps_sub_r1,LPT,Large (141-200),200,mixed_ps_sub,256.71666666666664,18,20251101,168,BLK_168S,2,베이35A 수정,8,2025-11-01 15:29:59,2025-11-01 16:12:23,42.4,35A,베이35A,raw,
b200_mixed_ps_sub_r1,LPT,Large (141-200),200,mixed_ps_sub,256.71666666666664,18,20251101,89,BLK_89C,3,판계,1,2025-11-01 09:10:00,2025-11-01 09:35:00,25.0,,공통,raw,
b200_mixed_ps_sub_r1,LPT,Large (141-200),200,mixed_ps_sub,256.71666666666664,18,20251101,89,BLK_89C,3,전면SAW,2,2025-11-01 11:01:33,2025-11-01 11:52:27,50.9,,공통,raw,
b200_mixed_ps_sub_r1,LPT,Large (141-200),200,mixed_ps_sub,256.71666666666664,18,20251101,89,BLK_89C,3,TurnOver,3,2025-11-01 11:52:27,2025-11-01 12:04:27,12.0,,공통,raw,
b200_mixed_ps_sub_r1,LPT,Large (141-200),200,mixed_ps_sub,256.71666666666664,18,20251101,89,BLK_89C,3,후면SAW,4,2025-11-01 12:58:08,2025-11-01 13:43:58,45.8,,공통,raw,
b200_mixed_ps_sub_r1,LPT,Large (141-200),200,mixed_ps_sub,256.71666666666664,18,20251101,89,BLK_89C,3,NC,5,2025-11-01 13:57:17,2025-11-01 14:35:06,37.8,,공통,raw,
b200_mixed_ps_sub_r1,LPT,Large (141-200),200,mixed_ps_sub,256.71666666666664,18,20251101,89,BLK_89C,3,베이36B 론지취부,6,2025-11-01 14:35:06,2025-11-01 15:58:36,83.5,36B,베이36B,raw,
b200_mixed_ps_sub_r1,LPT,Large (141-200),200,mixed_ps_sub,256.71666666666664,18,20251101,89,BLK_89C,3,베이36B 론지용접,7,2025-11-01 15:58:36,2025-11-01 16:24:12,25.6,36B,베이36B,raw,
b200_mixed_ps_sub_r1,LPT,Large (141-200),200,mixed_ps_sub,256.71666666666664,18,20251101,89,BLK_89C,3,베이36B 수정,8,2025-11-01 16:24:12,2025-11-01 17:15:24,51.2,36B,베이36B,raw,
b200_mixed_ps_sub_r1,LPT,Large (141-200),200,mixed_ps_sub,256.71666666666664,18,20251101,139,BLK_139P,4,판계,1,2025-11-01 09:35:00,2025-11-01 10:05:00,30.0,,공통,raw,
b200_mixed_ps_sub_r1,LPT,Large (141-200),200,mixed_ps_sub,256.71666666666664,18,20251101,139,BLK_139P,4,전면SAW,2,2025-11-01 11:52:27,2025-11-01 14:11:56,139.5,,공통,raw,
b200_mixed_ps_sub_r1,LPT,Large (141-200),200,mixed_ps_sub,256.71666666666664,18,20251101,139,BLK_139P,4,TurnOver,3,2025-11-01 14:11:56,2025-11-01 14:23:56,12.0,,공통,raw,
b200_mixed_ps_sub_r1,LPT,Large (141-200),200,mixed_ps_sub,256.71666666666664,18,20251101,139,BLK_139P,4,후면SAW,4,2025-11-01 14:23:56,2025-11-01 16:05:39,101.7,,공통,raw,
b200_mixed_ps_sub_r1,LPT,Large (141-200),200,mixed_ps_sub,256.71666666666664,18,20251101,139,BLK_139P,4,NC,5,2025-11-01 16:05:39,2025-11-01 17:01:21,55.7,,공통,raw,
b200_mixed_ps_sub_r1,LPT,Large (141-200),200,mixed_ps_sub,256.71666666666664,18,20251101,139,BLK_139P,4,베이35A 론지취부,6,2025-11-01 17:01:21,2025-11-01 17:56:51,55.5,35A,베이35A,raw,
b200_mixed_ps_sub_r1,LPT,Large (141-200),200,mixed_ps_sub,256.71666666666664,18,20251101,139,BLK_139P,4,베이35A 론지용접,7,2025-11-01 17:56:51,2025-11-01 18:17:39,20.8,35A,베이35A,raw,
b200_mixed_ps_sub_r1,LPT,Large (141-200),200,mixed_ps_sub,256.71666666666664,18,20251101,139,BLK_139P,4,베이35A 수정,8,2025-11-01 18:17:39,2025-11-01 18:51:15,33.6,35A,베이35A,raw,
b200_mixed_ps_sub_r1,LPT,Large (141-200),200,mixed_ps_sub,256.71666666666664,18,20251101,136,BLK_136P,5,판계,1,2025-11-01 10:05:00,2025-11-01 10:35:00,30.0,,공통,raw,
b200_mixed_ps_sub_r1,LPT,Large (141-200),200,mixed_ps_sub,256.71666666666664,18,20251101,136,BLK_136P,5,전면SAW,2,2025-11-01 14:11:56,2025-11-01 14:50:05,38.1,,공통,raw,
b200_mixed_ps_sub_r1,LPT,Large (141-200),200,mixed_ps_sub,256.71666666666664,18,20251101,136,BLK_136P,5,TurnOver,3,2025-11-01 14:50:05,2025-11-01 15:02:05,12.0,,공통,raw,
b200_mixed_ps_sub_r1,LPT,Large (141-200),200,mixed_ps_sub,256.71666666666664,18,20251101,136,BLK_136P,5,후면SAW,4,2025-11-01 16:05:39,2025-11-01 16:34:43,29.1,,공통,raw,
b200_mixed_ps_sub_r1,LPT,Large (141-200),200,mixed_ps_sub,256.71666666666664,18,20251101,136,BLK_136P,5,NC,5,2025-11-01 17:01:21,2025-11-01 17:48:10,46.8,,공통,raw,
b200_mixed_ps_sub_r1,LPT,Large (141-200),200,mixed_ps_sub,256.71666666666664,18,20251101,136,BLK_136P,5,베이36B 론지취부,6,2025-11-01 17:48:10,2025-11-01 19:18:40,90.5,36B,베이36B,raw,
b200_mixed_ps_sub_r1,LPT,Large (141-200),200,mixed_ps_sub,256.71666666666664,18,20251101,136,BLK_136P,5,베이36B 론지용접,7,2025-11-01 19:18:40,2025-11-01 19:45:28,26.8,36B,베이36B,raw,
b200_mixed_ps_sub_r1,LPT,Large (141-200),200,mixed_ps_sub,256.71666666666664,18,20251101,136,BLK_136P,5,베이36B 수정,8,2025-11-01 19:45:28,2025-11-01 20:41:04,55.6,36B,베이36B,raw,
b200_mixed_ps_sub_r1,LPT,Large (141-200),200,mixed_ps_sub,256.71666666666664,18,20251101,63,BLK_63C,6,판계,1,2025-11-01 10:35:00,2025-11-01 11:15:00,40.0,,공통,raw,
b200_mixed_ps_sub_r1,LPT,Large (141-200),200,mixed_ps_sub,256.71666666666664,18,20251101,63,BLK_63C,6,전면SAW,2,2025-11-01 14:50:05,2025-11-01 17:21:21,151.3,,공통,raw,
b200_mixed_ps_sub_r1,LPT,Large (141-200),200,mixed_ps_sub,256.71666666666664,18,20251101,63,BLK_63C,6,TurnOver,3,2025-11-01 17:21:21,2025-11-01 17:33:21,12.0,,공통,raw,
b200_mixed_ps_sub_r1,LPT,Large (141-200),200,mixed_ps_sub,256.71666666666664,18,20251101,63,BLK_63C,6,후면SAW,4,2025-11-01 17:33:21,2025-11-01 19:22:00,108.7,,공통,raw,
b200_mixed_ps_sub_r1,LPT,Large (141-200),200,mixed_ps_sub,256.71666666666664,18,20251101,63,BLK_63C,6,NC,5,2025-11-01 19:22:00,2025-11-01 20:10:24,48.4,,공통,raw,
b200_mixed_ps_sub_r1,LPT,Large (141-200),200,mixed_ps_sub,256.71666666666664,18,20251101,63,BLK_63C,6,베이35A 론지취부,6,2025-11-01 20:10:24,2025-11-01 20:51:54,41.5,35A,베이35A,raw,
b200_mixed_ps_sub_r1,LPT,Large (141-200),200,mixed_ps_sub,256.71666666666664,18,20251101,63,BLK_63C,6,베이35A 론지용접,7,2025-11-01 20:51:54,2025-11-01 21:10:18,18.4,35A,베이35A,raw,
b200_mixed_ps_sub_r1,LPT,Large (141-200),200,mixed_ps_sub,256.71666666666664,18,20251101,63,BLK_63C,6,베이35A 수정,8,2025-11-01 21:10:18,2025-11-01 21:35:06,24.8,35A,베이35A,raw,
b200_mixed_ps_sub_r1,LPT,Large (141-200),200,mixed_ps_sub,256.71666666666664,18,20251101,176,BLK_176P,7,판계,1,2025-11-01 11:15:00,2025-11-01 11:45:00,30.0,,공통,raw,
b200_mixed_ps_sub_r1,LPT,Large (141-200),200,mixed_ps_sub,256.71666666666664,18,20251101,176,BLK_176P,7,전면SAW,2,2025-11-01 17:21:21,2025-11-01 18:09:52,48.5,,공통,raw,
b200_mixed_ps_sub_r1,LPT,Large (141-200),200,mixed_ps_sub,256.71666666666664,18,20251101,176,BLK_176P,7,TurnOver,3,2025-11-01 18:09:52,2025-11-01 18:21:52,12.0,,공통,raw,
b200_mixed_ps_sub_r1,LPT,Large (141-200),200,mixed_ps_sub,256.71666666666664,18,20251101,176,BLK_176P,7,후면SAW,4,2025-11-01 19:22:00,2025-11-01 20:04:43,42.7,,공통,raw,
b200_mixed_ps_sub_r1,LPT,Large (141-200),200,mixed_ps_sub,256.71666666666664,18,20251101,176,BLK_176P,7,NC,5,2025-11-01 20:10:24,2025-11-01 20:55:16,44.9,,공통,raw,
b200_mixed_ps_sub_r1,LPT,Large (141-200),200,mixed_ps_sub,256.71666666666664,18,20251101,176,BLK_176P,7,베이36B 론지취부,6,2025-11-01 20:55:16,2025-11-01 22:11:46,76.5,36B,베이36B,raw,
b200_mixed_ps_sub_r1,LPT,Large (141-200),200,mixed_ps_sub,256.71666666666664,18,20251101,176,BLK_176P,7,베이36B 론지용접,7,2025-11-01 22:11:46,2025-11-01 22:36:10,24.4,36B,베이36B,raw,
b200_mixed_ps_sub_r1,LPT,Large (141-200),200,mixed_ps_sub,256.71666666666664,18,20251101,176,BLK_176P,7,베이36B 수정,8,2025-11-01 22:36:10,2025-11-01 23:22:58,46.8,36B,베이36B,raw,
b200_mixed_ps_sub_r1,LPT,Large (141-200),200,mixed_ps_sub,256.71666666666664,18,20251101,120,BLK_120S,8,판계,1,2025-11-01 11:45:00,2025-11-01 12:12:00,27.0,,공통,raw,
b200_mixed_ps_sub_r1,LPT,Large (141-200),200,mixed_ps_sub,256.71666666666664,18,20251101,120,BLK_120S,8,전면SAW,2,2025-11-01 18:09:52,2025-11-01 20:49:31,159.7,,공통,raw,
b200_mixed_ps_sub_r1,LPT,Large (141-200),200,mixed_ps_sub,256.71666666666664,18,20251101,120,BLK_120S,8,TurnOver,3,2025-11-01 20:49:31,2025-11-01 21:01:31,12.0,,공통,raw,
b200_mixed_ps_sub_r1,LPT,Large (141-200),200,mixed_ps_sub,256.71666666666664,18,20251101,120,BLK_120S,8,후면SAW,4,2025-11-01 21:01:31,2025-11-01 22:56:44,115.2,,공통,raw,
b200_mixed_ps_sub_r1,LPT,Large (141-200),200,mixed_ps_sub,256.71666666666664,18,20251101,120,BLK_120S,8,NC,5,2025-11-01 22:56:44,2025-11-01 23:32:18,35.6,,공통,raw,
b200_mixed_ps_sub_r1,LPT,Large (141-200),200,mixed_ps_sub,256.71666666666664,18,20251101,120,BLK_120S,8,베이35A 론지취부,6,2025-11-01 23:32:18,2025-11-02 00:13:48,41.5,35A,베이35A,raw,
b200_mixed_ps_sub_r1,LPT,Large (141-200),200,mixed_ps_sub,256.71666666666664,18,20251101,120,BLK_120S,8,베이35A 론지용접,7,2025-11-02 00:13:48,2025-11-02 00:28:12,14.4,35A,베이35A,raw,
b200_mixed_ps_sub_r1,LPT,Large (141-200),200,mixed_ps_sub,256.71666666666664,18,20251101,120,BLK_120S,8,베이35A 수정,8,2025-11-02 00:28:12,2025-11-02 00:53:00,24.8,35A,베이35A,raw,
b200_mixed_ps_sub_r1,LPT,Large (141-200),200,mixed_ps_sub,256.71666666666664,18,20251101,40,BLK_40P,9,판계,1,2025-11-01 12:12:00,2025-11-01 12:42:00,30.0,,공통,raw,
b200_mixed_ps_sub_r1,LPT,Large (141-200),200,mixed_ps_sub,256.71666666666664,18,20251101,40,BLK_40P,9,전면SAW,2,2025-11-01 20:49:31,2025-11-01 21:24:16,34.8,,공통,raw,
b200_mixed_ps_sub_r1,LPT,Large (141-200),200,mixed_ps_sub,256.71666666666664,18,20251101,40,BLK_40P,9,TurnOver,3,2025-11-01 21:24:16,2025-11-01 21:36:16,12.0,,공통,raw,
b200_mixed_ps_sub_r1,LPT,Large (141-200),200,mixed_ps_sub,256.71666666666664,18,20251101,40,BLK_40P,9,후면SAW,4,2025-11-01 22:56:44,2025-11-01 23:21:21,24.6,,공통,raw,
b200_mixed_ps_sub_r1,LPT,Large (141-200),200,mixed_ps_sub,256.71666666666664,18,20251101,40,BLK_40P,9,NC,5,2025-11-01 23:32:18,2025-11-02 00:16:18,44.0,,공통,raw,
b200_mixed_ps_sub_r1,LPT,Large (141-200),200,mixed_ps_sub,256.71666666666664,18,20251101,40,BLK_40P,9,베이36B 론지취부,6,2025-11-02 00:16:18,2025-11-02 01:50:18,94.0,36B,베이36B,raw,
b200_mixed_ps_sub_r1,LPT,Large (141-200),200,mixed_ps_sub,256.71666666666664,18,20251101,40,BLK_40P,9,베이36B 론지용접,7,2025-11-02 01:50:18,2025-11-02 02:17:42,27.4,36B,베이36B,raw,
b200_mixed_ps_sub_r1,LPT,Large (141-200),200,mixed_ps_sub,256.71666666666664,18,20251101,40,BLK_40P,9,베이36B 수정,8,2025-11-02 02:17:42,2025-11-02 03:15:30,57.8,36B,베이36B,raw,
b200_mixed_ps_sub_r1,LPT,Large (141-200),200,mixed_ps_sub,256.71666666666664,18,20251101,36,BLK_36P,10,판계,1,2025-11-01 12:42:00,2025-11-01 13:02:00,20.0,,공통,raw,
b200_mixed_ps_sub_r1,LPT,Large (141-200),200,mixed_ps_sub,256.71666666666664,18,20251101,36,BLK_36P,10,전면SAW,2,2025-11-01 21:24:16,2025-11-01 23:54:22,150.1,,공통,raw,
b200_mixed_ps_sub_r1,LPT,Large (141-200),200,mixed_ps_sub,256.71666666666664,18,20251101,36,BLK_36P,10,TurnOver,3,2025-11-01 23:54:22,2025-11-02 00:06:22,12.0,,공통,raw,
b200_mixed_ps_sub_r1,LPT,Large (141-200),200,mixed_ps_sub,256.71666666666664,18,20251101,36,BLK_36P,10,후면SAW,4,2025-11-02 00:06:22,2025-11-02 02:10:58,124.6,,공통,raw,
b200_mixed_ps_sub_r1,LPT,Large (141-200),200,mixed_ps_sub,256.71666666666664,18,20251101,36,BLK_36P,10,NC,5,2025-11-02 02:10:58,2025-11-02 02:37:04,26.1,,공통,raw,
b200_mixed_ps_sub_r1,LPT,Large (141-200),200,mixed_ps_sub,256.71666666666664,18,20251101,36,BLK_36P,10,베이35A 론지취부,6,2025-11-02 02:37:04,2025-11-02 03:08:04,31.0,35A,베이35A,raw,
b200_mixed_ps_sub_r1,LPT,Large (141-200),200,mixed_ps_sub,256.71666666666664,18,20251101,36,BLK_36P,10,베이35A 론지용접,7,2025-11-02 03:08:04,2025-11-02 03:20:40,12.6,35A,베이35A,raw,
b200_mixed_ps_sub_r1,LPT,Large (141-200),200,mixed_ps_sub,256.71666666666664,18,20251101,36,BLK_36P,10,베이35A 수정,8,2025-11-02 03:20:40,2025-11-02 03:38:52,18.2,35A,베이35A,raw,
b200_mixed_ps_sub_r1,LPT,Large (141-200),200,mixed_ps_sub,256.71666666666664,18,20251102,147,BLK_147P,1,판계,1,2025-11-02 08:00:00,2025-11-02 08:30:00,30.0,,공통,raw,
b200_mixed_ps_sub_r1,LPT,Large (141-200),200,mixed_ps_sub,256.71666666666664,18,20251102,147,BLK_147P,1,전면SAW,2,2025-11-02 08:30:00,2025-11-02 09:15:15,45.2,,공통,raw,
b200_mixed_ps_sub_r1,LPT,Large (141-200),200,mixed_ps_sub,256.71666666666664,18,20251102,147,BLK_147P,1,TurnOver,3,2025-11-02 09:15:15,2025-11-02 09:27:15,12.0,,공통,raw,
b200_mixed_ps_sub_r1,LPT,Large (141-200),200,mixed_ps_sub,256.71666666666664,18,20251102,147,BLK_147P,1,후면SAW,4,2025-11-02 09:27:15,2025-11-02 10:05:40,38.4,,공통,raw,
b200_mixed_ps_sub_r1,LPT,Large (141-200),200,mixed_ps_sub,256.71666666666664,18,20251102,147,BLK_147P,1,NC,5,2025-11-02 10:05:40,2025-11-02 10:50:00,44.3,,공통,raw,
b200_mixed_ps_sub_r1,LPT,Large (141-200),200,mixed_ps_sub,256.71666666666664,18,20251102,147,BLK_147P,1,베이36B 론지취부,6,2025-11-02 10:50:00,2025-11-02 12:06:30,76.5,36B,베이36B,raw,
b200_mixed_ps_sub_r1,LPT,Large (141-200),200,mixed_ps_sub,256.71666666666664,18,20251102,147,BLK_147P,1,베이36B 론지용접,7,2025-11-02 12:06:30,2025-11-02 12:30:54,24.4,36B,베이36B,raw,
b200_mixed_ps_sub_r1,LPT,Large (141-200),200,mixed_ps_sub,256.71666666666664,18,20251102,147,BLK_147P,1,베이36B 수정,8,2025-11-02 12:30:54,2025-11-02 13:17:42,46.8,36B,베이36B,raw,
b200_mixed_ps_sub_r1,LPT,Large (141-200),200,mixed_ps_sub,256.71666666666664,18,20251102,146,BLK_146P,2,판계,1,2025-11-02 08:30:00,2025-11-02 09:05:00,35.0,,공통,raw,
b200_mixed_ps_sub_r1,LPT,Large (141-200),200,mixed_ps_sub,256.71666666666664,18,20251102,146,BLK_146P,2,전면SAW,2,2025-11-02 09:15:15,2025-11-02 11:37:34,142.3,,공통,raw,
b200_mixed_ps_sub_r1,LPT,Large (141-200),200,mixed_ps_sub,256.71666666666664,18,20251102,146,BLK_146P,2,TurnOver,3,2025-11-02 11:37:34,2025-11-02 11:49:34,12.0,,공통,raw,
b200_mixed_ps_sub_r1,LPT,Large (141-200),200,mixed_ps_sub,256.71666666666664,18,20251102,146,BLK_146P,2,후면SAW,4,2025-11-02 11:49:34,2025-11-02 13:33:33,104.0,,공통,raw,
b200_mixed_ps_sub_r1,LPT,Large (141-200),200,mixed_ps_sub,256.71666666666664,18,20251102,146,BLK_146P,2,NC,5,2025-11-02 13:33:33,2025-11-02 14:12:57,39.4,,공통,raw,
b200_mixed_ps_sub_r1,LPT,Large (141-200),200,mixed_ps_sub,256.71666666666664,18,20251102,146,BLK_146P,2,베이35A 론지취부,6,2025-11-02 14:12:57,2025-11-02 15:01:27,48.5,35A,베이35A,raw,
b200_mixed_ps_sub_r1,LPT,Large (141-200),200,mixed_ps_sub,256.71666666666664,18,20251102,146,BLK_146P,2,베이35A 론지용접,7,2025-11-02 15:01:27,2025-11-02 15:21:03,19.6,35A,베이35A,raw,
b200_mixed_ps_sub_r1,LPT,Large (141-200),200,mixed_ps_sub,256.71666666666664,18,20251102,146,BLK_146P,2,베이35A 수정,8,2025-11-02 15:21:03,2025-11-02 15:50:15,29.2,35A,베이35A,raw,
b200_mixed_ps_sub_r1,LPT,Large (141-200),200,mixed_ps_sub,256.71666666666664,18,20251102,183,BLK_147S,3,판계,1,2025-11-02 09:05:00,2025-11-02 09:35:00,30.0,,공통,raw,
b200_mixed_ps_sub_r1,LPT,Large (141-200),200,mixed_ps_sub,256.71666666666664,18,20251102,183,BLK_147S,3,전면SAW,2,2025-11-02 11:37:34,2025-11-02 12:22:49,45.2,,공통,raw,
b200_mixed_ps_sub_r1,LPT,Large (141-200),200,mixed_ps_sub,256.71666666666664,18,20251102,183,BLK_147S,3,TurnOver,3,2025-11-02 12:22:49,2025-11-02 12:34:49,12.0,,공통,raw,
b200_mixed_ps_sub_r1,LPT,Large (141-200),200,mixed_ps_sub,256.71666666666664,18,20251102,183,BLK_147S,3,후면SAW,4,2025-11-02 13:33:33,2025-11-02 14:11:58,38.4,,공통,raw,
b200_mixed_ps_sub_r1,LPT,Large (141-200),200,mixed_ps_sub,256.71666666666664,18,20251102,183,BLK_147S,3,NC,5,2025-11-02 14:12:57,2025-11-02 14:57:16,44.3,,공통,raw,
b200_mixed_ps_sub_r1,LPT,Large (141-200),200,mixed_ps_sub,256.71666666666664,18,20251102,183,BLK_147S,3,베이36B 론지취부,6,2025-11-02 14:57:16,2025-11-02 16:13:46,76.5,36B,베이36B,raw,
b200_mixed_ps_sub_r1,LPT,Large (141-200),200,mixed_ps_sub,256.71666666666664,18,20251102,183,BLK_147S,3,베이36B 론지용접,7,2025-11-02 16:13:46,2025-11-02 16:38:10,24.4,36B,베이36B,raw,
b200_mixed_ps_sub_r1,LPT,Large (141-200),200,mixed_ps_sub,256.71666666666664,18,20251102,183,BLK_147S,3,베이36B 수정,8,2025-11-02 16:38:10,2025-11-02 17:24:58,46.8,36B,베이36B,raw,
b200_mixed_ps_sub_r1,LPT,Large (141-200),200,mixed_ps_sub,256.71666666666664,18,20251102,159,BLK_159P,4,판계,1,2025-11-02 09:35:00,2025-11-02 10:13:00,38.0,,공통,raw,
b200_mixed_ps_sub_r1,LPT,Large (141-200),200,mixed_ps_sub,256.71666666666664,18,20251102,159,BLK_159P,4,전면SAW,2,2025-11-02 12:22:49,2025-11-02 14:06:01,103.2,,공통,raw,
b200_mixed_ps_sub_r1,LPT,Large (141-200),200,mixed_ps_sub,256.71666666666664,18,20251102,159,BLK_159P,4,TurnOver,3,2025-11-02 14:06:01,2025-11-02 14:18:01,12.0,,공통,raw,
b200_mixed_ps_sub_r1,LPT,Large (141-200),200,mixed_ps_sub,256.71666666666664,18,20251102,159,BLK_159P,4,후면SAW,4,2025-11-02 14:18:01,2025-11-02 16:00:21,102.3,,공통,raw,
b200_mixed_ps_sub_r1,LPT,Large (141-200),200,mixed_ps_sub,256.71666666666664,18,20251102,159,BLK_159P,4,NC,5,2025-11-02 16:00:21,2025-11-02 16:46:57,46.6,,공통,raw,
b200_mixed_ps_sub_r1,LPT,Large (141-200),200,mixed_ps_sub,256.71666666666664,18,20251102,159,BLK_159P,4,베이35A 론지취부,6,2025-11-02 16:46:57,2025-11-02 17:49:27,62.5,35A,베이35A,raw,
b200_mixed_ps_sub_r1,LPT,Large (141-200),200,mixed_ps_sub,256.71666666666664,18,20251102,159,BLK_159P,4,베이35A 론지용접,7,2025-11-02 17:49:27,2025-11-02 18:11:27,22.0,35A,베이35A,raw,
b200_mixed_ps_sub_r1,LPT,Large (141-200),200,mixed_ps_sub,256.71666666666664,18,20251102,159,BLK_159P,4,베이35A 수정,8,2025-11-02 18:11:27,2025-11-02 18:49:27,38.0,35A,베이35A,raw,
b200_mixed_ps_sub_r1,LPT,Large (141-200),200,mixed_ps_sub,256.71666666666664,18,20251102,182,BLK_159S,5,판계,1,2025-11-02 10:13:00,2025-11-02 10:51:00,38.0,,공통,raw,
b200_mixed_ps_sub_r1,LPT,Large (141-200),200,mixed_ps_sub,256.71666666666664,18,20251102,182,BLK_159S,5,전면SAW,2,2025-11-02 14:06:01,2025-11-02 15:49:13,103.2,,공통,raw,
b200_mixed_ps_sub_r1,LPT,Large (141-200),200,mixed_ps_sub,256.71666666666664,18,20251102,182,BLK_159S,5,TurnOver,3,2025-11-02 15:49:13,2025-11-02 16:01:13,12.0,,공통,raw,
b200_mixed_ps_sub_r1,LPT,Large (141-200),200,mixed_ps_sub,256.71666666666664,18,20251102,182,BLK_159S,5,후면SAW,4,2025-11-02 16:01:13,2025-11-02 17:43:33,102.3,,공통,raw,
b200_mixed_ps_sub_r1,LPT,Large (141-200),200,mixed_ps_sub,256.71666666666664,18,20251102,182,BLK_159S,5,NC,5,2025-11-02 17:43:33,2025-11-02 18:30:09,46.6,,공통,raw,
b200_mixed_ps_sub_r1,LPT,Large (141-200),200,mixed_ps_sub,256.71666666666664,18,20251102,182,BLK_159S,5,베이36B 론지취부,6,2025-11-02 18:30:09,2025-11-02 19:32:39,62.5,36B,베이36B,raw,
b200_mixed_ps_sub_r1,LPT,Large (141-200),200,mixed_ps_sub,256.71666666666664,18,20251102,182,BLK_159S,5,베이36B 론지용접,7,2025-11-02 19:32:39,2025-11-02 19:54:39,22.0,36B,베이36B,raw,
b200_mixed_ps_sub_r1,LPT,Large (141-200),200,mixed_ps_sub,256.71666666666664,18,20251102,182,BLK_159S,5,베이36B 수정,8,2025-11-02 19:54:39,2025-11-02 20:32:39,38.0,36B,베이36B,raw,
b200_mixed_ps_sub_r1,LPT,Large (141-200),200,mixed_ps_sub,256.71666666666664,18,20251102,34,BLK_34C,6,판계,1,2025-11-02 10:51:00,2025-11-02 11:16:00,25.0,,공통,raw,
b200_mixed_ps_sub_r1,LPT,Large (141-200),200,mixed_ps_sub,256.71666666666664,18,20251102,34,BLK_34C,6,전면SAW,2,2025-11-02 15:49:13,2025-11-02 16:35:51,46.6,,공통,raw,
b200_mixed_ps_sub_r1,LPT,Large (141-200),200,mixed_ps_sub,256.71666666666664,18,20251102,34,BLK_34C,6,TurnOver,3,2025-11-02 16:35:51,2025-11-02 16:47:51,12.0,,공통,raw,
b200_mixed_ps_sub_r1,LPT,Large (141-200),200,mixed_ps_sub,256.71666666666664,18,20251102,34,BLK_34C,6,후면SAW,4,2025-11-02 17:43:33,2025-11-02 18:23:48,40.2,,공통,raw,
b200_mixed_ps_sub_r1,LPT,Large (141-200),200,mixed_ps_sub,256.71666666666664,18,20251102,34,BLK_34C,6,NC,5,2025-11-02 18:30:09,2025-11-02 19:05:58,35.8,,공통,raw,
b200_mixed_ps_sub_r1,LPT,Large (141-200),200,mixed_ps_sub,256.71666666666664,18,20251102,34,BLK_34C,6,베이35A 론지취부,6,2025-11-02 19:05:58,2025-11-02 20:25:58,80.0,35A,베이35A,raw,
b200_mixed_ps_sub_r1,LPT,Large (141-200),200,mixed_ps_sub,256.71666666666664,18,20251102,34,BLK_34C,6,베이35A 론지용접,7,2025-11-02 20:25:58,2025-11-02 20:50:58,25.0,35A,베이35A,raw,
b200_mixed_ps_sub_r1,LPT,Large (141-200),200,mixed_ps_sub,256.71666666666664,18,20251102,34,BLK_34C,6,베이35A 수정,8,2025-11-02 20:50:58,2025-11-02 21:39:58,49.0,35A,베이35A,raw,
b200_mixed_ps_sub_r1,LPT,Large (141-200),200,mixed_ps_sub,256.71666666666664,18,20251102,148,BLK_148C,7,판계,1,2025-11-02 11:16:00,2025-11-02 11:54:00,38.0,,공통,raw,
b200_mixed_ps_sub_r1,LPT,Large (141-200),200,mixed_ps_sub,256.71666666666664,18,20251102,148,BLK_148C,7,전면SAW,2,2025-11-02 16:35:51,2025-11-02 18:30:41,114.8,,공통,raw,
b200_mixed_ps_sub_r1,LPT,Large (141-200),200,mixed_ps_sub,256.71666666666664,18,20251102,148,BLK_148C,7,TurnOver,3,2025-11-02 18:30:41,2025-11-02 18:42:41,12.0,,공통,raw,
b200_mixed_ps_sub_r1,LPT,Large (141-200),200,mixed_ps_sub,256.71666666666664,18,20251102,148,BLK_148C,7,후면SAW,4,2025-11-02 18:42:41,2025-11-02 20:15:09,92.5,,공통,raw,
b200_mixed_ps_sub_r1,LPT,Large (141-200),200,mixed_ps_sub,256.71666666666664,18,20251102,148,BLK_148C,7,NC,5,2025-11-02 20:15:09,2025-11-02 21:01:47,46.6,,공통,raw,
b200_mixed_ps_sub_r1,LPT,Large (141-200),200,mixed_ps_sub,256.71666666666664,18,20251102,148,BLK_148C,7,베이36B 론지취부,6,2025-11-02 21:01:47,2025-11-02 22:00:47,59.0,36B,베이36B,raw,
b200_mixed_ps_sub_r1,LPT,Large (141-200),200,mixed_ps_sub,256.71666666666664,18,20251102,148,BLK_148C,7,베이36B 론지용접,7,2025-11-02 22:00:47,2025-11-02 22:22:11,21.4,36B,베이36B,raw,
b200_mixed_ps_sub_r1,LPT,Large (141-200),200,mixed_ps_sub,256.71666666666664,18,20251102,148,BLK_148C,7,베이36B 수정,8,2025-11-02 22:22:11,2025-11-02 22:57:59,35.8,36B,베이36B,raw,
b200_mixed_ps_sub_r1,LPT,Large (141-200),200,mixed_ps_sub,256.71666666666664,18,20251102,131,BLK_131P,8,판계,1,2025-11-02 11:54:00,2025-11-02 12:24:00,30.0,,공통,raw,
b200_mixed_ps_sub_r1,LPT,Large (141-200),200,mixed_ps_sub,256.71666666666664,18,20251102,131,BLK_131P,8,전면SAW,2,2025-11-02 18:30:41,2025-11-02 19:13:55,43.2,,공통,raw,
b200_mixed_ps_sub_r1,LPT,Large (141-200),200,mixed_ps_sub,256.71666666666664,18,20251102,131,BLK_131P,8,TurnOver,3,2025-11-02 19:13:55,2025-11-02 19:25:55,12.0,,공통,raw,
b200_mixed_ps_sub_r1,LPT,Large (141-200),200,mixed_ps_sub,256.71666666666664,18,20251102,131,BLK_131P,8,후면SAW,4,2025-11-02 20:15:09,2025-11-02 20:50:55,35.8,,공통,raw,
b200_mixed_ps_sub_r1,LPT,Large (141-200),200,mixed_ps_sub,256.71666666666664,18,20251102,131,BLK_131P,8,NC,5,2025-11-02 21:01:47,2025-11-02 21:45:34,43.8,,공통,raw,
b200_mixed_ps_sub_r1,LPT,Large (141-200),200,mixed_ps_sub,256.71666666666664,18,20251102,131,BLK_131P,8,베이35A 론지취부,6,2025-11-02 21:45:34,2025-11-02 23:02:04,76.5,35A,베이35A,raw,
b200_mixed_ps_sub_r1,LPT,Large (141-200),200,mixed_ps_sub,256.71666666666664,18,20251102,131,BLK_131P,8,베이35A 론지용접,7,2025-11-02 23:02:04,2025-11-02 23:26:28,24.4,35A,베이35A,raw,
b200_mixed_ps_sub_r1,LPT,Large (141-200),200,mixed_ps_sub,256.71666666666664,18,20251102,131,BLK_131P,8,베이35A 수정,8,2025-11-02 23:26:28,2025-11-03 00:13:16,46.8,35A,베이35A,raw,
b200_mixed_ps_sub_r1,LPT,Large (141-200),200,mixed_ps_sub,256.71666666666664,18,20251102,132,BLK_132C,9,판계,1,2025-11-02 12:24:00,2025-11-02 12:57:00,33.0,,공통,raw,
b200_mixed_ps_sub_r1,LPT,Large (141-200),200,mixed_ps_sub,256.71666666666664,18,20251102,132,BLK_132C,9,전면SAW,2,2025-11-02 19:13:55,2025-11-02 21:04:55,111.0,,공통,raw,
b200_mixed_ps_sub_r1,LPT,Large (141-200),200,mixed_ps_sub,256.71666666666664,18,20251102,132,BLK_132C,9,TurnOver,3,2025-11-02 21:04:55,2025-11-02 21:16:55,12.0,,공통,raw,
b200_mixed_ps_sub_r1,LPT,Large (141-200),200,mixed_ps_sub,256.71666666666664,18,20251102,132,BLK_132C,9,후면SAW,4,2025-11-02 21:16:55,2025-11-02 22:45:54,89.0,,공통,raw,
b200_mixed_ps_sub_r1,LPT,Large (141-200),200,mixed_ps_sub,256.71666666666664,18,20251102,132,BLK_132C,9,NC,5,2025-11-02 22:45:54,2025-11-02 23:26:06,40.2,,공통,raw,
b200_mixed_ps_sub_r1,LPT,Large (141-200),200,mixed_ps_sub,256.71666666666664,18,20251102,132,BLK_132C,9,베이36B 론지취부,6,2025-11-02 23:26:06,2025-11-03 00:32:06,66.0,36B,베이36B,raw,
b200_mixed_ps_sub_r1,LPT,Large (141-200),200,mixed_ps_sub,256.71666666666664,18,20251102,132,BLK_132C,9,베이36B 론지용접,7,2025-11-03 00:32:06,2025-11-03 00:54:42,22.6,36B,베이36B,raw,
b200_mixed_ps_sub_r1,LPT,Large (141-200),200,mixed_ps_sub,256.71666666666664,18,20251102,132,BLK_132C,9,베이36B 수정,8,2025-11-03 00:54:42,2025-11-03 01:34:54,40.2,36B,베이36B,raw,
b200_mixed_ps_sub_r1,LPT,Large (141-200),200,mixed_ps_sub,256.71666666666664,18,20251102,79,BLK_79C,10,판계,1,2025-11-02 12:57:00,2025-11-02 13:27:00,30.0,,공통,raw,
b200_mixed_ps_sub_r1,LPT,Large (141-200),200,mixed_ps_sub,256.71666666666664,18,20251102,79,BLK_79C,10,전면SAW,2,2025-11-02 21:04:55,2025-11-02 21:35:18,30.4,,공통,raw,
b200_mixed_ps_sub_r1,LPT,Large (141-200),200,mixed_ps_sub,256.71666666666664,18,20251102,79,BLK_79C,10,TurnOver,3,2025-11-02 21:35:18,2025-11-02 21:47:18,12.0,,공통,raw,
b200_mixed_ps_sub_r1,LPT,Large (141-200),200,mixed_ps_sub,256.71666666666664,18,20251102,79,BLK_79C,10,후면SAW,4,2025-11-02 22:45:54,2025-11-02 23:04:44,18.8,,공통,raw,
b200_mixed_ps_sub_r1,LPT,Large (141-200),200,mixed_ps_sub,256.71666666666664,18,20251102,79,BLK_79C,10,NC,5,2025-11-02 23:26:06,2025-11-03 00:14:29,48.4,,공통,raw,
b200_mixed_ps_sub_r1,LPT,Large (141-200),200,mixed_ps_sub,256.71666666666664,18,20251102,79,BLK_79C,10,베이36B 론지취부,6,2025-11-03 00:32:06,2025-11-03 01:59:06,87.0,36B,베이36B,raw,
b200_mixed_ps_sub_r1,LPT,Large (141-200),200,mixed_ps_sub,256.71666666666664,18,20251102,79,BLK_79C,10,베이36B 론지용접,7,2025-11-03 01:59:06,2025-11-03 02:25:18,26.2,36B,베이36B,raw,
b200_mixed_ps_sub_r1,LPT,Large (141-200),200,mixed_ps_sub,256.71666666666664,18,20251102,79,BLK_79C,10,베이36B 수정,8,2025-11-03 02:25:18,2025-11-03 03:18:42,53.4,36B,베이36B,raw,
b200_mixed_ps_sub_r1,LPT,Large (141-200),200,mixed_ps_sub,256.71666666666664,18,20251102,101,BLK_101C,11,판계,1,2025-11-02 13:27:00,2025-11-02 13:54:00,27.0,,공통,raw,
b200_mixed_ps_sub_r1,LPT,Large (141-200),200,mixed_ps_sub,256.71666666666664,18,20251102,101,BLK_101C,11,전면SAW,2,2025-11-02 21:35:18,2025-11-02 23:48:37,133.3,,공통,raw,
b200_mixed_ps_sub_r1,LPT,Large (141-200),200,mixed_ps_sub,256.71666666666664,18,20251102,101,BLK_101C,11,TurnOver,3,2025-11-02 23:48:37,2025-11-03 00:00:37,12.0,,공통,raw,
b200_mixed_ps_sub_r1,LPT,Large (141-200),200,mixed_ps_sub,256.71666666666664,18,20251102,101,BLK_101C,11,후면SAW,4,2025-11-03 00:00:37,2025-11-03 01:37:23,96.8,,공통,raw,
b200_mixed_ps_sub_r1,LPT,Large (141-200),200,mixed_ps_sub,256.71666666666664,18,20251102,101,BLK_101C,11,NC,5,2025-11-03 01:37:23,2025-11-03 02:08:35,31.2,,공통,raw,
b200_mixed_ps_sub_r1,LPT,Large (141-200),200,mixed_ps_sub,256.71666666666664,18,20251102,101,BLK_101C,11,베이35A 론지취부,6,2025-11-03 02:08:35,2025-11-03 02:46:35,38.0,35A,베이35A,raw,
b200_mixed_ps_sub_r1,LPT,Large (141-200),200,mixed_ps_sub,256.71666666666664,18,20251102,101,BLK_101C,11,베이35A 론지용접,7,2025-11-03 02:46:35,2025-11-03 03:00:23,13.8,35A,베이35A,raw,
b200_mixed_ps_sub_r1,LPT,Large (141-200),200,mixed_ps_sub,256.71666666666664,18,20251102,101,BLK_101C,11,베이35A 수정,8,2025-11-03 03:00:23,2025-11-03 03:22:59,22.6,35A,베이35A,raw,
b200_mixed_ps_sub_r1,LPT,Large (141-200),200,mixed_ps_sub,256.71666666666664,18,20251103,122,BLK_122C,1,판계,1,2025-11-03 08:00:00,2025-11-03 08:45:00,45.0,,공통,raw,
b200_mixed_ps_sub_r1,LPT,Large (141-200),200,mixed_ps_sub,256.71666666666664,18,20251103,122,BLK_122C,1,전면SAW,2,2025-11-03 08:45:00,2025-11-03 09:24:46,39.8,,공통,raw,
b200_mixed_ps_sub_r1,LPT,Large (141-200),200,mixed_ps_sub,256.71666666666664,18,20251103,122,BLK_122C,1,TurnOver,3,2025-11-03 09:24:46,2025-11-03 09:36:46,12.0,,공통,raw,
b200_mixed_ps_sub_r1,LPT,Large (141-200),200,mixed_ps_sub,256.71666666666664,18,20251103,122,BLK_122C,1,후면SAW,4,2025-11-03 09:36:46,2025-11-03 10:07:58,31.2,,공통,raw,
b200_mixed_ps_sub_r1,LPT,Large (141-200),200,mixed_ps_sub,256.71666666666664,18,20251103,122,BLK_122C,1,NC,5,2025-11-03 10:07:58,2025-11-03 11:02:38,54.7,,공통,raw,
b200_mixed_ps_sub_r1,LPT,Large (141-200),200,mixed_ps_sub,256.71666666666664,18,20251103,122,BLK_122C,1,베이36B 론지취부,6,2025-11-03 11:02:38,2025-11-03 12:05:08,62.5,36B,베이36B,raw,
b200_mixed_ps_sub_r1,LPT,Large (141-200),200,mixed_ps_sub,256.71666666666664,18,20251103,122,BLK_122C,1,베이36B 론지용접,7,2025-11-03 12:05:08,2025-11-03 12:27:08,22.0,36B,베이36B,raw,
b200_mixed_ps_sub_r1,LPT,Large (141-200),200,mixed_ps_sub,256.71666666666664,18,20251103,122,BLK_122C,1,베이36B 수정,8,2025-11-03 12:27:08,2025-11-03 13:05:08,38.0,36B,베이36B,raw,
b200_mixed_ps_sub_r1,LPT,Large (141-200),200,mixed_ps_sub,256.71666666666664,18,20251103,54,BLK_54S,2,판계,1,2025-11-03 08:45:00,2025-11-03 09:15:00,30.0,,공통,raw,
b200_mixed_ps_sub_r1,LPT,Large (141-200),200,mixed_ps_sub,256.71666666666664,18,20251103,54,BLK_54S,2,전면SAW,2,2025-11-03 09:24:46,2025-11-03 11:17:15,112.5,,공통,raw,
b200_mixed_ps_sub_r1,LPT,Large (141-200),200,mixed_ps_sub,256.71666666666664,18,20251103,54,BLK_54S,2,TurnOver,3,2025-11-03 11:17:15,2025-11-03 11:29:15,12.0,,공통,raw,
b200_mixed_ps_sub_r1,LPT,Large (141-200),200,mixed_ps_sub,256.71666666666664,18,20251103,54,BLK_54S,2,후면SAW,4,2025-11-03 11:29:15,2025-11-03 12:49:21,80.1,,공통,raw,
b200_mixed_ps_sub_r1,LPT,Large (141-200),200,mixed_ps_sub,256.71666666666664,18,20251103,54,BLK_54S,2,NC,5,2025-11-03 12:49:21,2025-11-03 13:45:06,55.8,,공통,raw,
b200_mixed_ps_sub_r1,LPT,Large (141-200),200,mixed_ps_sub,256.71666666666664,18,20251103,54,BLK_54S,2,베이35A 론지취부,6,2025-11-03 13:45:06,2025-11-03 14:47:36,62.5,35A,베이35A,raw,
b200_mixed_ps_sub_r1,LPT,Large (141-200),200,mixed_ps_sub,256.71666666666664,18,20251103,54,BLK_54S,2,베이35A 론지용접,7,2025-11-03 14:47:36,2025-11-03 15:09:36,22.0,35A,베이35A,raw,
b200_mixed_ps_sub_r1,LPT,Large (141-200),200,mixed_ps_sub,256.71666666666664,18,20251103,54,BLK_54S,2,베이35A 수정,8,2025-11-03 15:09:36,2025-11-03 15:47:36,38.0,35A,베이35A,raw,
b200_mixed_ps_sub_r1,LPT,Large (141-200),200,mixed_ps_sub,256.71666666666664,18,20251103,160,BLK_160C,3,판계,1,2025-11-03 09:15:00,2025-11-03 09:45:00,30.0,,공통,raw,
b200_mixed_ps_sub_r1,LPT,Large (141-200),200,mixed_ps_sub,256.71666666666664,18,20251103,160,BLK_160C,3,전면SAW,2,2025-11-03 11:17:15,2025-11-03 11:54:07,36.9,,공통,raw,
b200_mixed_ps_sub_r1,LPT,Large (141-200),200,mixed_ps_sub,256.71666666666664,18,20251103,160,BLK_160C,3,TurnOver,3,2025-11-03 11:54:07,2025-11-03 12:06:07,12.0,,공통,raw,
b200_mixed_ps_sub_r1,LPT,Large (141-200),200,mixed_ps_sub,256.71666666666664,18,20251103,160,BLK_160C,3,후면SAW,4,2025-11-03 12:49:21,2025-11-03 13:16:44,27.4,,공통,raw,
b200_mixed_ps_sub_r1,LPT,Large (141-200),200,mixed_ps_sub,256.71666666666664,18,20251103,160,BLK_160C,3,NC,5,2025-11-03 13:45:06,2025-11-03 14:34:25,49.3,,공통,raw,
b200_mixed_ps_sub_r1,LPT,Large (141-200),200,mixed_ps_sub,256.71666666666664,18,20251103,160,BLK_160C,3,베이36B 론지취부,6,2025-11-03 14:34:25,2025-11-03 15:50:55,76.5,36B,베이36B,raw,
b200_mixed_ps_sub_r1,LPT,Large (141-200),200,mixed_ps_sub,256.71666666666664,18,20251103,160,BLK_160C,3,베이36B 론지용접,7,2025-11-03 15:50:55,2025-11-03 16:15:19,24.4,36B,베이36B,raw,
b200_mixed_ps_sub_r1,LPT,Large (141-200),200,mixed_ps_sub,256.71666666666664,18,20251103,160,BLK_160C,3,베이36B 수정,8,2025-11-03 16:15:19,2025-11-03 17:02:07,46.8,36B,베이36B,raw,
b200_mixed_ps_sub_r1,LPT,Large (141-200),200,mixed_ps_sub,256.71666666666664,18,20251103,166,BLK_166S,4,판계,1,2025-11-03 09:45:00,2025-11-03 10:23:00,38.0,,공통,raw,
b200_mixed_ps_sub_r1,LPT,Large (141-200),200,mixed_ps_sub,256.71666666666664,18,20251103,166,BLK_166S,4,전면SAW,2,2025-11-03 11:54:07,2025-11-03 13:38:42,104.6,,공통,raw,
b200_mixed_ps_sub_r1,LPT,Large (141-200),200,mixed_ps_sub,256.71666666666664,18,20251103,166,BLK_166S,4,TurnOver,3,2025-11-03 13:38:42,2025-11-03 13:50:42,12.0,,공통,raw,
b200_mixed_ps_sub_r1,LPT,Large (141-200),200,mixed_ps_sub,256.71666666666664,18,20251103,166,BLK_166S,4,후면SAW,4,2025-11-03 13:50:42,2025-11-03 15:34:39,104.0,,공통,raw,
b200_mixed_ps_sub_r1,LPT,Large (141-200),200,mixed_ps_sub,256.71666666666664,18,20251103,166,BLK_166S,4,NC,5,2025-11-03 15:34:39,2025-11-03 16:20:21,45.7,,공통,raw,
b200_mixed_ps_sub_r1,LPT,Large (141-200),200,mixed_ps_sub,256.71666666666664,18,20251103,166,BLK_166S,4,베이35A 론지취부,6,2025-11-03 16:20:21,2025-11-03 17:08:51,48.5,35A,베이35A,raw,
b200_mixed_ps_sub_r1,LPT,Large (141-200),200,mixed_ps_sub,256.71666666666664,18,20251103,166,BLK_166S,4,베이35A 론지용접,7,2025-11-03 17:08:51,2025-11-03 17:28:27,19.6,35A,베이35A,raw,
b200_mixed_ps_sub_r1,LPT,Large (141-200),200,mixed_ps_sub,256.71666666666664,18,20251103,166,BLK_166S,4,베이35A 수정,8,2025-11-03 17:28:27,2025-11-03 17:57:39,29.2,35A,베이35A,raw,
b200_mixed_ps_sub_r1,LPT,Large (141-200),200,mixed_ps_sub,256.71666666666664,18,20251103,142,BLK_142P,5,판계,1,2025-11-03 10:23:00,2025-11-03 10:53:00,30.0,,공통,raw,
b200_mixed_ps_sub_r1,LPT,Large (141-200),200,mixed_ps_sub,256.71666666666664,18,20251103,142,BLK_142P,5,전면SAW,2,2025-11-03 13:38:42,2025-11-03 14:11:45,33.0,,공통,raw,
b200_mixed_ps_sub_r1,LPT,Large (141-200),200,mixed_ps_sub,256.71666666666664,18,20251103,142,BLK_142P,5,TurnOver,3,2025-11-03 14:11:45,2025-11-03 14:23:45,12.0,,공통,raw,
b200_mixed_ps_sub_r1,LPT,Large (141-200),200,mixed_ps_sub,256.71666666666664,18,20251103,142,BLK_142P,5,후면SAW,4,2025-11-03 15:34:39,2025-11-03 15:57:00,22.4,,공통,raw,
b200_mixed_ps_sub_r1,LPT,Large (141-200),200,mixed_ps_sub,256.71666666666664,18,20251103,142,BLK_142P,5,NC,5,2025-11-03 16:20:21,2025-11-03 17:08:09,47.8,,공통,raw,
b200_mixed_ps_sub_r1,LPT,Large (141-200),200,mixed_ps_sub,256.71666666666664,18,20251103,142,BLK_142P,5,베이36B 론지취부,6,2025-11-03 17:08:09,2025-11-03 18:24:39,76.5,36B,베이36B,raw,
b200_mixed_ps_sub_r1,LPT,Large (141-200),200,mixed_ps_sub,256.71666666666664,18,20251103,142,BLK_142P,5,베이36B 론지용접,7,2025-11-03 18:24:39,2025-11-03 18:49:03,24.4,36B,베이36B,raw,
b200_mixed_ps_sub_r1,LPT,Large (141-200),200,mixed_ps_sub,256.71666666666664,18,20251103,142,BLK_142P,5,베이36B 수정,8,2025-11-03 18:49:03,2025-11-03 19:35:51,46.8,36B,베이36B,raw,
b200_mixed_ps_sub_r1,LPT,Large (141-200),200,mixed_ps_sub,256.71666666666664,18,20251103,64,BLK_64P,6,판계,1,2025-11-03 10:53:00,2025-11-03 11:31:00,38.0,,공통,raw,
b200_mixed_ps_sub_r1,LPT,Large (141-200),200,mixed_ps_sub,256.71666666666664,18,20251103,64,BLK_64P,6,전면SAW,2,2025-11-03 14:11:45,2025-11-03 15:38:42,87.0,,공통,raw,
b200_mixed_ps_sub_r1,LPT,Large (141-200),200,mixed_ps_sub,256.71666666666664,18,20251103,64,BLK_64P,6,TurnOver,3,2025-11-03 15:38:42,2025-11-03 15:50:42,12.0,,공통,raw,
b200_mixed_ps_sub_r1,LPT,Large (141-200),200,mixed_ps_sub,256.71666666666664,18,20251103,64,BLK_64P,6,후면SAW,4,2025-11-03 15:57:00,2025-11-03 17:04:02,67.0,,공통,raw,
b200_mixed_ps_sub_r1,LPT,Large (141-200),200,mixed_ps_sub,256.71666666666664,18,20251103,64,BLK_64P,6,NC,5,2025-11-03 17:08:09,2025-11-03 17:57:35,49.4,,공통,raw,
b200_mixed_ps_sub_r1,LPT,Large (141-200),200,mixed_ps_sub,256.71666666666664,18,20251103,64,BLK_64P,6,베이35A 론지취부,6,2025-11-03 17:57:35,2025-11-03 19:07:05,69.5,35A,베이35A,raw,
b200_mixed_ps_sub_r1,LPT,Large (141-200),200,mixed_ps_sub,256.71666666666664,18,20251103,64,BLK_64P,6,베이35A 론지용접,7,2025-11-03 19:07:05,2025-11-03 19:30:17,23.2,35A,베이35A,raw,
b200_mixed_ps_sub_r1,LPT,Large (141-200),200,mixed_ps_sub,256.71666666666664,18,20251103,64,BLK_64P,6,베이35A 수정,8,2025-11-03 19:30:17,2025-11-03 20:12:41,42.4,35A,베이35A,raw,
b200_mixed_ps_sub_r1,LPT,Large (141-200),200,mixed_ps_sub,256.71666666666664,18,20251103,62,BLK_62C,7,판계,1,2025-11-03 11:31:00,2025-11-03 11:51:00,20.0,,공통,raw,
b200_mixed_ps_sub_r1,LPT,Large (141-200),200,mixed_ps_sub,256.71666666666664,18,20251103,62,BLK_62C,7,전면SAW,2,2025-11-03 15:38:42,2025-11-03 16:23:08,44.4,,공통,raw,
b200_mixed_ps_sub_r1,LPT,Large (141-200),200,mixed_ps_sub,256.71666666666664,18,20251103,62,BLK_62C,7,TurnOver,3,2025-11-03 16:23:08,2025-11-03 16:35:08,12.0,,공통,raw,
b200_mixed_ps_sub_r1,LPT,Large (141-200),200,mixed_ps_sub,256.71666666666664,18,20251103,62,BLK_62C,7,후면SAW,4,2025-11-03 17:04:02,2025-11-03 17:41:23,37.4,,공통,raw,
b200_mixed_ps_sub_r1,LPT,Large (141-200),200,mixed_ps_sub,256.71666666666664,18,20251103,62,BLK_62C,7,NC,5,2025-11-03 17:57:35,2025-11-03 18:30:56,33.4,,공통,raw,
b200_mixed_ps_sub_r1,LPT,Large (141-200),200,mixed_ps_sub,256.71666666666664,18,20251103,62,BLK_62C,7,베이36B 론지취부,6,2025-11-03 18:30:56,2025-11-03 19:47:26,76.5,36B,베이36B,raw,
b200_mixed_ps_sub_r1,LPT,Large (141-200),200,mixed_ps_sub,256.71666666666664,18,20251103,62,BLK_62C,7,베이36B 론지용접,7,2025-11-03 19:47:26,2025-11-03 20:11:50,24.4,36B,베이36B,raw,
b200_mixed_ps_sub_r1,LPT,Large (141-200),200,mixed_ps_sub,256.71666666666664,18,20251103,62,BLK_62C,7,베이36B 수정,8,2025-11-03 20:11:50,2025-11-03 20:58:38,46.8,36B,베이36B,raw,
b200_mixed_ps_sub_r1,LPT,Large (141-200),200,mixed_ps_sub,256.71666666666664,18,20251103,42,BLK_42P,8,판계,1,2025-11-03 11:51:00,2025-11-03 12:21:00,30.0,,공통,raw,
b200_mixed_ps_sub_r1,LPT,Large (141-200),200,mixed_ps_sub,256.71666666666664,18,20251103,42,BLK_42P,8,전면SAW,2,2025-11-03 16:23:08,2025-11-03 17:41:00,77.9,,공통,raw,
b200_mixed_ps_sub_r1,LPT,Large (141-200),200,mixed_ps_sub,256.71666666666664,18,20251103,42,BLK_42P,8,TurnOver,3,2025-11-03 17:41:00,2025-11-03 17:53:00,12.0,,공통,raw,
b200_mixed_ps_sub_r1,LPT,Large (141-200),200,mixed_ps_sub,256.71666666666664,18,20251103,42,BLK_42P,8,후면SAW,4,2025-11-03 17:53:00,2025-11-03 18:51:45,58.8,,공통,raw,
b200_mixed_ps_sub_r1,LPT,Large (141-200),200,mixed_ps_sub,256.71666666666664,18,20251103,42,BLK_42P,8,NC,5,2025-11-03 18:51:45,2025-11-03 19:44:01,52.3,,공통,raw,
b200_mixed_ps_sub_r1,LPT,Large (141-200),200,mixed_ps_sub,256.71666666666664,18,20251103,42,BLK_42P,8,베이35A 론지취부,6,2025-11-03 19:44:01,2025-11-03 21:00:31,76.5,35A,베이35A,raw,
b200_mixed_ps_sub_r1,LPT,Large (141-200),200,mixed_ps_sub,256.71666666666664,18,20251103,42,BLK_42P,8,베이35A 론지용접,7,2025-11-03 21:00:31,2025-11-03 21:24:55,24.4,35A,베이35A,raw,
b200_mixed_ps_sub_r1,LPT,Large (141-200),200,mixed_ps_sub,256.71666666666664,18,20251103,42,BLK_42P,8,베이35A 수정,8,2025-11-03 21:24:55,2025-11-03 22:11:43,46.8,35A,베이35A,raw,
b200_mixed_ps_sub_r1,LPT,Large (141-200),200,mixed_ps_sub,256.71666666666664,18,20251103,189,BLK_142S,9,판계,1,2025-11-03 12:21:00,2025-11-03 12:51:00,30.0,,공통,raw,
b200_mixed_ps_sub_r1,LPT,Large (141-200),200,mixed_ps_sub,256.71666666666664,18,20251103,189,BLK_142S,9,전면SAW,2,2025-11-03 17:41:00,2025-11-03 18:14:03,33.0,,공통,raw,
b200_mixed_ps_sub_r1,LPT,Large (141-200),200,mixed_ps_sub,256.71666666666664,18,20251103,189,BLK_142S,9,TurnOver,3,2025-11-03 18:14:03,2025-11-03 18:26:03,12.0,,공통,raw,
b200_mixed_ps_sub_r1,LPT,Large (141-200),200,mixed_ps_sub,256.71666666666664,18,20251103,189,BLK_142S,9,후면SAW,4,2025-11-03 18:51:45,2025-11-03 19:14:06,22.4,,공통,raw,
b200_mixed_ps_sub_r1,LPT,Large (141-200),200,mixed_ps_sub,256.71666666666664,18,20251103,189,BLK_142S,9,NC,5,2025-11-03 19:44:01,2025-11-03 20:31:49,47.8,,공통,raw,
b200_mixed_ps_sub_r1,LPT,Large (141-200),200,mixed_ps_sub,256.71666666666664,18,20251103,189,BLK_142S,9,베이36B 론지취부,6,2025-11-03 20:31:49,2025-11-03 21:48:19,76.5,36B,베이36B,raw,
b200_mixed_ps_sub_r1,LPT,Large (141-200),200,mixed_ps_sub,256.71666666666664,18,20251103,189,BLK_142S,9,베이36B 론지용접,7,2025-11-03 21:48:19,2025-11-03 22:12:43,24.4,36B,베이36B,raw,
b200_mixed_ps_sub_r1,LPT,Large (141-200),200,mixed_ps_sub,256.71666666666664,18,20251103,189,BLK_142S,9,베이36B 수정,8,2025-11-03 22:12:43,2025-11-03 22:59:31,46.8,36B,베이36B,raw,
b200_mixed_ps_sub_r1,LPT,Large (141-200),200,mixed_ps_sub,256.71666666666664,18,20251103,110,BLK_110S,10,판계,1,2025-11-03 12:51:00,2025-11-03 13:29:00,38.0,,공통,raw,
b200_mixed_ps_sub_r1,LPT,Large (141-200),200,mixed_ps_sub,256.71666666666664,18,20251103,110,BLK_110S,10,전면SAW,2,2025-11-03 18:14:03,2025-11-03 19:53:13,99.2,,공통,raw,
b200_mixed_ps_sub_r1,LPT,Large (141-200),200,mixed_ps_sub,256.71666666666664,18,20251103,110,BLK_110S,10,TurnOver,3,2025-11-03 19:53:13,2025-11-03 20:05:13,12.0,,공통,raw,
b200_mixed_ps_sub_r1,LPT,Large (141-200),200,mixed_ps_sub,256.71666666666664,18,20251103,110,BLK_110S,10,후면SAW,4,2025-11-03 20:05:13,2025-11-03 21:23:24,78.2,,공통,raw,
b200_mixed_ps_sub_r1,LPT,Large (141-200),200,mixed_ps_sub,256.71666666666664,18,20251103,110,BLK_110S,10,NC,5,2025-11-03 21:23:24,2025-11-03 22:08:58,45.6,,공통,raw,
b200_mixed_ps_sub_r1,LPT,Large (141-200),200,mixed_ps_sub,256.71666666666664,18,20251103,110,BLK_110S,10,베이35A 론지취부,6,2025-11-03 22:08:58,2025-11-03 23:00:58,52.0,35A,베이35A,raw,
b200_mixed_ps_sub_r1,LPT,Large (141-200),200,mixed_ps_sub,256.71666666666664,18,20251103,110,BLK_110S,10,베이35A 론지용접,7,2025-11-03 23:00:58,2025-11-03 23:21:10,20.2,35A,베이35A,raw,
b200_mixed_ps_sub_r1,LPT,Large (141-200),200,mixed_ps_sub,256.71666666666664,18,20251103,110,BLK_110S,10,베이35A 수정,8,2025-11-03 23:21:10,2025-11-03 23:52:34,31.4,35A,베이35A,raw,
b200_mixed_ps_sub_r1,LPT,Large (141-200),200,mixed_ps_sub,256.71666666666664,18,20251103,96,BLK_96P,11,판계,1,2025-11-03 13:29:00,2025-11-03 13:59:00,30.0,,공통,raw,
b200_mixed_ps_sub_r1,LPT,Large (141-200),200,mixed_ps_sub,256.71666666666664,18,20251103,96,BLK_96P,11,전면SAW,2,2025-11-03 19:53:13,2025-11-03 20:41:25,48.2,,공통,raw,
b200_mixed_ps_sub_r1,LPT,Large (141-200),200,mixed_ps_sub,256.71666666666664,18,20251103,96,BLK_96P,11,TurnOver,3,2025-11-03 20:41:25,2025-11-03 20:53:25,12.0,,공통,raw,
b200_mixed_ps_sub_r1,LPT,Large (141-200),200,mixed_ps_sub,256.71666666666664,18,20251103,96,BLK_96P,11,후면SAW,4,2025-11-03 21:23:24,2025-11-03 22:05:43,42.3,,공통,raw,
b200_mixed_ps_sub_r1,LPT,Large (141-200),200,mixed_ps_sub,256.71666666666664,18,20251103,96,BLK_96P,11,NC,5,2025-11-03 22:08:58,2025-11-03 22:50:33,41.6,,공통,raw,
b200_mixed_ps_sub_r1,LPT,Large (141-200),200,mixed_ps_sub,256.71666666666664,18,20251103,96,BLK_96P,11,베이36B 론지취부,6,2025-11-03 22:50:33,2025-11-03 23:49:33,59.0,36B,베이36B,raw,
b200_mixed_ps_sub_r1,LPT,Large (141-200),200,mixed_ps_sub,256.71666666666664,18,20251103,96,BLK_96P,11,베이36B 론지용접,7,2025-11-03 23:49:33,2025-11-04 00:10:57,21.4,36B,베이36B,raw,
b200_mixed_ps_sub_r1,LPT,Large (141-200),200,mixed_ps_sub,256.71666666666664,18,20251103,96,BLK_96P,11,베이36B 수정,8,2025-11-04 00:10:57,2025-11-04 00:46:45,35.8,36B,베이36B,raw,
b200_mixed_ps_sub_r1,LPT,Large (141-200),200,mixed_ps_sub,256.71666666666664,18,20251103,140,BLK_140S,12,판계,1,2025-11-03 13:59:00,2025-11-03 14:32:00,33.0,,공통,raw,
b200_mixed_ps_sub_r1,LPT,Large (141-200),200,mixed_ps_sub,256.71666666666664,18,20251103,140,BLK_140S,12,전면SAW,2,2025-11-03 20:41:25,2025-11-03 22:22:14,100.8,,공통,raw,
b200_mixed_ps_sub_r1,LPT,Large (141-200),200,mixed_ps_sub,256.71666666666664,18,20251103,140,BLK_140S,12,TurnOver,3,2025-11-03 22:22:14,2025-11-03 22:34:14,12.0,,공통,raw,
b200_mixed_ps_sub_r1,LPT,Large (141-200),200,mixed_ps_sub,256.71666666666664,18,20251103,140,BLK_140S,12,후면SAW,4,2025-11-03 22:34:14,2025-11-03 23:53:54,79.7,,공통,raw,
b200_mixed_ps_sub_r1,LPT,Large (141-200),200,mixed_ps_sub,256.71666666666664,18,20251103,140,BLK_140S,12,NC,5,2025-11-03 23:53:54,2025-11-04 00:33:53,40.0,,공통,raw,
b200_mixed_ps_sub_r1,LPT,Large (141-200),200,mixed_ps_sub,256.71666666666664,18,20251103,140,BLK_140S,12,베이35A 론지취부,6,2025-11-04 00:33:53,2025-11-04 01:25:53,52.0,35A,베이35A,raw,
b200_mixed_ps_sub_r1,LPT,Large (141-200),200,mixed_ps_sub,256.71666666666664,18,20251103,140,BLK_140S,12,베이35A 론지용접,7,2025-11-04 01:25:53,2025-11-04 01:46:05,20.2,35A,베이35A,raw,
b200_mixed_ps_sub_r1,LPT,Large (141-200),200,mixed_ps_sub,256.71666666666664,18,20251103,140,BLK_140S,12,베이35A 수정,8,2025-11-04 01:46:05,2025-11-04 02:17:29,31.4,35A,베이35A,raw,
b200_mixed_ps_sub_r1,LPT,Large (141-200),200,mixed_ps_sub,256.71666666666664,18,20251103,172,BLK_172P,13,판계,1,2025-11-03 14:32:00,2025-11-03 15:02:00,30.0,,공통,raw,
b200_mixed_ps_sub_r1,LPT,Large (141-200),200,mixed_ps_sub,256.71666666666664,18,20251103,172,BLK_172P,13,전면SAW,2,2025-11-03 22:22:14,2025-11-03 22:53:16,31.0,,공통,raw,
b200_mixed_ps_sub_r1,LPT,Large (141-200),200,mixed_ps_sub,256.71666666666664,18,20251103,172,BLK_172P,13,TurnOver,3,2025-11-03 22:53:16,2025-11-03 23:05:16,12.0,,공통,raw,
b200_mixed_ps_sub_r1,LPT,Large (141-200),200,mixed_ps_sub,256.71666666666664,18,20251103,172,BLK_172P,13,후면SAW,4,2025-11-03 23:53:54,2025-11-04 00:13:37,19.7,,공통,raw,
b200_mixed_ps_sub_r1,LPT,Large (141-200),200,mixed_ps_sub,256.71666666666664,18,20251103,172,BLK_172P,13,NC,5,2025-11-04 00:33:53,2025-11-04 01:14:05,40.2,,공통,raw,
b200_mixed_ps_sub_r1,LPT,Large (141-200),200,mixed_ps_sub,256.71666666666664,18,20251103,172,BLK_172P,13,베이36B 론지취부,6,2025-11-04 01:14:05,2025-11-04 02:34:05,80.0,36B,베이36B,raw,
b200_mixed_ps_sub_r1,LPT,Large (141-200),200,mixed_ps_sub,256.71666666666664,18,20251103,172,BLK_172P,13,베이36B 론지용접,7,2025-11-04 02:34:05,2025-11-04 02:59:05,25.0,36B,베이36B,raw,
b200_mixed_ps_sub_r1,LPT,Large (141-200),200,mixed_ps_sub,256.71666666666664,18,20251103,172,BLK_172P,13,베이36B 수정,8,2025-11-04 02:59:05,2025-11-04 03:48:05,49.0,36B,베이36B,raw,
b200_mixed_ps_sub_r1,LPT,Large (141-200),200,mixed_ps_sub,256.71666666666664,18,20251103,180,BLK_180C,14,판계,1,2025-11-03 15:02:00,2025-11-03 15:30:00,28.0,,공통,raw,
b200_mixed_ps_sub_r1,LPT,Large (141-200),200,mixed_ps_sub,256.71666666666664,18,20251103,180,BLK_180C,14,전면SAW,2,2025-11-03 22:53:16,2025-11-04 00:40:18,107.0,,공통,raw,
b200_mixed_ps_sub_r1,LPT,Large (141-200),200,mixed_ps_sub,256.71666666666664,18,20251103,180,BLK_180C,14,TurnOver,3,2025-11-04 00:40:18,2025-11-04 00:52:18,12.0,,공통,raw,
b200_mixed_ps_sub_r1,LPT,Large (141-200),200,mixed_ps_sub,256.71666666666664,18,20251103,180,BLK_180C,14,후면SAW,4,2025-11-04 00:52:18,2025-11-04 02:39:05,106.8,,공통,raw,
b200_mixed_ps_sub_r1,LPT,Large (141-200),200,mixed_ps_sub,256.71666666666664,18,20251103,180,BLK_180C,14,NC,5,2025-11-04 02:39:05,2025-11-04 03:11:11,32.1,,공통,raw,
b200_mixed_ps_sub_r1,LPT,Large (141-200),200,mixed_ps_sub,256.71666666666664,18,20251103,180,BLK_180C,14,베이35A 론지취부,6,2025-11-04 03:11:11,2025-11-04 03:52:41,41.5,35A,베이35A,raw,
b200_mixed_ps_sub_r1,LPT,Large (141-200),200,mixed_ps_sub,256.71666666666664,18,20251103,180,BLK_180C,14,베이35A 론지용접,7,2025-11-04 03:52:41,2025-11-04 04:07:05,14.4,35A,베이35A,raw,
b200_mixed_ps_sub_r1,LPT,Large (141-200),200,mixed_ps_sub,256.71666666666664,18,20251103,180,BLK_180C,14,베이35A 수정,8,2025-11-04 04:07:05,2025-11-04 04:31:53,24.8,35A,베이35A,raw,
b200_mixed_ps_sub_r1,LPT,Large (141-200),200,mixed_ps_sub,256.71666666666664,18,20251103,186,BLK_172S,15,판계,1,2025-11-03 15:30:00,2025-11-03 16:00:00,30.0,,공통,raw,
b200_mixed_ps_sub_r1,LPT,Large (141-200),200,mixed_ps_sub,256.71666666666664,18,20251103,186,BLK_172S,15,전면SAW,2,2025-11-04 00:40:18,2025-11-04 01:11:20,31.0,,공통,raw,
b200_mixed_ps_sub_r1,LPT,Large (141-200),200,mixed_ps_sub,256.71666666666664,18,20251103,186,BLK_172S,15,TurnOver,3,2025-11-04 01:11:20,2025-11-04 01:23:20,12.0,,공통,raw,
b200_mixed_ps_sub_r1,LPT,Large (141-200),200,mixed_ps_sub,256.71666666666664,18,20251103,186,BLK_172S,15,후면SAW,4,2025-11-04 02:39:05,2025-11-04 02:58:48,19.7,,공통,raw,
b200_mixed_ps_sub_r1,LPT,Large (141-200),200,mixed_ps_sub,256.71666666666664,18,20251103,186,BLK_172S,15,NC,5,2025-11-04 03:11:11,2025-11-04 03:51:23,40.2,,공통,raw,
b200_mixed_ps_sub_r1,LPT,Large (141-200),200,mixed_ps_sub,256.71666666666664,18,20251103,186,BLK_172S,15,베이36B 론지취부,6,2025-11-04 03:51:23,2025-11-04 05:11:23,80.0,36B,베이36B,raw,
b200_mixed_ps_sub_r1,LPT,Large (141-200),200,mixed_ps_sub,256.71666666666664,18,20251103,186,BLK_172S,15,베이36B 론지용접,7,2025-11-04 05:11:23,2025-11-04 05:36:23,25.0,36B,베이36B,raw,
b200_mixed_ps_sub_r1,LPT,Large (141-200),200,mixed_ps_sub,256.71666666666664,18,20251103,186,BLK_172S,15,베이36B 수정,8,2025-11-04 05:36:23,2025-11-04 06:25:23,49.0,36B,베이36B,raw,
b200_mixed_ps_sub_r1,LPT,Large (141-200),200,mixed_ps_sub,256.71666666666664,18,20251103,82,BLK_82C,16,판계,1,2025-11-03 16:00:00,2025-11-03 16:20:00,20.0,,공통,raw,
b200_mixed_ps_sub_r1,LPT,Large (141-200),200,mixed_ps_sub,256.71666666666664,18,20251103,82,BLK_82C,16,전면SAW,2,2025-11-04 01:11:20,2025-11-04 02:37:01,85.7,,공통,raw,
b200_mixed_ps_sub_r1,LPT,Large (141-200),200,mixed_ps_sub,256.71666666666664,18,20251103,82,BLK_82C,16,TurnOver,3,2025-11-04 02:37:01,2025-11-04 02:49:01,12.0,,공통,raw,
b200_mixed_ps_sub_r1,LPT,Large (141-200),200,mixed_ps_sub,256.71666666666664,18,20251103,82,BLK_82C,16,후면SAW,4,2025-11-04 02:58:48,2025-11-04 04:04:41,65.9,,공통,raw,
b200_mixed_ps_sub_r1,LPT,Large (141-200),200,mixed_ps_sub,256.71666666666664,18,20251103,82,BLK_82C,16,NC,5,2025-11-04 04:04:41,2025-11-04 04:30:00,25.3,,공통,raw,
b200_mixed_ps_sub_r1,LPT,Large (141-200),200,mixed_ps_sub,256.71666666666664,18,20251103,82,BLK_82C,16,베이35A 론지취부,6,2025-11-04 04:30:00,2025-11-04 05:11:19,41.3,35A,베이35A,raw,
b200_mixed_ps_sub_r1,LPT,Large (141-200),200,mixed_ps_sub,256.71666666666664,18,20251103,82,BLK_82C,16,베이35A 론지용접,7,2025-11-04 05:11:19,2025-11-04 05:28:07,16.8,35A,베이35A,raw,
b200_mixed_ps_sub_r1,LPT,Large (141-200),200,mixed_ps_sub,256.71666666666664,18,20251103,82,BLK_82C,16,베이35A 수정,8,2025-11-04 05:28:07,2025-11-04 05:46:19,18.2,35A,베이35A,raw,
b200_mixed_ps_sub_r1,LPT,Large (141-200),200,mixed_ps_sub,256.71666666666664,18,20251103,157,BLK_157C,17,판계,1,2025-11-03 16:20:00,2025-11-03 16:50:00,30.0,,공통,raw,
b200_mixed_ps_sub_r1,LPT,Large (141-200),200,mixed_ps_sub,256.71666666666664,18,20251103,157,BLK_157C,17,전면SAW,2,2025-11-04 02:37:01,2025-11-04 03:08:45,31.7,,공통,raw,
b200_mixed_ps_sub_r1,LPT,Large (141-200),200,mixed_ps_sub,256.71666666666664,18,20251103,157,BLK_157C,17,TurnOver,3,2025-11-04 03:08:45,2025-11-04 03:20:45,12.0,,공통,raw,
b200_mixed_ps_sub_r1,LPT,Large (141-200),200,mixed_ps_sub,256.71666666666664,18,20251103,157,BLK_157C,17,후면SAW,4,2025-11-04 04:04:41,2025-11-04 04:25:19,20.6,,공통,raw,
b200_mixed_ps_sub_r1,LPT,Large (141-200),200,mixed_ps_sub,256.71666666666664,18,20251103,157,BLK_157C,17,NC,5,2025-11-04 04:30:00,2025-11-04 05:11:05,41.1,,공통,raw,
b200_mixed_ps_sub_r1,LPT,Large (141-200),200,mixed_ps_sub,256.71666666666664,18,20251103,157,BLK_157C,17,베이36B 론지취부,6,2025-11-04 05:11:23,2025-11-04 06:27:53,76.5,36B,베이36B,raw,
b200_mixed_ps_sub_r1,LPT,Large (141-200),200,mixed_ps_sub,256.71666666666664,18,20251103,157,BLK_157C,17,베이36B 론지용접,7,2025-11-04 06:27:53,2025-11-04 06:52:17,24.4,36B,베이36B,raw,
b200_mixed_ps_sub_r1,LPT,Large (141-200),200,mixed_ps_sub,256.71666666666664,18,20251103,157,BLK_157C,17,베이36B 수정,8,2025-11-04 06:52:17,2025-11-04 07:39:05,46.8,36B,베이36B,raw,
b200_mixed_ps_sub_r1,LPT,Large (141-200),200,mixed_ps_sub,256.71666666666664,18,20251104,48,BLK_48P,1,판계,1,2025-11-04 08:00:00,2025-11-04 08:20:00,20.0,,공통,raw,
b200_mixed_ps_sub_r1,LPT,Large (141-200),200,mixed_ps_sub,256.71666666666664,18,20251104,48,BLK_48P,1,전면SAW,2,2025-11-04 08:20:00,2025-11-04 09:11:36,51.6,,공통,raw,
b200_mixed_ps_sub_r1,LPT,Large (141-200),200,mixed_ps_sub,256.71666666666664,18,20251104,48,BLK_48P,1,TurnOver,3,2025-11-04 09:11:36,2025-11-04 09:23:36,12.0,,공통,raw,
b200_mixed_ps_sub_r1,LPT,Large (141-200),200,mixed_ps_sub,256.71666666666664,18,20251104,48,BLK_48P,1,후면SAW,4,2025-11-04 09:23:36,2025-11-04 10:10:24,46.8,,공통,raw,
b200_mixed_ps_sub_r1,LPT,Large (141-200),200,mixed_ps_sub,256.71666666666664,18,20251104,48,BLK_48P,1,NC,5,2025-11-04 10:10:24,2025-11-04 10:40:35,30.2,,공통,raw,
b200_mixed_ps_sub_r1,LPT,Large (141-200),200,mixed_ps_sub,256.71666666666664,18,20251104,48,BLK_48P,1,베이35A 론지취부,6,2025-11-04 10:40:35,2025-11-04 11:43:05,62.5,35A,베이35A,raw,
b200_mixed_ps_sub_r1,LPT,Large (141-200),200,mixed_ps_sub,256.71666666666664,18,20251104,48,BLK_48P,1,베이35A 론지용접,7,2025-11-04 11:43:05,2025-11-04 12:05:05,22.0,35A,베이35A,raw,
b200_mixed_ps_sub_r1,LPT,Large (141-200),200,mixed_ps_sub,256.71666666666664,18,20251104,48,BLK_48P,1,베이35A 수정,8,2025-11-04 12:05:05,2025-11-04 12:43:05,38.0,35A,베이35A,raw,
b200_mixed_ps_sub_r1,LPT,Large (141-200),200,mixed_ps_sub,256.71666666666664,18,20251104,185,BLK_42S,2,판계,1,2025-11-04 08:20:00,2025-11-04 08:50:00,30.0,,공통,raw,
b200_mixed_ps_sub_r1,LPT,Large (141-200),200,mixed_ps_sub,256.71666666666664,18,20251104,185,BLK_42S,2,전면SAW,2,2025-11-04 09:11:36,2025-11-04 10:29:28,77.9,,공통,raw,
b200_mixed_ps_sub_r1,LPT,Large (141-200),200,mixed_ps_sub,256.71666666666664,18,20251104,185,BLK_42S,2,TurnOver,3,2025-11-04 10:29:28,2025-11-04 10:41:28,12.0,,공통,raw,
b200_mixed_ps_sub_r1,LPT,Large (141-200),200,mixed_ps_sub,256.71666666666664,18,20251104,185,BLK_42S,2,후면SAW,4,2025-11-04 10:41:28,2025-11-04 11:40:13,58.8,,공통,raw,
b200_mixed_ps_sub_r1,LPT,Large (141-200),200,mixed_ps_sub,256.71666666666664,18,20251104,185,BLK_42S,2,NC,5,2025-11-04 11:40:13,2025-11-04 12:32:29,52.3,,공통,raw,
b200_mixed_ps_sub_r1,LPT,Large (141-200),200,mixed_ps_sub,256.71666666666664,18,20251104,185,BLK_42S,2,베이36B 론지취부,6,2025-11-04 12:32:29,2025-11-04 13:48:59,76.5,36B,베이36B,raw,
b200_mixed_ps_sub_r1,LPT,Large (141-200),200,mixed_ps_sub,256.71666666666664,18,20251104,185,BLK_42S,2,베이36B 론지용접,7,2025-11-04 13:48:59,2025-11-04 14:13:23,24.4,36B,베이36B,raw,
b200_mixed_ps_sub_r1,LPT,Large (141-200),200,mixed_ps_sub,256.71666666666664,18,20251104,185,BLK_42S,2,베이36B 수정,8,2025-11-04 14:13:23,2025-11-04 15:00:11,46.8,36B,베이36B,raw,
b200_mixed_ps_sub_r1,LPT,Large (141-200),200,mixed_ps_sub,256.71666666666664,18,20251104,119,BLK_119S,3,판계,1,2025-11-04 08:50:00,2025-11-04 09:20:00,30.0,,공통,raw,
b200_mixed_ps_sub_r1,LPT,Large (141-200),200,mixed_ps_sub,256.71666666666664,18,20251104,119,BLK_119S,3,전면SAW,2,2025-11-04 10:29:28,2025-11-04 10:57:58,28.5,,공통,raw,
b200_mixed_ps_sub_r1,LPT,Large (141-200),200,mixed_ps_sub,256.71666666666664,18,20251104,119,BLK_119S,3,TurnOver,3,2025-11-04 10:57:58,2025-11-04 11:09:58,12.0,,공통,raw,
b200_mixed_ps_sub_r1,LPT,Large (141-200),200,mixed_ps_sub,256.71666666666664,18,20251104,119,BLK_119S,3,후면SAW,4,2025-11-04 11:40:13,2025-11-04 11:56:36,16.4,,공통,raw,
b200_mixed_ps_sub_r1,LPT,Large (141-200),200,mixed_ps_sub,256.71666666666664,18,20251104,119,BLK_119S,3,NC,5,2025-11-04 12:32:29,2025-11-04 13:19:13,46.7,,공통,raw,
b200_mixed_ps_sub_r1,LPT,Large (141-200),200,mixed_ps_sub,256.71666666666664,18,20251104,119,BLK_119S,3,베이35A 론지취부,6,2025-11-04 13:19:13,2025-11-04 14:35:43,76.5,35A,베이35A,raw,
b200_mixed_ps_sub_r1,LPT,Large (141-200),200,mixed_ps_sub,256.71666666666664,18,20251104,119,BLK_119S,3,베이35A 론지용접,7,2025-11-04 14:35:43,2025-11-04 15:00:07,24.4,35A,베이35A,raw,
b200_mixed_ps_sub_r1,LPT,Large (141-200),200,mixed_ps_sub,256.71666666666664,18,20251104,119,BLK_119S,3,베이35A 수정,8,2025-11-04 15:00:07,2025-11-04 15:46:55,46.8,35A,베이35A,raw,
b200_mixed_ps_sub_r1,LPT,Large (141-200),200,mixed_ps_sub,256.71666666666664,18,20251104,46,BLK_46S,4,판계,1,2025-11-04 09:20:00,2025-11-04 09:53:00,33.0,,공통,raw,
b200_mixed_ps_sub_r1,LPT,Large (141-200),200,mixed_ps_sub,256.71666666666664,18,20251104,46,BLK_46S,4,전면SAW,2,2025-11-04 10:57:58,2025-11-04 12:46:42,108.7,,공통,raw,
b200_mixed_ps_sub_r1,LPT,Large (141-200),200,mixed_ps_sub,256.71666666666664,18,20251104,46,BLK_46S,4,TurnOver,3,2025-11-04 12:46:42,2025-11-04 12:58:42,12.0,,공통,raw,
b200_mixed_ps_sub_r1,LPT,Large (141-200),200,mixed_ps_sub,256.71666666666664,18,20251104,46,BLK_46S,4,후면SAW,4,2025-11-04 12:58:42,2025-11-04 14:25:36,86.9,,공통,raw,
b200_mixed_ps_sub_r1,LPT,Large (141-200),200,mixed_ps_sub,256.71666666666664,18,20251104,46,BLK_46S,4,NC,5,2025-11-04 14:25:36,2025-11-04 15:04:43,39.1,,공통,raw,
b200_mixed_ps_sub_r1,LPT,Large (141-200),200,mixed_ps_sub,256.71666666666664,18,20251104,46,BLK_46S,4,베이36B 론지취부,6,2025-11-04 15:04:43,2025-11-04 15:49:43,45.0,36B,베이36B,raw,
b200_mixed_ps_sub_r1,LPT,Large (141-200),200,mixed_ps_sub,256.71666666666664,18,20251104,46,BLK_46S,4,베이36B 론지용접,7,2025-11-04 15:49:43,2025-11-04 16:08:43,19.0,36B,베이36B,raw,
b200_mixed_ps_sub_r1,LPT,Large (141-200),200,mixed_ps_sub,256.71666666666664,18,20251104,46,BLK_46S,4,베이36B 수정,8,2025-11-04 16:08:43,2025-11-04 16:35:43,27.0,36B,베이36B,raw,
b200_mixed_ps_sub_r1,LPT,Large (141-200),200,mixed_ps_sub,256.71666666666664,18,20251104,171,BLK_171S,5,판계,1,2025-11-04 09:53:00,2025-11-04 10:23:00,30.0,,공통,raw,
b200_mixed_ps_sub_r1,LPT,Large (141-200),200,mixed_ps_sub,256.71666666666664,18,20251104,171,BLK_171S,5,전면SAW,2,2025-11-04 12:46:42,2025-11-04 13:17:43,31.0,,공통,raw,
b200_mixed_ps_sub_r1,LPT,Large (141-200),200,mixed_ps_sub,256.71666666666664,18,20251104,171,BLK_171S,5,TurnOver,3,2025-11-04 13:17:43,2025-11-04 13:29:43,12.0,,공통,raw,
b200_mixed_ps_sub_r1,LPT,Large (141-200),200,mixed_ps_sub,256.71666666666664,18,20251104,171,BLK_171S,5,후면SAW,4,2025-11-04 14:25:36,2025-11-04 14:45:17,19.7,,공통,raw,
b200_mixed_ps_sub_r1,LPT,Large (141-200),200,mixed_ps_sub,256.71666666666664,18,20251104,171,BLK_171S,5,NC,5,2025-11-04 15:04:43,2025-11-04 15:54:03,49.3,,공통,raw,
b200_mixed_ps_sub_r1,LPT,Large (141-200),200,mixed_ps_sub,256.71666666666664,18,20251104,171,BLK_171S,5,베이35A 론지취부,6,2025-11-04 15:54:03,2025-11-04 17:03:33,69.5,35A,베이35A,raw,
b200_mixed_ps_sub_r1,LPT,Large (141-200),200,mixed_ps_sub,256.71666666666664,18,20251104,171,BLK_171S,5,베이35A 론지용접,7,2025-11-04 17:03:33,2025-11-04 17:26:45,23.2,35A,베이35A,raw,
b200_mixed_ps_sub_r1,LPT,Large (141-200),200,mixed_ps_sub,256.71666666666664,18,20251104,171,BLK_171S,5,베이35A 수정,8,2025-11-04 17:26:45,2025-11-04 18:09:09,42.4,35A,베이35A,raw,
b200_mixed_ps_sub_r1,LPT,Large (141-200),200,mixed_ps_sub,256.71666666666664,18,20251104,52,BLK_52S,6,판계,1,2025-11-04 10:23:00,2025-11-04 10:53:00,30.0,,공통,raw,
b200_mixed_ps_sub_r1,LPT,Large (141-200),200,mixed_ps_sub,256.71666666666664,18,20251104,52,BLK_52S,6,전면SAW,2,2025-11-04 13:17:43,2025-11-04 13:49:54,32.2,,공통,raw,
b200_mixed_ps_sub_r1,LPT,Large (141-200),200,mixed_ps_sub,256.71666666666664,18,20251104,52,BLK_52S,6,TurnOver,3,2025-11-04 13:49:54,2025-11-04 14:01:54,12.0,,공통,raw,
b200_mixed_ps_sub_r1,LPT,Large (141-200),200,mixed_ps_sub,256.71666666666664,18,20251104,52,BLK_52S,6,후면SAW,4,2025-11-04 14:45:17,2025-11-04 15:06:30,21.2,,공통,raw,
b200_mixed_ps_sub_r1,LPT,Large (141-200),200,mixed_ps_sub,256.71666666666664,18,20251104,52,BLK_52S,6,NC,5,2025-11-04 15:54:03,2025-11-04 16:33:34,39.5,,공통,raw,
b200_mixed_ps_sub_r1,LPT,Large (141-200),200,mixed_ps_sub,256.71666666666664,18,20251104,52,BLK_52S,6,베이36B 론지취부,6,2025-11-04 16:33:34,2025-11-04 17:46:34,73.0,36B,베이36B,raw,
b200_mixed_ps_sub_r1,LPT,Large (141-200),200,mixed_ps_sub,256.71666666666664,18,20251104,52,BLK_52S,6,베이36B 론지용접,7,2025-11-04 17:46:34,2025-11-04 18:10:22,23.8,36B,베이36B,raw,
b200_mixed_ps_sub_r1,LPT,Large (141-200),200,mixed_ps_sub,256.71666666666664,18,20251104,52,BLK_52S,6,베이36B 수정,8,2025-11-04 18:10:22,2025-11-04 18:54:58,44.6,36B,베이36B,raw,
b200_mixed_ps_sub_r1,LPT,Large (141-200),200,mixed_ps_sub,256.71666666666664,18,20251104,58,BLK_58C,7,판계,1,2025-11-04 10:53:00,2025-11-04 11:13:00,20.0,,공통,raw,
b200_mixed_ps_sub_r1,LPT,Large (141-200),200,mixed_ps_sub,256.71666666666664,18,20251104,58,BLK_58C,7,전면SAW,2,2025-11-04 13:49:54,2025-11-04 15:38:06,108.2,,공통,raw,
b200_mixed_ps_sub_r1,LPT,Large (141-200),200,mixed_ps_sub,256.71666666666664,18,20251104,58,BLK_58C,7,TurnOver,3,2025-11-04 15:38:06,2025-11-04 15:50:06,12.0,,공통,raw,
b200_mixed_ps_sub_r1,LPT,Large (141-200),200,mixed_ps_sub,256.71666666666664,18,20251104,58,BLK_58C,7,후면SAW,4,2025-11-04 15:50:06,2025-11-04 17:16:30,86.4,,공통,raw,
b200_mixed_ps_sub_r1,LPT,Large (141-200),200,mixed_ps_sub,256.71666666666664,18,20251104,58,BLK_58C,7,NC,5,2025-11-04 17:16:30,2025-11-04 17:42:07,25.6,,공통,raw,
b200_mixed_ps_sub_r1,LPT,Large (141-200),200,mixed_ps_sub,256.71666666666664,18,20251104,58,BLK_58C,7,베이35A 론지취부,6,2025-11-04 17:42:07,2025-11-04 18:06:07,24.0,35A,베이35A,raw,
b200_mixed_ps_sub_r1,LPT,Large (141-200),200,mixed_ps_sub,256.71666666666664,18,20251104,58,BLK_58C,7,베이35A 론지용접,7,2025-11-04 18:06:07,2025-11-04 18:17:31,11.4,35A,베이35A,raw,
b200_mixed_ps_sub_r1,LPT,Large (141-200),200,mixed_ps_sub,256.71666666666664,18,20251104,58,BLK_58C,7,베이35A 수정,8,2025-11-04 18:17:31,2025-11-04 18:31:19,13.8,35A,베이35A,raw,
b200_mixed_ps_sub_r1,LPT,Large (141-200),200,mixed_ps_sub,256.71666666666664,18,20251104,66,BLK_66P,8,판계,1,2025-11-04 11:13:00,2025-11-04 11:38:00,25.0,,공통,raw,
b200_mixed_ps_sub_r1,LPT,Large (141-200),200,mixed_ps_sub,256.71666666666664,18,20251104,66,BLK_66P,8,전면SAW,2,2025-11-04 15:38:06,2025-11-04 16:12:01,33.9,,공통,raw,
b200_mixed_ps_sub_r1,LPT,Large (141-200),200,mixed_ps_sub,256.71666666666664,18,20251104,66,BLK_66P,8,TurnOver,3,2025-11-04 16:12:01,2025-11-04 16:24:01,12.0,,공통,raw,
b200_mixed_ps_sub_r1,LPT,Large (141-200),200,mixed_ps_sub,256.71666666666664,18,20251104,66,BLK_66P,8,후면SAW,4,2025-11-04 17:16:30,2025-11-04 17:40:01,23.5,,공통,raw,
b200_mixed_ps_sub_r1,LPT,Large (141-200),200,mixed_ps_sub,256.71666666666664,18,20251104,66,BLK_66P,8,NC,5,2025-11-04 17:42:07,2025-11-04 18:21:52,39.8,,공통,raw,
b200_mixed_ps_sub_r1,LPT,Large (141-200),200,mixed_ps_sub,256.71666666666664,18,20251104,66,BLK_66P,8,베이36B 론지취부,6,2025-11-04 18:21:52,2025-11-04 19:31:22,69.5,36B,베이36B,raw,
b200_mixed_ps_sub_r1,LPT,Large (141-200),200,mixed_ps_sub,256.71666666666664,18,20251104,66,BLK_66P,8,베이36B 론지용접,7,2025-11-04 19:31:22,2025-11-04 19:54:34,23.2,36B,베이36B,raw,
b200_mixed_ps_sub_r1,LPT,Large (141-200),200,mixed_ps_sub,256.71666666666664,18,20251104,66,BLK_66P,8,베이36B 수정,8,2025-11-04 19:54:34,2025-11-04 20:36:58,42.4,36B,베이36B,raw,
b200_mixed_ps_sub_r1,LPT,Large (141-200),200,mixed_ps_sub,256.71666666666664,18,20251104,177,BLK_177S,9,판계,1,2025-11-04 11:38:00,2025-11-04 12:08:00,30.0,,공통,raw,
b200_mixed_ps_sub_r1,LPT,Large (141-200),200,mixed_ps_sub,256.71666666666664,18,20251104,177,BLK_177S,9,전면SAW,2,2025-11-04 16:12:01,2025-11-04 16:41:25,29.4,,공통,raw,
b200_mixed_ps_sub_r1,LPT,Large (141-200),200,mixed_ps_sub,256.71666666666664,18,20251104,177,BLK_177S,9,TurnOver,3,2025-11-04 16:41:25,2025-11-04 16:53:25,12.0,,공통,raw,
b200_mixed_ps_sub_r1,LPT,Large (141-200),200,mixed_ps_sub,256.71666666666664,18,20251104,177,BLK_177S,9,후면SAW,4,2025-11-04 17:40:01,2025-11-04 17:57:35,17.6,,공통,raw,
b200_mixed_ps_sub_r1,LPT,Large (141-200),200,mixed_ps_sub,256.71666666666664,18,20251104,177,BLK_177S,9,NC,5,2025-11-04 18:21:52,2025-11-04 19:03:57,42.1,,공통,raw,
b200_mixed_ps_sub_r1,LPT,Large (141-200),200,mixed_ps_sub,256.71666666666664,18,20251104,177,BLK_177S,9,베이35A 론지취부,6,2025-11-04 19:03:57,2025-11-04 20:13:27,69.5,35A,베이35A,raw,
b200_mixed_ps_sub_r1,LPT,Large (141-200),200,mixed_ps_sub,256.71666666666664,18,20251104,177,BLK_177S,9,베이35A 론지용접,7,2025-11-04 20:13:27,2025-11-04 20:36:39,23.2,35A,베이35A,raw,
b200_mixed_ps_sub_r1,LPT,Large (141-200),200,mixed_ps_sub,256.71666666666664,18,20251104,177,BLK_177S,9,베이35A 수정,8,2025-11-04 20:36:39,2025-11-04 21:19:03,42.4,35A,베이35A,raw,
b200_mixed_ps_sub_r1,LPT,Large (141-200),200,mixed_ps_sub,256.71666666666664,18,20251104,8,BLK_8C,10,판계,1,2025-11-04 12:08:00,2025-11-04 12:38:00,30.0,,공통,raw,
b200_mixed_ps_sub_r1,LPT,Large (141-200),200,mixed_ps_sub,256.71666666666664,18,20251104,8,BLK_8C,10,전면SAW,2,2025-11-04 16:41:25,2025-11-04 17:21:29,40.1,,공통,raw,
b200_mixed_ps_sub_r1,LPT,Large (141-200),200,mixed_ps_sub,256.71666666666664,18,20251104,8,BLK_8C,10,TurnOver,3,2025-11-04 17:21:29,2025-11-04 17:33:29,12.0,,공통,raw,
b200_mixed_ps_sub_r1,LPT,Large (141-200),200,mixed_ps_sub,256.71666666666664,18,20251104,8,BLK_8C,10,후면SAW,4,2025-11-04 17:57:35,2025-11-04 18:29:11,31.6,,공통,raw,
b200_mixed_ps_sub_r1,LPT,Large (141-200),200,mixed_ps_sub,256.71666666666664,18,20251104,8,BLK_8C,10,NC,5,2025-11-04 19:03:57,2025-11-04 19:46:13,42.3,,공통,raw,
b200_mixed_ps_sub_r1,LPT,Large (141-200),200,mixed_ps_sub,256.71666666666664,18,20251104,8,BLK_8C,10,베이36B 론지취부,6,2025-11-04 19:46:13,2025-11-04 20:41:43,55.5,36B,베이36B,raw,
b200_mixed_ps_sub_r1,LPT,Large (141-200),200,mixed_ps_sub,256.71666666666664,18,20251104,8,BLK_8C,10,베이36B 론지용접,7,2025-11-04 20:41:43,2025-11-04 21:02:31,20.8,36B,베이36B,raw,
b200_mixed_ps_sub_r1,LPT,Large (141-200),200,mixed_ps_sub,256.71666666666664,18,20251104,8,BLK_8C,10,베이36B 수정,8,2025-11-04 21:02:31,2025-11-04 21:36:07,33.6,36B,베이36B,raw,
b200_mixed_ps_sub_r1,LPT,Large (141-200),200,mixed_ps_sub,256.71666666666664,18,20251104,50,BLK_50C,11,판계,1,2025-11-04 12:38:00,2025-11-04 13:08:00,30.0,,공통,raw,
b200_mixed_ps_sub_r1,LPT,Large (141-200),200,mixed_ps_sub,256.71666666666664,18,20251104,50,BLK_50C,11,전면SAW,2,2025-11-04 17:21:29,2025-11-04 17:54:59,33.5,,공통,raw,
b200_mixed_ps_sub_r1,LPT,Large (141-200),200,mixed_ps_sub,256.71666666666664,18,20251104,50,BLK_50C,11,TurnOver,3,2025-11-04 17:54:59,2025-11-04 18:06:59,12.0,,공통,raw,
b200_mixed_ps_sub_r1,LPT,Large (141-200),200,mixed_ps_sub,256.71666666666664,18,20251104,50,BLK_50C,11,후면SAW,4,2025-11-04 18:29:11,2025-11-04 18:52:08,22.9,,공통,raw,
b200_mixed_ps_sub_r1,LPT,Large (141-200),200,mixed_ps_sub,256.71666666666664,18,20251104,50,BLK_50C,11,NC,5,2025-11-04 19:46:13,2025-11-04 20:30:21,44.1,,공통,raw,
b200_mixed_ps_sub_r1,LPT,Large (141-200),200,mixed_ps_sub,256.71666666666664,18,20251104,50,BLK_50C,11,베이36B 론지취부,6,2025-11-04 20:41:43,2025-11-04 21:44:13,62.5,36B,베이36B,raw,
b200_mixed_ps_sub_r1,LPT,Large (141-200),200,mixed_ps_sub,256.71666666666664,18,20251104,50,BLK_50C,11,베이36B 론지용접,7,2025-11-04 21:44:13,2025-11-04 22:06:13,22.0,36B,베이36B,raw,
b200_mixed_ps_sub_r1,LPT,Large (141-200),200,mixed_ps_sub,256.71666666666664,18,20251104,50,BLK_50C,11,베이36B 수정,8,2025-11-04 22:06:13,2025-11-04 22:44:13,38.0,36B,베이36B,raw,
b200_mixed_ps_sub_r1,LPT,Large (141-200),200,mixed_ps_sub,256.71666666666664,18,20251104,129,BLK_129C,12,판계,1,2025-11-04 13:08:00,2025-11-04 13:38:00,30.0,,공통,raw,
b200_mixed_ps_sub_r1,LPT,Large (141-200),200,mixed_ps_sub,256.71666666666664,18,20251104,129,BLK_129C,12,전면SAW,2,2025-11-04 17:54:59,2025-11-04 18:27:25,32.4,,공통,raw,
b200_mixed_ps_sub_r1,LPT,Large (141-200),200,mixed_ps_sub,256.71666666666664,18,20251104,129,BLK_129C,12,TurnOver,3,2025-11-04 18:27:25,2025-11-04 18:39:25,12.0,,공통,raw,
b200_mixed_ps_sub_r1,LPT,Large (141-200),200,mixed_ps_sub,256.71666666666664,18,20251104,129,BLK_129C,12,후면SAW,4,2025-11-04 18:52:08,2025-11-04 19:13:41,21.6,,공통,raw,
b200_mixed_ps_sub_r1,LPT,Large (141-200),200,mixed_ps_sub,256.71666666666664,18,20251104,129,BLK_129C,12,NC,5,2025-11-04 20:30:21,2025-11-04 21:13:09,42.8,,공통,raw,
b200_mixed_ps_sub_r1,LPT,Large (141-200),200,mixed_ps_sub,256.71666666666664,18,20251104,129,BLK_129C,12,베이35A 론지취부,6,2025-11-04 21:13:09,2025-11-04 22:15:39,62.5,35A,베이35A,raw,
b200_mixed_ps_sub_r1,LPT,Large (141-200),200,mixed_ps_sub,256.71666666666664,18,20251104,129,BLK_129C,12,베이35A 론지용접,7,2025-11-04 22:15:39,2025-11-04 22:37:39,22.0,35A,베이35A,raw,
b200_mixed_ps_sub_r1,LPT,Large (141-200),200,mixed_ps_sub,256.71666666666664,18,20251104,129,BLK_129C,12,베이35A 수정,8,2025-11-04 22:37:39,2025-11-04 23:15:39,38.0,35A,베이35A,raw,
b200_mixed_ps_sub_r1,LPT,Large (141-200),200,mixed_ps_sub,256.71666666666664,18,20251104,106,BLK_106P,13,판계,1,2025-11-04 13:38:00,2025-11-04 13:58:00,20.0,,공통,raw,
b200_mixed_ps_sub_r1,LPT,Large (141-200),200,mixed_ps_sub,256.71666666666664,18,20251104,106,BLK_106P,13,전면SAW,2,2025-11-04 18:27:25,2025-11-04 19:02:10,34.8,,공통,raw,
b200_mixed_ps_sub_r1,LPT,Large (141-200),200,mixed_ps_sub,256.71666666666664,18,20251104,106,BLK_106P,13,TurnOver,3,2025-11-04 19:02:10,2025-11-04 19:14:10,12.0,,공통,raw,
b200_mixed_ps_sub_r1,LPT,Large (141-200),200,mixed_ps_sub,256.71666666666664,18,20251104,106,BLK_106P,13,후면SAW,4,2025-11-04 19:14:10,2025-11-04 19:38:47,24.6,,공통,raw,
b200_mixed_ps_sub_r1,LPT,Large (141-200),200,mixed_ps_sub,256.71666666666664,18,20251104,106,BLK_106P,13,NC,5,2025-11-04 21:13:09,2025-11-04 21:41:00,27.9,,공통,raw,
b200_mixed_ps_sub_r1,LPT,Large (141-200),200,mixed_ps_sub,256.71666666666664,18,20251104,106,BLK_106P,13,베이36B 론지취부,6,2025-11-04 21:44:13,2025-11-04 22:57:13,73.0,36B,베이36B,raw,
b200_mixed_ps_sub_r1,LPT,Large (141-200),200,mixed_ps_sub,256.71666666666664,18,20251104,106,BLK_106P,13,베이36B 론지용접,7,2025-11-04 22:57:13,2025-11-04 23:21:01,23.8,36B,베이36B,raw,
b200_mixed_ps_sub_r1,LPT,Large (141-200),200,mixed_ps_sub,256.71666666666664,18,20251104,106,BLK_106P,13,베이36B 수정,8,2025-11-04 23:21:01,2025-11-05 00:05:37,44.6,36B,베이36B,raw,
b200_mixed_ps_sub_r1,LPT,Large (141-200),200,mixed_ps_sub,256.71666666666664,18,20251104,127,BLK_127S,14,판계,1,2025-11-04 13:58:00,2025-11-04 14:23:00,25.0,,공통,raw,
b200_mixed_ps_sub_r1,LPT,Large (141-200),200,mixed_ps_sub,256.71666666666664,18,20251104,127,BLK_127S,14,전면SAW,2,2025-11-04 19:02:10,2025-11-04 19:35:53,33.7,,공통,raw,
b200_mixed_ps_sub_r1,LPT,Large (141-200),200,mixed_ps_sub,256.71666666666664,18,20251104,127,BLK_127S,14,TurnOver,3,2025-11-04 19:35:53,2025-11-04 19:47:53,12.0,,공통,raw,
b200_mixed_ps_sub_r1,LPT,Large (141-200),200,mixed_ps_sub,256.71666666666664,18,20251104,127,BLK_127S,14,후면SAW,4,2025-11-04 19:47:53,2025-11-04 20:11:07,23.2,,공통,raw,
b200_mixed_ps_sub_r1,LPT,Large (141-200),200,mixed_ps_sub,256.71666666666664,18,20251104,127,BLK_127S,14,NC,5,2025-11-04 21:41:00,2025-11-04 22:15:50,34.8,,공통,raw,
b200_mixed_ps_sub_r1,LPT,Large (141-200),200,mixed_ps_sub,256.71666666666664,18,20251104,127,BLK_127S,14,베이35A 론지취부,6,2025-11-04 22:15:50,2025-11-04 23:21:50,66.0,35A,베이35A,raw,
b200_mixed_ps_sub_r1,LPT,Large (141-200),200,mixed_ps_sub,256.71666666666664,18,20251104,127,BLK_127S,14,베이35A 론지용접,7,2025-11-04 23:21:50,2025-11-04 23:44:26,22.6,35A,베이35A,raw,
b200_mixed_ps_sub_r1,LPT,Large (141-200),200,mixed_ps_sub,256.71666666666664,18,20251104,127,BLK_127S,14,베이35A 수정,8,2025-11-04 23:44:26,2025-11-05 00:24:38,40.2,35A,베이35A,raw,
b200_mixed_ps_sub_r1,LPT,Large (141-200),200,mixed_ps_sub,256.71666666666664,18,20251104,156,BLK_156P,15,판계,1,2025-11-04 14:23:00,2025-11-04 14:53:00,30.0,,공통,raw,
b200_mixed_ps_sub_r1,LPT,Large (141-200),200,mixed_ps_sub,256.71666666666664,18,20251104,156,BLK_156P,15,전면SAW,2,2025-11-04 19:35:53,2025-11-04 20:12:51,37.0,,공통,raw,
b200_mixed_ps_sub_r1,LPT,Large (141-200),200,mixed_ps_sub,256.71666666666664,18,20251104,156,BLK_156P,15,TurnOver,3,2025-11-04 20:12:51,2025-11-04 20:24:51,12.0,,공통,raw,
b200_mixed_ps_sub_r1,LPT,Large (141-200),200,mixed_ps_sub,256.71666666666664,18,20251104,156,BLK_156P,15,후면SAW,4,2025-11-04 20:24:51,2025-11-04 20:52:22,27.5,,공통,raw,
b200_mixed_ps_sub_r1,LPT,Large (141-200),200,mixed_ps_sub,256.71666666666664,18,20251104,156,BLK_156P,15,NC,5,2025-11-04 22:15:50,2025-11-04 23:03:01,47.2,,공통,raw,
b200_mixed_ps_sub_r1,LPT,Large (141-200),200,mixed_ps_sub,256.71666666666664,18,20251104,156,BLK_156P,15,베이36B 론지취부,6,2025-11-04 23:03:01,2025-11-04 23:55:01,52.0,36B,베이36B,raw,
b200_mixed_ps_sub_r1,LPT,Large (141-200),200,mixed_ps_sub,256.71666666666664,18,20251104,156,BLK_156P,15,베이36B 론지용접,7,2025-11-04 23:55:01,2025-11-05 00:15:13,20.2,36B,베이36B,raw,
b200_mixed_ps_sub_r1,LPT,Large (141-200),200,mixed_ps_sub,256.71666666666664,18,20251104,156,BLK_156P,15,베이36B 수정,8,2025-11-05 00:15:13,2025-11-05 00:46:37,31.4,36B,베이36B,raw,
b200_mixed_ps_sub_r1,LPT,Large (141-200),200,mixed_ps_sub,256.71666666666664,18,20251104,39,BLK_39C,16,판계,1,2025-11-04 14:53:00,2025-11-04 15:13:00,20.0,,공통,raw,
b200_mixed_ps_sub_r1,LPT,Large (141-200),200,mixed_ps_sub,256.71666666666664,18,20251104,39,BLK_39C,16,전면SAW,2,2025-11-04 20:12:51,2025-11-04 20:49:43,36.9,,공통,raw,
b200_mixed_ps_sub_r1,LPT,Large (141-200),200,mixed_ps_sub,256.71666666666664,18,20251104,39,BLK_39C,16,TurnOver,3,2025-11-04 20:49:43,2025-11-04 21:01:43,12.0,,공통,raw,
b200_mixed_ps_sub_r1,LPT,Large (141-200),200,mixed_ps_sub,256.71666666666664,18,20251104,39,BLK_39C,16,후면SAW,4,2025-11-04 21:01:43,2025-11-04 21:29:05,27.4,,공통,raw,
b200_mixed_ps_sub_r1,LPT,Large (141-200),200,mixed_ps_sub,256.71666666666664,18,20251104,39,BLK_39C,16,NC,5,2025-11-04 23:03:01,2025-11-04 23:33:01,30.0,,공통,raw,
b200_mixed_ps_sub_r1,LPT,Large (141-200),200,mixed_ps_sub,256.71666666666664,18,20251104,39,BLK_39C,16,베이35A 론지취부,6,2025-11-04 23:33:01,2025-11-05 00:39:01,66.0,35A,베이35A,raw,
b200_mixed_ps_sub_r1,LPT,Large (141-200),200,mixed_ps_sub,256.71666666666664,18,20251104,39,BLK_39C,16,베이35A 론지용접,7,2025-11-05 00:39:01,2025-11-05 01:01:37,22.6,35A,베이35A,raw,
b200_mixed_ps_sub_r1,LPT,Large (141-200),200,mixed_ps_sub,256.71666666666664,18,20251104,39,BLK_39C,16,베이35A 수정,8,2025-11-05 01:01:37,2025-11-05 01:41:49,40.2,35A,베이35A,raw,
b200_mixed_ps_sub_r1,LPT,Large (141-200),200,mixed_ps_sub,256.71666666666664,18,20251104,44,BLK_44C,17,판계,1,2025-11-04 15:13:00,2025-11-04 15:43:00,30.0,,공통,raw,
b200_mixed_ps_sub_r1,LPT,Large (141-200),200,mixed_ps_sub,256.71666666666664,18,20251104,44,BLK_44C,17,전면SAW,2,2025-11-04 20:49:43,2025-11-04 21:16:11,26.5,,공통,raw,
b200_mixed_ps_sub_r1,LPT,Large (141-200),200,mixed_ps_sub,256.71666666666664,18,20251104,44,BLK_44C,17,TurnOver,3,2025-11-04 21:16:11,2025-11-04 21:28:11,12.0,,공통,raw,
b200_mixed_ps_sub_r1,LPT,Large (141-200),200,mixed_ps_sub,256.71666666666664,18,20251104,44,BLK_44C,17,후면SAW,4,2025-11-04 21:29:05,2025-11-04 21:42:47,13.7,,공통,raw,
b200_mixed_ps_sub_r1,LPT,Large (141-200),200,mixed_ps_sub,256.71666666666664,18,20251104,44,BLK_44C,17,NC,5,2025-11-04 23:33:01,2025-11-05 00:13:13,40.2,,공통,raw,
b200_mixed_ps_sub_r1,LPT,Large (141-200),200,mixed_ps_sub,256.71666666666664,18,20251104,44,BLK_44C,17,베이36B 론지취부,6,2025-11-05 00:13:13,2025-11-05 01:19:13,66.0,36B,베이36B,raw,
b200_mixed_ps_sub_r1,LPT,Large (141-200),200,mixed_ps_sub,256.71666666666664,18,20251104,44,BLK_44C,17,베이36B 론지용접,7,2025-11-05 01:19:13,2025-11-05 01:41:49,22.6,36B,베이36B,raw,
b200_mixed_ps_sub_r1,LPT,Large (141-200),200,mixed_ps_sub,256.71666666666664,18,20251104,44,BLK_44C,17,베이36B 수정,8,2025-11-05 01:41:49,2025-11-05 02:22:01,40.2,36B,베이36B,raw,
b200_mixed_ps_sub_r1,LPT,Large (141-200),200,mixed_ps_sub,256.71666666666664,18,20251104,72,BLK_72S,18,판계,1,2025-11-04 15:43:00,2025-11-04 15:55:00,12.0,,공통,raw,
b200_mixed_ps_sub_r1,LPT,Large (141-200),200,mixed_ps_sub,256.71666666666664,18,20251104,72,BLK_72S,18,전면SAW,2,2025-11-04 21:16:11,2025-11-04 22:03:48,47.6,,공통,raw,
b200_mixed_ps_sub_r1,LPT,Large (141-200),200,mixed_ps_sub,256.71666666666664,18,20251104,72,BLK_72S,18,TurnOver,3,2025-11-04 22:03:48,2025-11-04 22:15:48,12.0,,공통,raw,
b200_mixed_ps_sub_r1,LPT,Large (141-200),200,mixed_ps_sub,256.71666666666664,18,20251104,72,BLK_72S,18,후면SAW,4,2025-11-04 22:15:48,2025-11-04 22:57:19,41.5,,공통,raw,
b200_mixed_ps_sub_r1,LPT,Large (141-200),200,mixed_ps_sub,256.71666666666664,18,20251104,72,BLK_72S,18,NC,5,2025-11-05 00:13:13,2025-11-05 00:34:28,21.2,,공통,raw,
b200_mixed_ps_sub_r1,LPT,Large (141-200),200,mixed_ps_sub,256.71666666666664,18,20251104,72,BLK_72S,18,베이35A 론지취부,6,2025-11-05 00:39:01,2025-11-05 01:38:01,59.0,35A,베이35A,raw,
b200_mixed_ps_sub_r1,LPT,Large (141-200),200,mixed_ps_sub,256.71666666666664,18,20251104,72,BLK_72S,18,베이35A 론지용접,7,2025-11-05 01:38:01,2025-11-05 01:59:25,21.4,35A,베이35A,raw,
b200_mixed_ps_sub_r1,LPT,Large (141-200),200,mixed_ps_sub,256.71666666666664,18,20251104,72,BLK_72S,18,베이35A 수정,8,2025-11-05 01:59:25,2025-11-05 02:35:13,35.8,35A,베이35A,raw,
b200_mixed_ps_sub_r1,LPT,Large (141-200),200,mixed_ps_sub,256.71666666666664,18,20251104,169,BLK_169C,19,판계,1,2025-11-04 15:55:00,2025-11-04 16:20:00,25.0,,공통,raw,
b200_mixed_ps_sub_r1,LPT,Large (141-200),200,mixed_ps_sub,256.71666666666664,18,20251104,169,BLK_169C,19,전면SAW,2,2025-11-04 22:03:48,2025-11-04 22:38:48,35.0,,공통,raw,
b200_mixed_ps_sub_r1,LPT,Large (141-200),200,mixed_ps_sub,256.71666666666664,18,20251104,169,BLK_169C,19,TurnOver,3,2025-11-04 22:38:48,2025-11-04 22:50:48,12.0,,공통,raw,
b200_mixed_ps_sub_r1,LPT,Large (141-200),200,mixed_ps_sub,256.71666666666664,18,20251104,169,BLK_169C,19,후면SAW,4,2025-11-04 22:57:19,2025-11-04 23:22:15,24.9,,공통,raw,
b200_mixed_ps_sub_r1,LPT,Large (141-200),200,mixed_ps_sub,256.71666666666664,18,20251104,169,BLK_169C,19,NC,5,2025-11-05 00:34:28,2025-11-05 01:11:03,36.6,,공통,raw,
b200_mixed_ps_sub_r1,LPT,Large (141-200),200,mixed_ps_sub,256.71666666666664,18,20251104,169,BLK_169C,19,베이36B 론지취부,6,2025-11-05 01:19:13,2025-11-05 02:18:13,59.0,36B,베이36B,raw,
b200_mixed_ps_sub_r1,LPT,Large (141-200),200,mixed_ps_sub,256.71666666666664,18,20251104,169,BLK_169C,19,베이36B 론지용접,7,2025-11-05 02:18:13,2025-11-05 02:39:37,21.4,36B,베이36B,raw,
b200_mixed_ps_sub_r1,LPT,Large (141-200),200,mixed_ps_sub,256.71666666666664,18,20251104,169,BLK_169C,19,베이36B 수정,8,2025-11-05 02:39:37,2025-11-05 03:15:25,35.8,36B,베이36B,raw,
b200_mixed_ps_sub_r1,LPT,Large (141-200),200,mixed_ps_sub,256.71666666666664,18,20251104,149,BLK_149P,20,판계,1,2025-11-04 16:20:00,2025-11-04 16:32:00,12.0,,공통,raw,
b200_mixed_ps_sub_r1,LPT,Large (141-200),200,mixed_ps_sub,256.71666666666664,18,20251104,149,BLK_149P,20,전면SAW,2,2025-11-04 22:38:48,2025-11-04 23:24:30,45.7,,공통,raw,
b200_mixed_ps_sub_r1,LPT,Large (141-200),200,mixed_ps_sub,256.71666666666664,18,20251104,149,BLK_149P,20,TurnOver,3,2025-11-04 23:24:30,2025-11-04 23:36:30,12.0,,공통,raw,
b200_mixed_ps_sub_r1,LPT,Large (141-200),200,mixed_ps_sub,256.71666666666664,18,20251104,149,BLK_149P,20,후면SAW,4,2025-11-04 23:36:30,2025-11-05 00:15:32,39.0,,공통,raw,
b200_mixed_ps_sub_r1,LPT,Large (141-200),200,mixed_ps_sub,256.71666666666664,18,20251104,149,BLK_149P,20,NC,5,2025-11-05 01:11:03,2025-11-05 01:34:09,23.1,,공통,raw,
b200_mixed_ps_sub_r1,LPT,Large (141-200),200,mixed_ps_sub,256.71666666666664,18,20251104,149,BLK_149P,20,베이35A 론지취부,6,2025-11-05 01:38:01,2025-11-05 02:37:01,59.0,35A,베이35A,raw,
b200_mixed_ps_sub_r1,LPT,Large (141-200),200,mixed_ps_sub,256.71666666666664,18,20251104,149,BLK_149P,20,베이35A 론지용접,7,2025-11-05 02:37:01,2025-11-05 02:58:25,21.4,35A,베이35A,raw,
b200_mixed_ps_sub_r1,LPT,Large (141-200),200,mixed_ps_sub,256.71666666666664,18,20251104,149,BLK_149P,20,베이35A 수정,8,2025-11-05 02:58:25,2025-11-05 03:34:13,35.8,35A,베이35A,raw,
b200_mixed_ps_sub_r1,LPT,Large (141-200),200,mixed_ps_sub,256.71666666666664,18,20251104,179,BLK_179C,21,판계,1,2025-11-04 16:32:00,2025-11-04 17:02:00,30.0,,공통,raw,
b200_mixed_ps_sub_r1,LPT,Large (141-200),200,mixed_ps_sub,256.71666666666664,18,20251104,179,BLK_179C,21,전면SAW,2,2025-11-04 23:24:30,2025-11-04 23:52:40,28.2,,공통,raw,
b200_mixed_ps_sub_r1,LPT,Large (141-200),200,mixed_ps_sub,256.71666666666664,18,20251104,179,BLK_179C,21,TurnOver,3,2025-11-04 23:52:40,2025-11-05 00:04:40,12.0,,공통,raw,
b200_mixed_ps_sub_r1,LPT,Large (141-200),200,mixed_ps_sub,256.71666666666664,18,20251104,179,BLK_179C,21,후면SAW,4,2025-11-05 00:15:32,2025-11-05 00:31:28,15.9,,공통,raw,
b200_mixed_ps_sub_r1,LPT,Large (141-200),200,mixed_ps_sub,256.71666666666664,18,20251104,179,BLK_179C,21,NC,5,2025-11-05 01:34:09,2025-11-05 02:18:30,44.3,,공통,raw,
b200_mixed_ps_sub_r1,LPT,Large (141-200),200,mixed_ps_sub,256.71666666666664,18,20251104,179,BLK_179C,21,베이36B 론지취부,6,2025-11-05 02:18:30,2025-11-05 03:17:30,59.0,36B,베이36B,raw,
b200_mixed_ps_sub_r1,LPT,Large (141-200),200,mixed_ps_sub,256.71666666666664,18,20251104,179,BLK_179C,21,베이36B 론지용접,7,2025-11-05 03:17:30,2025-11-05 03:38:54,21.4,36B,베이36B,raw,
b200_mixed_ps_sub_r1,LPT,Large (141-200),200,mixed_ps_sub,256.71666666666664,18,20251104,179,BLK_179C,21,베이36B 수정,8,2025-11-05 03:38:54,2025-11-05 04:14:42,35.8,36B,베이36B,raw,
b200_mixed_ps_sub_r1,LPT,Large (141-200),200,mixed_ps_sub,256.71666666666664,18,20251104,130,BLK_130C,22,판계,1,2025-11-04 17:02:00,2025-11-04 17:14:00,12.0,,공통,raw,
b200_mixed_ps_sub_r1,LPT,Large (141-200),200,mixed_ps_sub,256.71666666666664,18,20251104,130,BLK_130C,22,전면SAW,2,2025-11-04 23:52:40,2025-11-05 00:37:53,45.2,,공통,raw,
b200_mixed_ps_sub_r1,LPT,Large (141-200),200,mixed_ps_sub,256.71666666666664,18,20251104,130,BLK_130C,22,TurnOver,3,2025-11-05 00:37:53,2025-11-05 00:49:53,12.0,,공통,raw,
b200_mixed_ps_sub_r1,LPT,Large (141-200),200,mixed_ps_sub,256.71666666666664,18,20251104,130,BLK_130C,22,후면SAW,4,2025-11-05 00:49:53,2025-11-05 01:28:16,38.4,,공통,raw,
b200_mixed_ps_sub_r1,LPT,Large (141-200),200,mixed_ps_sub,256.71666666666664,18,20251104,130,BLK_130C,22,NC,5,2025-11-05 02:18:30,2025-11-05 02:40:57,22.4,,공통,raw,
b200_mixed_ps_sub_r1,LPT,Large (141-200),200,mixed_ps_sub,256.71666666666664,18,20251104,130,BLK_130C,22,베이35A 론지취부,6,2025-11-05 02:40:57,2025-11-05 03:36:27,55.5,35A,베이35A,raw,
b200_mixed_ps_sub_r1,LPT,Large (141-200),200,mixed_ps_sub,256.71666666666664,18,20251104,130,BLK_130C,22,베이35A 론지용접,7,2025-11-05 03:36:27,2025-11-05 03:57:15,20.8,35A,베이35A,raw,
b200_mixed_ps_sub_r1,LPT,Large (141-200),200,mixed_ps_sub,256.71666666666664,18,20251104,130,BLK_130C,22,베이35A 수정,8,2025-11-05 03:57:15,2025-11-05 04:30:51,33.6,35A,베이35A,raw,
b200_mixed_ps_sub_r1,LPT,Large (141-200),200,mixed_ps_sub,256.71666666666664,18,20251104,47,BLK_47C,23,판계,1,2025-11-04 17:14:00,2025-11-04 17:26:00,12.0,,공통,raw,
b200_mixed_ps_sub_r1,LPT,Large (141-200),200,mixed_ps_sub,256.71666666666664,18,20251104,47,BLK_47C,23,전면SAW,2,2025-11-05 00:37:53,2025-11-05 01:21:13,43.3,,공통,raw,
b200_mixed_ps_sub_r1,LPT,Large (141-200),200,mixed_ps_sub,256.71666666666664,18,20251104,47,BLK_47C,23,TurnOver,3,2025-11-05 01:21:13,2025-11-05 01:33:13,12.0,,공통,raw,
b200_mixed_ps_sub_r1,LPT,Large (141-200),200,mixed_ps_sub,256.71666666666664,18,20251104,47,BLK_47C,23,후면SAW,4,2025-11-05 01:33:13,2025-11-05 02:09:07,35.9,,공통,raw,
b200_mixed_ps_sub_r1,LPT,Large (141-200),200,mixed_ps_sub,256.71666666666664,18,20251104,47,BLK_47C,23,NC,5,2025-11-05 02:40:57,2025-11-05 03:05:07,24.2,,공통,raw,
b200_mixed_ps_sub_r1,LPT,Large (141-200),200,mixed_ps_sub,256.71666666666664,18,20251104,47,BLK_47C,23,베이36B 론지취부,6,2025-11-05 03:17:30,2025-11-05 04:13:00,55.5,36B,베이36B,raw,
b200_mixed_ps_sub_r1,LPT,Large (141-200),200,mixed_ps_sub,256.71666666666664,18,20251104,47,BLK_47C,23,베이36B 론지용접,7,2025-11-05 04:13:00,2025-11-05 04:33:48,20.8,36B,베이36B,raw,
b200_mixed_ps_sub_r1,LPT,Large (141-200),200,mixed_ps_sub,256.71666666666664,18,20251104,47,BLK_47C,23,베이36B 수정,8,2025-11-05 04:33:48,2025-11-05 05:07:24,33.6,36B,베이36B,raw,
b200_mixed_ps_sub_r1,LPT,Large (141-200),200,mixed_ps_sub,256.71666666666664,18,20251105,24,BLK_24P,1,판계,1,2025-11-05 08:00:00,2025-11-05 08:25:00,25.0,,공통,raw,
b200_mixed_ps_sub_r1,LPT,Large (141-200),200,mixed_ps_sub,256.71666666666664,18,20251105,24,BLK_24P,1,전면SAW,2,2025-11-05 08:25:00,2025-11-05 09:01:16,36.3,,공통,raw,
b200_mixed_ps_sub_r1,LPT,Large (141-200),200,mixed_ps_sub,256.71666666666664,18,20251105,24,BLK_24P,1,TurnOver,3,2025-11-05 09:01:16,2025-11-05 09:13:16,12.0,,공통,raw,
b200_mixed_ps_sub_r1,LPT,Large (141-200),200,mixed_ps_sub,256.71666666666664,18,20251105,24,BLK_24P,1,후면SAW,4,2025-11-05 09:13:16,2025-11-05 09:39:52,26.6,,공통,raw,
b200_mixed_ps_sub_r1,LPT,Large (141-200),200,mixed_ps_sub,256.71666666666664,18,20251105,24,BLK_24P,1,NC,5,2025-11-05 09:39:52,2025-11-05 10:15:52,36.0,,공통,raw,
b200_mixed_ps_sub_r1,LPT,Large (141-200),200,mixed_ps_sub,256.71666666666664,18,20251105,24,BLK_24P,1,베이35A 론지취부,6,2025-11-05 10:15:52,2025-11-05 11:11:22,55.5,35A,베이35A,raw,
b200_mixed_ps_sub_r1,LPT,Large (141-200),200,mixed_ps_sub,256.71666666666664,18,20251105,24,BLK_24P,1,베이35A 론지용접,7,2025-11-05 11:11:22,2025-11-05 11:32:10,20.8,35A,베이35A,raw,
b200_mixed_ps_sub_r1,LPT,Large (141-200),200,mixed_ps_sub,256.71666666666664,18,20251105,24,BLK_24P,1,베이35A 수정,8,2025-11-05 11:32:10,2025-11-05 12:05:46,33.6,35A,베이35A,raw,
b200_mixed_ps_sub_r1,LPT,Large (141-200),200,mixed_ps_sub,256.71666666666664,18,20251105,167,BLK_167C,2,판계,1,2025-11-05 08:25:00,2025-11-05 08:55:00,30.0,,공통,raw,
b200_mixed_ps_sub_r1,LPT,Large (141-200),200,mixed_ps_sub,256.71666666666664,18,20251105,167,BLK_167C,2,전면SAW,2,2025-11-05 09:01:16,2025-11-05 09:30:16,29.0,,공통,raw,
b200_mixed_ps_sub_r1,LPT,Large (141-200),200,mixed_ps_sub,256.71666666666664,18,20251105,167,BLK_167C,2,TurnOver,3,2025-11-05 09:30:16,2025-11-05 09:42:16,12.0,,공통,raw,
b200_mixed_ps_sub_r1,LPT,Large (141-200),200,mixed_ps_sub,256.71666666666664,18,20251105,167,BLK_167C,2,후면SAW,4,2025-11-05 09:42:16,2025-11-05 09:59:18,17.0,,공통,raw,
b200_mixed_ps_sub_r1,LPT,Large (141-200),200,mixed_ps_sub,256.71666666666664,18,20251105,167,BLK_167C,2,NC,5,2025-11-05 10:15:52,2025-11-05 11:03:06,47.2,,공통,raw,
b200_mixed_ps_sub_r1,LPT,Large (141-200),200,mixed_ps_sub,256.71666666666664,18,20251105,167,BLK_167C,2,베이36B 론지취부,6,2025-11-05 11:03:06,2025-11-05 11:58:36,55.5,36B,베이36B,raw,
b200_mixed_ps_sub_r1,LPT,Large (141-200),200,mixed_ps_sub,256.71666666666664,18,20251105,167,BLK_167C,2,베이36B 론지용접,7,2025-11-05 11:58:36,2025-11-05 12:19:24,20.8,36B,베이36B,raw,
b200_mixed_ps_sub_r1,LPT,Large (141-200),200,mixed_ps_sub,256.71666666666664,18,20251105,167,BLK_167C,2,베이36B 수정,8,2025-11-05 12:19:24,2025-11-05 12:53:00,33.6,36B,베이36B,raw,
b200_mixed_ps_sub_r1,LPT,Large (141-200),200,mixed_ps_sub,256.71666666666664,18,20251105,18,BLK_18S,3,판계,1,2025-11-05 08:55:00,2025-11-05 09:20:00,25.0,,공통,raw,
b200_mixed_ps_sub_r1,LPT,Large (141-200),200,mixed_ps_sub,256.71666666666664,18,20251105,18,BLK_18S,3,전면SAW,2,2025-11-05 09:30:16,2025-11-05 10:02:34,32.3,,공통,raw,
b200_mixed_ps_sub_r1,LPT,Large (141-200),200,mixed_ps_sub,256.71666666666664,18,20251105,18,BLK_18S,3,TurnOver,3,2025-11-05 10:02:34,2025-11-05 10:14:34,12.0,,공통,raw,
b200_mixed_ps_sub_r1,LPT,Large (141-200),200,mixed_ps_sub,256.71666666666664,18,20251105,18,BLK_18S,3,후면SAW,4,2025-11-05 10:14:34,2025-11-05 10:35:57,21.4,,공통,raw,
b200_mixed_ps_sub_r1,LPT,Large (141-200),200,mixed_ps_sub,256.71666666666664,18,20251105,18,BLK_18S,3,NC,5,2025-11-05 11:03:06,2025-11-05 11:37:12,34.1,,공통,raw,
b200_mixed_ps_sub_r1,LPT,Large (141-200),200,mixed_ps_sub,256.71666666666664,18,20251105,18,BLK_18S,3,베이35A 론지취부,6,2025-11-05 11:37:12,2025-11-05 12:36:12,59.0,35A,베이35A,raw,
b200_mixed_ps_sub_r1,LPT,Large (141-200),200,mixed_ps_sub,256.71666666666664,18,20251105,18,BLK_18S,3,베이35A 론지용접,7,2025-11-05 12:36:12,2025-11-05 12:57:36,21.4,35A,베이35A,raw,
b200_mixed_ps_sub_r1,LPT,Large (141-200),200,mixed_ps_sub,256.71666666666664,18,20251105,18,BLK_18S,3,베이35A 수정,8,2025-11-05 12:57:36,2025-11-05 13:33:24,35.8,35A,베이35A,raw,
b200_mixed_ps_sub_r1,LPT,Large (141-200),200,mixed_ps_sub,256.71666666666664,18,20251105,56,BLK_56C,4,판계,1,2025-11-05 09:20:00,2025-11-05 09:45:00,25.0,,공통,raw,
b200_mixed_ps_sub_r1,LPT,Large (141-200),200,mixed_ps_sub,256.71666666666664,18,20251105,56,BLK_56C,4,전면SAW,2,2025-11-05 10:02:34,2025-11-05 10:34:27,31.9,,공통,raw,
b200_mixed_ps_sub_r1,LPT,Large (141-200),200,mixed_ps_sub,256.71666666666664,18,20251105,56,BLK_56C,4,TurnOver,3,2025-11-05 10:34:27,2025-11-05 10:46:27,12.0,,공통,raw,
b200_mixed_ps_sub_r1,LPT,Large (141-200),200,mixed_ps_sub,256.71666666666664,18,20251105,56,BLK_56C,4,후면SAW,4,2025-11-05 10:46:27,2025-11-05 11:07:17,20.8,,공통,raw,
b200_mixed_ps_sub_r1,LPT,Large (141-200),200,mixed_ps_sub,256.71666666666664,18,20251105,56,BLK_56C,4,NC,5,2025-11-05 11:37:12,2025-11-05 12:10:42,33.5,,공통,raw,
b200_mixed_ps_sub_r1,LPT,Large (141-200),200,mixed_ps_sub,256.71666666666664,18,20251105,56,BLK_56C,4,베이36B 론지취부,6,2025-11-05 12:10:42,2025-11-05 13:09:42,59.0,36B,베이36B,raw,
b200_mixed_ps_sub_r1,LPT,Large (141-200),200,mixed_ps_sub,256.71666666666664,18,20251105,56,BLK_56C,4,베이36B 론지용접,7,2025-11-05 13:09:42,2025-11-05 13:31:06,21.4,36B,베이36B,raw,
b200_mixed_ps_sub_r1,LPT,Large (141-200),200,mixed_ps_sub,256.71666666666664,18,20251105,56,BLK_56C,4,베이36B 수정,8,2025-11-05 13:31:06,2025-11-05 14:06:54,35.8,36B,베이36B,raw,
b200_mixed_ps_sub_r1,LPT,Large (141-200),200,mixed_ps_sub,256.71666666666664,18,20251105,28,BLK_28S,5,판계,1,2025-11-05 09:45:00,2025-11-05 10:05:00,20.0,,공통,raw,
b200_mixed_ps_sub_r1,LPT,Large (141-200),200,mixed_ps_sub,256.71666666666664,18,20251105,28,BLK_28S,5,전면SAW,2,2025-11-05 10:34:27,2025-11-05 11:09:22,34.9,,공통,raw,
b200_mixed_ps_sub_r1,LPT,Large (141-200),200,mixed_ps_sub,256.71666666666664,18,20251105,28,BLK_28S,5,TurnOver,3,2025-11-05 11:09:22,2025-11-05 11:21:22,12.0,,공통,raw,
b200_mixed_ps_sub_r1,LPT,Large (141-200),200,mixed_ps_sub,256.71666666666664,18,20251105,28,BLK_28S,5,후면SAW,4,2025-11-05 11:21:22,2025-11-05 11:46:11,24.8,,공통,raw,
b200_mixed_ps_sub_r1,LPT,Large (141-200),200,mixed_ps_sub,256.71666666666664,18,20251105,28,BLK_28S,5,NC,5,2025-11-05 12:10:42,2025-11-05 12:40:07,29.4,,공통,raw,
b200_mixed_ps_sub_r1,LPT,Large (141-200),200,mixed_ps_sub,256.71666666666664,18,20251105,28,BLK_28S,5,베이35A 론지취부,6,2025-11-05 12:40:07,2025-11-05 13:35:37,55.5,35A,베이35A,raw,
b200_mixed_ps_sub_r1,LPT,Large (141-200),200,mixed_ps_sub,256.71666666666664,18,20251105,28,BLK_28S,5,베이35A 론지용접,7,2025-11-05 13:35:37,2025-11-05 13:56:25,20.8,35A,베이35A,raw,
b200_mixed_ps_sub_r1,LPT,Large (141-200),200,mixed_ps_sub,256.71666666666664,18,20251105,28,BLK_28S,5,베이35A 수정,8,2025-11-05 13:56:25,2025-11-05 14:30:01,33.6,35A,베이35A,raw,
b200_mixed_ps_sub_r1,LPT,Large (141-200),200,mixed_ps_sub,256.71666666666664,18,20251105,178,BLK_178P,6,판계,1,2025-11-05 10:05:00,2025-11-05 10:30:00,25.0,,공통,raw,
b200_mixed_ps_sub_r1,LPT,Large (141-200),200,mixed_ps_sub,256.71666666666664,18,20251105,178,BLK_178P,6,전면SAW,2,2025-11-05 11:09:22,2025-11-05 11:41:01,31.6,,공통,raw,
b200_mixed_ps_sub_r1,LPT,Large (141-200),200,mixed_ps_sub,256.71666666666664,18,20251105,178,BLK_178P,6,TurnOver,3,2025-11-05 11:41:01,2025-11-05 11:53:01,12.0,,공통,raw,
b200_mixed_ps_sub_r1,LPT,Large (141-200),200,mixed_ps_sub,256.71666666666664,18,20251105,178,BLK_178P,6,후면SAW,4,2025-11-05 11:53:01,2025-11-05 12:13:32,20.5,,공통,raw,
b200_mixed_ps_sub_r1,LPT,Large (141-200),200,mixed_ps_sub,256.71666666666664,18,20251105,178,BLK_178P,6,NC,5,2025-11-05 12:40:07,2025-11-05 13:15:00,34.9,,공통,raw,
b200_mixed_ps_sub_r1,LPT,Large (141-200),200,mixed_ps_sub,256.71666666666664,18,20251105,178,BLK_178P,6,베이36B 론지취부,6,2025-11-05 13:15:00,2025-11-05 14:07:00,52.0,36B,베이36B,raw,
b200_mixed_ps_sub_r1,LPT,Large (141-200),200,mixed_ps_sub,256.71666666666664,18,20251105,178,BLK_178P,6,베이36B 론지용접,7,2025-11-05 14:07:00,2025-11-05 14:27:12,20.2,36B,베이36B,raw,
b200_mixed_ps_sub_r1,LPT,Large (141-200),200,mixed_ps_sub,256.71666666666664,18,20251105,178,BLK_178P,6,베이36B 수정,8,2025-11-05 14:27:12,2025-11-05 14:58:36,31.4,36B,베이36B,raw,
b200_mixed_ps_sub_r1,LPT,Large (141-200),200,mixed_ps_sub,256.71666666666664,18,20251105,81,BLK_81C,7,판계,1,2025-11-05 10:30:00,2025-11-05 10:50:00,20.0,,공통,raw,
b200_mixed_ps_sub_r1,LPT,Large (141-200),200,mixed_ps_sub,256.71666666666664,18,20251105,81,BLK_81C,7,전면SAW,2,2025-11-05 11:41:01,2025-11-05 12:14:08,33.1,,공통,raw,
b200_mixed_ps_sub_r1,LPT,Large (141-200),200,mixed_ps_sub,256.71666666666664,18,20251105,81,BLK_81C,7,TurnOver,3,2025-11-05 12:14:08,2025-11-05 12:26:08,12.0,,공통,raw,
b200_mixed_ps_sub_r1,LPT,Large (141-200),200,mixed_ps_sub,256.71666666666664,18,20251105,81,BLK_81C,7,후면SAW,4,2025-11-05 12:26:08,2025-11-05 12:48:35,22.4,,공통,raw,
b200_mixed_ps_sub_r1,LPT,Large (141-200),200,mixed_ps_sub,256.71666666666664,18,20251105,81,BLK_81C,7,NC,5,2025-11-05 13:15:00,2025-11-05 13:44:59,30.0,,공통,raw,
b200_mixed_ps_sub_r1,LPT,Large (141-200),200,mixed_ps_sub,256.71666666666664,18,20251105,81,BLK_81C,7,베이35A 론지취부,6,2025-11-05 13:44:59,2025-11-05 14:40:29,55.5,35A,베이35A,raw,
b200_mixed_ps_sub_r1,LPT,Large (141-200),200,mixed_ps_sub,256.71666666666664,18,20251105,81,BLK_81C,7,베이35A 론지용접,7,2025-11-05 14:40:29,2025-11-05 15:01:17,20.8,35A,베이35A,raw,
b200_mixed_ps_sub_r1,LPT,Large (141-200),200,mixed_ps_sub,256.71666666666664,18,20251105,81,BLK_81C,7,베이35A 수정,8,2025-11-05 15:01:17,2025-11-05 15:34:53,33.6,35A,베이35A,raw,
b200_mixed_ps_sub_r1,LPT,Large (141-200),200,mixed_ps_sub,256.71666666666664,18,20251105,59,BLK_59P,8,판계,1,2025-11-05 10:50:00,2025-11-05 11:02:00,12.0,,공통,raw,
b200_mixed_ps_sub_r1,LPT,Large (141-200),200,mixed_ps_sub,256.71666666666664,18,20251105,59,BLK_59P,8,전면SAW,2,2025-11-05 12:14:08,2025-11-05 13:03:07,49.0,,공통,raw,
b200_mixed_ps_sub_r1,LPT,Large (141-200),200,mixed_ps_sub,256.71666666666664,18,20251105,59,BLK_59P,8,TurnOver,3,2025-11-05 13:03:07,2025-11-05 13:15:07,12.0,,공통,raw,
b200_mixed_ps_sub_r1,LPT,Large (141-200),200,mixed_ps_sub,256.71666666666664,18,20251105,59,BLK_59P,8,후면SAW,4,2025-11-05 13:15:07,2025-11-05 13:58:27,43.3,,공통,raw,
b200_mixed_ps_sub_r1,LPT,Large (141-200),200,mixed_ps_sub,256.71666666666664,18,20251105,59,BLK_59P,8,NC,5,2025-11-05 13:58:27,2025-11-05 14:19:31,21.1,,공통,raw,
b200_mixed_ps_sub_r1,LPT,Large (141-200),200,mixed_ps_sub,256.71666666666664,18,20251105,59,BLK_59P,8,베이36B 론지취부,6,2025-11-05 14:19:31,2025-11-05 15:04:31,45.0,36B,베이36B,raw,
b200_mixed_ps_sub_r1,LPT,Large (141-200),200,mixed_ps_sub,256.71666666666664,18,20251105,59,BLK_59P,8,베이36B 론지용접,7,2025-11-05 15:04:31,2025-11-05 15:19:31,15.0,36B,베이36B,raw,
b200_mixed_ps_sub_r1,LPT,Large (141-200),200,mixed_ps_sub,256.71666666666664,18,20251105,59,BLK_59P,8,베이36B 수정,8,2025-11-05 15:19:31,2025-11-05 15:46:31,27.0,36B,베이36B,raw,
b200_mixed_ps_sub_r1,LPT,Large (141-200),200,mixed_ps_sub,256.71666666666664,18,20251105,68,BLK_68S,9,판계,1,2025-11-05 11:02:00,2025-11-05 11:27:00,25.0,,공통,raw,
b200_mixed_ps_sub_r1,LPT,Large (141-200),200,mixed_ps_sub,256.71666666666664,18,20251105,68,BLK_68S,9,전면SAW,2,2025-11-05 13:03:07,2025-11-05 13:34:06,31.0,,공통,raw,
b200_mixed_ps_sub_r1,LPT,Large (141-200),200,mixed_ps_sub,256.71666666666664,18,20251105,68,BLK_68S,9,TurnOver,3,2025-11-05 13:34:06,2025-11-05 13:46:06,12.0,,공통,raw,
b200_mixed_ps_sub_r1,LPT,Large (141-200),200,mixed_ps_sub,256.71666666666664,18,20251105,68,BLK_68S,9,후면SAW,4,2025-11-05 13:58:27,2025-11-05 14:18:05,19.6,,공통,raw,
b200_mixed_ps_sub_r1,LPT,Large (141-200),200,mixed_ps_sub,256.71666666666664,18,20251105,68,BLK_68S,9,NC,5,2025-11-05 14:19:31,2025-11-05 14:51:27,31.9,,공통,raw,
b200_mixed_ps_sub_r1,LPT,Large (141-200),200,mixed_ps_sub,256.71666666666664,18,20251105,68,BLK_68S,9,베이35A 론지취부,6,2025-11-05 14:51:27,2025-11-05 15:46:57,55.5,35A,베이35A,raw,
b200_mixed_ps_sub_r1,LPT,Large (141-200),200,mixed_ps_sub,256.71666666666664,18,20251105,68,BLK_68S,9,베이35A 론지용접,7,2025-11-05 15:46:57,2025-11-05 16:07:45,20.8,35A,베이35A,raw,
b200_mixed_ps_sub_r1,LPT,Large (141-200),200,mixed_ps_sub,256.71666666666664,18,20251105,68,BLK_68S,9,베이35A 수정,8,2025-11-05 16:07:45,2025-11-05 16:41:21,33.6,35A,베이35A,raw,
b200_mixed_ps_sub_r1,LPT,Large (141-200),200,mixed_ps_sub,256.71666666666664,18,20251105,12,BLK_12C,10,판계,1,2025-11-05 11:27:00,2025-11-05 11:47:00,20.0,,공통,raw,
b200_mixed_ps_sub_r1,LPT,Large (141-200),200,mixed_ps_sub,256.71666666666664,18,20251105,12,BLK_12C,10,전면SAW,2,2025-11-05 13:34:06,2025-11-05 14:13:21,39.2,,공통,raw,
b200_mixed_ps_sub_r1,LPT,Large (141-200),200,mixed_ps_sub,256.71666666666664,18,20251105,12,BLK_12C,10,TurnOver,3,2025-11-05 14:13:21,2025-11-05 14:25:21,12.0,,공통,raw,
b200_mixed_ps_sub_r1,LPT,Large (141-200),200,mixed_ps_sub,256.71666666666664,18,20251105,12,BLK_12C,10,후면SAW,4,2025-11-05 14:25:21,2025-11-05 14:55:52,30.5,,공통,raw,
b200_mixed_ps_sub_r1,LPT,Large (141-200),200,mixed_ps_sub,256.71666666666664,18,20251105,12,BLK_12C,10,NC,5,2025-11-05 14:55:52,2025-11-05 15:25:03,29.2,,공통,raw,
b200_mixed_ps_sub_r1,LPT,Large (141-200),200,mixed_ps_sub,256.71666666666664,18,20251105,12,BLK_12C,10,베이36B 론지취부,6,2025-11-05 15:25:03,2025-11-05 16:13:33,48.5,36B,베이36B,raw,
b200_mixed_ps_sub_r1,LPT,Large (141-200),200,mixed_ps_sub,256.71666666666664,18,20251105,12,BLK_12C,10,베이36B 론지용접,7,2025-11-05 16:13:33,2025-11-05 16:33:09,19.6,36B,베이36B,raw,
b200_mixed_ps_sub_r1,LPT,Large (141-200),200,mixed_ps_sub,256.71666666666664,18,20251105,12,BLK_12C,10,베이36B 수정,8,2025-11-05 16:33:09,2025-11-05 17:02:21,29.2,36B,베이36B,raw,
b200_mixed_ps_sub_r1,LPT,Large (141-200),200,mixed_ps_sub,256.71666666666664,18,20251105,117,BLK_117C,11,판계,1,2025-11-05 11:47:00,2025-11-05 12:07:00,20.0,,공통,raw,
b200_mixed_ps_sub_r1,LPT,Large (141-200),200,mixed_ps_sub,256.71666666666664,18,20251105,117,BLK_117C,11,전면SAW,2,2025-11-05 14:13:21,2025-11-05 14:43:19,30.0,,공통,raw,
b200_mixed_ps_sub_r1,LPT,Large (141-200),200,mixed_ps_sub,256.71666666666664,18,20251105,117,BLK_117C,11,TurnOver,3,2025-11-05 14:43:19,2025-11-05 14:55:19,12.0,,공통,raw,
b200_mixed_ps_sub_r1,LPT,Large (141-200),200,mixed_ps_sub,256.71666666666664,18,20251105,117,BLK_117C,11,후면SAW,4,2025-11-05 14:55:52,2025-11-05 15:14:12,18.3,,공통,raw,
b200_mixed_ps_sub_r1,LPT,Large (141-200),200,mixed_ps_sub,256.71666666666664,18,20251105,117,BLK_117C,11,NC,5,2025-11-05 15:25:03,2025-11-05 15:52:04,27.0,,공통,raw,
b200_mixed_ps_sub_r1,LPT,Large (141-200),200,mixed_ps_sub,256.71666666666664,18,20251105,117,BLK_117C,11,베이35A 론지취부,6,2025-11-05 15:52:04,2025-11-05 16:47:34,55.5,35A,베이35A,raw,
b200_mixed_ps_sub_r1,LPT,Large (141-200),200,mixed_ps_sub,256.71666666666664,18,20251105,117,BLK_117C,11,베이35A 론지용접,7,2025-11-05 16:47:34,2025-11-05 17:08:22,20.8,35A,베이35A,raw,
b200_mixed_ps_sub_r1,LPT,Large (141-200),200,mixed_ps_sub,256.71666666666664,18,20251105,117,BLK_117C,11,베이35A 수정,8,2025-11-05 17:08:22,2025-11-05 17:41:58,33.6,35A,베이35A,raw,
b200_mixed_ps_sub_r1,LPT,Large (141-200),200,mixed_ps_sub,256.71666666666664,18,20251105,161,BLK_161S,12,판계,1,2025-11-05 12:07:00,2025-11-05 12:19:00,12.0,,공통,raw,
b200_mixed_ps_sub_r1,LPT,Large (141-200),200,mixed_ps_sub,256.71666666666664,18,20251105,161,BLK_161S,12,전면SAW,2,2025-11-05 14:43:19,2025-11-05 15:30:12,46.9,,공통,raw,
b200_mixed_ps_sub_r1,LPT,Large (141-200),200,mixed_ps_sub,256.71666666666664,18,20251105,161,BLK_161S,12,TurnOver,3,2025-11-05 15:30:12,2025-11-05 15:42:12,12.0,,공통,raw,
b200_mixed_ps_sub_r1,LPT,Large (141-200),200,mixed_ps_sub,256.71666666666664,18,20251105,161,BLK_161S,12,후면SAW,4,2025-11-05 15:42:12,2025-11-05 16:22:46,40.6,,공통,raw,
b200_mixed_ps_sub_r1,LPT,Large (141-200),200,mixed_ps_sub,256.71666666666664,18,20251105,161,BLK_161S,12,NC,5,2025-11-05 16:22:46,2025-11-05 16:45:06,22.3,,공통,raw,
b200_mixed_ps_sub_r1,LPT,Large (141-200),200,mixed_ps_sub,256.71666666666664,18,20251105,161,BLK_161S,12,베이36B 론지취부,6,2025-11-05 16:45:06,2025-11-05 17:26:36,41.5,36B,베이36B,raw,
b200_mixed_ps_sub_r1,LPT,Large (141-200),200,mixed_ps_sub,256.71666666666664,18,20251105,161,BLK_161S,12,베이36B 론지용접,7,2025-11-05 17:26:36,2025-11-05 17:41:00,14.4,36B,베이36B,raw,
b200_mixed_ps_sub_r1,LPT,Large (141-200),200,mixed_ps_sub,256.71666666666664,18,20251105,161,BLK_161S,12,베이36B 수정,8,2025-11-05 17:41:00,2025-11-05 18:05:48,24.8,36B,베이36B,raw,
b200_mixed_ps_sub_r1,LPT,Large (141-200),200,mixed_ps_sub,256.71666666666664,18,20251105,91,BLK_91P,13,판계,1,2025-11-05 12:19:00,2025-11-05 12:49:00,30.0,,공통,raw,
b200_mixed_ps_sub_r1,LPT,Large (141-200),200,mixed_ps_sub,256.71666666666664,18,20251105,91,BLK_91P,13,전면SAW,2,2025-11-05 15:30:12,2025-11-05 15:58:08,27.9,,공통,raw,
b200_mixed_ps_sub_r1,LPT,Large (141-200),200,mixed_ps_sub,256.71666666666664,18,20251105,91,BLK_91P,13,TurnOver,3,2025-11-05 15:58:08,2025-11-05 16:10:08,12.0,,공통,raw,
b200_mixed_ps_sub_r1,LPT,Large (141-200),200,mixed_ps_sub,256.71666666666664,18,20251105,91,BLK_91P,13,후면SAW,4,2025-11-05 16:22:46,2025-11-05 16:38:24,15.6,,공통,raw,
b200_mixed_ps_sub_r1,LPT,Large (141-200),200,mixed_ps_sub,256.71666666666664,18,20251105,91,BLK_91P,13,NC,5,2025-11-05 16:45:06,2025-11-05 17:22:24,37.3,,공통,raw,
b200_mixed_ps_sub_r1,LPT,Large (141-200),200,mixed_ps_sub,256.71666666666664,18,20251105,91,BLK_91P,13,베이35A 론지취부,6,2025-11-05 17:22:24,2025-11-05 18:07:24,45.0,35A,베이35A,raw,
b200_mixed_ps_sub_r1,LPT,Large (141-200),200,mixed_ps_sub,256.71666666666664,18,20251105,91,BLK_91P,13,베이35A 론지용접,7,2025-11-05 18:07:24,2025-11-05 18:26:24,19.0,35A,베이35A,raw,
b200_mixed_ps_sub_r1,LPT,Large (141-200),200,mixed_ps_sub,256.71666666666664,18,20251105,91,BLK_91P,13,베이35A 수정,8,2025-11-05 18:26:24,2025-11-05 18:53:24,27.0,35A,베이35A,raw,
b200_mixed_ps_sub_r1,LPT,Large (141-200),200,mixed_ps_sub,256.71666666666664,18,20251105,118,BLK_118C,14,판계,1,2025-11-05 12:49:00,2025-11-05 13:01:00,12.0,,공통,raw,
b200_mixed_ps_sub_r1,LPT,Large (141-200),200,mixed_ps_sub,256.71666666666664,18,20251105,118,BLK_118C,14,전면SAW,2,2025-11-05 15:58:08,2025-11-05 16:46:34,48.4,,공통,raw,
b200_mixed_ps_sub_r1,LPT,Large (141-200),200,mixed_ps_sub,256.71666666666664,18,20251105,118,BLK_118C,14,TurnOver,3,2025-11-05 16:46:34,2025-11-05 16:58:34,12.0,,공통,raw,
b200_mixed_ps_sub_r1,LPT,Large (141-200),200,mixed_ps_sub,256.71666666666664,18,20251105,118,BLK_118C,14,후면SAW,4,2025-11-05 16:58:34,2025-11-05 17:41:10,42.6,,공통,raw,
b200_mixed_ps_sub_r1,LPT,Large (141-200),200,mixed_ps_sub,256.71666666666664,18,20251105,118,BLK_118C,14,NC,5,2025-11-05 17:41:10,2025-11-05 18:04:33,23.4,,공통,raw,
b200_mixed_ps_sub_r1,LPT,Large (141-200),200,mixed_ps_sub,256.71666666666664,18,20251105,118,BLK_118C,14,베이36B 론지취부,6,2025-11-05 18:04:33,2025-11-05 18:35:33,31.0,36B,베이36B,raw,
b200_mixed_ps_sub_r1,LPT,Large (141-200),200,mixed_ps_sub,256.71666666666664,18,20251105,118,BLK_118C,14,베이36B 론지용접,7,2025-11-05 18:35:33,2025-11-05 18:52:09,16.6,36B,베이36B,raw,
b200_mixed_ps_sub_r1,LPT,Large (141-200),200,mixed_ps_sub,256.71666666666664,18,20251105,118,BLK_118C,14,베이36B 수정,8,2025-11-05 18:52:09,2025-11-05 19:10:21,18.2,36B,베이36B,raw,
b200_mixed_ps_sub_r1,LPT,Large (141-200),200,mixed_ps_sub,256.71666666666664,18,20251105,67,BLK_67S,15,판계,1,2025-11-05 13:01:00,2025-11-05 13:26:00,25.0,,공통,raw,
b200_mixed_ps_sub_r1,LPT,Large (141-200),200,mixed_ps_sub,256.71666666666664,18,20251105,67,BLK_67S,15,전면SAW,2,2025-11-05 16:46:34,2025-11-05 17:16:50,30.3,,공통,raw,
b200_mixed_ps_sub_r1,LPT,Large (141-200),200,mixed_ps_sub,256.71666666666664,18,20251105,67,BLK_67S,15,TurnOver,3,2025-11-05 17:16:50,2025-11-05 17:28:50,12.0,,공통,raw,
b200_mixed_ps_sub_r1,LPT,Large (141-200),200,mixed_ps_sub,256.71666666666664,18,20251105,67,BLK_67S,15,후면SAW,4,2025-11-05 17:41:10,2025-11-05 17:59:52,18.7,,공통,raw,
b200_mixed_ps_sub_r1,LPT,Large (141-200),200,mixed_ps_sub,256.71666666666664,18,20251105,67,BLK_67S,15,NC,5,2025-11-05 18:04:33,2025-11-05 18:37:00,32.5,,공통,raw,
b200_mixed_ps_sub_r1,LPT,Large (141-200),200,mixed_ps_sub,256.71666666666664,18,20251105,67,BLK_67S,15,베이35A 론지취부,6,2025-11-05 18:37:00,2025-11-05 19:15:00,38.0,35A,베이35A,raw,
b200_mixed_ps_sub_r1,LPT,Large (141-200),200,mixed_ps_sub,256.71666666666664,18,20251105,67,BLK_67S,15,베이35A 론지용접,7,2025-11-05 19:15:00,2025-11-05 19:32:48,17.8,35A,베이35A,raw,
b200_mixed_ps_sub_r1,LPT,Large (141-200),200,mixed_ps_sub,256.71666666666664,18,20251105,67,BLK_67S,15,베이35A 수정,8,2025-11-05 19:32:48,2025-11-05 19:55:24,22.6,35A,베이35A,raw,
b200_mixed_ps_sub_r1,LPT,Large (141-200),200,mixed_ps_sub,256.71666666666664,18,20251105,30,BLK_30P,16,판계,1,2025-11-05 13:26:00,2025-11-05 13:46:00,20.0,,공통,raw,
b200_mixed_ps_sub_r1,LPT,Large (141-200),200,mixed_ps_sub,256.71666666666664,18,20251105,30,BLK_30P,16,전면SAW,2,2025-11-05 17:16:50,2025-11-05 17:52:41,35.9,,공통,raw,
b200_mixed_ps_sub_r1,LPT,Large (141-200),200,mixed_ps_sub,256.71666666666664,18,20251105,30,BLK_30P,16,TurnOver,3,2025-11-05 17:52:41,2025-11-05 18:04:41,12.0,,공통,raw,
b200_mixed_ps_sub_r1,LPT,Large (141-200),200,mixed_ps_sub,256.71666666666664,18,20251105,30,BLK_30P,16,후면SAW,4,2025-11-05 18:04:41,2025-11-05 18:30:44,26.1,,공통,raw,
b200_mixed_ps_sub_r1,LPT,Large (141-200),200,mixed_ps_sub,256.71666666666664,18,20251105,30,BLK_30P,16,NC,5,2025-11-05 18:37:00,2025-11-05 19:06:27,29.4,,공통,raw,
b200_mixed_ps_sub_r1,LPT,Large (141-200),200,mixed_ps_sub,256.71666666666664,18,20251105,30,BLK_30P,16,베이36B 론지취부,6,2025-11-05 19:06:27,2025-11-05 19:40:57,34.5,36B,베이36B,raw,
b200_mixed_ps_sub_r1,LPT,Large (141-200),200,mixed_ps_sub,256.71666666666664,18,20251105,30,BLK_30P,16,베이36B 론지용접,7,2025-11-05 19:40:57,2025-11-05 19:58:09,17.2,36B,베이36B,raw,
b200_mixed_ps_sub_r1,LPT,Large (141-200),200,mixed_ps_sub,256.71666666666664,18,20251105,30,BLK_30P,16,베이36B 수정,8,2025-11-05 19:58:09,2025-11-05 20:18:33,20.4,36B,베이36B,raw,
b200_mixed_ps_sub_r1,LPT,Large (141-200),200,mixed_ps_sub,256.71666666666664,18,20251105,121,BLK_121C,17,판계,1,2025-11-05 13:46:00,2025-11-05 13:58:00,12.0,,공통,raw,
b200_mixed_ps_sub_r1,LPT,Large (141-200),200,mixed_ps_sub,256.71666666666664,18,20251105,121,BLK_121C,17,전면SAW,2,2025-11-05 17:52:41,2025-11-05 18:39:33,46.9,,공통,raw,
b200_mixed_ps_sub_r1,LPT,Large (141-200),200,mixed_ps_sub,256.71666666666664,18,20251105,121,BLK_121C,17,TurnOver,3,2025-11-05 18:39:33,2025-11-05 18:51:33,12.0,,공통,raw,
b200_mixed_ps_sub_r1,LPT,Large (141-200),200,mixed_ps_sub,256.71666666666664,18,20251105,121,BLK_121C,17,후면SAW,4,2025-11-05 18:51:33,2025-11-05 19:32:05,40.5,,공통,raw,
b200_mixed_ps_sub_r1,LPT,Large (141-200),200,mixed_ps_sub,256.71666666666664,18,20251105,121,BLK_121C,17,NC,5,2025-11-05 19:32:05,2025-11-05 19:54:12,22.1,,공통,raw,
b200_mixed_ps_sub_r1,LPT,Large (141-200),200,mixed_ps_sub,256.71666666666664,18,20251105,121,BLK_121C,17,베이35A 론지취부,6,2025-11-05 19:54:12,2025-11-05 20:25:12,31.0,35A,베이35A,raw,
b200_mixed_ps_sub_r1,LPT,Large (141-200),200,mixed_ps_sub,256.71666666666664,18,20251105,121,BLK_121C,17,베이35A 론지용접,7,2025-11-05 20:25:12,2025-11-05 20:37:48,12.6,35A,베이35A,raw,
b200_mixed_ps_sub_r1,LPT,Large (141-200),200,mixed_ps_sub,256.71666666666664,18,20251105,121,BLK_121C,17,베이35A 수정,8,2025-11-05 20:37:48,2025-11-05 20:56:00,18.2,35A,베이35A,raw,
b200_mixed_ps_sub_r1,LPT,Large (141-200),200,mixed_ps_sub,256.71666666666664,18,20251105,109,BLK_109P,18,판계,1,2025-11-05 13:58:00,2025-11-05 14:10:00,12.0,,공통,raw,
b200_mixed_ps_sub_r1,LPT,Large (141-200),200,mixed_ps_sub,256.71666666666664,18,20251105,109,BLK_109P,18,전면SAW,2,2025-11-05 18:39:33,2025-11-05 19:26:01,46.5,,공통,raw,
b200_mixed_ps_sub_r1,LPT,Large (141-200),200,mixed_ps_sub,256.71666666666664,18,20251105,109,BLK_109P,18,TurnOver,3,2025-11-05 19:26:01,2025-11-05 19:38:01,12.0,,공통,raw,
b200_mixed_ps_sub_r1,LPT,Large (141-200),200,mixed_ps_sub,256.71666666666664,18,20251105,109,BLK_109P,18,후면SAW,4,2025-11-05 19:38:01,2025-11-05 20:18:04,40.0,,공통,raw,
b200_mixed_ps_sub_r1,LPT,Large (141-200),200,mixed_ps_sub,256.71666666666664,18,20251105,109,BLK_109P,18,NC,5,2025-11-05 20:18:04,2025-11-05 20:39:32,21.5,,공통,raw,
b200_mixed_ps_sub_r1,LPT,Large (141-200),200,mixed_ps_sub,256.71666666666664,18,20251105,109,BLK_109P,18,베이36B 론지취부,6,2025-11-05 20:39:32,2025-11-05 21:10:32,31.0,36B,베이36B,raw,
b200_mixed_ps_sub_r1,LPT,Large (141-200),200,mixed_ps_sub,256.71666666666664,18,20251105,109,BLK_109P,18,베이36B 론지용접,7,2025-11-05 21:10:32,2025-11-05 21:23:08,12.6,36B,베이36B,raw,
b200_mixed_ps_sub_r1,LPT,Large (141-200),200,mixed_ps_sub,256.71666666666664,18,20251105,109,BLK_109P,18,베이36B 수정,8,2025-11-05 21:23:08,2025-11-05 21:41:20,18.2,36B,베이36B,raw,
b200_mixed_ps_sub_r1,LPT,Large (141-200),200,mixed_ps_sub,256.71666666666664,18,20251105,20,BLK_20C,19,판계,1,2025-11-05 14:10:00,2025-11-05 14:22:00,12.0,,공통,raw,
b200_mixed_ps_sub_r1,LPT,Large (141-200),200,mixed_ps_sub,256.71666666666664,18,20251105,20,BLK_20C,19,전면SAW,2,2025-11-05 19:26:01,2025-11-05 20:06:05,40.1,,공통,raw,
b200_mixed_ps_sub_r1,LPT,Large (141-200),200,mixed_ps_sub,256.71666666666664,18,20251105,20,BLK_20C,19,TurnOver,3,2025-11-05 20:06:05,2025-11-05 20:18:05,12.0,,공통,raw,
b200_mixed_ps_sub_r1,LPT,Large (141-200),200,mixed_ps_sub,256.71666666666664,18,20251105,20,BLK_20C,19,후면SAW,4,2025-11-05 20:18:05,2025-11-05 20:49:40,31.6,,공통,raw,
b200_mixed_ps_sub_r1,LPT,Large (141-200),200,mixed_ps_sub,256.71666666666664,18,20251105,20,BLK_20C,19,NC,5,2025-11-05 20:49:40,2025-11-05 21:11:33,21.9,,공통,raw,
b200_mixed_ps_sub_r1,LPT,Large (141-200),200,mixed_ps_sub,256.71666666666664,18,20251105,20,BLK_20C,19,베이35A 론지취부,6,2025-11-05 21:11:33,2025-11-05 21:46:03,34.5,35A,베이35A,raw,
b200_mixed_ps_sub_r1,LPT,Large (141-200),200,mixed_ps_sub,256.71666666666664,18,20251105,20,BLK_20C,19,베이35A 론지용접,7,2025-11-05 21:46:03,2025-11-05 22:03:15,17.2,35A,베이35A,raw,
b200_mixed_ps_sub_r1,LPT,Large (141-200),200,mixed_ps_sub,256.71666666666664,18,20251105,20,BLK_20C,19,베이35A 수정,8,2025-11-05 22:03:15,2025-11-05 22:23:39,20.4,35A,베이35A,raw,
b200_mixed_ps_sub_r1,LPT,Large (141-200),200,mixed_ps_sub,256.71666666666664,18,20251105,71,BLK_71C,20,판계,1,2025-11-05 14:22:00,2025-11-05 14:42:00,20.0,,공통,raw,
b200_mixed_ps_sub_r1,LPT,Large (141-200),200,mixed_ps_sub,256.71666666666664,18,20251105,71,BLK_71C,20,전면SAW,2,2025-11-05 20:06:05,2025-11-05 20:41:53,35.8,,공통,raw,
b200_mixed_ps_sub_r1,LPT,Large (141-200),200,mixed_ps_sub,256.71666666666664,18,20251105,71,BLK_71C,20,TurnOver,3,2025-11-05 20:41:53,2025-11-05 20:53:53,12.0,,공통,raw,
b200_mixed_ps_sub_r1,LPT,Large (141-200),200,mixed_ps_sub,256.71666666666664,18,20251105,71,BLK_71C,20,후면SAW,4,2025-11-05 20:53:53,2025-11-05 21:19:52,26.0,,공통,raw,
b200_mixed_ps_sub_r1,LPT,Large (141-200),200,mixed_ps_sub,256.71666666666664,18,20251105,71,BLK_71C,20,NC,5,2025-11-05 21:19:52,2025-11-05 21:46:07,26.2,,공통,raw,
b200_mixed_ps_sub_r1,LPT,Large (141-200),200,mixed_ps_sub,256.71666666666664,18,20251105,71,BLK_71C,20,베이36B 론지취부,6,2025-11-05 21:46:07,2025-11-05 22:20:37,34.5,36B,베이36B,raw,
b200_mixed_ps_sub_r1,LPT,Large (141-200),200,mixed_ps_sub,256.71666666666664,18,20251105,71,BLK_71C,20,베이36B 론지용접,7,2025-11-05 22:20:37,2025-11-05 22:33:49,13.2,36B,베이36B,raw,
b200_mixed_ps_sub_r1,LPT,Large (141-200),200,mixed_ps_sub,256.71666666666664,18,20251105,71,BLK_71C,20,베이36B 수정,8,2025-11-05 22:33:49,2025-11-05 22:54:13,20.4,36B,베이36B,raw,
b200_mixed_ps_sub_r1,LPT,Large (141-200),200,mixed_ps_sub,256.71666666666664,18,20251105,51,BLK_51P,21,판계,1,2025-11-05 14:42:00,2025-11-05 15:07:00,25.0,,공통,raw,
b200_mixed_ps_sub_r1,LPT,Large (141-200),200,mixed_ps_sub,256.71666666666664,18,20251105,51,BLK_51P,21,전면SAW,2,2025-11-05 20:41:53,2025-11-05 21:07:37,25.7,,공통,raw,
b200_mixed_ps_sub_r1,LPT,Large (141-200),200,mixed_ps_sub,256.71666666666664,18,20251105,51,BLK_51P,21,TurnOver,3,2025-11-05 21:07:37,2025-11-05 21:19:37,12.0,,공통,raw,
b200_mixed_ps_sub_r1,LPT,Large (141-200),200,mixed_ps_sub,256.71666666666664,18,20251105,51,BLK_51P,21,후면SAW,4,2025-11-05 21:19:52,2025-11-05 21:32:52,13.0,,공통,raw,
b200_mixed_ps_sub_r1,LPT,Large (141-200),200,mixed_ps_sub,256.71666666666664,18,20251105,51,BLK_51P,21,NC,5,2025-11-05 21:46:07,2025-11-05 22:17:03,30.9,,공통,raw,
b200_mixed_ps_sub_r1,LPT,Large (141-200),200,mixed_ps_sub,256.71666666666664,18,20251105,51,BLK_51P,21,베이35A 론지취부,6,2025-11-05 22:17:03,2025-11-05 22:55:03,38.0,35A,베이35A,raw,
b200_mixed_ps_sub_r1,LPT,Large (141-200),200,mixed_ps_sub,256.71666666666664,18,20251105,51,BLK_51P,21,베이35A 론지용접,7,2025-11-05 22:55:03,2025-11-05 23:12:51,17.8,35A,베이35A,raw,
b200_mixed_ps_sub_r1,LPT,Large (141-200),200,mixed_ps_sub,256.71666666666664,18,20251105,51,BLK_51P,21,베이35A 수정,8,2025-11-05 23:12:51,2025-11-05 23:35:27,22.6,35A,베이35A,raw,
b200_mixed_ps_sub_r1,LPT,Large (141-200),200,mixed_ps_sub,256.71666666666664,18,20251105,99,BLK_99S,22,판계,1,2025-11-05 15:07:00,2025-11-05 15:19:00,12.0,,공통,raw,
b200_mixed_ps_sub_r1,LPT,Large (141-200),200,mixed_ps_sub,256.71666666666664,18,20251105,99,BLK_99S,22,전면SAW,2,2025-11-05 21:07:37,2025-11-05 21:41:54,34.3,,공통,raw,
b200_mixed_ps_sub_r1,LPT,Large (141-200),200,mixed_ps_sub,256.71666666666664,18,20251105,99,BLK_99S,22,TurnOver,3,2025-11-05 21:41:54,2025-11-05 21:53:54,12.0,,공통,raw,
b200_mixed_ps_sub_r1,LPT,Large (141-200),200,mixed_ps_sub,256.71666666666664,18,20251105,99,BLK_99S,22,후면SAW,4,2025-11-05 21:53:54,2025-11-05 22:17:52,24.0,,공통,raw,
b200_mixed_ps_sub_r1,LPT,Large (141-200),200,mixed_ps_sub,256.71666666666664,18,20251105,99,BLK_99S,22,NC,5,2025-11-05 22:17:52,2025-11-05 22:37:58,20.1,,공통,raw,
b200_mixed_ps_sub_r1,LPT,Large (141-200),200,mixed_ps_sub,256.71666666666664,18,20251105,99,BLK_99S,22,베이36B 론지취부,6,2025-11-05 22:37:58,2025-11-05 23:19:28,41.5,36B,베이36B,raw,
b200_mixed_ps_sub_r1,LPT,Large (141-200),200,mixed_ps_sub,256.71666666666664,18,20251105,99,BLK_99S,22,베이36B 론지용접,7,2025-11-05 23:19:28,2025-11-05 23:33:52,14.4,36B,베이36B,raw,
b200_mixed_ps_sub_r1,LPT,Large (141-200),200,mixed_ps_sub,256.71666666666664,18,20251105,99,BLK_99S,22,베이36B 수정,8,2025-11-05 23:33:52,2025-11-05 23:58:40,24.8,36B,베이36B,raw,
b200_mixed_ps_sub_r1,LPT,Large (141-200),200,mixed_ps_sub,256.71666666666664,18,20251105,116,BLK_116S,23,판계,1,2025-11-05 15:19:00,2025-11-05 15:31:00,12.0,,공통,raw,
b200_mixed_ps_sub_r1,LPT,Large (141-200),200,mixed_ps_sub,256.71666666666664,18,20251105,116,BLK_116S,23,전면SAW,2,2025-11-05 21:41:54,2025-11-05 22:19:54,38.0,,공통,raw,
b200_mixed_ps_sub_r1,LPT,Large (141-200),200,mixed_ps_sub,256.71666666666664,18,20251105,116,BLK_116S,23,TurnOver,3,2025-11-05 22:19:54,2025-11-05 22:31:54,12.0,,공통,raw,
b200_mixed_ps_sub_r1,LPT,Large (141-200),200,mixed_ps_sub,256.71666666666664,18,20251105,116,BLK_116S,23,후면SAW,4,2025-11-05 22:31:54,2025-11-05 23:00:46,28.9,,공통,raw,
b200_mixed_ps_sub_r1,LPT,Large (141-200),200,mixed_ps_sub,256.71666666666664,18,20251105,116,BLK_116S,23,NC,5,2025-11-05 23:00:46,2025-11-05 23:22:54,22.1,,공통,raw,
b200_mixed_ps_sub_r1,LPT,Large (141-200),200,mixed_ps_sub,256.71666666666664,18,20251105,116,BLK_116S,23,베이35A 론지취부,6,2025-11-05 23:22:54,2025-11-05 23:50:24,27.5,35A,베이35A,raw,
b200_mixed_ps_sub_r1,LPT,Large (141-200),200,mixed_ps_sub,256.71666666666664,18,20251105,116,BLK_116S,23,베이35A 론지용접,7,2025-11-05 23:50:24,2025-11-06 00:06:24,16.0,35A,베이35A,raw,
b200_mixed_ps_sub_r1,LPT,Large (141-200),200,mixed_ps_sub,256.71666666666664,18,20251105,116,BLK_116S,23,베이35A 수정,8,2025-11-06 00:06:24,2025-11-06 00:22:24,16.0,35A,베이35A,raw,
b200_mixed_ps_sub_r1,LPT,Large (141-200),200,mixed_ps_sub,256.71666666666664,18,20251105,112,BLK_112S,24,판계,1,2025-11-05 15:31:00,2025-11-05 15:51:00,20.0,,공통,raw,
b200_mixed_ps_sub_r1,LPT,Large (141-200),200,mixed_ps_sub,256.71666666666664,18,20251105,112,BLK_112S,24,전면SAW,2,2025-11-05 22:19:54,2025-11-05 22:51:10,31.3,,공통,raw,
b200_mixed_ps_sub_r1,LPT,Large (141-200),200,mixed_ps_sub,256.71666666666664,18,20251105,112,BLK_112S,24,TurnOver,3,2025-11-05 22:51:10,2025-11-05 23:03:10,12.0,,공통,raw,
b200_mixed_ps_sub_r1,LPT,Large (141-200),200,mixed_ps_sub,256.71666666666664,18,20251105,112,BLK_112S,24,후면SAW,4,2025-11-05 23:03:10,2025-11-05 23:23:11,20.0,,공통,raw,
b200_mixed_ps_sub_r1,LPT,Large (141-200),200,mixed_ps_sub,256.71666666666664,18,20251105,112,BLK_112S,24,NC,5,2025-11-05 23:23:11,2025-11-05 23:48:26,25.2,,공통,raw,
b200_mixed_ps_sub_r1,LPT,Large (141-200),200,mixed_ps_sub,256.71666666666664,18,20251105,112,BLK_112S,24,베이36B 론지취부,6,2025-11-05 23:48:26,2025-11-06 00:15:56,27.5,36B,베이36B,raw,
b200_mixed_ps_sub_r1,LPT,Large (141-200),200,mixed_ps_sub,256.71666666666664,18,20251105,112,BLK_112S,24,베이36B 론지용접,7,2025-11-06 00:15:56,2025-11-06 00:27:56,12.0,36B,베이36B,raw,
b200_mixed_ps_sub_r1,LPT,Large (141-200),200,mixed_ps_sub,256.71666666666664,18,20251105,112,BLK_112S,24,베이36B 수정,8,2025-11-06 00:27:56,2025-11-06 00:43:56,16.0,36B,베이36B,raw,
b200_mixed_ps_sub_r1,LPT,Large (141-200),200,mixed_ps_sub,256.71666666666664,18,20251026,199,BLK_17P,1,판계,1,2025-10-26 08:00:00,2025-10-26 08:33:00,33.0,,공통,inferred_subassembly_member,17
b200_mixed_ps_sub_r1,LPT,Large (141-200),200,mixed_ps_sub,256.71666666666664,18,20251026,199,BLK_17P,1,전면SAW,2,2025-10-26 08:33:00,2025-10-26 10:28:27,115.5,,공통,inferred_subassembly_member,17
b200_mixed_ps_sub_r1,LPT,Large (141-200),200,mixed_ps_sub,256.71666666666664,18,20251026,199,BLK_17P,1,TurnOver,3,2025-10-26 10:28:27,2025-10-26 10:40:27,12.0,,공통,inferred_subassembly_member,17
b200_mixed_ps_sub_r1,LPT,Large (141-200),200,mixed_ps_sub,256.71666666666664,18,20251026,199,BLK_17P,1,후면SAW,4,2025-10-26 10:40:27,2025-10-26 12:13:28,93.0,,공통,inferred_subassembly_member,17
b200_mixed_ps_sub_r1,LPT,Large (141-200),200,mixed_ps_sub,256.71666666666664,18,20251026,199,BLK_17P,1,NC,5,2025-10-26 12:13:28,2025-10-26 12:55:01,41.6,,공통,inferred_subassembly_member,17
b200_mixed_ps_sub_r1,LPT,Large (141-200),200,mixed_ps_sub,256.71666666666664,18,20251026,199,BLK_17P,1,베이35A 론지취부,6,2025-10-26 12:55:01,2025-10-26 14:11:31,76.5,35A,베이35A,inferred_subassembly_member,17
b200_mixed_ps_sub_r1,LPT,Large (141-200),200,mixed_ps_sub,256.71666666666664,18,20251026,199,BLK_17P,1,베이35A 론지용접,7,2025-10-26 14:11:31,2025-10-26 14:35:55,24.4,35A,베이35A,inferred_subassembly_member,17
b200_mixed_ps_sub_r1,LPT,Large (141-200),200,mixed_ps_sub,256.71666666666664,18,20251026,199,BLK_17P,1,베이35A 수정,8,2025-10-26 14:35:55,2025-10-26 15:22:43,46.8,35A,베이35A,inferred_subassembly_member,17
b200_mixed_ps_sub_r1,LPT,Large (141-200),200,mixed_ps_sub,256.71666666666664,18,20251028,195,BLK_153P,47,판계,1,2025-10-28 16:04:00,2025-10-28 16:49:00,45.0,,공통,inferred_subassembly_member,153
b200_mixed_ps_sub_r1,LPT,Large (141-200),200,mixed_ps_sub,256.71666666666664,18,20251028,195,BLK_153P,47,전면SAW,2,2025-10-29 04:26:13,2025-10-29 05:07:03,40.8,,공통,inferred_subassembly_member,153
b200_mixed_ps_sub_r1,LPT,Large (141-200),200,mixed_ps_sub,256.71666666666664,18,20251028,195,BLK_153P,47,TurnOver,3,2025-10-29 05:07:03,2025-10-29 05:19:03,12.0,,공통,inferred_subassembly_member,153
b200_mixed_ps_sub_r1,LPT,Large (141-200),200,mixed_ps_sub,256.71666666666664,18,20251028,195,BLK_153P,47,후면SAW,4,2025-10-29 07:02:49,2025-10-29 07:35:25,32.6,,공통,inferred_subassembly_member,153
b200_mixed_ps_sub_r1,LPT,Large (141-200),200,mixed_ps_sub,256.71666666666664,18,20251028,195,BLK_153P,47,NC,5,2025-10-29 07:35:25,2025-10-29 08:29:09,53.7,,공통,inferred_subassembly_member,153
b200_mixed_ps_sub_r1,LPT,Large (141-200),200,mixed_ps_sub,256.71666666666664,18,20251028,195,BLK_153P,47,베이35A 론지취부,6,2025-10-29 08:29:09,2025-10-29 09:21:09,52.0,35A,베이35A,inferred_subassembly_member,153
b200_mixed_ps_sub_r1,LPT,Large (141-200),200,mixed_ps_sub,256.71666666666664,18,20251028,195,BLK_153P,47,베이35A 론지용접,7,2025-10-29 09:21:09,2025-10-29 09:41:21,20.2,35A,베이35A,inferred_subassembly_member,153
b200_mixed_ps_sub_r1,LPT,Large (141-200),200,mixed_ps_sub,256.71666666666664,18,20251028,195,BLK_153P,47,베이35A 수정,8,2025-10-29 09:41:21,2025-10-29 10:12:45,31.4,35A,베이35A,inferred_subassembly_member,153
b200_mixed_ps_sub_r1,LPT,Large (141-200),200,mixed_ps_sub,256.71666666666664,18,20251029,198,BLK_32S,65,판계,1,2025-10-29 14:56:00,2025-10-29 15:26:00,30.0,,공통,inferred_subassembly_member,32
b200_mixed_ps_sub_r1,LPT,Large (141-200),200,mixed_ps_sub,256.71666666666664,18,20251029,198,BLK_32S,65,전면SAW,2,2025-10-29 22:29:06,2025-10-29 23:03:19,34.2,,공통,inferred_subassembly_member,32
b200_mixed_ps_sub_r1,LPT,Large (141-200),200,mixed_ps_sub,256.71666666666664,18,20251029,198,BLK_32S,65,TurnOver,3,2025-10-29 23:03:19,2025-10-29 23:15:19,12.0,,공통,inferred_subassembly_member,32
b200_mixed_ps_sub_r1,LPT,Large (141-200),200,mixed_ps_sub,256.71666666666664,18,20251029,198,BLK_32S,65,후면SAW,4,2025-10-30 00:04:44,2025-10-30 00:28:39,23.9,,공통,inferred_subassembly_member,32
b200_mixed_ps_sub_r1,LPT,Large (141-200),200,mixed_ps_sub,256.71666666666664,18,20251029,198,BLK_32S,65,NC,5,2025-10-30 00:53:34,2025-10-30 01:38:18,44.7,,공통,inferred_subassembly_member,32
b200_mixed_ps_sub_r1,LPT,Large (141-200),200,mixed_ps_sub,256.71666666666664,18,20251029,198,BLK_32S,65,베이36B 론지취부,6,2025-10-30 01:38:18,2025-10-30 03:22:48,104.5,36B,베이36B,inferred_subassembly_member,32
b200_mixed_ps_sub_r1,LPT,Large (141-200),200,mixed_ps_sub,256.71666666666664,18,20251029,198,BLK_32S,65,베이36B 론지용접,7,2025-10-30 03:22:48,2025-10-30 03:52:00,29.2,36B,베이36B,inferred_subassembly_member,32
b200_mixed_ps_sub_r1,LPT,Large (141-200),200,mixed_ps_sub,256.71666666666664,18,20251029,198,BLK_32S,65,베이36B 수정,8,2025-10-30 03:52:00,2025-10-30 04:56:24,64.4,36B,베이36B,inferred_subassembly_member,32
b200_mixed_ps_sub_r1,LPT,Large (141-200),200,mixed_ps_sub,256.71666666666664,18,20251031,194,BLK_158P,97,판계,1,2025-10-31 11:00:00,2025-10-31 11:40:00,40.0,,공통,inferred_subassembly_member,158
b200_mixed_ps_sub_r1,LPT,Large (141-200),200,mixed_ps_sub,256.71666666666664,18,20251031,194,BLK_158P,97,전면SAW,2,2025-10-31 16:15:43,2025-10-31 19:09:42,174.0,,공통,inferred_subassembly_member,158
b200_mixed_ps_sub_r1,LPT,Large (141-200),200,mixed_ps_sub,256.71666666666664,18,20251031,194,BLK_158P,97,TurnOver,3,2025-10-31 19:09:42,2025-10-31 19:21:42,12.0,,공통,inferred_subassembly_member,158
b200_mixed_ps_sub_r1,LPT,Large (141-200),200,mixed_ps_sub,256.71666666666664,18,20251031,194,BLK_158P,97,후면SAW,4,2025-10-31 19:21:42,2025-10-31 21:31:00,129.3,,공통,inferred_subassembly_member,158
b200_mixed_ps_sub_r1,LPT,Large (141-200),200,mixed_ps_sub,256.71666666666664,18,20251031,194,BLK_158P,97,NC,5,2025-10-31 21:31:00,2025-10-31 22:17:54,46.9,,공통,inferred_subassembly_member,158
b200_mixed_ps_sub_r1,LPT,Large (141-200),200,mixed_ps_sub,256.71666666666664,18,20251031,194,BLK_158P,97,베이35A 론지취부,6,2025-10-31 22:17:54,2025-10-31 23:23:54,66.0,35A,베이35A,inferred_subassembly_member,158
b200_mixed_ps_sub_r1,LPT,Large (141-200),200,mixed_ps_sub,256.71666666666664,18,20251031,194,BLK_158P,97,베이35A 론지용접,7,2025-10-31 23:23:54,2025-10-31 23:46:30,22.6,35A,베이35A,inferred_subassembly_member,158
b200_mixed_ps_sub_r1,LPT,Large (141-200),200,mixed_ps_sub,256.71666666666664,18,20251031,194,BLK_158P,97,베이35A 수정,8,2025-10-31 23:46:30,2025-11-01 00:26:42,40.2,35A,베이35A,inferred_subassembly_member,158
b200_mixed_ps_sub_r1,LPT,Large (141-200),200,mixed_ps_sub,256.71666666666664,18,20251101,191,BLK_16P,106,판계,1,2025-11-01 08:00:00,2025-11-01 08:25:00,25.0,,공통,inferred_subassembly_member,16
b200_mixed_ps_sub_r1,LPT,Large (141-200),200,mixed_ps_sub,256.71666666666664,18,20251101,191,BLK_16P,106,전면SAW,2,2025-11-01 08:25:00,2025-11-01 09:16:26,51.4,,공통,inferred_subassembly_member,16
b200_mixed_ps_sub_r1,LPT,Large (141-200),200,mixed_ps_sub,256.71666666666664,18,20251101,191,BLK_16P,106,TurnOver,3,2025-11-01 09:16:26,2025-11-01 09:28:26,12.0,,공통,inferred_subassembly_member,16
b200_mixed_ps_sub_r1,LPT,Large (141-200),200,mixed_ps_sub,256.71666666666664,18,20251101,191,BLK_16P,106,후면SAW,4,2025-11-01 09:28:26,2025-11-01 10:15:00,46.6,,공통,inferred_subassembly_member,16
b200_mixed_ps_sub_r1,LPT,Large (141-200),200,mixed_ps_sub,256.71666666666664,18,20251101,191,BLK_16P,106,NC,5,2025-11-01 10:15:00,2025-11-01 10:51:36,36.6,,공통,inferred_subassembly_member,16
b200_mixed_ps_sub_r1,LPT,Large (141-200),200,mixed_ps_sub,256.71666666666664,18,20251101,191,BLK_16P,106,베이36B 론지취부,6,2025-11-01 10:51:36,2025-11-01 12:15:06,83.5,36B,베이36B,inferred_subassembly_member,16
b200_mixed_ps_sub_r1,LPT,Large (141-200),200,mixed_ps_sub,256.71666666666664,18,20251101,191,BLK_16P,106,베이36B 론지용접,7,2025-11-01 12:15:06,2025-11-01 12:40:42,25.6,36B,베이36B,inferred_subassembly_member,16
b200_mixed_ps_sub_r1,LPT,Large (141-200),200,mixed_ps_sub,256.71666666666664,18,20251101,191,BLK_16P,106,베이36B 수정,8,2025-11-01 12:40:42,2025-11-01 13:31:54,51.2,36B,베이36B,inferred_subassembly_member,16
b200_mixed_ps_sub_r1,LPT,Large (141-200),200,mixed_ps_sub,256.71666666666664,18,20251104,192,BLK_119S,146,판계,1,2025-11-04 08:50:00,2025-11-04 09:20:00,30.0,,공통,inferred_subassembly_member,119
b200_mixed_ps_sub_r1,LPT,Large (141-200),200,mixed_ps_sub,256.71666666666664,18,20251104,192,BLK_119S,146,전면SAW,2,2025-11-04 10:29:28,2025-11-04 10:57:58,28.5,,공통,inferred_subassembly_member,119
b200_mixed_ps_sub_r1,LPT,Large (141-200),200,mixed_ps_sub,256.71666666666664,18,20251104,192,BLK_119S,146,TurnOver,3,2025-11-04 10:57:58,2025-11-04 11:09:58,12.0,,공통,inferred_subassembly_member,119
b200_mixed_ps_sub_r1,LPT,Large (141-200),200,mixed_ps_sub,256.71666666666664,18,20251104,192,BLK_119S,146,후면SAW,4,2025-11-04 11:40:13,2025-11-04 11:56:36,16.4,,공통,inferred_subassembly_member,119
b200_mixed_ps_sub_r1,LPT,Large (141-200),200,mixed_ps_sub,256.71666666666664,18,20251104,192,BLK_119S,146,NC,5,2025-11-04 12:32:29,2025-11-04 13:19:13,46.7,,공통,inferred_subassembly_member,119
b200_mixed_ps_sub_r1,LPT,Large (141-200),200,mixed_ps_sub,256.71666666666664,18,20251104,192,BLK_119S,146,베이35A 론지취부,6,2025-11-04 13:19:13,2025-11-04 14:35:43,76.5,35A,베이35A,inferred_subassembly_member,119
b200_mixed_ps_sub_r1,LPT,Large (141-200),200,mixed_ps_sub,256.71666666666664,18,20251104,192,BLK_119S,146,베이35A 론지용접,7,2025-11-04 14:35:43,2025-11-04 15:00:07,24.4,35A,베이35A,inferred_subassembly_member,119
b200_mixed_ps_sub_r1,LPT,Large (141-200),200,mixed_ps_sub,256.71666666666664,18,20251104,192,BLK_119S,146,베이35A 수정,8,2025-11-04 15:00:07,2025-11-04 15:46:55,46.8,35A,베이35A,inferred_subassembly_member,119
b200_mixed_ps_sub_r1,LPT,Large (141-200),200,mixed_ps_sub,256.71666666666664,18,20251104,193,BLK_66P,151,판계,1,2025-11-04 11:13:00,2025-11-04 11:38:00,25.0,,공통,inferred_subassembly_member,66
b200_mixed_ps_sub_r1,LPT,Large (141-200),200,mixed_ps_sub,256.71666666666664,18,20251104,193,BLK_66P,151,전면SAW,2,2025-11-04 15:38:06,2025-11-04 16:12:01,33.9,,공통,inferred_subassembly_member,66
b200_mixed_ps_sub_r1,LPT,Large (141-200),200,mixed_ps_sub,256.71666666666664,18,20251104,193,BLK_66P,151,TurnOver,3,2025-11-04 16:12:01,2025-11-04 16:24:01,12.0,,공통,inferred_subassembly_member,66
b200_mixed_ps_sub_r1,LPT,Large (141-200),200,mixed_ps_sub,256.71666666666664,18,20251104,193,BLK_66P,151,후면SAW,4,2025-11-04 17:16:30,2025-11-04 17:40:01,23.5,,공통,inferred_subassembly_member,66
b200_mixed_ps_sub_r1,LPT,Large (141-200),200,mixed_ps_sub,256.71666666666664,18,20251104,193,BLK_66P,151,NC,5,2025-11-04 17:42:07,2025-11-04 18:21:52,39.8,,공통,inferred_subassembly_member,66
b200_mixed_ps_sub_r1,LPT,Large (141-200),200,mixed_ps_sub,256.71666666666664,18,20251104,193,BLK_66P,151,베이36B 론지취부,6,2025-11-04 18:21:52,2025-11-04 19:31:22,69.5,36B,베이36B,inferred_subassembly_member,66
b200_mixed_ps_sub_r1,LPT,Large (141-200),200,mixed_ps_sub,256.71666666666664,18,20251104,193,BLK_66P,151,베이36B 론지용접,7,2025-11-04 19:31:22,2025-11-04 19:54:34,23.2,36B,베이36B,inferred_subassembly_member,66
b200_mixed_ps_sub_r1,LPT,Large (141-200),200,mixed_ps_sub,256.71666666666664,18,20251104,193,BLK_66P,151,베이36B 수정,8,2025-11-04 19:54:34,2025-11-04 20:36:58,42.4,36B,베이36B,inferred_subassembly_member,66
b200_mixed_ps_sub_r1,LPT,Large (141-200),200,mixed_ps_sub,256.71666666666664,18,20251105,196,BLK_167C,168,판계,1,2025-11-05 08:25:00,2025-11-05 08:55:00,30.0,,공통,inferred_subassembly_member,167
b200_mixed_ps_sub_r1,LPT,Large (141-200),200,mixed_ps_sub,256.71666666666664,18,20251105,196,BLK_167C,168,전면SAW,2,2025-11-05 09:01:16,2025-11-05 09:30:16,29.0,,공통,inferred_subassembly_member,167
b200_mixed_ps_sub_r1,LPT,Large (141-200),200,mixed_ps_sub,256.71666666666664,18,20251105,196,BLK_167C,168,TurnOver,3,2025-11-05 09:30:16,2025-11-05 09:42:16,12.0,,공통,inferred_subassembly_member,167
b200_mixed_ps_sub_r1,LPT,Large (141-200),200,mixed_ps_sub,256.71666666666664,18,20251105,196,BLK_167C,168,후면SAW,4,2025-11-05 09:42:16,2025-11-05 09:59:18,17.0,,공통,inferred_subassembly_member,167
b200_mixed_ps_sub_r1,LPT,Large (141-200),200,mixed_ps_sub,256.71666666666664,18,20251105,196,BLK_167C,168,NC,5,2025-11-05 10:15:52,2025-11-05 11:03:06,47.2,,공통,inferred_subassembly_member,167
b200_mixed_ps_sub_r1,LPT,Large (141-200),200,mixed_ps_sub,256.71666666666664,18,20251105,196,BLK_167C,168,베이36B 론지취부,6,2025-11-05 11:03:06,2025-11-05 11:58:36,55.5,36B,베이36B,inferred_subassembly_member,167
b200_mixed_ps_sub_r1,LPT,Large (141-200),200,mixed_ps_sub,256.71666666666664,18,20251105,196,BLK_167C,168,베이36B 론지용접,7,2025-11-05 11:58:36,2025-11-05 12:19:24,20.8,36B,베이36B,inferred_subassembly_member,167
b200_mixed_ps_sub_r1,LPT,Large (141-200),200,mixed_ps_sub,256.71666666666664,18,20251105,196,BLK_167C,168,베이36B 수정,8,2025-11-05 12:19:24,2025-11-05 12:53:00,33.6,36B,베이36B,inferred_subassembly_member,167
b200_mixed_ps_sub_r1,LPT,Large (141-200),200,mixed_ps_sub,256.71666666666664,18,20251105,197,BLK_67S,181,판계,1,2025-11-05 13:01:00,2025-11-05 13:26:00,25.0,,공통,inferred_subassembly_member,67
b200_mixed_ps_sub_r1,LPT,Large (141-200),200,mixed_ps_sub,256.71666666666664,18,20251105,197,BLK_67S,181,전면SAW,2,2025-11-05 16:46:34,2025-11-05 17:16:50,30.3,,공통,inferred_subassembly_member,67
b200_mixed_ps_sub_r1,LPT,Large (141-200),200,mixed_ps_sub,256.71666666666664,18,20251105,197,BLK_67S,181,TurnOver,3,2025-11-05 17:16:50,2025-11-05 17:28:50,12.0,,공통,inferred_subassembly_member,67
b200_mixed_ps_sub_r1,LPT,Large (141-200),200,mixed_ps_sub,256.71666666666664,18,20251105,197,BLK_67S,181,후면SAW,4,2025-11-05 17:41:10,2025-11-05 17:59:52,18.7,,공통,inferred_subassembly_member,67
b200_mixed_ps_sub_r1,LPT,Large (141-200),200,mixed_ps_sub,256.71666666666664,18,20251105,197,BLK_67S,181,NC,5,2025-11-05 18:04:33,2025-11-05 18:37:00,32.5,,공통,inferred_subassembly_member,67
b200_mixed_ps_sub_r1,LPT,Large (141-200),200,mixed_ps_sub,256.71666666666664,18,20251105,197,BLK_67S,181,베이35A 론지취부,6,2025-11-05 18:37:00,2025-11-05 19:15:00,38.0,35A,베이35A,inferred_subassembly_member,67
b200_mixed_ps_sub_r1,LPT,Large (141-200),200,mixed_ps_sub,256.71666666666664,18,20251105,197,BLK_67S,181,베이35A 론지용접,7,2025-11-05 19:15:00,2025-11-05 19:32:48,17.8,35A,베이35A,inferred_subassembly_member,67
b200_mixed_ps_sub_r1,LPT,Large (141-200),200,mixed_ps_sub,256.71666666666664,18,20251105,197,BLK_67S,181,베이35A 수정,8,2025-11-05 19:32:48,2025-11-05 19:55:24,22.6,35A,베이35A,inferred_subassembly_member,67
b200_mixed_ps_sub_r1,LPT,Large (141-200),200,mixed_ps_sub,256.71666666666664,18,20251105,200,BLK_20C,185,판계,1,2025-11-05 14:10:00,2025-11-05 14:22:00,12.0,,공통,inferred_subassembly_member,20
b200_mixed_ps_sub_r1,LPT,Large (141-200),200,mixed_ps_sub,256.71666666666664,18,20251105,200,BLK_20C,185,전면SAW,2,2025-11-05 19:26:01,2025-11-05 20:06:05,40.1,,공통,inferred_subassembly_member,20
b200_mixed_ps_sub_r1,LPT,Large (141-200),200,mixed_ps_sub,256.71666666666664,18,20251105,200,BLK_20C,185,TurnOver,3,2025-11-05 20:06:05,2025-11-05 20:18:05,12.0,,공통,inferred_subassembly_member,20
b200_mixed_ps_sub_r1,LPT,Large (141-200),200,mixed_ps_sub,256.71666666666664,18,20251105,200,BLK_20C,185,후면SAW,4,2025-11-05 20:18:05,2025-11-05 20:49:40,31.6,,공통,inferred_subassembly_member,20
b200_mixed_ps_sub_r1,LPT,Large (141-200),200,mixed_ps_sub,256.71666666666664,18,20251105,200,BLK_20C,185,NC,5,2025-11-05 20:49:40,2025-11-05 21:11:33,21.9,,공통,inferred_subassembly_member,20
b200_mixed_ps_sub_r1,LPT,Large (141-200),200,mixed_ps_sub,256.71666666666664,18,20251105,200,BLK_20C,185,베이35A 론지취부,6,2025-11-05 21:11:33,2025-11-05 21:46:03,34.5,35A,베이35A,inferred_subassembly_member,20
b200_mixed_ps_sub_r1,LPT,Large (141-200),200,mixed_ps_sub,256.71666666666664,18,20251105,200,BLK_20C,185,베이35A 론지용접,7,2025-11-05 21:46:03,2025-11-05 22:03:15,17.2,35A,베이35A,inferred_subassembly_member,20
b200_mixed_ps_sub_r1,LPT,Large (141-200),200,mixed_ps_sub,256.71666666666664,18,20251105,200,BLK_20C,185,베이35A 수정,8,2025-11-05 22:03:15,2025-11-05 22:23:39,20.4,35A,베이35A,inferred_subassembly_member,20
