grid_case_id,method_label,block_id,block_name,sequence,process_name,process_index,start_time,end_time,duration_min,assigned_bay,machine_type
b150_base_r1,MSF,9,BLK_9S,1,판계,1,2025-12-27 08:00:00,2025-12-27 08:12:00,12.0,,공통
b150_base_r1,MSF,9,BLK_9S,1,전면SAW,2,2025-12-27 08:12:00,2025-12-27 08:55:21,43.4,,공통
b150_base_r1,MSF,9,BLK_9S,1,TurnOver,3,2025-12-27 08:55:21,2025-12-27 09:07:21,12.0,,공통
b150_base_r1,MSF,9,BLK_9S,1,후면SAW,4,2025-12-27 09:07:21,2025-12-27 09:43:17,35.9,,공통
b150_base_r1,MSF,9,BLK_9S,1,NC,5,2025-12-27 09:43:17,2025-12-27 10:04:31,21.2,,공통
b150_base_r1,MSF,9,BLK_9S,1,베이35A 론지취부,6,2025-12-27 10:04:31,2025-12-27 10:53:01,48.5,35A,베이35A
b150_base_r1,MSF,9,BLK_9S,1,베이35A 론지용접,7,2025-12-27 10:53:01,2025-12-27 11:12:37,19.6,35A,베이35A
b150_base_r1,MSF,9,BLK_9S,1,베이35A 수정,8,2025-12-27 11:12:37,2025-12-27 11:41:49,29.2,35A,베이35A
b150_base_r1,MSF,1,BLK_1C,2,판계,1,2025-12-27 08:12:00,2025-12-27 08:40:00,28.0,,공통
b150_base_r1,MSF,1,BLK_1C,2,전면SAW,2,2025-12-27 08:55:21,2025-12-27 10:45:58,110.6,,공통
b150_base_r1,MSF,1,BLK_1C,2,TurnOver,3,2025-12-27 10:45:58,2025-12-27 10:57:58,12.0,,공통
b150_base_r1,MSF,1,BLK_1C,2,후면SAW,4,2025-12-27 10:57:58,2025-12-27 12:26:34,88.6,,공통
b150_base_r1,MSF,1,BLK_1C,2,NC,5,2025-12-27 12:26:34,2025-12-27 13:00:58,34.4,,공통
b150_base_r1,MSF,1,BLK_1C,2,베이36B 론지취부,6,2025-12-27 13:00:58,2025-12-27 13:52:58,52.0,36B,베이36B
b150_base_r1,MSF,1,BLK_1C,2,베이36B 론지용접,7,2025-12-27 13:52:58,2025-12-27 14:13:10,20.2,36B,베이36B
b150_base_r1,MSF,1,BLK_1C,2,베이36B 수정,8,2025-12-27 14:13:10,2025-12-27 14:44:34,31.4,36B,베이36B
b150_base_r1,MSF,21,BLK_21C,3,판계,1,2025-12-27 08:40:00,2025-12-27 09:15:00,35.0,,공통
b150_base_r1,MSF,21,BLK_21C,3,전면SAW,2,2025-12-27 10:45:58,2025-12-27 13:55:58,190.0,,공통
b150_base_r1,MSF,21,BLK_21C,3,TurnOver,3,2025-12-27 13:55:58,2025-12-27 14:07:58,12.0,,공통
b150_base_r1,MSF,21,BLK_21C,3,후면SAW,4,2025-12-27 14:07:58,2025-12-27 16:41:11,153.2,,공통
b150_base_r1,MSF,21,BLK_21C,3,NC,5,2025-12-27 16:41:11,2025-12-27 17:26:19,45.1,,공통
b150_base_r1,MSF,21,BLK_21C,3,베이35A 론지취부,6,2025-12-27 17:26:19,2025-12-27 18:07:49,41.5,35A,베이35A
b150_base_r1,MSF,21,BLK_21C,3,베이35A 론지용접,7,2025-12-27 18:07:49,2025-12-27 18:26:13,18.4,35A,베이35A
b150_base_r1,MSF,21,BLK_21C,3,베이35A 수정,8,2025-12-27 18:26:13,2025-12-27 18:51:01,24.8,35A,베이35A
b150_base_r1,MSF,5,BLK_5P,4,판계,1,2025-12-27 09:15:00,2025-12-27 09:45:00,30.0,,공통
b150_base_r1,MSF,5,BLK_5P,4,전면SAW,2,2025-12-27 13:55:58,2025-12-27 14:24:48,28.8,,공통
b150_base_r1,MSF,5,BLK_5P,4,TurnOver,3,2025-12-27 14:24:48,2025-12-27 14:36:48,12.0,,공통
b150_base_r1,MSF,5,BLK_5P,4,후면SAW,4,2025-12-27 16:41:11,2025-12-27 16:58:00,16.8,,공통
b150_base_r1,MSF,5,BLK_5P,4,NC,5,2025-12-27 17:26:19,2025-12-27 18:07:04,40.8,,공통
b150_base_r1,MSF,5,BLK_5P,4,베이36B 론지취부,6,2025-12-27 18:07:04,2025-12-27 19:02:34,55.5,36B,베이36B
b150_base_r1,MSF,5,BLK_5P,4,베이36B 론지용접,7,2025-12-27 19:02:34,2025-12-27 19:23:22,20.8,36B,베이36B
b150_base_r1,MSF,5,BLK_5P,4,베이36B 수정,8,2025-12-27 19:23:22,2025-12-27 19:56:58,33.6,36B,베이36B
b150_base_r1,MSF,29,BLK_29P,5,판계,1,2025-12-27 09:45:00,2025-12-27 10:23:00,38.0,,공통
b150_base_r1,MSF,29,BLK_29P,5,전면SAW,2,2025-12-27 14:24:48,2025-12-27 16:08:01,103.2,,공통
b150_base_r1,MSF,29,BLK_29P,5,TurnOver,3,2025-12-27 16:08:01,2025-12-27 16:20:01,12.0,,공통
b150_base_r1,MSF,29,BLK_29P,5,후면SAW,4,2025-12-27 16:58:00,2025-12-27 18:19:52,81.9,,공통
b150_base_r1,MSF,29,BLK_29P,5,NC,5,2025-12-27 18:19:52,2025-12-27 19:05:31,45.6,,공통
b150_base_r1,MSF,29,BLK_29P,5,베이35A 론지취부,6,2025-12-27 19:05:31,2025-12-27 20:11:31,66.0,35A,베이35A
b150_base_r1,MSF,29,BLK_29P,5,베이35A 론지용접,7,2025-12-27 20:11:31,2025-12-27 20:34:07,22.6,35A,베이35A
b150_base_r1,MSF,29,BLK_29P,5,베이35A 수정,8,2025-12-27 20:34:07,2025-12-27 21:14:19,40.2,35A,베이35A
b150_base_r1,MSF,37,BLK_37S,6,판계,1,2025-12-27 10:23:00,2025-12-27 10:48:00,25.0,,공통
b150_base_r1,MSF,37,BLK_37S,6,전면SAW,2,2025-12-27 16:08:01,2025-12-27 16:43:55,35.9,,공통
b150_base_r1,MSF,37,BLK_37S,6,TurnOver,3,2025-12-27 16:43:55,2025-12-27 16:55:55,12.0,,공통
b150_base_r1,MSF,37,BLK_37S,6,후면SAW,4,2025-12-27 18:19:52,2025-12-27 18:45:59,26.1,,공통
b150_base_r1,MSF,37,BLK_37S,6,NC,5,2025-12-27 19:05:31,2025-12-27 19:43:49,38.3,,공통
b150_base_r1,MSF,37,BLK_37S,6,베이36B 론지취부,6,2025-12-27 19:43:49,2025-12-27 20:49:49,66.0,36B,베이36B
b150_base_r1,MSF,37,BLK_37S,6,베이36B 론지용접,7,2025-12-27 20:49:49,2025-12-27 21:12:25,22.6,36B,베이36B
b150_base_r1,MSF,37,BLK_37S,6,베이36B 수정,8,2025-12-27 21:12:25,2025-12-27 21:52:37,40.2,36B,베이36B
b150_base_r1,MSF,13,BLK_13P,7,판계,1,2025-12-27 10:48:00,2025-12-27 11:18:00,30.0,,공통
b150_base_r1,MSF,13,BLK_13P,7,전면SAW,2,2025-12-27 16:43:55,2025-12-27 17:16:41,32.8,,공통
b150_base_r1,MSF,13,BLK_13P,7,TurnOver,3,2025-12-27 17:16:41,2025-12-27 17:28:41,12.0,,공통
b150_base_r1,MSF,13,BLK_13P,7,후면SAW,4,2025-12-27 18:45:59,2025-12-27 19:07:58,22.0,,공통
b150_base_r1,MSF,13,BLK_13P,7,NC,5,2025-12-27 19:43:49,2025-12-27 20:26:25,42.6,,공통
b150_base_r1,MSF,13,BLK_13P,7,베이36B 론지취부,6,2025-12-27 20:49:49,2025-12-27 22:02:49,73.0,36B,베이36B
b150_base_r1,MSF,13,BLK_13P,7,베이36B 론지용접,7,2025-12-27 22:02:49,2025-12-27 22:26:37,23.8,36B,베이36B
b150_base_r1,MSF,13,BLK_13P,7,베이36B 수정,8,2025-12-27 22:26:37,2025-12-27 23:11:13,44.6,36B,베이36B
b150_base_r1,MSF,17,BLK_17S,8,판계,1,2025-12-27 11:18:00,2025-12-27 11:48:00,30.0,,공통
b150_base_r1,MSF,17,BLK_17S,8,전면SAW,2,2025-12-27 17:16:41,2025-12-27 17:47:46,31.1,,공통
b150_base_r1,MSF,17,BLK_17S,8,TurnOver,3,2025-12-27 17:47:46,2025-12-27 17:59:46,12.0,,공통
b150_base_r1,MSF,17,BLK_17S,8,후면SAW,4,2025-12-27 19:07:58,2025-12-27 19:27:44,19.8,,공통
b150_base_r1,MSF,17,BLK_17S,8,NC,5,2025-12-27 20:26:25,2025-12-27 21:06:21,39.9,,공통
b150_base_r1,MSF,17,BLK_17S,8,베이35A 론지취부,6,2025-12-27 21:06:21,2025-12-27 21:58:21,52.0,35A,베이35A
b150_base_r1,MSF,17,BLK_17S,8,베이35A 론지용접,7,2025-12-27 21:58:21,2025-12-27 22:18:33,20.2,35A,베이35A
b150_base_r1,MSF,17,BLK_17S,8,베이35A 수정,8,2025-12-27 22:18:33,2025-12-27 22:49:57,31.4,35A,베이35A
b150_base_r1,MSF,25,BLK_25P,9,판계,1,2025-12-27 11:48:00,2025-12-27 12:18:00,30.0,,공통
b150_base_r1,MSF,25,BLK_25P,9,전면SAW,2,2025-12-27 17:47:46,2025-12-27 18:30:42,42.9,,공통
b150_base_r1,MSF,25,BLK_25P,9,TurnOver,3,2025-12-27 18:30:42,2025-12-27 18:42:42,12.0,,공통
b150_base_r1,MSF,25,BLK_25P,9,후면SAW,4,2025-12-27 19:27:44,2025-12-27 20:03:07,35.4,,공통
b150_base_r1,MSF,25,BLK_25P,9,NC,5,2025-12-27 21:06:21,2025-12-27 21:47:18,41.0,,공통
b150_base_r1,MSF,25,BLK_25P,9,베이36B 론지취부,6,2025-12-27 22:02:49,2025-12-27 22:54:49,52.0,36B,베이36B
b150_base_r1,MSF,25,BLK_25P,9,베이36B 론지용접,7,2025-12-27 22:54:49,2025-12-27 23:15:01,20.2,36B,베이36B
b150_base_r1,MSF,25,BLK_25P,9,베이36B 수정,8,2025-12-27 23:15:01,2025-12-27 23:46:25,31.4,36B,베이36B
b150_base_r1,MSF,33,BLK_33C,10,판계,1,2025-12-27 12:18:00,2025-12-27 12:48:00,30.0,,공통
b150_base_r1,MSF,33,BLK_33C,10,전면SAW,2,2025-12-27 18:30:42,2025-12-27 19:10:30,39.8,,공통
b150_base_r1,MSF,33,BLK_33C,10,TurnOver,3,2025-12-27 19:10:30,2025-12-27 19:22:30,12.0,,공통
b150_base_r1,MSF,33,BLK_33C,10,후면SAW,4,2025-12-27 20:03:07,2025-12-27 20:34:22,31.2,,공통
b150_base_r1,MSF,33,BLK_33C,10,NC,5,2025-12-27 21:47:18,2025-12-27 22:31:45,44.4,,공통
b150_base_r1,MSF,33,BLK_33C,10,베이35A 론지취부,6,2025-12-27 22:31:45,2025-12-27 23:37:45,66.0,35A,베이35A
b150_base_r1,MSF,33,BLK_33C,10,베이35A 론지용접,7,2025-12-27 23:37:45,2025-12-28 00:00:21,22.6,35A,베이35A
b150_base_r1,MSF,33,BLK_33C,10,베이35A 수정,8,2025-12-28 00:00:21,2025-12-28 00:40:33,40.2,35A,베이35A
b150_base_r1,MSF,41,BLK_41C,11,판계,1,2025-12-27 12:48:00,2025-12-27 13:33:00,45.0,,공통
b150_base_r1,MSF,41,BLK_41C,11,전면SAW,2,2025-12-27 19:10:30,2025-12-27 21:14:57,124.5,,공통
b150_base_r1,MSF,41,BLK_41C,11,TurnOver,3,2025-12-27 21:14:57,2025-12-27 21:26:57,12.0,,공통
b150_base_r1,MSF,41,BLK_41C,11,후면SAW,4,2025-12-27 21:26:57,2025-12-27 22:56:37,89.7,,공통
b150_base_r1,MSF,41,BLK_41C,11,NC,5,2025-12-27 22:56:37,2025-12-27 23:50:08,53.5,,공통
b150_base_r1,MSF,41,BLK_41C,11,베이36B 론지취부,6,2025-12-27 23:50:08,2025-12-28 01:20:38,90.5,36B,베이36B
b150_base_r1,MSF,41,BLK_41C,11,베이36B 론지용접,7,2025-12-28 01:20:38,2025-12-28 01:47:26,26.8,36B,베이36B
b150_base_r1,MSF,41,BLK_41C,11,베이36B 수정,8,2025-12-28 01:47:26,2025-12-28 02:43:02,55.6,36B,베이36B
b150_base_r1,MSF,3,BLK_3C,12,판계,1,2025-12-27 13:33:00,2025-12-27 14:06:00,33.0,,공통
b150_base_r1,MSF,3,BLK_3C,12,전면SAW,2,2025-12-27 21:14:57,2025-12-27 22:43:54,89.0,,공통
b150_base_r1,MSF,3,BLK_3C,12,TurnOver,3,2025-12-27 22:43:54,2025-12-27 22:55:54,12.0,,공통
b150_base_r1,MSF,3,BLK_3C,12,후면SAW,4,2025-12-27 22:56:37,2025-12-28 00:05:30,68.9,,공통
b150_base_r1,MSF,3,BLK_3C,12,NC,5,2025-12-28 00:05:30,2025-12-28 00:43:00,37.5,,공통
b150_base_r1,MSF,3,BLK_3C,12,베이35A 론지취부,6,2025-12-28 00:43:00,2025-12-28 01:35:00,52.0,35A,베이35A
b150_base_r1,MSF,3,BLK_3C,12,베이35A 론지용접,7,2025-12-28 01:35:00,2025-12-28 01:55:12,20.2,35A,베이35A
b150_base_r1,MSF,3,BLK_3C,12,베이35A 수정,8,2025-12-28 01:55:12,2025-12-28 02:26:36,31.4,35A,베이35A
b150_base_r1,MSF,49,BLK_49P,1,판계,1,2025-12-28 08:00:00,2025-12-28 08:30:00,30.0,,공통
b150_base_r1,MSF,49,BLK_49P,1,전면SAW,2,2025-12-28 08:30:00,2025-12-28 10:40:54,130.9,,공통
b150_base_r1,MSF,49,BLK_49P,1,TurnOver,3,2025-12-28 10:40:54,2025-12-28 10:52:54,12.0,,공통
b150_base_r1,MSF,49,BLK_49P,1,후면SAW,4,2025-12-28 10:52:54,2025-12-28 12:27:45,94.8,,공통
b150_base_r1,MSF,49,BLK_49P,1,NC,5,2025-12-28 12:27:45,2025-12-28 13:24:34,56.8,,공통
b150_base_r1,MSF,49,BLK_49P,1,베이36B 론지취부,6,2025-12-28 13:24:34,2025-12-28 14:44:34,80.0,36B,베이36B
b150_base_r1,MSF,49,BLK_49P,1,베이36B 론지용접,7,2025-12-28 14:44:34,2025-12-28 15:09:34,25.0,36B,베이36B
b150_base_r1,MSF,49,BLK_49P,1,베이36B 수정,8,2025-12-28 15:09:34,2025-12-28 15:58:34,49.0,36B,베이36B
b150_base_r1,MSF,2,BLK_2C,2,판계,1,2025-12-28 08:30:00,2025-12-28 09:00:00,30.0,,공통
b150_base_r1,MSF,2,BLK_2C,2,전면SAW,2,2025-12-28 10:40:54,2025-12-28 11:12:10,31.3,,공통
b150_base_r1,MSF,2,BLK_2C,2,TurnOver,3,2025-12-28 11:12:10,2025-12-28 11:24:10,12.0,,공통
b150_base_r1,MSF,2,BLK_2C,2,후면SAW,4,2025-12-28 12:27:45,2025-12-28 12:47:46,20.0,,공통
b150_base_r1,MSF,2,BLK_2C,2,NC,5,2025-12-28 13:24:34,2025-12-28 14:07:09,42.6,,공통
b150_base_r1,MSF,2,BLK_2C,2,베이35A 론지취부,6,2025-12-28 14:07:09,2025-12-28 15:30:39,83.5,35A,베이35A
b150_base_r1,MSF,2,BLK_2C,2,베이35A 론지용접,7,2025-12-28 15:30:39,2025-12-28 15:56:15,25.6,35A,베이35A
b150_base_r1,MSF,2,BLK_2C,2,베이35A 수정,8,2025-12-28 15:56:15,2025-12-28 16:47:27,51.2,35A,베이35A
b150_base_r1,MSF,6,BLK_6C,3,판계,1,2025-12-28 09:00:00,2025-12-28 09:33:00,33.0,,공통
b150_base_r1,MSF,6,BLK_6C,3,전면SAW,2,2025-12-28 11:12:10,2025-12-28 12:55:59,103.8,,공통
b150_base_r1,MSF,6,BLK_6C,3,TurnOver,3,2025-12-28 12:55:59,2025-12-28 13:07:59,12.0,,공통
b150_base_r1,MSF,6,BLK_6C,3,후면SAW,4,2025-12-28 13:07:59,2025-12-28 14:30:24,82.4,,공통
b150_base_r1,MSF,6,BLK_6C,3,NC,5,2025-12-28 14:30:24,2025-12-28 15:12:04,41.7,,공통
b150_base_r1,MSF,6,BLK_6C,3,베이36B 론지취부,6,2025-12-28 15:12:04,2025-12-28 15:57:04,45.0,36B,베이36B
b150_base_r1,MSF,6,BLK_6C,3,베이36B 론지용접,7,2025-12-28 15:57:04,2025-12-28 16:16:04,19.0,36B,베이36B
b150_base_r1,MSF,6,BLK_6C,3,베이36B 수정,8,2025-12-28 16:16:04,2025-12-28 16:43:04,27.0,36B,베이36B
b150_base_r1,MSF,14,BLK_14S,4,판계,1,2025-12-28 09:33:00,2025-12-28 10:03:00,30.0,,공통
b150_base_r1,MSF,14,BLK_14S,4,전면SAW,2,2025-12-28 12:55:59,2025-12-28 13:30:24,34.4,,공통
b150_base_r1,MSF,14,BLK_14S,4,TurnOver,3,2025-12-28 13:30:24,2025-12-28 13:42:24,12.0,,공통
b150_base_r1,MSF,14,BLK_14S,4,후면SAW,4,2025-12-28 14:30:24,2025-12-28 14:54:33,24.2,,공통
b150_base_r1,MSF,14,BLK_14S,4,NC,5,2025-12-28 15:12:04,2025-12-28 15:56:18,44.2,,공통
b150_base_r1,MSF,14,BLK_14S,4,베이35A 론지취부,6,2025-12-28 15:56:18,2025-12-28 17:19:48,83.5,35A,베이35A
b150_base_r1,MSF,14,BLK_14S,4,베이35A 론지용접,7,2025-12-28 17:19:48,2025-12-28 17:45:24,25.6,35A,베이35A
b150_base_r1,MSF,14,BLK_14S,4,베이35A 수정,8,2025-12-28 17:45:24,2025-12-28 18:36:36,51.2,35A,베이35A
b150_base_r1,MSF,10,BLK_10S,5,판계,1,2025-12-28 10:03:00,2025-12-28 10:36:00,33.0,,공통
b150_base_r1,MSF,10,BLK_10S,5,전면SAW,2,2025-12-28 13:30:24,2025-12-28 15:02:12,91.8,,공통
b150_base_r1,MSF,10,BLK_10S,5,TurnOver,3,2025-12-28 15:02:12,2025-12-28 15:14:12,12.0,,공통
b150_base_r1,MSF,10,BLK_10S,5,후면SAW,4,2025-12-28 15:14:12,2025-12-28 16:25:39,71.5,,공통
b150_base_r1,MSF,10,BLK_10S,5,NC,5,2025-12-28 16:25:39,2025-12-28 17:04:03,38.4,,공통
b150_base_r1,MSF,10,BLK_10S,5,베이36B 론지취부,6,2025-12-28 17:04:03,2025-12-28 17:59:33,55.5,36B,베이36B
b150_base_r1,MSF,10,BLK_10S,5,베이36B 론지용접,7,2025-12-28 17:59:33,2025-12-28 18:20:21,20.8,36B,베이36B
b150_base_r1,MSF,10,BLK_10S,5,베이36B 수정,8,2025-12-28 18:20:21,2025-12-28 18:53:57,33.6,36B,베이36B
b150_base_r1,MSF,26,BLK_26S,6,판계,1,2025-12-28 10:36:00,2025-12-28 10:48:00,12.0,,공통
b150_base_r1,MSF,26,BLK_26S,6,전면SAW,2,2025-12-28 15:02:12,2025-12-28 15:49:35,47.4,,공통
b150_base_r1,MSF,26,BLK_26S,6,TurnOver,3,2025-12-28 15:49:35,2025-12-28 16:01:35,12.0,,공통
b150_base_r1,MSF,26,BLK_26S,6,후면SAW,4,2025-12-28 16:25:39,2025-12-28 17:06:54,41.2,,공통
b150_base_r1,MSF,26,BLK_26S,6,NC,5,2025-12-28 17:06:54,2025-12-28 17:27:59,21.1,,공통
b150_base_r1,MSF,26,BLK_26S,6,베이35A 론지취부,6,2025-12-28 17:27:59,2025-12-28 18:09:29,41.5,35A,베이35A
b150_base_r1,MSF,26,BLK_26S,6,베이35A 론지용접,7,2025-12-28 18:09:29,2025-12-28 18:23:53,14.4,35A,베이35A
b150_base_r1,MSF,26,BLK_26S,6,베이35A 수정,8,2025-12-28 18:36:36,2025-12-28 19:01:24,24.8,35A,베이35A
b150_base_r1,MSF,22,BLK_22S,7,판계,1,2025-12-28 10:48:00,2025-12-28 11:16:00,28.0,,공통
b150_base_r1,MSF,22,BLK_22S,7,전면SAW,2,2025-12-28 15:49:35,2025-12-28 17:43:06,113.5,,공통
b150_base_r1,MSF,22,BLK_22S,7,TurnOver,3,2025-12-28 17:43:06,2025-12-28 17:55:06,12.0,,공통
b150_base_r1,MSF,22,BLK_22S,7,후면SAW,4,2025-12-28 17:55:06,2025-12-28 19:26:21,91.3,,공통
b150_base_r1,MSF,22,BLK_22S,7,NC,5,2025-12-28 19:26:21,2025-12-28 19:59:41,33.3,,공통
b150_base_r1,MSF,22,BLK_22S,7,베이36B 론지취부,6,2025-12-28 19:59:41,2025-12-28 20:48:11,48.5,36B,베이36B
b150_base_r1,MSF,22,BLK_22S,7,베이36B 론지용접,7,2025-12-28 20:48:11,2025-12-28 21:07:47,19.6,36B,베이36B
b150_base_r1,MSF,22,BLK_22S,7,베이36B 수정,8,2025-12-28 21:07:47,2025-12-28 21:36:59,29.2,36B,베이36B
b150_base_r1,MSF,18,BLK_18C,8,판계,1,2025-12-28 11:16:00,2025-12-28 11:41:00,25.0,,공통
b150_base_r1,MSF,18,BLK_18C,8,전면SAW,2,2025-12-28 17:43:06,2025-12-28 18:15:03,32.0,,공통
b150_base_r1,MSF,18,BLK_18C,8,TurnOver,3,2025-12-28 18:15:03,2025-12-28 18:27:03,12.0,,공통
b150_base_r1,MSF,18,BLK_18C,8,후면SAW,4,2025-12-28 19:26:21,2025-12-28 19:47:17,20.9,,공통
b150_base_r1,MSF,18,BLK_18C,8,NC,5,2025-12-28 19:59:41,2025-12-28 20:34:41,35.0,,공통
b150_base_r1,MSF,18,BLK_18C,8,베이35A 론지취부,6,2025-12-28 20:34:41,2025-12-28 21:51:11,76.5,35A,베이35A
b150_base_r1,MSF,18,BLK_18C,8,베이35A 론지용접,7,2025-12-28 21:51:11,2025-12-28 22:15:35,24.4,35A,베이35A
b150_base_r1,MSF,18,BLK_18C,8,베이35A 수정,8,2025-12-28 22:15:35,2025-12-28 23:02:23,46.8,35A,베이35A
b150_base_r1,MSF,34,BLK_34P,9,판계,1,2025-12-28 11:41:00,2025-12-28 12:26:00,45.0,,공통
b150_base_r1,MSF,34,BLK_34P,9,전면SAW,2,2025-12-28 18:15:03,2025-12-28 20:46:38,151.6,,공통
b150_base_r1,MSF,34,BLK_34P,9,TurnOver,3,2025-12-28 20:46:38,2025-12-28 20:58:38,12.0,,공통
b150_base_r1,MSF,34,BLK_34P,9,후면SAW,4,2025-12-28 20:58:38,2025-12-28 22:50:01,111.4,,공통
b150_base_r1,MSF,34,BLK_34P,9,NC,5,2025-12-28 22:50:01,2025-12-28 23:42:23,52.4,,공통
b150_base_r1,MSF,34,BLK_34P,9,베이36B 론지취부,6,2025-12-28 23:42:23,2025-12-29 00:58:53,76.5,36B,베이36B
b150_base_r1,MSF,34,BLK_34P,9,베이36B 론지용접,7,2025-12-29 00:58:53,2025-12-29 01:23:17,24.4,36B,베이36B
b150_base_r1,MSF,34,BLK_34P,9,베이36B 수정,8,2025-12-29 01:23:17,2025-12-29 02:10:05,46.8,36B,베이36B
b150_base_r1,MSF,7,BLK_7S,10,판계,1,2025-12-28 12:26:00,2025-12-28 12:56:00,30.0,,공통
b150_base_r1,MSF,7,BLK_7S,10,전면SAW,2,2025-12-28 20:46:38,2025-12-28 21:15:30,28.9,,공통
b150_base_r1,MSF,7,BLK_7S,10,TurnOver,3,2025-12-28 21:15:30,2025-12-28 21:27:30,12.0,,공통
b150_base_r1,MSF,7,BLK_7S,10,후면SAW,4,2025-12-28 22:50:01,2025-12-28 23:06:52,16.9,,공통
b150_base_r1,MSF,7,BLK_7S,10,NC,5,2025-12-28 23:42:23,2025-12-29 00:24:05,41.7,,공통
b150_base_r1,MSF,7,BLK_7S,10,베이35A 론지취부,6,2025-12-29 00:24:05,2025-12-29 01:30:05,66.0,35A,베이35A
b150_base_r1,MSF,7,BLK_7S,10,베이35A 론지용접,7,2025-12-29 01:30:05,2025-12-29 01:52:41,22.6,35A,베이35A
b150_base_r1,MSF,7,BLK_7S,10,베이35A 수정,8,2025-12-29 01:52:41,2025-12-29 02:32:53,40.2,35A,베이35A
b150_base_r1,MSF,81,BLK_81S,11,판계,1,2025-12-28 12:56:00,2025-12-28 13:24:00,28.0,,공통
b150_base_r1,MSF,81,BLK_81S,11,전면SAW,2,2025-12-28 21:15:30,2025-12-28 22:56:49,101.3,,공통
b150_base_r1,MSF,81,BLK_81S,11,TurnOver,3,2025-12-28 22:56:49,2025-12-28 23:08:49,12.0,,공통
b150_base_r1,MSF,81,BLK_81S,11,후면SAW,4,2025-12-28 23:08:49,2025-12-29 00:28:57,80.1,,공통
b150_base_r1,MSF,81,BLK_81S,11,NC,5,2025-12-29 00:28:57,2025-12-29 01:01:07,32.2,,공통
b150_base_r1,MSF,81,BLK_81S,11,베이36B 론지취부,6,2025-12-29 01:01:07,2025-12-29 01:39:07,38.0,36B,베이36B
b150_base_r1,MSF,81,BLK_81S,11,베이36B 론지용접,7,2025-12-29 01:39:07,2025-12-29 01:52:55,13.8,36B,베이36B
b150_base_r1,MSF,81,BLK_81S,11,베이36B 수정,8,2025-12-29 02:10:05,2025-12-29 02:32:41,22.6,36B,베이36B
b150_base_r1,MSF,73,BLK_73P,12,판계,1,2025-12-28 13:24:00,2025-12-28 13:36:00,12.0,,공통
b150_base_r1,MSF,73,BLK_73P,12,전면SAW,2,2025-12-28 22:56:49,2025-12-29 00:13:55,77.1,,공통
b150_base_r1,MSF,73,BLK_73P,12,TurnOver,3,2025-12-29 00:13:55,2025-12-29 00:25:55,12.0,,공통
b150_base_r1,MSF,73,BLK_73P,12,후면SAW,4,2025-12-29 00:28:57,2025-12-29 01:49:19,80.4,,공통
b150_base_r1,MSF,73,BLK_73P,12,NC,5,2025-12-29 01:49:19,2025-12-29 02:12:42,23.4,,공통
b150_base_r1,MSF,73,BLK_73P,12,베이35A 론지취부,6,2025-12-29 02:12:42,2025-12-29 02:47:12,34.5,35A,베이35A
b150_base_r1,MSF,73,BLK_73P,12,베이35A 론지용접,7,2025-12-29 02:47:12,2025-12-29 03:04:24,17.2,35A,베이35A
b150_base_r1,MSF,73,BLK_73P,12,베이35A 수정,8,2025-12-29 03:04:24,2025-12-29 03:24:48,20.4,35A,베이35A
b150_base_r1,MSF,103,BLK_103P,13,판계,1,2025-12-28 13:36:00,2025-12-28 13:48:00,12.0,,공통
b150_base_r1,MSF,103,BLK_103P,13,전면SAW,2,2025-12-29 00:13:55,2025-12-29 01:04:03,50.1,,공통
b150_base_r1,MSF,103,BLK_103P,13,TurnOver,3,2025-12-29 01:04:03,2025-12-29 01:16:03,12.0,,공통
b150_base_r1,MSF,103,BLK_103P,13,후면SAW,4,2025-12-29 01:49:19,2025-12-29 02:34:09,44.8,,공통
b150_base_r1,MSF,103,BLK_103P,13,NC,5,2025-12-29 02:34:09,2025-12-29 02:56:16,22.1,,공통
b150_base_r1,MSF,103,BLK_103P,13,베이36B 론지취부,6,2025-12-29 02:56:16,2025-12-29 03:27:16,31.0,36B,베이36B
b150_base_r1,MSF,103,BLK_103P,13,베이36B 론지용접,7,2025-12-29 03:27:16,2025-12-29 03:39:52,12.6,36B,베이36B
b150_base_r1,MSF,103,BLK_103P,13,베이36B 수정,8,2025-12-29 03:39:52,2025-12-29 03:58:04,18.2,36B,베이36B
b150_base_r1,MSF,23,BLK_23S,1,판계,1,2025-12-29 08:00:00,2025-12-29 08:40:00,40.0,,공통
b150_base_r1,MSF,23,BLK_23S,1,전면SAW,2,2025-12-29 08:40:00,2025-12-29 10:52:47,132.8,,공통
b150_base_r1,MSF,23,BLK_23S,1,TurnOver,3,2025-12-29 10:52:47,2025-12-29 11:04:47,12.0,,공통
b150_base_r1,MSF,23,BLK_23S,1,후면SAW,4,2025-12-29 11:04:47,2025-12-29 12:58:06,113.3,,공통
b150_base_r1,MSF,23,BLK_23S,1,NC,5,2025-12-29 12:58:06,2025-12-29 13:42:21,44.2,,공통
b150_base_r1,MSF,23,BLK_23S,1,베이35A 론지취부,6,2025-12-29 13:42:21,2025-12-29 14:27:21,45.0,35A,베이35A
b150_base_r1,MSF,23,BLK_23S,1,베이35A 론지용접,7,2025-12-29 14:27:21,2025-12-29 14:46:21,19.0,35A,베이35A
b150_base_r1,MSF,23,BLK_23S,1,베이35A 수정,8,2025-12-29 14:46:21,2025-12-29 15:13:21,27.0,35A,베이35A
b150_base_r1,MSF,45,BLK_45S,2,판계,1,2025-12-29 08:40:00,2025-12-29 09:10:00,30.0,,공통
b150_base_r1,MSF,45,BLK_45S,2,전면SAW,2,2025-12-29 10:52:47,2025-12-29 11:23:37,30.8,,공통
b150_base_r1,MSF,45,BLK_45S,2,TurnOver,3,2025-12-29 11:23:37,2025-12-29 11:35:37,12.0,,공통
b150_base_r1,MSF,45,BLK_45S,2,후면SAW,4,2025-12-29 12:58:06,2025-12-29 13:17:33,19.4,,공통
b150_base_r1,MSF,45,BLK_45S,2,NC,5,2025-12-29 13:42:21,2025-12-29 14:22:44,40.4,,공통
b150_base_r1,MSF,45,BLK_45S,2,베이36B 론지취부,6,2025-12-29 14:22:44,2025-12-29 15:42:44,80.0,36B,베이36B
b150_base_r1,MSF,45,BLK_45S,2,베이36B 론지용접,7,2025-12-29 15:42:44,2025-12-29 16:07:44,25.0,36B,베이36B
b150_base_r1,MSF,45,BLK_45S,2,베이36B 수정,8,2025-12-29 16:07:44,2025-12-29 16:56:44,49.0,36B,베이36B
b150_base_r1,MSF,27,BLK_27C,3,판계,1,2025-12-29 09:10:00,2025-12-29 09:43:00,33.0,,공통
b150_base_r1,MSF,27,BLK_27C,3,전면SAW,2,2025-12-29 11:23:37,2025-12-29 13:05:19,101.7,,공통
b150_base_r1,MSF,27,BLK_27C,3,TurnOver,3,2025-12-29 13:05:19,2025-12-29 13:17:19,12.0,,공통
b150_base_r1,MSF,27,BLK_27C,3,후면SAW,4,2025-12-29 13:17:33,2025-12-29 14:58:08,100.6,,공통
b150_base_r1,MSF,27,BLK_27C,3,NC,5,2025-12-29 14:58:08,2025-12-29 15:38:58,40.8,,공통
b150_base_r1,MSF,27,BLK_27C,3,베이35A 론지취부,6,2025-12-29 15:38:58,2025-12-29 16:44:58,66.0,35A,베이35A
b150_base_r1,MSF,27,BLK_27C,3,베이35A 론지용접,7,2025-12-29 16:44:58,2025-12-29 17:07:34,22.6,35A,베이35A
b150_base_r1,MSF,27,BLK_27C,3,베이35A 수정,8,2025-12-29 17:07:34,2025-12-29 17:47:46,40.2,35A,베이35A
b150_base_r1,MSF,11,BLK_11P,4,판계,1,2025-12-29 09:43:00,2025-12-29 10:13:00,30.0,,공통
b150_base_r1,MSF,11,BLK_11P,4,전면SAW,2,2025-12-29 13:05:19,2025-12-29 13:37:07,31.8,,공통
b150_base_r1,MSF,11,BLK_11P,4,TurnOver,3,2025-12-29 13:37:07,2025-12-29 13:49:07,12.0,,공통
b150_base_r1,MSF,11,BLK_11P,4,후면SAW,4,2025-12-29 14:58:08,2025-12-29 15:18:51,20.7,,공통
b150_base_r1,MSF,11,BLK_11P,4,NC,5,2025-12-29 15:38:58,2025-12-29 16:20:13,41.2,,공통
b150_base_r1,MSF,11,BLK_11P,4,베이36B 론지취부,6,2025-12-29 16:20:13,2025-12-29 17:33:13,73.0,36B,베이36B
b150_base_r1,MSF,11,BLK_11P,4,베이36B 론지용접,7,2025-12-29 17:33:13,2025-12-29 17:57:01,23.8,36B,베이36B
b150_base_r1,MSF,11,BLK_11P,4,베이36B 수정,8,2025-12-29 17:57:01,2025-12-29 18:41:37,44.6,36B,베이36B
b150_base_r1,MSF,53,BLK_53S,5,판계,1,2025-12-29 10:13:00,2025-12-29 10:43:00,30.0,,공통
b150_base_r1,MSF,53,BLK_53S,5,전면SAW,2,2025-12-29 13:37:07,2025-12-29 14:08:52,31.7,,공통
b150_base_r1,MSF,53,BLK_53S,5,TurnOver,3,2025-12-29 14:08:52,2025-12-29 14:20:52,12.0,,공통
b150_base_r1,MSF,53,BLK_53S,5,후면SAW,4,2025-12-29 15:18:51,2025-12-29 15:39:29,20.6,,공통
b150_base_r1,MSF,53,BLK_53S,5,NC,5,2025-12-29 16:20:13,2025-12-29 17:05:06,44.9,,공통
b150_base_r1,MSF,53,BLK_53S,5,베이35A 론지취부,6,2025-12-29 17:05:06,2025-12-29 18:25:06,80.0,35A,베이35A
b150_base_r1,MSF,53,BLK_53S,5,베이35A 론지용접,7,2025-12-29 18:25:06,2025-12-29 18:50:06,25.0,35A,베이35A
b150_base_r1,MSF,53,BLK_53S,5,베이35A 수정,8,2025-12-29 18:50:06,2025-12-29 19:39:06,49.0,35A,베이35A
b150_base_r1,MSF,57,BLK_57P,6,판계,1,2025-12-29 10:43:00,2025-12-29 11:13:00,30.0,,공통
b150_base_r1,MSF,57,BLK_57P,6,전면SAW,2,2025-12-29 14:08:52,2025-12-29 14:42:17,33.4,,공통
b150_base_r1,MSF,57,BLK_57P,6,TurnOver,3,2025-12-29 14:42:17,2025-12-29 14:54:17,12.0,,공통
b150_base_r1,MSF,57,BLK_57P,6,후면SAW,4,2025-12-29 15:39:29,2025-12-29 16:02:20,22.9,,공통
b150_base_r1,MSF,57,BLK_57P,6,NC,5,2025-12-29 17:05:06,2025-12-29 17:49:03,44.0,,공통
b150_base_r1,MSF,57,BLK_57P,6,베이36B 론지취부,6,2025-12-29 17:49:03,2025-12-29 19:16:03,87.0,36B,베이36B
b150_base_r1,MSF,57,BLK_57P,6,베이36B 론지용접,7,2025-12-29 19:16:03,2025-12-29 19:42:15,26.2,36B,베이36B
b150_base_r1,MSF,57,BLK_57P,6,베이36B 수정,8,2025-12-29 19:42:15,2025-12-29 20:35:39,53.4,36B,베이36B
b150_base_r1,MSF,61,BLK_61C,7,판계,1,2025-12-29 11:13:00,2025-12-29 11:43:00,30.0,,공통
b150_base_r1,MSF,61,BLK_61C,7,전면SAW,2,2025-12-29 14:42:17,2025-12-29 15:12:51,30.6,,공통
b150_base_r1,MSF,61,BLK_61C,7,TurnOver,3,2025-12-29 15:12:51,2025-12-29 15:24:51,12.0,,공통
b150_base_r1,MSF,61,BLK_61C,7,후면SAW,4,2025-12-29 16:02:20,2025-12-29 16:21:26,19.1,,공통
b150_base_r1,MSF,61,BLK_61C,7,NC,5,2025-12-29 17:49:03,2025-12-29 18:31:50,42.8,,공통
b150_base_r1,MSF,61,BLK_61C,7,베이35A 론지취부,6,2025-12-29 18:31:50,2025-12-29 19:51:50,80.0,35A,베이35A
b150_base_r1,MSF,61,BLK_61C,7,베이35A 론지용접,7,2025-12-29 19:51:50,2025-12-29 20:16:50,25.0,35A,베이35A
b150_base_r1,MSF,61,BLK_61C,7,베이35A 수정,8,2025-12-29 20:16:50,2025-12-29 21:05:50,49.0,35A,베이35A
b150_base_r1,MSF,71,BLK_71S,8,판계,1,2025-12-29 11:43:00,2025-12-29 12:21:00,38.0,,공통
b150_base_r1,MSF,71,BLK_71S,8,전면SAW,2,2025-12-29 15:12:51,2025-12-29 16:37:54,85.0,,공통
b150_base_r1,MSF,71,BLK_71S,8,TurnOver,3,2025-12-29 16:37:54,2025-12-29 16:49:54,12.0,,공통
b150_base_r1,MSF,71,BLK_71S,8,후면SAW,4,2025-12-29 16:49:54,2025-12-29 17:55:11,65.3,,공통
b150_base_r1,MSF,71,BLK_71S,8,NC,5,2025-12-29 18:31:50,2025-12-29 19:19:12,47.4,,공통
b150_base_r1,MSF,71,BLK_71S,8,베이36B 론지취부,6,2025-12-29 19:19:12,2025-12-29 21:00:12,101.0,36B,베이36B
b150_base_r1,MSF,71,BLK_71S,8,베이36B 론지용접,7,2025-12-29 21:00:12,2025-12-29 21:28:48,28.6,36B,베이36B
b150_base_r1,MSF,71,BLK_71S,8,베이36B 수정,8,2025-12-29 21:28:48,2025-12-29 22:31:00,62.2,36B,베이36B
b150_base_r1,MSF,101,BLK_101S,9,판계,1,2025-12-29 12:21:00,2025-12-29 12:51:00,30.0,,공통
b150_base_r1,MSF,101,BLK_101S,9,전면SAW,2,2025-12-29 16:37:54,2025-12-29 17:14:34,36.7,,공통
b150_base_r1,MSF,101,BLK_101S,9,TurnOver,3,2025-12-29 17:14:34,2025-12-29 17:26:34,12.0,,공통
b150_base_r1,MSF,101,BLK_101S,9,후면SAW,4,2025-12-29 17:55:11,2025-12-29 18:22:19,27.1,,공통
b150_base_r1,MSF,101,BLK_101S,9,NC,5,2025-12-29 19:19:12,2025-12-29 20:00:49,41.6,,공통
b150_base_r1,MSF,101,BLK_101S,9,베이35A 론지취부,6,2025-12-29 20:00:49,2025-12-29 21:10:19,69.5,35A,베이35A
b150_base_r1,MSF,101,BLK_101S,9,베이35A 론지용접,7,2025-12-29 21:10:19,2025-12-29 21:33:31,23.2,35A,베이35A
b150_base_r1,MSF,101,BLK_101S,9,베이35A 수정,8,2025-12-29 21:33:31,2025-12-29 22:15:55,42.4,35A,베이35A
b150_base_r1,MSF,141,BLK_141S,10,판계,1,2025-12-29 12:51:00,2025-12-29 13:21:00,30.0,,공통
b150_base_r1,MSF,141,BLK_141S,10,전면SAW,2,2025-12-29 17:14:34,2025-12-29 17:47:31,32.9,,공통
b150_base_r1,MSF,141,BLK_141S,10,TurnOver,3,2025-12-29 17:47:31,2025-12-29 17:59:31,12.0,,공통
b150_base_r1,MSF,141,BLK_141S,10,후면SAW,4,2025-12-29 18:22:19,2025-12-29 18:44:33,22.2,,공통
b150_base_r1,MSF,141,BLK_141S,10,NC,5,2025-12-29 20:00:49,2025-12-29 20:44:20,43.5,,공통
b150_base_r1,MSF,141,BLK_141S,10,베이36B 론지취부,6,2025-12-29 21:00:12,2025-12-29 22:34:12,94.0,36B,베이36B
b150_base_r1,MSF,141,BLK_141S,10,베이36B 론지용접,7,2025-12-29 22:34:12,2025-12-29 23:01:36,27.4,36B,베이36B
b150_base_r1,MSF,141,BLK_141S,10,베이36B 수정,8,2025-12-29 23:01:36,2025-12-29 23:59:24,57.8,36B,베이36B
b150_base_r1,MSF,93,BLK_93P,11,판계,1,2025-12-29 13:21:00,2025-12-29 13:41:00,20.0,,공통
b150_base_r1,MSF,93,BLK_93P,11,전면SAW,2,2025-12-29 17:47:31,2025-12-29 18:22:02,34.5,,공통
b150_base_r1,MSF,93,BLK_93P,11,TurnOver,3,2025-12-29 18:22:02,2025-12-29 18:34:02,12.0,,공통
b150_base_r1,MSF,93,BLK_93P,11,후면SAW,4,2025-12-29 18:44:33,2025-12-29 19:08:51,24.3,,공통
b150_base_r1,MSF,93,BLK_93P,11,NC,5,2025-12-29 20:44:20,2025-12-29 21:13:51,29.5,,공통
b150_base_r1,MSF,93,BLK_93P,11,베이35A 론지취부,6,2025-12-29 21:13:51,2025-12-29 21:55:21,41.5,35A,베이35A
b150_base_r1,MSF,93,BLK_93P,11,베이35A 론지용접,7,2025-12-29 21:55:21,2025-12-29 22:13:45,18.4,35A,베이35A
b150_base_r1,MSF,93,BLK_93P,11,베이35A 수정,8,2025-12-29 22:15:55,2025-12-29 22:40:43,24.8,35A,베이35A
b150_base_r1,MSF,19,BLK_19S,12,판계,1,2025-12-29 13:41:00,2025-12-29 14:06:00,25.0,,공통
b150_base_r1,MSF,19,BLK_19S,12,전면SAW,2,2025-12-29 18:22:02,2025-12-29 18:57:27,35.4,,공통
b150_base_r1,MSF,19,BLK_19S,12,TurnOver,3,2025-12-29 18:57:27,2025-12-29 19:09:27,12.0,,공통
b150_base_r1,MSF,19,BLK_19S,12,후면SAW,4,2025-12-29 19:09:27,2025-12-29 19:34:56,25.5,,공통
b150_base_r1,MSF,19,BLK_19S,12,NC,5,2025-12-29 21:13:51,2025-12-29 21:52:39,38.8,,공통
b150_base_r1,MSF,19,BLK_19S,12,베이36B 론지취부,6,2025-12-29 22:34:12,2025-12-30 00:25:42,111.5,36B,베이36B
b150_base_r1,MSF,19,BLK_19S,12,베이36B 론지용접,7,2025-12-30 00:25:42,2025-12-30 00:56:06,30.4,36B,베이36B
b150_base_r1,MSF,19,BLK_19S,12,베이36B 수정,8,2025-12-30 00:56:06,2025-12-30 02:04:54,68.8,36B,베이36B
b150_base_r1,MSF,47,BLK_47C,13,판계,1,2025-12-29 14:06:00,2025-12-29 14:46:00,40.0,,공통
b150_base_r1,MSF,47,BLK_47C,13,전면SAW,2,2025-12-29 18:57:27,2025-12-29 21:33:09,155.7,,공통
b150_base_r1,MSF,47,BLK_47C,13,TurnOver,3,2025-12-29 21:33:09,2025-12-29 21:45:09,12.0,,공통
b150_base_r1,MSF,47,BLK_47C,13,후면SAW,4,2025-12-29 21:45:09,2025-12-29 23:39:50,114.7,,공통
b150_base_r1,MSF,47,BLK_47C,13,NC,5,2025-12-29 23:39:50,2025-12-30 00:27:01,47.2,,공통
b150_base_r1,MSF,47,BLK_47C,13,베이35A 론지취부,6,2025-12-30 00:27:01,2025-12-30 01:01:31,34.5,35A,베이35A
b150_base_r1,MSF,47,BLK_47C,13,베이35A 론지용접,7,2025-12-30 01:01:31,2025-12-30 01:18:43,17.2,35A,베이35A
b150_base_r1,MSF,47,BLK_47C,13,베이35A 수정,8,2025-12-30 01:18:43,2025-12-30 01:39:07,20.4,35A,베이35A
b150_base_r1,MSF,63,BLK_63C,14,판계,1,2025-12-29 14:46:00,2025-12-29 15:11:00,25.0,,공통
b150_base_r1,MSF,63,BLK_63C,14,전면SAW,2,2025-12-29 21:33:09,2025-12-29 22:11:01,37.9,,공통
b150_base_r1,MSF,63,BLK_63C,14,TurnOver,3,2025-12-29 22:11:01,2025-12-29 22:23:01,12.0,,공통
b150_base_r1,MSF,63,BLK_63C,14,후면SAW,4,2025-12-29 23:39:50,2025-12-30 00:08:31,28.7,,공통
b150_base_r1,MSF,63,BLK_63C,14,NC,5,2025-12-30 00:27:01,2025-12-30 01:04:22,37.4,,공통
b150_base_r1,MSF,63,BLK_63C,14,베이36B 론지취부,6,2025-12-30 01:04:22,2025-12-30 02:17:22,73.0,36B,베이36B
b150_base_r1,MSF,63,BLK_63C,14,베이36B 론지용접,7,2025-12-30 02:17:22,2025-12-30 02:41:10,23.8,36B,베이36B
b150_base_r1,MSF,63,BLK_63C,14,베이36B 수정,8,2025-12-30 02:41:10,2025-12-30 03:25:46,44.6,36B,베이36B
b150_base_r1,MSF,83,BLK_83C,15,판계,1,2025-12-29 15:11:00,2025-12-29 15:44:00,33.0,,공통
b150_base_r1,MSF,83,BLK_83C,15,전면SAW,2,2025-12-29 22:11:01,2025-12-29 23:53:28,102.5,,공통
b150_base_r1,MSF,83,BLK_83C,15,TurnOver,3,2025-12-29 23:53:28,2025-12-30 00:05:28,12.0,,공통
b150_base_r1,MSF,83,BLK_83C,15,후면SAW,4,2025-12-30 00:08:31,2025-12-30 01:29:42,81.2,,공통
b150_base_r1,MSF,83,BLK_83C,15,NC,5,2025-12-30 01:29:42,2025-12-30 02:10:24,40.7,,공통
b150_base_r1,MSF,83,BLK_83C,15,베이35A 론지취부,6,2025-12-30 02:10:24,2025-12-30 03:12:54,62.5,35A,베이35A
b150_base_r1,MSF,83,BLK_83C,15,베이35A 론지용접,7,2025-12-30 03:12:54,2025-12-30 03:34:54,22.0,35A,베이35A
b150_base_r1,MSF,83,BLK_83C,15,베이35A 수정,8,2025-12-30 03:34:54,2025-12-30 04:12:54,38.0,35A,베이35A
b150_base_r1,MSF,113,BLK_113S,16,판계,1,2025-12-29 15:44:00,2025-12-29 16:09:00,25.0,,공통
b150_base_r1,MSF,113,BLK_113S,16,전면SAW,2,2025-12-29 23:53:28,2025-12-30 00:26:09,32.7,,공통
b150_base_r1,MSF,113,BLK_113S,16,TurnOver,3,2025-12-30 00:26:09,2025-12-30 00:38:09,12.0,,공통
b150_base_r1,MSF,113,BLK_113S,16,후면SAW,4,2025-12-30 01:29:42,2025-12-30 01:51:34,21.9,,공통
b150_base_r1,MSF,113,BLK_113S,16,NC,5,2025-12-30 02:10:24,2025-12-30 02:46:36,36.2,,공통
b150_base_r1,MSF,113,BLK_113S,16,베이36B 론지취부,6,2025-12-30 02:46:36,2025-12-30 03:45:36,59.0,36B,베이36B
b150_base_r1,MSF,113,BLK_113S,16,베이36B 론지용접,7,2025-12-30 03:45:36,2025-12-30 04:07:00,21.4,36B,베이36B
b150_base_r1,MSF,113,BLK_113S,16,베이36B 수정,8,2025-12-30 04:07:00,2025-12-30 04:42:48,35.8,36B,베이36B
b150_base_r1,MSF,15,BLK_15S,17,판계,1,2025-12-29 16:09:00,2025-12-29 16:39:00,30.0,,공통
b150_base_r1,MSF,15,BLK_15S,17,전면SAW,2,2025-12-30 00:26:09,2025-12-30 01:08:14,42.1,,공통
b150_base_r1,MSF,15,BLK_15S,17,TurnOver,3,2025-12-30 01:08:14,2025-12-30 01:20:14,12.0,,공통
b150_base_r1,MSF,15,BLK_15S,17,후면SAW,4,2025-12-30 01:51:34,2025-12-30 02:25:49,34.2,,공통
b150_base_r1,MSF,15,BLK_15S,17,NC,5,2025-12-30 02:46:36,2025-12-30 03:27:50,41.2,,공통
b150_base_r1,MSF,15,BLK_15S,17,베이35A 론지취부,6,2025-12-30 03:27:50,2025-12-30 04:33:50,66.0,35A,베이35A
b150_base_r1,MSF,15,BLK_15S,17,베이35A 론지용접,7,2025-12-30 04:33:50,2025-12-30 04:56:26,22.6,35A,베이35A
b150_base_r1,MSF,15,BLK_15S,17,베이35A 수정,8,2025-12-30 04:56:26,2025-12-30 05:36:38,40.2,35A,베이35A
b150_base_r1,MSF,39,BLK_39S,18,판계,1,2025-12-29 16:39:00,2025-12-29 17:24:00,45.0,,공통
b150_base_r1,MSF,39,BLK_39S,18,전면SAW,2,2025-12-30 01:08:14,2025-12-30 02:27:28,79.2,,공통
b150_base_r1,MSF,39,BLK_39S,18,TurnOver,3,2025-12-30 02:27:28,2025-12-30 02:39:28,12.0,,공통
b150_base_r1,MSF,39,BLK_39S,18,후면SAW,4,2025-12-30 02:39:28,2025-12-30 03:53:51,74.4,,공통
b150_base_r1,MSF,39,BLK_39S,18,NC,5,2025-12-30 03:53:51,2025-12-30 04:52:11,58.3,,공통
b150_base_r1,MSF,39,BLK_39S,18,베이36B 론지취부,6,2025-12-30 04:52:11,2025-12-30 05:44:11,52.0,36B,베이36B
b150_base_r1,MSF,39,BLK_39S,18,베이36B 론지용접,7,2025-12-30 05:44:11,2025-12-30 06:04:23,20.2,36B,베이36B
b150_base_r1,MSF,39,BLK_39S,18,베이36B 수정,8,2025-12-30 06:04:23,2025-12-30 06:35:47,31.4,36B,베이36B
b150_base_r1,MSF,31,BLK_31S,19,판계,1,2025-12-29 17:24:00,2025-12-29 17:36:00,12.0,,공통
b150_base_r1,MSF,31,BLK_31S,19,전면SAW,2,2025-12-30 02:27:28,2025-12-30 03:03:59,36.5,,공통
b150_base_r1,MSF,31,BLK_31S,19,TurnOver,3,2025-12-30 03:03:59,2025-12-30 03:15:59,12.0,,공통
b150_base_r1,MSF,31,BLK_31S,19,후면SAW,4,2025-12-30 03:53:51,2025-12-30 04:20:46,26.9,,공통
b150_base_r1,MSF,31,BLK_31S,19,NC,5,2025-12-30 04:52:11,2025-12-30 05:13:00,20.8,,공통
b150_base_r1,MSF,31,BLK_31S,19,베이35A 론지취부,6,2025-12-30 05:13:00,2025-12-30 05:40:30,27.5,35A,베이35A
b150_base_r1,MSF,31,BLK_31S,19,베이35A 론지용접,7,2025-12-30 05:40:30,2025-12-30 05:52:30,12.0,35A,베이35A
b150_base_r1,MSF,31,BLK_31S,19,베이35A 수정,8,2025-12-30 05:52:30,2025-12-30 06:08:30,16.0,35A,베이35A
b150_base_r1,MSF,55,BLK_55P,20,판계,1,2025-12-29 17:36:00,2025-12-29 17:48:00,12.0,,공통
b150_base_r1,MSF,55,BLK_55P,20,전면SAW,2,2025-12-30 03:03:59,2025-12-30 03:43:58,40.0,,공통
b150_base_r1,MSF,55,BLK_55P,20,TurnOver,3,2025-12-30 03:43:58,2025-12-30 03:55:58,12.0,,공통
b150_base_r1,MSF,55,BLK_55P,20,후면SAW,4,2025-12-30 04:20:46,2025-12-30 04:52:16,31.5,,공통
b150_base_r1,MSF,55,BLK_55P,20,NC,5,2025-12-30 05:13:00,2025-12-30 05:33:58,21.0,,공통
b150_base_r1,MSF,55,BLK_55P,20,베이36B 론지취부,6,2025-12-30 05:44:11,2025-12-30 06:36:11,52.0,36B,베이36B
b150_base_r1,MSF,55,BLK_55P,20,베이36B 론지용접,7,2025-12-30 06:36:11,2025-12-30 06:56:23,20.2,36B,베이36B
b150_base_r1,MSF,55,BLK_55P,20,베이36B 수정,8,2025-12-30 06:56:23,2025-12-30 07:27:47,31.4,36B,베이36B
b150_base_r1,MSF,42,BLK_42C,1,판계,1,2025-12-30 08:00:00,2025-12-30 08:33:00,33.0,,공통
b150_base_r1,MSF,42,BLK_42C,1,전면SAW,2,2025-12-30 08:33:00,2025-12-30 10:16:35,103.6,,공통
b150_base_r1,MSF,42,BLK_42C,1,TurnOver,3,2025-12-30 10:16:35,2025-12-30 10:28:35,12.0,,공통
b150_base_r1,MSF,42,BLK_42C,1,후면SAW,4,2025-12-30 10:28:35,2025-12-30 11:50:48,82.2,,공통
b150_base_r1,MSF,42,BLK_42C,1,NC,5,2025-12-30 11:50:48,2025-12-30 12:31:45,41.0,,공통
b150_base_r1,MSF,42,BLK_42C,1,베이35A 론지취부,6,2025-12-30 12:31:45,2025-12-30 14:05:45,94.0,35A,베이35A
b150_base_r1,MSF,42,BLK_42C,1,베이35A 론지용접,7,2025-12-30 14:05:45,2025-12-30 14:33:09,27.4,35A,베이35A
b150_base_r1,MSF,42,BLK_42C,1,베이35A 수정,8,2025-12-30 14:33:09,2025-12-30 15:30:57,57.8,35A,베이35A
b150_base_r1,MSF,43,BLK_43S,2,판계,1,2025-12-30 08:33:00,2025-12-30 08:53:00,20.0,,공통
b150_base_r1,MSF,43,BLK_43S,2,전면SAW,2,2025-12-30 10:16:35,2025-12-30 10:51:52,35.3,,공통
b150_base_r1,MSF,43,BLK_43S,2,TurnOver,3,2025-12-30 10:51:52,2025-12-30 11:03:52,12.0,,공통
b150_base_r1,MSF,43,BLK_43S,2,후면SAW,4,2025-12-30 11:50:48,2025-12-30 12:16:06,25.3,,공통
b150_base_r1,MSF,43,BLK_43S,2,NC,5,2025-12-30 12:31:45,2025-12-30 12:59:58,28.2,,공통
b150_base_r1,MSF,43,BLK_43S,2,베이36B 론지취부,6,2025-12-30 12:59:58,2025-12-30 13:41:28,41.5,36B,베이36B
b150_base_r1,MSF,43,BLK_43S,2,베이36B 론지용접,7,2025-12-30 13:41:28,2025-12-30 13:59:52,18.4,36B,베이36B
b150_base_r1,MSF,43,BLK_43S,2,베이36B 수정,8,2025-12-30 13:59:52,2025-12-30 14:24:40,24.8,36B,베이36B
b150_base_r1,MSF,51,BLK_51P,3,판계,1,2025-12-30 08:53:00,2025-12-30 09:13:00,20.0,,공통
b150_base_r1,MSF,51,BLK_51P,3,전면SAW,2,2025-12-30 10:51:52,2025-12-30 13:13:19,141.4,,공통
b150_base_r1,MSF,51,BLK_51P,3,TurnOver,3,2025-12-30 13:13:19,2025-12-30 13:25:19,12.0,,공통
b150_base_r1,MSF,51,BLK_51P,3,후면SAW,4,2025-12-30 13:25:19,2025-12-30 15:22:03,116.7,,공통
b150_base_r1,MSF,51,BLK_51P,3,NC,5,2025-12-30 15:22:03,2025-12-30 15:48:58,26.9,,공통
b150_base_r1,MSF,51,BLK_51P,3,베이35A 론지취부,6,2025-12-30 15:48:58,2025-12-30 16:23:28,34.5,35A,베이35A
b150_base_r1,MSF,51,BLK_51P,3,베이35A 론지용접,7,2025-12-30 16:23:28,2025-12-30 16:36:40,13.2,35A,베이35A
b150_base_r1,MSF,51,BLK_51P,3,베이35A 수정,8,2025-12-30 16:36:40,2025-12-30 16:57:04,20.4,35A,베이35A
b150_base_r1,MSF,46,BLK_46P,4,판계,1,2025-12-30 09:13:00,2025-12-30 09:38:00,25.0,,공통
b150_base_r1,MSF,46,BLK_46P,4,전면SAW,2,2025-12-30 13:13:19,2025-12-30 13:43:50,30.5,,공통
b150_base_r1,MSF,46,BLK_46P,4,TurnOver,3,2025-12-30 13:43:50,2025-12-30 13:55:50,12.0,,공통
b150_base_r1,MSF,46,BLK_46P,4,후면SAW,4,2025-12-30 15:22:03,2025-12-30 15:41:05,19.0,,공통
b150_base_r1,MSF,46,BLK_46P,4,NC,5,2025-12-30 15:48:58,2025-12-30 16:23:34,34.6,,공통
b150_base_r1,MSF,46,BLK_46P,4,베이36B 론지취부,6,2025-12-30 16:23:34,2025-12-30 17:12:04,48.5,36B,베이36B
b150_base_r1,MSF,46,BLK_46P,4,베이36B 론지용접,7,2025-12-30 17:12:04,2025-12-30 17:31:40,19.6,36B,베이36B
b150_base_r1,MSF,46,BLK_46P,4,베이36B 수정,8,2025-12-30 17:31:40,2025-12-30 18:00:52,29.2,36B,베이36B
b150_base_r1,MSF,35,BLK_35S,5,판계,1,2025-12-30 09:38:00,2025-12-30 10:03:00,25.0,,공통
b150_base_r1,MSF,35,BLK_35S,5,전면SAW,2,2025-12-30 13:43:50,2025-12-30 14:27:40,43.8,,공통
b150_base_r1,MSF,35,BLK_35S,5,TurnOver,3,2025-12-30 14:27:40,2025-12-30 14:39:40,12.0,,공통
b150_base_r1,MSF,35,BLK_35S,5,후면SAW,4,2025-12-30 15:41:05,2025-12-30 16:17:38,36.5,,공통
b150_base_r1,MSF,35,BLK_35S,5,NC,5,2025-12-30 16:23:34,2025-12-30 16:59:21,35.8,,공통
b150_base_r1,MSF,35,BLK_35S,5,베이35A 론지취부,6,2025-12-30 16:59:21,2025-12-30 18:15:51,76.5,35A,베이35A
b150_base_r1,MSF,35,BLK_35S,5,베이35A 론지용접,7,2025-12-30 18:15:51,2025-12-30 18:40:15,24.4,35A,베이35A
b150_base_r1,MSF,35,BLK_35S,5,베이35A 수정,8,2025-12-30 18:40:15,2025-12-30 19:27:03,46.8,35A,베이35A
b150_base_r1,MSF,30,BLK_30C,6,판계,1,2025-12-30 10:03:00,2025-12-30 10:33:00,30.0,,공통
b150_base_r1,MSF,30,BLK_30C,6,전면SAW,2,2025-12-30 14:27:40,2025-12-30 15:13:48,46.1,,공통
b150_base_r1,MSF,30,BLK_30C,6,TurnOver,3,2025-12-30 15:13:48,2025-12-30 15:25:48,12.0,,공통
b150_base_r1,MSF,30,BLK_30C,6,후면SAW,4,2025-12-30 16:17:38,2025-12-30 16:57:13,39.6,,공통
b150_base_r1,MSF,30,BLK_30C,6,NC,5,2025-12-30 16:59:21,2025-12-30 17:41:24,42.0,,공통
b150_base_r1,MSF,30,BLK_30C,6,베이36B 론지취부,6,2025-12-30 17:41:24,2025-12-30 19:15:24,94.0,36B,베이36B
b150_base_r1,MSF,30,BLK_30C,6,베이36B 론지용접,7,2025-12-30 19:15:24,2025-12-30 19:42:48,27.4,36B,베이36B
b150_base_r1,MSF,30,BLK_30C,6,베이36B 수정,8,2025-12-30 19:42:48,2025-12-30 20:40:36,57.8,36B,베이36B
b150_base_r1,MSF,38,BLK_38P,7,판계,1,2025-12-30 10:33:00,2025-12-30 11:11:00,38.0,,공통
b150_base_r1,MSF,38,BLK_38P,7,전면SAW,2,2025-12-30 15:13:48,2025-12-30 17:13:22,119.6,,공통
b150_base_r1,MSF,38,BLK_38P,7,TurnOver,3,2025-12-30 17:13:22,2025-12-30 17:25:22,12.0,,공통
b150_base_r1,MSF,38,BLK_38P,7,후면SAW,4,2025-12-30 17:25:22,2025-12-30 19:02:08,96.8,,공통
b150_base_r1,MSF,38,BLK_38P,7,NC,5,2025-12-30 19:02:08,2025-12-30 19:50:52,48.7,,공통
b150_base_r1,MSF,38,BLK_38P,7,베이35A 론지취부,6,2025-12-30 19:50:52,2025-12-30 21:10:52,80.0,35A,베이35A
b150_base_r1,MSF,38,BLK_38P,7,베이35A 론지용접,7,2025-12-30 21:10:52,2025-12-30 21:35:52,25.0,35A,베이35A
b150_base_r1,MSF,38,BLK_38P,7,베이35A 수정,8,2025-12-30 21:35:52,2025-12-30 22:24:52,49.0,35A,베이35A
b150_base_r1,MSF,91,BLK_91C,8,판계,1,2025-12-30 11:11:00,2025-12-30 11:56:00,45.0,,공통
b150_base_r1,MSF,91,BLK_91C,8,전면SAW,2,2025-12-30 17:13:22,2025-12-30 18:55:52,102.5,,공통
b150_base_r1,MSF,91,BLK_91C,8,TurnOver,3,2025-12-30 18:55:52,2025-12-30 19:07:52,12.0,,공통
b150_base_r1,MSF,91,BLK_91C,8,후면SAW,4,2025-12-30 19:07:52,2025-12-30 20:19:59,72.1,,공통
b150_base_r1,MSF,91,BLK_91C,8,NC,5,2025-12-30 20:19:59,2025-12-30 21:07:26,47.5,,공통
b150_base_r1,MSF,91,BLK_91C,8,베이36B 론지취부,6,2025-12-30 21:07:26,2025-12-30 21:52:26,45.0,36B,베이36B
b150_base_r1,MSF,91,BLK_91C,8,베이36B 론지용접,7,2025-12-30 21:52:26,2025-12-30 22:11:26,19.0,36B,베이36B
b150_base_r1,MSF,91,BLK_91C,8,베이36B 수정,8,2025-12-30 22:11:26,2025-12-30 22:38:26,27.0,36B,베이36B
b150_base_r1,MSF,111,BLK_111C,9,판계,1,2025-12-30 11:56:00,2025-12-30 12:26:00,30.0,,공통
b150_base_r1,MSF,111,BLK_111C,9,전면SAW,2,2025-12-30 18:55:52,2025-12-30 20:26:20,90.5,,공통
b150_base_r1,MSF,111,BLK_111C,9,TurnOver,3,2025-12-30 20:26:20,2025-12-30 20:38:20,12.0,,공통
b150_base_r1,MSF,111,BLK_111C,9,후면SAW,4,2025-12-30 20:38:20,2025-12-30 21:48:34,70.2,,공통
b150_base_r1,MSF,111,BLK_111C,9,NC,5,2025-12-30 21:48:34,2025-12-30 22:42:47,54.2,,공통
b150_base_r1,MSF,111,BLK_111C,9,베이35A 론지취부,6,2025-12-30 22:42:47,2025-12-31 00:23:47,101.0,35A,베이35A
b150_base_r1,MSF,111,BLK_111C,9,베이35A 론지용접,7,2025-12-31 00:23:47,2025-12-31 00:52:23,28.6,35A,베이35A
b150_base_r1,MSF,111,BLK_111C,9,베이35A 수정,8,2025-12-31 00:52:23,2025-12-31 01:54:35,62.2,35A,베이35A
b150_base_r1,MSF,72,BLK_72S,10,판계,1,2025-12-30 12:26:00,2025-12-30 12:38:00,12.0,,공통
b150_base_r1,MSF,72,BLK_72S,10,전면SAW,2,2025-12-30 20:26:20,2025-12-30 21:21:44,55.4,,공통
b150_base_r1,MSF,72,BLK_72S,10,TurnOver,3,2025-12-30 21:21:44,2025-12-30 21:33:44,12.0,,공통
b150_base_r1,MSF,72,BLK_72S,10,후면SAW,4,2025-12-30 21:48:34,2025-12-30 22:40:21,51.8,,공통
b150_base_r1,MSF,72,BLK_72S,10,NC,5,2025-12-30 22:42:47,2025-12-30 23:07:18,24.5,,공통
b150_base_r1,MSF,72,BLK_72S,10,베이36B 론지취부,6,2025-12-30 23:07:18,2025-12-30 23:55:48,48.5,36B,베이36B
b150_base_r1,MSF,72,BLK_72S,10,베이36B 론지용접,7,2025-12-30 23:55:48,2025-12-31 00:15:24,19.6,36B,베이36B
b150_base_r1,MSF,72,BLK_72S,10,베이36B 수정,8,2025-12-31 00:15:24,2025-12-31 00:44:36,29.2,36B,베이36B
b150_base_r1,MSF,82,BLK_82P,11,판계,1,2025-12-30 12:38:00,2025-12-30 12:50:00,12.0,,공통
b150_base_r1,MSF,82,BLK_82P,11,전면SAW,2,2025-12-30 21:21:44,2025-12-30 22:20:46,59.0,,공통
b150_base_r1,MSF,82,BLK_82P,11,TurnOver,3,2025-12-30 22:20:46,2025-12-30 22:32:46,12.0,,공통
b150_base_r1,MSF,82,BLK_82P,11,후면SAW,4,2025-12-30 22:40:21,2025-12-30 23:36:54,56.6,,공통
b150_base_r1,MSF,82,BLK_82P,11,NC,5,2025-12-30 23:36:54,2025-12-30 23:57:46,20.9,,공통
b150_base_r1,MSF,82,BLK_82P,11,베이35A 론지취부,6,2025-12-31 00:23:47,2025-12-31 01:01:47,38.0,35A,베이35A
b150_base_r1,MSF,82,BLK_82P,11,베이35A 론지용접,7,2025-12-31 01:01:47,2025-12-31 01:15:35,13.8,35A,베이35A
b150_base_r1,MSF,82,BLK_82P,11,베이35A 수정,8,2025-12-31 01:54:35,2025-12-31 02:17:11,22.6,35A,베이35A
b150_base_r1,MSF,102,BLK_102S,12,판계,1,2025-12-30 12:50:00,2025-12-30 13:17:00,27.0,,공통
b150_base_r1,MSF,102,BLK_102S,12,전면SAW,2,2025-12-30 22:20:46,2025-12-31 00:35:06,134.3,,공통
b150_base_r1,MSF,102,BLK_102S,12,TurnOver,3,2025-12-31 00:35:06,2025-12-31 00:47:06,12.0,,공통
b150_base_r1,MSF,102,BLK_102S,12,후면SAW,4,2025-12-31 00:47:06,2025-12-31 02:24:40,97.6,,공통
b150_base_r1,MSF,102,BLK_102S,12,NC,5,2025-12-31 02:24:40,2025-12-31 02:55:44,31.1,,공통
b150_base_r1,MSF,102,BLK_102S,12,베이36B 론지취부,6,2025-12-31 02:55:44,2025-12-31 03:37:14,41.5,36B,베이36B
b150_base_r1,MSF,102,BLK_102S,12,베이36B 론지용접,7,2025-12-31 03:37:14,2025-12-31 03:51:38,14.4,36B,베이36B
b150_base_r1,MSF,102,BLK_102S,12,베이36B 수정,8,2025-12-31 03:51:38,2025-12-31 04:16:26,24.8,36B,베이36B
b150_base_r1,MSF,86,BLK_86S,13,판계,1,2025-12-30 13:17:00,2025-12-30 13:37:00,20.0,,공통
b150_base_r1,MSF,86,BLK_86S,13,전면SAW,2,2025-12-31 00:35:06,2025-12-31 01:23:24,48.3,,공통
b150_base_r1,MSF,86,BLK_86S,13,TurnOver,3,2025-12-31 01:23:24,2025-12-31 01:35:24,12.0,,공통
b150_base_r1,MSF,86,BLK_86S,13,후면SAW,4,2025-12-31 02:24:40,2025-12-31 03:07:07,42.5,,공통
b150_base_r1,MSF,86,BLK_86S,13,NC,5,2025-12-31 03:07:07,2025-12-31 03:33:22,26.2,,공통
b150_base_r1,MSF,86,BLK_86S,13,베이35A 론지취부,6,2025-12-31 03:33:22,2025-12-31 04:21:52,48.5,35A,베이35A
b150_base_r1,MSF,86,BLK_86S,13,베이35A 론지용접,7,2025-12-31 04:21:52,2025-12-31 04:41:28,19.6,35A,베이35A
b150_base_r1,MSF,86,BLK_86S,13,베이35A 수정,8,2025-12-31 04:41:28,2025-12-31 05:10:40,29.2,35A,베이35A
b150_base_r1,MSF,116,BLK_116S,14,판계,1,2025-12-30 13:37:00,2025-12-30 13:57:00,20.0,,공통
b150_base_r1,MSF,116,BLK_116S,14,전면SAW,2,2025-12-31 01:23:24,2025-12-31 02:13:04,49.7,,공통
b150_base_r1,MSF,116,BLK_116S,14,TurnOver,3,2025-12-31 02:13:04,2025-12-31 02:25:04,12.0,,공통
b150_base_r1,MSF,116,BLK_116S,14,후면SAW,4,2025-12-31 03:07:07,2025-12-31 03:51:22,44.2,,공통
b150_base_r1,MSF,116,BLK_116S,14,NC,5,2025-12-31 03:51:22,2025-12-31 04:19:45,28.4,,공통
b150_base_r1,MSF,116,BLK_116S,14,베이36B 론지취부,6,2025-12-31 04:19:45,2025-12-31 05:08:15,48.5,36B,베이36B
b150_base_r1,MSF,116,BLK_116S,14,베이36B 론지용접,7,2025-12-31 05:08:15,2025-12-31 05:27:51,19.6,36B,베이36B
b150_base_r1,MSF,116,BLK_116S,14,베이36B 수정,8,2025-12-31 05:27:51,2025-12-31 05:57:03,29.2,36B,베이36B
b150_base_r1,MSF,99,BLK_99P,15,판계,1,2025-12-30 13:57:00,2025-12-30 14:17:00,20.0,,공통
b150_base_r1,MSF,99,BLK_99P,15,전면SAW,2,2025-12-31 02:13:04,2025-12-31 02:51:00,37.9,,공통
b150_base_r1,MSF,99,BLK_99P,15,TurnOver,3,2025-12-31 02:51:00,2025-12-31 03:03:00,12.0,,공통
b150_base_r1,MSF,99,BLK_99P,15,후면SAW,4,2025-12-31 03:51:22,2025-12-31 04:20:10,28.8,,공통
b150_base_r1,MSF,99,BLK_99P,15,NC,5,2025-12-31 04:20:10,2025-12-31 04:48:34,28.4,,공통
b150_base_r1,MSF,99,BLK_99P,15,베이35A 론지취부,6,2025-12-31 04:48:34,2025-12-31 05:44:04,55.5,35A,베이35A
b150_base_r1,MSF,99,BLK_99P,15,베이35A 론지용접,7,2025-12-31 05:44:04,2025-12-31 06:04:52,20.8,35A,베이35A
b150_base_r1,MSF,99,BLK_99P,15,베이35A 수정,8,2025-12-31 06:04:52,2025-12-31 06:38:28,33.6,35A,베이35A
b150_base_r1,MSF,62,BLK_62C,16,판계,1,2025-12-30 14:17:00,2025-12-30 14:42:00,25.0,,공통
b150_base_r1,MSF,62,BLK_62C,16,전면SAW,2,2025-12-31 02:51:00,2025-12-31 03:25:58,35.0,,공통
b150_base_r1,MSF,62,BLK_62C,16,TurnOver,3,2025-12-31 03:25:58,2025-12-31 03:37:58,12.0,,공통
b150_base_r1,MSF,62,BLK_62C,16,후면SAW,4,2025-12-31 04:20:10,2025-12-31 04:45:04,24.9,,공통
b150_base_r1,MSF,62,BLK_62C,16,NC,5,2025-12-31 04:48:34,2025-12-31 05:25:23,36.8,,공통
b150_base_r1,MSF,62,BLK_62C,16,베이36B 론지취부,6,2025-12-31 05:25:23,2025-12-31 06:31:23,66.0,36B,베이36B
b150_base_r1,MSF,62,BLK_62C,16,베이36B 론지용접,7,2025-12-31 06:31:23,2025-12-31 06:53:59,22.6,36B,베이36B
b150_base_r1,MSF,62,BLK_62C,16,베이36B 수정,8,2025-12-31 06:53:59,2025-12-31 07:34:11,40.2,36B,베이36B
b150_base_r1,MSF,92,BLK_92P,17,판계,1,2025-12-30 14:42:00,2025-12-30 15:22:00,40.0,,공통
b150_base_r1,MSF,92,BLK_92P,17,전면SAW,2,2025-12-31 03:25:58,2025-12-31 05:20:55,115.0,,공통
b150_base_r1,MSF,92,BLK_92P,17,TurnOver,3,2025-12-31 05:20:55,2025-12-31 05:32:55,12.0,,공통
b150_base_r1,MSF,92,BLK_92P,17,후면SAW,4,2025-12-31 05:32:55,2025-12-31 06:55:00,82.1,,공통
b150_base_r1,MSF,92,BLK_92P,17,NC,5,2025-12-31 06:55:00,2025-12-31 07:37:56,42.9,,공통
b150_base_r1,MSF,92,BLK_92P,17,베이35A 론지취부,6,2025-12-31 07:37:56,2025-12-31 08:12:26,34.5,35A,베이35A
b150_base_r1,MSF,92,BLK_92P,17,베이35A 론지용접,7,2025-12-31 08:12:26,2025-12-31 08:29:38,17.2,35A,베이35A
b150_base_r1,MSF,92,BLK_92P,17,베이35A 수정,8,2025-12-31 08:29:38,2025-12-31 08:50:02,20.4,35A,베이35A
b150_base_r1,MSF,66,BLK_66C,18,판계,1,2025-12-30 15:22:00,2025-12-30 16:07:00,45.0,,공통
b150_base_r1,MSF,66,BLK_66C,18,전면SAW,2,2025-12-31 05:20:55,2025-12-31 07:05:34,104.6,,공통
b150_base_r1,MSF,66,BLK_66C,18,TurnOver,3,2025-12-31 07:05:34,2025-12-31 07:17:34,12.0,,공통
b150_base_r1,MSF,66,BLK_66C,18,후면SAW,4,2025-12-31 07:17:34,2025-12-31 09:01:34,104.0,,공통
b150_base_r1,MSF,66,BLK_66C,18,NC,5,2025-12-31 09:01:34,2025-12-31 10:02:45,61.2,,공통
b150_base_r1,MSF,66,BLK_66C,18,베이36B 론지취부,6,2025-12-31 10:02:45,2025-12-31 11:50:45,108.0,36B,베이36B
b150_base_r1,MSF,66,BLK_66C,18,베이36B 론지용접,7,2025-12-31 11:50:45,2025-12-31 12:20:33,29.8,36B,베이36B
b150_base_r1,MSF,66,BLK_66C,18,베이36B 수정,8,2025-12-31 12:20:33,2025-12-31 13:27:09,66.6,36B,베이36B
b150_base_r1,MSF,69,BLK_69C,19,판계,1,2025-12-30 16:07:00,2025-12-30 16:59:00,52.0,,공통
b150_base_r1,MSF,69,BLK_69C,19,전면SAW,2,2025-12-31 07:05:34,2025-12-31 07:51:39,46.1,,공통
b150_base_r1,MSF,69,BLK_69C,19,TurnOver,3,2025-12-31 07:51:39,2025-12-31 08:03:39,12.0,,공통
b150_base_r1,MSF,69,BLK_69C,19,후면SAW,4,2025-12-31 09:01:34,2025-12-31 09:41:06,39.5,,공통
b150_base_r1,MSF,69,BLK_69C,19,NC,5,2025-12-31 10:02:45,2025-12-31 11:07:34,64.8,,공통
b150_base_r1,MSF,69,BLK_69C,19,베이36B 론지취부,6,2025-12-31 11:50:45,2025-12-31 13:28:15,97.5,36B,베이36B
b150_base_r1,MSF,69,BLK_69C,19,베이36B 론지용접,7,2025-12-31 13:28:15,2025-12-31 13:56:15,28.0,36B,베이36B
b150_base_r1,MSF,69,BLK_69C,19,베이36B 수정,8,2025-12-31 13:56:15,2025-12-31 14:56:15,60.0,36B,베이36B
b150_base_r1,MSF,96,BLK_96C,20,판계,1,2025-12-30 16:59:00,2025-12-30 17:44:00,45.0,,공통
b150_base_r1,MSF,96,BLK_96C,20,전면SAW,2,2025-12-31 07:51:39,2025-12-31 10:44:02,172.4,,공통
b150_base_r1,MSF,96,BLK_96C,20,TurnOver,3,2025-12-31 10:44:02,2025-12-31 10:56:02,12.0,,공통
b150_base_r1,MSF,96,BLK_96C,20,후면SAW,4,2025-12-31 10:56:02,2025-12-31 13:01:10,125.1,,공통
b150_base_r1,MSF,96,BLK_96C,20,NC,5,2025-12-31 13:01:10,2025-12-31 13:56:09,55.0,,공통
b150_base_r1,MSF,96,BLK_96C,20,베이35A 론지취부,6,2025-12-31 13:56:09,2025-12-31 15:12:39,76.5,35A,베이35A
b150_base_r1,MSF,96,BLK_96C,20,베이35A 론지용접,7,2025-12-31 15:12:39,2025-12-31 15:37:03,24.4,35A,베이35A
b150_base_r1,MSF,96,BLK_96C,20,베이35A 수정,8,2025-12-31 15:37:03,2025-12-31 16:23:51,46.8,35A,베이35A
b150_base_r1,MSF,139,BLK_139P,21,판계,1,2025-12-30 17:44:00,2025-12-30 18:14:00,30.0,,공통
b150_base_r1,MSF,139,BLK_139P,21,전면SAW,2,2025-12-31 10:44:02,2025-12-31 11:13:43,29.7,,공통
b150_base_r1,MSF,139,BLK_139P,21,TurnOver,3,2025-12-31 11:13:43,2025-12-31 11:25:43,12.0,,공통
b150_base_r1,MSF,139,BLK_139P,21,후면SAW,4,2025-12-31 13:01:10,2025-12-31 13:19:06,17.9,,공통
b150_base_r1,MSF,139,BLK_139P,21,NC,5,2025-12-31 13:56:09,2025-12-31 14:36:51,40.7,,공통
b150_base_r1,MSF,139,BLK_139P,21,베이36B 론지취부,6,2025-12-31 14:36:51,2025-12-31 15:49:51,73.0,36B,베이36B
b150_base_r1,MSF,139,BLK_139P,21,베이36B 론지용접,7,2025-12-31 15:49:51,2025-12-31 16:13:39,23.8,36B,베이36B
b150_base_r1,MSF,139,BLK_139P,21,베이36B 수정,8,2025-12-31 16:13:39,2025-12-31 16:58:15,44.6,36B,베이36B
b150_base_r1,MSF,8,BLK_8P,22,판계,1,2025-12-30 18:14:00,2025-12-30 18:26:00,12.0,,공통
b150_base_r1,MSF,8,BLK_8P,22,전면SAW,2,2025-12-31 11:13:43,2025-12-31 11:54:37,40.9,,공통
b150_base_r1,MSF,8,BLK_8P,22,TurnOver,3,2025-12-31 11:54:37,2025-12-31 12:06:37,12.0,,공통
b150_base_r1,MSF,8,BLK_8P,22,후면SAW,4,2025-12-31 13:19:06,2025-12-31 13:51:48,32.7,,공통
b150_base_r1,MSF,8,BLK_8P,22,NC,5,2025-12-31 14:36:51,2025-12-31 14:57:10,20.3,,공통
b150_base_r1,MSF,8,BLK_8P,22,베이35A 론지취부,6,2025-12-31 15:12:39,2025-12-31 16:01:09,48.5,35A,베이35A
b150_base_r1,MSF,8,BLK_8P,22,베이35A 론지용접,7,2025-12-31 16:01:09,2025-12-31 16:20:45,19.6,35A,베이35A
b150_base_r1,MSF,8,BLK_8P,22,베이35A 수정,8,2025-12-31 16:23:51,2025-12-31 16:53:03,29.2,35A,베이35A
b150_base_r1,MSF,24,BLK_24S,23,판계,1,2025-12-30 18:26:00,2025-12-30 18:38:00,12.0,,공통
b150_base_r1,MSF,24,BLK_24S,23,전면SAW,2,2025-12-31 11:54:37,2025-12-31 13:02:16,67.7,,공통
b150_base_r1,MSF,24,BLK_24S,23,TurnOver,3,2025-12-31 13:02:16,2025-12-31 13:14:16,12.0,,공통
b150_base_r1,MSF,24,BLK_24S,23,후면SAW,4,2025-12-31 13:51:48,2025-12-31 14:59:43,67.9,,공통
b150_base_r1,MSF,24,BLK_24S,23,NC,5,2025-12-31 14:59:43,2025-12-31 15:22:39,22.9,,공통
b150_base_r1,MSF,24,BLK_24S,23,베이36B 론지취부,6,2025-12-31 15:49:51,2025-12-31 16:38:21,48.5,36B,베이36B
b150_base_r1,MSF,24,BLK_24S,23,베이36B 론지용접,7,2025-12-31 16:38:21,2025-12-31 16:57:57,19.6,36B,베이36B
b150_base_r1,MSF,24,BLK_24S,23,베이36B 수정,8,2025-12-31 16:58:15,2025-12-31 17:27:27,29.2,36B,베이36B
b150_base_r1,MSF,79,BLK_79S,1,판계,1,2025-12-31 08:00:00,2025-12-31 08:45:00,45.0,,공통
b150_base_r1,MSF,79,BLK_79S,1,전면SAW,2,2025-12-31 13:02:16,2025-12-31 15:45:16,163.0,,공통
b150_base_r1,MSF,79,BLK_79S,1,TurnOver,3,2025-12-31 15:45:16,2025-12-31 15:57:16,12.0,,공통
b150_base_r1,MSF,79,BLK_79S,1,후면SAW,4,2025-12-31 15:57:16,2025-12-31 17:57:48,120.5,,공통
b150_base_r1,MSF,79,BLK_79S,1,NC,5,2025-12-31 17:57:48,2025-12-31 18:51:06,53.3,,공통
b150_base_r1,MSF,79,BLK_79S,1,베이35A 론지취부,6,2025-12-31 18:51:06,2025-12-31 20:00:36,69.5,35A,베이35A
b150_base_r1,MSF,79,BLK_79S,1,베이35A 론지용접,7,2025-12-31 20:00:36,2025-12-31 20:23:48,23.2,35A,베이35A
b150_base_r1,MSF,79,BLK_79S,1,베이35A 수정,8,2025-12-31 20:23:48,2025-12-31 21:06:12,42.4,35A,베이35A
b150_base_r1,MSF,129,BLK_129P,2,판계,1,2025-12-31 08:45:00,2025-12-31 09:15:00,30.0,,공통
b150_base_r1,MSF,129,BLK_129P,2,전면SAW,2,2025-12-31 15:45:16,2025-12-31 16:25:47,40.5,,공통
b150_base_r1,MSF,129,BLK_129P,2,TurnOver,3,2025-12-31 16:25:47,2025-12-31 16:37:47,12.0,,공통
b150_base_r1,MSF,129,BLK_129P,2,후면SAW,4,2025-12-31 17:57:48,2025-12-31 18:29:59,32.2,,공통
b150_base_r1,MSF,129,BLK_129P,2,NC,5,2025-12-31 18:51:06,2025-12-31 19:39:57,48.8,,공통
b150_base_r1,MSF,129,BLK_129P,2,베이36B 론지취부,6,2025-12-31 19:39:57,2025-12-31 20:49:27,69.5,36B,베이36B
b150_base_r1,MSF,129,BLK_129P,2,베이36B 론지용접,7,2025-12-31 20:49:27,2025-12-31 21:12:39,23.2,36B,베이36B
b150_base_r1,MSF,129,BLK_129P,2,베이36B 수정,8,2025-12-31 21:12:39,2025-12-31 21:55:03,42.4,36B,베이36B
b150_base_r1,MSF,76,BLK_76C,3,판계,1,2025-12-31 09:15:00,2025-12-31 10:00:00,45.0,,공통
b150_base_r1,MSF,76,BLK_76C,3,전면SAW,2,2025-12-31 16:25:47,2025-12-31 18:39:31,133.7,,공통
b150_base_r1,MSF,76,BLK_76C,3,TurnOver,3,2025-12-31 18:39:31,2025-12-31 18:51:31,12.0,,공통
b150_base_r1,MSF,76,BLK_76C,3,후면SAW,4,2025-12-31 18:51:31,2025-12-31 20:45:45,114.2,,공통
b150_base_r1,MSF,76,BLK_76C,3,NC,5,2025-12-31 20:45:45,2025-12-31 21:48:03,62.3,,공통
b150_base_r1,MSF,76,BLK_76C,3,베이36B 론지취부,6,2025-12-31 21:48:03,2025-12-31 23:11:33,83.5,36B,베이36B
b150_base_r1,MSF,76,BLK_76C,3,베이36B 론지용접,7,2025-12-31 23:11:33,2025-12-31 23:37:09,25.6,36B,베이36B
b150_base_r1,MSF,76,BLK_76C,3,베이36B 수정,8,2025-12-31 23:37:09,2026-01-01 00:28:21,51.2,36B,베이36B
b150_base_r1,MSF,84,BLK_84P,4,판계,1,2025-12-31 10:00:00,2025-12-31 10:12:00,12.0,,공통
b150_base_r1,MSF,84,BLK_84P,4,전면SAW,2,2025-12-31 18:39:31,2025-12-31 19:35:31,56.0,,공통
b150_base_r1,MSF,84,BLK_84P,4,TurnOver,3,2025-12-31 19:35:31,2025-12-31 19:47:31,12.0,,공통
b150_base_r1,MSF,84,BLK_84P,4,후면SAW,4,2025-12-31 20:45:45,2025-12-31 21:38:19,52.6,,공통
b150_base_r1,MSF,84,BLK_84P,4,NC,5,2025-12-31 21:48:03,2025-12-31 22:14:34,26.5,,공통
b150_base_r1,MSF,84,BLK_84P,4,베이35A 론지취부,6,2025-12-31 22:14:34,2025-12-31 23:06:34,52.0,35A,베이35A
b150_base_r1,MSF,84,BLK_84P,4,베이35A 론지용접,7,2025-12-31 23:06:34,2025-12-31 23:26:46,20.2,35A,베이35A
b150_base_r1,MSF,84,BLK_84P,4,베이35A 수정,8,2025-12-31 23:26:46,2025-12-31 23:58:10,31.4,35A,베이35A
b150_base_r1,MSF,50,BLK_50S,5,판계,1,2025-12-31 10:12:00,2025-12-31 10:39:00,27.0,,공통
b150_base_r1,MSF,50,BLK_50S,5,전면SAW,2,2025-12-31 19:35:31,2025-12-31 21:51:01,135.5,,공통
b150_base_r1,MSF,50,BLK_50S,5,TurnOver,3,2025-12-31 21:51:01,2025-12-31 22:03:01,12.0,,공통
b150_base_r1,MSF,50,BLK_50S,5,후면SAW,4,2025-12-31 22:03:01,2025-12-31 23:41:33,98.5,,공통
b150_base_r1,MSF,50,BLK_50S,5,NC,5,2025-12-31 23:41:33,2026-01-01 00:12:21,30.8,,공통
b150_base_r1,MSF,50,BLK_50S,5,베이36B 론지취부,6,2026-01-01 00:12:21,2026-01-01 00:43:21,31.0,36B,베이36B
b150_base_r1,MSF,50,BLK_50S,5,베이36B 론지용접,7,2026-01-01 00:43:21,2026-01-01 00:55:57,12.6,36B,베이36B
b150_base_r1,MSF,50,BLK_50S,5,베이36B 수정,8,2026-01-01 00:55:57,2026-01-01 01:14:09,18.2,36B,베이36B
b150_base_r1,MSF,44,BLK_44C,6,판계,1,2025-12-31 10:39:00,2025-12-31 10:51:00,12.0,,공통
b150_base_r1,MSF,44,BLK_44C,6,전면SAW,2,2025-12-31 21:51:01,2025-12-31 22:39:30,48.5,,공통
b150_base_r1,MSF,44,BLK_44C,6,TurnOver,3,2025-12-31 22:39:30,2025-12-31 22:51:30,12.0,,공통
b150_base_r1,MSF,44,BLK_44C,6,후면SAW,4,2025-12-31 23:41:33,2026-01-01 00:24:13,42.7,,공통
b150_base_r1,MSF,44,BLK_44C,6,NC,5,2026-01-01 00:24:13,2026-01-01 00:47:19,23.1,,공통
b150_base_r1,MSF,44,BLK_44C,6,베이35A 론지취부,6,2026-01-01 00:47:19,2026-01-01 01:42:49,55.5,35A,베이35A
b150_base_r1,MSF,44,BLK_44C,6,베이35A 론지용접,7,2026-01-01 01:42:49,2026-01-01 02:03:37,20.8,35A,베이35A
b150_base_r1,MSF,44,BLK_44C,6,베이35A 수정,8,2026-01-01 02:03:37,2026-01-01 02:37:13,33.6,35A,베이35A
b150_base_r1,MSF,48,BLK_48S,7,판계,1,2025-12-31 10:51:00,2025-12-31 11:03:00,12.0,,공통
b150_base_r1,MSF,48,BLK_48S,7,전면SAW,2,2025-12-31 22:39:30,2025-12-31 23:28:16,48.8,,공통
b150_base_r1,MSF,48,BLK_48S,7,TurnOver,3,2025-12-31 23:28:16,2025-12-31 23:40:16,12.0,,공통
b150_base_r1,MSF,48,BLK_48S,7,후면SAW,4,2026-01-01 00:24:13,2026-01-01 01:07:17,43.1,,공통
b150_base_r1,MSF,48,BLK_48S,7,NC,5,2026-01-01 01:07:17,2026-01-01 01:30:23,23.1,,공통
b150_base_r1,MSF,48,BLK_48S,7,베이36B 론지취부,6,2026-01-01 01:30:23,2026-01-01 02:15:23,45.0,36B,베이36B
b150_base_r1,MSF,48,BLK_48S,7,베이36B 론지용접,7,2026-01-01 02:15:23,2026-01-01 02:34:23,19.0,36B,베이36B
b150_base_r1,MSF,48,BLK_48S,7,베이36B 수정,8,2026-01-01 02:34:23,2026-01-01 03:01:23,27.0,36B,베이36B
b150_base_r1,MSF,104,BLK_104P,8,판계,1,2025-12-31 11:03:00,2025-12-31 11:15:00,12.0,,공통
b150_base_r1,MSF,104,BLK_104P,8,전면SAW,2,2025-12-31 23:28:16,2026-01-01 00:16:30,48.2,,공통
b150_base_r1,MSF,104,BLK_104P,8,TurnOver,3,2026-01-01 00:16:30,2026-01-01 00:28:30,12.0,,공통
b150_base_r1,MSF,104,BLK_104P,8,후면SAW,4,2026-01-01 01:07:17,2026-01-01 01:49:37,42.3,,공통
b150_base_r1,MSF,104,BLK_104P,8,NC,5,2026-01-01 01:49:37,2026-01-01 02:12:57,23.3,,공통
b150_base_r1,MSF,104,BLK_104P,8,베이35A 론지취부,6,2026-01-01 02:12:57,2026-01-01 02:57:57,45.0,35A,베이35A
b150_base_r1,MSF,104,BLK_104P,8,베이35A 론지용접,7,2026-01-01 02:57:57,2026-01-01 03:16:57,19.0,35A,베이35A
b150_base_r1,MSF,104,BLK_104P,8,베이35A 수정,8,2026-01-01 03:16:57,2026-01-01 03:43:57,27.0,35A,베이35A
b150_base_r1,MSF,85,BLK_85S,9,판계,1,2025-12-31 11:15:00,2025-12-31 11:27:00,12.0,,공통
b150_base_r1,MSF,85,BLK_85S,9,전면SAW,2,2026-01-01 00:16:30,2026-01-01 00:53:47,37.3,,공통
b150_base_r1,MSF,85,BLK_85S,9,TurnOver,3,2026-01-01 00:53:47,2026-01-01 01:05:47,12.0,,공통
b150_base_r1,MSF,85,BLK_85S,9,후면SAW,4,2026-01-01 01:49:37,2026-01-01 02:17:33,27.9,,공통
b150_base_r1,MSF,85,BLK_85S,9,NC,5,2026-01-01 02:17:33,2026-01-01 02:38:30,20.9,,공통
b150_base_r1,MSF,85,BLK_85S,9,베이36B 론지취부,6,2026-01-01 02:38:30,2026-01-01 03:16:30,38.0,36B,베이36B
b150_base_r1,MSF,85,BLK_85S,9,베이36B 론지용접,7,2026-01-01 03:16:30,2026-01-01 03:30:18,13.8,36B,베이36B
b150_base_r1,MSF,85,BLK_85S,9,베이36B 수정,8,2026-01-01 03:30:18,2026-01-01 03:52:54,22.6,36B,베이36B
b150_base_r1,MSF,105,BLK_105S,10,판계,1,2025-12-31 11:27:00,2025-12-31 11:47:00,20.0,,공통
b150_base_r1,MSF,105,BLK_105S,10,전면SAW,2,2026-01-01 00:53:47,2026-01-01 02:50:51,117.1,,공통
b150_base_r1,MSF,105,BLK_105S,10,TurnOver,3,2026-01-01 02:50:51,2026-01-01 03:02:51,12.0,,공통
b150_base_r1,MSF,105,BLK_105S,10,후면SAW,4,2026-01-01 03:02:51,2026-01-01 04:37:21,94.5,,공통
b150_base_r1,MSF,105,BLK_105S,10,NC,5,2026-01-01 04:37:21,2026-01-01 05:03:28,26.1,,공통
b150_base_r1,MSF,105,BLK_105S,10,베이35A 론지취부,6,2026-01-01 05:03:28,2026-01-01 05:44:58,41.5,35A,베이35A
b150_base_r1,MSF,105,BLK_105S,10,베이35A 론지용접,7,2026-01-01 05:44:58,2026-01-01 05:59:22,14.4,35A,베이35A
b150_base_r1,MSF,105,BLK_105S,10,베이35A 수정,8,2026-01-01 05:59:22,2026-01-01 06:24:10,24.8,35A,베이35A
b150_base_r1,MSF,145,BLK_145C,11,판계,1,2025-12-31 11:47:00,2025-12-31 11:59:00,12.0,,공통
b150_base_r1,MSF,145,BLK_145C,11,전면SAW,2,2026-01-01 02:50:51,2026-01-01 03:29:19,38.5,,공통
b150_base_r1,MSF,145,BLK_145C,11,TurnOver,3,2026-01-01 03:29:19,2026-01-01 03:41:19,12.0,,공통
b150_base_r1,MSF,145,BLK_145C,11,후면SAW,4,2026-01-01 04:37:21,2026-01-01 05:06:51,29.5,,공통
b150_base_r1,MSF,145,BLK_145C,11,NC,5,2026-01-01 05:06:51,2026-01-01 05:27:47,20.9,,공통
b150_base_r1,MSF,145,BLK_145C,11,베이36B 론지취부,6,2026-01-01 05:27:47,2026-01-01 06:12:47,45.0,36B,베이36B
b150_base_r1,MSF,145,BLK_145C,11,베이36B 론지용접,7,2026-01-01 06:12:47,2026-01-01 06:27:47,15.0,36B,베이36B
b150_base_r1,MSF,145,BLK_145C,11,베이36B 수정,8,2026-01-01 06:27:47,2026-01-01 06:54:47,27.0,36B,베이36B
b150_base_r1,MSF,117,BLK_117P,12,판계,1,2025-12-31 11:59:00,2025-12-31 12:19:00,20.0,,공통
b150_base_r1,MSF,117,BLK_117P,12,전면SAW,2,2026-01-01 03:29:19,2026-01-01 05:05:19,96.0,,공통
b150_base_r1,MSF,117,BLK_117P,12,TurnOver,3,2026-01-01 05:05:19,2026-01-01 05:17:19,12.0,,공통
b150_base_r1,MSF,117,BLK_117P,12,후면SAW,4,2026-01-01 05:17:19,2026-01-01 06:32:37,75.3,,공통
b150_base_r1,MSF,117,BLK_117P,12,NC,5,2026-01-01 06:32:37,2026-01-01 06:57:45,25.1,,공통
b150_base_r1,MSF,117,BLK_117P,12,베이35A 론지취부,6,2026-01-01 06:57:45,2026-01-01 07:28:45,31.0,35A,베이35A
b150_base_r1,MSF,117,BLK_117P,12,베이35A 론지용접,7,2026-01-01 07:28:45,2026-01-01 07:41:21,12.6,35A,베이35A
b150_base_r1,MSF,117,BLK_117P,12,베이35A 수정,8,2026-01-01 07:41:21,2026-01-01 07:59:33,18.2,35A,베이35A
b150_base_r1,MSF,88,BLK_88P,13,판계,1,2025-12-31 12:19:00,2025-12-31 12:31:00,12.0,,공통
b150_base_r1,MSF,88,BLK_88P,13,전면SAW,2,2026-01-01 05:05:19,2026-01-01 05:48:44,43.4,,공통
b150_base_r1,MSF,88,BLK_88P,13,TurnOver,3,2026-01-01 05:48:44,2026-01-01 06:00:44,12.0,,공통
b150_base_r1,MSF,88,BLK_88P,13,후면SAW,4,2026-01-01 06:32:37,2026-01-01 07:08:38,36.0,,공통
b150_base_r1,MSF,88,BLK_88P,13,NC,5,2026-01-01 07:08:38,2026-01-01 07:29:30,20.9,,공통
b150_base_r1,MSF,88,BLK_88P,13,베이36B 론지취부,6,2026-01-01 07:29:30,2026-01-01 07:50:00,20.5,36B,베이36B
b150_base_r1,MSF,88,BLK_88P,13,베이36B 론지용접,7,2026-01-01 07:50:00,2026-01-01 08:00:48,10.8,36B,베이36B
b150_base_r1,MSF,88,BLK_88P,13,베이36B 수정,8,2026-01-01 08:00:48,2026-01-01 08:12:24,11.6,36B,베이36B
b150_base_r1,MSF,128,BLK_128C,14,판계,1,2025-12-31 12:31:00,2025-12-31 12:43:00,12.0,,공통
b150_base_r1,MSF,128,BLK_128C,14,전면SAW,2,2026-01-01 05:48:44,2026-01-01 06:46:50,58.1,,공통
b150_base_r1,MSF,128,BLK_128C,14,TurnOver,3,2026-01-01 06:46:50,2026-01-01 06:58:50,12.0,,공통
b150_base_r1,MSF,128,BLK_128C,14,후면SAW,4,2026-01-01 07:08:38,2026-01-01 08:03:58,55.3,,공통
b150_base_r1,MSF,128,BLK_128C,14,NC,5,2026-01-01 08:03:58,2026-01-01 08:25:12,21.2,,공통
b150_base_r1,MSF,128,BLK_128C,14,베이35A 론지취부,6,2026-01-01 08:25:12,2026-01-01 09:10:12,45.0,35A,베이35A
b150_base_r1,MSF,128,BLK_128C,14,베이35A 론지용접,7,2026-01-01 09:10:12,2026-01-01 09:25:12,15.0,35A,베이35A
b150_base_r1,MSF,128,BLK_128C,14,베이35A 수정,8,2026-01-01 09:25:12,2026-01-01 09:52:12,27.0,35A,베이35A
b150_base_r1,MSF,110,BLK_110S,15,판계,1,2025-12-31 12:43:00,2025-12-31 12:55:00,12.0,,공통
b150_base_r1,MSF,110,BLK_110S,15,전면SAW,2,2026-01-01 06:46:50,2026-01-01 07:25:35,38.8,,공통
b150_base_r1,MSF,110,BLK_110S,15,TurnOver,3,2026-01-01 07:25:35,2026-01-01 07:37:35,12.0,,공통
b150_base_r1,MSF,110,BLK_110S,15,후면SAW,4,2026-01-01 08:03:58,2026-01-01 08:33:51,29.9,,공통
b150_base_r1,MSF,110,BLK_110S,15,NC,5,2026-01-01 08:33:51,2026-01-01 08:56:09,22.3,,공통
b150_base_r1,MSF,110,BLK_110S,15,베이36B 론지취부,6,2026-01-01 08:56:09,2026-01-01 09:37:39,41.5,36B,베이36B
b150_base_r1,MSF,110,BLK_110S,15,베이36B 론지용접,7,2026-01-01 09:37:39,2026-01-01 09:56:03,18.4,36B,베이36B
b150_base_r1,MSF,110,BLK_110S,15,베이36B 수정,8,2026-01-01 09:56:03,2026-01-01 10:20:51,24.8,36B,베이36B
b150_base_r1,MSF,74,BLK_74P,16,판계,1,2025-12-31 12:55:00,2025-12-31 13:15:00,20.0,,공통
b150_base_r1,MSF,74,BLK_74P,16,전면SAW,2,2026-01-01 07:25:35,2026-01-01 07:57:46,32.2,,공통
b150_base_r1,MSF,74,BLK_74P,16,TurnOver,3,2026-01-01 07:57:46,2026-01-01 08:09:46,12.0,,공통
b150_base_r1,MSF,74,BLK_74P,16,후면SAW,4,2026-01-01 08:33:51,2026-01-01 08:55:04,21.2,,공통
b150_base_r1,MSF,74,BLK_74P,16,NC,5,2026-01-01 08:56:09,2026-01-01 09:24:16,28.1,,공통
b150_base_r1,MSF,74,BLK_74P,16,베이35A 론지취부,6,2026-01-01 09:24:16,2026-01-01 10:30:16,66.0,35A,베이35A
b150_base_r1,MSF,74,BLK_74P,16,베이35A 론지용접,7,2026-01-01 10:30:16,2026-01-01 10:52:52,22.6,35A,베이35A
b150_base_r1,MSF,74,BLK_74P,16,베이35A 수정,8,2026-01-01 10:52:52,2026-01-01 11:33:04,40.2,35A,베이35A
b150_base_r1,MSF,94,BLK_94S,17,판계,1,2025-12-31 13:15:00,2025-12-31 13:35:00,20.0,,공통
b150_base_r1,MSF,94,BLK_94S,17,전면SAW,2,2026-01-01 07:57:46,2026-01-01 08:32:13,34.5,,공통
b150_base_r1,MSF,94,BLK_94S,17,TurnOver,3,2026-01-01 08:32:13,2026-01-01 08:44:13,12.0,,공통
b150_base_r1,MSF,94,BLK_94S,17,후면SAW,4,2026-01-01 08:55:04,2026-01-01 09:19:16,24.2,,공통
b150_base_r1,MSF,94,BLK_94S,17,NC,5,2026-01-01 09:24:16,2026-01-01 09:52:24,28.1,,공통
b150_base_r1,MSF,94,BLK_94S,17,베이36B 론지취부,6,2026-01-01 09:52:24,2026-01-01 10:33:54,41.5,36B,베이36B
b150_base_r1,MSF,94,BLK_94S,17,베이36B 론지용접,7,2026-01-01 10:33:54,2026-01-01 10:52:18,18.4,36B,베이36B
b150_base_r1,MSF,94,BLK_94S,17,베이36B 수정,8,2026-01-01 10:52:18,2026-01-01 11:17:06,24.8,36B,베이36B
b150_base_r1,MSF,115,BLK_115S,18,판계,1,2025-12-31 13:35:00,2025-12-31 14:03:00,28.0,,공통
b150_base_r1,MSF,115,BLK_115S,18,전면SAW,2,2026-01-01 08:32:13,2026-01-01 10:44:09,131.9,,공통
b150_base_r1,MSF,115,BLK_115S,18,TurnOver,3,2026-01-01 10:44:09,2026-01-01 10:56:09,12.0,,공통
b150_base_r1,MSF,115,BLK_115S,18,후면SAW,4,2026-01-01 10:56:09,2026-01-01 13:11:58,135.8,,공통
b150_base_r1,MSF,115,BLK_115S,18,NC,5,2026-01-01 13:11:58,2026-01-01 13:45:49,33.9,,공통
b150_base_r1,MSF,115,BLK_115S,18,베이35A 론지취부,6,2026-01-01 13:45:49,2026-01-01 14:41:19,55.5,35A,베이35A
b150_base_r1,MSF,115,BLK_115S,18,베이35A 론지용접,7,2026-01-01 14:41:19,2026-01-01 15:02:07,20.8,35A,베이35A
b150_base_r1,MSF,115,BLK_115S,18,베이35A 수정,8,2026-01-01 15:02:07,2026-01-01 15:35:43,33.6,35A,베이35A
b150_base_r1,MSF,67,BLK_67C,19,판계,1,2025-12-31 14:03:00,2025-12-31 14:23:00,20.0,,공통
b150_base_r1,MSF,67,BLK_67C,19,전면SAW,2,2026-01-01 10:44:09,2026-01-01 11:23:09,39.0,,공통
b150_base_r1,MSF,67,BLK_67C,19,TurnOver,3,2026-01-01 11:23:09,2026-01-01 11:35:09,12.0,,공통
b150_base_r1,MSF,67,BLK_67C,19,후면SAW,4,2026-01-01 13:11:58,2026-01-01 13:42:10,30.2,,공통
b150_base_r1,MSF,67,BLK_67C,19,NC,5,2026-01-01 13:45:49,2026-01-01 14:17:18,31.5,,공통
b150_base_r1,MSF,67,BLK_67C,19,베이36B 론지취부,6,2026-01-01 14:17:18,2026-01-01 15:47:48,90.5,36B,베이36B
b150_base_r1,MSF,67,BLK_67C,19,베이36B 론지용접,7,2026-01-01 15:47:48,2026-01-01 16:14:36,26.8,36B,베이36B
b150_base_r1,MSF,67,BLK_67C,19,베이36B 수정,8,2026-01-01 16:14:36,2026-01-01 17:10:12,55.6,36B,베이36B
b150_base_r1,MSF,78,BLK_78C,20,판계,1,2025-12-31 14:23:00,2025-12-31 14:51:00,28.0,,공통
b150_base_r1,MSF,78,BLK_78C,20,전면SAW,2,2026-01-01 11:23:09,2026-01-01 12:34:43,71.6,,공통
b150_base_r1,MSF,78,BLK_78C,20,TurnOver,3,2026-01-01 12:34:43,2026-01-01 12:46:43,12.0,,공통
b150_base_r1,MSF,78,BLK_78C,20,후면SAW,4,2026-01-01 13:42:10,2026-01-01 14:35:11,53.0,,공통
b150_base_r1,MSF,78,BLK_78C,20,NC,5,2026-01-01 14:35:11,2026-01-01 15:07:54,32.7,,공통
b150_base_r1,MSF,78,BLK_78C,20,베이35A 론지취부,6,2026-01-01 15:07:54,2026-01-01 15:45:54,38.0,35A,베이35A
b150_base_r1,MSF,78,BLK_78C,20,베이35A 론지용접,7,2026-01-01 15:45:54,2026-01-01 16:03:42,17.8,35A,베이35A
b150_base_r1,MSF,78,BLK_78C,20,베이35A 수정,8,2026-01-01 16:03:42,2026-01-01 16:26:18,22.6,35A,베이35A
b150_base_r1,MSF,108,BLK_108C,21,판계,1,2025-12-31 14:51:00,2025-12-31 15:11:00,20.0,,공통
b150_base_r1,MSF,108,BLK_108C,21,전면SAW,2,2026-01-01 12:34:43,2026-01-01 13:36:13,61.5,,공통
b150_base_r1,MSF,108,BLK_108C,21,TurnOver,3,2026-01-01 13:36:13,2026-01-01 13:48:13,12.0,,공통
b150_base_r1,MSF,108,BLK_108C,21,후면SAW,4,2026-01-01 14:35:11,2026-01-01 15:35:00,59.8,,공통
b150_base_r1,MSF,108,BLK_108C,21,NC,5,2026-01-01 15:35:00,2026-01-01 16:06:48,31.8,,공통
b150_base_r1,MSF,108,BLK_108C,21,베이36B 론지취부,6,2026-01-01 16:06:48,2026-01-01 17:02:18,55.5,36B,베이36B
b150_base_r1,MSF,108,BLK_108C,21,베이36B 론지용접,7,2026-01-01 17:02:18,2026-01-01 17:23:06,20.8,36B,베이36B
b150_base_r1,MSF,108,BLK_108C,21,베이36B 수정,8,2026-01-01 17:23:06,2026-01-01 17:56:42,33.6,36B,베이36B
b150_base_r1,MSF,118,BLK_118S,22,판계,1,2025-12-31 15:11:00,2025-12-31 15:31:00,20.0,,공통
b150_base_r1,MSF,118,BLK_118S,22,전면SAW,2,2026-01-01 13:36:13,2026-01-01 14:09:10,33.0,,공통
b150_base_r1,MSF,118,BLK_118S,22,TurnOver,3,2026-01-01 14:09:10,2026-01-01 14:21:10,12.0,,공통
b150_base_r1,MSF,118,BLK_118S,22,후면SAW,4,2026-01-01 15:35:00,2026-01-01 15:57:14,22.2,,공통
b150_base_r1,MSF,118,BLK_118S,22,NC,5,2026-01-01 16:06:48,2026-01-01 16:35:34,28.8,,공통
b150_base_r1,MSF,118,BLK_118S,22,베이35A 론지취부,6,2026-01-01 16:35:34,2026-01-01 17:31:04,55.5,35A,베이35A
b150_base_r1,MSF,118,BLK_118S,22,베이35A 론지용접,7,2026-01-01 17:31:04,2026-01-01 17:51:52,20.8,35A,베이35A
b150_base_r1,MSF,118,BLK_118S,22,베이35A 수정,8,2026-01-01 17:51:52,2026-01-01 18:25:28,33.6,35A,베이35A
b150_base_r1,MSF,127,BLK_127C,23,판계,1,2025-12-31 15:31:00,2025-12-31 15:51:00,20.0,,공통
b150_base_r1,MSF,127,BLK_127C,23,전면SAW,2,2026-01-01 14:09:10,2026-01-01 14:43:34,34.4,,공통
b150_base_r1,MSF,127,BLK_127C,23,TurnOver,3,2026-01-01 14:43:34,2026-01-01 14:55:34,12.0,,공통
b150_base_r1,MSF,127,BLK_127C,23,후면SAW,4,2026-01-01 15:57:14,2026-01-01 16:21:22,24.1,,공통
b150_base_r1,MSF,127,BLK_127C,23,NC,5,2026-01-01 16:35:34,2026-01-01 17:04:34,29.0,,공통
b150_base_r1,MSF,127,BLK_127C,23,베이36B 론지취부,6,2026-01-01 17:04:34,2026-01-01 17:39:04,34.5,36B,베이36B
b150_base_r1,MSF,127,BLK_127C,23,베이36B 론지용접,7,2026-01-01 17:39:04,2026-01-01 17:56:16,17.2,36B,베이36B
b150_base_r1,MSF,127,BLK_127C,23,베이36B 수정,8,2026-01-01 17:56:42,2026-01-01 18:17:06,20.4,36B,베이36B
b150_base_r1,MSF,89,BLK_89P,24,판계,1,2025-12-31 15:51:00,2025-12-31 16:19:00,28.0,,공통
b150_base_r1,MSF,89,BLK_89P,24,전면SAW,2,2026-01-01 14:43:34,2026-01-01 15:44:06,60.5,,공통
b150_base_r1,MSF,89,BLK_89P,24,TurnOver,3,2026-01-01 15:44:06,2026-01-01 15:56:06,12.0,,공통
b150_base_r1,MSF,89,BLK_89P,24,후면SAW,4,2026-01-01 16:21:22,2026-01-01 17:04:18,42.9,,공통
b150_base_r1,MSF,89,BLK_89P,24,NC,5,2026-01-01 17:04:34,2026-01-01 17:34:12,29.6,,공통
b150_base_r1,MSF,89,BLK_89P,24,베이35A 론지취부,6,2026-01-01 17:34:12,2026-01-01 17:54:42,20.5,35A,베이35A
b150_base_r1,MSF,89,BLK_89P,24,베이35A 론지용접,7,2026-01-01 17:54:42,2026-01-01 18:09:30,14.8,35A,베이35A
b150_base_r1,MSF,89,BLK_89P,24,베이35A 수정,8,2026-01-01 18:25:28,2026-01-01 18:37:04,11.6,35A,베이35A
b150_base_r1,MSF,126,BLK_126S,25,판계,1,2025-12-31 16:19:00,2025-12-31 16:39:00,20.0,,공통
b150_base_r1,MSF,126,BLK_126S,25,전면SAW,2,2026-01-01 15:44:06,2026-01-01 16:18:24,34.3,,공통
b150_base_r1,MSF,126,BLK_126S,25,TurnOver,3,2026-01-01 16:18:24,2026-01-01 16:30:24,12.0,,공통
b150_base_r1,MSF,126,BLK_126S,25,후면SAW,4,2026-01-01 17:04:18,2026-01-01 17:28:20,24.0,,공통
b150_base_r1,MSF,126,BLK_126S,25,NC,5,2026-01-01 17:34:12,2026-01-01 18:01:49,27.6,,공통
b150_base_r1,MSF,126,BLK_126S,25,베이36B 론지취부,6,2026-01-01 18:01:49,2026-01-01 18:43:19,41.5,36B,베이36B
b150_base_r1,MSF,126,BLK_126S,25,베이36B 론지용접,7,2026-01-01 18:43:19,2026-01-01 19:01:43,18.4,36B,베이36B
b150_base_r1,MSF,126,BLK_126S,25,베이36B 수정,8,2026-01-01 19:01:43,2026-01-01 19:26:31,24.8,36B,베이36B
b150_base_r1,MSF,122,BLK_122C,26,판계,1,2025-12-31 16:39:00,2025-12-31 16:59:00,20.0,,공통
b150_base_r1,MSF,122,BLK_122C,26,전면SAW,2,2026-01-01 16:18:24,2026-01-01 16:55:09,36.8,,공통
b150_base_r1,MSF,122,BLK_122C,26,TurnOver,3,2026-01-01 16:55:09,2026-01-01 17:07:09,12.0,,공통
b150_base_r1,MSF,122,BLK_122C,26,후면SAW,4,2026-01-01 17:28:20,2026-01-01 17:55:34,27.2,,공통
b150_base_r1,MSF,122,BLK_122C,26,NC,5,2026-01-01 18:01:49,2026-01-01 18:30:08,28.3,,공통
b150_base_r1,MSF,122,BLK_122C,26,베이35A 론지취부,6,2026-01-01 18:30:08,2026-01-01 18:57:38,27.5,35A,베이35A
b150_base_r1,MSF,122,BLK_122C,26,베이35A 론지용접,7,2026-01-01 18:57:38,2026-01-01 19:13:38,16.0,35A,베이35A
b150_base_r1,MSF,122,BLK_122C,26,베이35A 수정,8,2026-01-01 19:13:38,2026-01-01 19:29:38,16.0,35A,베이35A
b150_base_r1,MSF,121,BLK_121C,27,판계,1,2025-12-31 16:59:00,2025-12-31 17:27:00,28.0,,공통
b150_base_r1,MSF,121,BLK_121C,27,전면SAW,2,2026-01-01 16:55:09,2026-01-01 18:19:13,84.1,,공통
b150_base_r1,MSF,121,BLK_121C,27,TurnOver,3,2026-01-01 18:19:13,2026-01-01 18:31:13,12.0,,공통
b150_base_r1,MSF,121,BLK_121C,27,후면SAW,4,2026-01-01 18:31:13,2026-01-01 19:35:38,64.4,,공통
b150_base_r1,MSF,121,BLK_121C,27,NC,5,2026-01-01 19:35:38,2026-01-01 20:07:58,32.3,,공통
b150_base_r1,MSF,121,BLK_121C,27,베이36B 론지취부,6,2026-01-01 20:07:58,2026-01-01 20:42:28,34.5,36B,베이36B
b150_base_r1,MSF,121,BLK_121C,27,베이36B 론지용접,7,2026-01-01 20:42:28,2026-01-01 20:59:40,17.2,36B,베이36B
b150_base_r1,MSF,121,BLK_121C,27,베이36B 수정,8,2026-01-01 20:59:40,2026-01-01 21:20:04,20.4,36B,베이36B
b150_base_r1,MSF,64,BLK_64C,28,판계,1,2025-12-31 17:27:00,2025-12-31 18:00:00,33.0,,공통
b150_base_r1,MSF,64,BLK_64C,28,전면SAW,2,2026-01-01 18:19:13,2026-01-01 20:16:50,117.6,,공통
b150_base_r1,MSF,64,BLK_64C,28,TurnOver,3,2026-01-01 20:16:50,2026-01-01 20:28:50,12.0,,공통
b150_base_r1,MSF,64,BLK_64C,28,후면SAW,4,2026-01-01 20:28:50,2026-01-01 22:03:49,95.0,,공통
b150_base_r1,MSF,64,BLK_64C,28,NC,5,2026-01-01 22:03:49,2026-01-01 22:45:46,42.0,,공통
b150_base_r1,MSF,64,BLK_64C,28,베이35A 론지취부,6,2026-01-01 22:45:46,2026-01-02 00:02:16,76.5,35A,베이35A
b150_base_r1,MSF,64,BLK_64C,28,베이35A 론지용접,7,2026-01-02 00:02:16,2026-01-02 00:26:40,24.4,35A,베이35A
b150_base_r1,MSF,64,BLK_64C,28,베이35A 수정,8,2026-01-02 00:26:40,2026-01-02 01:13:28,46.8,35A,베이35A
b150_base_r1,MSF,131,BLK_131S,29,판계,1,2025-12-31 18:00:00,2025-12-31 18:28:00,28.0,,공통
b150_base_r1,MSF,131,BLK_131S,29,전면SAW,2,2026-01-01 20:16:50,2026-01-01 21:28:00,71.2,,공통
b150_base_r1,MSF,131,BLK_131S,29,TurnOver,3,2026-01-01 21:28:00,2026-01-01 21:40:00,12.0,,공통
b150_base_r1,MSF,131,BLK_131S,29,후면SAW,4,2026-01-01 22:03:49,2026-01-01 22:56:28,52.6,,공통
b150_base_r1,MSF,131,BLK_131S,29,NC,5,2026-01-01 22:56:28,2026-01-01 23:27:55,31.4,,공통
b150_base_r1,MSF,131,BLK_131S,29,베이36B 론지취부,6,2026-01-01 23:27:55,2026-01-02 00:19:55,52.0,36B,베이36B
b150_base_r1,MSF,131,BLK_131S,29,베이36B 론지용접,7,2026-01-02 00:19:55,2026-01-02 00:40:07,20.2,36B,베이36B
b150_base_r1,MSF,131,BLK_131S,29,베이36B 수정,8,2026-01-02 00:40:07,2026-01-02 01:11:31,31.4,36B,베이36B
b150_base_r1,MSF,148,BLK_148C,30,판계,1,2025-12-31 18:28:00,2025-12-31 18:53:00,25.0,,공통
b150_base_r1,MSF,148,BLK_148C,30,전면SAW,2,2026-01-01 21:28:00,2026-01-01 22:00:49,32.8,,공통
b150_base_r1,MSF,148,BLK_148C,30,TurnOver,3,2026-01-01 22:00:49,2026-01-01 22:12:49,12.0,,공통
b150_base_r1,MSF,148,BLK_148C,30,후면SAW,4,2026-01-01 22:56:28,2026-01-01 23:18:32,22.1,,공통
b150_base_r1,MSF,148,BLK_148C,30,NC,5,2026-01-01 23:27:55,2026-01-02 00:03:37,35.7,,공통
b150_base_r1,MSF,148,BLK_148C,30,베이35A 론지취부,6,2026-01-02 00:03:37,2026-01-02 01:13:07,69.5,35A,베이35A
b150_base_r1,MSF,148,BLK_148C,30,베이35A 론지용접,7,2026-01-02 01:13:07,2026-01-02 01:36:19,23.2,35A,베이35A
b150_base_r1,MSF,148,BLK_148C,30,베이35A 수정,8,2026-01-02 01:36:19,2026-01-02 02:18:43,42.4,35A,베이35A
b150_base_r1,MSF,70,BLK_70C,31,판계,1,2025-12-31 18:53:00,2025-12-31 19:26:00,33.0,,공통
b150_base_r1,MSF,70,BLK_70C,31,전면SAW,2,2026-01-01 22:00:49,2026-01-02 00:05:42,124.9,,공통
b150_base_r1,MSF,70,BLK_70C,31,TurnOver,3,2026-01-02 00:05:42,2026-01-02 00:17:42,12.0,,공통
b150_base_r1,MSF,70,BLK_70C,31,후면SAW,4,2026-01-02 00:17:42,2026-01-02 02:25:18,127.6,,공통
b150_base_r1,MSF,70,BLK_70C,31,NC,5,2026-01-02 02:25:18,2026-01-02 03:10:24,45.1,,공통
b150_base_r1,MSF,70,BLK_70C,31,베이36B 론지취부,6,2026-01-02 03:10:24,2026-01-02 04:09:24,59.0,36B,베이36B
b150_base_r1,MSF,70,BLK_70C,31,베이36B 론지용접,7,2026-01-02 04:09:24,2026-01-02 04:30:48,21.4,36B,베이36B
b150_base_r1,MSF,70,BLK_70C,31,베이36B 수정,8,2026-01-02 04:30:48,2026-01-02 05:06:36,35.8,36B,베이36B
b150_base_r1,MSF,77,BLK_77S,1,판계,1,2026-01-01 08:00:00,2026-01-01 08:25:00,25.0,,공통
b150_base_r1,MSF,77,BLK_77S,1,전면SAW,2,2026-01-02 00:05:42,2026-01-02 00:38:04,32.4,,공통
b150_base_r1,MSF,77,BLK_77S,1,TurnOver,3,2026-01-02 00:38:04,2026-01-02 00:50:04,12.0,,공통
b150_base_r1,MSF,77,BLK_77S,1,후면SAW,4,2026-01-02 02:25:18,2026-01-02 02:46:47,21.5,,공통
b150_base_r1,MSF,77,BLK_77S,1,NC,5,2026-01-02 03:10:24,2026-01-02 03:49:03,38.6,,공통
b150_base_r1,MSF,77,BLK_77S,1,베이35A 론지취부,6,2026-01-02 03:49:03,2026-01-02 05:19:33,90.5,35A,베이35A
b150_base_r1,MSF,77,BLK_77S,1,베이35A 론지용접,7,2026-01-02 05:19:33,2026-01-02 05:46:21,26.8,35A,베이35A
b150_base_r1,MSF,77,BLK_77S,1,베이35A 수정,8,2026-01-02 05:46:21,2026-01-02 06:41:57,55.6,35A,베이35A
b150_base_r1,MSF,80,BLK_80P,2,판계,1,2026-01-01 08:25:00,2026-01-01 08:50:00,25.0,,공통
b150_base_r1,MSF,80,BLK_80P,2,전면SAW,2,2026-01-02 00:38:04,2026-01-02 01:11:01,32.9,,공통
b150_base_r1,MSF,80,BLK_80P,2,TurnOver,3,2026-01-02 01:11:01,2026-01-02 01:23:01,12.0,,공통
b150_base_r1,MSF,80,BLK_80P,2,후면SAW,4,2026-01-02 02:46:47,2026-01-02 03:09:00,22.2,,공통
b150_base_r1,MSF,80,BLK_80P,2,NC,5,2026-01-02 03:49:03,2026-01-02 04:24:02,35.0,,공통
b150_base_r1,MSF,80,BLK_80P,2,베이36B 론지취부,6,2026-01-02 04:24:02,2026-01-02 05:16:02,52.0,36B,베이36B
b150_base_r1,MSF,80,BLK_80P,2,베이36B 론지용접,7,2026-01-02 05:16:02,2026-01-02 05:36:14,20.2,36B,베이36B
b150_base_r1,MSF,80,BLK_80P,2,베이36B 수정,8,2026-01-02 05:36:14,2026-01-02 06:07:38,31.4,36B,베이36B
b150_base_r1,MSF,90,BLK_90P,3,판계,1,2026-01-01 08:50:00,2026-01-01 09:15:00,25.0,,공통
b150_base_r1,MSF,90,BLK_90P,3,전면SAW,2,2026-01-02 01:11:01,2026-01-02 01:45:36,34.6,,공통
b150_base_r1,MSF,90,BLK_90P,3,TurnOver,3,2026-01-02 01:45:36,2026-01-02 01:57:36,12.0,,공통
b150_base_r1,MSF,90,BLK_90P,3,후면SAW,4,2026-01-02 03:09:00,2026-01-02 03:33:23,24.4,,공통
b150_base_r1,MSF,90,BLK_90P,3,NC,5,2026-01-02 04:24:02,2026-01-02 04:59:52,35.8,,공통
b150_base_r1,MSF,90,BLK_90P,3,베이35A 론지취부,6,2026-01-02 05:19:33,2026-01-02 06:29:03,69.5,35A,베이35A
b150_base_r1,MSF,90,BLK_90P,3,베이35A 론지용접,7,2026-01-02 06:29:03,2026-01-02 06:52:15,23.2,35A,베이35A
b150_base_r1,MSF,90,BLK_90P,3,베이35A 수정,8,2026-01-02 06:52:15,2026-01-02 07:34:39,42.4,35A,베이35A
b150_base_r1,MSF,150,BLK_150S,4,판계,1,2026-01-01 09:15:00,2026-01-01 09:55:00,40.0,,공통
b150_base_r1,MSF,150,BLK_150S,4,전면SAW,2,2026-01-02 01:45:36,2026-01-02 04:24:01,158.4,,공통
b150_base_r1,MSF,150,BLK_150S,4,TurnOver,3,2026-01-02 04:24:01,2026-01-02 04:36:01,12.0,,공통
b150_base_r1,MSF,150,BLK_150S,4,후면SAW,4,2026-01-02 04:36:01,2026-01-02 06:32:52,116.8,,공통
b150_base_r1,MSF,150,BLK_150S,4,NC,5,2026-01-02 06:32:52,2026-01-02 07:15:45,42.9,,공통
b150_base_r1,MSF,150,BLK_150S,4,베이36B 론지취부,6,2026-01-02 07:15:45,2026-01-02 08:21:45,66.0,36B,베이36B
b150_base_r1,MSF,150,BLK_150S,4,베이36B 론지용접,7,2026-01-02 08:21:45,2026-01-02 08:44:21,22.6,36B,베이36B
b150_base_r1,MSF,150,BLK_150S,4,베이36B 수정,8,2026-01-02 08:44:21,2026-01-02 09:24:33,40.2,36B,베이36B
b150_base_r1,MSF,149,BLK_149S,5,판계,1,2026-01-01 09:55:00,2026-01-01 10:20:00,25.0,,공통
b150_base_r1,MSF,149,BLK_149S,5,전면SAW,2,2026-01-02 04:24:01,2026-01-02 05:04:31,40.5,,공통
b150_base_r1,MSF,149,BLK_149S,5,TurnOver,3,2026-01-02 05:04:31,2026-01-02 05:16:31,12.0,,공통
b150_base_r1,MSF,149,BLK_149S,5,후면SAW,4,2026-01-02 06:32:52,2026-01-02 07:05:03,32.2,,공통
b150_base_r1,MSF,149,BLK_149S,5,NC,5,2026-01-02 07:15:45,2026-01-02 07:50:05,34.3,,공통
b150_base_r1,MSF,149,BLK_149S,5,베이35A 론지취부,6,2026-01-02 07:50:05,2026-01-02 08:38:35,48.5,35A,베이35A
b150_base_r1,MSF,149,BLK_149S,5,베이35A 론지용접,7,2026-01-02 08:38:35,2026-01-02 08:58:11,19.6,35A,베이35A
b150_base_r1,MSF,149,BLK_149S,5,베이35A 수정,8,2026-01-02 08:58:11,2026-01-02 09:27:23,29.2,35A,베이35A
b150_base_r1,MSF,136,BLK_136S,6,판계,1,2026-01-01 10:20:00,2026-01-01 10:53:00,33.0,,공통
b150_base_r1,MSF,136,BLK_136S,6,전면SAW,2,2026-01-02 05:04:31,2026-01-02 07:09:09,124.6,,공통
b150_base_r1,MSF,136,BLK_136S,6,TurnOver,3,2026-01-02 07:09:09,2026-01-02 07:21:09,12.0,,공통
b150_base_r1,MSF,136,BLK_136S,6,후면SAW,4,2026-01-02 07:21:09,2026-01-02 09:02:33,101.4,,공통
b150_base_r1,MSF,136,BLK_136S,6,NC,5,2026-01-02 09:02:33,2026-01-02 09:45:16,42.7,,공통
b150_base_r1,MSF,136,BLK_136S,6,베이36B 론지취부,6,2026-01-02 09:45:16,2026-01-02 11:08:46,83.5,36B,베이36B
b150_base_r1,MSF,136,BLK_136S,6,베이36B 론지용접,7,2026-01-02 11:08:46,2026-01-02 11:34:22,25.6,36B,베이36B
b150_base_r1,MSF,136,BLK_136S,6,베이36B 수정,8,2026-01-02 11:34:22,2026-01-02 12:25:34,51.2,36B,베이36B
b150_base_r1,MSF,124,BLK_124C,7,판계,1,2026-01-01 10:53:00,2026-01-01 11:18:00,25.0,,공통
b150_base_r1,MSF,124,BLK_124C,7,전면SAW,2,2026-01-02 07:09:09,2026-01-02 07:47:14,38.1,,공통
b150_base_r1,MSF,124,BLK_124C,7,TurnOver,3,2026-01-02 07:47:14,2026-01-02 07:59:14,12.0,,공통
b150_base_r1,MSF,124,BLK_124C,7,후면SAW,4,2026-01-02 09:02:33,2026-01-02 09:31:32,29.0,,공통
b150_base_r1,MSF,124,BLK_124C,7,NC,5,2026-01-02 09:45:16,2026-01-02 10:24:13,39.0,,공통
b150_base_r1,MSF,124,BLK_124C,7,베이35A 론지취부,6,2026-01-02 10:24:13,2026-01-02 11:40:43,76.5,35A,베이35A
b150_base_r1,MSF,124,BLK_124C,7,베이35A 론지용접,7,2026-01-02 11:40:43,2026-01-02 12:05:07,24.4,35A,베이35A
b150_base_r1,MSF,124,BLK_124C,7,베이35A 수정,8,2026-01-02 12:05:07,2026-01-02 12:51:55,46.8,35A,베이35A
b150_base_r1,MSF,132,BLK_132P,8,판계,1,2026-01-01 11:18:00,2026-01-01 11:51:00,33.0,,공통
b150_base_r1,MSF,132,BLK_132P,8,전면SAW,2,2026-01-02 07:47:14,2026-01-02 10:00:07,132.9,,공통
b150_base_r1,MSF,132,BLK_132P,8,TurnOver,3,2026-01-02 10:00:07,2026-01-02 10:12:07,12.0,,공통
b150_base_r1,MSF,132,BLK_132P,8,후면SAW,4,2026-01-02 10:12:07,2026-01-02 12:01:03,108.9,,공통
b150_base_r1,MSF,132,BLK_132P,8,NC,5,2026-01-02 12:01:03,2026-01-02 12:43:43,42.7,,공통
b150_base_r1,MSF,132,BLK_132P,8,베이36B 론지취부,6,2026-01-02 12:43:43,2026-01-02 13:49:43,66.0,36B,베이36B
b150_base_r1,MSF,132,BLK_132P,8,베이36B 론지용접,7,2026-01-02 13:49:43,2026-01-02 14:12:19,22.6,36B,베이36B
b150_base_r1,MSF,132,BLK_132P,8,베이36B 수정,8,2026-01-02 14:12:19,2026-01-02 14:52:31,40.2,36B,베이36B
b150_base_r1,MSF,134,BLK_134P,9,판계,1,2026-01-01 11:51:00,2026-01-01 12:16:00,25.0,,공통
b150_base_r1,MSF,134,BLK_134P,9,전면SAW,2,2026-01-02 10:00:07,2026-01-02 10:33:04,32.9,,공통
b150_base_r1,MSF,134,BLK_134P,9,TurnOver,3,2026-01-02 10:33:04,2026-01-02 10:45:04,12.0,,공통
b150_base_r1,MSF,134,BLK_134P,9,후면SAW,4,2026-01-02 12:01:03,2026-01-02 12:23:16,22.2,,공통
b150_base_r1,MSF,134,BLK_134P,9,NC,5,2026-01-02 12:43:43,2026-01-02 13:20:21,36.6,,공통
b150_base_r1,MSF,134,BLK_134P,9,베이35A 론지취부,6,2026-01-02 13:20:21,2026-01-02 14:15:51,55.5,35A,베이35A
b150_base_r1,MSF,134,BLK_134P,9,베이35A 론지용접,7,2026-01-02 14:15:51,2026-01-02 14:36:39,20.8,35A,베이35A
b150_base_r1,MSF,134,BLK_134P,9,베이35A 수정,8,2026-01-02 14:36:39,2026-01-02 15:10:15,33.6,35A,베이35A
b150_base_r1,MSF,144,BLK_144P,10,판계,1,2026-01-01 12:16:00,2026-01-01 12:41:00,25.0,,공통
b150_base_r1,MSF,144,BLK_144P,10,전면SAW,2,2026-01-02 10:33:04,2026-01-02 11:19:49,46.8,,공통
b150_base_r1,MSF,144,BLK_144P,10,TurnOver,3,2026-01-02 11:19:49,2026-01-02 11:31:49,12.0,,공통
b150_base_r1,MSF,144,BLK_144P,10,후면SAW,4,2026-01-02 12:23:16,2026-01-02 13:03:40,40.4,,공통
b150_base_r1,MSF,144,BLK_144P,10,NC,5,2026-01-02 13:20:21,2026-01-02 13:58:15,37.9,,공통
b150_base_r1,MSF,144,BLK_144P,10,베이36B 론지취부,6,2026-01-02 13:58:15,2026-01-02 14:53:45,55.5,36B,베이36B
b150_base_r1,MSF,144,BLK_144P,10,베이36B 론지용접,7,2026-01-02 14:53:45,2026-01-02 15:14:33,20.8,36B,베이36B
b150_base_r1,MSF,144,BLK_144P,10,베이36B 수정,8,2026-01-02 15:14:33,2026-01-02 15:48:09,33.6,36B,베이36B
b150_base_r1,MSF,59,BLK_59S,11,판계,1,2026-01-01 12:41:00,2026-01-01 13:11:00,30.0,,공통
b150_base_r1,MSF,59,BLK_59S,11,전면SAW,2,2026-01-02 11:19:49,2026-01-02 11:50:19,30.5,,공통
b150_base_r1,MSF,59,BLK_59S,11,TurnOver,3,2026-01-02 11:50:19,2026-01-02 12:02:19,12.0,,공통
b150_base_r1,MSF,59,BLK_59S,11,후면SAW,4,2026-01-02 13:03:40,2026-01-02 13:22:40,19.0,,공통
b150_base_r1,MSF,59,BLK_59S,11,NC,5,2026-01-02 13:58:15,2026-01-02 14:40:40,42.4,,공통
b150_base_r1,MSF,59,BLK_59S,11,베이35A 론지취부,6,2026-01-02 14:40:40,2026-01-02 16:04:10,83.5,35A,베이35A
b150_base_r1,MSF,59,BLK_59S,11,베이35A 론지용접,7,2026-01-02 16:04:10,2026-01-02 16:29:46,25.6,35A,베이35A
b150_base_r1,MSF,59,BLK_59S,11,베이35A 수정,8,2026-01-02 16:29:46,2026-01-02 17:20:58,51.2,35A,베이35A
b150_base_r1,MSF,4,BLK_4C,12,판계,1,2026-01-01 13:11:00,2026-01-01 13:31:00,20.0,,공통
b150_base_r1,MSF,4,BLK_4C,12,전면SAW,2,2026-01-02 11:50:19,2026-01-02 12:40:14,49.9,,공통
b150_base_r1,MSF,4,BLK_4C,12,TurnOver,3,2026-01-02 12:40:14,2026-01-02 12:52:14,12.0,,공통
b150_base_r1,MSF,4,BLK_4C,12,후면SAW,4,2026-01-02 13:22:40,2026-01-02 14:07:14,44.6,,공통
b150_base_r1,MSF,4,BLK_4C,12,NC,5,2026-01-02 14:40:40,2026-01-02 15:09:45,29.1,,공통
b150_base_r1,MSF,4,BLK_4C,12,베이36B 론지취부,6,2026-01-02 15:09:45,2026-01-02 16:08:45,59.0,36B,베이36B
b150_base_r1,MSF,4,BLK_4C,12,베이36B 론지용접,7,2026-01-02 16:08:45,2026-01-02 16:30:09,21.4,36B,베이36B
b150_base_r1,MSF,4,BLK_4C,12,베이36B 수정,8,2026-01-02 16:30:09,2026-01-02 17:05:57,35.8,36B,베이36B
b150_base_r1,MSF,40,BLK_40C,13,판계,1,2026-01-01 13:31:00,2026-01-01 14:06:00,35.0,,공통
b150_base_r1,MSF,40,BLK_40C,13,전면SAW,2,2026-01-02 12:40:14,2026-01-02 15:26:53,166.7,,공통
b150_base_r1,MSF,40,BLK_40C,13,TurnOver,3,2026-01-02 15:26:53,2026-01-02 15:38:53,12.0,,공통
b150_base_r1,MSF,40,BLK_40C,13,후면SAW,4,2026-01-02 15:38:53,2026-01-02 17:42:20,123.5,,공통
b150_base_r1,MSF,40,BLK_40C,13,NC,5,2026-01-02 17:42:20,2026-01-02 18:22:24,40.1,,공통
b150_base_r1,MSF,40,BLK_40C,13,베이35A 론지취부,6,2026-01-02 18:22:24,2026-01-02 19:10:54,48.5,35A,베이35A
b150_base_r1,MSF,40,BLK_40C,13,베이35A 론지용접,7,2026-01-02 19:10:54,2026-01-02 19:30:30,19.6,35A,베이35A
b150_base_r1,MSF,40,BLK_40C,13,베이35A 수정,8,2026-01-02 19:30:30,2026-01-02 19:59:42,29.2,35A,베이35A
b150_base_r1,MSF,65,BLK_65C,14,판계,1,2026-01-01 14:06:00,2026-01-01 14:36:00,30.0,,공통
b150_base_r1,MSF,65,BLK_65C,14,전면SAW,2,2026-01-02 15:26:53,2026-01-02 16:01:55,35.0,,공통
b150_base_r1,MSF,65,BLK_65C,14,TurnOver,3,2026-01-02 16:01:55,2026-01-02 16:13:55,12.0,,공통
b150_base_r1,MSF,65,BLK_65C,14,후면SAW,4,2026-01-02 17:42:20,2026-01-02 18:07:18,25.0,,공통
b150_base_r1,MSF,65,BLK_65C,14,NC,5,2026-01-02 18:22:24,2026-01-02 19:07:49,45.4,,공통
b150_base_r1,MSF,65,BLK_65C,14,베이36B 론지취부,6,2026-01-02 19:07:49,2026-01-02 20:24:19,76.5,36B,베이36B
b150_base_r1,MSF,65,BLK_65C,14,베이36B 론지용접,7,2026-01-02 20:24:19,2026-01-02 20:48:43,24.4,36B,베이36B
b150_base_r1,MSF,65,BLK_65C,14,베이36B 수정,8,2026-01-02 20:48:43,2026-01-02 21:35:31,46.8,36B,베이36B
b150_base_r1,MSF,58,BLK_58P,15,판계,1,2026-01-01 14:36:00,2026-01-01 15:14:00,38.0,,공통
b150_base_r1,MSF,58,BLK_58P,15,전면SAW,2,2026-01-02 16:01:55,2026-01-02 17:52:43,110.8,,공통
b150_base_r1,MSF,58,BLK_58P,15,TurnOver,3,2026-01-02 17:52:43,2026-01-02 18:04:43,12.0,,공통
b150_base_r1,MSF,58,BLK_58P,15,후면SAW,4,2026-01-02 18:07:18,2026-01-02 19:36:06,88.8,,공통
b150_base_r1,MSF,58,BLK_58P,15,NC,5,2026-01-02 19:36:06,2026-01-02 20:24:45,48.6,,공통
b150_base_r1,MSF,58,BLK_58P,15,베이35A 론지취부,6,2026-01-02 20:24:45,2026-01-02 22:02:15,97.5,35A,베이35A
b150_base_r1,MSF,58,BLK_58P,15,베이35A 론지용접,7,2026-01-02 22:02:15,2026-01-02 22:30:15,28.0,35A,베이35A
b150_base_r1,MSF,58,BLK_58P,15,베이35A 수정,8,2026-01-02 22:30:15,2026-01-02 23:30:15,60.0,35A,베이35A
b150_base_r1,MSF,28,BLK_28S,16,판계,1,2026-01-01 15:14:00,2026-01-01 15:39:00,25.0,,공통
b150_base_r1,MSF,28,BLK_28S,16,전면SAW,2,2026-01-02 17:52:43,2026-01-02 18:27:18,34.6,,공통
b150_base_r1,MSF,28,BLK_28S,16,TurnOver,3,2026-01-02 18:27:18,2026-01-02 18:39:18,12.0,,공통
b150_base_r1,MSF,28,BLK_28S,16,후면SAW,4,2026-01-02 19:36:06,2026-01-02 20:00:27,24.4,,공통
b150_base_r1,MSF,28,BLK_28S,16,NC,5,2026-01-02 20:24:45,2026-01-02 21:02:28,37.7,,공통
b150_base_r1,MSF,28,BLK_28S,16,베이36B 론지취부,6,2026-01-02 21:02:28,2026-01-02 22:29:28,87.0,36B,베이36B
b150_base_r1,MSF,28,BLK_28S,16,베이36B 론지용접,7,2026-01-02 22:29:28,2026-01-02 22:55:40,26.2,36B,베이36B
b150_base_r1,MSF,28,BLK_28S,16,베이36B 수정,8,2026-01-02 22:55:40,2026-01-02 23:49:04,53.4,36B,베이36B
b150_base_r1,MSF,32,BLK_32P,17,판계,1,2026-01-01 15:39:00,2026-01-01 16:04:00,25.0,,공통
b150_base_r1,MSF,32,BLK_32P,17,전면SAW,2,2026-01-02 18:27:18,2026-01-02 18:58:39,31.4,,공통
b150_base_r1,MSF,32,BLK_32P,17,TurnOver,3,2026-01-02 18:58:39,2026-01-02 19:10:39,12.0,,공통
b150_base_r1,MSF,32,BLK_32P,17,후면SAW,4,2026-01-02 20:00:27,2026-01-02 20:20:35,20.1,,공통
b150_base_r1,MSF,32,BLK_32P,17,NC,5,2026-01-02 21:02:28,2026-01-02 21:37:10,34.7,,공통
b150_base_r1,MSF,32,BLK_32P,17,베이35A 론지취부,6,2026-01-02 22:02:15,2026-01-02 22:57:45,55.5,35A,베이35A
b150_base_r1,MSF,32,BLK_32P,17,베이35A 론지용접,7,2026-01-02 22:57:45,2026-01-02 23:18:33,20.8,35A,베이35A
b150_base_r1,MSF,32,BLK_32P,17,베이35A 수정,8,2026-01-02 23:30:15,2026-01-03 00:03:51,33.6,35A,베이35A
b150_base_r1,MSF,68,BLK_68C,18,판계,1,2026-01-01 16:04:00,2026-01-01 16:34:00,30.0,,공통
b150_base_r1,MSF,68,BLK_68C,18,전면SAW,2,2026-01-02 18:58:39,2026-01-02 19:43:10,44.5,,공통
b150_base_r1,MSF,68,BLK_68C,18,TurnOver,3,2026-01-02 19:43:10,2026-01-02 19:55:10,12.0,,공통
b150_base_r1,MSF,68,BLK_68C,18,후면SAW,4,2026-01-02 20:20:35,2026-01-02 20:58:03,37.5,,공통
b150_base_r1,MSF,68,BLK_68C,18,NC,5,2026-01-02 21:37:10,2026-01-02 22:26:53,49.7,,공통
b150_base_r1,MSF,68,BLK_68C,18,베이36B 론지취부,6,2026-01-02 22:29:28,2026-01-03 00:31:28,122.0,36B,베이36B
b150_base_r1,MSF,68,BLK_68C,18,베이36B 론지용접,7,2026-01-03 00:31:28,2026-01-03 01:03:40,32.2,36B,베이36B
b150_base_r1,MSF,68,BLK_68C,18,베이36B 수정,8,2026-01-03 01:03:40,2026-01-03 02:19:04,75.4,36B,베이36B
b150_base_r1,MSF,95,BLK_95C,19,판계,1,2026-01-01 16:34:00,2026-01-01 17:04:00,30.0,,공통
b150_base_r1,MSF,95,BLK_95C,19,전면SAW,2,2026-01-02 19:43:10,2026-01-02 20:13:41,30.5,,공통
b150_base_r1,MSF,95,BLK_95C,19,TurnOver,3,2026-01-02 20:13:41,2026-01-02 20:25:41,12.0,,공통
b150_base_r1,MSF,95,BLK_95C,19,후면SAW,4,2026-01-02 20:58:03,2026-01-02 21:17:04,19.0,,공통
b150_base_r1,MSF,95,BLK_95C,19,NC,5,2026-01-02 22:26:53,2026-01-02 23:08:38,41.8,,공통
b150_base_r1,MSF,95,BLK_95C,19,베이35A 론지취부,6,2026-01-02 23:08:38,2026-01-03 00:14:38,66.0,35A,베이35A
b150_base_r1,MSF,95,BLK_95C,19,베이35A 론지용접,7,2026-01-03 00:14:38,2026-01-03 00:37:14,22.6,35A,베이35A
b150_base_r1,MSF,95,BLK_95C,19,베이35A 수정,8,2026-01-03 00:37:14,2026-01-03 01:17:26,40.2,35A,베이35A
b150_base_r1,MSF,135,BLK_135P,20,판계,1,2026-01-01 17:04:00,2026-01-01 17:34:00,30.0,,공통
b150_base_r1,MSF,135,BLK_135P,20,전면SAW,2,2026-01-02 20:13:41,2026-01-02 20:49:54,36.2,,공통
b150_base_r1,MSF,135,BLK_135P,20,TurnOver,3,2026-01-02 20:49:54,2026-01-02 21:01:54,12.0,,공통
b150_base_r1,MSF,135,BLK_135P,20,후면SAW,4,2026-01-02 21:17:04,2026-01-02 21:43:36,26.5,,공통
b150_base_r1,MSF,135,BLK_135P,20,NC,5,2026-01-02 23:08:38,2026-01-02 23:52:58,44.3,,공통
b150_base_r1,MSF,135,BLK_135P,20,베이36B 론지취부,6,2026-01-03 00:31:28,2026-01-03 01:47:58,76.5,36B,베이36B
b150_base_r1,MSF,135,BLK_135P,20,베이36B 론지용접,7,2026-01-03 01:47:58,2026-01-03 02:12:22,24.4,36B,베이36B
b150_base_r1,MSF,135,BLK_135P,20,베이36B 수정,8,2026-01-03 02:19:04,2026-01-03 03:05:52,46.8,36B,베이36B
b150_base_r1,MSF,138,BLK_138C,21,판계,1,2026-01-01 17:34:00,2026-01-01 18:04:00,30.0,,공통
b150_base_r1,MSF,138,BLK_138C,21,전면SAW,2,2026-01-02 20:49:54,2026-01-02 21:34:25,44.5,,공통
b150_base_r1,MSF,138,BLK_138C,21,TurnOver,3,2026-01-02 21:34:25,2026-01-02 21:46:25,12.0,,공통
b150_base_r1,MSF,138,BLK_138C,21,후면SAW,4,2026-01-02 21:46:25,2026-01-02 22:23:54,37.5,,공통
b150_base_r1,MSF,138,BLK_138C,21,NC,5,2026-01-02 23:52:58,2026-01-03 00:33:31,40.6,,공통
b150_base_r1,MSF,138,BLK_138C,21,베이35A 론지취부,6,2026-01-03 00:33:31,2026-01-03 01:32:31,59.0,35A,베이35A
b150_base_r1,MSF,138,BLK_138C,21,베이35A 론지용접,7,2026-01-03 01:32:31,2026-01-03 01:53:55,21.4,35A,베이35A
b150_base_r1,MSF,138,BLK_138C,21,베이35A 수정,8,2026-01-03 01:53:55,2026-01-03 02:29:43,35.8,35A,베이35A
b150_base_r1,MSF,107,BLK_107S,1,판계,1,2026-01-02 08:00:00,2026-01-02 08:45:00,45.0,,공통
b150_base_r1,MSF,107,BLK_107S,1,전면SAW,2,2026-01-02 21:34:25,2026-01-02 23:32:45,118.3,,공통
b150_base_r1,MSF,107,BLK_107S,1,TurnOver,3,2026-01-02 23:32:45,2026-01-02 23:44:45,12.0,,공통
b150_base_r1,MSF,107,BLK_107S,1,후면SAW,4,2026-01-02 23:44:45,2026-01-03 01:09:31,84.8,,공통
b150_base_r1,MSF,107,BLK_107S,1,NC,5,2026-01-03 01:09:31,2026-01-03 01:59:16,49.8,,공통
b150_base_r1,MSF,107,BLK_107S,1,베이36B 론지취부,6,2026-01-03 01:59:16,2026-01-03 02:33:46,34.5,36B,베이36B
b150_base_r1,MSF,107,BLK_107S,1,베이36B 론지용접,7,2026-01-03 02:33:46,2026-01-03 02:50:58,17.2,36B,베이36B
b150_base_r1,MSF,107,BLK_107S,1,베이36B 수정,8,2026-01-03 03:05:52,2026-01-03 03:26:16,20.4,36B,베이36B
b150_base_r1,MSF,146,BLK_146P,2,판계,1,2026-01-02 08:45:00,2026-01-02 09:15:00,30.0,,공통
b150_base_r1,MSF,146,BLK_146P,2,전면SAW,2,2026-01-02 23:32:45,2026-01-03 00:04:05,31.3,,공통
b150_base_r1,MSF,146,BLK_146P,2,TurnOver,3,2026-01-03 00:04:05,2026-01-03 00:16:05,12.0,,공통
b150_base_r1,MSF,146,BLK_146P,2,후면SAW,4,2026-01-03 01:09:31,2026-01-03 01:29:38,20.1,,공통
b150_base_r1,MSF,146,BLK_146P,2,NC,5,2026-01-03 01:59:16,2026-01-03 02:43:29,44.2,,공통
b150_base_r1,MSF,146,BLK_146P,2,베이35A 론지취부,6,2026-01-03 02:43:29,2026-01-03 04:20:59,97.5,35A,베이35A
b150_base_r1,MSF,146,BLK_146P,2,베이35A 론지용접,7,2026-01-03 04:20:59,2026-01-03 04:48:59,28.0,35A,베이35A
b150_base_r1,MSF,146,BLK_146P,2,베이35A 수정,8,2026-01-03 04:48:59,2026-01-03 05:48:59,60.0,35A,베이35A
b150_base_r1,MSF,137,BLK_137S,3,판계,1,2026-01-02 09:15:00,2026-01-02 10:00:00,45.0,,공통
b150_base_r1,MSF,137,BLK_137S,3,전면SAW,2,2026-01-03 00:04:05,2026-01-03 03:14:05,190.0,,공통
b150_base_r1,MSF,137,BLK_137S,3,TurnOver,3,2026-01-03 03:14:05,2026-01-03 03:26:05,12.0,,공통
b150_base_r1,MSF,137,BLK_137S,3,후면SAW,4,2026-01-03 03:26:05,2026-01-03 06:11:05,165.0,,공통
b150_base_r1,MSF,137,BLK_137S,3,NC,5,2026-01-03 06:11:05,2026-01-03 07:04:53,53.8,,공통
b150_base_r1,MSF,137,BLK_137S,3,베이36B 론지취부,6,2026-01-03 07:04:53,2026-01-03 08:24:53,80.0,36B,베이36B
b150_base_r1,MSF,137,BLK_137S,3,베이36B 론지용접,7,2026-01-03 08:24:53,2026-01-03 08:49:53,25.0,36B,베이36B
b150_base_r1,MSF,137,BLK_137S,3,베이36B 수정,8,2026-01-03 08:49:53,2026-01-03 09:38:53,49.0,36B,베이36B
b150_base_r1,MSF,123,BLK_123C,4,판계,1,2026-01-02 10:00:00,2026-01-02 10:30:00,30.0,,공통
b150_base_r1,MSF,123,BLK_123C,4,전면SAW,2,2026-01-03 03:14:05,2026-01-03 04:01:34,47.5,,공통
b150_base_r1,MSF,123,BLK_123C,4,TurnOver,3,2026-01-03 04:01:34,2026-01-03 04:13:34,12.0,,공통
b150_base_r1,MSF,123,BLK_123C,4,후면SAW,4,2026-01-03 06:11:05,2026-01-03 06:52:27,41.4,,공통
b150_base_r1,MSF,123,BLK_123C,4,NC,5,2026-01-03 07:04:53,2026-01-03 07:47:09,42.3,,공통
b150_base_r1,MSF,123,BLK_123C,4,베이35A 론지취부,6,2026-01-03 07:47:09,2026-01-03 09:17:39,90.5,35A,베이35A
b150_base_r1,MSF,123,BLK_123C,4,베이35A 론지용접,7,2026-01-03 09:17:39,2026-01-03 09:44:27,26.8,35A,베이35A
b150_base_r1,MSF,123,BLK_123C,4,베이35A 수정,8,2026-01-03 09:44:27,2026-01-03 10:40:03,55.6,35A,베이35A
b150_base_r1,MSF,147,BLK_147C,5,판계,1,2026-01-02 10:30:00,2026-01-02 11:21:00,51.0,,공통
b150_base_r1,MSF,147,BLK_147C,5,전면SAW,2,2026-01-03 04:01:34,2026-01-03 07:11:34,190.0,,공통
b150_base_r1,MSF,147,BLK_147C,5,TurnOver,3,2026-01-03 07:11:34,2026-01-03 07:23:34,12.0,,공통
b150_base_r1,MSF,147,BLK_147C,5,후면SAW,4,2026-01-03 07:23:34,2026-01-03 10:08:34,165.0,,공통
b150_base_r1,MSF,147,BLK_147C,5,NC,5,2026-01-03 10:08:34,2026-01-03 11:10:52,62.3,,공통
b150_base_r1,MSF,147,BLK_147C,5,베이36B 론지취부,6,2026-01-03 11:10:52,2026-01-03 12:16:52,66.0,36B,베이36B
b150_base_r1,MSF,147,BLK_147C,5,베이36B 론지용접,7,2026-01-03 12:16:52,2026-01-03 12:39:28,22.6,36B,베이36B
b150_base_r1,MSF,147,BLK_147C,5,베이36B 수정,8,2026-01-03 12:39:28,2026-01-03 13:19:40,40.2,36B,베이36B
b150_base_r1,MSF,125,BLK_125P,6,판계,1,2026-01-02 11:21:00,2026-01-02 11:51:00,30.0,,공통
b150_base_r1,MSF,125,BLK_125P,6,전면SAW,2,2026-01-03 07:11:34,2026-01-03 07:41:13,29.6,,공통
b150_base_r1,MSF,125,BLK_125P,6,TurnOver,3,2026-01-03 07:41:13,2026-01-03 07:53:13,12.0,,공통
b150_base_r1,MSF,125,BLK_125P,6,후면SAW,4,2026-01-03 10:08:34,2026-01-03 10:26:27,17.9,,공통
b150_base_r1,MSF,125,BLK_125P,6,NC,5,2026-01-03 11:10:52,2026-01-03 11:58:26,47.6,,공통
b150_base_r1,MSF,125,BLK_125P,6,베이35A 론지취부,6,2026-01-03 11:58:26,2026-01-03 12:50:26,52.0,35A,베이35A
b150_base_r1,MSF,125,BLK_125P,6,베이35A 론지용접,7,2026-01-03 12:50:26,2026-01-03 13:10:38,20.2,35A,베이35A
b150_base_r1,MSF,125,BLK_125P,6,베이35A 수정,8,2026-01-03 13:10:38,2026-01-03 13:42:02,31.4,35A,베이35A
b150_base_r1,MSF,140,BLK_140S,7,판계,1,2026-01-02 11:51:00,2026-01-02 12:36:00,45.0,,공통
b150_base_r1,MSF,140,BLK_140S,7,전면SAW,2,2026-01-03 07:41:13,2026-01-03 09:53:28,132.3,,공통
b150_base_r1,MSF,140,BLK_140S,7,TurnOver,3,2026-01-03 09:53:28,2026-01-03 10:05:28,12.0,,공통
b150_base_r1,MSF,140,BLK_140S,7,후면SAW,4,2026-01-03 10:26:27,2026-01-03 12:02:23,95.9,,공통
b150_base_r1,MSF,140,BLK_140S,7,NC,5,2026-01-03 12:02:23,2026-01-03 12:52:48,50.4,,공통
b150_base_r1,MSF,140,BLK_140S,7,베이36B 론지취부,6,2026-01-03 12:52:48,2026-01-03 13:51:48,59.0,36B,베이36B
b150_base_r1,MSF,140,BLK_140S,7,베이36B 론지용접,7,2026-01-03 13:51:48,2026-01-03 14:13:12,21.4,36B,베이36B
b150_base_r1,MSF,140,BLK_140S,7,베이36B 수정,8,2026-01-03 14:13:12,2026-01-03 14:49:00,35.8,36B,베이36B
b150_base_r1,MSF,130,BLK_130C,8,판계,1,2026-01-02 12:36:00,2026-01-02 13:06:00,30.0,,공통
b150_base_r1,MSF,130,BLK_130C,8,전면SAW,2,2026-01-03 09:53:28,2026-01-03 10:31:21,37.9,,공통
b150_base_r1,MSF,130,BLK_130C,8,TurnOver,3,2026-01-03 10:31:21,2026-01-03 10:43:21,12.0,,공통
b150_base_r1,MSF,130,BLK_130C,8,후면SAW,4,2026-01-03 12:02:23,2026-01-03 12:31:07,28.7,,공통
b150_base_r1,MSF,130,BLK_130C,8,NC,5,2026-01-03 12:52:48,2026-01-03 13:38:11,45.4,,공통
b150_base_r1,MSF,130,BLK_130C,8,베이36B 론지취부,6,2026-01-03 13:51:48,2026-01-03 15:04:48,73.0,36B,베이36B
b150_base_r1,MSF,130,BLK_130C,8,베이36B 론지용접,7,2026-01-03 15:04:48,2026-01-03 15:28:36,23.8,36B,베이36B
b150_base_r1,MSF,130,BLK_130C,8,베이36B 수정,8,2026-01-03 15:28:36,2026-01-03 16:13:12,44.6,36B,베이36B
b150_base_r1,MSF,106,BLK_106S,9,판계,1,2026-01-02 13:06:00,2026-01-02 14:03:00,57.0,,공통
b150_base_r1,MSF,106,BLK_106S,9,전면SAW,2,2026-01-03 10:31:21,2026-01-03 13:41:21,190.0,,공통
b150_base_r1,MSF,106,BLK_106S,9,TurnOver,3,2026-01-03 13:41:21,2026-01-03 13:53:21,12.0,,공통
b150_base_r1,MSF,106,BLK_106S,9,후면SAW,4,2026-01-03 13:53:21,2026-01-03 16:38:21,165.0,,공통
b150_base_r1,MSF,106,BLK_106S,9,NC,5,2026-01-03 16:38:21,2026-01-03 17:48:04,69.7,,공통
b150_base_r1,MSF,106,BLK_106S,9,베이35A 론지취부,6,2026-01-03 17:48:04,2026-01-03 19:01:04,73.0,35A,베이35A
b150_base_r1,MSF,106,BLK_106S,9,베이35A 론지용접,7,2026-01-03 19:01:04,2026-01-03 19:24:52,23.8,35A,베이35A
b150_base_r1,MSF,106,BLK_106S,9,베이35A 수정,8,2026-01-03 19:24:52,2026-01-03 20:09:28,44.6,35A,베이35A
b150_base_r1,MSF,114,BLK_114C,10,판계,1,2026-01-02 14:03:00,2026-01-02 14:33:00,30.0,,공통
b150_base_r1,MSF,114,BLK_114C,10,전면SAW,2,2026-01-03 13:41:21,2026-01-03 14:08:27,27.1,,공통
b150_base_r1,MSF,114,BLK_114C,10,TurnOver,3,2026-01-03 14:08:27,2026-01-03 14:20:27,12.0,,공통
b150_base_r1,MSF,114,BLK_114C,10,후면SAW,4,2026-01-03 16:38:21,2026-01-03 16:52:52,14.5,,공통
b150_base_r1,MSF,114,BLK_114C,10,NC,5,2026-01-03 17:48:04,2026-01-03 18:31:34,43.5,,공통
b150_base_r1,MSF,114,BLK_114C,10,베이36B 론지취부,6,2026-01-03 18:31:34,2026-01-03 19:16:34,45.0,36B,베이36B
b150_base_r1,MSF,114,BLK_114C,10,베이36B 론지용접,7,2026-01-03 19:16:34,2026-01-03 19:35:34,19.0,36B,베이36B
b150_base_r1,MSF,114,BLK_114C,10,베이36B 수정,8,2026-01-03 19:35:34,2026-01-03 20:02:34,27.0,36B,베이36B
b150_base_r1,MSF,112,BLK_112P,11,판계,1,2026-01-02 14:33:00,2026-01-02 15:11:00,38.0,,공통
b150_base_r1,MSF,112,BLK_112P,11,전면SAW,2,2026-01-03 14:08:27,2026-01-03 15:37:43,89.3,,공통
b150_base_r1,MSF,112,BLK_112P,11,TurnOver,3,2026-01-03 15:37:43,2026-01-03 15:49:43,12.0,,공통
b150_base_r1,MSF,112,BLK_112P,11,후면SAW,4,2026-01-03 16:52:52,2026-01-03 18:02:01,69.2,,공통
b150_base_r1,MSF,112,BLK_112P,11,NC,5,2026-01-03 18:31:34,2026-01-03 19:19:19,47.8,,공통
b150_base_r1,MSF,112,BLK_112P,11,베이35A 론지취부,6,2026-01-03 19:19:19,2026-01-03 20:42:49,83.5,35A,베이35A
b150_base_r1,MSF,112,BLK_112P,11,베이35A 론지용접,7,2026-01-03 20:42:49,2026-01-03 21:08:25,25.6,35A,베이35A
b150_base_r1,MSF,112,BLK_112P,11,베이35A 수정,8,2026-01-03 21:08:25,2026-01-03 21:59:37,51.2,35A,베이35A
b150_base_r1,MSF,133,BLK_133C,12,판계,1,2026-01-02 15:11:00,2026-01-02 15:41:00,30.0,,공통
b150_base_r1,MSF,133,BLK_133C,12,전면SAW,2,2026-01-03 15:37:43,2026-01-03 16:17:38,39.9,,공통
b150_base_r1,MSF,133,BLK_133C,12,TurnOver,3,2026-01-03 16:17:38,2026-01-03 16:29:38,12.0,,공통
b150_base_r1,MSF,133,BLK_133C,12,후면SAW,4,2026-01-03 18:02:01,2026-01-03 18:33:25,31.4,,공통
b150_base_r1,MSF,133,BLK_133C,12,NC,5,2026-01-03 19:19:19,2026-01-03 20:07:59,48.7,,공통
b150_base_r1,MSF,133,BLK_133C,12,베이36B 론지취부,6,2026-01-03 20:07:59,2026-01-03 21:38:29,90.5,36B,베이36B
b150_base_r1,MSF,133,BLK_133C,12,베이36B 론지용접,7,2026-01-03 21:38:29,2026-01-03 22:05:17,26.8,36B,베이36B
b150_base_r1,MSF,133,BLK_133C,12,베이36B 수정,8,2026-01-03 22:05:17,2026-01-03 23:00:53,55.6,36B,베이36B
b150_base_r1,MSF,142,BLK_142S,1,판계,1,2026-01-03 08:00:00,2026-01-03 08:45:00,45.0,,공통
b150_base_r1,MSF,142,BLK_142S,1,전면SAW,2,2026-01-03 16:17:38,2026-01-03 18:22:55,125.3,,공통
b150_base_r1,MSF,142,BLK_142S,1,TurnOver,3,2026-01-03 18:22:55,2026-01-03 18:34:55,12.0,,공통
b150_base_r1,MSF,142,BLK_142S,1,후면SAW,4,2026-01-03 18:34:55,2026-01-03 20:21:02,106.1,,공통
b150_base_r1,MSF,142,BLK_142S,1,NC,5,2026-01-03 20:21:02,2026-01-03 21:12:08,51.1,,공통
b150_base_r1,MSF,142,BLK_142S,1,베이35A 론지취부,6,2026-01-03 21:12:08,2026-01-03 22:14:38,62.5,35A,베이35A
b150_base_r1,MSF,142,BLK_142S,1,베이35A 론지용접,7,2026-01-03 22:14:38,2026-01-03 22:36:38,22.0,35A,베이35A
b150_base_r1,MSF,142,BLK_142S,1,베이35A 수정,8,2026-01-03 22:36:38,2026-01-03 23:14:38,38.0,35A,베이35A
b150_base_r1,MSF,87,BLK_87C,2,판계,1,2026-01-03 08:45:00,2026-01-03 09:30:00,45.0,,공통
b150_base_r1,MSF,87,BLK_87C,2,전면SAW,2,2026-01-03 18:22:55,2026-01-03 19:00:31,37.6,,공통
b150_base_r1,MSF,87,BLK_87C,2,TurnOver,3,2026-01-03 19:00:31,2026-01-03 19:12:31,12.0,,공통
b150_base_r1,MSF,87,BLK_87C,2,후면SAW,4,2026-01-03 20:21:02,2026-01-03 20:49:23,28.4,,공통
b150_base_r1,MSF,87,BLK_87C,2,NC,5,2026-01-03 21:12:08,2026-01-03 22:06:11,54.0,,공통
b150_base_r1,MSF,87,BLK_87C,2,베이36B 론지취부,6,2026-01-03 22:06:11,2026-01-03 23:54:11,108.0,36B,베이36B
b150_base_r1,MSF,87,BLK_87C,2,베이36B 론지용접,7,2026-01-03 23:54:11,2026-01-04 00:23:59,29.8,36B,베이36B
b150_base_r1,MSF,87,BLK_87C,2,베이36B 수정,8,2026-01-04 00:23:59,2026-01-04 01:30:35,66.6,36B,베이36B
b150_base_r1,MSF,75,BLK_75C,3,판계,1,2026-01-03 09:30:00,2026-01-03 10:00:00,30.0,,공통
b150_base_r1,MSF,75,BLK_75C,3,전면SAW,2,2026-01-03 19:00:31,2026-01-03 20:28:49,88.3,,공통
b150_base_r1,MSF,75,BLK_75C,3,TurnOver,3,2026-01-03 20:28:49,2026-01-03 20:40:49,12.0,,공통
b150_base_r1,MSF,75,BLK_75C,3,후면SAW,4,2026-01-03 20:49:23,2026-01-03 21:57:40,68.3,,공통
b150_base_r1,MSF,75,BLK_75C,3,NC,5,2026-01-03 22:06:11,2026-01-03 22:58:45,52.6,,공통
b150_base_r1,MSF,75,BLK_75C,3,베이35A 론지취부,6,2026-01-03 22:58:45,2026-01-04 00:15:15,76.5,35A,베이35A
b150_base_r1,MSF,75,BLK_75C,3,베이35A 론지용접,7,2026-01-04 00:15:15,2026-01-04 00:39:39,24.4,35A,베이35A
b150_base_r1,MSF,75,BLK_75C,3,베이35A 수정,8,2026-01-04 00:39:39,2026-01-04 01:26:27,46.8,35A,베이35A
b150_base_r1,MSF,36,BLK_36P,4,판계,1,2026-01-03 10:00:00,2026-01-03 10:25:00,25.0,,공통
b150_base_r1,MSF,36,BLK_36P,4,전면SAW,2,2026-01-03 20:28:49,2026-01-03 20:56:18,27.5,,공통
b150_base_r1,MSF,36,BLK_36P,4,TurnOver,3,2026-01-03 20:56:18,2026-01-03 21:08:18,12.0,,공통
b150_base_r1,MSF,36,BLK_36P,4,후면SAW,4,2026-01-03 21:57:40,2026-01-03 22:12:41,15.0,,공통
b150_base_r1,MSF,36,BLK_36P,4,NC,5,2026-01-03 22:58:45,2026-01-03 23:29:50,31.1,,공통
b150_base_r1,MSF,36,BLK_36P,4,베이36B 론지취부,6,2026-01-03 23:54:11,2026-01-04 00:42:41,48.5,36B,베이36B
b150_base_r1,MSF,36,BLK_36P,4,베이36B 론지용접,7,2026-01-04 00:42:41,2026-01-04 01:02:17,19.6,36B,베이36B
b150_base_r1,MSF,36,BLK_36P,4,베이36B 수정,8,2026-01-04 01:30:35,2026-01-04 01:59:47,29.2,36B,베이36B
b150_base_r1,MSF,98,BLK_98C,5,판계,1,2026-01-03 10:25:00,2026-01-03 10:55:00,30.0,,공통
b150_base_r1,MSF,98,BLK_98C,5,전면SAW,2,2026-01-03 20:56:18,2026-01-03 22:37:02,100.7,,공통
b150_base_r1,MSF,98,BLK_98C,5,TurnOver,3,2026-01-03 22:37:02,2026-01-03 22:49:02,12.0,,공통
b150_base_r1,MSF,98,BLK_98C,5,후면SAW,4,2026-01-03 22:49:02,2026-01-04 00:08:39,79.6,,공통
b150_base_r1,MSF,98,BLK_98C,5,NC,5,2026-01-04 00:08:39,2026-01-04 01:03:22,54.7,,공통
b150_base_r1,MSF,98,BLK_98C,5,베이35A 론지취부,6,2026-01-04 01:03:22,2026-01-04 02:19:52,76.5,35A,베이35A
b150_base_r1,MSF,98,BLK_98C,5,베이35A 론지용접,7,2026-01-04 02:19:52,2026-01-04 02:44:16,24.4,35A,베이35A
b150_base_r1,MSF,98,BLK_98C,5,베이35A 수정,8,2026-01-04 02:44:16,2026-01-04 03:31:04,46.8,35A,베이35A
b150_base_r1,MSF,97,BLK_97C,6,판계,1,2026-01-03 10:55:00,2026-01-03 11:40:00,45.0,,공통
b150_base_r1,MSF,97,BLK_97C,6,전면SAW,2,2026-01-03 22:37:02,2026-01-03 23:18:27,41.4,,공통
b150_base_r1,MSF,97,BLK_97C,6,TurnOver,3,2026-01-03 23:18:27,2026-01-03 23:30:27,12.0,,공통
b150_base_r1,MSF,97,BLK_97C,6,후면SAW,4,2026-01-04 00:08:39,2026-01-04 00:42:01,33.4,,공통
b150_base_r1,MSF,97,BLK_97C,6,NC,5,2026-01-04 01:03:22,2026-01-04 01:59:42,56.3,,공통
b150_base_r1,MSF,97,BLK_97C,6,베이36B 론지취부,6,2026-01-04 01:59:42,2026-01-04 03:16:12,76.5,36B,베이36B
b150_base_r1,MSF,97,BLK_97C,6,베이36B 론지용접,7,2026-01-04 03:16:12,2026-01-04 03:40:36,24.4,36B,베이36B
b150_base_r1,MSF,97,BLK_97C,6,베이36B 수정,8,2026-01-04 03:40:36,2026-01-04 04:27:24,46.8,36B,베이36B
b150_base_r1,MSF,100,BLK_100P,7,판계,1,2026-01-03 11:40:00,2026-01-03 12:10:00,30.0,,공통
b150_base_r1,MSF,100,BLK_100P,7,전면SAW,2,2026-01-03 23:18:27,2026-01-04 01:06:14,107.8,,공통
b150_base_r1,MSF,100,BLK_100P,7,TurnOver,3,2026-01-04 01:06:14,2026-01-04 01:18:14,12.0,,공통
b150_base_r1,MSF,100,BLK_100P,7,후면SAW,4,2026-01-04 01:18:14,2026-01-04 02:44:16,86.0,,공통
b150_base_r1,MSF,100,BLK_100P,7,NC,5,2026-01-04 02:44:16,2026-01-04 03:37:21,53.1,,공통
b150_base_r1,MSF,100,BLK_100P,7,베이36B 론지취부,6,2026-01-04 03:37:21,2026-01-04 05:00:51,83.5,36B,베이36B
b150_base_r1,MSF,100,BLK_100P,7,베이36B 론지용접,7,2026-01-04 05:00:51,2026-01-04 05:26:27,25.6,36B,베이36B
b150_base_r1,MSF,100,BLK_100P,7,베이36B 수정,8,2026-01-04 05:26:27,2026-01-04 06:17:39,51.2,36B,베이36B
b150_base_r1,MSF,52,BLK_52P,8,판계,1,2026-01-03 12:10:00,2026-01-03 12:35:00,25.0,,공통
b150_base_r1,MSF,52,BLK_52P,8,전면SAW,2,2026-01-04 01:06:14,2026-01-04 01:37:22,31.1,,공통
b150_base_r1,MSF,52,BLK_52P,8,TurnOver,3,2026-01-04 01:37:22,2026-01-04 01:49:22,12.0,,공통
b150_base_r1,MSF,52,BLK_52P,8,후면SAW,4,2026-01-04 02:44:16,2026-01-04 03:04:07,19.9,,공통
b150_base_r1,MSF,52,BLK_52P,8,NC,5,2026-01-04 03:37:21,2026-01-04 04:11:25,34.1,,공통
b150_base_r1,MSF,52,BLK_52P,8,베이35A 론지취부,6,2026-01-04 04:11:25,2026-01-04 05:06:55,55.5,35A,베이35A
b150_base_r1,MSF,52,BLK_52P,8,베이35A 론지용접,7,2026-01-04 05:06:55,2026-01-04 05:27:43,20.8,35A,베이35A
b150_base_r1,MSF,52,BLK_52P,8,베이35A 수정,8,2026-01-04 05:27:43,2026-01-04 06:01:19,33.6,35A,베이35A
b150_base_r1,MSF,109,BLK_109P,1,판계,1,2026-01-04 08:00:00,2026-01-04 08:30:00,30.0,,공통
b150_base_r1,MSF,109,BLK_109P,1,전면SAW,2,2026-01-04 08:30:00,2026-01-04 11:40:00,190.0,,공통
b150_base_r1,MSF,109,BLK_109P,1,TurnOver,3,2026-01-04 11:40:00,2026-01-04 11:52:00,12.0,,공통
b150_base_r1,MSF,109,BLK_109P,1,후면SAW,4,2026-01-04 11:52:00,2026-01-04 14:30:17,158.3,,공통
b150_base_r1,MSF,109,BLK_109P,1,NC,5,2026-01-04 14:30:17,2026-01-04 15:40:00,69.7,,공통
b150_base_r1,MSF,109,BLK_109P,1,베이36B 론지취부,6,2026-01-04 15:40:00,2026-01-04 17:07:00,87.0,36B,베이36B
b150_base_r1,MSF,109,BLK_109P,1,베이36B 론지용접,7,2026-01-04 17:07:00,2026-01-04 17:33:12,26.2,36B,베이36B
b150_base_r1,MSF,109,BLK_109P,1,베이36B 수정,8,2026-01-04 17:33:12,2026-01-04 18:26:36,53.4,36B,베이36B
b150_base_r1,MSF,143,BLK_143S,2,판계,1,2026-01-04 08:30:00,2026-01-04 09:15:00,45.0,,공통
b150_base_r1,MSF,143,BLK_143S,2,전면SAW,2,2026-01-04 11:40:00,2026-01-04 12:14:56,34.9,,공통
b150_base_r1,MSF,143,BLK_143S,2,TurnOver,3,2026-01-04 12:14:56,2026-01-04 12:26:56,12.0,,공통
b150_base_r1,MSF,143,BLK_143S,2,후면SAW,4,2026-01-04 14:30:17,2026-01-04 14:55:08,24.9,,공통
b150_base_r1,MSF,143,BLK_143S,2,NC,5,2026-01-04 15:40:00,2026-01-04 16:33:15,53.2,,공통
b150_base_r1,MSF,143,BLK_143S,2,베이35A 론지취부,6,2026-01-04 16:33:15,2026-01-04 17:49:45,76.5,35A,베이35A
b150_base_r1,MSF,143,BLK_143S,2,베이35A 론지용접,7,2026-01-04 17:49:45,2026-01-04 18:14:09,24.4,35A,베이35A
b150_base_r1,MSF,143,BLK_143S,2,베이35A 수정,8,2026-01-04 18:14:09,2026-01-04 19:00:57,46.8,35A,베이35A
b150_base_r1,MSF,119,BLK_119S,3,판계,1,2026-01-04 09:15:00,2026-01-04 09:45:00,30.0,,공통
b150_base_r1,MSF,119,BLK_119S,3,전면SAW,2,2026-01-04 12:14:56,2026-01-04 13:53:41,98.8,,공통
b150_base_r1,MSF,119,BLK_119S,3,TurnOver,3,2026-01-04 13:53:41,2026-01-04 14:05:41,12.0,,공통
b150_base_r1,MSF,119,BLK_119S,3,후면SAW,4,2026-01-04 14:55:08,2026-01-04 16:12:55,77.8,,공통
b150_base_r1,MSF,119,BLK_119S,3,NC,5,2026-01-04 16:33:15,2026-01-04 17:25:21,52.1,,공통
b150_base_r1,MSF,119,BLK_119S,3,베이36B 론지취부,6,2026-01-04 17:25:21,2026-01-04 18:31:21,66.0,36B,베이36B
b150_base_r1,MSF,119,BLK_119S,3,베이36B 론지용접,7,2026-01-04 18:31:21,2026-01-04 18:53:57,22.6,36B,베이36B
b150_base_r1,MSF,119,BLK_119S,3,베이36B 수정,8,2026-01-04 18:53:57,2026-01-04 19:34:09,40.2,36B,베이36B
b150_base_r1,MSF,120,BLK_120S,4,판계,1,2026-01-04 09:45:00,2026-01-04 10:15:00,30.0,,공통
b150_base_r1,MSF,120,BLK_120S,4,전면SAW,2,2026-01-04 13:53:41,2026-01-04 15:31:14,97.5,,공통
b150_base_r1,MSF,120,BLK_120S,4,TurnOver,3,2026-01-04 15:31:14,2026-01-04 15:43:14,12.0,,공통
b150_base_r1,MSF,120,BLK_120S,4,후면SAW,4,2026-01-04 16:12:55,2026-01-04 17:29:37,76.7,,공통
b150_base_r1,MSF,120,BLK_120S,4,NC,5,2026-01-04 17:29:37,2026-01-04 18:21:09,51.5,,공통
b150_base_r1,MSF,120,BLK_120S,4,베이35A 론지취부,6,2026-01-04 18:21:09,2026-01-04 19:30:39,69.5,35A,베이35A
b150_base_r1,MSF,120,BLK_120S,4,베이35A 론지용접,7,2026-01-04 19:30:39,2026-01-04 19:53:51,23.2,35A,베이35A
b150_base_r1,MSF,120,BLK_120S,4,베이35A 수정,8,2026-01-04 19:53:51,2026-01-04 20:36:15,42.4,35A,베이35A
b150_base_r1,MSF,54,BLK_54C,5,판계,1,2026-01-04 10:15:00,2026-01-04 11:07:00,52.0,,공통
b150_base_r1,MSF,54,BLK_54C,5,전면SAW,2,2026-01-04 15:31:14,2026-01-04 17:51:37,140.4,,공통
b150_base_r1,MSF,54,BLK_54C,5,TurnOver,3,2026-01-04 17:51:37,2026-01-04 18:03:37,12.0,,공통
b150_base_r1,MSF,54,BLK_54C,5,후면SAW,4,2026-01-04 18:03:37,2026-01-04 20:04:12,120.6,,공통
b150_base_r1,MSF,54,BLK_54C,5,NC,5,2026-01-04 20:04:12,2026-01-04 21:17:30,73.3,,공통
b150_base_r1,MSF,54,BLK_54C,5,베이36B 론지취부,6,2026-01-04 21:17:30,2026-01-04 22:51:30,94.0,36B,베이36B
b150_base_r1,MSF,54,BLK_54C,5,베이36B 론지용접,7,2026-01-04 22:51:30,2026-01-04 23:18:54,27.4,36B,베이36B
b150_base_r1,MSF,54,BLK_54C,5,베이36B 수정,8,2026-01-04 23:18:54,2026-01-05 00:16:42,57.8,36B,베이36B
b150_base_r1,MSF,60,BLK_60S,6,판계,1,2026-01-04 11:07:00,2026-01-04 11:47:00,40.0,,공통
b150_base_r1,MSF,60,BLK_60S,6,전면SAW,2,2026-01-04 17:51:37,2026-01-04 20:19:54,148.3,,공통
b150_base_r1,MSF,60,BLK_60S,6,TurnOver,3,2026-01-04 20:19:54,2026-01-04 20:31:54,12.0,,공통
b150_base_r1,MSF,60,BLK_60S,6,후면SAW,4,2026-01-04 20:31:54,2026-01-04 22:40:03,128.2,,공통
b150_base_r1,MSF,60,BLK_60S,6,NC,5,2026-01-04 22:40:03,2026-01-04 23:23:09,43.1,,공통
b150_base_r1,MSF,60,BLK_60S,6,베이35A 론지취부,6,2026-01-04 23:23:09,2026-01-05 00:29:09,66.0,35A,베이35A
b150_base_r1,MSF,60,BLK_60S,6,베이35A 론지용접,7,2026-01-05 00:29:09,2026-01-05 00:51:45,22.6,35A,베이35A
b150_base_r1,MSF,60,BLK_60S,6,베이35A 수정,8,2026-01-05 00:51:45,2026-01-05 01:31:57,40.2,35A,베이35A
b150_base_r1,MSF,12,BLK_12S,1,판계,1,2026-01-05 08:00:00,2026-01-05 08:45:00,45.0,,공통
b150_base_r1,MSF,12,BLK_12S,1,전면SAW,2,2026-01-05 08:45:00,2026-01-05 11:23:24,158.4,,공통
b150_base_r1,MSF,12,BLK_12S,1,TurnOver,3,2026-01-05 11:23:24,2026-01-05 11:35:24,12.0,,공통
b150_base_r1,MSF,12,BLK_12S,1,후면SAW,4,2026-01-05 11:35:24,2026-01-05 13:53:14,137.8,,공통
b150_base_r1,MSF,12,BLK_12S,1,NC,5,2026-01-05 13:53:14,2026-01-05 14:47:14,54.0,,공통
b150_base_r1,MSF,12,BLK_12S,1,베이36B 론지취부,6,2026-01-05 14:47:14,2026-01-05 16:24:44,97.5,36B,베이36B
b150_base_r1,MSF,12,BLK_12S,1,베이36B 론지용접,7,2026-01-05 16:24:44,2026-01-05 16:52:44,28.0,36B,베이36B
b150_base_r1,MSF,12,BLK_12S,1,베이36B 수정,8,2026-01-05 16:52:44,2026-01-05 17:52:44,60.0,36B,베이36B
b150_base_r1,MSF,20,BLK_20S,2,판계,1,2026-01-05 08:45:00,2026-01-05 09:23:00,38.0,,공통
b150_base_r1,MSF,20,BLK_20S,2,전면SAW,2,2026-01-05 11:23:24,2026-01-05 13:12:04,108.7,,공통
b150_base_r1,MSF,20,BLK_20S,2,TurnOver,3,2026-01-05 13:12:04,2026-01-05 13:24:04,12.0,,공통
b150_base_r1,MSF,20,BLK_20S,2,후면SAW,4,2026-01-05 13:53:14,2026-01-05 15:20:05,86.8,,공통
b150_base_r1,MSF,20,BLK_20S,2,NC,5,2026-01-05 15:20:05,2026-01-05 16:06:33,46.5,,공통
b150_base_r1,MSF,20,BLK_20S,2,베이35A 론지취부,6,2026-01-05 16:06:33,2026-01-05 17:30:03,83.5,35A,베이35A
b150_base_r1,MSF,20,BLK_20S,2,베이35A 론지용접,7,2026-01-05 17:30:03,2026-01-05 17:55:39,25.6,35A,베이35A
b150_base_r1,MSF,20,BLK_20S,2,베이35A 수정,8,2026-01-05 17:55:39,2026-01-05 18:46:51,51.2,35A,베이35A
b150_base_r1,MSF,56,BLK_56P,3,판계,1,2026-01-05 09:23:00,2026-01-05 09:53:00,30.0,,공통
b150_base_r1,MSF,56,BLK_56P,3,전면SAW,2,2026-01-05 13:12:04,2026-01-05 15:46:33,154.5,,공통
b150_base_r1,MSF,56,BLK_56P,3,TurnOver,3,2026-01-05 15:46:33,2026-01-05 15:58:33,12.0,,공통
b150_base_r1,MSF,56,BLK_56P,3,후면SAW,4,2026-01-05 15:58:33,2026-01-05 17:52:16,113.7,,공통
b150_base_r1,MSF,56,BLK_56P,3,NC,5,2026-01-05 17:52:16,2026-01-05 18:50:49,58.5,,공통
b150_base_r1,MSF,56,BLK_56P,3,베이36B 론지취부,6,2026-01-05 18:50:49,2026-01-05 20:21:19,90.5,36B,베이36B
b150_base_r1,MSF,56,BLK_56P,3,베이36B 론지용접,7,2026-01-05 20:21:19,2026-01-05 20:48:07,26.8,36B,베이36B
b150_base_r1,MSF,56,BLK_56P,3,베이36B 수정,8,2026-01-05 20:48:07,2026-01-05 21:43:43,55.6,36B,베이36B
b150_base_r1,MSF,16,BLK_16C,4,판계,1,2026-01-05 09:53:00,2026-01-05 10:38:00,45.0,,공통
b150_base_r1,MSF,16,BLK_16C,4,전면SAW,2,2026-01-05 15:46:33,2026-01-05 17:08:45,82.2,,공통
b150_base_r1,MSF,16,BLK_16C,4,TurnOver,3,2026-01-05 17:08:45,2026-01-05 17:20:45,12.0,,공통
b150_base_r1,MSF,16,BLK_16C,4,후면SAW,4,2026-01-05 17:52:16,2026-01-05 19:10:06,77.8,,공통
b150_base_r1,MSF,16,BLK_16C,4,NC,5,2026-01-05 19:10:06,2026-01-05 20:03:52,53.8,,공통
b150_base_r1,MSF,16,BLK_16C,4,베이36B 론지취부,6,2026-01-05 20:21:19,2026-01-05 21:16:49,55.5,36B,베이36B
b150_base_r1,MSF,16,BLK_16C,4,베이36B 론지용접,7,2026-01-05 21:16:49,2026-01-05 21:37:37,20.8,36B,베이36B
b150_base_r1,MSF,16,BLK_16C,4,베이36B 수정,8,2026-01-05 21:43:43,2026-01-05 22:17:19,33.6,36B,베이36B
