grid_case_id,method_label,size_bucket,total_blocks,distribution_profile,graph_makespan_hours,graph_violations,date,block_id,block_name,sequence,process_name,process_index,start_time,end_time,duration_min,assigned_bay,machine_type,unity_process_row_source,source_representative_block_id
b190_heavy_work_r1,MSF,Large (141-200),190,heavy_work,325.6,39,20250405,33,BLK_33C,1,판계,1,2025-04-05 08:00:00,2025-04-05 08:33:36,33.6,,공통,raw,
b190_heavy_work_r1,MSF,Large (141-200),190,heavy_work,325.6,39,20250405,33,BLK_33C,1,전면SAW,2,2025-04-05 08:33:36,2025-04-05 10:33:05,119.5,,공통,raw,
b190_heavy_work_r1,MSF,Large (141-200),190,heavy_work,325.6,39,20250405,33,BLK_33C,1,TurnOver,3,2025-04-05 10:33:05,2025-04-05 10:47:29,14.4,,공통,raw,
b190_heavy_work_r1,MSF,Large (141-200),190,heavy_work,325.6,39,20250405,33,BLK_33C,1,후면SAW,4,2025-04-05 10:47:29,2025-04-05 12:21:45,94.3,,공통,raw,
b190_heavy_work_r1,MSF,Large (141-200),190,heavy_work,325.6,39,20250405,33,BLK_33C,1,NC,5,2025-04-05 12:21:45,2025-04-05 12:59:14,37.5,,공통,raw,
b190_heavy_work_r1,MSF,Large (141-200),190,heavy_work,325.6,39,20250405,33,BLK_33C,1,베이35A 론지취부,6,2025-04-05 12:59:14,2025-04-05 14:14:14,75.0,35A,베이35A,raw,
b190_heavy_work_r1,MSF,Large (141-200),190,heavy_work,325.6,39,20250405,33,BLK_33C,1,베이35A 론지용접,7,2025-04-05 14:14:14,2025-04-05 14:40:38,26.4,35A,베이35A,raw,
b190_heavy_work_r1,MSF,Large (141-200),190,heavy_work,325.6,39,20250405,33,BLK_33C,1,베이35A 수정,8,2025-04-05 14:40:38,2025-04-05 15:26:14,45.6,35A,베이35A,raw,
b190_heavy_work_r1,MSF,Large (141-200),190,heavy_work,325.6,39,20250405,5,BLK_5C,2,판계,1,2025-04-05 08:33:36,2025-04-05 09:03:36,30.0,,공통,raw,
b190_heavy_work_r1,MSF,Large (141-200),190,heavy_work,325.6,39,20250405,5,BLK_5C,2,전면SAW,2,2025-04-05 10:33:05,2025-04-05 11:14:32,41.4,,공통,raw,
b190_heavy_work_r1,MSF,Large (141-200),190,heavy_work,325.6,39,20250405,5,BLK_5C,2,TurnOver,3,2025-04-05 11:14:32,2025-04-05 11:28:56,14.4,,공통,raw,
b190_heavy_work_r1,MSF,Large (141-200),190,heavy_work,325.6,39,20250405,5,BLK_5C,2,후면SAW,4,2025-04-05 12:21:45,2025-04-05 12:50:57,29.2,,공통,raw,
b190_heavy_work_r1,MSF,Large (141-200),190,heavy_work,325.6,39,20250405,5,BLK_5C,2,NC,5,2025-04-05 12:59:14,2025-04-05 13:41:04,41.8,,공통,raw,
b190_heavy_work_r1,MSF,Large (141-200),190,heavy_work,325.6,39,20250405,5,BLK_5C,2,베이36B 론지취부,6,2025-04-05 13:41:04,2025-04-05 14:47:40,66.6,36B,베이36B,raw,
b190_heavy_work_r1,MSF,Large (141-200),190,heavy_work,325.6,39,20250405,5,BLK_5C,2,베이36B 론지용접,7,2025-04-05 14:47:40,2025-04-05 15:12:38,25.0,36B,베이36B,raw,
b190_heavy_work_r1,MSF,Large (141-200),190,heavy_work,325.6,39,20250405,5,BLK_5C,2,베이36B 수정,8,2025-04-05 15:12:38,2025-04-05 15:52:57,40.3,36B,베이36B,raw,
b190_heavy_work_r1,MSF,Large (141-200),190,heavy_work,325.6,39,20250405,1,BLK_1C,3,판계,1,2025-04-05 09:03:36,2025-04-05 09:49:12,45.6,,공통,raw,
b190_heavy_work_r1,MSF,Large (141-200),190,heavy_work,325.6,39,20250405,1,BLK_1C,3,전면SAW,2,2025-04-05 11:14:32,2025-04-05 12:54:39,100.1,,공통,raw,
b190_heavy_work_r1,MSF,Large (141-200),190,heavy_work,325.6,39,20250405,1,BLK_1C,3,TurnOver,3,2025-04-05 12:54:39,2025-04-05 13:09:03,14.4,,공통,raw,
b190_heavy_work_r1,MSF,Large (141-200),190,heavy_work,325.6,39,20250405,1,BLK_1C,3,후면SAW,4,2025-04-05 13:09:03,2025-04-05 14:25:39,76.6,,공통,raw,
b190_heavy_work_r1,MSF,Large (141-200),190,heavy_work,325.6,39,20250405,1,BLK_1C,3,NC,5,2025-04-05 14:25:39,2025-04-05 15:22:29,56.8,,공통,raw,
b190_heavy_work_r1,MSF,Large (141-200),190,heavy_work,325.6,39,20250405,1,BLK_1C,3,베이35A 론지취부,6,2025-04-05 15:22:29,2025-04-05 17:06:53,104.4,35A,베이35A,raw,
b190_heavy_work_r1,MSF,Large (141-200),190,heavy_work,325.6,39,20250405,1,BLK_1C,3,베이35A 론지용접,7,2025-04-05 17:06:53,2025-04-05 17:38:19,31.4,35A,베이35A,raw,
b190_heavy_work_r1,MSF,Large (141-200),190,heavy_work,325.6,39,20250405,1,BLK_1C,3,베이35A 수정,8,2025-04-05 17:38:19,2025-04-05 18:42:24,64.1,35A,베이35A,raw,
b190_heavy_work_r1,MSF,Large (141-200),190,heavy_work,325.6,39,20250405,13,BLK_13C,4,판계,1,2025-04-05 09:49:12,2025-04-05 10:43:12,54.0,,공통,raw,
b190_heavy_work_r1,MSF,Large (141-200),190,heavy_work,325.6,39,20250405,13,BLK_13C,4,전면SAW,2,2025-04-05 12:54:39,2025-04-05 15:01:17,126.6,,공통,raw,
b190_heavy_work_r1,MSF,Large (141-200),190,heavy_work,325.6,39,20250405,13,BLK_13C,4,TurnOver,3,2025-04-05 15:01:17,2025-04-05 15:15:41,14.4,,공통,raw,
b190_heavy_work_r1,MSF,Large (141-200),190,heavy_work,325.6,39,20250405,13,BLK_13C,4,후면SAW,4,2025-04-05 15:15:41,2025-04-05 16:45:07,89.4,,공통,raw,
b190_heavy_work_r1,MSF,Large (141-200),190,heavy_work,325.6,39,20250405,13,BLK_13C,4,NC,5,2025-04-05 16:45:07,2025-04-05 17:43:00,57.9,,공통,raw,
b190_heavy_work_r1,MSF,Large (141-200),190,heavy_work,325.6,39,20250405,13,BLK_13C,4,베이36B 론지취부,6,2025-04-05 17:43:00,2025-04-05 19:02:12,79.2,36B,베이36B,raw,
b190_heavy_work_r1,MSF,Large (141-200),190,heavy_work,325.6,39,20250405,13,BLK_13C,4,베이36B 론지용접,7,2025-04-05 19:02:12,2025-04-05 19:29:19,27.1,36B,베이36B,raw,
b190_heavy_work_r1,MSF,Large (141-200),190,heavy_work,325.6,39,20250405,13,BLK_13C,4,베이36B 수정,8,2025-04-05 19:29:19,2025-04-05 20:17:34,48.2,36B,베이36B,raw,
b190_heavy_work_r1,MSF,Large (141-200),190,heavy_work,325.6,39,20250405,9,BLK_9C,5,판계,1,2025-04-05 10:43:12,2025-04-05 11:19:12,36.0,,공통,raw,
b190_heavy_work_r1,MSF,Large (141-200),190,heavy_work,325.6,39,20250405,9,BLK_9C,5,전면SAW,2,2025-04-05 15:01:17,2025-04-05 15:34:03,32.8,,공통,raw,
b190_heavy_work_r1,MSF,Large (141-200),190,heavy_work,325.6,39,20250405,9,BLK_9C,5,TurnOver,3,2025-04-05 15:34:03,2025-04-05 15:48:27,14.4,,공통,raw,
b190_heavy_work_r1,MSF,Large (141-200),190,heavy_work,325.6,39,20250405,9,BLK_9C,5,후면SAW,4,2025-04-05 16:45:07,2025-04-05 17:02:52,17.7,,공통,raw,
b190_heavy_work_r1,MSF,Large (141-200),190,heavy_work,325.6,39,20250405,9,BLK_9C,5,NC,5,2025-04-05 17:43:00,2025-04-05 18:38:57,56.0,,공통,raw,
b190_heavy_work_r1,MSF,Large (141-200),190,heavy_work,325.6,39,20250405,9,BLK_9C,5,베이35A 론지취부,6,2025-04-05 18:38:57,2025-04-05 20:10:45,91.8,35A,베이35A,raw,
b190_heavy_work_r1,MSF,Large (141-200),190,heavy_work,325.6,39,20250405,9,BLK_9C,5,베이35A 론지용접,7,2025-04-05 20:10:45,2025-04-05 20:40:02,29.3,35A,베이35A,raw,
b190_heavy_work_r1,MSF,Large (141-200),190,heavy_work,325.6,39,20250405,9,BLK_9C,5,베이35A 수정,8,2025-04-05 20:40:02,2025-04-05 21:36:12,56.2,35A,베이35A,raw,
b190_heavy_work_r1,MSF,Large (141-200),190,heavy_work,325.6,39,20250405,45,BLK_45C,6,판계,1,2025-04-05 11:19:12,2025-04-05 11:51:36,32.4,,공통,raw,
b190_heavy_work_r1,MSF,Large (141-200),190,heavy_work,325.6,39,20250405,45,BLK_45C,6,전면SAW,2,2025-04-05 15:34:03,2025-04-05 18:17:08,163.1,,공통,raw,
b190_heavy_work_r1,MSF,Large (141-200),190,heavy_work,325.6,39,20250405,45,BLK_45C,6,TurnOver,3,2025-04-05 18:17:08,2025-04-05 18:31:32,14.4,,공통,raw,
b190_heavy_work_r1,MSF,Large (141-200),190,heavy_work,325.6,39,20250405,45,BLK_45C,6,후면SAW,4,2025-04-05 18:31:32,2025-04-05 20:30:10,118.6,,공통,raw,
b190_heavy_work_r1,MSF,Large (141-200),190,heavy_work,325.6,39,20250405,45,BLK_45C,6,NC,5,2025-04-05 20:30:10,2025-04-05 21:07:39,37.5,,공통,raw,
b190_heavy_work_r1,MSF,Large (141-200),190,heavy_work,325.6,39,20250405,45,BLK_45C,6,베이36B 론지취부,6,2025-04-05 21:07:39,2025-04-05 21:44:51,37.2,36B,베이36B,raw,
b190_heavy_work_r1,MSF,Large (141-200),190,heavy_work,325.6,39,20250405,45,BLK_45C,6,베이36B 론지용접,7,2025-04-05 21:44:51,2025-04-05 21:59:58,15.1,36B,베이36B,raw,
b190_heavy_work_r1,MSF,Large (141-200),190,heavy_work,325.6,39,20250405,45,BLK_45C,6,베이36B 수정,8,2025-04-05 21:59:58,2025-04-05 22:21:48,21.8,36B,베이36B,raw,
b190_heavy_work_r1,MSF,Large (141-200),190,heavy_work,325.6,39,20250405,29,BLK_29S,7,판계,1,2025-04-05 11:51:36,2025-04-05 12:15:36,24.0,,공통,raw,
b190_heavy_work_r1,MSF,Large (141-200),190,heavy_work,325.6,39,20250405,29,BLK_29S,7,전면SAW,2,2025-04-05 18:17:08,2025-04-05 19:02:26,45.3,,공통,raw,
b190_heavy_work_r1,MSF,Large (141-200),190,heavy_work,325.6,39,20250405,29,BLK_29S,7,TurnOver,3,2025-04-05 19:02:26,2025-04-05 19:16:50,14.4,,공통,raw,
b190_heavy_work_r1,MSF,Large (141-200),190,heavy_work,325.6,39,20250405,29,BLK_29S,7,후면SAW,4,2025-04-05 20:30:10,2025-04-05 21:04:24,34.2,,공통,raw,
b190_heavy_work_r1,MSF,Large (141-200),190,heavy_work,325.6,39,20250405,29,BLK_29S,7,NC,5,2025-04-05 21:07:39,2025-04-05 21:44:19,36.7,,공통,raw,
b190_heavy_work_r1,MSF,Large (141-200),190,heavy_work,325.6,39,20250405,29,BLK_29S,7,베이35A 론지취부,6,2025-04-05 21:44:19,2025-04-05 22:55:07,70.8,35A,베이35A,raw,
b190_heavy_work_r1,MSF,Large (141-200),190,heavy_work,325.6,39,20250405,29,BLK_29S,7,베이35A 론지용접,7,2025-04-05 22:55:07,2025-04-05 23:20:48,25.7,35A,베이35A,raw,
b190_heavy_work_r1,MSF,Large (141-200),190,heavy_work,325.6,39,20250405,29,BLK_29S,7,베이35A 수정,8,2025-04-05 23:20:48,2025-04-06 00:03:46,43.0,35A,베이35A,raw,
b190_heavy_work_r1,MSF,Large (141-200),190,heavy_work,325.6,39,20250405,41,BLK_41S,8,판계,1,2025-04-05 12:15:36,2025-04-05 12:39:36,24.0,,공통,raw,
b190_heavy_work_r1,MSF,Large (141-200),190,heavy_work,325.6,39,20250405,41,BLK_41S,8,전면SAW,2,2025-04-05 19:02:26,2025-04-05 19:42:22,39.9,,공통,raw,
b190_heavy_work_r1,MSF,Large (141-200),190,heavy_work,325.6,39,20250405,41,BLK_41S,8,TurnOver,3,2025-04-05 19:42:22,2025-04-05 19:56:46,14.4,,공통,raw,
b190_heavy_work_r1,MSF,Large (141-200),190,heavy_work,325.6,39,20250405,41,BLK_41S,8,후면SAW,4,2025-04-05 21:04:24,2025-04-05 21:31:36,27.2,,공통,raw,
b190_heavy_work_r1,MSF,Large (141-200),190,heavy_work,325.6,39,20250405,41,BLK_41S,8,NC,5,2025-04-05 21:44:19,2025-04-05 22:16:55,32.6,,공통,raw,
b190_heavy_work_r1,MSF,Large (141-200),190,heavy_work,325.6,39,20250405,41,BLK_41S,8,베이36B 론지취부,6,2025-04-05 22:16:55,2025-04-05 23:10:55,54.0,36B,베이36B,raw,
b190_heavy_work_r1,MSF,Large (141-200),190,heavy_work,325.6,39,20250405,41,BLK_41S,8,베이36B 론지용접,7,2025-04-05 23:10:55,2025-04-05 23:28:55,18.0,36B,베이36B,raw,
b190_heavy_work_r1,MSF,Large (141-200),190,heavy_work,325.6,39,20250405,41,BLK_41S,8,베이36B 수정,8,2025-04-05 23:28:55,2025-04-06 00:01:19,32.4,36B,베이36B,raw,
b190_heavy_work_r1,MSF,Large (141-200),190,heavy_work,325.6,39,20250405,17,BLK_17C,9,판계,1,2025-04-05 12:39:36,2025-04-05 13:09:36,30.0,,공통,raw,
b190_heavy_work_r1,MSF,Large (141-200),190,heavy_work,325.6,39,20250405,17,BLK_17C,9,전면SAW,2,2025-04-05 19:42:22,2025-04-05 20:18:59,36.6,,공통,raw,
b190_heavy_work_r1,MSF,Large (141-200),190,heavy_work,325.6,39,20250405,17,BLK_17C,9,TurnOver,3,2025-04-05 20:18:59,2025-04-05 20:33:23,14.4,,공통,raw,
b190_heavy_work_r1,MSF,Large (141-200),190,heavy_work,325.6,39,20250405,17,BLK_17C,9,후면SAW,4,2025-04-05 21:31:36,2025-04-05 21:54:25,22.8,,공통,raw,
b190_heavy_work_r1,MSF,Large (141-200),190,heavy_work,325.6,39,20250405,17,BLK_17C,9,NC,5,2025-04-05 22:16:55,2025-04-05 22:57:14,40.3,,공통,raw,
b190_heavy_work_r1,MSF,Large (141-200),190,heavy_work,325.6,39,20250405,17,BLK_17C,9,베이35A 론지취부,6,2025-04-05 22:57:14,2025-04-06 00:08:02,70.8,35A,베이35A,raw,
b190_heavy_work_r1,MSF,Large (141-200),190,heavy_work,325.6,39,20250405,17,BLK_17C,9,베이35A 론지용접,7,2025-04-06 00:08:02,2025-04-06 00:33:43,25.7,35A,베이35A,raw,
b190_heavy_work_r1,MSF,Large (141-200),190,heavy_work,325.6,39,20250405,17,BLK_17C,9,베이35A 수정,8,2025-04-06 00:33:43,2025-04-06 01:16:40,43.0,35A,베이35A,raw,
b190_heavy_work_r1,MSF,Large (141-200),190,heavy_work,325.6,39,20250405,21,BLK_21S,10,판계,1,2025-04-05 13:09:36,2025-04-05 13:45:36,36.0,,공통,raw,
b190_heavy_work_r1,MSF,Large (141-200),190,heavy_work,325.6,39,20250405,21,BLK_21S,10,전면SAW,2,2025-04-05 20:18:59,2025-04-05 20:58:32,39.6,,공통,raw,
b190_heavy_work_r1,MSF,Large (141-200),190,heavy_work,325.6,39,20250405,21,BLK_21S,10,TurnOver,3,2025-04-05 20:58:32,2025-04-05 21:12:56,14.4,,공통,raw,
b190_heavy_work_r1,MSF,Large (141-200),190,heavy_work,325.6,39,20250405,21,BLK_21S,10,후면SAW,4,2025-04-05 21:54:25,2025-04-05 22:21:07,26.7,,공통,raw,
b190_heavy_work_r1,MSF,Large (141-200),190,heavy_work,325.6,39,20250405,21,BLK_21S,10,NC,5,2025-04-05 22:57:14,2025-04-05 23:47:44,50.5,,공통,raw,
b190_heavy_work_r1,MSF,Large (141-200),190,heavy_work,325.6,39,20250405,21,BLK_21S,10,베이36B 론지취부,6,2025-04-05 23:47:44,2025-04-06 01:15:20,87.6,36B,베이36B,raw,
b190_heavy_work_r1,MSF,Large (141-200),190,heavy_work,325.6,39,20250405,21,BLK_21S,10,베이36B 론지용접,7,2025-04-06 01:15:20,2025-04-06 01:43:53,28.6,36B,베이36B,raw,
b190_heavy_work_r1,MSF,Large (141-200),190,heavy_work,325.6,39,20250405,21,BLK_21S,10,베이36B 수정,8,2025-04-06 01:43:53,2025-04-06 02:37:24,53.5,36B,베이36B,raw,
b190_heavy_work_r1,MSF,Large (141-200),190,heavy_work,325.6,39,20250405,94,BLK_94C,11,판계,1,2025-04-05 13:45:36,2025-04-05 14:09:36,24.0,,공통,raw,
b190_heavy_work_r1,MSF,Large (141-200),190,heavy_work,325.6,39,20250405,94,BLK_94C,11,전면SAW,2,2025-04-05 20:58:32,2025-04-05 23:17:18,138.8,,공통,raw,
b190_heavy_work_r1,MSF,Large (141-200),190,heavy_work,325.6,39,20250405,94,BLK_94C,11,TurnOver,3,2025-04-05 23:17:18,2025-04-05 23:31:42,14.4,,공통,raw,
b190_heavy_work_r1,MSF,Large (141-200),190,heavy_work,325.6,39,20250405,94,BLK_94C,11,후면SAW,4,2025-04-05 23:31:42,2025-04-06 01:23:33,111.8,,공통,raw,
b190_heavy_work_r1,MSF,Large (141-200),190,heavy_work,325.6,39,20250405,94,BLK_94C,11,NC,5,2025-04-06 01:23:33,2025-04-06 01:54:49,31.3,,공통,raw,
b190_heavy_work_r1,MSF,Large (141-200),190,heavy_work,325.6,39,20250405,94,BLK_94C,11,베이35A 론지취부,6,2025-04-06 01:54:49,2025-04-06 02:57:13,62.4,35A,베이35A,raw,
b190_heavy_work_r1,MSF,Large (141-200),190,heavy_work,325.6,39,20250405,94,BLK_94C,11,베이35A 론지용접,7,2025-04-06 02:57:13,2025-04-06 03:21:28,24.2,35A,베이35A,raw,
b190_heavy_work_r1,MSF,Large (141-200),190,heavy_work,325.6,39,20250405,94,BLK_94C,11,베이35A 수정,8,2025-04-06 03:21:28,2025-04-06 03:59:08,37.7,35A,베이35A,raw,
b190_heavy_work_r1,MSF,Large (141-200),190,heavy_work,325.6,39,20250405,16,BLK_16S,12,판계,1,2025-04-05 14:09:36,2025-04-05 14:24:00,14.4,,공통,raw,
b190_heavy_work_r1,MSF,Large (141-200),190,heavy_work,325.6,39,20250405,16,BLK_16S,12,전면SAW,2,2025-04-05 23:17:18,2025-04-06 00:10:29,53.2,,공통,raw,
b190_heavy_work_r1,MSF,Large (141-200),190,heavy_work,325.6,39,20250405,16,BLK_16S,12,TurnOver,3,2025-04-06 00:10:29,2025-04-06 00:24:53,14.4,,공통,raw,
b190_heavy_work_r1,MSF,Large (141-200),190,heavy_work,325.6,39,20250405,16,BLK_16S,12,후면SAW,4,2025-04-06 01:23:33,2025-04-06 02:08:11,44.6,,공통,raw,
b190_heavy_work_r1,MSF,Large (141-200),190,heavy_work,325.6,39,20250405,16,BLK_16S,12,NC,5,2025-04-06 02:08:11,2025-04-06 02:34:58,26.8,,공통,raw,
b190_heavy_work_r1,MSF,Large (141-200),190,heavy_work,325.6,39,20250405,16,BLK_16S,12,베이36B 론지취부,6,2025-04-06 02:34:58,2025-04-06 03:20:34,45.6,36B,베이36B,raw,
b190_heavy_work_r1,MSF,Large (141-200),190,heavy_work,325.6,39,20250405,16,BLK_16S,12,베이36B 론지용접,7,2025-04-06 03:20:34,2025-04-06 03:37:07,16.6,36B,베이36B,raw,
b190_heavy_work_r1,MSF,Large (141-200),190,heavy_work,325.6,39,20250405,16,BLK_16S,12,베이36B 수정,8,2025-04-06 03:37:07,2025-04-06 04:04:14,27.1,36B,베이36B,raw,
b190_heavy_work_r1,MSF,Large (141-200),190,heavy_work,325.6,39,20250405,78,BLK_78C,13,판계,1,2025-04-05 14:24:00,2025-04-05 14:48:00,24.0,,공통,raw,
b190_heavy_work_r1,MSF,Large (141-200),190,heavy_work,325.6,39,20250405,78,BLK_78C,13,전면SAW,2,2025-04-06 00:10:29,2025-04-06 01:53:39,103.2,,공통,raw,
b190_heavy_work_r1,MSF,Large (141-200),190,heavy_work,325.6,39,20250405,78,BLK_78C,13,TurnOver,3,2025-04-06 01:53:39,2025-04-06 02:08:03,14.4,,공통,raw,
b190_heavy_work_r1,MSF,Large (141-200),190,heavy_work,325.6,39,20250405,78,BLK_78C,13,후면SAW,4,2025-04-06 02:08:11,2025-04-06 03:27:33,79.4,,공통,raw,
b190_heavy_work_r1,MSF,Large (141-200),190,heavy_work,325.6,39,20250405,78,BLK_78C,13,NC,5,2025-04-06 03:27:33,2025-04-06 03:57:56,30.4,,공통,raw,
b190_heavy_work_r1,MSF,Large (141-200),190,heavy_work,325.6,39,20250405,78,BLK_78C,13,베이35A 론지취부,6,2025-04-06 03:57:56,2025-04-06 04:45:15,47.3,35A,베이35A,raw,
b190_heavy_work_r1,MSF,Large (141-200),190,heavy_work,325.6,39,20250405,78,BLK_78C,13,베이35A 론지용접,7,2025-04-06 04:45:15,2025-04-06 05:03:21,18.1,35A,베이35A,raw,
b190_heavy_work_r1,MSF,Large (141-200),190,heavy_work,325.6,39,20250405,78,BLK_78C,13,베이35A 수정,8,2025-04-06 05:03:21,2025-04-06 05:27:50,24.5,35A,베이35A,raw,
b190_heavy_work_r1,MSF,Large (141-200),190,heavy_work,325.6,39,20250406,25,BLK_25S,1,판계,1,2025-04-06 08:00:00,2025-04-06 08:36:00,36.0,,공통,raw,
b190_heavy_work_r1,MSF,Large (141-200),190,heavy_work,325.6,39,20250406,25,BLK_25S,1,전면SAW,2,2025-04-06 08:36:00,2025-04-06 09:13:18,37.3,,공통,raw,
b190_heavy_work_r1,MSF,Large (141-200),190,heavy_work,325.6,39,20250406,25,BLK_25S,1,TurnOver,3,2025-04-06 09:13:18,2025-04-06 09:27:42,14.4,,공통,raw,
b190_heavy_work_r1,MSF,Large (141-200),190,heavy_work,325.6,39,20250406,25,BLK_25S,1,후면SAW,4,2025-04-06 09:27:42,2025-04-06 09:51:27,23.7,,공통,raw,
b190_heavy_work_r1,MSF,Large (141-200),190,heavy_work,325.6,39,20250406,25,BLK_25S,1,NC,5,2025-04-06 09:51:27,2025-04-06 10:41:38,50.2,,공통,raw,
b190_heavy_work_r1,MSF,Large (141-200),190,heavy_work,325.6,39,20250406,25,BLK_25S,1,베이36B 론지취부,6,2025-04-06 10:41:38,2025-04-06 12:26:02,104.4,36B,베이36B,raw,
b190_heavy_work_r1,MSF,Large (141-200),190,heavy_work,325.6,39,20250406,25,BLK_25S,1,베이36B 론지용접,7,2025-04-06 12:26:02,2025-04-06 12:57:28,31.4,36B,베이36B,raw,
b190_heavy_work_r1,MSF,Large (141-200),190,heavy_work,325.6,39,20250406,25,BLK_25S,1,베이36B 수정,8,2025-04-06 12:57:28,2025-04-06 14:01:33,64.1,36B,베이36B,raw,
b190_heavy_work_r1,MSF,Large (141-200),190,heavy_work,325.6,39,20250406,37,BLK_37S,2,판계,1,2025-04-06 08:36:00,2025-04-06 09:12:00,36.0,,공통,raw,
b190_heavy_work_r1,MSF,Large (141-200),190,heavy_work,325.6,39,20250406,37,BLK_37S,2,전면SAW,2,2025-04-06 09:13:18,2025-04-06 09:50:38,37.3,,공통,raw,
b190_heavy_work_r1,MSF,Large (141-200),190,heavy_work,325.6,39,20250406,37,BLK_37S,2,TurnOver,3,2025-04-06 09:50:38,2025-04-06 10:05:02,14.4,,공통,raw,
b190_heavy_work_r1,MSF,Large (141-200),190,heavy_work,325.6,39,20250406,37,BLK_37S,2,후면SAW,4,2025-04-06 10:05:02,2025-04-06 10:28:48,23.8,,공통,raw,
b190_heavy_work_r1,MSF,Large (141-200),190,heavy_work,325.6,39,20250406,37,BLK_37S,2,NC,5,2025-04-06 10:41:38,2025-04-06 11:30:15,48.6,,공통,raw,
b190_heavy_work_r1,MSF,Large (141-200),190,heavy_work,325.6,39,20250406,37,BLK_37S,2,베이35A 론지취부,6,2025-04-06 11:30:15,2025-04-06 12:45:15,75.0,35A,베이35A,raw,
b190_heavy_work_r1,MSF,Large (141-200),190,heavy_work,325.6,39,20250406,37,BLK_37S,2,베이35A 론지용접,7,2025-04-06 12:45:15,2025-04-06 13:11:39,26.4,35A,베이35A,raw,
b190_heavy_work_r1,MSF,Large (141-200),190,heavy_work,325.6,39,20250406,37,BLK_37S,2,베이35A 수정,8,2025-04-06 13:11:39,2025-04-06 13:57:15,45.6,35A,베이35A,raw,
b190_heavy_work_r1,MSF,Large (141-200),190,heavy_work,325.6,39,20250406,53,BLK_53C,3,판계,1,2025-04-06 09:12:00,2025-04-06 09:57:36,45.6,,공통,raw,
b190_heavy_work_r1,MSF,Large (141-200),190,heavy_work,325.6,39,20250406,53,BLK_53C,3,전면SAW,2,2025-04-06 09:57:36,2025-04-06 11:37:44,100.1,,공통,raw,
b190_heavy_work_r1,MSF,Large (141-200),190,heavy_work,325.6,39,20250406,53,BLK_53C,3,TurnOver,3,2025-04-06 11:37:44,2025-04-06 11:52:08,14.4,,공통,raw,
b190_heavy_work_r1,MSF,Large (141-200),190,heavy_work,325.6,39,20250406,53,BLK_53C,3,후면SAW,4,2025-04-06 11:52:08,2025-04-06 13:08:44,76.6,,공통,raw,
b190_heavy_work_r1,MSF,Large (141-200),190,heavy_work,325.6,39,20250406,53,BLK_53C,3,NC,5,2025-04-06 13:08:44,2025-04-06 14:02:48,54.1,,공통,raw,
b190_heavy_work_r1,MSF,Large (141-200),190,heavy_work,325.6,39,20250406,53,BLK_53C,3,베이36B 론지취부,6,2025-04-06 14:02:48,2025-04-06 14:35:48,33.0,36B,베이36B,raw,
b190_heavy_work_r1,MSF,Large (141-200),190,heavy_work,325.6,39,20250406,53,BLK_53C,3,베이36B 론지용접,7,2025-04-06 14:35:48,2025-04-06 14:55:00,19.2,36B,베이36B,raw,
b190_heavy_work_r1,MSF,Large (141-200),190,heavy_work,325.6,39,20250406,53,BLK_53C,3,베이36B 수정,8,2025-04-06 14:55:00,2025-04-06 15:14:12,19.2,36B,베이36B,raw,
b190_heavy_work_r1,MSF,Large (141-200),190,heavy_work,325.6,39,20250406,49,BLK_49C,4,판계,1,2025-04-06 09:57:36,2025-04-06 10:12:00,14.4,,공통,raw,
b190_heavy_work_r1,MSF,Large (141-200),190,heavy_work,325.6,39,20250406,49,BLK_49C,4,전면SAW,2,2025-04-06 11:37:44,2025-04-06 12:40:37,62.9,,공통,raw,
b190_heavy_work_r1,MSF,Large (141-200),190,heavy_work,325.6,39,20250406,49,BLK_49C,4,TurnOver,3,2025-04-06 12:40:37,2025-04-06 12:55:01,14.4,,공통,raw,
b190_heavy_work_r1,MSF,Large (141-200),190,heavy_work,325.6,39,20250406,49,BLK_49C,4,후면SAW,4,2025-04-06 13:08:44,2025-04-06 14:06:09,57.4,,공통,raw,
b190_heavy_work_r1,MSF,Large (141-200),190,heavy_work,325.6,39,20250406,49,BLK_49C,4,NC,5,2025-04-06 14:06:09,2025-04-06 14:30:51,24.7,,공통,raw,
b190_heavy_work_r1,MSF,Large (141-200),190,heavy_work,325.6,39,20250406,49,BLK_49C,4,베이35A 론지취부,6,2025-04-06 14:30:51,2025-04-06 15:03:51,33.0,35A,베이35A,raw,
b190_heavy_work_r1,MSF,Large (141-200),190,heavy_work,325.6,39,20250406,49,BLK_49C,4,베이35A 론지용접,7,2025-04-06 15:03:51,2025-04-06 15:18:15,14.4,35A,베이35A,raw,
b190_heavy_work_r1,MSF,Large (141-200),190,heavy_work,325.6,39,20250406,49,BLK_49C,4,베이35A 수정,8,2025-04-06 15:18:15,2025-04-06 15:37:27,19.2,35A,베이35A,raw,
b190_heavy_work_r1,MSF,Large (141-200),190,heavy_work,325.6,39,20250406,65,BLK_65C,5,판계,1,2025-04-06 10:12:00,2025-04-06 10:36:00,24.0,,공통,raw,
b190_heavy_work_r1,MSF,Large (141-200),190,heavy_work,325.6,39,20250406,65,BLK_65C,5,전면SAW,2,2025-04-06 12:40:37,2025-04-06 13:27:51,47.2,,공통,raw,
b190_heavy_work_r1,MSF,Large (141-200),190,heavy_work,325.6,39,20250406,65,BLK_65C,5,TurnOver,3,2025-04-06 13:27:51,2025-04-06 13:42:15,14.4,,공통,raw,
b190_heavy_work_r1,MSF,Large (141-200),190,heavy_work,325.6,39,20250406,65,BLK_65C,5,후면SAW,4,2025-04-06 14:06:09,2025-04-06 14:42:58,36.8,,공통,raw,
b190_heavy_work_r1,MSF,Large (141-200),190,heavy_work,325.6,39,20250406,65,BLK_65C,5,NC,5,2025-04-06 14:42:58,2025-04-06 15:19:08,36.2,,공통,raw,
b190_heavy_work_r1,MSF,Large (141-200),190,heavy_work,325.6,39,20250406,65,BLK_65C,5,베이36B 론지취부,6,2025-04-06 15:19:08,2025-04-06 16:21:32,62.4,36B,베이36B,raw,
b190_heavy_work_r1,MSF,Large (141-200),190,heavy_work,325.6,39,20250406,65,BLK_65C,5,베이36B 론지용접,7,2025-04-06 16:21:32,2025-04-06 16:45:46,24.2,36B,베이36B,raw,
b190_heavy_work_r1,MSF,Large (141-200),190,heavy_work,325.6,39,20250406,65,BLK_65C,5,베이36B 수정,8,2025-04-06 16:45:46,2025-04-06 17:23:27,37.7,36B,베이36B,raw,
b190_heavy_work_r1,MSF,Large (141-200),190,heavy_work,325.6,39,20250406,69,BLK_69C,6,판계,1,2025-04-06 10:36:00,2025-04-06 11:00:00,24.0,,공통,raw,
b190_heavy_work_r1,MSF,Large (141-200),190,heavy_work,325.6,39,20250406,69,BLK_69C,6,전면SAW,2,2025-04-06 13:27:51,2025-04-06 14:33:35,65.7,,공통,raw,
b190_heavy_work_r1,MSF,Large (141-200),190,heavy_work,325.6,39,20250406,69,BLK_69C,6,TurnOver,3,2025-04-06 14:33:35,2025-04-06 14:47:59,14.4,,공통,raw,
b190_heavy_work_r1,MSF,Large (141-200),190,heavy_work,325.6,39,20250406,69,BLK_69C,6,후면SAW,4,2025-04-06 14:47:59,2025-04-06 15:49:08,61.2,,공통,raw,
b190_heavy_work_r1,MSF,Large (141-200),190,heavy_work,325.6,39,20250406,69,BLK_69C,6,NC,5,2025-04-06 15:49:08,2025-04-06 16:22:42,33.6,,공통,raw,
b190_heavy_work_r1,MSF,Large (141-200),190,heavy_work,325.6,39,20250406,69,BLK_69C,6,베이35A 론지취부,6,2025-04-06 16:22:42,2025-04-06 17:20:54,58.2,35A,베이35A,raw,
b190_heavy_work_r1,MSF,Large (141-200),190,heavy_work,325.6,39,20250406,69,BLK_69C,6,베이35A 론지용접,7,2025-04-06 17:20:54,2025-04-06 17:44:26,23.5,35A,베이35A,raw,
b190_heavy_work_r1,MSF,Large (141-200),190,heavy_work,325.6,39,20250406,69,BLK_69C,6,베이35A 수정,8,2025-04-06 17:44:26,2025-04-06 18:19:28,35.0,35A,베이35A,raw,
b190_heavy_work_r1,MSF,Large (141-200),190,heavy_work,325.6,39,20250406,57,BLK_57C,7,판계,1,2025-04-06 11:00:00,2025-04-06 11:30:00,30.0,,공통,raw,
b190_heavy_work_r1,MSF,Large (141-200),190,heavy_work,325.6,39,20250406,57,BLK_57C,7,전면SAW,2,2025-04-06 14:33:35,2025-04-06 15:11:09,37.6,,공통,raw,
b190_heavy_work_r1,MSF,Large (141-200),190,heavy_work,325.6,39,20250406,57,BLK_57C,7,TurnOver,3,2025-04-06 15:11:09,2025-04-06 15:25:33,14.4,,공통,raw,
b190_heavy_work_r1,MSF,Large (141-200),190,heavy_work,325.6,39,20250406,57,BLK_57C,7,후면SAW,4,2025-04-06 15:49:08,2025-04-06 16:13:13,24.1,,공통,raw,
b190_heavy_work_r1,MSF,Large (141-200),190,heavy_work,325.6,39,20250406,57,BLK_57C,7,NC,5,2025-04-06 16:22:42,2025-04-06 17:04:21,41.6,,공통,raw,
b190_heavy_work_r1,MSF,Large (141-200),190,heavy_work,325.6,39,20250406,57,BLK_57C,7,베이36B 론지취부,6,2025-04-06 17:04:21,2025-04-06 18:23:33,79.2,36B,베이36B,raw,
b190_heavy_work_r1,MSF,Large (141-200),190,heavy_work,325.6,39,20250406,57,BLK_57C,7,베이36B 론지용접,7,2025-04-06 18:23:33,2025-04-06 18:50:40,27.1,36B,베이36B,raw,
b190_heavy_work_r1,MSF,Large (141-200),190,heavy_work,325.6,39,20250406,57,BLK_57C,7,베이36B 수정,8,2025-04-06 18:50:40,2025-04-06 19:38:54,48.2,36B,베이36B,raw,
b190_heavy_work_r1,MSF,Large (141-200),190,heavy_work,325.6,39,20250406,61,BLK_61S,8,판계,1,2025-04-06 11:30:00,2025-04-06 12:00:00,30.0,,공통,raw,
b190_heavy_work_r1,MSF,Large (141-200),190,heavy_work,325.6,39,20250406,61,BLK_61S,8,전면SAW,2,2025-04-06 15:11:09,2025-04-06 16:09:40,58.5,,공통,raw,
b190_heavy_work_r1,MSF,Large (141-200),190,heavy_work,325.6,39,20250406,61,BLK_61S,8,TurnOver,3,2025-04-06 16:09:40,2025-04-06 16:24:04,14.4,,공통,raw,
b190_heavy_work_r1,MSF,Large (141-200),190,heavy_work,325.6,39,20250406,61,BLK_61S,8,후면SAW,4,2025-04-06 16:24:04,2025-04-06 17:15:43,51.6,,공통,raw,
b190_heavy_work_r1,MSF,Large (141-200),190,heavy_work,325.6,39,20250406,61,BLK_61S,8,NC,5,2025-04-06 17:15:43,2025-04-06 17:59:32,43.8,,공통,raw,
b190_heavy_work_r1,MSF,Large (141-200),190,heavy_work,325.6,39,20250406,61,BLK_61S,8,베이35A 론지취부,6,2025-04-06 17:59:32,2025-04-06 19:18:44,79.2,35A,베이35A,raw,
b190_heavy_work_r1,MSF,Large (141-200),190,heavy_work,325.6,39,20250406,61,BLK_61S,8,베이35A 론지용접,7,2025-04-06 19:18:44,2025-04-06 19:45:51,27.1,35A,베이35A,raw,
b190_heavy_work_r1,MSF,Large (141-200),190,heavy_work,325.6,39,20250406,61,BLK_61S,8,베이35A 수정,8,2025-04-06 19:45:51,2025-04-06 20:34:06,48.2,35A,베이35A,raw,
b190_heavy_work_r1,MSF,Large (141-200),190,heavy_work,325.6,39,20250406,104,BLK_104P,9,판계,1,2025-04-06 12:00:00,2025-04-06 12:39:36,39.6,,공통,raw,
b190_heavy_work_r1,MSF,Large (141-200),190,heavy_work,325.6,39,20250406,104,BLK_104P,9,전면SAW,2,2025-04-06 16:09:40,2025-04-06 18:34:55,145.2,,공통,raw,
b190_heavy_work_r1,MSF,Large (141-200),190,heavy_work,325.6,39,20250406,104,BLK_104P,9,TurnOver,3,2025-04-06 18:34:55,2025-04-06 18:49:19,14.4,,공통,raw,
b190_heavy_work_r1,MSF,Large (141-200),190,heavy_work,325.6,39,20250406,104,BLK_104P,9,후면SAW,4,2025-04-06 18:49:19,2025-04-06 20:47:03,117.7,,공통,raw,
b190_heavy_work_r1,MSF,Large (141-200),190,heavy_work,325.6,39,20250406,104,BLK_104P,9,NC,5,2025-04-06 20:47:03,2025-04-06 21:38:23,51.3,,공통,raw,
b190_heavy_work_r1,MSF,Large (141-200),190,heavy_work,325.6,39,20250406,104,BLK_104P,9,베이36B 론지취부,6,2025-04-06 21:38:23,2025-04-06 22:36:35,58.2,36B,베이36B,raw,
b190_heavy_work_r1,MSF,Large (141-200),190,heavy_work,325.6,39,20250406,104,BLK_104P,9,베이36B 론지용접,7,2025-04-06 22:36:35,2025-04-06 23:00:06,23.5,36B,베이36B,raw,
b190_heavy_work_r1,MSF,Large (141-200),190,heavy_work,325.6,39,20250406,104,BLK_104P,9,베이36B 수정,8,2025-04-06 23:00:06,2025-04-06 23:35:08,35.0,36B,베이36B,raw,
b190_heavy_work_r1,MSF,Large (141-200),190,heavy_work,325.6,39,20250406,74,BLK_74C,10,판계,1,2025-04-06 12:39:36,2025-04-06 13:15:36,36.0,,공통,raw,
b190_heavy_work_r1,MSF,Large (141-200),190,heavy_work,325.6,39,20250406,74,BLK_74C,10,전면SAW,2,2025-04-06 18:34:55,2025-04-06 19:10:37,35.7,,공통,raw,
b190_heavy_work_r1,MSF,Large (141-200),190,heavy_work,325.6,39,20250406,74,BLK_74C,10,TurnOver,3,2025-04-06 19:10:37,2025-04-06 19:25:01,14.4,,공통,raw,
b190_heavy_work_r1,MSF,Large (141-200),190,heavy_work,325.6,39,20250406,74,BLK_74C,10,후면SAW,4,2025-04-06 20:47:03,2025-04-06 21:08:41,21.6,,공통,raw,
b190_heavy_work_r1,MSF,Large (141-200),190,heavy_work,325.6,39,20250406,74,BLK_74C,10,NC,5,2025-04-06 21:38:23,2025-04-06 22:29:29,51.1,,공통,raw,
b190_heavy_work_r1,MSF,Large (141-200),190,heavy_work,325.6,39,20250406,74,BLK_74C,10,베이35A 론지취부,6,2025-04-06 22:29:29,2025-04-06 23:40:17,70.8,35A,베이35A,raw,
b190_heavy_work_r1,MSF,Large (141-200),190,heavy_work,325.6,39,20250406,74,BLK_74C,10,베이35A 론지용접,7,2025-04-06 23:40:17,2025-04-07 00:05:58,25.7,35A,베이35A,raw,
b190_heavy_work_r1,MSF,Large (141-200),190,heavy_work,325.6,39,20250406,74,BLK_74C,10,베이35A 수정,8,2025-04-07 00:05:58,2025-04-07 00:48:56,43.0,35A,베이35A,raw,
b190_heavy_work_r1,MSF,Large (141-200),190,heavy_work,325.6,39,20250406,84,BLK_84C,11,판계,1,2025-04-06 13:15:36,2025-04-06 13:51:36,36.0,,공통,raw,
b190_heavy_work_r1,MSF,Large (141-200),190,heavy_work,325.6,39,20250406,84,BLK_84C,11,전면SAW,2,2025-04-06 19:10:37,2025-04-06 19:47:42,37.1,,공통,raw,
b190_heavy_work_r1,MSF,Large (141-200),190,heavy_work,325.6,39,20250406,84,BLK_84C,11,TurnOver,3,2025-04-06 19:47:42,2025-04-06 20:02:06,14.4,,공통,raw,
b190_heavy_work_r1,MSF,Large (141-200),190,heavy_work,325.6,39,20250406,84,BLK_84C,11,후면SAW,4,2025-04-06 21:08:41,2025-04-06 21:32:08,23.4,,공통,raw,
b190_heavy_work_r1,MSF,Large (141-200),190,heavy_work,325.6,39,20250406,84,BLK_84C,11,NC,5,2025-04-06 22:29:29,2025-04-06 23:19:08,49.6,,공통,raw,
b190_heavy_work_r1,MSF,Large (141-200),190,heavy_work,325.6,39,20250406,84,BLK_84C,11,베이36B 론지취부,6,2025-04-06 23:19:08,2025-04-07 01:03:32,104.4,36B,베이36B,raw,
b190_heavy_work_r1,MSF,Large (141-200),190,heavy_work,325.6,39,20250406,84,BLK_84C,11,베이36B 론지용접,7,2025-04-07 01:03:32,2025-04-07 01:34:58,31.4,36B,베이36B,raw,
b190_heavy_work_r1,MSF,Large (141-200),190,heavy_work,325.6,39,20250406,84,BLK_84C,11,베이36B 수정,8,2025-04-07 01:34:58,2025-04-07 02:39:03,64.1,36B,베이36B,raw,
b190_heavy_work_r1,MSF,Large (141-200),190,heavy_work,325.6,39,20250406,116,BLK_116C,12,판계,1,2025-04-06 13:51:36,2025-04-06 14:06:00,14.4,,공통,raw,
b190_heavy_work_r1,MSF,Large (141-200),190,heavy_work,325.6,39,20250406,116,BLK_116C,12,전면SAW,2,2025-04-06 19:47:42,2025-04-06 20:31:35,43.9,,공통,raw,
b190_heavy_work_r1,MSF,Large (141-200),190,heavy_work,325.6,39,20250406,116,BLK_116C,12,TurnOver,3,2025-04-06 20:31:35,2025-04-06 20:45:59,14.4,,공통,raw,
b190_heavy_work_r1,MSF,Large (141-200),190,heavy_work,325.6,39,20250406,116,BLK_116C,12,후면SAW,4,2025-04-06 21:32:08,2025-04-06 22:04:32,32.4,,공통,raw,
b190_heavy_work_r1,MSF,Large (141-200),190,heavy_work,325.6,39,20250406,116,BLK_116C,12,NC,5,2025-04-06 23:19:08,2025-04-06 23:44:24,25.3,,공통,raw,
b190_heavy_work_r1,MSF,Large (141-200),190,heavy_work,325.6,39,20250406,116,BLK_116C,12,베이35A 론지취부,6,2025-04-06 23:44:24,2025-04-07 00:38:24,54.0,35A,베이35A,raw,
b190_heavy_work_r1,MSF,Large (141-200),190,heavy_work,325.6,39,20250406,116,BLK_116C,12,베이35A 론지용접,7,2025-04-07 00:38:24,2025-04-07 01:01:12,22.8,35A,베이35A,raw,
b190_heavy_work_r1,MSF,Large (141-200),190,heavy_work,325.6,39,20250406,116,BLK_116C,12,베이35A 수정,8,2025-04-07 01:01:12,2025-04-07 01:33:36,32.4,35A,베이35A,raw,
b190_heavy_work_r1,MSF,Large (141-200),190,heavy_work,325.6,39,20250407,134,BLK_134S,1,판계,1,2025-04-07 08:00:00,2025-04-07 08:36:00,36.0,,공통,raw,
b190_heavy_work_r1,MSF,Large (141-200),190,heavy_work,325.6,39,20250407,134,BLK_134S,1,전면SAW,2,2025-04-07 08:36:00,2025-04-07 09:09:36,33.6,,공통,raw,
b190_heavy_work_r1,MSF,Large (141-200),190,heavy_work,325.6,39,20250407,134,BLK_134S,1,TurnOver,3,2025-04-07 09:09:36,2025-04-07 09:24:00,14.4,,공통,raw,
b190_heavy_work_r1,MSF,Large (141-200),190,heavy_work,325.6,39,20250407,134,BLK_134S,1,후면SAW,4,2025-04-07 09:24:00,2025-04-07 09:42:53,18.9,,공통,raw,
b190_heavy_work_r1,MSF,Large (141-200),190,heavy_work,325.6,39,20250407,134,BLK_134S,1,NC,5,2025-04-07 09:42:53,2025-04-07 10:38:05,55.2,,공통,raw,
b190_heavy_work_r1,MSF,Large (141-200),190,heavy_work,325.6,39,20250407,134,BLK_134S,1,베이36B 론지취부,6,2025-04-07 10:38:05,2025-04-07 11:57:17,79.2,36B,베이36B,raw,
b190_heavy_work_r1,MSF,Large (141-200),190,heavy_work,325.6,39,20250407,134,BLK_134S,1,베이36B 론지용접,7,2025-04-07 11:57:17,2025-04-07 12:24:24,27.1,36B,베이36B,raw,
b190_heavy_work_r1,MSF,Large (141-200),190,heavy_work,325.6,39,20250407,134,BLK_134S,1,베이36B 수정,8,2025-04-07 12:24:24,2025-04-07 13:12:38,48.2,36B,베이36B,raw,
b190_heavy_work_r1,MSF,Large (141-200),190,heavy_work,325.6,39,20250407,83,BLK_83P,2,판계,1,2025-04-07 08:36:00,2025-04-07 09:08:24,32.4,,공통,raw,
b190_heavy_work_r1,MSF,Large (141-200),190,heavy_work,325.6,39,20250407,83,BLK_83P,2,전면SAW,2,2025-04-07 09:09:36,2025-04-07 12:27:56,198.3,,공통,raw,
b190_heavy_work_r1,MSF,Large (141-200),190,heavy_work,325.6,39,20250407,83,BLK_83P,2,TurnOver,3,2025-04-07 12:27:56,2025-04-07 12:42:20,14.4,,공통,raw,
b190_heavy_work_r1,MSF,Large (141-200),190,heavy_work,325.6,39,20250407,83,BLK_83P,2,후면SAW,4,2025-04-07 12:42:20,2025-04-07 15:09:10,146.8,,공통,raw,
b190_heavy_work_r1,MSF,Large (141-200),190,heavy_work,325.6,39,20250407,83,BLK_83P,2,NC,5,2025-04-07 15:09:10,2025-04-07 15:49:13,40.1,,공통,raw,
b190_heavy_work_r1,MSF,Large (141-200),190,heavy_work,325.6,39,20250407,83,BLK_83P,2,베이35A 론지취부,6,2025-04-07 15:49:13,2025-04-07 17:12:37,83.4,35A,베이35A,raw,
b190_heavy_work_r1,MSF,Large (141-200),190,heavy_work,325.6,39,20250407,83,BLK_83P,2,베이35A 론지용접,7,2025-04-07 17:12:37,2025-04-07 17:40:27,27.8,35A,베이35A,raw,
b190_heavy_work_r1,MSF,Large (141-200),190,heavy_work,325.6,39,20250407,83,BLK_83P,2,베이35A 수정,8,2025-04-07 17:40:27,2025-04-07 18:31:20,50.9,35A,베이35A,raw,
b190_heavy_work_r1,MSF,Large (141-200),190,heavy_work,325.6,39,20250407,14,BLK_14P,3,판계,1,2025-04-07 09:08:24,2025-04-07 09:38:24,30.0,,공통,raw,
b190_heavy_work_r1,MSF,Large (141-200),190,heavy_work,325.6,39,20250407,14,BLK_14P,3,전면SAW,2,2025-04-07 12:27:56,2025-04-07 13:02:11,34.2,,공통,raw,
b190_heavy_work_r1,MSF,Large (141-200),190,heavy_work,325.6,39,20250407,14,BLK_14P,3,TurnOver,3,2025-04-07 13:02:11,2025-04-07 13:16:35,14.4,,공통,raw,
b190_heavy_work_r1,MSF,Large (141-200),190,heavy_work,325.6,39,20250407,14,BLK_14P,3,후면SAW,4,2025-04-07 15:09:10,2025-04-07 15:28:53,19.7,,공통,raw,
b190_heavy_work_r1,MSF,Large (141-200),190,heavy_work,325.6,39,20250407,14,BLK_14P,3,NC,5,2025-04-07 15:49:13,2025-04-07 16:26:12,37.0,,공통,raw,
b190_heavy_work_r1,MSF,Large (141-200),190,heavy_work,325.6,39,20250407,14,BLK_14P,3,베이36B 론지취부,6,2025-04-07 16:26:12,2025-04-07 17:03:24,37.2,36B,베이36B,raw,
b190_heavy_work_r1,MSF,Large (141-200),190,heavy_work,325.6,39,20250407,14,BLK_14P,3,베이36B 론지용접,7,2025-04-07 17:03:24,2025-04-07 17:18:31,15.1,36B,베이36B,raw,
b190_heavy_work_r1,MSF,Large (141-200),190,heavy_work,325.6,39,20250407,14,BLK_14P,3,베이36B 수정,8,2025-04-07 17:18:31,2025-04-07 17:40:22,21.8,36B,베이36B,raw,
b190_heavy_work_r1,MSF,Large (141-200),190,heavy_work,325.6,39,20250407,6,BLK_6C,4,판계,1,2025-04-07 09:38:24,2025-04-07 10:12:00,33.6,,공통,raw,
b190_heavy_work_r1,MSF,Large (141-200),190,heavy_work,325.6,39,20250407,6,BLK_6C,4,전면SAW,2,2025-04-07 13:02:11,2025-04-07 15:17:57,135.8,,공통,raw,
b190_heavy_work_r1,MSF,Large (141-200),190,heavy_work,325.6,39,20250407,6,BLK_6C,4,TurnOver,3,2025-04-07 15:17:57,2025-04-07 15:32:21,14.4,,공통,raw,
b190_heavy_work_r1,MSF,Large (141-200),190,heavy_work,325.6,39,20250407,6,BLK_6C,4,후면SAW,4,2025-04-07 15:32:21,2025-04-07 17:21:27,109.1,,공통,raw,
b190_heavy_work_r1,MSF,Large (141-200),190,heavy_work,325.6,39,20250407,6,BLK_6C,4,NC,5,2025-04-07 17:21:27,2025-04-07 18:03:42,42.3,,공통,raw,
b190_heavy_work_r1,MSF,Large (141-200),190,heavy_work,325.6,39,20250407,6,BLK_6C,4,베이35A 론지취부,6,2025-04-07 18:03:42,2025-04-07 18:57:42,54.0,35A,베이35A,raw,
b190_heavy_work_r1,MSF,Large (141-200),190,heavy_work,325.6,39,20250407,6,BLK_6C,4,베이35A 론지용접,7,2025-04-07 18:57:42,2025-04-07 19:20:30,22.8,35A,베이35A,raw,
b190_heavy_work_r1,MSF,Large (141-200),190,heavy_work,325.6,39,20250407,6,BLK_6C,4,베이35A 수정,8,2025-04-07 19:20:30,2025-04-07 19:52:54,32.4,35A,베이35A,raw,
b190_heavy_work_r1,MSF,Large (141-200),190,heavy_work,325.6,39,20250407,73,BLK_73C,5,판계,1,2025-04-07 10:12:00,2025-04-07 11:00:00,48.0,,공통,raw,
b190_heavy_work_r1,MSF,Large (141-200),190,heavy_work,325.6,39,20250407,73,BLK_73C,5,전면SAW,2,2025-04-07 15:17:57,2025-04-07 18:12:48,174.8,,공통,raw,
b190_heavy_work_r1,MSF,Large (141-200),190,heavy_work,325.6,39,20250407,73,BLK_73C,5,TurnOver,3,2025-04-07 18:12:48,2025-04-07 18:27:12,14.4,,공통,raw,
b190_heavy_work_r1,MSF,Large (141-200),190,heavy_work,325.6,39,20250407,73,BLK_73C,5,후면SAW,4,2025-04-07 18:27:12,2025-04-07 20:32:22,125.2,,공통,raw,
b190_heavy_work_r1,MSF,Large (141-200),190,heavy_work,325.6,39,20250407,73,BLK_73C,5,NC,5,2025-04-07 20:32:22,2025-04-07 21:30:44,58.4,,공통,raw,
b190_heavy_work_r1,MSF,Large (141-200),190,heavy_work,325.6,39,20250407,73,BLK_73C,5,베이36B 론지취부,6,2025-04-07 21:30:44,2025-04-07 23:02:32,91.8,36B,베이36B,raw,
b190_heavy_work_r1,MSF,Large (141-200),190,heavy_work,325.6,39,20250407,73,BLK_73C,5,베이36B 론지용접,7,2025-04-07 23:02:32,2025-04-07 23:31:49,29.3,36B,베이36B,raw,
b190_heavy_work_r1,MSF,Large (141-200),190,heavy_work,325.6,39,20250407,73,BLK_73C,5,베이36B 수정,8,2025-04-07 23:31:49,2025-04-08 00:27:59,56.2,36B,베이36B,raw,
b190_heavy_work_r1,MSF,Large (141-200),190,heavy_work,325.6,39,20250407,93,BLK_93S,6,판계,1,2025-04-07 11:00:00,2025-04-07 11:39:36,39.6,,공통,raw,
b190_heavy_work_r1,MSF,Large (141-200),190,heavy_work,325.6,39,20250407,93,BLK_93S,6,전면SAW,2,2025-04-07 18:12:48,2025-04-07 20:44:23,151.6,,공통,raw,
b190_heavy_work_r1,MSF,Large (141-200),190,heavy_work,325.6,39,20250407,93,BLK_93S,6,TurnOver,3,2025-04-07 20:44:23,2025-04-07 20:58:47,14.4,,공통,raw,
b190_heavy_work_r1,MSF,Large (141-200),190,heavy_work,325.6,39,20250407,93,BLK_93S,6,후면SAW,4,2025-04-07 20:58:47,2025-04-07 23:02:18,123.5,,공통,raw,
b190_heavy_work_r1,MSF,Large (141-200),190,heavy_work,325.6,39,20250407,93,BLK_93S,6,NC,5,2025-04-07 23:02:18,2025-04-07 23:54:41,52.4,,공통,raw,
b190_heavy_work_r1,MSF,Large (141-200),190,heavy_work,325.6,39,20250407,93,BLK_93S,6,베이35A 론지취부,6,2025-04-07 23:54:41,2025-04-08 01:34:53,100.2,35A,베이35A,raw,
b190_heavy_work_r1,MSF,Large (141-200),190,heavy_work,325.6,39,20250407,93,BLK_93S,6,베이35A 론지용접,7,2025-04-08 01:34:53,2025-04-08 02:05:36,30.7,35A,베이35A,raw,
b190_heavy_work_r1,MSF,Large (141-200),190,heavy_work,325.6,39,20250407,93,BLK_93S,6,베이35A 수정,8,2025-04-08 02:05:36,2025-04-08 03:07:03,61.4,35A,베이35A,raw,
b190_heavy_work_r1,MSF,Large (141-200),190,heavy_work,325.6,39,20250407,143,BLK_143P,7,판계,1,2025-04-07 11:39:36,2025-04-07 12:09:36,30.0,,공통,raw,
b190_heavy_work_r1,MSF,Large (141-200),190,heavy_work,325.6,39,20250407,143,BLK_143P,7,전면SAW,2,2025-04-07 20:44:23,2025-04-07 21:28:15,43.9,,공통,raw,
b190_heavy_work_r1,MSF,Large (141-200),190,heavy_work,325.6,39,20250407,143,BLK_143P,7,TurnOver,3,2025-04-07 21:28:15,2025-04-07 21:42:39,14.4,,공통,raw,
b190_heavy_work_r1,MSF,Large (141-200),190,heavy_work,325.6,39,20250407,143,BLK_143P,7,후면SAW,4,2025-04-07 23:02:18,2025-04-07 23:34:41,32.4,,공통,raw,
b190_heavy_work_r1,MSF,Large (141-200),190,heavy_work,325.6,39,20250407,143,BLK_143P,7,NC,5,2025-04-07 23:54:41,2025-04-08 00:39:09,44.5,,공통,raw,
b190_heavy_work_r1,MSF,Large (141-200),190,heavy_work,325.6,39,20250407,143,BLK_143P,7,베이36B 론지취부,6,2025-04-08 00:39:09,2025-04-08 02:02:33,83.4,36B,베이36B,raw,
b190_heavy_work_r1,MSF,Large (141-200),190,heavy_work,325.6,39,20250407,143,BLK_143P,7,베이36B 론지용접,7,2025-04-08 02:02:33,2025-04-08 02:30:23,27.8,36B,베이36B,raw,
b190_heavy_work_r1,MSF,Large (141-200),190,heavy_work,325.6,39,20250407,143,BLK_143P,7,베이36B 수정,8,2025-04-08 02:30:23,2025-04-08 03:21:16,50.9,36B,베이36B,raw,
b190_heavy_work_r1,MSF,Large (141-200),190,heavy_work,325.6,39,20250407,75,BLK_75C,8,판계,1,2025-04-07 12:09:36,2025-04-07 12:55:12,45.6,,공통,raw,
b190_heavy_work_r1,MSF,Large (141-200),190,heavy_work,325.6,39,20250407,75,BLK_75C,8,전면SAW,2,2025-04-07 21:28:15,2025-04-08 00:00:31,152.3,,공통,raw,
b190_heavy_work_r1,MSF,Large (141-200),190,heavy_work,325.6,39,20250407,75,BLK_75C,8,TurnOver,3,2025-04-08 00:00:31,2025-04-08 00:14:55,14.4,,공통,raw,
b190_heavy_work_r1,MSF,Large (141-200),190,heavy_work,325.6,39,20250407,75,BLK_75C,8,후면SAW,4,2025-04-08 00:14:55,2025-04-08 02:19:04,124.2,,공통,raw,
b190_heavy_work_r1,MSF,Large (141-200),190,heavy_work,325.6,39,20250407,75,BLK_75C,8,NC,5,2025-04-08 02:19:04,2025-04-08 03:17:09,58.1,,공통,raw,
b190_heavy_work_r1,MSF,Large (141-200),190,heavy_work,325.6,39,20250407,75,BLK_75C,8,베이35A 론지취부,6,2025-04-08 03:17:09,2025-04-08 04:32:09,75.0,35A,베이35A,raw,
b190_heavy_work_r1,MSF,Large (141-200),190,heavy_work,325.6,39,20250407,75,BLK_75C,8,베이35A 론지용접,7,2025-04-08 04:32:09,2025-04-08 04:58:33,26.4,35A,베이35A,raw,
b190_heavy_work_r1,MSF,Large (141-200),190,heavy_work,325.6,39,20250407,75,BLK_75C,8,베이35A 수정,8,2025-04-08 04:58:33,2025-04-08 05:44:09,45.6,35A,베이35A,raw,
b190_heavy_work_r1,MSF,Large (141-200),190,heavy_work,325.6,39,20250407,105,BLK_105S,9,판계,1,2025-04-07 12:55:12,2025-04-07 13:31:12,36.0,,공통,raw,
b190_heavy_work_r1,MSF,Large (141-200),190,heavy_work,325.6,39,20250407,105,BLK_105S,9,전면SAW,2,2025-04-08 00:00:31,2025-04-08 00:45:18,44.8,,공통,raw,
b190_heavy_work_r1,MSF,Large (141-200),190,heavy_work,325.6,39,20250407,105,BLK_105S,9,TurnOver,3,2025-04-08 00:45:18,2025-04-08 00:59:42,14.4,,공통,raw,
b190_heavy_work_r1,MSF,Large (141-200),190,heavy_work,325.6,39,20250407,105,BLK_105S,9,후면SAW,4,2025-04-08 02:19:04,2025-04-08 02:52:39,33.6,,공통,raw,
b190_heavy_work_r1,MSF,Large (141-200),190,heavy_work,325.6,39,20250407,105,BLK_105S,9,NC,5,2025-04-08 03:17:09,2025-04-08 04:03:25,46.3,,공통,raw,
b190_heavy_work_r1,MSF,Large (141-200),190,heavy_work,325.6,39,20250407,105,BLK_105S,9,베이36B 론지취부,6,2025-04-08 04:03:25,2025-04-08 05:01:37,58.2,36B,베이36B,raw,
b190_heavy_work_r1,MSF,Large (141-200),190,heavy_work,325.6,39,20250407,105,BLK_105S,9,베이36B 론지용접,7,2025-04-08 05:01:37,2025-04-08 05:25:09,23.5,36B,베이36B,raw,
b190_heavy_work_r1,MSF,Large (141-200),190,heavy_work,325.6,39,20250407,105,BLK_105S,9,베이36B 수정,8,2025-04-08 05:25:09,2025-04-08 06:00:11,35.0,36B,베이36B,raw,
b190_heavy_work_r1,MSF,Large (141-200),190,heavy_work,325.6,39,20250407,85,BLK_85S,10,판계,1,2025-04-07 13:31:12,2025-04-07 14:07:12,36.0,,공통,raw,
b190_heavy_work_r1,MSF,Large (141-200),190,heavy_work,325.6,39,20250407,85,BLK_85S,10,전면SAW,2,2025-04-08 00:45:18,2025-04-08 02:29:18,104.0,,공통,raw,
b190_heavy_work_r1,MSF,Large (141-200),190,heavy_work,325.6,39,20250407,85,BLK_85S,10,TurnOver,3,2025-04-08 02:29:18,2025-04-08 02:43:42,14.4,,공통,raw,
b190_heavy_work_r1,MSF,Large (141-200),190,heavy_work,325.6,39,20250407,85,BLK_85S,10,후면SAW,4,2025-04-08 02:52:39,2025-04-08 04:12:48,80.1,,공통,raw,
b190_heavy_work_r1,MSF,Large (141-200),190,heavy_work,325.6,39,20250407,85,BLK_85S,10,NC,5,2025-04-08 04:12:48,2025-04-08 05:14:54,62.1,,공통,raw,
b190_heavy_work_r1,MSF,Large (141-200),190,heavy_work,325.6,39,20250407,85,BLK_85S,10,베이35A 론지취부,6,2025-04-08 05:14:54,2025-04-08 06:59:18,104.4,35A,베이35A,raw,
b190_heavy_work_r1,MSF,Large (141-200),190,heavy_work,325.6,39,20250407,85,BLK_85S,10,베이35A 론지용접,7,2025-04-08 06:59:18,2025-04-08 07:30:44,31.4,35A,베이35A,raw,
b190_heavy_work_r1,MSF,Large (141-200),190,heavy_work,325.6,39,20250407,85,BLK_85S,10,베이35A 수정,8,2025-04-08 07:30:44,2025-04-08 08:34:49,64.1,35A,베이35A,raw,
b190_heavy_work_r1,MSF,Large (141-200),190,heavy_work,325.6,39,20250407,2,BLK_2C,11,판계,1,2025-04-07 14:07:12,2025-04-07 14:43:12,36.0,,공통,raw,
b190_heavy_work_r1,MSF,Large (141-200),190,heavy_work,325.6,39,20250407,2,BLK_2C,11,전면SAW,2,2025-04-08 02:29:18,2025-04-08 03:05:24,36.1,,공통,raw,
b190_heavy_work_r1,MSF,Large (141-200),190,heavy_work,325.6,39,20250407,2,BLK_2C,11,TurnOver,3,2025-04-08 03:05:24,2025-04-08 03:19:48,14.4,,공통,raw,
b190_heavy_work_r1,MSF,Large (141-200),190,heavy_work,325.6,39,20250407,2,BLK_2C,11,후면SAW,4,2025-04-08 04:12:48,2025-04-08 04:34:56,22.1,,공통,raw,
b190_heavy_work_r1,MSF,Large (141-200),190,heavy_work,325.6,39,20250407,2,BLK_2C,11,NC,5,2025-04-08 05:14:54,2025-04-08 06:03:14,48.3,,공통,raw,
b190_heavy_work_r1,MSF,Large (141-200),190,heavy_work,325.6,39,20250407,2,BLK_2C,11,베이36B 론지취부,6,2025-04-08 06:03:14,2025-04-08 07:30:50,87.6,36B,베이36B,raw,
b190_heavy_work_r1,MSF,Large (141-200),190,heavy_work,325.6,39,20250407,2,BLK_2C,11,베이36B 론지용접,7,2025-04-08 07:30:50,2025-04-08 07:59:24,28.6,36B,베이36B,raw,
b190_heavy_work_r1,MSF,Large (141-200),190,heavy_work,325.6,39,20250407,2,BLK_2C,11,베이36B 수정,8,2025-04-08 07:59:24,2025-04-08 08:52:55,53.5,36B,베이36B,raw,
b190_heavy_work_r1,MSF,Large (141-200),190,heavy_work,325.6,39,20250407,10,BLK_10C,12,판계,1,2025-04-07 14:43:12,2025-04-07 15:37:12,54.0,,공통,raw,
b190_heavy_work_r1,MSF,Large (141-200),190,heavy_work,325.6,39,20250407,10,BLK_10C,12,전면SAW,2,2025-04-08 03:05:24,2025-04-08 05:19:06,133.7,,공통,raw,
b190_heavy_work_r1,MSF,Large (141-200),190,heavy_work,325.6,39,20250407,10,BLK_10C,12,TurnOver,3,2025-04-08 05:19:06,2025-04-08 05:33:30,14.4,,공통,raw,
b190_heavy_work_r1,MSF,Large (141-200),190,heavy_work,325.6,39,20250407,10,BLK_10C,12,후면SAW,4,2025-04-08 05:33:30,2025-04-08 07:08:35,95.1,,공통,raw,
b190_heavy_work_r1,MSF,Large (141-200),190,heavy_work,325.6,39,20250407,10,BLK_10C,12,NC,5,2025-04-08 07:08:35,2025-04-08 08:05:46,57.2,,공통,raw,
b190_heavy_work_r1,MSF,Large (141-200),190,heavy_work,325.6,39,20250407,10,BLK_10C,12,베이35A 론지취부,6,2025-04-08 08:05:46,2025-04-08 09:03:58,58.2,35A,베이35A,raw,
b190_heavy_work_r1,MSF,Large (141-200),190,heavy_work,325.6,39,20250407,10,BLK_10C,12,베이35A 론지용접,7,2025-04-08 09:03:58,2025-04-08 09:27:29,23.5,35A,베이35A,raw,
b190_heavy_work_r1,MSF,Large (141-200),190,heavy_work,325.6,39,20250407,10,BLK_10C,12,베이35A 수정,8,2025-04-08 09:27:29,2025-04-08 10:02:31,35.0,35A,베이35A,raw,
b190_heavy_work_r1,MSF,Large (141-200),190,heavy_work,325.6,39,20250407,113,BLK_113P,13,판계,1,2025-04-07 15:37:12,2025-04-07 16:13:12,36.0,,공통,raw,
b190_heavy_work_r1,MSF,Large (141-200),190,heavy_work,325.6,39,20250407,113,BLK_113P,13,전면SAW,2,2025-04-08 05:19:06,2025-04-08 05:54:00,34.9,,공통,raw,
b190_heavy_work_r1,MSF,Large (141-200),190,heavy_work,325.6,39,20250407,113,BLK_113P,13,TurnOver,3,2025-04-08 05:54:00,2025-04-08 06:08:24,14.4,,공통,raw,
b190_heavy_work_r1,MSF,Large (141-200),190,heavy_work,325.6,39,20250407,113,BLK_113P,13,후면SAW,4,2025-04-08 07:08:35,2025-04-08 07:29:10,20.6,,공통,raw,
b190_heavy_work_r1,MSF,Large (141-200),190,heavy_work,325.6,39,20250407,113,BLK_113P,13,NC,5,2025-04-08 08:05:46,2025-04-08 09:03:07,57.4,,공통,raw,
b190_heavy_work_r1,MSF,Large (141-200),190,heavy_work,325.6,39,20250407,113,BLK_113P,13,베이36B 론지취부,6,2025-04-08 09:03:07,2025-04-08 10:39:07,96.0,36B,베이36B,raw,
b190_heavy_work_r1,MSF,Large (141-200),190,heavy_work,325.6,39,20250407,113,BLK_113P,13,베이36B 론지용접,7,2025-04-08 10:39:07,2025-04-08 11:09:07,30.0,36B,베이36B,raw,
b190_heavy_work_r1,MSF,Large (141-200),190,heavy_work,325.6,39,20250407,113,BLK_113P,13,베이36B 수정,8,2025-04-08 11:09:07,2025-04-08 12:07:55,58.8,36B,베이36B,raw,
b190_heavy_work_r1,MSF,Large (141-200),190,heavy_work,325.6,39,20250407,7,BLK_7C,14,판계,1,2025-04-07 16:13:12,2025-04-07 16:45:36,32.4,,공통,raw,
b190_heavy_work_r1,MSF,Large (141-200),190,heavy_work,325.6,39,20250407,7,BLK_7C,14,전면SAW,2,2025-04-08 05:54:00,2025-04-08 07:16:23,82.4,,공통,raw,
b190_heavy_work_r1,MSF,Large (141-200),190,heavy_work,325.6,39,20250407,7,BLK_7C,14,TurnOver,3,2025-04-08 07:16:23,2025-04-08 07:30:47,14.4,,공통,raw,
b190_heavy_work_r1,MSF,Large (141-200),190,heavy_work,325.6,39,20250407,7,BLK_7C,14,후면SAW,4,2025-04-08 07:30:47,2025-04-08 08:24:48,54.0,,공통,raw,
b190_heavy_work_r1,MSF,Large (141-200),190,heavy_work,325.6,39,20250407,7,BLK_7C,14,NC,5,2025-04-08 09:03:07,2025-04-08 09:37:50,34.7,,공통,raw,
b190_heavy_work_r1,MSF,Large (141-200),190,heavy_work,325.6,39,20250407,7,BLK_7C,14,베이35A 론지취부,6,2025-04-08 09:37:50,2025-04-08 10:15:02,37.2,35A,베이35A,raw,
b190_heavy_work_r1,MSF,Large (141-200),190,heavy_work,325.6,39,20250407,7,BLK_7C,14,베이35A 론지용접,7,2025-04-08 10:15:02,2025-04-08 10:30:10,15.1,35A,베이35A,raw,
b190_heavy_work_r1,MSF,Large (141-200),190,heavy_work,325.6,39,20250407,7,BLK_7C,14,베이35A 수정,8,2025-04-08 10:30:10,2025-04-08 10:52:00,21.8,35A,베이35A,raw,
b190_heavy_work_r1,MSF,Large (141-200),190,heavy_work,325.6,39,20250407,135,BLK_135S,15,판계,1,2025-04-07 16:45:36,2025-04-07 17:09:36,24.0,,공통,raw,
b190_heavy_work_r1,MSF,Large (141-200),190,heavy_work,325.6,39,20250407,135,BLK_135S,15,전면SAW,2,2025-04-08 07:16:23,2025-04-08 07:59:34,43.2,,공통,raw,
b190_heavy_work_r1,MSF,Large (141-200),190,heavy_work,325.6,39,20250407,135,BLK_135S,15,TurnOver,3,2025-04-08 07:59:34,2025-04-08 08:13:58,14.4,,공통,raw,
b190_heavy_work_r1,MSF,Large (141-200),190,heavy_work,325.6,39,20250407,135,BLK_135S,15,후면SAW,4,2025-04-08 08:24:48,2025-04-08 08:56:16,31.5,,공통,raw,
b190_heavy_work_r1,MSF,Large (141-200),190,heavy_work,325.6,39,20250407,135,BLK_135S,15,NC,5,2025-04-08 09:37:50,2025-04-08 10:11:57,34.1,,공통,raw,
b190_heavy_work_r1,MSF,Large (141-200),190,heavy_work,325.6,39,20250407,135,BLK_135S,15,베이36B 론지취부,6,2025-04-08 10:39:07,2025-04-08 11:33:07,54.0,36B,베이36B,raw,
b190_heavy_work_r1,MSF,Large (141-200),190,heavy_work,325.6,39,20250407,135,BLK_135S,15,베이36B 론지용접,7,2025-04-08 11:33:07,2025-04-08 11:55:55,22.8,36B,베이36B,raw,
b190_heavy_work_r1,MSF,Large (141-200),190,heavy_work,325.6,39,20250407,135,BLK_135S,15,베이36B 수정,8,2025-04-08 12:07:55,2025-04-08 12:40:19,32.4,36B,베이36B,raw,
b190_heavy_work_r1,MSF,Large (141-200),190,heavy_work,325.6,39,20250407,15,BLK_15P,16,판계,1,2025-04-07 17:09:36,2025-04-07 17:33:36,24.0,,공통,raw,
b190_heavy_work_r1,MSF,Large (141-200),190,heavy_work,325.6,39,20250407,15,BLK_15P,16,전면SAW,2,2025-04-08 07:59:34,2025-04-08 10:40:14,160.7,,공통,raw,
b190_heavy_work_r1,MSF,Large (141-200),190,heavy_work,325.6,39,20250407,15,BLK_15P,16,TurnOver,3,2025-04-08 10:40:14,2025-04-08 10:54:38,14.4,,공통,raw,
b190_heavy_work_r1,MSF,Large (141-200),190,heavy_work,325.6,39,20250407,15,BLK_15P,16,후면SAW,4,2025-04-08 10:54:38,2025-04-08 13:06:25,131.8,,공통,raw,
b190_heavy_work_r1,MSF,Large (141-200),190,heavy_work,325.6,39,20250407,15,BLK_15P,16,NC,5,2025-04-08 13:06:25,2025-04-08 13:38:55,32.5,,공통,raw,
b190_heavy_work_r1,MSF,Large (141-200),190,heavy_work,325.6,39,20250407,15,BLK_15P,16,베이35A 론지취부,6,2025-04-08 13:38:55,2025-04-08 14:37:07,58.2,35A,베이35A,raw,
b190_heavy_work_r1,MSF,Large (141-200),190,heavy_work,325.6,39,20250407,15,BLK_15P,16,베이35A 론지용접,7,2025-04-08 14:37:07,2025-04-08 15:00:38,23.5,35A,베이35A,raw,
b190_heavy_work_r1,MSF,Large (141-200),190,heavy_work,325.6,39,20250407,15,BLK_15P,16,베이35A 수정,8,2025-04-08 15:00:38,2025-04-08 15:35:41,35.0,35A,베이35A,raw,
b190_heavy_work_r1,MSF,Large (141-200),190,heavy_work,325.6,39,20250407,145,BLK_145P,17,판계,1,2025-04-07 17:33:36,2025-04-07 17:57:36,24.0,,공통,raw,
b190_heavy_work_r1,MSF,Large (141-200),190,heavy_work,325.6,39,20250407,145,BLK_145P,17,전면SAW,2,2025-04-08 10:40:14,2025-04-08 11:16:42,36.5,,공통,raw,
b190_heavy_work_r1,MSF,Large (141-200),190,heavy_work,325.6,39,20250407,145,BLK_145P,17,TurnOver,3,2025-04-08 11:16:42,2025-04-08 11:31:06,14.4,,공통,raw,
b190_heavy_work_r1,MSF,Large (141-200),190,heavy_work,325.6,39,20250407,145,BLK_145P,17,후면SAW,4,2025-04-08 13:06:25,2025-04-08 13:29:03,22.6,,공통,raw,
b190_heavy_work_r1,MSF,Large (141-200),190,heavy_work,325.6,39,20250407,145,BLK_145P,17,NC,5,2025-04-08 13:38:55,2025-04-08 14:09:48,30.9,,공통,raw,
b190_heavy_work_r1,MSF,Large (141-200),190,heavy_work,325.6,39,20250407,145,BLK_145P,17,베이36B 론지취부,6,2025-04-08 14:09:48,2025-04-08 14:42:48,33.0,36B,베이36B,raw,
b190_heavy_work_r1,MSF,Large (141-200),190,heavy_work,325.6,39,20250407,145,BLK_145P,17,베이36B 론지용접,7,2025-04-08 14:42:48,2025-04-08 14:57:12,14.4,36B,베이36B,raw,
b190_heavy_work_r1,MSF,Large (141-200),190,heavy_work,325.6,39,20250407,145,BLK_145P,17,베이36B 수정,8,2025-04-08 14:57:12,2025-04-08 15:16:24,19.2,36B,베이36B,raw,
b190_heavy_work_r1,MSF,Large (141-200),190,heavy_work,325.6,39,20250407,115,BLK_115C,18,판계,1,2025-04-07 17:57:36,2025-04-07 18:21:36,24.0,,공통,raw,
b190_heavy_work_r1,MSF,Large (141-200),190,heavy_work,325.6,39,20250407,115,BLK_115C,18,전면SAW,2,2025-04-08 11:16:42,2025-04-08 14:12:23,175.7,,공통,raw,
b190_heavy_work_r1,MSF,Large (141-200),190,heavy_work,325.6,39,20250407,115,BLK_115C,18,TurnOver,3,2025-04-08 14:12:23,2025-04-08 14:26:47,14.4,,공통,raw,
b190_heavy_work_r1,MSF,Large (141-200),190,heavy_work,325.6,39,20250407,115,BLK_115C,18,후면SAW,4,2025-04-08 14:26:47,2025-04-08 17:30:04,183.3,,공통,raw,
b190_heavy_work_r1,MSF,Large (141-200),190,heavy_work,325.6,39,20250407,115,BLK_115C,18,NC,5,2025-04-08 17:30:04,2025-04-08 18:04:45,34.7,,공통,raw,
b190_heavy_work_r1,MSF,Large (141-200),190,heavy_work,325.6,39,20250407,115,BLK_115C,18,베이35A 론지취부,6,2025-04-08 18:04:45,2025-04-08 19:07:09,62.4,35A,베이35A,raw,
b190_heavy_work_r1,MSF,Large (141-200),190,heavy_work,325.6,39,20250407,115,BLK_115C,18,베이35A 론지용접,7,2025-04-08 19:07:09,2025-04-08 19:31:24,24.2,35A,베이35A,raw,
b190_heavy_work_r1,MSF,Large (141-200),190,heavy_work,325.6,39,20250407,115,BLK_115C,18,베이35A 수정,8,2025-04-08 19:31:24,2025-04-08 20:09:05,37.7,35A,베이35A,raw,
b190_heavy_work_r1,MSF,Large (141-200),190,heavy_work,325.6,39,20250408,163,BLK_163S,1,판계,1,2025-04-08 08:00:00,2025-04-08 08:24:00,24.0,,공통,raw,
b190_heavy_work_r1,MSF,Large (141-200),190,heavy_work,325.6,39,20250408,163,BLK_163S,1,전면SAW,2,2025-04-08 14:12:23,2025-04-08 14:56:03,43.7,,공통,raw,
b190_heavy_work_r1,MSF,Large (141-200),190,heavy_work,325.6,39,20250408,163,BLK_163S,1,TurnOver,3,2025-04-08 14:56:03,2025-04-08 15:10:27,14.4,,공통,raw,
b190_heavy_work_r1,MSF,Large (141-200),190,heavy_work,325.6,39,20250408,163,BLK_163S,1,후면SAW,4,2025-04-08 17:30:04,2025-04-08 18:02:09,32.1,,공통,raw,
b190_heavy_work_r1,MSF,Large (141-200),190,heavy_work,325.6,39,20250408,163,BLK_163S,1,NC,5,2025-04-08 18:04:45,2025-04-08 18:40:37,35.9,,공통,raw,
b190_heavy_work_r1,MSF,Large (141-200),190,heavy_work,325.6,39,20250408,163,BLK_163S,1,베이36B 론지취부,6,2025-04-08 18:40:37,2025-04-08 19:59:49,79.2,36B,베이36B,raw,
b190_heavy_work_r1,MSF,Large (141-200),190,heavy_work,325.6,39,20250408,163,BLK_163S,1,베이36B 론지용접,7,2025-04-08 19:59:49,2025-04-08 20:26:57,27.1,36B,베이36B,raw,
b190_heavy_work_r1,MSF,Large (141-200),190,heavy_work,325.6,39,20250408,163,BLK_163S,1,베이36B 수정,8,2025-04-08 20:26:57,2025-04-08 21:15:11,48.2,36B,베이36B,raw,
b190_heavy_work_r1,MSF,Large (141-200),190,heavy_work,325.6,39,20250408,95,BLK_95P,2,판계,1,2025-04-08 08:24:00,2025-04-08 08:56:24,32.4,,공통,raw,
b190_heavy_work_r1,MSF,Large (141-200),190,heavy_work,325.6,39,20250408,95,BLK_95P,2,전면SAW,2,2025-04-08 14:56:03,2025-04-08 18:44:03,228.0,,공통,raw,
b190_heavy_work_r1,MSF,Large (141-200),190,heavy_work,325.6,39,20250408,95,BLK_95P,2,TurnOver,3,2025-04-08 18:44:03,2025-04-08 18:58:27,14.4,,공통,raw,
b190_heavy_work_r1,MSF,Large (141-200),190,heavy_work,325.6,39,20250408,95,BLK_95P,2,후면SAW,4,2025-04-08 18:58:27,2025-04-08 21:51:02,172.6,,공통,raw,
b190_heavy_work_r1,MSF,Large (141-200),190,heavy_work,325.6,39,20250408,95,BLK_95P,2,NC,5,2025-04-08 21:51:02,2025-04-08 22:32:44,41.7,,공통,raw,
b190_heavy_work_r1,MSF,Large (141-200),190,heavy_work,325.6,39,20250408,95,BLK_95P,2,베이35A 론지취부,6,2025-04-08 22:32:44,2025-04-08 23:43:32,70.8,35A,베이35A,raw,
b190_heavy_work_r1,MSF,Large (141-200),190,heavy_work,325.6,39,20250408,95,BLK_95P,2,베이35A 론지용접,7,2025-04-08 23:43:32,2025-04-09 00:09:13,25.7,35A,베이35A,raw,
b190_heavy_work_r1,MSF,Large (141-200),190,heavy_work,325.6,39,20250408,95,BLK_95P,2,베이35A 수정,8,2025-04-09 00:09:13,2025-04-09 00:52:11,43.0,35A,베이35A,raw,
b190_heavy_work_r1,MSF,Large (141-200),190,heavy_work,325.6,39,20250408,8,BLK_8C,3,판계,1,2025-04-08 08:56:24,2025-04-08 09:26:24,30.0,,공통,raw,
b190_heavy_work_r1,MSF,Large (141-200),190,heavy_work,325.6,39,20250408,8,BLK_8C,3,전면SAW,2,2025-04-08 18:44:03,2025-04-08 19:28:22,44.3,,공통,raw,
b190_heavy_work_r1,MSF,Large (141-200),190,heavy_work,325.6,39,20250408,8,BLK_8C,3,TurnOver,3,2025-04-08 19:28:22,2025-04-08 19:42:46,14.4,,공통,raw,
b190_heavy_work_r1,MSF,Large (141-200),190,heavy_work,325.6,39,20250408,8,BLK_8C,3,후면SAW,4,2025-04-08 21:51:02,2025-04-08 22:24:00,33.0,,공통,raw,
b190_heavy_work_r1,MSF,Large (141-200),190,heavy_work,325.6,39,20250408,8,BLK_8C,3,NC,5,2025-04-08 22:32:44,2025-04-08 23:19:36,46.9,,공통,raw,
b190_heavy_work_r1,MSF,Large (141-200),190,heavy_work,325.6,39,20250408,8,BLK_8C,3,베이36B 론지취부,6,2025-04-08 23:19:36,2025-04-09 00:59:48,100.2,36B,베이36B,raw,
b190_heavy_work_r1,MSF,Large (141-200),190,heavy_work,325.6,39,20250408,8,BLK_8C,3,베이36B 론지용접,7,2025-04-09 00:59:48,2025-04-09 01:30:31,30.7,36B,베이36B,raw,
b190_heavy_work_r1,MSF,Large (141-200),190,heavy_work,325.6,39,20250408,8,BLK_8C,3,베이36B 수정,8,2025-04-09 01:30:31,2025-04-09 02:31:58,61.4,36B,베이36B,raw,
b190_heavy_work_r1,MSF,Large (141-200),190,heavy_work,325.6,39,20250408,103,BLK_103S,4,판계,1,2025-04-08 09:26:24,2025-04-08 09:58:48,32.4,,공통,raw,
b190_heavy_work_r1,MSF,Large (141-200),190,heavy_work,325.6,39,20250408,103,BLK_103S,4,전면SAW,2,2025-04-08 19:28:22,2025-04-08 23:15:07,226.8,,공통,raw,
b190_heavy_work_r1,MSF,Large (141-200),190,heavy_work,325.6,39,20250408,103,BLK_103S,4,TurnOver,3,2025-04-08 23:15:07,2025-04-08 23:29:31,14.4,,공통,raw,
b190_heavy_work_r1,MSF,Large (141-200),190,heavy_work,325.6,39,20250408,103,BLK_103S,4,후면SAW,4,2025-04-08 23:29:31,2025-04-09 02:19:06,169.6,,공통,raw,
b190_heavy_work_r1,MSF,Large (141-200),190,heavy_work,325.6,39,20250408,103,BLK_103S,4,NC,5,2025-04-09 02:19:06,2025-04-09 02:59:11,40.1,,공통,raw,
b190_heavy_work_r1,MSF,Large (141-200),190,heavy_work,325.6,39,20250408,103,BLK_103S,4,베이35A 론지취부,6,2025-04-09 02:59:11,2025-04-09 04:14:11,75.0,35A,베이35A,raw,
b190_heavy_work_r1,MSF,Large (141-200),190,heavy_work,325.6,39,20250408,103,BLK_103S,4,베이35A 론지용접,7,2025-04-09 04:14:11,2025-04-09 04:40:35,26.4,35A,베이35A,raw,
b190_heavy_work_r1,MSF,Large (141-200),190,heavy_work,325.6,39,20250408,103,BLK_103S,4,베이35A 수정,8,2025-04-09 04:40:35,2025-04-09 05:26:11,45.6,35A,베이35A,raw,
b190_heavy_work_r1,MSF,Large (141-200),190,heavy_work,325.6,39,20250408,3,BLK_3C,5,판계,1,2025-04-08 09:58:48,2025-04-08 10:28:48,30.0,,공통,raw,
b190_heavy_work_r1,MSF,Large (141-200),190,heavy_work,325.6,39,20250408,3,BLK_3C,5,전면SAW,2,2025-04-08 23:15:07,2025-04-08 23:49:53,34.8,,공통,raw,
b190_heavy_work_r1,MSF,Large (141-200),190,heavy_work,325.6,39,20250408,3,BLK_3C,5,TurnOver,3,2025-04-08 23:49:53,2025-04-09 00:04:17,14.4,,공통,raw,
b190_heavy_work_r1,MSF,Large (141-200),190,heavy_work,325.6,39,20250408,3,BLK_3C,5,후면SAW,4,2025-04-09 02:19:06,2025-04-09 02:39:29,20.4,,공통,raw,
b190_heavy_work_r1,MSF,Large (141-200),190,heavy_work,325.6,39,20250408,3,BLK_3C,5,NC,5,2025-04-09 02:59:11,2025-04-09 03:37:30,38.3,,공통,raw,
b190_heavy_work_r1,MSF,Large (141-200),190,heavy_work,325.6,39,20250408,3,BLK_3C,5,베이36B 론지취부,6,2025-04-09 03:37:30,2025-04-09 04:23:06,45.6,36B,베이36B,raw,
b190_heavy_work_r1,MSF,Large (141-200),190,heavy_work,325.6,39,20250408,3,BLK_3C,5,베이36B 론지용접,7,2025-04-09 04:23:06,2025-04-09 04:44:27,21.4,36B,베이36B,raw,
b190_heavy_work_r1,MSF,Large (141-200),190,heavy_work,325.6,39,20250408,3,BLK_3C,5,베이36B 수정,8,2025-04-09 04:44:27,2025-04-09 05:11:34,27.1,36B,베이36B,raw,
b190_heavy_work_r1,MSF,Large (141-200),190,heavy_work,325.6,39,20250408,24,BLK_24P,6,판계,1,2025-04-08 10:28:48,2025-04-08 11:08:24,39.6,,공통,raw,
b190_heavy_work_r1,MSF,Large (141-200),190,heavy_work,325.6,39,20250408,24,BLK_24P,6,전면SAW,2,2025-04-08 23:49:53,2025-04-09 01:45:55,116.0,,공통,raw,
b190_heavy_work_r1,MSF,Large (141-200),190,heavy_work,325.6,39,20250408,24,BLK_24P,6,TurnOver,3,2025-04-09 01:45:55,2025-04-09 02:00:19,14.4,,공통,raw,
b190_heavy_work_r1,MSF,Large (141-200),190,heavy_work,325.6,39,20250408,24,BLK_24P,6,후면SAW,4,2025-04-09 02:39:29,2025-04-09 04:10:35,91.1,,공통,raw,
b190_heavy_work_r1,MSF,Large (141-200),190,heavy_work,325.6,39,20250408,24,BLK_24P,6,NC,5,2025-04-09 04:10:35,2025-04-09 05:00:24,49.8,,공통,raw,
b190_heavy_work_r1,MSF,Large (141-200),190,heavy_work,325.6,39,20250408,24,BLK_24P,6,베이35A 론지취부,6,2025-04-09 05:00:24,2025-04-09 06:15:24,75.0,35A,베이35A,raw,
b190_heavy_work_r1,MSF,Large (141-200),190,heavy_work,325.6,39,20250408,24,BLK_24P,6,베이35A 론지용접,7,2025-04-09 06:15:24,2025-04-09 06:41:48,26.4,35A,베이35A,raw,
b190_heavy_work_r1,MSF,Large (141-200),190,heavy_work,325.6,39,20250408,24,BLK_24P,6,베이35A 수정,8,2025-04-09 06:41:48,2025-04-09 07:27:24,45.6,35A,베이35A,raw,
b190_heavy_work_r1,MSF,Large (141-200),190,heavy_work,325.6,39,20250408,11,BLK_11C,7,판계,1,2025-04-08 11:08:24,2025-04-08 11:38:24,30.0,,공통,raw,
b190_heavy_work_r1,MSF,Large (141-200),190,heavy_work,325.6,39,20250408,11,BLK_11C,7,전면SAW,2,2025-04-09 01:45:55,2025-04-09 02:26:24,40.5,,공통,raw,
b190_heavy_work_r1,MSF,Large (141-200),190,heavy_work,325.6,39,20250408,11,BLK_11C,7,TurnOver,3,2025-04-09 02:26:24,2025-04-09 02:40:48,14.4,,공통,raw,
b190_heavy_work_r1,MSF,Large (141-200),190,heavy_work,325.6,39,20250408,11,BLK_11C,7,후면SAW,4,2025-04-09 04:10:35,2025-04-09 04:38:29,27.9,,공통,raw,
b190_heavy_work_r1,MSF,Large (141-200),190,heavy_work,325.6,39,20250408,11,BLK_11C,7,NC,5,2025-04-09 05:00:24,2025-04-09 05:42:54,42.5,,공통,raw,
b190_heavy_work_r1,MSF,Large (141-200),190,heavy_work,325.6,39,20250408,11,BLK_11C,7,베이36B 론지취부,6,2025-04-09 05:42:54,2025-04-09 07:10:30,87.6,36B,베이36B,raw,
b190_heavy_work_r1,MSF,Large (141-200),190,heavy_work,325.6,39,20250408,11,BLK_11C,7,베이36B 론지용접,7,2025-04-09 07:10:30,2025-04-09 07:39:04,28.6,36B,베이36B,raw,
b190_heavy_work_r1,MSF,Large (141-200),190,heavy_work,325.6,39,20250408,11,BLK_11C,7,베이36B 수정,8,2025-04-09 07:39:04,2025-04-09 08:32:35,53.5,36B,베이36B,raw,
b190_heavy_work_r1,MSF,Large (141-200),190,heavy_work,325.6,39,20250408,19,BLK_19P,8,판계,1,2025-04-08 11:38:24,2025-04-08 12:08:24,30.0,,공통,raw,
b190_heavy_work_r1,MSF,Large (141-200),190,heavy_work,325.6,39,20250408,19,BLK_19P,8,전면SAW,2,2025-04-09 02:26:24,2025-04-09 03:03:18,36.9,,공통,raw,
b190_heavy_work_r1,MSF,Large (141-200),190,heavy_work,325.6,39,20250408,19,BLK_19P,8,TurnOver,3,2025-04-09 03:03:18,2025-04-09 03:17:42,14.4,,공통,raw,
b190_heavy_work_r1,MSF,Large (141-200),190,heavy_work,325.6,39,20250408,19,BLK_19P,8,후면SAW,4,2025-04-09 04:38:29,2025-04-09 05:01:42,23.2,,공통,raw,
b190_heavy_work_r1,MSF,Large (141-200),190,heavy_work,325.6,39,20250408,19,BLK_19P,8,NC,5,2025-04-09 05:42:54,2025-04-09 06:24:07,41.2,,공통,raw,
b190_heavy_work_r1,MSF,Large (141-200),190,heavy_work,325.6,39,20250408,19,BLK_19P,8,베이35A 론지취부,6,2025-04-09 06:24:07,2025-04-09 07:22:19,58.2,35A,베이35A,raw,
b190_heavy_work_r1,MSF,Large (141-200),190,heavy_work,325.6,39,20250408,19,BLK_19P,8,베이35A 론지용접,7,2025-04-09 07:22:19,2025-04-09 07:45:50,23.5,35A,베이35A,raw,
b190_heavy_work_r1,MSF,Large (141-200),190,heavy_work,325.6,39,20250408,19,BLK_19P,8,베이35A 수정,8,2025-04-09 07:45:50,2025-04-09 08:20:52,35.0,35A,베이35A,raw,
b190_heavy_work_r1,MSF,Large (141-200),190,heavy_work,325.6,39,20250408,125,BLK_125P,9,판계,1,2025-04-08 12:08:24,2025-04-08 12:38:24,30.0,,공통,raw,
b190_heavy_work_r1,MSF,Large (141-200),190,heavy_work,325.6,39,20250408,125,BLK_125P,9,전면SAW,2,2025-04-09 03:03:18,2025-04-09 03:41:32,38.2,,공통,raw,
b190_heavy_work_r1,MSF,Large (141-200),190,heavy_work,325.6,39,20250408,125,BLK_125P,9,TurnOver,3,2025-04-09 03:41:32,2025-04-09 03:55:56,14.4,,공통,raw,
b190_heavy_work_r1,MSF,Large (141-200),190,heavy_work,325.6,39,20250408,125,BLK_125P,9,후면SAW,4,2025-04-09 05:01:42,2025-04-09 05:26:40,25.0,,공통,raw,
b190_heavy_work_r1,MSF,Large (141-200),190,heavy_work,325.6,39,20250408,125,BLK_125P,9,NC,5,2025-04-09 06:24:07,2025-04-09 07:03:23,39.3,,공통,raw,
b190_heavy_work_r1,MSF,Large (141-200),190,heavy_work,325.6,39,20250408,125,BLK_125P,9,베이36B 론지취부,6,2025-04-09 07:10:30,2025-04-09 07:47:42,37.2,36B,베이36B,raw,
b190_heavy_work_r1,MSF,Large (141-200),190,heavy_work,325.6,39,20250408,125,BLK_125P,9,베이36B 론지용접,7,2025-04-09 07:47:42,2025-04-09 08:07:37,19.9,36B,베이36B,raw,
b190_heavy_work_r1,MSF,Large (141-200),190,heavy_work,325.6,39,20250408,125,BLK_125P,9,베이36B 수정,8,2025-04-09 08:32:35,2025-04-09 08:54:25,21.8,36B,베이36B,raw,
b190_heavy_work_r1,MSF,Large (141-200),190,heavy_work,325.6,39,20250408,4,BLK_4C,10,판계,1,2025-04-08 12:38:24,2025-04-08 13:14:24,36.0,,공통,raw,
b190_heavy_work_r1,MSF,Large (141-200),190,heavy_work,325.6,39,20250408,4,BLK_4C,10,전면SAW,2,2025-04-09 03:41:32,2025-04-09 04:21:41,40.1,,공통,raw,
b190_heavy_work_r1,MSF,Large (141-200),190,heavy_work,325.6,39,20250408,4,BLK_4C,10,TurnOver,3,2025-04-09 04:21:41,2025-04-09 04:36:05,14.4,,공통,raw,
b190_heavy_work_r1,MSF,Large (141-200),190,heavy_work,325.6,39,20250408,4,BLK_4C,10,후면SAW,4,2025-04-09 05:26:40,2025-04-09 05:54:08,27.5,,공통,raw,
b190_heavy_work_r1,MSF,Large (141-200),190,heavy_work,325.6,39,20250408,4,BLK_4C,10,NC,5,2025-04-09 07:03:23,2025-04-09 07:53:31,50.1,,공통,raw,
b190_heavy_work_r1,MSF,Large (141-200),190,heavy_work,325.6,39,20250408,4,BLK_4C,10,베이35A 론지취부,6,2025-04-09 07:53:31,2025-04-09 09:37:55,104.4,35A,베이35A,raw,
b190_heavy_work_r1,MSF,Large (141-200),190,heavy_work,325.6,39,20250408,4,BLK_4C,10,베이35A 론지용접,7,2025-04-09 09:37:55,2025-04-09 10:09:21,31.4,35A,베이35A,raw,
b190_heavy_work_r1,MSF,Large (141-200),190,heavy_work,325.6,39,20250408,4,BLK_4C,10,베이35A 수정,8,2025-04-09 10:09:21,2025-04-09 11:13:26,64.1,35A,베이35A,raw,
b190_heavy_work_r1,MSF,Large (141-200),190,heavy_work,325.6,39,20250408,123,BLK_123S,11,판계,1,2025-04-08 13:14:24,2025-04-08 14:00:00,45.6,,공통,raw,
b190_heavy_work_r1,MSF,Large (141-200),190,heavy_work,325.6,39,20250408,123,BLK_123S,11,전면SAW,2,2025-04-09 04:21:41,2025-04-09 07:22:12,180.5,,공통,raw,
b190_heavy_work_r1,MSF,Large (141-200),190,heavy_work,325.6,39,20250408,123,BLK_123S,11,TurnOver,3,2025-04-09 07:22:12,2025-04-09 07:36:36,14.4,,공통,raw,
b190_heavy_work_r1,MSF,Large (141-200),190,heavy_work,325.6,39,20250408,123,BLK_123S,11,후면SAW,4,2025-04-09 07:36:36,2025-04-09 10:45:30,188.9,,공통,raw,
b190_heavy_work_r1,MSF,Large (141-200),190,heavy_work,325.6,39,20250408,123,BLK_123S,11,NC,5,2025-04-09 10:45:30,2025-04-09 11:44:03,58.6,,공통,raw,
b190_heavy_work_r1,MSF,Large (141-200),190,heavy_work,325.6,39,20250408,123,BLK_123S,11,베이36B 론지취부,6,2025-04-09 11:44:03,2025-04-09 12:50:39,66.6,36B,베이36B,raw,
b190_heavy_work_r1,MSF,Large (141-200),190,heavy_work,325.6,39,20250408,123,BLK_123S,11,베이36B 론지용접,7,2025-04-09 12:50:39,2025-04-09 13:15:37,25.0,36B,베이36B,raw,
b190_heavy_work_r1,MSF,Large (141-200),190,heavy_work,325.6,39,20250408,123,BLK_123S,11,베이36B 수정,8,2025-04-09 13:15:37,2025-04-09 13:55:56,40.3,36B,베이36B,raw,
b190_heavy_work_r1,MSF,Large (141-200),190,heavy_work,325.6,39,20250408,173,BLK_173C,12,판계,1,2025-04-08 14:00:00,2025-04-08 14:36:00,36.0,,공통,raw,
b190_heavy_work_r1,MSF,Large (141-200),190,heavy_work,325.6,39,20250408,173,BLK_173C,12,전면SAW,2,2025-04-09 07:22:12,2025-04-09 07:57:02,34.8,,공통,raw,
b190_heavy_work_r1,MSF,Large (141-200),190,heavy_work,325.6,39,20250408,173,BLK_173C,12,TurnOver,3,2025-04-09 07:57:02,2025-04-09 08:11:26,14.4,,공통,raw,
b190_heavy_work_r1,MSF,Large (141-200),190,heavy_work,325.6,39,20250408,173,BLK_173C,12,후면SAW,4,2025-04-09 10:45:30,2025-04-09 11:06:00,20.5,,공통,raw,
b190_heavy_work_r1,MSF,Large (141-200),190,heavy_work,325.6,39,20250408,173,BLK_173C,12,NC,5,2025-04-09 11:44:03,2025-04-09 12:30:20,46.3,,공통,raw,
b190_heavy_work_r1,MSF,Large (141-200),190,heavy_work,325.6,39,20250408,173,BLK_173C,12,베이35A 론지취부,6,2025-04-09 12:30:20,2025-04-09 13:28:32,58.2,35A,베이35A,raw,
b190_heavy_work_r1,MSF,Large (141-200),190,heavy_work,325.6,39,20250408,173,BLK_173C,12,베이35A 론지용접,7,2025-04-09 13:28:32,2025-04-09 13:52:03,23.5,35A,베이35A,raw,
b190_heavy_work_r1,MSF,Large (141-200),190,heavy_work,325.6,39,20250408,173,BLK_173C,12,베이35A 수정,8,2025-04-09 13:52:03,2025-04-09 14:27:05,35.0,35A,베이35A,raw,
b190_heavy_work_r1,MSF,Large (141-200),190,heavy_work,325.6,39,20250408,12,BLK_12S,13,판계,1,2025-04-08 14:36:00,2025-04-08 15:12:00,36.0,,공통,raw,
b190_heavy_work_r1,MSF,Large (141-200),190,heavy_work,325.6,39,20250408,12,BLK_12S,13,전면SAW,2,2025-04-09 07:57:02,2025-04-09 10:23:24,146.4,,공통,raw,
b190_heavy_work_r1,MSF,Large (141-200),190,heavy_work,325.6,39,20250408,12,BLK_12S,13,TurnOver,3,2025-04-09 10:23:24,2025-04-09 10:37:48,14.4,,공통,raw,
b190_heavy_work_r1,MSF,Large (141-200),190,heavy_work,325.6,39,20250408,12,BLK_12S,13,후면SAW,4,2025-04-09 11:06:00,2025-04-09 13:35:05,149.1,,공통,raw,
b190_heavy_work_r1,MSF,Large (141-200),190,heavy_work,325.6,39,20250408,12,BLK_12S,13,NC,5,2025-04-09 13:35:05,2025-04-09 14:38:08,63.0,,공통,raw,
b190_heavy_work_r1,MSF,Large (141-200),190,heavy_work,325.6,39,20250408,12,BLK_12S,13,베이36B 론지취부,6,2025-04-09 14:38:08,2025-04-09 16:09:56,91.8,36B,베이36B,raw,
b190_heavy_work_r1,MSF,Large (141-200),190,heavy_work,325.6,39,20250408,12,BLK_12S,13,베이36B 론지용접,7,2025-04-09 16:09:56,2025-04-09 16:39:12,29.3,36B,베이36B,raw,
b190_heavy_work_r1,MSF,Large (141-200),190,heavy_work,325.6,39,20250408,12,BLK_12S,13,베이36B 수정,8,2025-04-09 16:39:12,2025-04-09 17:35:22,56.2,36B,베이36B,raw,
b190_heavy_work_r1,MSF,Large (141-200),190,heavy_work,325.6,39,20250408,165,BLK_165P,14,판계,1,2025-04-08 15:12:00,2025-04-08 15:48:00,36.0,,공통,raw,
b190_heavy_work_r1,MSF,Large (141-200),190,heavy_work,325.6,39,20250408,165,BLK_165P,14,전면SAW,2,2025-04-09 10:23:24,2025-04-09 10:59:47,36.4,,공통,raw,
b190_heavy_work_r1,MSF,Large (141-200),190,heavy_work,325.6,39,20250408,165,BLK_165P,14,TurnOver,3,2025-04-09 10:59:47,2025-04-09 11:14:11,14.4,,공통,raw,
b190_heavy_work_r1,MSF,Large (141-200),190,heavy_work,325.6,39,20250408,165,BLK_165P,14,후면SAW,4,2025-04-09 13:35:05,2025-04-09 13:57:36,22.5,,공통,raw,
b190_heavy_work_r1,MSF,Large (141-200),190,heavy_work,325.6,39,20250408,165,BLK_165P,14,NC,5,2025-04-09 14:38:08,2025-04-09 15:32:58,54.8,,공통,raw,
b190_heavy_work_r1,MSF,Large (141-200),190,heavy_work,325.6,39,20250408,165,BLK_165P,14,베이35A 론지취부,6,2025-04-09 15:32:58,2025-04-09 16:56:22,83.4,35A,베이35A,raw,
b190_heavy_work_r1,MSF,Large (141-200),190,heavy_work,325.6,39,20250408,165,BLK_165P,14,베이35A 론지용접,7,2025-04-09 16:56:22,2025-04-09 17:24:12,27.8,35A,베이35A,raw,
b190_heavy_work_r1,MSF,Large (141-200),190,heavy_work,325.6,39,20250408,165,BLK_165P,14,베이35A 수정,8,2025-04-09 17:24:12,2025-04-09 18:15:05,50.9,35A,베이35A,raw,
b190_heavy_work_r1,MSF,Large (141-200),190,heavy_work,325.6,39,20250408,27,BLK_27C,15,판계,1,2025-04-08 15:48:00,2025-04-08 16:34:48,46.8,,공통,raw,
b190_heavy_work_r1,MSF,Large (141-200),190,heavy_work,325.6,39,20250408,27,BLK_27C,15,전면SAW,2,2025-04-09 10:59:47,2025-04-09 14:47:47,228.0,,공통,raw,
b190_heavy_work_r1,MSF,Large (141-200),190,heavy_work,325.6,39,20250408,27,BLK_27C,15,TurnOver,3,2025-04-09 14:47:47,2025-04-09 15:02:11,14.4,,공통,raw,
b190_heavy_work_r1,MSF,Large (141-200),190,heavy_work,325.6,39,20250408,27,BLK_27C,15,후면SAW,4,2025-04-09 15:02:11,2025-04-09 18:20:11,198.0,,공통,raw,
b190_heavy_work_r1,MSF,Large (141-200),190,heavy_work,325.6,39,20250408,27,BLK_27C,15,NC,5,2025-04-09 18:20:11,2025-04-09 19:19:24,59.2,,공통,raw,
b190_heavy_work_r1,MSF,Large (141-200),190,heavy_work,325.6,39,20250408,27,BLK_27C,15,베이36B 론지취부,6,2025-04-09 19:19:24,2025-04-09 20:13:24,54.0,36B,베이36B,raw,
b190_heavy_work_r1,MSF,Large (141-200),190,heavy_work,325.6,39,20250408,27,BLK_27C,15,베이36B 론지용접,7,2025-04-09 20:13:24,2025-04-09 20:36:12,22.8,36B,베이36B,raw,
b190_heavy_work_r1,MSF,Large (141-200),190,heavy_work,325.6,39,20250408,27,BLK_27C,15,베이36B 수정,8,2025-04-09 20:36:12,2025-04-09 21:08:36,32.4,36B,베이36B,raw,
b190_heavy_work_r1,MSF,Large (141-200),190,heavy_work,325.6,39,20250408,154,BLK_154P,16,판계,1,2025-04-08 16:34:48,2025-04-08 16:49:12,14.4,,공통,raw,
b190_heavy_work_r1,MSF,Large (141-200),190,heavy_work,325.6,39,20250408,154,BLK_154P,16,전면SAW,2,2025-04-09 14:47:47,2025-04-09 15:22:08,34.3,,공통,raw,
b190_heavy_work_r1,MSF,Large (141-200),190,heavy_work,325.6,39,20250408,154,BLK_154P,16,TurnOver,3,2025-04-09 15:22:08,2025-04-09 15:36:32,14.4,,공통,raw,
b190_heavy_work_r1,MSF,Large (141-200),190,heavy_work,325.6,39,20250408,154,BLK_154P,16,후면SAW,4,2025-04-09 18:20:11,2025-04-09 18:40:01,19.8,,공통,raw,
b190_heavy_work_r1,MSF,Large (141-200),190,heavy_work,325.6,39,20250408,154,BLK_154P,16,NC,5,2025-04-09 19:19:24,2025-04-09 19:42:33,23.2,,공통,raw,
b190_heavy_work_r1,MSF,Large (141-200),190,heavy_work,325.6,39,20250408,154,BLK_154P,16,베이35A 론지취부,6,2025-04-09 19:42:33,2025-04-09 20:11:21,28.8,35A,베이35A,raw,
b190_heavy_work_r1,MSF,Large (141-200),190,heavy_work,325.6,39,20250408,154,BLK_154P,16,베이35A 론지용접,7,2025-04-09 20:11:21,2025-04-09 20:25:02,13.7,35A,베이35A,raw,
b190_heavy_work_r1,MSF,Large (141-200),190,heavy_work,325.6,39,20250408,154,BLK_154P,16,베이35A 수정,8,2025-04-09 20:25:02,2025-04-09 20:41:36,16.6,35A,베이35A,raw,
b190_heavy_work_r1,MSF,Large (141-200),190,heavy_work,325.6,39,20250408,99,BLK_99S,17,판계,1,2025-04-08 16:49:12,2025-04-08 17:13:12,24.0,,공통,raw,
b190_heavy_work_r1,MSF,Large (141-200),190,heavy_work,325.6,39,20250408,99,BLK_99S,17,전면SAW,2,2025-04-09 15:22:08,2025-04-09 16:06:54,44.8,,공통,raw,
b190_heavy_work_r1,MSF,Large (141-200),190,heavy_work,325.6,39,20250408,99,BLK_99S,17,TurnOver,3,2025-04-09 16:06:54,2025-04-09 16:21:18,14.4,,공통,raw,
b190_heavy_work_r1,MSF,Large (141-200),190,heavy_work,325.6,39,20250408,99,BLK_99S,17,후면SAW,4,2025-04-09 18:40:01,2025-04-09 19:13:35,33.6,,공통,raw,
b190_heavy_work_r1,MSF,Large (141-200),190,heavy_work,325.6,39,20250408,99,BLK_99S,17,NC,5,2025-04-09 19:42:33,2025-04-09 20:16:51,34.3,,공통,raw,
b190_heavy_work_r1,MSF,Large (141-200),190,heavy_work,325.6,39,20250408,99,BLK_99S,17,베이36B 론지취부,6,2025-04-09 20:16:51,2025-04-09 21:10:51,54.0,36B,베이36B,raw,
b190_heavy_work_r1,MSF,Large (141-200),190,heavy_work,325.6,39,20250408,99,BLK_99S,17,베이36B 론지용접,7,2025-04-09 21:10:51,2025-04-09 21:33:39,22.8,36B,베이36B,raw,
b190_heavy_work_r1,MSF,Large (141-200),190,heavy_work,325.6,39,20250408,99,BLK_99S,17,베이36B 수정,8,2025-04-09 21:33:39,2025-04-09 22:06:03,32.4,36B,베이36B,raw,
b190_heavy_work_r1,MSF,Large (141-200),190,heavy_work,325.6,39,20250408,88,BLK_88S,18,판계,1,2025-04-08 17:13:12,2025-04-08 17:43:12,30.0,,공통,raw,
b190_heavy_work_r1,MSF,Large (141-200),190,heavy_work,325.6,39,20250408,88,BLK_88S,18,전면SAW,2,2025-04-09 16:06:54,2025-04-09 16:41:15,34.3,,공통,raw,
b190_heavy_work_r1,MSF,Large (141-200),190,heavy_work,325.6,39,20250408,88,BLK_88S,18,TurnOver,3,2025-04-09 16:41:15,2025-04-09 16:55:39,14.4,,공통,raw,
b190_heavy_work_r1,MSF,Large (141-200),190,heavy_work,325.6,39,20250408,88,BLK_88S,18,후면SAW,4,2025-04-09 19:13:35,2025-04-09 19:33:25,19.8,,공통,raw,
b190_heavy_work_r1,MSF,Large (141-200),190,heavy_work,325.6,39,20250408,88,BLK_88S,18,NC,5,2025-04-09 20:16:51,2025-04-09 20:57:36,40.8,,공통,raw,
b190_heavy_work_r1,MSF,Large (141-200),190,heavy_work,325.6,39,20250408,88,BLK_88S,18,베이35A 론지취부,6,2025-04-09 20:57:36,2025-04-09 22:25:12,87.6,35A,베이35A,raw,
b190_heavy_work_r1,MSF,Large (141-200),190,heavy_work,325.6,39,20250408,88,BLK_88S,18,베이35A 론지용접,7,2025-04-09 22:25:12,2025-04-09 22:53:46,28.6,35A,베이35A,raw,
b190_heavy_work_r1,MSF,Large (141-200),190,heavy_work,325.6,39,20250408,88,BLK_88S,18,베이35A 수정,8,2025-04-09 22:53:46,2025-04-09 23:47:17,53.5,35A,베이35A,raw,
b190_heavy_work_r1,MSF,Large (141-200),190,heavy_work,325.6,39,20250409,169,BLK_169S,1,판계,1,2025-04-09 08:00:00,2025-04-09 08:48:00,48.0,,공통,raw,
b190_heavy_work_r1,MSF,Large (141-200),190,heavy_work,325.6,39,20250409,169,BLK_169S,1,전면SAW,2,2025-04-09 16:41:15,2025-04-09 20:29:15,228.0,,공통,raw,
b190_heavy_work_r1,MSF,Large (141-200),190,heavy_work,325.6,39,20250409,169,BLK_169S,1,TurnOver,3,2025-04-09 20:29:15,2025-04-09 20:43:39,14.4,,공통,raw,
b190_heavy_work_r1,MSF,Large (141-200),190,heavy_work,325.6,39,20250409,169,BLK_169S,1,후면SAW,4,2025-04-09 20:43:39,2025-04-09 23:45:43,182.1,,공통,raw,
b190_heavy_work_r1,MSF,Large (141-200),190,heavy_work,325.6,39,20250409,169,BLK_169S,1,NC,5,2025-04-09 23:45:43,2025-04-10 00:49:01,63.3,,공통,raw,
b190_heavy_work_r1,MSF,Large (141-200),190,heavy_work,325.6,39,20250409,169,BLK_169S,1,베이36B 론지취부,6,2025-04-10 00:49:01,2025-04-10 02:29:13,100.2,36B,베이36B,raw,
b190_heavy_work_r1,MSF,Large (141-200),190,heavy_work,325.6,39,20250409,169,BLK_169S,1,베이36B 론지용접,7,2025-04-10 02:29:13,2025-04-10 02:59:56,30.7,36B,베이36B,raw,
b190_heavy_work_r1,MSF,Large (141-200),190,heavy_work,325.6,39,20250409,169,BLK_169S,1,베이36B 수정,8,2025-04-10 02:59:56,2025-04-10 04:01:22,61.4,36B,베이36B,raw,
b190_heavy_work_r1,MSF,Large (141-200),190,heavy_work,325.6,39,20250409,155,BLK_155S,2,판계,1,2025-04-09 08:48:00,2025-04-09 09:18:00,30.0,,공통,raw,
b190_heavy_work_r1,MSF,Large (141-200),190,heavy_work,325.6,39,20250409,155,BLK_155S,2,전면SAW,2,2025-04-09 20:29:15,2025-04-09 21:03:30,34.3,,공통,raw,
b190_heavy_work_r1,MSF,Large (141-200),190,heavy_work,325.6,39,20250409,155,BLK_155S,2,TurnOver,3,2025-04-09 21:03:30,2025-04-09 21:17:54,14.4,,공통,raw,
b190_heavy_work_r1,MSF,Large (141-200),190,heavy_work,325.6,39,20250409,155,BLK_155S,2,후면SAW,4,2025-04-09 23:45:43,2025-04-10 00:05:26,19.7,,공통,raw,
b190_heavy_work_r1,MSF,Large (141-200),190,heavy_work,325.6,39,20250409,155,BLK_155S,2,NC,5,2025-04-10 00:49:01,2025-04-10 01:27:16,38.3,,공통,raw,
b190_heavy_work_r1,MSF,Large (141-200),190,heavy_work,325.6,39,20250409,155,BLK_155S,2,베이35A 론지취부,6,2025-04-10 01:27:16,2025-04-10 02:42:16,75.0,35A,베이35A,raw,
b190_heavy_work_r1,MSF,Large (141-200),190,heavy_work,325.6,39,20250409,155,BLK_155S,2,베이35A 론지용접,7,2025-04-10 02:42:16,2025-04-10 03:08:40,26.4,35A,베이35A,raw,
b190_heavy_work_r1,MSF,Large (141-200),190,heavy_work,325.6,39,20250409,155,BLK_155S,2,베이35A 수정,8,2025-04-10 03:08:40,2025-04-10 03:54:16,45.6,35A,베이35A,raw,
b190_heavy_work_r1,MSF,Large (141-200),190,heavy_work,325.6,39,20250409,90,BLK_90P,3,판계,1,2025-04-09 09:18:00,2025-04-09 09:57:36,39.6,,공통,raw,
b190_heavy_work_r1,MSF,Large (141-200),190,heavy_work,325.6,39,20250409,90,BLK_90P,3,전면SAW,2,2025-04-09 21:03:30,2025-04-09 23:26:36,143.1,,공통,raw,
b190_heavy_work_r1,MSF,Large (141-200),190,heavy_work,325.6,39,20250409,90,BLK_90P,3,TurnOver,3,2025-04-09 23:26:36,2025-04-09 23:41:00,14.4,,공통,raw,
b190_heavy_work_r1,MSF,Large (141-200),190,heavy_work,325.6,39,20250409,90,BLK_90P,3,후면SAW,4,2025-04-10 00:05:26,2025-04-10 02:01:13,115.8,,공통,raw,
b190_heavy_work_r1,MSF,Large (141-200),190,heavy_work,325.6,39,20250409,90,BLK_90P,3,NC,5,2025-04-10 02:01:13,2025-04-10 02:53:45,52.5,,공통,raw,
b190_heavy_work_r1,MSF,Large (141-200),190,heavy_work,325.6,39,20250409,90,BLK_90P,3,베이36B 론지취부,6,2025-04-10 02:53:45,2025-04-10 04:33:57,100.2,36B,베이36B,raw,
b190_heavy_work_r1,MSF,Large (141-200),190,heavy_work,325.6,39,20250409,90,BLK_90P,3,베이36B 론지용접,7,2025-04-10 04:33:57,2025-04-10 05:04:40,30.7,36B,베이36B,raw,
b190_heavy_work_r1,MSF,Large (141-200),190,heavy_work,325.6,39,20250409,90,BLK_90P,3,베이36B 수정,8,2025-04-10 05:04:40,2025-04-10 06:06:07,61.4,36B,베이36B,raw,
b190_heavy_work_r1,MSF,Large (141-200),190,heavy_work,325.6,39,20250409,23,BLK_23P,4,판계,1,2025-04-09 09:57:36,2025-04-09 10:33:36,36.0,,공통,raw,
b190_heavy_work_r1,MSF,Large (141-200),190,heavy_work,325.6,39,20250409,23,BLK_23P,4,전면SAW,2,2025-04-09 23:26:36,2025-04-10 00:06:05,39.5,,공통,raw,
b190_heavy_work_r1,MSF,Large (141-200),190,heavy_work,325.6,39,20250409,23,BLK_23P,4,TurnOver,3,2025-04-10 00:06:05,2025-04-10 00:20:29,14.4,,공통,raw,
b190_heavy_work_r1,MSF,Large (141-200),190,heavy_work,325.6,39,20250409,23,BLK_23P,4,후면SAW,4,2025-04-10 02:01:13,2025-04-10 02:27:49,26.6,,공통,raw,
b190_heavy_work_r1,MSF,Large (141-200),190,heavy_work,325.6,39,20250409,23,BLK_23P,4,NC,5,2025-04-10 02:53:45,2025-04-10 03:45:58,52.2,,공통,raw,
b190_heavy_work_r1,MSF,Large (141-200),190,heavy_work,325.6,39,20250409,23,BLK_23P,4,베이35A 론지취부,6,2025-04-10 03:45:58,2025-04-10 05:38:46,112.8,35A,베이35A,raw,
b190_heavy_work_r1,MSF,Large (141-200),190,heavy_work,325.6,39,20250409,23,BLK_23P,4,베이35A 론지용접,7,2025-04-10 05:38:46,2025-04-10 06:11:39,32.9,35A,베이35A,raw,
b190_heavy_work_r1,MSF,Large (141-200),190,heavy_work,325.6,39,20250409,23,BLK_23P,4,베이35A 수정,8,2025-04-10 06:11:39,2025-04-10 07:21:00,69.4,35A,베이35A,raw,
b190_heavy_work_r1,MSF,Large (141-200),190,heavy_work,325.6,39,20250409,100,BLK_100C,5,판계,1,2025-04-09 10:33:36,2025-04-09 11:13:12,39.6,,공통,raw,
b190_heavy_work_r1,MSF,Large (141-200),190,heavy_work,325.6,39,20250409,100,BLK_100C,5,전면SAW,2,2025-04-10 00:06:05,2025-04-10 02:26:54,140.8,,공통,raw,
b190_heavy_work_r1,MSF,Large (141-200),190,heavy_work,325.6,39,20250409,100,BLK_100C,5,TurnOver,3,2025-04-10 02:26:54,2025-04-10 02:41:18,14.4,,공통,raw,
b190_heavy_work_r1,MSF,Large (141-200),190,heavy_work,325.6,39,20250409,100,BLK_100C,5,후면SAW,4,2025-04-10 02:41:18,2025-04-10 04:35:00,113.7,,공통,raw,
b190_heavy_work_r1,MSF,Large (141-200),190,heavy_work,325.6,39,20250409,100,BLK_100C,5,NC,5,2025-04-10 04:35:00,2025-04-10 05:25:18,50.3,,공통,raw,
b190_heavy_work_r1,MSF,Large (141-200),190,heavy_work,325.6,39,20250409,100,BLK_100C,5,베이36B 론지취부,6,2025-04-10 05:25:18,2025-04-10 07:01:18,96.0,36B,베이36B,raw,
b190_heavy_work_r1,MSF,Large (141-200),190,heavy_work,325.6,39,20250409,100,BLK_100C,5,베이36B 론지용접,7,2025-04-10 07:01:18,2025-04-10 07:31:18,30.0,36B,베이36B,raw,
b190_heavy_work_r1,MSF,Large (141-200),190,heavy_work,325.6,39,20250409,100,BLK_100C,5,베이36B 수정,8,2025-04-10 07:31:18,2025-04-10 08:30:06,58.8,36B,베이36B,raw,
b190_heavy_work_r1,MSF,Large (141-200),190,heavy_work,325.6,39,20250409,79,BLK_79C,6,판계,1,2025-04-09 11:13:12,2025-04-09 11:49:12,36.0,,공통,raw,
b190_heavy_work_r1,MSF,Large (141-200),190,heavy_work,325.6,39,20250409,79,BLK_79C,6,전면SAW,2,2025-04-10 02:26:54,2025-04-10 03:06:48,39.9,,공통,raw,
b190_heavy_work_r1,MSF,Large (141-200),190,heavy_work,325.6,39,20250409,79,BLK_79C,6,TurnOver,3,2025-04-10 03:06:48,2025-04-10 03:21:12,14.4,,공통,raw,
b190_heavy_work_r1,MSF,Large (141-200),190,heavy_work,325.6,39,20250409,79,BLK_79C,6,후면SAW,4,2025-04-10 04:35:00,2025-04-10 05:02:11,27.2,,공통,raw,
b190_heavy_work_r1,MSF,Large (141-200),190,heavy_work,325.6,39,20250409,79,BLK_79C,6,NC,5,2025-04-10 05:25:18,2025-04-10 06:17:58,52.7,,공통,raw,
b190_heavy_work_r1,MSF,Large (141-200),190,heavy_work,325.6,39,20250409,79,BLK_79C,6,베이35A 론지취부,6,2025-04-10 06:17:58,2025-04-10 07:53:58,96.0,35A,베이35A,raw,
b190_heavy_work_r1,MSF,Large (141-200),190,heavy_work,325.6,39,20250409,79,BLK_79C,6,베이35A 론지용접,7,2025-04-10 07:53:58,2025-04-10 08:23:58,30.0,35A,베이35A,raw,
b190_heavy_work_r1,MSF,Large (141-200),190,heavy_work,325.6,39,20250409,79,BLK_79C,6,베이35A 수정,8,2025-04-10 08:23:58,2025-04-10 09:22:46,58.8,35A,베이35A,raw,
b190_heavy_work_r1,MSF,Large (141-200),190,heavy_work,325.6,39,20250409,98,BLK_98S,7,판계,1,2025-04-09 11:49:12,2025-04-09 12:37:12,48.0,,공통,raw,
b190_heavy_work_r1,MSF,Large (141-200),190,heavy_work,325.6,39,20250409,98,BLK_98S,7,전면SAW,2,2025-04-10 03:06:48,2025-04-10 06:54:48,228.0,,공통,raw,
b190_heavy_work_r1,MSF,Large (141-200),190,heavy_work,325.6,39,20250409,98,BLK_98S,7,TurnOver,3,2025-04-10 06:54:48,2025-04-10 07:09:12,14.4,,공통,raw,
b190_heavy_work_r1,MSF,Large (141-200),190,heavy_work,325.6,39,20250409,98,BLK_98S,7,후면SAW,4,2025-04-10 07:09:12,2025-04-10 10:14:54,185.7,,공통,raw,
b190_heavy_work_r1,MSF,Large (141-200),190,heavy_work,325.6,39,20250409,98,BLK_98S,7,NC,5,2025-04-10 10:14:54,2025-04-10 11:17:15,62.3,,공통,raw,
b190_heavy_work_r1,MSF,Large (141-200),190,heavy_work,325.6,39,20250409,98,BLK_98S,7,베이36B 론지취부,6,2025-04-10 11:17:15,2025-04-10 12:44:51,87.6,36B,베이36B,raw,
b190_heavy_work_r1,MSF,Large (141-200),190,heavy_work,325.6,39,20250409,98,BLK_98S,7,베이36B 론지용접,7,2025-04-10 12:44:51,2025-04-10 13:13:24,28.6,36B,베이36B,raw,
b190_heavy_work_r1,MSF,Large (141-200),190,heavy_work,325.6,39,20250409,98,BLK_98S,7,베이36B 수정,8,2025-04-10 13:13:24,2025-04-10 14:06:56,53.5,36B,베이36B,raw,
b190_heavy_work_r1,MSF,Large (141-200),190,heavy_work,325.6,39,20250409,80,BLK_80C,8,판계,1,2025-04-09 12:37:12,2025-04-09 13:13:12,36.0,,공통,raw,
b190_heavy_work_r1,MSF,Large (141-200),190,heavy_work,325.6,39,20250409,80,BLK_80C,8,전면SAW,2,2025-04-10 06:54:48,2025-04-10 07:34:52,40.1,,공통,raw,
b190_heavy_work_r1,MSF,Large (141-200),190,heavy_work,325.6,39,20250409,80,BLK_80C,8,TurnOver,3,2025-04-10 07:34:52,2025-04-10 07:49:16,14.4,,공통,raw,
b190_heavy_work_r1,MSF,Large (141-200),190,heavy_work,325.6,39,20250409,80,BLK_80C,8,후면SAW,4,2025-04-10 10:14:54,2025-04-10 10:42:16,27.4,,공통,raw,
b190_heavy_work_r1,MSF,Large (141-200),190,heavy_work,325.6,39,20250409,80,BLK_80C,8,NC,5,2025-04-10 11:17:15,2025-04-10 12:10:39,53.4,,공통,raw,
b190_heavy_work_r1,MSF,Large (141-200),190,heavy_work,325.6,39,20250409,80,BLK_80C,8,베이35A 론지취부,6,2025-04-10 12:10:39,2025-04-10 13:38:15,87.6,35A,베이35A,raw,
b190_heavy_work_r1,MSF,Large (141-200),190,heavy_work,325.6,39,20250409,80,BLK_80C,8,베이35A 론지용접,7,2025-04-10 13:38:15,2025-04-10 14:06:48,28.6,35A,베이35A,raw,
b190_heavy_work_r1,MSF,Large (141-200),190,heavy_work,325.6,39,20250409,80,BLK_80C,8,베이35A 수정,8,2025-04-10 14:06:48,2025-04-10 15:00:20,53.5,35A,베이35A,raw,
b190_heavy_work_r1,MSF,Large (141-200),190,heavy_work,325.6,39,20250409,114,BLK_114S,9,판계,1,2025-04-09 13:13:12,2025-04-09 13:52:48,39.6,,공통,raw,
b190_heavy_work_r1,MSF,Large (141-200),190,heavy_work,325.6,39,20250409,114,BLK_114S,9,전면SAW,2,2025-04-10 07:34:52,2025-04-10 09:37:27,122.6,,공통,raw,
b190_heavy_work_r1,MSF,Large (141-200),190,heavy_work,325.6,39,20250409,114,BLK_114S,9,TurnOver,3,2025-04-10 09:37:27,2025-04-10 09:51:51,14.4,,공통,raw,
b190_heavy_work_r1,MSF,Large (141-200),190,heavy_work,325.6,39,20250409,114,BLK_114S,9,후면SAW,4,2025-04-10 10:42:16,2025-04-10 12:19:22,97.1,,공통,raw,
b190_heavy_work_r1,MSF,Large (141-200),190,heavy_work,325.6,39,20250409,114,BLK_114S,9,NC,5,2025-04-10 12:19:22,2025-04-10 13:04:05,44.7,,공통,raw,
b190_heavy_work_r1,MSF,Large (141-200),190,heavy_work,325.6,39,20250409,114,BLK_114S,9,베이36B 론지취부,6,2025-04-10 13:04:05,2025-04-10 13:58:05,54.0,36B,베이36B,raw,
b190_heavy_work_r1,MSF,Large (141-200),190,heavy_work,325.6,39,20250409,114,BLK_114S,9,베이36B 론지용접,7,2025-04-10 13:58:05,2025-04-10 14:20:53,22.8,36B,베이36B,raw,
b190_heavy_work_r1,MSF,Large (141-200),190,heavy_work,325.6,39,20250409,114,BLK_114S,9,베이36B 수정,8,2025-04-10 14:20:53,2025-04-10 14:53:17,32.4,36B,베이36B,raw,
b190_heavy_work_r1,MSF,Large (141-200),190,heavy_work,325.6,39,20250409,89,BLK_89C,10,판계,1,2025-04-09 13:52:48,2025-04-09 14:28:48,36.0,,공통,raw,
b190_heavy_work_r1,MSF,Large (141-200),190,heavy_work,325.6,39,20250409,89,BLK_89C,10,전면SAW,2,2025-04-10 09:37:27,2025-04-10 10:13:01,35.6,,공통,raw,
b190_heavy_work_r1,MSF,Large (141-200),190,heavy_work,325.6,39,20250409,89,BLK_89C,10,TurnOver,3,2025-04-10 10:13:01,2025-04-10 10:27:25,14.4,,공통,raw,
b190_heavy_work_r1,MSF,Large (141-200),190,heavy_work,325.6,39,20250409,89,BLK_89C,10,후면SAW,4,2025-04-10 12:19:22,2025-04-10 12:40:48,21.4,,공통,raw,
b190_heavy_work_r1,MSF,Large (141-200),190,heavy_work,325.6,39,20250409,89,BLK_89C,10,NC,5,2025-04-10 13:04:05,2025-04-10 13:51:10,47.1,,공통,raw,
b190_heavy_work_r1,MSF,Large (141-200),190,heavy_work,325.6,39,20250409,89,BLK_89C,10,베이35A 론지취부,6,2025-04-10 13:51:10,2025-04-10 15:01:58,70.8,35A,베이35A,raw,
b190_heavy_work_r1,MSF,Large (141-200),190,heavy_work,325.6,39,20250409,89,BLK_89C,10,베이35A 론지용접,7,2025-04-10 15:01:58,2025-04-10 15:27:39,25.7,35A,베이35A,raw,
b190_heavy_work_r1,MSF,Large (141-200),190,heavy_work,325.6,39,20250409,89,BLK_89C,10,베이35A 수정,8,2025-04-10 15:27:39,2025-04-10 16:10:37,43.0,35A,베이35A,raw,
b190_heavy_work_r1,MSF,Large (141-200),190,heavy_work,325.6,39,20250409,133,BLK_133S,11,판계,1,2025-04-09 14:28:48,2025-04-09 15:16:48,48.0,,공통,raw,
b190_heavy_work_r1,MSF,Large (141-200),190,heavy_work,325.6,39,20250409,133,BLK_133S,11,전면SAW,2,2025-04-10 10:13:01,2025-04-10 13:36:16,203.3,,공통,raw,
b190_heavy_work_r1,MSF,Large (141-200),190,heavy_work,325.6,39,20250409,133,BLK_133S,11,TurnOver,3,2025-04-10 13:36:16,2025-04-10 13:50:40,14.4,,공통,raw,
b190_heavy_work_r1,MSF,Large (141-200),190,heavy_work,325.6,39,20250409,133,BLK_133S,11,후면SAW,4,2025-04-10 13:50:40,2025-04-10 16:48:41,178.0,,공통,raw,
b190_heavy_work_r1,MSF,Large (141-200),190,heavy_work,325.6,39,20250409,133,BLK_133S,11,NC,5,2025-04-10 16:48:41,2025-04-10 17:44:47,56.1,,공통,raw,
b190_heavy_work_r1,MSF,Large (141-200),190,heavy_work,325.6,39,20250409,133,BLK_133S,11,베이36B 론지취부,6,2025-04-10 17:44:47,2025-04-10 19:24:59,100.2,36B,베이36B,raw,
b190_heavy_work_r1,MSF,Large (141-200),190,heavy_work,325.6,39,20250409,133,BLK_133S,11,베이36B 론지용접,7,2025-04-10 19:24:59,2025-04-10 19:55:42,30.7,36B,베이36B,raw,
b190_heavy_work_r1,MSF,Large (141-200),190,heavy_work,325.6,39,20250409,133,BLK_133S,11,베이36B 수정,8,2025-04-10 19:55:42,2025-04-10 20:57:09,61.4,36B,베이36B,raw,
b190_heavy_work_r1,MSF,Large (141-200),190,heavy_work,325.6,39,20250409,110,BLK_110P,12,판계,1,2025-04-09 15:16:48,2025-04-09 15:52:48,36.0,,공통,raw,
b190_heavy_work_r1,MSF,Large (141-200),190,heavy_work,325.6,39,20250409,110,BLK_110P,12,전면SAW,2,2025-04-10 13:36:16,2025-04-10 14:16:47,40.5,,공통,raw,
b190_heavy_work_r1,MSF,Large (141-200),190,heavy_work,325.6,39,20250409,110,BLK_110P,12,TurnOver,3,2025-04-10 14:16:47,2025-04-10 14:31:11,14.4,,공통,raw,
b190_heavy_work_r1,MSF,Large (141-200),190,heavy_work,325.6,39,20250409,110,BLK_110P,12,후면SAW,4,2025-04-10 16:48:41,2025-04-10 17:16:38,27.9,,공통,raw,
b190_heavy_work_r1,MSF,Large (141-200),190,heavy_work,325.6,39,20250409,110,BLK_110P,12,NC,5,2025-04-10 17:44:47,2025-04-10 18:37:24,52.6,,공통,raw,
b190_heavy_work_r1,MSF,Large (141-200),190,heavy_work,325.6,39,20250409,110,BLK_110P,12,베이35A 론지취부,6,2025-04-10 18:37:24,2025-04-10 19:52:24,75.0,35A,베이35A,raw,
b190_heavy_work_r1,MSF,Large (141-200),190,heavy_work,325.6,39,20250409,110,BLK_110P,12,베이35A 론지용접,7,2025-04-10 19:52:24,2025-04-10 20:18:48,26.4,35A,베이35A,raw,
b190_heavy_work_r1,MSF,Large (141-200),190,heavy_work,325.6,39,20250409,110,BLK_110P,12,베이35A 수정,8,2025-04-10 20:18:48,2025-04-10 21:04:24,45.6,35A,베이35A,raw,
b190_heavy_work_r1,MSF,Large (141-200),190,heavy_work,325.6,39,20250409,153,BLK_153P,13,판계,1,2025-04-09 15:52:48,2025-04-09 16:32:24,39.6,,공통,raw,
b190_heavy_work_r1,MSF,Large (141-200),190,heavy_work,325.6,39,20250409,153,BLK_153P,13,전면SAW,2,2025-04-10 14:16:47,2025-04-10 16:11:05,114.3,,공통,raw,
b190_heavy_work_r1,MSF,Large (141-200),190,heavy_work,325.6,39,20250409,153,BLK_153P,13,TurnOver,3,2025-04-10 16:11:05,2025-04-10 16:25:29,14.4,,공통,raw,
b190_heavy_work_r1,MSF,Large (141-200),190,heavy_work,325.6,39,20250409,153,BLK_153P,13,후면SAW,4,2025-04-10 17:16:38,2025-04-10 18:46:10,89.5,,공통,raw,
b190_heavy_work_r1,MSF,Large (141-200),190,heavy_work,325.6,39,20250409,153,BLK_153P,13,NC,5,2025-04-10 18:46:10,2025-04-10 19:32:00,45.8,,공통,raw,
b190_heavy_work_r1,MSF,Large (141-200),190,heavy_work,325.6,39,20250409,153,BLK_153P,13,베이36B 론지취부,6,2025-04-10 19:32:00,2025-04-10 20:13:24,41.4,36B,베이36B,raw,
b190_heavy_work_r1,MSF,Large (141-200),190,heavy_work,325.6,39,20250409,153,BLK_153P,13,베이36B 론지용접,7,2025-04-10 20:13:24,2025-04-10 20:34:02,20.6,36B,베이36B,raw,
b190_heavy_work_r1,MSF,Large (141-200),190,heavy_work,325.6,39,20250409,153,BLK_153P,13,베이36B 수정,8,2025-04-10 20:57:09,2025-04-10 21:21:38,24.5,36B,베이36B,raw,
b190_heavy_work_r1,MSF,Large (141-200),190,heavy_work,325.6,39,20250410,150,BLK_150S,1,판계,1,2025-04-10 08:00:00,2025-04-10 08:36:00,36.0,,공통,raw,
b190_heavy_work_r1,MSF,Large (141-200),190,heavy_work,325.6,39,20250410,150,BLK_150S,1,전면SAW,2,2025-04-10 16:11:05,2025-04-10 16:42:56,31.9,,공통,raw,
b190_heavy_work_r1,MSF,Large (141-200),190,heavy_work,325.6,39,20250410,150,BLK_150S,1,TurnOver,3,2025-04-10 16:42:56,2025-04-10 16:57:20,14.4,,공통,raw,
b190_heavy_work_r1,MSF,Large (141-200),190,heavy_work,325.6,39,20250410,150,BLK_150S,1,후면SAW,4,2025-04-10 18:46:10,2025-04-10 19:02:44,16.6,,공통,raw,
b190_heavy_work_r1,MSF,Large (141-200),190,heavy_work,325.6,39,20250410,150,BLK_150S,1,NC,5,2025-04-10 19:32:00,2025-04-10 20:16:17,44.3,,공통,raw,
b190_heavy_work_r1,MSF,Large (141-200),190,heavy_work,325.6,39,20250410,150,BLK_150S,1,베이36B 론지취부,6,2025-04-10 20:16:17,2025-04-10 21:06:05,49.8,36B,베이36B,raw,
b190_heavy_work_r1,MSF,Large (141-200),190,heavy_work,325.6,39,20250410,150,BLK_150S,1,베이36B 론지용접,7,2025-04-10 21:06:05,2025-04-10 21:28:09,22.1,36B,베이36B,raw,
b190_heavy_work_r1,MSF,Large (141-200),190,heavy_work,325.6,39,20250410,150,BLK_150S,1,베이36B 수정,8,2025-04-10 21:28:09,2025-04-10 21:57:55,29.8,36B,베이36B,raw,
b190_heavy_work_r1,MSF,Large (141-200),190,heavy_work,325.6,39,20250410,138,BLK_138S,2,판계,1,2025-04-10 08:36:00,2025-04-10 09:30:00,54.0,,공통,raw,
b190_heavy_work_r1,MSF,Large (141-200),190,heavy_work,325.6,39,20250410,138,BLK_138S,2,전면SAW,2,2025-04-10 16:42:56,2025-04-10 20:03:51,200.9,,공통,raw,
b190_heavy_work_r1,MSF,Large (141-200),190,heavy_work,325.6,39,20250410,138,BLK_138S,2,TurnOver,3,2025-04-10 20:03:51,2025-04-10 20:18:15,14.4,,공통,raw,
b190_heavy_work_r1,MSF,Large (141-200),190,heavy_work,325.6,39,20250410,138,BLK_138S,2,후면SAW,4,2025-04-10 20:18:15,2025-04-10 22:47:07,148.9,,공통,raw,
b190_heavy_work_r1,MSF,Large (141-200),190,heavy_work,325.6,39,20250410,138,BLK_138S,2,NC,5,2025-04-10 22:47:07,2025-04-10 23:50:32,63.4,,공통,raw,
b190_heavy_work_r1,MSF,Large (141-200),190,heavy_work,325.6,39,20250410,138,BLK_138S,2,베이35A 론지취부,6,2025-04-10 23:50:32,2025-04-11 01:30:44,100.2,35A,베이35A,raw,
b190_heavy_work_r1,MSF,Large (141-200),190,heavy_work,325.6,39,20250410,138,BLK_138S,2,베이35A 론지용접,7,2025-04-11 01:30:44,2025-04-11 02:01:27,30.7,35A,베이35A,raw,
b190_heavy_work_r1,MSF,Large (141-200),190,heavy_work,325.6,39,20250410,138,BLK_138S,2,베이35A 수정,8,2025-04-11 02:01:27,2025-04-11 03:02:54,61.4,35A,베이35A,raw,
b190_heavy_work_r1,MSF,Large (141-200),190,heavy_work,325.6,39,20250410,174,BLK_174P,3,판계,1,2025-04-10 09:30:00,2025-04-10 10:06:00,36.0,,공통,raw,
b190_heavy_work_r1,MSF,Large (141-200),190,heavy_work,325.6,39,20250410,174,BLK_174P,3,전면SAW,2,2025-04-10 20:03:51,2025-04-10 20:38:51,35.0,,공통,raw,
b190_heavy_work_r1,MSF,Large (141-200),190,heavy_work,325.6,39,20250410,174,BLK_174P,3,TurnOver,3,2025-04-10 20:38:51,2025-04-10 20:53:15,14.4,,공통,raw,
b190_heavy_work_r1,MSF,Large (141-200),190,heavy_work,325.6,39,20250410,174,BLK_174P,3,후면SAW,4,2025-04-10 22:47:07,2025-04-10 23:07:50,20.7,,공통,raw,
b190_heavy_work_r1,MSF,Large (141-200),190,heavy_work,325.6,39,20250410,174,BLK_174P,3,NC,5,2025-04-10 23:50:32,2025-04-11 00:48:09,57.6,,공통,raw,
b190_heavy_work_r1,MSF,Large (141-200),190,heavy_work,325.6,39,20250410,174,BLK_174P,3,베이36B 론지취부,6,2025-04-11 00:48:09,2025-04-11 02:19:57,91.8,36B,베이36B,raw,
b190_heavy_work_r1,MSF,Large (141-200),190,heavy_work,325.6,39,20250410,174,BLK_174P,3,베이36B 론지용접,7,2025-04-11 02:19:57,2025-04-11 02:49:14,29.3,36B,베이36B,raw,
b190_heavy_work_r1,MSF,Large (141-200),190,heavy_work,325.6,39,20250410,174,BLK_174P,3,베이36B 수정,8,2025-04-11 02:49:14,2025-04-11 03:45:23,56.2,36B,베이36B,raw,
b190_heavy_work_r1,MSF,Large (141-200),190,heavy_work,325.6,39,20250410,124,BLK_124S,4,판계,1,2025-04-10 10:06:00,2025-04-10 10:51:36,45.6,,공통,raw,
b190_heavy_work_r1,MSF,Large (141-200),190,heavy_work,325.6,39,20250410,124,BLK_124S,4,전면SAW,2,2025-04-10 20:38:51,2025-04-10 22:34:09,115.3,,공통,raw,
b190_heavy_work_r1,MSF,Large (141-200),190,heavy_work,325.6,39,20250410,124,BLK_124S,4,TurnOver,3,2025-04-10 22:34:09,2025-04-10 22:48:33,14.4,,공통,raw,
b190_heavy_work_r1,MSF,Large (141-200),190,heavy_work,325.6,39,20250410,124,BLK_124S,4,후면SAW,4,2025-04-10 23:07:50,2025-04-11 00:38:16,90.4,,공통,raw,
b190_heavy_work_r1,MSF,Large (141-200),190,heavy_work,325.6,39,20250410,124,BLK_124S,4,NC,5,2025-04-11 00:48:09,2025-04-11 01:44:40,56.5,,공통,raw,
b190_heavy_work_r1,MSF,Large (141-200),190,heavy_work,325.6,39,20250410,124,BLK_124S,4,베이36B 론지취부,6,2025-04-11 02:19:57,2025-04-11 03:55:57,96.0,36B,베이36B,raw,
b190_heavy_work_r1,MSF,Large (141-200),190,heavy_work,325.6,39,20250410,124,BLK_124S,4,베이36B 론지용접,7,2025-04-11 03:55:57,2025-04-11 04:25:57,30.0,36B,베이36B,raw,
b190_heavy_work_r1,MSF,Large (141-200),190,heavy_work,325.6,39,20250410,124,BLK_124S,4,베이36B 수정,8,2025-04-11 04:25:57,2025-04-11 05:24:45,58.8,36B,베이36B,raw,
b190_heavy_work_r1,MSF,Large (141-200),190,heavy_work,325.6,39,20250410,108,BLK_108C,5,판계,1,2025-04-10 10:51:36,2025-04-10 11:45:36,54.0,,공통,raw,
b190_heavy_work_r1,MSF,Large (141-200),190,heavy_work,325.6,39,20250410,108,BLK_108C,5,전면SAW,2,2025-04-10 22:34:09,2025-04-10 23:12:16,38.1,,공통,raw,
b190_heavy_work_r1,MSF,Large (141-200),190,heavy_work,325.6,39,20250410,108,BLK_108C,5,TurnOver,3,2025-04-10 23:12:16,2025-04-10 23:26:40,14.4,,공통,raw,
b190_heavy_work_r1,MSF,Large (141-200),190,heavy_work,325.6,39,20250410,108,BLK_108C,5,후면SAW,4,2025-04-11 00:38:16,2025-04-11 01:03:05,24.8,,공통,raw,
b190_heavy_work_r1,MSF,Large (141-200),190,heavy_work,325.6,39,20250410,108,BLK_108C,5,NC,5,2025-04-11 01:44:40,2025-04-11 02:44:16,59.6,,공통,raw,
b190_heavy_work_r1,MSF,Large (141-200),190,heavy_work,325.6,39,20250410,108,BLK_108C,5,베이36B 론지취부,6,2025-04-11 03:55:57,2025-04-11 05:19:21,83.4,36B,베이36B,raw,
b190_heavy_work_r1,MSF,Large (141-200),190,heavy_work,325.6,39,20250410,108,BLK_108C,5,베이36B 론지용접,7,2025-04-11 05:19:21,2025-04-11 05:47:11,27.8,36B,베이36B,raw,
b190_heavy_work_r1,MSF,Large (141-200),190,heavy_work,325.6,39,20250410,108,BLK_108C,5,베이36B 수정,8,2025-04-11 05:47:11,2025-04-11 06:38:04,50.9,36B,베이36B,raw,
b190_heavy_work_r1,MSF,Large (141-200),190,heavy_work,325.6,39,20250410,55,BLK_55C,6,판계,1,2025-04-10 11:45:36,2025-04-10 12:39:36,54.0,,공통,raw,
b190_heavy_work_r1,MSF,Large (141-200),190,heavy_work,325.6,39,20250410,55,BLK_55C,6,전면SAW,2,2025-04-10 23:12:16,2025-04-11 01:38:43,146.4,,공통,raw,
b190_heavy_work_r1,MSF,Large (141-200),190,heavy_work,325.6,39,20250410,55,BLK_55C,6,TurnOver,3,2025-04-11 01:38:43,2025-04-11 01:53:07,14.4,,공통,raw,
b190_heavy_work_r1,MSF,Large (141-200),190,heavy_work,325.6,39,20250410,55,BLK_55C,6,후면SAW,4,2025-04-11 01:53:07,2025-04-11 03:38:25,105.3,,공통,raw,
b190_heavy_work_r1,MSF,Large (141-200),190,heavy_work,325.6,39,20250410,55,BLK_55C,6,NC,5,2025-04-11 03:38:25,2025-04-11 04:39:19,60.9,,공통,raw,
b190_heavy_work_r1,MSF,Large (141-200),190,heavy_work,325.6,39,20250410,55,BLK_55C,6,베이35A 론지취부,6,2025-04-11 04:39:19,2025-04-11 05:58:31,79.2,35A,베이35A,raw,
b190_heavy_work_r1,MSF,Large (141-200),190,heavy_work,325.6,39,20250410,55,BLK_55C,6,베이35A 론지용접,7,2025-04-11 05:58:31,2025-04-11 06:25:38,27.1,35A,베이35A,raw,
b190_heavy_work_r1,MSF,Large (141-200),190,heavy_work,325.6,39,20250410,55,BLK_55C,6,베이35A 수정,8,2025-04-11 06:25:38,2025-04-11 07:13:53,48.2,35A,베이35A,raw,
b190_heavy_work_r1,MSF,Large (141-200),190,heavy_work,325.6,39,20250410,149,BLK_149C,7,판계,1,2025-04-10 12:39:36,2025-04-10 13:42:00,62.4,,공통,raw,
b190_heavy_work_r1,MSF,Large (141-200),190,heavy_work,325.6,39,20250410,149,BLK_149C,7,전면SAW,2,2025-04-11 01:38:43,2025-04-11 02:27:43,49.0,,공통,raw,
b190_heavy_work_r1,MSF,Large (141-200),190,heavy_work,325.6,39,20250410,149,BLK_149C,7,TurnOver,3,2025-04-11 02:27:43,2025-04-11 02:42:07,14.4,,공통,raw,
b190_heavy_work_r1,MSF,Large (141-200),190,heavy_work,325.6,39,20250410,149,BLK_149C,7,후면SAW,4,2025-04-11 03:38:25,2025-04-11 04:17:33,39.1,,공통,raw,
b190_heavy_work_r1,MSF,Large (141-200),190,heavy_work,325.6,39,20250410,149,BLK_149C,7,NC,5,2025-04-11 04:39:19,2025-04-11 05:51:41,72.4,,공통,raw,
b190_heavy_work_r1,MSF,Large (141-200),190,heavy_work,325.6,39,20250410,149,BLK_149C,7,베이36B 론지취부,6,2025-04-11 05:51:41,2025-04-11 08:01:17,129.6,36B,베이36B,raw,
b190_heavy_work_r1,MSF,Large (141-200),190,heavy_work,325.6,39,20250410,149,BLK_149C,7,베이36B 론지용접,7,2025-04-11 08:01:17,2025-04-11 08:37:02,35.8,36B,베이36B,raw,
b190_heavy_work_r1,MSF,Large (141-200),190,heavy_work,325.6,39,20250410,149,BLK_149C,7,베이36B 수정,8,2025-04-11 08:37:02,2025-04-11 09:56:57,79.9,36B,베이36B,raw,
b190_heavy_work_r1,MSF,Large (141-200),190,heavy_work,325.6,39,20250410,139,BLK_139C,8,판계,1,2025-04-10 13:42:00,2025-04-10 14:18:00,36.0,,공통,raw,
b190_heavy_work_r1,MSF,Large (141-200),190,heavy_work,325.6,39,20250410,139,BLK_139C,8,전면SAW,2,2025-04-11 02:27:43,2025-04-11 04:32:08,124.4,,공통,raw,
b190_heavy_work_r1,MSF,Large (141-200),190,heavy_work,325.6,39,20250410,139,BLK_139C,8,TurnOver,3,2025-04-11 04:32:08,2025-04-11 04:46:32,14.4,,공통,raw,
b190_heavy_work_r1,MSF,Large (141-200),190,heavy_work,325.6,39,20250410,139,BLK_139C,8,후면SAW,4,2025-04-11 04:46:32,2025-04-11 06:25:17,98.7,,공통,raw,
b190_heavy_work_r1,MSF,Large (141-200),190,heavy_work,325.6,39,20250410,139,BLK_139C,8,NC,5,2025-04-11 06:25:17,2025-04-11 07:31:12,65.9,,공통,raw,
b190_heavy_work_r1,MSF,Large (141-200),190,heavy_work,325.6,39,20250410,139,BLK_139C,8,베이35A 론지취부,6,2025-04-11 07:31:12,2025-04-11 08:58:48,87.6,35A,베이35A,raw,
b190_heavy_work_r1,MSF,Large (141-200),190,heavy_work,325.6,39,20250410,139,BLK_139C,8,베이35A 론지용접,7,2025-04-11 08:58:48,2025-04-11 09:27:22,28.6,35A,베이35A,raw,
b190_heavy_work_r1,MSF,Large (141-200),190,heavy_work,325.6,39,20250410,139,BLK_139C,8,베이35A 수정,8,2025-04-11 09:27:22,2025-04-11 10:20:53,53.5,35A,베이35A,raw,
b190_heavy_work_r1,MSF,Large (141-200),190,heavy_work,325.6,39,20250410,31,BLK_31P,9,판계,1,2025-04-10 14:18:00,2025-04-10 14:54:00,36.0,,공통,raw,
b190_heavy_work_r1,MSF,Large (141-200),190,heavy_work,325.6,39,20250410,31,BLK_31P,9,전면SAW,2,2025-04-11 04:32:08,2025-04-11 05:08:43,36.6,,공통,raw,
b190_heavy_work_r1,MSF,Large (141-200),190,heavy_work,325.6,39,20250410,31,BLK_31P,9,TurnOver,3,2025-04-11 05:08:43,2025-04-11 05:23:07,14.4,,공통,raw,
b190_heavy_work_r1,MSF,Large (141-200),190,heavy_work,325.6,39,20250410,31,BLK_31P,9,후면SAW,4,2025-04-11 06:25:17,2025-04-11 06:48:05,22.8,,공통,raw,
b190_heavy_work_r1,MSF,Large (141-200),190,heavy_work,325.6,39,20250410,31,BLK_31P,9,NC,5,2025-04-11 07:31:12,2025-04-11 08:32:52,61.7,,공통,raw,
b190_heavy_work_r1,MSF,Large (141-200),190,heavy_work,325.6,39,20250410,31,BLK_31P,9,베이36B 론지취부,6,2025-04-11 08:32:52,2025-04-11 10:08:52,96.0,36B,베이36B,raw,
b190_heavy_work_r1,MSF,Large (141-200),190,heavy_work,325.6,39,20250410,31,BLK_31P,9,베이36B 론지용접,7,2025-04-11 10:08:52,2025-04-11 10:38:52,30.0,36B,베이36B,raw,
b190_heavy_work_r1,MSF,Large (141-200),190,heavy_work,325.6,39,20250410,31,BLK_31P,9,베이36B 수정,8,2025-04-11 10:38:52,2025-04-11 11:37:40,58.8,36B,베이36B,raw,
b190_heavy_work_r1,MSF,Large (141-200),190,heavy_work,325.6,39,20250410,175,BLK_175S,10,판계,1,2025-04-10 14:54:00,2025-04-10 15:30:00,36.0,,공통,raw,
b190_heavy_work_r1,MSF,Large (141-200),190,heavy_work,325.6,39,20250410,175,BLK_175S,10,전면SAW,2,2025-04-11 05:08:43,2025-04-11 08:16:33,187.8,,공통,raw,
b190_heavy_work_r1,MSF,Large (141-200),190,heavy_work,325.6,39,20250410,175,BLK_175S,10,TurnOver,3,2025-04-11 08:16:33,2025-04-11 08:30:57,14.4,,공통,raw,
b190_heavy_work_r1,MSF,Large (141-200),190,heavy_work,325.6,39,20250410,175,BLK_175S,10,후면SAW,4,2025-04-11 08:30:57,2025-04-11 10:49:22,138.4,,공통,raw,
b190_heavy_work_r1,MSF,Large (141-200),190,heavy_work,325.6,39,20250410,175,BLK_175S,10,NC,5,2025-04-11 10:49:22,2025-04-11 11:58:16,68.9,,공통,raw,
b190_heavy_work_r1,MSF,Large (141-200),190,heavy_work,325.6,39,20250410,175,BLK_175S,10,베이35A 론지취부,6,2025-04-11 11:58:16,2025-04-11 13:13:16,75.0,35A,베이35A,raw,
b190_heavy_work_r1,MSF,Large (141-200),190,heavy_work,325.6,39,20250410,175,BLK_175S,10,베이35A 론지용접,7,2025-04-11 13:13:16,2025-04-11 13:39:40,26.4,35A,베이35A,raw,
b190_heavy_work_r1,MSF,Large (141-200),190,heavy_work,325.6,39,20250410,175,BLK_175S,10,베이35A 수정,8,2025-04-11 13:39:40,2025-04-11 14:25:16,45.6,35A,베이35A,raw,
b190_heavy_work_r1,MSF,Large (141-200),190,heavy_work,325.6,39,20250410,159,BLK_159C,11,판계,1,2025-04-10 15:30:00,2025-04-10 15:44:24,14.4,,공통,raw,
b190_heavy_work_r1,MSF,Large (141-200),190,heavy_work,325.6,39,20250410,159,BLK_159C,11,전면SAW,2,2025-04-11 08:16:33,2025-04-11 09:07:27,50.9,,공통,raw,
b190_heavy_work_r1,MSF,Large (141-200),190,heavy_work,325.6,39,20250410,159,BLK_159C,11,TurnOver,3,2025-04-11 09:07:27,2025-04-11 09:21:51,14.4,,공통,raw,
b190_heavy_work_r1,MSF,Large (141-200),190,heavy_work,325.6,39,20250410,159,BLK_159C,11,후면SAW,4,2025-04-11 10:49:22,2025-04-11 11:30:59,41.6,,공통,raw,
b190_heavy_work_r1,MSF,Large (141-200),190,heavy_work,325.6,39,20250410,159,BLK_159C,11,NC,5,2025-04-11 11:58:16,2025-04-11 12:23:00,24.7,,공통,raw,
b190_heavy_work_r1,MSF,Large (141-200),190,heavy_work,325.6,39,20250410,159,BLK_159C,11,베이36B 론지취부,6,2025-04-11 12:23:00,2025-04-11 13:08:36,45.6,36B,베이36B,raw,
b190_heavy_work_r1,MSF,Large (141-200),190,heavy_work,325.6,39,20250410,159,BLK_159C,11,베이36B 론지용접,7,2025-04-11 13:08:36,2025-04-11 13:25:10,16.6,36B,베이36B,raw,
b190_heavy_work_r1,MSF,Large (141-200),190,heavy_work,325.6,39,20250410,159,BLK_159C,11,베이36B 수정,8,2025-04-11 13:25:10,2025-04-11 13:52:17,27.1,36B,베이36B,raw,
b190_heavy_work_r1,MSF,Large (141-200),190,heavy_work,325.6,39,20250410,112,BLK_112C,12,판계,1,2025-04-10 15:44:24,2025-04-10 16:08:24,24.0,,공통,raw,
b190_heavy_work_r1,MSF,Large (141-200),190,heavy_work,325.6,39,20250410,112,BLK_112C,12,전면SAW,2,2025-04-11 09:07:27,2025-04-11 12:05:58,178.5,,공통,raw,
b190_heavy_work_r1,MSF,Large (141-200),190,heavy_work,325.6,39,20250410,112,BLK_112C,12,TurnOver,3,2025-04-11 12:05:58,2025-04-11 12:20:22,14.4,,공통,raw,
b190_heavy_work_r1,MSF,Large (141-200),190,heavy_work,325.6,39,20250410,112,BLK_112C,12,후면SAW,4,2025-04-11 12:20:22,2025-04-11 14:48:27,148.1,,공통,raw,
b190_heavy_work_r1,MSF,Large (141-200),190,heavy_work,325.6,39,20250410,112,BLK_112C,12,NC,5,2025-04-11 14:48:27,2025-04-11 15:19:56,31.5,,공통,raw,
b190_heavy_work_r1,MSF,Large (141-200),190,heavy_work,325.6,39,20250410,112,BLK_112C,12,베이35A 론지취부,6,2025-04-11 15:19:56,2025-04-11 16:26:32,66.6,35A,베이35A,raw,
b190_heavy_work_r1,MSF,Large (141-200),190,heavy_work,325.6,39,20250410,112,BLK_112C,12,베이35A 론지용접,7,2025-04-11 16:26:32,2025-04-11 16:51:30,25.0,35A,베이35A,raw,
b190_heavy_work_r1,MSF,Large (141-200),190,heavy_work,325.6,39,20250410,112,BLK_112C,12,베이35A 수정,8,2025-04-11 16:51:30,2025-04-11 17:31:49,40.3,35A,베이35A,raw,
b190_heavy_work_r1,MSF,Large (141-200),190,heavy_work,325.6,39,20250410,22,BLK_22S,13,판계,1,2025-04-10 16:08:24,2025-04-10 16:32:24,24.0,,공통,raw,
b190_heavy_work_r1,MSF,Large (141-200),190,heavy_work,325.6,39,20250410,22,BLK_22S,13,전면SAW,2,2025-04-11 12:05:58,2025-04-11 12:47:21,41.4,,공통,raw,
b190_heavy_work_r1,MSF,Large (141-200),190,heavy_work,325.6,39,20250410,22,BLK_22S,13,TurnOver,3,2025-04-11 12:47:21,2025-04-11 13:01:45,14.4,,공통,raw,
b190_heavy_work_r1,MSF,Large (141-200),190,heavy_work,325.6,39,20250410,22,BLK_22S,13,후면SAW,4,2025-04-11 14:48:27,2025-04-11 15:17:33,29.1,,공통,raw,
b190_heavy_work_r1,MSF,Large (141-200),190,heavy_work,325.6,39,20250410,22,BLK_22S,13,NC,5,2025-04-11 15:19:56,2025-04-11 15:52:24,32.5,,공통,raw,
b190_heavy_work_r1,MSF,Large (141-200),190,heavy_work,325.6,39,20250410,22,BLK_22S,13,베이36B 론지취부,6,2025-04-11 15:52:24,2025-04-11 16:46:24,54.0,36B,베이36B,raw,
b190_heavy_work_r1,MSF,Large (141-200),190,heavy_work,325.6,39,20250410,22,BLK_22S,13,베이36B 론지용접,7,2025-04-11 16:46:24,2025-04-11 17:09:12,22.8,36B,베이36B,raw,
b190_heavy_work_r1,MSF,Large (141-200),190,heavy_work,325.6,39,20250410,22,BLK_22S,13,베이36B 수정,8,2025-04-11 17:09:12,2025-04-11 17:41:36,32.4,36B,베이36B,raw,
b190_heavy_work_r1,MSF,Large (141-200),190,heavy_work,325.6,39,20250411,109,BLK_109C,1,판계,1,2025-04-11 08:00:00,2025-04-11 08:24:00,24.0,,공통,raw,
b190_heavy_work_r1,MSF,Large (141-200),190,heavy_work,325.6,39,20250411,109,BLK_109C,1,전면SAW,2,2025-04-11 12:47:21,2025-04-11 13:25:17,37.9,,공통,raw,
b190_heavy_work_r1,MSF,Large (141-200),190,heavy_work,325.6,39,20250411,109,BLK_109C,1,TurnOver,3,2025-04-11 13:25:17,2025-04-11 13:39:41,14.4,,공통,raw,
b190_heavy_work_r1,MSF,Large (141-200),190,heavy_work,325.6,39,20250411,109,BLK_109C,1,후면SAW,4,2025-04-11 15:17:33,2025-04-11 15:42:06,24.6,,공통,raw,
b190_heavy_work_r1,MSF,Large (141-200),190,heavy_work,325.6,39,20250411,109,BLK_109C,1,NC,5,2025-04-11 15:52:24,2025-04-11 16:24:37,32.2,,공통,raw,
b190_heavy_work_r1,MSF,Large (141-200),190,heavy_work,325.6,39,20250411,109,BLK_109C,1,베이35A 론지취부,6,2025-04-11 16:26:32,2025-04-11 17:37:20,70.8,35A,베이35A,raw,
b190_heavy_work_r1,MSF,Large (141-200),190,heavy_work,325.6,39,20250411,109,BLK_109C,1,베이35A 론지용접,7,2025-04-11 17:37:20,2025-04-11 18:03:01,25.7,35A,베이35A,raw,
b190_heavy_work_r1,MSF,Large (141-200),190,heavy_work,325.6,39,20250411,109,BLK_109C,1,베이35A 수정,8,2025-04-11 18:03:01,2025-04-11 18:45:59,43.0,35A,베이35A,raw,
b190_heavy_work_r1,MSF,Large (141-200),190,heavy_work,325.6,39,20250411,26,BLK_26S,2,판계,1,2025-04-11 08:24:00,2025-04-11 08:54:00,30.0,,공통,raw,
b190_heavy_work_r1,MSF,Large (141-200),190,heavy_work,325.6,39,20250411,26,BLK_26S,2,전면SAW,2,2025-04-11 13:25:17,2025-04-11 14:06:23,41.1,,공통,raw,
b190_heavy_work_r1,MSF,Large (141-200),190,heavy_work,325.6,39,20250411,26,BLK_26S,2,TurnOver,3,2025-04-11 14:06:23,2025-04-11 14:20:47,14.4,,공통,raw,
b190_heavy_work_r1,MSF,Large (141-200),190,heavy_work,325.6,39,20250411,26,BLK_26S,2,후면SAW,4,2025-04-11 15:42:06,2025-04-11 16:10:50,28.7,,공통,raw,
b190_heavy_work_r1,MSF,Large (141-200),190,heavy_work,325.6,39,20250411,26,BLK_26S,2,NC,5,2025-04-11 16:24:37,2025-04-11 17:08:48,44.2,,공통,raw,
b190_heavy_work_r1,MSF,Large (141-200),190,heavy_work,325.6,39,20250411,26,BLK_26S,2,베이36B 론지취부,6,2025-04-11 17:08:48,2025-04-11 18:49:00,100.2,36B,베이36B,raw,
b190_heavy_work_r1,MSF,Large (141-200),190,heavy_work,325.6,39,20250411,26,BLK_26S,2,베이36B 론지용접,7,2025-04-11 18:49:00,2025-04-11 19:19:43,30.7,36B,베이36B,raw,
b190_heavy_work_r1,MSF,Large (141-200),190,heavy_work,325.6,39,20250411,26,BLK_26S,2,베이36B 수정,8,2025-04-11 19:19:43,2025-04-11 20:21:10,61.4,36B,베이36B,raw,
b190_heavy_work_r1,MSF,Large (141-200),190,heavy_work,325.6,39,20250411,82,BLK_82C,3,판계,1,2025-04-11 08:54:00,2025-04-11 09:24:00,30.0,,공통,raw,
b190_heavy_work_r1,MSF,Large (141-200),190,heavy_work,325.6,39,20250411,82,BLK_82C,3,전면SAW,2,2025-04-11 14:06:23,2025-04-11 14:42:02,35.7,,공통,raw,
b190_heavy_work_r1,MSF,Large (141-200),190,heavy_work,325.6,39,20250411,82,BLK_82C,3,TurnOver,3,2025-04-11 14:42:02,2025-04-11 14:56:26,14.4,,공통,raw,
b190_heavy_work_r1,MSF,Large (141-200),190,heavy_work,325.6,39,20250411,82,BLK_82C,3,후면SAW,4,2025-04-11 16:10:50,2025-04-11 16:32:24,21.6,,공통,raw,
b190_heavy_work_r1,MSF,Large (141-200),190,heavy_work,325.6,39,20250411,82,BLK_82C,3,NC,5,2025-04-11 17:08:48,2025-04-11 17:46:37,37.8,,공통,raw,
b190_heavy_work_r1,MSF,Large (141-200),190,heavy_work,325.6,39,20250411,82,BLK_82C,3,베이35A 론지취부,6,2025-04-11 17:46:37,2025-04-11 18:32:13,45.6,35A,베이35A,raw,
b190_heavy_work_r1,MSF,Large (141-200),190,heavy_work,325.6,39,20250411,82,BLK_82C,3,베이35A 론지용접,7,2025-04-11 18:32:13,2025-04-11 18:53:35,21.4,35A,베이35A,raw,
b190_heavy_work_r1,MSF,Large (141-200),190,heavy_work,325.6,39,20250411,82,BLK_82C,3,베이35A 수정,8,2025-04-11 18:53:35,2025-04-11 19:20:42,27.1,35A,베이35A,raw,
b190_heavy_work_r1,MSF,Large (141-200),190,heavy_work,325.6,39,20250411,122,BLK_122P,4,판계,1,2025-04-11 09:24:00,2025-04-11 10:00:00,36.0,,공통,raw,
b190_heavy_work_r1,MSF,Large (141-200),190,heavy_work,325.6,39,20250411,122,BLK_122P,4,전면SAW,2,2025-04-11 14:42:02,2025-04-11 15:20:47,38.7,,공통,raw,
b190_heavy_work_r1,MSF,Large (141-200),190,heavy_work,325.6,39,20250411,122,BLK_122P,4,TurnOver,3,2025-04-11 15:20:47,2025-04-11 15:35:11,14.4,,공통,raw,
b190_heavy_work_r1,MSF,Large (141-200),190,heavy_work,325.6,39,20250411,122,BLK_122P,4,후면SAW,4,2025-04-11 16:32:24,2025-04-11 16:58:01,25.6,,공통,raw,
b190_heavy_work_r1,MSF,Large (141-200),190,heavy_work,325.6,39,20250411,122,BLK_122P,4,NC,5,2025-04-11 17:46:37,2025-04-11 18:37:53,51.3,,공통,raw,
b190_heavy_work_r1,MSF,Large (141-200),190,heavy_work,325.6,39,20250411,122,BLK_122P,4,베이36B 론지취부,6,2025-04-11 18:49:00,2025-04-11 19:55:36,66.6,36B,베이36B,raw,
b190_heavy_work_r1,MSF,Large (141-200),190,heavy_work,325.6,39,20250411,122,BLK_122P,4,베이36B 론지용접,7,2025-04-11 19:55:36,2025-04-11 20:20:34,25.0,36B,베이36B,raw,
b190_heavy_work_r1,MSF,Large (141-200),190,heavy_work,325.6,39,20250411,122,BLK_122P,4,베이36B 수정,8,2025-04-11 20:21:10,2025-04-11 21:01:29,40.3,36B,베이36B,raw,
b190_heavy_work_r1,MSF,Large (141-200),190,heavy_work,325.6,39,20250411,185,BLK_122S,5,판계,1,2025-04-11 10:00:00,2025-04-11 10:36:00,36.0,,공통,raw,
b190_heavy_work_r1,MSF,Large (141-200),190,heavy_work,325.6,39,20250411,185,BLK_122S,5,전면SAW,2,2025-04-11 15:20:47,2025-04-11 15:59:31,38.7,,공통,raw,
b190_heavy_work_r1,MSF,Large (141-200),190,heavy_work,325.6,39,20250411,185,BLK_122S,5,TurnOver,3,2025-04-11 15:59:31,2025-04-11 16:13:55,14.4,,공통,raw,
b190_heavy_work_r1,MSF,Large (141-200),190,heavy_work,325.6,39,20250411,185,BLK_122S,5,후면SAW,4,2025-04-11 16:58:01,2025-04-11 17:23:39,25.6,,공통,raw,
b190_heavy_work_r1,MSF,Large (141-200),190,heavy_work,325.6,39,20250411,185,BLK_122S,5,NC,5,2025-04-11 18:37:53,2025-04-11 19:29:09,51.3,,공통,raw,
b190_heavy_work_r1,MSF,Large (141-200),190,heavy_work,325.6,39,20250411,185,BLK_122S,5,베이35A 론지취부,6,2025-04-11 19:29:09,2025-04-11 20:35:45,66.6,35A,베이35A,raw,
b190_heavy_work_r1,MSF,Large (141-200),190,heavy_work,325.6,39,20250411,185,BLK_122S,5,베이35A 론지용접,7,2025-04-11 20:35:45,2025-04-11 21:00:43,25.0,35A,베이35A,raw,
b190_heavy_work_r1,MSF,Large (141-200),190,heavy_work,325.6,39,20250411,185,BLK_122S,5,베이35A 수정,8,2025-04-11 21:00:43,2025-04-11 21:41:02,40.3,35A,베이35A,raw,
b190_heavy_work_r1,MSF,Large (141-200),190,heavy_work,325.6,39,20250411,119,BLK_119P,6,판계,1,2025-04-11 10:36:00,2025-04-11 11:12:00,36.0,,공통,raw,
b190_heavy_work_r1,MSF,Large (141-200),190,heavy_work,325.6,39,20250411,119,BLK_119P,6,전면SAW,2,2025-04-11 15:59:31,2025-04-11 16:32:38,33.1,,공통,raw,
b190_heavy_work_r1,MSF,Large (141-200),190,heavy_work,325.6,39,20250411,119,BLK_119P,6,TurnOver,3,2025-04-11 16:32:38,2025-04-11 16:47:02,14.4,,공통,raw,
b190_heavy_work_r1,MSF,Large (141-200),190,heavy_work,325.6,39,20250411,119,BLK_119P,6,후면SAW,4,2025-04-11 17:23:39,2025-04-11 17:41:52,18.2,,공통,raw,
b190_heavy_work_r1,MSF,Large (141-200),190,heavy_work,325.6,39,20250411,119,BLK_119P,6,NC,5,2025-04-11 19:29:09,2025-04-11 20:13:34,44.4,,공통,raw,
b190_heavy_work_r1,MSF,Large (141-200),190,heavy_work,325.6,39,20250411,119,BLK_119P,6,베이36B 론지취부,6,2025-04-11 20:13:34,2025-04-11 21:07:34,54.0,36B,베이36B,raw,
b190_heavy_work_r1,MSF,Large (141-200),190,heavy_work,325.6,39,20250411,119,BLK_119P,6,베이36B 론지용접,7,2025-04-11 21:07:34,2025-04-11 21:30:22,22.8,36B,베이36B,raw,
b190_heavy_work_r1,MSF,Large (141-200),190,heavy_work,325.6,39,20250411,119,BLK_119P,6,베이36B 수정,8,2025-04-11 21:30:22,2025-04-11 22:02:46,32.4,36B,베이36B,raw,
b190_heavy_work_r1,MSF,Large (141-200),190,heavy_work,325.6,39,20250411,179,BLK_179C,7,판계,1,2025-04-11 11:12:00,2025-04-11 11:57:36,45.6,,공통,raw,
b190_heavy_work_r1,MSF,Large (141-200),190,heavy_work,325.6,39,20250411,179,BLK_179C,7,전면SAW,2,2025-04-11 16:32:38,2025-04-11 19:18:05,165.4,,공통,raw,
b190_heavy_work_r1,MSF,Large (141-200),190,heavy_work,325.6,39,20250411,179,BLK_179C,7,TurnOver,3,2025-04-11 19:18:05,2025-04-11 19:32:29,14.4,,공통,raw,
b190_heavy_work_r1,MSF,Large (141-200),190,heavy_work,325.6,39,20250411,179,BLK_179C,7,후면SAW,4,2025-04-11 19:32:29,2025-04-11 22:23:48,171.3,,공통,raw,
b190_heavy_work_r1,MSF,Large (141-200),190,heavy_work,325.6,39,20250411,179,BLK_179C,7,NC,5,2025-04-11 22:23:48,2025-04-11 23:23:39,59.9,,공통,raw,
b190_heavy_work_r1,MSF,Large (141-200),190,heavy_work,325.6,39,20250411,179,BLK_179C,7,베이35A 론지취부,6,2025-04-11 23:23:39,2025-04-12 01:12:15,108.6,35A,베이35A,raw,
b190_heavy_work_r1,MSF,Large (141-200),190,heavy_work,325.6,39,20250411,179,BLK_179C,7,베이35A 론지용접,7,2025-04-12 01:12:15,2025-04-12 01:44:25,32.2,35A,베이35A,raw,
b190_heavy_work_r1,MSF,Large (141-200),190,heavy_work,325.6,39,20250411,179,BLK_179C,7,베이35A 수정,8,2025-04-12 01:44:25,2025-04-12 02:51:08,66.7,35A,베이35A,raw,
b190_heavy_work_r1,MSF,Large (141-200),190,heavy_work,325.6,39,20250411,92,BLK_92S,8,판계,1,2025-04-11 11:57:36,2025-04-11 12:33:36,36.0,,공통,raw,
b190_heavy_work_r1,MSF,Large (141-200),190,heavy_work,325.6,39,20250411,92,BLK_92S,8,전면SAW,2,2025-04-11 19:18:05,2025-04-11 19:53:44,35.7,,공통,raw,
b190_heavy_work_r1,MSF,Large (141-200),190,heavy_work,325.6,39,20250411,92,BLK_92S,8,TurnOver,3,2025-04-11 19:53:44,2025-04-11 20:08:08,14.4,,공통,raw,
b190_heavy_work_r1,MSF,Large (141-200),190,heavy_work,325.6,39,20250411,92,BLK_92S,8,후면SAW,4,2025-04-11 22:23:48,2025-04-11 22:45:23,21.6,,공통,raw,
b190_heavy_work_r1,MSF,Large (141-200),190,heavy_work,325.6,39,20250411,92,BLK_92S,8,NC,5,2025-04-11 23:23:39,2025-04-12 00:23:27,59.8,,공통,raw,
b190_heavy_work_r1,MSF,Large (141-200),190,heavy_work,325.6,39,20250411,92,BLK_92S,8,베이36B 론지취부,6,2025-04-12 00:23:27,2025-04-12 01:55:15,91.8,36B,베이36B,raw,
b190_heavy_work_r1,MSF,Large (141-200),190,heavy_work,325.6,39,20250411,92,BLK_92S,8,베이36B 론지용접,7,2025-04-12 01:55:15,2025-04-12 02:24:32,29.3,36B,베이36B,raw,
b190_heavy_work_r1,MSF,Large (141-200),190,heavy_work,325.6,39,20250411,92,BLK_92S,8,베이36B 수정,8,2025-04-12 02:24:32,2025-04-12 03:20:42,56.2,36B,베이36B,raw,
b190_heavy_work_r1,MSF,Large (141-200),190,heavy_work,325.6,39,20250411,34,BLK_34C,9,판계,1,2025-04-11 12:33:36,2025-04-11 13:13:12,39.6,,공통,raw,
b190_heavy_work_r1,MSF,Large (141-200),190,heavy_work,325.6,39,20250411,34,BLK_34C,9,전면SAW,2,2025-04-11 19:53:44,2025-04-11 21:54:05,120.3,,공통,raw,
b190_heavy_work_r1,MSF,Large (141-200),190,heavy_work,325.6,39,20250411,34,BLK_34C,9,TurnOver,3,2025-04-11 21:54:05,2025-04-11 22:08:29,14.4,,공통,raw,
b190_heavy_work_r1,MSF,Large (141-200),190,heavy_work,325.6,39,20250411,34,BLK_34C,9,후면SAW,4,2025-04-11 22:45:23,2025-04-12 00:20:24,95.0,,공통,raw,
b190_heavy_work_r1,MSF,Large (141-200),190,heavy_work,325.6,39,20250411,34,BLK_34C,9,NC,5,2025-04-12 00:23:27,2025-04-12 01:08:47,45.3,,공통,raw,
b190_heavy_work_r1,MSF,Large (141-200),190,heavy_work,325.6,39,20250411,34,BLK_34C,9,베이35A 론지취부,6,2025-04-12 01:12:15,2025-04-12 02:06:15,54.0,35A,베이35A,raw,
b190_heavy_work_r1,MSF,Large (141-200),190,heavy_work,325.6,39,20250411,34,BLK_34C,9,베이35A 론지용접,7,2025-04-12 02:06:15,2025-04-12 02:29:03,22.8,35A,베이35A,raw,
b190_heavy_work_r1,MSF,Large (141-200),190,heavy_work,325.6,39,20250411,34,BLK_34C,9,베이35A 수정,8,2025-04-12 02:51:08,2025-04-12 03:23:32,32.4,35A,베이35A,raw,
b190_heavy_work_r1,MSF,Large (141-200),190,heavy_work,325.6,39,20250411,129,BLK_129C,10,판계,1,2025-04-11 13:13:12,2025-04-11 13:49:12,36.0,,공통,raw,
b190_heavy_work_r1,MSF,Large (141-200),190,heavy_work,325.6,39,20250411,129,BLK_129C,10,전면SAW,2,2025-04-11 21:54:05,2025-04-11 22:39:59,45.9,,공통,raw,
b190_heavy_work_r1,MSF,Large (141-200),190,heavy_work,325.6,39,20250411,129,BLK_129C,10,TurnOver,3,2025-04-11 22:39:59,2025-04-11 22:54:23,14.4,,공통,raw,
b190_heavy_work_r1,MSF,Large (141-200),190,heavy_work,325.6,39,20250411,129,BLK_129C,10,후면SAW,4,2025-04-12 00:20:24,2025-04-12 00:55:28,35.1,,공통,raw,
b190_heavy_work_r1,MSF,Large (141-200),190,heavy_work,325.6,39,20250411,129,BLK_129C,10,NC,5,2025-04-12 01:08:47,2025-04-12 02:06:08,57.4,,공통,raw,
b190_heavy_work_r1,MSF,Large (141-200),190,heavy_work,325.6,39,20250411,129,BLK_129C,10,베이36B 론지취부,6,2025-04-12 02:06:08,2025-04-12 03:04:20,58.2,36B,베이36B,raw,
b190_heavy_work_r1,MSF,Large (141-200),190,heavy_work,325.6,39,20250411,129,BLK_129C,10,베이36B 론지용접,7,2025-04-12 03:04:20,2025-04-12 03:27:51,23.5,36B,베이36B,raw,
b190_heavy_work_r1,MSF,Large (141-200),190,heavy_work,325.6,39,20250411,129,BLK_129C,10,베이36B 수정,8,2025-04-12 03:27:51,2025-04-12 04:02:54,35.0,36B,베이36B,raw,
b190_heavy_work_r1,MSF,Large (141-200),190,heavy_work,325.6,39,20250411,18,BLK_18C,11,판계,1,2025-04-11 13:49:12,2025-04-11 14:34:48,45.6,,공통,raw,
b190_heavy_work_r1,MSF,Large (141-200),190,heavy_work,325.6,39,20250411,18,BLK_18C,11,전면SAW,2,2025-04-11 22:39:59,2025-04-12 01:08:33,148.6,,공통,raw,
b190_heavy_work_r1,MSF,Large (141-200),190,heavy_work,325.6,39,20250411,18,BLK_18C,11,TurnOver,3,2025-04-12 01:08:33,2025-04-12 01:22:57,14.4,,공통,raw,
b190_heavy_work_r1,MSF,Large (141-200),190,heavy_work,325.6,39,20250411,18,BLK_18C,11,후면SAW,4,2025-04-12 01:22:57,2025-04-12 03:54:36,151.6,,공통,raw,
b190_heavy_work_r1,MSF,Large (141-200),190,heavy_work,325.6,39,20250411,18,BLK_18C,11,NC,5,2025-04-12 03:54:36,2025-04-12 04:51:19,56.7,,공통,raw,
b190_heavy_work_r1,MSF,Large (141-200),190,heavy_work,325.6,39,20250411,18,BLK_18C,11,베이35A 론지취부,6,2025-04-12 04:51:19,2025-04-12 06:14:43,83.4,35A,베이35A,raw,
b190_heavy_work_r1,MSF,Large (141-200),190,heavy_work,325.6,39,20250411,18,BLK_18C,11,베이35A 론지용접,7,2025-04-12 06:14:43,2025-04-12 06:42:33,27.8,35A,베이35A,raw,
b190_heavy_work_r1,MSF,Large (141-200),190,heavy_work,325.6,39,20250411,18,BLK_18C,11,베이35A 수정,8,2025-04-12 06:42:33,2025-04-12 07:33:26,50.9,35A,베이35A,raw,
b190_heavy_work_r1,MSF,Large (141-200),190,heavy_work,325.6,39,20250411,30,BLK_30C,12,판계,1,2025-04-11 14:34:48,2025-04-11 15:10:48,36.0,,공통,raw,
b190_heavy_work_r1,MSF,Large (141-200),190,heavy_work,325.6,39,20250411,30,BLK_30C,12,전면SAW,2,2025-04-12 01:08:33,2025-04-12 01:47:54,39.3,,공통,raw,
b190_heavy_work_r1,MSF,Large (141-200),190,heavy_work,325.6,39,20250411,30,BLK_30C,12,TurnOver,3,2025-04-12 01:47:54,2025-04-12 02:02:18,14.4,,공통,raw,
b190_heavy_work_r1,MSF,Large (141-200),190,heavy_work,325.6,39,20250411,30,BLK_30C,12,후면SAW,4,2025-04-12 03:54:36,2025-04-12 04:21:02,26.4,,공통,raw,
b190_heavy_work_r1,MSF,Large (141-200),190,heavy_work,325.6,39,20250411,30,BLK_30C,12,NC,5,2025-04-12 04:51:19,2025-04-12 05:52:11,60.9,,공통,raw,
b190_heavy_work_r1,MSF,Large (141-200),190,heavy_work,325.6,39,20250411,30,BLK_30C,12,베이36B 론지취부,6,2025-04-12 05:52:11,2025-04-12 07:53:23,121.2,36B,베이36B,raw,
b190_heavy_work_r1,MSF,Large (141-200),190,heavy_work,325.6,39,20250411,30,BLK_30C,12,베이36B 론지용접,7,2025-04-12 07:53:23,2025-04-12 08:27:42,34.3,36B,베이36B,raw,
b190_heavy_work_r1,MSF,Large (141-200),190,heavy_work,325.6,39,20250411,30,BLK_30C,12,베이36B 수정,8,2025-04-12 08:27:42,2025-04-12 09:42:20,74.6,36B,베이36B,raw,
b190_heavy_work_r1,MSF,Large (141-200),190,heavy_work,325.6,39,20250411,102,BLK_102S,13,판계,1,2025-04-11 15:10:48,2025-04-11 16:04:48,54.0,,공통,raw,
b190_heavy_work_r1,MSF,Large (141-200),190,heavy_work,325.6,39,20250411,102,BLK_102S,13,전면SAW,2,2025-04-12 01:47:54,2025-04-12 03:41:26,113.5,,공통,raw,
b190_heavy_work_r1,MSF,Large (141-200),190,heavy_work,325.6,39,20250411,102,BLK_102S,13,TurnOver,3,2025-04-12 03:41:26,2025-04-12 03:55:50,14.4,,공통,raw,
b190_heavy_work_r1,MSF,Large (141-200),190,heavy_work,325.6,39,20250411,102,BLK_102S,13,후면SAW,4,2025-04-12 04:21:02,2025-04-12 06:11:49,110.8,,공통,raw,
b190_heavy_work_r1,MSF,Large (141-200),190,heavy_work,325.6,39,20250411,102,BLK_102S,13,NC,5,2025-04-12 06:11:49,2025-04-12 07:22:53,71.1,,공통,raw,
b190_heavy_work_r1,MSF,Large (141-200),190,heavy_work,325.6,39,20250411,102,BLK_102S,13,베이35A 론지취부,6,2025-04-12 07:22:53,2025-04-12 09:07:17,104.4,35A,베이35A,raw,
b190_heavy_work_r1,MSF,Large (141-200),190,heavy_work,325.6,39,20250411,102,BLK_102S,13,베이35A 론지용접,7,2025-04-12 09:07:17,2025-04-12 09:38:44,31.4,35A,베이35A,raw,
b190_heavy_work_r1,MSF,Large (141-200),190,heavy_work,325.6,39,20250411,102,BLK_102S,13,베이35A 수정,8,2025-04-12 09:38:44,2025-04-12 10:42:48,64.1,35A,베이35A,raw,
b190_heavy_work_r1,MSF,Large (141-200),190,heavy_work,325.6,39,20250412,50,BLK_50P,1,판계,1,2025-04-12 08:00:00,2025-04-12 08:54:00,54.0,,공통,raw,
b190_heavy_work_r1,MSF,Large (141-200),190,heavy_work,325.6,39,20250412,50,BLK_50P,1,전면SAW,2,2025-04-12 08:54:00,2025-04-12 09:41:39,47.7,,공통,raw,
b190_heavy_work_r1,MSF,Large (141-200),190,heavy_work,325.6,39,20250412,50,BLK_50P,1,TurnOver,3,2025-04-12 09:41:39,2025-04-12 09:56:03,14.4,,공통,raw,
b190_heavy_work_r1,MSF,Large (141-200),190,heavy_work,325.6,39,20250412,50,BLK_50P,1,후면SAW,4,2025-04-12 09:56:03,2025-04-12 10:33:25,37.4,,공통,raw,
b190_heavy_work_r1,MSF,Large (141-200),190,heavy_work,325.6,39,20250412,50,BLK_50P,1,NC,5,2025-04-12 10:33:25,2025-04-12 11:36:20,62.9,,공통,raw,
b190_heavy_work_r1,MSF,Large (141-200),190,heavy_work,325.6,39,20250412,50,BLK_50P,1,베이36B 론지취부,6,2025-04-12 11:36:20,2025-04-12 13:12:20,96.0,36B,베이36B,raw,
b190_heavy_work_r1,MSF,Large (141-200),190,heavy_work,325.6,39,20250412,50,BLK_50P,1,베이36B 론지용접,7,2025-04-12 13:12:20,2025-04-12 13:42:20,30.0,36B,베이36B,raw,
b190_heavy_work_r1,MSF,Large (141-200),190,heavy_work,325.6,39,20250412,50,BLK_50P,1,베이36B 수정,8,2025-04-12 13:42:20,2025-04-12 14:41:08,58.8,36B,베이36B,raw,
b190_heavy_work_r1,MSF,Large (141-200),190,heavy_work,325.6,39,20250412,59,BLK_59C,2,판계,1,2025-04-12 08:54:00,2025-04-12 09:18:00,24.0,,공통,raw,
b190_heavy_work_r1,MSF,Large (141-200),190,heavy_work,325.6,39,20250412,59,BLK_59C,2,전면SAW,2,2025-04-12 09:41:39,2025-04-12 11:52:34,130.9,,공통,raw,
b190_heavy_work_r1,MSF,Large (141-200),190,heavy_work,325.6,39,20250412,59,BLK_59C,2,TurnOver,3,2025-04-12 11:52:34,2025-04-12 12:06:58,14.4,,공통,raw,
b190_heavy_work_r1,MSF,Large (141-200),190,heavy_work,325.6,39,20250412,59,BLK_59C,2,후면SAW,4,2025-04-12 12:06:58,2025-04-12 14:18:01,131.1,,공통,raw,
b190_heavy_work_r1,MSF,Large (141-200),190,heavy_work,325.6,39,20250412,59,BLK_59C,2,NC,5,2025-04-12 14:18:01,2025-04-12 14:48:51,30.8,,공통,raw,
b190_heavy_work_r1,MSF,Large (141-200),190,heavy_work,325.6,39,20250412,59,BLK_59C,2,베이35A 론지취부,6,2025-04-12 14:48:51,2025-04-12 15:26:03,37.2,35A,베이35A,raw,
b190_heavy_work_r1,MSF,Large (141-200),190,heavy_work,325.6,39,20250412,59,BLK_59C,2,베이35A 론지용접,7,2025-04-12 15:26:03,2025-04-12 15:41:11,15.1,35A,베이35A,raw,
b190_heavy_work_r1,MSF,Large (141-200),190,heavy_work,325.6,39,20250412,59,BLK_59C,2,베이35A 수정,8,2025-04-12 15:41:11,2025-04-12 16:03:01,21.8,35A,베이35A,raw,
b190_heavy_work_r1,MSF,Large (141-200),190,heavy_work,325.6,39,20250412,62,BLK_62P,3,판계,1,2025-04-12 09:18:00,2025-04-12 09:32:24,14.4,,공통,raw,
b190_heavy_work_r1,MSF,Large (141-200),190,heavy_work,325.6,39,20250412,62,BLK_62P,3,전면SAW,2,2025-04-12 11:52:34,2025-04-12 12:36:14,43.7,,공통,raw,
b190_heavy_work_r1,MSF,Large (141-200),190,heavy_work,325.6,39,20250412,62,BLK_62P,3,TurnOver,3,2025-04-12 12:36:14,2025-04-12 12:50:38,14.4,,공통,raw,
b190_heavy_work_r1,MSF,Large (141-200),190,heavy_work,325.6,39,20250412,62,BLK_62P,3,후면SAW,4,2025-04-12 14:18:01,2025-04-12 14:50:08,32.1,,공통,raw,
b190_heavy_work_r1,MSF,Large (141-200),190,heavy_work,325.6,39,20250412,62,BLK_62P,3,NC,5,2025-04-12 14:50:08,2025-04-12 15:15:38,25.5,,공통,raw,
b190_heavy_work_r1,MSF,Large (141-200),190,heavy_work,325.6,39,20250412,62,BLK_62P,3,베이36B 론지취부,6,2025-04-12 15:15:38,2025-04-12 15:57:02,41.4,36B,베이36B,raw,
b190_heavy_work_r1,MSF,Large (141-200),190,heavy_work,325.6,39,20250412,62,BLK_62P,3,베이36B 론지용접,7,2025-04-12 15:57:02,2025-04-12 16:12:52,15.8,36B,베이36B,raw,
b190_heavy_work_r1,MSF,Large (141-200),190,heavy_work,325.6,39,20250412,62,BLK_62P,3,베이36B 수정,8,2025-04-12 16:12:52,2025-04-12 16:37:21,24.5,36B,베이36B,raw,
b190_heavy_work_r1,MSF,Large (141-200),190,heavy_work,325.6,39,20250412,146,BLK_146C,4,판계,1,2025-04-12 09:32:24,2025-04-12 09:56:24,24.0,,공통,raw,
b190_heavy_work_r1,MSF,Large (141-200),190,heavy_work,325.6,39,20250412,146,BLK_146C,4,전면SAW,2,2025-04-12 12:36:14,2025-04-12 15:05:11,149.0,,공통,raw,
b190_heavy_work_r1,MSF,Large (141-200),190,heavy_work,325.6,39,20250412,146,BLK_146C,4,TurnOver,3,2025-04-12 15:05:11,2025-04-12 15:19:35,14.4,,공통,raw,
b190_heavy_work_r1,MSF,Large (141-200),190,heavy_work,325.6,39,20250412,146,BLK_146C,4,후면SAW,4,2025-04-12 15:19:35,2025-04-12 17:20:43,121.1,,공통,raw,
b190_heavy_work_r1,MSF,Large (141-200),190,heavy_work,325.6,39,20250412,146,BLK_146C,4,NC,5,2025-04-12 17:20:43,2025-04-12 17:53:01,32.3,,공통,raw,
b190_heavy_work_r1,MSF,Large (141-200),190,heavy_work,325.6,39,20250412,146,BLK_146C,4,베이35A 론지취부,6,2025-04-12 17:53:01,2025-04-12 18:51:13,58.2,35A,베이35A,raw,
b190_heavy_work_r1,MSF,Large (141-200),190,heavy_work,325.6,39,20250412,146,BLK_146C,4,베이35A 론지용접,7,2025-04-12 18:51:13,2025-04-12 19:14:44,23.5,35A,베이35A,raw,
b190_heavy_work_r1,MSF,Large (141-200),190,heavy_work,325.6,39,20250412,146,BLK_146C,4,베이35A 수정,8,2025-04-12 19:14:44,2025-04-12 19:49:47,35.0,35A,베이35A,raw,
b190_heavy_work_r1,MSF,Large (141-200),190,heavy_work,325.6,39,20250412,156,BLK_156P,5,판계,1,2025-04-12 09:56:24,2025-04-12 10:10:48,14.4,,공통,raw,
b190_heavy_work_r1,MSF,Large (141-200),190,heavy_work,325.6,39,20250412,156,BLK_156P,5,전면SAW,2,2025-04-12 15:05:11,2025-04-12 16:10:16,65.1,,공통,raw,
b190_heavy_work_r1,MSF,Large (141-200),190,heavy_work,325.6,39,20250412,156,BLK_156P,5,TurnOver,3,2025-04-12 16:10:16,2025-04-12 16:24:40,14.4,,공통,raw,
b190_heavy_work_r1,MSF,Large (141-200),190,heavy_work,325.6,39,20250412,156,BLK_156P,5,후면SAW,4,2025-04-12 17:20:43,2025-04-12 18:21:01,60.3,,공통,raw,
b190_heavy_work_r1,MSF,Large (141-200),190,heavy_work,325.6,39,20250412,156,BLK_156P,5,NC,5,2025-04-12 18:21:01,2025-04-12 18:46:20,25.3,,공통,raw,
b190_heavy_work_r1,MSF,Large (141-200),190,heavy_work,325.6,39,20250412,156,BLK_156P,5,베이36B 론지취부,6,2025-04-12 18:46:20,2025-04-12 19:31:56,45.6,36B,베이36B,raw,
b190_heavy_work_r1,MSF,Large (141-200),190,heavy_work,325.6,39,20250412,156,BLK_156P,5,베이36B 론지용접,7,2025-04-12 19:31:56,2025-04-12 19:48:30,16.6,36B,베이36B,raw,
b190_heavy_work_r1,MSF,Large (141-200),190,heavy_work,325.6,39,20250412,156,BLK_156P,5,베이36B 수정,8,2025-04-12 19:48:30,2025-04-12 20:15:37,27.1,36B,베이36B,raw,
b190_heavy_work_r1,MSF,Large (141-200),190,heavy_work,325.6,39,20250412,181,BLK_156S,6,판계,1,2025-04-12 10:10:48,2025-04-12 10:25:12,14.4,,공통,raw,
b190_heavy_work_r1,MSF,Large (141-200),190,heavy_work,325.6,39,20250412,181,BLK_156S,6,전면SAW,2,2025-04-12 16:10:16,2025-04-12 17:15:20,65.1,,공통,raw,
b190_heavy_work_r1,MSF,Large (141-200),190,heavy_work,325.6,39,20250412,181,BLK_156S,6,TurnOver,3,2025-04-12 17:15:20,2025-04-12 17:29:44,14.4,,공통,raw,
b190_heavy_work_r1,MSF,Large (141-200),190,heavy_work,325.6,39,20250412,181,BLK_156S,6,후면SAW,4,2025-04-12 18:21:01,2025-04-12 19:21:19,60.3,,공통,raw,
b190_heavy_work_r1,MSF,Large (141-200),190,heavy_work,325.6,39,20250412,181,BLK_156S,6,NC,5,2025-04-12 19:21:19,2025-04-12 19:46:38,25.3,,공통,raw,
b190_heavy_work_r1,MSF,Large (141-200),190,heavy_work,325.6,39,20250412,181,BLK_156S,6,베이35A 론지취부,6,2025-04-12 19:46:38,2025-04-12 20:32:14,45.6,35A,베이35A,raw,
b190_heavy_work_r1,MSF,Large (141-200),190,heavy_work,325.6,39,20250412,181,BLK_156S,6,베이35A 론지용접,7,2025-04-12 20:32:14,2025-04-12 20:48:48,16.6,35A,베이35A,raw,
b190_heavy_work_r1,MSF,Large (141-200),190,heavy_work,325.6,39,20250412,181,BLK_156S,6,베이35A 수정,8,2025-04-12 20:48:48,2025-04-12 21:15:55,27.1,35A,베이35A,raw,
b190_heavy_work_r1,MSF,Large (141-200),190,heavy_work,325.6,39,20250412,97,BLK_97P,7,판계,1,2025-04-12 10:25:12,2025-04-12 10:39:36,14.4,,공통,raw,
b190_heavy_work_r1,MSF,Large (141-200),190,heavy_work,325.6,39,20250412,97,BLK_97P,7,전면SAW,2,2025-04-12 17:15:20,2025-04-12 18:08:46,53.4,,공통,raw,
b190_heavy_work_r1,MSF,Large (141-200),190,heavy_work,325.6,39,20250412,97,BLK_97P,7,TurnOver,3,2025-04-12 18:08:46,2025-04-12 18:23:10,14.4,,공통,raw,
b190_heavy_work_r1,MSF,Large (141-200),190,heavy_work,325.6,39,20250412,97,BLK_97P,7,후면SAW,4,2025-04-12 19:21:19,2025-04-12 20:06:16,45.0,,공통,raw,
b190_heavy_work_r1,MSF,Large (141-200),190,heavy_work,325.6,39,20250412,97,BLK_97P,7,NC,5,2025-04-12 20:06:16,2025-04-12 20:33:07,26.9,,공통,raw,
b190_heavy_work_r1,MSF,Large (141-200),190,heavy_work,325.6,39,20250412,97,BLK_97P,7,베이36B 론지취부,6,2025-04-12 20:33:07,2025-04-12 21:48:07,75.0,36B,베이36B,raw,
b190_heavy_work_r1,MSF,Large (141-200),190,heavy_work,325.6,39,20250412,97,BLK_97P,7,베이36B 론지용접,7,2025-04-12 21:48:07,2025-04-12 22:14:31,26.4,36B,베이36B,raw,
b190_heavy_work_r1,MSF,Large (141-200),190,heavy_work,325.6,39,20250412,97,BLK_97P,7,베이36B 수정,8,2025-04-12 22:14:31,2025-04-12 23:00:07,45.6,36B,베이36B,raw,
b190_heavy_work_r1,MSF,Large (141-200),190,heavy_work,325.6,39,20250412,127,BLK_127S,8,판계,1,2025-04-12 10:39:36,2025-04-12 10:54:00,14.4,,공통,raw,
b190_heavy_work_r1,MSF,Large (141-200),190,heavy_work,325.6,39,20250412,127,BLK_127S,8,전면SAW,2,2025-04-12 18:08:46,2025-04-12 19:01:45,53.0,,공통,raw,
b190_heavy_work_r1,MSF,Large (141-200),190,heavy_work,325.6,39,20250412,127,BLK_127S,8,TurnOver,3,2025-04-12 19:01:45,2025-04-12 19:16:09,14.4,,공통,raw,
b190_heavy_work_r1,MSF,Large (141-200),190,heavy_work,325.6,39,20250412,127,BLK_127S,8,후면SAW,4,2025-04-12 20:06:16,2025-04-12 20:50:39,44.4,,공통,raw,
b190_heavy_work_r1,MSF,Large (141-200),190,heavy_work,325.6,39,20250412,127,BLK_127S,8,NC,5,2025-04-12 20:50:39,2025-04-12 21:16:04,25.4,,공통,raw,
b190_heavy_work_r1,MSF,Large (141-200),190,heavy_work,325.6,39,20250412,127,BLK_127S,8,베이35A 론지취부,6,2025-04-12 21:16:04,2025-04-12 22:10:04,54.0,35A,베이35A,raw,
b190_heavy_work_r1,MSF,Large (141-200),190,heavy_work,325.6,39,20250412,127,BLK_127S,8,베이35A 론지용접,7,2025-04-12 22:10:04,2025-04-12 22:28:04,18.0,35A,베이35A,raw,
b190_heavy_work_r1,MSF,Large (141-200),190,heavy_work,325.6,39,20250412,127,BLK_127S,8,베이35A 수정,8,2025-04-12 22:28:04,2025-04-12 23:00:28,32.4,35A,베이35A,raw,
b190_heavy_work_r1,MSF,Large (141-200),190,heavy_work,325.6,39,20250412,147,BLK_147S,9,판계,1,2025-04-12 10:54:00,2025-04-12 11:08:24,14.4,,공통,raw,
b190_heavy_work_r1,MSF,Large (141-200),190,heavy_work,325.6,39,20250412,147,BLK_147S,9,전면SAW,2,2025-04-12 19:01:45,2025-04-12 20:09:36,67.8,,공통,raw,
b190_heavy_work_r1,MSF,Large (141-200),190,heavy_work,325.6,39,20250412,147,BLK_147S,9,TurnOver,3,2025-04-12 20:09:36,2025-04-12 20:24:00,14.4,,공통,raw,
b190_heavy_work_r1,MSF,Large (141-200),190,heavy_work,325.6,39,20250412,147,BLK_147S,9,후면SAW,4,2025-04-12 20:50:39,2025-04-12 21:54:34,63.9,,공통,raw,
b190_heavy_work_r1,MSF,Large (141-200),190,heavy_work,325.6,39,20250412,147,BLK_147S,9,NC,5,2025-04-12 21:54:34,2025-04-12 22:18:56,24.4,,공통,raw,
b190_heavy_work_r1,MSF,Large (141-200),190,heavy_work,325.6,39,20250412,147,BLK_147S,9,베이36B 론지취부,6,2025-04-12 22:18:56,2025-04-12 22:56:08,37.2,36B,베이36B,raw,
b190_heavy_work_r1,MSF,Large (141-200),190,heavy_work,325.6,39,20250412,147,BLK_147S,9,베이36B 론지용접,7,2025-04-12 22:56:08,2025-04-12 23:11:16,15.1,36B,베이36B,raw,
b190_heavy_work_r1,MSF,Large (141-200),190,heavy_work,325.6,39,20250412,147,BLK_147S,9,베이36B 수정,8,2025-04-12 23:11:16,2025-04-12 23:33:06,21.8,36B,베이36B,raw,
b190_heavy_work_r1,MSF,Large (141-200),190,heavy_work,325.6,39,20250412,111,BLK_111S,10,판계,1,2025-04-12 11:08:24,2025-04-12 11:22:48,14.4,,공통,raw,
b190_heavy_work_r1,MSF,Large (141-200),190,heavy_work,325.6,39,20250412,111,BLK_111S,10,전면SAW,2,2025-04-12 20:09:36,2025-04-12 21:05:49,56.2,,공통,raw,
b190_heavy_work_r1,MSF,Large (141-200),190,heavy_work,325.6,39,20250412,111,BLK_111S,10,TurnOver,3,2025-04-12 21:05:49,2025-04-12 21:20:13,14.4,,공통,raw,
b190_heavy_work_r1,MSF,Large (141-200),190,heavy_work,325.6,39,20250412,111,BLK_111S,10,후면SAW,4,2025-04-12 21:54:34,2025-04-12 22:43:13,48.6,,공통,raw,
b190_heavy_work_r1,MSF,Large (141-200),190,heavy_work,325.6,39,20250412,111,BLK_111S,10,NC,5,2025-04-12 22:43:13,2025-04-12 23:08:39,25.4,,공통,raw,
b190_heavy_work_r1,MSF,Large (141-200),190,heavy_work,325.6,39,20250412,111,BLK_111S,10,베이35A 론지취부,6,2025-04-12 23:08:39,2025-04-12 23:50:03,41.4,35A,베이35A,raw,
b190_heavy_work_r1,MSF,Large (141-200),190,heavy_work,325.6,39,20250412,111,BLK_111S,10,베이35A 론지용접,7,2025-04-12 23:50:03,2025-04-13 00:05:54,15.8,35A,베이35A,raw,
b190_heavy_work_r1,MSF,Large (141-200),190,heavy_work,325.6,39,20250412,111,BLK_111S,10,베이35A 수정,8,2025-04-13 00:05:54,2025-04-13 00:30:23,24.5,35A,베이35A,raw,
b190_heavy_work_r1,MSF,Large (141-200),190,heavy_work,325.6,39,20250412,171,BLK_171S,11,판계,1,2025-04-12 11:22:48,2025-04-12 11:46:48,24.0,,공통,raw,
b190_heavy_work_r1,MSF,Large (141-200),190,heavy_work,325.6,39,20250412,171,BLK_171S,11,전면SAW,2,2025-04-12 21:05:49,2025-04-12 22:48:39,102.8,,공통,raw,
b190_heavy_work_r1,MSF,Large (141-200),190,heavy_work,325.6,39,20250412,171,BLK_171S,11,TurnOver,3,2025-04-12 22:48:39,2025-04-12 23:03:03,14.4,,공통,raw,
b190_heavy_work_r1,MSF,Large (141-200),190,heavy_work,325.6,39,20250412,171,BLK_171S,11,후면SAW,4,2025-04-12 23:03:03,2025-04-13 00:22:07,79.1,,공통,raw,
b190_heavy_work_r1,MSF,Large (141-200),190,heavy_work,325.6,39,20250412,171,BLK_171S,11,NC,5,2025-04-13 00:22:07,2025-04-13 00:52:09,30.0,,공통,raw,
b190_heavy_work_r1,MSF,Large (141-200),190,heavy_work,325.6,39,20250412,171,BLK_171S,11,베이36B 론지취부,6,2025-04-13 00:52:09,2025-04-13 01:25:09,33.0,36B,베이36B,raw,
b190_heavy_work_r1,MSF,Large (141-200),190,heavy_work,325.6,39,20250412,171,BLK_171S,11,베이36B 론지용접,7,2025-04-13 01:25:09,2025-04-13 01:39:33,14.4,36B,베이36B,raw,
b190_heavy_work_r1,MSF,Large (141-200),190,heavy_work,325.6,39,20250412,171,BLK_171S,11,베이36B 수정,8,2025-04-13 01:39:33,2025-04-13 01:58:45,19.2,36B,베이36B,raw,
b190_heavy_work_r1,MSF,Large (141-200),190,heavy_work,325.6,39,20250412,170,BLK_170P,12,판계,1,2025-04-12 11:46:48,2025-04-12 12:01:12,14.4,,공통,raw,
b190_heavy_work_r1,MSF,Large (141-200),190,heavy_work,325.6,39,20250412,170,BLK_170P,12,전면SAW,2,2025-04-12 22:48:39,2025-04-12 23:34:55,46.3,,공통,raw,
b190_heavy_work_r1,MSF,Large (141-200),190,heavy_work,325.6,39,20250412,170,BLK_170P,12,TurnOver,3,2025-04-12 23:34:55,2025-04-12 23:49:19,14.4,,공통,raw,
b190_heavy_work_r1,MSF,Large (141-200),190,heavy_work,325.6,39,20250412,170,BLK_170P,12,후면SAW,4,2025-04-13 00:22:07,2025-04-13 00:57:38,35.5,,공통,raw,
b190_heavy_work_r1,MSF,Large (141-200),190,heavy_work,325.6,39,20250412,170,BLK_170P,12,NC,5,2025-04-13 00:57:38,2025-04-13 01:23:57,26.3,,공통,raw,
b190_heavy_work_r1,MSF,Large (141-200),190,heavy_work,325.6,39,20250412,170,BLK_170P,12,베이35A 론지취부,6,2025-04-13 01:23:57,2025-04-13 02:09:33,45.6,35A,베이35A,raw,
b190_heavy_work_r1,MSF,Large (141-200),190,heavy_work,325.6,39,20250412,170,BLK_170P,12,베이35A 론지용접,7,2025-04-13 02:09:33,2025-04-13 02:30:55,21.4,35A,베이35A,raw,
b190_heavy_work_r1,MSF,Large (141-200),190,heavy_work,325.6,39,20250412,170,BLK_170P,12,베이35A 수정,8,2025-04-13 02:30:55,2025-04-13 02:58:02,27.1,35A,베이35A,raw,
b190_heavy_work_r1,MSF,Large (141-200),190,heavy_work,325.6,39,20250412,162,BLK_162C,13,판계,1,2025-04-12 12:01:12,2025-04-12 12:25:12,24.0,,공통,raw,
b190_heavy_work_r1,MSF,Large (141-200),190,heavy_work,325.6,39,20250412,162,BLK_162C,13,전면SAW,2,2025-04-12 23:34:55,2025-04-13 02:15:02,160.1,,공통,raw,
b190_heavy_work_r1,MSF,Large (141-200),190,heavy_work,325.6,39,20250412,162,BLK_162C,13,TurnOver,3,2025-04-13 02:15:02,2025-04-13 02:29:26,14.4,,공통,raw,
b190_heavy_work_r1,MSF,Large (141-200),190,heavy_work,325.6,39,20250412,162,BLK_162C,13,후면SAW,4,2025-04-13 02:29:26,2025-04-13 04:40:43,131.3,,공통,raw,
b190_heavy_work_r1,MSF,Large (141-200),190,heavy_work,325.6,39,20250412,162,BLK_162C,13,NC,5,2025-04-13 04:40:43,2025-04-13 05:17:29,36.8,,공통,raw,
b190_heavy_work_r1,MSF,Large (141-200),190,heavy_work,325.6,39,20250412,162,BLK_162C,13,베이36B 론지취부,6,2025-04-13 05:17:29,2025-04-13 06:32:29,75.0,36B,베이36B,raw,
b190_heavy_work_r1,MSF,Large (141-200),190,heavy_work,325.6,39,20250412,162,BLK_162C,13,베이36B 론지용접,7,2025-04-13 06:32:29,2025-04-13 06:58:53,26.4,36B,베이36B,raw,
b190_heavy_work_r1,MSF,Large (141-200),190,heavy_work,325.6,39,20250412,162,BLK_162C,13,베이36B 수정,8,2025-04-13 06:58:53,2025-04-13 07:44:29,45.6,36B,베이36B,raw,
b190_heavy_work_r1,MSF,Large (141-200),190,heavy_work,325.6,39,20250412,28,BLK_28P,14,판계,1,2025-04-12 12:25:12,2025-04-12 12:49:12,24.0,,공통,raw,
b190_heavy_work_r1,MSF,Large (141-200),190,heavy_work,325.6,39,20250412,28,BLK_28P,14,전면SAW,2,2025-04-13 02:15:02,2025-04-13 03:03:12,48.2,,공통,raw,
b190_heavy_work_r1,MSF,Large (141-200),190,heavy_work,325.6,39,20250412,28,BLK_28P,14,TurnOver,3,2025-04-13 03:03:12,2025-04-13 03:17:36,14.4,,공통,raw,
b190_heavy_work_r1,MSF,Large (141-200),190,heavy_work,325.6,39,20250412,28,BLK_28P,14,후면SAW,4,2025-04-13 04:40:43,2025-04-13 05:18:47,38.1,,공통,raw,
b190_heavy_work_r1,MSF,Large (141-200),190,heavy_work,325.6,39,20250412,28,BLK_28P,14,NC,5,2025-04-13 05:18:47,2025-04-13 05:56:02,37.2,,공통,raw,
b190_heavy_work_r1,MSF,Large (141-200),190,heavy_work,325.6,39,20250412,28,BLK_28P,14,베이35A 론지취부,6,2025-04-13 05:56:02,2025-04-13 07:15:14,79.2,35A,베이35A,raw,
b190_heavy_work_r1,MSF,Large (141-200),190,heavy_work,325.6,39,20250412,28,BLK_28P,14,베이35A 론지용접,7,2025-04-13 07:15:14,2025-04-13 07:42:21,27.1,35A,베이35A,raw,
b190_heavy_work_r1,MSF,Large (141-200),190,heavy_work,325.6,39,20250412,28,BLK_28P,14,베이35A 수정,8,2025-04-13 07:42:21,2025-04-13 08:30:36,48.2,35A,베이35A,raw,
b190_heavy_work_r1,MSF,Large (141-200),190,heavy_work,325.6,39,20250412,44,BLK_44C,15,판계,1,2025-04-12 12:49:12,2025-04-12 13:22:48,33.6,,공통,raw,
b190_heavy_work_r1,MSF,Large (141-200),190,heavy_work,325.6,39,20250412,44,BLK_44C,15,전면SAW,2,2025-04-13 03:03:12,2025-04-13 05:00:07,116.9,,공통,raw,
b190_heavy_work_r1,MSF,Large (141-200),190,heavy_work,325.6,39,20250412,44,BLK_44C,15,TurnOver,3,2025-04-13 05:00:07,2025-04-13 05:14:31,14.4,,공통,raw,
b190_heavy_work_r1,MSF,Large (141-200),190,heavy_work,325.6,39,20250412,44,BLK_44C,15,후면SAW,4,2025-04-13 05:18:47,2025-04-13 06:50:42,91.9,,공통,raw,
b190_heavy_work_r1,MSF,Large (141-200),190,heavy_work,325.6,39,20250412,44,BLK_44C,15,NC,5,2025-04-13 06:50:42,2025-04-13 07:30:18,39.6,,공통,raw,
b190_heavy_work_r1,MSF,Large (141-200),190,heavy_work,325.6,39,20250412,44,BLK_44C,15,베이36B 론지취부,6,2025-04-13 07:30:18,2025-04-13 08:41:06,70.8,36B,베이36B,raw,
b190_heavy_work_r1,MSF,Large (141-200),190,heavy_work,325.6,39,20250412,44,BLK_44C,15,베이36B 론지용접,7,2025-04-13 08:41:06,2025-04-13 09:06:46,25.7,36B,베이36B,raw,
b190_heavy_work_r1,MSF,Large (141-200),190,heavy_work,325.6,39,20250412,44,BLK_44C,15,베이36B 수정,8,2025-04-13 09:06:46,2025-04-13 09:49:44,43.0,36B,베이36B,raw,
b190_heavy_work_r1,MSF,Large (141-200),190,heavy_work,325.6,39,20250412,39,BLK_39S,16,판계,1,2025-04-12 13:22:48,2025-04-12 13:46:48,24.0,,공통,raw,
b190_heavy_work_r1,MSF,Large (141-200),190,heavy_work,325.6,39,20250412,39,BLK_39S,16,전면SAW,2,2025-04-13 05:00:07,2025-04-13 05:55:43,55.6,,공통,raw,
b190_heavy_work_r1,MSF,Large (141-200),190,heavy_work,325.6,39,20250412,39,BLK_39S,16,TurnOver,3,2025-04-13 05:55:43,2025-04-13 06:10:07,14.4,,공통,raw,
b190_heavy_work_r1,MSF,Large (141-200),190,heavy_work,325.6,39,20250412,39,BLK_39S,16,후면SAW,4,2025-04-13 06:50:42,2025-04-13 07:38:30,47.8,,공통,raw,
b190_heavy_work_r1,MSF,Large (141-200),190,heavy_work,325.6,39,20250412,39,BLK_39S,16,NC,5,2025-04-13 07:38:30,2025-04-13 08:09:59,31.5,,공통,raw,
b190_heavy_work_r1,MSF,Large (141-200),190,heavy_work,325.6,39,20250412,39,BLK_39S,16,베이35A 론지취부,6,2025-04-13 08:09:59,2025-04-13 09:03:59,54.0,35A,베이35A,raw,
b190_heavy_work_r1,MSF,Large (141-200),190,heavy_work,325.6,39,20250412,39,BLK_39S,16,베이35A 론지용접,7,2025-04-13 09:03:59,2025-04-13 09:21:59,18.0,35A,베이35A,raw,
b190_heavy_work_r1,MSF,Large (141-200),190,heavy_work,325.6,39,20250412,39,BLK_39S,16,베이35A 수정,8,2025-04-13 09:21:59,2025-04-13 09:54:23,32.4,35A,베이35A,raw,
b190_heavy_work_r1,MSF,Large (141-200),190,heavy_work,325.6,39,20250412,184,BLK_28S,17,판계,1,2025-04-12 13:46:48,2025-04-12 14:10:48,24.0,,공통,raw,
b190_heavy_work_r1,MSF,Large (141-200),190,heavy_work,325.6,39,20250412,184,BLK_28S,17,전면SAW,2,2025-04-13 05:55:43,2025-04-13 06:43:54,48.2,,공통,raw,
b190_heavy_work_r1,MSF,Large (141-200),190,heavy_work,325.6,39,20250412,184,BLK_28S,17,TurnOver,3,2025-04-13 06:43:54,2025-04-13 06:58:18,14.4,,공통,raw,
b190_heavy_work_r1,MSF,Large (141-200),190,heavy_work,325.6,39,20250412,184,BLK_28S,17,후면SAW,4,2025-04-13 07:38:30,2025-04-13 08:16:34,38.1,,공통,raw,
b190_heavy_work_r1,MSF,Large (141-200),190,heavy_work,325.6,39,20250412,184,BLK_28S,17,NC,5,2025-04-13 08:16:34,2025-04-13 08:53:49,37.2,,공통,raw,
b190_heavy_work_r1,MSF,Large (141-200),190,heavy_work,325.6,39,20250412,184,BLK_28S,17,베이36B 론지취부,6,2025-04-13 08:53:49,2025-04-13 10:13:01,79.2,36B,베이36B,raw,
b190_heavy_work_r1,MSF,Large (141-200),190,heavy_work,325.6,39,20250412,184,BLK_28S,17,베이36B 론지용접,7,2025-04-13 10:13:01,2025-04-13 10:40:08,27.1,36B,베이36B,raw,
b190_heavy_work_r1,MSF,Large (141-200),190,heavy_work,325.6,39,20250412,184,BLK_28S,17,베이36B 수정,8,2025-04-13 10:40:08,2025-04-13 11:28:22,48.2,36B,베이36B,raw,
b190_heavy_work_r1,MSF,Large (141-200),190,heavy_work,325.6,39,20250412,43,BLK_43C,18,판계,1,2025-04-12 14:10:48,2025-04-12 14:34:48,24.0,,공통,raw,
b190_heavy_work_r1,MSF,Large (141-200),190,heavy_work,325.6,39,20250412,43,BLK_43C,18,전면SAW,2,2025-04-13 06:43:54,2025-04-13 07:16:02,32.1,,공통,raw,
b190_heavy_work_r1,MSF,Large (141-200),190,heavy_work,325.6,39,20250412,43,BLK_43C,18,TurnOver,3,2025-04-13 07:16:02,2025-04-13 07:30:26,14.4,,공통,raw,
b190_heavy_work_r1,MSF,Large (141-200),190,heavy_work,325.6,39,20250412,43,BLK_43C,18,후면SAW,4,2025-04-13 08:16:34,2025-04-13 08:33:30,16.9,,공통,raw,
b190_heavy_work_r1,MSF,Large (141-200),190,heavy_work,325.6,39,20250412,43,BLK_43C,18,NC,5,2025-04-13 08:53:49,2025-04-13 09:23:16,29.5,,공통,raw,
b190_heavy_work_r1,MSF,Large (141-200),190,heavy_work,325.6,39,20250412,43,BLK_43C,18,베이35A 론지취부,6,2025-04-13 09:23:16,2025-04-13 09:56:16,33.0,35A,베이35A,raw,
b190_heavy_work_r1,MSF,Large (141-200),190,heavy_work,325.6,39,20250412,43,BLK_43C,18,베이35A 론지용접,7,2025-04-13 09:56:16,2025-04-13 10:15:28,19.2,35A,베이35A,raw,
b190_heavy_work_r1,MSF,Large (141-200),190,heavy_work,325.6,39,20250412,43,BLK_43C,18,베이35A 수정,8,2025-04-13 10:15:28,2025-04-13 10:34:40,19.2,35A,베이35A,raw,
b190_heavy_work_r1,MSF,Large (141-200),190,heavy_work,325.6,39,20250412,67,BLK_67C,19,판계,1,2025-04-12 14:34:48,2025-04-12 14:58:48,24.0,,공통,raw,
b190_heavy_work_r1,MSF,Large (141-200),190,heavy_work,325.6,39,20250412,67,BLK_67C,19,전면SAW,2,2025-04-13 07:16:02,2025-04-13 08:01:38,45.6,,공통,raw,
b190_heavy_work_r1,MSF,Large (141-200),190,heavy_work,325.6,39,20250412,67,BLK_67C,19,TurnOver,3,2025-04-13 08:01:38,2025-04-13 08:16:02,14.4,,공통,raw,
b190_heavy_work_r1,MSF,Large (141-200),190,heavy_work,325.6,39,20250412,67,BLK_67C,19,후면SAW,4,2025-04-13 08:33:30,2025-04-13 09:08:08,34.6,,공통,raw,
b190_heavy_work_r1,MSF,Large (141-200),190,heavy_work,325.6,39,20250412,67,BLK_67C,19,NC,5,2025-04-13 09:23:16,2025-04-13 10:01:48,38.5,,공통,raw,
b190_heavy_work_r1,MSF,Large (141-200),190,heavy_work,325.6,39,20250412,67,BLK_67C,19,베이36B 론지취부,6,2025-04-13 10:13:01,2025-04-13 11:32:13,79.2,36B,베이36B,raw,
b190_heavy_work_r1,MSF,Large (141-200),190,heavy_work,325.6,39,20250412,67,BLK_67C,19,베이36B 론지용접,7,2025-04-13 11:32:13,2025-04-13 11:59:20,27.1,36B,베이36B,raw,
b190_heavy_work_r1,MSF,Large (141-200),190,heavy_work,325.6,39,20250412,67,BLK_67C,19,베이36B 수정,8,2025-04-13 11:59:20,2025-04-13 12:47:34,48.2,36B,베이36B,raw,
b190_heavy_work_r1,MSF,Large (141-200),190,heavy_work,325.6,39,20250412,38,BLK_38S,20,판계,1,2025-04-12 14:58:48,2025-04-12 15:40:48,42.0,,공통,raw,
b190_heavy_work_r1,MSF,Large (141-200),190,heavy_work,325.6,39,20250412,38,BLK_38S,20,전면SAW,2,2025-04-13 08:01:38,2025-04-13 10:58:22,176.7,,공통,raw,
b190_heavy_work_r1,MSF,Large (141-200),190,heavy_work,325.6,39,20250412,38,BLK_38S,20,TurnOver,3,2025-04-13 10:58:22,2025-04-13 11:12:46,14.4,,공통,raw,
b190_heavy_work_r1,MSF,Large (141-200),190,heavy_work,325.6,39,20250412,38,BLK_38S,20,후면SAW,4,2025-04-13 11:12:46,2025-04-13 13:22:18,129.5,,공통,raw,
b190_heavy_work_r1,MSF,Large (141-200),190,heavy_work,325.6,39,20250412,38,BLK_38S,20,NC,5,2025-04-13 13:22:18,2025-04-13 14:09:19,47.0,,공통,raw,
b190_heavy_work_r1,MSF,Large (141-200),190,heavy_work,325.6,39,20250412,38,BLK_38S,20,베이35A 론지취부,6,2025-04-13 14:09:19,2025-04-13 14:59:07,49.8,35A,베이35A,raw,
b190_heavy_work_r1,MSF,Large (141-200),190,heavy_work,325.6,39,20250412,38,BLK_38S,20,베이35A 론지용접,7,2025-04-13 14:59:07,2025-04-13 15:21:12,22.1,35A,베이35A,raw,
b190_heavy_work_r1,MSF,Large (141-200),190,heavy_work,325.6,39,20250412,38,BLK_38S,20,베이35A 수정,8,2025-04-13 15:21:12,2025-04-13 15:50:57,29.8,35A,베이35A,raw,
b190_heavy_work_r1,MSF,Large (141-200),190,heavy_work,325.6,39,20250412,76,BLK_76C,21,판계,1,2025-04-12 15:40:48,2025-04-12 16:04:48,24.0,,공통,raw,
b190_heavy_work_r1,MSF,Large (141-200),190,heavy_work,325.6,39,20250412,76,BLK_76C,21,전면SAW,2,2025-04-13 10:58:22,2025-04-13 11:38:34,40.2,,공통,raw,
b190_heavy_work_r1,MSF,Large (141-200),190,heavy_work,325.6,39,20250412,76,BLK_76C,21,TurnOver,3,2025-04-13 11:38:34,2025-04-13 11:52:58,14.4,,공통,raw,
b190_heavy_work_r1,MSF,Large (141-200),190,heavy_work,325.6,39,20250412,76,BLK_76C,21,후면SAW,4,2025-04-13 13:22:18,2025-04-13 13:49:50,27.5,,공통,raw,
b190_heavy_work_r1,MSF,Large (141-200),190,heavy_work,325.6,39,20250412,76,BLK_76C,21,NC,5,2025-04-13 14:09:19,2025-04-13 14:43:44,34.4,,공통,raw,
b190_heavy_work_r1,MSF,Large (141-200),190,heavy_work,325.6,39,20250412,76,BLK_76C,21,베이36B 론지취부,6,2025-04-13 14:43:44,2025-04-13 15:33:32,49.8,36B,베이36B,raw,
b190_heavy_work_r1,MSF,Large (141-200),190,heavy_work,325.6,39,20250412,76,BLK_76C,21,베이36B 론지용접,7,2025-04-13 15:33:32,2025-04-13 15:55:37,22.1,36B,베이36B,raw,
b190_heavy_work_r1,MSF,Large (141-200),190,heavy_work,325.6,39,20250412,76,BLK_76C,21,베이36B 수정,8,2025-04-13 15:55:37,2025-04-13 16:25:22,29.8,36B,베이36B,raw,
b190_heavy_work_r1,MSF,Large (141-200),190,heavy_work,325.6,39,20250412,77,BLK_77C,22,판계,1,2025-04-12 16:04:48,2025-04-12 16:28:48,24.0,,공통,raw,
b190_heavy_work_r1,MSF,Large (141-200),190,heavy_work,325.6,39,20250412,77,BLK_77C,22,전면SAW,2,2025-04-13 11:38:34,2025-04-13 12:19:01,40.5,,공통,raw,
b190_heavy_work_r1,MSF,Large (141-200),190,heavy_work,325.6,39,20250412,77,BLK_77C,22,TurnOver,3,2025-04-13 12:19:01,2025-04-13 12:33:25,14.4,,공통,raw,
b190_heavy_work_r1,MSF,Large (141-200),190,heavy_work,325.6,39,20250412,77,BLK_77C,22,후면SAW,4,2025-04-13 13:49:50,2025-04-13 14:17:44,27.9,,공통,raw,
b190_heavy_work_r1,MSF,Large (141-200),190,heavy_work,325.6,39,20250412,77,BLK_77C,22,NC,5,2025-04-13 14:43:44,2025-04-13 15:17:48,34.1,,공통,raw,
b190_heavy_work_r1,MSF,Large (141-200),190,heavy_work,325.6,39,20250412,77,BLK_77C,22,베이35A 론지취부,6,2025-04-13 15:17:48,2025-04-13 16:24:24,66.6,35A,베이35A,raw,
b190_heavy_work_r1,MSF,Large (141-200),190,heavy_work,325.6,39,20250412,77,BLK_77C,22,베이35A 론지용접,7,2025-04-13 16:24:24,2025-04-13 16:49:22,25.0,35A,베이35A,raw,
b190_heavy_work_r1,MSF,Large (141-200),190,heavy_work,325.6,39,20250412,77,BLK_77C,22,베이35A 수정,8,2025-04-13 16:49:22,2025-04-13 17:29:41,40.3,35A,베이35A,raw,
b190_heavy_work_r1,MSF,Large (141-200),190,heavy_work,325.6,39,20250413,151,BLK_151P,1,판계,1,2025-04-13 08:00:00,2025-04-13 08:24:00,24.0,,공통,raw,
b190_heavy_work_r1,MSF,Large (141-200),190,heavy_work,325.6,39,20250413,151,BLK_151P,1,전면SAW,2,2025-04-13 12:19:01,2025-04-13 12:55:25,36.4,,공통,raw,
b190_heavy_work_r1,MSF,Large (141-200),190,heavy_work,325.6,39,20250413,151,BLK_151P,1,TurnOver,3,2025-04-13 12:55:25,2025-04-13 13:09:49,14.4,,공통,raw,
b190_heavy_work_r1,MSF,Large (141-200),190,heavy_work,325.6,39,20250413,151,BLK_151P,1,후면SAW,4,2025-04-13 14:17:44,2025-04-13 14:40:17,22.5,,공통,raw,
b190_heavy_work_r1,MSF,Large (141-200),190,heavy_work,325.6,39,20250413,151,BLK_151P,1,NC,5,2025-04-13 15:17:48,2025-04-13 15:50:13,32.4,,공통,raw,
b190_heavy_work_r1,MSF,Large (141-200),190,heavy_work,325.6,39,20250413,151,BLK_151P,1,베이36B 론지취부,6,2025-04-13 15:50:13,2025-04-13 17:01:01,70.8,36B,베이36B,raw,
b190_heavy_work_r1,MSF,Large (141-200),190,heavy_work,325.6,39,20250413,151,BLK_151P,1,베이36B 론지용접,7,2025-04-13 17:01:01,2025-04-13 17:26:42,25.7,36B,베이36B,raw,
b190_heavy_work_r1,MSF,Large (141-200),190,heavy_work,325.6,39,20250413,151,BLK_151P,1,베이36B 수정,8,2025-04-13 17:26:42,2025-04-13 18:09:40,43.0,36B,베이36B,raw,
b190_heavy_work_r1,MSF,Large (141-200),190,heavy_work,325.6,39,20250413,106,BLK_106S,2,판계,1,2025-04-13 08:24:00,2025-04-13 09:06:00,42.0,,공통,raw,
b190_heavy_work_r1,MSF,Large (141-200),190,heavy_work,325.6,39,20250413,106,BLK_106S,2,전면SAW,2,2025-04-13 12:55:25,2025-04-13 15:32:14,156.8,,공통,raw,
b190_heavy_work_r1,MSF,Large (141-200),190,heavy_work,325.6,39,20250413,106,BLK_106S,2,TurnOver,3,2025-04-13 15:32:14,2025-04-13 15:46:38,14.4,,공통,raw,
b190_heavy_work_r1,MSF,Large (141-200),190,heavy_work,325.6,39,20250413,106,BLK_106S,2,후면SAW,4,2025-04-13 15:46:38,2025-04-13 18:00:12,133.6,,공통,raw,
b190_heavy_work_r1,MSF,Large (141-200),190,heavy_work,325.6,39,20250413,106,BLK_106S,2,NC,5,2025-04-13 18:00:12,2025-04-13 18:44:27,44.3,,공통,raw,
b190_heavy_work_r1,MSF,Large (141-200),190,heavy_work,325.6,39,20250413,106,BLK_106S,2,베이35A 론지취부,6,2025-04-13 18:44:27,2025-04-13 19:09:03,24.6,35A,베이35A,raw,
b190_heavy_work_r1,MSF,Large (141-200),190,heavy_work,325.6,39,20250413,106,BLK_106S,2,베이35A 론지용접,7,2025-04-13 19:09:03,2025-04-13 19:26:49,17.8,35A,베이35A,raw,
b190_heavy_work_r1,MSF,Large (141-200),190,heavy_work,325.6,39,20250413,106,BLK_106S,2,베이35A 수정,8,2025-04-13 19:26:49,2025-04-13 19:40:44,13.9,35A,베이35A,raw,
b190_heavy_work_r1,MSF,Large (141-200),190,heavy_work,325.6,39,20250413,87,BLK_87C,3,판계,1,2025-04-13 09:06:00,2025-04-13 09:30:00,24.0,,공통,raw,
b190_heavy_work_r1,MSF,Large (141-200),190,heavy_work,325.6,39,20250413,87,BLK_87C,3,전면SAW,2,2025-04-13 15:32:14,2025-04-13 16:12:06,39.9,,공통,raw,
b190_heavy_work_r1,MSF,Large (141-200),190,heavy_work,325.6,39,20250413,87,BLK_87C,3,TurnOver,3,2025-04-13 16:12:06,2025-04-13 16:26:30,14.4,,공통,raw,
b190_heavy_work_r1,MSF,Large (141-200),190,heavy_work,325.6,39,20250413,87,BLK_87C,3,후면SAW,4,2025-04-13 18:00:12,2025-04-13 18:27:18,27.1,,공통,raw,
b190_heavy_work_r1,MSF,Large (141-200),190,heavy_work,325.6,39,20250413,87,BLK_87C,3,NC,5,2025-04-13 18:44:27,2025-04-13 19:18:05,33.6,,공통,raw,
b190_heavy_work_r1,MSF,Large (141-200),190,heavy_work,325.6,39,20250413,87,BLK_87C,3,베이36B 론지취부,6,2025-04-13 19:18:05,2025-04-13 20:20:29,62.4,36B,베이36B,raw,
b190_heavy_work_r1,MSF,Large (141-200),190,heavy_work,325.6,39,20250413,87,BLK_87C,3,베이36B 론지용접,7,2025-04-13 20:20:29,2025-04-13 20:44:43,24.2,36B,베이36B,raw,
b190_heavy_work_r1,MSF,Large (141-200),190,heavy_work,325.6,39,20250413,87,BLK_87C,3,베이36B 수정,8,2025-04-13 20:44:43,2025-04-13 21:22:24,37.7,36B,베이36B,raw,
b190_heavy_work_r1,MSF,Large (141-200),190,heavy_work,325.6,39,20250413,107,BLK_107S,4,판계,1,2025-04-13 09:30:00,2025-04-13 10:12:00,42.0,,공통,raw,
b190_heavy_work_r1,MSF,Large (141-200),190,heavy_work,325.6,39,20250413,107,BLK_107S,4,전면SAW,2,2025-04-13 16:12:06,2025-04-13 18:35:57,143.9,,공통,raw,
b190_heavy_work_r1,MSF,Large (141-200),190,heavy_work,325.6,39,20250413,107,BLK_107S,4,TurnOver,3,2025-04-13 18:35:57,2025-04-13 18:50:21,14.4,,공통,raw,
b190_heavy_work_r1,MSF,Large (141-200),190,heavy_work,325.6,39,20250413,107,BLK_107S,4,후면SAW,4,2025-04-13 18:50:21,2025-04-13 20:33:34,103.2,,공통,raw,
b190_heavy_work_r1,MSF,Large (141-200),190,heavy_work,325.6,39,20250413,107,BLK_107S,4,NC,5,2025-04-13 20:33:34,2025-04-13 21:19:40,46.1,,공통,raw,
b190_heavy_work_r1,MSF,Large (141-200),190,heavy_work,325.6,39,20250413,107,BLK_107S,4,베이35A 론지취부,6,2025-04-13 21:19:40,2025-04-13 22:30:28,70.8,35A,베이35A,raw,
b190_heavy_work_r1,MSF,Large (141-200),190,heavy_work,325.6,39,20250413,107,BLK_107S,4,베이35A 론지용접,7,2025-04-13 22:30:28,2025-04-13 22:56:09,25.7,35A,베이35A,raw,
b190_heavy_work_r1,MSF,Large (141-200),190,heavy_work,325.6,39,20250413,107,BLK_107S,4,베이35A 수정,8,2025-04-13 22:56:09,2025-04-13 23:39:07,43.0,35A,베이35A,raw,
b190_heavy_work_r1,MSF,Large (141-200),190,heavy_work,325.6,39,20250413,148,BLK_148P,5,판계,1,2025-04-13 10:12:00,2025-04-13 10:36:00,24.0,,공통,raw,
b190_heavy_work_r1,MSF,Large (141-200),190,heavy_work,325.6,39,20250413,148,BLK_148P,5,전면SAW,2,2025-04-13 18:35:57,2025-04-13 19:15:17,39.3,,공통,raw,
b190_heavy_work_r1,MSF,Large (141-200),190,heavy_work,325.6,39,20250413,148,BLK_148P,5,TurnOver,3,2025-04-13 19:15:17,2025-04-13 19:29:41,14.4,,공통,raw,
b190_heavy_work_r1,MSF,Large (141-200),190,heavy_work,325.6,39,20250413,148,BLK_148P,5,후면SAW,4,2025-04-13 20:33:34,2025-04-13 20:59:57,26.4,,공통,raw,
b190_heavy_work_r1,MSF,Large (141-200),190,heavy_work,325.6,39,20250413,148,BLK_148P,5,NC,5,2025-04-13 21:19:40,2025-04-13 21:51:56,32.3,,공통,raw,
b190_heavy_work_r1,MSF,Large (141-200),190,heavy_work,325.6,39,20250413,148,BLK_148P,5,베이36B 론지취부,6,2025-04-13 21:51:56,2025-04-13 22:37:32,45.6,36B,베이36B,raw,
b190_heavy_work_r1,MSF,Large (141-200),190,heavy_work,325.6,39,20250413,148,BLK_148P,5,베이36B 론지용접,7,2025-04-13 22:37:32,2025-04-13 22:58:53,21.4,36B,베이36B,raw,
b190_heavy_work_r1,MSF,Large (141-200),190,heavy_work,325.6,39,20250413,148,BLK_148P,5,베이36B 수정,8,2025-04-13 22:58:53,2025-04-13 23:26:00,27.1,36B,베이36B,raw,
b190_heavy_work_r1,MSF,Large (141-200),190,heavy_work,325.6,39,20250413,142,BLK_142C,6,판계,1,2025-04-13 10:36:00,2025-04-13 11:09:36,33.6,,공통,raw,
b190_heavy_work_r1,MSF,Large (141-200),190,heavy_work,325.6,39,20250413,142,BLK_142C,6,전면SAW,2,2025-04-13 19:15:17,2025-04-13 21:40:55,145.6,,공통,raw,
b190_heavy_work_r1,MSF,Large (141-200),190,heavy_work,325.6,39,20250413,142,BLK_142C,6,TurnOver,3,2025-04-13 21:40:55,2025-04-13 21:55:19,14.4,,공통,raw,
b190_heavy_work_r1,MSF,Large (141-200),190,heavy_work,325.6,39,20250413,142,BLK_142C,6,후면SAW,4,2025-04-13 21:55:19,2025-04-13 23:53:24,118.1,,공통,raw,
b190_heavy_work_r1,MSF,Large (141-200),190,heavy_work,325.6,39,20250413,142,BLK_142C,6,NC,5,2025-04-13 23:53:24,2025-04-14 00:33:28,40.1,,공통,raw,
b190_heavy_work_r1,MSF,Large (141-200),190,heavy_work,325.6,39,20250413,142,BLK_142C,6,베이35A 론지취부,6,2025-04-14 00:33:28,2025-04-14 01:44:16,70.8,35A,베이35A,raw,
b190_heavy_work_r1,MSF,Large (141-200),190,heavy_work,325.6,39,20250413,142,BLK_142C,6,베이35A 론지용접,7,2025-04-14 01:44:16,2025-04-14 02:09:56,25.7,35A,베이35A,raw,
b190_heavy_work_r1,MSF,Large (141-200),190,heavy_work,325.6,39,20250413,142,BLK_142C,6,베이35A 수정,8,2025-04-14 02:09:56,2025-04-14 02:52:54,43.0,35A,베이35A,raw,
b190_heavy_work_r1,MSF,Large (141-200),190,heavy_work,325.6,39,20250413,36,BLK_36P,7,판계,1,2025-04-13 11:09:36,2025-04-13 11:39:36,30.0,,공통,raw,
b190_heavy_work_r1,MSF,Large (141-200),190,heavy_work,325.6,39,20250413,36,BLK_36P,7,전면SAW,2,2025-04-13 21:40:55,2025-04-13 22:26:23,45.5,,공통,raw,
b190_heavy_work_r1,MSF,Large (141-200),190,heavy_work,325.6,39,20250413,36,BLK_36P,7,TurnOver,3,2025-04-13 22:26:23,2025-04-13 22:40:47,14.4,,공통,raw,
b190_heavy_work_r1,MSF,Large (141-200),190,heavy_work,325.6,39,20250413,36,BLK_36P,7,후면SAW,4,2025-04-13 23:53:24,2025-04-14 00:27:54,34.5,,공통,raw,
b190_heavy_work_r1,MSF,Large (141-200),190,heavy_work,325.6,39,20250413,36,BLK_36P,7,NC,5,2025-04-14 00:33:28,2025-04-14 01:21:15,47.8,,공통,raw,
b190_heavy_work_r1,MSF,Large (141-200),190,heavy_work,325.6,39,20250413,36,BLK_36P,7,베이36B 론지취부,6,2025-04-14 01:21:15,2025-04-14 02:57:15,96.0,36B,베이36B,raw,
b190_heavy_work_r1,MSF,Large (141-200),190,heavy_work,325.6,39,20250413,36,BLK_36P,7,베이36B 론지용접,7,2025-04-14 02:57:15,2025-04-14 03:27:15,30.0,36B,베이36B,raw,
b190_heavy_work_r1,MSF,Large (141-200),190,heavy_work,325.6,39,20250413,36,BLK_36P,7,베이36B 수정,8,2025-04-14 03:27:15,2025-04-14 04:26:03,58.8,36B,베이36B,raw,
b190_heavy_work_r1,MSF,Large (141-200),190,heavy_work,325.6,39,20250413,40,BLK_40P,8,판계,1,2025-04-13 11:39:36,2025-04-13 12:09:36,30.0,,공통,raw,
b190_heavy_work_r1,MSF,Large (141-200),190,heavy_work,325.6,39,20250413,40,BLK_40P,8,전면SAW,2,2025-04-13 22:26:23,2025-04-13 23:04:53,38.5,,공통,raw,
b190_heavy_work_r1,MSF,Large (141-200),190,heavy_work,325.6,39,20250413,40,BLK_40P,8,TurnOver,3,2025-04-13 23:04:53,2025-04-13 23:19:17,14.4,,공통,raw,
b190_heavy_work_r1,MSF,Large (141-200),190,heavy_work,325.6,39,20250413,40,BLK_40P,8,후면SAW,4,2025-04-14 00:27:54,2025-04-14 00:53:13,25.3,,공통,raw,
b190_heavy_work_r1,MSF,Large (141-200),190,heavy_work,325.6,39,20250413,40,BLK_40P,8,NC,5,2025-04-14 01:21:15,2025-04-14 02:03:20,42.1,,공통,raw,
b190_heavy_work_r1,MSF,Large (141-200),190,heavy_work,325.6,39,20250413,40,BLK_40P,8,베이35A 론지취부,6,2025-04-14 02:03:20,2025-04-14 02:57:20,54.0,35A,베이35A,raw,
b190_heavy_work_r1,MSF,Large (141-200),190,heavy_work,325.6,39,20250413,40,BLK_40P,8,베이35A 론지용접,7,2025-04-14 02:57:20,2025-04-14 03:20:08,22.8,35A,베이35A,raw,
b190_heavy_work_r1,MSF,Large (141-200),190,heavy_work,325.6,39,20250413,40,BLK_40P,8,베이35A 수정,8,2025-04-14 03:20:08,2025-04-14 03:52:32,32.4,35A,베이35A,raw,
b190_heavy_work_r1,MSF,Large (141-200),190,heavy_work,325.6,39,20250413,71,BLK_71S,9,판계,1,2025-04-13 12:09:36,2025-04-13 12:49:12,39.6,,공통,raw,
b190_heavy_work_r1,MSF,Large (141-200),190,heavy_work,325.6,39,20250413,71,BLK_71S,9,전면SAW,2,2025-04-13 23:04:53,2025-04-14 00:48:46,103.9,,공통,raw,
b190_heavy_work_r1,MSF,Large (141-200),190,heavy_work,325.6,39,20250413,71,BLK_71S,9,TurnOver,3,2025-04-14 00:48:46,2025-04-14 01:03:10,14.4,,공통,raw,
b190_heavy_work_r1,MSF,Large (141-200),190,heavy_work,325.6,39,20250413,71,BLK_71S,9,후면SAW,4,2025-04-14 01:03:10,2025-04-14 02:23:11,80.0,,공통,raw,
b190_heavy_work_r1,MSF,Large (141-200),190,heavy_work,325.6,39,20250413,71,BLK_71S,9,NC,5,2025-04-14 02:23:11,2025-04-14 03:09:22,46.2,,공통,raw,
b190_heavy_work_r1,MSF,Large (141-200),190,heavy_work,325.6,39,20250413,71,BLK_71S,9,베이36B 론지취부,6,2025-04-14 03:09:22,2025-04-14 04:24:22,75.0,36B,베이36B,raw,
b190_heavy_work_r1,MSF,Large (141-200),190,heavy_work,325.6,39,20250413,71,BLK_71S,9,베이36B 론지용접,7,2025-04-14 04:24:22,2025-04-14 04:50:46,26.4,36B,베이36B,raw,
b190_heavy_work_r1,MSF,Large (141-200),190,heavy_work,325.6,39,20250413,71,BLK_71S,9,베이36B 수정,8,2025-04-14 04:50:46,2025-04-14 05:36:22,45.6,36B,베이36B,raw,
b190_heavy_work_r1,MSF,Large (141-200),190,heavy_work,325.6,39,20250413,48,BLK_48S,10,판계,1,2025-04-13 12:49:12,2025-04-13 13:19:12,30.0,,공통,raw,
b190_heavy_work_r1,MSF,Large (141-200),190,heavy_work,325.6,39,20250413,48,BLK_48S,10,전면SAW,2,2025-04-14 00:48:46,2025-04-14 01:30:53,42.1,,공통,raw,
b190_heavy_work_r1,MSF,Large (141-200),190,heavy_work,325.6,39,20250413,48,BLK_48S,10,TurnOver,3,2025-04-14 01:30:53,2025-04-14 01:45:17,14.4,,공통,raw,
b190_heavy_work_r1,MSF,Large (141-200),190,heavy_work,325.6,39,20250413,48,BLK_48S,10,후면SAW,4,2025-04-14 02:23:11,2025-04-14 02:53:15,30.1,,공통,raw,
b190_heavy_work_r1,MSF,Large (141-200),190,heavy_work,325.6,39,20250413,48,BLK_48S,10,NC,5,2025-04-14 03:09:22,2025-04-14 03:53:33,44.2,,공통,raw,
b190_heavy_work_r1,MSF,Large (141-200),190,heavy_work,325.6,39,20250413,48,BLK_48S,10,베이35A 론지취부,6,2025-04-14 03:53:33,2025-04-14 05:08:33,75.0,35A,베이35A,raw,
b190_heavy_work_r1,MSF,Large (141-200),190,heavy_work,325.6,39,20250413,48,BLK_48S,10,베이35A 론지용접,7,2025-04-14 05:08:33,2025-04-14 05:34:57,26.4,35A,베이35A,raw,
b190_heavy_work_r1,MSF,Large (141-200),190,heavy_work,325.6,39,20250413,48,BLK_48S,10,베이35A 수정,8,2025-04-14 05:34:57,2025-04-14 06:20:33,45.6,35A,베이35A,raw,
b190_heavy_work_r1,MSF,Large (141-200),190,heavy_work,325.6,39,20250413,68,BLK_68P,11,판계,1,2025-04-13 13:19:12,2025-04-13 13:49:12,30.0,,공통,raw,
b190_heavy_work_r1,MSF,Large (141-200),190,heavy_work,325.6,39,20250413,68,BLK_68P,11,전면SAW,2,2025-04-14 01:30:53,2025-04-14 02:10:54,40.0,,공통,raw,
b190_heavy_work_r1,MSF,Large (141-200),190,heavy_work,325.6,39,20250413,68,BLK_68P,11,TurnOver,3,2025-04-14 02:10:54,2025-04-14 02:25:18,14.4,,공통,raw,
b190_heavy_work_r1,MSF,Large (141-200),190,heavy_work,325.6,39,20250413,68,BLK_68P,11,후면SAW,4,2025-04-14 02:53:15,2025-04-14 03:20:34,27.3,,공통,raw,
b190_heavy_work_r1,MSF,Large (141-200),190,heavy_work,325.6,39,20250413,68,BLK_68P,11,NC,5,2025-04-14 03:53:33,2025-04-14 04:39:34,46.0,,공통,raw,
b190_heavy_work_r1,MSF,Large (141-200),190,heavy_work,325.6,39,20250413,68,BLK_68P,11,베이36B 론지취부,6,2025-04-14 04:39:34,2025-04-14 06:15:34,96.0,36B,베이36B,raw,
b190_heavy_work_r1,MSF,Large (141-200),190,heavy_work,325.6,39,20250413,68,BLK_68P,11,베이36B 론지용접,7,2025-04-14 06:15:34,2025-04-14 06:45:34,30.0,36B,베이36B,raw,
b190_heavy_work_r1,MSF,Large (141-200),190,heavy_work,325.6,39,20250413,68,BLK_68P,11,베이36B 수정,8,2025-04-14 06:45:34,2025-04-14 07:44:22,58.8,36B,베이36B,raw,
b190_heavy_work_r1,MSF,Large (141-200),190,heavy_work,325.6,39,20250413,42,BLK_42P,12,판계,1,2025-04-13 13:49:12,2025-04-13 14:37:12,48.0,,공통,raw,
b190_heavy_work_r1,MSF,Large (141-200),190,heavy_work,325.6,39,20250413,42,BLK_42P,12,전면SAW,2,2025-04-14 02:10:54,2025-04-14 04:56:20,165.4,,공통,raw,
b190_heavy_work_r1,MSF,Large (141-200),190,heavy_work,325.6,39,20250413,42,BLK_42P,12,TurnOver,3,2025-04-14 04:56:20,2025-04-14 05:10:44,14.4,,공통,raw,
b190_heavy_work_r1,MSF,Large (141-200),190,heavy_work,325.6,39,20250413,42,BLK_42P,12,후면SAW,4,2025-04-14 05:10:44,2025-04-14 07:11:13,120.5,,공통,raw,
b190_heavy_work_r1,MSF,Large (141-200),190,heavy_work,325.6,39,20250413,42,BLK_42P,12,NC,5,2025-04-14 07:11:13,2025-04-14 08:04:55,53.7,,공통,raw,
b190_heavy_work_r1,MSF,Large (141-200),190,heavy_work,325.6,39,20250413,42,BLK_42P,12,베이35A 론지취부,6,2025-04-14 08:04:55,2025-04-14 09:15:43,70.8,35A,베이35A,raw,
b190_heavy_work_r1,MSF,Large (141-200),190,heavy_work,325.6,39,20250413,42,BLK_42P,12,베이35A 론지용접,7,2025-04-14 09:15:43,2025-04-14 09:41:24,25.7,35A,베이35A,raw,
b190_heavy_work_r1,MSF,Large (141-200),190,heavy_work,325.6,39,20250413,42,BLK_42P,12,베이35A 수정,8,2025-04-14 09:41:24,2025-04-14 10:24:21,43.0,35A,베이35A,raw,
b190_heavy_work_r1,MSF,Large (141-200),190,heavy_work,325.6,39,20250414,66,BLK_66S,1,판계,1,2025-04-14 08:00:00,2025-04-14 08:30:00,30.0,,공통,raw,
b190_heavy_work_r1,MSF,Large (141-200),190,heavy_work,325.6,39,20250414,66,BLK_66S,1,전면SAW,2,2025-04-14 08:30:00,2025-04-14 09:07:37,37.6,,공통,raw,
b190_heavy_work_r1,MSF,Large (141-200),190,heavy_work,325.6,39,20250414,66,BLK_66S,1,TurnOver,3,2025-04-14 09:07:37,2025-04-14 09:22:01,14.4,,공통,raw,
b190_heavy_work_r1,MSF,Large (141-200),190,heavy_work,325.6,39,20250414,66,BLK_66S,1,후면SAW,4,2025-04-14 09:22:01,2025-04-14 09:46:10,24.2,,공통,raw,
b190_heavy_work_r1,MSF,Large (141-200),190,heavy_work,325.6,39,20250414,66,BLK_66S,1,NC,5,2025-04-14 09:46:10,2025-04-14 10:28:14,42.1,,공통,raw,
b190_heavy_work_r1,MSF,Large (141-200),190,heavy_work,325.6,39,20250414,66,BLK_66S,1,베이36B 론지취부,6,2025-04-14 10:28:14,2025-04-14 11:51:38,83.4,36B,베이36B,raw,
b190_heavy_work_r1,MSF,Large (141-200),190,heavy_work,325.6,39,20250414,66,BLK_66S,1,베이36B 론지용접,7,2025-04-14 11:51:38,2025-04-14 12:19:29,27.8,36B,베이36B,raw,
b190_heavy_work_r1,MSF,Large (141-200),190,heavy_work,325.6,39,20250414,66,BLK_66S,1,베이36B 수정,8,2025-04-14 12:19:29,2025-04-14 13:10:22,50.9,36B,베이36B,raw,
b190_heavy_work_r1,MSF,Large (141-200),190,heavy_work,325.6,39,20250414,161,BLK_161P,2,판계,1,2025-04-14 08:30:00,2025-04-14 09:00:00,30.0,,공통,raw,
b190_heavy_work_r1,MSF,Large (141-200),190,heavy_work,325.6,39,20250414,161,BLK_161P,2,전면SAW,2,2025-04-14 09:07:37,2025-04-14 09:47:08,39.5,,공통,raw,
b190_heavy_work_r1,MSF,Large (141-200),190,heavy_work,325.6,39,20250414,161,BLK_161P,2,TurnOver,3,2025-04-14 09:47:08,2025-04-14 10:01:32,14.4,,공통,raw,
b190_heavy_work_r1,MSF,Large (141-200),190,heavy_work,325.6,39,20250414,161,BLK_161P,2,후면SAW,4,2025-04-14 10:01:32,2025-04-14 10:28:12,26.7,,공통,raw,
b190_heavy_work_r1,MSF,Large (141-200),190,heavy_work,325.6,39,20250414,161,BLK_161P,2,NC,5,2025-04-14 10:28:14,2025-04-14 11:11:24,43.2,,공통,raw,
b190_heavy_work_r1,MSF,Large (141-200),190,heavy_work,325.6,39,20250414,161,BLK_161P,2,베이35A 론지취부,6,2025-04-14 11:11:24,2025-04-14 12:43:12,91.8,35A,베이35A,raw,
b190_heavy_work_r1,MSF,Large (141-200),190,heavy_work,325.6,39,20250414,161,BLK_161P,2,베이35A 론지용접,7,2025-04-14 12:43:12,2025-04-14 13:12:28,29.3,35A,베이35A,raw,
b190_heavy_work_r1,MSF,Large (141-200),190,heavy_work,325.6,39,20250414,161,BLK_161P,2,베이35A 수정,8,2025-04-14 13:12:28,2025-04-14 14:08:38,56.2,35A,베이35A,raw,
b190_heavy_work_r1,MSF,Large (141-200),190,heavy_work,325.6,39,20250414,96,BLK_96S,3,판계,1,2025-04-14 09:00:00,2025-04-14 09:39:36,39.6,,공통,raw,
b190_heavy_work_r1,MSF,Large (141-200),190,heavy_work,325.6,39,20250414,96,BLK_96S,3,전면SAW,2,2025-04-14 09:47:08,2025-04-14 11:48:18,121.2,,공통,raw,
b190_heavy_work_r1,MSF,Large (141-200),190,heavy_work,325.6,39,20250414,96,BLK_96S,3,TurnOver,3,2025-04-14 11:48:18,2025-04-14 12:02:42,14.4,,공통,raw,
b190_heavy_work_r1,MSF,Large (141-200),190,heavy_work,325.6,39,20250414,96,BLK_96S,3,후면SAW,4,2025-04-14 12:02:42,2025-04-14 13:38:29,95.8,,공통,raw,
b190_heavy_work_r1,MSF,Large (141-200),190,heavy_work,325.6,39,20250414,96,BLK_96S,3,NC,5,2025-04-14 13:38:29,2025-04-14 14:28:21,49.9,,공통,raw,
b190_heavy_work_r1,MSF,Large (141-200),190,heavy_work,325.6,39,20250414,96,BLK_96S,3,베이36B 론지취부,6,2025-04-14 14:28:21,2025-04-14 15:43:21,75.0,36B,베이36B,raw,
b190_heavy_work_r1,MSF,Large (141-200),190,heavy_work,325.6,39,20250414,96,BLK_96S,3,베이36B 론지용접,7,2025-04-14 15:43:21,2025-04-14 16:09:45,26.4,36B,베이36B,raw,
b190_heavy_work_r1,MSF,Large (141-200),190,heavy_work,325.6,39,20250414,96,BLK_96S,3,베이36B 수정,8,2025-04-14 16:09:45,2025-04-14 16:55:21,45.6,36B,베이36B,raw,
b190_heavy_work_r1,MSF,Large (141-200),190,heavy_work,325.6,39,20250414,126,BLK_126S,4,판계,1,2025-04-14 09:39:36,2025-04-14 10:09:36,30.0,,공통,raw,
b190_heavy_work_r1,MSF,Large (141-200),190,heavy_work,325.6,39,20250414,126,BLK_126S,4,전면SAW,2,2025-04-14 11:48:18,2025-04-14 12:30:49,42.5,,공통,raw,
b190_heavy_work_r1,MSF,Large (141-200),190,heavy_work,325.6,39,20250414,126,BLK_126S,4,TurnOver,3,2025-04-14 12:30:49,2025-04-14 12:45:13,14.4,,공통,raw,
b190_heavy_work_r1,MSF,Large (141-200),190,heavy_work,325.6,39,20250414,126,BLK_126S,4,후면SAW,4,2025-04-14 13:38:29,2025-04-14 14:09:05,30.6,,공통,raw,
b190_heavy_work_r1,MSF,Large (141-200),190,heavy_work,325.6,39,20250414,126,BLK_126S,4,NC,5,2025-04-14 14:28:21,2025-04-14 15:13:11,44.8,,공통,raw,
b190_heavy_work_r1,MSF,Large (141-200),190,heavy_work,325.6,39,20250414,126,BLK_126S,4,베이35A 론지취부,6,2025-04-14 15:13:11,2025-04-14 16:23:59,70.8,35A,베이35A,raw,
b190_heavy_work_r1,MSF,Large (141-200),190,heavy_work,325.6,39,20250414,126,BLK_126S,4,베이35A 론지용접,7,2025-04-14 16:23:59,2025-04-14 16:49:40,25.7,35A,베이35A,raw,
b190_heavy_work_r1,MSF,Large (141-200),190,heavy_work,325.6,39,20250414,126,BLK_126S,4,베이35A 수정,8,2025-04-14 16:49:40,2025-04-14 17:32:37,43.0,35A,베이35A,raw,
b190_heavy_work_r1,MSF,Large (141-200),190,heavy_work,325.6,39,20250414,166,BLK_166C,5,판계,1,2025-04-14 10:09:36,2025-04-14 10:39:36,30.0,,공통,raw,
b190_heavy_work_r1,MSF,Large (141-200),190,heavy_work,325.6,39,20250414,166,BLK_166C,5,전면SAW,2,2025-04-14 12:30:49,2025-04-14 13:13:18,42.5,,공통,raw,
b190_heavy_work_r1,MSF,Large (141-200),190,heavy_work,325.6,39,20250414,166,BLK_166C,5,TurnOver,3,2025-04-14 13:13:18,2025-04-14 13:27:42,14.4,,공통,raw,
b190_heavy_work_r1,MSF,Large (141-200),190,heavy_work,325.6,39,20250414,166,BLK_166C,5,후면SAW,4,2025-04-14 14:09:05,2025-04-14 14:39:38,30.6,,공통,raw,
b190_heavy_work_r1,MSF,Large (141-200),190,heavy_work,325.6,39,20250414,166,BLK_166C,5,NC,5,2025-04-14 15:13:11,2025-04-14 15:59:51,46.7,,공통,raw,
b190_heavy_work_r1,MSF,Large (141-200),190,heavy_work,325.6,39,20250414,166,BLK_166C,5,베이36B 론지취부,6,2025-04-14 15:59:51,2025-04-14 17:19:03,79.2,36B,베이36B,raw,
b190_heavy_work_r1,MSF,Large (141-200),190,heavy_work,325.6,39,20250414,166,BLK_166C,5,베이36B 론지용접,7,2025-04-14 17:19:03,2025-04-14 17:46:10,27.1,36B,베이36B,raw,
b190_heavy_work_r1,MSF,Large (141-200),190,heavy_work,325.6,39,20250414,166,BLK_166C,5,베이36B 수정,8,2025-04-14 17:46:10,2025-04-14 18:34:24,48.2,36B,베이36B,raw,
b190_heavy_work_r1,MSF,Large (141-200),190,heavy_work,325.6,39,20250414,176,BLK_176P,6,판계,1,2025-04-14 10:39:36,2025-04-14 11:19:12,39.6,,공통,raw,
b190_heavy_work_r1,MSF,Large (141-200),190,heavy_work,325.6,39,20250414,176,BLK_176P,6,전면SAW,2,2025-04-14 13:13:18,2025-04-14 15:00:11,106.9,,공통,raw,
b190_heavy_work_r1,MSF,Large (141-200),190,heavy_work,325.6,39,20250414,176,BLK_176P,6,TurnOver,3,2025-04-14 15:00:11,2025-04-14 15:14:35,14.4,,공통,raw,
b190_heavy_work_r1,MSF,Large (141-200),190,heavy_work,325.6,39,20250414,176,BLK_176P,6,후면SAW,4,2025-04-14 15:14:35,2025-04-14 16:37:21,82.8,,공통,raw,
b190_heavy_work_r1,MSF,Large (141-200),190,heavy_work,325.6,39,20250414,176,BLK_176P,6,NC,5,2025-04-14 16:37:21,2025-04-14 17:24:20,47.0,,공통,raw,
b190_heavy_work_r1,MSF,Large (141-200),190,heavy_work,325.6,39,20250414,176,BLK_176P,6,베이35A 론지취부,6,2025-04-14 17:24:20,2025-04-14 18:43:32,79.2,35A,베이35A,raw,
b190_heavy_work_r1,MSF,Large (141-200),190,heavy_work,325.6,39,20250414,176,BLK_176P,6,베이35A 론지용접,7,2025-04-14 18:43:32,2025-04-14 19:10:39,27.1,35A,베이35A,raw,
b190_heavy_work_r1,MSF,Large (141-200),190,heavy_work,325.6,39,20250414,176,BLK_176P,6,베이35A 수정,8,2025-04-14 19:10:39,2025-04-14 19:58:53,48.2,35A,베이35A,raw,
b190_heavy_work_r1,MSF,Large (141-200),190,heavy_work,325.6,39,20250414,118,BLK_118S,7,판계,1,2025-04-14 11:19:12,2025-04-14 11:49:12,30.0,,공통,raw,
b190_heavy_work_r1,MSF,Large (141-200),190,heavy_work,325.6,39,20250414,118,BLK_118S,7,전면SAW,2,2025-04-14 15:00:11,2025-04-14 15:43:58,43.8,,공통,raw,
b190_heavy_work_r1,MSF,Large (141-200),190,heavy_work,325.6,39,20250414,118,BLK_118S,7,TurnOver,3,2025-04-14 15:43:58,2025-04-14 15:58:22,14.4,,공통,raw,
b190_heavy_work_r1,MSF,Large (141-200),190,heavy_work,325.6,39,20250414,118,BLK_118S,7,후면SAW,4,2025-04-14 16:37:21,2025-04-14 17:09:36,32.3,,공통,raw,
b190_heavy_work_r1,MSF,Large (141-200),190,heavy_work,325.6,39,20250414,118,BLK_118S,7,NC,5,2025-04-14 17:24:20,2025-04-14 18:06:48,42.5,,공통,raw,
b190_heavy_work_r1,MSF,Large (141-200),190,heavy_work,325.6,39,20250414,118,BLK_118S,7,베이36B 론지취부,6,2025-04-14 18:06:48,2025-04-14 19:05:00,58.2,36B,베이36B,raw,
b190_heavy_work_r1,MSF,Large (141-200),190,heavy_work,325.6,39,20250414,118,BLK_118S,7,베이36B 론지용접,7,2025-04-14 19:05:00,2025-04-14 19:28:31,23.5,36B,베이36B,raw,
b190_heavy_work_r1,MSF,Large (141-200),190,heavy_work,325.6,39,20250414,118,BLK_118S,7,베이36B 수정,8,2025-04-14 19:28:31,2025-04-14 20:03:33,35.0,36B,베이36B,raw,
b190_heavy_work_r1,MSF,Large (141-200),190,heavy_work,325.6,39,20250414,167,BLK_167S,8,판계,1,2025-04-14 11:49:12,2025-04-14 12:51:36,62.4,,공통,raw,
b190_heavy_work_r1,MSF,Large (141-200),190,heavy_work,325.6,39,20250414,167,BLK_167S,8,전면SAW,2,2025-04-14 15:43:58,2025-04-14 19:31:58,228.0,,공통,raw,
b190_heavy_work_r1,MSF,Large (141-200),190,heavy_work,325.6,39,20250414,167,BLK_167S,8,TurnOver,3,2025-04-14 19:31:58,2025-04-14 19:46:22,14.4,,공통,raw,
b190_heavy_work_r1,MSF,Large (141-200),190,heavy_work,325.6,39,20250414,167,BLK_167S,8,후면SAW,4,2025-04-14 19:46:22,2025-04-14 22:57:30,191.1,,공통,raw,
b190_heavy_work_r1,MSF,Large (141-200),190,heavy_work,325.6,39,20250414,167,BLK_167S,8,NC,5,2025-04-14 22:57:30,2025-04-15 00:09:09,71.6,,공통,raw,
b190_heavy_work_r1,MSF,Large (141-200),190,heavy_work,325.6,39,20250414,167,BLK_167S,8,베이35A 론지취부,6,2025-04-15 00:09:09,2025-04-15 00:54:45,45.6,35A,베이35A,raw,
b190_heavy_work_r1,MSF,Large (141-200),190,heavy_work,325.6,39,20250414,167,BLK_167S,8,베이35A 론지용접,7,2025-04-15 00:54:45,2025-04-15 01:16:06,21.4,35A,베이35A,raw,
b190_heavy_work_r1,MSF,Large (141-200),190,heavy_work,325.6,39,20250414,167,BLK_167S,8,베이35A 수정,8,2025-04-15 01:16:06,2025-04-15 01:43:14,27.1,35A,베이35A,raw,
b190_heavy_work_r1,MSF,Large (141-200),190,heavy_work,325.6,39,20250414,180,BLK_180C,9,판계,1,2025-04-14 12:51:36,2025-04-14 13:21:36,30.0,,공통,raw,
b190_heavy_work_r1,MSF,Large (141-200),190,heavy_work,325.6,39,20250414,180,BLK_180C,9,전면SAW,2,2025-04-14 19:31:58,2025-04-14 20:10:07,38.2,,공통,raw,
b190_heavy_work_r1,MSF,Large (141-200),190,heavy_work,325.6,39,20250414,180,BLK_180C,9,TurnOver,3,2025-04-14 20:10:07,2025-04-14 20:24:31,14.4,,공통,raw,
b190_heavy_work_r1,MSF,Large (141-200),190,heavy_work,325.6,39,20250414,180,BLK_180C,9,후면SAW,4,2025-04-14 22:57:30,2025-04-14 23:22:22,24.9,,공통,raw,
b190_heavy_work_r1,MSF,Large (141-200),190,heavy_work,325.6,39,20250414,180,BLK_180C,9,NC,5,2025-04-15 00:09:09,2025-04-15 00:50:03,40.9,,공통,raw,
b190_heavy_work_r1,MSF,Large (141-200),190,heavy_work,325.6,39,20250414,180,BLK_180C,9,베이36B 론지취부,6,2025-04-15 00:50:03,2025-04-15 02:00:51,70.8,36B,베이36B,raw,
b190_heavy_work_r1,MSF,Large (141-200),190,heavy_work,325.6,39,20250414,180,BLK_180C,9,베이36B 론지용접,7,2025-04-15 02:00:51,2025-04-15 02:26:32,25.7,36B,베이36B,raw,
b190_heavy_work_r1,MSF,Large (141-200),190,heavy_work,325.6,39,20250414,180,BLK_180C,9,베이36B 수정,8,2025-04-15 02:26:32,2025-04-15 03:09:30,43.0,36B,베이36B,raw,
b190_heavy_work_r1,MSF,Large (141-200),190,heavy_work,325.6,39,20250414,128,BLK_128S,10,판계,1,2025-04-14 13:21:36,2025-04-14 13:51:36,30.0,,공통,raw,
b190_heavy_work_r1,MSF,Large (141-200),190,heavy_work,325.6,39,20250414,128,BLK_128S,10,전면SAW,2,2025-04-14 20:10:07,2025-04-14 21:07:53,57.8,,공통,raw,
b190_heavy_work_r1,MSF,Large (141-200),190,heavy_work,325.6,39,20250414,128,BLK_128S,10,TurnOver,3,2025-04-14 21:07:53,2025-04-14 21:22:17,14.4,,공통,raw,
b190_heavy_work_r1,MSF,Large (141-200),190,heavy_work,325.6,39,20250414,128,BLK_128S,10,후면SAW,4,2025-04-14 23:22:22,2025-04-15 00:13:03,50.7,,공통,raw,
b190_heavy_work_r1,MSF,Large (141-200),190,heavy_work,325.6,39,20250414,128,BLK_128S,10,NC,5,2025-04-15 00:50:03,2025-04-15 01:32:34,42.5,,공통,raw,
b190_heavy_work_r1,MSF,Large (141-200),190,heavy_work,325.6,39,20250414,128,BLK_128S,10,베이35A 론지취부,6,2025-04-15 01:32:34,2025-04-15 02:22:22,49.8,35A,베이35A,raw,
b190_heavy_work_r1,MSF,Large (141-200),190,heavy_work,325.6,39,20250414,128,BLK_128S,10,베이35A 론지용접,7,2025-04-15 02:22:22,2025-04-15 02:44:26,22.1,35A,베이35A,raw,
b190_heavy_work_r1,MSF,Large (141-200),190,heavy_work,325.6,39,20250414,128,BLK_128S,10,베이35A 수정,8,2025-04-15 02:44:26,2025-04-15 03:14:12,29.8,35A,베이35A,raw,
b190_heavy_work_r1,MSF,Large (141-200),190,heavy_work,325.6,39,20250414,152,BLK_152P,11,판계,1,2025-04-14 13:51:36,2025-04-14 14:21:36,30.0,,공통,raw,
b190_heavy_work_r1,MSF,Large (141-200),190,heavy_work,325.6,39,20250414,152,BLK_152P,11,전면SAW,2,2025-04-14 21:07:53,2025-04-14 21:47:49,39.9,,공통,raw,
b190_heavy_work_r1,MSF,Large (141-200),190,heavy_work,325.6,39,20250414,152,BLK_152P,11,TurnOver,3,2025-04-14 21:47:49,2025-04-14 22:02:13,14.4,,공통,raw,
b190_heavy_work_r1,MSF,Large (141-200),190,heavy_work,325.6,39,20250414,152,BLK_152P,11,후면SAW,4,2025-04-15 00:13:03,2025-04-15 00:40:15,27.2,,공통,raw,
b190_heavy_work_r1,MSF,Large (141-200),190,heavy_work,325.6,39,20250414,152,BLK_152P,11,NC,5,2025-04-15 01:32:34,2025-04-15 02:18:13,45.7,,공통,raw,
b190_heavy_work_r1,MSF,Large (141-200),190,heavy_work,325.6,39,20250414,152,BLK_152P,11,베이36B 론지취부,6,2025-04-15 02:18:13,2025-04-15 03:41:37,83.4,36B,베이36B,raw,
b190_heavy_work_r1,MSF,Large (141-200),190,heavy_work,325.6,39,20250414,152,BLK_152P,11,베이36B 론지용접,7,2025-04-15 03:41:37,2025-04-15 04:09:28,27.8,36B,베이36B,raw,
b190_heavy_work_r1,MSF,Large (141-200),190,heavy_work,325.6,39,20250414,152,BLK_152P,11,베이36B 수정,8,2025-04-15 04:09:28,2025-04-15 05:00:20,50.9,36B,베이36B,raw,
b190_heavy_work_r1,MSF,Large (141-200),190,heavy_work,325.6,39,20250414,144,BLK_144S,12,판계,1,2025-04-14 14:21:36,2025-04-14 15:01:12,39.6,,공통,raw,
b190_heavy_work_r1,MSF,Large (141-200),190,heavy_work,325.6,39,20250414,144,BLK_144S,12,전면SAW,2,2025-04-14 21:47:49,2025-04-14 23:31:40,103.8,,공통,raw,
b190_heavy_work_r1,MSF,Large (141-200),190,heavy_work,325.6,39,20250414,144,BLK_144S,12,TurnOver,3,2025-04-14 23:31:40,2025-04-14 23:46:04,14.4,,공통,raw,
b190_heavy_work_r1,MSF,Large (141-200),190,heavy_work,325.6,39,20250414,144,BLK_144S,12,후면SAW,4,2025-04-15 00:40:15,2025-04-15 02:19:45,99.5,,공통,raw,
b190_heavy_work_r1,MSF,Large (141-200),190,heavy_work,325.6,39,20250414,144,BLK_144S,12,NC,5,2025-04-15 02:19:45,2025-04-15 03:11:00,51.3,,공통,raw,
b190_heavy_work_r1,MSF,Large (141-200),190,heavy_work,325.6,39,20250414,144,BLK_144S,12,베이35A 론지취부,6,2025-04-15 03:11:00,2025-04-15 04:55:24,104.4,35A,베이35A,raw,
b190_heavy_work_r1,MSF,Large (141-200),190,heavy_work,325.6,39,20250414,144,BLK_144S,12,베이35A 론지용접,7,2025-04-15 04:55:24,2025-04-15 05:26:51,31.4,35A,베이35A,raw,
b190_heavy_work_r1,MSF,Large (141-200),190,heavy_work,325.6,39,20250414,144,BLK_144S,12,베이35A 수정,8,2025-04-15 05:26:51,2025-04-15 06:30:56,64.1,35A,베이35A,raw,
b190_heavy_work_r1,MSF,Large (141-200),190,heavy_work,325.6,39,20250414,178,BLK_178S,13,판계,1,2025-04-14 15:01:12,2025-04-14 15:31:12,30.0,,공통,raw,
b190_heavy_work_r1,MSF,Large (141-200),190,heavy_work,325.6,39,20250414,178,BLK_178S,13,전면SAW,2,2025-04-14 23:31:40,2025-04-15 00:09:46,38.1,,공통,raw,
b190_heavy_work_r1,MSF,Large (141-200),190,heavy_work,325.6,39,20250414,178,BLK_178S,13,TurnOver,3,2025-04-15 00:09:46,2025-04-15 00:24:10,14.4,,공통,raw,
b190_heavy_work_r1,MSF,Large (141-200),190,heavy_work,325.6,39,20250414,178,BLK_178S,13,후면SAW,4,2025-04-15 02:19:45,2025-04-15 02:44:31,24.8,,공통,raw,
b190_heavy_work_r1,MSF,Large (141-200),190,heavy_work,325.6,39,20250414,178,BLK_178S,13,NC,5,2025-04-15 03:11:00,2025-04-15 03:54:30,43.5,,공통,raw,
b190_heavy_work_r1,MSF,Large (141-200),190,heavy_work,325.6,39,20250414,178,BLK_178S,13,베이36B 론지취부,6,2025-04-15 03:54:30,2025-04-15 05:13:42,79.2,36B,베이36B,raw,
b190_heavy_work_r1,MSF,Large (141-200),190,heavy_work,325.6,39,20250414,178,BLK_178S,13,베이36B 론지용접,7,2025-04-15 05:13:42,2025-04-15 05:40:49,27.1,36B,베이36B,raw,
b190_heavy_work_r1,MSF,Large (141-200),190,heavy_work,325.6,39,20250414,178,BLK_178S,13,베이36B 수정,8,2025-04-15 05:40:49,2025-04-15 06:29:03,48.2,36B,베이36B,raw,
b190_heavy_work_r1,MSF,Large (141-200),190,heavy_work,325.6,39,20250414,20,BLK_20P,14,판계,1,2025-04-14 15:31:12,2025-04-14 16:07:12,36.0,,공통,raw,
b190_heavy_work_r1,MSF,Large (141-200),190,heavy_work,325.6,39,20250414,20,BLK_20P,14,전면SAW,2,2025-04-15 00:09:46,2025-04-15 00:56:15,46.5,,공통,raw,
b190_heavy_work_r1,MSF,Large (141-200),190,heavy_work,325.6,39,20250414,20,BLK_20P,14,TurnOver,3,2025-04-15 00:56:15,2025-04-15 01:10:39,14.4,,공통,raw,
b190_heavy_work_r1,MSF,Large (141-200),190,heavy_work,325.6,39,20250414,20,BLK_20P,14,후면SAW,4,2025-04-15 02:44:31,2025-04-15 03:20:21,35.8,,공통,raw,
b190_heavy_work_r1,MSF,Large (141-200),190,heavy_work,325.6,39,20250414,20,BLK_20P,14,NC,5,2025-04-15 03:54:30,2025-04-15 04:43:20,48.8,,공통,raw,
b190_heavy_work_r1,MSF,Large (141-200),190,heavy_work,325.6,39,20250414,20,BLK_20P,14,베이35A 론지취부,6,2025-04-15 04:55:24,2025-04-15 06:18:48,83.4,35A,베이35A,raw,
b190_heavy_work_r1,MSF,Large (141-200),190,heavy_work,325.6,39,20250414,20,BLK_20P,14,베이35A 론지용접,7,2025-04-15 06:18:48,2025-04-15 06:46:39,27.8,35A,베이35A,raw,
b190_heavy_work_r1,MSF,Large (141-200),190,heavy_work,325.6,39,20250414,20,BLK_20P,14,베이35A 수정,8,2025-04-15 06:46:39,2025-04-15 07:37:32,50.9,35A,베이35A,raw,
b190_heavy_work_r1,MSF,Large (141-200),190,heavy_work,325.6,39,20250414,46,BLK_46S,15,판계,1,2025-04-14 16:07:12,2025-04-14 16:46:48,39.6,,공통,raw,
b190_heavy_work_r1,MSF,Large (141-200),190,heavy_work,325.6,39,20250414,46,BLK_46S,15,전면SAW,2,2025-04-15 00:56:15,2025-04-15 02:43:52,107.6,,공통,raw,
b190_heavy_work_r1,MSF,Large (141-200),190,heavy_work,325.6,39,20250414,46,BLK_46S,15,TurnOver,3,2025-04-15 02:43:52,2025-04-15 02:58:16,14.4,,공통,raw,
b190_heavy_work_r1,MSF,Large (141-200),190,heavy_work,325.6,39,20250414,46,BLK_46S,15,후면SAW,4,2025-04-15 03:20:21,2025-04-15 04:43:46,83.4,,공통,raw,
b190_heavy_work_r1,MSF,Large (141-200),190,heavy_work,325.6,39,20250414,46,BLK_46S,15,NC,5,2025-04-15 04:43:46,2025-04-15 05:32:36,48.8,,공통,raw,
b190_heavy_work_r1,MSF,Large (141-200),190,heavy_work,325.6,39,20250414,46,BLK_46S,15,베이36B 론지취부,6,2025-04-15 05:32:36,2025-04-15 06:51:48,79.2,36B,베이36B,raw,
b190_heavy_work_r1,MSF,Large (141-200),190,heavy_work,325.6,39,20250414,46,BLK_46S,15,베이36B 론지용접,7,2025-04-15 06:51:48,2025-04-15 07:18:56,27.1,36B,베이36B,raw,
b190_heavy_work_r1,MSF,Large (141-200),190,heavy_work,325.6,39,20250414,46,BLK_46S,15,베이36B 수정,8,2025-04-15 07:18:56,2025-04-15 08:07:10,48.2,36B,베이36B,raw,
b190_heavy_work_r1,MSF,Large (141-200),190,heavy_work,325.6,39,20250415,70,BLK_70P,1,판계,1,2025-04-15 08:00:00,2025-04-15 08:30:00,30.0,,공통,raw,
b190_heavy_work_r1,MSF,Large (141-200),190,heavy_work,325.6,39,20250415,70,BLK_70P,1,전면SAW,2,2025-04-15 08:30:00,2025-04-15 09:20:13,50.2,,공통,raw,
b190_heavy_work_r1,MSF,Large (141-200),190,heavy_work,325.6,39,20250415,70,BLK_70P,1,TurnOver,3,2025-04-15 09:20:13,2025-04-15 09:34:37,14.4,,공통,raw,
b190_heavy_work_r1,MSF,Large (141-200),190,heavy_work,325.6,39,20250415,70,BLK_70P,1,후면SAW,4,2025-04-15 09:34:37,2025-04-15 10:15:21,40.7,,공통,raw,
b190_heavy_work_r1,MSF,Large (141-200),190,heavy_work,325.6,39,20250415,70,BLK_70P,1,NC,5,2025-04-15 10:15:21,2025-04-15 10:57:16,41.9,,공통,raw,
b190_heavy_work_r1,MSF,Large (141-200),190,heavy_work,325.6,39,20250415,70,BLK_70P,1,베이35A 론지취부,6,2025-04-15 10:57:16,2025-04-15 12:20:40,83.4,35A,베이35A,raw,
b190_heavy_work_r1,MSF,Large (141-200),190,heavy_work,325.6,39,20250415,70,BLK_70P,1,베이35A 론지용접,7,2025-04-15 12:20:40,2025-04-15 12:48:30,27.8,35A,베이35A,raw,
b190_heavy_work_r1,MSF,Large (141-200),190,heavy_work,325.6,39,20250415,70,BLK_70P,1,베이35A 수정,8,2025-04-15 12:48:30,2025-04-15 13:39:23,50.9,35A,베이35A,raw,
b190_heavy_work_r1,MSF,Large (141-200),190,heavy_work,325.6,39,20250415,52,BLK_52C,2,판계,1,2025-04-15 08:30:00,2025-04-15 09:15:36,45.6,,공통,raw,
b190_heavy_work_r1,MSF,Large (141-200),190,heavy_work,325.6,39,20250415,52,BLK_52C,2,전면SAW,2,2025-04-15 09:20:13,2025-04-15 11:20:54,120.7,,공통,raw,
b190_heavy_work_r1,MSF,Large (141-200),190,heavy_work,325.6,39,20250415,52,BLK_52C,2,TurnOver,3,2025-04-15 11:20:54,2025-04-15 11:35:18,14.4,,공통,raw,
b190_heavy_work_r1,MSF,Large (141-200),190,heavy_work,325.6,39,20250415,52,BLK_52C,2,후면SAW,4,2025-04-15 11:35:18,2025-04-15 13:10:40,95.4,,공통,raw,
b190_heavy_work_r1,MSF,Large (141-200),190,heavy_work,325.6,39,20250415,52,BLK_52C,2,NC,5,2025-04-15 13:10:40,2025-04-15 14:09:43,59.1,,공통,raw,
b190_heavy_work_r1,MSF,Large (141-200),190,heavy_work,325.6,39,20250415,52,BLK_52C,2,베이36B 론지취부,6,2025-04-15 14:09:43,2025-04-15 15:20:31,70.8,36B,베이36B,raw,
b190_heavy_work_r1,MSF,Large (141-200),190,heavy_work,325.6,39,20250415,52,BLK_52C,2,베이36B 론지용접,7,2025-04-15 15:20:31,2025-04-15 15:46:12,25.7,36B,베이36B,raw,
b190_heavy_work_r1,MSF,Large (141-200),190,heavy_work,325.6,39,20250415,52,BLK_52C,2,베이36B 수정,8,2025-04-15 15:46:12,2025-04-15 16:29:10,43.0,36B,베이36B,raw,
b190_heavy_work_r1,MSF,Large (141-200),190,heavy_work,325.6,39,20250415,72,BLK_72C,3,판계,1,2025-04-15 09:15:36,2025-04-15 09:51:36,36.0,,공통,raw,
b190_heavy_work_r1,MSF,Large (141-200),190,heavy_work,325.6,39,20250415,72,BLK_72C,3,전면SAW,2,2025-04-15 11:20:54,2025-04-15 11:59:36,38.7,,공통,raw,
b190_heavy_work_r1,MSF,Large (141-200),190,heavy_work,325.6,39,20250415,72,BLK_72C,3,TurnOver,3,2025-04-15 11:59:36,2025-04-15 12:14:00,14.4,,공통,raw,
b190_heavy_work_r1,MSF,Large (141-200),190,heavy_work,325.6,39,20250415,72,BLK_72C,3,후면SAW,4,2025-04-15 13:10:40,2025-04-15 13:36:13,25.6,,공통,raw,
b190_heavy_work_r1,MSF,Large (141-200),190,heavy_work,325.6,39,20250415,72,BLK_72C,3,NC,5,2025-04-15 14:09:43,2025-04-15 14:59:33,49.8,,공통,raw,
b190_heavy_work_r1,MSF,Large (141-200),190,heavy_work,325.6,39,20250415,72,BLK_72C,3,베이35A 론지취부,6,2025-04-15 14:59:33,2025-04-15 16:56:33,117.0,35A,베이35A,raw,
b190_heavy_work_r1,MSF,Large (141-200),190,heavy_work,325.6,39,20250415,72,BLK_72C,3,베이35A 론지용접,7,2025-04-15 16:56:33,2025-04-15 17:30:09,33.6,35A,베이35A,raw,
b190_heavy_work_r1,MSF,Large (141-200),190,heavy_work,325.6,39,20250415,72,BLK_72C,3,베이35A 수정,8,2025-04-15 17:30:09,2025-04-15 18:42:09,72.0,35A,베이35A,raw,
b190_heavy_work_r1,MSF,Large (141-200),190,heavy_work,325.6,39,20250415,58,BLK_58C,4,판계,1,2025-04-15 09:51:36,2025-04-15 10:31:12,39.6,,공통,raw,
b190_heavy_work_r1,MSF,Large (141-200),190,heavy_work,325.6,39,20250415,58,BLK_58C,4,전면SAW,2,2025-04-15 11:59:36,2025-04-15 13:53:33,114.0,,공통,raw,
b190_heavy_work_r1,MSF,Large (141-200),190,heavy_work,325.6,39,20250415,58,BLK_58C,4,TurnOver,3,2025-04-15 13:53:33,2025-04-15 14:07:57,14.4,,공통,raw,
b190_heavy_work_r1,MSF,Large (141-200),190,heavy_work,325.6,39,20250415,58,BLK_58C,4,후면SAW,4,2025-04-15 14:07:57,2025-04-15 15:37:09,89.2,,공통,raw,
b190_heavy_work_r1,MSF,Large (141-200),190,heavy_work,325.6,39,20250415,58,BLK_58C,4,NC,5,2025-04-15 15:37:09,2025-04-15 16:24:19,47.2,,공통,raw,
b190_heavy_work_r1,MSF,Large (141-200),190,heavy_work,325.6,39,20250415,58,BLK_58C,4,베이36B 론지취부,6,2025-04-15 16:24:19,2025-04-15 17:09:55,45.6,36B,베이36B,raw,
b190_heavy_work_r1,MSF,Large (141-200),190,heavy_work,325.6,39,20250415,58,BLK_58C,4,베이36B 론지용접,7,2025-04-15 17:09:55,2025-04-15 17:31:17,21.4,36B,베이36B,raw,
b190_heavy_work_r1,MSF,Large (141-200),190,heavy_work,325.6,39,20250415,58,BLK_58C,4,베이36B 수정,8,2025-04-15 17:31:17,2025-04-15 17:58:24,27.1,36B,베이36B,raw,
b190_heavy_work_r1,MSF,Large (141-200),190,heavy_work,325.6,39,20250415,35,BLK_35P,5,판계,1,2025-04-15 10:31:12,2025-04-15 11:07:12,36.0,,공통,raw,
b190_heavy_work_r1,MSF,Large (141-200),190,heavy_work,325.6,39,20250415,35,BLK_35P,5,전면SAW,2,2025-04-15 13:53:33,2025-04-15 14:31:33,38.0,,공통,raw,
b190_heavy_work_r1,MSF,Large (141-200),190,heavy_work,325.6,39,20250415,35,BLK_35P,5,TurnOver,3,2025-04-15 14:31:33,2025-04-15 14:45:57,14.4,,공통,raw,
b190_heavy_work_r1,MSF,Large (141-200),190,heavy_work,325.6,39,20250415,35,BLK_35P,5,후면SAW,4,2025-04-15 15:37:09,2025-04-15 16:01:49,24.7,,공통,raw,
b190_heavy_work_r1,MSF,Large (141-200),190,heavy_work,325.6,39,20250415,35,BLK_35P,5,NC,5,2025-04-15 16:24:19,2025-04-15 17:18:59,54.7,,공통,raw,
b190_heavy_work_r1,MSF,Large (141-200),190,heavy_work,325.6,39,20250415,35,BLK_35P,5,베이36B 론지취부,6,2025-04-15 17:18:59,2025-04-15 18:54:59,96.0,36B,베이36B,raw,
b190_heavy_work_r1,MSF,Large (141-200),190,heavy_work,325.6,39,20250415,35,BLK_35P,5,베이36B 론지용접,7,2025-04-15 18:54:59,2025-04-15 19:24:59,30.0,36B,베이36B,raw,
b190_heavy_work_r1,MSF,Large (141-200),190,heavy_work,325.6,39,20250415,35,BLK_35P,5,베이36B 수정,8,2025-04-15 19:24:59,2025-04-15 20:23:47,58.8,36B,베이36B,raw,
b190_heavy_work_r1,MSF,Large (141-200),190,heavy_work,325.6,39,20250415,56,BLK_56P,6,판계,1,2025-04-15 11:07:12,2025-04-15 11:52:48,45.6,,공통,raw,
b190_heavy_work_r1,MSF,Large (141-200),190,heavy_work,325.6,39,20250415,56,BLK_56P,6,전면SAW,2,2025-04-15 14:31:33,2025-04-15 16:46:37,135.1,,공통,raw,
b190_heavy_work_r1,MSF,Large (141-200),190,heavy_work,325.6,39,20250415,56,BLK_56P,6,TurnOver,3,2025-04-15 16:46:37,2025-04-15 17:01:01,14.4,,공통,raw,
b190_heavy_work_r1,MSF,Large (141-200),190,heavy_work,325.6,39,20250415,56,BLK_56P,6,후면SAW,4,2025-04-15 17:01:01,2025-04-15 18:49:29,108.5,,공통,raw,
b190_heavy_work_r1,MSF,Large (141-200),190,heavy_work,325.6,39,20250415,56,BLK_56P,6,NC,5,2025-04-15 18:49:29,2025-04-15 19:46:30,57.0,,공통,raw,
b190_heavy_work_r1,MSF,Large (141-200),190,heavy_work,325.6,39,20250415,56,BLK_56P,6,베이35A 론지취부,6,2025-04-15 19:46:30,2025-04-15 21:18:18,91.8,35A,베이35A,raw,
b190_heavy_work_r1,MSF,Large (141-200),190,heavy_work,325.6,39,20250415,56,BLK_56P,6,베이35A 론지용접,7,2025-04-15 21:18:18,2025-04-15 21:47:35,29.3,35A,베이35A,raw,
b190_heavy_work_r1,MSF,Large (141-200),190,heavy_work,325.6,39,20250415,56,BLK_56P,6,베이35A 수정,8,2025-04-15 21:47:35,2025-04-15 22:43:45,56.2,35A,베이35A,raw,
b190_heavy_work_r1,MSF,Large (141-200),190,heavy_work,325.6,39,20250415,51,BLK_51P,7,판계,1,2025-04-15 11:52:48,2025-04-15 12:28:48,36.0,,공통,raw,
b190_heavy_work_r1,MSF,Large (141-200),190,heavy_work,325.6,39,20250415,51,BLK_51P,7,전면SAW,2,2025-04-15 16:46:37,2025-04-15 17:39:07,52.5,,공통,raw,
b190_heavy_work_r1,MSF,Large (141-200),190,heavy_work,325.6,39,20250415,51,BLK_51P,7,TurnOver,3,2025-04-15 17:39:07,2025-04-15 17:53:31,14.4,,공통,raw,
b190_heavy_work_r1,MSF,Large (141-200),190,heavy_work,325.6,39,20250415,51,BLK_51P,7,후면SAW,4,2025-04-15 18:49:29,2025-04-15 19:33:13,43.7,,공통,raw,
b190_heavy_work_r1,MSF,Large (141-200),190,heavy_work,325.6,39,20250415,51,BLK_51P,7,NC,5,2025-04-15 19:46:30,2025-04-15 20:37:37,51.1,,공통,raw,
b190_heavy_work_r1,MSF,Large (141-200),190,heavy_work,325.6,39,20250415,51,BLK_51P,7,베이36B 론지취부,6,2025-04-15 20:37:37,2025-04-15 22:05:13,87.6,36B,베이36B,raw,
b190_heavy_work_r1,MSF,Large (141-200),190,heavy_work,325.6,39,20250415,51,BLK_51P,7,베이36B 론지용접,7,2025-04-15 22:05:13,2025-04-15 22:33:46,28.6,36B,베이36B,raw,
b190_heavy_work_r1,MSF,Large (141-200),190,heavy_work,325.6,39,20250415,51,BLK_51P,7,베이36B 수정,8,2025-04-15 22:33:46,2025-04-15 23:27:18,53.5,36B,베이36B,raw,
b190_heavy_work_r1,MSF,Large (141-200),190,heavy_work,325.6,39,20250415,63,BLK_63P,8,판계,1,2025-04-15 12:28:48,2025-04-15 13:04:48,36.0,,공통,raw,
b190_heavy_work_r1,MSF,Large (141-200),190,heavy_work,325.6,39,20250415,63,BLK_63P,8,전면SAW,2,2025-04-15 17:39:07,2025-04-15 18:13:47,34.7,,공통,raw,
b190_heavy_work_r1,MSF,Large (141-200),190,heavy_work,325.6,39,20250415,63,BLK_63P,8,TurnOver,3,2025-04-15 18:13:47,2025-04-15 18:28:11,14.4,,공통,raw,
b190_heavy_work_r1,MSF,Large (141-200),190,heavy_work,325.6,39,20250415,63,BLK_63P,8,후면SAW,4,2025-04-15 19:33:13,2025-04-15 19:53:29,20.3,,공통,raw,
b190_heavy_work_r1,MSF,Large (141-200),190,heavy_work,325.6,39,20250415,63,BLK_63P,8,NC,5,2025-04-15 20:37:37,2025-04-15 21:27:26,49.8,,공통,raw,
b190_heavy_work_r1,MSF,Large (141-200),190,heavy_work,325.6,39,20250415,63,BLK_63P,8,베이35A 론지취부,6,2025-04-15 21:27:26,2025-04-15 22:42:26,75.0,35A,베이35A,raw,
b190_heavy_work_r1,MSF,Large (141-200),190,heavy_work,325.6,39,20250415,63,BLK_63P,8,베이35A 론지용접,7,2025-04-15 22:42:26,2025-04-15 23:08:50,26.4,35A,베이35A,raw,
b190_heavy_work_r1,MSF,Large (141-200),190,heavy_work,325.6,39,20250415,63,BLK_63P,8,베이35A 수정,8,2025-04-15 23:08:50,2025-04-15 23:54:26,45.6,35A,베이35A,raw,
b190_heavy_work_r1,MSF,Large (141-200),190,heavy_work,325.6,39,20250415,81,BLK_81C,9,판계,1,2025-04-15 13:04:48,2025-04-15 13:58:48,54.0,,공통,raw,
b190_heavy_work_r1,MSF,Large (141-200),190,heavy_work,325.6,39,20250415,81,BLK_81C,9,전면SAW,2,2025-04-15 18:13:47,2025-04-15 19:04:03,50.3,,공통,raw,
b190_heavy_work_r1,MSF,Large (141-200),190,heavy_work,325.6,39,20250415,81,BLK_81C,9,TurnOver,3,2025-04-15 19:04:03,2025-04-15 19:18:27,14.4,,공통,raw,
b190_heavy_work_r1,MSF,Large (141-200),190,heavy_work,325.6,39,20250415,81,BLK_81C,9,후면SAW,4,2025-04-15 19:53:29,2025-04-15 20:34:17,40.8,,공통,raw,
b190_heavy_work_r1,MSF,Large (141-200),190,heavy_work,325.6,39,20250415,81,BLK_81C,9,NC,5,2025-04-15 21:27:26,2025-04-15 22:33:09,65.7,,공통,raw,
b190_heavy_work_r1,MSF,Large (141-200),190,heavy_work,325.6,39,20250415,81,BLK_81C,9,베이36B 론지취부,6,2025-04-15 22:33:09,2025-04-16 00:17:33,104.4,36B,베이36B,raw,
b190_heavy_work_r1,MSF,Large (141-200),190,heavy_work,325.6,39,20250415,81,BLK_81C,9,베이36B 론지용접,7,2025-04-16 00:17:33,2025-04-16 00:48:59,31.4,36B,베이36B,raw,
b190_heavy_work_r1,MSF,Large (141-200),190,heavy_work,325.6,39,20250415,81,BLK_81C,9,베이36B 수정,8,2025-04-16 00:48:59,2025-04-16 01:53:04,64.1,36B,베이36B,raw,
b190_heavy_work_r1,MSF,Large (141-200),190,heavy_work,325.6,39,20250415,86,BLK_86C,10,판계,1,2025-04-15 13:58:48,2025-04-15 14:34:48,36.0,,공통,raw,
b190_heavy_work_r1,MSF,Large (141-200),190,heavy_work,325.6,39,20250415,86,BLK_86C,10,전면SAW,2,2025-04-15 19:04:03,2025-04-15 19:53:24,49.3,,공통,raw,
b190_heavy_work_r1,MSF,Large (141-200),190,heavy_work,325.6,39,20250415,86,BLK_86C,10,TurnOver,3,2025-04-15 19:53:24,2025-04-15 20:07:48,14.4,,공통,raw,
b190_heavy_work_r1,MSF,Large (141-200),190,heavy_work,325.6,39,20250415,86,BLK_86C,10,후면SAW,4,2025-04-15 20:34:17,2025-04-15 21:13:51,39.6,,공통,raw,
b190_heavy_work_r1,MSF,Large (141-200),190,heavy_work,325.6,39,20250415,86,BLK_86C,10,NC,5,2025-04-15 22:33:09,2025-04-15 23:24:12,51.0,,공통,raw,
b190_heavy_work_r1,MSF,Large (141-200),190,heavy_work,325.6,39,20250415,86,BLK_86C,10,베이35A 론지취부,6,2025-04-15 23:24:12,2025-04-16 00:35:00,70.8,35A,베이35A,raw,
b190_heavy_work_r1,MSF,Large (141-200),190,heavy_work,325.6,39,20250415,86,BLK_86C,10,베이35A 론지용접,7,2025-04-16 00:35:00,2025-04-16 01:00:41,25.7,35A,베이35A,raw,
b190_heavy_work_r1,MSF,Large (141-200),190,heavy_work,325.6,39,20250415,86,BLK_86C,10,베이35A 수정,8,2025-04-16 01:00:41,2025-04-16 01:43:38,43.0,35A,베이35A,raw,
b190_heavy_work_r1,MSF,Large (141-200),190,heavy_work,325.6,39,20250415,101,BLK_101S,11,판계,1,2025-04-15 14:34:48,2025-04-15 15:10:48,36.0,,공통,raw,
b190_heavy_work_r1,MSF,Large (141-200),190,heavy_work,325.6,39,20250415,101,BLK_101S,11,전면SAW,2,2025-04-15 19:53:24,2025-04-15 20:45:00,51.6,,공통,raw,
b190_heavy_work_r1,MSF,Large (141-200),190,heavy_work,325.6,39,20250415,101,BLK_101S,11,TurnOver,3,2025-04-15 20:45:00,2025-04-15 20:59:24,14.4,,공통,raw,
b190_heavy_work_r1,MSF,Large (141-200),190,heavy_work,325.6,39,20250415,101,BLK_101S,11,후면SAW,4,2025-04-15 21:13:51,2025-04-15 21:56:25,42.6,,공통,raw,
b190_heavy_work_r1,MSF,Large (141-200),190,heavy_work,325.6,39,20250415,101,BLK_101S,11,NC,5,2025-04-15 23:24:12,2025-04-16 00:15:41,51.5,,공통,raw,
b190_heavy_work_r1,MSF,Large (141-200),190,heavy_work,325.6,39,20250415,101,BLK_101S,11,베이36B 론지취부,6,2025-04-16 00:17:33,2025-04-16 01:53:33,96.0,36B,베이36B,raw,
b190_heavy_work_r1,MSF,Large (141-200),190,heavy_work,325.6,39,20250415,101,BLK_101S,11,베이36B 론지용접,7,2025-04-16 01:53:33,2025-04-16 02:23:33,30.0,36B,베이36B,raw,
b190_heavy_work_r1,MSF,Large (141-200),190,heavy_work,325.6,39,20250415,101,BLK_101S,11,베이36B 수정,8,2025-04-16 02:23:33,2025-04-16 03:22:21,58.8,36B,베이36B,raw,
b190_heavy_work_r1,MSF,Large (141-200),190,heavy_work,325.6,39,20250415,131,BLK_131C,12,판계,1,2025-04-15 15:10:48,2025-04-15 16:04:48,54.0,,공통,raw,
b190_heavy_work_r1,MSF,Large (141-200),190,heavy_work,325.6,39,20250415,131,BLK_131C,12,전면SAW,2,2025-04-15 20:45:00,2025-04-15 23:36:00,171.0,,공통,raw,
b190_heavy_work_r1,MSF,Large (141-200),190,heavy_work,325.6,39,20250415,131,BLK_131C,12,TurnOver,3,2025-04-15 23:36:00,2025-04-15 23:50:24,14.4,,공통,raw,
b190_heavy_work_r1,MSF,Large (141-200),190,heavy_work,325.6,39,20250415,131,BLK_131C,12,후면SAW,4,2025-04-15 23:50:24,2025-04-16 01:55:21,124.9,,공통,raw,
b190_heavy_work_r1,MSF,Large (141-200),190,heavy_work,325.6,39,20250415,131,BLK_131C,12,NC,5,2025-04-16 01:55:21,2025-04-16 02:57:58,62.6,,공통,raw,
b190_heavy_work_r1,MSF,Large (141-200),190,heavy_work,325.6,39,20250415,131,BLK_131C,12,베이35A 론지취부,6,2025-04-16 02:57:58,2025-04-16 04:04:34,66.6,35A,베이35A,raw,
b190_heavy_work_r1,MSF,Large (141-200),190,heavy_work,325.6,39,20250415,131,BLK_131C,12,베이35A 론지용접,7,2025-04-16 04:04:34,2025-04-16 04:29:31,25.0,35A,베이35A,raw,
b190_heavy_work_r1,MSF,Large (141-200),190,heavy_work,325.6,39,20250415,131,BLK_131C,12,베이35A 수정,8,2025-04-16 04:29:31,2025-04-16 05:09:51,40.3,35A,베이35A,raw,
b190_heavy_work_r1,MSF,Large (141-200),190,heavy_work,325.6,39,20250415,141,BLK_141S,13,판계,1,2025-04-15 16:04:48,2025-04-15 16:40:48,36.0,,공통,raw,
b190_heavy_work_r1,MSF,Large (141-200),190,heavy_work,325.6,39,20250415,141,BLK_141S,13,전면SAW,2,2025-04-15 23:36:00,2025-04-16 00:25:38,49.6,,공통,raw,
b190_heavy_work_r1,MSF,Large (141-200),190,heavy_work,325.6,39,20250415,141,BLK_141S,13,TurnOver,3,2025-04-16 00:25:38,2025-04-16 00:40:02,14.4,,공통,raw,
b190_heavy_work_r1,MSF,Large (141-200),190,heavy_work,325.6,39,20250415,141,BLK_141S,13,후면SAW,4,2025-04-16 01:55:21,2025-04-16 02:35:18,40.0,,공통,raw,
b190_heavy_work_r1,MSF,Large (141-200),190,heavy_work,325.6,39,20250415,141,BLK_141S,13,NC,5,2025-04-16 02:57:58,2025-04-16 03:44:44,46.8,,공통,raw,
b190_heavy_work_r1,MSF,Large (141-200),190,heavy_work,325.6,39,20250415,141,BLK_141S,13,베이36B 론지취부,6,2025-04-16 03:44:44,2025-04-16 04:42:56,58.2,36B,베이36B,raw,
b190_heavy_work_r1,MSF,Large (141-200),190,heavy_work,325.6,39,20250415,141,BLK_141S,13,베이36B 론지용접,7,2025-04-16 04:42:56,2025-04-16 05:06:28,23.5,36B,베이36B,raw,
b190_heavy_work_r1,MSF,Large (141-200),190,heavy_work,325.6,39,20250415,141,BLK_141S,13,베이36B 수정,8,2025-04-16 05:06:28,2025-04-16 05:41:30,35.0,36B,베이36B,raw,
b190_heavy_work_r1,MSF,Large (141-200),190,heavy_work,325.6,39,20250416,117,BLK_117P,1,판계,1,2025-04-16 08:00:00,2025-04-16 08:36:00,36.0,,공통,raw,
b190_heavy_work_r1,MSF,Large (141-200),190,heavy_work,325.6,39,20250416,117,BLK_117P,1,전면SAW,2,2025-04-16 08:36:00,2025-04-16 09:10:53,34.9,,공통,raw,
b190_heavy_work_r1,MSF,Large (141-200),190,heavy_work,325.6,39,20250416,117,BLK_117P,1,TurnOver,3,2025-04-16 09:10:53,2025-04-16 09:25:17,14.4,,공통,raw,
b190_heavy_work_r1,MSF,Large (141-200),190,heavy_work,325.6,39,20250416,117,BLK_117P,1,후면SAW,4,2025-04-16 09:25:17,2025-04-16 09:45:50,20.6,,공통,raw,
b190_heavy_work_r1,MSF,Large (141-200),190,heavy_work,325.6,39,20250416,117,BLK_117P,1,NC,5,2025-04-16 09:45:50,2025-04-16 10:34:27,48.6,,공통,raw,
b190_heavy_work_r1,MSF,Large (141-200),190,heavy_work,325.6,39,20250416,117,BLK_117P,1,베이35A 론지취부,6,2025-04-16 10:34:27,2025-04-16 11:41:03,66.6,35A,베이35A,raw,
b190_heavy_work_r1,MSF,Large (141-200),190,heavy_work,325.6,39,20250416,117,BLK_117P,1,베이35A 론지용접,7,2025-04-16 11:41:03,2025-04-16 12:06:01,25.0,35A,베이35A,raw,
b190_heavy_work_r1,MSF,Large (141-200),190,heavy_work,325.6,39,20250416,117,BLK_117P,1,베이35A 수정,8,2025-04-16 12:06:01,2025-04-16 12:46:20,40.3,35A,베이35A,raw,
b190_heavy_work_r1,MSF,Large (141-200),190,heavy_work,325.6,39,20250416,120,BLK_120S,2,판계,1,2025-04-16 08:36:00,2025-04-16 09:30:00,54.0,,공통,raw,
b190_heavy_work_r1,MSF,Large (141-200),190,heavy_work,325.6,39,20250416,120,BLK_120S,2,전면SAW,2,2025-04-16 09:30:00,2025-04-16 11:19:00,109.0,,공통,raw,
b190_heavy_work_r1,MSF,Large (141-200),190,heavy_work,325.6,39,20250416,120,BLK_120S,2,TurnOver,3,2025-04-16 11:19:00,2025-04-16 11:33:24,14.4,,공통,raw,
b190_heavy_work_r1,MSF,Large (141-200),190,heavy_work,325.6,39,20250416,120,BLK_120S,2,후면SAW,4,2025-04-16 11:33:24,2025-04-16 12:48:44,75.3,,공통,raw,
b190_heavy_work_r1,MSF,Large (141-200),190,heavy_work,325.6,39,20250416,120,BLK_120S,2,NC,5,2025-04-16 12:48:44,2025-04-16 13:44:14,55.5,,공통,raw,
b190_heavy_work_r1,MSF,Large (141-200),190,heavy_work,325.6,39,20250416,120,BLK_120S,2,베이36B 론지취부,6,2025-04-16 13:44:14,2025-04-16 14:38:14,54.0,36B,베이36B,raw,
b190_heavy_work_r1,MSF,Large (141-200),190,heavy_work,325.6,39,20250416,120,BLK_120S,2,베이36B 론지용접,7,2025-04-16 14:38:14,2025-04-16 15:01:02,22.8,36B,베이36B,raw,
b190_heavy_work_r1,MSF,Large (141-200),190,heavy_work,325.6,39,20250416,120,BLK_120S,2,베이36B 수정,8,2025-04-16 15:01:02,2025-04-16 15:33:26,32.4,36B,베이36B,raw,
b190_heavy_work_r1,MSF,Large (141-200),190,heavy_work,325.6,39,20250416,172,BLK_172C,3,판계,1,2025-04-16 09:30:00,2025-04-16 10:06:00,36.0,,공통,raw,
b190_heavy_work_r1,MSF,Large (141-200),190,heavy_work,325.6,39,20250416,172,BLK_172C,3,전면SAW,2,2025-04-16 11:19:00,2025-04-16 11:59:26,40.4,,공통,raw,
b190_heavy_work_r1,MSF,Large (141-200),190,heavy_work,325.6,39,20250416,172,BLK_172C,3,TurnOver,3,2025-04-16 11:59:26,2025-04-16 12:13:50,14.4,,공통,raw,
b190_heavy_work_r1,MSF,Large (141-200),190,heavy_work,325.6,39,20250416,172,BLK_172C,3,후면SAW,4,2025-04-16 12:48:44,2025-04-16 13:16:35,27.8,,공통,raw,
b190_heavy_work_r1,MSF,Large (141-200),190,heavy_work,325.6,39,20250416,172,BLK_172C,3,NC,5,2025-04-16 13:44:14,2025-04-16 14:35:21,51.1,,공통,raw,
b190_heavy_work_r1,MSF,Large (141-200),190,heavy_work,325.6,39,20250416,172,BLK_172C,3,베이35A 론지취부,6,2025-04-16 14:35:21,2025-04-16 15:58:45,83.4,35A,베이35A,raw,
b190_heavy_work_r1,MSF,Large (141-200),190,heavy_work,325.6,39,20250416,172,BLK_172C,3,베이35A 론지용접,7,2025-04-16 15:58:45,2025-04-16 16:26:35,27.8,35A,베이35A,raw,
b190_heavy_work_r1,MSF,Large (141-200),190,heavy_work,325.6,39,20250416,172,BLK_172C,3,베이35A 수정,8,2025-04-16 16:26:35,2025-04-16 17:17:28,50.9,35A,베이35A,raw,
b190_heavy_work_r1,MSF,Large (141-200),190,heavy_work,325.6,39,20250416,130,BLK_130P,4,판계,1,2025-04-16 10:06:00,2025-04-16 10:51:36,45.6,,공통,raw,
b190_heavy_work_r1,MSF,Large (141-200),190,heavy_work,325.6,39,20250416,130,BLK_130P,4,전면SAW,2,2025-04-16 11:59:26,2025-04-16 13:51:23,112.0,,공통,raw,
b190_heavy_work_r1,MSF,Large (141-200),190,heavy_work,325.6,39,20250416,130,BLK_130P,4,TurnOver,3,2025-04-16 13:51:23,2025-04-16 14:05:47,14.4,,공통,raw,
b190_heavy_work_r1,MSF,Large (141-200),190,heavy_work,325.6,39,20250416,130,BLK_130P,4,후면SAW,4,2025-04-16 14:05:47,2025-04-16 15:33:11,87.4,,공통,raw,
b190_heavy_work_r1,MSF,Large (141-200),190,heavy_work,325.6,39,20250416,130,BLK_130P,4,NC,5,2025-04-16 15:33:11,2025-04-16 16:28:27,55.3,,공통,raw,
b190_heavy_work_r1,MSF,Large (141-200),190,heavy_work,325.6,39,20250416,130,BLK_130P,4,베이36B 론지취부,6,2025-04-16 16:28:27,2025-04-16 18:00:15,91.8,36B,베이36B,raw,
b190_heavy_work_r1,MSF,Large (141-200),190,heavy_work,325.6,39,20250416,130,BLK_130P,4,베이36B 론지용접,7,2025-04-16 18:00:15,2025-04-16 18:29:31,29.3,36B,베이36B,raw,
b190_heavy_work_r1,MSF,Large (141-200),190,heavy_work,325.6,39,20250416,130,BLK_130P,4,베이36B 수정,8,2025-04-16 18:29:31,2025-04-16 19:25:41,56.2,36B,베이36B,raw,
b190_heavy_work_r1,MSF,Large (141-200),190,heavy_work,325.6,39,20250416,137,BLK_137P,5,판계,1,2025-04-16 10:51:36,2025-04-16 11:27:36,36.0,,공통,raw,
b190_heavy_work_r1,MSF,Large (141-200),190,heavy_work,325.6,39,20250416,137,BLK_137P,5,전면SAW,2,2025-04-16 13:51:23,2025-04-16 14:45:42,54.3,,공통,raw,
b190_heavy_work_r1,MSF,Large (141-200),190,heavy_work,325.6,39,20250416,137,BLK_137P,5,TurnOver,3,2025-04-16 14:45:42,2025-04-16 15:00:06,14.4,,공통,raw,
b190_heavy_work_r1,MSF,Large (141-200),190,heavy_work,325.6,39,20250416,137,BLK_137P,5,후면SAW,4,2025-04-16 15:33:11,2025-04-16 16:19:19,46.1,,공통,raw,
b190_heavy_work_r1,MSF,Large (141-200),190,heavy_work,325.6,39,20250416,137,BLK_137P,5,NC,5,2025-04-16 16:28:27,2025-04-16 17:20:31,52.1,,공통,raw,
b190_heavy_work_r1,MSF,Large (141-200),190,heavy_work,325.6,39,20250416,137,BLK_137P,5,베이35A 론지취부,6,2025-04-16 17:20:31,2025-04-16 18:56:31,96.0,35A,베이35A,raw,
b190_heavy_work_r1,MSF,Large (141-200),190,heavy_work,325.6,39,20250416,137,BLK_137P,5,베이35A 론지용접,7,2025-04-16 18:56:31,2025-04-16 19:26:31,30.0,35A,베이35A,raw,
b190_heavy_work_r1,MSF,Large (141-200),190,heavy_work,325.6,39,20250416,137,BLK_137P,5,베이35A 수정,8,2025-04-16 19:26:31,2025-04-16 20:25:19,58.8,35A,베이35A,raw,
b190_heavy_work_r1,MSF,Large (141-200),190,heavy_work,325.6,39,20250416,132,BLK_132C,6,판계,1,2025-04-16 11:27:36,2025-04-16 12:21:36,54.0,,공통,raw,
b190_heavy_work_r1,MSF,Large (141-200),190,heavy_work,325.6,39,20250416,132,BLK_132C,6,전면SAW,2,2025-04-16 14:45:42,2025-04-16 17:52:46,187.1,,공통,raw,
b190_heavy_work_r1,MSF,Large (141-200),190,heavy_work,325.6,39,20250416,132,BLK_132C,6,TurnOver,3,2025-04-16 17:52:46,2025-04-16 18:07:10,14.4,,공통,raw,
b190_heavy_work_r1,MSF,Large (141-200),190,heavy_work,325.6,39,20250416,132,BLK_132C,6,후면SAW,4,2025-04-16 18:07:10,2025-04-16 20:24:59,137.8,,공통,raw,
b190_heavy_work_r1,MSF,Large (141-200),190,heavy_work,325.6,39,20250416,132,BLK_132C,6,NC,5,2025-04-16 20:24:59,2025-04-16 21:27:36,62.6,,공통,raw,
b190_heavy_work_r1,MSF,Large (141-200),190,heavy_work,325.6,39,20250416,132,BLK_132C,6,베이36B 론지취부,6,2025-04-16 21:27:36,2025-04-16 22:59:24,91.8,36B,베이36B,raw,
b190_heavy_work_r1,MSF,Large (141-200),190,heavy_work,325.6,39,20250416,132,BLK_132C,6,베이36B 론지용접,7,2025-04-16 22:59:24,2025-04-16 23:28:40,29.3,36B,베이36B,raw,
b190_heavy_work_r1,MSF,Large (141-200),190,heavy_work,325.6,39,20250416,132,BLK_132C,6,베이36B 수정,8,2025-04-16 23:28:40,2025-04-17 00:24:50,56.2,36B,베이36B,raw,
b190_heavy_work_r1,MSF,Large (141-200),190,heavy_work,325.6,39,20250416,32,BLK_32S,7,판계,1,2025-04-16 12:21:36,2025-04-16 12:57:36,36.0,,공통,raw,
b190_heavy_work_r1,MSF,Large (141-200),190,heavy_work,325.6,39,20250416,32,BLK_32S,7,전면SAW,2,2025-04-16 17:52:46,2025-04-16 18:28:36,35.8,,공통,raw,
b190_heavy_work_r1,MSF,Large (141-200),190,heavy_work,325.6,39,20250416,32,BLK_32S,7,TurnOver,3,2025-04-16 18:28:36,2025-04-16 18:43:00,14.4,,공통,raw,
b190_heavy_work_r1,MSF,Large (141-200),190,heavy_work,325.6,39,20250416,32,BLK_32S,7,후면SAW,4,2025-04-16 20:24:59,2025-04-16 20:46:46,21.8,,공통,raw,
b190_heavy_work_r1,MSF,Large (141-200),190,heavy_work,325.6,39,20250416,32,BLK_32S,7,NC,5,2025-04-16 21:27:36,2025-04-16 22:26:47,59.2,,공통,raw,
b190_heavy_work_r1,MSF,Large (141-200),190,heavy_work,325.6,39,20250416,32,BLK_32S,7,베이35A 론지취부,6,2025-04-16 22:26:47,2025-04-16 23:50:11,83.4,35A,베이35A,raw,
b190_heavy_work_r1,MSF,Large (141-200),190,heavy_work,325.6,39,20250416,32,BLK_32S,7,베이35A 론지용접,7,2025-04-16 23:50:11,2025-04-17 00:18:02,27.8,35A,베이35A,raw,
b190_heavy_work_r1,MSF,Large (141-200),190,heavy_work,325.6,39,20250416,32,BLK_32S,7,베이35A 수정,8,2025-04-17 00:18:02,2025-04-17 01:08:54,50.9,35A,베이35A,raw,
b190_heavy_work_r1,MSF,Large (141-200),190,heavy_work,325.6,39,20250416,160,BLK_160S,8,판계,1,2025-04-16 12:57:36,2025-04-16 13:51:36,54.0,,공통,raw,
b190_heavy_work_r1,MSF,Large (141-200),190,heavy_work,325.6,39,20250416,160,BLK_160S,8,전면SAW,2,2025-04-16 18:28:36,2025-04-16 21:38:48,190.2,,공통,raw,
b190_heavy_work_r1,MSF,Large (141-200),190,heavy_work,325.6,39,20250416,160,BLK_160S,8,TurnOver,3,2025-04-16 21:38:48,2025-04-16 21:53:12,14.4,,공통,raw,
b190_heavy_work_r1,MSF,Large (141-200),190,heavy_work,325.6,39,20250416,160,BLK_160S,8,후면SAW,4,2025-04-16 21:53:12,2025-04-17 00:10:22,137.2,,공통,raw,
b190_heavy_work_r1,MSF,Large (141-200),190,heavy_work,325.6,39,20250416,160,BLK_160S,8,NC,5,2025-04-17 00:10:22,2025-04-17 01:22:04,71.7,,공통,raw,
b190_heavy_work_r1,MSF,Large (141-200),190,heavy_work,325.6,39,20250416,160,BLK_160S,8,베이36B 론지취부,6,2025-04-17 01:22:04,2025-04-17 03:10:40,108.6,36B,베이36B,raw,
b190_heavy_work_r1,MSF,Large (141-200),190,heavy_work,325.6,39,20250416,160,BLK_160S,8,베이36B 론지용접,7,2025-04-17 03:10:40,2025-04-17 03:42:50,32.2,36B,베이36B,raw,
b190_heavy_work_r1,MSF,Large (141-200),190,heavy_work,325.6,39,20250416,160,BLK_160S,8,베이36B 수정,8,2025-04-17 03:42:50,2025-04-17 04:49:33,66.7,36B,베이36B,raw,
b190_heavy_work_r1,MSF,Large (141-200),190,heavy_work,325.6,39,20250416,157,BLK_157C,9,판계,1,2025-04-16 13:51:36,2025-04-16 14:37:12,45.6,,공통,raw,
b190_heavy_work_r1,MSF,Large (141-200),190,heavy_work,325.6,39,20250416,157,BLK_157C,9,전면SAW,2,2025-04-16 21:38:48,2025-04-16 23:31:31,112.7,,공통,raw,
b190_heavy_work_r1,MSF,Large (141-200),190,heavy_work,325.6,39,20250416,157,BLK_157C,9,TurnOver,3,2025-04-16 23:31:31,2025-04-16 23:45:55,14.4,,공통,raw,
b190_heavy_work_r1,MSF,Large (141-200),190,heavy_work,325.6,39,20250416,157,BLK_157C,9,후면SAW,4,2025-04-17 00:10:22,2025-04-17 01:38:26,88.1,,공통,raw,
b190_heavy_work_r1,MSF,Large (141-200),190,heavy_work,325.6,39,20250416,157,BLK_157C,9,NC,5,2025-04-17 01:38:26,2025-04-17 02:31:20,52.9,,공통,raw,
b190_heavy_work_r1,MSF,Large (141-200),190,heavy_work,325.6,39,20250416,157,BLK_157C,9,베이35A 론지취부,6,2025-04-17 02:31:20,2025-04-17 03:33:44,62.4,35A,베이35A,raw,
b190_heavy_work_r1,MSF,Large (141-200),190,heavy_work,325.6,39,20250416,157,BLK_157C,9,베이35A 론지용접,7,2025-04-17 03:33:44,2025-04-17 03:57:59,24.2,35A,베이35A,raw,
b190_heavy_work_r1,MSF,Large (141-200),190,heavy_work,325.6,39,20250416,157,BLK_157C,9,베이35A 수정,8,2025-04-17 03:57:59,2025-04-17 04:35:39,37.7,35A,베이35A,raw,
b190_heavy_work_r1,MSF,Large (141-200),190,heavy_work,325.6,39,20250416,47,BLK_47P,10,판계,1,2025-04-16 14:37:12,2025-04-16 15:13:12,36.0,,공통,raw,
b190_heavy_work_r1,MSF,Large (141-200),190,heavy_work,325.6,39,20250416,47,BLK_47P,10,전면SAW,2,2025-04-16 23:31:31,2025-04-17 00:07:09,35.6,,공통,raw,
b190_heavy_work_r1,MSF,Large (141-200),190,heavy_work,325.6,39,20250416,47,BLK_47P,10,TurnOver,3,2025-04-17 00:07:09,2025-04-17 00:21:33,14.4,,공통,raw,
b190_heavy_work_r1,MSF,Large (141-200),190,heavy_work,325.6,39,20250416,47,BLK_47P,10,후면SAW,4,2025-04-17 01:38:26,2025-04-17 01:59:59,21.5,,공통,raw,
b190_heavy_work_r1,MSF,Large (141-200),190,heavy_work,325.6,39,20250416,47,BLK_47P,10,NC,5,2025-04-17 02:31:20,2025-04-17 03:27:57,56.6,,공통,raw,
b190_heavy_work_r1,MSF,Large (141-200),190,heavy_work,325.6,39,20250416,47,BLK_47P,10,베이36B 론지취부,6,2025-04-17 03:27:57,2025-04-17 04:30:21,62.4,36B,베이36B,raw,
b190_heavy_work_r1,MSF,Large (141-200),190,heavy_work,325.6,39,20250416,47,BLK_47P,10,베이36B 론지용접,7,2025-04-17 04:30:21,2025-04-17 04:54:36,24.2,36B,베이36B,raw,
b190_heavy_work_r1,MSF,Large (141-200),190,heavy_work,325.6,39,20250416,47,BLK_47P,10,베이36B 수정,8,2025-04-17 04:54:36,2025-04-17 05:32:16,37.7,36B,베이36B,raw,
b190_heavy_work_r1,MSF,Large (141-200),190,heavy_work,325.6,39,20250416,177,BLK_177P,11,판계,1,2025-04-16 15:13:12,2025-04-16 15:58:48,45.6,,공통,raw,
b190_heavy_work_r1,MSF,Large (141-200),190,heavy_work,325.6,39,20250416,177,BLK_177P,11,전면SAW,2,2025-04-17 00:07:09,2025-04-17 02:05:09,118.0,,공통,raw,
b190_heavy_work_r1,MSF,Large (141-200),190,heavy_work,325.6,39,20250416,177,BLK_177P,11,TurnOver,3,2025-04-17 02:05:09,2025-04-17 02:19:33,14.4,,공통,raw,
b190_heavy_work_r1,MSF,Large (141-200),190,heavy_work,325.6,39,20250416,177,BLK_177P,11,후면SAW,4,2025-04-17 02:19:33,2025-04-17 03:52:27,92.9,,공통,raw,
b190_heavy_work_r1,MSF,Large (141-200),190,heavy_work,325.6,39,20250416,177,BLK_177P,11,NC,5,2025-04-17 03:52:27,2025-04-17 04:46:45,54.3,,공통,raw,
b190_heavy_work_r1,MSF,Large (141-200),190,heavy_work,325.6,39,20250416,177,BLK_177P,11,베이35A 론지취부,6,2025-04-17 04:46:45,2025-04-17 05:57:33,70.8,35A,베이35A,raw,
b190_heavy_work_r1,MSF,Large (141-200),190,heavy_work,325.6,39,20250416,177,BLK_177P,11,베이35A 론지용접,7,2025-04-17 05:57:33,2025-04-17 06:23:13,25.7,35A,베이35A,raw,
b190_heavy_work_r1,MSF,Large (141-200),190,heavy_work,325.6,39,20250416,177,BLK_177P,11,베이35A 수정,8,2025-04-17 06:23:13,2025-04-17 07:06:11,43.0,35A,베이35A,raw,
b190_heavy_work_r1,MSF,Large (141-200),190,heavy_work,325.6,39,20250417,54,BLK_54P,1,판계,1,2025-04-17 08:00:00,2025-04-17 08:36:00,36.0,,공통,raw,
b190_heavy_work_r1,MSF,Large (141-200),190,heavy_work,325.6,39,20250417,54,BLK_54P,1,전면SAW,2,2025-04-17 08:36:00,2025-04-17 09:25:41,49.7,,공통,raw,
b190_heavy_work_r1,MSF,Large (141-200),190,heavy_work,325.6,39,20250417,54,BLK_54P,1,TurnOver,3,2025-04-17 09:25:41,2025-04-17 09:40:05,14.4,,공통,raw,
b190_heavy_work_r1,MSF,Large (141-200),190,heavy_work,325.6,39,20250417,54,BLK_54P,1,후면SAW,4,2025-04-17 09:40:05,2025-04-17 10:20:08,40.0,,공통,raw,
b190_heavy_work_r1,MSF,Large (141-200),190,heavy_work,325.6,39,20250417,54,BLK_54P,1,NC,5,2025-04-17 10:20:08,2025-04-17 11:19:18,59.2,,공통,raw,
b190_heavy_work_r1,MSF,Large (141-200),190,heavy_work,325.6,39,20250417,54,BLK_54P,1,베이36B 론지취부,6,2025-04-17 11:19:18,2025-04-17 13:07:54,108.6,36B,베이36B,raw,
b190_heavy_work_r1,MSF,Large (141-200),190,heavy_work,325.6,39,20250417,54,BLK_54P,1,베이36B 론지용접,7,2025-04-17 13:07:54,2025-04-17 13:40:04,32.2,36B,베이36B,raw,
b190_heavy_work_r1,MSF,Large (141-200),190,heavy_work,325.6,39,20250417,54,BLK_54P,1,베이36B 수정,8,2025-04-17 13:40:04,2025-04-17 14:46:47,66.7,36B,베이36B,raw,
b190_heavy_work_r1,MSF,Large (141-200),190,heavy_work,325.6,39,20250417,60,BLK_60P,2,판계,1,2025-04-17 08:36:00,2025-04-17 09:12:00,36.0,,공통,raw,
b190_heavy_work_r1,MSF,Large (141-200),190,heavy_work,325.6,39,20250417,60,BLK_60P,2,전면SAW,2,2025-04-17 09:25:41,2025-04-17 10:00:14,34.5,,공통,raw,
b190_heavy_work_r1,MSF,Large (141-200),190,heavy_work,325.6,39,20250417,60,BLK_60P,2,TurnOver,3,2025-04-17 10:00:14,2025-04-17 10:14:38,14.4,,공통,raw,
b190_heavy_work_r1,MSF,Large (141-200),190,heavy_work,325.6,39,20250417,60,BLK_60P,2,후면SAW,4,2025-04-17 10:20:08,2025-04-17 10:40:14,20.1,,공통,raw,
b190_heavy_work_r1,MSF,Large (141-200),190,heavy_work,325.6,39,20250417,60,BLK_60P,2,NC,5,2025-04-17 11:19:18,2025-04-17 12:13:48,54.5,,공통,raw,
b190_heavy_work_r1,MSF,Large (141-200),190,heavy_work,325.6,39,20250417,60,BLK_60P,2,베이35A 론지취부,6,2025-04-17 12:13:48,2025-04-17 13:03:36,49.8,35A,베이35A,raw,
b190_heavy_work_r1,MSF,Large (141-200),190,heavy_work,325.6,39,20250417,60,BLK_60P,2,베이35A 론지용접,7,2025-04-17 13:03:36,2025-04-17 13:25:41,22.1,35A,베이35A,raw,
b190_heavy_work_r1,MSF,Large (141-200),190,heavy_work,325.6,39,20250417,60,BLK_60P,2,베이35A 수정,8,2025-04-17 13:25:41,2025-04-17 13:55:27,29.8,35A,베이35A,raw,
b190_heavy_work_r1,MSF,Large (141-200),190,heavy_work,325.6,39,20250417,121,BLK_121C,3,판계,1,2025-04-17 09:12:00,2025-04-17 09:48:00,36.0,,공통,raw,
b190_heavy_work_r1,MSF,Large (141-200),190,heavy_work,325.6,39,20250417,121,BLK_121C,3,전면SAW,2,2025-04-17 10:00:14,2025-04-17 10:35:39,35.4,,공통,raw,
b190_heavy_work_r1,MSF,Large (141-200),190,heavy_work,325.6,39,20250417,121,BLK_121C,3,TurnOver,3,2025-04-17 10:35:39,2025-04-17 10:50:03,14.4,,공통,raw,
b190_heavy_work_r1,MSF,Large (141-200),190,heavy_work,325.6,39,20250417,121,BLK_121C,3,후면SAW,4,2025-04-17 10:50:03,2025-04-17 11:11:18,21.3,,공통,raw,
b190_heavy_work_r1,MSF,Large (141-200),190,heavy_work,325.6,39,20250417,121,BLK_121C,3,NC,5,2025-04-17 12:13:48,2025-04-17 13:11:11,57.4,,공통,raw,
b190_heavy_work_r1,MSF,Large (141-200),190,heavy_work,325.6,39,20250417,121,BLK_121C,3,베이36B 론지취부,6,2025-04-17 13:11:11,2025-04-17 15:03:59,112.8,36B,베이36B,raw,
b190_heavy_work_r1,MSF,Large (141-200),190,heavy_work,325.6,39,20250417,121,BLK_121C,3,베이36B 론지용접,7,2025-04-17 15:03:59,2025-04-17 15:36:51,32.9,36B,베이36B,raw,
b190_heavy_work_r1,MSF,Large (141-200),190,heavy_work,325.6,39,20250417,121,BLK_121C,3,베이36B 수정,8,2025-04-17 15:36:51,2025-04-17 16:46:13,69.4,36B,베이36B,raw,
b190_heavy_work_r1,MSF,Large (141-200),190,heavy_work,325.6,39,20250417,136,BLK_136C,4,판계,1,2025-04-17 09:48:00,2025-04-17 10:24:00,36.0,,공통,raw,
b190_heavy_work_r1,MSF,Large (141-200),190,heavy_work,325.6,39,20250417,136,BLK_136C,4,전면SAW,2,2025-04-17 10:35:39,2025-04-17 12:58:11,142.5,,공통,raw,
b190_heavy_work_r1,MSF,Large (141-200),190,heavy_work,325.6,39,20250417,136,BLK_136C,4,TurnOver,3,2025-04-17 12:58:11,2025-04-17 13:12:35,14.4,,공통,raw,
b190_heavy_work_r1,MSF,Large (141-200),190,heavy_work,325.6,39,20250417,136,BLK_136C,4,후면SAW,4,2025-04-17 13:12:35,2025-04-17 15:37:10,144.6,,공통,raw,
b190_heavy_work_r1,MSF,Large (141-200),190,heavy_work,325.6,39,20250417,136,BLK_136C,4,NC,5,2025-04-17 15:37:10,2025-04-17 16:40:00,62.8,,공통,raw,
b190_heavy_work_r1,MSF,Large (141-200),190,heavy_work,325.6,39,20250417,136,BLK_136C,4,베이35A 론지취부,6,2025-04-17 16:40:00,2025-04-17 17:55:00,75.0,35A,베이35A,raw,
b190_heavy_work_r1,MSF,Large (141-200),190,heavy_work,325.6,39,20250417,136,BLK_136C,4,베이35A 론지용접,7,2025-04-17 17:55:00,2025-04-17 18:21:24,26.4,35A,베이35A,raw,
b190_heavy_work_r1,MSF,Large (141-200),190,heavy_work,325.6,39,20250417,136,BLK_136C,4,베이35A 수정,8,2025-04-17 18:21:24,2025-04-17 19:07:00,45.6,35A,베이35A,raw,
b190_heavy_work_r1,MSF,Large (141-200),190,heavy_work,325.6,39,20250417,158,BLK_158C,5,판계,1,2025-04-17 10:24:00,2025-04-17 11:00:00,36.0,,공통,raw,
b190_heavy_work_r1,MSF,Large (141-200),190,heavy_work,325.6,39,20250417,158,BLK_158C,5,전면SAW,2,2025-04-17 12:58:11,2025-04-17 13:59:44,61.6,,공통,raw,
b190_heavy_work_r1,MSF,Large (141-200),190,heavy_work,325.6,39,20250417,158,BLK_158C,5,TurnOver,3,2025-04-17 13:59:44,2025-04-17 14:14:08,14.4,,공통,raw,
b190_heavy_work_r1,MSF,Large (141-200),190,heavy_work,325.6,39,20250417,158,BLK_158C,5,후면SAW,4,2025-04-17 15:37:10,2025-04-17 16:32:50,55.7,,공통,raw,
b190_heavy_work_r1,MSF,Large (141-200),190,heavy_work,325.6,39,20250417,158,BLK_158C,5,NC,5,2025-04-17 16:40:00,2025-04-17 17:46:49,66.8,,공통,raw,
b190_heavy_work_r1,MSF,Large (141-200),190,heavy_work,325.6,39,20250417,158,BLK_158C,5,베이36B 론지취부,6,2025-04-17 17:46:49,2025-04-17 19:31:13,104.4,36B,베이36B,raw,
b190_heavy_work_r1,MSF,Large (141-200),190,heavy_work,325.6,39,20250417,158,BLK_158C,5,베이36B 론지용접,7,2025-04-17 19:31:13,2025-04-17 20:02:39,31.4,36B,베이36B,raw,
b190_heavy_work_r1,MSF,Large (141-200),190,heavy_work,325.6,39,20250417,158,BLK_158C,5,베이36B 수정,8,2025-04-17 20:02:39,2025-04-17 21:06:44,64.1,36B,베이36B,raw,
b190_heavy_work_r1,MSF,Large (141-200),190,heavy_work,325.6,39,20250417,140,BLK_140P,6,판계,1,2025-04-17 11:00:00,2025-04-17 11:36:00,36.0,,공통,raw,
b190_heavy_work_r1,MSF,Large (141-200),190,heavy_work,325.6,39,20250417,140,BLK_140P,6,전면SAW,2,2025-04-17 13:59:44,2025-04-17 17:47:44,228.0,,공통,raw,
b190_heavy_work_r1,MSF,Large (141-200),190,heavy_work,325.6,39,20250417,140,BLK_140P,6,TurnOver,3,2025-04-17 17:47:44,2025-04-17 18:02:08,14.4,,공통,raw,
b190_heavy_work_r1,MSF,Large (141-200),190,heavy_work,325.6,39,20250417,140,BLK_140P,6,후면SAW,4,2025-04-17 18:02:08,2025-04-17 20:58:35,176.4,,공통,raw,
b190_heavy_work_r1,MSF,Large (141-200),190,heavy_work,325.6,39,20250417,140,BLK_140P,6,NC,5,2025-04-17 20:58:35,2025-04-17 22:15:12,76.6,,공통,raw,
b190_heavy_work_r1,MSF,Large (141-200),190,heavy_work,325.6,39,20250417,140,BLK_140P,6,베이35A 론지취부,6,2025-04-17 22:15:12,2025-04-18 00:03:48,108.6,35A,베이35A,raw,
b190_heavy_work_r1,MSF,Large (141-200),190,heavy_work,325.6,39,20250417,140,BLK_140P,6,베이35A 론지용접,7,2025-04-18 00:03:48,2025-04-18 00:35:57,32.2,35A,베이35A,raw,
b190_heavy_work_r1,MSF,Large (141-200),190,heavy_work,325.6,39,20250417,140,BLK_140P,6,베이35A 수정,8,2025-04-18 00:35:57,2025-04-18 01:42:41,66.7,35A,베이35A,raw,
b190_heavy_work_r1,MSF,Large (141-200),190,heavy_work,325.6,39,20250417,168,BLK_168P,7,판계,1,2025-04-17 11:36:00,2025-04-17 12:12:00,36.0,,공통,raw,
b190_heavy_work_r1,MSF,Large (141-200),190,heavy_work,325.6,39,20250417,168,BLK_168P,7,전면SAW,2,2025-04-17 17:47:44,2025-04-17 18:25:06,37.4,,공통,raw,
b190_heavy_work_r1,MSF,Large (141-200),190,heavy_work,325.6,39,20250417,168,BLK_168P,7,TurnOver,3,2025-04-17 18:25:06,2025-04-17 18:39:30,14.4,,공통,raw,
b190_heavy_work_r1,MSF,Large (141-200),190,heavy_work,325.6,39,20250417,168,BLK_168P,7,후면SAW,4,2025-04-17 20:58:35,2025-04-17 21:22:24,23.8,,공통,raw,
b190_heavy_work_r1,MSF,Large (141-200),190,heavy_work,325.6,39,20250417,168,BLK_168P,7,NC,5,2025-04-17 22:15:12,2025-04-17 23:15:03,59.9,,공통,raw,
b190_heavy_work_r1,MSF,Large (141-200),190,heavy_work,325.6,39,20250417,168,BLK_168P,7,베이36B 론지취부,6,2025-04-17 23:15:03,2025-04-18 01:24:39,129.6,36B,베이36B,raw,
b190_heavy_work_r1,MSF,Large (141-200),190,heavy_work,325.6,39,20250417,168,BLK_168P,7,베이36B 론지용접,7,2025-04-18 01:24:39,2025-04-18 02:00:25,35.8,36B,베이36B,raw,
b190_heavy_work_r1,MSF,Large (141-200),190,heavy_work,325.6,39,20250417,168,BLK_168P,7,베이36B 수정,8,2025-04-18 02:00:25,2025-04-18 03:20:20,79.9,36B,베이36B,raw,
b190_heavy_work_r1,MSF,Large (141-200),190,heavy_work,325.6,39,20250417,182,BLK_47S,8,판계,1,2025-04-17 12:12:00,2025-04-17 12:48:00,36.0,,공통,raw,
b190_heavy_work_r1,MSF,Large (141-200),190,heavy_work,325.6,39,20250417,182,BLK_47S,8,전면SAW,2,2025-04-17 18:25:06,2025-04-17 19:00:45,35.6,,공통,raw,
b190_heavy_work_r1,MSF,Large (141-200),190,heavy_work,325.6,39,20250417,182,BLK_47S,8,TurnOver,3,2025-04-17 19:00:45,2025-04-17 19:15:09,14.4,,공통,raw,
b190_heavy_work_r1,MSF,Large (141-200),190,heavy_work,325.6,39,20250417,182,BLK_47S,8,후면SAW,4,2025-04-17 21:22:24,2025-04-17 21:43:56,21.5,,공통,raw,
b190_heavy_work_r1,MSF,Large (141-200),190,heavy_work,325.6,39,20250417,182,BLK_47S,8,NC,5,2025-04-17 23:15:03,2025-04-18 00:11:40,56.6,,공통,raw,
b190_heavy_work_r1,MSF,Large (141-200),190,heavy_work,325.6,39,20250417,182,BLK_47S,8,베이35A 론지취부,6,2025-04-18 00:11:40,2025-04-18 01:14:04,62.4,35A,베이35A,raw,
b190_heavy_work_r1,MSF,Large (141-200),190,heavy_work,325.6,39,20250417,182,BLK_47S,8,베이35A 론지용접,7,2025-04-18 01:14:04,2025-04-18 01:38:18,24.2,35A,베이35A,raw,
b190_heavy_work_r1,MSF,Large (141-200),190,heavy_work,325.6,39,20250417,182,BLK_47S,8,베이35A 수정,8,2025-04-18 01:42:41,2025-04-18 02:20:21,37.7,35A,베이35A,raw,
b190_heavy_work_r1,MSF,Large (141-200),190,heavy_work,325.6,39,20250417,183,BLK_140S,9,판계,1,2025-04-17 12:48:00,2025-04-17 13:24:00,36.0,,공통,raw,
b190_heavy_work_r1,MSF,Large (141-200),190,heavy_work,325.6,39,20250417,183,BLK_140S,9,전면SAW,2,2025-04-17 19:00:45,2025-04-17 22:48:45,228.0,,공통,raw,
b190_heavy_work_r1,MSF,Large (141-200),190,heavy_work,325.6,39,20250417,183,BLK_140S,9,TurnOver,3,2025-04-17 22:48:45,2025-04-17 23:03:09,14.4,,공통,raw,
b190_heavy_work_r1,MSF,Large (141-200),190,heavy_work,325.6,39,20250417,183,BLK_140S,9,후면SAW,4,2025-04-17 23:03:09,2025-04-18 01:59:35,176.4,,공통,raw,
b190_heavy_work_r1,MSF,Large (141-200),190,heavy_work,325.6,39,20250417,183,BLK_140S,9,NC,5,2025-04-18 01:59:35,2025-04-18 03:16:12,76.6,,공통,raw,
b190_heavy_work_r1,MSF,Large (141-200),190,heavy_work,325.6,39,20250417,183,BLK_140S,9,베이36B 론지취부,6,2025-04-18 03:16:12,2025-04-18 05:04:48,108.6,36B,베이36B,raw,
b190_heavy_work_r1,MSF,Large (141-200),190,heavy_work,325.6,39,20250417,183,BLK_140S,9,베이36B 론지용접,7,2025-04-18 05:04:48,2025-04-18 05:36:58,32.2,36B,베이36B,raw,
b190_heavy_work_r1,MSF,Large (141-200),190,heavy_work,325.6,39,20250417,183,BLK_140S,9,베이36B 수정,8,2025-04-18 05:36:58,2025-04-18 06:43:41,66.7,36B,베이36B,raw,
b190_heavy_work_r1,MSF,Large (141-200),190,heavy_work,325.6,39,20250417,64,BLK_64S,10,판계,1,2025-04-17 13:24:00,2025-04-17 14:18:00,54.0,,공통,raw,
b190_heavy_work_r1,MSF,Large (141-200),190,heavy_work,325.6,39,20250417,64,BLK_64S,10,전면SAW,2,2025-04-17 22:48:45,2025-04-17 23:35:36,46.9,,공통,raw,
b190_heavy_work_r1,MSF,Large (141-200),190,heavy_work,325.6,39,20250417,64,BLK_64S,10,TurnOver,3,2025-04-17 23:35:36,2025-04-17 23:50:00,14.4,,공통,raw,
b190_heavy_work_r1,MSF,Large (141-200),190,heavy_work,325.6,39,20250417,64,BLK_64S,10,후면SAW,4,2025-04-18 01:59:35,2025-04-18 02:35:54,36.3,,공통,raw,
b190_heavy_work_r1,MSF,Large (141-200),190,heavy_work,325.6,39,20250417,64,BLK_64S,10,NC,5,2025-04-18 03:16:12,2025-04-18 04:21:35,65.4,,공통,raw,
b190_heavy_work_r1,MSF,Large (141-200),190,heavy_work,325.6,39,20250417,64,BLK_64S,10,베이36B 론지취부,6,2025-04-18 05:04:48,2025-04-18 06:45:00,100.2,36B,베이36B,raw,
b190_heavy_work_r1,MSF,Large (141-200),190,heavy_work,325.6,39,20250417,64,BLK_64S,10,베이36B 론지용접,7,2025-04-18 06:45:00,2025-04-18 07:15:43,30.7,36B,베이36B,raw,
b190_heavy_work_r1,MSF,Large (141-200),190,heavy_work,325.6,39,20250417,64,BLK_64S,10,베이36B 수정,8,2025-04-18 07:15:43,2025-04-18 08:17:10,61.4,36B,베이36B,raw,
b190_heavy_work_r1,MSF,Large (141-200),190,heavy_work,325.6,39,20250418,91,BLK_91S,1,판계,1,2025-04-18 08:00:00,2025-04-18 08:54:00,54.0,,공통,raw,
b190_heavy_work_r1,MSF,Large (141-200),190,heavy_work,325.6,39,20250418,91,BLK_91S,1,전면SAW,2,2025-04-18 08:54:00,2025-04-18 10:55:53,121.9,,공통,raw,
b190_heavy_work_r1,MSF,Large (141-200),190,heavy_work,325.6,39,20250418,91,BLK_91S,1,TurnOver,3,2025-04-18 10:55:53,2025-04-18 11:10:17,14.4,,공통,raw,
b190_heavy_work_r1,MSF,Large (141-200),190,heavy_work,325.6,39,20250418,91,BLK_91S,1,후면SAW,4,2025-04-18 11:10:17,2025-04-18 13:10:49,120.5,,공통,raw,
b190_heavy_work_r1,MSF,Large (141-200),190,heavy_work,325.6,39,20250418,91,BLK_91S,1,NC,5,2025-04-18 13:10:49,2025-04-18 14:21:37,70.8,,공통,raw,
b190_heavy_work_r1,MSF,Large (141-200),190,heavy_work,325.6,39,20250418,91,BLK_91S,1,베이35A 론지취부,6,2025-04-18 14:21:37,2025-04-18 16:01:49,100.2,35A,베이35A,raw,
b190_heavy_work_r1,MSF,Large (141-200),190,heavy_work,325.6,39,20250418,91,BLK_91S,1,베이35A 론지용접,7,2025-04-18 16:01:49,2025-04-18 16:32:32,30.7,35A,베이35A,raw,
b190_heavy_work_r1,MSF,Large (141-200),190,heavy_work,325.6,39,20250418,91,BLK_91S,1,베이35A 수정,8,2025-04-18 16:32:32,2025-04-18 17:33:59,61.4,35A,베이35A,raw,
b190_heavy_work_r1,MSF,Large (141-200),190,heavy_work,325.6,39,20250418,164,BLK_164P,2,판계,1,2025-04-18 08:54:00,2025-04-18 09:48:00,54.0,,공통,raw,
b190_heavy_work_r1,MSF,Large (141-200),190,heavy_work,325.6,39,20250418,164,BLK_164P,2,전면SAW,2,2025-04-18 10:55:53,2025-04-18 13:24:50,148.9,,공통,raw,
b190_heavy_work_r1,MSF,Large (141-200),190,heavy_work,325.6,39,20250418,164,BLK_164P,2,TurnOver,3,2025-04-18 13:24:50,2025-04-18 13:39:14,14.4,,공통,raw,
b190_heavy_work_r1,MSF,Large (141-200),190,heavy_work,325.6,39,20250418,164,BLK_164P,2,후면SAW,4,2025-04-18 13:39:14,2025-04-18 16:11:18,152.1,,공통,raw,
b190_heavy_work_r1,MSF,Large (141-200),190,heavy_work,325.6,39,20250418,164,BLK_164P,2,NC,5,2025-04-18 16:11:18,2025-04-18 17:23:44,72.4,,공통,raw,
b190_heavy_work_r1,MSF,Large (141-200),190,heavy_work,325.6,39,20250418,164,BLK_164P,2,베이36B 론지취부,6,2025-04-18 17:23:44,2025-04-18 19:37:32,133.8,36B,베이36B,raw,
b190_heavy_work_r1,MSF,Large (141-200),190,heavy_work,325.6,39,20250418,164,BLK_164P,2,베이36B 론지용접,7,2025-04-18 19:37:32,2025-04-18 20:14:01,36.5,36B,베이36B,raw,
b190_heavy_work_r1,MSF,Large (141-200),190,heavy_work,325.6,39,20250418,164,BLK_164P,2,베이36B 수정,8,2025-04-18 20:14:01,2025-04-18 21:36:35,82.6,36B,베이36B,raw,
b190_heavy_work_r1,MSF,Large (141-200),190,heavy_work,325.6,39,20250408,188,BLK_88S,61,판계,1,2025-04-08 17:13:12,2025-04-08 17:43:12,30.0,,공통,inferred_subassembly_member,88
b190_heavy_work_r1,MSF,Large (141-200),190,heavy_work,325.6,39,20250408,188,BLK_88S,61,전면SAW,2,2025-04-09 16:06:54,2025-04-09 16:41:15,34.3,,공통,inferred_subassembly_member,88
b190_heavy_work_r1,MSF,Large (141-200),190,heavy_work,325.6,39,20250408,188,BLK_88S,61,TurnOver,3,2025-04-09 16:41:15,2025-04-09 16:55:39,14.4,,공통,inferred_subassembly_member,88
b190_heavy_work_r1,MSF,Large (141-200),190,heavy_work,325.6,39,20250408,188,BLK_88S,61,후면SAW,4,2025-04-09 19:13:35,2025-04-09 19:33:25,19.8,,공통,inferred_subassembly_member,88
b190_heavy_work_r1,MSF,Large (141-200),190,heavy_work,325.6,39,20250408,188,BLK_88S,61,NC,5,2025-04-09 20:16:51,2025-04-09 20:57:36,40.8,,공통,inferred_subassembly_member,88
b190_heavy_work_r1,MSF,Large (141-200),190,heavy_work,325.6,39,20250408,188,BLK_88S,61,베이35A 론지취부,6,2025-04-09 20:57:36,2025-04-09 22:25:12,87.6,35A,베이35A,inferred_subassembly_member,88
b190_heavy_work_r1,MSF,Large (141-200),190,heavy_work,325.6,39,20250408,188,BLK_88S,61,베이35A 론지용접,7,2025-04-09 22:25:12,2025-04-09 22:53:46,28.6,35A,베이35A,inferred_subassembly_member,88
b190_heavy_work_r1,MSF,Large (141-200),190,heavy_work,325.6,39,20250408,188,BLK_88S,61,베이35A 수정,8,2025-04-09 22:53:46,2025-04-09 23:47:17,53.5,35A,베이35A,inferred_subassembly_member,88
b190_heavy_work_r1,MSF,Large (141-200),190,heavy_work,325.6,39,20250412,189,BLK_146C,104,판계,1,2025-04-12 09:32:24,2025-04-12 09:56:24,24.0,,공통,inferred_subassembly_member,146
b190_heavy_work_r1,MSF,Large (141-200),190,heavy_work,325.6,39,20250412,189,BLK_146C,104,전면SAW,2,2025-04-12 12:36:14,2025-04-12 15:05:11,149.0,,공통,inferred_subassembly_member,146
b190_heavy_work_r1,MSF,Large (141-200),190,heavy_work,325.6,39,20250412,189,BLK_146C,104,TurnOver,3,2025-04-12 15:05:11,2025-04-12 15:19:35,14.4,,공통,inferred_subassembly_member,146
b190_heavy_work_r1,MSF,Large (141-200),190,heavy_work,325.6,39,20250412,189,BLK_146C,104,후면SAW,4,2025-04-12 15:19:35,2025-04-12 17:20:43,121.1,,공통,inferred_subassembly_member,146
b190_heavy_work_r1,MSF,Large (141-200),190,heavy_work,325.6,39,20250412,189,BLK_146C,104,NC,5,2025-04-12 17:20:43,2025-04-12 17:53:01,32.3,,공통,inferred_subassembly_member,146
b190_heavy_work_r1,MSF,Large (141-200),190,heavy_work,325.6,39,20250412,189,BLK_146C,104,베이35A 론지취부,6,2025-04-12 17:53:01,2025-04-12 18:51:13,58.2,35A,베이35A,inferred_subassembly_member,146
b190_heavy_work_r1,MSF,Large (141-200),190,heavy_work,325.6,39,20250412,189,BLK_146C,104,베이35A 론지용접,7,2025-04-12 18:51:13,2025-04-12 19:14:44,23.5,35A,베이35A,inferred_subassembly_member,146
b190_heavy_work_r1,MSF,Large (141-200),190,heavy_work,325.6,39,20250412,189,BLK_146C,104,베이35A 수정,8,2025-04-12 19:14:44,2025-04-12 19:49:47,35.0,35A,베이35A,inferred_subassembly_member,146
b190_heavy_work_r1,MSF,Large (141-200),190,heavy_work,325.6,39,20250412,190,BLK_97P,107,판계,1,2025-04-12 10:25:12,2025-04-12 10:39:36,14.4,,공통,inferred_subassembly_member,97
b190_heavy_work_r1,MSF,Large (141-200),190,heavy_work,325.6,39,20250412,190,BLK_97P,107,전면SAW,2,2025-04-12 17:15:20,2025-04-12 18:08:46,53.4,,공통,inferred_subassembly_member,97
b190_heavy_work_r1,MSF,Large (141-200),190,heavy_work,325.6,39,20250412,190,BLK_97P,107,TurnOver,3,2025-04-12 18:08:46,2025-04-12 18:23:10,14.4,,공통,inferred_subassembly_member,97
b190_heavy_work_r1,MSF,Large (141-200),190,heavy_work,325.6,39,20250412,190,BLK_97P,107,후면SAW,4,2025-04-12 19:21:19,2025-04-12 20:06:16,45.0,,공통,inferred_subassembly_member,97
b190_heavy_work_r1,MSF,Large (141-200),190,heavy_work,325.6,39,20250412,190,BLK_97P,107,NC,5,2025-04-12 20:06:16,2025-04-12 20:33:07,26.9,,공통,inferred_subassembly_member,97
b190_heavy_work_r1,MSF,Large (141-200),190,heavy_work,325.6,39,20250412,190,BLK_97P,107,베이36B 론지취부,6,2025-04-12 20:33:07,2025-04-12 21:48:07,75.0,36B,베이36B,inferred_subassembly_member,97
b190_heavy_work_r1,MSF,Large (141-200),190,heavy_work,325.6,39,20250412,190,BLK_97P,107,베이36B 론지용접,7,2025-04-12 21:48:07,2025-04-12 22:14:31,26.4,36B,베이36B,inferred_subassembly_member,97
b190_heavy_work_r1,MSF,Large (141-200),190,heavy_work,325.6,39,20250412,190,BLK_97P,107,베이36B 수정,8,2025-04-12 22:14:31,2025-04-12 23:00:07,45.6,36B,베이36B,inferred_subassembly_member,97
b190_heavy_work_r1,MSF,Large (141-200),190,heavy_work,325.6,39,20250414,186,BLK_167S,142,판계,1,2025-04-14 11:49:12,2025-04-14 12:51:36,62.4,,공통,inferred_subassembly_member,167
b190_heavy_work_r1,MSF,Large (141-200),190,heavy_work,325.6,39,20250414,186,BLK_167S,142,전면SAW,2,2025-04-14 15:43:58,2025-04-14 19:31:58,228.0,,공통,inferred_subassembly_member,167
b190_heavy_work_r1,MSF,Large (141-200),190,heavy_work,325.6,39,20250414,186,BLK_167S,142,TurnOver,3,2025-04-14 19:31:58,2025-04-14 19:46:22,14.4,,공통,inferred_subassembly_member,167
b190_heavy_work_r1,MSF,Large (141-200),190,heavy_work,325.6,39,20250414,186,BLK_167S,142,후면SAW,4,2025-04-14 19:46:22,2025-04-14 22:57:30,191.1,,공통,inferred_subassembly_member,167
b190_heavy_work_r1,MSF,Large (141-200),190,heavy_work,325.6,39,20250414,186,BLK_167S,142,NC,5,2025-04-14 22:57:30,2025-04-15 00:09:09,71.6,,공통,inferred_subassembly_member,167
b190_heavy_work_r1,MSF,Large (141-200),190,heavy_work,325.6,39,20250414,186,BLK_167S,142,베이35A 론지취부,6,2025-04-15 00:09:09,2025-04-15 00:54:45,45.6,35A,베이35A,inferred_subassembly_member,167
b190_heavy_work_r1,MSF,Large (141-200),190,heavy_work,325.6,39,20250414,186,BLK_167S,142,베이35A 론지용접,7,2025-04-15 00:54:45,2025-04-15 01:16:06,21.4,35A,베이35A,inferred_subassembly_member,167
b190_heavy_work_r1,MSF,Large (141-200),190,heavy_work,325.6,39,20250414,186,BLK_167S,142,베이35A 수정,8,2025-04-15 01:16:06,2025-04-15 01:43:14,27.1,35A,베이35A,inferred_subassembly_member,167
b190_heavy_work_r1,MSF,Large (141-200),190,heavy_work,325.6,39,20250416,187,BLK_177P,173,판계,1,2025-04-16 15:13:12,2025-04-16 15:58:48,45.6,,공통,inferred_subassembly_member,177
b190_heavy_work_r1,MSF,Large (141-200),190,heavy_work,325.6,39,20250416,187,BLK_177P,173,전면SAW,2,2025-04-17 00:07:09,2025-04-17 02:05:09,118.0,,공통,inferred_subassembly_member,177
b190_heavy_work_r1,MSF,Large (141-200),190,heavy_work,325.6,39,20250416,187,BLK_177P,173,TurnOver,3,2025-04-17 02:05:09,2025-04-17 02:19:33,14.4,,공통,inferred_subassembly_member,177
b190_heavy_work_r1,MSF,Large (141-200),190,heavy_work,325.6,39,20250416,187,BLK_177P,173,후면SAW,4,2025-04-17 02:19:33,2025-04-17 03:52:27,92.9,,공통,inferred_subassembly_member,177
b190_heavy_work_r1,MSF,Large (141-200),190,heavy_work,325.6,39,20250416,187,BLK_177P,173,NC,5,2025-04-17 03:52:27,2025-04-17 04:46:45,54.3,,공통,inferred_subassembly_member,177
b190_heavy_work_r1,MSF,Large (141-200),190,heavy_work,325.6,39,20250416,187,BLK_177P,173,베이35A 론지취부,6,2025-04-17 04:46:45,2025-04-17 05:57:33,70.8,35A,베이35A,inferred_subassembly_member,177
b190_heavy_work_r1,MSF,Large (141-200),190,heavy_work,325.6,39,20250416,187,BLK_177P,173,베이35A 론지용접,7,2025-04-17 05:57:33,2025-04-17 06:23:13,25.7,35A,베이35A,inferred_subassembly_member,177
b190_heavy_work_r1,MSF,Large (141-200),190,heavy_work,325.6,39,20250416,187,BLK_177P,173,베이35A 수정,8,2025-04-17 06:23:13,2025-04-17 07:06:11,43.0,35A,베이35A,inferred_subassembly_member,177
