grid_case_id,method_label,block_id,block_name,sequence,process_name,process_index,start_time,end_time,duration_min,assigned_bay,machine_type
b150_sub_heavy_r1,MSF,9,BLK_9S,1,판계,1,2025-04-12 08:00:00,2025-04-12 08:20:00,20.0,,공통
b150_sub_heavy_r1,MSF,9,BLK_9S,1,전면SAW,2,2025-04-12 08:20:00,2025-04-12 08:56:40,36.7,,공통
b150_sub_heavy_r1,MSF,9,BLK_9S,1,TurnOver,3,2025-04-12 08:56:40,2025-04-12 09:08:40,12.0,,공통
b150_sub_heavy_r1,MSF,9,BLK_9S,1,후면SAW,4,2025-04-12 09:08:40,2025-04-12 09:35:49,27.1,,공통
b150_sub_heavy_r1,MSF,9,BLK_9S,1,NC,5,2025-04-12 09:35:49,2025-04-12 10:06:22,30.6,,공통
b150_sub_heavy_r1,MSF,9,BLK_9S,1,베이35A 론지취부,6,2025-04-12 10:06:22,2025-04-12 11:05:22,59.0,35A,베이35A
b150_sub_heavy_r1,MSF,9,BLK_9S,1,베이35A 론지용접,7,2025-04-12 11:05:22,2025-04-12 11:26:46,21.4,35A,베이35A
b150_sub_heavy_r1,MSF,9,BLK_9S,1,베이35A 수정,8,2025-04-12 11:26:46,2025-04-12 12:02:34,35.8,35A,베이35A
b150_sub_heavy_r1,MSF,13,BLK_13S,2,판계,1,2025-04-12 08:20:00,2025-04-12 08:40:00,20.0,,공통
b150_sub_heavy_r1,MSF,13,BLK_13S,2,전면SAW,2,2025-04-12 08:56:40,2025-04-12 09:29:34,32.9,,공통
b150_sub_heavy_r1,MSF,13,BLK_13S,2,TurnOver,3,2025-04-12 09:29:34,2025-04-12 09:41:34,12.0,,공통
b150_sub_heavy_r1,MSF,13,BLK_13S,2,후면SAW,4,2025-04-12 09:41:34,2025-04-12 10:03:43,22.2,,공통
b150_sub_heavy_r1,MSF,13,BLK_13S,2,NC,5,2025-04-12 10:06:22,2025-04-12 10:36:16,29.9,,공통
b150_sub_heavy_r1,MSF,13,BLK_13S,2,베이36B 론지취부,6,2025-04-12 10:36:16,2025-04-12 11:52:46,76.5,36B,베이36B
b150_sub_heavy_r1,MSF,13,BLK_13S,2,베이36B 론지용접,7,2025-04-12 11:52:46,2025-04-12 12:17:10,24.4,36B,베이36B
b150_sub_heavy_r1,MSF,13,BLK_13S,2,베이36B 수정,8,2025-04-12 12:17:10,2025-04-12 13:03:58,46.8,36B,베이36B
b150_sub_heavy_r1,MSF,79,BLK_79C,3,판계,1,2025-04-12 08:40:00,2025-04-12 09:08:00,28.0,,공통
b150_sub_heavy_r1,MSF,79,BLK_79C,3,전면SAW,2,2025-04-12 09:29:34,2025-04-12 11:10:45,101.2,,공통
b150_sub_heavy_r1,MSF,79,BLK_79C,3,TurnOver,3,2025-04-12 11:10:45,2025-04-12 11:22:45,12.0,,공통
b150_sub_heavy_r1,MSF,79,BLK_79C,3,후면SAW,4,2025-04-12 11:22:45,2025-04-12 13:02:43,100.0,,공통
b150_sub_heavy_r1,MSF,79,BLK_79C,3,NC,5,2025-04-12 13:02:43,2025-04-12 13:33:19,30.6,,공통
b150_sub_heavy_r1,MSF,79,BLK_79C,3,베이35A 론지취부,6,2025-04-12 13:33:19,2025-04-12 14:11:19,38.0,35A,베이35A
b150_sub_heavy_r1,MSF,79,BLK_79C,3,베이35A 론지용접,7,2025-04-12 14:11:19,2025-04-12 14:25:07,13.8,35A,베이35A
b150_sub_heavy_r1,MSF,79,BLK_79C,3,베이35A 수정,8,2025-04-12 14:25:07,2025-04-12 14:47:43,22.6,35A,베이35A
b150_sub_heavy_r1,MSF,3,BLK_3C,4,판계,1,2025-04-12 09:08:00,2025-04-12 09:33:00,25.0,,공통
b150_sub_heavy_r1,MSF,3,BLK_3C,4,전면SAW,2,2025-04-12 11:10:45,2025-04-12 11:44:43,34.0,,공통
b150_sub_heavy_r1,MSF,3,BLK_3C,4,TurnOver,3,2025-04-12 11:44:43,2025-04-12 11:56:43,12.0,,공통
b150_sub_heavy_r1,MSF,3,BLK_3C,4,후면SAW,4,2025-04-12 13:02:43,2025-04-12 13:26:18,23.6,,공통
b150_sub_heavy_r1,MSF,3,BLK_3C,4,NC,5,2025-04-12 13:33:19,2025-04-12 14:08:46,35.5,,공통
b150_sub_heavy_r1,MSF,3,BLK_3C,4,베이36B 론지취부,6,2025-04-12 14:08:46,2025-04-12 15:04:16,55.5,36B,베이36B
b150_sub_heavy_r1,MSF,3,BLK_3C,4,베이36B 론지용접,7,2025-04-12 15:04:16,2025-04-12 15:25:04,20.8,36B,베이36B
b150_sub_heavy_r1,MSF,3,BLK_3C,4,베이36B 수정,8,2025-04-12 15:25:04,2025-04-12 15:58:40,33.6,36B,베이36B
b150_sub_heavy_r1,MSF,25,BLK_25P,5,판계,1,2025-04-12 09:33:00,2025-04-12 10:01:00,28.0,,공통
b150_sub_heavy_r1,MSF,25,BLK_25P,5,전면SAW,2,2025-04-12 11:44:43,2025-04-12 13:32:33,107.8,,공통
b150_sub_heavy_r1,MSF,25,BLK_25P,5,TurnOver,3,2025-04-12 13:32:33,2025-04-12 13:44:33,12.0,,공통
b150_sub_heavy_r1,MSF,25,BLK_25P,5,후면SAW,4,2025-04-12 13:44:33,2025-04-12 15:10:38,86.1,,공통
b150_sub_heavy_r1,MSF,25,BLK_25P,5,NC,5,2025-04-12 15:10:38,2025-04-12 15:41:52,31.2,,공통
b150_sub_heavy_r1,MSF,25,BLK_25P,5,베이35A 론지취부,6,2025-04-12 15:41:52,2025-04-12 16:30:22,48.5,35A,베이35A
b150_sub_heavy_r1,MSF,25,BLK_25P,5,베이35A 론지용접,7,2025-04-12 16:30:22,2025-04-12 16:49:58,19.6,35A,베이35A
b150_sub_heavy_r1,MSF,25,BLK_25P,5,베이35A 수정,8,2025-04-12 16:49:58,2025-04-12 17:19:10,29.2,35A,베이35A
b150_sub_heavy_r1,MSF,11,BLK_11P,6,판계,1,2025-04-12 10:01:00,2025-04-12 10:26:00,25.0,,공통
b150_sub_heavy_r1,MSF,11,BLK_11P,6,전면SAW,2,2025-04-12 13:32:33,2025-04-12 14:07:25,34.9,,공통
b150_sub_heavy_r1,MSF,11,BLK_11P,6,TurnOver,3,2025-04-12 14:07:25,2025-04-12 14:19:25,12.0,,공통
b150_sub_heavy_r1,MSF,11,BLK_11P,6,후면SAW,4,2025-04-12 15:10:38,2025-04-12 15:35:23,24.8,,공통
b150_sub_heavy_r1,MSF,11,BLK_11P,6,NC,5,2025-04-12 15:41:52,2025-04-12 16:18:49,37.0,,공통
b150_sub_heavy_r1,MSF,11,BLK_11P,6,베이36B 론지취부,6,2025-04-12 16:18:49,2025-04-12 17:00:19,41.5,36B,베이36B
b150_sub_heavy_r1,MSF,11,BLK_11P,6,베이36B 론지용접,7,2025-04-12 17:00:19,2025-04-12 17:18:43,18.4,36B,베이36B
b150_sub_heavy_r1,MSF,11,BLK_11P,6,베이36B 수정,8,2025-04-12 17:18:43,2025-04-12 17:43:31,24.8,36B,베이36B
b150_sub_heavy_r1,MSF,1,BLK_1C,7,판계,1,2025-04-12 10:26:00,2025-04-12 11:04:00,38.0,,공통
b150_sub_heavy_r1,MSF,1,BLK_1C,7,전면SAW,2,2025-04-12 14:07:25,2025-04-12 15:56:37,109.2,,공통
b150_sub_heavy_r1,MSF,1,BLK_1C,7,TurnOver,3,2025-04-12 15:56:37,2025-04-12 16:08:37,12.0,,공통
b150_sub_heavy_r1,MSF,1,BLK_1C,7,후면SAW,4,2025-04-12 16:08:37,2025-04-12 17:35:56,87.3,,공통
b150_sub_heavy_r1,MSF,1,BLK_1C,7,NC,5,2025-04-12 17:35:56,2025-04-12 18:23:36,47.7,,공통
b150_sub_heavy_r1,MSF,1,BLK_1C,7,베이35A 론지취부,6,2025-04-12 18:23:36,2025-04-12 20:01:06,97.5,35A,베이35A
b150_sub_heavy_r1,MSF,1,BLK_1C,7,베이35A 론지용접,7,2025-04-12 20:01:06,2025-04-12 20:29:06,28.0,35A,베이35A
b150_sub_heavy_r1,MSF,1,BLK_1C,7,베이35A 수정,8,2025-04-12 20:29:06,2025-04-12 21:29:06,60.0,35A,베이35A
b150_sub_heavy_r1,MSF,15,BLK_15P,8,판계,1,2025-04-12 11:04:00,2025-04-12 11:34:00,30.0,,공통
b150_sub_heavy_r1,MSF,15,BLK_15P,8,전면SAW,2,2025-04-12 15:56:37,2025-04-12 16:27:55,31.3,,공통
b150_sub_heavy_r1,MSF,15,BLK_15P,8,TurnOver,3,2025-04-12 16:27:55,2025-04-12 16:39:55,12.0,,공통
b150_sub_heavy_r1,MSF,15,BLK_15P,8,후면SAW,4,2025-04-12 17:35:56,2025-04-12 17:56:00,20.1,,공통
b150_sub_heavy_r1,MSF,15,BLK_15P,8,NC,5,2025-04-12 18:23:36,2025-04-12 19:05:58,42.4,,공통
b150_sub_heavy_r1,MSF,15,BLK_15P,8,베이36B 론지취부,6,2025-04-12 19:05:58,2025-04-12 19:47:28,41.5,36B,베이36B
b150_sub_heavy_r1,MSF,15,BLK_15P,8,베이36B 론지용접,7,2025-04-12 19:47:28,2025-04-12 20:05:52,18.4,36B,베이36B
b150_sub_heavy_r1,MSF,15,BLK_15P,8,베이36B 수정,8,2025-04-12 20:05:52,2025-04-12 20:30:40,24.8,36B,베이36B
b150_sub_heavy_r1,MSF,31,BLK_31P,9,판계,1,2025-04-12 11:34:00,2025-04-12 12:19:00,45.0,,공통
b150_sub_heavy_r1,MSF,31,BLK_31P,9,전면SAW,2,2025-04-12 16:27:55,2025-04-12 19:00:50,152.9,,공통
b150_sub_heavy_r1,MSF,31,BLK_31P,9,TurnOver,3,2025-04-12 19:00:50,2025-04-12 19:12:50,12.0,,공통
b150_sub_heavy_r1,MSF,31,BLK_31P,9,후면SAW,4,2025-04-12 19:12:50,2025-04-12 21:05:17,112.5,,공통
b150_sub_heavy_r1,MSF,31,BLK_31P,9,NC,5,2025-04-12 21:05:17,2025-04-12 21:59:30,54.2,,공통
b150_sub_heavy_r1,MSF,31,BLK_31P,9,베이35A 론지취부,6,2025-04-12 21:59:30,2025-04-12 23:09:00,69.5,35A,베이35A
b150_sub_heavy_r1,MSF,31,BLK_31P,9,베이35A 론지용접,7,2025-04-12 23:09:00,2025-04-12 23:32:12,23.2,35A,베이35A
b150_sub_heavy_r1,MSF,31,BLK_31P,9,베이35A 수정,8,2025-04-12 23:32:12,2025-04-13 00:14:36,42.4,35A,베이35A
b150_sub_heavy_r1,MSF,59,BLK_59C,10,판계,1,2025-04-12 12:19:00,2025-04-12 12:57:00,38.0,,공통
b150_sub_heavy_r1,MSF,59,BLK_59C,10,전면SAW,2,2025-04-12 19:00:50,2025-04-12 20:51:26,110.6,,공통
b150_sub_heavy_r1,MSF,59,BLK_59C,10,TurnOver,3,2025-04-12 20:51:26,2025-04-12 21:03:26,12.0,,공통
b150_sub_heavy_r1,MSF,59,BLK_59C,10,후면SAW,4,2025-04-12 21:05:17,2025-04-12 22:56:15,111.0,,공통
b150_sub_heavy_r1,MSF,59,BLK_59C,10,NC,5,2025-04-12 22:56:15,2025-04-12 23:40:07,43.9,,공통
b150_sub_heavy_r1,MSF,59,BLK_59C,10,베이36B 론지취부,6,2025-04-12 23:40:07,2025-04-13 00:25:07,45.0,36B,베이36B
b150_sub_heavy_r1,MSF,59,BLK_59C,10,베이36B 론지용접,7,2025-04-13 00:25:07,2025-04-13 00:44:07,19.0,36B,베이36B
b150_sub_heavy_r1,MSF,59,BLK_59C,10,베이36B 수정,8,2025-04-13 00:44:07,2025-04-13 01:11:07,27.0,36B,베이36B
b150_sub_heavy_r1,MSF,69,BLK_69P,11,판계,1,2025-04-12 12:57:00,2025-04-12 13:27:00,30.0,,공통
b150_sub_heavy_r1,MSF,69,BLK_69P,11,전면SAW,2,2025-04-12 20:51:26,2025-04-12 21:21:00,29.6,,공통
b150_sub_heavy_r1,MSF,69,BLK_69P,11,TurnOver,3,2025-04-12 21:21:00,2025-04-12 21:33:00,12.0,,공통
b150_sub_heavy_r1,MSF,69,BLK_69P,11,후면SAW,4,2025-04-12 22:56:15,2025-04-12 23:14:01,17.8,,공통
b150_sub_heavy_r1,MSF,69,BLK_69P,11,NC,5,2025-04-12 23:40:07,2025-04-13 00:21:03,40.9,,공통
b150_sub_heavy_r1,MSF,69,BLK_69P,11,베이35A 론지취부,6,2025-04-13 00:21:03,2025-04-13 01:13:03,52.0,35A,베이35A
b150_sub_heavy_r1,MSF,69,BLK_69P,11,베이35A 론지용접,7,2025-04-13 01:13:03,2025-04-13 01:33:15,20.2,35A,베이35A
b150_sub_heavy_r1,MSF,69,BLK_69P,11,베이35A 수정,8,2025-04-13 01:33:15,2025-04-13 02:04:39,31.4,35A,베이35A
b150_sub_heavy_r1,MSF,7,BLK_7P,12,판계,1,2025-04-12 13:27:00,2025-04-12 13:57:00,30.0,,공통
b150_sub_heavy_r1,MSF,7,BLK_7P,12,전면SAW,2,2025-04-12 21:21:00,2025-04-12 22:56:12,95.2,,공통
b150_sub_heavy_r1,MSF,7,BLK_7P,12,TurnOver,3,2025-04-12 22:56:12,2025-04-12 23:08:12,12.0,,공통
b150_sub_heavy_r1,MSF,7,BLK_7P,12,후면SAW,4,2025-04-12 23:14:01,2025-04-13 00:28:34,74.6,,공통
b150_sub_heavy_r1,MSF,7,BLK_7P,12,NC,5,2025-04-13 00:28:34,2025-04-13 01:20:52,52.3,,공통
b150_sub_heavy_r1,MSF,7,BLK_7P,12,베이36B 론지취부,6,2025-04-13 01:20:52,2025-04-13 02:44:22,83.5,36B,베이36B
b150_sub_heavy_r1,MSF,7,BLK_7P,12,베이36B 론지용접,7,2025-04-13 02:44:22,2025-04-13 03:09:58,25.6,36B,베이36B
b150_sub_heavy_r1,MSF,7,BLK_7P,12,베이36B 수정,8,2025-04-13 03:09:58,2025-04-13 04:01:10,51.2,36B,베이36B
b150_sub_heavy_r1,MSF,10,BLK_10S,1,판계,1,2025-04-13 08:00:00,2025-04-13 08:12:00,12.0,,공통
b150_sub_heavy_r1,MSF,10,BLK_10S,1,전면SAW,2,2025-04-13 08:12:00,2025-04-13 09:30:18,78.3,,공통
b150_sub_heavy_r1,MSF,10,BLK_10S,1,TurnOver,3,2025-04-13 09:30:18,2025-04-13 09:42:18,12.0,,공통
b150_sub_heavy_r1,MSF,10,BLK_10S,1,후면SAW,4,2025-04-13 09:42:18,2025-04-13 11:04:13,81.9,,공통
b150_sub_heavy_r1,MSF,10,BLK_10S,1,NC,5,2025-04-13 11:04:13,2025-04-13 11:26:31,22.3,,공통
b150_sub_heavy_r1,MSF,10,BLK_10S,1,베이35A 론지취부,6,2025-04-13 11:26:31,2025-04-13 12:04:31,38.0,35A,베이35A
b150_sub_heavy_r1,MSF,10,BLK_10S,1,베이35A 론지용접,7,2025-04-13 12:04:31,2025-04-13 12:18:19,13.8,35A,베이35A
b150_sub_heavy_r1,MSF,10,BLK_10S,1,베이35A 수정,8,2025-04-13 12:18:19,2025-04-13 12:40:55,22.6,35A,베이35A
b150_sub_heavy_r1,MSF,109,BLK_109P,2,판계,1,2025-04-13 08:12:00,2025-04-13 08:42:00,30.0,,공통
b150_sub_heavy_r1,MSF,109,BLK_109P,2,전면SAW,2,2025-04-13 09:30:18,2025-04-13 11:52:01,141.7,,공통
b150_sub_heavy_r1,MSF,109,BLK_109P,2,TurnOver,3,2025-04-13 11:52:01,2025-04-13 12:04:01,12.0,,공통
b150_sub_heavy_r1,MSF,109,BLK_109P,2,후면SAW,4,2025-04-13 12:04:01,2025-04-13 13:58:36,114.6,,공통
b150_sub_heavy_r1,MSF,109,BLK_109P,2,NC,5,2025-04-13 13:58:36,2025-04-13 14:55:00,56.4,,공통
b150_sub_heavy_r1,MSF,109,BLK_109P,2,베이36B 론지취부,6,2025-04-13 14:55:00,2025-04-13 15:36:30,41.5,36B,베이36B
b150_sub_heavy_r1,MSF,109,BLK_109P,2,베이36B 론지용접,7,2025-04-13 15:36:30,2025-04-13 15:54:54,18.4,36B,베이36B
b150_sub_heavy_r1,MSF,109,BLK_109P,2,베이36B 수정,8,2025-04-13 15:54:54,2025-04-13 16:19:42,24.8,36B,베이36B
b150_sub_heavy_r1,MSF,4,BLK_4C,3,판계,1,2025-04-13 08:42:00,2025-04-13 09:02:00,20.0,,공통
b150_sub_heavy_r1,MSF,4,BLK_4C,3,전면SAW,2,2025-04-13 11:52:01,2025-04-13 13:47:48,115.8,,공통
b150_sub_heavy_r1,MSF,4,BLK_4C,3,TurnOver,3,2025-04-13 13:47:48,2025-04-13 13:59:48,12.0,,공통
b150_sub_heavy_r1,MSF,4,BLK_4C,3,후면SAW,4,2025-04-13 13:59:48,2025-04-13 15:33:09,93.3,,공통
b150_sub_heavy_r1,MSF,4,BLK_4C,3,NC,5,2025-04-13 15:33:09,2025-04-13 15:59:12,26.1,,공통
b150_sub_heavy_r1,MSF,4,BLK_4C,3,베이35A 론지취부,6,2025-04-13 15:59:12,2025-04-13 16:40:42,41.5,35A,베이35A
b150_sub_heavy_r1,MSF,4,BLK_4C,3,베이35A 론지용접,7,2025-04-13 16:40:42,2025-04-13 16:55:06,14.4,35A,베이35A
b150_sub_heavy_r1,MSF,4,BLK_4C,3,베이35A 수정,8,2025-04-13 16:55:06,2025-04-13 17:19:54,24.8,35A,베이35A
b150_sub_heavy_r1,MSF,5,BLK_5S,4,판계,1,2025-04-13 09:02:00,2025-04-13 09:47:00,45.0,,공통
b150_sub_heavy_r1,MSF,5,BLK_5S,4,전면SAW,2,2025-04-13 13:47:48,2025-04-13 15:37:19,109.5,,공통
b150_sub_heavy_r1,MSF,5,BLK_5S,4,TurnOver,3,2025-04-13 15:37:19,2025-04-13 15:49:19,12.0,,공통
b150_sub_heavy_r1,MSF,5,BLK_5S,4,후면SAW,4,2025-04-13 15:49:19,2025-04-13 17:39:01,109.7,,공통
b150_sub_heavy_r1,MSF,5,BLK_5S,4,NC,5,2025-04-13 17:39:01,2025-04-13 18:39:19,60.3,,공통
b150_sub_heavy_r1,MSF,5,BLK_5S,4,베이36B 론지취부,6,2025-04-13 18:39:19,2025-04-13 20:09:49,90.5,36B,베이36B
b150_sub_heavy_r1,MSF,5,BLK_5S,4,베이36B 론지용접,7,2025-04-13 20:09:49,2025-04-13 20:36:37,26.8,36B,베이36B
b150_sub_heavy_r1,MSF,5,BLK_5S,4,베이36B 수정,8,2025-04-13 20:36:37,2025-04-13 21:32:13,55.6,36B,베이36B
b150_sub_heavy_r1,MSF,19,BLK_19S,5,판계,1,2025-04-13 09:47:00,2025-04-13 09:59:00,12.0,,공통
b150_sub_heavy_r1,MSF,19,BLK_19S,5,전면SAW,2,2025-04-13 15:37:19,2025-04-13 16:21:07,43.8,,공통
b150_sub_heavy_r1,MSF,19,BLK_19S,5,TurnOver,3,2025-04-13 16:21:07,2025-04-13 16:33:07,12.0,,공통
b150_sub_heavy_r1,MSF,19,BLK_19S,5,후면SAW,4,2025-04-13 17:39:01,2025-04-13 18:15:33,36.5,,공통
b150_sub_heavy_r1,MSF,19,BLK_19S,5,NC,5,2025-04-13 18:39:19,2025-04-13 19:03:42,24.4,,공통
b150_sub_heavy_r1,MSF,19,BLK_19S,5,베이35A 론지취부,6,2025-04-13 19:03:42,2025-04-13 19:52:12,48.5,35A,베이35A
b150_sub_heavy_r1,MSF,19,BLK_19S,5,베이35A 론지용접,7,2025-04-13 19:52:12,2025-04-13 20:11:48,19.6,35A,베이35A
b150_sub_heavy_r1,MSF,19,BLK_19S,5,베이35A 수정,8,2025-04-13 20:11:48,2025-04-13 20:41:00,29.2,35A,베이35A
b150_sub_heavy_r1,MSF,8,BLK_8P,6,판계,1,2025-04-13 09:59:00,2025-04-13 10:26:00,27.0,,공통
b150_sub_heavy_r1,MSF,8,BLK_8P,6,전면SAW,2,2025-04-13 16:21:07,2025-04-13 18:44:13,143.1,,공통
b150_sub_heavy_r1,MSF,8,BLK_8P,6,TurnOver,3,2025-04-13 18:44:13,2025-04-13 18:56:13,12.0,,공통
b150_sub_heavy_r1,MSF,8,BLK_8P,6,후면SAW,4,2025-04-13 18:56:13,2025-04-13 20:40:49,104.6,,공통
b150_sub_heavy_r1,MSF,8,BLK_8P,6,NC,5,2025-04-13 20:40:49,2025-04-13 21:11:54,31.1,,공통
b150_sub_heavy_r1,MSF,8,BLK_8P,6,베이36B 론지취부,6,2025-04-13 21:11:54,2025-04-13 21:53:24,41.5,36B,베이36B
b150_sub_heavy_r1,MSF,8,BLK_8P,6,베이36B 론지용접,7,2025-04-13 21:53:24,2025-04-13 22:07:48,14.4,36B,베이36B
b150_sub_heavy_r1,MSF,8,BLK_8P,6,베이36B 수정,8,2025-04-13 22:07:48,2025-04-13 22:32:36,24.8,36B,베이36B
b150_sub_heavy_r1,MSF,88,BLK_88S,7,판계,1,2025-04-13 10:26:00,2025-04-13 10:38:00,12.0,,공통
b150_sub_heavy_r1,MSF,88,BLK_88S,7,전면SAW,2,2025-04-13 18:44:13,2025-04-13 19:21:37,37.4,,공통
b150_sub_heavy_r1,MSF,88,BLK_88S,7,TurnOver,3,2025-04-13 19:21:37,2025-04-13 19:33:37,12.0,,공통
b150_sub_heavy_r1,MSF,88,BLK_88S,7,후면SAW,4,2025-04-13 20:40:49,2025-04-13 21:08:55,28.1,,공통
b150_sub_heavy_r1,MSF,88,BLK_88S,7,NC,5,2025-04-13 21:11:54,2025-04-13 21:32:00,20.1,,공통
b150_sub_heavy_r1,MSF,88,BLK_88S,7,베이35A 론지취부,6,2025-04-13 21:32:00,2025-04-13 22:17:00,45.0,35A,베이35A
b150_sub_heavy_r1,MSF,88,BLK_88S,7,베이35A 론지용접,7,2025-04-13 22:17:00,2025-04-13 22:32:00,15.0,35A,베이35A
b150_sub_heavy_r1,MSF,88,BLK_88S,7,베이35A 수정,8,2025-04-13 22:32:00,2025-04-13 22:59:00,27.0,35A,베이35A
b150_sub_heavy_r1,MSF,6,BLK_6C,8,판계,1,2025-04-13 10:38:00,2025-04-13 10:58:00,20.0,,공통
b150_sub_heavy_r1,MSF,6,BLK_6C,8,전면SAW,2,2025-04-13 19:21:37,2025-04-13 19:57:30,35.9,,공통
b150_sub_heavy_r1,MSF,6,BLK_6C,8,TurnOver,3,2025-04-13 19:57:30,2025-04-13 20:09:30,12.0,,공통
b150_sub_heavy_r1,MSF,6,BLK_6C,8,후면SAW,4,2025-04-13 21:08:55,2025-04-13 21:35:00,26.1,,공통
b150_sub_heavy_r1,MSF,6,BLK_6C,8,NC,5,2025-04-13 21:35:00,2025-04-13 22:04:11,29.2,,공통
b150_sub_heavy_r1,MSF,6,BLK_6C,8,베이36B 론지취부,6,2025-04-13 22:04:11,2025-04-13 23:13:41,69.5,36B,베이36B
b150_sub_heavy_r1,MSF,6,BLK_6C,8,베이36B 론지용접,7,2025-04-13 23:13:41,2025-04-13 23:36:53,23.2,36B,베이36B
b150_sub_heavy_r1,MSF,6,BLK_6C,8,베이36B 수정,8,2025-04-13 23:36:53,2025-04-14 00:19:17,42.4,36B,베이36B
b150_sub_heavy_r1,MSF,42,BLK_42C,9,판계,1,2025-04-13 10:58:00,2025-04-13 11:26:00,28.0,,공통
b150_sub_heavy_r1,MSF,42,BLK_42C,9,전면SAW,2,2025-04-13 19:57:30,2025-04-13 21:53:46,116.3,,공통
b150_sub_heavy_r1,MSF,42,BLK_42C,9,TurnOver,3,2025-04-13 21:53:46,2025-04-13 22:05:46,12.0,,공통
b150_sub_heavy_r1,MSF,42,BLK_42C,9,후면SAW,4,2025-04-13 22:05:46,2025-04-14 00:03:21,117.6,,공통
b150_sub_heavy_r1,MSF,42,BLK_42C,9,NC,5,2025-04-14 00:03:21,2025-04-14 00:35:22,32.0,,공통
b150_sub_heavy_r1,MSF,42,BLK_42C,9,베이35A 론지취부,6,2025-04-14 00:35:22,2025-04-14 01:30:52,55.5,35A,베이35A
b150_sub_heavy_r1,MSF,42,BLK_42C,9,베이35A 론지용접,7,2025-04-14 01:30:52,2025-04-14 01:51:40,20.8,35A,베이35A
b150_sub_heavy_r1,MSF,42,BLK_42C,9,베이35A 수정,8,2025-04-14 01:51:40,2025-04-14 02:25:16,33.6,35A,베이35A
b150_sub_heavy_r1,MSF,12,BLK_12C,10,판계,1,2025-04-13 11:26:00,2025-04-13 11:51:00,25.0,,공통
b150_sub_heavy_r1,MSF,12,BLK_12C,10,전면SAW,2,2025-04-13 21:53:46,2025-04-13 22:27:25,33.6,,공통
b150_sub_heavy_r1,MSF,12,BLK_12C,10,TurnOver,3,2025-04-13 22:27:25,2025-04-13 22:39:25,12.0,,공통
b150_sub_heavy_r1,MSF,12,BLK_12C,10,후면SAW,4,2025-04-14 00:03:21,2025-04-14 00:26:30,23.1,,공통
b150_sub_heavy_r1,MSF,12,BLK_12C,10,NC,5,2025-04-14 00:35:22,2025-04-14 01:10:49,35.5,,공통
b150_sub_heavy_r1,MSF,12,BLK_12C,10,베이36B 론지취부,6,2025-04-14 01:10:49,2025-04-14 02:27:19,76.5,36B,베이36B
b150_sub_heavy_r1,MSF,12,BLK_12C,10,베이36B 론지용접,7,2025-04-14 02:27:19,2025-04-14 02:51:43,24.4,36B,베이36B
b150_sub_heavy_r1,MSF,12,BLK_12C,10,베이36B 수정,8,2025-04-14 02:51:43,2025-04-14 03:38:31,46.8,36B,베이36B
b150_sub_heavy_r1,MSF,68,BLK_68P,11,판계,1,2025-04-13 11:51:00,2025-04-13 12:19:00,28.0,,공통
b150_sub_heavy_r1,MSF,68,BLK_68P,11,전면SAW,2,2025-04-13 22:27:25,2025-04-14 00:18:34,111.2,,공통
b150_sub_heavy_r1,MSF,68,BLK_68P,11,TurnOver,3,2025-04-14 00:18:34,2025-04-14 00:30:34,12.0,,공통
b150_sub_heavy_r1,MSF,68,BLK_68P,11,후면SAW,4,2025-04-14 00:30:34,2025-04-14 01:59:40,89.1,,공통
b150_sub_heavy_r1,MSF,68,BLK_68P,11,NC,5,2025-04-14 01:59:40,2025-04-14 02:34:21,34.7,,공통
b150_sub_heavy_r1,MSF,68,BLK_68P,11,베이35A 론지취부,6,2025-04-14 02:34:21,2025-04-14 03:19:21,45.0,35A,베이35A
b150_sub_heavy_r1,MSF,68,BLK_68P,11,베이35A 론지용접,7,2025-04-14 03:19:21,2025-04-14 03:38:21,19.0,35A,베이35A
b150_sub_heavy_r1,MSF,68,BLK_68P,11,베이35A 수정,8,2025-04-14 03:38:21,2025-04-14 04:05:21,27.0,35A,베이35A
b150_sub_heavy_r1,MSF,2,BLK_2C,12,판계,1,2025-04-13 12:19:00,2025-04-13 12:52:00,33.0,,공통
b150_sub_heavy_r1,MSF,2,BLK_2C,12,전면SAW,2,2025-04-14 00:18:34,2025-04-14 02:23:45,125.2,,공통
b150_sub_heavy_r1,MSF,2,BLK_2C,12,TurnOver,3,2025-04-14 02:23:45,2025-04-14 02:35:45,12.0,,공통
b150_sub_heavy_r1,MSF,2,BLK_2C,12,후면SAW,4,2025-04-14 02:35:45,2025-04-14 04:17:38,101.9,,공통
b150_sub_heavy_r1,MSF,2,BLK_2C,12,NC,5,2025-04-14 04:17:38,2025-04-14 05:02:31,44.9,,공통
b150_sub_heavy_r1,MSF,2,BLK_2C,12,베이36B 론지취부,6,2025-04-14 05:02:31,2025-04-14 06:15:31,73.0,36B,베이36B
b150_sub_heavy_r1,MSF,2,BLK_2C,12,베이36B 론지용접,7,2025-04-14 06:15:31,2025-04-14 06:39:19,23.8,36B,베이36B
b150_sub_heavy_r1,MSF,2,BLK_2C,12,베이36B 수정,8,2025-04-14 06:39:19,2025-04-14 07:23:55,44.6,36B,베이36B
b150_sub_heavy_r1,MSF,16,BLK_16C,13,판계,1,2025-04-13 12:52:00,2025-04-13 13:17:00,25.0,,공통
b150_sub_heavy_r1,MSF,16,BLK_16C,13,전면SAW,2,2025-04-14 02:23:45,2025-04-14 02:56:47,33.0,,공통
b150_sub_heavy_r1,MSF,16,BLK_16C,13,TurnOver,3,2025-04-14 02:56:47,2025-04-14 03:08:47,12.0,,공통
b150_sub_heavy_r1,MSF,16,BLK_16C,13,후면SAW,4,2025-04-14 04:17:38,2025-04-14 04:40:00,22.4,,공통
b150_sub_heavy_r1,MSF,16,BLK_16C,13,NC,5,2025-04-14 05:02:31,2025-04-14 05:38:04,35.6,,공통
b150_sub_heavy_r1,MSF,16,BLK_16C,13,베이35A 론지취부,6,2025-04-14 05:38:04,2025-04-14 06:40:34,62.5,35A,베이35A
b150_sub_heavy_r1,MSF,16,BLK_16C,13,베이35A 론지용접,7,2025-04-14 06:40:34,2025-04-14 07:02:34,22.0,35A,베이35A
b150_sub_heavy_r1,MSF,16,BLK_16C,13,베이35A 수정,8,2025-04-14 07:02:34,2025-04-14 07:40:34,38.0,35A,베이35A
b150_sub_heavy_r1,MSF,30,BLK_30C,14,판계,1,2025-04-13 13:17:00,2025-04-13 13:50:00,33.0,,공통
b150_sub_heavy_r1,MSF,30,BLK_30C,14,전면SAW,2,2025-04-14 02:56:47,2025-04-14 04:26:45,90.0,,공통
b150_sub_heavy_r1,MSF,30,BLK_30C,14,TurnOver,3,2025-04-14 04:26:45,2025-04-14 04:38:45,12.0,,공통
b150_sub_heavy_r1,MSF,30,BLK_30C,14,후면SAW,4,2025-04-14 04:40:00,2025-04-14 05:49:46,69.8,,공통
b150_sub_heavy_r1,MSF,30,BLK_30C,14,NC,5,2025-04-14 05:49:46,2025-04-14 06:31:09,41.4,,공통
b150_sub_heavy_r1,MSF,30,BLK_30C,14,베이36B 론지취부,6,2025-04-14 06:31:09,2025-04-14 07:51:09,80.0,36B,베이36B
b150_sub_heavy_r1,MSF,30,BLK_30C,14,베이36B 론지용접,7,2025-04-14 07:51:09,2025-04-14 08:16:09,25.0,36B,베이36B
b150_sub_heavy_r1,MSF,30,BLK_30C,14,베이36B 수정,8,2025-04-14 08:16:09,2025-04-14 09:05:09,49.0,36B,베이36B
b150_sub_heavy_r1,MSF,60,BLK_60C,15,판계,1,2025-04-13 13:50:00,2025-04-13 14:02:00,12.0,,공통
b150_sub_heavy_r1,MSF,60,BLK_60C,15,전면SAW,2,2025-04-14 04:26:45,2025-04-14 05:02:30,35.8,,공통
b150_sub_heavy_r1,MSF,60,BLK_60C,15,TurnOver,3,2025-04-14 05:02:30,2025-04-14 05:14:30,12.0,,공통
b150_sub_heavy_r1,MSF,60,BLK_60C,15,후면SAW,4,2025-04-14 05:49:46,2025-04-14 06:15:42,25.9,,공통
b150_sub_heavy_r1,MSF,60,BLK_60C,15,NC,5,2025-04-14 06:31:09,2025-04-14 06:51:27,20.3,,공통
b150_sub_heavy_r1,MSF,60,BLK_60C,15,베이35A 론지취부,6,2025-04-14 06:51:27,2025-04-14 07:32:47,41.3,35A,베이35A
b150_sub_heavy_r1,MSF,60,BLK_60C,15,베이35A 론지용접,7,2025-04-14 07:32:47,2025-04-14 07:49:35,16.8,35A,베이35A
b150_sub_heavy_r1,MSF,60,BLK_60C,15,베이35A 수정,8,2025-04-14 07:49:35,2025-04-14 08:07:47,18.2,35A,베이35A
b150_sub_heavy_r1,MSF,110,BLK_110P,16,판계,1,2025-04-13 14:02:00,2025-04-13 14:14:00,12.0,,공통
b150_sub_heavy_r1,MSF,110,BLK_110P,16,전면SAW,2,2025-04-14 05:02:30,2025-04-14 05:51:52,49.4,,공통
b150_sub_heavy_r1,MSF,110,BLK_110P,16,TurnOver,3,2025-04-14 05:51:52,2025-04-14 06:03:52,12.0,,공통
b150_sub_heavy_r1,MSF,110,BLK_110P,16,후면SAW,4,2025-04-14 06:15:42,2025-04-14 06:59:32,43.8,,공통
b150_sub_heavy_r1,MSF,110,BLK_110P,16,NC,5,2025-04-14 06:59:32,2025-04-14 07:19:37,20.1,,공통
b150_sub_heavy_r1,MSF,110,BLK_110P,16,베이36B 론지취부,6,2025-04-14 07:51:09,2025-04-14 08:11:39,20.5,36B,베이36B
b150_sub_heavy_r1,MSF,110,BLK_110P,16,베이36B 론지용접,7,2025-04-14 08:16:09,2025-04-14 08:26:57,10.8,36B,베이36B
b150_sub_heavy_r1,MSF,110,BLK_110P,16,베이36B 수정,8,2025-04-14 09:05:09,2025-04-14 09:16:45,11.6,36B,베이36B
b150_sub_heavy_r1,MSF,47,BLK_47P,1,판계,1,2025-04-14 08:00:00,2025-04-14 08:40:00,40.0,,공통
b150_sub_heavy_r1,MSF,47,BLK_47P,1,전면SAW,2,2025-04-14 08:40:00,2025-04-14 11:19:58,160.0,,공통
b150_sub_heavy_r1,MSF,47,BLK_47P,1,TurnOver,3,2025-04-14 11:19:58,2025-04-14 11:31:58,12.0,,공통
b150_sub_heavy_r1,MSF,47,BLK_47P,1,후면SAW,4,2025-04-14 11:31:58,2025-04-14 13:30:05,118.1,,공통
b150_sub_heavy_r1,MSF,47,BLK_47P,1,NC,5,2025-04-14 13:30:05,2025-04-14 14:19:08,49.0,,공통
b150_sub_heavy_r1,MSF,47,BLK_47P,1,베이35A 론지취부,6,2025-04-14 14:19:08,2025-04-14 15:49:38,90.5,35A,베이35A
b150_sub_heavy_r1,MSF,47,BLK_47P,1,베이35A 론지용접,7,2025-04-14 15:49:38,2025-04-14 16:16:26,26.8,35A,베이35A
b150_sub_heavy_r1,MSF,47,BLK_47P,1,베이35A 수정,8,2025-04-14 16:16:26,2025-04-14 17:12:02,55.6,35A,베이35A
b150_sub_heavy_r1,MSF,89,BLK_89P,2,판계,1,2025-04-14 08:40:00,2025-04-14 09:05:00,25.0,,공통
b150_sub_heavy_r1,MSF,89,BLK_89P,2,전면SAW,2,2025-04-14 11:19:58,2025-04-14 11:49:05,29.1,,공통
b150_sub_heavy_r1,MSF,89,BLK_89P,2,TurnOver,3,2025-04-14 11:49:05,2025-04-14 12:01:05,12.0,,공통
b150_sub_heavy_r1,MSF,89,BLK_89P,2,후면SAW,4,2025-04-14 13:30:05,2025-04-14 13:47:15,17.2,,공통
b150_sub_heavy_r1,MSF,89,BLK_89P,2,NC,5,2025-04-14 14:19:08,2025-04-14 14:52:37,33.5,,공통
b150_sub_heavy_r1,MSF,89,BLK_89P,2,베이36B 론지취부,6,2025-04-14 14:52:37,2025-04-14 15:51:37,59.0,36B,베이36B
b150_sub_heavy_r1,MSF,89,BLK_89P,2,베이36B 론지용접,7,2025-04-14 15:51:37,2025-04-14 16:13:01,21.4,36B,베이36B
b150_sub_heavy_r1,MSF,89,BLK_89P,2,베이36B 수정,8,2025-04-14 16:13:01,2025-04-14 16:48:49,35.8,36B,베이36B
b150_sub_heavy_r1,MSF,99,BLK_99S,3,판계,1,2025-04-14 09:05:00,2025-04-14 09:30:00,25.0,,공통
b150_sub_heavy_r1,MSF,99,BLK_99S,3,전면SAW,2,2025-04-14 11:49:05,2025-04-14 12:25:42,36.6,,공통
b150_sub_heavy_r1,MSF,99,BLK_99S,3,TurnOver,3,2025-04-14 12:25:42,2025-04-14 12:37:42,12.0,,공통
b150_sub_heavy_r1,MSF,99,BLK_99S,3,후면SAW,4,2025-04-14 13:47:15,2025-04-14 14:14:18,27.1,,공통
b150_sub_heavy_r1,MSF,99,BLK_99S,3,NC,5,2025-04-14 14:52:37,2025-04-14 15:30:49,38.2,,공통
b150_sub_heavy_r1,MSF,99,BLK_99S,3,베이35A 론지취부,6,2025-04-14 15:49:38,2025-04-14 16:55:38,66.0,35A,베이35A
b150_sub_heavy_r1,MSF,99,BLK_99S,3,베이35A 론지용접,7,2025-04-14 16:55:38,2025-04-14 17:18:14,22.6,35A,베이35A
b150_sub_heavy_r1,MSF,99,BLK_99S,3,베이35A 수정,8,2025-04-14 17:18:14,2025-04-14 17:58:26,40.2,35A,베이35A
b150_sub_heavy_r1,MSF,119,BLK_119S,4,판계,1,2025-04-14 09:30:00,2025-04-14 09:55:00,25.0,,공통
b150_sub_heavy_r1,MSF,119,BLK_119S,4,전면SAW,2,2025-04-14 12:25:42,2025-04-14 13:05:09,39.5,,공통
b150_sub_heavy_r1,MSF,119,BLK_119S,4,TurnOver,3,2025-04-14 13:05:09,2025-04-14 13:17:09,12.0,,공통
b150_sub_heavy_r1,MSF,119,BLK_119S,4,후면SAW,4,2025-04-14 14:14:18,2025-04-14 14:45:06,30.8,,공통
b150_sub_heavy_r1,MSF,119,BLK_119S,4,NC,5,2025-04-14 15:30:49,2025-04-14 16:05:58,35.1,,공통
b150_sub_heavy_r1,MSF,119,BLK_119S,4,베이36B 론지취부,6,2025-04-14 16:05:58,2025-04-14 17:22:28,76.5,36B,베이36B
b150_sub_heavy_r1,MSF,119,BLK_119S,4,베이36B 론지용접,7,2025-04-14 17:22:28,2025-04-14 17:46:52,24.4,36B,베이36B
b150_sub_heavy_r1,MSF,119,BLK_119S,4,베이36B 수정,8,2025-04-14 17:46:52,2025-04-14 18:33:40,46.8,36B,베이36B
b150_sub_heavy_r1,MSF,17,BLK_17P,5,판계,1,2025-04-14 09:55:00,2025-04-14 10:25:00,30.0,,공통
b150_sub_heavy_r1,MSF,17,BLK_17P,5,전면SAW,2,2025-04-14 13:05:09,2025-04-14 13:36:22,31.2,,공통
b150_sub_heavy_r1,MSF,17,BLK_17P,5,TurnOver,3,2025-04-14 13:36:22,2025-04-14 13:48:22,12.0,,공통
b150_sub_heavy_r1,MSF,17,BLK_17P,5,후면SAW,4,2025-04-14 14:45:06,2025-04-14 15:05:04,20.0,,공통
b150_sub_heavy_r1,MSF,17,BLK_17P,5,NC,5,2025-04-14 16:05:58,2025-04-14 16:49:55,44.0,,공통
b150_sub_heavy_r1,MSF,17,BLK_17P,5,베이35A 론지취부,6,2025-04-14 16:55:38,2025-04-14 18:22:38,87.0,35A,베이35A
b150_sub_heavy_r1,MSF,17,BLK_17P,5,베이35A 론지용접,7,2025-04-14 18:22:38,2025-04-14 18:48:50,26.2,35A,베이35A
b150_sub_heavy_r1,MSF,17,BLK_17P,5,베이35A 수정,8,2025-04-14 18:48:50,2025-04-14 19:42:14,53.4,35A,베이35A
b150_sub_heavy_r1,MSF,21,BLK_21S,6,판계,1,2025-04-14 10:25:00,2025-04-14 10:55:00,30.0,,공통
b150_sub_heavy_r1,MSF,21,BLK_21S,6,전면SAW,2,2025-04-14 13:36:22,2025-04-14 14:05:47,29.4,,공통
b150_sub_heavy_r1,MSF,21,BLK_21S,6,TurnOver,3,2025-04-14 14:05:47,2025-04-14 14:17:47,12.0,,공통
b150_sub_heavy_r1,MSF,21,BLK_21S,6,후면SAW,4,2025-04-14 15:05:04,2025-04-14 15:22:38,17.6,,공통
b150_sub_heavy_r1,MSF,21,BLK_21S,6,NC,5,2025-04-14 16:49:55,2025-04-14 17:31:51,41.9,,공통
b150_sub_heavy_r1,MSF,21,BLK_21S,6,베이36B 론지취부,6,2025-04-14 17:31:51,2025-04-14 18:58:51,87.0,36B,베이36B
b150_sub_heavy_r1,MSF,21,BLK_21S,6,베이36B 론지용접,7,2025-04-14 18:58:51,2025-04-14 19:25:03,26.2,36B,베이36B
b150_sub_heavy_r1,MSF,21,BLK_21S,6,베이36B 수정,8,2025-04-14 19:25:03,2025-04-14 20:18:27,53.4,36B,베이36B
b150_sub_heavy_r1,MSF,58,BLK_58S,7,판계,1,2025-04-14 10:55:00,2025-04-14 11:25:00,30.0,,공통
b150_sub_heavy_r1,MSF,58,BLK_58S,7,전면SAW,2,2025-04-14 14:05:47,2025-04-14 14:37:06,31.3,,공통
b150_sub_heavy_r1,MSF,58,BLK_58S,7,TurnOver,3,2025-04-14 14:37:06,2025-04-14 14:49:06,12.0,,공통
b150_sub_heavy_r1,MSF,58,BLK_58S,7,후면SAW,4,2025-04-14 15:22:38,2025-04-14 15:42:42,20.1,,공통
b150_sub_heavy_r1,MSF,58,BLK_58S,7,NC,5,2025-04-14 17:31:51,2025-04-14 18:12:09,40.3,,공통
b150_sub_heavy_r1,MSF,58,BLK_58S,7,베이35A 론지취부,6,2025-04-14 18:22:38,2025-04-14 19:32:08,69.5,35A,베이35A
b150_sub_heavy_r1,MSF,58,BLK_58S,7,베이35A 론지용접,7,2025-04-14 19:32:08,2025-04-14 19:55:20,23.2,35A,베이35A
b150_sub_heavy_r1,MSF,58,BLK_58S,7,베이35A 수정,8,2025-04-14 19:55:20,2025-04-14 20:37:44,42.4,35A,베이35A
b150_sub_heavy_r1,MSF,129,BLK_129C,8,판계,1,2025-04-14 11:25:00,2025-04-14 11:55:00,30.0,,공통
b150_sub_heavy_r1,MSF,129,BLK_129C,8,전면SAW,2,2025-04-14 14:37:06,2025-04-14 15:07:56,30.8,,공통
b150_sub_heavy_r1,MSF,129,BLK_129C,8,TurnOver,3,2025-04-14 15:07:56,2025-04-14 15:19:56,12.0,,공통
b150_sub_heavy_r1,MSF,129,BLK_129C,8,후면SAW,4,2025-04-14 15:42:42,2025-04-14 16:02:10,19.5,,공통
b150_sub_heavy_r1,MSF,129,BLK_129C,8,NC,5,2025-04-14 18:12:09,2025-04-14 18:54:30,42.4,,공통
b150_sub_heavy_r1,MSF,129,BLK_129C,8,베이36B 론지취부,6,2025-04-14 18:58:51,2025-04-14 20:11:51,73.0,36B,베이36B
b150_sub_heavy_r1,MSF,129,BLK_129C,8,베이36B 론지용접,7,2025-04-14 20:11:51,2025-04-14 20:35:39,23.8,36B,베이36B
b150_sub_heavy_r1,MSF,129,BLK_129C,8,베이36B 수정,8,2025-04-14 20:35:39,2025-04-14 21:20:15,44.6,36B,베이36B
b150_sub_heavy_r1,MSF,139,BLK_139P,9,판계,1,2025-04-14 11:55:00,2025-04-14 12:25:00,30.0,,공통
b150_sub_heavy_r1,MSF,139,BLK_139P,9,전면SAW,2,2025-04-14 15:07:56,2025-04-14 16:16:57,69.0,,공통
b150_sub_heavy_r1,MSF,139,BLK_139P,9,TurnOver,3,2025-04-14 16:16:57,2025-04-14 16:28:57,12.0,,공통
b150_sub_heavy_r1,MSF,139,BLK_139P,9,후면SAW,4,2025-04-14 16:28:57,2025-04-14 17:19:37,50.7,,공통
b150_sub_heavy_r1,MSF,139,BLK_139P,9,NC,5,2025-04-14 18:54:30,2025-04-14 19:42:09,47.6,,공통
b150_sub_heavy_r1,MSF,139,BLK_139P,9,베이35A 론지취부,6,2025-04-14 19:42:09,2025-04-14 20:27:09,45.0,35A,베이35A
b150_sub_heavy_r1,MSF,139,BLK_139P,9,베이35A 론지용접,7,2025-04-14 20:27:09,2025-04-14 20:46:09,19.0,35A,베이35A
b150_sub_heavy_r1,MSF,139,BLK_139P,9,베이35A 수정,8,2025-04-14 20:46:09,2025-04-14 21:13:09,27.0,35A,베이35A
b150_sub_heavy_r1,MSF,70,BLK_70P,10,판계,1,2025-04-14 12:25:00,2025-04-14 13:10:00,45.0,,공통
b150_sub_heavy_r1,MSF,70,BLK_70P,10,전면SAW,2,2025-04-14 16:16:57,2025-04-14 16:58:39,41.7,,공통
b150_sub_heavy_r1,MSF,70,BLK_70P,10,TurnOver,3,2025-04-14 16:58:39,2025-04-14 17:10:39,12.0,,공통
b150_sub_heavy_r1,MSF,70,BLK_70P,10,후면SAW,4,2025-04-14 17:19:37,2025-04-14 17:53:23,33.8,,공통
b150_sub_heavy_r1,MSF,70,BLK_70P,10,NC,5,2025-04-14 19:42:09,2025-04-14 20:36:51,54.7,,공통
b150_sub_heavy_r1,MSF,70,BLK_70P,10,베이36B 론지취부,6,2025-04-14 20:36:51,2025-04-14 22:14:21,97.5,36B,베이36B
b150_sub_heavy_r1,MSF,70,BLK_70P,10,베이36B 론지용접,7,2025-04-14 22:14:21,2025-04-14 22:42:21,28.0,36B,베이36B
b150_sub_heavy_r1,MSF,70,BLK_70P,10,베이36B 수정,8,2025-04-14 22:42:21,2025-04-14 23:42:21,60.0,36B,베이36B
b150_sub_heavy_r1,MSF,37,BLK_37C,11,판계,1,2025-04-14 13:10:00,2025-04-14 13:40:00,30.0,,공통
b150_sub_heavy_r1,MSF,37,BLK_37C,11,전면SAW,2,2025-04-14 16:58:39,2025-04-14 18:22:07,83.5,,공통
b150_sub_heavy_r1,MSF,37,BLK_37C,11,TurnOver,3,2025-04-14 18:22:07,2025-04-14 18:34:07,12.0,,공통
b150_sub_heavy_r1,MSF,37,BLK_37C,11,후면SAW,4,2025-04-14 18:34:07,2025-04-14 19:37:58,63.9,,공통
b150_sub_heavy_r1,MSF,37,BLK_37C,11,NC,5,2025-04-14 20:36:51,2025-04-14 21:24:58,48.1,,공통
b150_sub_heavy_r1,MSF,37,BLK_37C,11,베이35A 론지취부,6,2025-04-14 21:24:58,2025-04-14 22:16:58,52.0,35A,베이35A
b150_sub_heavy_r1,MSF,37,BLK_37C,11,베이35A 론지용접,7,2025-04-14 22:16:58,2025-04-14 22:37:10,20.2,35A,베이35A
b150_sub_heavy_r1,MSF,37,BLK_37C,11,베이35A 수정,8,2025-04-14 22:37:10,2025-04-14 23:08:34,31.4,35A,베이35A
b150_sub_heavy_r1,MSF,41,BLK_41S,12,판계,1,2025-04-14 13:40:00,2025-04-14 14:10:00,30.0,,공통
b150_sub_heavy_r1,MSF,41,BLK_41S,12,전면SAW,2,2025-04-14 18:22:07,2025-04-14 20:00:53,98.8,,공통
b150_sub_heavy_r1,MSF,41,BLK_41S,12,TurnOver,3,2025-04-14 20:00:53,2025-04-14 20:12:53,12.0,,공통
b150_sub_heavy_r1,MSF,41,BLK_41S,12,후면SAW,4,2025-04-14 20:12:53,2025-04-14 21:50:03,97.2,,공통
b150_sub_heavy_r1,MSF,41,BLK_41S,12,NC,5,2025-04-14 21:50:03,2025-04-14 22:41:31,51.5,,공통
b150_sub_heavy_r1,MSF,41,BLK_41S,12,베이36B 론지취부,6,2025-04-14 22:41:31,2025-04-15 00:01:31,80.0,36B,베이36B
b150_sub_heavy_r1,MSF,41,BLK_41S,12,베이36B 론지용접,7,2025-04-15 00:01:31,2025-04-15 00:26:31,25.0,36B,베이36B
b150_sub_heavy_r1,MSF,41,BLK_41S,12,베이36B 수정,8,2025-04-15 00:26:31,2025-04-15 01:15:31,49.0,36B,베이36B
b150_sub_heavy_r1,MSF,78,BLK_78P,13,판계,1,2025-04-14 14:10:00,2025-04-14 14:55:00,45.0,,공통
b150_sub_heavy_r1,MSF,78,BLK_78P,13,전면SAW,2,2025-04-14 20:00:53,2025-04-14 22:00:31,119.6,,공통
b150_sub_heavy_r1,MSF,78,BLK_78P,13,TurnOver,3,2025-04-14 22:00:31,2025-04-14 22:12:31,12.0,,공통
b150_sub_heavy_r1,MSF,78,BLK_78P,13,후면SAW,4,2025-04-14 22:12:31,2025-04-14 23:53:15,100.7,,공통
b150_sub_heavy_r1,MSF,78,BLK_78P,13,NC,5,2025-04-14 23:53:15,2025-04-15 00:52:20,59.1,,공통
b150_sub_heavy_r1,MSF,78,BLK_78P,13,베이35A 론지취부,6,2025-04-15 00:52:20,2025-04-15 01:58:20,66.0,35A,베이35A
b150_sub_heavy_r1,MSF,78,BLK_78P,13,베이35A 론지용접,7,2025-04-15 01:58:20,2025-04-15 02:20:56,22.6,35A,베이35A
b150_sub_heavy_r1,MSF,78,BLK_78P,13,베이35A 수정,8,2025-04-15 02:20:56,2025-04-15 03:01:08,40.2,35A,베이35A
b150_sub_heavy_r1,MSF,128,BLK_128C,14,판계,1,2025-04-14 14:55:00,2025-04-14 15:15:00,20.0,,공통
b150_sub_heavy_r1,MSF,128,BLK_128C,14,전면SAW,2,2025-04-14 22:00:31,2025-04-14 22:35:31,35.0,,공통
b150_sub_heavy_r1,MSF,128,BLK_128C,14,TurnOver,3,2025-04-14 22:35:31,2025-04-14 22:47:31,12.0,,공통
b150_sub_heavy_r1,MSF,128,BLK_128C,14,후면SAW,4,2025-04-14 23:53:15,2025-04-15 00:18:12,24.9,,공통
b150_sub_heavy_r1,MSF,128,BLK_128C,14,NC,5,2025-04-15 00:52:20,2025-04-15 01:20:44,28.4,,공통
b150_sub_heavy_r1,MSF,128,BLK_128C,14,베이36B 론지취부,6,2025-04-15 01:20:44,2025-04-15 02:09:14,48.5,36B,베이36B
b150_sub_heavy_r1,MSF,128,BLK_128C,14,베이36B 론지용접,7,2025-04-15 02:09:14,2025-04-15 02:28:50,19.6,36B,베이36B
b150_sub_heavy_r1,MSF,128,BLK_128C,14,베이36B 수정,8,2025-04-15 02:28:50,2025-04-15 02:58:02,29.2,36B,베이36B
b150_sub_heavy_r1,MSF,98,BLK_98S,15,판계,1,2025-04-14 15:15:00,2025-04-14 15:48:00,33.0,,공통
b150_sub_heavy_r1,MSF,98,BLK_98S,15,전면SAW,2,2025-04-14 22:35:31,2025-04-15 00:35:46,120.2,,공통
b150_sub_heavy_r1,MSF,98,BLK_98S,15,TurnOver,3,2025-04-15 00:35:46,2025-04-15 00:47:46,12.0,,공통
b150_sub_heavy_r1,MSF,98,BLK_98S,15,후면SAW,4,2025-04-15 00:47:46,2025-04-15 02:50:00,122.2,,공통
b150_sub_heavy_r1,MSF,98,BLK_98S,15,NC,5,2025-04-15 02:50:00,2025-04-15 03:32:35,42.6,,공통
b150_sub_heavy_r1,MSF,98,BLK_98S,15,베이35A 론지취부,6,2025-04-15 03:32:35,2025-04-15 04:24:35,52.0,35A,베이35A
b150_sub_heavy_r1,MSF,98,BLK_98S,15,베이35A 론지용접,7,2025-04-15 04:24:35,2025-04-15 04:44:47,20.2,35A,베이35A
b150_sub_heavy_r1,MSF,98,BLK_98S,15,베이35A 수정,8,2025-04-15 04:44:47,2025-04-15 05:16:11,31.4,35A,베이35A
b150_sub_heavy_r1,MSF,108,BLK_108P,16,판계,1,2025-04-14 15:48:00,2025-04-14 16:18:00,30.0,,공통
b150_sub_heavy_r1,MSF,108,BLK_108P,16,전면SAW,2,2025-04-15 00:35:46,2025-04-15 01:06:06,30.3,,공통
b150_sub_heavy_r1,MSF,108,BLK_108P,16,TurnOver,3,2025-04-15 01:06:06,2025-04-15 01:18:06,12.0,,공통
b150_sub_heavy_r1,MSF,108,BLK_108P,16,후면SAW,4,2025-04-15 02:50:00,2025-04-15 03:08:46,18.8,,공통
b150_sub_heavy_r1,MSF,108,BLK_108P,16,NC,5,2025-04-15 03:32:35,2025-04-15 04:12:25,39.8,,공통
b150_sub_heavy_r1,MSF,108,BLK_108P,16,베이36B 론지취부,6,2025-04-15 04:12:25,2025-04-15 05:11:25,59.0,36B,베이36B
b150_sub_heavy_r1,MSF,108,BLK_108P,16,베이36B 론지용접,7,2025-04-15 05:11:25,2025-04-15 05:32:49,21.4,36B,베이36B
b150_sub_heavy_r1,MSF,108,BLK_108P,16,베이36B 수정,8,2025-04-15 05:32:49,2025-04-15 06:08:37,35.8,36B,베이36B
b150_sub_heavy_r1,MSF,18,BLK_18C,17,판계,1,2025-04-14 16:18:00,2025-04-14 16:30:00,12.0,,공통
b150_sub_heavy_r1,MSF,18,BLK_18C,17,전면SAW,2,2025-04-15 01:06:06,2025-04-15 02:19:45,73.6,,공통
b150_sub_heavy_r1,MSF,18,BLK_18C,17,TurnOver,3,2025-04-15 02:19:45,2025-04-15 02:31:45,12.0,,공통
b150_sub_heavy_r1,MSF,18,BLK_18C,17,후면SAW,4,2025-04-15 03:08:46,2025-04-15 04:24:34,75.8,,공통
b150_sub_heavy_r1,MSF,18,BLK_18C,17,NC,5,2025-04-15 04:24:34,2025-04-15 04:49:12,24.6,,공통
b150_sub_heavy_r1,MSF,18,BLK_18C,17,베이35A 론지취부,6,2025-04-15 04:49:12,2025-04-15 05:37:42,48.5,35A,베이35A
b150_sub_heavy_r1,MSF,18,BLK_18C,17,베이35A 론지용접,7,2025-04-15 05:37:42,2025-04-15 05:57:18,19.6,35A,베이35A
b150_sub_heavy_r1,MSF,18,BLK_18C,17,베이35A 수정,8,2025-04-15 05:57:18,2025-04-15 06:26:30,29.2,35A,베이35A
b150_sub_heavy_r1,MSF,26,BLK_26P,18,판계,1,2025-04-14 16:30:00,2025-04-14 16:42:00,12.0,,공통
b150_sub_heavy_r1,MSF,26,BLK_26P,18,전면SAW,2,2025-04-15 02:19:45,2025-04-15 03:01:14,41.5,,공통
b150_sub_heavy_r1,MSF,26,BLK_26P,18,TurnOver,3,2025-04-15 03:01:14,2025-04-15 03:13:14,12.0,,공통
b150_sub_heavy_r1,MSF,26,BLK_26P,18,후면SAW,4,2025-04-15 04:24:34,2025-04-15 04:58:02,33.5,,공통
b150_sub_heavy_r1,MSF,26,BLK_26P,18,NC,5,2025-04-15 04:58:02,2025-04-15 05:19:55,21.9,,공통
b150_sub_heavy_r1,MSF,26,BLK_26P,18,베이36B 론지취부,6,2025-04-15 05:19:55,2025-04-15 06:08:25,48.5,36B,베이36B
b150_sub_heavy_r1,MSF,26,BLK_26P,18,베이36B 론지용접,7,2025-04-15 06:08:25,2025-04-15 06:28:01,19.6,36B,베이36B
b150_sub_heavy_r1,MSF,26,BLK_26P,18,베이36B 수정,8,2025-04-15 06:28:01,2025-04-15 06:57:13,29.2,36B,베이36B
b150_sub_heavy_r1,MSF,33,BLK_33P,19,판계,1,2025-04-14 16:42:00,2025-04-14 16:54:00,12.0,,공통
b150_sub_heavy_r1,MSF,33,BLK_33P,19,전면SAW,2,2025-04-15 03:01:14,2025-04-15 03:45:01,43.8,,공통
b150_sub_heavy_r1,MSF,33,BLK_33P,19,TurnOver,3,2025-04-15 03:45:01,2025-04-15 03:57:01,12.0,,공통
b150_sub_heavy_r1,MSF,33,BLK_33P,19,후면SAW,4,2025-04-15 04:58:02,2025-04-15 05:34:31,36.5,,공통
b150_sub_heavy_r1,MSF,33,BLK_33P,19,NC,5,2025-04-15 05:34:31,2025-04-15 05:56:49,22.3,,공통
b150_sub_heavy_r1,MSF,33,BLK_33P,19,베이35A 론지취부,6,2025-04-15 05:56:49,2025-04-15 06:48:49,52.0,35A,베이35A
b150_sub_heavy_r1,MSF,33,BLK_33P,19,베이35A 론지용접,7,2025-04-15 06:48:49,2025-04-15 07:09:01,20.2,35A,베이35A
b150_sub_heavy_r1,MSF,33,BLK_33P,19,베이35A 수정,8,2025-04-15 07:09:01,2025-04-15 07:40:25,31.4,35A,베이35A
b150_sub_heavy_r1,MSF,24,BLK_24C,1,판계,1,2025-04-15 08:00:00,2025-04-15 08:59:00,59.0,,공통
b150_sub_heavy_r1,MSF,24,BLK_24C,1,전면SAW,2,2025-04-15 08:59:00,2025-04-15 11:00:22,121.4,,공통
b150_sub_heavy_r1,MSF,24,BLK_24C,1,TurnOver,3,2025-04-15 11:00:22,2025-04-15 11:12:22,12.0,,공통
b150_sub_heavy_r1,MSF,24,BLK_24C,1,후면SAW,4,2025-04-15 11:12:22,2025-04-15 13:15:54,123.5,,공통
b150_sub_heavy_r1,MSF,24,BLK_24C,1,NC,5,2025-04-15 13:15:54,2025-04-15 14:32:00,76.1,,공통
b150_sub_heavy_r1,MSF,24,BLK_24C,1,베이36B 론지취부,6,2025-04-15 14:32:00,2025-04-15 16:48:00,136.0,36B,베이36B
b150_sub_heavy_r1,MSF,24,BLK_24C,1,베이36B 론지용접,7,2025-04-15 16:48:00,2025-04-15 17:22:36,34.6,36B,베이36B
b150_sub_heavy_r1,MSF,24,BLK_24C,1,베이36B 수정,8,2025-04-15 17:22:36,2025-04-15 18:46:48,84.2,36B,베이36B
b150_sub_heavy_r1,MSF,118,BLK_118P,2,판계,1,2025-04-15 08:59:00,2025-04-15 09:29:00,30.0,,공통
b150_sub_heavy_r1,MSF,118,BLK_118P,2,전면SAW,2,2025-04-15 11:00:22,2025-04-15 11:30:22,30.0,,공통
b150_sub_heavy_r1,MSF,118,BLK_118P,2,TurnOver,3,2025-04-15 11:30:22,2025-04-15 11:42:22,12.0,,공통
b150_sub_heavy_r1,MSF,118,BLK_118P,2,후면SAW,4,2025-04-15 13:15:54,2025-04-15 13:34:15,18.4,,공통
b150_sub_heavy_r1,MSF,118,BLK_118P,2,NC,5,2025-04-15 14:32:00,2025-04-15 15:11:24,39.4,,공통
b150_sub_heavy_r1,MSF,118,BLK_118P,2,베이35A 론지취부,6,2025-04-15 15:11:24,2025-04-15 16:10:24,59.0,35A,베이35A
b150_sub_heavy_r1,MSF,118,BLK_118P,2,베이35A 론지용접,7,2025-04-15 16:10:24,2025-04-15 16:31:48,21.4,35A,베이35A
b150_sub_heavy_r1,MSF,118,BLK_118P,2,베이35A 수정,8,2025-04-15 16:31:48,2025-04-15 17:07:36,35.8,35A,베이35A
b150_sub_heavy_r1,MSF,138,BLK_138C,3,판계,1,2025-04-15 09:29:00,2025-04-15 10:07:00,38.0,,공통
b150_sub_heavy_r1,MSF,138,BLK_138C,3,전면SAW,2,2025-04-15 11:30:22,2025-04-15 13:10:18,99.9,,공통
b150_sub_heavy_r1,MSF,138,BLK_138C,3,TurnOver,3,2025-04-15 13:10:18,2025-04-15 13:22:18,12.0,,공통
b150_sub_heavy_r1,MSF,138,BLK_138C,3,후면SAW,4,2025-04-15 13:34:15,2025-04-15 14:53:07,78.9,,공통
b150_sub_heavy_r1,MSF,138,BLK_138C,3,NC,5,2025-04-15 15:11:24,2025-04-15 15:58:13,46.8,,공통
b150_sub_heavy_r1,MSF,138,BLK_138C,3,베이36B 론지취부,6,2025-04-15 16:48:00,2025-04-15 17:54:00,66.0,36B,베이36B
b150_sub_heavy_r1,MSF,138,BLK_138C,3,베이36B 론지용접,7,2025-04-15 17:54:00,2025-04-15 18:16:36,22.6,36B,베이36B
b150_sub_heavy_r1,MSF,138,BLK_138C,3,베이36B 수정,8,2025-04-15 18:46:48,2025-04-15 19:27:00,40.2,36B,베이36B
b150_sub_heavy_r1,MSF,14,BLK_14C,4,판계,1,2025-04-15 10:07:00,2025-04-15 10:32:00,25.0,,공통
b150_sub_heavy_r1,MSF,14,BLK_14C,4,전면SAW,2,2025-04-15 13:10:18,2025-04-15 13:47:16,37.0,,공통
b150_sub_heavy_r1,MSF,14,BLK_14C,4,TurnOver,3,2025-04-15 13:47:16,2025-04-15 13:59:16,12.0,,공통
b150_sub_heavy_r1,MSF,14,BLK_14C,4,후면SAW,4,2025-04-15 14:53:07,2025-04-15 15:20:39,27.5,,공통
b150_sub_heavy_r1,MSF,14,BLK_14C,4,NC,5,2025-04-15 15:58:13,2025-04-15 16:34:49,36.6,,공통
b150_sub_heavy_r1,MSF,14,BLK_14C,4,베이35A 론지취부,6,2025-04-15 16:34:49,2025-04-15 17:51:19,76.5,35A,베이35A
b150_sub_heavy_r1,MSF,14,BLK_14C,4,베이35A 론지용접,7,2025-04-15 17:51:19,2025-04-15 18:15:43,24.4,35A,베이35A
b150_sub_heavy_r1,MSF,14,BLK_14C,4,베이35A 수정,8,2025-04-15 18:15:43,2025-04-15 19:02:31,46.8,35A,베이35A
b150_sub_heavy_r1,MSF,20,BLK_20C,5,판계,1,2025-04-15 10:32:00,2025-04-15 10:57:00,25.0,,공통
b150_sub_heavy_r1,MSF,20,BLK_20C,5,전면SAW,2,2025-04-15 13:47:16,2025-04-15 14:20:52,33.6,,공통
b150_sub_heavy_r1,MSF,20,BLK_20C,5,TurnOver,3,2025-04-15 14:20:52,2025-04-15 14:32:52,12.0,,공통
b150_sub_heavy_r1,MSF,20,BLK_20C,5,후면SAW,4,2025-04-15 15:20:39,2025-04-15 15:43:45,23.1,,공통
b150_sub_heavy_r1,MSF,20,BLK_20C,5,NC,5,2025-04-15 16:34:49,2025-04-15 17:10:31,35.7,,공통
b150_sub_heavy_r1,MSF,20,BLK_20C,5,베이36B 론지취부,6,2025-04-15 17:54:00,2025-04-15 19:07:00,73.0,36B,베이36B
b150_sub_heavy_r1,MSF,20,BLK_20C,5,베이36B 론지용접,7,2025-04-15 19:07:00,2025-04-15 19:30:48,23.8,36B,베이36B
b150_sub_heavy_r1,MSF,20,BLK_20C,5,베이36B 수정,8,2025-04-15 19:30:48,2025-04-15 20:15:24,44.6,36B,베이36B
b150_sub_heavy_r1,MSF,23,BLK_23P,6,판계,1,2025-04-15 10:57:00,2025-04-15 11:22:00,25.0,,공통
b150_sub_heavy_r1,MSF,23,BLK_23P,6,전면SAW,2,2025-04-15 14:20:52,2025-04-15 14:53:21,32.5,,공통
b150_sub_heavy_r1,MSF,23,BLK_23P,6,TurnOver,3,2025-04-15 14:53:21,2025-04-15 15:05:21,12.0,,공통
b150_sub_heavy_r1,MSF,23,BLK_23P,6,후면SAW,4,2025-04-15 15:43:45,2025-04-15 16:05:21,21.6,,공통
b150_sub_heavy_r1,MSF,23,BLK_23P,6,NC,5,2025-04-15 17:10:31,2025-04-15 17:45:30,35.0,,공통
b150_sub_heavy_r1,MSF,23,BLK_23P,6,베이35A 론지취부,6,2025-04-15 17:51:19,2025-04-15 18:57:19,66.0,35A,베이35A
b150_sub_heavy_r1,MSF,23,BLK_23P,6,베이35A 론지용접,7,2025-04-15 18:57:19,2025-04-15 19:19:55,22.6,35A,베이35A
b150_sub_heavy_r1,MSF,23,BLK_23P,6,베이35A 수정,8,2025-04-15 19:19:55,2025-04-15 20:00:07,40.2,35A,베이35A
b150_sub_heavy_r1,MSF,28,BLK_28C,7,판계,1,2025-04-15 11:22:00,2025-04-15 11:47:00,25.0,,공통
b150_sub_heavy_r1,MSF,28,BLK_28C,7,전면SAW,2,2025-04-15 14:53:21,2025-04-15 15:23:39,30.3,,공통
b150_sub_heavy_r1,MSF,28,BLK_28C,7,TurnOver,3,2025-04-15 15:23:39,2025-04-15 15:35:39,12.0,,공통
b150_sub_heavy_r1,MSF,28,BLK_28C,7,후면SAW,4,2025-04-15 16:05:21,2025-04-15 16:24:06,18.7,,공통
b150_sub_heavy_r1,MSF,28,BLK_28C,7,NC,5,2025-04-15 17:45:30,2025-04-15 18:18:51,33.4,,공통
b150_sub_heavy_r1,MSF,28,BLK_28C,7,베이36B 론지취부,6,2025-04-15 19:07:00,2025-04-15 19:41:30,34.5,36B,베이36B
b150_sub_heavy_r1,MSF,28,BLK_28C,7,베이36B 론지용접,7,2025-04-15 19:41:30,2025-04-15 19:58:42,17.2,36B,베이36B
b150_sub_heavy_r1,MSF,28,BLK_28C,7,베이36B 수정,8,2025-04-15 20:15:24,2025-04-15 20:35:48,20.4,36B,베이36B
b150_sub_heavy_r1,MSF,32,BLK_32C,8,판계,1,2025-04-15 11:47:00,2025-04-15 12:27:00,40.0,,공통
b150_sub_heavy_r1,MSF,32,BLK_32C,8,전면SAW,2,2025-04-15 15:23:39,2025-04-15 17:22:59,119.3,,공통
b150_sub_heavy_r1,MSF,32,BLK_32C,8,TurnOver,3,2025-04-15 17:22:59,2025-04-15 17:34:59,12.0,,공통
b150_sub_heavy_r1,MSF,32,BLK_32C,8,후면SAW,4,2025-04-15 17:34:59,2025-04-15 19:00:33,85.6,,공통
b150_sub_heavy_r1,MSF,32,BLK_32C,8,NC,5,2025-04-15 19:00:33,2025-04-15 19:43:58,43.4,,공통
b150_sub_heavy_r1,MSF,32,BLK_32C,8,베이35A 론지취부,6,2025-04-15 19:43:58,2025-04-15 20:21:58,38.0,35A,베이35A
b150_sub_heavy_r1,MSF,32,BLK_32C,8,베이35A 론지용접,7,2025-04-15 20:21:58,2025-04-15 20:39:46,17.8,35A,베이35A
b150_sub_heavy_r1,MSF,32,BLK_32C,8,베이35A 수정,8,2025-04-15 20:39:46,2025-04-15 21:02:22,22.6,35A,베이35A
b150_sub_heavy_r1,MSF,22,BLK_22C,9,판계,1,2025-04-15 12:27:00,2025-04-15 12:57:00,30.0,,공통
b150_sub_heavy_r1,MSF,22,BLK_22C,9,전면SAW,2,2025-04-15 17:22:59,2025-04-15 18:03:07,40.1,,공통
b150_sub_heavy_r1,MSF,22,BLK_22C,9,TurnOver,3,2025-04-15 18:03:07,2025-04-15 18:15:07,12.0,,공통
b150_sub_heavy_r1,MSF,22,BLK_22C,9,후면SAW,4,2025-04-15 19:00:33,2025-04-15 19:32:14,31.7,,공통
b150_sub_heavy_r1,MSF,22,BLK_22C,9,NC,5,2025-04-15 19:43:58,2025-04-15 20:23:40,39.7,,공통
b150_sub_heavy_r1,MSF,22,BLK_22C,9,베이36B 론지취부,6,2025-04-15 20:23:40,2025-04-15 21:15:40,52.0,36B,베이36B
b150_sub_heavy_r1,MSF,22,BLK_22C,9,베이36B 론지용접,7,2025-04-15 21:15:40,2025-04-15 21:35:52,20.2,36B,베이36B
b150_sub_heavy_r1,MSF,22,BLK_22C,9,베이36B 수정,8,2025-04-15 21:35:52,2025-04-15 22:07:16,31.4,36B,베이36B
b150_sub_heavy_r1,MSF,51,BLK_51S,10,판계,1,2025-04-15 12:57:00,2025-04-15 13:35:00,38.0,,공통
b150_sub_heavy_r1,MSF,51,BLK_51S,10,전면SAW,2,2025-04-15 18:03:07,2025-04-15 19:47:19,104.2,,공통
b150_sub_heavy_r1,MSF,51,BLK_51S,10,TurnOver,3,2025-04-15 19:47:19,2025-04-15 19:59:19,12.0,,공통
b150_sub_heavy_r1,MSF,51,BLK_51S,10,후면SAW,4,2025-04-15 19:59:19,2025-04-15 21:22:04,82.8,,공통
b150_sub_heavy_r1,MSF,51,BLK_51S,10,NC,5,2025-04-15 21:22:04,2025-04-15 22:12:33,50.5,,공통
b150_sub_heavy_r1,MSF,51,BLK_51S,10,베이36B 론지취부,6,2025-04-15 22:12:33,2025-04-15 23:36:03,83.5,36B,베이36B
b150_sub_heavy_r1,MSF,51,BLK_51S,10,베이36B 론지용접,7,2025-04-15 23:36:03,2025-04-16 00:01:39,25.6,36B,베이36B
b150_sub_heavy_r1,MSF,51,BLK_51S,10,베이36B 수정,8,2025-04-16 00:01:39,2025-04-16 00:52:51,51.2,36B,베이36B
b150_sub_heavy_r1,MSF,40,BLK_40C,11,판계,1,2025-04-15 13:35:00,2025-04-15 14:05:00,30.0,,공통
b150_sub_heavy_r1,MSF,40,BLK_40C,11,전면SAW,2,2025-04-15 19:47:19,2025-04-15 22:20:35,153.3,,공통
b150_sub_heavy_r1,MSF,40,BLK_40C,11,TurnOver,3,2025-04-15 22:20:35,2025-04-15 22:32:35,12.0,,공통
b150_sub_heavy_r1,MSF,40,BLK_40C,11,후면SAW,4,2025-04-15 22:32:35,2025-04-16 00:25:19,112.7,,공통
b150_sub_heavy_r1,MSF,40,BLK_40C,11,NC,5,2025-04-16 00:25:19,2025-04-16 01:24:10,58.8,,공통
b150_sub_heavy_r1,MSF,40,BLK_40C,11,베이35A 론지취부,6,2025-04-16 01:24:10,2025-04-16 03:01:40,97.5,35A,베이35A
b150_sub_heavy_r1,MSF,40,BLK_40C,11,베이35A 론지용접,7,2025-04-16 03:01:40,2025-04-16 03:29:40,28.0,35A,베이35A
b150_sub_heavy_r1,MSF,40,BLK_40C,11,베이35A 수정,8,2025-04-16 03:29:40,2025-04-16 04:29:40,60.0,35A,베이35A
b150_sub_heavy_r1,MSF,46,BLK_46S,12,판계,1,2025-04-15 14:05:00,2025-04-15 14:35:00,30.0,,공통
b150_sub_heavy_r1,MSF,46,BLK_46S,12,전면SAW,2,2025-04-15 22:20:35,2025-04-15 23:47:51,87.3,,공통
b150_sub_heavy_r1,MSF,46,BLK_46S,12,TurnOver,3,2025-04-15 23:47:51,2025-04-15 23:59:51,12.0,,공통
b150_sub_heavy_r1,MSF,46,BLK_46S,12,후면SAW,4,2025-04-16 00:25:19,2025-04-16 01:32:39,67.3,,공통
b150_sub_heavy_r1,MSF,46,BLK_46S,12,NC,5,2025-04-16 01:32:39,2025-04-16 02:24:55,52.3,,공통
b150_sub_heavy_r1,MSF,46,BLK_46S,12,베이36B 론지취부,6,2025-04-16 02:24:55,2025-04-16 03:51:55,87.0,36B,베이36B
b150_sub_heavy_r1,MSF,46,BLK_46S,12,베이36B 론지용접,7,2025-04-16 03:51:55,2025-04-16 04:18:07,26.2,36B,베이36B
b150_sub_heavy_r1,MSF,46,BLK_46S,12,베이36B 수정,8,2025-04-16 04:18:07,2025-04-16 05:11:31,53.4,36B,베이36B
b150_sub_heavy_r1,MSF,35,BLK_35P,13,판계,1,2025-04-15 14:35:00,2025-04-15 14:47:00,12.0,,공통
b150_sub_heavy_r1,MSF,35,BLK_35P,13,전면SAW,2,2025-04-15 23:47:51,2025-04-16 00:22:19,34.5,,공통
b150_sub_heavy_r1,MSF,35,BLK_35P,13,TurnOver,3,2025-04-16 00:22:19,2025-04-16 00:34:19,12.0,,공통
b150_sub_heavy_r1,MSF,35,BLK_35P,13,후면SAW,4,2025-04-16 01:32:39,2025-04-16 01:56:52,24.2,,공통
b150_sub_heavy_r1,MSF,35,BLK_35P,13,NC,5,2025-04-16 02:24:55,2025-04-16 02:45:19,20.4,,공통
b150_sub_heavy_r1,MSF,35,BLK_35P,13,베이35A 론지취부,6,2025-04-16 03:01:40,2025-04-16 03:43:10,41.5,35A,베이35A
b150_sub_heavy_r1,MSF,35,BLK_35P,13,베이35A 론지용접,7,2025-04-16 03:43:10,2025-04-16 03:57:34,14.4,35A,베이35A
b150_sub_heavy_r1,MSF,35,BLK_35P,13,베이35A 수정,8,2025-04-16 04:29:40,2025-04-16 04:54:28,24.8,35A,베이35A
b150_sub_heavy_r1,MSF,64,BLK_64C,14,판계,1,2025-04-15 14:47:00,2025-04-15 14:59:00,12.0,,공통
b150_sub_heavy_r1,MSF,64,BLK_64C,14,전면SAW,2,2025-04-16 00:22:19,2025-04-16 01:26:21,64.0,,공통
b150_sub_heavy_r1,MSF,64,BLK_64C,14,TurnOver,3,2025-04-16 01:26:21,2025-04-16 01:38:21,12.0,,공통
b150_sub_heavy_r1,MSF,64,BLK_64C,14,후면SAW,4,2025-04-16 01:56:52,2025-04-16 03:00:01,63.1,,공통
b150_sub_heavy_r1,MSF,64,BLK_64C,14,NC,5,2025-04-16 03:00:01,2025-04-16 03:21:31,21.5,,공통
b150_sub_heavy_r1,MSF,64,BLK_64C,14,베이36B 론지취부,6,2025-04-16 03:51:55,2025-04-16 04:33:15,41.3,36B,베이36B
b150_sub_heavy_r1,MSF,64,BLK_64C,14,베이36B 론지용접,7,2025-04-16 04:33:15,2025-04-16 04:50:03,16.8,36B,베이36B
b150_sub_heavy_r1,MSF,64,BLK_64C,14,베이36B 수정,8,2025-04-16 05:11:31,2025-04-16 05:29:43,18.2,36B,베이36B
b150_sub_heavy_r1,MSF,86,BLK_86C,15,판계,1,2025-04-15 14:59:00,2025-04-15 15:11:00,12.0,,공통
b150_sub_heavy_r1,MSF,86,BLK_86C,15,전면SAW,2,2025-04-16 01:26:21,2025-04-16 02:03:55,37.6,,공통
b150_sub_heavy_r1,MSF,86,BLK_86C,15,TurnOver,3,2025-04-16 02:03:55,2025-04-16 02:15:55,12.0,,공통
b150_sub_heavy_r1,MSF,86,BLK_86C,15,후면SAW,4,2025-04-16 03:00:01,2025-04-16 03:28:19,28.3,,공통
b150_sub_heavy_r1,MSF,86,BLK_86C,15,NC,5,2025-04-16 03:28:19,2025-04-16 03:51:13,22.9,,공통
b150_sub_heavy_r1,MSF,86,BLK_86C,15,베이35A 론지취부,6,2025-04-16 03:51:13,2025-04-16 04:36:13,45.0,35A,베이35A
b150_sub_heavy_r1,MSF,86,BLK_86C,15,베이35A 론지용접,7,2025-04-16 04:36:13,2025-04-16 04:55:13,19.0,35A,베이35A
b150_sub_heavy_r1,MSF,86,BLK_86C,15,베이35A 수정,8,2025-04-16 04:55:13,2025-04-16 05:22:13,27.0,35A,베이35A
b150_sub_heavy_r1,MSF,106,BLK_106P,16,판계,1,2025-04-15 15:11:00,2025-04-15 15:23:00,12.0,,공통
b150_sub_heavy_r1,MSF,106,BLK_106P,16,전면SAW,2,2025-04-16 02:03:55,2025-04-16 02:39:32,35.6,,공통
b150_sub_heavy_r1,MSF,106,BLK_106P,16,TurnOver,3,2025-04-16 02:39:32,2025-04-16 02:51:32,12.0,,공통
b150_sub_heavy_r1,MSF,106,BLK_106P,16,후면SAW,4,2025-04-16 03:28:19,2025-04-16 03:54:04,25.8,,공통
b150_sub_heavy_r1,MSF,106,BLK_106P,16,NC,5,2025-04-16 03:54:04,2025-04-16 04:14:26,20.4,,공통
b150_sub_heavy_r1,MSF,106,BLK_106P,16,베이36B 론지취부,6,2025-04-16 04:33:15,2025-04-16 05:04:15,31.0,36B,베이36B
b150_sub_heavy_r1,MSF,106,BLK_106P,16,베이36B 론지용접,7,2025-04-16 05:04:15,2025-04-16 05:16:51,12.6,36B,베이36B
b150_sub_heavy_r1,MSF,106,BLK_106P,16,베이36B 수정,8,2025-04-16 05:29:43,2025-04-16 05:47:55,18.2,36B,베이36B
b150_sub_heavy_r1,MSF,116,BLK_116P,17,판계,1,2025-04-15 15:23:00,2025-04-15 15:35:00,12.0,,공통
b150_sub_heavy_r1,MSF,116,BLK_116P,17,전면SAW,2,2025-04-16 02:39:32,2025-04-16 03:20:40,41.1,,공통
b150_sub_heavy_r1,MSF,116,BLK_116P,17,TurnOver,3,2025-04-16 03:20:40,2025-04-16 03:32:40,12.0,,공통
b150_sub_heavy_r1,MSF,116,BLK_116P,17,후면SAW,4,2025-04-16 03:54:04,2025-04-16 04:27:06,33.0,,공통
b150_sub_heavy_r1,MSF,116,BLK_116P,17,NC,5,2025-04-16 04:27:06,2025-04-16 04:48:10,21.1,,공통
b150_sub_heavy_r1,MSF,116,BLK_116P,17,베이35A 론지취부,6,2025-04-16 04:48:10,2025-04-16 05:40:10,52.0,35A,베이35A
b150_sub_heavy_r1,MSF,116,BLK_116P,17,베이35A 론지용접,7,2025-04-16 05:40:10,2025-04-16 06:00:22,20.2,35A,베이35A
b150_sub_heavy_r1,MSF,116,BLK_116P,17,베이35A 수정,8,2025-04-16 06:00:22,2025-04-16 06:31:46,31.4,35A,베이35A
b150_sub_heavy_r1,MSF,136,BLK_136P,18,판계,1,2025-04-15 15:35:00,2025-04-15 15:47:00,12.0,,공통
b150_sub_heavy_r1,MSF,136,BLK_136P,18,전면SAW,2,2025-04-16 03:20:40,2025-04-16 04:02:06,41.4,,공통
b150_sub_heavy_r1,MSF,136,BLK_136P,18,TurnOver,3,2025-04-16 04:02:06,2025-04-16 04:14:06,12.0,,공통
b150_sub_heavy_r1,MSF,136,BLK_136P,18,후면SAW,4,2025-04-16 04:27:06,2025-04-16 05:00:28,33.4,,공통
b150_sub_heavy_r1,MSF,136,BLK_136P,18,NC,5,2025-04-16 05:00:28,2025-04-16 05:21:32,21.1,,공통
b150_sub_heavy_r1,MSF,136,BLK_136P,18,베이36B 론지취부,6,2025-04-16 05:21:32,2025-04-16 06:17:02,55.5,36B,베이36B
b150_sub_heavy_r1,MSF,136,BLK_136P,18,베이36B 론지용접,7,2025-04-16 06:17:02,2025-04-16 06:37:50,20.8,36B,베이36B
b150_sub_heavy_r1,MSF,136,BLK_136P,18,베이36B 수정,8,2025-04-16 06:37:50,2025-04-16 07:11:26,33.6,36B,베이36B
b150_sub_heavy_r1,MSF,107,BLK_107S,19,판계,1,2025-04-15 15:47:00,2025-04-15 16:07:00,20.0,,공통
b150_sub_heavy_r1,MSF,107,BLK_107S,19,전면SAW,2,2025-04-16 04:02:06,2025-04-16 06:02:22,120.3,,공통
b150_sub_heavy_r1,MSF,107,BLK_107S,19,TurnOver,3,2025-04-16 06:02:22,2025-04-16 06:14:22,12.0,,공통
b150_sub_heavy_r1,MSF,107,BLK_107S,19,후면SAW,4,2025-04-16 06:14:22,2025-04-16 07:51:47,97.4,,공통
b150_sub_heavy_r1,MSF,107,BLK_107S,19,NC,5,2025-04-16 07:51:47,2025-04-16 08:17:52,26.1,,공통
b150_sub_heavy_r1,MSF,107,BLK_107S,19,베이35A 론지취부,6,2025-04-16 08:17:52,2025-04-16 08:59:22,41.5,35A,베이35A
b150_sub_heavy_r1,MSF,107,BLK_107S,19,베이35A 론지용접,7,2025-04-16 08:59:22,2025-04-16 09:13:46,14.4,35A,베이35A
b150_sub_heavy_r1,MSF,107,BLK_107S,19,베이35A 수정,8,2025-04-16 09:13:46,2025-04-16 09:38:34,24.8,35A,베이35A
b150_sub_heavy_r1,MSF,39,BLK_39P,20,판계,1,2025-04-15 16:07:00,2025-04-15 16:27:00,20.0,,공통
b150_sub_heavy_r1,MSF,39,BLK_39P,20,전면SAW,2,2025-04-16 06:02:22,2025-04-16 06:32:54,30.5,,공통
b150_sub_heavy_r1,MSF,39,BLK_39P,20,TurnOver,3,2025-04-16 06:32:54,2025-04-16 06:44:54,12.0,,공통
b150_sub_heavy_r1,MSF,39,BLK_39P,20,후면SAW,4,2025-04-16 07:51:47,2025-04-16 08:10:51,19.1,,공통
b150_sub_heavy_r1,MSF,39,BLK_39P,20,NC,5,2025-04-16 08:17:52,2025-04-16 08:44:15,26.4,,공통
b150_sub_heavy_r1,MSF,39,BLK_39P,20,베이36B 론지취부,6,2025-04-16 08:44:15,2025-04-16 09:25:45,41.5,36B,베이36B
b150_sub_heavy_r1,MSF,39,BLK_39P,20,베이36B 론지용접,7,2025-04-16 09:25:45,2025-04-16 09:44:09,18.4,36B,베이36B
b150_sub_heavy_r1,MSF,39,BLK_39P,20,베이36B 수정,8,2025-04-16 09:44:09,2025-04-16 10:08:57,24.8,36B,베이36B
b150_sub_heavy_r1,MSF,134,BLK_134C,21,판계,1,2025-04-15 16:27:00,2025-04-15 16:47:00,20.0,,공통
b150_sub_heavy_r1,MSF,134,BLK_134C,21,전면SAW,2,2025-04-16 06:32:54,2025-04-16 07:50:42,77.8,,공통
b150_sub_heavy_r1,MSF,134,BLK_134C,21,TurnOver,3,2025-04-16 07:50:42,2025-04-16 08:02:42,12.0,,공통
b150_sub_heavy_r1,MSF,134,BLK_134C,21,후면SAW,4,2025-04-16 08:10:51,2025-04-16 09:09:31,58.7,,공통
b150_sub_heavy_r1,MSF,134,BLK_134C,21,NC,5,2025-04-16 09:09:31,2025-04-16 09:35:08,25.6,,공통
b150_sub_heavy_r1,MSF,134,BLK_134C,21,베이35A 론지취부,6,2025-04-16 09:35:08,2025-04-16 10:06:08,31.0,35A,베이35A
b150_sub_heavy_r1,MSF,134,BLK_134C,21,베이35A 론지용접,7,2025-04-16 10:06:08,2025-04-16 10:18:44,12.6,35A,베이35A
b150_sub_heavy_r1,MSF,134,BLK_134C,21,베이35A 수정,8,2025-04-16 10:18:44,2025-04-16 10:36:56,18.2,35A,베이35A
b150_sub_heavy_r1,MSF,57,BLK_57P,22,판계,1,2025-04-15 16:47:00,2025-04-15 17:07:00,20.0,,공통
b150_sub_heavy_r1,MSF,57,BLK_57P,22,전면SAW,2,2025-04-16 07:50:42,2025-04-16 08:25:03,34.4,,공통
b150_sub_heavy_r1,MSF,57,BLK_57P,22,TurnOver,3,2025-04-16 08:25:03,2025-04-16 08:37:03,12.0,,공통
b150_sub_heavy_r1,MSF,57,BLK_57P,22,후면SAW,4,2025-04-16 09:09:31,2025-04-16 09:33:36,24.1,,공통
b150_sub_heavy_r1,MSF,57,BLK_57P,22,NC,5,2025-04-16 09:35:08,2025-04-16 10:05:01,29.9,,공통
b150_sub_heavy_r1,MSF,57,BLK_57P,22,베이36B 론지취부,6,2025-04-16 10:05:01,2025-04-16 10:53:31,48.5,36B,베이36B
b150_sub_heavy_r1,MSF,57,BLK_57P,22,베이36B 론지용접,7,2025-04-16 10:53:31,2025-04-16 11:13:07,19.6,36B,베이36B
b150_sub_heavy_r1,MSF,57,BLK_57P,22,베이36B 수정,8,2025-04-16 11:13:07,2025-04-16 11:42:19,29.2,36B,베이36B
b150_sub_heavy_r1,MSF,55,BLK_55S,23,판계,1,2025-04-15 17:07:00,2025-04-15 17:35:00,28.0,,공통
b150_sub_heavy_r1,MSF,55,BLK_55S,23,전면SAW,2,2025-04-16 08:25:03,2025-04-16 10:13:23,108.3,,공통
b150_sub_heavy_r1,MSF,55,BLK_55S,23,TurnOver,3,2025-04-16 10:13:23,2025-04-16 10:25:23,12.0,,공통
b150_sub_heavy_r1,MSF,55,BLK_55S,23,후면SAW,4,2025-04-16 10:25:23,2025-04-16 11:51:55,86.5,,공통
b150_sub_heavy_r1,MSF,55,BLK_55S,23,NC,5,2025-04-16 11:51:55,2025-04-16 12:26:04,34.1,,공통
b150_sub_heavy_r1,MSF,55,BLK_55S,23,베이35A 론지취부,6,2025-04-16 12:26:04,2025-04-16 13:18:04,52.0,35A,베이35A
b150_sub_heavy_r1,MSF,55,BLK_55S,23,베이35A 론지용접,7,2025-04-16 13:18:04,2025-04-16 13:38:16,20.2,35A,베이35A
b150_sub_heavy_r1,MSF,55,BLK_55S,23,베이35A 수정,8,2025-04-16 13:38:16,2025-04-16 14:09:40,31.4,35A,베이35A
b150_sub_heavy_r1,MSF,48,BLK_48S,1,판계,1,2025-04-16 08:00:00,2025-04-16 08:20:00,20.0,,공통
b150_sub_heavy_r1,MSF,48,BLK_48S,1,전면SAW,2,2025-04-16 10:13:23,2025-04-16 11:00:01,46.6,,공통
b150_sub_heavy_r1,MSF,48,BLK_48S,1,TurnOver,3,2025-04-16 11:00:01,2025-04-16 11:12:01,12.0,,공통
b150_sub_heavy_r1,MSF,48,BLK_48S,1,후면SAW,4,2025-04-16 11:51:55,2025-04-16 12:32:10,40.2,,공통
b150_sub_heavy_r1,MSF,48,BLK_48S,1,NC,5,2025-04-16 12:32:10,2025-04-16 13:01:20,29.2,,공통
b150_sub_heavy_r1,MSF,48,BLK_48S,1,베이36B 론지취부,6,2025-04-16 13:01:20,2025-04-16 13:49:50,48.5,36B,베이36B
b150_sub_heavy_r1,MSF,48,BLK_48S,1,베이36B 론지용접,7,2025-04-16 13:49:50,2025-04-16 14:09:26,19.6,36B,베이36B
b150_sub_heavy_r1,MSF,48,BLK_48S,1,베이36B 수정,8,2025-04-16 14:09:26,2025-04-16 14:38:38,29.2,36B,베이36B
b150_sub_heavy_r1,MSF,71,BLK_71S,2,판계,1,2025-04-16 08:20:00,2025-04-16 08:40:00,20.0,,공통
b150_sub_heavy_r1,MSF,71,BLK_71S,2,전면SAW,2,2025-04-16 11:00:01,2025-04-16 11:33:36,33.6,,공통
b150_sub_heavy_r1,MSF,71,BLK_71S,2,TurnOver,3,2025-04-16 11:33:36,2025-04-16 11:45:36,12.0,,공통
b150_sub_heavy_r1,MSF,71,BLK_71S,2,후면SAW,4,2025-04-16 12:32:10,2025-04-16 12:55:13,23.1,,공통
b150_sub_heavy_r1,MSF,71,BLK_71S,2,NC,5,2025-04-16 13:01:20,2025-04-16 13:29:46,28.4,,공통
b150_sub_heavy_r1,MSF,71,BLK_71S,2,베이35A 론지취부,6,2025-04-16 13:29:46,2025-04-16 14:04:16,34.5,35A,베이35A
b150_sub_heavy_r1,MSF,71,BLK_71S,2,베이35A 론지용접,7,2025-04-16 14:04:16,2025-04-16 14:21:28,17.2,35A,베이35A
b150_sub_heavy_r1,MSF,71,BLK_71S,2,베이35A 수정,8,2025-04-16 14:21:28,2025-04-16 14:41:52,20.4,35A,베이35A
b150_sub_heavy_r1,MSF,91,BLK_91P,3,판계,1,2025-04-16 08:40:00,2025-04-16 09:00:00,20.0,,공통
b150_sub_heavy_r1,MSF,91,BLK_91P,3,전면SAW,2,2025-04-16 11:33:36,2025-04-16 12:07:55,34.3,,공통
b150_sub_heavy_r1,MSF,91,BLK_91P,3,TurnOver,3,2025-04-16 12:07:55,2025-04-16 12:19:55,12.0,,공통
b150_sub_heavy_r1,MSF,91,BLK_91P,3,후면SAW,4,2025-04-16 12:55:13,2025-04-16 13:19:16,24.1,,공통
b150_sub_heavy_r1,MSF,91,BLK_91P,3,NC,5,2025-04-16 13:29:46,2025-04-16 13:57:54,28.1,,공통
b150_sub_heavy_r1,MSF,91,BLK_91P,3,베이36B 론지취부,6,2025-04-16 13:57:54,2025-04-16 14:42:54,45.0,36B,베이36B
b150_sub_heavy_r1,MSF,91,BLK_91P,3,베이36B 론지용접,7,2025-04-16 14:42:54,2025-04-16 15:01:54,19.0,36B,베이36B
b150_sub_heavy_r1,MSF,91,BLK_91P,3,베이36B 수정,8,2025-04-16 15:01:54,2025-04-16 15:28:54,27.0,36B,베이36B
b150_sub_heavy_r1,MSF,82,BLK_82C,4,판계,1,2025-04-16 09:00:00,2025-04-16 09:20:00,20.0,,공통
b150_sub_heavy_r1,MSF,82,BLK_82C,4,전면SAW,2,2025-04-16 12:07:55,2025-04-16 12:34:13,26.3,,공통
b150_sub_heavy_r1,MSF,82,BLK_82C,4,TurnOver,3,2025-04-16 12:34:13,2025-04-16 12:46:13,12.0,,공통
b150_sub_heavy_r1,MSF,82,BLK_82C,4,후면SAW,4,2025-04-16 13:19:16,2025-04-16 13:32:44,13.5,,공통
b150_sub_heavy_r1,MSF,82,BLK_82C,4,NC,5,2025-04-16 13:57:54,2025-04-16 14:22:31,24.6,,공통
b150_sub_heavy_r1,MSF,82,BLK_82C,4,베이35A 론지취부,6,2025-04-16 14:22:31,2025-04-16 14:57:01,34.5,35A,베이35A
b150_sub_heavy_r1,MSF,82,BLK_82C,4,베이35A 론지용접,7,2025-04-16 14:57:01,2025-04-16 15:14:13,17.2,35A,베이35A
b150_sub_heavy_r1,MSF,82,BLK_82C,4,베이35A 수정,8,2025-04-16 15:14:13,2025-04-16 15:34:37,20.4,35A,베이35A
b150_sub_heavy_r1,MSF,103,BLK_103S,5,판계,1,2025-04-16 09:20:00,2025-04-16 09:40:00,20.0,,공통
b150_sub_heavy_r1,MSF,103,BLK_103S,5,전면SAW,2,2025-04-16 12:34:13,2025-04-16 13:06:14,32.0,,공통
b150_sub_heavy_r1,MSF,103,BLK_103S,5,TurnOver,3,2025-04-16 13:06:14,2025-04-16 13:18:14,12.0,,공통
b150_sub_heavy_r1,MSF,103,BLK_103S,5,후면SAW,4,2025-04-16 13:32:44,2025-04-16 13:53:45,21.0,,공통
b150_sub_heavy_r1,MSF,103,BLK_103S,5,NC,5,2025-04-16 14:22:31,2025-04-16 14:50:32,28.0,,공통
b150_sub_heavy_r1,MSF,103,BLK_103S,5,베이36B 론지취부,6,2025-04-16 14:50:32,2025-04-16 15:42:32,52.0,36B,베이36B
b150_sub_heavy_r1,MSF,103,BLK_103S,5,베이36B 론지용접,7,2025-04-16 15:42:32,2025-04-16 16:02:44,20.2,36B,베이36B
b150_sub_heavy_r1,MSF,103,BLK_103S,5,베이36B 수정,8,2025-04-16 16:02:44,2025-04-16 16:34:08,31.4,36B,베이36B
b150_sub_heavy_r1,MSF,65,BLK_65S,6,판계,1,2025-04-16 09:40:00,2025-04-16 10:00:00,20.0,,공통
b150_sub_heavy_r1,MSF,65,BLK_65S,6,전면SAW,2,2025-04-16 13:06:14,2025-04-16 13:38:39,32.4,,공통
b150_sub_heavy_r1,MSF,65,BLK_65S,6,TurnOver,3,2025-04-16 13:38:39,2025-04-16 13:50:39,12.0,,공통
b150_sub_heavy_r1,MSF,65,BLK_65S,6,후면SAW,4,2025-04-16 13:53:45,2025-04-16 14:15:17,21.5,,공통
b150_sub_heavy_r1,MSF,65,BLK_65S,6,NC,5,2025-04-16 14:50:32,2025-04-16 15:17:16,26.7,,공통
b150_sub_heavy_r1,MSF,65,BLK_65S,6,베이35A 론지취부,6,2025-04-16 15:17:16,2025-04-16 16:19:46,62.5,35A,베이35A
b150_sub_heavy_r1,MSF,65,BLK_65S,6,베이35A 론지용접,7,2025-04-16 16:19:46,2025-04-16 16:41:46,22.0,35A,베이35A
b150_sub_heavy_r1,MSF,65,BLK_65S,6,베이35A 수정,8,2025-04-16 16:41:46,2025-04-16 17:19:46,38.0,35A,베이35A
b150_sub_heavy_r1,MSF,66,BLK_66C,7,판계,1,2025-04-16 10:00:00,2025-04-16 10:20:00,20.0,,공통
b150_sub_heavy_r1,MSF,66,BLK_66C,7,전면SAW,2,2025-04-16 13:38:39,2025-04-16 14:19:29,40.8,,공통
b150_sub_heavy_r1,MSF,66,BLK_66C,7,TurnOver,3,2025-04-16 14:19:29,2025-04-16 14:31:29,12.0,,공통
b150_sub_heavy_r1,MSF,66,BLK_66C,7,후면SAW,4,2025-04-16 14:31:29,2025-04-16 15:04:05,32.6,,공통
b150_sub_heavy_r1,MSF,66,BLK_66C,7,NC,5,2025-04-16 15:17:16,2025-04-16 15:49:19,32.0,,공통
b150_sub_heavy_r1,MSF,66,BLK_66C,7,베이36B 론지취부,6,2025-04-16 15:49:19,2025-04-16 16:51:49,62.5,36B,베이36B
b150_sub_heavy_r1,MSF,66,BLK_66C,7,베이36B 론지용접,7,2025-04-16 16:51:49,2025-04-16 17:13:49,22.0,36B,베이36B
b150_sub_heavy_r1,MSF,66,BLK_66C,7,베이36B 수정,8,2025-04-16 17:13:49,2025-04-16 17:51:49,38.0,36B,베이36B
b150_sub_heavy_r1,MSF,85,BLK_85P,8,판계,1,2025-04-16 10:20:00,2025-04-16 10:40:00,20.0,,공통
b150_sub_heavy_r1,MSF,85,BLK_85P,8,전면SAW,2,2025-04-16 14:19:29,2025-04-16 15:04:31,45.0,,공통
b150_sub_heavy_r1,MSF,85,BLK_85P,8,TurnOver,3,2025-04-16 15:04:31,2025-04-16 15:16:31,12.0,,공통
b150_sub_heavy_r1,MSF,85,BLK_85P,8,후면SAW,4,2025-04-16 15:16:31,2025-04-16 15:54:40,38.1,,공통
b150_sub_heavy_r1,MSF,85,BLK_85P,8,NC,5,2025-04-16 15:54:40,2025-04-16 16:22:49,28.1,,공통
b150_sub_heavy_r1,MSF,85,BLK_85P,8,베이35A 론지취부,6,2025-04-16 16:22:49,2025-04-16 17:14:49,52.0,35A,베이35A
b150_sub_heavy_r1,MSF,85,BLK_85P,8,베이35A 론지용접,7,2025-04-16 17:14:49,2025-04-16 17:35:01,20.2,35A,베이35A
b150_sub_heavy_r1,MSF,85,BLK_85P,8,베이35A 수정,8,2025-04-16 17:35:01,2025-04-16 18:06:25,31.4,35A,베이35A
b150_sub_heavy_r1,MSF,140,BLK_140P,9,판계,1,2025-04-16 10:40:00,2025-04-16 11:00:00,20.0,,공통
b150_sub_heavy_r1,MSF,140,BLK_140P,9,전면SAW,2,2025-04-16 15:04:31,2025-04-16 15:34:58,30.4,,공통
b150_sub_heavy_r1,MSF,140,BLK_140P,9,TurnOver,3,2025-04-16 15:34:58,2025-04-16 15:46:58,12.0,,공통
b150_sub_heavy_r1,MSF,140,BLK_140P,9,후면SAW,4,2025-04-16 15:54:40,2025-04-16 16:13:36,18.9,,공통
b150_sub_heavy_r1,MSF,140,BLK_140P,9,NC,5,2025-04-16 16:22:49,2025-04-16 16:49:12,26.4,,공통
b150_sub_heavy_r1,MSF,140,BLK_140P,9,베이36B 론지취부,6,2025-04-16 16:51:49,2025-04-16 17:29:49,38.0,36B,베이36B
b150_sub_heavy_r1,MSF,140,BLK_140P,9,베이36B 론지용접,7,2025-04-16 17:29:49,2025-04-16 17:47:37,17.8,36B,베이36B
b150_sub_heavy_r1,MSF,140,BLK_140P,9,베이36B 수정,8,2025-04-16 17:51:49,2025-04-16 18:14:25,22.6,36B,베이36B
b150_sub_heavy_r1,MSF,27,BLK_27P,10,판계,1,2025-04-16 11:00:00,2025-04-16 11:25:00,25.0,,공통
b150_sub_heavy_r1,MSF,27,BLK_27P,10,전면SAW,2,2025-04-16 15:34:58,2025-04-16 16:03:34,28.6,,공통
b150_sub_heavy_r1,MSF,27,BLK_27P,10,TurnOver,3,2025-04-16 16:03:34,2025-04-16 16:15:34,12.0,,공통
b150_sub_heavy_r1,MSF,27,BLK_27P,10,후면SAW,4,2025-04-16 16:15:34,2025-04-16 16:32:06,16.5,,공통
b150_sub_heavy_r1,MSF,27,BLK_27P,10,NC,5,2025-04-16 16:49:12,2025-04-16 17:22:20,33.1,,공통
b150_sub_heavy_r1,MSF,27,BLK_27P,10,베이35A 론지취부,6,2025-04-16 17:22:20,2025-04-16 18:10:50,48.5,35A,베이35A
b150_sub_heavy_r1,MSF,27,BLK_27P,10,베이35A 론지용접,7,2025-04-16 18:10:50,2025-04-16 18:30:26,19.6,35A,베이35A
b150_sub_heavy_r1,MSF,27,BLK_27P,10,베이35A 수정,8,2025-04-16 18:30:26,2025-04-16 18:59:38,29.2,35A,베이35A
b150_sub_heavy_r1,MSF,34,BLK_34C,11,판계,1,2025-04-16 11:25:00,2025-04-16 11:50:00,25.0,,공통
b150_sub_heavy_r1,MSF,34,BLK_34C,11,전면SAW,2,2025-04-16 16:03:34,2025-04-16 16:37:07,33.5,,공통
b150_sub_heavy_r1,MSF,34,BLK_34C,11,TurnOver,3,2025-04-16 16:37:07,2025-04-16 16:49:07,12.0,,공통
b150_sub_heavy_r1,MSF,34,BLK_34C,11,후면SAW,4,2025-04-16 16:49:07,2025-04-16 17:12:09,23.0,,공통
b150_sub_heavy_r1,MSF,34,BLK_34C,11,NC,5,2025-04-16 17:22:20,2025-04-16 17:58:58,36.6,,공통
b150_sub_heavy_r1,MSF,34,BLK_34C,11,베이36B 론지취부,6,2025-04-16 17:58:58,2025-04-16 19:22:28,83.5,36B,베이36B
b150_sub_heavy_r1,MSF,34,BLK_34C,11,베이36B 론지용접,7,2025-04-16 19:22:28,2025-04-16 19:48:04,25.6,36B,베이36B
b150_sub_heavy_r1,MSF,34,BLK_34C,11,베이36B 수정,8,2025-04-16 19:48:04,2025-04-16 20:39:16,51.2,36B,베이36B
b150_sub_heavy_r1,MSF,36,BLK_36C,12,판계,1,2025-04-16 11:50:00,2025-04-16 12:15:00,25.0,,공통
b150_sub_heavy_r1,MSF,36,BLK_36C,12,전면SAW,2,2025-04-16 16:37:07,2025-04-16 17:08:51,31.7,,공통
b150_sub_heavy_r1,MSF,36,BLK_36C,12,TurnOver,3,2025-04-16 17:08:51,2025-04-16 17:20:51,12.0,,공통
b150_sub_heavy_r1,MSF,36,BLK_36C,12,후면SAW,4,2025-04-16 17:20:51,2025-04-16 17:41:29,20.6,,공통
b150_sub_heavy_r1,MSF,36,BLK_36C,12,NC,5,2025-04-16 17:58:58,2025-04-16 18:30:52,31.9,,공통
b150_sub_heavy_r1,MSF,36,BLK_36C,12,베이35A 론지취부,6,2025-04-16 18:30:52,2025-04-16 19:22:52,52.0,35A,베이35A
b150_sub_heavy_r1,MSF,36,BLK_36C,12,베이35A 론지용접,7,2025-04-16 19:22:52,2025-04-16 19:43:04,20.2,35A,베이35A
b150_sub_heavy_r1,MSF,36,BLK_36C,12,베이35A 수정,8,2025-04-16 19:43:04,2025-04-16 20:14:28,31.4,35A,베이35A
b150_sub_heavy_r1,MSF,38,BLK_38P,13,판계,1,2025-04-16 12:15:00,2025-04-16 12:40:00,25.0,,공통
b150_sub_heavy_r1,MSF,38,BLK_38P,13,전면SAW,2,2025-04-16 17:08:51,2025-04-16 17:39:13,30.4,,공통
b150_sub_heavy_r1,MSF,38,BLK_38P,13,TurnOver,3,2025-04-16 17:39:13,2025-04-16 17:51:13,12.0,,공통
b150_sub_heavy_r1,MSF,38,BLK_38P,13,후면SAW,4,2025-04-16 17:51:13,2025-04-16 18:10:04,18.8,,공통
b150_sub_heavy_r1,MSF,38,BLK_38P,13,NC,5,2025-04-16 18:30:52,2025-04-16 19:07:30,36.6,,공통
b150_sub_heavy_r1,MSF,38,BLK_38P,13,베이36B 론지취부,6,2025-04-16 19:22:28,2025-04-16 20:28:28,66.0,36B,베이36B
b150_sub_heavy_r1,MSF,38,BLK_38P,13,베이36B 론지용접,7,2025-04-16 20:28:28,2025-04-16 20:51:04,22.6,36B,베이36B
b150_sub_heavy_r1,MSF,38,BLK_38P,13,베이36B 수정,8,2025-04-16 20:51:04,2025-04-16 21:31:16,40.2,36B,베이36B
b150_sub_heavy_r1,MSF,44,BLK_44S,14,판계,1,2025-04-16 12:40:00,2025-04-16 13:05:00,25.0,,공통
b150_sub_heavy_r1,MSF,44,BLK_44S,14,전면SAW,2,2025-04-16 17:39:13,2025-04-16 18:19:55,40.7,,공통
b150_sub_heavy_r1,MSF,44,BLK_44S,14,TurnOver,3,2025-04-16 18:19:55,2025-04-16 18:31:55,12.0,,공통
b150_sub_heavy_r1,MSF,44,BLK_44S,14,후면SAW,4,2025-04-16 18:31:55,2025-04-16 19:04:21,32.4,,공통
b150_sub_heavy_r1,MSF,44,BLK_44S,14,NC,5,2025-04-16 19:07:30,2025-04-16 19:42:15,34.8,,공통
b150_sub_heavy_r1,MSF,44,BLK_44S,14,베이35A 론지취부,6,2025-04-16 19:42:15,2025-04-16 20:44:45,62.5,35A,베이35A
b150_sub_heavy_r1,MSF,44,BLK_44S,14,베이35A 론지용접,7,2025-04-16 20:44:45,2025-04-16 21:06:45,22.0,35A,베이35A
b150_sub_heavy_r1,MSF,44,BLK_44S,14,베이35A 수정,8,2025-04-16 21:06:45,2025-04-16 21:44:45,38.0,35A,베이35A
b150_sub_heavy_r1,MSF,52,BLK_52P,15,판계,1,2025-04-16 13:05:00,2025-04-16 13:30:00,25.0,,공통
b150_sub_heavy_r1,MSF,52,BLK_52P,15,전면SAW,2,2025-04-16 18:19:55,2025-04-16 19:04:24,44.5,,공통
b150_sub_heavy_r1,MSF,52,BLK_52P,15,TurnOver,3,2025-04-16 19:04:24,2025-04-16 19:16:24,12.0,,공통
b150_sub_heavy_r1,MSF,52,BLK_52P,15,후면SAW,4,2025-04-16 19:16:24,2025-04-16 19:53:49,37.4,,공통
b150_sub_heavy_r1,MSF,52,BLK_52P,15,NC,5,2025-04-16 19:53:49,2025-04-16 20:28:06,34.3,,공통
b150_sub_heavy_r1,MSF,52,BLK_52P,15,베이36B 론지취부,6,2025-04-16 20:28:28,2025-04-16 21:34:28,66.0,36B,베이36B
b150_sub_heavy_r1,MSF,52,BLK_52P,15,베이36B 론지용접,7,2025-04-16 21:34:28,2025-04-16 21:57:04,22.6,36B,베이36B
b150_sub_heavy_r1,MSF,52,BLK_52P,15,베이36B 수정,8,2025-04-16 21:57:04,2025-04-16 22:37:16,40.2,36B,베이36B
b150_sub_heavy_r1,MSF,61,BLK_61C,16,판계,1,2025-04-16 13:30:00,2025-04-16 14:10:00,40.0,,공통
b150_sub_heavy_r1,MSF,61,BLK_61C,16,전면SAW,2,2025-04-16 19:04:24,2025-04-16 20:56:52,112.5,,공통
b150_sub_heavy_r1,MSF,61,BLK_61C,16,TurnOver,3,2025-04-16 20:56:52,2025-04-16 21:08:52,12.0,,공통
b150_sub_heavy_r1,MSF,61,BLK_61C,16,후면SAW,4,2025-04-16 21:08:52,2025-04-16 22:28:57,80.1,,공통
b150_sub_heavy_r1,MSF,61,BLK_61C,16,NC,5,2025-04-16 22:28:57,2025-04-16 23:12:58,44.0,,공통
b150_sub_heavy_r1,MSF,61,BLK_61C,16,베이35A 론지취부,6,2025-04-16 23:12:58,2025-04-17 00:08:28,55.5,35A,베이35A
b150_sub_heavy_r1,MSF,61,BLK_61C,16,베이35A 론지용접,7,2025-04-17 00:08:28,2025-04-17 00:29:16,20.8,35A,베이35A
b150_sub_heavy_r1,MSF,61,BLK_61C,16,베이35A 수정,8,2025-04-17 00:29:16,2025-04-17 01:02:52,33.6,35A,베이35A
b150_sub_heavy_r1,MSF,92,BLK_92S,17,판계,1,2025-04-16 14:10:00,2025-04-16 14:50:00,40.0,,공통
b150_sub_heavy_r1,MSF,92,BLK_92S,17,전면SAW,2,2025-04-16 20:56:52,2025-04-16 23:48:53,172.0,,공통
b150_sub_heavy_r1,MSF,92,BLK_92S,17,TurnOver,3,2025-04-16 23:48:53,2025-04-17 00:00:53,12.0,,공통
b150_sub_heavy_r1,MSF,92,BLK_92S,17,후면SAW,4,2025-04-17 00:00:53,2025-04-17 02:31:45,150.9,,공통
b150_sub_heavy_r1,MSF,92,BLK_92S,17,NC,5,2025-04-17 02:31:45,2025-04-17 03:17:38,45.9,,공통
b150_sub_heavy_r1,MSF,92,BLK_92S,17,베이36B 론지취부,6,2025-04-17 03:17:38,2025-04-17 04:23:38,66.0,36B,베이36B
b150_sub_heavy_r1,MSF,92,BLK_92S,17,베이36B 론지용접,7,2025-04-17 04:23:38,2025-04-17 04:46:14,22.6,36B,베이36B
b150_sub_heavy_r1,MSF,92,BLK_92S,17,베이36B 수정,8,2025-04-17 04:46:14,2025-04-17 05:26:26,40.2,36B,베이36B
b150_sub_heavy_r1,MSF,63,BLK_63C,18,판계,1,2025-04-16 14:50:00,2025-04-16 15:23:00,33.0,,공통
b150_sub_heavy_r1,MSF,63,BLK_63C,18,전면SAW,2,2025-04-16 23:48:53,2025-04-17 01:41:31,112.6,,공통
b150_sub_heavy_r1,MSF,63,BLK_63C,18,TurnOver,3,2025-04-17 01:41:31,2025-04-17 01:53:31,12.0,,공통
b150_sub_heavy_r1,MSF,63,BLK_63C,18,후면SAW,4,2025-04-17 02:31:45,2025-04-17 04:25:05,113.3,,공통
b150_sub_heavy_r1,MSF,63,BLK_63C,18,NC,5,2025-04-17 04:25:05,2025-04-17 05:05:36,40.5,,공통
b150_sub_heavy_r1,MSF,63,BLK_63C,18,베이35A 론지취부,6,2025-04-17 05:05:36,2025-04-17 06:15:06,69.5,35A,베이35A
b150_sub_heavy_r1,MSF,63,BLK_63C,18,베이35A 론지용접,7,2025-04-17 06:15:06,2025-04-17 06:38:18,23.2,35A,베이35A
b150_sub_heavy_r1,MSF,63,BLK_63C,18,베이35A 수정,8,2025-04-17 06:38:18,2025-04-17 07:20:42,42.4,35A,베이35A
b150_sub_heavy_r1,MSF,122,BLK_122S,19,판계,1,2025-04-16 15:23:00,2025-04-16 16:03:00,40.0,,공통
b150_sub_heavy_r1,MSF,122,BLK_122S,19,전면SAW,2,2025-04-17 01:41:31,2025-04-17 04:02:27,140.9,,공통
b150_sub_heavy_r1,MSF,122,BLK_122S,19,TurnOver,3,2025-04-17 04:02:27,2025-04-17 04:14:27,12.0,,공통
b150_sub_heavy_r1,MSF,122,BLK_122S,19,후면SAW,4,2025-04-17 04:25:05,2025-04-17 06:07:57,102.9,,공통
b150_sub_heavy_r1,MSF,122,BLK_122S,19,NC,5,2025-04-17 06:07:57,2025-04-17 06:52:09,44.2,,공통
b150_sub_heavy_r1,MSF,122,BLK_122S,19,베이36B 론지취부,6,2025-04-17 06:52:09,2025-04-17 07:51:09,59.0,36B,베이36B
b150_sub_heavy_r1,MSF,122,BLK_122S,19,베이36B 론지용접,7,2025-04-17 07:51:09,2025-04-17 08:12:33,21.4,36B,베이36B
b150_sub_heavy_r1,MSF,122,BLK_122S,19,베이36B 수정,8,2025-04-17 08:12:33,2025-04-17 08:48:21,35.8,36B,베이36B
b150_sub_heavy_r1,MSF,67,BLK_67C,20,판계,1,2025-04-16 16:03:00,2025-04-16 16:43:00,40.0,,공통
b150_sub_heavy_r1,MSF,67,BLK_67C,20,전면SAW,2,2025-04-17 04:02:27,2025-04-17 06:35:38,153.2,,공통
b150_sub_heavy_r1,MSF,67,BLK_67C,20,TurnOver,3,2025-04-17 06:35:38,2025-04-17 06:47:38,12.0,,공통
b150_sub_heavy_r1,MSF,67,BLK_67C,20,후면SAW,4,2025-04-17 06:47:38,2025-04-17 08:40:18,112.7,,공통
b150_sub_heavy_r1,MSF,67,BLK_67C,20,NC,5,2025-04-17 08:40:18,2025-04-17 09:26:30,46.2,,공통
b150_sub_heavy_r1,MSF,67,BLK_67C,20,베이35A 론지취부,6,2025-04-17 09:26:30,2025-04-17 10:43:00,76.5,35A,베이35A
b150_sub_heavy_r1,MSF,67,BLK_67C,20,베이35A 론지용접,7,2025-04-17 10:43:00,2025-04-17 11:07:24,24.4,35A,베이35A
b150_sub_heavy_r1,MSF,67,BLK_67C,20,베이35A 수정,8,2025-04-17 11:07:24,2025-04-17 11:54:12,46.8,35A,베이35A
b150_sub_heavy_r1,MSF,133,BLK_133S,21,판계,1,2025-04-16 16:43:00,2025-04-16 17:08:00,25.0,,공통
b150_sub_heavy_r1,MSF,133,BLK_133S,21,전면SAW,2,2025-04-17 06:35:38,2025-04-17 07:08:36,33.0,,공통
b150_sub_heavy_r1,MSF,133,BLK_133S,21,TurnOver,3,2025-04-17 07:08:36,2025-04-17 07:20:36,12.0,,공통
b150_sub_heavy_r1,MSF,133,BLK_133S,21,후면SAW,4,2025-04-17 08:40:18,2025-04-17 09:02:33,22.2,,공통
b150_sub_heavy_r1,MSF,133,BLK_133S,21,NC,5,2025-04-17 09:26:30,2025-04-17 10:00:54,34.4,,공통
b150_sub_heavy_r1,MSF,133,BLK_133S,21,베이36B 론지취부,6,2025-04-17 10:00:54,2025-04-17 10:45:54,45.0,36B,베이36B
b150_sub_heavy_r1,MSF,133,BLK_133S,21,베이36B 론지용접,7,2025-04-17 10:45:54,2025-04-17 11:04:54,19.0,36B,베이36B
b150_sub_heavy_r1,MSF,133,BLK_133S,21,베이36B 수정,8,2025-04-17 11:04:54,2025-04-17 11:31:54,27.0,36B,베이36B
b150_sub_heavy_r1,MSF,95,BLK_95S,22,판계,1,2025-04-16 17:08:00,2025-04-16 17:33:00,25.0,,공통
b150_sub_heavy_r1,MSF,95,BLK_95S,22,전면SAW,2,2025-04-17 07:08:36,2025-04-17 07:41:43,33.1,,공통
b150_sub_heavy_r1,MSF,95,BLK_95S,22,TurnOver,3,2025-04-17 07:41:43,2025-04-17 07:53:43,12.0,,공통
b150_sub_heavy_r1,MSF,95,BLK_95S,22,후면SAW,4,2025-04-17 09:02:33,2025-04-17 09:25:00,22.4,,공통
b150_sub_heavy_r1,MSF,95,BLK_95S,22,NC,5,2025-04-17 10:00:54,2025-04-17 10:36:07,35.2,,공통
b150_sub_heavy_r1,MSF,95,BLK_95S,22,베이35A 론지취부,6,2025-04-17 10:43:00,2025-04-17 11:49:00,66.0,35A,베이35A
b150_sub_heavy_r1,MSF,95,BLK_95S,22,베이35A 론지용접,7,2025-04-17 11:49:00,2025-04-17 12:11:36,22.6,35A,베이35A
b150_sub_heavy_r1,MSF,95,BLK_95S,22,베이35A 수정,8,2025-04-17 12:11:36,2025-04-17 12:51:48,40.2,35A,베이35A
b150_sub_heavy_r1,MSF,105,BLK_105C,23,판계,1,2025-04-16 17:33:00,2025-04-16 17:58:00,25.0,,공통
b150_sub_heavy_r1,MSF,105,BLK_105C,23,전면SAW,2,2025-04-17 07:41:43,2025-04-17 08:15:03,33.3,,공통
b150_sub_heavy_r1,MSF,105,BLK_105C,23,TurnOver,3,2025-04-17 08:15:03,2025-04-17 08:27:03,12.0,,공통
b150_sub_heavy_r1,MSF,105,BLK_105C,23,후면SAW,4,2025-04-17 09:25:00,2025-04-17 09:47:43,22.7,,공통
b150_sub_heavy_r1,MSF,105,BLK_105C,23,NC,5,2025-04-17 10:36:07,2025-04-17 11:11:49,35.7,,공통
b150_sub_heavy_r1,MSF,105,BLK_105C,23,베이36B 론지취부,6,2025-04-17 11:11:49,2025-04-17 12:21:19,69.5,36B,베이36B
b150_sub_heavy_r1,MSF,105,BLK_105C,23,베이36B 론지용접,7,2025-04-17 12:21:19,2025-04-17 12:44:31,23.2,36B,베이36B
b150_sub_heavy_r1,MSF,105,BLK_105C,23,베이36B 수정,8,2025-04-17 12:44:31,2025-04-17 13:26:55,42.4,36B,베이36B
b150_sub_heavy_r1,MSF,135,BLK_135P,24,판계,1,2025-04-16 17:58:00,2025-04-16 18:31:00,33.0,,공통
b150_sub_heavy_r1,MSF,135,BLK_135P,24,전면SAW,2,2025-04-17 08:15:03,2025-04-17 10:02:22,107.3,,공통
b150_sub_heavy_r1,MSF,135,BLK_135P,24,TurnOver,3,2025-04-17 10:02:22,2025-04-17 10:14:22,12.0,,공통
b150_sub_heavy_r1,MSF,135,BLK_135P,24,후면SAW,4,2025-04-17 10:14:22,2025-04-17 11:39:58,85.6,,공통
b150_sub_heavy_r1,MSF,135,BLK_135P,24,NC,5,2025-04-17 11:39:58,2025-04-17 12:22:42,42.7,,공통
b150_sub_heavy_r1,MSF,135,BLK_135P,24,베이35A 론지취부,6,2025-04-17 12:22:42,2025-04-17 13:28:42,66.0,35A,베이35A
b150_sub_heavy_r1,MSF,135,BLK_135P,24,베이35A 론지용접,7,2025-04-17 13:28:42,2025-04-17 13:51:18,22.6,35A,베이35A
b150_sub_heavy_r1,MSF,135,BLK_135P,24,베이35A 수정,8,2025-04-17 13:51:18,2025-04-17 14:31:30,40.2,35A,베이35A
b150_sub_heavy_r1,MSF,76,BLK_76S,25,판계,1,2025-04-16 18:31:00,2025-04-16 18:56:00,25.0,,공통
b150_sub_heavy_r1,MSF,76,BLK_76S,25,전면SAW,2,2025-04-17 10:02:22,2025-04-17 10:38:25,36.0,,공통
b150_sub_heavy_r1,MSF,76,BLK_76S,25,TurnOver,3,2025-04-17 10:38:25,2025-04-17 10:50:25,12.0,,공통
b150_sub_heavy_r1,MSF,76,BLK_76S,25,후면SAW,4,2025-04-17 11:39:58,2025-04-17 12:06:18,26.3,,공통
b150_sub_heavy_r1,MSF,76,BLK_76S,25,NC,5,2025-04-17 12:22:42,2025-04-17 12:59:01,36.3,,공통
b150_sub_heavy_r1,MSF,76,BLK_76S,25,베이36B 론지취부,6,2025-04-17 12:59:01,2025-04-17 14:05:01,66.0,36B,베이36B
b150_sub_heavy_r1,MSF,76,BLK_76S,25,베이36B 론지용접,7,2025-04-17 14:05:01,2025-04-17 14:27:37,22.6,36B,베이36B
b150_sub_heavy_r1,MSF,76,BLK_76S,25,베이36B 수정,8,2025-04-17 14:27:37,2025-04-17 15:07:49,40.2,36B,베이36B
b150_sub_heavy_r1,MSF,87,BLK_87C,26,판계,1,2025-04-16 18:56:00,2025-04-16 19:21:00,25.0,,공통
b150_sub_heavy_r1,MSF,87,BLK_87C,26,전면SAW,2,2025-04-17 10:38:25,2025-04-17 11:10:16,31.9,,공통
b150_sub_heavy_r1,MSF,87,BLK_87C,26,TurnOver,3,2025-04-17 11:10:16,2025-04-17 11:22:16,12.0,,공통
b150_sub_heavy_r1,MSF,87,BLK_87C,26,후면SAW,4,2025-04-17 12:06:18,2025-04-17 12:27:06,20.8,,공통
b150_sub_heavy_r1,MSF,87,BLK_87C,26,NC,5,2025-04-17 12:59:01,2025-04-17 13:31:27,32.4,,공통
b150_sub_heavy_r1,MSF,87,BLK_87C,26,베이35A 론지취부,6,2025-04-17 13:31:27,2025-04-17 13:55:27,24.0,35A,베이35A
b150_sub_heavy_r1,MSF,87,BLK_87C,26,베이35A 론지용접,7,2025-04-17 13:55:27,2025-04-17 14:10:51,15.4,35A,베이35A
b150_sub_heavy_r1,MSF,87,BLK_87C,26,베이35A 수정,8,2025-04-17 14:31:30,2025-04-17 14:45:18,13.8,35A,베이35A
b150_sub_heavy_r1,MSF,77,BLK_77S,1,판계,1,2025-04-17 08:00:00,2025-04-17 08:40:00,40.0,,공통
b150_sub_heavy_r1,MSF,77,BLK_77S,1,전면SAW,2,2025-04-17 11:10:16,2025-04-17 13:29:19,139.0,,공통
b150_sub_heavy_r1,MSF,77,BLK_77S,1,TurnOver,3,2025-04-17 13:29:19,2025-04-17 13:41:19,12.0,,공통
b150_sub_heavy_r1,MSF,77,BLK_77S,1,후면SAW,4,2025-04-17 13:41:19,2025-04-17 15:22:40,101.3,,공통
b150_sub_heavy_r1,MSF,77,BLK_77S,1,NC,5,2025-04-17 15:22:40,2025-04-17 16:05:19,42.6,,공통
b150_sub_heavy_r1,MSF,77,BLK_77S,1,베이36B 론지취부,6,2025-04-17 16:05:19,2025-04-17 16:39:49,34.5,36B,베이36B
b150_sub_heavy_r1,MSF,77,BLK_77S,1,베이36B 론지용접,7,2025-04-17 16:39:49,2025-04-17 16:57:01,17.2,36B,베이36B
b150_sub_heavy_r1,MSF,77,BLK_77S,1,베이36B 수정,8,2025-04-17 16:57:01,2025-04-17 17:17:25,20.4,36B,베이36B
b150_sub_heavy_r1,MSF,141,BLK_141C,2,판계,1,2025-04-17 08:40:00,2025-04-17 09:05:00,25.0,,공통
b150_sub_heavy_r1,MSF,141,BLK_141C,2,전면SAW,2,2025-04-17 13:29:19,2025-04-17 14:12:24,43.1,,공통
b150_sub_heavy_r1,MSF,141,BLK_141C,2,TurnOver,3,2025-04-17 14:12:24,2025-04-17 14:24:24,12.0,,공통
b150_sub_heavy_r1,MSF,141,BLK_141C,2,후면SAW,4,2025-04-17 15:22:40,2025-04-17 15:58:13,35.6,,공통
b150_sub_heavy_r1,MSF,141,BLK_141C,2,NC,5,2025-04-17 16:05:19,2025-04-17 16:41:19,36.0,,공통
b150_sub_heavy_r1,MSF,141,BLK_141C,2,베이35A 론지취부,6,2025-04-17 16:41:19,2025-04-17 17:33:19,52.0,35A,베이35A
b150_sub_heavy_r1,MSF,141,BLK_141C,2,베이35A 론지용접,7,2025-04-17 17:33:19,2025-04-17 17:53:31,20.2,35A,베이35A
b150_sub_heavy_r1,MSF,141,BLK_141C,2,베이35A 수정,8,2025-04-17 17:53:31,2025-04-17 18:24:55,31.4,35A,베이35A
b150_sub_heavy_r1,MSF,80,BLK_80C,3,판계,1,2025-04-17 09:05:00,2025-04-17 09:38:00,33.0,,공통
b150_sub_heavy_r1,MSF,80,BLK_80C,3,전면SAW,2,2025-04-17 14:12:24,2025-04-17 15:38:21,86.0,,공통
b150_sub_heavy_r1,MSF,80,BLK_80C,3,TurnOver,3,2025-04-17 15:38:21,2025-04-17 15:50:21,12.0,,공통
b150_sub_heavy_r1,MSF,80,BLK_80C,3,후면SAW,4,2025-04-17 15:58:13,2025-04-17 17:04:21,66.1,,공통
b150_sub_heavy_r1,MSF,80,BLK_80C,3,NC,5,2025-04-17 17:04:21,2025-04-17 17:45:08,40.8,,공통
b150_sub_heavy_r1,MSF,80,BLK_80C,3,베이36B 론지취부,6,2025-04-17 17:45:08,2025-04-17 18:51:08,66.0,36B,베이36B
b150_sub_heavy_r1,MSF,80,BLK_80C,3,베이36B 론지용접,7,2025-04-17 18:51:08,2025-04-17 19:13:44,22.6,36B,베이36B
b150_sub_heavy_r1,MSF,80,BLK_80C,3,베이36B 수정,8,2025-04-17 19:13:44,2025-04-17 19:53:56,40.2,36B,베이36B
b150_sub_heavy_r1,MSF,96,BLK_96P,4,판계,1,2025-04-17 09:38:00,2025-04-17 10:03:00,25.0,,공통
b150_sub_heavy_r1,MSF,96,BLK_96P,4,전면SAW,2,2025-04-17 15:38:21,2025-04-17 16:11:30,33.1,,공통
b150_sub_heavy_r1,MSF,96,BLK_96P,4,TurnOver,3,2025-04-17 16:11:30,2025-04-17 16:23:30,12.0,,공통
b150_sub_heavy_r1,MSF,96,BLK_96P,4,후면SAW,4,2025-04-17 17:04:21,2025-04-17 17:26:51,22.5,,공통
b150_sub_heavy_r1,MSF,96,BLK_96P,4,NC,5,2025-04-17 17:45:08,2025-04-17 18:24:51,39.7,,공통
b150_sub_heavy_r1,MSF,96,BLK_96P,4,베이35A 론지취부,6,2025-04-17 18:24:51,2025-04-17 19:44:51,80.0,35A,베이35A
b150_sub_heavy_r1,MSF,96,BLK_96P,4,베이35A 론지용접,7,2025-04-17 19:44:51,2025-04-17 20:09:51,25.0,35A,베이35A
b150_sub_heavy_r1,MSF,96,BLK_96P,4,베이35A 수정,8,2025-04-17 20:09:51,2025-04-17 20:58:51,49.0,35A,베이35A
b150_sub_heavy_r1,MSF,120,BLK_120S,5,판계,1,2025-04-17 10:03:00,2025-04-17 10:36:00,33.0,,공통
b150_sub_heavy_r1,MSF,120,BLK_120S,5,전면SAW,2,2025-04-17 16:11:30,2025-04-17 18:11:21,119.8,,공통
b150_sub_heavy_r1,MSF,120,BLK_120S,5,TurnOver,3,2025-04-17 18:11:21,2025-04-17 18:23:21,12.0,,공통
b150_sub_heavy_r1,MSF,120,BLK_120S,5,후면SAW,4,2025-04-17 18:23:21,2025-04-17 20:00:23,97.0,,공통
b150_sub_heavy_r1,MSF,120,BLK_120S,5,NC,5,2025-04-17 20:00:23,2025-04-17 20:42:45,42.4,,공통
b150_sub_heavy_r1,MSF,120,BLK_120S,5,베이36B 론지취부,6,2025-04-17 20:42:45,2025-04-17 21:52:15,69.5,36B,베이36B
b150_sub_heavy_r1,MSF,120,BLK_120S,5,베이36B 론지용접,7,2025-04-17 21:52:15,2025-04-17 22:15:27,23.2,36B,베이36B
b150_sub_heavy_r1,MSF,120,BLK_120S,5,베이36B 수정,8,2025-04-17 22:15:27,2025-04-17 22:57:51,42.4,36B,베이36B
b150_sub_heavy_r1,MSF,117,BLK_117C,6,판계,1,2025-04-17 10:36:00,2025-04-17 11:01:00,25.0,,공통
b150_sub_heavy_r1,MSF,117,BLK_117C,6,전면SAW,2,2025-04-17 18:11:21,2025-04-17 18:45:46,34.4,,공통
b150_sub_heavy_r1,MSF,117,BLK_117C,6,TurnOver,3,2025-04-17 18:45:46,2025-04-17 18:57:46,12.0,,공통
b150_sub_heavy_r1,MSF,117,BLK_117C,6,후면SAW,4,2025-04-17 20:00:23,2025-04-17 20:24:33,24.2,,공통
b150_sub_heavy_r1,MSF,117,BLK_117C,6,NC,5,2025-04-17 20:42:45,2025-04-17 21:16:14,33.5,,공통
b150_sub_heavy_r1,MSF,117,BLK_117C,6,베이35A 론지취부,6,2025-04-17 21:16:14,2025-04-17 21:50:44,34.5,35A,베이35A
b150_sub_heavy_r1,MSF,117,BLK_117C,6,베이35A 론지용접,7,2025-04-17 21:50:44,2025-04-17 22:07:56,17.2,35A,베이35A
b150_sub_heavy_r1,MSF,117,BLK_117C,6,베이35A 수정,8,2025-04-17 22:07:56,2025-04-17 22:28:20,20.4,35A,베이35A
b150_sub_heavy_r1,MSF,29,BLK_29S,7,판계,1,2025-04-17 11:01:00,2025-04-17 11:31:00,30.0,,공통
b150_sub_heavy_r1,MSF,29,BLK_29S,7,전면SAW,2,2025-04-17 18:45:46,2025-04-17 19:15:25,29.6,,공통
b150_sub_heavy_r1,MSF,29,BLK_29S,7,TurnOver,3,2025-04-17 19:15:25,2025-04-17 19:27:25,12.0,,공통
b150_sub_heavy_r1,MSF,29,BLK_29S,7,후면SAW,4,2025-04-17 20:24:33,2025-04-17 20:42:25,17.9,,공통
b150_sub_heavy_r1,MSF,29,BLK_29S,7,NC,5,2025-04-17 21:16:14,2025-04-17 21:57:29,41.2,,공통
b150_sub_heavy_r1,MSF,29,BLK_29S,7,베이36B 론지취부,6,2025-04-17 21:57:29,2025-04-17 22:45:59,48.5,36B,베이36B
b150_sub_heavy_r1,MSF,29,BLK_29S,7,베이36B 론지용접,7,2025-04-17 22:45:59,2025-04-17 23:05:35,19.6,36B,베이36B
b150_sub_heavy_r1,MSF,29,BLK_29S,7,베이36B 수정,8,2025-04-17 23:05:35,2025-04-17 23:34:47,29.2,36B,베이36B
b150_sub_heavy_r1,MSF,56,BLK_56C,8,판계,1,2025-04-17 11:31:00,2025-04-17 11:56:00,25.0,,공통
b150_sub_heavy_r1,MSF,56,BLK_56C,8,전면SAW,2,2025-04-17 19:15:25,2025-04-17 19:47:03,31.6,,공통
b150_sub_heavy_r1,MSF,56,BLK_56C,8,TurnOver,3,2025-04-17 19:47:03,2025-04-17 19:59:03,12.0,,공통
b150_sub_heavy_r1,MSF,56,BLK_56C,8,후면SAW,4,2025-04-17 20:42:25,2025-04-17 21:02:56,20.5,,공통
b150_sub_heavy_r1,MSF,56,BLK_56C,8,NC,5,2025-04-17 21:57:29,2025-04-17 22:32:11,34.7,,공통
b150_sub_heavy_r1,MSF,56,BLK_56C,8,베이35A 론지취부,6,2025-04-17 22:32:11,2025-04-17 23:34:41,62.5,35A,베이35A
b150_sub_heavy_r1,MSF,56,BLK_56C,8,베이35A 론지용접,7,2025-04-17 23:34:41,2025-04-17 23:56:41,22.0,35A,베이35A
b150_sub_heavy_r1,MSF,56,BLK_56C,8,베이35A 수정,8,2025-04-17 23:56:41,2025-04-18 00:34:41,38.0,35A,베이35A
b150_sub_heavy_r1,MSF,43,BLK_43S,9,판계,1,2025-04-17 11:56:00,2025-04-17 12:26:00,30.0,,공통
b150_sub_heavy_r1,MSF,43,BLK_43S,9,전면SAW,2,2025-04-17 19:47:03,2025-04-17 20:23:33,36.5,,공통
b150_sub_heavy_r1,MSF,43,BLK_43S,9,TurnOver,3,2025-04-17 20:23:33,2025-04-17 20:35:33,12.0,,공통
b150_sub_heavy_r1,MSF,43,BLK_43S,9,후면SAW,4,2025-04-17 21:02:56,2025-04-17 21:29:49,26.9,,공통
b150_sub_heavy_r1,MSF,43,BLK_43S,9,NC,5,2025-04-17 22:32:11,2025-04-17 23:13:56,41.8,,공통
b150_sub_heavy_r1,MSF,43,BLK_43S,9,베이36B 론지취부,6,2025-04-17 23:13:56,2025-04-18 00:09:26,55.5,36B,베이36B
b150_sub_heavy_r1,MSF,43,BLK_43S,9,베이36B 론지용접,7,2025-04-18 00:09:26,2025-04-18 00:30:14,20.8,36B,베이36B
b150_sub_heavy_r1,MSF,43,BLK_43S,9,베이36B 수정,8,2025-04-18 00:30:14,2025-04-18 01:03:50,33.6,36B,베이36B
b150_sub_heavy_r1,MSF,45,BLK_45C,10,판계,1,2025-04-17 12:26:00,2025-04-17 12:56:00,30.0,,공통
b150_sub_heavy_r1,MSF,45,BLK_45C,10,전면SAW,2,2025-04-17 20:23:33,2025-04-17 20:56:15,32.7,,공통
b150_sub_heavy_r1,MSF,45,BLK_45C,10,TurnOver,3,2025-04-17 20:56:15,2025-04-17 21:08:15,12.0,,공통
b150_sub_heavy_r1,MSF,45,BLK_45C,10,후면SAW,4,2025-04-17 21:29:49,2025-04-17 21:51:45,21.9,,공통
b150_sub_heavy_r1,MSF,45,BLK_45C,10,NC,5,2025-04-17 23:13:56,2025-04-17 23:57:14,43.3,,공통
b150_sub_heavy_r1,MSF,45,BLK_45C,10,베이35A 론지취부,6,2025-04-17 23:57:14,2025-04-18 01:13:44,76.5,35A,베이35A
b150_sub_heavy_r1,MSF,45,BLK_45C,10,베이35A 론지용접,7,2025-04-18 01:13:44,2025-04-18 01:38:08,24.4,35A,베이35A
b150_sub_heavy_r1,MSF,45,BLK_45C,10,베이35A 수정,8,2025-04-18 01:38:08,2025-04-18 02:24:56,46.8,35A,베이35A
b150_sub_heavy_r1,MSF,49,BLK_49S,11,판계,1,2025-04-17 12:56:00,2025-04-17 13:26:00,30.0,,공통
b150_sub_heavy_r1,MSF,49,BLK_49S,11,전면SAW,2,2025-04-17 20:56:15,2025-04-17 21:29:00,32.8,,공통
b150_sub_heavy_r1,MSF,49,BLK_49S,11,TurnOver,3,2025-04-17 21:29:00,2025-04-17 21:41:00,12.0,,공통
b150_sub_heavy_r1,MSF,49,BLK_49S,11,후면SAW,4,2025-04-17 21:51:45,2025-04-17 22:13:43,22.0,,공통
b150_sub_heavy_r1,MSF,49,BLK_49S,11,NC,5,2025-04-17 23:57:14,2025-04-18 00:42:20,45.1,,공통
b150_sub_heavy_r1,MSF,49,BLK_49S,11,베이36B 론지취부,6,2025-04-18 00:42:20,2025-04-18 02:16:20,94.0,36B,베이36B
b150_sub_heavy_r1,MSF,49,BLK_49S,11,베이36B 론지용접,7,2025-04-18 02:16:20,2025-04-18 02:43:44,27.4,36B,베이36B
b150_sub_heavy_r1,MSF,49,BLK_49S,11,베이36B 수정,8,2025-04-18 02:43:44,2025-04-18 03:41:32,57.8,36B,베이36B
b150_sub_heavy_r1,MSF,50,BLK_50S,12,판계,1,2025-04-17 13:26:00,2025-04-17 13:56:00,30.0,,공통
b150_sub_heavy_r1,MSF,50,BLK_50S,12,전면SAW,2,2025-04-17 21:29:00,2025-04-17 22:02:06,33.1,,공통
b150_sub_heavy_r1,MSF,50,BLK_50S,12,TurnOver,3,2025-04-17 22:02:06,2025-04-17 22:14:06,12.0,,공통
b150_sub_heavy_r1,MSF,50,BLK_50S,12,후면SAW,4,2025-04-17 22:14:06,2025-04-17 22:36:30,22.4,,공통
b150_sub_heavy_r1,MSF,50,BLK_50S,12,NC,5,2025-04-18 00:42:20,2025-04-18 01:27:00,44.7,,공통
b150_sub_heavy_r1,MSF,50,BLK_50S,12,베이35A 론지취부,6,2025-04-18 01:27:00,2025-04-18 02:36:30,69.5,35A,베이35A
b150_sub_heavy_r1,MSF,50,BLK_50S,12,베이35A 론지용접,7,2025-04-18 02:36:30,2025-04-18 02:59:42,23.2,35A,베이35A
b150_sub_heavy_r1,MSF,50,BLK_50S,12,베이35A 수정,8,2025-04-18 02:59:42,2025-04-18 03:42:06,42.4,35A,베이35A
b150_sub_heavy_r1,MSF,54,BLK_54P,13,판계,1,2025-04-17 13:56:00,2025-04-17 14:26:00,30.0,,공통
b150_sub_heavy_r1,MSF,54,BLK_54P,13,전면SAW,2,2025-04-17 22:02:06,2025-04-17 22:34:09,32.0,,공통
b150_sub_heavy_r1,MSF,54,BLK_54P,13,TurnOver,3,2025-04-17 22:34:09,2025-04-17 22:46:09,12.0,,공통
b150_sub_heavy_r1,MSF,54,BLK_54P,13,후면SAW,4,2025-04-17 22:46:09,2025-04-17 23:07:12,21.1,,공통
b150_sub_heavy_r1,MSF,54,BLK_54P,13,NC,5,2025-04-18 01:27:00,2025-04-18 02:08:19,41.3,,공통
b150_sub_heavy_r1,MSF,54,BLK_54P,13,베이36B 론지취부,6,2025-04-18 02:16:20,2025-04-18 03:11:50,55.5,36B,베이36B
b150_sub_heavy_r1,MSF,54,BLK_54P,13,베이36B 론지용접,7,2025-04-18 03:11:50,2025-04-18 03:32:38,20.8,36B,베이36B
b150_sub_heavy_r1,MSF,54,BLK_54P,13,베이36B 수정,8,2025-04-18 03:41:32,2025-04-18 04:15:08,33.6,36B,베이36B
b150_sub_heavy_r1,MSF,62,BLK_62C,14,판계,1,2025-04-17 14:26:00,2025-04-17 14:56:00,30.0,,공통
b150_sub_heavy_r1,MSF,62,BLK_62C,14,전면SAW,2,2025-04-17 22:34:09,2025-04-17 23:03:27,29.3,,공통
b150_sub_heavy_r1,MSF,62,BLK_62C,14,TurnOver,3,2025-04-17 23:03:27,2025-04-17 23:15:27,12.0,,공통
b150_sub_heavy_r1,MSF,62,BLK_62C,14,후면SAW,4,2025-04-17 23:15:27,2025-04-17 23:32:52,17.4,,공통
b150_sub_heavy_r1,MSF,62,BLK_62C,14,NC,5,2025-04-18 02:08:19,2025-04-18 02:53:04,44.8,,공통
b150_sub_heavy_r1,MSF,62,BLK_62C,14,베이35A 론지취부,6,2025-04-18 02:53:04,2025-04-18 03:45:04,52.0,35A,베이35A
b150_sub_heavy_r1,MSF,62,BLK_62C,14,베이35A 론지용접,7,2025-04-18 03:45:04,2025-04-18 04:05:16,20.2,35A,베이35A
b150_sub_heavy_r1,MSF,62,BLK_62C,14,베이35A 수정,8,2025-04-18 04:05:16,2025-04-18 04:36:40,31.4,35A,베이35A
b150_sub_heavy_r1,MSF,72,BLK_72P,15,판계,1,2025-04-17 14:56:00,2025-04-17 15:26:00,30.0,,공통
b150_sub_heavy_r1,MSF,72,BLK_72P,15,전면SAW,2,2025-04-17 23:03:27,2025-04-17 23:33:56,30.5,,공통
b150_sub_heavy_r1,MSF,72,BLK_72P,15,TurnOver,3,2025-04-17 23:33:56,2025-04-17 23:45:56,12.0,,공통
b150_sub_heavy_r1,MSF,72,BLK_72P,15,후면SAW,4,2025-04-17 23:45:56,2025-04-18 00:04:56,19.0,,공통
b150_sub_heavy_r1,MSF,72,BLK_72P,15,NC,5,2025-04-18 02:53:04,2025-04-18 03:33:03,40.0,,공통
b150_sub_heavy_r1,MSF,72,BLK_72P,15,베이36B 론지취부,6,2025-04-18 03:33:03,2025-04-18 04:32:03,59.0,36B,베이36B
b150_sub_heavy_r1,MSF,72,BLK_72P,15,베이36B 론지용접,7,2025-04-18 04:32:03,2025-04-18 04:53:27,21.4,36B,베이36B
b150_sub_heavy_r1,MSF,72,BLK_72P,15,베이36B 수정,8,2025-04-18 04:53:27,2025-04-18 05:29:15,35.8,36B,베이36B
b150_sub_heavy_r1,MSF,73,BLK_73P,16,판계,1,2025-04-17 15:26:00,2025-04-17 15:56:00,30.0,,공통
b150_sub_heavy_r1,MSF,73,BLK_73P,16,전면SAW,2,2025-04-17 23:33:56,2025-04-18 00:04:28,30.5,,공통
b150_sub_heavy_r1,MSF,73,BLK_73P,16,TurnOver,3,2025-04-18 00:04:28,2025-04-18 00:16:28,12.0,,공통
b150_sub_heavy_r1,MSF,73,BLK_73P,16,후면SAW,4,2025-04-18 00:16:28,2025-04-18 00:35:31,19.1,,공통
b150_sub_heavy_r1,MSF,73,BLK_73P,16,NC,5,2025-04-18 03:33:03,2025-04-18 04:14:15,41.2,,공통
b150_sub_heavy_r1,MSF,73,BLK_73P,16,베이35A 론지취부,6,2025-04-18 04:14:15,2025-04-18 05:16:45,62.5,35A,베이35A
b150_sub_heavy_r1,MSF,73,BLK_73P,16,베이35A 론지용접,7,2025-04-18 05:16:45,2025-04-18 05:38:45,22.0,35A,베이35A
b150_sub_heavy_r1,MSF,73,BLK_73P,16,베이35A 수정,8,2025-04-18 05:38:45,2025-04-18 06:16:45,38.0,35A,베이35A
b150_sub_heavy_r1,MSF,74,BLK_74S,17,판계,1,2025-04-17 15:56:00,2025-04-17 16:26:00,30.0,,공통
b150_sub_heavy_r1,MSF,74,BLK_74S,17,전면SAW,2,2025-04-18 00:04:28,2025-04-18 00:38:06,33.6,,공통
b150_sub_heavy_r1,MSF,74,BLK_74S,17,TurnOver,3,2025-04-18 00:38:06,2025-04-18 00:50:06,12.0,,공통
b150_sub_heavy_r1,MSF,74,BLK_74S,17,후면SAW,4,2025-04-18 00:50:06,2025-04-18 01:13:13,23.1,,공통
b150_sub_heavy_r1,MSF,74,BLK_74S,17,NC,5,2025-04-18 04:14:15,2025-04-18 04:56:06,41.9,,공통
b150_sub_heavy_r1,MSF,74,BLK_74S,17,베이36B 론지취부,6,2025-04-18 04:56:06,2025-04-18 05:51:36,55.5,36B,베이36B
b150_sub_heavy_r1,MSF,74,BLK_74S,17,베이36B 론지용접,7,2025-04-18 05:51:36,2025-04-18 06:12:24,20.8,36B,베이36B
b150_sub_heavy_r1,MSF,74,BLK_74S,17,베이36B 수정,8,2025-04-18 06:12:24,2025-04-18 06:46:00,33.6,36B,베이36B
b150_sub_heavy_r1,MSF,75,BLK_75C,18,판계,1,2025-04-17 16:26:00,2025-04-17 17:04:00,38.0,,공통
b150_sub_heavy_r1,MSF,75,BLK_75C,18,전면SAW,2,2025-04-18 00:38:06,2025-04-18 02:39:31,121.4,,공통
b150_sub_heavy_r1,MSF,75,BLK_75C,18,TurnOver,3,2025-04-18 02:39:31,2025-04-18 02:51:31,12.0,,공통
b150_sub_heavy_r1,MSF,75,BLK_75C,18,후면SAW,4,2025-04-18 02:51:31,2025-04-18 04:29:58,98.5,,공통
b150_sub_heavy_r1,MSF,75,BLK_75C,18,NC,5,2025-04-18 04:56:06,2025-04-18 05:45:59,49.9,,공통
b150_sub_heavy_r1,MSF,75,BLK_75C,18,베이35A 론지취부,6,2025-04-18 05:45:59,2025-04-18 06:55:29,69.5,35A,베이35A
b150_sub_heavy_r1,MSF,75,BLK_75C,18,베이35A 론지용접,7,2025-04-18 06:55:29,2025-04-18 07:18:41,23.2,35A,베이35A
b150_sub_heavy_r1,MSF,75,BLK_75C,18,베이35A 수정,8,2025-04-18 07:18:41,2025-04-18 08:01:05,42.4,35A,베이35A
b150_sub_heavy_r1,MSF,81,BLK_81S,19,판계,1,2025-04-17 17:04:00,2025-04-17 17:34:00,30.0,,공통
b150_sub_heavy_r1,MSF,81,BLK_81S,19,전면SAW,2,2025-04-18 02:39:31,2025-04-18 03:10:30,31.0,,공통
b150_sub_heavy_r1,MSF,81,BLK_81S,19,TurnOver,3,2025-04-18 03:10:30,2025-04-18 03:22:30,12.0,,공통
b150_sub_heavy_r1,MSF,81,BLK_81S,19,후면SAW,4,2025-04-18 04:29:58,2025-04-18 04:49:37,19.6,,공통
b150_sub_heavy_r1,MSF,81,BLK_81S,19,NC,5,2025-04-18 05:45:59,2025-04-18 06:28:31,42.5,,공통
b150_sub_heavy_r1,MSF,81,BLK_81S,19,베이36B 론지취부,6,2025-04-18 06:28:31,2025-04-18 07:52:01,83.5,36B,베이36B
b150_sub_heavy_r1,MSF,81,BLK_81S,19,베이36B 론지용접,7,2025-04-18 07:52:01,2025-04-18 08:17:37,25.6,36B,베이36B
b150_sub_heavy_r1,MSF,81,BLK_81S,19,베이36B 수정,8,2025-04-18 08:17:37,2025-04-18 09:08:49,51.2,36B,베이36B
b150_sub_heavy_r1,MSF,113,BLK_113S,1,판계,1,2025-04-18 08:00:00,2025-04-18 08:30:00,30.0,,공통
b150_sub_heavy_r1,MSF,113,BLK_113S,1,전면SAW,2,2025-04-18 08:30:00,2025-04-18 09:01:22,31.4,,공통
b150_sub_heavy_r1,MSF,113,BLK_113S,1,TurnOver,3,2025-04-18 09:01:22,2025-04-18 09:13:22,12.0,,공통
b150_sub_heavy_r1,MSF,113,BLK_113S,1,후면SAW,4,2025-04-18 09:13:22,2025-04-18 09:33:31,20.1,,공통
b150_sub_heavy_r1,MSF,113,BLK_113S,1,NC,5,2025-04-18 09:33:31,2025-04-18 10:15:52,42.4,,공통
b150_sub_heavy_r1,MSF,113,BLK_113S,1,베이35A 론지취부,6,2025-04-18 10:15:52,2025-04-18 11:21:52,66.0,35A,베이35A
b150_sub_heavy_r1,MSF,113,BLK_113S,1,베이35A 론지용접,7,2025-04-18 11:21:52,2025-04-18 11:44:28,22.6,35A,베이35A
b150_sub_heavy_r1,MSF,113,BLK_113S,1,베이35A 수정,8,2025-04-18 11:44:28,2025-04-18 12:24:40,40.2,35A,베이35A
b150_sub_heavy_r1,MSF,123,BLK_123C,2,판계,1,2025-04-18 08:30:00,2025-04-18 09:08:00,38.0,,공통
b150_sub_heavy_r1,MSF,123,BLK_123C,2,전면SAW,2,2025-04-18 09:08:00,2025-04-18 10:48:01,100.0,,공통
b150_sub_heavy_r1,MSF,123,BLK_123C,2,TurnOver,3,2025-04-18 10:48:01,2025-04-18 11:00:01,12.0,,공통
b150_sub_heavy_r1,MSF,123,BLK_123C,2,후면SAW,4,2025-04-18 11:00:01,2025-04-18 12:18:59,79.0,,공통
b150_sub_heavy_r1,MSF,123,BLK_123C,2,NC,5,2025-04-18 12:18:59,2025-04-18 13:07:02,48.0,,공통
b150_sub_heavy_r1,MSF,123,BLK_123C,2,베이36B 론지취부,6,2025-04-18 13:07:02,2025-04-18 13:59:02,52.0,36B,베이36B
b150_sub_heavy_r1,MSF,123,BLK_123C,2,베이36B 론지용접,7,2025-04-18 13:59:02,2025-04-18 14:19:14,20.2,36B,베이36B
b150_sub_heavy_r1,MSF,123,BLK_123C,2,베이36B 수정,8,2025-04-18 14:19:14,2025-04-18 14:50:38,31.4,36B,베이36B
b150_sub_heavy_r1,MSF,84,BLK_84S,3,판계,1,2025-04-18 09:08:00,2025-04-18 09:38:00,30.0,,공통
b150_sub_heavy_r1,MSF,84,BLK_84S,3,전면SAW,2,2025-04-18 10:48:01,2025-04-18 11:19:08,31.1,,공통
b150_sub_heavy_r1,MSF,84,BLK_84S,3,TurnOver,3,2025-04-18 11:19:08,2025-04-18 11:31:08,12.0,,공통
b150_sub_heavy_r1,MSF,84,BLK_84S,3,후면SAW,4,2025-04-18 12:18:59,2025-04-18 12:38:48,19.8,,공통
b150_sub_heavy_r1,MSF,84,BLK_84S,3,NC,5,2025-04-18 13:07:02,2025-04-18 13:48:51,41.8,,공통
b150_sub_heavy_r1,MSF,84,BLK_84S,3,베이35A 론지취부,6,2025-04-18 13:48:51,2025-04-18 14:51:21,62.5,35A,베이35A
b150_sub_heavy_r1,MSF,84,BLK_84S,3,베이35A 론지용접,7,2025-04-18 14:51:21,2025-04-18 15:13:21,22.0,35A,베이35A
b150_sub_heavy_r1,MSF,84,BLK_84S,3,베이35A 수정,8,2025-04-18 15:13:21,2025-04-18 15:51:21,38.0,35A,베이35A
b150_sub_heavy_r1,MSF,130,BLK_130S,4,판계,1,2025-04-18 09:38:00,2025-04-18 10:35:00,57.0,,공통
b150_sub_heavy_r1,MSF,130,BLK_130S,4,전면SAW,2,2025-04-18 11:19:08,2025-04-18 14:29:08,190.0,,공통
b150_sub_heavy_r1,MSF,130,BLK_130S,4,TurnOver,3,2025-04-18 14:29:08,2025-04-18 14:41:08,12.0,,공통
b150_sub_heavy_r1,MSF,130,BLK_130S,4,후면SAW,4,2025-04-18 14:41:08,2025-04-18 17:10:48,149.7,,공통
b150_sub_heavy_r1,MSF,130,BLK_130S,4,NC,5,2025-04-18 17:10:48,2025-04-18 18:15:04,64.3,,공통
b150_sub_heavy_r1,MSF,130,BLK_130S,4,베이36B 론지취부,6,2025-04-18 18:15:04,2025-04-18 19:10:34,55.5,36B,베이36B
b150_sub_heavy_r1,MSF,130,BLK_130S,4,베이36B 론지용접,7,2025-04-18 19:10:34,2025-04-18 19:31:22,20.8,36B,베이36B
b150_sub_heavy_r1,MSF,130,BLK_130S,4,베이36B 수정,8,2025-04-18 19:31:22,2025-04-18 20:04:58,33.6,36B,베이36B
b150_sub_heavy_r1,MSF,137,BLK_137S,5,판계,1,2025-04-18 10:35:00,2025-04-18 11:05:00,30.0,,공통
b150_sub_heavy_r1,MSF,137,BLK_137S,5,전면SAW,2,2025-04-18 14:29:08,2025-04-18 15:03:21,34.2,,공통
b150_sub_heavy_r1,MSF,137,BLK_137S,5,TurnOver,3,2025-04-18 15:03:21,2025-04-18 15:15:21,12.0,,공통
b150_sub_heavy_r1,MSF,137,BLK_137S,5,후면SAW,4,2025-04-18 17:10:48,2025-04-18 17:34:42,23.9,,공통
b150_sub_heavy_r1,MSF,137,BLK_137S,5,NC,5,2025-04-18 18:15:04,2025-04-18 18:57:52,42.8,,공통
b150_sub_heavy_r1,MSF,137,BLK_137S,5,베이35A 론지취부,6,2025-04-18 18:57:52,2025-04-18 19:56:52,59.0,35A,베이35A
b150_sub_heavy_r1,MSF,137,BLK_137S,5,베이35A 론지용접,7,2025-04-18 19:56:52,2025-04-18 20:18:16,21.4,35A,베이35A
b150_sub_heavy_r1,MSF,137,BLK_137S,5,베이35A 수정,8,2025-04-18 20:18:16,2025-04-18 20:54:04,35.8,35A,베이35A
b150_sub_heavy_r1,MSF,94,BLK_94S,6,판계,1,2025-04-18 11:05:00,2025-04-18 11:50:00,45.0,,공통
b150_sub_heavy_r1,MSF,94,BLK_94S,6,전면SAW,2,2025-04-18 15:03:21,2025-04-18 17:41:27,158.1,,공통
b150_sub_heavy_r1,MSF,94,BLK_94S,6,TurnOver,3,2025-04-18 17:41:27,2025-04-18 17:53:27,12.0,,공통
b150_sub_heavy_r1,MSF,94,BLK_94S,6,후면SAW,4,2025-04-18 17:53:27,2025-04-18 19:50:02,116.6,,공통
b150_sub_heavy_r1,MSF,94,BLK_94S,6,NC,5,2025-04-18 19:50:02,2025-04-18 20:43:49,53.8,,공통
b150_sub_heavy_r1,MSF,94,BLK_94S,6,베이36B 론지취부,6,2025-04-18 20:43:49,2025-04-18 22:00:19,76.5,36B,베이36B
b150_sub_heavy_r1,MSF,94,BLK_94S,6,베이36B 론지용접,7,2025-04-18 22:00:19,2025-04-18 22:24:43,24.4,36B,베이36B
b150_sub_heavy_r1,MSF,94,BLK_94S,6,베이36B 수정,8,2025-04-18 22:24:43,2025-04-18 23:11:31,46.8,36B,베이36B
b150_sub_heavy_r1,MSF,115,BLK_115C,7,판계,1,2025-04-18 11:50:00,2025-04-18 12:20:00,30.0,,공통
b150_sub_heavy_r1,MSF,115,BLK_115C,7,전면SAW,2,2025-04-18 17:41:27,2025-04-18 18:15:27,34.0,,공통
b150_sub_heavy_r1,MSF,115,BLK_115C,7,TurnOver,3,2025-04-18 18:15:27,2025-04-18 18:27:27,12.0,,공통
b150_sub_heavy_r1,MSF,115,BLK_115C,7,후면SAW,4,2025-04-18 19:50:02,2025-04-18 20:13:40,23.6,,공통
b150_sub_heavy_r1,MSF,115,BLK_115C,7,NC,5,2025-04-18 20:43:49,2025-04-18 21:26:32,42.7,,공통
b150_sub_heavy_r1,MSF,115,BLK_115C,7,베이35A 론지취부,6,2025-04-18 21:26:32,2025-04-18 22:25:32,59.0,35A,베이35A
b150_sub_heavy_r1,MSF,115,BLK_115C,7,베이35A 론지용접,7,2025-04-18 22:25:32,2025-04-18 22:46:56,21.4,35A,베이35A
b150_sub_heavy_r1,MSF,115,BLK_115C,7,베이35A 수정,8,2025-04-18 22:46:56,2025-04-18 23:22:44,35.8,35A,베이35A
b150_sub_heavy_r1,MSF,127,BLK_127P,8,판계,1,2025-04-18 12:20:00,2025-04-18 12:58:00,38.0,,공통
b150_sub_heavy_r1,MSF,127,BLK_127P,8,전면SAW,2,2025-04-18 18:15:27,2025-04-18 19:45:06,89.6,,공통
b150_sub_heavy_r1,MSF,127,BLK_127P,8,TurnOver,3,2025-04-18 19:45:06,2025-04-18 19:57:06,12.0,,공통
b150_sub_heavy_r1,MSF,127,BLK_127P,8,후면SAW,4,2025-04-18 20:13:40,2025-04-18 21:23:09,69.5,,공통
b150_sub_heavy_r1,MSF,127,BLK_127P,8,NC,5,2025-04-18 21:26:32,2025-04-18 22:11:42,45.2,,공통
b150_sub_heavy_r1,MSF,127,BLK_127P,8,베이36B 론지취부,6,2025-04-18 22:11:42,2025-04-18 23:21:12,69.5,36B,베이36B
b150_sub_heavy_r1,MSF,127,BLK_127P,8,베이36B 론지용접,7,2025-04-18 23:21:12,2025-04-18 23:44:24,23.2,36B,베이36B
b150_sub_heavy_r1,MSF,127,BLK_127P,8,베이36B 수정,8,2025-04-18 23:44:24,2025-04-19 00:26:48,42.4,36B,베이36B
b150_sub_heavy_r1,MSF,125,BLK_125S,9,판계,1,2025-04-18 12:58:00,2025-04-18 13:28:00,30.0,,공통
b150_sub_heavy_r1,MSF,125,BLK_125S,9,전면SAW,2,2025-04-18 19:45:06,2025-04-18 20:14:00,28.9,,공통
b150_sub_heavy_r1,MSF,125,BLK_125S,9,TurnOver,3,2025-04-18 20:14:00,2025-04-18 20:26:00,12.0,,공통
b150_sub_heavy_r1,MSF,125,BLK_125S,9,후면SAW,4,2025-04-18 21:23:09,2025-04-18 21:40:04,16.9,,공통
b150_sub_heavy_r1,MSF,125,BLK_125S,9,NC,5,2025-04-18 22:11:42,2025-04-18 22:53:13,41.5,,공통
b150_sub_heavy_r1,MSF,125,BLK_125S,9,베이35A 론지취부,6,2025-04-18 22:53:13,2025-04-19 00:06:13,73.0,35A,베이35A
b150_sub_heavy_r1,MSF,125,BLK_125S,9,베이35A 론지용접,7,2025-04-19 00:06:13,2025-04-19 00:30:01,23.8,35A,베이35A
b150_sub_heavy_r1,MSF,125,BLK_125S,9,베이35A 수정,8,2025-04-19 00:30:01,2025-04-19 01:14:37,44.6,35A,베이35A
b150_sub_heavy_r1,MSF,111,BLK_111S,10,판계,1,2025-04-18 13:28:00,2025-04-18 14:06:00,38.0,,공통
b150_sub_heavy_r1,MSF,111,BLK_111S,10,전면SAW,2,2025-04-18 20:14:00,2025-04-18 21:43:44,89.7,,공통
b150_sub_heavy_r1,MSF,111,BLK_111S,10,TurnOver,3,2025-04-18 21:43:44,2025-04-18 21:55:44,12.0,,공통
b150_sub_heavy_r1,MSF,111,BLK_111S,10,후면SAW,4,2025-04-18 21:55:44,2025-04-18 23:05:18,69.6,,공통
b150_sub_heavy_r1,MSF,111,BLK_111S,10,NC,5,2025-04-18 23:05:18,2025-04-18 23:49:15,43.9,,공통
b150_sub_heavy_r1,MSF,111,BLK_111S,10,베이36B 론지취부,6,2025-04-18 23:49:15,2025-04-19 00:48:15,59.0,36B,베이36B
b150_sub_heavy_r1,MSF,111,BLK_111S,10,베이36B 론지용접,7,2025-04-19 00:48:15,2025-04-19 01:09:39,21.4,36B,베이36B
b150_sub_heavy_r1,MSF,111,BLK_111S,10,베이36B 수정,8,2025-04-19 01:09:39,2025-04-19 01:45:27,35.8,36B,베이36B
b150_sub_heavy_r1,MSF,126,BLK_126S,11,판계,1,2025-04-18 14:06:00,2025-04-18 14:36:00,30.0,,공통
b150_sub_heavy_r1,MSF,126,BLK_126S,11,전면SAW,2,2025-04-18 21:43:44,2025-04-18 22:15:12,31.5,,공통
b150_sub_heavy_r1,MSF,126,BLK_126S,11,TurnOver,3,2025-04-18 22:15:12,2025-04-18 22:27:12,12.0,,공통
b150_sub_heavy_r1,MSF,126,BLK_126S,11,후면SAW,4,2025-04-18 23:05:18,2025-04-18 23:25:34,20.3,,공통
b150_sub_heavy_r1,MSF,126,BLK_126S,11,NC,5,2025-04-18 23:49:15,2025-04-19 00:32:19,43.1,,공통
b150_sub_heavy_r1,MSF,126,BLK_126S,11,베이36B 론지취부,6,2025-04-19 00:48:15,2025-04-19 02:08:15,80.0,36B,베이36B
b150_sub_heavy_r1,MSF,126,BLK_126S,11,베이36B 론지용접,7,2025-04-19 02:08:15,2025-04-19 02:33:15,25.0,36B,베이36B
b150_sub_heavy_r1,MSF,126,BLK_126S,11,베이36B 수정,8,2025-04-19 02:33:15,2025-04-19 03:22:15,49.0,36B,베이36B
b150_sub_heavy_r1,MSF,131,BLK_131S,12,판계,1,2025-04-18 14:36:00,2025-04-18 15:21:00,45.0,,공통
b150_sub_heavy_r1,MSF,131,BLK_131S,12,전면SAW,2,2025-04-18 22:15:12,2025-04-19 00:31:04,135.9,,공통
b150_sub_heavy_r1,MSF,131,BLK_131S,12,TurnOver,3,2025-04-19 00:31:04,2025-04-19 00:43:04,12.0,,공통
b150_sub_heavy_r1,MSF,131,BLK_131S,12,후면SAW,4,2025-04-19 00:43:04,2025-04-19 02:21:52,98.8,,공통
b150_sub_heavy_r1,MSF,131,BLK_131S,12,NC,5,2025-04-19 02:21:52,2025-04-19 03:13:28,51.6,,공통
b150_sub_heavy_r1,MSF,131,BLK_131S,12,베이35A 론지취부,6,2025-04-19 03:13:28,2025-04-19 04:26:28,73.0,35A,베이35A
b150_sub_heavy_r1,MSF,131,BLK_131S,12,베이35A 론지용접,7,2025-04-19 04:26:28,2025-04-19 04:50:16,23.8,35A,베이35A
b150_sub_heavy_r1,MSF,131,BLK_131S,12,베이35A 수정,8,2025-04-19 04:50:16,2025-04-19 05:34:52,44.6,35A,베이35A
b150_sub_heavy_r1,MSF,101,BLK_101P,13,판계,1,2025-04-18 15:21:00,2025-04-18 15:51:00,30.0,,공통
b150_sub_heavy_r1,MSF,101,BLK_101P,13,전면SAW,2,2025-04-19 00:31:04,2025-04-19 00:59:18,28.2,,공통
b150_sub_heavy_r1,MSF,101,BLK_101P,13,TurnOver,3,2025-04-19 00:59:18,2025-04-19 01:11:18,12.0,,공통
b150_sub_heavy_r1,MSF,101,BLK_101P,13,후면SAW,4,2025-04-19 02:21:52,2025-04-19 02:37:55,16.0,,공통
b150_sub_heavy_r1,MSF,101,BLK_101P,13,NC,5,2025-04-19 03:13:28,2025-04-19 03:58:10,44.7,,공통
b150_sub_heavy_r1,MSF,101,BLK_101P,13,베이36B 론지취부,6,2025-04-19 03:58:10,2025-04-19 05:14:40,76.5,36B,베이36B
b150_sub_heavy_r1,MSF,101,BLK_101P,13,베이36B 론지용접,7,2025-04-19 05:14:40,2025-04-19 05:39:04,24.4,36B,베이36B
b150_sub_heavy_r1,MSF,101,BLK_101P,13,베이36B 수정,8,2025-04-19 05:39:04,2025-04-19 06:25:52,46.8,36B,베이36B
b150_sub_heavy_r1,MSF,102,BLK_102S,14,판계,1,2025-04-18 15:51:00,2025-04-18 16:36:00,45.0,,공통
b150_sub_heavy_r1,MSF,102,BLK_102S,14,전면SAW,2,2025-04-19 00:59:18,2025-04-19 03:53:24,174.1,,공통
b150_sub_heavy_r1,MSF,102,BLK_102S,14,TurnOver,3,2025-04-19 03:53:24,2025-04-19 04:05:24,12.0,,공통
b150_sub_heavy_r1,MSF,102,BLK_102S,14,후면SAW,4,2025-04-19 04:05:24,2025-04-19 06:11:54,126.5,,공통
b150_sub_heavy_r1,MSF,102,BLK_102S,14,NC,5,2025-04-19 06:11:54,2025-04-19 07:07:43,55.8,,공통
b150_sub_heavy_r1,MSF,102,BLK_102S,14,베이35A 론지취부,6,2025-04-19 07:07:43,2025-04-19 08:38:13,90.5,35A,베이35A
b150_sub_heavy_r1,MSF,102,BLK_102S,14,베이35A 론지용접,7,2025-04-19 08:38:13,2025-04-19 09:05:01,26.8,35A,베이35A
b150_sub_heavy_r1,MSF,102,BLK_102S,14,베이35A 수정,8,2025-04-19 09:05:01,2025-04-19 10:00:37,55.6,35A,베이35A
b150_sub_heavy_r1,MSF,124,BLK_124P,1,판계,1,2025-04-19 08:00:00,2025-04-19 08:30:00,30.0,,공통
b150_sub_heavy_r1,MSF,124,BLK_124P,1,전면SAW,2,2025-04-19 08:30:00,2025-04-19 09:00:28,30.5,,공통
b150_sub_heavy_r1,MSF,124,BLK_124P,1,TurnOver,3,2025-04-19 09:00:28,2025-04-19 09:12:28,12.0,,공통
b150_sub_heavy_r1,MSF,124,BLK_124P,1,후면SAW,4,2025-04-19 09:12:28,2025-04-19 09:31:27,19.0,,공통
b150_sub_heavy_r1,MSF,124,BLK_124P,1,NC,5,2025-04-19 09:31:27,2025-04-19 10:22:15,50.8,,공통
b150_sub_heavy_r1,MSF,124,BLK_124P,1,베이36B 론지취부,6,2025-04-19 10:22:15,2025-04-19 12:06:45,104.5,36B,베이36B
b150_sub_heavy_r1,MSF,124,BLK_124P,1,베이36B 론지용접,7,2025-04-19 12:06:45,2025-04-19 12:35:57,29.2,36B,베이36B
b150_sub_heavy_r1,MSF,124,BLK_124P,1,베이36B 수정,8,2025-04-19 12:35:57,2025-04-19 13:40:21,64.4,36B,베이36B
b150_sub_heavy_r1,MSF,104,BLK_104S,2,판계,1,2025-04-19 08:30:00,2025-04-19 09:15:00,45.0,,공통
b150_sub_heavy_r1,MSF,104,BLK_104S,2,전면SAW,2,2025-04-19 09:15:00,2025-04-19 11:26:01,131.0,,공통
b150_sub_heavy_r1,MSF,104,BLK_104S,2,TurnOver,3,2025-04-19 11:26:01,2025-04-19 11:38:01,12.0,,공통
b150_sub_heavy_r1,MSF,104,BLK_104S,2,후면SAW,4,2025-04-19 11:38:01,2025-04-19 13:12:57,94.9,,공통
b150_sub_heavy_r1,MSF,104,BLK_104S,2,NC,5,2025-04-19 13:12:57,2025-04-19 14:05:28,52.5,,공통
b150_sub_heavy_r1,MSF,104,BLK_104S,2,베이35A 론지취부,6,2025-04-19 14:05:28,2025-04-19 15:25:28,80.0,35A,베이35A
b150_sub_heavy_r1,MSF,104,BLK_104S,2,베이35A 론지용접,7,2025-04-19 15:25:28,2025-04-19 15:50:28,25.0,35A,베이35A
b150_sub_heavy_r1,MSF,104,BLK_104S,2,베이35A 수정,8,2025-04-19 15:50:28,2025-04-19 16:39:28,49.0,35A,베이35A
b150_sub_heavy_r1,MSF,132,BLK_132C,3,판계,1,2025-04-19 09:15:00,2025-04-19 09:45:00,30.0,,공통
b150_sub_heavy_r1,MSF,132,BLK_132C,3,전면SAW,2,2025-04-19 11:26:01,2025-04-19 11:55:01,29.0,,공통
b150_sub_heavy_r1,MSF,132,BLK_132C,3,TurnOver,3,2025-04-19 11:55:01,2025-04-19 12:07:01,12.0,,공통
b150_sub_heavy_r1,MSF,132,BLK_132C,3,후면SAW,4,2025-04-19 13:12:57,2025-04-19 13:29:58,17.0,,공통
b150_sub_heavy_r1,MSF,132,BLK_132C,3,NC,5,2025-04-19 14:05:28,2025-04-19 14:53:14,47.8,,공통
b150_sub_heavy_r1,MSF,132,BLK_132C,3,베이36B 론지취부,6,2025-04-19 14:53:14,2025-04-19 16:27:14,94.0,36B,베이36B
b150_sub_heavy_r1,MSF,132,BLK_132C,3,베이36B 론지용접,7,2025-04-19 16:27:14,2025-04-19 16:54:38,27.4,36B,베이36B
b150_sub_heavy_r1,MSF,132,BLK_132C,3,베이36B 수정,8,2025-04-19 16:54:38,2025-04-19 17:52:26,57.8,36B,베이36B
b150_sub_heavy_r1,MSF,114,BLK_114P,4,판계,1,2025-04-19 09:45:00,2025-04-19 10:30:00,45.0,,공통
b150_sub_heavy_r1,MSF,114,BLK_114P,4,전면SAW,2,2025-04-19 11:55:01,2025-04-19 14:14:59,140.0,,공통
b150_sub_heavy_r1,MSF,114,BLK_114P,4,TurnOver,3,2025-04-19 14:14:59,2025-04-19 14:26:59,12.0,,공통
b150_sub_heavy_r1,MSF,114,BLK_114P,4,후면SAW,4,2025-04-19 14:26:59,2025-04-19 16:09:05,102.1,,공통
b150_sub_heavy_r1,MSF,114,BLK_114P,4,NC,5,2025-04-19 16:09:05,2025-04-19 16:59:32,50.5,,공통
b150_sub_heavy_r1,MSF,114,BLK_114P,4,베이35A 론지취부,6,2025-04-19 16:59:32,2025-04-19 18:09:02,69.5,35A,베이35A
b150_sub_heavy_r1,MSF,114,BLK_114P,4,베이35A 론지용접,7,2025-04-19 18:09:02,2025-04-19 18:32:14,23.2,35A,베이35A
b150_sub_heavy_r1,MSF,114,BLK_114P,4,베이35A 수정,8,2025-04-19 18:32:14,2025-04-19 19:14:38,42.4,35A,베이35A
b150_sub_heavy_r1,MSF,121,BLK_121S,5,판계,1,2025-04-19 10:30:00,2025-04-19 11:00:00,30.0,,공통
b150_sub_heavy_r1,MSF,121,BLK_121S,5,전면SAW,2,2025-04-19 14:14:59,2025-04-19 14:44:35,29.6,,공통
b150_sub_heavy_r1,MSF,121,BLK_121S,5,TurnOver,3,2025-04-19 14:44:35,2025-04-19 14:56:35,12.0,,공통
b150_sub_heavy_r1,MSF,121,BLK_121S,5,후면SAW,4,2025-04-19 16:09:05,2025-04-19 16:26:54,17.8,,공통
b150_sub_heavy_r1,MSF,121,BLK_121S,5,NC,5,2025-04-19 16:59:32,2025-04-19 17:48:03,48.5,,공통
b150_sub_heavy_r1,MSF,121,BLK_121S,5,베이36B 론지취부,6,2025-04-19 17:48:03,2025-04-19 19:04:33,76.5,36B,베이36B
b150_sub_heavy_r1,MSF,121,BLK_121S,5,베이36B 론지용접,7,2025-04-19 19:04:33,2025-04-19 19:28:57,24.4,36B,베이36B
b150_sub_heavy_r1,MSF,121,BLK_121S,5,베이36B 수정,8,2025-04-19 19:28:57,2025-04-19 20:15:45,46.8,36B,베이36B
b150_sub_heavy_r1,MSF,53,BLK_53S,6,판계,1,2025-04-19 11:00:00,2025-04-19 11:30:00,30.0,,공통
b150_sub_heavy_r1,MSF,53,BLK_53S,6,전면SAW,2,2025-04-19 14:44:35,2025-04-19 16:56:34,132.0,,공통
b150_sub_heavy_r1,MSF,53,BLK_53S,6,TurnOver,3,2025-04-19 16:56:34,2025-04-19 17:08:34,12.0,,공통
b150_sub_heavy_r1,MSF,53,BLK_53S,6,후면SAW,4,2025-04-19 17:08:34,2025-04-19 18:44:17,95.7,,공통
b150_sub_heavy_r1,MSF,53,BLK_53S,6,NC,5,2025-04-19 18:44:17,2025-04-19 19:41:31,57.2,,공통
b150_sub_heavy_r1,MSF,53,BLK_53S,6,베이36B 론지취부,6,2025-04-19 19:41:31,2025-04-19 20:51:01,69.5,36B,베이36B
b150_sub_heavy_r1,MSF,53,BLK_53S,6,베이36B 론지용접,7,2025-04-19 20:51:01,2025-04-19 21:14:13,23.2,36B,베이36B
b150_sub_heavy_r1,MSF,53,BLK_53S,6,베이36B 수정,8,2025-04-19 21:14:13,2025-04-19 21:56:37,42.4,36B,베이36B
b150_sub_heavy_r1,MSF,93,BLK_93P,7,판계,1,2025-04-19 11:30:00,2025-04-19 12:00:00,30.0,,공통
b150_sub_heavy_r1,MSF,93,BLK_93P,7,전면SAW,2,2025-04-19 16:56:34,2025-04-19 18:35:42,99.1,,공통
b150_sub_heavy_r1,MSF,93,BLK_93P,7,TurnOver,3,2025-04-19 18:35:42,2025-04-19 18:47:42,12.0,,공통
b150_sub_heavy_r1,MSF,93,BLK_93P,7,후면SAW,4,2025-04-19 18:47:42,2025-04-19 20:05:50,78.1,,공통
b150_sub_heavy_r1,MSF,93,BLK_93P,7,NC,5,2025-04-19 20:05:50,2025-04-19 20:56:41,50.9,,공통
b150_sub_heavy_r1,MSF,93,BLK_93P,7,베이35A 론지취부,6,2025-04-19 20:56:41,2025-04-19 21:45:11,48.5,35A,베이35A
b150_sub_heavy_r1,MSF,93,BLK_93P,7,베이35A 론지용접,7,2025-04-19 21:45:11,2025-04-19 22:04:47,19.6,35A,베이35A
b150_sub_heavy_r1,MSF,93,BLK_93P,7,베이35A 수정,8,2025-04-19 22:04:47,2025-04-19 22:33:59,29.2,35A,베이35A
b150_sub_heavy_r1,MSF,90,BLK_90S,1,판계,1,2025-04-20 08:00:00,2025-04-20 08:30:00,30.0,,공통
b150_sub_heavy_r1,MSF,90,BLK_90S,1,전면SAW,2,2025-04-20 08:30:00,2025-04-20 10:17:06,107.1,,공통
b150_sub_heavy_r1,MSF,90,BLK_90S,1,TurnOver,3,2025-04-20 10:17:06,2025-04-20 10:29:06,12.0,,공통
b150_sub_heavy_r1,MSF,90,BLK_90S,1,후면SAW,4,2025-04-20 10:29:06,2025-04-20 11:54:30,85.4,,공통
b150_sub_heavy_r1,MSF,90,BLK_90S,1,NC,5,2025-04-20 11:54:30,2025-04-20 12:48:09,53.6,,공통
b150_sub_heavy_r1,MSF,90,BLK_90S,1,베이36B 론지취부,6,2025-04-20 12:48:09,2025-04-20 13:40:09,52.0,36B,베이36B
b150_sub_heavy_r1,MSF,90,BLK_90S,1,베이36B 론지용접,7,2025-04-20 13:40:09,2025-04-20 14:00:21,20.2,36B,베이36B
b150_sub_heavy_r1,MSF,90,BLK_90S,1,베이36B 수정,8,2025-04-20 14:00:21,2025-04-20 14:31:45,31.4,36B,베이36B
b150_sub_heavy_r1,MSF,97,BLK_97S,2,판계,1,2025-04-20 08:30:00,2025-04-20 09:00:00,30.0,,공통
b150_sub_heavy_r1,MSF,97,BLK_97S,2,전면SAW,2,2025-04-20 10:17:06,2025-04-20 11:37:36,80.5,,공통
b150_sub_heavy_r1,MSF,97,BLK_97S,2,TurnOver,3,2025-04-20 11:37:36,2025-04-20 11:49:36,12.0,,공통
b150_sub_heavy_r1,MSF,97,BLK_97S,2,후면SAW,4,2025-04-20 11:54:30,2025-04-20 13:10:22,75.9,,공통
b150_sub_heavy_r1,MSF,97,BLK_97S,2,NC,5,2025-04-20 13:10:22,2025-04-20 13:59:59,49.6,,공통
b150_sub_heavy_r1,MSF,97,BLK_97S,2,베이35A 론지취부,6,2025-04-20 13:59:59,2025-04-20 15:19:59,80.0,35A,베이35A
b150_sub_heavy_r1,MSF,97,BLK_97S,2,베이35A 론지용접,7,2025-04-20 15:19:59,2025-04-20 15:44:59,25.0,35A,베이35A
b150_sub_heavy_r1,MSF,97,BLK_97S,2,베이35A 수정,8,2025-04-20 15:44:59,2025-04-20 16:33:59,49.0,35A,베이35A
b150_sub_heavy_r1,MSF,100,BLK_100C,3,판계,1,2025-04-20 09:00:00,2025-04-20 09:30:00,30.0,,공통
b150_sub_heavy_r1,MSF,100,BLK_100C,3,전면SAW,2,2025-04-20 11:37:36,2025-04-20 13:25:35,108.0,,공통
b150_sub_heavy_r1,MSF,100,BLK_100C,3,TurnOver,3,2025-04-20 13:25:35,2025-04-20 13:37:35,12.0,,공통
b150_sub_heavy_r1,MSF,100,BLK_100C,3,후면SAW,4,2025-04-20 13:37:35,2025-04-20 15:03:48,86.2,,공통
b150_sub_heavy_r1,MSF,100,BLK_100C,3,NC,5,2025-04-20 15:03:48,2025-04-20 15:59:17,55.5,,공통
b150_sub_heavy_r1,MSF,100,BLK_100C,3,베이36B 론지취부,6,2025-04-20 15:59:17,2025-04-20 17:36:47,97.5,36B,베이36B
b150_sub_heavy_r1,MSF,100,BLK_100C,3,베이36B 론지용접,7,2025-04-20 17:36:47,2025-04-20 18:04:47,28.0,36B,베이36B
b150_sub_heavy_r1,MSF,100,BLK_100C,3,베이36B 수정,8,2025-04-20 18:04:47,2025-04-20 19:04:47,60.0,36B,베이36B
b150_sub_heavy_r1,MSF,142,BLK_142P,4,판계,1,2025-04-20 09:30:00,2025-04-20 10:00:00,30.0,,공통
b150_sub_heavy_r1,MSF,142,BLK_142P,4,전면SAW,2,2025-04-20 13:25:35,2025-04-20 14:48:15,82.7,,공통
b150_sub_heavy_r1,MSF,142,BLK_142P,4,TurnOver,3,2025-04-20 14:48:15,2025-04-20 15:00:15,12.0,,공통
b150_sub_heavy_r1,MSF,142,BLK_142P,4,후면SAW,4,2025-04-20 15:03:48,2025-04-20 16:06:55,63.1,,공통
b150_sub_heavy_r1,MSF,142,BLK_142P,4,NC,5,2025-04-20 16:06:55,2025-04-20 16:57:05,50.2,,공통
b150_sub_heavy_r1,MSF,142,BLK_142P,4,베이35A 론지취부,6,2025-04-20 16:57:05,2025-04-20 18:03:05,66.0,35A,베이35A
b150_sub_heavy_r1,MSF,142,BLK_142P,4,베이35A 론지용접,7,2025-04-20 18:03:05,2025-04-20 18:25:41,22.6,35A,베이35A
b150_sub_heavy_r1,MSF,142,BLK_142P,4,베이35A 수정,8,2025-04-20 18:25:41,2025-04-20 19:05:53,40.2,35A,베이35A
b150_sub_heavy_r1,MSF,112,BLK_112S,5,판계,1,2025-04-20 10:00:00,2025-04-20 10:45:00,45.0,,공통
b150_sub_heavy_r1,MSF,112,BLK_112S,5,전면SAW,2,2025-04-20 14:48:15,2025-04-20 17:58:15,190.0,,공통
b150_sub_heavy_r1,MSF,112,BLK_112S,5,TurnOver,3,2025-04-20 17:58:15,2025-04-20 18:10:15,12.0,,공통
b150_sub_heavy_r1,MSF,112,BLK_112S,5,후면SAW,4,2025-04-20 18:10:15,2025-04-20 20:55:15,165.0,,공통
b150_sub_heavy_r1,MSF,112,BLK_112S,5,NC,5,2025-04-20 20:55:15,2025-04-20 22:14:34,79.3,,공통
b150_sub_heavy_r1,MSF,112,BLK_112S,5,베이36B 론지취부,6,2025-04-20 22:14:34,2025-04-20 23:59:04,104.5,36B,베이36B
b150_sub_heavy_r1,MSF,112,BLK_112S,5,베이36B 론지용접,7,2025-04-20 23:59:04,2025-04-21 00:28:16,29.2,36B,베이36B
b150_sub_heavy_r1,MSF,112,BLK_112S,5,베이36B 수정,8,2025-04-21 00:28:16,2025-04-21 01:32:40,64.4,36B,베이36B
b150_sub_heavy_r1,MSF,83,BLK_83S,6,판계,1,2025-04-20 10:45:00,2025-04-20 11:37:00,52.0,,공통
b150_sub_heavy_r1,MSF,83,BLK_83S,6,전면SAW,2,2025-04-20 17:58:15,2025-04-20 19:56:31,118.3,,공통
b150_sub_heavy_r1,MSF,83,BLK_83S,6,TurnOver,3,2025-04-20 19:56:31,2025-04-20 20:08:31,12.0,,공통
b150_sub_heavy_r1,MSF,83,BLK_83S,6,후면SAW,4,2025-04-20 20:55:15,2025-04-20 22:55:10,119.9,,공통
b150_sub_heavy_r1,MSF,83,BLK_83S,6,NC,5,2025-04-20 22:55:10,2025-04-21 00:06:27,71.3,,공통
b150_sub_heavy_r1,MSF,83,BLK_83S,6,베이36B 론지취부,6,2025-04-21 00:06:27,2025-04-21 02:18:57,132.5,36B,베이36B
b150_sub_heavy_r1,MSF,83,BLK_83S,6,베이36B 론지용접,7,2025-04-21 02:18:57,2025-04-21 02:52:57,34.0,36B,베이36B
b150_sub_heavy_r1,MSF,83,BLK_83S,6,베이36B 수정,8,2025-04-21 02:52:57,2025-04-21 04:14:57,82.0,36B,베이36B
b150_sub_heavy_r1,MSF,147,BLK_58S,35,판계,1,2025-04-14 10:55:00,2025-04-14 11:25:00,30.0,,공통
b150_sub_heavy_r1,MSF,147,BLK_58S,35,전면SAW,2,2025-04-14 14:05:47,2025-04-14 14:37:06,31.3,,공통
b150_sub_heavy_r1,MSF,147,BLK_58S,35,TurnOver,3,2025-04-14 14:37:06,2025-04-14 14:49:06,12.0,,공통
b150_sub_heavy_r1,MSF,147,BLK_58S,35,후면SAW,4,2025-04-14 15:22:38,2025-04-14 15:42:42,20.1,,공통
b150_sub_heavy_r1,MSF,147,BLK_58S,35,NC,5,2025-04-14 17:31:51,2025-04-14 18:12:09,40.3,,공통
b150_sub_heavy_r1,MSF,147,BLK_58S,35,베이35A 론지취부,6,2025-04-14 18:22:38,2025-04-14 19:32:08,69.5,35A,베이35A
b150_sub_heavy_r1,MSF,147,BLK_58S,35,베이35A 론지용접,7,2025-04-14 19:32:08,2025-04-14 19:55:20,23.2,35A,베이35A
b150_sub_heavy_r1,MSF,147,BLK_58S,35,베이35A 수정,8,2025-04-14 19:55:20,2025-04-14 20:37:44,42.4,35A,베이35A
b150_sub_heavy_r1,MSF,150,BLK_20C,52,판계,1,2025-04-15 10:32:00,2025-04-15 10:57:00,25.0,,공통
b150_sub_heavy_r1,MSF,150,BLK_20C,52,전면SAW,2,2025-04-15 13:47:16,2025-04-15 14:20:52,33.6,,공통
b150_sub_heavy_r1,MSF,150,BLK_20C,52,TurnOver,3,2025-04-15 14:20:52,2025-04-15 14:32:52,12.0,,공통
b150_sub_heavy_r1,MSF,150,BLK_20C,52,후면SAW,4,2025-04-15 15:20:39,2025-04-15 15:43:45,23.1,,공통
b150_sub_heavy_r1,MSF,150,BLK_20C,52,NC,5,2025-04-15 16:34:49,2025-04-15 17:10:31,35.7,,공통
b150_sub_heavy_r1,MSF,150,BLK_20C,52,베이36B 론지취부,6,2025-04-15 17:54:00,2025-04-15 19:07:00,73.0,36B,베이36B
b150_sub_heavy_r1,MSF,150,BLK_20C,52,베이36B 론지용접,7,2025-04-15 19:07:00,2025-04-15 19:30:48,23.8,36B,베이36B
b150_sub_heavy_r1,MSF,150,BLK_20C,52,베이36B 수정,8,2025-04-15 19:30:48,2025-04-15 20:15:24,44.6,36B,베이36B
b150_sub_heavy_r1,MSF,144,BLK_51S,57,판계,1,2025-04-15 12:57:00,2025-04-15 13:35:00,38.0,,공통
b150_sub_heavy_r1,MSF,144,BLK_51S,57,전면SAW,2,2025-04-15 18:03:07,2025-04-15 19:47:19,104.2,,공통
b150_sub_heavy_r1,MSF,144,BLK_51S,57,TurnOver,3,2025-04-15 19:47:19,2025-04-15 19:59:19,12.0,,공통
b150_sub_heavy_r1,MSF,144,BLK_51S,57,후면SAW,4,2025-04-15 19:59:19,2025-04-15 21:22:04,82.8,,공통
b150_sub_heavy_r1,MSF,144,BLK_51S,57,NC,5,2025-04-15 21:22:04,2025-04-15 22:12:33,50.5,,공통
b150_sub_heavy_r1,MSF,144,BLK_51S,57,베이36B 론지취부,6,2025-04-15 22:12:33,2025-04-15 23:36:03,83.5,36B,베이36B
b150_sub_heavy_r1,MSF,144,BLK_51S,57,베이36B 론지용접,7,2025-04-15 23:36:03,2025-04-16 00:01:39,25.6,36B,베이36B
b150_sub_heavy_r1,MSF,144,BLK_51S,57,베이36B 수정,8,2025-04-16 00:01:39,2025-04-16 00:52:51,51.2,36B,베이36B
b150_sub_heavy_r1,MSF,145,BLK_65S,76,판계,1,2025-04-16 09:40:00,2025-04-16 10:00:00,20.0,,공통
b150_sub_heavy_r1,MSF,145,BLK_65S,76,전면SAW,2,2025-04-16 13:06:14,2025-04-16 13:38:39,32.4,,공통
b150_sub_heavy_r1,MSF,145,BLK_65S,76,TurnOver,3,2025-04-16 13:38:39,2025-04-16 13:50:39,12.0,,공통
b150_sub_heavy_r1,MSF,145,BLK_65S,76,후면SAW,4,2025-04-16 13:53:45,2025-04-16 14:15:17,21.5,,공통
b150_sub_heavy_r1,MSF,145,BLK_65S,76,NC,5,2025-04-16 14:50:32,2025-04-16 15:17:16,26.7,,공통
b150_sub_heavy_r1,MSF,145,BLK_65S,76,베이35A 론지취부,6,2025-04-16 15:17:16,2025-04-16 16:19:46,62.5,35A,베이35A
b150_sub_heavy_r1,MSF,145,BLK_65S,76,베이35A 론지용접,7,2025-04-16 16:19:46,2025-04-16 16:41:46,22.0,35A,베이35A
b150_sub_heavy_r1,MSF,145,BLK_65S,76,베이35A 수정,8,2025-04-16 16:41:46,2025-04-16 17:19:46,38.0,35A,베이35A
b150_sub_heavy_r1,MSF,146,BLK_50S,108,판계,1,2025-04-17 13:26:00,2025-04-17 13:56:00,30.0,,공통
b150_sub_heavy_r1,MSF,146,BLK_50S,108,전면SAW,2,2025-04-17 21:29:00,2025-04-17 22:02:06,33.1,,공통
b150_sub_heavy_r1,MSF,146,BLK_50S,108,TurnOver,3,2025-04-17 22:02:06,2025-04-17 22:14:06,12.0,,공통
b150_sub_heavy_r1,MSF,146,BLK_50S,108,후면SAW,4,2025-04-17 22:14:06,2025-04-17 22:36:30,22.4,,공통
b150_sub_heavy_r1,MSF,146,BLK_50S,108,NC,5,2025-04-18 00:42:20,2025-04-18 01:27:00,44.7,,공통
b150_sub_heavy_r1,MSF,146,BLK_50S,108,베이35A 론지취부,6,2025-04-18 01:27:00,2025-04-18 02:36:30,69.5,35A,베이35A
b150_sub_heavy_r1,MSF,146,BLK_50S,108,베이35A 론지용접,7,2025-04-18 02:36:30,2025-04-18 02:59:42,23.2,35A,베이35A
b150_sub_heavy_r1,MSF,146,BLK_50S,108,베이35A 수정,8,2025-04-18 02:59:42,2025-04-18 03:42:06,42.4,35A,베이35A
b150_sub_heavy_r1,MSF,149,BLK_81S,115,판계,1,2025-04-17 17:04:00,2025-04-17 17:34:00,30.0,,공통
b150_sub_heavy_r1,MSF,149,BLK_81S,115,전면SAW,2,2025-04-18 02:39:31,2025-04-18 03:10:30,31.0,,공통
b150_sub_heavy_r1,MSF,149,BLK_81S,115,TurnOver,3,2025-04-18 03:10:30,2025-04-18 03:22:30,12.0,,공통
b150_sub_heavy_r1,MSF,149,BLK_81S,115,후면SAW,4,2025-04-18 04:29:58,2025-04-18 04:49:37,19.6,,공통
b150_sub_heavy_r1,MSF,149,BLK_81S,115,NC,5,2025-04-18 05:45:59,2025-04-18 06:28:31,42.5,,공통
b150_sub_heavy_r1,MSF,149,BLK_81S,115,베이36B 론지취부,6,2025-04-18 06:28:31,2025-04-18 07:52:01,83.5,36B,베이36B
b150_sub_heavy_r1,MSF,149,BLK_81S,115,베이36B 론지용접,7,2025-04-18 07:52:01,2025-04-18 08:17:37,25.6,36B,베이36B
b150_sub_heavy_r1,MSF,149,BLK_81S,115,베이36B 수정,8,2025-04-18 08:17:37,2025-04-18 09:08:49,51.2,36B,베이36B
b150_sub_heavy_r1,MSF,148,BLK_113S,116,판계,1,2025-04-18 08:00:00,2025-04-18 08:30:00,30.0,,공통
b150_sub_heavy_r1,MSF,148,BLK_113S,116,전면SAW,2,2025-04-18 08:30:00,2025-04-18 09:01:22,31.4,,공통
b150_sub_heavy_r1,MSF,148,BLK_113S,116,TurnOver,3,2025-04-18 09:01:22,2025-04-18 09:13:22,12.0,,공통
b150_sub_heavy_r1,MSF,148,BLK_113S,116,후면SAW,4,2025-04-18 09:13:22,2025-04-18 09:33:31,20.1,,공통
b150_sub_heavy_r1,MSF,148,BLK_113S,116,NC,5,2025-04-18 09:33:31,2025-04-18 10:15:52,42.4,,공통
b150_sub_heavy_r1,MSF,148,BLK_113S,116,베이35A 론지취부,6,2025-04-18 10:15:52,2025-04-18 11:21:52,66.0,35A,베이35A
b150_sub_heavy_r1,MSF,148,BLK_113S,116,베이35A 론지용접,7,2025-04-18 11:21:52,2025-04-18 11:44:28,22.6,35A,베이35A
b150_sub_heavy_r1,MSF,148,BLK_113S,116,베이35A 수정,8,2025-04-18 11:44:28,2025-04-18 12:24:40,40.2,35A,베이35A
b150_sub_heavy_r1,MSF,143,BLK_132C,132,판계,1,2025-04-19 09:15:00,2025-04-19 09:45:00,30.0,,공통
b150_sub_heavy_r1,MSF,143,BLK_132C,132,전면SAW,2,2025-04-19 11:26:01,2025-04-19 11:55:01,29.0,,공통
b150_sub_heavy_r1,MSF,143,BLK_132C,132,TurnOver,3,2025-04-19 11:55:01,2025-04-19 12:07:01,12.0,,공통
b150_sub_heavy_r1,MSF,143,BLK_132C,132,후면SAW,4,2025-04-19 13:12:57,2025-04-19 13:29:58,17.0,,공통
b150_sub_heavy_r1,MSF,143,BLK_132C,132,NC,5,2025-04-19 14:05:28,2025-04-19 14:53:14,47.8,,공통
b150_sub_heavy_r1,MSF,143,BLK_132C,132,베이36B 론지취부,6,2025-04-19 14:53:14,2025-04-19 16:27:14,94.0,36B,베이36B
b150_sub_heavy_r1,MSF,143,BLK_132C,132,베이36B 론지용접,7,2025-04-19 16:27:14,2025-04-19 16:54:38,27.4,36B,베이36B
b150_sub_heavy_r1,MSF,143,BLK_132C,132,베이36B 수정,8,2025-04-19 16:54:38,2025-04-19 17:52:26,57.8,36B,베이36B
