grid_case_id,method_label,size_bucket,total_blocks,distribution_profile,graph_makespan_hours,graph_violations,date,block_id,block_name,sequence,process_name,process_index,start_time,end_time,duration_min,assigned_bay,machine_type,unity_process_row_source,source_representative_block_id
b110_sub_heavy_r1,MSF,Medium (81-140),110,sub_heavy,144.95,16,20250309,17,BLK_17P,1,판계,1,2025-03-09 08:00:00,2025-03-09 08:27:00,27.0,,공통,raw,
b110_sub_heavy_r1,MSF,Medium (81-140),110,sub_heavy,144.95,16,20250309,17,BLK_17P,1,전면SAW,2,2025-03-09 08:27:00,2025-03-09 09:49:49,82.8,,공통,raw,
b110_sub_heavy_r1,MSF,Medium (81-140),110,sub_heavy,144.95,16,20250309,17,BLK_17P,1,TurnOver,3,2025-03-09 09:49:49,2025-03-09 10:01:49,12.0,,공통,raw,
b110_sub_heavy_r1,MSF,Medium (81-140),110,sub_heavy,144.95,16,20250309,17,BLK_17P,1,후면SAW,4,2025-03-09 10:01:49,2025-03-09 10:58:10,56.4,,공통,raw,
b110_sub_heavy_r1,MSF,Medium (81-140),110,sub_heavy,144.95,16,20250309,17,BLK_17P,1,NC,5,2025-03-09 10:58:10,2025-03-09 11:28:04,29.9,,공통,raw,
b110_sub_heavy_r1,MSF,Medium (81-140),110,sub_heavy,144.95,16,20250309,17,BLK_17P,1,베이35A 론지취부,6,2025-03-09 11:28:04,2025-03-09 11:55:34,27.5,35A,베이35A,raw,
b110_sub_heavy_r1,MSF,Medium (81-140),110,sub_heavy,144.95,16,20250309,17,BLK_17P,1,베이35A 론지용접,7,2025-03-09 11:55:34,2025-03-09 12:11:34,16.0,35A,베이35A,raw,
b110_sub_heavy_r1,MSF,Medium (81-140),110,sub_heavy,144.95,16,20250309,17,BLK_17P,1,베이35A 수정,8,2025-03-09 12:11:34,2025-03-09 12:27:34,16.0,35A,베이35A,raw,
b110_sub_heavy_r1,MSF,Medium (81-140),110,sub_heavy,144.95,16,20250309,1,BLK_1C,2,판계,1,2025-03-09 08:27:00,2025-03-09 09:02:00,35.0,,공통,raw,
b110_sub_heavy_r1,MSF,Medium (81-140),110,sub_heavy,144.95,16,20250309,1,BLK_1C,2,전면SAW,2,2025-03-09 09:49:49,2025-03-09 12:01:07,131.3,,공통,raw,
b110_sub_heavy_r1,MSF,Medium (81-140),110,sub_heavy,144.95,16,20250309,1,BLK_1C,2,TurnOver,3,2025-03-09 12:01:07,2025-03-09 12:13:07,12.0,,공통,raw,
b110_sub_heavy_r1,MSF,Medium (81-140),110,sub_heavy,144.95,16,20250309,1,BLK_1C,2,후면SAW,4,2025-03-09 12:13:07,2025-03-09 13:48:17,95.2,,공통,raw,
b110_sub_heavy_r1,MSF,Medium (81-140),110,sub_heavy,144.95,16,20250309,1,BLK_1C,2,NC,5,2025-03-09 13:48:17,2025-03-09 14:27:16,39.0,,공통,raw,
b110_sub_heavy_r1,MSF,Medium (81-140),110,sub_heavy,144.95,16,20250309,1,BLK_1C,2,베이36B 론지취부,6,2025-03-09 14:27:16,2025-03-09 15:26:16,59.0,36B,베이36B,raw,
b110_sub_heavy_r1,MSF,Medium (81-140),110,sub_heavy,144.95,16,20250309,1,BLK_1C,2,베이36B 론지용접,7,2025-03-09 15:26:16,2025-03-09 15:47:40,21.4,36B,베이36B,raw,
b110_sub_heavy_r1,MSF,Medium (81-140),110,sub_heavy,144.95,16,20250309,1,BLK_1C,2,베이36B 수정,8,2025-03-09 15:47:40,2025-03-09 16:23:28,35.8,36B,베이36B,raw,
b110_sub_heavy_r1,MSF,Medium (81-140),110,sub_heavy,144.95,16,20250309,9,BLK_9C,3,판계,1,2025-03-09 09:02:00,2025-03-09 09:22:00,20.0,,공통,raw,
b110_sub_heavy_r1,MSF,Medium (81-140),110,sub_heavy,144.95,16,20250309,9,BLK_9C,3,전면SAW,2,2025-03-09 12:01:07,2025-03-09 12:34:19,33.2,,공통,raw,
b110_sub_heavy_r1,MSF,Medium (81-140),110,sub_heavy,144.95,16,20250309,9,BLK_9C,3,TurnOver,3,2025-03-09 12:34:19,2025-03-09 12:46:19,12.0,,공통,raw,
b110_sub_heavy_r1,MSF,Medium (81-140),110,sub_heavy,144.95,16,20250309,9,BLK_9C,3,후면SAW,4,2025-03-09 13:48:17,2025-03-09 14:10:49,22.5,,공통,raw,
b110_sub_heavy_r1,MSF,Medium (81-140),110,sub_heavy,144.95,16,20250309,9,BLK_9C,3,NC,5,2025-03-09 14:27:16,2025-03-09 14:54:12,26.9,,공통,raw,
b110_sub_heavy_r1,MSF,Medium (81-140),110,sub_heavy,144.95,16,20250309,9,BLK_9C,3,베이35A 론지취부,6,2025-03-09 14:54:12,2025-03-09 15:28:42,34.5,35A,베이35A,raw,
b110_sub_heavy_r1,MSF,Medium (81-140),110,sub_heavy,144.95,16,20250309,9,BLK_9C,3,베이35A 론지용접,7,2025-03-09 15:28:42,2025-03-09 15:45:54,17.2,35A,베이35A,raw,
b110_sub_heavy_r1,MSF,Medium (81-140),110,sub_heavy,144.95,16,20250309,9,BLK_9C,3,베이35A 수정,8,2025-03-09 15:45:54,2025-03-09 16:06:18,20.4,35A,베이35A,raw,
b110_sub_heavy_r1,MSF,Medium (81-140),110,sub_heavy,144.95,16,20250309,21,BLK_21C,4,판계,1,2025-03-09 09:22:00,2025-03-09 10:00:00,38.0,,공통,raw,
b110_sub_heavy_r1,MSF,Medium (81-140),110,sub_heavy,144.95,16,20250309,21,BLK_21C,4,전면SAW,2,2025-03-09 12:34:19,2025-03-09 14:03:13,88.9,,공통,raw,
b110_sub_heavy_r1,MSF,Medium (81-140),110,sub_heavy,144.95,16,20250309,21,BLK_21C,4,TurnOver,3,2025-03-09 14:03:13,2025-03-09 14:15:13,12.0,,공통,raw,
b110_sub_heavy_r1,MSF,Medium (81-140),110,sub_heavy,144.95,16,20250309,21,BLK_21C,4,후면SAW,4,2025-03-09 14:15:13,2025-03-09 15:24:01,68.8,,공통,raw,
b110_sub_heavy_r1,MSF,Medium (81-140),110,sub_heavy,144.95,16,20250309,21,BLK_21C,4,NC,5,2025-03-09 15:24:01,2025-03-09 16:09:00,45.0,,공통,raw,
b110_sub_heavy_r1,MSF,Medium (81-140),110,sub_heavy,144.95,16,20250309,21,BLK_21C,4,베이36B 론지취부,6,2025-03-09 16:09:00,2025-03-09 17:15:00,66.0,36B,베이36B,raw,
b110_sub_heavy_r1,MSF,Medium (81-140),110,sub_heavy,144.95,16,20250309,21,BLK_21C,4,베이36B 론지용접,7,2025-03-09 17:15:00,2025-03-09 17:37:36,22.6,36B,베이36B,raw,
b110_sub_heavy_r1,MSF,Medium (81-140),110,sub_heavy,144.95,16,20250309,21,BLK_21C,4,베이36B 수정,8,2025-03-09 17:37:36,2025-03-09 18:17:48,40.2,36B,베이36B,raw,
b110_sub_heavy_r1,MSF,Medium (81-140),110,sub_heavy,144.95,16,20250309,5,BLK_5C,5,판계,1,2025-03-09 10:00:00,2025-03-09 10:30:00,30.0,,공통,raw,
b110_sub_heavy_r1,MSF,Medium (81-140),110,sub_heavy,144.95,16,20250309,5,BLK_5C,5,전면SAW,2,2025-03-09 14:03:13,2025-03-09 14:35:57,32.7,,공통,raw,
b110_sub_heavy_r1,MSF,Medium (81-140),110,sub_heavy,144.95,16,20250309,5,BLK_5C,5,TurnOver,3,2025-03-09 14:35:57,2025-03-09 14:47:57,12.0,,공통,raw,
b110_sub_heavy_r1,MSF,Medium (81-140),110,sub_heavy,144.95,16,20250309,5,BLK_5C,5,후면SAW,4,2025-03-09 15:24:01,2025-03-09 15:45:59,22.0,,공통,raw,
b110_sub_heavy_r1,MSF,Medium (81-140),110,sub_heavy,144.95,16,20250309,5,BLK_5C,5,NC,5,2025-03-09 16:09:00,2025-03-09 16:56:16,47.3,,공통,raw,
b110_sub_heavy_r1,MSF,Medium (81-140),110,sub_heavy,144.95,16,20250309,5,BLK_5C,5,베이35A 론지취부,6,2025-03-09 16:56:16,2025-03-09 18:23:16,87.0,35A,베이35A,raw,
b110_sub_heavy_r1,MSF,Medium (81-140),110,sub_heavy,144.95,16,20250309,5,BLK_5C,5,베이35A 론지용접,7,2025-03-09 18:23:16,2025-03-09 18:49:28,26.2,35A,베이35A,raw,
b110_sub_heavy_r1,MSF,Medium (81-140),110,sub_heavy,144.95,16,20250309,5,BLK_5C,5,베이35A 수정,8,2025-03-09 18:49:28,2025-03-09 19:42:52,53.4,35A,베이35A,raw,
b110_sub_heavy_r1,MSF,Medium (81-140),110,sub_heavy,144.95,16,20250309,25,BLK_25P,6,판계,1,2025-03-09 10:30:00,2025-03-09 10:42:00,12.0,,공통,raw,
b110_sub_heavy_r1,MSF,Medium (81-140),110,sub_heavy,144.95,16,20250309,25,BLK_25P,6,전면SAW,2,2025-03-09 14:35:57,2025-03-09 15:11:19,35.4,,공통,raw,
b110_sub_heavy_r1,MSF,Medium (81-140),110,sub_heavy,144.95,16,20250309,25,BLK_25P,6,TurnOver,3,2025-03-09 15:11:19,2025-03-09 15:23:19,12.0,,공통,raw,
b110_sub_heavy_r1,MSF,Medium (81-140),110,sub_heavy,144.95,16,20250309,25,BLK_25P,6,후면SAW,4,2025-03-09 15:45:59,2025-03-09 16:11:23,25.4,,공통,raw,
b110_sub_heavy_r1,MSF,Medium (81-140),110,sub_heavy,144.95,16,20250309,25,BLK_25P,6,NC,5,2025-03-09 16:56:16,2025-03-09 17:16:22,20.1,,공통,raw,
b110_sub_heavy_r1,MSF,Medium (81-140),110,sub_heavy,144.95,16,20250309,25,BLK_25P,6,베이36B 론지취부,6,2025-03-09 17:16:22,2025-03-09 17:36:52,20.5,36B,베이36B,raw,
b110_sub_heavy_r1,MSF,Medium (81-140),110,sub_heavy,144.95,16,20250309,25,BLK_25P,6,베이36B 론지용접,7,2025-03-09 17:37:36,2025-03-09 17:48:24,10.8,36B,베이36B,raw,
b110_sub_heavy_r1,MSF,Medium (81-140),110,sub_heavy,144.95,16,20250309,25,BLK_25P,6,베이36B 수정,8,2025-03-09 18:17:48,2025-03-09 18:29:24,11.6,36B,베이36B,raw,
b110_sub_heavy_r1,MSF,Medium (81-140),110,sub_heavy,144.95,16,20250309,29,BLK_29S,7,판계,1,2025-03-09 10:42:00,2025-03-09 10:54:00,12.0,,공통,raw,
b110_sub_heavy_r1,MSF,Medium (81-140),110,sub_heavy,144.95,16,20250309,29,BLK_29S,7,전면SAW,2,2025-03-09 15:11:19,2025-03-09 16:06:45,55.4,,공통,raw,
b110_sub_heavy_r1,MSF,Medium (81-140),110,sub_heavy,144.95,16,20250309,29,BLK_29S,7,TurnOver,3,2025-03-09 16:06:45,2025-03-09 16:18:45,12.0,,공통,raw,
b110_sub_heavy_r1,MSF,Medium (81-140),110,sub_heavy,144.95,16,20250309,29,BLK_29S,7,후면SAW,4,2025-03-09 16:18:45,2025-03-09 17:10:34,51.8,,공통,raw,
b110_sub_heavy_r1,MSF,Medium (81-140),110,sub_heavy,144.95,16,20250309,29,BLK_29S,7,NC,5,2025-03-09 17:16:22,2025-03-09 17:36:41,20.3,,공통,raw,
b110_sub_heavy_r1,MSF,Medium (81-140),110,sub_heavy,144.95,16,20250309,29,BLK_29S,7,베이35A 론지취부,6,2025-03-09 18:23:16,2025-03-09 18:40:16,17.0,35A,베이35A,raw,
b110_sub_heavy_r1,MSF,Medium (81-140),110,sub_heavy,144.95,16,20250309,29,BLK_29S,7,베이35A 론지용접,7,2025-03-09 18:49:28,2025-03-09 18:59:40,10.2,35A,베이35A,raw,
b110_sub_heavy_r1,MSF,Medium (81-140),110,sub_heavy,144.95,16,20250309,29,BLK_29S,7,베이35A 수정,8,2025-03-09 19:42:52,2025-03-09 19:52:16,9.4,35A,베이35A,raw,
b110_sub_heavy_r1,MSF,Medium (81-140),110,sub_heavy,144.95,16,20250309,13,BLK_13C,8,판계,1,2025-03-09 10:54:00,2025-03-09 11:19:00,25.0,,공통,raw,
b110_sub_heavy_r1,MSF,Medium (81-140),110,sub_heavy,144.95,16,20250309,13,BLK_13C,8,전면SAW,2,2025-03-09 16:06:45,2025-03-09 16:39:05,32.3,,공통,raw,
b110_sub_heavy_r1,MSF,Medium (81-140),110,sub_heavy,144.95,16,20250309,13,BLK_13C,8,TurnOver,3,2025-03-09 16:39:05,2025-03-09 16:51:05,12.0,,공통,raw,
b110_sub_heavy_r1,MSF,Medium (81-140),110,sub_heavy,144.95,16,20250309,13,BLK_13C,8,후면SAW,4,2025-03-09 17:10:34,2025-03-09 17:32:00,21.4,,공통,raw,
b110_sub_heavy_r1,MSF,Medium (81-140),110,sub_heavy,144.95,16,20250309,13,BLK_13C,8,NC,5,2025-03-09 17:36:41,2025-03-09 18:12:08,35.5,,공통,raw,
b110_sub_heavy_r1,MSF,Medium (81-140),110,sub_heavy,144.95,16,20250309,13,BLK_13C,8,베이36B 론지취부,6,2025-03-09 18:12:08,2025-03-09 19:21:38,69.5,36B,베이36B,raw,
b110_sub_heavy_r1,MSF,Medium (81-140),110,sub_heavy,144.95,16,20250309,13,BLK_13C,8,베이36B 론지용접,7,2025-03-09 19:21:38,2025-03-09 19:44:50,23.2,36B,베이36B,raw,
b110_sub_heavy_r1,MSF,Medium (81-140),110,sub_heavy,144.95,16,20250309,13,BLK_13C,8,베이36B 수정,8,2025-03-09 19:44:50,2025-03-09 20:27:14,42.4,36B,베이36B,raw,
b110_sub_heavy_r1,MSF,Medium (81-140),110,sub_heavy,144.95,16,20250309,33,BLK_33C,9,판계,1,2025-03-09 11:19:00,2025-03-09 11:49:00,30.0,,공통,raw,
b110_sub_heavy_r1,MSF,Medium (81-140),110,sub_heavy,144.95,16,20250309,33,BLK_33C,9,전면SAW,2,2025-03-09 16:39:05,2025-03-09 17:10:12,31.1,,공통,raw,
b110_sub_heavy_r1,MSF,Medium (81-140),110,sub_heavy,144.95,16,20250309,33,BLK_33C,9,TurnOver,3,2025-03-09 17:10:12,2025-03-09 17:22:12,12.0,,공통,raw,
b110_sub_heavy_r1,MSF,Medium (81-140),110,sub_heavy,144.95,16,20250309,33,BLK_33C,9,후면SAW,4,2025-03-09 17:32:00,2025-03-09 17:51:49,19.8,,공통,raw,
b110_sub_heavy_r1,MSF,Medium (81-140),110,sub_heavy,144.95,16,20250309,33,BLK_33C,9,NC,5,2025-03-09 18:12:08,2025-03-09 18:54:56,42.8,,공통,raw,
b110_sub_heavy_r1,MSF,Medium (81-140),110,sub_heavy,144.95,16,20250309,33,BLK_33C,9,베이35A 론지취부,6,2025-03-09 18:54:56,2025-03-09 20:28:56,94.0,35A,베이35A,raw,
b110_sub_heavy_r1,MSF,Medium (81-140),110,sub_heavy,144.95,16,20250309,33,BLK_33C,9,베이35A 론지용접,7,2025-03-09 20:28:56,2025-03-09 20:56:20,27.4,35A,베이35A,raw,
b110_sub_heavy_r1,MSF,Medium (81-140),110,sub_heavy,144.95,16,20250309,33,BLK_33C,9,베이35A 수정,8,2025-03-09 20:56:20,2025-03-09 21:54:08,57.8,35A,베이35A,raw,
b110_sub_heavy_r1,MSF,Medium (81-140),110,sub_heavy,144.95,16,20250309,37,BLK_37S,10,판계,1,2025-03-09 11:49:00,2025-03-09 12:34:00,45.0,,공통,raw,
b110_sub_heavy_r1,MSF,Medium (81-140),110,sub_heavy,144.95,16,20250309,37,BLK_37S,10,전면SAW,2,2025-03-09 17:10:12,2025-03-09 19:30:12,140.0,,공통,raw,
b110_sub_heavy_r1,MSF,Medium (81-140),110,sub_heavy,144.95,16,20250309,37,BLK_37S,10,TurnOver,3,2025-03-09 19:30:12,2025-03-09 19:42:12,12.0,,공통,raw,
b110_sub_heavy_r1,MSF,Medium (81-140),110,sub_heavy,144.95,16,20250309,37,BLK_37S,10,후면SAW,4,2025-03-09 19:42:12,2025-03-09 21:24:19,102.1,,공통,raw,
b110_sub_heavy_r1,MSF,Medium (81-140),110,sub_heavy,144.95,16,20250309,37,BLK_37S,10,NC,5,2025-03-09 21:24:19,2025-03-09 22:14:44,50.4,,공통,raw,
b110_sub_heavy_r1,MSF,Medium (81-140),110,sub_heavy,144.95,16,20250309,37,BLK_37S,10,베이36B 론지취부,6,2025-03-09 22:14:44,2025-03-09 23:31:14,76.5,36B,베이36B,raw,
b110_sub_heavy_r1,MSF,Medium (81-140),110,sub_heavy,144.95,16,20250309,37,BLK_37S,10,베이36B 론지용접,7,2025-03-09 23:31:14,2025-03-09 23:55:38,24.4,36B,베이36B,raw,
b110_sub_heavy_r1,MSF,Medium (81-140),110,sub_heavy,144.95,16,20250309,37,BLK_37S,10,베이36B 수정,8,2025-03-09 23:55:38,2025-03-10 00:42:26,46.8,36B,베이36B,raw,
b110_sub_heavy_r1,MSF,Medium (81-140),110,sub_heavy,144.95,16,20250309,41,BLK_41C,11,판계,1,2025-03-09 12:34:00,2025-03-09 13:04:00,30.0,,공통,raw,
b110_sub_heavy_r1,MSF,Medium (81-140),110,sub_heavy,144.95,16,20250309,41,BLK_41C,11,전면SAW,2,2025-03-09 19:30:12,2025-03-09 20:08:14,38.0,,공통,raw,
b110_sub_heavy_r1,MSF,Medium (81-140),110,sub_heavy,144.95,16,20250309,41,BLK_41C,11,TurnOver,3,2025-03-09 20:08:14,2025-03-09 20:20:14,12.0,,공통,raw,
b110_sub_heavy_r1,MSF,Medium (81-140),110,sub_heavy,144.95,16,20250309,41,BLK_41C,11,후면SAW,4,2025-03-09 21:24:19,2025-03-09 21:53:13,28.9,,공통,raw,
b110_sub_heavy_r1,MSF,Medium (81-140),110,sub_heavy,144.95,16,20250309,41,BLK_41C,11,NC,5,2025-03-09 22:14:44,2025-03-09 23:03:02,48.3,,공통,raw,
b110_sub_heavy_r1,MSF,Medium (81-140),110,sub_heavy,144.95,16,20250309,41,BLK_41C,11,베이35A 론지취부,6,2025-03-09 23:03:02,2025-03-10 00:37:02,94.0,35A,베이35A,raw,
b110_sub_heavy_r1,MSF,Medium (81-140),110,sub_heavy,144.95,16,20250309,41,BLK_41C,11,베이35A 론지용접,7,2025-03-10 00:37:02,2025-03-10 01:04:26,27.4,35A,베이35A,raw,
b110_sub_heavy_r1,MSF,Medium (81-140),110,sub_heavy,144.95,16,20250309,41,BLK_41C,11,베이35A 수정,8,2025-03-10 01:04:26,2025-03-10 02:02:14,57.8,35A,베이35A,raw,
b110_sub_heavy_r1,MSF,Medium (81-140),110,sub_heavy,144.95,16,20250309,3,BLK_3C,12,판계,1,2025-03-09 13:04:00,2025-03-09 13:24:00,20.0,,공통,raw,
b110_sub_heavy_r1,MSF,Medium (81-140),110,sub_heavy,144.95,16,20250309,3,BLK_3C,12,전면SAW,2,2025-03-09 20:08:14,2025-03-09 20:40:26,32.2,,공통,raw,
b110_sub_heavy_r1,MSF,Medium (81-140),110,sub_heavy,144.95,16,20250309,3,BLK_3C,12,TurnOver,3,2025-03-09 20:40:26,2025-03-09 20:52:26,12.0,,공통,raw,
b110_sub_heavy_r1,MSF,Medium (81-140),110,sub_heavy,144.95,16,20250309,3,BLK_3C,12,후면SAW,4,2025-03-09 21:53:13,2025-03-09 22:14:28,21.2,,공통,raw,
b110_sub_heavy_r1,MSF,Medium (81-140),110,sub_heavy,144.95,16,20250309,3,BLK_3C,12,NC,5,2025-03-09 23:03:02,2025-03-09 23:29:06,26.1,,공통,raw,
b110_sub_heavy_r1,MSF,Medium (81-140),110,sub_heavy,144.95,16,20250309,3,BLK_3C,12,베이36B 론지취부,6,2025-03-09 23:31:14,2025-03-10 00:12:34,41.3,36B,베이36B,raw,
b110_sub_heavy_r1,MSF,Medium (81-140),110,sub_heavy,144.95,16,20250309,3,BLK_3C,12,베이36B 론지용접,7,2025-03-10 00:12:34,2025-03-10 00:29:22,16.8,36B,베이36B,raw,
b110_sub_heavy_r1,MSF,Medium (81-140),110,sub_heavy,144.95,16,20250309,3,BLK_3C,12,베이36B 수정,8,2025-03-10 00:42:26,2025-03-10 01:00:38,18.2,36B,베이36B,raw,
b110_sub_heavy_r1,MSF,Medium (81-140),110,sub_heavy,144.95,16,20250309,7,BLK_7P,13,판계,1,2025-03-09 13:24:00,2025-03-09 13:59:00,35.0,,공통,raw,
b110_sub_heavy_r1,MSF,Medium (81-140),110,sub_heavy,144.95,16,20250309,7,BLK_7P,13,전면SAW,2,2025-03-09 20:40:26,2025-03-09 22:56:18,135.9,,공통,raw,
b110_sub_heavy_r1,MSF,Medium (81-140),110,sub_heavy,144.95,16,20250309,7,BLK_7P,13,TurnOver,3,2025-03-09 22:56:18,2025-03-09 23:08:18,12.0,,공통,raw,
b110_sub_heavy_r1,MSF,Medium (81-140),110,sub_heavy,144.95,16,20250309,7,BLK_7P,13,후면SAW,4,2025-03-09 23:08:18,2025-03-10 00:47:06,98.8,,공통,raw,
b110_sub_heavy_r1,MSF,Medium (81-140),110,sub_heavy,144.95,16,20250309,7,BLK_7P,13,NC,5,2025-03-10 00:47:06,2025-03-10 01:23:19,36.2,,공통,raw,
b110_sub_heavy_r1,MSF,Medium (81-140),110,sub_heavy,144.95,16,20250309,7,BLK_7P,13,베이35A 론지취부,6,2025-03-10 01:23:19,2025-03-10 02:01:19,38.0,35A,베이35A,raw,
b110_sub_heavy_r1,MSF,Medium (81-140),110,sub_heavy,144.95,16,20250309,7,BLK_7P,13,베이35A 론지용접,7,2025-03-10 02:01:19,2025-03-10 02:15:07,13.8,35A,베이35A,raw,
b110_sub_heavy_r1,MSF,Medium (81-140),110,sub_heavy,144.95,16,20250309,7,BLK_7P,13,베이35A 수정,8,2025-03-10 02:15:07,2025-03-10 02:37:43,22.6,35A,베이35A,raw,
b110_sub_heavy_r1,MSF,Medium (81-140),110,sub_heavy,144.95,16,20250309,23,BLK_23P,14,판계,1,2025-03-09 13:59:00,2025-03-09 14:19:00,20.0,,공통,raw,
b110_sub_heavy_r1,MSF,Medium (81-140),110,sub_heavy,144.95,16,20250309,23,BLK_23P,14,전면SAW,2,2025-03-09 22:56:18,2025-03-09 23:29:51,33.5,,공통,raw,
b110_sub_heavy_r1,MSF,Medium (81-140),110,sub_heavy,144.95,16,20250309,23,BLK_23P,14,TurnOver,3,2025-03-09 23:29:51,2025-03-09 23:41:51,12.0,,공통,raw,
b110_sub_heavy_r1,MSF,Medium (81-140),110,sub_heavy,144.95,16,20250309,23,BLK_23P,14,후면SAW,4,2025-03-10 00:47:06,2025-03-10 01:10:07,23.0,,공통,raw,
b110_sub_heavy_r1,MSF,Medium (81-140),110,sub_heavy,144.95,16,20250309,23,BLK_23P,14,NC,5,2025-03-10 01:23:19,2025-03-10 01:48:16,24.9,,공통,raw,
b110_sub_heavy_r1,MSF,Medium (81-140),110,sub_heavy,144.95,16,20250309,23,BLK_23P,14,베이36B 론지취부,6,2025-03-10 01:48:16,2025-03-10 02:01:46,13.5,36B,베이36B,raw,
b110_sub_heavy_r1,MSF,Medium (81-140),110,sub_heavy,144.95,16,20250309,23,BLK_23P,14,베이36B 론지용접,7,2025-03-10 02:01:46,2025-03-10 02:15:22,13.6,36B,베이36B,raw,
b110_sub_heavy_r1,MSF,Medium (81-140),110,sub_heavy,144.95,16,20250309,23,BLK_23P,14,베이36B 수정,8,2025-03-10 02:15:22,2025-03-10 02:22:34,7.2,36B,베이36B,raw,
b110_sub_heavy_r1,MSF,Medium (81-140),110,sub_heavy,144.95,16,20250310,27,BLK_27S,1,판계,1,2025-03-10 08:00:00,2025-03-10 08:20:00,20.0,,공통,raw,
b110_sub_heavy_r1,MSF,Medium (81-140),110,sub_heavy,144.95,16,20250310,27,BLK_27S,1,전면SAW,2,2025-03-10 08:20:00,2025-03-10 09:06:34,46.6,,공통,raw,
b110_sub_heavy_r1,MSF,Medium (81-140),110,sub_heavy,144.95,16,20250310,27,BLK_27S,1,TurnOver,3,2025-03-10 09:06:34,2025-03-10 09:18:34,12.0,,공통,raw,
b110_sub_heavy_r1,MSF,Medium (81-140),110,sub_heavy,144.95,16,20250310,27,BLK_27S,1,후면SAW,4,2025-03-10 09:18:34,2025-03-10 09:58:45,40.2,,공통,raw,
b110_sub_heavy_r1,MSF,Medium (81-140),110,sub_heavy,144.95,16,20250310,27,BLK_27S,1,NC,5,2025-03-10 09:58:45,2025-03-10 10:27:44,29.0,,공통,raw,
b110_sub_heavy_r1,MSF,Medium (81-140),110,sub_heavy,144.95,16,20250310,27,BLK_27S,1,베이35A 론지취부,6,2025-03-10 10:27:44,2025-03-10 11:23:14,55.5,35A,베이35A,raw,
b110_sub_heavy_r1,MSF,Medium (81-140),110,sub_heavy,144.95,16,20250310,27,BLK_27S,1,베이35A 론지용접,7,2025-03-10 11:23:14,2025-03-10 11:44:02,20.8,35A,베이35A,raw,
b110_sub_heavy_r1,MSF,Medium (81-140),110,sub_heavy,144.95,16,20250310,27,BLK_27S,1,베이35A 수정,8,2025-03-10 11:44:02,2025-03-10 12:17:38,33.6,35A,베이35A,raw,
b110_sub_heavy_r1,MSF,Medium (81-140),110,sub_heavy,144.95,16,20250310,11,BLK_11P,2,판계,1,2025-03-10 08:20:00,2025-03-10 08:50:00,30.0,,공통,raw,
b110_sub_heavy_r1,MSF,Medium (81-140),110,sub_heavy,144.95,16,20250310,11,BLK_11P,2,전면SAW,2,2025-03-10 09:06:34,2025-03-10 10:40:07,93.5,,공통,raw,
b110_sub_heavy_r1,MSF,Medium (81-140),110,sub_heavy,144.95,16,20250310,11,BLK_11P,2,TurnOver,3,2025-03-10 10:40:07,2025-03-10 10:52:07,12.0,,공통,raw,
b110_sub_heavy_r1,MSF,Medium (81-140),110,sub_heavy,144.95,16,20250310,11,BLK_11P,2,후면SAW,4,2025-03-10 10:52:07,2025-03-10 12:05:10,73.0,,공통,raw,
b110_sub_heavy_r1,MSF,Medium (81-140),110,sub_heavy,144.95,16,20250310,11,BLK_11P,2,NC,5,2025-03-10 12:05:10,2025-03-10 12:57:15,52.1,,공통,raw,
b110_sub_heavy_r1,MSF,Medium (81-140),110,sub_heavy,144.95,16,20250310,11,BLK_11P,2,베이36B 론지취부,6,2025-03-10 12:57:15,2025-03-10 13:59:45,62.5,36B,베이36B,raw,
b110_sub_heavy_r1,MSF,Medium (81-140),110,sub_heavy,144.95,16,20250310,11,BLK_11P,2,베이36B 론지용접,7,2025-03-10 13:59:45,2025-03-10 14:21:45,22.0,36B,베이36B,raw,
b110_sub_heavy_r1,MSF,Medium (81-140),110,sub_heavy,144.95,16,20250310,11,BLK_11P,2,베이36B 수정,8,2025-03-10 14:21:45,2025-03-10 14:59:45,38.0,36B,베이36B,raw,
b110_sub_heavy_r1,MSF,Medium (81-140),110,sub_heavy,144.95,16,20250310,53,BLK_53P,3,판계,1,2025-03-10 08:50:00,2025-03-10 09:02:00,12.0,,공통,raw,
b110_sub_heavy_r1,MSF,Medium (81-140),110,sub_heavy,144.95,16,20250310,53,BLK_53P,3,전면SAW,2,2025-03-10 10:40:07,2025-03-10 11:15:18,35.2,,공통,raw,
b110_sub_heavy_r1,MSF,Medium (81-140),110,sub_heavy,144.95,16,20250310,53,BLK_53P,3,TurnOver,3,2025-03-10 11:15:18,2025-03-10 11:27:18,12.0,,공통,raw,
b110_sub_heavy_r1,MSF,Medium (81-140),110,sub_heavy,144.95,16,20250310,53,BLK_53P,3,후면SAW,4,2025-03-10 12:05:10,2025-03-10 12:30:20,25.2,,공통,raw,
b110_sub_heavy_r1,MSF,Medium (81-140),110,sub_heavy,144.95,16,20250310,53,BLK_53P,3,NC,5,2025-03-10 12:57:15,2025-03-10 13:19:27,22.2,,공통,raw,
b110_sub_heavy_r1,MSF,Medium (81-140),110,sub_heavy,144.95,16,20250310,53,BLK_53P,3,베이35A 론지취부,6,2025-03-10 13:19:27,2025-03-10 13:57:27,38.0,35A,베이35A,raw,
b110_sub_heavy_r1,MSF,Medium (81-140),110,sub_heavy,144.95,16,20250310,53,BLK_53P,3,베이35A 론지용접,7,2025-03-10 13:57:27,2025-03-10 14:15:15,17.8,35A,베이35A,raw,
b110_sub_heavy_r1,MSF,Medium (81-140),110,sub_heavy,144.95,16,20250310,53,BLK_53P,3,베이35A 수정,8,2025-03-10 14:15:15,2025-03-10 14:37:51,22.6,35A,베이35A,raw,
b110_sub_heavy_r1,MSF,Medium (81-140),110,sub_heavy,144.95,16,20250310,45,BLK_45C,4,판계,1,2025-03-10 09:02:00,2025-03-10 09:22:00,20.0,,공통,raw,
b110_sub_heavy_r1,MSF,Medium (81-140),110,sub_heavy,144.95,16,20250310,45,BLK_45C,4,전면SAW,2,2025-03-10 11:15:18,2025-03-10 13:01:56,106.6,,공통,raw,
b110_sub_heavy_r1,MSF,Medium (81-140),110,sub_heavy,144.95,16,20250310,45,BLK_45C,4,TurnOver,3,2025-03-10 13:01:56,2025-03-10 13:13:56,12.0,,공통,raw,
b110_sub_heavy_r1,MSF,Medium (81-140),110,sub_heavy,144.95,16,20250310,45,BLK_45C,4,후면SAW,4,2025-03-10 13:13:56,2025-03-10 14:38:55,85.0,,공통,raw,
b110_sub_heavy_r1,MSF,Medium (81-140),110,sub_heavy,144.95,16,20250310,45,BLK_45C,4,NC,5,2025-03-10 14:38:55,2025-03-10 15:04:52,25.9,,공통,raw,
b110_sub_heavy_r1,MSF,Medium (81-140),110,sub_heavy,144.95,16,20250310,45,BLK_45C,4,베이36B 론지취부,6,2025-03-10 15:04:52,2025-03-10 15:46:22,41.5,36B,베이36B,raw,
b110_sub_heavy_r1,MSF,Medium (81-140),110,sub_heavy,144.95,16,20250310,45,BLK_45C,4,베이36B 론지용접,7,2025-03-10 15:46:22,2025-03-10 16:00:46,14.4,36B,베이36B,raw,
b110_sub_heavy_r1,MSF,Medium (81-140),110,sub_heavy,144.95,16,20250310,45,BLK_45C,4,베이36B 수정,8,2025-03-10 16:00:46,2025-03-10 16:25:34,24.8,36B,베이36B,raw,
b110_sub_heavy_r1,MSF,Medium (81-140),110,sub_heavy,144.95,16,20250310,24,BLK_24C,5,판계,1,2025-03-10 09:22:00,2025-03-10 09:42:00,20.0,,공통,raw,
b110_sub_heavy_r1,MSF,Medium (81-140),110,sub_heavy,144.95,16,20250310,24,BLK_24C,5,전면SAW,2,2025-03-10 13:01:56,2025-03-10 13:33:55,32.0,,공통,raw,
b110_sub_heavy_r1,MSF,Medium (81-140),110,sub_heavy,144.95,16,20250310,24,BLK_24C,5,TurnOver,3,2025-03-10 13:33:55,2025-03-10 13:45:55,12.0,,공통,raw,
b110_sub_heavy_r1,MSF,Medium (81-140),110,sub_heavy,144.95,16,20250310,24,BLK_24C,5,후면SAW,4,2025-03-10 14:38:55,2025-03-10 14:59:53,21.0,,공통,raw,
b110_sub_heavy_r1,MSF,Medium (81-140),110,sub_heavy,144.95,16,20250310,24,BLK_24C,5,NC,5,2025-03-10 15:04:52,2025-03-10 15:30:44,25.9,,공통,raw,
b110_sub_heavy_r1,MSF,Medium (81-140),110,sub_heavy,144.95,16,20250310,24,BLK_24C,5,베이35A 론지취부,6,2025-03-10 15:30:44,2025-03-10 16:08:44,38.0,35A,베이35A,raw,
b110_sub_heavy_r1,MSF,Medium (81-140),110,sub_heavy,144.95,16,20250310,24,BLK_24C,5,베이35A 론지용접,7,2025-03-10 16:08:44,2025-03-10 16:22:32,13.8,35A,베이35A,raw,
b110_sub_heavy_r1,MSF,Medium (81-140),110,sub_heavy,144.95,16,20250310,24,BLK_24C,5,베이35A 수정,8,2025-03-10 16:22:32,2025-03-10 16:45:08,22.6,35A,베이35A,raw,
b110_sub_heavy_r1,MSF,Medium (81-140),110,sub_heavy,144.95,16,20250310,65,BLK_65S,6,판계,1,2025-03-10 09:42:00,2025-03-10 10:10:00,28.0,,공통,raw,
b110_sub_heavy_r1,MSF,Medium (81-140),110,sub_heavy,144.95,16,20250310,65,BLK_65S,6,전면SAW,2,2025-03-10 13:33:55,2025-03-10 15:49:52,136.0,,공통,raw,
b110_sub_heavy_r1,MSF,Medium (81-140),110,sub_heavy,144.95,16,20250310,65,BLK_65S,6,TurnOver,3,2025-03-10 15:49:52,2025-03-10 16:01:52,12.0,,공통,raw,
b110_sub_heavy_r1,MSF,Medium (81-140),110,sub_heavy,144.95,16,20250310,65,BLK_65S,6,후면SAW,4,2025-03-10 16:01:52,2025-03-10 18:22:25,140.5,,공통,raw,
b110_sub_heavy_r1,MSF,Medium (81-140),110,sub_heavy,144.95,16,20250310,65,BLK_65S,6,NC,5,2025-03-10 18:22:25,2025-03-10 18:55:26,33.0,,공통,raw,
b110_sub_heavy_r1,MSF,Medium (81-140),110,sub_heavy,144.95,16,20250310,65,BLK_65S,6,베이36B 론지취부,6,2025-03-10 18:55:26,2025-03-10 19:47:26,52.0,36B,베이36B,raw,
b110_sub_heavy_r1,MSF,Medium (81-140),110,sub_heavy,144.95,16,20250310,65,BLK_65S,6,베이36B 론지용접,7,2025-03-10 19:47:26,2025-03-10 20:07:38,20.2,36B,베이36B,raw,
b110_sub_heavy_r1,MSF,Medium (81-140),110,sub_heavy,144.95,16,20250310,65,BLK_65S,6,베이36B 수정,8,2025-03-10 20:07:38,2025-03-10 20:39:02,31.4,36B,베이36B,raw,
b110_sub_heavy_r1,MSF,Medium (81-140),110,sub_heavy,144.95,16,20250310,75,BLK_75C,7,판계,1,2025-03-10 10:10:00,2025-03-10 10:30:00,20.0,,공통,raw,
b110_sub_heavy_r1,MSF,Medium (81-140),110,sub_heavy,144.95,16,20250310,75,BLK_75C,7,전면SAW,2,2025-03-10 15:49:52,2025-03-10 16:22:43,32.9,,공통,raw,
b110_sub_heavy_r1,MSF,Medium (81-140),110,sub_heavy,144.95,16,20250310,75,BLK_75C,7,TurnOver,3,2025-03-10 16:22:43,2025-03-10 16:34:43,12.0,,공통,raw,
b110_sub_heavy_r1,MSF,Medium (81-140),110,sub_heavy,144.95,16,20250310,75,BLK_75C,7,후면SAW,4,2025-03-10 18:22:25,2025-03-10 18:44:31,22.1,,공통,raw,
b110_sub_heavy_r1,MSF,Medium (81-140),110,sub_heavy,144.95,16,20250310,75,BLK_75C,7,NC,5,2025-03-10 18:55:26,2025-03-10 19:21:08,25.7,,공통,raw,
b110_sub_heavy_r1,MSF,Medium (81-140),110,sub_heavy,144.95,16,20250310,75,BLK_75C,7,베이35A 론지취부,6,2025-03-10 19:21:08,2025-03-10 20:02:38,41.5,35A,베이35A,raw,
b110_sub_heavy_r1,MSF,Medium (81-140),110,sub_heavy,144.95,16,20250310,75,BLK_75C,7,베이35A 론지용접,7,2025-03-10 20:02:38,2025-03-10 20:17:02,14.4,35A,베이35A,raw,
b110_sub_heavy_r1,MSF,Medium (81-140),110,sub_heavy,144.95,16,20250310,75,BLK_75C,7,베이35A 수정,8,2025-03-10 20:17:02,2025-03-10 20:41:50,24.8,35A,베이35A,raw,
b110_sub_heavy_r1,MSF,Medium (81-140),110,sub_heavy,144.95,16,20250310,4,BLK_4C,8,판계,1,2025-03-10 10:30:00,2025-03-10 11:10:00,40.0,,공통,raw,
b110_sub_heavy_r1,MSF,Medium (81-140),110,sub_heavy,144.95,16,20250310,4,BLK_4C,8,전면SAW,2,2025-03-10 16:22:43,2025-03-10 19:18:03,175.3,,공통,raw,
b110_sub_heavy_r1,MSF,Medium (81-140),110,sub_heavy,144.95,16,20250310,4,BLK_4C,8,TurnOver,3,2025-03-10 19:18:03,2025-03-10 19:30:03,12.0,,공통,raw,
b110_sub_heavy_r1,MSF,Medium (81-140),110,sub_heavy,144.95,16,20250310,4,BLK_4C,8,후면SAW,4,2025-03-10 19:30:03,2025-03-10 21:37:29,127.4,,공통,raw,
b110_sub_heavy_r1,MSF,Medium (81-140),110,sub_heavy,144.95,16,20250310,4,BLK_4C,8,NC,5,2025-03-10 21:37:29,2025-03-10 22:29:15,51.8,,공통,raw,
b110_sub_heavy_r1,MSF,Medium (81-140),110,sub_heavy,144.95,16,20250310,4,BLK_4C,8,베이36B 론지취부,6,2025-03-10 22:29:15,2025-03-10 23:56:15,87.0,36B,베이36B,raw,
b110_sub_heavy_r1,MSF,Medium (81-140),110,sub_heavy,144.95,16,20250310,4,BLK_4C,8,베이36B 론지용접,7,2025-03-10 23:56:15,2025-03-11 00:22:27,26.2,36B,베이36B,raw,
b110_sub_heavy_r1,MSF,Medium (81-140),110,sub_heavy,144.95,16,20250310,4,BLK_4C,8,베이36B 수정,8,2025-03-11 00:22:27,2025-03-11 01:15:51,53.4,36B,베이36B,raw,
b110_sub_heavy_r1,MSF,Medium (81-140),110,sub_heavy,144.95,16,20250310,73,BLK_73C,9,판계,1,2025-03-10 11:10:00,2025-03-10 11:43:00,33.0,,공통,raw,
b110_sub_heavy_r1,MSF,Medium (81-140),110,sub_heavy,144.95,16,20250310,73,BLK_73C,9,전면SAW,2,2025-03-10 19:18:03,2025-03-10 21:24:25,126.4,,공통,raw,
b110_sub_heavy_r1,MSF,Medium (81-140),110,sub_heavy,144.95,16,20250310,73,BLK_73C,9,TurnOver,3,2025-03-10 21:24:25,2025-03-10 21:36:25,12.0,,공통,raw,
b110_sub_heavy_r1,MSF,Medium (81-140),110,sub_heavy,144.95,16,20250310,73,BLK_73C,9,후면SAW,4,2025-03-10 21:37:29,2025-03-10 23:20:28,103.0,,공통,raw,
b110_sub_heavy_r1,MSF,Medium (81-140),110,sub_heavy,144.95,16,20250310,73,BLK_73C,9,NC,5,2025-03-10 23:20:28,2025-03-11 00:02:18,41.8,,공통,raw,
b110_sub_heavy_r1,MSF,Medium (81-140),110,sub_heavy,144.95,16,20250310,73,BLK_73C,9,베이35A 론지취부,6,2025-03-11 00:02:18,2025-03-11 01:04:48,62.5,35A,베이35A,raw,
b110_sub_heavy_r1,MSF,Medium (81-140),110,sub_heavy,144.95,16,20250310,73,BLK_73C,9,베이35A 론지용접,7,2025-03-11 01:04:48,2025-03-11 01:26:48,22.0,35A,베이35A,raw,
b110_sub_heavy_r1,MSF,Medium (81-140),110,sub_heavy,144.95,16,20250310,73,BLK_73C,9,베이35A 수정,8,2025-03-11 01:26:48,2025-03-11 02:04:48,38.0,35A,베이35A,raw,
b110_sub_heavy_r1,MSF,Medium (81-140),110,sub_heavy,144.95,16,20250310,43,BLK_43C,10,판계,1,2025-03-10 11:43:00,2025-03-10 12:13:00,30.0,,공통,raw,
b110_sub_heavy_r1,MSF,Medium (81-140),110,sub_heavy,144.95,16,20250310,43,BLK_43C,10,전면SAW,2,2025-03-10 21:24:25,2025-03-10 21:56:48,32.4,,공통,raw,
b110_sub_heavy_r1,MSF,Medium (81-140),110,sub_heavy,144.95,16,20250310,43,BLK_43C,10,TurnOver,3,2025-03-10 21:56:48,2025-03-10 22:08:48,12.0,,공통,raw,
b110_sub_heavy_r1,MSF,Medium (81-140),110,sub_heavy,144.95,16,20250310,43,BLK_43C,10,후면SAW,4,2025-03-10 23:20:28,2025-03-10 23:41:57,21.5,,공통,raw,
b110_sub_heavy_r1,MSF,Medium (81-140),110,sub_heavy,144.95,16,20250310,43,BLK_43C,10,NC,5,2025-03-11 00:02:18,2025-03-11 00:44:31,42.2,,공통,raw,
b110_sub_heavy_r1,MSF,Medium (81-140),110,sub_heavy,144.95,16,20250310,43,BLK_43C,10,베이36B 론지취부,6,2025-03-11 00:44:31,2025-03-11 01:50:31,66.0,36B,베이36B,raw,
b110_sub_heavy_r1,MSF,Medium (81-140),110,sub_heavy,144.95,16,20250310,43,BLK_43C,10,베이36B 론지용접,7,2025-03-11 01:50:31,2025-03-11 02:13:07,22.6,36B,베이36B,raw,
b110_sub_heavy_r1,MSF,Medium (81-140),110,sub_heavy,144.95,16,20250310,43,BLK_43C,10,베이36B 수정,8,2025-03-11 02:13:07,2025-03-11 02:53:19,40.2,36B,베이36B,raw,
b110_sub_heavy_r1,MSF,Medium (81-140),110,sub_heavy,144.95,16,20250310,55,BLK_55P,11,판계,1,2025-03-10 12:13:00,2025-03-10 12:43:00,30.0,,공통,raw,
b110_sub_heavy_r1,MSF,Medium (81-140),110,sub_heavy,144.95,16,20250310,55,BLK_55P,11,전면SAW,2,2025-03-10 21:56:48,2025-03-10 22:28:06,31.3,,공통,raw,
b110_sub_heavy_r1,MSF,Medium (81-140),110,sub_heavy,144.95,16,20250310,55,BLK_55P,11,TurnOver,3,2025-03-10 22:28:06,2025-03-10 22:40:06,12.0,,공통,raw,
b110_sub_heavy_r1,MSF,Medium (81-140),110,sub_heavy,144.95,16,20250310,55,BLK_55P,11,후면SAW,4,2025-03-10 23:41:57,2025-03-11 00:02:00,20.1,,공통,raw,
b110_sub_heavy_r1,MSF,Medium (81-140),110,sub_heavy,144.95,16,20250310,55,BLK_55P,11,NC,5,2025-03-11 00:44:31,2025-03-11 01:26:45,42.2,,공통,raw,
b110_sub_heavy_r1,MSF,Medium (81-140),110,sub_heavy,144.95,16,20250310,55,BLK_55P,11,베이35A 론지취부,6,2025-03-11 01:26:45,2025-03-11 02:50:15,83.5,35A,베이35A,raw,
b110_sub_heavy_r1,MSF,Medium (81-140),110,sub_heavy,144.95,16,20250310,55,BLK_55P,11,베이35A 론지용접,7,2025-03-11 02:50:15,2025-03-11 03:15:51,25.6,35A,베이35A,raw,
b110_sub_heavy_r1,MSF,Medium (81-140),110,sub_heavy,144.95,16,20250310,55,BLK_55P,11,베이35A 수정,8,2025-03-11 03:15:51,2025-03-11 04:07:03,51.2,35A,베이35A,raw,
b110_sub_heavy_r1,MSF,Medium (81-140),110,sub_heavy,144.95,16,20250310,16,BLK_16C,12,판계,1,2025-03-10 12:43:00,2025-03-10 13:13:00,30.0,,공통,raw,
b110_sub_heavy_r1,MSF,Medium (81-140),110,sub_heavy,144.95,16,20250310,16,BLK_16C,12,전면SAW,2,2025-03-10 22:28:06,2025-03-10 22:58:48,30.7,,공통,raw,
b110_sub_heavy_r1,MSF,Medium (81-140),110,sub_heavy,144.95,16,20250310,16,BLK_16C,12,TurnOver,3,2025-03-10 22:58:48,2025-03-10 23:10:48,12.0,,공통,raw,
b110_sub_heavy_r1,MSF,Medium (81-140),110,sub_heavy,144.95,16,20250310,16,BLK_16C,12,후면SAW,4,2025-03-11 00:02:00,2025-03-11 00:21:16,19.3,,공통,raw,
b110_sub_heavy_r1,MSF,Medium (81-140),110,sub_heavy,144.95,16,20250310,16,BLK_16C,12,NC,5,2025-03-11 01:26:45,2025-03-11 02:15:30,48.8,,공통,raw,
b110_sub_heavy_r1,MSF,Medium (81-140),110,sub_heavy,144.95,16,20250310,16,BLK_16C,12,베이36B 론지취부,6,2025-03-11 02:15:30,2025-03-11 03:42:30,87.0,36B,베이36B,raw,
b110_sub_heavy_r1,MSF,Medium (81-140),110,sub_heavy,144.95,16,20250310,16,BLK_16C,12,베이36B 론지용접,7,2025-03-11 03:42:30,2025-03-11 04:08:42,26.2,36B,베이36B,raw,
b110_sub_heavy_r1,MSF,Medium (81-140),110,sub_heavy,144.95,16,20250310,16,BLK_16C,12,베이36B 수정,8,2025-03-11 04:08:42,2025-03-11 05:02:06,53.4,36B,베이36B,raw,
b110_sub_heavy_r1,MSF,Medium (81-140),110,sub_heavy,144.95,16,20250310,8,BLK_8C,13,판계,1,2025-03-10 13:13:00,2025-03-10 13:58:00,45.0,,공통,raw,
b110_sub_heavy_r1,MSF,Medium (81-140),110,sub_heavy,144.95,16,20250310,8,BLK_8C,13,전면SAW,2,2025-03-10 22:58:48,2025-03-11 00:42:28,103.7,,공통,raw,
b110_sub_heavy_r1,MSF,Medium (81-140),110,sub_heavy,144.95,16,20250310,8,BLK_8C,13,TurnOver,3,2025-03-11 00:42:28,2025-03-11 00:54:28,12.0,,공통,raw,
b110_sub_heavy_r1,MSF,Medium (81-140),110,sub_heavy,144.95,16,20250310,8,BLK_8C,13,후면SAW,4,2025-03-11 00:54:28,2025-03-11 02:37:21,102.9,,공통,raw,
b110_sub_heavy_r1,MSF,Medium (81-140),110,sub_heavy,144.95,16,20250310,8,BLK_8C,13,NC,5,2025-03-11 02:37:21,2025-03-11 03:34:55,57.6,,공통,raw,
b110_sub_heavy_r1,MSF,Medium (81-140),110,sub_heavy,144.95,16,20250310,8,BLK_8C,13,베이35A 론지취부,6,2025-03-11 03:34:55,2025-03-11 04:37:25,62.5,35A,베이35A,raw,
b110_sub_heavy_r1,MSF,Medium (81-140),110,sub_heavy,144.95,16,20250310,8,BLK_8C,13,베이35A 론지용접,7,2025-03-11 04:37:25,2025-03-11 04:59:25,22.0,35A,베이35A,raw,
b110_sub_heavy_r1,MSF,Medium (81-140),110,sub_heavy,144.95,16,20250310,8,BLK_8C,13,베이35A 수정,8,2025-03-11 04:59:25,2025-03-11 05:37:25,38.0,35A,베이35A,raw,
b110_sub_heavy_r1,MSF,Medium (81-140),110,sub_heavy,144.95,16,20250310,85,BLK_85S,14,판계,1,2025-03-10 13:58:00,2025-03-10 14:18:00,20.0,,공통,raw,
b110_sub_heavy_r1,MSF,Medium (81-140),110,sub_heavy,144.95,16,20250310,85,BLK_85S,14,전면SAW,2,2025-03-11 00:42:28,2025-03-11 01:20:16,37.8,,공통,raw,
b110_sub_heavy_r1,MSF,Medium (81-140),110,sub_heavy,144.95,16,20250310,85,BLK_85S,14,TurnOver,3,2025-03-11 01:20:16,2025-03-11 01:32:16,12.0,,공통,raw,
b110_sub_heavy_r1,MSF,Medium (81-140),110,sub_heavy,144.95,16,20250310,85,BLK_85S,14,후면SAW,4,2025-03-11 02:37:21,2025-03-11 03:05:58,28.6,,공통,raw,
b110_sub_heavy_r1,MSF,Medium (81-140),110,sub_heavy,144.95,16,20250310,85,BLK_85S,14,NC,5,2025-03-11 03:34:55,2025-03-11 04:05:12,30.3,,공통,raw,
b110_sub_heavy_r1,MSF,Medium (81-140),110,sub_heavy,144.95,16,20250310,85,BLK_85S,14,베이36B 론지취부,6,2025-03-11 04:05:12,2025-03-11 05:04:12,59.0,36B,베이36B,raw,
b110_sub_heavy_r1,MSF,Medium (81-140),110,sub_heavy,144.95,16,20250310,85,BLK_85S,14,베이36B 론지용접,7,2025-03-11 05:04:12,2025-03-11 05:25:36,21.4,36B,베이36B,raw,
b110_sub_heavy_r1,MSF,Medium (81-140),110,sub_heavy,144.95,16,20250310,85,BLK_85S,14,베이36B 수정,8,2025-03-11 05:25:36,2025-03-11 06:01:24,35.8,36B,베이36B,raw,
b110_sub_heavy_r1,MSF,Medium (81-140),110,sub_heavy,144.95,16,20250310,95,BLK_95C,15,판계,1,2025-03-10 14:18:00,2025-03-10 14:48:00,30.0,,공통,raw,
b110_sub_heavy_r1,MSF,Medium (81-140),110,sub_heavy,144.95,16,20250310,95,BLK_95C,15,전면SAW,2,2025-03-11 01:20:16,2025-03-11 01:52:13,31.9,,공통,raw,
b110_sub_heavy_r1,MSF,Medium (81-140),110,sub_heavy,144.95,16,20250310,95,BLK_95C,15,TurnOver,3,2025-03-11 01:52:13,2025-03-11 02:04:13,12.0,,공통,raw,
b110_sub_heavy_r1,MSF,Medium (81-140),110,sub_heavy,144.95,16,20250310,95,BLK_95C,15,후면SAW,4,2025-03-11 03:05:58,2025-03-11 03:26:53,20.9,,공통,raw,
b110_sub_heavy_r1,MSF,Medium (81-140),110,sub_heavy,144.95,16,20250310,95,BLK_95C,15,NC,5,2025-03-11 04:05:12,2025-03-11 04:47:01,41.8,,공통,raw,
b110_sub_heavy_r1,MSF,Medium (81-140),110,sub_heavy,144.95,16,20250310,95,BLK_95C,15,베이35A 론지취부,6,2025-03-11 04:47:01,2025-03-11 06:17:31,90.5,35A,베이35A,raw,
b110_sub_heavy_r1,MSF,Medium (81-140),110,sub_heavy,144.95,16,20250310,95,BLK_95C,15,베이35A 론지용접,7,2025-03-11 06:17:31,2025-03-11 06:44:19,26.8,35A,베이35A,raw,
b110_sub_heavy_r1,MSF,Medium (81-140),110,sub_heavy,144.95,16,20250310,95,BLK_95C,15,베이35A 수정,8,2025-03-11 06:44:19,2025-03-11 07:39:55,55.6,35A,베이35A,raw,
b110_sub_heavy_r1,MSF,Medium (81-140),110,sub_heavy,144.95,16,20250310,12,BLK_12C,16,판계,1,2025-03-10 14:48:00,2025-03-10 15:33:00,45.0,,공통,raw,
b110_sub_heavy_r1,MSF,Medium (81-140),110,sub_heavy,144.95,16,20250310,12,BLK_12C,16,전면SAW,2,2025-03-11 01:52:13,2025-03-11 03:39:35,107.4,,공통,raw,
b110_sub_heavy_r1,MSF,Medium (81-140),110,sub_heavy,144.95,16,20250310,12,BLK_12C,16,TurnOver,3,2025-03-11 03:39:35,2025-03-11 03:51:35,12.0,,공통,raw,
b110_sub_heavy_r1,MSF,Medium (81-140),110,sub_heavy,144.95,16,20250310,12,BLK_12C,16,후면SAW,4,2025-03-11 03:51:35,2025-03-11 05:38:47,107.2,,공통,raw,
b110_sub_heavy_r1,MSF,Medium (81-140),110,sub_heavy,144.95,16,20250310,12,BLK_12C,16,NC,5,2025-03-11 05:38:47,2025-03-11 06:37:05,58.3,,공통,raw,
b110_sub_heavy_r1,MSF,Medium (81-140),110,sub_heavy,144.95,16,20250310,12,BLK_12C,16,베이36B 론지취부,6,2025-03-11 06:37:05,2025-03-11 08:00:35,83.5,36B,베이36B,raw,
b110_sub_heavy_r1,MSF,Medium (81-140),110,sub_heavy,144.95,16,20250310,12,BLK_12C,16,베이36B 론지용접,7,2025-03-11 08:00:35,2025-03-11 08:26:11,25.6,36B,베이36B,raw,
b110_sub_heavy_r1,MSF,Medium (81-140),110,sub_heavy,144.95,16,20250310,12,BLK_12C,16,베이36B 수정,8,2025-03-11 08:26:11,2025-03-11 09:17:23,51.2,36B,베이36B,raw,
b110_sub_heavy_r1,MSF,Medium (81-140),110,sub_heavy,144.95,16,20250310,39,BLK_39C,17,판계,1,2025-03-10 15:33:00,2025-03-10 15:53:00,20.0,,공통,raw,
b110_sub_heavy_r1,MSF,Medium (81-140),110,sub_heavy,144.95,16,20250310,39,BLK_39C,17,전면SAW,2,2025-03-11 03:39:35,2025-03-11 04:14:44,35.1,,공통,raw,
b110_sub_heavy_r1,MSF,Medium (81-140),110,sub_heavy,144.95,16,20250310,39,BLK_39C,17,TurnOver,3,2025-03-11 04:14:44,2025-03-11 04:26:44,12.0,,공통,raw,
b110_sub_heavy_r1,MSF,Medium (81-140),110,sub_heavy,144.95,16,20250310,39,BLK_39C,17,후면SAW,4,2025-03-11 05:38:47,2025-03-11 06:03:54,25.1,,공통,raw,
b110_sub_heavy_r1,MSF,Medium (81-140),110,sub_heavy,144.95,16,20250310,39,BLK_39C,17,NC,5,2025-03-11 06:37:05,2025-03-11 07:05:16,28.2,,공통,raw,
b110_sub_heavy_r1,MSF,Medium (81-140),110,sub_heavy,144.95,16,20250310,39,BLK_39C,17,베이35A 론지취부,6,2025-03-11 07:05:16,2025-03-11 07:46:46,41.5,35A,베이35A,raw,
b110_sub_heavy_r1,MSF,Medium (81-140),110,sub_heavy,144.95,16,20250310,39,BLK_39C,17,베이35A 론지용접,7,2025-03-11 07:46:46,2025-03-11 08:05:10,18.4,35A,베이35A,raw,
b110_sub_heavy_r1,MSF,Medium (81-140),110,sub_heavy,144.95,16,20250310,39,BLK_39C,17,베이35A 수정,8,2025-03-11 08:05:10,2025-03-11 08:29:58,24.8,35A,베이35A,raw,
b110_sub_heavy_r1,MSF,Medium (81-140),110,sub_heavy,144.95,16,20250310,19,BLK_19P,18,판계,1,2025-03-10 15:53:00,2025-03-10 16:32:00,39.0,,공통,raw,
b110_sub_heavy_r1,MSF,Medium (81-140),110,sub_heavy,144.95,16,20250310,19,BLK_19P,18,전면SAW,2,2025-03-11 04:14:44,2025-03-11 07:14:00,179.3,,공통,raw,
b110_sub_heavy_r1,MSF,Medium (81-140),110,sub_heavy,144.95,16,20250310,19,BLK_19P,18,TurnOver,3,2025-03-11 07:14:00,2025-03-11 07:26:00,12.0,,공통,raw,
b110_sub_heavy_r1,MSF,Medium (81-140),110,sub_heavy,144.95,16,20250310,19,BLK_19P,18,후면SAW,4,2025-03-11 07:26:00,2025-03-11 09:52:42,146.7,,공통,raw,
b110_sub_heavy_r1,MSF,Medium (81-140),110,sub_heavy,144.95,16,20250310,19,BLK_19P,18,NC,5,2025-03-11 09:52:42,2025-03-11 10:38:42,46.0,,공통,raw,
b110_sub_heavy_r1,MSF,Medium (81-140),110,sub_heavy,144.95,16,20250310,19,BLK_19P,18,베이36B 론지취부,6,2025-03-11 10:38:42,2025-03-11 11:34:12,55.5,36B,베이36B,raw,
b110_sub_heavy_r1,MSF,Medium (81-140),110,sub_heavy,144.95,16,20250310,19,BLK_19P,18,베이36B 론지용접,7,2025-03-11 11:34:12,2025-03-11 11:55:00,20.8,36B,베이36B,raw,
b110_sub_heavy_r1,MSF,Medium (81-140),110,sub_heavy,144.95,16,20250310,19,BLK_19P,18,베이36B 수정,8,2025-03-11 11:55:00,2025-03-11 12:28:36,33.6,36B,베이36B,raw,
b110_sub_heavy_r1,MSF,Medium (81-140),110,sub_heavy,144.95,16,20250310,28,BLK_28S,19,판계,1,2025-03-10 16:32:00,2025-03-10 17:02:00,30.0,,공통,raw,
b110_sub_heavy_r1,MSF,Medium (81-140),110,sub_heavy,144.95,16,20250310,28,BLK_28S,19,전면SAW,2,2025-03-11 07:14:00,2025-03-11 07:44:58,31.0,,공통,raw,
b110_sub_heavy_r1,MSF,Medium (81-140),110,sub_heavy,144.95,16,20250310,28,BLK_28S,19,TurnOver,3,2025-03-11 07:44:58,2025-03-11 07:56:58,12.0,,공통,raw,
b110_sub_heavy_r1,MSF,Medium (81-140),110,sub_heavy,144.95,16,20250310,28,BLK_28S,19,후면SAW,4,2025-03-11 09:52:42,2025-03-11 10:12:20,19.6,,공통,raw,
b110_sub_heavy_r1,MSF,Medium (81-140),110,sub_heavy,144.95,16,20250310,28,BLK_28S,19,NC,5,2025-03-11 10:38:42,2025-03-11 11:22:21,43.6,,공통,raw,
b110_sub_heavy_r1,MSF,Medium (81-140),110,sub_heavy,144.95,16,20250310,28,BLK_28S,19,베이35A 론지취부,6,2025-03-11 11:22:21,2025-03-11 12:59:51,97.5,35A,베이35A,raw,
b110_sub_heavy_r1,MSF,Medium (81-140),110,sub_heavy,144.95,16,20250310,28,BLK_28S,19,베이35A 론지용접,7,2025-03-11 12:59:51,2025-03-11 13:27:51,28.0,35A,베이35A,raw,
b110_sub_heavy_r1,MSF,Medium (81-140),110,sub_heavy,144.95,16,20250310,28,BLK_28S,19,베이35A 수정,8,2025-03-11 13:27:51,2025-03-11 14:27:51,60.0,35A,베이35A,raw,
b110_sub_heavy_r1,MSF,Medium (81-140),110,sub_heavy,144.95,16,20250310,32,BLK_32S,20,판계,1,2025-03-10 17:02:00,2025-03-10 17:29:00,27.0,,공통,raw,
b110_sub_heavy_r1,MSF,Medium (81-140),110,sub_heavy,144.95,16,20250310,32,BLK_32S,20,전면SAW,2,2025-03-11 07:44:58,2025-03-11 10:04:31,139.6,,공통,raw,
b110_sub_heavy_r1,MSF,Medium (81-140),110,sub_heavy,144.95,16,20250310,32,BLK_32S,20,TurnOver,3,2025-03-11 10:04:31,2025-03-11 10:16:31,12.0,,공통,raw,
b110_sub_heavy_r1,MSF,Medium (81-140),110,sub_heavy,144.95,16,20250310,32,BLK_32S,20,후면SAW,4,2025-03-11 10:16:31,2025-03-11 11:58:18,101.8,,공통,raw,
b110_sub_heavy_r1,MSF,Medium (81-140),110,sub_heavy,144.95,16,20250310,32,BLK_32S,20,NC,5,2025-03-11 11:58:18,2025-03-11 12:29:31,31.2,,공통,raw,
b110_sub_heavy_r1,MSF,Medium (81-140),110,sub_heavy,144.95,16,20250310,32,BLK_32S,20,베이36B 론지취부,6,2025-03-11 12:29:31,2025-03-11 13:07:31,38.0,36B,베이36B,raw,
b110_sub_heavy_r1,MSF,Medium (81-140),110,sub_heavy,144.95,16,20250310,32,BLK_32S,20,베이36B 론지용접,7,2025-03-11 13:07:31,2025-03-11 13:21:19,13.8,36B,베이36B,raw,
b110_sub_heavy_r1,MSF,Medium (81-140),110,sub_heavy,144.95,16,20250310,32,BLK_32S,20,베이36B 수정,8,2025-03-11 13:21:19,2025-03-11 13:43:55,22.6,36B,베이36B,raw,
b110_sub_heavy_r1,MSF,Medium (81-140),110,sub_heavy,144.95,16,20250310,2,BLK_2C,21,판계,1,2025-03-10 17:29:00,2025-03-10 17:49:00,20.0,,공통,raw,
b110_sub_heavy_r1,MSF,Medium (81-140),110,sub_heavy,144.95,16,20250310,2,BLK_2C,21,전면SAW,2,2025-03-11 10:04:31,2025-03-11 11:19:41,75.2,,공통,raw,
b110_sub_heavy_r1,MSF,Medium (81-140),110,sub_heavy,144.95,16,20250310,2,BLK_2C,21,TurnOver,3,2025-03-11 11:19:41,2025-03-11 11:31:41,12.0,,공통,raw,
b110_sub_heavy_r1,MSF,Medium (81-140),110,sub_heavy,144.95,16,20250310,2,BLK_2C,21,후면SAW,4,2025-03-11 11:58:18,2025-03-11 12:54:34,56.3,,공통,raw,
b110_sub_heavy_r1,MSF,Medium (81-140),110,sub_heavy,144.95,16,20250310,2,BLK_2C,21,NC,5,2025-03-11 12:54:34,2025-03-11 13:19:53,25.3,,공통,raw,
b110_sub_heavy_r1,MSF,Medium (81-140),110,sub_heavy,144.95,16,20250310,2,BLK_2C,21,베이35A 론지취부,6,2025-03-11 13:19:53,2025-03-11 14:01:23,41.5,35A,베이35A,raw,
b110_sub_heavy_r1,MSF,Medium (81-140),110,sub_heavy,144.95,16,20250310,2,BLK_2C,21,베이35A 론지용접,7,2025-03-11 14:01:23,2025-03-11 14:15:47,14.4,35A,베이35A,raw,
b110_sub_heavy_r1,MSF,Medium (81-140),110,sub_heavy,144.95,16,20250310,2,BLK_2C,21,베이35A 수정,8,2025-03-11 14:27:51,2025-03-11 14:52:39,24.8,35A,베이35A,raw,
b110_sub_heavy_r1,MSF,Medium (81-140),110,sub_heavy,144.95,16,20250310,88,BLK_88P,22,판계,1,2025-03-10 17:49:00,2025-03-10 18:09:00,20.0,,공통,raw,
b110_sub_heavy_r1,MSF,Medium (81-140),110,sub_heavy,144.95,16,20250310,88,BLK_88P,22,전면SAW,2,2025-03-11 11:19:41,2025-03-11 13:14:22,114.7,,공통,raw,
b110_sub_heavy_r1,MSF,Medium (81-140),110,sub_heavy,144.95,16,20250310,88,BLK_88P,22,TurnOver,3,2025-03-11 13:14:22,2025-03-11 13:26:22,12.0,,공통,raw,
b110_sub_heavy_r1,MSF,Medium (81-140),110,sub_heavy,144.95,16,20250310,88,BLK_88P,22,후면SAW,4,2025-03-11 13:26:22,2025-03-11 14:58:42,92.3,,공통,raw,
b110_sub_heavy_r1,MSF,Medium (81-140),110,sub_heavy,144.95,16,20250310,88,BLK_88P,22,NC,5,2025-03-11 14:58:42,2025-03-11 15:26:21,27.6,,공통,raw,
b110_sub_heavy_r1,MSF,Medium (81-140),110,sub_heavy,144.95,16,20250310,88,BLK_88P,22,베이36B 론지취부,6,2025-03-11 15:26:21,2025-03-11 16:04:21,38.0,36B,베이36B,raw,
b110_sub_heavy_r1,MSF,Medium (81-140),110,sub_heavy,144.95,16,20250310,88,BLK_88P,22,베이36B 론지용접,7,2025-03-11 16:04:21,2025-03-11 16:22:09,17.8,36B,베이36B,raw,
b110_sub_heavy_r1,MSF,Medium (81-140),110,sub_heavy,144.95,16,20250310,88,BLK_88P,22,베이36B 수정,8,2025-03-11 16:22:09,2025-03-11 16:44:45,22.6,36B,베이36B,raw,
b110_sub_heavy_r1,MSF,Medium (81-140),110,sub_heavy,144.95,16,20250311,15,BLK_15C,1,판계,1,2025-03-11 08:00:00,2025-03-11 08:45:00,45.0,,공통,raw,
b110_sub_heavy_r1,MSF,Medium (81-140),110,sub_heavy,144.95,16,20250311,15,BLK_15C,1,전면SAW,2,2025-03-11 13:14:22,2025-03-11 13:53:03,38.7,,공통,raw,
b110_sub_heavy_r1,MSF,Medium (81-140),110,sub_heavy,144.95,16,20250311,15,BLK_15C,1,TurnOver,3,2025-03-11 13:53:03,2025-03-11 14:05:03,12.0,,공통,raw,
b110_sub_heavy_r1,MSF,Medium (81-140),110,sub_heavy,144.95,16,20250311,15,BLK_15C,1,후면SAW,4,2025-03-11 14:58:42,2025-03-11 15:28:28,29.8,,공통,raw,
b110_sub_heavy_r1,MSF,Medium (81-140),110,sub_heavy,144.95,16,20250311,15,BLK_15C,1,NC,5,2025-03-11 15:28:28,2025-03-11 16:23:21,54.9,,공통,raw,
b110_sub_heavy_r1,MSF,Medium (81-140),110,sub_heavy,144.95,16,20250311,15,BLK_15C,1,베이35A 론지취부,6,2025-03-11 16:23:21,2025-03-11 17:32:51,69.5,35A,베이35A,raw,
b110_sub_heavy_r1,MSF,Medium (81-140),110,sub_heavy,144.95,16,20250311,15,BLK_15C,1,베이35A 론지용접,7,2025-03-11 17:32:51,2025-03-11 17:56:03,23.2,35A,베이35A,raw,
b110_sub_heavy_r1,MSF,Medium (81-140),110,sub_heavy,144.95,16,20250311,15,BLK_15C,1,베이35A 수정,8,2025-03-11 17:56:03,2025-03-11 18:38:27,42.4,35A,베이35A,raw,
b110_sub_heavy_r1,MSF,Medium (81-140),110,sub_heavy,144.95,16,20250311,20,BLK_20S,2,판계,1,2025-03-11 08:45:00,2025-03-11 09:18:00,33.0,,공통,raw,
b110_sub_heavy_r1,MSF,Medium (81-140),110,sub_heavy,144.95,16,20250311,20,BLK_20S,2,전면SAW,2,2025-03-11 13:53:03,2025-03-11 15:23:30,90.5,,공통,raw,
b110_sub_heavy_r1,MSF,Medium (81-140),110,sub_heavy,144.95,16,20250311,20,BLK_20S,2,TurnOver,3,2025-03-11 15:23:30,2025-03-11 15:35:30,12.0,,공통,raw,
b110_sub_heavy_r1,MSF,Medium (81-140),110,sub_heavy,144.95,16,20250311,20,BLK_20S,2,후면SAW,4,2025-03-11 15:35:30,2025-03-11 16:45:43,70.2,,공통,raw,
b110_sub_heavy_r1,MSF,Medium (81-140),110,sub_heavy,144.95,16,20250311,20,BLK_20S,2,NC,5,2025-03-11 16:45:43,2025-03-11 17:25:01,39.3,,공통,raw,
b110_sub_heavy_r1,MSF,Medium (81-140),110,sub_heavy,144.95,16,20250311,20,BLK_20S,2,베이36B 론지취부,6,2025-03-11 17:25:01,2025-03-11 18:31:01,66.0,36B,베이36B,raw,
b110_sub_heavy_r1,MSF,Medium (81-140),110,sub_heavy,144.95,16,20250311,20,BLK_20S,2,베이36B 론지용접,7,2025-03-11 18:31:01,2025-03-11 18:53:37,22.6,36B,베이36B,raw,
b110_sub_heavy_r1,MSF,Medium (81-140),110,sub_heavy,144.95,16,20250311,20,BLK_20S,2,베이36B 수정,8,2025-03-11 18:53:37,2025-03-11 19:33:49,40.2,36B,베이36B,raw,
b110_sub_heavy_r1,MSF,Medium (81-140),110,sub_heavy,144.95,16,20250311,49,BLK_49C,3,판계,1,2025-03-11 09:18:00,2025-03-11 09:30:00,12.0,,공통,raw,
b110_sub_heavy_r1,MSF,Medium (81-140),110,sub_heavy,144.95,16,20250311,49,BLK_49C,3,전면SAW,2,2025-03-11 15:23:30,2025-03-11 16:02:40,39.2,,공통,raw,
b110_sub_heavy_r1,MSF,Medium (81-140),110,sub_heavy,144.95,16,20250311,49,BLK_49C,3,TurnOver,3,2025-03-11 16:02:40,2025-03-11 16:14:40,12.0,,공통,raw,
b110_sub_heavy_r1,MSF,Medium (81-140),110,sub_heavy,144.95,16,20250311,49,BLK_49C,3,후면SAW,4,2025-03-11 16:45:43,2025-03-11 17:16:07,30.4,,공통,raw,
b110_sub_heavy_r1,MSF,Medium (81-140),110,sub_heavy,144.95,16,20250311,49,BLK_49C,3,NC,5,2025-03-11 17:25:01,2025-03-11 17:45:54,20.9,,공통,raw,
b110_sub_heavy_r1,MSF,Medium (81-140),110,sub_heavy,144.95,16,20250311,49,BLK_49C,3,베이35A 론지취부,6,2025-03-11 17:45:54,2025-03-11 18:27:13,41.3,35A,베이35A,raw,
b110_sub_heavy_r1,MSF,Medium (81-140),110,sub_heavy,144.95,16,20250311,49,BLK_49C,3,베이35A 론지용접,7,2025-03-11 18:27:13,2025-03-11 18:44:01,16.8,35A,베이35A,raw,
b110_sub_heavy_r1,MSF,Medium (81-140),110,sub_heavy,144.95,16,20250311,49,BLK_49C,3,베이35A 수정,8,2025-03-11 18:44:01,2025-03-11 19:02:13,18.2,35A,베이35A,raw,
b110_sub_heavy_r1,MSF,Medium (81-140),110,sub_heavy,144.95,16,20250311,6,BLK_6C,4,판계,1,2025-03-11 09:30:00,2025-03-11 09:57:00,27.0,,공통,raw,
b110_sub_heavy_r1,MSF,Medium (81-140),110,sub_heavy,144.95,16,20250311,6,BLK_6C,4,전면SAW,2,2025-03-11 16:02:40,2025-03-11 18:28:06,145.4,,공통,raw,
b110_sub_heavy_r1,MSF,Medium (81-140),110,sub_heavy,144.95,16,20250311,6,BLK_6C,4,TurnOver,3,2025-03-11 18:28:06,2025-03-11 18:40:06,12.0,,공통,raw,
b110_sub_heavy_r1,MSF,Medium (81-140),110,sub_heavy,144.95,16,20250311,6,BLK_6C,4,후면SAW,4,2025-03-11 18:40:06,2025-03-11 20:45:31,125.4,,공통,raw,
b110_sub_heavy_r1,MSF,Medium (81-140),110,sub_heavy,144.95,16,20250311,6,BLK_6C,4,NC,5,2025-03-11 20:45:31,2025-03-11 21:17:24,31.9,,공통,raw,
b110_sub_heavy_r1,MSF,Medium (81-140),110,sub_heavy,144.95,16,20250311,6,BLK_6C,4,베이36B 론지취부,6,2025-03-11 21:17:24,2025-03-11 22:02:24,45.0,36B,베이36B,raw,
b110_sub_heavy_r1,MSF,Medium (81-140),110,sub_heavy,144.95,16,20250311,6,BLK_6C,4,베이36B 론지용접,7,2025-03-11 22:02:24,2025-03-11 22:21:24,19.0,36B,베이36B,raw,
b110_sub_heavy_r1,MSF,Medium (81-140),110,sub_heavy,144.95,16,20250311,6,BLK_6C,4,베이36B 수정,8,2025-03-11 22:21:24,2025-03-11 22:48:24,27.0,36B,베이36B,raw,
b110_sub_heavy_r1,MSF,Medium (81-140),110,sub_heavy,144.95,16,20250311,99,BLK_99C,5,판계,1,2025-03-11 09:57:00,2025-03-11 10:09:00,12.0,,공통,raw,
b110_sub_heavy_r1,MSF,Medium (81-140),110,sub_heavy,144.95,16,20250311,99,BLK_99C,5,전면SAW,2,2025-03-11 18:28:06,2025-03-11 19:09:09,41.1,,공통,raw,
b110_sub_heavy_r1,MSF,Medium (81-140),110,sub_heavy,144.95,16,20250311,99,BLK_99C,5,TurnOver,3,2025-03-11 19:09:09,2025-03-11 19:21:09,12.0,,공통,raw,
b110_sub_heavy_r1,MSF,Medium (81-140),110,sub_heavy,144.95,16,20250311,99,BLK_99C,5,후면SAW,4,2025-03-11 20:45:31,2025-03-11 21:18:25,32.9,,공통,raw,
b110_sub_heavy_r1,MSF,Medium (81-140),110,sub_heavy,144.95,16,20250311,99,BLK_99C,5,NC,5,2025-03-11 21:18:25,2025-03-11 21:40:24,22.0,,공통,raw,
b110_sub_heavy_r1,MSF,Medium (81-140),110,sub_heavy,144.95,16,20250311,99,BLK_99C,5,베이35A 론지취부,6,2025-03-11 21:40:24,2025-03-11 22:32:24,52.0,35A,베이35A,raw,
b110_sub_heavy_r1,MSF,Medium (81-140),110,sub_heavy,144.95,16,20250311,99,BLK_99C,5,베이35A 론지용접,7,2025-03-11 22:32:24,2025-03-11 22:52:36,20.2,35A,베이35A,raw,
b110_sub_heavy_r1,MSF,Medium (81-140),110,sub_heavy,144.95,16,20250311,99,BLK_99C,5,베이35A 수정,8,2025-03-11 22:52:36,2025-03-11 23:24:00,31.4,35A,베이35A,raw,
b110_sub_heavy_r1,MSF,Medium (81-140),110,sub_heavy,144.95,16,20250311,61,BLK_61C,6,판계,1,2025-03-11 10:09:00,2025-03-11 10:29:00,20.0,,공통,raw,
b110_sub_heavy_r1,MSF,Medium (81-140),110,sub_heavy,144.95,16,20250311,61,BLK_61C,6,전면SAW,2,2025-03-11 19:09:09,2025-03-11 21:00:10,111.0,,공통,raw,
b110_sub_heavy_r1,MSF,Medium (81-140),110,sub_heavy,144.95,16,20250311,61,BLK_61C,6,TurnOver,3,2025-03-11 21:00:10,2025-03-11 21:12:10,12.0,,공통,raw,
b110_sub_heavy_r1,MSF,Medium (81-140),110,sub_heavy,144.95,16,20250311,61,BLK_61C,6,후면SAW,4,2025-03-11 21:18:25,2025-03-11 22:47:25,89.0,,공통,raw,
b110_sub_heavy_r1,MSF,Medium (81-140),110,sub_heavy,144.95,16,20250311,61,BLK_61C,6,NC,5,2025-03-11 22:47:25,2025-03-11 23:14:18,26.9,,공통,raw,
b110_sub_heavy_r1,MSF,Medium (81-140),110,sub_heavy,144.95,16,20250311,61,BLK_61C,6,베이36B 론지취부,6,2025-03-11 23:14:18,2025-03-11 23:52:18,38.0,36B,베이36B,raw,
b110_sub_heavy_r1,MSF,Medium (81-140),110,sub_heavy,144.95,16,20250311,61,BLK_61C,6,베이36B 론지용접,7,2025-03-11 23:52:18,2025-03-12 00:10:06,17.8,36B,베이36B,raw,
b110_sub_heavy_r1,MSF,Medium (81-140),110,sub_heavy,144.95,16,20250311,61,BLK_61C,6,베이36B 수정,8,2025-03-12 00:10:06,2025-03-12 00:32:42,22.6,36B,베이36B,raw,
b110_sub_heavy_r1,MSF,Medium (81-140),110,sub_heavy,144.95,16,20250311,46,BLK_46C,7,판계,1,2025-03-11 10:29:00,2025-03-11 10:57:00,28.0,,공통,raw,
b110_sub_heavy_r1,MSF,Medium (81-140),110,sub_heavy,144.95,16,20250311,46,BLK_46C,7,전면SAW,2,2025-03-11 21:00:10,2025-03-11 22:58:25,118.2,,공통,raw,
b110_sub_heavy_r1,MSF,Medium (81-140),110,sub_heavy,144.95,16,20250311,46,BLK_46C,7,TurnOver,3,2025-03-11 22:58:25,2025-03-11 23:10:25,12.0,,공통,raw,
b110_sub_heavy_r1,MSF,Medium (81-140),110,sub_heavy,144.95,16,20250311,46,BLK_46C,7,후면SAW,4,2025-03-11 23:10:25,2025-03-12 00:46:00,95.6,,공통,raw,
b110_sub_heavy_r1,MSF,Medium (81-140),110,sub_heavy,144.95,16,20250311,46,BLK_46C,7,NC,5,2025-03-12 00:46:00,2025-03-12 01:21:31,35.5,,공통,raw,
b110_sub_heavy_r1,MSF,Medium (81-140),110,sub_heavy,144.95,16,20250311,46,BLK_46C,7,베이35A 론지취부,6,2025-03-12 01:21:31,2025-03-12 02:34:31,73.0,35A,베이35A,raw,
b110_sub_heavy_r1,MSF,Medium (81-140),110,sub_heavy,144.95,16,20250311,46,BLK_46C,7,베이35A 론지용접,7,2025-03-12 02:34:31,2025-03-12 02:58:19,23.8,35A,베이35A,raw,
b110_sub_heavy_r1,MSF,Medium (81-140),110,sub_heavy,144.95,16,20250311,46,BLK_46C,7,베이35A 수정,8,2025-03-12 02:58:19,2025-03-12 03:42:55,44.6,35A,베이35A,raw,
b110_sub_heavy_r1,MSF,Medium (81-140),110,sub_heavy,144.95,16,20250311,68,BLK_68C,8,판계,1,2025-03-11 10:57:00,2025-03-11 11:17:00,20.0,,공통,raw,
b110_sub_heavy_r1,MSF,Medium (81-140),110,sub_heavy,144.95,16,20250311,68,BLK_68C,8,전면SAW,2,2025-03-11 22:58:25,2025-03-11 23:31:52,33.4,,공통,raw,
b110_sub_heavy_r1,MSF,Medium (81-140),110,sub_heavy,144.95,16,20250311,68,BLK_68C,8,TurnOver,3,2025-03-11 23:31:52,2025-03-11 23:43:52,12.0,,공통,raw,
b110_sub_heavy_r1,MSF,Medium (81-140),110,sub_heavy,144.95,16,20250311,68,BLK_68C,8,후면SAW,4,2025-03-12 00:46:00,2025-03-12 01:08:53,22.9,,공통,raw,
b110_sub_heavy_r1,MSF,Medium (81-140),110,sub_heavy,144.95,16,20250311,68,BLK_68C,8,NC,5,2025-03-12 01:21:31,2025-03-12 01:49:52,28.3,,공통,raw,
b110_sub_heavy_r1,MSF,Medium (81-140),110,sub_heavy,144.95,16,20250311,68,BLK_68C,8,베이36B 론지취부,6,2025-03-12 01:49:52,2025-03-12 02:48:52,59.0,36B,베이36B,raw,
b110_sub_heavy_r1,MSF,Medium (81-140),110,sub_heavy,144.95,16,20250311,68,BLK_68C,8,베이36B 론지용접,7,2025-03-12 02:48:52,2025-03-12 03:10:16,21.4,36B,베이36B,raw,
b110_sub_heavy_r1,MSF,Medium (81-140),110,sub_heavy,144.95,16,20250311,68,BLK_68C,8,베이36B 수정,8,2025-03-12 03:10:16,2025-03-12 03:46:04,35.8,36B,베이36B,raw,
b110_sub_heavy_r1,MSF,Medium (81-140),110,sub_heavy,144.95,16,20250311,52,BLK_52C,9,판계,1,2025-03-11 11:17:00,2025-03-11 11:37:00,20.0,,공통,raw,
b110_sub_heavy_r1,MSF,Medium (81-140),110,sub_heavy,144.95,16,20250311,52,BLK_52C,9,전면SAW,2,2025-03-11 23:31:52,2025-03-12 00:02:03,30.2,,공통,raw,
b110_sub_heavy_r1,MSF,Medium (81-140),110,sub_heavy,144.95,16,20250311,52,BLK_52C,9,TurnOver,3,2025-03-12 00:02:03,2025-03-12 00:14:03,12.0,,공통,raw,
b110_sub_heavy_r1,MSF,Medium (81-140),110,sub_heavy,144.95,16,20250311,52,BLK_52C,9,후면SAW,4,2025-03-12 01:08:53,2025-03-12 01:27:30,18.6,,공통,raw,
b110_sub_heavy_r1,MSF,Medium (81-140),110,sub_heavy,144.95,16,20250311,52,BLK_52C,9,NC,5,2025-03-12 01:49:52,2025-03-12 02:14:52,25.0,,공통,raw,
b110_sub_heavy_r1,MSF,Medium (81-140),110,sub_heavy,144.95,16,20250311,52,BLK_52C,9,베이35A 론지취부,6,2025-03-12 02:34:31,2025-03-12 03:15:51,41.3,35A,베이35A,raw,
b110_sub_heavy_r1,MSF,Medium (81-140),110,sub_heavy,144.95,16,20250311,52,BLK_52C,9,베이35A 론지용접,7,2025-03-12 03:15:51,2025-03-12 03:32:39,16.8,35A,베이35A,raw,
b110_sub_heavy_r1,MSF,Medium (81-140),110,sub_heavy,144.95,16,20250311,52,BLK_52C,9,베이35A 수정,8,2025-03-12 03:42:55,2025-03-12 04:01:07,18.2,35A,베이35A,raw,
b110_sub_heavy_r1,MSF,Medium (81-140),110,sub_heavy,144.95,16,20250311,76,BLK_76P,10,판계,1,2025-03-11 11:37:00,2025-03-11 11:57:00,20.0,,공통,raw,
b110_sub_heavy_r1,MSF,Medium (81-140),110,sub_heavy,144.95,16,20250311,76,BLK_76P,10,전면SAW,2,2025-03-12 00:02:03,2025-03-12 00:49:29,47.4,,공통,raw,
b110_sub_heavy_r1,MSF,Medium (81-140),110,sub_heavy,144.95,16,20250311,76,BLK_76P,10,TurnOver,3,2025-03-12 00:49:29,2025-03-12 01:01:29,12.0,,공통,raw,
b110_sub_heavy_r1,MSF,Medium (81-140),110,sub_heavy,144.95,16,20250311,76,BLK_76P,10,후면SAW,4,2025-03-12 01:27:30,2025-03-12 02:08:47,41.3,,공통,raw,
b110_sub_heavy_r1,MSF,Medium (81-140),110,sub_heavy,144.95,16,20250311,76,BLK_76P,10,NC,5,2025-03-12 02:14:52,2025-03-12 02:42:57,28.1,,공통,raw,
b110_sub_heavy_r1,MSF,Medium (81-140),110,sub_heavy,144.95,16,20250311,76,BLK_76P,10,베이36B 론지취부,6,2025-03-12 02:48:52,2025-03-12 03:37:22,48.5,36B,베이36B,raw,
b110_sub_heavy_r1,MSF,Medium (81-140),110,sub_heavy,144.95,16,20250311,76,BLK_76P,10,베이36B 론지용접,7,2025-03-12 03:37:22,2025-03-12 03:56:58,19.6,36B,베이36B,raw,
b110_sub_heavy_r1,MSF,Medium (81-140),110,sub_heavy,144.95,16,20250311,76,BLK_76P,10,베이36B 수정,8,2025-03-12 03:56:58,2025-03-12 04:26:10,29.2,36B,베이36B,raw,
b110_sub_heavy_r1,MSF,Medium (81-140),110,sub_heavy,144.95,16,20250311,69,BLK_69P,11,판계,1,2025-03-11 11:57:00,2025-03-11 12:25:00,28.0,,공통,raw,
b110_sub_heavy_r1,MSF,Medium (81-140),110,sub_heavy,144.95,16,20250311,69,BLK_69P,11,전면SAW,2,2025-03-12 00:49:29,2025-03-12 02:45:44,116.2,,공통,raw,
b110_sub_heavy_r1,MSF,Medium (81-140),110,sub_heavy,144.95,16,20250311,69,BLK_69P,11,TurnOver,3,2025-03-12 02:45:44,2025-03-12 02:57:44,12.0,,공통,raw,
b110_sub_heavy_r1,MSF,Medium (81-140),110,sub_heavy,144.95,16,20250311,69,BLK_69P,11,후면SAW,4,2025-03-12 02:57:44,2025-03-12 04:31:29,93.8,,공통,raw,
b110_sub_heavy_r1,MSF,Medium (81-140),110,sub_heavy,144.95,16,20250311,69,BLK_69P,11,NC,5,2025-03-12 04:31:29,2025-03-12 05:08:00,36.5,,공통,raw,
b110_sub_heavy_r1,MSF,Medium (81-140),110,sub_heavy,144.95,16,20250311,69,BLK_69P,11,베이35A 론지취부,6,2025-03-12 05:08:00,2025-03-12 06:21:00,73.0,35A,베이35A,raw,
b110_sub_heavy_r1,MSF,Medium (81-140),110,sub_heavy,144.95,16,20250311,69,BLK_69P,11,베이35A 론지용접,7,2025-03-12 06:21:00,2025-03-12 06:44:48,23.8,35A,베이35A,raw,
b110_sub_heavy_r1,MSF,Medium (81-140),110,sub_heavy,144.95,16,20250311,69,BLK_69P,11,베이35A 수정,8,2025-03-12 06:44:48,2025-03-12 07:29:24,44.6,35A,베이35A,raw,
b110_sub_heavy_r1,MSF,Medium (81-140),110,sub_heavy,144.95,16,20250311,48,BLK_48C,12,판계,1,2025-03-11 12:25:00,2025-03-11 12:50:00,25.0,,공통,raw,
b110_sub_heavy_r1,MSF,Medium (81-140),110,sub_heavy,144.95,16,20250311,48,BLK_48C,12,전면SAW,2,2025-03-12 02:45:44,2025-03-12 03:17:03,31.3,,공통,raw,
b110_sub_heavy_r1,MSF,Medium (81-140),110,sub_heavy,144.95,16,20250311,48,BLK_48C,12,TurnOver,3,2025-03-12 03:17:03,2025-03-12 03:29:03,12.0,,공통,raw,
b110_sub_heavy_r1,MSF,Medium (81-140),110,sub_heavy,144.95,16,20250311,48,BLK_48C,12,후면SAW,4,2025-03-12 04:31:29,2025-03-12 04:51:33,20.1,,공통,raw,
b110_sub_heavy_r1,MSF,Medium (81-140),110,sub_heavy,144.95,16,20250311,48,BLK_48C,12,NC,5,2025-03-12 05:08:00,2025-03-12 05:41:25,33.4,,공통,raw,
b110_sub_heavy_r1,MSF,Medium (81-140),110,sub_heavy,144.95,16,20250311,48,BLK_48C,12,베이36B 론지취부,6,2025-03-12 05:41:25,2025-03-12 06:36:55,55.5,36B,베이36B,raw,
b110_sub_heavy_r1,MSF,Medium (81-140),110,sub_heavy,144.95,16,20250311,48,BLK_48C,12,베이36B 론지용접,7,2025-03-12 06:36:55,2025-03-12 06:57:43,20.8,36B,베이36B,raw,
b110_sub_heavy_r1,MSF,Medium (81-140),110,sub_heavy,144.95,16,20250311,48,BLK_48C,12,베이36B 수정,8,2025-03-12 06:57:43,2025-03-12 07:31:19,33.6,36B,베이36B,raw,
b110_sub_heavy_r1,MSF,Medium (81-140),110,sub_heavy,144.95,16,20250311,72,BLK_72S,13,판계,1,2025-03-11 12:50:00,2025-03-11 13:37:00,47.0,,공통,raw,
b110_sub_heavy_r1,MSF,Medium (81-140),110,sub_heavy,144.95,16,20250311,72,BLK_72S,13,전면SAW,2,2025-03-12 03:17:03,2025-03-12 05:56:40,159.6,,공통,raw,
b110_sub_heavy_r1,MSF,Medium (81-140),110,sub_heavy,144.95,16,20250311,72,BLK_72S,13,TurnOver,3,2025-03-12 05:56:40,2025-03-12 06:08:40,12.0,,공통,raw,
b110_sub_heavy_r1,MSF,Medium (81-140),110,sub_heavy,144.95,16,20250311,72,BLK_72S,13,후면SAW,4,2025-03-12 06:08:40,2025-03-12 08:07:34,118.9,,공통,raw,
b110_sub_heavy_r1,MSF,Medium (81-140),110,sub_heavy,144.95,16,20250311,72,BLK_72S,13,NC,5,2025-03-12 08:07:34,2025-03-12 09:00:31,52.9,,공통,raw,
b110_sub_heavy_r1,MSF,Medium (81-140),110,sub_heavy,144.95,16,20250311,72,BLK_72S,13,베이35A 론지취부,6,2025-03-12 09:00:31,2025-03-12 09:38:31,38.0,35A,베이35A,raw,
b110_sub_heavy_r1,MSF,Medium (81-140),110,sub_heavy,144.95,16,20250311,72,BLK_72S,13,베이35A 론지용접,7,2025-03-12 09:38:31,2025-03-12 09:56:19,17.8,35A,베이35A,raw,
b110_sub_heavy_r1,MSF,Medium (81-140),110,sub_heavy,144.95,16,20250311,72,BLK_72S,13,베이35A 수정,8,2025-03-12 09:56:19,2025-03-12 10:18:55,22.6,35A,베이35A,raw,
b110_sub_heavy_r1,MSF,Medium (81-140),110,sub_heavy,144.95,16,20250311,79,BLK_79C,14,판계,1,2025-03-11 13:37:00,2025-03-11 14:02:00,25.0,,공통,raw,
b110_sub_heavy_r1,MSF,Medium (81-140),110,sub_heavy,144.95,16,20250311,79,BLK_79C,14,전면SAW,2,2025-03-12 05:56:40,2025-03-12 06:30:13,33.5,,공통,raw,
b110_sub_heavy_r1,MSF,Medium (81-140),110,sub_heavy,144.95,16,20250311,79,BLK_79C,14,TurnOver,3,2025-03-12 06:30:13,2025-03-12 06:42:13,12.0,,공통,raw,
b110_sub_heavy_r1,MSF,Medium (81-140),110,sub_heavy,144.95,16,20250311,79,BLK_79C,14,후면SAW,4,2025-03-12 08:07:34,2025-03-12 08:30:35,23.0,,공통,raw,
b110_sub_heavy_r1,MSF,Medium (81-140),110,sub_heavy,144.95,16,20250311,79,BLK_79C,14,NC,5,2025-03-12 09:00:31,2025-03-12 09:34:57,34.4,,공통,raw,
b110_sub_heavy_r1,MSF,Medium (81-140),110,sub_heavy,144.95,16,20250311,79,BLK_79C,14,베이36B 론지취부,6,2025-03-12 09:34:57,2025-03-12 10:09:27,34.5,36B,베이36B,raw,
b110_sub_heavy_r1,MSF,Medium (81-140),110,sub_heavy,144.95,16,20250311,79,BLK_79C,14,베이36B 론지용접,7,2025-03-12 10:09:27,2025-03-12 10:26:39,17.2,36B,베이36B,raw,
b110_sub_heavy_r1,MSF,Medium (81-140),110,sub_heavy,144.95,16,20250311,79,BLK_79C,14,베이36B 수정,8,2025-03-12 10:26:39,2025-03-12 10:47:03,20.4,36B,베이36B,raw,
b110_sub_heavy_r1,MSF,Medium (81-140),110,sub_heavy,144.95,16,20250311,81,BLK_81P,15,판계,1,2025-03-11 14:02:00,2025-03-11 14:42:00,40.0,,공통,raw,
b110_sub_heavy_r1,MSF,Medium (81-140),110,sub_heavy,144.95,16,20250311,81,BLK_81P,15,전면SAW,2,2025-03-12 06:30:13,2025-03-12 09:40:13,190.0,,공통,raw,
b110_sub_heavy_r1,MSF,Medium (81-140),110,sub_heavy,144.95,16,20250311,81,BLK_81P,15,TurnOver,3,2025-03-12 09:40:13,2025-03-12 09:52:13,12.0,,공통,raw,
b110_sub_heavy_r1,MSF,Medium (81-140),110,sub_heavy,144.95,16,20250311,81,BLK_81P,15,후면SAW,4,2025-03-12 09:52:13,2025-03-12 12:37:13,165.0,,공통,raw,
b110_sub_heavy_r1,MSF,Medium (81-140),110,sub_heavy,144.95,16,20250311,81,BLK_81P,15,NC,5,2025-03-12 12:37:13,2025-03-12 13:30:37,53.4,,공통,raw,
b110_sub_heavy_r1,MSF,Medium (81-140),110,sub_heavy,144.95,16,20250311,81,BLK_81P,15,베이35A 론지취부,6,2025-03-12 13:30:37,2025-03-12 14:36:37,66.0,35A,베이35A,raw,
b110_sub_heavy_r1,MSF,Medium (81-140),110,sub_heavy,144.95,16,20250311,81,BLK_81P,15,베이35A 론지용접,7,2025-03-12 14:36:37,2025-03-12 14:59:13,22.6,35A,베이35A,raw,
b110_sub_heavy_r1,MSF,Medium (81-140),110,sub_heavy,144.95,16,20250311,81,BLK_81P,15,베이35A 수정,8,2025-03-12 14:59:13,2025-03-12 15:39:25,40.2,35A,베이35A,raw,
b110_sub_heavy_r1,MSF,Medium (81-140),110,sub_heavy,144.95,16,20250311,22,BLK_22P,16,판계,1,2025-03-11 14:42:00,2025-03-11 15:12:00,30.0,,공통,raw,
b110_sub_heavy_r1,MSF,Medium (81-140),110,sub_heavy,144.95,16,20250311,22,BLK_22P,16,전면SAW,2,2025-03-12 09:40:13,2025-03-12 10:08:37,28.4,,공통,raw,
b110_sub_heavy_r1,MSF,Medium (81-140),110,sub_heavy,144.95,16,20250311,22,BLK_22P,16,TurnOver,3,2025-03-12 10:08:37,2025-03-12 10:20:37,12.0,,공통,raw,
b110_sub_heavy_r1,MSF,Medium (81-140),110,sub_heavy,144.95,16,20250311,22,BLK_22P,16,후면SAW,4,2025-03-12 12:37:13,2025-03-12 12:53:28,16.2,,공통,raw,
b110_sub_heavy_r1,MSF,Medium (81-140),110,sub_heavy,144.95,16,20250311,22,BLK_22P,16,NC,5,2025-03-12 13:30:37,2025-03-12 14:12:15,41.6,,공통,raw,
b110_sub_heavy_r1,MSF,Medium (81-140),110,sub_heavy,144.95,16,20250311,22,BLK_22P,16,베이36B 론지취부,6,2025-03-12 14:12:15,2025-03-12 15:21:45,69.5,36B,베이36B,raw,
b110_sub_heavy_r1,MSF,Medium (81-140),110,sub_heavy,144.95,16,20250311,22,BLK_22P,16,베이36B 론지용접,7,2025-03-12 15:21:45,2025-03-12 15:44:57,23.2,36B,베이36B,raw,
b110_sub_heavy_r1,MSF,Medium (81-140),110,sub_heavy,144.95,16,20250311,22,BLK_22P,16,베이36B 수정,8,2025-03-12 15:44:57,2025-03-12 16:27:21,42.4,36B,베이36B,raw,
b110_sub_heavy_r1,MSF,Medium (81-140),110,sub_heavy,144.95,16,20250311,66,BLK_66P,17,판계,1,2025-03-11 15:12:00,2025-03-11 15:45:00,33.0,,공통,raw,
b110_sub_heavy_r1,MSF,Medium (81-140),110,sub_heavy,144.95,16,20250311,66,BLK_66P,17,전면SAW,2,2025-03-12 10:08:37,2025-03-12 12:16:26,127.8,,공통,raw,
b110_sub_heavy_r1,MSF,Medium (81-140),110,sub_heavy,144.95,16,20250311,66,BLK_66P,17,TurnOver,3,2025-03-12 12:16:26,2025-03-12 12:28:26,12.0,,공통,raw,
b110_sub_heavy_r1,MSF,Medium (81-140),110,sub_heavy,144.95,16,20250311,66,BLK_66P,17,후면SAW,4,2025-03-12 12:53:28,2025-03-12 14:37:45,104.3,,공통,raw,
b110_sub_heavy_r1,MSF,Medium (81-140),110,sub_heavy,144.95,16,20250311,66,BLK_66P,17,NC,5,2025-03-12 14:37:45,2025-03-12 15:20:57,43.2,,공통,raw,
b110_sub_heavy_r1,MSF,Medium (81-140),110,sub_heavy,144.95,16,20250311,66,BLK_66P,17,베이35A 론지취부,6,2025-03-12 15:20:57,2025-03-12 16:12:57,52.0,35A,베이35A,raw,
b110_sub_heavy_r1,MSF,Medium (81-140),110,sub_heavy,144.95,16,20250311,66,BLK_66P,17,베이35A 론지용접,7,2025-03-12 16:12:57,2025-03-12 16:33:09,20.2,35A,베이35A,raw,
b110_sub_heavy_r1,MSF,Medium (81-140),110,sub_heavy,144.95,16,20250311,66,BLK_66P,17,베이35A 수정,8,2025-03-12 16:33:09,2025-03-12 17:04:33,31.4,35A,베이35A,raw,
b110_sub_heavy_r1,MSF,Medium (81-140),110,sub_heavy,144.95,16,20250311,51,BLK_51C,18,판계,1,2025-03-11 15:45:00,2025-03-11 16:30:00,45.0,,공통,raw,
b110_sub_heavy_r1,MSF,Medium (81-140),110,sub_heavy,144.95,16,20250311,51,BLK_51C,18,전면SAW,2,2025-03-12 12:16:26,2025-03-12 12:52:46,36.3,,공통,raw,
b110_sub_heavy_r1,MSF,Medium (81-140),110,sub_heavy,144.95,16,20250311,51,BLK_51C,18,TurnOver,3,2025-03-12 12:52:46,2025-03-12 13:04:46,12.0,,공통,raw,
b110_sub_heavy_r1,MSF,Medium (81-140),110,sub_heavy,144.95,16,20250311,51,BLK_51C,18,후면SAW,4,2025-03-12 14:37:45,2025-03-12 15:04:27,26.7,,공통,raw,
b110_sub_heavy_r1,MSF,Medium (81-140),110,sub_heavy,144.95,16,20250311,51,BLK_51C,18,NC,5,2025-03-12 15:20:57,2025-03-12 16:12:28,51.5,,공통,raw,
b110_sub_heavy_r1,MSF,Medium (81-140),110,sub_heavy,144.95,16,20250311,51,BLK_51C,18,베이36B 론지취부,6,2025-03-12 16:12:28,2025-03-12 17:32:28,80.0,36B,베이36B,raw,
b110_sub_heavy_r1,MSF,Medium (81-140),110,sub_heavy,144.95,16,20250311,51,BLK_51C,18,베이36B 론지용접,7,2025-03-12 17:32:28,2025-03-12 17:57:28,25.0,36B,베이36B,raw,
b110_sub_heavy_r1,MSF,Medium (81-140),110,sub_heavy,144.95,16,20250311,51,BLK_51C,18,베이36B 수정,8,2025-03-12 17:57:28,2025-03-12 18:46:28,49.0,36B,베이36B,raw,
b110_sub_heavy_r1,MSF,Medium (81-140),110,sub_heavy,144.95,16,20250311,58,BLK_58S,19,판계,1,2025-03-11 16:30:00,2025-03-11 17:00:00,30.0,,공통,raw,
b110_sub_heavy_r1,MSF,Medium (81-140),110,sub_heavy,144.95,16,20250311,58,BLK_58S,19,전면SAW,2,2025-03-12 12:52:46,2025-03-12 13:37:20,44.6,,공통,raw,
b110_sub_heavy_r1,MSF,Medium (81-140),110,sub_heavy,144.95,16,20250311,58,BLK_58S,19,TurnOver,3,2025-03-12 13:37:20,2025-03-12 13:49:20,12.0,,공통,raw,
b110_sub_heavy_r1,MSF,Medium (81-140),110,sub_heavy,144.95,16,20250311,58,BLK_58S,19,후면SAW,4,2025-03-12 15:04:27,2025-03-12 15:41:58,37.5,,공통,raw,
b110_sub_heavy_r1,MSF,Medium (81-140),110,sub_heavy,144.95,16,20250311,58,BLK_58S,19,NC,5,2025-03-12 16:12:28,2025-03-12 16:55:09,42.7,,공통,raw,
b110_sub_heavy_r1,MSF,Medium (81-140),110,sub_heavy,144.95,16,20250311,58,BLK_58S,19,베이35A 론지취부,6,2025-03-12 16:55:09,2025-03-12 18:15:09,80.0,35A,베이35A,raw,
b110_sub_heavy_r1,MSF,Medium (81-140),110,sub_heavy,144.95,16,20250311,58,BLK_58S,19,베이35A 론지용접,7,2025-03-12 18:15:09,2025-03-12 18:40:09,25.0,35A,베이35A,raw,
b110_sub_heavy_r1,MSF,Medium (81-140),110,sub_heavy,144.95,16,20250311,58,BLK_58S,19,베이35A 수정,8,2025-03-12 18:40:09,2025-03-12 19:29:09,49.0,35A,베이35A,raw,
b110_sub_heavy_r1,MSF,Medium (81-140),110,sub_heavy,144.95,16,20250311,62,BLK_62S,20,판계,1,2025-03-11 17:00:00,2025-03-11 17:30:00,30.0,,공통,raw,
b110_sub_heavy_r1,MSF,Medium (81-140),110,sub_heavy,144.95,16,20250311,62,BLK_62S,20,전면SAW,2,2025-03-12 13:37:20,2025-03-12 14:08:10,30.8,,공통,raw,
b110_sub_heavy_r1,MSF,Medium (81-140),110,sub_heavy,144.95,16,20250311,62,BLK_62S,20,TurnOver,3,2025-03-12 14:08:10,2025-03-12 14:20:10,12.0,,공통,raw,
b110_sub_heavy_r1,MSF,Medium (81-140),110,sub_heavy,144.95,16,20250311,62,BLK_62S,20,후면SAW,4,2025-03-12 15:41:58,2025-03-12 16:01:25,19.4,,공통,raw,
b110_sub_heavy_r1,MSF,Medium (81-140),110,sub_heavy,144.95,16,20250311,62,BLK_62S,20,NC,5,2025-03-12 16:55:09,2025-03-12 17:37:19,42.2,,공통,raw,
b110_sub_heavy_r1,MSF,Medium (81-140),110,sub_heavy,144.95,16,20250311,62,BLK_62S,20,베이36B 론지취부,6,2025-03-12 17:37:19,2025-03-12 18:32:49,55.5,36B,베이36B,raw,
b110_sub_heavy_r1,MSF,Medium (81-140),110,sub_heavy,144.95,16,20250311,62,BLK_62S,20,베이36B 론지용접,7,2025-03-12 18:32:49,2025-03-12 18:53:37,20.8,36B,베이36B,raw,
b110_sub_heavy_r1,MSF,Medium (81-140),110,sub_heavy,144.95,16,20250311,62,BLK_62S,20,베이36B 수정,8,2025-03-12 18:53:37,2025-03-12 19:27:13,33.6,36B,베이36B,raw,
b110_sub_heavy_r1,MSF,Medium (81-140),110,sub_heavy,144.95,16,20250311,71,BLK_71C,21,판계,1,2025-03-11 17:30:00,2025-03-11 18:00:00,30.0,,공통,raw,
b110_sub_heavy_r1,MSF,Medium (81-140),110,sub_heavy,144.95,16,20250311,71,BLK_71C,21,전면SAW,2,2025-03-12 14:08:10,2025-03-12 14:38:12,30.0,,공통,raw,
b110_sub_heavy_r1,MSF,Medium (81-140),110,sub_heavy,144.95,16,20250311,71,BLK_71C,21,TurnOver,3,2025-03-12 14:38:12,2025-03-12 14:50:12,12.0,,공통,raw,
b110_sub_heavy_r1,MSF,Medium (81-140),110,sub_heavy,144.95,16,20250311,71,BLK_71C,21,후면SAW,4,2025-03-12 16:01:25,2025-03-12 16:19:49,18.4,,공통,raw,
b110_sub_heavy_r1,MSF,Medium (81-140),110,sub_heavy,144.95,16,20250311,71,BLK_71C,21,NC,5,2025-03-12 17:37:19,2025-03-12 18:16:28,39.1,,공통,raw,
b110_sub_heavy_r1,MSF,Medium (81-140),110,sub_heavy,144.95,16,20250311,71,BLK_71C,21,베이35A 론지취부,6,2025-03-12 18:16:28,2025-03-12 19:18:58,62.5,35A,베이35A,raw,
b110_sub_heavy_r1,MSF,Medium (81-140),110,sub_heavy,144.95,16,20250311,71,BLK_71C,21,베이35A 론지용접,7,2025-03-12 19:18:58,2025-03-12 19:40:58,22.0,35A,베이35A,raw,
b110_sub_heavy_r1,MSF,Medium (81-140),110,sub_heavy,144.95,16,20250311,71,BLK_71C,21,베이35A 수정,8,2025-03-12 19:40:58,2025-03-12 20:18:58,38.0,35A,베이35A,raw,
b110_sub_heavy_r1,MSF,Medium (81-140),110,sub_heavy,144.95,16,20250311,74,BLK_74P,22,판계,1,2025-03-11 18:00:00,2025-03-11 18:12:00,12.0,,공통,raw,
b110_sub_heavy_r1,MSF,Medium (81-140),110,sub_heavy,144.95,16,20250311,74,BLK_74P,22,전면SAW,2,2025-03-12 14:38:12,2025-03-12 15:35:16,57.1,,공통,raw,
b110_sub_heavy_r1,MSF,Medium (81-140),110,sub_heavy,144.95,16,20250311,74,BLK_74P,22,TurnOver,3,2025-03-12 15:35:16,2025-03-12 15:47:16,12.0,,공통,raw,
b110_sub_heavy_r1,MSF,Medium (81-140),110,sub_heavy,144.95,16,20250311,74,BLK_74P,22,후면SAW,4,2025-03-12 16:19:49,2025-03-12 17:13:47,54.0,,공통,raw,
b110_sub_heavy_r1,MSF,Medium (81-140),110,sub_heavy,144.95,16,20250311,74,BLK_74P,22,NC,5,2025-03-12 18:16:28,2025-03-12 18:42:02,25.6,,공통,raw,
b110_sub_heavy_r1,MSF,Medium (81-140),110,sub_heavy,144.95,16,20250311,74,BLK_74P,22,베이36B 론지취부,6,2025-03-12 18:42:02,2025-03-12 19:27:02,45.0,36B,베이36B,raw,
b110_sub_heavy_r1,MSF,Medium (81-140),110,sub_heavy,144.95,16,20250311,74,BLK_74P,22,베이36B 론지용접,7,2025-03-12 19:27:02,2025-03-12 19:46:02,19.0,36B,베이36B,raw,
b110_sub_heavy_r1,MSF,Medium (81-140),110,sub_heavy,144.95,16,20250311,74,BLK_74P,22,베이36B 수정,8,2025-03-12 19:46:02,2025-03-12 20:13:02,27.0,36B,베이36B,raw,
b110_sub_heavy_r1,MSF,Medium (81-140),110,sub_heavy,144.95,16,20250311,31,BLK_31P,23,판계,1,2025-03-11 18:12:00,2025-03-11 18:40:00,28.0,,공통,raw,
b110_sub_heavy_r1,MSF,Medium (81-140),110,sub_heavy,144.95,16,20250311,31,BLK_31P,23,전면SAW,2,2025-03-12 15:35:16,2025-03-12 17:11:49,96.5,,공통,raw,
b110_sub_heavy_r1,MSF,Medium (81-140),110,sub_heavy,144.95,16,20250311,31,BLK_31P,23,TurnOver,3,2025-03-12 17:11:49,2025-03-12 17:23:49,12.0,,공통,raw,
b110_sub_heavy_r1,MSF,Medium (81-140),110,sub_heavy,144.95,16,20250311,31,BLK_31P,23,후면SAW,4,2025-03-12 17:23:49,2025-03-12 18:39:36,75.8,,공통,raw,
b110_sub_heavy_r1,MSF,Medium (81-140),110,sub_heavy,144.95,16,20250311,31,BLK_31P,23,NC,5,2025-03-12 18:42:02,2025-03-12 19:14:27,32.4,,공통,raw,
b110_sub_heavy_r1,MSF,Medium (81-140),110,sub_heavy,144.95,16,20250311,31,BLK_31P,23,베이35A 론지취부,6,2025-03-12 19:18:58,2025-03-12 20:00:28,41.5,35A,베이35A,raw,
b110_sub_heavy_r1,MSF,Medium (81-140),110,sub_heavy,144.95,16,20250311,31,BLK_31P,23,베이35A 론지용접,7,2025-03-12 20:00:28,2025-03-12 20:18:52,18.4,35A,베이35A,raw,
b110_sub_heavy_r1,MSF,Medium (81-140),110,sub_heavy,144.95,16,20250311,31,BLK_31P,23,베이35A 수정,8,2025-03-12 20:18:58,2025-03-12 20:43:46,24.8,35A,베이35A,raw,
b110_sub_heavy_r1,MSF,Medium (81-140),110,sub_heavy,144.95,16,20250312,56,BLK_56S,1,판계,1,2025-03-12 08:00:00,2025-03-12 08:45:00,45.0,,공통,raw,
b110_sub_heavy_r1,MSF,Medium (81-140),110,sub_heavy,144.95,16,20250312,56,BLK_56S,1,전면SAW,2,2025-03-12 17:11:49,2025-03-12 17:50:42,38.9,,공통,raw,
b110_sub_heavy_r1,MSF,Medium (81-140),110,sub_heavy,144.95,16,20250312,56,BLK_56S,1,TurnOver,3,2025-03-12 17:50:42,2025-03-12 18:02:42,12.0,,공통,raw,
b110_sub_heavy_r1,MSF,Medium (81-140),110,sub_heavy,144.95,16,20250312,56,BLK_56S,1,후면SAW,4,2025-03-12 18:39:36,2025-03-12 19:09:39,30.1,,공통,raw,
b110_sub_heavy_r1,MSF,Medium (81-140),110,sub_heavy,144.95,16,20250312,56,BLK_56S,1,NC,5,2025-03-12 19:14:27,2025-03-12 20:07:51,53.4,,공통,raw,
b110_sub_heavy_r1,MSF,Medium (81-140),110,sub_heavy,144.95,16,20250312,56,BLK_56S,1,베이36B 론지취부,6,2025-03-12 20:07:51,2025-03-12 21:20:51,73.0,36B,베이36B,raw,
b110_sub_heavy_r1,MSF,Medium (81-140),110,sub_heavy,144.95,16,20250312,56,BLK_56S,1,베이36B 론지용접,7,2025-03-12 21:20:51,2025-03-12 21:44:39,23.8,36B,베이36B,raw,
b110_sub_heavy_r1,MSF,Medium (81-140),110,sub_heavy,144.95,16,20250312,56,BLK_56S,1,베이36B 수정,8,2025-03-12 21:44:39,2025-03-12 22:29:15,44.6,36B,베이36B,raw,
b110_sub_heavy_r1,MSF,Medium (81-140),110,sub_heavy,144.95,16,20250312,59,BLK_59C,2,판계,1,2025-03-12 08:45:00,2025-03-12 09:15:00,30.0,,공통,raw,
b110_sub_heavy_r1,MSF,Medium (81-140),110,sub_heavy,144.95,16,20250312,59,BLK_59C,2,전면SAW,2,2025-03-12 17:50:42,2025-03-12 20:26:54,156.2,,공통,raw,
b110_sub_heavy_r1,MSF,Medium (81-140),110,sub_heavy,144.95,16,20250312,59,BLK_59C,2,TurnOver,3,2025-03-12 20:26:54,2025-03-12 20:38:54,12.0,,공통,raw,
b110_sub_heavy_r1,MSF,Medium (81-140),110,sub_heavy,144.95,16,20250312,59,BLK_59C,2,후면SAW,4,2025-03-12 20:38:54,2025-03-12 22:33:58,115.1,,공통,raw,
b110_sub_heavy_r1,MSF,Medium (81-140),110,sub_heavy,144.95,16,20250312,59,BLK_59C,2,NC,5,2025-03-12 22:33:58,2025-03-12 23:33:43,59.8,,공통,raw,
b110_sub_heavy_r1,MSF,Medium (81-140),110,sub_heavy,144.95,16,20250312,59,BLK_59C,2,베이36B 론지취부,6,2025-03-12 23:33:43,2025-03-13 01:14:43,101.0,36B,베이36B,raw,
b110_sub_heavy_r1,MSF,Medium (81-140),110,sub_heavy,144.95,16,20250312,59,BLK_59C,2,베이36B 론지용접,7,2025-03-13 01:14:43,2025-03-13 01:43:19,28.6,36B,베이36B,raw,
b110_sub_heavy_r1,MSF,Medium (81-140),110,sub_heavy,144.95,16,20250312,59,BLK_59C,2,베이36B 수정,8,2025-03-13 01:43:19,2025-03-13 02:45:31,62.2,36B,베이36B,raw,
b110_sub_heavy_r1,MSF,Medium (81-140),110,sub_heavy,144.95,16,20250312,104,BLK_104P,3,판계,1,2025-03-12 09:15:00,2025-03-12 09:35:00,20.0,,공통,raw,
b110_sub_heavy_r1,MSF,Medium (81-140),110,sub_heavy,144.95,16,20250312,104,BLK_104P,3,전면SAW,2,2025-03-12 20:26:54,2025-03-12 21:22:54,56.0,,공통,raw,
b110_sub_heavy_r1,MSF,Medium (81-140),110,sub_heavy,144.95,16,20250312,104,BLK_104P,3,TurnOver,3,2025-03-12 21:22:54,2025-03-12 21:34:54,12.0,,공통,raw,
b110_sub_heavy_r1,MSF,Medium (81-140),110,sub_heavy,144.95,16,20250312,104,BLK_104P,3,후면SAW,4,2025-03-12 22:33:58,2025-03-12 23:26:33,52.6,,공통,raw,
b110_sub_heavy_r1,MSF,Medium (81-140),110,sub_heavy,144.95,16,20250312,104,BLK_104P,3,NC,5,2025-03-12 23:33:43,2025-03-13 00:03:35,29.9,,공통,raw,
b110_sub_heavy_r1,MSF,Medium (81-140),110,sub_heavy,144.95,16,20250312,104,BLK_104P,3,베이35A 론지취부,6,2025-03-13 00:03:35,2025-03-13 00:52:05,48.5,35A,베이35A,raw,
b110_sub_heavy_r1,MSF,Medium (81-140),110,sub_heavy,144.95,16,20250312,104,BLK_104P,3,베이35A 론지용접,7,2025-03-13 00:52:05,2025-03-13 01:11:41,19.6,35A,베이35A,raw,
b110_sub_heavy_r1,MSF,Medium (81-140),110,sub_heavy,144.95,16,20250312,104,BLK_104P,3,베이35A 수정,8,2025-03-13 01:11:41,2025-03-13 01:40:53,29.2,35A,베이35A,raw,
b110_sub_heavy_r1,MSF,Medium (81-140),110,sub_heavy,144.95,16,20250312,89,BLK_89C,4,판계,1,2025-03-12 09:35:00,2025-03-12 09:55:00,20.0,,공통,raw,
b110_sub_heavy_r1,MSF,Medium (81-140),110,sub_heavy,144.95,16,20250312,89,BLK_89C,4,전면SAW,2,2025-03-12 21:22:54,2025-03-12 22:57:25,94.5,,공통,raw,
b110_sub_heavy_r1,MSF,Medium (81-140),110,sub_heavy,144.95,16,20250312,89,BLK_89C,4,TurnOver,3,2025-03-12 22:57:25,2025-03-12 23:09:25,12.0,,공통,raw,
b110_sub_heavy_r1,MSF,Medium (81-140),110,sub_heavy,144.95,16,20250312,89,BLK_89C,4,후면SAW,4,2025-03-12 23:26:33,2025-03-13 00:40:29,73.9,,공통,raw,
b110_sub_heavy_r1,MSF,Medium (81-140),110,sub_heavy,144.95,16,20250312,89,BLK_89C,4,NC,5,2025-03-13 00:40:29,2025-03-13 01:05:48,25.3,,공통,raw,
b110_sub_heavy_r1,MSF,Medium (81-140),110,sub_heavy,144.95,16,20250312,89,BLK_89C,4,베이36B 론지취부,6,2025-03-13 01:14:43,2025-03-13 01:42:13,27.5,36B,베이36B,raw,
b110_sub_heavy_r1,MSF,Medium (81-140),110,sub_heavy,144.95,16,20250312,89,BLK_89C,4,베이36B 론지용접,7,2025-03-13 01:43:19,2025-03-13 01:55:19,12.0,36B,베이36B,raw,
b110_sub_heavy_r1,MSF,Medium (81-140),110,sub_heavy,144.95,16,20250312,89,BLK_89C,4,베이36B 수정,8,2025-03-13 02:45:31,2025-03-13 03:01:31,16.0,36B,베이36B,raw,
b110_sub_heavy_r1,MSF,Medium (81-140),110,sub_heavy,144.95,16,20250312,63,BLK_63S,5,판계,1,2025-03-12 09:55:00,2025-03-12 10:15:00,20.0,,공통,raw,
b110_sub_heavy_r1,MSF,Medium (81-140),110,sub_heavy,144.95,16,20250312,63,BLK_63S,5,전면SAW,2,2025-03-12 22:57:25,2025-03-12 23:57:01,59.6,,공통,raw,
b110_sub_heavy_r1,MSF,Medium (81-140),110,sub_heavy,144.95,16,20250312,63,BLK_63S,5,TurnOver,3,2025-03-12 23:57:01,2025-03-13 00:09:01,12.0,,공통,raw,
b110_sub_heavy_r1,MSF,Medium (81-140),110,sub_heavy,144.95,16,20250312,63,BLK_63S,5,후면SAW,4,2025-03-13 00:40:29,2025-03-13 01:37:48,57.3,,공통,raw,
b110_sub_heavy_r1,MSF,Medium (81-140),110,sub_heavy,144.95,16,20250312,63,BLK_63S,5,NC,5,2025-03-13 01:37:48,2025-03-13 02:09:24,31.6,,공통,raw,
b110_sub_heavy_r1,MSF,Medium (81-140),110,sub_heavy,144.95,16,20250312,63,BLK_63S,5,베이35A 론지취부,6,2025-03-13 02:09:24,2025-03-13 03:08:24,59.0,35A,베이35A,raw,
b110_sub_heavy_r1,MSF,Medium (81-140),110,sub_heavy,144.95,16,20250312,63,BLK_63S,5,베이35A 론지용접,7,2025-03-13 03:08:24,2025-03-13 03:29:48,21.4,35A,베이35A,raw,
b110_sub_heavy_r1,MSF,Medium (81-140),110,sub_heavy,144.95,16,20250312,63,BLK_63S,5,베이35A 수정,8,2025-03-13 03:29:48,2025-03-13 04:05:36,35.8,35A,베이35A,raw,
b110_sub_heavy_r1,MSF,Medium (81-140),110,sub_heavy,144.95,16,20250312,36,BLK_36P,6,판계,1,2025-03-12 10:15:00,2025-03-12 10:43:00,28.0,,공통,raw,
b110_sub_heavy_r1,MSF,Medium (81-140),110,sub_heavy,144.95,16,20250312,36,BLK_36P,6,전면SAW,2,2025-03-12 23:57:01,2025-03-13 01:35:38,98.6,,공통,raw,
b110_sub_heavy_r1,MSF,Medium (81-140),110,sub_heavy,144.95,16,20250312,36,BLK_36P,6,TurnOver,3,2025-03-13 01:35:38,2025-03-13 01:47:38,12.0,,공통,raw,
b110_sub_heavy_r1,MSF,Medium (81-140),110,sub_heavy,144.95,16,20250312,36,BLK_36P,6,후면SAW,4,2025-03-13 01:47:38,2025-03-13 03:05:18,77.7,,공통,raw,
b110_sub_heavy_r1,MSF,Medium (81-140),110,sub_heavy,144.95,16,20250312,36,BLK_36P,6,NC,5,2025-03-13 03:05:18,2025-03-13 03:36:53,31.6,,공통,raw,
b110_sub_heavy_r1,MSF,Medium (81-140),110,sub_heavy,144.95,16,20250312,36,BLK_36P,6,베이36B 론지취부,6,2025-03-13 03:36:53,2025-03-13 04:35:53,59.0,36B,베이36B,raw,
b110_sub_heavy_r1,MSF,Medium (81-140),110,sub_heavy,144.95,16,20250312,36,BLK_36P,6,베이36B 론지용접,7,2025-03-13 04:35:53,2025-03-13 04:57:17,21.4,36B,베이36B,raw,
b110_sub_heavy_r1,MSF,Medium (81-140),110,sub_heavy,144.95,16,20250312,36,BLK_36P,6,베이36B 수정,8,2025-03-13 04:57:17,2025-03-13 05:33:05,35.8,36B,베이36B,raw,
b110_sub_heavy_r1,MSF,Medium (81-140),110,sub_heavy,144.95,16,20250312,103,BLK_103P,7,판계,1,2025-03-12 10:43:00,2025-03-12 11:08:00,25.0,,공통,raw,
b110_sub_heavy_r1,MSF,Medium (81-140),110,sub_heavy,144.95,16,20250312,103,BLK_103P,7,전면SAW,2,2025-03-13 01:35:38,2025-03-13 02:12:13,36.6,,공통,raw,
b110_sub_heavy_r1,MSF,Medium (81-140),110,sub_heavy,144.95,16,20250312,103,BLK_103P,7,TurnOver,3,2025-03-13 02:12:13,2025-03-13 02:24:13,12.0,,공통,raw,
b110_sub_heavy_r1,MSF,Medium (81-140),110,sub_heavy,144.95,16,20250312,103,BLK_103P,7,후면SAW,4,2025-03-13 03:05:18,2025-03-13 03:32:19,27.0,,공통,raw,
b110_sub_heavy_r1,MSF,Medium (81-140),110,sub_heavy,144.95,16,20250312,103,BLK_103P,7,NC,5,2025-03-13 03:36:53,2025-03-13 04:16:21,39.5,,공통,raw,
b110_sub_heavy_r1,MSF,Medium (81-140),110,sub_heavy,144.95,16,20250312,103,BLK_103P,7,베이36B 론지취부,6,2025-03-13 04:35:53,2025-03-13 05:55:53,80.0,36B,베이36B,raw,
b110_sub_heavy_r1,MSF,Medium (81-140),110,sub_heavy,144.95,16,20250312,103,BLK_103P,7,베이36B 론지용접,7,2025-03-13 05:55:53,2025-03-13 06:20:53,25.0,36B,베이36B,raw,
b110_sub_heavy_r1,MSF,Medium (81-140),110,sub_heavy,144.95,16,20250312,103,BLK_103P,7,베이36B 수정,8,2025-03-13 06:20:53,2025-03-13 07:09:53,49.0,36B,베이36B,raw,
b110_sub_heavy_r1,MSF,Medium (81-140),110,sub_heavy,144.95,16,20250312,40,BLK_40C,8,판계,1,2025-03-12 11:08:00,2025-03-12 11:36:00,28.0,,공통,raw,
b110_sub_heavy_r1,MSF,Medium (81-140),110,sub_heavy,144.95,16,20250312,40,BLK_40C,8,전면SAW,2,2025-03-13 02:12:13,2025-03-13 03:24:39,72.4,,공통,raw,
b110_sub_heavy_r1,MSF,Medium (81-140),110,sub_heavy,144.95,16,20250312,40,BLK_40C,8,TurnOver,3,2025-03-13 03:24:39,2025-03-13 03:36:39,12.0,,공통,raw,
b110_sub_heavy_r1,MSF,Medium (81-140),110,sub_heavy,144.95,16,20250312,40,BLK_40C,8,후면SAW,4,2025-03-13 03:36:39,2025-03-13 04:30:28,53.8,,공통,raw,
b110_sub_heavy_r1,MSF,Medium (81-140),110,sub_heavy,144.95,16,20250312,40,BLK_40C,8,NC,5,2025-03-13 04:30:28,2025-03-13 05:01:51,31.4,,공통,raw,
b110_sub_heavy_r1,MSF,Medium (81-140),110,sub_heavy,144.95,16,20250312,40,BLK_40C,8,베이35A 론지취부,6,2025-03-13 05:01:51,2025-03-13 05:57:21,55.5,35A,베이35A,raw,
b110_sub_heavy_r1,MSF,Medium (81-140),110,sub_heavy,144.95,16,20250312,40,BLK_40C,8,베이35A 론지용접,7,2025-03-13 05:57:21,2025-03-13 06:18:09,20.8,35A,베이35A,raw,
b110_sub_heavy_r1,MSF,Medium (81-140),110,sub_heavy,144.95,16,20250312,40,BLK_40C,8,베이35A 수정,8,2025-03-13 06:18:09,2025-03-13 06:51:45,33.6,35A,베이35A,raw,
b110_sub_heavy_r1,MSF,Medium (81-140),110,sub_heavy,144.95,16,20250312,44,BLK_44C,9,판계,1,2025-03-12 11:36:00,2025-03-12 12:28:00,52.0,,공통,raw,
b110_sub_heavy_r1,MSF,Medium (81-140),110,sub_heavy,144.95,16,20250312,44,BLK_44C,9,전면SAW,2,2025-03-13 03:24:39,2025-03-13 05:23:48,119.2,,공통,raw,
b110_sub_heavy_r1,MSF,Medium (81-140),110,sub_heavy,144.95,16,20250312,44,BLK_44C,9,TurnOver,3,2025-03-13 05:23:48,2025-03-13 05:35:48,12.0,,공통,raw,
b110_sub_heavy_r1,MSF,Medium (81-140),110,sub_heavy,144.95,16,20250312,44,BLK_44C,9,후면SAW,4,2025-03-13 05:35:48,2025-03-13 07:36:44,120.9,,공통,raw,
b110_sub_heavy_r1,MSF,Medium (81-140),110,sub_heavy,144.95,16,20250312,44,BLK_44C,9,NC,5,2025-03-13 07:36:44,2025-03-13 08:46:34,69.8,,공통,raw,
b110_sub_heavy_r1,MSF,Medium (81-140),110,sub_heavy,144.95,16,20250312,44,BLK_44C,9,베이36B 론지취부,6,2025-03-13 08:46:34,2025-03-13 10:24:04,97.5,36B,베이36B,raw,
b110_sub_heavy_r1,MSF,Medium (81-140),110,sub_heavy,144.95,16,20250312,44,BLK_44C,9,베이36B 론지용접,7,2025-03-13 10:24:04,2025-03-13 10:52:04,28.0,36B,베이36B,raw,
b110_sub_heavy_r1,MSF,Medium (81-140),110,sub_heavy,144.95,16,20250312,44,BLK_44C,9,베이36B 수정,8,2025-03-13 10:52:04,2025-03-13 11:52:04,60.0,36B,베이36B,raw,
b110_sub_heavy_r1,MSF,Medium (81-140),110,sub_heavy,144.95,16,20250312,67,BLK_67S,10,판계,1,2025-03-12 12:28:00,2025-03-12 13:01:00,33.0,,공통,raw,
b110_sub_heavy_r1,MSF,Medium (81-140),110,sub_heavy,144.95,16,20250312,67,BLK_67S,10,전면SAW,2,2025-03-13 05:23:48,2025-03-13 07:20:57,117.1,,공통,raw,
b110_sub_heavy_r1,MSF,Medium (81-140),110,sub_heavy,144.95,16,20250312,67,BLK_67S,10,TurnOver,3,2025-03-13 07:20:57,2025-03-13 07:32:57,12.0,,공통,raw,
b110_sub_heavy_r1,MSF,Medium (81-140),110,sub_heavy,144.95,16,20250312,67,BLK_67S,10,후면SAW,4,2025-03-13 07:36:44,2025-03-13 09:35:19,118.6,,공통,raw,
b110_sub_heavy_r1,MSF,Medium (81-140),110,sub_heavy,144.95,16,20250312,67,BLK_67S,10,NC,5,2025-03-13 09:35:19,2025-03-13 10:18:16,43.0,,공통,raw,
b110_sub_heavy_r1,MSF,Medium (81-140),110,sub_heavy,144.95,16,20250312,67,BLK_67S,10,베이35A 론지취부,6,2025-03-13 10:18:16,2025-03-13 11:45:16,87.0,35A,베이35A,raw,
b110_sub_heavy_r1,MSF,Medium (81-140),110,sub_heavy,144.95,16,20250312,67,BLK_67S,10,베이35A 론지용접,7,2025-03-13 11:45:16,2025-03-13 12:11:28,26.2,35A,베이35A,raw,
b110_sub_heavy_r1,MSF,Medium (81-140),110,sub_heavy,144.95,16,20250312,67,BLK_67S,10,베이35A 수정,8,2025-03-13 12:11:28,2025-03-13 13:04:52,53.4,35A,베이35A,raw,
b110_sub_heavy_r1,MSF,Medium (81-140),110,sub_heavy,144.95,16,20250312,47,BLK_47C,11,판계,1,2025-03-12 13:01:00,2025-03-12 13:31:00,30.0,,공통,raw,
b110_sub_heavy_r1,MSF,Medium (81-140),110,sub_heavy,144.95,16,20250312,47,BLK_47C,11,전면SAW,2,2025-03-13 07:20:57,2025-03-13 07:52:19,31.4,,공통,raw,
b110_sub_heavy_r1,MSF,Medium (81-140),110,sub_heavy,144.95,16,20250312,47,BLK_47C,11,TurnOver,3,2025-03-13 07:52:19,2025-03-13 08:04:19,12.0,,공통,raw,
b110_sub_heavy_r1,MSF,Medium (81-140),110,sub_heavy,144.95,16,20250312,47,BLK_47C,11,후면SAW,4,2025-03-13 09:35:19,2025-03-13 09:55:28,20.1,,공통,raw,
b110_sub_heavy_r1,MSF,Medium (81-140),110,sub_heavy,144.95,16,20250312,47,BLK_47C,11,NC,5,2025-03-13 10:18:16,2025-03-13 11:00:38,42.4,,공통,raw,
b110_sub_heavy_r1,MSF,Medium (81-140),110,sub_heavy,144.95,16,20250312,47,BLK_47C,11,베이36B 론지취부,6,2025-03-13 11:00:38,2025-03-13 12:38:08,97.5,36B,베이36B,raw,
b110_sub_heavy_r1,MSF,Medium (81-140),110,sub_heavy,144.95,16,20250312,47,BLK_47C,11,베이36B 론지용접,7,2025-03-13 12:38:08,2025-03-13 13:06:08,28.0,36B,베이36B,raw,
b110_sub_heavy_r1,MSF,Medium (81-140),110,sub_heavy,144.95,16,20250312,47,BLK_47C,11,베이36B 수정,8,2025-03-13 13:06:08,2025-03-13 14:06:08,60.0,36B,베이36B,raw,
b110_sub_heavy_r1,MSF,Medium (81-140),110,sub_heavy,144.95,16,20250312,10,BLK_10P,12,판계,1,2025-03-12 13:31:00,2025-03-12 14:09:00,38.0,,공통,raw,
b110_sub_heavy_r1,MSF,Medium (81-140),110,sub_heavy,144.95,16,20250312,10,BLK_10P,12,전면SAW,2,2025-03-13 07:52:19,2025-03-13 09:04:53,72.6,,공통,raw,
b110_sub_heavy_r1,MSF,Medium (81-140),110,sub_heavy,144.95,16,20250312,10,BLK_10P,12,TurnOver,3,2025-03-13 09:04:53,2025-03-13 09:16:53,12.0,,공통,raw,
b110_sub_heavy_r1,MSF,Medium (81-140),110,sub_heavy,144.95,16,20250312,10,BLK_10P,12,후면SAW,4,2025-03-13 09:55:28,2025-03-13 10:49:24,53.9,,공통,raw,
b110_sub_heavy_r1,MSF,Medium (81-140),110,sub_heavy,144.95,16,20250312,10,BLK_10P,12,NC,5,2025-03-13 11:00:38,2025-03-13 11:43:22,42.7,,공통,raw,
b110_sub_heavy_r1,MSF,Medium (81-140),110,sub_heavy,144.95,16,20250312,10,BLK_10P,12,베이35A 론지취부,6,2025-03-13 11:45:16,2025-03-13 12:37:16,52.0,35A,베이35A,raw,
b110_sub_heavy_r1,MSF,Medium (81-140),110,sub_heavy,144.95,16,20250312,10,BLK_10P,12,베이35A 론지용접,7,2025-03-13 12:37:16,2025-03-13 12:57:28,20.2,35A,베이35A,raw,
b110_sub_heavy_r1,MSF,Medium (81-140),110,sub_heavy,144.95,16,20250312,10,BLK_10P,12,베이35A 수정,8,2025-03-13 13:04:52,2025-03-13 13:36:16,31.4,35A,베이35A,raw,
b110_sub_heavy_r1,MSF,Medium (81-140),110,sub_heavy,144.95,16,20250312,57,BLK_57S,13,판계,1,2025-03-12 14:09:00,2025-03-12 14:39:00,30.0,,공통,raw,
b110_sub_heavy_r1,MSF,Medium (81-140),110,sub_heavy,144.95,16,20250312,57,BLK_57S,13,전면SAW,2,2025-03-13 09:04:53,2025-03-13 09:35:10,30.3,,공통,raw,
b110_sub_heavy_r1,MSF,Medium (81-140),110,sub_heavy,144.95,16,20250312,57,BLK_57S,13,TurnOver,3,2025-03-13 09:35:10,2025-03-13 09:47:10,12.0,,공통,raw,
b110_sub_heavy_r1,MSF,Medium (81-140),110,sub_heavy,144.95,16,20250312,57,BLK_57S,13,후면SAW,4,2025-03-13 10:49:24,2025-03-13 11:08:07,18.7,,공통,raw,
b110_sub_heavy_r1,MSF,Medium (81-140),110,sub_heavy,144.95,16,20250312,57,BLK_57S,13,NC,5,2025-03-13 11:43:22,2025-03-13 12:23:25,40.1,,공통,raw,
b110_sub_heavy_r1,MSF,Medium (81-140),110,sub_heavy,144.95,16,20250312,57,BLK_57S,13,베이36B 론지취부,6,2025-03-13 12:38:08,2025-03-13 13:37:08,59.0,36B,베이36B,raw,
b110_sub_heavy_r1,MSF,Medium (81-140),110,sub_heavy,144.95,16,20250312,57,BLK_57S,13,베이36B 론지용접,7,2025-03-13 13:37:08,2025-03-13 13:58:32,21.4,36B,베이36B,raw,
b110_sub_heavy_r1,MSF,Medium (81-140),110,sub_heavy,144.95,16,20250312,57,BLK_57S,13,베이36B 수정,8,2025-03-13 14:06:08,2025-03-13 14:41:56,35.8,36B,베이36B,raw,
b110_sub_heavy_r1,MSF,Medium (81-140),110,sub_heavy,144.95,16,20250312,54,BLK_54P,14,판계,1,2025-03-12 14:39:00,2025-03-12 15:17:00,38.0,,공통,raw,
b110_sub_heavy_r1,MSF,Medium (81-140),110,sub_heavy,144.95,16,20250312,54,BLK_54P,14,전면SAW,2,2025-03-13 09:35:10,2025-03-13 11:18:28,103.3,,공통,raw,
b110_sub_heavy_r1,MSF,Medium (81-140),110,sub_heavy,144.95,16,20250312,54,BLK_54P,14,TurnOver,3,2025-03-13 11:18:28,2025-03-13 11:30:28,12.0,,공통,raw,
b110_sub_heavy_r1,MSF,Medium (81-140),110,sub_heavy,144.95,16,20250312,54,BLK_54P,14,후면SAW,4,2025-03-13 11:30:28,2025-03-13 12:52:25,81.9,,공통,raw,
b110_sub_heavy_r1,MSF,Medium (81-140),110,sub_heavy,144.95,16,20250312,54,BLK_54P,14,NC,5,2025-03-13 12:52:25,2025-03-13 13:39:30,47.1,,공통,raw,
b110_sub_heavy_r1,MSF,Medium (81-140),110,sub_heavy,144.95,16,20250312,54,BLK_54P,14,베이35A 론지취부,6,2025-03-13 13:39:30,2025-03-13 14:59:30,80.0,35A,베이35A,raw,
b110_sub_heavy_r1,MSF,Medium (81-140),110,sub_heavy,144.95,16,20250312,54,BLK_54P,14,베이35A 론지용접,7,2025-03-13 14:59:30,2025-03-13 15:24:30,25.0,35A,베이35A,raw,
b110_sub_heavy_r1,MSF,Medium (81-140),110,sub_heavy,144.95,16,20250312,54,BLK_54P,14,베이35A 수정,8,2025-03-13 15:24:30,2025-03-13 16:13:30,49.0,35A,베이35A,raw,
b110_sub_heavy_r1,MSF,Medium (81-140),110,sub_heavy,144.95,16,20250312,83,BLK_83C,15,판계,1,2025-03-12 15:17:00,2025-03-12 15:47:00,30.0,,공통,raw,
b110_sub_heavy_r1,MSF,Medium (81-140),110,sub_heavy,144.95,16,20250312,83,BLK_83C,15,전면SAW,2,2025-03-13 11:18:28,2025-03-13 11:48:00,29.5,,공통,raw,
b110_sub_heavy_r1,MSF,Medium (81-140),110,sub_heavy,144.95,16,20250312,83,BLK_83C,15,TurnOver,3,2025-03-13 11:48:00,2025-03-13 12:00:00,12.0,,공통,raw,
b110_sub_heavy_r1,MSF,Medium (81-140),110,sub_heavy,144.95,16,20250312,83,BLK_83C,15,후면SAW,4,2025-03-13 12:52:25,2025-03-13 13:10:08,17.7,,공통,raw,
b110_sub_heavy_r1,MSF,Medium (81-140),110,sub_heavy,144.95,16,20250312,83,BLK_83C,15,NC,5,2025-03-13 13:39:30,2025-03-13 14:22:10,42.7,,공통,raw,
b110_sub_heavy_r1,MSF,Medium (81-140),110,sub_heavy,144.95,16,20250312,83,BLK_83C,15,베이36B 론지취부,6,2025-03-13 14:22:10,2025-03-13 15:42:10,80.0,36B,베이36B,raw,
b110_sub_heavy_r1,MSF,Medium (81-140),110,sub_heavy,144.95,16,20250312,83,BLK_83C,15,베이36B 론지용접,7,2025-03-13 15:42:10,2025-03-13 16:07:10,25.0,36B,베이36B,raw,
b110_sub_heavy_r1,MSF,Medium (81-140),110,sub_heavy,144.95,16,20250312,83,BLK_83C,15,베이36B 수정,8,2025-03-13 16:07:10,2025-03-13 16:56:10,49.0,36B,베이36B,raw,
b110_sub_heavy_r1,MSF,Medium (81-140),110,sub_heavy,144.95,16,20250312,26,BLK_26S,16,판계,1,2025-03-12 15:47:00,2025-03-12 16:17:00,30.0,,공통,raw,
b110_sub_heavy_r1,MSF,Medium (81-140),110,sub_heavy,144.95,16,20250312,26,BLK_26S,16,전면SAW,2,2025-03-13 11:48:00,2025-03-13 12:16:24,28.4,,공통,raw,
b110_sub_heavy_r1,MSF,Medium (81-140),110,sub_heavy,144.95,16,20250312,26,BLK_26S,16,TurnOver,3,2025-03-13 12:16:24,2025-03-13 12:28:24,12.0,,공통,raw,
b110_sub_heavy_r1,MSF,Medium (81-140),110,sub_heavy,144.95,16,20250312,26,BLK_26S,16,후면SAW,4,2025-03-13 13:10:08,2025-03-13 13:26:24,16.3,,공통,raw,
b110_sub_heavy_r1,MSF,Medium (81-140),110,sub_heavy,144.95,16,20250312,26,BLK_26S,16,NC,5,2025-03-13 14:22:10,2025-03-13 15:09:57,47.8,,공통,raw,
b110_sub_heavy_r1,MSF,Medium (81-140),110,sub_heavy,144.95,16,20250312,26,BLK_26S,16,베이35A 론지취부,6,2025-03-13 15:09:57,2025-03-13 16:12:27,62.5,35A,베이35A,raw,
b110_sub_heavy_r1,MSF,Medium (81-140),110,sub_heavy,144.95,16,20250312,26,BLK_26S,16,베이35A 론지용접,7,2025-03-13 16:12:27,2025-03-13 16:34:27,22.0,35A,베이35A,raw,
b110_sub_heavy_r1,MSF,Medium (81-140),110,sub_heavy,144.95,16,20250312,26,BLK_26S,16,베이35A 수정,8,2025-03-13 16:34:27,2025-03-13 17:12:27,38.0,35A,베이35A,raw,
b110_sub_heavy_r1,MSF,Medium (81-140),110,sub_heavy,144.95,16,20250312,64,BLK_64P,17,판계,1,2025-03-12 16:17:00,2025-03-12 16:47:00,30.0,,공통,raw,
b110_sub_heavy_r1,MSF,Medium (81-140),110,sub_heavy,144.95,16,20250312,64,BLK_64P,17,전면SAW,2,2025-03-13 12:16:24,2025-03-13 14:44:08,147.7,,공통,raw,
b110_sub_heavy_r1,MSF,Medium (81-140),110,sub_heavy,144.95,16,20250312,64,BLK_64P,17,TurnOver,3,2025-03-13 14:44:08,2025-03-13 14:56:08,12.0,,공통,raw,
b110_sub_heavy_r1,MSF,Medium (81-140),110,sub_heavy,144.95,16,20250312,64,BLK_64P,17,후면SAW,4,2025-03-13 14:56:08,2025-03-13 16:44:27,108.3,,공통,raw,
b110_sub_heavy_r1,MSF,Medium (81-140),110,sub_heavy,144.95,16,20250312,64,BLK_64P,17,NC,5,2025-03-13 16:44:27,2025-03-13 17:43:20,58.9,,공통,raw,
b110_sub_heavy_r1,MSF,Medium (81-140),110,sub_heavy,144.95,16,20250312,64,BLK_64P,17,베이36B 론지취부,6,2025-03-13 17:43:20,2025-03-13 18:49:20,66.0,36B,베이36B,raw,
b110_sub_heavy_r1,MSF,Medium (81-140),110,sub_heavy,144.95,16,20250312,64,BLK_64P,17,베이36B 론지용접,7,2025-03-13 18:49:20,2025-03-13 19:11:56,22.6,36B,베이36B,raw,
b110_sub_heavy_r1,MSF,Medium (81-140),110,sub_heavy,144.95,16,20250312,64,BLK_64P,17,베이36B 수정,8,2025-03-13 19:11:56,2025-03-13 19:52:08,40.2,36B,베이36B,raw,
b110_sub_heavy_r1,MSF,Medium (81-140),110,sub_heavy,144.95,16,20250312,50,BLK_50C,18,판계,1,2025-03-12 16:47:00,2025-03-12 17:07:00,20.0,,공통,raw,
b110_sub_heavy_r1,MSF,Medium (81-140),110,sub_heavy,144.95,16,20250312,50,BLK_50C,18,전면SAW,2,2025-03-13 14:44:08,2025-03-13 16:35:36,111.5,,공통,raw,
b110_sub_heavy_r1,MSF,Medium (81-140),110,sub_heavy,144.95,16,20250312,50,BLK_50C,18,TurnOver,3,2025-03-13 16:35:36,2025-03-13 16:47:36,12.0,,공통,raw,
b110_sub_heavy_r1,MSF,Medium (81-140),110,sub_heavy,144.95,16,20250312,50,BLK_50C,18,후면SAW,4,2025-03-13 16:47:36,2025-03-13 18:39:35,112.0,,공통,raw,
b110_sub_heavy_r1,MSF,Medium (81-140),110,sub_heavy,144.95,16,20250312,50,BLK_50C,18,NC,5,2025-03-13 18:39:35,2025-03-13 19:05:42,26.1,,공통,raw,
b110_sub_heavy_r1,MSF,Medium (81-140),110,sub_heavy,144.95,16,20250312,50,BLK_50C,18,베이35A 론지취부,6,2025-03-13 19:05:42,2025-03-13 19:47:12,41.5,35A,베이35A,raw,
b110_sub_heavy_r1,MSF,Medium (81-140),110,sub_heavy,144.95,16,20250312,50,BLK_50C,18,베이35A 론지용접,7,2025-03-13 19:47:12,2025-03-13 20:01:36,14.4,35A,베이35A,raw,
b110_sub_heavy_r1,MSF,Medium (81-140),110,sub_heavy,144.95,16,20250312,50,BLK_50C,18,베이35A 수정,8,2025-03-13 20:01:36,2025-03-13 20:26:24,24.8,35A,베이35A,raw,
b110_sub_heavy_r1,MSF,Medium (81-140),110,sub_heavy,144.95,16,20250312,87,BLK_87P,19,판계,1,2025-03-12 17:07:00,2025-03-12 17:27:00,20.0,,공통,raw,
b110_sub_heavy_r1,MSF,Medium (81-140),110,sub_heavy,144.95,16,20250312,87,BLK_87P,19,전면SAW,2,2025-03-13 16:35:36,2025-03-13 17:31:13,55.6,,공통,raw,
b110_sub_heavy_r1,MSF,Medium (81-140),110,sub_heavy,144.95,16,20250312,87,BLK_87P,19,TurnOver,3,2025-03-13 17:31:13,2025-03-13 17:43:13,12.0,,공통,raw,
b110_sub_heavy_r1,MSF,Medium (81-140),110,sub_heavy,144.95,16,20250312,87,BLK_87P,19,후면SAW,4,2025-03-13 18:39:35,2025-03-13 19:31:39,52.1,,공통,raw,
b110_sub_heavy_r1,MSF,Medium (81-140),110,sub_heavy,144.95,16,20250312,87,BLK_87P,19,NC,5,2025-03-13 19:31:39,2025-03-13 19:59:37,28.0,,공통,raw,
b110_sub_heavy_r1,MSF,Medium (81-140),110,sub_heavy,144.95,16,20250312,87,BLK_87P,19,베이36B 론지취부,6,2025-03-13 19:59:37,2025-03-13 21:05:37,66.0,36B,베이36B,raw,
b110_sub_heavy_r1,MSF,Medium (81-140),110,sub_heavy,144.95,16,20250312,87,BLK_87P,19,베이36B 론지용접,7,2025-03-13 21:05:37,2025-03-13 21:28:13,22.6,36B,베이36B,raw,
b110_sub_heavy_r1,MSF,Medium (81-140),110,sub_heavy,144.95,16,20250312,87,BLK_87P,19,베이36B 수정,8,2025-03-13 21:28:13,2025-03-13 22:08:25,40.2,36B,베이36B,raw,
b110_sub_heavy_r1,MSF,Medium (81-140),110,sub_heavy,144.95,16,20250313,93,BLK_93C,1,판계,1,2025-03-13 08:00:00,2025-03-13 08:30:00,30.0,,공통,raw,
b110_sub_heavy_r1,MSF,Medium (81-140),110,sub_heavy,144.95,16,20250313,93,BLK_93C,1,전면SAW,2,2025-03-13 17:31:13,2025-03-13 20:29:17,178.1,,공통,raw,
b110_sub_heavy_r1,MSF,Medium (81-140),110,sub_heavy,144.95,16,20250313,93,BLK_93C,1,TurnOver,3,2025-03-13 20:29:17,2025-03-13 20:41:17,12.0,,공통,raw,
b110_sub_heavy_r1,MSF,Medium (81-140),110,sub_heavy,144.95,16,20250313,93,BLK_93C,1,후면SAW,4,2025-03-13 20:41:17,2025-03-13 22:50:52,129.6,,공통,raw,
b110_sub_heavy_r1,MSF,Medium (81-140),110,sub_heavy,144.95,16,20250313,93,BLK_93C,1,NC,5,2025-03-13 22:50:52,2025-03-13 23:54:56,64.1,,공통,raw,
b110_sub_heavy_r1,MSF,Medium (81-140),110,sub_heavy,144.95,16,20250313,93,BLK_93C,1,베이35A 론지취부,6,2025-03-13 23:54:56,2025-03-14 01:18:26,83.5,35A,베이35A,raw,
b110_sub_heavy_r1,MSF,Medium (81-140),110,sub_heavy,144.95,16,20250313,93,BLK_93C,1,베이35A 론지용접,7,2025-03-14 01:18:26,2025-03-14 01:44:02,25.6,35A,베이35A,raw,
b110_sub_heavy_r1,MSF,Medium (81-140),110,sub_heavy,144.95,16,20250313,93,BLK_93C,1,베이35A 수정,8,2025-03-14 01:44:02,2025-03-14 02:35:14,51.2,35A,베이35A,raw,
b110_sub_heavy_r1,MSF,Medium (81-140),110,sub_heavy,144.95,16,20250313,35,BLK_35C,2,판계,1,2025-03-13 08:30:00,2025-03-13 09:29:00,59.0,,공통,raw,
b110_sub_heavy_r1,MSF,Medium (81-140),110,sub_heavy,144.95,16,20250313,35,BLK_35C,2,전면SAW,2,2025-03-13 20:29:17,2025-03-13 21:11:40,42.4,,공통,raw,
b110_sub_heavy_r1,MSF,Medium (81-140),110,sub_heavy,144.95,16,20250313,35,BLK_35C,2,TurnOver,3,2025-03-13 21:11:40,2025-03-13 21:23:40,12.0,,공통,raw,
b110_sub_heavy_r1,MSF,Medium (81-140),110,sub_heavy,144.95,16,20250313,35,BLK_35C,2,후면SAW,4,2025-03-13 22:50:52,2025-03-13 23:25:31,34.6,,공통,raw,
b110_sub_heavy_r1,MSF,Medium (81-140),110,sub_heavy,144.95,16,20250313,35,BLK_35C,2,NC,5,2025-03-13 23:54:56,2025-03-14 01:06:03,71.1,,공통,raw,
b110_sub_heavy_r1,MSF,Medium (81-140),110,sub_heavy,144.95,16,20250313,35,BLK_35C,2,베이36B 론지취부,6,2025-03-14 01:06:03,2025-03-14 02:50:33,104.5,36B,베이36B,raw,
b110_sub_heavy_r1,MSF,Medium (81-140),110,sub_heavy,144.95,16,20250313,35,BLK_35C,2,베이36B 론지용접,7,2025-03-14 02:50:33,2025-03-14 03:19:45,29.2,36B,베이36B,raw,
b110_sub_heavy_r1,MSF,Medium (81-140),110,sub_heavy,144.95,16,20250313,35,BLK_35C,2,베이36B 수정,8,2025-03-14 03:19:45,2025-03-14 04:24:09,64.4,36B,베이36B,raw,
b110_sub_heavy_r1,MSF,Medium (81-140),110,sub_heavy,144.95,16,20250313,101,BLK_101S,3,판계,1,2025-03-13 09:29:00,2025-03-13 09:57:00,28.0,,공통,raw,
b110_sub_heavy_r1,MSF,Medium (81-140),110,sub_heavy,144.95,16,20250313,101,BLK_101S,3,전면SAW,2,2025-03-13 21:11:40,2025-03-13 22:47:31,95.8,,공통,raw,
b110_sub_heavy_r1,MSF,Medium (81-140),110,sub_heavy,144.95,16,20250313,101,BLK_101S,3,TurnOver,3,2025-03-13 22:47:31,2025-03-13 22:59:31,12.0,,공통,raw,
b110_sub_heavy_r1,MSF,Medium (81-140),110,sub_heavy,144.95,16,20250313,101,BLK_101S,3,후면SAW,4,2025-03-13 23:25:31,2025-03-14 00:40:40,75.2,,공통,raw,
b110_sub_heavy_r1,MSF,Medium (81-140),110,sub_heavy,144.95,16,20250313,101,BLK_101S,3,NC,5,2025-03-14 01:06:03,2025-03-14 01:38:09,32.1,,공통,raw,
b110_sub_heavy_r1,MSF,Medium (81-140),110,sub_heavy,144.95,16,20250313,101,BLK_101S,3,베이35A 론지취부,6,2025-03-14 01:38:09,2025-03-14 02:23:09,45.0,35A,베이35A,raw,
b110_sub_heavy_r1,MSF,Medium (81-140),110,sub_heavy,144.95,16,20250313,101,BLK_101S,3,베이35A 론지용접,7,2025-03-14 02:23:09,2025-03-14 02:38:09,15.0,35A,베이35A,raw,
b110_sub_heavy_r1,MSF,Medium (81-140),110,sub_heavy,144.95,16,20250313,101,BLK_101S,3,베이35A 수정,8,2025-03-14 02:38:09,2025-03-14 03:05:09,27.0,35A,베이35A,raw,
b110_sub_heavy_r1,MSF,Medium (81-140),110,sub_heavy,144.95,16,20250313,42,BLK_42C,4,판계,1,2025-03-13 09:57:00,2025-03-13 10:22:00,25.0,,공통,raw,
b110_sub_heavy_r1,MSF,Medium (81-140),110,sub_heavy,144.95,16,20250313,42,BLK_42C,4,전면SAW,2,2025-03-13 22:47:31,2025-03-13 23:37:39,50.1,,공통,raw,
b110_sub_heavy_r1,MSF,Medium (81-140),110,sub_heavy,144.95,16,20250313,42,BLK_42C,4,TurnOver,3,2025-03-13 23:37:39,2025-03-13 23:49:39,12.0,,공통,raw,
b110_sub_heavy_r1,MSF,Medium (81-140),110,sub_heavy,144.95,16,20250313,42,BLK_42C,4,후면SAW,4,2025-03-14 00:40:40,2025-03-14 01:25:32,44.9,,공통,raw,
b110_sub_heavy_r1,MSF,Medium (81-140),110,sub_heavy,144.95,16,20250313,42,BLK_42C,4,NC,5,2025-03-14 01:38:09,2025-03-14 02:14:44,36.6,,공통,raw,
b110_sub_heavy_r1,MSF,Medium (81-140),110,sub_heavy,144.95,16,20250313,42,BLK_42C,4,베이36B 론지취부,6,2025-03-14 02:50:33,2025-03-14 03:49:33,59.0,36B,베이36B,raw,
b110_sub_heavy_r1,MSF,Medium (81-140),110,sub_heavy,144.95,16,20250313,42,BLK_42C,4,베이36B 론지용접,7,2025-03-14 03:49:33,2025-03-14 04:10:57,21.4,36B,베이36B,raw,
b110_sub_heavy_r1,MSF,Medium (81-140),110,sub_heavy,144.95,16,20250313,42,BLK_42C,4,베이36B 수정,8,2025-03-14 04:24:09,2025-03-14 04:59:57,35.8,36B,베이36B,raw,
b110_sub_heavy_r1,MSF,Medium (81-140),110,sub_heavy,144.95,16,20250313,18,BLK_18C,5,판계,1,2025-03-13 10:22:00,2025-03-13 11:02:00,40.0,,공통,raw,
b110_sub_heavy_r1,MSF,Medium (81-140),110,sub_heavy,144.95,16,20250313,18,BLK_18C,5,전면SAW,2,2025-03-13 23:37:39,2025-03-14 02:09:48,152.1,,공통,raw,
b110_sub_heavy_r1,MSF,Medium (81-140),110,sub_heavy,144.95,16,20250313,18,BLK_18C,5,TurnOver,3,2025-03-14 02:09:48,2025-03-14 02:21:48,12.0,,공통,raw,
b110_sub_heavy_r1,MSF,Medium (81-140),110,sub_heavy,144.95,16,20250313,18,BLK_18C,5,후면SAW,4,2025-03-14 02:21:48,2025-03-14 04:13:37,111.8,,공통,raw,
b110_sub_heavy_r1,MSF,Medium (81-140),110,sub_heavy,144.95,16,20250313,18,BLK_18C,5,NC,5,2025-03-14 04:13:37,2025-03-14 04:59:19,45.7,,공통,raw,
b110_sub_heavy_r1,MSF,Medium (81-140),110,sub_heavy,144.95,16,20250313,18,BLK_18C,5,베이35A 론지취부,6,2025-03-14 04:59:19,2025-03-14 05:30:19,31.0,35A,베이35A,raw,
b110_sub_heavy_r1,MSF,Medium (81-140),110,sub_heavy,144.95,16,20250313,18,BLK_18C,5,베이35A 론지용접,7,2025-03-14 05:30:19,2025-03-14 05:46:55,16.6,35A,베이35A,raw,
b110_sub_heavy_r1,MSF,Medium (81-140),110,sub_heavy,144.95,16,20250313,18,BLK_18C,5,베이35A 수정,8,2025-03-14 05:46:55,2025-03-14 06:05:07,18.2,35A,베이35A,raw,
b110_sub_heavy_r1,MSF,Medium (81-140),110,sub_heavy,144.95,16,20250313,80,BLK_80C,6,판계,1,2025-03-13 11:02:00,2025-03-13 11:27:00,25.0,,공통,raw,
b110_sub_heavy_r1,MSF,Medium (81-140),110,sub_heavy,144.95,16,20250313,80,BLK_80C,6,전면SAW,2,2025-03-14 02:09:48,2025-03-14 02:36:06,26.3,,공통,raw,
b110_sub_heavy_r1,MSF,Medium (81-140),110,sub_heavy,144.95,16,20250313,80,BLK_80C,6,TurnOver,3,2025-03-14 02:36:06,2025-03-14 02:48:06,12.0,,공통,raw,
b110_sub_heavy_r1,MSF,Medium (81-140),110,sub_heavy,144.95,16,20250313,80,BLK_80C,6,후면SAW,4,2025-03-14 04:13:37,2025-03-14 04:27:07,13.5,,공통,raw,
b110_sub_heavy_r1,MSF,Medium (81-140),110,sub_heavy,144.95,16,20250313,80,BLK_80C,6,NC,5,2025-03-14 04:59:19,2025-03-14 05:29:39,30.3,,공통,raw,
b110_sub_heavy_r1,MSF,Medium (81-140),110,sub_heavy,144.95,16,20250313,80,BLK_80C,6,베이36B 론지취부,6,2025-03-14 05:29:39,2025-03-14 06:21:39,52.0,36B,베이36B,raw,
b110_sub_heavy_r1,MSF,Medium (81-140),110,sub_heavy,144.95,16,20250313,80,BLK_80C,6,베이36B 론지용접,7,2025-03-14 06:21:39,2025-03-14 06:41:51,20.2,36B,베이36B,raw,
b110_sub_heavy_r1,MSF,Medium (81-140),110,sub_heavy,144.95,16,20250313,80,BLK_80C,6,베이36B 수정,8,2025-03-14 06:41:51,2025-03-14 07:13:15,31.4,36B,베이36B,raw,
b110_sub_heavy_r1,MSF,Medium (81-140),110,sub_heavy,144.95,16,20250313,60,BLK_60S,7,판계,1,2025-03-13 11:27:00,2025-03-13 12:13:00,46.0,,공통,raw,
b110_sub_heavy_r1,MSF,Medium (81-140),110,sub_heavy,144.95,16,20250313,60,BLK_60S,7,전면SAW,2,2025-03-14 02:36:06,2025-03-14 05:09:34,153.5,,공통,raw,
b110_sub_heavy_r1,MSF,Medium (81-140),110,sub_heavy,144.95,16,20250313,60,BLK_60S,7,TurnOver,3,2025-03-14 05:09:34,2025-03-14 05:21:34,12.0,,공통,raw,
b110_sub_heavy_r1,MSF,Medium (81-140),110,sub_heavy,144.95,16,20250313,60,BLK_60S,7,후면SAW,4,2025-03-14 05:21:34,2025-03-14 07:12:55,111.3,,공통,raw,
b110_sub_heavy_r1,MSF,Medium (81-140),110,sub_heavy,144.95,16,20250313,60,BLK_60S,7,NC,5,2025-03-14 07:12:55,2025-03-14 08:07:12,54.3,,공통,raw,
b110_sub_heavy_r1,MSF,Medium (81-140),110,sub_heavy,144.95,16,20250313,60,BLK_60S,7,베이35A 론지취부,6,2025-03-14 08:07:12,2025-03-14 09:23:42,76.5,35A,베이35A,raw,
b110_sub_heavy_r1,MSF,Medium (81-140),110,sub_heavy,144.95,16,20250313,60,BLK_60S,7,베이35A 론지용접,7,2025-03-14 09:23:42,2025-03-14 09:48:06,24.4,35A,베이35A,raw,
b110_sub_heavy_r1,MSF,Medium (81-140),110,sub_heavy,144.95,16,20250313,60,BLK_60S,7,베이35A 수정,8,2025-03-14 09:48:06,2025-03-14 10:34:54,46.8,35A,베이35A,raw,
b110_sub_heavy_r1,MSF,Medium (81-140),110,sub_heavy,144.95,16,20250313,77,BLK_77C,8,판계,1,2025-03-13 12:13:00,2025-03-13 12:38:00,25.0,,공통,raw,
b110_sub_heavy_r1,MSF,Medium (81-140),110,sub_heavy,144.95,16,20250313,77,BLK_77C,8,전면SAW,2,2025-03-14 05:09:34,2025-03-14 05:41:44,32.2,,공통,raw,
b110_sub_heavy_r1,MSF,Medium (81-140),110,sub_heavy,144.95,16,20250313,77,BLK_77C,8,TurnOver,3,2025-03-14 05:41:44,2025-03-14 05:53:44,12.0,,공통,raw,
b110_sub_heavy_r1,MSF,Medium (81-140),110,sub_heavy,144.95,16,20250313,77,BLK_77C,8,후면SAW,4,2025-03-14 07:12:55,2025-03-14 07:34:07,21.2,,공통,raw,
b110_sub_heavy_r1,MSF,Medium (81-140),110,sub_heavy,144.95,16,20250313,77,BLK_77C,8,NC,5,2025-03-14 08:07:12,2025-03-14 08:41:53,34.7,,공통,raw,
b110_sub_heavy_r1,MSF,Medium (81-140),110,sub_heavy,144.95,16,20250313,77,BLK_77C,8,베이36B 론지취부,6,2025-03-14 08:41:53,2025-03-14 09:54:53,73.0,36B,베이36B,raw,
b110_sub_heavy_r1,MSF,Medium (81-140),110,sub_heavy,144.95,16,20250313,77,BLK_77C,8,베이36B 론지용접,7,2025-03-14 09:54:53,2025-03-14 10:18:41,23.8,36B,베이36B,raw,
b110_sub_heavy_r1,MSF,Medium (81-140),110,sub_heavy,144.95,16,20250313,77,BLK_77C,8,베이36B 수정,8,2025-03-14 10:18:41,2025-03-14 11:03:17,44.6,36B,베이36B,raw,
b110_sub_heavy_r1,MSF,Medium (81-140),110,sub_heavy,144.95,16,20250313,90,BLK_90P,9,판계,1,2025-03-13 12:38:00,2025-03-13 13:18:00,40.0,,공통,raw,
b110_sub_heavy_r1,MSF,Medium (81-140),110,sub_heavy,144.95,16,20250313,90,BLK_90P,9,전면SAW,2,2025-03-14 05:41:44,2025-03-14 08:15:30,153.8,,공통,raw,
b110_sub_heavy_r1,MSF,Medium (81-140),110,sub_heavy,144.95,16,20250313,90,BLK_90P,9,TurnOver,3,2025-03-14 08:15:30,2025-03-14 08:27:30,12.0,,공통,raw,
b110_sub_heavy_r1,MSF,Medium (81-140),110,sub_heavy,144.95,16,20250313,90,BLK_90P,9,후면SAW,4,2025-03-14 08:27:30,2025-03-14 10:20:39,113.1,,공통,raw,
b110_sub_heavy_r1,MSF,Medium (81-140),110,sub_heavy,144.95,16,20250313,90,BLK_90P,9,NC,5,2025-03-14 10:20:39,2025-03-14 11:05:51,45.2,,공통,raw,
b110_sub_heavy_r1,MSF,Medium (81-140),110,sub_heavy,144.95,16,20250313,90,BLK_90P,9,베이35A 론지취부,6,2025-03-14 11:05:51,2025-03-14 11:54:21,48.5,35A,베이35A,raw,
b110_sub_heavy_r1,MSF,Medium (81-140),110,sub_heavy,144.95,16,20250313,90,BLK_90P,9,베이35A 론지용접,7,2025-03-14 11:54:21,2025-03-14 12:13:57,19.6,35A,베이35A,raw,
b110_sub_heavy_r1,MSF,Medium (81-140),110,sub_heavy,144.95,16,20250313,90,BLK_90P,9,베이35A 수정,8,2025-03-14 12:13:57,2025-03-14 12:43:09,29.2,35A,베이35A,raw,
b110_sub_heavy_r1,MSF,Medium (81-140),110,sub_heavy,144.95,16,20250313,102,BLK_102P,10,판계,1,2025-03-13 13:18:00,2025-03-13 13:43:00,25.0,,공통,raw,
b110_sub_heavy_r1,MSF,Medium (81-140),110,sub_heavy,144.95,16,20250313,102,BLK_102P,10,전면SAW,2,2025-03-14 08:15:30,2025-03-14 08:48:16,32.8,,공통,raw,
b110_sub_heavy_r1,MSF,Medium (81-140),110,sub_heavy,144.95,16,20250313,102,BLK_102P,10,TurnOver,3,2025-03-14 08:48:16,2025-03-14 09:00:16,12.0,,공통,raw,
b110_sub_heavy_r1,MSF,Medium (81-140),110,sub_heavy,144.95,16,20250313,102,BLK_102P,10,후면SAW,4,2025-03-14 10:20:39,2025-03-14 10:42:37,22.0,,공통,raw,
b110_sub_heavy_r1,MSF,Medium (81-140),110,sub_heavy,144.95,16,20250313,102,BLK_102P,10,NC,5,2025-03-14 11:05:51,2025-03-14 11:41:13,35.4,,공통,raw,
b110_sub_heavy_r1,MSF,Medium (81-140),110,sub_heavy,144.95,16,20250313,102,BLK_102P,10,베이36B 론지취부,6,2025-03-14 11:41:13,2025-03-14 12:33:13,52.0,36B,베이36B,raw,
b110_sub_heavy_r1,MSF,Medium (81-140),110,sub_heavy,144.95,16,20250313,102,BLK_102P,10,베이36B 론지용접,7,2025-03-14 12:33:13,2025-03-14 12:53:25,20.2,36B,베이36B,raw,
b110_sub_heavy_r1,MSF,Medium (81-140),110,sub_heavy,144.95,16,20250313,102,BLK_102P,10,베이36B 수정,8,2025-03-14 12:53:25,2025-03-14 13:24:49,31.4,36B,베이36B,raw,
b110_sub_heavy_r1,MSF,Medium (81-140),110,sub_heavy,144.95,16,20250313,100,BLK_100P,11,판계,1,2025-03-13 13:43:00,2025-03-13 14:16:00,33.0,,공통,raw,
b110_sub_heavy_r1,MSF,Medium (81-140),110,sub_heavy,144.95,16,20250313,100,BLK_100P,11,전면SAW,2,2025-03-14 08:48:16,2025-03-14 10:18:13,90.0,,공통,raw,
b110_sub_heavy_r1,MSF,Medium (81-140),110,sub_heavy,144.95,16,20250313,100,BLK_100P,11,TurnOver,3,2025-03-14 10:18:13,2025-03-14 10:30:13,12.0,,공통,raw,
b110_sub_heavy_r1,MSF,Medium (81-140),110,sub_heavy,144.95,16,20250313,100,BLK_100P,11,후면SAW,4,2025-03-14 10:42:37,2025-03-14 11:52:24,69.8,,공통,raw,
b110_sub_heavy_r1,MSF,Medium (81-140),110,sub_heavy,144.95,16,20250313,100,BLK_100P,11,NC,5,2025-03-14 11:52:24,2025-03-14 12:31:26,39.0,,공통,raw,
b110_sub_heavy_r1,MSF,Medium (81-140),110,sub_heavy,144.95,16,20250313,100,BLK_100P,11,베이35A 론지취부,6,2025-03-14 12:31:26,2025-03-14 13:12:56,41.5,35A,베이35A,raw,
b110_sub_heavy_r1,MSF,Medium (81-140),110,sub_heavy,144.95,16,20250313,100,BLK_100P,11,베이35A 론지용접,7,2025-03-14 13:12:56,2025-03-14 13:31:20,18.4,35A,베이35A,raw,
b110_sub_heavy_r1,MSF,Medium (81-140),110,sub_heavy,144.95,16,20250313,100,BLK_100P,11,베이35A 수정,8,2025-03-14 13:31:20,2025-03-14 13:56:08,24.8,35A,베이35A,raw,
b110_sub_heavy_r1,MSF,Medium (81-140),110,sub_heavy,144.95,16,20250313,78,BLK_78P,12,판계,1,2025-03-13 14:16:00,2025-03-13 14:46:00,30.0,,공통,raw,
b110_sub_heavy_r1,MSF,Medium (81-140),110,sub_heavy,144.95,16,20250313,78,BLK_78P,12,전면SAW,2,2025-03-14 10:18:13,2025-03-14 11:00:04,41.9,,공통,raw,
b110_sub_heavy_r1,MSF,Medium (81-140),110,sub_heavy,144.95,16,20250313,78,BLK_78P,12,TurnOver,3,2025-03-14 11:00:04,2025-03-14 11:12:04,12.0,,공통,raw,
b110_sub_heavy_r1,MSF,Medium (81-140),110,sub_heavy,144.95,16,20250313,78,BLK_78P,12,후면SAW,4,2025-03-14 11:52:24,2025-03-14 12:26:21,33.9,,공통,raw,
b110_sub_heavy_r1,MSF,Medium (81-140),110,sub_heavy,144.95,16,20250313,78,BLK_78P,12,NC,5,2025-03-14 12:31:26,2025-03-14 13:13:37,42.2,,공통,raw,
b110_sub_heavy_r1,MSF,Medium (81-140),110,sub_heavy,144.95,16,20250313,78,BLK_78P,12,베이36B 론지취부,6,2025-03-14 13:13:37,2025-03-14 14:19:37,66.0,36B,베이36B,raw,
b110_sub_heavy_r1,MSF,Medium (81-140),110,sub_heavy,144.95,16,20250313,78,BLK_78P,12,베이36B 론지용접,7,2025-03-14 14:19:37,2025-03-14 14:42:13,22.6,36B,베이36B,raw,
b110_sub_heavy_r1,MSF,Medium (81-140),110,sub_heavy,144.95,16,20250313,78,BLK_78P,12,베이36B 수정,8,2025-03-14 14:42:13,2025-03-14 15:22:25,40.2,36B,베이36B,raw,
b110_sub_heavy_r1,MSF,Medium (81-140),110,sub_heavy,144.95,16,20250313,82,BLK_82P,13,판계,1,2025-03-13 14:46:00,2025-03-13 15:19:00,33.0,,공통,raw,
b110_sub_heavy_r1,MSF,Medium (81-140),110,sub_heavy,144.95,16,20250313,82,BLK_82P,13,전면SAW,2,2025-03-14 11:00:04,2025-03-14 12:49:52,109.8,,공통,raw,
b110_sub_heavy_r1,MSF,Medium (81-140),110,sub_heavy,144.95,16,20250313,82,BLK_82P,13,TurnOver,3,2025-03-14 12:49:52,2025-03-14 13:01:52,12.0,,공통,raw,
b110_sub_heavy_r1,MSF,Medium (81-140),110,sub_heavy,144.95,16,20250313,82,BLK_82P,13,후면SAW,4,2025-03-14 13:01:52,2025-03-14 14:29:45,87.9,,공통,raw,
b110_sub_heavy_r1,MSF,Medium (81-140),110,sub_heavy,144.95,16,20250313,82,BLK_82P,13,NC,5,2025-03-14 14:29:45,2025-03-14 15:08:55,39.2,,공통,raw,
b110_sub_heavy_r1,MSF,Medium (81-140),110,sub_heavy,144.95,16,20250313,82,BLK_82P,13,베이35A 론지취부,6,2025-03-14 15:08:55,2025-03-14 15:53:55,45.0,35A,베이35A,raw,
b110_sub_heavy_r1,MSF,Medium (81-140),110,sub_heavy,144.95,16,20250313,82,BLK_82P,13,베이35A 론지용접,7,2025-03-14 15:53:55,2025-03-14 16:12:55,19.0,35A,베이35A,raw,
b110_sub_heavy_r1,MSF,Medium (81-140),110,sub_heavy,144.95,16,20250313,82,BLK_82P,13,베이35A 수정,8,2025-03-14 16:12:55,2025-03-14 16:39:55,27.0,35A,베이35A,raw,
b110_sub_heavy_r1,MSF,Medium (81-140),110,sub_heavy,144.95,16,20250313,86,BLK_86P,14,판계,1,2025-03-13 15:19:00,2025-03-13 15:49:00,30.0,,공통,raw,
b110_sub_heavy_r1,MSF,Medium (81-140),110,sub_heavy,144.95,16,20250313,86,BLK_86P,14,전면SAW,2,2025-03-14 12:49:52,2025-03-14 13:21:19,31.4,,공통,raw,
b110_sub_heavy_r1,MSF,Medium (81-140),110,sub_heavy,144.95,16,20250313,86,BLK_86P,14,TurnOver,3,2025-03-14 13:21:19,2025-03-14 13:33:19,12.0,,공통,raw,
b110_sub_heavy_r1,MSF,Medium (81-140),110,sub_heavy,144.95,16,20250313,86,BLK_86P,14,후면SAW,4,2025-03-14 14:29:45,2025-03-14 14:50:00,20.3,,공통,raw,
b110_sub_heavy_r1,MSF,Medium (81-140),110,sub_heavy,144.95,16,20250313,86,BLK_86P,14,NC,5,2025-03-14 15:08:55,2025-03-14 15:50:31,41.6,,공통,raw,
b110_sub_heavy_r1,MSF,Medium (81-140),110,sub_heavy,144.95,16,20250313,86,BLK_86P,14,베이36B 론지취부,6,2025-03-14 15:50:31,2025-03-14 17:03:31,73.0,36B,베이36B,raw,
b110_sub_heavy_r1,MSF,Medium (81-140),110,sub_heavy,144.95,16,20250313,86,BLK_86P,14,베이36B 론지용접,7,2025-03-14 17:03:31,2025-03-14 17:27:19,23.8,36B,베이36B,raw,
b110_sub_heavy_r1,MSF,Medium (81-140),110,sub_heavy,144.95,16,20250313,86,BLK_86P,14,베이36B 수정,8,2025-03-14 17:27:19,2025-03-14 18:11:55,44.6,36B,베이36B,raw,
b110_sub_heavy_r1,MSF,Medium (81-140),110,sub_heavy,144.95,16,20250313,91,BLK_91P,15,판계,1,2025-03-13 15:49:00,2025-03-13 16:27:00,38.0,,공통,raw,
b110_sub_heavy_r1,MSF,Medium (81-140),110,sub_heavy,144.95,16,20250313,91,BLK_91P,15,전면SAW,2,2025-03-14 13:21:19,2025-03-14 15:18:27,117.1,,공통,raw,
b110_sub_heavy_r1,MSF,Medium (81-140),110,sub_heavy,144.95,16,20250313,91,BLK_91P,15,TurnOver,3,2025-03-14 15:18:27,2025-03-14 15:30:27,12.0,,공통,raw,
b110_sub_heavy_r1,MSF,Medium (81-140),110,sub_heavy,144.95,16,20250313,91,BLK_91P,15,후면SAW,4,2025-03-14 15:30:27,2025-03-14 17:04:59,94.5,,공통,raw,
b110_sub_heavy_r1,MSF,Medium (81-140),110,sub_heavy,144.95,16,20250313,91,BLK_91P,15,NC,5,2025-03-14 17:04:59,2025-03-14 17:54:49,49.8,,공통,raw,
b110_sub_heavy_r1,MSF,Medium (81-140),110,sub_heavy,144.95,16,20250313,91,BLK_91P,15,베이35A 론지취부,6,2025-03-14 17:54:49,2025-03-14 19:25:19,90.5,35A,베이35A,raw,
b110_sub_heavy_r1,MSF,Medium (81-140),110,sub_heavy,144.95,16,20250313,91,BLK_91P,15,베이35A 론지용접,7,2025-03-14 19:25:19,2025-03-14 19:52:07,26.8,35A,베이35A,raw,
b110_sub_heavy_r1,MSF,Medium (81-140),110,sub_heavy,144.95,16,20250313,91,BLK_91P,15,베이35A 수정,8,2025-03-14 19:52:07,2025-03-14 20:47:43,55.6,35A,베이35A,raw,
b110_sub_heavy_r1,MSF,Medium (81-140),110,sub_heavy,144.95,16,20250314,98,BLK_98P,1,판계,1,2025-03-14 08:00:00,2025-03-14 08:30:00,30.0,,공통,raw,
b110_sub_heavy_r1,MSF,Medium (81-140),110,sub_heavy,144.95,16,20250314,98,BLK_98P,1,전면SAW,2,2025-03-14 15:18:27,2025-03-14 15:52:38,34.2,,공통,raw,
b110_sub_heavy_r1,MSF,Medium (81-140),110,sub_heavy,144.95,16,20250314,98,BLK_98P,1,TurnOver,3,2025-03-14 15:52:38,2025-03-14 16:04:38,12.0,,공통,raw,
b110_sub_heavy_r1,MSF,Medium (81-140),110,sub_heavy,144.95,16,20250314,98,BLK_98P,1,후면SAW,4,2025-03-14 17:04:59,2025-03-14 17:28:51,23.9,,공통,raw,
b110_sub_heavy_r1,MSF,Medium (81-140),110,sub_heavy,144.95,16,20250314,98,BLK_98P,1,NC,5,2025-03-14 17:54:49,2025-03-14 18:36:03,41.2,,공통,raw,
b110_sub_heavy_r1,MSF,Medium (81-140),110,sub_heavy,144.95,16,20250314,98,BLK_98P,1,베이36B 론지취부,6,2025-03-14 18:36:03,2025-03-14 19:38:33,62.5,36B,베이36B,raw,
b110_sub_heavy_r1,MSF,Medium (81-140),110,sub_heavy,144.95,16,20250314,98,BLK_98P,1,베이36B 론지용접,7,2025-03-14 19:38:33,2025-03-14 20:00:33,22.0,36B,베이36B,raw,
b110_sub_heavy_r1,MSF,Medium (81-140),110,sub_heavy,144.95,16,20250314,98,BLK_98P,1,베이36B 수정,8,2025-03-14 20:00:33,2025-03-14 20:38:33,38.0,36B,베이36B,raw,
b110_sub_heavy_r1,MSF,Medium (81-140),110,sub_heavy,144.95,16,20250314,92,BLK_92P,2,판계,1,2025-03-14 08:30:00,2025-03-14 09:00:00,30.0,,공통,raw,
b110_sub_heavy_r1,MSF,Medium (81-140),110,sub_heavy,144.95,16,20250314,92,BLK_92P,2,전면SAW,2,2025-03-14 15:52:38,2025-03-14 18:30:37,158.0,,공통,raw,
b110_sub_heavy_r1,MSF,Medium (81-140),110,sub_heavy,144.95,16,20250314,92,BLK_92P,2,TurnOver,3,2025-03-14 18:30:37,2025-03-14 18:42:37,12.0,,공통,raw,
b110_sub_heavy_r1,MSF,Medium (81-140),110,sub_heavy,144.95,16,20250314,92,BLK_92P,2,후면SAW,4,2025-03-14 18:42:37,2025-03-14 21:00:03,137.4,,공통,raw,
b110_sub_heavy_r1,MSF,Medium (81-140),110,sub_heavy,144.95,16,20250314,92,BLK_92P,2,NC,5,2025-03-14 21:00:03,2025-03-14 21:59:29,59.4,,공통,raw,
b110_sub_heavy_r1,MSF,Medium (81-140),110,sub_heavy,144.95,16,20250314,92,BLK_92P,2,베이35A 론지취부,6,2025-03-14 21:59:29,2025-03-14 23:33:29,94.0,35A,베이35A,raw,
b110_sub_heavy_r1,MSF,Medium (81-140),110,sub_heavy,144.95,16,20250314,92,BLK_92P,2,베이35A 론지용접,7,2025-03-14 23:33:29,2025-03-15 00:00:53,27.4,35A,베이35A,raw,
b110_sub_heavy_r1,MSF,Medium (81-140),110,sub_heavy,144.95,16,20250314,92,BLK_92P,2,베이35A 수정,8,2025-03-15 00:00:53,2025-03-15 00:58:41,57.8,35A,베이35A,raw,
b110_sub_heavy_r1,MSF,Medium (81-140),110,sub_heavy,144.95,16,20250314,96,BLK_96P,3,판계,1,2025-03-14 09:00:00,2025-03-14 09:30:00,30.0,,공통,raw,
b110_sub_heavy_r1,MSF,Medium (81-140),110,sub_heavy,144.95,16,20250314,96,BLK_96P,3,전면SAW,2,2025-03-14 18:30:37,2025-03-14 19:04:19,33.7,,공통,raw,
b110_sub_heavy_r1,MSF,Medium (81-140),110,sub_heavy,144.95,16,20250314,96,BLK_96P,3,TurnOver,3,2025-03-14 19:04:19,2025-03-14 19:16:19,12.0,,공통,raw,
b110_sub_heavy_r1,MSF,Medium (81-140),110,sub_heavy,144.95,16,20250314,96,BLK_96P,3,후면SAW,4,2025-03-14 21:00:03,2025-03-14 21:23:16,23.2,,공통,raw,
b110_sub_heavy_r1,MSF,Medium (81-140),110,sub_heavy,144.95,16,20250314,96,BLK_96P,3,NC,5,2025-03-14 21:59:29,2025-03-14 22:47:20,47.9,,공통,raw,
b110_sub_heavy_r1,MSF,Medium (81-140),110,sub_heavy,144.95,16,20250314,96,BLK_96P,3,베이36B 론지취부,6,2025-03-14 22:47:20,2025-03-15 00:17:50,90.5,36B,베이36B,raw,
b110_sub_heavy_r1,MSF,Medium (81-140),110,sub_heavy,144.95,16,20250314,96,BLK_96P,3,베이36B 론지용접,7,2025-03-15 00:17:50,2025-03-15 00:44:38,26.8,36B,베이36B,raw,
b110_sub_heavy_r1,MSF,Medium (81-140),110,sub_heavy,144.95,16,20250314,96,BLK_96P,3,베이36B 수정,8,2025-03-15 00:44:38,2025-03-15 01:40:14,55.6,36B,베이36B,raw,
b110_sub_heavy_r1,MSF,Medium (81-140),110,sub_heavy,144.95,16,20250314,70,BLK_70C,4,판계,1,2025-03-14 09:30:00,2025-03-14 10:15:00,45.0,,공통,raw,
b110_sub_heavy_r1,MSF,Medium (81-140),110,sub_heavy,144.95,16,20250314,70,BLK_70C,4,전면SAW,2,2025-03-14 19:04:19,2025-03-14 19:43:10,38.9,,공통,raw,
b110_sub_heavy_r1,MSF,Medium (81-140),110,sub_heavy,144.95,16,20250314,70,BLK_70C,4,TurnOver,3,2025-03-14 19:43:10,2025-03-14 19:55:10,12.0,,공통,raw,
b110_sub_heavy_r1,MSF,Medium (81-140),110,sub_heavy,144.95,16,20250314,70,BLK_70C,4,후면SAW,4,2025-03-14 21:23:16,2025-03-14 21:53:16,30.0,,공통,raw,
b110_sub_heavy_r1,MSF,Medium (81-140),110,sub_heavy,144.95,16,20250314,70,BLK_70C,4,NC,5,2025-03-14 22:47:20,2025-03-14 23:40:51,53.5,,공통,raw,
b110_sub_heavy_r1,MSF,Medium (81-140),110,sub_heavy,144.95,16,20250314,70,BLK_70C,4,베이35A 론지취부,6,2025-03-14 23:40:51,2025-03-15 00:50:21,69.5,35A,베이35A,raw,
b110_sub_heavy_r1,MSF,Medium (81-140),110,sub_heavy,144.95,16,20250314,70,BLK_70C,4,베이35A 론지용접,7,2025-03-15 00:50:21,2025-03-15 01:13:33,23.2,35A,베이35A,raw,
b110_sub_heavy_r1,MSF,Medium (81-140),110,sub_heavy,144.95,16,20250314,70,BLK_70C,4,베이35A 수정,8,2025-03-15 01:13:33,2025-03-15 01:55:57,42.4,35A,베이35A,raw,
b110_sub_heavy_r1,MSF,Medium (81-140),110,sub_heavy,144.95,16,20250314,38,BLK_38P,5,판계,1,2025-03-14 10:15:00,2025-03-14 10:48:00,33.0,,공통,raw,
b110_sub_heavy_r1,MSF,Medium (81-140),110,sub_heavy,144.95,16,20250314,38,BLK_38P,5,전면SAW,2,2025-03-14 19:43:10,2025-03-14 20:50:37,67.4,,공통,raw,
b110_sub_heavy_r1,MSF,Medium (81-140),110,sub_heavy,144.95,16,20250314,38,BLK_38P,5,TurnOver,3,2025-03-14 20:50:37,2025-03-14 21:02:37,12.0,,공통,raw,
b110_sub_heavy_r1,MSF,Medium (81-140),110,sub_heavy,144.95,16,20250314,38,BLK_38P,5,후면SAW,4,2025-03-14 21:53:16,2025-03-14 22:42:31,49.2,,공통,raw,
b110_sub_heavy_r1,MSF,Medium (81-140),110,sub_heavy,144.95,16,20250314,38,BLK_38P,5,NC,5,2025-03-14 23:40:51,2025-03-15 00:16:13,35.4,,공통,raw,
b110_sub_heavy_r1,MSF,Medium (81-140),110,sub_heavy,144.95,16,20250314,38,BLK_38P,5,베이36B 론지취부,6,2025-03-15 00:17:50,2025-03-15 01:09:50,52.0,36B,베이36B,raw,
b110_sub_heavy_r1,MSF,Medium (81-140),110,sub_heavy,144.95,16,20250314,38,BLK_38P,5,베이36B 론지용접,7,2025-03-15 01:09:50,2025-03-15 01:30:02,20.2,36B,베이36B,raw,
b110_sub_heavy_r1,MSF,Medium (81-140),110,sub_heavy,144.95,16,20250314,38,BLK_38P,5,베이36B 수정,8,2025-03-15 01:40:14,2025-03-15 02:11:38,31.4,36B,베이36B,raw,
b110_sub_heavy_r1,MSF,Medium (81-140),110,sub_heavy,144.95,16,20250314,34,BLK_34C,6,판계,1,2025-03-14 10:48:00,2025-03-14 11:18:00,30.0,,공통,raw,
b110_sub_heavy_r1,MSF,Medium (81-140),110,sub_heavy,144.95,16,20250314,34,BLK_34C,6,전면SAW,2,2025-03-14 20:50:37,2025-03-14 21:25:10,34.6,,공통,raw,
b110_sub_heavy_r1,MSF,Medium (81-140),110,sub_heavy,144.95,16,20250314,34,BLK_34C,6,TurnOver,3,2025-03-14 21:25:10,2025-03-14 21:37:10,12.0,,공통,raw,
b110_sub_heavy_r1,MSF,Medium (81-140),110,sub_heavy,144.95,16,20250314,34,BLK_34C,6,후면SAW,4,2025-03-14 22:42:31,2025-03-14 23:06:52,24.4,,공통,raw,
b110_sub_heavy_r1,MSF,Medium (81-140),110,sub_heavy,144.95,16,20250314,34,BLK_34C,6,NC,5,2025-03-15 00:16:13,2025-03-15 01:07:00,50.8,,공통,raw,
b110_sub_heavy_r1,MSF,Medium (81-140),110,sub_heavy,144.95,16,20250314,34,BLK_34C,6,베이36B 론지취부,6,2025-03-15 01:09:50,2025-03-15 02:19:20,69.5,36B,베이36B,raw,
b110_sub_heavy_r1,MSF,Medium (81-140),110,sub_heavy,144.95,16,20250314,34,BLK_34C,6,베이36B 론지용접,7,2025-03-15 02:19:20,2025-03-15 02:42:32,23.2,36B,베이36B,raw,
b110_sub_heavy_r1,MSF,Medium (81-140),110,sub_heavy,144.95,16,20250314,34,BLK_34C,6,베이36B 수정,8,2025-03-15 02:42:32,2025-03-15 03:24:56,42.4,36B,베이36B,raw,
b110_sub_heavy_r1,MSF,Medium (81-140),110,sub_heavy,144.95,16,20250314,84,BLK_84C,7,판계,1,2025-03-14 11:18:00,2025-03-14 12:03:00,45.0,,공통,raw,
b110_sub_heavy_r1,MSF,Medium (81-140),110,sub_heavy,144.95,16,20250314,84,BLK_84C,7,전면SAW,2,2025-03-14 21:25:10,2025-03-14 23:16:55,111.7,,공통,raw,
b110_sub_heavy_r1,MSF,Medium (81-140),110,sub_heavy,144.95,16,20250314,84,BLK_84C,7,TurnOver,3,2025-03-14 23:16:55,2025-03-14 23:28:55,12.0,,공통,raw,
b110_sub_heavy_r1,MSF,Medium (81-140),110,sub_heavy,144.95,16,20250314,84,BLK_84C,7,후면SAW,4,2025-03-14 23:28:55,2025-03-15 01:21:13,112.3,,공통,raw,
b110_sub_heavy_r1,MSF,Medium (81-140),110,sub_heavy,144.95,16,20250314,84,BLK_84C,7,NC,5,2025-03-15 01:21:13,2025-03-15 02:19:18,58.1,,공통,raw,
b110_sub_heavy_r1,MSF,Medium (81-140),110,sub_heavy,144.95,16,20250314,84,BLK_84C,7,베이36B 론지취부,6,2025-03-15 02:19:20,2025-03-15 03:35:50,76.5,36B,베이36B,raw,
b110_sub_heavy_r1,MSF,Medium (81-140),110,sub_heavy,144.95,16,20250314,84,BLK_84C,7,베이36B 론지용접,7,2025-03-15 03:35:50,2025-03-15 04:00:14,24.4,36B,베이36B,raw,
b110_sub_heavy_r1,MSF,Medium (81-140),110,sub_heavy,144.95,16,20250314,84,BLK_84C,7,베이36B 수정,8,2025-03-15 04:00:14,2025-03-15 04:47:02,46.8,36B,베이36B,raw,
b110_sub_heavy_r1,MSF,Medium (81-140),110,sub_heavy,144.95,16,20250314,94,BLK_94P,8,판계,1,2025-03-14 12:03:00,2025-03-14 12:48:00,45.0,,공통,raw,
b110_sub_heavy_r1,MSF,Medium (81-140),110,sub_heavy,144.95,16,20250314,94,BLK_94P,8,전면SAW,2,2025-03-14 23:16:55,2025-03-14 23:57:28,40.6,,공통,raw,
b110_sub_heavy_r1,MSF,Medium (81-140),110,sub_heavy,144.95,16,20250314,94,BLK_94P,8,TurnOver,3,2025-03-14 23:57:28,2025-03-15 00:09:28,12.0,,공통,raw,
b110_sub_heavy_r1,MSF,Medium (81-140),110,sub_heavy,144.95,16,20250314,94,BLK_94P,8,후면SAW,4,2025-03-15 01:21:13,2025-03-15 01:53:28,32.2,,공통,raw,
b110_sub_heavy_r1,MSF,Medium (81-140),110,sub_heavy,144.95,16,20250314,94,BLK_94P,8,NC,5,2025-03-15 02:19:18,2025-03-15 03:12:01,52.7,,공통,raw,
b110_sub_heavy_r1,MSF,Medium (81-140),110,sub_heavy,144.95,16,20250314,94,BLK_94P,8,베이35A 론지취부,6,2025-03-15 03:12:01,2025-03-15 04:14:31,62.5,35A,베이35A,raw,
b110_sub_heavy_r1,MSF,Medium (81-140),110,sub_heavy,144.95,16,20250314,94,BLK_94P,8,베이35A 론지용접,7,2025-03-15 04:14:31,2025-03-15 04:36:31,22.0,35A,베이35A,raw,
b110_sub_heavy_r1,MSF,Medium (81-140),110,sub_heavy,144.95,16,20250314,94,BLK_94P,8,베이35A 수정,8,2025-03-15 04:36:31,2025-03-15 05:14:31,38.0,35A,베이35A,raw,
b110_sub_heavy_r1,MSF,Medium (81-140),110,sub_heavy,144.95,16,20250314,14,BLK_14P,9,판계,1,2025-03-14 12:48:00,2025-03-14 13:26:00,38.0,,공통,raw,
b110_sub_heavy_r1,MSF,Medium (81-140),110,sub_heavy,144.95,16,20250314,14,BLK_14P,9,전면SAW,2,2025-03-14 23:57:28,2025-03-15 02:01:33,124.1,,공통,raw,
b110_sub_heavy_r1,MSF,Medium (81-140),110,sub_heavy,144.95,16,20250314,14,BLK_14P,9,TurnOver,3,2025-03-15 02:01:33,2025-03-15 02:13:33,12.0,,공통,raw,
b110_sub_heavy_r1,MSF,Medium (81-140),110,sub_heavy,144.95,16,20250314,14,BLK_14P,9,후면SAW,4,2025-03-15 02:13:33,2025-03-15 03:54:25,100.9,,공통,raw,
b110_sub_heavy_r1,MSF,Medium (81-140),110,sub_heavy,144.95,16,20250314,14,BLK_14P,9,NC,5,2025-03-15 03:54:25,2025-03-15 04:43:39,49.2,,공통,raw,
b110_sub_heavy_r1,MSF,Medium (81-140),110,sub_heavy,144.95,16,20250314,14,BLK_14P,9,베이36B 론지취부,6,2025-03-15 04:43:39,2025-03-15 06:10:39,87.0,36B,베이36B,raw,
b110_sub_heavy_r1,MSF,Medium (81-140),110,sub_heavy,144.95,16,20250314,14,BLK_14P,9,베이36B 론지용접,7,2025-03-15 06:10:39,2025-03-15 06:36:51,26.2,36B,베이36B,raw,
b110_sub_heavy_r1,MSF,Medium (81-140),110,sub_heavy,144.95,16,20250314,14,BLK_14P,9,베이36B 수정,8,2025-03-15 06:36:51,2025-03-15 07:30:15,53.4,36B,베이36B,raw,
b110_sub_heavy_r1,MSF,Medium (81-140),110,sub_heavy,144.95,16,20250314,97,BLK_97S,10,판계,1,2025-03-14 13:26:00,2025-03-14 14:11:00,45.0,,공통,raw,
b110_sub_heavy_r1,MSF,Medium (81-140),110,sub_heavy,144.95,16,20250314,97,BLK_97S,10,전면SAW,2,2025-03-15 02:01:33,2025-03-15 02:42:15,40.7,,공통,raw,
b110_sub_heavy_r1,MSF,Medium (81-140),110,sub_heavy,144.95,16,20250314,97,BLK_97S,10,TurnOver,3,2025-03-15 02:42:15,2025-03-15 02:54:15,12.0,,공통,raw,
b110_sub_heavy_r1,MSF,Medium (81-140),110,sub_heavy,144.95,16,20250314,97,BLK_97S,10,후면SAW,4,2025-03-15 03:54:25,2025-03-15 04:26:52,32.4,,공통,raw,
b110_sub_heavy_r1,MSF,Medium (81-140),110,sub_heavy,144.95,16,20250314,97,BLK_97S,10,NC,5,2025-03-15 04:43:39,2025-03-15 05:39:51,56.2,,공통,raw,
b110_sub_heavy_r1,MSF,Medium (81-140),110,sub_heavy,144.95,16,20250314,97,BLK_97S,10,베이36B 론지취부,6,2025-03-15 06:10:39,2025-03-15 07:37:39,87.0,36B,베이36B,raw,
b110_sub_heavy_r1,MSF,Medium (81-140),110,sub_heavy,144.95,16,20250314,97,BLK_97S,10,베이36B 론지용접,7,2025-03-15 07:37:39,2025-03-15 08:03:51,26.2,36B,베이36B,raw,
b110_sub_heavy_r1,MSF,Medium (81-140),110,sub_heavy,144.95,16,20250314,97,BLK_97S,10,베이36B 수정,8,2025-03-15 08:03:51,2025-03-15 08:57:15,53.4,36B,베이36B,raw,
b110_sub_heavy_r1,MSF,Medium (81-140),110,sub_heavy,144.95,16,20250314,30,BLK_30S,11,판계,1,2025-03-14 14:11:00,2025-03-14 14:56:00,45.0,,공통,raw,
b110_sub_heavy_r1,MSF,Medium (81-140),110,sub_heavy,144.95,16,20250314,30,BLK_30S,11,전면SAW,2,2025-03-15 02:42:15,2025-03-15 04:00:23,78.1,,공통,raw,
b110_sub_heavy_r1,MSF,Medium (81-140),110,sub_heavy,144.95,16,20250314,30,BLK_30S,11,TurnOver,3,2025-03-15 04:00:23,2025-03-15 04:12:23,12.0,,공통,raw,
b110_sub_heavy_r1,MSF,Medium (81-140),110,sub_heavy,144.95,16,20250314,30,BLK_30S,11,후면SAW,4,2025-03-15 04:26:52,2025-03-15 05:39:58,73.1,,공통,raw,
b110_sub_heavy_r1,MSF,Medium (81-140),110,sub_heavy,144.95,16,20250314,30,BLK_30S,11,NC,5,2025-03-15 05:39:58,2025-03-15 06:34:58,55.0,,공통,raw,
b110_sub_heavy_r1,MSF,Medium (81-140),110,sub_heavy,144.95,16,20250314,30,BLK_30S,11,베이35A 론지취부,6,2025-03-15 06:34:58,2025-03-15 07:44:28,69.5,35A,베이35A,raw,
b110_sub_heavy_r1,MSF,Medium (81-140),110,sub_heavy,144.95,16,20250314,30,BLK_30S,11,베이35A 론지용접,7,2025-03-15 07:44:28,2025-03-15 08:07:40,23.2,35A,베이35A,raw,
b110_sub_heavy_r1,MSF,Medium (81-140),110,sub_heavy,144.95,16,20250314,30,BLK_30S,11,베이35A 수정,8,2025-03-15 08:07:40,2025-03-15 08:50:04,42.4,35A,베이35A,raw,
b110_sub_heavy_r1,MSF,Medium (81-140),110,sub_heavy,144.95,16,20250310,105,BLK_24C,19,판계,1,2025-03-10 09:22:00,2025-03-10 09:42:00,20.0,,공통,inferred_subassembly_member,24
b110_sub_heavy_r1,MSF,Medium (81-140),110,sub_heavy,144.95,16,20250310,105,BLK_24C,19,전면SAW,2,2025-03-10 13:01:56,2025-03-10 13:33:55,32.0,,공통,inferred_subassembly_member,24
b110_sub_heavy_r1,MSF,Medium (81-140),110,sub_heavy,144.95,16,20250310,105,BLK_24C,19,TurnOver,3,2025-03-10 13:33:55,2025-03-10 13:45:55,12.0,,공통,inferred_subassembly_member,24
b110_sub_heavy_r1,MSF,Medium (81-140),110,sub_heavy,144.95,16,20250310,105,BLK_24C,19,후면SAW,4,2025-03-10 14:38:55,2025-03-10 14:59:53,21.0,,공통,inferred_subassembly_member,24
b110_sub_heavy_r1,MSF,Medium (81-140),110,sub_heavy,144.95,16,20250310,105,BLK_24C,19,NC,5,2025-03-10 15:04:52,2025-03-10 15:30:44,25.9,,공통,inferred_subassembly_member,24
b110_sub_heavy_r1,MSF,Medium (81-140),110,sub_heavy,144.95,16,20250310,105,BLK_24C,19,베이35A 론지취부,6,2025-03-10 15:30:44,2025-03-10 16:08:44,38.0,35A,베이35A,inferred_subassembly_member,24
b110_sub_heavy_r1,MSF,Medium (81-140),110,sub_heavy,144.95,16,20250310,105,BLK_24C,19,베이35A 론지용접,7,2025-03-10 16:08:44,2025-03-10 16:22:32,13.8,35A,베이35A,inferred_subassembly_member,24
b110_sub_heavy_r1,MSF,Medium (81-140),110,sub_heavy,144.95,16,20250310,105,BLK_24C,19,베이35A 수정,8,2025-03-10 16:22:32,2025-03-10 16:45:08,22.6,35A,베이35A,inferred_subassembly_member,24
b110_sub_heavy_r1,MSF,Medium (81-140),110,sub_heavy,144.95,16,20250310,108,BLK_73C,23,판계,1,2025-03-10 11:10:00,2025-03-10 11:43:00,33.0,,공통,inferred_subassembly_member,73
b110_sub_heavy_r1,MSF,Medium (81-140),110,sub_heavy,144.95,16,20250310,108,BLK_73C,23,전면SAW,2,2025-03-10 19:18:03,2025-03-10 21:24:25,126.4,,공통,inferred_subassembly_member,73
b110_sub_heavy_r1,MSF,Medium (81-140),110,sub_heavy,144.95,16,20250310,108,BLK_73C,23,TurnOver,3,2025-03-10 21:24:25,2025-03-10 21:36:25,12.0,,공통,inferred_subassembly_member,73
b110_sub_heavy_r1,MSF,Medium (81-140),110,sub_heavy,144.95,16,20250310,108,BLK_73C,23,후면SAW,4,2025-03-10 21:37:29,2025-03-10 23:20:28,103.0,,공통,inferred_subassembly_member,73
b110_sub_heavy_r1,MSF,Medium (81-140),110,sub_heavy,144.95,16,20250310,108,BLK_73C,23,NC,5,2025-03-10 23:20:28,2025-03-11 00:02:18,41.8,,공통,inferred_subassembly_member,73
b110_sub_heavy_r1,MSF,Medium (81-140),110,sub_heavy,144.95,16,20250310,108,BLK_73C,23,베이35A 론지취부,6,2025-03-11 00:02:18,2025-03-11 01:04:48,62.5,35A,베이35A,inferred_subassembly_member,73
b110_sub_heavy_r1,MSF,Medium (81-140),110,sub_heavy,144.95,16,20250310,108,BLK_73C,23,베이35A 론지용접,7,2025-03-11 01:04:48,2025-03-11 01:26:48,22.0,35A,베이35A,inferred_subassembly_member,73
b110_sub_heavy_r1,MSF,Medium (81-140),110,sub_heavy,144.95,16,20250310,108,BLK_73C,23,베이35A 수정,8,2025-03-11 01:26:48,2025-03-11 02:04:48,38.0,35A,베이35A,inferred_subassembly_member,73
b110_sub_heavy_r1,MSF,Medium (81-140),110,sub_heavy,144.95,16,20250310,109,BLK_95C,29,판계,1,2025-03-10 14:18:00,2025-03-10 14:48:00,30.0,,공통,inferred_subassembly_member,95
b110_sub_heavy_r1,MSF,Medium (81-140),110,sub_heavy,144.95,16,20250310,109,BLK_95C,29,전면SAW,2,2025-03-11 01:20:16,2025-03-11 01:52:13,31.9,,공통,inferred_subassembly_member,95
b110_sub_heavy_r1,MSF,Medium (81-140),110,sub_heavy,144.95,16,20250310,109,BLK_95C,29,TurnOver,3,2025-03-11 01:52:13,2025-03-11 02:04:13,12.0,,공통,inferred_subassembly_member,95
b110_sub_heavy_r1,MSF,Medium (81-140),110,sub_heavy,144.95,16,20250310,109,BLK_95C,29,후면SAW,4,2025-03-11 03:05:58,2025-03-11 03:26:53,20.9,,공통,inferred_subassembly_member,95
b110_sub_heavy_r1,MSF,Medium (81-140),110,sub_heavy,144.95,16,20250310,109,BLK_95C,29,NC,5,2025-03-11 04:05:12,2025-03-11 04:47:01,41.8,,공통,inferred_subassembly_member,95
b110_sub_heavy_r1,MSF,Medium (81-140),110,sub_heavy,144.95,16,20250310,109,BLK_95C,29,베이35A 론지취부,6,2025-03-11 04:47:01,2025-03-11 06:17:31,90.5,35A,베이35A,inferred_subassembly_member,95
b110_sub_heavy_r1,MSF,Medium (81-140),110,sub_heavy,144.95,16,20250310,109,BLK_95C,29,베이35A 론지용접,7,2025-03-11 06:17:31,2025-03-11 06:44:19,26.8,35A,베이35A,inferred_subassembly_member,95
b110_sub_heavy_r1,MSF,Medium (81-140),110,sub_heavy,144.95,16,20250310,109,BLK_95C,29,베이35A 수정,8,2025-03-11 06:44:19,2025-03-11 07:39:55,55.6,35A,베이35A,inferred_subassembly_member,95
b110_sub_heavy_r1,MSF,Medium (81-140),110,sub_heavy,144.95,16,20250311,106,BLK_31P,59,판계,1,2025-03-11 18:12:00,2025-03-11 18:40:00,28.0,,공통,inferred_subassembly_member,31
b110_sub_heavy_r1,MSF,Medium (81-140),110,sub_heavy,144.95,16,20250311,106,BLK_31P,59,전면SAW,2,2025-03-12 15:35:16,2025-03-12 17:11:49,96.5,,공통,inferred_subassembly_member,31
b110_sub_heavy_r1,MSF,Medium (81-140),110,sub_heavy,144.95,16,20250311,106,BLK_31P,59,TurnOver,3,2025-03-12 17:11:49,2025-03-12 17:23:49,12.0,,공통,inferred_subassembly_member,31
b110_sub_heavy_r1,MSF,Medium (81-140),110,sub_heavy,144.95,16,20250311,106,BLK_31P,59,후면SAW,4,2025-03-12 17:23:49,2025-03-12 18:39:36,75.8,,공통,inferred_subassembly_member,31
b110_sub_heavy_r1,MSF,Medium (81-140),110,sub_heavy,144.95,16,20250311,106,BLK_31P,59,NC,5,2025-03-12 18:42:02,2025-03-12 19:14:27,32.4,,공통,inferred_subassembly_member,31
b110_sub_heavy_r1,MSF,Medium (81-140),110,sub_heavy,144.95,16,20250311,106,BLK_31P,59,베이35A 론지취부,6,2025-03-12 19:18:58,2025-03-12 20:00:28,41.5,35A,베이35A,inferred_subassembly_member,31
b110_sub_heavy_r1,MSF,Medium (81-140),110,sub_heavy,144.95,16,20250311,106,BLK_31P,59,베이35A 론지용접,7,2025-03-12 20:00:28,2025-03-12 20:18:52,18.4,35A,베이35A,inferred_subassembly_member,31
b110_sub_heavy_r1,MSF,Medium (81-140),110,sub_heavy,144.95,16,20250311,106,BLK_31P,59,베이35A 수정,8,2025-03-12 20:18:58,2025-03-12 20:43:46,24.8,35A,베이35A,inferred_subassembly_member,31
b110_sub_heavy_r1,MSF,Medium (81-140),110,sub_heavy,144.95,16,20250312,107,BLK_10P,71,판계,1,2025-03-12 13:31:00,2025-03-12 14:09:00,38.0,,공통,inferred_subassembly_member,10
b110_sub_heavy_r1,MSF,Medium (81-140),110,sub_heavy,144.95,16,20250312,107,BLK_10P,71,전면SAW,2,2025-03-13 07:52:19,2025-03-13 09:04:53,72.6,,공통,inferred_subassembly_member,10
b110_sub_heavy_r1,MSF,Medium (81-140),110,sub_heavy,144.95,16,20250312,107,BLK_10P,71,TurnOver,3,2025-03-13 09:04:53,2025-03-13 09:16:53,12.0,,공통,inferred_subassembly_member,10
b110_sub_heavy_r1,MSF,Medium (81-140),110,sub_heavy,144.95,16,20250312,107,BLK_10P,71,후면SAW,4,2025-03-13 09:55:28,2025-03-13 10:49:24,53.9,,공통,inferred_subassembly_member,10
b110_sub_heavy_r1,MSF,Medium (81-140),110,sub_heavy,144.95,16,20250312,107,BLK_10P,71,NC,5,2025-03-13 11:00:38,2025-03-13 11:43:22,42.7,,공통,inferred_subassembly_member,10
b110_sub_heavy_r1,MSF,Medium (81-140),110,sub_heavy,144.95,16,20250312,107,BLK_10P,71,베이35A 론지취부,6,2025-03-13 11:45:16,2025-03-13 12:37:16,52.0,35A,베이35A,inferred_subassembly_member,10
b110_sub_heavy_r1,MSF,Medium (81-140),110,sub_heavy,144.95,16,20250312,107,BLK_10P,71,베이35A 론지용접,7,2025-03-13 12:37:16,2025-03-13 12:57:28,20.2,35A,베이35A,inferred_subassembly_member,10
b110_sub_heavy_r1,MSF,Medium (81-140),110,sub_heavy,144.95,16,20250312,107,BLK_10P,71,베이35A 수정,8,2025-03-13 13:04:52,2025-03-13 13:36:16,31.4,35A,베이35A,inferred_subassembly_member,10
b110_sub_heavy_r1,MSF,Medium (81-140),110,sub_heavy,144.95,16,20250313,110,BLK_90P,87,판계,1,2025-03-13 12:38:00,2025-03-13 13:18:00,40.0,,공통,inferred_subassembly_member,90
b110_sub_heavy_r1,MSF,Medium (81-140),110,sub_heavy,144.95,16,20250313,110,BLK_90P,87,전면SAW,2,2025-03-14 05:41:44,2025-03-14 08:15:30,153.8,,공통,inferred_subassembly_member,90
b110_sub_heavy_r1,MSF,Medium (81-140),110,sub_heavy,144.95,16,20250313,110,BLK_90P,87,TurnOver,3,2025-03-14 08:15:30,2025-03-14 08:27:30,12.0,,공통,inferred_subassembly_member,90
b110_sub_heavy_r1,MSF,Medium (81-140),110,sub_heavy,144.95,16,20250313,110,BLK_90P,87,후면SAW,4,2025-03-14 08:27:30,2025-03-14 10:20:39,113.1,,공통,inferred_subassembly_member,90
b110_sub_heavy_r1,MSF,Medium (81-140),110,sub_heavy,144.95,16,20250313,110,BLK_90P,87,NC,5,2025-03-14 10:20:39,2025-03-14 11:05:51,45.2,,공통,inferred_subassembly_member,90
b110_sub_heavy_r1,MSF,Medium (81-140),110,sub_heavy,144.95,16,20250313,110,BLK_90P,87,베이35A 론지취부,6,2025-03-14 11:05:51,2025-03-14 11:54:21,48.5,35A,베이35A,inferred_subassembly_member,90
b110_sub_heavy_r1,MSF,Medium (81-140),110,sub_heavy,144.95,16,20250313,110,BLK_90P,87,베이35A 론지용접,7,2025-03-14 11:54:21,2025-03-14 12:13:57,19.6,35A,베이35A,inferred_subassembly_member,90
b110_sub_heavy_r1,MSF,Medium (81-140),110,sub_heavy,144.95,16,20250313,110,BLK_90P,87,베이35A 수정,8,2025-03-14 12:13:57,2025-03-14 12:43:09,29.2,35A,베이35A,inferred_subassembly_member,90
