grid_case_id,method_label,block_id,block_name,sequence,process_name,process_index,start_time,end_time,duration_min,assigned_bay,machine_type
b200_heavy_work_r1,MSF,5,BLK_5C,1,판계,1,2025-12-04 08:00:00,2025-12-04 08:14:24,14.4,,공통
b200_heavy_work_r1,MSF,5,BLK_5C,1,전면SAW,2,2025-12-04 08:14:24,2025-12-04 09:20:48,66.4,,공통
b200_heavy_work_r1,MSF,5,BLK_5C,1,TurnOver,3,2025-12-04 09:20:48,2025-12-04 09:35:12,14.4,,공통
b200_heavy_work_r1,MSF,5,BLK_5C,1,후면SAW,4,2025-12-04 09:35:12,2025-12-04 10:37:15,62.1,,공통
b200_heavy_work_r1,MSF,5,BLK_5C,1,NC,5,2025-12-04 10:37:15,2025-12-04 11:01:37,24.4,,공통
b200_heavy_work_r1,MSF,5,BLK_5C,1,베이35A 론지취부,6,2025-12-04 11:01:37,2025-12-04 11:55:37,54.0,35A,베이35A
b200_heavy_work_r1,MSF,5,BLK_5C,1,베이35A 론지용접,7,2025-12-04 11:55:37,2025-12-04 12:13:37,18.0,35A,베이35A
b200_heavy_work_r1,MSF,5,BLK_5C,1,베이35A 수정,8,2025-12-04 12:13:37,2025-12-04 12:46:01,32.4,35A,베이35A
b200_heavy_work_r1,MSF,33,BLK_33C,2,판계,1,2025-12-04 08:14:24,2025-12-04 08:28:48,14.4,,공통
b200_heavy_work_r1,MSF,33,BLK_33C,2,전면SAW,2,2025-12-04 09:20:48,2025-12-04 10:04:36,43.8,,공통
b200_heavy_work_r1,MSF,33,BLK_33C,2,TurnOver,3,2025-12-04 10:04:36,2025-12-04 10:19:00,14.4,,공통
b200_heavy_work_r1,MSF,33,BLK_33C,2,후면SAW,4,2025-12-04 10:37:15,2025-12-04 11:09:33,32.3,,공통
b200_heavy_work_r1,MSF,33,BLK_33C,2,NC,5,2025-12-04 11:09:33,2025-12-04 11:33:59,24.4,,공통
b200_heavy_work_r1,MSF,33,BLK_33C,2,베이36B 론지취부,6,2025-12-04 11:33:59,2025-12-04 11:58:35,24.6,36B,베이36B
b200_heavy_work_r1,MSF,33,BLK_33C,2,베이36B 론지용접,7,2025-12-04 11:58:35,2025-12-04 12:11:32,13.0,36B,베이36B
b200_heavy_work_r1,MSF,33,BLK_33C,2,베이36B 수정,8,2025-12-04 12:11:32,2025-12-04 12:25:27,13.9,36B,베이36B
b200_heavy_work_r1,MSF,87,BLK_87C,3,판계,1,2025-12-04 08:28:48,2025-12-04 08:43:12,14.4,,공통
b200_heavy_work_r1,MSF,87,BLK_87C,3,전면SAW,2,2025-12-04 10:04:36,2025-12-04 10:59:48,55.2,,공통
b200_heavy_work_r1,MSF,87,BLK_87C,3,TurnOver,3,2025-12-04 10:59:48,2025-12-04 11:14:12,14.4,,공통
b200_heavy_work_r1,MSF,87,BLK_87C,3,후면SAW,4,2025-12-04 11:14:12,2025-12-04 12:01:30,47.3,,공통
b200_heavy_work_r1,MSF,87,BLK_87C,3,NC,5,2025-12-04 12:01:30,2025-12-04 12:30:15,28.8,,공통
b200_heavy_work_r1,MSF,87,BLK_87C,3,베이35A 론지취부,6,2025-12-04 12:30:15,2025-12-04 13:20:03,49.8,35A,베이35A
b200_heavy_work_r1,MSF,87,BLK_87C,3,베이35A 론지용접,7,2025-12-04 13:20:03,2025-12-04 13:42:08,22.1,35A,베이35A
b200_heavy_work_r1,MSF,87,BLK_87C,3,베이35A 수정,8,2025-12-04 13:42:08,2025-12-04 14:11:54,29.8,35A,베이35A
b200_heavy_work_r1,MSF,97,BLK_97C,4,판계,1,2025-12-04 08:43:12,2025-12-04 08:57:36,14.4,,공통
b200_heavy_work_r1,MSF,97,BLK_97C,4,전면SAW,2,2025-12-04 10:59:48,2025-12-04 12:28:37,88.8,,공통
b200_heavy_work_r1,MSF,97,BLK_97C,4,TurnOver,3,2025-12-04 12:28:37,2025-12-04 12:43:01,14.4,,공통
b200_heavy_work_r1,MSF,97,BLK_97C,4,후면SAW,4,2025-12-04 12:43:01,2025-12-04 14:14:34,91.5,,공통
b200_heavy_work_r1,MSF,97,BLK_97C,4,NC,5,2025-12-04 14:14:34,2025-12-04 14:42:25,27.8,,공통
b200_heavy_work_r1,MSF,97,BLK_97C,4,베이36B 론지취부,6,2025-12-04 14:42:25,2025-12-04 15:49:01,66.6,36B,베이36B
b200_heavy_work_r1,MSF,97,BLK_97C,4,베이36B 론지용접,7,2025-12-04 15:49:01,2025-12-04 16:13:58,25.0,36B,베이36B
b200_heavy_work_r1,MSF,97,BLK_97C,4,베이36B 수정,8,2025-12-04 16:13:58,2025-12-04 16:54:18,40.3,36B,베이36B
b200_heavy_work_r1,MSF,77,BLK_77C,5,판계,1,2025-12-04 08:57:36,2025-12-04 09:27:36,30.0,,공통
b200_heavy_work_r1,MSF,77,BLK_77C,5,전면SAW,2,2025-12-04 12:28:37,2025-12-04 13:10:36,42.0,,공통
b200_heavy_work_r1,MSF,77,BLK_77C,5,TurnOver,3,2025-12-04 13:10:36,2025-12-04 13:25:00,14.4,,공통
b200_heavy_work_r1,MSF,77,BLK_77C,5,후면SAW,4,2025-12-04 14:14:34,2025-12-04 14:44:28,29.9,,공통
b200_heavy_work_r1,MSF,77,BLK_77C,5,NC,5,2025-12-04 14:44:28,2025-12-04 15:21:47,37.3,,공통
b200_heavy_work_r1,MSF,77,BLK_77C,5,베이35A 론지취부,6,2025-12-04 15:21:47,2025-12-04 16:11:35,49.8,35A,베이35A
b200_heavy_work_r1,MSF,77,BLK_77C,5,베이35A 론지용접,7,2025-12-04 16:11:35,2025-12-04 16:33:40,22.1,35A,베이35A
b200_heavy_work_r1,MSF,77,BLK_77C,5,베이35A 수정,8,2025-12-04 16:33:40,2025-12-04 17:03:25,29.8,35A,베이35A
b200_heavy_work_r1,MSF,107,BLK_107C,6,판계,1,2025-12-04 09:27:36,2025-12-04 09:57:36,30.0,,공통
b200_heavy_work_r1,MSF,107,BLK_107C,6,전면SAW,2,2025-12-04 13:10:36,2025-12-04 13:51:51,41.3,,공통
b200_heavy_work_r1,MSF,107,BLK_107C,6,TurnOver,3,2025-12-04 13:51:51,2025-12-04 14:06:15,14.4,,공통
b200_heavy_work_r1,MSF,107,BLK_107C,6,후면SAW,4,2025-12-04 14:44:28,2025-12-04 15:13:24,28.9,,공통
b200_heavy_work_r1,MSF,107,BLK_107C,6,NC,5,2025-12-04 15:21:47,2025-12-04 16:04:27,42.7,,공통
b200_heavy_work_r1,MSF,107,BLK_107C,6,베이36B 론지취부,6,2025-12-04 16:04:27,2025-12-04 17:36:15,91.8,36B,베이36B
b200_heavy_work_r1,MSF,107,BLK_107C,6,베이36B 론지용접,7,2025-12-04 17:36:15,2025-12-04 18:05:32,29.3,36B,베이36B
b200_heavy_work_r1,MSF,107,BLK_107C,6,베이36B 수정,8,2025-12-04 18:05:32,2025-12-04 19:01:42,56.2,36B,베이36B
b200_heavy_work_r1,MSF,167,BLK_167P,7,판계,1,2025-12-04 09:57:36,2025-12-04 10:33:36,36.0,,공통
b200_heavy_work_r1,MSF,167,BLK_167P,7,전면SAW,2,2025-12-04 13:51:51,2025-12-04 16:46:38,174.8,,공통
b200_heavy_work_r1,MSF,167,BLK_167P,7,TurnOver,3,2025-12-04 16:46:38,2025-12-04 17:01:02,14.4,,공통
b200_heavy_work_r1,MSF,167,BLK_167P,7,후면SAW,4,2025-12-04 17:01:02,2025-12-04 19:31:48,150.8,,공통
b200_heavy_work_r1,MSF,167,BLK_167P,7,NC,5,2025-12-04 19:31:48,2025-12-04 20:38:47,67.0,,공통
b200_heavy_work_r1,MSF,167,BLK_167P,7,베이35A 론지취부,6,2025-12-04 20:38:47,2025-12-04 21:53:47,75.0,35A,베이35A
b200_heavy_work_r1,MSF,167,BLK_167P,7,베이35A 론지용접,7,2025-12-04 21:53:47,2025-12-04 22:20:11,26.4,35A,베이35A
b200_heavy_work_r1,MSF,167,BLK_167P,7,베이35A 수정,8,2025-12-04 22:20:11,2025-12-04 23:05:47,45.6,35A,베이35A
b200_heavy_work_r1,MSF,1,BLK_1C,8,판계,1,2025-12-04 10:33:36,2025-12-04 11:03:36,30.0,,공통
b200_heavy_work_r1,MSF,1,BLK_1C,8,전면SAW,2,2025-12-04 16:46:38,2025-12-04 17:22:14,35.6,,공통
b200_heavy_work_r1,MSF,1,BLK_1C,8,TurnOver,3,2025-12-04 17:22:14,2025-12-04 17:36:38,14.4,,공통
b200_heavy_work_r1,MSF,1,BLK_1C,8,후면SAW,4,2025-12-04 19:31:48,2025-12-04 19:53:16,21.5,,공통
b200_heavy_work_r1,MSF,1,BLK_1C,8,NC,5,2025-12-04 20:38:47,2025-12-04 21:21:19,42.5,,공통
b200_heavy_work_r1,MSF,1,BLK_1C,8,베이36B 론지취부,6,2025-12-04 21:21:19,2025-12-04 23:05:43,104.4,36B,베이36B
b200_heavy_work_r1,MSF,1,BLK_1C,8,베이36B 론지용접,7,2025-12-04 23:05:43,2025-12-04 23:37:09,31.4,36B,베이36B
b200_heavy_work_r1,MSF,1,BLK_1C,8,베이36B 수정,8,2025-12-04 23:37:09,2025-12-05 00:41:14,64.1,36B,베이36B
b200_heavy_work_r1,MSF,9,BLK_9P,9,판계,1,2025-12-04 11:03:36,2025-12-04 11:45:36,42.0,,공통
b200_heavy_work_r1,MSF,9,BLK_9P,9,전면SAW,2,2025-12-04 17:22:14,2025-12-04 19:55:12,153.0,,공통
b200_heavy_work_r1,MSF,9,BLK_9P,9,TurnOver,3,2025-12-04 19:55:12,2025-12-04 20:09:36,14.4,,공통
b200_heavy_work_r1,MSF,9,BLK_9P,9,후면SAW,4,2025-12-04 20:09:36,2025-12-04 22:00:06,110.5,,공통
b200_heavy_work_r1,MSF,9,BLK_9P,9,NC,5,2025-12-04 22:00:06,2025-12-04 22:43:16,43.2,,공통
b200_heavy_work_r1,MSF,9,BLK_9P,9,베이35A 론지취부,6,2025-12-04 22:43:16,2025-12-04 23:28:52,45.6,35A,베이35A
b200_heavy_work_r1,MSF,9,BLK_9P,9,베이35A 론지용접,7,2025-12-04 23:28:52,2025-12-04 23:45:25,16.6,35A,베이35A
b200_heavy_work_r1,MSF,9,BLK_9P,9,베이35A 수정,8,2025-12-04 23:45:25,2025-12-05 00:12:33,27.1,35A,베이35A
b200_heavy_work_r1,MSF,13,BLK_13S,10,판계,1,2025-12-04 11:45:36,2025-12-04 12:33:36,48.0,,공통
b200_heavy_work_r1,MSF,13,BLK_13S,10,전면SAW,2,2025-12-04 19:55:12,2025-12-04 22:30:41,155.5,,공통
b200_heavy_work_r1,MSF,13,BLK_13S,10,TurnOver,3,2025-12-04 22:30:41,2025-12-04 22:45:05,14.4,,공통
b200_heavy_work_r1,MSF,13,BLK_13S,10,후면SAW,4,2025-12-04 22:45:05,2025-12-05 00:35:09,110.1,,공통
b200_heavy_work_r1,MSF,13,BLK_13S,10,NC,5,2025-12-05 00:35:09,2025-12-05 01:33:20,58.2,,공통
b200_heavy_work_r1,MSF,13,BLK_13S,10,베이36B 론지취부,6,2025-12-05 01:33:20,2025-12-05 02:56:44,83.4,36B,베이36B
b200_heavy_work_r1,MSF,13,BLK_13S,10,베이36B 론지용접,7,2025-12-05 02:56:44,2025-12-05 03:24:35,27.8,36B,베이36B
b200_heavy_work_r1,MSF,13,BLK_13S,10,베이36B 수정,8,2025-12-05 03:24:35,2025-12-05 04:15:28,50.9,36B,베이36B
b200_heavy_work_r1,MSF,41,BLK_41P,11,판계,1,2025-12-04 12:33:36,2025-12-04 12:48:00,14.4,,공통
b200_heavy_work_r1,MSF,41,BLK_41P,11,전면SAW,2,2025-12-04 22:30:41,2025-12-04 23:41:26,70.7,,공통
b200_heavy_work_r1,MSF,41,BLK_41P,11,TurnOver,3,2025-12-04 23:41:26,2025-12-04 23:55:50,14.4,,공통
b200_heavy_work_r1,MSF,41,BLK_41P,11,후면SAW,4,2025-12-05 00:35:09,2025-12-05 01:42:54,67.8,,공통
b200_heavy_work_r1,MSF,41,BLK_41P,11,NC,5,2025-12-05 01:42:54,2025-12-05 02:08:02,25.1,,공통
b200_heavy_work_r1,MSF,41,BLK_41P,11,베이35A 론지취부,6,2025-12-05 02:08:02,2025-12-05 03:06:14,58.2,35A,베이35A
b200_heavy_work_r1,MSF,41,BLK_41P,11,베이35A 론지용접,7,2025-12-05 03:06:14,2025-12-05 03:29:45,23.5,35A,베이35A
b200_heavy_work_r1,MSF,41,BLK_41P,11,베이35A 수정,8,2025-12-05 03:29:45,2025-12-05 04:04:48,35.0,35A,베이35A
b200_heavy_work_r1,MSF,191,BLK_41S,12,판계,1,2025-12-04 12:48:00,2025-12-04 13:02:24,14.4,,공통
b200_heavy_work_r1,MSF,191,BLK_41S,12,전면SAW,2,2025-12-04 23:41:26,2025-12-05 00:52:10,70.7,,공통
b200_heavy_work_r1,MSF,191,BLK_41S,12,TurnOver,3,2025-12-05 00:52:10,2025-12-05 01:06:34,14.4,,공통
b200_heavy_work_r1,MSF,191,BLK_41S,12,후면SAW,4,2025-12-05 01:42:54,2025-12-05 02:50:39,67.8,,공통
b200_heavy_work_r1,MSF,191,BLK_41S,12,NC,5,2025-12-05 02:50:39,2025-12-05 03:15:47,25.1,,공통
b200_heavy_work_r1,MSF,191,BLK_41S,12,베이36B 론지취부,6,2025-12-05 03:15:47,2025-12-05 04:13:59,58.2,36B,베이36B
b200_heavy_work_r1,MSF,191,BLK_41S,12,베이36B 론지용접,7,2025-12-05 04:13:59,2025-12-05 04:37:30,23.5,36B,베이36B
b200_heavy_work_r1,MSF,191,BLK_41S,12,베이36B 수정,8,2025-12-05 04:37:30,2025-12-05 05:12:33,35.0,36B,베이36B
b200_heavy_work_r1,MSF,21,BLK_21P,13,판계,1,2025-12-04 13:02:24,2025-12-04 13:42:00,39.6,,공통
b200_heavy_work_r1,MSF,21,BLK_21P,13,전면SAW,2,2025-12-05 00:52:10,2025-12-05 03:29:14,157.1,,공통
b200_heavy_work_r1,MSF,21,BLK_21P,13,TurnOver,3,2025-12-05 03:29:14,2025-12-05 03:43:38,14.4,,공통
b200_heavy_work_r1,MSF,21,BLK_21P,13,후면SAW,4,2025-12-05 03:43:38,2025-12-05 05:52:09,128.5,,공통
b200_heavy_work_r1,MSF,21,BLK_21P,13,NC,5,2025-12-05 05:52:09,2025-12-05 06:42:17,50.1,,공통
b200_heavy_work_r1,MSF,21,BLK_21P,13,베이35A 론지취부,6,2025-12-05 06:42:17,2025-12-05 07:53:05,70.8,35A,베이35A
b200_heavy_work_r1,MSF,21,BLK_21P,13,베이35A 론지용접,7,2025-12-05 07:53:05,2025-12-05 08:18:46,25.7,35A,베이35A
b200_heavy_work_r1,MSF,21,BLK_21P,13,베이35A 수정,8,2025-12-05 08:18:46,2025-12-05 09:01:43,43.0,35A,베이35A
b200_heavy_work_r1,MSF,37,BLK_37C,14,판계,1,2025-12-04 13:42:00,2025-12-04 14:12:00,30.0,,공통
b200_heavy_work_r1,MSF,37,BLK_37C,14,전면SAW,2,2025-12-05 03:29:14,2025-12-05 04:12:42,43.5,,공통
b200_heavy_work_r1,MSF,37,BLK_37C,14,TurnOver,3,2025-12-05 04:12:42,2025-12-05 04:27:06,14.4,,공통
b200_heavy_work_r1,MSF,37,BLK_37C,14,후면SAW,4,2025-12-05 05:52:09,2025-12-05 06:24:00,31.8,,공통
b200_heavy_work_r1,MSF,37,BLK_37C,14,NC,5,2025-12-05 06:42:17,2025-12-05 07:28:49,46.5,,공통
b200_heavy_work_r1,MSF,37,BLK_37C,14,베이36B 론지취부,6,2025-12-05 07:28:49,2025-12-05 09:30:01,121.2,36B,베이36B
b200_heavy_work_r1,MSF,37,BLK_37C,14,베이36B 론지용접,7,2025-12-05 09:30:01,2025-12-05 10:04:20,34.3,36B,베이36B
b200_heavy_work_r1,MSF,37,BLK_37C,14,베이36B 수정,8,2025-12-05 10:04:20,2025-12-05 11:18:59,74.6,36B,베이36B
b200_heavy_work_r1,MSF,17,BLK_17P,15,판계,1,2025-12-04 14:12:00,2025-12-04 14:48:00,36.0,,공통
b200_heavy_work_r1,MSF,17,BLK_17P,15,전면SAW,2,2025-12-05 04:12:42,2025-12-05 06:17:42,125.0,,공통
b200_heavy_work_r1,MSF,17,BLK_17P,15,TurnOver,3,2025-12-05 06:17:42,2025-12-05 06:32:06,14.4,,공통
b200_heavy_work_r1,MSF,17,BLK_17P,15,후면SAW,4,2025-12-05 06:32:06,2025-12-05 08:11:22,99.3,,공통
b200_heavy_work_r1,MSF,17,BLK_17P,15,NC,5,2025-12-05 08:11:22,2025-12-05 09:19:36,68.2,,공통
b200_heavy_work_r1,MSF,17,BLK_17P,15,베이36B 론지취부,6,2025-12-05 09:30:01,2025-12-05 11:18:37,108.6,36B,베이36B
b200_heavy_work_r1,MSF,17,BLK_17P,15,베이36B 론지용접,7,2025-12-05 11:18:37,2025-12-05 11:50:47,32.2,36B,베이36B
b200_heavy_work_r1,MSF,17,BLK_17P,15,베이36B 수정,8,2025-12-05 11:50:47,2025-12-05 12:57:30,66.7,36B,베이36B
b200_heavy_work_r1,MSF,117,BLK_117P,16,판계,1,2025-12-04 14:48:00,2025-12-04 15:02:24,14.4,,공통
b200_heavy_work_r1,MSF,117,BLK_117P,16,전면SAW,2,2025-12-05 06:17:42,2025-12-05 07:15:59,58.3,,공통
b200_heavy_work_r1,MSF,117,BLK_117P,16,TurnOver,3,2025-12-05 07:15:59,2025-12-05 07:30:23,14.4,,공통
b200_heavy_work_r1,MSF,117,BLK_117P,16,후면SAW,4,2025-12-05 08:11:22,2025-12-05 09:02:44,51.4,,공통
b200_heavy_work_r1,MSF,117,BLK_117P,16,NC,5,2025-12-05 09:19:36,2025-12-05 09:47:41,28.1,,공통
b200_heavy_work_r1,MSF,117,BLK_117P,16,베이35A 론지취부,6,2025-12-05 09:47:41,2025-12-05 10:33:17,45.6,35A,베이35A
b200_heavy_work_r1,MSF,117,BLK_117P,16,베이35A 론지용접,7,2025-12-05 10:33:17,2025-12-05 10:54:38,21.4,35A,베이35A
b200_heavy_work_r1,MSF,117,BLK_117P,16,베이35A 수정,8,2025-12-05 10:54:38,2025-12-05 11:21:46,27.1,35A,베이35A
b200_heavy_work_r1,MSF,137,BLK_137P,17,판계,1,2025-12-04 15:02:24,2025-12-04 15:16:48,14.4,,공통
b200_heavy_work_r1,MSF,137,BLK_137P,17,전면SAW,2,2025-12-05 07:15:59,2025-12-05 07:52:40,36.7,,공통
b200_heavy_work_r1,MSF,137,BLK_137P,17,TurnOver,3,2025-12-05 07:52:40,2025-12-05 08:07:04,14.4,,공통
b200_heavy_work_r1,MSF,137,BLK_137P,17,후면SAW,4,2025-12-05 09:02:44,2025-12-05 09:25:39,22.9,,공통
b200_heavy_work_r1,MSF,137,BLK_137P,17,NC,5,2025-12-05 09:47:41,2025-12-05 10:11:00,23.3,,공통
b200_heavy_work_r1,MSF,137,BLK_137P,17,베이36B 론지취부,6,2025-12-05 11:18:37,2025-12-05 12:00:01,41.4,36B,베이36B
b200_heavy_work_r1,MSF,137,BLK_137P,17,베이36B 론지용접,7,2025-12-05 12:00:01,2025-12-05 12:15:51,15.8,36B,베이36B
b200_heavy_work_r1,MSF,137,BLK_137P,17,베이36B 수정,8,2025-12-05 12:57:30,2025-12-05 13:21:59,24.5,36B,베이36B
b200_heavy_work_r1,MSF,194,BLK_137S,18,판계,1,2025-12-04 15:16:48,2025-12-04 15:31:12,14.4,,공통
b200_heavy_work_r1,MSF,194,BLK_137S,18,전면SAW,2,2025-12-05 07:52:40,2025-12-05 08:29:20,36.7,,공통
b200_heavy_work_r1,MSF,194,BLK_137S,18,TurnOver,3,2025-12-05 08:29:20,2025-12-05 08:43:44,14.4,,공통
b200_heavy_work_r1,MSF,194,BLK_137S,18,후면SAW,4,2025-12-05 09:25:39,2025-12-05 09:48:33,22.9,,공통
b200_heavy_work_r1,MSF,194,BLK_137S,18,NC,5,2025-12-05 10:11:00,2025-12-05 10:34:19,23.3,,공통
b200_heavy_work_r1,MSF,194,BLK_137S,18,베이35A 론지취부,6,2025-12-05 10:34:19,2025-12-05 11:15:43,41.4,35A,베이35A
b200_heavy_work_r1,MSF,194,BLK_137S,18,베이35A 론지용접,7,2025-12-05 11:15:43,2025-12-05 11:31:33,15.8,35A,베이35A
b200_heavy_work_r1,MSF,194,BLK_137S,18,베이35A 수정,8,2025-12-05 11:31:33,2025-12-05 11:56:02,24.5,35A,베이35A
b200_heavy_work_r1,MSF,127,BLK_127S,19,판계,1,2025-12-04 15:31:12,2025-12-04 15:55:12,24.0,,공통
b200_heavy_work_r1,MSF,127,BLK_127S,19,전면SAW,2,2025-12-05 08:29:20,2025-12-05 09:12:36,43.3,,공통
b200_heavy_work_r1,MSF,127,BLK_127S,19,TurnOver,3,2025-12-05 09:12:36,2025-12-05 09:27:00,14.4,,공통
b200_heavy_work_r1,MSF,127,BLK_127S,19,후면SAW,4,2025-12-05 09:48:33,2025-12-05 10:20:08,31.6,,공통
b200_heavy_work_r1,MSF,127,BLK_127S,19,NC,5,2025-12-05 10:34:19,2025-12-05 11:07:01,32.7,,공통
b200_heavy_work_r1,MSF,127,BLK_127S,19,베이36B 론지취부,6,2025-12-05 12:00:01,2025-12-05 12:41:25,41.4,36B,베이36B
b200_heavy_work_r1,MSF,127,BLK_127S,19,베이36B 론지용접,7,2025-12-05 12:41:25,2025-12-05 12:57:15,15.8,36B,베이36B
b200_heavy_work_r1,MSF,127,BLK_127S,19,베이36B 수정,8,2025-12-05 13:21:59,2025-12-05 13:46:27,24.5,36B,베이36B
b200_heavy_work_r1,MSF,147,BLK_147S,20,판계,1,2025-12-04 15:55:12,2025-12-04 16:25:12,30.0,,공통
b200_heavy_work_r1,MSF,147,BLK_147S,20,전면SAW,2,2025-12-05 09:12:36,2025-12-05 09:52:42,40.1,,공통
b200_heavy_work_r1,MSF,147,BLK_147S,20,TurnOver,3,2025-12-05 09:52:42,2025-12-05 10:07:06,14.4,,공통
b200_heavy_work_r1,MSF,147,BLK_147S,20,후면SAW,4,2025-12-05 10:20:08,2025-12-05 10:47:33,27.4,,공통
b200_heavy_work_r1,MSF,147,BLK_147S,20,NC,5,2025-12-05 11:07:01,2025-12-05 11:51:43,44.7,,공통
b200_heavy_work_r1,MSF,147,BLK_147S,20,베이35A 론지취부,6,2025-12-05 11:51:43,2025-12-05 12:58:19,66.6,35A,베이35A
b200_heavy_work_r1,MSF,147,BLK_147S,20,베이35A 론지용접,7,2025-12-05 12:58:19,2025-12-05 13:23:16,25.0,35A,베이35A
b200_heavy_work_r1,MSF,147,BLK_147S,20,베이35A 수정,8,2025-12-05 13:23:16,2025-12-05 14:03:36,40.3,35A,베이35A
b200_heavy_work_r1,MSF,25,BLK_25C,21,판계,1,2025-12-04 16:25:12,2025-12-04 16:49:12,24.0,,공통
b200_heavy_work_r1,MSF,25,BLK_25C,21,전면SAW,2,2025-12-05 09:52:42,2025-12-05 12:53:52,181.2,,공통
b200_heavy_work_r1,MSF,25,BLK_25C,21,TurnOver,3,2025-12-05 12:53:52,2025-12-05 13:08:16,14.4,,공통
b200_heavy_work_r1,MSF,25,BLK_25C,21,후면SAW,4,2025-12-05 13:08:16,2025-12-05 15:38:45,150.5,,공통
b200_heavy_work_r1,MSF,25,BLK_25C,21,NC,5,2025-12-05 15:38:45,2025-12-05 16:14:08,35.4,,공통
b200_heavy_work_r1,MSF,25,BLK_25C,21,베이36B 론지취부,6,2025-12-05 16:14:08,2025-12-05 17:16:32,62.4,36B,베이36B
b200_heavy_work_r1,MSF,25,BLK_25C,21,베이36B 론지용접,7,2025-12-05 17:16:32,2025-12-05 17:40:46,24.2,36B,베이36B
b200_heavy_work_r1,MSF,25,BLK_25C,21,베이36B 수정,8,2025-12-05 17:40:46,2025-12-05 18:18:27,37.7,36B,베이36B
b200_heavy_work_r1,MSF,49,BLK_49C,22,판계,1,2025-12-04 16:49:12,2025-12-04 17:13:12,24.0,,공통
b200_heavy_work_r1,MSF,49,BLK_49C,22,전면SAW,2,2025-12-05 12:53:52,2025-12-05 13:34:41,40.8,,공통
b200_heavy_work_r1,MSF,49,BLK_49C,22,TurnOver,3,2025-12-05 13:34:41,2025-12-05 13:49:05,14.4,,공통
b200_heavy_work_r1,MSF,49,BLK_49C,22,후면SAW,4,2025-12-05 15:38:45,2025-12-05 16:07:07,28.4,,공통
b200_heavy_work_r1,MSF,49,BLK_49C,22,NC,5,2025-12-05 16:14:08,2025-12-05 16:45:18,31.2,,공통
b200_heavy_work_r1,MSF,49,BLK_49C,22,베이35A 론지취부,6,2025-12-05 16:45:18,2025-12-05 17:26:42,41.4,35A,베이35A
b200_heavy_work_r1,MSF,49,BLK_49C,22,베이35A 론지용접,7,2025-12-05 17:26:42,2025-12-05 17:42:33,15.8,35A,베이35A
b200_heavy_work_r1,MSF,49,BLK_49C,22,베이35A 수정,8,2025-12-05 17:42:33,2025-12-05 18:07:01,24.5,35A,베이35A
b200_heavy_work_r1,MSF,29,BLK_29C,23,판계,1,2025-12-04 17:13:12,2025-12-04 17:46:48,33.6,,공통
b200_heavy_work_r1,MSF,29,BLK_29C,23,전면SAW,2,2025-12-05 13:34:41,2025-12-05 15:29:03,114.4,,공통
b200_heavy_work_r1,MSF,29,BLK_29C,23,TurnOver,3,2025-12-05 15:29:03,2025-12-05 15:43:27,14.4,,공통
b200_heavy_work_r1,MSF,29,BLK_29C,23,후면SAW,4,2025-12-05 16:07:07,2025-12-05 17:36:42,89.6,,공통
b200_heavy_work_r1,MSF,29,BLK_29C,23,NC,5,2025-12-05 17:36:42,2025-12-05 18:14:11,37.5,,공통
b200_heavy_work_r1,MSF,29,BLK_29C,23,베이36B 론지취부,6,2025-12-05 18:14:11,2025-12-05 18:59:47,45.6,36B,베이36B
b200_heavy_work_r1,MSF,29,BLK_29C,23,베이36B 론지용접,7,2025-12-05 18:59:47,2025-12-05 19:16:21,16.6,36B,베이36B
b200_heavy_work_r1,MSF,29,BLK_29C,23,베이36B 수정,8,2025-12-05 19:16:21,2025-12-05 19:43:28,27.1,36B,베이36B
b200_heavy_work_r1,MSF,157,BLK_157C,24,판계,1,2025-12-04 17:46:48,2025-12-04 18:10:48,24.0,,공통
b200_heavy_work_r1,MSF,157,BLK_157C,24,전면SAW,2,2025-12-05 15:29:03,2025-12-05 16:07:30,38.5,,공통
b200_heavy_work_r1,MSF,157,BLK_157C,24,TurnOver,3,2025-12-05 16:07:30,2025-12-05 16:21:54,14.4,,공통
b200_heavy_work_r1,MSF,157,BLK_157C,24,후면SAW,4,2025-12-05 17:36:42,2025-12-05 18:01:57,25.2,,공통
b200_heavy_work_r1,MSF,157,BLK_157C,24,NC,5,2025-12-05 18:14:11,2025-12-05 18:45:40,31.5,,공통
b200_heavy_work_r1,MSF,157,BLK_157C,24,베이35A 론지취부,6,2025-12-05 18:45:40,2025-12-05 19:22:52,37.2,35A,베이35A
b200_heavy_work_r1,MSF,157,BLK_157C,24,베이35A 론지용접,7,2025-12-05 19:22:52,2025-12-05 19:37:59,15.1,35A,베이35A
b200_heavy_work_r1,MSF,157,BLK_157C,24,베이35A 수정,8,2025-12-05 19:37:59,2025-12-05 19:59:49,21.8,35A,베이35A
b200_heavy_work_r1,MSF,177,BLK_177S,25,판계,1,2025-12-04 18:10:48,2025-12-04 18:34:48,24.0,,공통
b200_heavy_work_r1,MSF,177,BLK_177S,25,전면SAW,2,2025-12-05 16:07:30,2025-12-05 16:48:56,41.4,,공통
b200_heavy_work_r1,MSF,177,BLK_177S,25,TurnOver,3,2025-12-05 16:48:56,2025-12-05 17:03:20,14.4,,공통
b200_heavy_work_r1,MSF,177,BLK_177S,25,후면SAW,4,2025-12-05 18:01:57,2025-12-05 18:31:06,29.2,,공통
b200_heavy_work_r1,MSF,177,BLK_177S,25,NC,5,2025-12-05 18:45:40,2025-12-05 19:17:13,31.6,,공통
b200_heavy_work_r1,MSF,177,BLK_177S,25,베이36B 론지취부,6,2025-12-05 19:17:13,2025-12-05 20:23:49,66.6,36B,베이36B
b200_heavy_work_r1,MSF,177,BLK_177S,25,베이36B 론지용접,7,2025-12-05 20:23:49,2025-12-05 20:48:47,25.0,36B,베이36B
b200_heavy_work_r1,MSF,177,BLK_177S,25,베이36B 수정,8,2025-12-05 20:48:47,2025-12-05 21:29:06,40.3,36B,베이36B
b200_heavy_work_r1,MSF,2,BLK_2C,26,판계,1,2025-12-04 18:34:48,2025-12-04 19:08:24,33.6,,공통
b200_heavy_work_r1,MSF,2,BLK_2C,26,전면SAW,2,2025-12-05 16:48:56,2025-12-05 19:37:10,168.2,,공통
b200_heavy_work_r1,MSF,2,BLK_2C,26,TurnOver,3,2025-12-05 19:37:10,2025-12-05 19:51:34,14.4,,공통
b200_heavy_work_r1,MSF,2,BLK_2C,26,후면SAW,4,2025-12-05 19:51:34,2025-12-05 22:46:09,174.6,,공통
b200_heavy_work_r1,MSF,2,BLK_2C,26,NC,5,2025-12-05 22:46:09,2025-12-05 23:26:15,40.1,,공통
b200_heavy_work_r1,MSF,2,BLK_2C,26,베이35A 론지취부,6,2025-12-05 23:26:15,2025-12-06 00:16:03,49.8,35A,베이35A
b200_heavy_work_r1,MSF,2,BLK_2C,26,베이35A 론지용접,7,2025-12-06 00:16:03,2025-12-06 00:38:08,22.1,35A,베이35A
b200_heavy_work_r1,MSF,2,BLK_2C,26,베이35A 수정,8,2025-12-06 00:38:08,2025-12-06 01:07:53,29.8,35A,베이35A
b200_heavy_work_r1,MSF,53,BLK_53C,1,판계,1,2025-12-05 08:00:00,2025-12-05 08:54:00,54.0,,공통
b200_heavy_work_r1,MSF,53,BLK_53C,1,전면SAW,2,2025-12-05 19:37:10,2025-12-05 20:24:10,47.0,,공통
b200_heavy_work_r1,MSF,53,BLK_53C,1,TurnOver,3,2025-12-05 20:24:10,2025-12-05 20:38:34,14.4,,공통
b200_heavy_work_r1,MSF,53,BLK_53C,1,후면SAW,4,2025-12-05 22:46:09,2025-12-05 23:22:38,36.5,,공통
b200_heavy_work_r1,MSF,53,BLK_53C,1,NC,5,2025-12-05 23:26:15,2025-12-06 00:33:51,67.6,,공통
b200_heavy_work_r1,MSF,53,BLK_53C,1,베이36B 론지취부,6,2025-12-06 00:33:51,2025-12-06 02:09:51,96.0,36B,베이36B
b200_heavy_work_r1,MSF,53,BLK_53C,1,베이36B 론지용접,7,2025-12-06 02:09:51,2025-12-06 02:39:51,30.0,36B,베이36B
b200_heavy_work_r1,MSF,53,BLK_53C,1,베이36B 수정,8,2025-12-06 02:39:51,2025-12-06 03:38:39,58.8,36B,베이36B
b200_heavy_work_r1,MSF,73,BLK_73C,2,판계,1,2025-12-05 08:54:00,2025-12-05 09:08:24,14.4,,공통
b200_heavy_work_r1,MSF,73,BLK_73C,2,전면SAW,2,2025-12-05 20:24:10,2025-12-05 21:15:38,51.5,,공통
b200_heavy_work_r1,MSF,73,BLK_73C,2,TurnOver,3,2025-12-05 21:15:38,2025-12-05 21:30:02,14.4,,공통
b200_heavy_work_r1,MSF,73,BLK_73C,2,후면SAW,4,2025-12-05 23:22:38,2025-12-06 00:05:00,42.4,,공통
b200_heavy_work_r1,MSF,73,BLK_73C,2,NC,5,2025-12-06 00:33:51,2025-12-06 00:59:39,25.8,,공통
b200_heavy_work_r1,MSF,73,BLK_73C,2,베이35A 론지취부,6,2025-12-06 00:59:39,2025-12-06 01:28:27,28.8,35A,베이35A
b200_heavy_work_r1,MSF,73,BLK_73C,2,베이35A 론지용접,7,2025-12-06 01:28:27,2025-12-06 01:42:07,13.7,35A,베이35A
b200_heavy_work_r1,MSF,73,BLK_73C,2,베이35A 수정,8,2025-12-06 01:42:07,2025-12-06 01:58:41,16.6,35A,베이35A
b200_heavy_work_r1,MSF,187,BLK_187P,3,판계,1,2025-12-05 09:08:24,2025-12-05 09:44:24,36.0,,공통
b200_heavy_work_r1,MSF,187,BLK_187P,3,전면SAW,2,2025-12-05 21:15:38,2025-12-05 21:50:17,34.7,,공통
b200_heavy_work_r1,MSF,187,BLK_187P,3,TurnOver,3,2025-12-05 21:50:17,2025-12-05 22:04:41,14.4,,공통
b200_heavy_work_r1,MSF,187,BLK_187P,3,후면SAW,4,2025-12-06 00:05:00,2025-12-06 00:25:16,20.3,,공통
b200_heavy_work_r1,MSF,187,BLK_187P,3,NC,5,2025-12-06 00:59:39,2025-12-06 01:47:17,47.6,,공통
b200_heavy_work_r1,MSF,187,BLK_187P,3,베이36B 론지취부,6,2025-12-06 02:09:51,2025-12-06 03:08:03,58.2,36B,베이36B
b200_heavy_work_r1,MSF,187,BLK_187P,3,베이36B 론지용접,7,2025-12-06 03:08:03,2025-12-06 03:31:34,23.5,36B,베이36B
b200_heavy_work_r1,MSF,187,BLK_187P,3,베이36B 수정,8,2025-12-06 03:38:39,2025-12-06 04:13:41,35.0,36B,베이36B
b200_heavy_work_r1,MSF,57,BLK_57P,4,판계,1,2025-12-05 09:44:24,2025-12-05 10:14:24,30.0,,공통
b200_heavy_work_r1,MSF,57,BLK_57P,4,전면SAW,2,2025-12-05 21:50:17,2025-12-05 22:33:26,43.2,,공통
b200_heavy_work_r1,MSF,57,BLK_57P,4,TurnOver,3,2025-12-05 22:33:26,2025-12-05 22:47:50,14.4,,공통
b200_heavy_work_r1,MSF,57,BLK_57P,4,후면SAW,4,2025-12-06 00:25:16,2025-12-06 00:56:42,31.4,,공통
b200_heavy_work_r1,MSF,57,BLK_57P,4,NC,5,2025-12-06 01:47:17,2025-12-06 02:33:07,45.8,,공통
b200_heavy_work_r1,MSF,57,BLK_57P,4,베이35A 론지취부,6,2025-12-06 02:33:07,2025-12-06 04:13:19,100.2,35A,베이35A
b200_heavy_work_r1,MSF,57,BLK_57P,4,베이35A 론지용접,7,2025-12-06 04:13:19,2025-12-06 04:44:03,30.7,35A,베이35A
b200_heavy_work_r1,MSF,57,BLK_57P,4,베이35A 수정,8,2025-12-06 04:44:03,2025-12-06 05:45:29,61.4,35A,베이35A
b200_heavy_work_r1,MSF,61,BLK_61P,5,판계,1,2025-12-05 10:14:24,2025-12-05 11:00:00,45.6,,공통
b200_heavy_work_r1,MSF,61,BLK_61P,5,전면SAW,2,2025-12-05 22:33:26,2025-12-06 00:30:38,117.2,,공통
b200_heavy_work_r1,MSF,61,BLK_61P,5,TurnOver,3,2025-12-06 00:30:38,2025-12-06 00:45:02,14.4,,공통
b200_heavy_work_r1,MSF,61,BLK_61P,5,후면SAW,4,2025-12-06 00:56:42,2025-12-06 02:28:52,92.2,,공통
b200_heavy_work_r1,MSF,61,BLK_61P,5,NC,5,2025-12-06 02:33:07,2025-12-06 03:29:15,56.1,,공통
b200_heavy_work_r1,MSF,61,BLK_61P,5,베이36B 론지취부,6,2025-12-06 03:29:15,2025-12-06 05:05:15,96.0,36B,베이36B
b200_heavy_work_r1,MSF,61,BLK_61P,5,베이36B 론지용접,7,2025-12-06 05:05:15,2025-12-06 05:35:15,30.0,36B,베이36B
b200_heavy_work_r1,MSF,61,BLK_61P,5,베이36B 수정,8,2025-12-06 05:35:15,2025-12-06 06:34:03,58.8,36B,베이36B
b200_heavy_work_r1,MSF,113,BLK_113P,6,판계,1,2025-12-05 11:00:00,2025-12-05 11:14:24,14.4,,공통
b200_heavy_work_r1,MSF,113,BLK_113P,6,전면SAW,2,2025-12-06 00:30:38,2025-12-06 01:15:44,45.1,,공통
b200_heavy_work_r1,MSF,113,BLK_113P,6,TurnOver,3,2025-12-06 01:15:44,2025-12-06 01:30:08,14.4,,공통
b200_heavy_work_r1,MSF,113,BLK_113P,6,후면SAW,4,2025-12-06 02:28:52,2025-12-06 03:02:52,34.0,,공통
b200_heavy_work_r1,MSF,113,BLK_113P,6,NC,5,2025-12-06 03:29:15,2025-12-06 03:56:02,26.8,,공통
b200_heavy_work_r1,MSF,113,BLK_113P,6,베이35A 론지취부,6,2025-12-06 04:13:19,2025-12-06 04:58:55,45.6,35A,베이35A
b200_heavy_work_r1,MSF,113,BLK_113P,6,베이35A 론지용접,7,2025-12-06 04:58:55,2025-12-06 05:15:29,16.6,35A,베이35A
b200_heavy_work_r1,MSF,113,BLK_113P,6,베이35A 수정,8,2025-12-06 05:45:29,2025-12-06 06:12:36,27.1,35A,베이35A
b200_heavy_work_r1,MSF,45,BLK_45P,7,판계,1,2025-12-05 11:14:24,2025-12-05 11:50:24,36.0,,공통
b200_heavy_work_r1,MSF,45,BLK_45P,7,전면SAW,2,2025-12-06 01:15:44,2025-12-06 04:10:58,175.2,,공통
b200_heavy_work_r1,MSF,45,BLK_45P,7,TurnOver,3,2025-12-06 04:10:58,2025-12-06 04:25:22,14.4,,공통
b200_heavy_work_r1,MSF,45,BLK_45P,7,후면SAW,4,2025-12-06 04:25:22,2025-12-06 06:33:41,128.3,,공통
b200_heavy_work_r1,MSF,45,BLK_45P,7,NC,5,2025-12-06 06:33:41,2025-12-06 07:43:02,69.3,,공통
b200_heavy_work_r1,MSF,45,BLK_45P,7,베이36B 론지취부,6,2025-12-06 07:43:02,2025-12-06 09:23:14,100.2,36B,베이36B
b200_heavy_work_r1,MSF,45,BLK_45P,7,베이36B 론지용접,7,2025-12-06 09:23:14,2025-12-06 09:53:57,30.7,36B,베이36B
b200_heavy_work_r1,MSF,45,BLK_45P,7,베이36B 수정,8,2025-12-06 09:53:57,2025-12-06 10:55:24,61.4,36B,베이36B
b200_heavy_work_r1,MSF,6,BLK_6P,8,판계,1,2025-12-05 11:50:24,2025-12-05 12:20:24,30.0,,공통
b200_heavy_work_r1,MSF,6,BLK_6P,8,전면SAW,2,2025-12-06 04:10:58,2025-12-06 04:51:51,40.9,,공통
b200_heavy_work_r1,MSF,6,BLK_6P,8,TurnOver,3,2025-12-06 04:51:51,2025-12-06 05:06:15,14.4,,공통
b200_heavy_work_r1,MSF,6,BLK_6P,8,후면SAW,4,2025-12-06 06:33:41,2025-12-06 07:02:08,28.5,,공통
b200_heavy_work_r1,MSF,6,BLK_6P,8,NC,5,2025-12-06 07:43:02,2025-12-06 08:27:13,44.2,,공통
b200_heavy_work_r1,MSF,6,BLK_6P,8,베이35A 론지취부,6,2025-12-06 08:27:13,2025-12-06 09:54:49,87.6,35A,베이35A
b200_heavy_work_r1,MSF,6,BLK_6P,8,베이35A 론지용접,7,2025-12-06 09:54:49,2025-12-06 10:23:23,28.6,35A,베이35A
b200_heavy_work_r1,MSF,6,BLK_6P,8,베이35A 수정,8,2025-12-06 10:23:23,2025-12-06 11:16:54,53.5,35A,베이35A
b200_heavy_work_r1,MSF,10,BLK_10C,9,판계,1,2025-12-05 12:20:24,2025-12-05 13:08:24,48.0,,공통
b200_heavy_work_r1,MSF,10,BLK_10C,9,전면SAW,2,2025-12-06 04:51:51,2025-12-06 07:47:02,175.2,,공통
b200_heavy_work_r1,MSF,10,BLK_10C,9,TurnOver,3,2025-12-06 07:47:02,2025-12-06 08:01:26,14.4,,공통
b200_heavy_work_r1,MSF,10,BLK_10C,9,후면SAW,4,2025-12-06 08:01:26,2025-12-06 10:09:43,128.3,,공통
b200_heavy_work_r1,MSF,10,BLK_10C,9,NC,5,2025-12-06 10:09:43,2025-12-06 11:04:34,54.8,,공통
b200_heavy_work_r1,MSF,10,BLK_10C,9,베이36B 론지취부,6,2025-12-06 11:04:34,2025-12-06 12:23:46,79.2,36B,베이36B
b200_heavy_work_r1,MSF,10,BLK_10C,9,베이36B 론지용접,7,2025-12-06 12:23:46,2025-12-06 12:50:53,27.1,36B,베이36B
b200_heavy_work_r1,MSF,10,BLK_10C,9,베이36B 수정,8,2025-12-06 12:50:53,2025-12-06 13:39:07,48.2,36B,베이36B
b200_heavy_work_r1,MSF,14,BLK_14C,10,판계,1,2025-12-05 13:08:24,2025-12-05 13:38:24,30.0,,공통
b200_heavy_work_r1,MSF,14,BLK_14C,10,전면SAW,2,2025-12-06 07:47:02,2025-12-06 08:26:44,39.7,,공통
b200_heavy_work_r1,MSF,14,BLK_14C,10,TurnOver,3,2025-12-06 08:26:44,2025-12-06 08:41:08,14.4,,공통
b200_heavy_work_r1,MSF,14,BLK_14C,10,후면SAW,4,2025-12-06 10:09:43,2025-12-06 10:36:38,26.9,,공통
b200_heavy_work_r1,MSF,14,BLK_14C,10,NC,5,2025-12-06 11:04:34,2025-12-06 11:47:34,43.0,,공통
b200_heavy_work_r1,MSF,14,BLK_14C,10,베이35A 론지취부,6,2025-12-06 11:47:34,2025-12-06 13:06:46,79.2,35A,베이35A
b200_heavy_work_r1,MSF,14,BLK_14C,10,베이35A 론지용접,7,2025-12-06 13:06:46,2025-12-06 13:33:53,27.1,35A,베이35A
b200_heavy_work_r1,MSF,14,BLK_14C,10,베이35A 수정,8,2025-12-06 13:33:53,2025-12-06 14:22:07,48.2,35A,베이35A
b200_heavy_work_r1,MSF,22,BLK_22C,11,판계,1,2025-12-05 13:38:24,2025-12-05 14:24:00,45.6,,공통
b200_heavy_work_r1,MSF,22,BLK_22C,11,전면SAW,2,2025-12-06 08:26:44,2025-12-06 10:04:51,98.1,,공통
b200_heavy_work_r1,MSF,22,BLK_22C,11,TurnOver,3,2025-12-06 10:04:51,2025-12-06 10:19:15,14.4,,공통
b200_heavy_work_r1,MSF,22,BLK_22C,11,후면SAW,4,2025-12-06 10:36:38,2025-12-06 11:51:23,74.8,,공통
b200_heavy_work_r1,MSF,22,BLK_22C,11,NC,5,2025-12-06 11:51:23,2025-12-06 12:46:14,54.8,,공통
b200_heavy_work_r1,MSF,22,BLK_22C,11,베이36B 론지취부,6,2025-12-06 12:46:14,2025-12-06 13:48:38,62.4,36B,베이36B
b200_heavy_work_r1,MSF,22,BLK_22C,11,베이36B 론지용접,7,2025-12-06 13:48:38,2025-12-06 14:12:52,24.2,36B,베이36B
b200_heavy_work_r1,MSF,22,BLK_22C,11,베이36B 수정,8,2025-12-06 14:12:52,2025-12-06 14:50:33,37.7,36B,베이36B
b200_heavy_work_r1,MSF,105,BLK_105P,12,판계,1,2025-12-05 14:24:00,2025-12-05 14:38:24,14.4,,공통
b200_heavy_work_r1,MSF,105,BLK_105P,12,전면SAW,2,2025-12-06 10:04:51,2025-12-06 10:47:09,42.3,,공통
b200_heavy_work_r1,MSF,105,BLK_105P,12,TurnOver,3,2025-12-06 10:47:09,2025-12-06 11:01:33,14.4,,공통
b200_heavy_work_r1,MSF,105,BLK_105P,12,후면SAW,4,2025-12-06 11:51:23,2025-12-06 12:21:42,30.3,,공통
b200_heavy_work_r1,MSF,105,BLK_105P,12,NC,5,2025-12-06 12:46:14,2025-12-06 13:10:37,24.4,,공통
b200_heavy_work_r1,MSF,105,BLK_105P,12,베이35A 론지취부,6,2025-12-06 13:10:37,2025-12-06 13:56:13,45.6,35A,베이35A
b200_heavy_work_r1,MSF,105,BLK_105P,12,베이35A 론지용접,7,2025-12-06 13:56:13,2025-12-06 14:12:46,16.6,35A,베이35A
b200_heavy_work_r1,MSF,105,BLK_105P,12,베이35A 수정,8,2025-12-06 14:22:07,2025-12-06 14:49:14,27.1,35A,베이35A
b200_heavy_work_r1,MSF,65,BLK_65S,13,판계,1,2025-12-05 14:38:24,2025-12-05 15:02:24,24.0,,공통
b200_heavy_work_r1,MSF,65,BLK_65S,13,전면SAW,2,2025-12-06 10:47:09,2025-12-06 13:22:09,155.0,,공통
b200_heavy_work_r1,MSF,65,BLK_65S,13,TurnOver,3,2025-12-06 13:22:09,2025-12-06 13:36:33,14.4,,공통
b200_heavy_work_r1,MSF,65,BLK_65S,13,후면SAW,4,2025-12-06 13:36:33,2025-12-06 15:43:12,126.6,,공통
b200_heavy_work_r1,MSF,65,BLK_65S,13,NC,5,2025-12-06 15:43:12,2025-12-06 16:15:45,32.5,,공통
b200_heavy_work_r1,MSF,65,BLK_65S,13,베이36B 론지취부,6,2025-12-06 16:15:45,2025-12-06 16:48:45,33.0,36B,베이36B
b200_heavy_work_r1,MSF,65,BLK_65S,13,베이36B 론지용접,7,2025-12-06 16:48:45,2025-12-06 17:07:57,19.2,36B,베이36B
b200_heavy_work_r1,MSF,65,BLK_65S,13,베이36B 수정,8,2025-12-06 17:07:57,2025-12-06 17:27:09,19.2,36B,베이36B
b200_heavy_work_r1,MSF,7,BLK_7C,14,판계,1,2025-12-05 15:02:24,2025-12-05 15:32:24,30.0,,공통
b200_heavy_work_r1,MSF,7,BLK_7C,14,전면SAW,2,2025-12-06 13:22:09,2025-12-06 14:02:49,40.7,,공통
b200_heavy_work_r1,MSF,7,BLK_7C,14,TurnOver,3,2025-12-06 14:02:49,2025-12-06 14:17:13,14.4,,공통
b200_heavy_work_r1,MSF,7,BLK_7C,14,후면SAW,4,2025-12-06 15:43:12,2025-12-06 16:11:21,28.1,,공통
b200_heavy_work_r1,MSF,7,BLK_7C,14,NC,5,2025-12-06 16:15:45,2025-12-06 17:00:12,44.5,,공통
b200_heavy_work_r1,MSF,7,BLK_7C,14,베이35A 론지취부,6,2025-12-06 17:00:12,2025-12-06 18:32:00,91.8,35A,베이35A
b200_heavy_work_r1,MSF,7,BLK_7C,14,베이35A 론지용접,7,2025-12-06 18:32:00,2025-12-06 19:01:17,29.3,35A,베이35A
b200_heavy_work_r1,MSF,7,BLK_7C,14,베이35A 수정,8,2025-12-06 19:01:17,2025-12-06 19:57:27,56.2,35A,베이35A
b200_heavy_work_r1,MSF,50,BLK_50S,15,판계,1,2025-12-05 15:32:24,2025-12-05 15:56:24,24.0,,공통
b200_heavy_work_r1,MSF,50,BLK_50S,15,전면SAW,2,2025-12-06 14:02:49,2025-12-06 16:20:11,137.4,,공통
b200_heavy_work_r1,MSF,50,BLK_50S,15,TurnOver,3,2025-12-06 16:20:11,2025-12-06 16:34:35,14.4,,공통
b200_heavy_work_r1,MSF,50,BLK_50S,15,후면SAW,4,2025-12-06 16:34:35,2025-12-06 18:25:09,110.6,,공통
b200_heavy_work_r1,MSF,50,BLK_50S,15,NC,5,2025-12-06 18:25:09,2025-12-06 18:56:59,31.8,,공통
b200_heavy_work_r1,MSF,50,BLK_50S,15,베이36B 론지취부,6,2025-12-06 18:56:59,2025-12-06 19:42:35,45.6,36B,베이36B
b200_heavy_work_r1,MSF,50,BLK_50S,15,베이36B 론지용접,7,2025-12-06 19:42:35,2025-12-06 20:03:56,21.4,36B,베이36B
b200_heavy_work_r1,MSF,50,BLK_50S,15,베이36B 수정,8,2025-12-06 20:03:56,2025-12-06 20:31:04,27.1,36B,베이36B
b200_heavy_work_r1,MSF,11,BLK_11P,16,판계,1,2025-12-05 15:56:24,2025-12-05 16:26:24,30.0,,공통
b200_heavy_work_r1,MSF,11,BLK_11P,16,전면SAW,2,2025-12-06 16:20:11,2025-12-06 17:04:40,44.5,,공통
b200_heavy_work_r1,MSF,11,BLK_11P,16,TurnOver,3,2025-12-06 17:04:40,2025-12-06 17:19:04,14.4,,공통
b200_heavy_work_r1,MSF,11,BLK_11P,16,후면SAW,4,2025-12-06 18:25:09,2025-12-06 18:58:21,33.2,,공통
b200_heavy_work_r1,MSF,11,BLK_11P,16,NC,5,2025-12-06 18:58:21,2025-12-06 19:43:11,44.8,,공통
b200_heavy_work_r1,MSF,11,BLK_11P,16,베이35A 론지취부,6,2025-12-06 19:43:11,2025-12-06 21:14:59,91.8,35A,베이35A
b200_heavy_work_r1,MSF,11,BLK_11P,16,베이35A 론지용접,7,2025-12-06 21:14:59,2025-12-06 21:44:16,29.3,35A,베이35A
b200_heavy_work_r1,MSF,11,BLK_11P,16,베이35A 수정,8,2025-12-06 21:44:16,2025-12-06 22:40:25,56.2,35A,베이35A
b200_heavy_work_r1,MSF,93,BLK_93S,17,판계,1,2025-12-05 16:26:24,2025-12-05 16:58:48,32.4,,공통
b200_heavy_work_r1,MSF,93,BLK_93S,17,전면SAW,2,2025-12-06 17:04:40,2025-12-06 19:29:21,144.7,,공통
b200_heavy_work_r1,MSF,93,BLK_93S,17,TurnOver,3,2025-12-06 19:29:21,2025-12-06 19:43:45,14.4,,공통
b200_heavy_work_r1,MSF,93,BLK_93S,17,후면SAW,4,2025-12-06 19:43:45,2025-12-06 21:27:38,103.9,,공통
b200_heavy_work_r1,MSF,93,BLK_93S,17,NC,5,2025-12-06 21:27:38,2025-12-06 22:05:40,38.0,,공통
b200_heavy_work_r1,MSF,93,BLK_93S,17,베이36B 론지취부,6,2025-12-06 22:05:40,2025-12-06 23:03:52,58.2,36B,베이36B
b200_heavy_work_r1,MSF,93,BLK_93S,17,베이36B 론지용접,7,2025-12-06 23:03:52,2025-12-06 23:27:23,23.5,36B,베이36B
b200_heavy_work_r1,MSF,93,BLK_93S,17,베이36B 수정,8,2025-12-06 23:27:23,2025-12-07 00:02:26,35.0,36B,베이36B
b200_heavy_work_r1,MSF,108,BLK_108C,18,판계,1,2025-12-05 16:58:48,2025-12-05 17:28:48,30.0,,공통
b200_heavy_work_r1,MSF,108,BLK_108C,18,전면SAW,2,2025-12-06 19:29:21,2025-12-06 20:08:21,39.0,,공통
b200_heavy_work_r1,MSF,108,BLK_108C,18,TurnOver,3,2025-12-06 20:08:21,2025-12-06 20:22:45,14.4,,공통
b200_heavy_work_r1,MSF,108,BLK_108C,18,후면SAW,4,2025-12-06 21:27:38,2025-12-06 21:53:36,26.0,,공통
b200_heavy_work_r1,MSF,108,BLK_108C,18,NC,5,2025-12-06 22:05:40,2025-12-06 22:46:37,40.9,,공통
b200_heavy_work_r1,MSF,108,BLK_108C,18,베이35A 론지취부,6,2025-12-06 22:46:37,2025-12-07 00:05:49,79.2,35A,베이35A
b200_heavy_work_r1,MSF,108,BLK_108C,18,베이35A 론지용접,7,2025-12-07 00:05:49,2025-12-07 00:32:56,27.1,35A,베이35A
b200_heavy_work_r1,MSF,108,BLK_108C,18,베이35A 수정,8,2025-12-07 00:32:56,2025-12-07 01:21:10,48.2,35A,베이35A
b200_heavy_work_r1,MSF,88,BLK_88C,19,판계,1,2025-12-05 17:28:48,2025-12-05 18:02:24,33.6,,공통
b200_heavy_work_r1,MSF,88,BLK_88C,19,전면SAW,2,2025-12-06 20:08:21,2025-12-06 22:23:53,135.5,,공통
b200_heavy_work_r1,MSF,88,BLK_88C,19,TurnOver,3,2025-12-06 22:23:53,2025-12-06 22:38:17,14.4,,공통
b200_heavy_work_r1,MSF,88,BLK_88C,19,후면SAW,4,2025-12-06 22:38:17,2025-12-07 00:27:10,108.9,,공통
b200_heavy_work_r1,MSF,88,BLK_88C,19,NC,5,2025-12-07 00:27:10,2025-12-07 01:06:55,39.7,,공통
b200_heavy_work_r1,MSF,88,BLK_88C,19,베이36B 론지취부,6,2025-12-07 01:06:55,2025-12-07 02:09:19,62.4,36B,베이36B
b200_heavy_work_r1,MSF,88,BLK_88C,19,베이36B 론지용접,7,2025-12-07 02:09:19,2025-12-07 02:33:33,24.2,36B,베이36B
b200_heavy_work_r1,MSF,88,BLK_88C,19,베이36B 수정,8,2025-12-07 02:33:33,2025-12-07 03:11:14,37.7,36B,베이36B
b200_heavy_work_r1,MSF,83,BLK_83C,1,판계,1,2025-12-06 08:00:00,2025-12-06 08:39:36,39.6,,공통
b200_heavy_work_r1,MSF,83,BLK_83C,1,전면SAW,2,2025-12-06 22:23:53,2025-12-07 00:17:15,113.4,,공통
b200_heavy_work_r1,MSF,83,BLK_83C,1,TurnOver,3,2025-12-07 00:17:15,2025-12-07 00:31:39,14.4,,공통
b200_heavy_work_r1,MSF,83,BLK_83C,1,후면SAW,4,2025-12-07 00:31:39,2025-12-07 02:00:19,88.7,,공통
b200_heavy_work_r1,MSF,83,BLK_83C,1,NC,5,2025-12-07 02:00:19,2025-12-07 02:48:51,48.5,,공통
b200_heavy_work_r1,MSF,83,BLK_83C,1,베이35A 론지취부,6,2025-12-07 02:48:51,2025-12-07 04:12:15,83.4,35A,베이35A
b200_heavy_work_r1,MSF,83,BLK_83C,1,베이35A 론지용접,7,2025-12-07 04:12:15,2025-12-07 04:40:06,27.8,35A,베이35A
b200_heavy_work_r1,MSF,83,BLK_83C,1,베이35A 수정,8,2025-12-07 04:40:06,2025-12-07 05:30:59,50.9,35A,베이35A
b200_heavy_work_r1,MSF,98,BLK_98P,2,판계,1,2025-12-06 08:39:36,2025-12-06 09:13:12,33.6,,공통
b200_heavy_work_r1,MSF,98,BLK_98P,2,전면SAW,2,2025-12-07 00:17:15,2025-12-07 02:55:51,158.6,,공통
b200_heavy_work_r1,MSF,98,BLK_98P,2,TurnOver,3,2025-12-07 02:55:51,2025-12-07 03:10:15,14.4,,공통
b200_heavy_work_r1,MSF,98,BLK_98P,2,후면SAW,4,2025-12-07 03:10:15,2025-12-07 05:20:11,129.9,,공통
b200_heavy_work_r1,MSF,98,BLK_98P,2,NC,5,2025-12-07 05:20:11,2025-12-07 06:00:15,40.1,,공통
b200_heavy_work_r1,MSF,98,BLK_98P,2,베이36B 론지취부,6,2025-12-07 06:00:15,2025-12-07 06:45:51,45.6,36B,베이36B
b200_heavy_work_r1,MSF,98,BLK_98P,2,베이36B 론지용접,7,2025-12-07 06:45:51,2025-12-07 07:07:13,21.4,36B,베이36B
b200_heavy_work_r1,MSF,98,BLK_98P,2,베이36B 수정,8,2025-12-07 07:07:13,2025-12-07 07:34:20,27.1,36B,베이36B
b200_heavy_work_r1,MSF,84,BLK_84C,3,판계,1,2025-12-06 09:13:12,2025-12-06 09:43:12,30.0,,공통
b200_heavy_work_r1,MSF,84,BLK_84C,3,전면SAW,2,2025-12-07 02:55:51,2025-12-07 03:47:16,51.4,,공통
b200_heavy_work_r1,MSF,84,BLK_84C,3,TurnOver,3,2025-12-07 03:47:16,2025-12-07 04:01:40,14.4,,공통
b200_heavy_work_r1,MSF,84,BLK_84C,3,후면SAW,4,2025-12-07 05:20:11,2025-12-07 06:02:29,42.3,,공통
b200_heavy_work_r1,MSF,84,BLK_84C,3,NC,5,2025-12-07 06:02:29,2025-12-07 06:39:36,37.1,,공통
b200_heavy_work_r1,MSF,84,BLK_84C,3,베이35A 론지취부,6,2025-12-07 06:39:36,2025-12-07 07:33:36,54.0,35A,베이35A
b200_heavy_work_r1,MSF,84,BLK_84C,3,베이35A 론지용접,7,2025-12-07 07:33:36,2025-12-07 07:51:36,18.0,35A,베이35A
b200_heavy_work_r1,MSF,84,BLK_84C,3,베이35A 수정,8,2025-12-07 07:51:36,2025-12-07 08:24:00,32.4,35A,베이35A
b200_heavy_work_r1,MSF,125,BLK_125C,4,판계,1,2025-12-06 09:43:12,2025-12-06 10:16:48,33.6,,공통
b200_heavy_work_r1,MSF,125,BLK_125C,4,전면SAW,2,2025-12-07 03:47:16,2025-12-07 06:07:00,139.7,,공통
b200_heavy_work_r1,MSF,125,BLK_125C,4,TurnOver,3,2025-12-07 06:07:00,2025-12-07 06:21:24,14.4,,공통
b200_heavy_work_r1,MSF,125,BLK_125C,4,후면SAW,4,2025-12-07 06:21:24,2025-12-07 08:14:07,112.7,,공통
b200_heavy_work_r1,MSF,125,BLK_125C,4,NC,5,2025-12-07 08:14:07,2025-12-07 08:56:44,42.6,,공통
b200_heavy_work_r1,MSF,125,BLK_125C,4,베이36B 론지취부,6,2025-12-07 08:56:44,2025-12-07 10:11:44,75.0,36B,베이36B
b200_heavy_work_r1,MSF,125,BLK_125C,4,베이36B 론지용접,7,2025-12-07 10:11:44,2025-12-07 10:38:08,26.4,36B,베이36B
b200_heavy_work_r1,MSF,125,BLK_125C,4,베이36B 수정,8,2025-12-07 10:38:08,2025-12-07 11:23:44,45.6,36B,베이36B
b200_heavy_work_r1,MSF,86,BLK_86P,5,판계,1,2025-12-06 10:16:48,2025-12-06 10:46:48,30.0,,공통
b200_heavy_work_r1,MSF,86,BLK_86P,5,전면SAW,2,2025-12-07 06:07:00,2025-12-07 06:43:02,36.0,,공통
b200_heavy_work_r1,MSF,86,BLK_86P,5,TurnOver,3,2025-12-07 06:43:02,2025-12-07 06:57:26,14.4,,공통
b200_heavy_work_r1,MSF,86,BLK_86P,5,후면SAW,4,2025-12-07 08:14:07,2025-12-07 08:36:11,22.1,,공통
b200_heavy_work_r1,MSF,86,BLK_86P,5,NC,5,2025-12-07 08:56:44,2025-12-07 09:37:47,41.0,,공통
b200_heavy_work_r1,MSF,86,BLK_86P,5,베이35A 론지취부,6,2025-12-07 09:37:47,2025-12-07 10:48:35,70.8,35A,베이35A
b200_heavy_work_r1,MSF,86,BLK_86P,5,베이35A 론지용접,7,2025-12-07 10:48:35,2025-12-07 11:14:16,25.7,35A,베이35A
b200_heavy_work_r1,MSF,86,BLK_86P,5,베이35A 수정,8,2025-12-07 11:14:16,2025-12-07 11:57:13,43.0,35A,베이35A
b200_heavy_work_r1,MSF,145,BLK_145P,6,판계,1,2025-12-06 10:46:48,2025-12-06 11:43:12,56.4,,공통
b200_heavy_work_r1,MSF,145,BLK_145P,6,전면SAW,2,2025-12-07 06:43:02,2025-12-07 09:05:44,142.7,,공통
b200_heavy_work_r1,MSF,145,BLK_145P,6,TurnOver,3,2025-12-07 09:05:44,2025-12-07 09:20:08,14.4,,공통
b200_heavy_work_r1,MSF,145,BLK_145P,6,후면SAW,4,2025-12-07 09:20:08,2025-12-07 11:03:23,103.2,,공통
b200_heavy_work_r1,MSF,145,BLK_145P,6,NC,5,2025-12-07 11:03:23,2025-12-07 12:02:58,59.6,,공통
b200_heavy_work_r1,MSF,145,BLK_145P,6,베이36B 론지취부,6,2025-12-07 12:02:58,2025-12-07 12:35:58,33.0,36B,베이36B
b200_heavy_work_r1,MSF,145,BLK_145P,6,베이36B 론지용접,7,2025-12-07 12:35:58,2025-12-07 12:50:22,14.4,36B,베이36B
b200_heavy_work_r1,MSF,145,BLK_145P,6,베이36B 수정,8,2025-12-07 12:50:22,2025-12-07 13:09:34,19.2,36B,베이36B
b200_heavy_work_r1,MSF,133,BLK_133P,7,판계,1,2025-12-06 11:43:12,2025-12-06 12:13:12,30.0,,공통
b200_heavy_work_r1,MSF,133,BLK_133P,7,전면SAW,2,2025-12-07 09:05:44,2025-12-07 09:41:00,35.3,,공통
b200_heavy_work_r1,MSF,133,BLK_133P,7,TurnOver,3,2025-12-07 09:41:00,2025-12-07 09:55:24,14.4,,공통
b200_heavy_work_r1,MSF,133,BLK_133P,7,후면SAW,4,2025-12-07 11:03:23,2025-12-07 11:24:25,21.0,,공통
b200_heavy_work_r1,MSF,133,BLK_133P,7,NC,5,2025-12-07 12:02:58,2025-12-07 12:44:40,41.7,,공통
b200_heavy_work_r1,MSF,133,BLK_133P,7,베이35A 론지취부,6,2025-12-07 12:44:40,2025-12-07 14:12:16,87.6,35A,베이35A
b200_heavy_work_r1,MSF,133,BLK_133P,7,베이35A 론지용접,7,2025-12-07 14:12:16,2025-12-07 14:40:50,28.6,35A,베이35A
b200_heavy_work_r1,MSF,133,BLK_133P,7,베이35A 수정,8,2025-12-07 14:40:50,2025-12-07 15:34:21,53.5,35A,베이35A
b200_heavy_work_r1,MSF,103,BLK_103P,8,판계,1,2025-12-06 12:13:12,2025-12-06 12:46:48,33.6,,공통
b200_heavy_work_r1,MSF,103,BLK_103P,8,전면SAW,2,2025-12-07 09:41:00,2025-12-07 11:21:54,100.9,,공통
b200_heavy_work_r1,MSF,103,BLK_103P,8,TurnOver,3,2025-12-07 11:21:54,2025-12-07 11:36:18,14.4,,공통
b200_heavy_work_r1,MSF,103,BLK_103P,8,후면SAW,4,2025-12-07 11:36:18,2025-12-07 12:53:36,77.3,,공통
b200_heavy_work_r1,MSF,103,BLK_103P,8,NC,5,2025-12-07 12:53:36,2025-12-07 13:31:32,37.9,,공통
b200_heavy_work_r1,MSF,103,BLK_103P,8,베이36B 론지취부,6,2025-12-07 13:31:32,2025-12-07 14:17:08,45.6,36B,베이36B
b200_heavy_work_r1,MSF,103,BLK_103P,8,베이36B 론지용접,7,2025-12-07 14:17:08,2025-12-07 14:38:30,21.4,36B,베이36B
b200_heavy_work_r1,MSF,103,BLK_103P,8,베이36B 수정,8,2025-12-07 14:38:30,2025-12-07 15:05:37,27.1,36B,베이36B
b200_heavy_work_r1,MSF,192,BLK_133S,9,판계,1,2025-12-06 12:46:48,2025-12-06 13:16:48,30.0,,공통
b200_heavy_work_r1,MSF,192,BLK_133S,9,전면SAW,2,2025-12-07 11:21:54,2025-12-07 11:57:10,35.3,,공통
b200_heavy_work_r1,MSF,192,BLK_133S,9,TurnOver,3,2025-12-07 11:57:10,2025-12-07 12:11:34,14.4,,공통
b200_heavy_work_r1,MSF,192,BLK_133S,9,후면SAW,4,2025-12-07 12:53:36,2025-12-07 13:14:39,21.0,,공통
b200_heavy_work_r1,MSF,192,BLK_133S,9,NC,5,2025-12-07 13:31:32,2025-12-07 14:13:14,41.7,,공통
b200_heavy_work_r1,MSF,192,BLK_133S,9,베이35A 론지취부,6,2025-12-07 14:13:14,2025-12-07 15:40:50,87.6,35A,베이35A
b200_heavy_work_r1,MSF,192,BLK_133S,9,베이35A 론지용접,7,2025-12-07 15:40:50,2025-12-07 16:09:24,28.6,35A,베이35A
b200_heavy_work_r1,MSF,192,BLK_133S,9,베이35A 수정,8,2025-12-07 16:09:24,2025-12-07 17:02:55,53.5,35A,베이35A
b200_heavy_work_r1,MSF,15,BLK_15S,10,판계,1,2025-12-06 13:16:48,2025-12-06 13:56:24,39.6,,공통
b200_heavy_work_r1,MSF,15,BLK_15S,10,전면SAW,2,2025-12-07 11:57:10,2025-12-07 13:33:49,96.7,,공통
b200_heavy_work_r1,MSF,15,BLK_15S,10,TurnOver,3,2025-12-07 13:33:49,2025-12-07 13:48:13,14.4,,공통
b200_heavy_work_r1,MSF,15,BLK_15S,10,후면SAW,4,2025-12-07 13:48:13,2025-12-07 15:01:40,73.4,,공통
b200_heavy_work_r1,MSF,15,BLK_15S,10,NC,5,2025-12-07 15:01:40,2025-12-07 15:48:19,46.7,,공통
b200_heavy_work_r1,MSF,15,BLK_15S,10,베이36B 론지취부,6,2025-12-07 15:48:19,2025-12-07 16:42:19,54.0,36B,베이36B
b200_heavy_work_r1,MSF,15,BLK_15S,10,베이36B 론지용접,7,2025-12-07 16:42:19,2025-12-07 17:05:07,22.8,36B,베이36B
b200_heavy_work_r1,MSF,15,BLK_15S,10,베이36B 수정,8,2025-12-07 17:05:07,2025-12-07 17:37:31,32.4,36B,베이36B
b200_heavy_work_r1,MSF,90,BLK_90S,11,판계,1,2025-12-06 13:56:24,2025-12-06 14:10:48,14.4,,공통
b200_heavy_work_r1,MSF,90,BLK_90S,11,전면SAW,2,2025-12-07 13:33:49,2025-12-07 14:16:53,43.1,,공통
b200_heavy_work_r1,MSF,90,BLK_90S,11,TurnOver,3,2025-12-07 14:16:53,2025-12-07 14:31:17,14.4,,공통
b200_heavy_work_r1,MSF,90,BLK_90S,11,후면SAW,4,2025-12-07 15:01:40,2025-12-07 15:32:58,31.3,,공통
b200_heavy_work_r1,MSF,90,BLK_90S,11,NC,5,2025-12-07 15:48:19,2025-12-07 16:12:42,24.4,,공통
b200_heavy_work_r1,MSF,90,BLK_90S,11,베이35A 론지취부,6,2025-12-07 16:12:42,2025-12-07 16:54:06,41.4,35A,베이35A
b200_heavy_work_r1,MSF,90,BLK_90S,11,베이35A 론지용접,7,2025-12-07 16:54:06,2025-12-07 17:09:56,15.8,35A,베이35A
b200_heavy_work_r1,MSF,90,BLK_90S,11,베이35A 수정,8,2025-12-07 17:09:56,2025-12-07 17:34:25,24.5,35A,베이35A
b200_heavy_work_r1,MSF,80,BLK_80C,12,판계,1,2025-12-06 14:10:48,2025-12-06 14:44:24,33.6,,공통
b200_heavy_work_r1,MSF,80,BLK_80C,12,전면SAW,2,2025-12-07 14:16:53,2025-12-07 16:03:30,106.6,,공통
b200_heavy_work_r1,MSF,80,BLK_80C,12,TurnOver,3,2025-12-07 16:03:30,2025-12-07 16:17:54,14.4,,공통
b200_heavy_work_r1,MSF,80,BLK_80C,12,후면SAW,4,2025-12-07 16:17:54,2025-12-07 18:00:37,102.7,,공통
b200_heavy_work_r1,MSF,80,BLK_80C,12,NC,5,2025-12-07 18:00:37,2025-12-07 18:38:06,37.5,,공통
b200_heavy_work_r1,MSF,80,BLK_80C,12,베이36B 론지취부,6,2025-12-07 18:38:06,2025-12-07 19:25:25,47.3,36B,베이36B
b200_heavy_work_r1,MSF,80,BLK_80C,12,베이36B 론지용접,7,2025-12-07 19:25:25,2025-12-07 19:43:32,18.1,36B,베이36B
b200_heavy_work_r1,MSF,80,BLK_80C,12,베이36B 수정,8,2025-12-07 19:43:32,2025-12-07 20:08:00,24.5,36B,베이36B
b200_heavy_work_r1,MSF,96,BLK_96C,1,판계,1,2025-12-07 08:00:00,2025-12-07 08:48:00,48.0,,공통
b200_heavy_work_r1,MSF,96,BLK_96C,1,전면SAW,2,2025-12-07 16:03:30,2025-12-07 19:15:21,191.9,,공통
b200_heavy_work_r1,MSF,96,BLK_96C,1,TurnOver,3,2025-12-07 19:15:21,2025-12-07 19:29:45,14.4,,공통
b200_heavy_work_r1,MSF,96,BLK_96C,1,후면SAW,4,2025-12-07 19:29:45,2025-12-07 21:51:23,141.6,,공통
b200_heavy_work_r1,MSF,96,BLK_96C,1,NC,5,2025-12-07 21:51:23,2025-12-07 22:47:34,56.2,,공통
b200_heavy_work_r1,MSF,96,BLK_96C,1,베이35A 론지취부,6,2025-12-07 22:47:34,2025-12-08 00:10:58,83.4,35A,베이35A
b200_heavy_work_r1,MSF,96,BLK_96C,1,베이35A 론지용접,7,2025-12-08 00:10:58,2025-12-08 00:38:49,27.8,35A,베이35A
b200_heavy_work_r1,MSF,96,BLK_96C,1,베이35A 수정,8,2025-12-08 00:38:49,2025-12-08 01:29:42,50.9,35A,베이35A
b200_heavy_work_r1,MSF,26,BLK_26P,2,판계,1,2025-12-07 08:48:00,2025-12-07 09:24:00,36.0,,공통
b200_heavy_work_r1,MSF,26,BLK_26P,2,전면SAW,2,2025-12-07 19:15:21,2025-12-07 19:50:19,35.0,,공통
b200_heavy_work_r1,MSF,26,BLK_26P,2,TurnOver,3,2025-12-07 19:50:19,2025-12-07 20:04:43,14.4,,공통
b200_heavy_work_r1,MSF,26,BLK_26P,2,후면SAW,4,2025-12-07 21:51:23,2025-12-07 22:12:02,20.7,,공통
b200_heavy_work_r1,MSF,26,BLK_26P,2,NC,5,2025-12-07 22:47:34,2025-12-07 23:35:29,47.9,,공통
b200_heavy_work_r1,MSF,26,BLK_26P,2,베이36B 론지취부,6,2025-12-07 23:35:29,2025-12-08 00:29:29,54.0,36B,베이36B
b200_heavy_work_r1,MSF,26,BLK_26P,2,베이36B 론지용접,7,2025-12-08 00:29:29,2025-12-08 00:52:17,22.8,36B,베이36B
b200_heavy_work_r1,MSF,26,BLK_26P,2,베이36B 수정,8,2025-12-08 00:52:17,2025-12-08 01:24:41,32.4,36B,베이36B
b200_heavy_work_r1,MSF,35,BLK_35P,3,판계,1,2025-12-07 09:24:00,2025-12-07 10:03:36,39.6,,공통
b200_heavy_work_r1,MSF,35,BLK_35P,3,전면SAW,2,2025-12-07 19:50:19,2025-12-07 21:47:16,116.9,,공통
b200_heavy_work_r1,MSF,35,BLK_35P,3,TurnOver,3,2025-12-07 21:47:16,2025-12-07 22:01:40,14.4,,공통
b200_heavy_work_r1,MSF,35,BLK_35P,3,후면SAW,4,2025-12-07 22:12:02,2025-12-08 00:06:48,114.8,,공통
b200_heavy_work_r1,MSF,35,BLK_35P,3,NC,5,2025-12-08 00:06:48,2025-12-08 00:57:08,50.3,,공통
b200_heavy_work_r1,MSF,35,BLK_35P,3,베이35A 론지취부,6,2025-12-08 00:57:08,2025-12-08 02:12:08,75.0,35A,베이35A
b200_heavy_work_r1,MSF,35,BLK_35P,3,베이35A 론지용접,7,2025-12-08 02:12:08,2025-12-08 02:38:32,26.4,35A,베이35A
b200_heavy_work_r1,MSF,35,BLK_35P,3,베이35A 수정,8,2025-12-08 02:38:32,2025-12-08 03:24:08,45.6,35A,베이35A
b200_heavy_work_r1,MSF,3,BLK_3C,4,판계,1,2025-12-07 10:03:36,2025-12-07 10:39:36,36.0,,공통
b200_heavy_work_r1,MSF,3,BLK_3C,4,전면SAW,2,2025-12-07 21:47:16,2025-12-07 22:26:03,38.8,,공통
b200_heavy_work_r1,MSF,3,BLK_3C,4,TurnOver,3,2025-12-07 22:26:03,2025-12-07 22:40:27,14.4,,공통
b200_heavy_work_r1,MSF,3,BLK_3C,4,후면SAW,4,2025-12-08 00:06:48,2025-12-08 00:32:29,25.7,,공통
b200_heavy_work_r1,MSF,3,BLK_3C,4,NC,5,2025-12-08 00:57:08,2025-12-08 01:48:41,51.5,,공통
b200_heavy_work_r1,MSF,3,BLK_3C,4,베이36B 론지취부,6,2025-12-08 01:48:41,2025-12-08 03:16:17,87.6,36B,베이36B
b200_heavy_work_r1,MSF,3,BLK_3C,4,베이36B 론지용접,7,2025-12-08 03:16:17,2025-12-08 03:44:50,28.6,36B,베이36B
b200_heavy_work_r1,MSF,3,BLK_3C,4,베이36B 수정,8,2025-12-08 03:44:50,2025-12-08 04:38:21,53.5,36B,베이36B
b200_heavy_work_r1,MSF,78,BLK_78C,5,판계,1,2025-12-07 10:39:36,2025-12-07 11:48:00,68.4,,공통
b200_heavy_work_r1,MSF,78,BLK_78C,5,전면SAW,2,2025-12-07 22:26:03,2025-12-08 02:14:03,228.0,,공통
b200_heavy_work_r1,MSF,78,BLK_78C,5,TurnOver,3,2025-12-08 02:14:03,2025-12-08 02:28:27,14.4,,공통
b200_heavy_work_r1,MSF,78,BLK_78C,5,후면SAW,4,2025-12-08 02:28:27,2025-12-08 05:46:27,198.0,,공통
b200_heavy_work_r1,MSF,78,BLK_78C,5,NC,5,2025-12-08 05:46:27,2025-12-08 07:09:00,82.5,,공통
b200_heavy_work_r1,MSF,78,BLK_78C,5,베이35A 론지취부,6,2025-12-08 07:09:00,2025-12-08 09:06:00,117.0,35A,베이35A
b200_heavy_work_r1,MSF,78,BLK_78C,5,베이35A 론지용접,7,2025-12-08 09:06:00,2025-12-08 09:39:36,33.6,35A,베이35A
b200_heavy_work_r1,MSF,78,BLK_78C,5,베이35A 수정,8,2025-12-08 09:39:36,2025-12-08 10:51:36,72.0,35A,베이35A
b200_heavy_work_r1,MSF,85,BLK_85C,6,판계,1,2025-12-07 11:48:00,2025-12-07 12:24:00,36.0,,공통
b200_heavy_work_r1,MSF,85,BLK_85C,6,전면SAW,2,2025-12-08 02:14:03,2025-12-08 02:52:23,38.3,,공통
b200_heavy_work_r1,MSF,85,BLK_85C,6,TurnOver,3,2025-12-08 02:52:23,2025-12-08 03:06:47,14.4,,공통
b200_heavy_work_r1,MSF,85,BLK_85C,6,후면SAW,4,2025-12-08 05:46:27,2025-12-08 06:11:32,25.1,,공통
b200_heavy_work_r1,MSF,85,BLK_85C,6,NC,5,2025-12-08 07:09:00,2025-12-08 08:05:16,56.3,,공통
b200_heavy_work_r1,MSF,85,BLK_85C,6,베이36B 론지취부,6,2025-12-08 08:05:16,2025-12-08 09:20:16,75.0,36B,베이36B
b200_heavy_work_r1,MSF,85,BLK_85C,6,베이36B 론지용접,7,2025-12-08 09:20:16,2025-12-08 09:46:40,26.4,36B,베이36B
b200_heavy_work_r1,MSF,85,BLK_85C,6,베이36B 수정,8,2025-12-08 09:46:40,2025-12-08 10:32:16,45.6,36B,베이36B
b200_heavy_work_r1,MSF,104,BLK_104P,7,판계,1,2025-12-07 12:24:00,2025-12-07 13:09:36,45.6,,공통
b200_heavy_work_r1,MSF,104,BLK_104P,7,전면SAW,2,2025-12-08 02:52:23,2025-12-08 05:13:49,141.4,,공통
b200_heavy_work_r1,MSF,104,BLK_104P,7,TurnOver,3,2025-12-08 05:13:49,2025-12-08 05:28:13,14.4,,공통
b200_heavy_work_r1,MSF,104,BLK_104P,7,후면SAW,4,2025-12-08 06:11:32,2025-12-08 08:05:48,114.3,,공통
b200_heavy_work_r1,MSF,104,BLK_104P,7,NC,5,2025-12-08 08:05:48,2025-12-08 09:02:52,57.1,,공통
b200_heavy_work_r1,MSF,104,BLK_104P,7,베이35A 론지취부,6,2025-12-08 09:06:00,2025-12-08 10:16:48,70.8,35A,베이35A
b200_heavy_work_r1,MSF,104,BLK_104P,7,베이35A 론지용접,7,2025-12-08 10:16:48,2025-12-08 10:42:28,25.7,35A,베이35A
b200_heavy_work_r1,MSF,104,BLK_104P,7,베이35A 수정,8,2025-12-08 10:51:36,2025-12-08 11:34:33,43.0,35A,베이35A
b200_heavy_work_r1,MSF,94,BLK_94S,8,판계,1,2025-12-07 13:09:36,2025-12-07 13:45:36,36.0,,공통
b200_heavy_work_r1,MSF,94,BLK_94S,8,전면SAW,2,2025-12-08 05:13:49,2025-12-08 06:03:02,49.2,,공통
b200_heavy_work_r1,MSF,94,BLK_94S,8,TurnOver,3,2025-12-08 06:03:02,2025-12-08 06:17:26,14.4,,공통
b200_heavy_work_r1,MSF,94,BLK_94S,8,후면SAW,4,2025-12-08 08:05:48,2025-12-08 08:45:13,39.4,,공통
b200_heavy_work_r1,MSF,94,BLK_94S,8,NC,5,2025-12-08 09:02:52,2025-12-08 10:00:56,58.1,,공통
b200_heavy_work_r1,MSF,94,BLK_94S,8,베이36B 론지취부,6,2025-12-08 10:00:56,2025-12-08 11:49:32,108.6,36B,베이36B
b200_heavy_work_r1,MSF,94,BLK_94S,8,베이36B 론지용접,7,2025-12-08 11:49:32,2025-12-08 12:21:42,32.2,36B,베이36B
b200_heavy_work_r1,MSF,94,BLK_94S,8,베이36B 수정,8,2025-12-08 12:21:42,2025-12-08 13:28:25,66.7,36B,베이36B
b200_heavy_work_r1,MSF,31,BLK_31S,9,판계,1,2025-12-07 13:45:36,2025-12-07 14:00:00,14.4,,공통
b200_heavy_work_r1,MSF,31,BLK_31S,9,전면SAW,2,2025-12-08 06:03:02,2025-12-08 06:54:48,51.8,,공통
b200_heavy_work_r1,MSF,31,BLK_31S,9,TurnOver,3,2025-12-08 06:54:48,2025-12-08 07:09:12,14.4,,공통
b200_heavy_work_r1,MSF,31,BLK_31S,9,후면SAW,4,2025-12-08 08:45:13,2025-12-08 09:27:59,42.8,,공통
b200_heavy_work_r1,MSF,31,BLK_31S,9,NC,5,2025-12-08 10:00:56,2025-12-08 10:26:10,25.2,,공통
b200_heavy_work_r1,MSF,31,BLK_31S,9,베이35A 론지취부,6,2025-12-08 10:26:10,2025-12-08 11:11:46,45.6,35A,베이35A
b200_heavy_work_r1,MSF,31,BLK_31S,9,베이35A 론지용접,7,2025-12-08 11:11:46,2025-12-08 11:28:19,16.6,35A,베이35A
b200_heavy_work_r1,MSF,31,BLK_31S,9,베이35A 수정,8,2025-12-08 11:34:33,2025-12-08 12:01:40,27.1,35A,베이35A
b200_heavy_work_r1,MSF,144,BLK_144C,10,판계,1,2025-12-07 14:00:00,2025-12-07 14:14:24,14.4,,공통
b200_heavy_work_r1,MSF,144,BLK_144C,10,전면SAW,2,2025-12-08 06:54:48,2025-12-08 07:46:46,52.0,,공통
b200_heavy_work_r1,MSF,144,BLK_144C,10,TurnOver,3,2025-12-08 07:46:46,2025-12-08 08:01:10,14.4,,공통
b200_heavy_work_r1,MSF,144,BLK_144C,10,후면SAW,4,2025-12-08 09:27:59,2025-12-08 10:11:01,43.0,,공통
b200_heavy_work_r1,MSF,144,BLK_144C,10,NC,5,2025-12-08 10:26:10,2025-12-08 10:51:00,24.8,,공통
b200_heavy_work_r1,MSF,144,BLK_144C,10,베이36B 론지취부,6,2025-12-08 11:49:32,2025-12-08 12:47:44,58.2,36B,베이36B
b200_heavy_work_r1,MSF,144,BLK_144C,10,베이36B 론지용접,7,2025-12-08 12:47:44,2025-12-08 13:11:16,23.5,36B,베이36B
b200_heavy_work_r1,MSF,144,BLK_144C,10,베이36B 수정,8,2025-12-08 13:28:25,2025-12-08 14:03:28,35.0,36B,베이36B
b200_heavy_work_r1,MSF,136,BLK_136P,1,판계,1,2025-12-08 08:00:00,2025-12-08 08:45:36,45.6,,공통
b200_heavy_work_r1,MSF,136,BLK_136P,1,전면SAW,2,2025-12-08 08:45:36,2025-12-08 10:46:50,121.2,,공통
b200_heavy_work_r1,MSF,136,BLK_136P,1,TurnOver,3,2025-12-08 10:46:50,2025-12-08 11:01:14,14.4,,공통
b200_heavy_work_r1,MSF,136,BLK_136P,1,후면SAW,4,2025-12-08 11:01:14,2025-12-08 12:37:04,95.8,,공통
b200_heavy_work_r1,MSF,136,BLK_136P,1,NC,5,2025-12-08 12:37:04,2025-12-08 13:32:43,55.6,,공통
b200_heavy_work_r1,MSF,136,BLK_136P,1,베이35A 론지취부,6,2025-12-08 13:32:43,2025-12-08 15:00:19,87.6,35A,베이35A
b200_heavy_work_r1,MSF,136,BLK_136P,1,베이35A 론지용접,7,2025-12-08 15:00:19,2025-12-08 15:28:53,28.6,35A,베이35A
b200_heavy_work_r1,MSF,136,BLK_136P,1,베이35A 수정,8,2025-12-08 15:28:53,2025-12-08 16:22:24,53.5,35A,베이35A
b200_heavy_work_r1,MSF,95,BLK_95C,2,판계,1,2025-12-08 08:45:36,2025-12-08 09:21:36,36.0,,공통
b200_heavy_work_r1,MSF,95,BLK_95C,2,전면SAW,2,2025-12-08 10:46:50,2025-12-08 11:20:34,33.7,,공통
b200_heavy_work_r1,MSF,95,BLK_95C,2,TurnOver,3,2025-12-08 11:20:34,2025-12-08 11:34:58,14.4,,공통
b200_heavy_work_r1,MSF,95,BLK_95C,2,후면SAW,4,2025-12-08 12:37:04,2025-12-08 12:56:08,19.1,,공통
b200_heavy_work_r1,MSF,95,BLK_95C,2,NC,5,2025-12-08 13:32:43,2025-12-08 14:24:29,51.8,,공통
b200_heavy_work_r1,MSF,95,BLK_95C,2,베이36B 론지취부,6,2025-12-08 14:24:29,2025-12-08 15:10:05,45.6,36B,베이36B
b200_heavy_work_r1,MSF,95,BLK_95C,2,베이36B 론지용접,7,2025-12-08 15:10:05,2025-12-08 15:31:27,21.4,36B,베이36B
b200_heavy_work_r1,MSF,95,BLK_95C,2,베이36B 수정,8,2025-12-08 15:31:27,2025-12-08 15:58:34,27.1,36B,베이36B
b200_heavy_work_r1,MSF,69,BLK_69C,3,판계,1,2025-12-08 09:21:36,2025-12-08 09:57:36,36.0,,공통
b200_heavy_work_r1,MSF,69,BLK_69C,3,전면SAW,2,2025-12-08 11:20:34,2025-12-08 13:01:02,100.5,,공통
b200_heavy_work_r1,MSF,69,BLK_69C,3,TurnOver,3,2025-12-08 13:01:02,2025-12-08 13:15:26,14.4,,공통
b200_heavy_work_r1,MSF,69,BLK_69C,3,후면SAW,4,2025-12-08 13:15:26,2025-12-08 14:32:21,76.9,,공통
b200_heavy_work_r1,MSF,69,BLK_69C,3,NC,5,2025-12-08 14:32:21,2025-12-08 15:34:18,62.0,,공통
b200_heavy_work_r1,MSF,69,BLK_69C,3,베이35A 론지취부,6,2025-12-08 15:34:18,2025-12-08 16:57:42,83.4,35A,베이35A
b200_heavy_work_r1,MSF,69,BLK_69C,3,베이35A 론지용접,7,2025-12-08 16:57:42,2025-12-08 17:25:32,27.8,35A,베이35A
b200_heavy_work_r1,MSF,69,BLK_69C,3,베이35A 수정,8,2025-12-08 17:25:32,2025-12-08 18:16:25,50.9,35A,베이35A
b200_heavy_work_r1,MSF,106,BLK_106P,4,판계,1,2025-12-08 09:57:36,2025-12-08 10:33:36,36.0,,공통
b200_heavy_work_r1,MSF,106,BLK_106P,4,전면SAW,2,2025-12-08 13:01:02,2025-12-08 13:38:02,37.0,,공통
b200_heavy_work_r1,MSF,106,BLK_106P,4,TurnOver,3,2025-12-08 13:38:02,2025-12-08 13:52:26,14.4,,공통
b200_heavy_work_r1,MSF,106,BLK_106P,4,후면SAW,4,2025-12-08 14:32:21,2025-12-08 14:55:41,23.3,,공통
b200_heavy_work_r1,MSF,106,BLK_106P,4,NC,5,2025-12-08 15:34:18,2025-12-08 16:30:48,56.5,,공통
b200_heavy_work_r1,MSF,106,BLK_106P,4,베이36B 론지취부,6,2025-12-08 16:30:48,2025-12-08 18:19:24,108.6,36B,베이36B
b200_heavy_work_r1,MSF,106,BLK_106P,4,베이36B 론지용접,7,2025-12-08 18:19:24,2025-12-08 18:51:33,32.2,36B,베이36B
b200_heavy_work_r1,MSF,106,BLK_106P,4,베이36B 수정,8,2025-12-08 18:51:33,2025-12-08 19:58:17,66.7,36B,베이36B
b200_heavy_work_r1,MSF,118,BLK_118P,5,판계,1,2025-12-08 10:33:36,2025-12-08 11:09:36,36.0,,공통
b200_heavy_work_r1,MSF,118,BLK_118P,5,전면SAW,2,2025-12-08 13:38:02,2025-12-08 14:08:39,30.6,,공통
b200_heavy_work_r1,MSF,118,BLK_118P,5,TurnOver,3,2025-12-08 14:08:39,2025-12-08 14:23:03,14.4,,공통
b200_heavy_work_r1,MSF,118,BLK_118P,5,후면SAW,4,2025-12-08 14:55:41,2025-12-08 15:11:17,15.6,,공통
b200_heavy_work_r1,MSF,118,BLK_118P,5,NC,5,2025-12-08 16:30:48,2025-12-08 17:19:22,48.6,,공통
b200_heavy_work_r1,MSF,118,BLK_118P,5,베이35A 론지취부,6,2025-12-08 17:19:22,2025-12-08 17:48:10,28.8,35A,베이35A
b200_heavy_work_r1,MSF,118,BLK_118P,5,베이35A 론지용접,7,2025-12-08 17:48:10,2025-12-08 18:06:39,18.5,35A,베이35A
b200_heavy_work_r1,MSF,118,BLK_118P,5,베이35A 수정,8,2025-12-08 18:16:25,2025-12-08 18:32:59,16.6,35A,베이35A
b200_heavy_work_r1,MSF,18,BLK_18C,6,판계,1,2025-12-08 11:09:36,2025-12-08 12:03:36,54.0,,공통
b200_heavy_work_r1,MSF,18,BLK_18C,6,전면SAW,2,2025-12-08 14:08:39,2025-12-08 14:52:49,44.2,,공통
b200_heavy_work_r1,MSF,18,BLK_18C,6,TurnOver,3,2025-12-08 14:52:49,2025-12-08 15:07:13,14.4,,공통
b200_heavy_work_r1,MSF,18,BLK_18C,6,후면SAW,4,2025-12-08 15:11:17,2025-12-08 15:44:03,32.8,,공통
b200_heavy_work_r1,MSF,18,BLK_18C,6,NC,5,2025-12-08 17:19:22,2025-12-08 18:21:08,61.8,,공통
b200_heavy_work_r1,MSF,18,BLK_18C,6,베이36B 론지취부,6,2025-12-08 18:21:08,2025-12-08 19:40:20,79.2,36B,베이36B
b200_heavy_work_r1,MSF,18,BLK_18C,6,베이36B 론지용접,7,2025-12-08 19:40:20,2025-12-08 20:07:27,27.1,36B,베이36B
b200_heavy_work_r1,MSF,18,BLK_18C,6,베이36B 수정,8,2025-12-08 20:07:27,2025-12-08 20:55:42,48.2,36B,베이36B
b200_heavy_work_r1,MSF,34,BLK_34S,7,판계,1,2025-12-08 12:03:36,2025-12-08 13:06:00,62.4,,공통
b200_heavy_work_r1,MSF,34,BLK_34S,7,전면SAW,2,2025-12-08 14:52:49,2025-12-08 16:58:27,125.6,,공통
b200_heavy_work_r1,MSF,34,BLK_34S,7,TurnOver,3,2025-12-08 16:58:27,2025-12-08 17:12:51,14.4,,공통
b200_heavy_work_r1,MSF,34,BLK_34S,7,후면SAW,4,2025-12-08 17:12:51,2025-12-08 19:17:45,124.9,,공통
b200_heavy_work_r1,MSF,34,BLK_34S,7,NC,5,2025-12-08 19:17:45,2025-12-08 20:42:22,84.6,,공통
b200_heavy_work_r1,MSF,34,BLK_34S,7,베이36B 론지취부,6,2025-12-08 20:42:22,2025-12-08 22:39:22,117.0,36B,베이36B
b200_heavy_work_r1,MSF,34,BLK_34S,7,베이36B 론지용접,7,2025-12-08 22:39:22,2025-12-08 23:12:58,33.6,36B,베이36B
b200_heavy_work_r1,MSF,34,BLK_34S,7,베이36B 수정,8,2025-12-08 23:12:58,2025-12-09 00:24:58,72.0,36B,베이36B
b200_heavy_work_r1,MSF,115,BLK_115P,8,판계,1,2025-12-08 13:06:00,2025-12-08 13:20:24,14.4,,공통
b200_heavy_work_r1,MSF,115,BLK_115P,8,전면SAW,2,2025-12-08 16:58:27,2025-12-08 17:55:22,56.9,,공통
b200_heavy_work_r1,MSF,115,BLK_115P,8,TurnOver,3,2025-12-08 17:55:22,2025-12-08 18:09:46,14.4,,공통
b200_heavy_work_r1,MSF,115,BLK_115P,8,후면SAW,4,2025-12-08 19:17:45,2025-12-08 20:07:18,49.5,,공통
b200_heavy_work_r1,MSF,115,BLK_115P,8,NC,5,2025-12-08 20:42:22,2025-12-08 21:07:40,25.3,,공통
b200_heavy_work_r1,MSF,115,BLK_115P,8,베이35A 론지취부,6,2025-12-08 21:07:40,2025-12-08 21:53:16,45.6,35A,베이35A
b200_heavy_work_r1,MSF,115,BLK_115P,8,베이35A 론지용접,7,2025-12-08 21:53:16,2025-12-08 22:09:50,16.6,35A,베이35A
b200_heavy_work_r1,MSF,115,BLK_115P,8,베이35A 수정,8,2025-12-08 22:09:50,2025-12-08 22:36:57,27.1,35A,베이35A
b200_heavy_work_r1,MSF,39,BLK_39C,9,판계,1,2025-12-08 13:20:24,2025-12-08 13:54:00,33.6,,공통
b200_heavy_work_r1,MSF,39,BLK_39C,9,전면SAW,2,2025-12-08 17:55:22,2025-12-08 19:55:17,119.9,,공통
b200_heavy_work_r1,MSF,39,BLK_39C,9,TurnOver,3,2025-12-08 19:55:17,2025-12-08 20:09:41,14.4,,공통
b200_heavy_work_r1,MSF,39,BLK_39C,9,후면SAW,4,2025-12-08 20:09:41,2025-12-08 21:44:19,94.6,,공통
b200_heavy_work_r1,MSF,39,BLK_39C,9,NC,5,2025-12-08 21:44:19,2025-12-08 22:25:09,40.8,,공통
b200_heavy_work_r1,MSF,39,BLK_39C,9,베이36B 론지취부,6,2025-12-08 22:39:22,2025-12-08 23:20:46,41.4,36B,베이36B
b200_heavy_work_r1,MSF,39,BLK_39C,9,베이36B 론지용접,7,2025-12-08 23:20:46,2025-12-08 23:41:24,20.6,36B,베이36B
b200_heavy_work_r1,MSF,39,BLK_39C,9,베이36B 수정,8,2025-12-09 00:24:58,2025-12-09 00:49:27,24.5,36B,베이36B
b200_heavy_work_r1,MSF,30,BLK_30P,10,판계,1,2025-12-08 13:54:00,2025-12-08 14:08:24,14.4,,공통
b200_heavy_work_r1,MSF,30,BLK_30P,10,전면SAW,2,2025-12-08 19:55:17,2025-12-08 20:43:06,47.8,,공통
b200_heavy_work_r1,MSF,30,BLK_30P,10,TurnOver,3,2025-12-08 20:43:06,2025-12-08 20:57:30,14.4,,공통
b200_heavy_work_r1,MSF,30,BLK_30P,10,후면SAW,4,2025-12-08 21:44:19,2025-12-08 22:21:54,37.6,,공통
b200_heavy_work_r1,MSF,30,BLK_30P,10,NC,5,2025-12-08 22:25:09,2025-12-08 22:49:37,24.5,,공통
b200_heavy_work_r1,MSF,30,BLK_30P,10,베이35A 론지취부,6,2025-12-08 22:49:37,2025-12-08 23:43:37,54.0,35A,베이35A
b200_heavy_work_r1,MSF,30,BLK_30P,10,베이35A 론지용접,7,2025-12-08 23:43:37,2025-12-09 00:01:37,18.0,35A,베이35A
b200_heavy_work_r1,MSF,30,BLK_30P,10,베이35A 수정,8,2025-12-09 00:01:37,2025-12-09 00:34:01,32.4,35A,베이35A
b200_heavy_work_r1,MSF,58,BLK_58C,11,판계,1,2025-12-08 14:08:24,2025-12-08 14:50:24,42.0,,공통
b200_heavy_work_r1,MSF,58,BLK_58C,11,전면SAW,2,2025-12-08 20:43:06,2025-12-08 22:42:48,119.7,,공통
b200_heavy_work_r1,MSF,58,BLK_58C,11,TurnOver,3,2025-12-08 22:42:48,2025-12-08 22:57:12,14.4,,공통
b200_heavy_work_r1,MSF,58,BLK_58C,11,후면SAW,4,2025-12-08 22:57:12,2025-12-09 00:21:06,83.9,,공통
b200_heavy_work_r1,MSF,58,BLK_58C,11,NC,5,2025-12-09 00:21:06,2025-12-09 01:04:19,43.2,,공통
b200_heavy_work_r1,MSF,58,BLK_58C,11,베이36B 론지취부,6,2025-12-09 01:04:19,2025-12-09 01:37:19,33.0,36B,베이36B
b200_heavy_work_r1,MSF,58,BLK_58C,11,베이36B 론지용접,7,2025-12-09 01:37:19,2025-12-09 01:56:31,19.2,36B,베이36B
b200_heavy_work_r1,MSF,58,BLK_58C,11,베이36B 수정,8,2025-12-09 01:56:31,2025-12-09 02:15:43,19.2,36B,베이36B
b200_heavy_work_r1,MSF,19,BLK_19P,12,판계,1,2025-12-08 14:50:24,2025-12-08 15:20:24,30.0,,공통
b200_heavy_work_r1,MSF,19,BLK_19P,12,전면SAW,2,2025-12-08 22:42:48,2025-12-08 23:22:44,39.9,,공통
b200_heavy_work_r1,MSF,19,BLK_19P,12,TurnOver,3,2025-12-08 23:22:44,2025-12-08 23:37:08,14.4,,공통
b200_heavy_work_r1,MSF,19,BLK_19P,12,후면SAW,4,2025-12-09 00:21:06,2025-12-09 00:48:18,27.2,,공통
b200_heavy_work_r1,MSF,19,BLK_19P,12,NC,5,2025-12-09 01:04:19,2025-12-09 01:47:01,42.7,,공통
b200_heavy_work_r1,MSF,19,BLK_19P,12,베이35A 론지취부,6,2025-12-09 01:47:01,2025-12-09 03:02:01,75.0,35A,베이35A
b200_heavy_work_r1,MSF,19,BLK_19P,12,베이35A 론지용접,7,2025-12-09 03:02:01,2025-12-09 03:28:25,26.4,35A,베이35A
b200_heavy_work_r1,MSF,19,BLK_19P,12,베이35A 수정,8,2025-12-09 03:28:25,2025-12-09 04:14:01,45.6,35A,베이35A
b200_heavy_work_r1,MSF,185,BLK_185P,13,판계,1,2025-12-08 15:20:24,2025-12-08 15:54:00,33.6,,공통
b200_heavy_work_r1,MSF,185,BLK_185P,13,전면SAW,2,2025-12-08 23:22:44,2025-12-09 01:48:15,145.5,,공통
b200_heavy_work_r1,MSF,185,BLK_185P,13,TurnOver,3,2025-12-09 01:48:15,2025-12-09 02:02:39,14.4,,공통
b200_heavy_work_r1,MSF,185,BLK_185P,13,후면SAW,4,2025-12-09 02:02:39,2025-12-09 04:00:38,118.0,,공통
b200_heavy_work_r1,MSF,185,BLK_185P,13,NC,5,2025-12-09 04:00:38,2025-12-09 04:42:00,41.4,,공통
b200_heavy_work_r1,MSF,185,BLK_185P,13,베이36B 론지취부,6,2025-12-09 04:42:00,2025-12-09 05:40:12,58.2,36B,베이36B
b200_heavy_work_r1,MSF,185,BLK_185P,13,베이36B 론지용접,7,2025-12-09 05:40:12,2025-12-09 06:03:43,23.5,36B,베이36B
b200_heavy_work_r1,MSF,185,BLK_185P,13,베이36B 수정,8,2025-12-09 06:03:43,2025-12-09 06:38:46,35.0,36B,베이36B
b200_heavy_work_r1,MSF,168,BLK_168S,14,판계,1,2025-12-08 15:54:00,2025-12-08 16:24:00,30.0,,공통
b200_heavy_work_r1,MSF,168,BLK_168S,14,전면SAW,2,2025-12-09 01:48:15,2025-12-09 02:27:19,39.1,,공통
b200_heavy_work_r1,MSF,168,BLK_168S,14,TurnOver,3,2025-12-09 02:27:19,2025-12-09 02:41:43,14.4,,공통
b200_heavy_work_r1,MSF,168,BLK_168S,14,후면SAW,4,2025-12-09 04:00:38,2025-12-09 04:26:42,26.1,,공통
b200_heavy_work_r1,MSF,168,BLK_168S,14,NC,5,2025-12-09 04:42:00,2025-12-09 05:25:27,43.4,,공통
b200_heavy_work_r1,MSF,168,BLK_168S,14,베이35A 론지취부,6,2025-12-09 05:25:27,2025-12-09 06:27:51,62.4,35A,베이35A
b200_heavy_work_r1,MSF,168,BLK_168S,14,베이35A 론지용접,7,2025-12-09 06:27:51,2025-12-09 06:52:05,24.2,35A,베이35A
b200_heavy_work_r1,MSF,168,BLK_168S,14,베이35A 수정,8,2025-12-09 06:52:05,2025-12-09 07:29:46,37.7,35A,베이35A
b200_heavy_work_r1,MSF,54,BLK_54S,15,판계,1,2025-12-08 16:24:00,2025-12-08 17:03:36,39.6,,공통
b200_heavy_work_r1,MSF,54,BLK_54S,15,전면SAW,2,2025-12-09 02:27:19,2025-12-09 04:17:00,109.7,,공통
b200_heavy_work_r1,MSF,54,BLK_54S,15,TurnOver,3,2025-12-09 04:17:00,2025-12-09 04:31:24,14.4,,공통
b200_heavy_work_r1,MSF,54,BLK_54S,15,후면SAW,4,2025-12-09 04:31:24,2025-12-09 05:56:44,85.3,,공통
b200_heavy_work_r1,MSF,54,BLK_54S,15,NC,5,2025-12-09 05:56:44,2025-12-09 06:45:05,48.3,,공통
b200_heavy_work_r1,MSF,54,BLK_54S,15,베이36B 론지취부,6,2025-12-09 06:45:05,2025-12-09 08:25:17,100.2,36B,베이36B
b200_heavy_work_r1,MSF,54,BLK_54S,15,베이36B 론지용접,7,2025-12-09 08:25:17,2025-12-09 08:56:00,30.7,36B,베이36B
b200_heavy_work_r1,MSF,54,BLK_54S,15,베이36B 수정,8,2025-12-09 08:56:00,2025-12-09 09:57:26,61.4,36B,베이36B
b200_heavy_work_r1,MSF,23,BLK_23P,1,판계,1,2025-12-09 08:00:00,2025-12-09 08:36:00,36.0,,공통
b200_heavy_work_r1,MSF,23,BLK_23P,1,전면SAW,2,2025-12-09 08:36:00,2025-12-09 09:14:39,38.7,,공통
b200_heavy_work_r1,MSF,23,BLK_23P,1,TurnOver,3,2025-12-09 09:14:39,2025-12-09 09:29:03,14.4,,공통
b200_heavy_work_r1,MSF,23,BLK_23P,1,후면SAW,4,2025-12-09 09:29:03,2025-12-09 09:54:35,25.5,,공통
b200_heavy_work_r1,MSF,23,BLK_23P,1,NC,5,2025-12-09 09:54:35,2025-12-09 10:43:01,48.4,,공통
b200_heavy_work_r1,MSF,23,BLK_23P,1,베이35A 론지취부,6,2025-12-09 10:43:01,2025-12-09 11:58:01,75.0,35A,베이35A
b200_heavy_work_r1,MSF,23,BLK_23P,1,베이35A 론지용접,7,2025-12-09 11:58:01,2025-12-09 12:24:25,26.4,35A,베이35A
b200_heavy_work_r1,MSF,23,BLK_23P,1,베이35A 수정,8,2025-12-09 12:24:25,2025-12-09 13:10:01,45.6,35A,베이35A
b200_heavy_work_r1,MSF,110,BLK_110S,2,판계,1,2025-12-09 08:36:00,2025-12-09 09:15:36,39.6,,공통
b200_heavy_work_r1,MSF,110,BLK_110S,2,전면SAW,2,2025-12-09 09:15:36,2025-12-09 11:39:36,144.0,,공통
b200_heavy_work_r1,MSF,110,BLK_110S,2,TurnOver,3,2025-12-09 11:39:36,2025-12-09 11:54:00,14.4,,공통
b200_heavy_work_r1,MSF,110,BLK_110S,2,후면SAW,4,2025-12-09 11:54:00,2025-12-09 14:20:20,146.3,,공통
b200_heavy_work_r1,MSF,110,BLK_110S,2,NC,5,2025-12-09 14:20:20,2025-12-09 15:09:55,49.6,,공통
b200_heavy_work_r1,MSF,110,BLK_110S,2,베이36B 론지취부,6,2025-12-09 15:09:55,2025-12-09 16:41:43,91.8,36B,베이36B
b200_heavy_work_r1,MSF,110,BLK_110S,2,베이36B 론지용접,7,2025-12-09 16:41:43,2025-12-09 17:11:00,29.3,36B,베이36B
b200_heavy_work_r1,MSF,110,BLK_110S,2,베이36B 수정,8,2025-12-09 17:11:00,2025-12-09 18:07:09,56.2,36B,베이36B
b200_heavy_work_r1,MSF,27,BLK_27C,3,판계,1,2025-12-09 09:15:36,2025-12-09 09:51:36,36.0,,공통
b200_heavy_work_r1,MSF,27,BLK_27C,3,전면SAW,2,2025-12-09 11:39:36,2025-12-09 12:14:39,35.0,,공통
b200_heavy_work_r1,MSF,27,BLK_27C,3,TurnOver,3,2025-12-09 12:14:39,2025-12-09 12:29:03,14.4,,공통
b200_heavy_work_r1,MSF,27,BLK_27C,3,후면SAW,4,2025-12-09 14:20:20,2025-12-09 14:41:06,20.8,,공통
b200_heavy_work_r1,MSF,27,BLK_27C,3,NC,5,2025-12-09 15:09:55,2025-12-09 15:55:29,45.6,,공통
b200_heavy_work_r1,MSF,27,BLK_27C,3,베이35A 론지취부,6,2025-12-09 15:55:29,2025-12-09 17:06:17,70.8,35A,베이35A
b200_heavy_work_r1,MSF,27,BLK_27C,3,베이35A 론지용접,7,2025-12-09 17:06:17,2025-12-09 17:31:58,25.7,35A,베이35A
b200_heavy_work_r1,MSF,27,BLK_27C,3,베이35A 수정,8,2025-12-09 17:31:58,2025-12-09 18:14:55,43.0,35A,베이35A
b200_heavy_work_r1,MSF,130,BLK_130S,4,판계,1,2025-12-09 09:51:36,2025-12-09 10:39:36,48.0,,공통
b200_heavy_work_r1,MSF,130,BLK_130S,4,전면SAW,2,2025-12-09 12:14:39,2025-12-09 15:55:24,220.8,,공통
b200_heavy_work_r1,MSF,130,BLK_130S,4,TurnOver,3,2025-12-09 15:55:24,2025-12-09 16:09:48,14.4,,공통
b200_heavy_work_r1,MSF,130,BLK_130S,4,후면SAW,4,2025-12-09 16:09:48,2025-12-09 18:50:49,161.0,,공통
b200_heavy_work_r1,MSF,130,BLK_130S,4,NC,5,2025-12-09 18:50:49,2025-12-09 19:52:44,61.9,,공통
b200_heavy_work_r1,MSF,130,BLK_130S,4,베이36B 론지취부,6,2025-12-09 19:52:44,2025-12-09 21:28:44,96.0,36B,베이36B
b200_heavy_work_r1,MSF,130,BLK_130S,4,베이36B 론지용접,7,2025-12-09 21:28:44,2025-12-09 21:58:44,30.0,36B,베이36B
b200_heavy_work_r1,MSF,130,BLK_130S,4,베이36B 수정,8,2025-12-09 21:58:44,2025-12-09 22:57:32,58.8,36B,베이36B
b200_heavy_work_r1,MSF,38,BLK_38S,5,판계,1,2025-12-09 10:39:36,2025-12-09 11:15:36,36.0,,공통
b200_heavy_work_r1,MSF,38,BLK_38S,5,전면SAW,2,2025-12-09 15:55:24,2025-12-09 16:31:24,36.0,,공통
b200_heavy_work_r1,MSF,38,BLK_38S,5,TurnOver,3,2025-12-09 16:31:24,2025-12-09 16:45:48,14.4,,공통
b200_heavy_work_r1,MSF,38,BLK_38S,5,후면SAW,4,2025-12-09 18:50:49,2025-12-09 19:12:52,22.0,,공통
b200_heavy_work_r1,MSF,38,BLK_38S,5,NC,5,2025-12-09 19:52:44,2025-12-09 20:40:42,48.0,,공통
b200_heavy_work_r1,MSF,38,BLK_38S,5,베이35A 론지취부,6,2025-12-09 20:40:42,2025-12-09 21:59:54,79.2,35A,베이35A
b200_heavy_work_r1,MSF,38,BLK_38S,5,베이35A 론지용접,7,2025-12-09 21:59:54,2025-12-09 22:27:02,27.1,35A,베이35A
b200_heavy_work_r1,MSF,38,BLK_38S,5,베이35A 수정,8,2025-12-09 22:27:02,2025-12-09 23:15:16,48.2,35A,베이35A
b200_heavy_work_r1,MSF,43,BLK_43P,6,판계,1,2025-12-09 11:15:36,2025-12-09 11:51:36,36.0,,공통
b200_heavy_work_r1,MSF,43,BLK_43P,6,전면SAW,2,2025-12-09 16:31:24,2025-12-09 17:12:33,41.1,,공통
b200_heavy_work_r1,MSF,43,BLK_43P,6,TurnOver,3,2025-12-09 17:12:33,2025-12-09 17:26:57,14.4,,공통
b200_heavy_work_r1,MSF,43,BLK_43P,6,후면SAW,4,2025-12-09 19:12:52,2025-12-09 19:41:39,28.8,,공통
b200_heavy_work_r1,MSF,43,BLK_43P,6,NC,5,2025-12-09 20:40:42,2025-12-09 21:32:18,51.6,,공통
b200_heavy_work_r1,MSF,43,BLK_43P,6,베이36B 론지취부,6,2025-12-09 21:32:18,2025-12-09 23:25:06,112.8,36B,베이36B
b200_heavy_work_r1,MSF,43,BLK_43P,6,베이36B 론지용접,7,2025-12-09 23:25:06,2025-12-09 23:57:59,32.9,36B,베이36B
b200_heavy_work_r1,MSF,43,BLK_43P,6,베이36B 수정,8,2025-12-09 23:57:59,2025-12-10 01:07:21,69.4,36B,베이36B
b200_heavy_work_r1,MSF,63,BLK_63P,7,판계,1,2025-12-09 11:51:36,2025-12-09 12:37:12,45.6,,공통
b200_heavy_work_r1,MSF,63,BLK_63P,7,전면SAW,2,2025-12-09 17:12:33,2025-12-09 19:03:27,110.9,,공통
b200_heavy_work_r1,MSF,63,BLK_63P,7,TurnOver,3,2025-12-09 19:03:27,2025-12-09 19:17:51,14.4,,공통
b200_heavy_work_r1,MSF,63,BLK_63P,7,후면SAW,4,2025-12-09 19:41:39,2025-12-09 21:08:04,86.4,,공통
b200_heavy_work_r1,MSF,63,BLK_63P,7,NC,5,2025-12-09 21:32:18,2025-12-09 22:29:47,57.5,,공통
b200_heavy_work_r1,MSF,63,BLK_63P,7,베이35A 론지취부,6,2025-12-09 22:29:47,2025-12-10 00:09:59,100.2,35A,베이35A
b200_heavy_work_r1,MSF,63,BLK_63P,7,베이35A 론지용접,7,2025-12-10 00:09:59,2025-12-10 00:40:42,30.7,35A,베이35A
b200_heavy_work_r1,MSF,63,BLK_63P,7,베이35A 수정,8,2025-12-10 00:40:42,2025-12-10 01:42:09,61.4,35A,베이35A
b200_heavy_work_r1,MSF,71,BLK_71C,8,판계,1,2025-12-09 12:37:12,2025-12-09 13:13:12,36.0,,공통
b200_heavy_work_r1,MSF,71,BLK_71C,8,전면SAW,2,2025-12-09 19:03:27,2025-12-09 19:55:58,52.5,,공통
b200_heavy_work_r1,MSF,71,BLK_71C,8,TurnOver,3,2025-12-09 19:55:58,2025-12-09 20:10:22,14.4,,공통
b200_heavy_work_r1,MSF,71,BLK_71C,8,후면SAW,4,2025-12-09 21:08:04,2025-12-09 21:51:51,43.8,,공통
b200_heavy_work_r1,MSF,71,BLK_71C,8,NC,5,2025-12-09 22:29:47,2025-12-09 23:29:43,59.9,,공통
b200_heavy_work_r1,MSF,71,BLK_71C,8,베이36B 론지취부,6,2025-12-09 23:29:43,2025-12-10 01:39:19,129.6,36B,베이36B
b200_heavy_work_r1,MSF,71,BLK_71C,8,베이36B 론지용접,7,2025-12-10 01:39:19,2025-12-10 02:15:05,35.8,36B,베이36B
b200_heavy_work_r1,MSF,71,BLK_71C,8,베이36B 수정,8,2025-12-10 02:15:05,2025-12-10 03:35:00,79.9,36B,베이36B
b200_heavy_work_r1,MSF,128,BLK_128C,9,판계,1,2025-12-09 13:13:12,2025-12-09 13:58:48,45.6,,공통
b200_heavy_work_r1,MSF,128,BLK_128C,9,전면SAW,2,2025-12-09 19:55:58,2025-12-09 21:06:16,70.3,,공통
b200_heavy_work_r1,MSF,128,BLK_128C,9,TurnOver,3,2025-12-09 21:06:16,2025-12-09 21:20:40,14.4,,공통
b200_heavy_work_r1,MSF,128,BLK_128C,9,후면SAW,4,2025-12-09 21:51:51,2025-12-09 22:41:15,49.4,,공통
b200_heavy_work_r1,MSF,128,BLK_128C,9,NC,5,2025-12-09 23:29:43,2025-12-10 00:20:11,50.5,,공통
b200_heavy_work_r1,MSF,128,BLK_128C,9,베이35A 론지취부,6,2025-12-10 00:20:11,2025-12-10 00:57:23,37.2,35A,베이35A
b200_heavy_work_r1,MSF,128,BLK_128C,9,베이35A 론지용접,7,2025-12-10 00:57:23,2025-12-10 01:17:18,19.9,35A,베이35A
b200_heavy_work_r1,MSF,128,BLK_128C,9,베이35A 수정,8,2025-12-10 01:42:09,2025-12-10 02:03:59,21.8,35A,베이35A
b200_heavy_work_r1,MSF,138,BLK_138S,10,판계,1,2025-12-09 13:58:48,2025-12-09 14:52:48,54.0,,공통
b200_heavy_work_r1,MSF,138,BLK_138S,10,전면SAW,2,2025-12-09 21:06:16,2025-12-10 00:54:16,228.0,,공통
b200_heavy_work_r1,MSF,138,BLK_138S,10,TurnOver,3,2025-12-10 00:54:16,2025-12-10 01:08:40,14.4,,공통
b200_heavy_work_r1,MSF,138,BLK_138S,10,후면SAW,4,2025-12-10 01:08:40,2025-12-10 04:11:12,182.5,,공통
b200_heavy_work_r1,MSF,138,BLK_138S,10,NC,5,2025-12-10 04:11:12,2025-12-10 05:17:16,66.1,,공통
b200_heavy_work_r1,MSF,138,BLK_138S,10,베이36B 론지취부,6,2025-12-10 05:17:16,2025-12-10 07:05:52,108.6,36B,베이36B
b200_heavy_work_r1,MSF,138,BLK_138S,10,베이36B 론지용접,7,2025-12-10 07:05:52,2025-12-10 07:38:02,32.2,36B,베이36B
b200_heavy_work_r1,MSF,138,BLK_138S,10,베이36B 수정,8,2025-12-10 07:38:02,2025-12-10 08:44:45,66.7,36B,베이36B
b200_heavy_work_r1,MSF,155,BLK_155C,11,판계,1,2025-12-09 14:52:48,2025-12-09 15:28:48,36.0,,공통
b200_heavy_work_r1,MSF,155,BLK_155C,11,전면SAW,2,2025-12-10 00:54:16,2025-12-10 02:55:20,121.1,,공통
b200_heavy_work_r1,MSF,155,BLK_155C,11,TurnOver,3,2025-12-10 02:55:20,2025-12-10 03:09:44,14.4,,공통
b200_heavy_work_r1,MSF,155,BLK_155C,11,후면SAW,4,2025-12-10 04:11:12,2025-12-10 05:46:53,95.7,,공통
b200_heavy_work_r1,MSF,155,BLK_155C,11,NC,5,2025-12-10 05:46:53,2025-12-10 06:50:58,64.1,,공통
b200_heavy_work_r1,MSF,155,BLK_155C,11,베이36B 론지취부,6,2025-12-10 07:05:52,2025-12-10 08:41:52,96.0,36B,베이36B
b200_heavy_work_r1,MSF,155,BLK_155C,11,베이36B 론지용접,7,2025-12-10 08:41:52,2025-12-10 09:11:52,30.0,36B,베이36B
b200_heavy_work_r1,MSF,155,BLK_155C,11,베이36B 수정,8,2025-12-10 09:11:52,2025-12-10 10:10:40,58.8,36B,베이36B
b200_heavy_work_r1,MSF,74,BLK_74P,12,판계,1,2025-12-09 15:28:48,2025-12-09 15:43:12,14.4,,공통
b200_heavy_work_r1,MSF,74,BLK_74P,12,전면SAW,2,2025-12-10 02:55:20,2025-12-10 03:45:11,49.8,,공통
b200_heavy_work_r1,MSF,74,BLK_74P,12,TurnOver,3,2025-12-10 03:45:11,2025-12-10 03:59:35,14.4,,공통
b200_heavy_work_r1,MSF,74,BLK_74P,12,후면SAW,4,2025-12-10 05:46:53,2025-12-10 06:27:09,40.3,,공통
b200_heavy_work_r1,MSF,74,BLK_74P,12,NC,5,2025-12-10 06:50:58,2025-12-10 07:16:15,25.3,,공통
b200_heavy_work_r1,MSF,74,BLK_74P,12,베이35A 론지취부,6,2025-12-10 07:16:15,2025-12-10 08:22:51,66.6,35A,베이35A
b200_heavy_work_r1,MSF,74,BLK_74P,12,베이35A 론지용접,7,2025-12-10 08:22:51,2025-12-10 08:47:49,25.0,35A,베이35A
b200_heavy_work_r1,MSF,74,BLK_74P,12,베이35A 수정,8,2025-12-10 08:47:49,2025-12-10 09:28:08,40.3,35A,베이35A
b200_heavy_work_r1,MSF,12,BLK_12P,13,판계,1,2025-12-09 15:43:12,2025-12-09 16:15:36,32.4,,공통
b200_heavy_work_r1,MSF,12,BLK_12P,13,전면SAW,2,2025-12-10 03:45:11,2025-12-10 06:38:39,173.5,,공통
b200_heavy_work_r1,MSF,12,BLK_12P,13,TurnOver,3,2025-12-10 06:38:39,2025-12-10 06:53:03,14.4,,공통
b200_heavy_work_r1,MSF,12,BLK_12P,13,후면SAW,4,2025-12-10 06:53:03,2025-12-10 08:57:08,124.1,,공통
b200_heavy_work_r1,MSF,12,BLK_12P,13,NC,5,2025-12-10 08:57:08,2025-12-10 09:40:56,43.8,,공통
b200_heavy_work_r1,MSF,12,BLK_12P,13,베이36B 론지취부,6,2025-12-10 09:40:56,2025-12-10 10:22:20,41.4,36B,베이36B
b200_heavy_work_r1,MSF,12,BLK_12P,13,베이36B 론지용접,7,2025-12-10 10:22:20,2025-12-10 10:42:59,20.6,36B,베이36B
b200_heavy_work_r1,MSF,12,BLK_12P,13,베이36B 수정,8,2025-12-10 10:42:59,2025-12-10 11:07:27,24.5,36B,베이36B
b200_heavy_work_r1,MSF,75,BLK_75S,14,판계,1,2025-12-09 16:15:36,2025-12-09 16:30:00,14.4,,공통
b200_heavy_work_r1,MSF,75,BLK_75S,14,전면SAW,2,2025-12-10 06:38:39,2025-12-10 07:44:22,65.7,,공통
b200_heavy_work_r1,MSF,75,BLK_75S,14,TurnOver,3,2025-12-10 07:44:22,2025-12-10 07:58:46,14.4,,공통
b200_heavy_work_r1,MSF,75,BLK_75S,14,후면SAW,4,2025-12-10 08:57:08,2025-12-10 09:58:17,61.1,,공통
b200_heavy_work_r1,MSF,75,BLK_75S,14,NC,5,2025-12-10 09:58:17,2025-12-10 10:26:48,28.5,,공통
b200_heavy_work_r1,MSF,75,BLK_75S,14,베이35A 론지취부,6,2025-12-10 10:26:48,2025-12-10 11:58:36,91.8,35A,베이35A
b200_heavy_work_r1,MSF,75,BLK_75S,14,베이35A 론지용접,7,2025-12-10 11:58:36,2025-12-10 12:27:53,29.3,35A,베이35A
b200_heavy_work_r1,MSF,75,BLK_75S,14,베이35A 수정,8,2025-12-10 12:27:53,2025-12-10 13:24:02,56.2,35A,베이35A
b200_heavy_work_r1,MSF,139,BLK_139P,15,판계,1,2025-12-09 16:30:00,2025-12-09 16:54:00,24.0,,공통
b200_heavy_work_r1,MSF,139,BLK_139P,15,전면SAW,2,2025-12-10 07:44:22,2025-12-10 10:41:56,177.6,,공통
b200_heavy_work_r1,MSF,139,BLK_139P,15,TurnOver,3,2025-12-10 10:41:56,2025-12-10 10:56:20,14.4,,공통
b200_heavy_work_r1,MSF,139,BLK_139P,15,후면SAW,4,2025-12-10 10:56:20,2025-12-10 13:23:32,147.2,,공통
b200_heavy_work_r1,MSF,139,BLK_139P,15,NC,5,2025-12-10 13:23:32,2025-12-10 13:57:17,33.7,,공통
b200_heavy_work_r1,MSF,139,BLK_139P,15,베이36B 론지취부,6,2025-12-10 13:57:17,2025-12-10 15:12:17,75.0,36B,베이36B
b200_heavy_work_r1,MSF,139,BLK_139P,15,베이36B 론지용접,7,2025-12-10 15:12:17,2025-12-10 15:38:41,26.4,36B,베이36B
b200_heavy_work_r1,MSF,139,BLK_139P,15,베이36B 수정,8,2025-12-10 15:38:41,2025-12-10 16:24:17,45.6,36B,베이36B
b200_heavy_work_r1,MSF,135,BLK_135P,1,판계,1,2025-12-10 08:00:00,2025-12-10 08:14:24,14.4,,공통
b200_heavy_work_r1,MSF,135,BLK_135P,1,전면SAW,2,2025-12-10 10:41:56,2025-12-10 11:31:26,49.5,,공통
b200_heavy_work_r1,MSF,135,BLK_135P,1,TurnOver,3,2025-12-10 11:31:26,2025-12-10 11:45:50,14.4,,공통
b200_heavy_work_r1,MSF,135,BLK_135P,1,후면SAW,4,2025-12-10 13:23:32,2025-12-10 14:03:19,39.8,,공통
b200_heavy_work_r1,MSF,135,BLK_135P,1,NC,5,2025-12-10 14:03:19,2025-12-10 14:29:01,25.7,,공통
b200_heavy_work_r1,MSF,135,BLK_135P,1,베이35A 론지취부,6,2025-12-10 14:29:01,2025-12-10 15:06:13,37.2,35A,베이35A
b200_heavy_work_r1,MSF,135,BLK_135P,1,베이35A 론지용접,7,2025-12-10 15:06:13,2025-12-10 15:26:08,19.9,35A,베이35A
b200_heavy_work_r1,MSF,135,BLK_135P,1,베이35A 수정,8,2025-12-10 15:26:08,2025-12-10 15:47:59,21.8,35A,베이35A
b200_heavy_work_r1,MSF,160,BLK_160P,2,판계,1,2025-12-10 08:14:24,2025-12-10 08:46:48,32.4,,공통
b200_heavy_work_r1,MSF,160,BLK_160P,2,전면SAW,2,2025-12-10 11:31:26,2025-12-10 13:54:05,142.6,,공통
b200_heavy_work_r1,MSF,160,BLK_160P,2,TurnOver,3,2025-12-10 13:54:05,2025-12-10 14:08:29,14.4,,공통
b200_heavy_work_r1,MSF,160,BLK_160P,2,후면SAW,4,2025-12-10 14:08:29,2025-12-10 15:50:43,102.2,,공통
b200_heavy_work_r1,MSF,160,BLK_160P,2,NC,5,2025-12-10 15:50:43,2025-12-10 16:27:09,36.4,,공통
b200_heavy_work_r1,MSF,160,BLK_160P,2,베이36B 론지취부,6,2025-12-10 16:27:09,2025-12-10 17:16:57,49.8,36B,베이36B
b200_heavy_work_r1,MSF,160,BLK_160P,2,베이36B 론지용접,7,2025-12-10 17:16:57,2025-12-10 17:34:14,17.3,36B,베이36B
b200_heavy_work_r1,MSF,160,BLK_160P,2,베이36B 수정,8,2025-12-10 17:34:14,2025-12-10 18:03:59,29.8,36B,베이36B
b200_heavy_work_r1,MSF,175,BLK_175C,3,판계,1,2025-12-10 08:46:48,2025-12-10 09:01:12,14.4,,공통
b200_heavy_work_r1,MSF,175,BLK_175C,3,전면SAW,2,2025-12-10 13:54:05,2025-12-10 14:45:42,51.6,,공통
b200_heavy_work_r1,MSF,175,BLK_175C,3,TurnOver,3,2025-12-10 14:45:42,2025-12-10 15:00:06,14.4,,공통
b200_heavy_work_r1,MSF,175,BLK_175C,3,후면SAW,4,2025-12-10 15:50:43,2025-12-10 16:33:18,42.6,,공통
b200_heavy_work_r1,MSF,175,BLK_175C,3,NC,5,2025-12-10 16:33:18,2025-12-10 16:58:35,25.3,,공통
b200_heavy_work_r1,MSF,175,BLK_175C,3,베이35A 론지취부,6,2025-12-10 16:58:35,2025-12-10 17:44:11,45.6,35A,베이35A
b200_heavy_work_r1,MSF,175,BLK_175C,3,베이35A 론지용접,7,2025-12-10 17:44:11,2025-12-10 18:00:44,16.6,35A,베이35A
b200_heavy_work_r1,MSF,175,BLK_175C,3,베이35A 수정,8,2025-12-10 18:00:44,2025-12-10 18:27:51,27.1,35A,베이35A
b200_heavy_work_r1,MSF,4,BLK_4C,4,판계,1,2025-12-10 09:01:12,2025-12-10 09:25:12,24.0,,공통
b200_heavy_work_r1,MSF,4,BLK_4C,4,전면SAW,2,2025-12-10 14:45:42,2025-12-10 15:47:21,61.7,,공통
b200_heavy_work_r1,MSF,4,BLK_4C,4,TurnOver,3,2025-12-10 15:47:21,2025-12-10 16:01:45,14.4,,공통
b200_heavy_work_r1,MSF,4,BLK_4C,4,후면SAW,4,2025-12-10 16:33:18,2025-12-10 17:29:06,55.8,,공통
b200_heavy_work_r1,MSF,4,BLK_4C,4,NC,5,2025-12-10 17:29:06,2025-12-10 18:05:56,36.8,,공통
b200_heavy_work_r1,MSF,4,BLK_4C,4,베이36B 론지취부,6,2025-12-10 18:05:56,2025-12-10 18:59:56,54.0,36B,베이36B
b200_heavy_work_r1,MSF,4,BLK_4C,4,베이36B 론지용접,7,2025-12-10 18:59:56,2025-12-10 19:22:44,22.8,36B,베이36B
b200_heavy_work_r1,MSF,4,BLK_4C,4,베이36B 수정,8,2025-12-10 19:22:44,2025-12-10 19:55:08,32.4,36B,베이36B
b200_heavy_work_r1,MSF,16,BLK_16S,5,판계,1,2025-12-10 09:25:12,2025-12-10 10:07:12,42.0,,공통
b200_heavy_work_r1,MSF,16,BLK_16S,5,전면SAW,2,2025-12-10 15:47:21,2025-12-10 19:29:20,222.0,,공통
b200_heavy_work_r1,MSF,16,BLK_16S,5,TurnOver,3,2025-12-10 19:29:20,2025-12-10 19:43:44,14.4,,공통
b200_heavy_work_r1,MSF,16,BLK_16S,5,후면SAW,4,2025-12-10 19:43:44,2025-12-10 22:47:49,184.1,,공통
b200_heavy_work_r1,MSF,16,BLK_16S,5,NC,5,2025-12-10 22:47:49,2025-12-10 23:38:06,50.3,,공통
b200_heavy_work_r1,MSF,16,BLK_16S,5,베이35A 론지취부,6,2025-12-10 23:38:06,2025-12-11 00:27:54,49.8,35A,베이35A
b200_heavy_work_r1,MSF,16,BLK_16S,5,베이35A 론지용접,7,2025-12-11 00:27:54,2025-12-11 00:49:58,22.1,35A,베이35A
b200_heavy_work_r1,MSF,16,BLK_16S,5,베이35A 수정,8,2025-12-11 00:49:58,2025-12-11 01:19:44,29.8,35A,베이35A
b200_heavy_work_r1,MSF,42,BLK_42P,6,판계,1,2025-12-10 10:07:12,2025-12-10 10:31:12,24.0,,공통
b200_heavy_work_r1,MSF,42,BLK_42P,6,전면SAW,2,2025-12-10 19:29:20,2025-12-10 20:10:20,41.0,,공통
b200_heavy_work_r1,MSF,42,BLK_42P,6,TurnOver,3,2025-12-10 20:10:20,2025-12-10 20:24:44,14.4,,공통
b200_heavy_work_r1,MSF,42,BLK_42P,6,후면SAW,4,2025-12-10 22:47:49,2025-12-10 23:16:25,28.6,,공통
b200_heavy_work_r1,MSF,42,BLK_42P,6,NC,5,2025-12-10 23:38:06,2025-12-11 00:15:05,37.0,,공통
b200_heavy_work_r1,MSF,42,BLK_42P,6,베이36B 론지취부,6,2025-12-11 00:15:05,2025-12-11 01:30:05,75.0,36B,베이36B
b200_heavy_work_r1,MSF,42,BLK_42P,6,베이36B 론지용접,7,2025-12-11 01:30:05,2025-12-11 01:56:29,26.4,36B,베이36B
b200_heavy_work_r1,MSF,42,BLK_42P,6,베이36B 수정,8,2025-12-11 01:56:29,2025-12-11 02:42:05,45.6,36B,베이36B
b200_heavy_work_r1,MSF,36,BLK_36C,7,판계,1,2025-12-10 10:31:12,2025-12-10 10:55:12,24.0,,공통
b200_heavy_work_r1,MSF,36,BLK_36C,7,전면SAW,2,2025-12-10 20:10:20,2025-12-10 20:50:35,40.2,,공통
b200_heavy_work_r1,MSF,36,BLK_36C,7,TurnOver,3,2025-12-10 20:50:35,2025-12-10 21:04:59,14.4,,공통
b200_heavy_work_r1,MSF,36,BLK_36C,7,후면SAW,4,2025-12-10 23:16:25,2025-12-10 23:44:02,27.6,,공통
b200_heavy_work_r1,MSF,36,BLK_36C,7,NC,5,2025-12-11 00:15:05,2025-12-11 00:48:37,33.5,,공통
b200_heavy_work_r1,MSF,36,BLK_36C,7,베이35A 론지취부,6,2025-12-11 00:48:37,2025-12-11 01:38:25,49.8,35A,베이35A
b200_heavy_work_r1,MSF,36,BLK_36C,7,베이35A 론지용접,7,2025-12-11 01:38:25,2025-12-11 02:00:30,22.1,35A,베이35A
b200_heavy_work_r1,MSF,36,BLK_36C,7,베이35A 수정,8,2025-12-11 02:00:30,2025-12-11 02:30:15,29.8,35A,베이35A
b200_heavy_work_r1,MSF,68,BLK_68C,8,판계,1,2025-12-10 10:55:12,2025-12-10 11:28:48,33.6,,공통
b200_heavy_work_r1,MSF,68,BLK_68C,8,전면SAW,2,2025-12-10 20:50:35,2025-12-10 22:29:16,98.7,,공통
b200_heavy_work_r1,MSF,68,BLK_68C,8,TurnOver,3,2025-12-10 22:29:16,2025-12-10 22:43:40,14.4,,공통
b200_heavy_work_r1,MSF,68,BLK_68C,8,후면SAW,4,2025-12-10 23:44:02,2025-12-11 00:59:19,75.3,,공통
b200_heavy_work_r1,MSF,68,BLK_68C,8,NC,5,2025-12-11 00:59:19,2025-12-11 01:36:15,36.9,,공통
b200_heavy_work_r1,MSF,68,BLK_68C,8,베이36B 론지취부,6,2025-12-11 01:36:15,2025-12-11 01:52:27,16.2,36B,베이36B
b200_heavy_work_r1,MSF,68,BLK_68C,8,베이36B 론지용접,7,2025-12-11 01:56:29,2025-12-11 02:12:48,16.3,36B,베이36B
b200_heavy_work_r1,MSF,68,BLK_68C,8,베이36B 수정,8,2025-12-11 02:42:05,2025-12-11 02:50:44,8.6,36B,베이36B
b200_heavy_work_r1,MSF,47,BLK_47P,9,판계,1,2025-12-10 11:28:48,2025-12-10 11:52:48,24.0,,공통
b200_heavy_work_r1,MSF,47,BLK_47P,9,전면SAW,2,2025-12-10 22:29:16,2025-12-10 23:04:41,35.4,,공통
b200_heavy_work_r1,MSF,47,BLK_47P,9,TurnOver,3,2025-12-10 23:04:41,2025-12-10 23:19:05,14.4,,공통
b200_heavy_work_r1,MSF,47,BLK_47P,9,후면SAW,4,2025-12-11 00:59:19,2025-12-11 01:20:34,21.2,,공통
b200_heavy_work_r1,MSF,47,BLK_47P,9,NC,5,2025-12-11 01:36:15,2025-12-11 02:06:43,30.5,,공통
b200_heavy_work_r1,MSF,47,BLK_47P,9,베이35A 론지취부,6,2025-12-11 02:06:43,2025-12-11 02:56:31,49.8,35A,베이35A
b200_heavy_work_r1,MSF,47,BLK_47P,9,베이35A 론지용접,7,2025-12-11 02:56:31,2025-12-11 03:13:48,17.3,35A,베이35A
b200_heavy_work_r1,MSF,47,BLK_47P,9,베이35A 수정,8,2025-12-11 03:13:48,2025-12-11 03:43:34,29.8,35A,베이35A
b200_heavy_work_r1,MSF,72,BLK_72C,10,판계,1,2025-12-10 11:52:48,2025-12-10 12:16:48,24.0,,공통
b200_heavy_work_r1,MSF,72,BLK_72C,10,전면SAW,2,2025-12-10 23:04:41,2025-12-10 23:48:32,43.8,,공통
b200_heavy_work_r1,MSF,72,BLK_72C,10,TurnOver,3,2025-12-10 23:48:32,2025-12-11 00:02:56,14.4,,공통
b200_heavy_work_r1,MSF,72,BLK_72C,10,후면SAW,4,2025-12-11 01:20:34,2025-12-11 01:52:55,32.4,,공통
b200_heavy_work_r1,MSF,72,BLK_72C,10,NC,5,2025-12-11 02:06:43,2025-12-11 02:40:30,33.8,,공통
b200_heavy_work_r1,MSF,72,BLK_72C,10,베이36B 론지취부,6,2025-12-11 02:40:30,2025-12-11 03:30:18,49.8,36B,베이36B
b200_heavy_work_r1,MSF,72,BLK_72C,10,베이36B 론지용접,7,2025-12-11 03:30:18,2025-12-11 03:52:23,22.1,36B,베이36B
b200_heavy_work_r1,MSF,72,BLK_72C,10,베이36B 수정,8,2025-12-11 03:52:23,2025-12-11 04:22:09,29.8,36B,베이36B
b200_heavy_work_r1,MSF,66,BLK_66C,11,판계,1,2025-12-10 12:16:48,2025-12-10 12:50:24,33.6,,공통
b200_heavy_work_r1,MSF,66,BLK_66C,11,전면SAW,2,2025-12-10 23:48:32,2025-12-11 02:16:09,147.6,,공통
b200_heavy_work_r1,MSF,66,BLK_66C,11,TurnOver,3,2025-12-11 02:16:09,2025-12-11 02:30:33,14.4,,공통
b200_heavy_work_r1,MSF,66,BLK_66C,11,후면SAW,4,2025-12-11 02:30:33,2025-12-11 05:01:05,150.5,,공통
b200_heavy_work_r1,MSF,66,BLK_66C,11,NC,5,2025-12-11 05:01:05,2025-12-11 05:39:54,38.8,,공통
b200_heavy_work_r1,MSF,66,BLK_66C,11,베이35A 론지취부,6,2025-12-11 05:39:54,2025-12-11 06:29:42,49.8,35A,베이35A
b200_heavy_work_r1,MSF,66,BLK_66C,11,베이35A 론지용접,7,2025-12-11 06:29:42,2025-12-11 06:46:58,17.3,35A,베이35A
b200_heavy_work_r1,MSF,66,BLK_66C,11,베이35A 수정,8,2025-12-11 06:46:58,2025-12-11 07:16:44,29.8,35A,베이35A
b200_heavy_work_r1,MSF,181,BLK_181S,12,판계,1,2025-12-10 12:50:24,2025-12-10 13:14:24,24.0,,공통
b200_heavy_work_r1,MSF,181,BLK_181S,12,전면SAW,2,2025-12-11 02:16:09,2025-12-11 03:05:41,49.5,,공통
b200_heavy_work_r1,MSF,181,BLK_181S,12,TurnOver,3,2025-12-11 03:05:41,2025-12-11 03:20:05,14.4,,공통
b200_heavy_work_r1,MSF,181,BLK_181S,12,후면SAW,4,2025-12-11 05:01:05,2025-12-11 05:40:55,39.8,,공통
b200_heavy_work_r1,MSF,181,BLK_181S,12,NC,5,2025-12-11 05:40:55,2025-12-11 06:21:27,40.5,,공통
b200_heavy_work_r1,MSF,181,BLK_181S,12,베이36B 론지취부,6,2025-12-11 06:21:27,2025-12-11 08:10:03,108.6,36B,베이36B
b200_heavy_work_r1,MSF,181,BLK_181S,12,베이36B 론지용접,7,2025-12-11 08:10:03,2025-12-11 08:42:12,32.2,36B,베이36B
b200_heavy_work_r1,MSF,181,BLK_181S,12,베이36B 수정,8,2025-12-11 08:42:12,2025-12-11 09:48:56,66.7,36B,베이36B
b200_heavy_work_r1,MSF,121,BLK_121P,13,판계,1,2025-12-10 13:14:24,2025-12-10 13:48:00,33.6,,공통
b200_heavy_work_r1,MSF,121,BLK_121P,13,전면SAW,2,2025-12-11 03:05:41,2025-12-11 05:06:01,120.3,,공통
b200_heavy_work_r1,MSF,121,BLK_121P,13,TurnOver,3,2025-12-11 05:06:01,2025-12-11 05:20:25,14.4,,공통
b200_heavy_work_r1,MSF,121,BLK_121P,13,후면SAW,4,2025-12-11 05:40:55,2025-12-11 07:15:56,95.0,,공통
b200_heavy_work_r1,MSF,121,BLK_121P,13,NC,5,2025-12-11 07:15:56,2025-12-11 07:55:10,39.2,,공통
b200_heavy_work_r1,MSF,121,BLK_121P,13,베이35A 론지취부,6,2025-12-11 07:55:10,2025-12-11 08:11:22,16.2,35A,베이35A
b200_heavy_work_r1,MSF,121,BLK_121P,13,베이35A 론지용접,7,2025-12-11 08:11:22,2025-12-11 08:27:41,16.3,35A,베이35A
b200_heavy_work_r1,MSF,121,BLK_121P,13,베이35A 수정,8,2025-12-11 08:27:41,2025-12-11 08:36:20,8.6,35A,베이35A
b200_heavy_work_r1,MSF,152,BLK_152S,14,판계,1,2025-12-10 13:48:00,2025-12-10 14:12:00,24.0,,공통
b200_heavy_work_r1,MSF,152,BLK_152S,14,전면SAW,2,2025-12-11 05:06:01,2025-12-11 05:52:53,46.9,,공통
b200_heavy_work_r1,MSF,152,BLK_152S,14,TurnOver,3,2025-12-11 05:52:53,2025-12-11 06:07:17,14.4,,공통
b200_heavy_work_r1,MSF,152,BLK_152S,14,후면SAW,4,2025-12-11 07:15:56,2025-12-11 07:52:16,36.3,,공통
b200_heavy_work_r1,MSF,152,BLK_152S,14,NC,5,2025-12-11 07:55:10,2025-12-11 08:32:45,37.6,,공통
b200_heavy_work_r1,MSF,152,BLK_152S,14,베이36B 론지취부,6,2025-12-11 08:32:45,2025-12-11 09:56:09,83.4,36B,베이36B
b200_heavy_work_r1,MSF,152,BLK_152S,14,베이36B 론지용접,7,2025-12-11 09:56:09,2025-12-11 10:24:00,27.8,36B,베이36B
b200_heavy_work_r1,MSF,152,BLK_152S,14,베이36B 수정,8,2025-12-11 10:24:00,2025-12-11 11:14:52,50.9,36B,베이36B
b200_heavy_work_r1,MSF,172,BLK_172P,15,판계,1,2025-12-10 14:12:00,2025-12-10 14:36:00,24.0,,공통
b200_heavy_work_r1,MSF,172,BLK_172P,15,전면SAW,2,2025-12-11 05:52:53,2025-12-11 06:54:54,62.0,,공통
b200_heavy_work_r1,MSF,172,BLK_172P,15,TurnOver,3,2025-12-11 06:54:54,2025-12-11 07:09:18,14.4,,공통
b200_heavy_work_r1,MSF,172,BLK_172P,15,후면SAW,4,2025-12-11 07:52:16,2025-12-11 08:48:31,56.3,,공통
b200_heavy_work_r1,MSF,172,BLK_172P,15,NC,5,2025-12-11 08:48:31,2025-12-11 09:22:38,34.1,,공통
b200_heavy_work_r1,MSF,172,BLK_172P,15,베이35A 론지취부,6,2025-12-11 09:22:38,2025-12-11 10:25:02,62.4,35A,베이35A
b200_heavy_work_r1,MSF,172,BLK_172P,15,베이35A 론지용접,7,2025-12-11 10:25:02,2025-12-11 10:49:17,24.2,35A,베이35A
b200_heavy_work_r1,MSF,172,BLK_172P,15,베이35A 수정,8,2025-12-11 10:49:17,2025-12-11 11:26:57,37.7,35A,베이35A
b200_heavy_work_r1,MSF,190,BLK_190S,16,판계,1,2025-12-10 14:36:00,2025-12-10 15:09:36,33.6,,공통
b200_heavy_work_r1,MSF,190,BLK_190S,16,전면SAW,2,2025-12-11 06:54:54,2025-12-11 09:37:30,162.6,,공통
b200_heavy_work_r1,MSF,190,BLK_190S,16,TurnOver,3,2025-12-11 09:37:30,2025-12-11 09:51:54,14.4,,공통
b200_heavy_work_r1,MSF,190,BLK_190S,16,후면SAW,4,2025-12-11 09:51:54,2025-12-11 12:05:27,133.6,,공통
b200_heavy_work_r1,MSF,190,BLK_190S,16,NC,5,2025-12-11 12:05:27,2025-12-11 12:47:22,41.9,,공통
b200_heavy_work_r1,MSF,190,BLK_190S,16,베이36B 론지취부,6,2025-12-11 12:47:22,2025-12-11 14:06:34,79.2,36B,베이36B
b200_heavy_work_r1,MSF,190,BLK_190S,16,베이36B 론지용접,7,2025-12-11 14:06:34,2025-12-11 14:33:41,27.1,36B,베이36B
b200_heavy_work_r1,MSF,190,BLK_190S,16,베이36B 수정,8,2025-12-11 14:33:41,2025-12-11 15:21:56,48.2,36B,베이36B
b200_heavy_work_r1,MSF,184,BLK_184C,17,판계,1,2025-12-10 15:09:36,2025-12-10 15:33:36,24.0,,공통
b200_heavy_work_r1,MSF,184,BLK_184C,17,전면SAW,2,2025-12-11 09:37:30,2025-12-11 10:52:32,75.0,,공통
b200_heavy_work_r1,MSF,184,BLK_184C,17,TurnOver,3,2025-12-11 10:52:32,2025-12-11 11:06:56,14.4,,공통
b200_heavy_work_r1,MSF,184,BLK_184C,17,후면SAW,4,2025-12-11 12:05:27,2025-12-11 13:18:52,73.4,,공통
b200_heavy_work_r1,MSF,184,BLK_184C,17,NC,5,2025-12-11 13:18:52,2025-12-11 13:55:52,37.0,,공통
b200_heavy_work_r1,MSF,184,BLK_184C,17,베이35A 론지취부,6,2025-12-11 13:55:52,2025-12-11 15:15:04,79.2,35A,베이35A
b200_heavy_work_r1,MSF,184,BLK_184C,17,베이35A 론지용접,7,2025-12-11 15:15:04,2025-12-11 15:42:11,27.1,35A,베이35A
b200_heavy_work_r1,MSF,184,BLK_184C,17,베이35A 수정,8,2025-12-11 15:42:11,2025-12-11 16:30:25,48.2,35A,베이35A
b200_heavy_work_r1,MSF,156,BLK_156S,18,판계,1,2025-12-10 15:33:36,2025-12-10 15:57:36,24.0,,공통
b200_heavy_work_r1,MSF,156,BLK_156S,18,전면SAW,2,2025-12-11 10:52:32,2025-12-11 12:09:08,76.6,,공통
b200_heavy_work_r1,MSF,156,BLK_156S,18,TurnOver,3,2025-12-11 12:09:08,2025-12-11 12:23:32,14.4,,공통
b200_heavy_work_r1,MSF,156,BLK_156S,18,후면SAW,4,2025-12-11 13:18:52,2025-12-11 14:34:19,75.5,,공통
b200_heavy_work_r1,MSF,156,BLK_156S,18,NC,5,2025-12-11 14:34:19,2025-12-11 15:12:33,38.2,,공통
b200_heavy_work_r1,MSF,156,BLK_156S,18,베이36B 론지취부,6,2025-12-11 15:12:33,2025-12-11 16:35:57,83.4,36B,베이36B
b200_heavy_work_r1,MSF,156,BLK_156S,18,베이36B 론지용접,7,2025-12-11 16:35:57,2025-12-11 17:03:48,27.8,36B,베이36B
b200_heavy_work_r1,MSF,156,BLK_156S,18,베이36B 수정,8,2025-12-11 17:03:48,2025-12-11 17:54:41,50.9,36B,베이36B
b200_heavy_work_r1,MSF,166,BLK_166S,19,판계,1,2025-12-10 15:57:36,2025-12-10 16:21:36,24.0,,공통
b200_heavy_work_r1,MSF,166,BLK_166S,19,전면SAW,2,2025-12-11 12:09:08,2025-12-11 12:49:01,39.9,,공통
b200_heavy_work_r1,MSF,166,BLK_166S,19,TurnOver,3,2025-12-11 12:49:01,2025-12-11 13:03:25,14.4,,공통
b200_heavy_work_r1,MSF,166,BLK_166S,19,후면SAW,4,2025-12-11 14:34:19,2025-12-11 15:01:28,27.1,,공통
b200_heavy_work_r1,MSF,166,BLK_166S,19,NC,5,2025-12-11 15:12:33,2025-12-11 15:46:40,34.1,,공통
b200_heavy_work_r1,MSF,166,BLK_166S,19,베이35A 론지취부,6,2025-12-11 15:46:40,2025-12-11 17:01:40,75.0,35A,베이35A
b200_heavy_work_r1,MSF,166,BLK_166S,19,베이35A 론지용접,7,2025-12-11 17:01:40,2025-12-11 17:28:04,26.4,35A,베이35A
b200_heavy_work_r1,MSF,166,BLK_166S,19,베이35A 수정,8,2025-12-11 17:28:04,2025-12-11 18:13:40,45.6,35A,베이35A
b200_heavy_work_r1,MSF,176,BLK_176C,20,판계,1,2025-12-10 16:21:36,2025-12-10 16:45:36,24.0,,공통
b200_heavy_work_r1,MSF,176,BLK_176C,20,전면SAW,2,2025-12-11 12:49:01,2025-12-11 13:49:50,60.8,,공통
b200_heavy_work_r1,MSF,176,BLK_176C,20,TurnOver,3,2025-12-11 13:49:50,2025-12-11 14:04:14,14.4,,공통
b200_heavy_work_r1,MSF,176,BLK_176C,20,후면SAW,4,2025-12-11 15:01:28,2025-12-11 15:56:09,54.7,,공통
b200_heavy_work_r1,MSF,176,BLK_176C,20,NC,5,2025-12-11 15:56:09,2025-12-11 16:32:24,36.3,,공통
b200_heavy_work_r1,MSF,176,BLK_176C,20,베이36B 론지취부,6,2025-12-11 16:35:57,2025-12-11 17:38:21,62.4,36B,베이36B
b200_heavy_work_r1,MSF,176,BLK_176C,20,베이36B 론지용접,7,2025-12-11 17:38:21,2025-12-11 18:02:36,24.2,36B,베이36B
b200_heavy_work_r1,MSF,176,BLK_176C,20,베이36B 수정,8,2025-12-11 18:02:36,2025-12-11 18:40:17,37.7,36B,베이36B
b200_heavy_work_r1,MSF,186,BLK_186C,21,판계,1,2025-12-10 16:45:36,2025-12-10 17:27:36,42.0,,공통
b200_heavy_work_r1,MSF,186,BLK_186C,21,전면SAW,2,2025-12-11 13:49:50,2025-12-11 17:31:48,222.0,,공통
b200_heavy_work_r1,MSF,186,BLK_186C,21,TurnOver,3,2025-12-11 17:31:48,2025-12-11 17:46:12,14.4,,공통
b200_heavy_work_r1,MSF,186,BLK_186C,21,후면SAW,4,2025-12-11 17:46:12,2025-12-11 20:31:56,165.7,,공통
b200_heavy_work_r1,MSF,186,BLK_186C,21,NC,5,2025-12-11 20:31:56,2025-12-11 21:19:58,48.0,,공통
b200_heavy_work_r1,MSF,186,BLK_186C,21,베이35A 론지취부,6,2025-12-11 21:19:58,2025-12-11 22:30:46,70.8,35A,베이35A
b200_heavy_work_r1,MSF,186,BLK_186C,21,베이35A 론지용접,7,2025-12-11 22:30:46,2025-12-11 22:56:27,25.7,35A,베이35A
b200_heavy_work_r1,MSF,186,BLK_186C,21,베이35A 수정,8,2025-12-11 22:56:27,2025-12-11 23:39:25,43.0,35A,베이35A
b200_heavy_work_r1,MSF,20,BLK_20S,22,판계,1,2025-12-10 17:27:36,2025-12-10 17:57:36,30.0,,공통
b200_heavy_work_r1,MSF,20,BLK_20S,22,전면SAW,2,2025-12-11 17:31:48,2025-12-11 18:23:45,51.9,,공통
b200_heavy_work_r1,MSF,20,BLK_20S,22,TurnOver,3,2025-12-11 18:23:45,2025-12-11 18:38:09,14.4,,공통
b200_heavy_work_r1,MSF,20,BLK_20S,22,후면SAW,4,2025-12-11 20:31:56,2025-12-11 21:14:57,43.0,,공통
b200_heavy_work_r1,MSF,20,BLK_20S,22,NC,5,2025-12-11 21:19:58,2025-12-11 22:01:53,41.9,,공통
b200_heavy_work_r1,MSF,20,BLK_20S,22,베이36B 론지취부,6,2025-12-11 22:01:53,2025-12-11 23:00:05,58.2,36B,베이36B
b200_heavy_work_r1,MSF,20,BLK_20S,22,베이36B 론지용접,7,2025-12-11 23:00:05,2025-12-11 23:23:36,23.5,36B,베이36B
b200_heavy_work_r1,MSF,20,BLK_20S,22,베이36B 수정,8,2025-12-11 23:23:36,2025-12-11 23:58:39,35.0,36B,베이36B
b200_heavy_work_r1,MSF,163,BLK_163P,23,판계,1,2025-12-10 17:57:36,2025-12-10 18:39:36,42.0,,공통
b200_heavy_work_r1,MSF,163,BLK_163P,23,전면SAW,2,2025-12-11 18:23:45,2025-12-11 20:37:27,133.7,,공통
b200_heavy_work_r1,MSF,163,BLK_163P,23,TurnOver,3,2025-12-11 20:37:27,2025-12-11 20:51:51,14.4,,공통
b200_heavy_work_r1,MSF,163,BLK_163P,23,후면SAW,4,2025-12-11 21:14:57,2025-12-11 22:50:03,95.1,,공통
b200_heavy_work_r1,MSF,163,BLK_163P,23,NC,5,2025-12-11 22:50:03,2025-12-11 23:32:19,42.3,,공통
b200_heavy_work_r1,MSF,163,BLK_163P,23,베이35A 론지취부,6,2025-12-11 23:32:19,2025-12-12 00:34:43,62.4,35A,베이35A
b200_heavy_work_r1,MSF,163,BLK_163P,23,베이35A 론지용접,7,2025-12-12 00:34:43,2025-12-12 00:58:58,24.2,35A,베이35A
b200_heavy_work_r1,MSF,163,BLK_163P,23,베이35A 수정,8,2025-12-12 00:58:58,2025-12-12 01:36:38,37.7,35A,베이35A
b200_heavy_work_r1,MSF,44,BLK_44C,24,판계,1,2025-12-10 18:39:36,2025-12-10 19:09:36,30.0,,공통
b200_heavy_work_r1,MSF,44,BLK_44C,24,전면SAW,2,2025-12-11 20:37:27,2025-12-11 21:28:19,50.9,,공통
b200_heavy_work_r1,MSF,44,BLK_44C,24,TurnOver,3,2025-12-11 21:28:19,2025-12-11 21:42:43,14.4,,공통
b200_heavy_work_r1,MSF,44,BLK_44C,24,후면SAW,4,2025-12-11 22:50:03,2025-12-11 23:31:39,41.6,,공통
b200_heavy_work_r1,MSF,44,BLK_44C,24,NC,5,2025-12-11 23:32:19,2025-12-12 00:11:30,39.2,,공통
b200_heavy_work_r1,MSF,44,BLK_44C,24,베이36B 론지취부,6,2025-12-12 00:11:30,2025-12-12 01:22:18,70.8,36B,베이36B
b200_heavy_work_r1,MSF,44,BLK_44C,24,베이36B 론지용접,7,2025-12-12 01:22:18,2025-12-12 01:47:59,25.7,36B,베이36B
b200_heavy_work_r1,MSF,44,BLK_44C,24,베이36B 수정,8,2025-12-12 01:47:59,2025-12-12 02:30:56,43.0,36B,베이36B
b200_heavy_work_r1,MSF,46,BLK_46S,25,판계,1,2025-12-10 19:09:36,2025-12-10 19:39:36,30.0,,공통
b200_heavy_work_r1,MSF,46,BLK_46S,25,전면SAW,2,2025-12-11 21:28:19,2025-12-11 22:07:22,39.0,,공통
b200_heavy_work_r1,MSF,46,BLK_46S,25,TurnOver,3,2025-12-11 22:07:22,2025-12-11 22:21:46,14.4,,공통
b200_heavy_work_r1,MSF,46,BLK_46S,25,후면SAW,4,2025-12-11 23:31:39,2025-12-11 23:57:41,26.0,,공통
b200_heavy_work_r1,MSF,46,BLK_46S,25,NC,5,2025-12-12 00:11:30,2025-12-12 00:55:41,44.2,,공통
b200_heavy_work_r1,MSF,46,BLK_46S,25,베이35A 론지취부,6,2025-12-12 00:55:41,2025-12-12 02:40:05,104.4,35A,베이35A
b200_heavy_work_r1,MSF,46,BLK_46S,25,베이35A 론지용접,7,2025-12-12 02:40:05,2025-12-12 03:11:31,31.4,35A,베이35A
b200_heavy_work_r1,MSF,46,BLK_46S,25,베이35A 수정,8,2025-12-12 03:11:31,2025-12-12 04:15:36,64.1,35A,베이35A
b200_heavy_work_r1,MSF,8,BLK_8S,26,판계,1,2025-12-10 19:39:36,2025-12-10 20:42:00,62.4,,공통
b200_heavy_work_r1,MSF,8,BLK_8S,26,전면SAW,2,2025-12-11 22:07:22,2025-12-12 01:55:22,228.0,,공통
b200_heavy_work_r1,MSF,8,BLK_8S,26,TurnOver,3,2025-12-12 01:55:22,2025-12-12 02:09:46,14.4,,공통
b200_heavy_work_r1,MSF,8,BLK_8S,26,후면SAW,4,2025-12-12 02:09:46,2025-12-12 05:18:59,189.2,,공통
b200_heavy_work_r1,MSF,8,BLK_8S,26,NC,5,2025-12-12 05:18:59,2025-12-12 06:29:05,70.1,,공통
b200_heavy_work_r1,MSF,8,BLK_8S,26,베이36B 론지취부,6,2025-12-12 06:29:05,2025-12-12 07:35:41,66.6,36B,베이36B
b200_heavy_work_r1,MSF,8,BLK_8S,26,베이36B 론지용접,7,2025-12-12 07:35:41,2025-12-12 08:00:38,25.0,36B,베이36B
b200_heavy_work_r1,MSF,8,BLK_8S,26,베이36B 수정,8,2025-12-12 08:00:38,2025-12-12 08:40:58,40.3,36B,베이36B
b200_heavy_work_r1,MSF,67,BLK_67P,1,판계,1,2025-12-11 08:00:00,2025-12-11 08:30:00,30.0,,공통
b200_heavy_work_r1,MSF,67,BLK_67P,1,전면SAW,2,2025-12-12 01:55:22,2025-12-12 02:38:13,42.9,,공통
b200_heavy_work_r1,MSF,67,BLK_67P,1,TurnOver,3,2025-12-12 02:38:13,2025-12-12 02:52:37,14.4,,공통
b200_heavy_work_r1,MSF,67,BLK_67P,1,후면SAW,4,2025-12-12 05:18:59,2025-12-12 05:50:01,31.0,,공통
b200_heavy_work_r1,MSF,67,BLK_67P,1,NC,5,2025-12-12 06:29:05,2025-12-12 07:13:00,43.9,,공통
b200_heavy_work_r1,MSF,67,BLK_67P,1,베이35A 론지취부,6,2025-12-12 07:13:00,2025-12-12 08:40:36,87.6,35A,베이35A
b200_heavy_work_r1,MSF,67,BLK_67P,1,베이35A 론지용접,7,2025-12-12 08:40:36,2025-12-12 09:09:10,28.6,35A,베이35A
b200_heavy_work_r1,MSF,67,BLK_67P,1,베이35A 수정,8,2025-12-12 09:09:10,2025-12-12 10:02:41,53.5,35A,베이35A
b200_heavy_work_r1,MSF,24,BLK_24P,2,판계,1,2025-12-11 08:30:00,2025-12-11 09:09:36,39.6,,공통
b200_heavy_work_r1,MSF,24,BLK_24P,2,전면SAW,2,2025-12-12 02:38:13,2025-12-12 04:37:54,119.7,,공통
b200_heavy_work_r1,MSF,24,BLK_24P,2,TurnOver,3,2025-12-12 04:37:54,2025-12-12 04:52:18,14.4,,공통
b200_heavy_work_r1,MSF,24,BLK_24P,2,후면SAW,4,2025-12-12 05:50:01,2025-12-12 07:47:58,117.9,,공통
b200_heavy_work_r1,MSF,24,BLK_24P,2,NC,5,2025-12-12 07:47:58,2025-12-12 08:33:52,45.9,,공통
b200_heavy_work_r1,MSF,24,BLK_24P,2,베이36B 론지취부,6,2025-12-12 08:33:52,2025-12-12 09:27:52,54.0,36B,베이36B
b200_heavy_work_r1,MSF,24,BLK_24P,2,베이36B 론지용접,7,2025-12-12 09:27:52,2025-12-12 09:50:40,22.8,36B,베이36B
b200_heavy_work_r1,MSF,24,BLK_24P,2,베이36B 수정,8,2025-12-12 09:50:40,2025-12-12 10:23:04,32.4,36B,베이36B
b200_heavy_work_r1,MSF,79,BLK_79C,3,판계,1,2025-12-11 09:09:36,2025-12-11 09:49:12,39.6,,공통
b200_heavy_work_r1,MSF,79,BLK_79C,3,전면SAW,2,2025-12-12 04:37:54,2025-12-12 06:55:39,137.7,,공통
b200_heavy_work_r1,MSF,79,BLK_79C,3,TurnOver,3,2025-12-12 06:55:39,2025-12-12 07:10:03,14.4,,공통
b200_heavy_work_r1,MSF,79,BLK_79C,3,후면SAW,4,2025-12-12 07:47:58,2025-12-12 09:38:52,110.9,,공통
b200_heavy_work_r1,MSF,79,BLK_79C,3,NC,5,2025-12-12 09:38:52,2025-12-12 10:26:52,48.0,,공통
b200_heavy_work_r1,MSF,79,BLK_79C,3,베이35A 론지취부,6,2025-12-12 10:26:52,2025-12-12 11:33:28,66.6,35A,베이35A
b200_heavy_work_r1,MSF,79,BLK_79C,3,베이35A 론지용접,7,2025-12-12 11:33:28,2025-12-12 11:58:26,25.0,35A,베이35A
b200_heavy_work_r1,MSF,79,BLK_79C,3,베이35A 수정,8,2025-12-12 11:58:26,2025-12-12 12:38:45,40.3,35A,베이35A
b200_heavy_work_r1,MSF,28,BLK_28C,4,판계,1,2025-12-11 09:49:12,2025-12-11 10:28:48,39.6,,공통
b200_heavy_work_r1,MSF,28,BLK_28C,4,전면SAW,2,2025-12-12 06:55:39,2025-12-12 09:20:53,145.2,,공통
b200_heavy_work_r1,MSF,28,BLK_28C,4,TurnOver,3,2025-12-12 09:20:53,2025-12-12 09:35:17,14.4,,공통
b200_heavy_work_r1,MSF,28,BLK_28C,4,후면SAW,4,2025-12-12 09:38:52,2025-12-12 11:36:36,117.7,,공통
b200_heavy_work_r1,MSF,28,BLK_28C,4,NC,5,2025-12-12 11:36:36,2025-12-12 12:24:51,48.3,,공통
b200_heavy_work_r1,MSF,28,BLK_28C,4,베이36B 론지취부,6,2025-12-12 12:24:51,2025-12-12 13:52:27,87.6,36B,베이36B
b200_heavy_work_r1,MSF,28,BLK_28C,4,베이36B 론지용접,7,2025-12-12 13:52:27,2025-12-12 14:21:01,28.6,36B,베이36B
b200_heavy_work_r1,MSF,28,BLK_28C,4,베이36B 수정,8,2025-12-12 14:21:01,2025-12-12 15:14:32,53.5,36B,베이36B
b200_heavy_work_r1,MSF,92,BLK_92P,5,판계,1,2025-12-11 10:28:48,2025-12-11 10:58:48,30.0,,공통
b200_heavy_work_r1,MSF,92,BLK_92P,5,전면SAW,2,2025-12-12 09:20:53,2025-12-12 09:59:15,38.4,,공통
b200_heavy_work_r1,MSF,92,BLK_92P,5,TurnOver,3,2025-12-12 09:59:15,2025-12-12 10:13:39,14.4,,공통
b200_heavy_work_r1,MSF,92,BLK_92P,5,후면SAW,4,2025-12-12 11:36:36,2025-12-12 12:01:44,25.1,,공통
b200_heavy_work_r1,MSF,92,BLK_92P,5,NC,5,2025-12-12 12:24:51,2025-12-12 13:07:29,42.6,,공통
b200_heavy_work_r1,MSF,92,BLK_92P,5,베이35A 론지취부,6,2025-12-12 13:07:29,2025-12-12 14:18:17,70.8,35A,베이35A
b200_heavy_work_r1,MSF,92,BLK_92P,5,베이35A 론지용접,7,2025-12-12 14:18:17,2025-12-12 14:43:58,25.7,35A,베이35A
b200_heavy_work_r1,MSF,92,BLK_92P,5,베이35A 수정,8,2025-12-12 14:43:58,2025-12-12 15:26:55,43.0,35A,베이35A
b200_heavy_work_r1,MSF,171,BLK_171S,6,판계,1,2025-12-11 10:58:48,2025-12-11 12:01:12,62.4,,공통
b200_heavy_work_r1,MSF,171,BLK_171S,6,전면SAW,2,2025-12-12 09:59:15,2025-12-12 13:47:15,228.0,,공통
b200_heavy_work_r1,MSF,171,BLK_171S,6,TurnOver,3,2025-12-12 13:47:15,2025-12-12 14:01:39,14.4,,공통
b200_heavy_work_r1,MSF,171,BLK_171S,6,후면SAW,4,2025-12-12 14:01:39,2025-12-12 17:19:39,198.0,,공통
b200_heavy_work_r1,MSF,171,BLK_171S,6,NC,5,2025-12-12 17:19:39,2025-12-12 18:33:28,73.8,,공통
b200_heavy_work_r1,MSF,171,BLK_171S,6,베이36B 론지취부,6,2025-12-12 18:33:28,2025-12-12 19:44:16,70.8,36B,베이36B
b200_heavy_work_r1,MSF,171,BLK_171S,6,베이36B 론지용접,7,2025-12-12 19:44:16,2025-12-12 20:09:57,25.7,36B,베이36B
b200_heavy_work_r1,MSF,171,BLK_171S,6,베이36B 수정,8,2025-12-12 20:09:57,2025-12-12 20:52:55,43.0,36B,베이36B
b200_heavy_work_r1,MSF,132,BLK_132C,7,판계,1,2025-12-11 12:01:12,2025-12-11 12:31:12,30.0,,공통
b200_heavy_work_r1,MSF,132,BLK_132C,7,전면SAW,2,2025-12-12 13:47:15,2025-12-12 14:28:39,41.4,,공통
b200_heavy_work_r1,MSF,132,BLK_132C,7,TurnOver,3,2025-12-12 14:28:39,2025-12-12 14:43:03,14.4,,공통
b200_heavy_work_r1,MSF,132,BLK_132C,7,후면SAW,4,2025-12-12 17:19:39,2025-12-12 17:48:46,29.1,,공통
b200_heavy_work_r1,MSF,132,BLK_132C,7,NC,5,2025-12-12 18:33:28,2025-12-12 19:18:48,45.3,,공통
b200_heavy_work_r1,MSF,132,BLK_132C,7,베이35A 론지취부,6,2025-12-12 19:18:48,2025-12-12 20:54:48,96.0,35A,베이35A
b200_heavy_work_r1,MSF,132,BLK_132C,7,베이35A 론지용접,7,2025-12-12 20:54:48,2025-12-12 21:24:48,30.0,35A,베이35A
b200_heavy_work_r1,MSF,132,BLK_132C,7,베이35A 수정,8,2025-12-12 21:24:48,2025-12-12 22:23:36,58.8,35A,베이35A
b200_heavy_work_r1,MSF,102,BLK_102P,8,판계,1,2025-12-11 12:31:12,2025-12-11 13:10:48,39.6,,공통
b200_heavy_work_r1,MSF,102,BLK_102P,8,전면SAW,2,2025-12-12 14:28:39,2025-12-12 16:03:45,95.1,,공통
b200_heavy_work_r1,MSF,102,BLK_102P,8,TurnOver,3,2025-12-12 16:03:45,2025-12-12 16:18:09,14.4,,공통
b200_heavy_work_r1,MSF,102,BLK_102P,8,후면SAW,4,2025-12-12 17:48:46,2025-12-12 19:18:03,89.3,,공통
b200_heavy_work_r1,MSF,102,BLK_102P,8,NC,5,2025-12-12 19:18:48,2025-12-12 20:03:48,45.0,,공통
b200_heavy_work_r1,MSF,102,BLK_102P,8,베이36B 론지취부,6,2025-12-12 20:03:48,2025-12-12 21:14:36,70.8,36B,베이36B
b200_heavy_work_r1,MSF,102,BLK_102P,8,베이36B 론지용접,7,2025-12-12 21:14:36,2025-12-12 21:40:17,25.7,36B,베이36B
b200_heavy_work_r1,MSF,102,BLK_102P,8,베이36B 수정,8,2025-12-12 21:40:17,2025-12-12 22:23:14,43.0,36B,베이36B
b200_heavy_work_r1,MSF,99,BLK_99P,9,판계,1,2025-12-11 13:10:48,2025-12-11 13:40:48,30.0,,공통
b200_heavy_work_r1,MSF,99,BLK_99P,9,전면SAW,2,2025-12-12 16:03:45,2025-12-12 16:46:30,42.7,,공통
b200_heavy_work_r1,MSF,99,BLK_99P,9,TurnOver,3,2025-12-12 16:46:30,2025-12-12 17:00:54,14.4,,공통
b200_heavy_work_r1,MSF,99,BLK_99P,9,후면SAW,4,2025-12-12 19:18:03,2025-12-12 19:48:56,30.9,,공통
b200_heavy_work_r1,MSF,99,BLK_99P,9,NC,5,2025-12-12 20:03:48,2025-12-12 20:48:29,44.7,,공통
b200_heavy_work_r1,MSF,99,BLK_99P,9,베이36B 론지취부,6,2025-12-12 21:14:36,2025-12-12 22:29:36,75.0,36B,베이36B
b200_heavy_work_r1,MSF,99,BLK_99P,9,베이36B 론지용접,7,2025-12-12 22:29:36,2025-12-12 22:56:00,26.4,36B,베이36B
b200_heavy_work_r1,MSF,99,BLK_99P,9,베이36B 수정,8,2025-12-12 22:56:00,2025-12-12 23:41:36,45.6,36B,베이36B
b200_heavy_work_r1,MSF,89,BLK_89P,10,판계,1,2025-12-11 13:40:48,2025-12-11 14:20:24,39.6,,공통
b200_heavy_work_r1,MSF,89,BLK_89P,10,전면SAW,2,2025-12-12 16:46:30,2025-12-12 18:37:06,110.6,,공통
b200_heavy_work_r1,MSF,89,BLK_89P,10,TurnOver,3,2025-12-12 18:37:06,2025-12-12 18:51:30,14.4,,공통
b200_heavy_work_r1,MSF,89,BLK_89P,10,후면SAW,4,2025-12-12 19:48:56,2025-12-12 21:15:07,86.2,,공통
b200_heavy_work_r1,MSF,89,BLK_89P,10,NC,5,2025-12-12 21:15:07,2025-12-12 22:01:46,46.7,,공통
b200_heavy_work_r1,MSF,89,BLK_89P,10,베이35A 론지취부,6,2025-12-12 22:01:46,2025-12-12 22:43:10,41.4,35A,베이35A
b200_heavy_work_r1,MSF,89,BLK_89P,10,베이35A 론지용접,7,2025-12-12 22:43:10,2025-12-12 23:03:48,20.6,35A,베이35A
b200_heavy_work_r1,MSF,89,BLK_89P,10,베이35A 수정,8,2025-12-12 23:03:48,2025-12-12 23:28:17,24.5,35A,베이35A
b200_heavy_work_r1,MSF,100,BLK_100S,11,판계,1,2025-12-11 14:20:24,2025-12-11 14:50:24,30.0,,공통
b200_heavy_work_r1,MSF,100,BLK_100S,11,전면SAW,2,2025-12-12 18:37:06,2025-12-12 19:17:57,40.8,,공통
b200_heavy_work_r1,MSF,100,BLK_100S,11,TurnOver,3,2025-12-12 19:17:57,2025-12-12 19:32:21,14.4,,공통
b200_heavy_work_r1,MSF,100,BLK_100S,11,후면SAW,4,2025-12-12 21:15:07,2025-12-12 21:43:31,28.4,,공통
b200_heavy_work_r1,MSF,100,BLK_100S,11,NC,5,2025-12-12 22:01:46,2025-12-12 22:43:38,41.9,,공통
b200_heavy_work_r1,MSF,100,BLK_100S,11,베이36B 론지취부,6,2025-12-12 22:43:38,2025-12-12 23:29:14,45.6,36B,베이36B
b200_heavy_work_r1,MSF,100,BLK_100S,11,베이36B 론지용접,7,2025-12-12 23:29:14,2025-12-12 23:50:36,21.4,36B,베이36B
b200_heavy_work_r1,MSF,100,BLK_100S,11,베이36B 수정,8,2025-12-12 23:50:36,2025-12-13 00:17:43,27.1,36B,베이36B
b200_heavy_work_r1,MSF,129,BLK_129C,12,판계,1,2025-12-11 14:50:24,2025-12-11 15:38:24,48.0,,공통
b200_heavy_work_r1,MSF,129,BLK_129C,12,전면SAW,2,2025-12-12 19:17:57,2025-12-12 21:29:52,131.9,,공통
b200_heavy_work_r1,MSF,129,BLK_129C,12,TurnOver,3,2025-12-12 21:29:52,2025-12-12 21:44:16,14.4,,공통
b200_heavy_work_r1,MSF,129,BLK_129C,12,후면SAW,4,2025-12-12 21:44:16,2025-12-12 23:33:59,109.7,,공통
b200_heavy_work_r1,MSF,129,BLK_129C,12,NC,5,2025-12-12 23:33:59,2025-12-13 00:25:28,51.5,,공통
b200_heavy_work_r1,MSF,129,BLK_129C,12,베이35A 론지취부,6,2025-12-13 00:25:28,2025-12-13 01:23:40,58.2,35A,베이35A
b200_heavy_work_r1,MSF,129,BLK_129C,12,베이35A 론지용접,7,2025-12-13 01:23:40,2025-12-13 01:47:11,23.5,35A,베이35A
b200_heavy_work_r1,MSF,129,BLK_129C,12,베이35A 수정,8,2025-12-13 01:47:11,2025-12-13 02:22:14,35.0,35A,베이35A
b200_heavy_work_r1,MSF,149,BLK_149P,13,판계,1,2025-12-11 15:38:24,2025-12-11 16:08:24,30.0,,공통
b200_heavy_work_r1,MSF,149,BLK_149P,13,전면SAW,2,2025-12-12 21:29:52,2025-12-12 22:08:00,38.1,,공통
b200_heavy_work_r1,MSF,149,BLK_149P,13,TurnOver,3,2025-12-12 22:08:00,2025-12-12 22:22:24,14.4,,공통
b200_heavy_work_r1,MSF,149,BLK_149P,13,후면SAW,4,2025-12-12 23:33:59,2025-12-12 23:58:49,24.8,,공통
b200_heavy_work_r1,MSF,149,BLK_149P,13,NC,5,2025-12-13 00:25:28,2025-12-13 01:06:29,41.0,,공통
b200_heavy_work_r1,MSF,149,BLK_149P,13,베이36B 론지취부,6,2025-12-13 01:06:29,2025-12-13 02:13:05,66.6,36B,베이36B
b200_heavy_work_r1,MSF,149,BLK_149P,13,베이36B 론지용접,7,2025-12-13 02:13:05,2025-12-13 02:38:03,25.0,36B,베이36B
b200_heavy_work_r1,MSF,149,BLK_149P,13,베이36B 수정,8,2025-12-13 02:38:03,2025-12-13 03:18:22,40.3,36B,베이36B
b200_heavy_work_r1,MSF,169,BLK_169P,14,판계,1,2025-12-11 16:08:24,2025-12-11 16:38:24,30.0,,공통
b200_heavy_work_r1,MSF,169,BLK_169P,14,전면SAW,2,2025-12-12 22:08:00,2025-12-12 22:46:39,38.6,,공통
b200_heavy_work_r1,MSF,169,BLK_169P,14,TurnOver,3,2025-12-12 22:46:39,2025-12-12 23:01:03,14.4,,공통
b200_heavy_work_r1,MSF,169,BLK_169P,14,후면SAW,4,2025-12-12 23:58:49,2025-12-13 00:24:18,25.5,,공통
b200_heavy_work_r1,MSF,169,BLK_169P,14,NC,5,2025-12-13 01:06:29,2025-12-13 01:50:10,43.7,,공통
b200_heavy_work_r1,MSF,169,BLK_169P,14,베이36B 론지취부,6,2025-12-13 02:13:05,2025-12-13 03:19:41,66.6,36B,베이36B
b200_heavy_work_r1,MSF,169,BLK_169P,14,베이36B 론지용접,7,2025-12-13 03:19:41,2025-12-13 03:44:39,25.0,36B,베이36B
b200_heavy_work_r1,MSF,169,BLK_169P,14,베이36B 수정,8,2025-12-13 03:44:39,2025-12-13 04:24:58,40.3,36B,베이36B
b200_heavy_work_r1,MSF,114,BLK_114C,15,판계,1,2025-12-11 16:38:24,2025-12-11 17:08:24,30.0,,공통
b200_heavy_work_r1,MSF,114,BLK_114C,15,전면SAW,2,2025-12-12 22:46:39,2025-12-12 23:35:00,48.4,,공통
b200_heavy_work_r1,MSF,114,BLK_114C,15,TurnOver,3,2025-12-12 23:35:00,2025-12-12 23:49:24,14.4,,공통
b200_heavy_work_r1,MSF,114,BLK_114C,15,후면SAW,4,2025-12-13 00:24:18,2025-12-13 01:02:36,38.3,,공통
b200_heavy_work_r1,MSF,114,BLK_114C,15,NC,5,2025-12-13 01:50:10,2025-12-13 02:31:22,41.2,,공통
b200_heavy_work_r1,MSF,114,BLK_114C,15,베이35A 론지취부,6,2025-12-13 02:31:22,2025-12-13 03:33:46,62.4,35A,베이35A
b200_heavy_work_r1,MSF,114,BLK_114C,15,베이35A 론지용접,7,2025-12-13 03:33:46,2025-12-13 03:58:01,24.2,35A,베이35A
b200_heavy_work_r1,MSF,114,BLK_114C,15,베이35A 수정,8,2025-12-13 03:58:01,2025-12-13 04:35:42,37.7,35A,베이35A
b200_heavy_work_r1,MSF,116,BLK_116P,1,판계,1,2025-12-12 08:00:00,2025-12-12 08:30:00,30.0,,공통
b200_heavy_work_r1,MSF,116,BLK_116P,1,전면SAW,2,2025-12-12 23:35:00,2025-12-13 00:25:13,50.2,,공통
b200_heavy_work_r1,MSF,116,BLK_116P,1,TurnOver,3,2025-12-13 00:25:13,2025-12-13 00:39:37,14.4,,공통
b200_heavy_work_r1,MSF,116,BLK_116P,1,후면SAW,4,2025-12-13 01:02:36,2025-12-13 01:43:19,40.7,,공통
b200_heavy_work_r1,MSF,116,BLK_116P,1,NC,5,2025-12-13 02:31:22,2025-12-13 03:11:29,40.1,,공통
b200_heavy_work_r1,MSF,116,BLK_116P,1,베이36B 론지취부,6,2025-12-13 03:19:41,2025-12-13 04:26:17,66.6,36B,베이36B
b200_heavy_work_r1,MSF,116,BLK_116P,1,베이36B 론지용접,7,2025-12-13 04:26:17,2025-12-13 04:51:15,25.0,36B,베이36B
b200_heavy_work_r1,MSF,116,BLK_116P,1,베이36B 수정,8,2025-12-13 04:51:15,2025-12-13 05:31:34,40.3,36B,베이36B
b200_heavy_work_r1,MSF,180,BLK_180S,2,판계,1,2025-12-12 08:30:00,2025-12-12 09:00:00,30.0,,공통
b200_heavy_work_r1,MSF,180,BLK_180S,2,전면SAW,2,2025-12-13 00:25:13,2025-12-13 01:23:35,58.4,,공통
b200_heavy_work_r1,MSF,180,BLK_180S,2,TurnOver,3,2025-12-13 01:23:35,2025-12-13 01:37:59,14.4,,공통
b200_heavy_work_r1,MSF,180,BLK_180S,2,후면SAW,4,2025-12-13 01:43:19,2025-12-13 02:34:47,51.5,,공통
b200_heavy_work_r1,MSF,180,BLK_180S,2,NC,5,2025-12-13 03:11:29,2025-12-13 03:56:35,45.1,,공통
b200_heavy_work_r1,MSF,180,BLK_180S,2,베이35A 론지취부,6,2025-12-13 03:56:35,2025-12-13 05:40:59,104.4,35A,베이35A
b200_heavy_work_r1,MSF,180,BLK_180S,2,베이35A 론지용접,7,2025-12-13 05:40:59,2025-12-13 06:12:25,31.4,35A,베이35A
b200_heavy_work_r1,MSF,180,BLK_180S,2,베이35A 수정,8,2025-12-13 06:12:25,2025-12-13 07:16:30,64.1,35A,베이35A
b200_heavy_work_r1,MSF,153,BLK_153P,3,판계,1,2025-12-12 09:00:00,2025-12-12 09:39:36,39.6,,공통
b200_heavy_work_r1,MSF,153,BLK_153P,3,전면SAW,2,2025-12-13 01:23:35,2025-12-13 03:10:21,106.8,,공통
b200_heavy_work_r1,MSF,153,BLK_153P,3,TurnOver,3,2025-12-13 03:10:21,2025-12-13 03:24:45,14.4,,공통
b200_heavy_work_r1,MSF,153,BLK_153P,3,후면SAW,4,2025-12-13 03:24:45,2025-12-13 04:47:24,82.7,,공통
b200_heavy_work_r1,MSF,153,BLK_153P,3,NC,5,2025-12-13 04:47:24,2025-12-13 05:37:48,50.4,,공통
b200_heavy_work_r1,MSF,153,BLK_153P,3,베이36B 론지취부,6,2025-12-13 05:37:48,2025-12-13 07:05:24,87.6,36B,베이36B
b200_heavy_work_r1,MSF,153,BLK_153P,3,베이36B 론지용접,7,2025-12-13 07:05:24,2025-12-13 07:33:58,28.6,36B,베이36B
b200_heavy_work_r1,MSF,153,BLK_153P,3,베이36B 수정,8,2025-12-13 07:33:58,2025-12-13 08:27:29,53.5,36B,베이36B
b200_heavy_work_r1,MSF,183,BLK_183C,4,판계,1,2025-12-12 09:39:36,2025-12-12 10:09:36,30.0,,공통
b200_heavy_work_r1,MSF,183,BLK_183C,4,전면SAW,2,2025-12-13 03:10:21,2025-12-13 03:52:21,42.0,,공통
b200_heavy_work_r1,MSF,183,BLK_183C,4,TurnOver,3,2025-12-13 03:52:21,2025-12-13 04:06:45,14.4,,공통
b200_heavy_work_r1,MSF,183,BLK_183C,4,후면SAW,4,2025-12-13 04:47:24,2025-12-13 05:17:18,29.9,,공통
b200_heavy_work_r1,MSF,183,BLK_183C,4,NC,5,2025-12-13 05:37:48,2025-12-13 06:23:08,45.3,,공통
b200_heavy_work_r1,MSF,183,BLK_183C,4,베이35A 론지취부,6,2025-12-13 06:23:08,2025-12-13 08:15:56,112.8,35A,베이35A
b200_heavy_work_r1,MSF,183,BLK_183C,4,베이35A 론지용접,7,2025-12-13 08:15:56,2025-12-13 08:48:48,32.9,35A,베이35A
b200_heavy_work_r1,MSF,183,BLK_183C,4,베이35A 수정,8,2025-12-13 08:48:48,2025-12-13 09:58:10,69.4,35A,베이35A
b200_heavy_work_r1,MSF,124,BLK_124C,5,판계,1,2025-12-12 10:09:36,2025-12-12 10:49:12,39.6,,공통
b200_heavy_work_r1,MSF,124,BLK_124C,5,전면SAW,2,2025-12-13 03:52:21,2025-12-13 06:25:18,153.0,,공통
b200_heavy_work_r1,MSF,124,BLK_124C,5,TurnOver,3,2025-12-13 06:25:18,2025-12-13 06:39:42,14.4,,공통
b200_heavy_work_r1,MSF,124,BLK_124C,5,후면SAW,4,2025-12-13 06:39:42,2025-12-13 09:16:27,156.8,,공통
b200_heavy_work_r1,MSF,124,BLK_124C,5,NC,5,2025-12-13 09:16:27,2025-12-13 10:05:18,48.8,,공통
b200_heavy_work_r1,MSF,124,BLK_124C,5,베이36B 론지취부,6,2025-12-13 10:05:18,2025-12-13 11:16:06,70.8,36B,베이36B
b200_heavy_work_r1,MSF,124,BLK_124C,5,베이36B 론지용접,7,2025-12-13 11:16:06,2025-12-13 11:41:47,25.7,36B,베이36B
b200_heavy_work_r1,MSF,124,BLK_124C,5,베이36B 수정,8,2025-12-13 11:41:47,2025-12-13 12:24:44,43.0,36B,베이36B
b200_heavy_work_r1,MSF,174,BLK_174S,6,판계,1,2025-12-12 10:49:12,2025-12-12 11:19:12,30.0,,공통
b200_heavy_work_r1,MSF,174,BLK_174S,6,전면SAW,2,2025-12-13 06:25:18,2025-12-13 07:10:53,45.6,,공통
b200_heavy_work_r1,MSF,174,BLK_174S,6,TurnOver,3,2025-12-13 07:10:53,2025-12-13 07:25:17,14.4,,공통
b200_heavy_work_r1,MSF,174,BLK_174S,6,후면SAW,4,2025-12-13 09:16:27,2025-12-13 09:51:06,34.6,,공통
b200_heavy_work_r1,MSF,174,BLK_174S,6,NC,5,2025-12-13 10:05:18,2025-12-13 10:45:33,40.3,,공통
b200_heavy_work_r1,MSF,174,BLK_174S,6,베이35A 론지취부,6,2025-12-13 10:45:33,2025-12-13 11:47:57,62.4,35A,베이35A
b200_heavy_work_r1,MSF,174,BLK_174S,6,베이35A 론지용접,7,2025-12-13 11:47:57,2025-12-13 12:12:12,24.2,35A,베이35A
b200_heavy_work_r1,MSF,174,BLK_174S,6,베이35A 수정,8,2025-12-13 12:12:12,2025-12-13 12:49:53,37.7,35A,베이35A
b200_heavy_work_r1,MSF,146,BLK_146P,7,판계,1,2025-12-12 11:19:12,2025-12-12 11:58:48,39.6,,공통
b200_heavy_work_r1,MSF,146,BLK_146P,7,전면SAW,2,2025-12-13 07:10:53,2025-12-13 09:05:07,114.2,,공통
b200_heavy_work_r1,MSF,146,BLK_146P,7,TurnOver,3,2025-12-13 09:05:07,2025-12-13 09:19:31,14.4,,공통
b200_heavy_work_r1,MSF,146,BLK_146P,7,후면SAW,4,2025-12-13 09:51:06,2025-12-13 11:20:34,89.5,,공통
b200_heavy_work_r1,MSF,146,BLK_146P,7,NC,5,2025-12-13 11:20:34,2025-12-13 12:10:09,49.6,,공통
b200_heavy_work_r1,MSF,146,BLK_146P,7,베이36B 론지취부,6,2025-12-13 12:10:09,2025-12-13 13:46:09,96.0,36B,베이36B
b200_heavy_work_r1,MSF,146,BLK_146P,7,베이36B 론지용접,7,2025-12-13 13:46:09,2025-12-13 14:16:09,30.0,36B,베이36B
b200_heavy_work_r1,MSF,146,BLK_146P,7,베이36B 수정,8,2025-12-13 14:16:09,2025-12-13 15:14:57,58.8,36B,베이36B
b200_heavy_work_r1,MSF,178,BLK_178C,8,판계,1,2025-12-12 11:58:48,2025-12-12 12:28:48,30.0,,공통
b200_heavy_work_r1,MSF,178,BLK_178C,8,전면SAW,2,2025-12-13 09:05:07,2025-12-13 09:49:58,44.9,,공통
b200_heavy_work_r1,MSF,178,BLK_178C,8,TurnOver,3,2025-12-13 09:49:58,2025-12-13 10:04:22,14.4,,공통
b200_heavy_work_r1,MSF,178,BLK_178C,8,후면SAW,4,2025-12-13 11:20:34,2025-12-13 11:54:14,33.7,,공통
b200_heavy_work_r1,MSF,178,BLK_178C,8,NC,5,2025-12-13 12:10:09,2025-12-13 12:51:02,40.9,,공통
b200_heavy_work_r1,MSF,178,BLK_178C,8,베이35A 론지취부,6,2025-12-13 12:51:02,2025-12-13 13:53:26,62.4,35A,베이35A
b200_heavy_work_r1,MSF,178,BLK_178C,8,베이35A 론지용접,7,2025-12-13 13:53:26,2025-12-13 14:17:41,24.2,35A,베이35A
b200_heavy_work_r1,MSF,178,BLK_178C,8,베이35A 수정,8,2025-12-13 14:17:41,2025-12-13 14:55:22,37.7,35A,베이35A
b200_heavy_work_r1,MSF,51,BLK_51C,9,판계,1,2025-12-12 12:28:48,2025-12-12 13:04:48,36.0,,공통
b200_heavy_work_r1,MSF,51,BLK_51C,9,전면SAW,2,2025-12-13 09:49:58,2025-12-13 10:26:13,36.2,,공통
b200_heavy_work_r1,MSF,51,BLK_51C,9,TurnOver,3,2025-12-13 10:26:13,2025-12-13 10:40:37,14.4,,공통
b200_heavy_work_r1,MSF,51,BLK_51C,9,후면SAW,4,2025-12-13 11:54:14,2025-12-13 12:16:34,22.3,,공통
b200_heavy_work_r1,MSF,51,BLK_51C,9,NC,5,2025-12-13 12:51:02,2025-12-13 13:38:46,47.7,,공통
b200_heavy_work_r1,MSF,51,BLK_51C,9,베이36B 론지취부,6,2025-12-13 13:46:09,2025-12-13 14:44:21,58.2,36B,베이36B
b200_heavy_work_r1,MSF,51,BLK_51C,9,베이36B 론지용접,7,2025-12-13 14:44:21,2025-12-13 15:07:52,23.5,36B,베이36B
b200_heavy_work_r1,MSF,51,BLK_51C,9,베이36B 수정,8,2025-12-13 15:14:57,2025-12-13 15:49:59,35.0,36B,베이36B
b200_heavy_work_r1,MSF,32,BLK_32P,10,판계,1,2025-12-12 13:04:48,2025-12-12 13:40:48,36.0,,공통
b200_heavy_work_r1,MSF,32,BLK_32P,10,전면SAW,2,2025-12-13 10:26:13,2025-12-13 11:07:12,41.0,,공통
b200_heavy_work_r1,MSF,32,BLK_32P,10,TurnOver,3,2025-12-13 11:07:12,2025-12-13 11:21:36,14.4,,공통
b200_heavy_work_r1,MSF,32,BLK_32P,10,후면SAW,4,2025-12-13 12:16:34,2025-12-13 12:45:10,28.6,,공통
b200_heavy_work_r1,MSF,32,BLK_32P,10,NC,5,2025-12-13 13:38:46,2025-12-13 14:29:36,50.8,,공통
b200_heavy_work_r1,MSF,32,BLK_32P,10,베이35A 론지취부,6,2025-12-13 14:29:36,2025-12-13 15:57:12,87.6,35A,베이35A
b200_heavy_work_r1,MSF,32,BLK_32P,10,베이35A 론지용접,7,2025-12-13 15:57:12,2025-12-13 16:25:45,28.6,35A,베이35A
b200_heavy_work_r1,MSF,32,BLK_32P,10,베이35A 수정,8,2025-12-13 16:25:45,2025-12-13 17:19:17,53.5,35A,베이35A
b200_heavy_work_r1,MSF,40,BLK_40S,11,판계,1,2025-12-12 13:40:48,2025-12-12 14:34:48,54.0,,공통
b200_heavy_work_r1,MSF,40,BLK_40S,11,전면SAW,2,2025-12-13 11:07:12,2025-12-13 14:23:55,196.7,,공통
b200_heavy_work_r1,MSF,40,BLK_40S,11,TurnOver,3,2025-12-13 14:23:55,2025-12-13 14:38:19,14.4,,공통
b200_heavy_work_r1,MSF,40,BLK_40S,11,후면SAW,4,2025-12-13 14:38:19,2025-12-13 17:03:51,145.5,,공통
b200_heavy_work_r1,MSF,40,BLK_40S,11,NC,5,2025-12-13 17:03:51,2025-12-13 18:08:42,64.9,,공통
b200_heavy_work_r1,MSF,40,BLK_40S,11,베이36B 론지취부,6,2025-12-13 18:08:42,2025-12-13 19:53:06,104.4,36B,베이36B
b200_heavy_work_r1,MSF,40,BLK_40S,11,베이36B 론지용접,7,2025-12-13 19:53:06,2025-12-13 20:24:33,31.4,36B,베이36B
b200_heavy_work_r1,MSF,40,BLK_40S,11,베이36B 수정,8,2025-12-13 20:24:33,2025-12-13 21:28:37,64.1,36B,베이36B
b200_heavy_work_r1,MSF,55,BLK_55C,12,판계,1,2025-12-12 14:34:48,2025-12-12 15:10:48,36.0,,공통
b200_heavy_work_r1,MSF,55,BLK_55C,12,전면SAW,2,2025-12-13 14:23:55,2025-12-13 14:59:15,35.3,,공통
b200_heavy_work_r1,MSF,55,BLK_55C,12,TurnOver,3,2025-12-13 14:59:15,2025-12-13 15:13:39,14.4,,공통
b200_heavy_work_r1,MSF,55,BLK_55C,12,후면SAW,4,2025-12-13 17:03:51,2025-12-13 17:24:59,21.1,,공통
b200_heavy_work_r1,MSF,55,BLK_55C,12,NC,5,2025-12-13 18:08:42,2025-12-13 18:55:50,47.1,,공통
b200_heavy_work_r1,MSF,55,BLK_55C,12,베이35A 론지취부,6,2025-12-13 18:55:50,2025-12-13 20:06:38,70.8,35A,베이35A
b200_heavy_work_r1,MSF,55,BLK_55C,12,베이35A 론지용접,7,2025-12-13 20:06:38,2025-12-13 20:32:19,25.7,35A,베이35A
b200_heavy_work_r1,MSF,55,BLK_55C,12,베이35A 수정,8,2025-12-13 20:32:19,2025-12-13 21:15:17,43.0,35A,베이35A
b200_heavy_work_r1,MSF,48,BLK_48P,13,판계,1,2025-12-12 15:10:48,2025-12-12 16:04:48,54.0,,공통
b200_heavy_work_r1,MSF,48,BLK_48P,13,전면SAW,2,2025-12-13 14:59:15,2025-12-13 18:47:15,228.0,,공통
b200_heavy_work_r1,MSF,48,BLK_48P,13,TurnOver,3,2025-12-13 18:47:15,2025-12-13 19:01:39,14.4,,공통
b200_heavy_work_r1,MSF,48,BLK_48P,13,후면SAW,4,2025-12-13 19:01:39,2025-12-13 21:48:30,166.9,,공통
b200_heavy_work_r1,MSF,48,BLK_48P,13,NC,5,2025-12-13 21:48:30,2025-12-13 22:55:46,67.3,,공통
b200_heavy_work_r1,MSF,48,BLK_48P,13,베이36B 론지취부,6,2025-12-13 22:55:46,2025-12-14 00:10:46,75.0,36B,베이36B
b200_heavy_work_r1,MSF,48,BLK_48P,13,베이36B 론지용접,7,2025-12-14 00:10:46,2025-12-14 00:37:10,26.4,36B,베이36B
b200_heavy_work_r1,MSF,48,BLK_48P,13,베이36B 수정,8,2025-12-14 00:37:10,2025-12-14 01:22:46,45.6,36B,베이36B
b200_heavy_work_r1,MSF,76,BLK_76S,14,판계,1,2025-12-12 16:04:48,2025-12-12 16:40:48,36.0,,공통
b200_heavy_work_r1,MSF,76,BLK_76S,14,전면SAW,2,2025-12-13 18:47:15,2025-12-13 19:33:36,46.4,,공통
b200_heavy_work_r1,MSF,76,BLK_76S,14,TurnOver,3,2025-12-13 19:33:36,2025-12-13 19:48:00,14.4,,공통
b200_heavy_work_r1,MSF,76,BLK_76S,14,후면SAW,4,2025-12-13 21:48:30,2025-12-13 22:24:10,35.7,,공통
b200_heavy_work_r1,MSF,76,BLK_76S,14,NC,5,2025-12-13 22:55:46,2025-12-13 23:42:00,46.2,,공통
b200_heavy_work_r1,MSF,76,BLK_76S,14,베이35A 론지취부,6,2025-12-13 23:42:00,2025-12-14 00:36:00,54.0,35A,베이35A
b200_heavy_work_r1,MSF,76,BLK_76S,14,베이35A 론지용접,7,2025-12-14 00:36:00,2025-12-14 00:58:48,22.8,35A,베이35A
b200_heavy_work_r1,MSF,76,BLK_76S,14,베이35A 수정,8,2025-12-14 00:58:48,2025-12-14 01:31:12,32.4,35A,베이35A
b200_heavy_work_r1,MSF,59,BLK_59S,1,판계,1,2025-12-13 08:00:00,2025-12-13 08:36:00,36.0,,공통
b200_heavy_work_r1,MSF,59,BLK_59S,1,전면SAW,2,2025-12-13 19:33:36,2025-12-13 20:17:46,44.2,,공통
b200_heavy_work_r1,MSF,59,BLK_59S,1,TurnOver,3,2025-12-13 20:17:46,2025-12-13 20:32:10,14.4,,공통
b200_heavy_work_r1,MSF,59,BLK_59S,1,후면SAW,4,2025-12-13 22:24:10,2025-12-13 22:56:55,32.8,,공통
b200_heavy_work_r1,MSF,59,BLK_59S,1,NC,5,2025-12-13 23:42:00,2025-12-14 00:28:54,46.9,,공통
b200_heavy_work_r1,MSF,59,BLK_59S,1,베이36B 론지취부,6,2025-12-14 00:28:54,2025-12-14 01:52:18,83.4,36B,베이36B
b200_heavy_work_r1,MSF,59,BLK_59S,1,베이36B 론지용접,7,2025-12-14 01:52:18,2025-12-14 02:20:08,27.8,36B,베이36B
b200_heavy_work_r1,MSF,59,BLK_59S,1,베이36B 수정,8,2025-12-14 02:20:08,2025-12-14 03:11:01,50.9,36B,베이36B
b200_heavy_work_r1,MSF,60,BLK_60C,2,판계,1,2025-12-13 08:36:00,2025-12-13 09:30:00,54.0,,공통
b200_heavy_work_r1,MSF,60,BLK_60C,2,전면SAW,2,2025-12-13 20:17:46,2025-12-13 22:32:15,134.5,,공통
b200_heavy_work_r1,MSF,60,BLK_60C,2,TurnOver,3,2025-12-13 22:32:15,2025-12-13 22:46:39,14.4,,공통
b200_heavy_work_r1,MSF,60,BLK_60C,2,후면SAW,4,2025-12-13 22:56:55,2025-12-14 00:49:06,112.2,,공통
b200_heavy_work_r1,MSF,60,BLK_60C,2,NC,5,2025-12-14 00:49:06,2025-12-14 01:49:05,60.0,,공통
b200_heavy_work_r1,MSF,60,BLK_60C,2,베이35A 론지취부,6,2025-12-14 01:49:05,2025-12-14 02:59:53,70.8,35A,베이35A
b200_heavy_work_r1,MSF,60,BLK_60C,2,베이35A 론지용접,7,2025-12-14 02:59:53,2025-12-14 03:25:34,25.7,35A,베이35A
b200_heavy_work_r1,MSF,60,BLK_60C,2,베이35A 수정,8,2025-12-14 03:25:34,2025-12-14 04:08:31,43.0,35A,베이35A
b200_heavy_work_r1,MSF,193,BLK_32S,3,판계,1,2025-12-13 09:30:00,2025-12-13 10:06:00,36.0,,공통
b200_heavy_work_r1,MSF,193,BLK_32S,3,전면SAW,2,2025-12-13 22:32:15,2025-12-13 23:13:14,41.0,,공통
b200_heavy_work_r1,MSF,193,BLK_32S,3,TurnOver,3,2025-12-13 23:13:14,2025-12-13 23:27:38,14.4,,공통
b200_heavy_work_r1,MSF,193,BLK_32S,3,후면SAW,4,2025-12-14 00:49:06,2025-12-14 01:17:42,28.6,,공통
b200_heavy_work_r1,MSF,193,BLK_32S,3,NC,5,2025-12-14 01:49:05,2025-12-14 02:39:55,50.8,,공통
b200_heavy_work_r1,MSF,193,BLK_32S,3,베이36B 론지취부,6,2025-12-14 02:39:55,2025-12-14 04:07:31,87.6,36B,베이36B
b200_heavy_work_r1,MSF,193,BLK_32S,3,베이36B 론지용접,7,2025-12-14 04:07:31,2025-12-14 04:36:05,28.6,36B,베이36B
b200_heavy_work_r1,MSF,193,BLK_32S,3,베이36B 수정,8,2025-12-14 04:36:05,2025-12-14 05:29:36,53.5,36B,베이36B
b200_heavy_work_r1,MSF,81,BLK_81C,4,판계,1,2025-12-13 10:06:00,2025-12-13 10:42:00,36.0,,공통
b200_heavy_work_r1,MSF,81,BLK_81C,4,전면SAW,2,2025-12-13 23:13:14,2025-12-13 23:54:43,41.5,,공통
b200_heavy_work_r1,MSF,81,BLK_81C,4,TurnOver,3,2025-12-13 23:54:43,2025-12-14 00:09:07,14.4,,공통
b200_heavy_work_r1,MSF,81,BLK_81C,4,후면SAW,4,2025-12-14 01:17:42,2025-12-14 01:46:55,29.2,,공통
b200_heavy_work_r1,MSF,81,BLK_81C,4,NC,5,2025-12-14 02:39:55,2025-12-14 03:32:47,52.9,,공통
b200_heavy_work_r1,MSF,81,BLK_81C,4,베이35A 론지취부,6,2025-12-14 03:32:47,2025-12-14 05:04:35,91.8,35A,베이35A
b200_heavy_work_r1,MSF,81,BLK_81C,4,베이35A 론지용접,7,2025-12-14 05:04:35,2025-12-14 05:33:51,29.3,35A,베이35A
b200_heavy_work_r1,MSF,81,BLK_81C,4,베이35A 수정,8,2025-12-14 05:33:51,2025-12-14 06:30:01,56.2,35A,베이35A
b200_heavy_work_r1,MSF,82,BLK_82C,5,판계,1,2025-12-13 10:42:00,2025-12-13 11:18:00,36.0,,공통
b200_heavy_work_r1,MSF,82,BLK_82C,5,전면SAW,2,2025-12-13 23:54:43,2025-12-14 03:42:43,228.0,,공통
b200_heavy_work_r1,MSF,82,BLK_82C,5,TurnOver,3,2025-12-14 03:42:43,2025-12-14 03:57:07,14.4,,공통
b200_heavy_work_r1,MSF,82,BLK_82C,5,후면SAW,4,2025-12-14 03:57:07,2025-12-14 06:53:22,176.3,,공통
b200_heavy_work_r1,MSF,82,BLK_82C,5,NC,5,2025-12-14 06:53:22,2025-12-14 08:15:34,82.2,,공통
b200_heavy_work_r1,MSF,82,BLK_82C,5,베이36B 론지취부,6,2025-12-14 08:15:34,2025-12-14 10:04:10,108.6,36B,베이36B
b200_heavy_work_r1,MSF,82,BLK_82C,5,베이36B 론지용접,7,2025-12-14 10:04:10,2025-12-14 10:36:20,32.2,36B,베이36B
b200_heavy_work_r1,MSF,82,BLK_82C,5,베이36B 수정,8,2025-12-14 10:36:20,2025-12-14 11:43:03,66.7,36B,베이36B
b200_heavy_work_r1,MSF,111,BLK_111S,6,판계,1,2025-12-13 11:18:00,2025-12-13 11:54:00,36.0,,공통
b200_heavy_work_r1,MSF,111,BLK_111S,6,전면SAW,2,2025-12-14 03:42:43,2025-12-14 04:38:42,56.0,,공통
b200_heavy_work_r1,MSF,111,BLK_111S,6,TurnOver,3,2025-12-14 04:38:42,2025-12-14 04:53:06,14.4,,공통
b200_heavy_work_r1,MSF,111,BLK_111S,6,후면SAW,4,2025-12-14 06:53:22,2025-12-14 07:41:43,48.3,,공통
b200_heavy_work_r1,MSF,111,BLK_111S,6,NC,5,2025-12-14 08:15:34,2025-12-14 09:08:46,53.2,,공통
b200_heavy_work_r1,MSF,111,BLK_111S,6,베이35A 론지취부,6,2025-12-14 09:08:46,2025-12-14 11:09:58,121.2,35A,베이35A
b200_heavy_work_r1,MSF,111,BLK_111S,6,베이35A 론지용접,7,2025-12-14 11:09:58,2025-12-14 11:44:17,34.3,35A,베이35A
b200_heavy_work_r1,MSF,111,BLK_111S,6,베이35A 수정,8,2025-12-14 11:44:17,2025-12-14 12:58:55,74.6,35A,베이35A
b200_heavy_work_r1,MSF,141,BLK_141P,7,판계,1,2025-12-13 11:54:00,2025-12-13 12:30:00,36.0,,공통
b200_heavy_work_r1,MSF,141,BLK_141P,7,전면SAW,2,2025-12-14 04:38:42,2025-12-14 05:18:38,39.9,,공통
b200_heavy_work_r1,MSF,141,BLK_141P,7,TurnOver,3,2025-12-14 05:18:38,2025-12-14 05:33:02,14.4,,공통
b200_heavy_work_r1,MSF,141,BLK_141P,7,후면SAW,4,2025-12-14 07:41:43,2025-12-14 08:08:55,27.2,,공통
b200_heavy_work_r1,MSF,141,BLK_141P,7,NC,5,2025-12-14 09:08:46,2025-12-14 10:00:18,51.5,,공통
b200_heavy_work_r1,MSF,141,BLK_141P,7,베이36B 론지취부,6,2025-12-14 10:04:10,2025-12-14 11:35:58,91.8,36B,베이36B
b200_heavy_work_r1,MSF,141,BLK_141P,7,베이36B 론지용접,7,2025-12-14 11:35:58,2025-12-14 12:05:15,29.3,36B,베이36B
b200_heavy_work_r1,MSF,141,BLK_141P,7,베이36B 수정,8,2025-12-14 12:05:15,2025-12-14 13:01:24,56.2,36B,베이36B
b200_heavy_work_r1,MSF,161,BLK_161P,8,판계,1,2025-12-13 12:30:00,2025-12-13 13:06:00,36.0,,공통
b200_heavy_work_r1,MSF,161,BLK_161P,8,전면SAW,2,2025-12-14 05:18:38,2025-12-14 06:05:38,47.0,,공통
b200_heavy_work_r1,MSF,161,BLK_161P,8,TurnOver,3,2025-12-14 06:05:38,2025-12-14 06:20:02,14.4,,공통
b200_heavy_work_r1,MSF,161,BLK_161P,8,후면SAW,4,2025-12-14 08:08:55,2025-12-14 08:45:24,36.5,,공통
b200_heavy_work_r1,MSF,161,BLK_161P,8,NC,5,2025-12-14 10:00:18,2025-12-14 10:46:22,46.1,,공통
b200_heavy_work_r1,MSF,161,BLK_161P,8,베이35A 론지취부,6,2025-12-14 11:09:58,2025-12-14 12:03:58,54.0,35A,베이35A
b200_heavy_work_r1,MSF,161,BLK_161P,8,베이35A 론지용접,7,2025-12-14 12:03:58,2025-12-14 12:26:46,22.8,35A,베이35A
b200_heavy_work_r1,MSF,161,BLK_161P,8,베이35A 수정,8,2025-12-14 12:58:55,2025-12-14 13:31:19,32.4,35A,베이35A
b200_heavy_work_r1,MSF,109,BLK_109S,1,판계,1,2025-12-14 08:00:00,2025-12-14 08:36:00,36.0,,공통
b200_heavy_work_r1,MSF,109,BLK_109S,1,전면SAW,2,2025-12-14 08:36:00,2025-12-14 09:33:01,57.0,,공통
b200_heavy_work_r1,MSF,109,BLK_109S,1,TurnOver,3,2025-12-14 09:33:01,2025-12-14 09:47:25,14.4,,공통
b200_heavy_work_r1,MSF,109,BLK_109S,1,후면SAW,4,2025-12-14 09:47:25,2025-12-14 10:37:06,49.7,,공통
b200_heavy_work_r1,MSF,109,BLK_109S,1,NC,5,2025-12-14 10:46:22,2025-12-14 11:42:36,56.2,,공통
b200_heavy_work_r1,MSF,109,BLK_109S,1,베이36B 론지취부,6,2025-12-14 11:42:36,2025-12-14 14:21:36,159.0,36B,베이36B
b200_heavy_work_r1,MSF,109,BLK_109S,1,베이36B 론지용접,7,2025-12-14 14:21:36,2025-12-14 15:02:24,40.8,36B,베이36B
b200_heavy_work_r1,MSF,109,BLK_109S,1,베이36B 수정,8,2025-12-14 15:02:24,2025-12-14 16:40:48,98.4,36B,베이36B
b200_heavy_work_r1,MSF,112,BLK_112P,2,판계,1,2025-12-14 08:36:00,2025-12-14 09:12:00,36.0,,공통
b200_heavy_work_r1,MSF,112,BLK_112P,2,전면SAW,2,2025-12-14 09:33:01,2025-12-14 10:12:02,39.0,,공통
b200_heavy_work_r1,MSF,112,BLK_112P,2,TurnOver,3,2025-12-14 10:12:02,2025-12-14 10:26:26,14.4,,공통
b200_heavy_work_r1,MSF,112,BLK_112P,2,후면SAW,4,2025-12-14 10:37:06,2025-12-14 11:03:05,26.0,,공통
b200_heavy_work_r1,MSF,112,BLK_112P,2,NC,5,2025-12-14 11:42:36,2025-12-14 12:31:06,48.5,,공통
b200_heavy_work_r1,MSF,112,BLK_112P,2,베이35A 론지취부,6,2025-12-14 12:31:06,2025-12-14 13:37:42,66.6,35A,베이35A
b200_heavy_work_r1,MSF,112,BLK_112P,2,베이35A 론지용접,7,2025-12-14 13:37:42,2025-12-14 14:02:40,25.0,35A,베이35A
b200_heavy_work_r1,MSF,112,BLK_112P,2,베이35A 수정,8,2025-12-14 14:02:40,2025-12-14 14:42:59,40.3,35A,베이35A
b200_heavy_work_r1,MSF,119,BLK_119S,3,판계,1,2025-12-14 09:12:00,2025-12-14 10:06:00,54.0,,공통
b200_heavy_work_r1,MSF,119,BLK_119S,3,전면SAW,2,2025-12-14 10:12:02,2025-12-14 13:47:00,215.0,,공통
b200_heavy_work_r1,MSF,119,BLK_119S,3,TurnOver,3,2025-12-14 13:47:00,2025-12-14 14:01:24,14.4,,공통
b200_heavy_work_r1,MSF,119,BLK_119S,3,후면SAW,4,2025-12-14 14:01:24,2025-12-14 16:37:54,156.5,,공통
b200_heavy_work_r1,MSF,119,BLK_119S,3,NC,5,2025-12-14 16:37:54,2025-12-14 17:47:06,69.2,,공통
b200_heavy_work_r1,MSF,119,BLK_119S,3,베이36B 론지취부,6,2025-12-14 17:47:06,2025-12-14 19:02:06,75.0,36B,베이36B
b200_heavy_work_r1,MSF,119,BLK_119S,3,베이36B 론지용접,7,2025-12-14 19:02:06,2025-12-14 19:28:30,26.4,36B,베이36B
b200_heavy_work_r1,MSF,119,BLK_119S,3,베이36B 수정,8,2025-12-14 19:28:30,2025-12-14 20:14:06,45.6,36B,베이36B
b200_heavy_work_r1,MSF,120,BLK_120C,4,판계,1,2025-12-14 10:06:00,2025-12-14 10:42:00,36.0,,공통
b200_heavy_work_r1,MSF,120,BLK_120C,4,전면SAW,2,2025-12-14 13:47:00,2025-12-14 14:21:57,35.0,,공통
b200_heavy_work_r1,MSF,120,BLK_120C,4,TurnOver,3,2025-12-14 14:21:57,2025-12-14 14:36:21,14.4,,공통
b200_heavy_work_r1,MSF,120,BLK_120C,4,후면SAW,4,2025-12-14 16:37:54,2025-12-14 16:58:33,20.7,,공통
b200_heavy_work_r1,MSF,120,BLK_120C,4,NC,5,2025-12-14 17:47:06,2025-12-14 18:35:57,48.8,,공통
b200_heavy_work_r1,MSF,120,BLK_120C,4,베이35A 론지취부,6,2025-12-14 18:35:57,2025-12-14 20:03:33,87.6,35A,베이35A
b200_heavy_work_r1,MSF,120,BLK_120C,4,베이35A 론지용접,7,2025-12-14 20:03:33,2025-12-14 20:32:06,28.6,35A,베이35A
b200_heavy_work_r1,MSF,120,BLK_120C,4,베이35A 수정,8,2025-12-14 20:32:06,2025-12-14 21:25:37,53.5,35A,베이35A
b200_heavy_work_r1,MSF,122,BLK_122S,5,판계,1,2025-12-14 10:42:00,2025-12-14 11:18:00,36.0,,공통
b200_heavy_work_r1,MSF,122,BLK_122S,5,전면SAW,2,2025-12-14 14:21:57,2025-12-14 15:06:51,44.9,,공통
b200_heavy_work_r1,MSF,122,BLK_122S,5,TurnOver,3,2025-12-14 15:06:51,2025-12-14 15:21:15,14.4,,공통
b200_heavy_work_r1,MSF,122,BLK_122S,5,후면SAW,4,2025-12-14 16:58:33,2025-12-14 17:32:17,33.7,,공통
b200_heavy_work_r1,MSF,122,BLK_122S,5,NC,5,2025-12-14 18:35:57,2025-12-14 19:21:13,45.3,,공통
b200_heavy_work_r1,MSF,122,BLK_122S,5,베이36B 론지취부,6,2025-12-14 19:21:13,2025-12-14 20:23:37,62.4,36B,베이36B
b200_heavy_work_r1,MSF,122,BLK_122S,5,베이36B 론지용접,7,2025-12-14 20:23:37,2025-12-14 20:47:52,24.2,36B,베이36B
b200_heavy_work_r1,MSF,122,BLK_122S,5,베이36B 수정,8,2025-12-14 20:47:52,2025-12-14 21:25:32,37.7,36B,베이36B
b200_heavy_work_r1,MSF,123,BLK_123S,6,판계,1,2025-12-14 11:18:00,2025-12-14 12:12:00,54.0,,공통
b200_heavy_work_r1,MSF,123,BLK_123S,6,전면SAW,2,2025-12-14 15:06:51,2025-12-14 17:20:18,133.5,,공통
b200_heavy_work_r1,MSF,123,BLK_123S,6,TurnOver,3,2025-12-14 17:20:18,2025-12-14 17:34:42,14.4,,공통
b200_heavy_work_r1,MSF,123,BLK_123S,6,후면SAW,4,2025-12-14 17:34:42,2025-12-14 19:09:36,94.9,,공통
b200_heavy_work_r1,MSF,123,BLK_123S,6,NC,5,2025-12-14 19:21:13,2025-12-14 20:20:14,59.0,,공통
b200_heavy_work_r1,MSF,123,BLK_123S,6,베이35A 론지취부,6,2025-12-14 20:20:14,2025-12-14 21:14:14,54.0,35A,베이35A
b200_heavy_work_r1,MSF,123,BLK_123S,6,베이35A 론지용접,7,2025-12-14 21:14:14,2025-12-14 21:37:02,22.8,35A,베이35A
b200_heavy_work_r1,MSF,123,BLK_123S,6,베이35A 수정,8,2025-12-14 21:37:02,2025-12-14 22:09:26,32.4,35A,베이35A
b200_heavy_work_r1,MSF,126,BLK_126C,7,판계,1,2025-12-14 12:12:00,2025-12-14 12:48:00,36.0,,공통
b200_heavy_work_r1,MSF,126,BLK_126C,7,전면SAW,2,2025-12-14 17:20:18,2025-12-14 17:55:48,35.5,,공통
b200_heavy_work_r1,MSF,126,BLK_126C,7,TurnOver,3,2025-12-14 17:55:48,2025-12-14 18:10:12,14.4,,공통
b200_heavy_work_r1,MSF,126,BLK_126C,7,후면SAW,4,2025-12-14 19:09:36,2025-12-14 19:30:57,21.4,,공통
b200_heavy_work_r1,MSF,126,BLK_126C,7,NC,5,2025-12-14 20:20:14,2025-12-14 21:10:51,50.6,,공통
b200_heavy_work_r1,MSF,126,BLK_126C,7,베이36B 론지취부,6,2025-12-14 21:10:51,2025-12-14 22:21:39,70.8,36B,베이36B
b200_heavy_work_r1,MSF,126,BLK_126C,7,베이36B 론지용접,7,2025-12-14 22:21:39,2025-12-14 22:47:20,25.7,36B,베이36B
b200_heavy_work_r1,MSF,126,BLK_126C,7,베이36B 수정,8,2025-12-14 22:47:20,2025-12-14 23:30:18,43.0,36B,베이36B
b200_heavy_work_r1,MSF,134,BLK_134C,8,판계,1,2025-12-14 12:48:00,2025-12-14 13:24:00,36.0,,공통
b200_heavy_work_r1,MSF,134,BLK_134C,8,전면SAW,2,2025-12-14 17:55:48,2025-12-14 18:33:02,37.2,,공통
b200_heavy_work_r1,MSF,134,BLK_134C,8,TurnOver,3,2025-12-14 18:33:02,2025-12-14 18:47:26,14.4,,공통
b200_heavy_work_r1,MSF,134,BLK_134C,8,후면SAW,4,2025-12-14 19:30:57,2025-12-14 19:54:36,23.6,,공통
b200_heavy_work_r1,MSF,134,BLK_134C,8,NC,5,2025-12-14 21:10:51,2025-12-14 21:59:21,48.5,,공통
b200_heavy_work_r1,MSF,134,BLK_134C,8,베이35A 론지취부,6,2025-12-14 21:59:21,2025-12-14 23:05:57,66.6,35A,베이35A
b200_heavy_work_r1,MSF,134,BLK_134C,8,베이35A 론지용접,7,2025-12-14 23:05:57,2025-12-14 23:30:55,25.0,35A,베이35A
b200_heavy_work_r1,MSF,134,BLK_134C,8,베이35A 수정,8,2025-12-14 23:30:55,2025-12-15 00:11:14,40.3,35A,베이35A
b200_heavy_work_r1,MSF,140,BLK_140C,1,판계,1,2025-12-15 08:00:00,2025-12-15 08:36:00,36.0,,공통
b200_heavy_work_r1,MSF,140,BLK_140C,1,전면SAW,2,2025-12-15 08:36:00,2025-12-15 09:30:08,54.1,,공통
b200_heavy_work_r1,MSF,140,BLK_140C,1,TurnOver,3,2025-12-15 09:30:08,2025-12-15 09:44:32,14.4,,공통
b200_heavy_work_r1,MSF,140,BLK_140C,1,후면SAW,4,2025-12-15 09:44:32,2025-12-15 10:30:26,45.9,,공통
b200_heavy_work_r1,MSF,140,BLK_140C,1,NC,5,2025-12-15 10:30:26,2025-12-15 11:20:37,50.2,,공통
b200_heavy_work_r1,MSF,140,BLK_140C,1,베이36B 론지취부,6,2025-12-15 11:20:37,2025-12-15 12:39:49,79.2,36B,베이36B
b200_heavy_work_r1,MSF,140,BLK_140C,1,베이36B 론지용접,7,2025-12-15 12:39:49,2025-12-15 13:06:56,27.1,36B,베이36B
b200_heavy_work_r1,MSF,140,BLK_140C,1,베이36B 수정,8,2025-12-15 13:06:56,2025-12-15 13:55:11,48.2,36B,베이36B
b200_heavy_work_r1,MSF,142,BLK_142S,2,판계,1,2025-12-15 08:36:00,2025-12-15 09:30:00,54.0,,공통
b200_heavy_work_r1,MSF,142,BLK_142S,2,전면SAW,2,2025-12-15 09:30:08,2025-12-15 12:54:20,204.2,,공통
b200_heavy_work_r1,MSF,142,BLK_142S,2,TurnOver,3,2025-12-15 12:54:20,2025-12-15 13:08:44,14.4,,공통
b200_heavy_work_r1,MSF,142,BLK_142S,2,후면SAW,4,2025-12-15 13:08:44,2025-12-15 15:40:15,151.5,,공통
b200_heavy_work_r1,MSF,142,BLK_142S,2,NC,5,2025-12-15 15:40:15,2025-12-15 16:45:55,65.7,,공통
b200_heavy_work_r1,MSF,142,BLK_142S,2,베이35A 론지취부,6,2025-12-15 16:45:55,2025-12-15 18:42:55,117.0,35A,베이35A
b200_heavy_work_r1,MSF,142,BLK_142S,2,베이35A 론지용접,7,2025-12-15 18:42:55,2025-12-15 19:16:31,33.6,35A,베이35A
b200_heavy_work_r1,MSF,142,BLK_142S,2,베이35A 수정,8,2025-12-15 19:16:31,2025-12-15 20:28:31,72.0,35A,베이35A
b200_heavy_work_r1,MSF,143,BLK_143S,3,판계,1,2025-12-15 09:30:00,2025-12-15 10:06:00,36.0,,공통
b200_heavy_work_r1,MSF,143,BLK_143S,3,전면SAW,2,2025-12-15 12:54:20,2025-12-15 13:34:37,40.3,,공통
b200_heavy_work_r1,MSF,143,BLK_143S,3,TurnOver,3,2025-12-15 13:34:37,2025-12-15 13:49:01,14.4,,공통
b200_heavy_work_r1,MSF,143,BLK_143S,3,후면SAW,4,2025-12-15 15:40:15,2025-12-15 16:07:54,27.6,,공통
b200_heavy_work_r1,MSF,143,BLK_143S,3,NC,5,2025-12-15 16:45:55,2025-12-15 17:38:39,52.7,,공통
b200_heavy_work_r1,MSF,143,BLK_143S,3,베이36B 론지취부,6,2025-12-15 17:38:39,2025-12-15 19:31:27,112.8,36B,베이36B
b200_heavy_work_r1,MSF,143,BLK_143S,3,베이36B 론지용접,7,2025-12-15 19:31:27,2025-12-15 20:04:20,32.9,36B,베이36B
b200_heavy_work_r1,MSF,143,BLK_143S,3,베이36B 수정,8,2025-12-15 20:04:20,2025-12-15 21:13:42,69.4,36B,베이36B
b200_heavy_work_r1,MSF,148,BLK_148S,4,판계,1,2025-12-15 10:06:00,2025-12-15 11:00:00,54.0,,공통
b200_heavy_work_r1,MSF,148,BLK_148S,4,전면SAW,2,2025-12-15 13:34:37,2025-12-15 16:28:01,173.4,,공통
b200_heavy_work_r1,MSF,148,BLK_148S,4,TurnOver,3,2025-12-15 16:28:01,2025-12-15 16:42:25,14.4,,공통
b200_heavy_work_r1,MSF,148,BLK_148S,4,후면SAW,4,2025-12-15 16:42:25,2025-12-15 18:49:17,126.9,,공통
b200_heavy_work_r1,MSF,148,BLK_148S,4,NC,5,2025-12-15 18:49:17,2025-12-15 19:49:19,60.0,,공통
b200_heavy_work_r1,MSF,148,BLK_148S,4,베이35A 론지취부,6,2025-12-15 19:49:19,2025-12-15 20:51:43,62.4,35A,베이35A
b200_heavy_work_r1,MSF,148,BLK_148S,4,베이35A 론지용접,7,2025-12-15 20:51:43,2025-12-15 21:15:58,24.2,35A,베이35A
b200_heavy_work_r1,MSF,148,BLK_148S,4,베이35A 수정,8,2025-12-15 21:15:58,2025-12-15 21:53:39,37.7,35A,베이35A
b200_heavy_work_r1,MSF,188,BLK_188C,5,판계,1,2025-12-15 11:00:00,2025-12-15 11:36:00,36.0,,공통
b200_heavy_work_r1,MSF,188,BLK_188C,5,전면SAW,2,2025-12-15 16:28:01,2025-12-15 17:05:07,37.1,,공통
b200_heavy_work_r1,MSF,188,BLK_188C,5,TurnOver,3,2025-12-15 17:05:07,2025-12-15 17:19:31,14.4,,공통
b200_heavy_work_r1,MSF,188,BLK_188C,5,후면SAW,4,2025-12-15 18:49:17,2025-12-15 19:12:45,23.5,,공통
b200_heavy_work_r1,MSF,188,BLK_188C,5,NC,5,2025-12-15 19:49:19,2025-12-15 20:40:23,51.1,,공통
b200_heavy_work_r1,MSF,188,BLK_188C,5,베이36B 론지취부,6,2025-12-15 20:40:23,2025-12-15 22:12:11,91.8,36B,베이36B
b200_heavy_work_r1,MSF,188,BLK_188C,5,베이36B 론지용접,7,2025-12-15 22:12:11,2025-12-15 22:41:28,29.3,36B,베이36B
b200_heavy_work_r1,MSF,188,BLK_188C,5,베이36B 수정,8,2025-12-15 22:41:28,2025-12-15 23:37:37,56.2,36B,베이36B
b200_heavy_work_r1,MSF,170,BLK_170S,6,판계,1,2025-12-15 11:36:00,2025-12-15 12:21:36,45.6,,공통
b200_heavy_work_r1,MSF,170,BLK_170S,6,전면SAW,2,2025-12-15 17:05:07,2025-12-15 18:26:47,81.7,,공통
b200_heavy_work_r1,MSF,170,BLK_170S,6,TurnOver,3,2025-12-15 18:26:47,2025-12-15 18:41:11,14.4,,공통
b200_heavy_work_r1,MSF,170,BLK_170S,6,후면SAW,4,2025-12-15 19:12:45,2025-12-15 20:12:31,59.8,,공통
b200_heavy_work_r1,MSF,170,BLK_170S,6,NC,5,2025-12-15 20:40:23,2025-12-15 21:30:33,50.2,,공통
b200_heavy_work_r1,MSF,170,BLK_170S,6,베이35A 론지취부,6,2025-12-15 21:30:33,2025-12-15 22:11:57,41.4,35A,베이35A
b200_heavy_work_r1,MSF,170,BLK_170S,6,베이35A 론지용접,7,2025-12-15 22:11:57,2025-12-15 22:32:35,20.6,35A,베이35A
b200_heavy_work_r1,MSF,170,BLK_170S,6,베이35A 수정,8,2025-12-15 22:32:35,2025-12-15 22:57:04,24.5,35A,베이35A
b200_heavy_work_r1,MSF,179,BLK_179P,7,판계,1,2025-12-15 12:21:36,2025-12-15 12:57:36,36.0,,공통
b200_heavy_work_r1,MSF,179,BLK_179P,7,전면SAW,2,2025-12-15 18:26:47,2025-12-15 19:04:31,37.7,,공통
b200_heavy_work_r1,MSF,179,BLK_179P,7,TurnOver,3,2025-12-15 19:04:31,2025-12-15 19:18:55,14.4,,공통
b200_heavy_work_r1,MSF,179,BLK_179P,7,후면SAW,4,2025-12-15 20:12:31,2025-12-15 20:36:48,24.3,,공통
b200_heavy_work_r1,MSF,179,BLK_179P,7,NC,5,2025-12-15 21:30:33,2025-12-15 22:21:36,51.0,,공통
b200_heavy_work_r1,MSF,179,BLK_179P,7,베이36B 론지취부,6,2025-12-15 22:21:36,2025-12-16 00:10:12,108.6,36B,베이36B
b200_heavy_work_r1,MSF,179,BLK_179P,7,베이36B 론지용접,7,2025-12-16 00:10:12,2025-12-16 00:42:21,32.2,36B,베이36B
b200_heavy_work_r1,MSF,179,BLK_179P,7,베이36B 수정,8,2025-12-16 00:42:21,2025-12-16 01:49:04,66.7,36B,베이36B
b200_heavy_work_r1,MSF,158,BLK_158S,8,판계,1,2025-12-15 12:57:36,2025-12-15 13:43:12,45.6,,공통
b200_heavy_work_r1,MSF,158,BLK_158S,8,전면SAW,2,2025-12-15 19:04:31,2025-12-15 20:50:46,106.2,,공통
b200_heavy_work_r1,MSF,158,BLK_158S,8,TurnOver,3,2025-12-15 20:50:46,2025-12-15 21:05:10,14.4,,공통
b200_heavy_work_r1,MSF,158,BLK_158S,8,후면SAW,4,2025-12-15 21:05:10,2025-12-15 22:27:21,82.2,,공통
b200_heavy_work_r1,MSF,158,BLK_158S,8,NC,5,2025-12-15 22:27:21,2025-12-15 23:21:20,54.0,,공통
b200_heavy_work_r1,MSF,158,BLK_158S,8,베이35A 론지취부,6,2025-12-15 23:21:20,2025-12-16 00:48:56,87.6,35A,베이35A
b200_heavy_work_r1,MSF,158,BLK_158S,8,베이35A 론지용접,7,2025-12-16 00:48:56,2025-12-16 01:17:29,28.6,35A,베이35A
b200_heavy_work_r1,MSF,158,BLK_158S,8,베이35A 수정,8,2025-12-16 01:17:29,2025-12-16 02:11:00,53.5,35A,베이35A
b200_heavy_work_r1,MSF,189,BLK_189S,9,판계,1,2025-12-15 13:43:12,2025-12-15 14:19:12,36.0,,공통
b200_heavy_work_r1,MSF,189,BLK_189S,9,전면SAW,2,2025-12-15 20:50:46,2025-12-15 21:29:28,38.7,,공통
b200_heavy_work_r1,MSF,189,BLK_189S,9,TurnOver,3,2025-12-15 21:29:28,2025-12-15 21:43:52,14.4,,공통
b200_heavy_work_r1,MSF,189,BLK_189S,9,후면SAW,4,2025-12-15 22:27:21,2025-12-15 22:52:55,25.6,,공통
b200_heavy_work_r1,MSF,189,BLK_189S,9,NC,5,2025-12-15 23:21:20,2025-12-16 00:10:46,49.4,,공통
b200_heavy_work_r1,MSF,189,BLK_189S,9,베이36B 론지취부,6,2025-12-16 00:10:46,2025-12-16 01:59:22,108.6,36B,베이36B
b200_heavy_work_r1,MSF,189,BLK_189S,9,베이36B 론지용접,7,2025-12-16 01:59:22,2025-12-16 02:31:32,32.2,36B,베이36B
b200_heavy_work_r1,MSF,189,BLK_189S,9,베이36B 수정,8,2025-12-16 02:31:32,2025-12-16 03:38:15,66.7,36B,베이36B
b200_heavy_work_r1,MSF,159,BLK_159C,10,판계,1,2025-12-15 14:19:12,2025-12-15 15:20:24,61.2,,공통
b200_heavy_work_r1,MSF,159,BLK_159C,10,전면SAW,2,2025-12-15 21:29:28,2025-12-16 01:02:18,212.8,,공통
b200_heavy_work_r1,MSF,159,BLK_159C,10,TurnOver,3,2025-12-16 01:02:18,2025-12-16 01:16:42,14.4,,공통
b200_heavy_work_r1,MSF,159,BLK_159C,10,후면SAW,4,2025-12-16 01:16:42,2025-12-16 04:09:44,173.0,,공통
b200_heavy_work_r1,MSF,159,BLK_159C,10,NC,5,2025-12-16 04:09:44,2025-12-16 05:21:43,72.0,,공통
b200_heavy_work_r1,MSF,159,BLK_159C,10,베이35A 론지취부,6,2025-12-16 05:21:43,2025-12-16 06:32:31,70.8,35A,베이35A
b200_heavy_work_r1,MSF,159,BLK_159C,10,베이35A 론지용접,7,2025-12-16 06:32:31,2025-12-16 06:58:12,25.7,35A,베이35A
b200_heavy_work_r1,MSF,159,BLK_159C,10,베이35A 수정,8,2025-12-16 06:58:12,2025-12-16 07:41:09,43.0,35A,베이35A
b200_heavy_work_r1,MSF,165,BLK_165C,11,판계,1,2025-12-15 15:20:24,2025-12-15 15:56:24,36.0,,공통
b200_heavy_work_r1,MSF,165,BLK_165C,11,전면SAW,2,2025-12-16 01:02:18,2025-12-16 01:38:09,35.9,,공통
b200_heavy_work_r1,MSF,165,BLK_165C,11,TurnOver,3,2025-12-16 01:38:09,2025-12-16 01:52:33,14.4,,공통
b200_heavy_work_r1,MSF,165,BLK_165C,11,후면SAW,4,2025-12-16 04:09:44,2025-12-16 04:31:34,21.8,,공통
b200_heavy_work_r1,MSF,165,BLK_165C,11,NC,5,2025-12-16 05:21:43,2025-12-16 06:12:59,51.3,,공통
b200_heavy_work_r1,MSF,165,BLK_165C,11,베이36B 론지취부,6,2025-12-16 06:12:59,2025-12-16 07:48:59,96.0,36B,베이36B
b200_heavy_work_r1,MSF,165,BLK_165C,11,베이36B 론지용접,7,2025-12-16 07:48:59,2025-12-16 08:18:59,30.0,36B,베이36B
b200_heavy_work_r1,MSF,165,BLK_165C,11,베이36B 수정,8,2025-12-16 08:18:59,2025-12-16 09:17:47,58.8,36B,베이36B
b200_heavy_work_r1,MSF,182,BLK_182S,12,판계,1,2025-12-15 15:56:24,2025-12-15 16:42:00,45.6,,공통
b200_heavy_work_r1,MSF,182,BLK_182S,12,전면SAW,2,2025-12-16 01:38:09,2025-12-16 03:32:37,114.5,,공통
b200_heavy_work_r1,MSF,182,BLK_182S,12,TurnOver,3,2025-12-16 03:32:37,2025-12-16 03:47:01,14.4,,공통
b200_heavy_work_r1,MSF,182,BLK_182S,12,후면SAW,4,2025-12-16 04:31:34,2025-12-16 06:01:14,89.7,,공통
b200_heavy_work_r1,MSF,182,BLK_182S,12,NC,5,2025-12-16 06:12:59,2025-12-16 07:08:44,55.8,,공통
b200_heavy_work_r1,MSF,182,BLK_182S,12,베이35A 론지취부,6,2025-12-16 07:08:44,2025-12-16 08:19:32,70.8,35A,베이35A
b200_heavy_work_r1,MSF,182,BLK_182S,12,베이35A 론지용접,7,2025-12-16 08:19:32,2025-12-16 08:45:13,25.7,35A,베이35A
b200_heavy_work_r1,MSF,182,BLK_182S,12,베이35A 수정,8,2025-12-16 08:45:13,2025-12-16 09:28:11,43.0,35A,베이35A
b200_heavy_work_r1,MSF,173,BLK_173S,1,판계,1,2025-12-16 08:00:00,2025-12-16 08:36:00,36.0,,공통
b200_heavy_work_r1,MSF,173,BLK_173S,1,전면SAW,2,2025-12-16 08:36:00,2025-12-16 09:12:32,36.5,,공통
b200_heavy_work_r1,MSF,173,BLK_173S,1,TurnOver,3,2025-12-16 09:12:32,2025-12-16 09:26:56,14.4,,공통
b200_heavy_work_r1,MSF,173,BLK_173S,1,후면SAW,4,2025-12-16 09:26:56,2025-12-16 09:49:40,22.7,,공통
b200_heavy_work_r1,MSF,173,BLK_173S,1,NC,5,2025-12-16 09:49:40,2025-12-16 10:41:12,51.5,,공통
b200_heavy_work_r1,MSF,173,BLK_173S,1,베이36B 론지취부,6,2025-12-16 10:41:12,2025-12-16 12:17:12,96.0,36B,베이36B
b200_heavy_work_r1,MSF,173,BLK_173S,1,베이36B 론지용접,7,2025-12-16 12:17:12,2025-12-16 12:47:12,30.0,36B,베이36B
b200_heavy_work_r1,MSF,173,BLK_173S,1,베이36B 수정,8,2025-12-16 12:47:12,2025-12-16 13:46:00,58.8,36B,베이36B
b200_heavy_work_r1,MSF,91,BLK_91P,2,판계,1,2025-12-16 08:36:00,2025-12-16 09:12:00,36.0,,공통
b200_heavy_work_r1,MSF,91,BLK_91P,2,전면SAW,2,2025-12-16 09:12:32,2025-12-16 10:09:48,57.3,,공통
b200_heavy_work_r1,MSF,91,BLK_91P,2,TurnOver,3,2025-12-16 10:09:48,2025-12-16 10:24:12,14.4,,공통
b200_heavy_work_r1,MSF,91,BLK_91P,2,후면SAW,4,2025-12-16 10:24:12,2025-12-16 11:14:12,50.0,,공통
b200_heavy_work_r1,MSF,91,BLK_91P,2,NC,5,2025-12-16 11:14:12,2025-12-16 12:14:34,60.4,,공통
b200_heavy_work_r1,MSF,91,BLK_91P,2,베이36B 론지취부,6,2025-12-16 12:17:12,2025-12-16 14:26:48,129.6,36B,베이36B
b200_heavy_work_r1,MSF,91,BLK_91P,2,베이36B 론지용접,7,2025-12-16 14:26:48,2025-12-16 15:02:34,35.8,36B,베이36B
b200_heavy_work_r1,MSF,91,BLK_91P,2,베이36B 수정,8,2025-12-16 15:02:34,2025-12-16 16:22:29,79.9,36B,베이36B
b200_heavy_work_r1,MSF,101,BLK_101P,3,판계,1,2025-12-16 09:12:00,2025-12-16 09:48:00,36.0,,공통
b200_heavy_work_r1,MSF,101,BLK_101P,3,전면SAW,2,2025-12-16 10:09:48,2025-12-16 12:10:30,120.7,,공통
b200_heavy_work_r1,MSF,101,BLK_101P,3,TurnOver,3,2025-12-16 12:10:30,2025-12-16 12:24:54,14.4,,공통
b200_heavy_work_r1,MSF,101,BLK_101P,3,후면SAW,4,2025-12-16 12:24:54,2025-12-16 14:00:16,95.4,,공통
b200_heavy_work_r1,MSF,101,BLK_101P,3,NC,5,2025-12-16 14:00:16,2025-12-16 15:05:31,65.3,,공통
b200_heavy_work_r1,MSF,101,BLK_101P,3,베이36B 론지취부,6,2025-12-16 15:05:31,2025-12-16 17:06:43,121.2,36B,베이36B
b200_heavy_work_r1,MSF,101,BLK_101P,3,베이36B 론지용접,7,2025-12-16 17:06:43,2025-12-16 17:41:03,34.3,36B,베이36B
b200_heavy_work_r1,MSF,101,BLK_101P,3,베이36B 수정,8,2025-12-16 17:41:03,2025-12-16 18:55:41,74.6,36B,베이36B
b200_heavy_work_r1,MSF,151,BLK_151S,4,판계,1,2025-12-16 09:48:00,2025-12-16 10:24:00,36.0,,공통
b200_heavy_work_r1,MSF,151,BLK_151S,4,전면SAW,2,2025-12-16 12:10:30,2025-12-16 12:50:08,39.6,,공통
b200_heavy_work_r1,MSF,151,BLK_151S,4,TurnOver,3,2025-12-16 12:50:08,2025-12-16 13:04:32,14.4,,공통
b200_heavy_work_r1,MSF,151,BLK_151S,4,후면SAW,4,2025-12-16 14:00:16,2025-12-16 14:27:04,26.8,,공통
b200_heavy_work_r1,MSF,151,BLK_151S,4,NC,5,2025-12-16 15:05:31,2025-12-16 16:06:45,61.2,,공통
b200_heavy_work_r1,MSF,151,BLK_151S,4,베이36B 론지취부,6,2025-12-16 17:06:43,2025-12-16 18:46:55,100.2,36B,베이36B
b200_heavy_work_r1,MSF,151,BLK_151S,4,베이36B 론지용접,7,2025-12-16 18:46:55,2025-12-16 19:17:39,30.7,36B,베이36B
b200_heavy_work_r1,MSF,151,BLK_151S,4,베이36B 수정,8,2025-12-16 19:17:39,2025-12-16 20:19:05,61.4,36B,베이36B
b200_heavy_work_r1,MSF,150,BLK_150C,5,판계,1,2025-12-16 10:24:00,2025-12-16 11:00:00,36.0,,공통
b200_heavy_work_r1,MSF,150,BLK_150C,5,전면SAW,2,2025-12-16 12:50:08,2025-12-16 15:19:32,149.4,,공통
b200_heavy_work_r1,MSF,150,BLK_150C,5,TurnOver,3,2025-12-16 15:19:32,2025-12-16 15:33:56,14.4,,공통
b200_heavy_work_r1,MSF,150,BLK_150C,5,후면SAW,4,2025-12-16 15:33:56,2025-12-16 17:21:36,107.7,,공통
b200_heavy_work_r1,MSF,150,BLK_150C,5,NC,5,2025-12-16 17:21:36,2025-12-16 18:27:01,65.4,,공통
b200_heavy_work_r1,MSF,150,BLK_150C,5,베이35A 론지취부,6,2025-12-16 18:27:01,2025-12-16 19:25:13,58.2,35A,베이35A
b200_heavy_work_r1,MSF,150,BLK_150C,5,베이35A 론지용접,7,2025-12-16 19:25:13,2025-12-16 19:48:44,23.5,35A,베이35A
b200_heavy_work_r1,MSF,150,BLK_150C,5,베이35A 수정,8,2025-12-16 19:48:44,2025-12-16 20:23:47,35.0,35A,베이35A
b200_heavy_work_r1,MSF,164,BLK_164S,6,판계,1,2025-12-16 11:00:00,2025-12-16 11:36:00,36.0,,공통
b200_heavy_work_r1,MSF,164,BLK_164S,6,전면SAW,2,2025-12-16 15:19:32,2025-12-16 15:52:17,32.7,,공통
b200_heavy_work_r1,MSF,164,BLK_164S,6,TurnOver,3,2025-12-16 15:52:17,2025-12-16 16:06:41,14.4,,공통
b200_heavy_work_r1,MSF,164,BLK_164S,6,후면SAW,4,2025-12-16 17:21:36,2025-12-16 17:39:19,17.7,,공통
b200_heavy_work_r1,MSF,164,BLK_164S,6,NC,5,2025-12-16 18:27:01,2025-12-16 19:18:36,51.6,,공통
b200_heavy_work_r1,MSF,164,BLK_164S,6,베이36B 론지취부,6,2025-12-16 19:18:36,2025-12-16 20:08:24,49.8,36B,베이36B
b200_heavy_work_r1,MSF,164,BLK_164S,6,베이36B 론지용접,7,2025-12-16 20:08:24,2025-12-16 20:30:29,22.1,36B,베이36B
b200_heavy_work_r1,MSF,164,BLK_164S,6,베이36B 수정,8,2025-12-16 20:30:29,2025-12-16 21:00:15,29.8,36B,베이36B
b200_heavy_work_r1,MSF,154,BLK_154P,7,판계,1,2025-12-16 11:36:00,2025-12-16 12:12:00,36.0,,공통
b200_heavy_work_r1,MSF,154,BLK_154P,7,전면SAW,2,2025-12-16 15:52:17,2025-12-16 17:46:03,113.8,,공통
b200_heavy_work_r1,MSF,154,BLK_154P,7,TurnOver,3,2025-12-16 17:46:03,2025-12-16 18:00:27,14.4,,공통
b200_heavy_work_r1,MSF,154,BLK_154P,7,후면SAW,4,2025-12-16 18:00:27,2025-12-16 19:51:30,111.1,,공통
b200_heavy_work_r1,MSF,154,BLK_154P,7,NC,5,2025-12-16 19:51:30,2025-12-16 20:52:01,60.5,,공통
b200_heavy_work_r1,MSF,154,BLK_154P,7,베이35A 론지취부,6,2025-12-16 20:52:01,2025-12-16 21:46:01,54.0,35A,베이35A
b200_heavy_work_r1,MSF,154,BLK_154P,7,베이35A 론지용접,7,2025-12-16 21:46:01,2025-12-16 22:08:49,22.8,35A,베이35A
b200_heavy_work_r1,MSF,154,BLK_154P,7,베이35A 수정,8,2025-12-16 22:08:49,2025-12-16 22:41:13,32.4,35A,베이35A
b200_heavy_work_r1,MSF,70,BLK_70S,8,판계,1,2025-12-16 12:12:00,2025-12-16 13:06:00,54.0,,공통
b200_heavy_work_r1,MSF,70,BLK_70S,8,전면SAW,2,2025-12-16 17:46:03,2025-12-16 18:39:33,53.5,,공통
b200_heavy_work_r1,MSF,70,BLK_70S,8,TurnOver,3,2025-12-16 18:39:33,2025-12-16 18:53:57,14.4,,공통
b200_heavy_work_r1,MSF,70,BLK_70S,8,후면SAW,4,2025-12-16 19:51:30,2025-12-16 20:36:34,45.1,,공통
b200_heavy_work_r1,MSF,70,BLK_70S,8,NC,5,2025-12-16 20:52:01,2025-12-16 21:59:50,67.8,,공통
b200_heavy_work_r1,MSF,70,BLK_70S,8,베이36B 론지취부,6,2025-12-16 21:59:50,2025-12-16 23:56:50,117.0,36B,베이36B
b200_heavy_work_r1,MSF,70,BLK_70S,8,베이36B 론지용접,7,2025-12-16 23:56:50,2025-12-17 00:30:26,33.6,36B,베이36B
b200_heavy_work_r1,MSF,70,BLK_70S,8,베이36B 수정,8,2025-12-17 00:30:26,2025-12-17 01:42:26,72.0,36B,베이36B
b200_heavy_work_r1,MSF,52,BLK_52S,9,판계,1,2025-12-16 13:06:00,2025-12-16 13:42:00,36.0,,공통
b200_heavy_work_r1,MSF,52,BLK_52S,9,전면SAW,2,2025-12-16 18:39:33,2025-12-16 19:18:12,38.6,,공통
b200_heavy_work_r1,MSF,52,BLK_52S,9,TurnOver,3,2025-12-16 19:18:12,2025-12-16 19:32:36,14.4,,공통
b200_heavy_work_r1,MSF,52,BLK_52S,9,후면SAW,4,2025-12-16 20:36:34,2025-12-16 21:02:03,25.5,,공통
b200_heavy_work_r1,MSF,52,BLK_52S,9,NC,5,2025-12-16 21:59:50,2025-12-16 22:59:11,59.4,,공통
b200_heavy_work_r1,MSF,52,BLK_52S,9,베이36B 론지취부,6,2025-12-16 23:56:50,2025-12-17 01:53:50,117.0,36B,베이36B
b200_heavy_work_r1,MSF,52,BLK_52S,9,베이36B 론지용접,7,2025-12-17 01:53:50,2025-12-17 02:27:26,33.6,36B,베이36B
b200_heavy_work_r1,MSF,52,BLK_52S,9,베이36B 수정,8,2025-12-17 02:27:26,2025-12-17 03:39:26,72.0,36B,베이36B
b200_heavy_work_r1,MSF,64,BLK_64C,10,판계,1,2025-12-16 13:42:00,2025-12-16 14:18:00,36.0,,공통
b200_heavy_work_r1,MSF,64,BLK_64C,10,전면SAW,2,2025-12-16 19:18:12,2025-12-16 19:53:52,35.7,,공통
b200_heavy_work_r1,MSF,64,BLK_64C,10,TurnOver,3,2025-12-16 19:53:52,2025-12-16 20:08:16,14.4,,공통
b200_heavy_work_r1,MSF,64,BLK_64C,10,후면SAW,4,2025-12-16 21:02:03,2025-12-16 21:23:39,21.6,,공통
b200_heavy_work_r1,MSF,64,BLK_64C,10,NC,5,2025-12-16 22:59:11,2025-12-16 23:54:57,55.8,,공통
b200_heavy_work_r1,MSF,64,BLK_64C,10,베이35A 론지취부,6,2025-12-16 23:54:57,2025-12-17 01:47:45,112.8,35A,베이35A
b200_heavy_work_r1,MSF,64,BLK_64C,10,베이35A 론지용접,7,2025-12-17 01:47:45,2025-12-17 02:20:38,32.9,35A,베이35A
b200_heavy_work_r1,MSF,64,BLK_64C,10,베이35A 수정,8,2025-12-17 02:20:38,2025-12-17 03:30:00,69.4,35A,베이35A
b200_heavy_work_r1,MSF,162,BLK_162C,11,판계,1,2025-12-16 14:18:00,2025-12-16 14:54:00,36.0,,공통
b200_heavy_work_r1,MSF,162,BLK_162C,11,전면SAW,2,2025-12-16 19:53:52,2025-12-16 22:09:18,135.4,,공통
b200_heavy_work_r1,MSF,162,BLK_162C,11,TurnOver,3,2025-12-16 22:09:18,2025-12-16 22:23:42,14.4,,공통
b200_heavy_work_r1,MSF,162,BLK_162C,11,후면SAW,4,2025-12-16 22:23:42,2025-12-17 00:12:28,108.8,,공통
b200_heavy_work_r1,MSF,162,BLK_162C,11,NC,5,2025-12-17 00:12:28,2025-12-17 01:18:20,65.9,,공통
b200_heavy_work_r1,MSF,162,BLK_162C,11,베이36B 론지취부,6,2025-12-17 01:53:50,2025-12-17 03:46:38,112.8,36B,베이36B
b200_heavy_work_r1,MSF,162,BLK_162C,11,베이36B 론지용접,7,2025-12-17 03:46:38,2025-12-17 04:19:31,32.9,36B,베이36B
b200_heavy_work_r1,MSF,162,BLK_162C,11,베이36B 수정,8,2025-12-17 04:19:31,2025-12-17 05:28:53,69.4,36B,베이36B
b200_heavy_work_r1,MSF,131,BLK_131P,1,판계,1,2025-12-17 08:00:00,2025-12-17 08:54:00,54.0,,공통
b200_heavy_work_r1,MSF,131,BLK_131P,1,전면SAW,2,2025-12-17 08:54:00,2025-12-17 09:44:54,50.9,,공통
b200_heavy_work_r1,MSF,131,BLK_131P,1,TurnOver,3,2025-12-17 09:44:54,2025-12-17 09:59:18,14.4,,공통
b200_heavy_work_r1,MSF,131,BLK_131P,1,후면SAW,4,2025-12-17 09:59:18,2025-12-17 10:40:58,41.7,,공통
b200_heavy_work_r1,MSF,131,BLK_131P,1,NC,5,2025-12-17 10:40:58,2025-12-17 11:48:29,67.5,,공통
b200_heavy_work_r1,MSF,131,BLK_131P,1,베이36B 론지취부,6,2025-12-17 11:48:29,2025-12-17 14:06:29,138.0,36B,베이36B
b200_heavy_work_r1,MSF,131,BLK_131P,1,베이36B 론지용접,7,2025-12-17 14:06:29,2025-12-17 14:43:41,37.2,36B,베이36B
b200_heavy_work_r1,MSF,131,BLK_131P,1,베이36B 수정,8,2025-12-17 14:43:41,2025-12-17 16:08:53,85.2,36B,베이36B
b200_heavy_work_r1,MSF,62,BLK_62P,2,판계,1,2025-12-17 08:54:00,2025-12-17 10:04:48,70.8,,공통
b200_heavy_work_r1,MSF,62,BLK_62P,2,전면SAW,2,2025-12-17 10:04:48,2025-12-17 11:50:45,106.0,,공통
b200_heavy_work_r1,MSF,62,BLK_62P,2,TurnOver,3,2025-12-17 11:50:45,2025-12-17 12:05:09,14.4,,공통
b200_heavy_work_r1,MSF,62,BLK_62P,2,후면SAW,4,2025-12-17 12:05:09,2025-12-17 13:47:06,101.9,,공통
b200_heavy_work_r1,MSF,62,BLK_62P,2,NC,5,2025-12-17 13:47:06,2025-12-17 15:05:52,78.8,,공통
b200_heavy_work_r1,MSF,62,BLK_62P,2,베이36B 론지취부,6,2025-12-17 15:05:52,2025-12-17 16:41:52,96.0,36B,베이36B
b200_heavy_work_r1,MSF,62,BLK_62P,2,베이36B 론지용접,7,2025-12-17 16:41:52,2025-12-17 17:11:52,30.0,36B,베이36B
b200_heavy_work_r1,MSF,62,BLK_62P,2,베이36B 수정,8,2025-12-17 17:11:52,2025-12-17 18:10:40,58.8,36B,베이36B
b200_heavy_work_r1,MSF,56,BLK_56C,3,판계,1,2025-12-17 10:04:48,2025-12-17 10:58:48,54.0,,공통
b200_heavy_work_r1,MSF,56,BLK_56C,3,전면SAW,2,2025-12-17 11:50:45,2025-12-17 12:36:00,45.3,,공통
b200_heavy_work_r1,MSF,56,BLK_56C,3,TurnOver,3,2025-12-17 12:36:00,2025-12-17 12:50:24,14.4,,공통
b200_heavy_work_r1,MSF,56,BLK_56C,3,후면SAW,4,2025-12-17 13:47:06,2025-12-17 14:21:17,34.2,,공통
b200_heavy_work_r1,MSF,56,BLK_56C,3,NC,5,2025-12-17 15:05:52,2025-12-17 16:07:42,61.8,,공통
b200_heavy_work_r1,MSF,56,BLK_56C,3,베이35A 론지취부,6,2025-12-17 16:07:42,2025-12-17 17:10:06,62.4,35A,베이35A
b200_heavy_work_r1,MSF,56,BLK_56C,3,베이35A 론지용접,7,2025-12-17 17:10:06,2025-12-17 17:34:20,24.2,35A,베이35A
b200_heavy_work_r1,MSF,56,BLK_56C,3,베이35A 수정,8,2025-12-17 17:34:20,2025-12-17 18:12:01,37.7,35A,베이35A
b200_heavy_work_r1,MSF,195,BLK_62S,4,판계,1,2025-12-17 10:58:48,2025-12-17 12:09:36,70.8,,공통
b200_heavy_work_r1,MSF,195,BLK_62S,4,전면SAW,2,2025-12-17 12:36:00,2025-12-17 14:21:58,106.0,,공통
b200_heavy_work_r1,MSF,195,BLK_62S,4,TurnOver,3,2025-12-17 14:21:58,2025-12-17 14:36:22,14.4,,공통
b200_heavy_work_r1,MSF,195,BLK_62S,4,후면SAW,4,2025-12-17 14:36:22,2025-12-17 16:18:18,101.9,,공통
b200_heavy_work_r1,MSF,195,BLK_62S,4,NC,5,2025-12-17 16:18:18,2025-12-17 17:37:05,78.8,,공통
b200_heavy_work_r1,MSF,195,BLK_62S,4,베이36B 론지취부,6,2025-12-17 17:37:05,2025-12-17 19:13:05,96.0,36B,베이36B
b200_heavy_work_r1,MSF,195,BLK_62S,4,베이36B 론지용접,7,2025-12-17 19:13:05,2025-12-17 19:43:05,30.0,36B,베이36B
b200_heavy_work_r1,MSF,195,BLK_62S,4,베이36B 수정,8,2025-12-17 19:43:05,2025-12-17 20:41:53,58.8,36B,베이36B
b200_heavy_work_r1,MSF,198,BLK_86P,50,판계,1,2025-12-06 10:16:48,2025-12-06 10:46:48,30.0,,공통
b200_heavy_work_r1,MSF,198,BLK_86P,50,전면SAW,2,2025-12-07 06:07:00,2025-12-07 06:43:02,36.0,,공통
b200_heavy_work_r1,MSF,198,BLK_86P,50,TurnOver,3,2025-12-07 06:43:02,2025-12-07 06:57:26,14.4,,공통
b200_heavy_work_r1,MSF,198,BLK_86P,50,후면SAW,4,2025-12-07 08:14:07,2025-12-07 08:36:11,22.1,,공통
b200_heavy_work_r1,MSF,198,BLK_86P,50,NC,5,2025-12-07 08:56:44,2025-12-07 09:37:47,41.0,,공통
b200_heavy_work_r1,MSF,198,BLK_86P,50,베이35A 론지취부,6,2025-12-07 09:37:47,2025-12-07 10:48:35,70.8,35A,베이35A
b200_heavy_work_r1,MSF,198,BLK_86P,50,베이35A 론지용접,7,2025-12-07 10:48:35,2025-12-07 11:14:16,25.7,35A,베이35A
b200_heavy_work_r1,MSF,198,BLK_86P,50,베이35A 수정,8,2025-12-07 11:14:16,2025-12-07 11:57:13,43.0,35A,베이35A
b200_heavy_work_r1,MSF,200,BLK_42P,103,판계,1,2025-12-10 10:07:12,2025-12-10 10:31:12,24.0,,공통
b200_heavy_work_r1,MSF,200,BLK_42P,103,전면SAW,2,2025-12-10 19:29:20,2025-12-10 20:10:20,41.0,,공통
b200_heavy_work_r1,MSF,200,BLK_42P,103,TurnOver,3,2025-12-10 20:10:20,2025-12-10 20:24:44,14.4,,공통
b200_heavy_work_r1,MSF,200,BLK_42P,103,후면SAW,4,2025-12-10 22:47:49,2025-12-10 23:16:25,28.6,,공통
b200_heavy_work_r1,MSF,200,BLK_42P,103,NC,5,2025-12-10 23:38:06,2025-12-11 00:15:05,37.0,,공통
b200_heavy_work_r1,MSF,200,BLK_42P,103,베이36B 론지취부,6,2025-12-11 00:15:05,2025-12-11 01:30:05,75.0,36B,베이36B
b200_heavy_work_r1,MSF,200,BLK_42P,103,베이36B 론지용접,7,2025-12-11 01:30:05,2025-12-11 01:56:29,26.4,36B,베이36B
b200_heavy_work_r1,MSF,200,BLK_42P,103,베이36B 수정,8,2025-12-11 01:56:29,2025-12-11 02:42:05,45.6,36B,베이36B
b200_heavy_work_r1,MSF,196,BLK_156S,115,판계,1,2025-12-10 15:33:36,2025-12-10 15:57:36,24.0,,공통
b200_heavy_work_r1,MSF,196,BLK_156S,115,전면SAW,2,2025-12-11 10:52:32,2025-12-11 12:09:08,76.6,,공통
b200_heavy_work_r1,MSF,196,BLK_156S,115,TurnOver,3,2025-12-11 12:09:08,2025-12-11 12:23:32,14.4,,공통
b200_heavy_work_r1,MSF,196,BLK_156S,115,후면SAW,4,2025-12-11 13:18:52,2025-12-11 14:34:19,75.5,,공통
b200_heavy_work_r1,MSF,196,BLK_156S,115,NC,5,2025-12-11 14:34:19,2025-12-11 15:12:33,38.2,,공통
b200_heavy_work_r1,MSF,196,BLK_156S,115,베이36B 론지취부,6,2025-12-11 15:12:33,2025-12-11 16:35:57,83.4,36B,베이36B
b200_heavy_work_r1,MSF,196,BLK_156S,115,베이36B 론지용접,7,2025-12-11 16:35:57,2025-12-11 17:03:48,27.8,36B,베이36B
b200_heavy_work_r1,MSF,196,BLK_156S,115,베이36B 수정,8,2025-12-11 17:03:48,2025-12-11 17:54:41,50.9,36B,베이36B
b200_heavy_work_r1,MSF,199,BLK_132C,130,판계,1,2025-12-11 12:01:12,2025-12-11 12:31:12,30.0,,공통
b200_heavy_work_r1,MSF,199,BLK_132C,130,전면SAW,2,2025-12-12 13:47:15,2025-12-12 14:28:39,41.4,,공통
b200_heavy_work_r1,MSF,199,BLK_132C,130,TurnOver,3,2025-12-12 14:28:39,2025-12-12 14:43:03,14.4,,공통
b200_heavy_work_r1,MSF,199,BLK_132C,130,후면SAW,4,2025-12-12 17:19:39,2025-12-12 17:48:46,29.1,,공통
b200_heavy_work_r1,MSF,199,BLK_132C,130,NC,5,2025-12-12 18:33:28,2025-12-12 19:18:48,45.3,,공통
b200_heavy_work_r1,MSF,199,BLK_132C,130,베이35A 론지취부,6,2025-12-12 19:18:48,2025-12-12 20:54:48,96.0,35A,베이35A
b200_heavy_work_r1,MSF,199,BLK_132C,130,베이35A 론지용접,7,2025-12-12 20:54:48,2025-12-12 21:24:48,30.0,35A,베이35A
b200_heavy_work_r1,MSF,199,BLK_132C,130,베이35A 수정,8,2025-12-12 21:24:48,2025-12-12 22:23:36,58.8,35A,베이35A
b200_heavy_work_r1,MSF,197,BLK_60C,154,판계,1,2025-12-13 08:36:00,2025-12-13 09:30:00,54.0,,공통
b200_heavy_work_r1,MSF,197,BLK_60C,154,전면SAW,2,2025-12-13 20:17:46,2025-12-13 22:32:15,134.5,,공통
b200_heavy_work_r1,MSF,197,BLK_60C,154,TurnOver,3,2025-12-13 22:32:15,2025-12-13 22:46:39,14.4,,공통
b200_heavy_work_r1,MSF,197,BLK_60C,154,후면SAW,4,2025-12-13 22:56:55,2025-12-14 00:49:06,112.2,,공통
b200_heavy_work_r1,MSF,197,BLK_60C,154,NC,5,2025-12-14 00:49:06,2025-12-14 01:49:05,60.0,,공통
b200_heavy_work_r1,MSF,197,BLK_60C,154,베이35A 론지취부,6,2025-12-14 01:49:05,2025-12-14 02:59:53,70.8,35A,베이35A
b200_heavy_work_r1,MSF,197,BLK_60C,154,베이35A 론지용접,7,2025-12-14 02:59:53,2025-12-14 03:25:34,25.7,35A,베이35A
b200_heavy_work_r1,MSF,197,BLK_60C,154,베이35A 수정,8,2025-12-14 03:25:34,2025-12-14 04:08:31,43.0,35A,베이35A
