grid_case_id,method_label,size_bucket,total_blocks,distribution_profile,graph_makespan_hours,graph_violations,date,block_id,block_name,sequence,process_name,process_index,start_time,end_time,duration_min,assigned_bay,machine_type,unity_process_row_source,source_representative_block_id
b170_heavy_work_r1,MSF,Large (141-200),170,heavy_work,274.35,38,20251202,66,BLK_66C,1,판계,1,2025-12-02 08:00:00,2025-12-02 08:14:24,14.4,,공통,raw,
b170_heavy_work_r1,MSF,Large (141-200),170,heavy_work,274.35,38,20251202,66,BLK_66C,1,전면SAW,2,2025-12-02 08:14:24,2025-12-02 09:08:05,53.7,,공통,raw,
b170_heavy_work_r1,MSF,Large (141-200),170,heavy_work,274.35,38,20251202,66,BLK_66C,1,TurnOver,3,2025-12-02 09:08:05,2025-12-02 09:22:29,14.4,,공통,raw,
b170_heavy_work_r1,MSF,Large (141-200),170,heavy_work,274.35,38,20251202,66,BLK_66C,1,후면SAW,4,2025-12-02 09:22:29,2025-12-02 10:07:48,45.3,,공통,raw,
b170_heavy_work_r1,MSF,Large (141-200),170,heavy_work,274.35,38,20251202,66,BLK_66C,1,NC,5,2025-12-02 10:07:48,2025-12-02 10:33:12,25.4,,공통,raw,
b170_heavy_work_r1,MSF,Large (141-200),170,heavy_work,274.35,38,20251202,66,BLK_66C,1,베이35A 론지취부,6,2025-12-02 10:33:12,2025-12-02 11:18:48,45.6,35A,베이35A,raw,
b170_heavy_work_r1,MSF,Large (141-200),170,heavy_work,274.35,38,20251202,66,BLK_66C,1,베이35A 론지용접,7,2025-12-02 11:18:48,2025-12-02 11:35:22,16.6,35A,베이35A,raw,
b170_heavy_work_r1,MSF,Large (141-200),170,heavy_work,274.35,38,20251202,66,BLK_66C,1,베이35A 수정,8,2025-12-02 11:35:22,2025-12-02 12:02:29,27.1,35A,베이35A,raw,
b170_heavy_work_r1,MSF,Large (141-200),170,heavy_work,274.35,38,20251202,14,BLK_14C,2,판계,1,2025-12-02 08:14:24,2025-12-02 08:48:00,33.6,,공통,raw,
b170_heavy_work_r1,MSF,Large (141-200),170,heavy_work,274.35,38,20251202,14,BLK_14C,2,전면SAW,2,2025-12-02 09:08:05,2025-12-02 10:44:08,96.0,,공통,raw,
b170_heavy_work_r1,MSF,Large (141-200),170,heavy_work,274.35,38,20251202,14,BLK_14C,2,TurnOver,3,2025-12-02 10:44:08,2025-12-02 10:58:32,14.4,,공통,raw,
b170_heavy_work_r1,MSF,Large (141-200),170,heavy_work,274.35,38,20251202,14,BLK_14C,2,후면SAW,4,2025-12-02 10:58:32,2025-12-02 12:28:55,90.4,,공통,raw,
b170_heavy_work_r1,MSF,Large (141-200),170,heavy_work,274.35,38,20251202,14,BLK_14C,2,NC,5,2025-12-02 12:28:55,2025-12-02 13:05:52,36.9,,공통,raw,
b170_heavy_work_r1,MSF,Large (141-200),170,heavy_work,274.35,38,20251202,14,BLK_14C,2,베이36B 론지취부,6,2025-12-02 13:05:52,2025-12-02 13:43:04,37.2,36B,베이36B,raw,
b170_heavy_work_r1,MSF,Large (141-200),170,heavy_work,274.35,38,20251202,14,BLK_14C,2,베이36B 론지용접,7,2025-12-02 13:43:04,2025-12-02 14:02:59,19.9,36B,베이36B,raw,
b170_heavy_work_r1,MSF,Large (141-200),170,heavy_work,274.35,38,20251202,14,BLK_14C,2,베이36B 수정,8,2025-12-02 14:02:59,2025-12-02 14:24:49,21.8,36B,베이36B,raw,
b170_heavy_work_r1,MSF,Large (141-200),170,heavy_work,274.35,38,20251202,2,BLK_2C,3,판계,1,2025-12-02 08:48:00,2025-12-02 09:33:36,45.6,,공통,raw,
b170_heavy_work_r1,MSF,Large (141-200),170,heavy_work,274.35,38,20251202,2,BLK_2C,3,전면SAW,2,2025-12-02 10:44:08,2025-12-02 12:58:12,134.1,,공통,raw,
b170_heavy_work_r1,MSF,Large (141-200),170,heavy_work,274.35,38,20251202,2,BLK_2C,3,TurnOver,3,2025-12-02 12:58:12,2025-12-02 13:12:36,14.4,,공통,raw,
b170_heavy_work_r1,MSF,Large (141-200),170,heavy_work,274.35,38,20251202,2,BLK_2C,3,후면SAW,4,2025-12-02 13:12:36,2025-12-02 15:27:19,134.7,,공통,raw,
b170_heavy_work_r1,MSF,Large (141-200),170,heavy_work,274.35,38,20251202,2,BLK_2C,3,NC,5,2025-12-02 15:27:19,2025-12-02 16:24:25,57.1,,공통,raw,
b170_heavy_work_r1,MSF,Large (141-200),170,heavy_work,274.35,38,20251202,2,BLK_2C,3,베이35A 론지취부,6,2025-12-02 16:24:25,2025-12-02 18:04:37,100.2,35A,베이35A,raw,
b170_heavy_work_r1,MSF,Large (141-200),170,heavy_work,274.35,38,20251202,2,BLK_2C,3,베이35A 론지용접,7,2025-12-02 18:04:37,2025-12-02 18:35:21,30.7,35A,베이35A,raw,
b170_heavy_work_r1,MSF,Large (141-200),170,heavy_work,274.35,38,20251202,2,BLK_2C,3,베이35A 수정,8,2025-12-02 18:35:21,2025-12-02 19:36:47,61.4,35A,베이35A,raw,
b170_heavy_work_r1,MSF,Large (141-200),170,heavy_work,274.35,38,20251202,86,BLK_86S,4,판계,1,2025-12-02 09:33:36,2025-12-02 10:21:36,48.0,,공통,raw,
b170_heavy_work_r1,MSF,Large (141-200),170,heavy_work,274.35,38,20251202,86,BLK_86S,4,전면SAW,2,2025-12-02 12:58:12,2025-12-02 15:09:23,131.2,,공통,raw,
b170_heavy_work_r1,MSF,Large (141-200),170,heavy_work,274.35,38,20251202,86,BLK_86S,4,TurnOver,3,2025-12-02 15:09:23,2025-12-02 15:23:47,14.4,,공통,raw,
b170_heavy_work_r1,MSF,Large (141-200),170,heavy_work,274.35,38,20251202,86,BLK_86S,4,후면SAW,4,2025-12-02 15:27:19,2025-12-02 17:00:24,93.1,,공통,raw,
b170_heavy_work_r1,MSF,Large (141-200),170,heavy_work,274.35,38,20251202,86,BLK_86S,4,NC,5,2025-12-02 17:00:24,2025-12-02 17:50:49,50.4,,공통,raw,
b170_heavy_work_r1,MSF,Large (141-200),170,heavy_work,274.35,38,20251202,86,BLK_86S,4,베이36B 론지취부,6,2025-12-02 17:50:49,2025-12-02 18:36:25,45.6,36B,베이36B,raw,
b170_heavy_work_r1,MSF,Large (141-200),170,heavy_work,274.35,38,20251202,86,BLK_86S,4,베이36B 론지용접,7,2025-12-02 18:36:25,2025-12-02 18:57:47,21.4,36B,베이36B,raw,
b170_heavy_work_r1,MSF,Large (141-200),170,heavy_work,274.35,38,20251202,86,BLK_86S,4,베이36B 수정,8,2025-12-02 18:57:47,2025-12-02 19:24:54,27.1,36B,베이36B,raw,
b170_heavy_work_r1,MSF,Large (141-200),170,heavy_work,274.35,38,20251202,106,BLK_106C,5,판계,1,2025-12-02 10:21:36,2025-12-02 11:15:36,54.0,,공통,raw,
b170_heavy_work_r1,MSF,Large (141-200),170,heavy_work,274.35,38,20251202,106,BLK_106C,5,전면SAW,2,2025-12-02 15:09:23,2025-12-02 15:53:07,43.7,,공통,raw,
b170_heavy_work_r1,MSF,Large (141-200),170,heavy_work,274.35,38,20251202,106,BLK_106C,5,TurnOver,3,2025-12-02 15:53:07,2025-12-02 16:07:31,14.4,,공통,raw,
b170_heavy_work_r1,MSF,Large (141-200),170,heavy_work,274.35,38,20251202,106,BLK_106C,5,후면SAW,4,2025-12-02 17:00:24,2025-12-02 17:32:36,32.2,,공통,raw,
b170_heavy_work_r1,MSF,Large (141-200),170,heavy_work,274.35,38,20251202,106,BLK_106C,5,NC,5,2025-12-02 17:50:49,2025-12-02 18:53:57,63.1,,공통,raw,
b170_heavy_work_r1,MSF,Large (141-200),170,heavy_work,274.35,38,20251202,106,BLK_106C,5,베이36B 론지취부,6,2025-12-02 18:53:57,2025-12-02 20:00:33,66.6,36B,베이36B,raw,
b170_heavy_work_r1,MSF,Large (141-200),170,heavy_work,274.35,38,20251202,106,BLK_106C,5,베이36B 론지용접,7,2025-12-02 20:00:33,2025-12-02 20:25:30,25.0,36B,베이36B,raw,
b170_heavy_work_r1,MSF,Large (141-200),170,heavy_work,274.35,38,20251202,106,BLK_106C,5,베이36B 수정,8,2025-12-02 20:25:30,2025-12-02 21:05:49,40.3,36B,베이36B,raw,
b170_heavy_work_r1,MSF,Large (141-200),170,heavy_work,274.35,38,20251202,76,BLK_76P,6,판계,1,2025-12-02 11:15:36,2025-12-02 12:01:12,45.6,,공통,raw,
b170_heavy_work_r1,MSF,Large (141-200),170,heavy_work,274.35,38,20251202,76,BLK_76P,6,전면SAW,2,2025-12-02 15:53:07,2025-12-02 18:29:13,156.1,,공통,raw,
b170_heavy_work_r1,MSF,Large (141-200),170,heavy_work,274.35,38,20251202,76,BLK_76P,6,TurnOver,3,2025-12-02 18:29:13,2025-12-02 18:43:37,14.4,,공통,raw,
b170_heavy_work_r1,MSF,Large (141-200),170,heavy_work,274.35,38,20251202,76,BLK_76P,6,후면SAW,4,2025-12-02 18:43:37,2025-12-02 20:51:16,127.6,,공통,raw,
b170_heavy_work_r1,MSF,Large (141-200),170,heavy_work,274.35,38,20251202,76,BLK_76P,6,NC,5,2025-12-02 20:51:16,2025-12-02 21:51:20,60.1,,공통,raw,
b170_heavy_work_r1,MSF,Large (141-200),170,heavy_work,274.35,38,20251202,76,BLK_76P,6,베이36B 론지취부,6,2025-12-02 21:51:20,2025-12-02 23:27:20,96.0,36B,베이36B,raw,
b170_heavy_work_r1,MSF,Large (141-200),170,heavy_work,274.35,38,20251202,76,BLK_76P,6,베이36B 론지용접,7,2025-12-02 23:27:20,2025-12-02 23:57:20,30.0,36B,베이36B,raw,
b170_heavy_work_r1,MSF,Large (141-200),170,heavy_work,274.35,38,20251202,76,BLK_76P,6,베이36B 수정,8,2025-12-02 23:57:20,2025-12-03 00:56:08,58.8,36B,베이36B,raw,
b170_heavy_work_r1,MSF,Large (141-200),170,heavy_work,274.35,38,20251202,10,BLK_10S,7,판계,1,2025-12-02 12:01:12,2025-12-02 12:55:12,54.0,,공통,raw,
b170_heavy_work_r1,MSF,Large (141-200),170,heavy_work,274.35,38,20251202,10,BLK_10S,7,전면SAW,2,2025-12-02 18:29:13,2025-12-02 21:28:49,179.6,,공통,raw,
b170_heavy_work_r1,MSF,Large (141-200),170,heavy_work,274.35,38,20251202,10,BLK_10S,7,TurnOver,3,2025-12-02 21:28:49,2025-12-02 21:43:13,14.4,,공통,raw,
b170_heavy_work_r1,MSF,Large (141-200),170,heavy_work,274.35,38,20251202,10,BLK_10S,7,후면SAW,4,2025-12-02 21:43:13,2025-12-02 23:55:02,131.8,,공통,raw,
b170_heavy_work_r1,MSF,Large (141-200),170,heavy_work,274.35,38,20251202,10,BLK_10S,7,NC,5,2025-12-02 23:55:02,2025-12-03 00:55:14,60.2,,공통,raw,
b170_heavy_work_r1,MSF,Large (141-200),170,heavy_work,274.35,38,20251202,10,BLK_10S,7,베이35A 론지취부,6,2025-12-03 00:55:14,2025-12-03 02:31:14,96.0,35A,베이35A,raw,
b170_heavy_work_r1,MSF,Large (141-200),170,heavy_work,274.35,38,20251202,10,BLK_10S,7,베이35A 론지용접,7,2025-12-03 02:31:14,2025-12-03 03:01:14,30.0,35A,베이35A,raw,
b170_heavy_work_r1,MSF,Large (141-200),170,heavy_work,274.35,38,20251202,10,BLK_10S,7,베이35A 수정,8,2025-12-03 03:01:14,2025-12-03 04:00:02,58.8,35A,베이35A,raw,
b170_heavy_work_r1,MSF,Large (141-200),170,heavy_work,274.35,38,20251202,30,BLK_30C,8,판계,1,2025-12-02 12:55:12,2025-12-02 13:31:12,36.0,,공통,raw,
b170_heavy_work_r1,MSF,Large (141-200),170,heavy_work,274.35,38,20251202,30,BLK_30C,8,전면SAW,2,2025-12-02 21:28:49,2025-12-02 22:04:28,35.7,,공통,raw,
b170_heavy_work_r1,MSF,Large (141-200),170,heavy_work,274.35,38,20251202,30,BLK_30C,8,TurnOver,3,2025-12-02 22:04:28,2025-12-02 22:18:52,14.4,,공통,raw,
b170_heavy_work_r1,MSF,Large (141-200),170,heavy_work,274.35,38,20251202,30,BLK_30C,8,후면SAW,4,2025-12-02 23:55:02,2025-12-03 00:16:36,21.6,,공통,raw,
b170_heavy_work_r1,MSF,Large (141-200),170,heavy_work,274.35,38,20251202,30,BLK_30C,8,NC,5,2025-12-03 00:55:14,2025-12-03 01:50:05,54.8,,공통,raw,
b170_heavy_work_r1,MSF,Large (141-200),170,heavy_work,274.35,38,20251202,30,BLK_30C,8,베이36B 론지취부,6,2025-12-03 01:50:05,2025-12-03 02:56:41,66.6,36B,베이36B,raw,
b170_heavy_work_r1,MSF,Large (141-200),170,heavy_work,274.35,38,20251202,30,BLK_30C,8,베이36B 론지용접,7,2025-12-03 02:56:41,2025-12-03 03:21:38,25.0,36B,베이36B,raw,
b170_heavy_work_r1,MSF,Large (141-200),170,heavy_work,274.35,38,20251202,30,BLK_30C,8,베이36B 수정,8,2025-12-03 03:21:38,2025-12-03 04:01:58,40.3,36B,베이36B,raw,
b170_heavy_work_r1,MSF,Large (141-200),170,heavy_work,274.35,38,20251202,6,BLK_6C,9,판계,1,2025-12-02 13:31:12,2025-12-02 14:25:12,54.0,,공통,raw,
b170_heavy_work_r1,MSF,Large (141-200),170,heavy_work,274.35,38,20251202,6,BLK_6C,9,전면SAW,2,2025-12-02 22:04:28,2025-12-02 22:47:52,43.4,,공통,raw,
b170_heavy_work_r1,MSF,Large (141-200),170,heavy_work,274.35,38,20251202,6,BLK_6C,9,TurnOver,3,2025-12-02 22:47:52,2025-12-02 23:02:16,14.4,,공통,raw,
b170_heavy_work_r1,MSF,Large (141-200),170,heavy_work,274.35,38,20251202,6,BLK_6C,9,후면SAW,4,2025-12-03 00:16:36,2025-12-03 00:48:20,31.7,,공통,raw,
b170_heavy_work_r1,MSF,Large (141-200),170,heavy_work,274.35,38,20251202,6,BLK_6C,9,NC,5,2025-12-03 01:50:05,2025-12-03 02:48:18,58.2,,공통,raw,
b170_heavy_work_r1,MSF,Large (141-200),170,heavy_work,274.35,38,20251202,6,BLK_6C,9,베이36B 론지취부,6,2025-12-03 02:56:41,2025-12-03 04:15:53,79.2,36B,베이36B,raw,
b170_heavy_work_r1,MSF,Large (141-200),170,heavy_work,274.35,38,20251202,6,BLK_6C,9,베이36B 론지용접,7,2025-12-03 04:15:53,2025-12-03 04:43:00,27.1,36B,베이36B,raw,
b170_heavy_work_r1,MSF,Large (141-200),170,heavy_work,274.35,38,20251202,6,BLK_6C,9,베이36B 수정,8,2025-12-03 04:43:00,2025-12-03 05:31:14,48.2,36B,베이36B,raw,
b170_heavy_work_r1,MSF,Large (141-200),170,heavy_work,274.35,38,20251202,18,BLK_18P,10,판계,1,2025-12-02 14:25:12,2025-12-02 15:10:48,45.6,,공통,raw,
b170_heavy_work_r1,MSF,Large (141-200),170,heavy_work,274.35,38,20251202,18,BLK_18P,10,전면SAW,2,2025-12-02 22:47:52,2025-12-03 00:43:59,116.1,,공통,raw,
b170_heavy_work_r1,MSF,Large (141-200),170,heavy_work,274.35,38,20251202,18,BLK_18P,10,TurnOver,3,2025-12-03 00:43:59,2025-12-03 00:58:23,14.4,,공통,raw,
b170_heavy_work_r1,MSF,Large (141-200),170,heavy_work,274.35,38,20251202,18,BLK_18P,10,후면SAW,4,2025-12-03 00:58:23,2025-12-03 02:29:34,91.2,,공통,raw,
b170_heavy_work_r1,MSF,Large (141-200),170,heavy_work,274.35,38,20251202,18,BLK_18P,10,NC,5,2025-12-03 02:48:18,2025-12-03 03:46:37,58.3,,공통,raw,
b170_heavy_work_r1,MSF,Large (141-200),170,heavy_work,274.35,38,20251202,18,BLK_18P,10,베이35A 론지취부,6,2025-12-03 03:46:37,2025-12-03 05:14:13,87.6,35A,베이35A,raw,
b170_heavy_work_r1,MSF,Large (141-200),170,heavy_work,274.35,38,20251202,18,BLK_18P,10,베이35A 론지용접,7,2025-12-03 05:14:13,2025-12-03 05:42:47,28.6,35A,베이35A,raw,
b170_heavy_work_r1,MSF,Large (141-200),170,heavy_work,274.35,38,20251202,18,BLK_18P,10,베이35A 수정,8,2025-12-03 05:42:47,2025-12-03 06:36:18,53.5,35A,베이35A,raw,
b170_heavy_work_r1,MSF,Large (141-200),170,heavy_work,274.35,38,20251202,42,BLK_42S,11,판계,1,2025-12-02 15:10:48,2025-12-02 15:46:48,36.0,,공통,raw,
b170_heavy_work_r1,MSF,Large (141-200),170,heavy_work,274.35,38,20251202,42,BLK_42S,11,전면SAW,2,2025-12-03 00:43:59,2025-12-03 01:21:48,37.8,,공통,raw,
b170_heavy_work_r1,MSF,Large (141-200),170,heavy_work,274.35,38,20251202,42,BLK_42S,11,TurnOver,3,2025-12-03 01:21:48,2025-12-03 01:36:12,14.4,,공통,raw,
b170_heavy_work_r1,MSF,Large (141-200),170,heavy_work,274.35,38,20251202,42,BLK_42S,11,후면SAW,4,2025-12-03 02:29:34,2025-12-03 02:53:58,24.4,,공통,raw,
b170_heavy_work_r1,MSF,Large (141-200),170,heavy_work,274.35,38,20251202,42,BLK_42S,11,NC,5,2025-12-03 03:46:37,2025-12-03 04:38:50,52.2,,공통,raw,
b170_heavy_work_r1,MSF,Large (141-200),170,heavy_work,274.35,38,20251202,42,BLK_42S,11,베이36B 론지취부,6,2025-12-03 04:38:50,2025-12-03 05:45:26,66.6,36B,베이36B,raw,
b170_heavy_work_r1,MSF,Large (141-200),170,heavy_work,274.35,38,20251202,42,BLK_42S,11,베이36B 론지용접,7,2025-12-03 05:45:26,2025-12-03 06:10:24,25.0,36B,베이36B,raw,
b170_heavy_work_r1,MSF,Large (141-200),170,heavy_work,274.35,38,20251202,42,BLK_42S,11,베이36B 수정,8,2025-12-03 06:10:24,2025-12-03 06:50:43,40.3,36B,베이36B,raw,
b170_heavy_work_r1,MSF,Large (141-200),170,heavy_work,274.35,38,20251202,22,BLK_22P,12,판계,1,2025-12-02 15:46:48,2025-12-02 16:32:24,45.6,,공통,raw,
b170_heavy_work_r1,MSF,Large (141-200),170,heavy_work,274.35,38,20251202,22,BLK_22P,12,전면SAW,2,2025-12-03 01:21:48,2025-12-03 03:29:11,127.4,,공통,raw,
b170_heavy_work_r1,MSF,Large (141-200),170,heavy_work,274.35,38,20251202,22,BLK_22P,12,TurnOver,3,2025-12-03 03:29:11,2025-12-03 03:43:35,14.4,,공통,raw,
b170_heavy_work_r1,MSF,Large (141-200),170,heavy_work,274.35,38,20251202,22,BLK_22P,12,후면SAW,4,2025-12-03 03:43:35,2025-12-03 05:25:03,101.5,,공통,raw,
b170_heavy_work_r1,MSF,Large (141-200),170,heavy_work,274.35,38,20251202,22,BLK_22P,12,NC,5,2025-12-03 05:25:03,2025-12-03 06:20:22,55.3,,공통,raw,
b170_heavy_work_r1,MSF,Large (141-200),170,heavy_work,274.35,38,20251202,22,BLK_22P,12,베이36B 론지취부,6,2025-12-03 06:20:22,2025-12-03 07:14:22,54.0,36B,베이36B,raw,
b170_heavy_work_r1,MSF,Large (141-200),170,heavy_work,274.35,38,20251202,22,BLK_22P,12,베이36B 론지용접,7,2025-12-03 07:14:22,2025-12-03 07:37:10,22.8,36B,베이36B,raw,
b170_heavy_work_r1,MSF,Large (141-200),170,heavy_work,274.35,38,20251202,22,BLK_22P,12,베이36B 수정,8,2025-12-03 07:37:10,2025-12-03 08:09:34,32.4,36B,베이36B,raw,
b170_heavy_work_r1,MSF,Large (141-200),170,heavy_work,274.35,38,20251202,46,BLK_46S,13,판계,1,2025-12-02 16:32:24,2025-12-02 17:08:24,36.0,,공통,raw,
b170_heavy_work_r1,MSF,Large (141-200),170,heavy_work,274.35,38,20251202,46,BLK_46S,13,전면SAW,2,2025-12-03 03:29:11,2025-12-03 04:13:29,44.3,,공통,raw,
b170_heavy_work_r1,MSF,Large (141-200),170,heavy_work,274.35,38,20251202,46,BLK_46S,13,TurnOver,3,2025-12-03 04:13:29,2025-12-03 04:27:53,14.4,,공통,raw,
b170_heavy_work_r1,MSF,Large (141-200),170,heavy_work,274.35,38,20251202,46,BLK_46S,13,후면SAW,4,2025-12-03 05:25:03,2025-12-03 05:57:59,32.9,,공통,raw,
b170_heavy_work_r1,MSF,Large (141-200),170,heavy_work,274.35,38,20251202,46,BLK_46S,13,NC,5,2025-12-03 06:20:22,2025-12-03 07:13:17,52.9,,공통,raw,
b170_heavy_work_r1,MSF,Large (141-200),170,heavy_work,274.35,38,20251202,46,BLK_46S,13,베이35A 론지취부,6,2025-12-03 07:13:17,2025-12-03 08:19:53,66.6,35A,베이35A,raw,
b170_heavy_work_r1,MSF,Large (141-200),170,heavy_work,274.35,38,20251202,46,BLK_46S,13,베이35A 론지용접,7,2025-12-03 08:19:53,2025-12-03 08:44:51,25.0,35A,베이35A,raw,
b170_heavy_work_r1,MSF,Large (141-200),170,heavy_work,274.35,38,20251202,46,BLK_46S,13,베이35A 수정,8,2025-12-03 08:44:51,2025-12-03 09:25:10,40.3,35A,베이35A,raw,
b170_heavy_work_r1,MSF,Large (141-200),170,heavy_work,274.35,38,20251202,3,BLK_3C,14,판계,1,2025-12-02 17:08:24,2025-12-02 17:22:48,14.4,,공통,raw,
b170_heavy_work_r1,MSF,Large (141-200),170,heavy_work,274.35,38,20251202,3,BLK_3C,14,전면SAW,2,2025-12-03 04:13:29,2025-12-03 05:02:08,48.7,,공통,raw,
b170_heavy_work_r1,MSF,Large (141-200),170,heavy_work,274.35,38,20251202,3,BLK_3C,14,TurnOver,3,2025-12-03 05:02:08,2025-12-03 05:16:32,14.4,,공통,raw,
b170_heavy_work_r1,MSF,Large (141-200),170,heavy_work,274.35,38,20251202,3,BLK_3C,14,후면SAW,4,2025-12-03 05:57:59,2025-12-03 06:36:41,38.7,,공통,raw,
b170_heavy_work_r1,MSF,Large (141-200),170,heavy_work,274.35,38,20251202,3,BLK_3C,14,NC,5,2025-12-03 07:13:17,2025-12-03 07:38:52,25.6,,공통,raw,
b170_heavy_work_r1,MSF,Large (141-200),170,heavy_work,274.35,38,20251202,3,BLK_3C,14,베이36B 론지취부,6,2025-12-03 07:38:52,2025-12-03 08:36:28,57.6,36B,베이36B,raw,
b170_heavy_work_r1,MSF,Large (141-200),170,heavy_work,274.35,38,20251202,3,BLK_3C,14,베이36B 론지용접,7,2025-12-03 08:36:28,2025-12-03 09:03:50,27.4,36B,베이36B,raw,
b170_heavy_work_r1,MSF,Large (141-200),170,heavy_work,274.35,38,20251202,3,BLK_3C,14,베이36B 수정,8,2025-12-03 09:03:50,2025-12-03 09:20:24,16.6,36B,베이36B,raw,
b170_heavy_work_r1,MSF,Large (141-200),170,heavy_work,274.35,38,20251203,33,BLK_33P,1,판계,1,2025-12-03 08:00:00,2025-12-03 08:24:00,24.0,,공통,raw,
b170_heavy_work_r1,MSF,Large (141-200),170,heavy_work,274.35,38,20251203,33,BLK_33P,1,전면SAW,2,2025-12-03 08:24:00,2025-12-03 08:56:56,32.9,,공통,raw,
b170_heavy_work_r1,MSF,Large (141-200),170,heavy_work,274.35,38,20251203,33,BLK_33P,1,TurnOver,3,2025-12-03 08:56:56,2025-12-03 09:11:20,14.4,,공통,raw,
b170_heavy_work_r1,MSF,Large (141-200),170,heavy_work,274.35,38,20251203,33,BLK_33P,1,후면SAW,4,2025-12-03 09:11:20,2025-12-03 09:29:20,18.0,,공통,raw,
b170_heavy_work_r1,MSF,Large (141-200),170,heavy_work,274.35,38,20251203,33,BLK_33P,1,NC,5,2025-12-03 09:29:20,2025-12-03 09:59:32,30.2,,공통,raw,
b170_heavy_work_r1,MSF,Large (141-200),170,heavy_work,274.35,38,20251203,33,BLK_33P,1,베이35A 론지취부,6,2025-12-03 09:59:32,2025-12-03 10:36:44,37.2,35A,베이35A,raw,
b170_heavy_work_r1,MSF,Large (141-200),170,heavy_work,274.35,38,20251203,33,BLK_33P,1,베이35A 론지용접,7,2025-12-03 10:36:44,2025-12-03 10:56:39,19.9,35A,베이35A,raw,
b170_heavy_work_r1,MSF,Large (141-200),170,heavy_work,274.35,38,20251203,33,BLK_33P,1,베이35A 수정,8,2025-12-03 10:56:39,2025-12-03 11:18:30,21.8,35A,베이35A,raw,
b170_heavy_work_r1,MSF,Large (141-200),170,heavy_work,274.35,38,20251203,1,BLK_1C,2,판계,1,2025-12-03 08:24:00,2025-12-03 09:09:36,45.6,,공통,raw,
b170_heavy_work_r1,MSF,Large (141-200),170,heavy_work,274.35,38,20251203,1,BLK_1C,2,전면SAW,2,2025-12-03 09:09:36,2025-12-03 10:45:36,96.0,,공통,raw,
b170_heavy_work_r1,MSF,Large (141-200),170,heavy_work,274.35,38,20251203,1,BLK_1C,2,TurnOver,3,2025-12-03 10:45:36,2025-12-03 11:00:00,14.4,,공통,raw,
b170_heavy_work_r1,MSF,Large (141-200),170,heavy_work,274.35,38,20251203,1,BLK_1C,2,후면SAW,4,2025-12-03 11:00:00,2025-12-03 12:12:51,72.9,,공통,raw,
b170_heavy_work_r1,MSF,Large (141-200),170,heavy_work,274.35,38,20251203,1,BLK_1C,2,NC,5,2025-12-03 12:12:51,2025-12-03 13:10:09,57.3,,공통,raw,
b170_heavy_work_r1,MSF,Large (141-200),170,heavy_work,274.35,38,20251203,1,BLK_1C,2,베이36B 론지취부,6,2025-12-03 13:10:09,2025-12-03 14:46:09,96.0,36B,베이36B,raw,
b170_heavy_work_r1,MSF,Large (141-200),170,heavy_work,274.35,38,20251203,1,BLK_1C,2,베이36B 론지용접,7,2025-12-03 14:46:09,2025-12-03 15:16:09,30.0,36B,베이36B,raw,
b170_heavy_work_r1,MSF,Large (141-200),170,heavy_work,274.35,38,20251203,1,BLK_1C,2,베이36B 수정,8,2025-12-03 15:16:09,2025-12-03 16:14:57,58.8,36B,베이36B,raw,
b170_heavy_work_r1,MSF,Large (141-200),170,heavy_work,274.35,38,20251203,11,BLK_11S,3,판계,1,2025-12-03 09:09:36,2025-12-03 09:45:36,36.0,,공통,raw,
b170_heavy_work_r1,MSF,Large (141-200),170,heavy_work,274.35,38,20251203,11,BLK_11S,3,전면SAW,2,2025-12-03 10:45:36,2025-12-03 11:24:23,38.8,,공통,raw,
b170_heavy_work_r1,MSF,Large (141-200),170,heavy_work,274.35,38,20251203,11,BLK_11S,3,TurnOver,3,2025-12-03 11:24:23,2025-12-03 11:38:47,14.4,,공통,raw,
b170_heavy_work_r1,MSF,Large (141-200),170,heavy_work,274.35,38,20251203,11,BLK_11S,3,후면SAW,4,2025-12-03 12:12:51,2025-12-03 12:38:32,25.7,,공통,raw,
b170_heavy_work_r1,MSF,Large (141-200),170,heavy_work,274.35,38,20251203,11,BLK_11S,3,NC,5,2025-12-03 13:10:09,2025-12-03 13:59:44,49.6,,공통,raw,
b170_heavy_work_r1,MSF,Large (141-200),170,heavy_work,274.35,38,20251203,11,BLK_11S,3,베이35A 론지취부,6,2025-12-03 13:59:44,2025-12-03 15:23:08,83.4,35A,베이35A,raw,
b170_heavy_work_r1,MSF,Large (141-200),170,heavy_work,274.35,38,20251203,11,BLK_11S,3,베이35A 론지용접,7,2025-12-03 15:23:08,2025-12-03 15:50:59,27.8,35A,베이35A,raw,
b170_heavy_work_r1,MSF,Large (141-200),170,heavy_work,274.35,38,20251203,11,BLK_11S,3,베이35A 수정,8,2025-12-03 15:50:59,2025-12-03 16:41:52,50.9,35A,베이35A,raw,
b170_heavy_work_r1,MSF,Large (141-200),170,heavy_work,274.35,38,20251203,9,BLK_9C,4,판계,1,2025-12-03 09:45:36,2025-12-03 10:31:12,45.6,,공통,raw,
b170_heavy_work_r1,MSF,Large (141-200),170,heavy_work,274.35,38,20251203,9,BLK_9C,4,전면SAW,2,2025-12-03 11:24:23,2025-12-03 13:35:33,131.2,,공통,raw,
b170_heavy_work_r1,MSF,Large (141-200),170,heavy_work,274.35,38,20251203,9,BLK_9C,4,TurnOver,3,2025-12-03 13:35:33,2025-12-03 13:49:57,14.4,,공통,raw,
b170_heavy_work_r1,MSF,Large (141-200),170,heavy_work,274.35,38,20251203,9,BLK_9C,4,후면SAW,4,2025-12-03 13:49:57,2025-12-03 15:34:50,104.9,,공통,raw,
b170_heavy_work_r1,MSF,Large (141-200),170,heavy_work,274.35,38,20251203,9,BLK_9C,4,NC,5,2025-12-03 15:34:50,2025-12-03 16:34:42,59.9,,공통,raw,
b170_heavy_work_r1,MSF,Large (141-200),170,heavy_work,274.35,38,20251203,9,BLK_9C,4,베이36B 론지취부,6,2025-12-03 16:34:42,2025-12-03 18:10:42,96.0,36B,베이36B,raw,
b170_heavy_work_r1,MSF,Large (141-200),170,heavy_work,274.35,38,20251203,9,BLK_9C,4,베이36B 론지용접,7,2025-12-03 18:10:42,2025-12-03 18:40:42,30.0,36B,베이36B,raw,
b170_heavy_work_r1,MSF,Large (141-200),170,heavy_work,274.35,38,20251203,9,BLK_9C,4,베이36B 수정,8,2025-12-03 18:40:42,2025-12-03 19:39:30,58.8,36B,베이36B,raw,
b170_heavy_work_r1,MSF,Large (141-200),170,heavy_work,274.35,38,20251203,25,BLK_25C,5,판계,1,2025-12-03 10:31:12,2025-12-03 11:07:12,36.0,,공통,raw,
b170_heavy_work_r1,MSF,Large (141-200),170,heavy_work,274.35,38,20251203,25,BLK_25C,5,전면SAW,2,2025-12-03 13:35:33,2025-12-03 14:12:16,36.7,,공통,raw,
b170_heavy_work_r1,MSF,Large (141-200),170,heavy_work,274.35,38,20251203,25,BLK_25C,5,TurnOver,3,2025-12-03 14:12:16,2025-12-03 14:26:40,14.4,,공통,raw,
b170_heavy_work_r1,MSF,Large (141-200),170,heavy_work,274.35,38,20251203,25,BLK_25C,5,후면SAW,4,2025-12-03 15:34:50,2025-12-03 15:57:48,23.0,,공통,raw,
b170_heavy_work_r1,MSF,Large (141-200),170,heavy_work,274.35,38,20251203,25,BLK_25C,5,NC,5,2025-12-03 16:34:42,2025-12-03 17:25:32,50.8,,공통,raw,
b170_heavy_work_r1,MSF,Large (141-200),170,heavy_work,274.35,38,20251203,25,BLK_25C,5,베이35A 론지취부,6,2025-12-03 17:25:32,2025-12-03 18:27:56,62.4,35A,베이35A,raw,
b170_heavy_work_r1,MSF,Large (141-200),170,heavy_work,274.35,38,20251203,25,BLK_25C,5,베이35A 론지용접,7,2025-12-03 18:27:56,2025-12-03 18:52:10,24.2,35A,베이35A,raw,
b170_heavy_work_r1,MSF,Large (141-200),170,heavy_work,274.35,38,20251203,25,BLK_25C,5,베이35A 수정,8,2025-12-03 18:52:10,2025-12-03 19:29:51,37.7,35A,베이35A,raw,
b170_heavy_work_r1,MSF,Large (141-200),170,heavy_work,274.35,38,20251203,7,BLK_7S,6,판계,1,2025-12-03 11:07:12,2025-12-03 11:43:12,36.0,,공통,raw,
b170_heavy_work_r1,MSF,Large (141-200),170,heavy_work,274.35,38,20251203,7,BLK_7S,6,전면SAW,2,2025-12-03 14:12:16,2025-12-03 16:26:58,134.7,,공통,raw,
b170_heavy_work_r1,MSF,Large (141-200),170,heavy_work,274.35,38,20251203,7,BLK_7S,6,TurnOver,3,2025-12-03 16:26:58,2025-12-03 16:41:22,14.4,,공통,raw,
b170_heavy_work_r1,MSF,Large (141-200),170,heavy_work,274.35,38,20251203,7,BLK_7S,6,후면SAW,4,2025-12-03 16:41:22,2025-12-03 18:56:49,135.5,,공통,raw,
b170_heavy_work_r1,MSF,Large (141-200),170,heavy_work,274.35,38,20251203,7,BLK_7S,6,NC,5,2025-12-03 18:56:49,2025-12-03 20:04:06,67.3,,공통,raw,
b170_heavy_work_r1,MSF,Large (141-200),170,heavy_work,274.35,38,20251203,7,BLK_7S,6,베이36B 론지취부,6,2025-12-03 20:04:06,2025-12-03 22:05:18,121.2,36B,베이36B,raw,
b170_heavy_work_r1,MSF,Large (141-200),170,heavy_work,274.35,38,20251203,7,BLK_7S,6,베이36B 론지용접,7,2025-12-03 22:05:18,2025-12-03 22:39:37,34.3,36B,베이36B,raw,
b170_heavy_work_r1,MSF,Large (141-200),170,heavy_work,274.35,38,20251203,7,BLK_7S,6,베이36B 수정,8,2025-12-03 22:39:37,2025-12-03 23:54:15,74.6,36B,베이36B,raw,
b170_heavy_work_r1,MSF,Large (141-200),170,heavy_work,274.35,38,20251203,5,BLK_5C,7,판계,1,2025-12-03 11:43:12,2025-12-03 12:19:12,36.0,,공통,raw,
b170_heavy_work_r1,MSF,Large (141-200),170,heavy_work,274.35,38,20251203,5,BLK_5C,7,전면SAW,2,2025-12-03 16:26:58,2025-12-03 18:20:38,113.7,,공통,raw,
b170_heavy_work_r1,MSF,Large (141-200),170,heavy_work,274.35,38,20251203,5,BLK_5C,7,TurnOver,3,2025-12-03 18:20:38,2025-12-03 18:35:02,14.4,,공통,raw,
b170_heavy_work_r1,MSF,Large (141-200),170,heavy_work,274.35,38,20251203,5,BLK_5C,7,후면SAW,4,2025-12-03 18:56:49,2025-12-03 20:25:46,88.9,,공통,raw,
b170_heavy_work_r1,MSF,Large (141-200),170,heavy_work,274.35,38,20251203,5,BLK_5C,7,NC,5,2025-12-03 20:25:46,2025-12-03 21:28:53,63.1,,공통,raw,
b170_heavy_work_r1,MSF,Large (141-200),170,heavy_work,274.35,38,20251203,5,BLK_5C,7,베이35A 론지취부,6,2025-12-03 21:28:53,2025-12-03 22:56:29,87.6,35A,베이35A,raw,
b170_heavy_work_r1,MSF,Large (141-200),170,heavy_work,274.35,38,20251203,5,BLK_5C,7,베이35A 론지용접,7,2025-12-03 22:56:29,2025-12-03 23:25:02,28.6,35A,베이35A,raw,
b170_heavy_work_r1,MSF,Large (141-200),170,heavy_work,274.35,38,20251203,5,BLK_5C,7,베이35A 수정,8,2025-12-03 23:25:02,2025-12-04 00:18:33,53.5,35A,베이35A,raw,
b170_heavy_work_r1,MSF,Large (141-200),170,heavy_work,274.35,38,20251203,126,BLK_126C,8,판계,1,2025-12-03 12:19:12,2025-12-03 12:33:36,14.4,,공통,raw,
b170_heavy_work_r1,MSF,Large (141-200),170,heavy_work,274.35,38,20251203,126,BLK_126C,8,전면SAW,2,2025-12-03 18:20:38,2025-12-03 19:45:16,84.6,,공통,raw,
b170_heavy_work_r1,MSF,Large (141-200),170,heavy_work,274.35,38,20251203,126,BLK_126C,8,TurnOver,3,2025-12-03 19:45:16,2025-12-03 19:59:40,14.4,,공통,raw,
b170_heavy_work_r1,MSF,Large (141-200),170,heavy_work,274.35,38,20251203,126,BLK_126C,8,후면SAW,4,2025-12-03 20:25:46,2025-12-03 21:51:48,86.0,,공통,raw,
b170_heavy_work_r1,MSF,Large (141-200),170,heavy_work,274.35,38,20251203,126,BLK_126C,8,NC,5,2025-12-03 21:51:48,2025-12-03 22:17:17,25.5,,공통,raw,
b170_heavy_work_r1,MSF,Large (141-200),170,heavy_work,274.35,38,20251203,126,BLK_126C,8,베이36B 론지취부,6,2025-12-03 22:17:17,2025-12-03 23:07:05,49.8,36B,베이36B,raw,
b170_heavy_work_r1,MSF,Large (141-200),170,heavy_work,274.35,38,20251203,126,BLK_126C,8,베이36B 론지용접,7,2025-12-03 23:07:05,2025-12-03 23:24:22,17.3,36B,베이36B,raw,
b170_heavy_work_r1,MSF,Large (141-200),170,heavy_work,274.35,38,20251203,126,BLK_126C,8,베이36B 수정,8,2025-12-03 23:54:15,2025-12-04 00:24:01,29.8,36B,베이36B,raw,
b170_heavy_work_r1,MSF,Large (141-200),170,heavy_work,274.35,38,20251203,96,BLK_96C,9,판계,1,2025-12-03 12:33:36,2025-12-03 12:57:36,24.0,,공통,raw,
b170_heavy_work_r1,MSF,Large (141-200),170,heavy_work,274.35,38,20251203,96,BLK_96C,9,전면SAW,2,2025-12-03 19:45:16,2025-12-03 21:56:15,131.0,,공통,raw,
b170_heavy_work_r1,MSF,Large (141-200),170,heavy_work,274.35,38,20251203,96,BLK_96C,9,TurnOver,3,2025-12-03 21:56:15,2025-12-03 22:10:39,14.4,,공통,raw,
b170_heavy_work_r1,MSF,Large (141-200),170,heavy_work,274.35,38,20251203,96,BLK_96C,9,후면SAW,4,2025-12-03 22:10:39,2025-12-04 00:21:46,131.1,,공통,raw,
b170_heavy_work_r1,MSF,Large (141-200),170,heavy_work,274.35,38,20251203,96,BLK_96C,9,NC,5,2025-12-04 00:21:46,2025-12-04 00:52:14,30.5,,공통,raw,
b170_heavy_work_r1,MSF,Large (141-200),170,heavy_work,274.35,38,20251203,96,BLK_96C,9,베이35A 론지취부,6,2025-12-04 00:52:14,2025-12-04 01:42:02,49.8,35A,베이35A,raw,
b170_heavy_work_r1,MSF,Large (141-200),170,heavy_work,274.35,38,20251203,96,BLK_96C,9,베이35A 론지용접,7,2025-12-04 01:42:02,2025-12-04 01:59:18,17.3,35A,베이35A,raw,
b170_heavy_work_r1,MSF,Large (141-200),170,heavy_work,274.35,38,20251203,96,BLK_96C,9,베이35A 수정,8,2025-12-04 01:59:18,2025-12-04 02:29:04,29.8,35A,베이35A,raw,
b170_heavy_work_r1,MSF,Large (141-200),170,heavy_work,274.35,38,20251203,67,BLK_67C,10,판계,1,2025-12-03 12:57:36,2025-12-03 13:21:36,24.0,,공통,raw,
b170_heavy_work_r1,MSF,Large (141-200),170,heavy_work,274.35,38,20251203,67,BLK_67C,10,전면SAW,2,2025-12-03 21:56:15,2025-12-03 23:02:03,65.8,,공통,raw,
b170_heavy_work_r1,MSF,Large (141-200),170,heavy_work,274.35,38,20251203,67,BLK_67C,10,TurnOver,3,2025-12-03 23:02:03,2025-12-03 23:16:27,14.4,,공통,raw,
b170_heavy_work_r1,MSF,Large (141-200),170,heavy_work,274.35,38,20251203,67,BLK_67C,10,후면SAW,4,2025-12-04 00:21:46,2025-12-04 01:23:01,61.2,,공통,raw,
b170_heavy_work_r1,MSF,Large (141-200),170,heavy_work,274.35,38,20251203,67,BLK_67C,10,NC,5,2025-12-04 01:23:01,2025-12-04 01:58:26,35.4,,공통,raw,
b170_heavy_work_r1,MSF,Large (141-200),170,heavy_work,274.35,38,20251203,67,BLK_67C,10,베이36B 론지취부,6,2025-12-04 01:58:26,2025-12-04 03:30:14,91.8,36B,베이36B,raw,
b170_heavy_work_r1,MSF,Large (141-200),170,heavy_work,274.35,38,20251203,67,BLK_67C,10,베이36B 론지용접,7,2025-12-04 03:30:14,2025-12-04 03:59:31,29.3,36B,베이36B,raw,
b170_heavy_work_r1,MSF,Large (141-200),170,heavy_work,274.35,38,20251203,67,BLK_67C,10,베이36B 수정,8,2025-12-04 03:59:31,2025-12-04 04:55:40,56.2,36B,베이36B,raw,
b170_heavy_work_r1,MSF,Large (141-200),170,heavy_work,274.35,38,20251203,116,BLK_116C,11,판계,1,2025-12-03 13:21:36,2025-12-03 13:45:36,24.0,,공통,raw,
b170_heavy_work_r1,MSF,Large (141-200),170,heavy_work,274.35,38,20251203,116,BLK_116C,11,전면SAW,2,2025-12-03 23:02:03,2025-12-04 01:08:45,126.7,,공통,raw,
b170_heavy_work_r1,MSF,Large (141-200),170,heavy_work,274.35,38,20251203,116,BLK_116C,11,TurnOver,3,2025-12-04 01:08:45,2025-12-04 01:23:09,14.4,,공통,raw,
b170_heavy_work_r1,MSF,Large (141-200),170,heavy_work,274.35,38,20251203,116,BLK_116C,11,후면SAW,4,2025-12-04 01:23:09,2025-12-04 03:03:59,100.8,,공통,raw,
b170_heavy_work_r1,MSF,Large (141-200),170,heavy_work,274.35,38,20251203,116,BLK_116C,11,NC,5,2025-12-04 03:03:59,2025-12-04 03:36:40,32.7,,공통,raw,
b170_heavy_work_r1,MSF,Large (141-200),170,heavy_work,274.35,38,20251203,116,BLK_116C,11,베이35A 론지취부,6,2025-12-04 03:36:40,2025-12-04 04:26:28,49.8,35A,베이35A,raw,
b170_heavy_work_r1,MSF,Large (141-200),170,heavy_work,274.35,38,20251203,116,BLK_116C,11,베이35A 론지용접,7,2025-12-04 04:26:28,2025-12-04 04:48:33,22.1,35A,베이35A,raw,
b170_heavy_work_r1,MSF,Large (141-200),170,heavy_work,274.35,38,20251203,116,BLK_116C,11,베이35A 수정,8,2025-12-04 04:48:33,2025-12-04 05:18:18,29.8,35A,베이35A,raw,
b170_heavy_work_r1,MSF,Large (141-200),170,heavy_work,274.35,38,20251203,156,BLK_156C,12,판계,1,2025-12-03 13:45:36,2025-12-03 14:09:36,24.0,,공통,raw,
b170_heavy_work_r1,MSF,Large (141-200),170,heavy_work,274.35,38,20251203,156,BLK_156C,12,전면SAW,2,2025-12-04 01:08:45,2025-12-04 01:48:42,39.9,,공통,raw,
b170_heavy_work_r1,MSF,Large (141-200),170,heavy_work,274.35,38,20251203,156,BLK_156C,12,TurnOver,3,2025-12-04 01:48:42,2025-12-04 02:03:06,14.4,,공통,raw,
b170_heavy_work_r1,MSF,Large (141-200),170,heavy_work,274.35,38,20251203,156,BLK_156C,12,후면SAW,4,2025-12-04 03:03:59,2025-12-04 03:31:12,27.2,,공통,raw,
b170_heavy_work_r1,MSF,Large (141-200),170,heavy_work,274.35,38,20251203,156,BLK_156C,12,NC,5,2025-12-04 03:36:40,2025-12-04 04:07:58,31.3,,공통,raw,
b170_heavy_work_r1,MSF,Large (141-200),170,heavy_work,274.35,38,20251203,156,BLK_156C,12,베이36B 론지취부,6,2025-12-04 04:07:58,2025-12-04 05:01:58,54.0,36B,베이36B,raw,
b170_heavy_work_r1,MSF,Large (141-200),170,heavy_work,274.35,38,20251203,156,BLK_156C,12,베이36B 론지용접,7,2025-12-04 05:01:58,2025-12-04 05:19:58,18.0,36B,베이36B,raw,
b170_heavy_work_r1,MSF,Large (141-200),170,heavy_work,274.35,38,20251203,156,BLK_156C,12,베이36B 수정,8,2025-12-04 05:19:58,2025-12-04 05:52:22,32.4,36B,베이36B,raw,
b170_heavy_work_r1,MSF,Large (141-200),170,heavy_work,274.35,38,20251203,19,BLK_19C,13,판계,1,2025-12-03 14:09:36,2025-12-03 14:39:36,30.0,,공통,raw,
b170_heavy_work_r1,MSF,Large (141-200),170,heavy_work,274.35,38,20251203,19,BLK_19C,13,전면SAW,2,2025-12-04 01:48:42,2025-12-04 02:27:33,38.9,,공통,raw,
b170_heavy_work_r1,MSF,Large (141-200),170,heavy_work,274.35,38,20251203,19,BLK_19C,13,TurnOver,3,2025-12-04 02:27:33,2025-12-04 02:41:57,14.4,,공통,raw,
b170_heavy_work_r1,MSF,Large (141-200),170,heavy_work,274.35,38,20251203,19,BLK_19C,13,후면SAW,4,2025-12-04 03:31:12,2025-12-04 03:56:59,25.8,,공통,raw,
b170_heavy_work_r1,MSF,Large (141-200),170,heavy_work,274.35,38,20251203,19,BLK_19C,13,NC,5,2025-12-04 04:07:58,2025-12-04 04:50:39,42.7,,공통,raw,
b170_heavy_work_r1,MSF,Large (141-200),170,heavy_work,274.35,38,20251203,19,BLK_19C,13,베이35A 론지취부,6,2025-12-04 04:50:39,2025-12-04 06:09:51,79.2,35A,베이35A,raw,
b170_heavy_work_r1,MSF,Large (141-200),170,heavy_work,274.35,38,20251203,19,BLK_19C,13,베이35A 론지용접,7,2025-12-04 06:09:51,2025-12-04 06:36:58,27.1,35A,베이35A,raw,
b170_heavy_work_r1,MSF,Large (141-200),170,heavy_work,274.35,38,20251203,19,BLK_19C,13,베이35A 수정,8,2025-12-04 06:36:58,2025-12-04 07:25:12,48.2,35A,베이35A,raw,
b170_heavy_work_r1,MSF,Large (141-200),170,heavy_work,274.35,38,20251203,23,BLK_23P,14,판계,1,2025-12-03 14:39:36,2025-12-03 15:19:12,39.6,,공통,raw,
b170_heavy_work_r1,MSF,Large (141-200),170,heavy_work,274.35,38,20251203,23,BLK_23P,14,전면SAW,2,2025-12-04 02:27:33,2025-12-04 04:20:29,112.9,,공통,raw,
b170_heavy_work_r1,MSF,Large (141-200),170,heavy_work,274.35,38,20251203,23,BLK_23P,14,TurnOver,3,2025-12-04 04:20:29,2025-12-04 04:34:53,14.4,,공통,raw,
b170_heavy_work_r1,MSF,Large (141-200),170,heavy_work,274.35,38,20251203,23,BLK_23P,14,후면SAW,4,2025-12-04 04:34:53,2025-12-04 06:03:10,88.3,,공통,raw,
b170_heavy_work_r1,MSF,Large (141-200),170,heavy_work,274.35,38,20251203,23,BLK_23P,14,NC,5,2025-12-04 06:03:10,2025-12-04 06:52:26,49.3,,공통,raw,
b170_heavy_work_r1,MSF,Large (141-200),170,heavy_work,274.35,38,20251203,23,BLK_23P,14,베이36B 론지취부,6,2025-12-04 06:52:26,2025-12-04 07:54:50,62.4,36B,베이36B,raw,
b170_heavy_work_r1,MSF,Large (141-200),170,heavy_work,274.35,38,20251203,23,BLK_23P,14,베이36B 론지용접,7,2025-12-04 07:54:50,2025-12-04 08:19:04,24.2,36B,베이36B,raw,
b170_heavy_work_r1,MSF,Large (141-200),170,heavy_work,274.35,38,20251203,23,BLK_23P,14,베이36B 수정,8,2025-12-04 08:19:04,2025-12-04 08:56:45,37.7,36B,베이36B,raw,
b170_heavy_work_r1,MSF,Large (141-200),170,heavy_work,274.35,38,20251203,147,BLK_147C,15,판계,1,2025-12-03 15:19:12,2025-12-03 15:49:12,30.0,,공통,raw,
b170_heavy_work_r1,MSF,Large (141-200),170,heavy_work,274.35,38,20251203,147,BLK_147C,15,전면SAW,2,2025-12-04 04:20:29,2025-12-04 05:01:37,41.1,,공통,raw,
b170_heavy_work_r1,MSF,Large (141-200),170,heavy_work,274.35,38,20251203,147,BLK_147C,15,TurnOver,3,2025-12-04 05:01:37,2025-12-04 05:16:01,14.4,,공통,raw,
b170_heavy_work_r1,MSF,Large (141-200),170,heavy_work,274.35,38,20251203,147,BLK_147C,15,후면SAW,4,2025-12-04 06:03:10,2025-12-04 06:31:56,28.8,,공통,raw,
b170_heavy_work_r1,MSF,Large (141-200),170,heavy_work,274.35,38,20251203,147,BLK_147C,15,NC,5,2025-12-04 06:52:26,2025-12-04 07:34:23,42.0,,공통,raw,
b170_heavy_work_r1,MSF,Large (141-200),170,heavy_work,274.35,38,20251203,147,BLK_147C,15,베이35A 론지취부,6,2025-12-04 07:34:23,2025-12-04 08:53:35,79.2,35A,베이35A,raw,
b170_heavy_work_r1,MSF,Large (141-200),170,heavy_work,274.35,38,20251203,147,BLK_147C,15,베이35A 론지용접,7,2025-12-04 08:53:35,2025-12-04 09:20:42,27.1,35A,베이35A,raw,
b170_heavy_work_r1,MSF,Large (141-200),170,heavy_work,274.35,38,20251203,147,BLK_147C,15,베이35A 수정,8,2025-12-04 09:20:42,2025-12-04 10:08:57,48.2,35A,베이35A,raw,
b170_heavy_work_r1,MSF,Large (141-200),170,heavy_work,274.35,38,20251203,136,BLK_136C,16,판계,1,2025-12-03 15:49:12,2025-12-03 16:19:12,30.0,,공통,raw,
b170_heavy_work_r1,MSF,Large (141-200),170,heavy_work,274.35,38,20251203,136,BLK_136C,16,전면SAW,2,2025-12-04 05:01:37,2025-12-04 05:39:21,37.7,,공통,raw,
b170_heavy_work_r1,MSF,Large (141-200),170,heavy_work,274.35,38,20251203,136,BLK_136C,16,TurnOver,3,2025-12-04 05:39:21,2025-12-04 05:53:45,14.4,,공통,raw,
b170_heavy_work_r1,MSF,Large (141-200),170,heavy_work,274.35,38,20251203,136,BLK_136C,16,후면SAW,4,2025-12-04 06:31:56,2025-12-04 06:56:15,24.3,,공통,raw,
b170_heavy_work_r1,MSF,Large (141-200),170,heavy_work,274.35,38,20251203,136,BLK_136C,16,NC,5,2025-12-04 07:34:23,2025-12-04 08:18:30,44.1,,공통,raw,
b170_heavy_work_r1,MSF,Large (141-200),170,heavy_work,274.35,38,20251203,136,BLK_136C,16,베이36B 론지취부,6,2025-12-04 08:18:30,2025-12-04 09:25:06,66.6,36B,베이36B,raw,
b170_heavy_work_r1,MSF,Large (141-200),170,heavy_work,274.35,38,20251203,136,BLK_136C,16,베이36B 론지용접,7,2025-12-04 09:25:06,2025-12-04 09:50:04,25.0,36B,베이36B,raw,
b170_heavy_work_r1,MSF,Large (141-200),170,heavy_work,274.35,38,20251203,136,BLK_136C,16,베이36B 수정,8,2025-12-04 09:50:04,2025-12-04 10:30:23,40.3,36B,베이36B,raw,
b170_heavy_work_r1,MSF,Large (141-200),170,heavy_work,274.35,38,20251203,77,BLK_77C,17,판계,1,2025-12-03 16:19:12,2025-12-03 17:04:48,45.6,,공통,raw,
b170_heavy_work_r1,MSF,Large (141-200),170,heavy_work,274.35,38,20251203,77,BLK_77C,17,전면SAW,2,2025-12-04 05:39:21,2025-12-04 07:25:22,106.0,,공통,raw,
b170_heavy_work_r1,MSF,Large (141-200),170,heavy_work,274.35,38,20251203,77,BLK_77C,17,TurnOver,3,2025-12-04 07:25:22,2025-12-04 07:39:46,14.4,,공통,raw,
b170_heavy_work_r1,MSF,Large (141-200),170,heavy_work,274.35,38,20251203,77,BLK_77C,17,후면SAW,4,2025-12-04 07:39:46,2025-12-04 09:01:43,82.0,,공통,raw,
b170_heavy_work_r1,MSF,Large (141-200),170,heavy_work,274.35,38,20251203,77,BLK_77C,17,NC,5,2025-12-04 09:01:43,2025-12-04 09:56:29,54.8,,공통,raw,
b170_heavy_work_r1,MSF,Large (141-200),170,heavy_work,274.35,38,20251203,77,BLK_77C,17,베이35A 론지취부,6,2025-12-04 09:56:29,2025-12-04 11:07:17,70.8,35A,베이35A,raw,
b170_heavy_work_r1,MSF,Large (141-200),170,heavy_work,274.35,38,20251203,77,BLK_77C,17,베이35A 론지용접,7,2025-12-04 11:07:17,2025-12-04 11:32:58,25.7,35A,베이35A,raw,
b170_heavy_work_r1,MSF,Large (141-200),170,heavy_work,274.35,38,20251203,77,BLK_77C,17,베이35A 수정,8,2025-12-04 11:32:58,2025-12-04 12:15:56,43.0,35A,베이35A,raw,
b170_heavy_work_r1,MSF,Large (141-200),170,heavy_work,274.35,38,20251203,15,BLK_15P,18,판계,1,2025-12-03 17:04:48,2025-12-03 17:40:48,36.0,,공통,raw,
b170_heavy_work_r1,MSF,Large (141-200),170,heavy_work,274.35,38,20251203,15,BLK_15P,18,전면SAW,2,2025-12-04 07:25:22,2025-12-04 08:01:37,36.3,,공통,raw,
b170_heavy_work_r1,MSF,Large (141-200),170,heavy_work,274.35,38,20251203,15,BLK_15P,18,TurnOver,3,2025-12-04 08:01:37,2025-12-04 08:16:01,14.4,,공통,raw,
b170_heavy_work_r1,MSF,Large (141-200),170,heavy_work,274.35,38,20251203,15,BLK_15P,18,후면SAW,4,2025-12-04 09:01:43,2025-12-04 09:24:05,22.4,,공통,raw,
b170_heavy_work_r1,MSF,Large (141-200),170,heavy_work,274.35,38,20251203,15,BLK_15P,18,NC,5,2025-12-04 09:56:29,2025-12-04 10:44:29,48.0,,공통,raw,
b170_heavy_work_r1,MSF,Large (141-200),170,heavy_work,274.35,38,20251203,15,BLK_15P,18,베이36B 론지취부,6,2025-12-04 10:44:29,2025-12-04 12:03:41,79.2,36B,베이36B,raw,
b170_heavy_work_r1,MSF,Large (141-200),170,heavy_work,274.35,38,20251203,15,BLK_15P,18,베이36B 론지용접,7,2025-12-04 12:03:41,2025-12-04 12:30:48,27.1,36B,베이36B,raw,
b170_heavy_work_r1,MSF,Large (141-200),170,heavy_work,274.35,38,20251203,15,BLK_15P,18,베이36B 수정,8,2025-12-04 12:30:48,2025-12-04 13:19:03,48.2,36B,베이36B,raw,
b170_heavy_work_r1,MSF,Large (141-200),170,heavy_work,274.35,38,20251203,157,BLK_157P,19,판계,1,2025-12-03 17:40:48,2025-12-03 17:55:12,14.4,,공통,raw,
b170_heavy_work_r1,MSF,Large (141-200),170,heavy_work,274.35,38,20251203,157,BLK_157P,19,전면SAW,2,2025-12-04 08:01:37,2025-12-04 09:11:08,69.5,,공통,raw,
b170_heavy_work_r1,MSF,Large (141-200),170,heavy_work,274.35,38,20251203,157,BLK_157P,19,TurnOver,3,2025-12-04 09:11:08,2025-12-04 09:25:32,14.4,,공통,raw,
b170_heavy_work_r1,MSF,Large (141-200),170,heavy_work,274.35,38,20251203,157,BLK_157P,19,후면SAW,4,2025-12-04 09:25:32,2025-12-04 10:31:42,66.2,,공통,raw,
b170_heavy_work_r1,MSF,Large (141-200),170,heavy_work,274.35,38,20251203,157,BLK_157P,19,NC,5,2025-12-04 10:44:29,2025-12-04 11:11:12,26.7,,공통,raw,
b170_heavy_work_r1,MSF,Large (141-200),170,heavy_work,274.35,38,20251203,157,BLK_157P,19,베이35A 론지취부,6,2025-12-04 11:11:12,2025-12-04 12:13:36,62.4,35A,베이35A,raw,
b170_heavy_work_r1,MSF,Large (141-200),170,heavy_work,274.35,38,20251203,157,BLK_157P,19,베이35A 론지용접,7,2025-12-04 12:13:36,2025-12-04 12:37:50,24.2,35A,베이35A,raw,
b170_heavy_work_r1,MSF,Large (141-200),170,heavy_work,274.35,38,20251203,157,BLK_157P,19,베이35A 수정,8,2025-12-04 12:37:50,2025-12-04 13:15:31,37.7,35A,베이35A,raw,
b170_heavy_work_r1,MSF,Large (141-200),170,heavy_work,274.35,38,20251204,31,BLK_31P,1,판계,1,2025-12-04 08:00:00,2025-12-04 08:45:36,45.6,,공통,raw,
b170_heavy_work_r1,MSF,Large (141-200),170,heavy_work,274.35,38,20251204,31,BLK_31P,1,전면SAW,2,2025-12-04 09:11:08,2025-12-04 11:22:27,131.3,,공통,raw,
b170_heavy_work_r1,MSF,Large (141-200),170,heavy_work,274.35,38,20251204,31,BLK_31P,1,TurnOver,3,2025-12-04 11:22:27,2025-12-04 11:36:51,14.4,,공통,raw,
b170_heavy_work_r1,MSF,Large (141-200),170,heavy_work,274.35,38,20251204,31,BLK_31P,1,후면SAW,4,2025-12-04 11:36:51,2025-12-04 13:48:23,131.5,,공통,raw,
b170_heavy_work_r1,MSF,Large (141-200),170,heavy_work,274.35,38,20251204,31,BLK_31P,1,NC,5,2025-12-04 13:48:23,2025-12-04 14:46:02,57.7,,공통,raw,
b170_heavy_work_r1,MSF,Large (141-200),170,heavy_work,274.35,38,20251204,31,BLK_31P,1,베이36B 론지취부,6,2025-12-04 14:46:02,2025-12-04 16:22:02,96.0,36B,베이36B,raw,
b170_heavy_work_r1,MSF,Large (141-200),170,heavy_work,274.35,38,20251204,31,BLK_31P,1,베이36B 론지용접,7,2025-12-04 16:22:02,2025-12-04 16:52:02,30.0,36B,베이36B,raw,
b170_heavy_work_r1,MSF,Large (141-200),170,heavy_work,274.35,38,20251204,31,BLK_31P,1,베이36B 수정,8,2025-12-04 16:52:02,2025-12-04 17:50:50,58.8,36B,베이36B,raw,
b170_heavy_work_r1,MSF,Large (141-200),170,heavy_work,274.35,38,20251204,27,BLK_27S,2,판계,1,2025-12-04 08:45:36,2025-12-04 09:21:36,36.0,,공통,raw,
b170_heavy_work_r1,MSF,Large (141-200),170,heavy_work,274.35,38,20251204,27,BLK_27S,2,전면SAW,2,2025-12-04 11:22:27,2025-12-04 12:16:08,53.7,,공통,raw,
b170_heavy_work_r1,MSF,Large (141-200),170,heavy_work,274.35,38,20251204,27,BLK_27S,2,TurnOver,3,2025-12-04 12:16:08,2025-12-04 12:30:32,14.4,,공통,raw,
b170_heavy_work_r1,MSF,Large (141-200),170,heavy_work,274.35,38,20251204,27,BLK_27S,2,후면SAW,4,2025-12-04 13:48:23,2025-12-04 14:33:39,45.3,,공통,raw,
b170_heavy_work_r1,MSF,Large (141-200),170,heavy_work,274.35,38,20251204,27,BLK_27S,2,NC,5,2025-12-04 14:46:02,2025-12-04 15:46:28,60.4,,공통,raw,
b170_heavy_work_r1,MSF,Large (141-200),170,heavy_work,274.35,38,20251204,27,BLK_27S,2,베이36B 론지취부,6,2025-12-04 16:22:02,2025-12-04 17:49:38,87.6,36B,베이36B,raw,
b170_heavy_work_r1,MSF,Large (141-200),170,heavy_work,274.35,38,20251204,27,BLK_27S,2,베이36B 론지용접,7,2025-12-04 17:49:38,2025-12-04 18:18:12,28.6,36B,베이36B,raw,
b170_heavy_work_r1,MSF,Large (141-200),170,heavy_work,274.35,38,20251204,27,BLK_27S,2,베이36B 수정,8,2025-12-04 18:18:12,2025-12-04 19:11:43,53.5,36B,베이36B,raw,
b170_heavy_work_r1,MSF,Large (141-200),170,heavy_work,274.35,38,20251204,35,BLK_35P,3,판계,1,2025-12-04 09:21:36,2025-12-04 10:15:36,54.0,,공통,raw,
b170_heavy_work_r1,MSF,Large (141-200),170,heavy_work,274.35,38,20251204,35,BLK_35P,3,전면SAW,2,2025-12-04 12:16:08,2025-12-04 13:02:02,45.9,,공통,raw,
b170_heavy_work_r1,MSF,Large (141-200),170,heavy_work,274.35,38,20251204,35,BLK_35P,3,TurnOver,3,2025-12-04 13:02:02,2025-12-04 13:16:26,14.4,,공통,raw,
b170_heavy_work_r1,MSF,Large (141-200),170,heavy_work,274.35,38,20251204,35,BLK_35P,3,후면SAW,4,2025-12-04 14:33:39,2025-12-04 15:08:42,35.1,,공통,raw,
b170_heavy_work_r1,MSF,Large (141-200),170,heavy_work,274.35,38,20251204,35,BLK_35P,3,NC,5,2025-12-04 15:46:28,2025-12-04 16:49:14,62.8,,공통,raw,
b170_heavy_work_r1,MSF,Large (141-200),170,heavy_work,274.35,38,20251204,35,BLK_35P,3,베이36B 론지취부,6,2025-12-04 17:49:38,2025-12-04 18:52:02,62.4,36B,베이36B,raw,
b170_heavy_work_r1,MSF,Large (141-200),170,heavy_work,274.35,38,20251204,35,BLK_35P,3,베이36B 론지용접,7,2025-12-04 18:52:02,2025-12-04 19:16:17,24.2,36B,베이36B,raw,
b170_heavy_work_r1,MSF,Large (141-200),170,heavy_work,274.35,38,20251204,35,BLK_35P,3,베이36B 수정,8,2025-12-04 19:16:17,2025-12-04 19:53:57,37.7,36B,베이36B,raw,
b170_heavy_work_r1,MSF,Large (141-200),170,heavy_work,274.35,38,20251204,13,BLK_13S,4,판계,1,2025-12-04 10:15:36,2025-12-04 10:49:12,33.6,,공통,raw,
b170_heavy_work_r1,MSF,Large (141-200),170,heavy_work,274.35,38,20251204,13,BLK_13S,4,전면SAW,2,2025-12-04 13:02:02,2025-12-04 14:32:44,90.7,,공통,raw,
b170_heavy_work_r1,MSF,Large (141-200),170,heavy_work,274.35,38,20251204,13,BLK_13S,4,TurnOver,3,2025-12-04 14:32:44,2025-12-04 14:47:08,14.4,,공통,raw,
b170_heavy_work_r1,MSF,Large (141-200),170,heavy_work,274.35,38,20251204,13,BLK_13S,4,후면SAW,4,2025-12-04 15:08:42,2025-12-04 16:16:42,68.0,,공통,raw,
b170_heavy_work_r1,MSF,Large (141-200),170,heavy_work,274.35,38,20251204,13,BLK_13S,4,NC,5,2025-12-04 16:49:14,2025-12-04 17:25:27,36.2,,공통,raw,
b170_heavy_work_r1,MSF,Large (141-200),170,heavy_work,274.35,38,20251204,13,BLK_13S,4,베이35A 론지취부,6,2025-12-04 17:25:27,2025-12-04 18:02:39,37.2,35A,베이35A,raw,
b170_heavy_work_r1,MSF,Large (141-200),170,heavy_work,274.35,38,20251204,13,BLK_13S,4,베이35A 론지용접,7,2025-12-04 18:02:39,2025-12-04 18:17:46,15.1,35A,베이35A,raw,
b170_heavy_work_r1,MSF,Large (141-200),170,heavy_work,274.35,38,20251204,13,BLK_13S,4,베이35A 수정,8,2025-12-04 18:17:46,2025-12-04 18:39:36,21.8,35A,베이35A,raw,
b170_heavy_work_r1,MSF,Large (141-200),170,heavy_work,274.35,38,20251204,41,BLK_41P,5,판계,1,2025-12-04 10:49:12,2025-12-04 11:19:12,30.0,,공통,raw,
b170_heavy_work_r1,MSF,Large (141-200),170,heavy_work,274.35,38,20251204,41,BLK_41P,5,전면SAW,2,2025-12-04 14:32:44,2025-12-04 15:11:56,39.2,,공통,raw,
b170_heavy_work_r1,MSF,Large (141-200),170,heavy_work,274.35,38,20251204,41,BLK_41P,5,TurnOver,3,2025-12-04 15:11:56,2025-12-04 15:26:20,14.4,,공통,raw,
b170_heavy_work_r1,MSF,Large (141-200),170,heavy_work,274.35,38,20251204,41,BLK_41P,5,후면SAW,4,2025-12-04 16:16:42,2025-12-04 16:42:56,26.2,,공통,raw,
b170_heavy_work_r1,MSF,Large (141-200),170,heavy_work,274.35,38,20251204,41,BLK_41P,5,NC,5,2025-12-04 17:25:27,2025-12-04 18:08:50,43.4,,공통,raw,
b170_heavy_work_r1,MSF,Large (141-200),170,heavy_work,274.35,38,20251204,41,BLK_41P,5,베이36B 론지취부,6,2025-12-04 18:52:02,2025-12-04 20:19:38,87.6,36B,베이36B,raw,
b170_heavy_work_r1,MSF,Large (141-200),170,heavy_work,274.35,38,20251204,41,BLK_41P,5,베이36B 론지용접,7,2025-12-04 20:19:38,2025-12-04 20:48:12,28.6,36B,베이36B,raw,
b170_heavy_work_r1,MSF,Large (141-200),170,heavy_work,274.35,38,20251204,41,BLK_41P,5,베이36B 수정,8,2025-12-04 20:48:12,2025-12-04 21:41:43,53.5,36B,베이36B,raw,
b170_heavy_work_r1,MSF,Large (141-200),170,heavy_work,274.35,38,20251204,78,BLK_78S,6,판계,1,2025-12-04 11:19:12,2025-12-04 11:58:48,39.6,,공통,raw,
b170_heavy_work_r1,MSF,Large (141-200),170,heavy_work,274.35,38,20251204,78,BLK_78S,6,전면SAW,2,2025-12-04 15:11:56,2025-12-04 16:42:52,90.9,,공통,raw,
b170_heavy_work_r1,MSF,Large (141-200),170,heavy_work,274.35,38,20251204,78,BLK_78S,6,TurnOver,3,2025-12-04 16:42:52,2025-12-04 16:57:16,14.4,,공통,raw,
b170_heavy_work_r1,MSF,Large (141-200),170,heavy_work,274.35,38,20251204,78,BLK_78S,6,후면SAW,4,2025-12-04 16:57:16,2025-12-04 18:05:29,68.2,,공통,raw,
b170_heavy_work_r1,MSF,Large (141-200),170,heavy_work,274.35,38,20251204,78,BLK_78S,6,NC,5,2025-12-04 18:08:50,2025-12-04 18:50:51,42.0,,공통,raw,
b170_heavy_work_r1,MSF,Large (141-200),170,heavy_work,274.35,38,20251204,78,BLK_78S,6,베이35A 론지취부,6,2025-12-04 18:50:51,2025-12-04 19:36:27,45.6,35A,베이35A,raw,
b170_heavy_work_r1,MSF,Large (141-200),170,heavy_work,274.35,38,20251204,78,BLK_78S,6,베이35A 론지용접,7,2025-12-04 19:36:27,2025-12-04 19:53:00,16.6,35A,베이35A,raw,
b170_heavy_work_r1,MSF,Large (141-200),170,heavy_work,274.35,38,20251204,78,BLK_78S,6,베이35A 수정,8,2025-12-04 19:53:00,2025-12-04 20:20:08,27.1,35A,베이35A,raw,
b170_heavy_work_r1,MSF,Large (141-200),170,heavy_work,274.35,38,20251204,50,BLK_50S,7,판계,1,2025-12-04 11:58:48,2025-12-04 12:34:48,36.0,,공통,raw,
b170_heavy_work_r1,MSF,Large (141-200),170,heavy_work,274.35,38,20251204,50,BLK_50S,7,전면SAW,2,2025-12-04 16:42:52,2025-12-04 17:22:50,40.0,,공통,raw,
b170_heavy_work_r1,MSF,Large (141-200),170,heavy_work,274.35,38,20251204,50,BLK_50S,7,TurnOver,3,2025-12-04 17:22:50,2025-12-04 17:37:14,14.4,,공통,raw,
b170_heavy_work_r1,MSF,Large (141-200),170,heavy_work,274.35,38,20251204,50,BLK_50S,7,후면SAW,4,2025-12-04 18:05:29,2025-12-04 18:32:43,27.2,,공통,raw,
b170_heavy_work_r1,MSF,Large (141-200),170,heavy_work,274.35,38,20251204,50,BLK_50S,7,NC,5,2025-12-04 18:50:51,2025-12-04 19:44:42,53.9,,공통,raw,
b170_heavy_work_r1,MSF,Large (141-200),170,heavy_work,274.35,38,20251204,50,BLK_50S,7,베이36B 론지취부,6,2025-12-04 20:19:38,2025-12-04 21:22:02,62.4,36B,베이36B,raw,
b170_heavy_work_r1,MSF,Large (141-200),170,heavy_work,274.35,38,20251204,50,BLK_50S,7,베이36B 론지용접,7,2025-12-04 21:22:02,2025-12-04 21:46:17,24.2,36B,베이36B,raw,
b170_heavy_work_r1,MSF,Large (141-200),170,heavy_work,274.35,38,20251204,50,BLK_50S,7,베이36B 수정,8,2025-12-04 21:46:17,2025-12-04 22:23:57,37.7,36B,베이36B,raw,
b170_heavy_work_r1,MSF,Large (141-200),170,heavy_work,274.35,38,20251204,17,BLK_17C,8,판계,1,2025-12-04 12:34:48,2025-12-04 13:16:48,42.0,,공통,raw,
b170_heavy_work_r1,MSF,Large (141-200),170,heavy_work,274.35,38,20251204,17,BLK_17C,8,전면SAW,2,2025-12-04 17:22:50,2025-12-04 19:55:22,152.5,,공통,raw,
b170_heavy_work_r1,MSF,Large (141-200),170,heavy_work,274.35,38,20251204,17,BLK_17C,8,TurnOver,3,2025-12-04 19:55:22,2025-12-04 20:09:46,14.4,,공통,raw,
b170_heavy_work_r1,MSF,Large (141-200),170,heavy_work,274.35,38,20251204,17,BLK_17C,8,후면SAW,4,2025-12-04 20:09:46,2025-12-04 21:59:57,110.2,,공통,raw,
b170_heavy_work_r1,MSF,Large (141-200),170,heavy_work,274.35,38,20251204,17,BLK_17C,8,NC,5,2025-12-04 21:59:57,2025-12-04 22:44:44,44.8,,공통,raw,
b170_heavy_work_r1,MSF,Large (141-200),170,heavy_work,274.35,38,20251204,17,BLK_17C,8,베이35A 론지취부,6,2025-12-04 22:44:44,2025-12-04 23:38:44,54.0,35A,베이35A,raw,
b170_heavy_work_r1,MSF,Large (141-200),170,heavy_work,274.35,38,20251204,17,BLK_17C,8,베이35A 론지용접,7,2025-12-04 23:38:44,2025-12-04 23:56:44,18.0,35A,베이35A,raw,
b170_heavy_work_r1,MSF,Large (141-200),170,heavy_work,274.35,38,20251204,17,BLK_17C,8,베이35A 수정,8,2025-12-04 23:56:44,2025-12-05 00:29:08,32.4,35A,베이35A,raw,
b170_heavy_work_r1,MSF,Large (141-200),170,heavy_work,274.35,38,20251204,68,BLK_68C,9,판계,1,2025-12-04 13:16:48,2025-12-04 13:52:48,36.0,,공통,raw,
b170_heavy_work_r1,MSF,Large (141-200),170,heavy_work,274.35,38,20251204,68,BLK_68C,9,전면SAW,2,2025-12-04 19:55:22,2025-12-04 20:30:55,35.5,,공통,raw,
b170_heavy_work_r1,MSF,Large (141-200),170,heavy_work,274.35,38,20251204,68,BLK_68C,9,TurnOver,3,2025-12-04 20:30:55,2025-12-04 20:45:19,14.4,,공통,raw,
b170_heavy_work_r1,MSF,Large (141-200),170,heavy_work,274.35,38,20251204,68,BLK_68C,9,후면SAW,4,2025-12-04 21:59:57,2025-12-04 22:21:22,21.4,,공통,raw,
b170_heavy_work_r1,MSF,Large (141-200),170,heavy_work,274.35,38,20251204,68,BLK_68C,9,NC,5,2025-12-04 22:44:44,2025-12-04 23:32:15,47.5,,공통,raw,
b170_heavy_work_r1,MSF,Large (141-200),170,heavy_work,274.35,38,20251204,68,BLK_68C,9,베이36B 론지취부,6,2025-12-04 23:32:15,2025-12-05 00:51:27,79.2,36B,베이36B,raw,
b170_heavy_work_r1,MSF,Large (141-200),170,heavy_work,274.35,38,20251204,68,BLK_68C,9,베이36B 론지용접,7,2025-12-05 00:51:27,2025-12-05 01:18:34,27.1,36B,베이36B,raw,
b170_heavy_work_r1,MSF,Large (141-200),170,heavy_work,274.35,38,20251204,68,BLK_68C,9,베이36B 수정,8,2025-12-05 01:18:34,2025-12-05 02:06:48,48.2,36B,베이36B,raw,
b170_heavy_work_r1,MSF,Large (141-200),170,heavy_work,274.35,38,20251204,26,BLK_26C,10,판계,1,2025-12-04 13:52:48,2025-12-04 14:54:00,61.2,,공통,raw,
b170_heavy_work_r1,MSF,Large (141-200),170,heavy_work,274.35,38,20251204,26,BLK_26C,10,전면SAW,2,2025-12-04 20:30:55,2025-12-05 00:18:55,228.0,,공통,raw,
b170_heavy_work_r1,MSF,Large (141-200),170,heavy_work,274.35,38,20251204,26,BLK_26C,10,TurnOver,3,2025-12-05 00:18:55,2025-12-05 00:33:19,14.4,,공통,raw,
b170_heavy_work_r1,MSF,Large (141-200),170,heavy_work,274.35,38,20251204,26,BLK_26C,10,후면SAW,4,2025-12-05 00:33:19,2025-12-05 03:51:19,198.0,,공통,raw,
b170_heavy_work_r1,MSF,Large (141-200),170,heavy_work,274.35,38,20251204,26,BLK_26C,10,NC,5,2025-12-05 03:51:19,2025-12-05 05:06:00,74.7,,공통,raw,
b170_heavy_work_r1,MSF,Large (141-200),170,heavy_work,274.35,38,20251204,26,BLK_26C,10,베이35A 론지취부,6,2025-12-05 05:06:00,2025-12-05 06:46:12,100.2,35A,베이35A,raw,
b170_heavy_work_r1,MSF,Large (141-200),170,heavy_work,274.35,38,20251204,26,BLK_26C,10,베이35A 론지용접,7,2025-12-05 06:46:12,2025-12-05 07:16:55,30.7,35A,베이35A,raw,
b170_heavy_work_r1,MSF,Large (141-200),170,heavy_work,274.35,38,20251204,26,BLK_26C,10,베이35A 수정,8,2025-12-05 07:16:55,2025-12-05 08:18:21,61.4,35A,베이35A,raw,
b170_heavy_work_r1,MSF,Large (141-200),170,heavy_work,274.35,38,20251204,98,BLK_98P,11,판계,1,2025-12-04 14:54:00,2025-12-04 15:30:00,36.0,,공통,raw,
b170_heavy_work_r1,MSF,Large (141-200),170,heavy_work,274.35,38,20251204,98,BLK_98P,11,전면SAW,2,2025-12-05 00:18:55,2025-12-05 01:07:12,48.3,,공통,raw,
b170_heavy_work_r1,MSF,Large (141-200),170,heavy_work,274.35,38,20251204,98,BLK_98P,11,TurnOver,3,2025-12-05 01:07:12,2025-12-05 01:21:36,14.4,,공통,raw,
b170_heavy_work_r1,MSF,Large (141-200),170,heavy_work,274.35,38,20251204,98,BLK_98P,11,후면SAW,4,2025-12-05 03:51:19,2025-12-05 04:29:31,38.2,,공통,raw,
b170_heavy_work_r1,MSF,Large (141-200),170,heavy_work,274.35,38,20251204,98,BLK_98P,11,NC,5,2025-12-05 05:06:00,2025-12-05 05:56:24,50.4,,공통,raw,
b170_heavy_work_r1,MSF,Large (141-200),170,heavy_work,274.35,38,20251204,98,BLK_98P,11,베이36B 론지취부,6,2025-12-05 05:56:24,2025-12-05 07:19:48,83.4,36B,베이36B,raw,
b170_heavy_work_r1,MSF,Large (141-200),170,heavy_work,274.35,38,20251204,98,BLK_98P,11,베이36B 론지용접,7,2025-12-05 07:19:48,2025-12-05 07:47:38,27.8,36B,베이36B,raw,
b170_heavy_work_r1,MSF,Large (141-200),170,heavy_work,274.35,38,20251204,98,BLK_98P,11,베이36B 수정,8,2025-12-05 07:47:38,2025-12-05 08:38:31,50.9,36B,베이36B,raw,
b170_heavy_work_r1,MSF,Large (141-200),170,heavy_work,274.35,38,20251204,34,BLK_34C,12,판계,1,2025-12-04 15:30:00,2025-12-04 16:24:00,54.0,,공통,raw,
b170_heavy_work_r1,MSF,Large (141-200),170,heavy_work,274.35,38,20251204,34,BLK_34C,12,전면SAW,2,2025-12-05 01:07:12,2025-12-05 03:51:39,164.4,,공통,raw,
b170_heavy_work_r1,MSF,Large (141-200),170,heavy_work,274.35,38,20251204,34,BLK_34C,12,TurnOver,3,2025-12-05 03:51:39,2025-12-05 04:06:03,14.4,,공통,raw,
b170_heavy_work_r1,MSF,Large (141-200),170,heavy_work,274.35,38,20251204,34,BLK_34C,12,후면SAW,4,2025-12-05 04:29:31,2025-12-05 06:50:23,140.9,,공통,raw,
b170_heavy_work_r1,MSF,Large (141-200),170,heavy_work,274.35,38,20251204,34,BLK_34C,12,NC,5,2025-12-05 06:50:23,2025-12-05 08:08:11,77.8,,공통,raw,
b170_heavy_work_r1,MSF,Large (141-200),170,heavy_work,274.35,38,20251204,34,BLK_34C,12,베이35A 론지취부,6,2025-12-05 08:08:11,2025-12-05 10:21:59,133.8,35A,베이35A,raw,
b170_heavy_work_r1,MSF,Large (141-200),170,heavy_work,274.35,38,20251204,34,BLK_34C,12,베이35A 론지용접,7,2025-12-05 10:21:59,2025-12-05 10:58:27,36.5,35A,베이35A,raw,
b170_heavy_work_r1,MSF,Large (141-200),170,heavy_work,274.35,38,20251204,34,BLK_34C,12,베이35A 수정,8,2025-12-05 10:58:27,2025-12-05 12:21:01,82.6,35A,베이35A,raw,
b170_heavy_work_r1,MSF,Large (141-200),170,heavy_work,274.35,38,20251205,146,BLK_146P,1,판계,1,2025-12-05 08:00:00,2025-12-05 08:45:36,45.6,,공통,raw,
b170_heavy_work_r1,MSF,Large (141-200),170,heavy_work,274.35,38,20251205,146,BLK_146P,1,전면SAW,2,2025-12-05 08:45:36,2025-12-05 10:31:53,106.3,,공통,raw,
b170_heavy_work_r1,MSF,Large (141-200),170,heavy_work,274.35,38,20251205,146,BLK_146P,1,TurnOver,3,2025-12-05 10:31:53,2025-12-05 10:46:17,14.4,,공통,raw,
b170_heavy_work_r1,MSF,Large (141-200),170,heavy_work,274.35,38,20251205,146,BLK_146P,1,후면SAW,4,2025-12-05 10:46:17,2025-12-05 12:08:29,82.2,,공통,raw,
b170_heavy_work_r1,MSF,Large (141-200),170,heavy_work,274.35,38,20251205,146,BLK_146P,1,NC,5,2025-12-05 12:08:29,2025-12-05 13:03:20,54.8,,공통,raw,
b170_heavy_work_r1,MSF,Large (141-200),170,heavy_work,274.35,38,20251205,146,BLK_146P,1,베이36B 론지취부,6,2025-12-05 13:03:20,2025-12-05 14:22:32,79.2,36B,베이36B,raw,
b170_heavy_work_r1,MSF,Large (141-200),170,heavy_work,274.35,38,20251205,146,BLK_146P,1,베이36B 론지용접,7,2025-12-05 14:22:32,2025-12-05 14:49:39,27.1,36B,베이36B,raw,
b170_heavy_work_r1,MSF,Large (141-200),170,heavy_work,274.35,38,20251205,146,BLK_146P,1,베이36B 수정,8,2025-12-05 14:49:39,2025-12-05 15:37:53,48.2,36B,베이36B,raw,
b170_heavy_work_r1,MSF,Large (141-200),170,heavy_work,274.35,38,20251205,38,BLK_38P,2,판계,1,2025-12-05 08:45:36,2025-12-05 09:19:12,33.6,,공통,raw,
b170_heavy_work_r1,MSF,Large (141-200),170,heavy_work,274.35,38,20251205,38,BLK_38P,2,전면SAW,2,2025-12-05 10:31:53,2025-12-05 12:16:40,104.8,,공통,raw,
b170_heavy_work_r1,MSF,Large (141-200),170,heavy_work,274.35,38,20251205,38,BLK_38P,2,TurnOver,3,2025-12-05 12:16:40,2025-12-05 12:31:04,14.4,,공통,raw,
b170_heavy_work_r1,MSF,Large (141-200),170,heavy_work,274.35,38,20251205,38,BLK_38P,2,후면SAW,4,2025-12-05 12:31:04,2025-12-05 13:51:56,80.9,,공통,raw,
b170_heavy_work_r1,MSF,Large (141-200),170,heavy_work,274.35,38,20251205,38,BLK_38P,2,NC,5,2025-12-05 13:51:56,2025-12-05 14:28:45,36.8,,공통,raw,
b170_heavy_work_r1,MSF,Large (141-200),170,heavy_work,274.35,38,20251205,38,BLK_38P,2,베이35A 론지취부,6,2025-12-05 14:28:45,2025-12-05 15:22:45,54.0,35A,베이35A,raw,
b170_heavy_work_r1,MSF,Large (141-200),170,heavy_work,274.35,38,20251205,38,BLK_38P,2,베이35A 론지용접,7,2025-12-05 15:22:45,2025-12-05 15:45:33,22.8,35A,베이35A,raw,
b170_heavy_work_r1,MSF,Large (141-200),170,heavy_work,274.35,38,20251205,38,BLK_38P,2,베이35A 수정,8,2025-12-05 15:45:33,2025-12-05 16:17:57,32.4,35A,베이35A,raw,
b170_heavy_work_r1,MSF,Large (141-200),170,heavy_work,274.35,38,20251205,54,BLK_54P,3,판계,1,2025-12-05 09:19:12,2025-12-05 09:58:48,39.6,,공통,raw,
b170_heavy_work_r1,MSF,Large (141-200),170,heavy_work,274.35,38,20251205,54,BLK_54P,3,전면SAW,2,2025-12-05 12:16:40,2025-12-05 13:55:51,99.2,,공통,raw,
b170_heavy_work_r1,MSF,Large (141-200),170,heavy_work,274.35,38,20251205,54,BLK_54P,3,TurnOver,3,2025-12-05 13:55:51,2025-12-05 14:10:15,14.4,,공통,raw,
b170_heavy_work_r1,MSF,Large (141-200),170,heavy_work,274.35,38,20251205,54,BLK_54P,3,후면SAW,4,2025-12-05 14:10:15,2025-12-05 15:25:59,75.7,,공통,raw,
b170_heavy_work_r1,MSF,Large (141-200),170,heavy_work,274.35,38,20251205,54,BLK_54P,3,NC,5,2025-12-05 15:25:59,2025-12-05 16:10:23,44.4,,공통,raw,
b170_heavy_work_r1,MSF,Large (141-200),170,heavy_work,274.35,38,20251205,54,BLK_54P,3,베이36B 론지취부,6,2025-12-05 16:10:23,2025-12-05 16:43:23,33.0,36B,베이36B,raw,
b170_heavy_work_r1,MSF,Large (141-200),170,heavy_work,274.35,38,20251205,54,BLK_54P,3,베이36B 론지용접,7,2025-12-05 16:43:23,2025-12-05 17:02:35,19.2,36B,베이36B,raw,
b170_heavy_work_r1,MSF,Large (141-200),170,heavy_work,274.35,38,20251205,54,BLK_54P,3,베이36B 수정,8,2025-12-05 17:02:35,2025-12-05 17:21:47,19.2,36B,베이36B,raw,
b170_heavy_work_r1,MSF,Large (141-200),170,heavy_work,274.35,38,20251205,43,BLK_43P,4,판계,1,2025-12-05 09:58:48,2025-12-05 10:13:12,14.4,,공통,raw,
b170_heavy_work_r1,MSF,Large (141-200),170,heavy_work,274.35,38,20251205,43,BLK_43P,4,전면SAW,2,2025-12-05 13:55:51,2025-12-05 14:33:43,37.9,,공통,raw,
b170_heavy_work_r1,MSF,Large (141-200),170,heavy_work,274.35,38,20251205,43,BLK_43P,4,TurnOver,3,2025-12-05 14:33:43,2025-12-05 14:48:07,14.4,,공통,raw,
b170_heavy_work_r1,MSF,Large (141-200),170,heavy_work,274.35,38,20251205,43,BLK_43P,4,후면SAW,4,2025-12-05 15:25:59,2025-12-05 15:50:28,24.5,,공통,raw,
b170_heavy_work_r1,MSF,Large (141-200),170,heavy_work,274.35,38,20251205,43,BLK_43P,4,NC,5,2025-12-05 16:10:23,2025-12-05 16:34:12,23.8,,공통,raw,
b170_heavy_work_r1,MSF,Large (141-200),170,heavy_work,274.35,38,20251205,43,BLK_43P,4,베이35A 론지취부,6,2025-12-05 16:34:12,2025-12-05 17:07:12,33.0,35A,베이35A,raw,
b170_heavy_work_r1,MSF,Large (141-200),170,heavy_work,274.35,38,20251205,43,BLK_43P,4,베이35A 론지용접,7,2025-12-05 17:07:12,2025-12-05 17:21:36,14.4,35A,베이35A,raw,
b170_heavy_work_r1,MSF,Large (141-200),170,heavy_work,274.35,38,20251205,43,BLK_43P,4,베이35A 수정,8,2025-12-05 17:21:36,2025-12-05 17:40:48,19.2,35A,베이35A,raw,
b170_heavy_work_r1,MSF,Large (141-200),170,heavy_work,274.35,38,20251205,55,BLK_55S,5,판계,1,2025-12-05 10:13:12,2025-12-05 10:37:12,24.0,,공통,raw,
b170_heavy_work_r1,MSF,Large (141-200),170,heavy_work,274.35,38,20251205,55,BLK_55S,5,전면SAW,2,2025-12-05 14:33:43,2025-12-05 16:57:38,143.9,,공통,raw,
b170_heavy_work_r1,MSF,Large (141-200),170,heavy_work,274.35,38,20251205,55,BLK_55S,5,TurnOver,3,2025-12-05 16:57:38,2025-12-05 17:12:02,14.4,,공통,raw,
b170_heavy_work_r1,MSF,Large (141-200),170,heavy_work,274.35,38,20251205,55,BLK_55S,5,후면SAW,4,2025-12-05 17:12:02,2025-12-05 19:08:33,116.5,,공통,raw,
b170_heavy_work_r1,MSF,Large (141-200),170,heavy_work,274.35,38,20251205,55,BLK_55S,5,NC,5,2025-12-05 19:08:33,2025-12-05 19:39:40,31.1,,공통,raw,
b170_heavy_work_r1,MSF,Large (141-200),170,heavy_work,274.35,38,20251205,55,BLK_55S,5,베이36B 론지취부,6,2025-12-05 19:39:40,2025-12-05 20:29:28,49.8,36B,베이36B,raw,
b170_heavy_work_r1,MSF,Large (141-200),170,heavy_work,274.35,38,20251205,55,BLK_55S,5,베이36B 론지용접,7,2025-12-05 20:29:28,2025-12-05 20:46:45,17.3,36B,베이36B,raw,
b170_heavy_work_r1,MSF,Large (141-200),170,heavy_work,274.35,38,20251205,55,BLK_55S,5,베이36B 수정,8,2025-12-05 20:46:45,2025-12-05 21:16:30,29.8,36B,베이36B,raw,
b170_heavy_work_r1,MSF,Large (141-200),170,heavy_work,274.35,38,20251205,128,BLK_128C,6,판계,1,2025-12-05 10:37:12,2025-12-05 10:51:36,14.4,,공통,raw,
b170_heavy_work_r1,MSF,Large (141-200),170,heavy_work,274.35,38,20251205,128,BLK_128C,6,전면SAW,2,2025-12-05 16:57:38,2025-12-05 17:48:04,50.4,,공통,raw,
b170_heavy_work_r1,MSF,Large (141-200),170,heavy_work,274.35,38,20251205,128,BLK_128C,6,TurnOver,3,2025-12-05 17:48:04,2025-12-05 18:02:28,14.4,,공통,raw,
b170_heavy_work_r1,MSF,Large (141-200),170,heavy_work,274.35,38,20251205,128,BLK_128C,6,후면SAW,4,2025-12-05 19:08:33,2025-12-05 19:49:35,41.0,,공통,raw,
b170_heavy_work_r1,MSF,Large (141-200),170,heavy_work,274.35,38,20251205,128,BLK_128C,6,NC,5,2025-12-05 19:49:35,2025-12-05 20:15:46,26.2,,공통,raw,
b170_heavy_work_r1,MSF,Large (141-200),170,heavy_work,274.35,38,20251205,128,BLK_128C,6,베이35A 론지취부,6,2025-12-05 20:15:46,2025-12-05 21:05:34,49.8,35A,베이35A,raw,
b170_heavy_work_r1,MSF,Large (141-200),170,heavy_work,274.35,38,20251205,128,BLK_128C,6,베이35A 론지용접,7,2025-12-05 21:05:34,2025-12-05 21:22:50,17.3,35A,베이35A,raw,
b170_heavy_work_r1,MSF,Large (141-200),170,heavy_work,274.35,38,20251205,128,BLK_128C,6,베이35A 수정,8,2025-12-05 21:22:50,2025-12-05 21:52:36,29.8,35A,베이35A,raw,
b170_heavy_work_r1,MSF,Large (141-200),170,heavy_work,274.35,38,20251205,88,BLK_88P,7,판계,1,2025-12-05 10:51:36,2025-12-05 11:15:36,24.0,,공통,raw,
b170_heavy_work_r1,MSF,Large (141-200),170,heavy_work,274.35,38,20251205,88,BLK_88P,7,전면SAW,2,2025-12-05 17:48:04,2025-12-05 20:06:36,138.5,,공통,raw,
b170_heavy_work_r1,MSF,Large (141-200),170,heavy_work,274.35,38,20251205,88,BLK_88P,7,TurnOver,3,2025-12-05 20:06:36,2025-12-05 20:21:00,14.4,,공통,raw,
b170_heavy_work_r1,MSF,Large (141-200),170,heavy_work,274.35,38,20251205,88,BLK_88P,7,후면SAW,4,2025-12-05 20:21:00,2025-12-05 22:12:36,111.6,,공통,raw,
b170_heavy_work_r1,MSF,Large (141-200),170,heavy_work,274.35,38,20251205,88,BLK_88P,7,NC,5,2025-12-05 22:12:36,2025-12-05 22:44:06,31.5,,공통,raw,
b170_heavy_work_r1,MSF,Large (141-200),170,heavy_work,274.35,38,20251205,88,BLK_88P,7,베이36B 론지취부,6,2025-12-05 22:44:06,2025-12-05 23:29:42,45.6,36B,베이36B,raw,
b170_heavy_work_r1,MSF,Large (141-200),170,heavy_work,274.35,38,20251205,88,BLK_88P,7,베이36B 론지용접,7,2025-12-05 23:29:42,2025-12-05 23:46:16,16.6,36B,베이36B,raw,
b170_heavy_work_r1,MSF,Large (141-200),170,heavy_work,274.35,38,20251205,88,BLK_88P,7,베이36B 수정,8,2025-12-05 23:46:16,2025-12-06 00:13:23,27.1,36B,베이36B,raw,
b170_heavy_work_r1,MSF,Large (141-200),170,heavy_work,274.35,38,20251205,108,BLK_108S,8,판계,1,2025-12-05 11:15:36,2025-12-05 11:51:36,36.0,,공통,raw,
b170_heavy_work_r1,MSF,Large (141-200),170,heavy_work,274.35,38,20251205,108,BLK_108S,8,전면SAW,2,2025-12-05 20:06:36,2025-12-05 20:47:44,41.1,,공통,raw,
b170_heavy_work_r1,MSF,Large (141-200),170,heavy_work,274.35,38,20251205,108,BLK_108S,8,TurnOver,3,2025-12-05 20:47:44,2025-12-05 21:02:08,14.4,,공통,raw,
b170_heavy_work_r1,MSF,Large (141-200),170,heavy_work,274.35,38,20251205,108,BLK_108S,8,후면SAW,4,2025-12-05 22:12:36,2025-12-05 22:41:24,28.8,,공통,raw,
b170_heavy_work_r1,MSF,Large (141-200),170,heavy_work,274.35,38,20251205,108,BLK_108S,8,NC,5,2025-12-05 22:44:06,2025-12-05 23:35:11,51.1,,공통,raw,
b170_heavy_work_r1,MSF,Large (141-200),170,heavy_work,274.35,38,20251205,108,BLK_108S,8,베이35A 론지취부,6,2025-12-05 23:35:11,2025-12-06 01:27:59,112.8,35A,베이35A,raw,
b170_heavy_work_r1,MSF,Large (141-200),170,heavy_work,274.35,38,20251205,108,BLK_108S,8,베이35A 론지용접,7,2025-12-06 01:27:59,2025-12-06 02:00:52,32.9,35A,베이35A,raw,
b170_heavy_work_r1,MSF,Large (141-200),170,heavy_work,274.35,38,20251205,108,BLK_108S,8,베이35A 수정,8,2025-12-06 02:00:52,2025-12-06 03:10:14,69.4,35A,베이35A,raw,
b170_heavy_work_r1,MSF,Large (141-200),170,heavy_work,274.35,38,20251205,87,BLK_87C,9,판계,1,2025-12-05 11:51:36,2025-12-05 12:33:36,42.0,,공통,raw,
b170_heavy_work_r1,MSF,Large (141-200),170,heavy_work,274.35,38,20251205,87,BLK_87C,9,전면SAW,2,2025-12-05 20:47:44,2025-12-06 00:27:16,219.5,,공통,raw,
b170_heavy_work_r1,MSF,Large (141-200),170,heavy_work,274.35,38,20251205,87,BLK_87C,9,TurnOver,3,2025-12-06 00:27:16,2025-12-06 00:41:40,14.4,,공통,raw,
b170_heavy_work_r1,MSF,Large (141-200),170,heavy_work,274.35,38,20251205,87,BLK_87C,9,후면SAW,4,2025-12-06 00:41:40,2025-12-06 03:55:17,193.6,,공통,raw,
b170_heavy_work_r1,MSF,Large (141-200),170,heavy_work,274.35,38,20251205,87,BLK_87C,9,NC,5,2025-12-06 03:55:17,2025-12-06 04:42:37,47.3,,공통,raw,
b170_heavy_work_r1,MSF,Large (141-200),170,heavy_work,274.35,38,20251205,87,BLK_87C,9,베이36B 론지취부,6,2025-12-06 04:42:37,2025-12-06 05:57:37,75.0,36B,베이36B,raw,
b170_heavy_work_r1,MSF,Large (141-200),170,heavy_work,274.35,38,20251205,87,BLK_87C,9,베이36B 론지용접,7,2025-12-06 05:57:37,2025-12-06 06:24:01,26.4,36B,베이36B,raw,
b170_heavy_work_r1,MSF,Large (141-200),170,heavy_work,274.35,38,20251205,87,BLK_87C,9,베이36B 수정,8,2025-12-06 06:24:01,2025-12-06 07:09:37,45.6,36B,베이36B,raw,
b170_heavy_work_r1,MSF,Large (141-200),170,heavy_work,274.35,38,20251205,39,BLK_39C,10,판계,1,2025-12-05 12:33:36,2025-12-05 13:03:36,30.0,,공통,raw,
b170_heavy_work_r1,MSF,Large (141-200),170,heavy_work,274.35,38,20251205,39,BLK_39C,10,전면SAW,2,2025-12-06 00:27:16,2025-12-06 01:07:29,40.2,,공통,raw,
b170_heavy_work_r1,MSF,Large (141-200),170,heavy_work,274.35,38,20251205,39,BLK_39C,10,TurnOver,3,2025-12-06 01:07:29,2025-12-06 01:21:53,14.4,,공통,raw,
b170_heavy_work_r1,MSF,Large (141-200),170,heavy_work,274.35,38,20251205,39,BLK_39C,10,후면SAW,4,2025-12-06 03:55:17,2025-12-06 04:22:50,27.6,,공통,raw,
b170_heavy_work_r1,MSF,Large (141-200),170,heavy_work,274.35,38,20251205,39,BLK_39C,10,NC,5,2025-12-06 04:42:37,2025-12-06 05:25:31,42.9,,공통,raw,
b170_heavy_work_r1,MSF,Large (141-200),170,heavy_work,274.35,38,20251205,39,BLK_39C,10,베이35A 론지취부,6,2025-12-06 05:25:31,2025-12-06 06:27:55,62.4,35A,베이35A,raw,
b170_heavy_work_r1,MSF,Large (141-200),170,heavy_work,274.35,38,20251205,39,BLK_39C,10,베이35A 론지용접,7,2025-12-06 06:27:55,2025-12-06 06:52:09,24.2,35A,베이35A,raw,
b170_heavy_work_r1,MSF,Large (141-200),170,heavy_work,274.35,38,20251205,39,BLK_39C,10,베이35A 수정,8,2025-12-06 06:52:09,2025-12-06 07:29:50,37.7,35A,베이35A,raw,
b170_heavy_work_r1,MSF,Large (141-200),170,heavy_work,274.35,38,20251205,97,BLK_97S,11,판계,1,2025-12-05 13:03:36,2025-12-05 13:37:12,33.6,,공통,raw,
b170_heavy_work_r1,MSF,Large (141-200),170,heavy_work,274.35,38,20251205,97,BLK_97S,11,전면SAW,2,2025-12-06 01:07:29,2025-12-06 03:47:23,159.9,,공통,raw,
b170_heavy_work_r1,MSF,Large (141-200),170,heavy_work,274.35,38,20251205,97,BLK_97S,11,TurnOver,3,2025-12-06 03:47:23,2025-12-06 04:01:47,14.4,,공통,raw,
b170_heavy_work_r1,MSF,Large (141-200),170,heavy_work,274.35,38,20251205,97,BLK_97S,11,후면SAW,4,2025-12-06 04:22:50,2025-12-06 06:33:57,131.1,,공통,raw,
b170_heavy_work_r1,MSF,Large (141-200),170,heavy_work,274.35,38,20251205,97,BLK_97S,11,NC,5,2025-12-06 06:33:57,2025-12-06 07:16:42,42.8,,공통,raw,
b170_heavy_work_r1,MSF,Large (141-200),170,heavy_work,274.35,38,20251205,97,BLK_97S,11,베이36B 론지취부,6,2025-12-06 07:16:42,2025-12-06 08:10:42,54.0,36B,베이36B,raw,
b170_heavy_work_r1,MSF,Large (141-200),170,heavy_work,274.35,38,20251205,97,BLK_97S,11,베이36B 론지용접,7,2025-12-06 08:10:42,2025-12-06 08:33:30,22.8,36B,베이36B,raw,
b170_heavy_work_r1,MSF,Large (141-200),170,heavy_work,274.35,38,20251205,97,BLK_97S,11,베이36B 수정,8,2025-12-06 08:33:30,2025-12-06 09:05:54,32.4,36B,베이36B,raw,
b170_heavy_work_r1,MSF,Large (141-200),170,heavy_work,274.35,38,20251205,118,BLK_118P,12,판계,1,2025-12-05 13:37:12,2025-12-05 14:10:48,33.6,,공통,raw,
b170_heavy_work_r1,MSF,Large (141-200),170,heavy_work,274.35,38,20251205,118,BLK_118P,12,전면SAW,2,2025-12-06 03:47:23,2025-12-06 06:07:30,140.1,,공통,raw,
b170_heavy_work_r1,MSF,Large (141-200),170,heavy_work,274.35,38,20251205,118,BLK_118P,12,TurnOver,3,2025-12-06 06:07:30,2025-12-06 06:21:54,14.4,,공통,raw,
b170_heavy_work_r1,MSF,Large (141-200),170,heavy_work,274.35,38,20251205,118,BLK_118P,12,후면SAW,4,2025-12-06 06:33:57,2025-12-06 08:27:02,113.1,,공통,raw,
b170_heavy_work_r1,MSF,Large (141-200),170,heavy_work,274.35,38,20251205,118,BLK_118P,12,NC,5,2025-12-06 08:27:02,2025-12-06 09:08:03,41.0,,공통,raw,
b170_heavy_work_r1,MSF,Large (141-200),170,heavy_work,274.35,38,20251205,118,BLK_118P,12,베이35A 론지취부,6,2025-12-06 09:08:03,2025-12-06 10:14:39,66.6,35A,베이35A,raw,
b170_heavy_work_r1,MSF,Large (141-200),170,heavy_work,274.35,38,20251205,118,BLK_118P,12,베이35A 론지용접,7,2025-12-06 10:14:39,2025-12-06 10:39:36,25.0,35A,베이35A,raw,
b170_heavy_work_r1,MSF,Large (141-200),170,heavy_work,274.35,38,20251205,118,BLK_118P,12,베이35A 수정,8,2025-12-06 10:39:36,2025-12-06 11:19:55,40.3,35A,베이35A,raw,
b170_heavy_work_r1,MSF,Large (141-200),170,heavy_work,274.35,38,20251205,103,BLK_103P,13,판계,1,2025-12-05 14:10:48,2025-12-05 14:34:48,24.0,,공통,raw,
b170_heavy_work_r1,MSF,Large (141-200),170,heavy_work,274.35,38,20251205,103,BLK_103P,13,전면SAW,2,2025-12-06 06:07:30,2025-12-06 07:13:20,65.8,,공통,raw,
b170_heavy_work_r1,MSF,Large (141-200),170,heavy_work,274.35,38,20251205,103,BLK_103P,13,TurnOver,3,2025-12-06 07:13:20,2025-12-06 07:27:44,14.4,,공통,raw,
b170_heavy_work_r1,MSF,Large (141-200),170,heavy_work,274.35,38,20251205,103,BLK_103P,13,후면SAW,4,2025-12-06 08:27:02,2025-12-06 09:28:19,61.3,,공통,raw,
b170_heavy_work_r1,MSF,Large (141-200),170,heavy_work,274.35,38,20251205,103,BLK_103P,13,NC,5,2025-12-06 09:28:19,2025-12-06 10:04:34,36.3,,공통,raw,
b170_heavy_work_r1,MSF,Large (141-200),170,heavy_work,274.35,38,20251205,103,BLK_103P,13,베이36B 론지취부,6,2025-12-06 10:04:34,2025-12-06 11:11:10,66.6,36B,베이36B,raw,
b170_heavy_work_r1,MSF,Large (141-200),170,heavy_work,274.35,38,20251205,103,BLK_103P,13,베이36B 론지용접,7,2025-12-06 11:11:10,2025-12-06 11:36:07,25.0,36B,베이36B,raw,
b170_heavy_work_r1,MSF,Large (141-200),170,heavy_work,274.35,38,20251205,103,BLK_103P,13,베이36B 수정,8,2025-12-06 11:36:07,2025-12-06 12:16:27,40.3,36B,베이36B,raw,
b170_heavy_work_r1,MSF,Large (141-200),170,heavy_work,274.35,38,20251205,47,BLK_47P,14,판계,1,2025-12-05 14:34:48,2025-12-05 15:08:24,33.6,,공통,raw,
b170_heavy_work_r1,MSF,Large (141-200),170,heavy_work,274.35,38,20251205,47,BLK_47P,14,전면SAW,2,2025-12-06 07:13:20,2025-12-06 09:54:45,161.4,,공통,raw,
b170_heavy_work_r1,MSF,Large (141-200),170,heavy_work,274.35,38,20251205,47,BLK_47P,14,TurnOver,3,2025-12-06 09:54:45,2025-12-06 10:09:09,14.4,,공통,raw,
b170_heavy_work_r1,MSF,Large (141-200),170,heavy_work,274.35,38,20251205,47,BLK_47P,14,후면SAW,4,2025-12-06 10:09:09,2025-12-06 12:55:45,166.6,,공통,raw,
b170_heavy_work_r1,MSF,Large (141-200),170,heavy_work,274.35,38,20251205,47,BLK_47P,14,NC,5,2025-12-06 12:55:45,2025-12-06 13:35:50,40.1,,공통,raw,
b170_heavy_work_r1,MSF,Large (141-200),170,heavy_work,274.35,38,20251205,47,BLK_47P,14,베이35A 론지취부,6,2025-12-06 13:35:50,2025-12-06 14:34:02,58.2,35A,베이35A,raw,
b170_heavy_work_r1,MSF,Large (141-200),170,heavy_work,274.35,38,20251205,47,BLK_47P,14,베이35A 론지용접,7,2025-12-06 14:34:02,2025-12-06 14:57:33,23.5,35A,베이35A,raw,
b170_heavy_work_r1,MSF,Large (141-200),170,heavy_work,274.35,38,20251205,47,BLK_47P,14,베이35A 수정,8,2025-12-06 14:57:33,2025-12-06 15:32:36,35.0,35A,베이35A,raw,
b170_heavy_work_r1,MSF,Large (141-200),170,heavy_work,274.35,38,20251205,94,BLK_94S,15,판계,1,2025-12-05 15:08:24,2025-12-05 15:32:24,24.0,,공통,raw,
b170_heavy_work_r1,MSF,Large (141-200),170,heavy_work,274.35,38,20251205,94,BLK_94S,15,전면SAW,2,2025-12-06 09:54:45,2025-12-06 10:44:52,50.1,,공통,raw,
b170_heavy_work_r1,MSF,Large (141-200),170,heavy_work,274.35,38,20251205,94,BLK_94S,15,TurnOver,3,2025-12-06 10:44:52,2025-12-06 10:59:16,14.4,,공통,raw,
b170_heavy_work_r1,MSF,Large (141-200),170,heavy_work,274.35,38,20251205,94,BLK_94S,15,후면SAW,4,2025-12-06 12:55:45,2025-12-06 13:36:22,40.6,,공통,raw,
b170_heavy_work_r1,MSF,Large (141-200),170,heavy_work,274.35,38,20251205,94,BLK_94S,15,NC,5,2025-12-06 13:36:22,2025-12-06 14:12:14,35.9,,공통,raw,
b170_heavy_work_r1,MSF,Large (141-200),170,heavy_work,274.35,38,20251205,94,BLK_94S,15,베이36B 론지취부,6,2025-12-06 14:12:14,2025-12-06 15:31:26,79.2,36B,베이36B,raw,
b170_heavy_work_r1,MSF,Large (141-200),170,heavy_work,274.35,38,20251205,94,BLK_94S,15,베이36B 론지용접,7,2025-12-06 15:31:26,2025-12-06 15:58:33,27.1,36B,베이36B,raw,
b170_heavy_work_r1,MSF,Large (141-200),170,heavy_work,274.35,38,20251205,94,BLK_94S,15,베이36B 수정,8,2025-12-06 15:58:33,2025-12-06 16:46:48,48.2,36B,베이36B,raw,
b170_heavy_work_r1,MSF,Large (141-200),170,heavy_work,274.35,38,20251205,21,BLK_21C,16,판계,1,2025-12-05 15:32:24,2025-12-05 15:56:24,24.0,,공통,raw,
b170_heavy_work_r1,MSF,Large (141-200),170,heavy_work,274.35,38,20251205,21,BLK_21C,16,전면SAW,2,2025-12-06 10:44:52,2025-12-06 12:54:02,129.2,,공통,raw,
b170_heavy_work_r1,MSF,Large (141-200),170,heavy_work,274.35,38,20251205,21,BLK_21C,16,TurnOver,3,2025-12-06 12:54:02,2025-12-06 13:08:26,14.4,,공통,raw,
b170_heavy_work_r1,MSF,Large (141-200),170,heavy_work,274.35,38,20251205,21,BLK_21C,16,후면SAW,4,2025-12-06 13:36:22,2025-12-06 15:45:23,129.0,,공통,raw,
b170_heavy_work_r1,MSF,Large (141-200),170,heavy_work,274.35,38,20251205,21,BLK_21C,16,NC,5,2025-12-06 15:45:23,2025-12-06 16:15:32,30.2,,공통,raw,
b170_heavy_work_r1,MSF,Large (141-200),170,heavy_work,274.35,38,20251205,21,BLK_21C,16,베이35A 론지취부,6,2025-12-06 16:15:32,2025-12-06 16:56:56,41.4,35A,베이35A,raw,
b170_heavy_work_r1,MSF,Large (141-200),170,heavy_work,274.35,38,20251205,21,BLK_21C,16,베이35A 론지용접,7,2025-12-06 16:56:56,2025-12-06 17:12:46,15.8,35A,베이35A,raw,
b170_heavy_work_r1,MSF,Large (141-200),170,heavy_work,274.35,38,20251205,21,BLK_21C,16,베이35A 수정,8,2025-12-06 17:12:46,2025-12-06 17:37:15,24.5,35A,베이35A,raw,
b170_heavy_work_r1,MSF,Large (141-200),170,heavy_work,274.35,38,20251205,45,BLK_45C,17,판계,1,2025-12-05 15:56:24,2025-12-05 16:26:24,30.0,,공통,raw,
b170_heavy_work_r1,MSF,Large (141-200),170,heavy_work,274.35,38,20251205,45,BLK_45C,17,전면SAW,2,2025-12-06 12:54:02,2025-12-06 13:34:41,40.6,,공통,raw,
b170_heavy_work_r1,MSF,Large (141-200),170,heavy_work,274.35,38,20251205,45,BLK_45C,17,TurnOver,3,2025-12-06 13:34:41,2025-12-06 13:49:05,14.4,,공통,raw,
b170_heavy_work_r1,MSF,Large (141-200),170,heavy_work,274.35,38,20251205,45,BLK_45C,17,후면SAW,4,2025-12-06 15:45:23,2025-12-06 16:13:30,28.1,,공통,raw,
b170_heavy_work_r1,MSF,Large (141-200),170,heavy_work,274.35,38,20251205,45,BLK_45C,17,NC,5,2025-12-06 16:15:32,2025-12-06 16:51:44,36.2,,공통,raw,
b170_heavy_work_r1,MSF,Large (141-200),170,heavy_work,274.35,38,20251205,45,BLK_45C,17,베이36B 론지취부,6,2025-12-06 16:51:44,2025-12-06 17:12:08,20.4,36B,베이36B,raw,
b170_heavy_work_r1,MSF,Large (141-200),170,heavy_work,274.35,38,20251205,45,BLK_45C,17,베이36B 론지용접,7,2025-12-06 17:12:08,2025-12-06 17:29:11,17.0,36B,베이36B,raw,
b170_heavy_work_r1,MSF,Large (141-200),170,heavy_work,274.35,38,20251205,45,BLK_45C,17,베이36B 수정,8,2025-12-06 17:29:11,2025-12-06 17:40:27,11.3,36B,베이36B,raw,
b170_heavy_work_r1,MSF,Large (141-200),170,heavy_work,274.35,38,20251205,81,BLK_81S,18,판계,1,2025-12-05 16:26:24,2025-12-05 17:06:00,39.6,,공통,raw,
b170_heavy_work_r1,MSF,Large (141-200),170,heavy_work,274.35,38,20251205,81,BLK_81S,18,전면SAW,2,2025-12-06 13:34:41,2025-12-06 16:18:02,163.4,,공통,raw,
b170_heavy_work_r1,MSF,Large (141-200),170,heavy_work,274.35,38,20251205,81,BLK_81S,18,TurnOver,3,2025-12-06 16:18:02,2025-12-06 16:32:26,14.4,,공통,raw,
b170_heavy_work_r1,MSF,Large (141-200),170,heavy_work,274.35,38,20251205,81,BLK_81S,18,후면SAW,4,2025-12-06 16:32:26,2025-12-06 18:41:49,129.4,,공통,raw,
b170_heavy_work_r1,MSF,Large (141-200),170,heavy_work,274.35,38,20251205,81,BLK_81S,18,NC,5,2025-12-06 18:41:49,2025-12-06 19:31:50,50.0,,공통,raw,
b170_heavy_work_r1,MSF,Large (141-200),170,heavy_work,274.35,38,20251205,81,BLK_81S,18,베이35A 론지취부,6,2025-12-06 19:31:50,2025-12-06 20:17:26,45.6,35A,베이35A,raw,
b170_heavy_work_r1,MSF,Large (141-200),170,heavy_work,274.35,38,20251205,81,BLK_81S,18,베이35A 론지용접,7,2025-12-06 20:17:26,2025-12-06 20:38:47,21.4,35A,베이35A,raw,
b170_heavy_work_r1,MSF,Large (141-200),170,heavy_work,274.35,38,20251205,81,BLK_81S,18,베이35A 수정,8,2025-12-06 20:38:47,2025-12-06 21:05:54,27.1,35A,베이35A,raw,
b170_heavy_work_r1,MSF,Large (141-200),170,heavy_work,274.35,38,20251205,91,BLK_91S,19,판계,1,2025-12-05 17:06:00,2025-12-05 17:36:00,30.0,,공통,raw,
b170_heavy_work_r1,MSF,Large (141-200),170,heavy_work,274.35,38,20251205,91,BLK_91S,19,전면SAW,2,2025-12-06 16:18:02,2025-12-06 16:57:54,39.9,,공통,raw,
b170_heavy_work_r1,MSF,Large (141-200),170,heavy_work,274.35,38,20251205,91,BLK_91S,19,TurnOver,3,2025-12-06 16:57:54,2025-12-06 17:12:18,14.4,,공통,raw,
b170_heavy_work_r1,MSF,Large (141-200),170,heavy_work,274.35,38,20251205,91,BLK_91S,19,후면SAW,4,2025-12-06 18:41:49,2025-12-06 19:08:55,27.1,,공통,raw,
b170_heavy_work_r1,MSF,Large (141-200),170,heavy_work,274.35,38,20251205,91,BLK_91S,19,NC,5,2025-12-06 19:31:50,2025-12-06 20:14:44,42.9,,공통,raw,
b170_heavy_work_r1,MSF,Large (141-200),170,heavy_work,274.35,38,20251205,91,BLK_91S,19,베이36B 론지취부,6,2025-12-06 20:14:44,2025-12-06 21:59:08,104.4,36B,베이36B,raw,
b170_heavy_work_r1,MSF,Large (141-200),170,heavy_work,274.35,38,20251205,91,BLK_91S,19,베이36B 론지용접,7,2025-12-06 21:59:08,2025-12-06 22:30:35,31.4,36B,베이36B,raw,
b170_heavy_work_r1,MSF,Large (141-200),170,heavy_work,274.35,38,20251205,91,BLK_91S,19,베이36B 수정,8,2025-12-06 22:30:35,2025-12-06 23:34:40,64.1,36B,베이36B,raw,
b170_heavy_work_r1,MSF,Large (141-200),170,heavy_work,274.35,38,20251205,62,BLK_62P,20,판계,1,2025-12-05 17:36:00,2025-12-05 18:09:36,33.6,,공통,raw,
b170_heavy_work_r1,MSF,Large (141-200),170,heavy_work,274.35,38,20251205,62,BLK_62P,20,전면SAW,2,2025-12-06 16:57:54,2025-12-06 19:22:50,144.9,,공통,raw,
b170_heavy_work_r1,MSF,Large (141-200),170,heavy_work,274.35,38,20251205,62,BLK_62P,20,TurnOver,3,2025-12-06 19:22:50,2025-12-06 19:37:14,14.4,,공통,raw,
b170_heavy_work_r1,MSF,Large (141-200),170,heavy_work,274.35,38,20251205,62,BLK_62P,20,후면SAW,4,2025-12-06 19:37:14,2025-12-06 21:34:41,117.5,,공통,raw,
b170_heavy_work_r1,MSF,Large (141-200),170,heavy_work,274.35,38,20251205,62,BLK_62P,20,NC,5,2025-12-06 21:34:41,2025-12-06 22:15:57,41.3,,공통,raw,
b170_heavy_work_r1,MSF,Large (141-200),170,heavy_work,274.35,38,20251205,62,BLK_62P,20,베이35A 론지취부,6,2025-12-06 22:15:57,2025-12-06 23:09:57,54.0,35A,베이35A,raw,
b170_heavy_work_r1,MSF,Large (141-200),170,heavy_work,274.35,38,20251205,62,BLK_62P,20,베이35A 론지용접,7,2025-12-06 23:09:57,2025-12-06 23:32:45,22.8,35A,베이35A,raw,
b170_heavy_work_r1,MSF,Large (141-200),170,heavy_work,274.35,38,20251205,62,BLK_62P,20,베이35A 수정,8,2025-12-06 23:32:45,2025-12-07 00:05:09,32.4,35A,베이35A,raw,
b170_heavy_work_r1,MSF,Large (141-200),170,heavy_work,274.35,38,20251205,73,BLK_73P,21,판계,1,2025-12-05 18:09:36,2025-12-05 18:39:36,30.0,,공통,raw,
b170_heavy_work_r1,MSF,Large (141-200),170,heavy_work,274.35,38,20251205,73,BLK_73P,21,전면SAW,2,2025-12-06 19:22:50,2025-12-06 20:03:48,41.0,,공통,raw,
b170_heavy_work_r1,MSF,Large (141-200),170,heavy_work,274.35,38,20251205,73,BLK_73P,21,TurnOver,3,2025-12-06 20:03:48,2025-12-06 20:18:12,14.4,,공통,raw,
b170_heavy_work_r1,MSF,Large (141-200),170,heavy_work,274.35,38,20251205,73,BLK_73P,21,후면SAW,4,2025-12-06 21:34:41,2025-12-06 22:03:15,28.6,,공통,raw,
b170_heavy_work_r1,MSF,Large (141-200),170,heavy_work,274.35,38,20251205,73,BLK_73P,21,NC,5,2025-12-06 22:15:57,2025-12-06 23:01:00,45.0,,공통,raw,
b170_heavy_work_r1,MSF,Large (141-200),170,heavy_work,274.35,38,20251205,73,BLK_73P,21,베이36B 론지취부,6,2025-12-06 23:01:00,2025-12-07 00:45:24,104.4,36B,베이36B,raw,
b170_heavy_work_r1,MSF,Large (141-200),170,heavy_work,274.35,38,20251205,73,BLK_73P,21,베이36B 론지용접,7,2025-12-07 00:45:24,2025-12-07 01:16:50,31.4,36B,베이36B,raw,
b170_heavy_work_r1,MSF,Large (141-200),170,heavy_work,274.35,38,20251205,73,BLK_73P,21,베이36B 수정,8,2025-12-07 01:16:50,2025-12-07 02:20:55,64.1,36B,베이36B,raw,
b170_heavy_work_r1,MSF,Large (141-200),170,heavy_work,274.35,38,20251205,93,BLK_93C,22,판계,1,2025-12-05 18:39:36,2025-12-05 19:21:36,42.0,,공통,raw,
b170_heavy_work_r1,MSF,Large (141-200),170,heavy_work,274.35,38,20251205,93,BLK_93C,22,전면SAW,2,2025-12-06 20:03:48,2025-12-06 22:15:12,131.4,,공통,raw,
b170_heavy_work_r1,MSF,Large (141-200),170,heavy_work,274.35,38,20251205,93,BLK_93C,22,TurnOver,3,2025-12-06 22:15:12,2025-12-06 22:29:36,14.4,,공통,raw,
b170_heavy_work_r1,MSF,Large (141-200),170,heavy_work,274.35,38,20251205,93,BLK_93C,22,후면SAW,4,2025-12-06 22:29:36,2025-12-07 00:02:52,93.3,,공통,raw,
b170_heavy_work_r1,MSF,Large (141-200),170,heavy_work,274.35,38,20251205,93,BLK_93C,22,NC,5,2025-12-07 00:02:52,2025-12-07 00:47:35,44.7,,공통,raw,
b170_heavy_work_r1,MSF,Large (141-200),170,heavy_work,274.35,38,20251205,93,BLK_93C,22,베이35A 론지취부,6,2025-12-07 00:47:35,2025-12-07 01:33:11,45.6,35A,베이35A,raw,
b170_heavy_work_r1,MSF,Large (141-200),170,heavy_work,274.35,38,20251205,93,BLK_93C,22,베이35A 론지용접,7,2025-12-07 01:33:11,2025-12-07 01:54:33,21.4,35A,베이35A,raw,
b170_heavy_work_r1,MSF,Large (141-200),170,heavy_work,274.35,38,20251205,93,BLK_93C,22,베이35A 수정,8,2025-12-07 01:54:33,2025-12-07 02:21:40,27.1,35A,베이35A,raw,
b170_heavy_work_r1,MSF,Large (141-200),170,heavy_work,274.35,38,20251205,70,BLK_70C,23,판계,1,2025-12-05 19:21:36,2025-12-05 19:54:00,32.4,,공통,raw,
b170_heavy_work_r1,MSF,Large (141-200),170,heavy_work,274.35,38,20251205,70,BLK_70C,23,전면SAW,2,2025-12-06 22:15:12,2025-12-07 00:30:16,135.1,,공통,raw,
b170_heavy_work_r1,MSF,Large (141-200),170,heavy_work,274.35,38,20251205,70,BLK_70C,23,TurnOver,3,2025-12-07 00:30:16,2025-12-07 00:44:40,14.4,,공통,raw,
b170_heavy_work_r1,MSF,Large (141-200),170,heavy_work,274.35,38,20251205,70,BLK_70C,23,후면SAW,4,2025-12-07 00:44:40,2025-12-07 02:20:51,96.2,,공통,raw,
b170_heavy_work_r1,MSF,Large (141-200),170,heavy_work,274.35,38,20251205,70,BLK_70C,23,NC,5,2025-12-07 02:20:51,2025-12-07 02:57:41,36.8,,공통,raw,
b170_heavy_work_r1,MSF,Large (141-200),170,heavy_work,274.35,38,20251205,70,BLK_70C,23,베이36B 론지취부,6,2025-12-07 02:57:41,2025-12-07 03:45:00,47.3,36B,베이36B,raw,
b170_heavy_work_r1,MSF,Large (141-200),170,heavy_work,274.35,38,20251205,70,BLK_70C,23,베이36B 론지용접,7,2025-12-07 03:45:00,2025-12-07 04:03:07,18.1,36B,베이36B,raw,
b170_heavy_work_r1,MSF,Large (141-200),170,heavy_work,274.35,38,20251205,70,BLK_70C,23,베이36B 수정,8,2025-12-07 04:03:07,2025-12-07 04:27:36,24.5,36B,베이36B,raw,
b170_heavy_work_r1,MSF,Large (141-200),170,heavy_work,274.35,38,20251205,51,BLK_51P,24,판계,1,2025-12-05 19:54:00,2025-12-05 20:18:00,24.0,,공통,raw,
b170_heavy_work_r1,MSF,Large (141-200),170,heavy_work,274.35,38,20251205,51,BLK_51P,24,전면SAW,2,2025-12-07 00:30:16,2025-12-07 01:11:18,41.0,,공통,raw,
b170_heavy_work_r1,MSF,Large (141-200),170,heavy_work,274.35,38,20251205,51,BLK_51P,24,TurnOver,3,2025-12-07 01:11:18,2025-12-07 01:25:42,14.4,,공통,raw,
b170_heavy_work_r1,MSF,Large (141-200),170,heavy_work,274.35,38,20251205,51,BLK_51P,24,후면SAW,4,2025-12-07 02:20:51,2025-12-07 02:49:30,28.6,,공통,raw,
b170_heavy_work_r1,MSF,Large (141-200),170,heavy_work,274.35,38,20251205,51,BLK_51P,24,NC,5,2025-12-07 02:57:41,2025-12-07 03:29:06,31.4,,공통,raw,
b170_heavy_work_r1,MSF,Large (141-200),170,heavy_work,274.35,38,20251205,51,BLK_51P,24,베이35A 론지취부,6,2025-12-07 03:29:06,2025-12-07 04:23:06,54.0,35A,베이35A,raw,
b170_heavy_work_r1,MSF,Large (141-200),170,heavy_work,274.35,38,20251205,51,BLK_51P,24,베이35A 론지용접,7,2025-12-07 04:23:06,2025-12-07 04:41:06,18.0,35A,베이35A,raw,
b170_heavy_work_r1,MSF,Large (141-200),170,heavy_work,274.35,38,20251205,51,BLK_51P,24,베이35A 수정,8,2025-12-07 04:41:06,2025-12-07 05:13:30,32.4,35A,베이35A,raw,
b170_heavy_work_r1,MSF,Large (141-200),170,heavy_work,274.35,38,20251206,117,BLK_117C,1,판계,1,2025-12-06 08:00:00,2025-12-06 08:39:36,39.6,,공통,raw,
b170_heavy_work_r1,MSF,Large (141-200),170,heavy_work,274.35,38,20251206,117,BLK_117C,1,전면SAW,2,2025-12-07 01:11:18,2025-12-07 03:52:09,160.8,,공통,raw,
b170_heavy_work_r1,MSF,Large (141-200),170,heavy_work,274.35,38,20251206,117,BLK_117C,1,TurnOver,3,2025-12-07 03:52:09,2025-12-07 04:06:33,14.4,,공통,raw,
b170_heavy_work_r1,MSF,Large (141-200),170,heavy_work,274.35,38,20251206,117,BLK_117C,1,후면SAW,4,2025-12-07 04:06:33,2025-12-07 06:18:30,132.0,,공통,raw,
b170_heavy_work_r1,MSF,Large (141-200),170,heavy_work,274.35,38,20251206,117,BLK_117C,1,NC,5,2025-12-07 06:18:30,2025-12-07 07:12:22,53.9,,공통,raw,
b170_heavy_work_r1,MSF,Large (141-200),170,heavy_work,274.35,38,20251206,117,BLK_117C,1,베이36B 론지취부,6,2025-12-07 07:12:22,2025-12-07 08:27:22,75.0,36B,베이36B,raw,
b170_heavy_work_r1,MSF,Large (141-200),170,heavy_work,274.35,38,20251206,117,BLK_117C,1,베이36B 론지용접,7,2025-12-07 08:27:22,2025-12-07 08:53:46,26.4,36B,베이36B,raw,
b170_heavy_work_r1,MSF,Large (141-200),170,heavy_work,274.35,38,20251206,117,BLK_117C,1,베이36B 수정,8,2025-12-07 08:53:46,2025-12-07 09:39:22,45.6,36B,베이36B,raw,
b170_heavy_work_r1,MSF,Large (141-200),170,heavy_work,274.35,38,20251206,57,BLK_57P,2,판계,1,2025-12-06 08:39:36,2025-12-06 09:15:36,36.0,,공통,raw,
b170_heavy_work_r1,MSF,Large (141-200),170,heavy_work,274.35,38,20251206,57,BLK_57P,2,전면SAW,2,2025-12-07 03:52:09,2025-12-07 04:27:02,34.9,,공통,raw,
b170_heavy_work_r1,MSF,Large (141-200),170,heavy_work,274.35,38,20251206,57,BLK_57P,2,TurnOver,3,2025-12-07 04:27:02,2025-12-07 04:41:26,14.4,,공통,raw,
b170_heavy_work_r1,MSF,Large (141-200),170,heavy_work,274.35,38,20251206,57,BLK_57P,2,후면SAW,4,2025-12-07 06:18:30,2025-12-07 06:39:05,20.6,,공통,raw,
b170_heavy_work_r1,MSF,Large (141-200),170,heavy_work,274.35,38,20251206,57,BLK_57P,2,NC,5,2025-12-07 07:12:22,2025-12-07 07:59:26,47.1,,공통,raw,
b170_heavy_work_r1,MSF,Large (141-200),170,heavy_work,274.35,38,20251206,57,BLK_57P,2,베이35A 론지취부,6,2025-12-07 07:59:26,2025-12-07 08:53:26,54.0,35A,베이35A,raw,
b170_heavy_work_r1,MSF,Large (141-200),170,heavy_work,274.35,38,20251206,57,BLK_57P,2,베이35A 론지용접,7,2025-12-07 08:53:26,2025-12-07 09:16:14,22.8,35A,베이35A,raw,
b170_heavy_work_r1,MSF,Large (141-200),170,heavy_work,274.35,38,20251206,57,BLK_57P,2,베이35A 수정,8,2025-12-07 09:16:14,2025-12-07 09:48:38,32.4,35A,베이35A,raw,
b170_heavy_work_r1,MSF,Large (141-200),170,heavy_work,274.35,38,20251206,164,BLK_57S,3,판계,1,2025-12-06 09:15:36,2025-12-06 09:51:36,36.0,,공통,raw,
b170_heavy_work_r1,MSF,Large (141-200),170,heavy_work,274.35,38,20251206,164,BLK_57S,3,전면SAW,2,2025-12-07 04:27:02,2025-12-07 05:01:56,34.9,,공통,raw,
b170_heavy_work_r1,MSF,Large (141-200),170,heavy_work,274.35,38,20251206,164,BLK_57S,3,TurnOver,3,2025-12-07 05:01:56,2025-12-07 05:16:20,14.4,,공통,raw,
b170_heavy_work_r1,MSF,Large (141-200),170,heavy_work,274.35,38,20251206,164,BLK_57S,3,후면SAW,4,2025-12-07 06:39:05,2025-12-07 06:59:39,20.6,,공통,raw,
b170_heavy_work_r1,MSF,Large (141-200),170,heavy_work,274.35,38,20251206,164,BLK_57S,3,NC,5,2025-12-07 07:59:26,2025-12-07 08:46:31,47.1,,공통,raw,
b170_heavy_work_r1,MSF,Large (141-200),170,heavy_work,274.35,38,20251206,164,BLK_57S,3,베이36B 론지취부,6,2025-12-07 08:46:31,2025-12-07 09:40:31,54.0,36B,베이36B,raw,
b170_heavy_work_r1,MSF,Large (141-200),170,heavy_work,274.35,38,20251206,164,BLK_57S,3,베이36B 론지용접,7,2025-12-07 09:40:31,2025-12-07 10:03:19,22.8,36B,베이36B,raw,
b170_heavy_work_r1,MSF,Large (141-200),170,heavy_work,274.35,38,20251206,164,BLK_57S,3,베이36B 수정,8,2025-12-07 10:03:19,2025-12-07 10:35:43,32.4,36B,베이36B,raw,
b170_heavy_work_r1,MSF,Large (141-200),170,heavy_work,274.35,38,20251206,58,BLK_58C,4,판계,1,2025-12-06 09:51:36,2025-12-06 10:37:12,45.6,,공통,raw,
b170_heavy_work_r1,MSF,Large (141-200),170,heavy_work,274.35,38,20251206,58,BLK_58C,4,전면SAW,2,2025-12-07 05:01:56,2025-12-07 07:11:42,129.8,,공통,raw,
b170_heavy_work_r1,MSF,Large (141-200),170,heavy_work,274.35,38,20251206,58,BLK_58C,4,TurnOver,3,2025-12-07 07:11:42,2025-12-07 07:26:06,14.4,,공통,raw,
b170_heavy_work_r1,MSF,Large (141-200),170,heavy_work,274.35,38,20251206,58,BLK_58C,4,후면SAW,4,2025-12-07 07:26:06,2025-12-07 09:35:47,129.7,,공통,raw,
b170_heavy_work_r1,MSF,Large (141-200),170,heavy_work,274.35,38,20251206,58,BLK_58C,4,NC,5,2025-12-07 09:35:47,2025-12-07 10:32:37,56.8,,공통,raw,
b170_heavy_work_r1,MSF,Large (141-200),170,heavy_work,274.35,38,20251206,58,BLK_58C,4,베이35A 론지취부,6,2025-12-07 10:32:37,2025-12-07 11:43:25,70.8,35A,베이35A,raw,
b170_heavy_work_r1,MSF,Large (141-200),170,heavy_work,274.35,38,20251206,58,BLK_58C,4,베이35A 론지용접,7,2025-12-07 11:43:25,2025-12-07 12:09:06,25.7,35A,베이35A,raw,
b170_heavy_work_r1,MSF,Large (141-200),170,heavy_work,274.35,38,20251206,58,BLK_58C,4,베이35A 수정,8,2025-12-07 12:09:06,2025-12-07 12:52:04,43.0,35A,베이35A,raw,
b170_heavy_work_r1,MSF,Large (141-200),170,heavy_work,274.35,38,20251206,71,BLK_71C,5,판계,1,2025-12-06 10:37:12,2025-12-06 11:13:12,36.0,,공통,raw,
b170_heavy_work_r1,MSF,Large (141-200),170,heavy_work,274.35,38,20251206,71,BLK_71C,5,전면SAW,2,2025-12-07 07:11:42,2025-12-07 07:52:07,40.4,,공통,raw,
b170_heavy_work_r1,MSF,Large (141-200),170,heavy_work,274.35,38,20251206,71,BLK_71C,5,TurnOver,3,2025-12-07 07:52:07,2025-12-07 08:06:31,14.4,,공통,raw,
b170_heavy_work_r1,MSF,Large (141-200),170,heavy_work,274.35,38,20251206,71,BLK_71C,5,후면SAW,4,2025-12-07 09:35:47,2025-12-07 10:03:38,27.9,,공통,raw,
b170_heavy_work_r1,MSF,Large (141-200),170,heavy_work,274.35,38,20251206,71,BLK_71C,5,NC,5,2025-12-07 10:32:37,2025-12-07 11:23:14,50.6,,공통,raw,
b170_heavy_work_r1,MSF,Large (141-200),170,heavy_work,274.35,38,20251206,71,BLK_71C,5,베이36B 론지취부,6,2025-12-07 11:23:14,2025-12-07 13:03:26,100.2,36B,베이36B,raw,
b170_heavy_work_r1,MSF,Large (141-200),170,heavy_work,274.35,38,20251206,71,BLK_71C,5,베이36B 론지용접,7,2025-12-07 13:03:26,2025-12-07 13:34:09,30.7,36B,베이36B,raw,
b170_heavy_work_r1,MSF,Large (141-200),170,heavy_work,274.35,38,20251206,71,BLK_71C,5,베이36B 수정,8,2025-12-07 13:34:09,2025-12-07 14:35:36,61.4,36B,베이36B,raw,
b170_heavy_work_r1,MSF,Large (141-200),170,heavy_work,274.35,38,20251206,74,BLK_74C,6,판계,1,2025-12-06 11:13:12,2025-12-06 11:49:12,36.0,,공통,raw,
b170_heavy_work_r1,MSF,Large (141-200),170,heavy_work,274.35,38,20251206,74,BLK_74C,6,전면SAW,2,2025-12-07 07:52:07,2025-12-07 08:23:35,31.5,,공통,raw,
b170_heavy_work_r1,MSF,Large (141-200),170,heavy_work,274.35,38,20251206,74,BLK_74C,6,TurnOver,3,2025-12-07 08:23:35,2025-12-07 08:37:59,14.4,,공통,raw,
b170_heavy_work_r1,MSF,Large (141-200),170,heavy_work,274.35,38,20251206,74,BLK_74C,6,후면SAW,4,2025-12-07 10:03:38,2025-12-07 10:19:41,16.0,,공통,raw,
b170_heavy_work_r1,MSF,Large (141-200),170,heavy_work,274.35,38,20251206,74,BLK_74C,6,NC,5,2025-12-07 11:23:14,2025-12-07 12:06:56,43.7,,공통,raw,
b170_heavy_work_r1,MSF,Large (141-200),170,heavy_work,274.35,38,20251206,74,BLK_74C,6,베이35A 론지취부,6,2025-12-07 12:06:56,2025-12-07 13:09:20,62.4,35A,베이35A,raw,
b170_heavy_work_r1,MSF,Large (141-200),170,heavy_work,274.35,38,20251206,74,BLK_74C,6,베이35A 론지용접,7,2025-12-07 13:09:20,2025-12-07 13:33:34,24.2,35A,베이35A,raw,
b170_heavy_work_r1,MSF,Large (141-200),170,heavy_work,274.35,38,20251206,74,BLK_74C,6,베이35A 수정,8,2025-12-07 13:33:34,2025-12-07 14:11:15,37.7,35A,베이35A,raw,
b170_heavy_work_r1,MSF,Large (141-200),170,heavy_work,274.35,38,20251206,83,BLK_83P,7,판계,1,2025-12-06 11:49:12,2025-12-06 12:25:12,36.0,,공통,raw,
b170_heavy_work_r1,MSF,Large (141-200),170,heavy_work,274.35,38,20251206,83,BLK_83P,7,전면SAW,2,2025-12-07 08:23:35,2025-12-07 09:01:37,38.0,,공통,raw,
b170_heavy_work_r1,MSF,Large (141-200),170,heavy_work,274.35,38,20251206,83,BLK_83P,7,TurnOver,3,2025-12-07 09:01:37,2025-12-07 09:16:01,14.4,,공통,raw,
b170_heavy_work_r1,MSF,Large (141-200),170,heavy_work,274.35,38,20251206,83,BLK_83P,7,후면SAW,4,2025-12-07 10:19:41,2025-12-07 10:44:23,24.7,,공통,raw,
b170_heavy_work_r1,MSF,Large (141-200),170,heavy_work,274.35,38,20251206,83,BLK_83P,7,NC,5,2025-12-07 12:06:56,2025-12-07 12:55:46,48.8,,공통,raw,
b170_heavy_work_r1,MSF,Large (141-200),170,heavy_work,274.35,38,20251206,83,BLK_83P,7,베이36B 론지취부,6,2025-12-07 13:03:26,2025-12-07 14:26:50,83.4,36B,베이36B,raw,
b170_heavy_work_r1,MSF,Large (141-200),170,heavy_work,274.35,38,20251206,83,BLK_83P,7,베이36B 론지용접,7,2025-12-07 14:26:50,2025-12-07 14:54:41,27.8,36B,베이36B,raw,
b170_heavy_work_r1,MSF,Large (141-200),170,heavy_work,274.35,38,20251206,83,BLK_83P,7,베이36B 수정,8,2025-12-07 14:54:41,2025-12-07 15:45:33,50.9,36B,베이36B,raw,
b170_heavy_work_r1,MSF,Large (141-200),170,heavy_work,274.35,38,20251206,84,BLK_84P,8,판계,1,2025-12-06 12:25:12,2025-12-06 13:01:12,36.0,,공통,raw,
b170_heavy_work_r1,MSF,Large (141-200),170,heavy_work,274.35,38,20251206,84,BLK_84P,8,전면SAW,2,2025-12-07 09:01:37,2025-12-07 09:40:25,38.8,,공통,raw,
b170_heavy_work_r1,MSF,Large (141-200),170,heavy_work,274.35,38,20251206,84,BLK_84P,8,TurnOver,3,2025-12-07 09:40:25,2025-12-07 09:54:49,14.4,,공통,raw,
b170_heavy_work_r1,MSF,Large (141-200),170,heavy_work,274.35,38,20251206,84,BLK_84P,8,후면SAW,4,2025-12-07 10:44:23,2025-12-07 11:10:05,25.7,,공통,raw,
b170_heavy_work_r1,MSF,Large (141-200),170,heavy_work,274.35,38,20251206,84,BLK_84P,8,NC,5,2025-12-07 12:55:46,2025-12-07 13:47:11,51.4,,공통,raw,
b170_heavy_work_r1,MSF,Large (141-200),170,heavy_work,274.35,38,20251206,84,BLK_84P,8,베이35A 론지취부,6,2025-12-07 13:47:11,2025-12-07 15:27:23,100.2,35A,베이35A,raw,
b170_heavy_work_r1,MSF,Large (141-200),170,heavy_work,274.35,38,20251206,84,BLK_84P,8,베이35A 론지용접,7,2025-12-07 15:27:23,2025-12-07 15:58:06,30.7,35A,베이35A,raw,
b170_heavy_work_r1,MSF,Large (141-200),170,heavy_work,274.35,38,20251206,84,BLK_84P,8,베이35A 수정,8,2025-12-07 15:58:06,2025-12-07 16:59:32,61.4,35A,베이35A,raw,
b170_heavy_work_r1,MSF,Large (141-200),170,heavy_work,274.35,38,20251206,115,BLK_115P,9,판계,1,2025-12-06 13:01:12,2025-12-06 13:33:36,32.4,,공통,raw,
b170_heavy_work_r1,MSF,Large (141-200),170,heavy_work,274.35,38,20251206,115,BLK_115P,9,전면SAW,2,2025-12-07 09:40:25,2025-12-07 11:58:35,138.2,,공통,raw,
b170_heavy_work_r1,MSF,Large (141-200),170,heavy_work,274.35,38,20251206,115,BLK_115P,9,TurnOver,3,2025-12-07 11:58:35,2025-12-07 12:12:59,14.4,,공통,raw,
b170_heavy_work_r1,MSF,Large (141-200),170,heavy_work,274.35,38,20251206,115,BLK_115P,9,후면SAW,4,2025-12-07 12:12:59,2025-12-07 13:51:39,98.7,,공통,raw,
b170_heavy_work_r1,MSF,Large (141-200),170,heavy_work,274.35,38,20251206,115,BLK_115P,9,NC,5,2025-12-07 13:51:39,2025-12-07 14:27:48,36.1,,공통,raw,
b170_heavy_work_r1,MSF,Large (141-200),170,heavy_work,274.35,38,20251206,115,BLK_115P,9,베이36B 론지취부,6,2025-12-07 14:27:48,2025-12-07 15:05:00,37.2,36B,베이36B,raw,
b170_heavy_work_r1,MSF,Large (141-200),170,heavy_work,274.35,38,20251206,115,BLK_115P,9,베이36B 론지용접,7,2025-12-07 15:05:00,2025-12-07 15:20:07,15.1,36B,베이36B,raw,
b170_heavy_work_r1,MSF,Large (141-200),170,heavy_work,274.35,38,20251206,115,BLK_115P,9,베이36B 수정,8,2025-12-07 15:45:33,2025-12-07 16:07:24,21.8,36B,베이36B,raw,
b170_heavy_work_r1,MSF,Large (141-200),170,heavy_work,274.35,38,20251206,36,BLK_36C,10,판계,1,2025-12-06 13:33:36,2025-12-06 13:48:00,14.4,,공통,raw,
b170_heavy_work_r1,MSF,Large (141-200),170,heavy_work,274.35,38,20251206,36,BLK_36C,10,전면SAW,2,2025-12-07 11:58:35,2025-12-07 12:42:02,43.5,,공통,raw,
b170_heavy_work_r1,MSF,Large (141-200),170,heavy_work,274.35,38,20251206,36,BLK_36C,10,TurnOver,3,2025-12-07 12:42:02,2025-12-07 12:56:26,14.4,,공통,raw,
b170_heavy_work_r1,MSF,Large (141-200),170,heavy_work,274.35,38,20251206,36,BLK_36C,10,후면SAW,4,2025-12-07 13:51:39,2025-12-07 14:23:29,31.8,,공통,raw,
b170_heavy_work_r1,MSF,Large (141-200),170,heavy_work,274.35,38,20251206,36,BLK_36C,10,NC,5,2025-12-07 14:27:48,2025-12-07 14:52:11,24.4,,공통,raw,
b170_heavy_work_r1,MSF,Large (141-200),170,heavy_work,274.35,38,20251206,36,BLK_36C,10,베이35A 론지취부,6,2025-12-07 15:27:23,2025-12-07 16:25:35,58.2,35A,베이35A,raw,
b170_heavy_work_r1,MSF,Large (141-200),170,heavy_work,274.35,38,20251206,36,BLK_36C,10,베이35A 론지용접,7,2025-12-07 16:25:35,2025-12-07 16:49:06,23.5,35A,베이35A,raw,
b170_heavy_work_r1,MSF,Large (141-200),170,heavy_work,274.35,38,20251206,36,BLK_36C,10,베이35A 수정,8,2025-12-07 16:59:32,2025-12-07 17:34:35,35.0,35A,베이35A,raw,
b170_heavy_work_r1,MSF,Large (141-200),170,heavy_work,274.35,38,20251207,134,BLK_134P,1,판계,1,2025-12-07 08:00:00,2025-12-07 08:45:36,45.6,,공통,raw,
b170_heavy_work_r1,MSF,Large (141-200),170,heavy_work,274.35,38,20251207,134,BLK_134P,1,전면SAW,2,2025-12-07 12:42:02,2025-12-07 14:47:47,125.7,,공통,raw,
b170_heavy_work_r1,MSF,Large (141-200),170,heavy_work,274.35,38,20251207,134,BLK_134P,1,TurnOver,3,2025-12-07 14:47:47,2025-12-07 15:02:11,14.4,,공통,raw,
b170_heavy_work_r1,MSF,Large (141-200),170,heavy_work,274.35,38,20251207,134,BLK_134P,1,후면SAW,4,2025-12-07 15:02:11,2025-12-07 16:42:07,99.9,,공통,raw,
b170_heavy_work_r1,MSF,Large (141-200),170,heavy_work,274.35,38,20251207,134,BLK_134P,1,NC,5,2025-12-07 16:42:07,2025-12-07 17:38:31,56.4,,공통,raw,
b170_heavy_work_r1,MSF,Large (141-200),170,heavy_work,274.35,38,20251207,134,BLK_134P,1,베이36B 론지취부,6,2025-12-07 17:38:31,2025-12-07 19:01:55,83.4,36B,베이36B,raw,
b170_heavy_work_r1,MSF,Large (141-200),170,heavy_work,274.35,38,20251207,134,BLK_134P,1,베이36B 론지용접,7,2025-12-07 19:01:55,2025-12-07 19:29:46,27.8,36B,베이36B,raw,
b170_heavy_work_r1,MSF,Large (141-200),170,heavy_work,274.35,38,20251207,134,BLK_134P,1,베이36B 수정,8,2025-12-07 19:29:46,2025-12-07 20:20:39,50.9,36B,베이36B,raw,
b170_heavy_work_r1,MSF,Large (141-200),170,heavy_work,274.35,38,20251207,53,BLK_53S,2,판계,1,2025-12-07 08:45:36,2025-12-07 09:21:36,36.0,,공통,raw,
b170_heavy_work_r1,MSF,Large (141-200),170,heavy_work,274.35,38,20251207,53,BLK_53S,2,전면SAW,2,2025-12-07 14:47:47,2025-12-07 15:35:39,47.9,,공통,raw,
b170_heavy_work_r1,MSF,Large (141-200),170,heavy_work,274.35,38,20251207,53,BLK_53S,2,TurnOver,3,2025-12-07 15:35:39,2025-12-07 15:50:03,14.4,,공통,raw,
b170_heavy_work_r1,MSF,Large (141-200),170,heavy_work,274.35,38,20251207,53,BLK_53S,2,후면SAW,4,2025-12-07 16:42:07,2025-12-07 17:19:45,37.6,,공통,raw,
b170_heavy_work_r1,MSF,Large (141-200),170,heavy_work,274.35,38,20251207,53,BLK_53S,2,NC,5,2025-12-07 17:38:31,2025-12-07 18:37:04,58.5,,공통,raw,
b170_heavy_work_r1,MSF,Large (141-200),170,heavy_work,274.35,38,20251207,53,BLK_53S,2,베이35A 론지취부,6,2025-12-07 18:37:04,2025-12-07 20:38:16,121.2,35A,베이35A,raw,
b170_heavy_work_r1,MSF,Large (141-200),170,heavy_work,274.35,38,20251207,53,BLK_53S,2,베이35A 론지용접,7,2025-12-07 20:38:16,2025-12-07 21:12:35,34.3,35A,베이35A,raw,
b170_heavy_work_r1,MSF,Large (141-200),170,heavy_work,274.35,38,20251207,53,BLK_53S,2,베이35A 수정,8,2025-12-07 21:12:35,2025-12-07 22:27:13,74.6,35A,베이35A,raw,
b170_heavy_work_r1,MSF,Large (141-200),170,heavy_work,274.35,38,20251207,113,BLK_113P,3,판계,1,2025-12-07 09:21:36,2025-12-07 09:57:36,36.0,,공통,raw,
b170_heavy_work_r1,MSF,Large (141-200),170,heavy_work,274.35,38,20251207,113,BLK_113P,3,전면SAW,2,2025-12-07 15:35:39,2025-12-07 16:10:58,35.3,,공통,raw,
b170_heavy_work_r1,MSF,Large (141-200),170,heavy_work,274.35,38,20251207,113,BLK_113P,3,TurnOver,3,2025-12-07 16:10:58,2025-12-07 16:25:22,14.4,,공통,raw,
b170_heavy_work_r1,MSF,Large (141-200),170,heavy_work,274.35,38,20251207,113,BLK_113P,3,후면SAW,4,2025-12-07 17:19:45,2025-12-07 17:40:54,21.1,,공통,raw,
b170_heavy_work_r1,MSF,Large (141-200),170,heavy_work,274.35,38,20251207,113,BLK_113P,3,NC,5,2025-12-07 18:37:04,2025-12-07 19:36:11,59.1,,공통,raw,
b170_heavy_work_r1,MSF,Large (141-200),170,heavy_work,274.35,38,20251207,113,BLK_113P,3,베이36B 론지취부,6,2025-12-07 19:36:11,2025-12-07 21:28:59,112.8,36B,베이36B,raw,
b170_heavy_work_r1,MSF,Large (141-200),170,heavy_work,274.35,38,20251207,113,BLK_113P,3,베이36B 론지용접,7,2025-12-07 21:28:59,2025-12-07 22:01:52,32.9,36B,베이36B,raw,
b170_heavy_work_r1,MSF,Large (141-200),170,heavy_work,274.35,38,20251207,113,BLK_113P,3,베이36B 수정,8,2025-12-07 22:01:52,2025-12-07 23:11:13,69.4,36B,베이36B,raw,
b170_heavy_work_r1,MSF,Large (141-200),170,heavy_work,274.35,38,20251207,121,BLK_121S,4,판계,1,2025-12-07 09:57:36,2025-12-07 10:33:36,36.0,,공통,raw,
b170_heavy_work_r1,MSF,Large (141-200),170,heavy_work,274.35,38,20251207,121,BLK_121S,4,전면SAW,2,2025-12-07 16:10:58,2025-12-07 19:02:28,171.5,,공통,raw,
b170_heavy_work_r1,MSF,Large (141-200),170,heavy_work,274.35,38,20251207,121,BLK_121S,4,TurnOver,3,2025-12-07 19:02:28,2025-12-07 19:16:52,14.4,,공통,raw,
b170_heavy_work_r1,MSF,Large (141-200),170,heavy_work,274.35,38,20251207,121,BLK_121S,4,후면SAW,4,2025-12-07 19:16:52,2025-12-07 21:44:29,147.6,,공통,raw,
b170_heavy_work_r1,MSF,Large (141-200),170,heavy_work,274.35,38,20251207,121,BLK_121S,4,NC,5,2025-12-07 21:44:29,2025-12-07 22:49:37,65.1,,공통,raw,
b170_heavy_work_r1,MSF,Large (141-200),170,heavy_work,274.35,38,20251207,121,BLK_121S,4,베이35A 론지취부,6,2025-12-07 22:49:37,2025-12-08 00:08:49,79.2,35A,베이35A,raw,
b170_heavy_work_r1,MSF,Large (141-200),170,heavy_work,274.35,38,20251207,121,BLK_121S,4,베이35A 론지용접,7,2025-12-08 00:08:49,2025-12-08 00:35:56,27.1,35A,베이35A,raw,
b170_heavy_work_r1,MSF,Large (141-200),170,heavy_work,274.35,38,20251207,121,BLK_121S,4,베이35A 수정,8,2025-12-08 00:35:56,2025-12-08 01:24:10,48.2,35A,베이35A,raw,
b170_heavy_work_r1,MSF,Large (141-200),170,heavy_work,274.35,38,20251207,29,BLK_29P,5,판계,1,2025-12-07 10:33:36,2025-12-07 11:27:36,54.0,,공통,raw,
b170_heavy_work_r1,MSF,Large (141-200),170,heavy_work,274.35,38,20251207,29,BLK_29P,5,전면SAW,2,2025-12-07 19:02:28,2025-12-07 20:41:30,99.0,,공통,raw,
b170_heavy_work_r1,MSF,Large (141-200),170,heavy_work,274.35,38,20251207,29,BLK_29P,5,TurnOver,3,2025-12-07 20:41:30,2025-12-07 20:55:54,14.4,,공통,raw,
b170_heavy_work_r1,MSF,Large (141-200),170,heavy_work,274.35,38,20251207,29,BLK_29P,5,후면SAW,4,2025-12-07 21:44:29,2025-12-07 23:18:21,93.9,,공통,raw,
b170_heavy_work_r1,MSF,Large (141-200),170,heavy_work,274.35,38,20251207,29,BLK_29P,5,NC,5,2025-12-07 23:18:21,2025-12-08 00:26:11,67.8,,공통,raw,
b170_heavy_work_r1,MSF,Large (141-200),170,heavy_work,274.35,38,20251207,29,BLK_29P,5,베이36B 론지취부,6,2025-12-08 00:26:11,2025-12-08 02:10:35,104.4,36B,베이36B,raw,
b170_heavy_work_r1,MSF,Large (141-200),170,heavy_work,274.35,38,20251207,29,BLK_29P,5,베이36B 론지용접,7,2025-12-08 02:10:35,2025-12-08 02:42:01,31.4,36B,베이36B,raw,
b170_heavy_work_r1,MSF,Large (141-200),170,heavy_work,274.35,38,20251207,29,BLK_29P,5,베이36B 수정,8,2025-12-08 02:42:01,2025-12-08 03:46:06,64.1,36B,베이36B,raw,
b170_heavy_work_r1,MSF,Large (141-200),170,heavy_work,274.35,38,20251207,107,BLK_107S,6,판계,1,2025-12-07 11:27:36,2025-12-07 12:30:00,62.4,,공통,raw,
b170_heavy_work_r1,MSF,Large (141-200),170,heavy_work,274.35,38,20251207,107,BLK_107S,6,전면SAW,2,2025-12-07 20:41:30,2025-12-07 23:50:36,189.1,,공통,raw,
b170_heavy_work_r1,MSF,Large (141-200),170,heavy_work,274.35,38,20251207,107,BLK_107S,6,TurnOver,3,2025-12-07 23:50:36,2025-12-08 00:05:00,14.4,,공통,raw,
b170_heavy_work_r1,MSF,Large (141-200),170,heavy_work,274.35,38,20251207,107,BLK_107S,6,후면SAW,4,2025-12-08 00:05:00,2025-12-08 02:49:30,164.5,,공통,raw,
b170_heavy_work_r1,MSF,Large (141-200),170,heavy_work,274.35,38,20251207,107,BLK_107S,6,NC,5,2025-12-08 02:49:30,2025-12-08 04:19:36,90.1,,공통,raw,
b170_heavy_work_r1,MSF,Large (141-200),170,heavy_work,274.35,38,20251207,107,BLK_107S,6,베이36B 론지취부,6,2025-12-08 04:19:36,2025-12-08 06:12:24,112.8,36B,베이36B,raw,
b170_heavy_work_r1,MSF,Large (141-200),170,heavy_work,274.35,38,20251207,107,BLK_107S,6,베이36B 론지용접,7,2025-12-08 06:12:24,2025-12-08 06:45:17,32.9,36B,베이36B,raw,
b170_heavy_work_r1,MSF,Large (141-200),170,heavy_work,274.35,38,20251207,107,BLK_107S,6,베이36B 수정,8,2025-12-08 06:45:17,2025-12-08 07:54:38,69.4,36B,베이36B,raw,
b170_heavy_work_r1,MSF,Large (141-200),170,heavy_work,274.35,38,20251207,52,BLK_52P,7,판계,1,2025-12-07 12:30:00,2025-12-07 12:44:24,14.4,,공통,raw,
b170_heavy_work_r1,MSF,Large (141-200),170,heavy_work,274.35,38,20251207,52,BLK_52P,7,전면SAW,2,2025-12-07 23:50:36,2025-12-08 01:02:30,71.9,,공통,raw,
b170_heavy_work_r1,MSF,Large (141-200),170,heavy_work,274.35,38,20251207,52,BLK_52P,7,TurnOver,3,2025-12-08 01:02:30,2025-12-08 01:16:54,14.4,,공통,raw,
b170_heavy_work_r1,MSF,Large (141-200),170,heavy_work,274.35,38,20251207,52,BLK_52P,7,후면SAW,4,2025-12-08 02:49:30,2025-12-08 03:58:45,69.3,,공통,raw,
b170_heavy_work_r1,MSF,Large (141-200),170,heavy_work,274.35,38,20251207,52,BLK_52P,7,NC,5,2025-12-08 04:19:36,2025-12-08 04:45:54,26.3,,공통,raw,
b170_heavy_work_r1,MSF,Large (141-200),170,heavy_work,274.35,38,20251207,52,BLK_52P,7,베이35A 론지취부,6,2025-12-08 04:45:54,2025-12-08 05:39:54,54.0,35A,베이35A,raw,
b170_heavy_work_r1,MSF,Large (141-200),170,heavy_work,274.35,38,20251207,52,BLK_52P,7,베이35A 론지용접,7,2025-12-08 05:39:54,2025-12-08 05:57:54,18.0,35A,베이35A,raw,
b170_heavy_work_r1,MSF,Large (141-200),170,heavy_work,274.35,38,20251207,52,BLK_52P,7,베이35A 수정,8,2025-12-08 05:57:54,2025-12-08 06:30:18,32.4,35A,베이35A,raw,
b170_heavy_work_r1,MSF,Large (141-200),170,heavy_work,274.35,38,20251208,114,BLK_114S,1,판계,1,2025-12-08 08:00:00,2025-12-08 09:02:24,62.4,,공통,raw,
b170_heavy_work_r1,MSF,Large (141-200),170,heavy_work,274.35,38,20251208,114,BLK_114S,1,전면SAW,2,2025-12-08 09:02:24,2025-12-08 12:16:45,194.4,,공통,raw,
b170_heavy_work_r1,MSF,Large (141-200),170,heavy_work,274.35,38,20251208,114,BLK_114S,1,TurnOver,3,2025-12-08 12:16:45,2025-12-08 12:31:09,14.4,,공통,raw,
b170_heavy_work_r1,MSF,Large (141-200),170,heavy_work,274.35,38,20251208,114,BLK_114S,1,후면SAW,4,2025-12-08 12:31:09,2025-12-08 15:10:26,159.3,,공통,raw,
b170_heavy_work_r1,MSF,Large (141-200),170,heavy_work,274.35,38,20251208,114,BLK_114S,1,NC,5,2025-12-08 15:10:26,2025-12-08 16:41:44,91.3,,공통,raw,
b170_heavy_work_r1,MSF,Large (141-200),170,heavy_work,274.35,38,20251208,114,BLK_114S,1,베이36B 론지취부,6,2025-12-08 16:41:44,2025-12-08 18:09:20,87.6,36B,베이36B,raw,
b170_heavy_work_r1,MSF,Large (141-200),170,heavy_work,274.35,38,20251208,114,BLK_114S,1,베이36B 론지용접,7,2025-12-08 18:09:20,2025-12-08 18:37:54,28.6,36B,베이36B,raw,
b170_heavy_work_r1,MSF,Large (141-200),170,heavy_work,274.35,38,20251208,114,BLK_114S,1,베이36B 수정,8,2025-12-08 18:37:54,2025-12-08 19:31:25,53.5,36B,베이36B,raw,
b170_heavy_work_r1,MSF,Large (141-200),170,heavy_work,274.35,38,20251208,82,BLK_82C,2,판계,1,2025-12-08 09:02:24,2025-12-08 09:26:24,24.0,,공통,raw,
b170_heavy_work_r1,MSF,Large (141-200),170,heavy_work,274.35,38,20251208,82,BLK_82C,2,전면SAW,2,2025-12-08 12:16:45,2025-12-08 13:05:13,48.5,,공통,raw,
b170_heavy_work_r1,MSF,Large (141-200),170,heavy_work,274.35,38,20251208,82,BLK_82C,2,TurnOver,3,2025-12-08 13:05:13,2025-12-08 13:19:37,14.4,,공통,raw,
b170_heavy_work_r1,MSF,Large (141-200),170,heavy_work,274.35,38,20251208,82,BLK_82C,2,후면SAW,4,2025-12-08 15:10:26,2025-12-08 15:48:53,38.4,,공통,raw,
b170_heavy_work_r1,MSF,Large (141-200),170,heavy_work,274.35,38,20251208,82,BLK_82C,2,NC,5,2025-12-08 16:41:44,2025-12-08 17:16:36,34.9,,공통,raw,
b170_heavy_work_r1,MSF,Large (141-200),170,heavy_work,274.35,38,20251208,82,BLK_82C,2,베이35A 론지취부,6,2025-12-08 17:16:36,2025-12-08 18:31:36,75.0,35A,베이35A,raw,
b170_heavy_work_r1,MSF,Large (141-200),170,heavy_work,274.35,38,20251208,82,BLK_82C,2,베이35A 론지용접,7,2025-12-08 18:31:36,2025-12-08 18:58:00,26.4,35A,베이35A,raw,
b170_heavy_work_r1,MSF,Large (141-200),170,heavy_work,274.35,38,20251208,82,BLK_82C,2,베이35A 수정,8,2025-12-08 18:58:00,2025-12-08 19:43:36,45.6,35A,베이35A,raw,
b170_heavy_work_r1,MSF,Large (141-200),170,heavy_work,274.35,38,20251208,59,BLK_59S,3,판계,1,2025-12-08 09:26:24,2025-12-08 10:08:24,42.0,,공통,raw,
b170_heavy_work_r1,MSF,Large (141-200),170,heavy_work,274.35,38,20251208,59,BLK_59S,3,전면SAW,2,2025-12-08 13:05:13,2025-12-08 15:29:47,144.6,,공통,raw,
b170_heavy_work_r1,MSF,Large (141-200),170,heavy_work,274.35,38,20251208,59,BLK_59S,3,TurnOver,3,2025-12-08 15:29:47,2025-12-08 15:44:11,14.4,,공통,raw,
b170_heavy_work_r1,MSF,Large (141-200),170,heavy_work,274.35,38,20251208,59,BLK_59S,3,후면SAW,4,2025-12-08 15:48:53,2025-12-08 17:30:25,101.5,,공통,raw,
b170_heavy_work_r1,MSF,Large (141-200),170,heavy_work,274.35,38,20251208,59,BLK_59S,3,NC,5,2025-12-08 17:30:25,2025-12-08 18:19:14,48.8,,공통,raw,
b170_heavy_work_r1,MSF,Large (141-200),170,heavy_work,274.35,38,20251208,59,BLK_59S,3,베이36B 론지취부,6,2025-12-08 18:19:14,2025-12-08 19:09:02,49.8,36B,베이36B,raw,
b170_heavy_work_r1,MSF,Large (141-200),170,heavy_work,274.35,38,20251208,59,BLK_59S,3,베이36B 론지용접,7,2025-12-08 19:09:02,2025-12-08 19:26:18,17.3,36B,베이36B,raw,
b170_heavy_work_r1,MSF,Large (141-200),170,heavy_work,274.35,38,20251208,59,BLK_59S,3,베이36B 수정,8,2025-12-08 19:31:25,2025-12-08 20:01:11,29.8,36B,베이36B,raw,
b170_heavy_work_r1,MSF,Large (141-200),170,heavy_work,274.35,38,20251208,95,BLK_95S,4,판계,1,2025-12-08 10:08:24,2025-12-08 10:32:24,24.0,,공통,raw,
b170_heavy_work_r1,MSF,Large (141-200),170,heavy_work,274.35,38,20251208,95,BLK_95S,4,전면SAW,2,2025-12-08 15:29:47,2025-12-08 16:33:56,64.1,,공통,raw,
b170_heavy_work_r1,MSF,Large (141-200),170,heavy_work,274.35,38,20251208,95,BLK_95S,4,TurnOver,3,2025-12-08 16:33:56,2025-12-08 16:48:20,14.4,,공통,raw,
b170_heavy_work_r1,MSF,Large (141-200),170,heavy_work,274.35,38,20251208,95,BLK_95S,4,후면SAW,4,2025-12-08 17:30:25,2025-12-08 18:29:29,59.1,,공통,raw,
b170_heavy_work_r1,MSF,Large (141-200),170,heavy_work,274.35,38,20251208,95,BLK_95S,4,NC,5,2025-12-08 18:29:29,2025-12-08 19:05:43,36.2,,공통,raw,
b170_heavy_work_r1,MSF,Large (141-200),170,heavy_work,274.35,38,20251208,95,BLK_95S,4,베이35A 론지취부,6,2025-12-08 19:05:43,2025-12-08 20:33:19,87.6,35A,베이35A,raw,
b170_heavy_work_r1,MSF,Large (141-200),170,heavy_work,274.35,38,20251208,95,BLK_95S,4,베이35A 론지용접,7,2025-12-08 20:33:19,2025-12-08 21:01:53,28.6,35A,베이35A,raw,
b170_heavy_work_r1,MSF,Large (141-200),170,heavy_work,274.35,38,20251208,95,BLK_95S,4,베이35A 수정,8,2025-12-08 21:01:53,2025-12-08 21:55:24,53.5,35A,베이35A,raw,
b170_heavy_work_r1,MSF,Large (141-200),170,heavy_work,274.35,38,20251208,105,BLK_105P,5,판계,1,2025-12-08 10:32:24,2025-12-08 10:56:24,24.0,,공통,raw,
b170_heavy_work_r1,MSF,Large (141-200),170,heavy_work,274.35,38,20251208,105,BLK_105P,5,전면SAW,2,2025-12-08 16:33:56,2025-12-08 17:43:33,69.6,,공통,raw,
b170_heavy_work_r1,MSF,Large (141-200),170,heavy_work,274.35,38,20251208,105,BLK_105P,5,TurnOver,3,2025-12-08 17:43:33,2025-12-08 17:57:57,14.4,,공통,raw,
b170_heavy_work_r1,MSF,Large (141-200),170,heavy_work,274.35,38,20251208,105,BLK_105P,5,후면SAW,4,2025-12-08 18:29:29,2025-12-08 19:35:45,66.3,,공통,raw,
b170_heavy_work_r1,MSF,Large (141-200),170,heavy_work,274.35,38,20251208,105,BLK_105P,5,NC,5,2025-12-08 19:35:45,2025-12-08 20:12:05,36.3,,공통,raw,
b170_heavy_work_r1,MSF,Large (141-200),170,heavy_work,274.35,38,20251208,105,BLK_105P,5,베이36B 론지취부,6,2025-12-08 20:12:05,2025-12-08 21:18:41,66.6,36B,베이36B,raw,
b170_heavy_work_r1,MSF,Large (141-200),170,heavy_work,274.35,38,20251208,105,BLK_105P,5,베이36B 론지용접,7,2025-12-08 21:18:41,2025-12-08 21:43:39,25.0,36B,베이36B,raw,
b170_heavy_work_r1,MSF,Large (141-200),170,heavy_work,274.35,38,20251208,105,BLK_105P,5,베이36B 수정,8,2025-12-08 21:43:39,2025-12-08 22:23:58,40.3,36B,베이36B,raw,
b170_heavy_work_r1,MSF,Large (141-200),170,heavy_work,274.35,38,20251208,90,BLK_90C,6,판계,1,2025-12-08 10:56:24,2025-12-08 11:38:24,42.0,,공통,raw,
b170_heavy_work_r1,MSF,Large (141-200),170,heavy_work,274.35,38,20251208,90,BLK_90C,6,전면SAW,2,2025-12-08 17:43:33,2025-12-08 19:48:25,124.9,,공통,raw,
b170_heavy_work_r1,MSF,Large (141-200),170,heavy_work,274.35,38,20251208,90,BLK_90C,6,TurnOver,3,2025-12-08 19:48:25,2025-12-08 20:02:49,14.4,,공통,raw,
b170_heavy_work_r1,MSF,Large (141-200),170,heavy_work,274.35,38,20251208,90,BLK_90C,6,후면SAW,4,2025-12-08 20:02:49,2025-12-08 21:30:50,88.0,,공통,raw,
b170_heavy_work_r1,MSF,Large (141-200),170,heavy_work,274.35,38,20251208,90,BLK_90C,6,NC,5,2025-12-08 21:30:50,2025-12-08 22:12:57,42.1,,공통,raw,
b170_heavy_work_r1,MSF,Large (141-200),170,heavy_work,274.35,38,20251208,90,BLK_90C,6,베이35A 론지취부,6,2025-12-08 22:12:57,2025-12-08 22:45:57,33.0,35A,베이35A,raw,
b170_heavy_work_r1,MSF,Large (141-200),170,heavy_work,274.35,38,20251208,90,BLK_90C,6,베이35A 론지용접,7,2025-12-08 22:45:57,2025-12-08 23:00:21,14.4,35A,베이35A,raw,
b170_heavy_work_r1,MSF,Large (141-200),170,heavy_work,274.35,38,20251208,90,BLK_90C,6,베이35A 수정,8,2025-12-08 23:00:21,2025-12-08 23:19:33,19.2,35A,베이35A,raw,
b170_heavy_work_r1,MSF,Large (141-200),170,heavy_work,274.35,38,20251208,124,BLK_124C,7,판계,1,2025-12-08 11:38:24,2025-12-08 12:02:24,24.0,,공통,raw,
b170_heavy_work_r1,MSF,Large (141-200),170,heavy_work,274.35,38,20251208,124,BLK_124C,7,전면SAW,2,2025-12-08 19:48:25,2025-12-08 20:37:45,49.3,,공통,raw,
b170_heavy_work_r1,MSF,Large (141-200),170,heavy_work,274.35,38,20251208,124,BLK_124C,7,TurnOver,3,2025-12-08 20:37:45,2025-12-08 20:52:09,14.4,,공통,raw,
b170_heavy_work_r1,MSF,Large (141-200),170,heavy_work,274.35,38,20251208,124,BLK_124C,7,후면SAW,4,2025-12-08 21:30:50,2025-12-08 22:10:24,39.6,,공통,raw,
b170_heavy_work_r1,MSF,Large (141-200),170,heavy_work,274.35,38,20251208,124,BLK_124C,7,NC,5,2025-12-08 22:12:57,2025-12-08 22:43:38,30.7,,공통,raw,
b170_heavy_work_r1,MSF,Large (141-200),170,heavy_work,274.35,38,20251208,124,BLK_124C,7,베이36B 론지취부,6,2025-12-08 22:43:38,2025-12-08 23:25:02,41.4,36B,베이36B,raw,
b170_heavy_work_r1,MSF,Large (141-200),170,heavy_work,274.35,38,20251208,124,BLK_124C,7,베이36B 론지용접,7,2025-12-08 23:25:02,2025-12-08 23:40:53,15.8,36B,베이36B,raw,
b170_heavy_work_r1,MSF,Large (141-200),170,heavy_work,274.35,38,20251208,124,BLK_124C,7,베이36B 수정,8,2025-12-08 23:40:53,2025-12-09 00:05:21,24.5,36B,베이36B,raw,
b170_heavy_work_r1,MSF,Large (141-200),170,heavy_work,274.35,38,20251208,144,BLK_144S,8,판계,1,2025-12-08 12:02:24,2025-12-08 12:26:24,24.0,,공통,raw,
b170_heavy_work_r1,MSF,Large (141-200),170,heavy_work,274.35,38,20251208,144,BLK_144S,8,전면SAW,2,2025-12-08 20:37:45,2025-12-08 21:21:34,43.8,,공통,raw,
b170_heavy_work_r1,MSF,Large (141-200),170,heavy_work,274.35,38,20251208,144,BLK_144S,8,TurnOver,3,2025-12-08 21:21:34,2025-12-08 21:35:58,14.4,,공통,raw,
b170_heavy_work_r1,MSF,Large (141-200),170,heavy_work,274.35,38,20251208,144,BLK_144S,8,후면SAW,4,2025-12-08 22:10:24,2025-12-08 22:42:43,32.3,,공통,raw,
b170_heavy_work_r1,MSF,Large (141-200),170,heavy_work,274.35,38,20251208,144,BLK_144S,8,NC,5,2025-12-08 22:43:38,2025-12-08 23:20:16,36.6,,공통,raw,
b170_heavy_work_r1,MSF,Large (141-200),170,heavy_work,274.35,38,20251208,144,BLK_144S,8,베이35A 론지취부,6,2025-12-08 23:20:16,2025-12-09 00:26:52,66.6,35A,베이35A,raw,
b170_heavy_work_r1,MSF,Large (141-200),170,heavy_work,274.35,38,20251208,144,BLK_144S,8,베이35A 론지용접,7,2025-12-09 00:26:52,2025-12-09 00:51:49,25.0,35A,베이35A,raw,
b170_heavy_work_r1,MSF,Large (141-200),170,heavy_work,274.35,38,20251208,144,BLK_144S,8,베이35A 수정,8,2025-12-09 00:51:49,2025-12-09 01:32:08,40.3,35A,베이35A,raw,
b170_heavy_work_r1,MSF,Large (141-200),170,heavy_work,274.35,38,20251208,63,BLK_63P,9,판계,1,2025-12-08 12:26:24,2025-12-08 12:56:24,30.0,,공통,raw,
b170_heavy_work_r1,MSF,Large (141-200),170,heavy_work,274.35,38,20251208,63,BLK_63P,9,전면SAW,2,2025-12-08 21:21:34,2025-12-08 22:01:33,40.0,,공통,raw,
b170_heavy_work_r1,MSF,Large (141-200),170,heavy_work,274.35,38,20251208,63,BLK_63P,9,TurnOver,3,2025-12-08 22:01:33,2025-12-08 22:15:57,14.4,,공통,raw,
b170_heavy_work_r1,MSF,Large (141-200),170,heavy_work,274.35,38,20251208,63,BLK_63P,9,후면SAW,4,2025-12-08 22:42:43,2025-12-08 23:09:58,27.3,,공통,raw,
b170_heavy_work_r1,MSF,Large (141-200),170,heavy_work,274.35,38,20251208,63,BLK_63P,9,NC,5,2025-12-08 23:20:16,2025-12-09 00:00:22,40.1,,공통,raw,
b170_heavy_work_r1,MSF,Large (141-200),170,heavy_work,274.35,38,20251208,63,BLK_63P,9,베이36B 론지취부,6,2025-12-09 00:00:22,2025-12-09 00:54:22,54.0,36B,베이36B,raw,
b170_heavy_work_r1,MSF,Large (141-200),170,heavy_work,274.35,38,20251208,63,BLK_63P,9,베이36B 론지용접,7,2025-12-09 00:54:22,2025-12-09 01:17:10,22.8,36B,베이36B,raw,
b170_heavy_work_r1,MSF,Large (141-200),170,heavy_work,274.35,38,20251208,63,BLK_63P,9,베이36B 수정,8,2025-12-09 01:17:10,2025-12-09 01:49:34,32.4,36B,베이36B,raw,
b170_heavy_work_r1,MSF,Large (141-200),170,heavy_work,274.35,38,20251208,92,BLK_92P,10,판계,1,2025-12-08 12:56:24,2025-12-08 13:26:24,30.0,,공통,raw,
b170_heavy_work_r1,MSF,Large (141-200),170,heavy_work,274.35,38,20251208,92,BLK_92P,10,전면SAW,2,2025-12-08 22:01:33,2025-12-08 22:37:51,36.3,,공통,raw,
b170_heavy_work_r1,MSF,Large (141-200),170,heavy_work,274.35,38,20251208,92,BLK_92P,10,TurnOver,3,2025-12-08 22:37:51,2025-12-08 22:52:15,14.4,,공통,raw,
b170_heavy_work_r1,MSF,Large (141-200),170,heavy_work,274.35,38,20251208,92,BLK_92P,10,후면SAW,4,2025-12-08 23:09:58,2025-12-08 23:32:22,22.4,,공통,raw,
b170_heavy_work_r1,MSF,Large (141-200),170,heavy_work,274.35,38,20251208,92,BLK_92P,10,NC,5,2025-12-09 00:00:22,2025-12-09 00:44:33,44.2,,공통,raw,
b170_heavy_work_r1,MSF,Large (141-200),170,heavy_work,274.35,38,20251208,92,BLK_92P,10,베이35A 론지취부,6,2025-12-09 00:44:33,2025-12-09 01:59:33,75.0,35A,베이35A,raw,
b170_heavy_work_r1,MSF,Large (141-200),170,heavy_work,274.35,38,20251208,92,BLK_92P,10,베이35A 론지용접,7,2025-12-09 01:59:33,2025-12-09 02:25:57,26.4,35A,베이35A,raw,
b170_heavy_work_r1,MSF,Large (141-200),170,heavy_work,274.35,38,20251208,92,BLK_92P,10,베이35A 수정,8,2025-12-09 02:25:57,2025-12-09 03:11:33,45.6,35A,베이35A,raw,
b170_heavy_work_r1,MSF,Large (141-200),170,heavy_work,274.35,38,20251208,132,BLK_132S,11,판계,1,2025-12-08 13:26:24,2025-12-08 14:06:00,39.6,,공통,raw,
b170_heavy_work_r1,MSF,Large (141-200),170,heavy_work,274.35,38,20251208,132,BLK_132S,11,전면SAW,2,2025-12-08 22:37:51,2025-12-09 00:58:31,140.7,,공통,raw,
b170_heavy_work_r1,MSF,Large (141-200),170,heavy_work,274.35,38,20251208,132,BLK_132S,11,TurnOver,3,2025-12-09 00:58:31,2025-12-09 01:12:55,14.4,,공통,raw,
b170_heavy_work_r1,MSF,Large (141-200),170,heavy_work,274.35,38,20251208,132,BLK_132S,11,후면SAW,4,2025-12-09 01:12:55,2025-12-09 03:06:29,113.6,,공통,raw,
b170_heavy_work_r1,MSF,Large (141-200),170,heavy_work,274.35,38,20251208,132,BLK_132S,11,NC,5,2025-12-09 03:06:29,2025-12-09 03:56:57,50.5,,공통,raw,
b170_heavy_work_r1,MSF,Large (141-200),170,heavy_work,274.35,38,20251208,132,BLK_132S,11,베이36B 론지취부,6,2025-12-09 03:56:57,2025-12-09 05:20:21,83.4,36B,베이36B,raw,
b170_heavy_work_r1,MSF,Large (141-200),170,heavy_work,274.35,38,20251208,132,BLK_132S,11,베이36B 론지용접,7,2025-12-09 05:20:21,2025-12-09 05:48:11,27.8,36B,베이36B,raw,
b170_heavy_work_r1,MSF,Large (141-200),170,heavy_work,274.35,38,20251208,132,BLK_132S,11,베이36B 수정,8,2025-12-09 05:48:11,2025-12-09 06:39:04,50.9,36B,베이36B,raw,
b170_heavy_work_r1,MSF,Large (141-200),170,heavy_work,274.35,38,20251208,85,BLK_85S,12,판계,1,2025-12-08 14:06:00,2025-12-08 14:36:00,30.0,,공통,raw,
b170_heavy_work_r1,MSF,Large (141-200),170,heavy_work,274.35,38,20251208,85,BLK_85S,12,전면SAW,2,2025-12-09 00:58:31,2025-12-09 01:41:44,43.2,,공통,raw,
b170_heavy_work_r1,MSF,Large (141-200),170,heavy_work,274.35,38,20251208,85,BLK_85S,12,TurnOver,3,2025-12-09 01:41:44,2025-12-09 01:56:08,14.4,,공통,raw,
b170_heavy_work_r1,MSF,Large (141-200),170,heavy_work,274.35,38,20251208,85,BLK_85S,12,후면SAW,4,2025-12-09 03:06:29,2025-12-09 03:38:00,31.5,,공통,raw,
b170_heavy_work_r1,MSF,Large (141-200),170,heavy_work,274.35,38,20251208,85,BLK_85S,12,NC,5,2025-12-09 03:56:57,2025-12-09 04:42:03,45.1,,공통,raw,
b170_heavy_work_r1,MSF,Large (141-200),170,heavy_work,274.35,38,20251208,85,BLK_85S,12,베이35A 론지취부,6,2025-12-09 04:42:03,2025-12-09 06:13:51,91.8,35A,베이35A,raw,
b170_heavy_work_r1,MSF,Large (141-200),170,heavy_work,274.35,38,20251208,85,BLK_85S,12,베이35A 론지용접,7,2025-12-09 06:13:51,2025-12-09 06:43:08,29.3,35A,베이35A,raw,
b170_heavy_work_r1,MSF,Large (141-200),170,heavy_work,274.35,38,20251208,85,BLK_85S,12,베이35A 수정,8,2025-12-09 06:43:08,2025-12-09 07:39:18,56.2,35A,베이35A,raw,
b170_heavy_work_r1,MSF,Large (141-200),170,heavy_work,274.35,38,20251208,72,BLK_72C,13,판계,1,2025-12-08 14:36:00,2025-12-08 15:30:00,54.0,,공통,raw,
b170_heavy_work_r1,MSF,Large (141-200),170,heavy_work,274.35,38,20251208,72,BLK_72C,13,전면SAW,2,2025-12-09 01:41:44,2025-12-09 05:21:20,219.6,,공통,raw,
b170_heavy_work_r1,MSF,Large (141-200),170,heavy_work,274.35,38,20251208,72,BLK_72C,13,TurnOver,3,2025-12-09 05:21:20,2025-12-09 05:35:44,14.4,,공통,raw,
b170_heavy_work_r1,MSF,Large (141-200),170,heavy_work,274.35,38,20251208,72,BLK_72C,13,후면SAW,4,2025-12-09 05:35:44,2025-12-09 08:49:23,193.7,,공통,raw,
b170_heavy_work_r1,MSF,Large (141-200),170,heavy_work,274.35,38,20251208,72,BLK_72C,13,NC,5,2025-12-09 08:49:23,2025-12-09 09:49:55,60.5,,공통,raw,
b170_heavy_work_r1,MSF,Large (141-200),170,heavy_work,274.35,38,20251208,72,BLK_72C,13,베이36B 론지취부,6,2025-12-09 09:49:55,2025-12-09 11:04:55,75.0,36B,베이36B,raw,
b170_heavy_work_r1,MSF,Large (141-200),170,heavy_work,274.35,38,20251208,72,BLK_72C,13,베이36B 론지용접,7,2025-12-09 11:04:55,2025-12-09 11:31:19,26.4,36B,베이36B,raw,
b170_heavy_work_r1,MSF,Large (141-200),170,heavy_work,274.35,38,20251208,72,BLK_72C,13,베이36B 수정,8,2025-12-09 11:31:19,2025-12-09 12:16:55,45.6,36B,베이36B,raw,
b170_heavy_work_r1,MSF,Large (141-200),170,heavy_work,274.35,38,20251208,75,BLK_75C,14,판계,1,2025-12-08 15:30:00,2025-12-08 16:24:00,54.0,,공통,raw,
b170_heavy_work_r1,MSF,Large (141-200),170,heavy_work,274.35,38,20251208,75,BLK_75C,14,전면SAW,2,2025-12-09 05:21:20,2025-12-09 06:10:55,49.6,,공통,raw,
b170_heavy_work_r1,MSF,Large (141-200),170,heavy_work,274.35,38,20251208,75,BLK_75C,14,TurnOver,3,2025-12-09 06:10:55,2025-12-09 06:25:19,14.4,,공통,raw,
b170_heavy_work_r1,MSF,Large (141-200),170,heavy_work,274.35,38,20251208,75,BLK_75C,14,후면SAW,4,2025-12-09 08:49:23,2025-12-09 09:29:17,39.9,,공통,raw,
b170_heavy_work_r1,MSF,Large (141-200),170,heavy_work,274.35,38,20251208,75,BLK_75C,14,NC,5,2025-12-09 09:49:55,2025-12-09 10:56:49,66.9,,공통,raw,
b170_heavy_work_r1,MSF,Large (141-200),170,heavy_work,274.35,38,20251208,75,BLK_75C,14,베이36B 론지취부,6,2025-12-09 11:04:55,2025-12-09 13:01:55,117.0,36B,베이36B,raw,
b170_heavy_work_r1,MSF,Large (141-200),170,heavy_work,274.35,38,20251208,75,BLK_75C,14,베이36B 론지용접,7,2025-12-09 13:01:55,2025-12-09 13:35:31,33.6,36B,베이36B,raw,
b170_heavy_work_r1,MSF,Large (141-200),170,heavy_work,274.35,38,20251208,75,BLK_75C,14,베이36B 수정,8,2025-12-09 13:35:31,2025-12-09 14:47:31,72.0,36B,베이36B,raw,
b170_heavy_work_r1,MSF,Large (141-200),170,heavy_work,274.35,38,20251208,110,BLK_110S,15,판계,1,2025-12-08 16:24:00,2025-12-08 17:25:12,61.2,,공통,raw,
b170_heavy_work_r1,MSF,Large (141-200),170,heavy_work,274.35,38,20251208,110,BLK_110S,15,전면SAW,2,2025-12-09 06:10:55,2025-12-09 09:19:40,188.8,,공통,raw,
b170_heavy_work_r1,MSF,Large (141-200),170,heavy_work,274.35,38,20251208,110,BLK_110S,15,TurnOver,3,2025-12-09 09:19:40,2025-12-09 09:34:04,14.4,,공통,raw,
b170_heavy_work_r1,MSF,Large (141-200),170,heavy_work,274.35,38,20251208,110,BLK_110S,15,후면SAW,4,2025-12-09 09:34:04,2025-12-09 11:51:19,137.2,,공통,raw,
b170_heavy_work_r1,MSF,Large (141-200),170,heavy_work,274.35,38,20251208,110,BLK_110S,15,NC,5,2025-12-09 11:51:19,2025-12-09 13:02:21,71.0,,공통,raw,
b170_heavy_work_r1,MSF,Large (141-200),170,heavy_work,274.35,38,20251208,110,BLK_110S,15,베이35A 론지취부,6,2025-12-09 13:02:21,2025-12-09 14:13:09,70.8,35A,베이35A,raw,
b170_heavy_work_r1,MSF,Large (141-200),170,heavy_work,274.35,38,20251208,110,BLK_110S,15,베이35A 론지용접,7,2025-12-09 14:13:09,2025-12-09 14:38:50,25.7,35A,베이35A,raw,
b170_heavy_work_r1,MSF,Large (141-200),170,heavy_work,274.35,38,20251208,110,BLK_110S,15,베이35A 수정,8,2025-12-09 14:38:50,2025-12-09 15:21:48,43.0,35A,베이35A,raw,
b170_heavy_work_r1,MSF,Large (141-200),170,heavy_work,274.35,38,20251208,104,BLK_104S,16,판계,1,2025-12-08 17:25:12,2025-12-08 18:01:12,36.0,,공통,raw,
b170_heavy_work_r1,MSF,Large (141-200),170,heavy_work,274.35,38,20251208,104,BLK_104S,16,전면SAW,2,2025-12-09 09:19:40,2025-12-09 09:57:10,37.5,,공통,raw,
b170_heavy_work_r1,MSF,Large (141-200),170,heavy_work,274.35,38,20251208,104,BLK_104S,16,TurnOver,3,2025-12-09 09:57:10,2025-12-09 10:11:34,14.4,,공통,raw,
b170_heavy_work_r1,MSF,Large (141-200),170,heavy_work,274.35,38,20251208,104,BLK_104S,16,후면SAW,4,2025-12-09 11:51:19,2025-12-09 12:15:18,24.0,,공통,raw,
b170_heavy_work_r1,MSF,Large (141-200),170,heavy_work,274.35,38,20251208,104,BLK_104S,16,NC,5,2025-12-09 13:02:21,2025-12-09 13:54:54,52.5,,공통,raw,
b170_heavy_work_r1,MSF,Large (141-200),170,heavy_work,274.35,38,20251208,104,BLK_104S,16,베이36B 론지취부,6,2025-12-09 13:54:54,2025-12-09 15:35:06,100.2,36B,베이36B,raw,
b170_heavy_work_r1,MSF,Large (141-200),170,heavy_work,274.35,38,20251208,104,BLK_104S,16,베이36B 론지용접,7,2025-12-09 15:35:06,2025-12-09 16:05:49,30.7,36B,베이36B,raw,
b170_heavy_work_r1,MSF,Large (141-200),170,heavy_work,274.35,38,20251208,104,BLK_104S,16,베이36B 수정,8,2025-12-09 16:05:49,2025-12-09 17:07:15,61.4,36B,베이36B,raw,
b170_heavy_work_r1,MSF,Large (141-200),170,heavy_work,274.35,38,20251208,12,BLK_12S,17,판계,1,2025-12-08 18:01:12,2025-12-08 18:25:12,24.0,,공통,raw,
b170_heavy_work_r1,MSF,Large (141-200),170,heavy_work,274.35,38,20251208,12,BLK_12S,17,전면SAW,2,2025-12-09 09:57:10,2025-12-09 12:38:03,160.9,,공통,raw,
b170_heavy_work_r1,MSF,Large (141-200),170,heavy_work,274.35,38,20251208,12,BLK_12S,17,TurnOver,3,2025-12-09 12:38:03,2025-12-09 12:52:27,14.4,,공통,raw,
b170_heavy_work_r1,MSF,Large (141-200),170,heavy_work,274.35,38,20251208,12,BLK_12S,17,후면SAW,4,2025-12-09 12:52:27,2025-12-09 15:04:27,132.0,,공통,raw,
b170_heavy_work_r1,MSF,Large (141-200),170,heavy_work,274.35,38,20251208,12,BLK_12S,17,NC,5,2025-12-09 15:04:27,2025-12-09 15:35:43,31.3,,공통,raw,
b170_heavy_work_r1,MSF,Large (141-200),170,heavy_work,274.35,38,20251208,12,BLK_12S,17,베이35A 론지취부,6,2025-12-09 15:35:43,2025-12-09 16:25:31,49.8,35A,베이35A,raw,
b170_heavy_work_r1,MSF,Large (141-200),170,heavy_work,274.35,38,20251208,12,BLK_12S,17,베이35A 론지용접,7,2025-12-09 16:25:31,2025-12-09 16:42:48,17.3,35A,베이35A,raw,
b170_heavy_work_r1,MSF,Large (141-200),170,heavy_work,274.35,38,20251208,12,BLK_12S,17,베이35A 수정,8,2025-12-09 16:42:48,2025-12-09 17:12:33,29.8,35A,베이35A,raw,
b170_heavy_work_r1,MSF,Large (141-200),170,heavy_work,274.35,38,20251208,65,BLK_65S,18,판계,1,2025-12-08 18:25:12,2025-12-08 18:39:36,14.4,,공통,raw,
b170_heavy_work_r1,MSF,Large (141-200),170,heavy_work,274.35,38,20251208,65,BLK_65S,18,전면SAW,2,2025-12-09 12:38:03,2025-12-09 13:23:04,45.0,,공통,raw,
b170_heavy_work_r1,MSF,Large (141-200),170,heavy_work,274.35,38,20251208,65,BLK_65S,18,TurnOver,3,2025-12-09 13:23:04,2025-12-09 13:37:28,14.4,,공통,raw,
b170_heavy_work_r1,MSF,Large (141-200),170,heavy_work,274.35,38,20251208,65,BLK_65S,18,후면SAW,4,2025-12-09 15:04:27,2025-12-09 15:38:20,33.9,,공통,raw,
b170_heavy_work_r1,MSF,Large (141-200),170,heavy_work,274.35,38,20251208,65,BLK_65S,18,NC,5,2025-12-09 15:38:20,2025-12-09 16:02:43,24.4,,공통,raw,
b170_heavy_work_r1,MSF,Large (141-200),170,heavy_work,274.35,38,20251208,65,BLK_65S,18,베이36B 론지취부,6,2025-12-09 16:02:43,2025-12-09 16:35:43,33.0,36B,베이36B,raw,
b170_heavy_work_r1,MSF,Large (141-200),170,heavy_work,274.35,38,20251208,65,BLK_65S,18,베이36B 론지용접,7,2025-12-09 16:35:43,2025-12-09 16:50:07,14.4,36B,베이36B,raw,
b170_heavy_work_r1,MSF,Large (141-200),170,heavy_work,274.35,38,20251208,65,BLK_65S,18,베이36B 수정,8,2025-12-09 17:07:15,2025-12-09 17:26:27,19.2,36B,베이36B,raw,
b170_heavy_work_r1,MSF,Large (141-200),170,heavy_work,274.35,38,20251209,80,BLK_80C,1,판계,1,2025-12-09 08:00:00,2025-12-09 08:36:00,36.0,,공통,raw,
b170_heavy_work_r1,MSF,Large (141-200),170,heavy_work,274.35,38,20251209,80,BLK_80C,1,전면SAW,2,2025-12-09 13:23:04,2025-12-09 13:57:26,34.4,,공통,raw,
b170_heavy_work_r1,MSF,Large (141-200),170,heavy_work,274.35,38,20251209,80,BLK_80C,1,TurnOver,3,2025-12-09 13:57:26,2025-12-09 14:11:50,14.4,,공통,raw,
b170_heavy_work_r1,MSF,Large (141-200),170,heavy_work,274.35,38,20251209,80,BLK_80C,1,후면SAW,4,2025-12-09 15:38:20,2025-12-09 15:58:12,19.9,,공통,raw,
b170_heavy_work_r1,MSF,Large (141-200),170,heavy_work,274.35,38,20251209,80,BLK_80C,1,NC,5,2025-12-09 16:02:43,2025-12-09 16:56:47,54.1,,공통,raw,
b170_heavy_work_r1,MSF,Large (141-200),170,heavy_work,274.35,38,20251209,80,BLK_80C,1,베이35A 론지취부,6,2025-12-09 16:56:47,2025-12-09 18:20:11,83.4,35A,베이35A,raw,
b170_heavy_work_r1,MSF,Large (141-200),170,heavy_work,274.35,38,20251209,80,BLK_80C,1,베이35A 론지용접,7,2025-12-09 18:20:11,2025-12-09 18:48:01,27.8,35A,베이35A,raw,
b170_heavy_work_r1,MSF,Large (141-200),170,heavy_work,274.35,38,20251209,80,BLK_80C,1,베이35A 수정,8,2025-12-09 18:48:01,2025-12-09 19:38:54,50.9,35A,베이35A,raw,
b170_heavy_work_r1,MSF,Large (141-200),170,heavy_work,274.35,38,20251209,100,BLK_100C,2,판계,1,2025-12-09 08:36:00,2025-12-09 09:12:00,36.0,,공통,raw,
b170_heavy_work_r1,MSF,Large (141-200),170,heavy_work,274.35,38,20251209,100,BLK_100C,2,전면SAW,2,2025-12-09 13:57:26,2025-12-09 14:35:03,37.6,,공통,raw,
b170_heavy_work_r1,MSF,Large (141-200),170,heavy_work,274.35,38,20251209,100,BLK_100C,2,TurnOver,3,2025-12-09 14:35:03,2025-12-09 14:49:27,14.4,,공통,raw,
b170_heavy_work_r1,MSF,Large (141-200),170,heavy_work,274.35,38,20251209,100,BLK_100C,2,후면SAW,4,2025-12-09 15:58:12,2025-12-09 16:22:20,24.1,,공통,raw,
b170_heavy_work_r1,MSF,Large (141-200),170,heavy_work,274.35,38,20251209,100,BLK_100C,2,NC,5,2025-12-09 16:56:47,2025-12-09 17:54:02,57.3,,공통,raw,
b170_heavy_work_r1,MSF,Large (141-200),170,heavy_work,274.35,38,20251209,100,BLK_100C,2,베이36B 론지취부,6,2025-12-09 17:54:02,2025-12-09 18:52:14,58.2,36B,베이36B,raw,
b170_heavy_work_r1,MSF,Large (141-200),170,heavy_work,274.35,38,20251209,100,BLK_100C,2,베이36B 론지용접,7,2025-12-09 18:52:14,2025-12-09 19:15:46,23.5,36B,베이36B,raw,
b170_heavy_work_r1,MSF,Large (141-200),170,heavy_work,274.35,38,20251209,100,BLK_100C,2,베이36B 수정,8,2025-12-09 19:15:46,2025-12-09 19:50:48,35.0,36B,베이36B,raw,
b170_heavy_work_r1,MSF,Large (141-200),170,heavy_work,274.35,38,20251209,154,BLK_154S,3,판계,1,2025-12-09 09:12:00,2025-12-09 09:48:00,36.0,,공통,raw,
b170_heavy_work_r1,MSF,Large (141-200),170,heavy_work,274.35,38,20251209,154,BLK_154S,3,전면SAW,2,2025-12-09 14:35:03,2025-12-09 15:11:25,36.4,,공통,raw,
b170_heavy_work_r1,MSF,Large (141-200),170,heavy_work,274.35,38,20251209,154,BLK_154S,3,TurnOver,3,2025-12-09 15:11:25,2025-12-09 15:25:49,14.4,,공통,raw,
b170_heavy_work_r1,MSF,Large (141-200),170,heavy_work,274.35,38,20251209,154,BLK_154S,3,후면SAW,4,2025-12-09 16:22:20,2025-12-09 16:44:51,22.5,,공통,raw,
b170_heavy_work_r1,MSF,Large (141-200),170,heavy_work,274.35,38,20251209,154,BLK_154S,3,NC,5,2025-12-09 17:54:02,2025-12-09 18:50:10,56.1,,공통,raw,
b170_heavy_work_r1,MSF,Large (141-200),170,heavy_work,274.35,38,20251209,154,BLK_154S,3,베이35A 론지취부,6,2025-12-09 18:50:10,2025-12-09 20:26:10,96.0,35A,베이35A,raw,
b170_heavy_work_r1,MSF,Large (141-200),170,heavy_work,274.35,38,20251209,154,BLK_154S,3,베이35A 론지용접,7,2025-12-09 20:26:10,2025-12-09 20:56:10,30.0,35A,베이35A,raw,
b170_heavy_work_r1,MSF,Large (141-200),170,heavy_work,274.35,38,20251209,154,BLK_154S,3,베이35A 수정,8,2025-12-09 20:56:10,2025-12-09 21:54:58,58.8,35A,베이35A,raw,
b170_heavy_work_r1,MSF,Large (141-200),170,heavy_work,274.35,38,20251209,102,BLK_102P,4,판계,1,2025-12-09 09:48:00,2025-12-09 10:42:00,54.0,,공통,raw,
b170_heavy_work_r1,MSF,Large (141-200),170,heavy_work,274.35,38,20251209,102,BLK_102P,4,전면SAW,2,2025-12-09 15:11:25,2025-12-09 15:58:09,46.7,,공통,raw,
b170_heavy_work_r1,MSF,Large (141-200),170,heavy_work,274.35,38,20251209,102,BLK_102P,4,TurnOver,3,2025-12-09 15:58:09,2025-12-09 16:12:33,14.4,,공통,raw,
b170_heavy_work_r1,MSF,Large (141-200),170,heavy_work,274.35,38,20251209,102,BLK_102P,4,후면SAW,4,2025-12-09 16:44:51,2025-12-09 17:21:00,36.2,,공통,raw,
b170_heavy_work_r1,MSF,Large (141-200),170,heavy_work,274.35,38,20251209,102,BLK_102P,4,NC,5,2025-12-09 18:50:10,2025-12-09 19:57:50,67.7,,공통,raw,
b170_heavy_work_r1,MSF,Large (141-200),170,heavy_work,274.35,38,20251209,102,BLK_102P,4,베이36B 론지취부,6,2025-12-09 19:57:50,2025-12-09 22:03:14,125.4,36B,베이36B,raw,
b170_heavy_work_r1,MSF,Large (141-200),170,heavy_work,274.35,38,20251209,102,BLK_102P,4,베이36B 론지용접,7,2025-12-09 22:03:14,2025-12-09 22:38:16,35.0,36B,베이36B,raw,
b170_heavy_work_r1,MSF,Large (141-200),170,heavy_work,274.35,38,20251209,102,BLK_102P,4,베이36B 수정,8,2025-12-09 22:38:16,2025-12-09 23:55:33,77.3,36B,베이36B,raw,
b170_heavy_work_r1,MSF,Large (141-200),170,heavy_work,274.35,38,20251209,131,BLK_131S,5,판계,1,2025-12-09 10:42:00,2025-12-09 11:06:00,24.0,,공통,raw,
b170_heavy_work_r1,MSF,Large (141-200),170,heavy_work,274.35,38,20251209,131,BLK_131S,5,전면SAW,2,2025-12-09 15:58:09,2025-12-09 17:47:47,109.6,,공통,raw,
b170_heavy_work_r1,MSF,Large (141-200),170,heavy_work,274.35,38,20251209,131,BLK_131S,5,TurnOver,3,2025-12-09 17:47:47,2025-12-09 18:02:11,14.4,,공통,raw,
b170_heavy_work_r1,MSF,Large (141-200),170,heavy_work,274.35,38,20251209,131,BLK_131S,5,후면SAW,4,2025-12-09 18:02:11,2025-12-09 19:27:28,85.3,,공통,raw,
b170_heavy_work_r1,MSF,Large (141-200),170,heavy_work,274.35,38,20251209,131,BLK_131S,5,NC,5,2025-12-09 19:57:50,2025-12-09 20:28:48,31.0,,공통,raw,
b170_heavy_work_r1,MSF,Large (141-200),170,heavy_work,274.35,38,20251209,131,BLK_131S,5,베이35A 론지취부,6,2025-12-09 20:28:48,2025-12-09 21:06:00,37.2,35A,베이35A,raw,
b170_heavy_work_r1,MSF,Large (141-200),170,heavy_work,274.35,38,20251209,131,BLK_131S,5,베이35A 론지용접,7,2025-12-09 21:06:00,2025-12-09 21:21:07,15.1,35A,베이35A,raw,
b170_heavy_work_r1,MSF,Large (141-200),170,heavy_work,274.35,38,20251209,131,BLK_131S,5,베이35A 수정,8,2025-12-09 21:54:58,2025-12-09 22:16:48,21.8,35A,베이35A,raw,
b170_heavy_work_r1,MSF,Large (141-200),170,heavy_work,274.35,38,20251209,69,BLK_69C,6,판계,1,2025-12-09 11:06:00,2025-12-09 11:30:00,24.0,,공통,raw,
b170_heavy_work_r1,MSF,Large (141-200),170,heavy_work,274.35,38,20251209,69,BLK_69C,6,전면SAW,2,2025-12-09 17:47:47,2025-12-09 18:48:42,60.9,,공통,raw,
b170_heavy_work_r1,MSF,Large (141-200),170,heavy_work,274.35,38,20251209,69,BLK_69C,6,TurnOver,3,2025-12-09 18:48:42,2025-12-09 19:03:06,14.4,,공통,raw,
b170_heavy_work_r1,MSF,Large (141-200),170,heavy_work,274.35,38,20251209,69,BLK_69C,6,후면SAW,4,2025-12-09 19:27:28,2025-12-09 20:22:17,54.8,,공통,raw,
b170_heavy_work_r1,MSF,Large (141-200),170,heavy_work,274.35,38,20251209,69,BLK_69C,6,NC,5,2025-12-09 20:28:48,2025-12-09 21:04:10,35.4,,공통,raw,
b170_heavy_work_r1,MSF,Large (141-200),170,heavy_work,274.35,38,20251209,69,BLK_69C,6,베이36B 론지취부,6,2025-12-09 22:03:14,2025-12-09 22:52:50,49.6,36B,베이36B,raw,
b170_heavy_work_r1,MSF,Large (141-200),170,heavy_work,274.35,38,20251209,69,BLK_69C,6,베이36B 론지용접,7,2025-12-09 22:52:50,2025-12-09 23:19:23,26.6,36B,베이36B,raw,
b170_heavy_work_r1,MSF,Large (141-200),170,heavy_work,274.35,38,20251209,69,BLK_69C,6,베이36B 수정,8,2025-12-09 23:55:33,2025-12-10 00:17:24,21.8,36B,베이36B,raw,
b170_heavy_work_r1,MSF,Large (141-200),170,heavy_work,274.35,38,20251209,120,BLK_120P,7,판계,1,2025-12-09 11:30:00,2025-12-09 11:54:00,24.0,,공통,raw,
b170_heavy_work_r1,MSF,Large (141-200),170,heavy_work,274.35,38,20251209,120,BLK_120P,7,전면SAW,2,2025-12-09 18:48:42,2025-12-09 21:02:47,134.1,,공통,raw,
b170_heavy_work_r1,MSF,Large (141-200),170,heavy_work,274.35,38,20251209,120,BLK_120P,7,TurnOver,3,2025-12-09 21:02:47,2025-12-09 21:17:11,14.4,,공통,raw,
b170_heavy_work_r1,MSF,Large (141-200),170,heavy_work,274.35,38,20251209,120,BLK_120P,7,후면SAW,4,2025-12-09 21:17:11,2025-12-09 23:04:45,107.6,,공통,raw,
b170_heavy_work_r1,MSF,Large (141-200),170,heavy_work,274.35,38,20251209,120,BLK_120P,7,NC,5,2025-12-09 23:04:45,2025-12-09 23:35:53,31.1,,공통,raw,
b170_heavy_work_r1,MSF,Large (141-200),170,heavy_work,274.35,38,20251209,120,BLK_120P,7,베이35A 론지취부,6,2025-12-09 23:35:53,2025-12-10 00:38:17,62.4,35A,베이35A,raw,
b170_heavy_work_r1,MSF,Large (141-200),170,heavy_work,274.35,38,20251209,120,BLK_120P,7,베이35A 론지용접,7,2025-12-10 00:38:17,2025-12-10 01:02:31,24.2,35A,베이35A,raw,
b170_heavy_work_r1,MSF,Large (141-200),170,heavy_work,274.35,38,20251209,120,BLK_120P,7,베이35A 수정,8,2025-12-10 01:02:31,2025-12-10 01:40:12,37.7,35A,베이35A,raw,
b170_heavy_work_r1,MSF,Large (141-200),170,heavy_work,274.35,38,20251209,139,BLK_139S,8,판계,1,2025-12-09 11:54:00,2025-12-09 12:18:00,24.0,,공통,raw,
b170_heavy_work_r1,MSF,Large (141-200),170,heavy_work,274.35,38,20251209,139,BLK_139S,8,전면SAW,2,2025-12-09 21:02:47,2025-12-09 21:49:24,46.6,,공통,raw,
b170_heavy_work_r1,MSF,Large (141-200),170,heavy_work,274.35,38,20251209,139,BLK_139S,8,TurnOver,3,2025-12-09 21:49:24,2025-12-09 22:03:48,14.4,,공통,raw,
b170_heavy_work_r1,MSF,Large (141-200),170,heavy_work,274.35,38,20251209,139,BLK_139S,8,후면SAW,4,2025-12-09 23:04:45,2025-12-09 23:40:45,36.0,,공통,raw,
b170_heavy_work_r1,MSF,Large (141-200),170,heavy_work,274.35,38,20251209,139,BLK_139S,8,NC,5,2025-12-09 23:40:45,2025-12-10 00:17:54,37.2,,공통,raw,
b170_heavy_work_r1,MSF,Large (141-200),170,heavy_work,274.35,38,20251209,139,BLK_139S,8,베이36B 론지취부,6,2025-12-10 00:17:54,2025-12-10 01:41:18,83.4,36B,베이36B,raw,
b170_heavy_work_r1,MSF,Large (141-200),170,heavy_work,274.35,38,20251209,139,BLK_139S,8,베이36B 론지용접,7,2025-12-10 01:41:18,2025-12-10 02:09:09,27.8,36B,베이36B,raw,
b170_heavy_work_r1,MSF,Large (141-200),170,heavy_work,274.35,38,20251209,139,BLK_139S,8,베이36B 수정,8,2025-12-10 02:09:09,2025-12-10 03:00:02,50.9,36B,베이36B,raw,
b170_heavy_work_r1,MSF,Large (141-200),170,heavy_work,274.35,38,20251209,135,BLK_135C,9,판계,1,2025-12-09 12:18:00,2025-12-09 12:50:24,32.4,,공통,raw,
b170_heavy_work_r1,MSF,Large (141-200),170,heavy_work,274.35,38,20251209,135,BLK_135C,9,전면SAW,2,2025-12-09 21:49:24,2025-12-10 00:46:45,177.3,,공통,raw,
b170_heavy_work_r1,MSF,Large (141-200),170,heavy_work,274.35,38,20251209,135,BLK_135C,9,TurnOver,3,2025-12-10 00:46:45,2025-12-10 01:01:09,14.4,,공통,raw,
b170_heavy_work_r1,MSF,Large (141-200),170,heavy_work,274.35,38,20251209,135,BLK_135C,9,후면SAW,4,2025-12-10 01:01:09,2025-12-10 03:11:11,130.0,,공통,raw,
b170_heavy_work_r1,MSF,Large (141-200),170,heavy_work,274.35,38,20251209,135,BLK_135C,9,NC,5,2025-12-10 03:11:11,2025-12-10 03:48:37,37.4,,공통,raw,
b170_heavy_work_r1,MSF,Large (141-200),170,heavy_work,274.35,38,20251209,135,BLK_135C,9,베이35A 론지취부,6,2025-12-10 03:48:37,2025-12-10 04:34:13,45.6,35A,베이35A,raw,
b170_heavy_work_r1,MSF,Large (141-200),170,heavy_work,274.35,38,20251209,135,BLK_135C,9,베이35A 론지용접,7,2025-12-10 04:34:13,2025-12-10 04:50:47,16.6,35A,베이35A,raw,
b170_heavy_work_r1,MSF,Large (141-200),170,heavy_work,274.35,38,20251209,135,BLK_135C,9,베이35A 수정,8,2025-12-10 04:50:47,2025-12-10 05:17:54,27.1,35A,베이35A,raw,
b170_heavy_work_r1,MSF,Large (141-200),170,heavy_work,274.35,38,20251209,161,BLK_161S,10,판계,1,2025-12-09 12:50:24,2025-12-09 13:14:24,24.0,,공통,raw,
b170_heavy_work_r1,MSF,Large (141-200),170,heavy_work,274.35,38,20251209,161,BLK_161S,10,전면SAW,2,2025-12-10 00:46:45,2025-12-10 01:28:04,41.3,,공통,raw,
b170_heavy_work_r1,MSF,Large (141-200),170,heavy_work,274.35,38,20251209,161,BLK_161S,10,TurnOver,3,2025-12-10 01:28:04,2025-12-10 01:42:28,14.4,,공통,raw,
b170_heavy_work_r1,MSF,Large (141-200),170,heavy_work,274.35,38,20251209,161,BLK_161S,10,후면SAW,4,2025-12-10 03:11:11,2025-12-10 03:40:10,29.0,,공통,raw,
b170_heavy_work_r1,MSF,Large (141-200),170,heavy_work,274.35,38,20251209,161,BLK_161S,10,NC,5,2025-12-10 03:48:37,2025-12-10 04:22:41,34.1,,공통,raw,
b170_heavy_work_r1,MSF,Large (141-200),170,heavy_work,274.35,38,20251209,161,BLK_161S,10,베이36B 론지취부,6,2025-12-10 04:22:41,2025-12-10 05:08:17,45.6,36B,베이36B,raw,
b170_heavy_work_r1,MSF,Large (141-200),170,heavy_work,274.35,38,20251209,161,BLK_161S,10,베이36B 론지용접,7,2025-12-10 05:08:17,2025-12-10 05:29:39,21.4,36B,베이36B,raw,
b170_heavy_work_r1,MSF,Large (141-200),170,heavy_work,274.35,38,20251209,161,BLK_161S,10,베이36B 수정,8,2025-12-10 05:29:39,2025-12-10 05:56:46,27.1,36B,베이36B,raw,
b170_heavy_work_r1,MSF,Large (141-200),170,heavy_work,274.35,38,20251209,148,BLK_148S,11,판계,1,2025-12-09 13:14:24,2025-12-09 13:38:24,24.0,,공통,raw,
b170_heavy_work_r1,MSF,Large (141-200),170,heavy_work,274.35,38,20251209,148,BLK_148S,11,전면SAW,2,2025-12-10 01:28:04,2025-12-10 04:44:16,196.2,,공통,raw,
b170_heavy_work_r1,MSF,Large (141-200),170,heavy_work,274.35,38,20251209,148,BLK_148S,11,TurnOver,3,2025-12-10 04:44:16,2025-12-10 04:58:40,14.4,,공통,raw,
b170_heavy_work_r1,MSF,Large (141-200),170,heavy_work,274.35,38,20251209,148,BLK_148S,11,후면SAW,4,2025-12-10 04:58:40,2025-12-10 08:16:40,198.0,,공통,raw,
b170_heavy_work_r1,MSF,Large (141-200),170,heavy_work,274.35,38,20251209,148,BLK_148S,11,NC,5,2025-12-10 08:16:40,2025-12-10 08:50:15,33.6,,공통,raw,
b170_heavy_work_r1,MSF,Large (141-200),170,heavy_work,274.35,38,20251209,148,BLK_148S,11,베이35A 론지취부,6,2025-12-10 08:50:15,2025-12-10 09:35:51,45.6,35A,베이35A,raw,
b170_heavy_work_r1,MSF,Large (141-200),170,heavy_work,274.35,38,20251209,148,BLK_148S,11,베이35A 론지용접,7,2025-12-10 09:35:51,2025-12-10 09:57:12,21.4,35A,베이35A,raw,
b170_heavy_work_r1,MSF,Large (141-200),170,heavy_work,274.35,38,20251209,148,BLK_148S,11,베이35A 수정,8,2025-12-10 09:57:12,2025-12-10 10:24:20,27.1,35A,베이35A,raw,
b170_heavy_work_r1,MSF,Large (141-200),170,heavy_work,274.35,38,20251209,112,BLK_112P,12,판계,1,2025-12-09 13:38:24,2025-12-09 14:02:24,24.0,,공통,raw,
b170_heavy_work_r1,MSF,Large (141-200),170,heavy_work,274.35,38,20251209,112,BLK_112P,12,전면SAW,2,2025-12-10 04:44:16,2025-12-10 05:35:54,51.6,,공통,raw,
b170_heavy_work_r1,MSF,Large (141-200),170,heavy_work,274.35,38,20251209,112,BLK_112P,12,TurnOver,3,2025-12-10 05:35:54,2025-12-10 05:50:18,14.4,,공통,raw,
b170_heavy_work_r1,MSF,Large (141-200),170,heavy_work,274.35,38,20251209,112,BLK_112P,12,후면SAW,4,2025-12-10 08:16:40,2025-12-10 08:59:15,42.6,,공통,raw,
b170_heavy_work_r1,MSF,Large (141-200),170,heavy_work,274.35,38,20251209,112,BLK_112P,12,NC,5,2025-12-10 08:59:15,2025-12-10 09:31:26,32.2,,공통,raw,
b170_heavy_work_r1,MSF,Large (141-200),170,heavy_work,274.35,38,20251209,112,BLK_112P,12,베이36B 론지취부,6,2025-12-10 09:31:26,2025-12-10 10:33:50,62.4,36B,베이36B,raw,
b170_heavy_work_r1,MSF,Large (141-200),170,heavy_work,274.35,38,20251209,112,BLK_112P,12,베이36B 론지용접,7,2025-12-10 10:33:50,2025-12-10 10:58:04,24.2,36B,베이36B,raw,
b170_heavy_work_r1,MSF,Large (141-200),170,heavy_work,274.35,38,20251209,112,BLK_112P,12,베이36B 수정,8,2025-12-10 10:58:04,2025-12-10 11:35:45,37.7,36B,베이36B,raw,
b170_heavy_work_r1,MSF,Large (141-200),170,heavy_work,274.35,38,20251209,16,BLK_16C,13,판계,1,2025-12-09 14:02:24,2025-12-09 14:36:00,33.6,,공통,raw,
b170_heavy_work_r1,MSF,Large (141-200),170,heavy_work,274.35,38,20251209,16,BLK_16C,13,전면SAW,2,2025-12-10 05:35:54,2025-12-10 07:32:36,116.7,,공통,raw,
b170_heavy_work_r1,MSF,Large (141-200),170,heavy_work,274.35,38,20251209,16,BLK_16C,13,TurnOver,3,2025-12-10 07:32:36,2025-12-10 07:47:00,14.4,,공통,raw,
b170_heavy_work_r1,MSF,Large (141-200),170,heavy_work,274.35,38,20251209,16,BLK_16C,13,후면SAW,4,2025-12-10 08:59:15,2025-12-10 10:30:58,91.7,,공통,raw,
b170_heavy_work_r1,MSF,Large (141-200),170,heavy_work,274.35,38,20251209,16,BLK_16C,13,NC,5,2025-12-10 10:30:58,2025-12-10 11:09:41,38.7,,공통,raw,
b170_heavy_work_r1,MSF,Large (141-200),170,heavy_work,274.35,38,20251209,16,BLK_16C,13,베이35A 론지취부,6,2025-12-10 11:09:41,2025-12-10 12:03:41,54.0,35A,베이35A,raw,
b170_heavy_work_r1,MSF,Large (141-200),170,heavy_work,274.35,38,20251209,16,BLK_16C,13,베이35A 론지용접,7,2025-12-10 12:03:41,2025-12-10 12:26:29,22.8,35A,베이35A,raw,
b170_heavy_work_r1,MSF,Large (141-200),170,heavy_work,274.35,38,20251209,16,BLK_16C,13,베이35A 수정,8,2025-12-10 12:26:29,2025-12-10 12:58:53,32.4,35A,베이35A,raw,
b170_heavy_work_r1,MSF,Large (141-200),170,heavy_work,274.35,38,20251209,152,BLK_152P,14,판계,1,2025-12-09 14:36:00,2025-12-09 15:00:00,24.0,,공통,raw,
b170_heavy_work_r1,MSF,Large (141-200),170,heavy_work,274.35,38,20251209,152,BLK_152P,14,전면SAW,2,2025-12-10 07:32:36,2025-12-10 08:12:39,40.0,,공통,raw,
b170_heavy_work_r1,MSF,Large (141-200),170,heavy_work,274.35,38,20251209,152,BLK_152P,14,TurnOver,3,2025-12-10 08:12:39,2025-12-10 08:27:03,14.4,,공통,raw,
b170_heavy_work_r1,MSF,Large (141-200),170,heavy_work,274.35,38,20251209,152,BLK_152P,14,후면SAW,4,2025-12-10 10:30:58,2025-12-10 10:58:19,27.3,,공통,raw,
b170_heavy_work_r1,MSF,Large (141-200),170,heavy_work,274.35,38,20251209,152,BLK_152P,14,NC,5,2025-12-10 11:09:41,2025-12-10 11:43:26,33.7,,공통,raw,
b170_heavy_work_r1,MSF,Large (141-200),170,heavy_work,274.35,38,20251209,152,BLK_152P,14,베이36B 론지취부,6,2025-12-10 11:43:26,2025-12-10 12:29:02,45.6,36B,베이36B,raw,
b170_heavy_work_r1,MSF,Large (141-200),170,heavy_work,274.35,38,20251209,152,BLK_152P,14,베이36B 론지용접,7,2025-12-10 12:29:02,2025-12-10 12:50:24,21.4,36B,베이36B,raw,
b170_heavy_work_r1,MSF,Large (141-200),170,heavy_work,274.35,38,20251209,152,BLK_152P,14,베이36B 수정,8,2025-12-10 12:50:24,2025-12-10 13:17:31,27.1,36B,베이36B,raw,
b170_heavy_work_r1,MSF,Large (141-200),170,heavy_work,274.35,38,20251209,20,BLK_20S,15,판계,1,2025-12-09 15:00:00,2025-12-09 15:33:36,33.6,,공통,raw,
b170_heavy_work_r1,MSF,Large (141-200),170,heavy_work,274.35,38,20251209,20,BLK_20S,15,전면SAW,2,2025-12-10 08:12:39,2025-12-10 10:11:31,118.9,,공통,raw,
b170_heavy_work_r1,MSF,Large (141-200),170,heavy_work,274.35,38,20251209,20,BLK_20S,15,TurnOver,3,2025-12-10 10:11:31,2025-12-10 10:25:55,14.4,,공통,raw,
b170_heavy_work_r1,MSF,Large (141-200),170,heavy_work,274.35,38,20251209,20,BLK_20S,15,후면SAW,4,2025-12-10 10:58:19,2025-12-10 12:31:59,93.7,,공통,raw,
b170_heavy_work_r1,MSF,Large (141-200),170,heavy_work,274.35,38,20251209,20,BLK_20S,15,NC,5,2025-12-10 12:31:59,2025-12-10 13:10:55,38.9,,공통,raw,
b170_heavy_work_r1,MSF,Large (141-200),170,heavy_work,274.35,38,20251209,20,BLK_20S,15,베이35A 론지취부,6,2025-12-10 13:10:55,2025-12-10 14:09:07,58.2,35A,베이35A,raw,
b170_heavy_work_r1,MSF,Large (141-200),170,heavy_work,274.35,38,20251209,20,BLK_20S,15,베이35A 론지용접,7,2025-12-10 14:09:07,2025-12-10 14:32:38,23.5,35A,베이35A,raw,
b170_heavy_work_r1,MSF,Large (141-200),170,heavy_work,274.35,38,20251209,20,BLK_20S,15,베이35A 수정,8,2025-12-10 14:32:38,2025-12-10 15:07:40,35.0,35A,베이35A,raw,
b170_heavy_work_r1,MSF,Large (141-200),170,heavy_work,274.35,38,20251209,123,BLK_123P,16,판계,1,2025-12-09 15:33:36,2025-12-09 15:57:36,24.0,,공통,raw,
b170_heavy_work_r1,MSF,Large (141-200),170,heavy_work,274.35,38,20251209,123,BLK_123P,16,전면SAW,2,2025-12-10 10:11:31,2025-12-10 10:48:10,36.7,,공통,raw,
b170_heavy_work_r1,MSF,Large (141-200),170,heavy_work,274.35,38,20251209,123,BLK_123P,16,TurnOver,3,2025-12-10 10:48:10,2025-12-10 11:02:34,14.4,,공통,raw,
b170_heavy_work_r1,MSF,Large (141-200),170,heavy_work,274.35,38,20251209,123,BLK_123P,16,후면SAW,4,2025-12-10 12:31:59,2025-12-10 12:54:52,22.9,,공통,raw,
b170_heavy_work_r1,MSF,Large (141-200),170,heavy_work,274.35,38,20251209,123,BLK_123P,16,NC,5,2025-12-10 13:10:55,2025-12-10 13:41:43,30.8,,공통,raw,
b170_heavy_work_r1,MSF,Large (141-200),170,heavy_work,274.35,38,20251209,123,BLK_123P,16,베이36B 론지취부,6,2025-12-10 13:41:43,2025-12-10 14:44:07,62.4,36B,베이36B,raw,
b170_heavy_work_r1,MSF,Large (141-200),170,heavy_work,274.35,38,20251209,123,BLK_123P,16,베이36B 론지용접,7,2025-12-10 14:44:07,2025-12-10 15:08:21,24.2,36B,베이36B,raw,
b170_heavy_work_r1,MSF,Large (141-200),170,heavy_work,274.35,38,20251209,123,BLK_123P,16,베이36B 수정,8,2025-12-10 15:08:21,2025-12-10 15:46:02,37.7,36B,베이36B,raw,
b170_heavy_work_r1,MSF,Large (141-200),170,heavy_work,274.35,38,20251209,37,BLK_37P,17,판계,1,2025-12-09 15:57:36,2025-12-09 16:39:36,42.0,,공통,raw,
b170_heavy_work_r1,MSF,Large (141-200),170,heavy_work,274.35,38,20251209,37,BLK_37P,17,전면SAW,2,2025-12-10 10:48:10,2025-12-10 13:16:00,147.8,,공통,raw,
b170_heavy_work_r1,MSF,Large (141-200),170,heavy_work,274.35,38,20251209,37,BLK_37P,17,TurnOver,3,2025-12-10 13:16:00,2025-12-10 13:30:24,14.4,,공통,raw,
b170_heavy_work_r1,MSF,Large (141-200),170,heavy_work,274.35,38,20251209,37,BLK_37P,17,후면SAW,4,2025-12-10 13:30:24,2025-12-10 15:35:21,125.0,,공통,raw,
b170_heavy_work_r1,MSF,Large (141-200),170,heavy_work,274.35,38,20251209,37,BLK_37P,17,NC,5,2025-12-10 15:35:21,2025-12-10 16:20:30,45.1,,공통,raw,
b170_heavy_work_r1,MSF,Large (141-200),170,heavy_work,274.35,38,20251209,37,BLK_37P,17,베이35A 론지취부,6,2025-12-10 16:20:30,2025-12-10 17:01:54,41.4,35A,베이35A,raw,
b170_heavy_work_r1,MSF,Large (141-200),170,heavy_work,274.35,38,20251209,37,BLK_37P,17,베이35A 론지용접,7,2025-12-10 17:01:54,2025-12-10 17:22:32,20.6,35A,베이35A,raw,
b170_heavy_work_r1,MSF,Large (141-200),170,heavy_work,274.35,38,20251209,37,BLK_37P,17,베이35A 수정,8,2025-12-10 17:22:32,2025-12-10 17:47:01,24.5,35A,베이35A,raw,
b170_heavy_work_r1,MSF,Large (141-200),170,heavy_work,274.35,38,20251209,165,BLK_37S,18,판계,1,2025-12-09 16:39:36,2025-12-09 17:21:36,42.0,,공통,raw,
b170_heavy_work_r1,MSF,Large (141-200),170,heavy_work,274.35,38,20251209,165,BLK_37S,18,전면SAW,2,2025-12-10 13:16:00,2025-12-10 15:43:50,147.8,,공통,raw,
b170_heavy_work_r1,MSF,Large (141-200),170,heavy_work,274.35,38,20251209,165,BLK_37S,18,TurnOver,3,2025-12-10 15:43:50,2025-12-10 15:58:14,14.4,,공통,raw,
b170_heavy_work_r1,MSF,Large (141-200),170,heavy_work,274.35,38,20251209,165,BLK_37S,18,후면SAW,4,2025-12-10 15:58:14,2025-12-10 18:03:11,125.0,,공통,raw,
b170_heavy_work_r1,MSF,Large (141-200),170,heavy_work,274.35,38,20251209,165,BLK_37S,18,NC,5,2025-12-10 18:03:11,2025-12-10 18:48:20,45.1,,공통,raw,
b170_heavy_work_r1,MSF,Large (141-200),170,heavy_work,274.35,38,20251209,165,BLK_37S,18,베이36B 론지취부,6,2025-12-10 18:48:20,2025-12-10 19:29:44,41.4,36B,베이36B,raw,
b170_heavy_work_r1,MSF,Large (141-200),170,heavy_work,274.35,38,20251209,165,BLK_37S,18,베이36B 론지용접,7,2025-12-10 19:29:44,2025-12-10 19:50:22,20.6,36B,베이36B,raw,
b170_heavy_work_r1,MSF,Large (141-200),170,heavy_work,274.35,38,20251209,165,BLK_37S,18,베이36B 수정,8,2025-12-10 19:50:22,2025-12-10 20:14:51,24.5,36B,베이36B,raw,
b170_heavy_work_r1,MSF,Large (141-200),170,heavy_work,274.35,38,20251209,133,BLK_133P,19,판계,1,2025-12-09 17:21:36,2025-12-09 17:45:36,24.0,,공통,raw,
b170_heavy_work_r1,MSF,Large (141-200),170,heavy_work,274.35,38,20251209,133,BLK_133P,19,전면SAW,2,2025-12-10 15:43:50,2025-12-10 16:25:24,41.6,,공통,raw,
b170_heavy_work_r1,MSF,Large (141-200),170,heavy_work,274.35,38,20251209,133,BLK_133P,19,TurnOver,3,2025-12-10 16:25:24,2025-12-10 16:39:48,14.4,,공통,raw,
b170_heavy_work_r1,MSF,Large (141-200),170,heavy_work,274.35,38,20251209,133,BLK_133P,19,후면SAW,4,2025-12-10 18:03:11,2025-12-10 18:32:33,29.4,,공통,raw,
b170_heavy_work_r1,MSF,Large (141-200),170,heavy_work,274.35,38,20251209,133,BLK_133P,19,NC,5,2025-12-10 18:48:20,2025-12-10 19:19:50,31.5,,공통,raw,
b170_heavy_work_r1,MSF,Large (141-200),170,heavy_work,274.35,38,20251209,133,BLK_133P,19,베이35A 론지취부,6,2025-12-10 19:19:50,2025-12-10 20:18:02,58.2,35A,베이35A,raw,
b170_heavy_work_r1,MSF,Large (141-200),170,heavy_work,274.35,38,20251209,133,BLK_133P,19,베이35A 론지용접,7,2025-12-10 20:18:02,2025-12-10 20:41:33,23.5,35A,베이35A,raw,
b170_heavy_work_r1,MSF,Large (141-200),170,heavy_work,274.35,38,20251209,133,BLK_133P,19,베이35A 수정,8,2025-12-10 20:41:33,2025-12-10 21:16:35,35.0,35A,베이35A,raw,
b170_heavy_work_r1,MSF,Large (141-200),170,heavy_work,274.35,38,20251209,24,BLK_24S,20,판계,1,2025-12-09 17:45:36,2025-12-09 18:19:12,33.6,,공통,raw,
b170_heavy_work_r1,MSF,Large (141-200),170,heavy_work,274.35,38,20251209,24,BLK_24S,20,전면SAW,2,2025-12-10 16:25:24,2025-12-10 18:56:14,150.8,,공통,raw,
b170_heavy_work_r1,MSF,Large (141-200),170,heavy_work,274.35,38,20251209,24,BLK_24S,20,TurnOver,3,2025-12-10 18:56:14,2025-12-10 19:10:38,14.4,,공통,raw,
b170_heavy_work_r1,MSF,Large (141-200),170,heavy_work,274.35,38,20251209,24,BLK_24S,20,후면SAW,4,2025-12-10 19:10:38,2025-12-10 21:13:28,122.8,,공통,raw,
b170_heavy_work_r1,MSF,Large (141-200),170,heavy_work,274.35,38,20251209,24,BLK_24S,20,NC,5,2025-12-10 21:13:28,2025-12-10 21:56:06,42.6,,공통,raw,
b170_heavy_work_r1,MSF,Large (141-200),170,heavy_work,274.35,38,20251209,24,BLK_24S,20,베이36B 론지취부,6,2025-12-10 21:56:06,2025-12-10 23:06:54,70.8,36B,베이36B,raw,
b170_heavy_work_r1,MSF,Large (141-200),170,heavy_work,274.35,38,20251209,24,BLK_24S,20,베이36B 론지용접,7,2025-12-10 23:06:54,2025-12-10 23:32:34,25.7,36B,베이36B,raw,
b170_heavy_work_r1,MSF,Large (141-200),170,heavy_work,274.35,38,20251209,24,BLK_24S,20,베이36B 수정,8,2025-12-10 23:32:34,2025-12-11 00:15:32,43.0,36B,베이36B,raw,
b170_heavy_work_r1,MSF,Large (141-200),170,heavy_work,274.35,38,20251209,138,BLK_138S,21,판계,1,2025-12-09 18:19:12,2025-12-09 18:43:12,24.0,,공통,raw,
b170_heavy_work_r1,MSF,Large (141-200),170,heavy_work,274.35,38,20251209,138,BLK_138S,21,전면SAW,2,2025-12-10 18:56:14,2025-12-10 19:35:57,39.7,,공통,raw,
b170_heavy_work_r1,MSF,Large (141-200),170,heavy_work,274.35,38,20251209,138,BLK_138S,21,TurnOver,3,2025-12-10 19:35:57,2025-12-10 19:50:21,14.4,,공통,raw,
b170_heavy_work_r1,MSF,Large (141-200),170,heavy_work,274.35,38,20251209,138,BLK_138S,21,후면SAW,4,2025-12-10 21:13:28,2025-12-10 21:40:22,26.9,,공통,raw,
b170_heavy_work_r1,MSF,Large (141-200),170,heavy_work,274.35,38,20251209,138,BLK_138S,21,NC,5,2025-12-10 21:56:06,2025-12-10 22:32:04,36.0,,공통,raw,
b170_heavy_work_r1,MSF,Large (141-200),170,heavy_work,274.35,38,20251209,138,BLK_138S,21,베이35A 론지취부,6,2025-12-10 22:32:04,2025-12-10 23:55:28,83.4,35A,베이35A,raw,
b170_heavy_work_r1,MSF,Large (141-200),170,heavy_work,274.35,38,20251209,138,BLK_138S,21,베이35A 론지용접,7,2025-12-10 23:55:28,2025-12-11 00:23:18,27.8,35A,베이35A,raw,
b170_heavy_work_r1,MSF,Large (141-200),170,heavy_work,274.35,38,20251209,138,BLK_138S,21,베이35A 수정,8,2025-12-11 00:23:18,2025-12-11 01:14:11,50.9,35A,베이35A,raw,
b170_heavy_work_r1,MSF,Large (141-200),170,heavy_work,274.35,38,20251209,32,BLK_32P,22,판계,1,2025-12-09 18:43:12,2025-12-09 19:25:12,42.0,,공통,raw,
b170_heavy_work_r1,MSF,Large (141-200),170,heavy_work,274.35,38,20251209,32,BLK_32P,22,전면SAW,2,2025-12-10 19:35:57,2025-12-10 23:23:57,228.0,,공통,raw,
b170_heavy_work_r1,MSF,Large (141-200),170,heavy_work,274.35,38,20251209,32,BLK_32P,22,TurnOver,3,2025-12-10 23:23:57,2025-12-10 23:38:21,14.4,,공통,raw,
b170_heavy_work_r1,MSF,Large (141-200),170,heavy_work,274.35,38,20251209,32,BLK_32P,22,후면SAW,4,2025-12-10 23:38:21,2025-12-11 02:56:21,198.0,,공통,raw,
b170_heavy_work_r1,MSF,Large (141-200),170,heavy_work,274.35,38,20251209,32,BLK_32P,22,NC,5,2025-12-11 02:56:21,2025-12-11 03:48:17,51.9,,공통,raw,
b170_heavy_work_r1,MSF,Large (141-200),170,heavy_work,274.35,38,20251209,32,BLK_32P,22,베이36B 론지취부,6,2025-12-11 03:48:17,2025-12-11 04:59:05,70.8,36B,베이36B,raw,
b170_heavy_work_r1,MSF,Large (141-200),170,heavy_work,274.35,38,20251209,32,BLK_32P,22,베이36B 론지용접,7,2025-12-11 04:59:05,2025-12-11 05:24:46,25.7,36B,베이36B,raw,
b170_heavy_work_r1,MSF,Large (141-200),170,heavy_work,274.35,38,20251209,32,BLK_32P,22,베이36B 수정,8,2025-12-11 05:24:46,2025-12-11 06:07:43,43.0,36B,베이36B,raw,
b170_heavy_work_r1,MSF,Large (141-200),170,heavy_work,274.35,38,20251209,137,BLK_137C,23,판계,1,2025-12-09 19:25:12,2025-12-09 19:58:48,33.6,,공통,raw,
b170_heavy_work_r1,MSF,Large (141-200),170,heavy_work,274.35,38,20251209,137,BLK_137C,23,전면SAW,2,2025-12-10 23:23:57,2025-12-11 01:18:52,114.9,,공통,raw,
b170_heavy_work_r1,MSF,Large (141-200),170,heavy_work,274.35,38,20251209,137,BLK_137C,23,TurnOver,3,2025-12-11 01:18:52,2025-12-11 01:33:16,14.4,,공통,raw,
b170_heavy_work_r1,MSF,Large (141-200),170,heavy_work,274.35,38,20251209,137,BLK_137C,23,후면SAW,4,2025-12-11 02:56:21,2025-12-11 04:26:26,90.1,,공통,raw,
b170_heavy_work_r1,MSF,Large (141-200),170,heavy_work,274.35,38,20251209,137,BLK_137C,23,NC,5,2025-12-11 04:26:26,2025-12-11 05:06:28,40.0,,공통,raw,
b170_heavy_work_r1,MSF,Large (141-200),170,heavy_work,274.35,38,20251209,137,BLK_137C,23,베이35A 론지취부,6,2025-12-11 05:06:28,2025-12-11 06:08:52,62.4,35A,베이35A,raw,
b170_heavy_work_r1,MSF,Large (141-200),170,heavy_work,274.35,38,20251209,137,BLK_137C,23,베이35A 론지용접,7,2025-12-11 06:08:52,2025-12-11 06:33:07,24.2,35A,베이35A,raw,
b170_heavy_work_r1,MSF,Large (141-200),170,heavy_work,274.35,38,20251209,137,BLK_137C,23,베이35A 수정,8,2025-12-11 06:33:07,2025-12-11 07:10:48,37.7,35A,베이35A,raw,
b170_heavy_work_r1,MSF,Large (141-200),170,heavy_work,274.35,38,20251210,61,BLK_61C,1,판계,1,2025-12-10 08:00:00,2025-12-10 08:30:00,30.0,,공통,raw,
b170_heavy_work_r1,MSF,Large (141-200),170,heavy_work,274.35,38,20251210,61,BLK_61C,1,전면SAW,2,2025-12-11 01:18:52,2025-12-11 01:52:26,33.6,,공통,raw,
b170_heavy_work_r1,MSF,Large (141-200),170,heavy_work,274.35,38,20251210,61,BLK_61C,1,TurnOver,3,2025-12-11 01:52:26,2025-12-11 02:06:50,14.4,,공통,raw,
b170_heavy_work_r1,MSF,Large (141-200),170,heavy_work,274.35,38,20251210,61,BLK_61C,1,후면SAW,4,2025-12-11 04:26:26,2025-12-11 04:45:15,18.8,,공통,raw,
b170_heavy_work_r1,MSF,Large (141-200),170,heavy_work,274.35,38,20251210,61,BLK_61C,1,NC,5,2025-12-11 05:06:28,2025-12-11 05:45:39,39.2,,공통,raw,
b170_heavy_work_r1,MSF,Large (141-200),170,heavy_work,274.35,38,20251210,61,BLK_61C,1,베이36B 론지취부,6,2025-12-11 05:45:39,2025-12-11 06:31:15,45.6,36B,베이36B,raw,
b170_heavy_work_r1,MSF,Large (141-200),170,heavy_work,274.35,38,20251210,61,BLK_61C,1,베이36B 론지용접,7,2025-12-11 06:31:15,2025-12-11 06:52:37,21.4,36B,베이36B,raw,
b170_heavy_work_r1,MSF,Large (141-200),170,heavy_work,274.35,38,20251210,61,BLK_61C,1,베이36B 수정,8,2025-12-11 06:52:37,2025-12-11 07:19:44,27.1,36B,베이36B,raw,
b170_heavy_work_r1,MSF,Large (141-200),170,heavy_work,274.35,38,20251210,56,BLK_56P,2,판계,1,2025-12-10 08:30:00,2025-12-10 09:03:36,33.6,,공통,raw,
b170_heavy_work_r1,MSF,Large (141-200),170,heavy_work,274.35,38,20251210,56,BLK_56P,2,전면SAW,2,2025-12-11 01:52:26,2025-12-11 04:04:26,132.0,,공통,raw,
b170_heavy_work_r1,MSF,Large (141-200),170,heavy_work,274.35,38,20251210,56,BLK_56P,2,TurnOver,3,2025-12-11 04:04:26,2025-12-11 04:18:50,14.4,,공통,raw,
b170_heavy_work_r1,MSF,Large (141-200),170,heavy_work,274.35,38,20251210,56,BLK_56P,2,후면SAW,4,2025-12-11 04:45:15,2025-12-11 06:30:55,105.7,,공통,raw,
b170_heavy_work_r1,MSF,Large (141-200),170,heavy_work,274.35,38,20251210,56,BLK_56P,2,NC,5,2025-12-11 06:30:55,2025-12-11 07:11:49,40.9,,공통,raw,
b170_heavy_work_r1,MSF,Large (141-200),170,heavy_work,274.35,38,20251210,56,BLK_56P,2,베이35A 론지취부,6,2025-12-11 07:11:49,2025-12-11 08:14:13,62.4,35A,베이35A,raw,
b170_heavy_work_r1,MSF,Large (141-200),170,heavy_work,274.35,38,20251210,56,BLK_56P,2,베이35A 론지용접,7,2025-12-11 08:14:13,2025-12-11 08:38:27,24.2,35A,베이35A,raw,
b170_heavy_work_r1,MSF,Large (141-200),170,heavy_work,274.35,38,20251210,56,BLK_56P,2,베이35A 수정,8,2025-12-11 08:38:27,2025-12-11 09:16:08,37.7,35A,베이35A,raw,
b170_heavy_work_r1,MSF,Large (141-200),170,heavy_work,274.35,38,20251210,4,BLK_4C,3,판계,1,2025-12-10 09:03:36,2025-12-10 09:33:36,30.0,,공통,raw,
b170_heavy_work_r1,MSF,Large (141-200),170,heavy_work,274.35,38,20251210,4,BLK_4C,3,전면SAW,2,2025-12-11 04:04:26,2025-12-11 04:51:40,47.2,,공통,raw,
b170_heavy_work_r1,MSF,Large (141-200),170,heavy_work,274.35,38,20251210,4,BLK_4C,3,TurnOver,3,2025-12-11 04:51:40,2025-12-11 05:06:04,14.4,,공통,raw,
b170_heavy_work_r1,MSF,Large (141-200),170,heavy_work,274.35,38,20251210,4,BLK_4C,3,후면SAW,4,2025-12-11 06:30:55,2025-12-11 07:07:43,36.8,,공통,raw,
b170_heavy_work_r1,MSF,Large (141-200),170,heavy_work,274.35,38,20251210,4,BLK_4C,3,NC,5,2025-12-11 07:11:49,2025-12-11 07:53:36,41.8,,공통,raw,
b170_heavy_work_r1,MSF,Large (141-200),170,heavy_work,274.35,38,20251210,4,BLK_4C,3,베이36B 론지취부,6,2025-12-11 07:53:36,2025-12-11 09:21:12,87.6,36B,베이36B,raw,
b170_heavy_work_r1,MSF,Large (141-200),170,heavy_work,274.35,38,20251210,4,BLK_4C,3,베이36B 론지용접,7,2025-12-11 09:21:12,2025-12-11 09:49:46,28.6,36B,베이36B,raw,
b170_heavy_work_r1,MSF,Large (141-200),170,heavy_work,274.35,38,20251210,4,BLK_4C,3,베이36B 수정,8,2025-12-11 09:49:46,2025-12-11 10:43:17,53.5,36B,베이36B,raw,
b170_heavy_work_r1,MSF,Large (141-200),170,heavy_work,274.35,38,20251210,119,BLK_119P,4,판계,1,2025-12-10 09:33:36,2025-12-10 10:15:36,42.0,,공통,raw,
b170_heavy_work_r1,MSF,Large (141-200),170,heavy_work,274.35,38,20251210,119,BLK_119P,4,전면SAW,2,2025-12-11 04:51:40,2025-12-11 08:23:36,211.9,,공통,raw,
b170_heavy_work_r1,MSF,Large (141-200),170,heavy_work,274.35,38,20251210,119,BLK_119P,4,TurnOver,3,2025-12-11 08:23:36,2025-12-11 08:38:00,14.4,,공통,raw,
b170_heavy_work_r1,MSF,Large (141-200),170,heavy_work,274.35,38,20251210,119,BLK_119P,4,후면SAW,4,2025-12-11 08:38:00,2025-12-11 11:44:21,186.3,,공통,raw,
b170_heavy_work_r1,MSF,Large (141-200),170,heavy_work,274.35,38,20251210,119,BLK_119P,4,NC,5,2025-12-11 11:44:21,2025-12-11 12:32:06,47.7,,공통,raw,
b170_heavy_work_r1,MSF,Large (141-200),170,heavy_work,274.35,38,20251210,119,BLK_119P,4,베이35A 론지취부,6,2025-12-11 12:32:06,2025-12-11 13:47:06,75.0,35A,베이35A,raw,
b170_heavy_work_r1,MSF,Large (141-200),170,heavy_work,274.35,38,20251210,119,BLK_119P,4,베이35A 론지용접,7,2025-12-11 13:47:06,2025-12-11 14:13:30,26.4,35A,베이35A,raw,
b170_heavy_work_r1,MSF,Large (141-200),170,heavy_work,274.35,38,20251210,119,BLK_119P,4,베이35A 수정,8,2025-12-11 14:13:30,2025-12-11 14:59:06,45.6,35A,베이35A,raw,
b170_heavy_work_r1,MSF,Large (141-200),170,heavy_work,274.35,38,20251210,166,BLK_119S,5,판계,1,2025-12-10 10:15:36,2025-12-10 10:57:36,42.0,,공통,raw,
b170_heavy_work_r1,MSF,Large (141-200),170,heavy_work,274.35,38,20251210,166,BLK_119S,5,전면SAW,2,2025-12-11 08:23:36,2025-12-11 11:55:33,211.9,,공통,raw,
b170_heavy_work_r1,MSF,Large (141-200),170,heavy_work,274.35,38,20251210,166,BLK_119S,5,TurnOver,3,2025-12-11 11:55:33,2025-12-11 12:09:57,14.4,,공통,raw,
b170_heavy_work_r1,MSF,Large (141-200),170,heavy_work,274.35,38,20251210,166,BLK_119S,5,후면SAW,4,2025-12-11 12:09:57,2025-12-11 15:16:18,186.3,,공통,raw,
b170_heavy_work_r1,MSF,Large (141-200),170,heavy_work,274.35,38,20251210,166,BLK_119S,5,NC,5,2025-12-11 15:16:18,2025-12-11 16:04:03,47.7,,공통,raw,
b170_heavy_work_r1,MSF,Large (141-200),170,heavy_work,274.35,38,20251210,166,BLK_119S,5,베이36B 론지취부,6,2025-12-11 16:04:03,2025-12-11 17:19:03,75.0,36B,베이36B,raw,
b170_heavy_work_r1,MSF,Large (141-200),170,heavy_work,274.35,38,20251210,166,BLK_119S,5,베이36B 론지용접,7,2025-12-11 17:19:03,2025-12-11 17:45:27,26.4,36B,베이36B,raw,
b170_heavy_work_r1,MSF,Large (141-200),170,heavy_work,274.35,38,20251210,166,BLK_119S,5,베이36B 수정,8,2025-12-11 17:45:27,2025-12-11 18:31:03,45.6,36B,베이36B,raw,
b170_heavy_work_r1,MSF,Large (141-200),170,heavy_work,274.35,38,20251210,89,BLK_89C,6,판계,1,2025-12-10 10:57:36,2025-12-10 11:27:36,30.0,,공통,raw,
b170_heavy_work_r1,MSF,Large (141-200),170,heavy_work,274.35,38,20251210,89,BLK_89C,6,전면SAW,2,2025-12-11 11:55:33,2025-12-11 12:34:10,38.6,,공통,raw,
b170_heavy_work_r1,MSF,Large (141-200),170,heavy_work,274.35,38,20251210,89,BLK_89C,6,TurnOver,3,2025-12-11 12:34:10,2025-12-11 12:48:34,14.4,,공통,raw,
b170_heavy_work_r1,MSF,Large (141-200),170,heavy_work,274.35,38,20251210,89,BLK_89C,6,후면SAW,4,2025-12-11 15:16:18,2025-12-11 15:41:46,25.5,,공통,raw,
b170_heavy_work_r1,MSF,Large (141-200),170,heavy_work,274.35,38,20251210,89,BLK_89C,6,NC,5,2025-12-11 16:04:03,2025-12-11 16:49:19,45.3,,공통,raw,
b170_heavy_work_r1,MSF,Large (141-200),170,heavy_work,274.35,38,20251210,89,BLK_89C,6,베이35A 론지취부,6,2025-12-11 16:49:19,2025-12-11 18:21:07,91.8,35A,베이35A,raw,
b170_heavy_work_r1,MSF,Large (141-200),170,heavy_work,274.35,38,20251210,89,BLK_89C,6,베이35A 론지용접,7,2025-12-11 18:21:07,2025-12-11 18:50:24,29.3,35A,베이35A,raw,
b170_heavy_work_r1,MSF,Large (141-200),170,heavy_work,274.35,38,20251210,89,BLK_89C,6,베이35A 수정,8,2025-12-11 18:50:24,2025-12-11 19:46:33,56.2,35A,베이35A,raw,
b170_heavy_work_r1,MSF,Large (141-200),170,heavy_work,274.35,38,20251210,151,BLK_151P,7,판계,1,2025-12-10 11:27:36,2025-12-10 12:16:48,49.2,,공통,raw,
b170_heavy_work_r1,MSF,Large (141-200),170,heavy_work,274.35,38,20251210,151,BLK_151P,7,전면SAW,2,2025-12-11 12:34:10,2025-12-11 16:22:10,228.0,,공통,raw,
b170_heavy_work_r1,MSF,Large (141-200),170,heavy_work,274.35,38,20251210,151,BLK_151P,7,TurnOver,3,2025-12-11 16:22:10,2025-12-11 16:36:34,14.4,,공통,raw,
b170_heavy_work_r1,MSF,Large (141-200),170,heavy_work,274.35,38,20251210,151,BLK_151P,7,후면SAW,4,2025-12-11 16:36:34,2025-12-11 19:54:34,198.0,,공통,raw,
b170_heavy_work_r1,MSF,Large (141-200),170,heavy_work,274.35,38,20251210,151,BLK_151P,7,NC,5,2025-12-11 19:54:34,2025-12-11 20:55:04,60.5,,공통,raw,
b170_heavy_work_r1,MSF,Large (141-200),170,heavy_work,274.35,38,20251210,151,BLK_151P,7,베이36B 론지취부,6,2025-12-11 20:55:04,2025-12-11 21:36:28,41.4,36B,베이36B,raw,
b170_heavy_work_r1,MSF,Large (141-200),170,heavy_work,274.35,38,20251210,151,BLK_151P,7,베이36B 론지용접,7,2025-12-11 21:36:28,2025-12-11 21:57:07,20.6,36B,베이36B,raw,
b170_heavy_work_r1,MSF,Large (141-200),170,heavy_work,274.35,38,20251210,151,BLK_151P,7,베이36B 수정,8,2025-12-11 21:57:07,2025-12-11 22:21:36,24.5,36B,베이36B,raw,
b170_heavy_work_r1,MSF,Large (141-200),170,heavy_work,274.35,38,20251210,99,BLK_99S,8,판계,1,2025-12-10 12:16:48,2025-12-10 12:46:48,30.0,,공통,raw,
b170_heavy_work_r1,MSF,Large (141-200),170,heavy_work,274.35,38,20251210,99,BLK_99S,8,전면SAW,2,2025-12-11 16:22:10,2025-12-11 16:59:36,37.4,,공통,raw,
b170_heavy_work_r1,MSF,Large (141-200),170,heavy_work,274.35,38,20251210,99,BLK_99S,8,TurnOver,3,2025-12-11 16:59:36,2025-12-11 17:14:00,14.4,,공통,raw,
b170_heavy_work_r1,MSF,Large (141-200),170,heavy_work,274.35,38,20251210,99,BLK_99S,8,후면SAW,4,2025-12-11 19:54:34,2025-12-11 20:18:29,23.9,,공통,raw,
b170_heavy_work_r1,MSF,Large (141-200),170,heavy_work,274.35,38,20251210,99,BLK_99S,8,NC,5,2025-12-11 20:55:04,2025-12-11 21:35:06,40.0,,공통,raw,
b170_heavy_work_r1,MSF,Large (141-200),170,heavy_work,274.35,38,20251210,99,BLK_99S,8,베이35A 론지취부,6,2025-12-11 21:35:06,2025-12-11 22:20:42,45.6,35A,베이35A,raw,
b170_heavy_work_r1,MSF,Large (141-200),170,heavy_work,274.35,38,20251210,99,BLK_99S,8,베이35A 론지용접,7,2025-12-11 22:20:42,2025-12-11 22:42:04,21.4,35A,베이35A,raw,
b170_heavy_work_r1,MSF,Large (141-200),170,heavy_work,274.35,38,20251210,99,BLK_99S,8,베이35A 수정,8,2025-12-11 22:42:04,2025-12-11 23:09:11,27.1,35A,베이35A,raw,
b170_heavy_work_r1,MSF,Large (141-200),170,heavy_work,274.35,38,20251210,127,BLK_127S,9,판계,1,2025-12-10 12:46:48,2025-12-10 13:43:12,56.4,,공통,raw,
b170_heavy_work_r1,MSF,Large (141-200),170,heavy_work,274.35,38,20251210,127,BLK_127S,9,전면SAW,2,2025-12-11 16:59:36,2025-12-11 20:47:36,228.0,,공통,raw,
b170_heavy_work_r1,MSF,Large (141-200),170,heavy_work,274.35,38,20251210,127,BLK_127S,9,TurnOver,3,2025-12-11 20:47:36,2025-12-11 21:02:00,14.4,,공통,raw,
b170_heavy_work_r1,MSF,Large (141-200),170,heavy_work,274.35,38,20251210,127,BLK_127S,9,후면SAW,4,2025-12-11 21:02:00,2025-12-12 00:20:00,198.0,,공통,raw,
b170_heavy_work_r1,MSF,Large (141-200),170,heavy_work,274.35,38,20251210,127,BLK_127S,9,NC,5,2025-12-12 00:20:00,2025-12-12 01:30:05,70.1,,공통,raw,
b170_heavy_work_r1,MSF,Large (141-200),170,heavy_work,274.35,38,20251210,127,BLK_127S,9,베이36B 론지취부,6,2025-12-12 01:30:05,2025-12-12 02:45:05,75.0,36B,베이36B,raw,
b170_heavy_work_r1,MSF,Large (141-200),170,heavy_work,274.35,38,20251210,127,BLK_127S,9,베이36B 론지용접,7,2025-12-12 02:45:05,2025-12-12 03:11:29,26.4,36B,베이36B,raw,
b170_heavy_work_r1,MSF,Large (141-200),170,heavy_work,274.35,38,20251210,127,BLK_127S,9,베이36B 수정,8,2025-12-12 03:11:29,2025-12-12 03:57:05,45.6,36B,베이36B,raw,
b170_heavy_work_r1,MSF,Large (141-200),170,heavy_work,274.35,38,20251210,109,BLK_109S,10,판계,1,2025-12-10 13:43:12,2025-12-10 14:13:12,30.0,,공통,raw,
b170_heavy_work_r1,MSF,Large (141-200),170,heavy_work,274.35,38,20251210,109,BLK_109S,10,전면SAW,2,2025-12-11 20:47:36,2025-12-11 21:36:18,48.7,,공통,raw,
b170_heavy_work_r1,MSF,Large (141-200),170,heavy_work,274.35,38,20251210,109,BLK_109S,10,TurnOver,3,2025-12-11 21:36:18,2025-12-11 21:50:42,14.4,,공통,raw,
b170_heavy_work_r1,MSF,Large (141-200),170,heavy_work,274.35,38,20251210,109,BLK_109S,10,후면SAW,4,2025-12-12 00:20:00,2025-12-12 00:58:44,38.7,,공통,raw,
b170_heavy_work_r1,MSF,Large (141-200),170,heavy_work,274.35,38,20251210,109,BLK_109S,10,NC,5,2025-12-12 01:30:05,2025-12-12 02:09:19,39.2,,공통,raw,
b170_heavy_work_r1,MSF,Large (141-200),170,heavy_work,274.35,38,20251210,109,BLK_109S,10,베이35A 론지취부,6,2025-12-12 02:09:19,2025-12-12 03:11:43,62.4,35A,베이35A,raw,
b170_heavy_work_r1,MSF,Large (141-200),170,heavy_work,274.35,38,20251210,109,BLK_109S,10,베이35A 론지용접,7,2025-12-12 03:11:43,2025-12-12 03:35:57,24.2,35A,베이35A,raw,
b170_heavy_work_r1,MSF,Large (141-200),170,heavy_work,274.35,38,20251210,109,BLK_109S,10,베이35A 수정,8,2025-12-12 03:35:57,2025-12-12 04:13:38,37.7,35A,베이35A,raw,
b170_heavy_work_r1,MSF,Large (141-200),170,heavy_work,274.35,38,20251210,160,BLK_160P,11,판계,1,2025-12-10 14:13:12,2025-12-10 14:46:48,33.6,,공통,raw,
b170_heavy_work_r1,MSF,Large (141-200),170,heavy_work,274.35,38,20251210,160,BLK_160P,11,전면SAW,2,2025-12-11 21:36:18,2025-12-11 23:49:06,132.8,,공통,raw,
b170_heavy_work_r1,MSF,Large (141-200),170,heavy_work,274.35,38,20251210,160,BLK_160P,11,TurnOver,3,2025-12-11 23:49:06,2025-12-12 00:03:30,14.4,,공통,raw,
b170_heavy_work_r1,MSF,Large (141-200),170,heavy_work,274.35,38,20251210,160,BLK_160P,11,후면SAW,4,2025-12-12 00:58:44,2025-12-12 02:45:07,106.4,,공통,raw,
b170_heavy_work_r1,MSF,Large (141-200),170,heavy_work,274.35,38,20251210,160,BLK_160P,11,NC,5,2025-12-12 02:45:07,2025-12-12 03:24:51,39.7,,공통,raw,
b170_heavy_work_r1,MSF,Large (141-200),170,heavy_work,274.35,38,20251210,160,BLK_160P,11,베이36B 론지취부,6,2025-12-12 03:24:51,2025-12-12 04:27:15,62.4,36B,베이36B,raw,
b170_heavy_work_r1,MSF,Large (141-200),170,heavy_work,274.35,38,20251210,160,BLK_160P,11,베이36B 론지용접,7,2025-12-12 04:27:15,2025-12-12 04:51:29,24.2,36B,베이36B,raw,
b170_heavy_work_r1,MSF,Large (141-200),170,heavy_work,274.35,38,20251210,160,BLK_160P,11,베이36B 수정,8,2025-12-12 04:51:29,2025-12-12 05:29:10,37.7,36B,베이36B,raw,
b170_heavy_work_r1,MSF,Large (141-200),170,heavy_work,274.35,38,20251210,101,BLK_101C,12,판계,1,2025-12-10 14:46:48,2025-12-10 15:16:48,30.0,,공통,raw,
b170_heavy_work_r1,MSF,Large (141-200),170,heavy_work,274.35,38,20251210,101,BLK_101C,12,전면SAW,2,2025-12-11 23:49:06,2025-12-12 00:38:14,49.1,,공통,raw,
b170_heavy_work_r1,MSF,Large (141-200),170,heavy_work,274.35,38,20251210,101,BLK_101C,12,TurnOver,3,2025-12-12 00:38:14,2025-12-12 00:52:38,14.4,,공통,raw,
b170_heavy_work_r1,MSF,Large (141-200),170,heavy_work,274.35,38,20251210,101,BLK_101C,12,후면SAW,4,2025-12-12 02:45:07,2025-12-12 03:24:26,39.3,,공통,raw,
b170_heavy_work_r1,MSF,Large (141-200),170,heavy_work,274.35,38,20251210,101,BLK_101C,12,NC,5,2025-12-12 03:24:51,2025-12-12 04:07:17,42.4,,공통,raw,
b170_heavy_work_r1,MSF,Large (141-200),170,heavy_work,274.35,38,20251210,101,BLK_101C,12,베이35A 론지취부,6,2025-12-12 04:07:17,2025-12-12 05:01:17,54.0,35A,베이35A,raw,
b170_heavy_work_r1,MSF,Large (141-200),170,heavy_work,274.35,38,20251210,101,BLK_101C,12,베이35A 론지용접,7,2025-12-12 05:01:17,2025-12-12 05:24:05,22.8,35A,베이35A,raw,
b170_heavy_work_r1,MSF,Large (141-200),170,heavy_work,274.35,38,20251210,101,BLK_101C,12,베이35A 수정,8,2025-12-12 05:24:05,2025-12-12 05:56:29,32.4,35A,베이35A,raw,
b170_heavy_work_r1,MSF,Large (141-200),170,heavy_work,274.35,38,20251210,49,BLK_49P,13,판계,1,2025-12-10 15:16:48,2025-12-10 15:56:24,39.6,,공통,raw,
b170_heavy_work_r1,MSF,Large (141-200),170,heavy_work,274.35,38,20251210,49,BLK_49P,13,전면SAW,2,2025-12-12 00:38:14,2025-12-12 02:26:13,108.0,,공통,raw,
b170_heavy_work_r1,MSF,Large (141-200),170,heavy_work,274.35,38,20251210,49,BLK_49P,13,TurnOver,3,2025-12-12 02:26:13,2025-12-12 02:40:37,14.4,,공통,raw,
b170_heavy_work_r1,MSF,Large (141-200),170,heavy_work,274.35,38,20251210,49,BLK_49P,13,후면SAW,4,2025-12-12 03:24:26,2025-12-12 04:48:12,83.8,,공통,raw,
b170_heavy_work_r1,MSF,Large (141-200),170,heavy_work,274.35,38,20251210,49,BLK_49P,13,NC,5,2025-12-12 04:48:12,2025-12-12 05:35:32,47.3,,공통,raw,
b170_heavy_work_r1,MSF,Large (141-200),170,heavy_work,274.35,38,20251210,49,BLK_49P,13,베이36B 론지취부,6,2025-12-12 05:35:32,2025-12-12 06:29:32,54.0,36B,베이36B,raw,
b170_heavy_work_r1,MSF,Large (141-200),170,heavy_work,274.35,38,20251210,49,BLK_49P,13,베이36B 론지용접,7,2025-12-12 06:29:32,2025-12-12 06:52:20,22.8,36B,베이36B,raw,
b170_heavy_work_r1,MSF,Large (141-200),170,heavy_work,274.35,38,20251210,49,BLK_49P,13,베이36B 수정,8,2025-12-12 06:52:20,2025-12-12 07:24:44,32.4,36B,베이36B,raw,
b170_heavy_work_r1,MSF,Large (141-200),170,heavy_work,274.35,38,20251210,125,BLK_125C,14,판계,1,2025-12-10 15:56:24,2025-12-10 16:26:24,30.0,,공통,raw,
b170_heavy_work_r1,MSF,Large (141-200),170,heavy_work,274.35,38,20251210,125,BLK_125C,14,전면SAW,2,2025-12-12 02:26:13,2025-12-12 03:08:29,42.3,,공통,raw,
b170_heavy_work_r1,MSF,Large (141-200),170,heavy_work,274.35,38,20251210,125,BLK_125C,14,TurnOver,3,2025-12-12 03:08:29,2025-12-12 03:22:53,14.4,,공통,raw,
b170_heavy_work_r1,MSF,Large (141-200),170,heavy_work,274.35,38,20251210,125,BLK_125C,14,후면SAW,4,2025-12-12 04:48:12,2025-12-12 05:18:28,30.3,,공통,raw,
b170_heavy_work_r1,MSF,Large (141-200),170,heavy_work,274.35,38,20251210,125,BLK_125C,14,NC,5,2025-12-12 05:35:32,2025-12-12 06:21:37,46.1,,공통,raw,
b170_heavy_work_r1,MSF,Large (141-200),170,heavy_work,274.35,38,20251210,125,BLK_125C,14,베이35A 론지취부,6,2025-12-12 06:21:37,2025-12-12 08:14:25,112.8,35A,베이35A,raw,
b170_heavy_work_r1,MSF,Large (141-200),170,heavy_work,274.35,38,20251210,125,BLK_125C,14,베이35A 론지용접,7,2025-12-12 08:14:25,2025-12-12 08:47:18,32.9,35A,베이35A,raw,
b170_heavy_work_r1,MSF,Large (141-200),170,heavy_work,274.35,38,20251210,125,BLK_125C,14,베이35A 수정,8,2025-12-12 08:47:18,2025-12-12 09:56:39,69.4,35A,베이35A,raw,
b170_heavy_work_r1,MSF,Large (141-200),170,heavy_work,274.35,38,20251210,142,BLK_142P,15,판계,1,2025-12-10 16:26:24,2025-12-10 17:06:00,39.6,,공통,raw,
b170_heavy_work_r1,MSF,Large (141-200),170,heavy_work,274.35,38,20251210,142,BLK_142P,15,전면SAW,2,2025-12-12 03:08:29,2025-12-12 05:08:52,120.4,,공통,raw,
b170_heavy_work_r1,MSF,Large (141-200),170,heavy_work,274.35,38,20251210,142,BLK_142P,15,TurnOver,3,2025-12-12 05:08:52,2025-12-12 05:23:16,14.4,,공통,raw,
b170_heavy_work_r1,MSF,Large (141-200),170,heavy_work,274.35,38,20251210,142,BLK_142P,15,후면SAW,4,2025-12-12 05:23:16,2025-12-12 06:58:21,95.1,,공통,raw,
b170_heavy_work_r1,MSF,Large (141-200),170,heavy_work,274.35,38,20251210,142,BLK_142P,15,NC,5,2025-12-12 06:58:21,2025-12-12 07:46:31,48.2,,공통,raw,
b170_heavy_work_r1,MSF,Large (141-200),170,heavy_work,274.35,38,20251210,142,BLK_142P,15,베이36B 론지취부,6,2025-12-12 07:46:31,2025-12-12 09:05:43,79.2,36B,베이36B,raw,
b170_heavy_work_r1,MSF,Large (141-200),170,heavy_work,274.35,38,20251210,142,BLK_142P,15,베이36B 론지용접,7,2025-12-12 09:05:43,2025-12-12 09:32:50,27.1,36B,베이36B,raw,
b170_heavy_work_r1,MSF,Large (141-200),170,heavy_work,274.35,38,20251210,142,BLK_142P,15,베이36B 수정,8,2025-12-12 09:32:50,2025-12-12 10:21:05,48.2,36B,베이36B,raw,
b170_heavy_work_r1,MSF,Large (141-200),170,heavy_work,274.35,38,20251210,140,BLK_140P,16,판계,1,2025-12-10 17:06:00,2025-12-10 17:36:00,30.0,,공통,raw,
b170_heavy_work_r1,MSF,Large (141-200),170,heavy_work,274.35,38,20251210,140,BLK_140P,16,전면SAW,2,2025-12-12 05:08:52,2025-12-12 05:52:25,43.5,,공통,raw,
b170_heavy_work_r1,MSF,Large (141-200),170,heavy_work,274.35,38,20251210,140,BLK_140P,16,TurnOver,3,2025-12-12 05:52:25,2025-12-12 06:06:49,14.4,,공통,raw,
b170_heavy_work_r1,MSF,Large (141-200),170,heavy_work,274.35,38,20251210,140,BLK_140P,16,후면SAW,4,2025-12-12 06:58:21,2025-12-12 07:30:18,32.0,,공통,raw,
b170_heavy_work_r1,MSF,Large (141-200),170,heavy_work,274.35,38,20251210,140,BLK_140P,16,NC,5,2025-12-12 07:46:31,2025-12-12 08:33:01,46.5,,공통,raw,
b170_heavy_work_r1,MSF,Large (141-200),170,heavy_work,274.35,38,20251210,140,BLK_140P,16,베이35A 론지취부,6,2025-12-12 08:33:01,2025-12-12 10:21:37,108.6,35A,베이35A,raw,
b170_heavy_work_r1,MSF,Large (141-200),170,heavy_work,274.35,38,20251210,140,BLK_140P,16,베이35A 론지용접,7,2025-12-12 10:21:37,2025-12-12 10:53:47,32.2,35A,베이35A,raw,
b170_heavy_work_r1,MSF,Large (141-200),170,heavy_work,274.35,38,20251210,140,BLK_140P,16,베이35A 수정,8,2025-12-12 10:53:47,2025-12-12 12:00:30,66.7,35A,베이35A,raw,
b170_heavy_work_r1,MSF,Large (141-200),170,heavy_work,274.35,38,20251210,162,BLK_162P,17,판계,1,2025-12-10 17:36:00,2025-12-10 18:15:36,39.6,,공통,raw,
b170_heavy_work_r1,MSF,Large (141-200),170,heavy_work,274.35,38,20251210,162,BLK_162P,17,전면SAW,2,2025-12-12 05:52:25,2025-12-12 09:11:03,198.6,,공통,raw,
b170_heavy_work_r1,MSF,Large (141-200),170,heavy_work,274.35,38,20251210,162,BLK_162P,17,TurnOver,3,2025-12-12 09:11:03,2025-12-12 09:25:27,14.4,,공통,raw,
b170_heavy_work_r1,MSF,Large (141-200),170,heavy_work,274.35,38,20251210,162,BLK_162P,17,후면SAW,4,2025-12-12 09:25:27,2025-12-12 12:43:27,198.0,,공통,raw,
b170_heavy_work_r1,MSF,Large (141-200),170,heavy_work,274.35,38,20251210,162,BLK_162P,17,NC,5,2025-12-12 12:43:27,2025-12-12 13:38:31,55.1,,공통,raw,
b170_heavy_work_r1,MSF,Large (141-200),170,heavy_work,274.35,38,20251210,162,BLK_162P,17,베이36B 론지취부,6,2025-12-12 13:38:31,2025-12-12 15:35:31,117.0,36B,베이36B,raw,
b170_heavy_work_r1,MSF,Large (141-200),170,heavy_work,274.35,38,20251210,162,BLK_162P,17,베이36B 론지용접,7,2025-12-12 15:35:31,2025-12-12 16:09:07,33.6,36B,베이36B,raw,
b170_heavy_work_r1,MSF,Large (141-200),170,heavy_work,274.35,38,20251210,162,BLK_162P,17,베이36B 수정,8,2025-12-12 16:09:07,2025-12-12 17:21:07,72.0,36B,베이36B,raw,
b170_heavy_work_r1,MSF,Large (141-200),170,heavy_work,274.35,38,20251211,143,BLK_143P,1,판계,1,2025-12-11 08:00:00,2025-12-11 08:30:00,30.0,,공통,raw,
b170_heavy_work_r1,MSF,Large (141-200),170,heavy_work,274.35,38,20251211,143,BLK_143P,1,전면SAW,2,2025-12-12 09:11:03,2025-12-12 09:59:32,48.5,,공통,raw,
b170_heavy_work_r1,MSF,Large (141-200),170,heavy_work,274.35,38,20251211,143,BLK_143P,1,TurnOver,3,2025-12-12 09:59:32,2025-12-12 10:13:56,14.4,,공통,raw,
b170_heavy_work_r1,MSF,Large (141-200),170,heavy_work,274.35,38,20251211,143,BLK_143P,1,후면SAW,4,2025-12-12 12:43:27,2025-12-12 13:21:54,38.5,,공통,raw,
b170_heavy_work_r1,MSF,Large (141-200),170,heavy_work,274.35,38,20251211,143,BLK_143P,1,NC,5,2025-12-12 13:38:31,2025-12-12 14:20:26,41.9,,공통,raw,
b170_heavy_work_r1,MSF,Large (141-200),170,heavy_work,274.35,38,20251211,143,BLK_143P,1,베이35A 론지취부,6,2025-12-12 14:20:26,2025-12-12 15:39:38,79.2,35A,베이35A,raw,
b170_heavy_work_r1,MSF,Large (141-200),170,heavy_work,274.35,38,20251211,143,BLK_143P,1,베이35A 론지용접,7,2025-12-12 15:39:38,2025-12-12 16:06:46,27.1,35A,베이35A,raw,
b170_heavy_work_r1,MSF,Large (141-200),170,heavy_work,274.35,38,20251211,143,BLK_143P,1,베이35A 수정,8,2025-12-12 16:06:46,2025-12-12 16:55:00,48.2,35A,베이35A,raw,
b170_heavy_work_r1,MSF,Large (141-200),170,heavy_work,274.35,38,20251211,153,BLK_153S,2,판계,1,2025-12-11 08:30:00,2025-12-11 09:00:00,30.0,,공통,raw,
b170_heavy_work_r1,MSF,Large (141-200),170,heavy_work,274.35,38,20251211,153,BLK_153S,2,전면SAW,2,2025-12-12 09:59:32,2025-12-12 10:38:16,38.7,,공통,raw,
b170_heavy_work_r1,MSF,Large (141-200),170,heavy_work,274.35,38,20251211,153,BLK_153S,2,TurnOver,3,2025-12-12 10:38:16,2025-12-12 10:52:40,14.4,,공통,raw,
b170_heavy_work_r1,MSF,Large (141-200),170,heavy_work,274.35,38,20251211,153,BLK_153S,2,후면SAW,4,2025-12-12 13:21:54,2025-12-12 13:47:31,25.6,,공통,raw,
b170_heavy_work_r1,MSF,Large (141-200),170,heavy_work,274.35,38,20251211,153,BLK_153S,2,NC,5,2025-12-12 14:20:26,2025-12-12 15:01:17,40.8,,공통,raw,
b170_heavy_work_r1,MSF,Large (141-200),170,heavy_work,274.35,38,20251211,153,BLK_153S,2,베이36B 론지취부,6,2025-12-12 15:35:31,2025-12-12 16:50:31,75.0,36B,베이36B,raw,
b170_heavy_work_r1,MSF,Large (141-200),170,heavy_work,274.35,38,20251211,153,BLK_153S,2,베이36B 론지용접,7,2025-12-12 16:50:31,2025-12-12 17:16:55,26.4,36B,베이36B,raw,
b170_heavy_work_r1,MSF,Large (141-200),170,heavy_work,274.35,38,20251211,153,BLK_153S,2,베이36B 수정,8,2025-12-12 17:21:07,2025-12-12 18:06:43,45.6,36B,베이36B,raw,
b170_heavy_work_r1,MSF,Large (141-200),170,heavy_work,274.35,38,20251211,28,BLK_28S,3,판계,1,2025-12-11 09:00:00,2025-12-11 09:36:00,36.0,,공통,raw,
b170_heavy_work_r1,MSF,Large (141-200),170,heavy_work,274.35,38,20251211,28,BLK_28S,3,전면SAW,2,2025-12-12 10:38:16,2025-12-12 11:17:45,39.5,,공통,raw,
b170_heavy_work_r1,MSF,Large (141-200),170,heavy_work,274.35,38,20251211,28,BLK_28S,3,TurnOver,3,2025-12-12 11:17:45,2025-12-12 11:32:09,14.4,,공통,raw,
b170_heavy_work_r1,MSF,Large (141-200),170,heavy_work,274.35,38,20251211,28,BLK_28S,3,후면SAW,4,2025-12-12 13:47:31,2025-12-12 14:14:08,26.6,,공통,raw,
b170_heavy_work_r1,MSF,Large (141-200),170,heavy_work,274.35,38,20251211,28,BLK_28S,3,NC,5,2025-12-12 15:01:17,2025-12-12 15:51:06,49.8,,공통,raw,
b170_heavy_work_r1,MSF,Large (141-200),170,heavy_work,274.35,38,20251211,28,BLK_28S,3,베이35A 론지취부,6,2025-12-12 15:51:06,2025-12-12 17:18:42,87.6,35A,베이35A,raw,
b170_heavy_work_r1,MSF,Large (141-200),170,heavy_work,274.35,38,20251211,28,BLK_28S,3,베이35A 론지용접,7,2025-12-12 17:18:42,2025-12-12 17:47:16,28.6,35A,베이35A,raw,
b170_heavy_work_r1,MSF,Large (141-200),170,heavy_work,274.35,38,20251211,28,BLK_28S,3,베이35A 수정,8,2025-12-12 17:47:16,2025-12-12 18:40:47,53.5,35A,베이35A,raw,
b170_heavy_work_r1,MSF,Large (141-200),170,heavy_work,274.35,38,20251211,44,BLK_44S,4,판계,1,2025-12-11 09:36:00,2025-12-11 10:12:00,36.0,,공통,raw,
b170_heavy_work_r1,MSF,Large (141-200),170,heavy_work,274.35,38,20251211,44,BLK_44S,4,전면SAW,2,2025-12-12 11:17:45,2025-12-12 11:54:45,37.0,,공통,raw,
b170_heavy_work_r1,MSF,Large (141-200),170,heavy_work,274.35,38,20251211,44,BLK_44S,4,TurnOver,3,2025-12-12 11:54:45,2025-12-12 12:09:09,14.4,,공통,raw,
b170_heavy_work_r1,MSF,Large (141-200),170,heavy_work,274.35,38,20251211,44,BLK_44S,4,후면SAW,4,2025-12-12 14:14:08,2025-12-12 14:37:27,23.3,,공통,raw,
b170_heavy_work_r1,MSF,Large (141-200),170,heavy_work,274.35,38,20251211,44,BLK_44S,4,NC,5,2025-12-12 15:51:06,2025-12-12 16:41:17,50.2,,공통,raw,
b170_heavy_work_r1,MSF,Large (141-200),170,heavy_work,274.35,38,20251211,44,BLK_44S,4,베이36B 론지취부,6,2025-12-12 16:50:31,2025-12-12 18:09:43,79.2,36B,베이36B,raw,
b170_heavy_work_r1,MSF,Large (141-200),170,heavy_work,274.35,38,20251211,44,BLK_44S,4,베이36B 론지용접,7,2025-12-12 18:09:43,2025-12-12 18:36:51,27.1,36B,베이36B,raw,
b170_heavy_work_r1,MSF,Large (141-200),170,heavy_work,274.35,38,20251211,44,BLK_44S,4,베이36B 수정,8,2025-12-12 18:36:51,2025-12-12 19:25:05,48.2,36B,베이36B,raw,
b170_heavy_work_r1,MSF,Large (141-200),170,heavy_work,274.35,38,20251211,79,BLK_79C,5,판계,1,2025-12-11 10:12:00,2025-12-11 10:48:00,36.0,,공통,raw,
b170_heavy_work_r1,MSF,Large (141-200),170,heavy_work,274.35,38,20251211,79,BLK_79C,5,전면SAW,2,2025-12-12 11:54:45,2025-12-12 12:32:49,38.1,,공통,raw,
b170_heavy_work_r1,MSF,Large (141-200),170,heavy_work,274.35,38,20251211,79,BLK_79C,5,TurnOver,3,2025-12-12 12:32:49,2025-12-12 12:47:13,14.4,,공통,raw,
b170_heavy_work_r1,MSF,Large (141-200),170,heavy_work,274.35,38,20251211,79,BLK_79C,5,후면SAW,4,2025-12-12 14:37:27,2025-12-12 15:02:11,24.7,,공통,raw,
b170_heavy_work_r1,MSF,Large (141-200),170,heavy_work,274.35,38,20251211,79,BLK_79C,5,NC,5,2025-12-12 16:41:17,2025-12-12 17:31:58,50.7,,공통,raw,
b170_heavy_work_r1,MSF,Large (141-200),170,heavy_work,274.35,38,20251211,79,BLK_79C,5,베이36B 론지취부,6,2025-12-12 18:09:43,2025-12-12 19:45:43,96.0,36B,베이36B,raw,
b170_heavy_work_r1,MSF,Large (141-200),170,heavy_work,274.35,38,20251211,79,BLK_79C,5,베이36B 론지용접,7,2025-12-12 19:45:43,2025-12-12 20:15:43,30.0,36B,베이36B,raw,
b170_heavy_work_r1,MSF,Large (141-200),170,heavy_work,274.35,38,20251211,79,BLK_79C,5,베이36B 수정,8,2025-12-12 20:15:43,2025-12-12 21:14:31,58.8,36B,베이36B,raw,
b170_heavy_work_r1,MSF,Large (141-200),170,heavy_work,274.35,38,20251211,111,BLK_111P,6,판계,1,2025-12-11 10:48:00,2025-12-11 11:24:00,36.0,,공통,raw,
b170_heavy_work_r1,MSF,Large (141-200),170,heavy_work,274.35,38,20251211,111,BLK_111P,6,전면SAW,2,2025-12-12 12:32:49,2025-12-12 13:10:37,37.8,,공통,raw,
b170_heavy_work_r1,MSF,Large (141-200),170,heavy_work,274.35,38,20251211,111,BLK_111P,6,TurnOver,3,2025-12-12 13:10:37,2025-12-12 13:25:01,14.4,,공통,raw,
b170_heavy_work_r1,MSF,Large (141-200),170,heavy_work,274.35,38,20251211,111,BLK_111P,6,후면SAW,4,2025-12-12 15:02:11,2025-12-12 15:26:34,24.4,,공통,raw,
b170_heavy_work_r1,MSF,Large (141-200),170,heavy_work,274.35,38,20251211,111,BLK_111P,6,NC,5,2025-12-12 17:31:58,2025-12-12 18:24:28,52.5,,공통,raw,
b170_heavy_work_r1,MSF,Large (141-200),170,heavy_work,274.35,38,20251211,111,BLK_111P,6,베이35A 론지취부,6,2025-12-12 18:24:28,2025-12-12 20:00:28,96.0,35A,베이35A,raw,
b170_heavy_work_r1,MSF,Large (141-200),170,heavy_work,274.35,38,20251211,111,BLK_111P,6,베이35A 론지용접,7,2025-12-12 20:00:28,2025-12-12 20:30:28,30.0,35A,베이35A,raw,
b170_heavy_work_r1,MSF,Large (141-200),170,heavy_work,274.35,38,20251211,111,BLK_111P,6,베이35A 수정,8,2025-12-12 20:30:28,2025-12-12 21:29:16,58.8,35A,베이35A,raw,
b170_heavy_work_r1,MSF,Large (141-200),170,heavy_work,274.35,38,20251211,122,BLK_122S,7,판계,1,2025-12-11 11:24:00,2025-12-11 12:00:00,36.0,,공통,raw,
b170_heavy_work_r1,MSF,Large (141-200),170,heavy_work,274.35,38,20251211,122,BLK_122S,7,전면SAW,2,2025-12-12 13:10:37,2025-12-12 13:47:02,36.4,,공통,raw,
b170_heavy_work_r1,MSF,Large (141-200),170,heavy_work,274.35,38,20251211,122,BLK_122S,7,TurnOver,3,2025-12-12 13:47:02,2025-12-12 14:01:26,14.4,,공통,raw,
b170_heavy_work_r1,MSF,Large (141-200),170,heavy_work,274.35,38,20251211,122,BLK_122S,7,후면SAW,4,2025-12-12 15:26:34,2025-12-12 15:49:09,22.6,,공통,raw,
b170_heavy_work_r1,MSF,Large (141-200),170,heavy_work,274.35,38,20251211,122,BLK_122S,7,NC,5,2025-12-12 18:24:28,2025-12-12 19:14:20,49.9,,공통,raw,
b170_heavy_work_r1,MSF,Large (141-200),170,heavy_work,274.35,38,20251211,122,BLK_122S,7,베이36B 론지취부,6,2025-12-12 19:45:43,2025-12-12 20:52:19,66.6,36B,베이36B,raw,
b170_heavy_work_r1,MSF,Large (141-200),170,heavy_work,274.35,38,20251211,122,BLK_122S,7,베이36B 론지용접,7,2025-12-12 20:52:19,2025-12-12 21:17:17,25.0,36B,베이36B,raw,
b170_heavy_work_r1,MSF,Large (141-200),170,heavy_work,274.35,38,20251211,122,BLK_122S,7,베이36B 수정,8,2025-12-12 21:17:17,2025-12-12 21:57:36,40.3,36B,베이36B,raw,
b170_heavy_work_r1,MSF,Large (141-200),170,heavy_work,274.35,38,20251211,130,BLK_130P,8,판계,1,2025-12-11 12:00:00,2025-12-11 12:36:00,36.0,,공통,raw,
b170_heavy_work_r1,MSF,Large (141-200),170,heavy_work,274.35,38,20251211,130,BLK_130P,8,전면SAW,2,2025-12-12 13:47:02,2025-12-12 14:44:00,57.0,,공통,raw,
b170_heavy_work_r1,MSF,Large (141-200),170,heavy_work,274.35,38,20251211,130,BLK_130P,8,TurnOver,3,2025-12-12 14:44:00,2025-12-12 14:58:24,14.4,,공통,raw,
b170_heavy_work_r1,MSF,Large (141-200),170,heavy_work,274.35,38,20251211,130,BLK_130P,8,후면SAW,4,2025-12-12 15:49:09,2025-12-12 16:38:45,49.6,,공통,raw,
b170_heavy_work_r1,MSF,Large (141-200),170,heavy_work,274.35,38,20251211,130,BLK_130P,8,NC,5,2025-12-12 19:14:20,2025-12-12 20:08:03,53.7,,공통,raw,
b170_heavy_work_r1,MSF,Large (141-200),170,heavy_work,274.35,38,20251211,130,BLK_130P,8,베이36B 론지취부,6,2025-12-12 20:52:19,2025-12-12 22:28:19,96.0,36B,베이36B,raw,
b170_heavy_work_r1,MSF,Large (141-200),170,heavy_work,274.35,38,20251211,130,BLK_130P,8,베이36B 론지용접,7,2025-12-12 22:28:19,2025-12-12 22:58:19,30.0,36B,베이36B,raw,
b170_heavy_work_r1,MSF,Large (141-200),170,heavy_work,274.35,38,20251211,130,BLK_130P,8,베이36B 수정,8,2025-12-12 22:58:19,2025-12-12 23:57:07,58.8,36B,베이36B,raw,
b170_heavy_work_r1,MSF,Large (141-200),170,heavy_work,274.35,38,20251211,145,BLK_145C,9,판계,1,2025-12-11 12:36:00,2025-12-11 13:30:00,54.0,,공통,raw,
b170_heavy_work_r1,MSF,Large (141-200),170,heavy_work,274.35,38,20251211,145,BLK_145C,9,전면SAW,2,2025-12-12 14:44:00,2025-12-12 17:42:29,178.5,,공통,raw,
b170_heavy_work_r1,MSF,Large (141-200),170,heavy_work,274.35,38,20251211,145,BLK_145C,9,TurnOver,3,2025-12-12 17:42:29,2025-12-12 17:56:53,14.4,,공통,raw,
b170_heavy_work_r1,MSF,Large (141-200),170,heavy_work,274.35,38,20251211,145,BLK_145C,9,후면SAW,4,2025-12-12 17:56:53,2025-12-12 20:31:12,154.3,,공통,raw,
b170_heavy_work_r1,MSF,Large (141-200),170,heavy_work,274.35,38,20251211,145,BLK_145C,9,NC,5,2025-12-12 20:31:12,2025-12-12 21:31:10,60.0,,공통,raw,
b170_heavy_work_r1,MSF,Large (141-200),170,heavy_work,274.35,38,20251211,145,BLK_145C,9,베이35A 론지취부,6,2025-12-12 21:31:10,2025-12-12 22:46:10,75.0,35A,베이35A,raw,
b170_heavy_work_r1,MSF,Large (141-200),170,heavy_work,274.35,38,20251211,145,BLK_145C,9,베이35A 론지용접,7,2025-12-12 22:46:10,2025-12-12 23:12:34,26.4,35A,베이35A,raw,
b170_heavy_work_r1,MSF,Large (141-200),170,heavy_work,274.35,38,20251211,145,BLK_145C,9,베이35A 수정,8,2025-12-12 23:12:34,2025-12-12 23:58:10,45.6,35A,베이35A,raw,
b170_heavy_work_r1,MSF,Large (141-200),170,heavy_work,274.35,38,20251211,155,BLK_155S,10,판계,1,2025-12-11 13:30:00,2025-12-11 14:06:00,36.0,,공통,raw,
b170_heavy_work_r1,MSF,Large (141-200),170,heavy_work,274.35,38,20251211,155,BLK_155S,10,전면SAW,2,2025-12-12 17:42:29,2025-12-12 18:21:19,38.8,,공통,raw,
b170_heavy_work_r1,MSF,Large (141-200),170,heavy_work,274.35,38,20251211,155,BLK_155S,10,TurnOver,3,2025-12-12 18:21:19,2025-12-12 18:35:43,14.4,,공통,raw,
b170_heavy_work_r1,MSF,Large (141-200),170,heavy_work,274.35,38,20251211,155,BLK_155S,10,후면SAW,4,2025-12-12 20:31:12,2025-12-12 20:56:57,25.8,,공통,raw,
b170_heavy_work_r1,MSF,Large (141-200),170,heavy_work,274.35,38,20251211,155,BLK_155S,10,NC,5,2025-12-12 21:31:10,2025-12-12 22:21:00,49.8,,공통,raw,
b170_heavy_work_r1,MSF,Large (141-200),170,heavy_work,274.35,38,20251211,155,BLK_155S,10,베이36B 론지취부,6,2025-12-12 22:28:19,2025-12-12 23:55:55,87.6,36B,베이36B,raw,
b170_heavy_work_r1,MSF,Large (141-200),170,heavy_work,274.35,38,20251211,155,BLK_155S,10,베이36B 론지용접,7,2025-12-12 23:55:55,2025-12-13 00:24:29,28.6,36B,베이36B,raw,
b170_heavy_work_r1,MSF,Large (141-200),170,heavy_work,274.35,38,20251211,155,BLK_155S,10,베이36B 수정,8,2025-12-13 00:24:29,2025-12-13 01:18:00,53.5,36B,베이36B,raw,
b170_heavy_work_r1,MSF,Large (141-200),170,heavy_work,274.35,38,20251211,129,BLK_129S,11,판계,1,2025-12-11 14:06:00,2025-12-11 14:42:00,36.0,,공통,raw,
b170_heavy_work_r1,MSF,Large (141-200),170,heavy_work,274.35,38,20251211,129,BLK_129S,11,전면SAW,2,2025-12-12 18:21:19,2025-12-12 19:07:41,46.4,,공통,raw,
b170_heavy_work_r1,MSF,Large (141-200),170,heavy_work,274.35,38,20251211,129,BLK_129S,11,TurnOver,3,2025-12-12 19:07:41,2025-12-12 19:22:05,14.4,,공통,raw,
b170_heavy_work_r1,MSF,Large (141-200),170,heavy_work,274.35,38,20251211,129,BLK_129S,11,후면SAW,4,2025-12-12 20:56:57,2025-12-12 21:32:36,35.7,,공통,raw,
b170_heavy_work_r1,MSF,Large (141-200),170,heavy_work,274.35,38,20251211,129,BLK_129S,11,NC,5,2025-12-12 22:21:00,2025-12-12 23:17:49,56.8,,공통,raw,
b170_heavy_work_r1,MSF,Large (141-200),170,heavy_work,274.35,38,20251211,129,BLK_129S,11,베이35A 론지취부,6,2025-12-12 23:17:49,2025-12-13 00:53:49,96.0,35A,베이35A,raw,
b170_heavy_work_r1,MSF,Large (141-200),170,heavy_work,274.35,38,20251211,129,BLK_129S,11,베이35A 론지용접,7,2025-12-13 00:53:49,2025-12-13 01:23:49,30.0,35A,베이35A,raw,
b170_heavy_work_r1,MSF,Large (141-200),170,heavy_work,274.35,38,20251211,129,BLK_129S,11,베이35A 수정,8,2025-12-13 01:23:49,2025-12-13 02:22:37,58.8,35A,베이35A,raw,
b170_heavy_work_r1,MSF,Large (141-200),170,heavy_work,274.35,38,20251211,48,BLK_48C,12,판계,1,2025-12-11 14:42:00,2025-12-11 15:27:36,45.6,,공통,raw,
b170_heavy_work_r1,MSF,Large (141-200),170,heavy_work,274.35,38,20251211,48,BLK_48C,12,전면SAW,2,2025-12-12 19:07:41,2025-12-12 21:30:21,142.7,,공통,raw,
b170_heavy_work_r1,MSF,Large (141-200),170,heavy_work,274.35,38,20251211,48,BLK_48C,12,TurnOver,3,2025-12-12 21:30:21,2025-12-12 21:44:45,14.4,,공통,raw,
b170_heavy_work_r1,MSF,Large (141-200),170,heavy_work,274.35,38,20251211,48,BLK_48C,12,후면SAW,4,2025-12-12 21:44:45,2025-12-12 23:40:09,115.4,,공통,raw,
b170_heavy_work_r1,MSF,Large (141-200),170,heavy_work,274.35,38,20251211,48,BLK_48C,12,NC,5,2025-12-12 23:40:09,2025-12-13 00:39:48,59.7,,공통,raw,
b170_heavy_work_r1,MSF,Large (141-200),170,heavy_work,274.35,38,20251211,48,BLK_48C,12,베이36B 론지취부,6,2025-12-13 00:39:48,2025-12-13 02:15:48,96.0,36B,베이36B,raw,
b170_heavy_work_r1,MSF,Large (141-200),170,heavy_work,274.35,38,20251211,48,BLK_48C,12,베이36B 론지용접,7,2025-12-13 02:15:48,2025-12-13 02:45:48,30.0,36B,베이36B,raw,
b170_heavy_work_r1,MSF,Large (141-200),170,heavy_work,274.35,38,20251211,48,BLK_48C,12,베이36B 수정,8,2025-12-13 02:45:48,2025-12-13 03:44:36,58.8,36B,베이36B,raw,
b170_heavy_work_r1,MSF,Large (141-200),170,heavy_work,274.35,38,20251211,60,BLK_60P,13,판계,1,2025-12-11 15:27:36,2025-12-11 16:03:36,36.0,,공통,raw,
b170_heavy_work_r1,MSF,Large (141-200),170,heavy_work,274.35,38,20251211,60,BLK_60P,13,전면SAW,2,2025-12-12 21:30:21,2025-12-12 22:20:49,50.5,,공통,raw,
b170_heavy_work_r1,MSF,Large (141-200),170,heavy_work,274.35,38,20251211,60,BLK_60P,13,TurnOver,3,2025-12-12 22:20:49,2025-12-12 22:35:13,14.4,,공통,raw,
b170_heavy_work_r1,MSF,Large (141-200),170,heavy_work,274.35,38,20251211,60,BLK_60P,13,후면SAW,4,2025-12-12 23:40:09,2025-12-13 00:21:12,41.1,,공통,raw,
b170_heavy_work_r1,MSF,Large (141-200),170,heavy_work,274.35,38,20251211,60,BLK_60P,13,NC,5,2025-12-13 00:39:48,2025-12-13 01:30:38,50.8,,공통,raw,
b170_heavy_work_r1,MSF,Large (141-200),170,heavy_work,274.35,38,20251211,60,BLK_60P,13,베이35A 론지취부,6,2025-12-13 01:30:38,2025-12-13 02:49:50,79.2,35A,베이35A,raw,
b170_heavy_work_r1,MSF,Large (141-200),170,heavy_work,274.35,38,20251211,60,BLK_60P,13,베이35A 론지용접,7,2025-12-13 02:49:50,2025-12-13 03:16:58,27.1,35A,베이35A,raw,
b170_heavy_work_r1,MSF,Large (141-200),170,heavy_work,274.35,38,20251211,60,BLK_60P,13,베이35A 수정,8,2025-12-13 03:16:58,2025-12-13 04:05:12,48.2,35A,베이35A,raw,
b170_heavy_work_r1,MSF,Large (141-200),170,heavy_work,274.35,38,20251212,141,BLK_141P,1,판계,1,2025-12-12 08:00:00,2025-12-12 08:36:00,36.0,,공통,raw,
b170_heavy_work_r1,MSF,Large (141-200),170,heavy_work,274.35,38,20251212,141,BLK_141P,1,전면SAW,2,2025-12-12 22:20:49,2025-12-12 22:56:13,35.4,,공통,raw,
b170_heavy_work_r1,MSF,Large (141-200),170,heavy_work,274.35,38,20251212,141,BLK_141P,1,TurnOver,3,2025-12-12 22:56:13,2025-12-12 23:10:37,14.4,,공통,raw,
b170_heavy_work_r1,MSF,Large (141-200),170,heavy_work,274.35,38,20251212,141,BLK_141P,1,후면SAW,4,2025-12-13 00:21:12,2025-12-13 00:42:26,21.2,,공통,raw,
b170_heavy_work_r1,MSF,Large (141-200),170,heavy_work,274.35,38,20251212,141,BLK_141P,1,NC,5,2025-12-13 01:30:38,2025-12-13 02:29:08,58.5,,공통,raw,
b170_heavy_work_r1,MSF,Large (141-200),170,heavy_work,274.35,38,20251212,141,BLK_141P,1,베이36B 론지취부,6,2025-12-13 02:29:08,2025-12-13 04:17:44,108.6,36B,베이36B,raw,
b170_heavy_work_r1,MSF,Large (141-200),170,heavy_work,274.35,38,20251212,141,BLK_141P,1,베이36B 론지용접,7,2025-12-13 04:17:44,2025-12-13 04:49:53,32.2,36B,베이36B,raw,
b170_heavy_work_r1,MSF,Large (141-200),170,heavy_work,274.35,38,20251212,141,BLK_141P,1,베이36B 수정,8,2025-12-13 04:49:53,2025-12-13 05:56:36,66.7,36B,베이36B,raw,
b170_heavy_work_r1,MSF,Large (141-200),170,heavy_work,274.35,38,20251212,64,BLK_64C,2,판계,1,2025-12-12 08:36:00,2025-12-12 09:12:00,36.0,,공통,raw,
b170_heavy_work_r1,MSF,Large (141-200),170,heavy_work,274.35,38,20251212,64,BLK_64C,2,전면SAW,2,2025-12-12 22:56:13,2025-12-12 23:34:20,38.1,,공통,raw,
b170_heavy_work_r1,MSF,Large (141-200),170,heavy_work,274.35,38,20251212,64,BLK_64C,2,TurnOver,3,2025-12-12 23:34:20,2025-12-12 23:48:44,14.4,,공통,raw,
b170_heavy_work_r1,MSF,Large (141-200),170,heavy_work,274.35,38,20251212,64,BLK_64C,2,후면SAW,4,2025-12-13 00:42:26,2025-12-13 01:07:14,24.8,,공통,raw,
b170_heavy_work_r1,MSF,Large (141-200),170,heavy_work,274.35,38,20251212,64,BLK_64C,2,NC,5,2025-12-13 02:29:08,2025-12-13 03:18:37,49.5,,공통,raw,
b170_heavy_work_r1,MSF,Large (141-200),170,heavy_work,274.35,38,20251212,64,BLK_64C,2,베이35A 론지취부,6,2025-12-13 03:18:37,2025-12-13 04:50:25,91.8,35A,베이35A,raw,
b170_heavy_work_r1,MSF,Large (141-200),170,heavy_work,274.35,38,20251212,64,BLK_64C,2,베이35A 론지용접,7,2025-12-13 04:50:25,2025-12-13 05:19:42,29.3,35A,베이35A,raw,
b170_heavy_work_r1,MSF,Large (141-200),170,heavy_work,274.35,38,20251212,64,BLK_64C,2,베이35A 수정,8,2025-12-13 05:19:42,2025-12-13 06:15:51,56.2,35A,베이35A,raw,
b170_heavy_work_r1,MSF,Large (141-200),170,heavy_work,274.35,38,20251212,149,BLK_149P,3,판계,1,2025-12-12 09:12:00,2025-12-12 09:48:00,36.0,,공통,raw,
b170_heavy_work_r1,MSF,Large (141-200),170,heavy_work,274.35,38,20251212,149,BLK_149P,3,전면SAW,2,2025-12-12 23:34:20,2025-12-13 00:07:16,32.9,,공통,raw,
b170_heavy_work_r1,MSF,Large (141-200),170,heavy_work,274.35,38,20251212,149,BLK_149P,3,TurnOver,3,2025-12-13 00:07:16,2025-12-13 00:21:40,14.4,,공통,raw,
b170_heavy_work_r1,MSF,Large (141-200),170,heavy_work,274.35,38,20251212,149,BLK_149P,3,후면SAW,4,2025-12-13 01:07:14,2025-12-13 01:25:13,18.0,,공통,raw,
b170_heavy_work_r1,MSF,Large (141-200),170,heavy_work,274.35,38,20251212,149,BLK_149P,3,NC,5,2025-12-13 03:18:37,2025-12-13 04:09:48,51.2,,공통,raw,
b170_heavy_work_r1,MSF,Large (141-200),170,heavy_work,274.35,38,20251212,149,BLK_149P,3,베이36B 론지취부,6,2025-12-13 04:17:44,2025-12-13 05:32:44,75.0,36B,베이36B,raw,
b170_heavy_work_r1,MSF,Large (141-200),170,heavy_work,274.35,38,20251212,149,BLK_149P,3,베이36B 론지용접,7,2025-12-13 05:32:44,2025-12-13 05:59:08,26.4,36B,베이36B,raw,
b170_heavy_work_r1,MSF,Large (141-200),170,heavy_work,274.35,38,20251212,149,BLK_149P,3,베이36B 수정,8,2025-12-13 05:59:08,2025-12-13 06:44:44,45.6,36B,베이36B,raw,
b170_heavy_work_r1,MSF,Large (141-200),170,heavy_work,274.35,38,20251212,150,BLK_150C,4,판계,1,2025-12-12 09:48:00,2025-12-12 10:24:00,36.0,,공통,raw,
b170_heavy_work_r1,MSF,Large (141-200),170,heavy_work,274.35,38,20251212,150,BLK_150C,4,전면SAW,2,2025-12-13 00:07:16,2025-12-13 01:01:12,53.9,,공통,raw,
b170_heavy_work_r1,MSF,Large (141-200),170,heavy_work,274.35,38,20251212,150,BLK_150C,4,TurnOver,3,2025-12-13 01:01:12,2025-12-13 01:15:36,14.4,,공통,raw,
b170_heavy_work_r1,MSF,Large (141-200),170,heavy_work,274.35,38,20251212,150,BLK_150C,4,후면SAW,4,2025-12-13 01:25:13,2025-12-13 02:10:50,45.6,,공통,raw,
b170_heavy_work_r1,MSF,Large (141-200),170,heavy_work,274.35,38,20251212,150,BLK_150C,4,NC,5,2025-12-13 04:09:48,2025-12-13 05:09:12,59.4,,공통,raw,
b170_heavy_work_r1,MSF,Large (141-200),170,heavy_work,274.35,38,20251212,150,BLK_150C,4,베이35A 론지취부,6,2025-12-13 05:09:12,2025-12-13 06:57:48,108.6,35A,베이35A,raw,
b170_heavy_work_r1,MSF,Large (141-200),170,heavy_work,274.35,38,20251212,150,BLK_150C,4,베이35A 론지용접,7,2025-12-13 06:57:48,2025-12-13 07:29:57,32.2,35A,베이35A,raw,
b170_heavy_work_r1,MSF,Large (141-200),170,heavy_work,274.35,38,20251212,150,BLK_150C,4,베이35A 수정,8,2025-12-13 07:29:57,2025-12-13 08:36:41,66.7,35A,베이35A,raw,
b170_heavy_work_r1,MSF,Large (141-200),170,heavy_work,274.35,38,20251212,158,BLK_158P,5,판계,1,2025-12-12 10:24:00,2025-12-12 11:00:00,36.0,,공통,raw,
b170_heavy_work_r1,MSF,Large (141-200),170,heavy_work,274.35,38,20251212,158,BLK_158P,5,전면SAW,2,2025-12-13 01:01:12,2025-12-13 03:37:48,156.6,,공통,raw,
b170_heavy_work_r1,MSF,Large (141-200),170,heavy_work,274.35,38,20251212,158,BLK_158P,5,TurnOver,3,2025-12-13 03:37:48,2025-12-13 03:52:12,14.4,,공통,raw,
b170_heavy_work_r1,MSF,Large (141-200),170,heavy_work,274.35,38,20251212,158,BLK_158P,5,후면SAW,4,2025-12-13 03:52:12,2025-12-13 05:45:38,113.4,,공통,raw,
b170_heavy_work_r1,MSF,Large (141-200),170,heavy_work,274.35,38,20251212,158,BLK_158P,5,NC,5,2025-12-13 05:45:38,2025-12-13 06:53:36,68.0,,공통,raw,
b170_heavy_work_r1,MSF,Large (141-200),170,heavy_work,274.35,38,20251212,158,BLK_158P,5,베이36B 론지취부,6,2025-12-13 06:53:36,2025-12-13 08:29:36,96.0,36B,베이36B,raw,
b170_heavy_work_r1,MSF,Large (141-200),170,heavy_work,274.35,38,20251212,158,BLK_158P,5,베이36B 론지용접,7,2025-12-13 08:29:36,2025-12-13 08:59:36,30.0,36B,베이36B,raw,
b170_heavy_work_r1,MSF,Large (141-200),170,heavy_work,274.35,38,20251212,158,BLK_158P,5,베이36B 수정,8,2025-12-13 08:59:36,2025-12-13 09:58:24,58.8,36B,베이36B,raw,
b170_heavy_work_r1,MSF,Large (141-200),170,heavy_work,274.35,38,20251212,8,BLK_8P,6,판계,1,2025-12-12 11:00:00,2025-12-12 11:36:00,36.0,,공통,raw,
b170_heavy_work_r1,MSF,Large (141-200),170,heavy_work,274.35,38,20251212,8,BLK_8P,6,전면SAW,2,2025-12-13 03:37:48,2025-12-13 04:29:43,51.9,,공통,raw,
b170_heavy_work_r1,MSF,Large (141-200),170,heavy_work,274.35,38,20251212,8,BLK_8P,6,TurnOver,3,2025-12-13 04:29:43,2025-12-13 04:44:07,14.4,,공통,raw,
b170_heavy_work_r1,MSF,Large (141-200),170,heavy_work,274.35,38,20251212,8,BLK_8P,6,후면SAW,4,2025-12-13 05:45:38,2025-12-13 06:28:35,43.0,,공통,raw,
b170_heavy_work_r1,MSF,Large (141-200),170,heavy_work,274.35,38,20251212,8,BLK_8P,6,NC,5,2025-12-13 06:53:36,2025-12-13 07:54:53,61.3,,공통,raw,
b170_heavy_work_r1,MSF,Large (141-200),170,heavy_work,274.35,38,20251212,8,BLK_8P,6,베이36B 론지취부,6,2025-12-13 08:29:36,2025-12-13 10:47:36,138.0,36B,베이36B,raw,
b170_heavy_work_r1,MSF,Large (141-200),170,heavy_work,274.35,38,20251212,8,BLK_8P,6,베이36B 론지용접,7,2025-12-13 10:47:36,2025-12-13 11:24:48,37.2,36B,베이36B,raw,
b170_heavy_work_r1,MSF,Large (141-200),170,heavy_work,274.35,38,20251212,8,BLK_8P,6,베이36B 수정,8,2025-12-13 11:24:48,2025-12-13 12:50:00,85.2,36B,베이36B,raw,
b170_heavy_work_r1,MSF,Large (141-200),170,heavy_work,274.35,38,20251212,159,BLK_159P,7,판계,1,2025-12-12 11:36:00,2025-12-12 12:12:00,36.0,,공통,raw,
b170_heavy_work_r1,MSF,Large (141-200),170,heavy_work,274.35,38,20251212,159,BLK_159P,7,전면SAW,2,2025-12-13 04:29:43,2025-12-13 06:27:30,117.8,,공통,raw,
b170_heavy_work_r1,MSF,Large (141-200),170,heavy_work,274.35,38,20251212,159,BLK_159P,7,TurnOver,3,2025-12-13 06:27:30,2025-12-13 06:41:54,14.4,,공통,raw,
b170_heavy_work_r1,MSF,Large (141-200),170,heavy_work,274.35,38,20251212,159,BLK_159P,7,후면SAW,4,2025-12-13 06:41:54,2025-12-13 08:14:35,92.7,,공통,raw,
b170_heavy_work_r1,MSF,Large (141-200),170,heavy_work,274.35,38,20251212,159,BLK_159P,7,NC,5,2025-12-13 08:14:35,2025-12-13 09:17:29,62.9,,공통,raw,
b170_heavy_work_r1,MSF,Large (141-200),170,heavy_work,274.35,38,20251212,159,BLK_159P,7,베이35A 론지취부,6,2025-12-13 09:17:29,2025-12-13 11:01:53,104.4,35A,베이35A,raw,
b170_heavy_work_r1,MSF,Large (141-200),170,heavy_work,274.35,38,20251212,159,BLK_159P,7,베이35A 론지용접,7,2025-12-13 11:01:53,2025-12-13 11:33:19,31.4,35A,베이35A,raw,
b170_heavy_work_r1,MSF,Large (141-200),170,heavy_work,274.35,38,20251212,159,BLK_159P,7,베이35A 수정,8,2025-12-13 11:33:19,2025-12-13 12:37:24,64.1,35A,베이35A,raw,
b170_heavy_work_r1,MSF,Large (141-200),170,heavy_work,274.35,38,20251212,40,BLK_40P,8,판계,1,2025-12-12 12:12:00,2025-12-12 12:48:00,36.0,,공통,raw,
b170_heavy_work_r1,MSF,Large (141-200),170,heavy_work,274.35,38,20251212,40,BLK_40P,8,전면SAW,2,2025-12-13 06:27:30,2025-12-13 09:10:19,162.8,,공통,raw,
b170_heavy_work_r1,MSF,Large (141-200),170,heavy_work,274.35,38,20251212,40,BLK_40P,8,TurnOver,3,2025-12-13 09:10:19,2025-12-13 09:24:43,14.4,,공통,raw,
b170_heavy_work_r1,MSF,Large (141-200),170,heavy_work,274.35,38,20251212,40,BLK_40P,8,후면SAW,4,2025-12-13 09:24:43,2025-12-13 11:23:06,118.4,,공통,raw,
b170_heavy_work_r1,MSF,Large (141-200),170,heavy_work,274.35,38,20251212,40,BLK_40P,8,NC,5,2025-12-13 11:23:06,2025-12-13 12:33:01,69.9,,공통,raw,
b170_heavy_work_r1,MSF,Large (141-200),170,heavy_work,274.35,38,20251212,40,BLK_40P,8,베이36B 론지취부,6,2025-12-13 12:33:01,2025-12-13 14:00:37,87.6,36B,베이36B,raw,
b170_heavy_work_r1,MSF,Large (141-200),170,heavy_work,274.35,38,20251212,40,BLK_40P,8,베이36B 론지용접,7,2025-12-13 14:00:37,2025-12-13 14:29:11,28.6,36B,베이36B,raw,
b170_heavy_work_r1,MSF,Large (141-200),170,heavy_work,274.35,38,20251212,40,BLK_40P,8,베이36B 수정,8,2025-12-13 14:29:11,2025-12-13 15:22:42,53.5,36B,베이36B,raw,
b170_heavy_work_r1,MSF,Large (141-200),170,heavy_work,274.35,38,20251212,163,BLK_8S,9,판계,1,2025-12-12 12:48:00,2025-12-12 13:24:00,36.0,,공통,raw,
b170_heavy_work_r1,MSF,Large (141-200),170,heavy_work,274.35,38,20251212,163,BLK_8S,9,전면SAW,2,2025-12-13 09:10:19,2025-12-13 10:02:13,51.9,,공통,raw,
b170_heavy_work_r1,MSF,Large (141-200),170,heavy_work,274.35,38,20251212,163,BLK_8S,9,TurnOver,3,2025-12-13 10:02:13,2025-12-13 10:16:37,14.4,,공통,raw,
b170_heavy_work_r1,MSF,Large (141-200),170,heavy_work,274.35,38,20251212,163,BLK_8S,9,후면SAW,4,2025-12-13 11:23:06,2025-12-13 12:06:04,43.0,,공통,raw,
b170_heavy_work_r1,MSF,Large (141-200),170,heavy_work,274.35,38,20251212,163,BLK_8S,9,NC,5,2025-12-13 12:33:01,2025-12-13 13:34:17,61.3,,공통,raw,
b170_heavy_work_r1,MSF,Large (141-200),170,heavy_work,274.35,38,20251212,163,BLK_8S,9,베이36B 론지취부,6,2025-12-13 14:00:37,2025-12-13 16:18:37,138.0,36B,베이36B,raw,
b170_heavy_work_r1,MSF,Large (141-200),170,heavy_work,274.35,38,20251212,163,BLK_8S,9,베이36B 론지용접,7,2025-12-13 16:18:37,2025-12-13 16:55:49,37.2,36B,베이36B,raw,
b170_heavy_work_r1,MSF,Large (141-200),170,heavy_work,274.35,38,20251212,163,BLK_8S,9,베이36B 수정,8,2025-12-13 16:55:49,2025-12-13 18:21:01,85.2,36B,베이36B,raw,
b170_heavy_work_r1,MSF,Large (141-200),170,heavy_work,274.35,38,20251203,168,BLK_11S,17,판계,1,2025-12-03 09:09:36,2025-12-03 09:45:36,36.0,,공통,inferred_subassembly_member,11
b170_heavy_work_r1,MSF,Large (141-200),170,heavy_work,274.35,38,20251203,168,BLK_11S,17,전면SAW,2,2025-12-03 10:45:36,2025-12-03 11:24:23,38.8,,공통,inferred_subassembly_member,11
b170_heavy_work_r1,MSF,Large (141-200),170,heavy_work,274.35,38,20251203,168,BLK_11S,17,TurnOver,3,2025-12-03 11:24:23,2025-12-03 11:38:47,14.4,,공통,inferred_subassembly_member,11
b170_heavy_work_r1,MSF,Large (141-200),170,heavy_work,274.35,38,20251203,168,BLK_11S,17,후면SAW,4,2025-12-03 12:12:51,2025-12-03 12:38:32,25.7,,공통,inferred_subassembly_member,11
b170_heavy_work_r1,MSF,Large (141-200),170,heavy_work,274.35,38,20251203,168,BLK_11S,17,NC,5,2025-12-03 13:10:09,2025-12-03 13:59:44,49.6,,공통,inferred_subassembly_member,11
b170_heavy_work_r1,MSF,Large (141-200),170,heavy_work,274.35,38,20251203,168,BLK_11S,17,베이35A 론지취부,6,2025-12-03 13:59:44,2025-12-03 15:23:08,83.4,35A,베이35A,inferred_subassembly_member,11
b170_heavy_work_r1,MSF,Large (141-200),170,heavy_work,274.35,38,20251203,168,BLK_11S,17,베이35A 론지용접,7,2025-12-03 15:23:08,2025-12-03 15:50:59,27.8,35A,베이35A,inferred_subassembly_member,11
b170_heavy_work_r1,MSF,Large (141-200),170,heavy_work,274.35,38,20251203,168,BLK_11S,17,베이35A 수정,8,2025-12-03 15:50:59,2025-12-03 16:41:52,50.9,35A,베이35A,inferred_subassembly_member,11
b170_heavy_work_r1,MSF,Large (141-200),170,heavy_work,274.35,38,20251204,167,BLK_41P,38,판계,1,2025-12-04 10:49:12,2025-12-04 11:19:12,30.0,,공통,inferred_subassembly_member,41
b170_heavy_work_r1,MSF,Large (141-200),170,heavy_work,274.35,38,20251204,167,BLK_41P,38,전면SAW,2,2025-12-04 14:32:44,2025-12-04 15:11:56,39.2,,공통,inferred_subassembly_member,41
b170_heavy_work_r1,MSF,Large (141-200),170,heavy_work,274.35,38,20251204,167,BLK_41P,38,TurnOver,3,2025-12-04 15:11:56,2025-12-04 15:26:20,14.4,,공통,inferred_subassembly_member,41
b170_heavy_work_r1,MSF,Large (141-200),170,heavy_work,274.35,38,20251204,167,BLK_41P,38,후면SAW,4,2025-12-04 16:16:42,2025-12-04 16:42:56,26.2,,공통,inferred_subassembly_member,41
b170_heavy_work_r1,MSF,Large (141-200),170,heavy_work,274.35,38,20251204,167,BLK_41P,38,NC,5,2025-12-04 17:25:27,2025-12-04 18:08:50,43.4,,공통,inferred_subassembly_member,41
b170_heavy_work_r1,MSF,Large (141-200),170,heavy_work,274.35,38,20251204,167,BLK_41P,38,베이36B 론지취부,6,2025-12-04 18:52:02,2025-12-04 20:19:38,87.6,36B,베이36B,inferred_subassembly_member,41
b170_heavy_work_r1,MSF,Large (141-200),170,heavy_work,274.35,38,20251204,167,BLK_41P,38,베이36B 론지용접,7,2025-12-04 20:19:38,2025-12-04 20:48:12,28.6,36B,베이36B,inferred_subassembly_member,41
b170_heavy_work_r1,MSF,Large (141-200),170,heavy_work,274.35,38,20251204,167,BLK_41P,38,베이36B 수정,8,2025-12-04 20:48:12,2025-12-04 21:41:43,53.5,36B,베이36B,inferred_subassembly_member,41
b170_heavy_work_r1,MSF,Large (141-200),170,heavy_work,274.35,38,20251205,170,BLK_73P,66,판계,1,2025-12-05 18:09:36,2025-12-05 18:39:36,30.0,,공통,inferred_subassembly_member,73
b170_heavy_work_r1,MSF,Large (141-200),170,heavy_work,274.35,38,20251205,170,BLK_73P,66,전면SAW,2,2025-12-06 19:22:50,2025-12-06 20:03:48,41.0,,공통,inferred_subassembly_member,73
b170_heavy_work_r1,MSF,Large (141-200),170,heavy_work,274.35,38,20251205,170,BLK_73P,66,TurnOver,3,2025-12-06 20:03:48,2025-12-06 20:18:12,14.4,,공통,inferred_subassembly_member,73
b170_heavy_work_r1,MSF,Large (141-200),170,heavy_work,274.35,38,20251205,170,BLK_73P,66,후면SAW,4,2025-12-06 21:34:41,2025-12-06 22:03:15,28.6,,공통,inferred_subassembly_member,73
b170_heavy_work_r1,MSF,Large (141-200),170,heavy_work,274.35,38,20251205,170,BLK_73P,66,NC,5,2025-12-06 22:15:57,2025-12-06 23:01:00,45.0,,공통,inferred_subassembly_member,73
b170_heavy_work_r1,MSF,Large (141-200),170,heavy_work,274.35,38,20251205,170,BLK_73P,66,베이36B 론지취부,6,2025-12-06 23:01:00,2025-12-07 00:45:24,104.4,36B,베이36B,inferred_subassembly_member,73
b170_heavy_work_r1,MSF,Large (141-200),170,heavy_work,274.35,38,20251205,170,BLK_73P,66,베이36B 론지용접,7,2025-12-07 00:45:24,2025-12-07 01:16:50,31.4,36B,베이36B,inferred_subassembly_member,73
b170_heavy_work_r1,MSF,Large (141-200),170,heavy_work,274.35,38,20251205,170,BLK_73P,66,베이36B 수정,8,2025-12-07 01:16:50,2025-12-07 02:20:55,64.1,36B,베이36B,inferred_subassembly_member,73
b170_heavy_work_r1,MSF,Large (141-200),170,heavy_work,274.35,38,20251206,169,BLK_84P,77,판계,1,2025-12-06 12:25:12,2025-12-06 13:01:12,36.0,,공통,inferred_subassembly_member,84
b170_heavy_work_r1,MSF,Large (141-200),170,heavy_work,274.35,38,20251206,169,BLK_84P,77,전면SAW,2,2025-12-07 09:01:37,2025-12-07 09:40:25,38.8,,공통,inferred_subassembly_member,84
b170_heavy_work_r1,MSF,Large (141-200),170,heavy_work,274.35,38,20251206,169,BLK_84P,77,TurnOver,3,2025-12-07 09:40:25,2025-12-07 09:54:49,14.4,,공통,inferred_subassembly_member,84
b170_heavy_work_r1,MSF,Large (141-200),170,heavy_work,274.35,38,20251206,169,BLK_84P,77,후면SAW,4,2025-12-07 10:44:23,2025-12-07 11:10:05,25.7,,공통,inferred_subassembly_member,84
b170_heavy_work_r1,MSF,Large (141-200),170,heavy_work,274.35,38,20251206,169,BLK_84P,77,NC,5,2025-12-07 12:55:46,2025-12-07 13:47:11,51.4,,공통,inferred_subassembly_member,84
b170_heavy_work_r1,MSF,Large (141-200),170,heavy_work,274.35,38,20251206,169,BLK_84P,77,베이35A 론지취부,6,2025-12-07 13:47:11,2025-12-07 15:27:23,100.2,35A,베이35A,inferred_subassembly_member,84
b170_heavy_work_r1,MSF,Large (141-200),170,heavy_work,274.35,38,20251206,169,BLK_84P,77,베이35A 론지용접,7,2025-12-07 15:27:23,2025-12-07 15:58:06,30.7,35A,베이35A,inferred_subassembly_member,84
b170_heavy_work_r1,MSF,Large (141-200),170,heavy_work,274.35,38,20251206,169,BLK_84P,77,베이35A 수정,8,2025-12-07 15:58:06,2025-12-07 16:59:32,61.4,35A,베이35A,inferred_subassembly_member,84
