grid_case_id,method_label,size_bucket,total_blocks,distribution_profile,graph_makespan_hours,graph_violations,date,block_id,block_name,sequence,process_name,process_index,start_time,end_time,duration_min,assigned_bay,machine_type,unity_process_row_source,source_representative_block_id
b150_overload_r1,GA,Large (141-200),150,overload,214.38333333333333,10,20251202,2,BLK_2C,1,판계,1,2025-12-02 08:00:00,2025-12-02 08:33:00,33.0,,공통,raw,
b150_overload_r1,GA,Large (141-200),150,overload,214.38333333333333,10,20251202,2,BLK_2C,1,전면SAW,2,2025-12-02 08:33:00,2025-12-02 09:09:08,36.1,,공통,raw,
b150_overload_r1,GA,Large (141-200),150,overload,214.38333333333333,10,20251202,2,BLK_2C,1,TurnOver,3,2025-12-02 09:09:08,2025-12-02 09:22:20,13.2,,공통,raw,
b150_overload_r1,GA,Large (141-200),150,overload,214.38333333333333,10,20251202,2,BLK_2C,1,후면SAW,4,2025-12-02 09:22:20,2025-12-02 09:46:40,24.3,,공통,raw,
b150_overload_r1,GA,Large (141-200),150,overload,214.38333333333333,10,20251202,2,BLK_2C,1,NC,5,2025-12-02 09:46:40,2025-12-02 10:36:37,50.0,,공통,raw,
b150_overload_r1,GA,Large (141-200),150,overload,214.38333333333333,10,20251202,2,BLK_2C,1,베이36B 론지취부,6,2025-12-02 10:36:37,2025-12-02 12:31:34,115.0,36B,베이36B,raw,
b150_overload_r1,GA,Large (141-200),150,overload,214.38333333333333,10,20251202,2,BLK_2C,1,베이36B 론지용접,7,2025-12-02 12:31:34,2025-12-02 13:03:41,32.1,36B,베이36B,raw,
b150_overload_r1,GA,Large (141-200),150,overload,214.38333333333333,10,20251202,2,BLK_2C,1,베이36B 수정,8,2025-12-02 13:03:41,2025-12-02 14:14:32,70.8,36B,베이36B,raw,
b150_overload_r1,GA,Large (141-200),150,overload,214.38333333333333,10,20251202,6,BLK_6P,2,판계,1,2025-12-02 08:33:00,2025-12-02 09:09:18,36.3,,공통,raw,
b150_overload_r1,GA,Large (141-200),150,overload,214.38333333333333,10,20251202,6,BLK_6P,2,전면SAW,2,2025-12-02 09:09:18,2025-12-02 11:03:15,114.0,,공통,raw,
b150_overload_r1,GA,Large (141-200),150,overload,214.38333333333333,10,20251202,6,BLK_6P,2,TurnOver,3,2025-12-02 11:03:15,2025-12-02 11:16:27,13.2,,공통,raw,
b150_overload_r1,GA,Large (141-200),150,overload,214.38333333333333,10,20251202,6,BLK_6P,2,후면SAW,4,2025-12-02 11:16:27,2025-12-02 12:46:54,90.4,,공통,raw,
b150_overload_r1,GA,Large (141-200),150,overload,214.38333333333333,10,20251202,6,BLK_6P,2,NC,5,2025-12-02 12:46:54,2025-12-02 13:33:53,47.0,,공통,raw,
b150_overload_r1,GA,Large (141-200),150,overload,214.38333333333333,10,20251202,6,BLK_6P,2,베이35A 론지취부,6,2025-12-02 13:33:53,2025-12-02 15:13:26,99.6,35A,베이35A,raw,
b150_overload_r1,GA,Large (141-200),150,overload,214.38333333333333,10,20251202,6,BLK_6P,2,베이35A 론지용접,7,2025-12-02 15:13:26,2025-12-02 15:42:55,29.5,35A,베이35A,raw,
b150_overload_r1,GA,Large (141-200),150,overload,214.38333333333333,10,20251202,6,BLK_6P,2,베이35A 수정,8,2025-12-02 15:42:55,2025-12-02 16:44:05,61.2,35A,베이35A,raw,
b150_overload_r1,GA,Large (141-200),150,overload,214.38333333333333,10,20251202,1,BLK_1C,3,판계,1,2025-12-02 09:09:18,2025-12-02 09:22:30,13.2,,공통,raw,
b150_overload_r1,GA,Large (141-200),150,overload,214.38333333333333,10,20251202,1,BLK_1C,3,전면SAW,2,2025-12-02 11:03:15,2025-12-02 11:46:06,42.9,,공통,raw,
b150_overload_r1,GA,Large (141-200),150,overload,214.38333333333333,10,20251202,1,BLK_1C,3,TurnOver,3,2025-12-02 11:46:06,2025-12-02 11:59:18,13.2,,공통,raw,
b150_overload_r1,GA,Large (141-200),150,overload,214.38333333333333,10,20251202,1,BLK_1C,3,후면SAW,4,2025-12-02 12:46:54,2025-12-02 13:20:03,33.2,,공통,raw,
b150_overload_r1,GA,Large (141-200),150,overload,214.38333333333333,10,20251202,1,BLK_1C,3,NC,5,2025-12-02 13:33:53,2025-12-02 13:56:37,22.7,,공통,raw,
b150_overload_r1,GA,Large (141-200),150,overload,214.38333333333333,10,20251202,1,BLK_1C,3,베이36B 론지취부,6,2025-12-02 13:56:37,2025-12-02 15:55:25,118.8,36B,베이36B,raw,
b150_overload_r1,GA,Large (141-200),150,overload,214.38333333333333,10,20251202,1,BLK_1C,3,베이36B 론지용접,7,2025-12-02 15:55:25,2025-12-02 17:19:54,84.5,36B,베이36B,raw,
b150_overload_r1,GA,Large (141-200),150,overload,214.38333333333333,10,20251202,1,BLK_1C,3,베이36B 수정,8,2025-12-02 17:19:54,2025-12-02 17:27:49,7.9,36B,베이36B,raw,
b150_overload_r1,GA,Large (141-200),150,overload,214.38333333333333,10,20251202,10,BLK_10C,4,판계,1,2025-12-02 09:22:30,2025-12-02 09:50:00,27.5,,공통,raw,
b150_overload_r1,GA,Large (141-200),150,overload,214.38333333333333,10,20251202,10,BLK_10C,4,전면SAW,2,2025-12-02 11:46:06,2025-12-02 12:24:36,38.5,,공통,raw,
b150_overload_r1,GA,Large (141-200),150,overload,214.38333333333333,10,20251202,10,BLK_10C,4,TurnOver,3,2025-12-02 12:24:36,2025-12-02 12:37:48,13.2,,공통,raw,
b150_overload_r1,GA,Large (141-200),150,overload,214.38333333333333,10,20251202,10,BLK_10C,4,후면SAW,4,2025-12-02 13:20:03,2025-12-02 13:47:27,27.4,,공통,raw,
b150_overload_r1,GA,Large (141-200),150,overload,214.38333333333333,10,20251202,10,BLK_10C,4,NC,5,2025-12-02 13:56:37,2025-12-02 14:37:35,41.0,,공통,raw,
b150_overload_r1,GA,Large (141-200),150,overload,214.38333333333333,10,20251202,10,BLK_10C,4,베이35A 론지취부,6,2025-12-02 15:13:26,2025-12-02 16:37:35,84.2,35A,베이35A,raw,
b150_overload_r1,GA,Large (141-200),150,overload,214.38333333333333,10,20251202,10,BLK_10C,4,베이35A 론지용접,7,2025-12-02 16:37:35,2025-12-02 17:04:26,26.8,35A,베이35A,raw,
b150_overload_r1,GA,Large (141-200),150,overload,214.38333333333333,10,20251202,10,BLK_10C,4,베이35A 수정,8,2025-12-02 17:04:26,2025-12-02 17:55:54,51.5,35A,베이35A,raw,
b150_overload_r1,GA,Large (141-200),150,overload,214.38333333333333,10,20251202,59,BLK_59C,5,판계,1,2025-12-02 09:50:00,2025-12-02 10:23:00,33.0,,공통,raw,
b150_overload_r1,GA,Large (141-200),150,overload,214.38333333333333,10,20251202,59,BLK_59C,5,전면SAW,2,2025-12-02 12:24:36,2025-12-02 13:07:19,42.7,,공통,raw,
b150_overload_r1,GA,Large (141-200),150,overload,214.38333333333333,10,20251202,59,BLK_59C,5,TurnOver,3,2025-12-02 13:07:19,2025-12-02 13:20:31,13.2,,공통,raw,
b150_overload_r1,GA,Large (141-200),150,overload,214.38333333333333,10,20251202,59,BLK_59C,5,후면SAW,4,2025-12-02 13:47:27,2025-12-02 14:20:26,33.0,,공통,raw,
b150_overload_r1,GA,Large (141-200),150,overload,214.38333333333333,10,20251202,59,BLK_59C,5,NC,5,2025-12-02 14:37:35,2025-12-02 15:21:59,44.4,,공통,raw,
b150_overload_r1,GA,Large (141-200),150,overload,214.38333333333333,10,20251202,59,BLK_59C,5,베이36B 론지취부,6,2025-12-02 15:55:25,2025-12-02 16:52:37,57.2,36B,베이36B,raw,
b150_overload_r1,GA,Large (141-200),150,overload,214.38333333333333,10,20251202,59,BLK_59C,5,베이36B 론지용접,7,2025-12-02 17:19:54,2025-12-02 17:42:07,22.2,36B,베이36B,raw,
b150_overload_r1,GA,Large (141-200),150,overload,214.38333333333333,10,20251202,59,BLK_59C,5,베이36B 수정,8,2025-12-02 17:42:07,2025-12-02 18:16:40,34.5,36B,베이36B,raw,
b150_overload_r1,GA,Large (141-200),150,overload,214.38333333333333,10,20251202,9,BLK_9C,6,판계,1,2025-12-02 10:23:00,2025-12-02 10:56:00,33.0,,공통,raw,
b150_overload_r1,GA,Large (141-200),150,overload,214.38333333333333,10,20251202,9,BLK_9C,6,전면SAW,2,2025-12-02 13:07:19,2025-12-02 15:03:40,116.3,,공통,raw,
b150_overload_r1,GA,Large (141-200),150,overload,214.38333333333333,10,20251202,9,BLK_9C,6,TurnOver,3,2025-12-02 15:03:40,2025-12-02 15:16:52,13.2,,공통,raw,
b150_overload_r1,GA,Large (141-200),150,overload,214.38333333333333,10,20251202,9,BLK_9C,6,후면SAW,4,2025-12-02 15:16:52,2025-12-02 16:39:04,82.2,,공통,raw,
b150_overload_r1,GA,Large (141-200),150,overload,214.38333333333333,10,20251202,9,BLK_9C,6,NC,5,2025-12-02 16:39:04,2025-12-02 17:37:14,58.2,,공통,raw,
b150_overload_r1,GA,Large (141-200),150,overload,214.38333333333333,10,20251202,9,BLK_9C,6,베이35A 론지취부,6,2025-12-02 17:37:14,2025-12-02 18:26:44,49.5,35A,베이35A,raw,
b150_overload_r1,GA,Large (141-200),150,overload,214.38333333333333,10,20251202,9,BLK_9C,6,베이35A 론지용접,7,2025-12-02 18:26:44,2025-12-02 18:47:38,20.9,35A,베이35A,raw,
b150_overload_r1,GA,Large (141-200),150,overload,214.38333333333333,10,20251202,9,BLK_9C,6,베이35A 수정,8,2025-12-02 18:47:38,2025-12-02 19:17:20,29.7,35A,베이35A,raw,
b150_overload_r1,GA,Large (141-200),150,overload,214.38333333333333,10,20251202,68,BLK_68S,7,판계,1,2025-12-02 10:56:00,2025-12-02 11:23:30,27.5,,공통,raw,
b150_overload_r1,GA,Large (141-200),150,overload,214.38333333333333,10,20251202,68,BLK_68S,7,전면SAW,2,2025-12-02 15:03:40,2025-12-02 15:39:37,35.9,,공통,raw,
b150_overload_r1,GA,Large (141-200),150,overload,214.38333333333333,10,20251202,68,BLK_68S,7,TurnOver,3,2025-12-02 15:39:37,2025-12-02 15:52:49,13.2,,공통,raw,
b150_overload_r1,GA,Large (141-200),150,overload,214.38333333333333,10,20251202,68,BLK_68S,7,후면SAW,4,2025-12-02 16:39:04,2025-12-02 17:03:08,24.1,,공통,raw,
b150_overload_r1,GA,Large (141-200),150,overload,214.38333333333333,10,20251202,68,BLK_68S,7,NC,5,2025-12-02 17:37:14,2025-12-02 18:15:48,38.6,,공통,raw,
b150_overload_r1,GA,Large (141-200),150,overload,214.38333333333333,10,20251202,68,BLK_68S,7,베이36B 론지취부,6,2025-12-02 18:15:48,2025-12-02 19:16:51,61.1,36B,베이36B,raw,
b150_overload_r1,GA,Large (141-200),150,overload,214.38333333333333,10,20251202,68,BLK_68S,7,베이36B 론지용접,7,2025-12-02 19:16:51,2025-12-02 19:39:44,22.9,36B,베이36B,raw,
b150_overload_r1,GA,Large (141-200),150,overload,214.38333333333333,10,20251202,68,BLK_68S,7,베이36B 수정,8,2025-12-02 19:39:44,2025-12-02 20:16:42,37.0,36B,베이36B,raw,
b150_overload_r1,GA,Large (141-200),150,overload,214.38333333333333,10,20251202,69,BLK_69P,8,판계,1,2025-12-02 11:23:30,2025-12-02 11:45:30,22.0,,공통,raw,
b150_overload_r1,GA,Large (141-200),150,overload,214.38333333333333,10,20251202,69,BLK_69P,8,전면SAW,2,2025-12-02 15:39:37,2025-12-02 16:33:51,54.2,,공통,raw,
b150_overload_r1,GA,Large (141-200),150,overload,214.38333333333333,10,20251202,69,BLK_69P,8,TurnOver,3,2025-12-02 16:33:51,2025-12-02 16:47:03,13.2,,공통,raw,
b150_overload_r1,GA,Large (141-200),150,overload,214.38333333333333,10,20251202,69,BLK_69P,8,후면SAW,4,2025-12-02 17:03:08,2025-12-02 17:51:16,48.1,,공통,raw,
b150_overload_r1,GA,Large (141-200),150,overload,214.38333333333333,10,20251202,69,BLK_69P,8,NC,5,2025-12-02 18:15:48,2025-12-02 18:46:11,30.4,,공통,raw,
b150_overload_r1,GA,Large (141-200),150,overload,214.38333333333333,10,20251202,69,BLK_69P,8,베이35A 론지취부,6,2025-12-02 18:46:11,2025-12-02 19:35:41,49.5,35A,베이35A,raw,
b150_overload_r1,GA,Large (141-200),150,overload,214.38333333333333,10,20251202,69,BLK_69P,8,베이35A 론지용접,7,2025-12-02 19:35:41,2025-12-02 19:56:35,20.9,35A,베이35A,raw,
b150_overload_r1,GA,Large (141-200),150,overload,214.38333333333333,10,20251202,69,BLK_69P,8,베이35A 수정,8,2025-12-02 19:56:35,2025-12-02 20:26:17,29.7,35A,베이35A,raw,
b150_overload_r1,GA,Large (141-200),150,overload,214.38333333333333,10,20251202,99,BLK_99S,9,판계,1,2025-12-02 11:45:30,2025-12-02 12:24:00,38.5,,공통,raw,
b150_overload_r1,GA,Large (141-200),150,overload,214.38333333333333,10,20251202,99,BLK_99S,9,전면SAW,2,2025-12-02 16:33:51,2025-12-02 19:01:38,147.8,,공통,raw,
b150_overload_r1,GA,Large (141-200),150,overload,214.38333333333333,10,20251202,99,BLK_99S,9,TurnOver,3,2025-12-02 19:01:38,2025-12-02 19:14:50,13.2,,공통,raw,
b150_overload_r1,GA,Large (141-200),150,overload,214.38333333333333,10,20251202,99,BLK_99S,9,후면SAW,4,2025-12-02 19:14:50,2025-12-02 21:21:07,126.3,,공통,raw,
b150_overload_r1,GA,Large (141-200),150,overload,214.38333333333333,10,20251202,99,BLK_99S,9,NC,5,2025-12-02 21:21:07,2025-12-02 22:02:36,41.5,,공통,raw,
b150_overload_r1,GA,Large (141-200),150,overload,214.38333333333333,10,20251202,99,BLK_99S,9,베이36B 론지취부,6,2025-12-02 22:02:36,2025-12-02 22:36:42,34.1,36B,베이36B,raw,
b150_overload_r1,GA,Large (141-200),150,overload,214.38333333333333,10,20251202,99,BLK_99S,9,베이36B 론지용접,7,2025-12-02 22:36:42,2025-12-02 22:54:57,18.3,36B,베이36B,raw,
b150_overload_r1,GA,Large (141-200),150,overload,214.38333333333333,10,20251202,99,BLK_99S,9,베이36B 수정,8,2025-12-02 22:54:57,2025-12-02 23:14:58,20.0,36B,베이36B,raw,
b150_overload_r1,GA,Large (141-200),150,overload,214.38333333333333,10,20251202,5,BLK_5S,10,판계,1,2025-12-02 12:24:00,2025-12-02 13:13:30,49.5,,공통,raw,
b150_overload_r1,GA,Large (141-200),150,overload,214.38333333333333,10,20251202,5,BLK_5S,10,전면SAW,2,2025-12-02 19:01:38,2025-12-02 19:40:22,38.7,,공통,raw,
b150_overload_r1,GA,Large (141-200),150,overload,214.38333333333333,10,20251202,5,BLK_5S,10,TurnOver,3,2025-12-02 19:40:22,2025-12-02 19:53:34,13.2,,공통,raw,
b150_overload_r1,GA,Large (141-200),150,overload,214.38333333333333,10,20251202,5,BLK_5S,10,후면SAW,4,2025-12-02 21:21:07,2025-12-02 21:48:51,27.7,,공통,raw,
b150_overload_r1,GA,Large (141-200),150,overload,214.38333333333333,10,20251202,5,BLK_5S,10,NC,5,2025-12-02 22:02:36,2025-12-02 22:59:28,56.9,,공통,raw,
b150_overload_r1,GA,Large (141-200),150,overload,214.38333333333333,10,20251202,5,BLK_5S,10,베이35A 론지취부,6,2025-12-02 22:59:28,2025-12-03 00:04:22,64.9,35A,베이35A,raw,
b150_overload_r1,GA,Large (141-200),150,overload,214.38333333333333,10,20251202,5,BLK_5S,10,베이35A 론지용접,7,2025-12-03 00:04:22,2025-12-03 00:27:54,23.5,35A,베이35A,raw,
b150_overload_r1,GA,Large (141-200),150,overload,214.38333333333333,10,20251202,5,BLK_5S,10,베이35A 수정,8,2025-12-03 00:27:54,2025-12-03 01:07:17,39.4,35A,베이35A,raw,
b150_overload_r1,GA,Large (141-200),150,overload,214.38333333333333,10,20251202,119,BLK_119S,11,판계,1,2025-12-02 13:13:30,2025-12-02 13:35:30,22.0,,공통,raw,
b150_overload_r1,GA,Large (141-200),150,overload,214.38333333333333,10,20251202,119,BLK_119S,11,전면SAW,2,2025-12-02 19:40:22,2025-12-02 21:41:14,120.9,,공통,raw,
b150_overload_r1,GA,Large (141-200),150,overload,214.38333333333333,10,20251202,119,BLK_119S,11,TurnOver,3,2025-12-02 21:41:14,2025-12-02 21:54:26,13.2,,공통,raw,
b150_overload_r1,GA,Large (141-200),150,overload,214.38333333333333,10,20251202,119,BLK_119S,11,후면SAW,4,2025-12-02 21:54:26,2025-12-02 23:31:10,96.7,,공통,raw,
b150_overload_r1,GA,Large (141-200),150,overload,214.38333333333333,10,20251202,119,BLK_119S,11,NC,5,2025-12-02 23:31:10,2025-12-02 23:59:09,28.0,,공통,raw,
b150_overload_r1,GA,Large (141-200),150,overload,214.38333333333333,10,20251202,119,BLK_119S,11,베이36B 론지취부,6,2025-12-02 23:59:09,2025-12-03 00:52:30,53.4,36B,베이36B,raw,
b150_overload_r1,GA,Large (141-200),150,overload,214.38333333333333,10,20251202,119,BLK_119S,11,베이36B 론지용접,7,2025-12-03 00:52:30,2025-12-03 01:14:03,21.6,36B,베이36B,raw,
b150_overload_r1,GA,Large (141-200),150,overload,214.38333333333333,10,20251202,119,BLK_119S,11,베이36B 수정,8,2025-12-03 01:14:03,2025-12-03 01:46:11,32.1,36B,베이36B,raw,
b150_overload_r1,GA,Large (141-200),150,overload,214.38333333333333,10,20251202,58,BLK_58C,12,판계,1,2025-12-02 13:35:30,2025-12-02 14:03:00,27.5,,공통,raw,
b150_overload_r1,GA,Large (141-200),150,overload,214.38333333333333,10,20251202,58,BLK_58C,12,전면SAW,2,2025-12-02 21:41:14,2025-12-02 22:18:47,37.5,,공통,raw,
b150_overload_r1,GA,Large (141-200),150,overload,214.38333333333333,10,20251202,58,BLK_58C,12,TurnOver,3,2025-12-02 22:18:47,2025-12-02 22:31:59,13.2,,공통,raw,
b150_overload_r1,GA,Large (141-200),150,overload,214.38333333333333,10,20251202,58,BLK_58C,12,후면SAW,4,2025-12-02 23:31:10,2025-12-02 23:57:21,26.2,,공통,raw,
b150_overload_r1,GA,Large (141-200),150,overload,214.38333333333333,10,20251202,58,BLK_58C,12,NC,5,2025-12-02 23:59:09,2025-12-03 00:38:32,39.4,,공통,raw,
b150_overload_r1,GA,Large (141-200),150,overload,214.38333333333333,10,20251202,58,BLK_58C,12,베이35A 론지취부,6,2025-12-03 00:38:32,2025-12-03 02:21:56,103.4,35A,베이35A,raw,
b150_overload_r1,GA,Large (141-200),150,overload,214.38333333333333,10,20251202,58,BLK_58C,12,베이35A 론지용접,7,2025-12-03 02:21:56,2025-12-03 02:52:04,30.1,35A,베이35A,raw,
b150_overload_r1,GA,Large (141-200),150,overload,214.38333333333333,10,20251202,58,BLK_58C,12,베이35A 수정,8,2025-12-03 02:52:04,2025-12-03 03:55:39,63.6,35A,베이35A,raw,
b150_overload_r1,GA,Large (141-200),150,overload,214.38333333333333,10,20251202,118,BLK_118C,13,판계,1,2025-12-02 14:03:00,2025-12-02 14:39:18,36.3,,공통,raw,
b150_overload_r1,GA,Large (141-200),150,overload,214.38333333333333,10,20251202,118,BLK_118C,13,전면SAW,2,2025-12-02 22:18:47,2025-12-02 23:58:33,99.8,,공통,raw,
b150_overload_r1,GA,Large (141-200),150,overload,214.38333333333333,10,20251202,118,BLK_118C,13,TurnOver,3,2025-12-02 23:58:33,2025-12-03 00:11:45,13.2,,공통,raw,
b150_overload_r1,GA,Large (141-200),150,overload,214.38333333333333,10,20251202,118,BLK_118C,13,후면SAW,4,2025-12-03 00:11:45,2025-12-03 01:29:14,77.5,,공통,raw,
b150_overload_r1,GA,Large (141-200),150,overload,214.38333333333333,10,20251202,118,BLK_118C,13,NC,5,2025-12-03 01:29:14,2025-12-03 02:13:13,44.0,,공통,raw,
b150_overload_r1,GA,Large (141-200),150,overload,214.38333333333333,10,20251202,118,BLK_118C,13,베이36B 론지취부,6,2025-12-03 02:13:13,2025-12-03 03:06:34,53.4,36B,베이36B,raw,
b150_overload_r1,GA,Large (141-200),150,overload,214.38333333333333,10,20251202,118,BLK_118C,13,베이36B 론지용접,7,2025-12-03 03:06:34,2025-12-03 03:28:08,21.6,36B,베이36B,raw,
b150_overload_r1,GA,Large (141-200),150,overload,214.38333333333333,10,20251202,118,BLK_118C,13,베이36B 수정,8,2025-12-03 03:28:08,2025-12-03 04:00:15,32.1,36B,베이36B,raw,
b150_overload_r1,GA,Large (141-200),150,overload,214.38333333333333,10,20251202,26,BLK_26S,14,판계,1,2025-12-02 14:39:18,2025-12-02 15:12:18,33.0,,공통,raw,
b150_overload_r1,GA,Large (141-200),150,overload,214.38333333333333,10,20251202,26,BLK_26S,14,전면SAW,2,2025-12-02 23:58:33,2025-12-03 00:32:23,33.8,,공통,raw,
b150_overload_r1,GA,Large (141-200),150,overload,214.38333333333333,10,20251202,26,BLK_26S,14,TurnOver,3,2025-12-03 00:32:23,2025-12-03 00:45:35,13.2,,공통,raw,
b150_overload_r1,GA,Large (141-200),150,overload,214.38333333333333,10,20251202,26,BLK_26S,14,후면SAW,4,2025-12-03 01:29:14,2025-12-03 01:50:32,21.3,,공통,raw,
b150_overload_r1,GA,Large (141-200),150,overload,214.38333333333333,10,20251202,26,BLK_26S,14,NC,5,2025-12-03 02:13:13,2025-12-03 03:07:53,54.7,,공통,raw,
b150_overload_r1,GA,Large (141-200),150,overload,214.38333333333333,10,20251202,26,BLK_26S,14,베이36B 론지취부,6,2025-12-03 03:07:53,2025-12-03 04:58:59,111.1,36B,베이36B,raw,
b150_overload_r1,GA,Large (141-200),150,overload,214.38333333333333,10,20251202,26,BLK_26S,14,베이36B 론지용접,7,2025-12-03 04:58:59,2025-12-03 05:30:27,31.5,36B,베이36B,raw,
b150_overload_r1,GA,Large (141-200),150,overload,214.38333333333333,10,20251202,26,BLK_26S,14,베이36B 수정,8,2025-12-03 05:30:27,2025-12-03 06:38:52,68.4,36B,베이36B,raw,
b150_overload_r1,GA,Large (141-200),150,overload,214.38333333333333,10,20251202,109,BLK_109C,15,판계,1,2025-12-02 15:12:18,2025-12-02 15:25:30,13.2,,공통,raw,
b150_overload_r1,GA,Large (141-200),150,overload,214.38333333333333,10,20251202,109,BLK_109C,15,전면SAW,2,2025-12-03 00:32:23,2025-12-03 01:18:40,46.3,,공통,raw,
b150_overload_r1,GA,Large (141-200),150,overload,214.38333333333333,10,20251202,109,BLK_109C,15,TurnOver,3,2025-12-03 01:18:40,2025-12-03 01:31:52,13.2,,공통,raw,
b150_overload_r1,GA,Large (141-200),150,overload,214.38333333333333,10,20251202,109,BLK_109C,15,후면SAW,4,2025-12-03 01:50:32,2025-12-03 02:28:11,37.7,,공통,raw,
b150_overload_r1,GA,Large (141-200),150,overload,214.38333333333333,10,20251202,109,BLK_109C,15,NC,5,2025-12-03 03:07:53,2025-12-03 03:33:20,25.4,,공통,raw,
b150_overload_r1,GA,Large (141-200),150,overload,214.38333333333333,10,20251202,109,BLK_109C,15,베이35A 론지취부,6,2025-12-03 03:33:20,2025-12-03 04:53:38,80.3,35A,베이35A,raw,
b150_overload_r1,GA,Large (141-200),150,overload,214.38333333333333,10,20251202,109,BLK_109C,15,베이35A 론지용접,7,2025-12-03 04:53:38,2025-12-03 05:19:49,26.2,35A,베이35A,raw,
b150_overload_r1,GA,Large (141-200),150,overload,214.38333333333333,10,20251202,109,BLK_109C,15,베이35A 수정,8,2025-12-03 05:19:49,2025-12-03 06:08:52,49.1,35A,베이35A,raw,
b150_overload_r1,GA,Large (141-200),150,overload,214.38333333333333,10,20251202,21,BLK_21S,16,판계,1,2025-12-02 15:25:30,2025-12-02 16:07:18,41.8,,공통,raw,
b150_overload_r1,GA,Large (141-200),150,overload,214.38333333333333,10,20251202,21,BLK_21S,16,전면SAW,2,2025-12-03 01:18:40,2025-12-03 02:35:56,77.3,,공통,raw,
b150_overload_r1,GA,Large (141-200),150,overload,214.38333333333333,10,20251202,21,BLK_21S,16,TurnOver,3,2025-12-03 02:35:56,2025-12-03 02:49:08,13.2,,공통,raw,
b150_overload_r1,GA,Large (141-200),150,overload,214.38333333333333,10,20251202,21,BLK_21S,16,후면SAW,4,2025-12-03 02:49:08,2025-12-03 03:46:07,57.0,,공통,raw,
b150_overload_r1,GA,Large (141-200),150,overload,214.38333333333333,10,20251202,21,BLK_21S,16,NC,5,2025-12-03 03:46:07,2025-12-03 04:34:54,48.8,,공통,raw,
b150_overload_r1,GA,Large (141-200),150,overload,214.38333333333333,10,20251202,21,BLK_21S,16,베이36B 론지취부,6,2025-12-03 04:58:59,2025-12-03 06:00:02,61.1,36B,베이36B,raw,
b150_overload_r1,GA,Large (141-200),150,overload,214.38333333333333,10,20251202,21,BLK_21S,16,베이36B 론지용접,7,2025-12-03 06:00:02,2025-12-03 06:22:55,22.9,36B,베이36B,raw,
b150_overload_r1,GA,Large (141-200),150,overload,214.38333333333333,10,20251202,21,BLK_21S,16,베이36B 수정,8,2025-12-03 06:38:52,2025-12-03 07:15:50,37.0,36B,베이36B,raw,
b150_overload_r1,GA,Large (141-200),150,overload,214.38333333333333,10,20251202,89,BLK_89P,17,판계,1,2025-12-02 16:07:18,2025-12-02 16:40:18,33.0,,공통,raw,
b150_overload_r1,GA,Large (141-200),150,overload,214.38333333333333,10,20251202,89,BLK_89P,17,전면SAW,2,2025-12-03 02:35:56,2025-12-03 03:08:53,32.9,,공통,raw,
b150_overload_r1,GA,Large (141-200),150,overload,214.38333333333333,10,20251202,89,BLK_89P,17,TurnOver,3,2025-12-03 03:08:53,2025-12-03 03:22:05,13.2,,공통,raw,
b150_overload_r1,GA,Large (141-200),150,overload,214.38333333333333,10,20251202,89,BLK_89P,17,후면SAW,4,2025-12-03 03:46:07,2025-12-03 04:06:14,20.1,,공통,raw,
b150_overload_r1,GA,Large (141-200),150,overload,214.38333333333333,10,20251202,89,BLK_89P,17,NC,5,2025-12-03 04:34:54,2025-12-03 05:27:17,52.4,,공통,raw,
b150_overload_r1,GA,Large (141-200),150,overload,214.38333333333333,10,20251202,89,BLK_89P,17,베이35A 론지취부,6,2025-12-03 05:27:17,2025-12-03 07:02:59,95.7,35A,베이35A,raw,
b150_overload_r1,GA,Large (141-200),150,overload,214.38333333333333,10,20251202,89,BLK_89P,17,베이35A 론지용접,7,2025-12-03 07:02:59,2025-12-03 07:31:49,28.8,35A,베이35A,raw,
b150_overload_r1,GA,Large (141-200),150,overload,214.38333333333333,10,20251202,89,BLK_89P,17,베이35A 수정,8,2025-12-03 07:31:49,2025-12-03 08:30:33,58.7,35A,베이35A,raw,
b150_overload_r1,GA,Large (141-200),150,overload,214.38333333333333,10,20251202,52,BLK_52S,18,판계,1,2025-12-02 16:40:18,2025-12-02 17:24:18,44.0,,공통,raw,
b150_overload_r1,GA,Large (141-200),150,overload,214.38333333333333,10,20251202,52,BLK_52S,18,전면SAW,2,2025-12-03 03:08:53,2025-12-03 05:51:12,162.3,,공통,raw,
b150_overload_r1,GA,Large (141-200),150,overload,214.38333333333333,10,20251202,52,BLK_52S,18,TurnOver,3,2025-12-03 05:51:12,2025-12-03 06:04:24,13.2,,공통,raw,
b150_overload_r1,GA,Large (141-200),150,overload,214.38333333333333,10,20251202,52,BLK_52S,18,후면SAW,4,2025-12-03 06:04:24,2025-12-03 08:03:23,119.0,,공통,raw,
b150_overload_r1,GA,Large (141-200),150,overload,214.38333333333333,10,20251202,52,BLK_52S,18,NC,5,2025-12-03 08:03:23,2025-12-03 08:54:59,51.6,,공통,raw,
b150_overload_r1,GA,Large (141-200),150,overload,214.38333333333333,10,20251202,52,BLK_52S,18,베이36B 론지취부,6,2025-12-03 08:54:59,2025-12-03 09:59:53,64.9,36B,베이36B,raw,
b150_overload_r1,GA,Large (141-200),150,overload,214.38333333333333,10,20251202,52,BLK_52S,18,베이36B 론지용접,7,2025-12-03 09:59:53,2025-12-03 10:23:25,23.5,36B,베이36B,raw,
b150_overload_r1,GA,Large (141-200),150,overload,214.38333333333333,10,20251202,52,BLK_52S,18,베이36B 수정,8,2025-12-03 10:23:25,2025-12-03 11:02:48,39.4,36B,베이36B,raw,
b150_overload_r1,GA,Large (141-200),150,overload,214.38333333333333,10,20251202,129,BLK_129C,19,판계,1,2025-12-02 17:24:18,2025-12-02 17:37:30,13.2,,공통,raw,
b150_overload_r1,GA,Large (141-200),150,overload,214.38333333333333,10,20251202,129,BLK_129C,19,전면SAW,2,2025-12-03 05:51:12,2025-12-03 07:07:09,76.0,,공통,raw,
b150_overload_r1,GA,Large (141-200),150,overload,214.38333333333333,10,20251202,129,BLK_129C,19,TurnOver,3,2025-12-03 07:07:09,2025-12-03 07:20:21,13.2,,공통,raw,
b150_overload_r1,GA,Large (141-200),150,overload,214.38333333333333,10,20251202,129,BLK_129C,19,후면SAW,4,2025-12-03 08:03:23,2025-12-03 09:20:06,76.7,,공통,raw,
b150_overload_r1,GA,Large (141-200),150,overload,214.38333333333333,10,20251202,129,BLK_129C,19,NC,5,2025-12-03 09:20:06,2025-12-03 09:43:18,23.2,,공통,raw,
b150_overload_r1,GA,Large (141-200),150,overload,214.38333333333333,10,20251202,129,BLK_129C,19,베이35A 론지취부,6,2025-12-03 09:43:18,2025-12-03 10:09:42,26.4,35A,베이35A,raw,
b150_overload_r1,GA,Large (141-200),150,overload,214.38333333333333,10,20251202,129,BLK_129C,19,베이35A 론지용접,7,2025-12-03 10:09:42,2025-12-03 10:22:15,12.5,35A,베이35A,raw,
b150_overload_r1,GA,Large (141-200),150,overload,214.38333333333333,10,20251202,129,BLK_129C,19,베이35A 수정,8,2025-12-03 10:22:15,2025-12-03 10:37:25,15.2,35A,베이35A,raw,
b150_overload_r1,GA,Large (141-200),150,overload,214.38333333333333,10,20251202,3,BLK_3C,20,판계,1,2025-12-02 17:37:30,2025-12-02 17:59:30,22.0,,공통,raw,
b150_overload_r1,GA,Large (141-200),150,overload,214.38333333333333,10,20251202,3,BLK_3C,20,전면SAW,2,2025-12-03 07:07:09,2025-12-03 07:51:33,44.4,,공통,raw,
b150_overload_r1,GA,Large (141-200),150,overload,214.38333333333333,10,20251202,3,BLK_3C,20,TurnOver,3,2025-12-03 07:51:33,2025-12-03 08:04:45,13.2,,공통,raw,
b150_overload_r1,GA,Large (141-200),150,overload,214.38333333333333,10,20251202,3,BLK_3C,20,후면SAW,4,2025-12-03 09:20:06,2025-12-03 09:55:18,35.2,,공통,raw,
b150_overload_r1,GA,Large (141-200),150,overload,214.38333333333333,10,20251202,3,BLK_3C,20,NC,5,2025-12-03 09:55:18,2025-12-03 10:29:58,34.7,,공통,raw,
b150_overload_r1,GA,Large (141-200),150,overload,214.38333333333333,10,20251202,3,BLK_3C,20,베이36B 론지취부,6,2025-12-03 10:29:58,2025-12-03 11:54:07,84.2,36B,베이36B,raw,
b150_overload_r1,GA,Large (141-200),150,overload,214.38333333333333,10,20251202,3,BLK_3C,20,베이36B 론지용접,7,2025-12-03 11:54:07,2025-12-03 12:20:57,26.8,36B,베이36B,raw,
b150_overload_r1,GA,Large (141-200),150,overload,214.38333333333333,10,20251202,3,BLK_3C,20,베이36B 수정,8,2025-12-03 12:20:57,2025-12-03 13:12:26,51.5,36B,베이36B,raw,
b150_overload_r1,GA,Large (141-200),150,overload,214.38333333333333,10,20251203,7,BLK_7S,1,판계,1,2025-12-03 08:00:00,2025-12-03 08:33:00,33.0,,공통,raw,
b150_overload_r1,GA,Large (141-200),150,overload,214.38333333333333,10,20251203,7,BLK_7S,1,전면SAW,2,2025-12-03 08:33:00,2025-12-03 09:05:52,32.9,,공통,raw,
b150_overload_r1,GA,Large (141-200),150,overload,214.38333333333333,10,20251203,7,BLK_7S,1,TurnOver,3,2025-12-03 09:05:52,2025-12-03 09:19:04,13.2,,공통,raw,
b150_overload_r1,GA,Large (141-200),150,overload,214.38333333333333,10,20251203,7,BLK_7S,1,후면SAW,4,2025-12-03 09:55:18,2025-12-03 10:15:19,20.0,,공통,raw,
b150_overload_r1,GA,Large (141-200),150,overload,214.38333333333333,10,20251203,7,BLK_7S,1,NC,5,2025-12-03 10:29:58,2025-12-03 11:23:03,53.1,,공통,raw,
b150_overload_r1,GA,Large (141-200),150,overload,214.38333333333333,10,20251203,7,BLK_7S,1,베이36B 론지취부,6,2025-12-03 11:54:07,2025-12-03 13:49:04,115.0,36B,베이36B,raw,
b150_overload_r1,GA,Large (141-200),150,overload,214.38333333333333,10,20251203,7,BLK_7S,1,베이36B 론지용접,7,2025-12-03 13:49:04,2025-12-03 14:21:11,32.1,36B,베이36B,raw,
b150_overload_r1,GA,Large (141-200),150,overload,214.38333333333333,10,20251203,7,BLK_7S,1,베이36B 수정,8,2025-12-03 14:21:11,2025-12-03 15:32:01,70.8,36B,베이36B,raw,
b150_overload_r1,GA,Large (141-200),150,overload,214.38333333333333,10,20251203,14,BLK_14P,2,판계,1,2025-12-03 08:33:00,2025-12-03 09:03:48,30.8,,공통,raw,
b150_overload_r1,GA,Large (141-200),150,overload,214.38333333333333,10,20251203,14,BLK_14P,2,전면SAW,2,2025-12-03 09:05:52,2025-12-03 11:18:12,132.3,,공통,raw,
b150_overload_r1,GA,Large (141-200),150,overload,214.38333333333333,10,20251203,14,BLK_14P,2,TurnOver,3,2025-12-03 11:18:12,2025-12-03 11:31:24,13.2,,공통,raw,
b150_overload_r1,GA,Large (141-200),150,overload,214.38333333333333,10,20251203,14,BLK_14P,2,후면SAW,4,2025-12-03 11:31:24,2025-12-03 13:45:55,134.5,,공통,raw,
b150_overload_r1,GA,Large (141-200),150,overload,214.38333333333333,10,20251203,14,BLK_14P,2,NC,5,2025-12-03 13:45:55,2025-12-03 14:24:17,38.4,,공통,raw,
b150_overload_r1,GA,Large (141-200),150,overload,214.38333333333333,10,20251203,14,BLK_14P,2,베이35A 론지취부,6,2025-12-03 14:24:17,2025-12-03 15:21:29,57.2,35A,베이35A,raw,
b150_overload_r1,GA,Large (141-200),150,overload,214.38333333333333,10,20251203,14,BLK_14P,2,베이35A 론지용접,7,2025-12-03 15:21:29,2025-12-03 15:43:42,22.2,35A,베이35A,raw,
b150_overload_r1,GA,Large (141-200),150,overload,214.38333333333333,10,20251203,14,BLK_14P,2,베이35A 수정,8,2025-12-03 15:43:42,2025-12-03 16:18:15,34.5,35A,베이35A,raw,
b150_overload_r1,GA,Large (141-200),150,overload,214.38333333333333,10,20251203,18,BLK_18C,3,판계,1,2025-12-03 09:03:48,2025-12-03 09:45:36,41.8,,공통,raw,
b150_overload_r1,GA,Large (141-200),150,overload,214.38333333333333,10,20251203,18,BLK_18C,3,전면SAW,2,2025-12-03 11:18:12,2025-12-03 12:58:07,99.9,,공통,raw,
b150_overload_r1,GA,Large (141-200),150,overload,214.38333333333333,10,20251203,18,BLK_18C,3,TurnOver,3,2025-12-03 12:58:07,2025-12-03 13:11:19,13.2,,공통,raw,
b150_overload_r1,GA,Large (141-200),150,overload,214.38333333333333,10,20251203,18,BLK_18C,3,후면SAW,4,2025-12-03 13:45:55,2025-12-03 15:03:32,77.6,,공통,raw,
b150_overload_r1,GA,Large (141-200),150,overload,214.38333333333333,10,20251203,18,BLK_18C,3,NC,5,2025-12-03 15:03:32,2025-12-03 15:51:30,48.0,,공통,raw,
b150_overload_r1,GA,Large (141-200),150,overload,214.38333333333333,10,20251203,18,BLK_18C,3,베이36B 론지취부,6,2025-12-03 15:51:30,2025-12-03 16:44:51,53.4,36B,베이36B,raw,
b150_overload_r1,GA,Large (141-200),150,overload,214.38333333333333,10,20251203,18,BLK_18C,3,베이36B 론지용접,7,2025-12-03 16:44:51,2025-12-03 17:06:24,21.6,36B,베이36B,raw,
b150_overload_r1,GA,Large (141-200),150,overload,214.38333333333333,10,20251203,18,BLK_18C,3,베이36B 수정,8,2025-12-03 17:06:24,2025-12-03 17:38:32,32.1,36B,베이36B,raw,
b150_overload_r1,GA,Large (141-200),150,overload,214.38333333333333,10,20251203,19,BLK_19S,4,판계,1,2025-12-03 09:45:36,2025-12-03 10:16:24,30.8,,공통,raw,
b150_overload_r1,GA,Large (141-200),150,overload,214.38333333333333,10,20251203,19,BLK_19S,4,전면SAW,2,2025-12-03 12:58:07,2025-12-03 14:48:21,110.2,,공통,raw,
b150_overload_r1,GA,Large (141-200),150,overload,214.38333333333333,10,20251203,19,BLK_19S,4,TurnOver,3,2025-12-03 14:48:21,2025-12-03 15:01:33,13.2,,공통,raw,
b150_overload_r1,GA,Large (141-200),150,overload,214.38333333333333,10,20251203,19,BLK_19S,4,후면SAW,4,2025-12-03 15:03:32,2025-12-03 16:52:16,108.7,,공통,raw,
b150_overload_r1,GA,Large (141-200),150,overload,214.38333333333333,10,20251203,19,BLK_19S,4,NC,5,2025-12-03 16:52:16,2025-12-03 17:26:01,33.7,,공통,raw,
b150_overload_r1,GA,Large (141-200),150,overload,214.38333333333333,10,20251203,19,BLK_19S,4,베이35A 론지취부,6,2025-12-03 17:26:01,2025-12-03 17:52:25,26.4,35A,베이35A,raw,
b150_overload_r1,GA,Large (141-200),150,overload,214.38333333333333,10,20251203,19,BLK_19S,4,베이35A 론지용접,7,2025-12-03 17:52:25,2025-12-03 18:04:58,12.5,35A,베이35A,raw,
b150_overload_r1,GA,Large (141-200),150,overload,214.38333333333333,10,20251203,19,BLK_19S,4,베이35A 수정,8,2025-12-03 18:04:58,2025-12-03 18:20:08,15.2,35A,베이35A,raw,
b150_overload_r1,GA,Large (141-200),150,overload,214.38333333333333,10,20251203,23,BLK_23S,5,판계,1,2025-12-03 10:16:24,2025-12-03 11:13:36,57.2,,공통,raw,
b150_overload_r1,GA,Large (141-200),150,overload,214.38333333333333,10,20251203,23,BLK_23S,5,전면SAW,2,2025-12-03 14:48:21,2025-12-03 17:35:46,167.4,,공통,raw,
b150_overload_r1,GA,Large (141-200),150,overload,214.38333333333333,10,20251203,23,BLK_23S,5,TurnOver,3,2025-12-03 17:35:46,2025-12-03 17:48:58,13.2,,공통,raw,
b150_overload_r1,GA,Large (141-200),150,overload,214.38333333333333,10,20251203,23,BLK_23S,5,후면SAW,4,2025-12-03 17:48:58,2025-12-03 20:05:21,136.4,,공통,raw,
b150_overload_r1,GA,Large (141-200),150,overload,214.38333333333333,10,20251203,23,BLK_23S,5,NC,5,2025-12-03 20:05:21,2025-12-03 21:29:03,83.7,,공통,raw,
b150_overload_r1,GA,Large (141-200),150,overload,214.38333333333333,10,20251203,23,BLK_23S,5,베이36B 론지취부,6,2025-12-03 21:29:03,2025-12-03 23:27:51,118.8,36B,베이36B,raw,
b150_overload_r1,GA,Large (141-200),150,overload,214.38333333333333,10,20251203,23,BLK_23S,5,베이36B 론지용접,7,2025-12-03 23:27:51,2025-12-04 00:00:37,32.8,36B,베이36B,raw,
b150_overload_r1,GA,Large (141-200),150,overload,214.38333333333333,10,20251203,23,BLK_23S,5,베이36B 수정,8,2025-12-04 00:00:37,2025-12-04 01:13:53,73.3,36B,베이36B,raw,
b150_overload_r1,GA,Large (141-200),150,overload,214.38333333333333,10,20251203,98,BLK_98C,6,판계,1,2025-12-03 11:13:36,2025-12-03 11:35:36,22.0,,공통,raw,
b150_overload_r1,GA,Large (141-200),150,overload,214.38333333333333,10,20251203,98,BLK_98C,6,전면SAW,2,2025-12-03 17:35:46,2025-12-03 19:45:25,129.6,,공통,raw,
b150_overload_r1,GA,Large (141-200),150,overload,214.38333333333333,10,20251203,98,BLK_98C,6,TurnOver,3,2025-12-03 19:45:25,2025-12-03 19:58:37,13.2,,공통,raw,
b150_overload_r1,GA,Large (141-200),150,overload,214.38333333333333,10,20251203,98,BLK_98C,6,후면SAW,4,2025-12-03 20:05:21,2025-12-03 21:50:05,104.7,,공통,raw,
b150_overload_r1,GA,Large (141-200),150,overload,214.38333333333333,10,20251203,98,BLK_98C,6,NC,5,2025-12-03 21:50:05,2025-12-03 22:18:41,28.6,,공통,raw,
b150_overload_r1,GA,Large (141-200),150,overload,214.38333333333333,10,20251203,98,BLK_98C,6,베이35A 론지취부,6,2025-12-03 22:18:41,2025-12-03 23:04:20,45.7,35A,베이35A,raw,
b150_overload_r1,GA,Large (141-200),150,overload,214.38333333333333,10,20251203,98,BLK_98C,6,베이35A 론지용접,7,2025-12-03 23:04:20,2025-12-03 23:20:10,15.8,35A,베이35A,raw,
b150_overload_r1,GA,Large (141-200),150,overload,214.38333333333333,10,20251203,98,BLK_98C,6,베이35A 수정,8,2025-12-03 23:20:10,2025-12-03 23:47:27,27.3,35A,베이35A,raw,
b150_overload_r1,GA,Large (141-200),150,overload,214.38333333333333,10,20251203,30,BLK_30S,7,판계,1,2025-12-03 11:35:36,2025-12-03 12:03:06,27.5,,공통,raw,
b150_overload_r1,GA,Large (141-200),150,overload,214.38333333333333,10,20251203,30,BLK_30S,7,전면SAW,2,2025-12-03 19:45:25,2025-12-03 20:31:14,45.8,,공통,raw,
b150_overload_r1,GA,Large (141-200),150,overload,214.38333333333333,10,20251203,30,BLK_30S,7,TurnOver,3,2025-12-03 20:31:14,2025-12-03 20:44:26,13.2,,공통,raw,
b150_overload_r1,GA,Large (141-200),150,overload,214.38333333333333,10,20251203,30,BLK_30S,7,후면SAW,4,2025-12-03 21:50:05,2025-12-03 22:27:09,37.1,,공통,raw,
b150_overload_r1,GA,Large (141-200),150,overload,214.38333333333333,10,20251203,30,BLK_30S,7,NC,5,2025-12-03 22:27:09,2025-12-03 23:06:06,39.0,,공통,raw,
b150_overload_r1,GA,Large (141-200),150,overload,214.38333333333333,10,20251203,30,BLK_30S,7,베이36B 론지취부,6,2025-12-03 23:27:51,2025-12-04 00:52:00,84.2,36B,베이36B,raw,
b150_overload_r1,GA,Large (141-200),150,overload,214.38333333333333,10,20251203,30,BLK_30S,7,베이36B 론지용접,7,2025-12-04 00:52:00,2025-12-04 01:18:50,26.8,36B,베이36B,raw,
b150_overload_r1,GA,Large (141-200),150,overload,214.38333333333333,10,20251203,30,BLK_30S,7,베이36B 수정,8,2025-12-04 01:18:50,2025-12-04 02:10:19,51.5,36B,베이36B,raw,
b150_overload_r1,GA,Large (141-200),150,overload,214.38333333333333,10,20251203,78,BLK_78S,8,판계,1,2025-12-03 12:03:06,2025-12-03 12:36:06,33.0,,공통,raw,
b150_overload_r1,GA,Large (141-200),150,overload,214.38333333333333,10,20251203,78,BLK_78S,8,전면SAW,2,2025-12-03 20:31:14,2025-12-03 21:05:22,34.1,,공통,raw,
b150_overload_r1,GA,Large (141-200),150,overload,214.38333333333333,10,20251203,78,BLK_78S,8,TurnOver,3,2025-12-03 21:05:22,2025-12-03 21:18:34,13.2,,공통,raw,
b150_overload_r1,GA,Large (141-200),150,overload,214.38333333333333,10,20251203,78,BLK_78S,8,후면SAW,4,2025-12-03 22:27:09,2025-12-03 22:48:49,21.7,,공통,raw,
b150_overload_r1,GA,Large (141-200),150,overload,214.38333333333333,10,20251203,78,BLK_78S,8,NC,5,2025-12-03 23:06:06,2025-12-03 23:58:32,52.4,,공통,raw,
b150_overload_r1,GA,Large (141-200),150,overload,214.38333333333333,10,20251203,78,BLK_78S,8,베이36B 론지취부,6,2025-12-04 00:52:00,2025-12-04 02:20:00,88.0,36B,베이36B,raw,
b150_overload_r1,GA,Large (141-200),150,overload,214.38333333333333,10,20251203,78,BLK_78S,8,베이36B 론지용접,7,2025-12-04 02:20:00,2025-12-04 02:47:30,27.5,36B,베이36B,raw,
b150_overload_r1,GA,Large (141-200),150,overload,214.38333333333333,10,20251203,78,BLK_78S,8,베이36B 수정,8,2025-12-04 02:47:30,2025-12-04 03:41:24,53.9,36B,베이36B,raw,
b150_overload_r1,GA,Large (141-200),150,overload,214.38333333333333,10,20251203,128,BLK_128S,9,판계,1,2025-12-03 12:36:06,2025-12-03 13:20:06,44.0,,공통,raw,
b150_overload_r1,GA,Large (141-200),150,overload,214.38333333333333,10,20251203,128,BLK_128S,9,전면SAW,2,2025-12-03 21:05:22,2025-12-03 23:58:39,173.3,,공통,raw,
b150_overload_r1,GA,Large (141-200),150,overload,214.38333333333333,10,20251203,128,BLK_128S,9,TurnOver,3,2025-12-03 23:58:39,2025-12-04 00:11:51,13.2,,공통,raw,
b150_overload_r1,GA,Large (141-200),150,overload,214.38333333333333,10,20251203,128,BLK_128S,9,후면SAW,4,2025-12-04 00:11:51,2025-12-04 02:19:36,127.8,,공통,raw,
b150_overload_r1,GA,Large (141-200),150,overload,214.38333333333333,10,20251203,128,BLK_128S,9,NC,5,2025-12-04 02:19:36,2025-12-04 03:10:23,50.8,,공통,raw,
b150_overload_r1,GA,Large (141-200),150,overload,214.38333333333333,10,20251203,128,BLK_128S,9,베이35A 론지취부,6,2025-12-04 03:10:23,2025-12-04 04:07:35,57.2,35A,베이35A,raw,
b150_overload_r1,GA,Large (141-200),150,overload,214.38333333333333,10,20251203,128,BLK_128S,9,베이35A 론지용접,7,2025-12-04 04:07:35,2025-12-04 04:29:48,22.2,35A,베이35A,raw,
b150_overload_r1,GA,Large (141-200),150,overload,214.38333333333333,10,20251203,128,BLK_128S,9,베이35A 수정,8,2025-12-04 04:29:48,2025-12-04 05:04:21,34.5,35A,베이35A,raw,
b150_overload_r1,GA,Large (141-200),150,overload,214.38333333333333,10,20251203,13,BLK_13S,10,판계,1,2025-12-03 13:20:06,2025-12-03 13:42:06,22.0,,공통,raw,
b150_overload_r1,GA,Large (141-200),150,overload,214.38333333333333,10,20251203,13,BLK_13S,10,전면SAW,2,2025-12-03 23:58:39,2025-12-04 00:32:42,34.1,,공통,raw,
b150_overload_r1,GA,Large (141-200),150,overload,214.38333333333333,10,20251203,13,BLK_13S,10,TurnOver,3,2025-12-04 00:32:42,2025-12-04 00:45:54,13.2,,공통,raw,
b150_overload_r1,GA,Large (141-200),150,overload,214.38333333333333,10,20251203,13,BLK_13S,10,후면SAW,4,2025-12-04 02:19:36,2025-12-04 02:41:11,21.6,,공통,raw,
b150_overload_r1,GA,Large (141-200),150,overload,214.38333333333333,10,20251203,13,BLK_13S,10,NC,5,2025-12-04 03:10:23,2025-12-04 03:41:36,31.2,,공통,raw,
b150_overload_r1,GA,Large (141-200),150,overload,214.38333333333333,10,20251203,13,BLK_13S,10,베이36B 론지취부,6,2025-12-04 03:41:36,2025-12-04 04:11:51,30.3,36B,베이36B,raw,
b150_overload_r1,GA,Large (141-200),150,overload,214.38333333333333,10,20251203,13,BLK_13S,10,베이36B 론지용접,7,2025-12-04 04:11:51,2025-12-04 04:29:27,17.6,36B,베이36B,raw,
b150_overload_r1,GA,Large (141-200),150,overload,214.38333333333333,10,20251203,13,BLK_13S,10,베이36B 수정,8,2025-12-04 04:29:27,2025-12-04 04:47:03,17.6,36B,베이36B,raw,
b150_overload_r1,GA,Large (141-200),150,overload,214.38333333333333,10,20251203,22,BLK_22S,11,판계,1,2025-12-03 13:42:06,2025-12-03 14:11:48,29.7,,공통,raw,
b150_overload_r1,GA,Large (141-200),150,overload,214.38333333333333,10,20251203,22,BLK_22S,11,전면SAW,2,2025-12-04 00:32:42,2025-12-04 03:40:17,187.6,,공통,raw,
b150_overload_r1,GA,Large (141-200),150,overload,214.38333333333333,10,20251203,22,BLK_22S,11,TurnOver,3,2025-12-04 03:40:17,2025-12-04 03:53:29,13.2,,공통,raw,
b150_overload_r1,GA,Large (141-200),150,overload,214.38333333333333,10,20251203,22,BLK_22S,11,후면SAW,4,2025-12-04 03:53:29,2025-12-04 06:12:41,139.2,,공통,raw,
b150_overload_r1,GA,Large (141-200),150,overload,214.38333333333333,10,20251203,22,BLK_22S,11,NC,5,2025-12-04 06:12:41,2025-12-04 06:48:36,35.9,,공통,raw,
b150_overload_r1,GA,Large (141-200),150,overload,214.38333333333333,10,20251203,22,BLK_22S,11,베이35A 론지취부,6,2025-12-04 06:48:36,2025-12-04 07:30:24,41.8,35A,베이35A,raw,
b150_overload_r1,GA,Large (141-200),150,overload,214.38333333333333,10,20251203,22,BLK_22S,11,베이35A 론지용접,7,2025-12-04 07:30:24,2025-12-04 07:49:59,19.6,35A,베이35A,raw,
b150_overload_r1,GA,Large (141-200),150,overload,214.38333333333333,10,20251203,22,BLK_22S,11,베이35A 수정,8,2025-12-04 07:49:59,2025-12-04 08:14:50,24.9,35A,베이35A,raw,
b150_overload_r1,GA,Large (141-200),150,overload,214.38333333333333,10,20251203,60,BLK_60C,12,판계,1,2025-12-03 14:11:48,2025-12-03 14:55:48,44.0,,공통,raw,
b150_overload_r1,GA,Large (141-200),150,overload,214.38333333333333,10,20251203,60,BLK_60C,12,전면SAW,2,2025-12-04 03:40:17,2025-12-04 06:58:16,198.0,,공통,raw,
b150_overload_r1,GA,Large (141-200),150,overload,214.38333333333333,10,20251203,60,BLK_60C,12,TurnOver,3,2025-12-04 06:58:16,2025-12-04 07:11:28,13.2,,공통,raw,
b150_overload_r1,GA,Large (141-200),150,overload,214.38333333333333,10,20251203,60,BLK_60C,12,후면SAW,4,2025-12-04 07:11:28,2025-12-04 09:39:00,147.5,,공통,raw,
b150_overload_r1,GA,Large (141-200),150,overload,214.38333333333333,10,20251203,60,BLK_60C,12,NC,5,2025-12-04 09:39:00,2025-12-04 10:32:41,53.7,,공통,raw,
b150_overload_r1,GA,Large (141-200),150,overload,214.38333333333333,10,20251203,60,BLK_60C,12,베이36B 론지취부,6,2025-12-04 10:32:41,2025-12-04 12:08:23,95.7,36B,베이36B,raw,
b150_overload_r1,GA,Large (141-200),150,overload,214.38333333333333,10,20251203,60,BLK_60C,12,베이36B 론지용접,7,2025-12-04 12:08:23,2025-12-04 12:37:12,28.8,36B,베이36B,raw,
b150_overload_r1,GA,Large (141-200),150,overload,214.38333333333333,10,20251203,60,BLK_60C,12,베이36B 수정,8,2025-12-04 12:37:12,2025-12-04 13:35:57,58.7,36B,베이36B,raw,
b150_overload_r1,GA,Large (141-200),150,overload,214.38333333333333,10,20251203,54,BLK_54S,13,판계,1,2025-12-03 14:55:48,2025-12-03 15:23:18,27.5,,공통,raw,
b150_overload_r1,GA,Large (141-200),150,overload,214.38333333333333,10,20251203,54,BLK_54S,13,전면SAW,2,2025-12-04 06:58:16,2025-12-04 07:35:25,37.1,,공통,raw,
b150_overload_r1,GA,Large (141-200),150,overload,214.38333333333333,10,20251203,54,BLK_54S,13,TurnOver,3,2025-12-04 07:35:25,2025-12-04 07:48:37,13.2,,공통,raw,
b150_overload_r1,GA,Large (141-200),150,overload,214.38333333333333,10,20251203,54,BLK_54S,13,후면SAW,4,2025-12-04 09:39:00,2025-12-04 10:04:39,25.7,,공통,raw,
b150_overload_r1,GA,Large (141-200),150,overload,214.38333333333333,10,20251203,54,BLK_54S,13,NC,5,2025-12-04 10:32:41,2025-12-04 11:13:35,40.9,,공통,raw,
b150_overload_r1,GA,Large (141-200),150,overload,214.38333333333333,10,20251203,54,BLK_54S,13,베이35A 론지취부,6,2025-12-04 11:13:35,2025-12-04 12:22:20,68.8,35A,베이35A,raw,
b150_overload_r1,GA,Large (141-200),150,overload,214.38333333333333,10,20251203,54,BLK_54S,13,베이35A 론지용접,7,2025-12-04 12:22:20,2025-12-04 12:46:32,24.2,35A,베이35A,raw,
b150_overload_r1,GA,Large (141-200),150,overload,214.38333333333333,10,20251203,54,BLK_54S,13,베이35A 수정,8,2025-12-04 12:46:32,2025-12-04 13:28:20,41.8,35A,베이35A,raw,
b150_overload_r1,GA,Large (141-200),150,overload,214.38333333333333,10,20251203,34,BLK_34C,14,판계,1,2025-12-03 15:23:18,2025-12-03 16:05:06,41.8,,공통,raw,
b150_overload_r1,GA,Large (141-200),150,overload,214.38333333333333,10,20251203,34,BLK_34C,14,전면SAW,2,2025-12-04 07:35:25,2025-12-04 09:04:01,88.6,,공통,raw,
b150_overload_r1,GA,Large (141-200),150,overload,214.38333333333333,10,20251203,34,BLK_34C,14,TurnOver,3,2025-12-04 09:04:01,2025-12-04 09:17:13,13.2,,공통,raw,
b150_overload_r1,GA,Large (141-200),150,overload,214.38333333333333,10,20251203,34,BLK_34C,14,후면SAW,4,2025-12-04 10:04:39,2025-12-04 11:11:58,67.3,,공통,raw,
b150_overload_r1,GA,Large (141-200),150,overload,214.38333333333333,10,20251203,34,BLK_34C,14,NC,5,2025-12-04 11:13:35,2025-12-04 12:02:45,49.2,,공통,raw,
b150_overload_r1,GA,Large (141-200),150,overload,214.38333333333333,10,20251203,34,BLK_34C,14,베이36B 론지취부,6,2025-12-04 12:08:23,2025-12-04 13:13:17,64.9,36B,베이36B,raw,
b150_overload_r1,GA,Large (141-200),150,overload,214.38333333333333,10,20251203,34,BLK_34C,14,베이36B 론지용접,7,2025-12-04 13:13:17,2025-12-04 13:36:49,23.5,36B,베이36B,raw,
b150_overload_r1,GA,Large (141-200),150,overload,214.38333333333333,10,20251203,34,BLK_34C,14,베이36B 수정,8,2025-12-04 13:36:49,2025-12-04 14:16:12,39.4,36B,베이36B,raw,
b150_overload_r1,GA,Large (141-200),150,overload,214.38333333333333,10,20251203,70,BLK_70P,15,판계,1,2025-12-03 16:05:06,2025-12-03 16:38:06,33.0,,공통,raw,
b150_overload_r1,GA,Large (141-200),150,overload,214.38333333333333,10,20251203,70,BLK_70P,15,전면SAW,2,2025-12-04 09:04:01,2025-12-04 09:43:58,39.9,,공통,raw,
b150_overload_r1,GA,Large (141-200),150,overload,214.38333333333333,10,20251203,70,BLK_70P,15,TurnOver,3,2025-12-04 09:43:58,2025-12-04 09:57:10,13.2,,공통,raw,
b150_overload_r1,GA,Large (141-200),150,overload,214.38333333333333,10,20251203,70,BLK_70P,15,후면SAW,4,2025-12-04 11:11:58,2025-12-04 11:41:17,29.3,,공통,raw,
b150_overload_r1,GA,Large (141-200),150,overload,214.38333333333333,10,20251203,70,BLK_70P,15,NC,5,2025-12-04 12:02:45,2025-12-04 12:55:11,52.4,,공통,raw,
b150_overload_r1,GA,Large (141-200),150,overload,214.38333333333333,10,20251203,70,BLK_70P,15,베이35A 론지취부,6,2025-12-04 12:55:11,2025-12-04 14:50:08,115.0,35A,베이35A,raw,
b150_overload_r1,GA,Large (141-200),150,overload,214.38333333333333,10,20251203,70,BLK_70P,15,베이35A 론지용접,7,2025-12-04 14:50:08,2025-12-04 15:22:15,32.1,35A,베이35A,raw,
b150_overload_r1,GA,Large (141-200),150,overload,214.38333333333333,10,20251203,70,BLK_70P,15,베이35A 수정,8,2025-12-04 15:22:15,2025-12-04 16:33:06,70.8,35A,베이35A,raw,
b150_overload_r1,GA,Large (141-200),150,overload,214.38333333333333,10,20251203,80,BLK_80S,16,판계,1,2025-12-03 16:38:06,2025-12-03 17:19:54,41.8,,공통,raw,
b150_overload_r1,GA,Large (141-200),150,overload,214.38333333333333,10,20251203,80,BLK_80S,16,전면SAW,2,2025-12-04 09:43:58,2025-12-04 11:29:46,105.8,,공통,raw,
b150_overload_r1,GA,Large (141-200),150,overload,214.38333333333333,10,20251203,80,BLK_80S,16,TurnOver,3,2025-12-04 11:29:46,2025-12-04 11:42:58,13.2,,공통,raw,
b150_overload_r1,GA,Large (141-200),150,overload,214.38333333333333,10,20251203,80,BLK_80S,16,후면SAW,4,2025-12-04 11:42:58,2025-12-04 13:05:59,83.0,,공통,raw,
b150_overload_r1,GA,Large (141-200),150,overload,214.38333333333333,10,20251203,80,BLK_80S,16,NC,5,2025-12-04 13:05:59,2025-12-04 13:57:09,51.2,,공통,raw,
b150_overload_r1,GA,Large (141-200),150,overload,214.38333333333333,10,20251203,80,BLK_80S,16,베이36B 론지취부,6,2025-12-04 13:57:09,2025-12-04 15:36:42,99.6,36B,베이36B,raw,
b150_overload_r1,GA,Large (141-200),150,overload,214.38333333333333,10,20251203,80,BLK_80S,16,베이36B 론지용접,7,2025-12-04 15:36:42,2025-12-04 16:06:11,29.5,36B,베이36B,raw,
b150_overload_r1,GA,Large (141-200),150,overload,214.38333333333333,10,20251203,80,BLK_80S,16,베이36B 수정,8,2025-12-04 16:06:11,2025-12-04 17:07:20,61.2,36B,베이36B,raw,
b150_overload_r1,GA,Large (141-200),150,overload,214.38333333333333,10,20251203,146,BLK_11S,17,판계,1,2025-12-03 17:19:54,2025-12-03 17:52:54,33.0,,공통,raw,
b150_overload_r1,GA,Large (141-200),150,overload,214.38333333333333,10,20251203,146,BLK_11S,17,전면SAW,2,2025-12-04 11:29:46,2025-12-04 12:05:04,35.3,,공통,raw,
b150_overload_r1,GA,Large (141-200),150,overload,214.38333333333333,10,20251203,146,BLK_11S,17,TurnOver,3,2025-12-04 12:05:04,2025-12-04 12:18:16,13.2,,공통,raw,
b150_overload_r1,GA,Large (141-200),150,overload,214.38333333333333,10,20251203,146,BLK_11S,17,후면SAW,4,2025-12-04 13:05:59,2025-12-04 13:29:10,23.2,,공통,raw,
b150_overload_r1,GA,Large (141-200),150,overload,214.38333333333333,10,20251203,146,BLK_11S,17,NC,5,2025-12-04 13:57:09,2025-12-04 14:42:15,45.1,,공통,raw,
b150_overload_r1,GA,Large (141-200),150,overload,214.38333333333333,10,20251203,146,BLK_11S,17,베이35A 론지취부,6,2025-12-04 14:50:08,2025-12-04 15:55:02,64.9,35A,베이35A,raw,
b150_overload_r1,GA,Large (141-200),150,overload,214.38333333333333,10,20251203,146,BLK_11S,17,베이35A 론지용접,7,2025-12-04 15:55:02,2025-12-04 16:18:35,23.5,35A,베이35A,raw,
b150_overload_r1,GA,Large (141-200),150,overload,214.38333333333333,10,20251203,146,BLK_11S,17,베이35A 수정,8,2025-12-04 16:33:06,2025-12-04 17:12:29,39.4,35A,베이35A,raw,
b150_overload_r1,GA,Large (141-200),150,overload,214.38333333333333,10,20251204,100,BLK_100P,1,판계,1,2025-12-04 08:00:00,2025-12-04 08:33:00,33.0,,공통,raw,
b150_overload_r1,GA,Large (141-200),150,overload,214.38333333333333,10,20251204,100,BLK_100P,1,전면SAW,2,2025-12-04 12:05:04,2025-12-04 12:37:55,32.9,,공통,raw,
b150_overload_r1,GA,Large (141-200),150,overload,214.38333333333333,10,20251204,100,BLK_100P,1,TurnOver,3,2025-12-04 12:37:55,2025-12-04 12:51:07,13.2,,공통,raw,
b150_overload_r1,GA,Large (141-200),150,overload,214.38333333333333,10,20251204,100,BLK_100P,1,후면SAW,4,2025-12-04 13:29:10,2025-12-04 13:49:09,20.0,,공통,raw,
b150_overload_r1,GA,Large (141-200),150,overload,214.38333333333333,10,20251204,100,BLK_100P,1,NC,5,2025-12-04 14:42:15,2025-12-04 15:32:52,50.6,,공통,raw,
b150_overload_r1,GA,Large (141-200),150,overload,214.38333333333333,10,20251204,100,BLK_100P,1,베이36B 론지취부,6,2025-12-04 15:36:42,2025-12-04 16:49:18,72.6,36B,베이36B,raw,
b150_overload_r1,GA,Large (141-200),150,overload,214.38333333333333,10,20251204,100,BLK_100P,1,베이36B 론지용접,7,2025-12-04 16:49:18,2025-12-04 17:14:10,24.9,36B,베이36B,raw,
b150_overload_r1,GA,Large (141-200),150,overload,214.38333333333333,10,20251204,100,BLK_100P,1,베이36B 수정,8,2025-12-04 17:14:10,2025-12-04 17:58:23,44.2,36B,베이36B,raw,
b150_overload_r1,GA,Large (141-200),150,overload,214.38333333333333,10,20251204,11,BLK_11P,2,판계,1,2025-12-04 08:33:00,2025-12-04 09:06:00,33.0,,공통,raw,
b150_overload_r1,GA,Large (141-200),150,overload,214.38333333333333,10,20251204,11,BLK_11P,2,전면SAW,2,2025-12-04 12:37:55,2025-12-04 13:13:12,35.3,,공통,raw,
b150_overload_r1,GA,Large (141-200),150,overload,214.38333333333333,10,20251204,11,BLK_11P,2,TurnOver,3,2025-12-04 13:13:12,2025-12-04 13:26:24,13.2,,공통,raw,
b150_overload_r1,GA,Large (141-200),150,overload,214.38333333333333,10,20251204,11,BLK_11P,2,후면SAW,4,2025-12-04 13:49:09,2025-12-04 14:12:20,23.2,,공통,raw,
b150_overload_r1,GA,Large (141-200),150,overload,214.38333333333333,10,20251204,11,BLK_11P,2,NC,5,2025-12-04 15:32:52,2025-12-04 16:17:58,45.1,,공통,raw,
b150_overload_r1,GA,Large (141-200),150,overload,214.38333333333333,10,20251204,11,BLK_11P,2,베이35A 론지취부,6,2025-12-04 16:17:58,2025-12-04 17:22:52,64.9,35A,베이35A,raw,
b150_overload_r1,GA,Large (141-200),150,overload,214.38333333333333,10,20251204,11,BLK_11P,2,베이35A 론지용접,7,2025-12-04 17:22:52,2025-12-04 17:46:24,23.5,35A,베이35A,raw,
b150_overload_r1,GA,Large (141-200),150,overload,214.38333333333333,10,20251204,11,BLK_11P,2,베이35A 수정,8,2025-12-04 17:46:24,2025-12-04 18:25:47,39.4,35A,베이35A,raw,
b150_overload_r1,GA,Large (141-200),150,overload,214.38333333333333,10,20251204,15,BLK_15C,3,판계,1,2025-12-04 09:06:00,2025-12-04 09:19:12,13.2,,공통,raw,
b150_overload_r1,GA,Large (141-200),150,overload,214.38333333333333,10,20251204,15,BLK_15C,3,전면SAW,2,2025-12-04 13:13:12,2025-12-04 14:01:25,48.2,,공통,raw,
b150_overload_r1,GA,Large (141-200),150,overload,214.38333333333333,10,20251204,15,BLK_15C,3,TurnOver,3,2025-12-04 14:01:25,2025-12-04 14:14:37,13.2,,공통,raw,
b150_overload_r1,GA,Large (141-200),150,overload,214.38333333333333,10,20251204,15,BLK_15C,3,후면SAW,4,2025-12-04 14:14:37,2025-12-04 14:54:49,40.2,,공통,raw,
b150_overload_r1,GA,Large (141-200),150,overload,214.38333333333333,10,20251204,15,BLK_15C,3,NC,5,2025-12-04 16:17:58,2025-12-04 16:41:02,23.1,,공통,raw,
b150_overload_r1,GA,Large (141-200),150,overload,214.38333333333333,10,20251204,15,BLK_15C,3,베이36B 론지취부,6,2025-12-04 16:49:18,2025-12-04 17:38:48,49.5,36B,베이36B,raw,
b150_overload_r1,GA,Large (141-200),150,overload,214.38333333333333,10,20251204,15,BLK_15C,3,베이36B 론지용접,7,2025-12-04 17:38:48,2025-12-04 17:55:18,16.5,36B,베이36B,raw,
b150_overload_r1,GA,Large (141-200),150,overload,214.38333333333333,10,20251204,15,BLK_15C,3,베이36B 수정,8,2025-12-04 17:58:23,2025-12-04 18:28:05,29.7,36B,베이36B,raw,
b150_overload_r1,GA,Large (141-200),150,overload,214.38333333333333,10,20251204,17,BLK_17P,4,판계,1,2025-12-04 09:19:12,2025-12-04 09:32:24,13.2,,공통,raw,
b150_overload_r1,GA,Large (141-200),150,overload,214.38333333333333,10,20251204,17,BLK_17P,4,전면SAW,2,2025-12-04 14:01:25,2025-12-04 14:48:24,47.0,,공통,raw,
b150_overload_r1,GA,Large (141-200),150,overload,214.38333333333333,10,20251204,17,BLK_17P,4,TurnOver,3,2025-12-04 14:48:24,2025-12-04 15:01:36,13.2,,공통,raw,
b150_overload_r1,GA,Large (141-200),150,overload,214.38333333333333,10,20251204,17,BLK_17P,4,후면SAW,4,2025-12-04 15:01:36,2025-12-04 15:40:11,38.6,,공통,raw,
b150_overload_r1,GA,Large (141-200),150,overload,214.38333333333333,10,20251204,17,BLK_17P,4,NC,5,2025-12-04 16:41:02,2025-12-04 17:04:04,23.0,,공통,raw,
b150_overload_r1,GA,Large (141-200),150,overload,214.38333333333333,10,20251204,17,BLK_17P,4,베이35A 론지취부,6,2025-12-04 17:22:52,2025-12-04 18:08:31,45.7,35A,베이35A,raw,
b150_overload_r1,GA,Large (141-200),150,overload,214.38333333333333,10,20251204,17,BLK_17P,4,베이35A 론지용접,7,2025-12-04 18:08:31,2025-12-04 18:24:21,15.8,35A,베이35A,raw,
b150_overload_r1,GA,Large (141-200),150,overload,214.38333333333333,10,20251204,17,BLK_17P,4,베이35A 수정,8,2025-12-04 18:25:47,2025-12-04 18:53:04,27.3,35A,베이35A,raw,
b150_overload_r1,GA,Large (141-200),150,overload,214.38333333333333,10,20251204,25,BLK_25S,5,판계,1,2025-12-04 09:32:24,2025-12-04 10:05:24,33.0,,공통,raw,
b150_overload_r1,GA,Large (141-200),150,overload,214.38333333333333,10,20251204,25,BLK_25S,5,전면SAW,2,2025-12-04 14:48:24,2025-12-04 16:46:18,117.9,,공통,raw,
b150_overload_r1,GA,Large (141-200),150,overload,214.38333333333333,10,20251204,25,BLK_25S,5,TurnOver,3,2025-12-04 16:46:18,2025-12-04 16:59:30,13.2,,공통,raw,
b150_overload_r1,GA,Large (141-200),150,overload,214.38333333333333,10,20251204,25,BLK_25S,5,후면SAW,4,2025-12-04 16:59:30,2025-12-04 18:33:33,94.0,,공통,raw,
b150_overload_r1,GA,Large (141-200),150,overload,214.38333333333333,10,20251204,25,BLK_25S,5,NC,5,2025-12-04 18:33:33,2025-12-04 19:30:39,57.1,,공통,raw,
b150_overload_r1,GA,Large (141-200),150,overload,214.38333333333333,10,20251204,25,BLK_25S,5,베이36B 론지취부,6,2025-12-04 19:30:39,2025-12-04 20:31:42,61.1,36B,베이36B,raw,
b150_overload_r1,GA,Large (141-200),150,overload,214.38333333333333,10,20251204,25,BLK_25S,5,베이36B 론지용접,7,2025-12-04 20:31:42,2025-12-04 20:54:35,22.9,36B,베이36B,raw,
b150_overload_r1,GA,Large (141-200),150,overload,214.38333333333333,10,20251204,25,BLK_25S,5,베이36B 수정,8,2025-12-04 20:54:35,2025-12-04 21:31:32,37.0,36B,베이36B,raw,
b150_overload_r1,GA,Large (141-200),150,overload,214.38333333333333,10,20251204,136,BLK_136C,6,판계,1,2025-12-04 10:05:24,2025-12-04 10:27:24,22.0,,공통,raw,
b150_overload_r1,GA,Large (141-200),150,overload,214.38333333333333,10,20251204,136,BLK_136C,6,전면SAW,2,2025-12-04 16:46:18,2025-12-04 17:41:48,55.5,,공통,raw,
b150_overload_r1,GA,Large (141-200),150,overload,214.38333333333333,10,20251204,136,BLK_136C,6,TurnOver,3,2025-12-04 17:41:48,2025-12-04 17:55:00,13.2,,공통,raw,
b150_overload_r1,GA,Large (141-200),150,overload,214.38333333333333,10,20251204,136,BLK_136C,6,후면SAW,4,2025-12-04 18:33:33,2025-12-04 19:23:20,49.8,,공통,raw,
b150_overload_r1,GA,Large (141-200),150,overload,214.38333333333333,10,20251204,136,BLK_136C,6,NC,5,2025-12-04 19:30:39,2025-12-04 20:00:53,30.2,,공통,raw,
b150_overload_r1,GA,Large (141-200),150,overload,214.38333333333333,10,20251204,136,BLK_136C,6,베이35A 론지취부,6,2025-12-04 20:00:53,2025-12-04 20:54:14,53.4,35A,베이35A,raw,
b150_overload_r1,GA,Large (141-200),150,overload,214.38333333333333,10,20251204,136,BLK_136C,6,베이35A 론지용접,7,2025-12-04 20:54:14,2025-12-04 21:15:47,21.6,35A,베이35A,raw,
b150_overload_r1,GA,Large (141-200),150,overload,214.38333333333333,10,20251204,136,BLK_136C,6,베이35A 수정,8,2025-12-04 21:15:47,2025-12-04 21:47:54,32.1,35A,베이35A,raw,
b150_overload_r1,GA,Large (141-200),150,overload,214.38333333333333,10,20251204,27,BLK_27S,7,판계,1,2025-12-04 10:27:24,2025-12-04 10:49:24,22.0,,공통,raw,
b150_overload_r1,GA,Large (141-200),150,overload,214.38333333333333,10,20251204,27,BLK_27S,7,전면SAW,2,2025-12-04 17:41:48,2025-12-04 19:20:18,98.5,,공통,raw,
b150_overload_r1,GA,Large (141-200),150,overload,214.38333333333333,10,20251204,27,BLK_27S,7,TurnOver,3,2025-12-04 19:20:18,2025-12-04 19:33:30,13.2,,공통,raw,
b150_overload_r1,GA,Large (141-200),150,overload,214.38333333333333,10,20251204,27,BLK_27S,7,후면SAW,4,2025-12-04 19:33:30,2025-12-04 20:49:51,76.4,,공통,raw,
b150_overload_r1,GA,Large (141-200),150,overload,214.38333333333333,10,20251204,27,BLK_27S,7,NC,5,2025-12-04 20:49:51,2025-12-04 21:18:52,29.0,,공통,raw,
b150_overload_r1,GA,Large (141-200),150,overload,214.38333333333333,10,20251204,27,BLK_27S,7,베이36B 론지취부,6,2025-12-04 21:18:52,2025-12-04 22:19:55,61.1,36B,베이36B,raw,
b150_overload_r1,GA,Large (141-200),150,overload,214.38333333333333,10,20251204,27,BLK_27S,7,베이36B 론지용접,7,2025-12-04 22:19:55,2025-12-04 22:42:48,22.9,36B,베이36B,raw,
b150_overload_r1,GA,Large (141-200),150,overload,214.38333333333333,10,20251204,27,BLK_27S,7,베이36B 수정,8,2025-12-04 22:42:48,2025-12-04 23:19:45,37.0,36B,베이36B,raw,
b150_overload_r1,GA,Large (141-200),150,overload,214.38333333333333,10,20251204,88,BLK_88S,8,판계,1,2025-12-04 10:49:24,2025-12-04 11:22:24,33.0,,공통,raw,
b150_overload_r1,GA,Large (141-200),150,overload,214.38333333333333,10,20251204,88,BLK_88S,8,전면SAW,2,2025-12-04 19:20:18,2025-12-04 20:11:16,51.0,,공통,raw,
b150_overload_r1,GA,Large (141-200),150,overload,214.38333333333333,10,20251204,88,BLK_88S,8,TurnOver,3,2025-12-04 20:11:16,2025-12-04 20:24:28,13.2,,공통,raw,
b150_overload_r1,GA,Large (141-200),150,overload,214.38333333333333,10,20251204,88,BLK_88S,8,후면SAW,4,2025-12-04 20:49:51,2025-12-04 21:33:42,43.8,,공통,raw,
b150_overload_r1,GA,Large (141-200),150,overload,214.38333333333333,10,20251204,88,BLK_88S,8,NC,5,2025-12-04 21:33:42,2025-12-04 22:28:19,54.6,,공통,raw,
b150_overload_r1,GA,Large (141-200),150,overload,214.38333333333333,10,20251204,88,BLK_88S,8,베이35A 론지취부,6,2025-12-04 22:28:19,2025-12-05 00:23:16,115.0,35A,베이35A,raw,
b150_overload_r1,GA,Large (141-200),150,overload,214.38333333333333,10,20251204,88,BLK_88S,8,베이35A 론지용접,7,2025-12-05 00:23:16,2025-12-05 00:55:23,32.1,35A,베이35A,raw,
b150_overload_r1,GA,Large (141-200),150,overload,214.38333333333333,10,20251204,88,BLK_88S,8,베이35A 수정,8,2025-12-05 00:55:23,2025-12-05 02:06:14,70.8,35A,베이35A,raw,
b150_overload_r1,GA,Large (141-200),150,overload,214.38333333333333,10,20251204,33,BLK_33S,9,판계,1,2025-12-04 11:22:24,2025-12-04 12:00:54,38.5,,공통,raw,
b150_overload_r1,GA,Large (141-200),150,overload,214.38333333333333,10,20251204,33,BLK_33S,9,전면SAW,2,2025-12-04 20:11:16,2025-12-04 22:22:22,131.1,,공통,raw,
b150_overload_r1,GA,Large (141-200),150,overload,214.38333333333333,10,20251204,33,BLK_33S,9,TurnOver,3,2025-12-04 22:22:22,2025-12-04 22:35:34,13.2,,공통,raw,
b150_overload_r1,GA,Large (141-200),150,overload,214.38333333333333,10,20251204,33,BLK_33S,9,후면SAW,4,2025-12-04 22:35:34,2025-12-05 00:09:34,94.0,,공통,raw,
b150_overload_r1,GA,Large (141-200),150,overload,214.38333333333333,10,20251204,33,BLK_33S,9,NC,5,2025-12-05 00:09:34,2025-12-05 00:49:48,40.2,,공통,raw,
b150_overload_r1,GA,Large (141-200),150,overload,214.38333333333333,10,20251204,33,BLK_33S,9,베이36B 론지취부,6,2025-12-05 00:49:48,2025-12-05 01:20:03,30.3,36B,베이36B,raw,
b150_overload_r1,GA,Large (141-200),150,overload,214.38333333333333,10,20251204,33,BLK_33S,9,베이36B 론지용접,7,2025-12-05 01:20:03,2025-12-05 01:37:39,17.6,36B,베이36B,raw,
b150_overload_r1,GA,Large (141-200),150,overload,214.38333333333333,10,20251204,33,BLK_33S,9,베이36B 수정,8,2025-12-05 01:37:39,2025-12-05 01:55:15,17.6,36B,베이36B,raw,
b150_overload_r1,GA,Large (141-200),150,overload,214.38333333333333,10,20251204,29,BLK_29S,10,판계,1,2025-12-04 12:00:54,2025-12-04 12:28:24,27.5,,공통,raw,
b150_overload_r1,GA,Large (141-200),150,overload,214.38333333333333,10,20251204,29,BLK_29S,10,전면SAW,2,2025-12-04 22:22:22,2025-12-04 22:53:40,31.3,,공통,raw,
b150_overload_r1,GA,Large (141-200),150,overload,214.38333333333333,10,20251204,29,BLK_29S,10,TurnOver,3,2025-12-04 22:53:40,2025-12-04 23:06:52,13.2,,공통,raw,
b150_overload_r1,GA,Large (141-200),150,overload,214.38333333333333,10,20251204,29,BLK_29S,10,후면SAW,4,2025-12-05 00:09:34,2025-12-05 00:27:31,18.0,,공통,raw,
b150_overload_r1,GA,Large (141-200),150,overload,214.38333333333333,10,20251204,29,BLK_29S,10,NC,5,2025-12-05 00:49:48,2025-12-05 01:26:01,36.2,,공통,raw,
b150_overload_r1,GA,Large (141-200),150,overload,214.38333333333333,10,20251204,29,BLK_29S,10,베이35A 론지취부,6,2025-12-05 01:26:01,2025-12-05 02:34:46,68.8,35A,베이35A,raw,
b150_overload_r1,GA,Large (141-200),150,overload,214.38333333333333,10,20251204,29,BLK_29S,10,베이35A 론지용접,7,2025-12-05 02:34:46,2025-12-05 02:58:58,24.2,35A,베이35A,raw,
b150_overload_r1,GA,Large (141-200),150,overload,214.38333333333333,10,20251204,29,BLK_29S,10,베이35A 수정,8,2025-12-05 02:58:58,2025-12-05 03:40:46,41.8,35A,베이35A,raw,
b150_overload_r1,GA,Large (141-200),150,overload,214.38333333333333,10,20251204,39,BLK_39S,11,판계,1,2025-12-04 12:28:24,2025-12-04 13:04:42,36.3,,공통,raw,
b150_overload_r1,GA,Large (141-200),150,overload,214.38333333333333,10,20251204,39,BLK_39S,11,전면SAW,2,2025-12-04 22:53:40,2025-12-05 01:00:18,126.6,,공통,raw,
b150_overload_r1,GA,Large (141-200),150,overload,214.38333333333333,10,20251204,39,BLK_39S,11,TurnOver,3,2025-12-05 01:00:18,2025-12-05 01:13:30,13.2,,공통,raw,
b150_overload_r1,GA,Large (141-200),150,overload,214.38333333333333,10,20251204,39,BLK_39S,11,후면SAW,4,2025-12-05 01:13:30,2025-12-05 02:55:30,102.0,,공통,raw,
b150_overload_r1,GA,Large (141-200),150,overload,214.38333333333333,10,20251204,39,BLK_39S,11,NC,5,2025-12-05 02:55:30,2025-12-05 03:44:08,48.6,,공통,raw,
b150_overload_r1,GA,Large (141-200),150,overload,214.38333333333333,10,20251204,39,BLK_39S,11,베이36B 론지취부,6,2025-12-05 03:44:08,2025-12-05 05:23:41,99.6,36B,베이36B,raw,
b150_overload_r1,GA,Large (141-200),150,overload,214.38333333333333,10,20251204,39,BLK_39S,11,베이36B 론지용접,7,2025-12-05 05:23:41,2025-12-05 05:53:10,29.5,36B,베이36B,raw,
b150_overload_r1,GA,Large (141-200),150,overload,214.38333333333333,10,20251204,39,BLK_39S,11,베이36B 수정,8,2025-12-05 05:53:10,2025-12-05 06:54:20,61.2,36B,베이36B,raw,
b150_overload_r1,GA,Large (141-200),150,overload,214.38333333333333,10,20251204,108,BLK_108P,12,판계,1,2025-12-04 13:04:42,2025-12-04 13:37:42,33.0,,공통,raw,
b150_overload_r1,GA,Large (141-200),150,overload,214.38333333333333,10,20251204,108,BLK_108P,12,전면SAW,2,2025-12-05 01:00:18,2025-12-05 01:42:04,41.8,,공통,raw,
b150_overload_r1,GA,Large (141-200),150,overload,214.38333333333333,10,20251204,108,BLK_108P,12,TurnOver,3,2025-12-05 01:42:04,2025-12-05 01:55:16,13.2,,공통,raw,
b150_overload_r1,GA,Large (141-200),150,overload,214.38333333333333,10,20251204,108,BLK_108P,12,후면SAW,4,2025-12-05 02:55:30,2025-12-05 03:27:12,31.7,,공통,raw,
b150_overload_r1,GA,Large (141-200),150,overload,214.38333333333333,10,20251204,108,BLK_108P,12,NC,5,2025-12-05 03:44:08,2025-12-05 04:28:22,44.2,,공통,raw,
b150_overload_r1,GA,Large (141-200),150,overload,214.38333333333333,10,20251204,108,BLK_108P,12,베이35A 론지취부,6,2025-12-05 04:28:22,2025-12-05 05:37:07,68.8,35A,베이35A,raw,
b150_overload_r1,GA,Large (141-200),150,overload,214.38333333333333,10,20251204,108,BLK_108P,12,베이35A 론지용접,7,2025-12-05 05:37:07,2025-12-05 06:01:19,24.2,35A,베이35A,raw,
b150_overload_r1,GA,Large (141-200),150,overload,214.38333333333333,10,20251204,108,BLK_108P,12,베이35A 수정,8,2025-12-05 06:01:19,2025-12-05 06:43:07,41.8,35A,베이35A,raw,
b150_overload_r1,GA,Large (141-200),150,overload,214.38333333333333,10,20251204,138,BLK_138P,13,판계,1,2025-12-04 13:37:42,2025-12-04 13:59:42,22.0,,공통,raw,
b150_overload_r1,GA,Large (141-200),150,overload,214.38333333333333,10,20251204,138,BLK_138P,13,전면SAW,2,2025-12-05 01:42:04,2025-12-05 02:22:45,40.7,,공통,raw,
b150_overload_r1,GA,Large (141-200),150,overload,214.38333333333333,10,20251204,138,BLK_138P,13,TurnOver,3,2025-12-05 02:22:45,2025-12-05 02:35:57,13.2,,공통,raw,
b150_overload_r1,GA,Large (141-200),150,overload,214.38333333333333,10,20251204,138,BLK_138P,13,후면SAW,4,2025-12-05 03:27:12,2025-12-05 03:57:30,30.3,,공통,raw,
b150_overload_r1,GA,Large (141-200),150,overload,214.38333333333333,10,20251204,138,BLK_138P,13,NC,5,2025-12-05 04:28:22,2025-12-05 04:59:17,30.9,,공통,raw,
b150_overload_r1,GA,Large (141-200),150,overload,214.38333333333333,10,20251204,138,BLK_138P,13,베이36B 론지취부,6,2025-12-05 05:23:41,2025-12-05 06:28:35,64.9,36B,베이36B,raw,
b150_overload_r1,GA,Large (141-200),150,overload,214.38333333333333,10,20251204,138,BLK_138P,13,베이36B 론지용접,7,2025-12-05 06:28:35,2025-12-05 06:52:08,23.5,36B,베이36B,raw,
b150_overload_r1,GA,Large (141-200),150,overload,214.38333333333333,10,20251204,138,BLK_138P,13,베이36B 수정,8,2025-12-05 06:54:20,2025-12-05 07:33:43,39.4,36B,베이36B,raw,
b150_overload_r1,GA,Large (141-200),150,overload,214.38333333333333,10,20251204,143,BLK_17S,14,판계,1,2025-12-04 13:59:42,2025-12-04 14:12:54,13.2,,공통,raw,
b150_overload_r1,GA,Large (141-200),150,overload,214.38333333333333,10,20251204,143,BLK_17S,14,전면SAW,2,2025-12-05 02:22:45,2025-12-05 03:09:44,47.0,,공통,raw,
b150_overload_r1,GA,Large (141-200),150,overload,214.38333333333333,10,20251204,143,BLK_17S,14,TurnOver,3,2025-12-05 03:09:44,2025-12-05 03:22:56,13.2,,공통,raw,
b150_overload_r1,GA,Large (141-200),150,overload,214.38333333333333,10,20251204,143,BLK_17S,14,후면SAW,4,2025-12-05 03:57:30,2025-12-05 04:36:04,38.6,,공통,raw,
b150_overload_r1,GA,Large (141-200),150,overload,214.38333333333333,10,20251204,143,BLK_17S,14,NC,5,2025-12-05 04:59:17,2025-12-05 05:22:19,23.0,,공통,raw,
b150_overload_r1,GA,Large (141-200),150,overload,214.38333333333333,10,20251204,143,BLK_17S,14,베이35A 론지취부,6,2025-12-05 05:37:07,2025-12-05 06:22:46,45.7,35A,베이35A,raw,
b150_overload_r1,GA,Large (141-200),150,overload,214.38333333333333,10,20251204,143,BLK_17S,14,베이35A 론지용접,7,2025-12-05 06:22:46,2025-12-05 06:38:37,15.8,35A,베이35A,raw,
b150_overload_r1,GA,Large (141-200),150,overload,214.38333333333333,10,20251204,143,BLK_17S,14,베이35A 수정,8,2025-12-05 06:43:07,2025-12-05 07:10:24,27.3,35A,베이35A,raw,
b150_overload_r1,GA,Large (141-200),150,overload,214.38333333333333,10,20251204,31,BLK_31C,15,판계,1,2025-12-04 14:12:54,2025-12-04 14:45:54,33.0,,공통,raw,
b150_overload_r1,GA,Large (141-200),150,overload,214.38333333333333,10,20251204,31,BLK_31C,15,전면SAW,2,2025-12-05 03:09:44,2025-12-05 03:43:18,33.6,,공통,raw,
b150_overload_r1,GA,Large (141-200),150,overload,214.38333333333333,10,20251204,31,BLK_31C,15,TurnOver,3,2025-12-05 03:43:18,2025-12-05 03:56:30,13.2,,공통,raw,
b150_overload_r1,GA,Large (141-200),150,overload,214.38333333333333,10,20251204,31,BLK_31C,15,후면SAW,4,2025-12-05 04:36:04,2025-12-05 04:57:00,20.9,,공통,raw,
b150_overload_r1,GA,Large (141-200),150,overload,214.38333333333333,10,20251204,31,BLK_31C,15,NC,5,2025-12-05 05:22:19,2025-12-05 06:17:07,54.8,,공통,raw,
b150_overload_r1,GA,Large (141-200),150,overload,214.38333333333333,10,20251204,31,BLK_31C,15,베이36B 론지취부,6,2025-12-05 06:28:35,2025-12-05 07:48:53,80.3,36B,베이36B,raw,
b150_overload_r1,GA,Large (141-200),150,overload,214.38333333333333,10,20251204,31,BLK_31C,15,베이36B 론지용접,7,2025-12-05 07:48:53,2025-12-05 08:15:04,26.2,36B,베이36B,raw,
b150_overload_r1,GA,Large (141-200),150,overload,214.38333333333333,10,20251204,31,BLK_31C,15,베이36B 수정,8,2025-12-05 08:15:04,2025-12-05 09:04:08,49.1,36B,베이36B,raw,
b150_overload_r1,GA,Large (141-200),150,overload,214.38333333333333,10,20251204,35,BLK_35S,16,판계,1,2025-12-04 14:45:54,2025-12-04 15:13:24,27.5,,공통,raw,
b150_overload_r1,GA,Large (141-200),150,overload,214.38333333333333,10,20251204,35,BLK_35S,16,전면SAW,2,2025-12-05 03:43:18,2025-12-05 04:18:16,35.0,,공통,raw,
b150_overload_r1,GA,Large (141-200),150,overload,214.38333333333333,10,20251204,35,BLK_35S,16,TurnOver,3,2025-12-05 04:18:16,2025-12-05 04:31:28,13.2,,공통,raw,
b150_overload_r1,GA,Large (141-200),150,overload,214.38333333333333,10,20251204,35,BLK_35S,16,후면SAW,4,2025-12-05 04:57:00,2025-12-05 05:19:47,22.8,,공통,raw,
b150_overload_r1,GA,Large (141-200),150,overload,214.38333333333333,10,20251204,35,BLK_35S,16,NC,5,2025-12-05 06:17:07,2025-12-05 06:55:32,38.4,,공통,raw,
b150_overload_r1,GA,Large (141-200),150,overload,214.38333333333333,10,20251204,35,BLK_35S,16,베이35A 론지취부,6,2025-12-05 06:55:32,2025-12-05 07:37:20,41.8,35A,베이35A,raw,
b150_overload_r1,GA,Large (141-200),150,overload,214.38333333333333,10,20251204,35,BLK_35S,16,베이35A 론지용접,7,2025-12-05 07:37:20,2025-12-05 07:56:55,19.6,35A,베이35A,raw,
b150_overload_r1,GA,Large (141-200),150,overload,214.38333333333333,10,20251204,35,BLK_35S,16,베이35A 수정,8,2025-12-05 07:56:55,2025-12-05 08:21:47,24.9,35A,베이35A,raw,
b150_overload_r1,GA,Large (141-200),150,overload,214.38333333333333,10,20251204,38,BLK_38S,17,판계,1,2025-12-04 15:13:24,2025-12-04 15:55:12,41.8,,공통,raw,
b150_overload_r1,GA,Large (141-200),150,overload,214.38333333333333,10,20251204,38,BLK_38S,17,전면SAW,2,2025-12-05 04:18:16,2025-12-05 06:01:01,102.8,,공통,raw,
b150_overload_r1,GA,Large (141-200),150,overload,214.38333333333333,10,20251204,38,BLK_38S,17,TurnOver,3,2025-12-05 06:01:01,2025-12-05 06:14:13,13.2,,공통,raw,
b150_overload_r1,GA,Large (141-200),150,overload,214.38333333333333,10,20251204,38,BLK_38S,17,후면SAW,4,2025-12-05 06:14:13,2025-12-05 07:54:14,100.0,,공통,raw,
b150_overload_r1,GA,Large (141-200),150,overload,214.38333333333333,10,20251204,38,BLK_38S,17,NC,5,2025-12-05 07:54:14,2025-12-05 08:44:30,50.3,,공통,raw,
b150_overload_r1,GA,Large (141-200),150,overload,214.38333333333333,10,20251204,38,BLK_38S,17,베이36B 론지취부,6,2025-12-05 08:44:30,2025-12-05 10:00:57,76.5,36B,베이36B,raw,
b150_overload_r1,GA,Large (141-200),150,overload,214.38333333333333,10,20251204,38,BLK_38S,17,베이36B 론지용접,7,2025-12-05 10:00:57,2025-12-05 10:26:28,25.5,36B,베이36B,raw,
b150_overload_r1,GA,Large (141-200),150,overload,214.38333333333333,10,20251204,38,BLK_38S,17,베이36B 수정,8,2025-12-05 10:26:28,2025-12-05 11:13:06,46.6,36B,베이36B,raw,
b150_overload_r1,GA,Large (141-200),150,overload,214.38333333333333,10,20251204,79,BLK_79S,18,판계,1,2025-12-04 15:55:12,2025-12-04 16:28:12,33.0,,공통,raw,
b150_overload_r1,GA,Large (141-200),150,overload,214.38333333333333,10,20251204,79,BLK_79S,18,전면SAW,2,2025-12-05 06:01:01,2025-12-05 06:35:44,34.7,,공통,raw,
b150_overload_r1,GA,Large (141-200),150,overload,214.38333333333333,10,20251204,79,BLK_79S,18,TurnOver,3,2025-12-05 06:35:44,2025-12-05 06:48:56,13.2,,공통,raw,
b150_overload_r1,GA,Large (141-200),150,overload,214.38333333333333,10,20251204,79,BLK_79S,18,후면SAW,4,2025-12-05 07:54:14,2025-12-05 08:16:40,22.4,,공통,raw,
b150_overload_r1,GA,Large (141-200),150,overload,214.38333333333333,10,20251204,79,BLK_79S,18,NC,5,2025-12-05 08:44:30,2025-12-05 09:30:27,45.9,,공통,raw,
b150_overload_r1,GA,Large (141-200),150,overload,214.38333333333333,10,20251204,79,BLK_79S,18,베이35A 론지취부,6,2025-12-05 09:30:27,2025-12-05 10:35:21,64.9,35A,베이35A,raw,
b150_overload_r1,GA,Large (141-200),150,overload,214.38333333333333,10,20251204,79,BLK_79S,18,베이35A 론지용접,7,2025-12-05 10:35:21,2025-12-05 10:58:53,23.5,35A,베이35A,raw,
b150_overload_r1,GA,Large (141-200),150,overload,214.38333333333333,10,20251204,79,BLK_79S,18,베이35A 수정,8,2025-12-05 10:58:53,2025-12-05 11:38:16,39.4,35A,베이35A,raw,
b150_overload_r1,GA,Large (141-200),150,overload,214.38333333333333,10,20251204,42,BLK_42S,19,판계,1,2025-12-04 16:28:12,2025-12-04 17:04:30,36.3,,공통,raw,
b150_overload_r1,GA,Large (141-200),150,overload,214.38333333333333,10,20251204,42,BLK_42S,19,전면SAW,2,2025-12-05 06:35:44,2025-12-05 08:02:04,86.3,,공통,raw,
b150_overload_r1,GA,Large (141-200),150,overload,214.38333333333333,10,20251204,42,BLK_42S,19,TurnOver,3,2025-12-05 08:02:04,2025-12-05 08:15:16,13.2,,공통,raw,
b150_overload_r1,GA,Large (141-200),150,overload,214.38333333333333,10,20251204,42,BLK_42S,19,후면SAW,4,2025-12-05 08:16:40,2025-12-05 09:21:54,65.2,,공통,raw,
b150_overload_r1,GA,Large (141-200),150,overload,214.38333333333333,10,20251204,42,BLK_42S,19,NC,5,2025-12-05 09:30:27,2025-12-05 10:12:14,41.8,,공통,raw,
b150_overload_r1,GA,Large (141-200),150,overload,214.38333333333333,10,20251204,42,BLK_42S,19,베이36B 론지취부,6,2025-12-05 10:12:14,2025-12-05 10:54:02,41.8,36B,베이36B,raw,
b150_overload_r1,GA,Large (141-200),150,overload,214.38333333333333,10,20251204,42,BLK_42S,19,베이36B 론지용접,7,2025-12-05 10:54:02,2025-12-05 11:13:37,19.6,36B,베이36B,raw,
b150_overload_r1,GA,Large (141-200),150,overload,214.38333333333333,10,20251204,42,BLK_42S,19,베이36B 수정,8,2025-12-05 11:13:37,2025-12-05 11:38:28,24.9,36B,베이36B,raw,
b150_overload_r1,GA,Large (141-200),150,overload,214.38333333333333,10,20251204,43,BLK_43S,20,판계,1,2025-12-04 17:04:30,2025-12-04 17:37:30,33.0,,공통,raw,
b150_overload_r1,GA,Large (141-200),150,overload,214.38333333333333,10,20251204,43,BLK_43S,20,전면SAW,2,2025-12-05 08:02:04,2025-12-05 08:41:20,39.3,,공통,raw,
b150_overload_r1,GA,Large (141-200),150,overload,214.38333333333333,10,20251204,43,BLK_43S,20,TurnOver,3,2025-12-05 08:41:20,2025-12-05 08:54:32,13.2,,공통,raw,
b150_overload_r1,GA,Large (141-200),150,overload,214.38333333333333,10,20251204,43,BLK_43S,20,후면SAW,4,2025-12-05 09:21:54,2025-12-05 09:50:21,28.4,,공통,raw,
b150_overload_r1,GA,Large (141-200),150,overload,214.38333333333333,10,20251204,43,BLK_43S,20,NC,5,2025-12-05 10:12:14,2025-12-05 11:01:48,49.6,,공통,raw,
b150_overload_r1,GA,Large (141-200),150,overload,214.38333333333333,10,20251204,43,BLK_43S,20,베이35A 론지취부,6,2025-12-05 11:01:48,2025-12-05 12:22:06,80.3,35A,베이35A,raw,
b150_overload_r1,GA,Large (141-200),150,overload,214.38333333333333,10,20251204,43,BLK_43S,20,베이35A 론지용접,7,2025-12-05 12:22:06,2025-12-05 12:48:17,26.2,35A,베이35A,raw,
b150_overload_r1,GA,Large (141-200),150,overload,214.38333333333333,10,20251204,43,BLK_43S,20,베이35A 수정,8,2025-12-05 12:48:17,2025-12-05 13:37:20,49.1,35A,베이35A,raw,
b150_overload_r1,GA,Large (141-200),150,overload,214.38333333333333,10,20251205,90,BLK_90S,1,판계,1,2025-12-05 08:00:00,2025-12-05 08:27:30,27.5,,공통,raw,
b150_overload_r1,GA,Large (141-200),150,overload,214.38333333333333,10,20251205,90,BLK_90S,1,전면SAW,2,2025-12-05 08:41:20,2025-12-05 09:15:09,33.8,,공통,raw,
b150_overload_r1,GA,Large (141-200),150,overload,214.38333333333333,10,20251205,90,BLK_90S,1,TurnOver,3,2025-12-05 09:15:09,2025-12-05 09:28:21,13.2,,공통,raw,
b150_overload_r1,GA,Large (141-200),150,overload,214.38333333333333,10,20251205,90,BLK_90S,1,후면SAW,4,2025-12-05 09:50:21,2025-12-05 10:11:36,21.3,,공통,raw,
b150_overload_r1,GA,Large (141-200),150,overload,214.38333333333333,10,20251205,90,BLK_90S,1,NC,5,2025-12-05 11:01:48,2025-12-05 11:39:57,38.2,,공통,raw,
b150_overload_r1,GA,Large (141-200),150,overload,214.38333333333333,10,20251205,90,BLK_90S,1,베이36B 론지취부,6,2025-12-05 11:39:57,2025-12-05 12:37:09,57.2,36B,베이36B,raw,
b150_overload_r1,GA,Large (141-200),150,overload,214.38333333333333,10,20251205,90,BLK_90S,1,베이36B 론지용접,7,2025-12-05 12:37:09,2025-12-05 12:59:23,22.2,36B,베이36B,raw,
b150_overload_r1,GA,Large (141-200),150,overload,214.38333333333333,10,20251205,90,BLK_90S,1,베이36B 수정,8,2025-12-05 12:59:23,2025-12-05 13:33:55,34.5,36B,베이36B,raw,
b150_overload_r1,GA,Large (141-200),150,overload,214.38333333333333,10,20251205,130,BLK_130P,2,판계,1,2025-12-05 08:27:30,2025-12-05 09:11:30,44.0,,공통,raw,
b150_overload_r1,GA,Large (141-200),150,overload,214.38333333333333,10,20251205,130,BLK_130P,2,전면SAW,2,2025-12-05 09:15:09,2025-12-05 11:35:15,140.1,,공통,raw,
b150_overload_r1,GA,Large (141-200),150,overload,214.38333333333333,10,20251205,130,BLK_130P,2,TurnOver,3,2025-12-05 11:35:15,2025-12-05 11:48:27,13.2,,공통,raw,
b150_overload_r1,GA,Large (141-200),150,overload,214.38333333333333,10,20251205,130,BLK_130P,2,후면SAW,4,2025-12-05 11:48:27,2025-12-05 13:29:40,101.2,,공통,raw,
b150_overload_r1,GA,Large (141-200),150,overload,214.38333333333333,10,20251205,130,BLK_130P,2,NC,5,2025-12-05 13:29:40,2025-12-05 14:18:13,48.6,,공통,raw,
b150_overload_r1,GA,Large (141-200),150,overload,214.38333333333333,10,20251205,130,BLK_130P,2,베이35A 론지취부,6,2025-12-05 14:18:13,2025-12-05 15:03:52,45.7,35A,베이35A,raw,
b150_overload_r1,GA,Large (141-200),150,overload,214.38333333333333,10,20251205,130,BLK_130P,2,베이35A 론지용접,7,2025-12-05 15:03:52,2025-12-05 15:24:07,20.2,35A,베이35A,raw,
b150_overload_r1,GA,Large (141-200),150,overload,214.38333333333333,10,20251205,130,BLK_130P,2,베이35A 수정,8,2025-12-05 15:24:07,2025-12-05 15:51:24,27.3,35A,베이35A,raw,
b150_overload_r1,GA,Large (141-200),150,overload,214.38333333333333,10,20251205,41,BLK_41C,3,판계,1,2025-12-05 09:11:30,2025-12-05 09:24:42,13.2,,공통,raw,
b150_overload_r1,GA,Large (141-200),150,overload,214.38333333333333,10,20251205,41,BLK_41C,3,전면SAW,2,2025-12-05 11:35:15,2025-12-05 12:21:55,46.7,,공통,raw,
b150_overload_r1,GA,Large (141-200),150,overload,214.38333333333333,10,20251205,41,BLK_41C,3,TurnOver,3,2025-12-05 12:21:55,2025-12-05 12:35:07,13.2,,공통,raw,
b150_overload_r1,GA,Large (141-200),150,overload,214.38333333333333,10,20251205,41,BLK_41C,3,후면SAW,4,2025-12-05 13:29:40,2025-12-05 14:07:50,38.2,,공통,raw,
b150_overload_r1,GA,Large (141-200),150,overload,214.38333333333333,10,20251205,41,BLK_41C,3,NC,5,2025-12-05 14:18:13,2025-12-05 14:43:38,25.4,,공통,raw,
b150_overload_r1,GA,Large (141-200),150,overload,214.38333333333333,10,20251205,41,BLK_41C,3,베이36B 론지취부,6,2025-12-05 14:43:38,2025-12-05 15:56:14,72.6,36B,베이36B,raw,
b150_overload_r1,GA,Large (141-200),150,overload,214.38333333333333,10,20251205,41,BLK_41C,3,베이36B 론지용접,7,2025-12-05 15:56:14,2025-12-05 16:21:06,24.9,36B,베이36B,raw,
b150_overload_r1,GA,Large (141-200),150,overload,214.38333333333333,10,20251205,41,BLK_41C,3,베이36B 수정,8,2025-12-05 16:21:06,2025-12-05 17:05:19,44.2,36B,베이36B,raw,
b150_overload_r1,GA,Large (141-200),150,overload,214.38333333333333,10,20251205,49,BLK_49P,4,판계,1,2025-12-05 09:24:42,2025-12-05 09:57:42,33.0,,공통,raw,
b150_overload_r1,GA,Large (141-200),150,overload,214.38333333333333,10,20251205,49,BLK_49P,4,전면SAW,2,2025-12-05 12:21:55,2025-12-05 14:44:53,143.0,,공통,raw,
b150_overload_r1,GA,Large (141-200),150,overload,214.38333333333333,10,20251205,49,BLK_49P,4,TurnOver,3,2025-12-05 14:44:53,2025-12-05 14:58:05,13.2,,공통,raw,
b150_overload_r1,GA,Large (141-200),150,overload,214.38333333333333,10,20251205,49,BLK_49P,4,후면SAW,4,2025-12-05 14:58:05,2025-12-05 16:41:35,103.5,,공통,raw,
b150_overload_r1,GA,Large (141-200),150,overload,214.38333333333333,10,20251205,49,BLK_49P,4,NC,5,2025-12-05 16:41:35,2025-12-05 17:42:51,61.3,,공통,raw,
b150_overload_r1,GA,Large (141-200),150,overload,214.38333333333333,10,20251205,49,BLK_49P,4,베이35A 론지취부,6,2025-12-05 17:42:51,2025-12-05 18:59:18,76.5,35A,베이35A,raw,
b150_overload_r1,GA,Large (141-200),150,overload,214.38333333333333,10,20251205,49,BLK_49P,4,베이35A 론지용접,7,2025-12-05 18:59:18,2025-12-05 19:24:50,25.5,35A,베이35A,raw,
b150_overload_r1,GA,Large (141-200),150,overload,214.38333333333333,10,20251205,49,BLK_49P,4,베이35A 수정,8,2025-12-05 19:24:50,2025-12-05 20:11:28,46.6,35A,베이35A,raw,
b150_overload_r1,GA,Large (141-200),150,overload,214.38333333333333,10,20251205,66,BLK_66C,5,판계,1,2025-12-05 09:57:42,2025-12-05 10:47:12,49.5,,공통,raw,
b150_overload_r1,GA,Large (141-200),150,overload,214.38333333333333,10,20251205,66,BLK_66C,5,전면SAW,2,2025-12-05 14:44:53,2025-12-05 15:27:35,42.7,,공통,raw,
b150_overload_r1,GA,Large (141-200),150,overload,214.38333333333333,10,20251205,66,BLK_66C,5,TurnOver,3,2025-12-05 15:27:35,2025-12-05 15:40:47,13.2,,공통,raw,
b150_overload_r1,GA,Large (141-200),150,overload,214.38333333333333,10,20251205,66,BLK_66C,5,후면SAW,4,2025-12-05 16:41:35,2025-12-05 17:14:32,32.9,,공통,raw,
b150_overload_r1,GA,Large (141-200),150,overload,214.38333333333333,10,20251205,66,BLK_66C,5,NC,5,2025-12-05 17:42:51,2025-12-05 18:41:58,59.1,,공통,raw,
b150_overload_r1,GA,Large (141-200),150,overload,214.38333333333333,10,20251205,66,BLK_66C,5,베이36B 론지취부,6,2025-12-05 18:41:58,2025-12-05 20:13:49,91.9,36B,베이36B,raw,
b150_overload_r1,GA,Large (141-200),150,overload,214.38333333333333,10,20251205,66,BLK_66C,5,베이36B 론지용접,7,2025-12-05 20:13:49,2025-12-05 20:41:58,28.2,36B,베이36B,raw,
b150_overload_r1,GA,Large (141-200),150,overload,214.38333333333333,10,20251205,66,BLK_66C,5,베이36B 수정,8,2025-12-05 20:41:58,2025-12-05 21:38:17,56.3,36B,베이36B,raw,
b150_overload_r1,GA,Large (141-200),150,overload,214.38333333333333,10,20251205,72,BLK_72S,6,판계,1,2025-12-05 10:47:12,2025-12-05 11:20:12,33.0,,공통,raw,
b150_overload_r1,GA,Large (141-200),150,overload,214.38333333333333,10,20251205,72,BLK_72S,6,전면SAW,2,2025-12-05 15:27:35,2025-12-05 15:59:56,32.3,,공통,raw,
b150_overload_r1,GA,Large (141-200),150,overload,214.38333333333333,10,20251205,72,BLK_72S,6,TurnOver,3,2025-12-05 15:59:56,2025-12-05 16:13:08,13.2,,공통,raw,
b150_overload_r1,GA,Large (141-200),150,overload,214.38333333333333,10,20251205,72,BLK_72S,6,후면SAW,4,2025-12-05 17:14:32,2025-12-05 17:33:51,19.3,,공통,raw,
b150_overload_r1,GA,Large (141-200),150,overload,214.38333333333333,10,20251205,72,BLK_72S,6,NC,5,2025-12-05 18:41:58,2025-12-05 19:28:49,46.8,,공통,raw,
b150_overload_r1,GA,Large (141-200),150,overload,214.38333333333333,10,20251205,72,BLK_72S,6,베이35A 론지취부,6,2025-12-05 19:28:49,2025-12-05 20:33:43,64.9,35A,베이35A,raw,
b150_overload_r1,GA,Large (141-200),150,overload,214.38333333333333,10,20251205,72,BLK_72S,6,베이35A 론지용접,7,2025-12-05 20:33:43,2025-12-05 20:57:15,23.5,35A,베이35A,raw,
b150_overload_r1,GA,Large (141-200),150,overload,214.38333333333333,10,20251205,72,BLK_72S,6,베이35A 수정,8,2025-12-05 20:57:15,2025-12-05 21:36:38,39.4,35A,베이35A,raw,
b150_overload_r1,GA,Large (141-200),150,overload,214.38333333333333,10,20251205,8,BLK_8C,7,판계,1,2025-12-05 11:20:12,2025-12-05 11:53:12,33.0,,공통,raw,
b150_overload_r1,GA,Large (141-200),150,overload,214.38333333333333,10,20251205,8,BLK_8C,7,전면SAW,2,2025-12-05 15:59:56,2025-12-05 16:35:14,35.3,,공통,raw,
b150_overload_r1,GA,Large (141-200),150,overload,214.38333333333333,10,20251205,8,BLK_8C,7,TurnOver,3,2025-12-05 16:35:14,2025-12-05 16:48:26,13.2,,공통,raw,
b150_overload_r1,GA,Large (141-200),150,overload,214.38333333333333,10,20251205,8,BLK_8C,7,후면SAW,4,2025-12-05 17:33:51,2025-12-05 17:57:04,23.2,,공통,raw,
b150_overload_r1,GA,Large (141-200),150,overload,214.38333333333333,10,20251205,8,BLK_8C,7,NC,5,2025-12-05 19:28:49,2025-12-05 20:23:12,54.4,,공통,raw,
b150_overload_r1,GA,Large (141-200),150,overload,214.38333333333333,10,20251205,8,BLK_8C,7,베이36B 론지취부,6,2025-12-05 20:23:12,2025-12-05 21:31:57,68.8,36B,베이36B,raw,
b150_overload_r1,GA,Large (141-200),150,overload,214.38333333333333,10,20251205,8,BLK_8C,7,베이36B 론지용접,7,2025-12-05 21:31:57,2025-12-05 21:56:09,24.2,36B,베이36B,raw,
b150_overload_r1,GA,Large (141-200),150,overload,214.38333333333333,10,20251205,8,BLK_8C,7,베이36B 수정,8,2025-12-05 21:56:09,2025-12-05 22:37:57,41.8,36B,베이36B,raw,
b150_overload_r1,GA,Large (141-200),150,overload,214.38333333333333,10,20251205,12,BLK_12P,8,판계,1,2025-12-05 11:53:12,2025-12-05 12:26:12,33.0,,공통,raw,
b150_overload_r1,GA,Large (141-200),150,overload,214.38333333333333,10,20251205,12,BLK_12P,8,전면SAW,2,2025-12-05 16:35:14,2025-12-05 17:12:50,37.6,,공통,raw,
b150_overload_r1,GA,Large (141-200),150,overload,214.38333333333333,10,20251205,12,BLK_12P,8,TurnOver,3,2025-12-05 17:12:50,2025-12-05 17:26:02,13.2,,공통,raw,
b150_overload_r1,GA,Large (141-200),150,overload,214.38333333333333,10,20251205,12,BLK_12P,8,후면SAW,4,2025-12-05 17:57:04,2025-12-05 18:23:19,26.3,,공통,raw,
b150_overload_r1,GA,Large (141-200),150,overload,214.38333333333333,10,20251205,12,BLK_12P,8,NC,5,2025-12-05 20:23:12,2025-12-05 21:10:11,47.0,,공통,raw,
b150_overload_r1,GA,Large (141-200),150,overload,214.38333333333333,10,20251205,12,BLK_12P,8,베이35A 론지취부,6,2025-12-05 21:10:11,2025-12-05 22:07:23,57.2,35A,베이35A,raw,
b150_overload_r1,GA,Large (141-200),150,overload,214.38333333333333,10,20251205,12,BLK_12P,8,베이35A 론지용접,7,2025-12-05 22:07:23,2025-12-05 22:29:36,22.2,35A,베이35A,raw,
b150_overload_r1,GA,Large (141-200),150,overload,214.38333333333333,10,20251205,12,BLK_12P,8,베이35A 수정,8,2025-12-05 22:29:36,2025-12-05 23:04:09,34.5,35A,베이35A,raw,
b150_overload_r1,GA,Large (141-200),150,overload,214.38333333333333,10,20251205,106,BLK_106S,9,판계,1,2025-12-05 12:26:12,2025-12-05 13:08:00,41.8,,공통,raw,
b150_overload_r1,GA,Large (141-200),150,overload,214.38333333333333,10,20251205,106,BLK_106S,9,전면SAW,2,2025-12-05 17:12:50,2025-12-05 19:22:44,129.9,,공통,raw,
b150_overload_r1,GA,Large (141-200),150,overload,214.38333333333333,10,20251205,106,BLK_106S,9,TurnOver,3,2025-12-05 19:22:44,2025-12-05 19:35:56,13.2,,공통,raw,
b150_overload_r1,GA,Large (141-200),150,overload,214.38333333333333,10,20251205,106,BLK_106S,9,후면SAW,4,2025-12-05 19:35:56,2025-12-05 21:47:35,131.7,,공통,raw,
b150_overload_r1,GA,Large (141-200),150,overload,214.38333333333333,10,20251205,106,BLK_106S,9,NC,5,2025-12-05 21:47:35,2025-12-05 22:37:55,50.3,,공통,raw,
b150_overload_r1,GA,Large (141-200),150,overload,214.38333333333333,10,20251205,106,BLK_106S,9,베이36B 론지취부,6,2025-12-05 22:37:55,2025-12-05 23:46:40,68.8,36B,베이36B,raw,
b150_overload_r1,GA,Large (141-200),150,overload,214.38333333333333,10,20251205,106,BLK_106S,9,베이36B 론지용접,7,2025-12-05 23:46:40,2025-12-06 00:10:52,24.2,36B,베이36B,raw,
b150_overload_r1,GA,Large (141-200),150,overload,214.38333333333333,10,20251205,106,BLK_106S,9,베이36B 수정,8,2025-12-06 00:10:52,2025-12-06 00:52:40,41.8,36B,베이36B,raw,
b150_overload_r1,GA,Large (141-200),150,overload,214.38333333333333,10,20251205,92,BLK_92P,10,판계,1,2025-12-05 13:08:00,2025-12-05 13:41:00,33.0,,공통,raw,
b150_overload_r1,GA,Large (141-200),150,overload,214.38333333333333,10,20251205,92,BLK_92P,10,전면SAW,2,2025-12-05 19:22:44,2025-12-05 19:57:05,34.4,,공통,raw,
b150_overload_r1,GA,Large (141-200),150,overload,214.38333333333333,10,20251205,92,BLK_92P,10,TurnOver,3,2025-12-05 19:57:05,2025-12-05 20:10:17,13.2,,공통,raw,
b150_overload_r1,GA,Large (141-200),150,overload,214.38333333333333,10,20251205,92,BLK_92P,10,후면SAW,4,2025-12-05 21:47:35,2025-12-05 22:09:34,22.0,,공통,raw,
b150_overload_r1,GA,Large (141-200),150,overload,214.38333333333333,10,20251205,92,BLK_92P,10,NC,5,2025-12-05 22:37:55,2025-12-05 23:22:41,44.8,,공통,raw,
b150_overload_r1,GA,Large (141-200),150,overload,214.38333333333333,10,20251205,92,BLK_92P,10,베이35A 론지취부,6,2025-12-05 23:22:41,2025-12-06 00:35:17,72.6,35A,베이35A,raw,
b150_overload_r1,GA,Large (141-200),150,overload,214.38333333333333,10,20251205,92,BLK_92P,10,베이35A 론지용접,7,2025-12-06 00:35:17,2025-12-06 01:00:08,24.9,35A,베이35A,raw,
b150_overload_r1,GA,Large (141-200),150,overload,214.38333333333333,10,20251205,92,BLK_92P,10,베이35A 수정,8,2025-12-06 01:00:08,2025-12-06 01:44:22,44.2,35A,베이35A,raw,
b150_overload_r1,GA,Large (141-200),150,overload,214.38333333333333,10,20251205,120,BLK_120P,11,판계,1,2025-12-05 13:41:00,2025-12-05 14:19:30,38.5,,공통,raw,
b150_overload_r1,GA,Large (141-200),150,overload,214.38333333333333,10,20251205,120,BLK_120P,11,전면SAW,2,2025-12-05 19:57:05,2025-12-05 22:13:30,136.4,,공통,raw,
b150_overload_r1,GA,Large (141-200),150,overload,214.38333333333333,10,20251205,120,BLK_120P,11,TurnOver,3,2025-12-05 22:13:30,2025-12-05 22:26:42,13.2,,공통,raw,
b150_overload_r1,GA,Large (141-200),150,overload,214.38333333333333,10,20251205,120,BLK_120P,11,후면SAW,4,2025-12-05 22:26:42,2025-12-06 00:04:57,98.3,,공통,raw,
b150_overload_r1,GA,Large (141-200),150,overload,214.38333333333333,10,20251205,120,BLK_120P,11,NC,5,2025-12-06 00:04:57,2025-12-06 00:44:32,39.6,,공통,raw,
b150_overload_r1,GA,Large (141-200),150,overload,214.38333333333333,10,20251205,120,BLK_120P,11,베이36B 론지취부,6,2025-12-06 00:44:32,2025-12-06 01:22:29,38.0,36B,베이36B,raw,
b150_overload_r1,GA,Large (141-200),150,overload,214.38333333333333,10,20251205,120,BLK_120P,11,베이36B 론지용접,7,2025-12-06 01:22:29,2025-12-06 01:37:00,14.5,36B,베이36B,raw,
b150_overload_r1,GA,Large (141-200),150,overload,214.38333333333333,10,20251205,120,BLK_120P,11,베이36B 수정,8,2025-12-06 01:37:00,2025-12-06 01:59:27,22.4,36B,베이36B,raw,
b150_overload_r1,GA,Large (141-200),150,overload,214.38333333333333,10,20251205,28,BLK_28C,12,판계,1,2025-12-05 14:19:30,2025-12-05 14:52:30,33.0,,공통,raw,
b150_overload_r1,GA,Large (141-200),150,overload,214.38333333333333,10,20251205,28,BLK_28C,12,전면SAW,2,2025-12-05 22:13:30,2025-12-05 22:49:50,36.3,,공통,raw,
b150_overload_r1,GA,Large (141-200),150,overload,214.38333333333333,10,20251205,28,BLK_28C,12,TurnOver,3,2025-12-05 22:49:50,2025-12-05 23:03:02,13.2,,공통,raw,
b150_overload_r1,GA,Large (141-200),150,overload,214.38333333333333,10,20251205,28,BLK_28C,12,후면SAW,4,2025-12-06 00:04:57,2025-12-06 00:29:31,24.6,,공통,raw,
b150_overload_r1,GA,Large (141-200),150,overload,214.38333333333333,10,20251205,28,BLK_28C,12,NC,5,2025-12-06 00:44:32,2025-12-06 01:40:04,55.5,,공통,raw,
b150_overload_r1,GA,Large (141-200),150,overload,214.38333333333333,10,20251205,28,BLK_28C,12,베이36B 론지취부,6,2025-12-06 01:40:04,2025-12-06 03:19:37,99.6,36B,베이36B,raw,
b150_overload_r1,GA,Large (141-200),150,overload,214.38333333333333,10,20251205,28,BLK_28C,12,베이36B 론지용접,7,2025-12-06 03:19:37,2025-12-06 03:49:05,29.5,36B,베이36B,raw,
b150_overload_r1,GA,Large (141-200),150,overload,214.38333333333333,10,20251205,28,BLK_28C,12,베이36B 수정,8,2025-12-06 03:49:05,2025-12-06 04:50:15,61.2,36B,베이36B,raw,
b150_overload_r1,GA,Large (141-200),150,overload,214.38333333333333,10,20251205,111,BLK_111S,13,판계,1,2025-12-05 14:52:30,2025-12-05 15:20:00,27.5,,공통,raw,
b150_overload_r1,GA,Large (141-200),150,overload,214.38333333333333,10,20251205,111,BLK_111S,13,전면SAW,2,2025-12-05 22:49:50,2025-12-05 23:27:00,37.2,,공통,raw,
b150_overload_r1,GA,Large (141-200),150,overload,214.38333333333333,10,20251205,111,BLK_111S,13,TurnOver,3,2025-12-05 23:27:00,2025-12-05 23:40:12,13.2,,공통,raw,
b150_overload_r1,GA,Large (141-200),150,overload,214.38333333333333,10,20251205,111,BLK_111S,13,후면SAW,4,2025-12-06 00:29:31,2025-12-06 00:55:11,25.7,,공통,raw,
b150_overload_r1,GA,Large (141-200),150,overload,214.38333333333333,10,20251205,111,BLK_111S,13,NC,5,2025-12-06 01:40:04,2025-12-06 02:16:36,36.5,,공통,raw,
b150_overload_r1,GA,Large (141-200),150,overload,214.38333333333333,10,20251205,111,BLK_111S,13,베이35A 론지취부,6,2025-12-06 02:16:36,2025-12-06 03:13:48,57.2,35A,베이35A,raw,
b150_overload_r1,GA,Large (141-200),150,overload,214.38333333333333,10,20251205,111,BLK_111S,13,베이35A 론지용접,7,2025-12-06 03:13:48,2025-12-06 03:36:01,22.2,35A,베이35A,raw,
b150_overload_r1,GA,Large (141-200),150,overload,214.38333333333333,10,20251205,111,BLK_111S,13,베이35A 수정,8,2025-12-06 03:36:01,2025-12-06 04:10:34,34.5,35A,베이35A,raw,
b150_overload_r1,GA,Large (141-200),150,overload,214.38333333333333,10,20251205,36,BLK_36S,14,판계,1,2025-12-05 15:20:00,2025-12-05 15:50:48,30.8,,공통,raw,
b150_overload_r1,GA,Large (141-200),150,overload,214.38333333333333,10,20251205,36,BLK_36S,14,전면SAW,2,2025-12-05 23:27:00,2025-12-06 01:33:26,126.4,,공통,raw,
b150_overload_r1,GA,Large (141-200),150,overload,214.38333333333333,10,20251205,36,BLK_36S,14,TurnOver,3,2025-12-06 01:33:26,2025-12-06 01:46:38,13.2,,공통,raw,
b150_overload_r1,GA,Large (141-200),150,overload,214.38333333333333,10,20251205,36,BLK_36S,14,후면SAW,4,2025-12-06 01:46:38,2025-12-06 03:28:25,101.8,,공통,raw,
b150_overload_r1,GA,Large (141-200),150,overload,214.38333333333333,10,20251205,36,BLK_36S,14,NC,5,2025-12-06 03:28:25,2025-12-06 04:08:22,40.0,,공통,raw,
b150_overload_r1,GA,Large (141-200),150,overload,214.38333333333333,10,20251205,36,BLK_36S,14,베이36B 론지취부,6,2025-12-06 04:08:22,2025-12-06 05:36:22,88.0,36B,베이36B,raw,
b150_overload_r1,GA,Large (141-200),150,overload,214.38333333333333,10,20251205,36,BLK_36S,14,베이36B 론지용접,7,2025-12-06 05:36:22,2025-12-06 06:03:52,27.5,36B,베이36B,raw,
b150_overload_r1,GA,Large (141-200),150,overload,214.38333333333333,10,20251205,36,BLK_36S,14,베이36B 수정,8,2025-12-06 06:03:52,2025-12-06 06:57:46,53.9,36B,베이36B,raw,
b150_overload_r1,GA,Large (141-200),150,overload,214.38333333333333,10,20251205,40,BLK_40C,15,판계,1,2025-12-05 15:50:48,2025-12-05 16:23:48,33.0,,공통,raw,
b150_overload_r1,GA,Large (141-200),150,overload,214.38333333333333,10,20251205,40,BLK_40C,15,전면SAW,2,2025-12-06 01:33:26,2025-12-06 02:18:05,44.6,,공통,raw,
b150_overload_r1,GA,Large (141-200),150,overload,214.38333333333333,10,20251205,40,BLK_40C,15,TurnOver,3,2025-12-06 02:18:05,2025-12-06 02:31:17,13.2,,공통,raw,
b150_overload_r1,GA,Large (141-200),150,overload,214.38333333333333,10,20251205,40,BLK_40C,15,후면SAW,4,2025-12-06 03:28:25,2025-12-06 04:03:56,35.5,,공통,raw,
b150_overload_r1,GA,Large (141-200),150,overload,214.38333333333333,10,20251205,40,BLK_40C,15,NC,5,2025-12-06 04:08:22,2025-12-06 04:53:18,44.9,,공통,raw,
b150_overload_r1,GA,Large (141-200),150,overload,214.38333333333333,10,20251205,40,BLK_40C,15,베이35A 론지취부,6,2025-12-06 04:53:18,2025-12-06 06:09:45,76.5,35A,베이35A,raw,
b150_overload_r1,GA,Large (141-200),150,overload,214.38333333333333,10,20251205,40,BLK_40C,15,베이35A 론지용접,7,2025-12-06 06:09:45,2025-12-06 06:35:16,25.5,35A,베이35A,raw,
b150_overload_r1,GA,Large (141-200),150,overload,214.38333333333333,10,20251205,40,BLK_40C,15,베이35A 수정,8,2025-12-06 06:35:16,2025-12-06 07:21:54,46.6,35A,베이35A,raw,
b150_overload_r1,GA,Large (141-200),150,overload,214.38333333333333,10,20251205,50,BLK_50C,16,판계,1,2025-12-05 16:23:48,2025-12-05 16:56:48,33.0,,공통,raw,
b150_overload_r1,GA,Large (141-200),150,overload,214.38333333333333,10,20251205,50,BLK_50C,16,전면SAW,2,2025-12-06 02:18:05,2025-12-06 04:00:25,102.3,,공통,raw,
b150_overload_r1,GA,Large (141-200),150,overload,214.38333333333333,10,20251205,50,BLK_50C,16,TurnOver,3,2025-12-06 04:00:25,2025-12-06 04:13:37,13.2,,공통,raw,
b150_overload_r1,GA,Large (141-200),150,overload,214.38333333333333,10,20251205,50,BLK_50C,16,후면SAW,4,2025-12-06 04:13:37,2025-12-06 05:33:28,79.8,,공통,raw,
b150_overload_r1,GA,Large (141-200),150,overload,214.38333333333333,10,20251205,50,BLK_50C,16,NC,5,2025-12-06 05:33:28,2025-12-06 06:32:49,59.3,,공통,raw,
b150_overload_r1,GA,Large (141-200),150,overload,214.38333333333333,10,20251205,50,BLK_50C,16,베이36B 론지취부,6,2025-12-06 06:32:49,2025-12-06 08:23:55,111.1,36B,베이36B,raw,
b150_overload_r1,GA,Large (141-200),150,overload,214.38333333333333,10,20251205,50,BLK_50C,16,베이36B 론지용접,7,2025-12-06 08:23:55,2025-12-06 08:55:22,31.5,36B,베이36B,raw,
b150_overload_r1,GA,Large (141-200),150,overload,214.38333333333333,10,20251205,50,BLK_50C,16,베이36B 수정,8,2025-12-06 08:55:22,2025-12-06 10:03:48,68.4,36B,베이36B,raw,
b150_overload_r1,GA,Large (141-200),150,overload,214.38333333333333,10,20251205,45,BLK_45P,17,판계,1,2025-12-05 16:56:48,2025-12-05 17:35:18,38.5,,공통,raw,
b150_overload_r1,GA,Large (141-200),150,overload,214.38333333333333,10,20251205,45,BLK_45P,17,전면SAW,2,2025-12-06 04:00:25,2025-12-06 06:27:02,146.6,,공통,raw,
b150_overload_r1,GA,Large (141-200),150,overload,214.38333333333333,10,20251205,45,BLK_45P,17,TurnOver,3,2025-12-06 06:27:02,2025-12-06 06:40:14,13.2,,공통,raw,
b150_overload_r1,GA,Large (141-200),150,overload,214.38333333333333,10,20251205,45,BLK_45P,17,후면SAW,4,2025-12-06 06:40:14,2025-12-06 08:45:23,125.2,,공통,raw,
b150_overload_r1,GA,Large (141-200),150,overload,214.38333333333333,10,20251205,45,BLK_45P,17,NC,5,2025-12-06 08:45:23,2025-12-06 09:26:48,41.4,,공통,raw,
b150_overload_r1,GA,Large (141-200),150,overload,214.38333333333333,10,20251205,45,BLK_45P,17,베이35A 론지취부,6,2025-12-06 09:26:48,2025-12-06 10:00:54,34.1,35A,베이35A,raw,
b150_overload_r1,GA,Large (141-200),150,overload,214.38333333333333,10,20251205,45,BLK_45P,17,베이35A 론지용접,7,2025-12-06 10:00:54,2025-12-06 10:19:10,18.3,35A,베이35A,raw,
b150_overload_r1,GA,Large (141-200),150,overload,214.38333333333333,10,20251205,45,BLK_45P,17,베이35A 수정,8,2025-12-06 10:19:10,2025-12-06 10:39:11,20.0,35A,베이35A,raw,
b150_overload_r1,GA,Large (141-200),150,overload,214.38333333333333,10,20251206,61,BLK_61C,1,판계,1,2025-12-06 08:00:00,2025-12-06 08:33:00,33.0,,공통,raw,
b150_overload_r1,GA,Large (141-200),150,overload,214.38333333333333,10,20251206,61,BLK_61C,1,전면SAW,2,2025-12-06 08:33:00,2025-12-06 09:07:09,34.2,,공통,raw,
b150_overload_r1,GA,Large (141-200),150,overload,214.38333333333333,10,20251206,61,BLK_61C,1,TurnOver,3,2025-12-06 09:07:09,2025-12-06 09:20:21,13.2,,공통,raw,
b150_overload_r1,GA,Large (141-200),150,overload,214.38333333333333,10,20251206,61,BLK_61C,1,후면SAW,4,2025-12-06 09:20:21,2025-12-06 09:42:03,21.7,,공통,raw,
b150_overload_r1,GA,Large (141-200),150,overload,214.38333333333333,10,20251206,61,BLK_61C,1,NC,5,2025-12-06 09:42:03,2025-12-06 10:27:51,45.8,,공통,raw,
b150_overload_r1,GA,Large (141-200),150,overload,214.38333333333333,10,20251206,61,BLK_61C,1,베이36B 론지취부,6,2025-12-06 10:27:51,2025-12-06 11:52:00,84.2,36B,베이36B,raw,
b150_overload_r1,GA,Large (141-200),150,overload,214.38333333333333,10,20251206,61,BLK_61C,1,베이36B 론지용접,7,2025-12-06 11:52:00,2025-12-06 12:18:51,26.8,36B,베이36B,raw,
b150_overload_r1,GA,Large (141-200),150,overload,214.38333333333333,10,20251206,61,BLK_61C,1,베이36B 수정,8,2025-12-06 12:18:51,2025-12-06 13:10:19,51.5,36B,베이36B,raw,
b150_overload_r1,GA,Large (141-200),150,overload,214.38333333333333,10,20251206,71,BLK_71C,2,판계,1,2025-12-06 08:33:00,2025-12-06 08:46:12,13.2,,공통,raw,
b150_overload_r1,GA,Large (141-200),150,overload,214.38333333333333,10,20251206,71,BLK_71C,2,전면SAW,2,2025-12-06 09:07:09,2025-12-06 09:56:28,49.3,,공통,raw,
b150_overload_r1,GA,Large (141-200),150,overload,214.38333333333333,10,20251206,71,BLK_71C,2,TurnOver,3,2025-12-06 09:56:28,2025-12-06 10:09:40,13.2,,공통,raw,
b150_overload_r1,GA,Large (141-200),150,overload,214.38333333333333,10,20251206,71,BLK_71C,2,후면SAW,4,2025-12-06 10:09:40,2025-12-06 10:51:21,41.7,,공통,raw,
b150_overload_r1,GA,Large (141-200),150,overload,214.38333333333333,10,20251206,71,BLK_71C,2,NC,5,2025-12-06 10:51:21,2025-12-06 11:14:25,23.1,,공통,raw,
b150_overload_r1,GA,Large (141-200),150,overload,214.38333333333333,10,20251206,71,BLK_71C,2,베이35A 론지취부,6,2025-12-06 11:14:25,2025-12-06 11:56:13,41.8,35A,베이35A,raw,
b150_overload_r1,GA,Large (141-200),150,overload,214.38333333333333,10,20251206,71,BLK_71C,2,베이35A 론지용접,7,2025-12-06 11:56:13,2025-12-06 12:11:24,15.2,35A,베이35A,raw,
b150_overload_r1,GA,Large (141-200),150,overload,214.38333333333333,10,20251206,71,BLK_71C,2,베이35A 수정,8,2025-12-06 12:11:24,2025-12-06 12:36:15,24.9,35A,베이35A,raw,
b150_overload_r1,GA,Large (141-200),150,overload,214.38333333333333,10,20251206,74,BLK_74P,3,판계,1,2025-12-06 08:46:12,2025-12-06 09:13:42,27.5,,공통,raw,
b150_overload_r1,GA,Large (141-200),150,overload,214.38333333333333,10,20251206,74,BLK_74P,3,전면SAW,2,2025-12-06 09:56:28,2025-12-06 10:33:24,36.9,,공통,raw,
b150_overload_r1,GA,Large (141-200),150,overload,214.38333333333333,10,20251206,74,BLK_74P,3,TurnOver,3,2025-12-06 10:33:24,2025-12-06 10:46:36,13.2,,공통,raw,
b150_overload_r1,GA,Large (141-200),150,overload,214.38333333333333,10,20251206,74,BLK_74P,3,후면SAW,4,2025-12-06 10:51:21,2025-12-06 11:16:42,25.3,,공통,raw,
b150_overload_r1,GA,Large (141-200),150,overload,214.38333333333333,10,20251206,74,BLK_74P,3,NC,5,2025-12-06 11:16:42,2025-12-06 11:55:46,39.1,,공통,raw,
b150_overload_r1,GA,Large (141-200),150,overload,214.38333333333333,10,20251206,74,BLK_74P,3,베이36B 론지취부,6,2025-12-06 11:55:46,2025-12-06 13:16:04,80.3,36B,베이36B,raw,
b150_overload_r1,GA,Large (141-200),150,overload,214.38333333333333,10,20251206,74,BLK_74P,3,베이36B 론지용접,7,2025-12-06 13:16:04,2025-12-06 13:42:15,26.2,36B,베이36B,raw,
b150_overload_r1,GA,Large (141-200),150,overload,214.38333333333333,10,20251206,74,BLK_74P,3,베이36B 수정,8,2025-12-06 13:42:15,2025-12-06 14:31:18,49.1,36B,베이36B,raw,
b150_overload_r1,GA,Large (141-200),150,overload,214.38333333333333,10,20251206,84,BLK_84C,4,판계,1,2025-12-06 09:13:42,2025-12-06 09:46:42,33.0,,공통,raw,
b150_overload_r1,GA,Large (141-200),150,overload,214.38333333333333,10,20251206,84,BLK_84C,4,전면SAW,2,2025-12-06 10:33:24,2025-12-06 11:07:46,34.4,,공통,raw,
b150_overload_r1,GA,Large (141-200),150,overload,214.38333333333333,10,20251206,84,BLK_84C,4,TurnOver,3,2025-12-06 11:07:46,2025-12-06 11:20:58,13.2,,공통,raw,
b150_overload_r1,GA,Large (141-200),150,overload,214.38333333333333,10,20251206,84,BLK_84C,4,후면SAW,4,2025-12-06 11:20:58,2025-12-06 11:42:57,22.0,,공통,raw,
b150_overload_r1,GA,Large (141-200),150,overload,214.38333333333333,10,20251206,84,BLK_84C,4,NC,5,2025-12-06 11:55:46,2025-12-06 12:49:18,53.5,,공통,raw,
b150_overload_r1,GA,Large (141-200),150,overload,214.38333333333333,10,20251206,84,BLK_84C,4,베이35A 론지취부,6,2025-12-06 12:49:18,2025-12-06 14:21:09,91.9,35A,베이35A,raw,
b150_overload_r1,GA,Large (141-200),150,overload,214.38333333333333,10,20251206,84,BLK_84C,4,베이35A 론지용접,7,2025-12-06 14:21:09,2025-12-06 14:49:19,28.2,35A,베이35A,raw,
b150_overload_r1,GA,Large (141-200),150,overload,214.38333333333333,10,20251206,84,BLK_84C,4,베이35A 수정,8,2025-12-06 14:49:19,2025-12-06 15:45:38,56.3,35A,베이35A,raw,
b150_overload_r1,GA,Large (141-200),150,overload,214.38333333333333,10,20251206,85,BLK_85C,5,판계,1,2025-12-06 09:46:42,2025-12-06 10:23:00,36.3,,공통,raw,
b150_overload_r1,GA,Large (141-200),150,overload,214.38333333333333,10,20251206,85,BLK_85C,5,전면SAW,2,2025-12-06 11:07:46,2025-12-06 13:09:35,121.8,,공통,raw,
b150_overload_r1,GA,Large (141-200),150,overload,214.38333333333333,10,20251206,85,BLK_85C,5,TurnOver,3,2025-12-06 13:09:35,2025-12-06 13:22:47,13.2,,공통,raw,
b150_overload_r1,GA,Large (141-200),150,overload,214.38333333333333,10,20251206,85,BLK_85C,5,후면SAW,4,2025-12-06 13:22:47,2025-12-06 15:25:02,122.3,,공통,raw,
b150_overload_r1,GA,Large (141-200),150,overload,214.38333333333333,10,20251206,85,BLK_85C,5,NC,5,2025-12-06 15:25:02,2025-12-06 16:11:18,46.3,,공통,raw,
b150_overload_r1,GA,Large (141-200),150,overload,214.38333333333333,10,20251206,85,BLK_85C,5,베이36B 론지취부,6,2025-12-06 16:11:18,2025-12-06 17:35:27,84.2,36B,베이36B,raw,
b150_overload_r1,GA,Large (141-200),150,overload,214.38333333333333,10,20251206,85,BLK_85C,5,베이36B 론지용접,7,2025-12-06 17:35:27,2025-12-06 18:02:17,26.8,36B,베이36B,raw,
b150_overload_r1,GA,Large (141-200),150,overload,214.38333333333333,10,20251206,85,BLK_85C,5,베이36B 수정,8,2025-12-06 18:02:17,2025-12-06 18:53:46,51.5,36B,베이36B,raw,
b150_overload_r1,GA,Large (141-200),150,overload,214.38333333333333,10,20251206,65,BLK_65C,6,판계,1,2025-12-06 10:23:00,2025-12-06 10:56:00,33.0,,공통,raw,
b150_overload_r1,GA,Large (141-200),150,overload,214.38333333333333,10,20251206,65,BLK_65C,6,전면SAW,2,2025-12-06 13:09:35,2025-12-06 13:40:25,30.8,,공통,raw,
b150_overload_r1,GA,Large (141-200),150,overload,214.38333333333333,10,20251206,65,BLK_65C,6,TurnOver,3,2025-12-06 13:40:25,2025-12-06 13:53:37,13.2,,공통,raw,
b150_overload_r1,GA,Large (141-200),150,overload,214.38333333333333,10,20251206,65,BLK_65C,6,후면SAW,4,2025-12-06 15:25:02,2025-12-06 15:42:23,17.3,,공통,raw,
b150_overload_r1,GA,Large (141-200),150,overload,214.38333333333333,10,20251206,65,BLK_65C,6,NC,5,2025-12-06 16:11:18,2025-12-06 16:55:01,43.7,,공통,raw,
b150_overload_r1,GA,Large (141-200),150,overload,214.38333333333333,10,20251206,65,BLK_65C,6,베이35A 론지취부,6,2025-12-06 16:55:01,2025-12-06 17:48:22,53.4,35A,베이35A,raw,
b150_overload_r1,GA,Large (141-200),150,overload,214.38333333333333,10,20251206,65,BLK_65C,6,베이35A 론지용접,7,2025-12-06 17:48:22,2025-12-06 18:09:56,21.6,35A,베이35A,raw,
b150_overload_r1,GA,Large (141-200),150,overload,214.38333333333333,10,20251206,65,BLK_65C,6,베이35A 수정,8,2025-12-06 18:09:56,2025-12-06 18:42:03,32.1,35A,베이35A,raw,
b150_overload_r1,GA,Large (141-200),150,overload,214.38333333333333,10,20251206,137,BLK_137S,7,판계,1,2025-12-06 10:56:00,2025-12-06 11:40:00,44.0,,공통,raw,
b150_overload_r1,GA,Large (141-200),150,overload,214.38333333333333,10,20251206,137,BLK_137S,7,전면SAW,2,2025-12-06 13:40:25,2025-12-06 16:42:31,182.1,,공통,raw,
b150_overload_r1,GA,Large (141-200),150,overload,214.38333333333333,10,20251206,137,BLK_137S,7,TurnOver,3,2025-12-06 16:42:31,2025-12-06 16:55:43,13.2,,공통,raw,
b150_overload_r1,GA,Large (141-200),150,overload,214.38333333333333,10,20251206,137,BLK_137S,7,후면SAW,4,2025-12-06 16:55:43,2025-12-06 19:10:32,134.8,,공통,raw,
b150_overload_r1,GA,Large (141-200),150,overload,214.38333333333333,10,20251206,137,BLK_137S,7,NC,5,2025-12-06 19:10:32,2025-12-06 20:03:14,52.7,,공통,raw,
b150_overload_r1,GA,Large (141-200),150,overload,214.38333333333333,10,20251206,137,BLK_137S,7,베이36B 론지취부,6,2025-12-06 20:03:14,2025-12-06 21:35:05,91.9,36B,베이36B,raw,
b150_overload_r1,GA,Large (141-200),150,overload,214.38333333333333,10,20251206,137,BLK_137S,7,베이36B 론지용접,7,2025-12-06 21:35:05,2025-12-06 22:03:14,28.2,36B,베이36B,raw,
b150_overload_r1,GA,Large (141-200),150,overload,214.38333333333333,10,20251206,137,BLK_137S,7,베이36B 수정,8,2025-12-06 22:03:14,2025-12-06 22:59:34,56.3,36B,베이36B,raw,
b150_overload_r1,GA,Large (141-200),150,overload,214.38333333333333,10,20251206,101,BLK_101P,8,판계,1,2025-12-06 11:40:00,2025-12-06 12:13:00,33.0,,공통,raw,
b150_overload_r1,GA,Large (141-200),150,overload,214.38333333333333,10,20251206,101,BLK_101P,8,전면SAW,2,2025-12-06 16:42:31,2025-12-06 17:18:28,35.9,,공통,raw,
b150_overload_r1,GA,Large (141-200),150,overload,214.38333333333333,10,20251206,101,BLK_101P,8,TurnOver,3,2025-12-06 17:18:28,2025-12-06 17:31:40,13.2,,공통,raw,
b150_overload_r1,GA,Large (141-200),150,overload,214.38333333333333,10,20251206,101,BLK_101P,8,후면SAW,4,2025-12-06 19:10:32,2025-12-06 19:34:36,24.1,,공통,raw,
b150_overload_r1,GA,Large (141-200),150,overload,214.38333333333333,10,20251206,101,BLK_101P,8,NC,5,2025-12-06 20:03:14,2025-12-06 20:51:27,48.2,,공통,raw,
b150_overload_r1,GA,Large (141-200),150,overload,214.38333333333333,10,20251206,101,BLK_101P,8,베이35A 론지취부,6,2025-12-06 20:51:27,2025-12-06 22:04:03,72.6,35A,베이35A,raw,
b150_overload_r1,GA,Large (141-200),150,overload,214.38333333333333,10,20251206,101,BLK_101P,8,베이35A 론지용접,7,2025-12-06 22:04:03,2025-12-06 22:28:55,24.9,35A,베이35A,raw,
b150_overload_r1,GA,Large (141-200),150,overload,214.38333333333333,10,20251206,101,BLK_101P,8,베이35A 수정,8,2025-12-06 22:28:55,2025-12-06 23:13:08,44.2,35A,베이35A,raw,
b150_overload_r1,GA,Large (141-200),150,overload,214.38333333333333,10,20251206,64,BLK_64C,9,판계,1,2025-12-06 12:13:00,2025-12-06 12:35:00,22.0,,공통,raw,
b150_overload_r1,GA,Large (141-200),150,overload,214.38333333333333,10,20251206,64,BLK_64C,9,전면SAW,2,2025-12-06 17:18:28,2025-12-06 19:14:37,116.1,,공통,raw,
b150_overload_r1,GA,Large (141-200),150,overload,214.38333333333333,10,20251206,64,BLK_64C,9,TurnOver,3,2025-12-06 19:14:37,2025-12-06 19:27:49,13.2,,공통,raw,
b150_overload_r1,GA,Large (141-200),150,overload,214.38333333333333,10,20251206,64,BLK_64C,9,후면SAW,4,2025-12-06 19:34:36,2025-12-06 21:30:14,115.6,,공통,raw,
b150_overload_r1,GA,Large (141-200),150,overload,214.38333333333333,10,20251206,64,BLK_64C,9,NC,5,2025-12-06 21:30:14,2025-12-06 21:58:29,28.2,,공통,raw,
b150_overload_r1,GA,Large (141-200),150,overload,214.38333333333333,10,20251206,64,BLK_64C,9,베이36B 론지취부,6,2025-12-06 21:58:29,2025-12-06 22:51:17,52.8,36B,베이36B,raw,
b150_overload_r1,GA,Large (141-200),150,overload,214.38333333333333,10,20251206,64,BLK_64C,9,베이36B 론지용접,7,2025-12-06 22:51:17,2025-12-06 23:16:21,25.1,36B,베이36B,raw,
b150_overload_r1,GA,Large (141-200),150,overload,214.38333333333333,10,20251206,64,BLK_64C,9,베이36B 수정,8,2025-12-06 23:16:21,2025-12-06 23:31:32,15.2,36B,베이36B,raw,
b150_overload_r1,GA,Large (141-200),150,overload,214.38333333333333,10,20251206,56,BLK_56C,10,판계,1,2025-12-06 12:35:00,2025-12-06 13:04:42,29.7,,공통,raw,
b150_overload_r1,GA,Large (141-200),150,overload,214.38333333333333,10,20251206,56,BLK_56C,10,전면SAW,2,2025-12-06 19:14:37,2025-12-06 21:25:31,130.9,,공통,raw,
b150_overload_r1,GA,Large (141-200),150,overload,214.38333333333333,10,20251206,56,BLK_56C,10,TurnOver,3,2025-12-06 21:25:31,2025-12-06 21:38:43,13.2,,공통,raw,
b150_overload_r1,GA,Large (141-200),150,overload,214.38333333333333,10,20251206,56,BLK_56C,10,후면SAW,4,2025-12-06 21:38:43,2025-12-06 23:12:33,93.8,,공통,raw,
b150_overload_r1,GA,Large (141-200),150,overload,214.38333333333333,10,20251206,56,BLK_56C,10,NC,5,2025-12-06 23:12:33,2025-12-06 23:47:13,34.7,,공통,raw,
b150_overload_r1,GA,Large (141-200),150,overload,214.38333333333333,10,20251206,56,BLK_56C,10,베이35A 론지취부,6,2025-12-06 23:47:13,2025-12-07 00:36:43,49.5,35A,베이35A,raw,
b150_overload_r1,GA,Large (141-200),150,overload,214.38333333333333,10,20251206,56,BLK_56C,10,베이35A 론지용접,7,2025-12-07 00:36:43,2025-12-07 00:57:37,20.9,35A,베이35A,raw,
b150_overload_r1,GA,Large (141-200),150,overload,214.38333333333333,10,20251206,56,BLK_56C,10,베이35A 수정,8,2025-12-07 00:57:37,2025-12-07 01:27:19,29.7,35A,베이35A,raw,
b150_overload_r1,GA,Large (141-200),150,overload,214.38333333333333,10,20251206,95,BLK_95C,11,판계,1,2025-12-06 13:04:42,2025-12-06 13:37:42,33.0,,공통,raw,
b150_overload_r1,GA,Large (141-200),150,overload,214.38333333333333,10,20251206,95,BLK_95C,11,전면SAW,2,2025-12-06 21:25:31,2025-12-06 22:11:53,46.4,,공통,raw,
b150_overload_r1,GA,Large (141-200),150,overload,214.38333333333333,10,20251206,95,BLK_95C,11,TurnOver,3,2025-12-06 22:11:53,2025-12-06 22:25:05,13.2,,공통,raw,
b150_overload_r1,GA,Large (141-200),150,overload,214.38333333333333,10,20251206,95,BLK_95C,11,후면SAW,4,2025-12-06 23:12:33,2025-12-06 23:50:20,37.8,,공통,raw,
b150_overload_r1,GA,Large (141-200),150,overload,214.38333333333333,10,20251206,95,BLK_95C,11,NC,5,2025-12-06 23:50:20,2025-12-07 00:42:13,51.9,,공통,raw,
b150_overload_r1,GA,Large (141-200),150,overload,214.38333333333333,10,20251206,95,BLK_95C,11,베이36B 론지취부,6,2025-12-07 00:42:13,2025-12-07 02:06:22,84.2,36B,베이36B,raw,
b150_overload_r1,GA,Large (141-200),150,overload,214.38333333333333,10,20251206,95,BLK_95C,11,베이36B 론지용접,7,2025-12-07 02:06:22,2025-12-07 02:33:13,26.8,36B,베이36B,raw,
b150_overload_r1,GA,Large (141-200),150,overload,214.38333333333333,10,20251206,95,BLK_95C,11,베이36B 수정,8,2025-12-07 02:33:13,2025-12-07 03:24:42,51.5,36B,베이36B,raw,
b150_overload_r1,GA,Large (141-200),150,overload,214.38333333333333,10,20251206,44,BLK_44C,12,판계,1,2025-12-06 13:37:42,2025-12-06 14:16:12,38.5,,공통,raw,
b150_overload_r1,GA,Large (141-200),150,overload,214.38333333333333,10,20251206,44,BLK_44C,12,전면SAW,2,2025-12-06 22:11:53,2025-12-07 01:05:34,173.7,,공통,raw,
b150_overload_r1,GA,Large (141-200),150,overload,214.38333333333333,10,20251206,44,BLK_44C,12,TurnOver,3,2025-12-07 01:05:34,2025-12-07 01:18:46,13.2,,공통,raw,
b150_overload_r1,GA,Large (141-200),150,overload,214.38333333333333,10,20251206,44,BLK_44C,12,후면SAW,4,2025-12-07 01:18:46,2025-12-07 03:49:52,151.1,,공통,raw,
b150_overload_r1,GA,Large (141-200),150,overload,214.38333333333333,10,20251206,44,BLK_44C,12,NC,5,2025-12-07 03:49:52,2025-12-07 04:30:24,40.5,,공통,raw,
b150_overload_r1,GA,Large (141-200),150,overload,214.38333333333333,10,20251206,44,BLK_44C,12,베이35A 론지취부,6,2025-12-07 04:30:24,2025-12-07 05:23:45,53.4,35A,베이35A,raw,
b150_overload_r1,GA,Large (141-200),150,overload,214.38333333333333,10,20251206,44,BLK_44C,12,베이35A 론지용접,7,2025-12-07 05:23:45,2025-12-07 05:45:19,21.6,35A,베이35A,raw,
b150_overload_r1,GA,Large (141-200),150,overload,214.38333333333333,10,20251206,44,BLK_44C,12,베이35A 수정,8,2025-12-07 05:45:19,2025-12-07 06:17:26,32.1,35A,베이35A,raw,
b150_overload_r1,GA,Large (141-200),150,overload,214.38333333333333,10,20251207,134,BLK_134C,1,판계,1,2025-12-07 08:00:00,2025-12-07 08:13:12,13.2,,공통,raw,
b150_overload_r1,GA,Large (141-200),150,overload,214.38333333333333,10,20251207,134,BLK_134C,1,전면SAW,2,2025-12-07 08:13:12,2025-12-07 09:07:17,54.1,,공통,raw,
b150_overload_r1,GA,Large (141-200),150,overload,214.38333333333333,10,20251207,134,BLK_134C,1,TurnOver,3,2025-12-07 09:07:17,2025-12-07 09:20:29,13.2,,공통,raw,
b150_overload_r1,GA,Large (141-200),150,overload,214.38333333333333,10,20251207,134,BLK_134C,1,후면SAW,4,2025-12-07 09:20:29,2025-12-07 10:08:25,47.9,,공통,raw,
b150_overload_r1,GA,Large (141-200),150,overload,214.38333333333333,10,20251207,134,BLK_134C,1,NC,5,2025-12-07 10:08:25,2025-12-07 10:31:47,23.4,,공통,raw,
b150_overload_r1,GA,Large (141-200),150,overload,214.38333333333333,10,20251207,134,BLK_134C,1,베이36B 론지취부,6,2025-12-07 10:31:47,2025-12-07 11:17:26,45.7,36B,베이36B,raw,
b150_overload_r1,GA,Large (141-200),150,overload,214.38333333333333,10,20251207,134,BLK_134C,1,베이36B 론지용접,7,2025-12-07 11:17:26,2025-12-07 11:33:16,15.8,36B,베이36B,raw,
b150_overload_r1,GA,Large (141-200),150,overload,214.38333333333333,10,20251207,134,BLK_134C,1,베이36B 수정,8,2025-12-07 11:33:16,2025-12-07 12:00:33,27.3,36B,베이36B,raw,
b150_overload_r1,GA,Large (141-200),150,overload,214.38333333333333,10,20251207,63,BLK_63C,2,판계,1,2025-12-07 08:13:12,2025-12-07 08:46:12,33.0,,공통,raw,
b150_overload_r1,GA,Large (141-200),150,overload,214.38333333333333,10,20251207,63,BLK_63C,2,전면SAW,2,2025-12-07 09:07:17,2025-12-07 09:50:31,43.2,,공통,raw,
b150_overload_r1,GA,Large (141-200),150,overload,214.38333333333333,10,20251207,63,BLK_63C,2,TurnOver,3,2025-12-07 09:50:31,2025-12-07 10:03:43,13.2,,공통,raw,
b150_overload_r1,GA,Large (141-200),150,overload,214.38333333333333,10,20251207,63,BLK_63C,2,후면SAW,4,2025-12-07 10:08:25,2025-12-07 10:42:04,33.6,,공통,raw,
b150_overload_r1,GA,Large (141-200),150,overload,214.38333333333333,10,20251207,63,BLK_63C,2,NC,5,2025-12-07 10:42:04,2025-12-07 11:28:04,46.0,,공통,raw,
b150_overload_r1,GA,Large (141-200),150,overload,214.38333333333333,10,20251207,63,BLK_63C,2,베이35A 론지취부,6,2025-12-07 11:28:04,2025-12-07 12:44:31,76.5,35A,베이35A,raw,
b150_overload_r1,GA,Large (141-200),150,overload,214.38333333333333,10,20251207,63,BLK_63C,2,베이35A 론지용접,7,2025-12-07 12:44:31,2025-12-07 13:10:02,25.5,35A,베이35A,raw,
b150_overload_r1,GA,Large (141-200),150,overload,214.38333333333333,10,20251207,63,BLK_63C,2,베이35A 수정,8,2025-12-07 13:10:02,2025-12-07 13:56:41,46.6,35A,베이35A,raw,
b150_overload_r1,GA,Large (141-200),150,overload,214.38333333333333,10,20251207,104,BLK_104C,3,판계,1,2025-12-07 08:46:12,2025-12-07 09:35:42,49.5,,공통,raw,
b150_overload_r1,GA,Large (141-200),150,overload,214.38333333333333,10,20251207,104,BLK_104C,3,전면SAW,2,2025-12-07 09:50:31,2025-12-07 10:36:13,45.7,,공통,raw,
b150_overload_r1,GA,Large (141-200),150,overload,214.38333333333333,10,20251207,104,BLK_104C,3,TurnOver,3,2025-12-07 10:36:13,2025-12-07 10:49:25,13.2,,공통,raw,
b150_overload_r1,GA,Large (141-200),150,overload,214.38333333333333,10,20251207,104,BLK_104C,3,후면SAW,4,2025-12-07 10:49:25,2025-12-07 11:26:20,36.9,,공통,raw,
b150_overload_r1,GA,Large (141-200),150,overload,214.38333333333333,10,20251207,104,BLK_104C,3,NC,5,2025-12-07 11:28:04,2025-12-07 12:27:50,59.8,,공통,raw,
b150_overload_r1,GA,Large (141-200),150,overload,214.38333333333333,10,20251207,104,BLK_104C,3,베이36B 론지취부,6,2025-12-07 12:27:50,2025-12-07 14:15:05,107.3,36B,베이36B,raw,
b150_overload_r1,GA,Large (141-200),150,overload,214.38333333333333,10,20251207,104,BLK_104C,3,베이36B 론지용접,7,2025-12-07 14:15:05,2025-12-07 14:45:53,30.8,36B,베이36B,raw,
b150_overload_r1,GA,Large (141-200),150,overload,214.38333333333333,10,20251207,104,BLK_104C,3,베이36B 수정,8,2025-12-07 14:45:53,2025-12-07 15:51:53,66.0,36B,베이36B,raw,
b150_overload_r1,GA,Large (141-200),150,overload,214.38333333333333,10,20251207,48,BLK_48C,4,판계,1,2025-12-07 09:35:42,2025-12-07 10:08:42,33.0,,공통,raw,
b150_overload_r1,GA,Large (141-200),150,overload,214.38333333333333,10,20251207,48,BLK_48C,4,전면SAW,2,2025-12-07 10:36:13,2025-12-07 11:12:00,35.8,,공통,raw,
b150_overload_r1,GA,Large (141-200),150,overload,214.38333333333333,10,20251207,48,BLK_48C,4,TurnOver,3,2025-12-07 11:12:00,2025-12-07 11:25:12,13.2,,공통,raw,
b150_overload_r1,GA,Large (141-200),150,overload,214.38333333333333,10,20251207,48,BLK_48C,4,후면SAW,4,2025-12-07 11:26:20,2025-12-07 11:50:12,23.9,,공통,raw,
b150_overload_r1,GA,Large (141-200),150,overload,214.38333333333333,10,20251207,48,BLK_48C,4,NC,5,2025-12-07 12:27:50,2025-12-07 13:13:35,45.8,,공통,raw,
b150_overload_r1,GA,Large (141-200),150,overload,214.38333333333333,10,20251207,48,BLK_48C,4,베이35A 론지취부,6,2025-12-07 13:13:35,2025-12-07 14:14:38,61.1,35A,베이35A,raw,
b150_overload_r1,GA,Large (141-200),150,overload,214.38333333333333,10,20251207,48,BLK_48C,4,베이35A 론지용접,7,2025-12-07 14:14:38,2025-12-07 14:37:31,22.9,35A,베이35A,raw,
b150_overload_r1,GA,Large (141-200),150,overload,214.38333333333333,10,20251207,48,BLK_48C,4,베이35A 수정,8,2025-12-07 14:37:31,2025-12-07 15:14:29,37.0,35A,베이35A,raw,
b150_overload_r1,GA,Large (141-200),150,overload,214.38333333333333,10,20251207,24,BLK_24P,5,판계,1,2025-12-07 10:08:42,2025-12-07 10:50:30,41.8,,공통,raw,
b150_overload_r1,GA,Large (141-200),150,overload,214.38333333333333,10,20251207,24,BLK_24P,5,전면SAW,2,2025-12-07 11:12:00,2025-12-07 13:02:12,110.2,,공통,raw,
b150_overload_r1,GA,Large (141-200),150,overload,214.38333333333333,10,20251207,24,BLK_24P,5,TurnOver,3,2025-12-07 13:02:12,2025-12-07 13:15:24,13.2,,공통,raw,
b150_overload_r1,GA,Large (141-200),150,overload,214.38333333333333,10,20251207,24,BLK_24P,5,후면SAW,4,2025-12-07 13:15:24,2025-12-07 15:04:06,108.7,,공통,raw,
b150_overload_r1,GA,Large (141-200),150,overload,214.38333333333333,10,20251207,24,BLK_24P,5,NC,5,2025-12-07 15:04:06,2025-12-07 15:53:44,49.6,,공통,raw,
b150_overload_r1,GA,Large (141-200),150,overload,214.38333333333333,10,20251207,24,BLK_24P,5,베이36B 론지취부,6,2025-12-07 15:53:44,2025-12-07 17:10:11,76.5,36B,베이36B,raw,
b150_overload_r1,GA,Large (141-200),150,overload,214.38333333333333,10,20251207,24,BLK_24P,5,베이36B 론지용접,7,2025-12-07 17:10:11,2025-12-07 17:35:42,25.5,36B,베이36B,raw,
b150_overload_r1,GA,Large (141-200),150,overload,214.38333333333333,10,20251207,24,BLK_24P,5,베이36B 수정,8,2025-12-07 17:35:42,2025-12-07 18:22:20,46.6,36B,베이36B,raw,
b150_overload_r1,GA,Large (141-200),150,overload,214.38333333333333,10,20251207,140,BLK_140S,6,판계,1,2025-12-07 10:50:30,2025-12-07 11:23:30,33.0,,공통,raw,
b150_overload_r1,GA,Large (141-200),150,overload,214.38333333333333,10,20251207,140,BLK_140S,6,전면SAW,2,2025-12-07 13:02:12,2025-12-07 13:39:59,37.8,,공통,raw,
b150_overload_r1,GA,Large (141-200),150,overload,214.38333333333333,10,20251207,140,BLK_140S,6,TurnOver,3,2025-12-07 13:39:59,2025-12-07 13:53:11,13.2,,공통,raw,
b150_overload_r1,GA,Large (141-200),150,overload,214.38333333333333,10,20251207,140,BLK_140S,6,후면SAW,4,2025-12-07 15:04:06,2025-12-07 15:30:35,26.5,,공통,raw,
b150_overload_r1,GA,Large (141-200),150,overload,214.38333333333333,10,20251207,140,BLK_140S,6,NC,5,2025-12-07 15:53:44,2025-12-07 16:38:18,44.6,,공통,raw,
b150_overload_r1,GA,Large (141-200),150,overload,214.38333333333333,10,20251207,140,BLK_140S,6,베이35A 론지취부,6,2025-12-07 16:38:18,2025-12-07 18:06:18,88.0,35A,베이35A,raw,
b150_overload_r1,GA,Large (141-200),150,overload,214.38333333333333,10,20251207,140,BLK_140S,6,베이35A 론지용접,7,2025-12-07 18:06:18,2025-12-07 18:33:48,27.5,35A,베이35A,raw,
b150_overload_r1,GA,Large (141-200),150,overload,214.38333333333333,10,20251207,140,BLK_140S,6,베이35A 수정,8,2025-12-07 18:33:48,2025-12-07 19:27:42,53.9,35A,베이35A,raw,
b150_overload_r1,GA,Large (141-200),150,overload,214.38333333333333,10,20251207,96,BLK_96C,7,판계,1,2025-12-07 11:23:30,2025-12-07 11:56:30,33.0,,공통,raw,
b150_overload_r1,GA,Large (141-200),150,overload,214.38333333333333,10,20251207,96,BLK_96C,7,전면SAW,2,2025-12-07 13:39:59,2025-12-07 14:12:33,32.6,,공통,raw,
b150_overload_r1,GA,Large (141-200),150,overload,214.38333333333333,10,20251207,96,BLK_96C,7,TurnOver,3,2025-12-07 14:12:33,2025-12-07 14:25:45,13.2,,공통,raw,
b150_overload_r1,GA,Large (141-200),150,overload,214.38333333333333,10,20251207,96,BLK_96C,7,후면SAW,4,2025-12-07 15:30:35,2025-12-07 15:50:11,19.6,,공통,raw,
b150_overload_r1,GA,Large (141-200),150,overload,214.38333333333333,10,20251207,96,BLK_96C,7,NC,5,2025-12-07 16:38:18,2025-12-07 17:23:04,44.8,,공통,raw,
b150_overload_r1,GA,Large (141-200),150,overload,214.38333333333333,10,20251207,96,BLK_96C,7,베이36B 론지취부,6,2025-12-07 17:23:04,2025-12-07 18:08:43,45.7,36B,베이36B,raw,
b150_overload_r1,GA,Large (141-200),150,overload,214.38333333333333,10,20251207,96,BLK_96C,7,베이36B 론지용접,7,2025-12-07 18:08:43,2025-12-07 18:28:58,20.2,36B,베이36B,raw,
b150_overload_r1,GA,Large (141-200),150,overload,214.38333333333333,10,20251207,96,BLK_96C,7,베이36B 수정,8,2025-12-07 18:28:58,2025-12-07 18:56:14,27.3,36B,베이36B,raw,
b150_overload_r1,GA,Large (141-200),150,overload,214.38333333333333,10,20251207,144,BLK_101S,8,판계,1,2025-12-07 11:56:30,2025-12-07 12:29:30,33.0,,공통,raw,
b150_overload_r1,GA,Large (141-200),150,overload,214.38333333333333,10,20251207,144,BLK_101S,8,전면SAW,2,2025-12-07 14:12:33,2025-12-07 14:48:30,35.9,,공통,raw,
b150_overload_r1,GA,Large (141-200),150,overload,214.38333333333333,10,20251207,144,BLK_101S,8,TurnOver,3,2025-12-07 14:48:30,2025-12-07 15:01:42,13.2,,공통,raw,
b150_overload_r1,GA,Large (141-200),150,overload,214.38333333333333,10,20251207,144,BLK_101S,8,후면SAW,4,2025-12-07 15:50:11,2025-12-07 16:14:15,24.1,,공통,raw,
b150_overload_r1,GA,Large (141-200),150,overload,214.38333333333333,10,20251207,144,BLK_101S,8,NC,5,2025-12-07 17:23:04,2025-12-07 18:11:18,48.2,,공통,raw,
b150_overload_r1,GA,Large (141-200),150,overload,214.38333333333333,10,20251207,144,BLK_101S,8,베이35A 론지취부,6,2025-12-07 18:11:18,2025-12-07 19:23:54,72.6,35A,베이35A,raw,
b150_overload_r1,GA,Large (141-200),150,overload,214.38333333333333,10,20251207,144,BLK_101S,8,베이35A 론지용접,7,2025-12-07 19:23:54,2025-12-07 19:48:45,24.9,35A,베이35A,raw,
b150_overload_r1,GA,Large (141-200),150,overload,214.38333333333333,10,20251207,144,BLK_101S,8,베이35A 수정,8,2025-12-07 19:48:45,2025-12-07 20:32:58,44.2,35A,베이35A,raw,
b150_overload_r1,GA,Large (141-200),150,overload,214.38333333333333,10,20251207,141,BLK_141C,9,판계,1,2025-12-07 12:29:30,2025-12-07 13:11:18,41.8,,공통,raw,
b150_overload_r1,GA,Large (141-200),150,overload,214.38333333333333,10,20251207,141,BLK_141C,9,전면SAW,2,2025-12-07 14:48:30,2025-12-07 16:21:21,92.9,,공통,raw,
b150_overload_r1,GA,Large (141-200),150,overload,214.38333333333333,10,20251207,141,BLK_141C,9,TurnOver,3,2025-12-07 16:21:21,2025-12-07 16:34:33,13.2,,공통,raw,
b150_overload_r1,GA,Large (141-200),150,overload,214.38333333333333,10,20251207,141,BLK_141C,9,후면SAW,4,2025-12-07 16:34:33,2025-12-07 17:45:45,71.2,,공통,raw,
b150_overload_r1,GA,Large (141-200),150,overload,214.38333333333333,10,20251207,141,BLK_141C,9,NC,5,2025-12-07 18:11:18,2025-12-07 18:59:15,48.0,,공통,raw,
b150_overload_r1,GA,Large (141-200),150,overload,214.38333333333333,10,20251207,141,BLK_141C,9,베이36B 론지취부,6,2025-12-07 18:59:15,2025-12-07 20:11:51,72.6,36B,베이36B,raw,
b150_overload_r1,GA,Large (141-200),150,overload,214.38333333333333,10,20251207,141,BLK_141C,9,베이36B 론지용접,7,2025-12-07 20:11:51,2025-12-07 20:36:43,24.9,36B,베이36B,raw,
b150_overload_r1,GA,Large (141-200),150,overload,214.38333333333333,10,20251207,141,BLK_141C,9,베이36B 수정,8,2025-12-07 20:36:43,2025-12-07 21:20:56,44.2,36B,베이36B,raw,
b150_overload_r1,GA,Large (141-200),150,overload,214.38333333333333,10,20251207,47,BLK_47C,10,판계,1,2025-12-07 13:11:18,2025-12-07 13:38:48,27.5,,공통,raw,
b150_overload_r1,GA,Large (141-200),150,overload,214.38333333333333,10,20251207,47,BLK_47C,10,전면SAW,2,2025-12-07 16:21:21,2025-12-07 17:07:18,45.9,,공통,raw,
b150_overload_r1,GA,Large (141-200),150,overload,214.38333333333333,10,20251207,47,BLK_47C,10,TurnOver,3,2025-12-07 17:07:18,2025-12-07 17:20:30,13.2,,공통,raw,
b150_overload_r1,GA,Large (141-200),150,overload,214.38333333333333,10,20251207,47,BLK_47C,10,후면SAW,4,2025-12-07 17:45:45,2025-12-07 18:22:58,37.2,,공통,raw,
b150_overload_r1,GA,Large (141-200),150,overload,214.38333333333333,10,20251207,47,BLK_47C,10,NC,5,2025-12-07 18:59:15,2025-12-07 19:35:29,36.2,,공통,raw,
b150_overload_r1,GA,Large (141-200),150,overload,214.38333333333333,10,20251207,47,BLK_47C,10,베이35A 론지취부,6,2025-12-07 19:35:29,2025-12-07 20:28:50,53.4,35A,베이35A,raw,
b150_overload_r1,GA,Large (141-200),150,overload,214.38333333333333,10,20251207,47,BLK_47C,10,베이35A 론지용접,7,2025-12-07 20:28:50,2025-12-07 20:50:24,21.6,35A,베이35A,raw,
b150_overload_r1,GA,Large (141-200),150,overload,214.38333333333333,10,20251207,47,BLK_47C,10,베이35A 수정,8,2025-12-07 20:50:24,2025-12-07 21:22:31,32.1,35A,베이35A,raw,
b150_overload_r1,GA,Large (141-200),150,overload,214.38333333333333,10,20251207,4,BLK_4C,11,판계,1,2025-12-07 13:38:48,2025-12-07 14:11:48,33.0,,공통,raw,
b150_overload_r1,GA,Large (141-200),150,overload,214.38333333333333,10,20251207,4,BLK_4C,11,전면SAW,2,2025-12-07 17:07:18,2025-12-07 17:52:52,45.6,,공통,raw,
b150_overload_r1,GA,Large (141-200),150,overload,214.38333333333333,10,20251207,4,BLK_4C,11,TurnOver,3,2025-12-07 17:52:52,2025-12-07 18:06:04,13.2,,공통,raw,
b150_overload_r1,GA,Large (141-200),150,overload,214.38333333333333,10,20251207,4,BLK_4C,11,후면SAW,4,2025-12-07 18:22:58,2025-12-07 18:59:42,36.7,,공통,raw,
b150_overload_r1,GA,Large (141-200),150,overload,214.38333333333333,10,20251207,4,BLK_4C,11,NC,5,2025-12-07 19:35:29,2025-12-07 20:22:44,47.2,,공통,raw,
b150_overload_r1,GA,Large (141-200),150,overload,214.38333333333333,10,20251207,4,BLK_4C,11,베이36B 론지취부,6,2025-12-07 20:22:44,2025-12-07 21:43:02,80.3,36B,베이36B,raw,
b150_overload_r1,GA,Large (141-200),150,overload,214.38333333333333,10,20251207,4,BLK_4C,11,베이36B 론지용접,7,2025-12-07 21:43:02,2025-12-07 22:09:13,26.2,36B,베이36B,raw,
b150_overload_r1,GA,Large (141-200),150,overload,214.38333333333333,10,20251207,4,BLK_4C,11,베이36B 수정,8,2025-12-07 22:09:13,2025-12-07 22:58:16,49.1,36B,베이36B,raw,
b150_overload_r1,GA,Large (141-200),150,overload,214.38333333333333,10,20251208,16,BLK_16S,1,판계,1,2025-12-08 08:00:00,2025-12-08 08:57:12,57.2,,공통,raw,
b150_overload_r1,GA,Large (141-200),150,overload,214.38333333333333,10,20251208,16,BLK_16S,1,전면SAW,2,2025-12-08 08:57:12,2025-12-08 11:20:27,143.3,,공통,raw,
b150_overload_r1,GA,Large (141-200),150,overload,214.38333333333333,10,20251208,16,BLK_16S,1,TurnOver,3,2025-12-08 11:20:27,2025-12-08 11:33:39,13.2,,공통,raw,
b150_overload_r1,GA,Large (141-200),150,overload,214.38333333333333,10,20251208,16,BLK_16S,1,후면SAW,4,2025-12-08 11:33:39,2025-12-08 14:00:53,147.2,,공통,raw,
b150_overload_r1,GA,Large (141-200),150,overload,214.38333333333333,10,20251208,16,BLK_16S,1,NC,5,2025-12-08 14:00:53,2025-12-08 15:19:17,78.4,,공통,raw,
b150_overload_r1,GA,Large (141-200),150,overload,214.38333333333333,10,20251208,16,BLK_16S,1,베이36B 론지취부,6,2025-12-08 15:19:17,2025-12-08 18:08:08,168.9,36B,베이36B,raw,
b150_overload_r1,GA,Large (141-200),150,overload,214.38333333333333,10,20251208,16,BLK_16S,1,베이36B 론지용접,7,2025-12-08 18:08:08,2025-12-08 18:49:30,41.4,36B,베이36B,raw,
b150_overload_r1,GA,Large (141-200),150,overload,214.38333333333333,10,20251208,16,BLK_16S,1,베이36B 수정,8,2025-12-08 18:49:30,2025-12-08 20:34:13,104.7,36B,베이36B,raw,
b150_overload_r1,GA,Large (141-200),150,overload,214.38333333333333,10,20251208,87,BLK_87P,2,판계,1,2025-12-08 08:57:12,2025-12-08 09:41:12,44.0,,공통,raw,
b150_overload_r1,GA,Large (141-200),150,overload,214.38333333333333,10,20251208,87,BLK_87P,2,전면SAW,2,2025-12-08 11:20:27,2025-12-08 14:16:54,176.5,,공통,raw,
b150_overload_r1,GA,Large (141-200),150,overload,214.38333333333333,10,20251208,87,BLK_87P,2,TurnOver,3,2025-12-08 14:16:54,2025-12-08 14:30:06,13.2,,공통,raw,
b150_overload_r1,GA,Large (141-200),150,overload,214.38333333333333,10,20251208,87,BLK_87P,2,후면SAW,4,2025-12-08 14:30:06,2025-12-08 16:40:23,130.3,,공통,raw,
b150_overload_r1,GA,Large (141-200),150,overload,214.38333333333333,10,20251208,87,BLK_87P,2,NC,5,2025-12-08 16:40:23,2025-12-08 17:30:40,50.3,,공통,raw,
b150_overload_r1,GA,Large (141-200),150,overload,214.38333333333333,10,20251208,87,BLK_87P,2,베이35A 론지취부,6,2025-12-08 17:30:40,2025-12-08 18:58:40,88.0,35A,베이35A,raw,
b150_overload_r1,GA,Large (141-200),150,overload,214.38333333333333,10,20251208,87,BLK_87P,2,베이35A 론지용접,7,2025-12-08 18:58:40,2025-12-08 19:26:10,27.5,35A,베이35A,raw,
b150_overload_r1,GA,Large (141-200),150,overload,214.38333333333333,10,20251208,87,BLK_87P,2,베이35A 수정,8,2025-12-08 19:26:10,2025-12-08 20:20:04,53.9,35A,베이35A,raw,
b150_overload_r1,GA,Large (141-200),150,overload,214.38333333333333,10,20251208,135,BLK_135C,3,판계,1,2025-12-08 09:41:12,2025-12-08 10:03:12,22.0,,공통,raw,
b150_overload_r1,GA,Large (141-200),150,overload,214.38333333333333,10,20251208,135,BLK_135C,3,전면SAW,2,2025-12-08 14:16:54,2025-12-08 14:55:24,38.5,,공통,raw,
b150_overload_r1,GA,Large (141-200),150,overload,214.38333333333333,10,20251208,135,BLK_135C,3,TurnOver,3,2025-12-08 14:55:24,2025-12-08 15:08:36,13.2,,공통,raw,
b150_overload_r1,GA,Large (141-200),150,overload,214.38333333333333,10,20251208,135,BLK_135C,3,후면SAW,4,2025-12-08 16:40:23,2025-12-08 17:07:49,27.4,,공통,raw,
b150_overload_r1,GA,Large (141-200),150,overload,214.38333333333333,10,20251208,135,BLK_135C,3,NC,5,2025-12-08 17:30:40,2025-12-08 18:03:58,33.3,,공통,raw,
b150_overload_r1,GA,Large (141-200),150,overload,214.38333333333333,10,20251208,135,BLK_135C,3,베이36B 론지취부,6,2025-12-08 18:08:08,2025-12-08 19:32:17,84.2,36B,베이36B,raw,
b150_overload_r1,GA,Large (141-200),150,overload,214.38333333333333,10,20251208,135,BLK_135C,3,베이36B 론지용접,7,2025-12-08 19:32:17,2025-12-08 19:59:08,26.8,36B,베이36B,raw,
b150_overload_r1,GA,Large (141-200),150,overload,214.38333333333333,10,20251208,135,BLK_135C,3,베이36B 수정,8,2025-12-08 20:34:13,2025-12-08 21:25:42,51.5,36B,베이36B,raw,
b150_overload_r1,GA,Large (141-200),150,overload,214.38333333333333,10,20251208,46,BLK_46S,4,판계,1,2025-12-08 10:03:12,2025-12-08 10:45:00,41.8,,공통,raw,
b150_overload_r1,GA,Large (141-200),150,overload,214.38333333333333,10,20251208,46,BLK_46S,4,전면SAW,2,2025-12-08 14:55:24,2025-12-08 16:39:45,104.3,,공통,raw,
b150_overload_r1,GA,Large (141-200),150,overload,214.38333333333333,10,20251208,46,BLK_46S,4,TurnOver,3,2025-12-08 16:39:45,2025-12-08 16:52:57,13.2,,공통,raw,
b150_overload_r1,GA,Large (141-200),150,overload,214.38333333333333,10,20251208,46,BLK_46S,4,후면SAW,4,2025-12-08 17:07:49,2025-12-08 18:49:41,101.9,,공통,raw,
b150_overload_r1,GA,Large (141-200),150,overload,214.38333333333333,10,20251208,46,BLK_46S,4,NC,5,2025-12-08 18:49:41,2025-12-08 19:39:57,50.3,,공통,raw,
b150_overload_r1,GA,Large (141-200),150,overload,214.38333333333333,10,20251208,46,BLK_46S,4,베이35A 론지취부,6,2025-12-08 19:39:57,2025-12-08 20:48:42,68.8,35A,베이35A,raw,
b150_overload_r1,GA,Large (141-200),150,overload,214.38333333333333,10,20251208,46,BLK_46S,4,베이35A 론지용접,7,2025-12-08 20:48:42,2025-12-08 21:12:54,24.2,35A,베이35A,raw,
b150_overload_r1,GA,Large (141-200),150,overload,214.38333333333333,10,20251208,46,BLK_46S,4,베이35A 수정,8,2025-12-08 21:12:54,2025-12-08 21:54:42,41.8,35A,베이35A,raw,
b150_overload_r1,GA,Large (141-200),150,overload,214.38333333333333,10,20251208,76,BLK_76C,5,판계,1,2025-12-08 10:45:00,2025-12-08 11:18:00,33.0,,공통,raw,
b150_overload_r1,GA,Large (141-200),150,overload,214.38333333333333,10,20251208,76,BLK_76C,5,전면SAW,2,2025-12-08 16:39:45,2025-12-08 17:21:41,41.9,,공통,raw,
b150_overload_r1,GA,Large (141-200),150,overload,214.38333333333333,10,20251208,76,BLK_76C,5,TurnOver,3,2025-12-08 17:21:41,2025-12-08 17:34:53,13.2,,공통,raw,
b150_overload_r1,GA,Large (141-200),150,overload,214.38333333333333,10,20251208,76,BLK_76C,5,후면SAW,4,2025-12-08 18:49:41,2025-12-08 19:21:38,31.9,,공통,raw,
b150_overload_r1,GA,Large (141-200),150,overload,214.38333333333333,10,20251208,76,BLK_76C,5,NC,5,2025-12-08 19:39:57,2025-12-08 20:23:15,43.3,,공통,raw,
b150_overload_r1,GA,Large (141-200),150,overload,214.38333333333333,10,20251208,76,BLK_76C,5,베이36B 론지취부,6,2025-12-08 20:23:15,2025-12-08 21:28:09,64.9,36B,베이36B,raw,
b150_overload_r1,GA,Large (141-200),150,overload,214.38333333333333,10,20251208,76,BLK_76C,5,베이36B 론지용접,7,2025-12-08 21:28:09,2025-12-08 21:51:41,23.5,36B,베이36B,raw,
b150_overload_r1,GA,Large (141-200),150,overload,214.38333333333333,10,20251208,76,BLK_76C,5,베이36B 수정,8,2025-12-08 21:51:41,2025-12-08 22:31:04,39.4,36B,베이36B,raw,
b150_overload_r1,GA,Large (141-200),150,overload,214.38333333333333,10,20251208,113,BLK_113P,6,판계,1,2025-12-08 11:18:00,2025-12-08 11:51:00,33.0,,공통,raw,
b150_overload_r1,GA,Large (141-200),150,overload,214.38333333333333,10,20251208,113,BLK_113P,6,전면SAW,2,2025-12-08 17:21:41,2025-12-08 18:01:47,40.1,,공통,raw,
b150_overload_r1,GA,Large (141-200),150,overload,214.38333333333333,10,20251208,113,BLK_113P,6,TurnOver,3,2025-12-08 18:01:47,2025-12-08 18:14:59,13.2,,공통,raw,
b150_overload_r1,GA,Large (141-200),150,overload,214.38333333333333,10,20251208,113,BLK_113P,6,후면SAW,4,2025-12-08 19:21:38,2025-12-08 19:51:09,29.5,,공통,raw,
b150_overload_r1,GA,Large (141-200),150,overload,214.38333333333333,10,20251208,113,BLK_113P,6,NC,5,2025-12-08 20:23:15,2025-12-08 21:19:22,56.1,,공통,raw,
b150_overload_r1,GA,Large (141-200),150,overload,214.38333333333333,10,20251208,113,BLK_113P,6,베이36B 론지취부,6,2025-12-08 21:28:09,2025-12-08 23:11:33,103.4,36B,베이36B,raw,
b150_overload_r1,GA,Large (141-200),150,overload,214.38333333333333,10,20251208,113,BLK_113P,6,베이36B 론지용접,7,2025-12-08 23:11:33,2025-12-08 23:41:41,30.1,36B,베이36B,raw,
b150_overload_r1,GA,Large (141-200),150,overload,214.38333333333333,10,20251208,113,BLK_113P,6,베이36B 수정,8,2025-12-08 23:41:41,2025-12-09 00:45:16,63.6,36B,베이36B,raw,
b150_overload_r1,GA,Large (141-200),150,overload,214.38333333333333,10,20251208,32,BLK_32S,7,판계,1,2025-12-08 11:51:00,2025-12-08 12:21:48,30.8,,공통,raw,
b150_overload_r1,GA,Large (141-200),150,overload,214.38333333333333,10,20251208,32,BLK_32S,7,전면SAW,2,2025-12-08 18:01:47,2025-12-08 19:56:21,114.6,,공통,raw,
b150_overload_r1,GA,Large (141-200),150,overload,214.38333333333333,10,20251208,32,BLK_32S,7,TurnOver,3,2025-12-08 19:56:21,2025-12-08 20:09:33,13.2,,공통,raw,
b150_overload_r1,GA,Large (141-200),150,overload,214.38333333333333,10,20251208,32,BLK_32S,7,후면SAW,4,2025-12-08 20:09:33,2025-12-08 22:03:20,113.8,,공통,raw,
b150_overload_r1,GA,Large (141-200),150,overload,214.38333333333333,10,20251208,32,BLK_32S,7,NC,5,2025-12-08 22:03:20,2025-12-08 22:40:00,36.7,,공통,raw,
b150_overload_r1,GA,Large (141-200),150,overload,214.38333333333333,10,20251208,32,BLK_32S,7,베이35A 론지취부,6,2025-12-08 22:40:00,2025-12-08 23:33:21,53.4,35A,베이35A,raw,
b150_overload_r1,GA,Large (141-200),150,overload,214.38333333333333,10,20251208,32,BLK_32S,7,베이35A 론지용접,7,2025-12-08 23:33:21,2025-12-08 23:54:55,21.6,35A,베이35A,raw,
b150_overload_r1,GA,Large (141-200),150,overload,214.38333333333333,10,20251208,32,BLK_32S,7,베이35A 수정,8,2025-12-08 23:54:55,2025-12-09 00:27:02,32.1,35A,베이35A,raw,
b150_overload_r1,GA,Large (141-200),150,overload,214.38333333333333,10,20251208,123,BLK_123S,8,판계,1,2025-12-08 12:21:48,2025-12-08 12:54:48,33.0,,공통,raw,
b150_overload_r1,GA,Large (141-200),150,overload,214.38333333333333,10,20251208,123,BLK_123S,8,전면SAW,2,2025-12-08 19:56:21,2025-12-08 20:32:35,36.2,,공통,raw,
b150_overload_r1,GA,Large (141-200),150,overload,214.38333333333333,10,20251208,123,BLK_123S,8,TurnOver,3,2025-12-08 20:32:35,2025-12-08 20:45:47,13.2,,공통,raw,
b150_overload_r1,GA,Large (141-200),150,overload,214.38333333333333,10,20251208,123,BLK_123S,8,후면SAW,4,2025-12-08 22:03:20,2025-12-08 22:27:47,24.4,,공통,raw,
b150_overload_r1,GA,Large (141-200),150,overload,214.38333333333333,10,20251208,123,BLK_123S,8,NC,5,2025-12-08 22:40:00,2025-12-08 23:28:10,48.2,,공통,raw,
b150_overload_r1,GA,Large (141-200),150,overload,214.38333333333333,10,20251208,123,BLK_123S,8,베이36B 론지취부,6,2025-12-08 23:28:10,2025-12-09 00:48:28,80.3,36B,베이36B,raw,
b150_overload_r1,GA,Large (141-200),150,overload,214.38333333333333,10,20251208,123,BLK_123S,8,베이36B 론지용접,7,2025-12-09 00:48:28,2025-12-09 01:14:38,26.2,36B,베이36B,raw,
b150_overload_r1,GA,Large (141-200),150,overload,214.38333333333333,10,20251208,123,BLK_123S,8,베이36B 수정,8,2025-12-09 01:14:38,2025-12-09 02:03:42,49.1,36B,베이36B,raw,
b150_overload_r1,GA,Large (141-200),150,overload,214.38333333333333,10,20251208,124,BLK_124P,9,판계,1,2025-12-08 12:54:48,2025-12-08 13:16:48,22.0,,공통,raw,
b150_overload_r1,GA,Large (141-200),150,overload,214.38333333333333,10,20251208,124,BLK_124P,9,전면SAW,2,2025-12-08 20:32:35,2025-12-08 22:12:54,100.3,,공통,raw,
b150_overload_r1,GA,Large (141-200),150,overload,214.38333333333333,10,20251208,124,BLK_124P,9,TurnOver,3,2025-12-08 22:12:54,2025-12-08 22:26:06,13.2,,공통,raw,
b150_overload_r1,GA,Large (141-200),150,overload,214.38333333333333,10,20251208,124,BLK_124P,9,후면SAW,4,2025-12-08 22:27:47,2025-12-08 23:45:47,78.0,,공통,raw,
b150_overload_r1,GA,Large (141-200),150,overload,214.38333333333333,10,20251208,124,BLK_124P,9,NC,5,2025-12-08 23:45:47,2025-12-09 00:14:28,28.7,,공통,raw,
b150_overload_r1,GA,Large (141-200),150,overload,214.38333333333333,10,20251208,124,BLK_124P,9,베이35A 론지취부,6,2025-12-09 00:14:28,2025-12-09 01:00:07,45.7,35A,베이35A,raw,
b150_overload_r1,GA,Large (141-200),150,overload,214.38333333333333,10,20251208,124,BLK_124P,9,베이35A 론지용접,7,2025-12-09 01:00:07,2025-12-09 01:20:21,20.2,35A,베이35A,raw,
b150_overload_r1,GA,Large (141-200),150,overload,214.38333333333333,10,20251208,124,BLK_124P,9,베이35A 수정,8,2025-12-09 01:20:21,2025-12-09 01:47:38,27.3,35A,베이35A,raw,
b150_overload_r1,GA,Large (141-200),150,overload,214.38333333333333,10,20251208,91,BLK_91S,10,판계,1,2025-12-08 13:16:48,2025-12-08 13:44:18,27.5,,공통,raw,
b150_overload_r1,GA,Large (141-200),150,overload,214.38333333333333,10,20251208,91,BLK_91S,10,전면SAW,2,2025-12-08 22:12:54,2025-12-08 22:51:41,38.8,,공통,raw,
b150_overload_r1,GA,Large (141-200),150,overload,214.38333333333333,10,20251208,91,BLK_91S,10,TurnOver,3,2025-12-08 22:51:41,2025-12-08 23:04:53,13.2,,공통,raw,
b150_overload_r1,GA,Large (141-200),150,overload,214.38333333333333,10,20251208,91,BLK_91S,10,후면SAW,4,2025-12-08 23:45:47,2025-12-09 00:13:35,27.8,,공통,raw,
b150_overload_r1,GA,Large (141-200),150,overload,214.38333333333333,10,20251208,91,BLK_91S,10,NC,5,2025-12-09 00:14:28,2025-12-09 00:54:02,39.6,,공통,raw,
b150_overload_r1,GA,Large (141-200),150,overload,214.38333333333333,10,20251208,91,BLK_91S,10,베이36B 론지취부,6,2025-12-09 00:54:02,2025-12-09 01:55:05,61.1,36B,베이36B,raw,
b150_overload_r1,GA,Large (141-200),150,overload,214.38333333333333,10,20251208,91,BLK_91S,10,베이36B 론지용접,7,2025-12-09 01:55:05,2025-12-09 02:17:58,22.9,36B,베이36B,raw,
b150_overload_r1,GA,Large (141-200),150,overload,214.38333333333333,10,20251208,91,BLK_91S,10,베이36B 수정,8,2025-12-09 02:17:58,2025-12-09 02:54:56,37.0,36B,베이36B,raw,
b150_overload_r1,GA,Large (141-200),150,overload,214.38333333333333,10,20251208,51,BLK_51P,11,판계,1,2025-12-08 13:44:18,2025-12-08 14:20:36,36.3,,공통,raw,
b150_overload_r1,GA,Large (141-200),150,overload,214.38333333333333,10,20251208,51,BLK_51P,11,전면SAW,2,2025-12-08 22:51:41,2025-12-09 01:03:06,131.4,,공통,raw,
b150_overload_r1,GA,Large (141-200),150,overload,214.38333333333333,10,20251208,51,BLK_51P,11,TurnOver,3,2025-12-09 01:03:06,2025-12-09 01:16:18,13.2,,공통,raw,
b150_overload_r1,GA,Large (141-200),150,overload,214.38333333333333,10,20251208,51,BLK_51P,11,후면SAW,4,2025-12-09 01:16:18,2025-12-09 03:02:40,106.4,,공통,raw,
b150_overload_r1,GA,Large (141-200),150,overload,214.38333333333333,10,20251208,51,BLK_51P,11,NC,5,2025-12-09 03:02:40,2025-12-09 03:47:17,44.6,,공통,raw,
b150_overload_r1,GA,Large (141-200),150,overload,214.38333333333333,10,20251208,51,BLK_51P,11,베이35A 론지취부,6,2025-12-09 03:47:17,2025-12-09 04:52:11,64.9,35A,베이35A,raw,
b150_overload_r1,GA,Large (141-200),150,overload,214.38333333333333,10,20251208,51,BLK_51P,11,베이35A 론지용접,7,2025-12-09 04:52:11,2025-12-09 05:15:43,23.5,35A,베이35A,raw,
b150_overload_r1,GA,Large (141-200),150,overload,214.38333333333333,10,20251208,51,BLK_51P,11,베이35A 수정,8,2025-12-09 05:15:43,2025-12-09 05:55:06,39.4,35A,베이35A,raw,
b150_overload_r1,GA,Large (141-200),150,overload,214.38333333333333,10,20251208,37,BLK_37C,12,판계,1,2025-12-08 14:20:36,2025-12-08 14:53:36,33.0,,공통,raw,
b150_overload_r1,GA,Large (141-200),150,overload,214.38333333333333,10,20251208,37,BLK_37C,12,전면SAW,2,2025-12-09 01:03:06,2025-12-09 01:49:24,46.3,,공통,raw,
b150_overload_r1,GA,Large (141-200),150,overload,214.38333333333333,10,20251208,37,BLK_37C,12,TurnOver,3,2025-12-09 01:49:24,2025-12-09 02:02:36,13.2,,공통,raw,
b150_overload_r1,GA,Large (141-200),150,overload,214.38333333333333,10,20251208,37,BLK_37C,12,후면SAW,4,2025-12-09 03:02:40,2025-12-09 03:40:21,37.7,,공통,raw,
b150_overload_r1,GA,Large (141-200),150,overload,214.38333333333333,10,20251208,37,BLK_37C,12,NC,5,2025-12-09 03:47:17,2025-12-09 04:42:05,54.8,,공통,raw,
b150_overload_r1,GA,Large (141-200),150,overload,214.38333333333333,10,20251208,37,BLK_37C,12,베이36B 론지취부,6,2025-12-09 04:42:05,2025-12-09 06:33:11,111.1,36B,베이36B,raw,
b150_overload_r1,GA,Large (141-200),150,overload,214.38333333333333,10,20251208,37,BLK_37C,12,베이36B 론지용접,7,2025-12-09 06:33:11,2025-12-09 07:04:38,31.5,36B,베이36B,raw,
b150_overload_r1,GA,Large (141-200),150,overload,214.38333333333333,10,20251208,37,BLK_37C,12,베이36B 수정,8,2025-12-09 07:04:38,2025-12-09 08:13:04,68.4,36B,베이36B,raw,
b150_overload_r1,GA,Large (141-200),150,overload,214.38333333333333,10,20251208,97,BLK_97C,13,판계,1,2025-12-08 14:53:36,2025-12-08 15:21:06,27.5,,공통,raw,
b150_overload_r1,GA,Large (141-200),150,overload,214.38333333333333,10,20251208,97,BLK_97C,13,전면SAW,2,2025-12-09 01:49:24,2025-12-09 02:25:24,36.0,,공통,raw,
b150_overload_r1,GA,Large (141-200),150,overload,214.38333333333333,10,20251208,97,BLK_97C,13,TurnOver,3,2025-12-09 02:25:24,2025-12-09 02:38:36,13.2,,공통,raw,
b150_overload_r1,GA,Large (141-200),150,overload,214.38333333333333,10,20251208,97,BLK_97C,13,후면SAW,4,2025-12-09 03:40:21,2025-12-09 04:04:30,24.1,,공통,raw,
b150_overload_r1,GA,Large (141-200),150,overload,214.38333333333333,10,20251208,97,BLK_97C,13,NC,5,2025-12-09 04:42:05,2025-12-09 05:23:05,41.0,,공통,raw,
b150_overload_r1,GA,Large (141-200),150,overload,214.38333333333333,10,20251208,97,BLK_97C,13,베이35A 론지취부,6,2025-12-09 05:23:05,2025-12-09 07:02:38,99.6,35A,베이35A,raw,
b150_overload_r1,GA,Large (141-200),150,overload,214.38333333333333,10,20251208,97,BLK_97C,13,베이35A 론지용접,7,2025-12-09 07:02:38,2025-12-09 07:32:06,29.5,35A,베이35A,raw,
b150_overload_r1,GA,Large (141-200),150,overload,214.38333333333333,10,20251208,97,BLK_97C,13,베이35A 수정,8,2025-12-09 07:32:06,2025-12-09 08:33:16,61.2,35A,베이35A,raw,
b150_overload_r1,GA,Large (141-200),150,overload,214.38333333333333,10,20251208,145,BLK_133S,14,판계,1,2025-12-08 15:21:06,2025-12-08 15:54:06,33.0,,공통,raw,
b150_overload_r1,GA,Large (141-200),150,overload,214.38333333333333,10,20251208,145,BLK_133S,14,전면SAW,2,2025-12-09 02:25:24,2025-12-09 03:01:09,35.7,,공통,raw,
b150_overload_r1,GA,Large (141-200),150,overload,214.38333333333333,10,20251208,145,BLK_133S,14,TurnOver,3,2025-12-09 03:01:09,2025-12-09 03:14:21,13.2,,공통,raw,
b150_overload_r1,GA,Large (141-200),150,overload,214.38333333333333,10,20251208,145,BLK_133S,14,후면SAW,4,2025-12-09 04:04:30,2025-12-09 04:28:17,23.8,,공통,raw,
b150_overload_r1,GA,Large (141-200),150,overload,214.38333333333333,10,20251208,145,BLK_133S,14,NC,5,2025-12-09 05:23:05,2025-12-09 06:08:17,45.2,,공통,raw,
b150_overload_r1,GA,Large (141-200),150,overload,214.38333333333333,10,20251208,145,BLK_133S,14,베이36B 론지취부,6,2025-12-09 06:33:11,2025-12-09 07:53:29,80.3,36B,베이36B,raw,
b150_overload_r1,GA,Large (141-200),150,overload,214.38333333333333,10,20251208,145,BLK_133S,14,베이36B 론지용접,7,2025-12-09 07:53:29,2025-12-09 08:19:40,26.2,36B,베이36B,raw,
b150_overload_r1,GA,Large (141-200),150,overload,214.38333333333333,10,20251208,145,BLK_133S,14,베이36B 수정,8,2025-12-09 08:19:40,2025-12-09 09:08:43,49.1,36B,베이36B,raw,
b150_overload_r1,GA,Large (141-200),150,overload,214.38333333333333,10,20251208,83,BLK_83C,15,판계,1,2025-12-08 15:54:06,2025-12-08 16:27:06,33.0,,공통,raw,
b150_overload_r1,GA,Large (141-200),150,overload,214.38333333333333,10,20251208,83,BLK_83C,15,전면SAW,2,2025-12-09 03:01:09,2025-12-09 04:54:56,113.8,,공통,raw,
b150_overload_r1,GA,Large (141-200),150,overload,214.38333333333333,10,20251208,83,BLK_83C,15,TurnOver,3,2025-12-09 04:54:56,2025-12-09 05:08:08,13.2,,공통,raw,
b150_overload_r1,GA,Large (141-200),150,overload,214.38333333333333,10,20251208,83,BLK_83C,15,후면SAW,4,2025-12-09 05:08:08,2025-12-09 06:38:24,90.3,,공통,raw,
b150_overload_r1,GA,Large (141-200),150,overload,214.38333333333333,10,20251208,83,BLK_83C,15,NC,5,2025-12-09 06:38:24,2025-12-09 07:36:55,58.5,,공통,raw,
b150_overload_r1,GA,Large (141-200),150,overload,214.38333333333333,10,20251208,83,BLK_83C,15,베이35A 론지취부,6,2025-12-09 07:36:55,2025-12-09 08:49:31,72.6,35A,베이35A,raw,
b150_overload_r1,GA,Large (141-200),150,overload,214.38333333333333,10,20251208,83,BLK_83C,15,베이35A 론지용접,7,2025-12-09 08:49:31,2025-12-09 09:14:23,24.9,35A,베이35A,raw,
b150_overload_r1,GA,Large (141-200),150,overload,214.38333333333333,10,20251208,83,BLK_83C,15,베이35A 수정,8,2025-12-09 09:14:23,2025-12-09 09:58:36,44.2,35A,베이35A,raw,
b150_overload_r1,GA,Large (141-200),150,overload,214.38333333333333,10,20251208,117,BLK_117P,16,판계,1,2025-12-08 16:27:06,2025-12-08 16:54:36,27.5,,공통,raw,
b150_overload_r1,GA,Large (141-200),150,overload,214.38333333333333,10,20251208,117,BLK_117P,16,전면SAW,2,2025-12-09 04:54:56,2025-12-09 05:33:39,38.7,,공통,raw,
b150_overload_r1,GA,Large (141-200),150,overload,214.38333333333333,10,20251208,117,BLK_117P,16,TurnOver,3,2025-12-09 05:33:39,2025-12-09 05:46:51,13.2,,공통,raw,
b150_overload_r1,GA,Large (141-200),150,overload,214.38333333333333,10,20251208,117,BLK_117P,16,후면SAW,4,2025-12-09 06:38:24,2025-12-09 07:06:07,27.7,,공통,raw,
b150_overload_r1,GA,Large (141-200),150,overload,214.38333333333333,10,20251208,117,BLK_117P,16,NC,5,2025-12-09 07:36:55,2025-12-09 08:17:31,40.6,,공통,raw,
b150_overload_r1,GA,Large (141-200),150,overload,214.38333333333333,10,20251208,117,BLK_117P,16,베이36B 론지취부,6,2025-12-09 08:17:31,2025-12-09 09:30:07,72.6,36B,베이36B,raw,
b150_overload_r1,GA,Large (141-200),150,overload,214.38333333333333,10,20251208,117,BLK_117P,16,베이36B 론지용접,7,2025-12-09 09:30:07,2025-12-09 09:54:59,24.9,36B,베이36B,raw,
b150_overload_r1,GA,Large (141-200),150,overload,214.38333333333333,10,20251208,117,BLK_117P,16,베이36B 수정,8,2025-12-09 09:54:59,2025-12-09 10:39:12,44.2,36B,베이36B,raw,
b150_overload_r1,GA,Large (141-200),150,overload,214.38333333333333,10,20251208,73,BLK_73P,17,판계,1,2025-12-08 16:54:36,2025-12-08 17:38:36,44.0,,공통,raw,
b150_overload_r1,GA,Large (141-200),150,overload,214.38333333333333,10,20251208,73,BLK_73P,17,전면SAW,2,2025-12-09 05:33:39,2025-12-09 08:34:19,180.7,,공통,raw,
b150_overload_r1,GA,Large (141-200),150,overload,214.38333333333333,10,20251208,73,BLK_73P,17,TurnOver,3,2025-12-09 08:34:19,2025-12-09 08:47:31,13.2,,공통,raw,
b150_overload_r1,GA,Large (141-200),150,overload,214.38333333333333,10,20251208,73,BLK_73P,17,후면SAW,4,2025-12-09 08:47:31,2025-12-09 11:01:11,133.7,,공통,raw,
b150_overload_r1,GA,Large (141-200),150,overload,214.38333333333333,10,20251208,73,BLK_73P,17,NC,5,2025-12-09 11:01:11,2025-12-09 11:51:58,50.8,,공통,raw,
b150_overload_r1,GA,Large (141-200),150,overload,214.38333333333333,10,20251208,73,BLK_73P,17,베이35A 론지취부,6,2025-12-09 11:51:58,2025-12-09 13:16:07,84.2,35A,베이35A,raw,
b150_overload_r1,GA,Large (141-200),150,overload,214.38333333333333,10,20251208,73,BLK_73P,17,베이35A 론지용접,7,2025-12-09 13:16:07,2025-12-09 13:42:57,26.8,35A,베이35A,raw,
b150_overload_r1,GA,Large (141-200),150,overload,214.38333333333333,10,20251208,73,BLK_73P,17,베이35A 수정,8,2025-12-09 13:42:57,2025-12-09 14:34:26,51.5,35A,베이35A,raw,
b150_overload_r1,GA,Large (141-200),150,overload,214.38333333333333,10,20251209,55,BLK_55S,1,판계,1,2025-12-09 08:00:00,2025-12-09 08:33:00,33.0,,공통,raw,
b150_overload_r1,GA,Large (141-200),150,overload,214.38333333333333,10,20251209,55,BLK_55S,1,전면SAW,2,2025-12-09 08:34:19,2025-12-09 09:24:18,50.0,,공통,raw,
b150_overload_r1,GA,Large (141-200),150,overload,214.38333333333333,10,20251209,55,BLK_55S,1,TurnOver,3,2025-12-09 09:24:18,2025-12-09 09:37:30,13.2,,공통,raw,
b150_overload_r1,GA,Large (141-200),150,overload,214.38333333333333,10,20251209,55,BLK_55S,1,후면SAW,4,2025-12-09 11:01:11,2025-12-09 11:43:44,42.5,,공통,raw,
b150_overload_r1,GA,Large (141-200),150,overload,214.38333333333333,10,20251209,55,BLK_55S,1,NC,5,2025-12-09 11:51:58,2025-12-09 12:38:27,46.5,,공통,raw,
b150_overload_r1,GA,Large (141-200),150,overload,214.38333333333333,10,20251209,55,BLK_55S,1,베이36B 론지취부,6,2025-12-09 12:38:27,2025-12-09 13:35:39,57.2,36B,베이36B,raw,
b150_overload_r1,GA,Large (141-200),150,overload,214.38333333333333,10,20251209,55,BLK_55S,1,베이36B 론지용접,7,2025-12-09 13:35:39,2025-12-09 13:57:53,22.2,36B,베이36B,raw,
b150_overload_r1,GA,Large (141-200),150,overload,214.38333333333333,10,20251209,55,BLK_55S,1,베이36B 수정,8,2025-12-09 13:57:53,2025-12-09 14:32:25,34.5,36B,베이36B,raw,
b150_overload_r1,GA,Large (141-200),150,overload,214.38333333333333,10,20251209,131,BLK_131P,2,판계,1,2025-12-09 08:33:00,2025-12-09 09:03:48,30.8,,공통,raw,
b150_overload_r1,GA,Large (141-200),150,overload,214.38333333333333,10,20251209,131,BLK_131P,2,전면SAW,2,2025-12-09 09:24:18,2025-12-09 11:10:54,106.6,,공통,raw,
b150_overload_r1,GA,Large (141-200),150,overload,214.38333333333333,10,20251209,131,BLK_131P,2,TurnOver,3,2025-12-09 11:10:54,2025-12-09 11:24:06,13.2,,공통,raw,
b150_overload_r1,GA,Large (141-200),150,overload,214.38333333333333,10,20251209,131,BLK_131P,2,후면SAW,4,2025-12-09 11:43:44,2025-12-09 13:07:27,83.7,,공통,raw,
b150_overload_r1,GA,Large (141-200),150,overload,214.38333333333333,10,20251209,131,BLK_131P,2,NC,5,2025-12-09 13:07:27,2025-12-09 13:42:38,35.2,,공통,raw,
b150_overload_r1,GA,Large (141-200),150,overload,214.38333333333333,10,20251209,131,BLK_131P,2,베이35A 론지취부,6,2025-12-09 13:42:38,2025-12-09 14:39:50,57.2,35A,베이35A,raw,
b150_overload_r1,GA,Large (141-200),150,overload,214.38333333333333,10,20251209,131,BLK_131P,2,베이35A 론지용접,7,2025-12-09 14:39:50,2025-12-09 15:02:03,22.2,35A,베이35A,raw,
b150_overload_r1,GA,Large (141-200),150,overload,214.38333333333333,10,20251209,131,BLK_131P,2,베이35A 수정,8,2025-12-09 15:02:03,2025-12-09 15:36:35,34.5,35A,베이35A,raw,
b150_overload_r1,GA,Large (141-200),150,overload,214.38333333333333,10,20251209,127,BLK_127C,3,판계,1,2025-12-09 09:03:48,2025-12-09 09:31:18,27.5,,공통,raw,
b150_overload_r1,GA,Large (141-200),150,overload,214.38333333333333,10,20251209,127,BLK_127C,3,전면SAW,2,2025-12-09 11:10:54,2025-12-09 11:53:07,42.2,,공통,raw,
b150_overload_r1,GA,Large (141-200),150,overload,214.38333333333333,10,20251209,127,BLK_127C,3,TurnOver,3,2025-12-09 11:53:07,2025-12-09 12:06:19,13.2,,공통,raw,
b150_overload_r1,GA,Large (141-200),150,overload,214.38333333333333,10,20251209,127,BLK_127C,3,후면SAW,4,2025-12-09 13:07:27,2025-12-09 13:39:48,32.3,,공통,raw,
b150_overload_r1,GA,Large (141-200),150,overload,214.38333333333333,10,20251209,127,BLK_127C,3,NC,5,2025-12-09 13:42:38,2025-12-09 14:25:19,42.7,,공통,raw,
b150_overload_r1,GA,Large (141-200),150,overload,214.38333333333333,10,20251209,127,BLK_127C,3,베이36B 론지취부,6,2025-12-09 14:25:19,2025-12-09 15:53:19,88.0,36B,베이36B,raw,
b150_overload_r1,GA,Large (141-200),150,overload,214.38333333333333,10,20251209,127,BLK_127C,3,베이36B 론지용접,7,2025-12-09 15:53:19,2025-12-09 16:20:49,27.5,36B,베이36B,raw,
b150_overload_r1,GA,Large (141-200),150,overload,214.38333333333333,10,20251209,127,BLK_127C,3,베이36B 수정,8,2025-12-09 16:20:49,2025-12-09 17:14:43,53.9,36B,베이36B,raw,
b150_overload_r1,GA,Large (141-200),150,overload,214.38333333333333,10,20251209,116,BLK_116P,4,판계,1,2025-12-09 09:31:18,2025-12-09 10:20:48,49.5,,공통,raw,
b150_overload_r1,GA,Large (141-200),150,overload,214.38333333333333,10,20251209,116,BLK_116P,4,전면SAW,2,2025-12-09 11:53:07,2025-12-09 15:22:07,209.0,,공통,raw,
b150_overload_r1,GA,Large (141-200),150,overload,214.38333333333333,10,20251209,116,BLK_116P,4,TurnOver,3,2025-12-09 15:22:07,2025-12-09 15:35:19,13.2,,공통,raw,
b150_overload_r1,GA,Large (141-200),150,overload,214.38333333333333,10,20251209,116,BLK_116P,4,후면SAW,4,2025-12-09 15:35:19,2025-12-09 18:36:49,181.5,,공통,raw,
b150_overload_r1,GA,Large (141-200),150,overload,214.38333333333333,10,20251209,116,BLK_116P,4,NC,5,2025-12-09 18:36:49,2025-12-09 19:58:57,82.1,,공통,raw,
b150_overload_r1,GA,Large (141-200),150,overload,214.38333333333333,10,20251209,116,BLK_116P,4,베이35A 론지취부,6,2025-12-09 19:58:57,2025-12-09 21:11:33,72.6,35A,베이35A,raw,
b150_overload_r1,GA,Large (141-200),150,overload,214.38333333333333,10,20251209,116,BLK_116P,4,베이35A 론지용접,7,2025-12-09 21:11:33,2025-12-09 21:36:25,24.9,35A,베이35A,raw,
b150_overload_r1,GA,Large (141-200),150,overload,214.38333333333333,10,20251209,116,BLK_116P,4,베이35A 수정,8,2025-12-09 21:36:25,2025-12-09 22:20:38,44.2,35A,베이35A,raw,
b150_overload_r1,GA,Large (141-200),150,overload,214.38333333333333,10,20251209,20,BLK_20C,5,판계,1,2025-12-09 10:20:48,2025-12-09 10:53:48,33.0,,공통,raw,
b150_overload_r1,GA,Large (141-200),150,overload,214.38333333333333,10,20251209,20,BLK_20C,5,전면SAW,2,2025-12-09 15:22:07,2025-12-09 15:55:07,33.0,,공통,raw,
b150_overload_r1,GA,Large (141-200),150,overload,214.38333333333333,10,20251209,20,BLK_20C,5,TurnOver,3,2025-12-09 15:55:07,2025-12-09 16:08:19,13.2,,공통,raw,
b150_overload_r1,GA,Large (141-200),150,overload,214.38333333333333,10,20251209,20,BLK_20C,5,후면SAW,4,2025-12-09 18:36:49,2025-12-09 18:57:00,20.2,,공통,raw,
b150_overload_r1,GA,Large (141-200),150,overload,214.38333333333333,10,20251209,20,BLK_20C,5,NC,5,2025-12-09 19:58:57,2025-12-09 20:44:42,45.7,,공통,raw,
b150_overload_r1,GA,Large (141-200),150,overload,214.38333333333333,10,20251209,20,BLK_20C,5,베이36B 론지취부,6,2025-12-09 20:44:42,2025-12-09 21:49:36,64.9,36B,베이36B,raw,
b150_overload_r1,GA,Large (141-200),150,overload,214.38333333333333,10,20251209,20,BLK_20C,5,베이36B 론지용접,7,2025-12-09 21:49:36,2025-12-09 22:13:08,23.5,36B,베이36B,raw,
b150_overload_r1,GA,Large (141-200),150,overload,214.38333333333333,10,20251209,20,BLK_20C,5,베이36B 수정,8,2025-12-09 22:13:08,2025-12-09 22:52:31,39.4,36B,베이36B,raw,
b150_overload_r1,GA,Large (141-200),150,overload,214.38333333333333,10,20251209,77,BLK_77S,6,판계,1,2025-12-09 10:53:48,2025-12-09 11:30:06,36.3,,공통,raw,
b150_overload_r1,GA,Large (141-200),150,overload,214.38333333333333,10,20251209,77,BLK_77S,6,전면SAW,2,2025-12-09 15:55:07,2025-12-09 17:55:18,120.2,,공통,raw,
b150_overload_r1,GA,Large (141-200),150,overload,214.38333333333333,10,20251209,77,BLK_77S,6,TurnOver,3,2025-12-09 17:55:18,2025-12-09 18:08:30,13.2,,공통,raw,
b150_overload_r1,GA,Large (141-200),150,overload,214.38333333333333,10,20251209,77,BLK_77S,6,후면SAW,4,2025-12-09 18:57:00,2025-12-09 20:33:06,96.1,,공통,raw,
b150_overload_r1,GA,Large (141-200),150,overload,214.38333333333333,10,20251209,77,BLK_77S,6,NC,5,2025-12-09 20:44:42,2025-12-09 21:31:18,46.6,,공통,raw,
b150_overload_r1,GA,Large (141-200),150,overload,214.38333333333333,10,20251209,77,BLK_77S,6,베이35A 론지취부,6,2025-12-09 21:31:18,2025-12-09 23:03:09,91.9,35A,베이35A,raw,
b150_overload_r1,GA,Large (141-200),150,overload,214.38333333333333,10,20251209,77,BLK_77S,6,베이35A 론지용접,7,2025-12-09 23:03:09,2025-12-09 23:31:18,28.2,35A,베이35A,raw,
b150_overload_r1,GA,Large (141-200),150,overload,214.38333333333333,10,20251209,77,BLK_77S,6,베이35A 수정,8,2025-12-09 23:31:18,2025-12-10 00:27:38,56.3,35A,베이35A,raw,
b150_overload_r1,GA,Large (141-200),150,overload,214.38333333333333,10,20251209,115,BLK_115C,7,판계,1,2025-12-09 11:30:06,2025-12-09 12:03:06,33.0,,공통,raw,
b150_overload_r1,GA,Large (141-200),150,overload,214.38333333333333,10,20251209,115,BLK_115C,7,전면SAW,2,2025-12-09 17:55:18,2025-12-09 18:33:20,38.0,,공통,raw,
b150_overload_r1,GA,Large (141-200),150,overload,214.38333333333333,10,20251209,115,BLK_115C,7,TurnOver,3,2025-12-09 18:33:20,2025-12-09 18:46:32,13.2,,공통,raw,
b150_overload_r1,GA,Large (141-200),150,overload,214.38333333333333,10,20251209,115,BLK_115C,7,후면SAW,4,2025-12-09 20:33:06,2025-12-09 20:59:55,26.8,,공통,raw,
b150_overload_r1,GA,Large (141-200),150,overload,214.38333333333333,10,20251209,115,BLK_115C,7,NC,5,2025-12-09 21:31:18,2025-12-09 22:19:02,47.7,,공통,raw,
b150_overload_r1,GA,Large (141-200),150,overload,214.38333333333333,10,20251209,115,BLK_115C,7,베이36B 론지취부,6,2025-12-09 22:19:02,2025-12-09 23:39:20,80.3,36B,베이36B,raw,
b150_overload_r1,GA,Large (141-200),150,overload,214.38333333333333,10,20251209,115,BLK_115C,7,베이36B 론지용접,7,2025-12-09 23:39:20,2025-12-10 00:05:31,26.2,36B,베이36B,raw,
b150_overload_r1,GA,Large (141-200),150,overload,214.38333333333333,10,20251209,115,BLK_115C,7,베이36B 수정,8,2025-12-10 00:05:31,2025-12-10 00:54:35,49.1,36B,베이36B,raw,
b150_overload_r1,GA,Large (141-200),150,overload,214.38333333333333,10,20251209,105,BLK_105P,8,판계,1,2025-12-09 12:03:06,2025-12-09 12:36:06,33.0,,공통,raw,
b150_overload_r1,GA,Large (141-200),150,overload,214.38333333333333,10,20251209,105,BLK_105P,8,전면SAW,2,2025-12-09 18:33:20,2025-12-09 19:11:40,38.3,,공통,raw,
b150_overload_r1,GA,Large (141-200),150,overload,214.38333333333333,10,20251209,105,BLK_105P,8,TurnOver,3,2025-12-09 19:11:40,2025-12-09 19:24:52,13.2,,공통,raw,
b150_overload_r1,GA,Large (141-200),150,overload,214.38333333333333,10,20251209,105,BLK_105P,8,후면SAW,4,2025-12-09 20:59:55,2025-12-09 21:27:07,27.2,,공통,raw,
b150_overload_r1,GA,Large (141-200),150,overload,214.38333333333333,10,20251209,105,BLK_105P,8,NC,5,2025-12-09 22:19:02,2025-12-09 23:08:14,49.2,,공통,raw,
b150_overload_r1,GA,Large (141-200),150,overload,214.38333333333333,10,20251209,105,BLK_105P,8,베이35A 론지취부,6,2025-12-09 23:08:14,2025-12-10 00:43:56,95.7,35A,베이35A,raw,
b150_overload_r1,GA,Large (141-200),150,overload,214.38333333333333,10,20251209,105,BLK_105P,8,베이35A 론지용접,7,2025-12-10 00:43:56,2025-12-10 01:12:45,28.8,35A,베이35A,raw,
b150_overload_r1,GA,Large (141-200),150,overload,214.38333333333333,10,20251209,105,BLK_105P,8,베이35A 수정,8,2025-12-10 01:12:45,2025-12-10 02:11:29,58.7,35A,베이35A,raw,
b150_overload_r1,GA,Large (141-200),150,overload,214.38333333333333,10,20251209,86,BLK_86C,9,판계,1,2025-12-09 12:36:06,2025-12-09 12:58:06,22.0,,공통,raw,
b150_overload_r1,GA,Large (141-200),150,overload,214.38333333333333,10,20251209,86,BLK_86C,9,전면SAW,2,2025-12-09 19:11:40,2025-12-09 19:50:27,38.8,,공통,raw,
b150_overload_r1,GA,Large (141-200),150,overload,214.38333333333333,10,20251209,86,BLK_86C,9,TurnOver,3,2025-12-09 19:50:27,2025-12-09 20:03:39,13.2,,공통,raw,
b150_overload_r1,GA,Large (141-200),150,overload,214.38333333333333,10,20251209,86,BLK_86C,9,후면SAW,4,2025-12-09 21:27:07,2025-12-09 21:54:54,27.8,,공통,raw,
b150_overload_r1,GA,Large (141-200),150,overload,214.38333333333333,10,20251209,86,BLK_86C,9,NC,5,2025-12-09 23:08:14,2025-12-09 23:39:35,31.4,,공통,raw,
b150_overload_r1,GA,Large (141-200),150,overload,214.38333333333333,10,20251209,86,BLK_86C,9,베이36B 론지취부,6,2025-12-09 23:39:35,2025-12-10 00:32:56,53.4,36B,베이36B,raw,
b150_overload_r1,GA,Large (141-200),150,overload,214.38333333333333,10,20251209,86,BLK_86C,9,베이36B 론지용접,7,2025-12-10 00:32:56,2025-12-10 00:54:29,21.6,36B,베이36B,raw,
b150_overload_r1,GA,Large (141-200),150,overload,214.38333333333333,10,20251209,86,BLK_86C,9,베이36B 수정,8,2025-12-10 00:54:35,2025-12-10 01:26:42,32.1,36B,베이36B,raw,
b150_overload_r1,GA,Large (141-200),150,overload,214.38333333333333,10,20251209,125,BLK_125P,10,판계,1,2025-12-09 12:58:06,2025-12-09 13:11:18,13.2,,공통,raw,
b150_overload_r1,GA,Large (141-200),150,overload,214.38333333333333,10,20251209,125,BLK_125P,10,전면SAW,2,2025-12-09 19:50:27,2025-12-09 20:48:34,58.1,,공통,raw,
b150_overload_r1,GA,Large (141-200),150,overload,214.38333333333333,10,20251209,125,BLK_125P,10,TurnOver,3,2025-12-09 20:48:34,2025-12-09 21:01:46,13.2,,공통,raw,
b150_overload_r1,GA,Large (141-200),150,overload,214.38333333333333,10,20251209,125,BLK_125P,10,후면SAW,4,2025-12-09 21:54:54,2025-12-09 22:48:10,53.3,,공통,raw,
b150_overload_r1,GA,Large (141-200),150,overload,214.38333333333333,10,20251209,125,BLK_125P,10,NC,5,2025-12-09 23:39:35,2025-12-10 00:02:26,22.9,,공통,raw,
b150_overload_r1,GA,Large (141-200),150,overload,214.38333333333333,10,20251209,125,BLK_125P,10,베이35A 론지취부,6,2025-12-10 00:43:56,2025-12-10 01:29:35,45.7,35A,베이35A,raw,
b150_overload_r1,GA,Large (141-200),150,overload,214.38333333333333,10,20251209,125,BLK_125P,10,베이35A 론지용접,7,2025-12-10 01:29:35,2025-12-10 01:45:25,15.8,35A,베이35A,raw,
b150_overload_r1,GA,Large (141-200),150,overload,214.38333333333333,10,20251209,125,BLK_125P,10,베이35A 수정,8,2025-12-10 02:11:29,2025-12-10 02:38:46,27.3,35A,베이35A,raw,
b150_overload_r1,GA,Large (141-200),150,overload,214.38333333333333,10,20251209,126,BLK_126C,11,판계,1,2025-12-09 13:11:18,2025-12-09 13:44:18,33.0,,공통,raw,
b150_overload_r1,GA,Large (141-200),150,overload,214.38333333333333,10,20251209,126,BLK_126C,11,전면SAW,2,2025-12-09 20:48:34,2025-12-09 21:25:06,36.5,,공통,raw,
b150_overload_r1,GA,Large (141-200),150,overload,214.38333333333333,10,20251209,126,BLK_126C,11,TurnOver,3,2025-12-09 21:25:06,2025-12-09 21:38:18,13.2,,공통,raw,
b150_overload_r1,GA,Large (141-200),150,overload,214.38333333333333,10,20251209,126,BLK_126C,11,후면SAW,4,2025-12-09 22:48:10,2025-12-09 23:12:59,24.8,,공통,raw,
b150_overload_r1,GA,Large (141-200),150,overload,214.38333333333333,10,20251209,126,BLK_126C,11,NC,5,2025-12-10 00:02:26,2025-12-10 00:49:41,47.2,,공통,raw,
b150_overload_r1,GA,Large (141-200),150,overload,214.38333333333333,10,20251209,126,BLK_126C,11,베이36B 론지취부,6,2025-12-10 00:49:41,2025-12-10 02:21:32,91.9,36B,베이36B,raw,
b150_overload_r1,GA,Large (141-200),150,overload,214.38333333333333,10,20251209,126,BLK_126C,11,베이36B 론지용접,7,2025-12-10 02:21:32,2025-12-10 02:49:41,28.2,36B,베이36B,raw,
b150_overload_r1,GA,Large (141-200),150,overload,214.38333333333333,10,20251209,126,BLK_126C,11,베이36B 수정,8,2025-12-10 02:49:41,2025-12-10 03:46:01,56.3,36B,베이36B,raw,
b150_overload_r1,GA,Large (141-200),150,overload,214.38333333333333,10,20251209,82,BLK_82P,12,판계,1,2025-12-09 13:44:18,2025-12-09 14:15:06,30.8,,공통,raw,
b150_overload_r1,GA,Large (141-200),150,overload,214.38333333333333,10,20251209,82,BLK_82P,12,전면SAW,2,2025-12-09 21:25:06,2025-12-09 23:46:23,141.3,,공통,raw,
b150_overload_r1,GA,Large (141-200),150,overload,214.38333333333333,10,20251209,82,BLK_82P,12,TurnOver,3,2025-12-09 23:46:23,2025-12-09 23:59:35,13.2,,공통,raw,
b150_overload_r1,GA,Large (141-200),150,overload,214.38333333333333,10,20251209,82,BLK_82P,12,후면SAW,4,2025-12-09 23:59:35,2025-12-10 01:54:56,115.4,,공통,raw,
b150_overload_r1,GA,Large (141-200),150,overload,214.38333333333333,10,20251209,82,BLK_82P,12,NC,5,2025-12-10 01:54:56,2025-12-10 02:33:44,38.8,,공통,raw,
b150_overload_r1,GA,Large (141-200),150,overload,214.38333333333333,10,20251209,82,BLK_82P,12,베이35A 론지취부,6,2025-12-10 02:33:44,2025-12-10 03:38:38,64.9,35A,베이35A,raw,
b150_overload_r1,GA,Large (141-200),150,overload,214.38333333333333,10,20251209,82,BLK_82P,12,베이35A 론지용접,7,2025-12-10 03:38:38,2025-12-10 04:02:11,23.5,35A,베이35A,raw,
b150_overload_r1,GA,Large (141-200),150,overload,214.38333333333333,10,20251209,82,BLK_82P,12,베이35A 수정,8,2025-12-10 04:02:11,2025-12-10 04:41:34,39.4,35A,베이35A,raw,
b150_overload_r1,GA,Large (141-200),150,overload,214.38333333333333,10,20251209,110,BLK_110C,13,판계,1,2025-12-09 14:15:06,2025-12-09 14:48:06,33.0,,공통,raw,
b150_overload_r1,GA,Large (141-200),150,overload,214.38333333333333,10,20251209,110,BLK_110C,13,전면SAW,2,2025-12-09 23:46:23,2025-12-10 00:19:05,32.7,,공통,raw,
b150_overload_r1,GA,Large (141-200),150,overload,214.38333333333333,10,20251209,110,BLK_110C,13,TurnOver,3,2025-12-10 00:19:05,2025-12-10 00:32:17,13.2,,공통,raw,
b150_overload_r1,GA,Large (141-200),150,overload,214.38333333333333,10,20251209,110,BLK_110C,13,후면SAW,4,2025-12-10 01:54:56,2025-12-10 02:14:44,19.8,,공통,raw,
b150_overload_r1,GA,Large (141-200),150,overload,214.38333333333333,10,20251209,110,BLK_110C,13,NC,5,2025-12-10 02:33:44,2025-12-10 03:15:47,42.0,,공통,raw,
b150_overload_r1,GA,Large (141-200),150,overload,214.38333333333333,10,20251209,110,BLK_110C,13,베이36B 론지취부,6,2025-12-10 03:15:47,2025-12-10 03:57:35,41.8,36B,베이36B,raw,
b150_overload_r1,GA,Large (141-200),150,overload,214.38333333333333,10,20251209,110,BLK_110C,13,베이36B 론지용접,7,2025-12-10 03:57:35,2025-12-10 04:17:10,19.6,36B,베이36B,raw,
b150_overload_r1,GA,Large (141-200),150,overload,214.38333333333333,10,20251209,110,BLK_110C,13,베이36B 수정,8,2025-12-10 04:17:10,2025-12-10 04:42:01,24.9,36B,베이36B,raw,
b150_overload_r1,GA,Large (141-200),150,overload,214.38333333333333,10,20251209,53,BLK_53C,14,판계,1,2025-12-09 14:48:06,2025-12-09 15:21:06,33.0,,공통,raw,
b150_overload_r1,GA,Large (141-200),150,overload,214.38333333333333,10,20251209,53,BLK_53C,14,전면SAW,2,2025-12-10 00:19:05,2025-12-10 02:50:03,151.0,,공통,raw,
b150_overload_r1,GA,Large (141-200),150,overload,214.38333333333333,10,20251209,53,BLK_53C,14,TurnOver,3,2025-12-10 02:50:03,2025-12-10 03:03:15,13.2,,공통,raw,
b150_overload_r1,GA,Large (141-200),150,overload,214.38333333333333,10,20251209,53,BLK_53C,14,후면SAW,4,2025-12-10 03:03:15,2025-12-10 05:12:35,129.3,,공통,raw,
b150_overload_r1,GA,Large (141-200),150,overload,214.38333333333333,10,20251209,53,BLK_53C,14,NC,5,2025-12-10 05:12:35,2025-12-10 06:15:54,63.3,,공통,raw,
b150_overload_r1,GA,Large (141-200),150,overload,214.38333333333333,10,20251209,53,BLK_53C,14,베이35A 론지취부,6,2025-12-10 06:15:54,2025-12-10 07:47:45,91.9,35A,베이35A,raw,
b150_overload_r1,GA,Large (141-200),150,overload,214.38333333333333,10,20251209,53,BLK_53C,14,베이35A 론지용접,7,2025-12-10 07:47:45,2025-12-10 08:15:55,28.2,35A,베이35A,raw,
b150_overload_r1,GA,Large (141-200),150,overload,214.38333333333333,10,20251209,53,BLK_53C,14,베이35A 수정,8,2025-12-10 08:15:55,2025-12-10 09:12:14,56.3,35A,베이35A,raw,
b150_overload_r1,GA,Large (141-200),150,overload,214.38333333333333,10,20251209,133,BLK_133P,15,판계,1,2025-12-09 15:21:06,2025-12-09 15:54:06,33.0,,공통,raw,
b150_overload_r1,GA,Large (141-200),150,overload,214.38333333333333,10,20251209,133,BLK_133P,15,전면SAW,2,2025-12-10 02:50:03,2025-12-10 03:25:47,35.7,,공통,raw,
b150_overload_r1,GA,Large (141-200),150,overload,214.38333333333333,10,20251209,133,BLK_133P,15,TurnOver,3,2025-12-10 03:25:47,2025-12-10 03:38:59,13.2,,공통,raw,
b150_overload_r1,GA,Large (141-200),150,overload,214.38333333333333,10,20251209,133,BLK_133P,15,후면SAW,4,2025-12-10 05:12:35,2025-12-10 05:36:22,23.8,,공통,raw,
b150_overload_r1,GA,Large (141-200),150,overload,214.38333333333333,10,20251209,133,BLK_133P,15,NC,5,2025-12-10 06:15:54,2025-12-10 07:01:07,45.2,,공통,raw,
b150_overload_r1,GA,Large (141-200),150,overload,214.38333333333333,10,20251209,133,BLK_133P,15,베이36B 론지취부,6,2025-12-10 07:01:07,2025-12-10 08:21:25,80.3,36B,베이36B,raw,
b150_overload_r1,GA,Large (141-200),150,overload,214.38333333333333,10,20251209,133,BLK_133P,15,베이36B 론지용접,7,2025-12-10 08:21:25,2025-12-10 08:47:36,26.2,36B,베이36B,raw,
b150_overload_r1,GA,Large (141-200),150,overload,214.38333333333333,10,20251209,133,BLK_133P,15,베이36B 수정,8,2025-12-10 08:47:36,2025-12-10 09:36:39,49.1,36B,베이36B,raw,
b150_overload_r1,GA,Large (141-200),150,overload,214.38333333333333,10,20251209,57,BLK_57P,16,판계,1,2025-12-09 15:54:06,2025-12-09 16:21:36,27.5,,공통,raw,
b150_overload_r1,GA,Large (141-200),150,overload,214.38333333333333,10,20251209,57,BLK_57P,16,전면SAW,2,2025-12-10 03:25:47,2025-12-10 04:01:07,35.3,,공통,raw,
b150_overload_r1,GA,Large (141-200),150,overload,214.38333333333333,10,20251209,57,BLK_57P,16,TurnOver,3,2025-12-10 04:01:07,2025-12-10 04:14:19,13.2,,공통,raw,
b150_overload_r1,GA,Large (141-200),150,overload,214.38333333333333,10,20251209,57,BLK_57P,16,후면SAW,4,2025-12-10 05:36:22,2025-12-10 05:59:38,23.3,,공통,raw,
b150_overload_r1,GA,Large (141-200),150,overload,214.38333333333333,10,20251209,57,BLK_57P,16,NC,5,2025-12-10 07:01:07,2025-12-10 07:41:43,40.6,,공통,raw,
b150_overload_r1,GA,Large (141-200),150,overload,214.38333333333333,10,20251209,57,BLK_57P,16,베이35A 론지취부,6,2025-12-10 07:47:45,2025-12-10 09:11:54,84.2,35A,베이35A,raw,
b150_overload_r1,GA,Large (141-200),150,overload,214.38333333333333,10,20251209,57,BLK_57P,16,베이35A 론지용접,7,2025-12-10 09:11:54,2025-12-10 09:38:45,26.8,35A,베이35A,raw,
b150_overload_r1,GA,Large (141-200),150,overload,214.38333333333333,10,20251209,57,BLK_57P,16,베이35A 수정,8,2025-12-10 09:38:45,2025-12-10 10:30:14,51.5,35A,베이35A,raw,
b150_overload_r1,GA,Large (141-200),150,overload,214.38333333333333,10,20251209,75,BLK_75C,17,판계,1,2025-12-09 16:21:36,2025-12-09 17:03:24,41.8,,공통,raw,
b150_overload_r1,GA,Large (141-200),150,overload,214.38333333333333,10,20251209,75,BLK_75C,17,전면SAW,2,2025-12-10 04:01:07,2025-12-10 06:12:36,131.5,,공통,raw,
b150_overload_r1,GA,Large (141-200),150,overload,214.38333333333333,10,20251209,75,BLK_75C,17,TurnOver,3,2025-12-10 06:12:36,2025-12-10 06:25:48,13.2,,공통,raw,
b150_overload_r1,GA,Large (141-200),150,overload,214.38333333333333,10,20251209,75,BLK_75C,17,후면SAW,4,2025-12-10 06:25:48,2025-12-10 08:12:13,106.4,,공통,raw,
b150_overload_r1,GA,Large (141-200),150,overload,214.38333333333333,10,20251209,75,BLK_75C,17,NC,5,2025-12-10 08:12:13,2025-12-10 09:05:03,52.8,,공통,raw,
b150_overload_r1,GA,Large (141-200),150,overload,214.38333333333333,10,20251209,75,BLK_75C,17,베이36B 론지취부,6,2025-12-10 09:05:03,2025-12-10 10:29:12,84.2,36B,베이36B,raw,
b150_overload_r1,GA,Large (141-200),150,overload,214.38333333333333,10,20251209,75,BLK_75C,17,베이36B 론지용접,7,2025-12-10 10:29:12,2025-12-10 10:56:02,26.8,36B,베이36B,raw,
b150_overload_r1,GA,Large (141-200),150,overload,214.38333333333333,10,20251209,75,BLK_75C,17,베이36B 수정,8,2025-12-10 10:56:02,2025-12-10 11:47:31,51.5,36B,베이36B,raw,
b150_overload_r1,GA,Large (141-200),150,overload,214.38333333333333,10,20251209,67,BLK_67C,18,판계,1,2025-12-09 17:03:24,2025-12-09 17:45:12,41.8,,공통,raw,
b150_overload_r1,GA,Large (141-200),150,overload,214.38333333333333,10,20251209,67,BLK_67C,18,전면SAW,2,2025-12-10 06:12:36,2025-12-10 08:02:13,109.6,,공통,raw,
b150_overload_r1,GA,Large (141-200),150,overload,214.38333333333333,10,20251209,67,BLK_67C,18,TurnOver,3,2025-12-10 08:02:13,2025-12-10 08:15:25,13.2,,공통,raw,
b150_overload_r1,GA,Large (141-200),150,overload,214.38333333333333,10,20251209,67,BLK_67C,18,후면SAW,4,2025-12-10 08:15:25,2025-12-10 09:41:54,86.5,,공통,raw,
b150_overload_r1,GA,Large (141-200),150,overload,214.38333333333333,10,20251209,67,BLK_67C,18,NC,5,2025-12-10 09:41:54,2025-12-10 10:37:49,55.9,,공통,raw,
b150_overload_r1,GA,Large (141-200),150,overload,214.38333333333333,10,20251209,67,BLK_67C,18,베이36B 론지취부,6,2025-12-10 10:37:49,2025-12-10 11:46:34,68.8,36B,베이36B,raw,
b150_overload_r1,GA,Large (141-200),150,overload,214.38333333333333,10,20251209,67,BLK_67C,18,베이36B 론지용접,7,2025-12-10 11:46:34,2025-12-10 12:10:46,24.2,36B,베이36B,raw,
b150_overload_r1,GA,Large (141-200),150,overload,214.38333333333333,10,20251209,67,BLK_67C,18,베이36B 수정,8,2025-12-10 12:10:46,2025-12-10 12:52:34,41.8,36B,베이36B,raw,
b150_overload_r1,GA,Large (141-200),150,overload,214.38333333333333,10,20251210,139,BLK_139S,1,판계,1,2025-12-10 08:00:00,2025-12-10 08:33:00,33.0,,공통,raw,
b150_overload_r1,GA,Large (141-200),150,overload,214.38333333333333,10,20251210,139,BLK_139S,1,전면SAW,2,2025-12-10 08:33:00,2025-12-10 09:08:19,35.3,,공통,raw,
b150_overload_r1,GA,Large (141-200),150,overload,214.38333333333333,10,20251210,139,BLK_139S,1,TurnOver,3,2025-12-10 09:08:19,2025-12-10 09:21:31,13.2,,공통,raw,
b150_overload_r1,GA,Large (141-200),150,overload,214.38333333333333,10,20251210,139,BLK_139S,1,후면SAW,4,2025-12-10 09:41:54,2025-12-10 10:05:09,23.3,,공통,raw,
b150_overload_r1,GA,Large (141-200),150,overload,214.38333333333333,10,20251210,139,BLK_139S,1,NC,5,2025-12-10 10:37:49,2025-12-10 11:25:55,48.1,,공통,raw,
b150_overload_r1,GA,Large (141-200),150,overload,214.38333333333333,10,20251210,139,BLK_139S,1,베이35A 론지취부,6,2025-12-10 11:25:55,2025-12-10 13:01:37,95.7,35A,베이35A,raw,
b150_overload_r1,GA,Large (141-200),150,overload,214.38333333333333,10,20251210,139,BLK_139S,1,베이35A 론지용접,7,2025-12-10 13:01:37,2025-12-10 13:30:26,28.8,35A,베이35A,raw,
b150_overload_r1,GA,Large (141-200),150,overload,214.38333333333333,10,20251210,139,BLK_139S,1,베이35A 수정,8,2025-12-10 13:30:26,2025-12-10 14:29:11,58.7,35A,베이35A,raw,
b150_overload_r1,GA,Large (141-200),150,overload,214.38333333333333,10,20251210,93,BLK_93P,2,판계,1,2025-12-10 08:33:00,2025-12-10 09:06:00,33.0,,공통,raw,
b150_overload_r1,GA,Large (141-200),150,overload,214.38333333333333,10,20251210,93,BLK_93P,2,전면SAW,2,2025-12-10 09:08:19,2025-12-10 09:40:55,32.6,,공통,raw,
b150_overload_r1,GA,Large (141-200),150,overload,214.38333333333333,10,20251210,93,BLK_93P,2,TurnOver,3,2025-12-10 09:40:55,2025-12-10 09:54:07,13.2,,공통,raw,
b150_overload_r1,GA,Large (141-200),150,overload,214.38333333333333,10,20251210,93,BLK_93P,2,후면SAW,4,2025-12-10 10:05:09,2025-12-10 10:24:48,19.6,,공통,raw,
b150_overload_r1,GA,Large (141-200),150,overload,214.38333333333333,10,20251210,93,BLK_93P,2,NC,5,2025-12-10 11:25:55,2025-12-10 12:17:28,51.5,,공통,raw,
b150_overload_r1,GA,Large (141-200),150,overload,214.38333333333333,10,20251210,93,BLK_93P,2,베이36B 론지취부,6,2025-12-10 12:17:28,2025-12-10 13:26:13,68.8,36B,베이36B,raw,
b150_overload_r1,GA,Large (141-200),150,overload,214.38333333333333,10,20251210,93,BLK_93P,2,베이36B 론지용접,7,2025-12-10 13:26:13,2025-12-10 13:50:25,24.2,36B,베이36B,raw,
b150_overload_r1,GA,Large (141-200),150,overload,214.38333333333333,10,20251210,93,BLK_93P,2,베이36B 수정,8,2025-12-10 13:50:25,2025-12-10 14:32:13,41.8,36B,베이36B,raw,
b150_overload_r1,GA,Large (141-200),150,overload,214.38333333333333,10,20251210,62,BLK_62C,3,판계,1,2025-12-10 09:06:00,2025-12-10 09:33:30,27.5,,공통,raw,
b150_overload_r1,GA,Large (141-200),150,overload,214.38333333333333,10,20251210,62,BLK_62C,3,전면SAW,2,2025-12-10 09:40:55,2025-12-10 10:10:56,30.0,,공통,raw,
b150_overload_r1,GA,Large (141-200),150,overload,214.38333333333333,10,20251210,62,BLK_62C,3,TurnOver,3,2025-12-10 10:10:56,2025-12-10 10:24:08,13.2,,공통,raw,
b150_overload_r1,GA,Large (141-200),150,overload,214.38333333333333,10,20251210,62,BLK_62C,3,후면SAW,4,2025-12-10 10:24:48,2025-12-10 10:41:04,16.3,,공통,raw,
b150_overload_r1,GA,Large (141-200),150,overload,214.38333333333333,10,20251210,62,BLK_62C,3,NC,5,2025-12-10 12:17:28,2025-12-10 12:50:46,33.3,,공통,raw,
b150_overload_r1,GA,Large (141-200),150,overload,214.38333333333333,10,20251210,62,BLK_62C,3,베이35A 론지취부,6,2025-12-10 13:01:37,2025-12-10 13:50:01,48.4,35A,베이35A,raw,
b150_overload_r1,GA,Large (141-200),150,overload,214.38333333333333,10,20251210,62,BLK_62C,3,베이35A 론지용접,7,2025-12-10 13:50:01,2025-12-10 14:18:11,28.2,35A,베이35A,raw,
b150_overload_r1,GA,Large (141-200),150,overload,214.38333333333333,10,20251210,62,BLK_62C,3,베이35A 수정,8,2025-12-10 14:29:11,2025-12-10 14:46:47,17.6,35A,베이35A,raw,
b150_overload_r1,GA,Large (141-200),150,overload,214.38333333333333,10,20251210,102,BLK_102P,4,판계,1,2025-12-10 09:33:30,2025-12-10 10:12:00,38.5,,공통,raw,
b150_overload_r1,GA,Large (141-200),150,overload,214.38333333333333,10,20251210,102,BLK_102P,4,전면SAW,2,2025-12-10 10:12:00,2025-12-10 12:58:17,166.3,,공통,raw,
b150_overload_r1,GA,Large (141-200),150,overload,214.38333333333333,10,20251210,102,BLK_102P,4,TurnOver,3,2025-12-10 12:58:17,2025-12-10 13:11:29,13.2,,공통,raw,
b150_overload_r1,GA,Large (141-200),150,overload,214.38333333333333,10,20251210,102,BLK_102P,4,후면SAW,4,2025-12-10 13:11:29,2025-12-10 15:26:51,135.4,,공통,raw,
b150_overload_r1,GA,Large (141-200),150,overload,214.38333333333333,10,20251210,102,BLK_102P,4,NC,5,2025-12-10 15:26:51,2025-12-10 16:15:13,48.4,,공통,raw,
b150_overload_r1,GA,Large (141-200),150,overload,214.38333333333333,10,20251210,102,BLK_102P,4,베이36B 론지취부,6,2025-12-10 16:15:13,2025-12-10 17:08:34,53.4,36B,베이36B,raw,
b150_overload_r1,GA,Large (141-200),150,overload,214.38333333333333,10,20251210,102,BLK_102P,4,베이36B 론지용접,7,2025-12-10 17:08:34,2025-12-10 17:30:08,21.6,36B,베이36B,raw,
b150_overload_r1,GA,Large (141-200),150,overload,214.38333333333333,10,20251210,102,BLK_102P,4,베이36B 수정,8,2025-12-10 17:30:08,2025-12-10 18:02:15,32.1,36B,베이36B,raw,
b150_overload_r1,GA,Large (141-200),150,overload,214.38333333333333,10,20251210,107,BLK_107C,5,판계,1,2025-12-10 10:12:00,2025-12-10 10:34:00,22.0,,공통,raw,
b150_overload_r1,GA,Large (141-200),150,overload,214.38333333333333,10,20251210,107,BLK_107C,5,전면SAW,2,2025-12-10 12:58:17,2025-12-10 13:49:07,50.8,,공통,raw,
b150_overload_r1,GA,Large (141-200),150,overload,214.38333333333333,10,20251210,107,BLK_107C,5,TurnOver,3,2025-12-10 13:49:07,2025-12-10 14:02:19,13.2,,공통,raw,
b150_overload_r1,GA,Large (141-200),150,overload,214.38333333333333,10,20251210,107,BLK_107C,5,후면SAW,4,2025-12-10 15:26:51,2025-12-10 16:10:30,43.6,,공통,raw,
b150_overload_r1,GA,Large (141-200),150,overload,214.38333333333333,10,20251210,107,BLK_107C,5,NC,5,2025-12-10 16:15:13,2025-12-10 16:46:27,31.2,,공통,raw,
b150_overload_r1,GA,Large (141-200),150,overload,214.38333333333333,10,20251210,107,BLK_107C,5,베이35A 론지취부,6,2025-12-10 16:46:27,2025-12-10 17:47:30,61.1,35A,베이35A,raw,
b150_overload_r1,GA,Large (141-200),150,overload,214.38333333333333,10,20251210,107,BLK_107C,5,베이35A 론지용접,7,2025-12-10 17:47:30,2025-12-10 18:10:23,22.9,35A,베이35A,raw,
b150_overload_r1,GA,Large (141-200),150,overload,214.38333333333333,10,20251210,107,BLK_107C,5,베이35A 수정,8,2025-12-10 18:10:23,2025-12-10 18:47:21,37.0,35A,베이35A,raw,
b150_overload_r1,GA,Large (141-200),150,overload,214.38333333333333,10,20251210,94,BLK_94P,6,판계,1,2025-12-10 10:34:00,2025-12-10 11:23:30,49.5,,공통,raw,
b150_overload_r1,GA,Large (141-200),150,overload,214.38333333333333,10,20251210,94,BLK_94P,6,전면SAW,2,2025-12-10 13:49:07,2025-12-10 16:13:42,144.6,,공통,raw,
b150_overload_r1,GA,Large (141-200),150,overload,214.38333333333333,10,20251210,94,BLK_94P,6,TurnOver,3,2025-12-10 16:13:42,2025-12-10 16:26:54,13.2,,공통,raw,
b150_overload_r1,GA,Large (141-200),150,overload,214.38333333333333,10,20251210,94,BLK_94P,6,후면SAW,4,2025-12-10 16:26:54,2025-12-10 18:55:43,148.8,,공통,raw,
b150_overload_r1,GA,Large (141-200),150,overload,214.38333333333333,10,20251210,94,BLK_94P,6,NC,5,2025-12-10 18:55:43,2025-12-10 20:03:42,68.0,,공통,raw,
b150_overload_r1,GA,Large (141-200),150,overload,214.38333333333333,10,20251210,94,BLK_94P,6,베이36B 론지취부,6,2025-12-10 20:03:42,2025-12-10 22:10:12,126.5,36B,베이36B,raw,
b150_overload_r1,GA,Large (141-200),150,overload,214.38333333333333,10,20251210,94,BLK_94P,6,베이36B 론지용접,7,2025-12-10 22:10:12,2025-12-10 22:44:18,34.1,36B,베이36B,raw,
b150_overload_r1,GA,Large (141-200),150,overload,214.38333333333333,10,20251210,94,BLK_94P,6,베이36B 수정,8,2025-12-10 22:44:18,2025-12-11 00:02:24,78.1,36B,베이36B,raw,
b150_overload_r1,GA,Large (141-200),150,overload,214.38333333333333,10,20251210,103,BLK_103C,7,판계,1,2025-12-10 11:23:30,2025-12-10 11:51:00,27.5,,공통,raw,
b150_overload_r1,GA,Large (141-200),150,overload,214.38333333333333,10,20251210,103,BLK_103C,7,전면SAW,2,2025-12-10 16:13:42,2025-12-10 16:45:08,31.4,,공통,raw,
b150_overload_r1,GA,Large (141-200),150,overload,214.38333333333333,10,20251210,103,BLK_103C,7,TurnOver,3,2025-12-10 16:45:08,2025-12-10 16:58:20,13.2,,공통,raw,
b150_overload_r1,GA,Large (141-200),150,overload,214.38333333333333,10,20251210,103,BLK_103C,7,후면SAW,4,2025-12-10 18:55:43,2025-12-10 19:13:50,18.1,,공통,raw,
b150_overload_r1,GA,Large (141-200),150,overload,214.38333333333333,10,20251210,103,BLK_103C,7,NC,5,2025-12-10 20:03:42,2025-12-10 20:37:03,33.4,,공통,raw,
b150_overload_r1,GA,Large (141-200),150,overload,214.38333333333333,10,20251210,103,BLK_103C,7,베이35A 론지취부,6,2025-12-10 20:37:03,2025-12-10 21:15:00,38.0,35A,베이35A,raw,
b150_overload_r1,GA,Large (141-200),150,overload,214.38333333333333,10,20251210,103,BLK_103C,7,베이35A 론지용접,7,2025-12-10 21:15:00,2025-12-10 21:29:31,14.5,35A,베이35A,raw,
b150_overload_r1,GA,Large (141-200),150,overload,214.38333333333333,10,20251210,103,BLK_103C,7,베이35A 수정,8,2025-12-10 21:29:31,2025-12-10 21:51:57,22.4,35A,베이35A,raw,
b150_overload_r1,GA,Large (141-200),150,overload,214.38333333333333,10,20251210,112,BLK_112S,8,판계,1,2025-12-10 11:51:00,2025-12-10 12:24:00,33.0,,공통,raw,
b150_overload_r1,GA,Large (141-200),150,overload,214.38333333333333,10,20251210,112,BLK_112S,8,전면SAW,2,2025-12-10 16:45:08,2025-12-10 17:21:27,36.3,,공통,raw,
b150_overload_r1,GA,Large (141-200),150,overload,214.38333333333333,10,20251210,112,BLK_112S,8,TurnOver,3,2025-12-10 17:21:27,2025-12-10 17:34:39,13.2,,공통,raw,
b150_overload_r1,GA,Large (141-200),150,overload,214.38333333333333,10,20251210,112,BLK_112S,8,후면SAW,4,2025-12-10 19:13:50,2025-12-10 19:38:24,24.6,,공통,raw,
b150_overload_r1,GA,Large (141-200),150,overload,214.38333333333333,10,20251210,112,BLK_112S,8,NC,5,2025-12-10 20:37:03,2025-12-10 21:23:59,46.9,,공통,raw,
b150_overload_r1,GA,Large (141-200),150,overload,214.38333333333333,10,20251210,112,BLK_112S,8,베이36B 론지취부,6,2025-12-10 22:10:12,2025-12-10 23:38:12,88.0,36B,베이36B,raw,
b150_overload_r1,GA,Large (141-200),150,overload,214.38333333333333,10,20251210,112,BLK_112S,8,베이36B 론지용접,7,2025-12-10 23:38:12,2025-12-11 00:05:42,27.5,36B,베이36B,raw,
b150_overload_r1,GA,Large (141-200),150,overload,214.38333333333333,10,20251210,112,BLK_112S,8,베이36B 수정,8,2025-12-11 00:05:42,2025-12-11 00:59:36,53.9,36B,베이36B,raw,
b150_overload_r1,GA,Large (141-200),150,overload,214.38333333333333,10,20251210,114,BLK_114C,9,판계,1,2025-12-10 12:24:00,2025-12-10 12:57:00,33.0,,공통,raw,
b150_overload_r1,GA,Large (141-200),150,overload,214.38333333333333,10,20251210,114,BLK_114C,9,전면SAW,2,2025-12-10 17:21:27,2025-12-10 17:53:19,31.9,,공통,raw,
b150_overload_r1,GA,Large (141-200),150,overload,214.38333333333333,10,20251210,114,BLK_114C,9,TurnOver,3,2025-12-10 17:53:19,2025-12-10 18:06:31,13.2,,공통,raw,
b150_overload_r1,GA,Large (141-200),150,overload,214.38333333333333,10,20251210,114,BLK_114C,9,후면SAW,4,2025-12-10 19:38:24,2025-12-10 19:57:04,18.7,,공통,raw,
b150_overload_r1,GA,Large (141-200),150,overload,214.38333333333333,10,20251210,114,BLK_114C,9,NC,5,2025-12-10 21:23:59,2025-12-10 22:09:18,45.3,,공통,raw,
b150_overload_r1,GA,Large (141-200),150,overload,214.38333333333333,10,20251210,114,BLK_114C,9,베이35A 론지취부,6,2025-12-10 22:09:18,2025-12-10 23:21:54,72.6,35A,베이35A,raw,
b150_overload_r1,GA,Large (141-200),150,overload,214.38333333333333,10,20251210,114,BLK_114C,9,베이35A 론지용접,7,2025-12-10 23:21:54,2025-12-10 23:46:46,24.9,35A,베이35A,raw,
b150_overload_r1,GA,Large (141-200),150,overload,214.38333333333333,10,20251210,114,BLK_114C,9,베이35A 수정,8,2025-12-10 23:46:46,2025-12-11 00:30:59,44.2,35A,베이35A,raw,
b150_overload_r1,GA,Large (141-200),150,overload,214.38333333333333,10,20251210,121,BLK_121C,10,판계,1,2025-12-10 12:57:00,2025-12-10 13:10:12,13.2,,공통,raw,
b150_overload_r1,GA,Large (141-200),150,overload,214.38333333333333,10,20251210,121,BLK_121C,10,전면SAW,2,2025-12-10 17:53:19,2025-12-10 18:49:56,56.6,,공통,raw,
b150_overload_r1,GA,Large (141-200),150,overload,214.38333333333333,10,20251210,121,BLK_121C,10,TurnOver,3,2025-12-10 18:49:56,2025-12-10 19:03:08,13.2,,공통,raw,
b150_overload_r1,GA,Large (141-200),150,overload,214.38333333333333,10,20251210,121,BLK_121C,10,후면SAW,4,2025-12-10 19:57:04,2025-12-10 20:48:21,51.3,,공통,raw,
b150_overload_r1,GA,Large (141-200),150,overload,214.38333333333333,10,20251210,121,BLK_121C,10,NC,5,2025-12-10 22:09:18,2025-12-10 22:31:39,22.4,,공통,raw,
b150_overload_r1,GA,Large (141-200),150,overload,214.38333333333333,10,20251210,121,BLK_121C,10,베이36B 론지취부,6,2025-12-10 23:38:12,2025-12-11 00:27:42,49.5,36B,베이36B,raw,
b150_overload_r1,GA,Large (141-200),150,overload,214.38333333333333,10,20251210,121,BLK_121C,10,베이36B 론지용접,7,2025-12-11 00:27:42,2025-12-11 00:44:12,16.5,36B,베이36B,raw,
b150_overload_r1,GA,Large (141-200),150,overload,214.38333333333333,10,20251210,121,BLK_121C,10,베이36B 수정,8,2025-12-11 00:59:36,2025-12-11 01:29:18,29.7,36B,베이36B,raw,
b150_overload_r1,GA,Large (141-200),150,overload,214.38333333333333,10,20251210,122,BLK_122S,11,판계,1,2025-12-10 13:10:12,2025-12-10 13:32:12,22.0,,공통,raw,
b150_overload_r1,GA,Large (141-200),150,overload,214.38333333333333,10,20251210,122,BLK_122S,11,전면SAW,2,2025-12-10 18:49:56,2025-12-10 21:14:31,144.6,,공통,raw,
b150_overload_r1,GA,Large (141-200),150,overload,214.38333333333333,10,20251210,122,BLK_122S,11,TurnOver,3,2025-12-10 21:14:31,2025-12-10 21:27:43,13.2,,공통,raw,
b150_overload_r1,GA,Large (141-200),150,overload,214.38333333333333,10,20251210,122,BLK_122S,11,후면SAW,4,2025-12-10 21:27:43,2025-12-10 23:26:06,118.4,,공통,raw,
b150_overload_r1,GA,Large (141-200),150,overload,214.38333333333333,10,20251210,122,BLK_122S,11,NC,5,2025-12-10 23:26:06,2025-12-10 23:56:47,30.7,,공통,raw,
b150_overload_r1,GA,Large (141-200),150,overload,214.38333333333333,10,20251210,122,BLK_122S,11,베이35A 론지취부,6,2025-12-10 23:56:47,2025-12-11 00:53:59,57.2,35A,베이35A,raw,
b150_overload_r1,GA,Large (141-200),150,overload,214.38333333333333,10,20251210,122,BLK_122S,11,베이35A 론지용접,7,2025-12-11 00:53:59,2025-12-11 01:16:12,22.2,35A,베이35A,raw,
b150_overload_r1,GA,Large (141-200),150,overload,214.38333333333333,10,20251210,122,BLK_122S,11,베이35A 수정,8,2025-12-11 01:16:12,2025-12-11 01:50:45,34.5,35A,베이35A,raw,
b150_overload_r1,GA,Large (141-200),150,overload,214.38333333333333,10,20251210,132,BLK_132S,12,판계,1,2025-12-10 13:32:12,2025-12-10 13:59:42,27.5,,공통,raw,
b150_overload_r1,GA,Large (141-200),150,overload,214.38333333333333,10,20251210,132,BLK_132S,12,전면SAW,2,2025-12-10 21:14:31,2025-12-10 21:52:36,38.1,,공통,raw,
b150_overload_r1,GA,Large (141-200),150,overload,214.38333333333333,10,20251210,132,BLK_132S,12,TurnOver,3,2025-12-10 21:52:36,2025-12-10 22:05:48,13.2,,공통,raw,
b150_overload_r1,GA,Large (141-200),150,overload,214.38333333333333,10,20251210,132,BLK_132S,12,후면SAW,4,2025-12-10 23:26:06,2025-12-10 23:52:58,26.9,,공통,raw,
b150_overload_r1,GA,Large (141-200),150,overload,214.38333333333333,10,20251210,132,BLK_132S,12,NC,5,2025-12-10 23:56:47,2025-12-11 00:38:32,41.7,,공통,raw,
b150_overload_r1,GA,Large (141-200),150,overload,214.38333333333333,10,20251210,132,BLK_132S,12,베이36B 론지취부,6,2025-12-11 00:38:32,2025-12-11 01:54:59,76.5,36B,베이36B,raw,
b150_overload_r1,GA,Large (141-200),150,overload,214.38333333333333,10,20251210,132,BLK_132S,12,베이36B 론지용접,7,2025-12-11 01:54:59,2025-12-11 02:20:30,25.5,36B,베이36B,raw,
b150_overload_r1,GA,Large (141-200),150,overload,214.38333333333333,10,20251210,132,BLK_132S,12,베이36B 수정,8,2025-12-11 02:20:30,2025-12-11 03:07:08,46.6,36B,베이36B,raw,
b150_overload_r1,GA,Large (141-200),150,overload,214.38333333333333,10,20251210,81,BLK_81S,13,판계,1,2025-12-10 13:59:42,2025-12-10 14:41:30,41.8,,공통,raw,
b150_overload_r1,GA,Large (141-200),150,overload,214.38333333333333,10,20251210,81,BLK_81S,13,전면SAW,2,2025-12-10 21:52:36,2025-12-10 23:14:33,81.9,,공통,raw,
b150_overload_r1,GA,Large (141-200),150,overload,214.38333333333333,10,20251210,81,BLK_81S,13,TurnOver,3,2025-12-10 23:14:33,2025-12-10 23:27:45,13.2,,공통,raw,
b150_overload_r1,GA,Large (141-200),150,overload,214.38333333333333,10,20251210,81,BLK_81S,13,후면SAW,4,2025-12-10 23:52:58,2025-12-11 00:54:12,61.2,,공통,raw,
b150_overload_r1,GA,Large (141-200),150,overload,214.38333333333333,10,20251210,81,BLK_81S,13,NC,5,2025-12-11 00:54:12,2025-12-11 01:41:22,47.2,,공통,raw,
b150_overload_r1,GA,Large (141-200),150,overload,214.38333333333333,10,20251210,81,BLK_81S,13,베이35A 론지취부,6,2025-12-11 01:41:22,2025-12-11 02:34:43,53.4,35A,베이35A,raw,
b150_overload_r1,GA,Large (141-200),150,overload,214.38333333333333,10,20251210,81,BLK_81S,13,베이35A 론지용접,7,2025-12-11 02:34:43,2025-12-11 02:56:17,21.6,35A,베이35A,raw,
b150_overload_r1,GA,Large (141-200),150,overload,214.38333333333333,10,20251210,81,BLK_81S,13,베이35A 수정,8,2025-12-11 02:56:17,2025-12-11 03:28:24,32.1,35A,베이35A,raw,
b150_overload_r1,GA,Large (141-200),150,overload,214.38333333333333,10,20251210,142,BLK_142C,14,판계,1,2025-12-10 14:41:30,2025-12-10 15:14:30,33.0,,공통,raw,
b150_overload_r1,GA,Large (141-200),150,overload,214.38333333333333,10,20251210,142,BLK_142C,14,전면SAW,2,2025-12-10 23:14:33,2025-12-10 23:52:25,37.9,,공통,raw,
b150_overload_r1,GA,Large (141-200),150,overload,214.38333333333333,10,20251210,142,BLK_142C,14,TurnOver,3,2025-12-10 23:52:25,2025-12-11 00:05:37,13.2,,공통,raw,
b150_overload_r1,GA,Large (141-200),150,overload,214.38333333333333,10,20251210,142,BLK_142C,14,후면SAW,4,2025-12-11 00:54:12,2025-12-11 01:20:48,26.6,,공통,raw,
b150_overload_r1,GA,Large (141-200),150,overload,214.38333333333333,10,20251210,142,BLK_142C,14,NC,5,2025-12-11 01:41:22,2025-12-11 02:31:52,50.5,,공통,raw,
b150_overload_r1,GA,Large (141-200),150,overload,214.38333333333333,10,20251210,142,BLK_142C,14,베이36B 론지취부,6,2025-12-11 02:31:52,2025-12-11 04:34:31,122.7,36B,베이36B,raw,
b150_overload_r1,GA,Large (141-200),150,overload,214.38333333333333,10,20251210,142,BLK_142C,14,베이36B 론지용접,7,2025-12-11 04:34:31,2025-12-11 05:07:57,33.4,36B,베이36B,raw,
b150_overload_r1,GA,Large (141-200),150,overload,214.38333333333333,10,20251210,142,BLK_142C,14,베이36B 수정,8,2025-12-11 05:07:57,2025-12-11 06:23:38,75.7,36B,베이36B,raw,
b150_overload_r1,GA,Large (141-200),150,overload,214.38333333333333,10,20251202,147,BLK_6P,2,판계,1,2025-12-02 08:33:00,2025-12-02 09:09:18,36.3,,공통,inferred_subassembly_member,6
b150_overload_r1,GA,Large (141-200),150,overload,214.38333333333333,10,20251202,147,BLK_6P,2,전면SAW,2,2025-12-02 09:09:18,2025-12-02 11:03:15,114.0,,공통,inferred_subassembly_member,6
b150_overload_r1,GA,Large (141-200),150,overload,214.38333333333333,10,20251202,147,BLK_6P,2,TurnOver,3,2025-12-02 11:03:15,2025-12-02 11:16:27,13.2,,공통,inferred_subassembly_member,6
b150_overload_r1,GA,Large (141-200),150,overload,214.38333333333333,10,20251202,147,BLK_6P,2,후면SAW,4,2025-12-02 11:16:27,2025-12-02 12:46:54,90.4,,공통,inferred_subassembly_member,6
b150_overload_r1,GA,Large (141-200),150,overload,214.38333333333333,10,20251202,147,BLK_6P,2,NC,5,2025-12-02 12:46:54,2025-12-02 13:33:53,47.0,,공통,inferred_subassembly_member,6
b150_overload_r1,GA,Large (141-200),150,overload,214.38333333333333,10,20251202,147,BLK_6P,2,베이35A 론지취부,6,2025-12-02 13:33:53,2025-12-02 15:13:26,99.6,35A,베이35A,inferred_subassembly_member,6
b150_overload_r1,GA,Large (141-200),150,overload,214.38333333333333,10,20251202,147,BLK_6P,2,베이35A 론지용접,7,2025-12-02 15:13:26,2025-12-02 15:42:55,29.5,35A,베이35A,inferred_subassembly_member,6
b150_overload_r1,GA,Large (141-200),150,overload,214.38333333333333,10,20251202,147,BLK_6P,2,베이35A 수정,8,2025-12-02 15:42:55,2025-12-02 16:44:05,61.2,35A,베이35A,inferred_subassembly_member,6
b150_overload_r1,GA,Large (141-200),150,overload,214.38333333333333,10,20251206,148,BLK_137S,81,판계,1,2025-12-06 10:56:00,2025-12-06 11:40:00,44.0,,공통,inferred_subassembly_member,137
b150_overload_r1,GA,Large (141-200),150,overload,214.38333333333333,10,20251206,148,BLK_137S,81,전면SAW,2,2025-12-06 13:40:25,2025-12-06 16:42:31,182.1,,공통,inferred_subassembly_member,137
b150_overload_r1,GA,Large (141-200),150,overload,214.38333333333333,10,20251206,148,BLK_137S,81,TurnOver,3,2025-12-06 16:42:31,2025-12-06 16:55:43,13.2,,공통,inferred_subassembly_member,137
b150_overload_r1,GA,Large (141-200),150,overload,214.38333333333333,10,20251206,148,BLK_137S,81,후면SAW,4,2025-12-06 16:55:43,2025-12-06 19:10:32,134.8,,공통,inferred_subassembly_member,137
b150_overload_r1,GA,Large (141-200),150,overload,214.38333333333333,10,20251206,148,BLK_137S,81,NC,5,2025-12-06 19:10:32,2025-12-06 20:03:14,52.7,,공통,inferred_subassembly_member,137
b150_overload_r1,GA,Large (141-200),150,overload,214.38333333333333,10,20251206,148,BLK_137S,81,베이36B 론지취부,6,2025-12-06 20:03:14,2025-12-06 21:35:05,91.9,36B,베이36B,inferred_subassembly_member,137
b150_overload_r1,GA,Large (141-200),150,overload,214.38333333333333,10,20251206,148,BLK_137S,81,베이36B 론지용접,7,2025-12-06 21:35:05,2025-12-06 22:03:14,28.2,36B,베이36B,inferred_subassembly_member,137
b150_overload_r1,GA,Large (141-200),150,overload,214.38333333333333,10,20251206,148,BLK_137S,81,베이36B 수정,8,2025-12-06 22:03:14,2025-12-06 22:59:34,56.3,36B,베이36B,inferred_subassembly_member,137
b150_overload_r1,GA,Large (141-200),150,overload,214.38333333333333,10,20251208,150,BLK_83C,112,판계,1,2025-12-08 15:54:06,2025-12-08 16:27:06,33.0,,공통,inferred_subassembly_member,83
b150_overload_r1,GA,Large (141-200),150,overload,214.38333333333333,10,20251208,150,BLK_83C,112,전면SAW,2,2025-12-09 03:01:09,2025-12-09 04:54:56,113.8,,공통,inferred_subassembly_member,83
b150_overload_r1,GA,Large (141-200),150,overload,214.38333333333333,10,20251208,150,BLK_83C,112,TurnOver,3,2025-12-09 04:54:56,2025-12-09 05:08:08,13.2,,공통,inferred_subassembly_member,83
b150_overload_r1,GA,Large (141-200),150,overload,214.38333333333333,10,20251208,150,BLK_83C,112,후면SAW,4,2025-12-09 05:08:08,2025-12-09 06:38:24,90.3,,공통,inferred_subassembly_member,83
b150_overload_r1,GA,Large (141-200),150,overload,214.38333333333333,10,20251208,150,BLK_83C,112,NC,5,2025-12-09 06:38:24,2025-12-09 07:36:55,58.5,,공통,inferred_subassembly_member,83
b150_overload_r1,GA,Large (141-200),150,overload,214.38333333333333,10,20251208,150,BLK_83C,112,베이35A 론지취부,6,2025-12-09 07:36:55,2025-12-09 08:49:31,72.6,35A,베이35A,inferred_subassembly_member,83
b150_overload_r1,GA,Large (141-200),150,overload,214.38333333333333,10,20251208,150,BLK_83C,112,베이35A 론지용접,7,2025-12-09 08:49:31,2025-12-09 09:14:23,24.9,35A,베이35A,inferred_subassembly_member,83
b150_overload_r1,GA,Large (141-200),150,overload,214.38333333333333,10,20251208,150,BLK_83C,112,베이35A 수정,8,2025-12-09 09:14:23,2025-12-09 09:58:36,44.2,35A,베이35A,inferred_subassembly_member,83
b150_overload_r1,GA,Large (141-200),150,overload,214.38333333333333,10,20251209,149,BLK_57P,130,판계,1,2025-12-09 15:54:06,2025-12-09 16:21:36,27.5,,공통,inferred_subassembly_member,57
b150_overload_r1,GA,Large (141-200),150,overload,214.38333333333333,10,20251209,149,BLK_57P,130,전면SAW,2,2025-12-10 03:25:47,2025-12-10 04:01:07,35.3,,공통,inferred_subassembly_member,57
b150_overload_r1,GA,Large (141-200),150,overload,214.38333333333333,10,20251209,149,BLK_57P,130,TurnOver,3,2025-12-10 04:01:07,2025-12-10 04:14:19,13.2,,공통,inferred_subassembly_member,57
b150_overload_r1,GA,Large (141-200),150,overload,214.38333333333333,10,20251209,149,BLK_57P,130,후면SAW,4,2025-12-10 05:36:22,2025-12-10 05:59:38,23.3,,공통,inferred_subassembly_member,57
b150_overload_r1,GA,Large (141-200),150,overload,214.38333333333333,10,20251209,149,BLK_57P,130,NC,5,2025-12-10 07:01:07,2025-12-10 07:41:43,40.6,,공통,inferred_subassembly_member,57
b150_overload_r1,GA,Large (141-200),150,overload,214.38333333333333,10,20251209,149,BLK_57P,130,베이35A 론지취부,6,2025-12-10 07:47:45,2025-12-10 09:11:54,84.2,35A,베이35A,inferred_subassembly_member,57
b150_overload_r1,GA,Large (141-200),150,overload,214.38333333333333,10,20251209,149,BLK_57P,130,베이35A 론지용접,7,2025-12-10 09:11:54,2025-12-10 09:38:45,26.8,35A,베이35A,inferred_subassembly_member,57
b150_overload_r1,GA,Large (141-200),150,overload,214.38333333333333,10,20251209,149,BLK_57P,130,베이35A 수정,8,2025-12-10 09:38:45,2025-12-10 10:30:14,51.5,35A,베이35A,inferred_subassembly_member,57
