grid_case_id,method_label,size_bucket,total_blocks,distribution_profile,graph_makespan_hours,graph_violations,date,block_id,block_name,sequence,process_name,process_index,start_time,end_time,duration_min,assigned_bay,machine_type,unity_process_row_source,source_representative_block_id
b80_mixed_ps_sub_r1,MSF,Small (20-80),80,mixed_ps_sub,112.06666666666666,12,20251224,1,BLK_1C,1,판계,1,2025-12-24 08:00:00,2025-12-24 08:20:00,20.0,,공통,raw,
b80_mixed_ps_sub_r1,MSF,Small (20-80),80,mixed_ps_sub,112.06666666666666,12,20251224,1,BLK_1C,1,전면SAW,2,2025-12-24 08:20:00,2025-12-24 08:53:35,33.6,,공통,raw,
b80_mixed_ps_sub_r1,MSF,Small (20-80),80,mixed_ps_sub,112.06666666666666,12,20251224,1,BLK_1C,1,TurnOver,3,2025-12-24 08:53:35,2025-12-24 09:05:35,12.0,,공통,raw,
b80_mixed_ps_sub_r1,MSF,Small (20-80),80,mixed_ps_sub,112.06666666666666,12,20251224,1,BLK_1C,1,후면SAW,4,2025-12-24 09:05:35,2025-12-24 09:28:40,23.1,,공통,raw,
b80_mixed_ps_sub_r1,MSF,Small (20-80),80,mixed_ps_sub,112.06666666666666,12,20251224,1,BLK_1C,1,NC,5,2025-12-24 09:28:40,2025-12-24 09:56:13,27.6,,공통,raw,
b80_mixed_ps_sub_r1,MSF,Small (20-80),80,mixed_ps_sub,112.06666666666666,12,20251224,1,BLK_1C,1,베이35A 론지취부,6,2025-12-24 09:56:13,2025-12-24 10:34:13,38.0,35A,베이35A,raw,
b80_mixed_ps_sub_r1,MSF,Small (20-80),80,mixed_ps_sub,112.06666666666666,12,20251224,1,BLK_1C,1,베이35A 론지용접,7,2025-12-24 10:34:13,2025-12-24 10:52:01,17.8,35A,베이35A,raw,
b80_mixed_ps_sub_r1,MSF,Small (20-80),80,mixed_ps_sub,112.06666666666666,12,20251224,1,BLK_1C,1,베이35A 수정,8,2025-12-24 10:52:01,2025-12-24 11:14:37,22.6,35A,베이35A,raw,
b80_mixed_ps_sub_r1,MSF,Small (20-80),80,mixed_ps_sub,112.06666666666666,12,20251224,40,BLK_40P,2,판계,1,2025-12-24 08:20:00,2025-12-24 08:55:00,35.0,,공통,raw,
b80_mixed_ps_sub_r1,MSF,Small (20-80),80,mixed_ps_sub,112.06666666666666,12,20251224,40,BLK_40P,2,전면SAW,2,2025-12-24 08:55:00,2025-12-24 12:05:00,190.0,,공통,raw,
b80_mixed_ps_sub_r1,MSF,Small (20-80),80,mixed_ps_sub,112.06666666666666,12,20251224,40,BLK_40P,2,TurnOver,3,2025-12-24 12:05:00,2025-12-24 12:17:00,12.0,,공통,raw,
b80_mixed_ps_sub_r1,MSF,Small (20-80),80,mixed_ps_sub,112.06666666666666,12,20251224,40,BLK_40P,2,후면SAW,4,2025-12-24 12:17:00,2025-12-24 15:02:00,165.0,,공통,raw,
b80_mixed_ps_sub_r1,MSF,Small (20-80),80,mixed_ps_sub,112.06666666666666,12,20251224,40,BLK_40P,2,NC,5,2025-12-24 15:02:00,2025-12-24 15:47:33,45.6,,공통,raw,
b80_mixed_ps_sub_r1,MSF,Small (20-80),80,mixed_ps_sub,112.06666666666666,12,20251224,40,BLK_40P,2,베이36B 론지취부,6,2025-12-24 15:47:33,2025-12-24 16:50:03,62.5,36B,베이36B,raw,
b80_mixed_ps_sub_r1,MSF,Small (20-80),80,mixed_ps_sub,112.06666666666666,12,20251224,40,BLK_40P,2,베이36B 론지용접,7,2025-12-24 16:50:03,2025-12-24 17:12:03,22.0,36B,베이36B,raw,
b80_mixed_ps_sub_r1,MSF,Small (20-80),80,mixed_ps_sub,112.06666666666666,12,20251224,40,BLK_40P,2,베이36B 수정,8,2025-12-24 17:12:03,2025-12-24 17:50:03,38.0,36B,베이36B,raw,
b80_mixed_ps_sub_r1,MSF,Small (20-80),80,mixed_ps_sub,112.06666666666666,12,20251224,5,BLK_5P,3,판계,1,2025-12-24 08:55:00,2025-12-24 09:20:00,25.0,,공통,raw,
b80_mixed_ps_sub_r1,MSF,Small (20-80),80,mixed_ps_sub,112.06666666666666,12,20251224,5,BLK_5P,3,전면SAW,2,2025-12-24 12:05:00,2025-12-24 12:40:09,35.2,,공통,raw,
b80_mixed_ps_sub_r1,MSF,Small (20-80),80,mixed_ps_sub,112.06666666666666,12,20251224,5,BLK_5P,3,TurnOver,3,2025-12-24 12:40:09,2025-12-24 12:52:09,12.0,,공통,raw,
b80_mixed_ps_sub_r1,MSF,Small (20-80),80,mixed_ps_sub,112.06666666666666,12,20251224,5,BLK_5P,3,후면SAW,4,2025-12-24 15:02:00,2025-12-24 15:27:08,25.1,,공통,raw,
b80_mixed_ps_sub_r1,MSF,Small (20-80),80,mixed_ps_sub,112.06666666666666,12,20251224,5,BLK_5P,3,NC,5,2025-12-24 15:47:33,2025-12-24 16:22:25,34.9,,공통,raw,
b80_mixed_ps_sub_r1,MSF,Small (20-80),80,mixed_ps_sub,112.06666666666666,12,20251224,5,BLK_5P,3,베이35A 론지취부,6,2025-12-24 16:22:25,2025-12-24 17:10:55,48.5,35A,베이35A,raw,
b80_mixed_ps_sub_r1,MSF,Small (20-80),80,mixed_ps_sub,112.06666666666666,12,20251224,5,BLK_5P,3,베이35A 론지용접,7,2025-12-24 17:10:55,2025-12-24 17:30:31,19.6,35A,베이35A,raw,
b80_mixed_ps_sub_r1,MSF,Small (20-80),80,mixed_ps_sub,112.06666666666666,12,20251224,5,BLK_5P,3,베이35A 수정,8,2025-12-24 17:30:31,2025-12-24 17:59:43,29.2,35A,베이35A,raw,
b80_mixed_ps_sub_r1,MSF,Small (20-80),80,mixed_ps_sub,112.06666666666666,12,20251224,50,BLK_50C,4,판계,1,2025-12-24 09:20:00,2025-12-24 09:45:00,25.0,,공통,raw,
b80_mixed_ps_sub_r1,MSF,Small (20-80),80,mixed_ps_sub,112.06666666666666,12,20251224,50,BLK_50C,4,전면SAW,2,2025-12-24 12:40:09,2025-12-24 13:21:00,40.9,,공통,raw,
b80_mixed_ps_sub_r1,MSF,Small (20-80),80,mixed_ps_sub,112.06666666666666,12,20251224,50,BLK_50C,4,TurnOver,3,2025-12-24 13:21:00,2025-12-24 13:33:00,12.0,,공통,raw,
b80_mixed_ps_sub_r1,MSF,Small (20-80),80,mixed_ps_sub,112.06666666666666,12,20251224,50,BLK_50C,4,후면SAW,4,2025-12-24 15:27:08,2025-12-24 15:59:46,32.6,,공통,raw,
b80_mixed_ps_sub_r1,MSF,Small (20-80),80,mixed_ps_sub,112.06666666666666,12,20251224,50,BLK_50C,4,NC,5,2025-12-24 16:22:25,2025-12-24 16:56:03,33.6,,공통,raw,
b80_mixed_ps_sub_r1,MSF,Small (20-80),80,mixed_ps_sub,112.06666666666666,12,20251224,50,BLK_50C,4,베이36B 론지취부,6,2025-12-24 16:56:03,2025-12-24 17:16:33,20.5,36B,베이36B,raw,
b80_mixed_ps_sub_r1,MSF,Small (20-80),80,mixed_ps_sub,112.06666666666666,12,20251224,50,BLK_50C,4,베이36B 론지용접,7,2025-12-24 17:16:33,2025-12-24 17:31:21,14.8,36B,베이36B,raw,
b80_mixed_ps_sub_r1,MSF,Small (20-80),80,mixed_ps_sub,112.06666666666666,12,20251224,50,BLK_50C,4,베이36B 수정,8,2025-12-24 17:50:03,2025-12-24 18:01:39,11.6,36B,베이36B,raw,
b80_mixed_ps_sub_r1,MSF,Small (20-80),80,mixed_ps_sub,112.06666666666666,12,20251224,60,BLK_60C,5,판계,1,2025-12-24 09:45:00,2025-12-24 10:10:00,25.0,,공통,raw,
b80_mixed_ps_sub_r1,MSF,Small (20-80),80,mixed_ps_sub,112.06666666666666,12,20251224,60,BLK_60C,5,전면SAW,2,2025-12-24 13:21:00,2025-12-24 13:56:59,36.0,,공통,raw,
b80_mixed_ps_sub_r1,MSF,Small (20-80),80,mixed_ps_sub,112.06666666666666,12,20251224,60,BLK_60C,5,TurnOver,3,2025-12-24 13:56:59,2025-12-24 14:08:59,12.0,,공통,raw,
b80_mixed_ps_sub_r1,MSF,Small (20-80),80,mixed_ps_sub,112.06666666666666,12,20251224,60,BLK_60C,5,후면SAW,4,2025-12-24 15:59:46,2025-12-24 16:25:59,26.2,,공통,raw,
b80_mixed_ps_sub_r1,MSF,Small (20-80),80,mixed_ps_sub,112.06666666666666,12,20251224,60,BLK_60C,5,NC,5,2025-12-24 16:56:03,2025-12-24 17:32:52,36.8,,공통,raw,
b80_mixed_ps_sub_r1,MSF,Small (20-80),80,mixed_ps_sub,112.06666666666666,12,20251224,60,BLK_60C,5,베이35A 론지취부,6,2025-12-24 17:32:52,2025-12-24 18:14:22,41.5,35A,베이35A,raw,
b80_mixed_ps_sub_r1,MSF,Small (20-80),80,mixed_ps_sub,112.06666666666666,12,20251224,60,BLK_60C,5,베이35A 론지용접,7,2025-12-24 18:14:22,2025-12-24 18:32:46,18.4,35A,베이35A,raw,
b80_mixed_ps_sub_r1,MSF,Small (20-80),80,mixed_ps_sub,112.06666666666666,12,20251224,60,BLK_60C,5,베이35A 수정,8,2025-12-24 18:32:46,2025-12-24 18:57:34,24.8,35A,베이35A,raw,
b80_mixed_ps_sub_r1,MSF,Small (20-80),80,mixed_ps_sub,112.06666666666666,12,20251224,30,BLK_30C,6,판계,1,2025-12-24 10:10:00,2025-12-24 10:55:00,45.0,,공통,raw,
b80_mixed_ps_sub_r1,MSF,Small (20-80),80,mixed_ps_sub,112.06666666666666,12,20251224,30,BLK_30C,6,전면SAW,2,2025-12-24 13:56:59,2025-12-24 16:10:52,133.9,,공통,raw,
b80_mixed_ps_sub_r1,MSF,Small (20-80),80,mixed_ps_sub,112.06666666666666,12,20251224,30,BLK_30C,6,TurnOver,3,2025-12-24 16:10:52,2025-12-24 16:22:52,12.0,,공통,raw,
b80_mixed_ps_sub_r1,MSF,Small (20-80),80,mixed_ps_sub,112.06666666666666,12,20251224,30,BLK_30C,6,후면SAW,4,2025-12-24 16:25:59,2025-12-24 18:03:13,97.2,,공통,raw,
b80_mixed_ps_sub_r1,MSF,Small (20-80),80,mixed_ps_sub,112.06666666666666,12,20251224,30,BLK_30C,6,NC,5,2025-12-24 18:03:13,2025-12-24 18:54:37,51.4,,공통,raw,
b80_mixed_ps_sub_r1,MSF,Small (20-80),80,mixed_ps_sub,112.06666666666666,12,20251224,30,BLK_30C,6,베이36B 론지취부,6,2025-12-24 18:54:37,2025-12-24 19:57:07,62.5,36B,베이36B,raw,
b80_mixed_ps_sub_r1,MSF,Small (20-80),80,mixed_ps_sub,112.06666666666666,12,20251224,30,BLK_30C,6,베이36B 론지용접,7,2025-12-24 19:57:07,2025-12-24 20:19:07,22.0,36B,베이36B,raw,
b80_mixed_ps_sub_r1,MSF,Small (20-80),80,mixed_ps_sub,112.06666666666666,12,20251224,30,BLK_30C,6,베이36B 수정,8,2025-12-24 20:19:07,2025-12-24 20:57:07,38.0,36B,베이36B,raw,
b80_mixed_ps_sub_r1,MSF,Small (20-80),80,mixed_ps_sub,112.06666666666666,12,20251224,17,BLK_17C,7,판계,1,2025-12-24 10:55:00,2025-12-24 11:28:00,33.0,,공통,raw,
b80_mixed_ps_sub_r1,MSF,Small (20-80),80,mixed_ps_sub,112.06666666666666,12,20251224,17,BLK_17C,7,전면SAW,2,2025-12-24 16:10:52,2025-12-24 17:35:05,84.2,,공통,raw,
b80_mixed_ps_sub_r1,MSF,Small (20-80),80,mixed_ps_sub,112.06666666666666,12,20251224,17,BLK_17C,7,TurnOver,3,2025-12-24 17:35:05,2025-12-24 17:47:05,12.0,,공통,raw,
b80_mixed_ps_sub_r1,MSF,Small (20-80),80,mixed_ps_sub,112.06666666666666,12,20251224,17,BLK_17C,7,후면SAW,4,2025-12-24 18:03:13,2025-12-24 19:07:45,64.5,,공통,raw,
b80_mixed_ps_sub_r1,MSF,Small (20-80),80,mixed_ps_sub,112.06666666666666,12,20251224,17,BLK_17C,7,NC,5,2025-12-24 19:07:45,2025-12-24 19:46:15,38.5,,공통,raw,
b80_mixed_ps_sub_r1,MSF,Small (20-80),80,mixed_ps_sub,112.06666666666666,12,20251224,17,BLK_17C,7,베이35A 론지취부,6,2025-12-24 19:46:15,2025-12-24 20:41:45,55.5,35A,베이35A,raw,
b80_mixed_ps_sub_r1,MSF,Small (20-80),80,mixed_ps_sub,112.06666666666666,12,20251224,17,BLK_17C,7,베이35A 론지용접,7,2025-12-24 20:41:45,2025-12-24 21:02:33,20.8,35A,베이35A,raw,
b80_mixed_ps_sub_r1,MSF,Small (20-80),80,mixed_ps_sub,112.06666666666666,12,20251224,17,BLK_17C,7,베이35A 수정,8,2025-12-24 21:02:33,2025-12-24 21:36:09,33.6,35A,베이35A,raw,
b80_mixed_ps_sub_r1,MSF,Small (20-80),80,mixed_ps_sub,112.06666666666666,12,20251224,25,BLK_25P,8,판계,1,2025-12-24 11:28:00,2025-12-24 11:58:00,30.0,,공통,raw,
b80_mixed_ps_sub_r1,MSF,Small (20-80),80,mixed_ps_sub,112.06666666666666,12,20251224,25,BLK_25P,8,전면SAW,2,2025-12-24 17:35:05,2025-12-24 18:06:38,31.6,,공통,raw,
b80_mixed_ps_sub_r1,MSF,Small (20-80),80,mixed_ps_sub,112.06666666666666,12,20251224,25,BLK_25P,8,TurnOver,3,2025-12-24 18:06:38,2025-12-24 18:18:38,12.0,,공통,raw,
b80_mixed_ps_sub_r1,MSF,Small (20-80),80,mixed_ps_sub,112.06666666666666,12,20251224,25,BLK_25P,8,후면SAW,4,2025-12-24 19:07:45,2025-12-24 19:28:09,20.4,,공통,raw,
b80_mixed_ps_sub_r1,MSF,Small (20-80),80,mixed_ps_sub,112.06666666666666,12,20251224,25,BLK_25P,8,NC,5,2025-12-24 19:46:15,2025-12-24 20:36:00,49.8,,공통,raw,
b80_mixed_ps_sub_r1,MSF,Small (20-80),80,mixed_ps_sub,112.06666666666666,12,20251224,25,BLK_25P,8,베이36B 론지취부,6,2025-12-24 20:36:00,2025-12-24 21:45:30,69.5,36B,베이36B,raw,
b80_mixed_ps_sub_r1,MSF,Small (20-80),80,mixed_ps_sub,112.06666666666666,12,20251224,25,BLK_25P,8,베이36B 론지용접,7,2025-12-24 21:45:30,2025-12-24 22:08:42,23.2,36B,베이36B,raw,
b80_mixed_ps_sub_r1,MSF,Small (20-80),80,mixed_ps_sub,112.06666666666666,12,20251224,25,BLK_25P,8,베이36B 수정,8,2025-12-24 22:08:42,2025-12-24 22:51:06,42.4,36B,베이36B,raw,
b80_mixed_ps_sub_r1,MSF,Small (20-80),80,mixed_ps_sub,112.06666666666666,12,20251224,74,BLK_25S,9,판계,1,2025-12-24 11:58:00,2025-12-24 12:28:00,30.0,,공통,raw,
b80_mixed_ps_sub_r1,MSF,Small (20-80),80,mixed_ps_sub,112.06666666666666,12,20251224,74,BLK_25S,9,전면SAW,2,2025-12-24 18:06:38,2025-12-24 18:38:11,31.6,,공통,raw,
b80_mixed_ps_sub_r1,MSF,Small (20-80),80,mixed_ps_sub,112.06666666666666,12,20251224,74,BLK_25S,9,TurnOver,3,2025-12-24 18:38:11,2025-12-24 18:50:11,12.0,,공통,raw,
b80_mixed_ps_sub_r1,MSF,Small (20-80),80,mixed_ps_sub,112.06666666666666,12,20251224,74,BLK_25S,9,후면SAW,4,2025-12-24 19:28:09,2025-12-24 19:48:32,20.4,,공통,raw,
b80_mixed_ps_sub_r1,MSF,Small (20-80),80,mixed_ps_sub,112.06666666666666,12,20251224,74,BLK_25S,9,NC,5,2025-12-24 20:36:00,2025-12-24 21:25:46,49.8,,공통,raw,
b80_mixed_ps_sub_r1,MSF,Small (20-80),80,mixed_ps_sub,112.06666666666666,12,20251224,74,BLK_25S,9,베이36B 론지취부,6,2025-12-24 21:45:30,2025-12-24 22:55:00,69.5,36B,베이36B,raw,
b80_mixed_ps_sub_r1,MSF,Small (20-80),80,mixed_ps_sub,112.06666666666666,12,20251224,74,BLK_25S,9,베이36B 론지용접,7,2025-12-24 22:55:00,2025-12-24 23:18:12,23.2,36B,베이36B,raw,
b80_mixed_ps_sub_r1,MSF,Small (20-80),80,mixed_ps_sub,112.06666666666666,12,20251224,74,BLK_25S,9,베이36B 수정,8,2025-12-24 23:18:12,2025-12-25 00:00:36,42.4,36B,베이36B,raw,
b80_mixed_ps_sub_r1,MSF,Small (20-80),80,mixed_ps_sub,112.06666666666666,12,20251224,70,BLK_70P,10,판계,1,2025-12-24 12:28:00,2025-12-24 12:58:00,30.0,,공통,raw,
b80_mixed_ps_sub_r1,MSF,Small (20-80),80,mixed_ps_sub,112.06666666666666,12,20251224,70,BLK_70P,10,전면SAW,2,2025-12-24 18:38:11,2025-12-24 19:10:27,32.3,,공통,raw,
b80_mixed_ps_sub_r1,MSF,Small (20-80),80,mixed_ps_sub,112.06666666666666,12,20251224,70,BLK_70P,10,TurnOver,3,2025-12-24 19:10:27,2025-12-24 19:22:27,12.0,,공통,raw,
b80_mixed_ps_sub_r1,MSF,Small (20-80),80,mixed_ps_sub,112.06666666666666,12,20251224,70,BLK_70P,10,후면SAW,4,2025-12-24 19:48:32,2025-12-24 20:09:52,21.3,,공통,raw,
b80_mixed_ps_sub_r1,MSF,Small (20-80),80,mixed_ps_sub,112.06666666666666,12,20251224,70,BLK_70P,10,NC,5,2025-12-24 21:25:46,2025-12-24 22:07:35,41.8,,공통,raw,
b80_mixed_ps_sub_r1,MSF,Small (20-80),80,mixed_ps_sub,112.06666666666666,12,20251224,70,BLK_70P,10,베이35A 론지취부,6,2025-12-24 22:07:35,2025-12-24 23:31:05,83.5,35A,베이35A,raw,
b80_mixed_ps_sub_r1,MSF,Small (20-80),80,mixed_ps_sub,112.06666666666666,12,20251224,70,BLK_70P,10,베이35A 론지용접,7,2025-12-24 23:31:05,2025-12-24 23:56:41,25.6,35A,베이35A,raw,
b80_mixed_ps_sub_r1,MSF,Small (20-80),80,mixed_ps_sub,112.06666666666666,12,20251224,70,BLK_70P,10,베이35A 수정,8,2025-12-24 23:56:41,2025-12-25 00:47:53,51.2,35A,베이35A,raw,
b80_mixed_ps_sub_r1,MSF,Small (20-80),80,mixed_ps_sub,112.06666666666666,12,20251224,9,BLK_9C,11,판계,1,2025-12-24 12:58:00,2025-12-24 13:23:00,25.0,,공통,raw,
b80_mixed_ps_sub_r1,MSF,Small (20-80),80,mixed_ps_sub,112.06666666666666,12,20251224,9,BLK_9C,11,전면SAW,2,2025-12-24 19:10:27,2025-12-24 19:41:16,30.8,,공통,raw,
b80_mixed_ps_sub_r1,MSF,Small (20-80),80,mixed_ps_sub,112.06666666666666,12,20251224,9,BLK_9C,11,TurnOver,3,2025-12-24 19:41:16,2025-12-24 19:53:16,12.0,,공통,raw,
b80_mixed_ps_sub_r1,MSF,Small (20-80),80,mixed_ps_sub,112.06666666666666,12,20251224,9,BLK_9C,11,후면SAW,4,2025-12-24 20:09:52,2025-12-24 20:29:17,19.4,,공통,raw,
b80_mixed_ps_sub_r1,MSF,Small (20-80),80,mixed_ps_sub,112.06666666666666,12,20251224,9,BLK_9C,11,NC,5,2025-12-24 22:07:35,2025-12-24 22:41:11,33.6,,공통,raw,
b80_mixed_ps_sub_r1,MSF,Small (20-80),80,mixed_ps_sub,112.06666666666666,12,20251224,9,BLK_9C,11,베이36B 론지취부,6,2025-12-24 22:55:00,2025-12-24 23:57:30,62.5,36B,베이36B,raw,
b80_mixed_ps_sub_r1,MSF,Small (20-80),80,mixed_ps_sub,112.06666666666666,12,20251224,9,BLK_9C,11,베이36B 론지용접,7,2025-12-24 23:57:30,2025-12-25 00:19:30,22.0,36B,베이36B,raw,
b80_mixed_ps_sub_r1,MSF,Small (20-80),80,mixed_ps_sub,112.06666666666666,12,20251224,9,BLK_9C,11,베이36B 수정,8,2025-12-25 00:19:30,2025-12-25 00:57:30,38.0,36B,베이36B,raw,
b80_mixed_ps_sub_r1,MSF,Small (20-80),80,mixed_ps_sub,112.06666666666666,12,20251224,13,BLK_13P,12,판계,1,2025-12-24 13:23:00,2025-12-24 13:48:00,25.0,,공통,raw,
b80_mixed_ps_sub_r1,MSF,Small (20-80),80,mixed_ps_sub,112.06666666666666,12,20251224,13,BLK_13P,12,전면SAW,2,2025-12-24 19:41:16,2025-12-24 20:12:37,31.4,,공통,raw,
b80_mixed_ps_sub_r1,MSF,Small (20-80),80,mixed_ps_sub,112.06666666666666,12,20251224,13,BLK_13P,12,TurnOver,3,2025-12-24 20:12:37,2025-12-24 20:24:37,12.0,,공통,raw,
b80_mixed_ps_sub_r1,MSF,Small (20-80),80,mixed_ps_sub,112.06666666666666,12,20251224,13,BLK_13P,12,후면SAW,4,2025-12-24 20:29:17,2025-12-24 20:49:24,20.1,,공통,raw,
b80_mixed_ps_sub_r1,MSF,Small (20-80),80,mixed_ps_sub,112.06666666666666,12,20251224,13,BLK_13P,12,NC,5,2025-12-24 22:41:11,2025-12-24 23:18:07,36.9,,공통,raw,
b80_mixed_ps_sub_r1,MSF,Small (20-80),80,mixed_ps_sub,112.06666666666666,12,20251224,13,BLK_13P,12,베이36B 론지취부,6,2025-12-24 23:57:30,2025-12-25 01:24:30,87.0,36B,베이36B,raw,
b80_mixed_ps_sub_r1,MSF,Small (20-80),80,mixed_ps_sub,112.06666666666666,12,20251224,13,BLK_13P,12,베이36B 론지용접,7,2025-12-25 01:24:30,2025-12-25 01:50:42,26.2,36B,베이36B,raw,
b80_mixed_ps_sub_r1,MSF,Small (20-80),80,mixed_ps_sub,112.06666666666666,12,20251224,13,BLK_13P,12,베이36B 수정,8,2025-12-25 01:50:42,2025-12-25 02:44:06,53.4,36B,베이36B,raw,
b80_mixed_ps_sub_r1,MSF,Small (20-80),80,mixed_ps_sub,112.06666666666666,12,20251224,75,BLK_13S,13,판계,1,2025-12-24 13:48:00,2025-12-24 14:13:00,25.0,,공통,raw,
b80_mixed_ps_sub_r1,MSF,Small (20-80),80,mixed_ps_sub,112.06666666666666,12,20251224,75,BLK_13S,13,전면SAW,2,2025-12-24 20:12:37,2025-12-24 20:43:58,31.4,,공통,raw,
b80_mixed_ps_sub_r1,MSF,Small (20-80),80,mixed_ps_sub,112.06666666666666,12,20251224,75,BLK_13S,13,TurnOver,3,2025-12-24 20:43:58,2025-12-24 20:55:58,12.0,,공통,raw,
b80_mixed_ps_sub_r1,MSF,Small (20-80),80,mixed_ps_sub,112.06666666666666,12,20251224,75,BLK_13S,13,후면SAW,4,2025-12-24 20:55:58,2025-12-24 21:16:05,20.1,,공통,raw,
b80_mixed_ps_sub_r1,MSF,Small (20-80),80,mixed_ps_sub,112.06666666666666,12,20251224,75,BLK_13S,13,NC,5,2025-12-24 23:18:07,2025-12-24 23:55:04,36.9,,공통,raw,
b80_mixed_ps_sub_r1,MSF,Small (20-80),80,mixed_ps_sub,112.06666666666666,12,20251224,75,BLK_13S,13,베이36B 론지취부,6,2025-12-25 01:24:30,2025-12-25 02:51:30,87.0,36B,베이36B,raw,
b80_mixed_ps_sub_r1,MSF,Small (20-80),80,mixed_ps_sub,112.06666666666666,12,20251224,75,BLK_13S,13,베이36B 론지용접,7,2025-12-25 02:51:30,2025-12-25 03:17:42,26.2,36B,베이36B,raw,
b80_mixed_ps_sub_r1,MSF,Small (20-80),80,mixed_ps_sub,112.06666666666666,12,20251224,75,BLK_13S,13,베이36B 수정,8,2025-12-25 03:17:42,2025-12-25 04:11:06,53.4,36B,베이36B,raw,
b80_mixed_ps_sub_r1,MSF,Small (20-80),80,mixed_ps_sub,112.06666666666666,12,20251224,21,BLK_21S,14,판계,1,2025-12-24 14:13:00,2025-12-24 14:43:00,30.0,,공통,raw,
b80_mixed_ps_sub_r1,MSF,Small (20-80),80,mixed_ps_sub,112.06666666666666,12,20251224,21,BLK_21S,14,전면SAW,2,2025-12-24 20:43:58,2025-12-24 21:16:40,32.7,,공통,raw,
b80_mixed_ps_sub_r1,MSF,Small (20-80),80,mixed_ps_sub,112.06666666666666,12,20251224,21,BLK_21S,14,TurnOver,3,2025-12-24 21:16:40,2025-12-24 21:28:40,12.0,,공통,raw,
b80_mixed_ps_sub_r1,MSF,Small (20-80),80,mixed_ps_sub,112.06666666666666,12,20251224,21,BLK_21S,14,후면SAW,4,2025-12-24 21:28:40,2025-12-24 21:50:36,21.9,,공통,raw,
b80_mixed_ps_sub_r1,MSF,Small (20-80),80,mixed_ps_sub,112.06666666666666,12,20251224,21,BLK_21S,14,NC,5,2025-12-24 23:55:04,2025-12-25 00:35:49,40.8,,공통,raw,
b80_mixed_ps_sub_r1,MSF,Small (20-80),80,mixed_ps_sub,112.06666666666666,12,20251224,21,BLK_21S,14,베이35A 론지취부,6,2025-12-25 00:35:49,2025-12-25 01:41:49,66.0,35A,베이35A,raw,
b80_mixed_ps_sub_r1,MSF,Small (20-80),80,mixed_ps_sub,112.06666666666666,12,20251224,21,BLK_21S,14,베이35A 론지용접,7,2025-12-25 01:41:49,2025-12-25 02:04:25,22.6,35A,베이35A,raw,
b80_mixed_ps_sub_r1,MSF,Small (20-80),80,mixed_ps_sub,112.06666666666666,12,20251224,21,BLK_21S,14,베이35A 수정,8,2025-12-25 02:04:25,2025-12-25 02:44:37,40.2,35A,베이35A,raw,
b80_mixed_ps_sub_r1,MSF,Small (20-80),80,mixed_ps_sub,112.06666666666666,12,20251224,29,BLK_29P,15,판계,1,2025-12-24 14:43:00,2025-12-24 15:28:00,45.0,,공통,raw,
b80_mixed_ps_sub_r1,MSF,Small (20-80),80,mixed_ps_sub,112.06666666666666,12,20251224,29,BLK_29P,15,전면SAW,2,2025-12-24 21:16:40,2025-12-24 21:55:01,38.4,,공통,raw,
b80_mixed_ps_sub_r1,MSF,Small (20-80),80,mixed_ps_sub,112.06666666666666,12,20251224,29,BLK_29P,15,TurnOver,3,2025-12-24 21:55:01,2025-12-24 22:07:01,12.0,,공통,raw,
b80_mixed_ps_sub_r1,MSF,Small (20-80),80,mixed_ps_sub,112.06666666666666,12,20251224,29,BLK_29P,15,후면SAW,4,2025-12-24 22:07:01,2025-12-24 22:36:22,29.3,,공통,raw,
b80_mixed_ps_sub_r1,MSF,Small (20-80),80,mixed_ps_sub,112.06666666666666,12,20251224,29,BLK_29P,15,NC,5,2025-12-25 00:35:49,2025-12-25 01:30:39,54.8,,공통,raw,
b80_mixed_ps_sub_r1,MSF,Small (20-80),80,mixed_ps_sub,112.06666666666666,12,20251224,29,BLK_29P,15,베이36B 론지취부,6,2025-12-25 02:51:30,2025-12-25 04:25:30,94.0,36B,베이36B,raw,
b80_mixed_ps_sub_r1,MSF,Small (20-80),80,mixed_ps_sub,112.06666666666666,12,20251224,29,BLK_29P,15,베이36B 론지용접,7,2025-12-25 04:25:30,2025-12-25 04:52:54,27.4,36B,베이36B,raw,
b80_mixed_ps_sub_r1,MSF,Small (20-80),80,mixed_ps_sub,112.06666666666666,12,20251224,29,BLK_29P,15,베이36B 수정,8,2025-12-25 04:52:54,2025-12-25 05:50:42,57.8,36B,베이36B,raw,
b80_mixed_ps_sub_r1,MSF,Small (20-80),80,mixed_ps_sub,112.06666666666666,12,20251224,31,BLK_31C,16,판계,1,2025-12-24 15:28:00,2025-12-24 15:48:00,20.0,,공통,raw,
b80_mixed_ps_sub_r1,MSF,Small (20-80),80,mixed_ps_sub,112.06666666666666,12,20251224,31,BLK_31C,16,전면SAW,2,2025-12-24 21:55:01,2025-12-25 00:54:12,179.2,,공통,raw,
b80_mixed_ps_sub_r1,MSF,Small (20-80),80,mixed_ps_sub,112.06666666666666,12,20251224,31,BLK_31C,16,TurnOver,3,2025-12-25 00:54:12,2025-12-25 01:06:12,12.0,,공통,raw,
b80_mixed_ps_sub_r1,MSF,Small (20-80),80,mixed_ps_sub,112.06666666666666,12,20251224,31,BLK_31C,16,후면SAW,4,2025-12-25 01:06:12,2025-12-25 03:51:12,165.0,,공통,raw,
b80_mixed_ps_sub_r1,MSF,Small (20-80),80,mixed_ps_sub,112.06666666666666,12,20251224,31,BLK_31C,16,NC,5,2025-12-25 03:51:12,2025-12-25 04:22:21,31.2,,공통,raw,
b80_mixed_ps_sub_r1,MSF,Small (20-80),80,mixed_ps_sub,112.06666666666666,12,20251224,31,BLK_31C,16,베이35A 론지취부,6,2025-12-25 04:22:21,2025-12-25 05:31:51,69.5,35A,베이35A,raw,
b80_mixed_ps_sub_r1,MSF,Small (20-80),80,mixed_ps_sub,112.06666666666666,12,20251224,31,BLK_31C,16,베이35A 론지용접,7,2025-12-25 05:31:51,2025-12-25 05:55:03,23.2,35A,베이35A,raw,
b80_mixed_ps_sub_r1,MSF,Small (20-80),80,mixed_ps_sub,112.06666666666666,12,20251224,31,BLK_31C,16,베이35A 수정,8,2025-12-25 05:55:03,2025-12-25 06:37:27,42.4,35A,베이35A,raw,
b80_mixed_ps_sub_r1,MSF,Small (20-80),80,mixed_ps_sub,112.06666666666666,12,20251224,51,BLK_51S,17,판계,1,2025-12-24 15:48:00,2025-12-24 16:13:00,25.0,,공통,raw,
b80_mixed_ps_sub_r1,MSF,Small (20-80),80,mixed_ps_sub,112.06666666666666,12,20251224,51,BLK_51S,17,전면SAW,2,2025-12-25 00:54:12,2025-12-25 01:34:28,40.3,,공통,raw,
b80_mixed_ps_sub_r1,MSF,Small (20-80),80,mixed_ps_sub,112.06666666666666,12,20251224,51,BLK_51S,17,TurnOver,3,2025-12-25 01:34:28,2025-12-25 01:46:28,12.0,,공통,raw,
b80_mixed_ps_sub_r1,MSF,Small (20-80),80,mixed_ps_sub,112.06666666666666,12,20251224,51,BLK_51S,17,후면SAW,4,2025-12-25 03:51:12,2025-12-25 04:23:04,31.9,,공통,raw,
b80_mixed_ps_sub_r1,MSF,Small (20-80),80,mixed_ps_sub,112.06666666666666,12,20251224,51,BLK_51S,17,NC,5,2025-12-25 04:23:04,2025-12-25 04:58:03,35.0,,공통,raw,
b80_mixed_ps_sub_r1,MSF,Small (20-80),80,mixed_ps_sub,112.06666666666666,12,20251224,51,BLK_51S,17,베이36B 론지취부,6,2025-12-25 04:58:03,2025-12-25 05:50:03,52.0,36B,베이36B,raw,
b80_mixed_ps_sub_r1,MSF,Small (20-80),80,mixed_ps_sub,112.06666666666666,12,20251224,51,BLK_51S,17,베이36B 론지용접,7,2025-12-25 05:50:03,2025-12-25 06:10:15,20.2,36B,베이36B,raw,
b80_mixed_ps_sub_r1,MSF,Small (20-80),80,mixed_ps_sub,112.06666666666666,12,20251224,51,BLK_51S,17,베이36B 수정,8,2025-12-25 06:10:15,2025-12-25 06:41:39,31.4,36B,베이36B,raw,
b80_mixed_ps_sub_r1,MSF,Small (20-80),80,mixed_ps_sub,112.06666666666666,12,20251224,41,BLK_41C,18,판계,1,2025-12-24 16:13:00,2025-12-24 16:58:00,45.0,,공통,raw,
b80_mixed_ps_sub_r1,MSF,Small (20-80),80,mixed_ps_sub,112.06666666666666,12,20251224,41,BLK_41C,18,전면SAW,2,2025-12-25 01:34:28,2025-12-25 04:04:09,149.7,,공통,raw,
b80_mixed_ps_sub_r1,MSF,Small (20-80),80,mixed_ps_sub,112.06666666666666,12,20251224,41,BLK_41C,18,TurnOver,3,2025-12-25 04:04:09,2025-12-25 04:16:09,12.0,,공통,raw,
b80_mixed_ps_sub_r1,MSF,Small (20-80),80,mixed_ps_sub,112.06666666666666,12,20251224,41,BLK_41C,18,후면SAW,4,2025-12-25 04:23:04,2025-12-25 06:32:33,129.5,,공통,raw,
b80_mixed_ps_sub_r1,MSF,Small (20-80),80,mixed_ps_sub,112.06666666666666,12,20251224,41,BLK_41C,18,NC,5,2025-12-25 06:32:33,2025-12-25 07:38:13,65.7,,공통,raw,
b80_mixed_ps_sub_r1,MSF,Small (20-80),80,mixed_ps_sub,112.06666666666666,12,20251224,41,BLK_41C,18,베이36B 론지취부,6,2025-12-25 07:38:13,2025-12-25 09:33:13,115.0,36B,베이36B,raw,
b80_mixed_ps_sub_r1,MSF,Small (20-80),80,mixed_ps_sub,112.06666666666666,12,20251224,41,BLK_41C,18,베이36B 론지용접,7,2025-12-25 09:33:13,2025-12-25 10:04:13,31.0,36B,베이36B,raw,
b80_mixed_ps_sub_r1,MSF,Small (20-80),80,mixed_ps_sub,112.06666666666666,12,20251224,41,BLK_41C,18,베이36B 수정,8,2025-12-25 10:04:13,2025-12-25 11:15:13,71.0,36B,베이36B,raw,
b80_mixed_ps_sub_r1,MSF,Small (20-80),80,mixed_ps_sub,112.06666666666666,12,20251224,61,BLK_61C,19,판계,1,2025-12-24 16:58:00,2025-12-24 17:43:00,45.0,,공통,raw,
b80_mixed_ps_sub_r1,MSF,Small (20-80),80,mixed_ps_sub,112.06666666666666,12,20251224,61,BLK_61C,19,전면SAW,2,2025-12-25 04:04:09,2025-12-25 04:44:30,40.4,,공통,raw,
b80_mixed_ps_sub_r1,MSF,Small (20-80),80,mixed_ps_sub,112.06666666666666,12,20251224,61,BLK_61C,19,TurnOver,3,2025-12-25 04:44:30,2025-12-25 04:56:30,12.0,,공통,raw,
b80_mixed_ps_sub_r1,MSF,Small (20-80),80,mixed_ps_sub,112.06666666666666,12,20251224,61,BLK_61C,19,후면SAW,4,2025-12-25 06:32:33,2025-12-25 07:04:33,32.0,,공통,raw,
b80_mixed_ps_sub_r1,MSF,Small (20-80),80,mixed_ps_sub,112.06666666666666,12,20251224,61,BLK_61C,19,NC,5,2025-12-25 07:38:13,2025-12-25 08:34:17,56.1,,공통,raw,
b80_mixed_ps_sub_r1,MSF,Small (20-80),80,mixed_ps_sub,112.06666666666666,12,20251224,61,BLK_61C,19,베이36B 론지취부,6,2025-12-25 09:33:13,2025-12-25 10:46:13,73.0,36B,베이36B,raw,
b80_mixed_ps_sub_r1,MSF,Small (20-80),80,mixed_ps_sub,112.06666666666666,12,20251224,61,BLK_61C,19,베이36B 론지용접,7,2025-12-25 10:46:13,2025-12-25 11:10:01,23.8,36B,베이36B,raw,
b80_mixed_ps_sub_r1,MSF,Small (20-80),80,mixed_ps_sub,112.06666666666666,12,20251224,61,BLK_61C,19,베이36B 수정,8,2025-12-25 11:15:13,2025-12-25 11:59:49,44.6,36B,베이36B,raw,
b80_mixed_ps_sub_r1,MSF,Small (20-80),80,mixed_ps_sub,112.06666666666666,12,20251225,2,BLK_2C,1,판계,1,2025-12-25 08:00:00,2025-12-25 08:20:00,20.0,,공통,raw,
b80_mixed_ps_sub_r1,MSF,Small (20-80),80,mixed_ps_sub,112.06666666666666,12,20251225,2,BLK_2C,1,전면SAW,2,2025-12-25 08:20:00,2025-12-25 09:03:37,43.6,,공통,raw,
b80_mixed_ps_sub_r1,MSF,Small (20-80),80,mixed_ps_sub,112.06666666666666,12,20251225,2,BLK_2C,1,TurnOver,3,2025-12-25 09:03:37,2025-12-25 09:15:37,12.0,,공통,raw,
b80_mixed_ps_sub_r1,MSF,Small (20-80),80,mixed_ps_sub,112.06666666666666,12,20251225,2,BLK_2C,1,후면SAW,4,2025-12-25 09:15:37,2025-12-25 09:51:55,36.3,,공통,raw,
b80_mixed_ps_sub_r1,MSF,Small (20-80),80,mixed_ps_sub,112.06666666666666,12,20251225,2,BLK_2C,1,NC,5,2025-12-25 09:51:55,2025-12-25 10:20:07,28.2,,공통,raw,
b80_mixed_ps_sub_r1,MSF,Small (20-80),80,mixed_ps_sub,112.06666666666666,12,20251225,2,BLK_2C,1,베이35A 론지취부,6,2025-12-25 10:20:07,2025-12-25 11:01:37,41.5,35A,베이35A,raw,
b80_mixed_ps_sub_r1,MSF,Small (20-80),80,mixed_ps_sub,112.06666666666666,12,20251225,2,BLK_2C,1,베이35A 론지용접,7,2025-12-25 11:01:37,2025-12-25 11:20:01,18.4,35A,베이35A,raw,
b80_mixed_ps_sub_r1,MSF,Small (20-80),80,mixed_ps_sub,112.06666666666666,12,20251225,2,BLK_2C,1,베이35A 수정,8,2025-12-25 11:20:01,2025-12-25 11:44:49,24.8,35A,베이35A,raw,
b80_mixed_ps_sub_r1,MSF,Small (20-80),80,mixed_ps_sub,112.06666666666666,12,20251225,3,BLK_3C,2,판계,1,2025-12-25 08:20:00,2025-12-25 08:50:00,30.0,,공통,raw,
b80_mixed_ps_sub_r1,MSF,Small (20-80),80,mixed_ps_sub,112.06666666666666,12,20251225,3,BLK_3C,2,전면SAW,2,2025-12-25 09:03:37,2025-12-25 10:27:41,84.1,,공통,raw,
b80_mixed_ps_sub_r1,MSF,Small (20-80),80,mixed_ps_sub,112.06666666666666,12,20251225,3,BLK_3C,2,TurnOver,3,2025-12-25 10:27:41,2025-12-25 10:39:41,12.0,,공통,raw,
b80_mixed_ps_sub_r1,MSF,Small (20-80),80,mixed_ps_sub,112.06666666666666,12,20251225,3,BLK_3C,2,후면SAW,4,2025-12-25 10:39:41,2025-12-25 11:44:05,64.4,,공통,raw,
b80_mixed_ps_sub_r1,MSF,Small (20-80),80,mixed_ps_sub,112.06666666666666,12,20251225,3,BLK_3C,2,NC,5,2025-12-25 11:44:05,2025-12-25 12:31:58,47.9,,공통,raw,
b80_mixed_ps_sub_r1,MSF,Small (20-80),80,mixed_ps_sub,112.06666666666666,12,20251225,3,BLK_3C,2,베이36B 론지취부,6,2025-12-25 12:31:58,2025-12-25 13:16:58,45.0,36B,베이36B,raw,
b80_mixed_ps_sub_r1,MSF,Small (20-80),80,mixed_ps_sub,112.06666666666666,12,20251225,3,BLK_3C,2,베이36B 론지용접,7,2025-12-25 13:16:58,2025-12-25 13:35:58,19.0,36B,베이36B,raw,
b80_mixed_ps_sub_r1,MSF,Small (20-80),80,mixed_ps_sub,112.06666666666666,12,20251225,3,BLK_3C,2,베이36B 수정,8,2025-12-25 13:35:58,2025-12-25 14:02:58,27.0,36B,베이36B,raw,
b80_mixed_ps_sub_r1,MSF,Small (20-80),80,mixed_ps_sub,112.06666666666666,12,20251225,7,BLK_7S,3,판계,1,2025-12-25 08:50:00,2025-12-25 09:20:00,30.0,,공통,raw,
b80_mixed_ps_sub_r1,MSF,Small (20-80),80,mixed_ps_sub,112.06666666666666,12,20251225,7,BLK_7S,3,전면SAW,2,2025-12-25 10:27:41,2025-12-25 11:08:09,40.5,,공통,raw,
b80_mixed_ps_sub_r1,MSF,Small (20-80),80,mixed_ps_sub,112.06666666666666,12,20251225,7,BLK_7S,3,TurnOver,3,2025-12-25 11:08:09,2025-12-25 11:20:09,12.0,,공통,raw,
b80_mixed_ps_sub_r1,MSF,Small (20-80),80,mixed_ps_sub,112.06666666666666,12,20251225,7,BLK_7S,3,후면SAW,4,2025-12-25 11:44:05,2025-12-25 12:16:12,32.1,,공통,raw,
b80_mixed_ps_sub_r1,MSF,Small (20-80),80,mixed_ps_sub,112.06666666666666,12,20251225,7,BLK_7S,3,NC,5,2025-12-25 12:31:58,2025-12-25 13:20:45,48.8,,공통,raw,
b80_mixed_ps_sub_r1,MSF,Small (20-80),80,mixed_ps_sub,112.06666666666666,12,20251225,7,BLK_7S,3,베이35A 론지취부,6,2025-12-25 13:20:45,2025-12-25 15:01:45,101.0,35A,베이35A,raw,
b80_mixed_ps_sub_r1,MSF,Small (20-80),80,mixed_ps_sub,112.06666666666666,12,20251225,7,BLK_7S,3,베이35A 론지용접,7,2025-12-25 15:01:45,2025-12-25 15:30:21,28.6,35A,베이35A,raw,
b80_mixed_ps_sub_r1,MSF,Small (20-80),80,mixed_ps_sub,112.06666666666666,12,20251225,7,BLK_7S,3,베이35A 수정,8,2025-12-25 15:30:21,2025-12-25 16:32:33,62.2,35A,베이35A,raw,
b80_mixed_ps_sub_r1,MSF,Small (20-80),80,mixed_ps_sub,112.06666666666666,12,20251225,10,BLK_10S,4,판계,1,2025-12-25 09:20:00,2025-12-25 10:12:00,52.0,,공통,raw,
b80_mixed_ps_sub_r1,MSF,Small (20-80),80,mixed_ps_sub,112.06666666666666,12,20251225,10,BLK_10S,4,전면SAW,2,2025-12-25 11:08:09,2025-12-25 11:47:51,39.7,,공통,raw,
b80_mixed_ps_sub_r1,MSF,Small (20-80),80,mixed_ps_sub,112.06666666666666,12,20251225,10,BLK_10S,4,TurnOver,3,2025-12-25 11:47:51,2025-12-25 11:59:51,12.0,,공통,raw,
b80_mixed_ps_sub_r1,MSF,Small (20-80),80,mixed_ps_sub,112.06666666666666,12,20251225,10,BLK_10S,4,후면SAW,4,2025-12-25 12:16:12,2025-12-25 12:47:20,31.1,,공통,raw,
b80_mixed_ps_sub_r1,MSF,Small (20-80),80,mixed_ps_sub,112.06666666666666,12,20251225,10,BLK_10S,4,NC,5,2025-12-25 13:20:45,2025-12-25 14:20:05,59.3,,공통,raw,
b80_mixed_ps_sub_r1,MSF,Small (20-80),80,mixed_ps_sub,112.06666666666666,12,20251225,10,BLK_10S,4,베이36B 론지취부,6,2025-12-25 14:20:05,2025-12-25 15:57:35,97.5,36B,베이36B,raw,
b80_mixed_ps_sub_r1,MSF,Small (20-80),80,mixed_ps_sub,112.06666666666666,12,20251225,10,BLK_10S,4,베이36B 론지용접,7,2025-12-25 15:57:35,2025-12-25 16:25:35,28.0,36B,베이36B,raw,
b80_mixed_ps_sub_r1,MSF,Small (20-80),80,mixed_ps_sub,112.06666666666666,12,20251225,10,BLK_10S,4,베이36B 수정,8,2025-12-25 16:25:35,2025-12-25 17:25:35,60.0,36B,베이36B,raw,
b80_mixed_ps_sub_r1,MSF,Small (20-80),80,mixed_ps_sub,112.06666666666666,12,20251225,11,BLK_11P,5,판계,1,2025-12-25 10:12:00,2025-12-25 10:42:00,30.0,,공통,raw,
b80_mixed_ps_sub_r1,MSF,Small (20-80),80,mixed_ps_sub,112.06666666666666,12,20251225,11,BLK_11P,5,전면SAW,2,2025-12-25 11:47:51,2025-12-25 12:18:51,31.0,,공통,raw,
b80_mixed_ps_sub_r1,MSF,Small (20-80),80,mixed_ps_sub,112.06666666666666,12,20251225,11,BLK_11P,5,TurnOver,3,2025-12-25 12:18:51,2025-12-25 12:30:51,12.0,,공통,raw,
b80_mixed_ps_sub_r1,MSF,Small (20-80),80,mixed_ps_sub,112.06666666666666,12,20251225,11,BLK_11P,5,후면SAW,4,2025-12-25 12:47:20,2025-12-25 13:06:59,19.6,,공통,raw,
b80_mixed_ps_sub_r1,MSF,Small (20-80),80,mixed_ps_sub,112.06666666666666,12,20251225,11,BLK_11P,5,NC,5,2025-12-25 14:20:05,2025-12-25 15:10:21,50.3,,공통,raw,
b80_mixed_ps_sub_r1,MSF,Small (20-80),80,mixed_ps_sub,112.06666666666666,12,20251225,11,BLK_11P,5,베이35A 론지취부,6,2025-12-25 15:10:21,2025-12-25 16:44:21,94.0,35A,베이35A,raw,
b80_mixed_ps_sub_r1,MSF,Small (20-80),80,mixed_ps_sub,112.06666666666666,12,20251225,11,BLK_11P,5,베이35A 론지용접,7,2025-12-25 16:44:21,2025-12-25 17:11:45,27.4,35A,베이35A,raw,
b80_mixed_ps_sub_r1,MSF,Small (20-80),80,mixed_ps_sub,112.06666666666666,12,20251225,11,BLK_11P,5,베이35A 수정,8,2025-12-25 17:11:45,2025-12-25 18:09:33,57.8,35A,베이35A,raw,
b80_mixed_ps_sub_r1,MSF,Small (20-80),80,mixed_ps_sub,112.06666666666666,12,20251225,26,BLK_26C,6,판계,1,2025-12-25 10:42:00,2025-12-25 10:54:00,12.0,,공통,raw,
b80_mixed_ps_sub_r1,MSF,Small (20-80),80,mixed_ps_sub,112.06666666666666,12,20251225,26,BLK_26C,6,전면SAW,2,2025-12-25 12:18:51,2025-12-25 12:58:53,40.0,,공통,raw,
b80_mixed_ps_sub_r1,MSF,Small (20-80),80,mixed_ps_sub,112.06666666666666,12,20251225,26,BLK_26C,6,TurnOver,3,2025-12-25 12:58:53,2025-12-25 13:10:53,12.0,,공통,raw,
b80_mixed_ps_sub_r1,MSF,Small (20-80),80,mixed_ps_sub,112.06666666666666,12,20251225,26,BLK_26C,6,후면SAW,4,2025-12-25 13:10:53,2025-12-25 13:42:27,31.6,,공통,raw,
b80_mixed_ps_sub_r1,MSF,Small (20-80),80,mixed_ps_sub,112.06666666666666,12,20251225,26,BLK_26C,6,NC,5,2025-12-25 15:10:21,2025-12-25 15:30:47,20.4,,공통,raw,
b80_mixed_ps_sub_r1,MSF,Small (20-80),80,mixed_ps_sub,112.06666666666666,12,20251225,26,BLK_26C,6,베이36B 론지취부,6,2025-12-25 15:57:35,2025-12-25 16:21:35,24.0,36B,베이36B,raw,
b80_mixed_ps_sub_r1,MSF,Small (20-80),80,mixed_ps_sub,112.06666666666666,12,20251225,26,BLK_26C,6,베이36B 론지용접,7,2025-12-25 16:25:35,2025-12-25 16:36:59,11.4,36B,베이36B,raw,
b80_mixed_ps_sub_r1,MSF,Small (20-80),80,mixed_ps_sub,112.06666666666666,12,20251225,26,BLK_26C,6,베이36B 수정,8,2025-12-25 17:25:35,2025-12-25 17:39:23,13.8,36B,베이36B,raw,
b80_mixed_ps_sub_r1,MSF,Small (20-80),80,mixed_ps_sub,112.06666666666666,12,20251225,14,BLK_14S,7,판계,1,2025-12-25 10:54:00,2025-12-25 11:29:00,35.0,,공통,raw,
b80_mixed_ps_sub_r1,MSF,Small (20-80),80,mixed_ps_sub,112.06666666666666,12,20251225,14,BLK_14S,7,전면SAW,2,2025-12-25 12:58:53,2025-12-25 16:04:27,185.6,,공통,raw,
b80_mixed_ps_sub_r1,MSF,Small (20-80),80,mixed_ps_sub,112.06666666666666,12,20251225,14,BLK_14S,7,TurnOver,3,2025-12-25 16:04:27,2025-12-25 16:16:27,12.0,,공통,raw,
b80_mixed_ps_sub_r1,MSF,Small (20-80),80,mixed_ps_sub,112.06666666666666,12,20251225,14,BLK_14S,7,후면SAW,4,2025-12-25 16:16:27,2025-12-25 18:35:01,138.6,,공통,raw,
b80_mixed_ps_sub_r1,MSF,Small (20-80),80,mixed_ps_sub,112.06666666666666,12,20251225,14,BLK_14S,7,NC,5,2025-12-25 18:35:01,2025-12-25 19:18:49,43.8,,공통,raw,
b80_mixed_ps_sub_r1,MSF,Small (20-80),80,mixed_ps_sub,112.06666666666666,12,20251225,14,BLK_14S,7,베이35A 론지취부,6,2025-12-25 19:18:49,2025-12-25 20:38:49,80.0,35A,베이35A,raw,
b80_mixed_ps_sub_r1,MSF,Small (20-80),80,mixed_ps_sub,112.06666666666666,12,20251225,14,BLK_14S,7,베이35A 론지용접,7,2025-12-25 20:38:49,2025-12-25 21:03:49,25.0,35A,베이35A,raw,
b80_mixed_ps_sub_r1,MSF,Small (20-80),80,mixed_ps_sub,112.06666666666666,12,20251225,14,BLK_14S,7,베이35A 수정,8,2025-12-25 21:03:49,2025-12-25 21:52:49,49.0,35A,베이35A,raw,
b80_mixed_ps_sub_r1,MSF,Small (20-80),80,mixed_ps_sub,112.06666666666666,12,20251225,71,BLK_71S,8,판계,1,2025-12-25 11:29:00,2025-12-25 11:59:00,30.0,,공통,raw,
b80_mixed_ps_sub_r1,MSF,Small (20-80),80,mixed_ps_sub,112.06666666666666,12,20251225,71,BLK_71S,8,전면SAW,2,2025-12-25 16:04:27,2025-12-25 16:44:28,40.0,,공통,raw,
b80_mixed_ps_sub_r1,MSF,Small (20-80),80,mixed_ps_sub,112.06666666666666,12,20251225,71,BLK_71S,8,TurnOver,3,2025-12-25 16:44:28,2025-12-25 16:56:28,12.0,,공통,raw,
b80_mixed_ps_sub_r1,MSF,Small (20-80),80,mixed_ps_sub,112.06666666666666,12,20251225,71,BLK_71S,8,후면SAW,4,2025-12-25 18:35:01,2025-12-25 19:06:34,31.5,,공통,raw,
b80_mixed_ps_sub_r1,MSF,Small (20-80),80,mixed_ps_sub,112.06666666666666,12,20251225,71,BLK_71S,8,NC,5,2025-12-25 19:18:49,2025-12-25 19:58:45,39.9,,공통,raw,
b80_mixed_ps_sub_r1,MSF,Small (20-80),80,mixed_ps_sub,112.06666666666666,12,20251225,71,BLK_71S,8,베이36B 론지취부,6,2025-12-25 19:58:45,2025-12-25 20:50:45,52.0,36B,베이36B,raw,
b80_mixed_ps_sub_r1,MSF,Small (20-80),80,mixed_ps_sub,112.06666666666666,12,20251225,71,BLK_71S,8,베이36B 론지용접,7,2025-12-25 20:50:45,2025-12-25 21:10:57,20.2,36B,베이36B,raw,
b80_mixed_ps_sub_r1,MSF,Small (20-80),80,mixed_ps_sub,112.06666666666666,12,20251225,71,BLK_71S,8,베이36B 수정,8,2025-12-25 21:10:57,2025-12-25 21:42:21,31.4,36B,베이36B,raw,
b80_mixed_ps_sub_r1,MSF,Small (20-80),80,mixed_ps_sub,112.06666666666666,12,20251225,18,BLK_18S,9,판계,1,2025-12-25 11:59:00,2025-12-25 12:19:00,20.0,,공통,raw,
b80_mixed_ps_sub_r1,MSF,Small (20-80),80,mixed_ps_sub,112.06666666666666,12,20251225,18,BLK_18S,9,전면SAW,2,2025-12-25 16:44:28,2025-12-25 17:19:11,34.7,,공통,raw,
b80_mixed_ps_sub_r1,MSF,Small (20-80),80,mixed_ps_sub,112.06666666666666,12,20251225,18,BLK_18S,9,TurnOver,3,2025-12-25 17:19:11,2025-12-25 17:31:11,12.0,,공통,raw,
b80_mixed_ps_sub_r1,MSF,Small (20-80),80,mixed_ps_sub,112.06666666666666,12,20251225,18,BLK_18S,9,후면SAW,4,2025-12-25 19:06:34,2025-12-25 19:31:07,24.6,,공통,raw,
b80_mixed_ps_sub_r1,MSF,Small (20-80),80,mixed_ps_sub,112.06666666666666,12,20251225,18,BLK_18S,9,NC,5,2025-12-25 19:58:45,2025-12-25 20:26:57,28.2,,공통,raw,
b80_mixed_ps_sub_r1,MSF,Small (20-80),80,mixed_ps_sub,112.06666666666666,12,20251225,18,BLK_18S,9,베이35A 론지취부,6,2025-12-25 20:38:49,2025-12-25 21:23:49,45.0,35A,베이35A,raw,
b80_mixed_ps_sub_r1,MSF,Small (20-80),80,mixed_ps_sub,112.06666666666666,12,20251225,18,BLK_18S,9,베이35A 론지용접,7,2025-12-25 21:23:49,2025-12-25 21:42:49,19.0,35A,베이35A,raw,
b80_mixed_ps_sub_r1,MSF,Small (20-80),80,mixed_ps_sub,112.06666666666666,12,20251225,18,BLK_18S,9,베이35A 수정,8,2025-12-25 21:52:49,2025-12-25 22:19:49,27.0,35A,베이35A,raw,
b80_mixed_ps_sub_r1,MSF,Small (20-80),80,mixed_ps_sub,112.06666666666666,12,20251225,22,BLK_22C,10,판계,1,2025-12-25 12:19:00,2025-12-25 12:49:00,30.0,,공통,raw,
b80_mixed_ps_sub_r1,MSF,Small (20-80),80,mixed_ps_sub,112.06666666666666,12,20251225,22,BLK_22C,10,전면SAW,2,2025-12-25 17:19:11,2025-12-25 17:48:37,29.4,,공통,raw,
b80_mixed_ps_sub_r1,MSF,Small (20-80),80,mixed_ps_sub,112.06666666666666,12,20251225,22,BLK_22C,10,TurnOver,3,2025-12-25 17:48:37,2025-12-25 18:00:37,12.0,,공통,raw,
b80_mixed_ps_sub_r1,MSF,Small (20-80),80,mixed_ps_sub,112.06666666666666,12,20251225,22,BLK_22C,10,후면SAW,4,2025-12-25 19:31:07,2025-12-25 19:48:43,17.6,,공통,raw,
b80_mixed_ps_sub_r1,MSF,Small (20-80),80,mixed_ps_sub,112.06666666666666,12,20251225,22,BLK_22C,10,NC,5,2025-12-25 20:26:57,2025-12-25 21:11:42,44.8,,공통,raw,
b80_mixed_ps_sub_r1,MSF,Small (20-80),80,mixed_ps_sub,112.06666666666666,12,20251225,22,BLK_22C,10,베이36B 론지취부,6,2025-12-25 21:11:42,2025-12-25 21:49:42,38.0,36B,베이36B,raw,
b80_mixed_ps_sub_r1,MSF,Small (20-80),80,mixed_ps_sub,112.06666666666666,12,20251225,22,BLK_22C,10,베이36B 론지용접,7,2025-12-25 21:49:42,2025-12-25 22:07:30,17.8,36B,베이36B,raw,
b80_mixed_ps_sub_r1,MSF,Small (20-80),80,mixed_ps_sub,112.06666666666666,12,20251225,22,BLK_22C,10,베이36B 수정,8,2025-12-25 22:07:30,2025-12-25 22:30:06,22.6,36B,베이36B,raw,
b80_mixed_ps_sub_r1,MSF,Small (20-80),80,mixed_ps_sub,112.06666666666666,12,20251225,6,BLK_6C,11,판계,1,2025-12-25 12:49:00,2025-12-25 13:34:00,45.0,,공통,raw,
b80_mixed_ps_sub_r1,MSF,Small (20-80),80,mixed_ps_sub,112.06666666666666,12,20251225,6,BLK_6C,11,전면SAW,2,2025-12-25 17:48:37,2025-12-25 18:28:04,39.5,,공통,raw,
b80_mixed_ps_sub_r1,MSF,Small (20-80),80,mixed_ps_sub,112.06666666666666,12,20251225,6,BLK_6C,11,TurnOver,3,2025-12-25 18:28:04,2025-12-25 18:40:04,12.0,,공통,raw,
b80_mixed_ps_sub_r1,MSF,Small (20-80),80,mixed_ps_sub,112.06666666666666,12,20251225,6,BLK_6C,11,후면SAW,4,2025-12-25 19:48:43,2025-12-25 20:19:32,30.8,,공통,raw,
b80_mixed_ps_sub_r1,MSF,Small (20-80),80,mixed_ps_sub,112.06666666666666,12,20251225,6,BLK_6C,11,NC,5,2025-12-25 21:11:42,2025-12-25 22:06:16,54.6,,공통,raw,
b80_mixed_ps_sub_r1,MSF,Small (20-80),80,mixed_ps_sub,112.06666666666666,12,20251225,6,BLK_6C,11,베이36B 론지취부,6,2025-12-25 22:06:16,2025-12-25 23:29:46,83.5,36B,베이36B,raw,
b80_mixed_ps_sub_r1,MSF,Small (20-80),80,mixed_ps_sub,112.06666666666666,12,20251225,6,BLK_6C,11,베이36B 론지용접,7,2025-12-25 23:29:46,2025-12-25 23:55:22,25.6,36B,베이36B,raw,
b80_mixed_ps_sub_r1,MSF,Small (20-80),80,mixed_ps_sub,112.06666666666666,12,20251225,6,BLK_6C,11,베이36B 수정,8,2025-12-25 23:55:22,2025-12-26 00:46:34,51.2,36B,베이36B,raw,
b80_mixed_ps_sub_r1,MSF,Small (20-80),80,mixed_ps_sub,112.06666666666666,12,20251225,4,BLK_4C,12,판계,1,2025-12-25 13:34:00,2025-12-25 13:46:00,12.0,,공통,raw,
b80_mixed_ps_sub_r1,MSF,Small (20-80),80,mixed_ps_sub,112.06666666666666,12,20251225,4,BLK_4C,12,전면SAW,2,2025-12-25 18:28:04,2025-12-25 19:09:22,41.3,,공통,raw,
b80_mixed_ps_sub_r1,MSF,Small (20-80),80,mixed_ps_sub,112.06666666666666,12,20251225,4,BLK_4C,12,TurnOver,3,2025-12-25 19:09:22,2025-12-25 19:21:22,12.0,,공통,raw,
b80_mixed_ps_sub_r1,MSF,Small (20-80),80,mixed_ps_sub,112.06666666666666,12,20251225,4,BLK_4C,12,후면SAW,4,2025-12-25 20:19:32,2025-12-25 20:52:45,33.2,,공통,raw,
b80_mixed_ps_sub_r1,MSF,Small (20-80),80,mixed_ps_sub,112.06666666666666,12,20251225,4,BLK_4C,12,NC,5,2025-12-25 22:06:16,2025-12-25 22:27:31,21.2,,공통,raw,
b80_mixed_ps_sub_r1,MSF,Small (20-80),80,mixed_ps_sub,112.06666666666666,12,20251225,4,BLK_4C,12,베이35A 론지취부,6,2025-12-25 22:27:31,2025-12-25 23:12:31,45.0,35A,베이35A,raw,
b80_mixed_ps_sub_r1,MSF,Small (20-80),80,mixed_ps_sub,112.06666666666666,12,20251225,4,BLK_4C,12,베이35A 론지용접,7,2025-12-25 23:12:31,2025-12-25 23:27:31,15.0,35A,베이35A,raw,
b80_mixed_ps_sub_r1,MSF,Small (20-80),80,mixed_ps_sub,112.06666666666666,12,20251225,4,BLK_4C,12,베이35A 수정,8,2025-12-25 23:27:31,2025-12-25 23:54:31,27.0,35A,베이35A,raw,
b80_mixed_ps_sub_r1,MSF,Small (20-80),80,mixed_ps_sub,112.06666666666666,12,20251225,8,BLK_8S,13,판계,1,2025-12-25 13:46:00,2025-12-25 13:58:00,12.0,,공통,raw,
b80_mixed_ps_sub_r1,MSF,Small (20-80),80,mixed_ps_sub,112.06666666666666,12,20251225,8,BLK_8S,13,전면SAW,2,2025-12-25 19:09:22,2025-12-25 19:56:10,46.8,,공통,raw,
b80_mixed_ps_sub_r1,MSF,Small (20-80),80,mixed_ps_sub,112.06666666666666,12,20251225,8,BLK_8S,13,TurnOver,3,2025-12-25 19:56:10,2025-12-25 20:08:10,12.0,,공통,raw,
b80_mixed_ps_sub_r1,MSF,Small (20-80),80,mixed_ps_sub,112.06666666666666,12,20251225,8,BLK_8S,13,후면SAW,4,2025-12-25 20:52:45,2025-12-25 21:33:12,40.5,,공통,raw,
b80_mixed_ps_sub_r1,MSF,Small (20-80),80,mixed_ps_sub,112.06666666666666,12,20251225,8,BLK_8S,13,NC,5,2025-12-25 22:27:31,2025-12-25 22:47:31,20.0,,공통,raw,
b80_mixed_ps_sub_r1,MSF,Small (20-80),80,mixed_ps_sub,112.06666666666666,12,20251225,8,BLK_8S,13,베이36B 론지취부,6,2025-12-25 23:29:46,2025-12-25 23:53:46,24.0,36B,베이36B,raw,
b80_mixed_ps_sub_r1,MSF,Small (20-80),80,mixed_ps_sub,112.06666666666666,12,20251225,8,BLK_8S,13,베이36B 론지용접,7,2025-12-25 23:55:22,2025-12-26 00:06:46,11.4,36B,베이36B,raw,
b80_mixed_ps_sub_r1,MSF,Small (20-80),80,mixed_ps_sub,112.06666666666666,12,20251225,8,BLK_8S,13,베이36B 수정,8,2025-12-26 00:46:34,2025-12-26 01:00:22,13.8,36B,베이36B,raw,
b80_mixed_ps_sub_r1,MSF,Small (20-80),80,mixed_ps_sub,112.06666666666666,12,20251225,63,BLK_63P,14,판계,1,2025-12-25 13:58:00,2025-12-25 14:25:00,27.0,,공통,raw,
b80_mixed_ps_sub_r1,MSF,Small (20-80),80,mixed_ps_sub,112.06666666666666,12,20251225,63,BLK_63P,14,전면SAW,2,2025-12-25 19:56:10,2025-12-25 22:09:08,133.0,,공통,raw,
b80_mixed_ps_sub_r1,MSF,Small (20-80),80,mixed_ps_sub,112.06666666666666,12,20251225,63,BLK_63P,14,TurnOver,3,2025-12-25 22:09:08,2025-12-25 22:21:08,12.0,,공통,raw,
b80_mixed_ps_sub_r1,MSF,Small (20-80),80,mixed_ps_sub,112.06666666666666,12,20251225,63,BLK_63P,14,후면SAW,4,2025-12-25 22:21:08,2025-12-25 23:55:30,94.4,,공통,raw,
b80_mixed_ps_sub_r1,MSF,Small (20-80),80,mixed_ps_sub,112.06666666666666,12,20251225,63,BLK_63P,14,NC,5,2025-12-25 23:55:30,2025-12-26 00:30:44,35.2,,공통,raw,
b80_mixed_ps_sub_r1,MSF,Small (20-80),80,mixed_ps_sub,112.06666666666666,12,20251225,63,BLK_63P,14,베이35A 론지취부,6,2025-12-26 00:30:44,2025-12-26 01:01:44,31.0,35A,베이35A,raw,
b80_mixed_ps_sub_r1,MSF,Small (20-80),80,mixed_ps_sub,112.06666666666666,12,20251225,63,BLK_63P,14,베이35A 론지용접,7,2025-12-26 01:01:44,2025-12-26 01:14:20,12.6,35A,베이35A,raw,
b80_mixed_ps_sub_r1,MSF,Small (20-80),80,mixed_ps_sub,112.06666666666666,12,20251225,63,BLK_63P,14,베이35A 수정,8,2025-12-26 01:14:20,2025-12-26 01:32:32,18.2,35A,베이35A,raw,
b80_mixed_ps_sub_r1,MSF,Small (20-80),80,mixed_ps_sub,112.06666666666666,12,20251225,23,BLK_23P,15,판계,1,2025-12-25 14:25:00,2025-12-25 14:45:00,20.0,,공통,raw,
b80_mixed_ps_sub_r1,MSF,Small (20-80),80,mixed_ps_sub,112.06666666666666,12,20251225,23,BLK_23P,15,전면SAW,2,2025-12-25 22:09:08,2025-12-25 23:12:00,62.9,,공통,raw,
b80_mixed_ps_sub_r1,MSF,Small (20-80),80,mixed_ps_sub,112.06666666666666,12,20251225,23,BLK_23P,15,TurnOver,3,2025-12-25 23:12:00,2025-12-25 23:24:00,12.0,,공통,raw,
b80_mixed_ps_sub_r1,MSF,Small (20-80),80,mixed_ps_sub,112.06666666666666,12,20251225,23,BLK_23P,15,후면SAW,4,2025-12-25 23:55:30,2025-12-26 00:57:06,61.6,,공통,raw,
b80_mixed_ps_sub_r1,MSF,Small (20-80),80,mixed_ps_sub,112.06666666666666,12,20251225,23,BLK_23P,15,NC,5,2025-12-26 00:57:06,2025-12-26 01:29:49,32.7,,공통,raw,
b80_mixed_ps_sub_r1,MSF,Small (20-80),80,mixed_ps_sub,112.06666666666666,12,20251225,23,BLK_23P,15,베이36B 론지취부,6,2025-12-26 01:29:49,2025-12-26 03:00:19,90.5,36B,베이36B,raw,
b80_mixed_ps_sub_r1,MSF,Small (20-80),80,mixed_ps_sub,112.06666666666666,12,20251225,23,BLK_23P,15,베이36B 론지용접,7,2025-12-26 03:00:19,2025-12-26 03:27:07,26.8,36B,베이36B,raw,
b80_mixed_ps_sub_r1,MSF,Small (20-80),80,mixed_ps_sub,112.06666666666666,12,20251225,23,BLK_23P,15,베이36B 수정,8,2025-12-26 03:27:07,2025-12-26 04:22:43,55.6,36B,베이36B,raw,
b80_mixed_ps_sub_r1,MSF,Small (20-80),80,mixed_ps_sub,112.06666666666666,12,20251225,16,BLK_16C,16,판계,1,2025-12-25 14:45:00,2025-12-25 15:13:00,28.0,,공통,raw,
b80_mixed_ps_sub_r1,MSF,Small (20-80),80,mixed_ps_sub,112.06666666666666,12,20251225,16,BLK_16C,16,전면SAW,2,2025-12-25 23:12:00,2025-12-26 01:30:13,138.2,,공통,raw,
b80_mixed_ps_sub_r1,MSF,Small (20-80),80,mixed_ps_sub,112.06666666666666,12,20251225,16,BLK_16C,16,TurnOver,3,2025-12-26 01:30:13,2025-12-26 01:42:13,12.0,,공통,raw,
b80_mixed_ps_sub_r1,MSF,Small (20-80),80,mixed_ps_sub,112.06666666666666,12,20251225,16,BLK_16C,16,후면SAW,4,2025-12-26 01:42:13,2025-12-26 03:36:00,113.8,,공통,raw,
b80_mixed_ps_sub_r1,MSF,Small (20-80),80,mixed_ps_sub,112.06666666666666,12,20251225,16,BLK_16C,16,NC,5,2025-12-26 03:36:00,2025-12-26 04:11:27,35.5,,공통,raw,
b80_mixed_ps_sub_r1,MSF,Small (20-80),80,mixed_ps_sub,112.06666666666666,12,20251225,16,BLK_16C,16,베이35A 론지취부,6,2025-12-26 04:11:27,2025-12-26 05:13:57,62.5,35A,베이35A,raw,
b80_mixed_ps_sub_r1,MSF,Small (20-80),80,mixed_ps_sub,112.06666666666666,12,20251225,16,BLK_16C,16,베이35A 론지용접,7,2025-12-26 05:13:57,2025-12-26 05:35:57,22.0,35A,베이35A,raw,
b80_mixed_ps_sub_r1,MSF,Small (20-80),80,mixed_ps_sub,112.06666666666666,12,20251225,16,BLK_16C,16,베이35A 수정,8,2025-12-26 05:35:57,2025-12-26 06:13:57,38.0,35A,베이35A,raw,
b80_mixed_ps_sub_r1,MSF,Small (20-80),80,mixed_ps_sub,112.06666666666666,12,20251225,46,BLK_46P,17,판계,1,2025-12-25 15:13:00,2025-12-25 15:33:00,20.0,,공통,raw,
b80_mixed_ps_sub_r1,MSF,Small (20-80),80,mixed_ps_sub,112.06666666666666,12,20251225,46,BLK_46P,17,전면SAW,2,2025-12-26 01:30:13,2025-12-26 02:16:29,46.3,,공통,raw,
b80_mixed_ps_sub_r1,MSF,Small (20-80),80,mixed_ps_sub,112.06666666666666,12,20251225,46,BLK_46P,17,TurnOver,3,2025-12-26 02:16:29,2025-12-26 02:28:29,12.0,,공통,raw,
b80_mixed_ps_sub_r1,MSF,Small (20-80),80,mixed_ps_sub,112.06666666666666,12,20251225,46,BLK_46P,17,후면SAW,4,2025-12-26 03:36:00,2025-12-26 04:15:45,39.8,,공통,raw,
b80_mixed_ps_sub_r1,MSF,Small (20-80),80,mixed_ps_sub,112.06666666666666,12,20251225,46,BLK_46P,17,NC,5,2025-12-26 04:15:45,2025-12-26 04:41:52,26.1,,공통,raw,
b80_mixed_ps_sub_r1,MSF,Small (20-80),80,mixed_ps_sub,112.06666666666666,12,20251225,46,BLK_46P,17,베이36B 론지취부,6,2025-12-26 04:41:52,2025-12-26 05:09:22,27.5,36B,베이36B,raw,
b80_mixed_ps_sub_r1,MSF,Small (20-80),80,mixed_ps_sub,112.06666666666666,12,20251225,46,BLK_46P,17,베이36B 론지용접,7,2025-12-26 05:09:22,2025-12-26 05:21:22,12.0,36B,베이36B,raw,
b80_mixed_ps_sub_r1,MSF,Small (20-80),80,mixed_ps_sub,112.06666666666666,12,20251225,46,BLK_46P,17,베이36B 수정,8,2025-12-26 05:21:22,2025-12-26 05:37:22,16.0,36B,베이36B,raw,
b80_mixed_ps_sub_r1,MSF,Small (20-80),80,mixed_ps_sub,112.06666666666666,12,20251225,37,BLK_37P,18,판계,1,2025-12-25 15:33:00,2025-12-25 16:01:00,28.0,,공통,raw,
b80_mixed_ps_sub_r1,MSF,Small (20-80),80,mixed_ps_sub,112.06666666666666,12,20251225,37,BLK_37P,18,전면SAW,2,2025-12-26 02:16:29,2025-12-26 04:03:24,106.9,,공통,raw,
b80_mixed_ps_sub_r1,MSF,Small (20-80),80,mixed_ps_sub,112.06666666666666,12,20251225,37,BLK_37P,18,TurnOver,3,2025-12-26 04:03:24,2025-12-26 04:15:24,12.0,,공통,raw,
b80_mixed_ps_sub_r1,MSF,Small (20-80),80,mixed_ps_sub,112.06666666666666,12,20251225,37,BLK_37P,18,후면SAW,4,2025-12-26 04:15:45,2025-12-26 05:40:59,85.2,,공통,raw,
b80_mixed_ps_sub_r1,MSF,Small (20-80),80,mixed_ps_sub,112.06666666666666,12,20251225,37,BLK_37P,18,NC,5,2025-12-26 05:40:59,2025-12-26 06:11:55,30.9,,공통,raw,
b80_mixed_ps_sub_r1,MSF,Small (20-80),80,mixed_ps_sub,112.06666666666666,12,20251225,37,BLK_37P,18,베이35A 론지취부,6,2025-12-26 06:11:55,2025-12-26 06:49:55,38.0,35A,베이35A,raw,
b80_mixed_ps_sub_r1,MSF,Small (20-80),80,mixed_ps_sub,112.06666666666666,12,20251225,37,BLK_37P,18,베이35A 론지용접,7,2025-12-26 06:49:55,2025-12-26 07:03:43,13.8,35A,베이35A,raw,
b80_mixed_ps_sub_r1,MSF,Small (20-80),80,mixed_ps_sub,112.06666666666666,12,20251225,37,BLK_37P,18,베이35A 수정,8,2025-12-26 07:03:43,2025-12-26 07:26:19,22.6,35A,베이35A,raw,
b80_mixed_ps_sub_r1,MSF,Small (20-80),80,mixed_ps_sub,112.06666666666666,12,20251225,73,BLK_37S,19,판계,1,2025-12-25 16:01:00,2025-12-25 16:29:00,28.0,,공통,raw,
b80_mixed_ps_sub_r1,MSF,Small (20-80),80,mixed_ps_sub,112.06666666666666,12,20251225,73,BLK_37S,19,전면SAW,2,2025-12-26 04:03:24,2025-12-26 05:50:18,106.9,,공통,raw,
b80_mixed_ps_sub_r1,MSF,Small (20-80),80,mixed_ps_sub,112.06666666666666,12,20251225,73,BLK_37S,19,TurnOver,3,2025-12-26 05:50:18,2025-12-26 06:02:18,12.0,,공통,raw,
b80_mixed_ps_sub_r1,MSF,Small (20-80),80,mixed_ps_sub,112.06666666666666,12,20251225,73,BLK_37S,19,후면SAW,4,2025-12-26 06:02:18,2025-12-26 07:27:32,85.2,,공통,raw,
b80_mixed_ps_sub_r1,MSF,Small (20-80),80,mixed_ps_sub,112.06666666666666,12,20251225,73,BLK_37S,19,NC,5,2025-12-26 07:27:32,2025-12-26 07:58:28,30.9,,공통,raw,
b80_mixed_ps_sub_r1,MSF,Small (20-80),80,mixed_ps_sub,112.06666666666666,12,20251225,73,BLK_37S,19,베이36B 론지취부,6,2025-12-26 07:58:28,2025-12-26 08:36:28,38.0,36B,베이36B,raw,
b80_mixed_ps_sub_r1,MSF,Small (20-80),80,mixed_ps_sub,112.06666666666666,12,20251225,73,BLK_37S,19,베이36B 론지용접,7,2025-12-26 08:36:28,2025-12-26 08:50:16,13.8,36B,베이36B,raw,
b80_mixed_ps_sub_r1,MSF,Small (20-80),80,mixed_ps_sub,112.06666666666666,12,20251225,73,BLK_37S,19,베이36B 수정,8,2025-12-26 08:50:16,2025-12-26 09:12:52,22.6,36B,베이36B,raw,
b80_mixed_ps_sub_r1,MSF,Small (20-80),80,mixed_ps_sub,112.06666666666666,12,20251225,12,BLK_12S,20,판계,1,2025-12-25 16:29:00,2025-12-25 17:07:00,38.0,,공통,raw,
b80_mixed_ps_sub_r1,MSF,Small (20-80),80,mixed_ps_sub,112.06666666666666,12,20251225,12,BLK_12S,20,전면SAW,2,2025-12-26 05:50:18,2025-12-26 07:28:59,98.7,,공통,raw,
b80_mixed_ps_sub_r1,MSF,Small (20-80),80,mixed_ps_sub,112.06666666666666,12,20251225,12,BLK_12S,20,TurnOver,3,2025-12-26 07:28:59,2025-12-26 07:40:59,12.0,,공통,raw,
b80_mixed_ps_sub_r1,MSF,Small (20-80),80,mixed_ps_sub,112.06666666666666,12,20251225,12,BLK_12S,20,후면SAW,4,2025-12-26 07:40:59,2025-12-26 08:58:43,77.7,,공통,raw,
b80_mixed_ps_sub_r1,MSF,Small (20-80),80,mixed_ps_sub,112.06666666666666,12,20251225,12,BLK_12S,20,NC,5,2025-12-26 08:58:43,2025-12-26 09:46:19,47.6,,공통,raw,
b80_mixed_ps_sub_r1,MSF,Small (20-80),80,mixed_ps_sub,112.06666666666666,12,20251225,12,BLK_12S,20,베이36B 론지취부,6,2025-12-26 09:46:19,2025-12-26 11:06:19,80.0,36B,베이36B,raw,
b80_mixed_ps_sub_r1,MSF,Small (20-80),80,mixed_ps_sub,112.06666666666666,12,20251225,12,BLK_12S,20,베이36B 론지용접,7,2025-12-26 11:06:19,2025-12-26 11:31:19,25.0,36B,베이36B,raw,
b80_mixed_ps_sub_r1,MSF,Small (20-80),80,mixed_ps_sub,112.06666666666666,12,20251225,12,BLK_12S,20,베이36B 수정,8,2025-12-26 11:31:19,2025-12-26 12:20:19,49.0,36B,베이36B,raw,
b80_mixed_ps_sub_r1,MSF,Small (20-80),80,mixed_ps_sub,112.06666666666666,12,20251225,33,BLK_33C,21,판계,1,2025-12-25 17:07:00,2025-12-25 17:37:00,30.0,,공통,raw,
b80_mixed_ps_sub_r1,MSF,Small (20-80),80,mixed_ps_sub,112.06666666666666,12,20251225,33,BLK_33C,21,전면SAW,2,2025-12-26 07:28:59,2025-12-26 07:55:09,26.2,,공통,raw,
b80_mixed_ps_sub_r1,MSF,Small (20-80),80,mixed_ps_sub,112.06666666666666,12,20251225,33,BLK_33C,21,TurnOver,3,2025-12-26 07:55:09,2025-12-26 08:07:09,12.0,,공통,raw,
b80_mixed_ps_sub_r1,MSF,Small (20-80),80,mixed_ps_sub,112.06666666666666,12,20251225,33,BLK_33C,21,후면SAW,4,2025-12-26 08:58:43,2025-12-26 09:12:00,13.3,,공통,raw,
b80_mixed_ps_sub_r1,MSF,Small (20-80),80,mixed_ps_sub,112.06666666666666,12,20251225,33,BLK_33C,21,NC,5,2025-12-26 09:46:19,2025-12-26 10:28:49,42.5,,공통,raw,
b80_mixed_ps_sub_r1,MSF,Small (20-80),80,mixed_ps_sub,112.06666666666666,12,20251225,33,BLK_33C,21,베이35A 론지취부,6,2025-12-26 10:28:49,2025-12-26 11:12:49,44.0,35A,베이35A,raw,
b80_mixed_ps_sub_r1,MSF,Small (20-80),80,mixed_ps_sub,112.06666666666666,12,20251225,33,BLK_33C,21,베이35A 론지용접,7,2025-12-26 11:12:49,2025-12-26 11:38:25,25.6,35A,베이35A,raw,
b80_mixed_ps_sub_r1,MSF,Small (20-80),80,mixed_ps_sub,112.06666666666666,12,20251225,33,BLK_33C,21,베이35A 수정,8,2025-12-26 11:38:25,2025-12-26 11:54:25,16.0,35A,베이35A,raw,
b80_mixed_ps_sub_r1,MSF,Small (20-80),80,mixed_ps_sub,112.06666666666666,12,20251225,36,BLK_36C,22,판계,1,2025-12-25 17:37:00,2025-12-25 18:07:00,30.0,,공통,raw,
b80_mixed_ps_sub_r1,MSF,Small (20-80),80,mixed_ps_sub,112.06666666666666,12,20251225,36,BLK_36C,22,전면SAW,2,2025-12-26 07:55:09,2025-12-26 08:23:00,27.9,,공통,raw,
b80_mixed_ps_sub_r1,MSF,Small (20-80),80,mixed_ps_sub,112.06666666666666,12,20251225,36,BLK_36C,22,TurnOver,3,2025-12-26 08:23:00,2025-12-26 08:35:00,12.0,,공통,raw,
b80_mixed_ps_sub_r1,MSF,Small (20-80),80,mixed_ps_sub,112.06666666666666,12,20251225,36,BLK_36C,22,후면SAW,4,2025-12-26 09:12:00,2025-12-26 09:27:31,15.5,,공통,raw,
b80_mixed_ps_sub_r1,MSF,Small (20-80),80,mixed_ps_sub,112.06666666666666,12,20251225,36,BLK_36C,22,NC,5,2025-12-26 10:28:49,2025-12-26 11:07:22,38.5,,공통,raw,
b80_mixed_ps_sub_r1,MSF,Small (20-80),80,mixed_ps_sub,112.06666666666666,12,20251225,36,BLK_36C,22,베이36B 론지취부,6,2025-12-26 11:07:22,2025-12-26 11:59:22,52.0,36B,베이36B,raw,
b80_mixed_ps_sub_r1,MSF,Small (20-80),80,mixed_ps_sub,112.06666666666666,12,20251225,36,BLK_36C,22,베이36B 론지용접,7,2025-12-26 11:59:22,2025-12-26 12:19:34,20.2,36B,베이36B,raw,
b80_mixed_ps_sub_r1,MSF,Small (20-80),80,mixed_ps_sub,112.06666666666666,12,20251225,36,BLK_36C,22,베이36B 수정,8,2025-12-26 12:20:19,2025-12-26 12:51:43,31.4,36B,베이36B,raw,
b80_mixed_ps_sub_r1,MSF,Small (20-80),80,mixed_ps_sub,112.06666666666666,12,20251226,19,BLK_19C,1,판계,1,2025-12-26 08:00:00,2025-12-26 08:38:00,38.0,,공통,raw,
b80_mixed_ps_sub_r1,MSF,Small (20-80),80,mixed_ps_sub,112.06666666666666,12,20251226,19,BLK_19C,1,전면SAW,2,2025-12-26 08:38:00,2025-12-26 10:40:20,122.3,,공통,raw,
b80_mixed_ps_sub_r1,MSF,Small (20-80),80,mixed_ps_sub,112.06666666666666,12,20251226,19,BLK_19C,1,TurnOver,3,2025-12-26 10:40:20,2025-12-26 10:52:20,12.0,,공통,raw,
b80_mixed_ps_sub_r1,MSF,Small (20-80),80,mixed_ps_sub,112.06666666666666,12,20251226,19,BLK_19C,1,후면SAW,4,2025-12-26 10:52:20,2025-12-26 12:31:39,99.3,,공통,raw,
b80_mixed_ps_sub_r1,MSF,Small (20-80),80,mixed_ps_sub,112.06666666666666,12,20251226,19,BLK_19C,1,NC,5,2025-12-26 12:31:39,2025-12-26 13:19:00,47.4,,공통,raw,
b80_mixed_ps_sub_r1,MSF,Small (20-80),80,mixed_ps_sub,112.06666666666666,12,20251226,19,BLK_19C,1,베이35A 론지취부,6,2025-12-26 13:19:00,2025-12-26 14:35:30,76.5,35A,베이35A,raw,
b80_mixed_ps_sub_r1,MSF,Small (20-80),80,mixed_ps_sub,112.06666666666666,12,20251226,19,BLK_19C,1,베이35A 론지용접,7,2025-12-26 14:35:30,2025-12-26 14:59:54,24.4,35A,베이35A,raw,
b80_mixed_ps_sub_r1,MSF,Small (20-80),80,mixed_ps_sub,112.06666666666666,12,20251226,19,BLK_19C,1,베이35A 수정,8,2025-12-26 14:59:54,2025-12-26 15:46:42,46.8,35A,베이35A,raw,
b80_mixed_ps_sub_r1,MSF,Small (20-80),80,mixed_ps_sub,112.06666666666666,12,20251226,27,BLK_27P,2,판계,1,2025-12-26 08:38:00,2025-12-26 09:08:00,30.0,,공통,raw,
b80_mixed_ps_sub_r1,MSF,Small (20-80),80,mixed_ps_sub,112.06666666666666,12,20251226,27,BLK_27P,2,전면SAW,2,2025-12-26 10:40:20,2025-12-26 11:10:06,29.8,,공통,raw,
b80_mixed_ps_sub_r1,MSF,Small (20-80),80,mixed_ps_sub,112.06666666666666,12,20251226,27,BLK_27P,2,TurnOver,3,2025-12-26 11:10:06,2025-12-26 11:22:06,12.0,,공통,raw,
b80_mixed_ps_sub_r1,MSF,Small (20-80),80,mixed_ps_sub,112.06666666666666,12,20251226,27,BLK_27P,2,후면SAW,4,2025-12-26 12:31:39,2025-12-26 12:49:40,18.0,,공통,raw,
b80_mixed_ps_sub_r1,MSF,Small (20-80),80,mixed_ps_sub,112.06666666666666,12,20251226,27,BLK_27P,2,NC,5,2025-12-26 13:19:00,2025-12-26 14:05:31,46.5,,공통,raw,
b80_mixed_ps_sub_r1,MSF,Small (20-80),80,mixed_ps_sub,112.06666666666666,12,20251226,27,BLK_27P,2,베이36B 론지취부,6,2025-12-26 14:05:31,2025-12-26 15:08:01,62.5,36B,베이36B,raw,
b80_mixed_ps_sub_r1,MSF,Small (20-80),80,mixed_ps_sub,112.06666666666666,12,20251226,27,BLK_27P,2,베이36B 론지용접,7,2025-12-26 15:08:01,2025-12-26 15:30:01,22.0,36B,베이36B,raw,
b80_mixed_ps_sub_r1,MSF,Small (20-80),80,mixed_ps_sub,112.06666666666666,12,20251226,27,BLK_27P,2,베이36B 수정,8,2025-12-26 15:30:01,2025-12-26 16:08:01,38.0,36B,베이36B,raw,
b80_mixed_ps_sub_r1,MSF,Small (20-80),80,mixed_ps_sub,112.06666666666666,12,20251226,47,BLK_47S,3,판계,1,2025-12-26 09:08:00,2025-12-26 09:46:00,38.0,,공통,raw,
b80_mixed_ps_sub_r1,MSF,Small (20-80),80,mixed_ps_sub,112.06666666666666,12,20251226,47,BLK_47S,3,전면SAW,2,2025-12-26 11:10:06,2025-12-26 12:59:30,109.4,,공통,raw,
b80_mixed_ps_sub_r1,MSF,Small (20-80),80,mixed_ps_sub,112.06666666666666,12,20251226,47,BLK_47S,3,TurnOver,3,2025-12-26 12:59:30,2025-12-26 13:11:30,12.0,,공통,raw,
b80_mixed_ps_sub_r1,MSF,Small (20-80),80,mixed_ps_sub,112.06666666666666,12,20251226,47,BLK_47S,3,후면SAW,4,2025-12-26 13:11:30,2025-12-26 14:39:01,87.5,,공통,raw,
b80_mixed_ps_sub_r1,MSF,Small (20-80),80,mixed_ps_sub,112.06666666666666,12,20251226,47,BLK_47S,3,NC,5,2025-12-26 14:39:01,2025-12-26 15:28:57,49.9,,공통,raw,
b80_mixed_ps_sub_r1,MSF,Small (20-80),80,mixed_ps_sub,112.06666666666666,12,20251226,47,BLK_47S,3,베이35A 론지취부,6,2025-12-26 15:28:57,2025-12-26 16:55:57,87.0,35A,베이35A,raw,
b80_mixed_ps_sub_r1,MSF,Small (20-80),80,mixed_ps_sub,112.06666666666666,12,20251226,47,BLK_47S,3,베이35A 론지용접,7,2025-12-26 16:55:57,2025-12-26 17:22:09,26.2,35A,베이35A,raw,
b80_mixed_ps_sub_r1,MSF,Small (20-80),80,mixed_ps_sub,112.06666666666666,12,20251226,47,BLK_47S,3,베이35A 수정,8,2025-12-26 17:22:09,2025-12-26 18:15:33,53.4,35A,베이35A,raw,
b80_mixed_ps_sub_r1,MSF,Small (20-80),80,mixed_ps_sub,112.06666666666666,12,20251226,43,BLK_43C,4,판계,1,2025-12-26 09:46:00,2025-12-26 10:16:00,30.0,,공통,raw,
b80_mixed_ps_sub_r1,MSF,Small (20-80),80,mixed_ps_sub,112.06666666666666,12,20251226,43,BLK_43C,4,전면SAW,2,2025-12-26 12:59:30,2025-12-26 13:29:44,30.2,,공통,raw,
b80_mixed_ps_sub_r1,MSF,Small (20-80),80,mixed_ps_sub,112.06666666666666,12,20251226,43,BLK_43C,4,TurnOver,3,2025-12-26 13:29:44,2025-12-26 13:41:44,12.0,,공통,raw,
b80_mixed_ps_sub_r1,MSF,Small (20-80),80,mixed_ps_sub,112.06666666666666,12,20251226,43,BLK_43C,4,후면SAW,4,2025-12-26 14:39:01,2025-12-26 14:57:40,18.6,,공통,raw,
b80_mixed_ps_sub_r1,MSF,Small (20-80),80,mixed_ps_sub,112.06666666666666,12,20251226,43,BLK_43C,4,NC,5,2025-12-26 15:28:57,2025-12-26 16:15:25,46.5,,공통,raw,
b80_mixed_ps_sub_r1,MSF,Small (20-80),80,mixed_ps_sub,112.06666666666666,12,20251226,43,BLK_43C,4,베이36B 론지취부,6,2025-12-26 16:15:25,2025-12-26 17:14:25,59.0,36B,베이36B,raw,
b80_mixed_ps_sub_r1,MSF,Small (20-80),80,mixed_ps_sub,112.06666666666666,12,20251226,43,BLK_43C,4,베이36B 론지용접,7,2025-12-26 17:14:25,2025-12-26 17:35:49,21.4,36B,베이36B,raw,
b80_mixed_ps_sub_r1,MSF,Small (20-80),80,mixed_ps_sub,112.06666666666666,12,20251226,43,BLK_43C,4,베이36B 수정,8,2025-12-26 17:35:49,2025-12-26 18:11:37,35.8,36B,베이36B,raw,
b80_mixed_ps_sub_r1,MSF,Small (20-80),80,mixed_ps_sub,112.06666666666666,12,20251226,53,BLK_53S,5,판계,1,2025-12-26 10:16:00,2025-12-26 10:46:00,30.0,,공통,raw,
b80_mixed_ps_sub_r1,MSF,Small (20-80),80,mixed_ps_sub,112.06666666666666,12,20251226,53,BLK_53S,5,전면SAW,2,2025-12-26 13:29:44,2025-12-26 14:00:21,30.6,,공통,raw,
b80_mixed_ps_sub_r1,MSF,Small (20-80),80,mixed_ps_sub,112.06666666666666,12,20251226,53,BLK_53S,5,TurnOver,3,2025-12-26 14:00:21,2025-12-26 14:12:21,12.0,,공통,raw,
b80_mixed_ps_sub_r1,MSF,Small (20-80),80,mixed_ps_sub,112.06666666666666,12,20251226,53,BLK_53S,5,후면SAW,4,2025-12-26 14:57:40,2025-12-26 15:16:49,19.1,,공통,raw,
b80_mixed_ps_sub_r1,MSF,Small (20-80),80,mixed_ps_sub,112.06666666666666,12,20251226,53,BLK_53S,5,NC,5,2025-12-26 16:15:25,2025-12-26 17:02:15,46.8,,공통,raw,
b80_mixed_ps_sub_r1,MSF,Small (20-80),80,mixed_ps_sub,112.06666666666666,12,20251226,53,BLK_53S,5,베이35A 론지취부,6,2025-12-26 17:02:15,2025-12-26 18:15:15,73.0,35A,베이35A,raw,
b80_mixed_ps_sub_r1,MSF,Small (20-80),80,mixed_ps_sub,112.06666666666666,12,20251226,53,BLK_53S,5,베이35A 론지용접,7,2025-12-26 18:15:15,2025-12-26 18:39:03,23.8,35A,베이35A,raw,
b80_mixed_ps_sub_r1,MSF,Small (20-80),80,mixed_ps_sub,112.06666666666666,12,20251226,53,BLK_53S,5,베이35A 수정,8,2025-12-26 18:39:03,2025-12-26 19:23:39,44.6,35A,베이35A,raw,
b80_mixed_ps_sub_r1,MSF,Small (20-80),80,mixed_ps_sub,112.06666666666666,12,20251226,57,BLK_57C,6,판계,1,2025-12-26 10:46:00,2025-12-26 11:16:00,30.0,,공통,raw,
b80_mixed_ps_sub_r1,MSF,Small (20-80),80,mixed_ps_sub,112.06666666666666,12,20251226,57,BLK_57C,6,전면SAW,2,2025-12-26 14:00:21,2025-12-26 14:35:27,35.1,,공통,raw,
b80_mixed_ps_sub_r1,MSF,Small (20-80),80,mixed_ps_sub,112.06666666666666,12,20251226,57,BLK_57C,6,TurnOver,3,2025-12-26 14:35:27,2025-12-26 14:47:27,12.0,,공통,raw,
b80_mixed_ps_sub_r1,MSF,Small (20-80),80,mixed_ps_sub,112.06666666666666,12,20251226,57,BLK_57C,6,후면SAW,4,2025-12-26 15:16:49,2025-12-26 15:41:53,25.1,,공통,raw,
b80_mixed_ps_sub_r1,MSF,Small (20-80),80,mixed_ps_sub,112.06666666666666,12,20251226,57,BLK_57C,6,NC,5,2025-12-26 17:02:15,2025-12-26 17:47:48,45.6,,공통,raw,
b80_mixed_ps_sub_r1,MSF,Small (20-80),80,mixed_ps_sub,112.06666666666666,12,20251226,57,BLK_57C,6,베이36B 론지취부,6,2025-12-26 17:47:48,2025-12-26 18:53:48,66.0,36B,베이36B,raw,
b80_mixed_ps_sub_r1,MSF,Small (20-80),80,mixed_ps_sub,112.06666666666666,12,20251226,57,BLK_57C,6,베이36B 론지용접,7,2025-12-26 18:53:48,2025-12-26 19:16:24,22.6,36B,베이36B,raw,
b80_mixed_ps_sub_r1,MSF,Small (20-80),80,mixed_ps_sub,112.06666666666666,12,20251226,57,BLK_57C,6,베이36B 수정,8,2025-12-26 19:16:24,2025-12-26 19:56:36,40.2,36B,베이36B,raw,
b80_mixed_ps_sub_r1,MSF,Small (20-80),80,mixed_ps_sub,112.06666666666666,12,20251226,67,BLK_67P,7,판계,1,2025-12-26 11:16:00,2025-12-26 11:46:00,30.0,,공통,raw,
b80_mixed_ps_sub_r1,MSF,Small (20-80),80,mixed_ps_sub,112.06666666666666,12,20251226,67,BLK_67P,7,전면SAW,2,2025-12-26 14:35:27,2025-12-26 16:25:04,109.6,,공통,raw,
b80_mixed_ps_sub_r1,MSF,Small (20-80),80,mixed_ps_sub,112.06666666666666,12,20251226,67,BLK_67P,7,TurnOver,3,2025-12-26 16:25:04,2025-12-26 16:37:04,12.0,,공통,raw,
b80_mixed_ps_sub_r1,MSF,Small (20-80),80,mixed_ps_sub,112.06666666666666,12,20251226,67,BLK_67P,7,후면SAW,4,2025-12-26 16:37:04,2025-12-26 18:04:47,87.7,,공통,raw,
b80_mixed_ps_sub_r1,MSF,Small (20-80),80,mixed_ps_sub,112.06666666666666,12,20251226,67,BLK_67P,7,NC,5,2025-12-26 18:04:47,2025-12-26 19:00:16,55.5,,공통,raw,
b80_mixed_ps_sub_r1,MSF,Small (20-80),80,mixed_ps_sub,112.06666666666666,12,20251226,67,BLK_67P,7,베이36B 론지취부,6,2025-12-26 19:00:16,2025-12-26 20:48:16,108.0,36B,베이36B,raw,
b80_mixed_ps_sub_r1,MSF,Small (20-80),80,mixed_ps_sub,112.06666666666666,12,20251226,67,BLK_67P,7,베이36B 론지용접,7,2025-12-26 20:48:16,2025-12-26 21:18:04,29.8,36B,베이36B,raw,
b80_mixed_ps_sub_r1,MSF,Small (20-80),80,mixed_ps_sub,112.06666666666666,12,20251226,67,BLK_67P,7,베이36B 수정,8,2025-12-26 21:18:04,2025-12-26 22:24:40,66.6,36B,베이36B,raw,
b80_mixed_ps_sub_r1,MSF,Small (20-80),80,mixed_ps_sub,112.06666666666666,12,20251226,56,BLK_56C,8,판계,1,2025-12-26 11:46:00,2025-12-26 12:31:00,45.0,,공통,raw,
b80_mixed_ps_sub_r1,MSF,Small (20-80),80,mixed_ps_sub,112.06666666666666,12,20251226,56,BLK_56C,8,전면SAW,2,2025-12-26 16:25:04,2025-12-26 19:06:20,161.3,,공통,raw,
b80_mixed_ps_sub_r1,MSF,Small (20-80),80,mixed_ps_sub,112.06666666666666,12,20251226,56,BLK_56C,8,TurnOver,3,2025-12-26 19:06:20,2025-12-26 19:18:20,12.0,,공통,raw,
b80_mixed_ps_sub_r1,MSF,Small (20-80),80,mixed_ps_sub,112.06666666666666,12,20251226,56,BLK_56C,8,후면SAW,4,2025-12-26 19:18:20,2025-12-26 21:38:55,140.6,,공통,raw,
b80_mixed_ps_sub_r1,MSF,Small (20-80),80,mixed_ps_sub,112.06666666666666,12,20251226,56,BLK_56C,8,NC,5,2025-12-26 21:38:55,2025-12-26 22:42:25,63.5,,공통,raw,
b80_mixed_ps_sub_r1,MSF,Small (20-80),80,mixed_ps_sub,112.06666666666666,12,20251226,56,BLK_56C,8,베이35A 론지취부,6,2025-12-26 22:42:25,2025-12-26 23:37:55,55.5,35A,베이35A,raw,
b80_mixed_ps_sub_r1,MSF,Small (20-80),80,mixed_ps_sub,112.06666666666666,12,20251226,56,BLK_56C,8,베이35A 론지용접,7,2025-12-26 23:37:55,2025-12-26 23:58:43,20.8,35A,베이35A,raw,
b80_mixed_ps_sub_r1,MSF,Small (20-80),80,mixed_ps_sub,112.06666666666666,12,20251226,56,BLK_56C,8,베이35A 수정,8,2025-12-26 23:58:43,2025-12-27 00:32:19,33.6,35A,베이35A,raw,
b80_mixed_ps_sub_r1,MSF,Small (20-80),80,mixed_ps_sub,112.06666666666666,12,20251226,54,BLK_54C,9,판계,1,2025-12-26 12:31:00,2025-12-26 12:43:00,12.0,,공통,raw,
b80_mixed_ps_sub_r1,MSF,Small (20-80),80,mixed_ps_sub,112.06666666666666,12,20251226,54,BLK_54C,9,전면SAW,2,2025-12-26 19:06:20,2025-12-26 19:40:41,34.4,,공통,raw,
b80_mixed_ps_sub_r1,MSF,Small (20-80),80,mixed_ps_sub,112.06666666666666,12,20251226,54,BLK_54C,9,TurnOver,3,2025-12-26 19:40:41,2025-12-26 19:52:41,12.0,,공통,raw,
b80_mixed_ps_sub_r1,MSF,Small (20-80),80,mixed_ps_sub,112.06666666666666,12,20251226,54,BLK_54C,9,후면SAW,4,2025-12-26 21:38:55,2025-12-26 22:03:00,24.1,,공통,raw,
b80_mixed_ps_sub_r1,MSF,Small (20-80),80,mixed_ps_sub,112.06666666666666,12,20251226,54,BLK_54C,9,NC,5,2025-12-26 22:42:25,2025-12-26 23:02:44,20.3,,공통,raw,
b80_mixed_ps_sub_r1,MSF,Small (20-80),80,mixed_ps_sub,112.06666666666666,12,20251226,54,BLK_54C,9,베이36B 론지취부,6,2025-12-26 23:02:44,2025-12-26 23:26:44,24.0,36B,베이36B,raw,
b80_mixed_ps_sub_r1,MSF,Small (20-80),80,mixed_ps_sub,112.06666666666666,12,20251226,54,BLK_54C,9,베이36B 론지용접,7,2025-12-26 23:26:44,2025-12-26 23:38:08,11.4,36B,베이36B,raw,
b80_mixed_ps_sub_r1,MSF,Small (20-80),80,mixed_ps_sub,112.06666666666666,12,20251226,54,BLK_54C,9,베이36B 수정,8,2025-12-26 23:38:08,2025-12-26 23:51:56,13.8,36B,베이36B,raw,
b80_mixed_ps_sub_r1,MSF,Small (20-80),80,mixed_ps_sub,112.06666666666666,12,20251226,48,BLK_48S,10,판계,1,2025-12-26 12:43:00,2025-12-26 12:55:00,12.0,,공통,raw,
b80_mixed_ps_sub_r1,MSF,Small (20-80),80,mixed_ps_sub,112.06666666666666,12,20251226,48,BLK_48S,10,전면SAW,2,2025-12-26 19:40:41,2025-12-26 20:25:05,44.4,,공통,raw,
b80_mixed_ps_sub_r1,MSF,Small (20-80),80,mixed_ps_sub,112.06666666666666,12,20251226,48,BLK_48S,10,TurnOver,3,2025-12-26 20:25:05,2025-12-26 20:37:05,12.0,,공통,raw,
b80_mixed_ps_sub_r1,MSF,Small (20-80),80,mixed_ps_sub,112.06666666666666,12,20251226,48,BLK_48S,10,후면SAW,4,2025-12-26 22:03:00,2025-12-26 22:40:18,37.3,,공통,raw,
b80_mixed_ps_sub_r1,MSF,Small (20-80),80,mixed_ps_sub,112.06666666666666,12,20251226,48,BLK_48S,10,NC,5,2025-12-26 23:02:44,2025-12-26 23:24:49,22.1,,공통,raw,
b80_mixed_ps_sub_r1,MSF,Small (20-80),80,mixed_ps_sub,112.06666666666666,12,20251226,48,BLK_48S,10,베이35A 론지취부,6,2025-12-26 23:37:55,2025-12-27 00:12:25,34.5,35A,베이35A,raw,
b80_mixed_ps_sub_r1,MSF,Small (20-80),80,mixed_ps_sub,112.06666666666666,12,20251226,48,BLK_48S,10,베이35A 론지용접,7,2025-12-27 00:12:25,2025-12-27 00:25:37,13.2,35A,베이35A,raw,
b80_mixed_ps_sub_r1,MSF,Small (20-80),80,mixed_ps_sub,112.06666666666666,12,20251226,48,BLK_48S,10,베이35A 수정,8,2025-12-27 00:32:19,2025-12-27 00:52:43,20.4,35A,베이35A,raw,
b80_mixed_ps_sub_r1,MSF,Small (20-80),80,mixed_ps_sub,112.06666666666666,12,20251226,15,BLK_15P,11,판계,1,2025-12-26 12:55:00,2025-12-26 13:40:00,45.0,,공통,raw,
b80_mixed_ps_sub_r1,MSF,Small (20-80),80,mixed_ps_sub,112.06666666666666,12,20251226,15,BLK_15P,11,전면SAW,2,2025-12-26 20:25:05,2025-12-26 21:58:45,93.7,,공통,raw,
b80_mixed_ps_sub_r1,MSF,Small (20-80),80,mixed_ps_sub,112.06666666666666,12,20251226,15,BLK_15P,11,TurnOver,3,2025-12-26 21:58:45,2025-12-26 22:10:45,12.0,,공통,raw,
b80_mixed_ps_sub_r1,MSF,Small (20-80),80,mixed_ps_sub,112.06666666666666,12,20251226,15,BLK_15P,11,후면SAW,4,2025-12-26 22:40:18,2025-12-27 00:11:31,91.2,,공통,raw,
b80_mixed_ps_sub_r1,MSF,Small (20-80),80,mixed_ps_sub,112.06666666666666,12,20251226,15,BLK_15P,11,NC,5,2025-12-27 00:11:31,2025-12-27 01:06:25,54.9,,공통,raw,
b80_mixed_ps_sub_r1,MSF,Small (20-80),80,mixed_ps_sub,112.06666666666666,12,20251226,15,BLK_15P,11,베이36B 론지취부,6,2025-12-27 01:06:25,2025-12-27 02:19:25,73.0,36B,베이36B,raw,
b80_mixed_ps_sub_r1,MSF,Small (20-80),80,mixed_ps_sub,112.06666666666666,12,20251226,15,BLK_15P,11,베이36B 론지용접,7,2025-12-27 02:19:25,2025-12-27 02:43:13,23.8,36B,베이36B,raw,
b80_mixed_ps_sub_r1,MSF,Small (20-80),80,mixed_ps_sub,112.06666666666666,12,20251226,15,BLK_15P,11,베이36B 수정,8,2025-12-27 02:43:13,2025-12-27 03:27:49,44.6,36B,베이36B,raw,
b80_mixed_ps_sub_r1,MSF,Small (20-80),80,mixed_ps_sub,112.06666666666666,12,20251226,34,BLK_34C,12,판계,1,2025-12-26 13:40:00,2025-12-26 14:18:00,38.0,,공통,raw,
b80_mixed_ps_sub_r1,MSF,Small (20-80),80,mixed_ps_sub,112.06666666666666,12,20251226,34,BLK_34C,12,전면SAW,2,2025-12-26 21:58:45,2025-12-27 00:12:45,134.0,,공통,raw,
b80_mixed_ps_sub_r1,MSF,Small (20-80),80,mixed_ps_sub,112.06666666666666,12,20251226,34,BLK_34C,12,TurnOver,3,2025-12-27 00:12:45,2025-12-27 00:24:45,12.0,,공통,raw,
b80_mixed_ps_sub_r1,MSF,Small (20-80),80,mixed_ps_sub,112.06666666666666,12,20251226,34,BLK_34C,12,후면SAW,4,2025-12-27 00:24:45,2025-12-27 02:14:42,109.9,,공통,raw,
b80_mixed_ps_sub_r1,MSF,Small (20-80),80,mixed_ps_sub,112.06666666666666,12,20251226,34,BLK_34C,12,NC,5,2025-12-27 02:14:42,2025-12-27 03:01:58,47.3,,공통,raw,
b80_mixed_ps_sub_r1,MSF,Small (20-80),80,mixed_ps_sub,112.06666666666666,12,20251226,34,BLK_34C,12,베이35A 론지취부,6,2025-12-27 03:01:58,2025-12-27 04:25:28,83.5,35A,베이35A,raw,
b80_mixed_ps_sub_r1,MSF,Small (20-80),80,mixed_ps_sub,112.06666666666666,12,20251226,34,BLK_34C,12,베이35A 론지용접,7,2025-12-27 04:25:28,2025-12-27 04:51:04,25.6,35A,베이35A,raw,
b80_mixed_ps_sub_r1,MSF,Small (20-80),80,mixed_ps_sub,112.06666666666666,12,20251226,34,BLK_34C,12,베이35A 수정,8,2025-12-27 04:51:04,2025-12-27 05:42:16,51.2,35A,베이35A,raw,
b80_mixed_ps_sub_r1,MSF,Small (20-80),80,mixed_ps_sub,112.06666666666666,12,20251226,35,BLK_35C,13,판계,1,2025-12-26 14:18:00,2025-12-26 14:56:00,38.0,,공통,raw,
b80_mixed_ps_sub_r1,MSF,Small (20-80),80,mixed_ps_sub,112.06666666666666,12,20251226,35,BLK_35C,13,전면SAW,2,2025-12-27 00:12:45,2025-12-27 01:53:25,100.7,,공통,raw,
b80_mixed_ps_sub_r1,MSF,Small (20-80),80,mixed_ps_sub,112.06666666666666,12,20251226,35,BLK_35C,13,TurnOver,3,2025-12-27 01:53:25,2025-12-27 02:05:25,12.0,,공통,raw,
b80_mixed_ps_sub_r1,MSF,Small (20-80),80,mixed_ps_sub,112.06666666666666,12,20251226,35,BLK_35C,13,후면SAW,4,2025-12-27 02:14:42,2025-12-27 03:54:04,99.4,,공통,raw,
b80_mixed_ps_sub_r1,MSF,Small (20-80),80,mixed_ps_sub,112.06666666666666,12,20251226,35,BLK_35C,13,NC,5,2025-12-27 03:54:04,2025-12-27 04:40:04,46.0,,공통,raw,
b80_mixed_ps_sub_r1,MSF,Small (20-80),80,mixed_ps_sub,112.06666666666666,12,20251226,35,BLK_35C,13,베이36B 론지취부,6,2025-12-27 04:40:04,2025-12-27 05:49:34,69.5,36B,베이36B,raw,
b80_mixed_ps_sub_r1,MSF,Small (20-80),80,mixed_ps_sub,112.06666666666666,12,20251226,35,BLK_35C,13,베이36B 론지용접,7,2025-12-27 05:49:34,2025-12-27 06:12:46,23.2,36B,베이36B,raw,
b80_mixed_ps_sub_r1,MSF,Small (20-80),80,mixed_ps_sub,112.06666666666666,12,20251226,35,BLK_35C,13,베이36B 수정,8,2025-12-27 06:12:46,2025-12-27 06:55:10,42.4,36B,베이36B,raw,
b80_mixed_ps_sub_r1,MSF,Small (20-80),80,mixed_ps_sub,112.06666666666666,12,20251226,38,BLK_38P,14,판계,1,2025-12-26 14:56:00,2025-12-26 15:34:00,38.0,,공통,raw,
b80_mixed_ps_sub_r1,MSF,Small (20-80),80,mixed_ps_sub,112.06666666666666,12,20251226,38,BLK_38P,14,전면SAW,2,2025-12-27 01:53:25,2025-12-27 03:36:21,102.9,,공통,raw,
b80_mixed_ps_sub_r1,MSF,Small (20-80),80,mixed_ps_sub,112.06666666666666,12,20251226,38,BLK_38P,14,TurnOver,3,2025-12-27 03:36:21,2025-12-27 03:48:21,12.0,,공통,raw,
b80_mixed_ps_sub_r1,MSF,Small (20-80),80,mixed_ps_sub,112.06666666666666,12,20251226,38,BLK_38P,14,후면SAW,4,2025-12-27 03:54:04,2025-12-27 05:15:40,81.6,,공통,raw,
b80_mixed_ps_sub_r1,MSF,Small (20-80),80,mixed_ps_sub,112.06666666666666,12,20251226,38,BLK_38P,14,NC,5,2025-12-27 05:15:40,2025-12-27 06:01:43,46.0,,공통,raw,
b80_mixed_ps_sub_r1,MSF,Small (20-80),80,mixed_ps_sub,112.06666666666666,12,20251226,38,BLK_38P,14,베이35A 론지취부,6,2025-12-27 06:01:43,2025-12-27 07:04:13,62.5,35A,베이35A,raw,
b80_mixed_ps_sub_r1,MSF,Small (20-80),80,mixed_ps_sub,112.06666666666666,12,20251226,38,BLK_38P,14,베이35A 론지용접,7,2025-12-27 07:04:13,2025-12-27 07:26:13,22.0,35A,베이35A,raw,
b80_mixed_ps_sub_r1,MSF,Small (20-80),80,mixed_ps_sub,112.06666666666666,12,20251226,38,BLK_38P,14,베이35A 수정,8,2025-12-27 07:26:13,2025-12-27 08:04:13,38.0,35A,베이35A,raw,
b80_mixed_ps_sub_r1,MSF,Small (20-80),80,mixed_ps_sub,112.06666666666666,12,20251226,45,BLK_45P,15,판계,1,2025-12-26 15:34:00,2025-12-26 16:04:00,30.0,,공통,raw,
b80_mixed_ps_sub_r1,MSF,Small (20-80),80,mixed_ps_sub,112.06666666666666,12,20251226,45,BLK_45P,15,전면SAW,2,2025-12-27 03:36:21,2025-12-27 04:07:12,30.9,,공통,raw,
b80_mixed_ps_sub_r1,MSF,Small (20-80),80,mixed_ps_sub,112.06666666666666,12,20251226,45,BLK_45P,15,TurnOver,3,2025-12-27 04:07:12,2025-12-27 04:19:12,12.0,,공통,raw,
b80_mixed_ps_sub_r1,MSF,Small (20-80),80,mixed_ps_sub,112.06666666666666,12,20251226,45,BLK_45P,15,후면SAW,4,2025-12-27 05:15:40,2025-12-27 05:35:09,19.5,,공통,raw,
b80_mixed_ps_sub_r1,MSF,Small (20-80),80,mixed_ps_sub,112.06666666666666,12,20251226,45,BLK_45P,15,NC,5,2025-12-27 06:01:43,2025-12-27 06:43:46,42.0,,공통,raw,
b80_mixed_ps_sub_r1,MSF,Small (20-80),80,mixed_ps_sub,112.06666666666666,12,20251226,45,BLK_45P,15,베이36B 론지취부,6,2025-12-27 06:43:46,2025-12-27 07:39:16,55.5,36B,베이36B,raw,
b80_mixed_ps_sub_r1,MSF,Small (20-80),80,mixed_ps_sub,112.06666666666666,12,20251226,45,BLK_45P,15,베이36B 론지용접,7,2025-12-27 07:39:16,2025-12-27 08:00:04,20.8,36B,베이36B,raw,
b80_mixed_ps_sub_r1,MSF,Small (20-80),80,mixed_ps_sub,112.06666666666666,12,20251226,45,BLK_45P,15,베이36B 수정,8,2025-12-27 08:00:04,2025-12-27 08:33:40,33.6,36B,베이36B,raw,
b80_mixed_ps_sub_r1,MSF,Small (20-80),80,mixed_ps_sub,112.06666666666666,12,20251227,55,BLK_55C,1,판계,1,2025-12-27 08:00:00,2025-12-27 08:30:00,30.0,,공통,raw,
b80_mixed_ps_sub_r1,MSF,Small (20-80),80,mixed_ps_sub,112.06666666666666,12,20251227,55,BLK_55C,1,전면SAW,2,2025-12-27 08:30:00,2025-12-27 09:04:51,34.9,,공통,raw,
b80_mixed_ps_sub_r1,MSF,Small (20-80),80,mixed_ps_sub,112.06666666666666,12,20251227,55,BLK_55C,1,TurnOver,3,2025-12-27 09:04:51,2025-12-27 09:16:51,12.0,,공통,raw,
b80_mixed_ps_sub_r1,MSF,Small (20-80),80,mixed_ps_sub,112.06666666666666,12,20251227,55,BLK_55C,1,후면SAW,4,2025-12-27 09:16:51,2025-12-27 09:41:36,24.7,,공통,raw,
b80_mixed_ps_sub_r1,MSF,Small (20-80),80,mixed_ps_sub,112.06666666666666,12,20251227,55,BLK_55C,1,NC,5,2025-12-27 09:41:36,2025-12-27 10:26:45,45.2,,공통,raw,
b80_mixed_ps_sub_r1,MSF,Small (20-80),80,mixed_ps_sub,112.06666666666666,12,20251227,55,BLK_55C,1,베이35A 론지취부,6,2025-12-27 10:26:45,2025-12-27 12:14:45,108.0,35A,베이35A,raw,
b80_mixed_ps_sub_r1,MSF,Small (20-80),80,mixed_ps_sub,112.06666666666666,12,20251227,55,BLK_55C,1,베이35A 론지용접,7,2025-12-27 12:14:45,2025-12-27 12:44:33,29.8,35A,베이35A,raw,
b80_mixed_ps_sub_r1,MSF,Small (20-80),80,mixed_ps_sub,112.06666666666666,12,20251227,55,BLK_55C,1,베이35A 수정,8,2025-12-27 12:44:33,2025-12-27 13:51:09,66.6,35A,베이35A,raw,
b80_mixed_ps_sub_r1,MSF,Small (20-80),80,mixed_ps_sub,112.06666666666666,12,20251227,65,BLK_65S,2,판계,1,2025-12-27 08:30:00,2025-12-27 09:00:00,30.0,,공통,raw,
b80_mixed_ps_sub_r1,MSF,Small (20-80),80,mixed_ps_sub,112.06666666666666,12,20251227,65,BLK_65S,2,전면SAW,2,2025-12-27 09:04:51,2025-12-27 09:47:43,42.9,,공통,raw,
b80_mixed_ps_sub_r1,MSF,Small (20-80),80,mixed_ps_sub,112.06666666666666,12,20251227,65,BLK_65S,2,TurnOver,3,2025-12-27 09:47:43,2025-12-27 09:59:43,12.0,,공통,raw,
b80_mixed_ps_sub_r1,MSF,Small (20-80),80,mixed_ps_sub,112.06666666666666,12,20251227,65,BLK_65S,2,후면SAW,4,2025-12-27 09:59:43,2025-12-27 10:35:01,35.3,,공통,raw,
b80_mixed_ps_sub_r1,MSF,Small (20-80),80,mixed_ps_sub,112.06666666666666,12,20251227,65,BLK_65S,2,NC,5,2025-12-27 10:35:01,2025-12-27 11:16:04,41.0,,공통,raw,
b80_mixed_ps_sub_r1,MSF,Small (20-80),80,mixed_ps_sub,112.06666666666666,12,20251227,65,BLK_65S,2,베이36B 론지취부,6,2025-12-27 11:16:04,2025-12-27 12:43:04,87.0,36B,베이36B,raw,
b80_mixed_ps_sub_r1,MSF,Small (20-80),80,mixed_ps_sub,112.06666666666666,12,20251227,65,BLK_65S,2,베이36B 론지용접,7,2025-12-27 12:43:04,2025-12-27 13:09:16,26.2,36B,베이36B,raw,
b80_mixed_ps_sub_r1,MSF,Small (20-80),80,mixed_ps_sub,112.06666666666666,12,20251227,65,BLK_65S,2,베이36B 수정,8,2025-12-27 13:09:16,2025-12-27 14:02:40,53.4,36B,베이36B,raw,
b80_mixed_ps_sub_r1,MSF,Small (20-80),80,mixed_ps_sub,112.06666666666666,12,20251227,66,BLK_66S,3,판계,1,2025-12-27 09:00:00,2025-12-27 09:45:00,45.0,,공통,raw,
b80_mixed_ps_sub_r1,MSF,Small (20-80),80,mixed_ps_sub,112.06666666666666,12,20251227,66,BLK_66S,3,전면SAW,2,2025-12-27 09:47:43,2025-12-27 11:59:13,131.5,,공통,raw,
b80_mixed_ps_sub_r1,MSF,Small (20-80),80,mixed_ps_sub,112.06666666666666,12,20251227,66,BLK_66S,3,TurnOver,3,2025-12-27 11:59:13,2025-12-27 12:11:13,12.0,,공통,raw,
b80_mixed_ps_sub_r1,MSF,Small (20-80),80,mixed_ps_sub,112.06666666666666,12,20251227,66,BLK_66S,3,후면SAW,4,2025-12-27 12:11:13,2025-12-27 13:46:31,95.3,,공통,raw,
b80_mixed_ps_sub_r1,MSF,Small (20-80),80,mixed_ps_sub,112.06666666666666,12,20251227,66,BLK_66S,3,NC,5,2025-12-27 13:46:31,2025-12-27 14:36:43,50.2,,공통,raw,
b80_mixed_ps_sub_r1,MSF,Small (20-80),80,mixed_ps_sub,112.06666666666666,12,20251227,66,BLK_66S,3,베이35A 론지취부,6,2025-12-27 14:36:43,2025-12-27 15:28:43,52.0,35A,베이35A,raw,
b80_mixed_ps_sub_r1,MSF,Small (20-80),80,mixed_ps_sub,112.06666666666666,12,20251227,66,BLK_66S,3,베이35A 론지용접,7,2025-12-27 15:28:43,2025-12-27 15:48:55,20.2,35A,베이35A,raw,
b80_mixed_ps_sub_r1,MSF,Small (20-80),80,mixed_ps_sub,112.06666666666666,12,20251227,66,BLK_66S,3,베이35A 수정,8,2025-12-27 15:48:55,2025-12-27 16:20:19,31.4,35A,베이35A,raw,
b80_mixed_ps_sub_r1,MSF,Small (20-80),80,mixed_ps_sub,112.06666666666666,12,20251227,76,BLK_38S,4,판계,1,2025-12-27 09:45:00,2025-12-27 10:23:00,38.0,,공통,raw,
b80_mixed_ps_sub_r1,MSF,Small (20-80),80,mixed_ps_sub,112.06666666666666,12,20251227,76,BLK_38S,4,전면SAW,2,2025-12-27 11:59:13,2025-12-27 13:42:09,102.9,,공통,raw,
b80_mixed_ps_sub_r1,MSF,Small (20-80),80,mixed_ps_sub,112.06666666666666,12,20251227,76,BLK_38S,4,TurnOver,3,2025-12-27 13:42:09,2025-12-27 13:54:09,12.0,,공통,raw,
b80_mixed_ps_sub_r1,MSF,Small (20-80),80,mixed_ps_sub,112.06666666666666,12,20251227,76,BLK_38S,4,후면SAW,4,2025-12-27 13:54:09,2025-12-27 15:15:46,81.6,,공통,raw,
b80_mixed_ps_sub_r1,MSF,Small (20-80),80,mixed_ps_sub,112.06666666666666,12,20251227,76,BLK_38S,4,NC,5,2025-12-27 15:15:46,2025-12-27 16:01:49,46.0,,공통,raw,
b80_mixed_ps_sub_r1,MSF,Small (20-80),80,mixed_ps_sub,112.06666666666666,12,20251227,76,BLK_38S,4,베이36B 론지취부,6,2025-12-27 16:01:49,2025-12-27 17:04:19,62.5,36B,베이36B,raw,
b80_mixed_ps_sub_r1,MSF,Small (20-80),80,mixed_ps_sub,112.06666666666666,12,20251227,76,BLK_38S,4,베이36B 론지용접,7,2025-12-27 17:04:19,2025-12-27 17:26:19,22.0,36B,베이36B,raw,
b80_mixed_ps_sub_r1,MSF,Small (20-80),80,mixed_ps_sub,112.06666666666666,12,20251227,76,BLK_38S,4,베이36B 수정,8,2025-12-27 17:26:19,2025-12-27 18:04:19,38.0,36B,베이36B,raw,
b80_mixed_ps_sub_r1,MSF,Small (20-80),80,mixed_ps_sub,112.06666666666666,12,20251227,44,BLK_44C,5,판계,1,2025-12-27 10:23:00,2025-12-27 10:53:00,30.0,,공통,raw,
b80_mixed_ps_sub_r1,MSF,Small (20-80),80,mixed_ps_sub,112.06666666666666,12,20251227,44,BLK_44C,5,전면SAW,2,2025-12-27 13:42:09,2025-12-27 15:43:19,121.2,,공통,raw,
b80_mixed_ps_sub_r1,MSF,Small (20-80),80,mixed_ps_sub,112.06666666666666,12,20251227,44,BLK_44C,5,TurnOver,3,2025-12-27 15:43:19,2025-12-27 15:55:19,12.0,,공통,raw,
b80_mixed_ps_sub_r1,MSF,Small (20-80),80,mixed_ps_sub,112.06666666666666,12,20251227,44,BLK_44C,5,후면SAW,4,2025-12-27 15:55:19,2025-12-27 17:58:36,123.3,,공통,raw,
b80_mixed_ps_sub_r1,MSF,Small (20-80),80,mixed_ps_sub,112.06666666666666,12,20251227,44,BLK_44C,5,NC,5,2025-12-27 17:58:36,2025-12-27 18:58:16,59.7,,공통,raw,
b80_mixed_ps_sub_r1,MSF,Small (20-80),80,mixed_ps_sub,112.06666666666666,12,20251227,44,BLK_44C,5,베이36B 론지취부,6,2025-12-27 18:58:16,2025-12-27 20:46:16,108.0,36B,베이36B,raw,
b80_mixed_ps_sub_r1,MSF,Small (20-80),80,mixed_ps_sub,112.06666666666666,12,20251227,44,BLK_44C,5,베이36B 론지용접,7,2025-12-27 20:46:16,2025-12-27 21:16:04,29.8,36B,베이36B,raw,
b80_mixed_ps_sub_r1,MSF,Small (20-80),80,mixed_ps_sub,112.06666666666666,12,20251227,44,BLK_44C,5,베이36B 수정,8,2025-12-27 21:16:04,2025-12-27 22:22:40,66.6,36B,베이36B,raw,
b80_mixed_ps_sub_r1,MSF,Small (20-80),80,mixed_ps_sub,112.06666666666666,12,20251227,49,BLK_49C,6,판계,1,2025-12-27 10:53:00,2025-12-27 11:05:00,12.0,,공통,raw,
b80_mixed_ps_sub_r1,MSF,Small (20-80),80,mixed_ps_sub,112.06666666666666,12,20251227,49,BLK_49C,6,전면SAW,2,2025-12-27 15:43:19,2025-12-27 16:23:04,39.8,,공통,raw,
b80_mixed_ps_sub_r1,MSF,Small (20-80),80,mixed_ps_sub,112.06666666666666,12,20251227,49,BLK_49C,6,TurnOver,3,2025-12-27 16:23:04,2025-12-27 16:35:04,12.0,,공통,raw,
b80_mixed_ps_sub_r1,MSF,Small (20-80),80,mixed_ps_sub,112.06666666666666,12,20251227,49,BLK_49C,6,후면SAW,4,2025-12-27 17:58:36,2025-12-27 18:29:47,31.2,,공통,raw,
b80_mixed_ps_sub_r1,MSF,Small (20-80),80,mixed_ps_sub,112.06666666666666,12,20251227,49,BLK_49C,6,NC,5,2025-12-27 18:58:16,2025-12-27 19:19:30,21.2,,공통,raw,
b80_mixed_ps_sub_r1,MSF,Small (20-80),80,mixed_ps_sub,112.06666666666666,12,20251227,49,BLK_49C,6,베이35A 론지취부,6,2025-12-27 19:19:30,2025-12-27 20:08:00,48.5,35A,베이35A,raw,
b80_mixed_ps_sub_r1,MSF,Small (20-80),80,mixed_ps_sub,112.06666666666666,12,20251227,49,BLK_49C,6,베이35A 론지용접,7,2025-12-27 20:08:00,2025-12-27 20:27:36,19.6,35A,베이35A,raw,
b80_mixed_ps_sub_r1,MSF,Small (20-80),80,mixed_ps_sub,112.06666666666666,12,20251227,49,BLK_49C,6,베이35A 수정,8,2025-12-27 20:27:36,2025-12-27 20:56:48,29.2,35A,베이35A,raw,
b80_mixed_ps_sub_r1,MSF,Small (20-80),80,mixed_ps_sub,112.06666666666666,12,20251227,24,BLK_24C,7,판계,1,2025-12-27 11:05:00,2025-12-27 11:25:00,20.0,,공통,raw,
b80_mixed_ps_sub_r1,MSF,Small (20-80),80,mixed_ps_sub,112.06666666666666,12,20251227,24,BLK_24C,7,전면SAW,2,2025-12-27 16:23:04,2025-12-27 18:52:58,149.9,,공통,raw,
b80_mixed_ps_sub_r1,MSF,Small (20-80),80,mixed_ps_sub,112.06666666666666,12,20251227,24,BLK_24C,7,TurnOver,3,2025-12-27 18:52:58,2025-12-27 19:04:58,12.0,,공통,raw,
b80_mixed_ps_sub_r1,MSF,Small (20-80),80,mixed_ps_sub,112.06666666666666,12,20251227,24,BLK_24C,7,후면SAW,4,2025-12-27 19:04:58,2025-12-27 21:09:25,124.4,,공통,raw,
b80_mixed_ps_sub_r1,MSF,Small (20-80),80,mixed_ps_sub,112.06666666666666,12,20251227,24,BLK_24C,7,NC,5,2025-12-27 21:09:25,2025-12-27 21:35:37,26.2,,공통,raw,
b80_mixed_ps_sub_r1,MSF,Small (20-80),80,mixed_ps_sub,112.06666666666666,12,20251227,24,BLK_24C,7,베이36B 론지취부,6,2025-12-27 21:35:37,2025-12-27 22:17:07,41.5,36B,베이36B,raw,
b80_mixed_ps_sub_r1,MSF,Small (20-80),80,mixed_ps_sub,112.06666666666666,12,20251227,24,BLK_24C,7,베이36B 론지용접,7,2025-12-27 22:17:07,2025-12-27 22:31:31,14.4,36B,베이36B,raw,
b80_mixed_ps_sub_r1,MSF,Small (20-80),80,mixed_ps_sub,112.06666666666666,12,20251227,24,BLK_24C,7,베이36B 수정,8,2025-12-27 22:31:31,2025-12-27 22:56:19,24.8,36B,베이36B,raw,
b80_mixed_ps_sub_r1,MSF,Small (20-80),80,mixed_ps_sub,112.06666666666666,12,20251227,32,BLK_32C,8,판계,1,2025-12-27 11:25:00,2025-12-27 11:45:00,20.0,,공통,raw,
b80_mixed_ps_sub_r1,MSF,Small (20-80),80,mixed_ps_sub,112.06666666666666,12,20251227,32,BLK_32C,8,전면SAW,2,2025-12-27 18:52:58,2025-12-27 19:21:41,28.7,,공통,raw,
b80_mixed_ps_sub_r1,MSF,Small (20-80),80,mixed_ps_sub,112.06666666666666,12,20251227,32,BLK_32C,8,TurnOver,3,2025-12-27 19:21:41,2025-12-27 19:33:41,12.0,,공통,raw,
b80_mixed_ps_sub_r1,MSF,Small (20-80),80,mixed_ps_sub,112.06666666666666,12,20251227,32,BLK_32C,8,후면SAW,4,2025-12-27 21:09:25,2025-12-27 21:26:04,16.6,,공통,raw,
b80_mixed_ps_sub_r1,MSF,Small (20-80),80,mixed_ps_sub,112.06666666666666,12,20251227,32,BLK_32C,8,NC,5,2025-12-27 21:35:37,2025-12-27 22:03:21,27.7,,공통,raw,
b80_mixed_ps_sub_r1,MSF,Small (20-80),80,mixed_ps_sub,112.06666666666666,12,20251227,32,BLK_32C,8,베이35A 론지취부,6,2025-12-27 22:03:21,2025-12-27 22:51:51,48.5,35A,베이35A,raw,
b80_mixed_ps_sub_r1,MSF,Small (20-80),80,mixed_ps_sub,112.06666666666666,12,20251227,32,BLK_32C,8,베이35A 론지용접,7,2025-12-27 22:51:51,2025-12-27 23:11:27,19.6,35A,베이35A,raw,
b80_mixed_ps_sub_r1,MSF,Small (20-80),80,mixed_ps_sub,112.06666666666666,12,20251227,32,BLK_32C,8,베이35A 수정,8,2025-12-27 23:11:27,2025-12-27 23:40:39,29.2,35A,베이35A,raw,
b80_mixed_ps_sub_r1,MSF,Small (20-80),80,mixed_ps_sub,112.06666666666666,12,20251227,39,BLK_39C,9,판계,1,2025-12-27 11:45:00,2025-12-27 12:13:00,28.0,,공통,raw,
b80_mixed_ps_sub_r1,MSF,Small (20-80),80,mixed_ps_sub,112.06666666666666,12,20251227,39,BLK_39C,9,전면SAW,2,2025-12-27 19:21:41,2025-12-27 21:05:32,103.8,,공통,raw,
b80_mixed_ps_sub_r1,MSF,Small (20-80),80,mixed_ps_sub,112.06666666666666,12,20251227,39,BLK_39C,9,TurnOver,3,2025-12-27 21:05:32,2025-12-27 21:17:32,12.0,,공통,raw,
b80_mixed_ps_sub_r1,MSF,Small (20-80),80,mixed_ps_sub,112.06666666666666,12,20251227,39,BLK_39C,9,후면SAW,4,2025-12-27 21:26:04,2025-12-27 22:48:30,82.4,,공통,raw,
b80_mixed_ps_sub_r1,MSF,Small (20-80),80,mixed_ps_sub,112.06666666666666,12,20251227,39,BLK_39C,9,NC,5,2025-12-27 22:48:30,2025-12-27 23:20:46,32.3,,공통,raw,
b80_mixed_ps_sub_r1,MSF,Small (20-80),80,mixed_ps_sub,112.06666666666666,12,20251227,39,BLK_39C,9,베이36B 론지취부,6,2025-12-27 23:20:46,2025-12-28 00:23:16,62.5,36B,베이36B,raw,
b80_mixed_ps_sub_r1,MSF,Small (20-80),80,mixed_ps_sub,112.06666666666666,12,20251227,39,BLK_39C,9,베이36B 론지용접,7,2025-12-28 00:23:16,2025-12-28 00:45:16,22.0,36B,베이36B,raw,
b80_mixed_ps_sub_r1,MSF,Small (20-80),80,mixed_ps_sub,112.06666666666666,12,20251227,39,BLK_39C,9,베이36B 수정,8,2025-12-28 00:45:16,2025-12-28 01:23:16,38.0,36B,베이36B,raw,
b80_mixed_ps_sub_r1,MSF,Small (20-80),80,mixed_ps_sub,112.06666666666666,12,20251227,62,BLK_62C,10,판계,1,2025-12-27 12:13:00,2025-12-27 12:33:00,20.0,,공통,raw,
b80_mixed_ps_sub_r1,MSF,Small (20-80),80,mixed_ps_sub,112.06666666666666,12,20251227,62,BLK_62C,10,전면SAW,2,2025-12-27 21:05:32,2025-12-27 21:51:25,45.9,,공통,raw,
b80_mixed_ps_sub_r1,MSF,Small (20-80),80,mixed_ps_sub,112.06666666666666,12,20251227,62,BLK_62C,10,TurnOver,3,2025-12-27 21:51:25,2025-12-27 22:03:25,12.0,,공통,raw,
b80_mixed_ps_sub_r1,MSF,Small (20-80),80,mixed_ps_sub,112.06666666666666,12,20251227,62,BLK_62C,10,후면SAW,4,2025-12-27 22:48:30,2025-12-27 23:27:46,39.3,,공통,raw,
b80_mixed_ps_sub_r1,MSF,Small (20-80),80,mixed_ps_sub,112.06666666666666,12,20251227,62,BLK_62C,10,NC,5,2025-12-27 23:27:46,2025-12-27 23:57:42,29.9,,공통,raw,
b80_mixed_ps_sub_r1,MSF,Small (20-80),80,mixed_ps_sub,112.06666666666666,12,20251227,62,BLK_62C,10,베이35A 론지취부,6,2025-12-27 23:57:42,2025-12-28 01:00:12,62.5,35A,베이35A,raw,
b80_mixed_ps_sub_r1,MSF,Small (20-80),80,mixed_ps_sub,112.06666666666666,12,20251227,62,BLK_62C,10,베이35A 론지용접,7,2025-12-28 01:00:12,2025-12-28 01:22:12,22.0,35A,베이35A,raw,
b80_mixed_ps_sub_r1,MSF,Small (20-80),80,mixed_ps_sub,112.06666666666666,12,20251227,62,BLK_62C,10,베이35A 수정,8,2025-12-28 01:22:12,2025-12-28 02:00:12,38.0,35A,베이35A,raw,
b80_mixed_ps_sub_r1,MSF,Small (20-80),80,mixed_ps_sub,112.06666666666666,12,20251227,58,BLK_58P,11,판계,1,2025-12-27 12:33:00,2025-12-27 12:53:00,20.0,,공통,raw,
b80_mixed_ps_sub_r1,MSF,Small (20-80),80,mixed_ps_sub,112.06666666666666,12,20251227,58,BLK_58P,11,전면SAW,2,2025-12-27 21:51:25,2025-12-27 22:33:55,42.5,,공통,raw,
b80_mixed_ps_sub_r1,MSF,Small (20-80),80,mixed_ps_sub,112.06666666666666,12,20251227,58,BLK_58P,11,TurnOver,3,2025-12-27 22:33:55,2025-12-27 22:45:55,12.0,,공통,raw,
b80_mixed_ps_sub_r1,MSF,Small (20-80),80,mixed_ps_sub,112.06666666666666,12,20251227,58,BLK_58P,11,후면SAW,4,2025-12-27 23:27:46,2025-12-28 00:02:34,34.8,,공통,raw,
b80_mixed_ps_sub_r1,MSF,Small (20-80),80,mixed_ps_sub,112.06666666666666,12,20251227,58,BLK_58P,11,NC,5,2025-12-28 00:02:34,2025-12-28 00:30:31,27.9,,공통,raw,
b80_mixed_ps_sub_r1,MSF,Small (20-80),80,mixed_ps_sub,112.06666666666666,12,20251227,58,BLK_58P,11,베이36B 론지취부,6,2025-12-28 00:30:31,2025-12-28 01:08:31,38.0,36B,베이36B,raw,
b80_mixed_ps_sub_r1,MSF,Small (20-80),80,mixed_ps_sub,112.06666666666666,12,20251227,58,BLK_58P,11,베이36B 론지용접,7,2025-12-28 01:08:31,2025-12-28 01:26:19,17.8,36B,베이36B,raw,
b80_mixed_ps_sub_r1,MSF,Small (20-80),80,mixed_ps_sub,112.06666666666666,12,20251227,58,BLK_58P,11,베이36B 수정,8,2025-12-28 01:26:19,2025-12-28 01:48:55,22.6,36B,베이36B,raw,
b80_mixed_ps_sub_r1,MSF,Small (20-80),80,mixed_ps_sub,112.06666666666666,12,20251227,28,BLK_28S,12,판계,1,2025-12-27 12:53:00,2025-12-27 13:26:00,33.0,,공통,raw,
b80_mixed_ps_sub_r1,MSF,Small (20-80),80,mixed_ps_sub,112.06666666666666,12,20251227,28,BLK_28S,12,전면SAW,2,2025-12-27 22:33:55,2025-12-28 00:25:40,111.8,,공통,raw,
b80_mixed_ps_sub_r1,MSF,Small (20-80),80,mixed_ps_sub,112.06666666666666,12,20251227,28,BLK_28S,12,TurnOver,3,2025-12-28 00:25:40,2025-12-28 00:37:40,12.0,,공통,raw,
b80_mixed_ps_sub_r1,MSF,Small (20-80),80,mixed_ps_sub,112.06666666666666,12,20251227,28,BLK_28S,12,후면SAW,4,2025-12-28 00:37:40,2025-12-28 02:07:19,89.7,,공통,raw,
b80_mixed_ps_sub_r1,MSF,Small (20-80),80,mixed_ps_sub,112.06666666666666,12,20251227,28,BLK_28S,12,NC,5,2025-12-28 02:07:19,2025-12-28 02:47:21,40.0,,공통,raw,
b80_mixed_ps_sub_r1,MSF,Small (20-80),80,mixed_ps_sub,112.06666666666666,12,20251227,28,BLK_28S,12,베이35A 론지취부,6,2025-12-28 02:47:21,2025-12-28 03:49:51,62.5,35A,베이35A,raw,
b80_mixed_ps_sub_r1,MSF,Small (20-80),80,mixed_ps_sub,112.06666666666666,12,20251227,28,BLK_28S,12,베이35A 론지용접,7,2025-12-28 03:49:51,2025-12-28 04:11:51,22.0,35A,베이35A,raw,
b80_mixed_ps_sub_r1,MSF,Small (20-80),80,mixed_ps_sub,112.06666666666666,12,20251227,28,BLK_28S,12,베이35A 수정,8,2025-12-28 04:11:51,2025-12-28 04:49:51,38.0,35A,베이35A,raw,
b80_mixed_ps_sub_r1,MSF,Small (20-80),80,mixed_ps_sub,112.06666666666666,12,20251227,42,BLK_42C,13,판계,1,2025-12-27 13:26:00,2025-12-27 13:51:00,25.0,,공통,raw,
b80_mixed_ps_sub_r1,MSF,Small (20-80),80,mixed_ps_sub,112.06666666666666,12,20251227,42,BLK_42C,13,전면SAW,2,2025-12-28 00:25:40,2025-12-28 01:16:57,51.3,,공통,raw,
b80_mixed_ps_sub_r1,MSF,Small (20-80),80,mixed_ps_sub,112.06666666666666,12,20251227,42,BLK_42C,13,TurnOver,3,2025-12-28 01:16:57,2025-12-28 01:28:57,12.0,,공통,raw,
b80_mixed_ps_sub_r1,MSF,Small (20-80),80,mixed_ps_sub,112.06666666666666,12,20251227,42,BLK_42C,13,후면SAW,4,2025-12-28 02:07:19,2025-12-28 02:53:41,46.4,,공통,raw,
b80_mixed_ps_sub_r1,MSF,Small (20-80),80,mixed_ps_sub,112.06666666666666,12,20251227,42,BLK_42C,13,NC,5,2025-12-28 02:53:41,2025-12-28 03:29:51,36.2,,공통,raw,
b80_mixed_ps_sub_r1,MSF,Small (20-80),80,mixed_ps_sub,112.06666666666666,12,20251227,42,BLK_42C,13,베이36B 론지취부,6,2025-12-28 03:29:51,2025-12-28 04:42:51,73.0,36B,베이36B,raw,
b80_mixed_ps_sub_r1,MSF,Small (20-80),80,mixed_ps_sub,112.06666666666666,12,20251227,42,BLK_42C,13,베이36B 론지용접,7,2025-12-28 04:42:51,2025-12-28 05:06:39,23.8,36B,베이36B,raw,
b80_mixed_ps_sub_r1,MSF,Small (20-80),80,mixed_ps_sub,112.06666666666666,12,20251227,42,BLK_42C,13,베이36B 수정,8,2025-12-28 05:06:39,2025-12-28 05:51:15,44.6,36B,베이36B,raw,
b80_mixed_ps_sub_r1,MSF,Small (20-80),80,mixed_ps_sub,112.06666666666666,12,20251228,72,BLK_72P,1,판계,1,2025-12-28 08:00:00,2025-12-28 08:33:00,33.0,,공통,raw,
b80_mixed_ps_sub_r1,MSF,Small (20-80),80,mixed_ps_sub,112.06666666666666,12,20251228,72,BLK_72P,1,전면SAW,2,2025-12-28 08:33:00,2025-12-28 10:37:14,124.2,,공통,raw,
b80_mixed_ps_sub_r1,MSF,Small (20-80),80,mixed_ps_sub,112.06666666666666,12,20251228,72,BLK_72P,1,TurnOver,3,2025-12-28 10:37:14,2025-12-28 10:49:14,12.0,,공통,raw,
b80_mixed_ps_sub_r1,MSF,Small (20-80),80,mixed_ps_sub,112.06666666666666,12,20251228,72,BLK_72P,1,후면SAW,4,2025-12-28 10:49:14,2025-12-28 12:56:06,126.9,,공통,raw,
b80_mixed_ps_sub_r1,MSF,Small (20-80),80,mixed_ps_sub,112.06666666666666,12,20251228,72,BLK_72P,1,NC,5,2025-12-28 12:56:06,2025-12-28 13:37:16,41.2,,공통,raw,
b80_mixed_ps_sub_r1,MSF,Small (20-80),80,mixed_ps_sub,112.06666666666666,12,20251228,72,BLK_72P,1,베이35A 론지취부,6,2025-12-28 13:37:16,2025-12-28 15:07:46,90.5,35A,베이35A,raw,
b80_mixed_ps_sub_r1,MSF,Small (20-80),80,mixed_ps_sub,112.06666666666666,12,20251228,72,BLK_72P,1,베이35A 론지용접,7,2025-12-28 15:07:46,2025-12-28 15:34:34,26.8,35A,베이35A,raw,
b80_mixed_ps_sub_r1,MSF,Small (20-80),80,mixed_ps_sub,112.06666666666666,12,20251228,72,BLK_72P,1,베이35A 수정,8,2025-12-28 15:34:34,2025-12-28 16:30:10,55.6,35A,베이35A,raw,
b80_mixed_ps_sub_r1,MSF,Small (20-80),80,mixed_ps_sub,112.06666666666666,12,20251228,52,BLK_52S,2,판계,1,2025-12-28 08:33:00,2025-12-28 09:03:00,30.0,,공통,raw,
b80_mixed_ps_sub_r1,MSF,Small (20-80),80,mixed_ps_sub,112.06666666666666,12,20251228,52,BLK_52S,2,전면SAW,2,2025-12-28 10:37:14,2025-12-28 11:07:54,30.7,,공통,raw,
b80_mixed_ps_sub_r1,MSF,Small (20-80),80,mixed_ps_sub,112.06666666666666,12,20251228,52,BLK_52S,2,TurnOver,3,2025-12-28 11:07:54,2025-12-28 11:19:54,12.0,,공통,raw,
b80_mixed_ps_sub_r1,MSF,Small (20-80),80,mixed_ps_sub,112.06666666666666,12,20251228,52,BLK_52S,2,후면SAW,4,2025-12-28 12:56:06,2025-12-28 13:15:19,19.2,,공통,raw,
b80_mixed_ps_sub_r1,MSF,Small (20-80),80,mixed_ps_sub,112.06666666666666,12,20251228,52,BLK_52S,2,NC,5,2025-12-28 13:37:16,2025-12-28 14:18:54,41.6,,공통,raw,
b80_mixed_ps_sub_r1,MSF,Small (20-80),80,mixed_ps_sub,112.06666666666666,12,20251228,52,BLK_52S,2,베이36B 론지취부,6,2025-12-28 14:18:54,2025-12-28 15:28:24,69.5,36B,베이36B,raw,
b80_mixed_ps_sub_r1,MSF,Small (20-80),80,mixed_ps_sub,112.06666666666666,12,20251228,52,BLK_52S,2,베이36B 론지용접,7,2025-12-28 15:28:24,2025-12-28 15:51:36,23.2,36B,베이36B,raw,
b80_mixed_ps_sub_r1,MSF,Small (20-80),80,mixed_ps_sub,112.06666666666666,12,20251228,52,BLK_52S,2,베이36B 수정,8,2025-12-28 15:51:36,2025-12-28 16:34:00,42.4,36B,베이36B,raw,
b80_mixed_ps_sub_r1,MSF,Small (20-80),80,mixed_ps_sub,112.06666666666666,12,20251228,59,BLK_59S,3,판계,1,2025-12-28 09:03:00,2025-12-28 09:41:00,38.0,,공통,raw,
b80_mixed_ps_sub_r1,MSF,Small (20-80),80,mixed_ps_sub,112.06666666666666,12,20251228,59,BLK_59S,3,전면SAW,2,2025-12-28 11:07:54,2025-12-28 13:10:32,122.6,,공통,raw,
b80_mixed_ps_sub_r1,MSF,Small (20-80),80,mixed_ps_sub,112.06666666666666,12,20251228,59,BLK_59S,3,TurnOver,3,2025-12-28 13:10:32,2025-12-28 13:22:32,12.0,,공통,raw,
b80_mixed_ps_sub_r1,MSF,Small (20-80),80,mixed_ps_sub,112.06666666666666,12,20251228,59,BLK_59S,3,후면SAW,4,2025-12-28 13:22:32,2025-12-28 15:02:07,99.6,,공통,raw,
b80_mixed_ps_sub_r1,MSF,Small (20-80),80,mixed_ps_sub,112.06666666666666,12,20251228,59,BLK_59S,3,NC,5,2025-12-28 15:02:07,2025-12-28 15:51:07,49.0,,공통,raw,
b80_mixed_ps_sub_r1,MSF,Small (20-80),80,mixed_ps_sub,112.06666666666666,12,20251228,59,BLK_59S,3,베이35A 론지취부,6,2025-12-28 15:51:07,2025-12-28 17:07:37,76.5,35A,베이35A,raw,
b80_mixed_ps_sub_r1,MSF,Small (20-80),80,mixed_ps_sub,112.06666666666666,12,20251228,59,BLK_59S,3,베이35A 론지용접,7,2025-12-28 17:07:37,2025-12-28 17:32:01,24.4,35A,베이35A,raw,
b80_mixed_ps_sub_r1,MSF,Small (20-80),80,mixed_ps_sub,112.06666666666666,12,20251228,59,BLK_59S,3,베이35A 수정,8,2025-12-28 17:32:01,2025-12-28 18:18:49,46.8,35A,베이35A,raw,
b80_mixed_ps_sub_r1,MSF,Small (20-80),80,mixed_ps_sub,112.06666666666666,12,20251228,64,BLK_64S,4,판계,1,2025-12-28 09:41:00,2025-12-28 10:11:00,30.0,,공통,raw,
b80_mixed_ps_sub_r1,MSF,Small (20-80),80,mixed_ps_sub,112.06666666666666,12,20251228,64,BLK_64S,4,전면SAW,2,2025-12-28 13:10:32,2025-12-28 13:42:26,31.9,,공통,raw,
b80_mixed_ps_sub_r1,MSF,Small (20-80),80,mixed_ps_sub,112.06666666666666,12,20251228,64,BLK_64S,4,TurnOver,3,2025-12-28 13:42:26,2025-12-28 13:54:26,12.0,,공통,raw,
b80_mixed_ps_sub_r1,MSF,Small (20-80),80,mixed_ps_sub,112.06666666666666,12,20251228,64,BLK_64S,4,후면SAW,4,2025-12-28 15:02:07,2025-12-28 15:22:58,20.9,,공통,raw,
b80_mixed_ps_sub_r1,MSF,Small (20-80),80,mixed_ps_sub,112.06666666666666,12,20251228,64,BLK_64S,4,NC,5,2025-12-28 15:51:07,2025-12-28 16:32:02,40.9,,공통,raw,
b80_mixed_ps_sub_r1,MSF,Small (20-80),80,mixed_ps_sub,112.06666666666666,12,20251228,64,BLK_64S,4,베이36B 론지취부,6,2025-12-28 16:32:02,2025-12-28 17:48:32,76.5,36B,베이36B,raw,
b80_mixed_ps_sub_r1,MSF,Small (20-80),80,mixed_ps_sub,112.06666666666666,12,20251228,64,BLK_64S,4,베이36B 론지용접,7,2025-12-28 17:48:32,2025-12-28 18:12:56,24.4,36B,베이36B,raw,
b80_mixed_ps_sub_r1,MSF,Small (20-80),80,mixed_ps_sub,112.06666666666666,12,20251228,64,BLK_64S,4,베이36B 수정,8,2025-12-28 18:12:56,2025-12-28 18:59:44,46.8,36B,베이36B,raw,
b80_mixed_ps_sub_r1,MSF,Small (20-80),80,mixed_ps_sub,112.06666666666666,12,20251228,68,BLK_68C,5,판계,1,2025-12-28 10:11:00,2025-12-28 10:56:00,45.0,,공통,raw,
b80_mixed_ps_sub_r1,MSF,Small (20-80),80,mixed_ps_sub,112.06666666666666,12,20251228,68,BLK_68C,5,전면SAW,2,2025-12-28 13:42:26,2025-12-28 14:19:58,37.5,,공통,raw,
b80_mixed_ps_sub_r1,MSF,Small (20-80),80,mixed_ps_sub,112.06666666666666,12,20251228,68,BLK_68C,5,TurnOver,3,2025-12-28 14:19:58,2025-12-28 14:31:58,12.0,,공통,raw,
b80_mixed_ps_sub_r1,MSF,Small (20-80),80,mixed_ps_sub,112.06666666666666,12,20251228,68,BLK_68C,5,후면SAW,4,2025-12-28 15:22:58,2025-12-28 15:51:15,28.3,,공통,raw,
b80_mixed_ps_sub_r1,MSF,Small (20-80),80,mixed_ps_sub,112.06666666666666,12,20251228,68,BLK_68C,5,NC,5,2025-12-28 16:32:02,2025-12-28 17:23:33,51.5,,공통,raw,
b80_mixed_ps_sub_r1,MSF,Small (20-80),80,mixed_ps_sub,112.06666666666666,12,20251228,68,BLK_68C,5,베이35A 론지취부,6,2025-12-28 17:23:33,2025-12-28 18:47:03,83.5,35A,베이35A,raw,
b80_mixed_ps_sub_r1,MSF,Small (20-80),80,mixed_ps_sub,112.06666666666666,12,20251228,68,BLK_68C,5,베이35A 론지용접,7,2025-12-28 18:47:03,2025-12-28 19:12:39,25.6,35A,베이35A,raw,
b80_mixed_ps_sub_r1,MSF,Small (20-80),80,mixed_ps_sub,112.06666666666666,12,20251228,68,BLK_68C,5,베이35A 수정,8,2025-12-28 19:12:39,2025-12-28 20:03:51,51.2,35A,베이35A,raw,
b80_mixed_ps_sub_r1,MSF,Small (20-80),80,mixed_ps_sub,112.06666666666666,12,20251228,20,BLK_20P,6,판계,1,2025-12-28 10:56:00,2025-12-28 11:26:00,30.0,,공통,raw,
b80_mixed_ps_sub_r1,MSF,Small (20-80),80,mixed_ps_sub,112.06666666666666,12,20251228,20,BLK_20P,6,전면SAW,2,2025-12-28 14:19:58,2025-12-28 14:51:41,31.7,,공통,raw,
b80_mixed_ps_sub_r1,MSF,Small (20-80),80,mixed_ps_sub,112.06666666666666,12,20251228,20,BLK_20P,6,TurnOver,3,2025-12-28 14:51:41,2025-12-28 15:03:41,12.0,,공통,raw,
b80_mixed_ps_sub_r1,MSF,Small (20-80),80,mixed_ps_sub,112.06666666666666,12,20251228,20,BLK_20P,6,후면SAW,4,2025-12-28 15:51:15,2025-12-28 16:11:51,20.6,,공통,raw,
b80_mixed_ps_sub_r1,MSF,Small (20-80),80,mixed_ps_sub,112.06666666666666,12,20251228,20,BLK_20P,6,NC,5,2025-12-28 17:23:33,2025-12-28 18:06:22,42.8,,공통,raw,
b80_mixed_ps_sub_r1,MSF,Small (20-80),80,mixed_ps_sub,112.06666666666666,12,20251228,20,BLK_20P,6,베이36B 론지취부,6,2025-12-28 18:06:22,2025-12-28 19:43:52,97.5,36B,베이36B,raw,
b80_mixed_ps_sub_r1,MSF,Small (20-80),80,mixed_ps_sub,112.06666666666666,12,20251228,20,BLK_20P,6,베이36B 론지용접,7,2025-12-28 19:43:52,2025-12-28 20:11:52,28.0,36B,베이36B,raw,
b80_mixed_ps_sub_r1,MSF,Small (20-80),80,mixed_ps_sub,112.06666666666666,12,20251228,20,BLK_20P,6,베이36B 수정,8,2025-12-28 20:11:52,2025-12-28 21:11:52,60.0,36B,베이36B,raw,
b80_mixed_ps_sub_r1,MSF,Small (20-80),80,mixed_ps_sub,112.06666666666666,12,20251228,69,BLK_69S,7,판계,1,2025-12-28 11:26:00,2025-12-28 12:18:00,52.0,,공통,raw,
b80_mixed_ps_sub_r1,MSF,Small (20-80),80,mixed_ps_sub,112.06666666666666,12,20251228,69,BLK_69S,7,전면SAW,2,2025-12-28 14:51:41,2025-12-28 15:28:57,37.3,,공통,raw,
b80_mixed_ps_sub_r1,MSF,Small (20-80),80,mixed_ps_sub,112.06666666666666,12,20251228,69,BLK_69S,7,TurnOver,3,2025-12-28 15:28:57,2025-12-28 15:40:57,12.0,,공통,raw,
b80_mixed_ps_sub_r1,MSF,Small (20-80),80,mixed_ps_sub,112.06666666666666,12,20251228,69,BLK_69S,7,후면SAW,4,2025-12-28 16:11:51,2025-12-28 16:39:45,27.9,,공통,raw,
b80_mixed_ps_sub_r1,MSF,Small (20-80),80,mixed_ps_sub,112.06666666666666,12,20251228,69,BLK_69S,7,NC,5,2025-12-28 18:06:22,2025-12-28 19:11:47,65.4,,공통,raw,
b80_mixed_ps_sub_r1,MSF,Small (20-80),80,mixed_ps_sub,112.06666666666666,12,20251228,69,BLK_69S,7,베이36B 론지취부,6,2025-12-28 19:43:52,2025-12-28 22:03:22,139.5,36B,베이36B,raw,
b80_mixed_ps_sub_r1,MSF,Small (20-80),80,mixed_ps_sub,112.06666666666666,12,20251228,69,BLK_69S,7,베이36B 론지용접,7,2025-12-28 22:03:22,2025-12-28 22:38:34,35.2,36B,베이36B,raw,
b80_mixed_ps_sub_r1,MSF,Small (20-80),80,mixed_ps_sub,112.06666666666666,12,20251228,69,BLK_69S,7,베이36B 수정,8,2025-12-28 22:38:34,2025-12-29 00:04:58,86.4,36B,베이36B,raw,
b80_mixed_ps_sub_r1,MSF,Small (20-80),80,mixed_ps_sub,112.06666666666666,12,20251224,79,BLK_61C,19,판계,1,2025-12-24 16:58:00,2025-12-24 17:43:00,45.0,,공통,inferred_subassembly_member,61
b80_mixed_ps_sub_r1,MSF,Small (20-80),80,mixed_ps_sub,112.06666666666666,12,20251224,79,BLK_61C,19,전면SAW,2,2025-12-25 04:04:09,2025-12-25 04:44:30,40.4,,공통,inferred_subassembly_member,61
b80_mixed_ps_sub_r1,MSF,Small (20-80),80,mixed_ps_sub,112.06666666666666,12,20251224,79,BLK_61C,19,TurnOver,3,2025-12-25 04:44:30,2025-12-25 04:56:30,12.0,,공통,inferred_subassembly_member,61
b80_mixed_ps_sub_r1,MSF,Small (20-80),80,mixed_ps_sub,112.06666666666666,12,20251224,79,BLK_61C,19,후면SAW,4,2025-12-25 06:32:33,2025-12-25 07:04:33,32.0,,공통,inferred_subassembly_member,61
b80_mixed_ps_sub_r1,MSF,Small (20-80),80,mixed_ps_sub,112.06666666666666,12,20251224,79,BLK_61C,19,NC,5,2025-12-25 07:38:13,2025-12-25 08:34:17,56.1,,공통,inferred_subassembly_member,61
b80_mixed_ps_sub_r1,MSF,Small (20-80),80,mixed_ps_sub,112.06666666666666,12,20251224,79,BLK_61C,19,베이36B 론지취부,6,2025-12-25 09:33:13,2025-12-25 10:46:13,73.0,36B,베이36B,inferred_subassembly_member,61
b80_mixed_ps_sub_r1,MSF,Small (20-80),80,mixed_ps_sub,112.06666666666666,12,20251224,79,BLK_61C,19,베이36B 론지용접,7,2025-12-25 10:46:13,2025-12-25 11:10:01,23.8,36B,베이36B,inferred_subassembly_member,61
b80_mixed_ps_sub_r1,MSF,Small (20-80),80,mixed_ps_sub,112.06666666666666,12,20251224,79,BLK_61C,19,베이36B 수정,8,2025-12-25 11:15:13,2025-12-25 11:59:49,44.6,36B,베이36B,inferred_subassembly_member,61
b80_mixed_ps_sub_r1,MSF,Small (20-80),80,mixed_ps_sub,112.06666666666666,12,20251225,78,BLK_10S,23,판계,1,2025-12-25 09:20:00,2025-12-25 10:12:00,52.0,,공통,inferred_subassembly_member,10
b80_mixed_ps_sub_r1,MSF,Small (20-80),80,mixed_ps_sub,112.06666666666666,12,20251225,78,BLK_10S,23,전면SAW,2,2025-12-25 11:08:09,2025-12-25 11:47:51,39.7,,공통,inferred_subassembly_member,10
b80_mixed_ps_sub_r1,MSF,Small (20-80),80,mixed_ps_sub,112.06666666666666,12,20251225,78,BLK_10S,23,TurnOver,3,2025-12-25 11:47:51,2025-12-25 11:59:51,12.0,,공통,inferred_subassembly_member,10
b80_mixed_ps_sub_r1,MSF,Small (20-80),80,mixed_ps_sub,112.06666666666666,12,20251225,78,BLK_10S,23,후면SAW,4,2025-12-25 12:16:12,2025-12-25 12:47:20,31.1,,공통,inferred_subassembly_member,10
b80_mixed_ps_sub_r1,MSF,Small (20-80),80,mixed_ps_sub,112.06666666666666,12,20251225,78,BLK_10S,23,NC,5,2025-12-25 13:20:45,2025-12-25 14:20:05,59.3,,공통,inferred_subassembly_member,10
b80_mixed_ps_sub_r1,MSF,Small (20-80),80,mixed_ps_sub,112.06666666666666,12,20251225,78,BLK_10S,23,베이36B 론지취부,6,2025-12-25 14:20:05,2025-12-25 15:57:35,97.5,36B,베이36B,inferred_subassembly_member,10
b80_mixed_ps_sub_r1,MSF,Small (20-80),80,mixed_ps_sub,112.06666666666666,12,20251225,78,BLK_10S,23,베이36B 론지용접,7,2025-12-25 15:57:35,2025-12-25 16:25:35,28.0,36B,베이36B,inferred_subassembly_member,10
b80_mixed_ps_sub_r1,MSF,Small (20-80),80,mixed_ps_sub,112.06666666666666,12,20251225,78,BLK_10S,23,베이36B 수정,8,2025-12-25 16:25:35,2025-12-25 17:25:35,60.0,36B,베이36B,inferred_subassembly_member,10
b80_mixed_ps_sub_r1,MSF,Small (20-80),80,mixed_ps_sub,112.06666666666666,12,20251225,80,BLK_71S,27,판계,1,2025-12-25 11:29:00,2025-12-25 11:59:00,30.0,,공통,inferred_subassembly_member,71
b80_mixed_ps_sub_r1,MSF,Small (20-80),80,mixed_ps_sub,112.06666666666666,12,20251225,80,BLK_71S,27,전면SAW,2,2025-12-25 16:04:27,2025-12-25 16:44:28,40.0,,공통,inferred_subassembly_member,71
b80_mixed_ps_sub_r1,MSF,Small (20-80),80,mixed_ps_sub,112.06666666666666,12,20251225,80,BLK_71S,27,TurnOver,3,2025-12-25 16:44:28,2025-12-25 16:56:28,12.0,,공통,inferred_subassembly_member,71
b80_mixed_ps_sub_r1,MSF,Small (20-80),80,mixed_ps_sub,112.06666666666666,12,20251225,80,BLK_71S,27,후면SAW,4,2025-12-25 18:35:01,2025-12-25 19:06:34,31.5,,공통,inferred_subassembly_member,71
b80_mixed_ps_sub_r1,MSF,Small (20-80),80,mixed_ps_sub,112.06666666666666,12,20251225,80,BLK_71S,27,NC,5,2025-12-25 19:18:49,2025-12-25 19:58:45,39.9,,공통,inferred_subassembly_member,71
b80_mixed_ps_sub_r1,MSF,Small (20-80),80,mixed_ps_sub,112.06666666666666,12,20251225,80,BLK_71S,27,베이36B 론지취부,6,2025-12-25 19:58:45,2025-12-25 20:50:45,52.0,36B,베이36B,inferred_subassembly_member,71
b80_mixed_ps_sub_r1,MSF,Small (20-80),80,mixed_ps_sub,112.06666666666666,12,20251225,80,BLK_71S,27,베이36B 론지용접,7,2025-12-25 20:50:45,2025-12-25 21:10:57,20.2,36B,베이36B,inferred_subassembly_member,71
b80_mixed_ps_sub_r1,MSF,Small (20-80),80,mixed_ps_sub,112.06666666666666,12,20251225,80,BLK_71S,27,베이36B 수정,8,2025-12-25 21:10:57,2025-12-25 21:42:21,31.4,36B,베이36B,inferred_subassembly_member,71
b80_mixed_ps_sub_r1,MSF,Small (20-80),80,mixed_ps_sub,112.06666666666666,12,20251226,77,BLK_67P,48,판계,1,2025-12-26 11:16:00,2025-12-26 11:46:00,30.0,,공통,inferred_subassembly_member,67
b80_mixed_ps_sub_r1,MSF,Small (20-80),80,mixed_ps_sub,112.06666666666666,12,20251226,77,BLK_67P,48,전면SAW,2,2025-12-26 14:35:27,2025-12-26 16:25:04,109.6,,공통,inferred_subassembly_member,67
b80_mixed_ps_sub_r1,MSF,Small (20-80),80,mixed_ps_sub,112.06666666666666,12,20251226,77,BLK_67P,48,TurnOver,3,2025-12-26 16:25:04,2025-12-26 16:37:04,12.0,,공통,inferred_subassembly_member,67
b80_mixed_ps_sub_r1,MSF,Small (20-80),80,mixed_ps_sub,112.06666666666666,12,20251226,77,BLK_67P,48,후면SAW,4,2025-12-26 16:37:04,2025-12-26 18:04:47,87.7,,공통,inferred_subassembly_member,67
b80_mixed_ps_sub_r1,MSF,Small (20-80),80,mixed_ps_sub,112.06666666666666,12,20251226,77,BLK_67P,48,NC,5,2025-12-26 18:04:47,2025-12-26 19:00:16,55.5,,공통,inferred_subassembly_member,67
b80_mixed_ps_sub_r1,MSF,Small (20-80),80,mixed_ps_sub,112.06666666666666,12,20251226,77,BLK_67P,48,베이36B 론지취부,6,2025-12-26 19:00:16,2025-12-26 20:48:16,108.0,36B,베이36B,inferred_subassembly_member,67
b80_mixed_ps_sub_r1,MSF,Small (20-80),80,mixed_ps_sub,112.06666666666666,12,20251226,77,BLK_67P,48,베이36B 론지용접,7,2025-12-26 20:48:16,2025-12-26 21:18:04,29.8,36B,베이36B,inferred_subassembly_member,67
b80_mixed_ps_sub_r1,MSF,Small (20-80),80,mixed_ps_sub,112.06666666666666,12,20251226,77,BLK_67P,48,베이36B 수정,8,2025-12-26 21:18:04,2025-12-26 22:24:40,66.6,36B,베이36B,inferred_subassembly_member,67
