grid_case_id,method_label,block_id,block_name,sequence,process_name,process_index,start_time,end_time,duration_min,assigned_bay,machine_type
b190_mixed_ps_sub_r1,GA,1,BLK_1C,1,판계,1,2025-10-12 08:00:00,2025-10-12 08:25:00,25.0,,공통
b190_mixed_ps_sub_r1,GA,1,BLK_1C,1,전면SAW,2,2025-10-12 08:25:00,2025-10-12 09:17:19,52.3,,공통
b190_mixed_ps_sub_r1,GA,1,BLK_1C,1,TurnOver,3,2025-10-12 09:17:19,2025-10-12 09:29:19,12.0,,공통
b190_mixed_ps_sub_r1,GA,1,BLK_1C,1,후면SAW,4,2025-10-12 09:29:19,2025-10-12 10:17:04,47.7,,공통
b190_mixed_ps_sub_r1,GA,1,BLK_1C,1,NC,5,2025-10-12 10:17:04,2025-10-12 10:54:39,37.6,,공통
b190_mixed_ps_sub_r1,GA,1,BLK_1C,1,베이35A 론지취부,6,2025-10-12 10:54:39,2025-10-12 12:28:39,94.0,35A,베이35A
b190_mixed_ps_sub_r1,GA,1,BLK_1C,1,베이35A 론지용접,7,2025-10-12 12:28:39,2025-10-12 12:56:03,27.4,35A,베이35A
b190_mixed_ps_sub_r1,GA,1,BLK_1C,1,베이35A 수정,8,2025-10-12 12:56:03,2025-10-12 13:53:51,57.8,35A,베이35A
b190_mixed_ps_sub_r1,GA,5,BLK_5S,2,판계,1,2025-10-12 08:25:00,2025-10-12 09:10:00,45.0,,공통
b190_mixed_ps_sub_r1,GA,5,BLK_5S,2,전면SAW,2,2025-10-12 09:17:19,2025-10-12 11:41:19,144.0,,공통
b190_mixed_ps_sub_r1,GA,5,BLK_5S,2,TurnOver,3,2025-10-12 11:41:19,2025-10-12 11:53:19,12.0,,공통
b190_mixed_ps_sub_r1,GA,5,BLK_5S,2,후면SAW,4,2025-10-12 11:53:19,2025-10-12 13:38:37,105.3,,공통
b190_mixed_ps_sub_r1,GA,5,BLK_5S,2,NC,5,2025-10-12 13:38:37,2025-10-12 14:29:36,51.0,,공통
b190_mixed_ps_sub_r1,GA,5,BLK_5S,2,베이36B 론지취부,6,2025-10-12 14:29:36,2025-10-12 15:14:36,45.0,36B,베이36B
b190_mixed_ps_sub_r1,GA,5,BLK_5S,2,베이36B 론지용접,7,2025-10-12 15:14:36,2025-10-12 15:33:36,19.0,36B,베이36B
b190_mixed_ps_sub_r1,GA,5,BLK_5S,2,베이36B 수정,8,2025-10-12 15:33:36,2025-10-12 16:00:36,27.0,36B,베이36B
b190_mixed_ps_sub_r1,GA,2,BLK_2C,3,판계,1,2025-10-12 09:10:00,2025-10-12 09:48:00,38.0,,공통
b190_mixed_ps_sub_r1,GA,2,BLK_2C,3,전면SAW,2,2025-10-12 11:41:19,2025-10-12 12:48:51,67.5,,공통
b190_mixed_ps_sub_r1,GA,2,BLK_2C,3,TurnOver,3,2025-10-12 12:48:51,2025-10-12 13:00:51,12.0,,공통
b190_mixed_ps_sub_r1,GA,2,BLK_2C,3,후면SAW,4,2025-10-12 13:38:37,2025-10-12 14:27:58,49.3,,공통
b190_mixed_ps_sub_r1,GA,2,BLK_2C,3,NC,5,2025-10-12 14:29:36,2025-10-12 15:12:06,42.5,,공통
b190_mixed_ps_sub_r1,GA,2,BLK_2C,3,베이35A 론지취부,6,2025-10-12 15:12:06,2025-10-12 16:00:36,48.5,35A,베이35A
b190_mixed_ps_sub_r1,GA,2,BLK_2C,3,베이35A 론지용접,7,2025-10-12 16:00:36,2025-10-12 16:20:12,19.6,35A,베이35A
b190_mixed_ps_sub_r1,GA,2,BLK_2C,3,베이35A 수정,8,2025-10-12 16:20:12,2025-10-12 16:49:24,29.2,35A,베이35A
b190_mixed_ps_sub_r1,GA,17,BLK_17P,4,판계,1,2025-10-12 09:48:00,2025-10-12 10:18:00,30.0,,공통
b190_mixed_ps_sub_r1,GA,17,BLK_17P,4,전면SAW,2,2025-10-12 12:48:51,2025-10-12 14:59:11,130.3,,공통
b190_mixed_ps_sub_r1,GA,17,BLK_17P,4,TurnOver,3,2025-10-12 14:59:11,2025-10-12 15:11:11,12.0,,공통
b190_mixed_ps_sub_r1,GA,17,BLK_17P,4,후면SAW,4,2025-10-12 15:11:11,2025-10-12 16:57:46,106.6,,공통
b190_mixed_ps_sub_r1,GA,17,BLK_17P,4,NC,5,2025-10-12 16:57:46,2025-10-12 17:53:48,56.0,,공통
b190_mixed_ps_sub_r1,GA,17,BLK_17P,4,베이36B 론지취부,6,2025-10-12 17:53:48,2025-10-12 19:31:18,97.5,36B,베이36B
b190_mixed_ps_sub_r1,GA,17,BLK_17P,4,베이36B 론지용접,7,2025-10-12 19:31:18,2025-10-12 19:59:18,28.0,36B,베이36B
b190_mixed_ps_sub_r1,GA,17,BLK_17P,4,베이36B 수정,8,2025-10-12 19:59:18,2025-10-12 20:59:18,60.0,36B,베이36B
b190_mixed_ps_sub_r1,GA,179,BLK_17S,5,판계,1,2025-10-12 10:18:00,2025-10-12 10:48:00,30.0,,공통
b190_mixed_ps_sub_r1,GA,179,BLK_17S,5,전면SAW,2,2025-10-12 14:59:11,2025-10-12 17:09:31,130.3,,공통
b190_mixed_ps_sub_r1,GA,179,BLK_17S,5,TurnOver,3,2025-10-12 17:09:31,2025-10-12 17:21:31,12.0,,공통
b190_mixed_ps_sub_r1,GA,179,BLK_17S,5,후면SAW,4,2025-10-12 17:21:31,2025-10-12 19:08:06,106.6,,공통
b190_mixed_ps_sub_r1,GA,179,BLK_17S,5,NC,5,2025-10-12 19:08:06,2025-10-12 20:04:07,56.0,,공통
b190_mixed_ps_sub_r1,GA,179,BLK_17S,5,베이36B 론지취부,6,2025-10-12 20:04:07,2025-10-12 21:41:37,97.5,36B,베이36B
b190_mixed_ps_sub_r1,GA,179,BLK_17S,5,베이36B 론지용접,7,2025-10-12 21:41:37,2025-10-12 22:09:37,28.0,36B,베이36B
b190_mixed_ps_sub_r1,GA,179,BLK_17S,5,베이36B 수정,8,2025-10-12 22:09:37,2025-10-12 23:09:37,60.0,36B,베이36B
b190_mixed_ps_sub_r1,GA,9,BLK_9S,6,판계,1,2025-10-12 10:48:00,2025-10-12 11:13:00,25.0,,공통
b190_mixed_ps_sub_r1,GA,9,BLK_9S,6,전면SAW,2,2025-10-12 17:09:31,2025-10-12 17:36:52,27.4,,공통
b190_mixed_ps_sub_r1,GA,9,BLK_9S,6,TurnOver,3,2025-10-12 17:36:52,2025-10-12 17:48:52,12.0,,공통
b190_mixed_ps_sub_r1,GA,9,BLK_9S,6,후면SAW,4,2025-10-12 19:08:06,2025-10-12 19:22:58,14.9,,공통
b190_mixed_ps_sub_r1,GA,9,BLK_9S,6,NC,5,2025-10-12 20:04:07,2025-10-12 20:33:55,29.8,,공통
b190_mixed_ps_sub_r1,GA,9,BLK_9S,6,베이35A 론지취부,6,2025-10-12 20:33:55,2025-10-12 20:57:55,24.0,35A,베이35A
b190_mixed_ps_sub_r1,GA,9,BLK_9S,6,베이35A 론지용접,7,2025-10-12 20:57:55,2025-10-12 21:13:19,15.4,35A,베이35A
b190_mixed_ps_sub_r1,GA,9,BLK_9S,6,베이35A 수정,8,2025-10-12 21:13:19,2025-10-12 21:27:07,13.8,35A,베이35A
b190_mixed_ps_sub_r1,GA,21,BLK_21S,7,판계,1,2025-10-12 11:13:00,2025-10-12 12:05:00,52.0,,공통
b190_mixed_ps_sub_r1,GA,21,BLK_21S,7,전면SAW,2,2025-10-12 17:36:52,2025-10-12 20:30:39,173.8,,공통
b190_mixed_ps_sub_r1,GA,21,BLK_21S,7,TurnOver,3,2025-10-12 20:30:39,2025-10-12 20:42:39,12.0,,공통
b190_mixed_ps_sub_r1,GA,21,BLK_21S,7,후면SAW,4,2025-10-12 20:42:39,2025-10-12 22:52:57,130.3,,공통
b190_mixed_ps_sub_r1,GA,21,BLK_21S,7,NC,5,2025-10-12 22:52:57,2025-10-12 23:52:34,59.6,,공통
b190_mixed_ps_sub_r1,GA,21,BLK_21S,7,베이36B 론지취부,6,2025-10-12 23:52:34,2025-10-13 00:41:04,48.5,36B,베이36B
b190_mixed_ps_sub_r1,GA,21,BLK_21S,7,베이36B 론지용접,7,2025-10-13 00:41:04,2025-10-13 01:00:40,19.6,36B,베이36B
b190_mixed_ps_sub_r1,GA,21,BLK_21S,7,베이36B 수정,8,2025-10-13 01:00:40,2025-10-13 01:29:52,29.2,36B,베이36B
b190_mixed_ps_sub_r1,GA,6,BLK_6P,8,판계,1,2025-10-12 12:05:00,2025-10-12 12:30:00,25.0,,공통
b190_mixed_ps_sub_r1,GA,6,BLK_6P,8,전면SAW,2,2025-10-12 20:30:39,2025-10-12 21:04:13,33.6,,공통
b190_mixed_ps_sub_r1,GA,6,BLK_6P,8,TurnOver,3,2025-10-12 21:04:13,2025-10-12 21:16:13,12.0,,공통
b190_mixed_ps_sub_r1,GA,6,BLK_6P,8,후면SAW,4,2025-10-12 22:52:57,2025-10-12 23:16:00,23.1,,공통
b190_mixed_ps_sub_r1,GA,6,BLK_6P,8,NC,5,2025-10-12 23:52:34,2025-10-13 00:26:51,34.3,,공통
b190_mixed_ps_sub_r1,GA,6,BLK_6P,8,베이35A 론지취부,6,2025-10-13 00:26:51,2025-10-13 01:15:21,48.5,35A,베이35A
b190_mixed_ps_sub_r1,GA,6,BLK_6P,8,베이35A 론지용접,7,2025-10-13 01:15:21,2025-10-13 01:34:57,19.6,35A,베이35A
b190_mixed_ps_sub_r1,GA,6,BLK_6P,8,베이35A 수정,8,2025-10-13 01:34:57,2025-10-13 02:04:09,29.2,35A,베이35A
b190_mixed_ps_sub_r1,GA,41,BLK_41S,9,판계,1,2025-10-12 12:30:00,2025-10-12 12:55:00,25.0,,공통
b190_mixed_ps_sub_r1,GA,41,BLK_41S,9,전면SAW,2,2025-10-12 21:04:13,2025-10-12 21:37:11,33.0,,공통
b190_mixed_ps_sub_r1,GA,41,BLK_41S,9,TurnOver,3,2025-10-12 21:37:11,2025-10-12 21:49:11,12.0,,공통
b190_mixed_ps_sub_r1,GA,41,BLK_41S,9,후면SAW,4,2025-10-12 23:16:00,2025-10-12 23:38:16,22.3,,공통
b190_mixed_ps_sub_r1,GA,41,BLK_41S,9,NC,5,2025-10-13 00:26:51,2025-10-13 01:02:37,35.8,,공통
b190_mixed_ps_sub_r1,GA,41,BLK_41S,9,베이36B 론지취부,6,2025-10-13 01:02:37,2025-10-13 02:01:37,59.0,36B,베이36B
b190_mixed_ps_sub_r1,GA,41,BLK_41S,9,베이36B 론지용접,7,2025-10-13 02:01:37,2025-10-13 02:23:01,21.4,36B,베이36B
b190_mixed_ps_sub_r1,GA,41,BLK_41S,9,베이36B 수정,8,2025-10-13 02:23:01,2025-10-13 02:58:49,35.8,36B,베이36B
b190_mixed_ps_sub_r1,GA,175,BLK_123S,10,판계,1,2025-10-12 12:55:00,2025-10-12 13:20:00,25.0,,공통
b190_mixed_ps_sub_r1,GA,175,BLK_123S,10,전면SAW,2,2025-10-12 21:37:11,2025-10-12 22:10:09,33.0,,공통
b190_mixed_ps_sub_r1,GA,175,BLK_123S,10,TurnOver,3,2025-10-12 22:10:09,2025-10-12 22:22:09,12.0,,공통
b190_mixed_ps_sub_r1,GA,175,BLK_123S,10,후면SAW,4,2025-10-12 23:38:16,2025-10-13 00:00:31,22.3,,공통
b190_mixed_ps_sub_r1,GA,175,BLK_123S,10,NC,5,2025-10-13 01:02:37,2025-10-13 01:36:45,34.1,,공통
b190_mixed_ps_sub_r1,GA,175,BLK_123S,10,베이35A 론지취부,6,2025-10-13 01:36:45,2025-10-13 02:49:45,73.0,35A,베이35A
b190_mixed_ps_sub_r1,GA,175,BLK_123S,10,베이35A 론지용접,7,2025-10-13 02:49:45,2025-10-13 03:13:33,23.8,35A,베이35A
b190_mixed_ps_sub_r1,GA,175,BLK_123S,10,베이35A 수정,8,2025-10-13 03:13:33,2025-10-13 03:58:09,44.6,35A,베이35A
b190_mixed_ps_sub_r1,GA,12,BLK_12C,1,판계,1,2025-10-13 08:00:00,2025-10-13 08:33:00,33.0,,공통
b190_mixed_ps_sub_r1,GA,12,BLK_12C,1,전면SAW,2,2025-10-13 08:33:00,2025-10-13 11:00:49,147.8,,공통
b190_mixed_ps_sub_r1,GA,12,BLK_12C,1,TurnOver,3,2025-10-13 11:00:49,2025-10-13 11:12:49,12.0,,공통
b190_mixed_ps_sub_r1,GA,12,BLK_12C,1,후면SAW,4,2025-10-13 11:12:49,2025-10-13 13:47:12,154.4,,공통
b190_mixed_ps_sub_r1,GA,12,BLK_12C,1,NC,5,2025-10-13 13:47:12,2025-10-13 14:31:25,44.2,,공통
b190_mixed_ps_sub_r1,GA,12,BLK_12C,1,베이36B 론지취부,6,2025-10-13 14:31:25,2025-10-13 15:37:25,66.0,36B,베이36B
b190_mixed_ps_sub_r1,GA,12,BLK_12C,1,베이36B 론지용접,7,2025-10-13 15:37:25,2025-10-13 16:00:01,22.6,36B,베이36B
b190_mixed_ps_sub_r1,GA,12,BLK_12C,1,베이36B 수정,8,2025-10-13 16:00:01,2025-10-13 16:40:13,40.2,36B,베이36B
b190_mixed_ps_sub_r1,GA,33,BLK_33P,2,판계,1,2025-10-13 08:33:00,2025-10-13 09:03:00,30.0,,공통
b190_mixed_ps_sub_r1,GA,33,BLK_33P,2,전면SAW,2,2025-10-13 11:00:49,2025-10-13 11:30:13,29.4,,공통
b190_mixed_ps_sub_r1,GA,33,BLK_33P,2,TurnOver,3,2025-10-13 11:30:13,2025-10-13 11:42:13,12.0,,공통
b190_mixed_ps_sub_r1,GA,33,BLK_33P,2,후면SAW,4,2025-10-13 13:47:12,2025-10-13 14:04:45,17.6,,공통
b190_mixed_ps_sub_r1,GA,33,BLK_33P,2,NC,5,2025-10-13 14:31:25,2025-10-13 15:12:14,40.8,,공통
b190_mixed_ps_sub_r1,GA,33,BLK_33P,2,베이35A 론지취부,6,2025-10-13 15:12:14,2025-10-13 16:14:44,62.5,35A,베이35A
b190_mixed_ps_sub_r1,GA,33,BLK_33P,2,베이35A 론지용접,7,2025-10-13 16:14:44,2025-10-13 16:36:44,22.0,35A,베이35A
b190_mixed_ps_sub_r1,GA,33,BLK_33P,2,베이35A 수정,8,2025-10-13 16:36:44,2025-10-13 17:14:44,38.0,35A,베이35A
b190_mixed_ps_sub_r1,GA,13,BLK_13C,3,판계,1,2025-10-13 09:03:00,2025-10-13 09:23:00,20.0,,공통
b190_mixed_ps_sub_r1,GA,13,BLK_13C,3,전면SAW,2,2025-10-13 11:30:13,2025-10-13 12:02:43,32.5,,공통
b190_mixed_ps_sub_r1,GA,13,BLK_13C,3,TurnOver,3,2025-10-13 12:02:43,2025-10-13 12:14:43,12.0,,공통
b190_mixed_ps_sub_r1,GA,13,BLK_13C,3,후면SAW,4,2025-10-13 14:04:45,2025-10-13 14:26:24,21.6,,공통
b190_mixed_ps_sub_r1,GA,13,BLK_13C,3,NC,5,2025-10-13 15:12:14,2025-10-13 15:39:13,27.0,,공통
b190_mixed_ps_sub_r1,GA,13,BLK_13C,3,베이36B 론지취부,6,2025-10-13 15:39:13,2025-10-13 16:17:13,38.0,36B,베이36B
b190_mixed_ps_sub_r1,GA,13,BLK_13C,3,베이36B 론지용접,7,2025-10-13 16:17:13,2025-10-13 16:35:01,17.8,36B,베이36B
b190_mixed_ps_sub_r1,GA,13,BLK_13C,3,베이36B 수정,8,2025-10-13 16:40:13,2025-10-13 17:02:49,22.6,36B,베이36B
b190_mixed_ps_sub_r1,GA,22,BLK_22S,4,판계,1,2025-10-13 09:23:00,2025-10-13 10:08:00,45.0,,공통
b190_mixed_ps_sub_r1,GA,22,BLK_22S,4,전면SAW,2,2025-10-13 12:02:43,2025-10-13 14:15:46,133.1,,공통
b190_mixed_ps_sub_r1,GA,22,BLK_22S,4,TurnOver,3,2025-10-13 14:15:46,2025-10-13 14:27:46,12.0,,공통
b190_mixed_ps_sub_r1,GA,22,BLK_22S,4,후면SAW,4,2025-10-13 14:27:46,2025-10-13 16:04:19,96.5,,공통
b190_mixed_ps_sub_r1,GA,22,BLK_22S,4,NC,5,2025-10-13 16:04:19,2025-10-13 16:52:25,48.1,,공통
b190_mixed_ps_sub_r1,GA,22,BLK_22S,4,베이35A 론지취부,6,2025-10-13 16:52:25,2025-10-13 17:40:55,48.5,35A,베이35A
b190_mixed_ps_sub_r1,GA,22,BLK_22S,4,베이35A 론지용접,7,2025-10-13 17:40:55,2025-10-13 18:00:31,19.6,35A,베이35A
b190_mixed_ps_sub_r1,GA,22,BLK_22S,4,베이35A 수정,8,2025-10-13 18:00:31,2025-10-13 18:29:43,29.2,35A,베이35A
b190_mixed_ps_sub_r1,GA,69,BLK_69C,5,판계,1,2025-10-13 10:08:00,2025-10-13 10:38:00,30.0,,공통
b190_mixed_ps_sub_r1,GA,69,BLK_69C,5,전면SAW,2,2025-10-13 14:15:46,2025-10-13 14:46:11,30.4,,공통
b190_mixed_ps_sub_r1,GA,69,BLK_69C,5,TurnOver,3,2025-10-13 14:46:11,2025-10-13 14:58:11,12.0,,공통
b190_mixed_ps_sub_r1,GA,69,BLK_69C,5,후면SAW,4,2025-10-13 16:04:19,2025-10-13 16:23:13,18.9,,공통
b190_mixed_ps_sub_r1,GA,69,BLK_69C,5,NC,5,2025-10-13 16:52:25,2025-10-13 17:41:45,49.3,,공통
b190_mixed_ps_sub_r1,GA,69,BLK_69C,5,베이36B 론지취부,6,2025-10-13 17:41:45,2025-10-13 18:54:45,73.0,36B,베이36B
b190_mixed_ps_sub_r1,GA,69,BLK_69C,5,베이36B 론지용접,7,2025-10-13 18:54:45,2025-10-13 19:18:33,23.8,36B,베이36B
b190_mixed_ps_sub_r1,GA,69,BLK_69C,5,베이36B 수정,8,2025-10-13 19:18:33,2025-10-13 20:03:09,44.6,36B,베이36B
b190_mixed_ps_sub_r1,GA,25,BLK_25C,6,판계,1,2025-10-13 10:38:00,2025-10-13 11:16:00,38.0,,공통
b190_mixed_ps_sub_r1,GA,25,BLK_25C,6,전면SAW,2,2025-10-13 14:46:11,2025-10-13 16:34:35,108.4,,공통
b190_mixed_ps_sub_r1,GA,25,BLK_25C,6,TurnOver,3,2025-10-13 16:34:35,2025-10-13 16:46:35,12.0,,공통
b190_mixed_ps_sub_r1,GA,25,BLK_25C,6,후면SAW,4,2025-10-13 16:46:35,2025-10-13 18:34:59,108.4,,공통
b190_mixed_ps_sub_r1,GA,25,BLK_25C,6,NC,5,2025-10-13 18:34:59,2025-10-13 19:22:42,47.7,,공통
b190_mixed_ps_sub_r1,GA,25,BLK_25C,6,베이35A 론지취부,6,2025-10-13 19:22:42,2025-10-13 20:39:12,76.5,35A,베이35A
b190_mixed_ps_sub_r1,GA,25,BLK_25C,6,베이35A 론지용접,7,2025-10-13 20:39:12,2025-10-13 21:03:36,24.4,35A,베이35A
b190_mixed_ps_sub_r1,GA,25,BLK_25C,6,베이35A 수정,8,2025-10-13 21:03:36,2025-10-13 21:50:24,46.8,35A,베이35A
b190_mixed_ps_sub_r1,GA,77,BLK_77C,7,판계,1,2025-10-13 11:16:00,2025-10-13 11:54:00,38.0,,공통
b190_mixed_ps_sub_r1,GA,77,BLK_77C,7,전면SAW,2,2025-10-13 16:34:35,2025-10-13 18:23:33,109.0,,공통
b190_mixed_ps_sub_r1,GA,77,BLK_77C,7,TurnOver,3,2025-10-13 18:23:33,2025-10-13 18:35:33,12.0,,공통
b190_mixed_ps_sub_r1,GA,77,BLK_77C,7,후면SAW,4,2025-10-13 18:35:33,2025-10-13 20:02:40,87.1,,공통
b190_mixed_ps_sub_r1,GA,77,BLK_77C,7,NC,5,2025-10-13 20:02:40,2025-10-13 20:51:28,48.8,,공통
b190_mixed_ps_sub_r1,GA,77,BLK_77C,7,베이36B 론지취부,6,2025-10-13 20:51:28,2025-10-13 22:11:28,80.0,36B,베이36B
b190_mixed_ps_sub_r1,GA,77,BLK_77C,7,베이36B 론지용접,7,2025-10-13 22:11:28,2025-10-13 22:36:28,25.0,36B,베이36B
b190_mixed_ps_sub_r1,GA,77,BLK_77C,7,베이36B 수정,8,2025-10-13 22:36:28,2025-10-13 23:25:28,49.0,36B,베이36B
b190_mixed_ps_sub_r1,GA,3,BLK_3C,8,판계,1,2025-10-13 11:54:00,2025-10-13 12:29:00,35.0,,공통
b190_mixed_ps_sub_r1,GA,3,BLK_3C,8,전면SAW,2,2025-10-13 18:23:33,2025-10-13 21:03:52,160.3,,공통
b190_mixed_ps_sub_r1,GA,3,BLK_3C,8,TurnOver,3,2025-10-13 21:03:52,2025-10-13 21:15:52,12.0,,공통
b190_mixed_ps_sub_r1,GA,3,BLK_3C,8,후면SAW,4,2025-10-13 21:15:52,2025-10-13 23:35:32,139.7,,공통
b190_mixed_ps_sub_r1,GA,3,BLK_3C,8,NC,5,2025-10-13 23:35:32,2025-10-14 00:11:37,36.1,,공통
b190_mixed_ps_sub_r1,GA,3,BLK_3C,8,베이35A 론지취부,6,2025-10-14 00:11:37,2025-10-14 00:53:07,41.5,35A,베이35A
b190_mixed_ps_sub_r1,GA,3,BLK_3C,8,베이35A 론지용접,7,2025-10-14 00:53:07,2025-10-14 01:07:31,14.4,35A,베이35A
b190_mixed_ps_sub_r1,GA,3,BLK_3C,8,베이35A 수정,8,2025-10-14 01:07:31,2025-10-14 01:32:19,24.8,35A,베이35A
b190_mixed_ps_sub_r1,GA,37,BLK_37P,9,판계,1,2025-10-13 12:29:00,2025-10-13 12:59:00,30.0,,공통
b190_mixed_ps_sub_r1,GA,37,BLK_37P,9,전면SAW,2,2025-10-13 21:03:52,2025-10-13 21:44:55,41.0,,공통
b190_mixed_ps_sub_r1,GA,37,BLK_37P,9,TurnOver,3,2025-10-13 21:44:55,2025-10-13 21:56:55,12.0,,공통
b190_mixed_ps_sub_r1,GA,37,BLK_37P,9,후면SAW,4,2025-10-13 23:35:32,2025-10-14 00:08:26,32.9,,공통
b190_mixed_ps_sub_r1,GA,37,BLK_37P,9,NC,5,2025-10-14 00:11:37,2025-10-14 01:01:36,50.0,,공통
b190_mixed_ps_sub_r1,GA,37,BLK_37P,9,베이36B 론지취부,6,2025-10-14 01:01:36,2025-10-14 02:32:06,90.5,36B,베이36B
b190_mixed_ps_sub_r1,GA,37,BLK_37P,9,베이36B 론지용접,7,2025-10-14 02:32:06,2025-10-14 02:58:54,26.8,36B,베이36B
b190_mixed_ps_sub_r1,GA,37,BLK_37P,9,베이36B 수정,8,2025-10-14 02:58:54,2025-10-14 03:54:30,55.6,36B,베이36B
b190_mixed_ps_sub_r1,GA,95,BLK_95S,10,판계,1,2025-10-13 12:59:00,2025-10-13 13:26:00,27.0,,공통
b190_mixed_ps_sub_r1,GA,95,BLK_95S,10,전면SAW,2,2025-10-13 21:44:55,2025-10-13 23:57:15,132.3,,공통
b190_mixed_ps_sub_r1,GA,95,BLK_95S,10,TurnOver,3,2025-10-13 23:57:15,2025-10-14 00:09:15,12.0,,공통
b190_mixed_ps_sub_r1,GA,95,BLK_95S,10,후면SAW,4,2025-10-14 00:09:15,2025-10-14 01:45:14,96.0,,공통
b190_mixed_ps_sub_r1,GA,95,BLK_95S,10,NC,5,2025-10-14 01:45:14,2025-10-14 02:16:19,31.1,,공통
b190_mixed_ps_sub_r1,GA,95,BLK_95S,10,베이35A 론지취부,6,2025-10-14 02:16:19,2025-10-14 02:57:49,41.5,35A,베이35A
b190_mixed_ps_sub_r1,GA,95,BLK_95S,10,베이35A 론지용접,7,2025-10-14 02:57:49,2025-10-14 03:12:13,14.4,35A,베이35A
b190_mixed_ps_sub_r1,GA,95,BLK_95S,10,베이35A 수정,8,2025-10-14 03:12:13,2025-10-14 03:37:01,24.8,35A,베이35A
b190_mixed_ps_sub_r1,GA,180,BLK_37S,11,판계,1,2025-10-13 13:26:00,2025-10-13 13:56:00,30.0,,공통
b190_mixed_ps_sub_r1,GA,180,BLK_37S,11,전면SAW,2,2025-10-13 23:57:15,2025-10-14 00:38:18,41.0,,공통
b190_mixed_ps_sub_r1,GA,180,BLK_37S,11,TurnOver,3,2025-10-14 00:38:18,2025-10-14 00:50:18,12.0,,공통
b190_mixed_ps_sub_r1,GA,180,BLK_37S,11,후면SAW,4,2025-10-14 01:45:14,2025-10-14 02:18:08,32.9,,공통
b190_mixed_ps_sub_r1,GA,180,BLK_37S,11,NC,5,2025-10-14 02:18:08,2025-10-14 03:08:07,50.0,,공통
b190_mixed_ps_sub_r1,GA,180,BLK_37S,11,베이36B 론지취부,6,2025-10-14 03:08:07,2025-10-14 04:38:37,90.5,36B,베이36B
b190_mixed_ps_sub_r1,GA,180,BLK_37S,11,베이36B 론지용접,7,2025-10-14 04:38:37,2025-10-14 05:05:25,26.8,36B,베이36B
b190_mixed_ps_sub_r1,GA,180,BLK_37S,11,베이36B 수정,8,2025-10-14 05:05:25,2025-10-14 06:01:01,55.6,36B,베이36B
b190_mixed_ps_sub_r1,GA,79,BLK_79C,12,판계,1,2025-10-13 13:56:00,2025-10-13 14:29:00,33.0,,공통
b190_mixed_ps_sub_r1,GA,79,BLK_79C,12,전면SAW,2,2025-10-14 00:38:18,2025-10-14 02:16:18,98.0,,공통
b190_mixed_ps_sub_r1,GA,79,BLK_79C,12,TurnOver,3,2025-10-14 02:16:18,2025-10-14 02:28:18,12.0,,공통
b190_mixed_ps_sub_r1,GA,79,BLK_79C,12,후면SAW,4,2025-10-14 02:28:18,2025-10-14 03:45:24,77.1,,공통
b190_mixed_ps_sub_r1,GA,79,BLK_79C,12,NC,5,2025-10-14 03:45:24,2025-10-14 04:24:33,39.2,,공통
b190_mixed_ps_sub_r1,GA,79,BLK_79C,12,베이35A 론지취부,6,2025-10-14 04:24:33,2025-10-14 05:41:03,76.5,35A,베이35A
b190_mixed_ps_sub_r1,GA,79,BLK_79C,12,베이35A 론지용접,7,2025-10-14 05:41:03,2025-10-14 06:05:27,24.4,35A,베이35A
b190_mixed_ps_sub_r1,GA,79,BLK_79C,12,베이35A 수정,8,2025-10-14 06:05:27,2025-10-14 06:52:15,46.8,35A,베이35A
b190_mixed_ps_sub_r1,GA,89,BLK_89P,13,판계,1,2025-10-13 14:29:00,2025-10-13 14:49:00,20.0,,공통
b190_mixed_ps_sub_r1,GA,89,BLK_89P,13,전면SAW,2,2025-10-14 02:16:18,2025-10-14 02:52:57,36.6,,공통
b190_mixed_ps_sub_r1,GA,89,BLK_89P,13,TurnOver,3,2025-10-14 02:52:57,2025-10-14 03:04:57,12.0,,공통
b190_mixed_ps_sub_r1,GA,89,BLK_89P,13,후면SAW,4,2025-10-14 03:45:24,2025-10-14 04:12:30,27.1,,공통
b190_mixed_ps_sub_r1,GA,89,BLK_89P,13,NC,5,2025-10-14 04:24:33,2025-10-14 04:55:07,30.6,,공통
b190_mixed_ps_sub_r1,GA,89,BLK_89P,13,베이36B 론지취부,6,2025-10-14 04:55:07,2025-10-14 06:04:37,69.5,36B,베이36B
b190_mixed_ps_sub_r1,GA,89,BLK_89P,13,베이36B 론지용접,7,2025-10-14 06:04:37,2025-10-14 06:27:49,23.2,36B,베이36B
b190_mixed_ps_sub_r1,GA,89,BLK_89P,13,베이36B 수정,8,2025-10-14 06:27:49,2025-10-14 07:10:13,42.4,36B,베이36B
b190_mixed_ps_sub_r1,GA,149,BLK_149S,14,판계,1,2025-10-13 14:49:00,2025-10-13 15:27:00,38.0,,공통
b190_mixed_ps_sub_r1,GA,149,BLK_149S,14,전면SAW,2,2025-10-14 02:52:57,2025-10-14 04:33:24,100.5,,공통
b190_mixed_ps_sub_r1,GA,149,BLK_149S,14,TurnOver,3,2025-10-14 04:33:24,2025-10-14 04:45:24,12.0,,공통
b190_mixed_ps_sub_r1,GA,149,BLK_149S,14,후면SAW,4,2025-10-14 04:45:24,2025-10-14 06:04:45,79.3,,공통
b190_mixed_ps_sub_r1,GA,149,BLK_149S,14,NC,5,2025-10-14 06:04:45,2025-10-14 06:50:30,45.8,,공통
b190_mixed_ps_sub_r1,GA,149,BLK_149S,14,베이35A 론지취부,6,2025-10-14 06:50:30,2025-10-14 08:00:00,69.5,35A,베이35A
b190_mixed_ps_sub_r1,GA,149,BLK_149S,14,베이35A 론지용접,7,2025-10-14 08:00:00,2025-10-14 08:23:12,23.2,35A,베이35A
b190_mixed_ps_sub_r1,GA,149,BLK_149S,14,베이35A 수정,8,2025-10-14 08:23:12,2025-10-14 09:05:36,42.4,35A,베이35A
b190_mixed_ps_sub_r1,GA,174,BLK_89S,15,판계,1,2025-10-13 15:27:00,2025-10-13 15:47:00,20.0,,공통
b190_mixed_ps_sub_r1,GA,174,BLK_89S,15,전면SAW,2,2025-10-14 04:33:24,2025-10-14 05:10:03,36.6,,공통
b190_mixed_ps_sub_r1,GA,174,BLK_89S,15,TurnOver,3,2025-10-14 05:10:03,2025-10-14 05:22:03,12.0,,공통
b190_mixed_ps_sub_r1,GA,174,BLK_89S,15,후면SAW,4,2025-10-14 06:04:45,2025-10-14 06:31:51,27.1,,공통
b190_mixed_ps_sub_r1,GA,174,BLK_89S,15,NC,5,2025-10-14 06:50:30,2025-10-14 07:21:04,30.6,,공통
b190_mixed_ps_sub_r1,GA,174,BLK_89S,15,베이36B 론지취부,6,2025-10-14 07:21:04,2025-10-14 08:30:34,69.5,36B,베이36B
b190_mixed_ps_sub_r1,GA,174,BLK_89S,15,베이36B 론지용접,7,2025-10-14 08:30:34,2025-10-14 08:53:46,23.2,36B,베이36B
b190_mixed_ps_sub_r1,GA,174,BLK_89S,15,베이36B 수정,8,2025-10-14 08:53:46,2025-10-14 09:36:10,42.4,36B,베이36B
b190_mixed_ps_sub_r1,GA,29,BLK_29S,16,판계,1,2025-10-13 15:47:00,2025-10-13 16:17:00,30.0,,공통
b190_mixed_ps_sub_r1,GA,29,BLK_29S,16,전면SAW,2,2025-10-14 05:10:03,2025-10-14 07:39:10,149.1,,공통
b190_mixed_ps_sub_r1,GA,29,BLK_29S,16,TurnOver,3,2025-10-14 07:39:10,2025-10-14 07:51:10,12.0,,공통
b190_mixed_ps_sub_r1,GA,29,BLK_29S,16,후면SAW,4,2025-10-14 07:51:10,2025-10-14 09:38:09,107.0,,공통
b190_mixed_ps_sub_r1,GA,29,BLK_29S,16,NC,5,2025-10-14 09:38:09,2025-10-14 10:39:15,61.1,,공통
b190_mixed_ps_sub_r1,GA,29,BLK_29S,16,베이36B 론지취부,6,2025-10-14 10:39:15,2025-10-14 11:38:15,59.0,36B,베이36B
b190_mixed_ps_sub_r1,GA,29,BLK_29S,16,베이36B 론지용접,7,2025-10-14 11:38:15,2025-10-14 11:59:39,21.4,36B,베이36B
b190_mixed_ps_sub_r1,GA,29,BLK_29S,16,베이36B 수정,8,2025-10-14 11:59:39,2025-10-14 12:35:27,35.8,36B,베이36B
b190_mixed_ps_sub_r1,GA,49,BLK_49P,17,판계,1,2025-10-13 16:17:00,2025-10-13 16:37:00,20.0,,공통
b190_mixed_ps_sub_r1,GA,49,BLK_49P,17,전면SAW,2,2025-10-14 07:39:10,2025-10-14 08:14:48,35.6,,공통
b190_mixed_ps_sub_r1,GA,49,BLK_49P,17,TurnOver,3,2025-10-14 08:14:48,2025-10-14 08:26:48,12.0,,공통
b190_mixed_ps_sub_r1,GA,49,BLK_49P,17,후면SAW,4,2025-10-14 09:38:09,2025-10-14 10:03:54,25.8,,공통
b190_mixed_ps_sub_r1,GA,49,BLK_49P,17,NC,5,2025-10-14 10:39:15,2025-10-14 11:09:04,29.8,,공통
b190_mixed_ps_sub_r1,GA,49,BLK_49P,17,베이35A 론지취부,6,2025-10-14 11:09:04,2025-10-14 12:18:34,69.5,35A,베이35A
b190_mixed_ps_sub_r1,GA,49,BLK_49P,17,베이35A 론지용접,7,2025-10-14 12:18:34,2025-10-14 12:41:46,23.2,35A,베이35A
b190_mixed_ps_sub_r1,GA,49,BLK_49P,17,베이35A 수정,8,2025-10-14 12:41:46,2025-10-14 13:24:10,42.4,35A,베이35A
b190_mixed_ps_sub_r1,GA,14,BLK_14S,18,판계,1,2025-10-13 16:37:00,2025-10-13 17:12:00,35.0,,공통
b190_mixed_ps_sub_r1,GA,14,BLK_14S,18,전면SAW,2,2025-10-14 08:14:48,2025-10-14 10:50:14,155.4,,공통
b190_mixed_ps_sub_r1,GA,14,BLK_14S,18,TurnOver,3,2025-10-14 10:50:14,2025-10-14 11:02:14,12.0,,공통
b190_mixed_ps_sub_r1,GA,14,BLK_14S,18,후면SAW,4,2025-10-14 11:02:14,2025-10-14 13:17:15,135.0,,공통
b190_mixed_ps_sub_r1,GA,14,BLK_14S,18,NC,5,2025-10-14 13:17:15,2025-10-14 13:55:30,38.2,,공통
b190_mixed_ps_sub_r1,GA,14,BLK_14S,18,베이36B 론지취부,6,2025-10-14 13:55:30,2025-10-14 14:37:00,41.5,36B,베이36B
b190_mixed_ps_sub_r1,GA,14,BLK_14S,18,베이36B 론지용접,7,2025-10-14 14:37:00,2025-10-14 14:55:24,18.4,36B,베이36B
b190_mixed_ps_sub_r1,GA,14,BLK_14S,18,베이36B 수정,8,2025-10-14 14:55:24,2025-10-14 15:20:12,24.8,36B,베이36B
b190_mixed_ps_sub_r1,GA,7,BLK_7P,19,판계,1,2025-10-13 17:12:00,2025-10-13 17:42:00,30.0,,공통
b190_mixed_ps_sub_r1,GA,7,BLK_7P,19,전면SAW,2,2025-10-14 10:50:14,2025-10-14 11:24:28,34.2,,공통
b190_mixed_ps_sub_r1,GA,7,BLK_7P,19,TurnOver,3,2025-10-14 11:24:28,2025-10-14 11:36:28,12.0,,공통
b190_mixed_ps_sub_r1,GA,7,BLK_7P,19,후면SAW,4,2025-10-14 13:17:15,2025-10-14 13:41:10,23.9,,공통
b190_mixed_ps_sub_r1,GA,7,BLK_7P,19,NC,5,2025-10-14 13:55:30,2025-10-14 14:39:09,43.6,,공통
b190_mixed_ps_sub_r1,GA,7,BLK_7P,19,베이35A 론지취부,6,2025-10-14 14:39:09,2025-10-14 15:55:39,76.5,35A,베이35A
b190_mixed_ps_sub_r1,GA,7,BLK_7P,19,베이35A 론지용접,7,2025-10-14 15:55:39,2025-10-14 16:20:03,24.4,35A,베이35A
b190_mixed_ps_sub_r1,GA,7,BLK_7P,19,베이35A 수정,8,2025-10-14 16:20:03,2025-10-14 17:06:51,46.8,35A,베이35A
b190_mixed_ps_sub_r1,GA,11,BLK_11S,1,판계,1,2025-10-14 08:00:00,2025-10-14 08:30:00,30.0,,공통
b190_mixed_ps_sub_r1,GA,11,BLK_11S,1,전면SAW,2,2025-10-14 11:24:28,2025-10-14 13:26:26,122.0,,공통
b190_mixed_ps_sub_r1,GA,11,BLK_11S,1,TurnOver,3,2025-10-14 13:26:26,2025-10-14 13:38:26,12.0,,공통
b190_mixed_ps_sub_r1,GA,11,BLK_11S,1,후면SAW,4,2025-10-14 13:41:10,2025-10-14 15:08:51,87.7,,공통
b190_mixed_ps_sub_r1,GA,11,BLK_11S,1,NC,5,2025-10-14 15:08:51,2025-10-14 16:05:40,56.8,,공통
b190_mixed_ps_sub_r1,GA,11,BLK_11S,1,베이36B 론지취부,6,2025-10-14 16:05:40,2025-10-14 17:11:40,66.0,36B,베이36B
b190_mixed_ps_sub_r1,GA,11,BLK_11S,1,베이36B 론지용접,7,2025-10-14 17:11:40,2025-10-14 17:34:16,22.6,36B,베이36B
b190_mixed_ps_sub_r1,GA,11,BLK_11S,1,베이36B 수정,8,2025-10-14 17:34:16,2025-10-14 18:14:28,40.2,36B,베이36B
b190_mixed_ps_sub_r1,GA,10,BLK_10S,2,판계,1,2025-10-14 08:30:00,2025-10-14 09:15:00,45.0,,공통
b190_mixed_ps_sub_r1,GA,10,BLK_10S,2,전면SAW,2,2025-10-14 13:26:26,2025-10-14 14:04:39,38.2,,공통
b190_mixed_ps_sub_r1,GA,10,BLK_10S,2,TurnOver,3,2025-10-14 14:04:39,2025-10-14 14:16:39,12.0,,공통
b190_mixed_ps_sub_r1,GA,10,BLK_10S,2,후면SAW,4,2025-10-14 15:08:51,2025-10-14 15:38:01,29.2,,공통
b190_mixed_ps_sub_r1,GA,10,BLK_10S,2,NC,5,2025-10-14 16:05:40,2025-10-14 16:57:45,52.1,,공통
b190_mixed_ps_sub_r1,GA,10,BLK_10S,2,베이35A 론지취부,6,2025-10-14 16:57:45,2025-10-14 18:14:15,76.5,35A,베이35A
b190_mixed_ps_sub_r1,GA,10,BLK_10S,2,베이35A 론지용접,7,2025-10-14 18:14:15,2025-10-14 18:38:39,24.4,35A,베이35A
b190_mixed_ps_sub_r1,GA,10,BLK_10S,2,베이35A 수정,8,2025-10-14 18:38:39,2025-10-14 19:25:27,46.8,35A,베이35A
b190_mixed_ps_sub_r1,GA,176,BLK_45S,3,판계,1,2025-10-14 09:15:00,2025-10-14 09:53:00,38.0,,공통
b190_mixed_ps_sub_r1,GA,176,BLK_45S,3,전면SAW,2,2025-10-14 14:04:39,2025-10-14 15:46:58,102.3,,공통
b190_mixed_ps_sub_r1,GA,176,BLK_45S,3,TurnOver,3,2025-10-14 15:46:58,2025-10-14 15:58:58,12.0,,공통
b190_mixed_ps_sub_r1,GA,176,BLK_45S,3,후면SAW,4,2025-10-14 15:58:58,2025-10-14 17:20:00,81.0,,공통
b190_mixed_ps_sub_r1,GA,176,BLK_45S,3,NC,5,2025-10-14 17:20:00,2025-10-14 18:05:03,45.0,,공통
b190_mixed_ps_sub_r1,GA,176,BLK_45S,3,베이36B 론지취부,6,2025-10-14 18:05:03,2025-10-14 19:14:33,69.5,36B,베이36B
b190_mixed_ps_sub_r1,GA,176,BLK_45S,3,베이36B 론지용접,7,2025-10-14 19:14:33,2025-10-14 19:37:45,23.2,36B,베이36B
b190_mixed_ps_sub_r1,GA,176,BLK_45S,3,베이36B 수정,8,2025-10-14 19:37:45,2025-10-14 20:20:09,42.4,36B,베이36B
b190_mixed_ps_sub_r1,GA,99,BLK_99C,4,판계,1,2025-10-14 09:53:00,2025-10-14 10:23:00,30.0,,공통
b190_mixed_ps_sub_r1,GA,99,BLK_99C,4,전면SAW,2,2025-10-14 15:46:58,2025-10-14 16:18:30,31.5,,공통
b190_mixed_ps_sub_r1,GA,99,BLK_99C,4,TurnOver,3,2025-10-14 16:18:30,2025-10-14 16:30:30,12.0,,공통
b190_mixed_ps_sub_r1,GA,99,BLK_99C,4,후면SAW,4,2025-10-14 17:20:00,2025-10-14 17:40:22,20.4,,공통
b190_mixed_ps_sub_r1,GA,99,BLK_99C,4,NC,5,2025-10-14 18:05:03,2025-10-14 18:55:18,50.2,,공통
b190_mixed_ps_sub_r1,GA,99,BLK_99C,4,베이36B 론지취부,6,2025-10-14 19:14:33,2025-10-14 20:48:33,94.0,36B,베이36B
b190_mixed_ps_sub_r1,GA,99,BLK_99C,4,베이36B 론지용접,7,2025-10-14 20:48:33,2025-10-14 21:15:57,27.4,36B,베이36B
b190_mixed_ps_sub_r1,GA,99,BLK_99C,4,베이36B 수정,8,2025-10-14 21:15:57,2025-10-14 22:13:45,57.8,36B,베이36B
b190_mixed_ps_sub_r1,GA,15,BLK_15S,5,판계,1,2025-10-14 10:23:00,2025-10-14 11:01:00,38.0,,공통
b190_mixed_ps_sub_r1,GA,15,BLK_15S,5,전면SAW,2,2025-10-14 16:18:30,2025-10-14 18:03:43,105.2,,공통
b190_mixed_ps_sub_r1,GA,15,BLK_15S,5,TurnOver,3,2025-10-14 18:03:43,2025-10-14 18:15:43,12.0,,공통
b190_mixed_ps_sub_r1,GA,15,BLK_15S,5,후면SAW,4,2025-10-14 18:15:43,2025-10-14 19:39:26,83.7,,공통
b190_mixed_ps_sub_r1,GA,15,BLK_15S,5,NC,5,2025-10-14 19:39:26,2025-10-14 20:27:38,48.2,,공통
b190_mixed_ps_sub_r1,GA,15,BLK_15S,5,베이35A 론지취부,6,2025-10-14 20:27:38,2025-10-14 22:01:38,94.0,35A,베이35A
b190_mixed_ps_sub_r1,GA,15,BLK_15S,5,베이35A 론지용접,7,2025-10-14 22:01:38,2025-10-14 22:29:02,27.4,35A,베이35A
b190_mixed_ps_sub_r1,GA,15,BLK_15S,5,베이35A 수정,8,2025-10-14 22:29:02,2025-10-14 23:26:50,57.8,35A,베이35A
b190_mixed_ps_sub_r1,GA,23,BLK_23C,6,판계,1,2025-10-14 11:01:00,2025-10-14 11:31:00,30.0,,공통
b190_mixed_ps_sub_r1,GA,23,BLK_23C,6,전면SAW,2,2025-10-14 18:03:43,2025-10-14 18:35:39,31.9,,공통
b190_mixed_ps_sub_r1,GA,23,BLK_23C,6,TurnOver,3,2025-10-14 18:35:39,2025-10-14 18:47:39,12.0,,공통
b190_mixed_ps_sub_r1,GA,23,BLK_23C,6,후면SAW,4,2025-10-14 19:39:26,2025-10-14 20:00:18,20.9,,공통
b190_mixed_ps_sub_r1,GA,23,BLK_23C,6,NC,5,2025-10-14 20:27:38,2025-10-14 21:18:07,50.5,,공통
b190_mixed_ps_sub_r1,GA,23,BLK_23C,6,베이36B 론지취부,6,2025-10-14 21:18:07,2025-10-14 22:55:37,97.5,36B,베이36B
b190_mixed_ps_sub_r1,GA,23,BLK_23C,6,베이36B 론지용접,7,2025-10-14 22:55:37,2025-10-14 23:23:37,28.0,36B,베이36B
b190_mixed_ps_sub_r1,GA,23,BLK_23C,6,베이36B 수정,8,2025-10-14 23:23:37,2025-10-15 00:23:37,60.0,36B,베이36B
b190_mixed_ps_sub_r1,GA,45,BLK_45P,7,판계,1,2025-10-14 11:31:00,2025-10-14 12:09:00,38.0,,공통
b190_mixed_ps_sub_r1,GA,45,BLK_45P,7,전면SAW,2,2025-10-14 18:35:39,2025-10-14 20:17:57,102.3,,공통
b190_mixed_ps_sub_r1,GA,45,BLK_45P,7,TurnOver,3,2025-10-14 20:17:57,2025-10-14 20:29:57,12.0,,공통
b190_mixed_ps_sub_r1,GA,45,BLK_45P,7,후면SAW,4,2025-10-14 20:29:57,2025-10-14 21:51:00,81.0,,공통
b190_mixed_ps_sub_r1,GA,45,BLK_45P,7,NC,5,2025-10-14 21:51:00,2025-10-14 22:36:03,45.0,,공통
b190_mixed_ps_sub_r1,GA,45,BLK_45P,7,베이35A 론지취부,6,2025-10-14 22:36:03,2025-10-14 23:45:33,69.5,35A,베이35A
b190_mixed_ps_sub_r1,GA,45,BLK_45P,7,베이35A 론지용접,7,2025-10-14 23:45:33,2025-10-15 00:08:45,23.2,35A,베이35A
b190_mixed_ps_sub_r1,GA,45,BLK_45P,7,베이35A 수정,8,2025-10-15 00:08:45,2025-10-15 00:51:09,42.4,35A,베이35A
b190_mixed_ps_sub_r1,GA,57,BLK_57P,8,판계,1,2025-10-14 12:09:00,2025-10-14 12:39:00,30.0,,공통
b190_mixed_ps_sub_r1,GA,57,BLK_57P,8,전면SAW,2,2025-10-14 20:17:57,2025-10-14 20:48:28,30.5,,공통
b190_mixed_ps_sub_r1,GA,57,BLK_57P,8,TurnOver,3,2025-10-14 20:48:28,2025-10-14 21:00:28,12.0,,공통
b190_mixed_ps_sub_r1,GA,57,BLK_57P,8,후면SAW,4,2025-10-14 21:51:00,2025-10-14 22:10:01,19.0,,공통
b190_mixed_ps_sub_r1,GA,57,BLK_57P,8,NC,5,2025-10-14 22:36:03,2025-10-14 23:17:31,41.5,,공통
b190_mixed_ps_sub_r1,GA,57,BLK_57P,8,베이36B 론지취부,6,2025-10-14 23:17:31,2025-10-15 00:30:31,73.0,36B,베이36B
b190_mixed_ps_sub_r1,GA,57,BLK_57P,8,베이36B 론지용접,7,2025-10-15 00:30:31,2025-10-15 00:54:19,23.8,36B,베이36B
b190_mixed_ps_sub_r1,GA,57,BLK_57P,8,베이36B 수정,8,2025-10-15 00:54:19,2025-10-15 01:38:55,44.6,36B,베이36B
b190_mixed_ps_sub_r1,GA,128,BLK_128S,9,판계,1,2025-10-14 12:39:00,2025-10-14 13:24:00,45.0,,공통
b190_mixed_ps_sub_r1,GA,128,BLK_128S,9,전면SAW,2,2025-10-14 20:48:28,2025-10-14 23:39:16,170.8,,공통
b190_mixed_ps_sub_r1,GA,128,BLK_128S,9,TurnOver,3,2025-10-14 23:39:16,2025-10-14 23:51:16,12.0,,공통
b190_mixed_ps_sub_r1,GA,128,BLK_128S,9,후면SAW,4,2025-10-14 23:51:16,2025-10-15 01:55:11,123.9,,공통
b190_mixed_ps_sub_r1,GA,128,BLK_128S,9,NC,5,2025-10-15 01:55:11,2025-10-15 02:50:23,55.2,,공통
b190_mixed_ps_sub_r1,GA,128,BLK_128S,9,베이35A 론지취부,6,2025-10-15 02:50:23,2025-10-15 04:10:23,80.0,35A,베이35A
b190_mixed_ps_sub_r1,GA,128,BLK_128S,9,베이35A 론지용접,7,2025-10-15 04:10:23,2025-10-15 04:35:23,25.0,35A,베이35A
b190_mixed_ps_sub_r1,GA,128,BLK_128S,9,베이35A 수정,8,2025-10-15 04:35:23,2025-10-15 05:24:23,49.0,35A,베이35A
b190_mixed_ps_sub_r1,GA,65,BLK_65P,10,판계,1,2025-10-14 13:24:00,2025-10-14 13:44:00,20.0,,공통
b190_mixed_ps_sub_r1,GA,65,BLK_65P,10,전면SAW,2,2025-10-14 23:39:16,2025-10-15 00:16:58,37.7,,공통
b190_mixed_ps_sub_r1,GA,65,BLK_65P,10,TurnOver,3,2025-10-15 00:16:58,2025-10-15 00:28:58,12.0,,공통
b190_mixed_ps_sub_r1,GA,65,BLK_65P,10,후면SAW,4,2025-10-15 01:55:11,2025-10-15 02:23:40,28.5,,공통
b190_mixed_ps_sub_r1,GA,65,BLK_65P,10,NC,5,2025-10-15 02:50:23,2025-10-15 03:20:57,30.6,,공통
b190_mixed_ps_sub_r1,GA,65,BLK_65P,10,베이36B 론지취부,6,2025-10-15 03:20:57,2025-10-15 04:26:57,66.0,36B,베이36B
b190_mixed_ps_sub_r1,GA,65,BLK_65P,10,베이36B 론지용접,7,2025-10-15 04:26:57,2025-10-15 04:49:33,22.6,36B,베이36B
b190_mixed_ps_sub_r1,GA,65,BLK_65P,10,베이36B 수정,8,2025-10-15 04:49:33,2025-10-15 05:29:45,40.2,36B,베이36B
b190_mixed_ps_sub_r1,GA,18,BLK_18P,11,판계,1,2025-10-14 13:44:00,2025-10-14 14:04:00,20.0,,공통
b190_mixed_ps_sub_r1,GA,18,BLK_18P,11,전면SAW,2,2025-10-15 00:16:58,2025-10-15 00:58:20,41.4,,공통
b190_mixed_ps_sub_r1,GA,18,BLK_18P,11,TurnOver,3,2025-10-15 00:58:20,2025-10-15 01:10:20,12.0,,공통
b190_mixed_ps_sub_r1,GA,18,BLK_18P,11,후면SAW,4,2025-10-15 02:23:40,2025-10-15 02:56:58,33.3,,공통
b190_mixed_ps_sub_r1,GA,18,BLK_18P,11,NC,5,2025-10-15 03:20:57,2025-10-15 03:47:28,26.5,,공통
b190_mixed_ps_sub_r1,GA,18,BLK_18P,11,베이35A 론지취부,6,2025-10-15 04:10:23,2025-10-15 04:51:53,41.5,35A,베이35A
b190_mixed_ps_sub_r1,GA,18,BLK_18P,11,베이35A 론지용접,7,2025-10-15 04:51:53,2025-10-15 05:10:17,18.4,35A,베이35A
b190_mixed_ps_sub_r1,GA,18,BLK_18P,11,베이35A 수정,8,2025-10-15 05:24:23,2025-10-15 05:49:11,24.8,35A,베이35A
b190_mixed_ps_sub_r1,GA,109,BLK_109C,12,판계,1,2025-10-14 14:04:00,2025-10-14 14:34:00,30.0,,공통
b190_mixed_ps_sub_r1,GA,109,BLK_109C,12,전면SAW,2,2025-10-15 00:58:20,2025-10-15 01:31:03,32.7,,공통
b190_mixed_ps_sub_r1,GA,109,BLK_109C,12,TurnOver,3,2025-10-15 01:31:03,2025-10-15 01:43:03,12.0,,공통
b190_mixed_ps_sub_r1,GA,109,BLK_109C,12,후면SAW,4,2025-10-15 02:56:58,2025-10-15 03:18:54,21.9,,공통
b190_mixed_ps_sub_r1,GA,109,BLK_109C,12,NC,5,2025-10-15 03:47:28,2025-10-15 04:31:44,44.3,,공통
b190_mixed_ps_sub_r1,GA,109,BLK_109C,12,베이36B 론지취부,6,2025-10-15 04:31:44,2025-10-15 05:58:44,87.0,36B,베이36B
b190_mixed_ps_sub_r1,GA,109,BLK_109C,12,베이36B 론지용접,7,2025-10-15 05:58:44,2025-10-15 06:24:56,26.2,36B,베이36B
b190_mixed_ps_sub_r1,GA,109,BLK_109C,12,베이36B 수정,8,2025-10-15 06:24:56,2025-10-15 07:18:20,53.4,36B,베이36B
b190_mixed_ps_sub_r1,GA,119,BLK_119P,13,판계,1,2025-10-14 14:34:00,2025-10-14 14:59:00,25.0,,공통
b190_mixed_ps_sub_r1,GA,119,BLK_119P,13,전면SAW,2,2025-10-15 01:31:03,2025-10-15 01:58:55,27.9,,공통
b190_mixed_ps_sub_r1,GA,119,BLK_119P,13,TurnOver,3,2025-10-15 01:58:55,2025-10-15 02:10:55,12.0,,공통
b190_mixed_ps_sub_r1,GA,119,BLK_119P,13,후면SAW,4,2025-10-15 03:18:54,2025-10-15 03:34:26,15.5,,공통
b190_mixed_ps_sub_r1,GA,119,BLK_119P,13,NC,5,2025-10-15 04:31:44,2025-10-15 05:04:10,32.4,,공통
b190_mixed_ps_sub_r1,GA,119,BLK_119P,13,베이35A 론지취부,6,2025-10-15 05:04:10,2025-10-15 05:52:40,48.5,35A,베이35A
b190_mixed_ps_sub_r1,GA,119,BLK_119P,13,베이35A 론지용접,7,2025-10-15 05:52:40,2025-10-15 06:12:16,19.6,35A,베이35A
b190_mixed_ps_sub_r1,GA,119,BLK_119P,13,베이35A 수정,8,2025-10-15 06:12:16,2025-10-15 06:41:28,29.2,35A,베이35A
b190_mixed_ps_sub_r1,GA,159,BLK_159C,14,판계,1,2025-10-14 14:59:00,2025-10-14 15:39:00,40.0,,공통
b190_mixed_ps_sub_r1,GA,159,BLK_159C,14,전면SAW,2,2025-10-15 01:58:55,2025-10-15 04:05:20,126.4,,공통
b190_mixed_ps_sub_r1,GA,159,BLK_159C,14,TurnOver,3,2025-10-15 04:05:20,2025-10-15 04:17:20,12.0,,공통
b190_mixed_ps_sub_r1,GA,159,BLK_159C,14,후면SAW,4,2025-10-15 04:17:20,2025-10-15 05:48:35,91.2,,공통
b190_mixed_ps_sub_r1,GA,159,BLK_159C,14,NC,5,2025-10-15 05:48:35,2025-10-15 06:32:59,44.4,,공통
b190_mixed_ps_sub_r1,GA,159,BLK_159C,14,베이36B 론지취부,6,2025-10-15 06:32:59,2025-10-15 07:28:29,55.5,36B,베이36B
b190_mixed_ps_sub_r1,GA,159,BLK_159C,14,베이36B 론지용접,7,2025-10-15 07:28:29,2025-10-15 07:49:17,20.8,36B,베이36B
b190_mixed_ps_sub_r1,GA,159,BLK_159C,14,베이36B 수정,8,2025-10-15 07:49:17,2025-10-15 08:22:53,33.6,36B,베이36B
b190_mixed_ps_sub_r1,GA,26,BLK_26S,15,판계,1,2025-10-14 15:39:00,2025-10-14 15:51:00,12.0,,공통
b190_mixed_ps_sub_r1,GA,26,BLK_26S,15,전면SAW,2,2025-10-15 04:05:20,2025-10-15 04:44:02,38.7,,공통
b190_mixed_ps_sub_r1,GA,26,BLK_26S,15,TurnOver,3,2025-10-15 04:44:02,2025-10-15 04:56:02,12.0,,공통
b190_mixed_ps_sub_r1,GA,26,BLK_26S,15,후면SAW,4,2025-10-15 05:48:35,2025-10-15 06:18:23,29.8,,공통
b190_mixed_ps_sub_r1,GA,26,BLK_26S,15,NC,5,2025-10-15 06:32:59,2025-10-15 06:54:29,21.5,,공통
b190_mixed_ps_sub_r1,GA,26,BLK_26S,15,베이35A 론지취부,6,2025-10-15 06:54:29,2025-10-15 07:32:29,38.0,35A,베이35A
b190_mixed_ps_sub_r1,GA,26,BLK_26S,15,베이35A 론지용접,7,2025-10-15 07:32:29,2025-10-15 07:50:17,17.8,35A,베이35A
b190_mixed_ps_sub_r1,GA,26,BLK_26S,15,베이35A 수정,8,2025-10-15 07:50:17,2025-10-15 08:12:53,22.6,35A,베이35A
b190_mixed_ps_sub_r1,GA,34,BLK_34S,16,판계,1,2025-10-14 15:51:00,2025-10-14 16:36:00,45.0,,공통
b190_mixed_ps_sub_r1,GA,34,BLK_34S,16,전면SAW,2,2025-10-15 04:44:02,2025-10-15 05:26:21,42.3,,공통
b190_mixed_ps_sub_r1,GA,34,BLK_34S,16,TurnOver,3,2025-10-15 05:26:21,2025-10-15 05:38:21,12.0,,공통
b190_mixed_ps_sub_r1,GA,34,BLK_34S,16,후면SAW,4,2025-10-15 06:18:23,2025-10-15 06:52:57,34.6,,공통
b190_mixed_ps_sub_r1,GA,34,BLK_34S,16,NC,5,2025-10-15 06:54:29,2025-10-15 07:48:59,54.5,,공통
b190_mixed_ps_sub_r1,GA,34,BLK_34S,16,베이36B 론지취부,6,2025-10-15 07:48:59,2025-10-15 09:33:29,104.5,36B,베이36B
b190_mixed_ps_sub_r1,GA,34,BLK_34S,16,베이36B 론지용접,7,2025-10-15 09:33:29,2025-10-15 10:02:41,29.2,36B,베이36B
b190_mixed_ps_sub_r1,GA,34,BLK_34S,16,베이36B 수정,8,2025-10-15 10:02:41,2025-10-15 11:07:05,64.4,36B,베이36B
b190_mixed_ps_sub_r1,GA,142,BLK_142S,17,판계,1,2025-10-14 16:36:00,2025-10-14 17:14:00,38.0,,공통
b190_mixed_ps_sub_r1,GA,142,BLK_142S,17,전면SAW,2,2025-10-15 05:26:21,2025-10-15 07:17:04,110.7,,공통
b190_mixed_ps_sub_r1,GA,142,BLK_142S,17,TurnOver,3,2025-10-15 07:17:04,2025-10-15 07:29:04,12.0,,공통
b190_mixed_ps_sub_r1,GA,142,BLK_142S,17,후면SAW,4,2025-10-15 07:29:04,2025-10-15 08:57:46,88.7,,공통
b190_mixed_ps_sub_r1,GA,142,BLK_142S,17,NC,5,2025-10-15 08:57:46,2025-10-15 09:45:40,47.9,,공통
b190_mixed_ps_sub_r1,GA,142,BLK_142S,17,베이35A 론지취부,6,2025-10-15 09:45:40,2025-10-15 11:09:10,83.5,35A,베이35A
b190_mixed_ps_sub_r1,GA,142,BLK_142S,17,베이35A 론지용접,7,2025-10-15 11:09:10,2025-10-15 11:34:46,25.6,35A,베이35A
b190_mixed_ps_sub_r1,GA,142,BLK_142S,17,베이35A 수정,8,2025-10-15 11:34:46,2025-10-15 12:25:58,51.2,35A,베이35A
b190_mixed_ps_sub_r1,GA,74,BLK_74C,1,판계,1,2025-10-15 08:00:00,2025-10-15 08:30:00,30.0,,공통
b190_mixed_ps_sub_r1,GA,74,BLK_74C,1,전면SAW,2,2025-10-15 08:30:00,2025-10-15 09:01:37,31.6,,공통
b190_mixed_ps_sub_r1,GA,74,BLK_74C,1,TurnOver,3,2025-10-15 09:01:37,2025-10-15 09:13:37,12.0,,공통
b190_mixed_ps_sub_r1,GA,74,BLK_74C,1,후면SAW,4,2025-10-15 09:13:37,2025-10-15 09:34:06,20.5,,공통
b190_mixed_ps_sub_r1,GA,74,BLK_74C,1,NC,5,2025-10-15 09:45:40,2025-10-15 10:34:27,48.8,,공통
b190_mixed_ps_sub_r1,GA,74,BLK_74C,1,베이36B 론지취부,6,2025-10-15 10:34:27,2025-10-15 11:47:27,73.0,36B,베이36B
b190_mixed_ps_sub_r1,GA,74,BLK_74C,1,베이36B 론지용접,7,2025-10-15 11:47:27,2025-10-15 12:11:15,23.8,36B,베이36B
b190_mixed_ps_sub_r1,GA,74,BLK_74C,1,베이36B 수정,8,2025-10-15 12:11:15,2025-10-15 12:55:51,44.6,36B,베이36B
b190_mixed_ps_sub_r1,GA,75,BLK_75C,2,판계,1,2025-10-15 08:30:00,2025-10-15 08:50:00,20.0,,공통
b190_mixed_ps_sub_r1,GA,75,BLK_75C,2,전면SAW,2,2025-10-15 09:01:37,2025-10-15 10:41:08,99.5,,공통
b190_mixed_ps_sub_r1,GA,75,BLK_75C,2,TurnOver,3,2025-10-15 10:41:08,2025-10-15 10:53:08,12.0,,공통
b190_mixed_ps_sub_r1,GA,75,BLK_75C,2,후면SAW,4,2025-10-15 10:53:08,2025-10-15 12:11:38,78.5,,공통
b190_mixed_ps_sub_r1,GA,75,BLK_75C,2,NC,5,2025-10-15 12:11:38,2025-10-15 12:36:45,25.1,,공통
b190_mixed_ps_sub_r1,GA,75,BLK_75C,2,베이35A 론지취부,6,2025-10-15 12:36:45,2025-10-15 13:18:15,41.5,35A,베이35A
b190_mixed_ps_sub_r1,GA,75,BLK_75C,2,베이35A 론지용접,7,2025-10-15 13:18:15,2025-10-15 13:32:39,14.4,35A,베이35A
b190_mixed_ps_sub_r1,GA,75,BLK_75C,2,베이35A 수정,8,2025-10-15 13:32:39,2025-10-15 13:57:27,24.8,35A,베이35A
b190_mixed_ps_sub_r1,GA,85,BLK_85C,3,판계,1,2025-10-15 08:50:00,2025-10-15 09:15:00,25.0,,공통
b190_mixed_ps_sub_r1,GA,85,BLK_85C,3,전면SAW,2,2025-10-15 10:41:08,2025-10-15 11:12:48,31.7,,공통
b190_mixed_ps_sub_r1,GA,85,BLK_85C,3,TurnOver,3,2025-10-15 11:12:48,2025-10-15 11:24:48,12.0,,공통
b190_mixed_ps_sub_r1,GA,85,BLK_85C,3,후면SAW,4,2025-10-15 12:11:38,2025-10-15 12:32:11,20.6,,공통
b190_mixed_ps_sub_r1,GA,85,BLK_85C,3,NC,5,2025-10-15 12:36:45,2025-10-15 13:08:44,32.0,,공통
b190_mixed_ps_sub_r1,GA,85,BLK_85C,3,베이36B 론지취부,6,2025-10-15 13:08:44,2025-10-15 14:07:44,59.0,36B,베이36B
b190_mixed_ps_sub_r1,GA,85,BLK_85C,3,베이36B 론지용접,7,2025-10-15 14:07:44,2025-10-15 14:29:08,21.4,36B,베이36B
b190_mixed_ps_sub_r1,GA,85,BLK_85C,3,베이36B 수정,8,2025-10-15 14:29:08,2025-10-15 15:04:56,35.8,36B,베이36B
b190_mixed_ps_sub_r1,GA,87,BLK_87P,4,판계,1,2025-10-15 09:15:00,2025-10-15 09:45:00,30.0,,공통
b190_mixed_ps_sub_r1,GA,87,BLK_87P,4,전면SAW,2,2025-10-15 11:12:48,2025-10-15 11:49:54,37.1,,공통
b190_mixed_ps_sub_r1,GA,87,BLK_87P,4,TurnOver,3,2025-10-15 11:49:54,2025-10-15 12:01:54,12.0,,공통
b190_mixed_ps_sub_r1,GA,87,BLK_87P,4,후면SAW,4,2025-10-15 12:32:11,2025-10-15 12:59:52,27.7,,공통
b190_mixed_ps_sub_r1,GA,87,BLK_87P,4,NC,5,2025-10-15 13:08:44,2025-10-15 13:56:27,47.7,,공통
b190_mixed_ps_sub_r1,GA,87,BLK_87P,4,베이35A 론지취부,6,2025-10-15 13:56:27,2025-10-15 15:26:57,90.5,35A,베이35A
b190_mixed_ps_sub_r1,GA,87,BLK_87P,4,베이35A 론지용접,7,2025-10-15 15:26:57,2025-10-15 15:53:45,26.8,35A,베이35A
b190_mixed_ps_sub_r1,GA,87,BLK_87P,4,베이35A 수정,8,2025-10-15 15:53:45,2025-10-15 16:49:21,55.6,35A,베이35A
b190_mixed_ps_sub_r1,GA,38,BLK_38P,5,판계,1,2025-10-15 09:45:00,2025-10-15 10:30:00,45.0,,공통
b190_mixed_ps_sub_r1,GA,38,BLK_38P,5,전면SAW,2,2025-10-15 11:49:54,2025-10-15 14:26:53,157.0,,공통
b190_mixed_ps_sub_r1,GA,38,BLK_38P,5,TurnOver,3,2025-10-15 14:26:53,2025-10-15 14:38:53,12.0,,공통
b190_mixed_ps_sub_r1,GA,38,BLK_38P,5,후면SAW,4,2025-10-15 14:38:53,2025-10-15 16:34:36,115.7,,공통
b190_mixed_ps_sub_r1,GA,38,BLK_38P,5,NC,5,2025-10-15 16:34:36,2025-10-15 17:28:52,54.3,,공통
b190_mixed_ps_sub_r1,GA,38,BLK_38P,5,베이36B 론지취부,6,2025-10-15 17:28:52,2025-10-15 18:45:22,76.5,36B,베이36B
b190_mixed_ps_sub_r1,GA,38,BLK_38P,5,베이36B 론지용접,7,2025-10-15 18:45:22,2025-10-15 19:09:46,24.4,36B,베이36B
b190_mixed_ps_sub_r1,GA,38,BLK_38P,5,베이36B 수정,8,2025-10-15 19:09:46,2025-10-15 19:56:34,46.8,36B,베이36B
b190_mixed_ps_sub_r1,GA,137,BLK_137C,6,판계,1,2025-10-15 10:30:00,2025-10-15 11:00:00,30.0,,공통
b190_mixed_ps_sub_r1,GA,137,BLK_137C,6,전면SAW,2,2025-10-15 14:26:53,2025-10-15 14:59:31,32.6,,공통
b190_mixed_ps_sub_r1,GA,137,BLK_137C,6,TurnOver,3,2025-10-15 14:59:31,2025-10-15 15:11:31,12.0,,공통
b190_mixed_ps_sub_r1,GA,137,BLK_137C,6,후면SAW,4,2025-10-15 16:34:36,2025-10-15 16:56:24,21.8,,공통
b190_mixed_ps_sub_r1,GA,137,BLK_137C,6,NC,5,2025-10-15 17:28:52,2025-10-15 18:18:45,49.9,,공통
b190_mixed_ps_sub_r1,GA,137,BLK_137C,6,베이35A 론지취부,6,2025-10-15 18:18:45,2025-10-15 19:56:15,97.5,35A,베이35A
b190_mixed_ps_sub_r1,GA,137,BLK_137C,6,베이35A 론지용접,7,2025-10-15 19:56:15,2025-10-15 20:24:15,28.0,35A,베이35A
b190_mixed_ps_sub_r1,GA,137,BLK_137C,6,베이35A 수정,8,2025-10-15 20:24:15,2025-10-15 21:24:15,60.0,35A,베이35A
b190_mixed_ps_sub_r1,GA,148,BLK_148S,7,판계,1,2025-10-15 11:00:00,2025-10-15 11:12:00,12.0,,공통
b190_mixed_ps_sub_r1,GA,148,BLK_148S,7,전면SAW,2,2025-10-15 14:59:31,2025-10-15 15:55:19,55.8,,공통
b190_mixed_ps_sub_r1,GA,148,BLK_148S,7,TurnOver,3,2025-10-15 15:55:19,2025-10-15 16:07:19,12.0,,공통
b190_mixed_ps_sub_r1,GA,148,BLK_148S,7,후면SAW,4,2025-10-15 16:56:24,2025-10-15 17:48:43,52.3,,공통
b190_mixed_ps_sub_r1,GA,148,BLK_148S,7,NC,5,2025-10-15 18:18:45,2025-10-15 18:39:10,20.4,,공통
b190_mixed_ps_sub_r1,GA,148,BLK_148S,7,베이36B 론지취부,6,2025-10-15 18:45:22,2025-10-15 18:58:52,13.5,36B,베이36B
b190_mixed_ps_sub_r1,GA,148,BLK_148S,7,베이36B 론지용접,7,2025-10-15 19:09:46,2025-10-15 19:19:22,9.6,36B,베이36B
b190_mixed_ps_sub_r1,GA,148,BLK_148S,7,베이36B 수정,8,2025-10-15 19:56:34,2025-10-15 20:03:46,7.2,36B,베이36B
b190_mixed_ps_sub_r1,GA,19,BLK_19S,8,판계,1,2025-10-15 11:12:00,2025-10-15 11:40:00,28.0,,공통
b190_mixed_ps_sub_r1,GA,19,BLK_19S,8,전면SAW,2,2025-10-15 15:55:19,2025-10-15 18:13:12,137.9,,공통
b190_mixed_ps_sub_r1,GA,19,BLK_19S,8,TurnOver,3,2025-10-15 18:13:12,2025-10-15 18:25:12,12.0,,공통
b190_mixed_ps_sub_r1,GA,19,BLK_19S,8,후면SAW,4,2025-10-15 18:25:12,2025-10-15 20:18:41,113.5,,공통
b190_mixed_ps_sub_r1,GA,19,BLK_19S,8,NC,5,2025-10-15 20:18:41,2025-10-15 20:54:15,35.6,,공통
b190_mixed_ps_sub_r1,GA,19,BLK_19S,8,베이35A 론지취부,6,2025-10-15 20:54:15,2025-10-15 21:42:45,48.5,35A,베이35A
b190_mixed_ps_sub_r1,GA,19,BLK_19S,8,베이35A 론지용접,7,2025-10-15 21:42:45,2025-10-15 22:02:21,19.6,35A,베이35A
b190_mixed_ps_sub_r1,GA,19,BLK_19S,8,베이35A 수정,8,2025-10-15 22:02:21,2025-10-15 22:31:33,29.2,35A,베이35A
b190_mixed_ps_sub_r1,GA,27,BLK_27P,9,판계,1,2025-10-15 11:40:00,2025-10-15 12:00:00,20.0,,공통
b190_mixed_ps_sub_r1,GA,27,BLK_27P,9,전면SAW,2,2025-10-15 18:13:12,2025-10-15 19:14:42,61.5,,공통
b190_mixed_ps_sub_r1,GA,27,BLK_27P,9,TurnOver,3,2025-10-15 19:14:42,2025-10-15 19:26:42,12.0,,공통
b190_mixed_ps_sub_r1,GA,27,BLK_27P,9,후면SAW,4,2025-10-15 20:18:41,2025-10-15 21:18:29,59.8,,공통
b190_mixed_ps_sub_r1,GA,27,BLK_27P,9,NC,5,2025-10-15 21:18:29,2025-10-15 21:50:05,31.6,,공통
b190_mixed_ps_sub_r1,GA,27,BLK_27P,9,베이36B 론지취부,6,2025-10-15 21:50:05,2025-10-15 22:56:05,66.0,36B,베이36B
b190_mixed_ps_sub_r1,GA,27,BLK_27P,9,베이36B 론지용접,7,2025-10-15 22:56:05,2025-10-15 23:18:41,22.6,36B,베이36B
b190_mixed_ps_sub_r1,GA,27,BLK_27P,9,베이36B 수정,8,2025-10-15 23:18:41,2025-10-15 23:58:53,40.2,36B,베이36B
b190_mixed_ps_sub_r1,GA,30,BLK_30C,10,판계,1,2025-10-15 12:00:00,2025-10-15 12:30:00,30.0,,공통
b190_mixed_ps_sub_r1,GA,30,BLK_30C,10,전면SAW,2,2025-10-15 19:14:42,2025-10-15 19:42:29,27.8,,공통
b190_mixed_ps_sub_r1,GA,30,BLK_30C,10,TurnOver,3,2025-10-15 19:42:29,2025-10-15 19:54:29,12.0,,공통
b190_mixed_ps_sub_r1,GA,30,BLK_30C,10,후면SAW,4,2025-10-15 21:18:29,2025-10-15 21:33:55,15.4,,공통
b190_mixed_ps_sub_r1,GA,30,BLK_30C,10,NC,5,2025-10-15 21:50:05,2025-10-15 22:33:29,43.4,,공통
b190_mixed_ps_sub_r1,GA,30,BLK_30C,10,베이35A 론지취부,6,2025-10-15 22:33:29,2025-10-15 23:42:59,69.5,35A,베이35A
b190_mixed_ps_sub_r1,GA,30,BLK_30C,10,베이35A 론지용접,7,2025-10-15 23:42:59,2025-10-16 00:06:11,23.2,35A,베이35A
b190_mixed_ps_sub_r1,GA,30,BLK_30C,10,베이35A 수정,8,2025-10-16 00:06:11,2025-10-16 00:48:35,42.4,35A,베이35A
b190_mixed_ps_sub_r1,GA,31,BLK_31S,11,판계,1,2025-10-15 12:30:00,2025-10-15 13:03:00,33.0,,공통
b190_mixed_ps_sub_r1,GA,31,BLK_31S,11,전면SAW,2,2025-10-15 19:42:29,2025-10-15 21:23:52,101.4,,공통
b190_mixed_ps_sub_r1,GA,31,BLK_31S,11,TurnOver,3,2025-10-15 21:23:52,2025-10-15 21:35:52,12.0,,공통
b190_mixed_ps_sub_r1,GA,31,BLK_31S,11,후면SAW,4,2025-10-15 21:35:52,2025-10-15 22:56:03,80.2,,공통
b190_mixed_ps_sub_r1,GA,31,BLK_31S,11,NC,5,2025-10-15 22:56:03,2025-10-15 23:36:09,40.1,,공통
b190_mixed_ps_sub_r1,GA,31,BLK_31S,11,베이36B 론지취부,6,2025-10-15 23:36:09,2025-10-16 00:28:09,52.0,36B,베이36B
b190_mixed_ps_sub_r1,GA,31,BLK_31S,11,베이36B 론지용접,7,2025-10-16 00:28:09,2025-10-16 00:48:21,20.2,36B,베이36B
b190_mixed_ps_sub_r1,GA,31,BLK_31S,11,베이36B 수정,8,2025-10-16 00:48:21,2025-10-16 01:19:45,31.4,36B,베이36B
b190_mixed_ps_sub_r1,GA,35,BLK_35C,12,판계,1,2025-10-15 13:03:00,2025-10-15 13:28:00,25.0,,공통
b190_mixed_ps_sub_r1,GA,35,BLK_35C,12,전면SAW,2,2025-10-15 21:23:52,2025-10-15 21:59:05,35.2,,공통
b190_mixed_ps_sub_r1,GA,35,BLK_35C,12,TurnOver,3,2025-10-15 21:59:05,2025-10-15 22:11:05,12.0,,공통
b190_mixed_ps_sub_r1,GA,35,BLK_35C,12,후면SAW,4,2025-10-15 22:56:03,2025-10-15 23:21:16,25.2,,공통
b190_mixed_ps_sub_r1,GA,35,BLK_35C,12,NC,5,2025-10-15 23:36:09,2025-10-16 00:12:12,36.0,,공통
b190_mixed_ps_sub_r1,GA,35,BLK_35C,12,베이35A 론지취부,6,2025-10-16 00:12:12,2025-10-16 01:18:12,66.0,35A,베이35A
b190_mixed_ps_sub_r1,GA,35,BLK_35C,12,베이35A 론지용접,7,2025-10-16 01:18:12,2025-10-16 01:40:48,22.6,35A,베이35A
b190_mixed_ps_sub_r1,GA,35,BLK_35C,12,베이35A 수정,8,2025-10-16 01:40:48,2025-10-16 02:21:00,40.2,35A,베이35A
b190_mixed_ps_sub_r1,GA,81,BLK_81P,13,판계,1,2025-10-15 13:28:00,2025-10-15 14:06:00,38.0,,공통
b190_mixed_ps_sub_r1,GA,81,BLK_81P,13,전면SAW,2,2025-10-15 21:59:05,2025-10-15 23:55:21,116.3,,공통
b190_mixed_ps_sub_r1,GA,81,BLK_81P,13,TurnOver,3,2025-10-15 23:55:21,2025-10-16 00:07:21,12.0,,공통
b190_mixed_ps_sub_r1,GA,81,BLK_81P,13,후면SAW,4,2025-10-16 00:07:21,2025-10-16 02:04:54,117.6,,공통
b190_mixed_ps_sub_r1,GA,81,BLK_81P,13,NC,5,2025-10-16 02:04:54,2025-10-16 02:52:16,47.4,,공통
b190_mixed_ps_sub_r1,GA,81,BLK_81P,13,베이36B 론지취부,6,2025-10-16 02:52:16,2025-10-16 04:01:46,69.5,36B,베이36B
b190_mixed_ps_sub_r1,GA,81,BLK_81P,13,베이36B 론지용접,7,2025-10-16 04:01:46,2025-10-16 04:24:58,23.2,36B,베이36B
b190_mixed_ps_sub_r1,GA,81,BLK_81P,13,베이36B 수정,8,2025-10-16 04:24:58,2025-10-16 05:07:22,42.4,36B,베이36B
b190_mixed_ps_sub_r1,GA,42,BLK_42S,14,판계,1,2025-10-15 14:06:00,2025-10-15 14:36:00,30.0,,공통
b190_mixed_ps_sub_r1,GA,42,BLK_42S,14,전면SAW,2,2025-10-15 23:55:21,2025-10-16 00:30:34,35.2,,공통
b190_mixed_ps_sub_r1,GA,42,BLK_42S,14,TurnOver,3,2025-10-16 00:30:34,2025-10-16 00:42:34,12.0,,공통
b190_mixed_ps_sub_r1,GA,42,BLK_42S,14,후면SAW,4,2025-10-16 02:04:54,2025-10-16 02:30:09,25.2,,공통
b190_mixed_ps_sub_r1,GA,42,BLK_42S,14,NC,5,2025-10-16 02:52:16,2025-10-16 03:36:45,44.5,,공통
b190_mixed_ps_sub_r1,GA,42,BLK_42S,14,베이35A 론지취부,6,2025-10-16 03:36:45,2025-10-16 04:46:15,69.5,35A,베이35A
b190_mixed_ps_sub_r1,GA,42,BLK_42S,14,베이35A 론지용접,7,2025-10-16 04:46:15,2025-10-16 05:09:27,23.2,35A,베이35A
b190_mixed_ps_sub_r1,GA,42,BLK_42S,14,베이35A 수정,8,2025-10-16 05:09:27,2025-10-16 05:51:51,42.4,35A,베이35A
b190_mixed_ps_sub_r1,GA,88,BLK_88S,15,판계,1,2025-10-15 14:36:00,2025-10-15 15:03:00,27.0,,공통
b190_mixed_ps_sub_r1,GA,88,BLK_88S,15,전면SAW,2,2025-10-16 00:30:34,2025-10-16 02:50:25,139.8,,공통
b190_mixed_ps_sub_r1,GA,88,BLK_88S,15,TurnOver,3,2025-10-16 02:50:25,2025-10-16 03:02:25,12.0,,공통
b190_mixed_ps_sub_r1,GA,88,BLK_88S,15,후면SAW,4,2025-10-16 03:02:25,2025-10-16 04:44:24,102.0,,공통
b190_mixed_ps_sub_r1,GA,88,BLK_88S,15,NC,5,2025-10-16 04:44:24,2025-10-16 05:17:49,33.4,,공통
b190_mixed_ps_sub_r1,GA,88,BLK_88S,15,베이36B 론지취부,6,2025-10-16 05:17:49,2025-10-16 06:02:49,45.0,36B,베이36B
b190_mixed_ps_sub_r1,GA,88,BLK_88S,15,베이36B 론지용접,7,2025-10-16 06:02:49,2025-10-16 06:21:49,19.0,36B,베이36B
b190_mixed_ps_sub_r1,GA,88,BLK_88S,15,베이36B 수정,8,2025-10-16 06:21:49,2025-10-16 06:48:49,27.0,36B,베이36B
b190_mixed_ps_sub_r1,GA,50,BLK_50P,16,판계,1,2025-10-15 15:03:00,2025-10-15 15:28:00,25.0,,공통
b190_mixed_ps_sub_r1,GA,50,BLK_50P,16,전면SAW,2,2025-10-16 02:50:25,2025-10-16 03:17:58,27.6,,공통
b190_mixed_ps_sub_r1,GA,50,BLK_50P,16,TurnOver,3,2025-10-16 03:17:58,2025-10-16 03:29:58,12.0,,공통
b190_mixed_ps_sub_r1,GA,50,BLK_50P,16,후면SAW,4,2025-10-16 04:44:24,2025-10-16 04:59:33,15.1,,공통
b190_mixed_ps_sub_r1,GA,50,BLK_50P,16,NC,5,2025-10-16 05:17:49,2025-10-16 05:49:24,31.6,,공통
b190_mixed_ps_sub_r1,GA,50,BLK_50P,16,베이35A 론지취부,6,2025-10-16 05:49:24,2025-10-16 06:34:24,45.0,35A,베이35A
b190_mixed_ps_sub_r1,GA,50,BLK_50P,16,베이35A 론지용접,7,2025-10-16 06:34:24,2025-10-16 06:53:24,19.0,35A,베이35A
b190_mixed_ps_sub_r1,GA,50,BLK_50P,16,베이35A 수정,8,2025-10-16 06:53:24,2025-10-16 07:20:24,27.0,35A,베이35A
b190_mixed_ps_sub_r1,GA,66,BLK_66C,17,판계,1,2025-10-15 15:28:00,2025-10-15 15:58:00,30.0,,공통
b190_mixed_ps_sub_r1,GA,66,BLK_66C,17,전면SAW,2,2025-10-16 03:17:58,2025-10-16 05:10:11,112.2,,공통
b190_mixed_ps_sub_r1,GA,66,BLK_66C,17,TurnOver,3,2025-10-16 05:10:11,2025-10-16 05:22:11,12.0,,공통
b190_mixed_ps_sub_r1,GA,66,BLK_66C,17,후면SAW,4,2025-10-16 05:22:11,2025-10-16 07:15:01,112.8,,공통
b190_mixed_ps_sub_r1,GA,66,BLK_66C,17,NC,5,2025-10-16 07:15:01,2025-10-16 08:09:28,54.4,,공통
b190_mixed_ps_sub_r1,GA,66,BLK_66C,17,베이36B 론지취부,6,2025-10-16 08:09:28,2025-10-16 09:32:58,83.5,36B,베이36B
b190_mixed_ps_sub_r1,GA,66,BLK_66C,17,베이36B 론지용접,7,2025-10-16 09:32:58,2025-10-16 09:58:34,25.6,36B,베이36B
b190_mixed_ps_sub_r1,GA,66,BLK_66C,17,베이36B 수정,8,2025-10-16 09:58:34,2025-10-16 10:49:46,51.2,36B,베이36B
b190_mixed_ps_sub_r1,GA,71,BLK_71P,18,판계,1,2025-10-15 15:58:00,2025-10-15 16:31:00,33.0,,공통
b190_mixed_ps_sub_r1,GA,71,BLK_71P,18,전면SAW,2,2025-10-16 05:10:11,2025-10-16 06:35:12,85.0,,공통
b190_mixed_ps_sub_r1,GA,71,BLK_71P,18,TurnOver,3,2025-10-16 06:35:12,2025-10-16 06:47:12,12.0,,공통
b190_mixed_ps_sub_r1,GA,71,BLK_71P,18,후면SAW,4,2025-10-16 07:15:01,2025-10-16 08:20:18,65.3,,공통
b190_mixed_ps_sub_r1,GA,71,BLK_71P,18,NC,5,2025-10-16 08:20:18,2025-10-16 08:58:41,38.4,,공통
b190_mixed_ps_sub_r1,GA,71,BLK_71P,18,베이35A 론지취부,6,2025-10-16 08:58:41,2025-10-16 09:43:41,45.0,35A,베이35A
b190_mixed_ps_sub_r1,GA,71,BLK_71P,18,베이35A 론지용접,7,2025-10-16 09:43:41,2025-10-16 10:02:41,19.0,35A,베이35A
b190_mixed_ps_sub_r1,GA,71,BLK_71P,18,베이35A 수정,8,2025-10-16 10:02:41,2025-10-16 10:29:41,27.0,35A,베이35A
b190_mixed_ps_sub_r1,GA,53,BLK_53C,19,판계,1,2025-10-15 16:31:00,2025-10-15 17:01:00,30.0,,공통
b190_mixed_ps_sub_r1,GA,53,BLK_53C,19,전면SAW,2,2025-10-16 06:35:12,2025-10-16 09:45:12,190.0,,공통
b190_mixed_ps_sub_r1,GA,53,BLK_53C,19,TurnOver,3,2025-10-16 09:45:12,2025-10-16 09:57:12,12.0,,공통
b190_mixed_ps_sub_r1,GA,53,BLK_53C,19,후면SAW,4,2025-10-16 09:57:12,2025-10-16 12:42:12,165.0,,공통
b190_mixed_ps_sub_r1,GA,53,BLK_53C,19,NC,5,2025-10-16 12:42:12,2025-10-16 13:51:12,69.0,,공통
b190_mixed_ps_sub_r1,GA,53,BLK_53C,19,베이36B 론지취부,6,2025-10-16 13:51:12,2025-10-16 15:25:12,94.0,36B,베이36B
b190_mixed_ps_sub_r1,GA,53,BLK_53C,19,베이36B 론지용접,7,2025-10-16 15:25:12,2025-10-16 15:52:36,27.4,36B,베이36B
b190_mixed_ps_sub_r1,GA,53,BLK_53C,19,베이36B 수정,8,2025-10-16 15:52:36,2025-10-16 16:50:24,57.8,36B,베이36B
b190_mixed_ps_sub_r1,GA,4,BLK_4C,1,판계,1,2025-10-16 08:00:00,2025-10-16 08:30:00,30.0,,공통
b190_mixed_ps_sub_r1,GA,4,BLK_4C,1,전면SAW,2,2025-10-16 09:45:12,2025-10-16 10:16:43,31.5,,공통
b190_mixed_ps_sub_r1,GA,4,BLK_4C,1,TurnOver,3,2025-10-16 10:16:43,2025-10-16 10:28:43,12.0,,공통
b190_mixed_ps_sub_r1,GA,4,BLK_4C,1,후면SAW,4,2025-10-16 12:42:12,2025-10-16 13:02:32,20.3,,공통
b190_mixed_ps_sub_r1,GA,4,BLK_4C,1,NC,5,2025-10-16 13:51:12,2025-10-16 14:35:38,44.4,,공통
b190_mixed_ps_sub_r1,GA,4,BLK_4C,1,베이35A 론지취부,6,2025-10-16 14:35:38,2025-10-16 15:38:08,62.5,35A,베이35A
b190_mixed_ps_sub_r1,GA,4,BLK_4C,1,베이35A 론지용접,7,2025-10-16 15:38:08,2025-10-16 16:00:08,22.0,35A,베이35A
b190_mixed_ps_sub_r1,GA,4,BLK_4C,1,베이35A 수정,8,2025-10-16 16:00:08,2025-10-16 16:38:08,38.0,35A,베이35A
b190_mixed_ps_sub_r1,GA,150,BLK_150S,2,판계,1,2025-10-16 08:30:00,2025-10-16 08:55:00,25.0,,공통
b190_mixed_ps_sub_r1,GA,150,BLK_150S,2,전면SAW,2,2025-10-16 10:16:43,2025-10-16 10:47:05,30.4,,공통
b190_mixed_ps_sub_r1,GA,150,BLK_150S,2,TurnOver,3,2025-10-16 10:47:05,2025-10-16 10:59:05,12.0,,공통
b190_mixed_ps_sub_r1,GA,150,BLK_150S,2,후면SAW,4,2025-10-16 13:02:32,2025-10-16 13:21:22,18.8,,공통
b190_mixed_ps_sub_r1,GA,150,BLK_150S,2,NC,5,2025-10-16 14:35:38,2025-10-16 15:14:17,38.6,,공통
b190_mixed_ps_sub_r1,GA,150,BLK_150S,2,베이36B 론지취부,6,2025-10-16 15:25:12,2025-10-16 16:41:42,76.5,36B,베이36B
b190_mixed_ps_sub_r1,GA,150,BLK_150S,2,베이36B 론지용접,7,2025-10-16 16:41:42,2025-10-16 17:06:06,24.4,36B,베이36B
b190_mixed_ps_sub_r1,GA,150,BLK_150S,2,베이36B 수정,8,2025-10-16 17:06:06,2025-10-16 17:52:54,46.8,36B,베이36B
b190_mixed_ps_sub_r1,GA,172,BLK_81S,3,판계,1,2025-10-16 08:55:00,2025-10-16 09:33:00,38.0,,공통
b190_mixed_ps_sub_r1,GA,172,BLK_81S,3,전면SAW,2,2025-10-16 10:47:05,2025-10-16 12:43:21,116.3,,공통
b190_mixed_ps_sub_r1,GA,172,BLK_81S,3,TurnOver,3,2025-10-16 12:43:21,2025-10-16 12:55:21,12.0,,공통
b190_mixed_ps_sub_r1,GA,172,BLK_81S,3,후면SAW,4,2025-10-16 13:21:22,2025-10-16 15:18:55,117.6,,공통
b190_mixed_ps_sub_r1,GA,172,BLK_81S,3,NC,5,2025-10-16 15:18:55,2025-10-16 16:06:17,47.4,,공통
b190_mixed_ps_sub_r1,GA,172,BLK_81S,3,베이35A 론지취부,6,2025-10-16 16:06:17,2025-10-16 17:15:47,69.5,35A,베이35A
b190_mixed_ps_sub_r1,GA,172,BLK_81S,3,베이35A 론지용접,7,2025-10-16 17:15:47,2025-10-16 17:38:59,23.2,35A,베이35A
b190_mixed_ps_sub_r1,GA,172,BLK_81S,3,베이35A 수정,8,2025-10-16 17:38:59,2025-10-16 18:21:23,42.4,35A,베이35A
b190_mixed_ps_sub_r1,GA,91,BLK_91C,4,판계,1,2025-10-16 09:33:00,2025-10-16 10:03:00,30.0,,공통
b190_mixed_ps_sub_r1,GA,91,BLK_91C,4,전면SAW,2,2025-10-16 12:43:21,2025-10-16 13:15:26,32.1,,공통
b190_mixed_ps_sub_r1,GA,91,BLK_91C,4,TurnOver,3,2025-10-16 13:15:26,2025-10-16 13:27:26,12.0,,공통
b190_mixed_ps_sub_r1,GA,91,BLK_91C,4,후면SAW,4,2025-10-16 15:18:55,2025-10-16 15:40:01,21.1,,공통
b190_mixed_ps_sub_r1,GA,91,BLK_91C,4,NC,5,2025-10-16 16:06:17,2025-10-16 16:54:22,48.1,,공통
b190_mixed_ps_sub_r1,GA,91,BLK_91C,4,베이36B 론지취부,6,2025-10-16 16:54:22,2025-10-16 18:14:22,80.0,36B,베이36B
b190_mixed_ps_sub_r1,GA,91,BLK_91C,4,베이36B 론지용접,7,2025-10-16 18:14:22,2025-10-16 18:39:22,25.0,36B,베이36B
b190_mixed_ps_sub_r1,GA,91,BLK_91C,4,베이36B 수정,8,2025-10-16 18:39:22,2025-10-16 19:28:22,49.0,36B,베이36B
b190_mixed_ps_sub_r1,GA,147,BLK_147S,5,판계,1,2025-10-16 10:03:00,2025-10-16 10:31:00,28.0,,공통
b190_mixed_ps_sub_r1,GA,147,BLK_147S,5,전면SAW,2,2025-10-16 13:15:26,2025-10-16 15:13:26,118.0,,공통
b190_mixed_ps_sub_r1,GA,147,BLK_147S,5,TurnOver,3,2025-10-16 15:13:26,2025-10-16 15:25:26,12.0,,공통
b190_mixed_ps_sub_r1,GA,147,BLK_147S,5,후면SAW,4,2025-10-16 15:40:01,2025-10-16 17:15:22,95.3,,공통
b190_mixed_ps_sub_r1,GA,147,BLK_147S,5,NC,5,2025-10-16 17:15:22,2025-10-16 17:50:35,35.2,,공통
b190_mixed_ps_sub_r1,GA,147,BLK_147S,5,베이35A 론지취부,6,2025-10-16 17:50:35,2025-10-16 18:49:35,59.0,35A,베이35A
b190_mixed_ps_sub_r1,GA,147,BLK_147S,5,베이35A 론지용접,7,2025-10-16 18:49:35,2025-10-16 19:10:59,21.4,35A,베이35A
b190_mixed_ps_sub_r1,GA,147,BLK_147S,5,베이35A 수정,8,2025-10-16 19:10:59,2025-10-16 19:46:47,35.8,35A,베이35A
b190_mixed_ps_sub_r1,GA,16,BLK_16S,6,판계,1,2025-10-16 10:31:00,2025-10-16 10:51:00,20.0,,공통
b190_mixed_ps_sub_r1,GA,16,BLK_16S,6,전면SAW,2,2025-10-16 15:13:26,2025-10-16 15:49:51,36.4,,공통
b190_mixed_ps_sub_r1,GA,16,BLK_16S,6,TurnOver,3,2025-10-16 15:49:51,2025-10-16 16:01:51,12.0,,공통
b190_mixed_ps_sub_r1,GA,16,BLK_16S,6,후면SAW,4,2025-10-16 17:15:22,2025-10-16 17:42:11,26.8,,공통
b190_mixed_ps_sub_r1,GA,16,BLK_16S,6,NC,5,2025-10-16 17:50:35,2025-10-16 18:20:22,29.8,,공통
b190_mixed_ps_sub_r1,GA,16,BLK_16S,6,베이36B 론지취부,6,2025-10-16 18:20:22,2025-10-16 19:19:22,59.0,36B,베이36B
b190_mixed_ps_sub_r1,GA,16,BLK_16S,6,베이36B 론지용접,7,2025-10-16 19:19:22,2025-10-16 19:40:46,21.4,36B,베이36B
b190_mixed_ps_sub_r1,GA,16,BLK_16S,6,베이36B 수정,8,2025-10-16 19:40:46,2025-10-16 20:16:34,35.8,36B,베이36B
b190_mixed_ps_sub_r1,GA,169,BLK_169S,7,판계,1,2025-10-16 10:51:00,2025-10-16 11:26:00,35.0,,공통
b190_mixed_ps_sub_r1,GA,169,BLK_169S,7,전면SAW,2,2025-10-16 15:49:51,2025-10-16 18:07:26,137.6,,공통
b190_mixed_ps_sub_r1,GA,169,BLK_169S,7,TurnOver,3,2025-10-16 18:07:26,2025-10-16 18:19:26,12.0,,공통
b190_mixed_ps_sub_r1,GA,169,BLK_169S,7,후면SAW,4,2025-10-16 18:19:26,2025-10-16 19:59:37,100.2,,공통
b190_mixed_ps_sub_r1,GA,169,BLK_169S,7,NC,5,2025-10-16 19:59:37,2025-10-16 20:37:31,37.9,,공통
b190_mixed_ps_sub_r1,GA,169,BLK_169S,7,베이35A 론지취부,6,2025-10-16 20:37:31,2025-10-16 21:36:31,59.0,35A,베이35A
b190_mixed_ps_sub_r1,GA,169,BLK_169S,7,베이35A 론지용접,7,2025-10-16 21:36:31,2025-10-16 21:57:55,21.4,35A,베이35A
b190_mixed_ps_sub_r1,GA,169,BLK_169S,7,베이35A 수정,8,2025-10-16 21:57:55,2025-10-16 22:33:43,35.8,35A,베이35A
b190_mixed_ps_sub_r1,GA,28,BLK_28S,8,판계,1,2025-10-16 11:26:00,2025-10-16 11:51:00,25.0,,공통
b190_mixed_ps_sub_r1,GA,28,BLK_28S,8,전면SAW,2,2025-10-16 18:07:26,2025-10-16 18:39:09,31.7,,공통
b190_mixed_ps_sub_r1,GA,28,BLK_28S,8,TurnOver,3,2025-10-16 18:39:09,2025-10-16 18:51:09,12.0,,공통
b190_mixed_ps_sub_r1,GA,28,BLK_28S,8,후면SAW,4,2025-10-16 19:59:37,2025-10-16 20:20:13,20.6,,공통
b190_mixed_ps_sub_r1,GA,28,BLK_28S,8,NC,5,2025-10-16 20:37:31,2025-10-16 21:15:19,37.8,,공통
b190_mixed_ps_sub_r1,GA,28,BLK_28S,8,베이36B 론지취부,6,2025-10-16 21:15:19,2025-10-16 22:21:19,66.0,36B,베이36B
b190_mixed_ps_sub_r1,GA,28,BLK_28S,8,베이36B 론지용접,7,2025-10-16 22:21:19,2025-10-16 22:43:55,22.6,36B,베이36B
b190_mixed_ps_sub_r1,GA,28,BLK_28S,8,베이36B 수정,8,2025-10-16 22:43:55,2025-10-16 23:24:07,40.2,36B,베이36B
b190_mixed_ps_sub_r1,GA,123,BLK_123P,9,판계,1,2025-10-16 11:51:00,2025-10-16 12:16:00,25.0,,공통
b190_mixed_ps_sub_r1,GA,123,BLK_123P,9,전면SAW,2,2025-10-16 18:39:09,2025-10-16 19:12:07,33.0,,공통
b190_mixed_ps_sub_r1,GA,123,BLK_123P,9,TurnOver,3,2025-10-16 19:12:07,2025-10-16 19:24:07,12.0,,공통
b190_mixed_ps_sub_r1,GA,123,BLK_123P,9,후면SAW,4,2025-10-16 20:20:13,2025-10-16 20:42:29,22.3,,공통
b190_mixed_ps_sub_r1,GA,123,BLK_123P,9,NC,5,2025-10-16 21:15:19,2025-10-16 21:49:26,34.1,,공통
b190_mixed_ps_sub_r1,GA,123,BLK_123P,9,베이35A 론지취부,6,2025-10-16 21:49:26,2025-10-16 23:02:26,73.0,35A,베이35A
b190_mixed_ps_sub_r1,GA,123,BLK_123P,9,베이35A 론지용접,7,2025-10-16 23:02:26,2025-10-16 23:26:14,23.8,35A,베이35A
b190_mixed_ps_sub_r1,GA,123,BLK_123P,9,베이35A 수정,8,2025-10-16 23:26:14,2025-10-17 00:10:50,44.6,35A,베이35A
b190_mixed_ps_sub_r1,GA,178,BLK_43S,10,판계,1,2025-10-16 12:16:00,2025-10-16 12:44:00,28.0,,공통
b190_mixed_ps_sub_r1,GA,178,BLK_43S,10,전면SAW,2,2025-10-16 19:12:07,2025-10-16 21:04:51,112.7,,공통
b190_mixed_ps_sub_r1,GA,178,BLK_43S,10,TurnOver,3,2025-10-16 21:04:51,2025-10-16 21:16:51,12.0,,공통
b190_mixed_ps_sub_r1,GA,178,BLK_43S,10,후면SAW,4,2025-10-16 21:16:51,2025-10-16 22:47:24,90.5,,공통
b190_mixed_ps_sub_r1,GA,178,BLK_43S,10,NC,5,2025-10-16 22:47:24,2025-10-16 23:19:40,32.3,,공통
b190_mixed_ps_sub_r1,GA,178,BLK_43S,10,베이36B 론지취부,6,2025-10-16 23:19:40,2025-10-17 00:15:10,55.5,36B,베이36B
b190_mixed_ps_sub_r1,GA,178,BLK_43S,10,베이36B 론지용접,7,2025-10-17 00:15:10,2025-10-17 00:35:58,20.8,36B,베이36B
b190_mixed_ps_sub_r1,GA,178,BLK_43S,10,베이36B 수정,8,2025-10-17 00:35:58,2025-10-17 01:09:34,33.6,36B,베이36B
b190_mixed_ps_sub_r1,GA,78,BLK_78C,11,판계,1,2025-10-16 12:44:00,2025-10-16 13:29:00,45.0,,공통
b190_mixed_ps_sub_r1,GA,78,BLK_78C,11,전면SAW,2,2025-10-16 21:04:51,2025-10-16 23:53:07,168.3,,공통
b190_mixed_ps_sub_r1,GA,78,BLK_78C,11,TurnOver,3,2025-10-16 23:53:07,2025-10-17 00:05:07,12.0,,공통
b190_mixed_ps_sub_r1,GA,78,BLK_78C,11,후면SAW,4,2025-10-17 00:05:07,2025-10-17 02:07:03,121.9,,공통
b190_mixed_ps_sub_r1,GA,78,BLK_78C,11,NC,5,2025-10-17 02:07:03,2025-10-17 03:02:25,55.4,,공통
b190_mixed_ps_sub_r1,GA,78,BLK_78C,11,베이35A 론지취부,6,2025-10-17 03:02:25,2025-10-17 03:57:55,55.5,35A,베이35A
b190_mixed_ps_sub_r1,GA,78,BLK_78C,11,베이35A 론지용접,7,2025-10-17 03:57:55,2025-10-17 04:18:43,20.8,35A,베이35A
b190_mixed_ps_sub_r1,GA,78,BLK_78C,11,베이35A 수정,8,2025-10-17 04:18:43,2025-10-17 04:52:19,33.6,35A,베이35A
b190_mixed_ps_sub_r1,GA,170,BLK_170S,12,판계,1,2025-10-16 13:29:00,2025-10-16 14:09:00,40.0,,공통
b190_mixed_ps_sub_r1,GA,170,BLK_170S,12,전면SAW,2,2025-10-16 23:53:07,2025-10-17 02:34:35,161.5,,공통
b190_mixed_ps_sub_r1,GA,170,BLK_170S,12,TurnOver,3,2025-10-17 02:34:35,2025-10-17 02:46:35,12.0,,공통
b190_mixed_ps_sub_r1,GA,170,BLK_170S,12,후면SAW,4,2025-10-17 02:46:35,2025-10-17 04:45:53,119.3,,공통
b190_mixed_ps_sub_r1,GA,170,BLK_170S,12,NC,5,2025-10-17 04:45:53,2025-10-17 05:31:03,45.2,,공통
b190_mixed_ps_sub_r1,GA,170,BLK_170S,12,베이36B 론지취부,6,2025-10-17 05:31:03,2025-10-17 06:37:03,66.0,36B,베이36B
b190_mixed_ps_sub_r1,GA,170,BLK_170S,12,베이36B 론지용접,7,2025-10-17 06:37:03,2025-10-17 06:59:39,22.6,36B,베이36B
b190_mixed_ps_sub_r1,GA,170,BLK_170S,12,베이36B 수정,8,2025-10-17 06:59:39,2025-10-17 07:39:51,40.2,36B,베이36B
b190_mixed_ps_sub_r1,GA,152,BLK_152P,13,판계,1,2025-10-16 14:09:00,2025-10-16 14:34:00,25.0,,공통
b190_mixed_ps_sub_r1,GA,152,BLK_152P,13,전면SAW,2,2025-10-17 02:34:35,2025-10-17 03:07:29,32.9,,공통
b190_mixed_ps_sub_r1,GA,152,BLK_152P,13,TurnOver,3,2025-10-17 03:07:29,2025-10-17 03:19:29,12.0,,공통
b190_mixed_ps_sub_r1,GA,152,BLK_152P,13,후면SAW,4,2025-10-17 04:45:53,2025-10-17 05:08:03,22.2,,공통
b190_mixed_ps_sub_r1,GA,152,BLK_152P,13,NC,5,2025-10-17 05:31:03,2025-10-17 06:08:24,37.4,,공통
b190_mixed_ps_sub_r1,GA,152,BLK_152P,13,베이35A 론지취부,6,2025-10-17 06:08:24,2025-10-17 07:28:24,80.0,35A,베이35A
b190_mixed_ps_sub_r1,GA,152,BLK_152P,13,베이35A 론지용접,7,2025-10-17 07:28:24,2025-10-17 07:53:24,25.0,35A,베이35A
b190_mixed_ps_sub_r1,GA,152,BLK_152P,13,베이35A 수정,8,2025-10-17 07:53:24,2025-10-17 08:42:24,49.0,35A,베이35A
b190_mixed_ps_sub_r1,GA,46,BLK_46S,14,판계,1,2025-10-16 14:34:00,2025-10-16 14:54:00,20.0,,공통
b190_mixed_ps_sub_r1,GA,46,BLK_46S,14,전면SAW,2,2025-10-17 03:07:29,2025-10-17 04:39:00,91.5,,공통
b190_mixed_ps_sub_r1,GA,46,BLK_46S,14,TurnOver,3,2025-10-17 04:39:00,2025-10-17 04:51:00,12.0,,공통
b190_mixed_ps_sub_r1,GA,46,BLK_46S,14,후면SAW,4,2025-10-17 05:08:03,2025-10-17 06:19:15,71.2,,공통
b190_mixed_ps_sub_r1,GA,46,BLK_46S,14,NC,5,2025-10-17 06:19:15,2025-10-17 06:45:19,26.1,,공통
b190_mixed_ps_sub_r1,GA,46,BLK_46S,14,베이36B 론지취부,6,2025-10-17 06:45:19,2025-10-17 07:16:19,31.0,36B,베이36B
b190_mixed_ps_sub_r1,GA,46,BLK_46S,14,베이36B 론지용접,7,2025-10-17 07:16:19,2025-10-17 07:28:55,12.6,36B,베이36B
b190_mixed_ps_sub_r1,GA,46,BLK_46S,14,베이36B 수정,8,2025-10-17 07:39:51,2025-10-17 07:58:03,18.2,36B,베이36B
b190_mixed_ps_sub_r1,GA,86,BLK_86P,15,판계,1,2025-10-16 14:54:00,2025-10-16 15:14:00,20.0,,공통
b190_mixed_ps_sub_r1,GA,86,BLK_86P,15,전면SAW,2,2025-10-17 04:39:00,2025-10-17 05:14:58,36.0,,공통
b190_mixed_ps_sub_r1,GA,86,BLK_86P,15,TurnOver,3,2025-10-17 05:14:58,2025-10-17 05:26:58,12.0,,공통
b190_mixed_ps_sub_r1,GA,86,BLK_86P,15,후면SAW,4,2025-10-17 06:19:15,2025-10-17 06:45:27,26.2,,공통
b190_mixed_ps_sub_r1,GA,86,BLK_86P,15,NC,5,2025-10-17 06:45:27,2025-10-17 07:13:13,27.8,,공통
b190_mixed_ps_sub_r1,GA,86,BLK_86P,15,베이35A 론지취부,6,2025-10-17 07:28:24,2025-10-17 07:52:24,24.0,35A,베이35A
b190_mixed_ps_sub_r1,GA,86,BLK_86P,15,베이35A 론지용접,7,2025-10-17 07:53:24,2025-10-17 08:08:48,15.4,35A,베이35A
b190_mixed_ps_sub_r1,GA,86,BLK_86P,15,베이35A 수정,8,2025-10-17 08:42:24,2025-10-17 08:56:12,13.8,35A,베이35A
b190_mixed_ps_sub_r1,GA,83,BLK_83S,16,판계,1,2025-10-16 15:14:00,2025-10-16 15:26:00,12.0,,공통
b190_mixed_ps_sub_r1,GA,83,BLK_83S,16,전면SAW,2,2025-10-17 05:14:58,2025-10-17 06:04:22,49.4,,공통
b190_mixed_ps_sub_r1,GA,83,BLK_83S,16,TurnOver,3,2025-10-17 06:04:22,2025-10-17 06:16:22,12.0,,공통
b190_mixed_ps_sub_r1,GA,83,BLK_83S,16,후면SAW,4,2025-10-17 06:45:27,2025-10-17 07:29:20,43.9,,공통
b190_mixed_ps_sub_r1,GA,83,BLK_83S,16,NC,5,2025-10-17 07:29:20,2025-10-17 07:49:39,20.3,,공통
b190_mixed_ps_sub_r1,GA,83,BLK_83S,16,베이36B 론지취부,6,2025-10-17 07:49:39,2025-10-17 08:06:39,17.0,36B,베이36B
b190_mixed_ps_sub_r1,GA,83,BLK_83S,16,베이36B 론지용접,7,2025-10-17 08:06:39,2025-10-17 08:16:51,10.2,36B,베이36B
b190_mixed_ps_sub_r1,GA,83,BLK_83S,16,베이36B 수정,8,2025-10-17 08:16:51,2025-10-17 08:26:15,9.4,36B,베이36B
b190_mixed_ps_sub_r1,GA,32,BLK_32S,17,판계,1,2025-10-16 15:26:00,2025-10-16 15:46:00,20.0,,공통
b190_mixed_ps_sub_r1,GA,32,BLK_32S,17,전면SAW,2,2025-10-17 06:04:22,2025-10-17 06:29:52,25.5,,공통
b190_mixed_ps_sub_r1,GA,32,BLK_32S,17,TurnOver,3,2025-10-17 06:29:52,2025-10-17 06:41:52,12.0,,공통
b190_mixed_ps_sub_r1,GA,32,BLK_32S,17,후면SAW,4,2025-10-17 07:29:20,2025-10-17 07:42:20,13.0,,공통
b190_mixed_ps_sub_r1,GA,32,BLK_32S,17,NC,5,2025-10-17 07:49:39,2025-10-17 08:15:34,25.9,,공통
b190_mixed_ps_sub_r1,GA,32,BLK_32S,17,베이35A 론지취부,6,2025-10-17 08:15:34,2025-10-17 08:46:34,31.0,35A,베이35A
b190_mixed_ps_sub_r1,GA,32,BLK_32S,17,베이35A 론지용접,7,2025-10-17 08:46:34,2025-10-17 09:03:10,16.6,35A,베이35A
b190_mixed_ps_sub_r1,GA,32,BLK_32S,17,베이35A 수정,8,2025-10-17 09:03:10,2025-10-17 09:21:22,18.2,35A,베이35A
b190_mixed_ps_sub_r1,GA,36,BLK_36C,18,판계,1,2025-10-16 15:46:00,2025-10-16 16:06:00,20.0,,공통
b190_mixed_ps_sub_r1,GA,36,BLK_36C,18,전면SAW,2,2025-10-17 06:29:52,2025-10-17 07:06:01,36.1,,공통
b190_mixed_ps_sub_r1,GA,36,BLK_36C,18,TurnOver,3,2025-10-17 07:06:01,2025-10-17 07:18:01,12.0,,공통
b190_mixed_ps_sub_r1,GA,36,BLK_36C,18,후면SAW,4,2025-10-17 07:42:20,2025-10-17 08:08:47,26.4,,공통
b190_mixed_ps_sub_r1,GA,36,BLK_36C,18,NC,5,2025-10-17 08:15:34,2025-10-17 08:41:48,26.2,,공통
b190_mixed_ps_sub_r1,GA,36,BLK_36C,18,베이36B 론지취부,6,2025-10-17 08:41:48,2025-10-17 09:26:48,45.0,36B,베이36B
b190_mixed_ps_sub_r1,GA,36,BLK_36C,18,베이36B 론지용접,7,2025-10-17 09:26:48,2025-10-17 09:41:48,15.0,36B,베이36B
b190_mixed_ps_sub_r1,GA,36,BLK_36C,18,베이36B 수정,8,2025-10-17 09:41:48,2025-10-17 10:08:48,27.0,36B,베이36B
b190_mixed_ps_sub_r1,GA,39,BLK_39C,19,판계,1,2025-10-16 16:06:00,2025-10-16 16:51:00,45.0,,공통
b190_mixed_ps_sub_r1,GA,39,BLK_39C,19,전면SAW,2,2025-10-17 07:06:01,2025-10-17 08:56:07,110.1,,공통
b190_mixed_ps_sub_r1,GA,39,BLK_39C,19,TurnOver,3,2025-10-17 08:56:07,2025-10-17 09:08:07,12.0,,공통
b190_mixed_ps_sub_r1,GA,39,BLK_39C,19,후면SAW,4,2025-10-17 09:08:07,2025-10-17 10:39:42,91.6,,공통
b190_mixed_ps_sub_r1,GA,39,BLK_39C,19,NC,5,2025-10-17 10:39:42,2025-10-17 11:38:06,58.4,,공통
b190_mixed_ps_sub_r1,GA,39,BLK_39C,19,베이36B 론지취부,6,2025-10-17 11:38:06,2025-10-17 12:26:36,48.5,36B,베이36B
b190_mixed_ps_sub_r1,GA,39,BLK_39C,19,베이36B 론지용접,7,2025-10-17 12:26:36,2025-10-17 12:46:12,19.6,36B,베이36B
b190_mixed_ps_sub_r1,GA,39,BLK_39C,19,베이36B 수정,8,2025-10-17 12:46:12,2025-10-17 13:15:24,29.2,36B,베이36B
b190_mixed_ps_sub_r1,GA,138,BLK_138S,20,판계,1,2025-10-16 16:51:00,2025-10-16 17:11:00,20.0,,공통
b190_mixed_ps_sub_r1,GA,138,BLK_138S,20,전면SAW,2,2025-10-17 08:56:07,2025-10-17 09:35:01,38.9,,공통
b190_mixed_ps_sub_r1,GA,138,BLK_138S,20,TurnOver,3,2025-10-17 09:35:01,2025-10-17 09:47:01,12.0,,공통
b190_mixed_ps_sub_r1,GA,138,BLK_138S,20,후면SAW,4,2025-10-17 10:39:42,2025-10-17 11:09:45,30.1,,공통
b190_mixed_ps_sub_r1,GA,138,BLK_138S,20,NC,5,2025-10-17 11:38:06,2025-10-17 12:06:25,28.3,,공통
b190_mixed_ps_sub_r1,GA,138,BLK_138S,20,베이35A 론지취부,6,2025-10-17 12:06:25,2025-10-17 13:05:25,59.0,35A,베이35A
b190_mixed_ps_sub_r1,GA,138,BLK_138S,20,베이35A 론지용접,7,2025-10-17 13:05:25,2025-10-17 13:26:49,21.4,35A,베이35A
b190_mixed_ps_sub_r1,GA,138,BLK_138S,20,베이35A 수정,8,2025-10-17 13:26:49,2025-10-17 14:02:37,35.8,35A,베이35A
b190_mixed_ps_sub_r1,GA,43,BLK_43P,21,판계,1,2025-10-16 17:11:00,2025-10-16 17:39:00,28.0,,공통
b190_mixed_ps_sub_r1,GA,43,BLK_43P,21,전면SAW,2,2025-10-17 09:35:01,2025-10-17 11:27:45,112.7,,공통
b190_mixed_ps_sub_r1,GA,43,BLK_43P,21,TurnOver,3,2025-10-17 11:27:45,2025-10-17 11:39:45,12.0,,공통
b190_mixed_ps_sub_r1,GA,43,BLK_43P,21,후면SAW,4,2025-10-17 11:39:45,2025-10-17 13:10:18,90.5,,공통
b190_mixed_ps_sub_r1,GA,43,BLK_43P,21,NC,5,2025-10-17 13:10:18,2025-10-17 13:42:34,32.3,,공통
b190_mixed_ps_sub_r1,GA,43,BLK_43P,21,베이36B 론지취부,6,2025-10-17 13:42:34,2025-10-17 14:38:04,55.5,36B,베이36B
b190_mixed_ps_sub_r1,GA,43,BLK_43P,21,베이36B 론지용접,7,2025-10-17 14:38:04,2025-10-17 14:58:52,20.8,36B,베이36B
b190_mixed_ps_sub_r1,GA,43,BLK_43P,21,베이36B 수정,8,2025-10-17 14:58:52,2025-10-17 15:32:28,33.6,36B,베이36B
b190_mixed_ps_sub_r1,GA,47,BLK_47C,22,판계,1,2025-10-16 17:39:00,2025-10-16 17:59:00,20.0,,공통
b190_mixed_ps_sub_r1,GA,47,BLK_47C,22,전면SAW,2,2025-10-17 11:27:45,2025-10-17 12:00:50,33.1,,공통
b190_mixed_ps_sub_r1,GA,47,BLK_47C,22,TurnOver,3,2025-10-17 12:00:50,2025-10-17 12:12:50,12.0,,공통
b190_mixed_ps_sub_r1,GA,47,BLK_47C,22,후면SAW,4,2025-10-17 13:10:18,2025-10-17 13:32:43,22.4,,공통
b190_mixed_ps_sub_r1,GA,47,BLK_47C,22,NC,5,2025-10-17 13:42:34,2025-10-17 14:10:57,28.4,,공통
b190_mixed_ps_sub_r1,GA,47,BLK_47C,22,베이35A 론지취부,6,2025-10-17 14:10:57,2025-10-17 15:16:57,66.0,35A,베이35A
b190_mixed_ps_sub_r1,GA,47,BLK_47C,22,베이35A 론지용접,7,2025-10-17 15:16:57,2025-10-17 15:39:33,22.6,35A,베이35A
b190_mixed_ps_sub_r1,GA,47,BLK_47C,22,베이35A 수정,8,2025-10-17 15:39:33,2025-10-17 16:19:45,40.2,35A,베이35A
b190_mixed_ps_sub_r1,GA,48,BLK_48P,23,판계,1,2025-10-16 17:59:00,2025-10-16 18:32:00,33.0,,공통
b190_mixed_ps_sub_r1,GA,48,BLK_48P,23,전면SAW,2,2025-10-17 12:00:50,2025-10-17 13:47:06,106.3,,공통
b190_mixed_ps_sub_r1,GA,48,BLK_48P,23,TurnOver,3,2025-10-17 13:47:06,2025-10-17 13:59:06,12.0,,공통
b190_mixed_ps_sub_r1,GA,48,BLK_48P,23,후면SAW,4,2025-10-17 13:59:06,2025-10-17 15:45:01,105.9,,공통
b190_mixed_ps_sub_r1,GA,48,BLK_48P,23,NC,5,2025-10-17 15:45:01,2025-10-17 16:25:34,40.6,,공통
b190_mixed_ps_sub_r1,GA,48,BLK_48P,23,베이36B 론지취부,6,2025-10-17 16:25:34,2025-10-17 17:42:04,76.5,36B,베이36B
b190_mixed_ps_sub_r1,GA,48,BLK_48P,23,베이36B 론지용접,7,2025-10-17 17:42:04,2025-10-17 18:06:28,24.4,36B,베이36B
b190_mixed_ps_sub_r1,GA,48,BLK_48P,23,베이36B 수정,8,2025-10-17 18:06:28,2025-10-17 18:53:16,46.8,36B,베이36B
b190_mixed_ps_sub_r1,GA,51,BLK_51P,1,판계,1,2025-10-17 08:00:00,2025-10-17 08:30:00,30.0,,공통
b190_mixed_ps_sub_r1,GA,51,BLK_51P,1,전면SAW,2,2025-10-17 13:47:06,2025-10-17 14:19:29,32.4,,공통
b190_mixed_ps_sub_r1,GA,51,BLK_51P,1,TurnOver,3,2025-10-17 14:19:29,2025-10-17 14:31:29,12.0,,공통
b190_mixed_ps_sub_r1,GA,51,BLK_51P,1,후면SAW,4,2025-10-17 15:45:01,2025-10-17 16:06:30,21.5,,공통
b190_mixed_ps_sub_r1,GA,51,BLK_51P,1,NC,5,2025-10-17 16:25:34,2025-10-17 17:16:50,51.3,,공통
b190_mixed_ps_sub_r1,GA,51,BLK_51P,1,베이36B 론지취부,6,2025-10-17 17:42:04,2025-10-17 19:19:34,97.5,36B,베이36B
b190_mixed_ps_sub_r1,GA,51,BLK_51P,1,베이36B 론지용접,7,2025-10-17 19:19:34,2025-10-17 19:47:34,28.0,36B,베이36B
b190_mixed_ps_sub_r1,GA,51,BLK_51P,1,베이36B 수정,8,2025-10-17 19:47:34,2025-10-17 20:47:34,60.0,36B,베이36B
b190_mixed_ps_sub_r1,GA,52,BLK_52S,2,판계,1,2025-10-17 08:30:00,2025-10-17 08:50:00,20.0,,공통
b190_mixed_ps_sub_r1,GA,52,BLK_52S,2,전면SAW,2,2025-10-17 14:19:29,2025-10-17 14:55:54,36.4,,공통
b190_mixed_ps_sub_r1,GA,52,BLK_52S,2,TurnOver,3,2025-10-17 14:55:54,2025-10-17 15:07:54,12.0,,공통
b190_mixed_ps_sub_r1,GA,52,BLK_52S,2,후면SAW,4,2025-10-17 16:06:30,2025-10-17 16:33:17,26.8,,공통
b190_mixed_ps_sub_r1,GA,52,BLK_52S,2,NC,5,2025-10-17 17:16:50,2025-10-17 17:45:35,28.8,,공통
b190_mixed_ps_sub_r1,GA,52,BLK_52S,2,베이35A 론지취부,6,2025-10-17 17:45:35,2025-10-17 18:44:35,59.0,35A,베이35A
b190_mixed_ps_sub_r1,GA,52,BLK_52S,2,베이35A 론지용접,7,2025-10-17 18:44:35,2025-10-17 19:05:59,21.4,35A,베이35A
b190_mixed_ps_sub_r1,GA,52,BLK_52S,2,베이35A 수정,8,2025-10-17 19:05:59,2025-10-17 19:41:47,35.8,35A,베이35A
b190_mixed_ps_sub_r1,GA,90,BLK_90C,3,판계,1,2025-10-17 08:50:00,2025-10-17 09:18:00,28.0,,공통
b190_mixed_ps_sub_r1,GA,90,BLK_90C,3,전면SAW,2,2025-10-17 14:55:54,2025-10-17 17:01:15,125.3,,공통
b190_mixed_ps_sub_r1,GA,90,BLK_90C,3,TurnOver,3,2025-10-17 17:01:15,2025-10-17 17:13:15,12.0,,공통
b190_mixed_ps_sub_r1,GA,90,BLK_90C,3,후면SAW,4,2025-10-17 17:13:15,2025-10-17 18:55:18,102.0,,공통
b190_mixed_ps_sub_r1,GA,90,BLK_90C,3,NC,5,2025-10-17 18:55:18,2025-10-17 19:32:00,36.7,,공통
b190_mixed_ps_sub_r1,GA,90,BLK_90C,3,베이36B 론지취부,6,2025-10-17 19:32:00,2025-10-17 20:59:00,87.0,36B,베이36B
b190_mixed_ps_sub_r1,GA,90,BLK_90C,3,베이36B 론지용접,7,2025-10-17 20:59:00,2025-10-17 21:25:12,26.2,36B,베이36B
b190_mixed_ps_sub_r1,GA,90,BLK_90C,3,베이36B 수정,8,2025-10-17 21:25:12,2025-10-17 22:18:36,53.4,36B,베이36B
b190_mixed_ps_sub_r1,GA,92,BLK_92S,4,판계,1,2025-10-17 09:18:00,2025-10-17 09:43:00,25.0,,공통
b190_mixed_ps_sub_r1,GA,92,BLK_92S,4,전면SAW,2,2025-10-17 17:01:15,2025-10-17 17:34:40,33.4,,공통
b190_mixed_ps_sub_r1,GA,92,BLK_92S,4,TurnOver,3,2025-10-17 17:34:40,2025-10-17 17:46:40,12.0,,공통
b190_mixed_ps_sub_r1,GA,92,BLK_92S,4,후면SAW,4,2025-10-17 18:55:18,2025-10-17 19:18:09,22.9,,공통
b190_mixed_ps_sub_r1,GA,92,BLK_92S,4,NC,5,2025-10-17 19:32:00,2025-10-17 20:04:14,32.2,,공통
b190_mixed_ps_sub_r1,GA,92,BLK_92S,4,베이35A 론지취부,6,2025-10-17 20:04:14,2025-10-17 20:31:44,27.5,35A,베이35A
b190_mixed_ps_sub_r1,GA,92,BLK_92S,4,베이35A 론지용접,7,2025-10-17 20:31:44,2025-10-17 20:43:44,12.0,35A,베이35A
b190_mixed_ps_sub_r1,GA,92,BLK_92S,4,베이35A 수정,8,2025-10-17 20:43:44,2025-10-17 20:59:44,16.0,35A,베이35A
b190_mixed_ps_sub_r1,GA,8,BLK_8S,5,판계,1,2025-10-17 09:43:00,2025-10-17 10:08:00,25.0,,공통
b190_mixed_ps_sub_r1,GA,8,BLK_8S,5,전면SAW,2,2025-10-17 17:34:40,2025-10-17 18:04:18,29.6,,공통
b190_mixed_ps_sub_r1,GA,8,BLK_8S,5,TurnOver,3,2025-10-17 18:04:18,2025-10-17 18:16:18,12.0,,공통
b190_mixed_ps_sub_r1,GA,8,BLK_8S,5,후면SAW,4,2025-10-17 19:18:09,2025-10-17 19:36:00,17.9,,공통
b190_mixed_ps_sub_r1,GA,8,BLK_8S,5,NC,5,2025-10-17 20:04:14,2025-10-17 20:38:24,34.2,,공통
b190_mixed_ps_sub_r1,GA,8,BLK_8S,5,베이36B 론지취부,6,2025-10-17 20:59:00,2025-10-17 21:44:00,45.0,36B,베이36B
b190_mixed_ps_sub_r1,GA,8,BLK_8S,5,베이36B 론지용접,7,2025-10-17 21:44:00,2025-10-17 22:03:00,19.0,36B,베이36B
b190_mixed_ps_sub_r1,GA,8,BLK_8S,5,베이36B 수정,8,2025-10-17 22:18:36,2025-10-17 22:45:36,27.0,36B,베이36B
b190_mixed_ps_sub_r1,GA,129,BLK_129C,6,판계,1,2025-10-17 10:08:00,2025-10-17 10:28:00,20.0,,공통
b190_mixed_ps_sub_r1,GA,129,BLK_129C,6,전면SAW,2,2025-10-17 18:04:18,2025-10-17 18:41:00,36.7,,공통
b190_mixed_ps_sub_r1,GA,129,BLK_129C,6,TurnOver,3,2025-10-17 18:41:00,2025-10-17 18:53:00,12.0,,공통
b190_mixed_ps_sub_r1,GA,129,BLK_129C,6,후면SAW,4,2025-10-17 19:36:00,2025-10-17 20:03:10,27.2,,공통
b190_mixed_ps_sub_r1,GA,129,BLK_129C,6,NC,5,2025-10-17 20:38:24,2025-10-17 21:06:19,27.9,,공통
b190_mixed_ps_sub_r1,GA,129,BLK_129C,6,베이35A 론지취부,6,2025-10-17 21:06:19,2025-10-17 22:08:49,62.5,35A,베이35A
b190_mixed_ps_sub_r1,GA,129,BLK_129C,6,베이35A 론지용접,7,2025-10-17 22:08:49,2025-10-17 22:30:49,22.0,35A,베이35A
b190_mixed_ps_sub_r1,GA,129,BLK_129C,6,베이35A 수정,8,2025-10-17 22:30:49,2025-10-17 23:08:49,38.0,35A,베이35A
b190_mixed_ps_sub_r1,GA,56,BLK_56S,7,판계,1,2025-10-17 10:28:00,2025-10-17 10:48:00,20.0,,공통
b190_mixed_ps_sub_r1,GA,56,BLK_56S,7,전면SAW,2,2025-10-17 18:41:00,2025-10-17 19:17:52,36.9,,공통
b190_mixed_ps_sub_r1,GA,56,BLK_56S,7,TurnOver,3,2025-10-17 19:17:52,2025-10-17 19:29:52,12.0,,공통
b190_mixed_ps_sub_r1,GA,56,BLK_56S,7,후면SAW,4,2025-10-17 20:03:10,2025-10-17 20:30:35,27.4,,공통
b190_mixed_ps_sub_r1,GA,56,BLK_56S,7,NC,5,2025-10-17 21:06:19,2025-10-17 21:35:46,29.4,,공통
b190_mixed_ps_sub_r1,GA,56,BLK_56S,7,베이36B 론지취부,6,2025-10-17 21:44:00,2025-10-17 22:22:00,38.0,36B,베이36B
b190_mixed_ps_sub_r1,GA,56,BLK_56S,7,베이36B 론지용접,7,2025-10-17 22:22:00,2025-10-17 22:39:48,17.8,36B,베이36B
b190_mixed_ps_sub_r1,GA,56,BLK_56S,7,베이36B 수정,8,2025-10-17 22:45:36,2025-10-17 23:08:12,22.6,36B,베이36B
b190_mixed_ps_sub_r1,GA,58,BLK_58S,8,판계,1,2025-10-17 10:48:00,2025-10-17 11:00:00,12.0,,공통
b190_mixed_ps_sub_r1,GA,58,BLK_58S,8,전면SAW,2,2025-10-17 19:17:52,2025-10-17 19:56:54,39.0,,공통
b190_mixed_ps_sub_r1,GA,58,BLK_58S,8,TurnOver,3,2025-10-17 19:56:54,2025-10-17 20:08:54,12.0,,공통
b190_mixed_ps_sub_r1,GA,58,BLK_58S,8,후면SAW,4,2025-10-17 20:30:35,2025-10-17 21:00:49,30.2,,공통
b190_mixed_ps_sub_r1,GA,58,BLK_58S,8,NC,5,2025-10-17 21:35:46,2025-10-17 21:56:29,20.7,,공통
b190_mixed_ps_sub_r1,GA,58,BLK_58S,8,베이35A 론지취부,6,2025-10-17 22:08:49,2025-10-17 22:39:49,31.0,35A,베이35A
b190_mixed_ps_sub_r1,GA,58,BLK_58S,8,베이35A 론지용접,7,2025-10-17 22:39:49,2025-10-17 22:52:25,12.6,35A,베이35A
b190_mixed_ps_sub_r1,GA,58,BLK_58S,8,베이35A 수정,8,2025-10-17 23:08:49,2025-10-17 23:27:01,18.2,35A,베이35A
b190_mixed_ps_sub_r1,GA,59,BLK_59C,9,판계,1,2025-10-17 11:00:00,2025-10-17 11:20:00,20.0,,공통
b190_mixed_ps_sub_r1,GA,59,BLK_59C,9,전면SAW,2,2025-10-17 19:56:54,2025-10-17 20:24:43,27.8,,공통
b190_mixed_ps_sub_r1,GA,59,BLK_59C,9,TurnOver,3,2025-10-17 20:24:43,2025-10-17 20:36:43,12.0,,공통
b190_mixed_ps_sub_r1,GA,59,BLK_59C,9,후면SAW,4,2025-10-17 21:00:49,2025-10-17 21:16:16,15.5,,공통
b190_mixed_ps_sub_r1,GA,59,BLK_59C,9,NC,5,2025-10-17 21:56:29,2025-10-17 22:21:35,25.1,,공통
b190_mixed_ps_sub_r1,GA,59,BLK_59C,9,베이36B 론지취부,6,2025-10-17 22:22:00,2025-10-17 23:03:30,41.5,36B,베이36B
b190_mixed_ps_sub_r1,GA,59,BLK_59C,9,베이36B 론지용접,7,2025-10-17 23:03:30,2025-10-17 23:17:54,14.4,36B,베이36B
b190_mixed_ps_sub_r1,GA,59,BLK_59C,9,베이36B 수정,8,2025-10-17 23:17:54,2025-10-17 23:42:42,24.8,36B,베이36B
b190_mixed_ps_sub_r1,GA,60,BLK_60S,10,판계,1,2025-10-17 11:20:00,2025-10-17 11:45:00,25.0,,공통
b190_mixed_ps_sub_r1,GA,60,BLK_60S,10,전면SAW,2,2025-10-17 20:24:43,2025-10-17 20:59:38,34.9,,공통
b190_mixed_ps_sub_r1,GA,60,BLK_60S,10,TurnOver,3,2025-10-17 20:59:38,2025-10-17 21:11:38,12.0,,공통
b190_mixed_ps_sub_r1,GA,60,BLK_60S,10,후면SAW,4,2025-10-17 21:16:16,2025-10-17 21:41:06,24.8,,공통
b190_mixed_ps_sub_r1,GA,60,BLK_60S,10,NC,5,2025-10-17 22:21:35,2025-10-17 22:57:09,35.6,,공통
b190_mixed_ps_sub_r1,GA,60,BLK_60S,10,베이35A 론지취부,6,2025-10-17 22:57:09,2025-10-18 00:06:39,69.5,35A,베이35A
b190_mixed_ps_sub_r1,GA,60,BLK_60S,10,베이35A 론지용접,7,2025-10-18 00:06:39,2025-10-18 00:29:51,23.2,35A,베이35A
b190_mixed_ps_sub_r1,GA,60,BLK_60S,10,베이35A 수정,8,2025-10-18 00:29:51,2025-10-18 01:12:15,42.4,35A,베이35A
b190_mixed_ps_sub_r1,GA,62,BLK_62S,11,판계,1,2025-10-17 11:45:00,2025-10-17 11:57:00,12.0,,공통
b190_mixed_ps_sub_r1,GA,62,BLK_62S,11,전면SAW,2,2025-10-17 20:59:38,2025-10-17 21:36:36,37.0,,공통
b190_mixed_ps_sub_r1,GA,62,BLK_62S,11,TurnOver,3,2025-10-17 21:36:36,2025-10-17 21:48:36,12.0,,공통
b190_mixed_ps_sub_r1,GA,62,BLK_62S,11,후면SAW,4,2025-10-17 21:48:36,2025-10-17 22:16:08,27.5,,공통
b190_mixed_ps_sub_r1,GA,62,BLK_62S,11,NC,5,2025-10-17 22:57:09,2025-10-17 23:17:49,20.7,,공통
b190_mixed_ps_sub_r1,GA,62,BLK_62S,11,베이36B 론지취부,6,2025-10-17 23:17:49,2025-10-17 23:59:19,41.5,36B,베이36B
b190_mixed_ps_sub_r1,GA,62,BLK_62S,11,베이36B 론지용접,7,2025-10-17 23:59:19,2025-10-18 00:13:43,14.4,36B,베이36B
b190_mixed_ps_sub_r1,GA,62,BLK_62S,11,베이36B 수정,8,2025-10-18 00:13:43,2025-10-18 00:38:31,24.8,36B,베이36B
b190_mixed_ps_sub_r1,GA,40,BLK_40S,12,판계,1,2025-10-17 11:57:00,2025-10-17 12:32:00,35.0,,공통
b190_mixed_ps_sub_r1,GA,40,BLK_40S,12,전면SAW,2,2025-10-17 21:36:36,2025-10-17 23:53:01,136.4,,공통
b190_mixed_ps_sub_r1,GA,40,BLK_40S,12,TurnOver,3,2025-10-17 23:53:01,2025-10-18 00:05:01,12.0,,공통
b190_mixed_ps_sub_r1,GA,40,BLK_40S,12,후면SAW,4,2025-10-18 00:05:01,2025-10-18 01:44:16,99.2,,공통
b190_mixed_ps_sub_r1,GA,40,BLK_40S,12,NC,5,2025-10-18 01:44:16,2025-10-18 02:20:31,36.2,,공통
b190_mixed_ps_sub_r1,GA,40,BLK_40S,12,베이35A 론지취부,6,2025-10-18 02:20:31,2025-10-18 02:41:01,20.5,35A,베이35A
b190_mixed_ps_sub_r1,GA,40,BLK_40S,12,베이35A 론지용접,7,2025-10-18 02:41:01,2025-10-18 02:51:49,10.8,35A,베이35A
b190_mixed_ps_sub_r1,GA,40,BLK_40S,12,베이35A 수정,8,2025-10-18 02:51:49,2025-10-18 03:03:25,11.6,35A,베이35A
b190_mixed_ps_sub_r1,GA,162,BLK_162P,13,판계,1,2025-10-17 12:32:00,2025-10-17 12:52:00,20.0,,공통
b190_mixed_ps_sub_r1,GA,162,BLK_162P,13,전면SAW,2,2025-10-17 23:53:01,2025-10-18 00:24:42,31.7,,공통
b190_mixed_ps_sub_r1,GA,162,BLK_162P,13,TurnOver,3,2025-10-18 00:24:42,2025-10-18 00:36:42,12.0,,공통
b190_mixed_ps_sub_r1,GA,162,BLK_162P,13,후면SAW,4,2025-10-18 01:44:16,2025-10-18 02:04:50,20.6,,공통
b190_mixed_ps_sub_r1,GA,162,BLK_162P,13,NC,5,2025-10-18 02:20:31,2025-10-18 02:47:51,27.3,,공통
b190_mixed_ps_sub_r1,GA,162,BLK_162P,13,베이36B 론지취부,6,2025-10-18 02:47:51,2025-10-18 03:50:21,62.5,36B,베이36B
b190_mixed_ps_sub_r1,GA,162,BLK_162P,13,베이36B 론지용접,7,2025-10-18 03:50:21,2025-10-18 04:12:21,22.0,36B,베이36B
b190_mixed_ps_sub_r1,GA,162,BLK_162P,13,베이36B 수정,8,2025-10-18 04:12:21,2025-10-18 04:50:21,38.0,36B,베이36B
b190_mixed_ps_sub_r1,GA,64,BLK_64C,14,판계,1,2025-10-17 12:52:00,2025-10-17 13:44:00,52.0,,공통
b190_mixed_ps_sub_r1,GA,64,BLK_64C,14,전면SAW,2,2025-10-18 00:24:42,2025-10-18 01:56:40,92.0,,공통
b190_mixed_ps_sub_r1,GA,64,BLK_64C,14,TurnOver,3,2025-10-18 01:56:40,2025-10-18 02:08:40,12.0,,공통
b190_mixed_ps_sub_r1,GA,64,BLK_64C,14,후면SAW,4,2025-10-18 02:08:40,2025-10-18 03:37:53,89.2,,공통
b190_mixed_ps_sub_r1,GA,64,BLK_64C,14,NC,5,2025-10-18 03:37:53,2025-10-18 04:41:34,63.7,,공통
b190_mixed_ps_sub_r1,GA,64,BLK_64C,14,베이36B 론지취부,6,2025-10-18 04:41:34,2025-10-18 06:19:04,97.5,36B,베이36B
b190_mixed_ps_sub_r1,GA,64,BLK_64C,14,베이36B 론지용접,7,2025-10-18 06:19:04,2025-10-18 06:47:04,28.0,36B,베이36B
b190_mixed_ps_sub_r1,GA,64,BLK_64C,14,베이36B 수정,8,2025-10-18 06:47:04,2025-10-18 07:47:04,60.0,36B,베이36B
b190_mixed_ps_sub_r1,GA,168,BLK_168S,15,판계,1,2025-10-17 13:44:00,2025-10-17 14:09:00,25.0,,공통
b190_mixed_ps_sub_r1,GA,168,BLK_168S,15,전면SAW,2,2025-10-18 01:56:40,2025-10-18 02:26:33,29.9,,공통
b190_mixed_ps_sub_r1,GA,168,BLK_168S,15,TurnOver,3,2025-10-18 02:26:33,2025-10-18 02:38:33,12.0,,공통
b190_mixed_ps_sub_r1,GA,168,BLK_168S,15,후면SAW,4,2025-10-18 03:37:53,2025-10-18 03:56:04,18.2,,공통
b190_mixed_ps_sub_r1,GA,168,BLK_168S,15,NC,5,2025-10-18 04:41:34,2025-10-18 05:14:59,33.4,,공통
b190_mixed_ps_sub_r1,GA,168,BLK_168S,15,베이35A 론지취부,6,2025-10-18 05:14:59,2025-10-18 06:06:59,52.0,35A,베이35A
b190_mixed_ps_sub_r1,GA,168,BLK_168S,15,베이35A 론지용접,7,2025-10-18 06:06:59,2025-10-18 06:27:11,20.2,35A,베이35A
b190_mixed_ps_sub_r1,GA,168,BLK_168S,15,베이35A 수정,8,2025-10-18 06:27:11,2025-10-18 06:58:35,31.4,35A,베이35A
b190_mixed_ps_sub_r1,GA,67,BLK_67S,16,판계,1,2025-10-17 14:09:00,2025-10-17 14:37:00,28.0,,공통
b190_mixed_ps_sub_r1,GA,67,BLK_67S,16,전면SAW,2,2025-10-18 02:26:33,2025-10-18 04:04:26,97.9,,공통
b190_mixed_ps_sub_r1,GA,67,BLK_67S,16,TurnOver,3,2025-10-18 04:04:26,2025-10-18 04:16:26,12.0,,공통
b190_mixed_ps_sub_r1,GA,67,BLK_67S,16,후면SAW,4,2025-10-18 04:16:26,2025-10-18 05:52:34,96.1,,공통
b190_mixed_ps_sub_r1,GA,67,BLK_67S,16,NC,5,2025-10-18 05:52:34,2025-10-18 06:24:27,31.9,,공통
b190_mixed_ps_sub_r1,GA,67,BLK_67S,16,베이36B 론지취부,6,2025-10-18 06:24:27,2025-10-18 07:19:57,55.5,36B,베이36B
b190_mixed_ps_sub_r1,GA,67,BLK_67S,16,베이36B 론지용접,7,2025-10-18 07:19:57,2025-10-18 07:40:45,20.8,36B,베이36B
b190_mixed_ps_sub_r1,GA,67,BLK_67S,16,베이36B 수정,8,2025-10-18 07:47:04,2025-10-18 08:20:40,33.6,36B,베이36B
b190_mixed_ps_sub_r1,GA,68,BLK_68S,17,판계,1,2025-10-17 14:37:00,2025-10-17 14:57:00,20.0,,공통
b190_mixed_ps_sub_r1,GA,68,BLK_68S,17,전면SAW,2,2025-10-18 04:04:26,2025-10-18 04:45:42,41.3,,공통
b190_mixed_ps_sub_r1,GA,68,BLK_68S,17,TurnOver,3,2025-10-18 04:45:42,2025-10-18 04:57:42,12.0,,공통
b190_mixed_ps_sub_r1,GA,68,BLK_68S,17,후면SAW,4,2025-10-18 05:52:34,2025-10-18 06:25:45,33.2,,공통
b190_mixed_ps_sub_r1,GA,68,BLK_68S,17,NC,5,2025-10-18 06:25:45,2025-10-18 06:59:09,33.4,,공통
b190_mixed_ps_sub_r1,GA,68,BLK_68S,17,베이35A 론지취부,6,2025-10-18 06:59:09,2025-10-18 08:12:09,73.0,35A,베이35A
b190_mixed_ps_sub_r1,GA,68,BLK_68S,17,베이35A 론지용접,7,2025-10-18 08:12:09,2025-10-18 08:35:57,23.8,35A,베이35A
b190_mixed_ps_sub_r1,GA,68,BLK_68S,17,베이35A 수정,8,2025-10-18 08:35:57,2025-10-18 09:20:33,44.6,35A,베이35A
b190_mixed_ps_sub_r1,GA,63,BLK_63C,18,판계,1,2025-10-17 14:57:00,2025-10-17 15:27:00,30.0,,공통
b190_mixed_ps_sub_r1,GA,63,BLK_63C,18,전면SAW,2,2025-10-18 04:45:42,2025-10-18 05:22:51,37.1,,공통
b190_mixed_ps_sub_r1,GA,63,BLK_63C,18,TurnOver,3,2025-10-18 05:22:51,2025-10-18 05:34:51,12.0,,공통
b190_mixed_ps_sub_r1,GA,63,BLK_63C,18,후면SAW,4,2025-10-18 06:25:45,2025-10-18 06:53:30,27.8,,공통
b190_mixed_ps_sub_r1,GA,63,BLK_63C,18,NC,5,2025-10-18 06:59:09,2025-10-18 07:49:13,50.1,,공통
b190_mixed_ps_sub_r1,GA,63,BLK_63C,18,베이36B 론지취부,6,2025-10-18 07:49:13,2025-10-18 09:09:13,80.0,36B,베이36B
b190_mixed_ps_sub_r1,GA,63,BLK_63C,18,베이36B 론지용접,7,2025-10-18 09:09:13,2025-10-18 09:34:13,25.0,36B,베이36B
b190_mixed_ps_sub_r1,GA,63,BLK_63C,18,베이36B 수정,8,2025-10-18 09:34:13,2025-10-18 10:23:13,49.0,36B,베이36B
b190_mixed_ps_sub_r1,GA,70,BLK_70C,19,판계,1,2025-10-17 15:27:00,2025-10-17 15:57:00,30.0,,공통
b190_mixed_ps_sub_r1,GA,70,BLK_70C,19,전면SAW,2,2025-10-18 05:22:51,2025-10-18 06:11:58,49.1,,공통
b190_mixed_ps_sub_r1,GA,70,BLK_70C,19,TurnOver,3,2025-10-18 06:11:58,2025-10-18 06:23:58,12.0,,공통
b190_mixed_ps_sub_r1,GA,70,BLK_70C,19,후면SAW,4,2025-10-18 06:53:30,2025-10-18 07:37:02,43.5,,공통
b190_mixed_ps_sub_r1,GA,70,BLK_70C,19,NC,5,2025-10-18 07:49:13,2025-10-18 08:33:03,43.8,,공통
b190_mixed_ps_sub_r1,GA,70,BLK_70C,19,베이35A 론지취부,6,2025-10-18 08:33:03,2025-10-18 09:46:03,73.0,35A,베이35A
b190_mixed_ps_sub_r1,GA,70,BLK_70C,19,베이35A 론지용접,7,2025-10-18 09:46:03,2025-10-18 10:09:51,23.8,35A,베이35A
b190_mixed_ps_sub_r1,GA,70,BLK_70C,19,베이35A 수정,8,2025-10-18 10:09:51,2025-10-18 10:54:27,44.6,35A,베이35A
b190_mixed_ps_sub_r1,GA,104,BLK_104S,20,판계,1,2025-10-17 15:57:00,2025-10-17 16:43:00,46.0,,공통
b190_mixed_ps_sub_r1,GA,104,BLK_104S,20,전면SAW,2,2025-10-18 06:11:58,2025-10-18 09:21:58,190.0,,공통
b190_mixed_ps_sub_r1,GA,104,BLK_104S,20,TurnOver,3,2025-10-18 09:21:58,2025-10-18 09:33:58,12.0,,공통
b190_mixed_ps_sub_r1,GA,104,BLK_104S,20,후면SAW,4,2025-10-18 09:33:58,2025-10-18 12:18:58,165.0,,공통
b190_mixed_ps_sub_r1,GA,104,BLK_104S,20,NC,5,2025-10-18 12:18:58,2025-10-18 13:16:09,57.2,,공통
b190_mixed_ps_sub_r1,GA,104,BLK_104S,20,베이36B 론지취부,6,2025-10-18 13:16:09,2025-10-18 14:43:09,87.0,36B,베이36B
b190_mixed_ps_sub_r1,GA,104,BLK_104S,20,베이36B 론지용접,7,2025-10-18 14:43:09,2025-10-18 15:09:21,26.2,36B,베이36B
b190_mixed_ps_sub_r1,GA,104,BLK_104S,20,베이36B 수정,8,2025-10-18 15:09:21,2025-10-18 16:02:45,53.4,36B,베이36B
b190_mixed_ps_sub_r1,GA,161,BLK_161S,21,판계,1,2025-10-17 16:43:00,2025-10-17 16:55:00,12.0,,공통
b190_mixed_ps_sub_r1,GA,161,BLK_161S,21,전면SAW,2,2025-10-18 09:21:58,2025-10-18 10:04:22,42.4,,공통
b190_mixed_ps_sub_r1,GA,161,BLK_161S,21,TurnOver,3,2025-10-18 10:04:22,2025-10-18 10:16:22,12.0,,공통
b190_mixed_ps_sub_r1,GA,161,BLK_161S,21,후면SAW,4,2025-10-18 12:18:58,2025-10-18 12:53:38,34.7,,공통
b190_mixed_ps_sub_r1,GA,161,BLK_161S,21,NC,5,2025-10-18 13:16:09,2025-10-18 13:40:31,24.4,,공통
b190_mixed_ps_sub_r1,GA,161,BLK_161S,21,베이35A 론지취부,6,2025-10-18 13:40:31,2025-10-18 14:46:31,66.0,35A,베이35A
b190_mixed_ps_sub_r1,GA,161,BLK_161S,21,베이35A 론지용접,7,2025-10-18 14:46:31,2025-10-18 15:09:07,22.6,35A,베이35A
b190_mixed_ps_sub_r1,GA,161,BLK_161S,21,베이35A 수정,8,2025-10-18 15:09:07,2025-10-18 15:49:19,40.2,35A,베이35A
b190_mixed_ps_sub_r1,GA,73,BLK_73C,22,판계,1,2025-10-17 16:55:00,2025-10-17 17:23:00,28.0,,공통
b190_mixed_ps_sub_r1,GA,73,BLK_73C,22,전면SAW,2,2025-10-18 10:04:22,2025-10-18 12:13:33,129.2,,공통
b190_mixed_ps_sub_r1,GA,73,BLK_73C,22,TurnOver,3,2025-10-18 12:13:33,2025-10-18 12:25:33,12.0,,공통
b190_mixed_ps_sub_r1,GA,73,BLK_73C,22,후면SAW,4,2025-10-18 12:53:38,2025-10-18 14:39:11,105.5,,공통
b190_mixed_ps_sub_r1,GA,73,BLK_73C,22,NC,5,2025-10-18 14:39:11,2025-10-18 15:14:36,35.4,,공통
b190_mixed_ps_sub_r1,GA,73,BLK_73C,22,베이36B 론지취부,6,2025-10-18 15:14:36,2025-10-18 16:06:36,52.0,36B,베이36B
b190_mixed_ps_sub_r1,GA,73,BLK_73C,22,베이36B 론지용접,7,2025-10-18 16:06:36,2025-10-18 16:26:48,20.2,36B,베이36B
b190_mixed_ps_sub_r1,GA,73,BLK_73C,22,베이36B 수정,8,2025-10-18 16:26:48,2025-10-18 16:58:12,31.4,36B,베이36B
b190_mixed_ps_sub_r1,GA,164,BLK_164C,23,판계,1,2025-10-17 17:23:00,2025-10-17 17:48:00,25.0,,공통
b190_mixed_ps_sub_r1,GA,164,BLK_164C,23,전면SAW,2,2025-10-18 12:13:33,2025-10-18 13:02:51,49.3,,공통
b190_mixed_ps_sub_r1,GA,164,BLK_164C,23,TurnOver,3,2025-10-18 13:02:51,2025-10-18 13:14:51,12.0,,공통
b190_mixed_ps_sub_r1,GA,164,BLK_164C,23,후면SAW,4,2025-10-18 14:39:11,2025-10-18 15:22:56,43.8,,공통
b190_mixed_ps_sub_r1,GA,164,BLK_164C,23,NC,5,2025-10-18 15:22:56,2025-10-18 16:00:44,37.8,,공통
b190_mixed_ps_sub_r1,GA,164,BLK_164C,23,베이35A 론지취부,6,2025-10-18 16:00:44,2025-10-18 17:31:14,90.5,35A,베이35A
b190_mixed_ps_sub_r1,GA,164,BLK_164C,23,베이35A 론지용접,7,2025-10-18 17:31:14,2025-10-18 17:58:02,26.8,35A,베이35A
b190_mixed_ps_sub_r1,GA,164,BLK_164C,23,베이35A 수정,8,2025-10-18 17:58:02,2025-10-18 18:53:38,55.6,35A,베이35A
b190_mixed_ps_sub_r1,GA,61,BLK_61C,24,판계,1,2025-10-17 17:48:00,2025-10-17 18:23:00,35.0,,공통
b190_mixed_ps_sub_r1,GA,61,BLK_61C,24,전면SAW,2,2025-10-18 13:02:51,2025-10-18 16:05:25,182.6,,공통
b190_mixed_ps_sub_r1,GA,61,BLK_61C,24,TurnOver,3,2025-10-18 16:05:25,2025-10-18 16:17:25,12.0,,공통
b190_mixed_ps_sub_r1,GA,61,BLK_61C,24,후면SAW,4,2025-10-18 16:17:25,2025-10-18 18:58:22,161.0,,공통
b190_mixed_ps_sub_r1,GA,61,BLK_61C,24,NC,5,2025-10-18 18:58:22,2025-10-18 19:40:39,42.3,,공통
b190_mixed_ps_sub_r1,GA,61,BLK_61C,24,베이36B 론지취부,6,2025-10-18 19:40:39,2025-10-18 20:29:09,48.5,36B,베이36B
b190_mixed_ps_sub_r1,GA,61,BLK_61C,24,베이36B 론지용접,7,2025-10-18 20:29:09,2025-10-18 20:48:45,19.6,36B,베이36B
b190_mixed_ps_sub_r1,GA,61,BLK_61C,24,베이36B 수정,8,2025-10-18 20:48:45,2025-10-18 21:17:57,29.2,36B,베이36B
b190_mixed_ps_sub_r1,GA,76,BLK_76S,1,판계,1,2025-10-18 08:00:00,2025-10-18 08:28:00,28.0,,공통
b190_mixed_ps_sub_r1,GA,76,BLK_76S,1,전면SAW,2,2025-10-18 16:05:25,2025-10-18 17:41:40,96.2,,공통
b190_mixed_ps_sub_r1,GA,76,BLK_76S,1,TurnOver,3,2025-10-18 17:41:40,2025-10-18 17:53:40,12.0,,공통
b190_mixed_ps_sub_r1,GA,76,BLK_76S,1,후면SAW,4,2025-10-18 18:58:22,2025-10-18 20:13:54,75.5,,공통
b190_mixed_ps_sub_r1,GA,76,BLK_76S,1,NC,5,2025-10-18 20:13:54,2025-10-18 20:45:45,31.9,,공통
b190_mixed_ps_sub_r1,GA,76,BLK_76S,1,베이35A 론지취부,6,2025-10-18 20:45:45,2025-10-18 21:30:45,45.0,35A,베이35A
b190_mixed_ps_sub_r1,GA,76,BLK_76S,1,베이35A 론지용접,7,2025-10-18 21:30:45,2025-10-18 21:49:45,19.0,35A,베이35A
b190_mixed_ps_sub_r1,GA,76,BLK_76S,1,베이35A 수정,8,2025-10-18 21:49:45,2025-10-18 22:16:45,27.0,35A,베이35A
b190_mixed_ps_sub_r1,GA,80,BLK_80P,2,판계,1,2025-10-18 08:28:00,2025-10-18 09:03:00,35.0,,공통
b190_mixed_ps_sub_r1,GA,80,BLK_80P,2,전면SAW,2,2025-10-18 17:41:40,2025-10-18 19:25:04,103.4,,공통
b190_mixed_ps_sub_r1,GA,80,BLK_80P,2,TurnOver,3,2025-10-18 19:25:04,2025-10-18 19:37:04,12.0,,공통
b190_mixed_ps_sub_r1,GA,80,BLK_80P,2,후면SAW,4,2025-10-18 20:13:54,2025-10-18 21:39:05,85.2,,공통
b190_mixed_ps_sub_r1,GA,80,BLK_80P,2,NC,5,2025-10-18 21:39:05,2025-10-18 22:14:06,35.0,,공통
b190_mixed_ps_sub_r1,GA,80,BLK_80P,2,베이36B 론지취부,6,2025-10-18 22:14:06,2025-10-18 22:38:06,24.0,36B,베이36B
b190_mixed_ps_sub_r1,GA,80,BLK_80P,2,베이36B 론지용접,7,2025-10-18 22:38:06,2025-10-18 22:49:30,11.4,36B,베이36B
b190_mixed_ps_sub_r1,GA,80,BLK_80P,2,베이36B 수정,8,2025-10-18 22:49:30,2025-10-18 23:03:18,13.8,36B,베이36B
b190_mixed_ps_sub_r1,GA,82,BLK_82S,3,판계,1,2025-10-18 09:03:00,2025-10-18 09:33:00,30.0,,공통
b190_mixed_ps_sub_r1,GA,82,BLK_82S,3,전면SAW,2,2025-10-18 19:25:04,2025-10-18 19:57:11,32.1,,공통
b190_mixed_ps_sub_r1,GA,82,BLK_82S,3,TurnOver,3,2025-10-18 19:57:11,2025-10-18 20:09:11,12.0,,공통
b190_mixed_ps_sub_r1,GA,82,BLK_82S,3,후면SAW,4,2025-10-18 21:39:05,2025-10-18 22:00:12,21.1,,공통
b190_mixed_ps_sub_r1,GA,82,BLK_82S,3,NC,5,2025-10-18 22:14:06,2025-10-18 22:56:42,42.6,,공통
b190_mixed_ps_sub_r1,GA,82,BLK_82S,3,베이35A 론지취부,6,2025-10-18 22:56:42,2025-10-18 23:38:12,41.5,35A,베이35A
b190_mixed_ps_sub_r1,GA,82,BLK_82S,3,베이35A 론지용접,7,2025-10-18 23:38:12,2025-10-18 23:56:36,18.4,35A,베이35A
b190_mixed_ps_sub_r1,GA,82,BLK_82S,3,베이35A 수정,8,2025-10-18 23:56:36,2025-10-19 00:21:24,24.8,35A,베이35A
b190_mixed_ps_sub_r1,GA,84,BLK_84C,4,판계,1,2025-10-18 09:33:00,2025-10-18 09:58:00,25.0,,공통
b190_mixed_ps_sub_r1,GA,84,BLK_84C,4,전면SAW,2,2025-10-18 19:57:11,2025-10-18 20:30:33,33.4,,공통
b190_mixed_ps_sub_r1,GA,84,BLK_84C,4,TurnOver,3,2025-10-18 20:30:33,2025-10-18 20:42:33,12.0,,공통
b190_mixed_ps_sub_r1,GA,84,BLK_84C,4,후면SAW,4,2025-10-18 22:00:12,2025-10-18 22:22:59,22.8,,공통
b190_mixed_ps_sub_r1,GA,84,BLK_84C,4,NC,5,2025-10-18 22:56:42,2025-10-18 23:34:39,38.0,,공통
b190_mixed_ps_sub_r1,GA,84,BLK_84C,4,베이36B 론지취부,6,2025-10-18 23:34:39,2025-10-19 00:40:39,66.0,36B,베이36B
b190_mixed_ps_sub_r1,GA,84,BLK_84C,4,베이36B 론지용접,7,2025-10-19 00:40:39,2025-10-19 01:03:15,22.6,36B,베이36B
b190_mixed_ps_sub_r1,GA,84,BLK_84C,4,베이36B 수정,8,2025-10-19 01:03:15,2025-10-19 01:43:27,40.2,36B,베이36B
b190_mixed_ps_sub_r1,GA,93,BLK_93S,5,판계,1,2025-10-18 09:58:00,2025-10-18 10:23:00,25.0,,공통
b190_mixed_ps_sub_r1,GA,93,BLK_93S,5,전면SAW,2,2025-10-18 20:30:33,2025-10-18 21:02:25,31.9,,공통
b190_mixed_ps_sub_r1,GA,93,BLK_93S,5,TurnOver,3,2025-10-18 21:02:25,2025-10-18 21:14:25,12.0,,공통
b190_mixed_ps_sub_r1,GA,93,BLK_93S,5,후면SAW,4,2025-10-18 22:22:59,2025-10-18 22:43:48,20.8,,공통
b190_mixed_ps_sub_r1,GA,93,BLK_93S,5,NC,5,2025-10-18 23:34:39,2025-10-19 00:13:15,38.6,,공통
b190_mixed_ps_sub_r1,GA,93,BLK_93S,5,베이35A 론지취부,6,2025-10-19 00:13:15,2025-10-19 01:33:15,80.0,35A,베이35A
b190_mixed_ps_sub_r1,GA,93,BLK_93S,5,베이35A 론지용접,7,2025-10-19 01:33:15,2025-10-19 01:58:15,25.0,35A,베이35A
b190_mixed_ps_sub_r1,GA,93,BLK_93S,5,베이35A 수정,8,2025-10-19 01:58:15,2025-10-19 02:47:15,49.0,35A,베이35A
b190_mixed_ps_sub_r1,GA,94,BLK_94S,6,판계,1,2025-10-18 10:23:00,2025-10-18 10:43:00,20.0,,공통
b190_mixed_ps_sub_r1,GA,94,BLK_94S,6,전면SAW,2,2025-10-18 21:02:25,2025-10-18 21:37:39,35.2,,공통
b190_mixed_ps_sub_r1,GA,94,BLK_94S,6,TurnOver,3,2025-10-18 21:37:39,2025-10-18 21:49:39,12.0,,공통
b190_mixed_ps_sub_r1,GA,94,BLK_94S,6,후면SAW,4,2025-10-18 22:43:48,2025-10-18 23:09:02,25.2,,공통
b190_mixed_ps_sub_r1,GA,94,BLK_94S,6,NC,5,2025-10-19 00:13:15,2025-10-19 00:42:38,29.4,,공통
b190_mixed_ps_sub_r1,GA,94,BLK_94S,6,베이36B 론지취부,6,2025-10-19 00:42:38,2025-10-19 01:34:38,52.0,36B,베이36B
b190_mixed_ps_sub_r1,GA,94,BLK_94S,6,베이36B 론지용접,7,2025-10-19 01:34:38,2025-10-19 01:54:50,20.2,36B,베이36B
b190_mixed_ps_sub_r1,GA,94,BLK_94S,6,베이36B 수정,8,2025-10-19 01:54:50,2025-10-19 02:26:14,31.4,36B,베이36B
b190_mixed_ps_sub_r1,GA,96,BLK_96C,7,판계,1,2025-10-18 10:43:00,2025-10-18 11:23:00,40.0,,공통
b190_mixed_ps_sub_r1,GA,96,BLK_96C,7,전면SAW,2,2025-10-18 21:37:39,2025-10-19 00:09:01,151.4,,공통
b190_mixed_ps_sub_r1,GA,96,BLK_96C,7,TurnOver,3,2025-10-19 00:09:01,2025-10-19 00:21:01,12.0,,공통
b190_mixed_ps_sub_r1,GA,96,BLK_96C,7,후면SAW,4,2025-10-19 00:21:01,2025-10-19 02:12:14,111.2,,공통
b190_mixed_ps_sub_r1,GA,96,BLK_96C,7,NC,5,2025-10-19 02:12:14,2025-10-19 02:57:13,45.0,,공통
b190_mixed_ps_sub_r1,GA,96,BLK_96C,7,베이35A 론지취부,6,2025-10-19 02:57:13,2025-10-19 03:59:43,62.5,35A,베이35A
b190_mixed_ps_sub_r1,GA,96,BLK_96C,7,베이35A 론지용접,7,2025-10-19 03:59:43,2025-10-19 04:21:43,22.0,35A,베이35A
b190_mixed_ps_sub_r1,GA,96,BLK_96C,7,베이35A 수정,8,2025-10-19 04:21:43,2025-10-19 04:59:43,38.0,35A,베이35A
b190_mixed_ps_sub_r1,GA,97,BLK_97C,8,판계,1,2025-10-18 11:23:00,2025-10-18 11:43:00,20.0,,공통
b190_mixed_ps_sub_r1,GA,97,BLK_97C,8,전면SAW,2,2025-10-19 00:09:01,2025-10-19 00:41:30,32.5,,공통
b190_mixed_ps_sub_r1,GA,97,BLK_97C,8,TurnOver,3,2025-10-19 00:41:30,2025-10-19 00:53:30,12.0,,공통
b190_mixed_ps_sub_r1,GA,97,BLK_97C,8,후면SAW,4,2025-10-19 02:12:14,2025-10-19 02:33:51,21.6,,공통
b190_mixed_ps_sub_r1,GA,97,BLK_97C,8,NC,5,2025-10-19 02:57:13,2025-10-19 03:24:13,27.0,,공통
b190_mixed_ps_sub_r1,GA,97,BLK_97C,8,베이36B 론지취부,6,2025-10-19 03:24:13,2025-10-19 04:05:43,41.5,36B,베이36B
b190_mixed_ps_sub_r1,GA,97,BLK_97C,8,베이36B 론지용접,7,2025-10-19 04:05:43,2025-10-19 04:24:07,18.4,36B,베이36B
b190_mixed_ps_sub_r1,GA,97,BLK_97C,8,베이36B 수정,8,2025-10-19 04:24:07,2025-10-19 04:48:55,24.8,36B,베이36B
b190_mixed_ps_sub_r1,GA,98,BLK_98P,9,판계,1,2025-10-18 11:43:00,2025-10-18 11:55:00,12.0,,공통
b190_mixed_ps_sub_r1,GA,98,BLK_98P,9,전면SAW,2,2025-10-19 00:41:30,2025-10-19 01:23:08,41.6,,공통
b190_mixed_ps_sub_r1,GA,98,BLK_98P,9,TurnOver,3,2025-10-19 01:23:08,2025-10-19 01:35:08,12.0,,공통
b190_mixed_ps_sub_r1,GA,98,BLK_98P,9,후면SAW,4,2025-10-19 02:33:51,2025-10-19 03:07:31,33.7,,공통
b190_mixed_ps_sub_r1,GA,98,BLK_98P,9,NC,5,2025-10-19 03:24:13,2025-10-19 03:45:07,20.9,,공통
b190_mixed_ps_sub_r1,GA,98,BLK_98P,9,베이35A 론지취부,6,2025-10-19 03:59:43,2025-10-19 04:55:13,55.5,35A,베이35A
b190_mixed_ps_sub_r1,GA,98,BLK_98P,9,베이35A 론지용접,7,2025-10-19 04:55:13,2025-10-19 05:16:01,20.8,35A,베이35A
b190_mixed_ps_sub_r1,GA,98,BLK_98P,9,베이35A 수정,8,2025-10-19 05:16:01,2025-10-19 05:49:37,33.6,35A,베이35A
b190_mixed_ps_sub_r1,GA,100,BLK_100P,10,판계,1,2025-10-18 11:55:00,2025-10-18 12:25:00,30.0,,공통
b190_mixed_ps_sub_r1,GA,100,BLK_100P,10,전면SAW,2,2025-10-19 01:23:08,2025-10-19 03:11:17,108.2,,공통
b190_mixed_ps_sub_r1,GA,100,BLK_100P,10,TurnOver,3,2025-10-19 03:11:17,2025-10-19 03:23:17,12.0,,공통
b190_mixed_ps_sub_r1,GA,100,BLK_100P,10,후면SAW,4,2025-10-19 03:23:17,2025-10-19 04:39:55,76.6,,공통
b190_mixed_ps_sub_r1,GA,100,BLK_100P,10,NC,5,2025-10-19 04:39:55,2025-10-19 05:34:00,54.1,,공통
b190_mixed_ps_sub_r1,GA,100,BLK_100P,10,베이36B 론지취부,6,2025-10-19 05:34:00,2025-10-19 06:12:00,38.0,36B,베이36B
b190_mixed_ps_sub_r1,GA,100,BLK_100P,10,베이36B 론지용접,7,2025-10-19 06:12:00,2025-10-19 06:29:48,17.8,36B,베이36B
b190_mixed_ps_sub_r1,GA,100,BLK_100P,10,베이36B 수정,8,2025-10-19 06:29:48,2025-10-19 06:52:24,22.6,36B,베이36B
b190_mixed_ps_sub_r1,GA,102,BLK_102P,11,판계,1,2025-10-18 12:25:00,2025-10-18 12:45:00,20.0,,공통
b190_mixed_ps_sub_r1,GA,102,BLK_102P,11,전면SAW,2,2025-10-19 03:11:17,2025-10-19 03:42:07,30.8,,공통
b190_mixed_ps_sub_r1,GA,102,BLK_102P,11,TurnOver,3,2025-10-19 03:42:07,2025-10-19 03:54:07,12.0,,공통
b190_mixed_ps_sub_r1,GA,102,BLK_102P,11,후면SAW,4,2025-10-19 04:39:55,2025-10-19 04:59:22,19.4,,공통
b190_mixed_ps_sub_r1,GA,102,BLK_102P,11,NC,5,2025-10-19 05:34:00,2025-10-19 06:00:21,26.4,,공통
b190_mixed_ps_sub_r1,GA,102,BLK_102P,11,베이35A 론지취부,6,2025-10-19 06:00:21,2025-10-19 06:27:51,27.5,35A,베이35A
b190_mixed_ps_sub_r1,GA,102,BLK_102P,11,베이35A 론지용접,7,2025-10-19 06:27:51,2025-10-19 06:43:51,16.0,35A,베이35A
b190_mixed_ps_sub_r1,GA,102,BLK_102P,11,베이35A 수정,8,2025-10-19 06:43:51,2025-10-19 06:59:51,16.0,35A,베이35A
b190_mixed_ps_sub_r1,GA,103,BLK_103S,12,판계,1,2025-10-18 12:45:00,2025-10-18 13:15:00,30.0,,공통
b190_mixed_ps_sub_r1,GA,103,BLK_103S,12,전면SAW,2,2025-10-19 03:42:07,2025-10-19 05:27:18,105.2,,공통
b190_mixed_ps_sub_r1,GA,103,BLK_103S,12,TurnOver,3,2025-10-19 05:27:18,2025-10-19 05:39:18,12.0,,공통
b190_mixed_ps_sub_r1,GA,103,BLK_103S,12,후면SAW,4,2025-10-19 05:39:18,2025-10-19 07:02:57,83.7,,공통
b190_mixed_ps_sub_r1,GA,103,BLK_103S,12,NC,5,2025-10-19 07:02:57,2025-10-19 07:55:30,52.5,,공통
b190_mixed_ps_sub_r1,GA,103,BLK_103S,12,베이36B 론지취부,6,2025-10-19 07:55:30,2025-10-19 09:29:30,94.0,36B,베이36B
b190_mixed_ps_sub_r1,GA,103,BLK_103S,12,베이36B 론지용접,7,2025-10-19 09:29:30,2025-10-19 09:56:54,27.4,36B,베이36B
b190_mixed_ps_sub_r1,GA,103,BLK_103S,12,베이36B 수정,8,2025-10-19 09:56:54,2025-10-19 10:54:42,57.8,36B,베이36B
b190_mixed_ps_sub_r1,GA,72,BLK_72C,13,판계,1,2025-10-18 13:15:00,2025-10-18 13:45:00,30.0,,공통
b190_mixed_ps_sub_r1,GA,72,BLK_72C,13,전면SAW,2,2025-10-19 05:27:18,2025-10-19 05:57:09,29.9,,공통
b190_mixed_ps_sub_r1,GA,72,BLK_72C,13,TurnOver,3,2025-10-19 05:57:09,2025-10-19 06:09:09,12.0,,공통
b190_mixed_ps_sub_r1,GA,72,BLK_72C,13,후면SAW,4,2025-10-19 07:02:57,2025-10-19 07:21:06,18.1,,공통
b190_mixed_ps_sub_r1,GA,72,BLK_72C,13,NC,5,2025-10-19 07:55:30,2025-10-19 08:44:17,48.8,,공통
b190_mixed_ps_sub_r1,GA,72,BLK_72C,13,베이35A 론지취부,6,2025-10-19 08:44:17,2025-10-19 10:18:17,94.0,35A,베이35A
b190_mixed_ps_sub_r1,GA,72,BLK_72C,13,베이35A 론지용접,7,2025-10-19 10:18:17,2025-10-19 10:45:41,27.4,35A,베이35A
b190_mixed_ps_sub_r1,GA,72,BLK_72C,13,베이35A 수정,8,2025-10-19 10:45:41,2025-10-19 11:43:29,57.8,35A,베이35A
b190_mixed_ps_sub_r1,GA,101,BLK_101C,1,판계,1,2025-10-19 08:00:00,2025-10-19 08:45:00,45.0,,공통
b190_mixed_ps_sub_r1,GA,101,BLK_101C,1,전면SAW,2,2025-10-19 08:45:00,2025-10-19 10:14:40,89.7,,공통
b190_mixed_ps_sub_r1,GA,101,BLK_101C,1,TurnOver,3,2025-10-19 10:14:40,2025-10-19 10:26:40,12.0,,공통
b190_mixed_ps_sub_r1,GA,101,BLK_101C,1,후면SAW,4,2025-10-19 10:26:40,2025-10-19 11:53:14,86.6,,공통
b190_mixed_ps_sub_r1,GA,101,BLK_101C,1,NC,5,2025-10-19 11:53:14,2025-10-19 12:49:42,56.5,,공통
b190_mixed_ps_sub_r1,GA,101,BLK_101C,1,베이36B 론지취부,6,2025-10-19 12:49:42,2025-10-19 14:02:42,73.0,36B,베이36B
b190_mixed_ps_sub_r1,GA,101,BLK_101C,1,베이36B 론지용접,7,2025-10-19 14:02:42,2025-10-19 14:26:30,23.8,36B,베이36B
b190_mixed_ps_sub_r1,GA,101,BLK_101C,1,베이36B 수정,8,2025-10-19 14:26:30,2025-10-19 15:11:06,44.6,36B,베이36B
b190_mixed_ps_sub_r1,GA,106,BLK_106P,2,판계,1,2025-10-19 08:45:00,2025-10-19 09:05:00,20.0,,공통
b190_mixed_ps_sub_r1,GA,106,BLK_106P,2,전면SAW,2,2025-10-19 10:14:40,2025-10-19 10:55:00,40.3,,공통
b190_mixed_ps_sub_r1,GA,106,BLK_106P,2,TurnOver,3,2025-10-19 10:55:00,2025-10-19 11:07:00,12.0,,공통
b190_mixed_ps_sub_r1,GA,106,BLK_106P,2,후면SAW,4,2025-10-19 11:53:14,2025-10-19 12:25:10,31.9,,공통
b190_mixed_ps_sub_r1,GA,106,BLK_106P,2,NC,5,2025-10-19 12:49:42,2025-10-19 13:23:33,33.8,,공통
b190_mixed_ps_sub_r1,GA,106,BLK_106P,2,베이35A 론지취부,6,2025-10-19 13:23:33,2025-10-19 14:54:03,90.5,35A,베이35A
b190_mixed_ps_sub_r1,GA,106,BLK_106P,2,베이35A 론지용접,7,2025-10-19 14:54:03,2025-10-19 15:20:51,26.8,35A,베이35A
b190_mixed_ps_sub_r1,GA,106,BLK_106P,2,베이35A 수정,8,2025-10-19 15:20:51,2025-10-19 16:16:27,55.6,35A,베이35A
b190_mixed_ps_sub_r1,GA,154,BLK_154C,3,판계,1,2025-10-19 09:05:00,2025-10-19 09:38:00,33.0,,공통
b190_mixed_ps_sub_r1,GA,154,BLK_154C,3,전면SAW,2,2025-10-19 10:55:00,2025-10-19 12:37:12,102.2,,공통
b190_mixed_ps_sub_r1,GA,154,BLK_154C,3,TurnOver,3,2025-10-19 12:37:12,2025-10-19 12:49:12,12.0,,공통
b190_mixed_ps_sub_r1,GA,154,BLK_154C,3,후면SAW,4,2025-10-19 12:49:12,2025-10-19 14:10:09,81.0,,공통
b190_mixed_ps_sub_r1,GA,154,BLK_154C,3,NC,5,2025-10-19 14:10:09,2025-10-19 14:50:43,40.6,,공통
b190_mixed_ps_sub_r1,GA,154,BLK_154C,3,베이36B 론지취부,6,2025-10-19 14:50:43,2025-10-19 15:49:43,59.0,36B,베이36B
b190_mixed_ps_sub_r1,GA,154,BLK_154C,3,베이36B 론지용접,7,2025-10-19 15:49:43,2025-10-19 16:11:07,21.4,36B,베이36B
b190_mixed_ps_sub_r1,GA,154,BLK_154C,3,베이36B 수정,8,2025-10-19 16:11:07,2025-10-19 16:46:55,35.8,36B,베이36B
b190_mixed_ps_sub_r1,GA,107,BLK_107P,4,판계,1,2025-10-19 09:38:00,2025-10-19 09:58:00,20.0,,공통
b190_mixed_ps_sub_r1,GA,107,BLK_107P,4,전면SAW,2,2025-10-19 12:37:12,2025-10-19 13:12:15,35.0,,공통
b190_mixed_ps_sub_r1,GA,107,BLK_107P,4,TurnOver,3,2025-10-19 13:12:15,2025-10-19 13:24:15,12.0,,공통
b190_mixed_ps_sub_r1,GA,107,BLK_107P,4,후면SAW,4,2025-10-19 14:10:09,2025-10-19 14:35:09,25.0,,공통
b190_mixed_ps_sub_r1,GA,107,BLK_107P,4,NC,5,2025-10-19 14:50:43,2025-10-19 15:19:32,28.8,,공통
b190_mixed_ps_sub_r1,GA,107,BLK_107P,4,베이35A 론지취부,6,2025-10-19 15:19:32,2025-10-19 16:15:02,55.5,35A,베이35A
b190_mixed_ps_sub_r1,GA,107,BLK_107P,4,베이35A 론지용접,7,2025-10-19 16:15:02,2025-10-19 16:35:50,20.8,35A,베이35A
b190_mixed_ps_sub_r1,GA,107,BLK_107P,4,베이35A 수정,8,2025-10-19 16:35:50,2025-10-19 17:09:26,33.6,35A,베이35A
b190_mixed_ps_sub_r1,GA,110,BLK_110S,5,판계,1,2025-10-19 09:58:00,2025-10-19 10:28:00,30.0,,공통
b190_mixed_ps_sub_r1,GA,110,BLK_110S,5,전면SAW,2,2025-10-19 13:12:15,2025-10-19 15:13:01,120.8,,공통
b190_mixed_ps_sub_r1,GA,110,BLK_110S,5,TurnOver,3,2025-10-19 15:13:01,2025-10-19 15:25:01,12.0,,공통
b190_mixed_ps_sub_r1,GA,110,BLK_110S,5,후면SAW,4,2025-10-19 15:25:01,2025-10-19 17:27:50,122.8,,공통
b190_mixed_ps_sub_r1,GA,110,BLK_110S,5,NC,5,2025-10-19 17:27:50,2025-10-19 18:22:18,54.5,,공통
b190_mixed_ps_sub_r1,GA,110,BLK_110S,5,베이36B 론지취부,6,2025-10-19 18:22:18,2025-10-19 20:27:48,125.5,36B,베이36B
b190_mixed_ps_sub_r1,GA,110,BLK_110S,5,베이36B 론지용접,7,2025-10-19 20:27:48,2025-10-19 21:00:36,32.8,36B,베이36B
b190_mixed_ps_sub_r1,GA,110,BLK_110S,5,베이36B 수정,8,2025-10-19 21:00:36,2025-10-19 22:18:12,77.6,36B,베이36B
b190_mixed_ps_sub_r1,GA,136,BLK_136C,6,판계,1,2025-10-19 10:28:00,2025-10-19 10:48:00,20.0,,공통
b190_mixed_ps_sub_r1,GA,136,BLK_136C,6,전면SAW,2,2025-10-19 15:13:01,2025-10-19 15:45:56,32.9,,공통
b190_mixed_ps_sub_r1,GA,136,BLK_136C,6,TurnOver,3,2025-10-19 15:45:56,2025-10-19 15:57:56,12.0,,공통
b190_mixed_ps_sub_r1,GA,136,BLK_136C,6,후면SAW,4,2025-10-19 17:27:50,2025-10-19 17:50:01,22.2,,공통
b190_mixed_ps_sub_r1,GA,136,BLK_136C,6,NC,5,2025-10-19 18:22:18,2025-10-19 18:50:27,28.1,,공통
b190_mixed_ps_sub_r1,GA,136,BLK_136C,6,베이35A 론지취부,6,2025-10-19 18:50:27,2025-10-19 19:42:27,52.0,35A,베이35A
b190_mixed_ps_sub_r1,GA,136,BLK_136C,6,베이35A 론지용접,7,2025-10-19 19:42:27,2025-10-19 20:02:39,20.2,35A,베이35A
b190_mixed_ps_sub_r1,GA,136,BLK_136C,6,베이35A 수정,8,2025-10-19 20:02:39,2025-10-19 20:34:03,31.4,35A,베이35A
b190_mixed_ps_sub_r1,GA,112,BLK_112C,7,판계,1,2025-10-19 10:48:00,2025-10-19 11:29:00,41.0,,공통
b190_mixed_ps_sub_r1,GA,112,BLK_112C,7,전면SAW,2,2025-10-19 15:45:56,2025-10-19 18:55:56,190.0,,공통
b190_mixed_ps_sub_r1,GA,112,BLK_112C,7,TurnOver,3,2025-10-19 18:55:56,2025-10-19 19:07:56,12.0,,공통
b190_mixed_ps_sub_r1,GA,112,BLK_112C,7,후면SAW,4,2025-10-19 19:07:56,2025-10-19 21:38:57,151.0,,공통
b190_mixed_ps_sub_r1,GA,112,BLK_112C,7,NC,5,2025-10-19 21:38:57,2025-10-19 22:28:52,49.9,,공통
b190_mixed_ps_sub_r1,GA,112,BLK_112C,7,베이36B 론지취부,6,2025-10-19 22:28:52,2025-10-19 23:20:52,52.0,36B,베이36B
b190_mixed_ps_sub_r1,GA,112,BLK_112C,7,베이36B 론지용접,7,2025-10-19 23:20:52,2025-10-19 23:41:04,20.2,36B,베이36B
b190_mixed_ps_sub_r1,GA,112,BLK_112C,7,베이36B 수정,8,2025-10-19 23:41:04,2025-10-20 00:12:28,31.4,36B,베이36B
b190_mixed_ps_sub_r1,GA,113,BLK_113S,8,판계,1,2025-10-19 11:29:00,2025-10-19 11:41:00,12.0,,공통
b190_mixed_ps_sub_r1,GA,113,BLK_113S,8,전면SAW,2,2025-10-19 18:55:56,2025-10-19 19:33:16,37.3,,공통
b190_mixed_ps_sub_r1,GA,113,BLK_113S,8,TurnOver,3,2025-10-19 19:33:16,2025-10-19 19:45:16,12.0,,공통
b190_mixed_ps_sub_r1,GA,113,BLK_113S,8,후면SAW,4,2025-10-19 21:38:57,2025-10-19 22:06:57,28.0,,공통
b190_mixed_ps_sub_r1,GA,113,BLK_113S,8,NC,5,2025-10-19 22:28:52,2025-10-19 22:49:12,20.3,,공통
b190_mixed_ps_sub_r1,GA,113,BLK_113S,8,베이35A 론지취부,6,2025-10-19 22:49:12,2025-10-19 23:16:42,27.5,35A,베이35A
b190_mixed_ps_sub_r1,GA,113,BLK_113S,8,베이35A 론지용접,7,2025-10-19 23:16:42,2025-10-19 23:28:42,12.0,35A,베이35A
b190_mixed_ps_sub_r1,GA,113,BLK_113S,8,베이35A 수정,8,2025-10-19 23:28:42,2025-10-19 23:44:42,16.0,35A,베이35A
b190_mixed_ps_sub_r1,GA,114,BLK_114P,9,판계,1,2025-10-19 11:41:00,2025-10-19 12:16:00,35.0,,공통
b190_mixed_ps_sub_r1,GA,114,BLK_114P,9,전면SAW,2,2025-10-19 19:33:16,2025-10-19 21:29:46,116.5,,공통
b190_mixed_ps_sub_r1,GA,114,BLK_114P,9,TurnOver,3,2025-10-19 21:29:46,2025-10-19 21:41:46,12.0,,공통
b190_mixed_ps_sub_r1,GA,114,BLK_114P,9,후면SAW,4,2025-10-19 22:06:57,2025-10-19 23:44:40,97.7,,공통
b190_mixed_ps_sub_r1,GA,114,BLK_114P,9,NC,5,2025-10-19 23:44:40,2025-10-20 00:20:13,35.6,,공통
b190_mixed_ps_sub_r1,GA,114,BLK_114P,9,베이36B 론지취부,6,2025-10-20 00:20:13,2025-10-20 00:54:43,34.5,36B,베이36B
b190_mixed_ps_sub_r1,GA,114,BLK_114P,9,베이36B 론지용접,7,2025-10-20 00:54:43,2025-10-20 01:07:55,13.2,36B,베이36B
b190_mixed_ps_sub_r1,GA,114,BLK_114P,9,베이36B 수정,8,2025-10-20 01:07:55,2025-10-20 01:28:19,20.4,36B,베이36B
b190_mixed_ps_sub_r1,GA,160,BLK_160S,10,판계,1,2025-10-19 12:16:00,2025-10-19 12:41:00,25.0,,공통
b190_mixed_ps_sub_r1,GA,160,BLK_160S,10,전면SAW,2,2025-10-19 21:29:46,2025-10-19 22:15:43,46.0,,공통
b190_mixed_ps_sub_r1,GA,160,BLK_160S,10,TurnOver,3,2025-10-19 22:15:43,2025-10-19 22:27:43,12.0,,공통
b190_mixed_ps_sub_r1,GA,160,BLK_160S,10,후면SAW,4,2025-10-19 23:44:40,2025-10-20 00:24:01,39.4,,공통
b190_mixed_ps_sub_r1,GA,160,BLK_160S,10,NC,5,2025-10-20 00:24:01,2025-10-20 00:58:52,34.8,,공통
b190_mixed_ps_sub_r1,GA,160,BLK_160S,10,베이35A 론지취부,6,2025-10-20 00:58:52,2025-10-20 01:43:52,45.0,35A,베이35A
b190_mixed_ps_sub_r1,GA,160,BLK_160S,10,베이35A 론지용접,7,2025-10-20 01:43:52,2025-10-20 02:02:52,19.0,35A,베이35A
b190_mixed_ps_sub_r1,GA,160,BLK_160S,10,베이35A 수정,8,2025-10-20 02:02:52,2025-10-20 02:29:52,27.0,35A,베이35A
b190_mixed_ps_sub_r1,GA,116,BLK_116P,11,판계,1,2025-10-19 12:41:00,2025-10-19 13:26:00,45.0,,공통
b190_mixed_ps_sub_r1,GA,116,BLK_116P,11,전면SAW,2,2025-10-19 22:15:43,2025-10-20 00:26:57,131.2,,공통
b190_mixed_ps_sub_r1,GA,116,BLK_116P,11,TurnOver,3,2025-10-20 00:26:57,2025-10-20 00:38:57,12.0,,공통
b190_mixed_ps_sub_r1,GA,116,BLK_116P,11,후면SAW,4,2025-10-20 00:38:57,2025-10-20 02:14:03,95.1,,공통
b190_mixed_ps_sub_r1,GA,116,BLK_116P,11,NC,5,2025-10-20 02:14:03,2025-10-20 03:04:12,50.1,,공통
b190_mixed_ps_sub_r1,GA,116,BLK_116P,11,베이36B 론지취부,6,2025-10-20 03:04:12,2025-10-20 04:27:42,83.5,36B,베이36B
b190_mixed_ps_sub_r1,GA,116,BLK_116P,11,베이36B 론지용접,7,2025-10-20 04:27:42,2025-10-20 04:53:18,25.6,36B,베이36B
b190_mixed_ps_sub_r1,GA,116,BLK_116P,11,베이36B 수정,8,2025-10-20 04:53:18,2025-10-20 05:44:30,51.2,36B,베이36B
b190_mixed_ps_sub_r1,GA,117,BLK_117C,12,판계,1,2025-10-19 13:26:00,2025-10-19 13:38:00,12.0,,공통
b190_mixed_ps_sub_r1,GA,117,BLK_117C,12,전면SAW,2,2025-10-20 00:26:57,2025-10-20 01:02:32,35.6,,공통
b190_mixed_ps_sub_r1,GA,117,BLK_117C,12,TurnOver,3,2025-10-20 01:02:32,2025-10-20 01:14:32,12.0,,공통
b190_mixed_ps_sub_r1,GA,117,BLK_117C,12,후면SAW,4,2025-10-20 02:14:03,2025-10-20 02:39:45,25.7,,공통
b190_mixed_ps_sub_r1,GA,117,BLK_117C,12,NC,5,2025-10-20 03:04:12,2025-10-20 03:24:24,20.2,,공통
b190_mixed_ps_sub_r1,GA,117,BLK_117C,12,베이35A 론지취부,6,2025-10-20 03:24:24,2025-10-20 04:05:54,41.5,35A,베이35A
b190_mixed_ps_sub_r1,GA,117,BLK_117C,12,베이35A 론지용접,7,2025-10-20 04:05:54,2025-10-20 04:20:18,14.4,35A,베이35A
b190_mixed_ps_sub_r1,GA,117,BLK_117C,12,베이35A 수정,8,2025-10-20 04:20:18,2025-10-20 04:45:06,24.8,35A,베이35A
b190_mixed_ps_sub_r1,GA,143,BLK_143C,13,판계,1,2025-10-19 13:38:00,2025-10-19 13:50:00,12.0,,공통
b190_mixed_ps_sub_r1,GA,143,BLK_143C,13,전면SAW,2,2025-10-20 01:02:32,2025-10-20 01:47:55,45.4,,공통
b190_mixed_ps_sub_r1,GA,143,BLK_143C,13,TurnOver,3,2025-10-20 01:47:55,2025-10-20 01:59:55,12.0,,공통
b190_mixed_ps_sub_r1,GA,143,BLK_143C,13,후면SAW,4,2025-10-20 02:39:45,2025-10-20 03:18:21,38.6,,공통
b190_mixed_ps_sub_r1,GA,143,BLK_143C,13,NC,5,2025-10-20 03:24:24,2025-10-20 03:46:28,22.1,,공통
b190_mixed_ps_sub_r1,GA,143,BLK_143C,13,베이36B 론지취부,6,2025-10-20 04:27:42,2025-10-20 05:16:12,48.5,36B,베이36B
b190_mixed_ps_sub_r1,GA,143,BLK_143C,13,베이36B 론지용접,7,2025-10-20 05:16:12,2025-10-20 05:35:48,19.6,36B,베이36B
b190_mixed_ps_sub_r1,GA,143,BLK_143C,13,베이36B 수정,8,2025-10-20 05:44:30,2025-10-20 06:13:42,29.2,36B,베이36B
b190_mixed_ps_sub_r1,GA,135,BLK_135P,1,판계,1,2025-10-20 08:00:00,2025-10-20 08:38:00,38.0,,공통
b190_mixed_ps_sub_r1,GA,135,BLK_135P,1,전면SAW,2,2025-10-20 08:38:00,2025-10-20 09:54:15,76.2,,공통
b190_mixed_ps_sub_r1,GA,135,BLK_135P,1,TurnOver,3,2025-10-20 09:54:15,2025-10-20 10:06:15,12.0,,공통
b190_mixed_ps_sub_r1,GA,135,BLK_135P,1,후면SAW,4,2025-10-20 10:06:15,2025-10-20 11:03:31,57.3,,공통
b190_mixed_ps_sub_r1,GA,135,BLK_135P,1,NC,5,2025-10-20 11:03:31,2025-10-20 11:47:09,43.6,,공통
b190_mixed_ps_sub_r1,GA,135,BLK_135P,1,베이35A 론지취부,6,2025-10-20 11:47:09,2025-10-20 12:32:09,45.0,35A,베이35A
b190_mixed_ps_sub_r1,GA,135,BLK_135P,1,베이35A 론지용접,7,2025-10-20 12:32:09,2025-10-20 12:51:09,19.0,35A,베이35A
b190_mixed_ps_sub_r1,GA,135,BLK_135P,1,베이35A 수정,8,2025-10-20 12:51:09,2025-10-20 13:18:09,27.0,35A,베이35A
b190_mixed_ps_sub_r1,GA,120,BLK_120C,2,판계,1,2025-10-20 08:38:00,2025-10-20 09:08:00,30.0,,공통
b190_mixed_ps_sub_r1,GA,120,BLK_120C,2,전면SAW,2,2025-10-20 09:54:15,2025-10-20 10:24:22,30.1,,공통
b190_mixed_ps_sub_r1,GA,120,BLK_120C,2,TurnOver,3,2025-10-20 10:24:22,2025-10-20 10:36:22,12.0,,공통
b190_mixed_ps_sub_r1,GA,120,BLK_120C,2,후면SAW,4,2025-10-20 11:03:31,2025-10-20 11:22:03,18.5,,공통
b190_mixed_ps_sub_r1,GA,120,BLK_120C,2,NC,5,2025-10-20 11:47:09,2025-10-20 12:28:06,41.0,,공통
b190_mixed_ps_sub_r1,GA,120,BLK_120C,2,베이36B 론지취부,6,2025-10-20 12:28:06,2025-10-20 13:37:36,69.5,36B,베이36B
b190_mixed_ps_sub_r1,GA,120,BLK_120C,2,베이36B 론지용접,7,2025-10-20 13:37:36,2025-10-20 14:00:48,23.2,36B,베이36B
b190_mixed_ps_sub_r1,GA,120,BLK_120C,2,베이36B 수정,8,2025-10-20 14:00:48,2025-10-20 14:43:12,42.4,36B,베이36B
b190_mixed_ps_sub_r1,GA,121,BLK_121P,3,판계,1,2025-10-20 09:08:00,2025-10-20 09:28:00,20.0,,공통
b190_mixed_ps_sub_r1,GA,121,BLK_121P,3,전면SAW,2,2025-10-20 10:24:22,2025-10-20 11:01:55,37.5,,공통
b190_mixed_ps_sub_r1,GA,121,BLK_121P,3,TurnOver,3,2025-10-20 11:01:55,2025-10-20 11:13:55,12.0,,공통
b190_mixed_ps_sub_r1,GA,121,BLK_121P,3,후면SAW,4,2025-10-20 11:22:03,2025-10-20 11:50:19,28.3,,공통
b190_mixed_ps_sub_r1,GA,121,BLK_121P,3,NC,5,2025-10-20 12:28:06,2025-10-20 12:59:16,31.2,,공통
b190_mixed_ps_sub_r1,GA,121,BLK_121P,3,베이35A 론지취부,6,2025-10-20 12:59:16,2025-10-20 13:47:46,48.5,35A,베이35A
b190_mixed_ps_sub_r1,GA,121,BLK_121P,3,베이35A 론지용접,7,2025-10-20 13:47:46,2025-10-20 14:07:22,19.6,35A,베이35A
b190_mixed_ps_sub_r1,GA,121,BLK_121P,3,베이35A 수정,8,2025-10-20 14:07:22,2025-10-20 14:36:34,29.2,35A,베이35A
b190_mixed_ps_sub_r1,GA,115,BLK_115P,4,판계,1,2025-10-20 09:28:00,2025-10-20 09:53:00,25.0,,공통
b190_mixed_ps_sub_r1,GA,115,BLK_115P,4,전면SAW,2,2025-10-20 11:01:55,2025-10-20 11:32:52,30.9,,공통
b190_mixed_ps_sub_r1,GA,115,BLK_115P,4,TurnOver,3,2025-10-20 11:32:52,2025-10-20 11:44:52,12.0,,공통
b190_mixed_ps_sub_r1,GA,115,BLK_115P,4,후면SAW,4,2025-10-20 11:50:19,2025-10-20 12:09:54,19.6,,공통
b190_mixed_ps_sub_r1,GA,115,BLK_115P,4,NC,5,2025-10-20 12:59:16,2025-10-20 13:33:21,34.1,,공통
b190_mixed_ps_sub_r1,GA,115,BLK_115P,4,베이36B 론지취부,6,2025-10-20 13:37:36,2025-10-20 14:12:06,34.5,36B,베이36B
b190_mixed_ps_sub_r1,GA,115,BLK_115P,4,베이36B 론지용접,7,2025-10-20 14:12:06,2025-10-20 14:29:18,17.2,36B,베이36B
b190_mixed_ps_sub_r1,GA,115,BLK_115P,4,베이36B 수정,8,2025-10-20 14:43:12,2025-10-20 15:03:36,20.4,36B,베이36B
b190_mixed_ps_sub_r1,GA,124,BLK_124S,5,판계,1,2025-10-20 09:53:00,2025-10-20 10:38:00,45.0,,공통
b190_mixed_ps_sub_r1,GA,124,BLK_124S,5,전면SAW,2,2025-10-20 11:32:52,2025-10-20 14:42:52,190.0,,공통
b190_mixed_ps_sub_r1,GA,124,BLK_124S,5,TurnOver,3,2025-10-20 14:42:52,2025-10-20 14:54:52,12.0,,공통
b190_mixed_ps_sub_r1,GA,124,BLK_124S,5,후면SAW,4,2025-10-20 14:54:52,2025-10-20 17:39:52,165.0,,공통
b190_mixed_ps_sub_r1,GA,124,BLK_124S,5,NC,5,2025-10-20 17:39:52,2025-10-20 18:32:35,52.7,,공통
b190_mixed_ps_sub_r1,GA,124,BLK_124S,5,베이35A 론지취부,6,2025-10-20 18:32:35,2025-10-20 19:49:05,76.5,35A,베이35A
b190_mixed_ps_sub_r1,GA,124,BLK_124S,5,베이35A 론지용접,7,2025-10-20 19:49:05,2025-10-20 20:13:29,24.4,35A,베이35A
b190_mixed_ps_sub_r1,GA,124,BLK_124S,5,베이35A 수정,8,2025-10-20 20:13:29,2025-10-20 21:00:17,46.8,35A,베이35A
b190_mixed_ps_sub_r1,GA,125,BLK_125S,6,판계,1,2025-10-20 10:38:00,2025-10-20 11:08:00,30.0,,공통
b190_mixed_ps_sub_r1,GA,125,BLK_125S,6,전면SAW,2,2025-10-20 14:42:52,2025-10-20 15:25:57,43.1,,공통
b190_mixed_ps_sub_r1,GA,125,BLK_125S,6,TurnOver,3,2025-10-20 15:25:57,2025-10-20 15:37:57,12.0,,공통
b190_mixed_ps_sub_r1,GA,125,BLK_125S,6,후면SAW,4,2025-10-20 17:39:52,2025-10-20 18:15:26,35.6,,공통
b190_mixed_ps_sub_r1,GA,125,BLK_125S,6,NC,5,2025-10-20 18:32:35,2025-10-20 19:23:00,50.4,,공통
b190_mixed_ps_sub_r1,GA,125,BLK_125S,6,베이36B 론지취부,6,2025-10-20 19:23:00,2025-10-20 20:53:30,90.5,36B,베이36B
b190_mixed_ps_sub_r1,GA,125,BLK_125S,6,베이36B 론지용접,7,2025-10-20 20:53:30,2025-10-20 21:20:18,26.8,36B,베이36B
b190_mixed_ps_sub_r1,GA,125,BLK_125S,6,베이36B 수정,8,2025-10-20 21:20:18,2025-10-20 22:15:54,55.6,36B,베이36B
b190_mixed_ps_sub_r1,GA,126,BLK_126S,7,판계,1,2025-10-20 11:08:00,2025-10-20 11:20:00,12.0,,공통
b190_mixed_ps_sub_r1,GA,126,BLK_126S,7,전면SAW,2,2025-10-20 15:25:57,2025-10-20 16:16:58,51.0,,공통
b190_mixed_ps_sub_r1,GA,126,BLK_126S,7,TurnOver,3,2025-10-20 16:16:58,2025-10-20 16:28:58,12.0,,공통
b190_mixed_ps_sub_r1,GA,126,BLK_126S,7,후면SAW,4,2025-10-20 18:15:26,2025-10-20 19:01:27,46.0,,공통
b190_mixed_ps_sub_r1,GA,126,BLK_126S,7,NC,5,2025-10-20 19:23:00,2025-10-20 19:46:56,23.9,,공통
b190_mixed_ps_sub_r1,GA,126,BLK_126S,7,베이35A 론지취부,6,2025-10-20 19:49:05,2025-10-20 20:44:35,55.5,35A,베이35A
b190_mixed_ps_sub_r1,GA,126,BLK_126S,7,베이35A 론지용접,7,2025-10-20 20:44:35,2025-10-20 21:05:23,20.8,35A,베이35A
b190_mixed_ps_sub_r1,GA,126,BLK_126S,7,베이35A 수정,8,2025-10-20 21:05:23,2025-10-20 21:38:59,33.6,35A,베이35A
b190_mixed_ps_sub_r1,GA,127,BLK_127C,8,판계,1,2025-10-20 11:20:00,2025-10-20 11:45:00,25.0,,공통
b190_mixed_ps_sub_r1,GA,127,BLK_127C,8,전면SAW,2,2025-10-20 16:16:58,2025-10-20 16:48:40,31.7,,공통
b190_mixed_ps_sub_r1,GA,127,BLK_127C,8,TurnOver,3,2025-10-20 16:48:40,2025-10-20 17:00:40,12.0,,공통
b190_mixed_ps_sub_r1,GA,127,BLK_127C,8,후면SAW,4,2025-10-20 19:01:27,2025-10-20 19:22:04,20.6,,공통
b190_mixed_ps_sub_r1,GA,127,BLK_127C,8,NC,5,2025-10-20 19:46:56,2025-10-20 20:21:06,34.2,,공통
b190_mixed_ps_sub_r1,GA,127,BLK_127C,8,베이36B 론지취부,6,2025-10-20 20:53:30,2025-10-20 21:35:00,41.5,36B,베이36B
b190_mixed_ps_sub_r1,GA,127,BLK_127C,8,베이36B 론지용접,7,2025-10-20 21:35:00,2025-10-20 21:53:24,18.4,36B,베이36B
b190_mixed_ps_sub_r1,GA,127,BLK_127C,8,베이36B 수정,8,2025-10-20 22:15:54,2025-10-20 22:40:42,24.8,36B,베이36B
b190_mixed_ps_sub_r1,GA,20,BLK_20S,9,판계,1,2025-10-20 11:45:00,2025-10-20 12:15:00,30.0,,공통
b190_mixed_ps_sub_r1,GA,20,BLK_20S,9,전면SAW,2,2025-10-20 16:48:40,2025-10-20 17:19:08,30.5,,공통
b190_mixed_ps_sub_r1,GA,20,BLK_20S,9,TurnOver,3,2025-10-20 17:19:08,2025-10-20 17:31:08,12.0,,공통
b190_mixed_ps_sub_r1,GA,20,BLK_20S,9,후면SAW,4,2025-10-20 19:22:04,2025-10-20 19:41:01,18.9,,공통
b190_mixed_ps_sub_r1,GA,20,BLK_20S,9,NC,5,2025-10-20 20:21:06,2025-10-20 21:03:41,42.6,,공통
b190_mixed_ps_sub_r1,GA,20,BLK_20S,9,베이35A 론지취부,6,2025-10-20 21:03:41,2025-10-20 22:16:41,73.0,35A,베이35A
b190_mixed_ps_sub_r1,GA,20,BLK_20S,9,베이35A 론지용접,7,2025-10-20 22:16:41,2025-10-20 22:40:29,23.8,35A,베이35A
b190_mixed_ps_sub_r1,GA,20,BLK_20S,9,베이35A 수정,8,2025-10-20 22:40:29,2025-10-20 23:25:05,44.6,35A,베이35A
b190_mixed_ps_sub_r1,GA,24,BLK_24P,10,판계,1,2025-10-20 12:15:00,2025-10-20 12:42:00,27.0,,공통
b190_mixed_ps_sub_r1,GA,24,BLK_24P,10,전면SAW,2,2025-10-20 17:19:08,2025-10-20 19:31:30,132.4,,공통
b190_mixed_ps_sub_r1,GA,24,BLK_24P,10,TurnOver,3,2025-10-20 19:31:30,2025-10-20 19:43:30,12.0,,공통
b190_mixed_ps_sub_r1,GA,24,BLK_24P,10,후면SAW,4,2025-10-20 19:43:30,2025-10-20 21:17:23,93.9,,공통
b190_mixed_ps_sub_r1,GA,24,BLK_24P,10,NC,5,2025-10-20 21:17:23,2025-10-20 21:53:24,36.0,,공통
b190_mixed_ps_sub_r1,GA,24,BLK_24P,10,베이36B 론지취부,6,2025-10-20 21:53:24,2025-10-20 22:34:54,41.5,36B,베이36B
b190_mixed_ps_sub_r1,GA,24,BLK_24P,10,베이36B 론지용접,7,2025-10-20 22:34:54,2025-10-20 22:49:18,14.4,36B,베이36B
b190_mixed_ps_sub_r1,GA,24,BLK_24P,10,베이36B 수정,8,2025-10-20 22:49:18,2025-10-20 23:14:06,24.8,36B,베이36B
b190_mixed_ps_sub_r1,GA,54,BLK_54P,11,판계,1,2025-10-20 12:42:00,2025-10-20 13:02:00,20.0,,공통
b190_mixed_ps_sub_r1,GA,54,BLK_54P,11,전면SAW,2,2025-10-20 19:31:30,2025-10-20 20:05:27,34.0,,공통
b190_mixed_ps_sub_r1,GA,54,BLK_54P,11,TurnOver,3,2025-10-20 20:05:27,2025-10-20 20:17:27,12.0,,공통
b190_mixed_ps_sub_r1,GA,54,BLK_54P,11,후면SAW,4,2025-10-20 21:17:23,2025-10-20 21:40:56,23.6,,공통
b190_mixed_ps_sub_r1,GA,54,BLK_54P,11,NC,5,2025-10-20 21:53:24,2025-10-20 22:22:10,28.8,,공통
b190_mixed_ps_sub_r1,GA,54,BLK_54P,11,베이35A 론지취부,6,2025-10-20 22:22:10,2025-10-20 23:21:10,59.0,35A,베이35A
b190_mixed_ps_sub_r1,GA,54,BLK_54P,11,베이35A 론지용접,7,2025-10-20 23:21:10,2025-10-20 23:42:34,21.4,35A,베이35A
b190_mixed_ps_sub_r1,GA,54,BLK_54P,11,베이35A 수정,8,2025-10-20 23:42:34,2025-10-21 00:18:22,35.8,35A,베이35A
b190_mixed_ps_sub_r1,GA,130,BLK_130P,12,판계,1,2025-10-20 13:02:00,2025-10-20 13:27:00,25.0,,공통
b190_mixed_ps_sub_r1,GA,130,BLK_130P,12,전면SAW,2,2025-10-20 20:05:27,2025-10-20 20:35:37,30.2,,공통
b190_mixed_ps_sub_r1,GA,130,BLK_130P,12,TurnOver,3,2025-10-20 20:35:37,2025-10-20 20:47:37,12.0,,공통
b190_mixed_ps_sub_r1,GA,130,BLK_130P,12,후면SAW,4,2025-10-20 21:40:56,2025-10-20 21:59:31,18.6,,공통
b190_mixed_ps_sub_r1,GA,130,BLK_130P,12,NC,5,2025-10-20 22:22:10,2025-10-20 22:58:30,36.3,,공통
b190_mixed_ps_sub_r1,GA,130,BLK_130P,12,베이36B 론지취부,6,2025-10-20 22:58:30,2025-10-21 00:04:30,66.0,36B,베이36B
b190_mixed_ps_sub_r1,GA,130,BLK_130P,12,베이36B 론지용접,7,2025-10-21 00:04:30,2025-10-21 00:27:06,22.6,36B,베이36B
b190_mixed_ps_sub_r1,GA,130,BLK_130P,12,베이36B 수정,8,2025-10-21 00:27:06,2025-10-21 01:07:18,40.2,36B,베이36B
b190_mixed_ps_sub_r1,GA,131,BLK_131P,13,판계,1,2025-10-20 13:27:00,2025-10-20 13:54:00,27.0,,공통
b190_mixed_ps_sub_r1,GA,131,BLK_131P,13,전면SAW,2,2025-10-20 20:35:37,2025-10-20 23:26:09,170.5,,공통
b190_mixed_ps_sub_r1,GA,131,BLK_131P,13,TurnOver,3,2025-10-20 23:26:09,2025-10-20 23:38:09,12.0,,공통
b190_mixed_ps_sub_r1,GA,131,BLK_131P,13,후면SAW,4,2025-10-20 23:38:09,2025-10-21 01:44:42,126.5,,공통
b190_mixed_ps_sub_r1,GA,131,BLK_131P,13,NC,5,2025-10-21 01:44:42,2025-10-21 02:18:06,33.4,,공통
b190_mixed_ps_sub_r1,GA,131,BLK_131P,13,베이35A 론지취부,6,2025-10-21 02:18:06,2025-10-21 03:13:36,55.5,35A,베이35A
b190_mixed_ps_sub_r1,GA,131,BLK_131P,13,베이35A 론지용접,7,2025-10-21 03:13:36,2025-10-21 03:34:24,20.8,35A,베이35A
b190_mixed_ps_sub_r1,GA,131,BLK_131P,13,베이35A 수정,8,2025-10-21 03:34:24,2025-10-21 04:08:00,33.6,35A,베이35A
b190_mixed_ps_sub_r1,GA,145,BLK_145P,14,판계,1,2025-10-20 13:54:00,2025-10-20 14:14:00,20.0,,공통
b190_mixed_ps_sub_r1,GA,145,BLK_145P,14,전면SAW,2,2025-10-20 23:26:09,2025-10-21 00:01:01,34.9,,공통
b190_mixed_ps_sub_r1,GA,145,BLK_145P,14,TurnOver,3,2025-10-21 00:01:01,2025-10-21 00:13:01,12.0,,공통
b190_mixed_ps_sub_r1,GA,145,BLK_145P,14,후면SAW,4,2025-10-21 01:44:42,2025-10-21 02:09:28,24.8,,공통
b190_mixed_ps_sub_r1,GA,145,BLK_145P,14,NC,5,2025-10-21 02:18:06,2025-10-21 02:45:45,27.6,,공통
b190_mixed_ps_sub_r1,GA,145,BLK_145P,14,베이36B 론지취부,6,2025-10-21 02:45:45,2025-10-21 03:16:45,31.0,36B,베이36B
b190_mixed_ps_sub_r1,GA,145,BLK_145P,14,베이36B 론지용접,7,2025-10-21 03:16:45,2025-10-21 03:33:21,16.6,36B,베이36B
b190_mixed_ps_sub_r1,GA,145,BLK_145P,14,베이36B 수정,8,2025-10-21 03:33:21,2025-10-21 03:51:33,18.2,36B,베이36B
b190_mixed_ps_sub_r1,GA,133,BLK_133S,15,판계,1,2025-10-20 14:14:00,2025-10-20 14:44:00,30.0,,공통
b190_mixed_ps_sub_r1,GA,133,BLK_133S,15,전면SAW,2,2025-10-21 00:01:01,2025-10-21 00:34:21,33.3,,공통
b190_mixed_ps_sub_r1,GA,133,BLK_133S,15,TurnOver,3,2025-10-21 00:34:21,2025-10-21 00:46:21,12.0,,공통
b190_mixed_ps_sub_r1,GA,133,BLK_133S,15,후면SAW,4,2025-10-21 02:09:28,2025-10-21 02:32:12,22.7,,공통
b190_mixed_ps_sub_r1,GA,133,BLK_133S,15,NC,5,2025-10-21 02:45:45,2025-10-21 03:28:06,42.4,,공통
b190_mixed_ps_sub_r1,GA,133,BLK_133S,15,베이35A 론지취부,6,2025-10-21 03:28:06,2025-10-21 04:44:36,76.5,35A,베이35A
b190_mixed_ps_sub_r1,GA,133,BLK_133S,15,베이35A 론지용접,7,2025-10-21 04:44:36,2025-10-21 05:09:00,24.4,35A,베이35A
b190_mixed_ps_sub_r1,GA,133,BLK_133S,15,베이35A 수정,8,2025-10-21 05:09:00,2025-10-21 05:55:48,46.8,35A,베이35A
b190_mixed_ps_sub_r1,GA,134,BLK_134S,16,판계,1,2025-10-20 14:44:00,2025-10-20 15:12:00,28.0,,공통
b190_mixed_ps_sub_r1,GA,134,BLK_134S,16,전면SAW,2,2025-10-21 00:34:21,2025-10-21 02:49:05,134.7,,공통
b190_mixed_ps_sub_r1,GA,134,BLK_134S,16,TurnOver,3,2025-10-21 02:49:05,2025-10-21 03:01:05,12.0,,공통
b190_mixed_ps_sub_r1,GA,134,BLK_134S,16,후면SAW,4,2025-10-21 03:01:05,2025-10-21 04:51:41,110.6,,공통
b190_mixed_ps_sub_r1,GA,134,BLK_134S,16,NC,5,2025-10-21 04:51:41,2025-10-21 05:27:15,35.6,,공통
b190_mixed_ps_sub_r1,GA,134,BLK_134S,16,베이36B 론지취부,6,2025-10-21 05:27:15,2025-10-21 06:29:45,62.5,36B,베이36B
b190_mixed_ps_sub_r1,GA,134,BLK_134S,16,베이36B 론지용접,7,2025-10-21 06:29:45,2025-10-21 06:51:45,22.0,36B,베이36B
b190_mixed_ps_sub_r1,GA,134,BLK_134S,16,베이36B 수정,8,2025-10-21 06:51:45,2025-10-21 07:29:45,38.0,36B,베이36B
b190_mixed_ps_sub_r1,GA,111,BLK_111P,17,판계,1,2025-10-20 15:12:00,2025-10-20 15:42:00,30.0,,공통
b190_mixed_ps_sub_r1,GA,111,BLK_111P,17,전면SAW,2,2025-10-21 02:49:05,2025-10-21 03:18:30,29.4,,공통
b190_mixed_ps_sub_r1,GA,111,BLK_111P,17,TurnOver,3,2025-10-21 03:18:30,2025-10-21 03:30:30,12.0,,공통
b190_mixed_ps_sub_r1,GA,111,BLK_111P,17,후면SAW,4,2025-10-21 04:51:41,2025-10-21 05:09:16,17.6,,공통
b190_mixed_ps_sub_r1,GA,111,BLK_111P,17,NC,5,2025-10-21 05:27:15,2025-10-21 06:07:40,40.4,,공통
b190_mixed_ps_sub_r1,GA,111,BLK_111P,17,베이35A 론지취부,6,2025-10-21 06:07:40,2025-10-21 07:03:10,55.5,35A,베이35A
b190_mixed_ps_sub_r1,GA,111,BLK_111P,17,베이35A 론지용접,7,2025-10-21 07:03:10,2025-10-21 07:23:58,20.8,35A,베이35A
b190_mixed_ps_sub_r1,GA,111,BLK_111P,17,베이35A 수정,8,2025-10-21 07:23:58,2025-10-21 07:57:34,33.6,35A,베이35A
b190_mixed_ps_sub_r1,GA,139,BLK_139P,18,판계,1,2025-10-20 15:42:00,2025-10-20 16:07:00,25.0,,공통
b190_mixed_ps_sub_r1,GA,139,BLK_139P,18,전면SAW,2,2025-10-21 03:18:30,2025-10-21 03:52:04,33.6,,공통
b190_mixed_ps_sub_r1,GA,139,BLK_139P,18,TurnOver,3,2025-10-21 03:52:04,2025-10-21 04:04:04,12.0,,공통
b190_mixed_ps_sub_r1,GA,139,BLK_139P,18,후면SAW,4,2025-10-21 05:09:16,2025-10-21 05:32:18,23.0,,공통
b190_mixed_ps_sub_r1,GA,139,BLK_139P,18,NC,5,2025-10-21 06:07:40,2025-10-21 06:42:31,34.9,,공통
b190_mixed_ps_sub_r1,GA,139,BLK_139P,18,베이36B 론지취부,6,2025-10-21 06:42:31,2025-10-21 07:27:31,45.0,36B,베이36B
b190_mixed_ps_sub_r1,GA,139,BLK_139P,18,베이36B 론지용접,7,2025-10-21 07:27:31,2025-10-21 07:46:31,19.0,36B,베이36B
b190_mixed_ps_sub_r1,GA,139,BLK_139P,18,베이36B 수정,8,2025-10-21 07:46:31,2025-10-21 08:13:31,27.0,36B,베이36B
b190_mixed_ps_sub_r1,GA,55,BLK_55C,19,판계,1,2025-10-20 16:07:00,2025-10-20 16:37:00,30.0,,공통
b190_mixed_ps_sub_r1,GA,55,BLK_55C,19,전면SAW,2,2025-10-21 03:52:04,2025-10-21 04:24:59,32.9,,공통
b190_mixed_ps_sub_r1,GA,55,BLK_55C,19,TurnOver,3,2025-10-21 04:24:59,2025-10-21 04:36:59,12.0,,공통
b190_mixed_ps_sub_r1,GA,55,BLK_55C,19,후면SAW,4,2025-10-21 05:32:18,2025-10-21 05:54:30,22.2,,공통
b190_mixed_ps_sub_r1,GA,55,BLK_55C,19,NC,5,2025-10-21 06:42:31,2025-10-21 07:22:33,40.0,,공통
b190_mixed_ps_sub_r1,GA,55,BLK_55C,19,베이35A 론지취부,6,2025-10-21 07:22:33,2025-10-21 08:28:33,66.0,35A,베이35A
b190_mixed_ps_sub_r1,GA,55,BLK_55C,19,베이35A 론지용접,7,2025-10-21 08:28:33,2025-10-21 08:51:09,22.6,35A,베이35A
b190_mixed_ps_sub_r1,GA,55,BLK_55C,19,베이35A 수정,8,2025-10-21 08:51:09,2025-10-21 09:31:21,40.2,35A,베이35A
b190_mixed_ps_sub_r1,GA,141,BLK_141C,20,판계,1,2025-10-20 16:37:00,2025-10-20 17:10:00,33.0,,공통
b190_mixed_ps_sub_r1,GA,141,BLK_141C,20,전면SAW,2,2025-10-21 04:24:59,2025-10-21 06:03:15,98.3,,공통
b190_mixed_ps_sub_r1,GA,141,BLK_141C,20,TurnOver,3,2025-10-21 06:03:15,2025-10-21 06:15:15,12.0,,공통
b190_mixed_ps_sub_r1,GA,141,BLK_141C,20,후면SAW,4,2025-10-21 06:15:15,2025-10-21 07:32:37,77.4,,공통
b190_mixed_ps_sub_r1,GA,141,BLK_141C,20,NC,5,2025-10-21 07:32:37,2025-10-21 08:13:10,40.6,,공통
b190_mixed_ps_sub_r1,GA,141,BLK_141C,20,베이36B 론지취부,6,2025-10-21 08:13:10,2025-10-21 09:33:10,80.0,36B,베이36B
b190_mixed_ps_sub_r1,GA,141,BLK_141C,20,베이36B 론지용접,7,2025-10-21 09:33:10,2025-10-21 09:58:10,25.0,36B,베이36B
b190_mixed_ps_sub_r1,GA,141,BLK_141C,20,베이36B 수정,8,2025-10-21 09:58:10,2025-10-21 10:47:10,49.0,36B,베이36B
b190_mixed_ps_sub_r1,GA,118,BLK_118S,21,판계,1,2025-10-20 17:10:00,2025-10-20 17:30:00,20.0,,공통
b190_mixed_ps_sub_r1,GA,118,BLK_118S,21,전면SAW,2,2025-10-21 06:03:15,2025-10-21 06:34:19,31.1,,공통
b190_mixed_ps_sub_r1,GA,118,BLK_118S,21,TurnOver,3,2025-10-21 06:34:19,2025-10-21 06:46:19,12.0,,공통
b190_mixed_ps_sub_r1,GA,118,BLK_118S,21,후면SAW,4,2025-10-21 07:32:37,2025-10-21 07:52:22,19.8,,공통
b190_mixed_ps_sub_r1,GA,118,BLK_118S,21,NC,5,2025-10-21 08:13:10,2025-10-21 08:40:52,27.7,,공통
b190_mixed_ps_sub_r1,GA,118,BLK_118S,21,베이35A 론지취부,6,2025-10-21 08:40:52,2025-10-21 09:25:52,45.0,35A,베이35A
b190_mixed_ps_sub_r1,GA,118,BLK_118S,21,베이35A 론지용접,7,2025-10-21 09:25:52,2025-10-21 09:44:52,19.0,35A,베이35A
b190_mixed_ps_sub_r1,GA,118,BLK_118S,21,베이35A 수정,8,2025-10-21 09:44:52,2025-10-21 10:11:52,27.0,35A,베이35A
b190_mixed_ps_sub_r1,GA,144,BLK_144S,22,판계,1,2025-10-20 17:30:00,2025-10-20 18:03:00,33.0,,공통
b190_mixed_ps_sub_r1,GA,144,BLK_144S,22,전면SAW,2,2025-10-21 06:34:19,2025-10-21 08:27:39,113.3,,공통
b190_mixed_ps_sub_r1,GA,144,BLK_144S,22,TurnOver,3,2025-10-21 08:27:39,2025-10-21 08:39:39,12.0,,공통
b190_mixed_ps_sub_r1,GA,144,BLK_144S,22,후면SAW,4,2025-10-21 08:39:39,2025-10-21 10:33:48,114.1,,공통
b190_mixed_ps_sub_r1,GA,144,BLK_144S,22,NC,5,2025-10-21 10:33:48,2025-10-21 11:14:33,40.8,,공통
b190_mixed_ps_sub_r1,GA,144,BLK_144S,22,베이36B 론지취부,6,2025-10-21 11:14:33,2025-10-21 12:13:33,59.0,36B,베이36B
b190_mixed_ps_sub_r1,GA,144,BLK_144S,22,베이36B 론지용접,7,2025-10-21 12:13:33,2025-10-21 12:34:57,21.4,36B,베이36B
b190_mixed_ps_sub_r1,GA,144,BLK_144S,22,베이36B 수정,8,2025-10-21 12:34:57,2025-10-21 13:10:45,35.8,36B,베이36B
b190_mixed_ps_sub_r1,GA,132,BLK_132C,1,판계,1,2025-10-21 08:00:00,2025-10-21 08:30:00,30.0,,공통
b190_mixed_ps_sub_r1,GA,132,BLK_132C,1,전면SAW,2,2025-10-21 08:30:00,2025-10-21 09:01:46,31.8,,공통
b190_mixed_ps_sub_r1,GA,132,BLK_132C,1,TurnOver,3,2025-10-21 09:01:46,2025-10-21 09:13:46,12.0,,공통
b190_mixed_ps_sub_r1,GA,132,BLK_132C,1,후면SAW,4,2025-10-21 10:33:48,2025-10-21 10:54:30,20.7,,공통
b190_mixed_ps_sub_r1,GA,132,BLK_132C,1,NC,5,2025-10-21 11:14:33,2025-10-21 11:57:05,42.5,,공통
b190_mixed_ps_sub_r1,GA,132,BLK_132C,1,베이35A 론지취부,6,2025-10-21 11:57:05,2025-10-21 12:59:35,62.5,35A,베이35A
b190_mixed_ps_sub_r1,GA,132,BLK_132C,1,베이35A 론지용접,7,2025-10-21 12:59:35,2025-10-21 13:21:35,22.0,35A,베이35A
b190_mixed_ps_sub_r1,GA,132,BLK_132C,1,베이35A 수정,8,2025-10-21 13:21:35,2025-10-21 13:59:35,38.0,35A,베이35A
b190_mixed_ps_sub_r1,GA,163,BLK_163S,2,판계,1,2025-10-21 08:30:00,2025-10-21 09:00:00,30.0,,공통
b190_mixed_ps_sub_r1,GA,163,BLK_163S,2,전면SAW,2,2025-10-21 09:01:46,2025-10-21 09:35:54,34.1,,공통
b190_mixed_ps_sub_r1,GA,163,BLK_163S,2,TurnOver,3,2025-10-21 09:35:54,2025-10-21 09:47:54,12.0,,공통
b190_mixed_ps_sub_r1,GA,163,BLK_163S,2,후면SAW,4,2025-10-21 10:54:30,2025-10-21 11:18:16,23.8,,공통
b190_mixed_ps_sub_r1,GA,163,BLK_163S,2,NC,5,2025-10-21 11:57:05,2025-10-21 12:42:19,45.2,,공통
b190_mixed_ps_sub_r1,GA,163,BLK_163S,2,베이36B 론지취부,6,2025-10-21 12:42:19,2025-10-21 14:16:19,94.0,36B,베이36B
b190_mixed_ps_sub_r1,GA,163,BLK_163S,2,베이36B 론지용접,7,2025-10-21 14:16:19,2025-10-21 14:43:43,27.4,36B,베이36B
b190_mixed_ps_sub_r1,GA,163,BLK_163S,2,베이36B 수정,8,2025-10-21 14:43:43,2025-10-21 15:41:31,57.8,36B,베이36B
b190_mixed_ps_sub_r1,GA,44,BLK_44P,3,판계,1,2025-10-21 09:00:00,2025-10-21 09:25:00,25.0,,공통
b190_mixed_ps_sub_r1,GA,44,BLK_44P,3,전면SAW,2,2025-10-21 09:35:54,2025-10-21 10:05:31,29.6,,공통
b190_mixed_ps_sub_r1,GA,44,BLK_44P,3,TurnOver,3,2025-10-21 10:05:31,2025-10-21 10:17:31,12.0,,공통
b190_mixed_ps_sub_r1,GA,44,BLK_44P,3,후면SAW,4,2025-10-21 11:18:16,2025-10-21 11:36:06,17.8,,공통
b190_mixed_ps_sub_r1,GA,44,BLK_44P,3,NC,5,2025-10-21 12:42:19,2025-10-21 13:16:26,34.1,,공통
b190_mixed_ps_sub_r1,GA,44,BLK_44P,3,베이35A 론지취부,6,2025-10-21 13:16:26,2025-10-21 14:18:56,62.5,35A,베이35A
b190_mixed_ps_sub_r1,GA,44,BLK_44P,3,베이35A 론지용접,7,2025-10-21 14:18:56,2025-10-21 14:40:56,22.0,35A,베이35A
b190_mixed_ps_sub_r1,GA,44,BLK_44P,3,베이35A 수정,8,2025-10-21 14:40:56,2025-10-21 15:18:56,38.0,35A,베이35A
b190_mixed_ps_sub_r1,GA,166,BLK_166C,4,판계,1,2025-10-21 09:25:00,2025-10-21 09:45:00,20.0,,공통
b190_mixed_ps_sub_r1,GA,166,BLK_166C,4,전면SAW,2,2025-10-21 10:05:31,2025-10-21 10:38:34,33.0,,공통
b190_mixed_ps_sub_r1,GA,166,BLK_166C,4,TurnOver,3,2025-10-21 10:38:34,2025-10-21 10:50:34,12.0,,공통
b190_mixed_ps_sub_r1,GA,166,BLK_166C,4,후면SAW,4,2025-10-21 11:36:06,2025-10-21 11:58:28,22.4,,공통
b190_mixed_ps_sub_r1,GA,166,BLK_166C,4,NC,5,2025-10-21 13:16:26,2025-10-21 13:44:52,28.4,,공통
b190_mixed_ps_sub_r1,GA,166,BLK_166C,4,베이36B 론지취부,6,2025-10-21 14:16:19,2025-10-21 15:22:19,66.0,36B,베이36B
b190_mixed_ps_sub_r1,GA,166,BLK_166C,4,베이36B 론지용접,7,2025-10-21 15:22:19,2025-10-21 15:44:55,22.6,36B,베이36B
b190_mixed_ps_sub_r1,GA,166,BLK_166C,4,베이36B 수정,8,2025-10-21 15:44:55,2025-10-21 16:25:07,40.2,36B,베이36B
b190_mixed_ps_sub_r1,GA,177,BLK_151S,5,판계,1,2025-10-21 09:45:00,2025-10-21 10:10:00,25.0,,공통
b190_mixed_ps_sub_r1,GA,177,BLK_151S,5,전면SAW,2,2025-10-21 10:38:34,2025-10-21 11:09:33,31.0,,공통
b190_mixed_ps_sub_r1,GA,177,BLK_151S,5,TurnOver,3,2025-10-21 11:09:33,2025-10-21 11:21:33,12.0,,공통
b190_mixed_ps_sub_r1,GA,177,BLK_151S,5,후면SAW,4,2025-10-21 11:58:28,2025-10-21 12:18:07,19.6,,공통
b190_mixed_ps_sub_r1,GA,177,BLK_151S,5,NC,5,2025-10-21 13:44:52,2025-10-21 14:18:21,33.5,,공통
b190_mixed_ps_sub_r1,GA,177,BLK_151S,5,베이35A 론지취부,6,2025-10-21 14:18:56,2025-10-21 14:53:26,34.5,35A,베이35A
b190_mixed_ps_sub_r1,GA,177,BLK_151S,5,베이35A 론지용접,7,2025-10-21 14:53:26,2025-10-21 15:10:38,17.2,35A,베이35A
b190_mixed_ps_sub_r1,GA,177,BLK_151S,5,베이35A 수정,8,2025-10-21 15:18:56,2025-10-21 15:39:20,20.4,35A,베이35A
b190_mixed_ps_sub_r1,GA,146,BLK_146S,6,판계,1,2025-10-21 10:10:00,2025-10-21 10:48:00,38.0,,공통
b190_mixed_ps_sub_r1,GA,146,BLK_146S,6,전면SAW,2,2025-10-21 11:09:33,2025-10-21 12:45:12,95.7,,공통
b190_mixed_ps_sub_r1,GA,146,BLK_146S,6,TurnOver,3,2025-10-21 12:45:12,2025-10-21 12:57:12,12.0,,공통
b190_mixed_ps_sub_r1,GA,146,BLK_146S,6,후면SAW,4,2025-10-21 12:57:12,2025-10-21 14:30:43,93.5,,공통
b190_mixed_ps_sub_r1,GA,146,BLK_146S,6,NC,5,2025-10-21 14:30:43,2025-10-21 15:18:34,47.8,,공통
b190_mixed_ps_sub_r1,GA,146,BLK_146S,6,베이36B 론지취부,6,2025-10-21 15:22:19,2025-10-21 16:31:49,69.5,36B,베이36B
b190_mixed_ps_sub_r1,GA,146,BLK_146S,6,베이36B 론지용접,7,2025-10-21 16:31:49,2025-10-21 16:55:01,23.2,36B,베이36B
b190_mixed_ps_sub_r1,GA,146,BLK_146S,6,베이36B 수정,8,2025-10-21 16:55:01,2025-10-21 17:37:25,42.4,36B,베이36B
b190_mixed_ps_sub_r1,GA,151,BLK_151P,7,판계,1,2025-10-21 10:48:00,2025-10-21 11:13:00,25.0,,공통
b190_mixed_ps_sub_r1,GA,151,BLK_151P,7,전면SAW,2,2025-10-21 12:45:12,2025-10-21 13:16:10,31.0,,공통
b190_mixed_ps_sub_r1,GA,151,BLK_151P,7,TurnOver,3,2025-10-21 13:16:10,2025-10-21 13:28:10,12.0,,공통
b190_mixed_ps_sub_r1,GA,151,BLK_151P,7,후면SAW,4,2025-10-21 14:30:43,2025-10-21 14:50:22,19.6,,공통
b190_mixed_ps_sub_r1,GA,151,BLK_151P,7,NC,5,2025-10-21 15:18:34,2025-10-21 15:52:03,33.5,,공통
b190_mixed_ps_sub_r1,GA,151,BLK_151P,7,베이35A 론지취부,6,2025-10-21 15:52:03,2025-10-21 16:26:33,34.5,35A,베이35A
b190_mixed_ps_sub_r1,GA,151,BLK_151P,7,베이35A 론지용접,7,2025-10-21 16:26:33,2025-10-21 16:43:45,17.2,35A,베이35A
b190_mixed_ps_sub_r1,GA,151,BLK_151P,7,베이35A 수정,8,2025-10-21 16:43:45,2025-10-21 17:04:09,20.4,35A,베이35A
b190_mixed_ps_sub_r1,GA,153,BLK_153C,8,판계,1,2025-10-21 11:13:00,2025-10-21 11:38:00,25.0,,공통
b190_mixed_ps_sub_r1,GA,153,BLK_153C,8,전면SAW,2,2025-10-21 13:16:10,2025-10-21 13:46:02,29.9,,공통
b190_mixed_ps_sub_r1,GA,153,BLK_153C,8,TurnOver,3,2025-10-21 13:46:02,2025-10-21 13:58:02,12.0,,공통
b190_mixed_ps_sub_r1,GA,153,BLK_153C,8,후면SAW,4,2025-10-21 14:50:22,2025-10-21 15:08:32,18.2,,공통
b190_mixed_ps_sub_r1,GA,153,BLK_153C,8,NC,5,2025-10-21 15:52:03,2025-10-21 16:24:04,32.0,,공통
b190_mixed_ps_sub_r1,GA,153,BLK_153C,8,베이36B 론지취부,6,2025-10-21 16:31:49,2025-10-21 17:34:19,62.5,36B,베이36B
b190_mixed_ps_sub_r1,GA,153,BLK_153C,8,베이36B 론지용접,7,2025-10-21 17:34:19,2025-10-21 17:56:19,22.0,36B,베이36B
b190_mixed_ps_sub_r1,GA,153,BLK_153C,8,베이36B 수정,8,2025-10-21 17:56:19,2025-10-21 18:34:19,38.0,36B,베이36B
b190_mixed_ps_sub_r1,GA,155,BLK_155C,9,판계,1,2025-10-21 11:38:00,2025-10-21 12:13:00,35.0,,공통
b190_mixed_ps_sub_r1,GA,155,BLK_155C,9,전면SAW,2,2025-10-21 13:46:02,2025-10-21 15:41:55,115.9,,공통
b190_mixed_ps_sub_r1,GA,155,BLK_155C,9,TurnOver,3,2025-10-21 15:41:55,2025-10-21 15:53:55,12.0,,공통
b190_mixed_ps_sub_r1,GA,155,BLK_155C,9,후면SAW,4,2025-10-21 15:53:55,2025-10-21 17:14:57,81.0,,공통
b190_mixed_ps_sub_r1,GA,155,BLK_155C,9,NC,5,2025-10-21 17:14:57,2025-10-21 17:56:20,41.4,,공통
b190_mixed_ps_sub_r1,GA,155,BLK_155C,9,베이35A 론지취부,6,2025-10-21 17:56:20,2025-10-21 18:37:50,41.5,35A,베이35A
b190_mixed_ps_sub_r1,GA,155,BLK_155C,9,베이35A 론지용접,7,2025-10-21 18:37:50,2025-10-21 18:56:14,18.4,35A,베이35A
b190_mixed_ps_sub_r1,GA,155,BLK_155C,9,베이35A 수정,8,2025-10-21 18:56:14,2025-10-21 19:21:02,24.8,35A,베이35A
b190_mixed_ps_sub_r1,GA,122,BLK_122C,10,판계,1,2025-10-21 12:13:00,2025-10-21 12:38:00,25.0,,공통
b190_mixed_ps_sub_r1,GA,122,BLK_122C,10,전면SAW,2,2025-10-21 15:41:55,2025-10-21 16:16:03,34.1,,공통
b190_mixed_ps_sub_r1,GA,122,BLK_122C,10,TurnOver,3,2025-10-21 16:16:03,2025-10-21 16:28:03,12.0,,공통
b190_mixed_ps_sub_r1,GA,122,BLK_122C,10,후면SAW,4,2025-10-21 17:14:57,2025-10-21 17:38:43,23.8,,공통
b190_mixed_ps_sub_r1,GA,122,BLK_122C,10,NC,5,2025-10-21 17:56:20,2025-10-21 18:30:34,34.2,,공통
b190_mixed_ps_sub_r1,GA,122,BLK_122C,10,베이36B 론지취부,6,2025-10-21 18:30:34,2025-10-21 18:58:04,27.5,36B,베이36B
b190_mixed_ps_sub_r1,GA,122,BLK_122C,10,베이36B 론지용접,7,2025-10-21 18:58:04,2025-10-21 19:14:04,16.0,36B,베이36B
b190_mixed_ps_sub_r1,GA,122,BLK_122C,10,베이36B 수정,8,2025-10-21 19:14:04,2025-10-21 19:30:04,16.0,36B,베이36B
b190_mixed_ps_sub_r1,GA,157,BLK_157P,11,판계,1,2025-10-21 12:38:00,2025-10-21 12:50:00,12.0,,공통
b190_mixed_ps_sub_r1,GA,157,BLK_157P,11,전면SAW,2,2025-10-21 16:16:03,2025-10-21 16:53:13,37.2,,공통
b190_mixed_ps_sub_r1,GA,157,BLK_157P,11,TurnOver,3,2025-10-21 16:53:13,2025-10-21 17:05:13,12.0,,공통
b190_mixed_ps_sub_r1,GA,157,BLK_157P,11,후면SAW,4,2025-10-21 17:38:43,2025-10-21 18:06:31,27.8,,공통
b190_mixed_ps_sub_r1,GA,157,BLK_157P,11,NC,5,2025-10-21 18:30:34,2025-10-21 18:52:16,21.7,,공통
b190_mixed_ps_sub_r1,GA,157,BLK_157P,11,베이35A 론지취부,6,2025-10-21 18:52:16,2025-10-21 19:47:46,55.5,35A,베이35A
b190_mixed_ps_sub_r1,GA,157,BLK_157P,11,베이35A 론지용접,7,2025-10-21 19:47:46,2025-10-21 20:08:34,20.8,35A,베이35A
b190_mixed_ps_sub_r1,GA,157,BLK_157P,11,베이35A 수정,8,2025-10-21 20:08:34,2025-10-21 20:42:10,33.6,35A,베이35A
b190_mixed_ps_sub_r1,GA,108,BLK_108C,12,판계,1,2025-10-21 12:50:00,2025-10-21 13:28:00,38.0,,공통
b190_mixed_ps_sub_r1,GA,108,BLK_108C,12,전면SAW,2,2025-10-21 16:53:13,2025-10-21 18:15:52,82.6,,공통
b190_mixed_ps_sub_r1,GA,108,BLK_108C,12,TurnOver,3,2025-10-21 18:15:52,2025-10-21 18:27:52,12.0,,공통
b190_mixed_ps_sub_r1,GA,108,BLK_108C,12,후면SAW,4,2025-10-21 18:27:52,2025-10-21 19:30:58,63.1,,공통
b190_mixed_ps_sub_r1,GA,108,BLK_108C,12,NC,5,2025-10-21 19:30:58,2025-10-21 20:15:40,44.7,,공통
b190_mixed_ps_sub_r1,GA,108,BLK_108C,12,베이36B 론지취부,6,2025-10-21 20:15:40,2025-10-21 21:32:10,76.5,36B,베이36B
b190_mixed_ps_sub_r1,GA,108,BLK_108C,12,베이36B 론지용접,7,2025-10-21 21:32:10,2025-10-21 21:56:34,24.4,36B,베이36B
b190_mixed_ps_sub_r1,GA,108,BLK_108C,12,베이36B 수정,8,2025-10-21 21:56:34,2025-10-21 22:43:22,46.8,36B,베이36B
b190_mixed_ps_sub_r1,GA,173,BLK_152S,13,판계,1,2025-10-21 13:28:00,2025-10-21 13:53:00,25.0,,공통
b190_mixed_ps_sub_r1,GA,173,BLK_152S,13,전면SAW,2,2025-10-21 18:15:52,2025-10-21 18:48:46,32.9,,공통
b190_mixed_ps_sub_r1,GA,173,BLK_152S,13,TurnOver,3,2025-10-21 18:48:46,2025-10-21 19:00:46,12.0,,공통
b190_mixed_ps_sub_r1,GA,173,BLK_152S,13,후면SAW,4,2025-10-21 19:30:58,2025-10-21 19:53:08,22.2,,공통
b190_mixed_ps_sub_r1,GA,173,BLK_152S,13,NC,5,2025-10-21 20:15:40,2025-10-21 20:53:01,37.4,,공통
b190_mixed_ps_sub_r1,GA,173,BLK_152S,13,베이35A 론지취부,6,2025-10-21 20:53:01,2025-10-21 22:13:01,80.0,35A,베이35A
b190_mixed_ps_sub_r1,GA,173,BLK_152S,13,베이35A 론지용접,7,2025-10-21 22:13:01,2025-10-21 22:38:01,25.0,35A,베이35A
b190_mixed_ps_sub_r1,GA,173,BLK_152S,13,베이35A 수정,8,2025-10-21 22:38:01,2025-10-21 23:27:01,49.0,35A,베이35A
b190_mixed_ps_sub_r1,GA,165,BLK_165P,14,판계,1,2025-10-21 13:53:00,2025-10-21 14:31:00,38.0,,공통
b190_mixed_ps_sub_r1,GA,165,BLK_165P,14,전면SAW,2,2025-10-21 18:48:46,2025-10-21 20:32:11,103.4,,공통
b190_mixed_ps_sub_r1,GA,165,BLK_165P,14,TurnOver,3,2025-10-21 20:32:11,2025-10-21 20:44:11,12.0,,공통
b190_mixed_ps_sub_r1,GA,165,BLK_165P,14,후면SAW,4,2025-10-21 20:44:11,2025-10-21 22:06:14,82.0,,공통
b190_mixed_ps_sub_r1,GA,165,BLK_165P,14,NC,5,2025-10-21 22:06:14,2025-10-21 22:53:09,46.9,,공통
b190_mixed_ps_sub_r1,GA,165,BLK_165P,14,베이36B 론지취부,6,2025-10-21 22:53:09,2025-10-21 23:55:39,62.5,36B,베이36B
b190_mixed_ps_sub_r1,GA,165,BLK_165P,14,베이36B 론지용접,7,2025-10-21 23:55:39,2025-10-22 00:17:39,22.0,36B,베이36B
b190_mixed_ps_sub_r1,GA,165,BLK_165P,14,베이36B 수정,8,2025-10-22 00:17:39,2025-10-22 00:55:39,38.0,36B,베이36B
b190_mixed_ps_sub_r1,GA,105,BLK_105C,15,판계,1,2025-10-21 14:31:00,2025-10-21 15:01:00,30.0,,공통
b190_mixed_ps_sub_r1,GA,105,BLK_105C,15,전면SAW,2,2025-10-21 20:32:11,2025-10-21 21:05:37,33.4,,공통
b190_mixed_ps_sub_r1,GA,105,BLK_105C,15,TurnOver,3,2025-10-21 21:05:37,2025-10-21 21:17:37,12.0,,공통
b190_mixed_ps_sub_r1,GA,105,BLK_105C,15,후면SAW,4,2025-10-21 22:06:14,2025-10-21 22:29:06,22.9,,공통
b190_mixed_ps_sub_r1,GA,105,BLK_105C,15,NC,5,2025-10-21 22:53:09,2025-10-21 23:34:28,41.3,,공통
b190_mixed_ps_sub_r1,GA,105,BLK_105C,15,베이35A 론지취부,6,2025-10-21 23:34:28,2025-10-22 00:50:58,76.5,35A,베이35A
b190_mixed_ps_sub_r1,GA,105,BLK_105C,15,베이35A 론지용접,7,2025-10-22 00:50:58,2025-10-22 01:15:22,24.4,35A,베이35A
b190_mixed_ps_sub_r1,GA,105,BLK_105C,15,베이35A 수정,8,2025-10-22 01:15:22,2025-10-22 02:02:10,46.8,35A,베이35A
b190_mixed_ps_sub_r1,GA,167,BLK_167S,16,판계,1,2025-10-21 15:01:00,2025-10-21 15:31:00,30.0,,공통
b190_mixed_ps_sub_r1,GA,167,BLK_167S,16,전면SAW,2,2025-10-21 21:05:37,2025-10-21 21:39:18,33.7,,공통
b190_mixed_ps_sub_r1,GA,167,BLK_167S,16,TurnOver,3,2025-10-21 21:39:18,2025-10-21 21:51:18,12.0,,공통
b190_mixed_ps_sub_r1,GA,167,BLK_167S,16,후면SAW,4,2025-10-21 22:29:06,2025-10-21 22:52:17,23.2,,공통
b190_mixed_ps_sub_r1,GA,167,BLK_167S,16,NC,5,2025-10-21 23:34:28,2025-10-22 00:16:33,42.1,,공통
b190_mixed_ps_sub_r1,GA,167,BLK_167S,16,베이36B 론지취부,6,2025-10-22 00:16:33,2025-10-22 01:22:33,66.0,36B,베이36B
b190_mixed_ps_sub_r1,GA,167,BLK_167S,16,베이36B 론지용접,7,2025-10-22 01:22:33,2025-10-22 01:45:09,22.6,36B,베이36B
b190_mixed_ps_sub_r1,GA,167,BLK_167S,16,베이36B 수정,8,2025-10-22 01:45:09,2025-10-22 02:25:21,40.2,36B,베이36B
b190_mixed_ps_sub_r1,GA,158,BLK_158C,17,판계,1,2025-10-21 15:31:00,2025-10-21 16:01:00,30.0,,공통
b190_mixed_ps_sub_r1,GA,158,BLK_158C,17,전면SAW,2,2025-10-21 21:39:18,2025-10-21 22:10:46,31.5,,공통
b190_mixed_ps_sub_r1,GA,158,BLK_158C,17,TurnOver,3,2025-10-21 22:10:46,2025-10-21 22:22:46,12.0,,공통
b190_mixed_ps_sub_r1,GA,158,BLK_158C,17,후면SAW,4,2025-10-21 22:52:17,2025-10-21 23:12:34,20.3,,공통
b190_mixed_ps_sub_r1,GA,158,BLK_158C,17,NC,5,2025-10-22 00:16:33,2025-10-22 01:06:42,50.2,,공통
b190_mixed_ps_sub_r1,GA,158,BLK_158C,17,베이35A 론지취부,6,2025-10-22 01:06:42,2025-10-22 02:23:12,76.5,35A,베이35A
b190_mixed_ps_sub_r1,GA,158,BLK_158C,17,베이35A 론지용접,7,2025-10-22 02:23:12,2025-10-22 02:47:36,24.4,35A,베이35A
b190_mixed_ps_sub_r1,GA,158,BLK_158C,17,베이35A 수정,8,2025-10-22 02:47:36,2025-10-22 03:34:24,46.8,35A,베이35A
b190_mixed_ps_sub_r1,GA,171,BLK_116S,18,판계,1,2025-10-21 16:01:00,2025-10-21 16:46:00,45.0,,공통
b190_mixed_ps_sub_r1,GA,171,BLK_116S,18,전면SAW,2,2025-10-21 22:10:46,2025-10-22 00:22:00,131.2,,공통
b190_mixed_ps_sub_r1,GA,171,BLK_116S,18,TurnOver,3,2025-10-22 00:22:00,2025-10-22 00:34:00,12.0,,공통
b190_mixed_ps_sub_r1,GA,171,BLK_116S,18,후면SAW,4,2025-10-22 00:34:00,2025-10-22 02:09:06,95.1,,공통
b190_mixed_ps_sub_r1,GA,171,BLK_116S,18,NC,5,2025-10-22 02:09:06,2025-10-22 02:59:14,50.1,,공통
b190_mixed_ps_sub_r1,GA,171,BLK_116S,18,베이36B 론지취부,6,2025-10-22 02:59:14,2025-10-22 04:22:44,83.5,36B,베이36B
b190_mixed_ps_sub_r1,GA,171,BLK_116S,18,베이36B 론지용접,7,2025-10-22 04:22:44,2025-10-22 04:48:20,25.6,36B,베이36B
b190_mixed_ps_sub_r1,GA,171,BLK_116S,18,베이36B 수정,8,2025-10-22 04:48:20,2025-10-22 05:39:32,51.2,36B,베이36B
b190_mixed_ps_sub_r1,GA,140,BLK_140C,19,판계,1,2025-10-21 16:46:00,2025-10-21 17:11:00,25.0,,공통
b190_mixed_ps_sub_r1,GA,140,BLK_140C,19,전면SAW,2,2025-10-22 00:22:00,2025-10-22 00:56:12,34.2,,공통
b190_mixed_ps_sub_r1,GA,140,BLK_140C,19,TurnOver,3,2025-10-22 00:56:12,2025-10-22 01:08:12,12.0,,공통
b190_mixed_ps_sub_r1,GA,140,BLK_140C,19,후면SAW,4,2025-10-22 02:09:06,2025-10-22 02:32:59,23.9,,공통
b190_mixed_ps_sub_r1,GA,140,BLK_140C,19,NC,5,2025-10-22 02:59:14,2025-10-22 03:36:20,37.1,,공통
b190_mixed_ps_sub_r1,GA,140,BLK_140C,19,베이36B 론지취부,6,2025-10-22 04:22:44,2025-10-22 05:21:44,59.0,36B,베이36B
b190_mixed_ps_sub_r1,GA,140,BLK_140C,19,베이36B 론지용접,7,2025-10-22 05:21:44,2025-10-22 05:43:08,21.4,36B,베이36B
b190_mixed_ps_sub_r1,GA,140,BLK_140C,19,베이36B 수정,8,2025-10-22 05:43:08,2025-10-22 06:18:56,35.8,36B,베이36B
b190_mixed_ps_sub_r1,GA,156,BLK_156S,20,판계,1,2025-10-21 17:11:00,2025-10-21 17:23:00,12.0,,공통
b190_mixed_ps_sub_r1,GA,156,BLK_156S,20,전면SAW,2,2025-10-22 00:56:12,2025-10-22 01:38:05,41.9,,공통
b190_mixed_ps_sub_r1,GA,156,BLK_156S,20,TurnOver,3,2025-10-22 01:38:05,2025-10-22 01:50:05,12.0,,공통
b190_mixed_ps_sub_r1,GA,156,BLK_156S,20,후면SAW,4,2025-10-22 02:32:59,2025-10-22 03:06:58,34.0,,공통
b190_mixed_ps_sub_r1,GA,156,BLK_156S,20,NC,5,2025-10-22 03:36:20,2025-10-22 03:58:16,21.9,,공통
b190_mixed_ps_sub_r1,GA,156,BLK_156S,20,베이35A 론지취부,6,2025-10-22 03:58:16,2025-10-22 04:46:46,48.5,35A,베이35A
b190_mixed_ps_sub_r1,GA,156,BLK_156S,20,베이35A 론지용접,7,2025-10-22 04:46:46,2025-10-22 05:06:22,19.6,35A,베이35A
b190_mixed_ps_sub_r1,GA,156,BLK_156S,20,베이35A 수정,8,2025-10-22 05:06:22,2025-10-22 05:35:34,29.2,35A,베이35A
b190_mixed_ps_sub_r1,GA,184,BLK_71P,64,판계,1,2025-10-15 15:58:00,2025-10-15 16:31:00,33.0,,공통
b190_mixed_ps_sub_r1,GA,184,BLK_71P,64,전면SAW,2,2025-10-16 05:10:11,2025-10-16 06:35:12,85.0,,공통
b190_mixed_ps_sub_r1,GA,184,BLK_71P,64,TurnOver,3,2025-10-16 06:35:12,2025-10-16 06:47:12,12.0,,공통
b190_mixed_ps_sub_r1,GA,184,BLK_71P,64,후면SAW,4,2025-10-16 07:15:01,2025-10-16 08:20:18,65.3,,공통
b190_mixed_ps_sub_r1,GA,184,BLK_71P,64,NC,5,2025-10-16 08:20:18,2025-10-16 08:58:41,38.4,,공통
b190_mixed_ps_sub_r1,GA,184,BLK_71P,64,베이35A 론지취부,6,2025-10-16 08:58:41,2025-10-16 09:43:41,45.0,35A,베이35A
b190_mixed_ps_sub_r1,GA,184,BLK_71P,64,베이35A 론지용접,7,2025-10-16 09:43:41,2025-10-16 10:02:41,19.0,35A,베이35A
b190_mixed_ps_sub_r1,GA,184,BLK_71P,64,베이35A 수정,8,2025-10-16 10:02:41,2025-10-16 10:29:41,27.0,35A,베이35A
b190_mixed_ps_sub_r1,GA,181,BLK_138S,85,판계,1,2025-10-16 16:51:00,2025-10-16 17:11:00,20.0,,공통
b190_mixed_ps_sub_r1,GA,181,BLK_138S,85,전면SAW,2,2025-10-17 08:56:07,2025-10-17 09:35:01,38.9,,공통
b190_mixed_ps_sub_r1,GA,181,BLK_138S,85,TurnOver,3,2025-10-17 09:35:01,2025-10-17 09:47:01,12.0,,공통
b190_mixed_ps_sub_r1,GA,181,BLK_138S,85,후면SAW,4,2025-10-17 10:39:42,2025-10-17 11:09:45,30.1,,공통
b190_mixed_ps_sub_r1,GA,181,BLK_138S,85,NC,5,2025-10-17 11:38:06,2025-10-17 12:06:25,28.3,,공통
b190_mixed_ps_sub_r1,GA,181,BLK_138S,85,베이35A 론지취부,6,2025-10-17 12:06:25,2025-10-17 13:05:25,59.0,35A,베이35A
b190_mixed_ps_sub_r1,GA,181,BLK_138S,85,베이35A 론지용접,7,2025-10-17 13:05:25,2025-10-17 13:26:49,21.4,35A,베이35A
b190_mixed_ps_sub_r1,GA,181,BLK_138S,85,베이35A 수정,8,2025-10-17 13:26:49,2025-10-17 14:02:37,35.8,35A,베이35A
b190_mixed_ps_sub_r1,GA,189,BLK_58S,96,판계,1,2025-10-17 10:48:00,2025-10-17 11:00:00,12.0,,공통
b190_mixed_ps_sub_r1,GA,189,BLK_58S,96,전면SAW,2,2025-10-17 19:17:52,2025-10-17 19:56:54,39.0,,공통
b190_mixed_ps_sub_r1,GA,189,BLK_58S,96,TurnOver,3,2025-10-17 19:56:54,2025-10-17 20:08:54,12.0,,공통
b190_mixed_ps_sub_r1,GA,189,BLK_58S,96,후면SAW,4,2025-10-17 20:30:35,2025-10-17 21:00:49,30.2,,공통
b190_mixed_ps_sub_r1,GA,189,BLK_58S,96,NC,5,2025-10-17 21:35:46,2025-10-17 21:56:29,20.7,,공통
b190_mixed_ps_sub_r1,GA,189,BLK_58S,96,베이35A 론지취부,6,2025-10-17 22:08:49,2025-10-17 22:39:49,31.0,35A,베이35A
b190_mixed_ps_sub_r1,GA,189,BLK_58S,96,베이35A 론지용접,7,2025-10-17 22:39:49,2025-10-17 22:52:25,12.6,35A,베이35A
b190_mixed_ps_sub_r1,GA,189,BLK_58S,96,베이35A 수정,8,2025-10-17 23:08:49,2025-10-17 23:27:01,18.2,35A,베이35A
b190_mixed_ps_sub_r1,GA,188,BLK_67S,104,판계,1,2025-10-17 14:09:00,2025-10-17 14:37:00,28.0,,공통
b190_mixed_ps_sub_r1,GA,188,BLK_67S,104,전면SAW,2,2025-10-18 02:26:33,2025-10-18 04:04:26,97.9,,공통
b190_mixed_ps_sub_r1,GA,188,BLK_67S,104,TurnOver,3,2025-10-18 04:04:26,2025-10-18 04:16:26,12.0,,공통
b190_mixed_ps_sub_r1,GA,188,BLK_67S,104,후면SAW,4,2025-10-18 04:16:26,2025-10-18 05:52:34,96.1,,공통
b190_mixed_ps_sub_r1,GA,188,BLK_67S,104,NC,5,2025-10-18 05:52:34,2025-10-18 06:24:27,31.9,,공통
b190_mixed_ps_sub_r1,GA,188,BLK_67S,104,베이36B 론지취부,6,2025-10-18 06:24:27,2025-10-18 07:19:57,55.5,36B,베이36B
b190_mixed_ps_sub_r1,GA,188,BLK_67S,104,베이36B 론지용접,7,2025-10-18 07:19:57,2025-10-18 07:40:45,20.8,36B,베이36B
b190_mixed_ps_sub_r1,GA,188,BLK_67S,104,베이36B 수정,8,2025-10-18 07:47:04,2025-10-18 08:20:40,33.6,36B,베이36B
b190_mixed_ps_sub_r1,GA,190,BLK_70C,107,판계,1,2025-10-17 15:27:00,2025-10-17 15:57:00,30.0,,공통
b190_mixed_ps_sub_r1,GA,190,BLK_70C,107,전면SAW,2,2025-10-18 05:22:51,2025-10-18 06:11:58,49.1,,공통
b190_mixed_ps_sub_r1,GA,190,BLK_70C,107,TurnOver,3,2025-10-18 06:11:58,2025-10-18 06:23:58,12.0,,공통
b190_mixed_ps_sub_r1,GA,190,BLK_70C,107,후면SAW,4,2025-10-18 06:53:30,2025-10-18 07:37:02,43.5,,공통
b190_mixed_ps_sub_r1,GA,190,BLK_70C,107,NC,5,2025-10-18 07:49:13,2025-10-18 08:33:03,43.8,,공통
b190_mixed_ps_sub_r1,GA,190,BLK_70C,107,베이35A 론지취부,6,2025-10-18 08:33:03,2025-10-18 09:46:03,73.0,35A,베이35A
b190_mixed_ps_sub_r1,GA,190,BLK_70C,107,베이35A 론지용접,7,2025-10-18 09:46:03,2025-10-18 10:09:51,23.8,35A,베이35A
b190_mixed_ps_sub_r1,GA,190,BLK_70C,107,베이35A 수정,8,2025-10-18 10:09:51,2025-10-18 10:54:27,44.6,35A,베이35A
b190_mixed_ps_sub_r1,GA,182,BLK_76S,113,판계,1,2025-10-18 08:00:00,2025-10-18 08:28:00,28.0,,공통
b190_mixed_ps_sub_r1,GA,182,BLK_76S,113,전면SAW,2,2025-10-18 16:05:25,2025-10-18 17:41:40,96.2,,공통
b190_mixed_ps_sub_r1,GA,182,BLK_76S,113,TurnOver,3,2025-10-18 17:41:40,2025-10-18 17:53:40,12.0,,공통
b190_mixed_ps_sub_r1,GA,182,BLK_76S,113,후면SAW,4,2025-10-18 18:58:22,2025-10-18 20:13:54,75.5,,공통
b190_mixed_ps_sub_r1,GA,182,BLK_76S,113,NC,5,2025-10-18 20:13:54,2025-10-18 20:45:45,31.9,,공통
b190_mixed_ps_sub_r1,GA,182,BLK_76S,113,베이35A 론지취부,6,2025-10-18 20:45:45,2025-10-18 21:30:45,45.0,35A,베이35A
b190_mixed_ps_sub_r1,GA,182,BLK_76S,113,베이35A 론지용접,7,2025-10-18 21:30:45,2025-10-18 21:49:45,19.0,35A,베이35A
b190_mixed_ps_sub_r1,GA,182,BLK_76S,113,베이35A 수정,8,2025-10-18 21:49:45,2025-10-18 22:16:45,27.0,35A,베이35A
b190_mixed_ps_sub_r1,GA,187,BLK_112C,132,판계,1,2025-10-19 10:48:00,2025-10-19 11:29:00,41.0,,공통
b190_mixed_ps_sub_r1,GA,187,BLK_112C,132,전면SAW,2,2025-10-19 15:45:56,2025-10-19 18:55:56,190.0,,공통
b190_mixed_ps_sub_r1,GA,187,BLK_112C,132,TurnOver,3,2025-10-19 18:55:56,2025-10-19 19:07:56,12.0,,공통
b190_mixed_ps_sub_r1,GA,187,BLK_112C,132,후면SAW,4,2025-10-19 19:07:56,2025-10-19 21:38:57,151.0,,공통
b190_mixed_ps_sub_r1,GA,187,BLK_112C,132,NC,5,2025-10-19 21:38:57,2025-10-19 22:28:52,49.9,,공통
b190_mixed_ps_sub_r1,GA,187,BLK_112C,132,베이36B 론지취부,6,2025-10-19 22:28:52,2025-10-19 23:20:52,52.0,36B,베이36B
b190_mixed_ps_sub_r1,GA,187,BLK_112C,132,베이36B 론지용접,7,2025-10-19 23:20:52,2025-10-19 23:41:04,20.2,36B,베이36B
b190_mixed_ps_sub_r1,GA,187,BLK_112C,132,베이36B 수정,8,2025-10-19 23:41:04,2025-10-20 00:12:28,31.4,36B,베이36B
b190_mixed_ps_sub_r1,GA,186,BLK_117C,137,판계,1,2025-10-19 13:26:00,2025-10-19 13:38:00,12.0,,공통
b190_mixed_ps_sub_r1,GA,186,BLK_117C,137,전면SAW,2,2025-10-20 00:26:57,2025-10-20 01:02:32,35.6,,공통
b190_mixed_ps_sub_r1,GA,186,BLK_117C,137,TurnOver,3,2025-10-20 01:02:32,2025-10-20 01:14:32,12.0,,공통
b190_mixed_ps_sub_r1,GA,186,BLK_117C,137,후면SAW,4,2025-10-20 02:14:03,2025-10-20 02:39:45,25.7,,공통
b190_mixed_ps_sub_r1,GA,186,BLK_117C,137,NC,5,2025-10-20 03:04:12,2025-10-20 03:24:24,20.2,,공통
b190_mixed_ps_sub_r1,GA,186,BLK_117C,137,베이35A 론지취부,6,2025-10-20 03:24:24,2025-10-20 04:05:54,41.5,35A,베이35A
b190_mixed_ps_sub_r1,GA,186,BLK_117C,137,베이35A 론지용접,7,2025-10-20 04:05:54,2025-10-20 04:20:18,14.4,35A,베이35A
b190_mixed_ps_sub_r1,GA,186,BLK_117C,137,베이35A 수정,8,2025-10-20 04:20:18,2025-10-20 04:45:06,24.8,35A,베이35A
b190_mixed_ps_sub_r1,GA,185,BLK_120C,140,판계,1,2025-10-20 08:38:00,2025-10-20 09:08:00,30.0,,공통
b190_mixed_ps_sub_r1,GA,185,BLK_120C,140,전면SAW,2,2025-10-20 09:54:15,2025-10-20 10:24:22,30.1,,공통
b190_mixed_ps_sub_r1,GA,185,BLK_120C,140,TurnOver,3,2025-10-20 10:24:22,2025-10-20 10:36:22,12.0,,공통
b190_mixed_ps_sub_r1,GA,185,BLK_120C,140,후면SAW,4,2025-10-20 11:03:31,2025-10-20 11:22:03,18.5,,공통
b190_mixed_ps_sub_r1,GA,185,BLK_120C,140,NC,5,2025-10-20 11:47:09,2025-10-20 12:28:06,41.0,,공통
b190_mixed_ps_sub_r1,GA,185,BLK_120C,140,베이36B 론지취부,6,2025-10-20 12:28:06,2025-10-20 13:37:36,69.5,36B,베이36B
b190_mixed_ps_sub_r1,GA,185,BLK_120C,140,베이36B 론지용접,7,2025-10-20 13:37:36,2025-10-20 14:00:48,23.2,36B,베이36B
b190_mixed_ps_sub_r1,GA,185,BLK_120C,140,베이36B 수정,8,2025-10-20 14:00:48,2025-10-20 14:43:12,42.4,36B,베이36B
b190_mixed_ps_sub_r1,GA,183,BLK_163S,162,판계,1,2025-10-21 08:30:00,2025-10-21 09:00:00,30.0,,공통
b190_mixed_ps_sub_r1,GA,183,BLK_163S,162,전면SAW,2,2025-10-21 09:01:46,2025-10-21 09:35:54,34.1,,공통
b190_mixed_ps_sub_r1,GA,183,BLK_163S,162,TurnOver,3,2025-10-21 09:35:54,2025-10-21 09:47:54,12.0,,공통
b190_mixed_ps_sub_r1,GA,183,BLK_163S,162,후면SAW,4,2025-10-21 10:54:30,2025-10-21 11:18:16,23.8,,공통
b190_mixed_ps_sub_r1,GA,183,BLK_163S,162,NC,5,2025-10-21 11:57:05,2025-10-21 12:42:19,45.2,,공통
b190_mixed_ps_sub_r1,GA,183,BLK_163S,162,베이36B 론지취부,6,2025-10-21 12:42:19,2025-10-21 14:16:19,94.0,36B,베이36B
b190_mixed_ps_sub_r1,GA,183,BLK_163S,162,베이36B 론지용접,7,2025-10-21 14:16:19,2025-10-21 14:43:43,27.4,36B,베이36B
b190_mixed_ps_sub_r1,GA,183,BLK_163S,162,베이36B 수정,8,2025-10-21 14:43:43,2025-10-21 15:41:31,57.8,36B,베이36B
