grid_case_id,method_label,block_id,block_name,sequence,process_name,process_index,start_time,end_time,duration_min,assigned_bay,machine_type
b140_base_r1,Proposed,5,BLK_5C,1,판계,1,2025-07-15 08:00:00,2025-07-15 08:30:00,30.0,,공통
b140_base_r1,Proposed,5,BLK_5C,1,전면SAW,2,2025-07-15 08:30:00,2025-07-15 10:26:51,116.9,,공통
b140_base_r1,Proposed,5,BLK_5C,1,TurnOver,3,2025-07-15 10:26:51,2025-07-15 10:38:51,12.0,,공통
b140_base_r1,Proposed,5,BLK_5C,1,후면SAW,4,2025-07-15 10:38:51,2025-07-15 12:13:09,94.3,,공통
b140_base_r1,Proposed,5,BLK_5C,1,NC,5,2025-07-15 12:13:09,2025-07-15 13:07:59,54.8,,공통
b140_base_r1,Proposed,5,BLK_5C,1,베이35A 론지취부,6,2025-07-15 13:07:59,2025-07-15 14:13:59,66.0,35A,베이35A
b140_base_r1,Proposed,5,BLK_5C,1,베이35A 론지용접,7,2025-07-15 14:13:59,2025-07-15 14:36:35,22.6,35A,베이35A
b140_base_r1,Proposed,5,BLK_5C,1,베이35A 수정,8,2025-07-15 14:36:35,2025-07-15 15:16:47,40.2,35A,베이35A
b140_base_r1,Proposed,17,BLK_17C,2,판계,1,2025-07-15 08:30:00,2025-07-15 08:55:00,25.0,,공통
b140_base_r1,Proposed,17,BLK_17C,2,전면SAW,2,2025-07-15 10:26:51,2025-07-15 11:16:08,49.3,,공통
b140_base_r1,Proposed,17,BLK_17C,2,TurnOver,3,2025-07-15 11:16:08,2025-07-15 11:28:08,12.0,,공통
b140_base_r1,Proposed,17,BLK_17C,2,후면SAW,4,2025-07-15 12:13:09,2025-07-15 12:56:53,43.7,,공통
b140_base_r1,Proposed,17,BLK_17C,2,NC,5,2025-07-15 13:07:59,2025-07-15 13:45:02,37.0,,공통
b140_base_r1,Proposed,17,BLK_17C,2,베이36B 론지취부,6,2025-07-15 13:45:02,2025-07-15 14:58:02,73.0,36B,베이36B
b140_base_r1,Proposed,17,BLK_17C,2,베이36B 론지용접,7,2025-07-15 14:58:02,2025-07-15 15:21:50,23.8,36B,베이36B
b140_base_r1,Proposed,17,BLK_17C,2,베이36B 수정,8,2025-07-15 15:21:50,2025-07-15 16:06:26,44.6,36B,베이36B
b140_base_r1,Proposed,117,BLK_117P,3,판계,1,2025-07-15 08:55:00,2025-07-15 09:40:00,45.0,,공통
b140_base_r1,Proposed,117,BLK_117P,3,전면SAW,2,2025-07-15 11:16:08,2025-07-15 14:26:08,190.0,,공통
b140_base_r1,Proposed,117,BLK_117P,3,TurnOver,3,2025-07-15 14:26:08,2025-07-15 14:38:08,12.0,,공통
b140_base_r1,Proposed,117,BLK_117P,3,후면SAW,4,2025-07-15 14:38:08,2025-07-15 16:58:48,140.7,,공통
b140_base_r1,Proposed,117,BLK_117P,3,NC,5,2025-07-15 16:58:48,2025-07-15 17:54:40,55.9,,공통
b140_base_r1,Proposed,117,BLK_117P,3,베이35A 론지취부,6,2025-07-15 17:54:40,2025-07-15 19:07:40,73.0,35A,베이35A
b140_base_r1,Proposed,117,BLK_117P,3,베이35A 론지용접,7,2025-07-15 19:07:40,2025-07-15 19:31:28,23.8,35A,베이35A
b140_base_r1,Proposed,117,BLK_117P,3,베이35A 수정,8,2025-07-15 19:31:28,2025-07-15 20:16:04,44.6,35A,베이35A
b140_base_r1,Proposed,57,BLK_57C,4,판계,1,2025-07-15 09:40:00,2025-07-15 10:13:00,33.0,,공통
b140_base_r1,Proposed,57,BLK_57C,4,전면SAW,2,2025-07-15 14:26:08,2025-07-15 16:27:00,120.9,,공통
b140_base_r1,Proposed,57,BLK_57C,4,TurnOver,3,2025-07-15 16:27:00,2025-07-15 16:39:00,12.0,,공통
b140_base_r1,Proposed,57,BLK_57C,4,후면SAW,4,2025-07-15 16:58:48,2025-07-15 18:36:45,98.0,,공통
b140_base_r1,Proposed,57,BLK_57C,4,NC,5,2025-07-15 18:36:45,2025-07-15 19:19:33,42.8,,공통
b140_base_r1,Proposed,57,BLK_57C,4,베이36B 론지취부,6,2025-07-15 19:19:33,2025-07-15 20:22:03,62.5,36B,베이36B
b140_base_r1,Proposed,57,BLK_57C,4,베이36B 론지용접,7,2025-07-15 20:22:03,2025-07-15 20:44:03,22.0,36B,베이36B
b140_base_r1,Proposed,57,BLK_57C,4,베이36B 수정,8,2025-07-15 20:44:03,2025-07-15 21:22:03,38.0,36B,베이36B
b140_base_r1,Proposed,67,BLK_67C,5,판계,1,2025-07-15 10:13:00,2025-07-15 10:41:00,28.0,,공통
b140_base_r1,Proposed,67,BLK_67C,5,전면SAW,2,2025-07-15 16:27:00,2025-07-15 18:45:31,138.5,,공통
b140_base_r1,Proposed,67,BLK_67C,5,TurnOver,3,2025-07-15 18:45:31,2025-07-15 18:57:31,12.0,,공통
b140_base_r1,Proposed,67,BLK_67C,5,후면SAW,4,2025-07-15 18:57:31,2025-07-15 20:51:34,114.0,,공통
b140_base_r1,Proposed,67,BLK_67C,5,NC,5,2025-07-15 20:51:34,2025-07-15 21:28:55,37.4,,공통
b140_base_r1,Proposed,67,BLK_67C,5,베이35A 론지취부,6,2025-07-15 21:28:55,2025-07-15 22:55:55,87.0,35A,베이35A
b140_base_r1,Proposed,67,BLK_67C,5,베이35A 론지용접,7,2025-07-15 22:55:55,2025-07-15 23:22:07,26.2,35A,베이35A
b140_base_r1,Proposed,67,BLK_67C,5,베이35A 수정,8,2025-07-15 23:22:07,2025-07-16 00:15:31,53.4,35A,베이35A
b140_base_r1,Proposed,77,BLK_77S,6,판계,1,2025-07-15 10:41:00,2025-07-15 11:06:00,25.0,,공통
b140_base_r1,Proposed,77,BLK_77S,6,전면SAW,2,2025-07-15 18:45:31,2025-07-15 19:14:30,29.0,,공통
b140_base_r1,Proposed,77,BLK_77S,6,TurnOver,3,2025-07-15 19:14:30,2025-07-15 19:26:30,12.0,,공통
b140_base_r1,Proposed,77,BLK_77S,6,후면SAW,4,2025-07-15 20:51:34,2025-07-15 21:08:35,17.0,,공통
b140_base_r1,Proposed,77,BLK_77S,6,NC,5,2025-07-15 21:28:55,2025-07-15 22:02:31,33.6,,공통
b140_base_r1,Proposed,77,BLK_77S,6,베이36B 론지취부,6,2025-07-15 22:02:31,2025-07-15 22:44:01,41.5,36B,베이36B
b140_base_r1,Proposed,77,BLK_77S,6,베이36B 론지용접,7,2025-07-15 22:44:01,2025-07-15 23:02:25,18.4,36B,베이36B
b140_base_r1,Proposed,77,BLK_77S,6,베이36B 수정,8,2025-07-15 23:02:25,2025-07-15 23:27:13,24.8,36B,베이36B
b140_base_r1,Proposed,87,BLK_87S,7,판계,1,2025-07-15 11:06:00,2025-07-15 11:26:00,20.0,,공통
b140_base_r1,Proposed,87,BLK_87S,7,전면SAW,2,2025-07-15 19:14:30,2025-07-15 19:49:08,34.6,,공통
b140_base_r1,Proposed,87,BLK_87S,7,TurnOver,3,2025-07-15 19:49:08,2025-07-15 20:01:08,12.0,,공통
b140_base_r1,Proposed,87,BLK_87S,7,후면SAW,4,2025-07-15 21:08:35,2025-07-15 21:33:01,24.4,,공통
b140_base_r1,Proposed,87,BLK_87S,7,NC,5,2025-07-15 22:02:31,2025-07-15 22:29:30,27.0,,공통
b140_base_r1,Proposed,87,BLK_87S,7,베이35A 론지취부,6,2025-07-15 22:55:55,2025-07-15 23:33:55,38.0,35A,베이35A
b140_base_r1,Proposed,87,BLK_87S,7,베이35A 론지용접,7,2025-07-15 23:33:55,2025-07-15 23:51:43,17.8,35A,베이35A
b140_base_r1,Proposed,87,BLK_87S,7,베이35A 수정,8,2025-07-16 00:15:31,2025-07-16 00:38:07,22.6,35A,베이35A
b140_base_r1,Proposed,13,BLK_13P,8,판계,1,2025-07-15 11:26:00,2025-07-15 11:56:00,30.0,,공통
b140_base_r1,Proposed,13,BLK_13P,8,전면SAW,2,2025-07-15 19:49:08,2025-07-15 21:44:34,115.4,,공통
b140_base_r1,Proposed,13,BLK_13P,8,TurnOver,3,2025-07-15 21:44:34,2025-07-15 21:56:34,12.0,,공통
b140_base_r1,Proposed,13,BLK_13P,8,후면SAW,4,2025-07-15 21:56:34,2025-07-15 23:53:10,116.6,,공통
b140_base_r1,Proposed,13,BLK_13P,8,NC,5,2025-07-15 23:53:10,2025-07-16 00:46:22,53.2,,공통
b140_base_r1,Proposed,13,BLK_13P,8,베이36B 론지취부,6,2025-07-16 00:46:22,2025-07-16 02:20:22,94.0,36B,베이36B
b140_base_r1,Proposed,13,BLK_13P,8,베이36B 론지용접,7,2025-07-16 02:20:22,2025-07-16 02:47:46,27.4,36B,베이36B
b140_base_r1,Proposed,13,BLK_13P,8,베이36B 수정,8,2025-07-16 02:47:46,2025-07-16 03:45:34,57.8,36B,베이36B
b140_base_r1,Proposed,9,BLK_9S,9,판계,1,2025-07-15 11:56:00,2025-07-15 12:26:00,30.0,,공통
b140_base_r1,Proposed,9,BLK_9S,9,전면SAW,2,2025-07-15 21:44:34,2025-07-15 22:15:20,30.8,,공통
b140_base_r1,Proposed,9,BLK_9S,9,TurnOver,3,2025-07-15 22:15:20,2025-07-15 22:27:20,12.0,,공통
b140_base_r1,Proposed,9,BLK_9S,9,후면SAW,4,2025-07-15 23:53:10,2025-07-16 00:12:32,19.4,,공통
b140_base_r1,Proposed,9,BLK_9S,9,NC,5,2025-07-16 00:46:22,2025-07-16 01:28:08,41.8,,공통
b140_base_r1,Proposed,9,BLK_9S,9,베이35A 론지취부,6,2025-07-16 01:28:08,2025-07-16 02:27:08,59.0,35A,베이35A
b140_base_r1,Proposed,9,BLK_9S,9,베이35A 론지용접,7,2025-07-16 02:27:08,2025-07-16 02:48:32,21.4,35A,베이35A
b140_base_r1,Proposed,9,BLK_9S,9,베이35A 수정,8,2025-07-16 02:48:32,2025-07-16 03:24:20,35.8,35A,베이35A
b140_base_r1,Proposed,1,BLK_1C,10,판계,1,2025-07-15 12:26:00,2025-07-15 12:38:00,12.0,,공통
b140_base_r1,Proposed,1,BLK_1C,10,전면SAW,2,2025-07-15 22:15:20,2025-07-15 22:57:19,42.0,,공통
b140_base_r1,Proposed,1,BLK_1C,10,TurnOver,3,2025-07-15 22:57:19,2025-07-15 23:09:19,12.0,,공통
b140_base_r1,Proposed,1,BLK_1C,10,후면SAW,4,2025-07-16 00:12:32,2025-07-16 00:46:40,34.1,,공통
b140_base_r1,Proposed,1,BLK_1C,10,NC,5,2025-07-16 01:28:08,2025-07-16 01:50:47,22.6,,공통
b140_base_r1,Proposed,1,BLK_1C,10,베이36B 론지취부,6,2025-07-16 02:20:22,2025-07-16 03:19:22,59.0,36B,베이36B
b140_base_r1,Proposed,1,BLK_1C,10,베이36B 론지용접,7,2025-07-16 03:19:22,2025-07-16 03:40:46,21.4,36B,베이36B
b140_base_r1,Proposed,1,BLK_1C,10,베이36B 수정,8,2025-07-16 03:45:34,2025-07-16 04:21:22,35.8,36B,베이36B
b140_base_r1,Proposed,33,BLK_33C,11,판계,1,2025-07-15 12:38:00,2025-07-15 13:11:00,33.0,,공통
b140_base_r1,Proposed,33,BLK_33C,11,전면SAW,2,2025-07-15 22:57:19,2025-07-16 01:01:28,124.1,,공통
b140_base_r1,Proposed,33,BLK_33C,11,TurnOver,3,2025-07-16 01:01:28,2025-07-16 01:13:28,12.0,,공통
b140_base_r1,Proposed,33,BLK_33C,11,후면SAW,4,2025-07-16 01:13:28,2025-07-16 02:54:24,100.9,,공통
b140_base_r1,Proposed,33,BLK_33C,11,NC,5,2025-07-16 02:54:24,2025-07-16 03:36:24,42.0,,공통
b140_base_r1,Proposed,33,BLK_33C,11,베이35A 론지취부,6,2025-07-16 03:36:24,2025-07-16 04:56:24,80.0,35A,베이35A
b140_base_r1,Proposed,33,BLK_33C,11,베이35A 론지용접,7,2025-07-16 04:56:24,2025-07-16 05:21:24,25.0,35A,베이35A
b140_base_r1,Proposed,33,BLK_33C,11,베이35A 수정,8,2025-07-16 05:21:24,2025-07-16 06:10:24,49.0,35A,베이35A
b140_base_r1,Proposed,21,BLK_21S,12,판계,1,2025-07-15 13:11:00,2025-07-15 13:41:00,30.0,,공통
b140_base_r1,Proposed,21,BLK_21S,12,전면SAW,2,2025-07-16 01:01:28,2025-07-16 01:32:10,30.7,,공통
b140_base_r1,Proposed,21,BLK_21S,12,TurnOver,3,2025-07-16 01:32:10,2025-07-16 01:44:10,12.0,,공통
b140_base_r1,Proposed,21,BLK_21S,12,후면SAW,4,2025-07-16 02:54:24,2025-07-16 03:13:41,19.3,,공통
b140_base_r1,Proposed,21,BLK_21S,12,NC,5,2025-07-16 03:36:24,2025-07-16 04:18:38,42.2,,공통
b140_base_r1,Proposed,21,BLK_21S,12,베이36B 론지취부,6,2025-07-16 04:18:38,2025-07-16 05:24:38,66.0,36B,베이36B
b140_base_r1,Proposed,21,BLK_21S,12,베이36B 론지용접,7,2025-07-16 05:24:38,2025-07-16 05:47:14,22.6,36B,베이36B
b140_base_r1,Proposed,21,BLK_21S,12,베이36B 수정,8,2025-07-16 05:47:14,2025-07-16 06:27:26,40.2,36B,베이36B
b140_base_r1,Proposed,25,BLK_25P,13,판계,1,2025-07-15 13:41:00,2025-07-15 14:16:00,35.0,,공통
b140_base_r1,Proposed,25,BLK_25P,13,전면SAW,2,2025-07-16 01:32:10,2025-07-16 04:08:03,155.9,,공통
b140_base_r1,Proposed,25,BLK_25P,13,TurnOver,3,2025-07-16 04:08:03,2025-07-16 04:20:03,12.0,,공통
b140_base_r1,Proposed,25,BLK_25P,13,후면SAW,4,2025-07-16 04:20:03,2025-07-16 06:14:52,114.8,,공통
b140_base_r1,Proposed,25,BLK_25P,13,NC,5,2025-07-16 06:14:52,2025-07-16 06:56:25,41.5,,공통
b140_base_r1,Proposed,25,BLK_25P,13,베이35A 론지취부,6,2025-07-16 06:56:25,2025-07-16 07:44:55,48.5,35A,베이35A
b140_base_r1,Proposed,25,BLK_25P,13,베이35A 론지용접,7,2025-07-16 07:44:55,2025-07-16 08:04:31,19.6,35A,베이35A
b140_base_r1,Proposed,25,BLK_25P,13,베이35A 수정,8,2025-07-16 08:04:31,2025-07-16 08:33:43,29.2,35A,베이35A
b140_base_r1,Proposed,29,BLK_29S,14,판계,1,2025-07-15 14:16:00,2025-07-15 14:36:00,20.0,,공통
b140_base_r1,Proposed,29,BLK_29S,14,전면SAW,2,2025-07-16 04:08:03,2025-07-16 04:41:04,33.0,,공통
b140_base_r1,Proposed,29,BLK_29S,14,TurnOver,3,2025-07-16 04:41:04,2025-07-16 04:53:04,12.0,,공통
b140_base_r1,Proposed,29,BLK_29S,14,후면SAW,4,2025-07-16 06:14:52,2025-07-16 06:37:12,22.3,,공통
b140_base_r1,Proposed,29,BLK_29S,14,NC,5,2025-07-16 06:56:25,2025-07-16 07:23:46,27.4,,공통
b140_base_r1,Proposed,29,BLK_29S,14,베이36B 론지취부,6,2025-07-16 07:23:46,2025-07-16 07:51:16,27.5,36B,베이36B
b140_base_r1,Proposed,29,BLK_29S,14,베이36B 론지용접,7,2025-07-16 07:51:16,2025-07-16 08:07:16,16.0,36B,베이36B
b140_base_r1,Proposed,29,BLK_29S,14,베이36B 수정,8,2025-07-16 08:07:16,2025-07-16 08:23:16,16.0,36B,베이36B
b140_base_r1,Proposed,41,BLK_41P,15,판계,1,2025-07-15 14:36:00,2025-07-15 15:04:00,28.0,,공통
b140_base_r1,Proposed,41,BLK_41P,15,전면SAW,2,2025-07-16 04:41:04,2025-07-16 06:59:10,138.1,,공통
b140_base_r1,Proposed,41,BLK_41P,15,TurnOver,3,2025-07-16 06:59:10,2025-07-16 07:11:10,12.0,,공통
b140_base_r1,Proposed,41,BLK_41P,15,후면SAW,4,2025-07-16 07:11:10,2025-07-16 09:04:52,113.7,,공통
b140_base_r1,Proposed,41,BLK_41P,15,NC,5,2025-07-16 09:04:52,2025-07-16 09:41:41,36.8,,공통
b140_base_r1,Proposed,41,BLK_41P,15,베이35A 론지취부,6,2025-07-16 09:41:41,2025-07-16 10:58:11,76.5,35A,베이35A
b140_base_r1,Proposed,41,BLK_41P,15,베이35A 론지용접,7,2025-07-16 10:58:11,2025-07-16 11:22:35,24.4,35A,베이35A
b140_base_r1,Proposed,41,BLK_41P,15,베이35A 수정,8,2025-07-16 11:22:35,2025-07-16 12:09:23,46.8,35A,베이35A
b140_base_r1,Proposed,49,BLK_49P,16,판계,1,2025-07-15 15:04:00,2025-07-15 15:34:00,30.0,,공통
b140_base_r1,Proposed,49,BLK_49P,16,전면SAW,2,2025-07-16 06:59:10,2025-07-16 07:29:00,29.8,,공통
b140_base_r1,Proposed,49,BLK_49P,16,TurnOver,3,2025-07-16 07:29:00,2025-07-16 07:41:00,12.0,,공통
b140_base_r1,Proposed,49,BLK_49P,16,후면SAW,4,2025-07-16 09:04:52,2025-07-16 09:22:58,18.1,,공통
b140_base_r1,Proposed,49,BLK_49P,16,NC,5,2025-07-16 09:41:41,2025-07-16 10:29:06,47.4,,공통
b140_base_r1,Proposed,49,BLK_49P,16,베이36B 론지취부,6,2025-07-16 10:29:06,2025-07-16 11:52:36,83.5,36B,베이36B
b140_base_r1,Proposed,49,BLK_49P,16,베이36B 론지용접,7,2025-07-16 11:52:36,2025-07-16 12:18:12,25.6,36B,베이36B
b140_base_r1,Proposed,49,BLK_49P,16,베이36B 수정,8,2025-07-16 12:18:12,2025-07-16 13:09:24,51.2,36B,베이36B
b140_base_r1,Proposed,37,BLK_37P,17,판계,1,2025-07-15 15:34:00,2025-07-15 16:02:00,28.0,,공통
b140_base_r1,Proposed,37,BLK_37P,17,전면SAW,2,2025-07-16 07:29:00,2025-07-16 09:47:12,138.2,,공통
b140_base_r1,Proposed,37,BLK_37P,17,TurnOver,3,2025-07-16 09:47:12,2025-07-16 09:59:12,12.0,,공통
b140_base_r1,Proposed,37,BLK_37P,17,후면SAW,4,2025-07-16 09:59:12,2025-07-16 11:52:59,113.8,,공통
b140_base_r1,Proposed,37,BLK_37P,17,NC,5,2025-07-16 11:52:59,2025-07-16 12:28:33,35.6,,공통
b140_base_r1,Proposed,37,BLK_37P,17,베이35A 론지취부,6,2025-07-16 12:28:33,2025-07-16 13:31:03,62.5,35A,베이35A
b140_base_r1,Proposed,37,BLK_37P,17,베이35A 론지용접,7,2025-07-16 13:31:03,2025-07-16 13:53:03,22.0,35A,베이35A
b140_base_r1,Proposed,37,BLK_37P,17,베이35A 수정,8,2025-07-16 13:53:03,2025-07-16 14:31:03,38.0,35A,베이35A
b140_base_r1,Proposed,45,BLK_45P,18,판계,1,2025-07-15 16:02:00,2025-07-15 16:27:00,25.0,,공통
b140_base_r1,Proposed,45,BLK_45P,18,전면SAW,2,2025-07-16 09:47:12,2025-07-16 10:21:18,34.1,,공통
b140_base_r1,Proposed,45,BLK_45P,18,TurnOver,3,2025-07-16 10:21:18,2025-07-16 10:33:18,12.0,,공통
b140_base_r1,Proposed,45,BLK_45P,18,후면SAW,4,2025-07-16 11:52:59,2025-07-16 12:16:44,23.8,,공통
b140_base_r1,Proposed,45,BLK_45P,18,NC,5,2025-07-16 12:28:33,2025-07-16 13:06:13,37.7,,공통
b140_base_r1,Proposed,45,BLK_45P,18,베이36B 론지취부,6,2025-07-16 13:06:13,2025-07-16 14:22:43,76.5,36B,베이36B
b140_base_r1,Proposed,45,BLK_45P,18,베이36B 론지용접,7,2025-07-16 14:22:43,2025-07-16 14:47:07,24.4,36B,베이36B
b140_base_r1,Proposed,45,BLK_45P,18,베이36B 수정,8,2025-07-16 14:47:07,2025-07-16 15:33:55,46.8,36B,베이36B
b140_base_r1,Proposed,97,BLK_97P,19,판계,1,2025-07-15 16:27:00,2025-07-15 16:47:00,20.0,,공통
b140_base_r1,Proposed,97,BLK_97P,19,전면SAW,2,2025-07-16 10:21:18,2025-07-16 10:59:58,38.7,,공통
b140_base_r1,Proposed,97,BLK_97P,19,TurnOver,3,2025-07-16 10:59:58,2025-07-16 11:11:58,12.0,,공통
b140_base_r1,Proposed,97,BLK_97P,19,후면SAW,4,2025-07-16 12:16:44,2025-07-16 12:46:30,29.8,,공통
b140_base_r1,Proposed,97,BLK_97P,19,NC,5,2025-07-16 13:06:13,2025-07-16 13:36:00,29.8,,공통
b140_base_r1,Proposed,97,BLK_97P,19,베이35A 론지취부,6,2025-07-16 13:36:00,2025-07-16 14:07:00,31.0,35A,베이35A
b140_base_r1,Proposed,97,BLK_97P,19,베이35A 론지용접,7,2025-07-16 14:07:00,2025-07-16 14:23:36,16.6,35A,베이35A
b140_base_r1,Proposed,97,BLK_97P,19,베이35A 수정,8,2025-07-16 14:31:03,2025-07-16 14:49:15,18.2,35A,베이35A
b140_base_r1,Proposed,88,BLK_88P,20,판계,1,2025-07-15 16:47:00,2025-07-15 16:59:00,12.0,,공통
b140_base_r1,Proposed,88,BLK_88P,20,전면SAW,2,2025-07-16 10:59:58,2025-07-16 11:38:13,38.2,,공통
b140_base_r1,Proposed,88,BLK_88P,20,TurnOver,3,2025-07-16 11:38:13,2025-07-16 11:50:13,12.0,,공통
b140_base_r1,Proposed,88,BLK_88P,20,후면SAW,4,2025-07-16 12:46:30,2025-07-16 13:15:42,29.2,,공통
b140_base_r1,Proposed,88,BLK_88P,20,NC,5,2025-07-16 13:36:00,2025-07-16 13:56:26,20.4,,공통
b140_base_r1,Proposed,88,BLK_88P,20,베이36B 론지취부,6,2025-07-16 14:22:43,2025-07-16 14:50:13,27.5,36B,베이36B
b140_base_r1,Proposed,88,BLK_88P,20,베이36B 론지용접,7,2025-07-16 14:50:13,2025-07-16 15:02:13,12.0,36B,베이36B
b140_base_r1,Proposed,88,BLK_88P,20,베이36B 수정,8,2025-07-16 15:33:55,2025-07-16 15:49:55,16.0,36B,베이36B
b140_base_r1,Proposed,127,BLK_127S,1,판계,1,2025-07-16 08:00:00,2025-07-16 08:30:00,30.0,,공통
b140_base_r1,Proposed,127,BLK_127S,1,전면SAW,2,2025-07-16 08:30:00,2025-07-16 09:17:38,47.6,,공통
b140_base_r1,Proposed,127,BLK_127S,1,TurnOver,3,2025-07-16 09:17:38,2025-07-16 09:29:38,12.0,,공통
b140_base_r1,Proposed,127,BLK_127S,1,후면SAW,4,2025-07-16 09:29:38,2025-07-16 10:11:12,41.6,,공통
b140_base_r1,Proposed,127,BLK_127S,1,NC,5,2025-07-16 10:11:12,2025-07-16 11:01:02,49.8,,공통
b140_base_r1,Proposed,127,BLK_127S,1,베이35A 론지취부,6,2025-07-16 11:01:02,2025-07-16 12:52:32,111.5,35A,베이35A
b140_base_r1,Proposed,127,BLK_127S,1,베이35A 론지용접,7,2025-07-16 12:52:32,2025-07-16 13:22:56,30.4,35A,베이35A
b140_base_r1,Proposed,127,BLK_127S,1,베이35A 수정,8,2025-07-16 13:22:56,2025-07-16 14:31:44,68.8,35A,베이35A
b140_base_r1,Proposed,107,BLK_107P,2,판계,1,2025-07-16 08:30:00,2025-07-16 09:00:00,30.0,,공통
b140_base_r1,Proposed,107,BLK_107P,2,전면SAW,2,2025-07-16 09:17:38,2025-07-16 09:58:38,41.0,,공통
b140_base_r1,Proposed,107,BLK_107P,2,TurnOver,3,2025-07-16 09:58:38,2025-07-16 10:10:38,12.0,,공통
b140_base_r1,Proposed,107,BLK_107P,2,후면SAW,4,2025-07-16 10:11:12,2025-07-16 10:44:02,32.8,,공통
b140_base_r1,Proposed,107,BLK_107P,2,NC,5,2025-07-16 11:01:02,2025-07-16 11:47:33,46.5,,공통
b140_base_r1,Proposed,107,BLK_107P,2,베이36B 론지취부,6,2025-07-16 11:47:33,2025-07-16 12:46:33,59.0,36B,베이36B
b140_base_r1,Proposed,107,BLK_107P,2,베이36B 론지용접,7,2025-07-16 12:46:33,2025-07-16 13:07:57,21.4,36B,베이36B
b140_base_r1,Proposed,107,BLK_107P,2,베이36B 수정,8,2025-07-16 13:07:57,2025-07-16 13:43:45,35.8,36B,베이36B
b140_base_r1,Proposed,137,BLK_137C,3,판계,1,2025-07-16 09:00:00,2025-07-16 09:30:00,30.0,,공통
b140_base_r1,Proposed,137,BLK_137C,3,전면SAW,2,2025-07-16 09:58:38,2025-07-16 10:30:50,32.2,,공통
b140_base_r1,Proposed,137,BLK_137C,3,TurnOver,3,2025-07-16 10:30:50,2025-07-16 10:42:50,12.0,,공통
b140_base_r1,Proposed,137,BLK_137C,3,후면SAW,4,2025-07-16 10:44:02,2025-07-16 11:05:17,21.2,,공통
b140_base_r1,Proposed,137,BLK_137C,3,NC,5,2025-07-16 11:47:33,2025-07-16 12:29:44,42.2,,공통
b140_base_r1,Proposed,137,BLK_137C,3,베이35A 론지취부,6,2025-07-16 12:52:32,2025-07-16 13:48:02,55.5,35A,베이35A
b140_base_r1,Proposed,137,BLK_137C,3,베이35A 론지용접,7,2025-07-16 13:48:02,2025-07-16 14:08:50,20.8,35A,베이35A
b140_base_r1,Proposed,137,BLK_137C,3,베이35A 수정,8,2025-07-16 14:31:44,2025-07-16 15:05:20,33.6,35A,베이35A
b140_base_r1,Proposed,53,BLK_53C,4,판계,1,2025-07-16 09:30:00,2025-07-16 10:00:00,30.0,,공통
b140_base_r1,Proposed,53,BLK_53C,4,전면SAW,2,2025-07-16 10:30:50,2025-07-16 12:07:38,96.8,,공통
b140_base_r1,Proposed,53,BLK_53C,4,TurnOver,3,2025-07-16 12:07:38,2025-07-16 12:19:38,12.0,,공통
b140_base_r1,Proposed,53,BLK_53C,4,후면SAW,4,2025-07-16 12:19:38,2025-07-16 13:35:39,76.0,,공통
b140_base_r1,Proposed,53,BLK_53C,4,NC,5,2025-07-16 13:35:39,2025-07-16 14:26:42,51.0,,공통
b140_base_r1,Proposed,53,BLK_53C,4,베이36B 론지취부,6,2025-07-16 14:26:42,2025-07-16 15:22:12,55.5,36B,베이36B
b140_base_r1,Proposed,53,BLK_53C,4,베이36B 론지용접,7,2025-07-16 15:22:12,2025-07-16 15:43:00,20.8,36B,베이36B
b140_base_r1,Proposed,53,BLK_53C,4,베이36B 수정,8,2025-07-16 15:43:00,2025-07-16 16:16:36,33.6,36B,베이36B
b140_base_r1,Proposed,63,BLK_63C,5,판계,1,2025-07-16 10:00:00,2025-07-16 10:40:00,40.0,,공통
b140_base_r1,Proposed,63,BLK_63C,5,전면SAW,2,2025-07-16 12:07:38,2025-07-16 14:04:16,116.6,,공통
b140_base_r1,Proposed,63,BLK_63C,5,TurnOver,3,2025-07-16 14:04:16,2025-07-16 14:16:16,12.0,,공통
b140_base_r1,Proposed,63,BLK_63C,5,후면SAW,4,2025-07-16 14:16:16,2025-07-16 15:39:42,83.4,,공통
b140_base_r1,Proposed,63,BLK_63C,5,NC,5,2025-07-16 15:39:42,2025-07-16 16:23:07,43.4,,공통
b140_base_r1,Proposed,63,BLK_63C,5,베이35A 론지취부,6,2025-07-16 16:23:07,2025-07-16 17:32:37,69.5,35A,베이35A
b140_base_r1,Proposed,63,BLK_63C,5,베이35A 론지용접,7,2025-07-16 17:32:37,2025-07-16 17:55:49,23.2,35A,베이35A
b140_base_r1,Proposed,63,BLK_63C,5,베이35A 수정,8,2025-07-16 17:55:49,2025-07-16 18:38:13,42.4,35A,베이35A
b140_base_r1,Proposed,99,BLK_99C,6,판계,1,2025-07-16 10:40:00,2025-07-16 11:15:00,35.0,,공통
b140_base_r1,Proposed,99,BLK_99C,6,전면SAW,2,2025-07-16 14:04:16,2025-07-16 16:40:22,156.1,,공통
b140_base_r1,Proposed,99,BLK_99C,6,TurnOver,3,2025-07-16 16:40:22,2025-07-16 16:52:22,12.0,,공통
b140_base_r1,Proposed,99,BLK_99C,6,후면SAW,4,2025-07-16 16:52:22,2025-07-16 18:44:48,112.4,,공통
b140_base_r1,Proposed,99,BLK_99C,6,NC,5,2025-07-16 18:44:48,2025-07-16 19:28:12,43.4,,공통
b140_base_r1,Proposed,99,BLK_99C,6,베이36B 론지취부,6,2025-07-16 19:28:12,2025-07-16 20:34:12,66.0,36B,베이36B
b140_base_r1,Proposed,99,BLK_99C,6,베이36B 론지용접,7,2025-07-16 20:34:12,2025-07-16 20:56:48,22.6,36B,베이36B
b140_base_r1,Proposed,99,BLK_99C,6,베이36B 수정,8,2025-07-16 20:56:48,2025-07-16 21:37:00,40.2,36B,베이36B
b140_base_r1,Proposed,59,BLK_59C,7,판계,1,2025-07-16 11:15:00,2025-07-16 11:53:00,38.0,,공통
b140_base_r1,Proposed,59,BLK_59C,7,전면SAW,2,2025-07-16 16:40:22,2025-07-16 18:36:06,115.7,,공통
b140_base_r1,Proposed,59,BLK_59C,7,TurnOver,3,2025-07-16 18:36:06,2025-07-16 18:48:06,12.0,,공통
b140_base_r1,Proposed,59,BLK_59C,7,후면SAW,4,2025-07-16 18:48:06,2025-07-16 20:21:22,93.3,,공통
b140_base_r1,Proposed,59,BLK_59C,7,NC,5,2025-07-16 20:21:22,2025-07-16 21:09:10,47.8,,공통
b140_base_r1,Proposed,59,BLK_59C,7,베이35A 론지취부,6,2025-07-16 21:09:10,2025-07-16 22:22:10,73.0,35A,베이35A
b140_base_r1,Proposed,59,BLK_59C,7,베이35A 론지용접,7,2025-07-16 22:22:10,2025-07-16 22:45:58,23.8,35A,베이35A
b140_base_r1,Proposed,59,BLK_59C,7,베이35A 수정,8,2025-07-16 22:45:58,2025-07-16 23:30:34,44.6,35A,베이35A
b140_base_r1,Proposed,72,BLK_72S,8,판계,1,2025-07-16 11:53:00,2025-07-16 12:33:00,40.0,,공통
b140_base_r1,Proposed,72,BLK_72S,8,전면SAW,2,2025-07-16 18:36:06,2025-07-16 21:36:11,180.1,,공통
b140_base_r1,Proposed,72,BLK_72S,8,TurnOver,3,2025-07-16 21:36:11,2025-07-16 21:48:11,12.0,,공통
b140_base_r1,Proposed,72,BLK_72S,8,후면SAW,4,2025-07-16 21:48:11,2025-07-17 00:26:48,158.6,,공통
b140_base_r1,Proposed,72,BLK_72S,8,NC,5,2025-07-17 00:26:48,2025-07-17 01:11:56,45.1,,공통
b140_base_r1,Proposed,72,BLK_72S,8,베이36B 론지취부,6,2025-07-17 01:11:56,2025-07-17 02:03:56,52.0,36B,베이36B
b140_base_r1,Proposed,72,BLK_72S,8,베이36B 론지용접,7,2025-07-17 02:03:56,2025-07-17 02:24:08,20.2,36B,베이36B
b140_base_r1,Proposed,72,BLK_72S,8,베이36B 수정,8,2025-07-17 02:24:08,2025-07-17 02:55:32,31.4,36B,베이36B
b140_base_r1,Proposed,62,BLK_62C,9,판계,1,2025-07-16 12:33:00,2025-07-16 13:11:00,38.0,,공통
b140_base_r1,Proposed,62,BLK_62C,9,전면SAW,2,2025-07-16 21:36:11,2025-07-16 23:20:00,103.8,,공통
b140_base_r1,Proposed,62,BLK_62C,9,TurnOver,3,2025-07-16 23:20:00,2025-07-16 23:32:00,12.0,,공통
b140_base_r1,Proposed,62,BLK_62C,9,후면SAW,4,2025-07-17 00:26:48,2025-07-17 01:49:13,82.4,,공통
b140_base_r1,Proposed,62,BLK_62C,9,NC,5,2025-07-17 01:49:13,2025-07-17 02:38:26,49.2,,공통
b140_base_r1,Proposed,62,BLK_62C,9,베이35A 론지취부,6,2025-07-17 02:38:26,2025-07-17 04:08:56,90.5,35A,베이35A
b140_base_r1,Proposed,62,BLK_62C,9,베이35A 론지용접,7,2025-07-17 04:08:56,2025-07-17 04:35:44,26.8,35A,베이35A
b140_base_r1,Proposed,62,BLK_62C,9,베이35A 수정,8,2025-07-17 04:35:44,2025-07-17 05:31:20,55.6,35A,베이35A
b140_base_r1,Proposed,73,BLK_73C,10,판계,1,2025-07-16 13:11:00,2025-07-16 13:49:00,38.0,,공통
b140_base_r1,Proposed,73,BLK_73C,10,전면SAW,2,2025-07-16 23:20:00,2025-07-17 01:21:33,121.5,,공통
b140_base_r1,Proposed,73,BLK_73C,10,TurnOver,3,2025-07-17 01:21:33,2025-07-17 01:33:33,12.0,,공통
b140_base_r1,Proposed,73,BLK_73C,10,후면SAW,4,2025-07-17 01:49:13,2025-07-17 03:52:56,123.7,,공통
b140_base_r1,Proposed,73,BLK_73C,10,NC,5,2025-07-17 03:52:56,2025-07-17 04:42:26,49.5,,공통
b140_base_r1,Proposed,73,BLK_73C,10,베이36B 론지취부,6,2025-07-17 04:42:26,2025-07-17 05:58:56,76.5,36B,베이36B
b140_base_r1,Proposed,73,BLK_73C,10,베이36B 론지용접,7,2025-07-17 05:58:56,2025-07-17 06:23:20,24.4,36B,베이36B
b140_base_r1,Proposed,73,BLK_73C,10,베이36B 수정,8,2025-07-17 06:23:20,2025-07-17 07:10:08,46.8,36B,베이36B
b140_base_r1,Proposed,92,BLK_92S,11,판계,1,2025-07-16 13:49:00,2025-07-16 14:34:00,45.0,,공통
b140_base_r1,Proposed,92,BLK_92S,11,전면SAW,2,2025-07-17 01:21:33,2025-07-17 01:59:49,38.3,,공통
b140_base_r1,Proposed,92,BLK_92S,11,TurnOver,3,2025-07-17 01:59:49,2025-07-17 02:11:49,12.0,,공통
b140_base_r1,Proposed,92,BLK_92S,11,후면SAW,4,2025-07-17 03:52:56,2025-07-17 04:22:10,29.2,,공통
b140_base_r1,Proposed,92,BLK_92S,11,NC,5,2025-07-17 04:42:26,2025-07-17 05:33:32,51.1,,공통
b140_base_r1,Proposed,92,BLK_92S,11,베이35A 론지취부,6,2025-07-17 05:33:32,2025-07-17 06:25:32,52.0,35A,베이35A
b140_base_r1,Proposed,92,BLK_92S,11,베이35A 론지용접,7,2025-07-17 06:25:32,2025-07-17 06:45:44,20.2,35A,베이35A
b140_base_r1,Proposed,92,BLK_92S,11,베이35A 수정,8,2025-07-17 06:45:44,2025-07-17 07:17:08,31.4,35A,베이35A
b140_base_r1,Proposed,83,BLK_83S,12,판계,1,2025-07-16 14:34:00,2025-07-16 15:01:00,27.0,,공통
b140_base_r1,Proposed,83,BLK_83S,12,전면SAW,2,2025-07-17 01:59:49,2025-07-17 04:42:52,163.1,,공통
b140_base_r1,Proposed,83,BLK_83S,12,TurnOver,3,2025-07-17 04:42:52,2025-07-17 04:54:52,12.0,,공통
b140_base_r1,Proposed,83,BLK_83S,12,후면SAW,4,2025-07-17 04:54:52,2025-07-17 06:55:27,120.6,,공통
b140_base_r1,Proposed,83,BLK_83S,12,NC,5,2025-07-17 06:55:27,2025-07-17 07:27:25,32.0,,공통
b140_base_r1,Proposed,83,BLK_83S,12,베이36B 론지취부,6,2025-07-17 07:27:25,2025-07-17 08:05:25,38.0,36B,베이36B
b140_base_r1,Proposed,83,BLK_83S,12,베이36B 론지용접,7,2025-07-17 08:05:25,2025-07-17 08:19:13,13.8,36B,베이36B
b140_base_r1,Proposed,83,BLK_83S,12,베이36B 수정,8,2025-07-17 08:19:13,2025-07-17 08:41:49,22.6,36B,베이36B
b140_base_r1,Proposed,93,BLK_93S,13,판계,1,2025-07-16 15:01:00,2025-07-16 15:31:00,30.0,,공통
b140_base_r1,Proposed,93,BLK_93S,13,전면SAW,2,2025-07-17 04:42:52,2025-07-17 05:13:09,30.3,,공통
b140_base_r1,Proposed,93,BLK_93S,13,TurnOver,3,2025-07-17 05:13:09,2025-07-17 05:25:09,12.0,,공통
b140_base_r1,Proposed,93,BLK_93S,13,후면SAW,4,2025-07-17 06:55:27,2025-07-17 07:14:10,18.7,,공통
b140_base_r1,Proposed,93,BLK_93S,13,NC,5,2025-07-17 07:27:25,2025-07-17 08:07:24,40.0,,공통
b140_base_r1,Proposed,93,BLK_93S,13,베이35A 론지취부,6,2025-07-17 08:07:24,2025-07-17 09:20:24,73.0,35A,베이35A
b140_base_r1,Proposed,93,BLK_93S,13,베이35A 론지용접,7,2025-07-17 09:20:24,2025-07-17 09:44:12,23.8,35A,베이35A
b140_base_r1,Proposed,93,BLK_93S,13,베이35A 수정,8,2025-07-17 09:44:12,2025-07-17 10:28:48,44.6,35A,베이35A
b140_base_r1,Proposed,78,BLK_78P,14,판계,1,2025-07-16 15:31:00,2025-07-16 16:01:00,30.0,,공통
b140_base_r1,Proposed,78,BLK_78P,14,전면SAW,2,2025-07-17 05:13:09,2025-07-17 07:10:51,117.7,,공통
b140_base_r1,Proposed,78,BLK_78P,14,TurnOver,3,2025-07-17 07:10:51,2025-07-17 07:22:51,12.0,,공통
b140_base_r1,Proposed,78,BLK_78P,14,후면SAW,4,2025-07-17 07:22:51,2025-07-17 08:57:56,95.1,,공통
b140_base_r1,Proposed,78,BLK_78P,14,NC,5,2025-07-17 08:57:56,2025-07-17 09:51:20,53.4,,공통
b140_base_r1,Proposed,78,BLK_78P,14,베이36B 론지취부,6,2025-07-17 09:51:20,2025-07-17 10:57:20,66.0,36B,베이36B
b140_base_r1,Proposed,78,BLK_78P,14,베이36B 론지용접,7,2025-07-17 10:57:20,2025-07-17 11:19:56,22.6,36B,베이36B
b140_base_r1,Proposed,78,BLK_78P,14,베이36B 수정,8,2025-07-17 11:19:56,2025-07-17 12:00:08,40.2,36B,베이36B
b140_base_r1,Proposed,69,BLK_69S,15,판계,1,2025-07-16 16:01:00,2025-07-16 16:31:00,30.0,,공통
b140_base_r1,Proposed,69,BLK_69S,15,전면SAW,2,2025-07-17 07:10:51,2025-07-17 07:44:52,34.0,,공통
b140_base_r1,Proposed,69,BLK_69S,15,TurnOver,3,2025-07-17 07:44:52,2025-07-17 07:56:52,12.0,,공통
b140_base_r1,Proposed,69,BLK_69S,15,후면SAW,4,2025-07-17 08:57:56,2025-07-17 09:21:33,23.6,,공통
b140_base_r1,Proposed,69,BLK_69S,15,NC,5,2025-07-17 09:51:20,2025-07-17 10:33:20,42.0,,공통
b140_base_r1,Proposed,69,BLK_69S,15,베이35A 론지취부,6,2025-07-17 10:33:20,2025-07-17 11:39:20,66.0,35A,베이35A
b140_base_r1,Proposed,69,BLK_69S,15,베이35A 론지용접,7,2025-07-17 11:39:20,2025-07-17 12:01:56,22.6,35A,베이35A
b140_base_r1,Proposed,69,BLK_69S,15,베이35A 수정,8,2025-07-17 12:01:56,2025-07-17 12:42:08,40.2,35A,베이35A
b140_base_r1,Proposed,108,BLK_108S,1,판계,1,2025-07-17 08:00:00,2025-07-17 08:45:00,45.0,,공통
b140_base_r1,Proposed,108,BLK_108S,1,전면SAW,2,2025-07-17 08:45:00,2025-07-17 10:37:20,112.3,,공통
b140_base_r1,Proposed,108,BLK_108S,1,TurnOver,3,2025-07-17 10:37:20,2025-07-17 10:49:20,12.0,,공통
b140_base_r1,Proposed,108,BLK_108S,1,후면SAW,4,2025-07-17 10:49:20,2025-07-17 12:09:19,80.0,,공통
b140_base_r1,Proposed,108,BLK_108S,1,NC,5,2025-07-17 12:09:19,2025-07-17 12:59:22,50.1,,공통
b140_base_r1,Proposed,108,BLK_108S,1,베이36B 론지취부,6,2025-07-17 12:59:22,2025-07-17 13:44:22,45.0,36B,베이36B
b140_base_r1,Proposed,108,BLK_108S,1,베이36B 론지용접,7,2025-07-17 13:44:22,2025-07-17 14:03:22,19.0,36B,베이36B
b140_base_r1,Proposed,108,BLK_108S,1,베이36B 수정,8,2025-07-17 14:03:22,2025-07-17 14:30:22,27.0,36B,베이36B
b140_base_r1,Proposed,68,BLK_68P,2,판계,1,2025-07-17 08:45:00,2025-07-17 09:15:00,30.0,,공통
b140_base_r1,Proposed,68,BLK_68P,2,전면SAW,2,2025-07-17 10:37:20,2025-07-17 11:06:32,29.2,,공통
b140_base_r1,Proposed,68,BLK_68P,2,TurnOver,3,2025-07-17 11:06:32,2025-07-17 11:18:32,12.0,,공통
b140_base_r1,Proposed,68,BLK_68P,2,후면SAW,4,2025-07-17 12:09:19,2025-07-17 12:26:37,17.3,,공통
b140_base_r1,Proposed,68,BLK_68P,2,NC,5,2025-07-17 12:59:22,2025-07-17 13:43:40,44.3,,공통
b140_base_r1,Proposed,68,BLK_68P,2,베이35A 론지취부,6,2025-07-17 13:43:40,2025-07-17 14:53:10,69.5,35A,베이35A
b140_base_r1,Proposed,68,BLK_68P,2,베이35A 론지용접,7,2025-07-17 14:53:10,2025-07-17 15:16:22,23.2,35A,베이35A
b140_base_r1,Proposed,68,BLK_68P,2,베이35A 수정,8,2025-07-17 15:16:22,2025-07-17 15:58:46,42.4,35A,베이35A
b140_base_r1,Proposed,79,BLK_79P,3,판계,1,2025-07-17 09:15:00,2025-07-17 09:53:00,38.0,,공통
b140_base_r1,Proposed,79,BLK_79P,3,전면SAW,2,2025-07-17 11:06:32,2025-07-17 12:35:43,89.2,,공통
b140_base_r1,Proposed,79,BLK_79P,3,TurnOver,3,2025-07-17 12:35:43,2025-07-17 12:47:43,12.0,,공통
b140_base_r1,Proposed,79,BLK_79P,3,후면SAW,4,2025-07-17 12:47:43,2025-07-17 13:56:47,69.1,,공통
b140_base_r1,Proposed,79,BLK_79P,3,NC,5,2025-07-17 13:56:47,2025-07-17 14:40:27,43.7,,공통
b140_base_r1,Proposed,79,BLK_79P,3,베이36B 론지취부,6,2025-07-17 14:40:27,2025-07-17 15:42:57,62.5,36B,베이36B
b140_base_r1,Proposed,79,BLK_79P,3,베이36B 론지용접,7,2025-07-17 15:42:57,2025-07-17 16:04:57,22.0,36B,베이36B
b140_base_r1,Proposed,79,BLK_79P,3,베이36B 수정,8,2025-07-17 16:04:57,2025-07-17 16:42:57,38.0,36B,베이36B
b140_base_r1,Proposed,58,BLK_58C,4,판계,1,2025-07-17 09:53:00,2025-07-17 10:18:00,25.0,,공통
b140_base_r1,Proposed,58,BLK_58C,4,전면SAW,2,2025-07-17 12:35:43,2025-07-17 13:07:42,32.0,,공통
b140_base_r1,Proposed,58,BLK_58C,4,TurnOver,3,2025-07-17 13:07:42,2025-07-17 13:19:42,12.0,,공통
b140_base_r1,Proposed,58,BLK_58C,4,후면SAW,4,2025-07-17 13:56:47,2025-07-17 14:17:45,21.0,,공통
b140_base_r1,Proposed,58,BLK_58C,4,NC,5,2025-07-17 14:40:27,2025-07-17 15:15:09,34.7,,공통
b140_base_r1,Proposed,58,BLK_58C,4,베이35A 론지취부,6,2025-07-17 15:15:09,2025-07-17 16:07:09,52.0,35A,베이35A
b140_base_r1,Proposed,58,BLK_58C,4,베이35A 론지용접,7,2025-07-17 16:07:09,2025-07-17 16:27:21,20.2,35A,베이35A
b140_base_r1,Proposed,58,BLK_58C,4,베이35A 수정,8,2025-07-17 16:27:21,2025-07-17 16:58:45,31.4,35A,베이35A
b140_base_r1,Proposed,89,BLK_89C,5,판계,1,2025-07-17 10:18:00,2025-07-17 10:30:00,12.0,,공통
b140_base_r1,Proposed,89,BLK_89C,5,전면SAW,2,2025-07-17 13:07:42,2025-07-17 13:48:08,40.4,,공통
b140_base_r1,Proposed,89,BLK_89C,5,TurnOver,3,2025-07-17 13:48:08,2025-07-17 14:00:08,12.0,,공통
b140_base_r1,Proposed,89,BLK_89C,5,후면SAW,4,2025-07-17 14:17:45,2025-07-17 14:49:49,32.1,,공통
b140_base_r1,Proposed,89,BLK_89C,5,NC,5,2025-07-17 15:15:09,2025-07-17 15:36:23,21.2,,공통
b140_base_r1,Proposed,89,BLK_89C,5,베이36B 론지취부,6,2025-07-17 15:42:57,2025-07-17 16:03:27,20.5,36B,베이36B
b140_base_r1,Proposed,89,BLK_89C,5,베이36B 론지용접,7,2025-07-17 16:04:57,2025-07-17 16:15:45,10.8,36B,베이36B
b140_base_r1,Proposed,89,BLK_89C,5,베이36B 수정,8,2025-07-17 16:42:57,2025-07-17 16:54:33,11.6,36B,베이36B
b140_base_r1,Proposed,42,BLK_42C,6,판계,1,2025-07-17 10:30:00,2025-07-17 11:15:00,45.0,,공통
b140_base_r1,Proposed,42,BLK_42C,6,전면SAW,2,2025-07-17 13:48:08,2025-07-17 16:22:42,154.6,,공통
b140_base_r1,Proposed,42,BLK_42C,6,TurnOver,3,2025-07-17 16:22:42,2025-07-17 16:34:42,12.0,,공통
b140_base_r1,Proposed,42,BLK_42C,6,후면SAW,4,2025-07-17 16:34:42,2025-07-17 18:28:28,113.8,,공통
b140_base_r1,Proposed,42,BLK_42C,6,NC,5,2025-07-17 18:28:28,2025-07-17 19:18:59,50.5,,공통
b140_base_r1,Proposed,42,BLK_42C,6,베이35A 론지취부,6,2025-07-17 19:18:59,2025-07-17 20:31:59,73.0,35A,베이35A
b140_base_r1,Proposed,42,BLK_42C,6,베이35A 론지용접,7,2025-07-17 20:31:59,2025-07-17 20:55:47,23.8,35A,베이35A
b140_base_r1,Proposed,42,BLK_42C,6,베이35A 수정,8,2025-07-17 20:55:47,2025-07-17 21:40:23,44.6,35A,베이35A
b140_base_r1,Proposed,2,BLK_2C,7,판계,1,2025-07-17 11:15:00,2025-07-17 11:45:00,30.0,,공통
b140_base_r1,Proposed,2,BLK_2C,7,전면SAW,2,2025-07-17 16:22:42,2025-07-17 19:32:42,190.0,,공통
b140_base_r1,Proposed,2,BLK_2C,7,TurnOver,3,2025-07-17 19:32:42,2025-07-17 19:44:42,12.0,,공통
b140_base_r1,Proposed,2,BLK_2C,7,후면SAW,4,2025-07-17 19:44:42,2025-07-17 22:07:57,143.2,,공통
b140_base_r1,Proposed,2,BLK_2C,7,NC,5,2025-07-17 22:07:57,2025-07-17 23:07:36,59.7,,공통
b140_base_r1,Proposed,2,BLK_2C,7,베이36B 론지취부,6,2025-07-17 23:07:36,2025-07-18 00:24:06,76.5,36B,베이36B
b140_base_r1,Proposed,2,BLK_2C,7,베이36B 론지용접,7,2025-07-18 00:24:06,2025-07-18 00:48:30,24.4,36B,베이36B
b140_base_r1,Proposed,2,BLK_2C,7,베이36B 수정,8,2025-07-18 00:48:30,2025-07-18 01:35:18,46.8,36B,베이36B
b140_base_r1,Proposed,101,BLK_101S,8,판계,1,2025-07-17 11:45:00,2025-07-17 12:13:00,28.0,,공통
b140_base_r1,Proposed,101,BLK_101S,8,전면SAW,2,2025-07-17 19:32:42,2025-07-17 21:17:27,104.8,,공통
b140_base_r1,Proposed,101,BLK_101S,8,TurnOver,3,2025-07-17 21:17:27,2025-07-17 21:29:27,12.0,,공통
b140_base_r1,Proposed,101,BLK_101S,8,후면SAW,4,2025-07-17 22:07:57,2025-07-17 23:31:12,83.3,,공통
b140_base_r1,Proposed,101,BLK_101S,8,NC,5,2025-07-17 23:31:12,2025-07-18 00:04:35,33.4,,공통
b140_base_r1,Proposed,101,BLK_101S,8,베이35A 론지취부,6,2025-07-18 00:04:35,2025-07-18 01:03:35,59.0,35A,베이35A
b140_base_r1,Proposed,101,BLK_101S,8,베이35A 론지용접,7,2025-07-18 01:03:35,2025-07-18 01:24:59,21.4,35A,베이35A
b140_base_r1,Proposed,101,BLK_101S,8,베이35A 수정,8,2025-07-18 01:24:59,2025-07-18 02:00:47,35.8,35A,베이35A
b140_base_r1,Proposed,123,BLK_123P,9,판계,1,2025-07-17 12:13:00,2025-07-17 12:43:00,30.0,,공통
b140_base_r1,Proposed,123,BLK_123P,9,전면SAW,2,2025-07-17 21:17:27,2025-07-17 22:05:25,48.0,,공통
b140_base_r1,Proposed,123,BLK_123P,9,TurnOver,3,2025-07-17 22:05:25,2025-07-17 22:17:25,12.0,,공통
b140_base_r1,Proposed,123,BLK_123P,9,후면SAW,4,2025-07-17 23:31:12,2025-07-18 00:13:13,42.0,,공통
b140_base_r1,Proposed,123,BLK_123P,9,NC,5,2025-07-18 00:13:13,2025-07-18 00:56:28,43.2,,공통
b140_base_r1,Proposed,123,BLK_123P,9,베이36B 론지취부,6,2025-07-18 00:56:28,2025-07-18 02:23:28,87.0,36B,베이36B
b140_base_r1,Proposed,123,BLK_123P,9,베이36B 론지용접,7,2025-07-18 02:23:28,2025-07-18 02:49:40,26.2,36B,베이36B
b140_base_r1,Proposed,123,BLK_123P,9,베이36B 수정,8,2025-07-18 02:49:40,2025-07-18 03:43:04,53.4,36B,베이36B
b140_base_r1,Proposed,111,BLK_111C,10,판계,1,2025-07-17 12:43:00,2025-07-17 13:11:00,28.0,,공통
b140_base_r1,Proposed,111,BLK_111C,10,전면SAW,2,2025-07-17 22:05:25,2025-07-17 23:51:08,105.7,,공통
b140_base_r1,Proposed,111,BLK_111C,10,TurnOver,3,2025-07-17 23:51:08,2025-07-18 00:03:08,12.0,,공통
b140_base_r1,Proposed,111,BLK_111C,10,후면SAW,4,2025-07-18 00:13:13,2025-07-18 01:37:22,84.1,,공통
b140_base_r1,Proposed,111,BLK_111C,10,NC,5,2025-07-18 01:37:22,2025-07-18 02:11:20,34.0,,공통
b140_base_r1,Proposed,111,BLK_111C,10,베이35A 론지취부,6,2025-07-18 02:11:20,2025-07-18 02:59:50,48.5,35A,베이35A
b140_base_r1,Proposed,111,BLK_111C,10,베이35A 론지용접,7,2025-07-18 02:59:50,2025-07-18 03:19:26,19.6,35A,베이35A
b140_base_r1,Proposed,111,BLK_111C,10,베이35A 수정,8,2025-07-18 03:19:26,2025-07-18 03:48:38,29.2,35A,베이35A
b140_base_r1,Proposed,61,BLK_61C,11,판계,1,2025-07-17 13:11:00,2025-07-17 13:31:00,20.0,,공통
b140_base_r1,Proposed,61,BLK_61C,11,전면SAW,2,2025-07-17 23:51:08,2025-07-18 00:31:07,40.0,,공통
b140_base_r1,Proposed,61,BLK_61C,11,TurnOver,3,2025-07-18 00:31:07,2025-07-18 00:43:07,12.0,,공통
b140_base_r1,Proposed,61,BLK_61C,11,후면SAW,4,2025-07-18 01:37:22,2025-07-18 02:08:51,31.5,,공통
b140_base_r1,Proposed,61,BLK_61C,11,NC,5,2025-07-18 02:11:20,2025-07-18 02:43:36,32.3,,공통
b140_base_r1,Proposed,61,BLK_61C,11,베이36B 론지취부,6,2025-07-18 02:43:36,2025-07-18 04:00:06,76.5,36B,베이36B
b140_base_r1,Proposed,61,BLK_61C,11,베이36B 론지용접,7,2025-07-18 04:00:06,2025-07-18 04:24:30,24.4,36B,베이36B
b140_base_r1,Proposed,61,BLK_61C,11,베이36B 수정,8,2025-07-18 04:24:30,2025-07-18 05:11:18,46.8,36B,베이36B
b140_base_r1,Proposed,113,BLK_113S,12,판계,1,2025-07-17 13:31:00,2025-07-17 14:04:00,33.0,,공통
b140_base_r1,Proposed,113,BLK_113S,12,전면SAW,2,2025-07-18 00:31:07,2025-07-18 02:15:19,104.2,,공통
b140_base_r1,Proposed,113,BLK_113S,12,TurnOver,3,2025-07-18 02:15:19,2025-07-18 02:27:19,12.0,,공통
b140_base_r1,Proposed,113,BLK_113S,12,후면SAW,4,2025-07-18 02:27:19,2025-07-18 03:50:06,82.8,,공통
b140_base_r1,Proposed,113,BLK_113S,12,NC,5,2025-07-18 03:50:06,2025-07-18 04:28:30,38.4,,공통
b140_base_r1,Proposed,113,BLK_113S,12,베이35A 론지취부,6,2025-07-18 04:28:30,2025-07-18 05:27:30,59.0,35A,베이35A
b140_base_r1,Proposed,113,BLK_113S,12,베이35A 론지용접,7,2025-07-18 05:27:30,2025-07-18 05:48:54,21.4,35A,베이35A
b140_base_r1,Proposed,113,BLK_113S,12,베이35A 수정,8,2025-07-18 05:48:54,2025-07-18 06:24:42,35.8,35A,베이35A
b140_base_r1,Proposed,138,BLK_138C,13,판계,1,2025-07-17 14:04:00,2025-07-17 14:29:00,25.0,,공통
b140_base_r1,Proposed,138,BLK_138C,13,전면SAW,2,2025-07-18 02:15:19,2025-07-18 02:52:12,36.9,,공통
b140_base_r1,Proposed,138,BLK_138C,13,TurnOver,3,2025-07-18 02:52:12,2025-07-18 03:04:12,12.0,,공통
b140_base_r1,Proposed,138,BLK_138C,13,후면SAW,4,2025-07-18 03:50:06,2025-07-18 04:17:30,27.4,,공통
b140_base_r1,Proposed,138,BLK_138C,13,NC,5,2025-07-18 04:28:30,2025-07-18 05:07:16,38.8,,공통
b140_base_r1,Proposed,138,BLK_138C,13,베이36B 론지취부,6,2025-07-18 05:07:16,2025-07-18 06:16:46,69.5,36B,베이36B
b140_base_r1,Proposed,138,BLK_138C,13,베이36B 론지용접,7,2025-07-18 06:16:46,2025-07-18 06:39:58,23.2,36B,베이36B
b140_base_r1,Proposed,138,BLK_138C,13,베이36B 수정,8,2025-07-18 06:39:58,2025-07-18 07:22:22,42.4,36B,베이36B
b140_base_r1,Proposed,71,BLK_71P,14,판계,1,2025-07-17 14:29:00,2025-07-17 14:54:00,25.0,,공통
b140_base_r1,Proposed,71,BLK_71P,14,전면SAW,2,2025-07-18 02:52:12,2025-07-18 03:38:40,46.5,,공통
b140_base_r1,Proposed,71,BLK_71P,14,TurnOver,3,2025-07-18 03:38:40,2025-07-18 03:50:40,12.0,,공통
b140_base_r1,Proposed,71,BLK_71P,14,후면SAW,4,2025-07-18 04:17:30,2025-07-18 04:57:30,40.0,,공통
b140_base_r1,Proposed,71,BLK_71P,14,NC,5,2025-07-18 05:07:16,2025-07-18 05:44:33,37.3,,공통
b140_base_r1,Proposed,71,BLK_71P,14,베이35A 론지취부,6,2025-07-18 05:44:33,2025-07-18 06:57:33,73.0,35A,베이35A
b140_base_r1,Proposed,71,BLK_71P,14,베이35A 론지용접,7,2025-07-18 06:57:33,2025-07-18 07:21:21,23.8,35A,베이35A
b140_base_r1,Proposed,71,BLK_71P,14,베이35A 수정,8,2025-07-18 07:21:21,2025-07-18 08:05:57,44.6,35A,베이35A
b140_base_r1,Proposed,103,BLK_103P,15,판계,1,2025-07-17 14:54:00,2025-07-17 15:19:00,25.0,,공통
b140_base_r1,Proposed,103,BLK_103P,15,전면SAW,2,2025-07-18 03:38:40,2025-07-18 04:12:31,33.9,,공통
b140_base_r1,Proposed,103,BLK_103P,15,TurnOver,3,2025-07-18 04:12:31,2025-07-18 04:24:31,12.0,,공통
b140_base_r1,Proposed,103,BLK_103P,15,후면SAW,4,2025-07-18 04:57:30,2025-07-18 05:20:56,23.4,,공통
b140_base_r1,Proposed,103,BLK_103P,15,NC,5,2025-07-18 05:44:33,2025-07-18 06:19:58,35.4,,공통
b140_base_r1,Proposed,103,BLK_103P,15,베이36B 론지취부,6,2025-07-18 06:19:58,2025-07-18 07:29:28,69.5,36B,베이36B
b140_base_r1,Proposed,103,BLK_103P,15,베이36B 론지용접,7,2025-07-18 07:29:28,2025-07-18 07:52:40,23.2,36B,베이36B
b140_base_r1,Proposed,103,BLK_103P,15,베이36B 수정,8,2025-07-18 07:52:40,2025-07-18 08:35:04,42.4,36B,베이36B
b140_base_r1,Proposed,118,BLK_118C,16,판계,1,2025-07-17 15:19:00,2025-07-17 15:39:00,20.0,,공통
b140_base_r1,Proposed,118,BLK_118C,16,전면SAW,2,2025-07-18 04:12:31,2025-07-18 04:52:36,40.1,,공통
b140_base_r1,Proposed,118,BLK_118C,16,TurnOver,3,2025-07-18 04:52:36,2025-07-18 05:04:36,12.0,,공통
b140_base_r1,Proposed,118,BLK_118C,16,후면SAW,4,2025-07-18 05:20:56,2025-07-18 05:52:33,31.6,,공통
b140_base_r1,Proposed,118,BLK_118C,16,NC,5,2025-07-18 06:19:58,2025-07-18 06:49:58,30.0,,공통
b140_base_r1,Proposed,118,BLK_118C,16,베이35A 론지취부,6,2025-07-18 06:57:33,2025-07-18 07:46:03,48.5,35A,베이35A
b140_base_r1,Proposed,118,BLK_118C,16,베이35A 론지용접,7,2025-07-18 07:46:03,2025-07-18 08:05:39,19.6,35A,베이35A
b140_base_r1,Proposed,118,BLK_118C,16,베이35A 수정,8,2025-07-18 08:05:57,2025-07-18 08:35:09,29.2,35A,베이35A
b140_base_r1,Proposed,128,BLK_128S,17,판계,1,2025-07-17 15:39:00,2025-07-17 16:09:00,30.0,,공통
b140_base_r1,Proposed,128,BLK_128S,17,전면SAW,2,2025-07-18 04:52:36,2025-07-18 05:22:01,29.4,,공통
b140_base_r1,Proposed,128,BLK_128S,17,TurnOver,3,2025-07-18 05:22:01,2025-07-18 05:34:01,12.0,,공통
b140_base_r1,Proposed,128,BLK_128S,17,후면SAW,4,2025-07-18 05:52:33,2025-07-18 06:10:07,17.6,,공통
b140_base_r1,Proposed,128,BLK_128S,17,NC,5,2025-07-18 06:49:58,2025-07-18 07:29:34,39.6,,공통
b140_base_r1,Proposed,128,BLK_128S,17,베이36B 론지취부,6,2025-07-18 07:29:34,2025-07-18 08:32:04,62.5,36B,베이36B
b140_base_r1,Proposed,128,BLK_128S,17,베이36B 론지용접,7,2025-07-18 08:32:04,2025-07-18 08:54:04,22.0,36B,베이36B
b140_base_r1,Proposed,128,BLK_128S,17,베이36B 수정,8,2025-07-18 08:54:04,2025-07-18 09:32:04,38.0,36B,베이36B
b140_base_r1,Proposed,98,BLK_98C,18,판계,1,2025-07-17 16:09:00,2025-07-17 16:34:00,25.0,,공통
b140_base_r1,Proposed,98,BLK_98C,18,전면SAW,2,2025-07-18 05:22:01,2025-07-18 05:48:08,26.1,,공통
b140_base_r1,Proposed,98,BLK_98C,18,TurnOver,3,2025-07-18 05:48:08,2025-07-18 06:00:08,12.0,,공통
b140_base_r1,Proposed,98,BLK_98C,18,후면SAW,4,2025-07-18 06:10:07,2025-07-18 06:23:21,13.2,,공통
b140_base_r1,Proposed,98,BLK_98C,18,NC,5,2025-07-18 07:29:34,2025-07-18 07:59:11,29.6,,공통
b140_base_r1,Proposed,98,BLK_98C,18,베이35A 론지취부,6,2025-07-18 07:59:11,2025-07-18 08:30:11,31.0,35A,베이35A
b140_base_r1,Proposed,98,BLK_98C,18,베이35A 론지용접,7,2025-07-18 08:30:11,2025-07-18 08:46:47,16.6,35A,베이35A
b140_base_r1,Proposed,98,BLK_98C,18,베이35A 수정,8,2025-07-18 08:46:47,2025-07-18 09:04:59,18.2,35A,베이35A
b140_base_r1,Proposed,18,BLK_18P,19,판계,1,2025-07-17 16:34:00,2025-07-17 17:07:00,33.0,,공통
b140_base_r1,Proposed,18,BLK_18P,19,전면SAW,2,2025-07-18 05:48:08,2025-07-18 07:41:34,113.4,,공통
b140_base_r1,Proposed,18,BLK_18P,19,TurnOver,3,2025-07-18 07:41:34,2025-07-18 07:53:34,12.0,,공통
b140_base_r1,Proposed,18,BLK_18P,19,후면SAW,4,2025-07-18 07:53:34,2025-07-18 09:24:46,91.2,,공통
b140_base_r1,Proposed,18,BLK_18P,19,NC,5,2025-07-18 09:24:46,2025-07-18 10:09:39,44.9,,공통
b140_base_r1,Proposed,18,BLK_18P,19,베이36B 론지취부,6,2025-07-18 10:09:39,2025-07-18 11:29:39,80.0,36B,베이36B
b140_base_r1,Proposed,18,BLK_18P,19,베이36B 론지용접,7,2025-07-18 11:29:39,2025-07-18 11:54:39,25.0,36B,베이36B
b140_base_r1,Proposed,18,BLK_18P,19,베이36B 수정,8,2025-07-18 11:54:39,2025-07-18 12:43:39,49.0,36B,베이36B
b140_base_r1,Proposed,76,BLK_76P,20,판계,1,2025-07-17 17:07:00,2025-07-17 17:19:00,12.0,,공통
b140_base_r1,Proposed,76,BLK_76P,20,전면SAW,2,2025-07-18 07:41:34,2025-07-18 08:38:15,56.7,,공통
b140_base_r1,Proposed,76,BLK_76P,20,TurnOver,3,2025-07-18 08:38:15,2025-07-18 08:50:15,12.0,,공통
b140_base_r1,Proposed,76,BLK_76P,20,후면SAW,4,2025-07-18 09:24:46,2025-07-18 10:18:13,53.5,,공통
b140_base_r1,Proposed,76,BLK_76P,20,NC,5,2025-07-18 10:18:13,2025-07-18 10:39:10,20.9,,공통
b140_base_r1,Proposed,76,BLK_76P,20,베이35A 론지취부,6,2025-07-18 10:39:10,2025-07-18 11:38:10,59.0,35A,베이35A
b140_base_r1,Proposed,76,BLK_76P,20,베이35A 론지용접,7,2025-07-18 11:38:10,2025-07-18 11:59:34,21.4,35A,베이35A
b140_base_r1,Proposed,76,BLK_76P,20,베이35A 수정,8,2025-07-18 11:59:34,2025-07-18 12:35:22,35.8,35A,베이35A
b140_base_r1,Proposed,14,BLK_14C,1,판계,1,2025-07-18 08:00:00,2025-07-18 08:52:00,52.0,,공통
b140_base_r1,Proposed,14,BLK_14C,1,전면SAW,2,2025-07-18 08:52:00,2025-07-18 09:31:09,39.1,,공통
b140_base_r1,Proposed,14,BLK_14C,1,TurnOver,3,2025-07-18 09:31:09,2025-07-18 09:43:09,12.0,,공통
b140_base_r1,Proposed,14,BLK_14C,1,후면SAW,4,2025-07-18 09:43:09,2025-07-18 10:13:33,30.4,,공통
b140_base_r1,Proposed,14,BLK_14C,1,NC,5,2025-07-18 10:13:33,2025-07-18 11:18:12,64.7,,공통
b140_base_r1,Proposed,14,BLK_14C,1,베이36B 론지취부,6,2025-07-18 11:18:12,2025-07-18 13:30:42,132.5,36B,베이36B
b140_base_r1,Proposed,14,BLK_14C,1,베이36B 론지용접,7,2025-07-18 13:30:42,2025-07-18 14:04:42,34.0,36B,베이36B
b140_base_r1,Proposed,14,BLK_14C,1,베이36B 수정,8,2025-07-18 14:04:42,2025-07-18 15:26:42,82.0,36B,베이36B
b140_base_r1,Proposed,6,BLK_6P,2,판계,1,2025-07-18 08:52:00,2025-07-18 09:22:00,30.0,,공통
b140_base_r1,Proposed,6,BLK_6P,2,전면SAW,2,2025-07-18 09:31:09,2025-07-18 10:01:15,30.1,,공통
b140_base_r1,Proposed,6,BLK_6P,2,TurnOver,3,2025-07-18 10:01:15,2025-07-18 10:13:15,12.0,,공통
b140_base_r1,Proposed,6,BLK_6P,2,후면SAW,4,2025-07-18 10:13:33,2025-07-18 10:32:03,18.5,,공통
b140_base_r1,Proposed,6,BLK_6P,2,NC,5,2025-07-18 11:18:12,2025-07-18 12:07:27,49.2,,공통
b140_base_r1,Proposed,6,BLK_6P,2,베이36B 론지취부,6,2025-07-18 13:30:42,2025-07-18 14:54:12,83.5,36B,베이36B
b140_base_r1,Proposed,6,BLK_6P,2,베이36B 론지용접,7,2025-07-18 14:54:12,2025-07-18 15:19:48,25.6,36B,베이36B
b140_base_r1,Proposed,6,BLK_6P,2,베이36B 수정,8,2025-07-18 15:26:42,2025-07-18 16:17:54,51.2,36B,베이36B
b140_base_r1,Proposed,10,BLK_10C,3,판계,1,2025-07-18 09:22:00,2025-07-18 09:42:00,20.0,,공통
b140_base_r1,Proposed,10,BLK_10C,3,전면SAW,2,2025-07-18 10:01:15,2025-07-18 10:32:46,31.5,,공통
b140_base_r1,Proposed,10,BLK_10C,3,TurnOver,3,2025-07-18 10:32:46,2025-07-18 10:44:46,12.0,,공통
b140_base_r1,Proposed,10,BLK_10C,3,후면SAW,4,2025-07-18 10:44:46,2025-07-18 11:05:07,20.4,,공통
b140_base_r1,Proposed,10,BLK_10C,3,NC,5,2025-07-18 12:07:27,2025-07-18 12:35:53,28.4,,공통
b140_base_r1,Proposed,10,BLK_10C,3,베이35A 론지취부,6,2025-07-18 12:35:53,2025-07-18 13:20:53,45.0,35A,베이35A
b140_base_r1,Proposed,10,BLK_10C,3,베이35A 론지용접,7,2025-07-18 13:20:53,2025-07-18 13:39:53,19.0,35A,베이35A
b140_base_r1,Proposed,10,BLK_10C,3,베이35A 수정,8,2025-07-18 13:39:53,2025-07-18 14:06:53,27.0,35A,베이35A
b140_base_r1,Proposed,116,BLK_116S,4,판계,1,2025-07-18 09:42:00,2025-07-18 10:02:00,20.0,,공통
b140_base_r1,Proposed,116,BLK_116S,4,전면SAW,2,2025-07-18 10:32:46,2025-07-18 12:04:30,91.7,,공통
b140_base_r1,Proposed,116,BLK_116S,4,TurnOver,3,2025-07-18 12:04:30,2025-07-18 12:16:30,12.0,,공통
b140_base_r1,Proposed,116,BLK_116S,4,후면SAW,4,2025-07-18 12:16:30,2025-07-18 13:27:54,71.4,,공통
b140_base_r1,Proposed,116,BLK_116S,4,NC,5,2025-07-18 13:27:54,2025-07-18 13:52:59,25.1,,공통
b140_base_r1,Proposed,116,BLK_116S,4,베이36B 론지취부,6,2025-07-18 14:54:12,2025-07-18 15:28:42,34.5,36B,베이36B
b140_base_r1,Proposed,116,BLK_116S,4,베이36B 론지용접,7,2025-07-18 15:28:42,2025-07-18 15:41:54,13.2,36B,베이36B
b140_base_r1,Proposed,116,BLK_116S,4,베이36B 수정,8,2025-07-18 16:17:54,2025-07-18 16:38:18,20.4,36B,베이36B
b140_base_r1,Proposed,112,BLK_112S,5,판계,1,2025-07-18 10:02:00,2025-07-18 10:32:00,30.0,,공통
b140_base_r1,Proposed,112,BLK_112S,5,전면SAW,2,2025-07-18 12:04:30,2025-07-18 12:35:06,30.6,,공통
b140_base_r1,Proposed,112,BLK_112S,5,TurnOver,3,2025-07-18 12:35:06,2025-07-18 12:47:06,12.0,,공통
b140_base_r1,Proposed,112,BLK_112S,5,후면SAW,4,2025-07-18 13:27:54,2025-07-18 13:47:02,19.1,,공통
b140_base_r1,Proposed,112,BLK_112S,5,NC,5,2025-07-18 13:52:59,2025-07-18 14:34:56,42.0,,공통
b140_base_r1,Proposed,112,BLK_112S,5,베이35A 론지취부,6,2025-07-18 14:34:56,2025-07-18 16:15:56,101.0,35A,베이35A
b140_base_r1,Proposed,112,BLK_112S,5,베이35A 론지용접,7,2025-07-18 16:15:56,2025-07-18 16:44:32,28.6,35A,베이35A
b140_base_r1,Proposed,112,BLK_112S,5,베이35A 수정,8,2025-07-18 16:44:32,2025-07-18 17:46:44,62.2,35A,베이35A
b140_base_r1,Proposed,126,BLK_126C,6,판계,1,2025-07-18 10:32:00,2025-07-18 11:05:00,33.0,,공통
b140_base_r1,Proposed,126,BLK_126C,6,전면SAW,2,2025-07-18 12:35:06,2025-07-18 14:04:28,89.4,,공통
b140_base_r1,Proposed,126,BLK_126C,6,TurnOver,3,2025-07-18 14:04:28,2025-07-18 14:16:28,12.0,,공통
b140_base_r1,Proposed,126,BLK_126C,6,후면SAW,4,2025-07-18 14:16:28,2025-07-18 15:42:39,86.2,,공통
b140_base_r1,Proposed,126,BLK_126C,6,NC,5,2025-07-18 15:42:39,2025-07-18 16:20:39,38.0,,공통
b140_base_r1,Proposed,126,BLK_126C,6,베이36B 론지취부,6,2025-07-18 16:20:39,2025-07-18 16:55:09,34.5,36B,베이36B
b140_base_r1,Proposed,126,BLK_126C,6,베이36B 론지용접,7,2025-07-18 16:55:09,2025-07-18 17:12:21,17.2,36B,베이36B
b140_base_r1,Proposed,126,BLK_126C,6,베이36B 수정,8,2025-07-18 17:12:21,2025-07-18 17:32:45,20.4,36B,베이36B
b140_base_r1,Proposed,47,BLK_47P,7,판계,1,2025-07-18 11:05:00,2025-07-18 11:35:00,30.0,,공통
b140_base_r1,Proposed,47,BLK_47P,7,전면SAW,2,2025-07-18 14:04:28,2025-07-18 14:36:07,31.7,,공통
b140_base_r1,Proposed,47,BLK_47P,7,TurnOver,3,2025-07-18 14:36:07,2025-07-18 14:48:07,12.0,,공통
b140_base_r1,Proposed,47,BLK_47P,7,후면SAW,4,2025-07-18 15:42:39,2025-07-18 16:03:11,20.5,,공통
b140_base_r1,Proposed,47,BLK_47P,7,NC,5,2025-07-18 16:20:39,2025-07-18 17:04:36,44.0,,공통
b140_base_r1,Proposed,47,BLK_47P,7,베이35A 론지취부,6,2025-07-18 17:04:36,2025-07-18 18:14:06,69.5,35A,베이35A
b140_base_r1,Proposed,47,BLK_47P,7,베이35A 론지용접,7,2025-07-18 18:14:06,2025-07-18 18:37:18,23.2,35A,베이35A
b140_base_r1,Proposed,47,BLK_47P,7,베이35A 수정,8,2025-07-18 18:37:18,2025-07-18 19:19:42,42.4,35A,베이35A
b140_base_r1,Proposed,136,BLK_136C,8,판계,1,2025-07-18 11:35:00,2025-07-18 12:03:00,28.0,,공통
b140_base_r1,Proposed,136,BLK_136C,8,전면SAW,2,2025-07-18 14:36:07,2025-07-18 15:58:54,82.8,,공통
b140_base_r1,Proposed,136,BLK_136C,8,TurnOver,3,2025-07-18 15:58:54,2025-07-18 16:10:54,12.0,,공통
b140_base_r1,Proposed,136,BLK_136C,8,후면SAW,4,2025-07-18 16:10:54,2025-07-18 17:14:08,63.2,,공통
b140_base_r1,Proposed,136,BLK_136C,8,NC,5,2025-07-18 17:14:08,2025-07-18 17:44:30,30.4,,공통
b140_base_r1,Proposed,136,BLK_136C,8,베이36B 론지취부,6,2025-07-18 17:44:30,2025-07-18 18:29:30,45.0,36B,베이36B
b140_base_r1,Proposed,136,BLK_136C,8,베이36B 론지용접,7,2025-07-18 18:29:30,2025-07-18 18:44:30,15.0,36B,베이36B
b140_base_r1,Proposed,136,BLK_136C,8,베이36B 수정,8,2025-07-18 18:44:30,2025-07-18 19:11:30,27.0,36B,베이36B
b140_base_r1,Proposed,64,BLK_64C,9,판계,1,2025-07-18 12:03:00,2025-07-18 12:36:00,33.0,,공통
b140_base_r1,Proposed,64,BLK_64C,9,전면SAW,2,2025-07-18 15:58:54,2025-07-18 18:13:45,134.8,,공통
b140_base_r1,Proposed,64,BLK_64C,9,TurnOver,3,2025-07-18 18:13:45,2025-07-18 18:25:45,12.0,,공통
b140_base_r1,Proposed,64,BLK_64C,9,후면SAW,4,2025-07-18 18:25:45,2025-07-18 20:45:00,139.2,,공통
b140_base_r1,Proposed,64,BLK_64C,9,NC,5,2025-07-18 20:45:00,2025-07-18 21:27:57,43.0,,공통
b140_base_r1,Proposed,64,BLK_64C,9,베이35A 론지취부,6,2025-07-18 21:27:57,2025-07-18 22:37:27,69.5,35A,베이35A
b140_base_r1,Proposed,64,BLK_64C,9,베이35A 론지용접,7,2025-07-18 22:37:27,2025-07-18 23:00:39,23.2,35A,베이35A
b140_base_r1,Proposed,64,BLK_64C,9,베이35A 수정,8,2025-07-18 23:00:39,2025-07-18 23:43:03,42.4,35A,베이35A
b140_base_r1,Proposed,104,BLK_104P,10,판계,1,2025-07-18 12:36:00,2025-07-18 12:48:00,12.0,,공통
b140_base_r1,Proposed,104,BLK_104P,10,전면SAW,2,2025-07-18 18:13:45,2025-07-18 19:11:26,57.7,,공통
b140_base_r1,Proposed,104,BLK_104P,10,TurnOver,3,2025-07-18 19:11:26,2025-07-18 19:23:26,12.0,,공통
b140_base_r1,Proposed,104,BLK_104P,10,후면SAW,4,2025-07-18 20:45:00,2025-07-18 21:39:48,54.8,,공통
b140_base_r1,Proposed,104,BLK_104P,10,NC,5,2025-07-18 21:39:48,2025-07-18 22:01:57,22.2,,공통
b140_base_r1,Proposed,104,BLK_104P,10,베이36B 론지취부,6,2025-07-18 22:01:57,2025-07-18 22:43:27,41.5,36B,베이36B
b140_base_r1,Proposed,104,BLK_104P,10,베이36B 론지용접,7,2025-07-18 22:43:27,2025-07-18 22:57:51,14.4,36B,베이36B
b140_base_r1,Proposed,104,BLK_104P,10,베이36B 수정,8,2025-07-18 22:57:51,2025-07-18 23:22:39,24.8,36B,베이36B
b140_base_r1,Proposed,129,BLK_129P,11,판계,1,2025-07-18 12:48:00,2025-07-18 13:16:00,28.0,,공통
b140_base_r1,Proposed,129,BLK_129P,11,전면SAW,2,2025-07-18 19:11:26,2025-07-18 20:36:19,84.9,,공통
b140_base_r1,Proposed,129,BLK_129P,11,TurnOver,3,2025-07-18 20:36:19,2025-07-18 20:48:19,12.0,,공통
b140_base_r1,Proposed,129,BLK_129P,11,후면SAW,4,2025-07-18 21:39:48,2025-07-18 22:44:57,65.2,,공통
b140_base_r1,Proposed,129,BLK_129P,11,NC,5,2025-07-18 22:44:57,2025-07-18 23:16:42,31.8,,공통
b140_base_r1,Proposed,129,BLK_129P,11,베이35A 론지취부,6,2025-07-18 23:16:42,2025-07-19 00:01:42,45.0,35A,베이35A
b140_base_r1,Proposed,129,BLK_129P,11,베이35A 론지용접,7,2025-07-19 00:01:42,2025-07-19 00:20:42,19.0,35A,베이35A
b140_base_r1,Proposed,129,BLK_129P,11,베이35A 수정,8,2025-07-19 00:20:42,2025-07-19 00:47:42,27.0,35A,베이35A
b140_base_r1,Proposed,4,BLK_4C,12,판계,1,2025-07-18 13:16:00,2025-07-18 13:46:00,30.0,,공통
b140_base_r1,Proposed,4,BLK_4C,12,전면SAW,2,2025-07-18 20:36:19,2025-07-18 23:20:08,163.8,,공통
b140_base_r1,Proposed,4,BLK_4C,12,TurnOver,3,2025-07-18 23:20:08,2025-07-18 23:32:08,12.0,,공통
b140_base_r1,Proposed,4,BLK_4C,12,후면SAW,4,2025-07-18 23:32:08,2025-07-19 01:33:19,121.2,,공통
b140_base_r1,Proposed,4,BLK_4C,12,NC,5,2025-07-19 01:33:19,2025-07-19 02:31:16,58.0,,공통
b140_base_r1,Proposed,4,BLK_4C,12,베이36B 론지취부,6,2025-07-19 02:31:16,2025-07-19 03:37:16,66.0,36B,베이36B
b140_base_r1,Proposed,4,BLK_4C,12,베이36B 론지용접,7,2025-07-19 03:37:16,2025-07-19 03:59:52,22.6,36B,베이36B
b140_base_r1,Proposed,4,BLK_4C,12,베이36B 수정,8,2025-07-19 03:59:52,2025-07-19 04:40:04,40.2,36B,베이36B
b140_base_r1,Proposed,28,BLK_28S,13,판계,1,2025-07-18 13:46:00,2025-07-18 14:16:00,30.0,,공통
b140_base_r1,Proposed,28,BLK_28S,13,전면SAW,2,2025-07-18 23:20:08,2025-07-18 23:51:57,31.8,,공통
b140_base_r1,Proposed,28,BLK_28S,13,TurnOver,3,2025-07-18 23:51:57,2025-07-19 00:03:57,12.0,,공통
b140_base_r1,Proposed,28,BLK_28S,13,후면SAW,4,2025-07-19 01:33:19,2025-07-19 01:54:04,20.8,,공통
b140_base_r1,Proposed,28,BLK_28S,13,NC,5,2025-07-19 02:31:16,2025-07-19 03:22:21,51.1,,공통
b140_base_r1,Proposed,28,BLK_28S,13,베이36B 론지취부,6,2025-07-19 03:37:16,2025-07-19 05:07:46,90.5,36B,베이36B
b140_base_r1,Proposed,28,BLK_28S,13,베이36B 론지용접,7,2025-07-19 05:07:46,2025-07-19 05:34:34,26.8,36B,베이36B
b140_base_r1,Proposed,28,BLK_28S,13,베이36B 수정,8,2025-07-19 05:34:34,2025-07-19 06:30:10,55.6,36B,베이36B
b140_base_r1,Proposed,54,BLK_54P,14,판계,1,2025-07-18 14:16:00,2025-07-18 14:43:00,27.0,,공통
b140_base_r1,Proposed,54,BLK_54P,14,전면SAW,2,2025-07-18 23:51:57,2025-07-19 02:18:44,146.8,,공통
b140_base_r1,Proposed,54,BLK_54P,14,TurnOver,3,2025-07-19 02:18:44,2025-07-19 02:30:44,12.0,,공통
b140_base_r1,Proposed,54,BLK_54P,14,후면SAW,4,2025-07-19 02:30:44,2025-07-19 04:29:51,119.1,,공통
b140_base_r1,Proposed,54,BLK_54P,14,NC,5,2025-07-19 04:29:51,2025-07-19 05:07:30,37.6,,공통
b140_base_r1,Proposed,54,BLK_54P,14,베이35A 론지취부,6,2025-07-19 05:07:30,2025-07-19 05:35:00,27.5,35A,베이35A
b140_base_r1,Proposed,54,BLK_54P,14,베이35A 론지용접,7,2025-07-19 05:35:00,2025-07-19 05:51:00,16.0,35A,베이35A
b140_base_r1,Proposed,54,BLK_54P,14,베이35A 수정,8,2025-07-19 05:51:00,2025-07-19 06:07:00,16.0,35A,베이35A
b140_base_r1,Proposed,26,BLK_26S,15,판계,1,2025-07-18 14:43:00,2025-07-18 15:13:00,30.0,,공통
b140_base_r1,Proposed,26,BLK_26S,15,전면SAW,2,2025-07-19 02:18:44,2025-07-19 03:10:57,52.2,,공통
b140_base_r1,Proposed,26,BLK_26S,15,TurnOver,3,2025-07-19 03:10:57,2025-07-19 03:22:57,12.0,,공통
b140_base_r1,Proposed,26,BLK_26S,15,후면SAW,4,2025-07-19 04:29:51,2025-07-19 05:17:27,47.6,,공통
b140_base_r1,Proposed,26,BLK_26S,15,NC,5,2025-07-19 05:17:27,2025-07-19 06:02:13,44.8,,공통
b140_base_r1,Proposed,26,BLK_26S,15,베이36B 론지취부,6,2025-07-19 06:02:13,2025-07-19 07:53:43,111.5,36B,베이36B
b140_base_r1,Proposed,26,BLK_26S,15,베이36B 론지용접,7,2025-07-19 07:53:43,2025-07-19 08:24:07,30.4,36B,베이36B
b140_base_r1,Proposed,26,BLK_26S,15,베이36B 수정,8,2025-07-19 08:24:07,2025-07-19 09:32:55,68.8,36B,베이36B
b140_base_r1,Proposed,140,BLK_140C,16,판계,1,2025-07-18 15:13:00,2025-07-18 15:33:00,20.0,,공통
b140_base_r1,Proposed,140,BLK_140C,16,전면SAW,2,2025-07-19 03:10:57,2025-07-19 03:55:27,44.5,,공통
b140_base_r1,Proposed,140,BLK_140C,16,TurnOver,3,2025-07-19 03:55:27,2025-07-19 04:07:27,12.0,,공통
b140_base_r1,Proposed,140,BLK_140C,16,후면SAW,4,2025-07-19 05:17:27,2025-07-19 05:54:54,37.4,,공통
b140_base_r1,Proposed,140,BLK_140C,16,NC,5,2025-07-19 06:02:13,2025-07-19 06:30:07,27.9,,공통
b140_base_r1,Proposed,140,BLK_140C,16,베이35A 론지취부,6,2025-07-19 06:30:07,2025-07-19 06:57:37,27.5,35A,베이35A
b140_base_r1,Proposed,140,BLK_140C,16,베이35A 론지용접,7,2025-07-19 06:57:37,2025-07-19 07:13:37,16.0,35A,베이35A
b140_base_r1,Proposed,140,BLK_140C,16,베이35A 수정,8,2025-07-19 07:13:37,2025-07-19 07:29:37,16.0,35A,베이35A
b140_base_r1,Proposed,139,BLK_139P,17,판계,1,2025-07-18 15:33:00,2025-07-18 15:53:00,20.0,,공통
b140_base_r1,Proposed,139,BLK_139P,17,전면SAW,2,2025-07-19 03:55:27,2025-07-19 04:35:01,39.6,,공통
b140_base_r1,Proposed,139,BLK_139P,17,TurnOver,3,2025-07-19 04:35:01,2025-07-19 04:47:01,12.0,,공통
b140_base_r1,Proposed,139,BLK_139P,17,후면SAW,4,2025-07-19 05:54:54,2025-07-19 06:25:49,30.9,,공통
b140_base_r1,Proposed,139,BLK_139P,17,NC,5,2025-07-19 06:30:07,2025-07-19 07:00:24,30.3,,공통
b140_base_r1,Proposed,139,BLK_139P,17,베이36B 론지취부,6,2025-07-19 07:53:43,2025-07-19 08:59:43,66.0,36B,베이36B
b140_base_r1,Proposed,139,BLK_139P,17,베이36B 론지용접,7,2025-07-19 08:59:43,2025-07-19 09:22:19,22.6,36B,베이36B
b140_base_r1,Proposed,139,BLK_139P,17,베이36B 수정,8,2025-07-19 09:32:55,2025-07-19 10:13:07,40.2,36B,베이36B
b140_base_r1,Proposed,44,BLK_44S,18,판계,1,2025-07-18 15:53:00,2025-07-18 16:23:00,30.0,,공통
b140_base_r1,Proposed,44,BLK_44S,18,전면SAW,2,2025-07-19 04:35:01,2025-07-19 05:13:06,38.1,,공통
b140_base_r1,Proposed,44,BLK_44S,18,TurnOver,3,2025-07-19 05:13:06,2025-07-19 05:25:06,12.0,,공통
b140_base_r1,Proposed,44,BLK_44S,18,후면SAW,4,2025-07-19 06:25:49,2025-07-19 06:54:49,29.0,,공통
b140_base_r1,Proposed,44,BLK_44S,18,NC,5,2025-07-19 07:00:24,2025-07-19 07:42:38,42.2,,공통
b140_base_r1,Proposed,44,BLK_44S,18,베이36B 론지취부,6,2025-07-19 08:59:43,2025-07-19 10:05:43,66.0,36B,베이36B
b140_base_r1,Proposed,44,BLK_44S,18,베이36B 론지용접,7,2025-07-19 10:05:43,2025-07-19 10:28:19,22.6,36B,베이36B
b140_base_r1,Proposed,44,BLK_44S,18,베이36B 수정,8,2025-07-19 10:28:19,2025-07-19 11:08:31,40.2,36B,베이36B
b140_base_r1,Proposed,50,BLK_50P,19,판계,1,2025-07-18 16:23:00,2025-07-18 17:01:00,38.0,,공통
b140_base_r1,Proposed,50,BLK_50P,19,전면SAW,2,2025-07-19 05:13:06,2025-07-19 06:57:38,104.5,,공통
b140_base_r1,Proposed,50,BLK_50P,19,TurnOver,3,2025-07-19 06:57:38,2025-07-19 07:09:38,12.0,,공통
b140_base_r1,Proposed,50,BLK_50P,19,후면SAW,4,2025-07-19 07:09:38,2025-07-19 08:32:42,83.1,,공통
b140_base_r1,Proposed,50,BLK_50P,19,NC,5,2025-07-19 08:32:42,2025-07-19 09:17:33,44.9,,공통
b140_base_r1,Proposed,50,BLK_50P,19,베이35A 론지취부,6,2025-07-19 09:17:33,2025-07-19 09:55:33,38.0,35A,베이35A
b140_base_r1,Proposed,50,BLK_50P,19,베이35A 론지용접,7,2025-07-19 09:55:33,2025-07-19 10:13:21,17.8,35A,베이35A
b140_base_r1,Proposed,50,BLK_50P,19,베이35A 수정,8,2025-07-19 10:13:21,2025-07-19 10:35:57,22.6,35A,베이35A
b140_base_r1,Proposed,91,BLK_91C,20,판계,1,2025-07-18 17:01:00,2025-07-18 17:13:00,12.0,,공통
b140_base_r1,Proposed,91,BLK_91C,20,전면SAW,2,2025-07-19 06:57:38,2025-07-19 08:03:21,65.7,,공통
b140_base_r1,Proposed,91,BLK_91C,20,TurnOver,3,2025-07-19 08:03:21,2025-07-19 08:15:21,12.0,,공통
b140_base_r1,Proposed,91,BLK_91C,20,후면SAW,4,2025-07-19 08:32:42,2025-07-19 09:38:04,65.4,,공통
b140_base_r1,Proposed,91,BLK_91C,20,NC,5,2025-07-19 09:38:04,2025-07-19 09:59:00,20.9,,공통
b140_base_r1,Proposed,91,BLK_91C,20,베이36B 론지취부,6,2025-07-19 10:05:43,2025-07-19 10:40:13,34.5,36B,베이36B
b140_base_r1,Proposed,91,BLK_91C,20,베이36B 론지용접,7,2025-07-19 10:40:13,2025-07-19 10:53:25,13.2,36B,베이36B
b140_base_r1,Proposed,91,BLK_91C,20,베이36B 수정,8,2025-07-19 11:08:31,2025-07-19 11:28:55,20.4,36B,베이36B
b140_base_r1,Proposed,110,BLK_110P,1,판계,1,2025-07-19 08:00:00,2025-07-19 08:30:00,30.0,,공통
b140_base_r1,Proposed,110,BLK_110P,1,전면SAW,2,2025-07-19 08:30:00,2025-07-19 08:58:39,28.6,,공통
b140_base_r1,Proposed,110,BLK_110P,1,TurnOver,3,2025-07-19 08:58:39,2025-07-19 09:10:39,12.0,,공통
b140_base_r1,Proposed,110,BLK_110P,1,후면SAW,4,2025-07-19 09:10:39,2025-07-19 09:27:13,16.6,,공통
b140_base_r1,Proposed,110,BLK_110P,1,NC,5,2025-07-19 09:27:13,2025-07-19 10:13:25,46.2,,공통
b140_base_r1,Proposed,110,BLK_110P,1,베이35A 론지취부,6,2025-07-19 10:13:25,2025-07-19 11:08:55,55.5,35A,베이35A
b140_base_r1,Proposed,110,BLK_110P,1,베이35A 론지용접,7,2025-07-19 11:08:55,2025-07-19 11:29:43,20.8,35A,베이35A
b140_base_r1,Proposed,110,BLK_110P,1,베이35A 수정,8,2025-07-19 11:29:43,2025-07-19 12:03:19,33.6,35A,베이35A
b140_base_r1,Proposed,102,BLK_102P,2,판계,1,2025-07-19 08:30:00,2025-07-19 08:55:00,25.0,,공통
b140_base_r1,Proposed,102,BLK_102P,2,전면SAW,2,2025-07-19 08:58:39,2025-07-19 09:33:36,35.0,,공통
b140_base_r1,Proposed,102,BLK_102P,2,TurnOver,3,2025-07-19 09:33:36,2025-07-19 09:45:36,12.0,,공통
b140_base_r1,Proposed,102,BLK_102P,2,후면SAW,4,2025-07-19 09:45:36,2025-07-19 10:10:29,24.9,,공통
b140_base_r1,Proposed,102,BLK_102P,2,NC,5,2025-07-19 10:13:25,2025-07-19 10:50:17,36.9,,공통
b140_base_r1,Proposed,102,BLK_102P,2,베이36B 론지취부,6,2025-07-19 10:50:17,2025-07-19 11:59:47,69.5,36B,베이36B
b140_base_r1,Proposed,102,BLK_102P,2,베이36B 론지용접,7,2025-07-19 11:59:47,2025-07-19 12:22:59,23.2,36B,베이36B
b140_base_r1,Proposed,102,BLK_102P,2,베이36B 수정,8,2025-07-19 12:22:59,2025-07-19 13:05:23,42.4,36B,베이36B
b140_base_r1,Proposed,135,BLK_135S,3,판계,1,2025-07-19 08:55:00,2025-07-19 09:15:00,20.0,,공통
b140_base_r1,Proposed,135,BLK_135S,3,전면SAW,2,2025-07-19 09:33:36,2025-07-19 10:08:51,35.2,,공통
b140_base_r1,Proposed,135,BLK_135S,3,TurnOver,3,2025-07-19 10:08:51,2025-07-19 10:20:51,12.0,,공통
b140_base_r1,Proposed,135,BLK_135S,3,후면SAW,4,2025-07-19 10:20:51,2025-07-19 10:46:05,25.2,,공통
b140_base_r1,Proposed,135,BLK_135S,3,NC,5,2025-07-19 10:50:17,2025-07-19 11:16:36,26.3,,공통
b140_base_r1,Proposed,135,BLK_135S,3,베이35A 론지취부,6,2025-07-19 11:16:36,2025-07-19 12:08:36,52.0,35A,베이35A
b140_base_r1,Proposed,135,BLK_135S,3,베이35A 론지용접,7,2025-07-19 12:08:36,2025-07-19 12:28:48,20.2,35A,베이35A
b140_base_r1,Proposed,135,BLK_135S,3,베이35A 수정,8,2025-07-19 12:28:48,2025-07-19 13:00:12,31.4,35A,베이35A
b140_base_r1,Proposed,7,BLK_7S,4,판계,1,2025-07-19 09:15:00,2025-07-19 09:45:00,30.0,,공통
b140_base_r1,Proposed,7,BLK_7S,4,전면SAW,2,2025-07-19 10:08:51,2025-07-19 10:45:46,36.9,,공통
b140_base_r1,Proposed,7,BLK_7S,4,TurnOver,3,2025-07-19 10:45:46,2025-07-19 10:57:46,12.0,,공통
b140_base_r1,Proposed,7,BLK_7S,4,후면SAW,4,2025-07-19 10:57:46,2025-07-19 11:25:15,27.5,,공통
b140_base_r1,Proposed,7,BLK_7S,4,NC,5,2025-07-19 11:25:15,2025-07-19 12:03:28,38.2,,공통
b140_base_r1,Proposed,7,BLK_7S,4,베이36B 론지취부,6,2025-07-19 12:03:28,2025-07-19 13:02:28,59.0,36B,베이36B
b140_base_r1,Proposed,7,BLK_7S,4,베이36B 론지용접,7,2025-07-19 13:02:28,2025-07-19 13:23:52,21.4,36B,베이36B
b140_base_r1,Proposed,7,BLK_7S,4,베이36B 수정,8,2025-07-19 13:23:52,2025-07-19 13:59:40,35.8,36B,베이36B
b140_base_r1,Proposed,30,BLK_30S,5,판계,1,2025-07-19 09:45:00,2025-07-19 10:05:00,20.0,,공통
b140_base_r1,Proposed,30,BLK_30S,5,전면SAW,2,2025-07-19 10:45:46,2025-07-19 11:19:42,33.9,,공통
b140_base_r1,Proposed,30,BLK_30S,5,TurnOver,3,2025-07-19 11:19:42,2025-07-19 11:31:42,12.0,,공통
b140_base_r1,Proposed,30,BLK_30S,5,후면SAW,4,2025-07-19 11:31:42,2025-07-19 11:55:14,23.5,,공통
b140_base_r1,Proposed,30,BLK_30S,5,NC,5,2025-07-19 12:03:28,2025-07-19 12:31:19,27.9,,공통
b140_base_r1,Proposed,30,BLK_30S,5,베이35A 론지취부,6,2025-07-19 12:31:19,2025-07-19 13:44:19,73.0,35A,베이35A
b140_base_r1,Proposed,30,BLK_30S,5,베이35A 론지용접,7,2025-07-19 13:44:19,2025-07-19 14:08:07,23.8,35A,베이35A
b140_base_r1,Proposed,30,BLK_30S,5,베이35A 수정,8,2025-07-19 14:08:07,2025-07-19 14:52:43,44.6,35A,베이35A
b140_base_r1,Proposed,48,BLK_48P,6,판계,1,2025-07-19 10:05:00,2025-07-19 10:17:00,12.0,,공통
b140_base_r1,Proposed,48,BLK_48P,6,전면SAW,2,2025-07-19 11:19:42,2025-07-19 12:00:05,40.4,,공통
b140_base_r1,Proposed,48,BLK_48P,6,TurnOver,3,2025-07-19 12:00:05,2025-07-19 12:12:05,12.0,,공통
b140_base_r1,Proposed,48,BLK_48P,6,후면SAW,4,2025-07-19 12:12:05,2025-07-19 12:44:06,32.0,,공통
b140_base_r1,Proposed,48,BLK_48P,6,NC,5,2025-07-19 12:44:06,2025-07-19 13:05:15,21.2,,공통
b140_base_r1,Proposed,48,BLK_48P,6,베이36B 론지취부,6,2025-07-19 13:05:15,2025-07-19 13:39:45,34.5,36B,베이36B
b140_base_r1,Proposed,48,BLK_48P,6,베이36B 론지용접,7,2025-07-19 13:39:45,2025-07-19 13:52:57,13.2,36B,베이36B
b140_base_r1,Proposed,48,BLK_48P,6,베이36B 수정,8,2025-07-19 13:59:40,2025-07-19 14:20:04,20.4,36B,베이36B
b140_base_r1,Proposed,43,BLK_43C,7,판계,1,2025-07-19 10:17:00,2025-07-19 10:47:00,30.0,,공통
b140_base_r1,Proposed,43,BLK_43C,7,전면SAW,2,2025-07-19 12:00:05,2025-07-19 12:30:18,30.2,,공통
b140_base_r1,Proposed,43,BLK_43C,7,TurnOver,3,2025-07-19 12:30:18,2025-07-19 12:42:18,12.0,,공통
b140_base_r1,Proposed,43,BLK_43C,7,후면SAW,4,2025-07-19 12:44:06,2025-07-19 13:02:43,18.6,,공통
b140_base_r1,Proposed,43,BLK_43C,7,NC,5,2025-07-19 13:05:15,2025-07-19 13:51:58,46.7,,공통
b140_base_r1,Proposed,43,BLK_43C,7,베이36B 론지취부,6,2025-07-19 13:51:58,2025-07-19 14:50:58,59.0,36B,베이36B
b140_base_r1,Proposed,43,BLK_43C,7,베이36B 론지용접,7,2025-07-19 14:50:58,2025-07-19 15:12:22,21.4,36B,베이36B
b140_base_r1,Proposed,43,BLK_43C,7,베이36B 수정,8,2025-07-19 15:12:22,2025-07-19 15:48:10,35.8,36B,베이36B
b140_base_r1,Proposed,65,BLK_65C,8,판계,1,2025-07-19 10:47:00,2025-07-19 11:17:00,30.0,,공통
b140_base_r1,Proposed,65,BLK_65C,8,전면SAW,2,2025-07-19 12:30:18,2025-07-19 13:00:31,30.2,,공통
b140_base_r1,Proposed,65,BLK_65C,8,TurnOver,3,2025-07-19 13:00:31,2025-07-19 13:12:31,12.0,,공통
b140_base_r1,Proposed,65,BLK_65C,8,후면SAW,4,2025-07-19 13:12:31,2025-07-19 13:31:09,18.6,,공통
b140_base_r1,Proposed,65,BLK_65C,8,NC,5,2025-07-19 13:51:58,2025-07-19 14:33:07,41.2,,공통
b140_base_r1,Proposed,65,BLK_65C,8,베이35A 론지취부,6,2025-07-19 14:33:07,2025-07-19 15:28:37,55.5,35A,베이35A
b140_base_r1,Proposed,65,BLK_65C,8,베이35A 론지용접,7,2025-07-19 15:28:37,2025-07-19 15:49:25,20.8,35A,베이35A
b140_base_r1,Proposed,65,BLK_65C,8,베이35A 수정,8,2025-07-19 15:49:25,2025-07-19 16:23:01,33.6,35A,베이35A
b140_base_r1,Proposed,27,BLK_27P,9,판계,1,2025-07-19 11:17:00,2025-07-19 11:47:00,30.0,,공통
b140_base_r1,Proposed,27,BLK_27P,9,전면SAW,2,2025-07-19 13:00:31,2025-07-19 13:43:27,42.9,,공통
b140_base_r1,Proposed,27,BLK_27P,9,TurnOver,3,2025-07-19 13:43:27,2025-07-19 13:55:27,12.0,,공통
b140_base_r1,Proposed,27,BLK_27P,9,후면SAW,4,2025-07-19 13:55:27,2025-07-19 14:30:50,35.4,,공통
b140_base_r1,Proposed,27,BLK_27P,9,NC,5,2025-07-19 14:33:07,2025-07-19 15:20:25,47.3,,공통
b140_base_r1,Proposed,27,BLK_27P,9,베이36B 론지취부,6,2025-07-19 15:20:25,2025-07-19 16:15:55,55.5,36B,베이36B
b140_base_r1,Proposed,27,BLK_27P,9,베이36B 론지용접,7,2025-07-19 16:15:55,2025-07-19 16:36:43,20.8,36B,베이36B
b140_base_r1,Proposed,27,BLK_27P,9,베이36B 수정,8,2025-07-19 16:36:43,2025-07-19 17:10:19,33.6,36B,베이36B
b140_base_r1,Proposed,22,BLK_22C,10,판계,1,2025-07-19 11:47:00,2025-07-19 12:17:00,30.0,,공통
b140_base_r1,Proposed,22,BLK_22C,10,전면SAW,2,2025-07-19 13:43:27,2025-07-19 14:16:12,32.8,,공통
b140_base_r1,Proposed,22,BLK_22C,10,TurnOver,3,2025-07-19 14:16:12,2025-07-19 14:28:12,12.0,,공통
b140_base_r1,Proposed,22,BLK_22C,10,후면SAW,4,2025-07-19 14:30:50,2025-07-19 14:52:48,22.0,,공통
b140_base_r1,Proposed,22,BLK_22C,10,NC,5,2025-07-19 15:20:25,2025-07-19 16:01:54,41.5,,공통
b140_base_r1,Proposed,22,BLK_22C,10,베이35A 론지취부,6,2025-07-19 16:01:54,2025-07-19 17:21:54,80.0,35A,베이35A
b140_base_r1,Proposed,22,BLK_22C,10,베이35A 론지용접,7,2025-07-19 17:21:54,2025-07-19 17:46:54,25.0,35A,베이35A
b140_base_r1,Proposed,22,BLK_22C,10,베이35A 수정,8,2025-07-19 17:46:54,2025-07-19 18:35:54,49.0,35A,베이35A
b140_base_r1,Proposed,38,BLK_38S,11,판계,1,2025-07-19 12:17:00,2025-07-19 12:42:00,25.0,,공통
b140_base_r1,Proposed,38,BLK_38S,11,전면SAW,2,2025-07-19 14:16:12,2025-07-19 14:51:22,35.2,,공통
b140_base_r1,Proposed,38,BLK_38S,11,TurnOver,3,2025-07-19 14:51:22,2025-07-19 15:03:22,12.0,,공통
b140_base_r1,Proposed,38,BLK_38S,11,후면SAW,4,2025-07-19 15:03:22,2025-07-19 15:28:31,25.1,,공통
b140_base_r1,Proposed,38,BLK_38S,11,NC,5,2025-07-19 16:01:54,2025-07-19 16:38:57,37.0,,공통
b140_base_r1,Proposed,38,BLK_38S,11,베이36B 론지취부,6,2025-07-19 16:38:57,2025-07-19 17:51:57,73.0,36B,베이36B
b140_base_r1,Proposed,38,BLK_38S,11,베이36B 론지용접,7,2025-07-19 17:51:57,2025-07-19 18:15:45,23.8,36B,베이36B
b140_base_r1,Proposed,38,BLK_38S,11,베이36B 수정,8,2025-07-19 18:15:45,2025-07-19 19:00:21,44.6,36B,베이36B
b140_base_r1,Proposed,122,BLK_122C,12,판계,1,2025-07-19 12:42:00,2025-07-19 12:54:00,12.0,,공통
b140_base_r1,Proposed,122,BLK_122C,12,전면SAW,2,2025-07-19 14:51:22,2025-07-19 15:31:40,40.3,,공통
b140_base_r1,Proposed,122,BLK_122C,12,TurnOver,3,2025-07-19 15:31:40,2025-07-19 15:43:40,12.0,,공통
b140_base_r1,Proposed,122,BLK_122C,12,후면SAW,4,2025-07-19 15:43:40,2025-07-19 16:15:34,31.9,,공통
b140_base_r1,Proposed,122,BLK_122C,12,NC,5,2025-07-19 16:38:57,2025-07-19 17:00:16,21.3,,공통
b140_base_r1,Proposed,122,BLK_122C,12,베이35A 론지취부,6,2025-07-19 17:21:54,2025-07-19 17:52:54,31.0,35A,베이35A
b140_base_r1,Proposed,122,BLK_122C,12,베이35A 론지용접,7,2025-07-19 17:52:54,2025-07-19 18:05:30,12.6,35A,베이35A
b140_base_r1,Proposed,122,BLK_122C,12,베이35A 수정,8,2025-07-19 18:35:54,2025-07-19 18:54:06,18.2,35A,베이35A
b140_base_r1,Proposed,95,BLK_95C,1,판계,1,2025-07-20 08:00:00,2025-07-20 08:25:00,25.0,,공통
b140_base_r1,Proposed,95,BLK_95C,1,전면SAW,2,2025-07-20 08:25:00,2025-07-20 08:56:58,32.0,,공통
b140_base_r1,Proposed,95,BLK_95C,1,TurnOver,3,2025-07-20 08:56:58,2025-07-20 09:08:58,12.0,,공통
b140_base_r1,Proposed,95,BLK_95C,1,후면SAW,4,2025-07-20 09:08:58,2025-07-20 09:29:56,21.0,,공통
b140_base_r1,Proposed,95,BLK_95C,1,NC,5,2025-07-20 09:29:56,2025-07-20 10:04:52,34.9,,공통
b140_base_r1,Proposed,95,BLK_95C,1,베이36B 론지취부,6,2025-07-20 10:04:52,2025-07-20 10:49:52,45.0,36B,베이36B
b140_base_r1,Proposed,95,BLK_95C,1,베이36B 론지용접,7,2025-07-20 10:49:52,2025-07-20 11:08:52,19.0,36B,베이36B
b140_base_r1,Proposed,95,BLK_95C,1,베이36B 수정,8,2025-07-20 11:08:52,2025-07-20 11:35:52,27.0,36B,베이36B
b140_base_r1,Proposed,120,BLK_120S,2,판계,1,2025-07-20 08:25:00,2025-07-20 09:22:00,57.0,,공통
b140_base_r1,Proposed,120,BLK_120S,2,전면SAW,2,2025-07-20 09:22:00,2025-07-20 12:32:00,190.0,,공통
b140_base_r1,Proposed,120,BLK_120S,2,TurnOver,3,2025-07-20 12:32:00,2025-07-20 12:44:00,12.0,,공통
b140_base_r1,Proposed,120,BLK_120S,2,후면SAW,4,2025-07-20 12:44:00,2025-07-20 15:29:00,165.0,,공통
b140_base_r1,Proposed,120,BLK_120S,2,NC,5,2025-07-20 15:29:00,2025-07-20 16:34:55,65.9,,공통
b140_base_r1,Proposed,120,BLK_120S,2,베이35A 론지취부,6,2025-07-20 16:34:55,2025-07-20 17:30:25,55.5,35A,베이35A
b140_base_r1,Proposed,120,BLK_120S,2,베이35A 론지용접,7,2025-07-20 17:30:25,2025-07-20 17:51:13,20.8,35A,베이35A
b140_base_r1,Proposed,120,BLK_120S,2,베이35A 수정,8,2025-07-20 17:51:13,2025-07-20 18:24:49,33.6,35A,베이35A
b140_base_r1,Proposed,134,BLK_134P,3,판계,1,2025-07-20 09:22:00,2025-07-20 09:52:00,30.0,,공통
b140_base_r1,Proposed,134,BLK_134P,3,전면SAW,2,2025-07-20 12:32:00,2025-07-20 13:00:22,28.4,,공통
b140_base_r1,Proposed,134,BLK_134P,3,TurnOver,3,2025-07-20 13:00:22,2025-07-20 13:12:22,12.0,,공통
b140_base_r1,Proposed,134,BLK_134P,3,후면SAW,4,2025-07-20 15:29:00,2025-07-20 15:45:12,16.2,,공통
b140_base_r1,Proposed,134,BLK_134P,3,NC,5,2025-07-20 16:34:55,2025-07-20 17:12:13,37.3,,공통
b140_base_r1,Proposed,134,BLK_134P,3,베이36B 론지취부,6,2025-07-20 17:12:13,2025-07-20 18:00:43,48.5,36B,베이36B
b140_base_r1,Proposed,134,BLK_134P,3,베이36B 론지용접,7,2025-07-20 18:00:43,2025-07-20 18:20:19,19.6,36B,베이36B
b140_base_r1,Proposed,134,BLK_134P,3,베이36B 수정,8,2025-07-20 18:20:19,2025-07-20 18:49:31,29.2,36B,베이36B
b140_base_r1,Proposed,56,BLK_56P,4,판계,1,2025-07-20 09:52:00,2025-07-20 10:12:00,20.0,,공통
b140_base_r1,Proposed,56,BLK_56P,4,전면SAW,2,2025-07-20 13:00:22,2025-07-20 13:45:36,45.2,,공통
b140_base_r1,Proposed,56,BLK_56P,4,TurnOver,3,2025-07-20 13:45:36,2025-07-20 13:57:36,12.0,,공통
b140_base_r1,Proposed,56,BLK_56P,4,후면SAW,4,2025-07-20 15:45:12,2025-07-20 16:23:35,38.4,,공통
b140_base_r1,Proposed,56,BLK_56P,4,NC,5,2025-07-20 17:12:13,2025-07-20 17:39:09,26.9,,공통
b140_base_r1,Proposed,56,BLK_56P,4,베이35A 론지취부,6,2025-07-20 17:39:09,2025-07-20 18:13:39,34.5,35A,베이35A
b140_base_r1,Proposed,56,BLK_56P,4,베이35A 론지용접,7,2025-07-20 18:13:39,2025-07-20 18:26:51,13.2,35A,베이35A
b140_base_r1,Proposed,56,BLK_56P,4,베이35A 수정,8,2025-07-20 18:26:51,2025-07-20 18:47:15,20.4,35A,베이35A
b140_base_r1,Proposed,109,BLK_109P,5,판계,1,2025-07-20 10:12:00,2025-07-20 10:32:00,20.0,,공통
b140_base_r1,Proposed,109,BLK_109P,5,전면SAW,2,2025-07-20 13:45:36,2025-07-20 14:17:59,32.4,,공통
b140_base_r1,Proposed,109,BLK_109P,5,TurnOver,3,2025-07-20 14:17:59,2025-07-20 14:29:59,12.0,,공통
b140_base_r1,Proposed,109,BLK_109P,5,후면SAW,4,2025-07-20 16:23:35,2025-07-20 16:45:04,21.5,,공통
b140_base_r1,Proposed,109,BLK_109P,5,NC,5,2025-07-20 17:39:09,2025-07-20 18:05:24,26.2,,공통
b140_base_r1,Proposed,109,BLK_109P,5,베이36B 론지취부,6,2025-07-20 18:05:24,2025-07-20 18:43:24,38.0,36B,베이36B
b140_base_r1,Proposed,109,BLK_109P,5,베이36B 론지용접,7,2025-07-20 18:43:24,2025-07-20 18:57:12,13.8,36B,베이36B
b140_base_r1,Proposed,109,BLK_109P,5,베이36B 수정,8,2025-07-20 18:57:12,2025-07-20 19:19:48,22.6,36B,베이36B
b140_base_r1,Proposed,15,BLK_15P,6,판계,1,2025-07-20 10:32:00,2025-07-20 10:44:00,12.0,,공통
b140_base_r1,Proposed,15,BLK_15P,6,전면SAW,2,2025-07-20 14:17:59,2025-07-20 14:51:39,33.7,,공통
b140_base_r1,Proposed,15,BLK_15P,6,TurnOver,3,2025-07-20 14:51:39,2025-07-20 15:03:39,12.0,,공통
b140_base_r1,Proposed,15,BLK_15P,6,후면SAW,4,2025-07-20 16:45:04,2025-07-20 17:08:15,23.2,,공통
b140_base_r1,Proposed,15,BLK_15P,6,NC,5,2025-07-20 18:05:24,2025-07-20 18:25:43,20.3,,공통
b140_base_r1,Proposed,15,BLK_15P,6,베이35A 론지취부,6,2025-07-20 18:25:43,2025-07-20 19:00:13,34.5,35A,베이35A
b140_base_r1,Proposed,15,BLK_15P,6,베이35A 론지용접,7,2025-07-20 19:00:13,2025-07-20 19:13:25,13.2,35A,베이35A
b140_base_r1,Proposed,15,BLK_15P,6,베이35A 수정,8,2025-07-20 19:13:25,2025-07-20 19:33:49,20.4,35A,베이35A
b140_base_r1,Proposed,130,BLK_130C,7,판계,1,2025-07-20 10:44:00,2025-07-20 11:04:00,20.0,,공통
b140_base_r1,Proposed,130,BLK_130C,7,전면SAW,2,2025-07-20 14:51:39,2025-07-20 15:19:55,28.3,,공통
b140_base_r1,Proposed,130,BLK_130C,7,TurnOver,3,2025-07-20 15:19:55,2025-07-20 15:31:55,12.0,,공통
b140_base_r1,Proposed,130,BLK_130C,7,후면SAW,4,2025-07-20 17:08:15,2025-07-20 17:24:19,16.1,,공통
b140_base_r1,Proposed,130,BLK_130C,7,NC,5,2025-07-20 18:25:43,2025-07-20 18:51:02,25.3,,공통
b140_base_r1,Proposed,130,BLK_130C,7,베이36B 론지취부,6,2025-07-20 18:51:02,2025-07-20 19:22:02,31.0,36B,베이36B
b140_base_r1,Proposed,130,BLK_130C,7,베이36B 론지용접,7,2025-07-20 19:22:02,2025-07-20 19:34:38,12.6,36B,베이36B
b140_base_r1,Proposed,130,BLK_130C,7,베이36B 수정,8,2025-07-20 19:34:38,2025-07-20 19:52:50,18.2,36B,베이36B
b140_base_r1,Proposed,115,BLK_115S,8,판계,1,2025-07-20 11:04:00,2025-07-20 11:16:00,12.0,,공통
b140_base_r1,Proposed,115,BLK_115S,8,전면SAW,2,2025-07-20 15:19:55,2025-07-20 15:53:28,33.5,,공통
b140_base_r1,Proposed,115,BLK_115S,8,TurnOver,3,2025-07-20 15:53:28,2025-07-20 16:05:28,12.0,,공통
b140_base_r1,Proposed,115,BLK_115S,8,후면SAW,4,2025-07-20 17:24:19,2025-07-20 17:47:20,23.0,,공통
b140_base_r1,Proposed,115,BLK_115S,8,NC,5,2025-07-20 18:51:02,2025-07-20 19:11:09,20.1,,공통
b140_base_r1,Proposed,115,BLK_115S,8,베이35A 론지취부,6,2025-07-20 19:11:09,2025-07-20 19:35:09,24.0,35A,베이35A
b140_base_r1,Proposed,115,BLK_115S,8,베이35A 론지용접,7,2025-07-20 19:35:09,2025-07-20 19:46:33,11.4,35A,베이35A
b140_base_r1,Proposed,115,BLK_115S,8,베이35A 수정,8,2025-07-20 19:46:33,2025-07-20 20:00:21,13.8,35A,베이35A
b140_base_r1,Proposed,125,BLK_125S,9,판계,1,2025-07-20 11:16:00,2025-07-20 11:51:00,35.0,,공통
b140_base_r1,Proposed,125,BLK_125S,9,전면SAW,2,2025-07-20 15:53:28,2025-07-20 18:36:39,163.2,,공통
b140_base_r1,Proposed,125,BLK_125S,9,TurnOver,3,2025-07-20 18:36:39,2025-07-20 18:48:39,12.0,,공통
b140_base_r1,Proposed,125,BLK_125S,9,후면SAW,4,2025-07-20 18:48:39,2025-07-20 21:11:05,142.4,,공통
b140_base_r1,Proposed,125,BLK_125S,9,NC,5,2025-07-20 21:11:05,2025-07-20 21:52:00,40.9,,공통
b140_base_r1,Proposed,125,BLK_125S,9,베이36B 론지취부,6,2025-07-20 21:52:00,2025-07-20 23:05:00,73.0,36B,베이36B
b140_base_r1,Proposed,125,BLK_125S,9,베이36B 론지용접,7,2025-07-20 23:05:00,2025-07-20 23:28:48,23.8,36B,베이36B
b140_base_r1,Proposed,125,BLK_125S,9,베이36B 수정,8,2025-07-20 23:28:48,2025-07-21 00:13:24,44.6,36B,베이36B
b140_base_r1,Proposed,96,BLK_96C,10,판계,1,2025-07-20 11:51:00,2025-07-20 12:36:00,45.0,,공통
b140_base_r1,Proposed,96,BLK_96C,10,전면SAW,2,2025-07-20 18:36:39,2025-07-20 19:12:42,36.0,,공통
b140_base_r1,Proposed,96,BLK_96C,10,TurnOver,3,2025-07-20 19:12:42,2025-07-20 19:24:42,12.0,,공통
b140_base_r1,Proposed,96,BLK_96C,10,후면SAW,4,2025-07-20 21:11:05,2025-07-20 21:37:24,26.3,,공통
b140_base_r1,Proposed,96,BLK_96C,10,NC,5,2025-07-20 21:52:00,2025-07-20 22:46:20,54.3,,공통
b140_base_r1,Proposed,96,BLK_96C,10,베이35A 론지취부,6,2025-07-20 22:46:20,2025-07-21 00:37:50,111.5,35A,베이35A
b140_base_r1,Proposed,96,BLK_96C,10,베이35A 론지용접,7,2025-07-21 00:37:50,2025-07-21 01:08:14,30.4,35A,베이35A
b140_base_r1,Proposed,96,BLK_96C,10,베이35A 수정,8,2025-07-21 01:08:14,2025-07-21 02:17:02,68.8,35A,베이35A
b140_base_r1,Proposed,84,BLK_84S,11,판계,1,2025-07-20 12:36:00,2025-07-20 13:14:00,38.0,,공통
b140_base_r1,Proposed,84,BLK_84S,11,전면SAW,2,2025-07-20 19:12:42,2025-07-20 20:57:59,105.3,,공통
b140_base_r1,Proposed,84,BLK_84S,11,TurnOver,3,2025-07-20 20:57:59,2025-07-20 21:09:59,12.0,,공통
b140_base_r1,Proposed,84,BLK_84S,11,후면SAW,4,2025-07-20 21:37:24,2025-07-20 23:01:09,83.8,,공통
b140_base_r1,Proposed,84,BLK_84S,11,NC,5,2025-07-20 23:01:09,2025-07-20 23:48:22,47.2,,공통
b140_base_r1,Proposed,84,BLK_84S,11,베이36B 론지취부,6,2025-07-20 23:48:22,2025-07-21 01:08:22,80.0,36B,베이36B
b140_base_r1,Proposed,84,BLK_84S,11,베이36B 론지용접,7,2025-07-21 01:08:22,2025-07-21 01:33:22,25.0,36B,베이36B
b140_base_r1,Proposed,84,BLK_84S,11,베이36B 수정,8,2025-07-21 01:33:22,2025-07-21 02:22:22,49.0,36B,베이36B
b140_base_r1,Proposed,132,BLK_132P,1,판계,1,2025-07-21 08:00:00,2025-07-21 08:30:00,30.0,,공통
b140_base_r1,Proposed,132,BLK_132P,1,전면SAW,2,2025-07-21 08:30:00,2025-07-21 09:11:19,41.3,,공통
b140_base_r1,Proposed,132,BLK_132P,1,TurnOver,3,2025-07-21 09:11:19,2025-07-21 09:23:19,12.0,,공통
b140_base_r1,Proposed,132,BLK_132P,1,후면SAW,4,2025-07-21 09:23:19,2025-07-21 09:56:35,33.3,,공통
b140_base_r1,Proposed,132,BLK_132P,1,NC,5,2025-07-21 09:56:35,2025-07-21 10:39:59,43.4,,공통
b140_base_r1,Proposed,132,BLK_132P,1,베이35A 론지취부,6,2025-07-21 10:39:59,2025-07-21 12:06:59,87.0,35A,베이35A
b140_base_r1,Proposed,132,BLK_132P,1,베이35A 론지용접,7,2025-07-21 12:06:59,2025-07-21 12:33:11,26.2,35A,베이35A
b140_base_r1,Proposed,132,BLK_132P,1,베이35A 수정,8,2025-07-21 12:33:11,2025-07-21 13:26:35,53.4,35A,베이35A
b140_base_r1,Proposed,16,BLK_16P,2,판계,1,2025-07-21 08:30:00,2025-07-21 09:15:00,45.0,,공통
b140_base_r1,Proposed,16,BLK_16P,2,전면SAW,2,2025-07-21 09:15:00,2025-07-21 12:22:15,187.2,,공통
b140_base_r1,Proposed,16,BLK_16P,2,TurnOver,3,2025-07-21 12:22:15,2025-07-21 12:34:15,12.0,,공통
b140_base_r1,Proposed,16,BLK_16P,2,후면SAW,4,2025-07-21 12:34:15,2025-07-21 15:19:15,165.0,,공통
b140_base_r1,Proposed,16,BLK_16P,2,NC,5,2025-07-21 15:19:15,2025-07-21 16:12:18,53.0,,공통
b140_base_r1,Proposed,16,BLK_16P,2,베이36B 론지취부,6,2025-07-21 16:12:18,2025-07-21 17:32:18,80.0,36B,베이36B
b140_base_r1,Proposed,16,BLK_16P,2,베이36B 론지용접,7,2025-07-21 17:32:18,2025-07-21 17:57:18,25.0,36B,베이36B
b140_base_r1,Proposed,16,BLK_16P,2,베이36B 수정,8,2025-07-21 17:57:18,2025-07-21 18:46:18,49.0,36B,베이36B
b140_base_r1,Proposed,35,BLK_35C,3,판계,1,2025-07-21 09:15:00,2025-07-21 09:40:00,25.0,,공통
b140_base_r1,Proposed,35,BLK_35C,3,전면SAW,2,2025-07-21 12:22:15,2025-07-21 12:56:37,34.4,,공통
b140_base_r1,Proposed,35,BLK_35C,3,TurnOver,3,2025-07-21 12:56:37,2025-07-21 13:08:37,12.0,,공통
b140_base_r1,Proposed,35,BLK_35C,3,후면SAW,4,2025-07-21 15:19:15,2025-07-21 15:43:21,24.1,,공통
b140_base_r1,Proposed,35,BLK_35C,3,NC,5,2025-07-21 16:12:18,2025-07-21 16:49:06,36.8,,공통
b140_base_r1,Proposed,35,BLK_35C,3,베이35A 론지취부,6,2025-07-21 16:49:06,2025-07-21 18:09:06,80.0,35A,베이35A
b140_base_r1,Proposed,35,BLK_35C,3,베이35A 론지용접,7,2025-07-21 18:09:06,2025-07-21 18:34:06,25.0,35A,베이35A
b140_base_r1,Proposed,35,BLK_35C,3,베이35A 수정,8,2025-07-21 18:34:06,2025-07-21 19:23:06,49.0,35A,베이35A
b140_base_r1,Proposed,133,BLK_133P,4,판계,1,2025-07-21 09:40:00,2025-07-21 10:37:00,57.0,,공통
b140_base_r1,Proposed,133,BLK_133P,4,전면SAW,2,2025-07-21 12:56:37,2025-07-21 15:59:09,182.5,,공통
b140_base_r1,Proposed,133,BLK_133P,4,TurnOver,3,2025-07-21 15:59:09,2025-07-21 16:11:09,12.0,,공통
b140_base_r1,Proposed,133,BLK_133P,4,후면SAW,4,2025-07-21 16:11:09,2025-07-21 18:28:31,137.4,,공통
b140_base_r1,Proposed,133,BLK_133P,4,NC,5,2025-07-21 18:28:31,2025-07-21 19:31:56,63.4,,공통
b140_base_r1,Proposed,133,BLK_133P,4,베이36B 론지취부,6,2025-07-21 19:31:56,2025-07-21 20:27:26,55.5,36B,베이36B
b140_base_r1,Proposed,133,BLK_133P,4,베이36B 론지용접,7,2025-07-21 20:27:26,2025-07-21 20:48:14,20.8,36B,베이36B
b140_base_r1,Proposed,133,BLK_133P,4,베이36B 수정,8,2025-07-21 20:48:14,2025-07-21 21:21:50,33.6,36B,베이36B
b140_base_r1,Proposed,66,BLK_66C,5,판계,1,2025-07-21 10:37:00,2025-07-21 10:57:00,20.0,,공통
b140_base_r1,Proposed,66,BLK_66C,5,전면SAW,2,2025-07-21 15:59:09,2025-07-21 17:02:14,63.1,,공통
b140_base_r1,Proposed,66,BLK_66C,5,TurnOver,3,2025-07-21 17:02:14,2025-07-21 17:14:14,12.0,,공통
b140_base_r1,Proposed,66,BLK_66C,5,후면SAW,4,2025-07-21 18:28:31,2025-07-21 19:30:25,61.9,,공통
b140_base_r1,Proposed,66,BLK_66C,5,NC,5,2025-07-21 19:31:56,2025-07-21 20:04:18,32.4,,공통
b140_base_r1,Proposed,66,BLK_66C,5,베이35A 론지취부,6,2025-07-21 20:04:18,2025-07-21 21:03:18,59.0,35A,베이35A
b140_base_r1,Proposed,66,BLK_66C,5,베이35A 론지용접,7,2025-07-21 21:03:18,2025-07-21 21:24:42,21.4,35A,베이35A
b140_base_r1,Proposed,66,BLK_66C,5,베이35A 수정,8,2025-07-21 21:24:42,2025-07-21 22:00:30,35.8,35A,베이35A
b140_base_r1,Proposed,52,BLK_52S,6,판계,1,2025-07-21 10:57:00,2025-07-21 11:27:00,30.0,,공통
b140_base_r1,Proposed,52,BLK_52S,6,전면SAW,2,2025-07-21 17:02:14,2025-07-21 19:06:42,124.5,,공통
b140_base_r1,Proposed,52,BLK_52S,6,TurnOver,3,2025-07-21 19:06:42,2025-07-21 19:18:42,12.0,,공통
b140_base_r1,Proposed,52,BLK_52S,6,후면SAW,4,2025-07-21 19:30:25,2025-07-21 21:00:07,89.7,,공통
b140_base_r1,Proposed,52,BLK_52S,6,NC,5,2025-07-21 21:00:07,2025-07-21 21:56:38,56.5,,공통
b140_base_r1,Proposed,52,BLK_52S,6,베이36B 론지취부,6,2025-07-21 21:56:38,2025-07-21 23:16:38,80.0,36B,베이36B
b140_base_r1,Proposed,52,BLK_52S,6,베이36B 론지용접,7,2025-07-21 23:16:38,2025-07-21 23:41:38,25.0,36B,베이36B
b140_base_r1,Proposed,52,BLK_52S,6,베이36B 수정,8,2025-07-21 23:41:38,2025-07-22 00:30:38,49.0,36B,베이36B
b140_base_r1,Proposed,94,BLK_94C,7,판계,1,2025-07-21 11:27:00,2025-07-21 11:57:00,30.0,,공통
b140_base_r1,Proposed,94,BLK_94C,7,전면SAW,2,2025-07-21 19:06:42,2025-07-21 19:37:19,30.6,,공통
b140_base_r1,Proposed,94,BLK_94C,7,TurnOver,3,2025-07-21 19:37:19,2025-07-21 19:49:19,12.0,,공통
b140_base_r1,Proposed,94,BLK_94C,7,후면SAW,4,2025-07-21 21:00:07,2025-07-21 21:19:16,19.1,,공통
b140_base_r1,Proposed,94,BLK_94C,7,NC,5,2025-07-21 21:56:38,2025-07-21 22:43:26,46.8,,공통
b140_base_r1,Proposed,94,BLK_94C,7,베이35A 론지취부,6,2025-07-21 22:43:26,2025-07-22 00:10:26,87.0,35A,베이35A
b140_base_r1,Proposed,94,BLK_94C,7,베이35A 론지용접,7,2025-07-22 00:10:26,2025-07-22 00:36:38,26.2,35A,베이35A
b140_base_r1,Proposed,94,BLK_94C,7,베이35A 수정,8,2025-07-22 00:36:38,2025-07-22 01:30:02,53.4,35A,베이35A
b140_base_r1,Proposed,11,BLK_11C,8,판계,1,2025-07-21 11:57:00,2025-07-21 12:37:00,40.0,,공통
b140_base_r1,Proposed,11,BLK_11C,8,전면SAW,2,2025-07-21 19:37:19,2025-07-21 21:42:06,124.8,,공통
b140_base_r1,Proposed,11,BLK_11C,8,TurnOver,3,2025-07-21 21:42:06,2025-07-21 21:54:06,12.0,,공통
b140_base_r1,Proposed,11,BLK_11C,8,후면SAW,4,2025-07-21 21:54:06,2025-07-21 23:22:05,88.0,,공통
b140_base_r1,Proposed,11,BLK_11C,8,NC,5,2025-07-21 23:22:05,2025-07-22 00:10:00,47.9,,공통
b140_base_r1,Proposed,11,BLK_11C,8,베이36B 론지취부,6,2025-07-22 00:10:00,2025-07-22 01:02:00,52.0,36B,베이36B
b140_base_r1,Proposed,11,BLK_11C,8,베이36B 론지용접,7,2025-07-22 01:02:00,2025-07-22 01:22:12,20.2,36B,베이36B
b140_base_r1,Proposed,11,BLK_11C,8,베이36B 수정,8,2025-07-22 01:22:12,2025-07-22 01:53:36,31.4,36B,베이36B
b140_base_r1,Proposed,124,BLK_124S,9,판계,1,2025-07-21 12:37:00,2025-07-21 13:07:00,30.0,,공통
b140_base_r1,Proposed,124,BLK_124S,9,전면SAW,2,2025-07-21 21:42:06,2025-07-21 22:12:24,30.3,,공통
b140_base_r1,Proposed,124,BLK_124S,9,TurnOver,3,2025-07-21 22:12:24,2025-07-21 22:24:24,12.0,,공통
b140_base_r1,Proposed,124,BLK_124S,9,후면SAW,4,2025-07-21 23:22:05,2025-07-21 23:40:48,18.7,,공통
b140_base_r1,Proposed,124,BLK_124S,9,NC,5,2025-07-22 00:10:00,2025-07-22 00:51:00,41.0,,공통
b140_base_r1,Proposed,124,BLK_124S,9,베이35A 론지취부,6,2025-07-22 00:51:00,2025-07-22 02:18:00,87.0,35A,베이35A
b140_base_r1,Proposed,124,BLK_124S,9,베이35A 론지용접,7,2025-07-22 02:18:00,2025-07-22 02:44:12,26.2,35A,베이35A
b140_base_r1,Proposed,124,BLK_124S,9,베이35A 수정,8,2025-07-22 02:44:12,2025-07-22 03:37:36,53.4,35A,베이35A
b140_base_r1,Proposed,74,BLK_74P,10,판계,1,2025-07-21 13:07:00,2025-07-21 13:52:00,45.0,,공통
b140_base_r1,Proposed,74,BLK_74P,10,전면SAW,2,2025-07-21 22:12:24,2025-07-22 00:44:46,152.4,,공통
b140_base_r1,Proposed,74,BLK_74P,10,TurnOver,3,2025-07-22 00:44:46,2025-07-22 00:56:46,12.0,,공통
b140_base_r1,Proposed,74,BLK_74P,10,후면SAW,4,2025-07-22 00:56:46,2025-07-22 02:48:48,112.0,,공통
b140_base_r1,Proposed,74,BLK_74P,10,NC,5,2025-07-22 02:48:48,2025-07-22 03:39:58,51.2,,공통
b140_base_r1,Proposed,74,BLK_74P,10,베이36B 론지취부,6,2025-07-22 03:39:58,2025-07-22 04:59:58,80.0,36B,베이36B
b140_base_r1,Proposed,74,BLK_74P,10,베이36B 론지용접,7,2025-07-22 04:59:58,2025-07-22 05:24:58,25.0,36B,베이36B
b140_base_r1,Proposed,74,BLK_74P,10,베이36B 수정,8,2025-07-22 05:24:58,2025-07-22 06:13:58,49.0,36B,베이36B
b140_base_r1,Proposed,86,BLK_86C,11,판계,1,2025-07-21 13:52:00,2025-07-21 14:22:00,30.0,,공통
b140_base_r1,Proposed,86,BLK_86C,11,전면SAW,2,2025-07-22 00:44:46,2025-07-22 01:15:52,31.1,,공통
b140_base_r1,Proposed,86,BLK_86C,11,TurnOver,3,2025-07-22 01:15:52,2025-07-22 01:27:52,12.0,,공통
b140_base_r1,Proposed,86,BLK_86C,11,후면SAW,4,2025-07-22 02:48:48,2025-07-22 03:08:35,19.8,,공통
b140_base_r1,Proposed,86,BLK_86C,11,NC,5,2025-07-22 03:39:58,2025-07-22 04:20:45,40.8,,공통
b140_base_r1,Proposed,86,BLK_86C,11,베이35A 론지취부,6,2025-07-22 04:20:45,2025-07-22 05:30:15,69.5,35A,베이35A
b140_base_r1,Proposed,86,BLK_86C,11,베이35A 론지용접,7,2025-07-22 05:30:15,2025-07-22 05:53:27,23.2,35A,베이35A
b140_base_r1,Proposed,86,BLK_86C,11,베이35A 수정,8,2025-07-22 05:53:27,2025-07-22 06:35:51,42.4,35A,베이35A
b140_base_r1,Proposed,82,BLK_82C,12,판계,1,2025-07-21 14:22:00,2025-07-21 15:00:00,38.0,,공통
b140_base_r1,Proposed,82,BLK_82C,12,전면SAW,2,2025-07-22 01:15:52,2025-07-22 03:21:18,125.4,,공통
b140_base_r1,Proposed,82,BLK_82C,12,TurnOver,3,2025-07-22 03:21:18,2025-07-22 03:33:18,12.0,,공통
b140_base_r1,Proposed,82,BLK_82C,12,후면SAW,4,2025-07-22 03:33:18,2025-07-22 05:15:26,102.1,,공통
b140_base_r1,Proposed,82,BLK_82C,12,NC,5,2025-07-22 05:15:26,2025-07-22 06:03:17,47.9,,공통
b140_base_r1,Proposed,82,BLK_82C,12,베이36B 론지취부,6,2025-07-22 06:03:17,2025-07-22 07:30:17,87.0,36B,베이36B
b140_base_r1,Proposed,82,BLK_82C,12,베이36B 론지용접,7,2025-07-22 07:30:17,2025-07-22 07:56:29,26.2,36B,베이36B
b140_base_r1,Proposed,82,BLK_82C,12,베이36B 수정,8,2025-07-22 07:56:29,2025-07-22 08:49:53,53.4,36B,베이36B
b140_base_r1,Proposed,31,BLK_31C,13,판계,1,2025-07-21 15:00:00,2025-07-21 15:25:00,25.0,,공통
b140_base_r1,Proposed,31,BLK_31C,13,전면SAW,2,2025-07-22 03:21:18,2025-07-22 03:53:43,32.4,,공통
b140_base_r1,Proposed,31,BLK_31C,13,TurnOver,3,2025-07-22 03:53:43,2025-07-22 04:05:43,12.0,,공통
b140_base_r1,Proposed,31,BLK_31C,13,후면SAW,4,2025-07-22 05:15:26,2025-07-22 05:36:58,21.5,,공통
b140_base_r1,Proposed,31,BLK_31C,13,NC,5,2025-07-22 06:03:17,2025-07-22 06:37:31,34.2,,공통
b140_base_r1,Proposed,31,BLK_31C,13,베이35A 론지취부,6,2025-07-22 06:37:31,2025-07-22 07:50:31,73.0,35A,베이35A
b140_base_r1,Proposed,31,BLK_31C,13,베이35A 론지용접,7,2025-07-22 07:50:31,2025-07-22 08:14:19,23.8,35A,베이35A
b140_base_r1,Proposed,31,BLK_31C,13,베이35A 수정,8,2025-07-22 08:14:19,2025-07-22 08:58:55,44.6,35A,베이35A
b140_base_r1,Proposed,114,BLK_114C,14,판계,1,2025-07-21 15:25:00,2025-07-21 16:05:00,40.0,,공통
b140_base_r1,Proposed,114,BLK_114C,14,전면SAW,2,2025-07-22 03:53:43,2025-07-22 06:01:00,127.3,,공통
b140_base_r1,Proposed,114,BLK_114C,14,TurnOver,3,2025-07-22 06:01:00,2025-07-22 06:13:00,12.0,,공통
b140_base_r1,Proposed,114,BLK_114C,14,후면SAW,4,2025-07-22 06:13:00,2025-07-22 07:44:57,91.9,,공통
b140_base_r1,Proposed,114,BLK_114C,14,NC,5,2025-07-22 07:44:57,2025-07-22 08:25:53,40.9,,공통
b140_base_r1,Proposed,114,BLK_114C,14,베이36B 론지취부,6,2025-07-22 08:25:53,2025-07-22 09:07:23,41.5,36B,베이36B
b140_base_r1,Proposed,114,BLK_114C,14,베이36B 론지용접,7,2025-07-22 09:07:23,2025-07-22 09:21:47,14.4,36B,베이36B
b140_base_r1,Proposed,114,BLK_114C,14,베이36B 수정,8,2025-07-22 09:21:47,2025-07-22 09:46:35,24.8,36B,베이36B
b140_base_r1,Proposed,121,BLK_121C,1,판계,1,2025-07-22 08:00:00,2025-07-22 08:30:00,30.0,,공통
b140_base_r1,Proposed,121,BLK_121C,1,전면SAW,2,2025-07-22 08:30:00,2025-07-22 08:59:39,29.6,,공통
b140_base_r1,Proposed,121,BLK_121C,1,TurnOver,3,2025-07-22 08:59:39,2025-07-22 09:11:39,12.0,,공통
b140_base_r1,Proposed,121,BLK_121C,1,후면SAW,4,2025-07-22 09:11:39,2025-07-22 09:29:32,17.9,,공통
b140_base_r1,Proposed,121,BLK_121C,1,NC,5,2025-07-22 09:29:32,2025-07-22 10:09:57,40.4,,공통
b140_base_r1,Proposed,121,BLK_121C,1,베이35A 론지취부,6,2025-07-22 10:09:57,2025-07-22 11:19:27,69.5,35A,베이35A
b140_base_r1,Proposed,121,BLK_121C,1,베이35A 론지용접,7,2025-07-22 11:19:27,2025-07-22 11:42:39,23.2,35A,베이35A
b140_base_r1,Proposed,121,BLK_121C,1,베이35A 수정,8,2025-07-22 11:42:39,2025-07-22 12:25:03,42.4,35A,베이35A
b140_base_r1,Proposed,106,BLK_106P,2,판계,1,2025-07-22 08:30:00,2025-07-22 09:15:00,45.0,,공통
b140_base_r1,Proposed,106,BLK_106P,2,전면SAW,2,2025-07-22 09:15:00,2025-07-22 11:32:52,137.9,,공통
b140_base_r1,Proposed,106,BLK_106P,2,TurnOver,3,2025-07-22 11:32:52,2025-07-22 11:44:52,12.0,,공통
b140_base_r1,Proposed,106,BLK_106P,2,후면SAW,4,2025-07-22 11:44:52,2025-07-22 13:25:16,100.4,,공통
b140_base_r1,Proposed,106,BLK_106P,2,NC,5,2025-07-22 13:25:16,2025-07-22 14:17:41,52.4,,공통
b140_base_r1,Proposed,106,BLK_106P,2,베이36B 론지취부,6,2025-07-22 14:17:41,2025-07-22 15:27:11,69.5,36B,베이36B
b140_base_r1,Proposed,106,BLK_106P,2,베이36B 론지용접,7,2025-07-22 15:27:11,2025-07-22 15:50:23,23.2,36B,베이36B
b140_base_r1,Proposed,106,BLK_106P,2,베이36B 수정,8,2025-07-22 15:50:23,2025-07-22 16:32:47,42.4,36B,베이36B
b140_base_r1,Proposed,60,BLK_60C,3,판계,1,2025-07-22 09:15:00,2025-07-22 09:45:00,30.0,,공통
b140_base_r1,Proposed,60,BLK_60C,3,전면SAW,2,2025-07-22 11:32:52,2025-07-22 12:12:08,39.3,,공통
b140_base_r1,Proposed,60,BLK_60C,3,TurnOver,3,2025-07-22 12:12:08,2025-07-22 12:24:08,12.0,,공통
b140_base_r1,Proposed,60,BLK_60C,3,후면SAW,4,2025-07-22 13:25:16,2025-07-22 13:55:49,30.6,,공통
b140_base_r1,Proposed,60,BLK_60C,3,NC,5,2025-07-22 14:17:41,2025-07-22 14:57:58,40.3,,공통
b140_base_r1,Proposed,60,BLK_60C,3,베이35A 론지취부,6,2025-07-22 14:57:58,2025-07-22 15:53:28,55.5,35A,베이35A
b140_base_r1,Proposed,60,BLK_60C,3,베이35A 론지용접,7,2025-07-22 15:53:28,2025-07-22 16:14:16,20.8,35A,베이35A
b140_base_r1,Proposed,60,BLK_60C,3,베이35A 수정,8,2025-07-22 16:14:16,2025-07-22 16:47:52,33.6,35A,베이35A
b140_base_r1,Proposed,70,BLK_70P,4,판계,1,2025-07-22 09:45:00,2025-07-22 10:15:00,30.0,,공통
b140_base_r1,Proposed,70,BLK_70P,4,전면SAW,2,2025-07-22 12:12:08,2025-07-22 14:32:45,140.6,,공통
b140_base_r1,Proposed,70,BLK_70P,4,TurnOver,3,2025-07-22 14:32:45,2025-07-22 14:44:45,12.0,,공통
b140_base_r1,Proposed,70,BLK_70P,4,후면SAW,4,2025-07-22 14:44:45,2025-07-22 16:27:22,102.6,,공통
b140_base_r1,Proposed,70,BLK_70P,4,NC,5,2025-07-22 16:27:22,2025-07-22 17:24:33,57.2,,공통
b140_base_r1,Proposed,70,BLK_70P,4,베이36B 론지취부,6,2025-07-22 17:24:33,2025-07-22 18:30:33,66.0,36B,베이36B
b140_base_r1,Proposed,70,BLK_70P,4,베이36B 론지용접,7,2025-07-22 18:30:33,2025-07-22 18:53:09,22.6,36B,베이36B
b140_base_r1,Proposed,70,BLK_70P,4,베이36B 수정,8,2025-07-22 18:53:09,2025-07-22 19:33:21,40.2,36B,베이36B
b140_base_r1,Proposed,34,BLK_34C,5,판계,1,2025-07-22 10:15:00,2025-07-22 10:40:00,25.0,,공통
b140_base_r1,Proposed,34,BLK_34C,5,전면SAW,2,2025-07-22 14:32:45,2025-07-22 15:03:25,30.7,,공통
b140_base_r1,Proposed,34,BLK_34C,5,TurnOver,3,2025-07-22 15:03:25,2025-07-22 15:15:25,12.0,,공통
b140_base_r1,Proposed,34,BLK_34C,5,후면SAW,4,2025-07-22 16:27:22,2025-07-22 16:46:36,19.2,,공통
b140_base_r1,Proposed,34,BLK_34C,5,NC,5,2025-07-22 17:24:33,2025-07-22 18:01:19,36.8,,공통
b140_base_r1,Proposed,34,BLK_34C,5,베이35A 론지취부,6,2025-07-22 18:01:19,2025-07-22 19:07:19,66.0,35A,베이35A
b140_base_r1,Proposed,34,BLK_34C,5,베이35A 론지용접,7,2025-07-22 19:07:19,2025-07-22 19:29:55,22.6,35A,베이35A
b140_base_r1,Proposed,34,BLK_34C,5,베이35A 수정,8,2025-07-22 19:29:55,2025-07-22 20:10:07,40.2,35A,베이35A
b140_base_r1,Proposed,75,BLK_75S,6,판계,1,2025-07-22 10:40:00,2025-07-22 11:20:00,40.0,,공통
b140_base_r1,Proposed,75,BLK_75S,6,전면SAW,2,2025-07-22 15:03:25,2025-07-22 17:31:54,148.5,,공통
b140_base_r1,Proposed,75,BLK_75S,6,TurnOver,3,2025-07-22 17:31:54,2025-07-22 17:43:54,12.0,,공통
b140_base_r1,Proposed,75,BLK_75S,6,후면SAW,4,2025-07-22 17:43:54,2025-07-22 19:32:48,108.9,,공통
b140_base_r1,Proposed,75,BLK_75S,6,NC,5,2025-07-22 19:32:48,2025-07-22 20:16:13,43.4,,공통
b140_base_r1,Proposed,75,BLK_75S,6,베이36B 론지취부,6,2025-07-22 20:16:13,2025-07-22 21:15:13,59.0,36B,베이36B
b140_base_r1,Proposed,75,BLK_75S,6,베이36B 론지용접,7,2025-07-22 21:15:13,2025-07-22 21:36:37,21.4,36B,베이36B
b140_base_r1,Proposed,75,BLK_75S,6,베이36B 수정,8,2025-07-22 21:36:37,2025-07-22 22:12:25,35.8,36B,베이36B
b140_base_r1,Proposed,19,BLK_19S,7,판계,1,2025-07-22 11:20:00,2025-07-22 11:50:00,30.0,,공통
b140_base_r1,Proposed,19,BLK_19S,7,전면SAW,2,2025-07-22 17:31:54,2025-07-22 18:02:42,30.8,,공통
b140_base_r1,Proposed,19,BLK_19S,7,TurnOver,3,2025-07-22 18:02:42,2025-07-22 18:14:42,12.0,,공통
b140_base_r1,Proposed,19,BLK_19S,7,후면SAW,4,2025-07-22 19:32:48,2025-07-22 19:52:12,19.4,,공통
b140_base_r1,Proposed,19,BLK_19S,7,NC,5,2025-07-22 20:16:13,2025-07-22 20:57:28,41.2,,공통
b140_base_r1,Proposed,19,BLK_19S,7,베이35A 론지취부,6,2025-07-22 20:57:28,2025-07-22 22:10:28,73.0,35A,베이35A
b140_base_r1,Proposed,19,BLK_19S,7,베이35A 론지용접,7,2025-07-22 22:10:28,2025-07-22 22:34:16,23.8,35A,베이35A
b140_base_r1,Proposed,19,BLK_19S,7,베이35A 수정,8,2025-07-22 22:34:16,2025-07-22 23:18:52,44.6,35A,베이35A
b140_base_r1,Proposed,24,BLK_24S,8,판계,1,2025-07-22 11:50:00,2025-07-22 12:35:00,45.0,,공통
b140_base_r1,Proposed,24,BLK_24S,8,전면SAW,2,2025-07-22 18:02:42,2025-07-22 20:04:41,122.0,,공통
b140_base_r1,Proposed,24,BLK_24S,8,TurnOver,3,2025-07-22 20:04:41,2025-07-22 20:16:41,12.0,,공통
b140_base_r1,Proposed,24,BLK_24S,8,후면SAW,4,2025-07-22 20:16:41,2025-07-22 22:20:56,124.2,,공통
b140_base_r1,Proposed,24,BLK_24S,8,NC,5,2025-07-22 22:20:56,2025-07-22 23:21:43,60.8,,공통
b140_base_r1,Proposed,24,BLK_24S,8,베이36B 론지취부,6,2025-07-22 23:21:43,2025-07-23 01:13:13,111.5,36B,베이36B
b140_base_r1,Proposed,24,BLK_24S,8,베이36B 론지용접,7,2025-07-23 01:13:13,2025-07-23 01:43:37,30.4,36B,베이36B
b140_base_r1,Proposed,24,BLK_24S,8,베이36B 수정,8,2025-07-23 01:43:37,2025-07-23 02:52:25,68.8,36B,베이36B
b140_base_r1,Proposed,3,BLK_3C,9,판계,1,2025-07-22 12:35:00,2025-07-22 13:05:00,30.0,,공통
b140_base_r1,Proposed,3,BLK_3C,9,전면SAW,2,2025-07-22 20:04:41,2025-07-22 20:34:51,30.2,,공통
b140_base_r1,Proposed,3,BLK_3C,9,TurnOver,3,2025-07-22 20:34:51,2025-07-22 20:46:51,12.0,,공통
b140_base_r1,Proposed,3,BLK_3C,9,후면SAW,4,2025-07-22 22:20:56,2025-07-22 22:39:31,18.6,,공통
b140_base_r1,Proposed,3,BLK_3C,9,NC,5,2025-07-22 23:21:43,2025-07-23 00:03:46,42.0,,공통
b140_base_r1,Proposed,3,BLK_3C,9,베이35A 론지취부,6,2025-07-23 00:03:46,2025-07-23 01:09:46,66.0,35A,베이35A
b140_base_r1,Proposed,3,BLK_3C,9,베이35A 론지용접,7,2025-07-23 01:09:46,2025-07-23 01:32:22,22.6,35A,베이35A
b140_base_r1,Proposed,3,BLK_3C,9,베이35A 수정,8,2025-07-23 01:32:22,2025-07-23 02:12:34,40.2,35A,베이35A
b140_base_r1,Proposed,51,BLK_51P,10,판계,1,2025-07-22 13:05:00,2025-07-22 13:57:00,52.0,,공통
b140_base_r1,Proposed,51,BLK_51P,10,전면SAW,2,2025-07-22 20:34:51,2025-07-22 23:44:51,190.0,,공통
b140_base_r1,Proposed,51,BLK_51P,10,TurnOver,3,2025-07-22 23:44:51,2025-07-22 23:56:51,12.0,,공통
b140_base_r1,Proposed,51,BLK_51P,10,후면SAW,4,2025-07-22 23:56:51,2025-07-23 02:24:57,148.1,,공통
b140_base_r1,Proposed,51,BLK_51P,10,NC,5,2025-07-23 02:24:57,2025-07-23 03:21:27,56.5,,공통
b140_base_r1,Proposed,51,BLK_51P,10,베이36B 론지취부,6,2025-07-23 03:21:27,2025-07-23 04:09:57,48.5,36B,베이36B
b140_base_r1,Proposed,51,BLK_51P,10,베이36B 론지용접,7,2025-07-23 04:09:57,2025-07-23 04:29:33,19.6,36B,베이36B
b140_base_r1,Proposed,51,BLK_51P,10,베이36B 수정,8,2025-07-23 04:29:33,2025-07-23 04:58:45,29.2,36B,베이36B
b140_base_r1,Proposed,46,BLK_46S,11,판계,1,2025-07-22 13:57:00,2025-07-22 14:17:00,20.0,,공통
b140_base_r1,Proposed,46,BLK_46S,11,전면SAW,2,2025-07-22 23:44:51,2025-07-23 00:38:31,53.7,,공통
b140_base_r1,Proposed,46,BLK_46S,11,TurnOver,3,2025-07-23 00:38:31,2025-07-23 00:50:31,12.0,,공통
b140_base_r1,Proposed,46,BLK_46S,11,후면SAW,4,2025-07-23 02:24:57,2025-07-23 03:14:27,49.5,,공통
b140_base_r1,Proposed,46,BLK_46S,11,NC,5,2025-07-23 03:21:27,2025-07-23 03:48:46,27.3,,공통
b140_base_r1,Proposed,46,BLK_46S,11,베이35A 론지취부,6,2025-07-23 03:48:46,2025-07-23 04:37:16,48.5,35A,베이35A
b140_base_r1,Proposed,46,BLK_46S,11,베이35A 론지용접,7,2025-07-23 04:37:16,2025-07-23 04:56:52,19.6,35A,베이35A
b140_base_r1,Proposed,46,BLK_46S,11,베이35A 수정,8,2025-07-23 04:56:52,2025-07-23 05:26:04,29.2,35A,베이35A
b140_base_r1,Proposed,119,BLK_119S,12,판계,1,2025-07-22 14:17:00,2025-07-22 14:55:00,38.0,,공통
b140_base_r1,Proposed,119,BLK_119S,12,전면SAW,2,2025-07-23 00:38:31,2025-07-23 02:16:49,98.3,,공통
b140_base_r1,Proposed,119,BLK_119S,12,TurnOver,3,2025-07-23 02:16:49,2025-07-23 02:28:49,12.0,,공통
b140_base_r1,Proposed,119,BLK_119S,12,후면SAW,4,2025-07-23 03:14:27,2025-07-23 04:31:49,77.4,,공통
b140_base_r1,Proposed,119,BLK_119S,12,NC,5,2025-07-23 04:31:49,2025-07-23 05:17:52,46.0,,공통
b140_base_r1,Proposed,119,BLK_119S,12,베이36B 론지취부,6,2025-07-23 05:17:52,2025-07-23 06:30:52,73.0,36B,베이36B
b140_base_r1,Proposed,119,BLK_119S,12,베이36B 론지용접,7,2025-07-23 06:30:52,2025-07-23 06:54:40,23.8,36B,베이36B
b140_base_r1,Proposed,119,BLK_119S,12,베이36B 수정,8,2025-07-23 06:54:40,2025-07-23 07:39:16,44.6,36B,베이36B
b140_base_r1,Proposed,39,BLK_39S,13,판계,1,2025-07-22 14:55:00,2025-07-22 15:15:00,20.0,,공통
b140_base_r1,Proposed,39,BLK_39S,13,전면SAW,2,2025-07-23 02:16:49,2025-07-23 02:56:27,39.6,,공통
b140_base_r1,Proposed,39,BLK_39S,13,TurnOver,3,2025-07-23 02:56:27,2025-07-23 03:08:27,12.0,,공통
b140_base_r1,Proposed,39,BLK_39S,13,후면SAW,4,2025-07-23 04:31:49,2025-07-23 05:02:52,31.0,,공통
b140_base_r1,Proposed,39,BLK_39S,13,NC,5,2025-07-23 05:17:52,2025-07-23 05:49:02,31.2,,공통
b140_base_r1,Proposed,39,BLK_39S,13,베이35A 론지취부,6,2025-07-23 05:49:02,2025-07-23 06:48:02,59.0,35A,베이35A
b140_base_r1,Proposed,39,BLK_39S,13,베이35A 론지용접,7,2025-07-23 06:48:02,2025-07-23 07:09:26,21.4,35A,베이35A
b140_base_r1,Proposed,39,BLK_39S,13,베이35A 수정,8,2025-07-23 07:09:26,2025-07-23 07:45:14,35.8,35A,베이35A
b140_base_r1,Proposed,12,BLK_12S,14,판계,1,2025-07-22 15:15:00,2025-07-22 15:35:00,20.0,,공통
b140_base_r1,Proposed,12,BLK_12S,14,전면SAW,2,2025-07-23 02:56:27,2025-07-23 04:51:05,114.6,,공통
b140_base_r1,Proposed,12,BLK_12S,14,TurnOver,3,2025-07-23 04:51:05,2025-07-23 05:03:05,12.0,,공통
b140_base_r1,Proposed,12,BLK_12S,14,후면SAW,4,2025-07-23 05:03:05,2025-07-23 06:58:45,115.7,,공통
b140_base_r1,Proposed,12,BLK_12S,14,NC,5,2025-07-23 06:58:45,2025-07-23 07:24:25,25.7,,공통
b140_base_r1,Proposed,12,BLK_12S,14,베이36B 론지취부,6,2025-07-23 07:24:25,2025-07-23 08:05:55,41.5,36B,베이36B
b140_base_r1,Proposed,12,BLK_12S,14,베이36B 론지용접,7,2025-07-23 08:05:55,2025-07-23 08:20:19,14.4,36B,베이36B
b140_base_r1,Proposed,12,BLK_12S,14,베이36B 수정,8,2025-07-23 08:20:19,2025-07-23 08:45:07,24.8,36B,베이36B
b140_base_r1,Proposed,80,BLK_80P,15,판계,1,2025-07-22 15:35:00,2025-07-22 16:05:00,30.0,,공통
b140_base_r1,Proposed,80,BLK_80P,15,전면SAW,2,2025-07-23 04:51:05,2025-07-23 05:29:40,38.6,,공통
b140_base_r1,Proposed,80,BLK_80P,15,TurnOver,3,2025-07-23 05:29:40,2025-07-23 05:41:40,12.0,,공통
b140_base_r1,Proposed,80,BLK_80P,15,후면SAW,4,2025-07-23 06:58:45,2025-07-23 07:28:24,29.7,,공통
b140_base_r1,Proposed,80,BLK_80P,15,NC,5,2025-07-23 07:28:24,2025-07-23 08:09:55,41.5,,공통
b140_base_r1,Proposed,80,BLK_80P,15,베이35A 론지취부,6,2025-07-23 08:09:55,2025-07-23 09:33:25,83.5,35A,베이35A
b140_base_r1,Proposed,80,BLK_80P,15,베이35A 론지용접,7,2025-07-23 09:33:25,2025-07-23 09:59:01,25.6,35A,베이35A
b140_base_r1,Proposed,80,BLK_80P,15,베이35A 수정,8,2025-07-23 09:59:01,2025-07-23 10:50:13,51.2,35A,베이35A
b140_base_r1,Proposed,40,BLK_40C,16,판계,1,2025-07-22 16:05:00,2025-07-22 16:25:00,20.0,,공통
b140_base_r1,Proposed,40,BLK_40C,16,전면SAW,2,2025-07-23 05:29:40,2025-07-23 07:35:34,125.9,,공통
b140_base_r1,Proposed,40,BLK_40C,16,TurnOver,3,2025-07-23 07:35:34,2025-07-23 07:47:34,12.0,,공통
b140_base_r1,Proposed,40,BLK_40C,16,후면SAW,4,2025-07-23 07:47:34,2025-07-23 09:30:06,102.5,,공통
b140_base_r1,Proposed,40,BLK_40C,16,NC,5,2025-07-23 09:30:06,2025-07-23 09:56:10,26.1,,공통
b140_base_r1,Proposed,40,BLK_40C,16,베이36B 론지취부,6,2025-07-23 09:56:10,2025-07-23 10:41:10,45.0,36B,베이36B
b140_base_r1,Proposed,40,BLK_40C,16,베이36B 론지용접,7,2025-07-23 10:41:10,2025-07-23 10:56:10,15.0,36B,베이36B
b140_base_r1,Proposed,40,BLK_40C,16,베이36B 수정,8,2025-07-23 10:56:10,2025-07-23 11:23:10,27.0,36B,베이36B
b140_base_r1,Proposed,23,BLK_23S,1,판계,1,2025-07-23 08:00:00,2025-07-23 08:20:00,20.0,,공통
b140_base_r1,Proposed,23,BLK_23S,1,전면SAW,2,2025-07-23 08:20:00,2025-07-23 08:57:25,37.4,,공통
b140_base_r1,Proposed,23,BLK_23S,1,TurnOver,3,2025-07-23 08:57:25,2025-07-23 09:09:25,12.0,,공통
b140_base_r1,Proposed,23,BLK_23S,1,후면SAW,4,2025-07-23 09:09:25,2025-07-23 09:37:31,28.1,,공통
b140_base_r1,Proposed,23,BLK_23S,1,NC,5,2025-07-23 09:37:31,2025-07-23 10:05:58,28.4,,공통
b140_base_r1,Proposed,23,BLK_23S,1,베이35A 론지취부,6,2025-07-23 10:05:58,2025-07-23 11:01:28,55.5,35A,베이35A
b140_base_r1,Proposed,23,BLK_23S,1,베이35A 론지용접,7,2025-07-23 11:01:28,2025-07-23 11:22:16,20.8,35A,베이35A
b140_base_r1,Proposed,23,BLK_23S,1,베이35A 수정,8,2025-07-23 11:22:16,2025-07-23 11:55:52,33.6,35A,베이35A
b140_base_r1,Proposed,100,BLK_100P,2,판계,1,2025-07-23 08:20:00,2025-07-23 09:05:00,45.0,,공통
b140_base_r1,Proposed,100,BLK_100P,2,전면SAW,2,2025-07-23 09:05:00,2025-07-23 11:38:51,153.9,,공통
b140_base_r1,Proposed,100,BLK_100P,2,TurnOver,3,2025-07-23 11:38:51,2025-07-23 11:50:51,12.0,,공통
b140_base_r1,Proposed,100,BLK_100P,2,후면SAW,4,2025-07-23 11:50:51,2025-07-23 14:04:21,133.5,,공통
b140_base_r1,Proposed,100,BLK_100P,2,NC,5,2025-07-23 14:04:21,2025-07-23 14:56:21,52.0,,공통
b140_base_r1,Proposed,100,BLK_100P,2,베이36B 론지취부,6,2025-07-23 14:56:21,2025-07-23 16:12:51,76.5,36B,베이36B
b140_base_r1,Proposed,100,BLK_100P,2,베이36B 론지용접,7,2025-07-23 16:12:51,2025-07-23 16:37:15,24.4,36B,베이36B
b140_base_r1,Proposed,100,BLK_100P,2,베이36B 수정,8,2025-07-23 16:37:15,2025-07-23 17:24:03,46.8,36B,베이36B
b140_base_r1,Proposed,32,BLK_32S,3,판계,1,2025-07-23 09:05:00,2025-07-23 09:30:00,25.0,,공통
b140_base_r1,Proposed,32,BLK_32S,3,전면SAW,2,2025-07-23 11:38:51,2025-07-23 12:12:49,34.0,,공통
b140_base_r1,Proposed,32,BLK_32S,3,TurnOver,3,2025-07-23 12:12:49,2025-07-23 12:24:49,12.0,,공통
b140_base_r1,Proposed,32,BLK_32S,3,후면SAW,4,2025-07-23 14:04:21,2025-07-23 14:27:54,23.6,,공통
b140_base_r1,Proposed,32,BLK_32S,3,NC,5,2025-07-23 14:56:21,2025-07-23 15:31:12,34.9,,공통
b140_base_r1,Proposed,32,BLK_32S,3,베이35A 론지취부,6,2025-07-23 15:31:12,2025-07-23 16:37:12,66.0,35A,베이35A
b140_base_r1,Proposed,32,BLK_32S,3,베이35A 론지용접,7,2025-07-23 16:37:12,2025-07-23 16:59:48,22.6,35A,베이35A
b140_base_r1,Proposed,32,BLK_32S,3,베이35A 수정,8,2025-07-23 16:59:48,2025-07-23 17:40:00,40.2,35A,베이35A
b140_base_r1,Proposed,131,BLK_131S,4,판계,1,2025-07-23 09:30:00,2025-07-23 10:15:00,45.0,,공통
b140_base_r1,Proposed,131,BLK_131S,4,전면SAW,2,2025-07-23 12:12:49,2025-07-23 14:29:24,136.6,,공통
b140_base_r1,Proposed,131,BLK_131S,4,TurnOver,3,2025-07-23 14:29:24,2025-07-23 14:41:24,12.0,,공통
b140_base_r1,Proposed,131,BLK_131S,4,후면SAW,4,2025-07-23 14:41:24,2025-07-23 16:20:48,99.4,,공통
b140_base_r1,Proposed,131,BLK_131S,4,NC,5,2025-07-23 16:20:48,2025-07-23 17:11:33,50.8,,공통
b140_base_r1,Proposed,131,BLK_131S,4,베이36B 론지취부,6,2025-07-23 17:11:33,2025-07-23 18:35:03,83.5,36B,베이36B
b140_base_r1,Proposed,131,BLK_131S,4,베이36B 론지용접,7,2025-07-23 18:35:03,2025-07-23 19:00:39,25.6,36B,베이36B
b140_base_r1,Proposed,131,BLK_131S,4,베이36B 수정,8,2025-07-23 19:00:39,2025-07-23 19:51:51,51.2,36B,베이36B
b140_base_r1,Proposed,20,BLK_20S,5,판계,1,2025-07-23 10:15:00,2025-07-23 10:35:00,20.0,,공통
b140_base_r1,Proposed,20,BLK_20S,5,전면SAW,2,2025-07-23 14:29:24,2025-07-23 15:10:06,40.7,,공통
b140_base_r1,Proposed,20,BLK_20S,5,TurnOver,3,2025-07-23 15:10:06,2025-07-23 15:22:06,12.0,,공통
b140_base_r1,Proposed,20,BLK_20S,5,후면SAW,4,2025-07-23 16:20:48,2025-07-23 16:53:13,32.4,,공통
b140_base_r1,Proposed,20,BLK_20S,5,NC,5,2025-07-23 17:11:33,2025-07-23 17:39:45,28.2,,공통
b140_base_r1,Proposed,20,BLK_20S,5,베이35A 론지취부,6,2025-07-23 17:39:45,2025-07-23 18:14:15,34.5,35A,베이35A
b140_base_r1,Proposed,20,BLK_20S,5,베이35A 론지용접,7,2025-07-23 18:14:15,2025-07-23 18:31:27,17.2,35A,베이35A
b140_base_r1,Proposed,20,BLK_20S,5,베이35A 수정,8,2025-07-23 18:31:27,2025-07-23 18:51:51,20.4,35A,베이35A
b140_base_r1,Proposed,85,BLK_85S,6,판계,1,2025-07-23 10:35:00,2025-07-23 11:05:00,30.0,,공통
b140_base_r1,Proposed,85,BLK_85S,6,전면SAW,2,2025-07-23 15:10:06,2025-07-23 16:35:29,85.4,,공통
b140_base_r1,Proposed,85,BLK_85S,6,TurnOver,3,2025-07-23 16:35:29,2025-07-23 16:47:29,12.0,,공통
b140_base_r1,Proposed,85,BLK_85S,6,후면SAW,4,2025-07-23 16:53:13,2025-07-23 17:58:50,65.6,,공통
b140_base_r1,Proposed,85,BLK_85S,6,NC,5,2025-07-23 17:58:50,2025-07-23 18:51:40,52.8,,공통
b140_base_r1,Proposed,85,BLK_85S,6,베이36B 론지취부,6,2025-07-23 18:51:40,2025-07-23 20:04:40,73.0,36B,베이36B
b140_base_r1,Proposed,85,BLK_85S,6,베이36B 론지용접,7,2025-07-23 20:04:40,2025-07-23 20:28:28,23.8,36B,베이36B
b140_base_r1,Proposed,85,BLK_85S,6,베이36B 수정,8,2025-07-23 20:28:28,2025-07-23 21:13:04,44.6,36B,베이36B
b140_base_r1,Proposed,90,BLK_90P,7,판계,1,2025-07-23 11:05:00,2025-07-23 11:17:00,12.0,,공통
b140_base_r1,Proposed,90,BLK_90P,7,전면SAW,2,2025-07-23 16:35:29,2025-07-23 17:22:21,46.9,,공통
b140_base_r1,Proposed,90,BLK_90P,7,TurnOver,3,2025-07-23 17:22:21,2025-07-23 17:34:21,12.0,,공통
b140_base_r1,Proposed,90,BLK_90P,7,후면SAW,4,2025-07-23 17:58:50,2025-07-23 18:39:22,40.5,,공통
b140_base_r1,Proposed,90,BLK_90P,7,NC,5,2025-07-23 18:51:40,2025-07-23 19:12:02,20.4,,공통
b140_base_r1,Proposed,90,BLK_90P,7,베이35A 론지취부,6,2025-07-23 19:12:02,2025-07-23 19:46:32,34.5,35A,베이35A
b140_base_r1,Proposed,90,BLK_90P,7,베이35A 론지용접,7,2025-07-23 19:46:32,2025-07-23 19:59:44,13.2,35A,베이35A
b140_base_r1,Proposed,90,BLK_90P,7,베이35A 수정,8,2025-07-23 19:59:44,2025-07-23 20:20:08,20.4,35A,베이35A
b140_base_r1,Proposed,105,BLK_105S,8,판계,1,2025-07-23 11:17:00,2025-07-23 11:44:00,27.0,,공통
b140_base_r1,Proposed,105,BLK_105S,8,전면SAW,2,2025-07-23 17:22:21,2025-07-23 19:17:00,114.7,,공통
b140_base_r1,Proposed,105,BLK_105S,8,TurnOver,3,2025-07-23 19:17:00,2025-07-23 19:29:00,12.0,,공통
b140_base_r1,Proposed,105,BLK_105S,8,후면SAW,4,2025-07-23 19:29:00,2025-07-23 20:50:51,81.8,,공통
b140_base_r1,Proposed,105,BLK_105S,8,NC,5,2025-07-23 20:50:51,2025-07-23 21:22:44,31.9,,공통
b140_base_r1,Proposed,105,BLK_105S,8,베이36B 론지취부,6,2025-07-23 21:22:44,2025-07-23 22:00:44,38.0,36B,베이36B
b140_base_r1,Proposed,105,BLK_105S,8,베이36B 론지용접,7,2025-07-23 22:00:44,2025-07-23 22:18:32,17.8,36B,베이36B
b140_base_r1,Proposed,105,BLK_105S,8,베이36B 수정,8,2025-07-23 22:18:32,2025-07-23 22:41:08,22.6,36B,베이36B
b140_base_r1,Proposed,81,BLK_81C,9,판계,1,2025-07-23 11:44:00,2025-07-23 11:56:00,12.0,,공통
b140_base_r1,Proposed,81,BLK_81C,9,전면SAW,2,2025-07-23 19:17:00,2025-07-23 20:00:07,43.1,,공통
b140_base_r1,Proposed,81,BLK_81C,9,TurnOver,3,2025-07-23 20:00:07,2025-07-23 20:12:07,12.0,,공통
b140_base_r1,Proposed,81,BLK_81C,9,후면SAW,4,2025-07-23 20:50:51,2025-07-23 21:26:28,35.6,,공통
b140_base_r1,Proposed,81,BLK_81C,9,NC,5,2025-07-23 21:26:28,2025-07-23 21:48:49,22.4,,공통
b140_base_r1,Proposed,81,BLK_81C,9,베이35A 론지취부,6,2025-07-23 21:48:49,2025-07-23 22:19:49,31.0,35A,베이35A
b140_base_r1,Proposed,81,BLK_81C,9,베이35A 론지용접,7,2025-07-23 22:19:49,2025-07-23 22:36:25,16.6,35A,베이35A
b140_base_r1,Proposed,81,BLK_81C,9,베이35A 수정,8,2025-07-23 22:36:25,2025-07-23 22:54:37,18.2,35A,베이35A
b140_base_r1,Proposed,55,BLK_55S,10,판계,1,2025-07-23 11:56:00,2025-07-23 12:34:00,38.0,,공통
b140_base_r1,Proposed,55,BLK_55S,10,전면SAW,2,2025-07-23 20:00:07,2025-07-23 21:26:26,86.3,,공통
b140_base_r1,Proposed,55,BLK_55S,10,TurnOver,3,2025-07-23 21:26:26,2025-07-23 21:38:26,12.0,,공통
b140_base_r1,Proposed,55,BLK_55S,10,후면SAW,4,2025-07-23 21:38:26,2025-07-23 22:44:53,66.5,,공통
b140_base_r1,Proposed,55,BLK_55S,10,NC,5,2025-07-23 22:44:53,2025-07-23 23:30:15,45.4,,공통
b140_base_r1,Proposed,55,BLK_55S,10,베이36B 론지취부,6,2025-07-23 23:30:15,2025-07-24 00:39:45,69.5,36B,베이36B
b140_base_r1,Proposed,55,BLK_55S,10,베이36B 론지용접,7,2025-07-24 00:39:45,2025-07-24 01:02:57,23.2,36B,베이36B
b140_base_r1,Proposed,55,BLK_55S,10,베이36B 수정,8,2025-07-24 01:02:57,2025-07-24 01:45:21,42.4,36B,베이36B
b140_base_r1,Proposed,8,BLK_8P,11,판계,1,2025-07-23 12:34:00,2025-07-23 13:04:00,30.0,,공통
b140_base_r1,Proposed,8,BLK_8P,11,전면SAW,2,2025-07-23 21:26:26,2025-07-23 23:13:23,107.0,,공통
b140_base_r1,Proposed,8,BLK_8P,11,TurnOver,3,2025-07-23 23:13:23,2025-07-23 23:25:23,12.0,,공통
b140_base_r1,Proposed,8,BLK_8P,11,후면SAW,4,2025-07-23 23:25:23,2025-07-24 00:50:39,85.3,,공통
b140_base_r1,Proposed,8,BLK_8P,11,NC,5,2025-07-24 00:50:39,2025-07-24 01:43:42,53.0,,공통
b140_base_r1,Proposed,8,BLK_8P,11,베이35A 론지취부,6,2025-07-24 01:43:42,2025-07-24 02:39:12,55.5,35A,베이35A
b140_base_r1,Proposed,8,BLK_8P,11,베이35A 론지용접,7,2025-07-24 02:39:12,2025-07-24 03:00:00,20.8,35A,베이35A
b140_base_r1,Proposed,8,BLK_8P,11,베이35A 수정,8,2025-07-24 03:00:00,2025-07-24 03:33:36,33.6,35A,베이35A
b140_base_r1,Proposed,36,BLK_36C,12,판계,1,2025-07-23 13:04:00,2025-07-23 13:37:00,33.0,,공통
b140_base_r1,Proposed,36,BLK_36C,12,전면SAW,2,2025-07-23 23:13:23,2025-07-24 01:03:39,110.3,,공통
b140_base_r1,Proposed,36,BLK_36C,12,TurnOver,3,2025-07-24 01:03:39,2025-07-24 01:15:39,12.0,,공통
b140_base_r1,Proposed,36,BLK_36C,12,후면SAW,4,2025-07-24 01:15:39,2025-07-24 02:43:57,88.3,,공통
b140_base_r1,Proposed,36,BLK_36C,12,NC,5,2025-07-24 02:43:57,2025-07-24 03:23:53,39.9,,공통
b140_base_r1,Proposed,36,BLK_36C,12,베이36B 론지취부,6,2025-07-24 03:23:53,2025-07-24 04:15:53,52.0,36B,베이36B
b140_base_r1,Proposed,36,BLK_36C,12,베이36B 론지용접,7,2025-07-24 04:15:53,2025-07-24 04:36:05,20.2,36B,베이36B
b140_base_r1,Proposed,36,BLK_36C,12,베이36B 수정,8,2025-07-24 04:36:05,2025-07-24 05:07:29,31.4,36B,베이36B
