grid_case_id,method_label,size_bucket,total_blocks,distribution_profile,graph_makespan_hours,graph_violations,date,block_id,block_name,sequence,process_name,process_index,start_time,end_time,duration_min,assigned_bay,machine_type,unity_process_row_source,source_representative_block_id
b120_sub_heavy_r1,MSF,Medium (81-140),120,sub_heavy,181.25,22,20250808,57,BLK_57S,1,판계,1,2025-08-08 08:00:00,2025-08-08 08:20:00,20.0,,공통,raw,
b120_sub_heavy_r1,MSF,Medium (81-140),120,sub_heavy,181.25,22,20250808,57,BLK_57S,1,전면SAW,2,2025-08-08 08:20:00,2025-08-08 09:00:02,40.0,,공통,raw,
b120_sub_heavy_r1,MSF,Medium (81-140),120,sub_heavy,181.25,22,20250808,57,BLK_57S,1,TurnOver,3,2025-08-08 09:00:02,2025-08-08 09:12:02,12.0,,공통,raw,
b120_sub_heavy_r1,MSF,Medium (81-140),120,sub_heavy,181.25,22,20250808,57,BLK_57S,1,후면SAW,4,2025-08-08 09:12:02,2025-08-08 09:43:36,31.6,,공통,raw,
b120_sub_heavy_r1,MSF,Medium (81-140),120,sub_heavy,181.25,22,20250808,57,BLK_57S,1,NC,5,2025-08-08 09:43:36,2025-08-08 10:15:57,32.4,,공통,raw,
b120_sub_heavy_r1,MSF,Medium (81-140),120,sub_heavy,181.25,22,20250808,57,BLK_57S,1,베이35A 론지취부,6,2025-08-08 10:15:57,2025-08-08 11:18:27,62.5,35A,베이35A,raw,
b120_sub_heavy_r1,MSF,Medium (81-140),120,sub_heavy,181.25,22,20250808,57,BLK_57S,1,베이35A 론지용접,7,2025-08-08 11:18:27,2025-08-08 11:40:27,22.0,35A,베이35A,raw,
b120_sub_heavy_r1,MSF,Medium (81-140),120,sub_heavy,181.25,22,20250808,57,BLK_57S,1,베이35A 수정,8,2025-08-08 11:40:27,2025-08-08 12:18:27,38.0,35A,베이35A,raw,
b120_sub_heavy_r1,MSF,Medium (81-140),120,sub_heavy,181.25,22,20250808,67,BLK_67P,2,판계,1,2025-08-08 08:20:00,2025-08-08 08:45:00,25.0,,공통,raw,
b120_sub_heavy_r1,MSF,Medium (81-140),120,sub_heavy,181.25,22,20250808,67,BLK_67P,2,전면SAW,2,2025-08-08 09:00:02,2025-08-08 09:33:30,33.5,,공통,raw,
b120_sub_heavy_r1,MSF,Medium (81-140),120,sub_heavy,181.25,22,20250808,67,BLK_67P,2,TurnOver,3,2025-08-08 09:33:30,2025-08-08 09:45:30,12.0,,공통,raw,
b120_sub_heavy_r1,MSF,Medium (81-140),120,sub_heavy,181.25,22,20250808,67,BLK_67P,2,후면SAW,4,2025-08-08 09:45:30,2025-08-08 10:08:25,22.9,,공통,raw,
b120_sub_heavy_r1,MSF,Medium (81-140),120,sub_heavy,181.25,22,20250808,67,BLK_67P,2,NC,5,2025-08-08 10:15:57,2025-08-08 10:50:24,34.5,,공통,raw,
b120_sub_heavy_r1,MSF,Medium (81-140),120,sub_heavy,181.25,22,20250808,67,BLK_67P,2,베이36B 론지취부,6,2025-08-08 10:50:24,2025-08-08 11:31:54,41.5,36B,베이36B,raw,
b120_sub_heavy_r1,MSF,Medium (81-140),120,sub_heavy,181.25,22,20250808,67,BLK_67P,2,베이36B 론지용접,7,2025-08-08 11:31:54,2025-08-08 11:50:18,18.4,36B,베이36B,raw,
b120_sub_heavy_r1,MSF,Medium (81-140),120,sub_heavy,181.25,22,20250808,67,BLK_67P,2,베이36B 수정,8,2025-08-08 11:50:18,2025-08-08 12:15:06,24.8,36B,베이36B,raw,
b120_sub_heavy_r1,MSF,Medium (81-140),120,sub_heavy,181.25,22,20250808,47,BLK_47C,3,판계,1,2025-08-08 08:45:00,2025-08-08 09:15:00,30.0,,공통,raw,
b120_sub_heavy_r1,MSF,Medium (81-140),120,sub_heavy,181.25,22,20250808,47,BLK_47C,3,전면SAW,2,2025-08-08 09:33:30,2025-08-08 11:19:09,105.6,,공통,raw,
b120_sub_heavy_r1,MSF,Medium (81-140),120,sub_heavy,181.25,22,20250808,47,BLK_47C,3,TurnOver,3,2025-08-08 11:19:09,2025-08-08 11:31:09,12.0,,공통,raw,
b120_sub_heavy_r1,MSF,Medium (81-140),120,sub_heavy,181.25,22,20250808,47,BLK_47C,3,후면SAW,4,2025-08-08 11:31:09,2025-08-08 12:55:13,84.1,,공통,raw,
b120_sub_heavy_r1,MSF,Medium (81-140),120,sub_heavy,181.25,22,20250808,47,BLK_47C,3,NC,5,2025-08-08 12:55:13,2025-08-08 13:48:52,53.6,,공통,raw,
b120_sub_heavy_r1,MSF,Medium (81-140),120,sub_heavy,181.25,22,20250808,47,BLK_47C,3,베이35A 론지취부,6,2025-08-08 13:48:52,2025-08-08 15:05:22,76.5,35A,베이35A,raw,
b120_sub_heavy_r1,MSF,Medium (81-140),120,sub_heavy,181.25,22,20250808,47,BLK_47C,3,베이35A 론지용접,7,2025-08-08 15:05:22,2025-08-08 15:29:46,24.4,35A,베이35A,raw,
b120_sub_heavy_r1,MSF,Medium (81-140),120,sub_heavy,181.25,22,20250808,47,BLK_47C,3,베이35A 수정,8,2025-08-08 15:29:46,2025-08-08 16:16:34,46.8,35A,베이35A,raw,
b120_sub_heavy_r1,MSF,Medium (81-140),120,sub_heavy,181.25,22,20250808,77,BLK_77P,4,판계,1,2025-08-08 09:15:00,2025-08-08 09:45:00,30.0,,공통,raw,
b120_sub_heavy_r1,MSF,Medium (81-140),120,sub_heavy,181.25,22,20250808,77,BLK_77P,4,전면SAW,2,2025-08-08 11:19:09,2025-08-08 12:55:20,96.2,,공통,raw,
b120_sub_heavy_r1,MSF,Medium (81-140),120,sub_heavy,181.25,22,20250808,77,BLK_77P,4,TurnOver,3,2025-08-08 12:55:20,2025-08-08 13:07:20,12.0,,공통,raw,
b120_sub_heavy_r1,MSF,Medium (81-140),120,sub_heavy,181.25,22,20250808,77,BLK_77P,4,후면SAW,4,2025-08-08 13:07:20,2025-08-08 14:22:48,75.5,,공통,raw,
b120_sub_heavy_r1,MSF,Medium (81-140),120,sub_heavy,181.25,22,20250808,77,BLK_77P,4,NC,5,2025-08-08 14:22:48,2025-08-08 15:17:33,54.8,,공통,raw,
b120_sub_heavy_r1,MSF,Medium (81-140),120,sub_heavy,181.25,22,20250808,77,BLK_77P,4,베이36B 론지취부,6,2025-08-08 15:17:33,2025-08-08 17:12:33,115.0,36B,베이36B,raw,
b120_sub_heavy_r1,MSF,Medium (81-140),120,sub_heavy,181.25,22,20250808,77,BLK_77P,4,베이36B 론지용접,7,2025-08-08 17:12:33,2025-08-08 17:43:33,31.0,36B,베이36B,raw,
b120_sub_heavy_r1,MSF,Medium (81-140),120,sub_heavy,181.25,22,20250808,77,BLK_77P,4,베이36B 수정,8,2025-08-08 17:43:33,2025-08-08 18:54:33,71.0,36B,베이36B,raw,
b120_sub_heavy_r1,MSF,Medium (81-140),120,sub_heavy,181.25,22,20250808,97,BLK_97P,5,판계,1,2025-08-08 09:45:00,2025-08-08 09:57:00,12.0,,공통,raw,
b120_sub_heavy_r1,MSF,Medium (81-140),120,sub_heavy,181.25,22,20250808,97,BLK_97P,5,전면SAW,2,2025-08-08 12:55:20,2025-08-08 14:00:25,65.1,,공통,raw,
b120_sub_heavy_r1,MSF,Medium (81-140),120,sub_heavy,181.25,22,20250808,97,BLK_97P,5,TurnOver,3,2025-08-08 14:00:25,2025-08-08 14:12:25,12.0,,공통,raw,
b120_sub_heavy_r1,MSF,Medium (81-140),120,sub_heavy,181.25,22,20250808,97,BLK_97P,5,후면SAW,4,2025-08-08 14:22:48,2025-08-08 15:27:19,64.5,,공통,raw,
b120_sub_heavy_r1,MSF,Medium (81-140),120,sub_heavy,181.25,22,20250808,97,BLK_97P,5,NC,5,2025-08-08 15:27:19,2025-08-08 15:48:24,21.1,,공통,raw,
b120_sub_heavy_r1,MSF,Medium (81-140),120,sub_heavy,181.25,22,20250808,97,BLK_97P,5,베이35A 론지취부,6,2025-08-08 15:48:24,2025-08-08 16:43:54,55.5,35A,베이35A,raw,
b120_sub_heavy_r1,MSF,Medium (81-140),120,sub_heavy,181.25,22,20250808,97,BLK_97P,5,베이35A 론지용접,7,2025-08-08 16:43:54,2025-08-08 17:04:42,20.8,35A,베이35A,raw,
b120_sub_heavy_r1,MSF,Medium (81-140),120,sub_heavy,181.25,22,20250808,97,BLK_97P,5,베이35A 수정,8,2025-08-08 17:04:42,2025-08-08 17:38:18,33.6,35A,베이35A,raw,
b120_sub_heavy_r1,MSF,Medium (81-140),120,sub_heavy,181.25,22,20250808,58,BLK_58P,6,판계,1,2025-08-08 09:57:00,2025-08-08 10:24:00,27.0,,공통,raw,
b120_sub_heavy_r1,MSF,Medium (81-140),120,sub_heavy,181.25,22,20250808,58,BLK_58P,6,전면SAW,2,2025-08-08 14:00:25,2025-08-08 17:10:25,190.0,,공통,raw,
b120_sub_heavy_r1,MSF,Medium (81-140),120,sub_heavy,181.25,22,20250808,58,BLK_58P,6,TurnOver,3,2025-08-08 17:10:25,2025-08-08 17:22:25,12.0,,공통,raw,
b120_sub_heavy_r1,MSF,Medium (81-140),120,sub_heavy,181.25,22,20250808,58,BLK_58P,6,후면SAW,4,2025-08-08 17:22:25,2025-08-08 19:59:06,156.7,,공통,raw,
b120_sub_heavy_r1,MSF,Medium (81-140),120,sub_heavy,181.25,22,20250808,58,BLK_58P,6,NC,5,2025-08-08 19:59:06,2025-08-08 20:35:04,36.0,,공통,raw,
b120_sub_heavy_r1,MSF,Medium (81-140),120,sub_heavy,181.25,22,20250808,58,BLK_58P,6,베이36B 론지취부,6,2025-08-08 20:35:04,2025-08-08 22:02:04,87.0,36B,베이36B,raw,
b120_sub_heavy_r1,MSF,Medium (81-140),120,sub_heavy,181.25,22,20250808,58,BLK_58P,6,베이36B 론지용접,7,2025-08-08 22:02:04,2025-08-08 22:28:16,26.2,36B,베이36B,raw,
b120_sub_heavy_r1,MSF,Medium (81-140),120,sub_heavy,181.25,22,20250808,58,BLK_58P,6,베이36B 수정,8,2025-08-08 22:28:16,2025-08-08 23:21:40,53.4,36B,베이36B,raw,
b120_sub_heavy_r1,MSF,Medium (81-140),120,sub_heavy,181.25,22,20250808,48,BLK_48C,7,판계,1,2025-08-08 10:24:00,2025-08-08 10:57:00,33.0,,공통,raw,
b120_sub_heavy_r1,MSF,Medium (81-140),120,sub_heavy,181.25,22,20250808,48,BLK_48C,7,전면SAW,2,2025-08-08 17:10:25,2025-08-08 18:39:42,89.3,,공통,raw,
b120_sub_heavy_r1,MSF,Medium (81-140),120,sub_heavy,181.25,22,20250808,48,BLK_48C,7,TurnOver,3,2025-08-08 18:39:42,2025-08-08 18:51:42,12.0,,공통,raw,
b120_sub_heavy_r1,MSF,Medium (81-140),120,sub_heavy,181.25,22,20250808,48,BLK_48C,7,후면SAW,4,2025-08-08 19:59:06,2025-08-08 21:08:16,69.2,,공통,raw,
b120_sub_heavy_r1,MSF,Medium (81-140),120,sub_heavy,181.25,22,20250808,48,BLK_48C,7,NC,5,2025-08-08 21:08:16,2025-08-08 21:47:28,39.2,,공통,raw,
b120_sub_heavy_r1,MSF,Medium (81-140),120,sub_heavy,181.25,22,20250808,48,BLK_48C,7,베이35A 론지취부,6,2025-08-08 21:47:28,2025-08-08 22:39:28,52.0,35A,베이35A,raw,
b120_sub_heavy_r1,MSF,Medium (81-140),120,sub_heavy,181.25,22,20250808,48,BLK_48C,7,베이35A 론지용접,7,2025-08-08 22:39:28,2025-08-08 22:59:40,20.2,35A,베이35A,raw,
b120_sub_heavy_r1,MSF,Medium (81-140),120,sub_heavy,181.25,22,20250808,48,BLK_48C,7,베이35A 수정,8,2025-08-08 22:59:40,2025-08-08 23:31:04,31.4,35A,베이35A,raw,
b120_sub_heavy_r1,MSF,Medium (81-140),120,sub_heavy,181.25,22,20250808,98,BLK_98P,8,판계,1,2025-08-08 10:57:00,2025-08-08 11:24:00,27.0,,공통,raw,
b120_sub_heavy_r1,MSF,Medium (81-140),120,sub_heavy,181.25,22,20250808,98,BLK_98P,8,전면SAW,2,2025-08-08 18:39:42,2025-08-08 21:17:05,157.4,,공통,raw,
b120_sub_heavy_r1,MSF,Medium (81-140),120,sub_heavy,181.25,22,20250808,98,BLK_98P,8,TurnOver,3,2025-08-08 21:17:05,2025-08-08 21:29:05,12.0,,공통,raw,
b120_sub_heavy_r1,MSF,Medium (81-140),120,sub_heavy,181.25,22,20250808,98,BLK_98P,8,후면SAW,4,2025-08-08 21:29:05,2025-08-08 23:22:31,113.4,,공통,raw,
b120_sub_heavy_r1,MSF,Medium (81-140),120,sub_heavy,181.25,22,20250808,98,BLK_98P,8,NC,5,2025-08-08 23:22:31,2025-08-08 23:59:27,36.9,,공통,raw,
b120_sub_heavy_r1,MSF,Medium (81-140),120,sub_heavy,181.25,22,20250808,98,BLK_98P,8,베이36B 론지취부,6,2025-08-08 23:59:27,2025-08-09 00:47:57,48.5,36B,베이36B,raw,
b120_sub_heavy_r1,MSF,Medium (81-140),120,sub_heavy,181.25,22,20250808,98,BLK_98P,8,베이36B 론지용접,7,2025-08-09 00:47:57,2025-08-09 01:07:33,19.6,36B,베이36B,raw,
b120_sub_heavy_r1,MSF,Medium (81-140),120,sub_heavy,181.25,22,20250808,98,BLK_98P,8,베이36B 수정,8,2025-08-09 01:07:33,2025-08-09 01:36:45,29.2,36B,베이36B,raw,
b120_sub_heavy_r1,MSF,Medium (81-140),120,sub_heavy,181.25,22,20250808,68,BLK_68P,9,판계,1,2025-08-08 11:24:00,2025-08-08 11:49:00,25.0,,공통,raw,
b120_sub_heavy_r1,MSF,Medium (81-140),120,sub_heavy,181.25,22,20250808,68,BLK_68P,9,전면SAW,2,2025-08-08 21:17:05,2025-08-08 21:46:30,29.4,,공통,raw,
b120_sub_heavy_r1,MSF,Medium (81-140),120,sub_heavy,181.25,22,20250808,68,BLK_68P,9,TurnOver,3,2025-08-08 21:46:30,2025-08-08 21:58:30,12.0,,공통,raw,
b120_sub_heavy_r1,MSF,Medium (81-140),120,sub_heavy,181.25,22,20250808,68,BLK_68P,9,후면SAW,4,2025-08-08 23:22:31,2025-08-08 23:40:06,17.6,,공통,raw,
b120_sub_heavy_r1,MSF,Medium (81-140),120,sub_heavy,181.25,22,20250808,68,BLK_68P,9,NC,5,2025-08-08 23:59:27,2025-08-09 00:32:12,32.8,,공통,raw,
b120_sub_heavy_r1,MSF,Medium (81-140),120,sub_heavy,181.25,22,20250808,68,BLK_68P,9,베이35A 론지취부,6,2025-08-09 00:32:12,2025-08-09 01:03:12,31.0,35A,베이35A,raw,
b120_sub_heavy_r1,MSF,Medium (81-140),120,sub_heavy,181.25,22,20250808,68,BLK_68P,9,베이35A 론지용접,7,2025-08-09 01:03:12,2025-08-09 01:19:48,16.6,35A,베이35A,raw,
b120_sub_heavy_r1,MSF,Medium (81-140),120,sub_heavy,181.25,22,20250808,68,BLK_68P,9,베이35A 수정,8,2025-08-09 01:19:48,2025-08-09 01:38:00,18.2,35A,베이35A,raw,
b120_sub_heavy_r1,MSF,Medium (81-140),120,sub_heavy,181.25,22,20250808,87,BLK_87P,10,판계,1,2025-08-08 11:49:00,2025-08-08 12:14:00,25.0,,공통,raw,
b120_sub_heavy_r1,MSF,Medium (81-140),120,sub_heavy,181.25,22,20250808,87,BLK_87P,10,전면SAW,2,2025-08-08 21:46:30,2025-08-08 22:28:53,42.4,,공통,raw,
b120_sub_heavy_r1,MSF,Medium (81-140),120,sub_heavy,181.25,22,20250808,87,BLK_87P,10,TurnOver,3,2025-08-08 22:28:53,2025-08-08 22:40:53,12.0,,공통,raw,
b120_sub_heavy_r1,MSF,Medium (81-140),120,sub_heavy,181.25,22,20250808,87,BLK_87P,10,후면SAW,4,2025-08-08 23:40:06,2025-08-09 00:14:45,34.6,,공통,raw,
b120_sub_heavy_r1,MSF,Medium (81-140),120,sub_heavy,181.25,22,20250808,87,BLK_87P,10,NC,5,2025-08-09 00:32:12,2025-08-09 01:09:48,37.6,,공통,raw,
b120_sub_heavy_r1,MSF,Medium (81-140),120,sub_heavy,181.25,22,20250808,87,BLK_87P,10,베이36B 론지취부,6,2025-08-09 01:09:48,2025-08-09 02:12:18,62.5,36B,베이36B,raw,
b120_sub_heavy_r1,MSF,Medium (81-140),120,sub_heavy,181.25,22,20250808,87,BLK_87P,10,베이36B 론지용접,7,2025-08-09 02:12:18,2025-08-09 02:34:18,22.0,36B,베이36B,raw,
b120_sub_heavy_r1,MSF,Medium (81-140),120,sub_heavy,181.25,22,20250808,87,BLK_87P,10,베이36B 수정,8,2025-08-09 02:34:18,2025-08-09 03:12:18,38.0,36B,베이36B,raw,
b120_sub_heavy_r1,MSF,Medium (81-140),120,sub_heavy,181.25,22,20250808,78,BLK_78S,11,판계,1,2025-08-08 12:14:00,2025-08-08 12:44:00,30.0,,공통,raw,
b120_sub_heavy_r1,MSF,Medium (81-140),120,sub_heavy,181.25,22,20250808,78,BLK_78S,11,전면SAW,2,2025-08-08 22:28:53,2025-08-08 23:00:06,31.2,,공통,raw,
b120_sub_heavy_r1,MSF,Medium (81-140),120,sub_heavy,181.25,22,20250808,78,BLK_78S,11,TurnOver,3,2025-08-08 23:00:06,2025-08-08 23:12:06,12.0,,공통,raw,
b120_sub_heavy_r1,MSF,Medium (81-140),120,sub_heavy,181.25,22,20250808,78,BLK_78S,11,후면SAW,4,2025-08-09 00:14:45,2025-08-09 00:34:41,19.9,,공통,raw,
b120_sub_heavy_r1,MSF,Medium (81-140),120,sub_heavy,181.25,22,20250808,78,BLK_78S,11,NC,5,2025-08-09 01:09:48,2025-08-09 02:00:49,51.0,,공통,raw,
b120_sub_heavy_r1,MSF,Medium (81-140),120,sub_heavy,181.25,22,20250808,78,BLK_78S,11,베이36B 론지취부,6,2025-08-09 02:12:18,2025-08-09 04:10:48,118.5,36B,베이36B,raw,
b120_sub_heavy_r1,MSF,Medium (81-140),120,sub_heavy,181.25,22,20250808,78,BLK_78S,11,베이36B 론지용접,7,2025-08-09 04:10:48,2025-08-09 04:42:24,31.6,36B,베이36B,raw,
b120_sub_heavy_r1,MSF,Medium (81-140),120,sub_heavy,181.25,22,20250808,78,BLK_78S,11,베이36B 수정,8,2025-08-09 04:42:24,2025-08-09 05:55:36,73.2,36B,베이36B,raw,
b120_sub_heavy_r1,MSF,Medium (81-140),120,sub_heavy,181.25,22,20250808,107,BLK_107P,12,판계,1,2025-08-08 12:44:00,2025-08-08 13:29:00,45.0,,공통,raw,
b120_sub_heavy_r1,MSF,Medium (81-140),120,sub_heavy,181.25,22,20250808,107,BLK_107P,12,전면SAW,2,2025-08-08 23:00:06,2025-08-08 23:36:56,36.8,,공통,raw,
b120_sub_heavy_r1,MSF,Medium (81-140),120,sub_heavy,181.25,22,20250808,107,BLK_107P,12,TurnOver,3,2025-08-08 23:36:56,2025-08-08 23:48:56,12.0,,공통,raw,
b120_sub_heavy_r1,MSF,Medium (81-140),120,sub_heavy,181.25,22,20250808,107,BLK_107P,12,후면SAW,4,2025-08-09 00:34:41,2025-08-09 01:02:03,27.4,,공통,raw,
b120_sub_heavy_r1,MSF,Medium (81-140),120,sub_heavy,181.25,22,20250808,107,BLK_107P,12,NC,5,2025-08-09 02:00:49,2025-08-09 02:53:23,52.6,,공통,raw,
b120_sub_heavy_r1,MSF,Medium (81-140),120,sub_heavy,181.25,22,20250808,107,BLK_107P,12,베이35A 론지취부,6,2025-08-09 02:53:23,2025-08-09 03:59:23,66.0,35A,베이35A,raw,
b120_sub_heavy_r1,MSF,Medium (81-140),120,sub_heavy,181.25,22,20250808,107,BLK_107P,12,베이35A 론지용접,7,2025-08-09 03:59:23,2025-08-09 04:21:59,22.6,35A,베이35A,raw,
b120_sub_heavy_r1,MSF,Medium (81-140),120,sub_heavy,181.25,22,20250808,107,BLK_107P,12,베이35A 수정,8,2025-08-09 04:21:59,2025-08-09 05:02:11,40.2,35A,베이35A,raw,
b120_sub_heavy_r1,MSF,Medium (81-140),120,sub_heavy,181.25,22,20250808,5,BLK_5C,13,판계,1,2025-08-08 13:29:00,2025-08-08 14:04:00,35.0,,공통,raw,
b120_sub_heavy_r1,MSF,Medium (81-140),120,sub_heavy,181.25,22,20250808,5,BLK_5C,13,전면SAW,2,2025-08-08 23:36:56,2025-08-09 02:38:52,181.9,,공통,raw,
b120_sub_heavy_r1,MSF,Medium (81-140),120,sub_heavy,181.25,22,20250808,5,BLK_5C,13,TurnOver,3,2025-08-09 02:38:52,2025-08-09 02:50:52,12.0,,공통,raw,
b120_sub_heavy_r1,MSF,Medium (81-140),120,sub_heavy,181.25,22,20250808,5,BLK_5C,13,후면SAW,4,2025-08-09 02:50:52,2025-08-09 05:06:33,135.7,,공통,raw,
b120_sub_heavy_r1,MSF,Medium (81-140),120,sub_heavy,181.25,22,20250808,5,BLK_5C,13,NC,5,2025-08-09 05:06:33,2025-08-09 05:48:19,41.8,,공통,raw,
b120_sub_heavy_r1,MSF,Medium (81-140),120,sub_heavy,181.25,22,20250808,5,BLK_5C,13,베이36B 론지취부,6,2025-08-09 05:48:19,2025-08-09 07:32:49,104.5,36B,베이36B,raw,
b120_sub_heavy_r1,MSF,Medium (81-140),120,sub_heavy,181.25,22,20250808,5,BLK_5C,13,베이36B 론지용접,7,2025-08-09 07:32:49,2025-08-09 08:02:01,29.2,36B,베이36B,raw,
b120_sub_heavy_r1,MSF,Medium (81-140),120,sub_heavy,181.25,22,20250808,5,BLK_5C,13,베이36B 수정,8,2025-08-09 08:02:01,2025-08-09 09:06:25,64.4,36B,베이36B,raw,
b120_sub_heavy_r1,MSF,Medium (81-140),120,sub_heavy,181.25,22,20250808,9,BLK_9P,14,판계,1,2025-08-08 14:04:00,2025-08-08 14:24:00,20.0,,공통,raw,
b120_sub_heavy_r1,MSF,Medium (81-140),120,sub_heavy,181.25,22,20250808,9,BLK_9P,14,전면SAW,2,2025-08-09 02:38:52,2025-08-09 03:17:12,38.3,,공통,raw,
b120_sub_heavy_r1,MSF,Medium (81-140),120,sub_heavy,181.25,22,20250808,9,BLK_9P,14,TurnOver,3,2025-08-09 03:17:12,2025-08-09 03:29:12,12.0,,공통,raw,
b120_sub_heavy_r1,MSF,Medium (81-140),120,sub_heavy,181.25,22,20250808,9,BLK_9P,14,후면SAW,4,2025-08-09 05:06:33,2025-08-09 05:35:52,29.3,,공통,raw,
b120_sub_heavy_r1,MSF,Medium (81-140),120,sub_heavy,181.25,22,20250808,9,BLK_9P,14,NC,5,2025-08-09 05:48:19,2025-08-09 06:16:25,28.1,,공통,raw,
b120_sub_heavy_r1,MSF,Medium (81-140),120,sub_heavy,181.25,22,20250808,9,BLK_9P,14,베이35A 론지취부,6,2025-08-09 06:16:25,2025-08-09 07:18:55,62.5,35A,베이35A,raw,
b120_sub_heavy_r1,MSF,Medium (81-140),120,sub_heavy,181.25,22,20250808,9,BLK_9P,14,베이35A 론지용접,7,2025-08-09 07:18:55,2025-08-09 07:40:55,22.0,35A,베이35A,raw,
b120_sub_heavy_r1,MSF,Medium (81-140),120,sub_heavy,181.25,22,20250808,9,BLK_9P,14,베이35A 수정,8,2025-08-09 07:40:55,2025-08-09 08:18:55,38.0,35A,베이35A,raw,
b120_sub_heavy_r1,MSF,Medium (81-140),120,sub_heavy,181.25,22,20250808,7,BLK_7C,15,판계,1,2025-08-08 14:24:00,2025-08-08 14:49:00,25.0,,공통,raw,
b120_sub_heavy_r1,MSF,Medium (81-140),120,sub_heavy,181.25,22,20250808,7,BLK_7C,15,전면SAW,2,2025-08-09 03:17:12,2025-08-09 04:01:40,44.5,,공통,raw,
b120_sub_heavy_r1,MSF,Medium (81-140),120,sub_heavy,181.25,22,20250808,7,BLK_7C,15,TurnOver,3,2025-08-09 04:01:40,2025-08-09 04:13:40,12.0,,공통,raw,
b120_sub_heavy_r1,MSF,Medium (81-140),120,sub_heavy,181.25,22,20250808,7,BLK_7C,15,후면SAW,4,2025-08-09 05:35:52,2025-08-09 06:13:16,37.4,,공통,raw,
b120_sub_heavy_r1,MSF,Medium (81-140),120,sub_heavy,181.25,22,20250808,7,BLK_7C,15,NC,5,2025-08-09 06:16:25,2025-08-09 06:53:28,37.0,,공통,raw,
b120_sub_heavy_r1,MSF,Medium (81-140),120,sub_heavy,181.25,22,20250808,7,BLK_7C,15,베이36B 론지취부,6,2025-08-09 07:32:49,2025-08-09 08:52:49,80.0,36B,베이36B,raw,
b120_sub_heavy_r1,MSF,Medium (81-140),120,sub_heavy,181.25,22,20250808,7,BLK_7C,15,베이36B 론지용접,7,2025-08-09 08:52:49,2025-08-09 09:17:49,25.0,36B,베이36B,raw,
b120_sub_heavy_r1,MSF,Medium (81-140),120,sub_heavy,181.25,22,20250808,7,BLK_7C,15,베이36B 수정,8,2025-08-09 09:17:49,2025-08-09 10:06:49,49.0,36B,베이36B,raw,
b120_sub_heavy_r1,MSF,Medium (81-140),120,sub_heavy,181.25,22,20250808,17,BLK_17P,16,판계,1,2025-08-08 14:49:00,2025-08-08 15:09:00,20.0,,공통,raw,
b120_sub_heavy_r1,MSF,Medium (81-140),120,sub_heavy,181.25,22,20250808,17,BLK_17P,16,전면SAW,2,2025-08-09 04:01:40,2025-08-09 04:52:38,51.0,,공통,raw,
b120_sub_heavy_r1,MSF,Medium (81-140),120,sub_heavy,181.25,22,20250808,17,BLK_17P,16,TurnOver,3,2025-08-09 04:52:38,2025-08-09 05:04:38,12.0,,공통,raw,
b120_sub_heavy_r1,MSF,Medium (81-140),120,sub_heavy,181.25,22,20250808,17,BLK_17P,16,후면SAW,4,2025-08-09 06:13:16,2025-08-09 06:59:12,45.9,,공통,raw,
b120_sub_heavy_r1,MSF,Medium (81-140),120,sub_heavy,181.25,22,20250808,17,BLK_17P,16,NC,5,2025-08-09 06:59:12,2025-08-09 07:25:27,26.2,,공통,raw,
b120_sub_heavy_r1,MSF,Medium (81-140),120,sub_heavy,181.25,22,20250808,17,BLK_17P,16,베이35A 론지취부,6,2025-08-09 07:25:27,2025-08-09 08:06:57,41.5,35A,베이35A,raw,
b120_sub_heavy_r1,MSF,Medium (81-140),120,sub_heavy,181.25,22,20250808,17,BLK_17P,16,베이35A 론지용접,7,2025-08-09 08:06:57,2025-08-09 08:21:21,14.4,35A,베이35A,raw,
b120_sub_heavy_r1,MSF,Medium (81-140),120,sub_heavy,181.25,22,20250808,17,BLK_17P,16,베이35A 수정,8,2025-08-09 08:21:21,2025-08-09 08:46:09,24.8,35A,베이35A,raw,
b120_sub_heavy_r1,MSF,Medium (81-140),120,sub_heavy,181.25,22,20250808,21,BLK_21C,17,판계,1,2025-08-08 15:09:00,2025-08-08 15:29:00,20.0,,공통,raw,
b120_sub_heavy_r1,MSF,Medium (81-140),120,sub_heavy,181.25,22,20250808,21,BLK_21C,17,전면SAW,2,2025-08-09 04:52:38,2025-08-09 05:30:04,37.4,,공통,raw,
b120_sub_heavy_r1,MSF,Medium (81-140),120,sub_heavy,181.25,22,20250808,21,BLK_21C,17,TurnOver,3,2025-08-09 05:30:04,2025-08-09 05:42:04,12.0,,공통,raw,
b120_sub_heavy_r1,MSF,Medium (81-140),120,sub_heavy,181.25,22,20250808,21,BLK_21C,17,후면SAW,4,2025-08-09 06:59:12,2025-08-09 07:27:19,28.1,,공통,raw,
b120_sub_heavy_r1,MSF,Medium (81-140),120,sub_heavy,181.25,22,20250808,21,BLK_21C,17,NC,5,2025-08-09 07:27:19,2025-08-09 07:57:15,29.9,,공통,raw,
b120_sub_heavy_r1,MSF,Medium (81-140),120,sub_heavy,181.25,22,20250808,21,BLK_21C,17,베이36B 론지취부,6,2025-08-09 08:52:49,2025-08-09 09:48:19,55.5,36B,베이36B,raw,
b120_sub_heavy_r1,MSF,Medium (81-140),120,sub_heavy,181.25,22,20250808,21,BLK_21C,17,베이36B 론지용접,7,2025-08-09 09:48:19,2025-08-09 10:09:07,20.8,36B,베이36B,raw,
b120_sub_heavy_r1,MSF,Medium (81-140),120,sub_heavy,181.25,22,20250808,21,BLK_21C,17,베이36B 수정,8,2025-08-09 10:09:07,2025-08-09 10:42:43,33.6,36B,베이36B,raw,
b120_sub_heavy_r1,MSF,Medium (81-140),120,sub_heavy,181.25,22,20250808,19,BLK_19S,18,판계,1,2025-08-08 15:29:00,2025-08-08 16:02:00,33.0,,공통,raw,
b120_sub_heavy_r1,MSF,Medium (81-140),120,sub_heavy,181.25,22,20250808,19,BLK_19S,18,전면SAW,2,2025-08-09 05:30:04,2025-08-09 07:42:56,132.9,,공통,raw,
b120_sub_heavy_r1,MSF,Medium (81-140),120,sub_heavy,181.25,22,20250808,19,BLK_19S,18,TurnOver,3,2025-08-09 07:42:56,2025-08-09 07:54:56,12.0,,공통,raw,
b120_sub_heavy_r1,MSF,Medium (81-140),120,sub_heavy,181.25,22,20250808,19,BLK_19S,18,후면SAW,4,2025-08-09 07:54:56,2025-08-09 10:11:52,136.9,,공통,raw,
b120_sub_heavy_r1,MSF,Medium (81-140),120,sub_heavy,181.25,22,20250808,19,BLK_19S,18,NC,5,2025-08-09 10:11:52,2025-08-09 10:53:49,42.0,,공통,raw,
b120_sub_heavy_r1,MSF,Medium (81-140),120,sub_heavy,181.25,22,20250808,19,BLK_19S,18,베이35A 론지취부,6,2025-08-09 10:53:49,2025-08-09 11:42:19,48.5,35A,베이35A,raw,
b120_sub_heavy_r1,MSF,Medium (81-140),120,sub_heavy,181.25,22,20250808,19,BLK_19S,18,베이35A 론지용접,7,2025-08-09 11:42:19,2025-08-09 12:01:55,19.6,35A,베이35A,raw,
b120_sub_heavy_r1,MSF,Medium (81-140),120,sub_heavy,181.25,22,20250808,19,BLK_19S,18,베이35A 수정,8,2025-08-09 12:01:55,2025-08-09 12:31:07,29.2,35A,베이35A,raw,
b120_sub_heavy_r1,MSF,Medium (81-140),120,sub_heavy,181.25,22,20250808,88,BLK_88P,19,판계,1,2025-08-08 16:02:00,2025-08-08 16:27:00,25.0,,공통,raw,
b120_sub_heavy_r1,MSF,Medium (81-140),120,sub_heavy,181.25,22,20250808,88,BLK_88P,19,전면SAW,2,2025-08-09 07:42:56,2025-08-09 08:13:57,31.0,,공통,raw,
b120_sub_heavy_r1,MSF,Medium (81-140),120,sub_heavy,181.25,22,20250808,88,BLK_88P,19,TurnOver,3,2025-08-09 08:13:57,2025-08-09 08:25:57,12.0,,공통,raw,
b120_sub_heavy_r1,MSF,Medium (81-140),120,sub_heavy,181.25,22,20250808,88,BLK_88P,19,후면SAW,4,2025-08-09 10:11:52,2025-08-09 10:31:33,19.7,,공통,raw,
b120_sub_heavy_r1,MSF,Medium (81-140),120,sub_heavy,181.25,22,20250808,88,BLK_88P,19,NC,5,2025-08-09 10:53:49,2025-08-09 11:28:48,35.0,,공통,raw,
b120_sub_heavy_r1,MSF,Medium (81-140),120,sub_heavy,181.25,22,20250808,88,BLK_88P,19,베이36B 론지취부,6,2025-08-09 11:28:48,2025-08-09 12:20:48,52.0,36B,베이36B,raw,
b120_sub_heavy_r1,MSF,Medium (81-140),120,sub_heavy,181.25,22,20250808,88,BLK_88P,19,베이36B 론지용접,7,2025-08-09 12:20:48,2025-08-09 12:41:00,20.2,36B,베이36B,raw,
b120_sub_heavy_r1,MSF,Medium (81-140),120,sub_heavy,181.25,22,20250808,88,BLK_88P,19,베이36B 수정,8,2025-08-09 12:41:00,2025-08-09 13:12:24,31.4,36B,베이36B,raw,
b120_sub_heavy_r1,MSF,Medium (81-140),120,sub_heavy,181.25,22,20250808,13,BLK_13C,20,판계,1,2025-08-08 16:27:00,2025-08-08 17:00:00,33.0,,공통,raw,
b120_sub_heavy_r1,MSF,Medium (81-140),120,sub_heavy,181.25,22,20250808,13,BLK_13C,20,전면SAW,2,2025-08-09 08:13:57,2025-08-09 10:27:54,133.9,,공통,raw,
b120_sub_heavy_r1,MSF,Medium (81-140),120,sub_heavy,181.25,22,20250808,13,BLK_13C,20,TurnOver,3,2025-08-09 10:27:54,2025-08-09 10:39:54,12.0,,공통,raw,
b120_sub_heavy_r1,MSF,Medium (81-140),120,sub_heavy,181.25,22,20250808,13,BLK_13C,20,후면SAW,4,2025-08-09 10:39:54,2025-08-09 12:29:48,109.9,,공통,raw,
b120_sub_heavy_r1,MSF,Medium (81-140),120,sub_heavy,181.25,22,20250808,13,BLK_13C,20,NC,5,2025-08-09 12:29:48,2025-08-09 13:11:58,42.2,,공통,raw,
b120_sub_heavy_r1,MSF,Medium (81-140),120,sub_heavy,181.25,22,20250808,13,BLK_13C,20,베이35A 론지취부,6,2025-08-09 13:11:58,2025-08-09 14:14:28,62.5,35A,베이35A,raw,
b120_sub_heavy_r1,MSF,Medium (81-140),120,sub_heavy,181.25,22,20250808,13,BLK_13C,20,베이35A 론지용접,7,2025-08-09 14:14:28,2025-08-09 14:36:28,22.0,35A,베이35A,raw,
b120_sub_heavy_r1,MSF,Medium (81-140),120,sub_heavy,181.25,22,20250808,13,BLK_13C,20,베이35A 수정,8,2025-08-09 14:36:28,2025-08-09 15:14:28,38.0,35A,베이35A,raw,
b120_sub_heavy_r1,MSF,Medium (81-140),120,sub_heavy,181.25,22,20250808,10,BLK_10P,21,판계,1,2025-08-08 17:00:00,2025-08-08 17:12:00,12.0,,공통,raw,
b120_sub_heavy_r1,MSF,Medium (81-140),120,sub_heavy,181.25,22,20250808,10,BLK_10P,21,전면SAW,2,2025-08-09 10:27:54,2025-08-09 11:12:56,45.0,,공통,raw,
b120_sub_heavy_r1,MSF,Medium (81-140),120,sub_heavy,181.25,22,20250808,10,BLK_10P,21,TurnOver,3,2025-08-09 11:12:56,2025-08-09 11:24:56,12.0,,공통,raw,
b120_sub_heavy_r1,MSF,Medium (81-140),120,sub_heavy,181.25,22,20250808,10,BLK_10P,21,후면SAW,4,2025-08-09 12:29:48,2025-08-09 13:07:56,38.1,,공통,raw,
b120_sub_heavy_r1,MSF,Medium (81-140),120,sub_heavy,181.25,22,20250808,10,BLK_10P,21,NC,5,2025-08-09 13:11:58,2025-08-09 13:36:06,24.1,,공통,raw,
b120_sub_heavy_r1,MSF,Medium (81-140),120,sub_heavy,181.25,22,20250808,10,BLK_10P,21,베이36B 론지취부,6,2025-08-09 13:36:06,2025-08-09 14:31:36,55.5,36B,베이36B,raw,
b120_sub_heavy_r1,MSF,Medium (81-140),120,sub_heavy,181.25,22,20250808,10,BLK_10P,21,베이36B 론지용접,7,2025-08-09 14:31:36,2025-08-09 14:52:24,20.8,36B,베이36B,raw,
b120_sub_heavy_r1,MSF,Medium (81-140),120,sub_heavy,181.25,22,20250808,10,BLK_10P,21,베이36B 수정,8,2025-08-09 14:52:24,2025-08-09 15:26:00,33.6,36B,베이36B,raw,
b120_sub_heavy_r1,MSF,Medium (81-140),120,sub_heavy,181.25,22,20250808,50,BLK_50C,22,판계,1,2025-08-08 17:12:00,2025-08-08 17:24:00,12.0,,공통,raw,
b120_sub_heavy_r1,MSF,Medium (81-140),120,sub_heavy,181.25,22,20250808,50,BLK_50C,22,전면SAW,2,2025-08-09 11:12:56,2025-08-09 11:58:03,45.1,,공통,raw,
b120_sub_heavy_r1,MSF,Medium (81-140),120,sub_heavy,181.25,22,20250808,50,BLK_50C,22,TurnOver,3,2025-08-09 11:58:03,2025-08-09 12:10:03,12.0,,공통,raw,
b120_sub_heavy_r1,MSF,Medium (81-140),120,sub_heavy,181.25,22,20250808,50,BLK_50C,22,후면SAW,4,2025-08-09 13:07:56,2025-08-09 13:46:11,38.2,,공통,raw,
b120_sub_heavy_r1,MSF,Medium (81-140),120,sub_heavy,181.25,22,20250808,50,BLK_50C,22,NC,5,2025-08-09 13:46:11,2025-08-09 14:08:30,22.3,,공통,raw,
b120_sub_heavy_r1,MSF,Medium (81-140),120,sub_heavy,181.25,22,20250808,50,BLK_50C,22,베이35A 론지취부,6,2025-08-09 14:14:28,2025-08-09 14:52:28,38.0,35A,베이35A,raw,
b120_sub_heavy_r1,MSF,Medium (81-140),120,sub_heavy,181.25,22,20250808,50,BLK_50C,22,베이35A 론지용접,7,2025-08-09 14:52:28,2025-08-09 15:06:16,13.8,35A,베이35A,raw,
b120_sub_heavy_r1,MSF,Medium (81-140),120,sub_heavy,181.25,22,20250808,50,BLK_50C,22,베이35A 수정,8,2025-08-09 15:14:28,2025-08-09 15:37:04,22.6,35A,베이35A,raw,
b120_sub_heavy_r1,MSF,Medium (81-140),120,sub_heavy,181.25,22,20250809,108,BLK_108S,1,판계,1,2025-08-09 08:00:00,2025-08-09 08:40:00,40.0,,공통,raw,
b120_sub_heavy_r1,MSF,Medium (81-140),120,sub_heavy,181.25,22,20250809,108,BLK_108S,1,전면SAW,2,2025-08-09 11:58:03,2025-08-09 14:10:18,132.2,,공통,raw,
b120_sub_heavy_r1,MSF,Medium (81-140),120,sub_heavy,181.25,22,20250809,108,BLK_108S,1,TurnOver,3,2025-08-09 14:10:18,2025-08-09 14:22:18,12.0,,공통,raw,
b120_sub_heavy_r1,MSF,Medium (81-140),120,sub_heavy,181.25,22,20250809,108,BLK_108S,1,후면SAW,4,2025-08-09 14:22:18,2025-08-09 16:15:06,112.8,,공통,raw,
b120_sub_heavy_r1,MSF,Medium (81-140),120,sub_heavy,181.25,22,20250809,108,BLK_108S,1,NC,5,2025-08-09 16:15:06,2025-08-09 16:58:18,43.2,,공통,raw,
b120_sub_heavy_r1,MSF,Medium (81-140),120,sub_heavy,181.25,22,20250809,108,BLK_108S,1,베이36B 론지취부,6,2025-08-09 16:58:18,2025-08-09 17:53:48,55.5,36B,베이36B,raw,
b120_sub_heavy_r1,MSF,Medium (81-140),120,sub_heavy,181.25,22,20250809,108,BLK_108S,1,베이36B 론지용접,7,2025-08-09 17:53:48,2025-08-09 18:14:36,20.8,36B,베이36B,raw,
b120_sub_heavy_r1,MSF,Medium (81-140),120,sub_heavy,181.25,22,20250809,108,BLK_108S,1,베이36B 수정,8,2025-08-09 18:14:36,2025-08-09 18:48:12,33.6,36B,베이36B,raw,
b120_sub_heavy_r1,MSF,Medium (81-140),120,sub_heavy,181.25,22,20250809,1,BLK_1C,2,판계,1,2025-08-09 08:40:00,2025-08-09 09:10:00,30.0,,공통,raw,
b120_sub_heavy_r1,MSF,Medium (81-140),120,sub_heavy,181.25,22,20250809,1,BLK_1C,2,전면SAW,2,2025-08-09 14:10:18,2025-08-09 15:56:02,105.7,,공통,raw,
b120_sub_heavy_r1,MSF,Medium (81-140),120,sub_heavy,181.25,22,20250809,1,BLK_1C,2,TurnOver,3,2025-08-09 15:56:02,2025-08-09 16:08:02,12.0,,공통,raw,
b120_sub_heavy_r1,MSF,Medium (81-140),120,sub_heavy,181.25,22,20250809,1,BLK_1C,2,후면SAW,4,2025-08-09 16:15:06,2025-08-09 17:39:16,84.2,,공통,raw,
b120_sub_heavy_r1,MSF,Medium (81-140),120,sub_heavy,181.25,22,20250809,1,BLK_1C,2,NC,5,2025-08-09 17:39:16,2025-08-09 18:32:55,53.6,,공통,raw,
b120_sub_heavy_r1,MSF,Medium (81-140),120,sub_heavy,181.25,22,20250809,1,BLK_1C,2,베이35A 론지취부,6,2025-08-09 18:32:55,2025-08-09 19:52:55,80.0,35A,베이35A,raw,
b120_sub_heavy_r1,MSF,Medium (81-140),120,sub_heavy,181.25,22,20250809,1,BLK_1C,2,베이35A 론지용접,7,2025-08-09 19:52:55,2025-08-09 20:17:55,25.0,35A,베이35A,raw,
b120_sub_heavy_r1,MSF,Medium (81-140),120,sub_heavy,181.25,22,20250809,1,BLK_1C,2,베이35A 수정,8,2025-08-09 20:17:55,2025-08-09 21:06:55,49.0,35A,베이35A,raw,
b120_sub_heavy_r1,MSF,Medium (81-140),120,sub_heavy,181.25,22,20250809,3,BLK_3C,3,판계,1,2025-08-09 09:10:00,2025-08-09 09:40:00,30.0,,공통,raw,
b120_sub_heavy_r1,MSF,Medium (81-140),120,sub_heavy,181.25,22,20250809,3,BLK_3C,3,전면SAW,2,2025-08-09 15:56:02,2025-08-09 16:30:17,34.2,,공통,raw,
b120_sub_heavy_r1,MSF,Medium (81-140),120,sub_heavy,181.25,22,20250809,3,BLK_3C,3,TurnOver,3,2025-08-09 16:30:17,2025-08-09 16:42:17,12.0,,공통,raw,
b120_sub_heavy_r1,MSF,Medium (81-140),120,sub_heavy,181.25,22,20250809,3,BLK_3C,3,후면SAW,4,2025-08-09 17:39:16,2025-08-09 18:03:12,23.9,,공통,raw,
b120_sub_heavy_r1,MSF,Medium (81-140),120,sub_heavy,181.25,22,20250809,3,BLK_3C,3,NC,5,2025-08-09 18:32:55,2025-08-09 19:16:13,43.3,,공통,raw,
b120_sub_heavy_r1,MSF,Medium (81-140),120,sub_heavy,181.25,22,20250809,3,BLK_3C,3,베이36B 론지취부,6,2025-08-09 19:16:13,2025-08-09 20:36:13,80.0,36B,베이36B,raw,
b120_sub_heavy_r1,MSF,Medium (81-140),120,sub_heavy,181.25,22,20250809,3,BLK_3C,3,베이36B 론지용접,7,2025-08-09 20:36:13,2025-08-09 21:01:13,25.0,36B,베이36B,raw,
b120_sub_heavy_r1,MSF,Medium (81-140),120,sub_heavy,181.25,22,20250809,3,BLK_3C,3,베이36B 수정,8,2025-08-09 21:01:13,2025-08-09 21:50:13,49.0,36B,베이36B,raw,
b120_sub_heavy_r1,MSF,Medium (81-140),120,sub_heavy,181.25,22,20250809,15,BLK_15P,4,판계,1,2025-08-09 09:40:00,2025-08-09 10:10:00,30.0,,공통,raw,
b120_sub_heavy_r1,MSF,Medium (81-140),120,sub_heavy,181.25,22,20250809,15,BLK_15P,4,전면SAW,2,2025-08-09 16:30:17,2025-08-09 17:13:03,42.8,,공통,raw,
b120_sub_heavy_r1,MSF,Medium (81-140),120,sub_heavy,181.25,22,20250809,15,BLK_15P,4,TurnOver,3,2025-08-09 17:13:03,2025-08-09 17:25:03,12.0,,공통,raw,
b120_sub_heavy_r1,MSF,Medium (81-140),120,sub_heavy,181.25,22,20250809,15,BLK_15P,4,후면SAW,4,2025-08-09 18:03:12,2025-08-09 18:38:21,35.1,,공통,raw,
b120_sub_heavy_r1,MSF,Medium (81-140),120,sub_heavy,181.25,22,20250809,15,BLK_15P,4,NC,5,2025-08-09 19:16:13,2025-08-09 20:00:26,44.2,,공통,raw,
b120_sub_heavy_r1,MSF,Medium (81-140),120,sub_heavy,181.25,22,20250809,15,BLK_15P,4,베이35A 론지취부,6,2025-08-09 20:00:26,2025-08-09 21:34:26,94.0,35A,베이35A,raw,
b120_sub_heavy_r1,MSF,Medium (81-140),120,sub_heavy,181.25,22,20250809,15,BLK_15P,4,베이35A 론지용접,7,2025-08-09 21:34:26,2025-08-09 22:01:50,27.4,35A,베이35A,raw,
b120_sub_heavy_r1,MSF,Medium (81-140),120,sub_heavy,181.25,22,20250809,15,BLK_15P,4,베이35A 수정,8,2025-08-09 22:01:50,2025-08-09 22:59:38,57.8,35A,베이35A,raw,
b120_sub_heavy_r1,MSF,Medium (81-140),120,sub_heavy,181.25,22,20250809,11,BLK_11P,5,판계,1,2025-08-09 10:10:00,2025-08-09 10:40:00,30.0,,공통,raw,
b120_sub_heavy_r1,MSF,Medium (81-140),120,sub_heavy,181.25,22,20250809,11,BLK_11P,5,전면SAW,2,2025-08-09 17:13:03,2025-08-09 18:59:37,106.6,,공통,raw,
b120_sub_heavy_r1,MSF,Medium (81-140),120,sub_heavy,181.25,22,20250809,11,BLK_11P,5,TurnOver,3,2025-08-09 18:59:37,2025-08-09 19:11:37,12.0,,공통,raw,
b120_sub_heavy_r1,MSF,Medium (81-140),120,sub_heavy,181.25,22,20250809,11,BLK_11P,5,후면SAW,4,2025-08-09 19:11:37,2025-08-09 20:36:31,84.9,,공통,raw,
b120_sub_heavy_r1,MSF,Medium (81-140),120,sub_heavy,181.25,22,20250809,11,BLK_11P,5,NC,5,2025-08-09 20:36:31,2025-08-09 21:29:46,53.2,,공통,raw,
b120_sub_heavy_r1,MSF,Medium (81-140),120,sub_heavy,181.25,22,20250809,11,BLK_11P,5,베이36B 론지취부,6,2025-08-09 21:29:46,2025-08-09 22:28:46,59.0,36B,베이36B,raw,
b120_sub_heavy_r1,MSF,Medium (81-140),120,sub_heavy,181.25,22,20250809,11,BLK_11P,5,베이36B 론지용접,7,2025-08-09 22:28:46,2025-08-09 22:50:10,21.4,36B,베이36B,raw,
b120_sub_heavy_r1,MSF,Medium (81-140),120,sub_heavy,181.25,22,20250809,11,BLK_11P,5,베이36B 수정,8,2025-08-09 22:50:10,2025-08-09 23:25:58,35.8,36B,베이36B,raw,
b120_sub_heavy_r1,MSF,Medium (81-140),120,sub_heavy,181.25,22,20250809,2,BLK_2C,6,판계,1,2025-08-09 10:40:00,2025-08-09 11:13:00,33.0,,공통,raw,
b120_sub_heavy_r1,MSF,Medium (81-140),120,sub_heavy,181.25,22,20250809,2,BLK_2C,6,전면SAW,2,2025-08-09 18:59:37,2025-08-09 21:01:41,122.1,,공통,raw,
b120_sub_heavy_r1,MSF,Medium (81-140),120,sub_heavy,181.25,22,20250809,2,BLK_2C,6,TurnOver,3,2025-08-09 21:01:41,2025-08-09 21:13:41,12.0,,공통,raw,
b120_sub_heavy_r1,MSF,Medium (81-140),120,sub_heavy,181.25,22,20250809,2,BLK_2C,6,후면SAW,4,2025-08-09 21:13:41,2025-08-09 22:52:44,99.0,,공통,raw,
b120_sub_heavy_r1,MSF,Medium (81-140),120,sub_heavy,181.25,22,20250809,2,BLK_2C,6,NC,5,2025-08-09 22:52:44,2025-08-09 23:38:27,45.7,,공통,raw,
b120_sub_heavy_r1,MSF,Medium (81-140),120,sub_heavy,181.25,22,20250809,2,BLK_2C,6,베이36B 론지취부,6,2025-08-09 23:38:27,2025-08-10 01:01:57,83.5,36B,베이36B,raw,
b120_sub_heavy_r1,MSF,Medium (81-140),120,sub_heavy,181.25,22,20250809,2,BLK_2C,6,베이36B 론지용접,7,2025-08-10 01:01:57,2025-08-10 01:27:33,25.6,36B,베이36B,raw,
b120_sub_heavy_r1,MSF,Medium (81-140),120,sub_heavy,181.25,22,20250809,2,BLK_2C,6,베이36B 수정,8,2025-08-10 01:27:33,2025-08-10 02:18:45,51.2,36B,베이36B,raw,
b120_sub_heavy_r1,MSF,Medium (81-140),120,sub_heavy,181.25,22,20250809,26,BLK_26S,7,판계,1,2025-08-09 11:13:00,2025-08-09 11:53:00,40.0,,공통,raw,
b120_sub_heavy_r1,MSF,Medium (81-140),120,sub_heavy,181.25,22,20250809,26,BLK_26S,7,전면SAW,2,2025-08-09 21:01:41,2025-08-09 23:18:54,137.2,,공통,raw,
b120_sub_heavy_r1,MSF,Medium (81-140),120,sub_heavy,181.25,22,20250809,26,BLK_26S,7,TurnOver,3,2025-08-09 23:18:54,2025-08-09 23:30:54,12.0,,공통,raw,
b120_sub_heavy_r1,MSF,Medium (81-140),120,sub_heavy,181.25,22,20250809,26,BLK_26S,7,후면SAW,4,2025-08-09 23:30:54,2025-08-10 01:28:27,117.5,,공통,raw,
b120_sub_heavy_r1,MSF,Medium (81-140),120,sub_heavy,181.25,22,20250809,26,BLK_26S,7,NC,5,2025-08-10 01:28:27,2025-08-10 02:15:40,47.2,,공통,raw,
b120_sub_heavy_r1,MSF,Medium (81-140),120,sub_heavy,181.25,22,20250809,26,BLK_26S,7,베이35A 론지취부,6,2025-08-10 02:15:40,2025-08-10 03:11:10,55.5,35A,베이35A,raw,
b120_sub_heavy_r1,MSF,Medium (81-140),120,sub_heavy,181.25,22,20250809,26,BLK_26S,7,베이35A 론지용접,7,2025-08-10 03:11:10,2025-08-10 03:31:58,20.8,35A,베이35A,raw,
b120_sub_heavy_r1,MSF,Medium (81-140),120,sub_heavy,181.25,22,20250809,26,BLK_26S,7,베이35A 수정,8,2025-08-10 03:31:58,2025-08-10 04:05:34,33.6,35A,베이35A,raw,
b120_sub_heavy_r1,MSF,Medium (81-140),120,sub_heavy,181.25,22,20250809,14,BLK_14P,8,판계,1,2025-08-09 11:53:00,2025-08-09 12:23:00,30.0,,공통,raw,
b120_sub_heavy_r1,MSF,Medium (81-140),120,sub_heavy,181.25,22,20250809,14,BLK_14P,8,전면SAW,2,2025-08-09 23:18:54,2025-08-09 23:52:15,33.4,,공통,raw,
b120_sub_heavy_r1,MSF,Medium (81-140),120,sub_heavy,181.25,22,20250809,14,BLK_14P,8,TurnOver,3,2025-08-09 23:52:15,2025-08-10 00:04:15,12.0,,공통,raw,
b120_sub_heavy_r1,MSF,Medium (81-140),120,sub_heavy,181.25,22,20250809,14,BLK_14P,8,후면SAW,4,2025-08-10 01:28:27,2025-08-10 01:51:12,22.8,,공통,raw,
b120_sub_heavy_r1,MSF,Medium (81-140),120,sub_heavy,181.25,22,20250809,14,BLK_14P,8,NC,5,2025-08-10 02:15:40,2025-08-10 03:01:02,45.4,,공통,raw,
b120_sub_heavy_r1,MSF,Medium (81-140),120,sub_heavy,181.25,22,20250809,14,BLK_14P,8,베이36B 론지취부,6,2025-08-10 03:01:02,2025-08-10 04:24:32,83.5,36B,베이36B,raw,
b120_sub_heavy_r1,MSF,Medium (81-140),120,sub_heavy,181.25,22,20250809,14,BLK_14P,8,베이36B 론지용접,7,2025-08-10 04:24:32,2025-08-10 04:50:08,25.6,36B,베이36B,raw,
b120_sub_heavy_r1,MSF,Medium (81-140),120,sub_heavy,181.25,22,20250809,14,BLK_14P,8,베이36B 수정,8,2025-08-10 04:50:08,2025-08-10 05:41:20,51.2,36B,베이36B,raw,
b120_sub_heavy_r1,MSF,Medium (81-140),120,sub_heavy,181.25,22,20250809,31,BLK_31S,9,판계,1,2025-08-09 12:23:00,2025-08-09 12:50:00,27.0,,공통,raw,
b120_sub_heavy_r1,MSF,Medium (81-140),120,sub_heavy,181.25,22,20250809,31,BLK_31S,9,전면SAW,2,2025-08-09 23:52:15,2025-08-10 01:57:16,125.0,,공통,raw,
b120_sub_heavy_r1,MSF,Medium (81-140),120,sub_heavy,181.25,22,20250809,31,BLK_31S,9,TurnOver,3,2025-08-10 01:57:16,2025-08-10 02:09:16,12.0,,공통,raw,
b120_sub_heavy_r1,MSF,Medium (81-140),120,sub_heavy,181.25,22,20250809,31,BLK_31S,9,후면SAW,4,2025-08-10 02:09:16,2025-08-10 03:37:25,88.2,,공통,raw,
b120_sub_heavy_r1,MSF,Medium (81-140),120,sub_heavy,181.25,22,20250809,31,BLK_31S,9,NC,5,2025-08-10 03:37:25,2025-08-10 04:13:06,35.7,,공통,raw,
b120_sub_heavy_r1,MSF,Medium (81-140),120,sub_heavy,181.25,22,20250809,31,BLK_31S,9,베이35A 론지취부,6,2025-08-10 04:13:06,2025-08-10 04:33:36,20.5,35A,베이35A,raw,
b120_sub_heavy_r1,MSF,Medium (81-140),120,sub_heavy,181.25,22,20250809,31,BLK_31S,9,베이35A 론지용접,7,2025-08-10 04:33:36,2025-08-10 04:48:24,14.8,35A,베이35A,raw,
b120_sub_heavy_r1,MSF,Medium (81-140),120,sub_heavy,181.25,22,20250809,31,BLK_31S,9,베이35A 수정,8,2025-08-10 04:48:24,2025-08-10 05:00:00,11.6,35A,베이35A,raw,
b120_sub_heavy_r1,MSF,Medium (81-140),120,sub_heavy,181.25,22,20250810,6,BLK_6S,1,판계,1,2025-08-10 08:00:00,2025-08-10 08:45:00,45.0,,공통,raw,
b120_sub_heavy_r1,MSF,Medium (81-140),120,sub_heavy,181.25,22,20250810,6,BLK_6S,1,전면SAW,2,2025-08-10 08:45:00,2025-08-10 11:16:51,151.8,,공통,raw,
b120_sub_heavy_r1,MSF,Medium (81-140),120,sub_heavy,181.25,22,20250810,6,BLK_6S,1,TurnOver,3,2025-08-10 11:16:51,2025-08-10 11:28:51,12.0,,공통,raw,
b120_sub_heavy_r1,MSF,Medium (81-140),120,sub_heavy,181.25,22,20250810,6,BLK_6S,1,후면SAW,4,2025-08-10 11:28:51,2025-08-10 13:17:57,109.1,,공통,raw,
b120_sub_heavy_r1,MSF,Medium (81-140),120,sub_heavy,181.25,22,20250810,6,BLK_6S,1,NC,5,2025-08-10 13:17:57,2025-08-10 14:15:19,57.4,,공통,raw,
b120_sub_heavy_r1,MSF,Medium (81-140),120,sub_heavy,181.25,22,20250810,6,BLK_6S,1,베이36B 론지취부,6,2025-08-10 14:15:19,2025-08-10 15:21:19,66.0,36B,베이36B,raw,
b120_sub_heavy_r1,MSF,Medium (81-140),120,sub_heavy,181.25,22,20250810,6,BLK_6S,1,베이36B 론지용접,7,2025-08-10 15:21:19,2025-08-10 15:43:55,22.6,36B,베이36B,raw,
b120_sub_heavy_r1,MSF,Medium (81-140),120,sub_heavy,181.25,22,20250810,6,BLK_6S,1,베이36B 수정,8,2025-08-10 15:43:55,2025-08-10 16:24:07,40.2,36B,베이36B,raw,
b120_sub_heavy_r1,MSF,Medium (81-140),120,sub_heavy,181.25,22,20250810,23,BLK_23P,2,판계,1,2025-08-10 08:45:00,2025-08-10 09:05:00,20.0,,공통,raw,
b120_sub_heavy_r1,MSF,Medium (81-140),120,sub_heavy,181.25,22,20250810,23,BLK_23P,2,전면SAW,2,2025-08-10 11:16:51,2025-08-10 11:49:01,32.2,,공통,raw,
b120_sub_heavy_r1,MSF,Medium (81-140),120,sub_heavy,181.25,22,20250810,23,BLK_23P,2,TurnOver,3,2025-08-10 11:49:01,2025-08-10 12:01:01,12.0,,공통,raw,
b120_sub_heavy_r1,MSF,Medium (81-140),120,sub_heavy,181.25,22,20250810,23,BLK_23P,2,후면SAW,4,2025-08-10 13:17:57,2025-08-10 13:39:10,21.2,,공통,raw,
b120_sub_heavy_r1,MSF,Medium (81-140),120,sub_heavy,181.25,22,20250810,23,BLK_23P,2,NC,5,2025-08-10 14:15:19,2025-08-10 14:41:56,26.6,,공통,raw,
b120_sub_heavy_r1,MSF,Medium (81-140),120,sub_heavy,181.25,22,20250810,23,BLK_23P,2,베이35A 론지취부,6,2025-08-10 14:41:56,2025-08-10 15:02:26,20.5,35A,베이35A,raw,
b120_sub_heavy_r1,MSF,Medium (81-140),120,sub_heavy,181.25,22,20250810,23,BLK_23P,2,베이35A 론지용접,7,2025-08-10 15:02:26,2025-08-10 15:17:14,14.8,35A,베이35A,raw,
b120_sub_heavy_r1,MSF,Medium (81-140),120,sub_heavy,181.25,22,20250810,23,BLK_23P,2,베이35A 수정,8,2025-08-10 15:17:14,2025-08-10 15:28:50,11.6,35A,베이35A,raw,
b120_sub_heavy_r1,MSF,Medium (81-140),120,sub_heavy,181.25,22,20250810,35,BLK_35S,3,판계,1,2025-08-10 09:05:00,2025-08-10 09:32:00,27.0,,공통,raw,
b120_sub_heavy_r1,MSF,Medium (81-140),120,sub_heavy,181.25,22,20250810,35,BLK_35S,3,전면SAW,2,2025-08-10 11:49:01,2025-08-10 13:45:06,116.1,,공통,raw,
b120_sub_heavy_r1,MSF,Medium (81-140),120,sub_heavy,181.25,22,20250810,35,BLK_35S,3,TurnOver,3,2025-08-10 13:45:06,2025-08-10 13:57:06,12.0,,공통,raw,
b120_sub_heavy_r1,MSF,Medium (81-140),120,sub_heavy,181.25,22,20250810,35,BLK_35S,3,후면SAW,4,2025-08-10 13:57:06,2025-08-10 15:34:25,97.3,,공통,raw,
b120_sub_heavy_r1,MSF,Medium (81-140),120,sub_heavy,181.25,22,20250810,35,BLK_35S,3,NC,5,2025-08-10 15:34:25,2025-08-10 16:04:43,30.3,,공통,raw,
b120_sub_heavy_r1,MSF,Medium (81-140),120,sub_heavy,181.25,22,20250810,35,BLK_35S,3,베이36B 론지취부,6,2025-08-10 16:04:43,2025-08-10 16:25:13,20.5,36B,베이36B,raw,
b120_sub_heavy_r1,MSF,Medium (81-140),120,sub_heavy,181.25,22,20250810,35,BLK_35S,3,베이36B 론지용접,7,2025-08-10 16:25:13,2025-08-10 16:36:01,10.8,36B,베이36B,raw,
b120_sub_heavy_r1,MSF,Medium (81-140),120,sub_heavy,181.25,22,20250810,35,BLK_35S,3,베이36B 수정,8,2025-08-10 16:36:01,2025-08-10 16:47:37,11.6,36B,베이36B,raw,
b120_sub_heavy_r1,MSF,Medium (81-140),120,sub_heavy,181.25,22,20250810,27,BLK_27P,4,판계,1,2025-08-10 09:32:00,2025-08-10 09:52:00,20.0,,공통,raw,
b120_sub_heavy_r1,MSF,Medium (81-140),120,sub_heavy,181.25,22,20250810,27,BLK_27P,4,전면SAW,2,2025-08-10 13:45:06,2025-08-10 14:23:37,38.5,,공통,raw,
b120_sub_heavy_r1,MSF,Medium (81-140),120,sub_heavy,181.25,22,20250810,27,BLK_27P,4,TurnOver,3,2025-08-10 14:23:37,2025-08-10 14:35:37,12.0,,공통,raw,
b120_sub_heavy_r1,MSF,Medium (81-140),120,sub_heavy,181.25,22,20250810,27,BLK_27P,4,후면SAW,4,2025-08-10 15:34:25,2025-08-10 16:03:59,29.6,,공통,raw,
b120_sub_heavy_r1,MSF,Medium (81-140),120,sub_heavy,181.25,22,20250810,27,BLK_27P,4,NC,5,2025-08-10 16:04:43,2025-08-10 16:29:49,25.1,,공통,raw,
b120_sub_heavy_r1,MSF,Medium (81-140),120,sub_heavy,181.25,22,20250810,27,BLK_27P,4,베이35A 론지취부,6,2025-08-10 16:29:49,2025-08-10 17:07:49,38.0,35A,베이35A,raw,
b120_sub_heavy_r1,MSF,Medium (81-140),120,sub_heavy,181.25,22,20250810,27,BLK_27P,4,베이35A 론지용접,7,2025-08-10 17:07:49,2025-08-10 17:21:37,13.8,35A,베이35A,raw,
b120_sub_heavy_r1,MSF,Medium (81-140),120,sub_heavy,181.25,22,20250810,27,BLK_27P,4,베이35A 수정,8,2025-08-10 17:21:37,2025-08-10 17:44:13,22.6,35A,베이35A,raw,
b120_sub_heavy_r1,MSF,Medium (81-140),120,sub_heavy,181.25,22,20250810,39,BLK_39C,5,판계,1,2025-08-10 09:52:00,2025-08-10 10:22:00,30.0,,공통,raw,
b120_sub_heavy_r1,MSF,Medium (81-140),120,sub_heavy,181.25,22,20250810,39,BLK_39C,5,전면SAW,2,2025-08-10 14:23:37,2025-08-10 14:51:26,27.8,,공통,raw,
b120_sub_heavy_r1,MSF,Medium (81-140),120,sub_heavy,181.25,22,20250810,39,BLK_39C,5,TurnOver,3,2025-08-10 14:51:26,2025-08-10 15:03:26,12.0,,공통,raw,
b120_sub_heavy_r1,MSF,Medium (81-140),120,sub_heavy,181.25,22,20250810,39,BLK_39C,5,후면SAW,4,2025-08-10 16:03:59,2025-08-10 16:19:27,15.5,,공통,raw,
b120_sub_heavy_r1,MSF,Medium (81-140),120,sub_heavy,181.25,22,20250810,39,BLK_39C,5,NC,5,2025-08-10 16:29:49,2025-08-10 17:14:48,45.0,,공통,raw,
b120_sub_heavy_r1,MSF,Medium (81-140),120,sub_heavy,181.25,22,20250810,39,BLK_39C,5,베이36B 론지취부,6,2025-08-10 17:14:48,2025-08-10 18:13:48,59.0,36B,베이36B,raw,
b120_sub_heavy_r1,MSF,Medium (81-140),120,sub_heavy,181.25,22,20250810,39,BLK_39C,5,베이36B 론지용접,7,2025-08-10 18:13:48,2025-08-10 18:35:12,21.4,36B,베이36B,raw,
b120_sub_heavy_r1,MSF,Medium (81-140),120,sub_heavy,181.25,22,20250810,39,BLK_39C,5,베이36B 수정,8,2025-08-10 18:35:12,2025-08-10 19:11:00,35.8,36B,베이36B,raw,
b120_sub_heavy_r1,MSF,Medium (81-140),120,sub_heavy,181.25,22,20250810,43,BLK_43S,6,판계,1,2025-08-10 10:22:00,2025-08-10 10:52:00,30.0,,공통,raw,
b120_sub_heavy_r1,MSF,Medium (81-140),120,sub_heavy,181.25,22,20250810,43,BLK_43S,6,전면SAW,2,2025-08-10 14:51:26,2025-08-10 15:37:47,46.4,,공통,raw,
b120_sub_heavy_r1,MSF,Medium (81-140),120,sub_heavy,181.25,22,20250810,43,BLK_43S,6,TurnOver,3,2025-08-10 15:37:47,2025-08-10 15:49:47,12.0,,공통,raw,
b120_sub_heavy_r1,MSF,Medium (81-140),120,sub_heavy,181.25,22,20250810,43,BLK_43S,6,후면SAW,4,2025-08-10 16:19:27,2025-08-10 16:59:19,39.9,,공통,raw,
b120_sub_heavy_r1,MSF,Medium (81-140),120,sub_heavy,181.25,22,20250810,43,BLK_43S,6,NC,5,2025-08-10 17:14:48,2025-08-10 18:04:34,49.8,,공통,raw,
b120_sub_heavy_r1,MSF,Medium (81-140),120,sub_heavy,181.25,22,20250810,43,BLK_43S,6,베이35A 론지취부,6,2025-08-10 18:04:34,2025-08-10 19:38:34,94.0,35A,베이35A,raw,
b120_sub_heavy_r1,MSF,Medium (81-140),120,sub_heavy,181.25,22,20250810,43,BLK_43S,6,베이35A 론지용접,7,2025-08-10 19:38:34,2025-08-10 20:05:58,27.4,35A,베이35A,raw,
b120_sub_heavy_r1,MSF,Medium (81-140),120,sub_heavy,181.25,22,20250810,43,BLK_43S,6,베이35A 수정,8,2025-08-10 20:05:58,2025-08-10 21:03:46,57.8,35A,베이35A,raw,
b120_sub_heavy_r1,MSF,Medium (81-140),120,sub_heavy,181.25,22,20250810,18,BLK_18P,7,판계,1,2025-08-10 10:52:00,2025-08-10 11:04:00,12.0,,공통,raw,
b120_sub_heavy_r1,MSF,Medium (81-140),120,sub_heavy,181.25,22,20250810,18,BLK_18P,7,전면SAW,2,2025-08-10 15:37:47,2025-08-10 16:17:04,39.3,,공통,raw,
b120_sub_heavy_r1,MSF,Medium (81-140),120,sub_heavy,181.25,22,20250810,18,BLK_18P,7,TurnOver,3,2025-08-10 16:17:04,2025-08-10 16:29:04,12.0,,공통,raw,
b120_sub_heavy_r1,MSF,Medium (81-140),120,sub_heavy,181.25,22,20250810,18,BLK_18P,7,후면SAW,4,2025-08-10 16:59:19,2025-08-10 17:29:54,30.6,,공통,raw,
b120_sub_heavy_r1,MSF,Medium (81-140),120,sub_heavy,181.25,22,20250810,18,BLK_18P,7,NC,5,2025-08-10 18:04:34,2025-08-10 18:25:42,21.1,,공통,raw,
b120_sub_heavy_r1,MSF,Medium (81-140),120,sub_heavy,181.25,22,20250810,18,BLK_18P,7,베이36B 론지취부,6,2025-08-10 18:25:42,2025-08-10 18:46:12,20.5,36B,베이36B,raw,
b120_sub_heavy_r1,MSF,Medium (81-140),120,sub_heavy,181.25,22,20250810,18,BLK_18P,7,베이36B 론지용접,7,2025-08-10 18:46:12,2025-08-10 18:57:00,10.8,36B,베이36B,raw,
b120_sub_heavy_r1,MSF,Medium (81-140),120,sub_heavy,181.25,22,20250810,18,BLK_18P,7,베이36B 수정,8,2025-08-10 19:11:00,2025-08-10 19:22:36,11.6,36B,베이36B,raw,
b120_sub_heavy_r1,MSF,Medium (81-140),120,sub_heavy,181.25,22,20250810,37,BLK_37C,8,판계,1,2025-08-10 11:04:00,2025-08-10 11:24:00,20.0,,공통,raw,
b120_sub_heavy_r1,MSF,Medium (81-140),120,sub_heavy,181.25,22,20250810,37,BLK_37C,8,전면SAW,2,2025-08-10 16:17:04,2025-08-10 18:33:33,136.5,,공통,raw,
b120_sub_heavy_r1,MSF,Medium (81-140),120,sub_heavy,181.25,22,20250810,37,BLK_37C,8,TurnOver,3,2025-08-10 18:33:33,2025-08-10 18:45:33,12.0,,공통,raw,
b120_sub_heavy_r1,MSF,Medium (81-140),120,sub_heavy,181.25,22,20250810,37,BLK_37C,8,후면SAW,4,2025-08-10 18:45:33,2025-08-10 20:37:45,112.2,,공통,raw,
b120_sub_heavy_r1,MSF,Medium (81-140),120,sub_heavy,181.25,22,20250810,37,BLK_37C,8,NC,5,2025-08-10 20:37:45,2025-08-10 21:03:42,25.9,,공통,raw,
b120_sub_heavy_r1,MSF,Medium (81-140),120,sub_heavy,181.25,22,20250810,37,BLK_37C,8,베이35A 론지취부,6,2025-08-10 21:03:42,2025-08-10 21:41:42,38.0,35A,베이35A,raw,
b120_sub_heavy_r1,MSF,Medium (81-140),120,sub_heavy,181.25,22,20250810,37,BLK_37C,8,베이35A 론지용접,7,2025-08-10 21:41:42,2025-08-10 21:55:30,13.8,35A,베이35A,raw,
b120_sub_heavy_r1,MSF,Medium (81-140),120,sub_heavy,181.25,22,20250810,37,BLK_37C,8,베이35A 수정,8,2025-08-10 21:55:30,2025-08-10 22:18:06,22.6,35A,베이35A,raw,
b120_sub_heavy_r1,MSF,Medium (81-140),120,sub_heavy,181.25,22,20250810,29,BLK_29S,9,판계,1,2025-08-10 11:24:00,2025-08-10 11:54:00,30.0,,공통,raw,
b120_sub_heavy_r1,MSF,Medium (81-140),120,sub_heavy,181.25,22,20250810,29,BLK_29S,9,전면SAW,2,2025-08-10 18:33:33,2025-08-10 19:08:06,34.5,,공통,raw,
b120_sub_heavy_r1,MSF,Medium (81-140),120,sub_heavy,181.25,22,20250810,29,BLK_29S,9,TurnOver,3,2025-08-10 19:08:06,2025-08-10 19:20:06,12.0,,공통,raw,
b120_sub_heavy_r1,MSF,Medium (81-140),120,sub_heavy,181.25,22,20250810,29,BLK_29S,9,후면SAW,4,2025-08-10 20:37:45,2025-08-10 21:02:05,24.3,,공통,raw,
b120_sub_heavy_r1,MSF,Medium (81-140),120,sub_heavy,181.25,22,20250810,29,BLK_29S,9,NC,5,2025-08-10 21:03:42,2025-08-10 21:47:03,43.4,,공통,raw,
b120_sub_heavy_r1,MSF,Medium (81-140),120,sub_heavy,181.25,22,20250810,29,BLK_29S,9,베이36B 론지취부,6,2025-08-10 21:47:03,2025-08-10 23:24:33,97.5,36B,베이36B,raw,
b120_sub_heavy_r1,MSF,Medium (81-140),120,sub_heavy,181.25,22,20250810,29,BLK_29S,9,베이36B 론지용접,7,2025-08-10 23:24:33,2025-08-10 23:52:33,28.0,36B,베이36B,raw,
b120_sub_heavy_r1,MSF,Medium (81-140),120,sub_heavy,181.25,22,20250810,29,BLK_29S,9,베이36B 수정,8,2025-08-10 23:52:33,2025-08-11 00:52:33,60.0,36B,베이36B,raw,
b120_sub_heavy_r1,MSF,Medium (81-140),120,sub_heavy,181.25,22,20250810,49,BLK_49C,10,판계,1,2025-08-10 11:54:00,2025-08-10 12:24:00,30.0,,공통,raw,
b120_sub_heavy_r1,MSF,Medium (81-140),120,sub_heavy,181.25,22,20250810,49,BLK_49C,10,전면SAW,2,2025-08-10 19:08:06,2025-08-10 19:38:03,29.9,,공통,raw,
b120_sub_heavy_r1,MSF,Medium (81-140),120,sub_heavy,181.25,22,20250810,49,BLK_49C,10,TurnOver,3,2025-08-10 19:38:03,2025-08-10 19:50:03,12.0,,공통,raw,
b120_sub_heavy_r1,MSF,Medium (81-140),120,sub_heavy,181.25,22,20250810,49,BLK_49C,10,후면SAW,4,2025-08-10 21:02:05,2025-08-10 21:20:22,18.3,,공통,raw,
b120_sub_heavy_r1,MSF,Medium (81-140),120,sub_heavy,181.25,22,20250810,49,BLK_49C,10,NC,5,2025-08-10 21:47:03,2025-08-10 22:28:57,41.9,,공통,raw,
b120_sub_heavy_r1,MSF,Medium (81-140),120,sub_heavy,181.25,22,20250810,49,BLK_49C,10,베이35A 론지취부,6,2025-08-10 22:28:57,2025-08-10 23:48:57,80.0,35A,베이35A,raw,
b120_sub_heavy_r1,MSF,Medium (81-140),120,sub_heavy,181.25,22,20250810,49,BLK_49C,10,베이35A 론지용접,7,2025-08-10 23:48:57,2025-08-11 00:13:57,25.0,35A,베이35A,raw,
b120_sub_heavy_r1,MSF,Medium (81-140),120,sub_heavy,181.25,22,20250810,49,BLK_49C,10,베이35A 수정,8,2025-08-11 00:13:57,2025-08-11 01:02:57,49.0,35A,베이35A,raw,
b120_sub_heavy_r1,MSF,Medium (81-140),120,sub_heavy,181.25,22,20250810,62,BLK_62P,11,판계,1,2025-08-10 12:24:00,2025-08-10 12:51:00,27.0,,공통,raw,
b120_sub_heavy_r1,MSF,Medium (81-140),120,sub_heavy,181.25,22,20250810,62,BLK_62P,11,전면SAW,2,2025-08-10 19:38:03,2025-08-10 22:18:40,160.6,,공통,raw,
b120_sub_heavy_r1,MSF,Medium (81-140),120,sub_heavy,181.25,22,20250810,62,BLK_62P,11,TurnOver,3,2025-08-10 22:18:40,2025-08-10 22:30:40,12.0,,공통,raw,
b120_sub_heavy_r1,MSF,Medium (81-140),120,sub_heavy,181.25,22,20250810,62,BLK_62P,11,후면SAW,4,2025-08-10 22:30:40,2025-08-11 00:26:37,116.0,,공통,raw,
b120_sub_heavy_r1,MSF,Medium (81-140),120,sub_heavy,181.25,22,20250810,62,BLK_62P,11,NC,5,2025-08-11 00:26:37,2025-08-11 01:04:44,38.1,,공통,raw,
b120_sub_heavy_r1,MSF,Medium (81-140),120,sub_heavy,181.25,22,20250810,62,BLK_62P,11,베이36B 론지취부,6,2025-08-11 01:04:44,2025-08-11 02:10:44,66.0,36B,베이36B,raw,
b120_sub_heavy_r1,MSF,Medium (81-140),120,sub_heavy,181.25,22,20250810,62,BLK_62P,11,베이36B 론지용접,7,2025-08-11 02:10:44,2025-08-11 02:33:20,22.6,36B,베이36B,raw,
b120_sub_heavy_r1,MSF,Medium (81-140),120,sub_heavy,181.25,22,20250810,62,BLK_62P,11,베이36B 수정,8,2025-08-11 02:33:20,2025-08-11 03:13:32,40.2,36B,베이36B,raw,
b120_sub_heavy_r1,MSF,Medium (81-140),120,sub_heavy,181.25,22,20250811,22,BLK_22P,1,판계,1,2025-08-11 08:00:00,2025-08-11 08:30:00,30.0,,공통,raw,
b120_sub_heavy_r1,MSF,Medium (81-140),120,sub_heavy,181.25,22,20250811,22,BLK_22P,1,전면SAW,2,2025-08-11 08:30:00,2025-08-11 09:00:18,30.3,,공통,raw,
b120_sub_heavy_r1,MSF,Medium (81-140),120,sub_heavy,181.25,22,20250811,22,BLK_22P,1,TurnOver,3,2025-08-11 09:00:18,2025-08-11 09:12:18,12.0,,공통,raw,
b120_sub_heavy_r1,MSF,Medium (81-140),120,sub_heavy,181.25,22,20250811,22,BLK_22P,1,후면SAW,4,2025-08-11 09:12:18,2025-08-11 09:31:04,18.8,,공통,raw,
b120_sub_heavy_r1,MSF,Medium (81-140),120,sub_heavy,181.25,22,20250811,22,BLK_22P,1,NC,5,2025-08-11 09:31:04,2025-08-11 10:20:20,49.3,,공통,raw,
b120_sub_heavy_r1,MSF,Medium (81-140),120,sub_heavy,181.25,22,20250811,22,BLK_22P,1,베이35A 론지취부,6,2025-08-11 10:20:20,2025-08-11 11:43:50,83.5,35A,베이35A,raw,
b120_sub_heavy_r1,MSF,Medium (81-140),120,sub_heavy,181.25,22,20250811,22,BLK_22P,1,베이35A 론지용접,7,2025-08-11 11:43:50,2025-08-11 12:09:26,25.6,35A,베이35A,raw,
b120_sub_heavy_r1,MSF,Medium (81-140),120,sub_heavy,181.25,22,20250811,22,BLK_22P,1,베이35A 수정,8,2025-08-11 12:09:26,2025-08-11 13:00:38,51.2,35A,베이35A,raw,
b120_sub_heavy_r1,MSF,Medium (81-140),120,sub_heavy,181.25,22,20250811,34,BLK_34P,2,판계,1,2025-08-11 08:30:00,2025-08-11 09:27:00,57.0,,공통,raw,
b120_sub_heavy_r1,MSF,Medium (81-140),120,sub_heavy,181.25,22,20250811,34,BLK_34P,2,전면SAW,2,2025-08-11 09:27:00,2025-08-11 12:37:00,190.0,,공통,raw,
b120_sub_heavy_r1,MSF,Medium (81-140),120,sub_heavy,181.25,22,20250811,34,BLK_34P,2,TurnOver,3,2025-08-11 12:37:00,2025-08-11 12:49:00,12.0,,공통,raw,
b120_sub_heavy_r1,MSF,Medium (81-140),120,sub_heavy,181.25,22,20250811,34,BLK_34P,2,후면SAW,4,2025-08-11 12:49:00,2025-08-11 15:34:00,165.0,,공통,raw,
b120_sub_heavy_r1,MSF,Medium (81-140),120,sub_heavy,181.25,22,20250811,34,BLK_34P,2,NC,5,2025-08-11 15:34:00,2025-08-11 16:41:13,67.2,,공통,raw,
b120_sub_heavy_r1,MSF,Medium (81-140),120,sub_heavy,181.25,22,20250811,34,BLK_34P,2,베이36B 론지취부,6,2025-08-11 16:41:13,2025-08-11 17:57:43,76.5,36B,베이36B,raw,
b120_sub_heavy_r1,MSF,Medium (81-140),120,sub_heavy,181.25,22,20250811,34,BLK_34P,2,베이36B 론지용접,7,2025-08-11 17:57:43,2025-08-11 18:22:07,24.4,36B,베이36B,raw,
b120_sub_heavy_r1,MSF,Medium (81-140),120,sub_heavy,181.25,22,20250811,34,BLK_34P,2,베이36B 수정,8,2025-08-11 18:22:07,2025-08-11 19:08:55,46.8,36B,베이36B,raw,
b120_sub_heavy_r1,MSF,Medium (81-140),120,sub_heavy,181.25,22,20250811,69,BLK_69P,3,판계,1,2025-08-11 09:27:00,2025-08-11 09:57:00,30.0,,공통,raw,
b120_sub_heavy_r1,MSF,Medium (81-140),120,sub_heavy,181.25,22,20250811,69,BLK_69P,3,전면SAW,2,2025-08-11 12:37:00,2025-08-11 13:06:26,29.4,,공통,raw,
b120_sub_heavy_r1,MSF,Medium (81-140),120,sub_heavy,181.25,22,20250811,69,BLK_69P,3,TurnOver,3,2025-08-11 13:06:26,2025-08-11 13:18:26,12.0,,공통,raw,
b120_sub_heavy_r1,MSF,Medium (81-140),120,sub_heavy,181.25,22,20250811,69,BLK_69P,3,후면SAW,4,2025-08-11 15:34:00,2025-08-11 15:51:37,17.6,,공통,raw,
b120_sub_heavy_r1,MSF,Medium (81-140),120,sub_heavy,181.25,22,20250811,69,BLK_69P,3,NC,5,2025-08-11 16:41:13,2025-08-11 17:27:41,46.5,,공통,raw,
b120_sub_heavy_r1,MSF,Medium (81-140),120,sub_heavy,181.25,22,20250811,69,BLK_69P,3,베이35A 론지취부,6,2025-08-11 17:27:41,2025-08-11 18:30:11,62.5,35A,베이35A,raw,
b120_sub_heavy_r1,MSF,Medium (81-140),120,sub_heavy,181.25,22,20250811,69,BLK_69P,3,베이35A 론지용접,7,2025-08-11 18:30:11,2025-08-11 18:52:11,22.0,35A,베이35A,raw,
b120_sub_heavy_r1,MSF,Medium (81-140),120,sub_heavy,181.25,22,20250811,69,BLK_69P,3,베이35A 수정,8,2025-08-11 18:52:11,2025-08-11 19:30:11,38.0,35A,베이35A,raw,
b120_sub_heavy_r1,MSF,Medium (81-140),120,sub_heavy,181.25,22,20250811,89,BLK_89P,4,판계,1,2025-08-11 09:57:00,2025-08-11 10:35:00,38.0,,공통,raw,
b120_sub_heavy_r1,MSF,Medium (81-140),120,sub_heavy,181.25,22,20250811,89,BLK_89P,4,전면SAW,2,2025-08-11 13:06:26,2025-08-11 14:45:42,99.3,,공통,raw,
b120_sub_heavy_r1,MSF,Medium (81-140),120,sub_heavy,181.25,22,20250811,89,BLK_89P,4,TurnOver,3,2025-08-11 14:45:42,2025-08-11 14:57:42,12.0,,공통,raw,
b120_sub_heavy_r1,MSF,Medium (81-140),120,sub_heavy,181.25,22,20250811,89,BLK_89P,4,후면SAW,4,2025-08-11 15:51:37,2025-08-11 17:09:53,78.3,,공통,raw,
b120_sub_heavy_r1,MSF,Medium (81-140),120,sub_heavy,181.25,22,20250811,89,BLK_89P,4,NC,5,2025-08-11 17:27:41,2025-08-11 18:14:57,47.3,,공통,raw,
b120_sub_heavy_r1,MSF,Medium (81-140),120,sub_heavy,181.25,22,20250811,89,BLK_89P,4,베이36B 론지취부,6,2025-08-11 18:14:57,2025-08-11 19:20:57,66.0,36B,베이36B,raw,
b120_sub_heavy_r1,MSF,Medium (81-140),120,sub_heavy,181.25,22,20250811,89,BLK_89P,4,베이36B 론지용접,7,2025-08-11 19:20:57,2025-08-11 19:43:33,22.6,36B,베이36B,raw,
b120_sub_heavy_r1,MSF,Medium (81-140),120,sub_heavy,181.25,22,20250811,89,BLK_89P,4,베이36B 수정,8,2025-08-11 19:43:33,2025-08-11 20:23:45,40.2,36B,베이36B,raw,
b120_sub_heavy_r1,MSF,Medium (81-140),120,sub_heavy,181.25,22,20250811,33,BLK_33S,5,판계,1,2025-08-11 10:35:00,2025-08-11 11:20:00,45.0,,공통,raw,
b120_sub_heavy_r1,MSF,Medium (81-140),120,sub_heavy,181.25,22,20250811,33,BLK_33S,5,전면SAW,2,2025-08-11 14:45:42,2025-08-11 15:20:51,35.1,,공통,raw,
b120_sub_heavy_r1,MSF,Medium (81-140),120,sub_heavy,181.25,22,20250811,33,BLK_33S,5,TurnOver,3,2025-08-11 15:20:51,2025-08-11 15:32:51,12.0,,공통,raw,
b120_sub_heavy_r1,MSF,Medium (81-140),120,sub_heavy,181.25,22,20250811,33,BLK_33S,5,후면SAW,4,2025-08-11 17:09:53,2025-08-11 17:35:00,25.1,,공통,raw,
b120_sub_heavy_r1,MSF,Medium (81-140),120,sub_heavy,181.25,22,20250811,33,BLK_33S,5,NC,5,2025-08-11 18:14:57,2025-08-11 19:11:21,56.4,,공통,raw,
b120_sub_heavy_r1,MSF,Medium (81-140),120,sub_heavy,181.25,22,20250811,33,BLK_33S,5,베이36B 론지취부,6,2025-08-11 19:20:57,2025-08-11 20:58:27,97.5,36B,베이36B,raw,
b120_sub_heavy_r1,MSF,Medium (81-140),120,sub_heavy,181.25,22,20250811,33,BLK_33S,5,베이36B 론지용접,7,2025-08-11 20:58:27,2025-08-11 21:26:27,28.0,36B,베이36B,raw,
b120_sub_heavy_r1,MSF,Medium (81-140),120,sub_heavy,181.25,22,20250811,33,BLK_33S,5,베이36B 수정,8,2025-08-11 21:26:27,2025-08-11 22:26:27,60.0,36B,베이36B,raw,
b120_sub_heavy_r1,MSF,Medium (81-140),120,sub_heavy,181.25,22,20250811,25,BLK_25S,6,판계,1,2025-08-11 11:20:00,2025-08-11 11:50:00,30.0,,공통,raw,
b120_sub_heavy_r1,MSF,Medium (81-140),120,sub_heavy,181.25,22,20250811,25,BLK_25S,6,전면SAW,2,2025-08-11 15:20:51,2025-08-11 16:51:53,91.0,,공통,raw,
b120_sub_heavy_r1,MSF,Medium (81-140),120,sub_heavy,181.25,22,20250811,25,BLK_25S,6,TurnOver,3,2025-08-11 16:51:53,2025-08-11 17:03:53,12.0,,공통,raw,
b120_sub_heavy_r1,MSF,Medium (81-140),120,sub_heavy,181.25,22,20250811,25,BLK_25S,6,후면SAW,4,2025-08-11 17:35:00,2025-08-11 18:45:46,70.8,,공통,raw,
b120_sub_heavy_r1,MSF,Medium (81-140),120,sub_heavy,181.25,22,20250811,25,BLK_25S,6,NC,5,2025-08-11 19:11:21,2025-08-11 20:04:09,52.8,,공통,raw,
b120_sub_heavy_r1,MSF,Medium (81-140),120,sub_heavy,181.25,22,20250811,25,BLK_25S,6,베이35A 론지취부,6,2025-08-11 20:04:09,2025-08-11 21:31:09,87.0,35A,베이35A,raw,
b120_sub_heavy_r1,MSF,Medium (81-140),120,sub_heavy,181.25,22,20250811,25,BLK_25S,6,베이35A 론지용접,7,2025-08-11 21:31:09,2025-08-11 21:57:21,26.2,35A,베이35A,raw,
b120_sub_heavy_r1,MSF,Medium (81-140),120,sub_heavy,181.25,22,20250811,25,BLK_25S,6,베이35A 수정,8,2025-08-11 21:57:21,2025-08-11 22:50:45,53.4,35A,베이35A,raw,
b120_sub_heavy_r1,MSF,Medium (81-140),120,sub_heavy,181.25,22,20250811,59,BLK_59S,7,판계,1,2025-08-11 11:50:00,2025-08-11 12:20:00,30.0,,공통,raw,
b120_sub_heavy_r1,MSF,Medium (81-140),120,sub_heavy,181.25,22,20250811,59,BLK_59S,7,전면SAW,2,2025-08-11 16:51:53,2025-08-11 18:25:29,93.6,,공통,raw,
b120_sub_heavy_r1,MSF,Medium (81-140),120,sub_heavy,181.25,22,20250811,59,BLK_59S,7,TurnOver,3,2025-08-11 18:25:29,2025-08-11 18:37:29,12.0,,공통,raw,
b120_sub_heavy_r1,MSF,Medium (81-140),120,sub_heavy,181.25,22,20250811,59,BLK_59S,7,후면SAW,4,2025-08-11 18:45:46,2025-08-11 19:58:52,73.1,,공통,raw,
b120_sub_heavy_r1,MSF,Medium (81-140),120,sub_heavy,181.25,22,20250811,59,BLK_59S,7,NC,5,2025-08-11 20:04:09,2025-08-11 20:56:49,52.7,,공통,raw,
b120_sub_heavy_r1,MSF,Medium (81-140),120,sub_heavy,181.25,22,20250811,59,BLK_59S,7,베이36B 론지취부,6,2025-08-11 20:58:27,2025-08-11 22:11:27,73.0,36B,베이36B,raw,
b120_sub_heavy_r1,MSF,Medium (81-140),120,sub_heavy,181.25,22,20250811,59,BLK_59S,7,베이36B 론지용접,7,2025-08-11 22:11:27,2025-08-11 22:35:15,23.8,36B,베이36B,raw,
b120_sub_heavy_r1,MSF,Medium (81-140),120,sub_heavy,181.25,22,20250811,59,BLK_59S,7,베이36B 수정,8,2025-08-11 22:35:15,2025-08-11 23:19:51,44.6,36B,베이36B,raw,
b120_sub_heavy_r1,MSF,Medium (81-140),120,sub_heavy,181.25,22,20250811,41,BLK_41S,8,판계,1,2025-08-11 12:20:00,2025-08-11 13:05:00,45.0,,공통,raw,
b120_sub_heavy_r1,MSF,Medium (81-140),120,sub_heavy,181.25,22,20250811,41,BLK_41S,8,전면SAW,2,2025-08-11 18:25:29,2025-08-11 19:05:04,39.6,,공통,raw,
b120_sub_heavy_r1,MSF,Medium (81-140),120,sub_heavy,181.25,22,20250811,41,BLK_41S,8,TurnOver,3,2025-08-11 19:05:04,2025-08-11 19:17:04,12.0,,공통,raw,
b120_sub_heavy_r1,MSF,Medium (81-140),120,sub_heavy,181.25,22,20250811,41,BLK_41S,8,후면SAW,4,2025-08-11 19:58:52,2025-08-11 20:29:50,31.0,,공통,raw,
b120_sub_heavy_r1,MSF,Medium (81-140),120,sub_heavy,181.25,22,20250811,41,BLK_41S,8,NC,5,2025-08-11 20:56:49,2025-08-11 21:50:04,53.3,,공통,raw,
b120_sub_heavy_r1,MSF,Medium (81-140),120,sub_heavy,181.25,22,20250811,41,BLK_41S,8,베이36B 론지취부,6,2025-08-11 22:11:27,2025-08-11 23:31:27,80.0,36B,베이36B,raw,
b120_sub_heavy_r1,MSF,Medium (81-140),120,sub_heavy,181.25,22,20250811,41,BLK_41S,8,베이36B 론지용접,7,2025-08-11 23:31:27,2025-08-11 23:56:27,25.0,36B,베이36B,raw,
b120_sub_heavy_r1,MSF,Medium (81-140),120,sub_heavy,181.25,22,20250811,41,BLK_41S,8,베이36B 수정,8,2025-08-11 23:56:27,2025-08-12 00:45:27,49.0,36B,베이36B,raw,
b120_sub_heavy_r1,MSF,Medium (81-140),120,sub_heavy,181.25,22,20250811,38,BLK_38S,9,판계,1,2025-08-11 13:05:00,2025-08-11 13:50:00,45.0,,공통,raw,
b120_sub_heavy_r1,MSF,Medium (81-140),120,sub_heavy,181.25,22,20250811,38,BLK_38S,9,전면SAW,2,2025-08-11 19:05:04,2025-08-11 20:40:07,95.0,,공통,raw,
b120_sub_heavy_r1,MSF,Medium (81-140),120,sub_heavy,181.25,22,20250811,38,BLK_38S,9,TurnOver,3,2025-08-11 20:40:07,2025-08-11 20:52:07,12.0,,공통,raw,
b120_sub_heavy_r1,MSF,Medium (81-140),120,sub_heavy,181.25,22,20250811,38,BLK_38S,9,후면SAW,4,2025-08-11 20:52:07,2025-08-11 22:24:57,92.8,,공통,raw,
b120_sub_heavy_r1,MSF,Medium (81-140),120,sub_heavy,181.25,22,20250811,38,BLK_38S,9,NC,5,2025-08-11 22:24:57,2025-08-11 23:20:42,55.8,,공통,raw,
b120_sub_heavy_r1,MSF,Medium (81-140),120,sub_heavy,181.25,22,20250811,38,BLK_38S,9,베이35A 론지취부,6,2025-08-11 23:20:42,2025-08-12 00:33:42,73.0,35A,베이35A,raw,
b120_sub_heavy_r1,MSF,Medium (81-140),120,sub_heavy,181.25,22,20250811,38,BLK_38S,9,베이35A 론지용접,7,2025-08-12 00:33:42,2025-08-12 00:57:30,23.8,35A,베이35A,raw,
b120_sub_heavy_r1,MSF,Medium (81-140),120,sub_heavy,181.25,22,20250811,38,BLK_38S,9,베이35A 수정,8,2025-08-12 00:57:30,2025-08-12 01:42:06,44.6,35A,베이35A,raw,
b120_sub_heavy_r1,MSF,Medium (81-140),120,sub_heavy,181.25,22,20250811,60,BLK_60P,10,판계,1,2025-08-11 13:50:00,2025-08-11 14:02:00,12.0,,공통,raw,
b120_sub_heavy_r1,MSF,Medium (81-140),120,sub_heavy,181.25,22,20250811,60,BLK_60P,10,전면SAW,2,2025-08-11 20:40:07,2025-08-11 21:30:34,50.4,,공통,raw,
b120_sub_heavy_r1,MSF,Medium (81-140),120,sub_heavy,181.25,22,20250811,60,BLK_60P,10,TurnOver,3,2025-08-11 21:30:34,2025-08-11 21:42:34,12.0,,공통,raw,
b120_sub_heavy_r1,MSF,Medium (81-140),120,sub_heavy,181.25,22,20250811,60,BLK_60P,10,후면SAW,4,2025-08-11 22:24:57,2025-08-11 23:10:12,45.2,,공통,raw,
b120_sub_heavy_r1,MSF,Medium (81-140),120,sub_heavy,181.25,22,20250811,60,BLK_60P,10,NC,5,2025-08-11 23:20:42,2025-08-11 23:41:19,20.6,,공통,raw,
b120_sub_heavy_r1,MSF,Medium (81-140),120,sub_heavy,181.25,22,20250811,60,BLK_60P,10,베이36B 론지취부,6,2025-08-11 23:41:19,2025-08-12 00:08:49,27.5,36B,베이36B,raw,
b120_sub_heavy_r1,MSF,Medium (81-140),120,sub_heavy,181.25,22,20250811,60,BLK_60P,10,베이36B 론지용접,7,2025-08-12 00:08:49,2025-08-12 00:20:49,12.0,36B,베이36B,raw,
b120_sub_heavy_r1,MSF,Medium (81-140),120,sub_heavy,181.25,22,20250811,60,BLK_60P,10,베이36B 수정,8,2025-08-12 00:45:27,2025-08-12 01:01:27,16.0,36B,베이36B,raw,
b120_sub_heavy_r1,MSF,Medium (81-140),120,sub_heavy,181.25,22,20250811,92,BLK_92P,11,판계,1,2025-08-11 14:02:00,2025-08-11 14:29:00,27.0,,공통,raw,
b120_sub_heavy_r1,MSF,Medium (81-140),120,sub_heavy,181.25,22,20250811,92,BLK_92P,11,전면SAW,2,2025-08-11 21:30:34,2025-08-12 00:13:41,163.1,,공통,raw,
b120_sub_heavy_r1,MSF,Medium (81-140),120,sub_heavy,181.25,22,20250811,92,BLK_92P,11,TurnOver,3,2025-08-12 00:13:41,2025-08-12 00:25:41,12.0,,공통,raw,
b120_sub_heavy_r1,MSF,Medium (81-140),120,sub_heavy,181.25,22,20250811,92,BLK_92P,11,후면SAW,4,2025-08-12 00:25:41,2025-08-12 02:48:03,142.4,,공통,raw,
b120_sub_heavy_r1,MSF,Medium (81-140),120,sub_heavy,181.25,22,20250811,92,BLK_92P,11,NC,5,2025-08-12 02:48:03,2025-08-12 03:19:30,31.5,,공통,raw,
b120_sub_heavy_r1,MSF,Medium (81-140),120,sub_heavy,181.25,22,20250811,92,BLK_92P,11,베이35A 론지취부,6,2025-08-12 03:19:30,2025-08-12 03:47:00,27.5,35A,베이35A,raw,
b120_sub_heavy_r1,MSF,Medium (81-140),120,sub_heavy,181.25,22,20250811,92,BLK_92P,11,베이35A 론지용접,7,2025-08-12 03:47:00,2025-08-12 03:59:00,12.0,35A,베이35A,raw,
b120_sub_heavy_r1,MSF,Medium (81-140),120,sub_heavy,181.25,22,20250811,92,BLK_92P,11,베이35A 수정,8,2025-08-12 03:59:00,2025-08-12 04:15:00,16.0,35A,베이35A,raw,
b120_sub_heavy_r1,MSF,Medium (81-140),120,sub_heavy,181.25,22,20250811,55,BLK_55C,12,판계,1,2025-08-11 14:29:00,2025-08-11 15:04:00,35.0,,공통,raw,
b120_sub_heavy_r1,MSF,Medium (81-140),120,sub_heavy,181.25,22,20250811,55,BLK_55C,12,전면SAW,2,2025-08-12 00:13:41,2025-08-12 01:59:57,106.3,,공통,raw,
b120_sub_heavy_r1,MSF,Medium (81-140),120,sub_heavy,181.25,22,20250811,55,BLK_55C,12,TurnOver,3,2025-08-12 01:59:57,2025-08-12 02:11:57,12.0,,공통,raw,
b120_sub_heavy_r1,MSF,Medium (81-140),120,sub_heavy,181.25,22,20250811,55,BLK_55C,12,후면SAW,4,2025-08-12 02:48:03,2025-08-12 04:03:10,75.1,,공통,raw,
b120_sub_heavy_r1,MSF,Medium (81-140),120,sub_heavy,181.25,22,20250811,55,BLK_55C,12,NC,5,2025-08-12 04:03:10,2025-08-12 04:38:39,35.5,,공통,raw,
b120_sub_heavy_r1,MSF,Medium (81-140),120,sub_heavy,181.25,22,20250811,55,BLK_55C,12,베이36B 론지취부,6,2025-08-12 04:38:39,2025-08-12 05:26:39,48.0,36B,베이36B,raw,
b120_sub_heavy_r1,MSF,Medium (81-140),120,sub_heavy,181.25,22,20250811,55,BLK_55C,12,베이36B 론지용접,7,2025-08-12 05:26:39,2025-08-12 05:49:27,22.8,36B,베이36B,raw,
b120_sub_heavy_r1,MSF,Medium (81-140),120,sub_heavy,181.25,22,20250811,55,BLK_55C,12,베이36B 수정,8,2025-08-12 05:49:27,2025-08-12 06:03:15,13.8,36B,베이36B,raw,
b120_sub_heavy_r1,MSF,Medium (81-140),120,sub_heavy,181.25,22,20250811,75,BLK_75S,13,판계,1,2025-08-11 15:04:00,2025-08-11 15:24:00,20.0,,공통,raw,
b120_sub_heavy_r1,MSF,Medium (81-140),120,sub_heavy,181.25,22,20250811,75,BLK_75S,13,전면SAW,2,2025-08-12 01:59:57,2025-08-12 04:19:21,139.4,,공통,raw,
b120_sub_heavy_r1,MSF,Medium (81-140),120,sub_heavy,181.25,22,20250811,75,BLK_75S,13,TurnOver,3,2025-08-12 04:19:21,2025-08-12 04:31:21,12.0,,공통,raw,
b120_sub_heavy_r1,MSF,Medium (81-140),120,sub_heavy,181.25,22,20250811,75,BLK_75S,13,후면SAW,4,2025-08-12 04:31:21,2025-08-12 06:55:55,144.6,,공통,raw,
b120_sub_heavy_r1,MSF,Medium (81-140),120,sub_heavy,181.25,22,20250811,75,BLK_75S,13,NC,5,2025-08-12 06:55:55,2025-08-12 07:22:10,26.2,,공통,raw,
b120_sub_heavy_r1,MSF,Medium (81-140),120,sub_heavy,181.25,22,20250811,75,BLK_75S,13,베이35A 론지취부,6,2025-08-12 07:22:10,2025-08-12 08:00:10,38.0,35A,베이35A,raw,
b120_sub_heavy_r1,MSF,Medium (81-140),120,sub_heavy,181.25,22,20250811,75,BLK_75S,13,베이35A 론지용접,7,2025-08-12 08:00:10,2025-08-12 08:13:58,13.8,35A,베이35A,raw,
b120_sub_heavy_r1,MSF,Medium (81-140),120,sub_heavy,181.25,22,20250811,75,BLK_75S,13,베이35A 수정,8,2025-08-12 08:13:58,2025-08-12 08:36:34,22.6,35A,베이35A,raw,
b120_sub_heavy_r1,MSF,Medium (81-140),120,sub_heavy,181.25,22,20250811,109,BLK_109C,14,판계,1,2025-08-11 15:24:00,2025-08-11 15:44:00,20.0,,공통,raw,
b120_sub_heavy_r1,MSF,Medium (81-140),120,sub_heavy,181.25,22,20250811,109,BLK_109C,14,전면SAW,2,2025-08-12 04:19:21,2025-08-12 04:55:07,35.8,,공통,raw,
b120_sub_heavy_r1,MSF,Medium (81-140),120,sub_heavy,181.25,22,20250811,109,BLK_109C,14,TurnOver,3,2025-08-12 04:55:07,2025-08-12 05:07:07,12.0,,공통,raw,
b120_sub_heavy_r1,MSF,Medium (81-140),120,sub_heavy,181.25,22,20250811,109,BLK_109C,14,후면SAW,4,2025-08-12 06:55:55,2025-08-12 07:21:51,25.9,,공통,raw,
b120_sub_heavy_r1,MSF,Medium (81-140),120,sub_heavy,181.25,22,20250811,109,BLK_109C,14,NC,5,2025-08-12 07:22:10,2025-08-12 07:50:17,28.1,,공통,raw,
b120_sub_heavy_r1,MSF,Medium (81-140),120,sub_heavy,181.25,22,20250811,109,BLK_109C,14,베이36B 론지취부,6,2025-08-12 07:50:17,2025-08-12 08:56:17,66.0,36B,베이36B,raw,
b120_sub_heavy_r1,MSF,Medium (81-140),120,sub_heavy,181.25,22,20250811,109,BLK_109C,14,베이36B 론지용접,7,2025-08-12 08:56:17,2025-08-12 09:18:53,22.6,36B,베이36B,raw,
b120_sub_heavy_r1,MSF,Medium (81-140),120,sub_heavy,181.25,22,20250811,109,BLK_109C,14,베이36B 수정,8,2025-08-12 09:18:53,2025-08-12 09:59:05,40.2,36B,베이36B,raw,
b120_sub_heavy_r1,MSF,Medium (81-140),120,sub_heavy,181.25,22,20250811,85,BLK_85S,15,판계,1,2025-08-11 15:44:00,2025-08-11 16:12:00,28.0,,공통,raw,
b120_sub_heavy_r1,MSF,Medium (81-140),120,sub_heavy,181.25,22,20250811,85,BLK_85S,15,전면SAW,2,2025-08-12 04:55:07,2025-08-12 06:32:04,97.0,,공통,raw,
b120_sub_heavy_r1,MSF,Medium (81-140),120,sub_heavy,181.25,22,20250811,85,BLK_85S,15,TurnOver,3,2025-08-12 06:32:04,2025-08-12 06:44:04,12.0,,공통,raw,
b120_sub_heavy_r1,MSF,Medium (81-140),120,sub_heavy,181.25,22,20250811,85,BLK_85S,15,후면SAW,4,2025-08-12 07:21:51,2025-08-12 08:38:01,76.2,,공통,raw,
b120_sub_heavy_r1,MSF,Medium (81-140),120,sub_heavy,181.25,22,20250811,85,BLK_85S,15,NC,5,2025-08-12 08:38:01,2025-08-12 09:11:24,33.4,,공통,raw,
b120_sub_heavy_r1,MSF,Medium (81-140),120,sub_heavy,181.25,22,20250811,85,BLK_85S,15,베이35A 론지취부,6,2025-08-12 09:11:24,2025-08-12 10:13:54,62.5,35A,베이35A,raw,
b120_sub_heavy_r1,MSF,Medium (81-140),120,sub_heavy,181.25,22,20250811,85,BLK_85S,15,베이35A 론지용접,7,2025-08-12 10:13:54,2025-08-12 10:35:54,22.0,35A,베이35A,raw,
b120_sub_heavy_r1,MSF,Medium (81-140),120,sub_heavy,181.25,22,20250811,85,BLK_85S,15,베이35A 수정,8,2025-08-12 10:35:54,2025-08-12 11:13:54,38.0,35A,베이35A,raw,
b120_sub_heavy_r1,MSF,Medium (81-140),120,sub_heavy,181.25,22,20250811,46,BLK_46P,16,판계,1,2025-08-11 16:12:00,2025-08-11 16:24:00,12.0,,공통,raw,
b120_sub_heavy_r1,MSF,Medium (81-140),120,sub_heavy,181.25,22,20250811,46,BLK_46P,16,전면SAW,2,2025-08-12 06:32:04,2025-08-12 07:17:42,45.6,,공통,raw,
b120_sub_heavy_r1,MSF,Medium (81-140),120,sub_heavy,181.25,22,20250811,46,BLK_46P,16,TurnOver,3,2025-08-12 07:17:42,2025-08-12 07:29:42,12.0,,공통,raw,
b120_sub_heavy_r1,MSF,Medium (81-140),120,sub_heavy,181.25,22,20250811,46,BLK_46P,16,후면SAW,4,2025-08-12 08:38:01,2025-08-12 09:16:55,38.9,,공통,raw,
b120_sub_heavy_r1,MSF,Medium (81-140),120,sub_heavy,181.25,22,20250811,46,BLK_46P,16,NC,5,2025-08-12 09:16:55,2025-08-12 09:37:54,21.0,,공통,raw,
b120_sub_heavy_r1,MSF,Medium (81-140),120,sub_heavy,181.25,22,20250811,46,BLK_46P,16,베이36B 론지취부,6,2025-08-12 09:37:54,2025-08-12 10:12:24,34.5,36B,베이36B,raw,
b120_sub_heavy_r1,MSF,Medium (81-140),120,sub_heavy,181.25,22,20250811,46,BLK_46P,16,베이36B 론지용접,7,2025-08-12 10:12:24,2025-08-12 10:25:36,13.2,36B,베이36B,raw,
b120_sub_heavy_r1,MSF,Medium (81-140),120,sub_heavy,181.25,22,20250811,46,BLK_46P,16,베이36B 수정,8,2025-08-12 10:25:36,2025-08-12 10:46:00,20.4,36B,베이36B,raw,
b120_sub_heavy_r1,MSF,Medium (81-140),120,sub_heavy,181.25,22,20250812,72,BLK_72P,1,판계,1,2025-08-12 08:00:00,2025-08-12 08:25:00,25.0,,공통,raw,
b120_sub_heavy_r1,MSF,Medium (81-140),120,sub_heavy,181.25,22,20250812,72,BLK_72P,1,전면SAW,2,2025-08-12 08:25:00,2025-08-12 08:54:54,29.9,,공통,raw,
b120_sub_heavy_r1,MSF,Medium (81-140),120,sub_heavy,181.25,22,20250812,72,BLK_72P,1,TurnOver,3,2025-08-12 08:54:54,2025-08-12 09:06:54,12.0,,공통,raw,
b120_sub_heavy_r1,MSF,Medium (81-140),120,sub_heavy,181.25,22,20250812,72,BLK_72P,1,후면SAW,4,2025-08-12 09:16:55,2025-08-12 09:35:08,18.2,,공통,raw,
b120_sub_heavy_r1,MSF,Medium (81-140),120,sub_heavy,181.25,22,20250812,72,BLK_72P,1,NC,5,2025-08-12 09:37:54,2025-08-12 10:10:10,32.3,,공통,raw,
b120_sub_heavy_r1,MSF,Medium (81-140),120,sub_heavy,181.25,22,20250812,72,BLK_72P,1,베이35A 론지취부,6,2025-08-12 10:13:54,2025-08-12 11:09:24,55.5,35A,베이35A,raw,
b120_sub_heavy_r1,MSF,Medium (81-140),120,sub_heavy,181.25,22,20250812,72,BLK_72P,1,베이35A 론지용접,7,2025-08-12 11:09:24,2025-08-12 11:30:12,20.8,35A,베이35A,raw,
b120_sub_heavy_r1,MSF,Medium (81-140),120,sub_heavy,181.25,22,20250812,72,BLK_72P,1,베이35A 수정,8,2025-08-12 11:30:12,2025-08-12 12:03:48,33.6,35A,베이35A,raw,
b120_sub_heavy_r1,MSF,Medium (81-140),120,sub_heavy,181.25,22,20250812,52,BLK_52C,2,판계,1,2025-08-12 08:25:00,2025-08-12 08:55:00,30.0,,공통,raw,
b120_sub_heavy_r1,MSF,Medium (81-140),120,sub_heavy,181.25,22,20250812,52,BLK_52C,2,전면SAW,2,2025-08-12 08:55:00,2025-08-12 09:29:00,34.0,,공통,raw,
b120_sub_heavy_r1,MSF,Medium (81-140),120,sub_heavy,181.25,22,20250812,52,BLK_52C,2,TurnOver,3,2025-08-12 09:29:00,2025-08-12 09:41:00,12.0,,공통,raw,
b120_sub_heavy_r1,MSF,Medium (81-140),120,sub_heavy,181.25,22,20250812,52,BLK_52C,2,후면SAW,4,2025-08-12 09:41:00,2025-08-12 10:04:36,23.6,,공통,raw,
b120_sub_heavy_r1,MSF,Medium (81-140),120,sub_heavy,181.25,22,20250812,52,BLK_52C,2,NC,5,2025-08-12 10:10:10,2025-08-12 10:51:00,40.8,,공통,raw,
b120_sub_heavy_r1,MSF,Medium (81-140),120,sub_heavy,181.25,22,20250812,52,BLK_52C,2,베이36B 론지취부,6,2025-08-12 10:51:00,2025-08-12 12:00:30,69.5,36B,베이36B,raw,
b120_sub_heavy_r1,MSF,Medium (81-140),120,sub_heavy,181.25,22,20250812,52,BLK_52C,2,베이36B 론지용접,7,2025-08-12 12:00:30,2025-08-12 12:23:42,23.2,36B,베이36B,raw,
b120_sub_heavy_r1,MSF,Medium (81-140),120,sub_heavy,181.25,22,20250812,52,BLK_52C,2,베이36B 수정,8,2025-08-12 12:23:42,2025-08-12 13:06:06,42.4,36B,베이36B,raw,
b120_sub_heavy_r1,MSF,Medium (81-140),120,sub_heavy,181.25,22,20250812,70,BLK_70C,3,판계,1,2025-08-12 08:55:00,2025-08-12 09:25:00,30.0,,공통,raw,
b120_sub_heavy_r1,MSF,Medium (81-140),120,sub_heavy,181.25,22,20250812,70,BLK_70C,3,전면SAW,2,2025-08-12 09:29:00,2025-08-12 09:58:39,29.7,,공통,raw,
b120_sub_heavy_r1,MSF,Medium (81-140),120,sub_heavy,181.25,22,20250812,70,BLK_70C,3,TurnOver,3,2025-08-12 09:58:39,2025-08-12 10:10:39,12.0,,공통,raw,
b120_sub_heavy_r1,MSF,Medium (81-140),120,sub_heavy,181.25,22,20250812,70,BLK_70C,3,후면SAW,4,2025-08-12 10:10:39,2025-08-12 10:28:33,17.9,,공통,raw,
b120_sub_heavy_r1,MSF,Medium (81-140),120,sub_heavy,181.25,22,20250812,70,BLK_70C,3,NC,5,2025-08-12 10:51:00,2025-08-12 11:31:03,40.1,,공통,raw,
b120_sub_heavy_r1,MSF,Medium (81-140),120,sub_heavy,181.25,22,20250812,70,BLK_70C,3,베이35A 론지취부,6,2025-08-12 11:31:03,2025-08-12 12:37:03,66.0,35A,베이35A,raw,
b120_sub_heavy_r1,MSF,Medium (81-140),120,sub_heavy,181.25,22,20250812,70,BLK_70C,3,베이35A 론지용접,7,2025-08-12 12:37:03,2025-08-12 12:59:39,22.6,35A,베이35A,raw,
b120_sub_heavy_r1,MSF,Medium (81-140),120,sub_heavy,181.25,22,20250812,70,BLK_70C,3,베이35A 수정,8,2025-08-12 12:59:39,2025-08-12 13:39:51,40.2,35A,베이35A,raw,
b120_sub_heavy_r1,MSF,Medium (81-140),120,sub_heavy,181.25,22,20250812,79,BLK_79C,4,판계,1,2025-08-12 09:25:00,2025-08-12 09:55:00,30.0,,공통,raw,
b120_sub_heavy_r1,MSF,Medium (81-140),120,sub_heavy,181.25,22,20250812,79,BLK_79C,4,전면SAW,2,2025-08-12 09:58:39,2025-08-12 10:28:28,29.8,,공통,raw,
b120_sub_heavy_r1,MSF,Medium (81-140),120,sub_heavy,181.25,22,20250812,79,BLK_79C,4,TurnOver,3,2025-08-12 10:28:28,2025-08-12 10:40:28,12.0,,공통,raw,
b120_sub_heavy_r1,MSF,Medium (81-140),120,sub_heavy,181.25,22,20250812,79,BLK_79C,4,후면SAW,4,2025-08-12 10:40:28,2025-08-12 10:58:34,18.1,,공통,raw,
b120_sub_heavy_r1,MSF,Medium (81-140),120,sub_heavy,181.25,22,20250812,79,BLK_79C,4,NC,5,2025-08-12 11:31:03,2025-08-12 12:11:20,40.3,,공통,raw,
b120_sub_heavy_r1,MSF,Medium (81-140),120,sub_heavy,181.25,22,20250812,79,BLK_79C,4,베이36B 론지취부,6,2025-08-12 12:11:20,2025-08-12 13:20:50,69.5,36B,베이36B,raw,
b120_sub_heavy_r1,MSF,Medium (81-140),120,sub_heavy,181.25,22,20250812,79,BLK_79C,4,베이36B 론지용접,7,2025-08-12 13:20:50,2025-08-12 13:44:02,23.2,36B,베이36B,raw,
b120_sub_heavy_r1,MSF,Medium (81-140),120,sub_heavy,181.25,22,20250812,79,BLK_79C,4,베이36B 수정,8,2025-08-12 13:44:02,2025-08-12 14:26:26,42.4,36B,베이36B,raw,
b120_sub_heavy_r1,MSF,Medium (81-140),120,sub_heavy,181.25,22,20250812,82,BLK_82S,5,판계,1,2025-08-12 09:55:00,2025-08-12 10:25:00,30.0,,공통,raw,
b120_sub_heavy_r1,MSF,Medium (81-140),120,sub_heavy,181.25,22,20250812,82,BLK_82S,5,전면SAW,2,2025-08-12 10:28:28,2025-08-12 11:13:04,44.6,,공통,raw,
b120_sub_heavy_r1,MSF,Medium (81-140),120,sub_heavy,181.25,22,20250812,82,BLK_82S,5,TurnOver,3,2025-08-12 11:13:04,2025-08-12 11:25:04,12.0,,공통,raw,
b120_sub_heavy_r1,MSF,Medium (81-140),120,sub_heavy,181.25,22,20250812,82,BLK_82S,5,후면SAW,4,2025-08-12 11:25:04,2025-08-12 12:02:38,37.6,,공통,raw,
b120_sub_heavy_r1,MSF,Medium (81-140),120,sub_heavy,181.25,22,20250812,82,BLK_82S,5,NC,5,2025-08-12 12:11:20,2025-08-12 12:54:59,43.6,,공통,raw,
b120_sub_heavy_r1,MSF,Medium (81-140),120,sub_heavy,181.25,22,20250812,82,BLK_82S,5,베이35A 론지취부,6,2025-08-12 12:54:59,2025-08-12 13:53:59,59.0,35A,베이35A,raw,
b120_sub_heavy_r1,MSF,Medium (81-140),120,sub_heavy,181.25,22,20250812,82,BLK_82S,5,베이35A 론지용접,7,2025-08-12 13:53:59,2025-08-12 14:15:23,21.4,35A,베이35A,raw,
b120_sub_heavy_r1,MSF,Medium (81-140),120,sub_heavy,181.25,22,20250812,82,BLK_82S,5,베이35A 수정,8,2025-08-12 14:15:23,2025-08-12 14:51:11,35.8,35A,베이35A,raw,
b120_sub_heavy_r1,MSF,Medium (81-140),120,sub_heavy,181.25,22,20250812,65,BLK_65S,6,판계,1,2025-08-12 10:25:00,2025-08-12 10:55:00,30.0,,공통,raw,
b120_sub_heavy_r1,MSF,Medium (81-140),120,sub_heavy,181.25,22,20250812,65,BLK_65S,6,전면SAW,2,2025-08-12 11:13:04,2025-08-12 11:50:19,37.2,,공통,raw,
b120_sub_heavy_r1,MSF,Medium (81-140),120,sub_heavy,181.25,22,20250812,65,BLK_65S,6,TurnOver,3,2025-08-12 11:50:19,2025-08-12 12:02:19,12.0,,공통,raw,
b120_sub_heavy_r1,MSF,Medium (81-140),120,sub_heavy,181.25,22,20250812,65,BLK_65S,6,후면SAW,4,2025-08-12 12:02:38,2025-08-12 12:30:31,27.9,,공통,raw,
b120_sub_heavy_r1,MSF,Medium (81-140),120,sub_heavy,181.25,22,20250812,65,BLK_65S,6,NC,5,2025-08-12 12:54:59,2025-08-12 13:37:44,42.8,,공통,raw,
b120_sub_heavy_r1,MSF,Medium (81-140),120,sub_heavy,181.25,22,20250812,65,BLK_65S,6,베이36B 론지취부,6,2025-08-12 13:37:44,2025-08-12 14:43:44,66.0,36B,베이36B,raw,
b120_sub_heavy_r1,MSF,Medium (81-140),120,sub_heavy,181.25,22,20250812,65,BLK_65S,6,베이36B 론지용접,7,2025-08-12 14:43:44,2025-08-12 15:06:20,22.6,36B,베이36B,raw,
b120_sub_heavy_r1,MSF,Medium (81-140),120,sub_heavy,181.25,22,20250812,65,BLK_65S,6,베이36B 수정,8,2025-08-12 15:06:20,2025-08-12 15:46:32,40.2,36B,베이36B,raw,
b120_sub_heavy_r1,MSF,Medium (81-140),120,sub_heavy,181.25,22,20250812,99,BLK_99P,7,판계,1,2025-08-12 10:55:00,2025-08-12 11:25:00,30.0,,공통,raw,
b120_sub_heavy_r1,MSF,Medium (81-140),120,sub_heavy,181.25,22,20250812,99,BLK_99P,7,전면SAW,2,2025-08-12 11:50:19,2025-08-12 13:25:19,95.0,,공통,raw,
b120_sub_heavy_r1,MSF,Medium (81-140),120,sub_heavy,181.25,22,20250812,99,BLK_99P,7,TurnOver,3,2025-08-12 13:25:19,2025-08-12 13:37:19,12.0,,공통,raw,
b120_sub_heavy_r1,MSF,Medium (81-140),120,sub_heavy,181.25,22,20250812,99,BLK_99P,7,후면SAW,4,2025-08-12 13:37:19,2025-08-12 15:10:06,92.8,,공통,raw,
b120_sub_heavy_r1,MSF,Medium (81-140),120,sub_heavy,181.25,22,20250812,99,BLK_99P,7,NC,5,2025-08-12 15:10:06,2025-08-12 16:00:31,50.4,,공통,raw,
b120_sub_heavy_r1,MSF,Medium (81-140),120,sub_heavy,181.25,22,20250812,99,BLK_99P,7,베이35A 론지취부,6,2025-08-12 16:00:31,2025-08-12 17:10:01,69.5,35A,베이35A,raw,
b120_sub_heavy_r1,MSF,Medium (81-140),120,sub_heavy,181.25,22,20250812,99,BLK_99P,7,베이35A 론지용접,7,2025-08-12 17:10:01,2025-08-12 17:33:13,23.2,35A,베이35A,raw,
b120_sub_heavy_r1,MSF,Medium (81-140),120,sub_heavy,181.25,22,20250812,99,BLK_99P,7,베이35A 수정,8,2025-08-12 17:33:13,2025-08-12 18:15:37,42.4,35A,베이35A,raw,
b120_sub_heavy_r1,MSF,Medium (81-140),120,sub_heavy,181.25,22,20250812,53,BLK_53C,8,판계,1,2025-08-12 11:25:00,2025-08-12 11:37:00,12.0,,공통,raw,
b120_sub_heavy_r1,MSF,Medium (81-140),120,sub_heavy,181.25,22,20250812,53,BLK_53C,8,전면SAW,2,2025-08-12 13:25:19,2025-08-12 14:06:22,41.0,,공통,raw,
b120_sub_heavy_r1,MSF,Medium (81-140),120,sub_heavy,181.25,22,20250812,53,BLK_53C,8,TurnOver,3,2025-08-12 14:06:22,2025-08-12 14:18:22,12.0,,공통,raw,
b120_sub_heavy_r1,MSF,Medium (81-140),120,sub_heavy,181.25,22,20250812,53,BLK_53C,8,후면SAW,4,2025-08-12 15:10:06,2025-08-12 15:43:00,32.9,,공통,raw,
b120_sub_heavy_r1,MSF,Medium (81-140),120,sub_heavy,181.25,22,20250812,53,BLK_53C,8,NC,5,2025-08-12 16:00:31,2025-08-12 16:21:36,21.1,,공통,raw,
b120_sub_heavy_r1,MSF,Medium (81-140),120,sub_heavy,181.25,22,20250812,53,BLK_53C,8,베이36B 론지취부,6,2025-08-12 16:21:36,2025-08-12 17:09:36,48.0,36B,베이36B,raw,
b120_sub_heavy_r1,MSF,Medium (81-140),120,sub_heavy,181.25,22,20250812,53,BLK_53C,8,베이36B 론지용접,7,2025-08-12 17:09:36,2025-08-12 17:32:24,22.8,36B,베이36B,raw,
b120_sub_heavy_r1,MSF,Medium (81-140),120,sub_heavy,181.25,22,20250812,53,BLK_53C,8,베이36B 수정,8,2025-08-12 17:32:24,2025-08-12 17:46:12,13.8,36B,베이36B,raw,
b120_sub_heavy_r1,MSF,Medium (81-140),120,sub_heavy,181.25,22,20250812,90,BLK_90P,9,판계,1,2025-08-12 11:37:00,2025-08-12 11:57:00,20.0,,공통,raw,
b120_sub_heavy_r1,MSF,Medium (81-140),120,sub_heavy,181.25,22,20250812,90,BLK_90P,9,전면SAW,2,2025-08-12 14:06:22,2025-08-12 14:39:19,32.9,,공통,raw,
b120_sub_heavy_r1,MSF,Medium (81-140),120,sub_heavy,181.25,22,20250812,90,BLK_90P,9,TurnOver,3,2025-08-12 14:39:19,2025-08-12 14:51:19,12.0,,공통,raw,
b120_sub_heavy_r1,MSF,Medium (81-140),120,sub_heavy,181.25,22,20250812,90,BLK_90P,9,후면SAW,4,2025-08-12 15:43:00,2025-08-12 16:05:13,22.2,,공통,raw,
b120_sub_heavy_r1,MSF,Medium (81-140),120,sub_heavy,181.25,22,20250812,90,BLK_90P,9,NC,5,2025-08-12 16:21:36,2025-08-12 16:48:34,27.0,,공통,raw,
b120_sub_heavy_r1,MSF,Medium (81-140),120,sub_heavy,181.25,22,20250812,90,BLK_90P,9,베이35A 론지취부,6,2025-08-12 17:10:01,2025-08-12 17:55:01,45.0,35A,베이35A,raw,
b120_sub_heavy_r1,MSF,Medium (81-140),120,sub_heavy,181.25,22,20250812,90,BLK_90P,9,베이35A 론지용접,7,2025-08-12 17:55:01,2025-08-12 18:14:01,19.0,35A,베이35A,raw,
b120_sub_heavy_r1,MSF,Medium (81-140),120,sub_heavy,181.25,22,20250812,90,BLK_90P,9,베이35A 수정,8,2025-08-12 18:15:37,2025-08-12 18:42:37,27.0,35A,베이35A,raw,
b120_sub_heavy_r1,MSF,Medium (81-140),120,sub_heavy,181.25,22,20250812,45,BLK_45P,10,판계,1,2025-08-12 11:57:00,2025-08-12 12:22:00,25.0,,공통,raw,
b120_sub_heavy_r1,MSF,Medium (81-140),120,sub_heavy,181.25,22,20250812,45,BLK_45P,10,전면SAW,2,2025-08-12 14:39:19,2025-08-12 15:15:12,35.9,,공통,raw,
b120_sub_heavy_r1,MSF,Medium (81-140),120,sub_heavy,181.25,22,20250812,45,BLK_45P,10,TurnOver,3,2025-08-12 15:15:12,2025-08-12 15:27:12,12.0,,공통,raw,
b120_sub_heavy_r1,MSF,Medium (81-140),120,sub_heavy,181.25,22,20250812,45,BLK_45P,10,후면SAW,4,2025-08-12 16:05:13,2025-08-12 16:31:18,26.1,,공통,raw,
b120_sub_heavy_r1,MSF,Medium (81-140),120,sub_heavy,181.25,22,20250812,45,BLK_45P,10,NC,5,2025-08-12 16:48:34,2025-08-12 17:25:40,37.1,,공통,raw,
b120_sub_heavy_r1,MSF,Medium (81-140),120,sub_heavy,181.25,22,20250812,45,BLK_45P,10,베이36B 론지취부,6,2025-08-12 17:25:40,2025-08-12 18:49:10,83.5,36B,베이36B,raw,
b120_sub_heavy_r1,MSF,Medium (81-140),120,sub_heavy,181.25,22,20250812,45,BLK_45P,10,베이36B 론지용접,7,2025-08-12 18:49:10,2025-08-12 19:14:46,25.6,36B,베이36B,raw,
b120_sub_heavy_r1,MSF,Medium (81-140),120,sub_heavy,181.25,22,20250812,45,BLK_45P,10,베이36B 수정,8,2025-08-12 19:14:46,2025-08-12 20:05:58,51.2,36B,베이36B,raw,
b120_sub_heavy_r1,MSF,Medium (81-140),120,sub_heavy,181.25,22,20250812,42,BLK_42C,11,판계,1,2025-08-12 12:22:00,2025-08-12 12:50:00,28.0,,공통,raw,
b120_sub_heavy_r1,MSF,Medium (81-140),120,sub_heavy,181.25,22,20250812,42,BLK_42C,11,전면SAW,2,2025-08-12 15:15:12,2025-08-12 16:59:16,104.1,,공통,raw,
b120_sub_heavy_r1,MSF,Medium (81-140),120,sub_heavy,181.25,22,20250812,42,BLK_42C,11,TurnOver,3,2025-08-12 16:59:16,2025-08-12 17:11:16,12.0,,공통,raw,
b120_sub_heavy_r1,MSF,Medium (81-140),120,sub_heavy,181.25,22,20250812,42,BLK_42C,11,후면SAW,4,2025-08-12 17:11:16,2025-08-12 18:33:56,82.7,,공통,raw,
b120_sub_heavy_r1,MSF,Medium (81-140),120,sub_heavy,181.25,22,20250812,42,BLK_42C,11,NC,5,2025-08-12 18:33:56,2025-08-12 19:06:12,32.3,,공통,raw,
b120_sub_heavy_r1,MSF,Medium (81-140),120,sub_heavy,181.25,22,20250812,42,BLK_42C,11,베이35A 론지취부,6,2025-08-12 19:06:12,2025-08-12 19:58:12,52.0,35A,베이35A,raw,
b120_sub_heavy_r1,MSF,Medium (81-140),120,sub_heavy,181.25,22,20250812,42,BLK_42C,11,베이35A 론지용접,7,2025-08-12 19:58:12,2025-08-12 20:18:24,20.2,35A,베이35A,raw,
b120_sub_heavy_r1,MSF,Medium (81-140),120,sub_heavy,181.25,22,20250812,42,BLK_42C,11,베이35A 수정,8,2025-08-12 20:18:24,2025-08-12 20:49:48,31.4,35A,베이35A,raw,
b120_sub_heavy_r1,MSF,Medium (81-140),120,sub_heavy,181.25,22,20250812,30,BLK_30S,12,판계,1,2025-08-12 12:50:00,2025-08-12 13:15:00,25.0,,공통,raw,
b120_sub_heavy_r1,MSF,Medium (81-140),120,sub_heavy,181.25,22,20250812,30,BLK_30S,12,전면SAW,2,2025-08-12 16:59:16,2025-08-12 17:34:02,34.8,,공통,raw,
b120_sub_heavy_r1,MSF,Medium (81-140),120,sub_heavy,181.25,22,20250812,30,BLK_30S,12,TurnOver,3,2025-08-12 17:34:02,2025-08-12 17:46:02,12.0,,공통,raw,
b120_sub_heavy_r1,MSF,Medium (81-140),120,sub_heavy,181.25,22,20250812,30,BLK_30S,12,후면SAW,4,2025-08-12 18:33:56,2025-08-12 18:58:33,24.6,,공통,raw,
b120_sub_heavy_r1,MSF,Medium (81-140),120,sub_heavy,181.25,22,20250812,30,BLK_30S,12,NC,5,2025-08-12 19:06:12,2025-08-12 19:45:02,38.8,,공통,raw,
b120_sub_heavy_r1,MSF,Medium (81-140),120,sub_heavy,181.25,22,20250812,30,BLK_30S,12,베이36B 론지취부,6,2025-08-12 19:45:02,2025-08-12 20:54:32,69.5,36B,베이36B,raw,
b120_sub_heavy_r1,MSF,Medium (81-140),120,sub_heavy,181.25,22,20250812,30,BLK_30S,12,베이36B 론지용접,7,2025-08-12 20:54:32,2025-08-12 21:17:44,23.2,36B,베이36B,raw,
b120_sub_heavy_r1,MSF,Medium (81-140),120,sub_heavy,181.25,22,20250812,30,BLK_30S,12,베이36B 수정,8,2025-08-12 21:17:44,2025-08-12 22:00:08,42.4,36B,베이36B,raw,
b120_sub_heavy_r1,MSF,Medium (81-140),120,sub_heavy,181.25,22,20250812,63,BLK_63C,13,판계,1,2025-08-12 13:15:00,2025-08-12 13:48:00,33.0,,공통,raw,
b120_sub_heavy_r1,MSF,Medium (81-140),120,sub_heavy,181.25,22,20250812,63,BLK_63C,13,전면SAW,2,2025-08-12 17:34:02,2025-08-12 19:13:36,99.6,,공통,raw,
b120_sub_heavy_r1,MSF,Medium (81-140),120,sub_heavy,181.25,22,20250812,63,BLK_63C,13,TurnOver,3,2025-08-12 19:13:36,2025-08-12 19:25:36,12.0,,공통,raw,
b120_sub_heavy_r1,MSF,Medium (81-140),120,sub_heavy,181.25,22,20250812,63,BLK_63C,13,후면SAW,4,2025-08-12 19:25:36,2025-08-12 20:44:08,78.5,,공통,raw,
b120_sub_heavy_r1,MSF,Medium (81-140),120,sub_heavy,181.25,22,20250812,63,BLK_63C,13,NC,5,2025-08-12 20:44:08,2025-08-12 21:23:44,39.6,,공통,raw,
b120_sub_heavy_r1,MSF,Medium (81-140),120,sub_heavy,181.25,22,20250812,63,BLK_63C,13,베이35A 론지취부,6,2025-08-12 21:23:44,2025-08-12 22:19:14,55.5,35A,베이35A,raw,
b120_sub_heavy_r1,MSF,Medium (81-140),120,sub_heavy,181.25,22,20250812,63,BLK_63C,13,베이35A 론지용접,7,2025-08-12 22:19:14,2025-08-12 22:40:02,20.8,35A,베이35A,raw,
b120_sub_heavy_r1,MSF,Medium (81-140),120,sub_heavy,181.25,22,20250812,63,BLK_63C,13,베이35A 수정,8,2025-08-12 22:40:02,2025-08-12 23:13:38,33.6,35A,베이35A,raw,
b120_sub_heavy_r1,MSF,Medium (81-140),120,sub_heavy,181.25,22,20250812,73,BLK_73C,14,판계,1,2025-08-12 13:48:00,2025-08-12 14:13:00,25.0,,공통,raw,
b120_sub_heavy_r1,MSF,Medium (81-140),120,sub_heavy,181.25,22,20250812,73,BLK_73C,14,전면SAW,2,2025-08-12 19:13:36,2025-08-12 19:47:25,33.8,,공통,raw,
b120_sub_heavy_r1,MSF,Medium (81-140),120,sub_heavy,181.25,22,20250812,73,BLK_73C,14,TurnOver,3,2025-08-12 19:47:25,2025-08-12 19:59:25,12.0,,공통,raw,
b120_sub_heavy_r1,MSF,Medium (81-140),120,sub_heavy,181.25,22,20250812,73,BLK_73C,14,후면SAW,4,2025-08-12 20:44:08,2025-08-12 21:07:31,23.4,,공통,raw,
b120_sub_heavy_r1,MSF,Medium (81-140),120,sub_heavy,181.25,22,20250812,73,BLK_73C,14,NC,5,2025-08-12 21:23:44,2025-08-12 22:00:15,36.5,,공통,raw,
b120_sub_heavy_r1,MSF,Medium (81-140),120,sub_heavy,181.25,22,20250812,73,BLK_73C,14,베이36B 론지취부,6,2025-08-12 22:00:15,2025-08-12 23:06:15,66.0,36B,베이36B,raw,
b120_sub_heavy_r1,MSF,Medium (81-140),120,sub_heavy,181.25,22,20250812,73,BLK_73C,14,베이36B 론지용접,7,2025-08-12 23:06:15,2025-08-12 23:28:51,22.6,36B,베이36B,raw,
b120_sub_heavy_r1,MSF,Medium (81-140),120,sub_heavy,181.25,22,20250812,73,BLK_73C,14,베이36B 수정,8,2025-08-12 23:28:51,2025-08-13 00:09:03,40.2,36B,베이36B,raw,
b120_sub_heavy_r1,MSF,Medium (81-140),120,sub_heavy,181.25,22,20250812,100,BLK_100C,15,판계,1,2025-08-12 14:13:00,2025-08-12 14:38:00,25.0,,공통,raw,
b120_sub_heavy_r1,MSF,Medium (81-140),120,sub_heavy,181.25,22,20250812,100,BLK_100C,15,전면SAW,2,2025-08-12 19:47:25,2025-08-12 20:19:07,31.7,,공통,raw,
b120_sub_heavy_r1,MSF,Medium (81-140),120,sub_heavy,181.25,22,20250812,100,BLK_100C,15,TurnOver,3,2025-08-12 20:19:07,2025-08-12 20:31:07,12.0,,공통,raw,
b120_sub_heavy_r1,MSF,Medium (81-140),120,sub_heavy,181.25,22,20250812,100,BLK_100C,15,후면SAW,4,2025-08-12 21:07:31,2025-08-12 21:28:06,20.6,,공통,raw,
b120_sub_heavy_r1,MSF,Medium (81-140),120,sub_heavy,181.25,22,20250812,100,BLK_100C,15,NC,5,2025-08-12 22:00:15,2025-08-12 22:35:54,35.6,,공통,raw,
b120_sub_heavy_r1,MSF,Medium (81-140),120,sub_heavy,181.25,22,20250812,100,BLK_100C,15,베이35A 론지취부,6,2025-08-12 22:35:54,2025-08-12 23:52:24,76.5,35A,베이35A,raw,
b120_sub_heavy_r1,MSF,Medium (81-140),120,sub_heavy,181.25,22,20250812,100,BLK_100C,15,베이35A 론지용접,7,2025-08-12 23:52:24,2025-08-13 00:16:48,24.4,35A,베이35A,raw,
b120_sub_heavy_r1,MSF,Medium (81-140),120,sub_heavy,181.25,22,20250812,100,BLK_100C,15,베이35A 수정,8,2025-08-13 00:16:48,2025-08-13 01:03:36,46.8,35A,베이35A,raw,
b120_sub_heavy_r1,MSF,Medium (81-140),120,sub_heavy,181.25,22,20250812,83,BLK_83P,16,판계,1,2025-08-12 14:38:00,2025-08-12 15:03:00,25.0,,공통,raw,
b120_sub_heavy_r1,MSF,Medium (81-140),120,sub_heavy,181.25,22,20250812,83,BLK_83P,16,전면SAW,2,2025-08-12 20:19:07,2025-08-12 20:51:16,32.2,,공통,raw,
b120_sub_heavy_r1,MSF,Medium (81-140),120,sub_heavy,181.25,22,20250812,83,BLK_83P,16,TurnOver,3,2025-08-12 20:51:16,2025-08-12 21:03:16,12.0,,공통,raw,
b120_sub_heavy_r1,MSF,Medium (81-140),120,sub_heavy,181.25,22,20250812,83,BLK_83P,16,후면SAW,4,2025-08-12 21:28:06,2025-08-12 21:49:18,21.2,,공통,raw,
b120_sub_heavy_r1,MSF,Medium (81-140),120,sub_heavy,181.25,22,20250812,83,BLK_83P,16,NC,5,2025-08-12 22:35:54,2025-08-12 23:11:27,35.6,,공통,raw,
b120_sub_heavy_r1,MSF,Medium (81-140),120,sub_heavy,181.25,22,20250812,83,BLK_83P,16,베이36B 론지취부,6,2025-08-12 23:11:27,2025-08-13 00:17:27,66.0,36B,베이36B,raw,
b120_sub_heavy_r1,MSF,Medium (81-140),120,sub_heavy,181.25,22,20250812,83,BLK_83P,16,베이36B 론지용접,7,2025-08-13 00:17:27,2025-08-13 00:40:03,22.6,36B,베이36B,raw,
b120_sub_heavy_r1,MSF,Medium (81-140),120,sub_heavy,181.25,22,20250812,83,BLK_83P,16,베이36B 수정,8,2025-08-13 00:40:03,2025-08-13 01:20:15,40.2,36B,베이36B,raw,
b120_sub_heavy_r1,MSF,Medium (81-140),120,sub_heavy,181.25,22,20250812,93,BLK_93P,17,판계,1,2025-08-12 15:03:00,2025-08-12 15:36:00,33.0,,공통,raw,
b120_sub_heavy_r1,MSF,Medium (81-140),120,sub_heavy,181.25,22,20250812,93,BLK_93P,17,전면SAW,2,2025-08-12 20:51:16,2025-08-12 22:14:22,83.1,,공통,raw,
b120_sub_heavy_r1,MSF,Medium (81-140),120,sub_heavy,181.25,22,20250812,93,BLK_93P,17,TurnOver,3,2025-08-12 22:14:22,2025-08-12 22:26:22,12.0,,공통,raw,
b120_sub_heavy_r1,MSF,Medium (81-140),120,sub_heavy,181.25,22,20250812,93,BLK_93P,17,후면SAW,4,2025-08-12 22:26:22,2025-08-12 23:29:54,63.5,,공통,raw,
b120_sub_heavy_r1,MSF,Medium (81-140),120,sub_heavy,181.25,22,20250812,93,BLK_93P,17,NC,5,2025-08-12 23:29:54,2025-08-13 00:07:12,37.3,,공통,raw,
b120_sub_heavy_r1,MSF,Medium (81-140),120,sub_heavy,181.25,22,20250812,93,BLK_93P,17,베이35A 론지취부,6,2025-08-13 00:07:12,2025-08-13 00:48:42,41.5,35A,베이35A,raw,
b120_sub_heavy_r1,MSF,Medium (81-140),120,sub_heavy,181.25,22,20250812,93,BLK_93P,17,베이35A 론지용접,7,2025-08-13 00:48:42,2025-08-13 01:07:06,18.4,35A,베이35A,raw,
b120_sub_heavy_r1,MSF,Medium (81-140),120,sub_heavy,181.25,22,20250812,93,BLK_93P,17,베이35A 수정,8,2025-08-13 01:07:06,2025-08-13 01:31:54,24.8,35A,베이35A,raw,
b120_sub_heavy_r1,MSF,Medium (81-140),120,sub_heavy,181.25,22,20250812,51,BLK_51C,18,판계,1,2025-08-12 15:36:00,2025-08-12 16:06:00,30.0,,공통,raw,
b120_sub_heavy_r1,MSF,Medium (81-140),120,sub_heavy,181.25,22,20250812,51,BLK_51C,18,전면SAW,2,2025-08-12 22:14:22,2025-08-12 22:46:53,32.5,,공통,raw,
b120_sub_heavy_r1,MSF,Medium (81-140),120,sub_heavy,181.25,22,20250812,51,BLK_51C,18,TurnOver,3,2025-08-12 22:46:53,2025-08-12 22:58:53,12.0,,공통,raw,
b120_sub_heavy_r1,MSF,Medium (81-140),120,sub_heavy,181.25,22,20250812,51,BLK_51C,18,후면SAW,4,2025-08-12 23:29:54,2025-08-12 23:51:33,21.6,,공통,raw,
b120_sub_heavy_r1,MSF,Medium (81-140),120,sub_heavy,181.25,22,20250812,51,BLK_51C,18,NC,5,2025-08-13 00:07:12,2025-08-13 00:50:24,43.2,,공통,raw,
b120_sub_heavy_r1,MSF,Medium (81-140),120,sub_heavy,181.25,22,20250812,51,BLK_51C,18,베이36B 론지취부,6,2025-08-13 00:50:24,2025-08-13 02:06:54,76.5,36B,베이36B,raw,
b120_sub_heavy_r1,MSF,Medium (81-140),120,sub_heavy,181.25,22,20250812,51,BLK_51C,18,베이36B 론지용접,7,2025-08-13 02:06:54,2025-08-13 02:31:18,24.4,36B,베이36B,raw,
b120_sub_heavy_r1,MSF,Medium (81-140),120,sub_heavy,181.25,22,20250812,51,BLK_51C,18,베이36B 수정,8,2025-08-13 02:31:18,2025-08-13 03:18:06,46.8,36B,베이36B,raw,
b120_sub_heavy_r1,MSF,Medium (81-140),120,sub_heavy,181.25,22,20250812,80,BLK_80P,19,판계,1,2025-08-12 16:06:00,2025-08-12 16:36:00,30.0,,공통,raw,
b120_sub_heavy_r1,MSF,Medium (81-140),120,sub_heavy,181.25,22,20250812,80,BLK_80P,19,전면SAW,2,2025-08-12 22:46:53,2025-08-12 23:28:28,41.6,,공통,raw,
b120_sub_heavy_r1,MSF,Medium (81-140),120,sub_heavy,181.25,22,20250812,80,BLK_80P,19,TurnOver,3,2025-08-12 23:28:28,2025-08-12 23:40:28,12.0,,공통,raw,
b120_sub_heavy_r1,MSF,Medium (81-140),120,sub_heavy,181.25,22,20250812,80,BLK_80P,19,후면SAW,4,2025-08-12 23:51:33,2025-08-13 00:25:09,33.6,,공통,raw,
b120_sub_heavy_r1,MSF,Medium (81-140),120,sub_heavy,181.25,22,20250812,80,BLK_80P,19,NC,5,2025-08-13 00:50:24,2025-08-13 01:35:32,45.1,,공통,raw,
b120_sub_heavy_r1,MSF,Medium (81-140),120,sub_heavy,181.25,22,20250812,80,BLK_80P,19,베이35A 론지취부,6,2025-08-13 01:35:32,2025-08-13 02:41:32,66.0,35A,베이35A,raw,
b120_sub_heavy_r1,MSF,Medium (81-140),120,sub_heavy,181.25,22,20250812,80,BLK_80P,19,베이35A 론지용접,7,2025-08-13 02:41:32,2025-08-13 03:04:08,22.6,35A,베이35A,raw,
b120_sub_heavy_r1,MSF,Medium (81-140),120,sub_heavy,181.25,22,20250812,80,BLK_80P,19,베이35A 수정,8,2025-08-13 03:04:08,2025-08-13 03:44:20,40.2,35A,베이35A,raw,
b120_sub_heavy_r1,MSF,Medium (81-140),120,sub_heavy,181.25,22,20250812,86,BLK_86S,20,판계,1,2025-08-12 16:36:00,2025-08-12 16:48:00,12.0,,공통,raw,
b120_sub_heavy_r1,MSF,Medium (81-140),120,sub_heavy,181.25,22,20250812,86,BLK_86S,20,전면SAW,2,2025-08-12 23:28:28,2025-08-13 00:09:07,40.6,,공통,raw,
b120_sub_heavy_r1,MSF,Medium (81-140),120,sub_heavy,181.25,22,20250812,86,BLK_86S,20,TurnOver,3,2025-08-13 00:09:07,2025-08-13 00:21:07,12.0,,공통,raw,
b120_sub_heavy_r1,MSF,Medium (81-140),120,sub_heavy,181.25,22,20250812,86,BLK_86S,20,후면SAW,4,2025-08-13 00:25:09,2025-08-13 00:57:31,32.4,,공통,raw,
b120_sub_heavy_r1,MSF,Medium (81-140),120,sub_heavy,181.25,22,20250812,86,BLK_86S,20,NC,5,2025-08-13 01:35:32,2025-08-13 01:56:29,20.9,,공통,raw,
b120_sub_heavy_r1,MSF,Medium (81-140),120,sub_heavy,181.25,22,20250812,86,BLK_86S,20,베이36B 론지취부,6,2025-08-13 02:06:54,2025-08-13 02:34:24,27.5,36B,베이36B,raw,
b120_sub_heavy_r1,MSF,Medium (81-140),120,sub_heavy,181.25,22,20250812,86,BLK_86S,20,베이36B 론지용접,7,2025-08-13 02:34:24,2025-08-13 02:46:24,12.0,36B,베이36B,raw,
b120_sub_heavy_r1,MSF,Medium (81-140),120,sub_heavy,181.25,22,20250812,86,BLK_86S,20,베이36B 수정,8,2025-08-13 03:18:06,2025-08-13 03:34:06,16.0,36B,베이36B,raw,
b120_sub_heavy_r1,MSF,Medium (81-140),120,sub_heavy,181.25,22,20250813,105,BLK_105S,1,판계,1,2025-08-13 08:00:00,2025-08-13 08:30:00,30.0,,공통,raw,
b120_sub_heavy_r1,MSF,Medium (81-140),120,sub_heavy,181.25,22,20250813,105,BLK_105S,1,전면SAW,2,2025-08-13 08:30:00,2025-08-13 10:24:28,114.5,,공통,raw,
b120_sub_heavy_r1,MSF,Medium (81-140),120,sub_heavy,181.25,22,20250813,105,BLK_105S,1,TurnOver,3,2025-08-13 10:24:28,2025-08-13 10:36:28,12.0,,공통,raw,
b120_sub_heavy_r1,MSF,Medium (81-140),120,sub_heavy,181.25,22,20250813,105,BLK_105S,1,후면SAW,4,2025-08-13 10:36:28,2025-08-13 12:08:36,92.1,,공통,raw,
b120_sub_heavy_r1,MSF,Medium (81-140),120,sub_heavy,181.25,22,20250813,105,BLK_105S,1,NC,5,2025-08-13 12:08:36,2025-08-13 13:00:54,52.3,,공통,raw,
b120_sub_heavy_r1,MSF,Medium (81-140),120,sub_heavy,181.25,22,20250813,105,BLK_105S,1,베이36B 론지취부,6,2025-08-13 13:00:54,2025-08-13 14:10:24,69.5,36B,베이36B,raw,
b120_sub_heavy_r1,MSF,Medium (81-140),120,sub_heavy,181.25,22,20250813,105,BLK_105S,1,베이36B 론지용접,7,2025-08-13 14:10:24,2025-08-13 14:33:36,23.2,36B,베이36B,raw,
b120_sub_heavy_r1,MSF,Medium (81-140),120,sub_heavy,181.25,22,20250813,105,BLK_105S,1,베이36B 수정,8,2025-08-13 14:33:36,2025-08-13 15:16:00,42.4,36B,베이36B,raw,
b120_sub_heavy_r1,MSF,Medium (81-140),120,sub_heavy,181.25,22,20250813,110,BLK_110P,2,판계,1,2025-08-13 08:30:00,2025-08-13 09:00:00,30.0,,공통,raw,
b120_sub_heavy_r1,MSF,Medium (81-140),120,sub_heavy,181.25,22,20250813,110,BLK_110P,2,전면SAW,2,2025-08-13 10:24:28,2025-08-13 10:56:18,31.8,,공통,raw,
b120_sub_heavy_r1,MSF,Medium (81-140),120,sub_heavy,181.25,22,20250813,110,BLK_110P,2,TurnOver,3,2025-08-13 10:56:18,2025-08-13 11:08:18,12.0,,공통,raw,
b120_sub_heavy_r1,MSF,Medium (81-140),120,sub_heavy,181.25,22,20250813,110,BLK_110P,2,후면SAW,4,2025-08-13 12:08:36,2025-08-13 12:29:22,20.8,,공통,raw,
b120_sub_heavy_r1,MSF,Medium (81-140),120,sub_heavy,181.25,22,20250813,110,BLK_110P,2,NC,5,2025-08-13 13:00:54,2025-08-13 13:49:42,48.8,,공통,raw,
b120_sub_heavy_r1,MSF,Medium (81-140),120,sub_heavy,181.25,22,20250813,110,BLK_110P,2,베이35A 론지취부,6,2025-08-13 13:49:42,2025-08-13 15:06:12,76.5,35A,베이35A,raw,
b120_sub_heavy_r1,MSF,Medium (81-140),120,sub_heavy,181.25,22,20250813,110,BLK_110P,2,베이35A 론지용접,7,2025-08-13 15:06:12,2025-08-13 15:30:36,24.4,35A,베이35A,raw,
b120_sub_heavy_r1,MSF,Medium (81-140),120,sub_heavy,181.25,22,20250813,110,BLK_110P,2,베이35A 수정,8,2025-08-13 15:30:36,2025-08-13 16:17:24,46.8,35A,베이35A,raw,
b120_sub_heavy_r1,MSF,Medium (81-140),120,sub_heavy,181.25,22,20250813,61,BLK_61C,3,판계,1,2025-08-13 09:00:00,2025-08-13 09:45:00,45.0,,공통,raw,
b120_sub_heavy_r1,MSF,Medium (81-140),120,sub_heavy,181.25,22,20250813,61,BLK_61C,3,전면SAW,2,2025-08-13 10:56:18,2025-08-13 11:40:51,44.5,,공통,raw,
b120_sub_heavy_r1,MSF,Medium (81-140),120,sub_heavy,181.25,22,20250813,61,BLK_61C,3,TurnOver,3,2025-08-13 11:40:51,2025-08-13 11:52:51,12.0,,공통,raw,
b120_sub_heavy_r1,MSF,Medium (81-140),120,sub_heavy,181.25,22,20250813,61,BLK_61C,3,후면SAW,4,2025-08-13 12:29:22,2025-08-13 13:06:53,37.5,,공통,raw,
b120_sub_heavy_r1,MSF,Medium (81-140),120,sub_heavy,181.25,22,20250813,61,BLK_61C,3,NC,5,2025-08-13 13:49:42,2025-08-13 14:50:58,61.3,,공통,raw,
b120_sub_heavy_r1,MSF,Medium (81-140),120,sub_heavy,181.25,22,20250813,61,BLK_61C,3,베이36B 론지취부,6,2025-08-13 14:50:58,2025-08-13 17:41:58,171.0,36B,베이36B,raw,
b120_sub_heavy_r1,MSF,Medium (81-140),120,sub_heavy,181.25,22,20250813,61,BLK_61C,3,베이36B 론지용접,7,2025-08-13 17:41:58,2025-08-13 18:22:34,40.6,36B,베이36B,raw,
b120_sub_heavy_r1,MSF,Medium (81-140),120,sub_heavy,181.25,22,20250813,61,BLK_61C,3,베이36B 수정,8,2025-08-13 18:22:34,2025-08-13 20:08:46,106.2,36B,베이36B,raw,
b120_sub_heavy_r1,MSF,Medium (81-140),120,sub_heavy,181.25,22,20250813,81,BLK_81C,4,판계,1,2025-08-13 09:45:00,2025-08-13 10:30:00,45.0,,공통,raw,
b120_sub_heavy_r1,MSF,Medium (81-140),120,sub_heavy,181.25,22,20250813,81,BLK_81C,4,전면SAW,2,2025-08-13 11:40:51,2025-08-13 12:17:55,37.1,,공통,raw,
b120_sub_heavy_r1,MSF,Medium (81-140),120,sub_heavy,181.25,22,20250813,81,BLK_81C,4,TurnOver,3,2025-08-13 12:17:55,2025-08-13 12:29:55,12.0,,공통,raw,
b120_sub_heavy_r1,MSF,Medium (81-140),120,sub_heavy,181.25,22,20250813,81,BLK_81C,4,후면SAW,4,2025-08-13 13:06:53,2025-08-13 13:34:32,27.6,,공통,raw,
b120_sub_heavy_r1,MSF,Medium (81-140),120,sub_heavy,181.25,22,20250813,81,BLK_81C,4,NC,5,2025-08-13 14:50:58,2025-08-13 15:44:03,53.1,,공통,raw,
b120_sub_heavy_r1,MSF,Medium (81-140),120,sub_heavy,181.25,22,20250813,81,BLK_81C,4,베이36B 론지취부,6,2025-08-13 17:41:58,2025-08-13 18:54:58,73.0,36B,베이36B,raw,
b120_sub_heavy_r1,MSF,Medium (81-140),120,sub_heavy,181.25,22,20250813,81,BLK_81C,4,베이36B 론지용접,7,2025-08-13 18:54:58,2025-08-13 19:18:46,23.8,36B,베이36B,raw,
b120_sub_heavy_r1,MSF,Medium (81-140),120,sub_heavy,181.25,22,20250813,81,BLK_81C,4,베이36B 수정,8,2025-08-13 20:08:46,2025-08-13 20:53:22,44.6,36B,베이36B,raw,
b120_sub_heavy_r1,MSF,Medium (81-140),120,sub_heavy,181.25,22,20250813,95,BLK_95C,5,판계,1,2025-08-13 10:30:00,2025-08-13 11:15:00,45.0,,공통,raw,
b120_sub_heavy_r1,MSF,Medium (81-140),120,sub_heavy,181.25,22,20250813,95,BLK_95C,5,전면SAW,2,2025-08-13 12:17:55,2025-08-13 14:49:07,151.2,,공통,raw,
b120_sub_heavy_r1,MSF,Medium (81-140),120,sub_heavy,181.25,22,20250813,95,BLK_95C,5,TurnOver,3,2025-08-13 14:49:07,2025-08-13 15:01:07,12.0,,공통,raw,
b120_sub_heavy_r1,MSF,Medium (81-140),120,sub_heavy,181.25,22,20250813,95,BLK_95C,5,후면SAW,4,2025-08-13 15:01:07,2025-08-13 17:12:03,130.9,,공통,raw,
b120_sub_heavy_r1,MSF,Medium (81-140),120,sub_heavy,181.25,22,20250813,95,BLK_95C,5,NC,5,2025-08-13 17:12:03,2025-08-13 18:15:07,63.1,,공통,raw,
b120_sub_heavy_r1,MSF,Medium (81-140),120,sub_heavy,181.25,22,20250813,95,BLK_95C,5,베이36B 론지취부,6,2025-08-13 18:54:58,2025-08-13 19:43:28,48.5,36B,베이36B,raw,
b120_sub_heavy_r1,MSF,Medium (81-140),120,sub_heavy,181.25,22,20250813,95,BLK_95C,5,베이36B 론지용접,7,2025-08-13 19:43:28,2025-08-13 20:03:04,19.6,36B,베이36B,raw,
b120_sub_heavy_r1,MSF,Medium (81-140),120,sub_heavy,181.25,22,20250813,95,BLK_95C,5,베이36B 수정,8,2025-08-13 20:53:22,2025-08-13 21:22:34,29.2,36B,베이36B,raw,
b120_sub_heavy_r1,MSF,Medium (81-140),120,sub_heavy,181.25,22,20250813,4,BLK_4C,6,판계,1,2025-08-13 11:15:00,2025-08-13 11:43:00,28.0,,공통,raw,
b120_sub_heavy_r1,MSF,Medium (81-140),120,sub_heavy,181.25,22,20250813,4,BLK_4C,6,전면SAW,2,2025-08-13 14:49:07,2025-08-13 16:14:09,85.0,,공통,raw,
b120_sub_heavy_r1,MSF,Medium (81-140),120,sub_heavy,181.25,22,20250813,4,BLK_4C,6,TurnOver,3,2025-08-13 16:14:09,2025-08-13 16:26:09,12.0,,공통,raw,
b120_sub_heavy_r1,MSF,Medium (81-140),120,sub_heavy,181.25,22,20250813,4,BLK_4C,6,후면SAW,4,2025-08-13 17:12:03,2025-08-13 18:17:20,65.3,,공통,raw,
b120_sub_heavy_r1,MSF,Medium (81-140),120,sub_heavy,181.25,22,20250813,4,BLK_4C,6,NC,5,2025-08-13 18:17:20,2025-08-13 18:47:54,30.6,,공통,raw,
b120_sub_heavy_r1,MSF,Medium (81-140),120,sub_heavy,181.25,22,20250813,4,BLK_4C,6,베이35A 론지취부,6,2025-08-13 18:47:54,2025-08-13 19:27:20,39.4,35A,베이35A,raw,
b120_sub_heavy_r1,MSF,Medium (81-140),120,sub_heavy,181.25,22,20250813,4,BLK_4C,6,베이35A 론지용접,7,2025-08-13 19:27:20,2025-08-13 19:42:25,15.1,35A,베이35A,raw,
b120_sub_heavy_r1,MSF,Medium (81-140),120,sub_heavy,181.25,22,20250813,4,BLK_4C,6,베이35A 수정,8,2025-08-13 19:42:25,2025-08-13 20:02:49,20.4,35A,베이35A,raw,
b120_sub_heavy_r1,MSF,Medium (81-140),120,sub_heavy,181.25,22,20250813,32,BLK_32S,7,판계,1,2025-08-13 11:43:00,2025-08-13 12:11:00,28.0,,공통,raw,
b120_sub_heavy_r1,MSF,Medium (81-140),120,sub_heavy,181.25,22,20250813,32,BLK_32S,7,전면SAW,2,2025-08-13 16:14:09,2025-08-13 17:34:34,80.4,,공통,raw,
b120_sub_heavy_r1,MSF,Medium (81-140),120,sub_heavy,181.25,22,20250813,32,BLK_32S,7,TurnOver,3,2025-08-13 17:34:34,2025-08-13 17:46:34,12.0,,공통,raw,
b120_sub_heavy_r1,MSF,Medium (81-140),120,sub_heavy,181.25,22,20250813,32,BLK_32S,7,후면SAW,4,2025-08-13 18:17:20,2025-08-13 19:33:07,75.8,,공통,raw,
b120_sub_heavy_r1,MSF,Medium (81-140),120,sub_heavy,181.25,22,20250813,32,BLK_32S,7,NC,5,2025-08-13 19:33:07,2025-08-13 20:07:09,34.0,,공통,raw,
b120_sub_heavy_r1,MSF,Medium (81-140),120,sub_heavy,181.25,22,20250813,32,BLK_32S,7,베이36B 론지취부,6,2025-08-13 20:07:09,2025-08-13 20:55:39,48.5,36B,베이36B,raw,
b120_sub_heavy_r1,MSF,Medium (81-140),120,sub_heavy,181.25,22,20250813,32,BLK_32S,7,베이36B 론지용접,7,2025-08-13 20:55:39,2025-08-13 21:15:15,19.6,36B,베이36B,raw,
b120_sub_heavy_r1,MSF,Medium (81-140),120,sub_heavy,181.25,22,20250813,32,BLK_32S,7,베이36B 수정,8,2025-08-13 21:22:34,2025-08-13 21:51:46,29.2,36B,베이36B,raw,
b120_sub_heavy_r1,MSF,Medium (81-140),120,sub_heavy,181.25,22,20250813,114,BLK_114S,8,판계,1,2025-08-13 12:11:00,2025-08-13 12:31:00,20.0,,공통,raw,
b120_sub_heavy_r1,MSF,Medium (81-140),120,sub_heavy,181.25,22,20250813,114,BLK_114S,8,전면SAW,2,2025-08-13 17:34:34,2025-08-13 18:11:07,36.5,,공통,raw,
b120_sub_heavy_r1,MSF,Medium (81-140),120,sub_heavy,181.25,22,20250813,114,BLK_114S,8,TurnOver,3,2025-08-13 18:11:07,2025-08-13 18:23:07,12.0,,공통,raw,
b120_sub_heavy_r1,MSF,Medium (81-140),120,sub_heavy,181.25,22,20250813,114,BLK_114S,8,후면SAW,4,2025-08-13 19:33:07,2025-08-13 20:00:04,27.0,,공통,raw,
b120_sub_heavy_r1,MSF,Medium (81-140),120,sub_heavy,181.25,22,20250813,114,BLK_114S,8,NC,5,2025-08-13 20:07:09,2025-08-13 20:35:31,28.4,,공통,raw,
b120_sub_heavy_r1,MSF,Medium (81-140),120,sub_heavy,181.25,22,20250813,114,BLK_114S,8,베이35A 론지취부,6,2025-08-13 20:35:31,2025-08-13 21:38:01,62.5,35A,베이35A,raw,
b120_sub_heavy_r1,MSF,Medium (81-140),120,sub_heavy,181.25,22,20250813,114,BLK_114S,8,베이35A 론지용접,7,2025-08-13 21:38:01,2025-08-13 22:00:01,22.0,35A,베이35A,raw,
b120_sub_heavy_r1,MSF,Medium (81-140),120,sub_heavy,181.25,22,20250813,114,BLK_114S,8,베이35A 수정,8,2025-08-13 22:00:01,2025-08-13 22:38:01,38.0,35A,베이35A,raw,
b120_sub_heavy_r1,MSF,Medium (81-140),120,sub_heavy,181.25,22,20250813,76,BLK_76C,9,판계,1,2025-08-13 12:31:00,2025-08-13 12:51:00,20.0,,공통,raw,
b120_sub_heavy_r1,MSF,Medium (81-140),120,sub_heavy,181.25,22,20250813,76,BLK_76C,9,전면SAW,2,2025-08-13 18:11:07,2025-08-13 18:59:30,48.4,,공통,raw,
b120_sub_heavy_r1,MSF,Medium (81-140),120,sub_heavy,181.25,22,20250813,76,BLK_76C,9,TurnOver,3,2025-08-13 18:59:30,2025-08-13 19:11:30,12.0,,공통,raw,
b120_sub_heavy_r1,MSF,Medium (81-140),120,sub_heavy,181.25,22,20250813,76,BLK_76C,9,후면SAW,4,2025-08-13 20:00:04,2025-08-13 20:42:38,42.6,,공통,raw,
b120_sub_heavy_r1,MSF,Medium (81-140),120,sub_heavy,181.25,22,20250813,76,BLK_76C,9,NC,5,2025-08-13 20:42:38,2025-08-13 21:12:37,30.0,,공통,raw,
b120_sub_heavy_r1,MSF,Medium (81-140),120,sub_heavy,181.25,22,20250813,76,BLK_76C,9,베이36B 론지취부,6,2025-08-13 21:12:37,2025-08-13 22:04:37,52.0,36B,베이36B,raw,
b120_sub_heavy_r1,MSF,Medium (81-140),120,sub_heavy,181.25,22,20250813,76,BLK_76C,9,베이36B 론지용접,7,2025-08-13 22:04:37,2025-08-13 22:24:49,20.2,36B,베이36B,raw,
b120_sub_heavy_r1,MSF,Medium (81-140),120,sub_heavy,181.25,22,20250813,76,BLK_76C,9,베이36B 수정,8,2025-08-13 22:24:49,2025-08-13 22:56:13,31.4,36B,베이36B,raw,
b120_sub_heavy_r1,MSF,Medium (81-140),120,sub_heavy,181.25,22,20250813,96,BLK_96C,10,판계,1,2025-08-13 12:51:00,2025-08-13 13:11:00,20.0,,공통,raw,
b120_sub_heavy_r1,MSF,Medium (81-140),120,sub_heavy,181.25,22,20250813,96,BLK_96C,10,전면SAW,2,2025-08-13 18:59:30,2025-08-13 19:47:33,48.0,,공통,raw,
b120_sub_heavy_r1,MSF,Medium (81-140),120,sub_heavy,181.25,22,20250813,96,BLK_96C,10,TurnOver,3,2025-08-13 19:47:33,2025-08-13 19:59:33,12.0,,공통,raw,
b120_sub_heavy_r1,MSF,Medium (81-140),120,sub_heavy,181.25,22,20250813,96,BLK_96C,10,후면SAW,4,2025-08-13 20:42:38,2025-08-13 21:24:44,42.1,,공통,raw,
b120_sub_heavy_r1,MSF,Medium (81-140),120,sub_heavy,181.25,22,20250813,96,BLK_96C,10,NC,5,2025-08-13 21:24:44,2025-08-13 21:53:44,29.0,,공통,raw,
b120_sub_heavy_r1,MSF,Medium (81-140),120,sub_heavy,181.25,22,20250813,96,BLK_96C,10,베이35A 론지취부,6,2025-08-13 21:53:44,2025-08-13 22:31:44,38.0,35A,베이35A,raw,
b120_sub_heavy_r1,MSF,Medium (81-140),120,sub_heavy,181.25,22,20250813,96,BLK_96C,10,베이35A 론지용접,7,2025-08-13 22:31:44,2025-08-13 22:49:32,17.8,35A,베이35A,raw,
b120_sub_heavy_r1,MSF,Medium (81-140),120,sub_heavy,181.25,22,20250813,96,BLK_96C,10,베이35A 수정,8,2025-08-13 22:49:32,2025-08-13 23:12:08,22.6,35A,베이35A,raw,
b120_sub_heavy_r1,MSF,Medium (81-140),120,sub_heavy,181.25,22,20250813,91,BLK_91C,11,판계,1,2025-08-13 13:11:00,2025-08-13 13:31:00,20.0,,공통,raw,
b120_sub_heavy_r1,MSF,Medium (81-140),120,sub_heavy,181.25,22,20250813,91,BLK_91C,11,전면SAW,2,2025-08-13 19:47:33,2025-08-13 20:20:44,33.2,,공통,raw,
b120_sub_heavy_r1,MSF,Medium (81-140),120,sub_heavy,181.25,22,20250813,91,BLK_91C,11,TurnOver,3,2025-08-13 20:20:44,2025-08-13 20:32:44,12.0,,공통,raw,
b120_sub_heavy_r1,MSF,Medium (81-140),120,sub_heavy,181.25,22,20250813,91,BLK_91C,11,후면SAW,4,2025-08-13 21:24:44,2025-08-13 21:47:17,22.6,,공통,raw,
b120_sub_heavy_r1,MSF,Medium (81-140),120,sub_heavy,181.25,22,20250813,91,BLK_91C,11,NC,5,2025-08-13 21:53:44,2025-08-13 22:21:38,27.9,,공통,raw,
b120_sub_heavy_r1,MSF,Medium (81-140),120,sub_heavy,181.25,22,20250813,91,BLK_91C,11,베이36B 론지취부,6,2025-08-13 22:21:38,2025-08-13 23:13:38,52.0,36B,베이36B,raw,
b120_sub_heavy_r1,MSF,Medium (81-140),120,sub_heavy,181.25,22,20250813,91,BLK_91C,11,베이36B 론지용접,7,2025-08-13 23:13:38,2025-08-13 23:33:50,20.2,36B,베이36B,raw,
b120_sub_heavy_r1,MSF,Medium (81-140),120,sub_heavy,181.25,22,20250813,91,BLK_91C,11,베이36B 수정,8,2025-08-13 23:33:50,2025-08-14 00:05:14,31.4,36B,베이36B,raw,
b120_sub_heavy_r1,MSF,Medium (81-140),120,sub_heavy,181.25,22,20250813,101,BLK_101P,12,판계,1,2025-08-13 13:31:00,2025-08-13 14:06:00,35.0,,공통,raw,
b120_sub_heavy_r1,MSF,Medium (81-140),120,sub_heavy,181.25,22,20250813,101,BLK_101P,12,전면SAW,2,2025-08-13 20:20:44,2025-08-13 23:29:12,188.5,,공통,raw,
b120_sub_heavy_r1,MSF,Medium (81-140),120,sub_heavy,181.25,22,20250813,101,BLK_101P,12,TurnOver,3,2025-08-13 23:29:12,2025-08-13 23:41:12,12.0,,공통,raw,
b120_sub_heavy_r1,MSF,Medium (81-140),120,sub_heavy,181.25,22,20250813,101,BLK_101P,12,후면SAW,4,2025-08-13 23:41:12,2025-08-14 02:02:07,140.9,,공통,raw,
b120_sub_heavy_r1,MSF,Medium (81-140),120,sub_heavy,181.25,22,20250813,101,BLK_101P,12,NC,5,2025-08-14 02:02:07,2025-08-14 02:42:07,40.0,,공통,raw,
b120_sub_heavy_r1,MSF,Medium (81-140),120,sub_heavy,181.25,22,20250813,101,BLK_101P,12,베이35A 론지취부,6,2025-08-14 02:42:07,2025-08-14 03:51:37,69.5,35A,베이35A,raw,
b120_sub_heavy_r1,MSF,Medium (81-140),120,sub_heavy,181.25,22,20250813,101,BLK_101P,12,베이35A 론지용접,7,2025-08-14 03:51:37,2025-08-14 04:14:49,23.2,35A,베이35A,raw,
b120_sub_heavy_r1,MSF,Medium (81-140),120,sub_heavy,181.25,22,20250813,101,BLK_101P,12,베이35A 수정,8,2025-08-14 04:14:49,2025-08-14 04:57:13,42.4,35A,베이35A,raw,
b120_sub_heavy_r1,MSF,Medium (81-140),120,sub_heavy,181.25,22,20250813,102,BLK_102C,13,판계,1,2025-08-13 14:06:00,2025-08-13 14:26:00,20.0,,공통,raw,
b120_sub_heavy_r1,MSF,Medium (81-140),120,sub_heavy,181.25,22,20250813,102,BLK_102C,13,전면SAW,2,2025-08-13 23:29:12,2025-08-14 00:03:17,34.1,,공통,raw,
b120_sub_heavy_r1,MSF,Medium (81-140),120,sub_heavy,181.25,22,20250813,102,BLK_102C,13,TurnOver,3,2025-08-14 00:03:17,2025-08-14 00:15:17,12.0,,공통,raw,
b120_sub_heavy_r1,MSF,Medium (81-140),120,sub_heavy,181.25,22,20250813,102,BLK_102C,13,후면SAW,4,2025-08-14 02:02:07,2025-08-14 02:25:49,23.7,,공통,raw,
b120_sub_heavy_r1,MSF,Medium (81-140),120,sub_heavy,181.25,22,20250813,102,BLK_102C,13,NC,5,2025-08-14 02:42:07,2025-08-14 03:11:52,29.8,,공통,raw,
b120_sub_heavy_r1,MSF,Medium (81-140),120,sub_heavy,181.25,22,20250813,102,BLK_102C,13,베이36B 론지취부,6,2025-08-14 03:11:52,2025-08-14 03:56:52,45.0,36B,베이36B,raw,
b120_sub_heavy_r1,MSF,Medium (81-140),120,sub_heavy,181.25,22,20250813,102,BLK_102C,13,베이36B 론지용접,7,2025-08-14 03:56:52,2025-08-14 04:15:52,19.0,36B,베이36B,raw,
b120_sub_heavy_r1,MSF,Medium (81-140),120,sub_heavy,181.25,22,20250813,102,BLK_102C,13,베이36B 수정,8,2025-08-14 04:15:52,2025-08-14 04:42:52,27.0,36B,베이36B,raw,
b120_sub_heavy_r1,MSF,Medium (81-140),120,sub_heavy,181.25,22,20250813,54,BLK_54C,14,판계,1,2025-08-13 14:26:00,2025-08-13 14:51:00,25.0,,공통,raw,
b120_sub_heavy_r1,MSF,Medium (81-140),120,sub_heavy,181.25,22,20250813,54,BLK_54C,14,전면SAW,2,2025-08-14 00:03:17,2025-08-14 00:44:42,41.4,,공통,raw,
b120_sub_heavy_r1,MSF,Medium (81-140),120,sub_heavy,181.25,22,20250813,54,BLK_54C,14,TurnOver,3,2025-08-14 00:44:42,2025-08-14 00:56:42,12.0,,공통,raw,
b120_sub_heavy_r1,MSF,Medium (81-140),120,sub_heavy,181.25,22,20250813,54,BLK_54C,14,후면SAW,4,2025-08-14 02:25:49,2025-08-14 02:59:11,33.4,,공통,raw,
b120_sub_heavy_r1,MSF,Medium (81-140),120,sub_heavy,181.25,22,20250813,54,BLK_54C,14,NC,5,2025-08-14 03:11:52,2025-08-14 03:45:51,34.0,,공통,raw,
b120_sub_heavy_r1,MSF,Medium (81-140),120,sub_heavy,181.25,22,20250813,54,BLK_54C,14,베이35A 론지취부,6,2025-08-14 03:51:37,2025-08-14 04:31:03,39.4,35A,베이35A,raw,
b120_sub_heavy_r1,MSF,Medium (81-140),120,sub_heavy,181.25,22,20250813,54,BLK_54C,14,베이35A 론지용접,7,2025-08-14 04:31:03,2025-08-14 04:50:42,19.7,35A,베이35A,raw,
b120_sub_heavy_r1,MSF,Medium (81-140),120,sub_heavy,181.25,22,20250813,54,BLK_54C,14,베이35A 수정,8,2025-08-14 04:57:13,2025-08-14 05:17:37,20.4,35A,베이35A,raw,
b120_sub_heavy_r1,MSF,Medium (81-140),120,sub_heavy,181.25,22,20250813,66,BLK_66P,15,판계,1,2025-08-13 14:51:00,2025-08-13 15:31:00,40.0,,공통,raw,
b120_sub_heavy_r1,MSF,Medium (81-140),120,sub_heavy,181.25,22,20250813,66,BLK_66P,15,전면SAW,2,2025-08-14 00:44:42,2025-08-14 03:09:39,145.0,,공통,raw,
b120_sub_heavy_r1,MSF,Medium (81-140),120,sub_heavy,181.25,22,20250813,66,BLK_66P,15,TurnOver,3,2025-08-14 03:09:39,2025-08-14 03:21:39,12.0,,공통,raw,
b120_sub_heavy_r1,MSF,Medium (81-140),120,sub_heavy,181.25,22,20250813,66,BLK_66P,15,후면SAW,4,2025-08-14 03:21:39,2025-08-14 05:05:23,103.7,,공통,raw,
b120_sub_heavy_r1,MSF,Medium (81-140),120,sub_heavy,181.25,22,20250813,66,BLK_66P,15,NC,5,2025-08-14 05:05:23,2025-08-14 05:56:11,50.8,,공통,raw,
b120_sub_heavy_r1,MSF,Medium (81-140),120,sub_heavy,181.25,22,20250813,66,BLK_66P,15,베이36B 론지취부,6,2025-08-14 05:56:11,2025-08-14 06:51:41,55.5,36B,베이36B,raw,
b120_sub_heavy_r1,MSF,Medium (81-140),120,sub_heavy,181.25,22,20250813,66,BLK_66P,15,베이36B 론지용접,7,2025-08-14 06:51:41,2025-08-14 07:12:29,20.8,36B,베이36B,raw,
b120_sub_heavy_r1,MSF,Medium (81-140),120,sub_heavy,181.25,22,20250813,66,BLK_66P,15,베이36B 수정,8,2025-08-14 07:12:29,2025-08-14 07:46:05,33.6,36B,베이36B,raw,
b120_sub_heavy_r1,MSF,Medium (81-140),120,sub_heavy,181.25,22,20250813,64,BLK_64P,16,판계,1,2025-08-13 15:31:00,2025-08-13 15:56:00,25.0,,공통,raw,
b120_sub_heavy_r1,MSF,Medium (81-140),120,sub_heavy,181.25,22,20250813,64,BLK_64P,16,전면SAW,2,2025-08-14 03:09:39,2025-08-14 03:39:33,29.9,,공통,raw,
b120_sub_heavy_r1,MSF,Medium (81-140),120,sub_heavy,181.25,22,20250813,64,BLK_64P,16,TurnOver,3,2025-08-14 03:39:33,2025-08-14 03:51:33,12.0,,공통,raw,
b120_sub_heavy_r1,MSF,Medium (81-140),120,sub_heavy,181.25,22,20250813,64,BLK_64P,16,후면SAW,4,2025-08-14 05:05:23,2025-08-14 05:23:35,18.2,,공통,raw,
b120_sub_heavy_r1,MSF,Medium (81-140),120,sub_heavy,181.25,22,20250813,64,BLK_64P,16,NC,5,2025-08-14 05:56:11,2025-08-14 06:29:47,33.6,,공통,raw,
b120_sub_heavy_r1,MSF,Medium (81-140),120,sub_heavy,181.25,22,20250813,64,BLK_64P,16,베이35A 론지취부,6,2025-08-14 06:29:47,2025-08-14 07:25:17,55.5,35A,베이35A,raw,
b120_sub_heavy_r1,MSF,Medium (81-140),120,sub_heavy,181.25,22,20250813,64,BLK_64P,16,베이35A 론지용접,7,2025-08-14 07:25:17,2025-08-14 07:46:05,20.8,35A,베이35A,raw,
b120_sub_heavy_r1,MSF,Medium (81-140),120,sub_heavy,181.25,22,20250813,64,BLK_64P,16,베이35A 수정,8,2025-08-14 07:46:05,2025-08-14 08:19:41,33.6,35A,베이35A,raw,
b120_sub_heavy_r1,MSF,Medium (81-140),120,sub_heavy,181.25,22,20250813,111,BLK_111P,17,판계,1,2025-08-13 15:56:00,2025-08-13 16:36:00,40.0,,공통,raw,
b120_sub_heavy_r1,MSF,Medium (81-140),120,sub_heavy,181.25,22,20250813,111,BLK_111P,17,전면SAW,2,2025-08-14 03:39:33,2025-08-14 05:18:22,98.8,,공통,raw,
b120_sub_heavy_r1,MSF,Medium (81-140),120,sub_heavy,181.25,22,20250813,111,BLK_111P,17,TurnOver,3,2025-08-14 05:18:22,2025-08-14 05:30:22,12.0,,공통,raw,
b120_sub_heavy_r1,MSF,Medium (81-140),120,sub_heavy,181.25,22,20250813,111,BLK_111P,17,후면SAW,4,2025-08-14 05:30:22,2025-08-14 06:39:31,69.2,,공통,raw,
b120_sub_heavy_r1,MSF,Medium (81-140),120,sub_heavy,181.25,22,20250813,111,BLK_111P,17,NC,5,2025-08-14 06:39:31,2025-08-14 07:20:37,41.1,,공통,raw,
b120_sub_heavy_r1,MSF,Medium (81-140),120,sub_heavy,181.25,22,20250813,111,BLK_111P,17,베이36B 론지취부,6,2025-08-14 07:20:37,2025-08-14 08:16:07,55.5,36B,베이36B,raw,
b120_sub_heavy_r1,MSF,Medium (81-140),120,sub_heavy,181.25,22,20250813,111,BLK_111P,17,베이36B 론지용접,7,2025-08-14 08:16:07,2025-08-14 08:36:55,20.8,36B,베이36B,raw,
b120_sub_heavy_r1,MSF,Medium (81-140),120,sub_heavy,181.25,22,20250813,111,BLK_111P,17,베이36B 수정,8,2025-08-14 08:36:55,2025-08-14 09:10:31,33.6,36B,베이36B,raw,
b120_sub_heavy_r1,MSF,Medium (81-140),120,sub_heavy,181.25,22,20250814,103,BLK_103C,1,판계,1,2025-08-14 08:00:00,2025-08-14 08:25:00,25.0,,공통,raw,
b120_sub_heavy_r1,MSF,Medium (81-140),120,sub_heavy,181.25,22,20250814,103,BLK_103C,1,전면SAW,2,2025-08-14 08:25:00,2025-08-14 08:56:15,31.2,,공통,raw,
b120_sub_heavy_r1,MSF,Medium (81-140),120,sub_heavy,181.25,22,20250814,103,BLK_103C,1,TurnOver,3,2025-08-14 08:56:15,2025-08-14 09:08:15,12.0,,공통,raw,
b120_sub_heavy_r1,MSF,Medium (81-140),120,sub_heavy,181.25,22,20250814,103,BLK_103C,1,후면SAW,4,2025-08-14 09:08:15,2025-08-14 09:28:15,20.0,,공통,raw,
b120_sub_heavy_r1,MSF,Medium (81-140),120,sub_heavy,181.25,22,20250814,103,BLK_103C,1,NC,5,2025-08-14 09:28:15,2025-08-14 10:00:15,32.0,,공통,raw,
b120_sub_heavy_r1,MSF,Medium (81-140),120,sub_heavy,181.25,22,20250814,103,BLK_103C,1,베이35A 론지취부,6,2025-08-14 10:00:15,2025-08-14 10:52:15,52.0,35A,베이35A,raw,
b120_sub_heavy_r1,MSF,Medium (81-140),120,sub_heavy,181.25,22,20250814,103,BLK_103C,1,베이35A 론지용접,7,2025-08-14 10:52:15,2025-08-14 11:12:27,20.2,35A,베이35A,raw,
b120_sub_heavy_r1,MSF,Medium (81-140),120,sub_heavy,181.25,22,20250814,103,BLK_103C,1,베이35A 수정,8,2025-08-14 11:12:27,2025-08-14 11:43:51,31.4,35A,베이35A,raw,
b120_sub_heavy_r1,MSF,Medium (81-140),120,sub_heavy,181.25,22,20250814,112,BLK_112S,2,판계,1,2025-08-14 08:25:00,2025-08-14 08:58:00,33.0,,공통,raw,
b120_sub_heavy_r1,MSF,Medium (81-140),120,sub_heavy,181.25,22,20250814,112,BLK_112S,2,전면SAW,2,2025-08-14 08:58:00,2025-08-14 10:26:56,88.9,,공통,raw,
b120_sub_heavy_r1,MSF,Medium (81-140),120,sub_heavy,181.25,22,20250814,112,BLK_112S,2,TurnOver,3,2025-08-14 10:26:56,2025-08-14 10:38:56,12.0,,공통,raw,
b120_sub_heavy_r1,MSF,Medium (81-140),120,sub_heavy,181.25,22,20250814,112,BLK_112S,2,후면SAW,4,2025-08-14 10:38:56,2025-08-14 11:47:47,68.8,,공통,raw,
b120_sub_heavy_r1,MSF,Medium (81-140),120,sub_heavy,181.25,22,20250814,112,BLK_112S,2,NC,5,2025-08-14 11:47:47,2025-08-14 12:26:28,38.7,,공통,raw,
b120_sub_heavy_r1,MSF,Medium (81-140),120,sub_heavy,181.25,22,20250814,112,BLK_112S,2,베이36B 론지취부,6,2025-08-14 12:26:28,2025-08-14 13:18:28,52.0,36B,베이36B,raw,
b120_sub_heavy_r1,MSF,Medium (81-140),120,sub_heavy,181.25,22,20250814,112,BLK_112S,2,베이36B 론지용접,7,2025-08-14 13:18:28,2025-08-14 13:38:40,20.2,36B,베이36B,raw,
b120_sub_heavy_r1,MSF,Medium (81-140),120,sub_heavy,181.25,22,20250814,112,BLK_112S,2,베이36B 수정,8,2025-08-14 13:38:40,2025-08-14 14:10:04,31.4,36B,베이36B,raw,
b120_sub_heavy_r1,MSF,Medium (81-140),120,sub_heavy,181.25,22,20250814,56,BLK_56C,3,판계,1,2025-08-14 08:58:00,2025-08-14 09:43:00,45.0,,공통,raw,
b120_sub_heavy_r1,MSF,Medium (81-140),120,sub_heavy,181.25,22,20250814,56,BLK_56C,3,전면SAW,2,2025-08-14 10:26:56,2025-08-14 11:13:43,46.8,,공통,raw,
b120_sub_heavy_r1,MSF,Medium (81-140),120,sub_heavy,181.25,22,20250814,56,BLK_56C,3,TurnOver,3,2025-08-14 11:13:43,2025-08-14 11:25:43,12.0,,공통,raw,
b120_sub_heavy_r1,MSF,Medium (81-140),120,sub_heavy,181.25,22,20250814,56,BLK_56C,3,후면SAW,4,2025-08-14 11:47:47,2025-08-14 12:28:15,40.5,,공통,raw,
b120_sub_heavy_r1,MSF,Medium (81-140),120,sub_heavy,181.25,22,20250814,56,BLK_56C,3,NC,5,2025-08-14 12:28:15,2025-08-14 13:29:11,60.9,,공통,raw,
b120_sub_heavy_r1,MSF,Medium (81-140),120,sub_heavy,181.25,22,20250814,56,BLK_56C,3,베이36B 론지취부,6,2025-08-14 13:29:11,2025-08-14 15:06:41,97.5,36B,베이36B,raw,
b120_sub_heavy_r1,MSF,Medium (81-140),120,sub_heavy,181.25,22,20250814,56,BLK_56C,3,베이36B 론지용접,7,2025-08-14 15:06:41,2025-08-14 15:34:41,28.0,36B,베이36B,raw,
b120_sub_heavy_r1,MSF,Medium (81-140),120,sub_heavy,181.25,22,20250814,56,BLK_56C,3,베이36B 수정,8,2025-08-14 15:34:41,2025-08-14 16:34:41,60.0,36B,베이36B,raw,
b120_sub_heavy_r1,MSF,Medium (81-140),120,sub_heavy,181.25,22,20250814,113,BLK_113S,4,판계,1,2025-08-14 09:43:00,2025-08-14 10:16:00,33.0,,공통,raw,
b120_sub_heavy_r1,MSF,Medium (81-140),120,sub_heavy,181.25,22,20250814,113,BLK_113S,4,전면SAW,2,2025-08-14 11:13:43,2025-08-14 13:14:45,121.0,,공통,raw,
b120_sub_heavy_r1,MSF,Medium (81-140),120,sub_heavy,181.25,22,20250814,113,BLK_113S,4,TurnOver,3,2025-08-14 13:14:45,2025-08-14 13:26:45,12.0,,공통,raw,
b120_sub_heavy_r1,MSF,Medium (81-140),120,sub_heavy,181.25,22,20250814,113,BLK_113S,4,후면SAW,4,2025-08-14 13:26:45,2025-08-14 15:04:52,98.1,,공통,raw,
b120_sub_heavy_r1,MSF,Medium (81-140),120,sub_heavy,181.25,22,20250814,113,BLK_113S,4,NC,5,2025-08-14 15:04:52,2025-08-14 15:47:38,42.8,,공통,raw,
b120_sub_heavy_r1,MSF,Medium (81-140),120,sub_heavy,181.25,22,20250814,113,BLK_113S,4,베이35A 론지취부,6,2025-08-14 15:47:38,2025-08-14 17:04:08,76.5,35A,베이35A,raw,
b120_sub_heavy_r1,MSF,Medium (81-140),120,sub_heavy,181.25,22,20250814,113,BLK_113S,4,베이35A 론지용접,7,2025-08-14 17:04:08,2025-08-14 17:28:32,24.4,35A,베이35A,raw,
b120_sub_heavy_r1,MSF,Medium (81-140),120,sub_heavy,181.25,22,20250814,113,BLK_113S,4,베이35A 수정,8,2025-08-14 17:28:32,2025-08-14 18:15:20,46.8,35A,베이35A,raw,
b120_sub_heavy_r1,MSF,Medium (81-140),120,sub_heavy,181.25,22,20250814,94,BLK_94C,5,판계,1,2025-08-14 10:16:00,2025-08-14 10:46:00,30.0,,공통,raw,
b120_sub_heavy_r1,MSF,Medium (81-140),120,sub_heavy,181.25,22,20250814,94,BLK_94C,5,전면SAW,2,2025-08-14 13:14:45,2025-08-14 13:47:51,33.1,,공통,raw,
b120_sub_heavy_r1,MSF,Medium (81-140),120,sub_heavy,181.25,22,20250814,94,BLK_94C,5,TurnOver,3,2025-08-14 13:47:51,2025-08-14 13:59:51,12.0,,공통,raw,
b120_sub_heavy_r1,MSF,Medium (81-140),120,sub_heavy,181.25,22,20250814,94,BLK_94C,5,후면SAW,4,2025-08-14 15:04:52,2025-08-14 15:27:18,22.4,,공통,raw,
b120_sub_heavy_r1,MSF,Medium (81-140),120,sub_heavy,181.25,22,20250814,94,BLK_94C,5,NC,5,2025-08-14 15:47:38,2025-08-14 16:30:10,42.5,,공통,raw,
b120_sub_heavy_r1,MSF,Medium (81-140),120,sub_heavy,181.25,22,20250814,94,BLK_94C,5,베이36B 론지취부,6,2025-08-14 16:30:10,2025-08-14 17:57:10,87.0,36B,베이36B,raw,
b120_sub_heavy_r1,MSF,Medium (81-140),120,sub_heavy,181.25,22,20250814,94,BLK_94C,5,베이36B 론지용접,7,2025-08-14 17:57:10,2025-08-14 18:23:22,26.2,36B,베이36B,raw,
b120_sub_heavy_r1,MSF,Medium (81-140),120,sub_heavy,181.25,22,20250814,94,BLK_94C,5,베이36B 수정,8,2025-08-14 18:23:22,2025-08-14 19:16:46,53.4,36B,베이36B,raw,
b120_sub_heavy_r1,MSF,Medium (81-140),120,sub_heavy,181.25,22,20250814,74,BLK_74P,6,판계,1,2025-08-14 10:46:00,2025-08-14 11:31:00,45.0,,공통,raw,
b120_sub_heavy_r1,MSF,Medium (81-140),120,sub_heavy,181.25,22,20250814,74,BLK_74P,6,전면SAW,2,2025-08-14 13:47:51,2025-08-14 16:06:04,138.2,,공통,raw,
b120_sub_heavy_r1,MSF,Medium (81-140),120,sub_heavy,181.25,22,20250814,74,BLK_74P,6,TurnOver,3,2025-08-14 16:06:04,2025-08-14 16:18:04,12.0,,공통,raw,
b120_sub_heavy_r1,MSF,Medium (81-140),120,sub_heavy,181.25,22,20250814,74,BLK_74P,6,후면SAW,4,2025-08-14 16:18:04,2025-08-14 17:58:46,100.7,,공통,raw,
b120_sub_heavy_r1,MSF,Medium (81-140),120,sub_heavy,181.25,22,20250814,74,BLK_74P,6,NC,5,2025-08-14 17:58:46,2025-08-14 18:49:39,50.9,,공통,raw,
b120_sub_heavy_r1,MSF,Medium (81-140),120,sub_heavy,181.25,22,20250814,74,BLK_74P,6,베이35A 론지취부,6,2025-08-14 18:49:39,2025-08-14 19:55:39,66.0,35A,베이35A,raw,
b120_sub_heavy_r1,MSF,Medium (81-140),120,sub_heavy,181.25,22,20250814,74,BLK_74P,6,베이35A 론지용접,7,2025-08-14 19:55:39,2025-08-14 20:18:15,22.6,35A,베이35A,raw,
b120_sub_heavy_r1,MSF,Medium (81-140),120,sub_heavy,181.25,22,20250814,74,BLK_74P,6,베이35A 수정,8,2025-08-14 20:18:15,2025-08-14 20:58:27,40.2,35A,베이35A,raw,
b120_sub_heavy_r1,MSF,Medium (81-140),120,sub_heavy,181.25,22,20250814,71,BLK_71C,7,판계,1,2025-08-14 11:31:00,2025-08-14 12:01:00,30.0,,공통,raw,
b120_sub_heavy_r1,MSF,Medium (81-140),120,sub_heavy,181.25,22,20250814,71,BLK_71C,7,전면SAW,2,2025-08-14 16:06:04,2025-08-14 16:36:58,30.9,,공통,raw,
b120_sub_heavy_r1,MSF,Medium (81-140),120,sub_heavy,181.25,22,20250814,71,BLK_71C,7,TurnOver,3,2025-08-14 16:36:58,2025-08-14 16:48:58,12.0,,공통,raw,
b120_sub_heavy_r1,MSF,Medium (81-140),120,sub_heavy,181.25,22,20250814,71,BLK_71C,7,후면SAW,4,2025-08-14 17:58:46,2025-08-14 18:18:17,19.5,,공통,raw,
b120_sub_heavy_r1,MSF,Medium (81-140),120,sub_heavy,181.25,22,20250814,71,BLK_71C,7,NC,5,2025-08-14 18:49:39,2025-08-14 19:40:23,50.7,,공통,raw,
b120_sub_heavy_r1,MSF,Medium (81-140),120,sub_heavy,181.25,22,20250814,71,BLK_71C,7,베이36B 론지취부,6,2025-08-14 19:40:23,2025-08-14 21:00:23,80.0,36B,베이36B,raw,
b120_sub_heavy_r1,MSF,Medium (81-140),120,sub_heavy,181.25,22,20250814,71,BLK_71C,7,베이36B 론지용접,7,2025-08-14 21:00:23,2025-08-14 21:25:23,25.0,36B,베이36B,raw,
b120_sub_heavy_r1,MSF,Medium (81-140),120,sub_heavy,181.25,22,20250814,71,BLK_71C,7,베이36B 수정,8,2025-08-14 21:25:23,2025-08-14 22:14:23,49.0,36B,베이36B,raw,
b120_sub_heavy_r1,MSF,Medium (81-140),120,sub_heavy,181.25,22,20250814,106,BLK_106C,8,판계,1,2025-08-14 12:01:00,2025-08-14 12:46:00,45.0,,공통,raw,
b120_sub_heavy_r1,MSF,Medium (81-140),120,sub_heavy,181.25,22,20250814,106,BLK_106C,8,전면SAW,2,2025-08-14 16:36:58,2025-08-14 18:20:07,103.2,,공통,raw,
b120_sub_heavy_r1,MSF,Medium (81-140),120,sub_heavy,181.25,22,20250814,106,BLK_106C,8,TurnOver,3,2025-08-14 18:20:07,2025-08-14 18:32:07,12.0,,공통,raw,
b120_sub_heavy_r1,MSF,Medium (81-140),120,sub_heavy,181.25,22,20250814,106,BLK_106C,8,후면SAW,4,2025-08-14 18:32:07,2025-08-14 19:44:45,72.6,,공통,raw,
b120_sub_heavy_r1,MSF,Medium (81-140),120,sub_heavy,181.25,22,20250814,106,BLK_106C,8,NC,5,2025-08-14 19:44:45,2025-08-14 20:34:40,49.9,,공통,raw,
b120_sub_heavy_r1,MSF,Medium (81-140),120,sub_heavy,181.25,22,20250814,106,BLK_106C,8,베이35A 론지취부,6,2025-08-14 20:34:40,2025-08-14 21:33:40,59.0,35A,베이35A,raw,
b120_sub_heavy_r1,MSF,Medium (81-140),120,sub_heavy,181.25,22,20250814,106,BLK_106C,8,베이35A 론지용접,7,2025-08-14 21:33:40,2025-08-14 21:55:04,21.4,35A,베이35A,raw,
b120_sub_heavy_r1,MSF,Medium (81-140),120,sub_heavy,181.25,22,20250814,106,BLK_106C,8,베이35A 수정,8,2025-08-14 21:55:04,2025-08-14 22:30:52,35.8,35A,베이35A,raw,
b120_sub_heavy_r1,MSF,Medium (81-140),120,sub_heavy,181.25,22,20250814,84,BLK_84S,9,판계,1,2025-08-14 12:46:00,2025-08-14 13:16:00,30.0,,공통,raw,
b120_sub_heavy_r1,MSF,Medium (81-140),120,sub_heavy,181.25,22,20250814,84,BLK_84S,9,전면SAW,2,2025-08-14 18:20:07,2025-08-14 18:53:06,33.0,,공통,raw,
b120_sub_heavy_r1,MSF,Medium (81-140),120,sub_heavy,181.25,22,20250814,84,BLK_84S,9,TurnOver,3,2025-08-14 18:53:06,2025-08-14 19:05:06,12.0,,공통,raw,
b120_sub_heavy_r1,MSF,Medium (81-140),120,sub_heavy,181.25,22,20250814,84,BLK_84S,9,후면SAW,4,2025-08-14 19:44:45,2025-08-14 20:07:01,22.3,,공통,raw,
b120_sub_heavy_r1,MSF,Medium (81-140),120,sub_heavy,181.25,22,20250814,84,BLK_84S,9,NC,5,2025-08-14 20:34:40,2025-08-14 21:22:21,47.7,,공통,raw,
b120_sub_heavy_r1,MSF,Medium (81-140),120,sub_heavy,181.25,22,20250814,84,BLK_84S,9,베이36B 론지취부,6,2025-08-14 21:22:21,2025-08-14 22:45:51,83.5,36B,베이36B,raw,
b120_sub_heavy_r1,MSF,Medium (81-140),120,sub_heavy,181.25,22,20250814,84,BLK_84S,9,베이36B 론지용접,7,2025-08-14 22:45:51,2025-08-14 23:11:27,25.6,36B,베이36B,raw,
b120_sub_heavy_r1,MSF,Medium (81-140),120,sub_heavy,181.25,22,20250814,84,BLK_84S,9,베이36B 수정,8,2025-08-14 23:11:27,2025-08-15 00:02:39,51.2,36B,베이36B,raw,
b120_sub_heavy_r1,MSF,Medium (81-140),120,sub_heavy,181.25,22,20250814,104,BLK_104P,10,판계,1,2025-08-14 13:16:00,2025-08-14 14:01:00,45.0,,공통,raw,
b120_sub_heavy_r1,MSF,Medium (81-140),120,sub_heavy,181.25,22,20250814,104,BLK_104P,10,전면SAW,2,2025-08-14 18:53:06,2025-08-14 20:42:40,109.6,,공통,raw,
b120_sub_heavy_r1,MSF,Medium (81-140),120,sub_heavy,181.25,22,20250814,104,BLK_104P,10,TurnOver,3,2025-08-14 20:42:40,2025-08-14 20:54:40,12.0,,공통,raw,
b120_sub_heavy_r1,MSF,Medium (81-140),120,sub_heavy,181.25,22,20250814,104,BLK_104P,10,후면SAW,4,2025-08-14 20:54:40,2025-08-14 22:44:27,109.8,,공통,raw,
b120_sub_heavy_r1,MSF,Medium (81-140),120,sub_heavy,181.25,22,20250814,104,BLK_104P,10,NC,5,2025-08-14 22:44:27,2025-08-14 23:44:16,59.8,,공통,raw,
b120_sub_heavy_r1,MSF,Medium (81-140),120,sub_heavy,181.25,22,20250814,104,BLK_104P,10,베이36B 론지취부,6,2025-08-14 23:44:16,2025-08-15 01:28:46,104.5,36B,베이36B,raw,
b120_sub_heavy_r1,MSF,Medium (81-140),120,sub_heavy,181.25,22,20250814,104,BLK_104P,10,베이36B 론지용접,7,2025-08-15 01:28:46,2025-08-15 01:57:58,29.2,36B,베이36B,raw,
b120_sub_heavy_r1,MSF,Medium (81-140),120,sub_heavy,181.25,22,20250814,104,BLK_104P,10,베이36B 수정,8,2025-08-15 01:57:58,2025-08-15 03:02:22,64.4,36B,베이36B,raw,
b120_sub_heavy_r1,MSF,Medium (81-140),120,sub_heavy,181.25,22,20250814,28,BLK_28C,11,판계,1,2025-08-14 14:01:00,2025-08-14 14:26:00,25.0,,공통,raw,
b120_sub_heavy_r1,MSF,Medium (81-140),120,sub_heavy,181.25,22,20250814,28,BLK_28C,11,전면SAW,2,2025-08-14 20:42:40,2025-08-14 21:16:07,33.4,,공통,raw,
b120_sub_heavy_r1,MSF,Medium (81-140),120,sub_heavy,181.25,22,20250814,28,BLK_28C,11,TurnOver,3,2025-08-14 21:16:07,2025-08-14 21:28:07,12.0,,공통,raw,
b120_sub_heavy_r1,MSF,Medium (81-140),120,sub_heavy,181.25,22,20250814,28,BLK_28C,11,후면SAW,4,2025-08-14 22:44:27,2025-08-14 23:07:19,22.9,,공통,raw,
b120_sub_heavy_r1,MSF,Medium (81-140),120,sub_heavy,181.25,22,20250814,28,BLK_28C,11,NC,5,2025-08-14 23:44:16,2025-08-15 00:21:59,37.7,,공통,raw,
b120_sub_heavy_r1,MSF,Medium (81-140),120,sub_heavy,181.25,22,20250814,28,BLK_28C,11,베이35A 론지취부,6,2025-08-15 00:21:59,2025-08-15 01:17:29,55.5,35A,베이35A,raw,
b120_sub_heavy_r1,MSF,Medium (81-140),120,sub_heavy,181.25,22,20250814,28,BLK_28C,11,베이35A 론지용접,7,2025-08-15 01:17:29,2025-08-15 01:38:17,20.8,35A,베이35A,raw,
b120_sub_heavy_r1,MSF,Medium (81-140),120,sub_heavy,181.25,22,20250814,28,BLK_28C,11,베이35A 수정,8,2025-08-15 01:38:17,2025-08-15 02:11:53,33.6,35A,베이35A,raw,
b120_sub_heavy_r1,MSF,Medium (81-140),120,sub_heavy,181.25,22,20250814,36,BLK_36C,12,판계,1,2025-08-14 14:26:00,2025-08-14 15:01:00,35.0,,공통,raw,
b120_sub_heavy_r1,MSF,Medium (81-140),120,sub_heavy,181.25,22,20250814,36,BLK_36C,12,전면SAW,2,2025-08-14 21:16:07,2025-08-14 23:28:52,132.8,,공통,raw,
b120_sub_heavy_r1,MSF,Medium (81-140),120,sub_heavy,181.25,22,20250814,36,BLK_36C,12,TurnOver,3,2025-08-14 23:28:52,2025-08-14 23:40:52,12.0,,공통,raw,
b120_sub_heavy_r1,MSF,Medium (81-140),120,sub_heavy,181.25,22,20250814,36,BLK_36C,12,후면SAW,4,2025-08-14 23:40:52,2025-08-15 01:17:10,96.3,,공통,raw,
b120_sub_heavy_r1,MSF,Medium (81-140),120,sub_heavy,181.25,22,20250814,36,BLK_36C,12,NC,5,2025-08-15 01:17:10,2025-08-15 01:54:27,37.3,,공통,raw,
b120_sub_heavy_r1,MSF,Medium (81-140),120,sub_heavy,181.25,22,20250814,36,BLK_36C,12,베이36B 론지취부,6,2025-08-15 01:54:27,2025-08-15 02:28:57,34.5,36B,베이36B,raw,
b120_sub_heavy_r1,MSF,Medium (81-140),120,sub_heavy,181.25,22,20250814,36,BLK_36C,12,베이36B 론지용접,7,2025-08-15 02:28:57,2025-08-15 02:46:09,17.2,36B,베이36B,raw,
b120_sub_heavy_r1,MSF,Medium (81-140),120,sub_heavy,181.25,22,20250814,36,BLK_36C,12,베이36B 수정,8,2025-08-15 03:02:22,2025-08-15 03:22:46,20.4,36B,베이36B,raw,
b120_sub_heavy_r1,MSF,Medium (81-140),120,sub_heavy,181.25,22,20250814,8,BLK_8S,13,판계,1,2025-08-14 15:01:00,2025-08-14 15:31:00,30.0,,공통,raw,
b120_sub_heavy_r1,MSF,Medium (81-140),120,sub_heavy,181.25,22,20250814,8,BLK_8S,13,전면SAW,2,2025-08-14 23:28:52,2025-08-14 23:57:51,29.0,,공통,raw,
b120_sub_heavy_r1,MSF,Medium (81-140),120,sub_heavy,181.25,22,20250814,8,BLK_8S,13,TurnOver,3,2025-08-14 23:57:51,2025-08-15 00:09:51,12.0,,공통,raw,
b120_sub_heavy_r1,MSF,Medium (81-140),120,sub_heavy,181.25,22,20250814,8,BLK_8S,13,후면SAW,4,2025-08-15 01:17:10,2025-08-15 01:34:10,17.0,,공통,raw,
b120_sub_heavy_r1,MSF,Medium (81-140),120,sub_heavy,181.25,22,20250814,8,BLK_8S,13,NC,5,2025-08-15 01:54:27,2025-08-15 02:33:48,39.4,,공통,raw,
b120_sub_heavy_r1,MSF,Medium (81-140),120,sub_heavy,181.25,22,20250814,8,BLK_8S,13,베이35A 론지취부,6,2025-08-15 02:33:48,2025-08-15 03:43:18,69.5,35A,베이35A,raw,
b120_sub_heavy_r1,MSF,Medium (81-140),120,sub_heavy,181.25,22,20250814,8,BLK_8S,13,베이35A 론지용접,7,2025-08-15 03:43:18,2025-08-15 04:06:30,23.2,35A,베이35A,raw,
b120_sub_heavy_r1,MSF,Medium (81-140),120,sub_heavy,181.25,22,20250814,8,BLK_8S,13,베이35A 수정,8,2025-08-15 04:06:30,2025-08-15 04:48:54,42.4,35A,베이35A,raw,
b120_sub_heavy_r1,MSF,Medium (81-140),120,sub_heavy,181.25,22,20250814,20,BLK_20S,14,판계,1,2025-08-14 15:31:00,2025-08-14 16:04:00,33.0,,공통,raw,
b120_sub_heavy_r1,MSF,Medium (81-140),120,sub_heavy,181.25,22,20250814,20,BLK_20S,14,전면SAW,2,2025-08-14 23:57:51,2025-08-15 02:09:18,131.5,,공통,raw,
b120_sub_heavy_r1,MSF,Medium (81-140),120,sub_heavy,181.25,22,20250814,20,BLK_20S,14,TurnOver,3,2025-08-15 02:09:18,2025-08-15 02:21:18,12.0,,공통,raw,
b120_sub_heavy_r1,MSF,Medium (81-140),120,sub_heavy,181.25,22,20250814,20,BLK_20S,14,후면SAW,4,2025-08-15 02:21:18,2025-08-15 04:36:36,135.3,,공통,raw,
b120_sub_heavy_r1,MSF,Medium (81-140),120,sub_heavy,181.25,22,20250814,20,BLK_20S,14,NC,5,2025-08-15 04:36:36,2025-08-15 05:18:52,42.3,,공통,raw,
b120_sub_heavy_r1,MSF,Medium (81-140),120,sub_heavy,181.25,22,20250814,20,BLK_20S,14,베이36B 론지취부,6,2025-08-15 05:18:52,2025-08-15 06:31:52,73.0,36B,베이36B,raw,
b120_sub_heavy_r1,MSF,Medium (81-140),120,sub_heavy,181.25,22,20250814,20,BLK_20S,14,베이36B 론지용접,7,2025-08-15 06:31:52,2025-08-15 06:55:40,23.8,36B,베이36B,raw,
b120_sub_heavy_r1,MSF,Medium (81-140),120,sub_heavy,181.25,22,20250814,20,BLK_20S,14,베이36B 수정,8,2025-08-15 06:55:40,2025-08-15 07:40:16,44.6,36B,베이36B,raw,
b120_sub_heavy_r1,MSF,Medium (81-140),120,sub_heavy,181.25,22,20250814,16,BLK_16P,15,판계,1,2025-08-14 16:04:00,2025-08-14 16:34:00,30.0,,공통,raw,
b120_sub_heavy_r1,MSF,Medium (81-140),120,sub_heavy,181.25,22,20250814,16,BLK_16P,15,전면SAW,2,2025-08-15 02:09:18,2025-08-15 02:52:22,43.1,,공통,raw,
b120_sub_heavy_r1,MSF,Medium (81-140),120,sub_heavy,181.25,22,20250814,16,BLK_16P,15,TurnOver,3,2025-08-15 02:52:22,2025-08-15 03:04:22,12.0,,공통,raw,
b120_sub_heavy_r1,MSF,Medium (81-140),120,sub_heavy,181.25,22,20250814,16,BLK_16P,15,후면SAW,4,2025-08-15 04:36:36,2025-08-15 05:12:07,35.5,,공통,raw,
b120_sub_heavy_r1,MSF,Medium (81-140),120,sub_heavy,181.25,22,20250814,16,BLK_16P,15,NC,5,2025-08-15 05:18:52,2025-08-15 06:10:07,51.3,,공통,raw,
b120_sub_heavy_r1,MSF,Medium (81-140),120,sub_heavy,181.25,22,20250814,16,BLK_16P,15,베이36B 론지취부,6,2025-08-15 06:31:52,2025-08-15 07:55:22,83.5,36B,베이36B,raw,
b120_sub_heavy_r1,MSF,Medium (81-140),120,sub_heavy,181.25,22,20250814,16,BLK_16P,15,베이36B 론지용접,7,2025-08-15 07:55:22,2025-08-15 08:20:58,25.6,36B,베이36B,raw,
b120_sub_heavy_r1,MSF,Medium (81-140),120,sub_heavy,181.25,22,20250814,16,BLK_16P,15,베이36B 수정,8,2025-08-15 08:20:58,2025-08-15 09:12:10,51.2,36B,베이36B,raw,
b120_sub_heavy_r1,MSF,Medium (81-140),120,sub_heavy,181.25,22,20250815,24,BLK_24P,1,판계,1,2025-08-15 08:00:00,2025-08-15 08:38:00,38.0,,공통,raw,
b120_sub_heavy_r1,MSF,Medium (81-140),120,sub_heavy,181.25,22,20250815,24,BLK_24P,1,전면SAW,2,2025-08-15 08:38:00,2025-08-15 09:54:26,76.4,,공통,raw,
b120_sub_heavy_r1,MSF,Medium (81-140),120,sub_heavy,181.25,22,20250815,24,BLK_24P,1,TurnOver,3,2025-08-15 09:54:26,2025-08-15 10:06:26,12.0,,공통,raw,
b120_sub_heavy_r1,MSF,Medium (81-140),120,sub_heavy,181.25,22,20250815,24,BLK_24P,1,후면SAW,4,2025-08-15 10:06:26,2025-08-15 11:03:54,57.5,,공통,raw,
b120_sub_heavy_r1,MSF,Medium (81-140),120,sub_heavy,181.25,22,20250815,24,BLK_24P,1,NC,5,2025-08-15 11:03:54,2025-08-15 11:48:24,44.5,,공통,raw,
b120_sub_heavy_r1,MSF,Medium (81-140),120,sub_heavy,181.25,22,20250815,24,BLK_24P,1,베이35A 론지취부,6,2025-08-15 11:48:24,2025-08-15 12:33:24,45.0,35A,베이35A,raw,
b120_sub_heavy_r1,MSF,Medium (81-140),120,sub_heavy,181.25,22,20250815,24,BLK_24P,1,베이35A 론지용접,7,2025-08-15 12:33:24,2025-08-15 12:52:24,19.0,35A,베이35A,raw,
b120_sub_heavy_r1,MSF,Medium (81-140),120,sub_heavy,181.25,22,20250815,24,BLK_24P,1,베이35A 수정,8,2025-08-15 12:52:24,2025-08-15 13:19:24,27.0,35A,베이35A,raw,
b120_sub_heavy_r1,MSF,Medium (81-140),120,sub_heavy,181.25,22,20250815,40,BLK_40S,2,판계,1,2025-08-15 08:38:00,2025-08-15 09:08:00,30.0,,공통,raw,
b120_sub_heavy_r1,MSF,Medium (81-140),120,sub_heavy,181.25,22,20250815,40,BLK_40S,2,전면SAW,2,2025-08-15 09:54:26,2025-08-15 10:27:03,32.6,,공통,raw,
b120_sub_heavy_r1,MSF,Medium (81-140),120,sub_heavy,181.25,22,20250815,40,BLK_40S,2,TurnOver,3,2025-08-15 10:27:03,2025-08-15 10:39:03,12.0,,공통,raw,
b120_sub_heavy_r1,MSF,Medium (81-140),120,sub_heavy,181.25,22,20250815,40,BLK_40S,2,후면SAW,4,2025-08-15 11:03:54,2025-08-15 11:25:40,21.8,,공통,raw,
b120_sub_heavy_r1,MSF,Medium (81-140),120,sub_heavy,181.25,22,20250815,40,BLK_40S,2,NC,5,2025-08-15 11:48:24,2025-08-15 12:38:07,49.7,,공통,raw,
b120_sub_heavy_r1,MSF,Medium (81-140),120,sub_heavy,181.25,22,20250815,40,BLK_40S,2,베이36B 론지취부,6,2025-08-15 12:38:07,2025-08-15 13:54:37,76.5,36B,베이36B,raw,
b120_sub_heavy_r1,MSF,Medium (81-140),120,sub_heavy,181.25,22,20250815,40,BLK_40S,2,베이36B 론지용접,7,2025-08-15 13:54:37,2025-08-15 14:19:01,24.4,36B,베이36B,raw,
b120_sub_heavy_r1,MSF,Medium (81-140),120,sub_heavy,181.25,22,20250815,40,BLK_40S,2,베이36B 수정,8,2025-08-15 14:19:01,2025-08-15 15:05:49,46.8,36B,베이36B,raw,
b120_sub_heavy_r1,MSF,Medium (81-140),120,sub_heavy,181.25,22,20250815,12,BLK_12P,3,판계,1,2025-08-15 09:08:00,2025-08-15 09:53:00,45.0,,공통,raw,
b120_sub_heavy_r1,MSF,Medium (81-140),120,sub_heavy,181.25,22,20250815,12,BLK_12P,3,전면SAW,2,2025-08-15 10:27:03,2025-08-15 11:09:40,42.6,,공통,raw,
b120_sub_heavy_r1,MSF,Medium (81-140),120,sub_heavy,181.25,22,20250815,12,BLK_12P,3,TurnOver,3,2025-08-15 11:09:40,2025-08-15 11:21:40,12.0,,공통,raw,
b120_sub_heavy_r1,MSF,Medium (81-140),120,sub_heavy,181.25,22,20250815,12,BLK_12P,3,후면SAW,4,2025-08-15 11:25:40,2025-08-15 12:00:39,35.0,,공통,raw,
b120_sub_heavy_r1,MSF,Medium (81-140),120,sub_heavy,181.25,22,20250815,12,BLK_12P,3,NC,5,2025-08-15 12:38:07,2025-08-15 13:31:54,53.8,,공통,raw,
b120_sub_heavy_r1,MSF,Medium (81-140),120,sub_heavy,181.25,22,20250815,12,BLK_12P,3,베이35A 론지취부,6,2025-08-15 13:31:54,2025-08-15 14:41:24,69.5,35A,베이35A,raw,
b120_sub_heavy_r1,MSF,Medium (81-140),120,sub_heavy,181.25,22,20250815,12,BLK_12P,3,베이35A 론지용접,7,2025-08-15 14:41:24,2025-08-15 15:04:36,23.2,35A,베이35A,raw,
b120_sub_heavy_r1,MSF,Medium (81-140),120,sub_heavy,181.25,22,20250815,12,BLK_12P,3,베이35A 수정,8,2025-08-15 15:04:36,2025-08-15 15:47:00,42.4,35A,베이35A,raw,
b120_sub_heavy_r1,MSF,Medium (81-140),120,sub_heavy,181.25,22,20250815,44,BLK_44P,4,판계,1,2025-08-15 09:53:00,2025-08-15 10:38:00,45.0,,공통,raw,
b120_sub_heavy_r1,MSF,Medium (81-140),120,sub_heavy,181.25,22,20250815,44,BLK_44P,4,전면SAW,2,2025-08-15 11:09:40,2025-08-15 14:19:40,190.0,,공통,raw,
b120_sub_heavy_r1,MSF,Medium (81-140),120,sub_heavy,181.25,22,20250815,44,BLK_44P,4,TurnOver,3,2025-08-15 14:19:40,2025-08-15 14:31:40,12.0,,공통,raw,
b120_sub_heavy_r1,MSF,Medium (81-140),120,sub_heavy,181.25,22,20250815,44,BLK_44P,4,후면SAW,4,2025-08-15 14:31:40,2025-08-15 17:16:40,165.0,,공통,raw,
b120_sub_heavy_r1,MSF,Medium (81-140),120,sub_heavy,181.25,22,20250815,44,BLK_44P,4,NC,5,2025-08-15 17:16:40,2025-08-15 18:28:45,72.1,,공통,raw,
b120_sub_heavy_r1,MSF,Medium (81-140),120,sub_heavy,181.25,22,20250815,44,BLK_44P,4,베이36B 론지취부,6,2025-08-15 18:28:45,2025-08-15 19:55:45,87.0,36B,베이36B,raw,
b120_sub_heavy_r1,MSF,Medium (81-140),120,sub_heavy,181.25,22,20250815,44,BLK_44P,4,베이36B 론지용접,7,2025-08-15 19:55:45,2025-08-15 20:21:57,26.2,36B,베이36B,raw,
b120_sub_heavy_r1,MSF,Medium (81-140),120,sub_heavy,181.25,22,20250815,44,BLK_44P,4,베이36B 수정,8,2025-08-15 20:21:57,2025-08-15 21:15:21,53.4,36B,베이36B,raw,
b120_sub_heavy_r1,MSF,Medium (81-140),120,sub_heavy,181.25,22,20250808,116,BLK_50C,22,판계,1,2025-08-08 17:12:00,2025-08-08 17:24:00,12.0,,공통,inferred_subassembly_member,50
b120_sub_heavy_r1,MSF,Medium (81-140),120,sub_heavy,181.25,22,20250808,116,BLK_50C,22,전면SAW,2,2025-08-09 11:12:56,2025-08-09 11:58:03,45.1,,공통,inferred_subassembly_member,50
b120_sub_heavy_r1,MSF,Medium (81-140),120,sub_heavy,181.25,22,20250808,116,BLK_50C,22,TurnOver,3,2025-08-09 11:58:03,2025-08-09 12:10:03,12.0,,공통,inferred_subassembly_member,50
b120_sub_heavy_r1,MSF,Medium (81-140),120,sub_heavy,181.25,22,20250808,116,BLK_50C,22,후면SAW,4,2025-08-09 13:07:56,2025-08-09 13:46:11,38.2,,공통,inferred_subassembly_member,50
b120_sub_heavy_r1,MSF,Medium (81-140),120,sub_heavy,181.25,22,20250808,116,BLK_50C,22,NC,5,2025-08-09 13:46:11,2025-08-09 14:08:30,22.3,,공통,inferred_subassembly_member,50
b120_sub_heavy_r1,MSF,Medium (81-140),120,sub_heavy,181.25,22,20250808,116,BLK_50C,22,베이35A 론지취부,6,2025-08-09 14:14:28,2025-08-09 14:52:28,38.0,35A,베이35A,inferred_subassembly_member,50
b120_sub_heavy_r1,MSF,Medium (81-140),120,sub_heavy,181.25,22,20250808,116,BLK_50C,22,베이35A 론지용접,7,2025-08-09 14:52:28,2025-08-09 15:06:16,13.8,35A,베이35A,inferred_subassembly_member,50
b120_sub_heavy_r1,MSF,Medium (81-140),120,sub_heavy,181.25,22,20250808,116,BLK_50C,22,베이35A 수정,8,2025-08-09 15:14:28,2025-08-09 15:37:04,22.6,35A,베이35A,inferred_subassembly_member,50
b120_sub_heavy_r1,MSF,Medium (81-140),120,sub_heavy,181.25,22,20250812,117,BLK_73C,72,판계,1,2025-08-12 13:48:00,2025-08-12 14:13:00,25.0,,공통,inferred_subassembly_member,73
b120_sub_heavy_r1,MSF,Medium (81-140),120,sub_heavy,181.25,22,20250812,117,BLK_73C,72,전면SAW,2,2025-08-12 19:13:36,2025-08-12 19:47:25,33.8,,공통,inferred_subassembly_member,73
b120_sub_heavy_r1,MSF,Medium (81-140),120,sub_heavy,181.25,22,20250812,117,BLK_73C,72,TurnOver,3,2025-08-12 19:47:25,2025-08-12 19:59:25,12.0,,공통,inferred_subassembly_member,73
b120_sub_heavy_r1,MSF,Medium (81-140),120,sub_heavy,181.25,22,20250812,117,BLK_73C,72,후면SAW,4,2025-08-12 20:44:08,2025-08-12 21:07:31,23.4,,공통,inferred_subassembly_member,73
b120_sub_heavy_r1,MSF,Medium (81-140),120,sub_heavy,181.25,22,20250812,117,BLK_73C,72,NC,5,2025-08-12 21:23:44,2025-08-12 22:00:15,36.5,,공통,inferred_subassembly_member,73
b120_sub_heavy_r1,MSF,Medium (81-140),120,sub_heavy,181.25,22,20250812,117,BLK_73C,72,베이36B 론지취부,6,2025-08-12 22:00:15,2025-08-12 23:06:15,66.0,36B,베이36B,inferred_subassembly_member,73
b120_sub_heavy_r1,MSF,Medium (81-140),120,sub_heavy,181.25,22,20250812,117,BLK_73C,72,베이36B 론지용접,7,2025-08-12 23:06:15,2025-08-12 23:28:51,22.6,36B,베이36B,inferred_subassembly_member,73
b120_sub_heavy_r1,MSF,Medium (81-140),120,sub_heavy,181.25,22,20250812,117,BLK_73C,72,베이36B 수정,8,2025-08-12 23:28:51,2025-08-13 00:09:03,40.2,36B,베이36B,inferred_subassembly_member,73
b120_sub_heavy_r1,MSF,Medium (81-140),120,sub_heavy,181.25,22,20250813,120,BLK_102C,91,판계,1,2025-08-13 14:06:00,2025-08-13 14:26:00,20.0,,공통,inferred_subassembly_member,102
b120_sub_heavy_r1,MSF,Medium (81-140),120,sub_heavy,181.25,22,20250813,120,BLK_102C,91,전면SAW,2,2025-08-13 23:29:12,2025-08-14 00:03:17,34.1,,공통,inferred_subassembly_member,102
b120_sub_heavy_r1,MSF,Medium (81-140),120,sub_heavy,181.25,22,20250813,120,BLK_102C,91,TurnOver,3,2025-08-14 00:03:17,2025-08-14 00:15:17,12.0,,공통,inferred_subassembly_member,102
b120_sub_heavy_r1,MSF,Medium (81-140),120,sub_heavy,181.25,22,20250813,120,BLK_102C,91,후면SAW,4,2025-08-14 02:02:07,2025-08-14 02:25:49,23.7,,공통,inferred_subassembly_member,102
b120_sub_heavy_r1,MSF,Medium (81-140),120,sub_heavy,181.25,22,20250813,120,BLK_102C,91,NC,5,2025-08-14 02:42:07,2025-08-14 03:11:52,29.8,,공통,inferred_subassembly_member,102
b120_sub_heavy_r1,MSF,Medium (81-140),120,sub_heavy,181.25,22,20250813,120,BLK_102C,91,베이36B 론지취부,6,2025-08-14 03:11:52,2025-08-14 03:56:52,45.0,36B,베이36B,inferred_subassembly_member,102
b120_sub_heavy_r1,MSF,Medium (81-140),120,sub_heavy,181.25,22,20250813,120,BLK_102C,91,베이36B 론지용접,7,2025-08-14 03:56:52,2025-08-14 04:15:52,19.0,36B,베이36B,inferred_subassembly_member,102
b120_sub_heavy_r1,MSF,Medium (81-140),120,sub_heavy,181.25,22,20250813,120,BLK_102C,91,베이36B 수정,8,2025-08-14 04:15:52,2025-08-14 04:42:52,27.0,36B,베이36B,inferred_subassembly_member,102
b120_sub_heavy_r1,MSF,Medium (81-140),120,sub_heavy,181.25,22,20250813,118,BLK_64P,94,판계,1,2025-08-13 15:31:00,2025-08-13 15:56:00,25.0,,공통,inferred_subassembly_member,64
b120_sub_heavy_r1,MSF,Medium (81-140),120,sub_heavy,181.25,22,20250813,118,BLK_64P,94,전면SAW,2,2025-08-14 03:09:39,2025-08-14 03:39:33,29.9,,공통,inferred_subassembly_member,64
b120_sub_heavy_r1,MSF,Medium (81-140),120,sub_heavy,181.25,22,20250813,118,BLK_64P,94,TurnOver,3,2025-08-14 03:39:33,2025-08-14 03:51:33,12.0,,공통,inferred_subassembly_member,64
b120_sub_heavy_r1,MSF,Medium (81-140),120,sub_heavy,181.25,22,20250813,118,BLK_64P,94,후면SAW,4,2025-08-14 05:05:23,2025-08-14 05:23:35,18.2,,공통,inferred_subassembly_member,64
b120_sub_heavy_r1,MSF,Medium (81-140),120,sub_heavy,181.25,22,20250813,118,BLK_64P,94,NC,5,2025-08-14 05:56:11,2025-08-14 06:29:47,33.6,,공통,inferred_subassembly_member,64
b120_sub_heavy_r1,MSF,Medium (81-140),120,sub_heavy,181.25,22,20250813,118,BLK_64P,94,베이35A 론지취부,6,2025-08-14 06:29:47,2025-08-14 07:25:17,55.5,35A,베이35A,inferred_subassembly_member,64
b120_sub_heavy_r1,MSF,Medium (81-140),120,sub_heavy,181.25,22,20250813,118,BLK_64P,94,베이35A 론지용접,7,2025-08-14 07:25:17,2025-08-14 07:46:05,20.8,35A,베이35A,inferred_subassembly_member,64
b120_sub_heavy_r1,MSF,Medium (81-140),120,sub_heavy,181.25,22,20250813,118,BLK_64P,94,베이35A 수정,8,2025-08-14 07:46:05,2025-08-14 08:19:41,33.6,35A,베이35A,inferred_subassembly_member,64
b120_sub_heavy_r1,MSF,Medium (81-140),120,sub_heavy,181.25,22,20250814,119,BLK_16P,110,판계,1,2025-08-14 16:04:00,2025-08-14 16:34:00,30.0,,공통,inferred_subassembly_member,16
b120_sub_heavy_r1,MSF,Medium (81-140),120,sub_heavy,181.25,22,20250814,119,BLK_16P,110,전면SAW,2,2025-08-15 02:09:18,2025-08-15 02:52:22,43.1,,공통,inferred_subassembly_member,16
b120_sub_heavy_r1,MSF,Medium (81-140),120,sub_heavy,181.25,22,20250814,119,BLK_16P,110,TurnOver,3,2025-08-15 02:52:22,2025-08-15 03:04:22,12.0,,공통,inferred_subassembly_member,16
b120_sub_heavy_r1,MSF,Medium (81-140),120,sub_heavy,181.25,22,20250814,119,BLK_16P,110,후면SAW,4,2025-08-15 04:36:36,2025-08-15 05:12:07,35.5,,공통,inferred_subassembly_member,16
b120_sub_heavy_r1,MSF,Medium (81-140),120,sub_heavy,181.25,22,20250814,119,BLK_16P,110,NC,5,2025-08-15 05:18:52,2025-08-15 06:10:07,51.3,,공통,inferred_subassembly_member,16
b120_sub_heavy_r1,MSF,Medium (81-140),120,sub_heavy,181.25,22,20250814,119,BLK_16P,110,베이36B 론지취부,6,2025-08-15 06:31:52,2025-08-15 07:55:22,83.5,36B,베이36B,inferred_subassembly_member,16
b120_sub_heavy_r1,MSF,Medium (81-140),120,sub_heavy,181.25,22,20250814,119,BLK_16P,110,베이36B 론지용접,7,2025-08-15 07:55:22,2025-08-15 08:20:58,25.6,36B,베이36B,inferred_subassembly_member,16
b120_sub_heavy_r1,MSF,Medium (81-140),120,sub_heavy,181.25,22,20250814,119,BLK_16P,110,베이36B 수정,8,2025-08-15 08:20:58,2025-08-15 09:12:10,51.2,36B,베이36B,inferred_subassembly_member,16
b120_sub_heavy_r1,MSF,Medium (81-140),120,sub_heavy,181.25,22,20250815,115,BLK_40S,112,판계,1,2025-08-15 08:38:00,2025-08-15 09:08:00,30.0,,공통,inferred_subassembly_member,40
b120_sub_heavy_r1,MSF,Medium (81-140),120,sub_heavy,181.25,22,20250815,115,BLK_40S,112,전면SAW,2,2025-08-15 09:54:26,2025-08-15 10:27:03,32.6,,공통,inferred_subassembly_member,40
b120_sub_heavy_r1,MSF,Medium (81-140),120,sub_heavy,181.25,22,20250815,115,BLK_40S,112,TurnOver,3,2025-08-15 10:27:03,2025-08-15 10:39:03,12.0,,공통,inferred_subassembly_member,40
b120_sub_heavy_r1,MSF,Medium (81-140),120,sub_heavy,181.25,22,20250815,115,BLK_40S,112,후면SAW,4,2025-08-15 11:03:54,2025-08-15 11:25:40,21.8,,공통,inferred_subassembly_member,40
b120_sub_heavy_r1,MSF,Medium (81-140),120,sub_heavy,181.25,22,20250815,115,BLK_40S,112,NC,5,2025-08-15 11:48:24,2025-08-15 12:38:07,49.7,,공통,inferred_subassembly_member,40
b120_sub_heavy_r1,MSF,Medium (81-140),120,sub_heavy,181.25,22,20250815,115,BLK_40S,112,베이36B 론지취부,6,2025-08-15 12:38:07,2025-08-15 13:54:37,76.5,36B,베이36B,inferred_subassembly_member,40
b120_sub_heavy_r1,MSF,Medium (81-140),120,sub_heavy,181.25,22,20250815,115,BLK_40S,112,베이36B 론지용접,7,2025-08-15 13:54:37,2025-08-15 14:19:01,24.4,36B,베이36B,inferred_subassembly_member,40
b120_sub_heavy_r1,MSF,Medium (81-140),120,sub_heavy,181.25,22,20250815,115,BLK_40S,112,베이36B 수정,8,2025-08-15 14:19:01,2025-08-15 15:05:49,46.8,36B,베이36B,inferred_subassembly_member,40
