grid_case_id,method_label,size_bucket,total_blocks,distribution_profile,graph_makespan_hours,graph_violations,date,block_id,block_name,sequence,process_name,process_index,start_time,end_time,duration_min,assigned_bay,machine_type,unity_process_row_source,source_representative_block_id
b90_sub_heavy_r1,GA,Medium (81-140),90,sub_heavy,128.85,3,20250412,7,BLK_7C,1,판계,1,2025-04-12 08:00:00,2025-04-12 08:30:00,30.0,,공통,raw,
b90_sub_heavy_r1,GA,Medium (81-140),90,sub_heavy,128.85,3,20250412,7,BLK_7C,1,전면SAW,2,2025-04-12 08:30:00,2025-04-12 09:02:16,32.3,,공통,raw,
b90_sub_heavy_r1,GA,Medium (81-140),90,sub_heavy,128.85,3,20250412,7,BLK_7C,1,TurnOver,3,2025-04-12 09:02:16,2025-04-12 09:14:16,12.0,,공통,raw,
b90_sub_heavy_r1,GA,Medium (81-140),90,sub_heavy,128.85,3,20250412,7,BLK_7C,1,후면SAW,4,2025-04-12 09:14:16,2025-04-12 09:35:36,21.3,,공통,raw,
b90_sub_heavy_r1,GA,Medium (81-140),90,sub_heavy,128.85,3,20250412,7,BLK_7C,1,NC,5,2025-04-12 09:35:36,2025-04-12 10:18:16,42.7,,공통,raw,
b90_sub_heavy_r1,GA,Medium (81-140),90,sub_heavy,128.85,3,20250412,7,BLK_7C,1,베이35A 론지취부,6,2025-04-12 10:18:16,2025-04-12 11:45:16,87.0,35A,베이35A,raw,
b90_sub_heavy_r1,GA,Medium (81-140),90,sub_heavy,128.85,3,20250412,7,BLK_7C,1,베이35A 론지용접,7,2025-04-12 11:45:16,2025-04-12 12:11:28,26.2,35A,베이35A,raw,
b90_sub_heavy_r1,GA,Medium (81-140),90,sub_heavy,128.85,3,20250412,7,BLK_7C,1,베이35A 수정,8,2025-04-12 12:11:28,2025-04-12 13:04:52,53.4,35A,베이35A,raw,
b90_sub_heavy_r1,GA,Medium (81-140),90,sub_heavy,128.85,3,20250412,42,BLK_42C,2,판계,1,2025-04-12 08:30:00,2025-04-12 09:08:00,38.0,,공통,raw,
b90_sub_heavy_r1,GA,Medium (81-140),90,sub_heavy,128.85,3,20250412,42,BLK_42C,2,전면SAW,2,2025-04-12 09:08:00,2025-04-12 11:08:47,120.8,,공통,raw,
b90_sub_heavy_r1,GA,Medium (81-140),90,sub_heavy,128.85,3,20250412,42,BLK_42C,2,TurnOver,3,2025-04-12 11:08:47,2025-04-12 11:20:47,12.0,,공통,raw,
b90_sub_heavy_r1,GA,Medium (81-140),90,sub_heavy,128.85,3,20250412,42,BLK_42C,2,후면SAW,4,2025-04-12 11:20:47,2025-04-12 13:23:38,122.8,,공통,raw,
b90_sub_heavy_r1,GA,Medium (81-140),90,sub_heavy,128.85,3,20250412,42,BLK_42C,2,NC,5,2025-04-12 13:23:38,2025-04-12 14:10:19,46.7,,공통,raw,
b90_sub_heavy_r1,GA,Medium (81-140),90,sub_heavy,128.85,3,20250412,42,BLK_42C,2,베이36B 론지취부,6,2025-04-12 14:10:19,2025-04-12 15:19:49,69.5,36B,베이36B,raw,
b90_sub_heavy_r1,GA,Medium (81-140),90,sub_heavy,128.85,3,20250412,42,BLK_42C,2,베이36B 론지용접,7,2025-04-12 15:19:49,2025-04-12 15:43:01,23.2,36B,베이36B,raw,
b90_sub_heavy_r1,GA,Medium (81-140),90,sub_heavy,128.85,3,20250412,42,BLK_42C,2,베이36B 수정,8,2025-04-12 15:43:01,2025-04-12 16:25:25,42.4,36B,베이36B,raw,
b90_sub_heavy_r1,GA,Medium (81-140),90,sub_heavy,128.85,3,20250412,37,BLK_37C,3,판계,1,2025-04-12 09:08:00,2025-04-12 09:28:00,20.0,,공통,raw,
b90_sub_heavy_r1,GA,Medium (81-140),90,sub_heavy,128.85,3,20250412,37,BLK_37C,3,전면SAW,2,2025-04-12 11:08:47,2025-04-12 13:24:23,135.6,,공통,raw,
b90_sub_heavy_r1,GA,Medium (81-140),90,sub_heavy,128.85,3,20250412,37,BLK_37C,3,TurnOver,3,2025-04-12 13:24:23,2025-04-12 13:36:23,12.0,,공통,raw,
b90_sub_heavy_r1,GA,Medium (81-140),90,sub_heavy,128.85,3,20250412,37,BLK_37C,3,후면SAW,4,2025-04-12 13:36:23,2025-04-12 15:56:30,140.1,,공통,raw,
b90_sub_heavy_r1,GA,Medium (81-140),90,sub_heavy,128.85,3,20250412,37,BLK_37C,3,NC,5,2025-04-12 15:56:30,2025-04-12 16:22:10,25.7,,공통,raw,
b90_sub_heavy_r1,GA,Medium (81-140),90,sub_heavy,128.85,3,20250412,37,BLK_37C,3,베이35A 론지취부,6,2025-04-12 16:22:10,2025-04-12 17:10:40,48.5,35A,베이35A,raw,
b90_sub_heavy_r1,GA,Medium (81-140),90,sub_heavy,128.85,3,20250412,37,BLK_37C,3,베이35A 론지용접,7,2025-04-12 17:10:40,2025-04-12 17:30:16,19.6,35A,베이35A,raw,
b90_sub_heavy_r1,GA,Medium (81-140),90,sub_heavy,128.85,3,20250412,37,BLK_37C,3,베이35A 수정,8,2025-04-12 17:30:16,2025-04-12 17:59:28,29.2,35A,베이35A,raw,
b90_sub_heavy_r1,GA,Medium (81-140),90,sub_heavy,128.85,3,20250412,75,BLK_75S,4,판계,1,2025-04-12 09:28:00,2025-04-12 10:13:00,45.0,,공통,raw,
b90_sub_heavy_r1,GA,Medium (81-140),90,sub_heavy,128.85,3,20250412,75,BLK_75S,4,전면SAW,2,2025-04-12 13:24:23,2025-04-12 15:55:42,151.3,,공통,raw,
b90_sub_heavy_r1,GA,Medium (81-140),90,sub_heavy,128.85,3,20250412,75,BLK_75S,4,TurnOver,3,2025-04-12 15:55:42,2025-04-12 16:07:42,12.0,,공통,raw,
b90_sub_heavy_r1,GA,Medium (81-140),90,sub_heavy,128.85,3,20250412,75,BLK_75S,4,후면SAW,4,2025-04-12 16:07:42,2025-04-12 18:18:45,131.1,,공통,raw,
b90_sub_heavy_r1,GA,Medium (81-140),90,sub_heavy,128.85,3,20250412,75,BLK_75S,4,NC,5,2025-04-12 18:18:45,2025-04-12 19:21:28,62.7,,공통,raw,
b90_sub_heavy_r1,GA,Medium (81-140),90,sub_heavy,128.85,3,20250412,75,BLK_75S,4,베이36B 론지취부,6,2025-04-12 19:21:28,2025-04-12 20:34:28,73.0,36B,베이36B,raw,
b90_sub_heavy_r1,GA,Medium (81-140),90,sub_heavy,128.85,3,20250412,75,BLK_75S,4,베이36B 론지용접,7,2025-04-12 20:34:28,2025-04-12 20:58:16,23.8,36B,베이36B,raw,
b90_sub_heavy_r1,GA,Medium (81-140),90,sub_heavy,128.85,3,20250412,75,BLK_75S,4,베이36B 수정,8,2025-04-12 20:58:16,2025-04-12 21:42:52,44.6,36B,베이36B,raw,
b90_sub_heavy_r1,GA,Medium (81-140),90,sub_heavy,128.85,3,20250412,20,BLK_20S,5,판계,1,2025-04-12 10:13:00,2025-04-12 10:38:00,25.0,,공통,raw,
b90_sub_heavy_r1,GA,Medium (81-140),90,sub_heavy,128.85,3,20250412,20,BLK_20S,5,전면SAW,2,2025-04-12 15:55:42,2025-04-12 16:25:44,30.0,,공통,raw,
b90_sub_heavy_r1,GA,Medium (81-140),90,sub_heavy,128.85,3,20250412,20,BLK_20S,5,TurnOver,3,2025-04-12 16:25:44,2025-04-12 16:37:44,12.0,,공통,raw,
b90_sub_heavy_r1,GA,Medium (81-140),90,sub_heavy,128.85,3,20250412,20,BLK_20S,5,후면SAW,4,2025-04-12 18:18:45,2025-04-12 18:37:09,18.4,,공통,raw,
b90_sub_heavy_r1,GA,Medium (81-140),90,sub_heavy,128.85,3,20250412,20,BLK_20S,5,NC,5,2025-04-12 19:21:28,2025-04-12 19:53:28,32.0,,공통,raw,
b90_sub_heavy_r1,GA,Medium (81-140),90,sub_heavy,128.85,3,20250412,20,BLK_20S,5,베이35A 론지취부,6,2025-04-12 19:53:28,2025-04-12 20:24:28,31.0,35A,베이35A,raw,
b90_sub_heavy_r1,GA,Medium (81-140),90,sub_heavy,128.85,3,20250412,20,BLK_20S,5,베이35A 론지용접,7,2025-04-12 20:24:28,2025-04-12 20:41:04,16.6,35A,베이35A,raw,
b90_sub_heavy_r1,GA,Medium (81-140),90,sub_heavy,128.85,3,20250412,20,BLK_20S,5,베이35A 수정,8,2025-04-12 20:41:04,2025-04-12 20:59:16,18.2,35A,베이35A,raw,
b90_sub_heavy_r1,GA,Medium (81-140),90,sub_heavy,128.85,3,20250412,74,BLK_74P,6,판계,1,2025-04-12 10:38:00,2025-04-12 11:11:00,33.0,,공통,raw,
b90_sub_heavy_r1,GA,Medium (81-140),90,sub_heavy,128.85,3,20250412,74,BLK_74P,6,전면SAW,2,2025-04-12 16:25:44,2025-04-12 17:58:50,93.1,,공통,raw,
b90_sub_heavy_r1,GA,Medium (81-140),90,sub_heavy,128.85,3,20250412,74,BLK_74P,6,TurnOver,3,2025-04-12 17:58:50,2025-04-12 18:10:50,12.0,,공통,raw,
b90_sub_heavy_r1,GA,Medium (81-140),90,sub_heavy,128.85,3,20250412,74,BLK_74P,6,후면SAW,4,2025-04-12 18:37:09,2025-04-12 19:49:47,72.6,,공통,raw,
b90_sub_heavy_r1,GA,Medium (81-140),90,sub_heavy,128.85,3,20250412,74,BLK_74P,6,NC,5,2025-04-12 19:53:28,2025-04-12 20:34:19,40.9,,공통,raw,
b90_sub_heavy_r1,GA,Medium (81-140),90,sub_heavy,128.85,3,20250412,74,BLK_74P,6,베이36B 론지취부,6,2025-04-12 20:34:28,2025-04-12 21:36:58,62.5,36B,베이36B,raw,
b90_sub_heavy_r1,GA,Medium (81-140),90,sub_heavy,128.85,3,20250412,74,BLK_74P,6,베이36B 론지용접,7,2025-04-12 21:36:58,2025-04-12 21:58:58,22.0,36B,베이36B,raw,
b90_sub_heavy_r1,GA,Medium (81-140),90,sub_heavy,128.85,3,20250412,74,BLK_74P,6,베이36B 수정,8,2025-04-12 21:58:58,2025-04-12 22:36:58,38.0,36B,베이36B,raw,
b90_sub_heavy_r1,GA,Medium (81-140),90,sub_heavy,128.85,3,20250412,52,BLK_52C,7,판계,1,2025-04-12 11:11:00,2025-04-12 11:31:00,20.0,,공통,raw,
b90_sub_heavy_r1,GA,Medium (81-140),90,sub_heavy,128.85,3,20250412,52,BLK_52C,7,전면SAW,2,2025-04-12 17:58:50,2025-04-12 18:52:25,53.6,,공통,raw,
b90_sub_heavy_r1,GA,Medium (81-140),90,sub_heavy,128.85,3,20250412,52,BLK_52C,7,TurnOver,3,2025-04-12 18:52:25,2025-04-12 19:04:25,12.0,,공통,raw,
b90_sub_heavy_r1,GA,Medium (81-140),90,sub_heavy,128.85,3,20250412,52,BLK_52C,7,후면SAW,4,2025-04-12 19:49:47,2025-04-12 20:39:11,49.4,,공통,raw,
b90_sub_heavy_r1,GA,Medium (81-140),90,sub_heavy,128.85,3,20250412,52,BLK_52C,7,NC,5,2025-04-12 20:39:11,2025-04-12 21:09:38,30.4,,공통,raw,
b90_sub_heavy_r1,GA,Medium (81-140),90,sub_heavy,128.85,3,20250412,52,BLK_52C,7,베이35A 론지취부,6,2025-04-12 21:09:38,2025-04-12 21:47:38,38.0,35A,베이35A,raw,
b90_sub_heavy_r1,GA,Medium (81-140),90,sub_heavy,128.85,3,20250412,52,BLK_52C,7,베이35A 론지용접,7,2025-04-12 21:47:38,2025-04-12 22:05:26,17.8,35A,베이35A,raw,
b90_sub_heavy_r1,GA,Medium (81-140),90,sub_heavy,128.85,3,20250412,52,BLK_52C,7,베이35A 수정,8,2025-04-12 22:05:26,2025-04-12 22:28:02,22.6,35A,베이35A,raw,
b90_sub_heavy_r1,GA,Medium (81-140),90,sub_heavy,128.85,3,20250412,6,BLK_6P,8,판계,1,2025-04-12 11:31:00,2025-04-12 11:56:00,25.0,,공통,raw,
b90_sub_heavy_r1,GA,Medium (81-140),90,sub_heavy,128.85,3,20250412,6,BLK_6P,8,전면SAW,2,2025-04-12 18:52:25,2025-04-12 19:49:10,56.8,,공통,raw,
b90_sub_heavy_r1,GA,Medium (81-140),90,sub_heavy,128.85,3,20250412,6,BLK_6P,8,TurnOver,3,2025-04-12 19:49:10,2025-04-12 20:01:10,12.0,,공통,raw,
b90_sub_heavy_r1,GA,Medium (81-140),90,sub_heavy,128.85,3,20250412,6,BLK_6P,8,후면SAW,4,2025-04-12 20:39:11,2025-04-12 21:32:45,53.6,,공통,raw,
b90_sub_heavy_r1,GA,Medium (81-140),90,sub_heavy,128.85,3,20250412,6,BLK_6P,8,NC,5,2025-04-12 21:32:45,2025-04-12 22:11:24,38.6,,공통,raw,
b90_sub_heavy_r1,GA,Medium (81-140),90,sub_heavy,128.85,3,20250412,6,BLK_6P,8,베이36B 론지취부,6,2025-04-12 22:11:24,2025-04-12 23:34:54,83.5,36B,베이36B,raw,
b90_sub_heavy_r1,GA,Medium (81-140),90,sub_heavy,128.85,3,20250412,6,BLK_6P,8,베이36B 론지용접,7,2025-04-12 23:34:54,2025-04-13 00:00:30,25.6,36B,베이36B,raw,
b90_sub_heavy_r1,GA,Medium (81-140),90,sub_heavy,128.85,3,20250412,6,BLK_6P,8,베이36B 수정,8,2025-04-13 00:00:30,2025-04-13 00:51:42,51.2,36B,베이36B,raw,
b90_sub_heavy_r1,GA,Medium (81-140),90,sub_heavy,128.85,3,20250412,57,BLK_57S,9,판계,1,2025-04-12 11:56:00,2025-04-12 12:43:00,47.0,,공통,raw,
b90_sub_heavy_r1,GA,Medium (81-140),90,sub_heavy,128.85,3,20250412,57,BLK_57S,9,전면SAW,2,2025-04-12 19:49:10,2025-04-12 22:59:10,190.0,,공통,raw,
b90_sub_heavy_r1,GA,Medium (81-140),90,sub_heavy,128.85,3,20250412,57,BLK_57S,9,TurnOver,3,2025-04-12 22:59:10,2025-04-12 23:11:10,12.0,,공통,raw,
b90_sub_heavy_r1,GA,Medium (81-140),90,sub_heavy,128.85,3,20250412,57,BLK_57S,9,후면SAW,4,2025-04-12 23:11:10,2025-04-13 01:45:57,154.8,,공통,raw,
b90_sub_heavy_r1,GA,Medium (81-140),90,sub_heavy,128.85,3,20250412,57,BLK_57S,9,NC,5,2025-04-13 01:45:57,2025-04-13 02:40:09,54.2,,공통,raw,
b90_sub_heavy_r1,GA,Medium (81-140),90,sub_heavy,128.85,3,20250412,57,BLK_57S,9,베이35A 론지취부,6,2025-04-13 02:40:09,2025-04-13 03:21:39,41.5,35A,베이35A,raw,
b90_sub_heavy_r1,GA,Medium (81-140),90,sub_heavy,128.85,3,20250412,57,BLK_57S,9,베이35A 론지용접,7,2025-04-13 03:21:39,2025-04-13 03:40:03,18.4,35A,베이35A,raw,
b90_sub_heavy_r1,GA,Medium (81-140),90,sub_heavy,128.85,3,20250412,57,BLK_57S,9,베이35A 수정,8,2025-04-13 03:40:03,2025-04-13 04:04:51,24.8,35A,베이35A,raw,
b90_sub_heavy_r1,GA,Medium (81-140),90,sub_heavy,128.85,3,20250412,49,BLK_49S,10,판계,1,2025-04-12 12:43:00,2025-04-12 13:13:00,30.0,,공통,raw,
b90_sub_heavy_r1,GA,Medium (81-140),90,sub_heavy,128.85,3,20250412,49,BLK_49S,10,전면SAW,2,2025-04-12 22:59:10,2025-04-12 23:29:43,30.5,,공통,raw,
b90_sub_heavy_r1,GA,Medium (81-140),90,sub_heavy,128.85,3,20250412,49,BLK_49S,10,TurnOver,3,2025-04-12 23:29:43,2025-04-12 23:41:43,12.0,,공통,raw,
b90_sub_heavy_r1,GA,Medium (81-140),90,sub_heavy,128.85,3,20250412,49,BLK_49S,10,후면SAW,4,2025-04-13 01:45:57,2025-04-13 02:05:00,19.1,,공통,raw,
b90_sub_heavy_r1,GA,Medium (81-140),90,sub_heavy,128.85,3,20250412,49,BLK_49S,10,NC,5,2025-04-13 02:40:09,2025-04-13 03:27:13,47.1,,공통,raw,
b90_sub_heavy_r1,GA,Medium (81-140),90,sub_heavy,128.85,3,20250412,49,BLK_49S,10,베이36B 론지취부,6,2025-04-13 03:27:13,2025-04-13 04:15:43,48.5,36B,베이36B,raw,
b90_sub_heavy_r1,GA,Medium (81-140),90,sub_heavy,128.85,3,20250412,49,BLK_49S,10,베이36B 론지용접,7,2025-04-13 04:15:43,2025-04-13 04:35:19,19.6,36B,베이36B,raw,
b90_sub_heavy_r1,GA,Medium (81-140),90,sub_heavy,128.85,3,20250412,49,BLK_49S,10,베이36B 수정,8,2025-04-13 04:35:19,2025-04-13 05:04:31,29.2,36B,베이36B,raw,
b90_sub_heavy_r1,GA,Medium (81-140),90,sub_heavy,128.85,3,20250412,38,BLK_38C,11,판계,1,2025-04-12 13:13:00,2025-04-12 13:43:00,30.0,,공통,raw,
b90_sub_heavy_r1,GA,Medium (81-140),90,sub_heavy,128.85,3,20250412,38,BLK_38C,11,전면SAW,2,2025-04-12 23:29:43,2025-04-13 01:02:28,92.8,,공통,raw,
b90_sub_heavy_r1,GA,Medium (81-140),90,sub_heavy,128.85,3,20250412,38,BLK_38C,11,TurnOver,3,2025-04-13 01:02:28,2025-04-13 01:14:28,12.0,,공통,raw,
b90_sub_heavy_r1,GA,Medium (81-140),90,sub_heavy,128.85,3,20250412,38,BLK_38C,11,후면SAW,4,2025-04-13 02:05:00,2025-04-13 03:17:20,72.3,,공통,raw,
b90_sub_heavy_r1,GA,Medium (81-140),90,sub_heavy,128.85,3,20250412,38,BLK_38C,11,NC,5,2025-04-13 03:27:13,2025-04-13 04:21:00,53.8,,공통,raw,
b90_sub_heavy_r1,GA,Medium (81-140),90,sub_heavy,128.85,3,20250412,38,BLK_38C,11,베이35A 론지취부,6,2025-04-13 04:21:00,2025-04-13 06:02:00,101.0,35A,베이35A,raw,
b90_sub_heavy_r1,GA,Medium (81-140),90,sub_heavy,128.85,3,20250412,38,BLK_38C,11,베이35A 론지용접,7,2025-04-13 06:02:00,2025-04-13 06:30:36,28.6,35A,베이35A,raw,
b90_sub_heavy_r1,GA,Medium (81-140),90,sub_heavy,128.85,3,20250412,38,BLK_38C,11,베이35A 수정,8,2025-04-13 06:30:36,2025-04-13 07:32:48,62.2,35A,베이35A,raw,
b90_sub_heavy_r1,GA,Medium (81-140),90,sub_heavy,128.85,3,20250413,13,BLK_13P,1,판계,1,2025-04-13 08:00:00,2025-04-13 08:30:00,30.0,,공통,raw,
b90_sub_heavy_r1,GA,Medium (81-140),90,sub_heavy,128.85,3,20250413,13,BLK_13P,1,전면SAW,2,2025-04-13 08:30:00,2025-04-13 10:04:24,94.4,,공통,raw,
b90_sub_heavy_r1,GA,Medium (81-140),90,sub_heavy,128.85,3,20250413,13,BLK_13P,1,TurnOver,3,2025-04-13 10:04:24,2025-04-13 10:16:24,12.0,,공통,raw,
b90_sub_heavy_r1,GA,Medium (81-140),90,sub_heavy,128.85,3,20250413,13,BLK_13P,1,후면SAW,4,2025-04-13 10:16:24,2025-04-13 11:30:13,73.8,,공통,raw,
b90_sub_heavy_r1,GA,Medium (81-140),90,sub_heavy,128.85,3,20250413,13,BLK_13P,1,NC,5,2025-04-13 11:30:13,2025-04-13 12:24:04,53.9,,공통,raw,
b90_sub_heavy_r1,GA,Medium (81-140),90,sub_heavy,128.85,3,20250413,13,BLK_13P,1,베이36B 론지취부,6,2025-04-13 12:24:04,2025-04-13 13:47:34,83.5,36B,베이36B,raw,
b90_sub_heavy_r1,GA,Medium (81-140),90,sub_heavy,128.85,3,20250413,13,BLK_13P,1,베이36B 론지용접,7,2025-04-13 13:47:34,2025-04-13 14:13:10,25.6,36B,베이36B,raw,
b90_sub_heavy_r1,GA,Medium (81-140),90,sub_heavy,128.85,3,20250413,13,BLK_13P,1,베이36B 수정,8,2025-04-13 14:13:10,2025-04-13 15:04:22,51.2,36B,베이36B,raw,
b90_sub_heavy_r1,GA,Medium (81-140),90,sub_heavy,128.85,3,20250413,65,BLK_65P,2,판계,1,2025-04-13 08:30:00,2025-04-13 09:00:00,30.0,,공통,raw,
b90_sub_heavy_r1,GA,Medium (81-140),90,sub_heavy,128.85,3,20250413,65,BLK_65P,2,전면SAW,2,2025-04-13 10:04:24,2025-04-13 10:36:39,32.2,,공통,raw,
b90_sub_heavy_r1,GA,Medium (81-140),90,sub_heavy,128.85,3,20250413,65,BLK_65P,2,TurnOver,3,2025-04-13 10:36:39,2025-04-13 10:48:39,12.0,,공통,raw,
b90_sub_heavy_r1,GA,Medium (81-140),90,sub_heavy,128.85,3,20250413,65,BLK_65P,2,후면SAW,4,2025-04-13 11:30:13,2025-04-13 11:51:32,21.3,,공통,raw,
b90_sub_heavy_r1,GA,Medium (81-140),90,sub_heavy,128.85,3,20250413,65,BLK_65P,2,NC,5,2025-04-13 12:24:04,2025-04-13 13:12:09,48.1,,공통,raw,
b90_sub_heavy_r1,GA,Medium (81-140),90,sub_heavy,128.85,3,20250413,65,BLK_65P,2,베이36B 론지취부,6,2025-04-13 13:47:34,2025-04-13 15:25:04,97.5,36B,베이36B,raw,
b90_sub_heavy_r1,GA,Medium (81-140),90,sub_heavy,128.85,3,20250413,65,BLK_65P,2,베이36B 론지용접,7,2025-04-13 15:25:04,2025-04-13 15:53:04,28.0,36B,베이36B,raw,
b90_sub_heavy_r1,GA,Medium (81-140),90,sub_heavy,128.85,3,20250413,65,BLK_65P,2,베이36B 수정,8,2025-04-13 15:53:04,2025-04-13 16:53:04,60.0,36B,베이36B,raw,
b90_sub_heavy_r1,GA,Medium (81-140),90,sub_heavy,128.85,3,20250413,84,BLK_84S,3,판계,1,2025-04-13 09:00:00,2025-04-13 09:45:00,45.0,,공통,raw,
b90_sub_heavy_r1,GA,Medium (81-140),90,sub_heavy,128.85,3,20250413,84,BLK_84S,3,전면SAW,2,2025-04-13 10:36:39,2025-04-13 12:52:53,136.2,,공통,raw,
b90_sub_heavy_r1,GA,Medium (81-140),90,sub_heavy,128.85,3,20250413,84,BLK_84S,3,TurnOver,3,2025-04-13 12:52:53,2025-04-13 13:04:53,12.0,,공통,raw,
b90_sub_heavy_r1,GA,Medium (81-140),90,sub_heavy,128.85,3,20250413,84,BLK_84S,3,후면SAW,4,2025-04-13 13:04:53,2025-04-13 15:01:30,116.6,,공통,raw,
b90_sub_heavy_r1,GA,Medium (81-140),90,sub_heavy,128.85,3,20250413,84,BLK_84S,3,NC,5,2025-04-13 15:01:30,2025-04-13 16:05:17,63.8,,공통,raw,
b90_sub_heavy_r1,GA,Medium (81-140),90,sub_heavy,128.85,3,20250413,84,BLK_84S,3,베이35A 론지취부,6,2025-04-13 16:05:17,2025-04-13 17:49:47,104.5,35A,베이35A,raw,
b90_sub_heavy_r1,GA,Medium (81-140),90,sub_heavy,128.85,3,20250413,84,BLK_84S,3,베이35A 론지용접,7,2025-04-13 17:49:47,2025-04-13 18:18:59,29.2,35A,베이35A,raw,
b90_sub_heavy_r1,GA,Medium (81-140),90,sub_heavy,128.85,3,20250413,84,BLK_84S,3,베이35A 수정,8,2025-04-13 18:18:59,2025-04-13 19:23:23,64.4,35A,베이35A,raw,
b90_sub_heavy_r1,GA,Medium (81-140),90,sub_heavy,128.85,3,20250413,1,BLK_1C,4,판계,1,2025-04-13 09:45:00,2025-04-13 10:05:00,20.0,,공통,raw,
b90_sub_heavy_r1,GA,Medium (81-140),90,sub_heavy,128.85,3,20250413,1,BLK_1C,4,전면SAW,2,2025-04-13 12:52:53,2025-04-13 13:21:13,28.3,,공통,raw,
b90_sub_heavy_r1,GA,Medium (81-140),90,sub_heavy,128.85,3,20250413,1,BLK_1C,4,TurnOver,3,2025-04-13 13:21:13,2025-04-13 13:33:13,12.0,,공통,raw,
b90_sub_heavy_r1,GA,Medium (81-140),90,sub_heavy,128.85,3,20250413,1,BLK_1C,4,후면SAW,4,2025-04-13 15:01:30,2025-04-13 15:17:39,16.1,,공통,raw,
b90_sub_heavy_r1,GA,Medium (81-140),90,sub_heavy,128.85,3,20250413,1,BLK_1C,4,NC,5,2025-04-13 16:05:17,2025-04-13 16:29:54,24.6,,공통,raw,
b90_sub_heavy_r1,GA,Medium (81-140),90,sub_heavy,128.85,3,20250413,1,BLK_1C,4,베이36B 론지취부,6,2025-04-13 16:29:54,2025-04-13 17:09:20,39.4,36B,베이36B,raw,
b90_sub_heavy_r1,GA,Medium (81-140),90,sub_heavy,128.85,3,20250413,1,BLK_1C,4,베이36B 론지용접,7,2025-04-13 17:09:20,2025-04-13 17:29:00,19.7,36B,베이36B,raw,
b90_sub_heavy_r1,GA,Medium (81-140),90,sub_heavy,128.85,3,20250413,1,BLK_1C,4,베이36B 수정,8,2025-04-13 17:29:00,2025-04-13 17:49:24,20.4,36B,베이36B,raw,
b90_sub_heavy_r1,GA,Medium (81-140),90,sub_heavy,128.85,3,20250413,66,BLK_66S,5,판계,1,2025-04-13 10:05:00,2025-04-13 10:33:00,28.0,,공통,raw,
b90_sub_heavy_r1,GA,Medium (81-140),90,sub_heavy,128.85,3,20250413,66,BLK_66S,5,전면SAW,2,2025-04-13 13:21:13,2025-04-13 14:41:45,80.5,,공통,raw,
b90_sub_heavy_r1,GA,Medium (81-140),90,sub_heavy,128.85,3,20250413,66,BLK_66S,5,TurnOver,3,2025-04-13 14:41:45,2025-04-13 14:53:45,12.0,,공통,raw,
b90_sub_heavy_r1,GA,Medium (81-140),90,sub_heavy,128.85,3,20250413,66,BLK_66S,5,후면SAW,4,2025-04-13 15:17:39,2025-04-13 16:33:34,75.9,,공통,raw,
b90_sub_heavy_r1,GA,Medium (81-140),90,sub_heavy,128.85,3,20250413,66,BLK_66S,5,NC,5,2025-04-13 16:33:34,2025-04-13 17:03:34,30.0,,공통,raw,
b90_sub_heavy_r1,GA,Medium (81-140),90,sub_heavy,128.85,3,20250413,66,BLK_66S,5,베이35A 론지취부,6,2025-04-13 17:49:47,2025-04-13 18:38:17,48.5,35A,베이35A,raw,
b90_sub_heavy_r1,GA,Medium (81-140),90,sub_heavy,128.85,3,20250413,66,BLK_66S,5,베이35A 론지용접,7,2025-04-13 18:38:17,2025-04-13 18:57:53,19.6,35A,베이35A,raw,
b90_sub_heavy_r1,GA,Medium (81-140),90,sub_heavy,128.85,3,20250413,66,BLK_66S,5,베이35A 수정,8,2025-04-13 19:23:23,2025-04-13 19:52:35,29.2,35A,베이35A,raw,
b90_sub_heavy_r1,GA,Medium (81-140),90,sub_heavy,128.85,3,20250413,83,BLK_83C,6,판계,1,2025-04-13 10:33:00,2025-04-13 10:58:00,25.0,,공통,raw,
b90_sub_heavy_r1,GA,Medium (81-140),90,sub_heavy,128.85,3,20250413,83,BLK_83C,6,전면SAW,2,2025-04-13 14:41:45,2025-04-13 15:19:51,38.1,,공통,raw,
b90_sub_heavy_r1,GA,Medium (81-140),90,sub_heavy,128.85,3,20250413,83,BLK_83C,6,TurnOver,3,2025-04-13 15:19:51,2025-04-13 15:31:51,12.0,,공통,raw,
b90_sub_heavy_r1,GA,Medium (81-140),90,sub_heavy,128.85,3,20250413,83,BLK_83C,6,후면SAW,4,2025-04-13 16:33:34,2025-04-13 17:02:34,29.0,,공통,raw,
b90_sub_heavy_r1,GA,Medium (81-140),90,sub_heavy,128.85,3,20250413,83,BLK_83C,6,NC,5,2025-04-13 17:03:34,2025-04-13 17:43:18,39.7,,공통,raw,
b90_sub_heavy_r1,GA,Medium (81-140),90,sub_heavy,128.85,3,20250413,83,BLK_83C,6,베이36B 론지취부,6,2025-04-13 17:43:18,2025-04-13 19:06:48,83.5,36B,베이36B,raw,
b90_sub_heavy_r1,GA,Medium (81-140),90,sub_heavy,128.85,3,20250413,83,BLK_83C,6,베이36B 론지용접,7,2025-04-13 19:06:48,2025-04-13 19:32:24,25.6,36B,베이36B,raw,
b90_sub_heavy_r1,GA,Medium (81-140),90,sub_heavy,128.85,3,20250413,83,BLK_83C,6,베이36B 수정,8,2025-04-13 19:32:24,2025-04-13 20:23:36,51.2,36B,베이36B,raw,
b90_sub_heavy_r1,GA,Medium (81-140),90,sub_heavy,128.85,3,20250413,81,BLK_81P,7,판계,1,2025-04-13 10:58:00,2025-04-13 11:28:00,30.0,,공통,raw,
b90_sub_heavy_r1,GA,Medium (81-140),90,sub_heavy,128.85,3,20250413,81,BLK_81P,7,전면SAW,2,2025-04-13 15:19:51,2025-04-13 15:51:31,31.7,,공통,raw,
b90_sub_heavy_r1,GA,Medium (81-140),90,sub_heavy,128.85,3,20250413,81,BLK_81P,7,TurnOver,3,2025-04-13 15:51:31,2025-04-13 16:03:31,12.0,,공통,raw,
b90_sub_heavy_r1,GA,Medium (81-140),90,sub_heavy,128.85,3,20250413,81,BLK_81P,7,후면SAW,4,2025-04-13 17:02:34,2025-04-13 17:23:07,20.5,,공통,raw,
b90_sub_heavy_r1,GA,Medium (81-140),90,sub_heavy,128.85,3,20250413,81,BLK_81P,7,NC,5,2025-04-13 17:43:18,2025-04-13 18:32:04,48.8,,공통,raw,
b90_sub_heavy_r1,GA,Medium (81-140),90,sub_heavy,128.85,3,20250413,81,BLK_81P,7,베이35A 론지취부,6,2025-04-13 18:38:17,2025-04-13 19:47:47,69.5,35A,베이35A,raw,
b90_sub_heavy_r1,GA,Medium (81-140),90,sub_heavy,128.85,3,20250413,81,BLK_81P,7,베이35A 론지용접,7,2025-04-13 19:47:47,2025-04-13 20:10:59,23.2,35A,베이35A,raw,
b90_sub_heavy_r1,GA,Medium (81-140),90,sub_heavy,128.85,3,20250413,81,BLK_81P,7,베이35A 수정,8,2025-04-13 20:10:59,2025-04-13 20:53:23,42.4,35A,베이35A,raw,
b90_sub_heavy_r1,GA,Medium (81-140),90,sub_heavy,128.85,3,20250413,47,BLK_47P,8,판계,1,2025-04-13 11:28:00,2025-04-13 11:58:00,30.0,,공통,raw,
b90_sub_heavy_r1,GA,Medium (81-140),90,sub_heavy,128.85,3,20250413,47,BLK_47P,8,전면SAW,2,2025-04-13 15:51:31,2025-04-13 18:42:45,171.2,,공통,raw,
b90_sub_heavy_r1,GA,Medium (81-140),90,sub_heavy,128.85,3,20250413,47,BLK_47P,8,TurnOver,3,2025-04-13 18:42:45,2025-04-13 18:54:45,12.0,,공통,raw,
b90_sub_heavy_r1,GA,Medium (81-140),90,sub_heavy,128.85,3,20250413,47,BLK_47P,8,후면SAW,4,2025-04-13 18:54:45,2025-04-13 21:01:52,127.1,,공통,raw,
b90_sub_heavy_r1,GA,Medium (81-140),90,sub_heavy,128.85,3,20250413,47,BLK_47P,8,NC,5,2025-04-13 21:01:52,2025-04-13 22:00:42,58.8,,공통,raw,
b90_sub_heavy_r1,GA,Medium (81-140),90,sub_heavy,128.85,3,20250413,47,BLK_47P,8,베이36B 론지취부,6,2025-04-13 22:00:42,2025-04-13 23:34:42,94.0,36B,베이36B,raw,
b90_sub_heavy_r1,GA,Medium (81-140),90,sub_heavy,128.85,3,20250413,47,BLK_47P,8,베이36B 론지용접,7,2025-04-13 23:34:42,2025-04-14 00:02:06,27.4,36B,베이36B,raw,
b90_sub_heavy_r1,GA,Medium (81-140),90,sub_heavy,128.85,3,20250413,47,BLK_47P,8,베이36B 수정,8,2025-04-14 00:02:06,2025-04-14 00:59:54,57.8,36B,베이36B,raw,
b90_sub_heavy_r1,GA,Medium (81-140),90,sub_heavy,128.85,3,20250413,79,BLK_79P,9,판계,1,2025-04-13 11:58:00,2025-04-13 12:18:00,20.0,,공통,raw,
b90_sub_heavy_r1,GA,Medium (81-140),90,sub_heavy,128.85,3,20250413,79,BLK_79P,9,전면SAW,2,2025-04-13 18:42:45,2025-04-13 19:15:08,32.4,,공통,raw,
b90_sub_heavy_r1,GA,Medium (81-140),90,sub_heavy,128.85,3,20250413,79,BLK_79P,9,TurnOver,3,2025-04-13 19:15:08,2025-04-13 19:27:08,12.0,,공통,raw,
b90_sub_heavy_r1,GA,Medium (81-140),90,sub_heavy,128.85,3,20250413,79,BLK_79P,9,후면SAW,4,2025-04-13 21:01:52,2025-04-13 21:23:21,21.5,,공통,raw,
b90_sub_heavy_r1,GA,Medium (81-140),90,sub_heavy,128.85,3,20250413,79,BLK_79P,9,NC,5,2025-04-13 22:00:42,2025-04-13 22:29:53,29.2,,공통,raw,
b90_sub_heavy_r1,GA,Medium (81-140),90,sub_heavy,128.85,3,20250413,79,BLK_79P,9,베이35A 론지취부,6,2025-04-13 22:29:53,2025-04-13 23:49:53,80.0,35A,베이35A,raw,
b90_sub_heavy_r1,GA,Medium (81-140),90,sub_heavy,128.85,3,20250413,79,BLK_79P,9,베이35A 론지용접,7,2025-04-13 23:49:53,2025-04-14 00:14:53,25.0,35A,베이35A,raw,
b90_sub_heavy_r1,GA,Medium (81-140),90,sub_heavy,128.85,3,20250413,79,BLK_79P,9,베이35A 수정,8,2025-04-14 00:14:53,2025-04-14 01:03:53,49.0,35A,베이35A,raw,
b90_sub_heavy_r1,GA,Medium (81-140),90,sub_heavy,128.85,3,20250413,45,BLK_45C,10,판계,1,2025-04-13 12:18:00,2025-04-13 12:56:00,38.0,,공통,raw,
b90_sub_heavy_r1,GA,Medium (81-140),90,sub_heavy,128.85,3,20250413,45,BLK_45C,10,전면SAW,2,2025-04-13 19:15:08,2025-04-13 20:39:55,84.8,,공통,raw,
b90_sub_heavy_r1,GA,Medium (81-140),90,sub_heavy,128.85,3,20250413,45,BLK_45C,10,TurnOver,3,2025-04-13 20:39:55,2025-04-13 20:51:55,12.0,,공통,raw,
b90_sub_heavy_r1,GA,Medium (81-140),90,sub_heavy,128.85,3,20250413,45,BLK_45C,10,후면SAW,4,2025-04-13 21:23:21,2025-04-13 22:44:13,80.9,,공통,raw,
b90_sub_heavy_r1,GA,Medium (81-140),90,sub_heavy,128.85,3,20250413,45,BLK_45C,10,NC,5,2025-04-13 22:44:13,2025-04-13 23:27:06,42.9,,공통,raw,
b90_sub_heavy_r1,GA,Medium (81-140),90,sub_heavy,128.85,3,20250413,45,BLK_45C,10,베이36B 론지취부,6,2025-04-13 23:34:42,2025-04-14 00:12:42,38.0,36B,베이36B,raw,
b90_sub_heavy_r1,GA,Medium (81-140),90,sub_heavy,128.85,3,20250413,45,BLK_45C,10,베이36B 론지용접,7,2025-04-14 00:12:42,2025-04-14 00:30:30,17.8,36B,베이36B,raw,
b90_sub_heavy_r1,GA,Medium (81-140),90,sub_heavy,128.85,3,20250413,45,BLK_45C,10,베이36B 수정,8,2025-04-14 00:59:54,2025-04-14 01:22:30,22.6,36B,베이36B,raw,
b90_sub_heavy_r1,GA,Medium (81-140),90,sub_heavy,128.85,3,20250414,32,BLK_32S,1,판계,1,2025-04-14 08:00:00,2025-04-14 08:33:00,33.0,,공통,raw,
b90_sub_heavy_r1,GA,Medium (81-140),90,sub_heavy,128.85,3,20250414,32,BLK_32S,1,전면SAW,2,2025-04-14 08:33:00,2025-04-14 10:05:43,92.7,,공통,raw,
b90_sub_heavy_r1,GA,Medium (81-140),90,sub_heavy,128.85,3,20250414,32,BLK_32S,1,TurnOver,3,2025-04-14 10:05:43,2025-04-14 10:17:43,12.0,,공통,raw,
b90_sub_heavy_r1,GA,Medium (81-140),90,sub_heavy,128.85,3,20250414,32,BLK_32S,1,후면SAW,4,2025-04-14 10:17:43,2025-04-14 11:30:01,72.3,,공통,raw,
b90_sub_heavy_r1,GA,Medium (81-140),90,sub_heavy,128.85,3,20250414,32,BLK_32S,1,NC,5,2025-04-14 11:30:01,2025-04-14 12:10:43,40.7,,공통,raw,
b90_sub_heavy_r1,GA,Medium (81-140),90,sub_heavy,128.85,3,20250414,32,BLK_32S,1,베이35A 론지취부,6,2025-04-14 12:10:43,2025-04-14 13:16:43,66.0,35A,베이35A,raw,
b90_sub_heavy_r1,GA,Medium (81-140),90,sub_heavy,128.85,3,20250414,32,BLK_32S,1,베이35A 론지용접,7,2025-04-14 13:16:43,2025-04-14 13:39:19,22.6,35A,베이35A,raw,
b90_sub_heavy_r1,GA,Medium (81-140),90,sub_heavy,128.85,3,20250414,32,BLK_32S,1,베이35A 수정,8,2025-04-14 13:39:19,2025-04-14 14:19:31,40.2,35A,베이35A,raw,
b90_sub_heavy_r1,GA,Medium (81-140),90,sub_heavy,128.85,3,20250414,56,BLK_56P,2,판계,1,2025-04-14 08:33:00,2025-04-14 08:53:00,20.0,,공통,raw,
b90_sub_heavy_r1,GA,Medium (81-140),90,sub_heavy,128.85,3,20250414,56,BLK_56P,2,전면SAW,2,2025-04-14 10:05:43,2025-04-14 10:42:37,36.9,,공통,raw,
b90_sub_heavy_r1,GA,Medium (81-140),90,sub_heavy,128.85,3,20250414,56,BLK_56P,2,TurnOver,3,2025-04-14 10:42:37,2025-04-14 10:54:37,12.0,,공통,raw,
b90_sub_heavy_r1,GA,Medium (81-140),90,sub_heavy,128.85,3,20250414,56,BLK_56P,2,후면SAW,4,2025-04-14 11:30:01,2025-04-14 11:57:28,27.4,,공통,raw,
b90_sub_heavy_r1,GA,Medium (81-140),90,sub_heavy,128.85,3,20250414,56,BLK_56P,2,NC,5,2025-04-14 12:10:43,2025-04-14 12:37:38,26.9,,공통,raw,
b90_sub_heavy_r1,GA,Medium (81-140),90,sub_heavy,128.85,3,20250414,56,BLK_56P,2,베이36B 론지취부,6,2025-04-14 12:37:38,2025-04-14 13:22:38,45.0,36B,베이36B,raw,
b90_sub_heavy_r1,GA,Medium (81-140),90,sub_heavy,128.85,3,20250414,56,BLK_56P,2,베이36B 론지용접,7,2025-04-14 13:22:38,2025-04-14 13:37:38,15.0,36B,베이36B,raw,
b90_sub_heavy_r1,GA,Medium (81-140),90,sub_heavy,128.85,3,20250414,56,BLK_56P,2,베이36B 수정,8,2025-04-14 13:37:38,2025-04-14 14:04:38,27.0,36B,베이36B,raw,
b90_sub_heavy_r1,GA,Medium (81-140),90,sub_heavy,128.85,3,20250414,80,BLK_80S,3,판계,1,2025-04-14 08:53:00,2025-04-14 09:23:00,30.0,,공통,raw,
b90_sub_heavy_r1,GA,Medium (81-140),90,sub_heavy,128.85,3,20250414,80,BLK_80S,3,전면SAW,2,2025-04-14 10:42:37,2025-04-14 11:23:45,41.1,,공통,raw,
b90_sub_heavy_r1,GA,Medium (81-140),90,sub_heavy,128.85,3,20250414,80,BLK_80S,3,TurnOver,3,2025-04-14 11:23:45,2025-04-14 11:35:45,12.0,,공통,raw,
b90_sub_heavy_r1,GA,Medium (81-140),90,sub_heavy,128.85,3,20250414,80,BLK_80S,3,후면SAW,4,2025-04-14 11:57:28,2025-04-14 12:30:27,33.0,,공통,raw,
b90_sub_heavy_r1,GA,Medium (81-140),90,sub_heavy,128.85,3,20250414,80,BLK_80S,3,NC,5,2025-04-14 12:37:38,2025-04-14 13:17:02,39.4,,공통,raw,
b90_sub_heavy_r1,GA,Medium (81-140),90,sub_heavy,128.85,3,20250414,80,BLK_80S,3,베이35A 론지취부,6,2025-04-14 13:17:02,2025-04-14 14:23:02,66.0,35A,베이35A,raw,
b90_sub_heavy_r1,GA,Medium (81-140),90,sub_heavy,128.85,3,20250414,80,BLK_80S,3,베이35A 론지용접,7,2025-04-14 14:23:02,2025-04-14 14:45:38,22.6,35A,베이35A,raw,
b90_sub_heavy_r1,GA,Medium (81-140),90,sub_heavy,128.85,3,20250414,80,BLK_80S,3,베이35A 수정,8,2025-04-14 14:45:38,2025-04-14 15:25:50,40.2,35A,베이35A,raw,
b90_sub_heavy_r1,GA,Medium (81-140),90,sub_heavy,128.85,3,20250414,3,BLK_3C,4,판계,1,2025-04-14 09:23:00,2025-04-14 09:48:00,25.0,,공통,raw,
b90_sub_heavy_r1,GA,Medium (81-140),90,sub_heavy,128.85,3,20250414,3,BLK_3C,4,전면SAW,2,2025-04-14 11:23:45,2025-04-14 11:53:42,29.9,,공통,raw,
b90_sub_heavy_r1,GA,Medium (81-140),90,sub_heavy,128.85,3,20250414,3,BLK_3C,4,TurnOver,3,2025-04-14 11:53:42,2025-04-14 12:05:42,12.0,,공통,raw,
b90_sub_heavy_r1,GA,Medium (81-140),90,sub_heavy,128.85,3,20250414,3,BLK_3C,4,후면SAW,4,2025-04-14 12:30:27,2025-04-14 12:48:45,18.3,,공통,raw,
b90_sub_heavy_r1,GA,Medium (81-140),90,sub_heavy,128.85,3,20250414,3,BLK_3C,4,NC,5,2025-04-14 13:17:02,2025-04-14 13:49:56,32.9,,공통,raw,
b90_sub_heavy_r1,GA,Medium (81-140),90,sub_heavy,128.85,3,20250414,3,BLK_3C,4,베이36B 론지취부,6,2025-04-14 13:49:56,2025-04-14 14:41:56,52.0,36B,베이36B,raw,
b90_sub_heavy_r1,GA,Medium (81-140),90,sub_heavy,128.85,3,20250414,3,BLK_3C,4,베이36B 론지용접,7,2025-04-14 14:41:56,2025-04-14 15:02:08,20.2,36B,베이36B,raw,
b90_sub_heavy_r1,GA,Medium (81-140),90,sub_heavy,128.85,3,20250414,3,BLK_3C,4,베이36B 수정,8,2025-04-14 15:02:08,2025-04-14 15:33:32,31.4,36B,베이36B,raw,
b90_sub_heavy_r1,GA,Medium (81-140),90,sub_heavy,128.85,3,20250414,34,BLK_34S,5,판계,1,2025-04-14 09:48:00,2025-04-14 10:26:00,38.0,,공통,raw,
b90_sub_heavy_r1,GA,Medium (81-140),90,sub_heavy,128.85,3,20250414,34,BLK_34S,5,전면SAW,2,2025-04-14 11:53:42,2025-04-14 13:32:49,99.1,,공통,raw,
b90_sub_heavy_r1,GA,Medium (81-140),90,sub_heavy,128.85,3,20250414,34,BLK_34S,5,TurnOver,3,2025-04-14 13:32:49,2025-04-14 13:44:49,12.0,,공통,raw,
b90_sub_heavy_r1,GA,Medium (81-140),90,sub_heavy,128.85,3,20250414,34,BLK_34S,5,후면SAW,4,2025-04-14 13:44:49,2025-04-14 15:02:58,78.2,,공통,raw,
b90_sub_heavy_r1,GA,Medium (81-140),90,sub_heavy,128.85,3,20250414,34,BLK_34S,5,NC,5,2025-04-14 15:02:58,2025-04-14 15:49:08,46.2,,공통,raw,
b90_sub_heavy_r1,GA,Medium (81-140),90,sub_heavy,128.85,3,20250414,34,BLK_34S,5,베이35A 론지취부,6,2025-04-14 15:49:08,2025-04-14 16:48:08,59.0,35A,베이35A,raw,
b90_sub_heavy_r1,GA,Medium (81-140),90,sub_heavy,128.85,3,20250414,34,BLK_34S,5,베이35A 론지용접,7,2025-04-14 16:48:08,2025-04-14 17:09:32,21.4,35A,베이35A,raw,
b90_sub_heavy_r1,GA,Medium (81-140),90,sub_heavy,128.85,3,20250414,34,BLK_34S,5,베이35A 수정,8,2025-04-14 17:09:32,2025-04-14 17:45:20,35.8,35A,베이35A,raw,
b90_sub_heavy_r1,GA,Medium (81-140),90,sub_heavy,128.85,3,20250414,44,BLK_44C,6,판계,1,2025-04-14 10:26:00,2025-04-14 11:04:00,38.0,,공통,raw,
b90_sub_heavy_r1,GA,Medium (81-140),90,sub_heavy,128.85,3,20250414,44,BLK_44C,6,전면SAW,2,2025-04-14 13:32:49,2025-04-14 14:41:58,69.1,,공통,raw,
b90_sub_heavy_r1,GA,Medium (81-140),90,sub_heavy,128.85,3,20250414,44,BLK_44C,6,TurnOver,3,2025-04-14 14:41:58,2025-04-14 14:53:58,12.0,,공통,raw,
b90_sub_heavy_r1,GA,Medium (81-140),90,sub_heavy,128.85,3,20250414,44,BLK_44C,6,후면SAW,4,2025-04-14 15:02:58,2025-04-14 15:53:46,50.8,,공통,raw,
b90_sub_heavy_r1,GA,Medium (81-140),90,sub_heavy,128.85,3,20250414,44,BLK_44C,6,NC,5,2025-04-14 15:53:46,2025-04-14 16:38:50,45.1,,공통,raw,
b90_sub_heavy_r1,GA,Medium (81-140),90,sub_heavy,128.85,3,20250414,44,BLK_44C,6,베이36B 론지취부,6,2025-04-14 16:38:50,2025-04-14 17:51:50,73.0,36B,베이36B,raw,
b90_sub_heavy_r1,GA,Medium (81-140),90,sub_heavy,128.85,3,20250414,44,BLK_44C,6,베이36B 론지용접,7,2025-04-14 17:51:50,2025-04-14 18:15:38,23.8,36B,베이36B,raw,
b90_sub_heavy_r1,GA,Medium (81-140),90,sub_heavy,128.85,3,20250414,44,BLK_44C,6,베이36B 수정,8,2025-04-14 18:15:38,2025-04-14 19:00:14,44.6,36B,베이36B,raw,
b90_sub_heavy_r1,GA,Medium (81-140),90,sub_heavy,128.85,3,20250414,27,BLK_27C,7,판계,1,2025-04-14 11:04:00,2025-04-14 11:24:00,20.0,,공통,raw,
b90_sub_heavy_r1,GA,Medium (81-140),90,sub_heavy,128.85,3,20250414,27,BLK_27C,7,전면SAW,2,2025-04-14 14:41:58,2025-04-14 17:37:01,175.1,,공통,raw,
b90_sub_heavy_r1,GA,Medium (81-140),90,sub_heavy,128.85,3,20250414,27,BLK_27C,7,TurnOver,3,2025-04-14 17:37:01,2025-04-14 17:49:01,12.0,,공통,raw,
b90_sub_heavy_r1,GA,Medium (81-140),90,sub_heavy,128.85,3,20250414,27,BLK_27C,7,후면SAW,4,2025-04-14 17:49:01,2025-04-14 20:16:22,147.4,,공통,raw,
b90_sub_heavy_r1,GA,Medium (81-140),90,sub_heavy,128.85,3,20250414,27,BLK_27C,7,NC,5,2025-04-14 20:16:22,2025-04-14 20:46:49,30.4,,공통,raw,
b90_sub_heavy_r1,GA,Medium (81-140),90,sub_heavy,128.85,3,20250414,27,BLK_27C,7,베이35A 론지취부,6,2025-04-14 20:46:49,2025-04-14 21:49:19,62.5,35A,베이35A,raw,
b90_sub_heavy_r1,GA,Medium (81-140),90,sub_heavy,128.85,3,20250414,27,BLK_27C,7,베이35A 론지용접,7,2025-04-14 21:49:19,2025-04-14 22:11:19,22.0,35A,베이35A,raw,
b90_sub_heavy_r1,GA,Medium (81-140),90,sub_heavy,128.85,3,20250414,27,BLK_27C,7,베이35A 수정,8,2025-04-14 22:11:19,2025-04-14 22:49:19,38.0,35A,베이35A,raw,
b90_sub_heavy_r1,GA,Medium (81-140),90,sub_heavy,128.85,3,20250414,55,BLK_55C,8,판계,1,2025-04-14 11:24:00,2025-04-14 11:54:00,30.0,,공통,raw,
b90_sub_heavy_r1,GA,Medium (81-140),90,sub_heavy,128.85,3,20250414,55,BLK_55C,8,전면SAW,2,2025-04-14 17:37:01,2025-04-14 18:05:54,28.9,,공통,raw,
b90_sub_heavy_r1,GA,Medium (81-140),90,sub_heavy,128.85,3,20250414,55,BLK_55C,8,TurnOver,3,2025-04-14 18:05:54,2025-04-14 18:17:54,12.0,,공통,raw,
b90_sub_heavy_r1,GA,Medium (81-140),90,sub_heavy,128.85,3,20250414,55,BLK_55C,8,후면SAW,4,2025-04-14 20:16:22,2025-04-14 20:33:16,16.9,,공통,raw,
b90_sub_heavy_r1,GA,Medium (81-140),90,sub_heavy,128.85,3,20250414,55,BLK_55C,8,NC,5,2025-04-14 20:46:49,2025-04-14 21:28:39,41.8,,공통,raw,
b90_sub_heavy_r1,GA,Medium (81-140),90,sub_heavy,128.85,3,20250414,55,BLK_55C,8,베이36B 론지취부,6,2025-04-14 21:28:39,2025-04-14 22:27:39,59.0,36B,베이36B,raw,
b90_sub_heavy_r1,GA,Medium (81-140),90,sub_heavy,128.85,3,20250414,55,BLK_55C,8,베이36B 론지용접,7,2025-04-14 22:27:39,2025-04-14 22:49:03,21.4,36B,베이36B,raw,
b90_sub_heavy_r1,GA,Medium (81-140),90,sub_heavy,128.85,3,20250414,55,BLK_55C,8,베이36B 수정,8,2025-04-14 22:49:03,2025-04-14 23:24:51,35.8,36B,베이36B,raw,
b90_sub_heavy_r1,GA,Medium (81-140),90,sub_heavy,128.85,3,20250414,51,BLK_51S,9,판계,1,2025-04-14 11:54:00,2025-04-14 12:19:00,25.0,,공통,raw,
b90_sub_heavy_r1,GA,Medium (81-140),90,sub_heavy,128.85,3,20250414,51,BLK_51S,9,전면SAW,2,2025-04-14 18:05:54,2025-04-14 18:43:16,37.4,,공통,raw,
b90_sub_heavy_r1,GA,Medium (81-140),90,sub_heavy,128.85,3,20250414,51,BLK_51S,9,TurnOver,3,2025-04-14 18:43:16,2025-04-14 18:55:16,12.0,,공통,raw,
b90_sub_heavy_r1,GA,Medium (81-140),90,sub_heavy,128.85,3,20250414,51,BLK_51S,9,후면SAW,4,2025-04-14 20:33:16,2025-04-14 21:01:18,28.0,,공통,raw,
b90_sub_heavy_r1,GA,Medium (81-140),90,sub_heavy,128.85,3,20250414,51,BLK_51S,9,NC,5,2025-04-14 21:28:39,2025-04-14 22:06:42,38.0,,공통,raw,
b90_sub_heavy_r1,GA,Medium (81-140),90,sub_heavy,128.85,3,20250414,51,BLK_51S,9,베이35A 론지취부,6,2025-04-14 22:06:42,2025-04-14 22:55:12,48.5,35A,베이35A,raw,
b90_sub_heavy_r1,GA,Medium (81-140),90,sub_heavy,128.85,3,20250414,51,BLK_51S,9,베이35A 론지용접,7,2025-04-14 22:55:12,2025-04-14 23:14:48,19.6,35A,베이35A,raw,
b90_sub_heavy_r1,GA,Medium (81-140),90,sub_heavy,128.85,3,20250414,51,BLK_51S,9,베이35A 수정,8,2025-04-14 23:14:48,2025-04-14 23:44:00,29.2,35A,베이35A,raw,
b90_sub_heavy_r1,GA,Medium (81-140),90,sub_heavy,128.85,3,20250414,36,BLK_36C,10,판계,1,2025-04-14 12:19:00,2025-04-14 12:31:00,12.0,,공통,raw,
b90_sub_heavy_r1,GA,Medium (81-140),90,sub_heavy,128.85,3,20250414,36,BLK_36C,10,전면SAW,2,2025-04-14 18:43:16,2025-04-14 19:19:20,36.1,,공통,raw,
b90_sub_heavy_r1,GA,Medium (81-140),90,sub_heavy,128.85,3,20250414,36,BLK_36C,10,TurnOver,3,2025-04-14 19:19:20,2025-04-14 19:31:20,12.0,,공통,raw,
b90_sub_heavy_r1,GA,Medium (81-140),90,sub_heavy,128.85,3,20250414,36,BLK_36C,10,후면SAW,4,2025-04-14 21:01:18,2025-04-14 21:27:38,26.3,,공통,raw,
b90_sub_heavy_r1,GA,Medium (81-140),90,sub_heavy,128.85,3,20250414,36,BLK_36C,10,NC,5,2025-04-14 22:06:42,2025-04-14 22:26:48,20.1,,공통,raw,
b90_sub_heavy_r1,GA,Medium (81-140),90,sub_heavy,128.85,3,20250414,36,BLK_36C,10,베이36B 론지취부,6,2025-04-14 22:27:39,2025-04-14 23:08:58,41.3,36B,베이36B,raw,
b90_sub_heavy_r1,GA,Medium (81-140),90,sub_heavy,128.85,3,20250414,36,BLK_36C,10,베이36B 론지용접,7,2025-04-14 23:08:58,2025-04-14 23:25:46,16.8,36B,베이36B,raw,
b90_sub_heavy_r1,GA,Medium (81-140),90,sub_heavy,128.85,3,20250414,36,BLK_36C,10,베이36B 수정,8,2025-04-14 23:25:46,2025-04-14 23:43:58,18.2,36B,베이36B,raw,
b90_sub_heavy_r1,GA,Medium (81-140),90,sub_heavy,128.85,3,20250414,43,BLK_43C,11,판계,1,2025-04-14 12:31:00,2025-04-14 13:01:00,30.0,,공통,raw,
b90_sub_heavy_r1,GA,Medium (81-140),90,sub_heavy,128.85,3,20250414,43,BLK_43C,11,전면SAW,2,2025-04-14 19:19:20,2025-04-14 19:52:24,33.1,,공통,raw,
b90_sub_heavy_r1,GA,Medium (81-140),90,sub_heavy,128.85,3,20250414,43,BLK_43C,11,TurnOver,3,2025-04-14 19:52:24,2025-04-14 20:04:24,12.0,,공통,raw,
b90_sub_heavy_r1,GA,Medium (81-140),90,sub_heavy,128.85,3,20250414,43,BLK_43C,11,후면SAW,4,2025-04-14 21:27:38,2025-04-14 21:50:01,22.4,,공통,raw,
b90_sub_heavy_r1,GA,Medium (81-140),90,sub_heavy,128.85,3,20250414,43,BLK_43C,11,NC,5,2025-04-14 22:26:48,2025-04-14 23:09:34,42.8,,공통,raw,
b90_sub_heavy_r1,GA,Medium (81-140),90,sub_heavy,128.85,3,20250414,43,BLK_43C,11,베이35A 론지취부,6,2025-04-14 23:09:34,2025-04-15 00:15:34,66.0,35A,베이35A,raw,
b90_sub_heavy_r1,GA,Medium (81-140),90,sub_heavy,128.85,3,20250414,43,BLK_43C,11,베이35A 론지용접,7,2025-04-15 00:15:34,2025-04-15 00:38:10,22.6,35A,베이35A,raw,
b90_sub_heavy_r1,GA,Medium (81-140),90,sub_heavy,128.85,3,20250414,43,BLK_43C,11,베이35A 수정,8,2025-04-15 00:38:10,2025-04-15 01:18:22,40.2,35A,베이35A,raw,
b90_sub_heavy_r1,GA,Medium (81-140),90,sub_heavy,128.85,3,20250414,19,BLK_19S,12,판계,1,2025-04-14 13:01:00,2025-04-14 13:36:00,35.0,,공통,raw,
b90_sub_heavy_r1,GA,Medium (81-140),90,sub_heavy,128.85,3,20250414,19,BLK_19S,12,전면SAW,2,2025-04-14 19:52:24,2025-04-14 22:20:57,148.6,,공통,raw,
b90_sub_heavy_r1,GA,Medium (81-140),90,sub_heavy,128.85,3,20250414,19,BLK_19S,12,TurnOver,3,2025-04-14 22:20:57,2025-04-14 22:32:57,12.0,,공통,raw,
b90_sub_heavy_r1,GA,Medium (81-140),90,sub_heavy,128.85,3,20250414,19,BLK_19S,12,후면SAW,4,2025-04-14 22:32:57,2025-04-15 00:19:30,106.5,,공통,raw,
b90_sub_heavy_r1,GA,Medium (81-140),90,sub_heavy,128.85,3,20250414,19,BLK_19S,12,NC,5,2025-04-15 00:19:30,2025-04-15 01:01:25,41.9,,공통,raw,
b90_sub_heavy_r1,GA,Medium (81-140),90,sub_heavy,128.85,3,20250414,19,BLK_19S,12,베이36B 론지취부,6,2025-04-15 01:01:25,2025-04-15 02:00:25,59.0,36B,베이36B,raw,
b90_sub_heavy_r1,GA,Medium (81-140),90,sub_heavy,128.85,3,20250414,19,BLK_19S,12,베이36B 론지용접,7,2025-04-15 02:00:25,2025-04-15 02:21:49,21.4,36B,베이36B,raw,
b90_sub_heavy_r1,GA,Medium (81-140),90,sub_heavy,128.85,3,20250414,19,BLK_19S,12,베이36B 수정,8,2025-04-15 02:21:49,2025-04-15 02:57:37,35.8,36B,베이36B,raw,
b90_sub_heavy_r1,GA,Medium (81-140),90,sub_heavy,128.85,3,20250414,48,BLK_48S,13,판계,1,2025-04-14 13:36:00,2025-04-14 13:56:00,20.0,,공통,raw,
b90_sub_heavy_r1,GA,Medium (81-140),90,sub_heavy,128.85,3,20250414,48,BLK_48S,13,전면SAW,2,2025-04-14 22:20:57,2025-04-14 23:10:21,49.4,,공통,raw,
b90_sub_heavy_r1,GA,Medium (81-140),90,sub_heavy,128.85,3,20250414,48,BLK_48S,13,TurnOver,3,2025-04-14 23:10:21,2025-04-14 23:22:21,12.0,,공통,raw,
b90_sub_heavy_r1,GA,Medium (81-140),90,sub_heavy,128.85,3,20250414,48,BLK_48S,13,후면SAW,4,2025-04-15 00:19:30,2025-04-15 01:03:23,43.9,,공통,raw,
b90_sub_heavy_r1,GA,Medium (81-140),90,sub_heavy,128.85,3,20250414,48,BLK_48S,13,NC,5,2025-04-15 01:03:23,2025-04-15 01:33:57,30.6,,공통,raw,
b90_sub_heavy_r1,GA,Medium (81-140),90,sub_heavy,128.85,3,20250414,48,BLK_48S,13,베이35A 론지취부,6,2025-04-15 01:33:57,2025-04-15 02:50:27,76.5,35A,베이35A,raw,
b90_sub_heavy_r1,GA,Medium (81-140),90,sub_heavy,128.85,3,20250414,48,BLK_48S,13,베이35A 론지용접,7,2025-04-15 02:50:27,2025-04-15 03:14:51,24.4,35A,베이35A,raw,
b90_sub_heavy_r1,GA,Medium (81-140),90,sub_heavy,128.85,3,20250414,48,BLK_48S,13,베이35A 수정,8,2025-04-15 03:14:51,2025-04-15 04:01:39,46.8,35A,베이35A,raw,
b90_sub_heavy_r1,GA,Medium (81-140),90,sub_heavy,128.85,3,20250414,4,BLK_4C,14,판계,1,2025-04-14 13:56:00,2025-04-14 14:29:00,33.0,,공통,raw,
b90_sub_heavy_r1,GA,Medium (81-140),90,sub_heavy,128.85,3,20250414,4,BLK_4C,14,전면SAW,2,2025-04-14 23:10:21,2025-04-15 00:54:10,103.8,,공통,raw,
b90_sub_heavy_r1,GA,Medium (81-140),90,sub_heavy,128.85,3,20250414,4,BLK_4C,14,TurnOver,3,2025-04-15 00:54:10,2025-04-15 01:06:10,12.0,,공통,raw,
b90_sub_heavy_r1,GA,Medium (81-140),90,sub_heavy,128.85,3,20250414,4,BLK_4C,14,후면SAW,4,2025-04-15 01:06:10,2025-04-15 02:28:36,82.4,,공통,raw,
b90_sub_heavy_r1,GA,Medium (81-140),90,sub_heavy,128.85,3,20250414,4,BLK_4C,14,NC,5,2025-04-15 02:28:36,2025-04-15 03:07:16,38.7,,공통,raw,
b90_sub_heavy_r1,GA,Medium (81-140),90,sub_heavy,128.85,3,20250414,4,BLK_4C,14,베이36B 론지취부,6,2025-04-15 03:07:16,2025-04-15 04:02:46,55.5,36B,베이36B,raw,
b90_sub_heavy_r1,GA,Medium (81-140),90,sub_heavy,128.85,3,20250414,4,BLK_4C,14,베이36B 론지용접,7,2025-04-15 04:02:46,2025-04-15 04:23:34,20.8,36B,베이36B,raw,
b90_sub_heavy_r1,GA,Medium (81-140),90,sub_heavy,128.85,3,20250414,4,BLK_4C,14,베이36B 수정,8,2025-04-15 04:23:34,2025-04-15 04:57:10,33.6,36B,베이36B,raw,
b90_sub_heavy_r1,GA,Medium (81-140),90,sub_heavy,128.85,3,20250414,22,BLK_22P,15,판계,1,2025-04-14 14:29:00,2025-04-14 14:57:00,28.0,,공통,raw,
b90_sub_heavy_r1,GA,Medium (81-140),90,sub_heavy,128.85,3,20250414,22,BLK_22P,15,전면SAW,2,2025-04-15 00:54:10,2025-04-15 02:50:36,116.4,,공통,raw,
b90_sub_heavy_r1,GA,Medium (81-140),90,sub_heavy,128.85,3,20250414,22,BLK_22P,15,TurnOver,3,2025-04-15 02:50:36,2025-04-15 03:02:36,12.0,,공통,raw,
b90_sub_heavy_r1,GA,Medium (81-140),90,sub_heavy,128.85,3,20250414,22,BLK_22P,15,후면SAW,4,2025-04-15 03:02:36,2025-04-15 05:00:22,117.8,,공통,raw,
b90_sub_heavy_r1,GA,Medium (81-140),90,sub_heavy,128.85,3,20250414,22,BLK_22P,15,NC,5,2025-04-15 05:00:22,2025-04-15 05:34:34,34.2,,공통,raw,
b90_sub_heavy_r1,GA,Medium (81-140),90,sub_heavy,128.85,3,20250414,22,BLK_22P,15,베이35A 론지취부,6,2025-04-15 05:34:34,2025-04-15 06:23:04,48.5,35A,베이35A,raw,
b90_sub_heavy_r1,GA,Medium (81-140),90,sub_heavy,128.85,3,20250414,22,BLK_22P,15,베이35A 론지용접,7,2025-04-15 06:23:04,2025-04-15 06:42:40,19.6,35A,베이35A,raw,
b90_sub_heavy_r1,GA,Medium (81-140),90,sub_heavy,128.85,3,20250414,22,BLK_22P,15,베이35A 수정,8,2025-04-15 06:42:40,2025-04-15 07:11:52,29.2,35A,베이35A,raw,
b90_sub_heavy_r1,GA,Medium (81-140),90,sub_heavy,128.85,3,20250414,39,BLK_39C,16,판계,1,2025-04-14 14:57:00,2025-04-14 15:09:00,12.0,,공통,raw,
b90_sub_heavy_r1,GA,Medium (81-140),90,sub_heavy,128.85,3,20250414,39,BLK_39C,16,전면SAW,2,2025-04-15 02:50:36,2025-04-15 03:35:21,44.8,,공통,raw,
b90_sub_heavy_r1,GA,Medium (81-140),90,sub_heavy,128.85,3,20250414,39,BLK_39C,16,TurnOver,3,2025-04-15 03:35:21,2025-04-15 03:47:21,12.0,,공통,raw,
b90_sub_heavy_r1,GA,Medium (81-140),90,sub_heavy,128.85,3,20250414,39,BLK_39C,16,후면SAW,4,2025-04-15 05:00:22,2025-04-15 05:38:07,37.8,,공통,raw,
b90_sub_heavy_r1,GA,Medium (81-140),90,sub_heavy,128.85,3,20250414,39,BLK_39C,16,NC,5,2025-04-15 05:38:07,2025-04-15 06:01:19,23.2,,공통,raw,
b90_sub_heavy_r1,GA,Medium (81-140),90,sub_heavy,128.85,3,20250414,39,BLK_39C,16,베이36B 론지취부,6,2025-04-15 06:01:19,2025-04-15 06:56:49,55.5,36B,베이36B,raw,
b90_sub_heavy_r1,GA,Medium (81-140),90,sub_heavy,128.85,3,20250414,39,BLK_39C,16,베이36B 론지용접,7,2025-04-15 06:56:49,2025-04-15 07:17:37,20.8,36B,베이36B,raw,
b90_sub_heavy_r1,GA,Medium (81-140),90,sub_heavy,128.85,3,20250414,39,BLK_39C,16,베이36B 수정,8,2025-04-15 07:17:37,2025-04-15 07:51:13,33.6,36B,베이36B,raw,
b90_sub_heavy_r1,GA,Medium (81-140),90,sub_heavy,128.85,3,20250414,50,BLK_50P,17,판계,1,2025-04-14 15:09:00,2025-04-14 15:47:00,38.0,,공통,raw,
b90_sub_heavy_r1,GA,Medium (81-140),90,sub_heavy,128.85,3,20250414,50,BLK_50P,17,전면SAW,2,2025-04-15 03:35:21,2025-04-15 05:05:22,90.0,,공통,raw,
b90_sub_heavy_r1,GA,Medium (81-140),90,sub_heavy,128.85,3,20250414,50,BLK_50P,17,TurnOver,3,2025-04-15 05:05:22,2025-04-15 05:17:22,12.0,,공통,raw,
b90_sub_heavy_r1,GA,Medium (81-140),90,sub_heavy,128.85,3,20250414,50,BLK_50P,17,후면SAW,4,2025-04-15 05:38:07,2025-04-15 06:47:57,69.8,,공통,raw,
b90_sub_heavy_r1,GA,Medium (81-140),90,sub_heavy,128.85,3,20250414,50,BLK_50P,17,NC,5,2025-04-15 06:47:57,2025-04-15 07:32:56,45.0,,공통,raw,
b90_sub_heavy_r1,GA,Medium (81-140),90,sub_heavy,128.85,3,20250414,50,BLK_50P,17,베이35A 론지취부,6,2025-04-15 07:32:56,2025-04-15 08:42:26,69.5,35A,베이35A,raw,
b90_sub_heavy_r1,GA,Medium (81-140),90,sub_heavy,128.85,3,20250414,50,BLK_50P,17,베이35A 론지용접,7,2025-04-15 08:42:26,2025-04-15 09:05:38,23.2,35A,베이35A,raw,
b90_sub_heavy_r1,GA,Medium (81-140),90,sub_heavy,128.85,3,20250414,50,BLK_50P,17,베이35A 수정,8,2025-04-15 09:05:38,2025-04-15 09:48:02,42.4,35A,베이35A,raw,
b90_sub_heavy_r1,GA,Medium (81-140),90,sub_heavy,128.85,3,20250414,15,BLK_15P,18,판계,1,2025-04-14 15:47:00,2025-04-14 16:17:00,30.0,,공통,raw,
b90_sub_heavy_r1,GA,Medium (81-140),90,sub_heavy,128.85,3,20250414,15,BLK_15P,18,전면SAW,2,2025-04-15 05:05:22,2025-04-15 05:36:07,30.8,,공통,raw,
b90_sub_heavy_r1,GA,Medium (81-140),90,sub_heavy,128.85,3,20250414,15,BLK_15P,18,TurnOver,3,2025-04-15 05:36:07,2025-04-15 05:48:07,12.0,,공통,raw,
b90_sub_heavy_r1,GA,Medium (81-140),90,sub_heavy,128.85,3,20250414,15,BLK_15P,18,후면SAW,4,2025-04-15 06:47:57,2025-04-15 07:07:18,19.4,,공통,raw,
b90_sub_heavy_r1,GA,Medium (81-140),90,sub_heavy,128.85,3,20250414,15,BLK_15P,18,NC,5,2025-04-15 07:32:56,2025-04-15 08:21:35,48.6,,공통,raw,
b90_sub_heavy_r1,GA,Medium (81-140),90,sub_heavy,128.85,3,20250414,15,BLK_15P,18,베이36B 론지취부,6,2025-04-15 08:21:35,2025-04-15 09:31:05,69.5,36B,베이36B,raw,
b90_sub_heavy_r1,GA,Medium (81-140),90,sub_heavy,128.85,3,20250414,15,BLK_15P,18,베이36B 론지용접,7,2025-04-15 09:31:05,2025-04-15 09:54:17,23.2,36B,베이36B,raw,
b90_sub_heavy_r1,GA,Medium (81-140),90,sub_heavy,128.85,3,20250414,15,BLK_15P,18,베이36B 수정,8,2025-04-15 09:54:17,2025-04-15 10:36:41,42.4,36B,베이36B,raw,
b90_sub_heavy_r1,GA,Medium (81-140),90,sub_heavy,128.85,3,20250414,40,BLK_40C,19,판계,1,2025-04-14 16:17:00,2025-04-14 16:47:00,30.0,,공통,raw,
b90_sub_heavy_r1,GA,Medium (81-140),90,sub_heavy,128.85,3,20250414,40,BLK_40C,19,전면SAW,2,2025-04-15 05:36:07,2025-04-15 06:11:25,35.3,,공통,raw,
b90_sub_heavy_r1,GA,Medium (81-140),90,sub_heavy,128.85,3,20250414,40,BLK_40C,19,TurnOver,3,2025-04-15 06:11:25,2025-04-15 06:23:25,12.0,,공통,raw,
b90_sub_heavy_r1,GA,Medium (81-140),90,sub_heavy,128.85,3,20250414,40,BLK_40C,19,후면SAW,4,2025-04-15 07:07:18,2025-04-15 07:32:37,25.3,,공통,raw,
b90_sub_heavy_r1,GA,Medium (81-140),90,sub_heavy,128.85,3,20250414,40,BLK_40C,19,NC,5,2025-04-15 08:21:35,2025-04-15 09:06:01,44.4,,공통,raw,
b90_sub_heavy_r1,GA,Medium (81-140),90,sub_heavy,128.85,3,20250414,40,BLK_40C,19,베이35A 론지취부,6,2025-04-15 09:06:01,2025-04-15 10:33:01,87.0,35A,베이35A,raw,
b90_sub_heavy_r1,GA,Medium (81-140),90,sub_heavy,128.85,3,20250414,40,BLK_40C,19,베이35A 론지용접,7,2025-04-15 10:33:01,2025-04-15 10:59:13,26.2,35A,베이35A,raw,
b90_sub_heavy_r1,GA,Medium (81-140),90,sub_heavy,128.85,3,20250414,40,BLK_40C,19,베이35A 수정,8,2025-04-15 10:59:13,2025-04-15 11:52:37,53.4,35A,베이35A,raw,
b90_sub_heavy_r1,GA,Medium (81-140),90,sub_heavy,128.85,3,20250414,70,BLK_70C,20,판계,1,2025-04-14 16:47:00,2025-04-14 17:20:00,33.0,,공통,raw,
b90_sub_heavy_r1,GA,Medium (81-140),90,sub_heavy,128.85,3,20250414,70,BLK_70C,20,전면SAW,2,2025-04-15 06:11:25,2025-04-15 07:42:51,91.4,,공통,raw,
b90_sub_heavy_r1,GA,Medium (81-140),90,sub_heavy,128.85,3,20250414,70,BLK_70C,20,TurnOver,3,2025-04-15 07:42:51,2025-04-15 07:54:51,12.0,,공통,raw,
b90_sub_heavy_r1,GA,Medium (81-140),90,sub_heavy,128.85,3,20250414,70,BLK_70C,20,후면SAW,4,2025-04-15 07:54:51,2025-04-15 09:05:59,71.1,,공통,raw,
b90_sub_heavy_r1,GA,Medium (81-140),90,sub_heavy,128.85,3,20250414,70,BLK_70C,20,NC,5,2025-04-15 09:06:01,2025-04-15 09:44:31,38.5,,공통,raw,
b90_sub_heavy_r1,GA,Medium (81-140),90,sub_heavy,128.85,3,20250414,70,BLK_70C,20,베이36B 론지취부,6,2025-04-15 09:44:31,2025-04-15 10:36:31,52.0,36B,베이36B,raw,
b90_sub_heavy_r1,GA,Medium (81-140),90,sub_heavy,128.85,3,20250414,70,BLK_70C,20,베이36B 론지용접,7,2025-04-15 10:36:31,2025-04-15 10:56:43,20.2,36B,베이36B,raw,
b90_sub_heavy_r1,GA,Medium (81-140),90,sub_heavy,128.85,3,20250414,70,BLK_70C,20,베이36B 수정,8,2025-04-15 10:56:43,2025-04-15 11:28:07,31.4,36B,베이36B,raw,
b90_sub_heavy_r1,GA,Medium (81-140),90,sub_heavy,128.85,3,20250414,21,BLK_21S,21,판계,1,2025-04-14 17:20:00,2025-04-14 17:45:00,25.0,,공통,raw,
b90_sub_heavy_r1,GA,Medium (81-140),90,sub_heavy,128.85,3,20250414,21,BLK_21S,21,전면SAW,2,2025-04-15 07:42:51,2025-04-15 08:15:12,32.4,,공통,raw,
b90_sub_heavy_r1,GA,Medium (81-140),90,sub_heavy,128.85,3,20250414,21,BLK_21S,21,TurnOver,3,2025-04-15 08:15:12,2025-04-15 08:27:12,12.0,,공통,raw,
b90_sub_heavy_r1,GA,Medium (81-140),90,sub_heavy,128.85,3,20250414,21,BLK_21S,21,후면SAW,4,2025-04-15 09:05:59,2025-04-15 09:27:26,21.4,,공통,raw,
b90_sub_heavy_r1,GA,Medium (81-140),90,sub_heavy,128.85,3,20250414,21,BLK_21S,21,NC,5,2025-04-15 09:44:31,2025-04-15 10:19:58,35.5,,공통,raw,
b90_sub_heavy_r1,GA,Medium (81-140),90,sub_heavy,128.85,3,20250414,21,BLK_21S,21,베이35A 론지취부,6,2025-04-15 10:33:01,2025-04-15 11:32:01,59.0,35A,베이35A,raw,
b90_sub_heavy_r1,GA,Medium (81-140),90,sub_heavy,128.85,3,20250414,21,BLK_21S,21,베이35A 론지용접,7,2025-04-15 11:32:01,2025-04-15 11:53:25,21.4,35A,베이35A,raw,
b90_sub_heavy_r1,GA,Medium (81-140),90,sub_heavy,128.85,3,20250414,21,BLK_21S,21,베이35A 수정,8,2025-04-15 11:53:25,2025-04-15 12:29:13,35.8,35A,베이35A,raw,
b90_sub_heavy_r1,GA,Medium (81-140),90,sub_heavy,128.85,3,20250414,14,BLK_14C,22,판계,1,2025-04-14 17:45:00,2025-04-14 18:18:00,33.0,,공통,raw,
b90_sub_heavy_r1,GA,Medium (81-140),90,sub_heavy,128.85,3,20250414,14,BLK_14C,22,전면SAW,2,2025-04-15 08:15:12,2025-04-15 09:56:22,101.2,,공통,raw,
b90_sub_heavy_r1,GA,Medium (81-140),90,sub_heavy,128.85,3,20250414,14,BLK_14C,22,TurnOver,3,2025-04-15 09:56:22,2025-04-15 10:08:22,12.0,,공통,raw,
b90_sub_heavy_r1,GA,Medium (81-140),90,sub_heavy,128.85,3,20250414,14,BLK_14C,22,후면SAW,4,2025-04-15 10:08:22,2025-04-15 11:28:21,80.0,,공통,raw,
b90_sub_heavy_r1,GA,Medium (81-140),90,sub_heavy,128.85,3,20250414,14,BLK_14C,22,NC,5,2025-04-15 11:28:21,2025-04-15 12:11:04,42.7,,공통,raw,
b90_sub_heavy_r1,GA,Medium (81-140),90,sub_heavy,128.85,3,20250414,14,BLK_14C,22,베이36B 론지취부,6,2025-04-15 12:11:04,2025-04-15 13:31:04,80.0,36B,베이36B,raw,
b90_sub_heavy_r1,GA,Medium (81-140),90,sub_heavy,128.85,3,20250414,14,BLK_14C,22,베이36B 론지용접,7,2025-04-15 13:31:04,2025-04-15 13:56:04,25.0,36B,베이36B,raw,
b90_sub_heavy_r1,GA,Medium (81-140),90,sub_heavy,128.85,3,20250414,14,BLK_14C,22,베이36B 수정,8,2025-04-15 13:56:04,2025-04-15 14:45:04,49.0,36B,베이36B,raw,
b90_sub_heavy_r1,GA,Medium (81-140),90,sub_heavy,128.85,3,20250415,2,BLK_2C,1,판계,1,2025-04-15 08:00:00,2025-04-15 08:45:00,45.0,,공통,raw,
b90_sub_heavy_r1,GA,Medium (81-140),90,sub_heavy,128.85,3,20250415,2,BLK_2C,1,전면SAW,2,2025-04-15 09:56:22,2025-04-15 12:25:24,149.0,,공통,raw,
b90_sub_heavy_r1,GA,Medium (81-140),90,sub_heavy,128.85,3,20250415,2,BLK_2C,1,TurnOver,3,2025-04-15 12:25:24,2025-04-15 12:37:24,12.0,,공통,raw,
b90_sub_heavy_r1,GA,Medium (81-140),90,sub_heavy,128.85,3,20250415,2,BLK_2C,1,후면SAW,4,2025-04-15 12:37:24,2025-04-15 14:26:44,109.3,,공통,raw,
b90_sub_heavy_r1,GA,Medium (81-140),90,sub_heavy,128.85,3,20250415,2,BLK_2C,1,NC,5,2025-04-15 14:26:44,2025-04-15 15:18:58,52.2,,공통,raw,
b90_sub_heavy_r1,GA,Medium (81-140),90,sub_heavy,128.85,3,20250415,2,BLK_2C,1,베이35A 론지취부,6,2025-04-15 15:18:58,2025-04-15 16:14:28,55.5,35A,베이35A,raw,
b90_sub_heavy_r1,GA,Medium (81-140),90,sub_heavy,128.85,3,20250415,2,BLK_2C,1,베이35A 론지용접,7,2025-04-15 16:14:28,2025-04-15 16:35:16,20.8,35A,베이35A,raw,
b90_sub_heavy_r1,GA,Medium (81-140),90,sub_heavy,128.85,3,20250415,2,BLK_2C,1,베이35A 수정,8,2025-04-15 16:35:16,2025-04-15 17:08:52,33.6,35A,베이35A,raw,
b90_sub_heavy_r1,GA,Medium (81-140),90,sub_heavy,128.85,3,20250415,11,BLK_11S,2,판계,1,2025-04-15 08:45:00,2025-04-15 09:37:00,52.0,,공통,raw,
b90_sub_heavy_r1,GA,Medium (81-140),90,sub_heavy,128.85,3,20250415,11,BLK_11S,2,전면SAW,2,2025-04-15 12:25:24,2025-04-15 14:23:43,118.3,,공통,raw,
b90_sub_heavy_r1,GA,Medium (81-140),90,sub_heavy,128.85,3,20250415,11,BLK_11S,2,TurnOver,3,2025-04-15 14:23:43,2025-04-15 14:35:43,12.0,,공통,raw,
b90_sub_heavy_r1,GA,Medium (81-140),90,sub_heavy,128.85,3,20250415,11,BLK_11S,2,후면SAW,4,2025-04-15 14:35:43,2025-04-15 16:15:12,99.5,,공통,raw,
b90_sub_heavy_r1,GA,Medium (81-140),90,sub_heavy,128.85,3,20250415,11,BLK_11S,2,NC,5,2025-04-15 16:15:12,2025-04-15 17:26:18,71.1,,공통,raw,
b90_sub_heavy_r1,GA,Medium (81-140),90,sub_heavy,128.85,3,20250415,11,BLK_11S,2,베이36B 론지취부,6,2025-04-15 17:26:18,2025-04-15 19:14:18,108.0,36B,베이36B,raw,
b90_sub_heavy_r1,GA,Medium (81-140),90,sub_heavy,128.85,3,20250415,11,BLK_11S,2,베이36B 론지용접,7,2025-04-15 19:14:18,2025-04-15 19:44:06,29.8,36B,베이36B,raw,
b90_sub_heavy_r1,GA,Medium (81-140),90,sub_heavy,128.85,3,20250415,11,BLK_11S,2,베이36B 수정,8,2025-04-15 19:44:06,2025-04-15 20:50:42,66.6,36B,베이36B,raw,
b90_sub_heavy_r1,GA,Medium (81-140),90,sub_heavy,128.85,3,20250415,24,BLK_24S,3,판계,1,2025-04-15 09:37:00,2025-04-15 10:02:00,25.0,,공통,raw,
b90_sub_heavy_r1,GA,Medium (81-140),90,sub_heavy,128.85,3,20250415,24,BLK_24S,3,전면SAW,2,2025-04-15 14:23:43,2025-04-15 14:53:39,29.9,,공통,raw,
b90_sub_heavy_r1,GA,Medium (81-140),90,sub_heavy,128.85,3,20250415,24,BLK_24S,3,TurnOver,3,2025-04-15 14:53:39,2025-04-15 15:05:39,12.0,,공통,raw,
b90_sub_heavy_r1,GA,Medium (81-140),90,sub_heavy,128.85,3,20250415,24,BLK_24S,3,후면SAW,4,2025-04-15 16:15:12,2025-04-15 16:33:28,18.3,,공통,raw,
b90_sub_heavy_r1,GA,Medium (81-140),90,sub_heavy,128.85,3,20250415,24,BLK_24S,3,NC,5,2025-04-15 17:26:18,2025-04-15 18:01:08,34.8,,공통,raw,
b90_sub_heavy_r1,GA,Medium (81-140),90,sub_heavy,128.85,3,20250415,24,BLK_24S,3,베이35A 론지취부,6,2025-04-15 18:01:08,2025-04-15 18:56:38,55.5,35A,베이35A,raw,
b90_sub_heavy_r1,GA,Medium (81-140),90,sub_heavy,128.85,3,20250415,24,BLK_24S,3,베이35A 론지용접,7,2025-04-15 18:56:38,2025-04-15 19:17:26,20.8,35A,베이35A,raw,
b90_sub_heavy_r1,GA,Medium (81-140),90,sub_heavy,128.85,3,20250415,24,BLK_24S,3,베이35A 수정,8,2025-04-15 19:17:26,2025-04-15 19:51:02,33.6,35A,베이35A,raw,
b90_sub_heavy_r1,GA,Medium (81-140),90,sub_heavy,128.85,3,20250415,63,BLK_63C,4,판계,1,2025-04-15 10:02:00,2025-04-15 10:32:00,30.0,,공통,raw,
b90_sub_heavy_r1,GA,Medium (81-140),90,sub_heavy,128.85,3,20250415,63,BLK_63C,4,전면SAW,2,2025-04-15 14:53:39,2025-04-15 16:16:44,83.1,,공통,raw,
b90_sub_heavy_r1,GA,Medium (81-140),90,sub_heavy,128.85,3,20250415,63,BLK_63C,4,TurnOver,3,2025-04-15 16:16:44,2025-04-15 16:28:44,12.0,,공통,raw,
b90_sub_heavy_r1,GA,Medium (81-140),90,sub_heavy,128.85,3,20250415,63,BLK_63C,4,후면SAW,4,2025-04-15 16:33:28,2025-04-15 17:36:58,63.5,,공통,raw,
b90_sub_heavy_r1,GA,Medium (81-140),90,sub_heavy,128.85,3,20250415,63,BLK_63C,4,NC,5,2025-04-15 18:01:08,2025-04-15 18:51:53,50.8,,공통,raw,
b90_sub_heavy_r1,GA,Medium (81-140),90,sub_heavy,128.85,3,20250415,63,BLK_63C,4,베이36B 론지취부,6,2025-04-15 19:14:18,2025-04-15 20:23:48,69.5,36B,베이36B,raw,
b90_sub_heavy_r1,GA,Medium (81-140),90,sub_heavy,128.85,3,20250415,63,BLK_63C,4,베이36B 론지용접,7,2025-04-15 20:23:48,2025-04-15 20:47:00,23.2,36B,베이36B,raw,
b90_sub_heavy_r1,GA,Medium (81-140),90,sub_heavy,128.85,3,20250415,63,BLK_63C,4,베이36B 수정,8,2025-04-15 20:50:42,2025-04-15 21:33:06,42.4,36B,베이36B,raw,
b90_sub_heavy_r1,GA,Medium (81-140),90,sub_heavy,128.85,3,20250415,54,BLK_54S,5,판계,1,2025-04-15 10:32:00,2025-04-15 10:57:00,25.0,,공통,raw,
b90_sub_heavy_r1,GA,Medium (81-140),90,sub_heavy,128.85,3,20250415,54,BLK_54S,5,전면SAW,2,2025-04-15 16:16:44,2025-04-15 16:48:51,32.1,,공통,raw,
b90_sub_heavy_r1,GA,Medium (81-140),90,sub_heavy,128.85,3,20250415,54,BLK_54S,5,TurnOver,3,2025-04-15 16:48:51,2025-04-15 17:00:51,12.0,,공통,raw,
b90_sub_heavy_r1,GA,Medium (81-140),90,sub_heavy,128.85,3,20250415,54,BLK_54S,5,후면SAW,4,2025-04-15 17:36:58,2025-04-15 17:58:07,21.1,,공통,raw,
b90_sub_heavy_r1,GA,Medium (81-140),90,sub_heavy,128.85,3,20250415,54,BLK_54S,5,NC,5,2025-04-15 18:51:53,2025-04-15 19:26:52,35.0,,공통,raw,
b90_sub_heavy_r1,GA,Medium (81-140),90,sub_heavy,128.85,3,20250415,54,BLK_54S,5,베이35A 론지취부,6,2025-04-15 19:26:52,2025-04-15 20:29:22,62.5,35A,베이35A,raw,
b90_sub_heavy_r1,GA,Medium (81-140),90,sub_heavy,128.85,3,20250415,54,BLK_54S,5,베이35A 론지용접,7,2025-04-15 20:29:22,2025-04-15 20:51:22,22.0,35A,베이35A,raw,
b90_sub_heavy_r1,GA,Medium (81-140),90,sub_heavy,128.85,3,20250415,54,BLK_54S,5,베이35A 수정,8,2025-04-15 20:51:22,2025-04-15 21:29:22,38.0,35A,베이35A,raw,
b90_sub_heavy_r1,GA,Medium (81-140),90,sub_heavy,128.85,3,20250415,10,BLK_10C,6,판계,1,2025-04-15 10:57:00,2025-04-15 11:27:00,30.0,,공통,raw,
b90_sub_heavy_r1,GA,Medium (81-140),90,sub_heavy,128.85,3,20250415,10,BLK_10C,6,전면SAW,2,2025-04-15 16:48:51,2025-04-15 17:20:04,31.2,,공통,raw,
b90_sub_heavy_r1,GA,Medium (81-140),90,sub_heavy,128.85,3,20250415,10,BLK_10C,6,TurnOver,3,2025-04-15 17:20:04,2025-04-15 17:32:04,12.0,,공통,raw,
b90_sub_heavy_r1,GA,Medium (81-140),90,sub_heavy,128.85,3,20250415,10,BLK_10C,6,후면SAW,4,2025-04-15 17:58:07,2025-04-15 18:18:03,19.9,,공통,raw,
b90_sub_heavy_r1,GA,Medium (81-140),90,sub_heavy,128.85,3,20250415,10,BLK_10C,6,NC,5,2025-04-15 19:26:52,2025-04-15 20:16:18,49.4,,공통,raw,
b90_sub_heavy_r1,GA,Medium (81-140),90,sub_heavy,128.85,3,20250415,10,BLK_10C,6,베이36B 론지취부,6,2025-04-15 20:23:48,2025-04-15 21:43:48,80.0,36B,베이36B,raw,
b90_sub_heavy_r1,GA,Medium (81-140),90,sub_heavy,128.85,3,20250415,10,BLK_10C,6,베이36B 론지용접,7,2025-04-15 21:43:48,2025-04-15 22:08:48,25.0,36B,베이36B,raw,
b90_sub_heavy_r1,GA,Medium (81-140),90,sub_heavy,128.85,3,20250415,10,BLK_10C,6,베이36B 수정,8,2025-04-15 22:08:48,2025-04-15 22:57:48,49.0,36B,베이36B,raw,
b90_sub_heavy_r1,GA,Medium (81-140),90,sub_heavy,128.85,3,20250415,35,BLK_35C,7,판계,1,2025-04-15 11:27:00,2025-04-15 11:47:00,20.0,,공통,raw,
b90_sub_heavy_r1,GA,Medium (81-140),90,sub_heavy,128.85,3,20250415,35,BLK_35C,7,전면SAW,2,2025-04-15 17:20:04,2025-04-15 18:02:05,42.0,,공통,raw,
b90_sub_heavy_r1,GA,Medium (81-140),90,sub_heavy,128.85,3,20250415,35,BLK_35C,7,TurnOver,3,2025-04-15 18:02:05,2025-04-15 18:14:05,12.0,,공통,raw,
b90_sub_heavy_r1,GA,Medium (81-140),90,sub_heavy,128.85,3,20250415,35,BLK_35C,7,후면SAW,4,2025-04-15 18:18:03,2025-04-15 18:52:14,34.2,,공통,raw,
b90_sub_heavy_r1,GA,Medium (81-140),90,sub_heavy,128.85,3,20250415,35,BLK_35C,7,NC,5,2025-04-15 20:16:18,2025-04-15 20:44:40,28.4,,공통,raw,
b90_sub_heavy_r1,GA,Medium (81-140),90,sub_heavy,128.85,3,20250415,35,BLK_35C,7,베이35A 론지취부,6,2025-04-15 20:44:40,2025-04-15 21:15:40,31.0,35A,베이35A,raw,
b90_sub_heavy_r1,GA,Medium (81-140),90,sub_heavy,128.85,3,20250415,35,BLK_35C,7,베이35A 론지용접,7,2025-04-15 21:15:40,2025-04-15 21:32:16,16.6,35A,베이35A,raw,
b90_sub_heavy_r1,GA,Medium (81-140),90,sub_heavy,128.85,3,20250415,35,BLK_35C,7,베이35A 수정,8,2025-04-15 21:32:16,2025-04-15 21:50:28,18.2,35A,베이35A,raw,
b90_sub_heavy_r1,GA,Medium (81-140),90,sub_heavy,128.85,3,20250415,46,BLK_46S,8,판계,1,2025-04-15 11:47:00,2025-04-15 12:20:00,33.0,,공통,raw,
b90_sub_heavy_r1,GA,Medium (81-140),90,sub_heavy,128.85,3,20250415,46,BLK_46S,8,전면SAW,2,2025-04-15 18:02:05,2025-04-15 19:44:46,102.7,,공통,raw,
b90_sub_heavy_r1,GA,Medium (81-140),90,sub_heavy,128.85,3,20250415,46,BLK_46S,8,TurnOver,3,2025-04-15 19:44:46,2025-04-15 19:56:46,12.0,,공통,raw,
b90_sub_heavy_r1,GA,Medium (81-140),90,sub_heavy,128.85,3,20250415,46,BLK_46S,8,후면SAW,4,2025-04-15 19:56:46,2025-04-15 21:38:30,101.7,,공통,raw,
b90_sub_heavy_r1,GA,Medium (81-140),90,sub_heavy,128.85,3,20250415,46,BLK_46S,8,NC,5,2025-04-15 21:38:30,2025-04-15 22:16:26,37.9,,공통,raw,
b90_sub_heavy_r1,GA,Medium (81-140),90,sub_heavy,128.85,3,20250415,46,BLK_46S,8,베이36B 론지취부,6,2025-04-15 22:16:26,2025-04-15 23:01:26,45.0,36B,베이36B,raw,
b90_sub_heavy_r1,GA,Medium (81-140),90,sub_heavy,128.85,3,20250415,46,BLK_46S,8,베이36B 론지용접,7,2025-04-15 23:01:26,2025-04-15 23:20:26,19.0,36B,베이36B,raw,
b90_sub_heavy_r1,GA,Medium (81-140),90,sub_heavy,128.85,3,20250415,46,BLK_46S,8,베이36B 수정,8,2025-04-15 23:20:26,2025-04-15 23:47:26,27.0,36B,베이36B,raw,
b90_sub_heavy_r1,GA,Medium (81-140),90,sub_heavy,128.85,3,20250415,53,BLK_53S,9,판계,1,2025-04-15 12:20:00,2025-04-15 12:50:00,30.0,,공통,raw,
b90_sub_heavy_r1,GA,Medium (81-140),90,sub_heavy,128.85,3,20250415,53,BLK_53S,9,전면SAW,2,2025-04-15 19:44:46,2025-04-15 20:17:30,32.7,,공통,raw,
b90_sub_heavy_r1,GA,Medium (81-140),90,sub_heavy,128.85,3,20250415,53,BLK_53S,9,TurnOver,3,2025-04-15 20:17:30,2025-04-15 20:29:30,12.0,,공통,raw,
b90_sub_heavy_r1,GA,Medium (81-140),90,sub_heavy,128.85,3,20250415,53,BLK_53S,9,후면SAW,4,2025-04-15 21:38:30,2025-04-15 22:00:27,22.0,,공통,raw,
b90_sub_heavy_r1,GA,Medium (81-140),90,sub_heavy,128.85,3,20250415,53,BLK_53S,9,NC,5,2025-04-15 22:16:26,2025-04-15 22:58:08,41.7,,공통,raw,
b90_sub_heavy_r1,GA,Medium (81-140),90,sub_heavy,128.85,3,20250415,53,BLK_53S,9,베이35A 론지취부,6,2025-04-15 22:58:08,2025-04-16 00:18:08,80.0,35A,베이35A,raw,
b90_sub_heavy_r1,GA,Medium (81-140),90,sub_heavy,128.85,3,20250415,53,BLK_53S,9,베이35A 론지용접,7,2025-04-16 00:18:08,2025-04-16 00:43:08,25.0,35A,베이35A,raw,
b90_sub_heavy_r1,GA,Medium (81-140),90,sub_heavy,128.85,3,20250415,53,BLK_53S,9,베이35A 수정,8,2025-04-16 00:43:08,2025-04-16 01:32:08,49.0,35A,베이35A,raw,
b90_sub_heavy_r1,GA,Medium (81-140),90,sub_heavy,128.85,3,20250415,58,BLK_58C,10,판계,1,2025-04-15 12:50:00,2025-04-15 13:20:00,30.0,,공통,raw,
b90_sub_heavy_r1,GA,Medium (81-140),90,sub_heavy,128.85,3,20250415,58,BLK_58C,10,전면SAW,2,2025-04-15 20:17:30,2025-04-15 21:48:12,90.7,,공통,raw,
b90_sub_heavy_r1,GA,Medium (81-140),90,sub_heavy,128.85,3,20250415,58,BLK_58C,10,TurnOver,3,2025-04-15 21:48:12,2025-04-15 22:00:12,12.0,,공통,raw,
b90_sub_heavy_r1,GA,Medium (81-140),90,sub_heavy,128.85,3,20250415,58,BLK_58C,10,후면SAW,4,2025-04-15 22:00:27,2025-04-15 23:10:54,70.4,,공통,raw,
b90_sub_heavy_r1,GA,Medium (81-140),90,sub_heavy,128.85,3,20250415,58,BLK_58C,10,NC,5,2025-04-15 23:10:54,2025-04-16 00:01:40,50.8,,공통,raw,
b90_sub_heavy_r1,GA,Medium (81-140),90,sub_heavy,128.85,3,20250415,58,BLK_58C,10,베이36B 론지취부,6,2025-04-16 00:01:40,2025-04-16 01:07:40,66.0,36B,베이36B,raw,
b90_sub_heavy_r1,GA,Medium (81-140),90,sub_heavy,128.85,3,20250415,58,BLK_58C,10,베이36B 론지용접,7,2025-04-16 01:07:40,2025-04-16 01:30:16,22.6,36B,베이36B,raw,
b90_sub_heavy_r1,GA,Medium (81-140),90,sub_heavy,128.85,3,20250415,58,BLK_58C,10,베이36B 수정,8,2025-04-16 01:30:16,2025-04-16 02:10:28,40.2,36B,베이36B,raw,
b90_sub_heavy_r1,GA,Medium (81-140),90,sub_heavy,128.85,3,20250415,18,BLK_18P,11,판계,1,2025-04-15 13:20:00,2025-04-15 13:50:00,30.0,,공통,raw,
b90_sub_heavy_r1,GA,Medium (81-140),90,sub_heavy,128.85,3,20250415,18,BLK_18P,11,전면SAW,2,2025-04-15 21:48:12,2025-04-15 22:21:12,33.0,,공통,raw,
b90_sub_heavy_r1,GA,Medium (81-140),90,sub_heavy,128.85,3,20250415,18,BLK_18P,11,TurnOver,3,2025-04-15 22:21:12,2025-04-15 22:33:12,12.0,,공통,raw,
b90_sub_heavy_r1,GA,Medium (81-140),90,sub_heavy,128.85,3,20250415,18,BLK_18P,11,후면SAW,4,2025-04-15 23:10:54,2025-04-15 23:33:13,22.3,,공통,raw,
b90_sub_heavy_r1,GA,Medium (81-140),90,sub_heavy,128.85,3,20250415,18,BLK_18P,11,NC,5,2025-04-16 00:01:40,2025-04-16 00:49:15,47.6,,공통,raw,
b90_sub_heavy_r1,GA,Medium (81-140),90,sub_heavy,128.85,3,20250415,18,BLK_18P,11,베이35A 론지취부,6,2025-04-16 00:49:15,2025-04-16 02:26:45,97.5,35A,베이35A,raw,
b90_sub_heavy_r1,GA,Medium (81-140),90,sub_heavy,128.85,3,20250415,18,BLK_18P,11,베이35A 론지용접,7,2025-04-16 02:26:45,2025-04-16 02:54:45,28.0,35A,베이35A,raw,
b90_sub_heavy_r1,GA,Medium (81-140),90,sub_heavy,128.85,3,20250415,18,BLK_18P,11,베이35A 수정,8,2025-04-16 02:54:45,2025-04-16 03:54:45,60.0,35A,베이35A,raw,
b90_sub_heavy_r1,GA,Medium (81-140),90,sub_heavy,128.85,3,20250415,69,BLK_69C,12,판계,1,2025-04-15 13:50:00,2025-04-15 14:35:00,45.0,,공통,raw,
b90_sub_heavy_r1,GA,Medium (81-140),90,sub_heavy,128.85,3,20250415,69,BLK_69C,12,전면SAW,2,2025-04-15 22:21:12,2025-04-16 01:31:12,190.0,,공통,raw,
b90_sub_heavy_r1,GA,Medium (81-140),90,sub_heavy,128.85,3,20250415,69,BLK_69C,12,TurnOver,3,2025-04-16 01:31:12,2025-04-16 01:43:12,12.0,,공통,raw,
b90_sub_heavy_r1,GA,Medium (81-140),90,sub_heavy,128.85,3,20250415,69,BLK_69C,12,후면SAW,4,2025-04-16 01:43:12,2025-04-16 04:08:15,145.1,,공통,raw,
b90_sub_heavy_r1,GA,Medium (81-140),90,sub_heavy,128.85,3,20250415,69,BLK_69C,12,NC,5,2025-04-16 04:08:15,2025-04-16 05:07:12,59.0,,공통,raw,
b90_sub_heavy_r1,GA,Medium (81-140),90,sub_heavy,128.85,3,20250415,69,BLK_69C,12,베이36B 론지취부,6,2025-04-16 05:07:12,2025-04-16 06:37:42,90.5,36B,베이36B,raw,
b90_sub_heavy_r1,GA,Medium (81-140),90,sub_heavy,128.85,3,20250415,69,BLK_69C,12,베이36B 론지용접,7,2025-04-16 06:37:42,2025-04-16 07:04:30,26.8,36B,베이36B,raw,
b90_sub_heavy_r1,GA,Medium (81-140),90,sub_heavy,128.85,3,20250415,69,BLK_69C,12,베이36B 수정,8,2025-04-16 07:04:30,2025-04-16 08:00:06,55.6,36B,베이36B,raw,
b90_sub_heavy_r1,GA,Medium (81-140),90,sub_heavy,128.85,3,20250415,8,BLK_8P,13,판계,1,2025-04-15 14:35:00,2025-04-15 15:00:00,25.0,,공통,raw,
b90_sub_heavy_r1,GA,Medium (81-140),90,sub_heavy,128.85,3,20250415,8,BLK_8P,13,전면SAW,2,2025-04-16 01:31:12,2025-04-16 02:13:28,42.3,,공통,raw,
b90_sub_heavy_r1,GA,Medium (81-140),90,sub_heavy,128.85,3,20250415,8,BLK_8P,13,TurnOver,3,2025-04-16 02:13:28,2025-04-16 02:25:28,12.0,,공통,raw,
b90_sub_heavy_r1,GA,Medium (81-140),90,sub_heavy,128.85,3,20250415,8,BLK_8P,13,후면SAW,4,2025-04-16 04:08:15,2025-04-16 04:42:46,34.5,,공통,raw,
b90_sub_heavy_r1,GA,Medium (81-140),90,sub_heavy,128.85,3,20250415,8,BLK_8P,13,NC,5,2025-04-16 05:07:12,2025-04-16 05:42:11,35.0,,공통,raw,
b90_sub_heavy_r1,GA,Medium (81-140),90,sub_heavy,128.85,3,20250415,8,BLK_8P,13,베이35A 론지취부,6,2025-04-16 05:42:11,2025-04-16 06:55:11,73.0,35A,베이35A,raw,
b90_sub_heavy_r1,GA,Medium (81-140),90,sub_heavy,128.85,3,20250415,8,BLK_8P,13,베이35A 론지용접,7,2025-04-16 06:55:11,2025-04-16 07:18:59,23.8,35A,베이35A,raw,
b90_sub_heavy_r1,GA,Medium (81-140),90,sub_heavy,128.85,3,20250415,8,BLK_8P,13,베이35A 수정,8,2025-04-16 07:18:59,2025-04-16 08:03:35,44.6,35A,베이35A,raw,
b90_sub_heavy_r1,GA,Medium (81-140),90,sub_heavy,128.85,3,20250415,59,BLK_59C,14,판계,1,2025-04-15 15:00:00,2025-04-15 15:30:00,30.0,,공통,raw,
b90_sub_heavy_r1,GA,Medium (81-140),90,sub_heavy,128.85,3,20250415,59,BLK_59C,14,전면SAW,2,2025-04-16 02:13:28,2025-04-16 02:49:35,36.1,,공통,raw,
b90_sub_heavy_r1,GA,Medium (81-140),90,sub_heavy,128.85,3,20250415,59,BLK_59C,14,TurnOver,3,2025-04-16 02:49:35,2025-04-16 03:01:35,12.0,,공통,raw,
b90_sub_heavy_r1,GA,Medium (81-140),90,sub_heavy,128.85,3,20250415,59,BLK_59C,14,후면SAW,4,2025-04-16 04:42:46,2025-04-16 05:09:10,26.4,,공통,raw,
b90_sub_heavy_r1,GA,Medium (81-140),90,sub_heavy,128.85,3,20250415,59,BLK_59C,14,NC,5,2025-04-16 05:42:11,2025-04-16 06:26:53,44.7,,공통,raw,
b90_sub_heavy_r1,GA,Medium (81-140),90,sub_heavy,128.85,3,20250415,59,BLK_59C,14,베이36B 론지취부,6,2025-04-16 06:37:42,2025-04-16 07:22:42,45.0,36B,베이36B,raw,
b90_sub_heavy_r1,GA,Medium (81-140),90,sub_heavy,128.85,3,20250415,59,BLK_59C,14,베이36B 론지용접,7,2025-04-16 07:22:42,2025-04-16 07:41:42,19.0,36B,베이36B,raw,
b90_sub_heavy_r1,GA,Medium (81-140),90,sub_heavy,128.85,3,20250415,59,BLK_59C,14,베이36B 수정,8,2025-04-16 08:00:06,2025-04-16 08:27:06,27.0,36B,베이36B,raw,
b90_sub_heavy_r1,GA,Medium (81-140),90,sub_heavy,128.85,3,20250415,72,BLK_72P,15,판계,1,2025-04-15 15:30:00,2025-04-15 16:00:00,30.0,,공통,raw,
b90_sub_heavy_r1,GA,Medium (81-140),90,sub_heavy,128.85,3,20250415,72,BLK_72P,15,전면SAW,2,2025-04-16 02:49:35,2025-04-16 04:48:32,119.0,,공통,raw,
b90_sub_heavy_r1,GA,Medium (81-140),90,sub_heavy,128.85,3,20250415,72,BLK_72P,15,TurnOver,3,2025-04-16 04:48:32,2025-04-16 05:00:32,12.0,,공통,raw,
b90_sub_heavy_r1,GA,Medium (81-140),90,sub_heavy,128.85,3,20250415,72,BLK_72P,15,후면SAW,4,2025-04-16 05:09:10,2025-04-16 07:09:52,120.7,,공통,raw,
b90_sub_heavy_r1,GA,Medium (81-140),90,sub_heavy,128.85,3,20250415,72,BLK_72P,15,NC,5,2025-04-16 07:09:52,2025-04-16 08:04:37,54.8,,공통,raw,
b90_sub_heavy_r1,GA,Medium (81-140),90,sub_heavy,128.85,3,20250415,72,BLK_72P,15,베이36B 론지취부,6,2025-04-16 08:04:37,2025-04-16 09:42:07,97.5,36B,베이36B,raw,
b90_sub_heavy_r1,GA,Medium (81-140),90,sub_heavy,128.85,3,20250415,72,BLK_72P,15,베이36B 론지용접,7,2025-04-16 09:42:07,2025-04-16 10:10:07,28.0,36B,베이36B,raw,
b90_sub_heavy_r1,GA,Medium (81-140),90,sub_heavy,128.85,3,20250415,72,BLK_72P,15,베이36B 수정,8,2025-04-16 10:10:07,2025-04-16 11:10:07,60.0,36B,베이36B,raw,
b90_sub_heavy_r1,GA,Medium (81-140),90,sub_heavy,128.85,3,20250416,5,BLK_5C,1,판계,1,2025-04-16 08:00:00,2025-04-16 08:25:00,25.0,,공통,raw,
b90_sub_heavy_r1,GA,Medium (81-140),90,sub_heavy,128.85,3,20250416,5,BLK_5C,1,전면SAW,2,2025-04-16 08:25:00,2025-04-16 08:56:53,31.9,,공통,raw,
b90_sub_heavy_r1,GA,Medium (81-140),90,sub_heavy,128.85,3,20250416,5,BLK_5C,1,TurnOver,3,2025-04-16 08:56:53,2025-04-16 09:08:53,12.0,,공통,raw,
b90_sub_heavy_r1,GA,Medium (81-140),90,sub_heavy,128.85,3,20250416,5,BLK_5C,1,후면SAW,4,2025-04-16 09:08:53,2025-04-16 09:29:43,20.8,,공통,raw,
b90_sub_heavy_r1,GA,Medium (81-140),90,sub_heavy,128.85,3,20250416,5,BLK_5C,1,NC,5,2025-04-16 09:29:43,2025-04-16 10:02:36,32.9,,공통,raw,
b90_sub_heavy_r1,GA,Medium (81-140),90,sub_heavy,128.85,3,20250416,5,BLK_5C,1,베이35A 론지취부,6,2025-04-16 10:02:36,2025-04-16 10:47:36,45.0,35A,베이35A,raw,
b90_sub_heavy_r1,GA,Medium (81-140),90,sub_heavy,128.85,3,20250416,5,BLK_5C,1,베이35A 론지용접,7,2025-04-16 10:47:36,2025-04-16 11:06:36,19.0,35A,베이35A,raw,
b90_sub_heavy_r1,GA,Medium (81-140),90,sub_heavy,128.85,3,20250416,5,BLK_5C,1,베이35A 수정,8,2025-04-16 11:06:36,2025-04-16 11:33:36,27.0,35A,베이35A,raw,
b90_sub_heavy_r1,GA,Medium (81-140),90,sub_heavy,128.85,3,20250416,9,BLK_9C,2,판계,1,2025-04-16 08:25:00,2025-04-16 08:45:00,20.0,,공통,raw,
b90_sub_heavy_r1,GA,Medium (81-140),90,sub_heavy,128.85,3,20250416,9,BLK_9C,2,전면SAW,2,2025-04-16 08:56:53,2025-04-16 09:32:39,35.8,,공통,raw,
b90_sub_heavy_r1,GA,Medium (81-140),90,sub_heavy,128.85,3,20250416,9,BLK_9C,2,TurnOver,3,2025-04-16 09:32:39,2025-04-16 09:44:39,12.0,,공통,raw,
b90_sub_heavy_r1,GA,Medium (81-140),90,sub_heavy,128.85,3,20250416,9,BLK_9C,2,후면SAW,4,2025-04-16 09:44:39,2025-04-16 10:10:34,25.9,,공통,raw,
b90_sub_heavy_r1,GA,Medium (81-140),90,sub_heavy,128.85,3,20250416,9,BLK_9C,2,NC,5,2025-04-16 10:10:34,2025-04-16 10:39:31,28.9,,공통,raw,
b90_sub_heavy_r1,GA,Medium (81-140),90,sub_heavy,128.85,3,20250416,9,BLK_9C,2,베이36B 론지취부,6,2025-04-16 10:39:31,2025-04-16 11:38:31,59.0,36B,베이36B,raw,
b90_sub_heavy_r1,GA,Medium (81-140),90,sub_heavy,128.85,3,20250416,9,BLK_9C,2,베이36B 론지용접,7,2025-04-16 11:38:31,2025-04-16 11:59:55,21.4,36B,베이36B,raw,
b90_sub_heavy_r1,GA,Medium (81-140),90,sub_heavy,128.85,3,20250416,9,BLK_9C,2,베이36B 수정,8,2025-04-16 11:59:55,2025-04-16 12:35:43,35.8,36B,베이36B,raw,
b90_sub_heavy_r1,GA,Medium (81-140),90,sub_heavy,128.85,3,20250416,67,BLK_67S,3,판계,1,2025-04-16 08:45:00,2025-04-16 09:23:00,38.0,,공통,raw,
b90_sub_heavy_r1,GA,Medium (81-140),90,sub_heavy,128.85,3,20250416,67,BLK_67S,3,전면SAW,2,2025-04-16 09:32:39,2025-04-16 11:37:03,124.4,,공통,raw,
b90_sub_heavy_r1,GA,Medium (81-140),90,sub_heavy,128.85,3,20250416,67,BLK_67S,3,TurnOver,3,2025-04-16 11:37:03,2025-04-16 11:49:03,12.0,,공통,raw,
b90_sub_heavy_r1,GA,Medium (81-140),90,sub_heavy,128.85,3,20250416,67,BLK_67S,3,후면SAW,4,2025-04-16 11:49:03,2025-04-16 13:30:15,101.2,,공통,raw,
b90_sub_heavy_r1,GA,Medium (81-140),90,sub_heavy,128.85,3,20250416,67,BLK_67S,3,NC,5,2025-04-16 13:30:15,2025-04-16 14:19:28,49.2,,공통,raw,
b90_sub_heavy_r1,GA,Medium (81-140),90,sub_heavy,128.85,3,20250416,67,BLK_67S,3,베이35A 론지취부,6,2025-04-16 14:19:28,2025-04-16 16:17:58,118.5,35A,베이35A,raw,
b90_sub_heavy_r1,GA,Medium (81-140),90,sub_heavy,128.85,3,20250416,67,BLK_67S,3,베이35A 론지용접,7,2025-04-16 16:17:58,2025-04-16 16:49:34,31.6,35A,베이35A,raw,
b90_sub_heavy_r1,GA,Medium (81-140),90,sub_heavy,128.85,3,20250416,67,BLK_67S,3,베이35A 수정,8,2025-04-16 16:49:34,2025-04-16 18:02:46,73.2,35A,베이35A,raw,
b90_sub_heavy_r1,GA,Medium (81-140),90,sub_heavy,128.85,3,20250416,73,BLK_73P,4,판계,1,2025-04-16 09:23:00,2025-04-16 09:48:00,25.0,,공통,raw,
b90_sub_heavy_r1,GA,Medium (81-140),90,sub_heavy,128.85,3,20250416,73,BLK_73P,4,전면SAW,2,2025-04-16 11:37:03,2025-04-16 12:10:16,33.2,,공통,raw,
b90_sub_heavy_r1,GA,Medium (81-140),90,sub_heavy,128.85,3,20250416,73,BLK_73P,4,TurnOver,3,2025-04-16 12:10:16,2025-04-16 12:22:16,12.0,,공통,raw,
b90_sub_heavy_r1,GA,Medium (81-140),90,sub_heavy,128.85,3,20250416,73,BLK_73P,4,후면SAW,4,2025-04-16 13:30:15,2025-04-16 13:52:49,22.6,,공통,raw,
b90_sub_heavy_r1,GA,Medium (81-140),90,sub_heavy,128.85,3,20250416,73,BLK_73P,4,NC,5,2025-04-16 14:19:28,2025-04-16 14:56:17,36.8,,공통,raw,
b90_sub_heavy_r1,GA,Medium (81-140),90,sub_heavy,128.85,3,20250416,73,BLK_73P,4,베이36B 론지취부,6,2025-04-16 14:56:17,2025-04-16 16:12:47,76.5,36B,베이36B,raw,
b90_sub_heavy_r1,GA,Medium (81-140),90,sub_heavy,128.85,3,20250416,73,BLK_73P,4,베이36B 론지용접,7,2025-04-16 16:12:47,2025-04-16 16:37:11,24.4,36B,베이36B,raw,
b90_sub_heavy_r1,GA,Medium (81-140),90,sub_heavy,128.85,3,20250416,73,BLK_73P,4,베이36B 수정,8,2025-04-16 16:37:11,2025-04-16 17:23:59,46.8,36B,베이36B,raw,
b90_sub_heavy_r1,GA,Medium (81-140),90,sub_heavy,128.85,3,20250416,12,BLK_12C,5,판계,1,2025-04-16 09:48:00,2025-04-16 10:33:00,45.0,,공통,raw,
b90_sub_heavy_r1,GA,Medium (81-140),90,sub_heavy,128.85,3,20250416,12,BLK_12C,5,전면SAW,2,2025-04-16 12:10:16,2025-04-16 15:06:00,175.7,,공통,raw,
b90_sub_heavy_r1,GA,Medium (81-140),90,sub_heavy,128.85,3,20250416,12,BLK_12C,5,TurnOver,3,2025-04-16 15:06:00,2025-04-16 15:18:00,12.0,,공통,raw,
b90_sub_heavy_r1,GA,Medium (81-140),90,sub_heavy,128.85,3,20250416,12,BLK_12C,5,후면SAW,4,2025-04-16 15:18:00,2025-04-16 17:28:43,130.7,,공통,raw,
b90_sub_heavy_r1,GA,Medium (81-140),90,sub_heavy,128.85,3,20250416,12,BLK_12C,5,NC,5,2025-04-16 17:28:43,2025-04-16 18:22:31,53.8,,공통,raw,
b90_sub_heavy_r1,GA,Medium (81-140),90,sub_heavy,128.85,3,20250416,12,BLK_12C,5,베이35A 론지취부,6,2025-04-16 18:22:31,2025-04-16 20:03:31,101.0,35A,베이35A,raw,
b90_sub_heavy_r1,GA,Medium (81-140),90,sub_heavy,128.85,3,20250416,12,BLK_12C,5,베이35A 론지용접,7,2025-04-16 20:03:31,2025-04-16 20:32:07,28.6,35A,베이35A,raw,
b90_sub_heavy_r1,GA,Medium (81-140),90,sub_heavy,128.85,3,20250416,12,BLK_12C,5,베이35A 수정,8,2025-04-16 20:32:07,2025-04-16 21:34:19,62.2,35A,베이35A,raw,
b90_sub_heavy_r1,GA,Medium (81-140),90,sub_heavy,128.85,3,20250416,61,BLK_61C,6,판계,1,2025-04-16 10:33:00,2025-04-16 10:45:00,12.0,,공통,raw,
b90_sub_heavy_r1,GA,Medium (81-140),90,sub_heavy,128.85,3,20250416,61,BLK_61C,6,전면SAW,2,2025-04-16 15:06:00,2025-04-16 15:50:32,44.5,,공통,raw,
b90_sub_heavy_r1,GA,Medium (81-140),90,sub_heavy,128.85,3,20250416,61,BLK_61C,6,TurnOver,3,2025-04-16 15:50:32,2025-04-16 16:02:32,12.0,,공통,raw,
b90_sub_heavy_r1,GA,Medium (81-140),90,sub_heavy,128.85,3,20250416,61,BLK_61C,6,후면SAW,4,2025-04-16 17:28:43,2025-04-16 18:06:12,37.5,,공통,raw,
b90_sub_heavy_r1,GA,Medium (81-140),90,sub_heavy,128.85,3,20250416,61,BLK_61C,6,NC,5,2025-04-16 18:22:31,2025-04-16 18:43:45,21.2,,공통,raw,
b90_sub_heavy_r1,GA,Medium (81-140),90,sub_heavy,128.85,3,20250416,61,BLK_61C,6,베이36B 론지취부,6,2025-04-16 18:43:45,2025-04-16 18:57:15,13.5,36B,베이36B,raw,
b90_sub_heavy_r1,GA,Medium (81-140),90,sub_heavy,128.85,3,20250416,61,BLK_61C,6,베이36B 론지용접,7,2025-04-16 18:57:15,2025-04-16 19:06:51,9.6,36B,베이36B,raw,
b90_sub_heavy_r1,GA,Medium (81-140),90,sub_heavy,128.85,3,20250416,61,BLK_61C,6,베이36B 수정,8,2025-04-16 19:06:51,2025-04-16 19:14:03,7.2,36B,베이36B,raw,
b90_sub_heavy_r1,GA,Medium (81-140),90,sub_heavy,128.85,3,20250416,60,BLK_60P,7,판계,1,2025-04-16 10:45:00,2025-04-16 11:15:00,30.0,,공통,raw,
b90_sub_heavy_r1,GA,Medium (81-140),90,sub_heavy,128.85,3,20250416,60,BLK_60P,7,전면SAW,2,2025-04-16 15:50:32,2025-04-16 17:35:06,104.6,,공통,raw,
b90_sub_heavy_r1,GA,Medium (81-140),90,sub_heavy,128.85,3,20250416,60,BLK_60P,7,TurnOver,3,2025-04-16 17:35:06,2025-04-16 17:47:06,12.0,,공통,raw,
b90_sub_heavy_r1,GA,Medium (81-140),90,sub_heavy,128.85,3,20250416,60,BLK_60P,7,후면SAW,4,2025-04-16 18:06:12,2025-04-16 19:50:07,103.9,,공통,raw,
b90_sub_heavy_r1,GA,Medium (81-140),90,sub_heavy,128.85,3,20250416,60,BLK_60P,7,NC,5,2025-04-16 19:50:07,2025-04-16 20:45:29,55.4,,공통,raw,
b90_sub_heavy_r1,GA,Medium (81-140),90,sub_heavy,128.85,3,20250416,60,BLK_60P,7,베이36B 론지취부,6,2025-04-16 20:45:29,2025-04-16 21:58:29,73.0,36B,베이36B,raw,
b90_sub_heavy_r1,GA,Medium (81-140),90,sub_heavy,128.85,3,20250416,60,BLK_60P,7,베이36B 론지용접,7,2025-04-16 21:58:29,2025-04-16 22:22:17,23.8,36B,베이36B,raw,
b90_sub_heavy_r1,GA,Medium (81-140),90,sub_heavy,128.85,3,20250416,60,BLK_60P,7,베이36B 수정,8,2025-04-16 22:22:17,2025-04-16 23:06:53,44.6,36B,베이36B,raw,
b90_sub_heavy_r1,GA,Medium (81-140),90,sub_heavy,128.85,3,20250416,62,BLK_62C,8,판계,1,2025-04-16 11:15:00,2025-04-16 11:45:00,30.0,,공통,raw,
b90_sub_heavy_r1,GA,Medium (81-140),90,sub_heavy,128.85,3,20250416,62,BLK_62C,8,전면SAW,2,2025-04-16 17:35:06,2025-04-16 18:04:24,29.3,,공통,raw,
b90_sub_heavy_r1,GA,Medium (81-140),90,sub_heavy,128.85,3,20250416,62,BLK_62C,8,TurnOver,3,2025-04-16 18:04:24,2025-04-16 18:16:24,12.0,,공통,raw,
b90_sub_heavy_r1,GA,Medium (81-140),90,sub_heavy,128.85,3,20250416,62,BLK_62C,8,후면SAW,4,2025-04-16 19:50:07,2025-04-16 20:07:33,17.4,,공통,raw,
b90_sub_heavy_r1,GA,Medium (81-140),90,sub_heavy,128.85,3,20250416,62,BLK_62C,8,NC,5,2025-04-16 20:45:29,2025-04-16 21:25:29,40.0,,공통,raw,
b90_sub_heavy_r1,GA,Medium (81-140),90,sub_heavy,128.85,3,20250416,62,BLK_62C,8,베이35A 론지취부,6,2025-04-16 21:25:29,2025-04-16 22:20:59,55.5,35A,베이35A,raw,
b90_sub_heavy_r1,GA,Medium (81-140),90,sub_heavy,128.85,3,20250416,62,BLK_62C,8,베이35A 론지용접,7,2025-04-16 22:20:59,2025-04-16 22:41:47,20.8,35A,베이35A,raw,
b90_sub_heavy_r1,GA,Medium (81-140),90,sub_heavy,128.85,3,20250416,62,BLK_62C,8,베이35A 수정,8,2025-04-16 22:41:47,2025-04-16 23:15:23,33.6,35A,베이35A,raw,
b90_sub_heavy_r1,GA,Medium (81-140),90,sub_heavy,128.85,3,20250416,41,BLK_41C,9,판계,1,2025-04-16 11:45:00,2025-04-16 12:15:00,30.0,,공통,raw,
b90_sub_heavy_r1,GA,Medium (81-140),90,sub_heavy,128.85,3,20250416,41,BLK_41C,9,전면SAW,2,2025-04-16 18:04:24,2025-04-16 18:49:00,44.6,,공통,raw,
b90_sub_heavy_r1,GA,Medium (81-140),90,sub_heavy,128.85,3,20250416,41,BLK_41C,9,TurnOver,3,2025-04-16 18:49:00,2025-04-16 19:01:00,12.0,,공통,raw,
b90_sub_heavy_r1,GA,Medium (81-140),90,sub_heavy,128.85,3,20250416,41,BLK_41C,9,후면SAW,4,2025-04-16 20:07:33,2025-04-16 20:45:07,37.6,,공통,raw,
b90_sub_heavy_r1,GA,Medium (81-140),90,sub_heavy,128.85,3,20250416,41,BLK_41C,9,NC,5,2025-04-16 21:25:29,2025-04-16 22:08:26,43.0,,공통,raw,
b90_sub_heavy_r1,GA,Medium (81-140),90,sub_heavy,128.85,3,20250416,41,BLK_41C,9,베이36B 론지취부,6,2025-04-16 22:08:26,2025-04-16 23:24:56,76.5,36B,베이36B,raw,
b90_sub_heavy_r1,GA,Medium (81-140),90,sub_heavy,128.85,3,20250416,41,BLK_41C,9,베이36B 론지용접,7,2025-04-16 23:24:56,2025-04-16 23:49:20,24.4,36B,베이36B,raw,
b90_sub_heavy_r1,GA,Medium (81-140),90,sub_heavy,128.85,3,20250416,41,BLK_41C,9,베이36B 수정,8,2025-04-16 23:49:20,2025-04-17 00:36:08,46.8,36B,베이36B,raw,
b90_sub_heavy_r1,GA,Medium (81-140),90,sub_heavy,128.85,3,20250416,26,BLK_26C,10,판계,1,2025-04-16 12:15:00,2025-04-16 12:48:00,33.0,,공통,raw,
b90_sub_heavy_r1,GA,Medium (81-140),90,sub_heavy,128.85,3,20250416,26,BLK_26C,10,전면SAW,2,2025-04-16 18:49:00,2025-04-16 20:40:54,111.9,,공통,raw,
b90_sub_heavy_r1,GA,Medium (81-140),90,sub_heavy,128.85,3,20250416,26,BLK_26C,10,TurnOver,3,2025-04-16 20:40:54,2025-04-16 20:52:54,12.0,,공통,raw,
b90_sub_heavy_r1,GA,Medium (81-140),90,sub_heavy,128.85,3,20250416,26,BLK_26C,10,후면SAW,4,2025-04-16 20:52:54,2025-04-16 22:45:22,112.5,,공통,raw,
b90_sub_heavy_r1,GA,Medium (81-140),90,sub_heavy,128.85,3,20250416,26,BLK_26C,10,NC,5,2025-04-16 22:45:22,2025-04-16 23:26:37,41.2,,공통,raw,
b90_sub_heavy_r1,GA,Medium (81-140),90,sub_heavy,128.85,3,20250416,26,BLK_26C,10,베이35A 론지취부,6,2025-04-16 23:26:37,2025-04-17 00:04:37,38.0,35A,베이35A,raw,
b90_sub_heavy_r1,GA,Medium (81-140),90,sub_heavy,128.85,3,20250416,26,BLK_26C,10,베이35A 론지용접,7,2025-04-17 00:04:37,2025-04-17 00:22:25,17.8,35A,베이35A,raw,
b90_sub_heavy_r1,GA,Medium (81-140),90,sub_heavy,128.85,3,20250416,26,BLK_26C,10,베이35A 수정,8,2025-04-17 00:22:25,2025-04-17 00:45:01,22.6,35A,베이35A,raw,
b90_sub_heavy_r1,GA,Medium (81-140),90,sub_heavy,128.85,3,20250416,17,BLK_17S,11,판계,1,2025-04-16 12:48:00,2025-04-16 13:00:00,12.0,,공통,raw,
b90_sub_heavy_r1,GA,Medium (81-140),90,sub_heavy,128.85,3,20250416,17,BLK_17S,11,전면SAW,2,2025-04-16 20:40:54,2025-04-16 21:28:03,47.1,,공통,raw,
b90_sub_heavy_r1,GA,Medium (81-140),90,sub_heavy,128.85,3,20250416,17,BLK_17S,11,TurnOver,3,2025-04-16 21:28:03,2025-04-16 21:40:03,12.0,,공통,raw,
b90_sub_heavy_r1,GA,Medium (81-140),90,sub_heavy,128.85,3,20250416,17,BLK_17S,11,후면SAW,4,2025-04-16 22:45:22,2025-04-16 23:26:18,40.9,,공통,raw,
b90_sub_heavy_r1,GA,Medium (81-140),90,sub_heavy,128.85,3,20250416,17,BLK_17S,11,NC,5,2025-04-16 23:26:37,2025-04-16 23:51:28,24.9,,공통,raw,
b90_sub_heavy_r1,GA,Medium (81-140),90,sub_heavy,128.85,3,20250416,17,BLK_17S,11,베이36B 론지취부,6,2025-04-16 23:51:28,2025-04-17 00:29:28,38.0,36B,베이36B,raw,
b90_sub_heavy_r1,GA,Medium (81-140),90,sub_heavy,128.85,3,20250416,17,BLK_17S,11,베이36B 론지용접,7,2025-04-17 00:29:28,2025-04-17 00:47:16,17.8,36B,베이36B,raw,
b90_sub_heavy_r1,GA,Medium (81-140),90,sub_heavy,128.85,3,20250416,17,BLK_17S,11,베이36B 수정,8,2025-04-17 00:47:16,2025-04-17 01:09:52,22.6,36B,베이36B,raw,
b90_sub_heavy_r1,GA,Medium (81-140),90,sub_heavy,128.85,3,20250416,76,BLK_76S,12,판계,1,2025-04-16 13:00:00,2025-04-16 13:30:00,30.0,,공통,raw,
b90_sub_heavy_r1,GA,Medium (81-140),90,sub_heavy,128.85,3,20250416,76,BLK_76S,12,전면SAW,2,2025-04-16 21:28:03,2025-04-16 21:58:27,30.4,,공통,raw,
b90_sub_heavy_r1,GA,Medium (81-140),90,sub_heavy,128.85,3,20250416,76,BLK_76S,12,TurnOver,3,2025-04-16 21:58:27,2025-04-16 22:10:27,12.0,,공통,raw,
b90_sub_heavy_r1,GA,Medium (81-140),90,sub_heavy,128.85,3,20250416,76,BLK_76S,12,후면SAW,4,2025-04-16 23:26:18,2025-04-16 23:45:10,18.9,,공통,raw,
b90_sub_heavy_r1,GA,Medium (81-140),90,sub_heavy,128.85,3,20250416,76,BLK_76S,12,NC,5,2025-04-16 23:51:28,2025-04-17 00:38:23,46.9,,공통,raw,
b90_sub_heavy_r1,GA,Medium (81-140),90,sub_heavy,128.85,3,20250416,76,BLK_76S,12,베이35A 론지취부,6,2025-04-17 00:38:23,2025-04-17 01:47:53,69.5,35A,베이35A,raw,
b90_sub_heavy_r1,GA,Medium (81-140),90,sub_heavy,128.85,3,20250416,76,BLK_76S,12,베이35A 론지용접,7,2025-04-17 01:47:53,2025-04-17 02:11:05,23.2,35A,베이35A,raw,
b90_sub_heavy_r1,GA,Medium (81-140),90,sub_heavy,128.85,3,20250416,76,BLK_76S,12,베이35A 수정,8,2025-04-17 02:11:05,2025-04-17 02:53:29,42.4,35A,베이35A,raw,
b90_sub_heavy_r1,GA,Medium (81-140),90,sub_heavy,128.85,3,20250416,29,BLK_29C,13,판계,1,2025-04-16 13:30:00,2025-04-16 13:42:00,12.0,,공통,raw,
b90_sub_heavy_r1,GA,Medium (81-140),90,sub_heavy,128.85,3,20250416,29,BLK_29C,13,전면SAW,2,2025-04-16 21:58:27,2025-04-16 22:36:19,37.9,,공통,raw,
b90_sub_heavy_r1,GA,Medium (81-140),90,sub_heavy,128.85,3,20250416,29,BLK_29C,13,TurnOver,3,2025-04-16 22:36:19,2025-04-16 22:48:19,12.0,,공통,raw,
b90_sub_heavy_r1,GA,Medium (81-140),90,sub_heavy,128.85,3,20250416,29,BLK_29C,13,후면SAW,4,2025-04-16 23:45:10,2025-04-17 00:13:53,28.7,,공통,raw,
b90_sub_heavy_r1,GA,Medium (81-140),90,sub_heavy,128.85,3,20250416,29,BLK_29C,13,NC,5,2025-04-17 00:38:23,2025-04-17 00:59:24,21.0,,공통,raw,
b90_sub_heavy_r1,GA,Medium (81-140),90,sub_heavy,128.85,3,20250416,29,BLK_29C,13,베이36B 론지취부,6,2025-04-17 00:59:24,2025-04-17 01:26:54,27.5,36B,베이36B,raw,
b90_sub_heavy_r1,GA,Medium (81-140),90,sub_heavy,128.85,3,20250416,29,BLK_29C,13,베이36B 론지용접,7,2025-04-17 01:26:54,2025-04-17 01:38:54,12.0,36B,베이36B,raw,
b90_sub_heavy_r1,GA,Medium (81-140),90,sub_heavy,128.85,3,20250416,29,BLK_29C,13,베이36B 수정,8,2025-04-17 01:38:54,2025-04-17 01:54:54,16.0,36B,베이36B,raw,
b90_sub_heavy_r1,GA,Medium (81-140),90,sub_heavy,128.85,3,20250416,78,BLK_78C,14,판계,1,2025-04-16 13:42:00,2025-04-16 14:07:00,25.0,,공통,raw,
b90_sub_heavy_r1,GA,Medium (81-140),90,sub_heavy,128.85,3,20250416,78,BLK_78C,14,전면SAW,2,2025-04-16 22:36:19,2025-04-16 23:09:30,33.2,,공통,raw,
b90_sub_heavy_r1,GA,Medium (81-140),90,sub_heavy,128.85,3,20250416,78,BLK_78C,14,TurnOver,3,2025-04-16 23:09:30,2025-04-16 23:21:30,12.0,,공통,raw,
b90_sub_heavy_r1,GA,Medium (81-140),90,sub_heavy,128.85,3,20250416,78,BLK_78C,14,후면SAW,4,2025-04-17 00:13:53,2025-04-17 00:36:25,22.5,,공통,raw,
b90_sub_heavy_r1,GA,Medium (81-140),90,sub_heavy,128.85,3,20250416,78,BLK_78C,14,NC,5,2025-04-17 00:59:24,2025-04-17 01:34:23,35.0,,공통,raw,
b90_sub_heavy_r1,GA,Medium (81-140),90,sub_heavy,128.85,3,20250416,78,BLK_78C,14,베이35A 론지취부,6,2025-04-17 01:47:53,2025-04-17 03:00:53,73.0,35A,베이35A,raw,
b90_sub_heavy_r1,GA,Medium (81-140),90,sub_heavy,128.85,3,20250416,78,BLK_78C,14,베이35A 론지용접,7,2025-04-17 03:00:53,2025-04-17 03:24:41,23.8,35A,베이35A,raw,
b90_sub_heavy_r1,GA,Medium (81-140),90,sub_heavy,128.85,3,20250416,78,BLK_78C,14,베이35A 수정,8,2025-04-17 03:24:41,2025-04-17 04:09:17,44.6,35A,베이35A,raw,
b90_sub_heavy_r1,GA,Medium (81-140),90,sub_heavy,128.85,3,20250416,86,BLK_86P,15,판계,1,2025-04-16 14:07:00,2025-04-16 14:45:00,38.0,,공통,raw,
b90_sub_heavy_r1,GA,Medium (81-140),90,sub_heavy,128.85,3,20250416,86,BLK_86P,15,전면SAW,2,2025-04-16 23:09:30,2025-04-17 01:16:04,126.6,,공통,raw,
b90_sub_heavy_r1,GA,Medium (81-140),90,sub_heavy,128.85,3,20250416,86,BLK_86P,15,TurnOver,3,2025-04-17 01:16:04,2025-04-17 01:28:04,12.0,,공통,raw,
b90_sub_heavy_r1,GA,Medium (81-140),90,sub_heavy,128.85,3,20250416,86,BLK_86P,15,후면SAW,4,2025-04-17 01:28:04,2025-04-17 03:37:39,129.6,,공통,raw,
b90_sub_heavy_r1,GA,Medium (81-140),90,sub_heavy,128.85,3,20250416,86,BLK_86P,15,NC,5,2025-04-17 03:37:39,2025-04-17 04:24:17,46.6,,공통,raw,
b90_sub_heavy_r1,GA,Medium (81-140),90,sub_heavy,128.85,3,20250416,86,BLK_86P,15,베이36B 론지취부,6,2025-04-17 04:24:17,2025-04-17 05:47:47,83.5,36B,베이36B,raw,
b90_sub_heavy_r1,GA,Medium (81-140),90,sub_heavy,128.85,3,20250416,86,BLK_86P,15,베이36B 론지용접,7,2025-04-17 05:47:47,2025-04-17 06:13:23,25.6,36B,베이36B,raw,
b90_sub_heavy_r1,GA,Medium (81-140),90,sub_heavy,128.85,3,20250416,86,BLK_86P,15,베이36B 수정,8,2025-04-17 06:13:23,2025-04-17 07:04:35,51.2,36B,베이36B,raw,
b90_sub_heavy_r1,GA,Medium (81-140),90,sub_heavy,128.85,3,20250416,33,BLK_33C,16,판계,1,2025-04-16 14:45:00,2025-04-16 15:05:00,20.0,,공통,raw,
b90_sub_heavy_r1,GA,Medium (81-140),90,sub_heavy,128.85,3,20250416,33,BLK_33C,16,전면SAW,2,2025-04-17 01:16:04,2025-04-17 02:04:33,48.5,,공통,raw,
b90_sub_heavy_r1,GA,Medium (81-140),90,sub_heavy,128.85,3,20250416,33,BLK_33C,16,TurnOver,3,2025-04-17 02:04:33,2025-04-17 02:16:33,12.0,,공통,raw,
b90_sub_heavy_r1,GA,Medium (81-140),90,sub_heavy,128.85,3,20250416,33,BLK_33C,16,후면SAW,4,2025-04-17 03:37:39,2025-04-17 04:20:20,42.7,,공통,raw,
b90_sub_heavy_r1,GA,Medium (81-140),90,sub_heavy,128.85,3,20250416,33,BLK_33C,16,NC,5,2025-04-17 04:24:17,2025-04-17 04:50:35,26.3,,공통,raw,
b90_sub_heavy_r1,GA,Medium (81-140),90,sub_heavy,128.85,3,20250416,33,BLK_33C,16,베이35A 론지취부,6,2025-04-17 04:50:35,2025-04-17 05:32:05,41.5,35A,베이35A,raw,
b90_sub_heavy_r1,GA,Medium (81-140),90,sub_heavy,128.85,3,20250416,33,BLK_33C,16,베이35A 론지용접,7,2025-04-17 05:32:05,2025-04-17 05:46:29,14.4,35A,베이35A,raw,
b90_sub_heavy_r1,GA,Medium (81-140),90,sub_heavy,128.85,3,20250416,33,BLK_33C,16,베이35A 수정,8,2025-04-17 05:46:29,2025-04-17 06:11:17,24.8,35A,베이35A,raw,
b90_sub_heavy_r1,GA,Medium (81-140),90,sub_heavy,128.85,3,20250416,30,BLK_30C,17,판계,1,2025-04-16 15:05:00,2025-04-16 15:45:00,40.0,,공통,raw,
b90_sub_heavy_r1,GA,Medium (81-140),90,sub_heavy,128.85,3,20250416,30,BLK_30C,17,전면SAW,2,2025-04-17 02:04:33,2025-04-17 04:41:55,157.4,,공통,raw,
b90_sub_heavy_r1,GA,Medium (81-140),90,sub_heavy,128.85,3,20250416,30,BLK_30C,17,TurnOver,3,2025-04-17 04:41:55,2025-04-17 04:53:55,12.0,,공통,raw,
b90_sub_heavy_r1,GA,Medium (81-140),90,sub_heavy,128.85,3,20250416,30,BLK_30C,17,후면SAW,4,2025-04-17 04:53:55,2025-04-17 06:49:55,116.0,,공통,raw,
b90_sub_heavy_r1,GA,Medium (81-140),90,sub_heavy,128.85,3,20250416,30,BLK_30C,17,NC,5,2025-04-17 06:49:55,2025-04-17 07:37:12,47.3,,공통,raw,
b90_sub_heavy_r1,GA,Medium (81-140),90,sub_heavy,128.85,3,20250416,30,BLK_30C,17,베이36B 론지취부,6,2025-04-17 07:37:12,2025-04-17 08:39:42,62.5,36B,베이36B,raw,
b90_sub_heavy_r1,GA,Medium (81-140),90,sub_heavy,128.85,3,20250416,30,BLK_30C,17,베이36B 론지용접,7,2025-04-17 08:39:42,2025-04-17 09:01:42,22.0,36B,베이36B,raw,
b90_sub_heavy_r1,GA,Medium (81-140),90,sub_heavy,128.85,3,20250416,30,BLK_30C,17,베이36B 수정,8,2025-04-17 09:01:42,2025-04-17 09:39:42,38.0,36B,베이36B,raw,
b90_sub_heavy_r1,GA,Medium (81-140),90,sub_heavy,128.85,3,20250416,25,BLK_25S,18,판계,1,2025-04-16 15:45:00,2025-04-16 15:57:00,12.0,,공통,raw,
b90_sub_heavy_r1,GA,Medium (81-140),90,sub_heavy,128.85,3,20250416,25,BLK_25S,18,전면SAW,2,2025-04-17 04:41:55,2025-04-17 05:23:53,42.0,,공통,raw,
b90_sub_heavy_r1,GA,Medium (81-140),90,sub_heavy,128.85,3,20250416,25,BLK_25S,18,TurnOver,3,2025-04-17 05:23:53,2025-04-17 05:35:53,12.0,,공통,raw,
b90_sub_heavy_r1,GA,Medium (81-140),90,sub_heavy,128.85,3,20250416,25,BLK_25S,18,후면SAW,4,2025-04-17 06:49:55,2025-04-17 07:24:02,34.1,,공통,raw,
b90_sub_heavy_r1,GA,Medium (81-140),90,sub_heavy,128.85,3,20250416,25,BLK_25S,18,NC,5,2025-04-17 07:37:12,2025-04-17 07:58:24,21.2,,공통,raw,
b90_sub_heavy_r1,GA,Medium (81-140),90,sub_heavy,128.85,3,20250416,25,BLK_25S,18,베이35A 론지취부,6,2025-04-17 07:58:24,2025-04-17 08:32:54,34.5,35A,베이35A,raw,
b90_sub_heavy_r1,GA,Medium (81-140),90,sub_heavy,128.85,3,20250416,25,BLK_25S,18,베이35A 론지용접,7,2025-04-17 08:32:54,2025-04-17 08:46:06,13.2,35A,베이35A,raw,
b90_sub_heavy_r1,GA,Medium (81-140),90,sub_heavy,128.85,3,20250416,25,BLK_25S,18,베이35A 수정,8,2025-04-17 08:46:06,2025-04-17 09:06:30,20.4,35A,베이35A,raw,
b90_sub_heavy_r1,GA,Medium (81-140),90,sub_heavy,128.85,3,20250416,28,BLK_28P,19,판계,1,2025-04-16 15:57:00,2025-04-16 16:42:00,45.0,,공통,raw,
b90_sub_heavy_r1,GA,Medium (81-140),90,sub_heavy,128.85,3,20250416,28,BLK_28P,19,전면SAW,2,2025-04-17 05:23:53,2025-04-17 06:00:58,37.1,,공통,raw,
b90_sub_heavy_r1,GA,Medium (81-140),90,sub_heavy,128.85,3,20250416,28,BLK_28P,19,TurnOver,3,2025-04-17 06:00:58,2025-04-17 06:12:58,12.0,,공통,raw,
b90_sub_heavy_r1,GA,Medium (81-140),90,sub_heavy,128.85,3,20250416,28,BLK_28P,19,후면SAW,4,2025-04-17 07:24:02,2025-04-17 07:51:42,27.7,,공통,raw,
b90_sub_heavy_r1,GA,Medium (81-140),90,sub_heavy,128.85,3,20250416,28,BLK_28P,19,NC,5,2025-04-17 07:58:24,2025-04-17 08:48:22,50.0,,공통,raw,
b90_sub_heavy_r1,GA,Medium (81-140),90,sub_heavy,128.85,3,20250416,28,BLK_28P,19,베이36B 론지취부,6,2025-04-17 08:48:22,2025-04-17 09:57:52,69.5,36B,베이36B,raw,
b90_sub_heavy_r1,GA,Medium (81-140),90,sub_heavy,128.85,3,20250416,28,BLK_28P,19,베이36B 론지용접,7,2025-04-17 09:57:52,2025-04-17 10:21:04,23.2,36B,베이36B,raw,
b90_sub_heavy_r1,GA,Medium (81-140),90,sub_heavy,128.85,3,20250416,28,BLK_28P,19,베이36B 수정,8,2025-04-17 10:21:04,2025-04-17 11:03:28,42.4,36B,베이36B,raw,
b90_sub_heavy_r1,GA,Medium (81-140),90,sub_heavy,128.85,3,20250416,82,BLK_82C,20,판계,1,2025-04-16 16:42:00,2025-04-16 17:15:00,33.0,,공통,raw,
b90_sub_heavy_r1,GA,Medium (81-140),90,sub_heavy,128.85,3,20250416,82,BLK_82C,20,전면SAW,2,2025-04-17 06:00:58,2025-04-17 07:23:28,82.5,,공통,raw,
b90_sub_heavy_r1,GA,Medium (81-140),90,sub_heavy,128.85,3,20250416,82,BLK_82C,20,TurnOver,3,2025-04-17 07:23:28,2025-04-17 07:35:28,12.0,,공통,raw,
b90_sub_heavy_r1,GA,Medium (81-140),90,sub_heavy,128.85,3,20250416,82,BLK_82C,20,후면SAW,4,2025-04-17 07:51:42,2025-04-17 08:54:42,63.0,,공통,raw,
b90_sub_heavy_r1,GA,Medium (81-140),90,sub_heavy,128.85,3,20250416,82,BLK_82C,20,NC,5,2025-04-17 08:54:42,2025-04-17 09:31:43,37.0,,공통,raw,
b90_sub_heavy_r1,GA,Medium (81-140),90,sub_heavy,128.85,3,20250416,82,BLK_82C,20,베이35A 론지취부,6,2025-04-17 09:31:43,2025-04-17 10:16:43,45.0,35A,베이35A,raw,
b90_sub_heavy_r1,GA,Medium (81-140),90,sub_heavy,128.85,3,20250416,82,BLK_82C,20,베이35A 론지용접,7,2025-04-17 10:16:43,2025-04-17 10:35:43,19.0,35A,베이35A,raw,
b90_sub_heavy_r1,GA,Medium (81-140),90,sub_heavy,128.85,3,20250416,82,BLK_82C,20,베이35A 수정,8,2025-04-17 10:35:43,2025-04-17 11:02:43,27.0,35A,베이35A,raw,
b90_sub_heavy_r1,GA,Medium (81-140),90,sub_heavy,128.85,3,20250416,23,BLK_23S,21,판계,1,2025-04-16 17:15:00,2025-04-16 17:45:00,30.0,,공통,raw,
b90_sub_heavy_r1,GA,Medium (81-140),90,sub_heavy,128.85,3,20250416,23,BLK_23S,21,전면SAW,2,2025-04-17 07:23:28,2025-04-17 07:53:55,30.4,,공통,raw,
b90_sub_heavy_r1,GA,Medium (81-140),90,sub_heavy,128.85,3,20250416,23,BLK_23S,21,TurnOver,3,2025-04-17 07:53:55,2025-04-17 08:05:55,12.0,,공통,raw,
b90_sub_heavy_r1,GA,Medium (81-140),90,sub_heavy,128.85,3,20250416,23,BLK_23S,21,후면SAW,4,2025-04-17 08:54:42,2025-04-17 09:13:38,18.9,,공통,raw,
b90_sub_heavy_r1,GA,Medium (81-140),90,sub_heavy,128.85,3,20250416,23,BLK_23S,21,NC,5,2025-04-17 09:31:43,2025-04-17 10:12:57,41.2,,공통,raw,
b90_sub_heavy_r1,GA,Medium (81-140),90,sub_heavy,128.85,3,20250416,23,BLK_23S,21,베이36B 론지취부,6,2025-04-17 10:12:57,2025-04-17 11:08:27,55.5,36B,베이36B,raw,
b90_sub_heavy_r1,GA,Medium (81-140),90,sub_heavy,128.85,3,20250416,23,BLK_23S,21,베이36B 론지용접,7,2025-04-17 11:08:27,2025-04-17 11:29:15,20.8,36B,베이36B,raw,
b90_sub_heavy_r1,GA,Medium (81-140),90,sub_heavy,128.85,3,20250416,23,BLK_23S,21,베이36B 수정,8,2025-04-17 11:29:15,2025-04-17 12:02:51,33.6,36B,베이36B,raw,
b90_sub_heavy_r1,GA,Medium (81-140),90,sub_heavy,128.85,3,20250417,85,BLK_85P,1,판계,1,2025-04-17 08:00:00,2025-04-17 08:30:00,30.0,,공통,raw,
b90_sub_heavy_r1,GA,Medium (81-140),90,sub_heavy,128.85,3,20250417,85,BLK_85P,1,전면SAW,2,2025-04-17 08:30:00,2025-04-17 09:01:12,31.2,,공통,raw,
b90_sub_heavy_r1,GA,Medium (81-140),90,sub_heavy,128.85,3,20250417,85,BLK_85P,1,TurnOver,3,2025-04-17 09:01:12,2025-04-17 09:13:12,12.0,,공통,raw,
b90_sub_heavy_r1,GA,Medium (81-140),90,sub_heavy,128.85,3,20250417,85,BLK_85P,1,후면SAW,4,2025-04-17 09:13:38,2025-04-17 09:33:34,19.9,,공통,raw,
b90_sub_heavy_r1,GA,Medium (81-140),90,sub_heavy,128.85,3,20250417,85,BLK_85P,1,NC,5,2025-04-17 10:12:57,2025-04-17 10:54:54,42.0,,공통,raw,
b90_sub_heavy_r1,GA,Medium (81-140),90,sub_heavy,128.85,3,20250417,85,BLK_85P,1,베이35A 론지취부,6,2025-04-17 10:54:54,2025-04-17 11:53:54,59.0,35A,베이35A,raw,
b90_sub_heavy_r1,GA,Medium (81-140),90,sub_heavy,128.85,3,20250417,85,BLK_85P,1,베이35A 론지용접,7,2025-04-17 11:53:54,2025-04-17 12:15:18,21.4,35A,베이35A,raw,
b90_sub_heavy_r1,GA,Medium (81-140),90,sub_heavy,128.85,3,20250417,85,BLK_85P,1,베이35A 수정,8,2025-04-17 12:15:18,2025-04-17 12:51:06,35.8,35A,베이35A,raw,
b90_sub_heavy_r1,GA,Medium (81-140),90,sub_heavy,128.85,3,20250417,31,BLK_31P,2,판계,1,2025-04-17 08:30:00,2025-04-17 09:00:00,30.0,,공통,raw,
b90_sub_heavy_r1,GA,Medium (81-140),90,sub_heavy,128.85,3,20250417,31,BLK_31P,2,전면SAW,2,2025-04-17 09:01:12,2025-04-17 09:34:16,33.1,,공통,raw,
b90_sub_heavy_r1,GA,Medium (81-140),90,sub_heavy,128.85,3,20250417,31,BLK_31P,2,TurnOver,3,2025-04-17 09:34:16,2025-04-17 09:46:16,12.0,,공통,raw,
b90_sub_heavy_r1,GA,Medium (81-140),90,sub_heavy,128.85,3,20250417,31,BLK_31P,2,후면SAW,4,2025-04-17 09:46:16,2025-04-17 10:08:39,22.4,,공통,raw,
b90_sub_heavy_r1,GA,Medium (81-140),90,sub_heavy,128.85,3,20250417,31,BLK_31P,2,NC,5,2025-04-17 10:54:54,2025-04-17 11:44:21,49.4,,공통,raw,
b90_sub_heavy_r1,GA,Medium (81-140),90,sub_heavy,128.85,3,20250417,31,BLK_31P,2,베이36B 론지취부,6,2025-04-17 11:44:21,2025-04-17 12:36:21,52.0,36B,베이36B,raw,
b90_sub_heavy_r1,GA,Medium (81-140),90,sub_heavy,128.85,3,20250417,31,BLK_31P,2,베이36B 론지용접,7,2025-04-17 12:36:21,2025-04-17 12:56:33,20.2,36B,베이36B,raw,
b90_sub_heavy_r1,GA,Medium (81-140),90,sub_heavy,128.85,3,20250417,31,BLK_31P,2,베이36B 수정,8,2025-04-17 12:56:33,2025-04-17 13:27:57,31.4,36B,베이36B,raw,
b90_sub_heavy_r1,GA,Medium (81-140),90,sub_heavy,128.85,3,20250417,68,BLK_68P,3,판계,1,2025-04-17 09:00:00,2025-04-17 09:30:00,30.0,,공통,raw,
b90_sub_heavy_r1,GA,Medium (81-140),90,sub_heavy,128.85,3,20250417,68,BLK_68P,3,전면SAW,2,2025-04-17 09:34:16,2025-04-17 10:05:50,31.6,,공통,raw,
b90_sub_heavy_r1,GA,Medium (81-140),90,sub_heavy,128.85,3,20250417,68,BLK_68P,3,TurnOver,3,2025-04-17 10:05:50,2025-04-17 10:17:50,12.0,,공통,raw,
b90_sub_heavy_r1,GA,Medium (81-140),90,sub_heavy,128.85,3,20250417,68,BLK_68P,3,후면SAW,4,2025-04-17 10:17:50,2025-04-17 10:38:15,20.4,,공통,raw,
b90_sub_heavy_r1,GA,Medium (81-140),90,sub_heavy,128.85,3,20250417,68,BLK_68P,3,NC,5,2025-04-17 11:44:21,2025-04-17 12:33:37,49.3,,공통,raw,
b90_sub_heavy_r1,GA,Medium (81-140),90,sub_heavy,128.85,3,20250417,68,BLK_68P,3,베이35A 론지취부,6,2025-04-17 12:33:37,2025-04-17 14:04:07,90.5,35A,베이35A,raw,
b90_sub_heavy_r1,GA,Medium (81-140),90,sub_heavy,128.85,3,20250417,68,BLK_68P,3,베이35A 론지용접,7,2025-04-17 14:04:07,2025-04-17 14:30:55,26.8,35A,베이35A,raw,
b90_sub_heavy_r1,GA,Medium (81-140),90,sub_heavy,128.85,3,20250417,68,BLK_68P,3,베이35A 수정,8,2025-04-17 14:30:55,2025-04-17 15:26:31,55.6,35A,베이35A,raw,
b90_sub_heavy_r1,GA,Medium (81-140),90,sub_heavy,128.85,3,20250417,77,BLK_77S,4,판계,1,2025-04-17 09:30:00,2025-04-17 10:08:00,38.0,,공통,raw,
b90_sub_heavy_r1,GA,Medium (81-140),90,sub_heavy,128.85,3,20250417,77,BLK_77S,4,전면SAW,2,2025-04-17 10:08:00,2025-04-17 11:30:39,82.7,,공통,raw,
b90_sub_heavy_r1,GA,Medium (81-140),90,sub_heavy,128.85,3,20250417,77,BLK_77S,4,TurnOver,3,2025-04-17 11:30:39,2025-04-17 11:42:39,12.0,,공통,raw,
b90_sub_heavy_r1,GA,Medium (81-140),90,sub_heavy,128.85,3,20250417,77,BLK_77S,4,후면SAW,4,2025-04-17 11:42:39,2025-04-17 12:45:46,63.1,,공통,raw,
b90_sub_heavy_r1,GA,Medium (81-140),90,sub_heavy,128.85,3,20250417,77,BLK_77S,4,NC,5,2025-04-17 12:45:46,2025-04-17 13:30:22,44.6,,공통,raw,
b90_sub_heavy_r1,GA,Medium (81-140),90,sub_heavy,128.85,3,20250417,77,BLK_77S,4,베이36B 론지취부,6,2025-04-17 13:30:22,2025-04-17 14:22:22,52.0,36B,베이36B,raw,
b90_sub_heavy_r1,GA,Medium (81-140),90,sub_heavy,128.85,3,20250417,77,BLK_77S,4,베이36B 론지용접,7,2025-04-17 14:22:22,2025-04-17 14:42:34,20.2,36B,베이36B,raw,
b90_sub_heavy_r1,GA,Medium (81-140),90,sub_heavy,128.85,3,20250417,77,BLK_77S,4,베이36B 수정,8,2025-04-17 14:42:34,2025-04-17 15:13:58,31.4,36B,베이36B,raw,
b90_sub_heavy_r1,GA,Medium (81-140),90,sub_heavy,128.85,3,20250417,71,BLK_71P,5,판계,1,2025-04-17 10:08:00,2025-04-17 10:33:00,25.0,,공통,raw,
b90_sub_heavy_r1,GA,Medium (81-140),90,sub_heavy,128.85,3,20250417,71,BLK_71P,5,전면SAW,2,2025-04-17 11:30:39,2025-04-17 12:02:46,32.1,,공통,raw,
b90_sub_heavy_r1,GA,Medium (81-140),90,sub_heavy,128.85,3,20250417,71,BLK_71P,5,TurnOver,3,2025-04-17 12:02:46,2025-04-17 12:14:46,12.0,,공통,raw,
b90_sub_heavy_r1,GA,Medium (81-140),90,sub_heavy,128.85,3,20250417,71,BLK_71P,5,후면SAW,4,2025-04-17 12:45:46,2025-04-17 13:06:55,21.1,,공통,raw,
b90_sub_heavy_r1,GA,Medium (81-140),90,sub_heavy,128.85,3,20250417,71,BLK_71P,5,NC,5,2025-04-17 13:30:22,2025-04-17 14:03:05,32.7,,공통,raw,
b90_sub_heavy_r1,GA,Medium (81-140),90,sub_heavy,128.85,3,20250417,71,BLK_71P,5,베이35A 론지취부,6,2025-04-17 14:04:07,2025-04-17 14:59:37,55.5,35A,베이35A,raw,
b90_sub_heavy_r1,GA,Medium (81-140),90,sub_heavy,128.85,3,20250417,71,BLK_71P,5,베이35A 론지용접,7,2025-04-17 14:59:37,2025-04-17 15:20:25,20.8,35A,베이35A,raw,
b90_sub_heavy_r1,GA,Medium (81-140),90,sub_heavy,128.85,3,20250417,71,BLK_71P,5,베이35A 수정,8,2025-04-17 15:26:31,2025-04-17 16:00:07,33.6,35A,베이35A,raw,
b90_sub_heavy_r1,GA,Medium (81-140),90,sub_heavy,128.85,3,20250417,64,BLK_64C,6,판계,1,2025-04-17 10:33:00,2025-04-17 10:58:00,25.0,,공통,raw,
b90_sub_heavy_r1,GA,Medium (81-140),90,sub_heavy,128.85,3,20250417,64,BLK_64C,6,전면SAW,2,2025-04-17 12:02:46,2025-04-17 12:36:01,33.2,,공통,raw,
b90_sub_heavy_r1,GA,Medium (81-140),90,sub_heavy,128.85,3,20250417,64,BLK_64C,6,TurnOver,3,2025-04-17 12:36:01,2025-04-17 12:48:01,12.0,,공통,raw,
b90_sub_heavy_r1,GA,Medium (81-140),90,sub_heavy,128.85,3,20250417,64,BLK_64C,6,후면SAW,4,2025-04-17 13:06:55,2025-04-17 13:29:31,22.6,,공통,raw,
b90_sub_heavy_r1,GA,Medium (81-140),90,sub_heavy,128.85,3,20250417,64,BLK_64C,6,NC,5,2025-04-17 14:03:05,2025-04-17 14:39:16,36.2,,공통,raw,
b90_sub_heavy_r1,GA,Medium (81-140),90,sub_heavy,128.85,3,20250417,64,BLK_64C,6,베이36B 론지취부,6,2025-04-17 14:39:16,2025-04-17 15:27:46,48.5,36B,베이36B,raw,
b90_sub_heavy_r1,GA,Medium (81-140),90,sub_heavy,128.85,3,20250417,64,BLK_64C,6,베이36B 론지용접,7,2025-04-17 15:27:46,2025-04-17 15:47:22,19.6,36B,베이36B,raw,
b90_sub_heavy_r1,GA,Medium (81-140),90,sub_heavy,128.85,3,20250417,64,BLK_64C,6,베이36B 수정,8,2025-04-17 15:47:22,2025-04-17 16:16:34,29.2,36B,베이36B,raw,
b90_sub_heavy_r1,GA,Medium (81-140),90,sub_heavy,128.85,3,20250417,16,BLK_16S,7,판계,1,2025-04-17 10:58:00,2025-04-17 11:50:00,52.0,,공통,raw,
b90_sub_heavy_r1,GA,Medium (81-140),90,sub_heavy,128.85,3,20250417,16,BLK_16S,7,전면SAW,2,2025-04-17 12:36:01,2025-04-17 13:08:52,32.9,,공통,raw,
b90_sub_heavy_r1,GA,Medium (81-140),90,sub_heavy,128.85,3,20250417,16,BLK_16S,7,TurnOver,3,2025-04-17 13:08:52,2025-04-17 13:20:52,12.0,,공통,raw,
b90_sub_heavy_r1,GA,Medium (81-140),90,sub_heavy,128.85,3,20250417,16,BLK_16S,7,후면SAW,4,2025-04-17 13:29:31,2025-04-17 13:51:37,22.1,,공통,raw,
b90_sub_heavy_r1,GA,Medium (81-140),90,sub_heavy,128.85,3,20250417,16,BLK_16S,7,NC,5,2025-04-17 14:39:16,2025-04-17 15:32:48,53.5,,공통,raw,
b90_sub_heavy_r1,GA,Medium (81-140),90,sub_heavy,128.85,3,20250417,16,BLK_16S,7,베이36B 론지취부,6,2025-04-17 15:32:48,2025-04-17 16:10:48,38.0,36B,베이36B,raw,
b90_sub_heavy_r1,GA,Medium (81-140),90,sub_heavy,128.85,3,20250417,16,BLK_16S,7,베이36B 론지용접,7,2025-04-17 16:10:48,2025-04-17 16:28:36,17.8,36B,베이36B,raw,
b90_sub_heavy_r1,GA,Medium (81-140),90,sub_heavy,128.85,3,20250417,16,BLK_16S,7,베이36B 수정,8,2025-04-17 16:28:36,2025-04-17 16:51:12,22.6,36B,베이36B,raw,
b90_sub_heavy_r1,GA,Medium (81-140),90,sub_heavy,128.85,3,20250414,90,BLK_50P,38,판계,1,2025-04-14 15:09:00,2025-04-14 15:47:00,38.0,,공통,inferred_subassembly_member,50
b90_sub_heavy_r1,GA,Medium (81-140),90,sub_heavy,128.85,3,20250414,90,BLK_50P,38,전면SAW,2,2025-04-15 03:35:21,2025-04-15 05:05:22,90.0,,공통,inferred_subassembly_member,50
b90_sub_heavy_r1,GA,Medium (81-140),90,sub_heavy,128.85,3,20250414,90,BLK_50P,38,TurnOver,3,2025-04-15 05:05:22,2025-04-15 05:17:22,12.0,,공통,inferred_subassembly_member,50
b90_sub_heavy_r1,GA,Medium (81-140),90,sub_heavy,128.85,3,20250414,90,BLK_50P,38,후면SAW,4,2025-04-15 05:38:07,2025-04-15 06:47:57,69.8,,공통,inferred_subassembly_member,50
b90_sub_heavy_r1,GA,Medium (81-140),90,sub_heavy,128.85,3,20250414,90,BLK_50P,38,NC,5,2025-04-15 06:47:57,2025-04-15 07:32:56,45.0,,공통,inferred_subassembly_member,50
b90_sub_heavy_r1,GA,Medium (81-140),90,sub_heavy,128.85,3,20250414,90,BLK_50P,38,베이35A 론지취부,6,2025-04-15 07:32:56,2025-04-15 08:42:26,69.5,35A,베이35A,inferred_subassembly_member,50
b90_sub_heavy_r1,GA,Medium (81-140),90,sub_heavy,128.85,3,20250414,90,BLK_50P,38,베이35A 론지용접,7,2025-04-15 08:42:26,2025-04-15 09:05:38,23.2,35A,베이35A,inferred_subassembly_member,50
b90_sub_heavy_r1,GA,Medium (81-140),90,sub_heavy,128.85,3,20250414,90,BLK_50P,38,베이35A 수정,8,2025-04-15 09:05:38,2025-04-15 09:48:02,42.4,35A,베이35A,inferred_subassembly_member,50
b90_sub_heavy_r1,GA,Medium (81-140),90,sub_heavy,128.85,3,20250414,87,BLK_14C,43,판계,1,2025-04-14 17:45:00,2025-04-14 18:18:00,33.0,,공통,inferred_subassembly_member,14
b90_sub_heavy_r1,GA,Medium (81-140),90,sub_heavy,128.85,3,20250414,87,BLK_14C,43,전면SAW,2,2025-04-15 08:15:12,2025-04-15 09:56:22,101.2,,공통,inferred_subassembly_member,14
b90_sub_heavy_r1,GA,Medium (81-140),90,sub_heavy,128.85,3,20250414,87,BLK_14C,43,TurnOver,3,2025-04-15 09:56:22,2025-04-15 10:08:22,12.0,,공통,inferred_subassembly_member,14
b90_sub_heavy_r1,GA,Medium (81-140),90,sub_heavy,128.85,3,20250414,87,BLK_14C,43,후면SAW,4,2025-04-15 10:08:22,2025-04-15 11:28:21,80.0,,공통,inferred_subassembly_member,14
b90_sub_heavy_r1,GA,Medium (81-140),90,sub_heavy,128.85,3,20250414,87,BLK_14C,43,NC,5,2025-04-15 11:28:21,2025-04-15 12:11:04,42.7,,공통,inferred_subassembly_member,14
b90_sub_heavy_r1,GA,Medium (81-140),90,sub_heavy,128.85,3,20250414,87,BLK_14C,43,베이36B 론지취부,6,2025-04-15 12:11:04,2025-04-15 13:31:04,80.0,36B,베이36B,inferred_subassembly_member,14
b90_sub_heavy_r1,GA,Medium (81-140),90,sub_heavy,128.85,3,20250414,87,BLK_14C,43,베이36B 론지용접,7,2025-04-15 13:31:04,2025-04-15 13:56:04,25.0,36B,베이36B,inferred_subassembly_member,14
b90_sub_heavy_r1,GA,Medium (81-140),90,sub_heavy,128.85,3,20250414,87,BLK_14C,43,베이36B 수정,8,2025-04-15 13:56:04,2025-04-15 14:45:04,49.0,36B,베이36B,inferred_subassembly_member,14
b90_sub_heavy_r1,GA,Medium (81-140),90,sub_heavy,128.85,3,20250415,89,BLK_69C,55,판계,1,2025-04-15 13:50:00,2025-04-15 14:35:00,45.0,,공통,inferred_subassembly_member,69
b90_sub_heavy_r1,GA,Medium (81-140),90,sub_heavy,128.85,3,20250415,89,BLK_69C,55,전면SAW,2,2025-04-15 22:21:12,2025-04-16 01:31:12,190.0,,공통,inferred_subassembly_member,69
b90_sub_heavy_r1,GA,Medium (81-140),90,sub_heavy,128.85,3,20250415,89,BLK_69C,55,TurnOver,3,2025-04-16 01:31:12,2025-04-16 01:43:12,12.0,,공통,inferred_subassembly_member,69
b90_sub_heavy_r1,GA,Medium (81-140),90,sub_heavy,128.85,3,20250415,89,BLK_69C,55,후면SAW,4,2025-04-16 01:43:12,2025-04-16 04:08:15,145.1,,공통,inferred_subassembly_member,69
b90_sub_heavy_r1,GA,Medium (81-140),90,sub_heavy,128.85,3,20250415,89,BLK_69C,55,NC,5,2025-04-16 04:08:15,2025-04-16 05:07:12,59.0,,공통,inferred_subassembly_member,69
b90_sub_heavy_r1,GA,Medium (81-140),90,sub_heavy,128.85,3,20250415,89,BLK_69C,55,베이36B 론지취부,6,2025-04-16 05:07:12,2025-04-16 06:37:42,90.5,36B,베이36B,inferred_subassembly_member,69
b90_sub_heavy_r1,GA,Medium (81-140),90,sub_heavy,128.85,3,20250415,89,BLK_69C,55,베이36B 론지용접,7,2025-04-16 06:37:42,2025-04-16 07:04:30,26.8,36B,베이36B,inferred_subassembly_member,69
b90_sub_heavy_r1,GA,Medium (81-140),90,sub_heavy,128.85,3,20250415,89,BLK_69C,55,베이36B 수정,8,2025-04-16 07:04:30,2025-04-16 08:00:06,55.6,36B,베이36B,inferred_subassembly_member,69
b90_sub_heavy_r1,GA,Medium (81-140),90,sub_heavy,128.85,3,20250416,88,BLK_62C,66,판계,1,2025-04-16 11:15:00,2025-04-16 11:45:00,30.0,,공통,inferred_subassembly_member,62
b90_sub_heavy_r1,GA,Medium (81-140),90,sub_heavy,128.85,3,20250416,88,BLK_62C,66,전면SAW,2,2025-04-16 17:35:06,2025-04-16 18:04:24,29.3,,공통,inferred_subassembly_member,62
b90_sub_heavy_r1,GA,Medium (81-140),90,sub_heavy,128.85,3,20250416,88,BLK_62C,66,TurnOver,3,2025-04-16 18:04:24,2025-04-16 18:16:24,12.0,,공통,inferred_subassembly_member,62
b90_sub_heavy_r1,GA,Medium (81-140),90,sub_heavy,128.85,3,20250416,88,BLK_62C,66,후면SAW,4,2025-04-16 19:50:07,2025-04-16 20:07:33,17.4,,공통,inferred_subassembly_member,62
b90_sub_heavy_r1,GA,Medium (81-140),90,sub_heavy,128.85,3,20250416,88,BLK_62C,66,NC,5,2025-04-16 20:45:29,2025-04-16 21:25:29,40.0,,공통,inferred_subassembly_member,62
b90_sub_heavy_r1,GA,Medium (81-140),90,sub_heavy,128.85,3,20250416,88,BLK_62C,66,베이35A 론지취부,6,2025-04-16 21:25:29,2025-04-16 22:20:59,55.5,35A,베이35A,inferred_subassembly_member,62
b90_sub_heavy_r1,GA,Medium (81-140),90,sub_heavy,128.85,3,20250416,88,BLK_62C,66,베이35A 론지용접,7,2025-04-16 22:20:59,2025-04-16 22:41:47,20.8,35A,베이35A,inferred_subassembly_member,62
b90_sub_heavy_r1,GA,Medium (81-140),90,sub_heavy,128.85,3,20250416,88,BLK_62C,66,베이35A 수정,8,2025-04-16 22:41:47,2025-04-16 23:15:23,33.6,35A,베이35A,inferred_subassembly_member,62
