grid_case_id,method_label,block_id,block_name,sequence,process_name,process_index,start_time,end_time,duration_min,assigned_bay,machine_type
b200_mixed_ps_sub_r1,SPT,1,BLK_1C,1,판계,1,2025-10-26 08:00:00,2025-10-26 08:25:00,25.0,,공통
b200_mixed_ps_sub_r1,SPT,1,BLK_1C,1,전면SAW,2,2025-10-26 08:25:00,2025-10-26 08:54:33,29.6,,공통
b200_mixed_ps_sub_r1,SPT,1,BLK_1C,1,TurnOver,3,2025-10-26 08:54:33,2025-10-26 09:06:33,12.0,,공통
b200_mixed_ps_sub_r1,SPT,1,BLK_1C,1,후면SAW,4,2025-10-26 09:06:33,2025-10-26 09:24:19,17.8,,공통
b200_mixed_ps_sub_r1,SPT,1,BLK_1C,1,NC,5,2025-10-26 09:24:19,2025-10-26 09:58:25,34.1,,공통
b200_mixed_ps_sub_r1,SPT,1,BLK_1C,1,베이35A 론지취부,6,2025-10-26 09:58:25,2025-10-26 10:39:55,41.5,35A,베이35A
b200_mixed_ps_sub_r1,SPT,1,BLK_1C,1,베이35A 론지용접,7,2025-10-26 10:39:55,2025-10-26 10:58:19,18.4,35A,베이35A
b200_mixed_ps_sub_r1,SPT,1,BLK_1C,1,베이35A 수정,8,2025-10-26 10:58:19,2025-10-26 11:23:07,24.8,35A,베이35A
b200_mixed_ps_sub_r1,SPT,5,BLK_5P,2,판계,1,2025-10-26 08:25:00,2025-10-26 08:55:00,30.0,,공통
b200_mixed_ps_sub_r1,SPT,5,BLK_5P,2,전면SAW,2,2025-10-26 08:55:00,2025-10-26 09:33:40,38.7,,공통
b200_mixed_ps_sub_r1,SPT,5,BLK_5P,2,TurnOver,3,2025-10-26 09:33:40,2025-10-26 09:45:40,12.0,,공통
b200_mixed_ps_sub_r1,SPT,5,BLK_5P,2,후면SAW,4,2025-10-26 09:45:40,2025-10-26 10:15:25,29.8,,공통
b200_mixed_ps_sub_r1,SPT,5,BLK_5P,2,NC,5,2025-10-26 10:15:25,2025-10-26 10:57:36,42.2,,공통
b200_mixed_ps_sub_r1,SPT,5,BLK_5P,2,베이36B 론지취부,6,2025-10-26 10:57:36,2025-10-26 11:56:36,59.0,36B,베이36B
b200_mixed_ps_sub_r1,SPT,5,BLK_5P,2,베이36B 론지용접,7,2025-10-26 11:56:36,2025-10-26 12:18:00,21.4,36B,베이36B
b200_mixed_ps_sub_r1,SPT,5,BLK_5P,2,베이36B 수정,8,2025-10-26 12:18:00,2025-10-26 12:53:48,35.8,36B,베이36B
b200_mixed_ps_sub_r1,SPT,188,BLK_5S,3,판계,1,2025-10-26 08:55:00,2025-10-26 09:25:00,30.0,,공통
b200_mixed_ps_sub_r1,SPT,188,BLK_5S,3,전면SAW,2,2025-10-26 09:33:40,2025-10-26 10:12:20,38.7,,공통
b200_mixed_ps_sub_r1,SPT,188,BLK_5S,3,TurnOver,3,2025-10-26 10:12:20,2025-10-26 10:24:20,12.0,,공통
b200_mixed_ps_sub_r1,SPT,188,BLK_5S,3,후면SAW,4,2025-10-26 10:24:20,2025-10-26 10:54:06,29.8,,공통
b200_mixed_ps_sub_r1,SPT,188,BLK_5S,3,NC,5,2025-10-26 10:57:36,2025-10-26 11:39:47,42.2,,공통
b200_mixed_ps_sub_r1,SPT,188,BLK_5S,3,베이35A 론지취부,6,2025-10-26 11:39:47,2025-10-26 12:38:47,59.0,35A,베이35A
b200_mixed_ps_sub_r1,SPT,188,BLK_5S,3,베이35A 론지용접,7,2025-10-26 12:38:47,2025-10-26 13:00:11,21.4,35A,베이35A
b200_mixed_ps_sub_r1,SPT,188,BLK_5S,3,베이35A 수정,8,2025-10-26 13:00:11,2025-10-26 13:35:59,35.8,35A,베이35A
b200_mixed_ps_sub_r1,SPT,17,BLK_17P,4,판계,1,2025-10-26 09:25:00,2025-10-26 09:58:00,33.0,,공통
b200_mixed_ps_sub_r1,SPT,17,BLK_17P,4,전면SAW,2,2025-10-26 10:12:20,2025-10-26 12:07:47,115.5,,공통
b200_mixed_ps_sub_r1,SPT,17,BLK_17P,4,TurnOver,3,2025-10-26 12:07:47,2025-10-26 12:19:47,12.0,,공통
b200_mixed_ps_sub_r1,SPT,17,BLK_17P,4,후면SAW,4,2025-10-26 12:19:47,2025-10-26 13:52:48,93.0,,공통
b200_mixed_ps_sub_r1,SPT,17,BLK_17P,4,NC,5,2025-10-26 13:52:48,2025-10-26 14:34:22,41.6,,공통
b200_mixed_ps_sub_r1,SPT,17,BLK_17P,4,베이36B 론지취부,6,2025-10-26 14:34:22,2025-10-26 15:50:52,76.5,36B,베이36B
b200_mixed_ps_sub_r1,SPT,17,BLK_17P,4,베이36B 론지용접,7,2025-10-26 15:50:52,2025-10-26 16:15:16,24.4,36B,베이36B
b200_mixed_ps_sub_r1,SPT,17,BLK_17P,4,베이36B 수정,8,2025-10-26 16:15:16,2025-10-26 17:02:04,46.8,36B,베이36B
b200_mixed_ps_sub_r1,SPT,25,BLK_25S,5,판계,1,2025-10-26 09:58:00,2025-10-26 10:10:00,12.0,,공통
b200_mixed_ps_sub_r1,SPT,25,BLK_25S,5,전면SAW,2,2025-10-26 12:07:47,2025-10-26 12:46:47,39.0,,공통
b200_mixed_ps_sub_r1,SPT,25,BLK_25S,5,TurnOver,3,2025-10-26 12:46:47,2025-10-26 12:58:47,12.0,,공통
b200_mixed_ps_sub_r1,SPT,25,BLK_25S,5,후면SAW,4,2025-10-26 13:52:48,2025-10-26 14:23:00,30.2,,공통
b200_mixed_ps_sub_r1,SPT,25,BLK_25S,5,NC,5,2025-10-26 14:34:22,2025-10-26 14:55:26,21.1,,공통
b200_mixed_ps_sub_r1,SPT,25,BLK_25S,5,베이35A 론지취부,6,2025-10-26 14:55:26,2025-10-26 15:22:56,27.5,35A,베이35A
b200_mixed_ps_sub_r1,SPT,25,BLK_25S,5,베이35A 론지용접,7,2025-10-26 15:22:56,2025-10-26 15:34:56,12.0,35A,베이35A
b200_mixed_ps_sub_r1,SPT,25,BLK_25S,5,베이35A 수정,8,2025-10-26 15:34:56,2025-10-26 15:50:56,16.0,35A,베이35A
b200_mixed_ps_sub_r1,SPT,13,BLK_13P,6,판계,1,2025-10-26 10:10:00,2025-10-26 10:40:00,30.0,,공통
b200_mixed_ps_sub_r1,SPT,13,BLK_13P,6,전면SAW,2,2025-10-26 12:46:47,2025-10-26 13:16:24,29.6,,공통
b200_mixed_ps_sub_r1,SPT,13,BLK_13P,6,TurnOver,3,2025-10-26 13:16:24,2025-10-26 13:28:24,12.0,,공통
b200_mixed_ps_sub_r1,SPT,13,BLK_13P,6,후면SAW,4,2025-10-26 14:23:00,2025-10-26 14:40:51,17.8,,공통
b200_mixed_ps_sub_r1,SPT,13,BLK_13P,6,NC,5,2025-10-26 14:55:26,2025-10-26 15:40:25,45.0,,공통
b200_mixed_ps_sub_r1,SPT,13,BLK_13P,6,베이36B 론지취부,6,2025-10-26 15:50:52,2025-10-26 16:32:22,41.5,36B,베이36B
b200_mixed_ps_sub_r1,SPT,13,BLK_13P,6,베이36B 론지용접,7,2025-10-26 16:32:22,2025-10-26 16:50:46,18.4,36B,베이36B
b200_mixed_ps_sub_r1,SPT,13,BLK_13P,6,베이36B 수정,8,2025-10-26 17:02:04,2025-10-26 17:26:52,24.8,36B,베이36B
b200_mixed_ps_sub_r1,SPT,9,BLK_9S,7,판계,1,2025-10-26 10:40:00,2025-10-26 11:00:00,20.0,,공통
b200_mixed_ps_sub_r1,SPT,9,BLK_9S,7,전면SAW,2,2025-10-26 13:16:24,2025-10-26 13:53:26,37.0,,공통
b200_mixed_ps_sub_r1,SPT,9,BLK_9S,7,TurnOver,3,2025-10-26 13:53:26,2025-10-26 14:05:26,12.0,,공통
b200_mixed_ps_sub_r1,SPT,9,BLK_9S,7,후면SAW,4,2025-10-26 14:40:51,2025-10-26 15:08:27,27.6,,공통
b200_mixed_ps_sub_r1,SPT,9,BLK_9S,7,NC,5,2025-10-26 15:40:25,2025-10-26 16:08:18,27.9,,공통
b200_mixed_ps_sub_r1,SPT,9,BLK_9S,7,베이35A 론지취부,6,2025-10-26 16:08:18,2025-10-26 17:03:48,55.5,35A,베이35A
b200_mixed_ps_sub_r1,SPT,9,BLK_9S,7,베이35A 론지용접,7,2025-10-26 17:03:48,2025-10-26 17:24:36,20.8,35A,베이35A
b200_mixed_ps_sub_r1,SPT,9,BLK_9S,7,베이35A 수정,8,2025-10-26 17:24:36,2025-10-26 17:58:12,33.6,35A,베이35A
b200_mixed_ps_sub_r1,SPT,21,BLK_21S,8,판계,1,2025-10-26 11:00:00,2025-10-26 11:30:00,30.0,,공통
b200_mixed_ps_sub_r1,SPT,21,BLK_21S,8,전면SAW,2,2025-10-26 13:53:26,2025-10-26 14:22:14,28.8,,공통
b200_mixed_ps_sub_r1,SPT,21,BLK_21S,8,TurnOver,3,2025-10-26 14:22:14,2025-10-26 14:34:14,12.0,,공통
b200_mixed_ps_sub_r1,SPT,21,BLK_21S,8,후면SAW,4,2025-10-26 15:08:27,2025-10-26 15:25:14,16.8,,공통
b200_mixed_ps_sub_r1,SPT,21,BLK_21S,8,NC,5,2025-10-26 16:08:18,2025-10-26 16:53:40,45.4,,공통
b200_mixed_ps_sub_r1,SPT,21,BLK_21S,8,베이36B 론지취부,6,2025-10-26 16:53:40,2025-10-26 17:59:40,66.0,36B,베이36B
b200_mixed_ps_sub_r1,SPT,21,BLK_21S,8,베이36B 론지용접,7,2025-10-26 17:59:40,2025-10-26 18:22:16,22.6,36B,베이36B
b200_mixed_ps_sub_r1,SPT,21,BLK_21S,8,베이36B 수정,8,2025-10-26 18:22:16,2025-10-26 19:02:28,40.2,36B,베이36B
b200_mixed_ps_sub_r1,SPT,61,BLK_61P,9,판계,1,2025-10-26 11:30:00,2025-10-26 12:15:00,45.0,,공통
b200_mixed_ps_sub_r1,SPT,61,BLK_61P,9,전면SAW,2,2025-10-26 14:22:14,2025-10-26 14:59:30,37.3,,공통
b200_mixed_ps_sub_r1,SPT,61,BLK_61P,9,TurnOver,3,2025-10-26 14:59:30,2025-10-26 15:11:30,12.0,,공통
b200_mixed_ps_sub_r1,SPT,61,BLK_61P,9,후면SAW,4,2025-10-26 15:25:14,2025-10-26 15:53:08,27.9,,공통
b200_mixed_ps_sub_r1,SPT,61,BLK_61P,9,NC,5,2025-10-26 16:53:40,2025-10-26 17:47:56,54.3,,공통
b200_mixed_ps_sub_r1,SPT,61,BLK_61P,9,베이35A 론지취부,6,2025-10-26 17:47:56,2025-10-26 19:18:26,90.5,35A,베이35A
b200_mixed_ps_sub_r1,SPT,61,BLK_61P,9,베이35A 론지용접,7,2025-10-26 19:18:26,2025-10-26 19:45:14,26.8,35A,베이35A
b200_mixed_ps_sub_r1,SPT,61,BLK_61P,9,베이35A 수정,8,2025-10-26 19:45:14,2025-10-26 20:40:50,55.6,35A,베이35A
b200_mixed_ps_sub_r1,SPT,49,BLK_49S,10,판계,1,2025-10-26 12:15:00,2025-10-26 12:53:00,38.0,,공통
b200_mixed_ps_sub_r1,SPT,49,BLK_49S,10,전면SAW,2,2025-10-26 14:59:30,2025-10-26 16:39:57,100.5,,공통
b200_mixed_ps_sub_r1,SPT,49,BLK_49S,10,TurnOver,3,2025-10-26 16:39:57,2025-10-26 16:51:57,12.0,,공통
b200_mixed_ps_sub_r1,SPT,49,BLK_49S,10,후면SAW,4,2025-10-26 16:51:57,2025-10-26 18:11:19,79.4,,공통
b200_mixed_ps_sub_r1,SPT,49,BLK_49S,10,NC,5,2025-10-26 18:11:19,2025-10-26 18:57:25,46.1,,공통
b200_mixed_ps_sub_r1,SPT,49,BLK_49S,10,베이36B 론지취부,6,2025-10-26 18:57:25,2025-10-26 20:10:25,73.0,36B,베이36B
b200_mixed_ps_sub_r1,SPT,49,BLK_49S,10,베이36B 론지용접,7,2025-10-26 20:10:25,2025-10-26 20:34:13,23.8,36B,베이36B
b200_mixed_ps_sub_r1,SPT,49,BLK_49S,10,베이36B 수정,8,2025-10-26 20:34:13,2025-10-26 21:18:49,44.6,36B,베이36B
b200_mixed_ps_sub_r1,SPT,33,BLK_33C,11,판계,1,2025-10-26 12:53:00,2025-10-26 13:23:00,30.0,,공통
b200_mixed_ps_sub_r1,SPT,33,BLK_33C,11,전면SAW,2,2025-10-26 16:39:57,2025-10-26 18:28:09,108.2,,공통
b200_mixed_ps_sub_r1,SPT,33,BLK_33C,11,TurnOver,3,2025-10-26 18:28:09,2025-10-26 18:40:09,12.0,,공통
b200_mixed_ps_sub_r1,SPT,33,BLK_33C,11,후면SAW,4,2025-10-26 18:40:09,2025-10-26 20:28:19,108.2,,공통
b200_mixed_ps_sub_r1,SPT,33,BLK_33C,11,NC,5,2025-10-26 20:28:19,2025-10-26 21:22:06,53.8,,공통
b200_mixed_ps_sub_r1,SPT,33,BLK_33C,11,베이35A 론지취부,6,2025-10-26 21:22:06,2025-10-26 23:13:36,111.5,35A,베이35A
b200_mixed_ps_sub_r1,SPT,33,BLK_33C,11,베이35A 론지용접,7,2025-10-26 23:13:36,2025-10-26 23:44:00,30.4,35A,베이35A
b200_mixed_ps_sub_r1,SPT,33,BLK_33C,11,베이35A 수정,8,2025-10-26 23:44:00,2025-10-27 00:52:48,68.8,35A,베이35A
b200_mixed_ps_sub_r1,SPT,93,BLK_93S,1,판계,1,2025-10-27 08:00:00,2025-10-27 08:12:00,12.0,,공통
b200_mixed_ps_sub_r1,SPT,93,BLK_93S,1,전면SAW,2,2025-10-27 08:12:00,2025-10-27 08:40:30,28.5,,공통
b200_mixed_ps_sub_r1,SPT,93,BLK_93S,1,TurnOver,3,2025-10-27 08:40:30,2025-10-27 08:52:30,12.0,,공통
b200_mixed_ps_sub_r1,SPT,93,BLK_93S,1,후면SAW,4,2025-10-27 08:52:30,2025-10-27 09:08:52,16.4,,공통
b200_mixed_ps_sub_r1,SPT,93,BLK_93S,1,NC,5,2025-10-27 09:08:52,2025-10-27 09:27:51,19.0,,공통
b200_mixed_ps_sub_r1,SPT,93,BLK_93S,1,베이36B 론지취부,6,2025-10-27 09:27:51,2025-10-27 09:41:21,13.5,36B,베이36B
b200_mixed_ps_sub_r1,SPT,93,BLK_93S,1,베이36B 론지용접,7,2025-10-27 09:41:21,2025-10-27 09:50:57,9.6,36B,베이36B
b200_mixed_ps_sub_r1,SPT,93,BLK_93S,1,베이36B 수정,8,2025-10-27 09:50:57,2025-10-27 09:58:09,7.2,36B,베이36B
b200_mixed_ps_sub_r1,SPT,73,BLK_73C,2,판계,1,2025-10-27 08:12:00,2025-10-27 08:32:00,20.0,,공통
b200_mixed_ps_sub_r1,SPT,73,BLK_73C,2,전면SAW,2,2025-10-27 08:40:30,2025-10-27 09:30:26,49.9,,공통
b200_mixed_ps_sub_r1,SPT,73,BLK_73C,2,TurnOver,3,2025-10-27 09:30:26,2025-10-27 09:42:26,12.0,,공통
b200_mixed_ps_sub_r1,SPT,73,BLK_73C,2,후면SAW,4,2025-10-27 09:42:26,2025-10-27 10:27:01,44.6,,공통
b200_mixed_ps_sub_r1,SPT,73,BLK_73C,2,NC,5,2025-10-27 10:27:01,2025-10-27 10:55:07,28.1,,공통
b200_mixed_ps_sub_r1,SPT,73,BLK_73C,2,베이35A 론지취부,6,2025-10-27 10:55:07,2025-10-27 11:36:37,41.5,35A,베이35A
b200_mixed_ps_sub_r1,SPT,73,BLK_73C,2,베이35A 론지용접,7,2025-10-27 11:36:37,2025-10-27 11:55:01,18.4,35A,베이35A
b200_mixed_ps_sub_r1,SPT,73,BLK_73C,2,베이35A 수정,8,2025-10-27 11:55:01,2025-10-27 12:19:49,24.8,35A,베이35A
b200_mixed_ps_sub_r1,SPT,83,BLK_83C,3,판계,1,2025-10-27 08:32:00,2025-10-27 09:05:00,33.0,,공통
b200_mixed_ps_sub_r1,SPT,83,BLK_83C,3,전면SAW,2,2025-10-27 09:30:26,2025-10-27 11:32:57,122.5,,공통
b200_mixed_ps_sub_r1,SPT,83,BLK_83C,3,TurnOver,3,2025-10-27 11:32:57,2025-10-27 11:44:57,12.0,,공통
b200_mixed_ps_sub_r1,SPT,83,BLK_83C,3,후면SAW,4,2025-10-27 11:44:57,2025-10-27 13:49:49,124.9,,공통
b200_mixed_ps_sub_r1,SPT,83,BLK_83C,3,NC,5,2025-10-27 13:49:49,2025-10-27 14:30:52,41.0,,공통
b200_mixed_ps_sub_r1,SPT,83,BLK_83C,3,베이36B 론지취부,6,2025-10-27 14:30:52,2025-10-27 15:15:52,45.0,36B,베이36B
b200_mixed_ps_sub_r1,SPT,83,BLK_83C,3,베이36B 론지용접,7,2025-10-27 15:15:52,2025-10-27 15:34:52,19.0,36B,베이36B
b200_mixed_ps_sub_r1,SPT,83,BLK_83C,3,베이36B 수정,8,2025-10-27 15:34:52,2025-10-27 16:01:52,27.0,36B,베이36B
b200_mixed_ps_sub_r1,SPT,41,BLK_41P,4,판계,1,2025-10-27 09:05:00,2025-10-27 09:35:00,30.0,,공통
b200_mixed_ps_sub_r1,SPT,41,BLK_41P,4,전면SAW,2,2025-10-27 11:32:57,2025-10-27 12:02:56,30.0,,공통
b200_mixed_ps_sub_r1,SPT,41,BLK_41P,4,TurnOver,3,2025-10-27 12:02:56,2025-10-27 12:14:56,12.0,,공통
b200_mixed_ps_sub_r1,SPT,41,BLK_41P,4,후면SAW,4,2025-10-27 13:49:49,2025-10-27 14:08:09,18.3,,공통
b200_mixed_ps_sub_r1,SPT,41,BLK_41P,4,NC,5,2025-10-27 14:30:52,2025-10-27 15:17:06,46.2,,공통
b200_mixed_ps_sub_r1,SPT,41,BLK_41P,4,베이35A 론지취부,6,2025-10-27 15:17:06,2025-10-27 16:16:06,59.0,35A,베이35A
b200_mixed_ps_sub_r1,SPT,41,BLK_41P,4,베이35A 론지용접,7,2025-10-27 16:16:06,2025-10-27 16:37:30,21.4,35A,베이35A
b200_mixed_ps_sub_r1,SPT,41,BLK_41P,4,베이35A 수정,8,2025-10-27 16:37:30,2025-10-27 17:13:18,35.8,35A,베이35A
b200_mixed_ps_sub_r1,SPT,53,BLK_53S,5,판계,1,2025-10-27 09:35:00,2025-10-27 09:55:00,20.0,,공통
b200_mixed_ps_sub_r1,SPT,53,BLK_53S,5,전면SAW,2,2025-10-27 12:02:56,2025-10-27 12:37:59,35.0,,공통
b200_mixed_ps_sub_r1,SPT,53,BLK_53S,5,TurnOver,3,2025-10-27 12:37:59,2025-10-27 12:49:59,12.0,,공통
b200_mixed_ps_sub_r1,SPT,53,BLK_53S,5,후면SAW,4,2025-10-27 14:08:09,2025-10-27 14:33:09,25.0,,공통
b200_mixed_ps_sub_r1,SPT,53,BLK_53S,5,NC,5,2025-10-27 15:17:06,2025-10-27 15:47:37,30.5,,공통
b200_mixed_ps_sub_r1,SPT,53,BLK_53S,5,베이36B 론지취부,6,2025-10-27 15:47:37,2025-10-27 16:57:07,69.5,36B,베이36B
b200_mixed_ps_sub_r1,SPT,53,BLK_53S,5,베이36B 론지용접,7,2025-10-27 16:57:07,2025-10-27 17:20:19,23.2,36B,베이36B
b200_mixed_ps_sub_r1,SPT,53,BLK_53S,5,베이36B 수정,8,2025-10-27 17:20:19,2025-10-27 18:02:43,42.4,36B,베이36B
b200_mixed_ps_sub_r1,SPT,45,BLK_45P,6,판계,1,2025-10-27 09:55:00,2025-10-27 10:25:00,30.0,,공통
b200_mixed_ps_sub_r1,SPT,45,BLK_45P,6,전면SAW,2,2025-10-27 12:37:59,2025-10-27 13:09:15,31.3,,공통
b200_mixed_ps_sub_r1,SPT,45,BLK_45P,6,TurnOver,3,2025-10-27 13:09:15,2025-10-27 13:21:15,12.0,,공통
b200_mixed_ps_sub_r1,SPT,45,BLK_45P,6,후면SAW,4,2025-10-27 14:33:09,2025-10-27 14:53:10,20.0,,공통
b200_mixed_ps_sub_r1,SPT,45,BLK_45P,6,NC,5,2025-10-27 15:47:37,2025-10-27 16:30:12,42.6,,공통
b200_mixed_ps_sub_r1,SPT,45,BLK_45P,6,베이35A 론지취부,6,2025-10-27 16:30:12,2025-10-27 17:39:42,69.5,35A,베이35A
b200_mixed_ps_sub_r1,SPT,45,BLK_45P,6,베이35A 론지용접,7,2025-10-27 17:39:42,2025-10-27 18:02:54,23.2,35A,베이35A
b200_mixed_ps_sub_r1,SPT,45,BLK_45P,6,베이35A 수정,8,2025-10-27 18:02:54,2025-10-27 18:45:18,42.4,35A,베이35A
b200_mixed_ps_sub_r1,SPT,190,BLK_45S,7,판계,1,2025-10-27 10:25:00,2025-10-27 10:55:00,30.0,,공통
b200_mixed_ps_sub_r1,SPT,190,BLK_45S,7,전면SAW,2,2025-10-27 13:09:15,2025-10-27 13:40:31,31.3,,공통
b200_mixed_ps_sub_r1,SPT,190,BLK_45S,7,TurnOver,3,2025-10-27 13:40:31,2025-10-27 13:52:31,12.0,,공통
b200_mixed_ps_sub_r1,SPT,190,BLK_45S,7,후면SAW,4,2025-10-27 14:53:10,2025-10-27 15:13:11,20.0,,공통
b200_mixed_ps_sub_r1,SPT,190,BLK_45S,7,NC,5,2025-10-27 16:30:12,2025-10-27 17:12:46,42.6,,공통
b200_mixed_ps_sub_r1,SPT,190,BLK_45S,7,베이36B 론지취부,6,2025-10-27 17:12:46,2025-10-27 18:22:16,69.5,36B,베이36B
b200_mixed_ps_sub_r1,SPT,190,BLK_45S,7,베이36B 론지용접,7,2025-10-27 18:22:16,2025-10-27 18:45:28,23.2,36B,베이36B
b200_mixed_ps_sub_r1,SPT,190,BLK_45S,7,베이36B 수정,8,2025-10-27 18:45:28,2025-10-27 19:27:52,42.4,36B,베이36B
b200_mixed_ps_sub_r1,SPT,37,BLK_37C,8,판계,1,2025-10-27 10:55:00,2025-10-27 11:20:00,25.0,,공통
b200_mixed_ps_sub_r1,SPT,37,BLK_37C,8,전면SAW,2,2025-10-27 13:40:31,2025-10-27 14:17:23,36.9,,공통
b200_mixed_ps_sub_r1,SPT,37,BLK_37C,8,TurnOver,3,2025-10-27 14:17:23,2025-10-27 14:29:23,12.0,,공통
b200_mixed_ps_sub_r1,SPT,37,BLK_37C,8,후면SAW,4,2025-10-27 15:13:11,2025-10-27 15:40:33,27.4,,공통
b200_mixed_ps_sub_r1,SPT,37,BLK_37C,8,NC,5,2025-10-27 17:12:46,2025-10-27 17:49:49,37.0,,공통
b200_mixed_ps_sub_r1,SPT,37,BLK_37C,8,베이35A 론지취부,6,2025-10-27 17:49:49,2025-10-27 18:59:19,69.5,35A,베이35A
b200_mixed_ps_sub_r1,SPT,37,BLK_37C,8,베이35A 론지용접,7,2025-10-27 18:59:19,2025-10-27 19:22:31,23.2,35A,베이35A
b200_mixed_ps_sub_r1,SPT,37,BLK_37C,8,베이35A 수정,8,2025-10-27 19:22:31,2025-10-27 20:04:55,42.4,35A,베이35A
b200_mixed_ps_sub_r1,SPT,29,BLK_29S,9,판계,1,2025-10-27 11:20:00,2025-10-27 11:50:00,30.0,,공통
b200_mixed_ps_sub_r1,SPT,29,BLK_29S,9,전면SAW,2,2025-10-27 14:17:23,2025-10-27 15:00:13,42.8,,공통
b200_mixed_ps_sub_r1,SPT,29,BLK_29S,9,TurnOver,3,2025-10-27 15:00:13,2025-10-27 15:12:13,12.0,,공통
b200_mixed_ps_sub_r1,SPT,29,BLK_29S,9,후면SAW,4,2025-10-27 15:40:33,2025-10-27 16:15:49,35.3,,공통
b200_mixed_ps_sub_r1,SPT,29,BLK_29S,9,NC,5,2025-10-27 17:49:49,2025-10-27 18:36:40,46.9,,공통
b200_mixed_ps_sub_r1,SPT,29,BLK_29S,9,베이36B 론지취부,6,2025-10-27 18:36:40,2025-10-27 19:39:10,62.5,36B,베이36B
b200_mixed_ps_sub_r1,SPT,29,BLK_29S,9,베이36B 론지용접,7,2025-10-27 19:39:10,2025-10-27 20:01:10,22.0,36B,베이36B
b200_mixed_ps_sub_r1,SPT,29,BLK_29S,9,베이36B 수정,8,2025-10-27 20:01:10,2025-10-27 20:39:10,38.0,36B,베이36B
b200_mixed_ps_sub_r1,SPT,57,BLK_57C,10,판계,1,2025-10-27 11:50:00,2025-10-27 12:15:00,25.0,,공통
b200_mixed_ps_sub_r1,SPT,57,BLK_57C,10,전면SAW,2,2025-10-27 15:00:13,2025-10-27 15:51:09,50.9,,공통
b200_mixed_ps_sub_r1,SPT,57,BLK_57C,10,TurnOver,3,2025-10-27 15:51:09,2025-10-27 16:03:09,12.0,,공통
b200_mixed_ps_sub_r1,SPT,57,BLK_57C,10,후면SAW,4,2025-10-27 16:15:49,2025-10-27 17:01:43,45.9,,공통
b200_mixed_ps_sub_r1,SPT,57,BLK_57C,10,NC,5,2025-10-27 18:36:40,2025-10-27 19:12:43,36.0,,공통
b200_mixed_ps_sub_r1,SPT,57,BLK_57C,10,베이35A 론지취부,6,2025-10-27 19:12:43,2025-10-27 20:29:13,76.5,35A,베이35A
b200_mixed_ps_sub_r1,SPT,57,BLK_57C,10,베이35A 론지용접,7,2025-10-27 20:29:13,2025-10-27 20:53:37,24.4,35A,베이35A
b200_mixed_ps_sub_r1,SPT,57,BLK_57C,10,베이35A 수정,8,2025-10-27 20:53:37,2025-10-27 21:40:25,46.8,35A,베이35A
b200_mixed_ps_sub_r1,SPT,84,BLK_84P,11,판계,1,2025-10-27 12:15:00,2025-10-27 12:45:00,30.0,,공통
b200_mixed_ps_sub_r1,SPT,84,BLK_84P,11,전면SAW,2,2025-10-27 15:51:09,2025-10-27 16:23:13,32.1,,공통
b200_mixed_ps_sub_r1,SPT,84,BLK_84P,11,TurnOver,3,2025-10-27 16:23:13,2025-10-27 16:35:13,12.0,,공통
b200_mixed_ps_sub_r1,SPT,84,BLK_84P,11,후면SAW,4,2025-10-27 17:01:43,2025-10-27 17:22:46,21.1,,공통
b200_mixed_ps_sub_r1,SPT,84,BLK_84P,11,NC,5,2025-10-27 19:12:43,2025-10-27 20:02:09,49.4,,공통
b200_mixed_ps_sub_r1,SPT,84,BLK_84P,11,베이36B 론지취부,6,2025-10-27 20:02:09,2025-10-27 21:22:09,80.0,36B,베이36B
b200_mixed_ps_sub_r1,SPT,84,BLK_84P,11,베이36B 론지용접,7,2025-10-27 21:22:09,2025-10-27 21:47:09,25.0,36B,베이36B
b200_mixed_ps_sub_r1,SPT,84,BLK_84P,11,베이36B 수정,8,2025-10-27 21:47:09,2025-10-27 22:36:09,49.0,36B,베이36B
b200_mixed_ps_sub_r1,SPT,74,BLK_74C,12,판계,1,2025-10-27 12:45:00,2025-10-27 13:30:00,45.0,,공통
b200_mixed_ps_sub_r1,SPT,74,BLK_74C,12,전면SAW,2,2025-10-27 16:23:13,2025-10-27 18:35:14,132.0,,공통
b200_mixed_ps_sub_r1,SPT,74,BLK_74C,12,TurnOver,3,2025-10-27 18:35:14,2025-10-27 18:47:14,12.0,,공통
b200_mixed_ps_sub_r1,SPT,74,BLK_74C,12,후면SAW,4,2025-10-27 18:47:14,2025-10-27 20:22:58,95.7,,공통
b200_mixed_ps_sub_r1,SPT,74,BLK_74C,12,NC,5,2025-10-27 20:22:58,2025-10-27 21:11:57,49.0,,공통
b200_mixed_ps_sub_r1,SPT,74,BLK_74C,12,베이35A 론지취부,6,2025-10-27 21:11:57,2025-10-27 21:55:57,44.0,35A,베이35A
b200_mixed_ps_sub_r1,SPT,74,BLK_74C,12,베이35A 론지용접,7,2025-10-27 21:55:57,2025-10-27 22:21:33,25.6,35A,베이35A
b200_mixed_ps_sub_r1,SPT,74,BLK_74C,12,베이35A 수정,8,2025-10-27 22:21:33,2025-10-27 22:37:33,16.0,35A,베이35A
b200_mixed_ps_sub_r1,SPT,134,BLK_134S,13,판계,1,2025-10-27 13:30:00,2025-10-27 14:08:00,38.0,,공통
b200_mixed_ps_sub_r1,SPT,134,BLK_134S,13,전면SAW,2,2025-10-27 18:35:14,2025-10-27 20:32:28,117.2,,공통
b200_mixed_ps_sub_r1,SPT,134,BLK_134S,13,TurnOver,3,2025-10-27 20:32:28,2025-10-27 20:44:28,12.0,,공통
b200_mixed_ps_sub_r1,SPT,134,BLK_134S,13,후면SAW,4,2025-10-27 20:44:28,2025-10-27 22:43:10,118.7,,공통
b200_mixed_ps_sub_r1,SPT,134,BLK_134S,13,NC,5,2025-10-27 22:43:10,2025-10-27 23:29:43,46.5,,공통
b200_mixed_ps_sub_r1,SPT,134,BLK_134S,13,베이36B 론지취부,6,2025-10-27 23:29:43,2025-10-28 00:14:43,45.0,36B,베이36B
b200_mixed_ps_sub_r1,SPT,134,BLK_134S,13,베이36B 론지용접,7,2025-10-28 00:14:43,2025-10-28 00:33:43,19.0,36B,베이36B
b200_mixed_ps_sub_r1,SPT,134,BLK_134S,13,베이36B 수정,8,2025-10-28 00:33:43,2025-10-28 01:00:43,27.0,36B,베이36B
b200_mixed_ps_sub_r1,SPT,65,BLK_65P,14,판계,1,2025-10-27 14:08:00,2025-10-27 14:38:00,30.0,,공통
b200_mixed_ps_sub_r1,SPT,65,BLK_65P,14,전면SAW,2,2025-10-27 20:32:28,2025-10-27 21:17:26,45.0,,공통
b200_mixed_ps_sub_r1,SPT,65,BLK_65P,14,TurnOver,3,2025-10-27 21:17:26,2025-10-27 21:29:26,12.0,,공통
b200_mixed_ps_sub_r1,SPT,65,BLK_65P,14,후면SAW,4,2025-10-27 22:43:10,2025-10-27 23:21:13,38.1,,공통
b200_mixed_ps_sub_r1,SPT,65,BLK_65P,14,NC,5,2025-10-27 23:29:43,2025-10-28 00:11:40,42.0,,공통
b200_mixed_ps_sub_r1,SPT,65,BLK_65P,14,베이35A 론지취부,6,2025-10-28 00:11:40,2025-10-28 01:21:10,69.5,35A,베이35A
b200_mixed_ps_sub_r1,SPT,65,BLK_65P,14,베이35A 론지용접,7,2025-10-28 01:21:10,2025-10-28 01:44:22,23.2,35A,베이35A
b200_mixed_ps_sub_r1,SPT,65,BLK_65P,14,베이35A 수정,8,2025-10-28 01:44:22,2025-10-28 02:26:46,42.4,35A,베이35A
b200_mixed_ps_sub_r1,SPT,154,BLK_154S,15,판계,1,2025-10-27 14:38:00,2025-10-27 15:30:00,52.0,,공통
b200_mixed_ps_sub_r1,SPT,154,BLK_154S,15,전면SAW,2,2025-10-27 21:17:26,2025-10-27 23:55:09,157.7,,공통
b200_mixed_ps_sub_r1,SPT,154,BLK_154S,15,TurnOver,3,2025-10-27 23:55:09,2025-10-28 00:07:09,12.0,,공통
b200_mixed_ps_sub_r1,SPT,154,BLK_154S,15,후면SAW,4,2025-10-28 00:07:09,2025-10-28 02:24:19,137.2,,공통
b200_mixed_ps_sub_r1,SPT,154,BLK_154S,15,NC,5,2025-10-28 02:24:19,2025-10-28 03:38:54,74.6,,공통
b200_mixed_ps_sub_r1,SPT,154,BLK_154S,15,베이36B 론지취부,6,2025-10-28 03:38:54,2025-10-28 05:02:24,83.5,36B,베이36B
b200_mixed_ps_sub_r1,SPT,154,BLK_154S,15,베이36B 론지용접,7,2025-10-28 05:02:24,2025-10-28 05:28:00,25.6,36B,베이36B
b200_mixed_ps_sub_r1,SPT,154,BLK_154S,15,베이36B 수정,8,2025-10-28 05:28:00,2025-10-28 06:19:12,51.2,36B,베이36B
b200_mixed_ps_sub_r1,SPT,69,BLK_69S,16,판계,1,2025-10-27 15:30:00,2025-10-27 16:00:00,30.0,,공통
b200_mixed_ps_sub_r1,SPT,69,BLK_69S,16,전면SAW,2,2025-10-27 23:55:09,2025-10-28 00:29:20,34.2,,공통
b200_mixed_ps_sub_r1,SPT,69,BLK_69S,16,TurnOver,3,2025-10-28 00:29:20,2025-10-28 00:41:20,12.0,,공통
b200_mixed_ps_sub_r1,SPT,69,BLK_69S,16,후면SAW,4,2025-10-28 02:24:19,2025-10-28 02:48:11,23.9,,공통
b200_mixed_ps_sub_r1,SPT,69,BLK_69S,16,NC,5,2025-10-28 03:38:54,2025-10-28 04:23:07,44.2,,공통
b200_mixed_ps_sub_r1,SPT,69,BLK_69S,16,베이35A 론지취부,6,2025-10-28 04:23:07,2025-10-28 05:53:37,90.5,35A,베이35A
b200_mixed_ps_sub_r1,SPT,69,BLK_69S,16,베이35A 론지용접,7,2025-10-28 05:53:37,2025-10-28 06:20:25,26.8,35A,베이35A
b200_mixed_ps_sub_r1,SPT,69,BLK_69S,16,베이35A 수정,8,2025-10-28 06:20:25,2025-10-28 07:16:01,55.6,35A,베이35A
b200_mixed_ps_sub_r1,SPT,94,BLK_94C,17,판계,1,2025-10-27 16:00:00,2025-10-27 16:12:00,12.0,,공통
b200_mixed_ps_sub_r1,SPT,94,BLK_94C,17,전면SAW,2,2025-10-28 00:29:20,2025-10-28 01:15:53,46.5,,공통
b200_mixed_ps_sub_r1,SPT,94,BLK_94C,17,TurnOver,3,2025-10-28 01:15:53,2025-10-28 01:27:53,12.0,,공통
b200_mixed_ps_sub_r1,SPT,94,BLK_94C,17,후면SAW,4,2025-10-28 02:48:11,2025-10-28 03:28:19,40.1,,공통
b200_mixed_ps_sub_r1,SPT,94,BLK_94C,17,NC,5,2025-10-28 04:23:07,2025-10-28 04:44:22,21.2,,공통
b200_mixed_ps_sub_r1,SPT,94,BLK_94C,17,베이36B 론지취부,6,2025-10-28 05:02:24,2025-10-28 05:26:24,24.0,36B,베이36B
b200_mixed_ps_sub_r1,SPT,94,BLK_94C,17,베이36B 론지용접,7,2025-10-28 05:28:00,2025-10-28 05:39:24,11.4,36B,베이36B
b200_mixed_ps_sub_r1,SPT,94,BLK_94C,17,베이36B 수정,8,2025-10-28 06:19:12,2025-10-28 06:33:00,13.8,36B,베이36B
b200_mixed_ps_sub_r1,SPT,124,BLK_124S,18,판계,1,2025-10-27 16:12:00,2025-10-27 16:32:00,20.0,,공통
b200_mixed_ps_sub_r1,SPT,124,BLK_124S,18,전면SAW,2,2025-10-28 01:15:53,2025-10-28 01:50:26,34.5,,공통
b200_mixed_ps_sub_r1,SPT,124,BLK_124S,18,TurnOver,3,2025-10-28 01:50:26,2025-10-28 02:02:26,12.0,,공통
b200_mixed_ps_sub_r1,SPT,124,BLK_124S,18,후면SAW,4,2025-10-28 03:28:19,2025-10-28 03:52:40,24.3,,공통
b200_mixed_ps_sub_r1,SPT,124,BLK_124S,18,NC,5,2025-10-28 04:44:22,2025-10-28 05:12:45,28.4,,공통
b200_mixed_ps_sub_r1,SPT,124,BLK_124S,18,베이35A 론지취부,6,2025-10-28 05:53:37,2025-10-28 06:45:37,52.0,35A,베이35A
b200_mixed_ps_sub_r1,SPT,124,BLK_124S,18,베이35A 론지용접,7,2025-10-28 06:45:37,2025-10-28 07:05:49,20.2,35A,베이35A
b200_mixed_ps_sub_r1,SPT,124,BLK_124S,18,베이35A 수정,8,2025-10-28 07:16:01,2025-10-28 07:47:25,31.4,35A,베이35A
b200_mixed_ps_sub_r1,SPT,7,BLK_7C,19,판계,1,2025-10-27 16:32:00,2025-10-27 17:02:00,30.0,,공통
b200_mixed_ps_sub_r1,SPT,7,BLK_7C,19,전면SAW,2,2025-10-28 01:50:26,2025-10-28 02:34:18,43.9,,공통
b200_mixed_ps_sub_r1,SPT,7,BLK_7C,19,TurnOver,3,2025-10-28 02:34:18,2025-10-28 02:46:18,12.0,,공통
b200_mixed_ps_sub_r1,SPT,7,BLK_7C,19,후면SAW,4,2025-10-28 03:52:40,2025-10-28 04:29:16,36.6,,공통
b200_mixed_ps_sub_r1,SPT,7,BLK_7C,19,NC,5,2025-10-28 05:12:45,2025-10-28 05:54:31,41.8,,공통
b200_mixed_ps_sub_r1,SPT,7,BLK_7C,19,베이36B 론지취부,6,2025-10-28 05:54:31,2025-10-28 06:57:01,62.5,36B,베이36B
b200_mixed_ps_sub_r1,SPT,7,BLK_7C,19,베이36B 론지용접,7,2025-10-28 06:57:01,2025-10-28 07:19:01,22.0,36B,베이36B
b200_mixed_ps_sub_r1,SPT,7,BLK_7C,19,베이36B 수정,8,2025-10-28 07:19:01,2025-10-28 07:57:01,38.0,36B,베이36B
b200_mixed_ps_sub_r1,SPT,104,BLK_104C,20,판계,1,2025-10-27 17:02:00,2025-10-27 17:32:00,30.0,,공통
b200_mixed_ps_sub_r1,SPT,104,BLK_104C,20,전면SAW,2,2025-10-28 02:34:18,2025-10-28 03:06:56,32.6,,공통
b200_mixed_ps_sub_r1,SPT,104,BLK_104C,20,TurnOver,3,2025-10-28 03:06:56,2025-10-28 03:18:56,12.0,,공통
b200_mixed_ps_sub_r1,SPT,104,BLK_104C,20,후면SAW,4,2025-10-28 04:29:16,2025-10-28 04:51:04,21.8,,공통
b200_mixed_ps_sub_r1,SPT,104,BLK_104C,20,NC,5,2025-10-28 05:54:31,2025-10-28 06:36:28,42.0,,공통
b200_mixed_ps_sub_r1,SPT,104,BLK_104C,20,베이35A 론지취부,6,2025-10-28 06:45:37,2025-10-28 08:19:37,94.0,35A,베이35A
b200_mixed_ps_sub_r1,SPT,104,BLK_104C,20,베이35A 론지용접,7,2025-10-28 08:19:37,2025-10-28 08:47:01,27.4,35A,베이35A
b200_mixed_ps_sub_r1,SPT,104,BLK_104C,20,베이35A 수정,8,2025-10-28 08:47:01,2025-10-28 09:44:49,57.8,35A,베이35A
b200_mixed_ps_sub_r1,SPT,27,BLK_27P,1,판계,1,2025-10-28 08:00:00,2025-10-28 08:38:00,38.0,,공통
b200_mixed_ps_sub_r1,SPT,27,BLK_27P,1,전면SAW,2,2025-10-28 08:38:00,2025-10-28 09:55:57,78.0,,공통
b200_mixed_ps_sub_r1,SPT,27,BLK_27P,1,TurnOver,3,2025-10-28 09:55:57,2025-10-28 10:07:57,12.0,,공통
b200_mixed_ps_sub_r1,SPT,27,BLK_27P,1,후면SAW,4,2025-10-28 10:07:57,2025-10-28 11:20:51,72.9,,공통
b200_mixed_ps_sub_r1,SPT,27,BLK_27P,1,NC,5,2025-10-28 11:20:51,2025-10-28 12:02:14,41.4,,공통
b200_mixed_ps_sub_r1,SPT,27,BLK_27P,1,베이36B 론지취부,6,2025-10-28 12:02:14,2025-10-28 12:33:14,31.0,36B,베이36B
b200_mixed_ps_sub_r1,SPT,27,BLK_27P,1,베이36B 론지용접,7,2025-10-28 12:33:14,2025-10-28 12:49:50,16.6,36B,베이36B
b200_mixed_ps_sub_r1,SPT,27,BLK_27P,1,베이36B 수정,8,2025-10-28 12:49:50,2025-10-28 13:08:02,18.2,36B,베이36B
b200_mixed_ps_sub_r1,SPT,114,BLK_114P,2,판계,1,2025-10-28 08:38:00,2025-10-28 09:03:00,25.0,,공통
b200_mixed_ps_sub_r1,SPT,114,BLK_114P,2,전면SAW,2,2025-10-28 09:55:57,2025-10-28 10:33:16,37.3,,공통
b200_mixed_ps_sub_r1,SPT,114,BLK_114P,2,TurnOver,3,2025-10-28 10:33:16,2025-10-28 10:45:16,12.0,,공통
b200_mixed_ps_sub_r1,SPT,114,BLK_114P,2,후면SAW,4,2025-10-28 11:20:51,2025-10-28 11:48:50,28.0,,공통
b200_mixed_ps_sub_r1,SPT,114,BLK_114P,2,NC,5,2025-10-28 12:02:14,2025-10-28 12:41:47,39.5,,공통
b200_mixed_ps_sub_r1,SPT,114,BLK_114P,2,베이35A 론지취부,6,2025-10-28 12:41:47,2025-10-28 14:15:47,94.0,35A,베이35A
b200_mixed_ps_sub_r1,SPT,114,BLK_114P,2,베이35A 론지용접,7,2025-10-28 14:15:47,2025-10-28 14:43:11,27.4,35A,베이35A
b200_mixed_ps_sub_r1,SPT,114,BLK_114P,2,베이35A 수정,8,2025-10-28 14:43:11,2025-10-28 15:40:59,57.8,35A,베이35A
b200_mixed_ps_sub_r1,SPT,19,BLK_19P,3,판계,1,2025-10-28 09:03:00,2025-10-28 09:48:00,45.0,,공통
b200_mixed_ps_sub_r1,SPT,19,BLK_19P,3,전면SAW,2,2025-10-28 10:33:16,2025-10-28 11:54:49,81.5,,공통
b200_mixed_ps_sub_r1,SPT,19,BLK_19P,3,TurnOver,3,2025-10-28 11:54:49,2025-10-28 12:06:49,12.0,,공통
b200_mixed_ps_sub_r1,SPT,19,BLK_19P,3,후면SAW,4,2025-10-28 12:06:49,2025-10-28 13:23:53,77.1,,공통
b200_mixed_ps_sub_r1,SPT,19,BLK_19P,3,NC,5,2025-10-28 13:23:53,2025-10-28 14:20:39,56.8,,공통
b200_mixed_ps_sub_r1,SPT,19,BLK_19P,3,베이36B 론지취부,6,2025-10-28 14:20:39,2025-10-28 15:23:09,62.5,36B,베이36B
b200_mixed_ps_sub_r1,SPT,19,BLK_19P,3,베이36B 론지용접,7,2025-10-28 15:23:09,2025-10-28 15:45:09,22.0,36B,베이36B
b200_mixed_ps_sub_r1,SPT,19,BLK_19P,3,베이36B 수정,8,2025-10-28 15:45:09,2025-10-28 16:23:09,38.0,36B,베이36B
b200_mixed_ps_sub_r1,SPT,3,BLK_3C,4,판계,1,2025-10-28 09:48:00,2025-10-28 10:21:00,33.0,,공통
b200_mixed_ps_sub_r1,SPT,3,BLK_3C,4,전면SAW,2,2025-10-28 11:54:49,2025-10-28 13:35:01,100.2,,공통
b200_mixed_ps_sub_r1,SPT,3,BLK_3C,4,TurnOver,3,2025-10-28 13:35:01,2025-10-28 13:47:01,12.0,,공통
b200_mixed_ps_sub_r1,SPT,3,BLK_3C,4,후면SAW,4,2025-10-28 13:47:01,2025-10-28 15:25:52,98.8,,공통
b200_mixed_ps_sub_r1,SPT,3,BLK_3C,4,NC,5,2025-10-28 15:25:52,2025-10-28 16:05:55,40.1,,공통
b200_mixed_ps_sub_r1,SPT,3,BLK_3C,4,베이35A 론지취부,6,2025-10-28 16:05:55,2025-10-28 17:18:55,73.0,35A,베이35A
b200_mixed_ps_sub_r1,SPT,3,BLK_3C,4,베이35A 론지용접,7,2025-10-28 17:18:55,2025-10-28 17:42:43,23.8,35A,베이35A
b200_mixed_ps_sub_r1,SPT,3,BLK_3C,4,베이35A 수정,8,2025-10-28 17:42:43,2025-10-28 18:27:19,44.6,35A,베이35A
b200_mixed_ps_sub_r1,SPT,113,BLK_113C,5,판계,1,2025-10-28 10:21:00,2025-10-28 10:51:00,30.0,,공통
b200_mixed_ps_sub_r1,SPT,113,BLK_113C,5,전면SAW,2,2025-10-28 13:35:01,2025-10-28 14:04:18,29.3,,공통
b200_mixed_ps_sub_r1,SPT,113,BLK_113C,5,TurnOver,3,2025-10-28 14:04:18,2025-10-28 14:16:18,12.0,,공통
b200_mixed_ps_sub_r1,SPT,113,BLK_113C,5,후면SAW,4,2025-10-28 15:25:52,2025-10-28 15:43:15,17.4,,공통
b200_mixed_ps_sub_r1,SPT,113,BLK_113C,5,NC,5,2025-10-28 16:05:55,2025-10-28 16:51:08,45.2,,공통
b200_mixed_ps_sub_r1,SPT,113,BLK_113C,5,베이36B 론지취부,6,2025-10-28 16:51:08,2025-10-28 17:39:38,48.5,36B,베이36B
b200_mixed_ps_sub_r1,SPT,113,BLK_113C,5,베이36B 론지용접,7,2025-10-28 17:39:38,2025-10-28 17:59:14,19.6,36B,베이36B
b200_mixed_ps_sub_r1,SPT,113,BLK_113C,5,베이36B 수정,8,2025-10-28 17:59:14,2025-10-28 18:28:26,29.2,36B,베이36B
b200_mixed_ps_sub_r1,SPT,123,BLK_123S,6,판계,1,2025-10-28 10:51:00,2025-10-28 11:21:00,30.0,,공통
b200_mixed_ps_sub_r1,SPT,123,BLK_123S,6,전면SAW,2,2025-10-28 14:04:18,2025-10-28 14:36:00,31.7,,공통
b200_mixed_ps_sub_r1,SPT,123,BLK_123S,6,TurnOver,3,2025-10-28 14:36:00,2025-10-28 14:48:00,12.0,,공통
b200_mixed_ps_sub_r1,SPT,123,BLK_123S,6,후면SAW,4,2025-10-28 15:43:15,2025-10-28 16:03:50,20.6,,공통
b200_mixed_ps_sub_r1,SPT,123,BLK_123S,6,NC,5,2025-10-28 16:51:08,2025-10-28 17:33:02,41.9,,공통
b200_mixed_ps_sub_r1,SPT,123,BLK_123S,6,베이35A 론지취부,6,2025-10-28 17:33:02,2025-10-28 18:28:32,55.5,35A,베이35A
b200_mixed_ps_sub_r1,SPT,123,BLK_123S,6,베이35A 론지용접,7,2025-10-28 18:28:32,2025-10-28 18:49:20,20.8,35A,베이35A
b200_mixed_ps_sub_r1,SPT,123,BLK_123S,6,베이35A 수정,8,2025-10-28 18:49:20,2025-10-28 19:22:56,33.6,35A,베이35A
b200_mixed_ps_sub_r1,SPT,133,BLK_133P,7,판계,1,2025-10-28 11:21:00,2025-10-28 11:46:00,25.0,,공통
b200_mixed_ps_sub_r1,SPT,133,BLK_133P,7,전면SAW,2,2025-10-28 14:36:00,2025-10-28 15:08:07,32.1,,공통
b200_mixed_ps_sub_r1,SPT,133,BLK_133P,7,TurnOver,3,2025-10-28 15:08:07,2025-10-28 15:20:07,12.0,,공통
b200_mixed_ps_sub_r1,SPT,133,BLK_133P,7,후면SAW,4,2025-10-28 16:03:50,2025-10-28 16:24:59,21.1,,공통
b200_mixed_ps_sub_r1,SPT,133,BLK_133P,7,NC,5,2025-10-28 17:33:02,2025-10-28 18:09:04,36.0,,공통
b200_mixed_ps_sub_r1,SPT,133,BLK_133P,7,베이36B 론지취부,6,2025-10-28 18:09:04,2025-10-28 19:25:34,76.5,36B,베이36B
b200_mixed_ps_sub_r1,SPT,133,BLK_133P,7,베이36B 론지용접,7,2025-10-28 19:25:34,2025-10-28 19:49:58,24.4,36B,베이36B
b200_mixed_ps_sub_r1,SPT,133,BLK_133P,7,베이36B 수정,8,2025-10-28 19:49:58,2025-10-28 20:36:46,46.8,36B,베이36B
b200_mixed_ps_sub_r1,SPT,103,BLK_103C,8,판계,1,2025-10-28 11:46:00,2025-10-28 12:24:00,38.0,,공통
b200_mixed_ps_sub_r1,SPT,103,BLK_103C,8,전면SAW,2,2025-10-28 15:08:07,2025-10-28 16:45:19,97.2,,공통
b200_mixed_ps_sub_r1,SPT,103,BLK_103C,8,TurnOver,3,2025-10-28 16:45:19,2025-10-28 16:57:19,12.0,,공통
b200_mixed_ps_sub_r1,SPT,103,BLK_103C,8,후면SAW,4,2025-10-28 16:57:19,2025-10-28 18:13:41,76.4,,공통
b200_mixed_ps_sub_r1,SPT,103,BLK_103C,8,NC,5,2025-10-28 18:13:41,2025-10-28 19:00:52,47.2,,공통
b200_mixed_ps_sub_r1,SPT,103,BLK_103C,8,베이35A 론지취부,6,2025-10-28 19:00:52,2025-10-28 20:41:52,101.0,35A,베이35A
b200_mixed_ps_sub_r1,SPT,103,BLK_103C,8,베이35A 론지용접,7,2025-10-28 20:41:52,2025-10-28 21:10:28,28.6,35A,베이35A
b200_mixed_ps_sub_r1,SPT,103,BLK_103C,8,베이35A 수정,8,2025-10-28 21:10:28,2025-10-28 22:12:40,62.2,35A,베이35A
b200_mixed_ps_sub_r1,SPT,173,BLK_173P,9,판계,1,2025-10-28 12:24:00,2025-10-28 12:54:00,30.0,,공통
b200_mixed_ps_sub_r1,SPT,173,BLK_173P,9,전면SAW,2,2025-10-28 16:45:19,2025-10-28 18:27:58,102.7,,공통
b200_mixed_ps_sub_r1,SPT,173,BLK_173P,9,TurnOver,3,2025-10-28 18:27:58,2025-10-28 18:39:58,12.0,,공통
b200_mixed_ps_sub_r1,SPT,173,BLK_173P,9,후면SAW,4,2025-10-28 18:39:58,2025-10-28 20:21:40,101.7,,공통
b200_mixed_ps_sub_r1,SPT,173,BLK_173P,9,NC,5,2025-10-28 20:21:40,2025-10-28 21:15:43,54.0,,공통
b200_mixed_ps_sub_r1,SPT,173,BLK_173P,9,베이36B 론지취부,6,2025-10-28 21:15:43,2025-10-28 22:46:13,90.5,36B,베이36B
b200_mixed_ps_sub_r1,SPT,173,BLK_173P,9,베이36B 론지용접,7,2025-10-28 22:46:13,2025-10-28 23:13:01,26.8,36B,베이36B
b200_mixed_ps_sub_r1,SPT,173,BLK_173P,9,베이36B 수정,8,2025-10-28 23:13:01,2025-10-29 00:08:37,55.6,36B,베이36B
b200_mixed_ps_sub_r1,SPT,144,BLK_144C,10,판계,1,2025-10-28 12:54:00,2025-10-28 13:14:00,20.0,,공통
b200_mixed_ps_sub_r1,SPT,144,BLK_144C,10,전면SAW,2,2025-10-28 18:27:58,2025-10-28 19:00:02,32.1,,공통
b200_mixed_ps_sub_r1,SPT,144,BLK_144C,10,TurnOver,3,2025-10-28 19:00:02,2025-10-28 19:12:02,12.0,,공통
b200_mixed_ps_sub_r1,SPT,144,BLK_144C,10,후면SAW,4,2025-10-28 20:21:40,2025-10-28 20:42:43,21.1,,공통
b200_mixed_ps_sub_r1,SPT,144,BLK_144C,10,NC,5,2025-10-28 21:15:43,2025-10-28 21:42:27,26.7,,공통
b200_mixed_ps_sub_r1,SPT,144,BLK_144C,10,베이35A 론지취부,6,2025-10-28 21:42:27,2025-10-28 22:23:57,41.5,35A,베이35A
b200_mixed_ps_sub_r1,SPT,144,BLK_144C,10,베이35A 론지용접,7,2025-10-28 22:23:57,2025-10-28 22:42:21,18.4,35A,베이35A
b200_mixed_ps_sub_r1,SPT,144,BLK_144C,10,베이35A 수정,8,2025-10-28 22:42:21,2025-10-28 23:07:09,24.8,35A,베이35A
b200_mixed_ps_sub_r1,SPT,163,BLK_163C,11,판계,1,2025-10-28 13:14:00,2025-10-28 13:44:00,30.0,,공통
b200_mixed_ps_sub_r1,SPT,163,BLK_163C,11,전면SAW,2,2025-10-28 19:00:02,2025-10-28 19:28:52,28.8,,공통
b200_mixed_ps_sub_r1,SPT,163,BLK_163C,11,TurnOver,3,2025-10-28 19:28:52,2025-10-28 19:40:52,12.0,,공통
b200_mixed_ps_sub_r1,SPT,163,BLK_163C,11,후면SAW,4,2025-10-28 20:42:43,2025-10-28 20:59:33,16.8,,공통
b200_mixed_ps_sub_r1,SPT,163,BLK_163C,11,NC,5,2025-10-28 21:42:27,2025-10-28 22:22:23,39.9,,공통
b200_mixed_ps_sub_r1,SPT,163,BLK_163C,11,베이36B 론지취부,6,2025-10-28 22:46:13,2025-10-28 23:34:43,48.5,36B,베이36B
b200_mixed_ps_sub_r1,SPT,163,BLK_163C,11,베이36B 론지용접,7,2025-10-28 23:34:43,2025-10-28 23:54:19,19.6,36B,베이36B
b200_mixed_ps_sub_r1,SPT,163,BLK_163C,11,베이36B 수정,8,2025-10-29 00:08:37,2025-10-29 00:37:49,29.2,36B,베이36B
b200_mixed_ps_sub_r1,SPT,164,BLK_164C,12,판계,1,2025-10-28 13:44:00,2025-10-28 14:04:00,20.0,,공통
b200_mixed_ps_sub_r1,SPT,164,BLK_164C,12,전면SAW,2,2025-10-28 19:28:52,2025-10-28 20:04:45,35.9,,공통
b200_mixed_ps_sub_r1,SPT,164,BLK_164C,12,TurnOver,3,2025-10-28 20:04:45,2025-10-28 20:16:45,12.0,,공통
b200_mixed_ps_sub_r1,SPT,164,BLK_164C,12,후면SAW,4,2025-10-28 20:59:33,2025-10-28 21:25:37,26.1,,공통
b200_mixed_ps_sub_r1,SPT,164,BLK_164C,12,NC,5,2025-10-28 22:22:23,2025-10-28 22:52:22,30.0,,공통
b200_mixed_ps_sub_r1,SPT,164,BLK_164C,12,베이35A 론지취부,6,2025-10-28 22:52:22,2025-10-28 23:44:22,52.0,35A,베이35A
b200_mixed_ps_sub_r1,SPT,164,BLK_164C,12,베이35A 론지용접,7,2025-10-28 23:44:22,2025-10-29 00:04:34,20.2,35A,베이35A
b200_mixed_ps_sub_r1,SPT,164,BLK_164C,12,베이35A 수정,8,2025-10-29 00:04:34,2025-10-29 00:35:58,31.4,35A,베이35A
b200_mixed_ps_sub_r1,SPT,75,BLK_75C,13,판계,1,2025-10-28 14:04:00,2025-10-28 14:29:00,25.0,,공통
b200_mixed_ps_sub_r1,SPT,75,BLK_75C,13,전면SAW,2,2025-10-28 20:04:45,2025-10-28 20:38:07,33.4,,공통
b200_mixed_ps_sub_r1,SPT,75,BLK_75C,13,TurnOver,3,2025-10-28 20:38:07,2025-10-28 20:50:07,12.0,,공통
b200_mixed_ps_sub_r1,SPT,75,BLK_75C,13,후면SAW,4,2025-10-28 21:25:37,2025-10-28 21:48:25,22.8,,공통
b200_mixed_ps_sub_r1,SPT,75,BLK_75C,13,NC,5,2025-10-28 22:52:22,2025-10-28 23:28:57,36.6,,공통
b200_mixed_ps_sub_r1,SPT,75,BLK_75C,13,베이36B 론지취부,6,2025-10-28 23:34:43,2025-10-29 00:33:43,59.0,36B,베이36B
b200_mixed_ps_sub_r1,SPT,75,BLK_75C,13,베이36B 론지용접,7,2025-10-29 00:33:43,2025-10-29 00:55:07,21.4,36B,베이36B
b200_mixed_ps_sub_r1,SPT,75,BLK_75C,13,베이36B 수정,8,2025-10-29 00:55:07,2025-10-29 01:30:55,35.8,36B,베이36B
b200_mixed_ps_sub_r1,SPT,143,BLK_143S,14,판계,1,2025-10-28 14:29:00,2025-10-28 14:54:00,25.0,,공통
b200_mixed_ps_sub_r1,SPT,143,BLK_143S,14,전면SAW,2,2025-10-28 20:38:07,2025-10-28 21:08:56,30.8,,공통
b200_mixed_ps_sub_r1,SPT,143,BLK_143S,14,TurnOver,3,2025-10-28 21:08:56,2025-10-28 21:20:56,12.0,,공통
b200_mixed_ps_sub_r1,SPT,143,BLK_143S,14,후면SAW,4,2025-10-28 21:48:25,2025-10-28 22:07:50,19.4,,공통
b200_mixed_ps_sub_r1,SPT,143,BLK_143S,14,NC,5,2025-10-28 23:28:57,2025-10-29 00:03:02,34.1,,공통
b200_mixed_ps_sub_r1,SPT,143,BLK_143S,14,베이35A 론지취부,6,2025-10-29 00:03:02,2025-10-29 01:09:02,66.0,35A,베이35A
b200_mixed_ps_sub_r1,SPT,143,BLK_143S,14,베이35A 론지용접,7,2025-10-29 01:09:02,2025-10-29 01:31:38,22.6,35A,베이35A
b200_mixed_ps_sub_r1,SPT,143,BLK_143S,14,베이35A 수정,8,2025-10-29 01:31:38,2025-10-29 02:11:50,40.2,35A,베이35A
b200_mixed_ps_sub_r1,SPT,6,BLK_6C,15,판계,1,2025-10-28 14:54:00,2025-10-28 15:14:00,20.0,,공통
b200_mixed_ps_sub_r1,SPT,6,BLK_6C,15,전면SAW,2,2025-10-28 21:08:56,2025-10-28 21:49:41,40.8,,공통
b200_mixed_ps_sub_r1,SPT,6,BLK_6C,15,TurnOver,3,2025-10-28 21:49:41,2025-10-28 22:01:41,12.0,,공통
b200_mixed_ps_sub_r1,SPT,6,BLK_6C,15,후면SAW,4,2025-10-28 22:07:50,2025-10-28 22:40:20,32.5,,공통
b200_mixed_ps_sub_r1,SPT,6,BLK_6C,15,NC,5,2025-10-29 00:03:02,2025-10-29 00:35:16,32.2,,공통
b200_mixed_ps_sub_r1,SPT,6,BLK_6C,15,베이36B 론지취부,6,2025-10-29 00:35:16,2025-10-29 01:37:46,62.5,36B,베이36B
b200_mixed_ps_sub_r1,SPT,6,BLK_6C,15,베이36B 론지용접,7,2025-10-29 01:37:46,2025-10-29 01:59:46,22.0,36B,베이36B
b200_mixed_ps_sub_r1,SPT,6,BLK_6C,15,베이36B 수정,8,2025-10-29 01:59:46,2025-10-29 02:37:46,38.0,36B,베이36B
b200_mixed_ps_sub_r1,SPT,11,BLK_11C,16,판계,1,2025-10-28 15:14:00,2025-10-28 15:39:00,25.0,,공통
b200_mixed_ps_sub_r1,SPT,11,BLK_11C,16,전면SAW,2,2025-10-28 21:49:41,2025-10-28 22:19:37,29.9,,공통
b200_mixed_ps_sub_r1,SPT,11,BLK_11C,16,TurnOver,3,2025-10-28 22:19:37,2025-10-28 22:31:37,12.0,,공통
b200_mixed_ps_sub_r1,SPT,11,BLK_11C,16,후면SAW,4,2025-10-28 22:40:20,2025-10-28 22:58:36,18.3,,공통
b200_mixed_ps_sub_r1,SPT,11,BLK_11C,16,NC,5,2025-10-29 00:35:16,2025-10-29 01:07:35,32.3,,공통
b200_mixed_ps_sub_r1,SPT,11,BLK_11C,16,베이35A 론지취부,6,2025-10-29 01:09:02,2025-10-29 01:36:32,27.5,35A,베이35A
b200_mixed_ps_sub_r1,SPT,11,BLK_11C,16,베이35A 론지용접,7,2025-10-29 01:36:32,2025-10-29 01:48:32,12.0,35A,베이35A
b200_mixed_ps_sub_r1,SPT,11,BLK_11C,16,베이35A 수정,8,2025-10-29 02:11:50,2025-10-29 02:27:50,16.0,35A,베이35A
b200_mixed_ps_sub_r1,SPT,15,BLK_15C,17,판계,1,2025-10-28 15:39:00,2025-10-28 15:51:00,12.0,,공통
b200_mixed_ps_sub_r1,SPT,15,BLK_15C,17,전면SAW,2,2025-10-28 22:19:37,2025-10-28 23:01:01,41.4,,공통
b200_mixed_ps_sub_r1,SPT,15,BLK_15C,17,TurnOver,3,2025-10-28 23:01:01,2025-10-28 23:13:01,12.0,,공통
b200_mixed_ps_sub_r1,SPT,15,BLK_15C,17,후면SAW,4,2025-10-28 23:13:01,2025-10-28 23:46:22,33.4,,공통
b200_mixed_ps_sub_r1,SPT,15,BLK_15C,17,NC,5,2025-10-29 01:07:35,2025-10-29 01:30:43,23.1,,공통
b200_mixed_ps_sub_r1,SPT,15,BLK_15C,17,베이36B 론지취부,6,2025-10-29 01:37:46,2025-10-29 02:33:16,55.5,36B,베이36B
b200_mixed_ps_sub_r1,SPT,15,BLK_15C,17,베이36B 론지용접,7,2025-10-29 02:33:16,2025-10-29 02:54:04,20.8,36B,베이36B
b200_mixed_ps_sub_r1,SPT,15,BLK_15C,17,베이36B 수정,8,2025-10-29 02:54:04,2025-10-29 03:27:40,33.6,36B,베이36B
b200_mixed_ps_sub_r1,SPT,14,BLK_14C,18,판계,1,2025-10-28 15:51:00,2025-10-28 16:21:00,30.0,,공통
b200_mixed_ps_sub_r1,SPT,14,BLK_14C,18,전면SAW,2,2025-10-28 23:01:01,2025-10-28 23:30:54,29.9,,공통
b200_mixed_ps_sub_r1,SPT,14,BLK_14C,18,TurnOver,3,2025-10-28 23:30:54,2025-10-28 23:42:54,12.0,,공통
b200_mixed_ps_sub_r1,SPT,14,BLK_14C,18,후면SAW,4,2025-10-28 23:46:22,2025-10-29 00:04:34,18.2,,공통
b200_mixed_ps_sub_r1,SPT,14,BLK_14C,18,NC,5,2025-10-29 01:30:43,2025-10-29 02:20:33,49.8,,공통
b200_mixed_ps_sub_r1,SPT,14,BLK_14C,18,베이35A 론지취부,6,2025-10-29 02:20:33,2025-10-29 03:23:03,62.5,35A,베이35A
b200_mixed_ps_sub_r1,SPT,14,BLK_14C,18,베이35A 론지용접,7,2025-10-29 03:23:03,2025-10-29 03:45:03,22.0,35A,베이35A
b200_mixed_ps_sub_r1,SPT,14,BLK_14C,18,베이35A 수정,8,2025-10-29 03:45:03,2025-10-29 04:23:03,38.0,35A,베이35A
b200_mixed_ps_sub_r1,SPT,2,BLK_2P,19,판계,1,2025-10-28 16:21:00,2025-10-28 16:51:00,30.0,,공통
b200_mixed_ps_sub_r1,SPT,2,BLK_2P,19,전면SAW,2,2025-10-28 23:30:54,2025-10-29 00:02:25,31.5,,공통
b200_mixed_ps_sub_r1,SPT,2,BLK_2P,19,TurnOver,3,2025-10-29 00:02:25,2025-10-29 00:14:25,12.0,,공통
b200_mixed_ps_sub_r1,SPT,2,BLK_2P,19,후면SAW,4,2025-10-29 00:14:25,2025-10-29 00:34:46,20.3,,공통
b200_mixed_ps_sub_r1,SPT,2,BLK_2P,19,NC,5,2025-10-29 02:20:33,2025-10-29 03:02:10,41.6,,공통
b200_mixed_ps_sub_r1,SPT,2,BLK_2P,19,베이36B 론지취부,6,2025-10-29 03:02:10,2025-10-29 04:08:10,66.0,36B,베이36B
b200_mixed_ps_sub_r1,SPT,2,BLK_2P,19,베이36B 론지용접,7,2025-10-29 04:08:10,2025-10-29 04:30:46,22.6,36B,베이36B
b200_mixed_ps_sub_r1,SPT,2,BLK_2P,19,베이36B 수정,8,2025-10-29 04:30:46,2025-10-29 05:10:58,40.2,36B,베이36B
b200_mixed_ps_sub_r1,SPT,115,BLK_115P,20,판계,1,2025-10-28 16:51:00,2025-10-28 17:16:00,25.0,,공통
b200_mixed_ps_sub_r1,SPT,115,BLK_115P,20,전면SAW,2,2025-10-29 00:02:25,2025-10-29 00:38:44,36.3,,공통
b200_mixed_ps_sub_r1,SPT,115,BLK_115P,20,TurnOver,3,2025-10-29 00:38:44,2025-10-29 00:50:44,12.0,,공통
b200_mixed_ps_sub_r1,SPT,115,BLK_115P,20,후면SAW,4,2025-10-29 00:50:44,2025-10-29 01:17:23,26.6,,공통
b200_mixed_ps_sub_r1,SPT,115,BLK_115P,20,NC,5,2025-10-29 03:02:10,2025-10-29 03:40:37,38.4,,공통
b200_mixed_ps_sub_r1,SPT,115,BLK_115P,20,베이36B 론지취부,6,2025-10-29 04:08:10,2025-10-29 05:21:10,73.0,36B,베이36B
b200_mixed_ps_sub_r1,SPT,115,BLK_115P,20,베이36B 론지용접,7,2025-10-29 05:21:10,2025-10-29 05:44:58,23.8,36B,베이36B
b200_mixed_ps_sub_r1,SPT,115,BLK_115P,20,베이36B 수정,8,2025-10-29 05:44:58,2025-10-29 06:29:34,44.6,36B,베이36B
b200_mixed_ps_sub_r1,SPT,26,BLK_26C,21,판계,1,2025-10-28 17:16:00,2025-10-28 17:36:00,20.0,,공통
b200_mixed_ps_sub_r1,SPT,26,BLK_26C,21,전면SAW,2,2025-10-29 00:38:44,2025-10-29 02:53:37,134.9,,공통
b200_mixed_ps_sub_r1,SPT,26,BLK_26C,21,TurnOver,3,2025-10-29 02:53:37,2025-10-29 03:05:37,12.0,,공통
b200_mixed_ps_sub_r1,SPT,26,BLK_26C,21,후면SAW,4,2025-10-29 03:05:37,2025-10-29 05:24:55,139.3,,공통
b200_mixed_ps_sub_r1,SPT,26,BLK_26C,21,NC,5,2025-10-29 05:24:55,2025-10-29 05:51:01,26.1,,공통
b200_mixed_ps_sub_r1,SPT,26,BLK_26C,21,베이35A 론지취부,6,2025-10-29 05:51:01,2025-10-29 06:36:01,45.0,35A,베이35A
b200_mixed_ps_sub_r1,SPT,26,BLK_26C,21,베이35A 론지용접,7,2025-10-29 06:36:01,2025-10-29 06:51:01,15.0,35A,베이35A
b200_mixed_ps_sub_r1,SPT,26,BLK_26C,21,베이35A 수정,8,2025-10-29 06:51:01,2025-10-29 07:18:01,27.0,35A,베이35A
b200_mixed_ps_sub_r1,SPT,153,BLK_153P,1,판계,1,2025-10-29 08:00:00,2025-10-29 08:45:00,45.0,,공통
b200_mixed_ps_sub_r1,SPT,153,BLK_153P,1,전면SAW,2,2025-10-29 08:45:00,2025-10-29 09:25:49,40.8,,공통
b200_mixed_ps_sub_r1,SPT,153,BLK_153P,1,TurnOver,3,2025-10-29 09:25:49,2025-10-29 09:37:49,12.0,,공통
b200_mixed_ps_sub_r1,SPT,153,BLK_153P,1,후면SAW,4,2025-10-29 09:37:49,2025-10-29 10:10:25,32.6,,공통
b200_mixed_ps_sub_r1,SPT,153,BLK_153P,1,NC,5,2025-10-29 10:10:25,2025-10-29 11:04:09,53.7,,공통
b200_mixed_ps_sub_r1,SPT,153,BLK_153P,1,베이36B 론지취부,6,2025-10-29 11:04:09,2025-10-29 11:56:09,52.0,36B,베이36B
b200_mixed_ps_sub_r1,SPT,153,BLK_153P,1,베이36B 론지용접,7,2025-10-29 11:56:09,2025-10-29 12:16:21,20.2,36B,베이36B
b200_mixed_ps_sub_r1,SPT,153,BLK_153P,1,베이36B 수정,8,2025-10-29 12:16:21,2025-10-29 12:47:45,31.4,36B,베이36B
b200_mixed_ps_sub_r1,SPT,174,BLK_174C,2,판계,1,2025-10-29 08:45:00,2025-10-29 09:15:00,30.0,,공통
b200_mixed_ps_sub_r1,SPT,174,BLK_174C,2,전면SAW,2,2025-10-29 09:25:49,2025-10-29 09:58:25,32.6,,공통
b200_mixed_ps_sub_r1,SPT,174,BLK_174C,2,TurnOver,3,2025-10-29 09:58:25,2025-10-29 10:10:25,12.0,,공통
b200_mixed_ps_sub_r1,SPT,174,BLK_174C,2,후면SAW,4,2025-10-29 10:10:25,2025-10-29 10:32:12,21.8,,공통
b200_mixed_ps_sub_r1,SPT,174,BLK_174C,2,NC,5,2025-10-29 11:04:09,2025-10-29 11:46:23,42.2,,공통
b200_mixed_ps_sub_r1,SPT,174,BLK_174C,2,베이35A 론지취부,6,2025-10-29 11:46:23,2025-10-29 13:13:23,87.0,35A,베이35A
b200_mixed_ps_sub_r1,SPT,174,BLK_174C,2,베이35A 론지용접,7,2025-10-29 13:13:23,2025-10-29 13:39:35,26.2,35A,베이35A
b200_mixed_ps_sub_r1,SPT,174,BLK_174C,2,베이35A 수정,8,2025-10-29 13:39:35,2025-10-29 14:32:59,53.4,35A,베이35A
b200_mixed_ps_sub_r1,SPT,105,BLK_105C,3,판계,1,2025-10-29 09:15:00,2025-10-29 09:40:00,25.0,,공통
b200_mixed_ps_sub_r1,SPT,105,BLK_105C,3,전면SAW,2,2025-10-29 09:58:25,2025-10-29 10:37:20,38.9,,공통
b200_mixed_ps_sub_r1,SPT,105,BLK_105C,3,TurnOver,3,2025-10-29 10:37:20,2025-10-29 10:49:20,12.0,,공통
b200_mixed_ps_sub_r1,SPT,105,BLK_105C,3,후면SAW,4,2025-10-29 10:49:20,2025-10-29 11:19:24,30.1,,공통
b200_mixed_ps_sub_r1,SPT,105,BLK_105C,3,NC,5,2025-10-29 11:46:23,2025-10-29 12:27:39,41.3,,공통
b200_mixed_ps_sub_r1,SPT,105,BLK_105C,3,베이36B 론지취부,6,2025-10-29 12:27:39,2025-10-29 14:05:09,97.5,36B,베이36B
b200_mixed_ps_sub_r1,SPT,105,BLK_105C,3,베이36B 론지용접,7,2025-10-29 14:05:09,2025-10-29 14:33:09,28.0,36B,베이36B
b200_mixed_ps_sub_r1,SPT,105,BLK_105C,3,베이36B 수정,8,2025-10-29 14:33:09,2025-10-29 15:33:09,60.0,36B,베이36B
b200_mixed_ps_sub_r1,SPT,95,BLK_95C,4,판계,1,2025-10-29 09:40:00,2025-10-29 10:13:00,33.0,,공통
b200_mixed_ps_sub_r1,SPT,95,BLK_95C,4,전면SAW,2,2025-10-29 10:37:20,2025-10-29 12:17:06,99.8,,공통
b200_mixed_ps_sub_r1,SPT,95,BLK_95C,4,TurnOver,3,2025-10-29 12:17:06,2025-10-29 12:29:06,12.0,,공통
b200_mixed_ps_sub_r1,SPT,95,BLK_95C,4,후면SAW,4,2025-10-29 12:29:06,2025-10-29 13:47:49,78.7,,공통
b200_mixed_ps_sub_r1,SPT,95,BLK_95C,4,NC,5,2025-10-29 13:47:49,2025-10-29 14:26:24,38.6,,공통
b200_mixed_ps_sub_r1,SPT,95,BLK_95C,4,베이35A 론지취부,6,2025-10-29 14:26:24,2025-10-29 15:14:54,48.5,35A,베이35A
b200_mixed_ps_sub_r1,SPT,95,BLK_95C,4,베이35A 론지용접,7,2025-10-29 15:14:54,2025-10-29 15:34:30,19.6,35A,베이35A
b200_mixed_ps_sub_r1,SPT,95,BLK_95C,4,베이35A 수정,8,2025-10-29 15:34:30,2025-10-29 16:03:42,29.2,35A,베이35A
b200_mixed_ps_sub_r1,SPT,187,BLK_2S,5,판계,1,2025-10-29 10:13:00,2025-10-29 10:43:00,30.0,,공통
b200_mixed_ps_sub_r1,SPT,187,BLK_2S,5,전면SAW,2,2025-10-29 12:17:06,2025-10-29 12:48:37,31.5,,공통
b200_mixed_ps_sub_r1,SPT,187,BLK_2S,5,TurnOver,3,2025-10-29 12:48:37,2025-10-29 13:00:37,12.0,,공통
b200_mixed_ps_sub_r1,SPT,187,BLK_2S,5,후면SAW,4,2025-10-29 13:47:49,2025-10-29 14:08:10,20.3,,공통
b200_mixed_ps_sub_r1,SPT,187,BLK_2S,5,NC,5,2025-10-29 14:26:24,2025-10-29 15:08:02,41.6,,공통
b200_mixed_ps_sub_r1,SPT,187,BLK_2S,5,베이36B 론지취부,6,2025-10-29 15:08:02,2025-10-29 16:14:02,66.0,36B,베이36B
b200_mixed_ps_sub_r1,SPT,187,BLK_2S,5,베이36B 론지용접,7,2025-10-29 16:14:02,2025-10-29 16:36:38,22.6,36B,베이36B
b200_mixed_ps_sub_r1,SPT,187,BLK_2S,5,베이36B 수정,8,2025-10-29 16:36:38,2025-10-29 17:16:50,40.2,36B,베이36B
b200_mixed_ps_sub_r1,SPT,85,BLK_85S,6,판계,1,2025-10-29 10:43:00,2025-10-29 11:16:00,33.0,,공통
b200_mixed_ps_sub_r1,SPT,85,BLK_85S,6,전면SAW,2,2025-10-29 12:48:37,2025-10-29 14:27:54,99.3,,공통
b200_mixed_ps_sub_r1,SPT,85,BLK_85S,6,TurnOver,3,2025-10-29 14:27:54,2025-10-29 14:39:54,12.0,,공통
b200_mixed_ps_sub_r1,SPT,85,BLK_85S,6,후면SAW,4,2025-10-29 14:39:54,2025-10-29 15:58:11,78.3,,공통
b200_mixed_ps_sub_r1,SPT,85,BLK_85S,6,NC,5,2025-10-29 15:58:11,2025-10-29 16:37:42,39.5,,공통
b200_mixed_ps_sub_r1,SPT,85,BLK_85S,6,베이35A 론지취부,6,2025-10-29 16:37:42,2025-10-29 17:40:12,62.5,35A,베이35A
b200_mixed_ps_sub_r1,SPT,85,BLK_85S,6,베이35A 론지용접,7,2025-10-29 17:40:12,2025-10-29 18:02:12,22.0,35A,베이35A
b200_mixed_ps_sub_r1,SPT,85,BLK_85S,6,베이35A 수정,8,2025-10-29 18:02:12,2025-10-29 18:40:12,38.0,35A,베이35A
b200_mixed_ps_sub_r1,SPT,31,BLK_31P,7,판계,1,2025-10-29 11:16:00,2025-10-29 11:56:00,40.0,,공통
b200_mixed_ps_sub_r1,SPT,31,BLK_31P,7,전면SAW,2,2025-10-29 14:27:54,2025-10-29 17:20:05,172.2,,공통
b200_mixed_ps_sub_r1,SPT,31,BLK_31P,7,TurnOver,3,2025-10-29 17:20:05,2025-10-29 17:32:05,12.0,,공통
b200_mixed_ps_sub_r1,SPT,31,BLK_31P,7,후면SAW,4,2025-10-29 17:32:05,2025-10-29 20:03:07,151.0,,공통
b200_mixed_ps_sub_r1,SPT,31,BLK_31P,7,NC,5,2025-10-29 20:03:07,2025-10-29 20:48:19,45.2,,공통
b200_mixed_ps_sub_r1,SPT,31,BLK_31P,7,베이36B 론지취부,6,2025-10-29 20:48:19,2025-10-29 21:33:19,45.0,36B,베이36B
b200_mixed_ps_sub_r1,SPT,31,BLK_31P,7,베이36B 론지용접,7,2025-10-29 21:33:19,2025-10-29 21:52:19,19.0,36B,베이36B
b200_mixed_ps_sub_r1,SPT,31,BLK_31P,7,베이36B 수정,8,2025-10-29 21:52:19,2025-10-29 22:19:19,27.0,36B,베이36B
b200_mixed_ps_sub_r1,SPT,181,BLK_31S,8,판계,1,2025-10-29 11:56:00,2025-10-29 12:36:00,40.0,,공통
b200_mixed_ps_sub_r1,SPT,181,BLK_31S,8,전면SAW,2,2025-10-29 17:20:05,2025-10-29 20:12:16,172.2,,공통
b200_mixed_ps_sub_r1,SPT,181,BLK_31S,8,TurnOver,3,2025-10-29 20:12:16,2025-10-29 20:24:16,12.0,,공통
b200_mixed_ps_sub_r1,SPT,181,BLK_31S,8,후면SAW,4,2025-10-29 20:24:16,2025-10-29 22:55:18,151.0,,공통
b200_mixed_ps_sub_r1,SPT,181,BLK_31S,8,NC,5,2025-10-29 22:55:18,2025-10-29 23:40:30,45.2,,공통
b200_mixed_ps_sub_r1,SPT,181,BLK_31S,8,베이35A 론지취부,6,2025-10-29 23:40:30,2025-10-30 00:25:30,45.0,35A,베이35A
b200_mixed_ps_sub_r1,SPT,181,BLK_31S,8,베이35A 론지용접,7,2025-10-30 00:25:30,2025-10-30 00:44:30,19.0,35A,베이35A
b200_mixed_ps_sub_r1,SPT,181,BLK_31S,8,베이35A 수정,8,2025-10-30 00:44:30,2025-10-30 01:11:30,27.0,35A,베이35A
b200_mixed_ps_sub_r1,SPT,10,BLK_10C,9,판계,1,2025-10-29 12:36:00,2025-10-29 13:09:00,33.0,,공통
b200_mixed_ps_sub_r1,SPT,10,BLK_10C,9,전면SAW,2,2025-10-29 20:12:16,2025-10-29 22:23:27,131.2,,공통
b200_mixed_ps_sub_r1,SPT,10,BLK_10C,9,TurnOver,3,2025-10-29 22:23:27,2025-10-29 22:35:27,12.0,,공통
b200_mixed_ps_sub_r1,SPT,10,BLK_10C,9,후면SAW,4,2025-10-29 22:55:18,2025-10-30 01:10:16,135.0,,공통
b200_mixed_ps_sub_r1,SPT,10,BLK_10C,9,NC,5,2025-10-30 01:10:16,2025-10-30 01:51:04,40.8,,공통
b200_mixed_ps_sub_r1,SPT,10,BLK_10C,9,베이36B 론지취부,6,2025-10-30 01:51:04,2025-10-30 02:46:34,55.5,36B,베이36B
b200_mixed_ps_sub_r1,SPT,10,BLK_10C,9,베이36B 론지용접,7,2025-10-30 02:46:34,2025-10-30 03:07:22,20.8,36B,베이36B
b200_mixed_ps_sub_r1,SPT,10,BLK_10C,9,베이36B 수정,8,2025-10-30 03:07:22,2025-10-30 03:40:58,33.6,36B,베이36B
b200_mixed_ps_sub_r1,SPT,4,BLK_4C,10,판계,1,2025-10-29 13:09:00,2025-10-29 13:34:00,25.0,,공통
b200_mixed_ps_sub_r1,SPT,4,BLK_4C,10,전면SAW,2,2025-10-29 22:23:27,2025-10-29 22:53:34,30.1,,공통
b200_mixed_ps_sub_r1,SPT,4,BLK_4C,10,TurnOver,3,2025-10-29 22:53:34,2025-10-29 23:05:34,12.0,,공통
b200_mixed_ps_sub_r1,SPT,4,BLK_4C,10,후면SAW,4,2025-10-30 01:10:16,2025-10-30 01:28:47,18.5,,공통
b200_mixed_ps_sub_r1,SPT,4,BLK_4C,10,NC,5,2025-10-30 01:51:04,2025-10-30 02:23:58,32.9,,공통
b200_mixed_ps_sub_r1,SPT,4,BLK_4C,10,베이35A 론지취부,6,2025-10-30 02:23:58,2025-10-30 03:12:28,48.5,35A,베이35A
b200_mixed_ps_sub_r1,SPT,4,BLK_4C,10,베이35A 론지용접,7,2025-10-30 03:12:28,2025-10-30 03:32:04,19.6,35A,베이35A
b200_mixed_ps_sub_r1,SPT,4,BLK_4C,10,베이35A 수정,8,2025-10-30 03:32:04,2025-10-30 04:01:16,29.2,35A,베이35A
b200_mixed_ps_sub_r1,SPT,125,BLK_125S,11,판계,1,2025-10-29 13:34:00,2025-10-29 13:59:00,25.0,,공통
b200_mixed_ps_sub_r1,SPT,125,BLK_125S,11,전면SAW,2,2025-10-29 22:53:34,2025-10-29 23:23:46,30.2,,공통
b200_mixed_ps_sub_r1,SPT,125,BLK_125S,11,TurnOver,3,2025-10-29 23:23:46,2025-10-29 23:35:46,12.0,,공통
b200_mixed_ps_sub_r1,SPT,125,BLK_125S,11,후면SAW,4,2025-10-30 01:28:47,2025-10-30 01:47:24,18.6,,공통
b200_mixed_ps_sub_r1,SPT,125,BLK_125S,11,NC,5,2025-10-30 02:23:58,2025-10-30 02:56:57,33.0,,공통
b200_mixed_ps_sub_r1,SPT,125,BLK_125S,11,베이36B 론지취부,6,2025-10-30 02:56:57,2025-10-30 03:48:57,52.0,36B,베이36B
b200_mixed_ps_sub_r1,SPT,125,BLK_125S,11,베이36B 론지용접,7,2025-10-30 03:48:57,2025-10-30 04:09:09,20.2,36B,베이36B
b200_mixed_ps_sub_r1,SPT,125,BLK_125S,11,베이36B 수정,8,2025-10-30 04:09:09,2025-10-30 04:40:33,31.4,36B,베이36B
b200_mixed_ps_sub_r1,SPT,90,BLK_90P,12,판계,1,2025-10-29 13:59:00,2025-10-29 14:19:00,20.0,,공통
b200_mixed_ps_sub_r1,SPT,90,BLK_90P,12,전면SAW,2,2025-10-29 23:23:46,2025-10-29 23:59:14,35.5,,공통
b200_mixed_ps_sub_r1,SPT,90,BLK_90P,12,TurnOver,3,2025-10-29 23:59:14,2025-10-30 00:11:14,12.0,,공통
b200_mixed_ps_sub_r1,SPT,90,BLK_90P,12,후면SAW,4,2025-10-30 01:47:24,2025-10-30 02:12:56,25.5,,공통
b200_mixed_ps_sub_r1,SPT,90,BLK_90P,12,NC,5,2025-10-30 02:56:57,2025-10-30 03:26:42,29.8,,공통
b200_mixed_ps_sub_r1,SPT,90,BLK_90P,12,베이35A 론지취부,6,2025-10-30 03:26:42,2025-10-30 04:32:42,66.0,35A,베이35A
b200_mixed_ps_sub_r1,SPT,90,BLK_90P,12,베이35A 론지용접,7,2025-10-30 04:32:42,2025-10-30 04:55:18,22.6,35A,베이35A
b200_mixed_ps_sub_r1,SPT,90,BLK_90P,12,베이35A 수정,8,2025-10-30 04:55:18,2025-10-30 05:35:30,40.2,35A,베이35A
b200_mixed_ps_sub_r1,SPT,135,BLK_135P,13,판계,1,2025-10-29 14:19:00,2025-10-29 14:57:00,38.0,,공통
b200_mixed_ps_sub_r1,SPT,135,BLK_135P,13,전면SAW,2,2025-10-29 23:59:14,2025-10-30 01:12:46,73.5,,공통
b200_mixed_ps_sub_r1,SPT,135,BLK_135P,13,TurnOver,3,2025-10-30 01:12:46,2025-10-30 01:24:46,12.0,,공통
b200_mixed_ps_sub_r1,SPT,135,BLK_135P,13,후면SAW,4,2025-10-30 02:12:56,2025-10-30 03:07:44,54.8,,공통
b200_mixed_ps_sub_r1,SPT,135,BLK_135P,13,NC,5,2025-10-30 03:26:42,2025-10-30 04:08:45,42.0,,공통
b200_mixed_ps_sub_r1,SPT,135,BLK_135P,13,베이36B 론지취부,6,2025-10-30 04:08:45,2025-10-30 04:43:15,34.5,36B,베이36B
b200_mixed_ps_sub_r1,SPT,135,BLK_135P,13,베이36B 론지용접,7,2025-10-30 04:43:15,2025-10-30 05:00:27,17.2,36B,베이36B
b200_mixed_ps_sub_r1,SPT,135,BLK_135P,13,베이36B 수정,8,2025-10-30 05:00:27,2025-10-30 05:20:51,20.4,36B,베이36B
b200_mixed_ps_sub_r1,SPT,32,BLK_32S,14,판계,1,2025-10-29 14:57:00,2025-10-29 15:27:00,30.0,,공통
b200_mixed_ps_sub_r1,SPT,32,BLK_32S,14,전면SAW,2,2025-10-30 01:12:46,2025-10-30 01:47:00,34.2,,공통
b200_mixed_ps_sub_r1,SPT,32,BLK_32S,14,TurnOver,3,2025-10-30 01:47:00,2025-10-30 01:59:00,12.0,,공통
b200_mixed_ps_sub_r1,SPT,32,BLK_32S,14,후면SAW,4,2025-10-30 03:07:44,2025-10-30 03:31:39,23.9,,공통
b200_mixed_ps_sub_r1,SPT,32,BLK_32S,14,NC,5,2025-10-30 04:08:45,2025-10-30 04:53:28,44.7,,공통
b200_mixed_ps_sub_r1,SPT,32,BLK_32S,14,베이35A 론지취부,6,2025-10-30 04:53:28,2025-10-30 06:37:58,104.5,35A,베이35A
b200_mixed_ps_sub_r1,SPT,32,BLK_32S,14,베이35A 론지용접,7,2025-10-30 06:37:58,2025-10-30 07:07:10,29.2,35A,베이35A
b200_mixed_ps_sub_r1,SPT,32,BLK_32S,14,베이35A 수정,8,2025-10-30 07:07:10,2025-10-30 08:11:34,64.4,35A,베이35A
b200_mixed_ps_sub_r1,SPT,145,BLK_145C,15,판계,1,2025-10-29 15:27:00,2025-10-29 16:05:00,38.0,,공통
b200_mixed_ps_sub_r1,SPT,145,BLK_145C,15,전면SAW,2,2025-10-30 01:47:00,2025-10-30 03:32:10,105.2,,공통
b200_mixed_ps_sub_r1,SPT,145,BLK_145C,15,TurnOver,3,2025-10-30 03:32:10,2025-10-30 03:44:10,12.0,,공통
b200_mixed_ps_sub_r1,SPT,145,BLK_145C,15,후면SAW,4,2025-10-30 03:44:10,2025-10-30 05:07:48,83.6,,공통
b200_mixed_ps_sub_r1,SPT,145,BLK_145C,15,NC,5,2025-10-30 05:07:48,2025-10-30 05:56:39,48.8,,공통
b200_mixed_ps_sub_r1,SPT,145,BLK_145C,15,베이36B 론지취부,6,2025-10-30 05:56:39,2025-10-30 07:06:09,69.5,36B,베이36B
b200_mixed_ps_sub_r1,SPT,145,BLK_145C,15,베이36B 론지용접,7,2025-10-30 07:06:09,2025-10-30 07:29:21,23.2,36B,베이36B
b200_mixed_ps_sub_r1,SPT,145,BLK_145C,15,베이36B 수정,8,2025-10-30 07:29:21,2025-10-30 08:11:45,42.4,36B,베이36B
b200_mixed_ps_sub_r1,SPT,80,BLK_80C,16,판계,1,2025-10-29 16:05:00,2025-10-29 16:40:00,35.0,,공통
b200_mixed_ps_sub_r1,SPT,80,BLK_80C,16,전면SAW,2,2025-10-30 03:32:10,2025-10-30 05:48:58,136.8,,공통
b200_mixed_ps_sub_r1,SPT,80,BLK_80C,16,TurnOver,3,2025-10-30 05:48:58,2025-10-30 06:00:58,12.0,,공통
b200_mixed_ps_sub_r1,SPT,80,BLK_80C,16,후면SAW,4,2025-10-30 06:00:58,2025-10-30 07:40:32,99.6,,공통
b200_mixed_ps_sub_r1,SPT,80,BLK_80C,16,NC,5,2025-10-30 07:40:32,2025-10-30 08:19:06,38.6,,공통
b200_mixed_ps_sub_r1,SPT,80,BLK_80C,16,베이35A 론지취부,6,2025-10-30 08:19:06,2025-10-30 09:11:06,52.0,35A,베이35A
b200_mixed_ps_sub_r1,SPT,80,BLK_80C,16,베이35A 론지용접,7,2025-10-30 09:11:06,2025-10-30 09:31:18,20.2,35A,베이35A
b200_mixed_ps_sub_r1,SPT,80,BLK_80C,16,베이35A 수정,8,2025-10-30 09:31:18,2025-10-30 10:02:42,31.4,35A,베이35A
b200_mixed_ps_sub_r1,SPT,100,BLK_100C,17,판계,1,2025-10-29 16:40:00,2025-10-29 17:10:00,30.0,,공통
b200_mixed_ps_sub_r1,SPT,100,BLK_100C,17,전면SAW,2,2025-10-30 05:48:58,2025-10-30 08:02:27,133.5,,공통
b200_mixed_ps_sub_r1,SPT,100,BLK_100C,17,TurnOver,3,2025-10-30 08:02:27,2025-10-30 08:14:27,12.0,,공통
b200_mixed_ps_sub_r1,SPT,100,BLK_100C,17,후면SAW,4,2025-10-30 08:14:27,2025-10-30 09:51:21,96.9,,공통
b200_mixed_ps_sub_r1,SPT,100,BLK_100C,17,NC,5,2025-10-30 09:51:21,2025-10-30 10:48:46,57.4,,공통
b200_mixed_ps_sub_r1,SPT,100,BLK_100C,17,베이36B 론지취부,6,2025-10-30 10:48:46,2025-10-30 11:54:46,66.0,36B,베이36B
b200_mixed_ps_sub_r1,SPT,100,BLK_100C,17,베이36B 론지용접,7,2025-10-30 11:54:46,2025-10-30 12:17:22,22.6,36B,베이36B
b200_mixed_ps_sub_r1,SPT,100,BLK_100C,17,베이36B 수정,8,2025-10-30 12:17:22,2025-10-30 12:57:34,40.2,36B,베이36B
b200_mixed_ps_sub_r1,SPT,155,BLK_155P,18,판계,1,2025-10-29 17:10:00,2025-10-29 17:22:00,12.0,,공통
b200_mixed_ps_sub_r1,SPT,155,BLK_155P,18,전면SAW,2,2025-10-30 08:02:27,2025-10-30 08:44:42,42.2,,공통
b200_mixed_ps_sub_r1,SPT,155,BLK_155P,18,TurnOver,3,2025-10-30 08:44:42,2025-10-30 08:56:42,12.0,,공통
b200_mixed_ps_sub_r1,SPT,155,BLK_155P,18,후면SAW,4,2025-10-30 09:51:21,2025-10-30 10:25:49,34.5,,공통
b200_mixed_ps_sub_r1,SPT,155,BLK_155P,18,NC,5,2025-10-30 10:48:46,2025-10-30 11:09:49,21.1,,공통
b200_mixed_ps_sub_r1,SPT,155,BLK_155P,18,베이35A 론지취부,6,2025-10-30 11:09:49,2025-10-30 11:40:49,31.0,35A,베이35A
b200_mixed_ps_sub_r1,SPT,155,BLK_155P,18,베이35A 론지용접,7,2025-10-30 11:40:49,2025-10-30 11:53:25,12.6,35A,베이35A
b200_mixed_ps_sub_r1,SPT,155,BLK_155P,18,베이35A 수정,8,2025-10-30 11:53:25,2025-10-30 12:11:37,18.2,35A,베이35A
b200_mixed_ps_sub_r1,SPT,78,BLK_78C,19,판계,1,2025-10-29 17:22:00,2025-10-29 17:42:00,20.0,,공통
b200_mixed_ps_sub_r1,SPT,78,BLK_78C,19,전면SAW,2,2025-10-30 08:44:42,2025-10-30 09:16:23,31.7,,공통
b200_mixed_ps_sub_r1,SPT,78,BLK_78C,19,TurnOver,3,2025-10-30 09:16:23,2025-10-30 09:28:23,12.0,,공통
b200_mixed_ps_sub_r1,SPT,78,BLK_78C,19,후면SAW,4,2025-10-30 10:25:49,2025-10-30 10:46:23,20.6,,공통
b200_mixed_ps_sub_r1,SPT,78,BLK_78C,19,NC,5,2025-10-30 11:09:49,2025-10-30 11:34:55,25.1,,공통
b200_mixed_ps_sub_r1,SPT,78,BLK_78C,19,베이36B 론지취부,6,2025-10-30 11:54:46,2025-10-30 12:32:46,38.0,36B,베이36B
b200_mixed_ps_sub_r1,SPT,78,BLK_78C,19,베이36B 론지용접,7,2025-10-30 12:32:46,2025-10-30 12:46:34,13.8,36B,베이36B
b200_mixed_ps_sub_r1,SPT,78,BLK_78C,19,베이36B 수정,8,2025-10-30 12:57:34,2025-10-30 13:20:10,22.6,36B,베이36B
b200_mixed_ps_sub_r1,SPT,97,BLK_97S,20,판계,1,2025-10-29 17:42:00,2025-10-29 18:02:00,20.0,,공통
b200_mixed_ps_sub_r1,SPT,97,BLK_97S,20,전면SAW,2,2025-10-30 09:16:23,2025-10-30 09:56:10,39.8,,공통
b200_mixed_ps_sub_r1,SPT,97,BLK_97S,20,TurnOver,3,2025-10-30 09:56:10,2025-10-30 10:08:10,12.0,,공통
b200_mixed_ps_sub_r1,SPT,97,BLK_97S,20,후면SAW,4,2025-10-30 10:46:23,2025-10-30 11:17:37,31.2,,공통
b200_mixed_ps_sub_r1,SPT,97,BLK_97S,20,NC,5,2025-10-30 11:34:55,2025-10-30 12:01:01,26.1,,공통
b200_mixed_ps_sub_r1,SPT,97,BLK_97S,20,베이35A 론지취부,6,2025-10-30 12:01:01,2025-10-30 12:28:31,27.5,35A,베이35A
b200_mixed_ps_sub_r1,SPT,97,BLK_97S,20,베이35A 론지용접,7,2025-10-30 12:28:31,2025-10-30 12:40:31,12.0,35A,베이35A
b200_mixed_ps_sub_r1,SPT,97,BLK_97S,20,베이35A 수정,8,2025-10-30 12:40:31,2025-10-30 12:56:31,16.0,35A,베이35A
b200_mixed_ps_sub_r1,SPT,35,BLK_35C,1,판계,1,2025-10-30 08:00:00,2025-10-30 08:20:00,20.0,,공통
b200_mixed_ps_sub_r1,SPT,35,BLK_35C,1,전면SAW,2,2025-10-30 09:56:10,2025-10-30 10:35:10,39.0,,공통
b200_mixed_ps_sub_r1,SPT,35,BLK_35C,1,TurnOver,3,2025-10-30 10:35:10,2025-10-30 10:47:10,12.0,,공통
b200_mixed_ps_sub_r1,SPT,35,BLK_35C,1,후면SAW,4,2025-10-30 11:17:37,2025-10-30 11:47:49,30.2,,공통
b200_mixed_ps_sub_r1,SPT,35,BLK_35C,1,NC,5,2025-10-30 12:01:01,2025-10-30 12:27:20,26.3,,공통
b200_mixed_ps_sub_r1,SPT,35,BLK_35C,1,베이36B 론지취부,6,2025-10-30 12:32:46,2025-10-30 13:03:46,31.0,36B,베이36B
b200_mixed_ps_sub_r1,SPT,35,BLK_35C,1,베이36B 론지용접,7,2025-10-30 13:03:46,2025-10-30 13:16:22,12.6,36B,베이36B
b200_mixed_ps_sub_r1,SPT,35,BLK_35C,1,베이36B 수정,8,2025-10-30 13:20:10,2025-10-30 13:38:22,18.2,36B,베이36B
b200_mixed_ps_sub_r1,SPT,107,BLK_107S,2,판계,1,2025-10-30 08:20:00,2025-10-30 08:45:00,25.0,,공통
b200_mixed_ps_sub_r1,SPT,107,BLK_107S,2,전면SAW,2,2025-10-30 10:35:10,2025-10-30 11:04:54,29.7,,공통
b200_mixed_ps_sub_r1,SPT,107,BLK_107S,2,TurnOver,3,2025-10-30 11:04:54,2025-10-30 11:16:54,12.0,,공통
b200_mixed_ps_sub_r1,SPT,107,BLK_107S,2,후면SAW,4,2025-10-30 11:47:49,2025-10-30 12:05:48,18.0,,공통
b200_mixed_ps_sub_r1,SPT,107,BLK_107S,2,NC,5,2025-10-30 12:27:20,2025-10-30 12:59:59,32.6,,공통
b200_mixed_ps_sub_r1,SPT,107,BLK_107S,2,베이35A 론지취부,6,2025-10-30 12:59:59,2025-10-30 13:51:59,52.0,35A,베이35A
b200_mixed_ps_sub_r1,SPT,107,BLK_107S,2,베이35A 론지용접,7,2025-10-30 13:51:59,2025-10-30 14:12:11,20.2,35A,베이35A
b200_mixed_ps_sub_r1,SPT,107,BLK_107S,2,베이35A 수정,8,2025-10-30 14:12:11,2025-10-30 14:43:35,31.4,35A,베이35A
b200_mixed_ps_sub_r1,SPT,23,BLK_23P,3,판계,1,2025-10-30 08:45:00,2025-10-30 09:10:00,25.0,,공통
b200_mixed_ps_sub_r1,SPT,23,BLK_23P,3,전면SAW,2,2025-10-30 11:04:54,2025-10-30 11:39:42,34.8,,공통
b200_mixed_ps_sub_r1,SPT,23,BLK_23P,3,TurnOver,3,2025-10-30 11:39:42,2025-10-30 11:51:42,12.0,,공통
b200_mixed_ps_sub_r1,SPT,23,BLK_23P,3,후면SAW,4,2025-10-30 12:05:48,2025-10-30 12:30:29,24.7,,공통
b200_mixed_ps_sub_r1,SPT,23,BLK_23P,3,NC,5,2025-10-30 12:59:59,2025-10-30 13:35:49,35.8,,공통
b200_mixed_ps_sub_r1,SPT,23,BLK_23P,3,베이36B 론지취부,6,2025-10-30 13:35:49,2025-10-30 14:27:49,52.0,36B,베이36B
b200_mixed_ps_sub_r1,SPT,23,BLK_23P,3,베이36B 론지용접,7,2025-10-30 14:27:49,2025-10-30 14:48:01,20.2,36B,베이36B
b200_mixed_ps_sub_r1,SPT,23,BLK_23P,3,베이36B 수정,8,2025-10-30 14:48:01,2025-10-30 15:19:25,31.4,36B,베이36B
b200_mixed_ps_sub_r1,SPT,175,BLK_175S,4,판계,1,2025-10-30 09:10:00,2025-10-30 09:40:00,30.0,,공통
b200_mixed_ps_sub_r1,SPT,175,BLK_175S,4,전면SAW,2,2025-10-30 11:39:42,2025-10-30 12:11:00,31.3,,공통
b200_mixed_ps_sub_r1,SPT,175,BLK_175S,4,TurnOver,3,2025-10-30 12:11:00,2025-10-30 12:23:00,12.0,,공통
b200_mixed_ps_sub_r1,SPT,175,BLK_175S,4,후면SAW,4,2025-10-30 12:30:29,2025-10-30 12:50:33,20.1,,공통
b200_mixed_ps_sub_r1,SPT,175,BLK_175S,4,NC,5,2025-10-30 13:35:49,2025-10-30 14:18:50,43.0,,공통
b200_mixed_ps_sub_r1,SPT,175,BLK_175S,4,베이35A 론지취부,6,2025-10-30 14:18:50,2025-10-30 15:10:50,52.0,35A,베이35A
b200_mixed_ps_sub_r1,SPT,175,BLK_175S,4,베이35A 론지용접,7,2025-10-30 15:10:50,2025-10-30 15:31:02,20.2,35A,베이35A
b200_mixed_ps_sub_r1,SPT,175,BLK_175S,4,베이35A 수정,8,2025-10-30 15:31:02,2025-10-30 16:02:26,31.4,35A,베이35A
b200_mixed_ps_sub_r1,SPT,165,BLK_165P,5,판계,1,2025-10-30 09:40:00,2025-10-30 10:10:00,30.0,,공통
b200_mixed_ps_sub_r1,SPT,165,BLK_165P,5,전면SAW,2,2025-10-30 12:11:00,2025-10-30 12:44:18,33.3,,공통
b200_mixed_ps_sub_r1,SPT,165,BLK_165P,5,TurnOver,3,2025-10-30 12:44:18,2025-10-30 12:56:18,12.0,,공통
b200_mixed_ps_sub_r1,SPT,165,BLK_165P,5,후면SAW,4,2025-10-30 12:56:18,2025-10-30 13:18:58,22.7,,공통
b200_mixed_ps_sub_r1,SPT,165,BLK_165P,5,NC,5,2025-10-30 14:18:50,2025-10-30 15:01:53,43.0,,공통
b200_mixed_ps_sub_r1,SPT,165,BLK_165P,5,베이36B 론지취부,6,2025-10-30 15:01:53,2025-10-30 16:07:53,66.0,36B,베이36B
b200_mixed_ps_sub_r1,SPT,165,BLK_165P,5,베이36B 론지용접,7,2025-10-30 16:07:53,2025-10-30 16:30:29,22.6,36B,베이36B
b200_mixed_ps_sub_r1,SPT,165,BLK_165P,5,베이36B 수정,8,2025-10-30 16:30:29,2025-10-30 17:10:41,40.2,36B,베이36B
b200_mixed_ps_sub_r1,SPT,88,BLK_88P,6,판계,1,2025-10-30 10:10:00,2025-10-30 10:40:00,30.0,,공통
b200_mixed_ps_sub_r1,SPT,88,BLK_88P,6,전면SAW,2,2025-10-30 12:44:18,2025-10-30 13:16:02,31.7,,공통
b200_mixed_ps_sub_r1,SPT,88,BLK_88P,6,TurnOver,3,2025-10-30 13:16:02,2025-10-30 13:28:02,12.0,,공통
b200_mixed_ps_sub_r1,SPT,88,BLK_88P,6,후면SAW,4,2025-10-30 13:28:02,2025-10-30 13:48:40,20.6,,공통
b200_mixed_ps_sub_r1,SPT,88,BLK_88P,6,NC,5,2025-10-30 15:01:53,2025-10-30 15:43:38,41.8,,공통
b200_mixed_ps_sub_r1,SPT,88,BLK_88P,6,베이35A 론지취부,6,2025-10-30 15:43:38,2025-10-30 16:56:38,73.0,35A,베이35A
b200_mixed_ps_sub_r1,SPT,88,BLK_88P,6,베이35A 론지용접,7,2025-10-30 16:56:38,2025-10-30 17:20:26,23.8,35A,베이35A
b200_mixed_ps_sub_r1,SPT,88,BLK_88P,6,베이35A 수정,8,2025-10-30 17:20:26,2025-10-30 18:05:02,44.6,35A,베이35A
b200_mixed_ps_sub_r1,SPT,77,BLK_77C,7,판계,1,2025-10-30 10:40:00,2025-10-30 11:05:00,25.0,,공통
b200_mixed_ps_sub_r1,SPT,77,BLK_77C,7,전면SAW,2,2025-10-30 13:16:02,2025-10-30 13:48:51,32.8,,공통
b200_mixed_ps_sub_r1,SPT,77,BLK_77C,7,TurnOver,3,2025-10-30 13:48:51,2025-10-30 14:00:51,12.0,,공통
b200_mixed_ps_sub_r1,SPT,77,BLK_77C,7,후면SAW,4,2025-10-30 14:00:51,2025-10-30 14:22:55,22.1,,공통
b200_mixed_ps_sub_r1,SPT,77,BLK_77C,7,NC,5,2025-10-30 15:43:38,2025-10-30 16:18:55,35.3,,공통
b200_mixed_ps_sub_r1,SPT,77,BLK_77C,7,베이36B 론지취부,6,2025-10-30 16:18:55,2025-10-30 17:42:25,83.5,36B,베이36B
b200_mixed_ps_sub_r1,SPT,77,BLK_77C,7,베이36B 론지용접,7,2025-10-30 17:42:25,2025-10-30 18:08:01,25.6,36B,베이36B
b200_mixed_ps_sub_r1,SPT,77,BLK_77C,7,베이36B 수정,8,2025-10-30 18:08:01,2025-10-30 18:59:13,51.2,36B,베이36B
b200_mixed_ps_sub_r1,SPT,87,BLK_87P,8,판계,1,2025-10-30 11:05:00,2025-10-30 11:35:00,30.0,,공통
b200_mixed_ps_sub_r1,SPT,87,BLK_87P,8,전면SAW,2,2025-10-30 13:48:51,2025-10-30 14:19:39,30.8,,공통
b200_mixed_ps_sub_r1,SPT,87,BLK_87P,8,TurnOver,3,2025-10-30 14:19:39,2025-10-30 14:31:39,12.0,,공통
b200_mixed_ps_sub_r1,SPT,87,BLK_87P,8,후면SAW,4,2025-10-30 14:31:39,2025-10-30 14:51:04,19.4,,공통
b200_mixed_ps_sub_r1,SPT,87,BLK_87P,8,NC,5,2025-10-30 16:18:55,2025-10-30 17:02:31,43.6,,공통
b200_mixed_ps_sub_r1,SPT,87,BLK_87P,8,베이35A 론지취부,6,2025-10-30 17:02:31,2025-10-30 18:26:01,83.5,35A,베이35A
b200_mixed_ps_sub_r1,SPT,87,BLK_87P,8,베이35A 론지용접,7,2025-10-30 18:26:01,2025-10-30 18:51:37,25.6,35A,베이35A
b200_mixed_ps_sub_r1,SPT,87,BLK_87P,8,베이35A 수정,8,2025-10-30 18:51:37,2025-10-30 19:42:49,51.2,35A,베이35A
b200_mixed_ps_sub_r1,SPT,184,BLK_87S,9,판계,1,2025-10-30 11:35:00,2025-10-30 12:05:00,30.0,,공통
b200_mixed_ps_sub_r1,SPT,184,BLK_87S,9,전면SAW,2,2025-10-30 14:19:39,2025-10-30 14:50:27,30.8,,공통
b200_mixed_ps_sub_r1,SPT,184,BLK_87S,9,TurnOver,3,2025-10-30 14:50:27,2025-10-30 15:02:27,12.0,,공통
b200_mixed_ps_sub_r1,SPT,184,BLK_87S,9,후면SAW,4,2025-10-30 15:02:27,2025-10-30 15:21:52,19.4,,공통
b200_mixed_ps_sub_r1,SPT,184,BLK_87S,9,NC,5,2025-10-30 17:02:31,2025-10-30 17:46:07,43.6,,공통
b200_mixed_ps_sub_r1,SPT,184,BLK_87S,9,베이36B 론지취부,6,2025-10-30 17:46:07,2025-10-30 19:09:37,83.5,36B,베이36B
b200_mixed_ps_sub_r1,SPT,184,BLK_87S,9,베이36B 론지용접,7,2025-10-30 19:09:37,2025-10-30 19:35:13,25.6,36B,베이36B
b200_mixed_ps_sub_r1,SPT,184,BLK_87S,9,베이36B 수정,8,2025-10-30 19:35:13,2025-10-30 20:26:25,51.2,36B,베이36B
b200_mixed_ps_sub_r1,SPT,86,BLK_86P,10,판계,1,2025-10-30 12:05:00,2025-10-30 12:35:00,30.0,,공통
b200_mixed_ps_sub_r1,SPT,86,BLK_86P,10,전면SAW,2,2025-10-30 14:50:27,2025-10-30 15:21:09,30.7,,공통
b200_mixed_ps_sub_r1,SPT,86,BLK_86P,10,TurnOver,3,2025-10-30 15:21:09,2025-10-30 15:33:09,12.0,,공통
b200_mixed_ps_sub_r1,SPT,86,BLK_86P,10,후면SAW,4,2025-10-30 15:33:09,2025-10-30 15:52:25,19.3,,공통
b200_mixed_ps_sub_r1,SPT,86,BLK_86P,10,NC,5,2025-10-30 17:46:07,2025-10-30 18:30:04,44.0,,공통
b200_mixed_ps_sub_r1,SPT,86,BLK_86P,10,베이35A 론지취부,6,2025-10-30 18:30:04,2025-10-30 20:00:34,90.5,35A,베이35A
b200_mixed_ps_sub_r1,SPT,86,BLK_86P,10,베이35A 론지용접,7,2025-10-30 20:00:34,2025-10-30 20:27:22,26.8,35A,베이35A
b200_mixed_ps_sub_r1,SPT,86,BLK_86P,10,베이35A 수정,8,2025-10-30 20:27:22,2025-10-30 21:22:58,55.6,35A,베이35A
b200_mixed_ps_sub_r1,SPT,76,BLK_76C,11,판계,1,2025-10-30 12:35:00,2025-10-30 13:05:00,30.0,,공통
b200_mixed_ps_sub_r1,SPT,76,BLK_76C,11,전면SAW,2,2025-10-30 15:21:09,2025-10-30 16:02:50,41.7,,공통
b200_mixed_ps_sub_r1,SPT,76,BLK_76C,11,TurnOver,3,2025-10-30 16:02:50,2025-10-30 16:14:50,12.0,,공통
b200_mixed_ps_sub_r1,SPT,76,BLK_76C,11,후면SAW,4,2025-10-30 16:14:50,2025-10-30 16:48:34,33.7,,공통
b200_mixed_ps_sub_r1,SPT,76,BLK_76C,11,NC,5,2025-10-30 18:30:04,2025-10-30 19:17:40,47.6,,공통
b200_mixed_ps_sub_r1,SPT,76,BLK_76C,11,베이36B 론지취부,6,2025-10-30 19:17:40,2025-10-30 20:37:40,80.0,36B,베이36B
b200_mixed_ps_sub_r1,SPT,76,BLK_76C,11,베이36B 론지용접,7,2025-10-30 20:37:40,2025-10-30 21:02:40,25.0,36B,베이36B
b200_mixed_ps_sub_r1,SPT,76,BLK_76C,11,베이36B 수정,8,2025-10-30 21:02:40,2025-10-30 21:51:40,49.0,36B,베이36B
b200_mixed_ps_sub_r1,SPT,137,BLK_137S,12,판계,1,2025-10-30 13:05:00,2025-10-30 13:38:00,33.0,,공통
b200_mixed_ps_sub_r1,SPT,137,BLK_137S,12,전면SAW,2,2025-10-30 16:02:50,2025-10-30 17:38:00,95.2,,공통
b200_mixed_ps_sub_r1,SPT,137,BLK_137S,12,TurnOver,3,2025-10-30 17:38:00,2025-10-30 17:50:00,12.0,,공통
b200_mixed_ps_sub_r1,SPT,137,BLK_137S,12,후면SAW,4,2025-10-30 17:50:00,2025-10-30 19:22:58,93.0,,공통
b200_mixed_ps_sub_r1,SPT,137,BLK_137S,12,NC,5,2025-10-30 19:22:58,2025-10-30 20:01:13,38.2,,공통
b200_mixed_ps_sub_r1,SPT,137,BLK_137S,12,베이35A 론지취부,6,2025-10-30 20:01:13,2025-10-30 20:42:43,41.5,35A,베이35A
b200_mixed_ps_sub_r1,SPT,137,BLK_137S,12,베이35A 론지용접,7,2025-10-30 20:42:43,2025-10-30 21:01:07,18.4,35A,베이35A
b200_mixed_ps_sub_r1,SPT,137,BLK_137S,12,베이35A 수정,8,2025-10-30 21:22:58,2025-10-30 21:47:46,24.8,35A,베이35A
b200_mixed_ps_sub_r1,SPT,108,BLK_108C,13,판계,1,2025-10-30 13:38:00,2025-10-30 14:06:00,28.0,,공통
b200_mixed_ps_sub_r1,SPT,108,BLK_108C,13,전면SAW,2,2025-10-30 17:38:00,2025-10-30 19:41:18,123.3,,공통
b200_mixed_ps_sub_r1,SPT,108,BLK_108C,13,TurnOver,3,2025-10-30 19:41:18,2025-10-30 19:53:18,12.0,,공통
b200_mixed_ps_sub_r1,SPT,108,BLK_108C,13,후면SAW,4,2025-10-30 19:53:18,2025-10-30 21:33:28,100.2,,공통
b200_mixed_ps_sub_r1,SPT,108,BLK_108C,13,NC,5,2025-10-30 21:33:28,2025-10-30 22:04:55,31.5,,공통
b200_mixed_ps_sub_r1,SPT,108,BLK_108C,13,베이36B 론지취부,6,2025-10-30 22:04:55,2025-10-30 22:39:25,34.5,36B,베이36B
b200_mixed_ps_sub_r1,SPT,108,BLK_108C,13,베이36B 론지용접,7,2025-10-30 22:39:25,2025-10-30 22:52:37,13.2,36B,베이36B
b200_mixed_ps_sub_r1,SPT,108,BLK_108C,13,베이36B 수정,8,2025-10-30 22:52:37,2025-10-30 23:13:01,20.4,36B,베이36B
b200_mixed_ps_sub_r1,SPT,126,BLK_126C,14,판계,1,2025-10-30 14:06:00,2025-10-30 14:51:00,45.0,,공통
b200_mixed_ps_sub_r1,SPT,126,BLK_126C,14,전면SAW,2,2025-10-30 19:41:18,2025-10-30 22:36:01,174.7,,공통
b200_mixed_ps_sub_r1,SPT,126,BLK_126C,14,TurnOver,3,2025-10-30 22:36:01,2025-10-30 22:48:01,12.0,,공통
b200_mixed_ps_sub_r1,SPT,126,BLK_126C,14,후면SAW,4,2025-10-30 22:48:01,2025-10-31 00:57:55,129.9,,공통
b200_mixed_ps_sub_r1,SPT,126,BLK_126C,14,NC,5,2025-10-31 00:57:55,2025-10-31 01:51:13,53.3,,공통
b200_mixed_ps_sub_r1,SPT,126,BLK_126C,14,베이35A 론지취부,6,2025-10-31 01:51:13,2025-10-31 03:07:43,76.5,35A,베이35A
b200_mixed_ps_sub_r1,SPT,126,BLK_126C,14,베이35A 론지용접,7,2025-10-31 03:07:43,2025-10-31 03:32:07,24.4,35A,베이35A
b200_mixed_ps_sub_r1,SPT,126,BLK_126C,14,베이35A 수정,8,2025-10-31 03:32:07,2025-10-31 04:18:55,46.8,35A,베이35A
b200_mixed_ps_sub_r1,SPT,112,BLK_112S,15,판계,1,2025-10-30 14:51:00,2025-10-30 15:11:00,20.0,,공통
b200_mixed_ps_sub_r1,SPT,112,BLK_112S,15,전면SAW,2,2025-10-30 22:36:01,2025-10-30 23:07:17,31.3,,공통
b200_mixed_ps_sub_r1,SPT,112,BLK_112S,15,TurnOver,3,2025-10-30 23:07:17,2025-10-30 23:19:17,12.0,,공통
b200_mixed_ps_sub_r1,SPT,112,BLK_112S,15,후면SAW,4,2025-10-31 00:57:55,2025-10-31 01:17:57,20.0,,공통
b200_mixed_ps_sub_r1,SPT,112,BLK_112S,15,NC,5,2025-10-31 01:51:13,2025-10-31 02:16:28,25.2,,공통
b200_mixed_ps_sub_r1,SPT,112,BLK_112S,15,베이36B 론지취부,6,2025-10-31 02:16:28,2025-10-31 02:43:58,27.5,36B,베이36B
b200_mixed_ps_sub_r1,SPT,112,BLK_112S,15,베이36B 론지용접,7,2025-10-31 02:43:58,2025-10-31 02:55:58,12.0,36B,베이36B
b200_mixed_ps_sub_r1,SPT,112,BLK_112S,15,베이36B 수정,8,2025-10-31 02:55:58,2025-10-31 03:11:58,16.0,36B,베이36B
b200_mixed_ps_sub_r1,SPT,43,BLK_43C,16,판계,1,2025-10-30 15:11:00,2025-10-30 15:39:00,28.0,,공통
b200_mixed_ps_sub_r1,SPT,43,BLK_43C,16,전면SAW,2,2025-10-30 23:07:17,2025-10-31 00:48:45,101.5,,공통
b200_mixed_ps_sub_r1,SPT,43,BLK_43C,16,TurnOver,3,2025-10-31 00:48:45,2025-10-31 01:00:45,12.0,,공통
b200_mixed_ps_sub_r1,SPT,43,BLK_43C,16,후면SAW,4,2025-10-31 01:17:57,2025-10-31 02:38:13,80.3,,공통
b200_mixed_ps_sub_r1,SPT,43,BLK_43C,16,NC,5,2025-10-31 02:38:13,2025-10-31 03:09:18,31.1,,공통
b200_mixed_ps_sub_r1,SPT,43,BLK_43C,16,베이35A 론지취부,6,2025-10-31 03:09:18,2025-10-31 03:47:18,38.0,35A,베이35A
b200_mixed_ps_sub_r1,SPT,43,BLK_43C,16,베이35A 론지용접,7,2025-10-31 03:47:18,2025-10-31 04:01:06,13.8,35A,베이35A
b200_mixed_ps_sub_r1,SPT,43,BLK_43C,16,베이35A 수정,8,2025-10-31 04:18:55,2025-10-31 04:41:31,22.6,35A,베이35A
b200_mixed_ps_sub_r1,SPT,116,BLK_116S,17,판계,1,2025-10-30 15:39:00,2025-10-30 15:51:00,12.0,,공통
b200_mixed_ps_sub_r1,SPT,116,BLK_116S,17,전면SAW,2,2025-10-31 00:48:45,2025-10-31 01:26:45,38.0,,공통
b200_mixed_ps_sub_r1,SPT,116,BLK_116S,17,TurnOver,3,2025-10-31 01:26:45,2025-10-31 01:38:45,12.0,,공통
b200_mixed_ps_sub_r1,SPT,116,BLK_116S,17,후면SAW,4,2025-10-31 02:38:13,2025-10-31 03:07:06,28.9,,공통
b200_mixed_ps_sub_r1,SPT,116,BLK_116S,17,NC,5,2025-10-31 03:09:18,2025-10-31 03:31:25,22.1,,공통
b200_mixed_ps_sub_r1,SPT,116,BLK_116S,17,베이36B 론지취부,6,2025-10-31 03:31:25,2025-10-31 03:58:55,27.5,36B,베이36B
b200_mixed_ps_sub_r1,SPT,116,BLK_116S,17,베이36B 론지용접,7,2025-10-31 03:58:55,2025-10-31 04:14:55,16.0,36B,베이36B
b200_mixed_ps_sub_r1,SPT,116,BLK_116S,17,베이36B 수정,8,2025-10-31 04:14:55,2025-10-31 04:30:55,16.0,36B,베이36B
b200_mixed_ps_sub_r1,SPT,55,BLK_55P,18,판계,1,2025-10-30 15:51:00,2025-10-30 16:29:00,38.0,,공통
b200_mixed_ps_sub_r1,SPT,55,BLK_55P,18,전면SAW,2,2025-10-31 01:26:45,2025-10-31 03:08:28,101.7,,공통
b200_mixed_ps_sub_r1,SPT,55,BLK_55P,18,TurnOver,3,2025-10-31 03:08:28,2025-10-31 03:20:28,12.0,,공통
b200_mixed_ps_sub_r1,SPT,55,BLK_55P,18,후면SAW,4,2025-10-31 03:20:28,2025-10-31 04:40:57,80.5,,공통
b200_mixed_ps_sub_r1,SPT,55,BLK_55P,18,NC,5,2025-10-31 04:40:57,2025-10-31 05:27:09,46.2,,공통
b200_mixed_ps_sub_r1,SPT,55,BLK_55P,18,베이35A 론지취부,6,2025-10-31 05:27:09,2025-10-31 06:08:39,41.5,35A,베이35A
b200_mixed_ps_sub_r1,SPT,55,BLK_55P,18,베이35A 론지용접,7,2025-10-31 06:08:39,2025-10-31 06:27:03,18.4,35A,베이35A
b200_mixed_ps_sub_r1,SPT,55,BLK_55P,18,베이35A 수정,8,2025-10-31 06:27:03,2025-10-31 06:51:51,24.8,35A,베이35A
b200_mixed_ps_sub_r1,SPT,99,BLK_99S,19,판계,1,2025-10-30 16:29:00,2025-10-30 16:41:00,12.0,,공통
b200_mixed_ps_sub_r1,SPT,99,BLK_99S,19,전면SAW,2,2025-10-31 03:08:28,2025-10-31 03:42:45,34.3,,공통
b200_mixed_ps_sub_r1,SPT,99,BLK_99S,19,TurnOver,3,2025-10-31 03:42:45,2025-10-31 03:54:45,12.0,,공통
b200_mixed_ps_sub_r1,SPT,99,BLK_99S,19,후면SAW,4,2025-10-31 04:40:57,2025-10-31 05:04:56,24.0,,공통
b200_mixed_ps_sub_r1,SPT,99,BLK_99S,19,NC,5,2025-10-31 05:27:09,2025-10-31 05:47:15,20.1,,공통
b200_mixed_ps_sub_r1,SPT,99,BLK_99S,19,베이36B 론지취부,6,2025-10-31 05:47:15,2025-10-31 06:28:45,41.5,36B,베이36B
b200_mixed_ps_sub_r1,SPT,99,BLK_99S,19,베이36B 론지용접,7,2025-10-31 06:28:45,2025-10-31 06:43:09,14.4,36B,베이36B
b200_mixed_ps_sub_r1,SPT,99,BLK_99S,19,베이36B 수정,8,2025-10-31 06:43:09,2025-10-31 07:07:57,24.8,36B,베이36B
b200_mixed_ps_sub_r1,SPT,20,BLK_20C,20,판계,1,2025-10-30 16:41:00,2025-10-30 16:53:00,12.0,,공통
b200_mixed_ps_sub_r1,SPT,20,BLK_20C,20,전면SAW,2,2025-10-31 03:42:45,2025-10-31 04:22:48,40.1,,공통
b200_mixed_ps_sub_r1,SPT,20,BLK_20C,20,TurnOver,3,2025-10-31 04:22:48,2025-10-31 04:34:48,12.0,,공통
b200_mixed_ps_sub_r1,SPT,20,BLK_20C,20,후면SAW,4,2025-10-31 05:04:56,2025-10-31 05:36:31,31.6,,공통
b200_mixed_ps_sub_r1,SPT,20,BLK_20C,20,NC,5,2025-10-31 05:47:15,2025-10-31 06:09:08,21.9,,공통
b200_mixed_ps_sub_r1,SPT,20,BLK_20C,20,베이35A 론지취부,6,2025-10-31 06:09:08,2025-10-31 06:43:38,34.5,35A,베이35A
b200_mixed_ps_sub_r1,SPT,20,BLK_20C,20,베이35A 론지용접,7,2025-10-31 06:43:38,2025-10-31 07:00:50,17.2,35A,베이35A
b200_mixed_ps_sub_r1,SPT,20,BLK_20C,20,베이35A 수정,8,2025-10-31 07:00:50,2025-10-31 07:21:14,20.4,35A,베이35A
b200_mixed_ps_sub_r1,SPT,51,BLK_51P,21,판계,1,2025-10-30 16:53:00,2025-10-30 17:18:00,25.0,,공통
b200_mixed_ps_sub_r1,SPT,51,BLK_51P,21,전면SAW,2,2025-10-31 04:22:48,2025-10-31 04:48:32,25.7,,공통
b200_mixed_ps_sub_r1,SPT,51,BLK_51P,21,TurnOver,3,2025-10-31 04:48:32,2025-10-31 05:00:32,12.0,,공통
b200_mixed_ps_sub_r1,SPT,51,BLK_51P,21,후면SAW,4,2025-10-31 05:36:31,2025-10-31 05:49:31,13.0,,공통
b200_mixed_ps_sub_r1,SPT,51,BLK_51P,21,NC,5,2025-10-31 06:09:08,2025-10-31 06:40:04,30.9,,공통
b200_mixed_ps_sub_r1,SPT,51,BLK_51P,21,베이36B 론지취부,6,2025-10-31 06:40:04,2025-10-31 07:18:04,38.0,36B,베이36B
b200_mixed_ps_sub_r1,SPT,51,BLK_51P,21,베이36B 론지용접,7,2025-10-31 07:18:04,2025-10-31 07:35:52,17.8,36B,베이36B
b200_mixed_ps_sub_r1,SPT,51,BLK_51P,21,베이36B 수정,8,2025-10-31 07:35:52,2025-10-31 07:58:28,22.6,36B,베이36B
b200_mixed_ps_sub_r1,SPT,71,BLK_71C,22,판계,1,2025-10-30 17:18:00,2025-10-30 17:38:00,20.0,,공통
b200_mixed_ps_sub_r1,SPT,71,BLK_71C,22,전면SAW,2,2025-10-31 04:48:32,2025-10-31 05:24:20,35.8,,공통
b200_mixed_ps_sub_r1,SPT,71,BLK_71C,22,TurnOver,3,2025-10-31 05:24:20,2025-10-31 05:36:20,12.0,,공통
b200_mixed_ps_sub_r1,SPT,71,BLK_71C,22,후면SAW,4,2025-10-31 05:49:31,2025-10-31 06:15:31,26.0,,공통
b200_mixed_ps_sub_r1,SPT,71,BLK_71C,22,NC,5,2025-10-31 06:40:04,2025-10-31 07:06:18,26.2,,공통
b200_mixed_ps_sub_r1,SPT,71,BLK_71C,22,베이35A 론지취부,6,2025-10-31 07:06:18,2025-10-31 07:40:48,34.5,35A,베이35A
b200_mixed_ps_sub_r1,SPT,71,BLK_71C,22,베이35A 론지용접,7,2025-10-31 07:40:48,2025-10-31 07:54:00,13.2,35A,베이35A
b200_mixed_ps_sub_r1,SPT,71,BLK_71C,22,베이35A 수정,8,2025-10-31 07:54:00,2025-10-31 08:14:24,20.4,35A,베이35A
b200_mixed_ps_sub_r1,SPT,109,BLK_109P,23,판계,1,2025-10-30 17:38:00,2025-10-30 17:50:00,12.0,,공통
b200_mixed_ps_sub_r1,SPT,109,BLK_109P,23,전면SAW,2,2025-10-31 05:24:20,2025-10-31 06:10:49,46.5,,공통
b200_mixed_ps_sub_r1,SPT,109,BLK_109P,23,TurnOver,3,2025-10-31 06:10:49,2025-10-31 06:22:49,12.0,,공통
b200_mixed_ps_sub_r1,SPT,109,BLK_109P,23,후면SAW,4,2025-10-31 06:22:49,2025-10-31 07:02:52,40.0,,공통
b200_mixed_ps_sub_r1,SPT,109,BLK_109P,23,NC,5,2025-10-31 07:06:18,2025-10-31 07:27:46,21.5,,공통
b200_mixed_ps_sub_r1,SPT,109,BLK_109P,23,베이36B 론지취부,6,2025-10-31 07:27:46,2025-10-31 07:58:46,31.0,36B,베이36B
b200_mixed_ps_sub_r1,SPT,109,BLK_109P,23,베이36B 론지용접,7,2025-10-31 07:58:46,2025-10-31 08:11:22,12.6,36B,베이36B
b200_mixed_ps_sub_r1,SPT,109,BLK_109P,23,베이36B 수정,8,2025-10-31 08:11:22,2025-10-31 08:29:34,18.2,36B,베이36B
b200_mixed_ps_sub_r1,SPT,121,BLK_121C,24,판계,1,2025-10-30 17:50:00,2025-10-30 18:02:00,12.0,,공통
b200_mixed_ps_sub_r1,SPT,121,BLK_121C,24,전면SAW,2,2025-10-31 06:10:49,2025-10-31 06:57:40,46.9,,공통
b200_mixed_ps_sub_r1,SPT,121,BLK_121C,24,TurnOver,3,2025-10-31 06:57:40,2025-10-31 07:09:40,12.0,,공통
b200_mixed_ps_sub_r1,SPT,121,BLK_121C,24,후면SAW,4,2025-10-31 07:09:40,2025-10-31 07:50:13,40.5,,공통
b200_mixed_ps_sub_r1,SPT,121,BLK_121C,24,NC,5,2025-10-31 07:50:13,2025-10-31 08:12:20,22.1,,공통
b200_mixed_ps_sub_r1,SPT,121,BLK_121C,24,베이35A 론지취부,6,2025-10-31 08:12:20,2025-10-31 08:43:20,31.0,35A,베이35A
b200_mixed_ps_sub_r1,SPT,121,BLK_121C,24,베이35A 론지용접,7,2025-10-31 08:43:20,2025-10-31 08:55:56,12.6,35A,베이35A
b200_mixed_ps_sub_r1,SPT,121,BLK_121C,24,베이35A 수정,8,2025-10-31 08:55:56,2025-10-31 09:14:08,18.2,35A,베이35A
b200_mixed_ps_sub_r1,SPT,30,BLK_30P,25,판계,1,2025-10-30 18:02:00,2025-10-30 18:22:00,20.0,,공통
b200_mixed_ps_sub_r1,SPT,30,BLK_30P,25,전면SAW,2,2025-10-31 06:57:40,2025-10-31 07:33:31,35.9,,공통
b200_mixed_ps_sub_r1,SPT,30,BLK_30P,25,TurnOver,3,2025-10-31 07:33:31,2025-10-31 07:45:31,12.0,,공통
b200_mixed_ps_sub_r1,SPT,30,BLK_30P,25,후면SAW,4,2025-10-31 07:50:13,2025-10-31 08:16:16,26.1,,공통
b200_mixed_ps_sub_r1,SPT,30,BLK_30P,25,NC,5,2025-10-31 08:16:16,2025-10-31 08:45:43,29.4,,공통
b200_mixed_ps_sub_r1,SPT,30,BLK_30P,25,베이36B 론지취부,6,2025-10-31 08:45:43,2025-10-31 09:20:13,34.5,36B,베이36B
b200_mixed_ps_sub_r1,SPT,30,BLK_30P,25,베이36B 론지용접,7,2025-10-31 09:20:13,2025-10-31 09:37:25,17.2,36B,베이36B
b200_mixed_ps_sub_r1,SPT,30,BLK_30P,25,베이36B 수정,8,2025-10-31 09:37:25,2025-10-31 09:57:49,20.4,36B,베이36B
b200_mixed_ps_sub_r1,SPT,118,BLK_118C,26,판계,1,2025-10-30 18:22:00,2025-10-30 18:34:00,12.0,,공통
b200_mixed_ps_sub_r1,SPT,118,BLK_118C,26,전면SAW,2,2025-10-31 07:33:31,2025-10-31 08:21:57,48.4,,공통
b200_mixed_ps_sub_r1,SPT,118,BLK_118C,26,TurnOver,3,2025-10-31 08:21:57,2025-10-31 08:33:57,12.0,,공통
b200_mixed_ps_sub_r1,SPT,118,BLK_118C,26,후면SAW,4,2025-10-31 08:33:57,2025-10-31 09:16:33,42.6,,공통
b200_mixed_ps_sub_r1,SPT,118,BLK_118C,26,NC,5,2025-10-31 09:16:33,2025-10-31 09:39:56,23.4,,공통
b200_mixed_ps_sub_r1,SPT,118,BLK_118C,26,베이35A 론지취부,6,2025-10-31 09:39:56,2025-10-31 10:10:56,31.0,35A,베이35A
b200_mixed_ps_sub_r1,SPT,118,BLK_118C,26,베이35A 론지용접,7,2025-10-31 10:10:56,2025-10-31 10:27:32,16.6,35A,베이35A
b200_mixed_ps_sub_r1,SPT,118,BLK_118C,26,베이35A 수정,8,2025-10-31 10:27:32,2025-10-31 10:45:44,18.2,35A,베이35A
b200_mixed_ps_sub_r1,SPT,67,BLK_67S,1,판계,1,2025-10-31 08:00:00,2025-10-31 08:25:00,25.0,,공통
b200_mixed_ps_sub_r1,SPT,67,BLK_67S,1,전면SAW,2,2025-10-31 08:25:00,2025-10-31 08:55:16,30.3,,공통
b200_mixed_ps_sub_r1,SPT,67,BLK_67S,1,TurnOver,3,2025-10-31 08:55:16,2025-10-31 09:07:16,12.0,,공통
b200_mixed_ps_sub_r1,SPT,67,BLK_67S,1,후면SAW,4,2025-10-31 09:16:33,2025-10-31 09:35:15,18.7,,공통
b200_mixed_ps_sub_r1,SPT,67,BLK_67S,1,NC,5,2025-10-31 09:39:56,2025-10-31 10:12:23,32.5,,공통
b200_mixed_ps_sub_r1,SPT,67,BLK_67S,1,베이36B 론지취부,6,2025-10-31 10:12:23,2025-10-31 10:50:23,38.0,36B,베이36B
b200_mixed_ps_sub_r1,SPT,67,BLK_67S,1,베이36B 론지용접,7,2025-10-31 10:50:23,2025-10-31 11:08:11,17.8,36B,베이36B
b200_mixed_ps_sub_r1,SPT,67,BLK_67S,1,베이36B 수정,8,2025-10-31 11:08:11,2025-10-31 11:30:47,22.6,36B,베이36B
b200_mixed_ps_sub_r1,SPT,91,BLK_91P,2,판계,1,2025-10-31 08:25:00,2025-10-31 08:55:00,30.0,,공통
b200_mixed_ps_sub_r1,SPT,91,BLK_91P,2,전면SAW,2,2025-10-31 08:55:16,2025-10-31 09:23:12,27.9,,공통
b200_mixed_ps_sub_r1,SPT,91,BLK_91P,2,TurnOver,3,2025-10-31 09:23:12,2025-10-31 09:35:12,12.0,,공통
b200_mixed_ps_sub_r1,SPT,91,BLK_91P,2,후면SAW,4,2025-10-31 09:35:15,2025-10-31 09:50:53,15.6,,공통
b200_mixed_ps_sub_r1,SPT,91,BLK_91P,2,NC,5,2025-10-31 10:12:23,2025-10-31 10:49:41,37.3,,공통
b200_mixed_ps_sub_r1,SPT,91,BLK_91P,2,베이35A 론지취부,6,2025-10-31 10:49:41,2025-10-31 11:34:41,45.0,35A,베이35A
b200_mixed_ps_sub_r1,SPT,91,BLK_91P,2,베이35A 론지용접,7,2025-10-31 11:34:41,2025-10-31 11:53:41,19.0,35A,베이35A
b200_mixed_ps_sub_r1,SPT,91,BLK_91P,2,베이35A 수정,8,2025-10-31 11:53:41,2025-10-31 12:20:41,27.0,35A,베이35A
b200_mixed_ps_sub_r1,SPT,161,BLK_161S,3,판계,1,2025-10-31 08:55:00,2025-10-31 09:07:00,12.0,,공통
b200_mixed_ps_sub_r1,SPT,161,BLK_161S,3,전면SAW,2,2025-10-31 09:23:12,2025-10-31 10:10:04,46.9,,공통
b200_mixed_ps_sub_r1,SPT,161,BLK_161S,3,TurnOver,3,2025-10-31 10:10:04,2025-10-31 10:22:04,12.0,,공통
b200_mixed_ps_sub_r1,SPT,161,BLK_161S,3,후면SAW,4,2025-10-31 10:22:04,2025-10-31 11:02:39,40.6,,공통
b200_mixed_ps_sub_r1,SPT,161,BLK_161S,3,NC,5,2025-10-31 11:02:39,2025-10-31 11:24:58,22.3,,공통
b200_mixed_ps_sub_r1,SPT,161,BLK_161S,3,베이36B 론지취부,6,2025-10-31 11:24:58,2025-10-31 12:06:28,41.5,36B,베이36B
b200_mixed_ps_sub_r1,SPT,161,BLK_161S,3,베이36B 론지용접,7,2025-10-31 12:06:28,2025-10-31 12:20:52,14.4,36B,베이36B
b200_mixed_ps_sub_r1,SPT,161,BLK_161S,3,베이36B 수정,8,2025-10-31 12:20:52,2025-10-31 12:45:40,24.8,36B,베이36B
b200_mixed_ps_sub_r1,SPT,117,BLK_117C,4,판계,1,2025-10-31 09:07:00,2025-10-31 09:27:00,20.0,,공통
b200_mixed_ps_sub_r1,SPT,117,BLK_117C,4,전면SAW,2,2025-10-31 10:10:04,2025-10-31 10:40:03,30.0,,공통
b200_mixed_ps_sub_r1,SPT,117,BLK_117C,4,TurnOver,3,2025-10-31 10:40:03,2025-10-31 10:52:03,12.0,,공통
b200_mixed_ps_sub_r1,SPT,117,BLK_117C,4,후면SAW,4,2025-10-31 11:02:39,2025-10-31 11:20:58,18.3,,공통
b200_mixed_ps_sub_r1,SPT,117,BLK_117C,4,NC,5,2025-10-31 11:24:58,2025-10-31 11:51:58,27.0,,공통
b200_mixed_ps_sub_r1,SPT,117,BLK_117C,4,베이35A 론지취부,6,2025-10-31 11:51:58,2025-10-31 12:47:28,55.5,35A,베이35A
b200_mixed_ps_sub_r1,SPT,117,BLK_117C,4,베이35A 론지용접,7,2025-10-31 12:47:28,2025-10-31 13:08:16,20.8,35A,베이35A
b200_mixed_ps_sub_r1,SPT,117,BLK_117C,4,베이35A 수정,8,2025-10-31 13:08:16,2025-10-31 13:41:52,33.6,35A,베이35A
b200_mixed_ps_sub_r1,SPT,59,BLK_59P,5,판계,1,2025-10-31 09:27:00,2025-10-31 09:39:00,12.0,,공통
b200_mixed_ps_sub_r1,SPT,59,BLK_59P,5,전면SAW,2,2025-10-31 10:40:03,2025-10-31 11:29:02,49.0,,공통
b200_mixed_ps_sub_r1,SPT,59,BLK_59P,5,TurnOver,3,2025-10-31 11:29:02,2025-10-31 11:41:02,12.0,,공통
b200_mixed_ps_sub_r1,SPT,59,BLK_59P,5,후면SAW,4,2025-10-31 11:41:02,2025-10-31 12:24:22,43.3,,공통
b200_mixed_ps_sub_r1,SPT,59,BLK_59P,5,NC,5,2025-10-31 12:24:22,2025-10-31 12:45:26,21.1,,공통
b200_mixed_ps_sub_r1,SPT,59,BLK_59P,5,베이36B 론지취부,6,2025-10-31 12:45:26,2025-10-31 13:30:26,45.0,36B,베이36B
b200_mixed_ps_sub_r1,SPT,59,BLK_59P,5,베이36B 론지용접,7,2025-10-31 13:30:26,2025-10-31 13:45:26,15.0,36B,베이36B
b200_mixed_ps_sub_r1,SPT,59,BLK_59P,5,베이36B 수정,8,2025-10-31 13:45:26,2025-10-31 14:12:26,27.0,36B,베이36B
b200_mixed_ps_sub_r1,SPT,81,BLK_81C,6,판계,1,2025-10-31 09:39:00,2025-10-31 09:59:00,20.0,,공통
b200_mixed_ps_sub_r1,SPT,81,BLK_81C,6,전면SAW,2,2025-10-31 11:29:02,2025-10-31 12:02:09,33.1,,공통
b200_mixed_ps_sub_r1,SPT,81,BLK_81C,6,TurnOver,3,2025-10-31 12:02:09,2025-10-31 12:14:09,12.0,,공통
b200_mixed_ps_sub_r1,SPT,81,BLK_81C,6,후면SAW,4,2025-10-31 12:24:22,2025-10-31 12:46:49,22.4,,공통
b200_mixed_ps_sub_r1,SPT,81,BLK_81C,6,NC,5,2025-10-31 12:46:49,2025-10-31 13:16:48,30.0,,공통
b200_mixed_ps_sub_r1,SPT,81,BLK_81C,6,베이35A 론지취부,6,2025-10-31 13:16:48,2025-10-31 14:12:18,55.5,35A,베이35A
b200_mixed_ps_sub_r1,SPT,81,BLK_81C,6,베이35A 론지용접,7,2025-10-31 14:12:18,2025-10-31 14:33:06,20.8,35A,베이35A
b200_mixed_ps_sub_r1,SPT,81,BLK_81C,6,베이35A 수정,8,2025-10-31 14:33:06,2025-10-31 15:06:42,33.6,35A,베이35A
b200_mixed_ps_sub_r1,SPT,178,BLK_178P,7,판계,1,2025-10-31 09:59:00,2025-10-31 10:24:00,25.0,,공통
b200_mixed_ps_sub_r1,SPT,178,BLK_178P,7,전면SAW,2,2025-10-31 12:02:09,2025-10-31 12:33:48,31.6,,공통
b200_mixed_ps_sub_r1,SPT,178,BLK_178P,7,TurnOver,3,2025-10-31 12:33:48,2025-10-31 12:45:48,12.0,,공통
b200_mixed_ps_sub_r1,SPT,178,BLK_178P,7,후면SAW,4,2025-10-31 12:46:49,2025-10-31 13:07:20,20.5,,공통
b200_mixed_ps_sub_r1,SPT,178,BLK_178P,7,NC,5,2025-10-31 13:16:48,2025-10-31 13:51:41,34.9,,공통
b200_mixed_ps_sub_r1,SPT,178,BLK_178P,7,베이36B 론지취부,6,2025-10-31 13:51:41,2025-10-31 14:43:41,52.0,36B,베이36B
b200_mixed_ps_sub_r1,SPT,178,BLK_178P,7,베이36B 론지용접,7,2025-10-31 14:43:41,2025-10-31 15:03:53,20.2,36B,베이36B
b200_mixed_ps_sub_r1,SPT,178,BLK_178P,7,베이36B 수정,8,2025-10-31 15:03:53,2025-10-31 15:35:17,31.4,36B,베이36B
b200_mixed_ps_sub_r1,SPT,12,BLK_12C,8,판계,1,2025-10-31 10:24:00,2025-10-31 10:44:00,20.0,,공통
b200_mixed_ps_sub_r1,SPT,12,BLK_12C,8,전면SAW,2,2025-10-31 12:33:48,2025-10-31 13:13:03,39.2,,공통
b200_mixed_ps_sub_r1,SPT,12,BLK_12C,8,TurnOver,3,2025-10-31 13:13:03,2025-10-31 13:25:03,12.0,,공통
b200_mixed_ps_sub_r1,SPT,12,BLK_12C,8,후면SAW,4,2025-10-31 13:25:03,2025-10-31 13:55:35,30.5,,공통
b200_mixed_ps_sub_r1,SPT,12,BLK_12C,8,NC,5,2025-10-31 13:55:35,2025-10-31 14:24:46,29.2,,공통
b200_mixed_ps_sub_r1,SPT,12,BLK_12C,8,베이35A 론지취부,6,2025-10-31 14:24:46,2025-10-31 15:13:16,48.5,35A,베이35A
b200_mixed_ps_sub_r1,SPT,12,BLK_12C,8,베이35A 론지용접,7,2025-10-31 15:13:16,2025-10-31 15:32:52,19.6,35A,베이35A
b200_mixed_ps_sub_r1,SPT,12,BLK_12C,8,베이35A 수정,8,2025-10-31 15:32:52,2025-10-31 16:02:04,29.2,35A,베이35A
b200_mixed_ps_sub_r1,SPT,68,BLK_68S,9,판계,1,2025-10-31 10:44:00,2025-10-31 11:09:00,25.0,,공통
b200_mixed_ps_sub_r1,SPT,68,BLK_68S,9,전면SAW,2,2025-10-31 13:13:03,2025-10-31 13:44:02,31.0,,공통
b200_mixed_ps_sub_r1,SPT,68,BLK_68S,9,TurnOver,3,2025-10-31 13:44:02,2025-10-31 13:56:02,12.0,,공통
b200_mixed_ps_sub_r1,SPT,68,BLK_68S,9,후면SAW,4,2025-10-31 13:56:02,2025-10-31 14:15:40,19.6,,공통
b200_mixed_ps_sub_r1,SPT,68,BLK_68S,9,NC,5,2025-10-31 14:24:46,2025-10-31 14:56:42,31.9,,공통
b200_mixed_ps_sub_r1,SPT,68,BLK_68S,9,베이36B 론지취부,6,2025-10-31 14:56:42,2025-10-31 15:52:12,55.5,36B,베이36B
b200_mixed_ps_sub_r1,SPT,68,BLK_68S,9,베이36B 론지용접,7,2025-10-31 15:52:12,2025-10-31 16:13:00,20.8,36B,베이36B
b200_mixed_ps_sub_r1,SPT,68,BLK_68S,9,베이36B 수정,8,2025-10-31 16:13:00,2025-10-31 16:46:36,33.6,36B,베이36B
b200_mixed_ps_sub_r1,SPT,47,BLK_47C,10,판계,1,2025-10-31 11:09:00,2025-10-31 11:21:00,12.0,,공통
b200_mixed_ps_sub_r1,SPT,47,BLK_47C,10,전면SAW,2,2025-10-31 13:44:02,2025-10-31 14:27:22,43.3,,공통
b200_mixed_ps_sub_r1,SPT,47,BLK_47C,10,TurnOver,3,2025-10-31 14:27:22,2025-10-31 14:39:22,12.0,,공통
b200_mixed_ps_sub_r1,SPT,47,BLK_47C,10,후면SAW,4,2025-10-31 14:39:22,2025-10-31 15:15:16,35.9,,공통
b200_mixed_ps_sub_r1,SPT,47,BLK_47C,10,NC,5,2025-10-31 15:15:16,2025-10-31 15:39:27,24.2,,공통
b200_mixed_ps_sub_r1,SPT,47,BLK_47C,10,베이35A 론지취부,6,2025-10-31 15:39:27,2025-10-31 16:34:57,55.5,35A,베이35A
b200_mixed_ps_sub_r1,SPT,47,BLK_47C,10,베이35A 론지용접,7,2025-10-31 16:34:57,2025-10-31 16:55:45,20.8,35A,베이35A
b200_mixed_ps_sub_r1,SPT,47,BLK_47C,10,베이35A 수정,8,2025-10-31 16:55:45,2025-10-31 17:29:21,33.6,35A,베이35A
b200_mixed_ps_sub_r1,SPT,28,BLK_28S,11,판계,1,2025-10-31 11:21:00,2025-10-31 11:41:00,20.0,,공통
b200_mixed_ps_sub_r1,SPT,28,BLK_28S,11,전면SAW,2,2025-10-31 14:27:22,2025-10-31 15:02:17,34.9,,공통
b200_mixed_ps_sub_r1,SPT,28,BLK_28S,11,TurnOver,3,2025-10-31 15:02:17,2025-10-31 15:14:17,12.0,,공통
b200_mixed_ps_sub_r1,SPT,28,BLK_28S,11,후면SAW,4,2025-10-31 15:15:16,2025-10-31 15:40:06,24.8,,공통
b200_mixed_ps_sub_r1,SPT,28,BLK_28S,11,NC,5,2025-10-31 15:40:06,2025-10-31 16:09:31,29.4,,공통
b200_mixed_ps_sub_r1,SPT,28,BLK_28S,11,베이36B 론지취부,6,2025-10-31 16:09:31,2025-10-31 17:05:01,55.5,36B,베이36B
b200_mixed_ps_sub_r1,SPT,28,BLK_28S,11,베이36B 론지용접,7,2025-10-31 17:05:01,2025-10-31 17:25:49,20.8,36B,베이36B
b200_mixed_ps_sub_r1,SPT,28,BLK_28S,11,베이36B 수정,8,2025-10-31 17:25:49,2025-10-31 17:59:25,33.6,36B,베이36B
b200_mixed_ps_sub_r1,SPT,56,BLK_56C,12,판계,1,2025-10-31 11:41:00,2025-10-31 12:06:00,25.0,,공통
b200_mixed_ps_sub_r1,SPT,56,BLK_56C,12,전면SAW,2,2025-10-31 15:02:17,2025-10-31 15:34:10,31.9,,공통
b200_mixed_ps_sub_r1,SPT,56,BLK_56C,12,TurnOver,3,2025-10-31 15:34:10,2025-10-31 15:46:10,12.0,,공통
b200_mixed_ps_sub_r1,SPT,56,BLK_56C,12,후면SAW,4,2025-10-31 15:46:10,2025-10-31 16:07:00,20.8,,공통
b200_mixed_ps_sub_r1,SPT,56,BLK_56C,12,NC,5,2025-10-31 16:09:31,2025-10-31 16:43:01,33.5,,공통
b200_mixed_ps_sub_r1,SPT,56,BLK_56C,12,베이35A 론지취부,6,2025-10-31 16:43:01,2025-10-31 17:42:01,59.0,35A,베이35A
b200_mixed_ps_sub_r1,SPT,56,BLK_56C,12,베이35A 론지용접,7,2025-10-31 17:42:01,2025-10-31 18:03:25,21.4,35A,베이35A
b200_mixed_ps_sub_r1,SPT,56,BLK_56C,12,베이35A 수정,8,2025-10-31 18:03:25,2025-10-31 18:39:13,35.8,35A,베이35A
b200_mixed_ps_sub_r1,SPT,130,BLK_130C,13,판계,1,2025-10-31 12:06:00,2025-10-31 12:18:00,12.0,,공통
b200_mixed_ps_sub_r1,SPT,130,BLK_130C,13,전면SAW,2,2025-10-31 15:34:10,2025-10-31 16:19:23,45.2,,공통
b200_mixed_ps_sub_r1,SPT,130,BLK_130C,13,TurnOver,3,2025-10-31 16:19:23,2025-10-31 16:31:23,12.0,,공통
b200_mixed_ps_sub_r1,SPT,130,BLK_130C,13,후면SAW,4,2025-10-31 16:31:23,2025-10-31 17:09:46,38.4,,공통
b200_mixed_ps_sub_r1,SPT,130,BLK_130C,13,NC,5,2025-10-31 17:09:46,2025-10-31 17:32:13,22.4,,공통
b200_mixed_ps_sub_r1,SPT,130,BLK_130C,13,베이36B 론지취부,6,2025-10-31 17:32:13,2025-10-31 18:27:43,55.5,36B,베이36B
b200_mixed_ps_sub_r1,SPT,130,BLK_130C,13,베이36B 론지용접,7,2025-10-31 18:27:43,2025-10-31 18:48:31,20.8,36B,베이36B
b200_mixed_ps_sub_r1,SPT,130,BLK_130C,13,베이36B 수정,8,2025-10-31 18:48:31,2025-10-31 19:22:07,33.6,36B,베이36B
b200_mixed_ps_sub_r1,SPT,18,BLK_18S,14,판계,1,2025-10-31 12:18:00,2025-10-31 12:43:00,25.0,,공통
b200_mixed_ps_sub_r1,SPT,18,BLK_18S,14,전면SAW,2,2025-10-31 16:19:23,2025-10-31 16:51:41,32.3,,공통
b200_mixed_ps_sub_r1,SPT,18,BLK_18S,14,TurnOver,3,2025-10-31 16:51:41,2025-10-31 17:03:41,12.0,,공통
b200_mixed_ps_sub_r1,SPT,18,BLK_18S,14,후면SAW,4,2025-10-31 17:09:46,2025-10-31 17:31:09,21.4,,공통
b200_mixed_ps_sub_r1,SPT,18,BLK_18S,14,NC,5,2025-10-31 17:32:13,2025-10-31 18:06:18,34.1,,공통
b200_mixed_ps_sub_r1,SPT,18,BLK_18S,14,베이35A 론지취부,6,2025-10-31 18:06:18,2025-10-31 19:05:18,59.0,35A,베이35A
b200_mixed_ps_sub_r1,SPT,18,BLK_18S,14,베이35A 론지용접,7,2025-10-31 19:05:18,2025-10-31 19:26:42,21.4,35A,베이35A
b200_mixed_ps_sub_r1,SPT,18,BLK_18S,14,베이35A 수정,8,2025-10-31 19:26:42,2025-10-31 20:02:30,35.8,35A,베이35A
b200_mixed_ps_sub_r1,SPT,167,BLK_167C,15,판계,1,2025-10-31 12:43:00,2025-10-31 13:13:00,30.0,,공통
b200_mixed_ps_sub_r1,SPT,167,BLK_167C,15,전면SAW,2,2025-10-31 16:51:41,2025-10-31 17:20:41,29.0,,공통
b200_mixed_ps_sub_r1,SPT,167,BLK_167C,15,TurnOver,3,2025-10-31 17:20:41,2025-10-31 17:32:41,12.0,,공통
b200_mixed_ps_sub_r1,SPT,167,BLK_167C,15,후면SAW,4,2025-10-31 17:32:41,2025-10-31 17:49:43,17.0,,공통
b200_mixed_ps_sub_r1,SPT,167,BLK_167C,15,NC,5,2025-10-31 18:06:18,2025-10-31 18:53:33,47.2,,공통
b200_mixed_ps_sub_r1,SPT,167,BLK_167C,15,베이36B 론지취부,6,2025-10-31 18:53:33,2025-10-31 19:49:03,55.5,36B,베이36B
b200_mixed_ps_sub_r1,SPT,167,BLK_167C,15,베이36B 론지용접,7,2025-10-31 19:49:03,2025-10-31 20:09:51,20.8,36B,베이36B
b200_mixed_ps_sub_r1,SPT,167,BLK_167C,15,베이36B 수정,8,2025-10-31 20:09:51,2025-10-31 20:43:27,33.6,36B,베이36B
b200_mixed_ps_sub_r1,SPT,24,BLK_24P,16,판계,1,2025-10-31 13:13:00,2025-10-31 13:38:00,25.0,,공통
b200_mixed_ps_sub_r1,SPT,24,BLK_24P,16,전면SAW,2,2025-10-31 17:20:41,2025-10-31 17:56:57,36.3,,공통
b200_mixed_ps_sub_r1,SPT,24,BLK_24P,16,TurnOver,3,2025-10-31 17:56:57,2025-10-31 18:08:57,12.0,,공통
b200_mixed_ps_sub_r1,SPT,24,BLK_24P,16,후면SAW,4,2025-10-31 18:08:57,2025-10-31 18:35:33,26.6,,공통
b200_mixed_ps_sub_r1,SPT,24,BLK_24P,16,NC,5,2025-10-31 18:53:33,2025-10-31 19:29:33,36.0,,공통
b200_mixed_ps_sub_r1,SPT,24,BLK_24P,16,베이35A 론지취부,6,2025-10-31 19:29:33,2025-10-31 20:25:03,55.5,35A,베이35A
b200_mixed_ps_sub_r1,SPT,24,BLK_24P,16,베이35A 론지용접,7,2025-10-31 20:25:03,2025-10-31 20:45:51,20.8,35A,베이35A
b200_mixed_ps_sub_r1,SPT,24,BLK_24P,16,베이35A 수정,8,2025-10-31 20:45:51,2025-10-31 21:19:27,33.6,35A,베이35A
b200_mixed_ps_sub_r1,SPT,179,BLK_179C,17,판계,1,2025-10-31 13:38:00,2025-10-31 14:08:00,30.0,,공통
b200_mixed_ps_sub_r1,SPT,179,BLK_179C,17,전면SAW,2,2025-10-31 17:56:57,2025-10-31 18:25:07,28.2,,공통
b200_mixed_ps_sub_r1,SPT,179,BLK_179C,17,TurnOver,3,2025-10-31 18:25:07,2025-10-31 18:37:07,12.0,,공통
b200_mixed_ps_sub_r1,SPT,179,BLK_179C,17,후면SAW,4,2025-10-31 18:37:07,2025-10-31 18:53:04,15.9,,공통
b200_mixed_ps_sub_r1,SPT,179,BLK_179C,17,NC,5,2025-10-31 19:29:33,2025-10-31 20:13:53,44.3,,공통
b200_mixed_ps_sub_r1,SPT,179,BLK_179C,17,베이36B 론지취부,6,2025-10-31 20:13:53,2025-10-31 21:12:53,59.0,36B,베이36B
b200_mixed_ps_sub_r1,SPT,179,BLK_179C,17,베이36B 론지용접,7,2025-10-31 21:12:53,2025-10-31 21:34:17,21.4,36B,베이36B
b200_mixed_ps_sub_r1,SPT,179,BLK_179C,17,베이36B 수정,8,2025-10-31 21:34:17,2025-10-31 22:10:05,35.8,36B,베이36B
b200_mixed_ps_sub_r1,SPT,149,BLK_149P,18,판계,1,2025-10-31 14:08:00,2025-10-31 14:20:00,12.0,,공통
b200_mixed_ps_sub_r1,SPT,149,BLK_149P,18,전면SAW,2,2025-10-31 18:25:07,2025-10-31 19:10:50,45.7,,공통
b200_mixed_ps_sub_r1,SPT,149,BLK_149P,18,TurnOver,3,2025-10-31 19:10:50,2025-10-31 19:22:50,12.0,,공통
b200_mixed_ps_sub_r1,SPT,149,BLK_149P,18,후면SAW,4,2025-10-31 19:22:50,2025-10-31 20:01:52,39.0,,공통
b200_mixed_ps_sub_r1,SPT,149,BLK_149P,18,NC,5,2025-10-31 20:13:53,2025-10-31 20:36:59,23.1,,공통
b200_mixed_ps_sub_r1,SPT,149,BLK_149P,18,베이35A 론지취부,6,2025-10-31 20:36:59,2025-10-31 21:35:59,59.0,35A,베이35A
b200_mixed_ps_sub_r1,SPT,149,BLK_149P,18,베이35A 론지용접,7,2025-10-31 21:35:59,2025-10-31 21:57:23,21.4,35A,베이35A
b200_mixed_ps_sub_r1,SPT,149,BLK_149P,18,베이35A 수정,8,2025-10-31 21:57:23,2025-10-31 22:33:11,35.8,35A,베이35A
b200_mixed_ps_sub_r1,SPT,169,BLK_169C,19,판계,1,2025-10-31 14:20:00,2025-10-31 14:45:00,25.0,,공통
b200_mixed_ps_sub_r1,SPT,169,BLK_169C,19,전면SAW,2,2025-10-31 19:10:50,2025-10-31 19:45:50,35.0,,공통
b200_mixed_ps_sub_r1,SPT,169,BLK_169C,19,TurnOver,3,2025-10-31 19:45:50,2025-10-31 19:57:50,12.0,,공통
b200_mixed_ps_sub_r1,SPT,169,BLK_169C,19,후면SAW,4,2025-10-31 20:01:52,2025-10-31 20:26:48,24.9,,공통
b200_mixed_ps_sub_r1,SPT,169,BLK_169C,19,NC,5,2025-10-31 20:36:59,2025-10-31 21:13:34,36.6,,공통
b200_mixed_ps_sub_r1,SPT,169,BLK_169C,19,베이36B 론지취부,6,2025-10-31 21:13:34,2025-10-31 22:12:34,59.0,36B,베이36B
b200_mixed_ps_sub_r1,SPT,169,BLK_169C,19,베이36B 론지용접,7,2025-10-31 22:12:34,2025-10-31 22:33:58,21.4,36B,베이36B
b200_mixed_ps_sub_r1,SPT,169,BLK_169C,19,베이36B 수정,8,2025-10-31 22:33:58,2025-10-31 23:09:46,35.8,36B,베이36B
b200_mixed_ps_sub_r1,SPT,72,BLK_72S,20,판계,1,2025-10-31 14:45:00,2025-10-31 14:57:00,12.0,,공통
b200_mixed_ps_sub_r1,SPT,72,BLK_72S,20,전면SAW,2,2025-10-31 19:45:50,2025-10-31 20:33:27,47.6,,공통
b200_mixed_ps_sub_r1,SPT,72,BLK_72S,20,TurnOver,3,2025-10-31 20:33:27,2025-10-31 20:45:27,12.0,,공통
b200_mixed_ps_sub_r1,SPT,72,BLK_72S,20,후면SAW,4,2025-10-31 20:45:27,2025-10-31 21:26:58,41.5,,공통
b200_mixed_ps_sub_r1,SPT,72,BLK_72S,20,NC,5,2025-10-31 21:26:58,2025-10-31 21:48:13,21.2,,공통
b200_mixed_ps_sub_r1,SPT,72,BLK_72S,20,베이35A 론지취부,6,2025-10-31 21:48:13,2025-10-31 22:47:13,59.0,35A,베이35A
b200_mixed_ps_sub_r1,SPT,72,BLK_72S,20,베이35A 론지용접,7,2025-10-31 22:47:13,2025-10-31 23:08:37,21.4,35A,베이35A
b200_mixed_ps_sub_r1,SPT,72,BLK_72S,20,베이35A 수정,8,2025-10-31 23:08:37,2025-10-31 23:44:25,35.8,35A,베이35A
b200_mixed_ps_sub_r1,SPT,39,BLK_39C,21,판계,1,2025-10-31 14:57:00,2025-10-31 15:17:00,20.0,,공통
b200_mixed_ps_sub_r1,SPT,39,BLK_39C,21,전면SAW,2,2025-10-31 20:33:27,2025-10-31 21:10:18,36.9,,공통
b200_mixed_ps_sub_r1,SPT,39,BLK_39C,21,TurnOver,3,2025-10-31 21:10:18,2025-10-31 21:22:18,12.0,,공통
b200_mixed_ps_sub_r1,SPT,39,BLK_39C,21,후면SAW,4,2025-10-31 21:26:58,2025-10-31 21:54:21,27.4,,공통
b200_mixed_ps_sub_r1,SPT,39,BLK_39C,21,NC,5,2025-10-31 21:54:21,2025-10-31 22:24:21,30.0,,공통
b200_mixed_ps_sub_r1,SPT,39,BLK_39C,21,베이36B 론지취부,6,2025-10-31 22:24:21,2025-10-31 23:30:21,66.0,36B,베이36B
b200_mixed_ps_sub_r1,SPT,39,BLK_39C,21,베이36B 론지용접,7,2025-10-31 23:30:21,2025-10-31 23:52:57,22.6,36B,베이36B
b200_mixed_ps_sub_r1,SPT,39,BLK_39C,21,베이36B 수정,8,2025-10-31 23:52:57,2025-11-01 00:33:09,40.2,36B,베이36B
b200_mixed_ps_sub_r1,SPT,44,BLK_44C,22,판계,1,2025-10-31 15:17:00,2025-10-31 15:47:00,30.0,,공통
b200_mixed_ps_sub_r1,SPT,44,BLK_44C,22,전면SAW,2,2025-10-31 21:10:18,2025-10-31 21:36:46,26.5,,공통
b200_mixed_ps_sub_r1,SPT,44,BLK_44C,22,TurnOver,3,2025-10-31 21:36:46,2025-10-31 21:48:46,12.0,,공통
b200_mixed_ps_sub_r1,SPT,44,BLK_44C,22,후면SAW,4,2025-10-31 21:54:21,2025-10-31 22:08:03,13.7,,공통
b200_mixed_ps_sub_r1,SPT,44,BLK_44C,22,NC,5,2025-10-31 22:24:21,2025-10-31 23:04:33,40.2,,공통
b200_mixed_ps_sub_r1,SPT,44,BLK_44C,22,베이35A 론지취부,6,2025-10-31 23:04:33,2025-11-01 00:10:33,66.0,35A,베이35A
b200_mixed_ps_sub_r1,SPT,44,BLK_44C,22,베이35A 론지용접,7,2025-11-01 00:10:33,2025-11-01 00:33:09,22.6,35A,베이35A
b200_mixed_ps_sub_r1,SPT,44,BLK_44C,22,베이35A 수정,8,2025-11-01 00:33:09,2025-11-01 01:13:21,40.2,35A,베이35A
b200_mixed_ps_sub_r1,SPT,156,BLK_156P,23,판계,1,2025-10-31 15:47:00,2025-10-31 16:17:00,30.0,,공통
b200_mixed_ps_sub_r1,SPT,156,BLK_156P,23,전면SAW,2,2025-10-31 21:36:46,2025-10-31 22:13:45,37.0,,공통
b200_mixed_ps_sub_r1,SPT,156,BLK_156P,23,TurnOver,3,2025-10-31 22:13:45,2025-10-31 22:25:45,12.0,,공통
b200_mixed_ps_sub_r1,SPT,156,BLK_156P,23,후면SAW,4,2025-10-31 22:25:45,2025-10-31 22:53:16,27.5,,공통
b200_mixed_ps_sub_r1,SPT,156,BLK_156P,23,NC,5,2025-10-31 23:04:33,2025-10-31 23:51:43,47.2,,공통
b200_mixed_ps_sub_r1,SPT,156,BLK_156P,23,베이36B 론지취부,6,2025-10-31 23:51:43,2025-11-01 00:43:43,52.0,36B,베이36B
b200_mixed_ps_sub_r1,SPT,156,BLK_156P,23,베이36B 론지용접,7,2025-11-01 00:43:43,2025-11-01 01:03:55,20.2,36B,베이36B
b200_mixed_ps_sub_r1,SPT,156,BLK_156P,23,베이36B 수정,8,2025-11-01 01:03:55,2025-11-01 01:35:19,31.4,36B,베이36B
b200_mixed_ps_sub_r1,SPT,127,BLK_127S,24,판계,1,2025-10-31 16:17:00,2025-10-31 16:42:00,25.0,,공통
b200_mixed_ps_sub_r1,SPT,127,BLK_127S,24,전면SAW,2,2025-10-31 22:13:45,2025-10-31 22:47:27,33.7,,공통
b200_mixed_ps_sub_r1,SPT,127,BLK_127S,24,TurnOver,3,2025-10-31 22:47:27,2025-10-31 22:59:27,12.0,,공통
b200_mixed_ps_sub_r1,SPT,127,BLK_127S,24,후면SAW,4,2025-10-31 22:59:27,2025-10-31 23:22:42,23.2,,공통
b200_mixed_ps_sub_r1,SPT,127,BLK_127S,24,NC,5,2025-10-31 23:51:43,2025-11-01 00:26:34,34.8,,공통
b200_mixed_ps_sub_r1,SPT,127,BLK_127S,24,베이35A 론지취부,6,2025-11-01 00:26:34,2025-11-01 01:32:34,66.0,35A,베이35A
b200_mixed_ps_sub_r1,SPT,127,BLK_127S,24,베이35A 론지용접,7,2025-11-01 01:32:34,2025-11-01 01:55:10,22.6,35A,베이35A
b200_mixed_ps_sub_r1,SPT,127,BLK_127S,24,베이35A 수정,8,2025-11-01 01:55:10,2025-11-01 02:35:22,40.2,35A,베이35A
b200_mixed_ps_sub_r1,SPT,106,BLK_106P,25,판계,1,2025-10-31 16:42:00,2025-10-31 17:02:00,20.0,,공통
b200_mixed_ps_sub_r1,SPT,106,BLK_106P,25,전면SAW,2,2025-10-31 22:47:27,2025-10-31 23:22:13,34.8,,공통
b200_mixed_ps_sub_r1,SPT,106,BLK_106P,25,TurnOver,3,2025-10-31 23:22:13,2025-10-31 23:34:13,12.0,,공통
b200_mixed_ps_sub_r1,SPT,106,BLK_106P,25,후면SAW,4,2025-10-31 23:34:13,2025-10-31 23:58:49,24.6,,공통
b200_mixed_ps_sub_r1,SPT,106,BLK_106P,25,NC,5,2025-11-01 00:26:34,2025-11-01 00:54:25,27.9,,공통
b200_mixed_ps_sub_r1,SPT,106,BLK_106P,25,베이36B 론지취부,6,2025-11-01 00:54:25,2025-11-01 02:07:25,73.0,36B,베이36B
b200_mixed_ps_sub_r1,SPT,106,BLK_106P,25,베이36B 론지용접,7,2025-11-01 02:07:25,2025-11-01 02:31:13,23.8,36B,베이36B
b200_mixed_ps_sub_r1,SPT,106,BLK_106P,25,베이36B 수정,8,2025-11-01 02:31:13,2025-11-01 03:15:49,44.6,36B,베이36B
b200_mixed_ps_sub_r1,SPT,129,BLK_129C,26,판계,1,2025-10-31 17:02:00,2025-10-31 17:32:00,30.0,,공통
b200_mixed_ps_sub_r1,SPT,129,BLK_129C,26,전면SAW,2,2025-10-31 23:22:13,2025-10-31 23:54:39,32.4,,공통
b200_mixed_ps_sub_r1,SPT,129,BLK_129C,26,TurnOver,3,2025-10-31 23:54:39,2025-11-01 00:06:39,12.0,,공통
b200_mixed_ps_sub_r1,SPT,129,BLK_129C,26,후면SAW,4,2025-11-01 00:06:39,2025-11-01 00:28:12,21.6,,공통
b200_mixed_ps_sub_r1,SPT,129,BLK_129C,26,NC,5,2025-11-01 00:54:25,2025-11-01 01:37:13,42.8,,공통
b200_mixed_ps_sub_r1,SPT,129,BLK_129C,26,베이35A 론지취부,6,2025-11-01 01:37:13,2025-11-01 02:39:43,62.5,35A,베이35A
b200_mixed_ps_sub_r1,SPT,129,BLK_129C,26,베이35A 론지용접,7,2025-11-01 02:39:43,2025-11-01 03:01:43,22.0,35A,베이35A
b200_mixed_ps_sub_r1,SPT,129,BLK_129C,26,베이35A 수정,8,2025-11-01 03:01:43,2025-11-01 03:39:43,38.0,35A,베이35A
b200_mixed_ps_sub_r1,SPT,50,BLK_50C,27,판계,1,2025-10-31 17:32:00,2025-10-31 18:02:00,30.0,,공통
b200_mixed_ps_sub_r1,SPT,50,BLK_50C,27,전면SAW,2,2025-10-31 23:54:39,2025-11-01 00:28:09,33.5,,공통
b200_mixed_ps_sub_r1,SPT,50,BLK_50C,27,TurnOver,3,2025-11-01 00:28:09,2025-11-01 00:40:09,12.0,,공통
b200_mixed_ps_sub_r1,SPT,50,BLK_50C,27,후면SAW,4,2025-11-01 00:40:09,2025-11-01 01:03:06,22.9,,공통
b200_mixed_ps_sub_r1,SPT,50,BLK_50C,27,NC,5,2025-11-01 01:37:13,2025-11-01 02:21:20,44.1,,공통
b200_mixed_ps_sub_r1,SPT,50,BLK_50C,27,베이36B 론지취부,6,2025-11-01 02:21:20,2025-11-01 03:23:50,62.5,36B,베이36B
b200_mixed_ps_sub_r1,SPT,50,BLK_50C,27,베이36B 론지용접,7,2025-11-01 03:23:50,2025-11-01 03:45:50,22.0,36B,베이36B
b200_mixed_ps_sub_r1,SPT,50,BLK_50C,27,베이36B 수정,8,2025-11-01 03:45:50,2025-11-01 04:23:50,38.0,36B,베이36B
b200_mixed_ps_sub_r1,SPT,48,BLK_48P,28,판계,1,2025-10-31 18:02:00,2025-10-31 18:22:00,20.0,,공통
b200_mixed_ps_sub_r1,SPT,48,BLK_48P,28,전면SAW,2,2025-11-01 00:28:09,2025-11-01 01:19:45,51.6,,공통
b200_mixed_ps_sub_r1,SPT,48,BLK_48P,28,TurnOver,3,2025-11-01 01:19:45,2025-11-01 01:31:45,12.0,,공통
b200_mixed_ps_sub_r1,SPT,48,BLK_48P,28,후면SAW,4,2025-11-01 01:31:45,2025-11-01 02:18:33,46.8,,공통
b200_mixed_ps_sub_r1,SPT,48,BLK_48P,28,NC,5,2025-11-01 02:21:20,2025-11-01 02:51:31,30.2,,공통
b200_mixed_ps_sub_r1,SPT,48,BLK_48P,28,베이35A 론지취부,6,2025-11-01 02:51:31,2025-11-01 03:54:01,62.5,35A,베이35A
b200_mixed_ps_sub_r1,SPT,48,BLK_48P,28,베이35A 론지용접,7,2025-11-01 03:54:01,2025-11-01 04:16:01,22.0,35A,베이35A
b200_mixed_ps_sub_r1,SPT,48,BLK_48P,28,베이35A 수정,8,2025-11-01 04:16:01,2025-11-01 04:54:01,38.0,35A,베이35A
b200_mixed_ps_sub_r1,SPT,8,BLK_8C,1,판계,1,2025-11-01 08:00:00,2025-11-01 08:30:00,30.0,,공통
b200_mixed_ps_sub_r1,SPT,8,BLK_8C,1,전면SAW,2,2025-11-01 08:30:00,2025-11-01 09:10:03,40.1,,공통
b200_mixed_ps_sub_r1,SPT,8,BLK_8C,1,TurnOver,3,2025-11-01 09:10:03,2025-11-01 09:22:03,12.0,,공통
b200_mixed_ps_sub_r1,SPT,8,BLK_8C,1,후면SAW,4,2025-11-01 09:22:03,2025-11-01 09:53:39,31.6,,공통
b200_mixed_ps_sub_r1,SPT,8,BLK_8C,1,NC,5,2025-11-01 09:53:39,2025-11-01 10:35:55,42.3,,공통
b200_mixed_ps_sub_r1,SPT,8,BLK_8C,1,베이36B 론지취부,6,2025-11-01 10:35:55,2025-11-01 11:31:25,55.5,36B,베이36B
b200_mixed_ps_sub_r1,SPT,8,BLK_8C,1,베이36B 론지용접,7,2025-11-01 11:31:25,2025-11-01 11:52:13,20.8,36B,베이36B
b200_mixed_ps_sub_r1,SPT,8,BLK_8C,1,베이36B 수정,8,2025-11-01 11:52:13,2025-11-01 12:25:49,33.6,36B,베이36B
b200_mixed_ps_sub_r1,SPT,177,BLK_177S,2,판계,1,2025-11-01 08:30:00,2025-11-01 09:00:00,30.0,,공통
b200_mixed_ps_sub_r1,SPT,177,BLK_177S,2,전면SAW,2,2025-11-01 09:10:03,2025-11-01 09:39:27,29.4,,공통
b200_mixed_ps_sub_r1,SPT,177,BLK_177S,2,TurnOver,3,2025-11-01 09:39:27,2025-11-01 09:51:27,12.0,,공통
b200_mixed_ps_sub_r1,SPT,177,BLK_177S,2,후면SAW,4,2025-11-01 09:53:39,2025-11-01 10:11:13,17.6,,공통
b200_mixed_ps_sub_r1,SPT,177,BLK_177S,2,NC,5,2025-11-01 10:35:55,2025-11-01 11:18:00,42.1,,공통
b200_mixed_ps_sub_r1,SPT,177,BLK_177S,2,베이35A 론지취부,6,2025-11-01 11:18:00,2025-11-01 12:27:30,69.5,35A,베이35A
b200_mixed_ps_sub_r1,SPT,177,BLK_177S,2,베이35A 론지용접,7,2025-11-01 12:27:30,2025-11-01 12:50:42,23.2,35A,베이35A
b200_mixed_ps_sub_r1,SPT,177,BLK_177S,2,베이35A 수정,8,2025-11-01 12:50:42,2025-11-01 13:33:06,42.4,35A,베이35A
b200_mixed_ps_sub_r1,SPT,66,BLK_66P,3,판계,1,2025-11-01 09:00:00,2025-11-01 09:25:00,25.0,,공통
b200_mixed_ps_sub_r1,SPT,66,BLK_66P,3,전면SAW,2,2025-11-01 09:39:27,2025-11-01 10:13:23,33.9,,공통
b200_mixed_ps_sub_r1,SPT,66,BLK_66P,3,TurnOver,3,2025-11-01 10:13:23,2025-11-01 10:25:23,12.0,,공통
b200_mixed_ps_sub_r1,SPT,66,BLK_66P,3,후면SAW,4,2025-11-01 10:25:23,2025-11-01 10:48:54,23.5,,공통
b200_mixed_ps_sub_r1,SPT,66,BLK_66P,3,NC,5,2025-11-01 11:18:00,2025-11-01 11:57:46,39.8,,공통
b200_mixed_ps_sub_r1,SPT,66,BLK_66P,3,베이36B 론지취부,6,2025-11-01 11:57:46,2025-11-01 13:07:16,69.5,36B,베이36B
b200_mixed_ps_sub_r1,SPT,66,BLK_66P,3,베이36B 론지용접,7,2025-11-01 13:07:16,2025-11-01 13:30:28,23.2,36B,베이36B
b200_mixed_ps_sub_r1,SPT,66,BLK_66P,3,베이36B 수정,8,2025-11-01 13:30:28,2025-11-01 14:12:52,42.4,36B,베이36B
b200_mixed_ps_sub_r1,SPT,52,BLK_52S,4,판계,1,2025-11-01 09:25:00,2025-11-01 09:55:00,30.0,,공통
b200_mixed_ps_sub_r1,SPT,52,BLK_52S,4,전면SAW,2,2025-11-01 10:13:23,2025-11-01 10:45:34,32.2,,공통
b200_mixed_ps_sub_r1,SPT,52,BLK_52S,4,TurnOver,3,2025-11-01 10:45:34,2025-11-01 10:57:34,12.0,,공통
b200_mixed_ps_sub_r1,SPT,52,BLK_52S,4,후면SAW,4,2025-11-01 10:57:34,2025-11-01 11:18:47,21.2,,공통
b200_mixed_ps_sub_r1,SPT,52,BLK_52S,4,NC,5,2025-11-01 11:57:46,2025-11-01 12:37:16,39.5,,공통
b200_mixed_ps_sub_r1,SPT,52,BLK_52S,4,베이35A 론지취부,6,2025-11-01 12:37:16,2025-11-01 13:50:16,73.0,35A,베이35A
b200_mixed_ps_sub_r1,SPT,52,BLK_52S,4,베이35A 론지용접,7,2025-11-01 13:50:16,2025-11-01 14:14:04,23.8,35A,베이35A
b200_mixed_ps_sub_r1,SPT,52,BLK_52S,4,베이35A 수정,8,2025-11-01 14:14:04,2025-11-01 14:58:40,44.6,35A,베이35A
b200_mixed_ps_sub_r1,SPT,171,BLK_171S,5,판계,1,2025-11-01 09:55:00,2025-11-01 10:25:00,30.0,,공통
b200_mixed_ps_sub_r1,SPT,171,BLK_171S,5,전면SAW,2,2025-11-01 10:45:34,2025-11-01 11:16:34,31.0,,공통
b200_mixed_ps_sub_r1,SPT,171,BLK_171S,5,TurnOver,3,2025-11-01 11:16:34,2025-11-01 11:28:34,12.0,,공통
b200_mixed_ps_sub_r1,SPT,171,BLK_171S,5,후면SAW,4,2025-11-01 11:28:34,2025-11-01 11:48:15,19.7,,공통
b200_mixed_ps_sub_r1,SPT,171,BLK_171S,5,NC,5,2025-11-01 12:37:16,2025-11-01 13:26:36,49.3,,공통
b200_mixed_ps_sub_r1,SPT,171,BLK_171S,5,베이36B 론지취부,6,2025-11-01 13:26:36,2025-11-01 14:36:06,69.5,36B,베이36B
b200_mixed_ps_sub_r1,SPT,171,BLK_171S,5,베이36B 론지용접,7,2025-11-01 14:36:06,2025-11-01 14:59:18,23.2,36B,베이36B
b200_mixed_ps_sub_r1,SPT,171,BLK_171S,5,베이36B 수정,8,2025-11-01 14:59:18,2025-11-01 15:41:42,42.4,36B,베이36B
b200_mixed_ps_sub_r1,SPT,119,BLK_119S,6,판계,1,2025-11-01 10:25:00,2025-11-01 10:55:00,30.0,,공통
b200_mixed_ps_sub_r1,SPT,119,BLK_119S,6,전면SAW,2,2025-11-01 11:16:34,2025-11-01 11:45:05,28.5,,공통
b200_mixed_ps_sub_r1,SPT,119,BLK_119S,6,TurnOver,3,2025-11-01 11:45:05,2025-11-01 11:57:05,12.0,,공통
b200_mixed_ps_sub_r1,SPT,119,BLK_119S,6,후면SAW,4,2025-11-01 11:57:05,2025-11-01 12:13:28,16.4,,공통
b200_mixed_ps_sub_r1,SPT,119,BLK_119S,6,NC,5,2025-11-01 13:26:36,2025-11-01 14:13:20,46.7,,공통
b200_mixed_ps_sub_r1,SPT,119,BLK_119S,6,베이35A 론지취부,6,2025-11-01 14:13:20,2025-11-01 15:29:50,76.5,35A,베이35A
b200_mixed_ps_sub_r1,SPT,119,BLK_119S,6,베이35A 론지용접,7,2025-11-01 15:29:50,2025-11-01 15:54:14,24.4,35A,베이35A
b200_mixed_ps_sub_r1,SPT,119,BLK_119S,6,베이35A 수정,8,2025-11-01 15:54:14,2025-11-01 16:41:02,46.8,35A,베이35A
b200_mixed_ps_sub_r1,SPT,157,BLK_157C,7,판계,1,2025-11-01 10:55:00,2025-11-01 11:25:00,30.0,,공통
b200_mixed_ps_sub_r1,SPT,157,BLK_157C,7,전면SAW,2,2025-11-01 11:45:05,2025-11-01 12:16:49,31.7,,공통
b200_mixed_ps_sub_r1,SPT,157,BLK_157C,7,TurnOver,3,2025-11-01 12:16:49,2025-11-01 12:28:49,12.0,,공통
b200_mixed_ps_sub_r1,SPT,157,BLK_157C,7,후면SAW,4,2025-11-01 12:28:49,2025-11-01 12:49:27,20.6,,공통
b200_mixed_ps_sub_r1,SPT,157,BLK_157C,7,NC,5,2025-11-01 14:13:20,2025-11-01 14:54:25,41.1,,공통
b200_mixed_ps_sub_r1,SPT,157,BLK_157C,7,베이36B 론지취부,6,2025-11-01 14:54:25,2025-11-01 16:10:55,76.5,36B,베이36B
b200_mixed_ps_sub_r1,SPT,157,BLK_157C,7,베이36B 론지용접,7,2025-11-01 16:10:55,2025-11-01 16:35:19,24.4,36B,베이36B
b200_mixed_ps_sub_r1,SPT,157,BLK_157C,7,베이36B 수정,8,2025-11-01 16:35:19,2025-11-01 17:22:07,46.8,36B,베이36B
b200_mixed_ps_sub_r1,SPT,82,BLK_82C,8,판계,1,2025-11-01 11:25:00,2025-11-01 11:45:00,20.0,,공통
b200_mixed_ps_sub_r1,SPT,82,BLK_82C,8,전면SAW,2,2025-11-01 12:16:49,2025-11-01 13:42:30,85.7,,공통
b200_mixed_ps_sub_r1,SPT,82,BLK_82C,8,TurnOver,3,2025-11-01 13:42:30,2025-11-01 13:54:30,12.0,,공통
b200_mixed_ps_sub_r1,SPT,82,BLK_82C,8,후면SAW,4,2025-11-01 13:54:30,2025-11-01 15:00:22,65.9,,공통
b200_mixed_ps_sub_r1,SPT,82,BLK_82C,8,NC,5,2025-11-01 15:00:22,2025-11-01 15:25:41,25.3,,공통
b200_mixed_ps_sub_r1,SPT,82,BLK_82C,8,베이35A 론지취부,6,2025-11-01 15:29:50,2025-11-01 16:11:10,41.3,35A,베이35A
b200_mixed_ps_sub_r1,SPT,82,BLK_82C,8,베이35A 론지용접,7,2025-11-01 16:11:10,2025-11-01 16:27:58,16.8,35A,베이35A
b200_mixed_ps_sub_r1,SPT,82,BLK_82C,8,베이35A 수정,8,2025-11-01 16:41:02,2025-11-01 16:59:14,18.2,35A,베이35A
b200_mixed_ps_sub_r1,SPT,172,BLK_172P,9,판계,1,2025-11-01 11:45:00,2025-11-01 12:15:00,30.0,,공통
b200_mixed_ps_sub_r1,SPT,172,BLK_172P,9,전면SAW,2,2025-11-01 13:42:30,2025-11-01 14:13:32,31.0,,공통
b200_mixed_ps_sub_r1,SPT,172,BLK_172P,9,TurnOver,3,2025-11-01 14:13:32,2025-11-01 14:25:32,12.0,,공통
b200_mixed_ps_sub_r1,SPT,172,BLK_172P,9,후면SAW,4,2025-11-01 15:00:22,2025-11-01 15:20:06,19.7,,공통
b200_mixed_ps_sub_r1,SPT,172,BLK_172P,9,NC,5,2025-11-01 15:25:41,2025-11-01 16:05:53,40.2,,공통
b200_mixed_ps_sub_r1,SPT,172,BLK_172P,9,베이36B 론지취부,6,2025-11-01 16:10:55,2025-11-01 17:30:55,80.0,36B,베이36B
b200_mixed_ps_sub_r1,SPT,172,BLK_172P,9,베이36B 론지용접,7,2025-11-01 17:30:55,2025-11-01 17:55:55,25.0,36B,베이36B
b200_mixed_ps_sub_r1,SPT,172,BLK_172P,9,베이36B 수정,8,2025-11-01 17:55:55,2025-11-01 18:44:55,49.0,36B,베이36B
b200_mixed_ps_sub_r1,SPT,186,BLK_172S,10,판계,1,2025-11-01 12:15:00,2025-11-01 12:45:00,30.0,,공통
b200_mixed_ps_sub_r1,SPT,186,BLK_172S,10,전면SAW,2,2025-11-01 14:13:32,2025-11-01 14:44:34,31.0,,공통
b200_mixed_ps_sub_r1,SPT,186,BLK_172S,10,TurnOver,3,2025-11-01 14:44:34,2025-11-01 14:56:34,12.0,,공통
b200_mixed_ps_sub_r1,SPT,186,BLK_172S,10,후면SAW,4,2025-11-01 15:20:06,2025-11-01 15:39:49,19.7,,공통
b200_mixed_ps_sub_r1,SPT,186,BLK_172S,10,NC,5,2025-11-01 16:05:53,2025-11-01 16:46:05,40.2,,공통
b200_mixed_ps_sub_r1,SPT,186,BLK_172S,10,베이35A 론지취부,6,2025-11-01 16:46:05,2025-11-01 18:06:05,80.0,35A,베이35A
b200_mixed_ps_sub_r1,SPT,186,BLK_172S,10,베이35A 론지용접,7,2025-11-01 18:06:05,2025-11-01 18:31:05,25.0,35A,베이35A
b200_mixed_ps_sub_r1,SPT,186,BLK_172S,10,베이35A 수정,8,2025-11-01 18:31:05,2025-11-01 19:20:05,49.0,35A,베이35A
b200_mixed_ps_sub_r1,SPT,96,BLK_96P,11,판계,1,2025-11-01 12:45:00,2025-11-01 13:15:00,30.0,,공통
b200_mixed_ps_sub_r1,SPT,96,BLK_96P,11,전면SAW,2,2025-11-01 14:44:34,2025-11-01 15:32:46,48.2,,공통
b200_mixed_ps_sub_r1,SPT,96,BLK_96P,11,TurnOver,3,2025-11-01 15:32:46,2025-11-01 15:44:46,12.0,,공통
b200_mixed_ps_sub_r1,SPT,96,BLK_96P,11,후면SAW,4,2025-11-01 15:44:46,2025-11-01 16:27:05,42.3,,공통
b200_mixed_ps_sub_r1,SPT,96,BLK_96P,11,NC,5,2025-11-01 16:46:05,2025-11-01 17:27:40,41.6,,공통
b200_mixed_ps_sub_r1,SPT,96,BLK_96P,11,베이36B 론지취부,6,2025-11-01 17:30:55,2025-11-01 18:29:55,59.0,36B,베이36B
b200_mixed_ps_sub_r1,SPT,96,BLK_96P,11,베이36B 론지용접,7,2025-11-01 18:29:55,2025-11-01 18:51:19,21.4,36B,베이36B
b200_mixed_ps_sub_r1,SPT,96,BLK_96P,11,베이36B 수정,8,2025-11-01 18:51:19,2025-11-01 19:27:07,35.8,36B,베이36B
b200_mixed_ps_sub_r1,SPT,62,BLK_62C,12,판계,1,2025-11-01 13:15:00,2025-11-01 13:35:00,20.0,,공통
b200_mixed_ps_sub_r1,SPT,62,BLK_62C,12,전면SAW,2,2025-11-01 15:32:46,2025-11-01 16:17:13,44.4,,공통
b200_mixed_ps_sub_r1,SPT,62,BLK_62C,12,TurnOver,3,2025-11-01 16:17:13,2025-11-01 16:29:13,12.0,,공통
b200_mixed_ps_sub_r1,SPT,62,BLK_62C,12,후면SAW,4,2025-11-01 16:29:13,2025-11-01 17:06:34,37.4,,공통
b200_mixed_ps_sub_r1,SPT,62,BLK_62C,12,NC,5,2025-11-01 17:27:40,2025-11-01 18:01:01,33.4,,공통
b200_mixed_ps_sub_r1,SPT,62,BLK_62C,12,베이35A 론지취부,6,2025-11-01 18:06:05,2025-11-01 19:22:35,76.5,35A,베이35A
b200_mixed_ps_sub_r1,SPT,62,BLK_62C,12,베이35A 론지용접,7,2025-11-01 19:22:35,2025-11-01 19:46:59,24.4,35A,베이35A
b200_mixed_ps_sub_r1,SPT,62,BLK_62C,12,베이35A 수정,8,2025-11-01 19:46:59,2025-11-01 20:33:47,46.8,35A,베이35A
b200_mixed_ps_sub_r1,SPT,142,BLK_142P,1,판계,1,2025-11-02 08:00:00,2025-11-02 08:30:00,30.0,,공통
b200_mixed_ps_sub_r1,SPT,142,BLK_142P,1,전면SAW,2,2025-11-02 08:30:00,2025-11-02 09:03:03,33.0,,공통
b200_mixed_ps_sub_r1,SPT,142,BLK_142P,1,TurnOver,3,2025-11-02 09:03:03,2025-11-02 09:15:03,12.0,,공통
b200_mixed_ps_sub_r1,SPT,142,BLK_142P,1,후면SAW,4,2025-11-02 09:15:03,2025-11-02 09:37:24,22.4,,공통
b200_mixed_ps_sub_r1,SPT,142,BLK_142P,1,NC,5,2025-11-02 09:37:24,2025-11-02 10:25:12,47.8,,공통
b200_mixed_ps_sub_r1,SPT,142,BLK_142P,1,베이36B 론지취부,6,2025-11-02 10:25:12,2025-11-02 11:41:42,76.5,36B,베이36B
b200_mixed_ps_sub_r1,SPT,142,BLK_142P,1,베이36B 론지용접,7,2025-11-02 11:41:42,2025-11-02 12:06:06,24.4,36B,베이36B
b200_mixed_ps_sub_r1,SPT,142,BLK_142P,1,베이36B 수정,8,2025-11-02 12:06:06,2025-11-02 12:52:54,46.8,36B,베이36B
b200_mixed_ps_sub_r1,SPT,189,BLK_142S,2,판계,1,2025-11-02 08:30:00,2025-11-02 09:00:00,30.0,,공통
b200_mixed_ps_sub_r1,SPT,189,BLK_142S,2,전면SAW,2,2025-11-02 09:03:03,2025-11-02 09:36:06,33.0,,공통
b200_mixed_ps_sub_r1,SPT,189,BLK_142S,2,TurnOver,3,2025-11-02 09:36:06,2025-11-02 09:48:06,12.0,,공통
b200_mixed_ps_sub_r1,SPT,189,BLK_142S,2,후면SAW,4,2025-11-02 09:48:06,2025-11-02 10:10:27,22.4,,공통
b200_mixed_ps_sub_r1,SPT,189,BLK_142S,2,NC,5,2025-11-02 10:25:12,2025-11-02 11:13:00,47.8,,공통
b200_mixed_ps_sub_r1,SPT,189,BLK_142S,2,베이35A 론지취부,6,2025-11-02 11:13:00,2025-11-02 12:29:30,76.5,35A,베이35A
b200_mixed_ps_sub_r1,SPT,189,BLK_142S,2,베이35A 론지용접,7,2025-11-02 12:29:30,2025-11-02 12:53:54,24.4,35A,베이35A
b200_mixed_ps_sub_r1,SPT,189,BLK_142S,2,베이35A 수정,8,2025-11-02 12:53:54,2025-11-02 13:40:42,46.8,35A,베이35A
b200_mixed_ps_sub_r1,SPT,58,BLK_58C,3,판계,1,2025-11-02 09:00:00,2025-11-02 09:20:00,20.0,,공통
b200_mixed_ps_sub_r1,SPT,58,BLK_58C,3,전면SAW,2,2025-11-02 09:36:06,2025-11-02 11:24:18,108.2,,공통
b200_mixed_ps_sub_r1,SPT,58,BLK_58C,3,TurnOver,3,2025-11-02 11:24:18,2025-11-02 11:36:18,12.0,,공통
b200_mixed_ps_sub_r1,SPT,58,BLK_58C,3,후면SAW,4,2025-11-02 11:36:18,2025-11-02 13:02:42,86.4,,공통
b200_mixed_ps_sub_r1,SPT,58,BLK_58C,3,NC,5,2025-11-02 13:02:42,2025-11-02 13:28:19,25.6,,공통
b200_mixed_ps_sub_r1,SPT,58,BLK_58C,3,베이36B 론지취부,6,2025-11-02 13:28:19,2025-11-02 13:52:19,24.0,36B,베이36B
b200_mixed_ps_sub_r1,SPT,58,BLK_58C,3,베이36B 론지용접,7,2025-11-02 13:52:19,2025-11-02 14:03:43,11.4,36B,베이36B
b200_mixed_ps_sub_r1,SPT,58,BLK_58C,3,베이36B 수정,8,2025-11-02 14:03:43,2025-11-02 14:17:31,13.8,36B,베이36B
b200_mixed_ps_sub_r1,SPT,160,BLK_160C,4,판계,1,2025-11-02 09:20:00,2025-11-02 09:50:00,30.0,,공통
b200_mixed_ps_sub_r1,SPT,160,BLK_160C,4,전면SAW,2,2025-11-02 11:24:18,2025-11-02 12:01:10,36.9,,공통
b200_mixed_ps_sub_r1,SPT,160,BLK_160C,4,TurnOver,3,2025-11-02 12:01:10,2025-11-02 12:13:10,12.0,,공통
b200_mixed_ps_sub_r1,SPT,160,BLK_160C,4,후면SAW,4,2025-11-02 13:02:42,2025-11-02 13:30:06,27.4,,공통
b200_mixed_ps_sub_r1,SPT,160,BLK_160C,4,NC,5,2025-11-02 13:30:06,2025-11-02 14:19:25,49.3,,공통
b200_mixed_ps_sub_r1,SPT,160,BLK_160C,4,베이35A 론지취부,6,2025-11-02 14:19:25,2025-11-02 15:35:55,76.5,35A,베이35A
b200_mixed_ps_sub_r1,SPT,160,BLK_160C,4,베이35A 론지용접,7,2025-11-02 15:35:55,2025-11-02 16:00:19,24.4,35A,베이35A
b200_mixed_ps_sub_r1,SPT,160,BLK_160C,4,베이35A 수정,8,2025-11-02 16:00:19,2025-11-02 16:47:07,46.8,35A,베이35A
b200_mixed_ps_sub_r1,SPT,122,BLK_122C,5,판계,1,2025-11-02 09:50:00,2025-11-02 10:35:00,45.0,,공통
b200_mixed_ps_sub_r1,SPT,122,BLK_122C,5,전면SAW,2,2025-11-02 12:01:10,2025-11-02 12:40:56,39.8,,공통
b200_mixed_ps_sub_r1,SPT,122,BLK_122C,5,TurnOver,3,2025-11-02 12:40:56,2025-11-02 12:52:56,12.0,,공통
b200_mixed_ps_sub_r1,SPT,122,BLK_122C,5,후면SAW,4,2025-11-02 13:30:06,2025-11-02 14:01:18,31.2,,공통
b200_mixed_ps_sub_r1,SPT,122,BLK_122C,5,NC,5,2025-11-02 14:19:25,2025-11-02 15:14:05,54.7,,공통
b200_mixed_ps_sub_r1,SPT,122,BLK_122C,5,베이36B 론지취부,6,2025-11-02 15:14:05,2025-11-02 16:16:35,62.5,36B,베이36B
b200_mixed_ps_sub_r1,SPT,122,BLK_122C,5,베이36B 론지용접,7,2025-11-02 16:16:35,2025-11-02 16:38:35,22.0,36B,베이36B
b200_mixed_ps_sub_r1,SPT,122,BLK_122C,5,베이36B 수정,8,2025-11-02 16:38:35,2025-11-02 17:16:35,38.0,36B,베이36B
b200_mixed_ps_sub_r1,SPT,79,BLK_79C,6,판계,1,2025-11-02 10:35:00,2025-11-02 11:05:00,30.0,,공통
b200_mixed_ps_sub_r1,SPT,79,BLK_79C,6,전면SAW,2,2025-11-02 12:40:56,2025-11-02 13:11:18,30.4,,공통
b200_mixed_ps_sub_r1,SPT,79,BLK_79C,6,TurnOver,3,2025-11-02 13:11:18,2025-11-02 13:23:18,12.0,,공통
b200_mixed_ps_sub_r1,SPT,79,BLK_79C,6,후면SAW,4,2025-11-02 14:01:18,2025-11-02 14:20:09,18.8,,공통
b200_mixed_ps_sub_r1,SPT,79,BLK_79C,6,NC,5,2025-11-02 15:14:05,2025-11-02 16:02:28,48.4,,공통
b200_mixed_ps_sub_r1,SPT,79,BLK_79C,6,베이36B 론지취부,6,2025-11-02 16:16:35,2025-11-02 17:43:35,87.0,36B,베이36B
b200_mixed_ps_sub_r1,SPT,79,BLK_79C,6,베이36B 론지용접,7,2025-11-02 17:43:35,2025-11-02 18:09:47,26.2,36B,베이36B
b200_mixed_ps_sub_r1,SPT,79,BLK_79C,6,베이36B 수정,8,2025-11-02 18:09:47,2025-11-02 19:03:11,53.4,36B,베이36B
b200_mixed_ps_sub_r1,SPT,131,BLK_131P,7,판계,1,2025-11-02 11:05:00,2025-11-02 11:35:00,30.0,,공통
b200_mixed_ps_sub_r1,SPT,131,BLK_131P,7,전면SAW,2,2025-11-02 13:11:18,2025-11-02 13:54:32,43.2,,공통
b200_mixed_ps_sub_r1,SPT,131,BLK_131P,7,TurnOver,3,2025-11-02 13:54:32,2025-11-02 14:06:32,12.0,,공통
b200_mixed_ps_sub_r1,SPT,131,BLK_131P,7,후면SAW,4,2025-11-02 14:20:09,2025-11-02 14:55:55,35.8,,공통
b200_mixed_ps_sub_r1,SPT,131,BLK_131P,7,NC,5,2025-11-02 16:02:28,2025-11-02 16:46:15,43.8,,공통
b200_mixed_ps_sub_r1,SPT,131,BLK_131P,7,베이35A 론지취부,6,2025-11-02 16:46:15,2025-11-02 18:02:45,76.5,35A,베이35A
b200_mixed_ps_sub_r1,SPT,131,BLK_131P,7,베이35A 론지용접,7,2025-11-02 18:02:45,2025-11-02 18:27:09,24.4,35A,베이35A
b200_mixed_ps_sub_r1,SPT,131,BLK_131P,7,베이35A 수정,8,2025-11-02 18:27:09,2025-11-02 19:13:57,46.8,35A,베이35A
b200_mixed_ps_sub_r1,SPT,147,BLK_147P,8,판계,1,2025-11-02 11:35:00,2025-11-02 12:05:00,30.0,,공통
b200_mixed_ps_sub_r1,SPT,147,BLK_147P,8,전면SAW,2,2025-11-02 13:54:32,2025-11-02 14:39:47,45.2,,공통
b200_mixed_ps_sub_r1,SPT,147,BLK_147P,8,TurnOver,3,2025-11-02 14:39:47,2025-11-02 14:51:47,12.0,,공통
b200_mixed_ps_sub_r1,SPT,147,BLK_147P,8,후면SAW,4,2025-11-02 14:55:55,2025-11-02 15:34:20,38.4,,공통
b200_mixed_ps_sub_r1,SPT,147,BLK_147P,8,NC,5,2025-11-02 16:46:15,2025-11-02 17:30:34,44.3,,공통
b200_mixed_ps_sub_r1,SPT,147,BLK_147P,8,베이36B 론지취부,6,2025-11-02 17:43:35,2025-11-02 19:00:05,76.5,36B,베이36B
b200_mixed_ps_sub_r1,SPT,147,BLK_147P,8,베이36B 론지용접,7,2025-11-02 19:00:05,2025-11-02 19:24:29,24.4,36B,베이36B
b200_mixed_ps_sub_r1,SPT,147,BLK_147P,8,베이36B 수정,8,2025-11-02 19:24:29,2025-11-02 20:11:17,46.8,36B,베이36B
b200_mixed_ps_sub_r1,SPT,183,BLK_147S,9,판계,1,2025-11-02 12:05:00,2025-11-02 12:35:00,30.0,,공통
b200_mixed_ps_sub_r1,SPT,183,BLK_147S,9,전면SAW,2,2025-11-02 14:39:47,2025-11-02 15:25:02,45.2,,공통
b200_mixed_ps_sub_r1,SPT,183,BLK_147S,9,TurnOver,3,2025-11-02 15:25:02,2025-11-02 15:37:02,12.0,,공통
b200_mixed_ps_sub_r1,SPT,183,BLK_147S,9,후면SAW,4,2025-11-02 15:37:02,2025-11-02 16:15:27,38.4,,공통
b200_mixed_ps_sub_r1,SPT,183,BLK_147S,9,NC,5,2025-11-02 17:30:34,2025-11-02 18:14:54,44.3,,공통
b200_mixed_ps_sub_r1,SPT,183,BLK_147S,9,베이35A 론지취부,6,2025-11-02 18:14:54,2025-11-02 19:31:24,76.5,35A,베이35A
b200_mixed_ps_sub_r1,SPT,183,BLK_147S,9,베이35A 론지용접,7,2025-11-02 19:31:24,2025-11-02 19:55:48,24.4,35A,베이35A
b200_mixed_ps_sub_r1,SPT,183,BLK_147S,9,베이35A 수정,8,2025-11-02 19:55:48,2025-11-02 20:42:36,46.8,35A,베이35A
b200_mixed_ps_sub_r1,SPT,40,BLK_40P,10,판계,1,2025-11-02 12:35:00,2025-11-02 13:05:00,30.0,,공통
b200_mixed_ps_sub_r1,SPT,40,BLK_40P,10,전면SAW,2,2025-11-02 15:25:02,2025-11-02 15:59:47,34.8,,공통
b200_mixed_ps_sub_r1,SPT,40,BLK_40P,10,TurnOver,3,2025-11-02 15:59:47,2025-11-02 16:11:47,12.0,,공통
b200_mixed_ps_sub_r1,SPT,40,BLK_40P,10,후면SAW,4,2025-11-02 16:15:27,2025-11-02 16:40:04,24.6,,공통
b200_mixed_ps_sub_r1,SPT,40,BLK_40P,10,NC,5,2025-11-02 18:14:54,2025-11-02 18:58:54,44.0,,공통
b200_mixed_ps_sub_r1,SPT,40,BLK_40P,10,베이36B 론지취부,6,2025-11-02 19:00:05,2025-11-02 20:34:05,94.0,36B,베이36B
b200_mixed_ps_sub_r1,SPT,40,BLK_40P,10,베이36B 론지용접,7,2025-11-02 20:34:05,2025-11-02 21:01:29,27.4,36B,베이36B
b200_mixed_ps_sub_r1,SPT,40,BLK_40P,10,베이36B 수정,8,2025-11-02 21:01:29,2025-11-02 21:59:17,57.8,36B,베이36B
b200_mixed_ps_sub_r1,SPT,36,BLK_36P,11,판계,1,2025-11-02 13:05:00,2025-11-02 13:25:00,20.0,,공통
b200_mixed_ps_sub_r1,SPT,36,BLK_36P,11,전면SAW,2,2025-11-02 15:59:47,2025-11-02 18:29:52,150.1,,공통
b200_mixed_ps_sub_r1,SPT,36,BLK_36P,11,TurnOver,3,2025-11-02 18:29:52,2025-11-02 18:41:52,12.0,,공통
b200_mixed_ps_sub_r1,SPT,36,BLK_36P,11,후면SAW,4,2025-11-02 18:41:52,2025-11-02 20:46:29,124.6,,공통
b200_mixed_ps_sub_r1,SPT,36,BLK_36P,11,NC,5,2025-11-02 20:46:29,2025-11-02 21:12:34,26.1,,공통
b200_mixed_ps_sub_r1,SPT,36,BLK_36P,11,베이35A 론지취부,6,2025-11-02 21:12:34,2025-11-02 21:43:34,31.0,35A,베이35A
b200_mixed_ps_sub_r1,SPT,36,BLK_36P,11,베이35A 론지용접,7,2025-11-02 21:43:34,2025-11-02 21:56:10,12.6,35A,베이35A
b200_mixed_ps_sub_r1,SPT,36,BLK_36P,11,베이35A 수정,8,2025-11-02 21:56:10,2025-11-02 22:14:22,18.2,35A,베이35A
b200_mixed_ps_sub_r1,SPT,34,BLK_34C,1,판계,1,2025-11-03 08:00:00,2025-11-03 08:25:00,25.0,,공통
b200_mixed_ps_sub_r1,SPT,34,BLK_34C,1,전면SAW,2,2025-11-03 08:25:00,2025-11-03 09:11:37,46.6,,공통
b200_mixed_ps_sub_r1,SPT,34,BLK_34C,1,TurnOver,3,2025-11-03 09:11:37,2025-11-03 09:23:37,12.0,,공통
b200_mixed_ps_sub_r1,SPT,34,BLK_34C,1,후면SAW,4,2025-11-03 09:23:37,2025-11-03 10:03:52,40.2,,공통
b200_mixed_ps_sub_r1,SPT,34,BLK_34C,1,NC,5,2025-11-03 10:03:52,2025-11-03 10:39:42,35.8,,공통
b200_mixed_ps_sub_r1,SPT,34,BLK_34C,1,베이36B 론지취부,6,2025-11-03 10:39:42,2025-11-03 11:59:42,80.0,36B,베이36B
b200_mixed_ps_sub_r1,SPT,34,BLK_34C,1,베이36B 론지용접,7,2025-11-03 11:59:42,2025-11-03 12:24:42,25.0,36B,베이36B
b200_mixed_ps_sub_r1,SPT,34,BLK_34C,1,베이36B 수정,8,2025-11-03 12:24:42,2025-11-03 13:13:42,49.0,36B,베이36B
b200_mixed_ps_sub_r1,SPT,176,BLK_176P,2,판계,1,2025-11-03 08:25:00,2025-11-03 08:55:00,30.0,,공통
b200_mixed_ps_sub_r1,SPT,176,BLK_176P,2,전면SAW,2,2025-11-03 09:11:37,2025-11-03 10:00:08,48.5,,공통
b200_mixed_ps_sub_r1,SPT,176,BLK_176P,2,TurnOver,3,2025-11-03 10:00:08,2025-11-03 10:12:08,12.0,,공통
b200_mixed_ps_sub_r1,SPT,176,BLK_176P,2,후면SAW,4,2025-11-03 10:12:08,2025-11-03 10:54:51,42.7,,공통
b200_mixed_ps_sub_r1,SPT,176,BLK_176P,2,NC,5,2025-11-03 10:54:51,2025-11-03 11:39:43,44.9,,공통
b200_mixed_ps_sub_r1,SPT,176,BLK_176P,2,베이35A 론지취부,6,2025-11-03 11:39:43,2025-11-03 12:56:13,76.5,35A,베이35A
b200_mixed_ps_sub_r1,SPT,176,BLK_176P,2,베이35A 론지용접,7,2025-11-03 12:56:13,2025-11-03 13:20:37,24.4,35A,베이35A
b200_mixed_ps_sub_r1,SPT,176,BLK_176P,2,베이35A 수정,8,2025-11-03 13:20:37,2025-11-03 14:07:25,46.8,35A,베이35A
b200_mixed_ps_sub_r1,SPT,136,BLK_136P,3,판계,1,2025-11-03 08:55:00,2025-11-03 09:25:00,30.0,,공통
b200_mixed_ps_sub_r1,SPT,136,BLK_136P,3,전면SAW,2,2025-11-03 10:00:08,2025-11-03 10:38:17,38.1,,공통
b200_mixed_ps_sub_r1,SPT,136,BLK_136P,3,TurnOver,3,2025-11-03 10:38:17,2025-11-03 10:50:17,12.0,,공통
b200_mixed_ps_sub_r1,SPT,136,BLK_136P,3,후면SAW,4,2025-11-03 10:54:51,2025-11-03 11:23:55,29.1,,공통
b200_mixed_ps_sub_r1,SPT,136,BLK_136P,3,NC,5,2025-11-03 11:39:43,2025-11-03 12:26:33,46.8,,공통
b200_mixed_ps_sub_r1,SPT,136,BLK_136P,3,베이36B 론지취부,6,2025-11-03 12:26:33,2025-11-03 13:57:03,90.5,36B,베이36B
b200_mixed_ps_sub_r1,SPT,136,BLK_136P,3,베이36B 론지용접,7,2025-11-03 13:57:03,2025-11-03 14:23:51,26.8,36B,베이36B
b200_mixed_ps_sub_r1,SPT,136,BLK_136P,3,베이36B 수정,8,2025-11-03 14:23:51,2025-11-03 15:19:27,55.6,36B,베이36B
b200_mixed_ps_sub_r1,SPT,89,BLK_89C,4,판계,1,2025-11-03 09:25:00,2025-11-03 09:50:00,25.0,,공통
b200_mixed_ps_sub_r1,SPT,89,BLK_89C,4,전면SAW,2,2025-11-03 10:38:17,2025-11-03 11:29:10,50.9,,공통
b200_mixed_ps_sub_r1,SPT,89,BLK_89C,4,TurnOver,3,2025-11-03 11:29:10,2025-11-03 11:41:10,12.0,,공통
b200_mixed_ps_sub_r1,SPT,89,BLK_89C,4,후면SAW,4,2025-11-03 11:41:10,2025-11-03 12:27:01,45.8,,공통
b200_mixed_ps_sub_r1,SPT,89,BLK_89C,4,NC,5,2025-11-03 12:27:01,2025-11-03 13:04:49,37.8,,공통
b200_mixed_ps_sub_r1,SPT,89,BLK_89C,4,베이35A 론지취부,6,2025-11-03 13:04:49,2025-11-03 14:28:19,83.5,35A,베이35A
b200_mixed_ps_sub_r1,SPT,89,BLK_89C,4,베이35A 론지용접,7,2025-11-03 14:28:19,2025-11-03 14:53:55,25.6,35A,베이35A
b200_mixed_ps_sub_r1,SPT,89,BLK_89C,4,베이35A 수정,8,2025-11-03 14:53:55,2025-11-03 15:45:07,51.2,35A,베이35A
b200_mixed_ps_sub_r1,SPT,16,BLK_16P,5,판계,1,2025-11-03 09:50:00,2025-11-03 10:15:00,25.0,,공통
b200_mixed_ps_sub_r1,SPT,16,BLK_16P,5,전면SAW,2,2025-11-03 11:29:10,2025-11-03 12:20:37,51.4,,공통
b200_mixed_ps_sub_r1,SPT,16,BLK_16P,5,TurnOver,3,2025-11-03 12:20:37,2025-11-03 12:32:37,12.0,,공통
b200_mixed_ps_sub_r1,SPT,16,BLK_16P,5,후면SAW,4,2025-11-03 12:32:37,2025-11-03 13:19:11,46.6,,공통
b200_mixed_ps_sub_r1,SPT,16,BLK_16P,5,NC,5,2025-11-03 13:19:11,2025-11-03 13:55:47,36.6,,공통
b200_mixed_ps_sub_r1,SPT,16,BLK_16P,5,베이36B 론지취부,6,2025-11-03 13:57:03,2025-11-03 15:20:33,83.5,36B,베이36B
b200_mixed_ps_sub_r1,SPT,16,BLK_16P,5,베이36B 론지용접,7,2025-11-03 15:20:33,2025-11-03 15:46:09,25.6,36B,베이36B
b200_mixed_ps_sub_r1,SPT,16,BLK_16P,5,베이36B 수정,8,2025-11-03 15:46:09,2025-11-03 16:37:21,51.2,36B,베이36B
b200_mixed_ps_sub_r1,SPT,111,BLK_111P,6,판계,1,2025-11-03 10:15:00,2025-11-03 10:45:00,30.0,,공통
b200_mixed_ps_sub_r1,SPT,111,BLK_111P,6,전면SAW,2,2025-11-03 12:20:37,2025-11-03 12:53:40,33.0,,공통
b200_mixed_ps_sub_r1,SPT,111,BLK_111P,6,TurnOver,3,2025-11-03 12:53:40,2025-11-03 13:05:40,12.0,,공통
b200_mixed_ps_sub_r1,SPT,111,BLK_111P,6,후면SAW,4,2025-11-03 13:19:11,2025-11-03 13:41:33,22.4,,공통
b200_mixed_ps_sub_r1,SPT,111,BLK_111P,6,NC,5,2025-11-03 13:55:47,2025-11-03 14:45:17,49.5,,공통
b200_mixed_ps_sub_r1,SPT,111,BLK_111P,6,베이35A 론지취부,6,2025-11-03 14:45:17,2025-11-03 16:26:17,101.0,35A,베이35A
b200_mixed_ps_sub_r1,SPT,111,BLK_111P,6,베이35A 론지용접,7,2025-11-03 16:26:17,2025-11-03 16:54:53,28.6,35A,베이35A
b200_mixed_ps_sub_r1,SPT,111,BLK_111P,6,베이35A 수정,8,2025-11-03 16:54:53,2025-11-03 17:57:05,62.2,35A,베이35A
b200_mixed_ps_sub_r1,SPT,98,BLK_98S,7,판계,1,2025-11-03 10:45:00,2025-11-03 11:15:00,30.0,,공통
b200_mixed_ps_sub_r1,SPT,98,BLK_98S,7,전면SAW,2,2025-11-03 12:53:40,2025-11-03 13:29:06,35.4,,공통
b200_mixed_ps_sub_r1,SPT,98,BLK_98S,7,TurnOver,3,2025-11-03 13:29:06,2025-11-03 13:41:06,12.0,,공통
b200_mixed_ps_sub_r1,SPT,98,BLK_98S,7,후면SAW,4,2025-11-03 13:41:33,2025-11-03 14:07:03,25.5,,공통
b200_mixed_ps_sub_r1,SPT,98,BLK_98S,7,NC,5,2025-11-03 14:45:17,2025-11-03 15:29:57,44.7,,공통
b200_mixed_ps_sub_r1,SPT,98,BLK_98S,7,베이36B 론지취부,6,2025-11-03 15:29:57,2025-11-03 17:10:57,101.0,36B,베이36B
b200_mixed_ps_sub_r1,SPT,98,BLK_98S,7,베이36B 론지용접,7,2025-11-03 17:10:57,2025-11-03 17:39:33,28.6,36B,베이36B
b200_mixed_ps_sub_r1,SPT,98,BLK_98S,7,베이36B 수정,8,2025-11-03 17:39:33,2025-11-03 18:41:45,62.2,36B,베이36B
b200_mixed_ps_sub_r1,SPT,102,BLK_102S,8,판계,1,2025-11-03 11:15:00,2025-11-03 11:40:00,25.0,,공통
b200_mixed_ps_sub_r1,SPT,102,BLK_102S,8,전면SAW,2,2025-11-03 13:29:06,2025-11-03 14:17:41,48.6,,공통
b200_mixed_ps_sub_r1,SPT,102,BLK_102S,8,TurnOver,3,2025-11-03 14:17:41,2025-11-03 14:29:41,12.0,,공통
b200_mixed_ps_sub_r1,SPT,102,BLK_102S,8,후면SAW,4,2025-11-03 14:29:41,2025-11-03 15:12:30,42.8,,공통
b200_mixed_ps_sub_r1,SPT,102,BLK_102S,8,NC,5,2025-11-03 15:29:57,2025-11-03 16:08:09,38.2,,공통
b200_mixed_ps_sub_r1,SPT,102,BLK_102S,8,베이35A 론지취부,6,2025-11-03 16:26:17,2025-11-03 17:56:47,90.5,35A,베이35A
b200_mixed_ps_sub_r1,SPT,102,BLK_102S,8,베이35A 론지용접,7,2025-11-03 17:56:47,2025-11-03 18:23:35,26.8,35A,베이35A
b200_mixed_ps_sub_r1,SPT,102,BLK_102S,8,베이35A 수정,8,2025-11-03 18:23:35,2025-11-03 19:19:11,55.6,35A,베이35A
b200_mixed_ps_sub_r1,SPT,38,BLK_38S,9,판계,1,2025-11-03 11:40:00,2025-11-03 12:10:00,30.0,,공통
b200_mixed_ps_sub_r1,SPT,38,BLK_38S,9,전면SAW,2,2025-11-03 14:17:41,2025-11-03 15:05:09,47.5,,공통
b200_mixed_ps_sub_r1,SPT,38,BLK_38S,9,TurnOver,3,2025-11-03 15:05:09,2025-11-03 15:17:09,12.0,,공통
b200_mixed_ps_sub_r1,SPT,38,BLK_38S,9,후면SAW,4,2025-11-03 15:17:09,2025-11-03 15:58:30,41.4,,공통
b200_mixed_ps_sub_r1,SPT,38,BLK_38S,9,NC,5,2025-11-03 16:08:09,2025-11-03 16:51:57,43.8,,공통
b200_mixed_ps_sub_r1,SPT,38,BLK_38S,9,베이36B 론지취부,6,2025-11-03 17:10:57,2025-11-03 18:37:57,87.0,36B,베이36B
b200_mixed_ps_sub_r1,SPT,38,BLK_38S,9,베이36B 론지용접,7,2025-11-03 18:37:57,2025-11-03 19:04:09,26.2,36B,베이36B
b200_mixed_ps_sub_r1,SPT,38,BLK_38S,9,베이36B 수정,8,2025-11-03 19:04:09,2025-11-03 19:57:33,53.4,36B,베이36B
b200_mixed_ps_sub_r1,SPT,162,BLK_162C,10,판계,1,2025-11-03 12:10:00,2025-11-03 12:55:00,45.0,,공통
b200_mixed_ps_sub_r1,SPT,162,BLK_162C,10,전면SAW,2,2025-11-03 15:05:09,2025-11-03 15:42:46,37.6,,공통
b200_mixed_ps_sub_r1,SPT,162,BLK_162C,10,TurnOver,3,2025-11-03 15:42:46,2025-11-03 15:54:46,12.0,,공통
b200_mixed_ps_sub_r1,SPT,162,BLK_162C,10,후면SAW,4,2025-11-03 15:58:30,2025-11-03 16:26:53,28.4,,공통
b200_mixed_ps_sub_r1,SPT,162,BLK_162C,10,NC,5,2025-11-03 16:51:57,2025-11-03 17:44:45,52.8,,공통
b200_mixed_ps_sub_r1,SPT,162,BLK_162C,10,베이35A 론지취부,6,2025-11-03 17:56:47,2025-11-03 19:30:47,94.0,35A,베이35A
b200_mixed_ps_sub_r1,SPT,162,BLK_162C,10,베이35A 론지용접,7,2025-11-03 19:30:47,2025-11-03 19:58:11,27.4,35A,베이35A
b200_mixed_ps_sub_r1,SPT,162,BLK_162C,10,베이35A 수정,8,2025-11-03 19:58:11,2025-11-03 20:55:59,57.8,35A,베이35A
b200_mixed_ps_sub_r1,SPT,22,BLK_22S,11,판계,1,2025-11-03 12:55:00,2025-11-03 13:25:00,30.0,,공통
b200_mixed_ps_sub_r1,SPT,22,BLK_22S,11,전면SAW,2,2025-11-03 15:42:46,2025-11-03 16:16:39,33.9,,공통
b200_mixed_ps_sub_r1,SPT,22,BLK_22S,11,TurnOver,3,2025-11-03 16:16:39,2025-11-03 16:28:39,12.0,,공통
b200_mixed_ps_sub_r1,SPT,22,BLK_22S,11,후면SAW,4,2025-11-03 16:28:39,2025-11-03 16:52:06,23.4,,공통
b200_mixed_ps_sub_r1,SPT,22,BLK_22S,11,NC,5,2025-11-03 17:44:45,2025-11-03 18:30:13,45.5,,공통
b200_mixed_ps_sub_r1,SPT,22,BLK_22S,11,베이36B 론지취부,6,2025-11-03 18:37:57,2025-11-03 20:32:57,115.0,36B,베이36B
b200_mixed_ps_sub_r1,SPT,22,BLK_22S,11,베이36B 론지용접,7,2025-11-03 20:32:57,2025-11-03 21:03:57,31.0,36B,베이36B
b200_mixed_ps_sub_r1,SPT,22,BLK_22S,11,베이36B 수정,8,2025-11-03 21:03:57,2025-11-03 22:14:57,71.0,36B,베이36B
b200_mixed_ps_sub_r1,SPT,180,BLK_180C,12,판계,1,2025-11-03 13:25:00,2025-11-03 13:53:00,28.0,,공통
b200_mixed_ps_sub_r1,SPT,180,BLK_180C,12,전면SAW,2,2025-11-03 16:16:39,2025-11-03 18:03:40,107.0,,공통
b200_mixed_ps_sub_r1,SPT,180,BLK_180C,12,TurnOver,3,2025-11-03 18:03:40,2025-11-03 18:15:40,12.0,,공통
b200_mixed_ps_sub_r1,SPT,180,BLK_180C,12,후면SAW,4,2025-11-03 18:15:40,2025-11-03 20:02:27,106.8,,공통
b200_mixed_ps_sub_r1,SPT,180,BLK_180C,12,NC,5,2025-11-03 20:02:27,2025-11-03 20:34:33,32.1,,공통
b200_mixed_ps_sub_r1,SPT,180,BLK_180C,12,베이35A 론지취부,6,2025-11-03 20:34:33,2025-11-03 21:16:03,41.5,35A,베이35A
b200_mixed_ps_sub_r1,SPT,180,BLK_180C,12,베이35A 론지용접,7,2025-11-03 21:16:03,2025-11-03 21:30:27,14.4,35A,베이35A
b200_mixed_ps_sub_r1,SPT,180,BLK_180C,12,베이35A 수정,8,2025-11-03 21:30:27,2025-11-03 21:55:15,24.8,35A,베이35A
b200_mixed_ps_sub_r1,SPT,150,BLK_150P,13,판계,1,2025-11-03 13:53:00,2025-11-03 14:38:00,45.0,,공통
b200_mixed_ps_sub_r1,SPT,150,BLK_150P,13,전면SAW,2,2025-11-03 18:03:40,2025-11-03 18:44:40,41.0,,공통
b200_mixed_ps_sub_r1,SPT,150,BLK_150P,13,TurnOver,3,2025-11-03 18:44:40,2025-11-03 18:56:40,12.0,,공통
b200_mixed_ps_sub_r1,SPT,150,BLK_150P,13,후면SAW,4,2025-11-03 20:02:27,2025-11-03 20:35:18,32.9,,공통
b200_mixed_ps_sub_r1,SPT,150,BLK_150P,13,NC,5,2025-11-03 20:35:18,2025-11-03 21:35:39,60.3,,공통
b200_mixed_ps_sub_r1,SPT,150,BLK_150P,13,베이36B 론지취부,6,2025-11-03 21:35:39,2025-11-03 23:06:09,90.5,36B,베이36B
b200_mixed_ps_sub_r1,SPT,150,BLK_150P,13,베이36B 론지용접,7,2025-11-03 23:06:09,2025-11-03 23:32:57,26.8,36B,베이36B
b200_mixed_ps_sub_r1,SPT,150,BLK_150P,13,베이36B 수정,8,2025-11-03 23:32:57,2025-11-04 00:28:33,55.6,36B,베이36B
b200_mixed_ps_sub_r1,SPT,140,BLK_140S,14,판계,1,2025-11-03 14:38:00,2025-11-03 15:11:00,33.0,,공통
b200_mixed_ps_sub_r1,SPT,140,BLK_140S,14,전면SAW,2,2025-11-03 18:44:40,2025-11-03 20:25:29,100.8,,공통
b200_mixed_ps_sub_r1,SPT,140,BLK_140S,14,TurnOver,3,2025-11-03 20:25:29,2025-11-03 20:37:29,12.0,,공통
b200_mixed_ps_sub_r1,SPT,140,BLK_140S,14,후면SAW,4,2025-11-03 20:37:29,2025-11-03 21:57:09,79.7,,공통
b200_mixed_ps_sub_r1,SPT,140,BLK_140S,14,NC,5,2025-11-03 21:57:09,2025-11-03 22:37:08,40.0,,공통
b200_mixed_ps_sub_r1,SPT,140,BLK_140S,14,베이35A 론지취부,6,2025-11-03 22:37:08,2025-11-03 23:29:08,52.0,35A,베이35A
b200_mixed_ps_sub_r1,SPT,140,BLK_140S,14,베이35A 론지용접,7,2025-11-03 23:29:08,2025-11-03 23:49:20,20.2,35A,베이35A
b200_mixed_ps_sub_r1,SPT,140,BLK_140S,14,베이35A 수정,8,2025-11-03 23:49:20,2025-11-04 00:20:44,31.4,35A,베이35A
b200_mixed_ps_sub_r1,SPT,101,BLK_101C,15,판계,1,2025-11-03 15:11:00,2025-11-03 15:38:00,27.0,,공통
b200_mixed_ps_sub_r1,SPT,101,BLK_101C,15,전면SAW,2,2025-11-03 20:25:29,2025-11-03 22:38:48,133.3,,공통
b200_mixed_ps_sub_r1,SPT,101,BLK_101C,15,TurnOver,3,2025-11-03 22:38:48,2025-11-03 22:50:48,12.0,,공통
b200_mixed_ps_sub_r1,SPT,101,BLK_101C,15,후면SAW,4,2025-11-03 22:50:48,2025-11-04 00:27:34,96.8,,공통
b200_mixed_ps_sub_r1,SPT,101,BLK_101C,15,NC,5,2025-11-04 00:27:34,2025-11-04 00:58:46,31.2,,공통
b200_mixed_ps_sub_r1,SPT,101,BLK_101C,15,베이36B 론지취부,6,2025-11-04 00:58:46,2025-11-04 01:36:46,38.0,36B,베이36B
b200_mixed_ps_sub_r1,SPT,101,BLK_101C,15,베이36B 론지용접,7,2025-11-04 01:36:46,2025-11-04 01:50:34,13.8,36B,베이36B
b200_mixed_ps_sub_r1,SPT,101,BLK_101C,15,베이36B 수정,8,2025-11-04 01:50:34,2025-11-04 02:13:10,22.6,36B,베이36B
b200_mixed_ps_sub_r1,SPT,70,BLK_70C,16,판계,1,2025-11-03 15:38:00,2025-11-03 16:23:00,45.0,,공통
b200_mixed_ps_sub_r1,SPT,70,BLK_70C,16,전면SAW,2,2025-11-03 22:38:48,2025-11-03 23:21:01,42.2,,공통
b200_mixed_ps_sub_r1,SPT,70,BLK_70C,16,TurnOver,3,2025-11-03 23:21:01,2025-11-03 23:33:01,12.0,,공통
b200_mixed_ps_sub_r1,SPT,70,BLK_70C,16,후면SAW,4,2025-11-04 00:27:34,2025-11-04 01:02:00,34.4,,공통
b200_mixed_ps_sub_r1,SPT,70,BLK_70C,16,NC,5,2025-11-04 01:02:00,2025-11-04 01:56:16,54.3,,공통
b200_mixed_ps_sub_r1,SPT,70,BLK_70C,16,베이35A 론지취부,6,2025-11-04 01:56:16,2025-11-04 03:40:46,104.5,35A,베이35A
b200_mixed_ps_sub_r1,SPT,70,BLK_70C,16,베이35A 론지용접,7,2025-11-04 03:40:46,2025-11-04 04:09:58,29.2,35A,베이35A
b200_mixed_ps_sub_r1,SPT,70,BLK_70C,16,베이35A 수정,8,2025-11-04 04:09:58,2025-11-04 05:14:22,64.4,35A,베이35A
b200_mixed_ps_sub_r1,SPT,110,BLK_110S,17,판계,1,2025-11-03 16:23:00,2025-11-03 17:01:00,38.0,,공통
b200_mixed_ps_sub_r1,SPT,110,BLK_110S,17,전면SAW,2,2025-11-03 23:21:01,2025-11-04 01:00:12,99.2,,공통
b200_mixed_ps_sub_r1,SPT,110,BLK_110S,17,TurnOver,3,2025-11-04 01:00:12,2025-11-04 01:12:12,12.0,,공통
b200_mixed_ps_sub_r1,SPT,110,BLK_110S,17,후면SAW,4,2025-11-04 01:12:12,2025-11-04 02:30:23,78.2,,공통
b200_mixed_ps_sub_r1,SPT,110,BLK_110S,17,NC,5,2025-11-04 02:30:23,2025-11-04 03:15:57,45.6,,공통
b200_mixed_ps_sub_r1,SPT,110,BLK_110S,17,베이36B 론지취부,6,2025-11-04 03:15:57,2025-11-04 04:07:57,52.0,36B,베이36B
b200_mixed_ps_sub_r1,SPT,110,BLK_110S,17,베이36B 론지용접,7,2025-11-04 04:07:57,2025-11-04 04:28:09,20.2,36B,베이36B
b200_mixed_ps_sub_r1,SPT,110,BLK_110S,17,베이36B 수정,8,2025-11-04 04:28:09,2025-11-04 04:59:33,31.4,36B,베이36B
b200_mixed_ps_sub_r1,SPT,141,BLK_141C,18,판계,1,2025-11-03 17:01:00,2025-11-03 17:21:00,20.0,,공통
b200_mixed_ps_sub_r1,SPT,141,BLK_141C,18,전면SAW,2,2025-11-04 01:00:12,2025-11-04 03:03:47,123.6,,공통
b200_mixed_ps_sub_r1,SPT,141,BLK_141C,18,TurnOver,3,2025-11-04 03:03:47,2025-11-04 03:15:47,12.0,,공통
b200_mixed_ps_sub_r1,SPT,141,BLK_141C,18,후면SAW,4,2025-11-04 03:15:47,2025-11-04 05:21:53,126.1,,공통
b200_mixed_ps_sub_r1,SPT,141,BLK_141C,18,NC,5,2025-11-04 05:21:53,2025-11-04 05:47:52,26.0,,공통
b200_mixed_ps_sub_r1,SPT,141,BLK_141C,18,베이35A 론지취부,6,2025-11-04 05:47:52,2025-11-04 06:32:52,45.0,35A,베이35A
b200_mixed_ps_sub_r1,SPT,141,BLK_141C,18,베이35A 론지용접,7,2025-11-04 06:32:52,2025-11-04 06:47:52,15.0,35A,베이35A
b200_mixed_ps_sub_r1,SPT,141,BLK_141C,18,베이35A 수정,8,2025-11-04 06:47:52,2025-11-04 07:14:52,27.0,35A,베이35A
b200_mixed_ps_sub_r1,SPT,64,BLK_64P,1,판계,1,2025-11-04 08:00:00,2025-11-04 08:38:00,38.0,,공통
b200_mixed_ps_sub_r1,SPT,64,BLK_64P,1,전면SAW,2,2025-11-04 08:38:00,2025-11-04 10:04:57,87.0,,공통
b200_mixed_ps_sub_r1,SPT,64,BLK_64P,1,TurnOver,3,2025-11-04 10:04:57,2025-11-04 10:16:57,12.0,,공통
b200_mixed_ps_sub_r1,SPT,64,BLK_64P,1,후면SAW,4,2025-11-04 10:16:57,2025-11-04 11:23:58,67.0,,공통
b200_mixed_ps_sub_r1,SPT,64,BLK_64P,1,NC,5,2025-11-04 11:23:58,2025-11-04 12:13:25,49.4,,공통
b200_mixed_ps_sub_r1,SPT,64,BLK_64P,1,베이36B 론지취부,6,2025-11-04 12:13:25,2025-11-04 13:22:55,69.5,36B,베이36B
b200_mixed_ps_sub_r1,SPT,64,BLK_64P,1,베이36B 론지용접,7,2025-11-04 13:22:55,2025-11-04 13:46:07,23.2,36B,베이36B
b200_mixed_ps_sub_r1,SPT,64,BLK_64P,1,베이36B 수정,8,2025-11-04 13:46:07,2025-11-04 14:28:31,42.4,36B,베이36B
b200_mixed_ps_sub_r1,SPT,46,BLK_46S,2,판계,1,2025-11-04 08:38:00,2025-11-04 09:11:00,33.0,,공통
b200_mixed_ps_sub_r1,SPT,46,BLK_46S,2,전면SAW,2,2025-11-04 10:04:57,2025-11-04 11:53:40,108.7,,공통
b200_mixed_ps_sub_r1,SPT,46,BLK_46S,2,TurnOver,3,2025-11-04 11:53:40,2025-11-04 12:05:40,12.0,,공통
b200_mixed_ps_sub_r1,SPT,46,BLK_46S,2,후면SAW,4,2025-11-04 12:05:40,2025-11-04 13:32:34,86.9,,공통
b200_mixed_ps_sub_r1,SPT,46,BLK_46S,2,NC,5,2025-11-04 13:32:34,2025-11-04 14:11:42,39.1,,공통
b200_mixed_ps_sub_r1,SPT,46,BLK_46S,2,베이35A 론지취부,6,2025-11-04 14:11:42,2025-11-04 14:56:42,45.0,35A,베이35A
b200_mixed_ps_sub_r1,SPT,46,BLK_46S,2,베이35A 론지용접,7,2025-11-04 14:56:42,2025-11-04 15:15:42,19.0,35A,베이35A
b200_mixed_ps_sub_r1,SPT,46,BLK_46S,2,베이35A 수정,8,2025-11-04 15:15:42,2025-11-04 15:42:42,27.0,35A,베이35A
b200_mixed_ps_sub_r1,SPT,42,BLK_42P,3,판계,1,2025-11-04 09:11:00,2025-11-04 09:41:00,30.0,,공통
b200_mixed_ps_sub_r1,SPT,42,BLK_42P,3,전면SAW,2,2025-11-04 11:53:40,2025-11-04 13:11:32,77.9,,공통
b200_mixed_ps_sub_r1,SPT,42,BLK_42P,3,TurnOver,3,2025-11-04 13:11:32,2025-11-04 13:23:32,12.0,,공통
b200_mixed_ps_sub_r1,SPT,42,BLK_42P,3,후면SAW,4,2025-11-04 13:32:34,2025-11-04 14:31:19,58.8,,공통
b200_mixed_ps_sub_r1,SPT,42,BLK_42P,3,NC,5,2025-11-04 14:31:19,2025-11-04 15:23:36,52.3,,공통
b200_mixed_ps_sub_r1,SPT,42,BLK_42P,3,베이36B 론지취부,6,2025-11-04 15:23:36,2025-11-04 16:40:06,76.5,36B,베이36B
b200_mixed_ps_sub_r1,SPT,42,BLK_42P,3,베이36B 론지용접,7,2025-11-04 16:40:06,2025-11-04 17:04:30,24.4,36B,베이36B
b200_mixed_ps_sub_r1,SPT,42,BLK_42P,3,베이36B 수정,8,2025-11-04 17:04:30,2025-11-04 17:51:18,46.8,36B,베이36B
b200_mixed_ps_sub_r1,SPT,185,BLK_42S,4,판계,1,2025-11-04 09:41:00,2025-11-04 10:11:00,30.0,,공통
b200_mixed_ps_sub_r1,SPT,185,BLK_42S,4,전면SAW,2,2025-11-04 13:11:32,2025-11-04 14:29:24,77.9,,공통
b200_mixed_ps_sub_r1,SPT,185,BLK_42S,4,TurnOver,3,2025-11-04 14:29:24,2025-11-04 14:41:24,12.0,,공통
b200_mixed_ps_sub_r1,SPT,185,BLK_42S,4,후면SAW,4,2025-11-04 14:41:24,2025-11-04 15:40:09,58.8,,공통
b200_mixed_ps_sub_r1,SPT,185,BLK_42S,4,NC,5,2025-11-04 15:40:09,2025-11-04 16:32:25,52.3,,공통
b200_mixed_ps_sub_r1,SPT,185,BLK_42S,4,베이35A 론지취부,6,2025-11-04 16:32:25,2025-11-04 17:48:55,76.5,35A,베이35A
b200_mixed_ps_sub_r1,SPT,185,BLK_42S,4,베이35A 론지용접,7,2025-11-04 17:48:55,2025-11-04 18:13:19,24.4,35A,베이35A
b200_mixed_ps_sub_r1,SPT,185,BLK_42S,4,베이35A 수정,8,2025-11-04 18:13:19,2025-11-04 19:00:07,46.8,35A,베이35A
b200_mixed_ps_sub_r1,SPT,166,BLK_166S,5,판계,1,2025-11-04 10:11:00,2025-11-04 10:49:00,38.0,,공통
b200_mixed_ps_sub_r1,SPT,166,BLK_166S,5,전면SAW,2,2025-11-04 14:29:24,2025-11-04 16:13:58,104.6,,공통
b200_mixed_ps_sub_r1,SPT,166,BLK_166S,5,TurnOver,3,2025-11-04 16:13:58,2025-11-04 16:25:58,12.0,,공통
b200_mixed_ps_sub_r1,SPT,166,BLK_166S,5,후면SAW,4,2025-11-04 16:25:58,2025-11-04 18:09:55,104.0,,공통
b200_mixed_ps_sub_r1,SPT,166,BLK_166S,5,NC,5,2025-11-04 18:09:55,2025-11-04 18:55:37,45.7,,공통
b200_mixed_ps_sub_r1,SPT,166,BLK_166S,5,베이36B 론지취부,6,2025-11-04 18:55:37,2025-11-04 19:44:07,48.5,36B,베이36B
b200_mixed_ps_sub_r1,SPT,166,BLK_166S,5,베이36B 론지용접,7,2025-11-04 19:44:07,2025-11-04 20:03:43,19.6,36B,베이36B
b200_mixed_ps_sub_r1,SPT,166,BLK_166S,5,베이36B 수정,8,2025-11-04 20:03:43,2025-11-04 20:32:55,29.2,36B,베이36B
b200_mixed_ps_sub_r1,SPT,132,BLK_132C,6,판계,1,2025-11-04 10:49:00,2025-11-04 11:22:00,33.0,,공통
b200_mixed_ps_sub_r1,SPT,132,BLK_132C,6,전면SAW,2,2025-11-04 16:13:58,2025-11-04 18:04:59,111.0,,공통
b200_mixed_ps_sub_r1,SPT,132,BLK_132C,6,TurnOver,3,2025-11-04 18:04:59,2025-11-04 18:16:59,12.0,,공통
b200_mixed_ps_sub_r1,SPT,132,BLK_132C,6,후면SAW,4,2025-11-04 18:16:59,2025-11-04 19:45:57,89.0,,공통
b200_mixed_ps_sub_r1,SPT,132,BLK_132C,6,NC,5,2025-11-04 19:45:57,2025-11-04 20:26:10,40.2,,공통
b200_mixed_ps_sub_r1,SPT,132,BLK_132C,6,베이35A 론지취부,6,2025-11-04 20:26:10,2025-11-04 21:32:10,66.0,35A,베이35A
b200_mixed_ps_sub_r1,SPT,132,BLK_132C,6,베이35A 론지용접,7,2025-11-04 21:32:10,2025-11-04 21:54:46,22.6,35A,베이35A
b200_mixed_ps_sub_r1,SPT,132,BLK_132C,6,베이35A 수정,8,2025-11-04 21:54:46,2025-11-04 22:34:58,40.2,35A,베이35A
b200_mixed_ps_sub_r1,SPT,148,BLK_148C,7,판계,1,2025-11-04 11:22:00,2025-11-04 12:00:00,38.0,,공통
b200_mixed_ps_sub_r1,SPT,148,BLK_148C,7,전면SAW,2,2025-11-04 18:04:59,2025-11-04 19:59:49,114.8,,공통
b200_mixed_ps_sub_r1,SPT,148,BLK_148C,7,TurnOver,3,2025-11-04 19:59:49,2025-11-04 20:11:49,12.0,,공통
b200_mixed_ps_sub_r1,SPT,148,BLK_148C,7,후면SAW,4,2025-11-04 20:11:49,2025-11-04 21:44:16,92.5,,공통
b200_mixed_ps_sub_r1,SPT,148,BLK_148C,7,NC,5,2025-11-04 21:44:16,2025-11-04 22:30:55,46.6,,공통
b200_mixed_ps_sub_r1,SPT,148,BLK_148C,7,베이36B 론지취부,6,2025-11-04 22:30:55,2025-11-04 23:29:55,59.0,36B,베이36B
b200_mixed_ps_sub_r1,SPT,148,BLK_148C,7,베이36B 론지용접,7,2025-11-04 23:29:55,2025-11-04 23:51:19,21.4,36B,베이36B
b200_mixed_ps_sub_r1,SPT,148,BLK_148C,7,베이36B 수정,8,2025-11-04 23:51:19,2025-11-05 00:27:07,35.8,36B,베이36B
b200_mixed_ps_sub_r1,SPT,159,BLK_159P,8,판계,1,2025-11-04 12:00:00,2025-11-04 12:38:00,38.0,,공통
b200_mixed_ps_sub_r1,SPT,159,BLK_159P,8,전면SAW,2,2025-11-04 19:59:49,2025-11-04 21:43:01,103.2,,공통
b200_mixed_ps_sub_r1,SPT,159,BLK_159P,8,TurnOver,3,2025-11-04 21:43:01,2025-11-04 21:55:01,12.0,,공통
b200_mixed_ps_sub_r1,SPT,159,BLK_159P,8,후면SAW,4,2025-11-04 21:55:01,2025-11-04 23:37:21,102.3,,공통
b200_mixed_ps_sub_r1,SPT,159,BLK_159P,8,NC,5,2025-11-04 23:37:21,2025-11-05 00:23:56,46.6,,공통
b200_mixed_ps_sub_r1,SPT,159,BLK_159P,8,베이35A 론지취부,6,2025-11-05 00:23:56,2025-11-05 01:26:26,62.5,35A,베이35A
b200_mixed_ps_sub_r1,SPT,159,BLK_159P,8,베이35A 론지용접,7,2025-11-05 01:26:26,2025-11-05 01:48:26,22.0,35A,베이35A
b200_mixed_ps_sub_r1,SPT,159,BLK_159P,8,베이35A 수정,8,2025-11-05 01:48:26,2025-11-05 02:26:26,38.0,35A,베이35A
b200_mixed_ps_sub_r1,SPT,182,BLK_159S,9,판계,1,2025-11-04 12:38:00,2025-11-04 13:16:00,38.0,,공통
b200_mixed_ps_sub_r1,SPT,182,BLK_159S,9,전면SAW,2,2025-11-04 21:43:01,2025-11-04 23:26:13,103.2,,공통
b200_mixed_ps_sub_r1,SPT,182,BLK_159S,9,TurnOver,3,2025-11-04 23:26:13,2025-11-04 23:38:13,12.0,,공통
b200_mixed_ps_sub_r1,SPT,182,BLK_159S,9,후면SAW,4,2025-11-04 23:38:13,2025-11-05 01:20:33,102.3,,공통
b200_mixed_ps_sub_r1,SPT,182,BLK_159S,9,NC,5,2025-11-05 01:20:33,2025-11-05 02:07:08,46.6,,공통
b200_mixed_ps_sub_r1,SPT,182,BLK_159S,9,베이36B 론지취부,6,2025-11-05 02:07:08,2025-11-05 03:09:38,62.5,36B,베이36B
b200_mixed_ps_sub_r1,SPT,182,BLK_159S,9,베이36B 론지용접,7,2025-11-05 03:09:38,2025-11-05 03:31:38,22.0,36B,베이36B
b200_mixed_ps_sub_r1,SPT,182,BLK_159S,9,베이36B 수정,8,2025-11-05 03:31:38,2025-11-05 04:09:38,38.0,36B,베이36B
b200_mixed_ps_sub_r1,SPT,146,BLK_146P,10,판계,1,2025-11-04 13:16:00,2025-11-04 13:51:00,35.0,,공통
b200_mixed_ps_sub_r1,SPT,146,BLK_146P,10,전면SAW,2,2025-11-04 23:26:13,2025-11-05 01:48:33,142.3,,공통
b200_mixed_ps_sub_r1,SPT,146,BLK_146P,10,TurnOver,3,2025-11-05 01:48:33,2025-11-05 02:00:33,12.0,,공통
b200_mixed_ps_sub_r1,SPT,146,BLK_146P,10,후면SAW,4,2025-11-05 02:00:33,2025-11-05 03:44:31,104.0,,공통
b200_mixed_ps_sub_r1,SPT,146,BLK_146P,10,NC,5,2025-11-05 03:44:31,2025-11-05 04:23:55,39.4,,공통
b200_mixed_ps_sub_r1,SPT,146,BLK_146P,10,베이35A 론지취부,6,2025-11-05 04:23:55,2025-11-05 05:12:25,48.5,35A,베이35A
b200_mixed_ps_sub_r1,SPT,146,BLK_146P,10,베이35A 론지용접,7,2025-11-05 05:12:25,2025-11-05 05:32:01,19.6,35A,베이35A
b200_mixed_ps_sub_r1,SPT,146,BLK_146P,10,베이35A 수정,8,2025-11-05 05:32:01,2025-11-05 06:01:13,29.2,35A,베이35A
b200_mixed_ps_sub_r1,SPT,120,BLK_120S,11,판계,1,2025-11-04 13:51:00,2025-11-04 14:18:00,27.0,,공통
b200_mixed_ps_sub_r1,SPT,120,BLK_120S,11,전면SAW,2,2025-11-05 01:48:33,2025-11-05 04:28:12,159.7,,공통
b200_mixed_ps_sub_r1,SPT,120,BLK_120S,11,TurnOver,3,2025-11-05 04:28:12,2025-11-05 04:40:12,12.0,,공통
b200_mixed_ps_sub_r1,SPT,120,BLK_120S,11,후면SAW,4,2025-11-05 04:40:12,2025-11-05 06:35:25,115.2,,공통
b200_mixed_ps_sub_r1,SPT,120,BLK_120S,11,NC,5,2025-11-05 06:35:25,2025-11-05 07:10:58,35.6,,공통
b200_mixed_ps_sub_r1,SPT,120,BLK_120S,11,베이36B 론지취부,6,2025-11-05 07:10:58,2025-11-05 07:52:28,41.5,36B,베이36B
b200_mixed_ps_sub_r1,SPT,120,BLK_120S,11,베이36B 론지용접,7,2025-11-05 07:52:28,2025-11-05 08:06:52,14.4,36B,베이36B
b200_mixed_ps_sub_r1,SPT,120,BLK_120S,11,베이36B 수정,8,2025-11-05 08:06:52,2025-11-05 08:31:40,24.8,36B,베이36B
b200_mixed_ps_sub_r1,SPT,63,BLK_63C,12,판계,1,2025-11-04 14:18:00,2025-11-04 14:58:00,40.0,,공통
b200_mixed_ps_sub_r1,SPT,63,BLK_63C,12,전면SAW,2,2025-11-05 04:28:12,2025-11-05 06:59:28,151.3,,공통
b200_mixed_ps_sub_r1,SPT,63,BLK_63C,12,TurnOver,3,2025-11-05 06:59:28,2025-11-05 07:11:28,12.0,,공통
b200_mixed_ps_sub_r1,SPT,63,BLK_63C,12,후면SAW,4,2025-11-05 07:11:28,2025-11-05 09:00:07,108.7,,공통
b200_mixed_ps_sub_r1,SPT,63,BLK_63C,12,NC,5,2025-11-05 09:00:07,2025-11-05 09:48:31,48.4,,공통
b200_mixed_ps_sub_r1,SPT,63,BLK_63C,12,베이35A 론지취부,6,2025-11-05 09:48:31,2025-11-05 10:30:01,41.5,35A,베이35A
b200_mixed_ps_sub_r1,SPT,63,BLK_63C,12,베이35A 론지용접,7,2025-11-05 10:30:01,2025-11-05 10:48:25,18.4,35A,베이35A
b200_mixed_ps_sub_r1,SPT,63,BLK_63C,12,베이35A 수정,8,2025-11-05 10:48:25,2025-11-05 11:13:13,24.8,35A,베이35A
b200_mixed_ps_sub_r1,SPT,54,BLK_54S,13,판계,1,2025-11-04 14:58:00,2025-11-04 15:28:00,30.0,,공통
b200_mixed_ps_sub_r1,SPT,54,BLK_54S,13,전면SAW,2,2025-11-05 06:59:28,2025-11-05 08:51:57,112.5,,공통
b200_mixed_ps_sub_r1,SPT,54,BLK_54S,13,TurnOver,3,2025-11-05 08:51:57,2025-11-05 09:03:57,12.0,,공통
b200_mixed_ps_sub_r1,SPT,54,BLK_54S,13,후면SAW,4,2025-11-05 09:03:57,2025-11-05 10:24:03,80.1,,공통
b200_mixed_ps_sub_r1,SPT,54,BLK_54S,13,NC,5,2025-11-05 10:24:03,2025-11-05 11:19:48,55.8,,공통
b200_mixed_ps_sub_r1,SPT,54,BLK_54S,13,베이36B 론지취부,6,2025-11-05 11:19:48,2025-11-05 12:22:18,62.5,36B,베이36B
b200_mixed_ps_sub_r1,SPT,54,BLK_54S,13,베이36B 론지용접,7,2025-11-05 12:22:18,2025-11-05 12:44:18,22.0,36B,베이36B
b200_mixed_ps_sub_r1,SPT,54,BLK_54S,13,베이36B 수정,8,2025-11-05 12:44:18,2025-11-05 13:22:18,38.0,36B,베이36B
b200_mixed_ps_sub_r1,SPT,151,BLK_151P,14,판계,1,2025-11-04 15:28:00,2025-11-04 16:13:00,45.0,,공통
b200_mixed_ps_sub_r1,SPT,151,BLK_151P,14,전면SAW,2,2025-11-05 08:51:57,2025-11-05 10:55:43,123.8,,공통
b200_mixed_ps_sub_r1,SPT,151,BLK_151P,14,TurnOver,3,2025-11-05 10:55:43,2025-11-05 11:07:43,12.0,,공통
b200_mixed_ps_sub_r1,SPT,151,BLK_151P,14,후면SAW,4,2025-11-05 11:07:43,2025-11-05 12:36:50,89.1,,공통
b200_mixed_ps_sub_r1,SPT,151,BLK_151P,14,NC,5,2025-11-05 12:36:50,2025-11-05 13:28:31,51.7,,공통
b200_mixed_ps_sub_r1,SPT,151,BLK_151P,14,베이35A 론지취부,6,2025-11-05 13:28:31,2025-11-05 14:48:31,80.0,35A,베이35A
b200_mixed_ps_sub_r1,SPT,151,BLK_151P,14,베이35A 론지용접,7,2025-11-05 14:48:31,2025-11-05 15:13:31,25.0,35A,베이35A
b200_mixed_ps_sub_r1,SPT,151,BLK_151P,14,베이35A 수정,8,2025-11-05 15:13:31,2025-11-05 16:02:31,49.0,35A,베이35A
b200_mixed_ps_sub_r1,SPT,139,BLK_139P,1,판계,1,2025-11-05 08:00:00,2025-11-05 08:30:00,30.0,,공통
b200_mixed_ps_sub_r1,SPT,139,BLK_139P,1,전면SAW,2,2025-11-05 10:55:43,2025-11-05 13:15:12,139.5,,공통
b200_mixed_ps_sub_r1,SPT,139,BLK_139P,1,TurnOver,3,2025-11-05 13:15:12,2025-11-05 13:27:12,12.0,,공통
b200_mixed_ps_sub_r1,SPT,139,BLK_139P,1,후면SAW,4,2025-11-05 13:27:12,2025-11-05 15:08:55,101.7,,공통
b200_mixed_ps_sub_r1,SPT,139,BLK_139P,1,NC,5,2025-11-05 15:08:55,2025-11-05 16:04:37,55.7,,공통
b200_mixed_ps_sub_r1,SPT,139,BLK_139P,1,베이36B 론지취부,6,2025-11-05 16:04:37,2025-11-05 17:00:07,55.5,36B,베이36B
b200_mixed_ps_sub_r1,SPT,139,BLK_139P,1,베이36B 론지용접,7,2025-11-05 17:00:07,2025-11-05 17:20:55,20.8,36B,베이36B
b200_mixed_ps_sub_r1,SPT,139,BLK_139P,1,베이36B 수정,8,2025-11-05 17:20:55,2025-11-05 17:54:31,33.6,36B,베이36B
b200_mixed_ps_sub_r1,SPT,168,BLK_168S,2,판계,1,2025-11-05 08:30:00,2025-11-05 09:15:00,45.0,,공통
b200_mixed_ps_sub_r1,SPT,168,BLK_168S,2,전면SAW,2,2025-11-05 13:15:12,2025-11-05 15:00:19,105.1,,공통
b200_mixed_ps_sub_r1,SPT,168,BLK_168S,2,TurnOver,3,2025-11-05 15:00:19,2025-11-05 15:12:19,12.0,,공통
b200_mixed_ps_sub_r1,SPT,168,BLK_168S,2,후면SAW,4,2025-11-05 15:12:19,2025-11-05 16:56:54,104.6,,공통
b200_mixed_ps_sub_r1,SPT,168,BLK_168S,2,NC,5,2025-11-05 16:56:54,2025-11-05 17:56:03,59.1,,공통
b200_mixed_ps_sub_r1,SPT,168,BLK_168S,2,베이35A 론지취부,6,2025-11-05 17:56:03,2025-11-05 19:05:33,69.5,35A,베이35A
b200_mixed_ps_sub_r1,SPT,168,BLK_168S,2,베이35A 론지용접,7,2025-11-05 19:05:33,2025-11-05 19:28:45,23.2,35A,베이35A
b200_mixed_ps_sub_r1,SPT,168,BLK_168S,2,베이35A 수정,8,2025-11-05 19:28:45,2025-11-05 20:11:09,42.4,35A,베이35A
b200_mixed_ps_sub_r1,SPT,170,BLK_170C,3,판계,1,2025-11-05 09:15:00,2025-11-05 09:43:00,28.0,,공통
b200_mixed_ps_sub_r1,SPT,170,BLK_170C,3,전면SAW,2,2025-11-05 15:00:19,2025-11-05 17:22:39,142.3,,공통
b200_mixed_ps_sub_r1,SPT,170,BLK_170C,3,TurnOver,3,2025-11-05 17:22:39,2025-11-05 17:34:39,12.0,,공통
b200_mixed_ps_sub_r1,SPT,170,BLK_170C,3,후면SAW,4,2025-11-05 17:34:39,2025-11-05 20:02:36,147.9,,공통
b200_mixed_ps_sub_r1,SPT,170,BLK_170C,3,NC,5,2025-11-05 20:02:36,2025-11-05 20:36:43,34.1,,공통
b200_mixed_ps_sub_r1,SPT,170,BLK_170C,3,베이36B 론지취부,6,2025-11-05 20:36:43,2025-11-05 21:46:13,69.5,36B,베이36B
b200_mixed_ps_sub_r1,SPT,170,BLK_170C,3,베이36B 론지용접,7,2025-11-05 21:46:13,2025-11-05 22:09:25,23.2,36B,베이36B
b200_mixed_ps_sub_r1,SPT,170,BLK_170C,3,베이36B 수정,8,2025-11-05 22:09:25,2025-11-05 22:51:49,42.4,36B,베이36B
b200_mixed_ps_sub_r1,SPT,152,BLK_152S,4,판계,1,2025-11-05 09:43:00,2025-11-05 10:13:00,30.0,,공통
b200_mixed_ps_sub_r1,SPT,152,BLK_152S,4,전면SAW,2,2025-11-05 17:22:39,2025-11-05 19:52:45,150.1,,공통
b200_mixed_ps_sub_r1,SPT,152,BLK_152S,4,TurnOver,3,2025-11-05 19:52:45,2025-11-05 20:04:45,12.0,,공통
b200_mixed_ps_sub_r1,SPT,152,BLK_152S,4,후면SAW,4,2025-11-05 20:04:45,2025-11-05 22:14:38,129.9,,공통
b200_mixed_ps_sub_r1,SPT,152,BLK_152S,4,NC,5,2025-11-05 22:14:38,2025-11-05 23:12:28,57.8,,공통
b200_mixed_ps_sub_r1,SPT,152,BLK_152S,4,베이35A 론지취부,6,2025-11-05 23:12:28,2025-11-06 00:21:58,69.5,35A,베이35A
b200_mixed_ps_sub_r1,SPT,152,BLK_152S,4,베이35A 론지용접,7,2025-11-06 00:21:58,2025-11-06 00:45:10,23.2,35A,베이35A
b200_mixed_ps_sub_r1,SPT,152,BLK_152S,4,베이35A 수정,8,2025-11-06 00:45:10,2025-11-06 01:27:34,42.4,35A,베이35A
b200_mixed_ps_sub_r1,SPT,128,BLK_128P,5,판계,1,2025-11-05 10:13:00,2025-11-05 10:53:00,40.0,,공통
b200_mixed_ps_sub_r1,SPT,128,BLK_128P,5,전면SAW,2,2025-11-05 19:52:45,2025-11-05 22:39:54,167.2,,공통
b200_mixed_ps_sub_r1,SPT,128,BLK_128P,5,TurnOver,3,2025-11-05 22:39:54,2025-11-05 22:51:54,12.0,,공통
b200_mixed_ps_sub_r1,SPT,128,BLK_128P,5,후면SAW,4,2025-11-05 22:51:54,2025-11-06 01:09:18,137.4,,공통
b200_mixed_ps_sub_r1,SPT,128,BLK_128P,5,NC,5,2025-11-06 01:09:18,2025-11-06 02:00:00,50.7,,공통
b200_mixed_ps_sub_r1,SPT,128,BLK_128P,5,베이36B 론지취부,6,2025-11-06 02:00:00,2025-11-06 02:55:30,55.5,36B,베이36B
b200_mixed_ps_sub_r1,SPT,128,BLK_128P,5,베이36B 론지용접,7,2025-11-06 02:55:30,2025-11-06 03:16:18,20.8,36B,베이36B
b200_mixed_ps_sub_r1,SPT,128,BLK_128P,5,베이36B 수정,8,2025-11-06 03:16:18,2025-11-06 03:49:54,33.6,36B,베이36B
b200_mixed_ps_sub_r1,SPT,158,BLK_158P,6,판계,1,2025-11-05 10:53:00,2025-11-05 11:33:00,40.0,,공통
b200_mixed_ps_sub_r1,SPT,158,BLK_158P,6,전면SAW,2,2025-11-05 22:39:54,2025-11-06 01:33:52,174.0,,공통
b200_mixed_ps_sub_r1,SPT,158,BLK_158P,6,TurnOver,3,2025-11-06 01:33:52,2025-11-06 01:45:52,12.0,,공통
b200_mixed_ps_sub_r1,SPT,158,BLK_158P,6,후면SAW,4,2025-11-06 01:45:52,2025-11-06 03:55:10,129.3,,공통
b200_mixed_ps_sub_r1,SPT,158,BLK_158P,6,NC,5,2025-11-06 03:55:10,2025-11-06 04:42:04,46.9,,공통
b200_mixed_ps_sub_r1,SPT,158,BLK_158P,6,베이35A 론지취부,6,2025-11-06 04:42:04,2025-11-06 05:48:04,66.0,35A,베이35A
b200_mixed_ps_sub_r1,SPT,158,BLK_158P,6,베이35A 론지용접,7,2025-11-06 05:48:04,2025-11-06 06:10:40,22.6,35A,베이35A
b200_mixed_ps_sub_r1,SPT,158,BLK_158P,6,베이35A 수정,8,2025-11-06 06:10:40,2025-11-06 06:50:52,40.2,35A,베이35A
b200_mixed_ps_sub_r1,SPT,138,BLK_138C,7,판계,1,2025-11-05 11:33:00,2025-11-05 12:03:00,30.0,,공통
b200_mixed_ps_sub_r1,SPT,138,BLK_138C,7,전면SAW,2,2025-11-06 01:33:52,2025-11-06 04:06:45,152.9,,공통
b200_mixed_ps_sub_r1,SPT,138,BLK_138C,7,TurnOver,3,2025-11-06 04:06:45,2025-11-06 04:18:45,12.0,,공통
b200_mixed_ps_sub_r1,SPT,138,BLK_138C,7,후면SAW,4,2025-11-06 04:18:45,2025-11-06 06:11:10,112.4,,공통
b200_mixed_ps_sub_r1,SPT,138,BLK_138C,7,NC,5,2025-11-06 06:11:10,2025-11-06 07:08:58,57.8,,공통
b200_mixed_ps_sub_r1,SPT,138,BLK_138C,7,베이36B 론지취부,6,2025-11-06 07:08:58,2025-11-06 08:46:28,97.5,36B,베이36B
b200_mixed_ps_sub_r1,SPT,138,BLK_138C,7,베이36B 론지용접,7,2025-11-06 08:46:28,2025-11-06 09:14:28,28.0,36B,베이36B
b200_mixed_ps_sub_r1,SPT,138,BLK_138C,7,베이36B 수정,8,2025-11-06 09:14:28,2025-11-06 10:14:28,60.0,36B,베이36B
b200_mixed_ps_sub_r1,SPT,60,BLK_60C,8,판계,1,2025-11-05 12:03:00,2025-11-05 12:48:00,45.0,,공통
b200_mixed_ps_sub_r1,SPT,60,BLK_60C,8,전면SAW,2,2025-11-06 04:06:45,2025-11-06 07:06:07,179.4,,공통
b200_mixed_ps_sub_r1,SPT,60,BLK_60C,8,TurnOver,3,2025-11-06 07:06:07,2025-11-06 07:18:07,12.0,,공통
b200_mixed_ps_sub_r1,SPT,60,BLK_60C,8,후면SAW,4,2025-11-06 07:18:07,2025-11-06 09:31:45,133.6,,공통
b200_mixed_ps_sub_r1,SPT,60,BLK_60C,8,NC,5,2025-11-06 09:31:45,2025-11-06 10:27:03,55.3,,공통
b200_mixed_ps_sub_r1,SPT,60,BLK_60C,8,베이36B 론지취부,6,2025-11-06 10:27:03,2025-11-06 11:50:33,83.5,36B,베이36B
b200_mixed_ps_sub_r1,SPT,60,BLK_60C,8,베이36B 론지용접,7,2025-11-06 11:50:33,2025-11-06 12:16:09,25.6,36B,베이36B
b200_mixed_ps_sub_r1,SPT,60,BLK_60C,8,베이36B 수정,8,2025-11-06 12:16:09,2025-11-06 13:07:21,51.2,36B,베이36B
b200_mixed_ps_sub_r1,SPT,92,BLK_92P,9,판계,1,2025-11-05 12:48:00,2025-11-05 13:18:00,30.0,,공통
b200_mixed_ps_sub_r1,SPT,92,BLK_92P,9,전면SAW,2,2025-11-06 07:06:07,2025-11-06 10:14:40,188.6,,공통
b200_mixed_ps_sub_r1,SPT,92,BLK_92P,9,TurnOver,3,2025-11-06 10:14:40,2025-11-06 10:26:40,12.0,,공통
b200_mixed_ps_sub_r1,SPT,92,BLK_92P,9,후면SAW,4,2025-11-06 10:26:40,2025-11-06 12:47:38,141.0,,공통
b200_mixed_ps_sub_r1,SPT,92,BLK_92P,9,NC,5,2025-11-06 12:47:38,2025-11-06 13:53:55,66.3,,공통
b200_mixed_ps_sub_r1,SPT,92,BLK_92P,9,베이36B 론지취부,6,2025-11-06 13:53:55,2025-11-06 15:48:55,115.0,36B,베이36B
b200_mixed_ps_sub_r1,SPT,92,BLK_92P,9,베이36B 론지용접,7,2025-11-06 15:48:55,2025-11-06 16:19:55,31.0,36B,베이36B
b200_mixed_ps_sub_r1,SPT,92,BLK_92P,9,베이36B 수정,8,2025-11-06 16:19:55,2025-11-06 17:30:55,71.0,36B,베이36B
b200_mixed_ps_sub_r1,SPT,199,BLK_17P,4,판계,1,2025-10-26 09:25:00,2025-10-26 09:58:00,33.0,,공통
b200_mixed_ps_sub_r1,SPT,199,BLK_17P,4,전면SAW,2,2025-10-26 10:12:20,2025-10-26 12:07:47,115.5,,공통
b200_mixed_ps_sub_r1,SPT,199,BLK_17P,4,TurnOver,3,2025-10-26 12:07:47,2025-10-26 12:19:47,12.0,,공통
b200_mixed_ps_sub_r1,SPT,199,BLK_17P,4,후면SAW,4,2025-10-26 12:19:47,2025-10-26 13:52:48,93.0,,공통
b200_mixed_ps_sub_r1,SPT,199,BLK_17P,4,NC,5,2025-10-26 13:52:48,2025-10-26 14:34:22,41.6,,공통
b200_mixed_ps_sub_r1,SPT,199,BLK_17P,4,베이36B 론지취부,6,2025-10-26 14:34:22,2025-10-26 15:50:52,76.5,36B,베이36B
b200_mixed_ps_sub_r1,SPT,199,BLK_17P,4,베이36B 론지용접,7,2025-10-26 15:50:52,2025-10-26 16:15:16,24.4,36B,베이36B
b200_mixed_ps_sub_r1,SPT,199,BLK_17P,4,베이36B 수정,8,2025-10-26 16:15:16,2025-10-26 17:02:04,46.8,36B,베이36B
b200_mixed_ps_sub_r1,SPT,195,BLK_153P,53,판계,1,2025-10-29 08:00:00,2025-10-29 08:45:00,45.0,,공통
b200_mixed_ps_sub_r1,SPT,195,BLK_153P,53,전면SAW,2,2025-10-29 08:45:00,2025-10-29 09:25:49,40.8,,공통
b200_mixed_ps_sub_r1,SPT,195,BLK_153P,53,TurnOver,3,2025-10-29 09:25:49,2025-10-29 09:37:49,12.0,,공통
b200_mixed_ps_sub_r1,SPT,195,BLK_153P,53,후면SAW,4,2025-10-29 09:37:49,2025-10-29 10:10:25,32.6,,공통
b200_mixed_ps_sub_r1,SPT,195,BLK_153P,53,NC,5,2025-10-29 10:10:25,2025-10-29 11:04:09,53.7,,공통
b200_mixed_ps_sub_r1,SPT,195,BLK_153P,53,베이36B 론지취부,6,2025-10-29 11:04:09,2025-10-29 11:56:09,52.0,36B,베이36B
b200_mixed_ps_sub_r1,SPT,195,BLK_153P,53,베이36B 론지용접,7,2025-10-29 11:56:09,2025-10-29 12:16:21,20.2,36B,베이36B
b200_mixed_ps_sub_r1,SPT,195,BLK_153P,53,베이36B 수정,8,2025-10-29 12:16:21,2025-10-29 12:47:45,31.4,36B,베이36B
b200_mixed_ps_sub_r1,SPT,198,BLK_32S,66,판계,1,2025-10-29 14:57:00,2025-10-29 15:27:00,30.0,,공통
b200_mixed_ps_sub_r1,SPT,198,BLK_32S,66,전면SAW,2,2025-10-30 01:12:46,2025-10-30 01:47:00,34.2,,공통
b200_mixed_ps_sub_r1,SPT,198,BLK_32S,66,TurnOver,3,2025-10-30 01:47:00,2025-10-30 01:59:00,12.0,,공통
b200_mixed_ps_sub_r1,SPT,198,BLK_32S,66,후면SAW,4,2025-10-30 03:07:44,2025-10-30 03:31:39,23.9,,공통
b200_mixed_ps_sub_r1,SPT,198,BLK_32S,66,NC,5,2025-10-30 04:08:45,2025-10-30 04:53:28,44.7,,공통
b200_mixed_ps_sub_r1,SPT,198,BLK_32S,66,베이35A 론지취부,6,2025-10-30 04:53:28,2025-10-30 06:37:58,104.5,35A,베이35A
b200_mixed_ps_sub_r1,SPT,198,BLK_32S,66,베이35A 론지용접,7,2025-10-30 06:37:58,2025-10-30 07:07:10,29.2,35A,베이35A
b200_mixed_ps_sub_r1,SPT,198,BLK_32S,66,베이35A 수정,8,2025-10-30 07:07:10,2025-10-30 08:11:34,64.4,35A,베이35A
b200_mixed_ps_sub_r1,SPT,200,BLK_20C,92,판계,1,2025-10-30 16:41:00,2025-10-30 16:53:00,12.0,,공통
b200_mixed_ps_sub_r1,SPT,200,BLK_20C,92,전면SAW,2,2025-10-31 03:42:45,2025-10-31 04:22:48,40.1,,공통
b200_mixed_ps_sub_r1,SPT,200,BLK_20C,92,TurnOver,3,2025-10-31 04:22:48,2025-10-31 04:34:48,12.0,,공통
b200_mixed_ps_sub_r1,SPT,200,BLK_20C,92,후면SAW,4,2025-10-31 05:04:56,2025-10-31 05:36:31,31.6,,공통
b200_mixed_ps_sub_r1,SPT,200,BLK_20C,92,NC,5,2025-10-31 05:47:15,2025-10-31 06:09:08,21.9,,공통
b200_mixed_ps_sub_r1,SPT,200,BLK_20C,92,베이35A 론지취부,6,2025-10-31 06:09:08,2025-10-31 06:43:38,34.5,35A,베이35A
b200_mixed_ps_sub_r1,SPT,200,BLK_20C,92,베이35A 론지용접,7,2025-10-31 06:43:38,2025-10-31 07:00:50,17.2,35A,베이35A
b200_mixed_ps_sub_r1,SPT,200,BLK_20C,92,베이35A 수정,8,2025-10-31 07:00:50,2025-10-31 07:21:14,20.4,35A,베이35A
b200_mixed_ps_sub_r1,SPT,197,BLK_67S,99,판계,1,2025-10-31 08:00:00,2025-10-31 08:25:00,25.0,,공통
b200_mixed_ps_sub_r1,SPT,197,BLK_67S,99,전면SAW,2,2025-10-31 08:25:00,2025-10-31 08:55:16,30.3,,공통
b200_mixed_ps_sub_r1,SPT,197,BLK_67S,99,TurnOver,3,2025-10-31 08:55:16,2025-10-31 09:07:16,12.0,,공통
b200_mixed_ps_sub_r1,SPT,197,BLK_67S,99,후면SAW,4,2025-10-31 09:16:33,2025-10-31 09:35:15,18.7,,공통
b200_mixed_ps_sub_r1,SPT,197,BLK_67S,99,NC,5,2025-10-31 09:39:56,2025-10-31 10:12:23,32.5,,공통
b200_mixed_ps_sub_r1,SPT,197,BLK_67S,99,베이36B 론지취부,6,2025-10-31 10:12:23,2025-10-31 10:50:23,38.0,36B,베이36B
b200_mixed_ps_sub_r1,SPT,197,BLK_67S,99,베이36B 론지용접,7,2025-10-31 10:50:23,2025-10-31 11:08:11,17.8,36B,베이36B
b200_mixed_ps_sub_r1,SPT,197,BLK_67S,99,베이36B 수정,8,2025-10-31 11:08:11,2025-10-31 11:30:47,22.6,36B,베이36B
b200_mixed_ps_sub_r1,SPT,196,BLK_167C,113,판계,1,2025-10-31 12:43:00,2025-10-31 13:13:00,30.0,,공통
b200_mixed_ps_sub_r1,SPT,196,BLK_167C,113,전면SAW,2,2025-10-31 16:51:41,2025-10-31 17:20:41,29.0,,공통
b200_mixed_ps_sub_r1,SPT,196,BLK_167C,113,TurnOver,3,2025-10-31 17:20:41,2025-10-31 17:32:41,12.0,,공통
b200_mixed_ps_sub_r1,SPT,196,BLK_167C,113,후면SAW,4,2025-10-31 17:32:41,2025-10-31 17:49:43,17.0,,공통
b200_mixed_ps_sub_r1,SPT,196,BLK_167C,113,NC,5,2025-10-31 18:06:18,2025-10-31 18:53:33,47.2,,공통
b200_mixed_ps_sub_r1,SPT,196,BLK_167C,113,베이36B 론지취부,6,2025-10-31 18:53:33,2025-10-31 19:49:03,55.5,36B,베이36B
b200_mixed_ps_sub_r1,SPT,196,BLK_167C,113,베이36B 론지용접,7,2025-10-31 19:49:03,2025-10-31 20:09:51,20.8,36B,베이36B
b200_mixed_ps_sub_r1,SPT,196,BLK_167C,113,베이36B 수정,8,2025-10-31 20:09:51,2025-10-31 20:43:27,33.6,36B,베이36B
b200_mixed_ps_sub_r1,SPT,193,BLK_66P,129,판계,1,2025-11-01 09:00:00,2025-11-01 09:25:00,25.0,,공통
b200_mixed_ps_sub_r1,SPT,193,BLK_66P,129,전면SAW,2,2025-11-01 09:39:27,2025-11-01 10:13:23,33.9,,공통
b200_mixed_ps_sub_r1,SPT,193,BLK_66P,129,TurnOver,3,2025-11-01 10:13:23,2025-11-01 10:25:23,12.0,,공통
b200_mixed_ps_sub_r1,SPT,193,BLK_66P,129,후면SAW,4,2025-11-01 10:25:23,2025-11-01 10:48:54,23.5,,공통
b200_mixed_ps_sub_r1,SPT,193,BLK_66P,129,NC,5,2025-11-01 11:18:00,2025-11-01 11:57:46,39.8,,공통
b200_mixed_ps_sub_r1,SPT,193,BLK_66P,129,베이36B 론지취부,6,2025-11-01 11:57:46,2025-11-01 13:07:16,69.5,36B,베이36B
b200_mixed_ps_sub_r1,SPT,193,BLK_66P,129,베이36B 론지용접,7,2025-11-01 13:07:16,2025-11-01 13:30:28,23.2,36B,베이36B
b200_mixed_ps_sub_r1,SPT,193,BLK_66P,129,베이36B 수정,8,2025-11-01 13:30:28,2025-11-01 14:12:52,42.4,36B,베이36B
b200_mixed_ps_sub_r1,SPT,192,BLK_119S,132,판계,1,2025-11-01 10:25:00,2025-11-01 10:55:00,30.0,,공통
b200_mixed_ps_sub_r1,SPT,192,BLK_119S,132,전면SAW,2,2025-11-01 11:16:34,2025-11-01 11:45:05,28.5,,공통
b200_mixed_ps_sub_r1,SPT,192,BLK_119S,132,TurnOver,3,2025-11-01 11:45:05,2025-11-01 11:57:05,12.0,,공통
b200_mixed_ps_sub_r1,SPT,192,BLK_119S,132,후면SAW,4,2025-11-01 11:57:05,2025-11-01 12:13:28,16.4,,공통
b200_mixed_ps_sub_r1,SPT,192,BLK_119S,132,NC,5,2025-11-01 13:26:36,2025-11-01 14:13:20,46.7,,공통
b200_mixed_ps_sub_r1,SPT,192,BLK_119S,132,베이35A 론지취부,6,2025-11-01 14:13:20,2025-11-01 15:29:50,76.5,35A,베이35A
b200_mixed_ps_sub_r1,SPT,192,BLK_119S,132,베이35A 론지용접,7,2025-11-01 15:29:50,2025-11-01 15:54:14,24.4,35A,베이35A
b200_mixed_ps_sub_r1,SPT,192,BLK_119S,132,베이35A 수정,8,2025-11-01 15:54:14,2025-11-01 16:41:02,46.8,35A,베이35A
b200_mixed_ps_sub_r1,SPT,191,BLK_16P,154,판계,1,2025-11-03 09:50:00,2025-11-03 10:15:00,25.0,,공통
b200_mixed_ps_sub_r1,SPT,191,BLK_16P,154,전면SAW,2,2025-11-03 11:29:10,2025-11-03 12:20:37,51.4,,공통
b200_mixed_ps_sub_r1,SPT,191,BLK_16P,154,TurnOver,3,2025-11-03 12:20:37,2025-11-03 12:32:37,12.0,,공통
b200_mixed_ps_sub_r1,SPT,191,BLK_16P,154,후면SAW,4,2025-11-03 12:32:37,2025-11-03 13:19:11,46.6,,공통
b200_mixed_ps_sub_r1,SPT,191,BLK_16P,154,NC,5,2025-11-03 13:19:11,2025-11-03 13:55:47,36.6,,공통
b200_mixed_ps_sub_r1,SPT,191,BLK_16P,154,베이36B 론지취부,6,2025-11-03 13:57:03,2025-11-03 15:20:33,83.5,36B,베이36B
b200_mixed_ps_sub_r1,SPT,191,BLK_16P,154,베이36B 론지용접,7,2025-11-03 15:20:33,2025-11-03 15:46:09,25.6,36B,베이36B
b200_mixed_ps_sub_r1,SPT,191,BLK_16P,154,베이36B 수정,8,2025-11-03 15:46:09,2025-11-03 16:37:21,51.2,36B,베이36B
b200_mixed_ps_sub_r1,SPT,194,BLK_158P,187,판계,1,2025-11-05 10:53:00,2025-11-05 11:33:00,40.0,,공통
b200_mixed_ps_sub_r1,SPT,194,BLK_158P,187,전면SAW,2,2025-11-05 22:39:54,2025-11-06 01:33:52,174.0,,공통
b200_mixed_ps_sub_r1,SPT,194,BLK_158P,187,TurnOver,3,2025-11-06 01:33:52,2025-11-06 01:45:52,12.0,,공통
b200_mixed_ps_sub_r1,SPT,194,BLK_158P,187,후면SAW,4,2025-11-06 01:45:52,2025-11-06 03:55:10,129.3,,공통
b200_mixed_ps_sub_r1,SPT,194,BLK_158P,187,NC,5,2025-11-06 03:55:10,2025-11-06 04:42:04,46.9,,공통
b200_mixed_ps_sub_r1,SPT,194,BLK_158P,187,베이35A 론지취부,6,2025-11-06 04:42:04,2025-11-06 05:48:04,66.0,35A,베이35A
b200_mixed_ps_sub_r1,SPT,194,BLK_158P,187,베이35A 론지용접,7,2025-11-06 05:48:04,2025-11-06 06:10:40,22.6,35A,베이35A
b200_mixed_ps_sub_r1,SPT,194,BLK_158P,187,베이35A 수정,8,2025-11-06 06:10:40,2025-11-06 06:50:52,40.2,35A,베이35A
