grid_case_id,method_label,block_id,block_name,sequence,process_name,process_index,start_time,end_time,duration_min,assigned_bay,machine_type
b190_mixed_ps_sub_r1,MSF,1,BLK_1C,1,판계,1,2025-10-12 08:00:00,2025-10-12 08:25:00,25.0,,공통
b190_mixed_ps_sub_r1,MSF,1,BLK_1C,1,전면SAW,2,2025-10-12 08:25:00,2025-10-12 09:17:19,52.3,,공통
b190_mixed_ps_sub_r1,MSF,1,BLK_1C,1,TurnOver,3,2025-10-12 09:17:19,2025-10-12 09:29:19,12.0,,공통
b190_mixed_ps_sub_r1,MSF,1,BLK_1C,1,후면SAW,4,2025-10-12 09:29:19,2025-10-12 10:17:04,47.7,,공통
b190_mixed_ps_sub_r1,MSF,1,BLK_1C,1,NC,5,2025-10-12 10:17:04,2025-10-12 10:54:39,37.6,,공통
b190_mixed_ps_sub_r1,MSF,1,BLK_1C,1,베이35A 론지취부,6,2025-10-12 10:54:39,2025-10-12 12:28:39,94.0,35A,베이35A
b190_mixed_ps_sub_r1,MSF,1,BLK_1C,1,베이35A 론지용접,7,2025-10-12 12:28:39,2025-10-12 12:56:03,27.4,35A,베이35A
b190_mixed_ps_sub_r1,MSF,1,BLK_1C,1,베이35A 수정,8,2025-10-12 12:56:03,2025-10-12 13:53:51,57.8,35A,베이35A
b190_mixed_ps_sub_r1,MSF,9,BLK_9S,2,판계,1,2025-10-12 08:25:00,2025-10-12 08:50:00,25.0,,공통
b190_mixed_ps_sub_r1,MSF,9,BLK_9S,2,전면SAW,2,2025-10-12 09:17:19,2025-10-12 09:44:40,27.4,,공통
b190_mixed_ps_sub_r1,MSF,9,BLK_9S,2,TurnOver,3,2025-10-12 09:44:40,2025-10-12 09:56:40,12.0,,공통
b190_mixed_ps_sub_r1,MSF,9,BLK_9S,2,후면SAW,4,2025-10-12 10:17:04,2025-10-12 10:31:55,14.9,,공통
b190_mixed_ps_sub_r1,MSF,9,BLK_9S,2,NC,5,2025-10-12 10:54:39,2025-10-12 11:24:27,29.8,,공통
b190_mixed_ps_sub_r1,MSF,9,BLK_9S,2,베이36B 론지취부,6,2025-10-12 11:24:27,2025-10-12 11:48:27,24.0,36B,베이36B
b190_mixed_ps_sub_r1,MSF,9,BLK_9S,2,베이36B 론지용접,7,2025-10-12 11:48:27,2025-10-12 12:03:51,15.4,36B,베이36B
b190_mixed_ps_sub_r1,MSF,9,BLK_9S,2,베이36B 수정,8,2025-10-12 12:03:51,2025-10-12 12:17:39,13.8,36B,베이36B
b190_mixed_ps_sub_r1,MSF,5,BLK_5S,3,판계,1,2025-10-12 08:50:00,2025-10-12 09:35:00,45.0,,공통
b190_mixed_ps_sub_r1,MSF,5,BLK_5S,3,전면SAW,2,2025-10-12 09:44:40,2025-10-12 12:08:40,144.0,,공통
b190_mixed_ps_sub_r1,MSF,5,BLK_5S,3,TurnOver,3,2025-10-12 12:08:40,2025-10-12 12:20:40,12.0,,공통
b190_mixed_ps_sub_r1,MSF,5,BLK_5S,3,후면SAW,4,2025-10-12 12:20:40,2025-10-12 14:05:58,105.3,,공통
b190_mixed_ps_sub_r1,MSF,5,BLK_5S,3,NC,5,2025-10-12 14:05:58,2025-10-12 14:56:57,51.0,,공통
b190_mixed_ps_sub_r1,MSF,5,BLK_5S,3,베이35A 론지취부,6,2025-10-12 14:56:57,2025-10-12 15:41:57,45.0,35A,베이35A
b190_mixed_ps_sub_r1,MSF,5,BLK_5S,3,베이35A 론지용접,7,2025-10-12 15:41:57,2025-10-12 16:00:57,19.0,35A,베이35A
b190_mixed_ps_sub_r1,MSF,5,BLK_5S,3,베이35A 수정,8,2025-10-12 16:00:57,2025-10-12 16:27:57,27.0,35A,베이35A
b190_mixed_ps_sub_r1,MSF,17,BLK_17P,4,판계,1,2025-10-12 09:35:00,2025-10-12 10:05:00,30.0,,공통
b190_mixed_ps_sub_r1,MSF,17,BLK_17P,4,전면SAW,2,2025-10-12 12:08:40,2025-10-12 14:19:00,130.3,,공통
b190_mixed_ps_sub_r1,MSF,17,BLK_17P,4,TurnOver,3,2025-10-12 14:19:00,2025-10-12 14:31:00,12.0,,공통
b190_mixed_ps_sub_r1,MSF,17,BLK_17P,4,후면SAW,4,2025-10-12 14:31:00,2025-10-12 16:17:35,106.6,,공통
b190_mixed_ps_sub_r1,MSF,17,BLK_17P,4,NC,5,2025-10-12 16:17:35,2025-10-12 17:13:36,56.0,,공통
b190_mixed_ps_sub_r1,MSF,17,BLK_17P,4,베이36B 론지취부,6,2025-10-12 17:13:36,2025-10-12 18:51:06,97.5,36B,베이36B
b190_mixed_ps_sub_r1,MSF,17,BLK_17P,4,베이36B 론지용접,7,2025-10-12 18:51:06,2025-10-12 19:19:06,28.0,36B,베이36B
b190_mixed_ps_sub_r1,MSF,17,BLK_17P,4,베이36B 수정,8,2025-10-12 19:19:06,2025-10-12 20:19:06,60.0,36B,베이36B
b190_mixed_ps_sub_r1,MSF,179,BLK_17S,5,판계,1,2025-10-12 10:05:00,2025-10-12 10:35:00,30.0,,공통
b190_mixed_ps_sub_r1,MSF,179,BLK_17S,5,전면SAW,2,2025-10-12 14:19:00,2025-10-12 16:29:19,130.3,,공통
b190_mixed_ps_sub_r1,MSF,179,BLK_17S,5,TurnOver,3,2025-10-12 16:29:19,2025-10-12 16:41:19,12.0,,공통
b190_mixed_ps_sub_r1,MSF,179,BLK_17S,5,후면SAW,4,2025-10-12 16:41:19,2025-10-12 18:27:55,106.6,,공통
b190_mixed_ps_sub_r1,MSF,179,BLK_17S,5,NC,5,2025-10-12 18:27:55,2025-10-12 19:23:56,56.0,,공통
b190_mixed_ps_sub_r1,MSF,179,BLK_17S,5,베이36B 론지취부,6,2025-10-12 19:23:56,2025-10-12 21:01:26,97.5,36B,베이36B
b190_mixed_ps_sub_r1,MSF,179,BLK_17S,5,베이36B 론지용접,7,2025-10-12 21:01:26,2025-10-12 21:29:26,28.0,36B,베이36B
b190_mixed_ps_sub_r1,MSF,179,BLK_17S,5,베이36B 수정,8,2025-10-12 21:29:26,2025-10-12 22:29:26,60.0,36B,베이36B
b190_mixed_ps_sub_r1,MSF,13,BLK_13C,6,판계,1,2025-10-12 10:35:00,2025-10-12 10:55:00,20.0,,공통
b190_mixed_ps_sub_r1,MSF,13,BLK_13C,6,전면SAW,2,2025-10-12 16:29:19,2025-10-12 17:01:50,32.5,,공통
b190_mixed_ps_sub_r1,MSF,13,BLK_13C,6,TurnOver,3,2025-10-12 17:01:50,2025-10-12 17:13:50,12.0,,공통
b190_mixed_ps_sub_r1,MSF,13,BLK_13C,6,후면SAW,4,2025-10-12 18:27:55,2025-10-12 18:49:34,21.6,,공통
b190_mixed_ps_sub_r1,MSF,13,BLK_13C,6,NC,5,2025-10-12 19:23:56,2025-10-12 19:50:55,27.0,,공통
b190_mixed_ps_sub_r1,MSF,13,BLK_13C,6,베이35A 론지취부,6,2025-10-12 19:50:55,2025-10-12 20:28:55,38.0,35A,베이35A
b190_mixed_ps_sub_r1,MSF,13,BLK_13C,6,베이35A 론지용접,7,2025-10-12 20:28:55,2025-10-12 20:46:43,17.8,35A,베이35A
b190_mixed_ps_sub_r1,MSF,13,BLK_13C,6,베이35A 수정,8,2025-10-12 20:46:43,2025-10-12 21:09:19,22.6,35A,베이35A
b190_mixed_ps_sub_r1,MSF,21,BLK_21S,7,판계,1,2025-10-12 10:55:00,2025-10-12 11:47:00,52.0,,공통
b190_mixed_ps_sub_r1,MSF,21,BLK_21S,7,전면SAW,2,2025-10-12 17:01:50,2025-10-12 19:55:37,173.8,,공통
b190_mixed_ps_sub_r1,MSF,21,BLK_21S,7,TurnOver,3,2025-10-12 19:55:37,2025-10-12 20:07:37,12.0,,공통
b190_mixed_ps_sub_r1,MSF,21,BLK_21S,7,후면SAW,4,2025-10-12 20:07:37,2025-10-12 22:17:55,130.3,,공통
b190_mixed_ps_sub_r1,MSF,21,BLK_21S,7,NC,5,2025-10-12 22:17:55,2025-10-12 23:17:32,59.6,,공통
b190_mixed_ps_sub_r1,MSF,21,BLK_21S,7,베이36B 론지취부,6,2025-10-12 23:17:32,2025-10-13 00:06:02,48.5,36B,베이36B
b190_mixed_ps_sub_r1,MSF,21,BLK_21S,7,베이36B 론지용접,7,2025-10-13 00:06:02,2025-10-13 00:25:38,19.6,36B,베이36B
b190_mixed_ps_sub_r1,MSF,21,BLK_21S,7,베이36B 수정,8,2025-10-13 00:25:38,2025-10-13 00:54:50,29.2,36B,베이36B
b190_mixed_ps_sub_r1,MSF,41,BLK_41S,8,판계,1,2025-10-12 11:47:00,2025-10-12 12:12:00,25.0,,공통
b190_mixed_ps_sub_r1,MSF,41,BLK_41S,8,전면SAW,2,2025-10-12 19:55:37,2025-10-12 20:28:35,33.0,,공통
b190_mixed_ps_sub_r1,MSF,41,BLK_41S,8,TurnOver,3,2025-10-12 20:28:35,2025-10-12 20:40:35,12.0,,공통
b190_mixed_ps_sub_r1,MSF,41,BLK_41S,8,후면SAW,4,2025-10-12 22:17:55,2025-10-12 22:40:11,22.3,,공통
b190_mixed_ps_sub_r1,MSF,41,BLK_41S,8,NC,5,2025-10-12 23:17:32,2025-10-12 23:53:19,35.8,,공통
b190_mixed_ps_sub_r1,MSF,41,BLK_41S,8,베이35A 론지취부,6,2025-10-12 23:53:19,2025-10-13 00:52:19,59.0,35A,베이35A
b190_mixed_ps_sub_r1,MSF,41,BLK_41S,8,베이35A 론지용접,7,2025-10-13 00:52:19,2025-10-13 01:13:43,21.4,35A,베이35A
b190_mixed_ps_sub_r1,MSF,41,BLK_41S,8,베이35A 수정,8,2025-10-13 01:13:43,2025-10-13 01:49:31,35.8,35A,베이35A
b190_mixed_ps_sub_r1,MSF,25,BLK_25C,9,판계,1,2025-10-12 12:12:00,2025-10-12 12:50:00,38.0,,공통
b190_mixed_ps_sub_r1,MSF,25,BLK_25C,9,전면SAW,2,2025-10-12 20:28:35,2025-10-12 22:16:59,108.4,,공통
b190_mixed_ps_sub_r1,MSF,25,BLK_25C,9,TurnOver,3,2025-10-12 22:16:59,2025-10-12 22:28:59,12.0,,공통
b190_mixed_ps_sub_r1,MSF,25,BLK_25C,9,후면SAW,4,2025-10-12 22:40:11,2025-10-13 00:28:35,108.4,,공통
b190_mixed_ps_sub_r1,MSF,25,BLK_25C,9,NC,5,2025-10-13 00:28:35,2025-10-13 01:16:18,47.7,,공통
b190_mixed_ps_sub_r1,MSF,25,BLK_25C,9,베이36B 론지취부,6,2025-10-13 01:16:18,2025-10-13 02:32:48,76.5,36B,베이36B
b190_mixed_ps_sub_r1,MSF,25,BLK_25C,9,베이36B 론지용접,7,2025-10-13 02:32:48,2025-10-13 02:57:12,24.4,36B,베이36B
b190_mixed_ps_sub_r1,MSF,25,BLK_25C,9,베이36B 수정,8,2025-10-13 02:57:12,2025-10-13 03:44:00,46.8,36B,베이36B
b190_mixed_ps_sub_r1,MSF,89,BLK_89P,10,판계,1,2025-10-12 12:50:00,2025-10-12 13:10:00,20.0,,공통
b190_mixed_ps_sub_r1,MSF,89,BLK_89P,10,전면SAW,2,2025-10-12 22:16:59,2025-10-12 22:53:38,36.6,,공통
b190_mixed_ps_sub_r1,MSF,89,BLK_89P,10,TurnOver,3,2025-10-12 22:53:38,2025-10-12 23:05:38,12.0,,공통
b190_mixed_ps_sub_r1,MSF,89,BLK_89P,10,후면SAW,4,2025-10-13 00:28:35,2025-10-13 00:55:41,27.1,,공통
b190_mixed_ps_sub_r1,MSF,89,BLK_89P,10,NC,5,2025-10-13 01:16:18,2025-10-13 01:46:52,30.6,,공통
b190_mixed_ps_sub_r1,MSF,89,BLK_89P,10,베이35A 론지취부,6,2025-10-13 01:46:52,2025-10-13 02:56:22,69.5,35A,베이35A
b190_mixed_ps_sub_r1,MSF,89,BLK_89P,10,베이35A 론지용접,7,2025-10-13 02:56:22,2025-10-13 03:19:34,23.2,35A,베이35A
b190_mixed_ps_sub_r1,MSF,89,BLK_89P,10,베이35A 수정,8,2025-10-13 03:19:34,2025-10-13 04:01:58,42.4,35A,베이35A
b190_mixed_ps_sub_r1,MSF,75,BLK_75C,11,판계,1,2025-10-12 13:10:00,2025-10-12 13:30:00,20.0,,공통
b190_mixed_ps_sub_r1,MSF,75,BLK_75C,11,전면SAW,2,2025-10-12 22:53:38,2025-10-13 00:33:09,99.5,,공통
b190_mixed_ps_sub_r1,MSF,75,BLK_75C,11,TurnOver,3,2025-10-13 00:33:09,2025-10-13 00:45:09,12.0,,공통
b190_mixed_ps_sub_r1,MSF,75,BLK_75C,11,후면SAW,4,2025-10-13 00:55:41,2025-10-13 02:14:11,78.5,,공통
b190_mixed_ps_sub_r1,MSF,75,BLK_75C,11,NC,5,2025-10-13 02:14:11,2025-10-13 02:39:18,25.1,,공통
b190_mixed_ps_sub_r1,MSF,75,BLK_75C,11,베이36B 론지취부,6,2025-10-13 02:39:18,2025-10-13 03:20:48,41.5,36B,베이36B
b190_mixed_ps_sub_r1,MSF,75,BLK_75C,11,베이36B 론지용접,7,2025-10-13 03:20:48,2025-10-13 03:35:12,14.4,36B,베이36B
b190_mixed_ps_sub_r1,MSF,75,BLK_75C,11,베이36B 수정,8,2025-10-13 03:44:00,2025-10-13 04:08:48,24.8,36B,베이36B
b190_mixed_ps_sub_r1,MSF,14,BLK_14S,1,판계,1,2025-10-13 08:00:00,2025-10-13 08:35:00,35.0,,공통
b190_mixed_ps_sub_r1,MSF,14,BLK_14S,1,전면SAW,2,2025-10-13 08:35:00,2025-10-13 11:10:26,155.4,,공통
b190_mixed_ps_sub_r1,MSF,14,BLK_14S,1,TurnOver,3,2025-10-13 11:10:26,2025-10-13 11:22:26,12.0,,공통
b190_mixed_ps_sub_r1,MSF,14,BLK_14S,1,후면SAW,4,2025-10-13 11:22:26,2025-10-13 13:37:27,135.0,,공통
b190_mixed_ps_sub_r1,MSF,14,BLK_14S,1,NC,5,2025-10-13 13:37:27,2025-10-13 14:15:42,38.2,,공통
b190_mixed_ps_sub_r1,MSF,14,BLK_14S,1,베이35A 론지취부,6,2025-10-13 14:15:42,2025-10-13 14:57:12,41.5,35A,베이35A
b190_mixed_ps_sub_r1,MSF,14,BLK_14S,1,베이35A 론지용접,7,2025-10-13 14:57:12,2025-10-13 15:15:36,18.4,35A,베이35A
b190_mixed_ps_sub_r1,MSF,14,BLK_14S,1,베이35A 수정,8,2025-10-13 15:15:36,2025-10-13 15:40:24,24.8,35A,베이35A
b190_mixed_ps_sub_r1,MSF,33,BLK_33P,2,판계,1,2025-10-13 08:35:00,2025-10-13 09:05:00,30.0,,공통
b190_mixed_ps_sub_r1,MSF,33,BLK_33P,2,전면SAW,2,2025-10-13 11:10:26,2025-10-13 11:39:49,29.4,,공통
b190_mixed_ps_sub_r1,MSF,33,BLK_33P,2,TurnOver,3,2025-10-13 11:39:49,2025-10-13 11:51:49,12.0,,공통
b190_mixed_ps_sub_r1,MSF,33,BLK_33P,2,후면SAW,4,2025-10-13 13:37:27,2025-10-13 13:55:00,17.6,,공통
b190_mixed_ps_sub_r1,MSF,33,BLK_33P,2,NC,5,2025-10-13 14:15:42,2025-10-13 14:56:30,40.8,,공통
b190_mixed_ps_sub_r1,MSF,33,BLK_33P,2,베이36B 론지취부,6,2025-10-13 14:56:30,2025-10-13 15:59:00,62.5,36B,베이36B
b190_mixed_ps_sub_r1,MSF,33,BLK_33P,2,베이36B 론지용접,7,2025-10-13 15:59:00,2025-10-13 16:21:00,22.0,36B,베이36B
b190_mixed_ps_sub_r1,MSF,33,BLK_33P,2,베이36B 수정,8,2025-10-13 16:21:00,2025-10-13 16:59:00,38.0,36B,베이36B
b190_mixed_ps_sub_r1,MSF,174,BLK_89S,3,판계,1,2025-10-13 09:05:00,2025-10-13 09:25:00,20.0,,공통
b190_mixed_ps_sub_r1,MSF,174,BLK_89S,3,전면SAW,2,2025-10-13 11:39:49,2025-10-13 12:16:28,36.6,,공통
b190_mixed_ps_sub_r1,MSF,174,BLK_89S,3,TurnOver,3,2025-10-13 12:16:28,2025-10-13 12:28:28,12.0,,공통
b190_mixed_ps_sub_r1,MSF,174,BLK_89S,3,후면SAW,4,2025-10-13 13:55:00,2025-10-13 14:22:06,27.1,,공통
b190_mixed_ps_sub_r1,MSF,174,BLK_89S,3,NC,5,2025-10-13 14:56:30,2025-10-13 15:27:04,30.6,,공통
b190_mixed_ps_sub_r1,MSF,174,BLK_89S,3,베이35A 론지취부,6,2025-10-13 15:27:04,2025-10-13 16:36:34,69.5,35A,베이35A
b190_mixed_ps_sub_r1,MSF,174,BLK_89S,3,베이35A 론지용접,7,2025-10-13 16:36:34,2025-10-13 16:59:46,23.2,35A,베이35A
b190_mixed_ps_sub_r1,MSF,174,BLK_89S,3,베이35A 수정,8,2025-10-13 16:59:46,2025-10-13 17:42:10,42.4,35A,베이35A
b190_mixed_ps_sub_r1,MSF,6,BLK_6P,4,판계,1,2025-10-13 09:25:00,2025-10-13 09:50:00,25.0,,공통
b190_mixed_ps_sub_r1,MSF,6,BLK_6P,4,전면SAW,2,2025-10-13 12:16:28,2025-10-13 12:50:03,33.6,,공통
b190_mixed_ps_sub_r1,MSF,6,BLK_6P,4,TurnOver,3,2025-10-13 12:50:03,2025-10-13 13:02:03,12.0,,공통
b190_mixed_ps_sub_r1,MSF,6,BLK_6P,4,후면SAW,4,2025-10-13 14:22:06,2025-10-13 14:45:09,23.1,,공통
b190_mixed_ps_sub_r1,MSF,6,BLK_6P,4,NC,5,2025-10-13 15:27:04,2025-10-13 16:01:21,34.3,,공통
b190_mixed_ps_sub_r1,MSF,6,BLK_6P,4,베이36B 론지취부,6,2025-10-13 16:01:21,2025-10-13 16:49:51,48.5,36B,베이36B
b190_mixed_ps_sub_r1,MSF,6,BLK_6P,4,베이36B 론지용접,7,2025-10-13 16:49:51,2025-10-13 17:09:27,19.6,36B,베이36B
b190_mixed_ps_sub_r1,MSF,6,BLK_6P,4,베이36B 수정,8,2025-10-13 17:09:27,2025-10-13 17:38:39,29.2,36B,베이36B
b190_mixed_ps_sub_r1,MSF,79,BLK_79C,5,판계,1,2025-10-13 09:50:00,2025-10-13 10:23:00,33.0,,공통
b190_mixed_ps_sub_r1,MSF,79,BLK_79C,5,전면SAW,2,2025-10-13 12:50:03,2025-10-13 14:28:02,98.0,,공통
b190_mixed_ps_sub_r1,MSF,79,BLK_79C,5,TurnOver,3,2025-10-13 14:28:02,2025-10-13 14:40:02,12.0,,공통
b190_mixed_ps_sub_r1,MSF,79,BLK_79C,5,후면SAW,4,2025-10-13 14:45:09,2025-10-13 16:02:15,77.1,,공통
b190_mixed_ps_sub_r1,MSF,79,BLK_79C,5,NC,5,2025-10-13 16:02:15,2025-10-13 16:41:24,39.2,,공통
b190_mixed_ps_sub_r1,MSF,79,BLK_79C,5,베이35A 론지취부,6,2025-10-13 16:41:24,2025-10-13 17:57:54,76.5,35A,베이35A
b190_mixed_ps_sub_r1,MSF,79,BLK_79C,5,베이35A 론지용접,7,2025-10-13 17:57:54,2025-10-13 18:22:18,24.4,35A,베이35A
b190_mixed_ps_sub_r1,MSF,79,BLK_79C,5,베이35A 수정,8,2025-10-13 18:22:18,2025-10-13 19:09:06,46.8,35A,베이35A
b190_mixed_ps_sub_r1,MSF,2,BLK_2C,6,판계,1,2025-10-13 10:23:00,2025-10-13 11:01:00,38.0,,공통
b190_mixed_ps_sub_r1,MSF,2,BLK_2C,6,전면SAW,2,2025-10-13 14:28:02,2025-10-13 15:35:34,67.5,,공통
b190_mixed_ps_sub_r1,MSF,2,BLK_2C,6,TurnOver,3,2025-10-13 15:35:34,2025-10-13 15:47:34,12.0,,공통
b190_mixed_ps_sub_r1,MSF,2,BLK_2C,6,후면SAW,4,2025-10-13 16:02:15,2025-10-13 16:51:35,49.3,,공통
b190_mixed_ps_sub_r1,MSF,2,BLK_2C,6,NC,5,2025-10-13 16:51:35,2025-10-13 17:34:05,42.5,,공통
b190_mixed_ps_sub_r1,MSF,2,BLK_2C,6,베이36B 론지취부,6,2025-10-13 17:34:05,2025-10-13 18:22:35,48.5,36B,베이36B
b190_mixed_ps_sub_r1,MSF,2,BLK_2C,6,베이36B 론지용접,7,2025-10-13 18:22:35,2025-10-13 18:42:11,19.6,36B,베이36B
b190_mixed_ps_sub_r1,MSF,2,BLK_2C,6,베이36B 수정,8,2025-10-13 18:42:11,2025-10-13 19:11:23,29.2,36B,베이36B
b190_mixed_ps_sub_r1,MSF,69,BLK_69C,7,판계,1,2025-10-13 11:01:00,2025-10-13 11:31:00,30.0,,공통
b190_mixed_ps_sub_r1,MSF,69,BLK_69C,7,전면SAW,2,2025-10-13 15:35:34,2025-10-13 16:05:59,30.4,,공통
b190_mixed_ps_sub_r1,MSF,69,BLK_69C,7,TurnOver,3,2025-10-13 16:05:59,2025-10-13 16:17:59,12.0,,공통
b190_mixed_ps_sub_r1,MSF,69,BLK_69C,7,후면SAW,4,2025-10-13 16:51:35,2025-10-13 17:10:28,18.9,,공통
b190_mixed_ps_sub_r1,MSF,69,BLK_69C,7,NC,5,2025-10-13 17:34:05,2025-10-13 18:23:25,49.3,,공통
b190_mixed_ps_sub_r1,MSF,69,BLK_69C,7,베이35A 론지취부,6,2025-10-13 18:23:25,2025-10-13 19:36:25,73.0,35A,베이35A
b190_mixed_ps_sub_r1,MSF,69,BLK_69C,7,베이35A 론지용접,7,2025-10-13 19:36:25,2025-10-13 20:00:13,23.8,35A,베이35A
b190_mixed_ps_sub_r1,MSF,69,BLK_69C,7,베이35A 수정,8,2025-10-13 20:00:13,2025-10-13 20:44:49,44.6,35A,베이35A
b190_mixed_ps_sub_r1,MSF,149,BLK_149S,8,판계,1,2025-10-13 11:31:00,2025-10-13 12:09:00,38.0,,공통
b190_mixed_ps_sub_r1,MSF,149,BLK_149S,8,전면SAW,2,2025-10-13 16:05:59,2025-10-13 17:46:27,100.5,,공통
b190_mixed_ps_sub_r1,MSF,149,BLK_149S,8,TurnOver,3,2025-10-13 17:46:27,2025-10-13 17:58:27,12.0,,공통
b190_mixed_ps_sub_r1,MSF,149,BLK_149S,8,후면SAW,4,2025-10-13 17:58:27,2025-10-13 19:17:48,79.3,,공통
b190_mixed_ps_sub_r1,MSF,149,BLK_149S,8,NC,5,2025-10-13 19:17:48,2025-10-13 20:03:33,45.8,,공통
b190_mixed_ps_sub_r1,MSF,149,BLK_149S,8,베이36B 론지취부,6,2025-10-13 20:03:33,2025-10-13 21:13:03,69.5,36B,베이36B
b190_mixed_ps_sub_r1,MSF,149,BLK_149S,8,베이36B 론지용접,7,2025-10-13 21:13:03,2025-10-13 21:36:15,23.2,36B,베이36B
b190_mixed_ps_sub_r1,MSF,149,BLK_149S,8,베이36B 수정,8,2025-10-13 21:36:15,2025-10-13 22:18:39,42.4,36B,베이36B
b190_mixed_ps_sub_r1,MSF,10,BLK_10S,9,판계,1,2025-10-13 12:09:00,2025-10-13 12:54:00,45.0,,공통
b190_mixed_ps_sub_r1,MSF,10,BLK_10S,9,전면SAW,2,2025-10-13 17:46:27,2025-10-13 18:24:40,38.2,,공통
b190_mixed_ps_sub_r1,MSF,10,BLK_10S,9,TurnOver,3,2025-10-13 18:24:40,2025-10-13 18:36:40,12.0,,공통
b190_mixed_ps_sub_r1,MSF,10,BLK_10S,9,후면SAW,4,2025-10-13 19:17:48,2025-10-13 19:46:58,29.2,,공통
b190_mixed_ps_sub_r1,MSF,10,BLK_10S,9,NC,5,2025-10-13 20:03:33,2025-10-13 20:55:37,52.1,,공통
b190_mixed_ps_sub_r1,MSF,10,BLK_10S,9,베이35A 론지취부,6,2025-10-13 20:55:37,2025-10-13 22:12:07,76.5,35A,베이35A
b190_mixed_ps_sub_r1,MSF,10,BLK_10S,9,베이35A 론지용접,7,2025-10-13 22:12:07,2025-10-13 22:36:31,24.4,35A,베이35A
b190_mixed_ps_sub_r1,MSF,10,BLK_10S,9,베이35A 수정,8,2025-10-13 22:36:31,2025-10-13 23:23:19,46.8,35A,베이35A
b190_mixed_ps_sub_r1,MSF,22,BLK_22S,10,판계,1,2025-10-13 12:54:00,2025-10-13 13:39:00,45.0,,공통
b190_mixed_ps_sub_r1,MSF,22,BLK_22S,10,전면SAW,2,2025-10-13 18:24:40,2025-10-13 20:37:43,133.1,,공통
b190_mixed_ps_sub_r1,MSF,22,BLK_22S,10,TurnOver,3,2025-10-13 20:37:43,2025-10-13 20:49:43,12.0,,공통
b190_mixed_ps_sub_r1,MSF,22,BLK_22S,10,후면SAW,4,2025-10-13 20:49:43,2025-10-13 22:26:16,96.5,,공통
b190_mixed_ps_sub_r1,MSF,22,BLK_22S,10,NC,5,2025-10-13 22:26:16,2025-10-13 23:14:22,48.1,,공통
b190_mixed_ps_sub_r1,MSF,22,BLK_22S,10,베이36B 론지취부,6,2025-10-13 23:14:22,2025-10-14 00:02:52,48.5,36B,베이36B
b190_mixed_ps_sub_r1,MSF,22,BLK_22S,10,베이36B 론지용접,7,2025-10-14 00:02:52,2025-10-14 00:22:28,19.6,36B,베이36B
b190_mixed_ps_sub_r1,MSF,22,BLK_22S,10,베이36B 수정,8,2025-10-14 00:22:28,2025-10-14 00:51:40,29.2,36B,베이36B
b190_mixed_ps_sub_r1,MSF,49,BLK_49P,11,판계,1,2025-10-13 13:39:00,2025-10-13 13:59:00,20.0,,공통
b190_mixed_ps_sub_r1,MSF,49,BLK_49P,11,전면SAW,2,2025-10-13 20:37:43,2025-10-13 21:13:20,35.6,,공통
b190_mixed_ps_sub_r1,MSF,49,BLK_49P,11,TurnOver,3,2025-10-13 21:13:20,2025-10-13 21:25:20,12.0,,공통
b190_mixed_ps_sub_r1,MSF,49,BLK_49P,11,후면SAW,4,2025-10-13 22:26:16,2025-10-13 22:52:01,25.8,,공통
b190_mixed_ps_sub_r1,MSF,49,BLK_49P,11,NC,5,2025-10-13 23:14:22,2025-10-13 23:44:11,29.8,,공통
b190_mixed_ps_sub_r1,MSF,49,BLK_49P,11,베이35A 론지취부,6,2025-10-13 23:44:11,2025-10-14 00:53:41,69.5,35A,베이35A
b190_mixed_ps_sub_r1,MSF,49,BLK_49P,11,베이35A 론지용접,7,2025-10-14 00:53:41,2025-10-14 01:16:53,23.2,35A,베이35A
b190_mixed_ps_sub_r1,MSF,49,BLK_49P,11,베이35A 수정,8,2025-10-14 01:16:53,2025-10-14 01:59:17,42.4,35A,베이35A
b190_mixed_ps_sub_r1,MSF,29,BLK_29S,12,판계,1,2025-10-13 13:59:00,2025-10-13 14:29:00,30.0,,공통
b190_mixed_ps_sub_r1,MSF,29,BLK_29S,12,전면SAW,2,2025-10-13 21:13:20,2025-10-13 23:42:27,149.1,,공통
b190_mixed_ps_sub_r1,MSF,29,BLK_29S,12,TurnOver,3,2025-10-13 23:42:27,2025-10-13 23:54:27,12.0,,공통
b190_mixed_ps_sub_r1,MSF,29,BLK_29S,12,후면SAW,4,2025-10-13 23:54:27,2025-10-14 01:41:26,107.0,,공통
b190_mixed_ps_sub_r1,MSF,29,BLK_29S,12,NC,5,2025-10-14 01:41:26,2025-10-14 02:42:32,61.1,,공통
b190_mixed_ps_sub_r1,MSF,29,BLK_29S,12,베이36B 론지취부,6,2025-10-14 02:42:32,2025-10-14 03:41:32,59.0,36B,베이36B
b190_mixed_ps_sub_r1,MSF,29,BLK_29S,12,베이36B 론지용접,7,2025-10-14 03:41:32,2025-10-14 04:02:56,21.4,36B,베이36B
b190_mixed_ps_sub_r1,MSF,29,BLK_29S,12,베이36B 수정,8,2025-10-14 04:02:56,2025-10-14 04:38:44,35.8,36B,베이36B
b190_mixed_ps_sub_r1,MSF,37,BLK_37P,13,판계,1,2025-10-13 14:29:00,2025-10-13 14:59:00,30.0,,공통
b190_mixed_ps_sub_r1,MSF,37,BLK_37P,13,전면SAW,2,2025-10-13 23:42:27,2025-10-14 00:23:30,41.0,,공통
b190_mixed_ps_sub_r1,MSF,37,BLK_37P,13,TurnOver,3,2025-10-14 00:23:30,2025-10-14 00:35:30,12.0,,공통
b190_mixed_ps_sub_r1,MSF,37,BLK_37P,13,후면SAW,4,2025-10-14 01:41:26,2025-10-14 02:14:20,32.9,,공통
b190_mixed_ps_sub_r1,MSF,37,BLK_37P,13,NC,5,2025-10-14 02:42:32,2025-10-14 03:32:31,50.0,,공통
b190_mixed_ps_sub_r1,MSF,37,BLK_37P,13,베이35A 론지취부,6,2025-10-14 03:32:31,2025-10-14 05:03:01,90.5,35A,베이35A
b190_mixed_ps_sub_r1,MSF,37,BLK_37P,13,베이35A 론지용접,7,2025-10-14 05:03:01,2025-10-14 05:29:49,26.8,35A,베이35A
b190_mixed_ps_sub_r1,MSF,37,BLK_37P,13,베이35A 수정,8,2025-10-14 05:29:49,2025-10-14 06:25:25,55.6,35A,베이35A
b190_mixed_ps_sub_r1,MSF,180,BLK_37S,14,판계,1,2025-10-13 14:59:00,2025-10-13 15:29:00,30.0,,공통
b190_mixed_ps_sub_r1,MSF,180,BLK_37S,14,전면SAW,2,2025-10-14 00:23:30,2025-10-14 01:04:33,41.0,,공통
b190_mixed_ps_sub_r1,MSF,180,BLK_37S,14,TurnOver,3,2025-10-14 01:04:33,2025-10-14 01:16:33,12.0,,공통
b190_mixed_ps_sub_r1,MSF,180,BLK_37S,14,후면SAW,4,2025-10-14 02:14:20,2025-10-14 02:47:14,32.9,,공통
b190_mixed_ps_sub_r1,MSF,180,BLK_37S,14,NC,5,2025-10-14 03:32:31,2025-10-14 04:22:31,50.0,,공통
b190_mixed_ps_sub_r1,MSF,180,BLK_37S,14,베이36B 론지취부,6,2025-10-14 04:22:31,2025-10-14 05:53:01,90.5,36B,베이36B
b190_mixed_ps_sub_r1,MSF,180,BLK_37S,14,베이36B 론지용접,7,2025-10-14 05:53:01,2025-10-14 06:19:49,26.8,36B,베이36B
b190_mixed_ps_sub_r1,MSF,180,BLK_37S,14,베이36B 수정,8,2025-10-14 06:19:49,2025-10-14 07:15:25,55.6,36B,베이36B
b190_mixed_ps_sub_r1,MSF,3,BLK_3C,15,판계,1,2025-10-13 15:29:00,2025-10-13 16:04:00,35.0,,공통
b190_mixed_ps_sub_r1,MSF,3,BLK_3C,15,전면SAW,2,2025-10-14 01:04:33,2025-10-14 03:44:52,160.3,,공통
b190_mixed_ps_sub_r1,MSF,3,BLK_3C,15,TurnOver,3,2025-10-14 03:44:52,2025-10-14 03:56:52,12.0,,공통
b190_mixed_ps_sub_r1,MSF,3,BLK_3C,15,후면SAW,4,2025-10-14 03:56:52,2025-10-14 06:16:32,139.7,,공통
b190_mixed_ps_sub_r1,MSF,3,BLK_3C,15,NC,5,2025-10-14 06:16:32,2025-10-14 06:52:37,36.1,,공통
b190_mixed_ps_sub_r1,MSF,3,BLK_3C,15,베이35A 론지취부,6,2025-10-14 06:52:37,2025-10-14 07:34:07,41.5,35A,베이35A
b190_mixed_ps_sub_r1,MSF,3,BLK_3C,15,베이35A 론지용접,7,2025-10-14 07:34:07,2025-10-14 07:48:31,14.4,35A,베이35A
b190_mixed_ps_sub_r1,MSF,3,BLK_3C,15,베이35A 수정,8,2025-10-14 07:48:31,2025-10-14 08:13:19,24.8,35A,베이35A
b190_mixed_ps_sub_r1,MSF,65,BLK_65P,16,판계,1,2025-10-13 16:04:00,2025-10-13 16:24:00,20.0,,공통
b190_mixed_ps_sub_r1,MSF,65,BLK_65P,16,전면SAW,2,2025-10-14 03:44:52,2025-10-14 04:22:33,37.7,,공통
b190_mixed_ps_sub_r1,MSF,65,BLK_65P,16,TurnOver,3,2025-10-14 04:22:33,2025-10-14 04:34:33,12.0,,공통
b190_mixed_ps_sub_r1,MSF,65,BLK_65P,16,후면SAW,4,2025-10-14 06:16:32,2025-10-14 06:45:01,28.5,,공통
b190_mixed_ps_sub_r1,MSF,65,BLK_65P,16,NC,5,2025-10-14 06:52:37,2025-10-14 07:23:10,30.6,,공통
b190_mixed_ps_sub_r1,MSF,65,BLK_65P,16,베이36B 론지취부,6,2025-10-14 07:23:10,2025-10-14 08:29:10,66.0,36B,베이36B
b190_mixed_ps_sub_r1,MSF,65,BLK_65P,16,베이36B 론지용접,7,2025-10-14 08:29:10,2025-10-14 08:51:46,22.6,36B,베이36B
b190_mixed_ps_sub_r1,MSF,65,BLK_65P,16,베이36B 수정,8,2025-10-14 08:51:46,2025-10-14 09:31:58,40.2,36B,베이36B
b190_mixed_ps_sub_r1,MSF,169,BLK_169S,17,판계,1,2025-10-13 16:24:00,2025-10-13 16:59:00,35.0,,공통
b190_mixed_ps_sub_r1,MSF,169,BLK_169S,17,전면SAW,2,2025-10-14 04:22:33,2025-10-14 06:40:08,137.6,,공통
b190_mixed_ps_sub_r1,MSF,169,BLK_169S,17,TurnOver,3,2025-10-14 06:40:08,2025-10-14 06:52:08,12.0,,공통
b190_mixed_ps_sub_r1,MSF,169,BLK_169S,17,후면SAW,4,2025-10-14 06:52:08,2025-10-14 08:32:19,100.2,,공통
b190_mixed_ps_sub_r1,MSF,169,BLK_169S,17,NC,5,2025-10-14 08:32:19,2025-10-14 09:10:13,37.9,,공통
b190_mixed_ps_sub_r1,MSF,169,BLK_169S,17,베이35A 론지취부,6,2025-10-14 09:10:13,2025-10-14 10:09:13,59.0,35A,베이35A
b190_mixed_ps_sub_r1,MSF,169,BLK_169S,17,베이35A 론지용접,7,2025-10-14 10:09:13,2025-10-14 10:30:37,21.4,35A,베이35A
b190_mixed_ps_sub_r1,MSF,169,BLK_169S,17,베이35A 수정,8,2025-10-14 10:30:37,2025-10-14 11:06:25,35.8,35A,베이35A
b190_mixed_ps_sub_r1,MSF,119,BLK_119P,18,판계,1,2025-10-13 16:59:00,2025-10-13 17:24:00,25.0,,공통
b190_mixed_ps_sub_r1,MSF,119,BLK_119P,18,전면SAW,2,2025-10-14 06:40:08,2025-10-14 07:08:00,27.9,,공통
b190_mixed_ps_sub_r1,MSF,119,BLK_119P,18,TurnOver,3,2025-10-14 07:08:00,2025-10-14 07:20:00,12.0,,공통
b190_mixed_ps_sub_r1,MSF,119,BLK_119P,18,후면SAW,4,2025-10-14 08:32:19,2025-10-14 08:47:51,15.5,,공통
b190_mixed_ps_sub_r1,MSF,119,BLK_119P,18,NC,5,2025-10-14 09:10:13,2025-10-14 09:42:39,32.4,,공통
b190_mixed_ps_sub_r1,MSF,119,BLK_119P,18,베이36B 론지취부,6,2025-10-14 09:42:39,2025-10-14 10:31:09,48.5,36B,베이36B
b190_mixed_ps_sub_r1,MSF,119,BLK_119P,18,베이36B 론지용접,7,2025-10-14 10:31:09,2025-10-14 10:50:45,19.6,36B,베이36B
b190_mixed_ps_sub_r1,MSF,119,BLK_119P,18,베이36B 수정,8,2025-10-14 10:50:45,2025-10-14 11:19:57,29.2,36B,베이36B
b190_mixed_ps_sub_r1,MSF,26,BLK_26S,19,판계,1,2025-10-13 17:24:00,2025-10-13 17:36:00,12.0,,공통
b190_mixed_ps_sub_r1,MSF,26,BLK_26S,19,전면SAW,2,2025-10-14 07:08:00,2025-10-14 07:46:42,38.7,,공통
b190_mixed_ps_sub_r1,MSF,26,BLK_26S,19,TurnOver,3,2025-10-14 07:46:42,2025-10-14 07:58:42,12.0,,공통
b190_mixed_ps_sub_r1,MSF,26,BLK_26S,19,후면SAW,4,2025-10-14 08:47:51,2025-10-14 09:17:39,29.8,,공통
b190_mixed_ps_sub_r1,MSF,26,BLK_26S,19,NC,5,2025-10-14 09:42:39,2025-10-14 10:04:09,21.5,,공통
b190_mixed_ps_sub_r1,MSF,26,BLK_26S,19,베이35A 론지취부,6,2025-10-14 10:09:13,2025-10-14 10:47:13,38.0,35A,베이35A
b190_mixed_ps_sub_r1,MSF,26,BLK_26S,19,베이35A 론지용접,7,2025-10-14 10:47:13,2025-10-14 11:05:01,17.8,35A,베이35A
b190_mixed_ps_sub_r1,MSF,26,BLK_26S,19,베이35A 수정,8,2025-10-14 11:06:25,2025-10-14 11:29:01,22.6,35A,베이35A
b190_mixed_ps_sub_r1,MSF,83,BLK_83S,20,판계,1,2025-10-13 17:36:00,2025-10-13 17:48:00,12.0,,공통
b190_mixed_ps_sub_r1,MSF,83,BLK_83S,20,전면SAW,2,2025-10-14 07:46:42,2025-10-14 08:36:06,49.4,,공통
b190_mixed_ps_sub_r1,MSF,83,BLK_83S,20,TurnOver,3,2025-10-14 08:36:06,2025-10-14 08:48:06,12.0,,공통
b190_mixed_ps_sub_r1,MSF,83,BLK_83S,20,후면SAW,4,2025-10-14 09:17:39,2025-10-14 10:01:32,43.9,,공통
b190_mixed_ps_sub_r1,MSF,83,BLK_83S,20,NC,5,2025-10-14 10:04:09,2025-10-14 10:24:28,20.3,,공통
b190_mixed_ps_sub_r1,MSF,83,BLK_83S,20,베이36B 론지취부,6,2025-10-14 10:31:09,2025-10-14 10:48:09,17.0,36B,베이36B
b190_mixed_ps_sub_r1,MSF,83,BLK_83S,20,베이36B 론지용접,7,2025-10-14 10:50:45,2025-10-14 11:00:57,10.2,36B,베이36B
b190_mixed_ps_sub_r1,MSF,83,BLK_83S,20,베이36B 수정,8,2025-10-14 11:19:57,2025-10-14 11:29:21,9.4,36B,베이36B
b190_mixed_ps_sub_r1,MSF,159,BLK_159C,1,판계,1,2025-10-14 08:00:00,2025-10-14 08:40:00,40.0,,공통
b190_mixed_ps_sub_r1,MSF,159,BLK_159C,1,전면SAW,2,2025-10-14 08:40:00,2025-10-14 10:46:25,126.4,,공통
b190_mixed_ps_sub_r1,MSF,159,BLK_159C,1,TurnOver,3,2025-10-14 10:46:25,2025-10-14 10:58:25,12.0,,공통
b190_mixed_ps_sub_r1,MSF,159,BLK_159C,1,후면SAW,4,2025-10-14 10:58:25,2025-10-14 12:29:40,91.2,,공통
b190_mixed_ps_sub_r1,MSF,159,BLK_159C,1,NC,5,2025-10-14 12:29:40,2025-10-14 13:14:04,44.4,,공통
b190_mixed_ps_sub_r1,MSF,159,BLK_159C,1,베이35A 론지취부,6,2025-10-14 13:14:04,2025-10-14 14:09:34,55.5,35A,베이35A
b190_mixed_ps_sub_r1,MSF,159,BLK_159C,1,베이35A 론지용접,7,2025-10-14 14:09:34,2025-10-14 14:30:22,20.8,35A,베이35A
b190_mixed_ps_sub_r1,MSF,159,BLK_159C,1,베이35A 수정,8,2025-10-14 14:30:22,2025-10-14 15:03:58,33.6,35A,베이35A
b190_mixed_ps_sub_r1,MSF,7,BLK_7P,2,판계,1,2025-10-14 08:40:00,2025-10-14 09:10:00,30.0,,공통
b190_mixed_ps_sub_r1,MSF,7,BLK_7P,2,전면SAW,2,2025-10-14 10:46:25,2025-10-14 11:20:39,34.2,,공통
b190_mixed_ps_sub_r1,MSF,7,BLK_7P,2,TurnOver,3,2025-10-14 11:20:39,2025-10-14 11:32:39,12.0,,공통
b190_mixed_ps_sub_r1,MSF,7,BLK_7P,2,후면SAW,4,2025-10-14 12:29:40,2025-10-14 12:53:35,23.9,,공통
b190_mixed_ps_sub_r1,MSF,7,BLK_7P,2,NC,5,2025-10-14 13:14:04,2025-10-14 13:57:43,43.6,,공통
b190_mixed_ps_sub_r1,MSF,7,BLK_7P,2,베이36B 론지취부,6,2025-10-14 13:57:43,2025-10-14 15:14:13,76.5,36B,베이36B
b190_mixed_ps_sub_r1,MSF,7,BLK_7P,2,베이36B 론지용접,7,2025-10-14 15:14:13,2025-10-14 15:38:37,24.4,36B,베이36B
b190_mixed_ps_sub_r1,MSF,7,BLK_7P,2,베이36B 수정,8,2025-10-14 15:38:37,2025-10-14 16:25:25,46.8,36B,베이36B
b190_mixed_ps_sub_r1,MSF,15,BLK_15S,3,판계,1,2025-10-14 09:10:00,2025-10-14 09:48:00,38.0,,공통
b190_mixed_ps_sub_r1,MSF,15,BLK_15S,3,전면SAW,2,2025-10-14 11:20:39,2025-10-14 13:05:52,105.2,,공통
b190_mixed_ps_sub_r1,MSF,15,BLK_15S,3,TurnOver,3,2025-10-14 13:05:52,2025-10-14 13:17:52,12.0,,공통
b190_mixed_ps_sub_r1,MSF,15,BLK_15S,3,후면SAW,4,2025-10-14 13:17:52,2025-10-14 14:41:35,83.7,,공통
b190_mixed_ps_sub_r1,MSF,15,BLK_15S,3,NC,5,2025-10-14 14:41:35,2025-10-14 15:29:47,48.2,,공통
b190_mixed_ps_sub_r1,MSF,15,BLK_15S,3,베이35A 론지취부,6,2025-10-14 15:29:47,2025-10-14 17:03:47,94.0,35A,베이35A
b190_mixed_ps_sub_r1,MSF,15,BLK_15S,3,베이35A 론지용접,7,2025-10-14 17:03:47,2025-10-14 17:31:11,27.4,35A,베이35A
b190_mixed_ps_sub_r1,MSF,15,BLK_15S,3,베이35A 수정,8,2025-10-14 17:31:11,2025-10-14 18:28:59,57.8,35A,베이35A
b190_mixed_ps_sub_r1,MSF,57,BLK_57P,4,판계,1,2025-10-14 09:48:00,2025-10-14 10:18:00,30.0,,공통
b190_mixed_ps_sub_r1,MSF,57,BLK_57P,4,전면SAW,2,2025-10-14 13:05:52,2025-10-14 13:36:24,30.5,,공통
b190_mixed_ps_sub_r1,MSF,57,BLK_57P,4,TurnOver,3,2025-10-14 13:36:24,2025-10-14 13:48:24,12.0,,공통
b190_mixed_ps_sub_r1,MSF,57,BLK_57P,4,후면SAW,4,2025-10-14 14:41:35,2025-10-14 15:00:37,19.0,,공통
b190_mixed_ps_sub_r1,MSF,57,BLK_57P,4,NC,5,2025-10-14 15:29:47,2025-10-14 16:11:15,41.5,,공통
b190_mixed_ps_sub_r1,MSF,57,BLK_57P,4,베이36B 론지취부,6,2025-10-14 16:11:15,2025-10-14 17:24:15,73.0,36B,베이36B
b190_mixed_ps_sub_r1,MSF,57,BLK_57P,4,베이36B 론지용접,7,2025-10-14 17:24:15,2025-10-14 17:48:03,23.8,36B,베이36B
b190_mixed_ps_sub_r1,MSF,57,BLK_57P,4,베이36B 수정,8,2025-10-14 17:48:03,2025-10-14 18:32:39,44.6,36B,베이36B
b190_mixed_ps_sub_r1,MSF,45,BLK_45P,5,판계,1,2025-10-14 10:18:00,2025-10-14 10:56:00,38.0,,공통
b190_mixed_ps_sub_r1,MSF,45,BLK_45P,5,전면SAW,2,2025-10-14 13:36:24,2025-10-14 15:18:42,102.3,,공통
b190_mixed_ps_sub_r1,MSF,45,BLK_45P,5,TurnOver,3,2025-10-14 15:18:42,2025-10-14 15:30:42,12.0,,공통
b190_mixed_ps_sub_r1,MSF,45,BLK_45P,5,후면SAW,4,2025-10-14 15:30:42,2025-10-14 16:51:45,81.0,,공통
b190_mixed_ps_sub_r1,MSF,45,BLK_45P,5,NC,5,2025-10-14 16:51:45,2025-10-14 17:36:48,45.0,,공통
b190_mixed_ps_sub_r1,MSF,45,BLK_45P,5,베이35A 론지취부,6,2025-10-14 17:36:48,2025-10-14 18:46:18,69.5,35A,베이35A
b190_mixed_ps_sub_r1,MSF,45,BLK_45P,5,베이35A 론지용접,7,2025-10-14 18:46:18,2025-10-14 19:09:30,23.2,35A,베이35A
b190_mixed_ps_sub_r1,MSF,45,BLK_45P,5,베이35A 수정,8,2025-10-14 19:09:30,2025-10-14 19:51:54,42.4,35A,베이35A
b190_mixed_ps_sub_r1,MSF,109,BLK_109C,6,판계,1,2025-10-14 10:56:00,2025-10-14 11:26:00,30.0,,공통
b190_mixed_ps_sub_r1,MSF,109,BLK_109C,6,전면SAW,2,2025-10-14 15:18:42,2025-10-14 15:51:25,32.7,,공통
b190_mixed_ps_sub_r1,MSF,109,BLK_109C,6,TurnOver,3,2025-10-14 15:51:25,2025-10-14 16:03:25,12.0,,공통
b190_mixed_ps_sub_r1,MSF,109,BLK_109C,6,후면SAW,4,2025-10-14 16:51:45,2025-10-14 17:13:40,21.9,,공통
b190_mixed_ps_sub_r1,MSF,109,BLK_109C,6,NC,5,2025-10-14 17:36:48,2025-10-14 18:21:04,44.3,,공통
b190_mixed_ps_sub_r1,MSF,109,BLK_109C,6,베이36B 론지취부,6,2025-10-14 18:21:04,2025-10-14 19:48:04,87.0,36B,베이36B
b190_mixed_ps_sub_r1,MSF,109,BLK_109C,6,베이36B 론지용접,7,2025-10-14 19:48:04,2025-10-14 20:14:16,26.2,36B,베이36B
b190_mixed_ps_sub_r1,MSF,109,BLK_109C,6,베이36B 수정,8,2025-10-14 20:14:16,2025-10-14 21:07:40,53.4,36B,베이36B
b190_mixed_ps_sub_r1,MSF,11,BLK_11S,7,판계,1,2025-10-14 11:26:00,2025-10-14 11:56:00,30.0,,공통
b190_mixed_ps_sub_r1,MSF,11,BLK_11S,7,전면SAW,2,2025-10-14 15:51:25,2025-10-14 17:53:23,122.0,,공통
b190_mixed_ps_sub_r1,MSF,11,BLK_11S,7,TurnOver,3,2025-10-14 17:53:23,2025-10-14 18:05:23,12.0,,공통
b190_mixed_ps_sub_r1,MSF,11,BLK_11S,7,후면SAW,4,2025-10-14 18:05:23,2025-10-14 19:33:04,87.7,,공통
b190_mixed_ps_sub_r1,MSF,11,BLK_11S,7,NC,5,2025-10-14 19:33:04,2025-10-14 20:29:54,56.8,,공통
b190_mixed_ps_sub_r1,MSF,11,BLK_11S,7,베이36B 론지취부,6,2025-10-14 20:29:54,2025-10-14 21:35:54,66.0,36B,베이36B
b190_mixed_ps_sub_r1,MSF,11,BLK_11S,7,베이36B 론지용접,7,2025-10-14 21:35:54,2025-10-14 21:58:30,22.6,36B,베이36B
b190_mixed_ps_sub_r1,MSF,11,BLK_11S,7,베이36B 수정,8,2025-10-14 21:58:30,2025-10-14 22:38:42,40.2,36B,베이36B
b190_mixed_ps_sub_r1,MSF,23,BLK_23C,8,판계,1,2025-10-14 11:56:00,2025-10-14 12:26:00,30.0,,공통
b190_mixed_ps_sub_r1,MSF,23,BLK_23C,8,전면SAW,2,2025-10-14 17:53:23,2025-10-14 18:25:18,31.9,,공통
b190_mixed_ps_sub_r1,MSF,23,BLK_23C,8,TurnOver,3,2025-10-14 18:25:18,2025-10-14 18:37:18,12.0,,공통
b190_mixed_ps_sub_r1,MSF,23,BLK_23C,8,후면SAW,4,2025-10-14 19:33:04,2025-10-14 19:53:57,20.9,,공통
b190_mixed_ps_sub_r1,MSF,23,BLK_23C,8,NC,5,2025-10-14 20:29:54,2025-10-14 21:20:22,50.5,,공통
b190_mixed_ps_sub_r1,MSF,23,BLK_23C,8,베이36B 론지취부,6,2025-10-14 21:35:54,2025-10-14 23:13:24,97.5,36B,베이36B
b190_mixed_ps_sub_r1,MSF,23,BLK_23C,8,베이36B 론지용접,7,2025-10-14 23:13:24,2025-10-14 23:41:24,28.0,36B,베이36B
b190_mixed_ps_sub_r1,MSF,23,BLK_23C,8,베이36B 수정,8,2025-10-14 23:41:24,2025-10-15 00:41:24,60.0,36B,베이36B
b190_mixed_ps_sub_r1,MSF,176,BLK_45S,9,판계,1,2025-10-14 12:26:00,2025-10-14 13:04:00,38.0,,공통
b190_mixed_ps_sub_r1,MSF,176,BLK_45S,9,전면SAW,2,2025-10-14 18:25:18,2025-10-14 20:07:37,102.3,,공통
b190_mixed_ps_sub_r1,MSF,176,BLK_45S,9,TurnOver,3,2025-10-14 20:07:37,2025-10-14 20:19:37,12.0,,공통
b190_mixed_ps_sub_r1,MSF,176,BLK_45S,9,후면SAW,4,2025-10-14 20:19:37,2025-10-14 21:40:39,81.0,,공통
b190_mixed_ps_sub_r1,MSF,176,BLK_45S,9,NC,5,2025-10-14 21:40:39,2025-10-14 22:25:42,45.0,,공통
b190_mixed_ps_sub_r1,MSF,176,BLK_45S,9,베이35A 론지취부,6,2025-10-14 22:25:42,2025-10-14 23:35:12,69.5,35A,베이35A
b190_mixed_ps_sub_r1,MSF,176,BLK_45S,9,베이35A 론지용접,7,2025-10-14 23:35:12,2025-10-14 23:58:24,23.2,35A,베이35A
b190_mixed_ps_sub_r1,MSF,176,BLK_45S,9,베이35A 수정,8,2025-10-14 23:58:24,2025-10-15 00:40:48,42.4,35A,베이35A
b190_mixed_ps_sub_r1,MSF,99,BLK_99C,10,판계,1,2025-10-14 13:04:00,2025-10-14 13:34:00,30.0,,공통
b190_mixed_ps_sub_r1,MSF,99,BLK_99C,10,전면SAW,2,2025-10-14 20:07:37,2025-10-14 20:39:09,31.5,,공통
b190_mixed_ps_sub_r1,MSF,99,BLK_99C,10,TurnOver,3,2025-10-14 20:39:09,2025-10-14 20:51:09,12.0,,공통
b190_mixed_ps_sub_r1,MSF,99,BLK_99C,10,후면SAW,4,2025-10-14 21:40:39,2025-10-14 22:01:01,20.4,,공통
b190_mixed_ps_sub_r1,MSF,99,BLK_99C,10,NC,5,2025-10-14 22:25:42,2025-10-14 23:15:57,50.2,,공통
b190_mixed_ps_sub_r1,MSF,99,BLK_99C,10,베이36B 론지취부,6,2025-10-14 23:15:57,2025-10-15 00:49:57,94.0,36B,베이36B
b190_mixed_ps_sub_r1,MSF,99,BLK_99C,10,베이36B 론지용접,7,2025-10-15 00:49:57,2025-10-15 01:17:21,27.4,36B,베이36B
b190_mixed_ps_sub_r1,MSF,99,BLK_99C,10,베이36B 수정,8,2025-10-15 01:17:21,2025-10-15 02:15:09,57.8,36B,베이36B
b190_mixed_ps_sub_r1,MSF,95,BLK_95S,11,판계,1,2025-10-14 13:34:00,2025-10-14 14:01:00,27.0,,공통
b190_mixed_ps_sub_r1,MSF,95,BLK_95S,11,전면SAW,2,2025-10-14 20:39:09,2025-10-14 22:51:29,132.3,,공통
b190_mixed_ps_sub_r1,MSF,95,BLK_95S,11,TurnOver,3,2025-10-14 22:51:29,2025-10-14 23:03:29,12.0,,공통
b190_mixed_ps_sub_r1,MSF,95,BLK_95S,11,후면SAW,4,2025-10-14 23:03:29,2025-10-15 00:39:28,96.0,,공통
b190_mixed_ps_sub_r1,MSF,95,BLK_95S,11,NC,5,2025-10-15 00:39:28,2025-10-15 01:10:33,31.1,,공통
b190_mixed_ps_sub_r1,MSF,95,BLK_95S,11,베이35A 론지취부,6,2025-10-15 01:10:33,2025-10-15 01:52:03,41.5,35A,베이35A
b190_mixed_ps_sub_r1,MSF,95,BLK_95S,11,베이35A 론지용접,7,2025-10-15 01:52:03,2025-10-15 02:06:27,14.4,35A,베이35A
b190_mixed_ps_sub_r1,MSF,95,BLK_95S,11,베이35A 수정,8,2025-10-15 02:06:27,2025-10-15 02:31:15,24.8,35A,베이35A
b190_mixed_ps_sub_r1,MSF,18,BLK_18P,12,판계,1,2025-10-14 14:01:00,2025-10-14 14:21:00,20.0,,공통
b190_mixed_ps_sub_r1,MSF,18,BLK_18P,12,전면SAW,2,2025-10-14 22:51:29,2025-10-14 23:32:51,41.4,,공통
b190_mixed_ps_sub_r1,MSF,18,BLK_18P,12,TurnOver,3,2025-10-14 23:32:51,2025-10-14 23:44:51,12.0,,공통
b190_mixed_ps_sub_r1,MSF,18,BLK_18P,12,후면SAW,4,2025-10-15 00:39:28,2025-10-15 01:12:46,33.3,,공통
b190_mixed_ps_sub_r1,MSF,18,BLK_18P,12,NC,5,2025-10-15 01:12:46,2025-10-15 01:39:18,26.5,,공통
b190_mixed_ps_sub_r1,MSF,18,BLK_18P,12,베이36B 론지취부,6,2025-10-15 01:39:18,2025-10-15 02:20:48,41.5,36B,베이36B
b190_mixed_ps_sub_r1,MSF,18,BLK_18P,12,베이36B 론지용접,7,2025-10-15 02:20:48,2025-10-15 02:39:12,18.4,36B,베이36B
b190_mixed_ps_sub_r1,MSF,18,BLK_18P,12,베이36B 수정,8,2025-10-15 02:39:12,2025-10-15 03:04:00,24.8,36B,베이36B
b190_mixed_ps_sub_r1,MSF,61,BLK_61C,13,판계,1,2025-10-14 14:21:00,2025-10-14 14:56:00,35.0,,공통
b190_mixed_ps_sub_r1,MSF,61,BLK_61C,13,전면SAW,2,2025-10-14 23:32:51,2025-10-15 02:35:25,182.6,,공통
b190_mixed_ps_sub_r1,MSF,61,BLK_61C,13,TurnOver,3,2025-10-15 02:35:25,2025-10-15 02:47:25,12.0,,공통
b190_mixed_ps_sub_r1,MSF,61,BLK_61C,13,후면SAW,4,2025-10-15 02:47:25,2025-10-15 05:28:22,161.0,,공통
b190_mixed_ps_sub_r1,MSF,61,BLK_61C,13,NC,5,2025-10-15 05:28:22,2025-10-15 06:10:39,42.3,,공통
b190_mixed_ps_sub_r1,MSF,61,BLK_61C,13,베이35A 론지취부,6,2025-10-15 06:10:39,2025-10-15 06:59:09,48.5,35A,베이35A
b190_mixed_ps_sub_r1,MSF,61,BLK_61C,13,베이35A 론지용접,7,2025-10-15 06:59:09,2025-10-15 07:18:45,19.6,35A,베이35A
b190_mixed_ps_sub_r1,MSF,61,BLK_61C,13,베이35A 수정,8,2025-10-15 07:18:45,2025-10-15 07:47:57,29.2,35A,베이35A
b190_mixed_ps_sub_r1,MSF,85,BLK_85C,14,판계,1,2025-10-14 14:56:00,2025-10-14 15:21:00,25.0,,공통
b190_mixed_ps_sub_r1,MSF,85,BLK_85C,14,전면SAW,2,2025-10-15 02:35:25,2025-10-15 03:07:05,31.7,,공통
b190_mixed_ps_sub_r1,MSF,85,BLK_85C,14,TurnOver,3,2025-10-15 03:07:05,2025-10-15 03:19:05,12.0,,공통
b190_mixed_ps_sub_r1,MSF,85,BLK_85C,14,후면SAW,4,2025-10-15 05:28:22,2025-10-15 05:48:55,20.6,,공통
b190_mixed_ps_sub_r1,MSF,85,BLK_85C,14,NC,5,2025-10-15 06:10:39,2025-10-15 06:42:37,32.0,,공통
b190_mixed_ps_sub_r1,MSF,85,BLK_85C,14,베이36B 론지취부,6,2025-10-15 06:42:37,2025-10-15 07:41:37,59.0,36B,베이36B
b190_mixed_ps_sub_r1,MSF,85,BLK_85C,14,베이36B 론지용접,7,2025-10-15 07:41:37,2025-10-15 08:03:01,21.4,36B,베이36B
b190_mixed_ps_sub_r1,MSF,85,BLK_85C,14,베이36B 수정,8,2025-10-15 08:03:01,2025-10-15 08:38:49,35.8,36B,베이36B
b190_mixed_ps_sub_r1,MSF,147,BLK_147S,15,판계,1,2025-10-14 15:21:00,2025-10-14 15:49:00,28.0,,공통
b190_mixed_ps_sub_r1,MSF,147,BLK_147S,15,전면SAW,2,2025-10-15 03:07:05,2025-10-15 05:05:05,118.0,,공통
b190_mixed_ps_sub_r1,MSF,147,BLK_147S,15,TurnOver,3,2025-10-15 05:05:05,2025-10-15 05:17:05,12.0,,공통
b190_mixed_ps_sub_r1,MSF,147,BLK_147S,15,후면SAW,4,2025-10-15 05:48:55,2025-10-15 07:24:16,95.3,,공통
b190_mixed_ps_sub_r1,MSF,147,BLK_147S,15,NC,5,2025-10-15 07:24:16,2025-10-15 07:59:29,35.2,,공통
b190_mixed_ps_sub_r1,MSF,147,BLK_147S,15,베이35A 론지취부,6,2025-10-15 07:59:29,2025-10-15 08:58:29,59.0,35A,베이35A
b190_mixed_ps_sub_r1,MSF,147,BLK_147S,15,베이35A 론지용접,7,2025-10-15 08:58:29,2025-10-15 09:19:53,21.4,35A,베이35A
b190_mixed_ps_sub_r1,MSF,147,BLK_147S,15,베이35A 수정,8,2025-10-15 09:19:53,2025-10-15 09:55:41,35.8,35A,베이35A
b190_mixed_ps_sub_r1,MSF,77,BLK_77C,16,판계,1,2025-10-14 15:49:00,2025-10-14 16:27:00,38.0,,공통
b190_mixed_ps_sub_r1,MSF,77,BLK_77C,16,전면SAW,2,2025-10-15 05:05:05,2025-10-15 06:54:03,109.0,,공통
b190_mixed_ps_sub_r1,MSF,77,BLK_77C,16,TurnOver,3,2025-10-15 06:54:03,2025-10-15 07:06:03,12.0,,공통
b190_mixed_ps_sub_r1,MSF,77,BLK_77C,16,후면SAW,4,2025-10-15 07:24:16,2025-10-15 08:51:23,87.1,,공통
b190_mixed_ps_sub_r1,MSF,77,BLK_77C,16,NC,5,2025-10-15 08:51:23,2025-10-15 09:40:11,48.8,,공통
b190_mixed_ps_sub_r1,MSF,77,BLK_77C,16,베이36B 론지취부,6,2025-10-15 09:40:11,2025-10-15 11:00:11,80.0,36B,베이36B
b190_mixed_ps_sub_r1,MSF,77,BLK_77C,16,베이36B 론지용접,7,2025-10-15 11:00:11,2025-10-15 11:25:11,25.0,36B,베이36B
b190_mixed_ps_sub_r1,MSF,77,BLK_77C,16,베이36B 수정,8,2025-10-15 11:25:11,2025-10-15 12:14:11,49.0,36B,베이36B
b190_mixed_ps_sub_r1,MSF,38,BLK_38P,17,판계,1,2025-10-14 16:27:00,2025-10-14 17:12:00,45.0,,공통
b190_mixed_ps_sub_r1,MSF,38,BLK_38P,17,전면SAW,2,2025-10-15 06:54:03,2025-10-15 09:31:03,157.0,,공통
b190_mixed_ps_sub_r1,MSF,38,BLK_38P,17,TurnOver,3,2025-10-15 09:31:03,2025-10-15 09:43:03,12.0,,공통
b190_mixed_ps_sub_r1,MSF,38,BLK_38P,17,후면SAW,4,2025-10-15 09:43:03,2025-10-15 11:38:45,115.7,,공통
b190_mixed_ps_sub_r1,MSF,38,BLK_38P,17,NC,5,2025-10-15 11:38:45,2025-10-15 12:33:01,54.3,,공통
b190_mixed_ps_sub_r1,MSF,38,BLK_38P,17,베이35A 론지취부,6,2025-10-15 12:33:01,2025-10-15 13:49:31,76.5,35A,베이35A
b190_mixed_ps_sub_r1,MSF,38,BLK_38P,17,베이35A 론지용접,7,2025-10-15 13:49:31,2025-10-15 14:13:55,24.4,35A,베이35A
b190_mixed_ps_sub_r1,MSF,38,BLK_38P,17,베이35A 수정,8,2025-10-15 14:13:55,2025-10-15 15:00:43,46.8,35A,베이35A
b190_mixed_ps_sub_r1,MSF,113,BLK_113S,18,판계,1,2025-10-14 17:12:00,2025-10-14 17:24:00,12.0,,공통
b190_mixed_ps_sub_r1,MSF,113,BLK_113S,18,전면SAW,2,2025-10-15 09:31:03,2025-10-15 10:08:22,37.3,,공통
b190_mixed_ps_sub_r1,MSF,113,BLK_113S,18,TurnOver,3,2025-10-15 10:08:22,2025-10-15 10:20:22,12.0,,공통
b190_mixed_ps_sub_r1,MSF,113,BLK_113S,18,후면SAW,4,2025-10-15 11:38:45,2025-10-15 12:06:45,28.0,,공통
b190_mixed_ps_sub_r1,MSF,113,BLK_113S,18,NC,5,2025-10-15 12:33:01,2025-10-15 12:53:21,20.3,,공통
b190_mixed_ps_sub_r1,MSF,113,BLK_113S,18,베이36B 론지취부,6,2025-10-15 12:53:21,2025-10-15 13:20:51,27.5,36B,베이36B
b190_mixed_ps_sub_r1,MSF,113,BLK_113S,18,베이36B 론지용접,7,2025-10-15 13:20:51,2025-10-15 13:32:51,12.0,36B,베이36B
b190_mixed_ps_sub_r1,MSF,113,BLK_113S,18,베이36B 수정,8,2025-10-15 13:32:51,2025-10-15 13:48:51,16.0,36B,베이36B
b190_mixed_ps_sub_r1,MSF,53,BLK_53C,1,판계,1,2025-10-15 08:00:00,2025-10-15 08:30:00,30.0,,공통
b190_mixed_ps_sub_r1,MSF,53,BLK_53C,1,전면SAW,2,2025-10-15 10:08:22,2025-10-15 13:18:22,190.0,,공통
b190_mixed_ps_sub_r1,MSF,53,BLK_53C,1,TurnOver,3,2025-10-15 13:18:22,2025-10-15 13:30:22,12.0,,공통
b190_mixed_ps_sub_r1,MSF,53,BLK_53C,1,후면SAW,4,2025-10-15 13:30:22,2025-10-15 16:15:22,165.0,,공통
b190_mixed_ps_sub_r1,MSF,53,BLK_53C,1,NC,5,2025-10-15 16:15:22,2025-10-15 17:24:22,69.0,,공통
b190_mixed_ps_sub_r1,MSF,53,BLK_53C,1,베이35A 론지취부,6,2025-10-15 17:24:22,2025-10-15 18:58:22,94.0,35A,베이35A
b190_mixed_ps_sub_r1,MSF,53,BLK_53C,1,베이35A 론지용접,7,2025-10-15 18:58:22,2025-10-15 19:25:46,27.4,35A,베이35A
b190_mixed_ps_sub_r1,MSF,53,BLK_53C,1,베이35A 수정,8,2025-10-15 19:25:46,2025-10-15 20:23:34,57.8,35A,베이35A
b190_mixed_ps_sub_r1,MSF,87,BLK_87P,2,판계,1,2025-10-15 08:30:00,2025-10-15 09:00:00,30.0,,공통
b190_mixed_ps_sub_r1,MSF,87,BLK_87P,2,전면SAW,2,2025-10-15 13:18:22,2025-10-15 13:55:28,37.1,,공통
b190_mixed_ps_sub_r1,MSF,87,BLK_87P,2,TurnOver,3,2025-10-15 13:55:28,2025-10-15 14:07:28,12.0,,공통
b190_mixed_ps_sub_r1,MSF,87,BLK_87P,2,후면SAW,4,2025-10-15 16:15:22,2025-10-15 16:43:04,27.7,,공통
b190_mixed_ps_sub_r1,MSF,87,BLK_87P,2,NC,5,2025-10-15 17:24:22,2025-10-15 18:12:06,47.7,,공통
b190_mixed_ps_sub_r1,MSF,87,BLK_87P,2,베이36B 론지취부,6,2025-10-15 18:12:06,2025-10-15 19:42:36,90.5,36B,베이36B
b190_mixed_ps_sub_r1,MSF,87,BLK_87P,2,베이36B 론지용접,7,2025-10-15 19:42:36,2025-10-15 20:09:24,26.8,36B,베이36B
b190_mixed_ps_sub_r1,MSF,87,BLK_87P,2,베이36B 수정,8,2025-10-15 20:09:24,2025-10-15 21:05:00,55.6,36B,베이36B
b190_mixed_ps_sub_r1,MSF,137,BLK_137C,3,판계,1,2025-10-15 09:00:00,2025-10-15 09:30:00,30.0,,공통
b190_mixed_ps_sub_r1,MSF,137,BLK_137C,3,전면SAW,2,2025-10-15 13:55:28,2025-10-15 14:28:06,32.6,,공통
b190_mixed_ps_sub_r1,MSF,137,BLK_137C,3,TurnOver,3,2025-10-15 14:28:06,2025-10-15 14:40:06,12.0,,공통
b190_mixed_ps_sub_r1,MSF,137,BLK_137C,3,후면SAW,4,2025-10-15 16:43:04,2025-10-15 17:04:52,21.8,,공통
b190_mixed_ps_sub_r1,MSF,137,BLK_137C,3,NC,5,2025-10-15 18:12:06,2025-10-15 19:01:58,49.9,,공통
b190_mixed_ps_sub_r1,MSF,137,BLK_137C,3,베이35A 론지취부,6,2025-10-15 19:01:58,2025-10-15 20:39:28,97.5,35A,베이35A
b190_mixed_ps_sub_r1,MSF,137,BLK_137C,3,베이35A 론지용접,7,2025-10-15 20:39:28,2025-10-15 21:07:28,28.0,35A,베이35A
b190_mixed_ps_sub_r1,MSF,137,BLK_137C,3,베이35A 수정,8,2025-10-15 21:07:28,2025-10-15 22:07:28,60.0,35A,베이35A
b190_mixed_ps_sub_r1,MSF,34,BLK_34S,4,판계,1,2025-10-15 09:30:00,2025-10-15 10:15:00,45.0,,공통
b190_mixed_ps_sub_r1,MSF,34,BLK_34S,4,전면SAW,2,2025-10-15 14:28:06,2025-10-15 15:10:25,42.3,,공통
b190_mixed_ps_sub_r1,MSF,34,BLK_34S,4,TurnOver,3,2025-10-15 15:10:25,2025-10-15 15:22:25,12.0,,공통
b190_mixed_ps_sub_r1,MSF,34,BLK_34S,4,후면SAW,4,2025-10-15 17:04:52,2025-10-15 17:39:26,34.6,,공통
b190_mixed_ps_sub_r1,MSF,34,BLK_34S,4,NC,5,2025-10-15 19:01:58,2025-10-15 19:56:28,54.5,,공통
b190_mixed_ps_sub_r1,MSF,34,BLK_34S,4,베이36B 론지취부,6,2025-10-15 19:56:28,2025-10-15 21:40:58,104.5,36B,베이36B
b190_mixed_ps_sub_r1,MSF,34,BLK_34S,4,베이36B 론지용접,7,2025-10-15 21:40:58,2025-10-15 22:10:10,29.2,36B,베이36B
b190_mixed_ps_sub_r1,MSF,34,BLK_34S,4,베이36B 수정,8,2025-10-15 22:10:10,2025-10-15 23:14:34,64.4,36B,베이36B
b190_mixed_ps_sub_r1,MSF,46,BLK_46S,5,판계,1,2025-10-15 10:15:00,2025-10-15 10:35:00,20.0,,공통
b190_mixed_ps_sub_r1,MSF,46,BLK_46S,5,전면SAW,2,2025-10-15 15:10:25,2025-10-15 16:41:56,91.5,,공통
b190_mixed_ps_sub_r1,MSF,46,BLK_46S,5,TurnOver,3,2025-10-15 16:41:56,2025-10-15 16:53:56,12.0,,공통
b190_mixed_ps_sub_r1,MSF,46,BLK_46S,5,후면SAW,4,2025-10-15 17:39:26,2025-10-15 18:50:38,71.2,,공통
b190_mixed_ps_sub_r1,MSF,46,BLK_46S,5,NC,5,2025-10-15 19:56:28,2025-10-15 20:22:32,26.1,,공통
b190_mixed_ps_sub_r1,MSF,46,BLK_46S,5,베이35A 론지취부,6,2025-10-15 20:39:28,2025-10-15 21:10:28,31.0,35A,베이35A
b190_mixed_ps_sub_r1,MSF,46,BLK_46S,5,베이35A 론지용접,7,2025-10-15 21:10:28,2025-10-15 21:23:04,12.6,35A,베이35A
b190_mixed_ps_sub_r1,MSF,46,BLK_46S,5,베이35A 수정,8,2025-10-15 22:07:28,2025-10-15 22:25:40,18.2,35A,베이35A
b190_mixed_ps_sub_r1,MSF,27,BLK_27P,6,판계,1,2025-10-15 10:35:00,2025-10-15 10:55:00,20.0,,공통
b190_mixed_ps_sub_r1,MSF,27,BLK_27P,6,전면SAW,2,2025-10-15 16:41:56,2025-10-15 17:43:25,61.5,,공통
b190_mixed_ps_sub_r1,MSF,27,BLK_27P,6,TurnOver,3,2025-10-15 17:43:25,2025-10-15 17:55:25,12.0,,공통
b190_mixed_ps_sub_r1,MSF,27,BLK_27P,6,후면SAW,4,2025-10-15 18:50:38,2025-10-15 19:50:26,59.8,,공통
b190_mixed_ps_sub_r1,MSF,27,BLK_27P,6,NC,5,2025-10-15 20:22:32,2025-10-15 20:54:08,31.6,,공통
b190_mixed_ps_sub_r1,MSF,27,BLK_27P,6,베이36B 론지취부,6,2025-10-15 21:40:58,2025-10-15 22:46:58,66.0,36B,베이36B
b190_mixed_ps_sub_r1,MSF,27,BLK_27P,6,베이36B 론지용접,7,2025-10-15 22:46:58,2025-10-15 23:09:34,22.6,36B,베이36B
b190_mixed_ps_sub_r1,MSF,27,BLK_27P,6,베이36B 수정,8,2025-10-15 23:14:34,2025-10-15 23:54:46,40.2,36B,베이36B
b190_mixed_ps_sub_r1,MSF,19,BLK_19S,7,판계,1,2025-10-15 10:55:00,2025-10-15 11:23:00,28.0,,공통
b190_mixed_ps_sub_r1,MSF,19,BLK_19S,7,전면SAW,2,2025-10-15 17:43:25,2025-10-15 20:01:19,137.9,,공통
b190_mixed_ps_sub_r1,MSF,19,BLK_19S,7,TurnOver,3,2025-10-15 20:01:19,2025-10-15 20:13:19,12.0,,공통
b190_mixed_ps_sub_r1,MSF,19,BLK_19S,7,후면SAW,4,2025-10-15 20:13:19,2025-10-15 22:06:48,113.5,,공통
b190_mixed_ps_sub_r1,MSF,19,BLK_19S,7,NC,5,2025-10-15 22:06:48,2025-10-15 22:42:21,35.6,,공통
b190_mixed_ps_sub_r1,MSF,19,BLK_19S,7,베이35A 론지취부,6,2025-10-15 22:42:21,2025-10-15 23:30:51,48.5,35A,베이35A
b190_mixed_ps_sub_r1,MSF,19,BLK_19S,7,베이35A 론지용접,7,2025-10-15 23:30:51,2025-10-15 23:50:27,19.6,35A,베이35A
b190_mixed_ps_sub_r1,MSF,19,BLK_19S,7,베이35A 수정,8,2025-10-15 23:50:27,2025-10-16 00:19:39,29.2,35A,베이35A
b190_mixed_ps_sub_r1,MSF,50,BLK_50P,8,판계,1,2025-10-15 11:23:00,2025-10-15 11:48:00,25.0,,공통
b190_mixed_ps_sub_r1,MSF,50,BLK_50P,8,전면SAW,2,2025-10-15 20:01:19,2025-10-15 20:28:52,27.6,,공통
b190_mixed_ps_sub_r1,MSF,50,BLK_50P,8,TurnOver,3,2025-10-15 20:28:52,2025-10-15 20:40:52,12.0,,공통
b190_mixed_ps_sub_r1,MSF,50,BLK_50P,8,후면SAW,4,2025-10-15 22:06:48,2025-10-15 22:21:56,15.1,,공통
b190_mixed_ps_sub_r1,MSF,50,BLK_50P,8,NC,5,2025-10-15 22:42:21,2025-10-15 23:13:55,31.6,,공통
b190_mixed_ps_sub_r1,MSF,50,BLK_50P,8,베이36B 론지취부,6,2025-10-15 23:13:55,2025-10-15 23:58:55,45.0,36B,베이36B
b190_mixed_ps_sub_r1,MSF,50,BLK_50P,8,베이36B 론지용접,7,2025-10-15 23:58:55,2025-10-16 00:17:55,19.0,36B,베이36B
b190_mixed_ps_sub_r1,MSF,50,BLK_50P,8,베이36B 수정,8,2025-10-16 00:17:55,2025-10-16 00:44:55,27.0,36B,베이36B
b190_mixed_ps_sub_r1,MSF,31,BLK_31S,9,판계,1,2025-10-15 11:48:00,2025-10-15 12:21:00,33.0,,공통
b190_mixed_ps_sub_r1,MSF,31,BLK_31S,9,전면SAW,2,2025-10-15 20:28:52,2025-10-15 22:10:15,101.4,,공통
b190_mixed_ps_sub_r1,MSF,31,BLK_31S,9,TurnOver,3,2025-10-15 22:10:15,2025-10-15 22:22:15,12.0,,공통
b190_mixed_ps_sub_r1,MSF,31,BLK_31S,9,후면SAW,4,2025-10-15 22:22:15,2025-10-15 23:42:27,80.2,,공통
b190_mixed_ps_sub_r1,MSF,31,BLK_31S,9,NC,5,2025-10-15 23:42:27,2025-10-16 00:22:33,40.1,,공통
b190_mixed_ps_sub_r1,MSF,31,BLK_31S,9,베이35A 론지취부,6,2025-10-16 00:22:33,2025-10-16 01:14:33,52.0,35A,베이35A
b190_mixed_ps_sub_r1,MSF,31,BLK_31S,9,베이35A 론지용접,7,2025-10-16 01:14:33,2025-10-16 01:34:45,20.2,35A,베이35A
b190_mixed_ps_sub_r1,MSF,31,BLK_31S,9,베이35A 수정,8,2025-10-16 01:34:45,2025-10-16 02:06:09,31.4,35A,베이35A
b190_mixed_ps_sub_r1,MSF,35,BLK_35C,10,판계,1,2025-10-15 12:21:00,2025-10-15 12:46:00,25.0,,공통
b190_mixed_ps_sub_r1,MSF,35,BLK_35C,10,전면SAW,2,2025-10-15 22:10:15,2025-10-15 22:45:28,35.2,,공통
b190_mixed_ps_sub_r1,MSF,35,BLK_35C,10,TurnOver,3,2025-10-15 22:45:28,2025-10-15 22:57:28,12.0,,공통
b190_mixed_ps_sub_r1,MSF,35,BLK_35C,10,후면SAW,4,2025-10-15 23:42:27,2025-10-16 00:07:40,25.2,,공통
b190_mixed_ps_sub_r1,MSF,35,BLK_35C,10,NC,5,2025-10-16 00:22:33,2025-10-16 00:58:36,36.0,,공통
b190_mixed_ps_sub_r1,MSF,35,BLK_35C,10,베이36B 론지취부,6,2025-10-16 00:58:36,2025-10-16 02:04:36,66.0,36B,베이36B
b190_mixed_ps_sub_r1,MSF,35,BLK_35C,10,베이36B 론지용접,7,2025-10-16 02:04:36,2025-10-16 02:27:12,22.6,36B,베이36B
b190_mixed_ps_sub_r1,MSF,35,BLK_35C,10,베이36B 수정,8,2025-10-16 02:27:12,2025-10-16 03:07:24,40.2,36B,베이36B
b190_mixed_ps_sub_r1,MSF,71,BLK_71P,11,판계,1,2025-10-15 12:46:00,2025-10-15 13:19:00,33.0,,공통
b190_mixed_ps_sub_r1,MSF,71,BLK_71P,11,전면SAW,2,2025-10-15 22:45:28,2025-10-16 00:10:29,85.0,,공통
b190_mixed_ps_sub_r1,MSF,71,BLK_71P,11,TurnOver,3,2025-10-16 00:10:29,2025-10-16 00:22:29,12.0,,공통
b190_mixed_ps_sub_r1,MSF,71,BLK_71P,11,후면SAW,4,2025-10-16 00:22:29,2025-10-16 01:27:45,65.3,,공통
b190_mixed_ps_sub_r1,MSF,71,BLK_71P,11,NC,5,2025-10-16 01:27:45,2025-10-16 02:06:09,38.4,,공통
b190_mixed_ps_sub_r1,MSF,71,BLK_71P,11,베이35A 론지취부,6,2025-10-16 02:06:09,2025-10-16 02:51:09,45.0,35A,베이35A
b190_mixed_ps_sub_r1,MSF,71,BLK_71P,11,베이35A 론지용접,7,2025-10-16 02:51:09,2025-10-16 03:10:09,19.0,35A,베이35A
b190_mixed_ps_sub_r1,MSF,71,BLK_71P,11,베이35A 수정,8,2025-10-16 03:10:09,2025-10-16 03:37:09,27.0,35A,베이35A
b190_mixed_ps_sub_r1,MSF,30,BLK_30C,12,판계,1,2025-10-15 13:19:00,2025-10-15 13:49:00,30.0,,공통
b190_mixed_ps_sub_r1,MSF,30,BLK_30C,12,전면SAW,2,2025-10-16 00:10:29,2025-10-16 00:38:16,27.8,,공통
b190_mixed_ps_sub_r1,MSF,30,BLK_30C,12,TurnOver,3,2025-10-16 00:38:16,2025-10-16 00:50:16,12.0,,공통
b190_mixed_ps_sub_r1,MSF,30,BLK_30C,12,후면SAW,4,2025-10-16 01:27:45,2025-10-16 01:43:12,15.4,,공통
b190_mixed_ps_sub_r1,MSF,30,BLK_30C,12,NC,5,2025-10-16 02:06:09,2025-10-16 02:49:33,43.4,,공통
b190_mixed_ps_sub_r1,MSF,30,BLK_30C,12,베이36B 론지취부,6,2025-10-16 02:49:33,2025-10-16 03:59:03,69.5,36B,베이36B
b190_mixed_ps_sub_r1,MSF,30,BLK_30C,12,베이36B 론지용접,7,2025-10-16 03:59:03,2025-10-16 04:22:15,23.2,36B,베이36B
b190_mixed_ps_sub_r1,MSF,30,BLK_30C,12,베이36B 수정,8,2025-10-16 04:22:15,2025-10-16 05:04:39,42.4,36B,베이36B
b190_mixed_ps_sub_r1,MSF,81,BLK_81P,13,판계,1,2025-10-15 13:49:00,2025-10-15 14:27:00,38.0,,공통
b190_mixed_ps_sub_r1,MSF,81,BLK_81P,13,전면SAW,2,2025-10-16 00:38:16,2025-10-16 02:34:32,116.3,,공통
b190_mixed_ps_sub_r1,MSF,81,BLK_81P,13,TurnOver,3,2025-10-16 02:34:32,2025-10-16 02:46:32,12.0,,공통
b190_mixed_ps_sub_r1,MSF,81,BLK_81P,13,후면SAW,4,2025-10-16 02:46:32,2025-10-16 04:44:06,117.6,,공통
b190_mixed_ps_sub_r1,MSF,81,BLK_81P,13,NC,5,2025-10-16 04:44:06,2025-10-16 05:31:27,47.4,,공통
b190_mixed_ps_sub_r1,MSF,81,BLK_81P,13,베이35A 론지취부,6,2025-10-16 05:31:27,2025-10-16 06:40:57,69.5,35A,베이35A
b190_mixed_ps_sub_r1,MSF,81,BLK_81P,13,베이35A 론지용접,7,2025-10-16 06:40:57,2025-10-16 07:04:09,23.2,35A,베이35A
b190_mixed_ps_sub_r1,MSF,81,BLK_81P,13,베이35A 수정,8,2025-10-16 07:04:09,2025-10-16 07:46:33,42.4,35A,베이35A
b190_mixed_ps_sub_r1,MSF,172,BLK_81S,14,판계,1,2025-10-15 14:27:00,2025-10-15 15:05:00,38.0,,공통
b190_mixed_ps_sub_r1,MSF,172,BLK_81S,14,전면SAW,2,2025-10-16 02:34:32,2025-10-16 04:30:48,116.3,,공통
b190_mixed_ps_sub_r1,MSF,172,BLK_81S,14,TurnOver,3,2025-10-16 04:30:48,2025-10-16 04:42:48,12.0,,공통
b190_mixed_ps_sub_r1,MSF,172,BLK_81S,14,후면SAW,4,2025-10-16 04:44:06,2025-10-16 06:41:39,117.6,,공통
b190_mixed_ps_sub_r1,MSF,172,BLK_81S,14,NC,5,2025-10-16 06:41:39,2025-10-16 07:29:01,47.4,,공통
b190_mixed_ps_sub_r1,MSF,172,BLK_81S,14,베이36B 론지취부,6,2025-10-16 07:29:01,2025-10-16 08:38:31,69.5,36B,베이36B
b190_mixed_ps_sub_r1,MSF,172,BLK_81S,14,베이36B 론지용접,7,2025-10-16 08:38:31,2025-10-16 09:01:43,23.2,36B,베이36B
b190_mixed_ps_sub_r1,MSF,172,BLK_81S,14,베이36B 수정,8,2025-10-16 09:01:43,2025-10-16 09:44:07,42.4,36B,베이36B
b190_mixed_ps_sub_r1,MSF,42,BLK_42S,15,판계,1,2025-10-15 15:05:00,2025-10-15 15:35:00,30.0,,공통
b190_mixed_ps_sub_r1,MSF,42,BLK_42S,15,전면SAW,2,2025-10-16 04:30:48,2025-10-16 05:06:01,35.2,,공통
b190_mixed_ps_sub_r1,MSF,42,BLK_42S,15,TurnOver,3,2025-10-16 05:06:01,2025-10-16 05:18:01,12.0,,공통
b190_mixed_ps_sub_r1,MSF,42,BLK_42S,15,후면SAW,4,2025-10-16 06:41:39,2025-10-16 07:06:54,25.2,,공통
b190_mixed_ps_sub_r1,MSF,42,BLK_42S,15,NC,5,2025-10-16 07:29:01,2025-10-16 08:13:30,44.5,,공통
b190_mixed_ps_sub_r1,MSF,42,BLK_42S,15,베이35A 론지취부,6,2025-10-16 08:13:30,2025-10-16 09:23:00,69.5,35A,베이35A
b190_mixed_ps_sub_r1,MSF,42,BLK_42S,15,베이35A 론지용접,7,2025-10-16 09:23:00,2025-10-16 09:46:12,23.2,35A,베이35A
b190_mixed_ps_sub_r1,MSF,42,BLK_42S,15,베이35A 수정,8,2025-10-16 09:46:12,2025-10-16 10:28:36,42.4,35A,베이35A
b190_mixed_ps_sub_r1,MSF,91,BLK_91C,16,판계,1,2025-10-15 15:35:00,2025-10-15 16:05:00,30.0,,공통
b190_mixed_ps_sub_r1,MSF,91,BLK_91C,16,전면SAW,2,2025-10-16 05:06:01,2025-10-16 05:38:07,32.1,,공통
b190_mixed_ps_sub_r1,MSF,91,BLK_91C,16,TurnOver,3,2025-10-16 05:38:07,2025-10-16 05:50:07,12.0,,공통
b190_mixed_ps_sub_r1,MSF,91,BLK_91C,16,후면SAW,4,2025-10-16 07:06:54,2025-10-16 07:28:00,21.1,,공통
b190_mixed_ps_sub_r1,MSF,91,BLK_91C,16,NC,5,2025-10-16 08:13:30,2025-10-16 09:01:34,48.1,,공통
b190_mixed_ps_sub_r1,MSF,91,BLK_91C,16,베이36B 론지취부,6,2025-10-16 09:01:34,2025-10-16 10:21:34,80.0,36B,베이36B
b190_mixed_ps_sub_r1,MSF,91,BLK_91C,16,베이36B 론지용접,7,2025-10-16 10:21:34,2025-10-16 10:46:34,25.0,36B,베이36B
b190_mixed_ps_sub_r1,MSF,91,BLK_91C,16,베이36B 수정,8,2025-10-16 10:46:34,2025-10-16 11:35:34,49.0,36B,베이36B
b190_mixed_ps_sub_r1,MSF,66,BLK_66C,17,판계,1,2025-10-15 16:05:00,2025-10-15 16:35:00,30.0,,공통
b190_mixed_ps_sub_r1,MSF,66,BLK_66C,17,전면SAW,2,2025-10-16 05:38:07,2025-10-16 07:30:19,112.2,,공통
b190_mixed_ps_sub_r1,MSF,66,BLK_66C,17,TurnOver,3,2025-10-16 07:30:19,2025-10-16 07:42:19,12.0,,공통
b190_mixed_ps_sub_r1,MSF,66,BLK_66C,17,후면SAW,4,2025-10-16 07:42:19,2025-10-16 09:35:10,112.8,,공통
b190_mixed_ps_sub_r1,MSF,66,BLK_66C,17,NC,5,2025-10-16 09:35:10,2025-10-16 10:29:36,54.4,,공통
b190_mixed_ps_sub_r1,MSF,66,BLK_66C,17,베이35A 론지취부,6,2025-10-16 10:29:36,2025-10-16 11:53:06,83.5,35A,베이35A
b190_mixed_ps_sub_r1,MSF,66,BLK_66C,17,베이35A 론지용접,7,2025-10-16 11:53:06,2025-10-16 12:18:42,25.6,35A,베이35A
b190_mixed_ps_sub_r1,MSF,66,BLK_66C,17,베이35A 수정,8,2025-10-16 12:18:42,2025-10-16 13:09:54,51.2,35A,베이35A
b190_mixed_ps_sub_r1,MSF,143,BLK_143C,1,판계,1,2025-10-16 08:00:00,2025-10-16 08:12:00,12.0,,공통
b190_mixed_ps_sub_r1,MSF,143,BLK_143C,1,전면SAW,2,2025-10-16 08:12:00,2025-10-16 08:57:22,45.4,,공통
b190_mixed_ps_sub_r1,MSF,143,BLK_143C,1,TurnOver,3,2025-10-16 08:57:22,2025-10-16 09:09:22,12.0,,공통
b190_mixed_ps_sub_r1,MSF,143,BLK_143C,1,후면SAW,4,2025-10-16 09:35:10,2025-10-16 10:13:46,38.6,,공통
b190_mixed_ps_sub_r1,MSF,143,BLK_143C,1,NC,5,2025-10-16 10:29:36,2025-10-16 10:51:41,22.1,,공통
b190_mixed_ps_sub_r1,MSF,143,BLK_143C,1,베이36B 론지취부,6,2025-10-16 10:51:41,2025-10-16 11:40:11,48.5,36B,베이36B
b190_mixed_ps_sub_r1,MSF,143,BLK_143C,1,베이36B 론지용접,7,2025-10-16 11:40:11,2025-10-16 11:59:47,19.6,36B,베이36B
b190_mixed_ps_sub_r1,MSF,143,BLK_143C,1,베이36B 수정,8,2025-10-16 11:59:47,2025-10-16 12:28:59,29.2,36B,베이36B
b190_mixed_ps_sub_r1,MSF,24,BLK_24P,2,판계,1,2025-10-16 08:12:00,2025-10-16 08:39:00,27.0,,공통
b190_mixed_ps_sub_r1,MSF,24,BLK_24P,2,전면SAW,2,2025-10-16 08:57:22,2025-10-16 11:09:44,132.4,,공통
b190_mixed_ps_sub_r1,MSF,24,BLK_24P,2,TurnOver,3,2025-10-16 11:09:44,2025-10-16 11:21:44,12.0,,공통
b190_mixed_ps_sub_r1,MSF,24,BLK_24P,2,후면SAW,4,2025-10-16 11:21:44,2025-10-16 12:55:37,93.9,,공통
b190_mixed_ps_sub_r1,MSF,24,BLK_24P,2,NC,5,2025-10-16 12:55:37,2025-10-16 13:31:39,36.0,,공통
b190_mixed_ps_sub_r1,MSF,24,BLK_24P,2,베이35A 론지취부,6,2025-10-16 13:31:39,2025-10-16 14:13:09,41.5,35A,베이35A
b190_mixed_ps_sub_r1,MSF,24,BLK_24P,2,베이35A 론지용접,7,2025-10-16 14:13:09,2025-10-16 14:27:33,14.4,35A,베이35A
b190_mixed_ps_sub_r1,MSF,24,BLK_24P,2,베이35A 수정,8,2025-10-16 14:27:33,2025-10-16 14:52:21,24.8,35A,베이35A
b190_mixed_ps_sub_r1,MSF,58,BLK_58S,3,판계,1,2025-10-16 08:39:00,2025-10-16 08:51:00,12.0,,공통
b190_mixed_ps_sub_r1,MSF,58,BLK_58S,3,전면SAW,2,2025-10-16 11:09:44,2025-10-16 11:48:46,39.0,,공통
b190_mixed_ps_sub_r1,MSF,58,BLK_58S,3,TurnOver,3,2025-10-16 11:48:46,2025-10-16 12:00:46,12.0,,공통
b190_mixed_ps_sub_r1,MSF,58,BLK_58S,3,후면SAW,4,2025-10-16 12:55:37,2025-10-16 13:25:51,30.2,,공통
b190_mixed_ps_sub_r1,MSF,58,BLK_58S,3,NC,5,2025-10-16 13:31:39,2025-10-16 13:52:21,20.7,,공통
b190_mixed_ps_sub_r1,MSF,58,BLK_58S,3,베이36B 론지취부,6,2025-10-16 13:52:21,2025-10-16 14:23:21,31.0,36B,베이36B
b190_mixed_ps_sub_r1,MSF,58,BLK_58S,3,베이36B 론지용접,7,2025-10-16 14:23:21,2025-10-16 14:35:57,12.6,36B,베이36B
b190_mixed_ps_sub_r1,MSF,58,BLK_58S,3,베이36B 수정,8,2025-10-16 14:35:57,2025-10-16 14:54:09,18.2,36B,베이36B
b190_mixed_ps_sub_r1,MSF,62,BLK_62S,4,판계,1,2025-10-16 08:51:00,2025-10-16 09:03:00,12.0,,공통
b190_mixed_ps_sub_r1,MSF,62,BLK_62S,4,전면SAW,2,2025-10-16 11:48:46,2025-10-16 12:25:44,37.0,,공통
b190_mixed_ps_sub_r1,MSF,62,BLK_62S,4,TurnOver,3,2025-10-16 12:25:44,2025-10-16 12:37:44,12.0,,공통
b190_mixed_ps_sub_r1,MSF,62,BLK_62S,4,후면SAW,4,2025-10-16 13:25:51,2025-10-16 13:53:23,27.5,,공통
b190_mixed_ps_sub_r1,MSF,62,BLK_62S,4,NC,5,2025-10-16 13:53:23,2025-10-16 14:14:04,20.7,,공통
b190_mixed_ps_sub_r1,MSF,62,BLK_62S,4,베이35A 론지취부,6,2025-10-16 14:14:04,2025-10-16 14:55:34,41.5,35A,베이35A
b190_mixed_ps_sub_r1,MSF,62,BLK_62S,4,베이35A 론지용접,7,2025-10-16 14:55:34,2025-10-16 15:09:58,14.4,35A,베이35A
b190_mixed_ps_sub_r1,MSF,62,BLK_62S,4,베이35A 수정,8,2025-10-16 15:09:58,2025-10-16 15:34:46,24.8,35A,베이35A
b190_mixed_ps_sub_r1,MSF,126,BLK_126S,5,판계,1,2025-10-16 09:03:00,2025-10-16 09:15:00,12.0,,공통
b190_mixed_ps_sub_r1,MSF,126,BLK_126S,5,전면SAW,2,2025-10-16 12:25:44,2025-10-16 13:16:45,51.0,,공통
b190_mixed_ps_sub_r1,MSF,126,BLK_126S,5,TurnOver,3,2025-10-16 13:16:45,2025-10-16 13:28:45,12.0,,공통
b190_mixed_ps_sub_r1,MSF,126,BLK_126S,5,후면SAW,4,2025-10-16 13:53:23,2025-10-16 14:39:24,46.0,,공통
b190_mixed_ps_sub_r1,MSF,126,BLK_126S,5,NC,5,2025-10-16 14:39:24,2025-10-16 15:03:21,23.9,,공통
b190_mixed_ps_sub_r1,MSF,126,BLK_126S,5,베이36B 론지취부,6,2025-10-16 15:03:21,2025-10-16 15:58:51,55.5,36B,베이36B
b190_mixed_ps_sub_r1,MSF,126,BLK_126S,5,베이36B 론지용접,7,2025-10-16 15:58:51,2025-10-16 16:19:39,20.8,36B,베이36B
b190_mixed_ps_sub_r1,MSF,126,BLK_126S,5,베이36B 수정,8,2025-10-16 16:19:39,2025-10-16 16:53:15,33.6,36B,베이36B
b190_mixed_ps_sub_r1,MSF,156,BLK_156S,6,판계,1,2025-10-16 09:15:00,2025-10-16 09:27:00,12.0,,공통
b190_mixed_ps_sub_r1,MSF,156,BLK_156S,6,전면SAW,2,2025-10-16 13:16:45,2025-10-16 13:58:38,41.9,,공통
b190_mixed_ps_sub_r1,MSF,156,BLK_156S,6,TurnOver,3,2025-10-16 13:58:38,2025-10-16 14:10:38,12.0,,공통
b190_mixed_ps_sub_r1,MSF,156,BLK_156S,6,후면SAW,4,2025-10-16 14:39:24,2025-10-16 15:13:23,34.0,,공통
b190_mixed_ps_sub_r1,MSF,156,BLK_156S,6,NC,5,2025-10-16 15:13:23,2025-10-16 15:35:19,21.9,,공통
b190_mixed_ps_sub_r1,MSF,156,BLK_156S,6,베이35A 론지취부,6,2025-10-16 15:35:19,2025-10-16 16:23:49,48.5,35A,베이35A
b190_mixed_ps_sub_r1,MSF,156,BLK_156S,6,베이35A 론지용접,7,2025-10-16 16:23:49,2025-10-16 16:43:25,19.6,35A,베이35A
b190_mixed_ps_sub_r1,MSF,156,BLK_156S,6,베이35A 수정,8,2025-10-16 16:43:25,2025-10-16 17:12:37,29.2,35A,베이35A
b190_mixed_ps_sub_r1,MSF,88,BLK_88S,7,판계,1,2025-10-16 09:27:00,2025-10-16 09:54:00,27.0,,공통
b190_mixed_ps_sub_r1,MSF,88,BLK_88S,7,전면SAW,2,2025-10-16 13:58:38,2025-10-16 16:18:28,139.8,,공통
b190_mixed_ps_sub_r1,MSF,88,BLK_88S,7,TurnOver,3,2025-10-16 16:18:28,2025-10-16 16:30:28,12.0,,공통
b190_mixed_ps_sub_r1,MSF,88,BLK_88S,7,후면SAW,4,2025-10-16 16:30:28,2025-10-16 18:12:28,102.0,,공통
b190_mixed_ps_sub_r1,MSF,88,BLK_88S,7,NC,5,2025-10-16 18:12:28,2025-10-16 18:45:53,33.4,,공통
b190_mixed_ps_sub_r1,MSF,88,BLK_88S,7,베이36B 론지취부,6,2025-10-16 18:45:53,2025-10-16 19:30:53,45.0,36B,베이36B
b190_mixed_ps_sub_r1,MSF,88,BLK_88S,7,베이36B 론지용접,7,2025-10-16 19:30:53,2025-10-16 19:49:53,19.0,36B,베이36B
b190_mixed_ps_sub_r1,MSF,88,BLK_88S,7,베이36B 수정,8,2025-10-16 19:49:53,2025-10-16 20:16:53,27.0,36B,베이36B
b190_mixed_ps_sub_r1,MSF,98,BLK_98P,8,판계,1,2025-10-16 09:54:00,2025-10-16 10:06:00,12.0,,공통
b190_mixed_ps_sub_r1,MSF,98,BLK_98P,8,전면SAW,2,2025-10-16 16:18:28,2025-10-16 17:00:06,41.6,,공통
b190_mixed_ps_sub_r1,MSF,98,BLK_98P,8,TurnOver,3,2025-10-16 17:00:06,2025-10-16 17:12:06,12.0,,공통
b190_mixed_ps_sub_r1,MSF,98,BLK_98P,8,후면SAW,4,2025-10-16 18:12:28,2025-10-16 18:46:07,33.7,,공통
b190_mixed_ps_sub_r1,MSF,98,BLK_98P,8,NC,5,2025-10-16 18:46:07,2025-10-16 19:07:02,20.9,,공통
b190_mixed_ps_sub_r1,MSF,98,BLK_98P,8,베이35A 론지취부,6,2025-10-16 19:07:02,2025-10-16 20:02:32,55.5,35A,베이35A
b190_mixed_ps_sub_r1,MSF,98,BLK_98P,8,베이35A 론지용접,7,2025-10-16 20:02:32,2025-10-16 20:23:20,20.8,35A,베이35A
b190_mixed_ps_sub_r1,MSF,98,BLK_98P,8,베이35A 수정,8,2025-10-16 20:23:20,2025-10-16 20:56:56,33.6,35A,베이35A
b190_mixed_ps_sub_r1,MSF,148,BLK_148S,9,판계,1,2025-10-16 10:06:00,2025-10-16 10:18:00,12.0,,공통
b190_mixed_ps_sub_r1,MSF,148,BLK_148S,9,전면SAW,2,2025-10-16 17:00:06,2025-10-16 17:55:54,55.8,,공통
b190_mixed_ps_sub_r1,MSF,148,BLK_148S,9,TurnOver,3,2025-10-16 17:55:54,2025-10-16 18:07:54,12.0,,공통
b190_mixed_ps_sub_r1,MSF,148,BLK_148S,9,후면SAW,4,2025-10-16 18:46:07,2025-10-16 19:38:27,52.3,,공통
b190_mixed_ps_sub_r1,MSF,148,BLK_148S,9,NC,5,2025-10-16 19:38:27,2025-10-16 19:58:52,20.4,,공통
b190_mixed_ps_sub_r1,MSF,148,BLK_148S,9,베이36B 론지취부,6,2025-10-16 19:58:52,2025-10-16 20:12:22,13.5,36B,베이36B
b190_mixed_ps_sub_r1,MSF,148,BLK_148S,9,베이36B 론지용접,7,2025-10-16 20:12:22,2025-10-16 20:21:58,9.6,36B,베이36B
b190_mixed_ps_sub_r1,MSF,148,BLK_148S,9,베이36B 수정,8,2025-10-16 20:21:58,2025-10-16 20:29:10,7.2,36B,베이36B
b190_mixed_ps_sub_r1,MSF,117,BLK_117C,10,판계,1,2025-10-16 10:18:00,2025-10-16 10:30:00,12.0,,공통
b190_mixed_ps_sub_r1,MSF,117,BLK_117C,10,전면SAW,2,2025-10-16 17:55:54,2025-10-16 18:31:29,35.6,,공통
b190_mixed_ps_sub_r1,MSF,117,BLK_117C,10,TurnOver,3,2025-10-16 18:31:29,2025-10-16 18:43:29,12.0,,공통
b190_mixed_ps_sub_r1,MSF,117,BLK_117C,10,후면SAW,4,2025-10-16 19:38:27,2025-10-16 20:04:09,25.7,,공통
b190_mixed_ps_sub_r1,MSF,117,BLK_117C,10,NC,5,2025-10-16 20:04:09,2025-10-16 20:24:21,20.2,,공통
b190_mixed_ps_sub_r1,MSF,117,BLK_117C,10,베이35A 론지취부,6,2025-10-16 20:24:21,2025-10-16 21:05:51,41.5,35A,베이35A
b190_mixed_ps_sub_r1,MSF,117,BLK_117C,10,베이35A 론지용접,7,2025-10-16 21:05:51,2025-10-16 21:20:15,14.4,35A,베이35A
b190_mixed_ps_sub_r1,MSF,117,BLK_117C,10,베이35A 수정,8,2025-10-16 21:20:15,2025-10-16 21:45:03,24.8,35A,베이35A
b190_mixed_ps_sub_r1,MSF,157,BLK_157P,11,판계,1,2025-10-16 10:30:00,2025-10-16 10:42:00,12.0,,공통
b190_mixed_ps_sub_r1,MSF,157,BLK_157P,11,전면SAW,2,2025-10-16 18:31:29,2025-10-16 19:08:40,37.2,,공통
b190_mixed_ps_sub_r1,MSF,157,BLK_157P,11,TurnOver,3,2025-10-16 19:08:40,2025-10-16 19:20:40,12.0,,공통
b190_mixed_ps_sub_r1,MSF,157,BLK_157P,11,후면SAW,4,2025-10-16 20:04:09,2025-10-16 20:31:57,27.8,,공통
b190_mixed_ps_sub_r1,MSF,157,BLK_157P,11,NC,5,2025-10-16 20:31:57,2025-10-16 20:53:38,21.7,,공통
b190_mixed_ps_sub_r1,MSF,157,BLK_157P,11,베이36B 론지취부,6,2025-10-16 20:53:38,2025-10-16 21:49:08,55.5,36B,베이36B
b190_mixed_ps_sub_r1,MSF,157,BLK_157P,11,베이36B 론지용접,7,2025-10-16 21:49:08,2025-10-16 22:09:56,20.8,36B,베이36B
b190_mixed_ps_sub_r1,MSF,157,BLK_157P,11,베이36B 수정,8,2025-10-16 22:09:56,2025-10-16 22:43:32,33.6,36B,베이36B
b190_mixed_ps_sub_r1,MSF,131,BLK_131P,12,판계,1,2025-10-16 10:42:00,2025-10-16 11:09:00,27.0,,공통
b190_mixed_ps_sub_r1,MSF,131,BLK_131P,12,전면SAW,2,2025-10-16 19:08:40,2025-10-16 21:59:12,170.5,,공통
b190_mixed_ps_sub_r1,MSF,131,BLK_131P,12,TurnOver,3,2025-10-16 21:59:12,2025-10-16 22:11:12,12.0,,공통
b190_mixed_ps_sub_r1,MSF,131,BLK_131P,12,후면SAW,4,2025-10-16 22:11:12,2025-10-17 00:17:45,126.5,,공통
b190_mixed_ps_sub_r1,MSF,131,BLK_131P,12,NC,5,2025-10-17 00:17:45,2025-10-17 00:51:08,33.4,,공통
b190_mixed_ps_sub_r1,MSF,131,BLK_131P,12,베이35A 론지취부,6,2025-10-17 00:51:08,2025-10-17 01:46:38,55.5,35A,베이35A
b190_mixed_ps_sub_r1,MSF,131,BLK_131P,12,베이35A 론지용접,7,2025-10-17 01:46:38,2025-10-17 02:07:26,20.8,35A,베이35A
b190_mixed_ps_sub_r1,MSF,131,BLK_131P,12,베이35A 수정,8,2025-10-17 02:07:26,2025-10-17 02:41:02,33.6,35A,베이35A
b190_mixed_ps_sub_r1,MSF,161,BLK_161S,13,판계,1,2025-10-16 11:09:00,2025-10-16 11:21:00,12.0,,공통
b190_mixed_ps_sub_r1,MSF,161,BLK_161S,13,전면SAW,2,2025-10-16 21:59:12,2025-10-16 22:41:35,42.4,,공통
b190_mixed_ps_sub_r1,MSF,161,BLK_161S,13,TurnOver,3,2025-10-16 22:41:35,2025-10-16 22:53:35,12.0,,공통
b190_mixed_ps_sub_r1,MSF,161,BLK_161S,13,후면SAW,4,2025-10-17 00:17:45,2025-10-17 00:52:24,34.7,,공통
b190_mixed_ps_sub_r1,MSF,161,BLK_161S,13,NC,5,2025-10-17 00:52:24,2025-10-17 01:16:46,24.4,,공통
b190_mixed_ps_sub_r1,MSF,161,BLK_161S,13,베이36B 론지취부,6,2025-10-17 01:16:46,2025-10-17 02:22:46,66.0,36B,베이36B
b190_mixed_ps_sub_r1,MSF,161,BLK_161S,13,베이36B 론지용접,7,2025-10-17 02:22:46,2025-10-17 02:45:22,22.6,36B,베이36B
b190_mixed_ps_sub_r1,MSF,161,BLK_161S,13,베이36B 수정,8,2025-10-17 02:45:22,2025-10-17 03:25:34,40.2,36B,베이36B
b190_mixed_ps_sub_r1,MSF,16,BLK_16S,14,판계,1,2025-10-16 11:21:00,2025-10-16 11:41:00,20.0,,공통
b190_mixed_ps_sub_r1,MSF,16,BLK_16S,14,전면SAW,2,2025-10-16 22:41:35,2025-10-16 23:18:00,36.4,,공통
b190_mixed_ps_sub_r1,MSF,16,BLK_16S,14,TurnOver,3,2025-10-16 23:18:00,2025-10-16 23:30:00,12.0,,공통
b190_mixed_ps_sub_r1,MSF,16,BLK_16S,14,후면SAW,4,2025-10-17 00:52:24,2025-10-17 01:19:13,26.8,,공통
b190_mixed_ps_sub_r1,MSF,16,BLK_16S,14,NC,5,2025-10-17 01:19:13,2025-10-17 01:49:00,29.8,,공통
b190_mixed_ps_sub_r1,MSF,16,BLK_16S,14,베이35A 론지취부,6,2025-10-17 01:49:00,2025-10-17 02:48:00,59.0,35A,베이35A
b190_mixed_ps_sub_r1,MSF,16,BLK_16S,14,베이35A 론지용접,7,2025-10-17 02:48:00,2025-10-17 03:09:24,21.4,35A,베이35A
b190_mixed_ps_sub_r1,MSF,16,BLK_16S,14,베이35A 수정,8,2025-10-17 03:09:24,2025-10-17 03:45:12,35.8,35A,베이35A
b190_mixed_ps_sub_r1,MSF,32,BLK_32S,15,판계,1,2025-10-16 11:41:00,2025-10-16 12:01:00,20.0,,공통
b190_mixed_ps_sub_r1,MSF,32,BLK_32S,15,전면SAW,2,2025-10-16 23:18:00,2025-10-16 23:43:30,25.5,,공통
b190_mixed_ps_sub_r1,MSF,32,BLK_32S,15,TurnOver,3,2025-10-16 23:43:30,2025-10-16 23:55:30,12.0,,공통
b190_mixed_ps_sub_r1,MSF,32,BLK_32S,15,후면SAW,4,2025-10-17 01:19:13,2025-10-17 01:32:13,13.0,,공통
b190_mixed_ps_sub_r1,MSF,32,BLK_32S,15,NC,5,2025-10-17 01:49:00,2025-10-17 02:14:56,25.9,,공통
b190_mixed_ps_sub_r1,MSF,32,BLK_32S,15,베이36B 론지취부,6,2025-10-17 02:22:46,2025-10-17 02:53:46,31.0,36B,베이36B
b190_mixed_ps_sub_r1,MSF,32,BLK_32S,15,베이36B 론지용접,7,2025-10-17 02:53:46,2025-10-17 03:10:22,16.6,36B,베이36B
b190_mixed_ps_sub_r1,MSF,32,BLK_32S,15,베이36B 수정,8,2025-10-17 03:25:34,2025-10-17 03:43:46,18.2,36B,베이36B
b190_mixed_ps_sub_r1,MSF,43,BLK_43P,16,판계,1,2025-10-16 12:01:00,2025-10-16 12:29:00,28.0,,공통
b190_mixed_ps_sub_r1,MSF,43,BLK_43P,16,전면SAW,2,2025-10-16 23:43:30,2025-10-17 01:36:15,112.7,,공통
b190_mixed_ps_sub_r1,MSF,43,BLK_43P,16,TurnOver,3,2025-10-17 01:36:15,2025-10-17 01:48:15,12.0,,공통
b190_mixed_ps_sub_r1,MSF,43,BLK_43P,16,후면SAW,4,2025-10-17 01:48:15,2025-10-17 03:18:48,90.5,,공통
b190_mixed_ps_sub_r1,MSF,43,BLK_43P,16,NC,5,2025-10-17 03:18:48,2025-10-17 03:51:03,32.3,,공통
b190_mixed_ps_sub_r1,MSF,43,BLK_43P,16,베이35A 론지취부,6,2025-10-17 03:51:03,2025-10-17 04:46:33,55.5,35A,베이35A
b190_mixed_ps_sub_r1,MSF,43,BLK_43P,16,베이35A 론지용접,7,2025-10-17 04:46:33,2025-10-17 05:07:21,20.8,35A,베이35A
b190_mixed_ps_sub_r1,MSF,43,BLK_43P,16,베이35A 수정,8,2025-10-17 05:07:21,2025-10-17 05:40:57,33.6,35A,베이35A
b190_mixed_ps_sub_r1,MSF,36,BLK_36C,17,판계,1,2025-10-16 12:29:00,2025-10-16 12:49:00,20.0,,공통
b190_mixed_ps_sub_r1,MSF,36,BLK_36C,17,전면SAW,2,2025-10-17 01:36:15,2025-10-17 02:12:24,36.1,,공통
b190_mixed_ps_sub_r1,MSF,36,BLK_36C,17,TurnOver,3,2025-10-17 02:12:24,2025-10-17 02:24:24,12.0,,공통
b190_mixed_ps_sub_r1,MSF,36,BLK_36C,17,후면SAW,4,2025-10-17 03:18:48,2025-10-17 03:45:15,26.4,,공통
b190_mixed_ps_sub_r1,MSF,36,BLK_36C,17,NC,5,2025-10-17 03:51:03,2025-10-17 04:17:17,26.2,,공통
b190_mixed_ps_sub_r1,MSF,36,BLK_36C,17,베이36B 론지취부,6,2025-10-17 04:17:17,2025-10-17 05:02:17,45.0,36B,베이36B
b190_mixed_ps_sub_r1,MSF,36,BLK_36C,17,베이36B 론지용접,7,2025-10-17 05:02:17,2025-10-17 05:17:17,15.0,36B,베이36B
b190_mixed_ps_sub_r1,MSF,36,BLK_36C,17,베이36B 수정,8,2025-10-17 05:17:17,2025-10-17 05:44:17,27.0,36B,베이36B
b190_mixed_ps_sub_r1,MSF,40,BLK_40S,18,판계,1,2025-10-16 12:49:00,2025-10-16 13:24:00,35.0,,공통
b190_mixed_ps_sub_r1,MSF,40,BLK_40S,18,전면SAW,2,2025-10-17 02:12:24,2025-10-17 04:28:49,136.4,,공통
b190_mixed_ps_sub_r1,MSF,40,BLK_40S,18,TurnOver,3,2025-10-17 04:28:49,2025-10-17 04:40:49,12.0,,공통
b190_mixed_ps_sub_r1,MSF,40,BLK_40S,18,후면SAW,4,2025-10-17 04:40:49,2025-10-17 06:20:04,99.2,,공통
b190_mixed_ps_sub_r1,MSF,40,BLK_40S,18,NC,5,2025-10-17 06:20:04,2025-10-17 06:56:18,36.2,,공통
b190_mixed_ps_sub_r1,MSF,40,BLK_40S,18,베이35A 론지취부,6,2025-10-17 06:56:18,2025-10-17 07:16:48,20.5,35A,베이35A
b190_mixed_ps_sub_r1,MSF,40,BLK_40S,18,베이35A 론지용접,7,2025-10-17 07:16:48,2025-10-17 07:27:36,10.8,35A,베이35A
b190_mixed_ps_sub_r1,MSF,40,BLK_40S,18,베이35A 수정,8,2025-10-17 07:27:36,2025-10-17 07:39:12,11.6,35A,베이35A
b190_mixed_ps_sub_r1,MSF,47,BLK_47C,19,판계,1,2025-10-16 13:24:00,2025-10-16 13:44:00,20.0,,공통
b190_mixed_ps_sub_r1,MSF,47,BLK_47C,19,전면SAW,2,2025-10-17 04:28:49,2025-10-17 05:01:54,33.1,,공통
b190_mixed_ps_sub_r1,MSF,47,BLK_47C,19,TurnOver,3,2025-10-17 05:01:54,2025-10-17 05:13:54,12.0,,공통
b190_mixed_ps_sub_r1,MSF,47,BLK_47C,19,후면SAW,4,2025-10-17 06:20:04,2025-10-17 06:42:28,22.4,,공통
b190_mixed_ps_sub_r1,MSF,47,BLK_47C,19,NC,5,2025-10-17 06:56:18,2025-10-17 07:24:41,28.4,,공통
b190_mixed_ps_sub_r1,MSF,47,BLK_47C,19,베이36B 론지취부,6,2025-10-17 07:24:41,2025-10-17 08:30:41,66.0,36B,베이36B
b190_mixed_ps_sub_r1,MSF,47,BLK_47C,19,베이36B 론지용접,7,2025-10-17 08:30:41,2025-10-17 08:53:17,22.6,36B,베이36B
b190_mixed_ps_sub_r1,MSF,47,BLK_47C,19,베이36B 수정,8,2025-10-17 08:53:17,2025-10-17 09:33:29,40.2,36B,베이36B
b190_mixed_ps_sub_r1,MSF,52,BLK_52S,20,판계,1,2025-10-16 13:44:00,2025-10-16 14:04:00,20.0,,공통
b190_mixed_ps_sub_r1,MSF,52,BLK_52S,20,전면SAW,2,2025-10-17 05:01:54,2025-10-17 05:38:18,36.4,,공통
b190_mixed_ps_sub_r1,MSF,52,BLK_52S,20,TurnOver,3,2025-10-17 05:38:18,2025-10-17 05:50:18,12.0,,공통
b190_mixed_ps_sub_r1,MSF,52,BLK_52S,20,후면SAW,4,2025-10-17 06:42:28,2025-10-17 07:09:16,26.8,,공통
b190_mixed_ps_sub_r1,MSF,52,BLK_52S,20,NC,5,2025-10-17 07:24:41,2025-10-17 07:53:26,28.8,,공통
b190_mixed_ps_sub_r1,MSF,52,BLK_52S,20,베이35A 론지취부,6,2025-10-17 07:53:26,2025-10-17 08:52:26,59.0,35A,베이35A
b190_mixed_ps_sub_r1,MSF,52,BLK_52S,20,베이35A 론지용접,7,2025-10-17 08:52:26,2025-10-17 09:13:50,21.4,35A,베이35A
b190_mixed_ps_sub_r1,MSF,52,BLK_52S,20,베이35A 수정,8,2025-10-17 09:13:50,2025-10-17 09:49:38,35.8,35A,베이35A
b190_mixed_ps_sub_r1,MSF,56,BLK_56S,21,판계,1,2025-10-16 14:04:00,2025-10-16 14:24:00,20.0,,공통
b190_mixed_ps_sub_r1,MSF,56,BLK_56S,21,전면SAW,2,2025-10-17 05:38:18,2025-10-17 06:15:11,36.9,,공통
b190_mixed_ps_sub_r1,MSF,56,BLK_56S,21,TurnOver,3,2025-10-17 06:15:11,2025-10-17 06:27:11,12.0,,공통
b190_mixed_ps_sub_r1,MSF,56,BLK_56S,21,후면SAW,4,2025-10-17 07:09:16,2025-10-17 07:36:40,27.4,,공통
b190_mixed_ps_sub_r1,MSF,56,BLK_56S,21,NC,5,2025-10-17 07:53:26,2025-10-17 08:22:53,29.4,,공통
b190_mixed_ps_sub_r1,MSF,56,BLK_56S,21,베이36B 론지취부,6,2025-10-17 08:30:41,2025-10-17 09:08:41,38.0,36B,베이36B
b190_mixed_ps_sub_r1,MSF,56,BLK_56S,21,베이36B 론지용접,7,2025-10-17 09:08:41,2025-10-17 09:26:29,17.8,36B,베이36B
b190_mixed_ps_sub_r1,MSF,56,BLK_56S,21,베이36B 수정,8,2025-10-17 09:33:29,2025-10-17 09:56:05,22.6,36B,베이36B
b190_mixed_ps_sub_r1,MSF,59,BLK_59C,22,판계,1,2025-10-16 14:24:00,2025-10-16 14:44:00,20.0,,공통
b190_mixed_ps_sub_r1,MSF,59,BLK_59C,22,전면SAW,2,2025-10-17 06:15:11,2025-10-17 06:43:00,27.8,,공통
b190_mixed_ps_sub_r1,MSF,59,BLK_59C,22,TurnOver,3,2025-10-17 06:43:00,2025-10-17 06:55:00,12.0,,공통
b190_mixed_ps_sub_r1,MSF,59,BLK_59C,22,후면SAW,4,2025-10-17 07:36:40,2025-10-17 07:52:08,15.5,,공통
b190_mixed_ps_sub_r1,MSF,59,BLK_59C,22,NC,5,2025-10-17 08:22:53,2025-10-17 08:47:59,25.1,,공통
b190_mixed_ps_sub_r1,MSF,59,BLK_59C,22,베이35A 론지취부,6,2025-10-17 08:52:26,2025-10-17 09:33:56,41.5,35A,베이35A
b190_mixed_ps_sub_r1,MSF,59,BLK_59C,22,베이35A 론지용접,7,2025-10-17 09:33:56,2025-10-17 09:48:20,14.4,35A,베이35A
b190_mixed_ps_sub_r1,MSF,59,BLK_59C,22,베이35A 수정,8,2025-10-17 09:49:38,2025-10-17 10:14:26,24.8,35A,베이35A
b190_mixed_ps_sub_r1,MSF,68,BLK_68S,23,판계,1,2025-10-16 14:44:00,2025-10-16 15:04:00,20.0,,공통
b190_mixed_ps_sub_r1,MSF,68,BLK_68S,23,전면SAW,2,2025-10-17 06:43:00,2025-10-17 07:24:16,41.3,,공통
b190_mixed_ps_sub_r1,MSF,68,BLK_68S,23,TurnOver,3,2025-10-17 07:24:16,2025-10-17 07:36:16,12.0,,공통
b190_mixed_ps_sub_r1,MSF,68,BLK_68S,23,후면SAW,4,2025-10-17 07:52:08,2025-10-17 08:25:19,33.2,,공통
b190_mixed_ps_sub_r1,MSF,68,BLK_68S,23,NC,5,2025-10-17 08:47:59,2025-10-17 09:21:23,33.4,,공통
b190_mixed_ps_sub_r1,MSF,68,BLK_68S,23,베이36B 론지취부,6,2025-10-17 09:21:23,2025-10-17 10:34:23,73.0,36B,베이36B
b190_mixed_ps_sub_r1,MSF,68,BLK_68S,23,베이36B 론지용접,7,2025-10-17 10:34:23,2025-10-17 10:58:11,23.8,36B,베이36B
b190_mixed_ps_sub_r1,MSF,68,BLK_68S,23,베이36B 수정,8,2025-10-17 10:58:11,2025-10-17 11:42:47,44.6,36B,베이36B
b190_mixed_ps_sub_r1,MSF,67,BLK_67S,24,판계,1,2025-10-16 15:04:00,2025-10-16 15:32:00,28.0,,공통
b190_mixed_ps_sub_r1,MSF,67,BLK_67S,24,전면SAW,2,2025-10-17 07:24:16,2025-10-17 09:02:09,97.9,,공통
b190_mixed_ps_sub_r1,MSF,67,BLK_67S,24,TurnOver,3,2025-10-17 09:02:09,2025-10-17 09:14:09,12.0,,공통
b190_mixed_ps_sub_r1,MSF,67,BLK_67S,24,후면SAW,4,2025-10-17 09:14:09,2025-10-17 10:50:18,96.1,,공통
b190_mixed_ps_sub_r1,MSF,67,BLK_67S,24,NC,5,2025-10-17 10:50:18,2025-10-17 11:22:10,31.9,,공통
b190_mixed_ps_sub_r1,MSF,67,BLK_67S,24,베이35A 론지취부,6,2025-10-17 11:22:10,2025-10-17 12:17:40,55.5,35A,베이35A
b190_mixed_ps_sub_r1,MSF,67,BLK_67S,24,베이35A 론지용접,7,2025-10-17 12:17:40,2025-10-17 12:38:28,20.8,35A,베이35A
b190_mixed_ps_sub_r1,MSF,67,BLK_67S,24,베이35A 수정,8,2025-10-17 12:38:28,2025-10-17 13:12:04,33.6,35A,베이35A
b190_mixed_ps_sub_r1,MSF,54,BLK_54P,25,판계,1,2025-10-16 15:32:00,2025-10-16 15:52:00,20.0,,공통
b190_mixed_ps_sub_r1,MSF,54,BLK_54P,25,전면SAW,2,2025-10-17 09:02:09,2025-10-17 09:36:06,34.0,,공통
b190_mixed_ps_sub_r1,MSF,54,BLK_54P,25,TurnOver,3,2025-10-17 09:36:06,2025-10-17 09:48:06,12.0,,공통
b190_mixed_ps_sub_r1,MSF,54,BLK_54P,25,후면SAW,4,2025-10-17 10:50:18,2025-10-17 11:13:51,23.6,,공통
b190_mixed_ps_sub_r1,MSF,54,BLK_54P,25,NC,5,2025-10-17 11:22:10,2025-10-17 11:50:57,28.8,,공통
b190_mixed_ps_sub_r1,MSF,54,BLK_54P,25,베이36B 론지취부,6,2025-10-17 11:50:57,2025-10-17 12:49:57,59.0,36B,베이36B
b190_mixed_ps_sub_r1,MSF,54,BLK_54P,25,베이36B 론지용접,7,2025-10-17 12:49:57,2025-10-17 13:11:21,21.4,36B,베이36B
b190_mixed_ps_sub_r1,MSF,54,BLK_54P,25,베이36B 수정,8,2025-10-17 13:11:21,2025-10-17 13:47:09,35.8,36B,베이36B
b190_mixed_ps_sub_r1,MSF,178,BLK_43S,26,판계,1,2025-10-16 15:52:00,2025-10-16 16:20:00,28.0,,공통
b190_mixed_ps_sub_r1,MSF,178,BLK_43S,26,전면SAW,2,2025-10-17 09:36:06,2025-10-17 11:28:51,112.7,,공통
b190_mixed_ps_sub_r1,MSF,178,BLK_43S,26,TurnOver,3,2025-10-17 11:28:51,2025-10-17 11:40:51,12.0,,공통
b190_mixed_ps_sub_r1,MSF,178,BLK_43S,26,후면SAW,4,2025-10-17 11:40:51,2025-10-17 13:11:24,90.5,,공통
b190_mixed_ps_sub_r1,MSF,178,BLK_43S,26,NC,5,2025-10-17 13:11:24,2025-10-17 13:43:39,32.3,,공통
b190_mixed_ps_sub_r1,MSF,178,BLK_43S,26,베이35A 론지취부,6,2025-10-17 13:43:39,2025-10-17 14:39:09,55.5,35A,베이35A
b190_mixed_ps_sub_r1,MSF,178,BLK_43S,26,베이35A 론지용접,7,2025-10-17 14:39:09,2025-10-17 14:59:57,20.8,35A,베이35A
b190_mixed_ps_sub_r1,MSF,178,BLK_43S,26,베이35A 수정,8,2025-10-17 14:59:57,2025-10-17 15:33:33,33.6,35A,베이35A
b190_mixed_ps_sub_r1,MSF,102,BLK_102P,27,판계,1,2025-10-16 16:20:00,2025-10-16 16:40:00,20.0,,공통
b190_mixed_ps_sub_r1,MSF,102,BLK_102P,27,전면SAW,2,2025-10-17 11:28:51,2025-10-17 11:59:41,30.8,,공통
b190_mixed_ps_sub_r1,MSF,102,BLK_102P,27,TurnOver,3,2025-10-17 11:59:41,2025-10-17 12:11:41,12.0,,공통
b190_mixed_ps_sub_r1,MSF,102,BLK_102P,27,후면SAW,4,2025-10-17 13:11:24,2025-10-17 13:30:51,19.4,,공통
b190_mixed_ps_sub_r1,MSF,102,BLK_102P,27,NC,5,2025-10-17 13:43:39,2025-10-17 14:10:00,26.4,,공통
b190_mixed_ps_sub_r1,MSF,102,BLK_102P,27,베이36B 론지취부,6,2025-10-17 14:10:00,2025-10-17 14:37:30,27.5,36B,베이36B
b190_mixed_ps_sub_r1,MSF,102,BLK_102P,27,베이36B 론지용접,7,2025-10-17 14:37:30,2025-10-17 14:53:30,16.0,36B,베이36B
b190_mixed_ps_sub_r1,MSF,102,BLK_102P,27,베이36B 수정,8,2025-10-17 14:53:30,2025-10-17 15:09:30,16.0,36B,베이36B
b190_mixed_ps_sub_r1,MSF,80,BLK_80P,28,판계,1,2025-10-16 16:40:00,2025-10-16 17:15:00,35.0,,공통
b190_mixed_ps_sub_r1,MSF,80,BLK_80P,28,전면SAW,2,2025-10-17 11:59:41,2025-10-17 13:43:06,103.4,,공통
b190_mixed_ps_sub_r1,MSF,80,BLK_80P,28,TurnOver,3,2025-10-17 13:43:06,2025-10-17 13:55:06,12.0,,공통
b190_mixed_ps_sub_r1,MSF,80,BLK_80P,28,후면SAW,4,2025-10-17 13:55:06,2025-10-17 15:20:17,85.2,,공통
b190_mixed_ps_sub_r1,MSF,80,BLK_80P,28,NC,5,2025-10-17 15:20:17,2025-10-17 15:55:18,35.0,,공통
b190_mixed_ps_sub_r1,MSF,80,BLK_80P,28,베이35A 론지취부,6,2025-10-17 15:55:18,2025-10-17 16:19:18,24.0,35A,베이35A
b190_mixed_ps_sub_r1,MSF,80,BLK_80P,28,베이35A 론지용접,7,2025-10-17 16:19:18,2025-10-17 16:30:42,11.4,35A,베이35A
b190_mixed_ps_sub_r1,MSF,80,BLK_80P,28,베이35A 수정,8,2025-10-17 16:30:42,2025-10-17 16:44:30,13.8,35A,베이35A
b190_mixed_ps_sub_r1,MSF,162,BLK_162P,29,판계,1,2025-10-16 17:15:00,2025-10-16 17:35:00,20.0,,공통
b190_mixed_ps_sub_r1,MSF,162,BLK_162P,29,전면SAW,2,2025-10-17 13:43:06,2025-10-17 14:14:46,31.7,,공통
b190_mixed_ps_sub_r1,MSF,162,BLK_162P,29,TurnOver,3,2025-10-17 14:14:46,2025-10-17 14:26:46,12.0,,공통
b190_mixed_ps_sub_r1,MSF,162,BLK_162P,29,후면SAW,4,2025-10-17 15:20:17,2025-10-17 15:40:51,20.6,,공통
b190_mixed_ps_sub_r1,MSF,162,BLK_162P,29,NC,5,2025-10-17 15:55:18,2025-10-17 16:22:39,27.3,,공통
b190_mixed_ps_sub_r1,MSF,162,BLK_162P,29,베이36B 론지취부,6,2025-10-17 16:22:39,2025-10-17 17:25:09,62.5,36B,베이36B
b190_mixed_ps_sub_r1,MSF,162,BLK_162P,29,베이36B 론지용접,7,2025-10-17 17:25:09,2025-10-17 17:47:09,22.0,36B,베이36B
b190_mixed_ps_sub_r1,MSF,162,BLK_162P,29,베이36B 수정,8,2025-10-17 17:47:09,2025-10-17 18:25:09,38.0,36B,베이36B
b190_mixed_ps_sub_r1,MSF,90,BLK_90C,30,판계,1,2025-10-16 17:35:00,2025-10-16 18:03:00,28.0,,공통
b190_mixed_ps_sub_r1,MSF,90,BLK_90C,30,전면SAW,2,2025-10-17 14:14:46,2025-10-17 16:20:07,125.3,,공통
b190_mixed_ps_sub_r1,MSF,90,BLK_90C,30,TurnOver,3,2025-10-17 16:20:07,2025-10-17 16:32:07,12.0,,공통
b190_mixed_ps_sub_r1,MSF,90,BLK_90C,30,후면SAW,4,2025-10-17 16:32:07,2025-10-17 18:14:10,102.0,,공통
b190_mixed_ps_sub_r1,MSF,90,BLK_90C,30,NC,5,2025-10-17 18:14:10,2025-10-17 18:50:52,36.7,,공통
b190_mixed_ps_sub_r1,MSF,90,BLK_90C,30,베이35A 론지취부,6,2025-10-17 18:50:52,2025-10-17 20:17:52,87.0,35A,베이35A
b190_mixed_ps_sub_r1,MSF,90,BLK_90C,30,베이35A 론지용접,7,2025-10-17 20:17:52,2025-10-17 20:44:04,26.2,35A,베이35A
b190_mixed_ps_sub_r1,MSF,90,BLK_90C,30,베이35A 수정,8,2025-10-17 20:44:04,2025-10-17 21:37:28,53.4,35A,베이35A
b190_mixed_ps_sub_r1,MSF,73,BLK_73C,31,판계,1,2025-10-16 18:03:00,2025-10-16 18:31:00,28.0,,공통
b190_mixed_ps_sub_r1,MSF,73,BLK_73C,31,전면SAW,2,2025-10-17 16:20:07,2025-10-17 18:29:19,129.2,,공통
b190_mixed_ps_sub_r1,MSF,73,BLK_73C,31,TurnOver,3,2025-10-17 18:29:19,2025-10-17 18:41:19,12.0,,공통
b190_mixed_ps_sub_r1,MSF,73,BLK_73C,31,후면SAW,4,2025-10-17 18:41:19,2025-10-17 20:26:52,105.5,,공통
b190_mixed_ps_sub_r1,MSF,73,BLK_73C,31,NC,5,2025-10-17 20:26:52,2025-10-17 21:02:17,35.4,,공통
b190_mixed_ps_sub_r1,MSF,73,BLK_73C,31,베이36B 론지취부,6,2025-10-17 21:02:17,2025-10-17 21:54:17,52.0,36B,베이36B
b190_mixed_ps_sub_r1,MSF,73,BLK_73C,31,베이36B 론지용접,7,2025-10-17 21:54:17,2025-10-17 22:14:29,20.2,36B,베이36B
b190_mixed_ps_sub_r1,MSF,73,BLK_73C,31,베이36B 수정,8,2025-10-17 22:14:29,2025-10-17 22:45:53,31.4,36B,베이36B
b190_mixed_ps_sub_r1,MSF,112,BLK_112C,32,판계,1,2025-10-16 18:31:00,2025-10-16 19:12:00,41.0,,공통
b190_mixed_ps_sub_r1,MSF,112,BLK_112C,32,전면SAW,2,2025-10-17 18:29:19,2025-10-17 21:39:19,190.0,,공통
b190_mixed_ps_sub_r1,MSF,112,BLK_112C,32,TurnOver,3,2025-10-17 21:39:19,2025-10-17 21:51:19,12.0,,공통
b190_mixed_ps_sub_r1,MSF,112,BLK_112C,32,후면SAW,4,2025-10-17 21:51:19,2025-10-18 00:22:19,151.0,,공통
b190_mixed_ps_sub_r1,MSF,112,BLK_112C,32,NC,5,2025-10-18 00:22:19,2025-10-18 01:12:15,49.9,,공통
b190_mixed_ps_sub_r1,MSF,112,BLK_112C,32,베이35A 론지취부,6,2025-10-18 01:12:15,2025-10-18 02:04:15,52.0,35A,베이35A
b190_mixed_ps_sub_r1,MSF,112,BLK_112C,32,베이35A 론지용접,7,2025-10-18 02:04:15,2025-10-18 02:24:27,20.2,35A,베이35A
b190_mixed_ps_sub_r1,MSF,112,BLK_112C,32,베이35A 수정,8,2025-10-18 02:24:27,2025-10-18 02:55:51,31.4,35A,베이35A
b190_mixed_ps_sub_r1,MSF,94,BLK_94S,33,판계,1,2025-10-16 19:12:00,2025-10-16 19:32:00,20.0,,공통
b190_mixed_ps_sub_r1,MSF,94,BLK_94S,33,전면SAW,2,2025-10-17 21:39:19,2025-10-17 22:14:32,35.2,,공통
b190_mixed_ps_sub_r1,MSF,94,BLK_94S,33,TurnOver,3,2025-10-17 22:14:32,2025-10-17 22:26:32,12.0,,공통
b190_mixed_ps_sub_r1,MSF,94,BLK_94S,33,후면SAW,4,2025-10-18 00:22:19,2025-10-18 00:47:33,25.2,,공통
b190_mixed_ps_sub_r1,MSF,94,BLK_94S,33,NC,5,2025-10-18 01:12:15,2025-10-18 01:41:39,29.4,,공통
b190_mixed_ps_sub_r1,MSF,94,BLK_94S,33,베이36B 론지취부,6,2025-10-18 01:41:39,2025-10-18 02:33:39,52.0,36B,베이36B
b190_mixed_ps_sub_r1,MSF,94,BLK_94S,33,베이36B 론지용접,7,2025-10-18 02:33:39,2025-10-18 02:53:51,20.2,36B,베이36B
b190_mixed_ps_sub_r1,MSF,94,BLK_94S,33,베이36B 수정,8,2025-10-18 02:53:51,2025-10-18 03:25:15,31.4,36B,베이36B
b190_mixed_ps_sub_r1,MSF,134,BLK_134S,34,판계,1,2025-10-16 19:32:00,2025-10-16 20:00:00,28.0,,공통
b190_mixed_ps_sub_r1,MSF,134,BLK_134S,34,전면SAW,2,2025-10-17 22:14:32,2025-10-18 00:29:16,134.7,,공통
b190_mixed_ps_sub_r1,MSF,134,BLK_134S,34,TurnOver,3,2025-10-18 00:29:16,2025-10-18 00:41:16,12.0,,공통
b190_mixed_ps_sub_r1,MSF,134,BLK_134S,34,후면SAW,4,2025-10-18 00:47:33,2025-10-18 02:38:09,110.6,,공통
b190_mixed_ps_sub_r1,MSF,134,BLK_134S,34,NC,5,2025-10-18 02:38:09,2025-10-18 03:13:43,35.6,,공통
b190_mixed_ps_sub_r1,MSF,134,BLK_134S,34,베이35A 론지취부,6,2025-10-18 03:13:43,2025-10-18 04:16:13,62.5,35A,베이35A
b190_mixed_ps_sub_r1,MSF,134,BLK_134S,34,베이35A 론지용접,7,2025-10-18 04:16:13,2025-10-18 04:38:13,22.0,35A,베이35A
b190_mixed_ps_sub_r1,MSF,134,BLK_134S,34,베이35A 수정,8,2025-10-18 04:38:13,2025-10-18 05:16:13,38.0,35A,베이35A
b190_mixed_ps_sub_r1,MSF,76,BLK_76S,1,판계,1,2025-10-17 08:00:00,2025-10-17 08:28:00,28.0,,공통
b190_mixed_ps_sub_r1,MSF,76,BLK_76S,1,전면SAW,2,2025-10-18 00:29:16,2025-10-18 02:05:31,96.2,,공통
b190_mixed_ps_sub_r1,MSF,76,BLK_76S,1,TurnOver,3,2025-10-18 02:05:31,2025-10-18 02:17:31,12.0,,공통
b190_mixed_ps_sub_r1,MSF,76,BLK_76S,1,후면SAW,4,2025-10-18 02:38:09,2025-10-18 03:53:40,75.5,,공통
b190_mixed_ps_sub_r1,MSF,76,BLK_76S,1,NC,5,2025-10-18 03:53:40,2025-10-18 04:25:31,31.9,,공통
b190_mixed_ps_sub_r1,MSF,76,BLK_76S,1,베이36B 론지취부,6,2025-10-18 04:25:31,2025-10-18 05:10:31,45.0,36B,베이36B
b190_mixed_ps_sub_r1,MSF,76,BLK_76S,1,베이36B 론지용접,7,2025-10-18 05:10:31,2025-10-18 05:29:31,19.0,36B,베이36B
b190_mixed_ps_sub_r1,MSF,76,BLK_76S,1,베이36B 수정,8,2025-10-18 05:29:31,2025-10-18 05:56:31,27.0,36B,베이36B
b190_mixed_ps_sub_r1,MSF,114,BLK_114P,2,판계,1,2025-10-17 08:28:00,2025-10-17 09:03:00,35.0,,공통
b190_mixed_ps_sub_r1,MSF,114,BLK_114P,2,전면SAW,2,2025-10-18 02:05:31,2025-10-18 04:02:01,116.5,,공통
b190_mixed_ps_sub_r1,MSF,114,BLK_114P,2,TurnOver,3,2025-10-18 04:02:01,2025-10-18 04:14:01,12.0,,공통
b190_mixed_ps_sub_r1,MSF,114,BLK_114P,2,후면SAW,4,2025-10-18 04:14:01,2025-10-18 05:51:44,97.7,,공통
b190_mixed_ps_sub_r1,MSF,114,BLK_114P,2,NC,5,2025-10-18 05:51:44,2025-10-18 06:27:18,35.6,,공통
b190_mixed_ps_sub_r1,MSF,114,BLK_114P,2,베이35A 론지취부,6,2025-10-18 06:27:18,2025-10-18 07:01:48,34.5,35A,베이35A
b190_mixed_ps_sub_r1,MSF,114,BLK_114P,2,베이35A 론지용접,7,2025-10-18 07:01:48,2025-10-18 07:15:00,13.2,35A,베이35A
b190_mixed_ps_sub_r1,MSF,114,BLK_114P,2,베이35A 수정,8,2025-10-18 07:15:00,2025-10-18 07:35:24,20.4,35A,베이35A
b190_mixed_ps_sub_r1,MSF,118,BLK_118S,3,판계,1,2025-10-17 09:03:00,2025-10-17 09:23:00,20.0,,공통
b190_mixed_ps_sub_r1,MSF,118,BLK_118S,3,전면SAW,2,2025-10-18 04:02:01,2025-10-18 04:33:05,31.1,,공통
b190_mixed_ps_sub_r1,MSF,118,BLK_118S,3,TurnOver,3,2025-10-18 04:33:05,2025-10-18 04:45:05,12.0,,공통
b190_mixed_ps_sub_r1,MSF,118,BLK_118S,3,후면SAW,4,2025-10-18 05:51:44,2025-10-18 06:11:29,19.8,,공통
b190_mixed_ps_sub_r1,MSF,118,BLK_118S,3,NC,5,2025-10-18 06:27:18,2025-10-18 06:54:59,27.7,,공통
b190_mixed_ps_sub_r1,MSF,118,BLK_118S,3,베이36B 론지취부,6,2025-10-18 06:54:59,2025-10-18 07:39:59,45.0,36B,베이36B
b190_mixed_ps_sub_r1,MSF,118,BLK_118S,3,베이36B 론지용접,7,2025-10-18 07:39:59,2025-10-18 07:58:59,19.0,36B,베이36B
b190_mixed_ps_sub_r1,MSF,118,BLK_118S,3,베이36B 수정,8,2025-10-18 07:58:59,2025-10-18 08:25:59,27.0,36B,베이36B
b190_mixed_ps_sub_r1,MSF,138,BLK_138S,4,판계,1,2025-10-17 09:23:00,2025-10-17 09:43:00,20.0,,공통
b190_mixed_ps_sub_r1,MSF,138,BLK_138S,4,전면SAW,2,2025-10-18 04:33:05,2025-10-18 05:11:59,38.9,,공통
b190_mixed_ps_sub_r1,MSF,138,BLK_138S,4,TurnOver,3,2025-10-18 05:11:59,2025-10-18 05:23:59,12.0,,공통
b190_mixed_ps_sub_r1,MSF,138,BLK_138S,4,후면SAW,4,2025-10-18 06:11:29,2025-10-18 06:41:33,30.1,,공통
b190_mixed_ps_sub_r1,MSF,138,BLK_138S,4,NC,5,2025-10-18 06:54:59,2025-10-18 07:23:18,28.3,,공통
b190_mixed_ps_sub_r1,MSF,138,BLK_138S,4,베이35A 론지취부,6,2025-10-18 07:23:18,2025-10-18 08:22:18,59.0,35A,베이35A
b190_mixed_ps_sub_r1,MSF,138,BLK_138S,4,베이35A 론지용접,7,2025-10-18 08:22:18,2025-10-18 08:43:42,21.4,35A,베이35A
b190_mixed_ps_sub_r1,MSF,138,BLK_138S,4,베이35A 수정,8,2025-10-18 08:43:42,2025-10-18 09:19:30,35.8,35A,베이35A
b190_mixed_ps_sub_r1,MSF,86,BLK_86P,5,판계,1,2025-10-17 09:43:00,2025-10-17 10:03:00,20.0,,공통
b190_mixed_ps_sub_r1,MSF,86,BLK_86P,5,전면SAW,2,2025-10-18 05:11:59,2025-10-18 05:47:57,36.0,,공통
b190_mixed_ps_sub_r1,MSF,86,BLK_86P,5,TurnOver,3,2025-10-18 05:47:57,2025-10-18 05:59:57,12.0,,공통
b190_mixed_ps_sub_r1,MSF,86,BLK_86P,5,후면SAW,4,2025-10-18 06:41:33,2025-10-18 07:07:45,26.2,,공통
b190_mixed_ps_sub_r1,MSF,86,BLK_86P,5,NC,5,2025-10-18 07:23:18,2025-10-18 07:51:04,27.8,,공통
b190_mixed_ps_sub_r1,MSF,86,BLK_86P,5,베이36B 론지취부,6,2025-10-18 07:51:04,2025-10-18 08:15:04,24.0,36B,베이36B
b190_mixed_ps_sub_r1,MSF,86,BLK_86P,5,베이36B 론지용접,7,2025-10-18 08:15:04,2025-10-18 08:30:28,15.4,36B,베이36B
b190_mixed_ps_sub_r1,MSF,86,BLK_86P,5,베이36B 수정,8,2025-10-18 08:30:28,2025-10-18 08:44:16,13.8,36B,베이36B
b190_mixed_ps_sub_r1,MSF,106,BLK_106P,6,판계,1,2025-10-17 10:03:00,2025-10-17 10:23:00,20.0,,공통
b190_mixed_ps_sub_r1,MSF,106,BLK_106P,6,전면SAW,2,2025-10-18 05:47:57,2025-10-18 06:28:16,40.3,,공통
b190_mixed_ps_sub_r1,MSF,106,BLK_106P,6,TurnOver,3,2025-10-18 06:28:16,2025-10-18 06:40:16,12.0,,공통
b190_mixed_ps_sub_r1,MSF,106,BLK_106P,6,후면SAW,4,2025-10-18 07:07:45,2025-10-18 07:39:41,31.9,,공통
b190_mixed_ps_sub_r1,MSF,106,BLK_106P,6,NC,5,2025-10-18 07:51:04,2025-10-18 08:24:55,33.8,,공통
b190_mixed_ps_sub_r1,MSF,106,BLK_106P,6,베이35A 론지취부,6,2025-10-18 08:24:55,2025-10-18 09:55:25,90.5,35A,베이35A
b190_mixed_ps_sub_r1,MSF,106,BLK_106P,6,베이35A 론지용접,7,2025-10-18 09:55:25,2025-10-18 10:22:13,26.8,35A,베이35A
b190_mixed_ps_sub_r1,MSF,106,BLK_106P,6,베이35A 수정,8,2025-10-18 10:22:13,2025-10-18 11:17:49,55.6,35A,베이35A
b190_mixed_ps_sub_r1,MSF,136,BLK_136C,7,판계,1,2025-10-17 10:23:00,2025-10-17 10:43:00,20.0,,공통
b190_mixed_ps_sub_r1,MSF,136,BLK_136C,7,전면SAW,2,2025-10-18 06:28:16,2025-10-18 07:01:12,32.9,,공통
b190_mixed_ps_sub_r1,MSF,136,BLK_136C,7,TurnOver,3,2025-10-18 07:01:12,2025-10-18 07:13:12,12.0,,공통
b190_mixed_ps_sub_r1,MSF,136,BLK_136C,7,후면SAW,4,2025-10-18 07:39:41,2025-10-18 08:01:52,22.2,,공통
b190_mixed_ps_sub_r1,MSF,136,BLK_136C,7,NC,5,2025-10-18 08:24:55,2025-10-18 08:53:04,28.1,,공통
b190_mixed_ps_sub_r1,MSF,136,BLK_136C,7,베이36B 론지취부,6,2025-10-18 08:53:04,2025-10-18 09:45:04,52.0,36B,베이36B
b190_mixed_ps_sub_r1,MSF,136,BLK_136C,7,베이36B 론지용접,7,2025-10-18 09:45:04,2025-10-18 10:05:16,20.2,36B,베이36B
b190_mixed_ps_sub_r1,MSF,136,BLK_136C,7,베이36B 수정,8,2025-10-18 10:05:16,2025-10-18 10:36:40,31.4,36B,베이36B
b190_mixed_ps_sub_r1,MSF,166,BLK_166C,8,판계,1,2025-10-17 10:43:00,2025-10-17 11:03:00,20.0,,공통
b190_mixed_ps_sub_r1,MSF,166,BLK_166C,8,전면SAW,2,2025-10-18 07:01:12,2025-10-18 07:34:15,33.0,,공통
b190_mixed_ps_sub_r1,MSF,166,BLK_166C,8,TurnOver,3,2025-10-18 07:34:15,2025-10-18 07:46:15,12.0,,공통
b190_mixed_ps_sub_r1,MSF,166,BLK_166C,8,후면SAW,4,2025-10-18 08:01:52,2025-10-18 08:24:15,22.4,,공통
b190_mixed_ps_sub_r1,MSF,166,BLK_166C,8,NC,5,2025-10-18 08:53:04,2025-10-18 09:21:30,28.4,,공통
b190_mixed_ps_sub_r1,MSF,166,BLK_166C,8,베이35A 론지취부,6,2025-10-18 09:55:25,2025-10-18 11:01:25,66.0,35A,베이35A
b190_mixed_ps_sub_r1,MSF,166,BLK_166C,8,베이35A 론지용접,7,2025-10-18 11:01:25,2025-10-18 11:24:01,22.6,35A,베이35A
b190_mixed_ps_sub_r1,MSF,166,BLK_166C,8,베이35A 수정,8,2025-10-18 11:24:01,2025-10-18 12:04:13,40.2,35A,베이35A
b190_mixed_ps_sub_r1,MSF,97,BLK_97C,9,판계,1,2025-10-17 11:03:00,2025-10-17 11:23:00,20.0,,공통
b190_mixed_ps_sub_r1,MSF,97,BLK_97C,9,전면SAW,2,2025-10-18 07:34:15,2025-10-18 08:06:44,32.5,,공통
b190_mixed_ps_sub_r1,MSF,97,BLK_97C,9,TurnOver,3,2025-10-18 08:06:44,2025-10-18 08:18:44,12.0,,공통
b190_mixed_ps_sub_r1,MSF,97,BLK_97C,9,후면SAW,4,2025-10-18 08:24:15,2025-10-18 08:45:52,21.6,,공통
b190_mixed_ps_sub_r1,MSF,97,BLK_97C,9,NC,5,2025-10-18 09:21:30,2025-10-18 09:48:30,27.0,,공통
b190_mixed_ps_sub_r1,MSF,97,BLK_97C,9,베이36B 론지취부,6,2025-10-18 09:48:30,2025-10-18 10:30:00,41.5,36B,베이36B
b190_mixed_ps_sub_r1,MSF,97,BLK_97C,9,베이36B 론지용접,7,2025-10-18 10:30:00,2025-10-18 10:48:24,18.4,36B,베이36B
b190_mixed_ps_sub_r1,MSF,97,BLK_97C,9,베이36B 수정,8,2025-10-18 10:48:24,2025-10-18 11:13:12,24.8,36B,베이36B
b190_mixed_ps_sub_r1,MSF,121,BLK_121P,10,판계,1,2025-10-17 11:23:00,2025-10-17 11:43:00,20.0,,공통
b190_mixed_ps_sub_r1,MSF,121,BLK_121P,10,전면SAW,2,2025-10-18 08:06:44,2025-10-18 08:44:17,37.5,,공통
b190_mixed_ps_sub_r1,MSF,121,BLK_121P,10,TurnOver,3,2025-10-18 08:44:17,2025-10-18 08:56:17,12.0,,공통
b190_mixed_ps_sub_r1,MSF,121,BLK_121P,10,후면SAW,4,2025-10-18 08:56:17,2025-10-18 09:24:34,28.3,,공통
b190_mixed_ps_sub_r1,MSF,121,BLK_121P,10,NC,5,2025-10-18 09:48:30,2025-10-18 10:19:39,31.2,,공통
b190_mixed_ps_sub_r1,MSF,121,BLK_121P,10,베이35A 론지취부,6,2025-10-18 11:01:25,2025-10-18 11:49:55,48.5,35A,베이35A
b190_mixed_ps_sub_r1,MSF,121,BLK_121P,10,베이35A 론지용접,7,2025-10-18 11:49:55,2025-10-18 12:09:31,19.6,35A,베이35A
b190_mixed_ps_sub_r1,MSF,121,BLK_121P,10,베이35A 수정,8,2025-10-18 12:09:31,2025-10-18 12:38:43,29.2,35A,베이35A
b190_mixed_ps_sub_r1,MSF,145,BLK_145P,11,판계,1,2025-10-17 11:43:00,2025-10-17 12:03:00,20.0,,공통
b190_mixed_ps_sub_r1,MSF,145,BLK_145P,11,전면SAW,2,2025-10-18 08:44:17,2025-10-18 09:19:09,34.9,,공통
b190_mixed_ps_sub_r1,MSF,145,BLK_145P,11,TurnOver,3,2025-10-18 09:19:09,2025-10-18 09:31:09,12.0,,공통
b190_mixed_ps_sub_r1,MSF,145,BLK_145P,11,후면SAW,4,2025-10-18 09:31:09,2025-10-18 09:55:55,24.8,,공통
b190_mixed_ps_sub_r1,MSF,145,BLK_145P,11,NC,5,2025-10-18 10:19:39,2025-10-18 10:47:18,27.6,,공통
b190_mixed_ps_sub_r1,MSF,145,BLK_145P,11,베이36B 론지취부,6,2025-10-18 10:47:18,2025-10-18 11:18:18,31.0,36B,베이36B
b190_mixed_ps_sub_r1,MSF,145,BLK_145P,11,베이36B 론지용접,7,2025-10-18 11:18:18,2025-10-18 11:34:54,16.6,36B,베이36B
b190_mixed_ps_sub_r1,MSF,145,BLK_145P,11,베이36B 수정,8,2025-10-18 11:34:54,2025-10-18 11:53:06,18.2,36B,베이36B
b190_mixed_ps_sub_r1,MSF,155,BLK_155C,12,판계,1,2025-10-17 12:03:00,2025-10-17 12:38:00,35.0,,공통
b190_mixed_ps_sub_r1,MSF,155,BLK_155C,12,전면SAW,2,2025-10-18 09:19:09,2025-10-18 11:15:03,115.9,,공통
b190_mixed_ps_sub_r1,MSF,155,BLK_155C,12,TurnOver,3,2025-10-18 11:15:03,2025-10-18 11:27:03,12.0,,공통
b190_mixed_ps_sub_r1,MSF,155,BLK_155C,12,후면SAW,4,2025-10-18 11:27:03,2025-10-18 12:48:04,81.0,,공통
b190_mixed_ps_sub_r1,MSF,155,BLK_155C,12,NC,5,2025-10-18 12:48:04,2025-10-18 13:29:27,41.4,,공통
b190_mixed_ps_sub_r1,MSF,155,BLK_155C,12,베이35A 론지취부,6,2025-10-18 13:29:27,2025-10-18 14:10:57,41.5,35A,베이35A
b190_mixed_ps_sub_r1,MSF,155,BLK_155C,12,베이35A 론지용접,7,2025-10-18 14:10:57,2025-10-18 14:29:21,18.4,35A,베이35A
b190_mixed_ps_sub_r1,MSF,155,BLK_155C,12,베이35A 수정,8,2025-10-18 14:29:21,2025-10-18 14:54:09,24.8,35A,베이35A
b190_mixed_ps_sub_r1,MSF,107,BLK_107P,13,판계,1,2025-10-17 12:38:00,2025-10-17 12:58:00,20.0,,공통
b190_mixed_ps_sub_r1,MSF,107,BLK_107P,13,전면SAW,2,2025-10-18 11:15:03,2025-10-18 11:50:05,35.0,,공통
b190_mixed_ps_sub_r1,MSF,107,BLK_107P,13,TurnOver,3,2025-10-18 11:50:05,2025-10-18 12:02:05,12.0,,공통
b190_mixed_ps_sub_r1,MSF,107,BLK_107P,13,후면SAW,4,2025-10-18 12:48:04,2025-10-18 13:13:04,25.0,,공통
b190_mixed_ps_sub_r1,MSF,107,BLK_107P,13,NC,5,2025-10-18 13:29:27,2025-10-18 13:58:16,28.8,,공통
b190_mixed_ps_sub_r1,MSF,107,BLK_107P,13,베이36B 론지취부,6,2025-10-18 13:58:16,2025-10-18 14:53:46,55.5,36B,베이36B
b190_mixed_ps_sub_r1,MSF,107,BLK_107P,13,베이36B 론지용접,7,2025-10-18 14:53:46,2025-10-18 15:14:34,20.8,36B,베이36B
b190_mixed_ps_sub_r1,MSF,107,BLK_107P,13,베이36B 수정,8,2025-10-18 15:14:34,2025-10-18 15:48:10,33.6,36B,베이36B
b190_mixed_ps_sub_r1,MSF,129,BLK_129C,14,판계,1,2025-10-17 12:58:00,2025-10-17 13:18:00,20.0,,공통
b190_mixed_ps_sub_r1,MSF,129,BLK_129C,14,전면SAW,2,2025-10-18 11:50:05,2025-10-18 12:26:47,36.7,,공통
b190_mixed_ps_sub_r1,MSF,129,BLK_129C,14,TurnOver,3,2025-10-18 12:26:47,2025-10-18 12:38:47,12.0,,공통
b190_mixed_ps_sub_r1,MSF,129,BLK_129C,14,후면SAW,4,2025-10-18 13:13:04,2025-10-18 13:40:14,27.2,,공통
b190_mixed_ps_sub_r1,MSF,129,BLK_129C,14,NC,5,2025-10-18 13:58:16,2025-10-18 14:26:12,27.9,,공통
b190_mixed_ps_sub_r1,MSF,129,BLK_129C,14,베이35A 론지취부,6,2025-10-18 14:26:12,2025-10-18 15:28:42,62.5,35A,베이35A
b190_mixed_ps_sub_r1,MSF,129,BLK_129C,14,베이35A 론지용접,7,2025-10-18 15:28:42,2025-10-18 15:50:42,22.0,35A,베이35A
b190_mixed_ps_sub_r1,MSF,129,BLK_129C,14,베이35A 수정,8,2025-10-18 15:50:42,2025-10-18 16:28:42,38.0,35A,베이35A
b190_mixed_ps_sub_r1,MSF,8,BLK_8S,15,판계,1,2025-10-17 13:18:00,2025-10-17 13:43:00,25.0,,공통
b190_mixed_ps_sub_r1,MSF,8,BLK_8S,15,전면SAW,2,2025-10-18 12:26:47,2025-10-18 12:56:24,29.6,,공통
b190_mixed_ps_sub_r1,MSF,8,BLK_8S,15,TurnOver,3,2025-10-18 12:56:24,2025-10-18 13:08:24,12.0,,공통
b190_mixed_ps_sub_r1,MSF,8,BLK_8S,15,후면SAW,4,2025-10-18 13:40:14,2025-10-18 13:58:05,17.9,,공통
b190_mixed_ps_sub_r1,MSF,8,BLK_8S,15,NC,5,2025-10-18 14:26:12,2025-10-18 15:00:22,34.2,,공통
b190_mixed_ps_sub_r1,MSF,8,BLK_8S,15,베이36B 론지취부,6,2025-10-18 15:00:22,2025-10-18 15:45:22,45.0,36B,베이36B
b190_mixed_ps_sub_r1,MSF,8,BLK_8S,15,베이36B 론지용접,7,2025-10-18 15:45:22,2025-10-18 16:04:22,19.0,36B,베이36B
b190_mixed_ps_sub_r1,MSF,8,BLK_8S,15,베이36B 수정,8,2025-10-18 16:04:22,2025-10-18 16:31:22,27.0,36B,베이36B
b190_mixed_ps_sub_r1,MSF,12,BLK_12C,16,판계,1,2025-10-17 13:43:00,2025-10-17 14:16:00,33.0,,공통
b190_mixed_ps_sub_r1,MSF,12,BLK_12C,16,전면SAW,2,2025-10-18 12:56:24,2025-10-18 15:24:14,147.8,,공통
b190_mixed_ps_sub_r1,MSF,12,BLK_12C,16,TurnOver,3,2025-10-18 15:24:14,2025-10-18 15:36:14,12.0,,공통
b190_mixed_ps_sub_r1,MSF,12,BLK_12C,16,후면SAW,4,2025-10-18 15:36:14,2025-10-18 18:10:37,154.4,,공통
b190_mixed_ps_sub_r1,MSF,12,BLK_12C,16,NC,5,2025-10-18 18:10:37,2025-10-18 18:54:50,44.2,,공통
b190_mixed_ps_sub_r1,MSF,12,BLK_12C,16,베이35A 론지취부,6,2025-10-18 18:54:50,2025-10-18 20:00:50,66.0,35A,베이35A
b190_mixed_ps_sub_r1,MSF,12,BLK_12C,16,베이35A 론지용접,7,2025-10-18 20:00:50,2025-10-18 20:23:26,22.6,35A,베이35A
b190_mixed_ps_sub_r1,MSF,12,BLK_12C,16,베이35A 수정,8,2025-10-18 20:23:26,2025-10-18 21:03:38,40.2,35A,베이35A
b190_mixed_ps_sub_r1,MSF,130,BLK_130P,17,판계,1,2025-10-17 14:16:00,2025-10-17 14:41:00,25.0,,공통
b190_mixed_ps_sub_r1,MSF,130,BLK_130P,17,전면SAW,2,2025-10-18 15:24:14,2025-10-18 15:54:25,30.2,,공통
b190_mixed_ps_sub_r1,MSF,130,BLK_130P,17,TurnOver,3,2025-10-18 15:54:25,2025-10-18 16:06:25,12.0,,공통
b190_mixed_ps_sub_r1,MSF,130,BLK_130P,17,후면SAW,4,2025-10-18 18:10:37,2025-10-18 18:29:12,18.6,,공통
b190_mixed_ps_sub_r1,MSF,130,BLK_130P,17,NC,5,2025-10-18 18:54:50,2025-10-18 19:31:09,36.3,,공통
b190_mixed_ps_sub_r1,MSF,130,BLK_130P,17,베이36B 론지취부,6,2025-10-18 19:31:09,2025-10-18 20:37:09,66.0,36B,베이36B
b190_mixed_ps_sub_r1,MSF,130,BLK_130P,17,베이36B 론지용접,7,2025-10-18 20:37:09,2025-10-18 20:59:45,22.6,36B,베이36B
b190_mixed_ps_sub_r1,MSF,130,BLK_130P,17,베이36B 수정,8,2025-10-18 20:59:45,2025-10-18 21:39:57,40.2,36B,베이36B
b190_mixed_ps_sub_r1,MSF,140,BLK_140C,18,판계,1,2025-10-17 14:41:00,2025-10-17 15:06:00,25.0,,공통
b190_mixed_ps_sub_r1,MSF,140,BLK_140C,18,전면SAW,2,2025-10-18 15:54:25,2025-10-18 16:28:37,34.2,,공통
b190_mixed_ps_sub_r1,MSF,140,BLK_140C,18,TurnOver,3,2025-10-18 16:28:37,2025-10-18 16:40:37,12.0,,공통
b190_mixed_ps_sub_r1,MSF,140,BLK_140C,18,후면SAW,4,2025-10-18 18:29:12,2025-10-18 18:53:06,23.9,,공통
b190_mixed_ps_sub_r1,MSF,140,BLK_140C,18,NC,5,2025-10-18 19:31:09,2025-10-18 20:08:15,37.1,,공통
b190_mixed_ps_sub_r1,MSF,140,BLK_140C,18,베이36B 론지취부,6,2025-10-18 20:37:09,2025-10-18 21:36:09,59.0,36B,베이36B
b190_mixed_ps_sub_r1,MSF,140,BLK_140C,18,베이36B 론지용접,7,2025-10-18 21:36:09,2025-10-18 21:57:33,21.4,36B,베이36B
b190_mixed_ps_sub_r1,MSF,140,BLK_140C,18,베이36B 수정,8,2025-10-18 21:57:33,2025-10-18 22:33:21,35.8,36B,베이36B
b190_mixed_ps_sub_r1,MSF,150,BLK_150S,19,판계,1,2025-10-17 15:06:00,2025-10-17 15:31:00,25.0,,공통
b190_mixed_ps_sub_r1,MSF,150,BLK_150S,19,전면SAW,2,2025-10-18 16:28:37,2025-10-18 16:59:00,30.4,,공통
b190_mixed_ps_sub_r1,MSF,150,BLK_150S,19,TurnOver,3,2025-10-18 16:59:00,2025-10-18 17:11:00,12.0,,공통
b190_mixed_ps_sub_r1,MSF,150,BLK_150S,19,후면SAW,4,2025-10-18 18:53:06,2025-10-18 19:11:55,18.8,,공통
b190_mixed_ps_sub_r1,MSF,150,BLK_150S,19,NC,5,2025-10-18 20:08:15,2025-10-18 20:46:54,38.6,,공통
b190_mixed_ps_sub_r1,MSF,150,BLK_150S,19,베이35A 론지취부,6,2025-10-18 20:46:54,2025-10-18 22:03:24,76.5,35A,베이35A
b190_mixed_ps_sub_r1,MSF,150,BLK_150S,19,베이35A 론지용접,7,2025-10-18 22:03:24,2025-10-18 22:27:48,24.4,35A,베이35A
b190_mixed_ps_sub_r1,MSF,150,BLK_150S,19,베이35A 수정,8,2025-10-18 22:27:48,2025-10-18 23:14:36,46.8,35A,베이35A
b190_mixed_ps_sub_r1,MSF,160,BLK_160S,20,판계,1,2025-10-17 15:31:00,2025-10-17 15:56:00,25.0,,공통
b190_mixed_ps_sub_r1,MSF,160,BLK_160S,20,전면SAW,2,2025-10-18 16:59:00,2025-10-18 17:44:57,46.0,,공통
b190_mixed_ps_sub_r1,MSF,160,BLK_160S,20,TurnOver,3,2025-10-18 17:44:57,2025-10-18 17:56:57,12.0,,공통
b190_mixed_ps_sub_r1,MSF,160,BLK_160S,20,후면SAW,4,2025-10-18 19:11:55,2025-10-18 19:51:17,39.4,,공통
b190_mixed_ps_sub_r1,MSF,160,BLK_160S,20,NC,5,2025-10-18 20:46:54,2025-10-18 21:21:45,34.8,,공통
b190_mixed_ps_sub_r1,MSF,160,BLK_160S,20,베이36B 론지취부,6,2025-10-18 21:36:09,2025-10-18 22:21:09,45.0,36B,베이36B
b190_mixed_ps_sub_r1,MSF,160,BLK_160S,20,베이36B 론지용접,7,2025-10-18 22:21:09,2025-10-18 22:40:09,19.0,36B,베이36B
b190_mixed_ps_sub_r1,MSF,160,BLK_160S,20,베이36B 수정,8,2025-10-18 22:40:09,2025-10-18 23:07:09,27.0,36B,베이36B
b190_mixed_ps_sub_r1,MSF,170,BLK_170S,21,판계,1,2025-10-17 15:56:00,2025-10-17 16:36:00,40.0,,공통
b190_mixed_ps_sub_r1,MSF,170,BLK_170S,21,전면SAW,2,2025-10-18 17:44:57,2025-10-18 20:26:25,161.5,,공통
b190_mixed_ps_sub_r1,MSF,170,BLK_170S,21,TurnOver,3,2025-10-18 20:26:25,2025-10-18 20:38:25,12.0,,공통
b190_mixed_ps_sub_r1,MSF,170,BLK_170S,21,후면SAW,4,2025-10-18 20:38:25,2025-10-18 22:37:43,119.3,,공통
b190_mixed_ps_sub_r1,MSF,170,BLK_170S,21,NC,5,2025-10-18 22:37:43,2025-10-18 23:22:52,45.2,,공통
b190_mixed_ps_sub_r1,MSF,170,BLK_170S,21,베이35A 론지취부,6,2025-10-18 23:22:52,2025-10-19 00:28:52,66.0,35A,베이35A
b190_mixed_ps_sub_r1,MSF,170,BLK_170S,21,베이35A 론지용접,7,2025-10-19 00:28:52,2025-10-19 00:51:28,22.6,35A,베이35A
b190_mixed_ps_sub_r1,MSF,170,BLK_170S,21,베이35A 수정,8,2025-10-19 00:51:28,2025-10-19 01:31:40,40.2,35A,베이35A
b190_mixed_ps_sub_r1,MSF,92,BLK_92S,22,판계,1,2025-10-17 16:36:00,2025-10-17 17:01:00,25.0,,공통
b190_mixed_ps_sub_r1,MSF,92,BLK_92S,22,전면SAW,2,2025-10-18 20:26:25,2025-10-18 20:59:51,33.4,,공통
b190_mixed_ps_sub_r1,MSF,92,BLK_92S,22,TurnOver,3,2025-10-18 20:59:51,2025-10-18 21:11:51,12.0,,공통
b190_mixed_ps_sub_r1,MSF,92,BLK_92S,22,후면SAW,4,2025-10-18 22:37:43,2025-10-18 23:00:34,22.9,,공통
b190_mixed_ps_sub_r1,MSF,92,BLK_92S,22,NC,5,2025-10-18 23:22:52,2025-10-18 23:55:07,32.2,,공통
b190_mixed_ps_sub_r1,MSF,92,BLK_92S,22,베이36B 론지취부,6,2025-10-18 23:55:07,2025-10-19 00:22:37,27.5,36B,베이36B
b190_mixed_ps_sub_r1,MSF,92,BLK_92S,22,베이36B 론지용접,7,2025-10-19 00:22:37,2025-10-19 00:34:37,12.0,36B,베이36B
b190_mixed_ps_sub_r1,MSF,92,BLK_92S,22,베이36B 수정,8,2025-10-19 00:34:37,2025-10-19 00:50:37,16.0,36B,베이36B
b190_mixed_ps_sub_r1,MSF,122,BLK_122C,23,판계,1,2025-10-17 17:01:00,2025-10-17 17:26:00,25.0,,공통
b190_mixed_ps_sub_r1,MSF,122,BLK_122C,23,전면SAW,2,2025-10-18 20:59:51,2025-10-18 21:33:58,34.1,,공통
b190_mixed_ps_sub_r1,MSF,122,BLK_122C,23,TurnOver,3,2025-10-18 21:33:58,2025-10-18 21:45:58,12.0,,공통
b190_mixed_ps_sub_r1,MSF,122,BLK_122C,23,후면SAW,4,2025-10-18 23:00:34,2025-10-18 23:24:21,23.8,,공통
b190_mixed_ps_sub_r1,MSF,122,BLK_122C,23,NC,5,2025-10-18 23:55:07,2025-10-19 00:29:21,34.2,,공통
b190_mixed_ps_sub_r1,MSF,122,BLK_122C,23,베이35A 론지취부,6,2025-10-19 00:29:21,2025-10-19 00:56:51,27.5,35A,베이35A
b190_mixed_ps_sub_r1,MSF,122,BLK_122C,23,베이35A 론지용접,7,2025-10-19 00:56:51,2025-10-19 01:12:51,16.0,35A,베이35A
b190_mixed_ps_sub_r1,MSF,122,BLK_122C,23,베이35A 수정,8,2025-10-19 01:31:40,2025-10-19 01:47:40,16.0,35A,베이35A
b190_mixed_ps_sub_r1,MSF,152,BLK_152P,24,판계,1,2025-10-17 17:26:00,2025-10-17 17:51:00,25.0,,공통
b190_mixed_ps_sub_r1,MSF,152,BLK_152P,24,전면SAW,2,2025-10-18 21:33:58,2025-10-18 22:06:52,32.9,,공통
b190_mixed_ps_sub_r1,MSF,152,BLK_152P,24,TurnOver,3,2025-10-18 22:06:52,2025-10-18 22:18:52,12.0,,공통
b190_mixed_ps_sub_r1,MSF,152,BLK_152P,24,후면SAW,4,2025-10-18 23:24:21,2025-10-18 23:46:31,22.2,,공통
b190_mixed_ps_sub_r1,MSF,152,BLK_152P,24,NC,5,2025-10-19 00:29:21,2025-10-19 01:06:43,37.4,,공통
b190_mixed_ps_sub_r1,MSF,152,BLK_152P,24,베이36B 론지취부,6,2025-10-19 01:06:43,2025-10-19 02:26:43,80.0,36B,베이36B
b190_mixed_ps_sub_r1,MSF,152,BLK_152P,24,베이36B 론지용접,7,2025-10-19 02:26:43,2025-10-19 02:51:43,25.0,36B,베이36B
b190_mixed_ps_sub_r1,MSF,152,BLK_152P,24,베이36B 수정,8,2025-10-19 02:51:43,2025-10-19 03:40:43,49.0,36B,베이36B
b190_mixed_ps_sub_r1,MSF,173,BLK_152S,25,판계,1,2025-10-17 17:51:00,2025-10-17 18:16:00,25.0,,공통
b190_mixed_ps_sub_r1,MSF,173,BLK_152S,25,전면SAW,2,2025-10-18 22:06:52,2025-10-18 22:39:46,32.9,,공통
b190_mixed_ps_sub_r1,MSF,173,BLK_152S,25,TurnOver,3,2025-10-18 22:39:46,2025-10-18 22:51:46,12.0,,공통
b190_mixed_ps_sub_r1,MSF,173,BLK_152S,25,후면SAW,4,2025-10-18 23:46:31,2025-10-19 00:08:41,22.2,,공통
b190_mixed_ps_sub_r1,MSF,173,BLK_152S,25,NC,5,2025-10-19 01:06:43,2025-10-19 01:44:04,37.4,,공통
b190_mixed_ps_sub_r1,MSF,173,BLK_152S,25,베이35A 론지취부,6,2025-10-19 01:44:04,2025-10-19 03:04:04,80.0,35A,베이35A
b190_mixed_ps_sub_r1,MSF,173,BLK_152S,25,베이35A 론지용접,7,2025-10-19 03:04:04,2025-10-19 03:29:04,25.0,35A,베이35A
b190_mixed_ps_sub_r1,MSF,173,BLK_152S,25,베이35A 수정,8,2025-10-19 03:29:04,2025-10-19 04:18:04,49.0,35A,베이35A
b190_mixed_ps_sub_r1,MSF,84,BLK_84C,26,판계,1,2025-10-17 18:16:00,2025-10-17 18:41:00,25.0,,공통
b190_mixed_ps_sub_r1,MSF,84,BLK_84C,26,전면SAW,2,2025-10-18 22:39:46,2025-10-18 23:13:08,33.4,,공통
b190_mixed_ps_sub_r1,MSF,84,BLK_84C,26,TurnOver,3,2025-10-18 23:13:08,2025-10-18 23:25:08,12.0,,공통
b190_mixed_ps_sub_r1,MSF,84,BLK_84C,26,후면SAW,4,2025-10-19 00:08:41,2025-10-19 00:31:28,22.8,,공통
b190_mixed_ps_sub_r1,MSF,84,BLK_84C,26,NC,5,2025-10-19 01:44:04,2025-10-19 02:22:01,38.0,,공통
b190_mixed_ps_sub_r1,MSF,84,BLK_84C,26,베이36B 론지취부,6,2025-10-19 02:26:43,2025-10-19 03:32:43,66.0,36B,베이36B
b190_mixed_ps_sub_r1,MSF,84,BLK_84C,26,베이36B 론지용접,7,2025-10-19 03:32:43,2025-10-19 03:55:19,22.6,36B,베이36B
b190_mixed_ps_sub_r1,MSF,84,BLK_84C,26,베이36B 수정,8,2025-10-19 03:55:19,2025-10-19 04:35:31,40.2,36B,베이36B
b190_mixed_ps_sub_r1,MSF,164,BLK_164C,27,판계,1,2025-10-17 18:41:00,2025-10-17 19:06:00,25.0,,공통
b190_mixed_ps_sub_r1,MSF,164,BLK_164C,27,전면SAW,2,2025-10-18 23:13:08,2025-10-19 00:02:26,49.3,,공통
b190_mixed_ps_sub_r1,MSF,164,BLK_164C,27,TurnOver,3,2025-10-19 00:02:26,2025-10-19 00:14:26,12.0,,공통
b190_mixed_ps_sub_r1,MSF,164,BLK_164C,27,후면SAW,4,2025-10-19 00:31:28,2025-10-19 01:15:13,43.8,,공통
b190_mixed_ps_sub_r1,MSF,164,BLK_164C,27,NC,5,2025-10-19 02:22:01,2025-10-19 02:59:49,37.8,,공통
b190_mixed_ps_sub_r1,MSF,164,BLK_164C,27,베이35A 론지취부,6,2025-10-19 03:04:04,2025-10-19 04:34:34,90.5,35A,베이35A
b190_mixed_ps_sub_r1,MSF,164,BLK_164C,27,베이35A 론지용접,7,2025-10-19 04:34:34,2025-10-19 05:01:22,26.8,35A,베이35A
b190_mixed_ps_sub_r1,MSF,164,BLK_164C,27,베이35A 수정,8,2025-10-19 05:01:22,2025-10-19 05:56:58,55.6,35A,베이35A
b190_mixed_ps_sub_r1,MSF,104,BLK_104S,1,판계,1,2025-10-18 08:00:00,2025-10-18 08:46:00,46.0,,공통
b190_mixed_ps_sub_r1,MSF,104,BLK_104S,1,전면SAW,2,2025-10-19 00:02:26,2025-10-19 03:12:26,190.0,,공통
b190_mixed_ps_sub_r1,MSF,104,BLK_104S,1,TurnOver,3,2025-10-19 03:12:26,2025-10-19 03:24:26,12.0,,공통
b190_mixed_ps_sub_r1,MSF,104,BLK_104S,1,후면SAW,4,2025-10-19 03:24:26,2025-10-19 06:09:26,165.0,,공통
b190_mixed_ps_sub_r1,MSF,104,BLK_104S,1,NC,5,2025-10-19 06:09:26,2025-10-19 07:06:37,57.2,,공통
b190_mixed_ps_sub_r1,MSF,104,BLK_104S,1,베이36B 론지취부,6,2025-10-19 07:06:37,2025-10-19 08:33:37,87.0,36B,베이36B
b190_mixed_ps_sub_r1,MSF,104,BLK_104S,1,베이36B 론지용접,7,2025-10-19 08:33:37,2025-10-19 08:59:49,26.2,36B,베이36B
b190_mixed_ps_sub_r1,MSF,104,BLK_104S,1,베이36B 수정,8,2025-10-19 08:59:49,2025-10-19 09:53:13,53.4,36B,베이36B
b190_mixed_ps_sub_r1,MSF,168,BLK_168S,2,판계,1,2025-10-18 08:46:00,2025-10-18 09:11:00,25.0,,공통
b190_mixed_ps_sub_r1,MSF,168,BLK_168S,2,전면SAW,2,2025-10-19 03:12:26,2025-10-19 03:42:19,29.9,,공통
b190_mixed_ps_sub_r1,MSF,168,BLK_168S,2,TurnOver,3,2025-10-19 03:42:19,2025-10-19 03:54:19,12.0,,공통
b190_mixed_ps_sub_r1,MSF,168,BLK_168S,2,후면SAW,4,2025-10-19 06:09:26,2025-10-19 06:27:37,18.2,,공통
b190_mixed_ps_sub_r1,MSF,168,BLK_168S,2,NC,5,2025-10-19 07:06:37,2025-10-19 07:40:02,33.4,,공통
b190_mixed_ps_sub_r1,MSF,168,BLK_168S,2,베이35A 론지취부,6,2025-10-19 07:40:02,2025-10-19 08:32:02,52.0,35A,베이35A
b190_mixed_ps_sub_r1,MSF,168,BLK_168S,2,베이35A 론지용접,7,2025-10-19 08:32:02,2025-10-19 08:52:14,20.2,35A,베이35A
b190_mixed_ps_sub_r1,MSF,168,BLK_168S,2,베이35A 수정,8,2025-10-19 08:52:14,2025-10-19 09:23:38,31.4,35A,베이35A
b190_mixed_ps_sub_r1,MSF,144,BLK_144S,3,판계,1,2025-10-18 09:11:00,2025-10-18 09:44:00,33.0,,공통
b190_mixed_ps_sub_r1,MSF,144,BLK_144S,3,전면SAW,2,2025-10-19 03:42:19,2025-10-19 05:35:39,113.3,,공통
b190_mixed_ps_sub_r1,MSF,144,BLK_144S,3,TurnOver,3,2025-10-19 05:35:39,2025-10-19 05:47:39,12.0,,공통
b190_mixed_ps_sub_r1,MSF,144,BLK_144S,3,후면SAW,4,2025-10-19 06:27:37,2025-10-19 08:21:46,114.1,,공통
b190_mixed_ps_sub_r1,MSF,144,BLK_144S,3,NC,5,2025-10-19 08:21:46,2025-10-19 09:02:31,40.8,,공통
b190_mixed_ps_sub_r1,MSF,144,BLK_144S,3,베이36B 론지취부,6,2025-10-19 09:02:31,2025-10-19 10:01:31,59.0,36B,베이36B
b190_mixed_ps_sub_r1,MSF,144,BLK_144S,3,베이36B 론지용접,7,2025-10-19 10:01:31,2025-10-19 10:22:55,21.4,36B,베이36B
b190_mixed_ps_sub_r1,MSF,144,BLK_144S,3,베이36B 수정,8,2025-10-19 10:22:55,2025-10-19 10:58:43,35.8,36B,베이36B
b190_mixed_ps_sub_r1,MSF,93,BLK_93S,4,판계,1,2025-10-18 09:44:00,2025-10-18 10:09:00,25.0,,공통
b190_mixed_ps_sub_r1,MSF,93,BLK_93S,4,전면SAW,2,2025-10-19 05:35:39,2025-10-19 06:07:31,31.9,,공통
b190_mixed_ps_sub_r1,MSF,93,BLK_93S,4,TurnOver,3,2025-10-19 06:07:31,2025-10-19 06:19:31,12.0,,공통
b190_mixed_ps_sub_r1,MSF,93,BLK_93S,4,후면SAW,4,2025-10-19 08:21:46,2025-10-19 08:42:35,20.8,,공통
b190_mixed_ps_sub_r1,MSF,93,BLK_93S,4,NC,5,2025-10-19 09:02:31,2025-10-19 09:41:07,38.6,,공통
b190_mixed_ps_sub_r1,MSF,93,BLK_93S,4,베이35A 론지취부,6,2025-10-19 09:41:07,2025-10-19 11:01:07,80.0,35A,베이35A
b190_mixed_ps_sub_r1,MSF,93,BLK_93S,4,베이35A 론지용접,7,2025-10-19 11:01:07,2025-10-19 11:26:07,25.0,35A,베이35A
b190_mixed_ps_sub_r1,MSF,93,BLK_93S,4,베이35A 수정,8,2025-10-19 11:26:07,2025-10-19 12:15:07,49.0,35A,베이35A
b190_mixed_ps_sub_r1,MSF,154,BLK_154C,5,판계,1,2025-10-18 10:09:00,2025-10-18 10:42:00,33.0,,공통
b190_mixed_ps_sub_r1,MSF,154,BLK_154C,5,전면SAW,2,2025-10-19 06:07:31,2025-10-19 07:49:43,102.2,,공통
b190_mixed_ps_sub_r1,MSF,154,BLK_154C,5,TurnOver,3,2025-10-19 07:49:43,2025-10-19 08:01:43,12.0,,공통
b190_mixed_ps_sub_r1,MSF,154,BLK_154C,5,후면SAW,4,2025-10-19 08:42:35,2025-10-19 10:03:32,81.0,,공통
b190_mixed_ps_sub_r1,MSF,154,BLK_154C,5,NC,5,2025-10-19 10:03:32,2025-10-19 10:44:06,40.6,,공통
b190_mixed_ps_sub_r1,MSF,154,BLK_154C,5,베이36B 론지취부,6,2025-10-19 10:44:06,2025-10-19 11:43:06,59.0,36B,베이36B
b190_mixed_ps_sub_r1,MSF,154,BLK_154C,5,베이36B 론지용접,7,2025-10-19 11:43:06,2025-10-19 12:04:30,21.4,36B,베이36B
b190_mixed_ps_sub_r1,MSF,154,BLK_154C,5,베이36B 수정,8,2025-10-19 12:04:30,2025-10-19 12:40:18,35.8,36B,베이36B
b190_mixed_ps_sub_r1,MSF,151,BLK_151P,6,판계,1,2025-10-18 10:42:00,2025-10-18 11:07:00,25.0,,공통
b190_mixed_ps_sub_r1,MSF,151,BLK_151P,6,전면SAW,2,2025-10-19 07:49:43,2025-10-19 08:20:42,31.0,,공통
b190_mixed_ps_sub_r1,MSF,151,BLK_151P,6,TurnOver,3,2025-10-19 08:20:42,2025-10-19 08:32:42,12.0,,공통
b190_mixed_ps_sub_r1,MSF,151,BLK_151P,6,후면SAW,4,2025-10-19 10:03:32,2025-10-19 10:23:11,19.6,,공통
b190_mixed_ps_sub_r1,MSF,151,BLK_151P,6,NC,5,2025-10-19 10:44:06,2025-10-19 11:17:35,33.5,,공통
b190_mixed_ps_sub_r1,MSF,151,BLK_151P,6,베이35A 론지취부,6,2025-10-19 11:17:35,2025-10-19 11:52:05,34.5,35A,베이35A
b190_mixed_ps_sub_r1,MSF,151,BLK_151P,6,베이35A 론지용접,7,2025-10-19 11:52:05,2025-10-19 12:09:17,17.2,35A,베이35A
b190_mixed_ps_sub_r1,MSF,151,BLK_151P,6,베이35A 수정,8,2025-10-19 12:15:07,2025-10-19 12:35:31,20.4,35A,베이35A
b190_mixed_ps_sub_r1,MSF,96,BLK_96C,7,판계,1,2025-10-18 11:07:00,2025-10-18 11:47:00,40.0,,공통
b190_mixed_ps_sub_r1,MSF,96,BLK_96C,7,전면SAW,2,2025-10-19 08:20:42,2025-10-19 10:52:04,151.4,,공통
b190_mixed_ps_sub_r1,MSF,96,BLK_96C,7,TurnOver,3,2025-10-19 10:52:04,2025-10-19 11:04:04,12.0,,공통
b190_mixed_ps_sub_r1,MSF,96,BLK_96C,7,후면SAW,4,2025-10-19 11:04:04,2025-10-19 12:55:18,111.2,,공통
b190_mixed_ps_sub_r1,MSF,96,BLK_96C,7,NC,5,2025-10-19 12:55:18,2025-10-19 13:40:16,45.0,,공통
b190_mixed_ps_sub_r1,MSF,96,BLK_96C,7,베이36B 론지취부,6,2025-10-19 13:40:16,2025-10-19 14:42:46,62.5,36B,베이36B
b190_mixed_ps_sub_r1,MSF,96,BLK_96C,7,베이36B 론지용접,7,2025-10-19 14:42:46,2025-10-19 15:04:46,22.0,36B,베이36B
b190_mixed_ps_sub_r1,MSF,96,BLK_96C,7,베이36B 수정,8,2025-10-19 15:04:46,2025-10-19 15:42:46,38.0,36B,베이36B
b190_mixed_ps_sub_r1,MSF,177,BLK_151S,8,판계,1,2025-10-18 11:47:00,2025-10-18 12:12:00,25.0,,공통
b190_mixed_ps_sub_r1,MSF,177,BLK_151S,8,전면SAW,2,2025-10-19 10:52:04,2025-10-19 11:23:03,31.0,,공통
b190_mixed_ps_sub_r1,MSF,177,BLK_151S,8,TurnOver,3,2025-10-19 11:23:03,2025-10-19 11:35:03,12.0,,공통
b190_mixed_ps_sub_r1,MSF,177,BLK_151S,8,후면SAW,4,2025-10-19 12:55:18,2025-10-19 13:14:57,19.6,,공통
b190_mixed_ps_sub_r1,MSF,177,BLK_151S,8,NC,5,2025-10-19 13:40:16,2025-10-19 14:13:46,33.5,,공통
b190_mixed_ps_sub_r1,MSF,177,BLK_151S,8,베이35A 론지취부,6,2025-10-19 14:13:46,2025-10-19 14:48:16,34.5,35A,베이35A
b190_mixed_ps_sub_r1,MSF,177,BLK_151S,8,베이35A 론지용접,7,2025-10-19 14:48:16,2025-10-19 15:05:28,17.2,35A,베이35A
b190_mixed_ps_sub_r1,MSF,177,BLK_151S,8,베이35A 수정,8,2025-10-19 15:05:28,2025-10-19 15:25:52,20.4,35A,베이35A
b190_mixed_ps_sub_r1,MSF,141,BLK_141C,9,판계,1,2025-10-18 12:12:00,2025-10-18 12:45:00,33.0,,공통
b190_mixed_ps_sub_r1,MSF,141,BLK_141C,9,전면SAW,2,2025-10-19 11:23:03,2025-10-19 13:01:19,98.3,,공통
b190_mixed_ps_sub_r1,MSF,141,BLK_141C,9,TurnOver,3,2025-10-19 13:01:19,2025-10-19 13:13:19,12.0,,공통
b190_mixed_ps_sub_r1,MSF,141,BLK_141C,9,후면SAW,4,2025-10-19 13:14:57,2025-10-19 14:32:18,77.4,,공통
b190_mixed_ps_sub_r1,MSF,141,BLK_141C,9,NC,5,2025-10-19 14:32:18,2025-10-19 15:12:52,40.6,,공통
b190_mixed_ps_sub_r1,MSF,141,BLK_141C,9,베이36B 론지취부,6,2025-10-19 15:12:52,2025-10-19 16:32:52,80.0,36B,베이36B
b190_mixed_ps_sub_r1,MSF,141,BLK_141C,9,베이36B 론지용접,7,2025-10-19 16:32:52,2025-10-19 16:57:52,25.0,36B,베이36B
b190_mixed_ps_sub_r1,MSF,141,BLK_141C,9,베이36B 수정,8,2025-10-19 16:57:52,2025-10-19 17:46:52,49.0,36B,베이36B
b190_mixed_ps_sub_r1,MSF,123,BLK_123P,10,판계,1,2025-10-18 12:45:00,2025-10-18 13:10:00,25.0,,공통
b190_mixed_ps_sub_r1,MSF,123,BLK_123P,10,전면SAW,2,2025-10-19 13:01:19,2025-10-19 13:34:18,33.0,,공통
b190_mixed_ps_sub_r1,MSF,123,BLK_123P,10,TurnOver,3,2025-10-19 13:34:18,2025-10-19 13:46:18,12.0,,공통
b190_mixed_ps_sub_r1,MSF,123,BLK_123P,10,후면SAW,4,2025-10-19 14:32:18,2025-10-19 14:54:34,22.3,,공통
b190_mixed_ps_sub_r1,MSF,123,BLK_123P,10,NC,5,2025-10-19 15:12:52,2025-10-19 15:46:59,34.1,,공통
b190_mixed_ps_sub_r1,MSF,123,BLK_123P,10,베이35A 론지취부,6,2025-10-19 15:46:59,2025-10-19 16:59:59,73.0,35A,베이35A
b190_mixed_ps_sub_r1,MSF,123,BLK_123P,10,베이35A 론지용접,7,2025-10-19 16:59:59,2025-10-19 17:23:47,23.8,35A,베이35A
b190_mixed_ps_sub_r1,MSF,123,BLK_123P,10,베이35A 수정,8,2025-10-19 17:23:47,2025-10-19 18:08:23,44.6,35A,베이35A
b190_mixed_ps_sub_r1,MSF,153,BLK_153C,11,판계,1,2025-10-18 13:10:00,2025-10-18 13:35:00,25.0,,공통
b190_mixed_ps_sub_r1,MSF,153,BLK_153C,11,전면SAW,2,2025-10-19 13:34:18,2025-10-19 14:04:09,29.9,,공통
b190_mixed_ps_sub_r1,MSF,153,BLK_153C,11,TurnOver,3,2025-10-19 14:04:09,2025-10-19 14:16:09,12.0,,공통
b190_mixed_ps_sub_r1,MSF,153,BLK_153C,11,후면SAW,4,2025-10-19 14:54:34,2025-10-19 15:12:43,18.2,,공통
b190_mixed_ps_sub_r1,MSF,153,BLK_153C,11,NC,5,2025-10-19 15:46:59,2025-10-19 16:19:00,32.0,,공통
b190_mixed_ps_sub_r1,MSF,153,BLK_153C,11,베이36B 론지취부,6,2025-10-19 16:32:52,2025-10-19 17:35:22,62.5,36B,베이36B
b190_mixed_ps_sub_r1,MSF,153,BLK_153C,11,베이36B 론지용접,7,2025-10-19 17:35:22,2025-10-19 17:57:22,22.0,36B,베이36B
b190_mixed_ps_sub_r1,MSF,153,BLK_153C,11,베이36B 수정,8,2025-10-19 17:57:22,2025-10-19 18:35:22,38.0,36B,베이36B
b190_mixed_ps_sub_r1,MSF,175,BLK_123S,12,판계,1,2025-10-18 13:35:00,2025-10-18 14:00:00,25.0,,공통
b190_mixed_ps_sub_r1,MSF,175,BLK_123S,12,전면SAW,2,2025-10-19 14:04:09,2025-10-19 14:37:07,33.0,,공통
b190_mixed_ps_sub_r1,MSF,175,BLK_123S,12,TurnOver,3,2025-10-19 14:37:07,2025-10-19 14:49:07,12.0,,공통
b190_mixed_ps_sub_r1,MSF,175,BLK_123S,12,후면SAW,4,2025-10-19 15:12:43,2025-10-19 15:34:59,22.3,,공통
b190_mixed_ps_sub_r1,MSF,175,BLK_123S,12,NC,5,2025-10-19 16:19:00,2025-10-19 16:53:07,34.1,,공통
b190_mixed_ps_sub_r1,MSF,175,BLK_123S,12,베이35A 론지취부,6,2025-10-19 16:59:59,2025-10-19 18:12:59,73.0,35A,베이35A
b190_mixed_ps_sub_r1,MSF,175,BLK_123S,12,베이35A 론지용접,7,2025-10-19 18:12:59,2025-10-19 18:36:47,23.8,35A,베이35A
b190_mixed_ps_sub_r1,MSF,175,BLK_123S,12,베이35A 수정,8,2025-10-19 18:36:47,2025-10-19 19:21:23,44.6,35A,베이35A
b190_mixed_ps_sub_r1,MSF,115,BLK_115P,1,판계,1,2025-10-19 08:00:00,2025-10-19 08:25:00,25.0,,공통
b190_mixed_ps_sub_r1,MSF,115,BLK_115P,1,전면SAW,2,2025-10-19 14:37:07,2025-10-19 15:08:04,30.9,,공통
b190_mixed_ps_sub_r1,MSF,115,BLK_115P,1,TurnOver,3,2025-10-19 15:08:04,2025-10-19 15:20:04,12.0,,공통
b190_mixed_ps_sub_r1,MSF,115,BLK_115P,1,후면SAW,4,2025-10-19 15:34:59,2025-10-19 15:54:34,19.6,,공통
b190_mixed_ps_sub_r1,MSF,115,BLK_115P,1,NC,5,2025-10-19 16:53:07,2025-10-19 17:27:12,34.1,,공통
b190_mixed_ps_sub_r1,MSF,115,BLK_115P,1,베이36B 론지취부,6,2025-10-19 17:35:22,2025-10-19 18:09:52,34.5,36B,베이36B
b190_mixed_ps_sub_r1,MSF,115,BLK_115P,1,베이36B 론지용접,7,2025-10-19 18:09:52,2025-10-19 18:27:04,17.2,36B,베이36B
b190_mixed_ps_sub_r1,MSF,115,BLK_115P,1,베이36B 수정,8,2025-10-19 18:35:22,2025-10-19 18:55:46,20.4,36B,베이36B
b190_mixed_ps_sub_r1,MSF,127,BLK_127C,2,판계,1,2025-10-19 08:25:00,2025-10-19 08:50:00,25.0,,공통
b190_mixed_ps_sub_r1,MSF,127,BLK_127C,2,전면SAW,2,2025-10-19 15:08:04,2025-10-19 15:39:46,31.7,,공통
b190_mixed_ps_sub_r1,MSF,127,BLK_127C,2,TurnOver,3,2025-10-19 15:39:46,2025-10-19 15:51:46,12.0,,공통
b190_mixed_ps_sub_r1,MSF,127,BLK_127C,2,후면SAW,4,2025-10-19 15:54:34,2025-10-19 16:15:10,20.6,,공통
b190_mixed_ps_sub_r1,MSF,127,BLK_127C,2,NC,5,2025-10-19 17:27:12,2025-10-19 18:01:21,34.2,,공통
b190_mixed_ps_sub_r1,MSF,127,BLK_127C,2,베이35A 론지취부,6,2025-10-19 18:12:59,2025-10-19 18:54:29,41.5,35A,베이35A
b190_mixed_ps_sub_r1,MSF,127,BLK_127C,2,베이35A 론지용접,7,2025-10-19 18:54:29,2025-10-19 19:12:53,18.4,35A,베이35A
b190_mixed_ps_sub_r1,MSF,127,BLK_127C,2,베이35A 수정,8,2025-10-19 19:21:23,2025-10-19 19:46:11,24.8,35A,베이35A
b190_mixed_ps_sub_r1,MSF,139,BLK_139P,3,판계,1,2025-10-19 08:50:00,2025-10-19 09:15:00,25.0,,공통
b190_mixed_ps_sub_r1,MSF,139,BLK_139P,3,전면SAW,2,2025-10-19 15:39:46,2025-10-19 16:13:20,33.6,,공통
b190_mixed_ps_sub_r1,MSF,139,BLK_139P,3,TurnOver,3,2025-10-19 16:13:20,2025-10-19 16:25:20,12.0,,공통
b190_mixed_ps_sub_r1,MSF,139,BLK_139P,3,후면SAW,4,2025-10-19 16:25:20,2025-10-19 16:48:22,23.0,,공통
b190_mixed_ps_sub_r1,MSF,139,BLK_139P,3,NC,5,2025-10-19 18:01:21,2025-10-19 18:36:13,34.9,,공통
b190_mixed_ps_sub_r1,MSF,139,BLK_139P,3,베이36B 론지취부,6,2025-10-19 18:36:13,2025-10-19 19:21:13,45.0,36B,베이36B
b190_mixed_ps_sub_r1,MSF,139,BLK_139P,3,베이36B 론지용접,7,2025-10-19 19:21:13,2025-10-19 19:40:13,19.0,36B,베이36B
b190_mixed_ps_sub_r1,MSF,139,BLK_139P,3,베이36B 수정,8,2025-10-19 19:40:13,2025-10-19 20:07:13,27.0,36B,베이36B
b190_mixed_ps_sub_r1,MSF,55,BLK_55C,4,판계,1,2025-10-19 09:15:00,2025-10-19 09:45:00,30.0,,공통
b190_mixed_ps_sub_r1,MSF,55,BLK_55C,4,전면SAW,2,2025-10-19 16:13:20,2025-10-19 16:46:15,32.9,,공통
b190_mixed_ps_sub_r1,MSF,55,BLK_55C,4,TurnOver,3,2025-10-19 16:46:15,2025-10-19 16:58:15,12.0,,공통
b190_mixed_ps_sub_r1,MSF,55,BLK_55C,4,후면SAW,4,2025-10-19 16:58:15,2025-10-19 17:20:27,22.2,,공통
b190_mixed_ps_sub_r1,MSF,55,BLK_55C,4,NC,5,2025-10-19 18:36:13,2025-10-19 19:16:15,40.0,,공통
b190_mixed_ps_sub_r1,MSF,55,BLK_55C,4,베이35A 론지취부,6,2025-10-19 19:16:15,2025-10-19 20:22:15,66.0,35A,베이35A
b190_mixed_ps_sub_r1,MSF,55,BLK_55C,4,베이35A 론지용접,7,2025-10-19 20:22:15,2025-10-19 20:44:51,22.6,35A,베이35A
b190_mixed_ps_sub_r1,MSF,55,BLK_55C,4,베이35A 수정,8,2025-10-19 20:44:51,2025-10-19 21:25:03,40.2,35A,베이35A
b190_mixed_ps_sub_r1,MSF,28,BLK_28S,5,판계,1,2025-10-19 09:45:00,2025-10-19 10:10:00,25.0,,공통
b190_mixed_ps_sub_r1,MSF,28,BLK_28S,5,전면SAW,2,2025-10-19 16:46:15,2025-10-19 17:17:58,31.7,,공통
b190_mixed_ps_sub_r1,MSF,28,BLK_28S,5,TurnOver,3,2025-10-19 17:17:58,2025-10-19 17:29:58,12.0,,공통
b190_mixed_ps_sub_r1,MSF,28,BLK_28S,5,후면SAW,4,2025-10-19 17:29:58,2025-10-19 17:50:34,20.6,,공통
b190_mixed_ps_sub_r1,MSF,28,BLK_28S,5,NC,5,2025-10-19 19:16:15,2025-10-19 19:54:03,37.8,,공통
b190_mixed_ps_sub_r1,MSF,28,BLK_28S,5,베이36B 론지취부,6,2025-10-19 19:54:03,2025-10-19 21:00:03,66.0,36B,베이36B
b190_mixed_ps_sub_r1,MSF,28,BLK_28S,5,베이36B 론지용접,7,2025-10-19 21:00:03,2025-10-19 21:22:39,22.6,36B,베이36B
b190_mixed_ps_sub_r1,MSF,28,BLK_28S,5,베이36B 수정,8,2025-10-19 21:22:39,2025-10-19 22:02:51,40.2,36B,베이36B
b190_mixed_ps_sub_r1,MSF,44,BLK_44P,6,판계,1,2025-10-19 10:10:00,2025-10-19 10:35:00,25.0,,공통
b190_mixed_ps_sub_r1,MSF,44,BLK_44P,6,전면SAW,2,2025-10-19 17:17:58,2025-10-19 17:47:34,29.6,,공통
b190_mixed_ps_sub_r1,MSF,44,BLK_44P,6,TurnOver,3,2025-10-19 17:47:34,2025-10-19 17:59:34,12.0,,공통
b190_mixed_ps_sub_r1,MSF,44,BLK_44P,6,후면SAW,4,2025-10-19 17:59:34,2025-10-19 18:17:24,17.8,,공통
b190_mixed_ps_sub_r1,MSF,44,BLK_44P,6,NC,5,2025-10-19 19:54:03,2025-10-19 20:28:09,34.1,,공통
b190_mixed_ps_sub_r1,MSF,44,BLK_44P,6,베이35A 론지취부,6,2025-10-19 20:28:09,2025-10-19 21:30:39,62.5,35A,베이35A
b190_mixed_ps_sub_r1,MSF,44,BLK_44P,6,베이35A 론지용접,7,2025-10-19 21:30:39,2025-10-19 21:52:39,22.0,35A,베이35A
b190_mixed_ps_sub_r1,MSF,44,BLK_44P,6,베이35A 수정,8,2025-10-19 21:52:39,2025-10-19 22:30:39,38.0,35A,베이35A
b190_mixed_ps_sub_r1,MSF,70,BLK_70C,7,판계,1,2025-10-19 10:35:00,2025-10-19 11:05:00,30.0,,공통
b190_mixed_ps_sub_r1,MSF,70,BLK_70C,7,전면SAW,2,2025-10-19 17:47:34,2025-10-19 18:36:42,49.1,,공통
b190_mixed_ps_sub_r1,MSF,70,BLK_70C,7,TurnOver,3,2025-10-19 18:36:42,2025-10-19 18:48:42,12.0,,공통
b190_mixed_ps_sub_r1,MSF,70,BLK_70C,7,후면SAW,4,2025-10-19 18:48:42,2025-10-19 19:32:14,43.5,,공통
b190_mixed_ps_sub_r1,MSF,70,BLK_70C,7,NC,5,2025-10-19 20:28:09,2025-10-19 21:12:00,43.8,,공통
b190_mixed_ps_sub_r1,MSF,70,BLK_70C,7,베이36B 론지취부,6,2025-10-19 21:12:00,2025-10-19 22:25:00,73.0,36B,베이36B
b190_mixed_ps_sub_r1,MSF,70,BLK_70C,7,베이36B 론지용접,7,2025-10-19 22:25:00,2025-10-19 22:48:48,23.8,36B,베이36B
b190_mixed_ps_sub_r1,MSF,70,BLK_70C,7,베이36B 수정,8,2025-10-19 22:48:48,2025-10-19 23:33:24,44.6,36B,베이36B
b190_mixed_ps_sub_r1,MSF,72,BLK_72C,8,판계,1,2025-10-19 11:05:00,2025-10-19 11:35:00,30.0,,공통
b190_mixed_ps_sub_r1,MSF,72,BLK_72C,8,전면SAW,2,2025-10-19 18:36:42,2025-10-19 19:06:33,29.9,,공통
b190_mixed_ps_sub_r1,MSF,72,BLK_72C,8,TurnOver,3,2025-10-19 19:06:33,2025-10-19 19:18:33,12.0,,공통
b190_mixed_ps_sub_r1,MSF,72,BLK_72C,8,후면SAW,4,2025-10-19 19:32:14,2025-10-19 19:50:23,18.1,,공통
b190_mixed_ps_sub_r1,MSF,72,BLK_72C,8,NC,5,2025-10-19 21:12:00,2025-10-19 22:00:46,48.8,,공통
b190_mixed_ps_sub_r1,MSF,72,BLK_72C,8,베이35A 론지취부,6,2025-10-19 22:00:46,2025-10-19 23:34:46,94.0,35A,베이35A
b190_mixed_ps_sub_r1,MSF,72,BLK_72C,8,베이35A 론지용접,7,2025-10-19 23:34:46,2025-10-20 00:02:10,27.4,35A,베이35A
b190_mixed_ps_sub_r1,MSF,72,BLK_72C,8,베이35A 수정,8,2025-10-20 00:02:10,2025-10-20 00:59:58,57.8,35A,베이35A
b190_mixed_ps_sub_r1,MSF,74,BLK_74C,9,판계,1,2025-10-19 11:35:00,2025-10-19 12:05:00,30.0,,공통
b190_mixed_ps_sub_r1,MSF,74,BLK_74C,9,전면SAW,2,2025-10-19 19:06:33,2025-10-19 19:38:10,31.6,,공통
b190_mixed_ps_sub_r1,MSF,74,BLK_74C,9,TurnOver,3,2025-10-19 19:38:10,2025-10-19 19:50:10,12.0,,공통
b190_mixed_ps_sub_r1,MSF,74,BLK_74C,9,후면SAW,4,2025-10-19 19:50:23,2025-10-19 20:10:52,20.5,,공통
b190_mixed_ps_sub_r1,MSF,74,BLK_74C,9,NC,5,2025-10-19 22:00:46,2025-10-19 22:49:33,48.8,,공통
b190_mixed_ps_sub_r1,MSF,74,BLK_74C,9,베이36B 론지취부,6,2025-10-19 22:49:33,2025-10-20 00:02:33,73.0,36B,베이36B
b190_mixed_ps_sub_r1,MSF,74,BLK_74C,9,베이36B 론지용접,7,2025-10-20 00:02:33,2025-10-20 00:26:21,23.8,36B,베이36B
b190_mixed_ps_sub_r1,MSF,74,BLK_74C,9,베이36B 수정,8,2025-10-20 00:26:21,2025-10-20 01:10:57,44.6,36B,베이36B
b190_mixed_ps_sub_r1,MSF,78,BLK_78C,10,판계,1,2025-10-19 12:05:00,2025-10-19 12:50:00,45.0,,공통
b190_mixed_ps_sub_r1,MSF,78,BLK_78C,10,전면SAW,2,2025-10-19 19:38:10,2025-10-19 22:26:27,168.3,,공통
b190_mixed_ps_sub_r1,MSF,78,BLK_78C,10,TurnOver,3,2025-10-19 22:26:27,2025-10-19 22:38:27,12.0,,공통
b190_mixed_ps_sub_r1,MSF,78,BLK_78C,10,후면SAW,4,2025-10-19 22:38:27,2025-10-20 00:40:22,121.9,,공통
b190_mixed_ps_sub_r1,MSF,78,BLK_78C,10,NC,5,2025-10-20 00:40:22,2025-10-20 01:35:45,55.4,,공통
b190_mixed_ps_sub_r1,MSF,78,BLK_78C,10,베이35A 론지취부,6,2025-10-20 01:35:45,2025-10-20 02:31:15,55.5,35A,베이35A
b190_mixed_ps_sub_r1,MSF,78,BLK_78C,10,베이35A 론지용접,7,2025-10-20 02:31:15,2025-10-20 02:52:03,20.8,35A,베이35A
b190_mixed_ps_sub_r1,MSF,78,BLK_78C,10,베이35A 수정,8,2025-10-20 02:52:03,2025-10-20 03:25:39,33.6,35A,베이35A
b190_mixed_ps_sub_r1,MSF,82,BLK_82S,11,판계,1,2025-10-19 12:50:00,2025-10-19 13:20:00,30.0,,공통
b190_mixed_ps_sub_r1,MSF,82,BLK_82S,11,전면SAW,2,2025-10-19 22:26:27,2025-10-19 22:58:33,32.1,,공통
b190_mixed_ps_sub_r1,MSF,82,BLK_82S,11,TurnOver,3,2025-10-19 22:58:33,2025-10-19 23:10:33,12.0,,공통
b190_mixed_ps_sub_r1,MSF,82,BLK_82S,11,후면SAW,4,2025-10-20 00:40:22,2025-10-20 01:01:30,21.1,,공통
b190_mixed_ps_sub_r1,MSF,82,BLK_82S,11,NC,5,2025-10-20 01:35:45,2025-10-20 02:18:20,42.6,,공통
b190_mixed_ps_sub_r1,MSF,82,BLK_82S,11,베이36B 론지취부,6,2025-10-20 02:18:20,2025-10-20 02:59:50,41.5,36B,베이36B
b190_mixed_ps_sub_r1,MSF,82,BLK_82S,11,베이36B 론지용접,7,2025-10-20 02:59:50,2025-10-20 03:18:14,18.4,36B,베이36B
b190_mixed_ps_sub_r1,MSF,82,BLK_82S,11,베이36B 수정,8,2025-10-20 03:18:14,2025-10-20 03:43:02,24.8,36B,베이36B
b190_mixed_ps_sub_r1,MSF,120,BLK_120C,12,판계,1,2025-10-19 13:20:00,2025-10-19 13:50:00,30.0,,공통
b190_mixed_ps_sub_r1,MSF,120,BLK_120C,12,전면SAW,2,2025-10-19 22:58:33,2025-10-19 23:28:41,30.1,,공통
b190_mixed_ps_sub_r1,MSF,120,BLK_120C,12,TurnOver,3,2025-10-19 23:28:41,2025-10-19 23:40:41,12.0,,공통
b190_mixed_ps_sub_r1,MSF,120,BLK_120C,12,후면SAW,4,2025-10-20 01:01:30,2025-10-20 01:20:01,18.5,,공통
b190_mixed_ps_sub_r1,MSF,120,BLK_120C,12,NC,5,2025-10-20 02:18:20,2025-10-20 02:59:17,41.0,,공통
b190_mixed_ps_sub_r1,MSF,120,BLK_120C,12,베이35A 론지취부,6,2025-10-20 02:59:17,2025-10-20 04:08:47,69.5,35A,베이35A
b190_mixed_ps_sub_r1,MSF,120,BLK_120C,12,베이35A 론지용접,7,2025-10-20 04:08:47,2025-10-20 04:31:59,23.2,35A,베이35A
b190_mixed_ps_sub_r1,MSF,120,BLK_120C,12,베이35A 수정,8,2025-10-20 04:31:59,2025-10-20 05:14:23,42.4,35A,베이35A
b190_mixed_ps_sub_r1,MSF,111,BLK_111P,1,판계,1,2025-10-20 08:00:00,2025-10-20 08:30:00,30.0,,공통
b190_mixed_ps_sub_r1,MSF,111,BLK_111P,1,전면SAW,2,2025-10-20 08:30:00,2025-10-20 08:59:25,29.4,,공통
b190_mixed_ps_sub_r1,MSF,111,BLK_111P,1,TurnOver,3,2025-10-20 08:59:25,2025-10-20 09:11:25,12.0,,공통
b190_mixed_ps_sub_r1,MSF,111,BLK_111P,1,후면SAW,4,2025-10-20 09:11:25,2025-10-20 09:29:00,17.6,,공통
b190_mixed_ps_sub_r1,MSF,111,BLK_111P,1,NC,5,2025-10-20 09:29:00,2025-10-20 10:09:25,40.4,,공통
b190_mixed_ps_sub_r1,MSF,111,BLK_111P,1,베이36B 론지취부,6,2025-10-20 10:09:25,2025-10-20 11:04:55,55.5,36B,베이36B
b190_mixed_ps_sub_r1,MSF,111,BLK_111P,1,베이36B 론지용접,7,2025-10-20 11:04:55,2025-10-20 11:25:43,20.8,36B,베이36B
b190_mixed_ps_sub_r1,MSF,111,BLK_111P,1,베이36B 수정,8,2025-10-20 11:25:43,2025-10-20 11:59:19,33.6,36B,베이36B
b190_mixed_ps_sub_r1,MSF,133,BLK_133S,2,판계,1,2025-10-20 08:30:00,2025-10-20 09:00:00,30.0,,공통
b190_mixed_ps_sub_r1,MSF,133,BLK_133S,2,전면SAW,2,2025-10-20 09:00:00,2025-10-20 09:33:19,33.3,,공통
b190_mixed_ps_sub_r1,MSF,133,BLK_133S,2,TurnOver,3,2025-10-20 09:33:19,2025-10-20 09:45:19,12.0,,공통
b190_mixed_ps_sub_r1,MSF,133,BLK_133S,2,후면SAW,4,2025-10-20 09:45:19,2025-10-20 10:08:03,22.7,,공통
b190_mixed_ps_sub_r1,MSF,133,BLK_133S,2,NC,5,2025-10-20 10:09:25,2025-10-20 10:51:46,42.4,,공통
b190_mixed_ps_sub_r1,MSF,133,BLK_133S,2,베이35A 론지취부,6,2025-10-20 10:51:46,2025-10-20 12:08:16,76.5,35A,베이35A
b190_mixed_ps_sub_r1,MSF,133,BLK_133S,2,베이35A 론지용접,7,2025-10-20 12:08:16,2025-10-20 12:32:40,24.4,35A,베이35A
b190_mixed_ps_sub_r1,MSF,133,BLK_133S,2,베이35A 수정,8,2025-10-20 12:32:40,2025-10-20 13:19:28,46.8,35A,베이35A
b190_mixed_ps_sub_r1,MSF,163,BLK_163S,3,판계,1,2025-10-20 09:00:00,2025-10-20 09:30:00,30.0,,공통
b190_mixed_ps_sub_r1,MSF,163,BLK_163S,3,전면SAW,2,2025-10-20 09:33:19,2025-10-20 10:07:27,34.1,,공통
b190_mixed_ps_sub_r1,MSF,163,BLK_163S,3,TurnOver,3,2025-10-20 10:07:27,2025-10-20 10:19:27,12.0,,공통
b190_mixed_ps_sub_r1,MSF,163,BLK_163S,3,후면SAW,4,2025-10-20 10:19:27,2025-10-20 10:43:14,23.8,,공통
b190_mixed_ps_sub_r1,MSF,163,BLK_163S,3,NC,5,2025-10-20 10:51:46,2025-10-20 11:37:01,45.2,,공통
b190_mixed_ps_sub_r1,MSF,163,BLK_163S,3,베이36B 론지취부,6,2025-10-20 11:37:01,2025-10-20 13:11:01,94.0,36B,베이36B
b190_mixed_ps_sub_r1,MSF,163,BLK_163S,3,베이36B 론지용접,7,2025-10-20 13:11:01,2025-10-20 13:38:25,27.4,36B,베이36B
b190_mixed_ps_sub_r1,MSF,163,BLK_163S,3,베이36B 수정,8,2025-10-20 13:38:25,2025-10-20 14:36:13,57.8,36B,베이36B
b190_mixed_ps_sub_r1,MSF,105,BLK_105C,4,판계,1,2025-10-20 09:30:00,2025-10-20 10:00:00,30.0,,공통
b190_mixed_ps_sub_r1,MSF,105,BLK_105C,4,전면SAW,2,2025-10-20 10:07:27,2025-10-20 10:40:53,33.4,,공통
b190_mixed_ps_sub_r1,MSF,105,BLK_105C,4,TurnOver,3,2025-10-20 10:40:53,2025-10-20 10:52:53,12.0,,공통
b190_mixed_ps_sub_r1,MSF,105,BLK_105C,4,후면SAW,4,2025-10-20 10:52:53,2025-10-20 11:15:45,22.9,,공통
b190_mixed_ps_sub_r1,MSF,105,BLK_105C,4,NC,5,2025-10-20 11:37:01,2025-10-20 12:18:20,41.3,,공통
b190_mixed_ps_sub_r1,MSF,105,BLK_105C,4,베이35A 론지취부,6,2025-10-20 12:18:20,2025-10-20 13:34:50,76.5,35A,베이35A
b190_mixed_ps_sub_r1,MSF,105,BLK_105C,4,베이35A 론지용접,7,2025-10-20 13:34:50,2025-10-20 13:59:14,24.4,35A,베이35A
b190_mixed_ps_sub_r1,MSF,105,BLK_105C,4,베이35A 수정,8,2025-10-20 13:59:14,2025-10-20 14:46:02,46.8,35A,베이35A
b190_mixed_ps_sub_r1,MSF,108,BLK_108C,5,판계,1,2025-10-20 10:00:00,2025-10-20 10:38:00,38.0,,공통
b190_mixed_ps_sub_r1,MSF,108,BLK_108C,5,전면SAW,2,2025-10-20 10:40:53,2025-10-20 12:03:31,82.6,,공통
b190_mixed_ps_sub_r1,MSF,108,BLK_108C,5,TurnOver,3,2025-10-20 12:03:31,2025-10-20 12:15:31,12.0,,공통
b190_mixed_ps_sub_r1,MSF,108,BLK_108C,5,후면SAW,4,2025-10-20 12:15:31,2025-10-20 13:18:37,63.1,,공통
b190_mixed_ps_sub_r1,MSF,108,BLK_108C,5,NC,5,2025-10-20 13:18:37,2025-10-20 14:03:19,44.7,,공통
b190_mixed_ps_sub_r1,MSF,108,BLK_108C,5,베이36B 론지취부,6,2025-10-20 14:03:19,2025-10-20 15:19:49,76.5,36B,베이36B
b190_mixed_ps_sub_r1,MSF,108,BLK_108C,5,베이36B 론지용접,7,2025-10-20 15:19:49,2025-10-20 15:44:13,24.4,36B,베이36B
b190_mixed_ps_sub_r1,MSF,108,BLK_108C,5,베이36B 수정,8,2025-10-20 15:44:13,2025-10-20 16:31:01,46.8,36B,베이36B
b190_mixed_ps_sub_r1,MSF,132,BLK_132C,6,판계,1,2025-10-20 10:38:00,2025-10-20 11:08:00,30.0,,공통
b190_mixed_ps_sub_r1,MSF,132,BLK_132C,6,전면SAW,2,2025-10-20 12:03:31,2025-10-20 12:35:18,31.8,,공통
b190_mixed_ps_sub_r1,MSF,132,BLK_132C,6,TurnOver,3,2025-10-20 12:35:18,2025-10-20 12:47:18,12.0,,공통
b190_mixed_ps_sub_r1,MSF,132,BLK_132C,6,후면SAW,4,2025-10-20 13:18:37,2025-10-20 13:39:19,20.7,,공통
b190_mixed_ps_sub_r1,MSF,132,BLK_132C,6,NC,5,2025-10-20 14:03:19,2025-10-20 14:45:52,42.5,,공통
b190_mixed_ps_sub_r1,MSF,132,BLK_132C,6,베이35A 론지취부,6,2025-10-20 14:45:52,2025-10-20 15:48:22,62.5,35A,베이35A
b190_mixed_ps_sub_r1,MSF,132,BLK_132C,6,베이35A 론지용접,7,2025-10-20 15:48:22,2025-10-20 16:10:22,22.0,35A,베이35A
b190_mixed_ps_sub_r1,MSF,132,BLK_132C,6,베이35A 수정,8,2025-10-20 16:10:22,2025-10-20 16:48:22,38.0,35A,베이35A
b190_mixed_ps_sub_r1,MSF,116,BLK_116P,7,판계,1,2025-10-20 11:08:00,2025-10-20 11:53:00,45.0,,공통
b190_mixed_ps_sub_r1,MSF,116,BLK_116P,7,전면SAW,2,2025-10-20 12:35:18,2025-10-20 14:46:32,131.2,,공통
b190_mixed_ps_sub_r1,MSF,116,BLK_116P,7,TurnOver,3,2025-10-20 14:46:32,2025-10-20 14:58:32,12.0,,공통
b190_mixed_ps_sub_r1,MSF,116,BLK_116P,7,후면SAW,4,2025-10-20 14:58:32,2025-10-20 16:33:38,95.1,,공통
b190_mixed_ps_sub_r1,MSF,116,BLK_116P,7,NC,5,2025-10-20 16:33:38,2025-10-20 17:23:46,50.1,,공통
b190_mixed_ps_sub_r1,MSF,116,BLK_116P,7,베이36B 론지취부,6,2025-10-20 17:23:46,2025-10-20 18:47:16,83.5,36B,베이36B
b190_mixed_ps_sub_r1,MSF,116,BLK_116P,7,베이36B 론지용접,7,2025-10-20 18:47:16,2025-10-20 19:12:52,25.6,36B,베이36B
b190_mixed_ps_sub_r1,MSF,116,BLK_116P,7,베이36B 수정,8,2025-10-20 19:12:52,2025-10-20 20:04:04,51.2,36B,베이36B
b190_mixed_ps_sub_r1,MSF,171,BLK_116S,8,판계,1,2025-10-20 11:53:00,2025-10-20 12:38:00,45.0,,공통
b190_mixed_ps_sub_r1,MSF,171,BLK_116S,8,전면SAW,2,2025-10-20 14:46:32,2025-10-20 16:57:46,131.2,,공통
b190_mixed_ps_sub_r1,MSF,171,BLK_116S,8,TurnOver,3,2025-10-20 16:57:46,2025-10-20 17:09:46,12.0,,공통
b190_mixed_ps_sub_r1,MSF,171,BLK_116S,8,후면SAW,4,2025-10-20 17:09:46,2025-10-20 18:44:52,95.1,,공통
b190_mixed_ps_sub_r1,MSF,171,BLK_116S,8,NC,5,2025-10-20 18:44:52,2025-10-20 19:35:00,50.1,,공통
b190_mixed_ps_sub_r1,MSF,171,BLK_116S,8,베이35A 론지취부,6,2025-10-20 19:35:00,2025-10-20 20:58:30,83.5,35A,베이35A
b190_mixed_ps_sub_r1,MSF,171,BLK_116S,8,베이35A 론지용접,7,2025-10-20 20:58:30,2025-10-20 21:24:06,25.6,35A,베이35A
b190_mixed_ps_sub_r1,MSF,171,BLK_116S,8,베이35A 수정,8,2025-10-20 21:24:06,2025-10-20 22:15:18,51.2,35A,베이35A
b190_mixed_ps_sub_r1,MSF,167,BLK_167S,9,판계,1,2025-10-20 12:38:00,2025-10-20 13:08:00,30.0,,공통
b190_mixed_ps_sub_r1,MSF,167,BLK_167S,9,전면SAW,2,2025-10-20 16:57:46,2025-10-20 17:31:27,33.7,,공통
b190_mixed_ps_sub_r1,MSF,167,BLK_167S,9,TurnOver,3,2025-10-20 17:31:27,2025-10-20 17:43:27,12.0,,공통
b190_mixed_ps_sub_r1,MSF,167,BLK_167S,9,후면SAW,4,2025-10-20 18:44:52,2025-10-20 19:08:03,23.2,,공통
b190_mixed_ps_sub_r1,MSF,167,BLK_167S,9,NC,5,2025-10-20 19:35:00,2025-10-20 20:17:05,42.1,,공통
b190_mixed_ps_sub_r1,MSF,167,BLK_167S,9,베이36B 론지취부,6,2025-10-20 20:17:05,2025-10-20 21:23:05,66.0,36B,베이36B
b190_mixed_ps_sub_r1,MSF,167,BLK_167S,9,베이36B 론지용접,7,2025-10-20 21:23:05,2025-10-20 21:45:41,22.6,36B,베이36B
b190_mixed_ps_sub_r1,MSF,167,BLK_167S,9,베이36B 수정,8,2025-10-20 21:45:41,2025-10-20 22:25:53,40.2,36B,베이36B
b190_mixed_ps_sub_r1,MSF,124,BLK_124S,10,판계,1,2025-10-20 13:08:00,2025-10-20 13:53:00,45.0,,공통
b190_mixed_ps_sub_r1,MSF,124,BLK_124S,10,전면SAW,2,2025-10-20 17:31:27,2025-10-20 20:41:27,190.0,,공통
b190_mixed_ps_sub_r1,MSF,124,BLK_124S,10,TurnOver,3,2025-10-20 20:41:27,2025-10-20 20:53:27,12.0,,공통
b190_mixed_ps_sub_r1,MSF,124,BLK_124S,10,후면SAW,4,2025-10-20 20:53:27,2025-10-20 23:38:27,165.0,,공통
b190_mixed_ps_sub_r1,MSF,124,BLK_124S,10,NC,5,2025-10-20 23:38:27,2025-10-21 00:31:10,52.7,,공통
b190_mixed_ps_sub_r1,MSF,124,BLK_124S,10,베이35A 론지취부,6,2025-10-21 00:31:10,2025-10-21 01:47:40,76.5,35A,베이35A
b190_mixed_ps_sub_r1,MSF,124,BLK_124S,10,베이35A 론지용접,7,2025-10-21 01:47:40,2025-10-21 02:12:04,24.4,35A,베이35A
b190_mixed_ps_sub_r1,MSF,124,BLK_124S,10,베이35A 수정,8,2025-10-21 02:12:04,2025-10-21 02:58:52,46.8,35A,베이35A
b190_mixed_ps_sub_r1,MSF,51,BLK_51P,11,판계,1,2025-10-20 13:53:00,2025-10-20 14:23:00,30.0,,공통
b190_mixed_ps_sub_r1,MSF,51,BLK_51P,11,전면SAW,2,2025-10-20 20:41:27,2025-10-20 21:13:49,32.4,,공통
b190_mixed_ps_sub_r1,MSF,51,BLK_51P,11,TurnOver,3,2025-10-20 21:13:49,2025-10-20 21:25:49,12.0,,공통
b190_mixed_ps_sub_r1,MSF,51,BLK_51P,11,후면SAW,4,2025-10-20 23:38:27,2025-10-20 23:59:55,21.5,,공통
b190_mixed_ps_sub_r1,MSF,51,BLK_51P,11,NC,5,2025-10-21 00:31:10,2025-10-21 01:22:25,51.3,,공통
b190_mixed_ps_sub_r1,MSF,51,BLK_51P,11,베이36B 론지취부,6,2025-10-21 01:22:25,2025-10-21 02:59:55,97.5,36B,베이36B
b190_mixed_ps_sub_r1,MSF,51,BLK_51P,11,베이36B 론지용접,7,2025-10-21 02:59:55,2025-10-21 03:27:55,28.0,36B,베이36B
b190_mixed_ps_sub_r1,MSF,51,BLK_51P,11,베이36B 수정,8,2025-10-21 03:27:55,2025-10-21 04:27:55,60.0,36B,베이36B
b190_mixed_ps_sub_r1,MSF,48,BLK_48P,12,판계,1,2025-10-20 14:23:00,2025-10-20 14:56:00,33.0,,공통
b190_mixed_ps_sub_r1,MSF,48,BLK_48P,12,전면SAW,2,2025-10-20 21:13:49,2025-10-20 23:00:06,106.3,,공통
b190_mixed_ps_sub_r1,MSF,48,BLK_48P,12,TurnOver,3,2025-10-20 23:00:06,2025-10-20 23:12:06,12.0,,공통
b190_mixed_ps_sub_r1,MSF,48,BLK_48P,12,후면SAW,4,2025-10-20 23:59:55,2025-10-21 01:45:50,105.9,,공통
b190_mixed_ps_sub_r1,MSF,48,BLK_48P,12,NC,5,2025-10-21 01:45:50,2025-10-21 02:26:24,40.6,,공통
b190_mixed_ps_sub_r1,MSF,48,BLK_48P,12,베이35A 론지취부,6,2025-10-21 02:26:24,2025-10-21 03:42:54,76.5,35A,베이35A
b190_mixed_ps_sub_r1,MSF,48,BLK_48P,12,베이35A 론지용접,7,2025-10-21 03:42:54,2025-10-21 04:07:18,24.4,35A,베이35A
b190_mixed_ps_sub_r1,MSF,48,BLK_48P,12,베이35A 수정,8,2025-10-21 04:07:18,2025-10-21 04:54:06,46.8,35A,베이35A
b190_mixed_ps_sub_r1,MSF,60,BLK_60S,13,판계,1,2025-10-20 14:56:00,2025-10-20 15:21:00,25.0,,공통
b190_mixed_ps_sub_r1,MSF,60,BLK_60S,13,전면SAW,2,2025-10-20 23:00:06,2025-10-20 23:35:01,34.9,,공통
b190_mixed_ps_sub_r1,MSF,60,BLK_60S,13,TurnOver,3,2025-10-20 23:35:01,2025-10-20 23:47:01,12.0,,공통
b190_mixed_ps_sub_r1,MSF,60,BLK_60S,13,후면SAW,4,2025-10-21 01:45:50,2025-10-21 02:10:40,24.8,,공통
b190_mixed_ps_sub_r1,MSF,60,BLK_60S,13,NC,5,2025-10-21 02:26:24,2025-10-21 03:01:57,35.6,,공통
b190_mixed_ps_sub_r1,MSF,60,BLK_60S,13,베이36B 론지취부,6,2025-10-21 03:01:57,2025-10-21 04:11:27,69.5,36B,베이36B
b190_mixed_ps_sub_r1,MSF,60,BLK_60S,13,베이36B 론지용접,7,2025-10-21 04:11:27,2025-10-21 04:34:39,23.2,36B,베이36B
b190_mixed_ps_sub_r1,MSF,60,BLK_60S,13,베이36B 수정,8,2025-10-21 04:34:39,2025-10-21 05:17:03,42.4,36B,베이36B
b190_mixed_ps_sub_r1,MSF,135,BLK_135P,14,판계,1,2025-10-20 15:21:00,2025-10-20 15:59:00,38.0,,공통
b190_mixed_ps_sub_r1,MSF,135,BLK_135P,14,전면SAW,2,2025-10-20 23:35:01,2025-10-21 00:51:16,76.2,,공통
b190_mixed_ps_sub_r1,MSF,135,BLK_135P,14,TurnOver,3,2025-10-21 00:51:16,2025-10-21 01:03:16,12.0,,공통
b190_mixed_ps_sub_r1,MSF,135,BLK_135P,14,후면SAW,4,2025-10-21 02:10:40,2025-10-21 03:07:56,57.3,,공통
b190_mixed_ps_sub_r1,MSF,135,BLK_135P,14,NC,5,2025-10-21 03:07:56,2025-10-21 03:51:34,43.6,,공통
b190_mixed_ps_sub_r1,MSF,135,BLK_135P,14,베이35A 론지취부,6,2025-10-21 03:51:34,2025-10-21 04:36:34,45.0,35A,베이35A
b190_mixed_ps_sub_r1,MSF,135,BLK_135P,14,베이35A 론지용접,7,2025-10-21 04:36:34,2025-10-21 04:55:34,19.0,35A,베이35A
b190_mixed_ps_sub_r1,MSF,135,BLK_135P,14,베이35A 수정,8,2025-10-21 04:55:34,2025-10-21 05:22:34,27.0,35A,베이35A
b190_mixed_ps_sub_r1,MSF,63,BLK_63C,15,판계,1,2025-10-20 15:59:00,2025-10-20 16:29:00,30.0,,공통
b190_mixed_ps_sub_r1,MSF,63,BLK_63C,15,전면SAW,2,2025-10-21 00:51:16,2025-10-21 01:28:24,37.1,,공통
b190_mixed_ps_sub_r1,MSF,63,BLK_63C,15,TurnOver,3,2025-10-21 01:28:24,2025-10-21 01:40:24,12.0,,공통
b190_mixed_ps_sub_r1,MSF,63,BLK_63C,15,후면SAW,4,2025-10-21 03:07:56,2025-10-21 03:35:41,27.8,,공통
b190_mixed_ps_sub_r1,MSF,63,BLK_63C,15,NC,5,2025-10-21 03:51:34,2025-10-21 04:41:38,50.1,,공통
b190_mixed_ps_sub_r1,MSF,63,BLK_63C,15,베이36B 론지취부,6,2025-10-21 04:41:38,2025-10-21 06:01:38,80.0,36B,베이36B
b190_mixed_ps_sub_r1,MSF,63,BLK_63C,15,베이36B 론지용접,7,2025-10-21 06:01:38,2025-10-21 06:26:38,25.0,36B,베이36B
b190_mixed_ps_sub_r1,MSF,63,BLK_63C,15,베이36B 수정,8,2025-10-21 06:26:38,2025-10-21 07:15:38,49.0,36B,베이36B
b190_mixed_ps_sub_r1,MSF,4,BLK_4C,1,판계,1,2025-10-21 08:00:00,2025-10-21 08:30:00,30.0,,공통
b190_mixed_ps_sub_r1,MSF,4,BLK_4C,1,전면SAW,2,2025-10-21 08:30:00,2025-10-21 09:01:31,31.5,,공통
b190_mixed_ps_sub_r1,MSF,4,BLK_4C,1,TurnOver,3,2025-10-21 09:01:31,2025-10-21 09:13:31,12.0,,공통
b190_mixed_ps_sub_r1,MSF,4,BLK_4C,1,후면SAW,4,2025-10-21 09:13:31,2025-10-21 09:33:51,20.3,,공통
b190_mixed_ps_sub_r1,MSF,4,BLK_4C,1,NC,5,2025-10-21 09:33:51,2025-10-21 10:18:18,44.4,,공통
b190_mixed_ps_sub_r1,MSF,4,BLK_4C,1,베이35A 론지취부,6,2025-10-21 10:18:18,2025-10-21 11:20:48,62.5,35A,베이35A
b190_mixed_ps_sub_r1,MSF,4,BLK_4C,1,베이35A 론지용접,7,2025-10-21 11:20:48,2025-10-21 11:42:48,22.0,35A,베이35A
b190_mixed_ps_sub_r1,MSF,4,BLK_4C,1,베이35A 수정,8,2025-10-21 11:42:48,2025-10-21 12:20:48,38.0,35A,베이35A
b190_mixed_ps_sub_r1,MSF,20,BLK_20S,2,판계,1,2025-10-21 08:30:00,2025-10-21 09:00:00,30.0,,공통
b190_mixed_ps_sub_r1,MSF,20,BLK_20S,2,전면SAW,2,2025-10-21 09:01:31,2025-10-21 09:31:58,30.5,,공통
b190_mixed_ps_sub_r1,MSF,20,BLK_20S,2,TurnOver,3,2025-10-21 09:31:58,2025-10-21 09:43:58,12.0,,공통
b190_mixed_ps_sub_r1,MSF,20,BLK_20S,2,후면SAW,4,2025-10-21 09:43:58,2025-10-21 10:02:55,18.9,,공통
b190_mixed_ps_sub_r1,MSF,20,BLK_20S,2,NC,5,2025-10-21 10:18:18,2025-10-21 11:00:53,42.6,,공통
b190_mixed_ps_sub_r1,MSF,20,BLK_20S,2,베이36B 론지취부,6,2025-10-21 11:00:53,2025-10-21 12:13:53,73.0,36B,베이36B
b190_mixed_ps_sub_r1,MSF,20,BLK_20S,2,베이36B 론지용접,7,2025-10-21 12:13:53,2025-10-21 12:37:41,23.8,36B,베이36B
b190_mixed_ps_sub_r1,MSF,20,BLK_20S,2,베이36B 수정,8,2025-10-21 12:37:41,2025-10-21 13:22:17,44.6,36B,베이36B
b190_mixed_ps_sub_r1,MSF,165,BLK_165P,3,판계,1,2025-10-21 09:00:00,2025-10-21 09:38:00,38.0,,공통
b190_mixed_ps_sub_r1,MSF,165,BLK_165P,3,전면SAW,2,2025-10-21 09:38:00,2025-10-21 11:21:25,103.4,,공통
b190_mixed_ps_sub_r1,MSF,165,BLK_165P,3,TurnOver,3,2025-10-21 11:21:25,2025-10-21 11:33:25,12.0,,공통
b190_mixed_ps_sub_r1,MSF,165,BLK_165P,3,후면SAW,4,2025-10-21 11:33:25,2025-10-21 12:55:28,82.0,,공통
b190_mixed_ps_sub_r1,MSF,165,BLK_165P,3,NC,5,2025-10-21 12:55:28,2025-10-21 13:42:22,46.9,,공통
b190_mixed_ps_sub_r1,MSF,165,BLK_165P,3,베이35A 론지취부,6,2025-10-21 13:42:22,2025-10-21 14:44:52,62.5,35A,베이35A
b190_mixed_ps_sub_r1,MSF,165,BLK_165P,3,베이35A 론지용접,7,2025-10-21 14:44:52,2025-10-21 15:06:52,22.0,35A,베이35A
b190_mixed_ps_sub_r1,MSF,165,BLK_165P,3,베이35A 수정,8,2025-10-21 15:06:52,2025-10-21 15:44:52,38.0,35A,베이35A
b190_mixed_ps_sub_r1,MSF,125,BLK_125S,4,판계,1,2025-10-21 09:38:00,2025-10-21 10:08:00,30.0,,공통
b190_mixed_ps_sub_r1,MSF,125,BLK_125S,4,전면SAW,2,2025-10-21 11:21:25,2025-10-21 12:04:30,43.1,,공통
b190_mixed_ps_sub_r1,MSF,125,BLK_125S,4,TurnOver,3,2025-10-21 12:04:30,2025-10-21 12:16:30,12.0,,공통
b190_mixed_ps_sub_r1,MSF,125,BLK_125S,4,후면SAW,4,2025-10-21 12:55:28,2025-10-21 13:31:02,35.6,,공통
b190_mixed_ps_sub_r1,MSF,125,BLK_125S,4,NC,5,2025-10-21 13:42:22,2025-10-21 14:32:47,50.4,,공통
b190_mixed_ps_sub_r1,MSF,125,BLK_125S,4,베이36B 론지취부,6,2025-10-21 14:32:47,2025-10-21 16:03:17,90.5,36B,베이36B
b190_mixed_ps_sub_r1,MSF,125,BLK_125S,4,베이36B 론지용접,7,2025-10-21 16:03:17,2025-10-21 16:30:05,26.8,36B,베이36B
b190_mixed_ps_sub_r1,MSF,125,BLK_125S,4,베이36B 수정,8,2025-10-21 16:30:05,2025-10-21 17:25:41,55.6,36B,베이36B
b190_mixed_ps_sub_r1,MSF,128,BLK_128S,5,판계,1,2025-10-21 10:08:00,2025-10-21 10:53:00,45.0,,공통
b190_mixed_ps_sub_r1,MSF,128,BLK_128S,5,전면SAW,2,2025-10-21 12:04:30,2025-10-21 14:55:18,170.8,,공통
b190_mixed_ps_sub_r1,MSF,128,BLK_128S,5,TurnOver,3,2025-10-21 14:55:18,2025-10-21 15:07:18,12.0,,공통
b190_mixed_ps_sub_r1,MSF,128,BLK_128S,5,후면SAW,4,2025-10-21 15:07:18,2025-10-21 17:11:12,123.9,,공통
b190_mixed_ps_sub_r1,MSF,128,BLK_128S,5,NC,5,2025-10-21 17:11:12,2025-10-21 18:06:24,55.2,,공통
b190_mixed_ps_sub_r1,MSF,128,BLK_128S,5,베이35A 론지취부,6,2025-10-21 18:06:24,2025-10-21 19:26:24,80.0,35A,베이35A
b190_mixed_ps_sub_r1,MSF,128,BLK_128S,5,베이35A 론지용접,7,2025-10-21 19:26:24,2025-10-21 19:51:24,25.0,35A,베이35A
b190_mixed_ps_sub_r1,MSF,128,BLK_128S,5,베이35A 수정,8,2025-10-21 19:51:24,2025-10-21 20:40:24,49.0,35A,베이35A
b190_mixed_ps_sub_r1,MSF,158,BLK_158C,6,판계,1,2025-10-21 10:53:00,2025-10-21 11:23:00,30.0,,공통
b190_mixed_ps_sub_r1,MSF,158,BLK_158C,6,전면SAW,2,2025-10-21 14:55:18,2025-10-21 15:26:46,31.5,,공통
b190_mixed_ps_sub_r1,MSF,158,BLK_158C,6,TurnOver,3,2025-10-21 15:26:46,2025-10-21 15:38:46,12.0,,공통
b190_mixed_ps_sub_r1,MSF,158,BLK_158C,6,후면SAW,4,2025-10-21 17:11:12,2025-10-21 17:31:29,20.3,,공통
b190_mixed_ps_sub_r1,MSF,158,BLK_158C,6,NC,5,2025-10-21 18:06:24,2025-10-21 18:56:34,50.2,,공통
b190_mixed_ps_sub_r1,MSF,158,BLK_158C,6,베이36B 론지취부,6,2025-10-21 18:56:34,2025-10-21 20:13:04,76.5,36B,베이36B
b190_mixed_ps_sub_r1,MSF,158,BLK_158C,6,베이36B 론지용접,7,2025-10-21 20:13:04,2025-10-21 20:37:28,24.4,36B,베이36B
b190_mixed_ps_sub_r1,MSF,158,BLK_158C,6,베이36B 수정,8,2025-10-21 20:37:28,2025-10-21 21:24:16,46.8,36B,베이36B
b190_mixed_ps_sub_r1,MSF,142,BLK_142S,7,판계,1,2025-10-21 11:23:00,2025-10-21 12:01:00,38.0,,공통
b190_mixed_ps_sub_r1,MSF,142,BLK_142S,7,전면SAW,2,2025-10-21 15:26:46,2025-10-21 17:17:28,110.7,,공통
b190_mixed_ps_sub_r1,MSF,142,BLK_142S,7,TurnOver,3,2025-10-21 17:17:28,2025-10-21 17:29:28,12.0,,공통
b190_mixed_ps_sub_r1,MSF,142,BLK_142S,7,후면SAW,4,2025-10-21 17:31:29,2025-10-21 19:00:11,88.7,,공통
b190_mixed_ps_sub_r1,MSF,142,BLK_142S,7,NC,5,2025-10-21 19:00:11,2025-10-21 19:48:05,47.9,,공통
b190_mixed_ps_sub_r1,MSF,142,BLK_142S,7,베이35A 론지취부,6,2025-10-21 19:48:05,2025-10-21 21:11:35,83.5,35A,베이35A
b190_mixed_ps_sub_r1,MSF,142,BLK_142S,7,베이35A 론지용접,7,2025-10-21 21:11:35,2025-10-21 21:37:11,25.6,35A,베이35A
b190_mixed_ps_sub_r1,MSF,142,BLK_142S,7,베이35A 수정,8,2025-10-21 21:37:11,2025-10-21 22:28:23,51.2,35A,베이35A
b190_mixed_ps_sub_r1,MSF,146,BLK_146S,8,판계,1,2025-10-21 12:01:00,2025-10-21 12:39:00,38.0,,공통
b190_mixed_ps_sub_r1,MSF,146,BLK_146S,8,전면SAW,2,2025-10-21 17:17:28,2025-10-21 18:53:07,95.7,,공통
b190_mixed_ps_sub_r1,MSF,146,BLK_146S,8,TurnOver,3,2025-10-21 18:53:07,2025-10-21 19:05:07,12.0,,공통
b190_mixed_ps_sub_r1,MSF,146,BLK_146S,8,후면SAW,4,2025-10-21 19:05:07,2025-10-21 20:38:39,93.5,,공통
b190_mixed_ps_sub_r1,MSF,146,BLK_146S,8,NC,5,2025-10-21 20:38:39,2025-10-21 21:26:30,47.8,,공통
b190_mixed_ps_sub_r1,MSF,146,BLK_146S,8,베이36B 론지취부,6,2025-10-21 21:26:30,2025-10-21 22:36:00,69.5,36B,베이36B
b190_mixed_ps_sub_r1,MSF,146,BLK_146S,8,베이36B 론지용접,7,2025-10-21 22:36:00,2025-10-21 22:59:12,23.2,36B,베이36B
b190_mixed_ps_sub_r1,MSF,146,BLK_146S,8,베이36B 수정,8,2025-10-21 22:59:12,2025-10-21 23:41:36,42.4,36B,베이36B
b190_mixed_ps_sub_r1,MSF,100,BLK_100P,9,판계,1,2025-10-21 12:39:00,2025-10-21 13:09:00,30.0,,공통
b190_mixed_ps_sub_r1,MSF,100,BLK_100P,9,전면SAW,2,2025-10-21 18:53:07,2025-10-21 20:41:16,108.2,,공통
b190_mixed_ps_sub_r1,MSF,100,BLK_100P,9,TurnOver,3,2025-10-21 20:41:16,2025-10-21 20:53:16,12.0,,공통
b190_mixed_ps_sub_r1,MSF,100,BLK_100P,9,후면SAW,4,2025-10-21 20:53:16,2025-10-21 22:09:54,76.6,,공통
b190_mixed_ps_sub_r1,MSF,100,BLK_100P,9,NC,5,2025-10-21 22:09:54,2025-10-21 23:03:59,54.1,,공통
b190_mixed_ps_sub_r1,MSF,100,BLK_100P,9,베이35A 론지취부,6,2025-10-21 23:03:59,2025-10-21 23:41:59,38.0,35A,베이35A
b190_mixed_ps_sub_r1,MSF,100,BLK_100P,9,베이35A 론지용접,7,2025-10-21 23:41:59,2025-10-21 23:59:47,17.8,35A,베이35A
b190_mixed_ps_sub_r1,MSF,100,BLK_100P,9,베이35A 수정,8,2025-10-21 23:59:47,2025-10-22 00:22:23,22.6,35A,베이35A
b190_mixed_ps_sub_r1,MSF,103,BLK_103S,10,판계,1,2025-10-21 13:09:00,2025-10-21 13:39:00,30.0,,공통
b190_mixed_ps_sub_r1,MSF,103,BLK_103S,10,전면SAW,2,2025-10-21 20:41:16,2025-10-21 22:26:27,105.2,,공통
b190_mixed_ps_sub_r1,MSF,103,BLK_103S,10,TurnOver,3,2025-10-21 22:26:27,2025-10-21 22:38:27,12.0,,공통
b190_mixed_ps_sub_r1,MSF,103,BLK_103S,10,후면SAW,4,2025-10-21 22:38:27,2025-10-22 00:02:06,83.7,,공통
b190_mixed_ps_sub_r1,MSF,103,BLK_103S,10,NC,5,2025-10-22 00:02:06,2025-10-22 00:54:39,52.5,,공통
b190_mixed_ps_sub_r1,MSF,103,BLK_103S,10,베이36B 론지취부,6,2025-10-22 00:54:39,2025-10-22 02:28:39,94.0,36B,베이36B
b190_mixed_ps_sub_r1,MSF,103,BLK_103S,10,베이36B 론지용접,7,2025-10-22 02:28:39,2025-10-22 02:56:03,27.4,36B,베이36B
b190_mixed_ps_sub_r1,MSF,103,BLK_103S,10,베이36B 수정,8,2025-10-22 02:56:03,2025-10-22 03:53:51,57.8,36B,베이36B
b190_mixed_ps_sub_r1,MSF,110,BLK_110S,11,판계,1,2025-10-21 13:39:00,2025-10-21 14:09:00,30.0,,공통
b190_mixed_ps_sub_r1,MSF,110,BLK_110S,11,전면SAW,2,2025-10-21 22:26:27,2025-10-22 00:27:13,120.8,,공통
b190_mixed_ps_sub_r1,MSF,110,BLK_110S,11,TurnOver,3,2025-10-22 00:27:13,2025-10-22 00:39:13,12.0,,공통
b190_mixed_ps_sub_r1,MSF,110,BLK_110S,11,후면SAW,4,2025-10-22 00:39:13,2025-10-22 02:42:03,122.8,,공통
b190_mixed_ps_sub_r1,MSF,110,BLK_110S,11,NC,5,2025-10-22 02:42:03,2025-10-22 03:36:30,54.5,,공통
b190_mixed_ps_sub_r1,MSF,110,BLK_110S,11,베이36B 론지취부,6,2025-10-22 03:36:30,2025-10-22 05:42:00,125.5,36B,베이36B
b190_mixed_ps_sub_r1,MSF,110,BLK_110S,11,베이36B 론지용접,7,2025-10-22 05:42:00,2025-10-22 06:14:48,32.8,36B,베이36B
b190_mixed_ps_sub_r1,MSF,110,BLK_110S,11,베이36B 수정,8,2025-10-22 06:14:48,2025-10-22 07:32:24,77.6,36B,베이36B
b190_mixed_ps_sub_r1,MSF,39,BLK_39C,12,판계,1,2025-10-21 14:09:00,2025-10-21 14:54:00,45.0,,공통
b190_mixed_ps_sub_r1,MSF,39,BLK_39C,12,전면SAW,2,2025-10-22 00:27:13,2025-10-22 02:17:19,110.1,,공통
b190_mixed_ps_sub_r1,MSF,39,BLK_39C,12,TurnOver,3,2025-10-22 02:17:19,2025-10-22 02:29:19,12.0,,공통
b190_mixed_ps_sub_r1,MSF,39,BLK_39C,12,후면SAW,4,2025-10-22 02:42:03,2025-10-22 04:13:37,91.6,,공통
b190_mixed_ps_sub_r1,MSF,39,BLK_39C,12,NC,5,2025-10-22 04:13:37,2025-10-22 05:12:01,58.4,,공통
b190_mixed_ps_sub_r1,MSF,39,BLK_39C,12,베이36B 론지취부,6,2025-10-22 05:42:00,2025-10-22 06:30:30,48.5,36B,베이36B
b190_mixed_ps_sub_r1,MSF,39,BLK_39C,12,베이36B 론지용접,7,2025-10-22 06:30:30,2025-10-22 06:50:06,19.6,36B,베이36B
b190_mixed_ps_sub_r1,MSF,39,BLK_39C,12,베이36B 수정,8,2025-10-22 07:32:24,2025-10-22 08:01:36,29.2,36B,베이36B
b190_mixed_ps_sub_r1,MSF,101,BLK_101C,1,판계,1,2025-10-22 08:00:00,2025-10-22 08:45:00,45.0,,공통
b190_mixed_ps_sub_r1,MSF,101,BLK_101C,1,전면SAW,2,2025-10-22 08:45:00,2025-10-22 10:14:40,89.7,,공통
b190_mixed_ps_sub_r1,MSF,101,BLK_101C,1,TurnOver,3,2025-10-22 10:14:40,2025-10-22 10:26:40,12.0,,공통
b190_mixed_ps_sub_r1,MSF,101,BLK_101C,1,후면SAW,4,2025-10-22 10:26:40,2025-10-22 11:53:14,86.6,,공통
b190_mixed_ps_sub_r1,MSF,101,BLK_101C,1,NC,5,2025-10-22 11:53:14,2025-10-22 12:49:42,56.5,,공통
b190_mixed_ps_sub_r1,MSF,101,BLK_101C,1,베이35A 론지취부,6,2025-10-22 12:49:42,2025-10-22 14:02:42,73.0,35A,베이35A
b190_mixed_ps_sub_r1,MSF,101,BLK_101C,1,베이35A 론지용접,7,2025-10-22 14:02:42,2025-10-22 14:26:30,23.8,35A,베이35A
b190_mixed_ps_sub_r1,MSF,101,BLK_101C,1,베이35A 수정,8,2025-10-22 14:26:30,2025-10-22 15:11:06,44.6,35A,베이35A
b190_mixed_ps_sub_r1,MSF,64,BLK_64C,2,판계,1,2025-10-22 08:45:00,2025-10-22 09:37:00,52.0,,공통
b190_mixed_ps_sub_r1,MSF,64,BLK_64C,2,전면SAW,2,2025-10-22 10:14:40,2025-10-22 11:46:38,92.0,,공통
b190_mixed_ps_sub_r1,MSF,64,BLK_64C,2,TurnOver,3,2025-10-22 11:46:38,2025-10-22 11:58:38,12.0,,공통
b190_mixed_ps_sub_r1,MSF,64,BLK_64C,2,후면SAW,4,2025-10-22 11:58:38,2025-10-22 13:27:51,89.2,,공통
b190_mixed_ps_sub_r1,MSF,64,BLK_64C,2,NC,5,2025-10-22 13:27:51,2025-10-22 14:31:32,63.7,,공통
b190_mixed_ps_sub_r1,MSF,64,BLK_64C,2,베이36B 론지취부,6,2025-10-22 14:31:32,2025-10-22 16:09:02,97.5,36B,베이36B
b190_mixed_ps_sub_r1,MSF,64,BLK_64C,2,베이36B 론지용접,7,2025-10-22 16:09:02,2025-10-22 16:37:02,28.0,36B,베이36B
b190_mixed_ps_sub_r1,MSF,64,BLK_64C,2,베이36B 수정,8,2025-10-22 16:37:02,2025-10-22 17:37:02,60.0,36B,베이36B
b190_mixed_ps_sub_r1,MSF,184,BLK_71P,60,판계,1,2025-10-15 12:46:00,2025-10-15 13:19:00,33.0,,공통
b190_mixed_ps_sub_r1,MSF,184,BLK_71P,60,전면SAW,2,2025-10-15 22:45:28,2025-10-16 00:10:29,85.0,,공통
b190_mixed_ps_sub_r1,MSF,184,BLK_71P,60,TurnOver,3,2025-10-16 00:10:29,2025-10-16 00:22:29,12.0,,공통
b190_mixed_ps_sub_r1,MSF,184,BLK_71P,60,후면SAW,4,2025-10-16 00:22:29,2025-10-16 01:27:45,65.3,,공통
b190_mixed_ps_sub_r1,MSF,184,BLK_71P,60,NC,5,2025-10-16 01:27:45,2025-10-16 02:06:09,38.4,,공통
b190_mixed_ps_sub_r1,MSF,184,BLK_71P,60,베이35A 론지취부,6,2025-10-16 02:06:09,2025-10-16 02:51:09,45.0,35A,베이35A
b190_mixed_ps_sub_r1,MSF,184,BLK_71P,60,베이35A 론지용접,7,2025-10-16 02:51:09,2025-10-16 03:10:09,19.0,35A,베이35A
b190_mixed_ps_sub_r1,MSF,184,BLK_71P,60,베이35A 수정,8,2025-10-16 03:10:09,2025-10-16 03:37:09,27.0,35A,베이35A
b190_mixed_ps_sub_r1,MSF,189,BLK_58S,69,판계,1,2025-10-16 08:39:00,2025-10-16 08:51:00,12.0,,공통
b190_mixed_ps_sub_r1,MSF,189,BLK_58S,69,전면SAW,2,2025-10-16 11:09:44,2025-10-16 11:48:46,39.0,,공통
b190_mixed_ps_sub_r1,MSF,189,BLK_58S,69,TurnOver,3,2025-10-16 11:48:46,2025-10-16 12:00:46,12.0,,공통
b190_mixed_ps_sub_r1,MSF,189,BLK_58S,69,후면SAW,4,2025-10-16 12:55:37,2025-10-16 13:25:51,30.2,,공통
b190_mixed_ps_sub_r1,MSF,189,BLK_58S,69,NC,5,2025-10-16 13:31:39,2025-10-16 13:52:21,20.7,,공통
b190_mixed_ps_sub_r1,MSF,189,BLK_58S,69,베이36B 론지취부,6,2025-10-16 13:52:21,2025-10-16 14:23:21,31.0,36B,베이36B
b190_mixed_ps_sub_r1,MSF,189,BLK_58S,69,베이36B 론지용접,7,2025-10-16 14:23:21,2025-10-16 14:35:57,12.6,36B,베이36B
b190_mixed_ps_sub_r1,MSF,189,BLK_58S,69,베이36B 수정,8,2025-10-16 14:35:57,2025-10-16 14:54:09,18.2,36B,베이36B
b190_mixed_ps_sub_r1,MSF,186,BLK_117C,76,판계,1,2025-10-16 10:18:00,2025-10-16 10:30:00,12.0,,공통
b190_mixed_ps_sub_r1,MSF,186,BLK_117C,76,전면SAW,2,2025-10-16 17:55:54,2025-10-16 18:31:29,35.6,,공통
b190_mixed_ps_sub_r1,MSF,186,BLK_117C,76,TurnOver,3,2025-10-16 18:31:29,2025-10-16 18:43:29,12.0,,공통
b190_mixed_ps_sub_r1,MSF,186,BLK_117C,76,후면SAW,4,2025-10-16 19:38:27,2025-10-16 20:04:09,25.7,,공통
b190_mixed_ps_sub_r1,MSF,186,BLK_117C,76,NC,5,2025-10-16 20:04:09,2025-10-16 20:24:21,20.2,,공통
b190_mixed_ps_sub_r1,MSF,186,BLK_117C,76,베이35A 론지취부,6,2025-10-16 20:24:21,2025-10-16 21:05:51,41.5,35A,베이35A
b190_mixed_ps_sub_r1,MSF,186,BLK_117C,76,베이35A 론지용접,7,2025-10-16 21:05:51,2025-10-16 21:20:15,14.4,35A,베이35A
b190_mixed_ps_sub_r1,MSF,186,BLK_117C,76,베이35A 수정,8,2025-10-16 21:20:15,2025-10-16 21:45:03,24.8,35A,베이35A
b190_mixed_ps_sub_r1,MSF,188,BLK_67S,90,판계,1,2025-10-16 15:04:00,2025-10-16 15:32:00,28.0,,공통
b190_mixed_ps_sub_r1,MSF,188,BLK_67S,90,전면SAW,2,2025-10-17 07:24:16,2025-10-17 09:02:09,97.9,,공통
b190_mixed_ps_sub_r1,MSF,188,BLK_67S,90,TurnOver,3,2025-10-17 09:02:09,2025-10-17 09:14:09,12.0,,공통
b190_mixed_ps_sub_r1,MSF,188,BLK_67S,90,후면SAW,4,2025-10-17 09:14:09,2025-10-17 10:50:18,96.1,,공통
b190_mixed_ps_sub_r1,MSF,188,BLK_67S,90,NC,5,2025-10-17 10:50:18,2025-10-17 11:22:10,31.9,,공통
b190_mixed_ps_sub_r1,MSF,188,BLK_67S,90,베이35A 론지취부,6,2025-10-17 11:22:10,2025-10-17 12:17:40,55.5,35A,베이35A
b190_mixed_ps_sub_r1,MSF,188,BLK_67S,90,베이35A 론지용접,7,2025-10-17 12:17:40,2025-10-17 12:38:28,20.8,35A,베이35A
b190_mixed_ps_sub_r1,MSF,188,BLK_67S,90,베이35A 수정,8,2025-10-17 12:38:28,2025-10-17 13:12:04,33.6,35A,베이35A
b190_mixed_ps_sub_r1,MSF,187,BLK_112C,98,판계,1,2025-10-16 18:31:00,2025-10-16 19:12:00,41.0,,공통
b190_mixed_ps_sub_r1,MSF,187,BLK_112C,98,전면SAW,2,2025-10-17 18:29:19,2025-10-17 21:39:19,190.0,,공통
b190_mixed_ps_sub_r1,MSF,187,BLK_112C,98,TurnOver,3,2025-10-17 21:39:19,2025-10-17 21:51:19,12.0,,공통
b190_mixed_ps_sub_r1,MSF,187,BLK_112C,98,후면SAW,4,2025-10-17 21:51:19,2025-10-18 00:22:19,151.0,,공통
b190_mixed_ps_sub_r1,MSF,187,BLK_112C,98,NC,5,2025-10-18 00:22:19,2025-10-18 01:12:15,49.9,,공통
b190_mixed_ps_sub_r1,MSF,187,BLK_112C,98,베이35A 론지취부,6,2025-10-18 01:12:15,2025-10-18 02:04:15,52.0,35A,베이35A
b190_mixed_ps_sub_r1,MSF,187,BLK_112C,98,베이35A 론지용접,7,2025-10-18 02:04:15,2025-10-18 02:24:27,20.2,35A,베이35A
b190_mixed_ps_sub_r1,MSF,187,BLK_112C,98,베이35A 수정,8,2025-10-18 02:24:27,2025-10-18 02:55:51,31.4,35A,베이35A
b190_mixed_ps_sub_r1,MSF,182,BLK_76S,101,판계,1,2025-10-17 08:00:00,2025-10-17 08:28:00,28.0,,공통
b190_mixed_ps_sub_r1,MSF,182,BLK_76S,101,전면SAW,2,2025-10-18 00:29:16,2025-10-18 02:05:31,96.2,,공통
b190_mixed_ps_sub_r1,MSF,182,BLK_76S,101,TurnOver,3,2025-10-18 02:05:31,2025-10-18 02:17:31,12.0,,공통
b190_mixed_ps_sub_r1,MSF,182,BLK_76S,101,후면SAW,4,2025-10-18 02:38:09,2025-10-18 03:53:40,75.5,,공통
b190_mixed_ps_sub_r1,MSF,182,BLK_76S,101,NC,5,2025-10-18 03:53:40,2025-10-18 04:25:31,31.9,,공통
b190_mixed_ps_sub_r1,MSF,182,BLK_76S,101,베이36B 론지취부,6,2025-10-18 04:25:31,2025-10-18 05:10:31,45.0,36B,베이36B
b190_mixed_ps_sub_r1,MSF,182,BLK_76S,101,베이36B 론지용접,7,2025-10-18 05:10:31,2025-10-18 05:29:31,19.0,36B,베이36B
b190_mixed_ps_sub_r1,MSF,182,BLK_76S,101,베이36B 수정,8,2025-10-18 05:29:31,2025-10-18 05:56:31,27.0,36B,베이36B
b190_mixed_ps_sub_r1,MSF,181,BLK_138S,104,판계,1,2025-10-17 09:23:00,2025-10-17 09:43:00,20.0,,공통
b190_mixed_ps_sub_r1,MSF,181,BLK_138S,104,전면SAW,2,2025-10-18 04:33:05,2025-10-18 05:11:59,38.9,,공통
b190_mixed_ps_sub_r1,MSF,181,BLK_138S,104,TurnOver,3,2025-10-18 05:11:59,2025-10-18 05:23:59,12.0,,공통
b190_mixed_ps_sub_r1,MSF,181,BLK_138S,104,후면SAW,4,2025-10-18 06:11:29,2025-10-18 06:41:33,30.1,,공통
b190_mixed_ps_sub_r1,MSF,181,BLK_138S,104,NC,5,2025-10-18 06:54:59,2025-10-18 07:23:18,28.3,,공통
b190_mixed_ps_sub_r1,MSF,181,BLK_138S,104,베이35A 론지취부,6,2025-10-18 07:23:18,2025-10-18 08:22:18,59.0,35A,베이35A
b190_mixed_ps_sub_r1,MSF,181,BLK_138S,104,베이35A 론지용접,7,2025-10-18 08:22:18,2025-10-18 08:43:42,21.4,35A,베이35A
b190_mixed_ps_sub_r1,MSF,181,BLK_138S,104,베이35A 수정,8,2025-10-18 08:43:42,2025-10-18 09:19:30,35.8,35A,베이35A
b190_mixed_ps_sub_r1,MSF,190,BLK_70C,146,판계,1,2025-10-19 10:35:00,2025-10-19 11:05:00,30.0,,공통
b190_mixed_ps_sub_r1,MSF,190,BLK_70C,146,전면SAW,2,2025-10-19 17:47:34,2025-10-19 18:36:42,49.1,,공통
b190_mixed_ps_sub_r1,MSF,190,BLK_70C,146,TurnOver,3,2025-10-19 18:36:42,2025-10-19 18:48:42,12.0,,공통
b190_mixed_ps_sub_r1,MSF,190,BLK_70C,146,후면SAW,4,2025-10-19 18:48:42,2025-10-19 19:32:14,43.5,,공통
b190_mixed_ps_sub_r1,MSF,190,BLK_70C,146,NC,5,2025-10-19 20:28:09,2025-10-19 21:12:00,43.8,,공통
b190_mixed_ps_sub_r1,MSF,190,BLK_70C,146,베이36B 론지취부,6,2025-10-19 21:12:00,2025-10-19 22:25:00,73.0,36B,베이36B
b190_mixed_ps_sub_r1,MSF,190,BLK_70C,146,베이36B 론지용접,7,2025-10-19 22:25:00,2025-10-19 22:48:48,23.8,36B,베이36B
b190_mixed_ps_sub_r1,MSF,190,BLK_70C,146,베이36B 수정,8,2025-10-19 22:48:48,2025-10-19 23:33:24,44.6,36B,베이36B
b190_mixed_ps_sub_r1,MSF,185,BLK_120C,151,판계,1,2025-10-19 13:20:00,2025-10-19 13:50:00,30.0,,공통
b190_mixed_ps_sub_r1,MSF,185,BLK_120C,151,전면SAW,2,2025-10-19 22:58:33,2025-10-19 23:28:41,30.1,,공통
b190_mixed_ps_sub_r1,MSF,185,BLK_120C,151,TurnOver,3,2025-10-19 23:28:41,2025-10-19 23:40:41,12.0,,공통
b190_mixed_ps_sub_r1,MSF,185,BLK_120C,151,후면SAW,4,2025-10-20 01:01:30,2025-10-20 01:20:01,18.5,,공통
b190_mixed_ps_sub_r1,MSF,185,BLK_120C,151,NC,5,2025-10-20 02:18:20,2025-10-20 02:59:17,41.0,,공통
b190_mixed_ps_sub_r1,MSF,185,BLK_120C,151,베이35A 론지취부,6,2025-10-20 02:59:17,2025-10-20 04:08:47,69.5,35A,베이35A
b190_mixed_ps_sub_r1,MSF,185,BLK_120C,151,베이35A 론지용접,7,2025-10-20 04:08:47,2025-10-20 04:31:59,23.2,35A,베이35A
b190_mixed_ps_sub_r1,MSF,185,BLK_120C,151,베이35A 수정,8,2025-10-20 04:31:59,2025-10-20 05:14:23,42.4,35A,베이35A
b190_mixed_ps_sub_r1,MSF,183,BLK_163S,154,판계,1,2025-10-20 09:00:00,2025-10-20 09:30:00,30.0,,공통
b190_mixed_ps_sub_r1,MSF,183,BLK_163S,154,전면SAW,2,2025-10-20 09:33:19,2025-10-20 10:07:27,34.1,,공통
b190_mixed_ps_sub_r1,MSF,183,BLK_163S,154,TurnOver,3,2025-10-20 10:07:27,2025-10-20 10:19:27,12.0,,공통
b190_mixed_ps_sub_r1,MSF,183,BLK_163S,154,후면SAW,4,2025-10-20 10:19:27,2025-10-20 10:43:14,23.8,,공통
b190_mixed_ps_sub_r1,MSF,183,BLK_163S,154,NC,5,2025-10-20 10:51:46,2025-10-20 11:37:01,45.2,,공통
b190_mixed_ps_sub_r1,MSF,183,BLK_163S,154,베이36B 론지취부,6,2025-10-20 11:37:01,2025-10-20 13:11:01,94.0,36B,베이36B
b190_mixed_ps_sub_r1,MSF,183,BLK_163S,154,베이36B 론지용접,7,2025-10-20 13:11:01,2025-10-20 13:38:25,27.4,36B,베이36B
b190_mixed_ps_sub_r1,MSF,183,BLK_163S,154,베이36B 수정,8,2025-10-20 13:38:25,2025-10-20 14:36:13,57.8,36B,베이36B
