grid_case_id,method_label,size_bucket,total_blocks,distribution_profile,graph_makespan_hours,graph_violations,date,block_id,block_name,sequence,process_name,process_index,start_time,end_time,duration_min,assigned_bay,machine_type,unity_process_row_source,source_representative_block_id
b100_sub_heavy_r1,MSF,Medium (81-140),100,sub_heavy,162.75,11,20250128,1,BLK_1C,1,판계,1,2025-01-28 08:00:00,2025-01-28 08:12:00,12.0,,공통,raw,
b100_sub_heavy_r1,MSF,Medium (81-140),100,sub_heavy,162.75,11,20250128,1,BLK_1C,1,전면SAW,2,2025-01-28 08:12:00,2025-01-28 09:00:45,48.8,,공통,raw,
b100_sub_heavy_r1,MSF,Medium (81-140),100,sub_heavy,162.75,11,20250128,1,BLK_1C,1,TurnOver,3,2025-01-28 09:00:45,2025-01-28 09:12:45,12.0,,공통,raw,
b100_sub_heavy_r1,MSF,Medium (81-140),100,sub_heavy,162.75,11,20250128,1,BLK_1C,1,후면SAW,4,2025-01-28 09:12:45,2025-01-28 09:55:46,43.0,,공통,raw,
b100_sub_heavy_r1,MSF,Medium (81-140),100,sub_heavy,162.75,11,20250128,1,BLK_1C,1,NC,5,2025-01-28 09:55:46,2025-01-28 10:16:51,21.1,,공통,raw,
b100_sub_heavy_r1,MSF,Medium (81-140),100,sub_heavy,162.75,11,20250128,1,BLK_1C,1,베이35A 론지취부,6,2025-01-28 10:16:51,2025-01-28 11:01:51,45.0,35A,베이35A,raw,
b100_sub_heavy_r1,MSF,Medium (81-140),100,sub_heavy,162.75,11,20250128,1,BLK_1C,1,베이35A 론지용접,7,2025-01-28 11:01:51,2025-01-28 11:16:51,15.0,35A,베이35A,raw,
b100_sub_heavy_r1,MSF,Medium (81-140),100,sub_heavy,162.75,11,20250128,1,BLK_1C,1,베이35A 수정,8,2025-01-28 11:16:51,2025-01-28 11:43:51,27.0,35A,베이35A,raw,
b100_sub_heavy_r1,MSF,Medium (81-140),100,sub_heavy,162.75,11,20250128,25,BLK_25P,2,판계,1,2025-01-28 08:12:00,2025-01-28 08:32:00,20.0,,공통,raw,
b100_sub_heavy_r1,MSF,Medium (81-140),100,sub_heavy,162.75,11,20250128,25,BLK_25P,2,전면SAW,2,2025-01-28 09:00:45,2025-01-28 09:36:36,35.9,,공통,raw,
b100_sub_heavy_r1,MSF,Medium (81-140),100,sub_heavy,162.75,11,20250128,25,BLK_25P,2,TurnOver,3,2025-01-28 09:36:36,2025-01-28 09:48:36,12.0,,공통,raw,
b100_sub_heavy_r1,MSF,Medium (81-140),100,sub_heavy,162.75,11,20250128,25,BLK_25P,2,후면SAW,4,2025-01-28 09:55:46,2025-01-28 10:21:50,26.1,,공통,raw,
b100_sub_heavy_r1,MSF,Medium (81-140),100,sub_heavy,162.75,11,20250128,25,BLK_25P,2,NC,5,2025-01-28 10:21:50,2025-01-28 10:53:31,31.7,,공통,raw,
b100_sub_heavy_r1,MSF,Medium (81-140),100,sub_heavy,162.75,11,20250128,25,BLK_25P,2,베이36B 론지취부,6,2025-01-28 10:53:31,2025-01-28 12:06:31,73.0,36B,베이36B,raw,
b100_sub_heavy_r1,MSF,Medium (81-140),100,sub_heavy,162.75,11,20250128,25,BLK_25P,2,베이36B 론지용접,7,2025-01-28 12:06:31,2025-01-28 12:30:19,23.8,36B,베이36B,raw,
b100_sub_heavy_r1,MSF,Medium (81-140),100,sub_heavy,162.75,11,20250128,25,BLK_25P,2,베이36B 수정,8,2025-01-28 12:30:19,2025-01-28 13:14:55,44.6,36B,베이36B,raw,
b100_sub_heavy_r1,MSF,Medium (81-140),100,sub_heavy,162.75,11,20250128,9,BLK_9P,3,판계,1,2025-01-28 08:32:00,2025-01-28 09:05:00,33.0,,공통,raw,
b100_sub_heavy_r1,MSF,Medium (81-140),100,sub_heavy,162.75,11,20250128,9,BLK_9P,3,전면SAW,2,2025-01-28 09:36:36,2025-01-28 11:00:24,83.8,,공통,raw,
b100_sub_heavy_r1,MSF,Medium (81-140),100,sub_heavy,162.75,11,20250128,9,BLK_9P,3,TurnOver,3,2025-01-28 11:00:24,2025-01-28 11:12:24,12.0,,공통,raw,
b100_sub_heavy_r1,MSF,Medium (81-140),100,sub_heavy,162.75,11,20250128,9,BLK_9P,3,후면SAW,4,2025-01-28 11:12:24,2025-01-28 12:16:34,64.2,,공통,raw,
b100_sub_heavy_r1,MSF,Medium (81-140),100,sub_heavy,162.75,11,20250128,9,BLK_9P,3,NC,5,2025-01-28 12:16:34,2025-01-28 12:55:00,38.4,,공통,raw,
b100_sub_heavy_r1,MSF,Medium (81-140),100,sub_heavy,162.75,11,20250128,9,BLK_9P,3,베이35A 론지취부,6,2025-01-28 12:55:00,2025-01-28 13:50:30,55.5,35A,베이35A,raw,
b100_sub_heavy_r1,MSF,Medium (81-140),100,sub_heavy,162.75,11,20250128,9,BLK_9P,3,베이35A 론지용접,7,2025-01-28 13:50:30,2025-01-28 14:11:18,20.8,35A,베이35A,raw,
b100_sub_heavy_r1,MSF,Medium (81-140),100,sub_heavy,162.75,11,20250128,9,BLK_9P,3,베이35A 수정,8,2025-01-28 14:11:18,2025-01-28 14:44:54,33.6,35A,베이35A,raw,
b100_sub_heavy_r1,MSF,Medium (81-140),100,sub_heavy,162.75,11,20250128,17,BLK_17S,4,판계,1,2025-01-28 09:05:00,2025-01-28 09:30:00,25.0,,공통,raw,
b100_sub_heavy_r1,MSF,Medium (81-140),100,sub_heavy,162.75,11,20250128,17,BLK_17S,4,전면SAW,2,2025-01-28 11:00:24,2025-01-28 11:32:00,31.6,,공통,raw,
b100_sub_heavy_r1,MSF,Medium (81-140),100,sub_heavy,162.75,11,20250128,17,BLK_17S,4,TurnOver,3,2025-01-28 11:32:00,2025-01-28 11:44:00,12.0,,공통,raw,
b100_sub_heavy_r1,MSF,Medium (81-140),100,sub_heavy,162.75,11,20250128,17,BLK_17S,4,후면SAW,4,2025-01-28 12:16:34,2025-01-28 12:37:01,20.4,,공통,raw,
b100_sub_heavy_r1,MSF,Medium (81-140),100,sub_heavy,162.75,11,20250128,17,BLK_17S,4,NC,5,2025-01-28 12:55:00,2025-01-28 13:29:58,35.0,,공통,raw,
b100_sub_heavy_r1,MSF,Medium (81-140),100,sub_heavy,162.75,11,20250128,17,BLK_17S,4,베이36B 론지취부,6,2025-01-28 13:29:58,2025-01-28 14:21:58,52.0,36B,베이36B,raw,
b100_sub_heavy_r1,MSF,Medium (81-140),100,sub_heavy,162.75,11,20250128,17,BLK_17S,4,베이36B 론지용접,7,2025-01-28 14:21:58,2025-01-28 14:42:10,20.2,36B,베이36B,raw,
b100_sub_heavy_r1,MSF,Medium (81-140),100,sub_heavy,162.75,11,20250128,17,BLK_17S,4,베이36B 수정,8,2025-01-28 14:42:10,2025-01-28 15:13:34,31.4,36B,베이36B,raw,
b100_sub_heavy_r1,MSF,Medium (81-140),100,sub_heavy,162.75,11,20250128,5,BLK_5P,5,판계,1,2025-01-28 09:30:00,2025-01-28 10:08:00,38.0,,공통,raw,
b100_sub_heavy_r1,MSF,Medium (81-140),100,sub_heavy,162.75,11,20250128,5,BLK_5P,5,전면SAW,2,2025-01-28 11:32:00,2025-01-28 13:00:05,88.1,,공통,raw,
b100_sub_heavy_r1,MSF,Medium (81-140),100,sub_heavy,162.75,11,20250128,5,BLK_5P,5,TurnOver,3,2025-01-28 13:00:05,2025-01-28 13:12:05,12.0,,공통,raw,
b100_sub_heavy_r1,MSF,Medium (81-140),100,sub_heavy,162.75,11,20250128,5,BLK_5P,5,후면SAW,4,2025-01-28 13:12:05,2025-01-28 14:20:09,68.1,,공통,raw,
b100_sub_heavy_r1,MSF,Medium (81-140),100,sub_heavy,162.75,11,20250128,5,BLK_5P,5,NC,5,2025-01-28 14:20:09,2025-01-28 15:05:07,45.0,,공통,raw,
b100_sub_heavy_r1,MSF,Medium (81-140),100,sub_heavy,162.75,11,20250128,5,BLK_5P,5,베이35A 론지취부,6,2025-01-28 15:05:07,2025-01-28 16:07:37,62.5,35A,베이35A,raw,
b100_sub_heavy_r1,MSF,Medium (81-140),100,sub_heavy,162.75,11,20250128,5,BLK_5P,5,베이35A 론지용접,7,2025-01-28 16:07:37,2025-01-28 16:29:37,22.0,35A,베이35A,raw,
b100_sub_heavy_r1,MSF,Medium (81-140),100,sub_heavy,162.75,11,20250128,5,BLK_5P,5,베이35A 수정,8,2025-01-28 16:29:37,2025-01-28 17:07:37,38.0,35A,베이35A,raw,
b100_sub_heavy_r1,MSF,Medium (81-140),100,sub_heavy,162.75,11,20250128,39,BLK_39C,6,판계,1,2025-01-28 10:08:00,2025-01-28 10:20:00,12.0,,공통,raw,
b100_sub_heavy_r1,MSF,Medium (81-140),100,sub_heavy,162.75,11,20250128,39,BLK_39C,6,전면SAW,2,2025-01-28 13:00:05,2025-01-28 13:38:07,38.0,,공통,raw,
b100_sub_heavy_r1,MSF,Medium (81-140),100,sub_heavy,162.75,11,20250128,39,BLK_39C,6,TurnOver,3,2025-01-28 13:38:07,2025-01-28 13:50:07,12.0,,공통,raw,
b100_sub_heavy_r1,MSF,Medium (81-140),100,sub_heavy,162.75,11,20250128,39,BLK_39C,6,후면SAW,4,2025-01-28 14:20:09,2025-01-28 14:49:03,28.9,,공통,raw,
b100_sub_heavy_r1,MSF,Medium (81-140),100,sub_heavy,162.75,11,20250128,39,BLK_39C,6,NC,5,2025-01-28 15:05:07,2025-01-28 15:26:04,20.9,,공통,raw,
b100_sub_heavy_r1,MSF,Medium (81-140),100,sub_heavy,162.75,11,20250128,39,BLK_39C,6,베이36B 론지취부,6,2025-01-28 15:26:04,2025-01-28 16:10:04,44.0,36B,베이36B,raw,
b100_sub_heavy_r1,MSF,Medium (81-140),100,sub_heavy,162.75,11,20250128,39,BLK_39C,6,베이36B 론지용접,7,2025-01-28 16:10:04,2025-01-28 16:29:16,19.2,36B,베이36B,raw,
b100_sub_heavy_r1,MSF,Medium (81-140),100,sub_heavy,162.75,11,20250128,39,BLK_39C,6,베이36B 수정,8,2025-01-28 16:29:16,2025-01-28 16:45:16,16.0,36B,베이36B,raw,
b100_sub_heavy_r1,MSF,Medium (81-140),100,sub_heavy,162.75,11,20250128,59,BLK_59S,7,판계,1,2025-01-28 10:20:00,2025-01-28 10:32:00,12.0,,공통,raw,
b100_sub_heavy_r1,MSF,Medium (81-140),100,sub_heavy,162.75,11,20250128,59,BLK_59S,7,전면SAW,2,2025-01-28 13:38:07,2025-01-28 14:20:06,42.0,,공통,raw,
b100_sub_heavy_r1,MSF,Medium (81-140),100,sub_heavy,162.75,11,20250128,59,BLK_59S,7,TurnOver,3,2025-01-28 14:20:06,2025-01-28 14:32:06,12.0,,공통,raw,
b100_sub_heavy_r1,MSF,Medium (81-140),100,sub_heavy,162.75,11,20250128,59,BLK_59S,7,후면SAW,4,2025-01-28 14:49:03,2025-01-28 15:23:11,34.1,,공통,raw,
b100_sub_heavy_r1,MSF,Medium (81-140),100,sub_heavy,162.75,11,20250128,59,BLK_59S,7,NC,5,2025-01-28 15:26:04,2025-01-28 15:47:10,21.1,,공통,raw,
b100_sub_heavy_r1,MSF,Medium (81-140),100,sub_heavy,162.75,11,20250128,59,BLK_59S,7,베이35A 론지취부,6,2025-01-28 16:07:37,2025-01-28 16:42:07,34.5,35A,베이35A,raw,
b100_sub_heavy_r1,MSF,Medium (81-140),100,sub_heavy,162.75,11,20250128,59,BLK_59S,7,베이35A 론지용접,7,2025-01-28 16:42:07,2025-01-28 16:59:19,17.2,35A,베이35A,raw,
b100_sub_heavy_r1,MSF,Medium (81-140),100,sub_heavy,162.75,11,20250128,59,BLK_59S,7,베이35A 수정,8,2025-01-28 17:07:37,2025-01-28 17:28:01,20.4,35A,베이35A,raw,
b100_sub_heavy_r1,MSF,Medium (81-140),100,sub_heavy,162.75,11,20250128,69,BLK_69S,8,판계,1,2025-01-28 10:32:00,2025-01-28 10:52:00,20.0,,공통,raw,
b100_sub_heavy_r1,MSF,Medium (81-140),100,sub_heavy,162.75,11,20250128,69,BLK_69S,8,전면SAW,2,2025-01-28 14:20:06,2025-01-28 14:54:49,34.7,,공통,raw,
b100_sub_heavy_r1,MSF,Medium (81-140),100,sub_heavy,162.75,11,20250128,69,BLK_69S,8,TurnOver,3,2025-01-28 14:54:49,2025-01-28 15:06:49,12.0,,공통,raw,
b100_sub_heavy_r1,MSF,Medium (81-140),100,sub_heavy,162.75,11,20250128,69,BLK_69S,8,후면SAW,4,2025-01-28 15:23:11,2025-01-28 15:47:45,24.6,,공통,raw,
b100_sub_heavy_r1,MSF,Medium (81-140),100,sub_heavy,162.75,11,20250128,69,BLK_69S,8,NC,5,2025-01-28 15:47:45,2025-01-28 16:13:40,25.9,,공통,raw,
b100_sub_heavy_r1,MSF,Medium (81-140),100,sub_heavy,162.75,11,20250128,69,BLK_69S,8,베이36B 론지취부,6,2025-01-28 16:13:40,2025-01-28 16:37:40,24.0,36B,베이36B,raw,
b100_sub_heavy_r1,MSF,Medium (81-140),100,sub_heavy,162.75,11,20250128,69,BLK_69S,8,베이36B 론지용접,7,2025-01-28 16:37:40,2025-01-28 16:49:04,11.4,36B,베이36B,raw,
b100_sub_heavy_r1,MSF,Medium (81-140),100,sub_heavy,162.75,11,20250128,69,BLK_69S,8,베이36B 수정,8,2025-01-28 16:49:04,2025-01-28 17:02:52,13.8,36B,베이36B,raw,
b100_sub_heavy_r1,MSF,Medium (81-140),100,sub_heavy,162.75,11,20250128,6,BLK_6C,9,판계,1,2025-01-28 10:52:00,2025-01-28 11:17:00,25.0,,공통,raw,
b100_sub_heavy_r1,MSF,Medium (81-140),100,sub_heavy,162.75,11,20250128,6,BLK_6C,9,전면SAW,2,2025-01-28 14:54:49,2025-01-28 15:50:31,55.7,,공통,raw,
b100_sub_heavy_r1,MSF,Medium (81-140),100,sub_heavy,162.75,11,20250128,6,BLK_6C,9,TurnOver,3,2025-01-28 15:50:31,2025-01-28 16:02:31,12.0,,공통,raw,
b100_sub_heavy_r1,MSF,Medium (81-140),100,sub_heavy,162.75,11,20250128,6,BLK_6C,9,후면SAW,4,2025-01-28 16:02:31,2025-01-28 16:54:42,52.2,,공통,raw,
b100_sub_heavy_r1,MSF,Medium (81-140),100,sub_heavy,162.75,11,20250128,6,BLK_6C,9,NC,5,2025-01-28 16:54:42,2025-01-28 17:32:12,37.5,,공통,raw,
b100_sub_heavy_r1,MSF,Medium (81-140),100,sub_heavy,162.75,11,20250128,6,BLK_6C,9,베이35A 론지취부,6,2025-01-28 17:32:12,2025-01-28 18:55:42,83.5,35A,베이35A,raw,
b100_sub_heavy_r1,MSF,Medium (81-140),100,sub_heavy,162.75,11,20250128,6,BLK_6C,9,베이35A 론지용접,7,2025-01-28 18:55:42,2025-01-28 19:21:18,25.6,35A,베이35A,raw,
b100_sub_heavy_r1,MSF,Medium (81-140),100,sub_heavy,162.75,11,20250128,6,BLK_6C,9,베이35A 수정,8,2025-01-28 19:21:18,2025-01-28 20:12:30,51.2,35A,베이35A,raw,
b100_sub_heavy_r1,MSF,Medium (81-140),100,sub_heavy,162.75,11,20250128,13,BLK_13P,10,판계,1,2025-01-28 11:17:00,2025-01-28 11:37:00,20.0,,공통,raw,
b100_sub_heavy_r1,MSF,Medium (81-140),100,sub_heavy,162.75,11,20250128,13,BLK_13P,10,전면SAW,2,2025-01-28 15:50:31,2025-01-28 17:58:09,127.6,,공통,raw,
b100_sub_heavy_r1,MSF,Medium (81-140),100,sub_heavy,162.75,11,20250128,13,BLK_13P,10,TurnOver,3,2025-01-28 17:58:09,2025-01-28 18:10:09,12.0,,공통,raw,
b100_sub_heavy_r1,MSF,Medium (81-140),100,sub_heavy,162.75,11,20250128,13,BLK_13P,10,후면SAW,4,2025-01-28 18:10:09,2025-01-28 20:21:00,130.8,,공통,raw,
b100_sub_heavy_r1,MSF,Medium (81-140),100,sub_heavy,162.75,11,20250128,13,BLK_13P,10,NC,5,2025-01-28 20:21:00,2025-01-28 20:47:14,26.2,,공통,raw,
b100_sub_heavy_r1,MSF,Medium (81-140),100,sub_heavy,162.75,11,20250128,13,BLK_13P,10,베이36B 론지취부,6,2025-01-28 20:47:14,2025-01-28 21:32:14,45.0,36B,베이36B,raw,
b100_sub_heavy_r1,MSF,Medium (81-140),100,sub_heavy,162.75,11,20250128,13,BLK_13P,10,베이36B 론지용접,7,2025-01-28 21:32:14,2025-01-28 21:47:14,15.0,36B,베이36B,raw,
b100_sub_heavy_r1,MSF,Medium (81-140),100,sub_heavy,162.75,11,20250128,13,BLK_13P,10,베이36B 수정,8,2025-01-28 21:47:14,2025-01-28 22:14:14,27.0,36B,베이36B,raw,
b100_sub_heavy_r1,MSF,Medium (81-140),100,sub_heavy,162.75,11,20250128,33,BLK_33S,11,판계,1,2025-01-28 11:37:00,2025-01-28 11:49:00,12.0,,공통,raw,
b100_sub_heavy_r1,MSF,Medium (81-140),100,sub_heavy,162.75,11,20250128,33,BLK_33S,11,전면SAW,2,2025-01-28 17:58:09,2025-01-28 18:45:32,47.4,,공통,raw,
b100_sub_heavy_r1,MSF,Medium (81-140),100,sub_heavy,162.75,11,20250128,33,BLK_33S,11,TurnOver,3,2025-01-28 18:45:32,2025-01-28 18:57:32,12.0,,공통,raw,
b100_sub_heavy_r1,MSF,Medium (81-140),100,sub_heavy,162.75,11,20250128,33,BLK_33S,11,후면SAW,4,2025-01-28 20:21:00,2025-01-28 21:02:13,41.2,,공통,raw,
b100_sub_heavy_r1,MSF,Medium (81-140),100,sub_heavy,162.75,11,20250128,33,BLK_33S,11,NC,5,2025-01-28 21:02:13,2025-01-28 21:23:25,21.2,,공통,raw,
b100_sub_heavy_r1,MSF,Medium (81-140),100,sub_heavy,162.75,11,20250128,33,BLK_33S,11,베이35A 론지취부,6,2025-01-28 21:23:25,2025-01-28 22:18:55,55.5,35A,베이35A,raw,
b100_sub_heavy_r1,MSF,Medium (81-140),100,sub_heavy,162.75,11,20250128,33,BLK_33S,11,베이35A 론지용접,7,2025-01-28 22:18:55,2025-01-28 22:39:43,20.8,35A,베이35A,raw,
b100_sub_heavy_r1,MSF,Medium (81-140),100,sub_heavy,162.75,11,20250128,33,BLK_33S,11,베이35A 수정,8,2025-01-28 22:39:43,2025-01-28 23:13:19,33.6,35A,베이35A,raw,
b100_sub_heavy_r1,MSF,Medium (81-140),100,sub_heavy,162.75,11,20250128,10,BLK_10S,12,판계,1,2025-01-28 11:49:00,2025-01-28 12:22:00,33.0,,공통,raw,
b100_sub_heavy_r1,MSF,Medium (81-140),100,sub_heavy,162.75,11,20250128,10,BLK_10S,12,전면SAW,2,2025-01-28 18:45:32,2025-01-28 20:20:10,94.6,,공통,raw,
b100_sub_heavy_r1,MSF,Medium (81-140),100,sub_heavy,162.75,11,20250128,10,BLK_10S,12,TurnOver,3,2025-01-28 20:20:10,2025-01-28 20:32:10,12.0,,공통,raw,
b100_sub_heavy_r1,MSF,Medium (81-140),100,sub_heavy,162.75,11,20250128,10,BLK_10S,12,후면SAW,4,2025-01-28 21:02:13,2025-01-28 22:16:16,74.0,,공통,raw,
b100_sub_heavy_r1,MSF,Medium (81-140),100,sub_heavy,162.75,11,20250128,10,BLK_10S,12,NC,5,2025-01-28 22:16:16,2025-01-28 22:55:34,39.3,,공통,raw,
b100_sub_heavy_r1,MSF,Medium (81-140),100,sub_heavy,162.75,11,20250128,10,BLK_10S,12,베이36B 론지취부,6,2025-01-28 22:55:34,2025-01-28 23:54:34,59.0,36B,베이36B,raw,
b100_sub_heavy_r1,MSF,Medium (81-140),100,sub_heavy,162.75,11,20250128,10,BLK_10S,12,베이36B 론지용접,7,2025-01-28 23:54:34,2025-01-29 00:15:58,21.4,36B,베이36B,raw,
b100_sub_heavy_r1,MSF,Medium (81-140),100,sub_heavy,162.75,11,20250128,10,BLK_10S,12,베이36B 수정,8,2025-01-29 00:15:58,2025-01-29 00:51:46,35.8,36B,베이36B,raw,
b100_sub_heavy_r1,MSF,Medium (81-140),100,sub_heavy,162.75,11,20250128,29,BLK_29P,13,판계,1,2025-01-28 12:22:00,2025-01-28 12:42:00,20.0,,공통,raw,
b100_sub_heavy_r1,MSF,Medium (81-140),100,sub_heavy,162.75,11,20250128,29,BLK_29P,13,전면SAW,2,2025-01-28 20:20:10,2025-01-28 20:56:56,36.8,,공통,raw,
b100_sub_heavy_r1,MSF,Medium (81-140),100,sub_heavy,162.75,11,20250128,29,BLK_29P,13,TurnOver,3,2025-01-28 20:56:56,2025-01-28 21:08:56,12.0,,공통,raw,
b100_sub_heavy_r1,MSF,Medium (81-140),100,sub_heavy,162.75,11,20250128,29,BLK_29P,13,후면SAW,4,2025-01-28 22:16:16,2025-01-28 22:43:31,27.3,,공통,raw,
b100_sub_heavy_r1,MSF,Medium (81-140),100,sub_heavy,162.75,11,20250128,29,BLK_29P,13,NC,5,2025-01-28 22:55:34,2025-01-28 23:28:09,32.6,,공통,raw,
b100_sub_heavy_r1,MSF,Medium (81-140),100,sub_heavy,162.75,11,20250128,29,BLK_29P,13,베이35A 론지취부,6,2025-01-28 23:28:09,2025-01-29 00:37:39,69.5,35A,베이35A,raw,
b100_sub_heavy_r1,MSF,Medium (81-140),100,sub_heavy,162.75,11,20250128,29,BLK_29P,13,베이35A 론지용접,7,2025-01-29 00:37:39,2025-01-29 01:00:51,23.2,35A,베이35A,raw,
b100_sub_heavy_r1,MSF,Medium (81-140),100,sub_heavy,162.75,11,20250128,29,BLK_29P,13,베이35A 수정,8,2025-01-29 01:00:51,2025-01-29 01:43:15,42.4,35A,베이35A,raw,
b100_sub_heavy_r1,MSF,Medium (81-140),100,sub_heavy,162.75,11,20250128,49,BLK_49S,14,판계,1,2025-01-28 12:42:00,2025-01-28 13:07:00,25.0,,공통,raw,
b100_sub_heavy_r1,MSF,Medium (81-140),100,sub_heavy,162.75,11,20250128,49,BLK_49S,14,전면SAW,2,2025-01-28 20:56:56,2025-01-28 21:30:45,33.8,,공통,raw,
b100_sub_heavy_r1,MSF,Medium (81-140),100,sub_heavy,162.75,11,20250128,49,BLK_49S,14,TurnOver,3,2025-01-28 21:30:45,2025-01-28 21:42:45,12.0,,공통,raw,
b100_sub_heavy_r1,MSF,Medium (81-140),100,sub_heavy,162.75,11,20250128,49,BLK_49S,14,후면SAW,4,2025-01-28 22:43:31,2025-01-28 23:06:54,23.4,,공통,raw,
b100_sub_heavy_r1,MSF,Medium (81-140),100,sub_heavy,162.75,11,20250128,49,BLK_49S,14,NC,5,2025-01-28 23:28:09,2025-01-28 23:58:45,30.6,,공통,raw,
b100_sub_heavy_r1,MSF,Medium (81-140),100,sub_heavy,162.75,11,20250128,49,BLK_49S,14,베이36B 론지취부,6,2025-01-28 23:58:45,2025-01-29 00:40:15,41.5,36B,베이36B,raw,
b100_sub_heavy_r1,MSF,Medium (81-140),100,sub_heavy,162.75,11,20250128,49,BLK_49S,14,베이36B 론지용접,7,2025-01-29 00:40:15,2025-01-29 00:58:39,18.4,36B,베이36B,raw,
b100_sub_heavy_r1,MSF,Medium (81-140),100,sub_heavy,162.75,11,20250128,49,BLK_49S,14,베이36B 수정,8,2025-01-29 00:58:39,2025-01-29 01:23:27,24.8,36B,베이36B,raw,
b100_sub_heavy_r1,MSF,Medium (81-140),100,sub_heavy,162.75,11,20250129,21,BLK_21C,1,판계,1,2025-01-29 08:00:00,2025-01-29 08:40:00,40.0,,공통,raw,
b100_sub_heavy_r1,MSF,Medium (81-140),100,sub_heavy,162.75,11,20250129,21,BLK_21C,1,전면SAW,2,2025-01-29 08:40:00,2025-01-29 10:47:28,127.5,,공통,raw,
b100_sub_heavy_r1,MSF,Medium (81-140),100,sub_heavy,162.75,11,20250129,21,BLK_21C,1,TurnOver,3,2025-01-29 10:47:28,2025-01-29 10:59:28,12.0,,공통,raw,
b100_sub_heavy_r1,MSF,Medium (81-140),100,sub_heavy,162.75,11,20250129,21,BLK_21C,1,후면SAW,4,2025-01-29 10:59:28,2025-01-29 12:31:33,92.1,,공통,raw,
b100_sub_heavy_r1,MSF,Medium (81-140),100,sub_heavy,162.75,11,20250129,21,BLK_21C,1,NC,5,2025-01-29 12:31:33,2025-01-29 13:12:45,41.2,,공통,raw,
b100_sub_heavy_r1,MSF,Medium (81-140),100,sub_heavy,162.75,11,20250129,21,BLK_21C,1,베이35A 론지취부,6,2025-01-29 13:12:45,2025-01-29 14:11:45,59.0,35A,베이35A,raw,
b100_sub_heavy_r1,MSF,Medium (81-140),100,sub_heavy,162.75,11,20250129,21,BLK_21C,1,베이35A 론지용접,7,2025-01-29 14:11:45,2025-01-29 14:33:09,21.4,35A,베이35A,raw,
b100_sub_heavy_r1,MSF,Medium (81-140),100,sub_heavy,162.75,11,20250129,21,BLK_21C,1,베이35A 수정,8,2025-01-29 14:33:09,2025-01-29 15:08:57,35.8,35A,베이35A,raw,
b100_sub_heavy_r1,MSF,Medium (81-140),100,sub_heavy,162.75,11,20250129,89,BLK_89P,2,판계,1,2025-01-29 08:40:00,2025-01-29 09:05:00,25.0,,공통,raw,
b100_sub_heavy_r1,MSF,Medium (81-140),100,sub_heavy,162.75,11,20250129,89,BLK_89P,2,전면SAW,2,2025-01-29 10:47:28,2025-01-29 11:21:36,34.1,,공통,raw,
b100_sub_heavy_r1,MSF,Medium (81-140),100,sub_heavy,162.75,11,20250129,89,BLK_89P,2,TurnOver,3,2025-01-29 11:21:36,2025-01-29 11:33:36,12.0,,공통,raw,
b100_sub_heavy_r1,MSF,Medium (81-140),100,sub_heavy,162.75,11,20250129,89,BLK_89P,2,후면SAW,4,2025-01-29 12:31:33,2025-01-29 12:55:21,23.8,,공통,raw,
b100_sub_heavy_r1,MSF,Medium (81-140),100,sub_heavy,162.75,11,20250129,89,BLK_89P,2,NC,5,2025-01-29 13:12:45,2025-01-29 13:48:24,35.6,,공통,raw,
b100_sub_heavy_r1,MSF,Medium (81-140),100,sub_heavy,162.75,11,20250129,89,BLK_89P,2,베이36B 론지취부,6,2025-01-29 13:48:24,2025-01-29 15:01:24,73.0,36B,베이36B,raw,
b100_sub_heavy_r1,MSF,Medium (81-140),100,sub_heavy,162.75,11,20250129,89,BLK_89P,2,베이36B 론지용접,7,2025-01-29 15:01:24,2025-01-29 15:25:12,23.8,36B,베이36B,raw,
b100_sub_heavy_r1,MSF,Medium (81-140),100,sub_heavy,162.75,11,20250129,89,BLK_89P,2,베이36B 수정,8,2025-01-29 15:25:12,2025-01-29 16:09:48,44.6,36B,베이36B,raw,
b100_sub_heavy_r1,MSF,Medium (81-140),100,sub_heavy,162.75,11,20250129,2,BLK_2C,3,판계,1,2025-01-29 09:05:00,2025-01-29 09:43:00,38.0,,공통,raw,
b100_sub_heavy_r1,MSF,Medium (81-140),100,sub_heavy,162.75,11,20250129,2,BLK_2C,3,전면SAW,2,2025-01-29 11:21:36,2025-01-29 13:16:36,115.0,,공통,raw,
b100_sub_heavy_r1,MSF,Medium (81-140),100,sub_heavy,162.75,11,20250129,2,BLK_2C,3,TurnOver,3,2025-01-29 13:16:36,2025-01-29 13:28:36,12.0,,공통,raw,
b100_sub_heavy_r1,MSF,Medium (81-140),100,sub_heavy,162.75,11,20250129,2,BLK_2C,3,후면SAW,4,2025-01-29 13:28:36,2025-01-29 15:24:42,116.1,,공통,raw,
b100_sub_heavy_r1,MSF,Medium (81-140),100,sub_heavy,162.75,11,20250129,2,BLK_2C,3,NC,5,2025-01-29 15:24:42,2025-01-29 16:14:31,49.8,,공통,raw,
b100_sub_heavy_r1,MSF,Medium (81-140),100,sub_heavy,162.75,11,20250129,2,BLK_2C,3,베이36B 론지취부,6,2025-01-29 16:14:31,2025-01-29 17:34:31,80.0,36B,베이36B,raw,
b100_sub_heavy_r1,MSF,Medium (81-140),100,sub_heavy,162.75,11,20250129,2,BLK_2C,3,베이36B 론지용접,7,2025-01-29 17:34:31,2025-01-29 17:59:31,25.0,36B,베이36B,raw,
b100_sub_heavy_r1,MSF,Medium (81-140),100,sub_heavy,162.75,11,20250129,2,BLK_2C,3,베이36B 수정,8,2025-01-29 17:59:31,2025-01-29 18:48:31,49.0,36B,베이36B,raw,
b100_sub_heavy_r1,MSF,Medium (81-140),100,sub_heavy,162.75,11,20250129,14,BLK_14P,4,판계,1,2025-01-29 09:43:00,2025-01-29 10:28:00,45.0,,공통,raw,
b100_sub_heavy_r1,MSF,Medium (81-140),100,sub_heavy,162.75,11,20250129,14,BLK_14P,4,전면SAW,2,2025-01-29 13:16:36,2025-01-29 16:21:39,185.1,,공통,raw,
b100_sub_heavy_r1,MSF,Medium (81-140),100,sub_heavy,162.75,11,20250129,14,BLK_14P,4,TurnOver,3,2025-01-29 16:21:39,2025-01-29 16:33:39,12.0,,공통,raw,
b100_sub_heavy_r1,MSF,Medium (81-140),100,sub_heavy,162.75,11,20250129,14,BLK_14P,4,후면SAW,4,2025-01-29 16:33:39,2025-01-29 18:51:49,138.2,,공통,raw,
b100_sub_heavy_r1,MSF,Medium (81-140),100,sub_heavy,162.75,11,20250129,14,BLK_14P,4,NC,5,2025-01-29 18:51:49,2025-01-29 19:46:39,54.8,,공통,raw,
b100_sub_heavy_r1,MSF,Medium (81-140),100,sub_heavy,162.75,11,20250129,14,BLK_14P,4,베이35A 론지취부,6,2025-01-29 19:46:39,2025-01-29 21:20:39,94.0,35A,베이35A,raw,
b100_sub_heavy_r1,MSF,Medium (81-140),100,sub_heavy,162.75,11,20250129,14,BLK_14P,4,베이35A 론지용접,7,2025-01-29 21:20:39,2025-01-29 21:48:03,27.4,35A,베이35A,raw,
b100_sub_heavy_r1,MSF,Medium (81-140),100,sub_heavy,162.75,11,20250129,14,BLK_14P,4,베이35A 수정,8,2025-01-29 21:48:03,2025-01-29 22:45:51,57.8,35A,베이35A,raw,
b100_sub_heavy_r1,MSF,Medium (81-140),100,sub_heavy,162.75,11,20250129,38,BLK_38S,5,판계,1,2025-01-29 10:28:00,2025-01-29 11:13:00,45.0,,공통,raw,
b100_sub_heavy_r1,MSF,Medium (81-140),100,sub_heavy,162.75,11,20250129,38,BLK_38S,5,전면SAW,2,2025-01-29 16:21:39,2025-01-29 17:03:43,42.1,,공통,raw,
b100_sub_heavy_r1,MSF,Medium (81-140),100,sub_heavy,162.75,11,20250129,38,BLK_38S,5,TurnOver,3,2025-01-29 17:03:43,2025-01-29 17:15:43,12.0,,공통,raw,
b100_sub_heavy_r1,MSF,Medium (81-140),100,sub_heavy,162.75,11,20250129,38,BLK_38S,5,후면SAW,4,2025-01-29 18:51:49,2025-01-29 19:26:03,34.2,,공통,raw,
b100_sub_heavy_r1,MSF,Medium (81-140),100,sub_heavy,162.75,11,20250129,38,BLK_38S,5,NC,5,2025-01-29 19:46:39,2025-01-29 20:41:22,54.7,,공통,raw,
b100_sub_heavy_r1,MSF,Medium (81-140),100,sub_heavy,162.75,11,20250129,38,BLK_38S,5,베이36B 론지취부,6,2025-01-29 20:41:22,2025-01-29 22:22:22,101.0,36B,베이36B,raw,
b100_sub_heavy_r1,MSF,Medium (81-140),100,sub_heavy,162.75,11,20250129,38,BLK_38S,5,베이36B 론지용접,7,2025-01-29 22:22:22,2025-01-29 22:50:58,28.6,36B,베이36B,raw,
b100_sub_heavy_r1,MSF,Medium (81-140),100,sub_heavy,162.75,11,20250129,38,BLK_38S,5,베이36B 수정,8,2025-01-29 22:50:58,2025-01-29 23:53:10,62.2,36B,베이36B,raw,
b100_sub_heavy_r1,MSF,Medium (81-140),100,sub_heavy,162.75,11,20250129,79,BLK_79S,6,판계,1,2025-01-29 11:13:00,2025-01-29 11:51:00,38.0,,공통,raw,
b100_sub_heavy_r1,MSF,Medium (81-140),100,sub_heavy,162.75,11,20250129,79,BLK_79S,6,전면SAW,2,2025-01-29 17:03:43,2025-01-29 18:37:28,93.8,,공통,raw,
b100_sub_heavy_r1,MSF,Medium (81-140),100,sub_heavy,162.75,11,20250129,79,BLK_79S,6,TurnOver,3,2025-01-29 18:37:28,2025-01-29 18:49:28,12.0,,공통,raw,
b100_sub_heavy_r1,MSF,Medium (81-140),100,sub_heavy,162.75,11,20250129,79,BLK_79S,6,후면SAW,4,2025-01-29 19:26:03,2025-01-29 20:39:18,73.2,,공통,raw,
b100_sub_heavy_r1,MSF,Medium (81-140),100,sub_heavy,162.75,11,20250129,79,BLK_79S,6,NC,5,2025-01-29 20:41:22,2025-01-29 21:27:50,46.5,,공통,raw,
b100_sub_heavy_r1,MSF,Medium (81-140),100,sub_heavy,162.75,11,20250129,79,BLK_79S,6,베이35A 론지취부,6,2025-01-29 21:27:50,2025-01-29 22:44:20,76.5,35A,베이35A,raw,
b100_sub_heavy_r1,MSF,Medium (81-140),100,sub_heavy,162.75,11,20250129,79,BLK_79S,6,베이35A 론지용접,7,2025-01-29 22:44:20,2025-01-29 23:08:44,24.4,35A,베이35A,raw,
b100_sub_heavy_r1,MSF,Medium (81-140),100,sub_heavy,162.75,11,20250129,79,BLK_79S,6,베이35A 수정,8,2025-01-29 23:08:44,2025-01-29 23:55:32,46.8,35A,베이35A,raw,
b100_sub_heavy_r1,MSF,Medium (81-140),100,sub_heavy,162.75,11,20250129,37,BLK_37S,7,판계,1,2025-01-29 11:51:00,2025-01-29 12:03:00,12.0,,공통,raw,
b100_sub_heavy_r1,MSF,Medium (81-140),100,sub_heavy,162.75,11,20250129,37,BLK_37S,7,전면SAW,2,2025-01-29 18:37:28,2025-01-29 19:19:31,42.0,,공통,raw,
b100_sub_heavy_r1,MSF,Medium (81-140),100,sub_heavy,162.75,11,20250129,37,BLK_37S,7,TurnOver,3,2025-01-29 19:19:31,2025-01-29 19:31:31,12.0,,공통,raw,
b100_sub_heavy_r1,MSF,Medium (81-140),100,sub_heavy,162.75,11,20250129,37,BLK_37S,7,후면SAW,4,2025-01-29 20:39:18,2025-01-29 21:13:29,34.2,,공통,raw,
b100_sub_heavy_r1,MSF,Medium (81-140),100,sub_heavy,162.75,11,20250129,37,BLK_37S,7,NC,5,2025-01-29 21:27:50,2025-01-29 21:48:47,20.9,,공통,raw,
b100_sub_heavy_r1,MSF,Medium (81-140),100,sub_heavy,162.75,11,20250129,37,BLK_37S,7,베이36B 론지취부,6,2025-01-29 22:22:22,2025-01-29 22:53:22,31.0,36B,베이36B,raw,
b100_sub_heavy_r1,MSF,Medium (81-140),100,sub_heavy,162.75,11,20250129,37,BLK_37S,7,베이36B 론지용접,7,2025-01-29 22:53:22,2025-01-29 23:05:58,12.6,36B,베이36B,raw,
b100_sub_heavy_r1,MSF,Medium (81-140),100,sub_heavy,162.75,11,20250129,37,BLK_37S,7,베이36B 수정,8,2025-01-29 23:53:10,2025-01-30 00:11:22,18.2,36B,베이36B,raw,
b100_sub_heavy_r1,MSF,Medium (81-140),100,sub_heavy,162.75,11,20250129,22,BLK_22P,8,판계,1,2025-01-29 12:03:00,2025-01-29 12:36:00,33.0,,공통,raw,
b100_sub_heavy_r1,MSF,Medium (81-140),100,sub_heavy,162.75,11,20250129,22,BLK_22P,8,전면SAW,2,2025-01-29 19:19:31,2025-01-29 21:31:57,132.4,,공통,raw,
b100_sub_heavy_r1,MSF,Medium (81-140),100,sub_heavy,162.75,11,20250129,22,BLK_22P,8,TurnOver,3,2025-01-29 21:31:57,2025-01-29 21:43:57,12.0,,공통,raw,
b100_sub_heavy_r1,MSF,Medium (81-140),100,sub_heavy,162.75,11,20250129,22,BLK_22P,8,후면SAW,4,2025-01-29 21:43:57,2025-01-29 23:32:27,108.5,,공통,raw,
b100_sub_heavy_r1,MSF,Medium (81-140),100,sub_heavy,162.75,11,20250129,22,BLK_22P,8,NC,5,2025-01-29 23:32:27,2025-01-30 00:17:10,44.7,,공통,raw,
b100_sub_heavy_r1,MSF,Medium (81-140),100,sub_heavy,162.75,11,20250129,22,BLK_22P,8,베이35A 론지취부,6,2025-01-30 00:17:10,2025-01-30 01:40:40,83.5,35A,베이35A,raw,
b100_sub_heavy_r1,MSF,Medium (81-140),100,sub_heavy,162.75,11,20250129,22,BLK_22P,8,베이35A 론지용접,7,2025-01-30 01:40:40,2025-01-30 02:06:16,25.6,35A,베이35A,raw,
b100_sub_heavy_r1,MSF,Medium (81-140),100,sub_heavy,162.75,11,20250129,22,BLK_22P,8,베이35A 수정,8,2025-01-30 02:06:16,2025-01-30 02:57:28,51.2,35A,베이35A,raw,
b100_sub_heavy_r1,MSF,Medium (81-140),100,sub_heavy,162.75,11,20250130,18,BLK_18P,1,판계,1,2025-01-30 08:00:00,2025-01-30 08:52:00,52.0,,공통,raw,
b100_sub_heavy_r1,MSF,Medium (81-140),100,sub_heavy,162.75,11,20250130,18,BLK_18P,1,전면SAW,2,2025-01-30 08:52:00,2025-01-30 09:27:42,35.7,,공통,raw,
b100_sub_heavy_r1,MSF,Medium (81-140),100,sub_heavy,162.75,11,20250130,18,BLK_18P,1,TurnOver,3,2025-01-30 09:27:42,2025-01-30 09:39:42,12.0,,공통,raw,
b100_sub_heavy_r1,MSF,Medium (81-140),100,sub_heavy,162.75,11,20250130,18,BLK_18P,1,후면SAW,4,2025-01-30 09:39:42,2025-01-30 10:05:34,25.9,,공통,raw,
b100_sub_heavy_r1,MSF,Medium (81-140),100,sub_heavy,162.75,11,20250130,18,BLK_18P,1,NC,5,2025-01-30 10:05:34,2025-01-30 11:06:54,61.3,,공통,raw,
b100_sub_heavy_r1,MSF,Medium (81-140),100,sub_heavy,162.75,11,20250130,18,BLK_18P,1,베이36B 론지취부,6,2025-01-30 11:06:54,2025-01-30 12:30:24,83.5,36B,베이36B,raw,
b100_sub_heavy_r1,MSF,Medium (81-140),100,sub_heavy,162.75,11,20250130,18,BLK_18P,1,베이36B 론지용접,7,2025-01-30 12:30:24,2025-01-30 12:56:00,25.6,36B,베이36B,raw,
b100_sub_heavy_r1,MSF,Medium (81-140),100,sub_heavy,162.75,11,20250130,18,BLK_18P,1,베이36B 수정,8,2025-01-30 12:56:00,2025-01-30 13:47:12,51.2,36B,베이36B,raw,
b100_sub_heavy_r1,MSF,Medium (81-140),100,sub_heavy,162.75,11,20250130,26,BLK_26C,2,판계,1,2025-01-30 08:52:00,2025-01-30 09:22:00,30.0,,공통,raw,
b100_sub_heavy_r1,MSF,Medium (81-140),100,sub_heavy,162.75,11,20250130,26,BLK_26C,2,전면SAW,2,2025-01-30 09:27:42,2025-01-30 12:14:27,166.7,,공통,raw,
b100_sub_heavy_r1,MSF,Medium (81-140),100,sub_heavy,162.75,11,20250130,26,BLK_26C,2,TurnOver,3,2025-01-30 12:14:27,2025-01-30 12:26:27,12.0,,공통,raw,
b100_sub_heavy_r1,MSF,Medium (81-140),100,sub_heavy,162.75,11,20250130,26,BLK_26C,2,후면SAW,4,2025-01-30 12:26:27,2025-01-30 14:29:58,123.5,,공통,raw,
b100_sub_heavy_r1,MSF,Medium (81-140),100,sub_heavy,162.75,11,20250130,26,BLK_26C,2,NC,5,2025-01-30 14:29:58,2025-01-30 15:29:41,59.7,,공통,raw,
b100_sub_heavy_r1,MSF,Medium (81-140),100,sub_heavy,162.75,11,20250130,26,BLK_26C,2,베이35A 론지취부,6,2025-01-30 15:29:41,2025-01-30 17:10:41,101.0,35A,베이35A,raw,
b100_sub_heavy_r1,MSF,Medium (81-140),100,sub_heavy,162.75,11,20250130,26,BLK_26C,2,베이35A 론지용접,7,2025-01-30 17:10:41,2025-01-30 17:39:17,28.6,35A,베이35A,raw,
b100_sub_heavy_r1,MSF,Medium (81-140),100,sub_heavy,162.75,11,20250130,26,BLK_26C,2,베이35A 수정,8,2025-01-30 17:39:17,2025-01-30 18:41:29,62.2,35A,베이35A,raw,
b100_sub_heavy_r1,MSF,Medium (81-140),100,sub_heavy,162.75,11,20250130,63,BLK_63C,3,판계,1,2025-01-30 09:22:00,2025-01-30 09:34:00,12.0,,공통,raw,
b100_sub_heavy_r1,MSF,Medium (81-140),100,sub_heavy,162.75,11,20250130,63,BLK_63C,3,전면SAW,2,2025-01-30 12:14:27,2025-01-30 12:52:49,38.4,,공통,raw,
b100_sub_heavy_r1,MSF,Medium (81-140),100,sub_heavy,162.75,11,20250130,63,BLK_63C,3,TurnOver,3,2025-01-30 12:52:49,2025-01-30 13:04:49,12.0,,공통,raw,
b100_sub_heavy_r1,MSF,Medium (81-140),100,sub_heavy,162.75,11,20250130,63,BLK_63C,3,후면SAW,4,2025-01-30 14:29:58,2025-01-30 14:59:21,29.4,,공통,raw,
b100_sub_heavy_r1,MSF,Medium (81-140),100,sub_heavy,162.75,11,20250130,63,BLK_63C,3,NC,5,2025-01-30 15:29:41,2025-01-30 15:50:00,20.3,,공통,raw,
b100_sub_heavy_r1,MSF,Medium (81-140),100,sub_heavy,162.75,11,20250130,63,BLK_63C,3,베이36B 론지취부,6,2025-01-30 15:50:00,2025-01-30 16:17:30,27.5,36B,베이36B,raw,
b100_sub_heavy_r1,MSF,Medium (81-140),100,sub_heavy,162.75,11,20250130,63,BLK_63C,3,베이36B 론지용접,7,2025-01-30 16:17:30,2025-01-30 16:29:30,12.0,36B,베이36B,raw,
b100_sub_heavy_r1,MSF,Medium (81-140),100,sub_heavy,162.75,11,20250130,63,BLK_63C,3,베이36B 수정,8,2025-01-30 16:29:30,2025-01-30 16:45:30,16.0,36B,베이36B,raw,
b100_sub_heavy_r1,MSF,Medium (81-140),100,sub_heavy,162.75,11,20250130,83,BLK_83P,4,판계,1,2025-01-30 09:34:00,2025-01-30 09:46:00,12.0,,공통,raw,
b100_sub_heavy_r1,MSF,Medium (81-140),100,sub_heavy,162.75,11,20250130,83,BLK_83P,4,전면SAW,2,2025-01-30 12:52:49,2025-01-30 13:53:09,60.3,,공통,raw,
b100_sub_heavy_r1,MSF,Medium (81-140),100,sub_heavy,162.75,11,20250130,83,BLK_83P,4,TurnOver,3,2025-01-30 13:53:09,2025-01-30 14:05:09,12.0,,공통,raw,
b100_sub_heavy_r1,MSF,Medium (81-140),100,sub_heavy,162.75,11,20250130,83,BLK_83P,4,후면SAW,4,2025-01-30 14:59:21,2025-01-30 15:57:37,58.3,,공통,raw,
b100_sub_heavy_r1,MSF,Medium (81-140),100,sub_heavy,162.75,11,20250130,83,BLK_83P,4,NC,5,2025-01-30 15:57:37,2025-01-30 16:18:12,20.6,,공통,raw,
b100_sub_heavy_r1,MSF,Medium (81-140),100,sub_heavy,162.75,11,20250130,83,BLK_83P,4,베이35A 론지취부,6,2025-01-30 17:10:41,2025-01-30 17:34:41,24.0,35A,베이35A,raw,
b100_sub_heavy_r1,MSF,Medium (81-140),100,sub_heavy,162.75,11,20250130,83,BLK_83P,4,베이35A 론지용접,7,2025-01-30 17:39:17,2025-01-30 17:50:41,11.4,35A,베이35A,raw,
b100_sub_heavy_r1,MSF,Medium (81-140),100,sub_heavy,162.75,11,20250130,83,BLK_83P,4,베이35A 수정,8,2025-01-30 18:41:29,2025-01-30 18:55:17,13.8,35A,베이35A,raw,
b100_sub_heavy_r1,MSF,Medium (81-140),100,sub_heavy,162.75,11,20250130,44,BLK_44C,5,판계,1,2025-01-30 09:46:00,2025-01-30 10:06:00,20.0,,공통,raw,
b100_sub_heavy_r1,MSF,Medium (81-140),100,sub_heavy,162.75,11,20250130,44,BLK_44C,5,전면SAW,2,2025-01-30 13:53:09,2025-01-30 15:22:25,89.3,,공통,raw,
b100_sub_heavy_r1,MSF,Medium (81-140),100,sub_heavy,162.75,11,20250130,44,BLK_44C,5,TurnOver,3,2025-01-30 15:22:25,2025-01-30 15:34:25,12.0,,공통,raw,
b100_sub_heavy_r1,MSF,Medium (81-140),100,sub_heavy,162.75,11,20250130,44,BLK_44C,5,후면SAW,4,2025-01-30 15:57:37,2025-01-30 17:06:46,69.2,,공통,raw,
b100_sub_heavy_r1,MSF,Medium (81-140),100,sub_heavy,162.75,11,20250130,44,BLK_44C,5,NC,5,2025-01-30 17:06:46,2025-01-30 17:31:48,25.0,,공통,raw,
b100_sub_heavy_r1,MSF,Medium (81-140),100,sub_heavy,162.75,11,20250130,44,BLK_44C,5,베이36B 론지취부,6,2025-01-30 17:31:48,2025-01-30 18:09:48,38.0,36B,베이36B,raw,
b100_sub_heavy_r1,MSF,Medium (81-140),100,sub_heavy,162.75,11,20250130,44,BLK_44C,5,베이36B 론지용접,7,2025-01-30 18:09:48,2025-01-30 18:23:36,13.8,36B,베이36B,raw,
b100_sub_heavy_r1,MSF,Medium (81-140),100,sub_heavy,162.75,11,20250130,44,BLK_44C,5,베이36B 수정,8,2025-01-30 18:23:36,2025-01-30 18:46:12,22.6,36B,베이36B,raw,
b100_sub_heavy_r1,MSF,Medium (81-140),100,sub_heavy,162.75,11,20250130,43,BLK_43C,6,판계,1,2025-01-30 10:06:00,2025-01-30 10:26:00,20.0,,공통,raw,
b100_sub_heavy_r1,MSF,Medium (81-140),100,sub_heavy,162.75,11,20250130,43,BLK_43C,6,전면SAW,2,2025-01-30 15:22:25,2025-01-30 15:59:53,37.5,,공통,raw,
b100_sub_heavy_r1,MSF,Medium (81-140),100,sub_heavy,162.75,11,20250130,43,BLK_43C,6,TurnOver,3,2025-01-30 15:59:53,2025-01-30 16:11:53,12.0,,공통,raw,
b100_sub_heavy_r1,MSF,Medium (81-140),100,sub_heavy,162.75,11,20250130,43,BLK_43C,6,후면SAW,4,2025-01-30 17:06:46,2025-01-30 17:34:57,28.2,,공통,raw,
b100_sub_heavy_r1,MSF,Medium (81-140),100,sub_heavy,162.75,11,20250130,43,BLK_43C,6,NC,5,2025-01-30 17:34:57,2025-01-30 18:02:16,27.3,,공통,raw,
b100_sub_heavy_r1,MSF,Medium (81-140),100,sub_heavy,162.75,11,20250130,43,BLK_43C,6,베이35A 론지취부,6,2025-01-30 18:02:16,2025-01-30 18:54:16,52.0,35A,베이35A,raw,
b100_sub_heavy_r1,MSF,Medium (81-140),100,sub_heavy,162.75,11,20250130,43,BLK_43C,6,베이35A 론지용접,7,2025-01-30 18:54:16,2025-01-30 19:14:28,20.2,35A,베이35A,raw,
b100_sub_heavy_r1,MSF,Medium (81-140),100,sub_heavy,162.75,11,20250130,43,BLK_43C,6,베이35A 수정,8,2025-01-30 19:14:28,2025-01-30 19:45:52,31.4,35A,베이35A,raw,
b100_sub_heavy_r1,MSF,Medium (81-140),100,sub_heavy,162.75,11,20250130,53,BLK_53C,7,판계,1,2025-01-30 10:26:00,2025-01-30 10:46:00,20.0,,공통,raw,
b100_sub_heavy_r1,MSF,Medium (81-140),100,sub_heavy,162.75,11,20250130,53,BLK_53C,7,전면SAW,2,2025-01-30 15:59:53,2025-01-30 16:33:30,33.6,,공통,raw,
b100_sub_heavy_r1,MSF,Medium (81-140),100,sub_heavy,162.75,11,20250130,53,BLK_53C,7,TurnOver,3,2025-01-30 16:33:30,2025-01-30 16:45:30,12.0,,공통,raw,
b100_sub_heavy_r1,MSF,Medium (81-140),100,sub_heavy,162.75,11,20250130,53,BLK_53C,7,후면SAW,4,2025-01-30 17:34:57,2025-01-30 17:58:03,23.1,,공통,raw,
b100_sub_heavy_r1,MSF,Medium (81-140),100,sub_heavy,162.75,11,20250130,53,BLK_53C,7,NC,5,2025-01-30 18:02:16,2025-01-30 18:29:45,27.5,,공통,raw,
b100_sub_heavy_r1,MSF,Medium (81-140),100,sub_heavy,162.75,11,20250130,53,BLK_53C,7,베이36B 론지취부,6,2025-01-30 18:29:45,2025-01-30 19:11:15,41.5,36B,베이36B,raw,
b100_sub_heavy_r1,MSF,Medium (81-140),100,sub_heavy,162.75,11,20250130,53,BLK_53C,7,베이36B 론지용접,7,2025-01-30 19:11:15,2025-01-30 19:29:39,18.4,36B,베이36B,raw,
b100_sub_heavy_r1,MSF,Medium (81-140),100,sub_heavy,162.75,11,20250130,53,BLK_53C,7,베이36B 수정,8,2025-01-30 19:29:39,2025-01-30 19:54:27,24.8,36B,베이36B,raw,
b100_sub_heavy_r1,MSF,Medium (81-140),100,sub_heavy,162.75,11,20250130,74,BLK_74P,8,판계,1,2025-01-30 10:46:00,2025-01-30 11:06:00,20.0,,공통,raw,
b100_sub_heavy_r1,MSF,Medium (81-140),100,sub_heavy,162.75,11,20250130,74,BLK_74P,8,전면SAW,2,2025-01-30 16:33:30,2025-01-30 17:28:14,54.7,,공통,raw,
b100_sub_heavy_r1,MSF,Medium (81-140),100,sub_heavy,162.75,11,20250130,74,BLK_74P,8,TurnOver,3,2025-01-30 17:28:14,2025-01-30 17:40:14,12.0,,공통,raw,
b100_sub_heavy_r1,MSF,Medium (81-140),100,sub_heavy,162.75,11,20250130,74,BLK_74P,8,후면SAW,4,2025-01-30 17:58:03,2025-01-30 18:48:58,50.9,,공통,raw,
b100_sub_heavy_r1,MSF,Medium (81-140),100,sub_heavy,162.75,11,20250130,74,BLK_74P,8,NC,5,2025-01-30 18:48:58,2025-01-30 19:19:29,30.5,,공통,raw,
b100_sub_heavy_r1,MSF,Medium (81-140),100,sub_heavy,162.75,11,20250130,74,BLK_74P,8,베이35A 론지취부,6,2025-01-30 19:19:29,2025-01-30 20:35:59,76.5,35A,베이35A,raw,
b100_sub_heavy_r1,MSF,Medium (81-140),100,sub_heavy,162.75,11,20250130,74,BLK_74P,8,베이35A 론지용접,7,2025-01-30 20:35:59,2025-01-30 21:00:23,24.4,35A,베이35A,raw,
b100_sub_heavy_r1,MSF,Medium (81-140),100,sub_heavy,162.75,11,20250130,74,BLK_74P,8,베이35A 수정,8,2025-01-30 21:00:23,2025-01-30 21:47:11,46.8,35A,베이35A,raw,
b100_sub_heavy_r1,MSF,Medium (81-140),100,sub_heavy,162.75,11,20250130,64,BLK_64P,9,판계,1,2025-01-30 11:06:00,2025-01-30 11:31:00,25.0,,공통,raw,
b100_sub_heavy_r1,MSF,Medium (81-140),100,sub_heavy,162.75,11,20250130,64,BLK_64P,9,전면SAW,2,2025-01-30 17:28:14,2025-01-30 17:59:09,30.9,,공통,raw,
b100_sub_heavy_r1,MSF,Medium (81-140),100,sub_heavy,162.75,11,20250130,64,BLK_64P,9,TurnOver,3,2025-01-30 17:59:09,2025-01-30 18:11:09,12.0,,공통,raw,
b100_sub_heavy_r1,MSF,Medium (81-140),100,sub_heavy,162.75,11,20250130,64,BLK_64P,9,후면SAW,4,2025-01-30 18:48:58,2025-01-30 19:08:31,19.6,,공통,raw,
b100_sub_heavy_r1,MSF,Medium (81-140),100,sub_heavy,162.75,11,20250130,64,BLK_64P,9,NC,5,2025-01-30 19:19:29,2025-01-30 19:54:36,35.1,,공통,raw,
b100_sub_heavy_r1,MSF,Medium (81-140),100,sub_heavy,162.75,11,20250130,64,BLK_64P,9,베이36B 론지취부,6,2025-01-30 19:54:36,2025-01-30 20:57:06,62.5,36B,베이36B,raw,
b100_sub_heavy_r1,MSF,Medium (81-140),100,sub_heavy,162.75,11,20250130,64,BLK_64P,9,베이36B 론지용접,7,2025-01-30 20:57:06,2025-01-30 21:19:06,22.0,36B,베이36B,raw,
b100_sub_heavy_r1,MSF,Medium (81-140),100,sub_heavy,162.75,11,20250130,64,BLK_64P,9,베이36B 수정,8,2025-01-30 21:19:06,2025-01-30 21:57:06,38.0,36B,베이36B,raw,
b100_sub_heavy_r1,MSF,Medium (81-140),100,sub_heavy,162.75,11,20250130,84,BLK_84C,10,판계,1,2025-01-30 11:31:00,2025-01-30 12:01:00,30.0,,공통,raw,
b100_sub_heavy_r1,MSF,Medium (81-140),100,sub_heavy,162.75,11,20250130,84,BLK_84C,10,전면SAW,2,2025-01-30 17:59:09,2025-01-30 18:28:43,29.6,,공통,raw,
b100_sub_heavy_r1,MSF,Medium (81-140),100,sub_heavy,162.75,11,20250130,84,BLK_84C,10,TurnOver,3,2025-01-30 18:28:43,2025-01-30 18:40:43,12.0,,공통,raw,
b100_sub_heavy_r1,MSF,Medium (81-140),100,sub_heavy,162.75,11,20250130,84,BLK_84C,10,후면SAW,4,2025-01-30 19:08:31,2025-01-30 19:26:18,17.8,,공통,raw,
b100_sub_heavy_r1,MSF,Medium (81-140),100,sub_heavy,162.75,11,20250130,84,BLK_84C,10,NC,5,2025-01-30 19:54:36,2025-01-30 20:36:12,41.6,,공통,raw,
b100_sub_heavy_r1,MSF,Medium (81-140),100,sub_heavy,162.75,11,20250130,84,BLK_84C,10,베이35A 론지취부,6,2025-01-30 20:36:12,2025-01-30 22:03:12,87.0,35A,베이35A,raw,
b100_sub_heavy_r1,MSF,Medium (81-140),100,sub_heavy,162.75,11,20250130,84,BLK_84C,10,베이35A 론지용접,7,2025-01-30 22:03:12,2025-01-30 22:29:24,26.2,35A,베이35A,raw,
b100_sub_heavy_r1,MSF,Medium (81-140),100,sub_heavy,162.75,11,20250130,84,BLK_84C,10,베이35A 수정,8,2025-01-30 22:29:24,2025-01-30 23:22:48,53.4,35A,베이35A,raw,
b100_sub_heavy_r1,MSF,Medium (81-140),100,sub_heavy,162.75,11,20250130,54,BLK_54P,11,판계,1,2025-01-30 12:01:00,2025-01-30 12:31:00,30.0,,공통,raw,
b100_sub_heavy_r1,MSF,Medium (81-140),100,sub_heavy,162.75,11,20250130,54,BLK_54P,11,전면SAW,2,2025-01-30 18:28:43,2025-01-30 20:23:36,114.9,,공통,raw,
b100_sub_heavy_r1,MSF,Medium (81-140),100,sub_heavy,162.75,11,20250130,54,BLK_54P,11,TurnOver,3,2025-01-30 20:23:36,2025-01-30 20:35:36,12.0,,공통,raw,
b100_sub_heavy_r1,MSF,Medium (81-140),100,sub_heavy,162.75,11,20250130,54,BLK_54P,11,후면SAW,4,2025-01-30 20:35:36,2025-01-30 21:57:37,82.0,,공통,raw,
b100_sub_heavy_r1,MSF,Medium (81-140),100,sub_heavy,162.75,11,20250130,54,BLK_54P,11,NC,5,2025-01-30 21:57:37,2025-01-30 22:53:19,55.7,,공통,raw,
b100_sub_heavy_r1,MSF,Medium (81-140),100,sub_heavy,162.75,11,20250130,54,BLK_54P,11,베이36B 론지취부,6,2025-01-30 22:53:19,2025-01-31 00:06:19,73.0,36B,베이36B,raw,
b100_sub_heavy_r1,MSF,Medium (81-140),100,sub_heavy,162.75,11,20250130,54,BLK_54P,11,베이36B 론지용접,7,2025-01-31 00:06:19,2025-01-31 00:30:07,23.8,36B,베이36B,raw,
b100_sub_heavy_r1,MSF,Medium (81-140),100,sub_heavy,162.75,11,20250130,54,BLK_54P,11,베이36B 수정,8,2025-01-31 00:30:07,2025-01-31 01:14:43,44.6,36B,베이36B,raw,
b100_sub_heavy_r1,MSF,Medium (81-140),100,sub_heavy,162.75,11,20250130,73,BLK_73S,12,판계,1,2025-01-30 12:31:00,2025-01-30 13:01:00,30.0,,공통,raw,
b100_sub_heavy_r1,MSF,Medium (81-140),100,sub_heavy,162.75,11,20250130,73,BLK_73S,12,전면SAW,2,2025-01-30 20:23:36,2025-01-30 20:56:05,32.5,,공통,raw,
b100_sub_heavy_r1,MSF,Medium (81-140),100,sub_heavy,162.75,11,20250130,73,BLK_73S,12,TurnOver,3,2025-01-30 20:56:05,2025-01-30 21:08:05,12.0,,공통,raw,
b100_sub_heavy_r1,MSF,Medium (81-140),100,sub_heavy,162.75,11,20250130,73,BLK_73S,12,후면SAW,4,2025-01-30 21:57:37,2025-01-30 22:19:13,21.6,,공통,raw,
b100_sub_heavy_r1,MSF,Medium (81-140),100,sub_heavy,162.75,11,20250130,73,BLK_73S,12,NC,5,2025-01-30 22:53:19,2025-01-30 23:42:58,49.7,,공통,raw,
b100_sub_heavy_r1,MSF,Medium (81-140),100,sub_heavy,162.75,11,20250130,73,BLK_73S,12,베이35A 론지취부,6,2025-01-30 23:42:58,2025-01-31 01:23:58,101.0,35A,베이35A,raw,
b100_sub_heavy_r1,MSF,Medium (81-140),100,sub_heavy,162.75,11,20250130,73,BLK_73S,12,베이35A 론지용접,7,2025-01-31 01:23:58,2025-01-31 01:52:34,28.6,35A,베이35A,raw,
b100_sub_heavy_r1,MSF,Medium (81-140),100,sub_heavy,162.75,11,20250130,73,BLK_73S,12,베이35A 수정,8,2025-01-31 01:52:34,2025-01-31 02:54:46,62.2,35A,베이35A,raw,
b100_sub_heavy_r1,MSF,Medium (81-140),100,sub_heavy,162.75,11,20250130,30,BLK_30P,13,판계,1,2025-01-30 13:01:00,2025-01-30 13:41:00,40.0,,공통,raw,
b100_sub_heavy_r1,MSF,Medium (81-140),100,sub_heavy,162.75,11,20250130,30,BLK_30P,13,전면SAW,2,2025-01-30 20:56:05,2025-01-30 23:32:50,156.8,,공통,raw,
b100_sub_heavy_r1,MSF,Medium (81-140),100,sub_heavy,162.75,11,20250130,30,BLK_30P,13,TurnOver,3,2025-01-30 23:32:50,2025-01-30 23:44:50,12.0,,공통,raw,
b100_sub_heavy_r1,MSF,Medium (81-140),100,sub_heavy,162.75,11,20250130,30,BLK_30P,13,후면SAW,4,2025-01-30 23:44:50,2025-01-31 01:40:21,115.5,,공통,raw,
b100_sub_heavy_r1,MSF,Medium (81-140),100,sub_heavy,162.75,11,20250130,30,BLK_30P,13,NC,5,2025-01-31 01:40:21,2025-01-31 02:25:52,45.5,,공통,raw,
b100_sub_heavy_r1,MSF,Medium (81-140),100,sub_heavy,162.75,11,20250130,30,BLK_30P,13,베이36B 론지취부,6,2025-01-31 02:25:52,2025-01-31 03:21:22,55.5,36B,베이36B,raw,
b100_sub_heavy_r1,MSF,Medium (81-140),100,sub_heavy,162.75,11,20250130,30,BLK_30P,13,베이36B 론지용접,7,2025-01-31 03:21:22,2025-01-31 03:42:10,20.8,36B,베이36B,raw,
b100_sub_heavy_r1,MSF,Medium (81-140),100,sub_heavy,162.75,11,20250130,30,BLK_30P,13,베이36B 수정,8,2025-01-31 03:42:10,2025-01-31 04:15:46,33.6,36B,베이36B,raw,
b100_sub_heavy_r1,MSF,Medium (81-140),100,sub_heavy,162.75,11,20250130,11,BLK_11C,14,판계,1,2025-01-30 13:41:00,2025-01-30 14:01:00,20.0,,공통,raw,
b100_sub_heavy_r1,MSF,Medium (81-140),100,sub_heavy,162.75,11,20250130,11,BLK_11C,14,전면SAW,2,2025-01-30 23:32:50,2025-01-31 00:25:04,52.2,,공통,raw,
b100_sub_heavy_r1,MSF,Medium (81-140),100,sub_heavy,162.75,11,20250130,11,BLK_11C,14,TurnOver,3,2025-01-31 00:25:04,2025-01-31 00:37:04,12.0,,공통,raw,
b100_sub_heavy_r1,MSF,Medium (81-140),100,sub_heavy,162.75,11,20250130,11,BLK_11C,14,후면SAW,4,2025-01-31 01:40:21,2025-01-31 02:27:58,47.6,,공통,raw,
b100_sub_heavy_r1,MSF,Medium (81-140),100,sub_heavy,162.75,11,20250130,11,BLK_11C,14,NC,5,2025-01-31 02:27:58,2025-01-31 02:57:47,29.8,,공통,raw,
b100_sub_heavy_r1,MSF,Medium (81-140),100,sub_heavy,162.75,11,20250130,11,BLK_11C,14,베이35A 론지취부,6,2025-01-31 02:57:47,2025-01-31 04:00:17,62.5,35A,베이35A,raw,
b100_sub_heavy_r1,MSF,Medium (81-140),100,sub_heavy,162.75,11,20250130,11,BLK_11C,14,베이35A 론지용접,7,2025-01-31 04:00:17,2025-01-31 04:22:17,22.0,35A,베이35A,raw,
b100_sub_heavy_r1,MSF,Medium (81-140),100,sub_heavy,162.75,11,20250130,11,BLK_11C,14,베이35A 수정,8,2025-01-31 04:22:17,2025-01-31 05:00:17,38.0,35A,베이35A,raw,
b100_sub_heavy_r1,MSF,Medium (81-140),100,sub_heavy,162.75,11,20250130,34,BLK_34C,15,판계,1,2025-01-30 14:01:00,2025-01-30 14:39:00,38.0,,공통,raw,
b100_sub_heavy_r1,MSF,Medium (81-140),100,sub_heavy,162.75,11,20250130,34,BLK_34C,15,전면SAW,2,2025-01-31 00:25:04,2025-01-31 02:15:21,110.3,,공통,raw,
b100_sub_heavy_r1,MSF,Medium (81-140),100,sub_heavy,162.75,11,20250130,34,BLK_34C,15,TurnOver,3,2025-01-31 02:15:21,2025-01-31 02:27:21,12.0,,공통,raw,
b100_sub_heavy_r1,MSF,Medium (81-140),100,sub_heavy,162.75,11,20250130,34,BLK_34C,15,후면SAW,4,2025-01-31 02:27:58,2025-01-31 04:18:33,110.6,,공통,raw,
b100_sub_heavy_r1,MSF,Medium (81-140),100,sub_heavy,162.75,11,20250130,34,BLK_34C,15,NC,5,2025-01-31 04:18:33,2025-01-31 05:05:22,46.8,,공통,raw,
b100_sub_heavy_r1,MSF,Medium (81-140),100,sub_heavy,162.75,11,20250130,34,BLK_34C,15,베이36B 론지취부,6,2025-01-31 05:05:22,2025-01-31 06:28:52,83.5,36B,베이36B,raw,
b100_sub_heavy_r1,MSF,Medium (81-140),100,sub_heavy,162.75,11,20250130,34,BLK_34C,15,베이36B 론지용접,7,2025-01-31 06:28:52,2025-01-31 06:54:28,25.6,36B,베이36B,raw,
b100_sub_heavy_r1,MSF,Medium (81-140),100,sub_heavy,162.75,11,20250130,34,BLK_34C,15,베이36B 수정,8,2025-01-31 06:54:28,2025-01-31 07:45:40,51.2,36B,베이36B,raw,
b100_sub_heavy_r1,MSF,Medium (81-140),100,sub_heavy,162.75,11,20250130,8,BLK_8S,16,판계,1,2025-01-30 14:39:00,2025-01-30 14:59:00,20.0,,공통,raw,
b100_sub_heavy_r1,MSF,Medium (81-140),100,sub_heavy,162.75,11,20250130,8,BLK_8S,16,전면SAW,2,2025-01-31 02:15:21,2025-01-31 03:01:43,46.4,,공통,raw,
b100_sub_heavy_r1,MSF,Medium (81-140),100,sub_heavy,162.75,11,20250130,8,BLK_8S,16,TurnOver,3,2025-01-31 03:01:43,2025-01-31 03:13:43,12.0,,공통,raw,
b100_sub_heavy_r1,MSF,Medium (81-140),100,sub_heavy,162.75,11,20250130,8,BLK_8S,16,후면SAW,4,2025-01-31 04:18:33,2025-01-31 04:58:27,39.9,,공통,raw,
b100_sub_heavy_r1,MSF,Medium (81-140),100,sub_heavy,162.75,11,20250130,8,BLK_8S,16,NC,5,2025-01-31 05:05:22,2025-01-31 05:33:06,27.7,,공통,raw,
b100_sub_heavy_r1,MSF,Medium (81-140),100,sub_heavy,162.75,11,20250130,8,BLK_8S,16,베이35A 론지취부,6,2025-01-31 05:33:06,2025-01-31 06:14:36,41.5,35A,베이35A,raw,
b100_sub_heavy_r1,MSF,Medium (81-140),100,sub_heavy,162.75,11,20250130,8,BLK_8S,16,베이35A 론지용접,7,2025-01-31 06:14:36,2025-01-31 06:33:00,18.4,35A,베이35A,raw,
b100_sub_heavy_r1,MSF,Medium (81-140),100,sub_heavy,162.75,11,20250130,8,BLK_8S,16,베이35A 수정,8,2025-01-31 06:33:00,2025-01-31 06:57:48,24.8,35A,베이35A,raw,
b100_sub_heavy_r1,MSF,Medium (81-140),100,sub_heavy,162.75,11,20250130,40,BLK_40C,17,판계,1,2025-01-30 14:59:00,2025-01-30 15:34:00,35.0,,공통,raw,
b100_sub_heavy_r1,MSF,Medium (81-140),100,sub_heavy,162.75,11,20250130,40,BLK_40C,17,전면SAW,2,2025-01-31 03:01:43,2025-01-31 05:22:52,141.2,,공통,raw,
b100_sub_heavy_r1,MSF,Medium (81-140),100,sub_heavy,162.75,11,20250130,40,BLK_40C,17,TurnOver,3,2025-01-31 05:22:52,2025-01-31 05:34:52,12.0,,공통,raw,
b100_sub_heavy_r1,MSF,Medium (81-140),100,sub_heavy,162.75,11,20250130,40,BLK_40C,17,후면SAW,4,2025-01-31 05:34:52,2025-01-31 07:36:12,121.3,,공통,raw,
b100_sub_heavy_r1,MSF,Medium (81-140),100,sub_heavy,162.75,11,20250130,40,BLK_40C,17,NC,5,2025-01-31 07:36:12,2025-01-31 08:16:04,39.9,,공통,raw,
b100_sub_heavy_r1,MSF,Medium (81-140),100,sub_heavy,162.75,11,20250130,40,BLK_40C,17,베이36B 론지취부,6,2025-01-31 08:16:04,2025-01-31 09:36:04,80.0,36B,베이36B,raw,
b100_sub_heavy_r1,MSF,Medium (81-140),100,sub_heavy,162.75,11,20250130,40,BLK_40C,17,베이36B 론지용접,7,2025-01-31 09:36:04,2025-01-31 10:01:04,25.0,36B,베이36B,raw,
b100_sub_heavy_r1,MSF,Medium (81-140),100,sub_heavy,162.75,11,20250130,40,BLK_40C,17,베이36B 수정,8,2025-01-31 10:01:04,2025-01-31 10:50:04,49.0,36B,베이36B,raw,
b100_sub_heavy_r1,MSF,Medium (81-140),100,sub_heavy,162.75,11,20250130,91,BLK_91P,18,판계,1,2025-01-30 15:34:00,2025-01-30 15:54:00,20.0,,공통,raw,
b100_sub_heavy_r1,MSF,Medium (81-140),100,sub_heavy,162.75,11,20250130,91,BLK_91P,18,전면SAW,2,2025-01-31 05:22:52,2025-01-31 06:18:03,55.2,,공통,raw,
b100_sub_heavy_r1,MSF,Medium (81-140),100,sub_heavy,162.75,11,20250130,91,BLK_91P,18,TurnOver,3,2025-01-31 06:18:03,2025-01-31 06:30:03,12.0,,공통,raw,
b100_sub_heavy_r1,MSF,Medium (81-140),100,sub_heavy,162.75,11,20250130,91,BLK_91P,18,후면SAW,4,2025-01-31 07:36:12,2025-01-31 08:27:41,51.5,,공통,raw,
b100_sub_heavy_r1,MSF,Medium (81-140),100,sub_heavy,162.75,11,20250130,91,BLK_91P,18,NC,5,2025-01-31 08:27:41,2025-01-31 08:55:17,27.6,,공통,raw,
b100_sub_heavy_r1,MSF,Medium (81-140),100,sub_heavy,162.75,11,20250130,91,BLK_91P,18,베이35A 론지취부,6,2025-01-31 08:55:17,2025-01-31 09:36:47,41.5,35A,베이35A,raw,
b100_sub_heavy_r1,MSF,Medium (81-140),100,sub_heavy,162.75,11,20250130,91,BLK_91P,18,베이35A 론지용접,7,2025-01-31 09:36:47,2025-01-31 09:51:11,14.4,35A,베이35A,raw,
b100_sub_heavy_r1,MSF,Medium (81-140),100,sub_heavy,162.75,11,20250130,91,BLK_91P,18,베이35A 수정,8,2025-01-31 09:51:11,2025-01-31 10:15:59,24.8,35A,베이35A,raw,
b100_sub_heavy_r1,MSF,Medium (81-140),100,sub_heavy,162.75,11,20250130,62,BLK_62S,19,판계,1,2025-01-30 15:54:00,2025-01-30 16:14:00,20.0,,공통,raw,
b100_sub_heavy_r1,MSF,Medium (81-140),100,sub_heavy,162.75,11,20250130,62,BLK_62S,19,전면SAW,2,2025-01-31 06:18:03,2025-01-31 07:04:02,46.0,,공통,raw,
b100_sub_heavy_r1,MSF,Medium (81-140),100,sub_heavy,162.75,11,20250130,62,BLK_62S,19,TurnOver,3,2025-01-31 07:04:02,2025-01-31 07:16:02,12.0,,공통,raw,
b100_sub_heavy_r1,MSF,Medium (81-140),100,sub_heavy,162.75,11,20250130,62,BLK_62S,19,후면SAW,4,2025-01-31 08:27:41,2025-01-31 09:07:05,39.4,,공통,raw,
b100_sub_heavy_r1,MSF,Medium (81-140),100,sub_heavy,162.75,11,20250130,62,BLK_62S,19,NC,5,2025-01-31 09:07:05,2025-01-31 09:36:23,29.3,,공통,raw,
b100_sub_heavy_r1,MSF,Medium (81-140),100,sub_heavy,162.75,11,20250130,62,BLK_62S,19,베이36B 론지취부,6,2025-01-31 09:36:23,2025-01-31 10:24:53,48.5,36B,베이36B,raw,
b100_sub_heavy_r1,MSF,Medium (81-140),100,sub_heavy,162.75,11,20250130,62,BLK_62S,19,베이36B 론지용접,7,2025-01-31 10:24:53,2025-01-31 10:44:29,19.6,36B,베이36B,raw,
b100_sub_heavy_r1,MSF,Medium (81-140),100,sub_heavy,162.75,11,20250130,62,BLK_62S,19,베이36B 수정,8,2025-01-31 10:50:04,2025-01-31 11:19:16,29.2,36B,베이36B,raw,
b100_sub_heavy_r1,MSF,Medium (81-140),100,sub_heavy,162.75,11,20250130,82,BLK_82P,20,판계,1,2025-01-30 16:14:00,2025-01-30 16:34:00,20.0,,공통,raw,
b100_sub_heavy_r1,MSF,Medium (81-140),100,sub_heavy,162.75,11,20250130,82,BLK_82P,20,전면SAW,2,2025-01-31 07:04:02,2025-01-31 07:39:07,35.1,,공통,raw,
b100_sub_heavy_r1,MSF,Medium (81-140),100,sub_heavy,162.75,11,20250130,82,BLK_82P,20,TurnOver,3,2025-01-31 07:39:07,2025-01-31 07:51:07,12.0,,공통,raw,
b100_sub_heavy_r1,MSF,Medium (81-140),100,sub_heavy,162.75,11,20250130,82,BLK_82P,20,후면SAW,4,2025-01-31 09:07:05,2025-01-31 09:32:08,25.1,,공통,raw,
b100_sub_heavy_r1,MSF,Medium (81-140),100,sub_heavy,162.75,11,20250130,82,BLK_82P,20,NC,5,2025-01-31 09:36:23,2025-01-31 10:03:22,27.0,,공통,raw,
b100_sub_heavy_r1,MSF,Medium (81-140),100,sub_heavy,162.75,11,20250130,82,BLK_82P,20,베이35A 론지취부,6,2025-01-31 10:03:22,2025-01-31 11:05:52,62.5,35A,베이35A,raw,
b100_sub_heavy_r1,MSF,Medium (81-140),100,sub_heavy,162.75,11,20250130,82,BLK_82P,20,베이35A 론지용접,7,2025-01-31 11:05:52,2025-01-31 11:27:52,22.0,35A,베이35A,raw,
b100_sub_heavy_r1,MSF,Medium (81-140),100,sub_heavy,162.75,11,20250130,82,BLK_82P,20,베이35A 수정,8,2025-01-31 11:27:52,2025-01-31 12:05:52,38.0,35A,베이35A,raw,
b100_sub_heavy_r1,MSF,Medium (81-140),100,sub_heavy,162.75,11,20250130,92,BLK_92C,21,판계,1,2025-01-30 16:34:00,2025-01-30 17:02:00,28.0,,공통,raw,
b100_sub_heavy_r1,MSF,Medium (81-140),100,sub_heavy,162.75,11,20250130,92,BLK_92C,21,전면SAW,2,2025-01-31 07:39:07,2025-01-31 09:20:09,101.0,,공통,raw,
b100_sub_heavy_r1,MSF,Medium (81-140),100,sub_heavy,162.75,11,20250130,92,BLK_92C,21,TurnOver,3,2025-01-31 09:20:09,2025-01-31 09:32:09,12.0,,공통,raw,
b100_sub_heavy_r1,MSF,Medium (81-140),100,sub_heavy,162.75,11,20250130,92,BLK_92C,21,후면SAW,4,2025-01-31 09:32:09,2025-01-31 10:52:01,79.9,,공통,raw,
b100_sub_heavy_r1,MSF,Medium (81-140),100,sub_heavy,162.75,11,20250130,92,BLK_92C,21,NC,5,2025-01-31 10:52:01,2025-01-31 11:23:13,31.2,,공통,raw,
b100_sub_heavy_r1,MSF,Medium (81-140),100,sub_heavy,162.75,11,20250130,92,BLK_92C,21,베이36B 론지취부,6,2025-01-31 11:23:13,2025-01-31 12:01:13,38.0,36B,베이36B,raw,
b100_sub_heavy_r1,MSF,Medium (81-140),100,sub_heavy,162.75,11,20250130,92,BLK_92C,21,베이36B 론지용접,7,2025-01-31 12:01:13,2025-01-31 12:15:01,13.8,36B,베이36B,raw,
b100_sub_heavy_r1,MSF,Medium (81-140),100,sub_heavy,162.75,11,20250130,92,BLK_92C,21,베이36B 수정,8,2025-01-31 12:15:01,2025-01-31 12:37:37,22.6,36B,베이36B,raw,
b100_sub_heavy_r1,MSF,Medium (81-140),100,sub_heavy,162.75,11,20250130,7,BLK_7C,22,판계,1,2025-01-30 17:02:00,2025-01-30 17:27:00,25.0,,공통,raw,
b100_sub_heavy_r1,MSF,Medium (81-140),100,sub_heavy,162.75,11,20250130,7,BLK_7C,22,전면SAW,2,2025-01-31 09:20:09,2025-01-31 09:52:24,32.3,,공통,raw,
b100_sub_heavy_r1,MSF,Medium (81-140),100,sub_heavy,162.75,11,20250130,7,BLK_7C,22,TurnOver,3,2025-01-31 09:52:24,2025-01-31 10:04:24,12.0,,공통,raw,
b100_sub_heavy_r1,MSF,Medium (81-140),100,sub_heavy,162.75,11,20250130,7,BLK_7C,22,후면SAW,4,2025-01-31 10:52:01,2025-01-31 11:13:20,21.3,,공통,raw,
b100_sub_heavy_r1,MSF,Medium (81-140),100,sub_heavy,162.75,11,20250130,7,BLK_7C,22,NC,5,2025-01-31 11:23:13,2025-01-31 11:57:31,34.3,,공통,raw,
b100_sub_heavy_r1,MSF,Medium (81-140),100,sub_heavy,162.75,11,20250130,7,BLK_7C,22,베이35A 론지취부,6,2025-01-31 11:57:31,2025-01-31 13:03:31,66.0,35A,베이35A,raw,
b100_sub_heavy_r1,MSF,Medium (81-140),100,sub_heavy,162.75,11,20250130,7,BLK_7C,22,베이35A 론지용접,7,2025-01-31 13:03:31,2025-01-31 13:26:07,22.6,35A,베이35A,raw,
b100_sub_heavy_r1,MSF,Medium (81-140),100,sub_heavy,162.75,11,20250130,7,BLK_7C,22,베이35A 수정,8,2025-01-31 13:26:07,2025-01-31 14:06:19,40.2,35A,베이35A,raw,
b100_sub_heavy_r1,MSF,Medium (81-140),100,sub_heavy,162.75,11,20250130,19,BLK_19P,23,판계,1,2025-01-30 17:27:00,2025-01-30 17:52:00,25.0,,공통,raw,
b100_sub_heavy_r1,MSF,Medium (81-140),100,sub_heavy,162.75,11,20250130,19,BLK_19P,23,전면SAW,2,2025-01-31 09:52:24,2025-01-31 10:32:39,40.2,,공통,raw,
b100_sub_heavy_r1,MSF,Medium (81-140),100,sub_heavy,162.75,11,20250130,19,BLK_19P,23,TurnOver,3,2025-01-31 10:32:39,2025-01-31 10:44:39,12.0,,공통,raw,
b100_sub_heavy_r1,MSF,Medium (81-140),100,sub_heavy,162.75,11,20250130,19,BLK_19P,23,후면SAW,4,2025-01-31 11:13:20,2025-01-31 11:45:10,31.8,,공통,raw,
b100_sub_heavy_r1,MSF,Medium (81-140),100,sub_heavy,162.75,11,20250130,19,BLK_19P,23,NC,5,2025-01-31 11:57:31,2025-01-31 12:32:43,35.2,,공통,raw,
b100_sub_heavy_r1,MSF,Medium (81-140),100,sub_heavy,162.75,11,20250130,19,BLK_19P,23,베이36B 론지취부,6,2025-01-31 12:32:43,2025-01-31 13:42:13,69.5,36B,베이36B,raw,
b100_sub_heavy_r1,MSF,Medium (81-140),100,sub_heavy,162.75,11,20250130,19,BLK_19P,23,베이36B 론지용접,7,2025-01-31 13:42:13,2025-01-31 14:05:25,23.2,36B,베이36B,raw,
b100_sub_heavy_r1,MSF,Medium (81-140),100,sub_heavy,162.75,11,20250130,19,BLK_19P,23,베이36B 수정,8,2025-01-31 14:05:25,2025-01-31 14:47:49,42.4,36B,베이36B,raw,
b100_sub_heavy_r1,MSF,Medium (81-140),100,sub_heavy,162.75,11,20250130,46,BLK_46C,24,판계,1,2025-01-30 17:52:00,2025-01-30 18:04:00,12.0,,공통,raw,
b100_sub_heavy_r1,MSF,Medium (81-140),100,sub_heavy,162.75,11,20250130,46,BLK_46C,24,전면SAW,2,2025-01-31 10:32:39,2025-01-31 11:09:27,36.8,,공통,raw,
b100_sub_heavy_r1,MSF,Medium (81-140),100,sub_heavy,162.75,11,20250130,46,BLK_46C,24,TurnOver,3,2025-01-31 11:09:27,2025-01-31 11:21:27,12.0,,공통,raw,
b100_sub_heavy_r1,MSF,Medium (81-140),100,sub_heavy,162.75,11,20250130,46,BLK_46C,24,후면SAW,4,2025-01-31 11:45:10,2025-01-31 12:12:28,27.3,,공통,raw,
b100_sub_heavy_r1,MSF,Medium (81-140),100,sub_heavy,162.75,11,20250130,46,BLK_46C,24,NC,5,2025-01-31 12:32:43,2025-01-31 12:53:17,20.6,,공통,raw,
b100_sub_heavy_r1,MSF,Medium (81-140),100,sub_heavy,162.75,11,20250130,46,BLK_46C,24,베이35A 론지취부,6,2025-01-31 13:03:31,2025-01-31 13:47:31,44.0,35A,베이35A,raw,
b100_sub_heavy_r1,MSF,Medium (81-140),100,sub_heavy,162.75,11,20250130,46,BLK_46C,24,베이35A 론지용접,7,2025-01-31 13:47:31,2025-01-31 14:06:43,19.2,35A,베이35A,raw,
b100_sub_heavy_r1,MSF,Medium (81-140),100,sub_heavy,162.75,11,20250130,46,BLK_46C,24,베이35A 수정,8,2025-01-31 14:06:43,2025-01-31 14:22:43,16.0,35A,베이35A,raw,
b100_sub_heavy_r1,MSF,Medium (81-140),100,sub_heavy,162.75,11,20250130,48,BLK_48C,25,판계,1,2025-01-30 18:04:00,2025-01-30 18:16:00,12.0,,공통,raw,
b100_sub_heavy_r1,MSF,Medium (81-140),100,sub_heavy,162.75,11,20250130,48,BLK_48C,25,전면SAW,2,2025-01-31 11:09:27,2025-01-31 11:50:27,41.0,,공통,raw,
b100_sub_heavy_r1,MSF,Medium (81-140),100,sub_heavy,162.75,11,20250130,48,BLK_48C,25,TurnOver,3,2025-01-31 11:50:27,2025-01-31 12:02:27,12.0,,공통,raw,
b100_sub_heavy_r1,MSF,Medium (81-140),100,sub_heavy,162.75,11,20250130,48,BLK_48C,25,후면SAW,4,2025-01-31 12:12:28,2025-01-31 12:45:18,32.8,,공통,raw,
b100_sub_heavy_r1,MSF,Medium (81-140),100,sub_heavy,162.75,11,20250130,48,BLK_48C,25,NC,5,2025-01-31 12:53:17,2025-01-31 13:17:24,24.1,,공통,raw,
b100_sub_heavy_r1,MSF,Medium (81-140),100,sub_heavy,162.75,11,20250130,48,BLK_48C,25,베이36B 론지취부,6,2025-01-31 13:42:13,2025-01-31 14:20:13,38.0,36B,베이36B,raw,
b100_sub_heavy_r1,MSF,Medium (81-140),100,sub_heavy,162.75,11,20250130,48,BLK_48C,25,베이36B 론지용접,7,2025-01-31 14:20:13,2025-01-31 14:38:01,17.8,36B,베이36B,raw,
b100_sub_heavy_r1,MSF,Medium (81-140),100,sub_heavy,162.75,11,20250130,48,BLK_48C,25,베이36B 수정,8,2025-01-31 14:47:49,2025-01-31 15:10:25,22.6,36B,베이36B,raw,
b100_sub_heavy_r1,MSF,Medium (81-140),100,sub_heavy,162.75,11,20250131,12,BLK_12P,1,판계,1,2025-01-31 08:00:00,2025-01-31 08:52:00,52.0,,공통,raw,
b100_sub_heavy_r1,MSF,Medium (81-140),100,sub_heavy,162.75,11,20250131,12,BLK_12P,1,전면SAW,2,2025-01-31 11:50:27,2025-01-31 15:00:27,190.0,,공통,raw,
b100_sub_heavy_r1,MSF,Medium (81-140),100,sub_heavy,162.75,11,20250131,12,BLK_12P,1,TurnOver,3,2025-01-31 15:00:27,2025-01-31 15:12:27,12.0,,공통,raw,
b100_sub_heavy_r1,MSF,Medium (81-140),100,sub_heavy,162.75,11,20250131,12,BLK_12P,1,후면SAW,4,2025-01-31 15:12:27,2025-01-31 17:57:27,165.0,,공통,raw,
b100_sub_heavy_r1,MSF,Medium (81-140),100,sub_heavy,162.75,11,20250131,12,BLK_12P,1,NC,5,2025-01-31 17:57:27,2025-01-31 18:57:54,60.5,,공통,raw,
b100_sub_heavy_r1,MSF,Medium (81-140),100,sub_heavy,162.75,11,20250131,12,BLK_12P,1,베이35A 론지취부,6,2025-01-31 18:57:54,2025-01-31 20:03:54,66.0,35A,베이35A,raw,
b100_sub_heavy_r1,MSF,Medium (81-140),100,sub_heavy,162.75,11,20250131,12,BLK_12P,1,베이35A 론지용접,7,2025-01-31 20:03:54,2025-01-31 20:26:30,22.6,35A,베이35A,raw,
b100_sub_heavy_r1,MSF,Medium (81-140),100,sub_heavy,162.75,11,20250131,12,BLK_12P,1,베이35A 수정,8,2025-01-31 20:26:30,2025-01-31 21:06:42,40.2,35A,베이35A,raw,
b100_sub_heavy_r1,MSF,Medium (81-140),100,sub_heavy,162.75,11,20250131,20,BLK_20P,2,판계,1,2025-01-31 08:52:00,2025-01-31 09:17:00,25.0,,공통,raw,
b100_sub_heavy_r1,MSF,Medium (81-140),100,sub_heavy,162.75,11,20250131,20,BLK_20P,2,전면SAW,2,2025-01-31 15:00:27,2025-01-31 15:30:21,29.9,,공통,raw,
b100_sub_heavy_r1,MSF,Medium (81-140),100,sub_heavy,162.75,11,20250131,20,BLK_20P,2,TurnOver,3,2025-01-31 15:30:21,2025-01-31 15:42:21,12.0,,공통,raw,
b100_sub_heavy_r1,MSF,Medium (81-140),100,sub_heavy,162.75,11,20250131,20,BLK_20P,2,후면SAW,4,2025-01-31 17:57:27,2025-01-31 18:15:40,18.2,,공통,raw,
b100_sub_heavy_r1,MSF,Medium (81-140),100,sub_heavy,162.75,11,20250131,20,BLK_20P,2,NC,5,2025-01-31 18:57:54,2025-01-31 19:30:49,32.9,,공통,raw,
b100_sub_heavy_r1,MSF,Medium (81-140),100,sub_heavy,162.75,11,20250131,20,BLK_20P,2,베이36B 론지취부,6,2025-01-31 19:30:49,2025-01-31 20:33:19,62.5,36B,베이36B,raw,
b100_sub_heavy_r1,MSF,Medium (81-140),100,sub_heavy,162.75,11,20250131,20,BLK_20P,2,베이36B 론지용접,7,2025-01-31 20:33:19,2025-01-31 20:55:19,22.0,36B,베이36B,raw,
b100_sub_heavy_r1,MSF,Medium (81-140),100,sub_heavy,162.75,11,20250131,20,BLK_20P,2,베이36B 수정,8,2025-01-31 20:55:19,2025-01-31 21:33:19,38.0,36B,베이36B,raw,
b100_sub_heavy_r1,MSF,Medium (81-140),100,sub_heavy,162.75,11,20250131,71,BLK_71C,3,판계,1,2025-01-31 09:17:00,2025-01-31 09:42:00,25.0,,공통,raw,
b100_sub_heavy_r1,MSF,Medium (81-140),100,sub_heavy,162.75,11,20250131,71,BLK_71C,3,전면SAW,2,2025-01-31 15:30:21,2025-01-31 16:06:02,35.7,,공통,raw,
b100_sub_heavy_r1,MSF,Medium (81-140),100,sub_heavy,162.75,11,20250131,71,BLK_71C,3,TurnOver,3,2025-01-31 16:06:02,2025-01-31 16:18:02,12.0,,공통,raw,
b100_sub_heavy_r1,MSF,Medium (81-140),100,sub_heavy,162.75,11,20250131,71,BLK_71C,3,후면SAW,4,2025-01-31 18:15:40,2025-01-31 18:41:30,25.8,,공통,raw,
b100_sub_heavy_r1,MSF,Medium (81-140),100,sub_heavy,162.75,11,20250131,71,BLK_71C,3,NC,5,2025-01-31 19:30:49,2025-01-31 20:08:24,37.6,,공통,raw,
b100_sub_heavy_r1,MSF,Medium (81-140),100,sub_heavy,162.75,11,20250131,71,BLK_71C,3,베이35A 론지취부,6,2025-01-31 20:08:24,2025-01-31 21:38:54,90.5,35A,베이35A,raw,
b100_sub_heavy_r1,MSF,Medium (81-140),100,sub_heavy,162.75,11,20250131,71,BLK_71C,3,베이35A 론지용접,7,2025-01-31 21:38:54,2025-01-31 22:05:42,26.8,35A,베이35A,raw,
b100_sub_heavy_r1,MSF,Medium (81-140),100,sub_heavy,162.75,11,20250131,71,BLK_71C,3,베이35A 수정,8,2025-01-31 22:05:42,2025-01-31 23:01:18,55.6,35A,베이35A,raw,
b100_sub_heavy_r1,MSF,Medium (81-140),100,sub_heavy,162.75,11,20250131,52,BLK_52P,4,판계,1,2025-01-31 09:42:00,2025-01-31 10:07:00,25.0,,공통,raw,
b100_sub_heavy_r1,MSF,Medium (81-140),100,sub_heavy,162.75,11,20250131,52,BLK_52P,4,전면SAW,2,2025-01-31 16:06:02,2025-01-31 16:46:14,40.2,,공통,raw,
b100_sub_heavy_r1,MSF,Medium (81-140),100,sub_heavy,162.75,11,20250131,52,BLK_52P,4,TurnOver,3,2025-01-31 16:46:14,2025-01-31 16:58:14,12.0,,공통,raw,
b100_sub_heavy_r1,MSF,Medium (81-140),100,sub_heavy,162.75,11,20250131,52,BLK_52P,4,후면SAW,4,2025-01-31 18:41:30,2025-01-31 19:13:16,31.8,,공통,raw,
b100_sub_heavy_r1,MSF,Medium (81-140),100,sub_heavy,162.75,11,20250131,52,BLK_52P,4,NC,5,2025-01-31 20:08:24,2025-01-31 20:40:36,32.2,,공통,raw,
b100_sub_heavy_r1,MSF,Medium (81-140),100,sub_heavy,162.75,11,20250131,52,BLK_52P,4,베이36B 론지취부,6,2025-01-31 20:40:36,2025-01-31 21:43:06,62.5,36B,베이36B,raw,
b100_sub_heavy_r1,MSF,Medium (81-140),100,sub_heavy,162.75,11,20250131,52,BLK_52P,4,베이36B 론지용접,7,2025-01-31 21:43:06,2025-01-31 22:05:06,22.0,36B,베이36B,raw,
b100_sub_heavy_r1,MSF,Medium (81-140),100,sub_heavy,162.75,11,20250131,52,BLK_52P,4,베이36B 수정,8,2025-01-31 22:05:06,2025-01-31 22:43:06,38.0,36B,베이36B,raw,
b100_sub_heavy_r1,MSF,Medium (81-140),100,sub_heavy,162.75,11,20250131,50,BLK_50C,5,판계,1,2025-01-31 10:07:00,2025-01-31 10:40:00,33.0,,공통,raw,
b100_sub_heavy_r1,MSF,Medium (81-140),100,sub_heavy,162.75,11,20250131,50,BLK_50C,5,전면SAW,2,2025-01-31 16:46:14,2025-01-31 18:30:45,104.5,,공통,raw,
b100_sub_heavy_r1,MSF,Medium (81-140),100,sub_heavy,162.75,11,20250131,50,BLK_50C,5,TurnOver,3,2025-01-31 18:30:45,2025-01-31 18:42:45,12.0,,공통,raw,
b100_sub_heavy_r1,MSF,Medium (81-140),100,sub_heavy,162.75,11,20250131,50,BLK_50C,5,후면SAW,4,2025-01-31 19:13:16,2025-01-31 20:36:19,83.0,,공통,raw,
b100_sub_heavy_r1,MSF,Medium (81-140),100,sub_heavy,162.75,11,20250131,50,BLK_50C,5,NC,5,2025-01-31 20:40:36,2025-01-31 21:20:45,40.1,,공통,raw,
b100_sub_heavy_r1,MSF,Medium (81-140),100,sub_heavy,162.75,11,20250131,50,BLK_50C,5,베이35A 론지취부,6,2025-01-31 21:38:54,2025-01-31 22:51:54,73.0,35A,베이35A,raw,
b100_sub_heavy_r1,MSF,Medium (81-140),100,sub_heavy,162.75,11,20250131,50,BLK_50C,5,베이35A 론지용접,7,2025-01-31 22:51:54,2025-01-31 23:15:42,23.8,35A,베이35A,raw,
b100_sub_heavy_r1,MSF,Medium (81-140),100,sub_heavy,162.75,11,20250131,50,BLK_50C,5,베이35A 수정,8,2025-01-31 23:15:42,2025-02-01 00:00:18,44.6,35A,베이35A,raw,
b100_sub_heavy_r1,MSF,Medium (81-140),100,sub_heavy,162.75,11,20250131,60,BLK_60P,6,판계,1,2025-01-31 10:40:00,2025-01-31 11:05:00,25.0,,공통,raw,
b100_sub_heavy_r1,MSF,Medium (81-140),100,sub_heavy,162.75,11,20250131,60,BLK_60P,6,전면SAW,2,2025-01-31 18:30:45,2025-01-31 19:17:03,46.3,,공통,raw,
b100_sub_heavy_r1,MSF,Medium (81-140),100,sub_heavy,162.75,11,20250131,60,BLK_60P,6,TurnOver,3,2025-01-31 19:17:03,2025-01-31 19:29:03,12.0,,공통,raw,
b100_sub_heavy_r1,MSF,Medium (81-140),100,sub_heavy,162.75,11,20250131,60,BLK_60P,6,후면SAW,4,2025-01-31 20:36:19,2025-01-31 21:16:08,39.8,,공통,raw,
b100_sub_heavy_r1,MSF,Medium (81-140),100,sub_heavy,162.75,11,20250131,60,BLK_60P,6,NC,5,2025-01-31 21:20:45,2025-01-31 21:55:45,35.0,,공통,raw,
b100_sub_heavy_r1,MSF,Medium (81-140),100,sub_heavy,162.75,11,20250131,60,BLK_60P,6,베이36B 론지취부,6,2025-01-31 21:55:45,2025-01-31 23:01:45,66.0,36B,베이36B,raw,
b100_sub_heavy_r1,MSF,Medium (81-140),100,sub_heavy,162.75,11,20250131,60,BLK_60P,6,베이36B 론지용접,7,2025-01-31 23:01:45,2025-01-31 23:24:21,22.6,36B,베이36B,raw,
b100_sub_heavy_r1,MSF,Medium (81-140),100,sub_heavy,162.75,11,20250131,60,BLK_60P,6,베이36B 수정,8,2025-01-31 23:24:21,2025-02-01 00:04:33,40.2,36B,베이36B,raw,
b100_sub_heavy_r1,MSF,Medium (81-140),100,sub_heavy,162.75,11,20250131,90,BLK_90C,7,판계,1,2025-01-31 11:05:00,2025-01-31 11:45:00,40.0,,공통,raw,
b100_sub_heavy_r1,MSF,Medium (81-140),100,sub_heavy,162.75,11,20250131,90,BLK_90C,7,전면SAW,2,2025-01-31 19:17:03,2025-01-31 22:27:03,190.0,,공통,raw,
b100_sub_heavy_r1,MSF,Medium (81-140),100,sub_heavy,162.75,11,20250131,90,BLK_90C,7,TurnOver,3,2025-01-31 22:27:03,2025-01-31 22:39:03,12.0,,공통,raw,
b100_sub_heavy_r1,MSF,Medium (81-140),100,sub_heavy,162.75,11,20250131,90,BLK_90C,7,후면SAW,4,2025-01-31 22:39:03,2025-02-01 01:24:03,165.0,,공통,raw,
b100_sub_heavy_r1,MSF,Medium (81-140),100,sub_heavy,162.75,11,20250131,90,BLK_90C,7,NC,5,2025-02-01 01:24:03,2025-02-01 02:09:15,45.2,,공통,raw,
b100_sub_heavy_r1,MSF,Medium (81-140),100,sub_heavy,162.75,11,20250131,90,BLK_90C,7,베이35A 론지취부,6,2025-02-01 02:09:15,2025-02-01 03:01:15,52.0,35A,베이35A,raw,
b100_sub_heavy_r1,MSF,Medium (81-140),100,sub_heavy,162.75,11,20250131,90,BLK_90C,7,베이35A 론지용접,7,2025-02-01 03:01:15,2025-02-01 03:21:27,20.2,35A,베이35A,raw,
b100_sub_heavy_r1,MSF,Medium (81-140),100,sub_heavy,162.75,11,20250131,90,BLK_90C,7,베이35A 수정,8,2025-02-01 03:21:27,2025-02-01 03:52:51,31.4,35A,베이35A,raw,
b100_sub_heavy_r1,MSF,Medium (81-140),100,sub_heavy,162.75,11,20250131,3,BLK_3C,8,판계,1,2025-01-31 11:45:00,2025-01-31 12:15:00,30.0,,공통,raw,
b100_sub_heavy_r1,MSF,Medium (81-140),100,sub_heavy,162.75,11,20250131,3,BLK_3C,8,전면SAW,2,2025-01-31 22:27:03,2025-01-31 23:00:16,33.2,,공통,raw,
b100_sub_heavy_r1,MSF,Medium (81-140),100,sub_heavy,162.75,11,20250131,3,BLK_3C,8,TurnOver,3,2025-01-31 23:00:16,2025-01-31 23:12:16,12.0,,공통,raw,
b100_sub_heavy_r1,MSF,Medium (81-140),100,sub_heavy,162.75,11,20250131,3,BLK_3C,8,후면SAW,4,2025-02-01 01:24:03,2025-02-01 01:46:39,22.6,,공통,raw,
b100_sub_heavy_r1,MSF,Medium (81-140),100,sub_heavy,162.75,11,20250131,3,BLK_3C,8,NC,5,2025-02-01 02:09:15,2025-02-01 02:57:01,47.8,,공통,raw,
b100_sub_heavy_r1,MSF,Medium (81-140),100,sub_heavy,162.75,11,20250131,3,BLK_3C,8,베이36B 론지취부,6,2025-02-01 02:57:01,2025-02-01 04:17:01,80.0,36B,베이36B,raw,
b100_sub_heavy_r1,MSF,Medium (81-140),100,sub_heavy,162.75,11,20250131,3,BLK_3C,8,베이36B 론지용접,7,2025-02-01 04:17:01,2025-02-01 04:42:01,25.0,36B,베이36B,raw,
b100_sub_heavy_r1,MSF,Medium (81-140),100,sub_heavy,162.75,11,20250131,3,BLK_3C,8,베이36B 수정,8,2025-02-01 04:42:01,2025-02-01 05:31:01,49.0,36B,베이36B,raw,
b100_sub_heavy_r1,MSF,Medium (81-140),100,sub_heavy,162.75,11,20250131,4,BLK_4C,9,판계,1,2025-01-31 12:15:00,2025-01-31 12:53:00,38.0,,공통,raw,
b100_sub_heavy_r1,MSF,Medium (81-140),100,sub_heavy,162.75,11,20250131,4,BLK_4C,9,전면SAW,2,2025-01-31 23:00:16,2025-02-01 00:38:41,98.4,,공통,raw,
b100_sub_heavy_r1,MSF,Medium (81-140),100,sub_heavy,162.75,11,20250131,4,BLK_4C,9,TurnOver,3,2025-02-01 00:38:41,2025-02-01 00:50:41,12.0,,공통,raw,
b100_sub_heavy_r1,MSF,Medium (81-140),100,sub_heavy,162.75,11,20250131,4,BLK_4C,9,후면SAW,4,2025-02-01 01:46:39,2025-02-01 03:04:07,77.5,,공통,raw,
b100_sub_heavy_r1,MSF,Medium (81-140),100,sub_heavy,162.75,11,20250131,4,BLK_4C,9,NC,5,2025-02-01 03:04:07,2025-02-01 03:48:15,44.1,,공통,raw,
b100_sub_heavy_r1,MSF,Medium (81-140),100,sub_heavy,162.75,11,20250131,4,BLK_4C,9,베이35A 론지취부,6,2025-02-01 03:48:15,2025-02-01 04:50:45,62.5,35A,베이35A,raw,
b100_sub_heavy_r1,MSF,Medium (81-140),100,sub_heavy,162.75,11,20250131,4,BLK_4C,9,베이35A 론지용접,7,2025-02-01 04:50:45,2025-02-01 05:12:45,22.0,35A,베이35A,raw,
b100_sub_heavy_r1,MSF,Medium (81-140),100,sub_heavy,162.75,11,20250131,4,BLK_4C,9,베이35A 수정,8,2025-02-01 05:12:45,2025-02-01 05:50:45,38.0,35A,베이35A,raw,
b100_sub_heavy_r1,MSF,Medium (81-140),100,sub_heavy,162.75,11,20250131,15,BLK_15C,10,판계,1,2025-01-31 12:53:00,2025-01-31 13:23:00,30.0,,공통,raw,
b100_sub_heavy_r1,MSF,Medium (81-140),100,sub_heavy,162.75,11,20250131,15,BLK_15C,10,전면SAW,2,2025-02-01 00:38:41,2025-02-01 01:08:49,30.1,,공통,raw,
b100_sub_heavy_r1,MSF,Medium (81-140),100,sub_heavy,162.75,11,20250131,15,BLK_15C,10,TurnOver,3,2025-02-01 01:08:49,2025-02-01 01:20:49,12.0,,공통,raw,
b100_sub_heavy_r1,MSF,Medium (81-140),100,sub_heavy,162.75,11,20250131,15,BLK_15C,10,후면SAW,4,2025-02-01 03:04:07,2025-02-01 03:22:39,18.5,,공통,raw,
b100_sub_heavy_r1,MSF,Medium (81-140),100,sub_heavy,162.75,11,20250131,15,BLK_15C,10,NC,5,2025-02-01 03:48:15,2025-02-01 04:33:07,44.9,,공통,raw,
b100_sub_heavy_r1,MSF,Medium (81-140),100,sub_heavy,162.75,11,20250131,15,BLK_15C,10,베이36B 론지취부,6,2025-02-01 04:33:07,2025-02-01 05:39:07,66.0,36B,베이36B,raw,
b100_sub_heavy_r1,MSF,Medium (81-140),100,sub_heavy,162.75,11,20250131,15,BLK_15C,10,베이36B 론지용접,7,2025-02-01 05:39:07,2025-02-01 06:01:43,22.6,36B,베이36B,raw,
b100_sub_heavy_r1,MSF,Medium (81-140),100,sub_heavy,162.75,11,20250131,15,BLK_15C,10,베이36B 수정,8,2025-02-01 06:01:43,2025-02-01 06:41:55,40.2,36B,베이36B,raw,
b100_sub_heavy_r1,MSF,Medium (81-140),100,sub_heavy,162.75,11,20250131,35,BLK_35P,11,판계,1,2025-01-31 13:23:00,2025-01-31 14:01:00,38.0,,공통,raw,
b100_sub_heavy_r1,MSF,Medium (81-140),100,sub_heavy,162.75,11,20250131,35,BLK_35P,11,전면SAW,2,2025-02-01 01:08:49,2025-02-01 02:39:34,90.8,,공통,raw,
b100_sub_heavy_r1,MSF,Medium (81-140),100,sub_heavy,162.75,11,20250131,35,BLK_35P,11,TurnOver,3,2025-02-01 02:39:34,2025-02-01 02:51:34,12.0,,공통,raw,
b100_sub_heavy_r1,MSF,Medium (81-140),100,sub_heavy,162.75,11,20250131,35,BLK_35P,11,후면SAW,4,2025-02-01 03:22:39,2025-02-01 04:33:09,70.5,,공통,raw,
b100_sub_heavy_r1,MSF,Medium (81-140),100,sub_heavy,162.75,11,20250131,35,BLK_35P,11,NC,5,2025-02-01 04:33:09,2025-02-01 05:19:02,45.9,,공통,raw,
b100_sub_heavy_r1,MSF,Medium (81-140),100,sub_heavy,162.75,11,20250131,35,BLK_35P,11,베이35A 론지취부,6,2025-02-01 05:19:02,2025-02-01 06:14:32,55.5,35A,베이35A,raw,
b100_sub_heavy_r1,MSF,Medium (81-140),100,sub_heavy,162.75,11,20250131,35,BLK_35P,11,베이35A 론지용접,7,2025-02-01 06:14:32,2025-02-01 06:35:20,20.8,35A,베이35A,raw,
b100_sub_heavy_r1,MSF,Medium (81-140),100,sub_heavy,162.75,11,20250131,35,BLK_35P,11,베이35A 수정,8,2025-02-01 06:35:20,2025-02-01 07:08:56,33.6,35A,베이35A,raw,
b100_sub_heavy_r1,MSF,Medium (81-140),100,sub_heavy,162.75,11,20250131,41,BLK_41C,12,판계,1,2025-01-31 14:01:00,2025-01-31 14:53:00,52.0,,공통,raw,
b100_sub_heavy_r1,MSF,Medium (81-140),100,sub_heavy,162.75,11,20250131,41,BLK_41C,12,전면SAW,2,2025-02-01 02:39:34,2025-02-01 03:18:20,38.8,,공통,raw,
b100_sub_heavy_r1,MSF,Medium (81-140),100,sub_heavy,162.75,11,20250131,41,BLK_41C,12,TurnOver,3,2025-02-01 03:18:20,2025-02-01 03:30:20,12.0,,공통,raw,
b100_sub_heavy_r1,MSF,Medium (81-140),100,sub_heavy,162.75,11,20250131,41,BLK_41C,12,후면SAW,4,2025-02-01 04:33:09,2025-02-01 05:03:03,29.9,,공통,raw,
b100_sub_heavy_r1,MSF,Medium (81-140),100,sub_heavy,162.75,11,20250131,41,BLK_41C,12,NC,5,2025-02-01 05:19:02,2025-02-01 06:24:02,65.0,,공통,raw,
b100_sub_heavy_r1,MSF,Medium (81-140),100,sub_heavy,162.75,11,20250131,41,BLK_41C,12,베이36B 론지취부,6,2025-02-01 06:24:02,2025-02-01 08:01:32,97.5,36B,베이36B,raw,
b100_sub_heavy_r1,MSF,Medium (81-140),100,sub_heavy,162.75,11,20250131,41,BLK_41C,12,베이36B 론지용접,7,2025-02-01 08:01:32,2025-02-01 08:29:32,28.0,36B,베이36B,raw,
b100_sub_heavy_r1,MSF,Medium (81-140),100,sub_heavy,162.75,11,20250131,41,BLK_41C,12,베이36B 수정,8,2025-02-01 08:29:32,2025-02-01 09:29:32,60.0,36B,베이36B,raw,
b100_sub_heavy_r1,MSF,Medium (81-140),100,sub_heavy,162.75,11,20250131,42,BLK_42C,13,판계,1,2025-01-31 14:53:00,2025-01-31 15:31:00,38.0,,공통,raw,
b100_sub_heavy_r1,MSF,Medium (81-140),100,sub_heavy,162.75,11,20250131,42,BLK_42C,13,전면SAW,2,2025-02-01 03:18:20,2025-02-01 04:45:45,87.4,,공통,raw,
b100_sub_heavy_r1,MSF,Medium (81-140),100,sub_heavy,162.75,11,20250131,42,BLK_42C,13,TurnOver,3,2025-02-01 04:45:45,2025-02-01 04:57:45,12.0,,공통,raw,
b100_sub_heavy_r1,MSF,Medium (81-140),100,sub_heavy,162.75,11,20250131,42,BLK_42C,13,후면SAW,4,2025-02-01 05:03:03,2025-02-01 06:10:30,67.5,,공통,raw,
b100_sub_heavy_r1,MSF,Medium (81-140),100,sub_heavy,162.75,11,20250131,42,BLK_42C,13,NC,5,2025-02-01 06:24:02,2025-02-01 07:08:18,44.3,,공통,raw,
b100_sub_heavy_r1,MSF,Medium (81-140),100,sub_heavy,162.75,11,20250131,42,BLK_42C,13,베이35A 론지취부,6,2025-02-01 07:08:18,2025-02-01 08:17:48,69.5,35A,베이35A,raw,
b100_sub_heavy_r1,MSF,Medium (81-140),100,sub_heavy,162.75,11,20250131,42,BLK_42C,13,베이35A 론지용접,7,2025-02-01 08:17:48,2025-02-01 08:41:00,23.2,35A,베이35A,raw,
b100_sub_heavy_r1,MSF,Medium (81-140),100,sub_heavy,162.75,11,20250131,42,BLK_42C,13,베이35A 수정,8,2025-02-01 08:41:00,2025-02-01 09:23:24,42.4,35A,베이35A,raw,
b100_sub_heavy_r1,MSF,Medium (81-140),100,sub_heavy,162.75,11,20250131,51,BLK_51C,14,판계,1,2025-01-31 15:31:00,2025-01-31 16:16:00,45.0,,공통,raw,
b100_sub_heavy_r1,MSF,Medium (81-140),100,sub_heavy,162.75,11,20250131,51,BLK_51C,14,전면SAW,2,2025-02-01 04:45:45,2025-02-01 06:50:17,124.5,,공통,raw,
b100_sub_heavy_r1,MSF,Medium (81-140),100,sub_heavy,162.75,11,20250131,51,BLK_51C,14,TurnOver,3,2025-02-01 06:50:17,2025-02-01 07:02:17,12.0,,공통,raw,
b100_sub_heavy_r1,MSF,Medium (81-140),100,sub_heavy,162.75,11,20250131,51,BLK_51C,14,후면SAW,4,2025-02-01 07:02:17,2025-02-01 08:32:02,89.8,,공통,raw,
b100_sub_heavy_r1,MSF,Medium (81-140),100,sub_heavy,162.75,11,20250131,51,BLK_51C,14,NC,5,2025-02-01 08:32:02,2025-02-01 09:22:06,50.1,,공통,raw,
b100_sub_heavy_r1,MSF,Medium (81-140),100,sub_heavy,162.75,11,20250131,51,BLK_51C,14,베이36B 론지취부,6,2025-02-01 09:22:06,2025-02-01 10:21:06,59.0,36B,베이36B,raw,
b100_sub_heavy_r1,MSF,Medium (81-140),100,sub_heavy,162.75,11,20250131,51,BLK_51C,14,베이36B 론지용접,7,2025-02-01 10:21:06,2025-02-01 10:42:30,21.4,36B,베이36B,raw,
b100_sub_heavy_r1,MSF,Medium (81-140),100,sub_heavy,162.75,11,20250131,51,BLK_51C,14,베이36B 수정,8,2025-02-01 10:42:30,2025-02-01 11:18:18,35.8,36B,베이36B,raw,
b100_sub_heavy_r1,MSF,Medium (81-140),100,sub_heavy,162.75,11,20250131,70,BLK_70P,15,판계,1,2025-01-31 16:16:00,2025-01-31 16:46:00,30.0,,공통,raw,
b100_sub_heavy_r1,MSF,Medium (81-140),100,sub_heavy,162.75,11,20250131,70,BLK_70P,15,전면SAW,2,2025-02-01 06:50:17,2025-02-01 07:22:57,32.7,,공통,raw,
b100_sub_heavy_r1,MSF,Medium (81-140),100,sub_heavy,162.75,11,20250131,70,BLK_70P,15,TurnOver,3,2025-02-01 07:22:57,2025-02-01 07:34:57,12.0,,공통,raw,
b100_sub_heavy_r1,MSF,Medium (81-140),100,sub_heavy,162.75,11,20250131,70,BLK_70P,15,후면SAW,4,2025-02-01 08:32:02,2025-02-01 08:53:53,21.9,,공통,raw,
b100_sub_heavy_r1,MSF,Medium (81-140),100,sub_heavy,162.75,11,20250131,70,BLK_70P,15,NC,5,2025-02-01 09:22:06,2025-02-01 10:06:55,44.8,,공통,raw,
b100_sub_heavy_r1,MSF,Medium (81-140),100,sub_heavy,162.75,11,20250131,70,BLK_70P,15,베이36B 론지취부,6,2025-02-01 10:21:06,2025-02-01 12:09:06,108.0,36B,베이36B,raw,
b100_sub_heavy_r1,MSF,Medium (81-140),100,sub_heavy,162.75,11,20250131,70,BLK_70P,15,베이36B 론지용접,7,2025-02-01 12:09:06,2025-02-01 12:38:54,29.8,36B,베이36B,raw,
b100_sub_heavy_r1,MSF,Medium (81-140),100,sub_heavy,162.75,11,20250131,70,BLK_70P,15,베이36B 수정,8,2025-02-01 12:38:54,2025-02-01 13:45:30,66.6,36B,베이36B,raw,
b100_sub_heavy_r1,MSF,Medium (81-140),100,sub_heavy,162.75,11,20250131,72,BLK_72C,16,판계,1,2025-01-31 16:46:00,2025-01-31 17:24:00,38.0,,공통,raw,
b100_sub_heavy_r1,MSF,Medium (81-140),100,sub_heavy,162.75,11,20250131,72,BLK_72C,16,전면SAW,2,2025-02-01 07:22:57,2025-02-01 09:25:03,122.1,,공통,raw,
b100_sub_heavy_r1,MSF,Medium (81-140),100,sub_heavy,162.75,11,20250131,72,BLK_72C,16,TurnOver,3,2025-02-01 09:25:03,2025-02-01 09:37:03,12.0,,공통,raw,
b100_sub_heavy_r1,MSF,Medium (81-140),100,sub_heavy,162.75,11,20250131,72,BLK_72C,16,후면SAW,4,2025-02-01 09:37:03,2025-02-01 11:16:09,99.1,,공통,raw,
b100_sub_heavy_r1,MSF,Medium (81-140),100,sub_heavy,162.75,11,20250131,72,BLK_72C,16,NC,5,2025-02-01 11:16:09,2025-02-01 12:04:33,48.4,,공통,raw,
b100_sub_heavy_r1,MSF,Medium (81-140),100,sub_heavy,162.75,11,20250131,72,BLK_72C,16,베이35A 론지취부,6,2025-02-01 12:04:33,2025-02-01 13:28:03,83.5,35A,베이35A,raw,
b100_sub_heavy_r1,MSF,Medium (81-140),100,sub_heavy,162.75,11,20250131,72,BLK_72C,16,베이35A 론지용접,7,2025-02-01 13:28:03,2025-02-01 13:53:39,25.6,35A,베이35A,raw,
b100_sub_heavy_r1,MSF,Medium (81-140),100,sub_heavy,162.75,11,20250131,72,BLK_72C,16,베이35A 수정,8,2025-02-01 13:53:39,2025-02-01 14:44:51,51.2,35A,베이35A,raw,
b100_sub_heavy_r1,MSF,Medium (81-140),100,sub_heavy,162.75,11,20250131,61,BLK_61C,17,판계,1,2025-01-31 17:24:00,2025-01-31 17:54:00,30.0,,공통,raw,
b100_sub_heavy_r1,MSF,Medium (81-140),100,sub_heavy,162.75,11,20250131,61,BLK_61C,17,전면SAW,2,2025-02-01 09:25:03,2025-02-01 09:57:51,32.8,,공통,raw,
b100_sub_heavy_r1,MSF,Medium (81-140),100,sub_heavy,162.75,11,20250131,61,BLK_61C,17,TurnOver,3,2025-02-01 09:57:51,2025-02-01 10:09:51,12.0,,공통,raw,
b100_sub_heavy_r1,MSF,Medium (81-140),100,sub_heavy,162.75,11,20250131,61,BLK_61C,17,후면SAW,4,2025-02-01 11:16:09,2025-02-01 11:38:11,22.0,,공통,raw,
b100_sub_heavy_r1,MSF,Medium (81-140),100,sub_heavy,162.75,11,20250131,61,BLK_61C,17,NC,5,2025-02-01 12:04:33,2025-02-01 12:53:03,48.5,,공통,raw,
b100_sub_heavy_r1,MSF,Medium (81-140),100,sub_heavy,162.75,11,20250131,61,BLK_61C,17,베이36B 론지취부,6,2025-02-01 12:53:03,2025-02-01 14:34:03,101.0,36B,베이36B,raw,
b100_sub_heavy_r1,MSF,Medium (81-140),100,sub_heavy,162.75,11,20250131,61,BLK_61C,17,베이36B 론지용접,7,2025-02-01 14:34:03,2025-02-01 15:02:39,28.6,36B,베이36B,raw,
b100_sub_heavy_r1,MSF,Medium (81-140),100,sub_heavy,162.75,11,20250131,61,BLK_61C,17,베이36B 수정,8,2025-02-01 15:02:39,2025-02-01 16:04:51,62.2,36B,베이36B,raw,
b100_sub_heavy_r1,MSF,Medium (81-140),100,sub_heavy,162.75,11,20250201,16,BLK_16S,1,판계,1,2025-02-01 08:00:00,2025-02-01 08:30:00,30.0,,공통,raw,
b100_sub_heavy_r1,MSF,Medium (81-140),100,sub_heavy,162.75,11,20250201,16,BLK_16S,1,전면SAW,2,2025-02-01 09:57:51,2025-02-01 11:30:12,92.3,,공통,raw,
b100_sub_heavy_r1,MSF,Medium (81-140),100,sub_heavy,162.75,11,20250201,16,BLK_16S,1,TurnOver,3,2025-02-01 11:30:12,2025-02-01 11:42:12,12.0,,공통,raw,
b100_sub_heavy_r1,MSF,Medium (81-140),100,sub_heavy,162.75,11,20250201,16,BLK_16S,1,후면SAW,4,2025-02-01 11:42:12,2025-02-01 13:11:52,89.7,,공통,raw,
b100_sub_heavy_r1,MSF,Medium (81-140),100,sub_heavy,162.75,11,20250201,16,BLK_16S,1,NC,5,2025-02-01 13:11:52,2025-02-01 14:03:25,51.5,,공통,raw,
b100_sub_heavy_r1,MSF,Medium (81-140),100,sub_heavy,162.75,11,20250201,16,BLK_16S,1,베이35A 론지취부,6,2025-02-01 14:03:25,2025-02-01 15:19:55,76.5,35A,베이35A,raw,
b100_sub_heavy_r1,MSF,Medium (81-140),100,sub_heavy,162.75,11,20250201,16,BLK_16S,1,베이35A 론지용접,7,2025-02-01 15:19:55,2025-02-01 15:44:19,24.4,35A,베이35A,raw,
b100_sub_heavy_r1,MSF,Medium (81-140),100,sub_heavy,162.75,11,20250201,16,BLK_16S,1,베이35A 수정,8,2025-02-01 15:44:19,2025-02-01 16:31:07,46.8,35A,베이35A,raw,
b100_sub_heavy_r1,MSF,Medium (81-140),100,sub_heavy,162.75,11,20250201,32,BLK_32C,2,판계,1,2025-02-01 08:30:00,2025-02-01 08:50:00,20.0,,공통,raw,
b100_sub_heavy_r1,MSF,Medium (81-140),100,sub_heavy,162.75,11,20250201,32,BLK_32C,2,전면SAW,2,2025-02-01 11:30:12,2025-02-01 12:17:00,46.8,,공통,raw,
b100_sub_heavy_r1,MSF,Medium (81-140),100,sub_heavy,162.75,11,20250201,32,BLK_32C,2,TurnOver,3,2025-02-01 12:17:00,2025-02-01 12:29:00,12.0,,공통,raw,
b100_sub_heavy_r1,MSF,Medium (81-140),100,sub_heavy,162.75,11,20250201,32,BLK_32C,2,후면SAW,4,2025-02-01 13:11:52,2025-02-01 13:52:20,40.5,,공통,raw,
b100_sub_heavy_r1,MSF,Medium (81-140),100,sub_heavy,162.75,11,20250201,32,BLK_32C,2,NC,5,2025-02-01 14:03:25,2025-02-01 14:30:18,26.9,,공통,raw,
b100_sub_heavy_r1,MSF,Medium (81-140),100,sub_heavy,162.75,11,20250201,32,BLK_32C,2,베이36B 론지취부,6,2025-02-01 14:34:03,2025-02-01 15:12:03,38.0,36B,베이36B,raw,
b100_sub_heavy_r1,MSF,Medium (81-140),100,sub_heavy,162.75,11,20250201,32,BLK_32C,2,베이36B 론지용접,7,2025-02-01 15:12:03,2025-02-01 15:29:51,17.8,36B,베이36B,raw,
b100_sub_heavy_r1,MSF,Medium (81-140),100,sub_heavy,162.75,11,20250201,32,BLK_32C,2,베이36B 수정,8,2025-02-01 16:04:51,2025-02-01 16:27:27,22.6,36B,베이36B,raw,
b100_sub_heavy_r1,MSF,Medium (81-140),100,sub_heavy,162.75,11,20250201,45,BLK_45C,3,판계,1,2025-02-01 08:50:00,2025-02-01 09:10:00,20.0,,공통,raw,
b100_sub_heavy_r1,MSF,Medium (81-140),100,sub_heavy,162.75,11,20250201,45,BLK_45C,3,전면SAW,2,2025-02-01 12:17:00,2025-02-01 12:55:43,38.7,,공통,raw,
b100_sub_heavy_r1,MSF,Medium (81-140),100,sub_heavy,162.75,11,20250201,45,BLK_45C,3,TurnOver,3,2025-02-01 12:55:43,2025-02-01 13:07:43,12.0,,공통,raw,
b100_sub_heavy_r1,MSF,Medium (81-140),100,sub_heavy,162.75,11,20250201,45,BLK_45C,3,후면SAW,4,2025-02-01 13:52:20,2025-02-01 14:22:10,29.8,,공통,raw,
b100_sub_heavy_r1,MSF,Medium (81-140),100,sub_heavy,162.75,11,20250201,45,BLK_45C,3,NC,5,2025-02-01 14:30:18,2025-02-01 14:59:45,29.4,,공통,raw,
b100_sub_heavy_r1,MSF,Medium (81-140),100,sub_heavy,162.75,11,20250201,45,BLK_45C,3,베이35A 론지취부,6,2025-02-01 15:19:55,2025-02-01 16:11:55,52.0,35A,베이35A,raw,
b100_sub_heavy_r1,MSF,Medium (81-140),100,sub_heavy,162.75,11,20250201,45,BLK_45C,3,베이35A 론지용접,7,2025-02-01 16:11:55,2025-02-01 16:32:07,20.2,35A,베이35A,raw,
b100_sub_heavy_r1,MSF,Medium (81-140),100,sub_heavy,162.75,11,20250201,45,BLK_45C,3,베이35A 수정,8,2025-02-01 16:32:07,2025-02-01 17:03:31,31.4,35A,베이35A,raw,
b100_sub_heavy_r1,MSF,Medium (81-140),100,sub_heavy,162.75,11,20250201,65,BLK_65C,4,판계,1,2025-02-01 09:10:00,2025-02-01 09:30:00,20.0,,공통,raw,
b100_sub_heavy_r1,MSF,Medium (81-140),100,sub_heavy,162.75,11,20250201,65,BLK_65C,4,전면SAW,2,2025-02-01 12:55:43,2025-02-01 13:25:19,29.6,,공통,raw,
b100_sub_heavy_r1,MSF,Medium (81-140),100,sub_heavy,162.75,11,20250201,65,BLK_65C,4,TurnOver,3,2025-02-01 13:25:19,2025-02-01 13:37:19,12.0,,공통,raw,
b100_sub_heavy_r1,MSF,Medium (81-140),100,sub_heavy,162.75,11,20250201,65,BLK_65C,4,후면SAW,4,2025-02-01 14:22:10,2025-02-01 14:40:00,17.8,,공통,raw,
b100_sub_heavy_r1,MSF,Medium (81-140),100,sub_heavy,162.75,11,20250201,65,BLK_65C,4,NC,5,2025-02-01 14:59:45,2025-02-01 15:24:58,25.2,,공통,raw,
b100_sub_heavy_r1,MSF,Medium (81-140),100,sub_heavy,162.75,11,20250201,65,BLK_65C,4,베이36B 론지취부,6,2025-02-01 15:24:58,2025-02-01 15:55:58,31.0,36B,베이36B,raw,
b100_sub_heavy_r1,MSF,Medium (81-140),100,sub_heavy,162.75,11,20250201,65,BLK_65C,4,베이36B 론지용접,7,2025-02-01 15:55:58,2025-02-01 16:08:34,12.6,36B,베이36B,raw,
b100_sub_heavy_r1,MSF,Medium (81-140),100,sub_heavy,162.75,11,20250201,65,BLK_65C,4,베이36B 수정,8,2025-02-01 16:27:27,2025-02-01 16:45:39,18.2,36B,베이36B,raw,
b100_sub_heavy_r1,MSF,Medium (81-140),100,sub_heavy,162.75,11,20250201,75,BLK_75C,5,판계,1,2025-02-01 09:30:00,2025-02-01 10:05:00,35.0,,공통,raw,
b100_sub_heavy_r1,MSF,Medium (81-140),100,sub_heavy,162.75,11,20250201,75,BLK_75C,5,전면SAW,2,2025-02-01 13:25:19,2025-02-01 15:28:00,122.7,,공통,raw,
b100_sub_heavy_r1,MSF,Medium (81-140),100,sub_heavy,162.75,11,20250201,75,BLK_75C,5,TurnOver,3,2025-02-01 15:28:00,2025-02-01 15:40:00,12.0,,공통,raw,
b100_sub_heavy_r1,MSF,Medium (81-140),100,sub_heavy,162.75,11,20250201,75,BLK_75C,5,후면SAW,4,2025-02-01 15:40:00,2025-02-01 17:08:15,88.2,,공통,raw,
b100_sub_heavy_r1,MSF,Medium (81-140),100,sub_heavy,162.75,11,20250201,75,BLK_75C,5,NC,5,2025-02-01 17:08:15,2025-02-01 17:45:54,37.6,,공통,raw,
b100_sub_heavy_r1,MSF,Medium (81-140),100,sub_heavy,162.75,11,20250201,75,BLK_75C,5,베이35A 론지취부,6,2025-02-01 17:45:54,2025-02-01 18:41:24,55.5,35A,베이35A,raw,
b100_sub_heavy_r1,MSF,Medium (81-140),100,sub_heavy,162.75,11,20250201,75,BLK_75C,5,베이35A 론지용접,7,2025-02-01 18:41:24,2025-02-01 19:02:12,20.8,35A,베이35A,raw,
b100_sub_heavy_r1,MSF,Medium (81-140),100,sub_heavy,162.75,11,20250201,75,BLK_75C,5,베이35A 수정,8,2025-02-01 19:02:12,2025-02-01 19:35:48,33.6,35A,베이35A,raw,
b100_sub_heavy_r1,MSF,Medium (81-140),100,sub_heavy,162.75,11,20250201,95,BLK_95P,6,판계,1,2025-02-01 10:05:00,2025-02-01 10:25:00,20.0,,공통,raw,
b100_sub_heavy_r1,MSF,Medium (81-140),100,sub_heavy,162.75,11,20250201,95,BLK_95P,6,전면SAW,2,2025-02-01 15:28:00,2025-02-01 15:59:58,32.0,,공통,raw,
b100_sub_heavy_r1,MSF,Medium (81-140),100,sub_heavy,162.75,11,20250201,95,BLK_95P,6,TurnOver,3,2025-02-01 15:59:58,2025-02-01 16:11:58,12.0,,공통,raw,
b100_sub_heavy_r1,MSF,Medium (81-140),100,sub_heavy,162.75,11,20250201,95,BLK_95P,6,후면SAW,4,2025-02-01 17:08:15,2025-02-01 17:29:11,20.9,,공통,raw,
b100_sub_heavy_r1,MSF,Medium (81-140),100,sub_heavy,162.75,11,20250201,95,BLK_95P,6,NC,5,2025-02-01 17:45:54,2025-02-01 18:13:12,27.3,,공통,raw,
b100_sub_heavy_r1,MSF,Medium (81-140),100,sub_heavy,162.75,11,20250201,95,BLK_95P,6,베이36B 론지취부,6,2025-02-01 18:13:12,2025-02-01 18:58:12,45.0,36B,베이36B,raw,
b100_sub_heavy_r1,MSF,Medium (81-140),100,sub_heavy,162.75,11,20250201,95,BLK_95P,6,베이36B 론지용접,7,2025-02-01 18:58:12,2025-02-01 19:17:12,19.0,36B,베이36B,raw,
b100_sub_heavy_r1,MSF,Medium (81-140),100,sub_heavy,162.75,11,20250201,95,BLK_95P,6,베이36B 수정,8,2025-02-01 19:17:12,2025-02-01 19:44:12,27.0,36B,베이36B,raw,
b100_sub_heavy_r1,MSF,Medium (81-140),100,sub_heavy,162.75,11,20250201,66,BLK_66S,7,판계,1,2025-02-01 10:25:00,2025-02-01 10:45:00,20.0,,공통,raw,
b100_sub_heavy_r1,MSF,Medium (81-140),100,sub_heavy,162.75,11,20250201,66,BLK_66S,7,전면SAW,2,2025-02-01 15:59:58,2025-02-01 16:39:11,39.2,,공통,raw,
b100_sub_heavy_r1,MSF,Medium (81-140),100,sub_heavy,162.75,11,20250201,66,BLK_66S,7,TurnOver,3,2025-02-01 16:39:11,2025-02-01 16:51:11,12.0,,공통,raw,
b100_sub_heavy_r1,MSF,Medium (81-140),100,sub_heavy,162.75,11,20250201,66,BLK_66S,7,후면SAW,4,2025-02-01 17:29:11,2025-02-01 17:59:40,30.5,,공통,raw,
b100_sub_heavy_r1,MSF,Medium (81-140),100,sub_heavy,162.75,11,20250201,66,BLK_66S,7,NC,5,2025-02-01 18:13:12,2025-02-01 18:43:39,30.4,,공통,raw,
b100_sub_heavy_r1,MSF,Medium (81-140),100,sub_heavy,162.75,11,20250201,66,BLK_66S,7,베이35A 론지취부,6,2025-02-01 18:43:39,2025-02-01 20:00:09,76.5,35A,베이35A,raw,
b100_sub_heavy_r1,MSF,Medium (81-140),100,sub_heavy,162.75,11,20250201,66,BLK_66S,7,베이35A 론지용접,7,2025-02-01 20:00:09,2025-02-01 20:24:33,24.4,35A,베이35A,raw,
b100_sub_heavy_r1,MSF,Medium (81-140),100,sub_heavy,162.75,11,20250201,66,BLK_66S,7,베이35A 수정,8,2025-02-01 20:24:33,2025-02-01 21:11:21,46.8,35A,베이35A,raw,
b100_sub_heavy_r1,MSF,Medium (81-140),100,sub_heavy,162.75,11,20250201,86,BLK_86S,8,판계,1,2025-02-01 10:45:00,2025-02-01 11:05:00,20.0,,공통,raw,
b100_sub_heavy_r1,MSF,Medium (81-140),100,sub_heavy,162.75,11,20250201,86,BLK_86S,8,전면SAW,2,2025-02-01 16:39:11,2025-02-01 17:15:25,36.2,,공통,raw,
b100_sub_heavy_r1,MSF,Medium (81-140),100,sub_heavy,162.75,11,20250201,86,BLK_86S,8,TurnOver,3,2025-02-01 17:15:25,2025-02-01 17:27:25,12.0,,공통,raw,
b100_sub_heavy_r1,MSF,Medium (81-140),100,sub_heavy,162.75,11,20250201,86,BLK_86S,8,후면SAW,4,2025-02-01 17:59:40,2025-02-01 18:26:12,26.5,,공통,raw,
b100_sub_heavy_r1,MSF,Medium (81-140),100,sub_heavy,162.75,11,20250201,86,BLK_86S,8,NC,5,2025-02-01 18:43:39,2025-02-01 19:13:51,30.2,,공통,raw,
b100_sub_heavy_r1,MSF,Medium (81-140),100,sub_heavy,162.75,11,20250201,86,BLK_86S,8,베이36B 론지취부,6,2025-02-01 19:13:51,2025-02-01 20:19:51,66.0,36B,베이36B,raw,
b100_sub_heavy_r1,MSF,Medium (81-140),100,sub_heavy,162.75,11,20250201,86,BLK_86S,8,베이36B 론지용접,7,2025-02-01 20:19:51,2025-02-01 20:42:27,22.6,36B,베이36B,raw,
b100_sub_heavy_r1,MSF,Medium (81-140),100,sub_heavy,162.75,11,20250201,86,BLK_86S,8,베이36B 수정,8,2025-02-01 20:42:27,2025-02-01 21:22:39,40.2,36B,베이36B,raw,
b100_sub_heavy_r1,MSF,Medium (81-140),100,sub_heavy,162.75,11,20250201,88,BLK_88S,9,판계,1,2025-02-01 11:05:00,2025-02-01 11:25:00,20.0,,공통,raw,
b100_sub_heavy_r1,MSF,Medium (81-140),100,sub_heavy,162.75,11,20250201,88,BLK_88S,9,전면SAW,2,2025-02-01 17:15:25,2025-02-01 17:49:19,33.9,,공통,raw,
b100_sub_heavy_r1,MSF,Medium (81-140),100,sub_heavy,162.75,11,20250201,88,BLK_88S,9,TurnOver,3,2025-02-01 17:49:19,2025-02-01 18:01:19,12.0,,공통,raw,
b100_sub_heavy_r1,MSF,Medium (81-140),100,sub_heavy,162.75,11,20250201,88,BLK_88S,9,후면SAW,4,2025-02-01 18:26:12,2025-02-01 18:49:41,23.5,,공통,raw,
b100_sub_heavy_r1,MSF,Medium (81-140),100,sub_heavy,162.75,11,20250201,88,BLK_88S,9,NC,5,2025-02-01 19:13:51,2025-02-01 19:42:14,28.4,,공통,raw,
b100_sub_heavy_r1,MSF,Medium (81-140),100,sub_heavy,162.75,11,20250201,88,BLK_88S,9,베이35A 론지취부,6,2025-02-01 20:00:09,2025-02-01 20:45:09,45.0,35A,베이35A,raw,
b100_sub_heavy_r1,MSF,Medium (81-140),100,sub_heavy,162.75,11,20250201,88,BLK_88S,9,베이35A 론지용접,7,2025-02-01 20:45:09,2025-02-01 21:04:09,19.0,35A,베이35A,raw,
b100_sub_heavy_r1,MSF,Medium (81-140),100,sub_heavy,162.75,11,20250201,88,BLK_88S,9,베이35A 수정,8,2025-02-01 21:11:21,2025-02-01 21:38:21,27.0,35A,베이35A,raw,
b100_sub_heavy_r1,MSF,Medium (81-140),100,sub_heavy,162.75,11,20250201,81,BLK_81S,10,판계,1,2025-02-01 11:25:00,2025-02-01 11:53:00,28.0,,공통,raw,
b100_sub_heavy_r1,MSF,Medium (81-140),100,sub_heavy,162.75,11,20250201,81,BLK_81S,10,전면SAW,2,2025-02-01 17:49:19,2025-02-01 20:14:58,145.7,,공통,raw,
b100_sub_heavy_r1,MSF,Medium (81-140),100,sub_heavy,162.75,11,20250201,81,BLK_81S,10,TurnOver,3,2025-02-01 20:14:58,2025-02-01 20:26:58,12.0,,공통,raw,
b100_sub_heavy_r1,MSF,Medium (81-140),100,sub_heavy,162.75,11,20250201,81,BLK_81S,10,후면SAW,4,2025-02-01 20:26:58,2025-02-01 22:58:49,151.8,,공통,raw,
b100_sub_heavy_r1,MSF,Medium (81-140),100,sub_heavy,162.75,11,20250201,81,BLK_81S,10,NC,5,2025-02-01 22:58:49,2025-02-01 23:34:21,35.5,,공통,raw,
b100_sub_heavy_r1,MSF,Medium (81-140),100,sub_heavy,162.75,11,20250201,81,BLK_81S,10,베이36B 론지취부,6,2025-02-01 23:34:21,2025-02-02 00:47:21,73.0,36B,베이36B,raw,
b100_sub_heavy_r1,MSF,Medium (81-140),100,sub_heavy,162.75,11,20250201,81,BLK_81S,10,베이36B 론지용접,7,2025-02-02 00:47:21,2025-02-02 01:11:09,23.8,36B,베이36B,raw,
b100_sub_heavy_r1,MSF,Medium (81-140),100,sub_heavy,162.75,11,20250201,81,BLK_81S,10,베이36B 수정,8,2025-02-02 01:11:09,2025-02-02 01:55:45,44.6,36B,베이36B,raw,
b100_sub_heavy_r1,MSF,Medium (81-140),100,sub_heavy,162.75,11,20250201,93,BLK_93P,11,판계,1,2025-02-01 11:53:00,2025-02-01 12:13:00,20.0,,공통,raw,
b100_sub_heavy_r1,MSF,Medium (81-140),100,sub_heavy,162.75,11,20250201,93,BLK_93P,11,전면SAW,2,2025-02-01 20:14:58,2025-02-01 20:47:33,32.6,,공통,raw,
b100_sub_heavy_r1,MSF,Medium (81-140),100,sub_heavy,162.75,11,20250201,93,BLK_93P,11,TurnOver,3,2025-02-01 20:47:33,2025-02-01 20:59:33,12.0,,공통,raw,
b100_sub_heavy_r1,MSF,Medium (81-140),100,sub_heavy,162.75,11,20250201,93,BLK_93P,11,후면SAW,4,2025-02-01 22:58:49,2025-02-01 23:20:34,21.7,,공통,raw,
b100_sub_heavy_r1,MSF,Medium (81-140),100,sub_heavy,162.75,11,20250201,93,BLK_93P,11,NC,5,2025-02-01 23:34:21,2025-02-01 23:59:28,25.1,,공통,raw,
b100_sub_heavy_r1,MSF,Medium (81-140),100,sub_heavy,162.75,11,20250201,93,BLK_93P,11,베이35A 론지취부,6,2025-02-01 23:59:28,2025-02-02 00:30:28,31.0,35A,베이35A,raw,
b100_sub_heavy_r1,MSF,Medium (81-140),100,sub_heavy,162.75,11,20250201,93,BLK_93P,11,베이35A 론지용접,7,2025-02-02 00:30:28,2025-02-02 00:43:04,12.6,35A,베이35A,raw,
b100_sub_heavy_r1,MSF,Medium (81-140),100,sub_heavy,162.75,11,20250201,93,BLK_93P,11,베이35A 수정,8,2025-02-02 00:43:04,2025-02-02 01:01:16,18.2,35A,베이35A,raw,
b100_sub_heavy_r1,MSF,Medium (81-140),100,sub_heavy,162.75,11,20250201,31,BLK_31C,12,판계,1,2025-02-01 12:13:00,2025-02-01 12:38:00,25.0,,공통,raw,
b100_sub_heavy_r1,MSF,Medium (81-140),100,sub_heavy,162.75,11,20250201,31,BLK_31C,12,전면SAW,2,2025-02-01 20:47:33,2025-02-01 21:18:42,31.1,,공통,raw,
b100_sub_heavy_r1,MSF,Medium (81-140),100,sub_heavy,162.75,11,20250201,31,BLK_31C,12,TurnOver,3,2025-02-01 21:18:42,2025-02-01 21:30:42,12.0,,공통,raw,
b100_sub_heavy_r1,MSF,Medium (81-140),100,sub_heavy,162.75,11,20250201,31,BLK_31C,12,후면SAW,4,2025-02-01 23:20:34,2025-02-01 23:40:25,19.9,,공통,raw,
b100_sub_heavy_r1,MSF,Medium (81-140),100,sub_heavy,162.75,11,20250201,31,BLK_31C,12,NC,5,2025-02-01 23:59:28,2025-02-02 00:36:00,36.5,,공통,raw,
b100_sub_heavy_r1,MSF,Medium (81-140),100,sub_heavy,162.75,11,20250201,31,BLK_31C,12,베이36B 론지취부,6,2025-02-02 00:47:21,2025-02-02 01:42:51,55.5,36B,베이36B,raw,
b100_sub_heavy_r1,MSF,Medium (81-140),100,sub_heavy,162.75,11,20250201,31,BLK_31C,12,베이36B 론지용접,7,2025-02-02 01:42:51,2025-02-02 02:03:39,20.8,36B,베이36B,raw,
b100_sub_heavy_r1,MSF,Medium (81-140),100,sub_heavy,162.75,11,20250201,31,BLK_31C,12,베이36B 수정,8,2025-02-02 02:03:39,2025-02-02 02:37:15,33.6,36B,베이36B,raw,
b100_sub_heavy_r1,MSF,Medium (81-140),100,sub_heavy,162.75,11,20250201,28,BLK_28S,13,판계,1,2025-02-01 12:38:00,2025-02-01 13:18:00,40.0,,공통,raw,
b100_sub_heavy_r1,MSF,Medium (81-140),100,sub_heavy,162.75,11,20250201,28,BLK_28S,13,전면SAW,2,2025-02-01 21:18:42,2025-02-01 23:57:31,158.8,,공통,raw,
b100_sub_heavy_r1,MSF,Medium (81-140),100,sub_heavy,162.75,11,20250201,28,BLK_28S,13,TurnOver,3,2025-02-01 23:57:31,2025-02-02 00:09:31,12.0,,공통,raw,
b100_sub_heavy_r1,MSF,Medium (81-140),100,sub_heavy,162.75,11,20250201,28,BLK_28S,13,후면SAW,4,2025-02-02 00:09:31,2025-02-02 02:06:43,117.2,,공통,raw,
b100_sub_heavy_r1,MSF,Medium (81-140),100,sub_heavy,162.75,11,20250201,28,BLK_28S,13,NC,5,2025-02-02 02:06:43,2025-02-02 02:54:26,47.7,,공통,raw,
b100_sub_heavy_r1,MSF,Medium (81-140),100,sub_heavy,162.75,11,20250201,28,BLK_28S,13,베이35A 론지취부,6,2025-02-02 02:54:26,2025-02-02 04:03:56,69.5,35A,베이35A,raw,
b100_sub_heavy_r1,MSF,Medium (81-140),100,sub_heavy,162.75,11,20250201,28,BLK_28S,13,베이35A 론지용접,7,2025-02-02 04:03:56,2025-02-02 04:27:08,23.2,35A,베이35A,raw,
b100_sub_heavy_r1,MSF,Medium (81-140),100,sub_heavy,162.75,11,20250201,28,BLK_28S,13,베이35A 수정,8,2025-02-02 04:27:08,2025-02-02 05:09:32,42.4,35A,베이35A,raw,
b100_sub_heavy_r1,MSF,Medium (81-140),100,sub_heavy,162.75,11,20250201,55,BLK_55S,14,판계,1,2025-02-01 13:18:00,2025-02-01 13:43:00,25.0,,공통,raw,
b100_sub_heavy_r1,MSF,Medium (81-140),100,sub_heavy,162.75,11,20250201,55,BLK_55S,14,전면SAW,2,2025-02-01 23:57:31,2025-02-02 00:29:01,31.5,,공통,raw,
b100_sub_heavy_r1,MSF,Medium (81-140),100,sub_heavy,162.75,11,20250201,55,BLK_55S,14,TurnOver,3,2025-02-02 00:29:01,2025-02-02 00:41:01,12.0,,공통,raw,
b100_sub_heavy_r1,MSF,Medium (81-140),100,sub_heavy,162.75,11,20250201,55,BLK_55S,14,후면SAW,4,2025-02-02 02:06:43,2025-02-02 02:27:02,20.3,,공통,raw,
b100_sub_heavy_r1,MSF,Medium (81-140),100,sub_heavy,162.75,11,20250201,55,BLK_55S,14,NC,5,2025-02-02 02:54:26,2025-02-02 03:30:32,36.1,,공통,raw,
b100_sub_heavy_r1,MSF,Medium (81-140),100,sub_heavy,162.75,11,20250201,55,BLK_55S,14,베이36B 론지취부,6,2025-02-02 03:30:32,2025-02-02 04:33:02,62.5,36B,베이36B,raw,
b100_sub_heavy_r1,MSF,Medium (81-140),100,sub_heavy,162.75,11,20250201,55,BLK_55S,14,베이36B 론지용접,7,2025-02-02 04:33:02,2025-02-02 04:55:02,22.0,36B,베이36B,raw,
b100_sub_heavy_r1,MSF,Medium (81-140),100,sub_heavy,162.75,11,20250201,55,BLK_55S,14,베이36B 수정,8,2025-02-02 04:55:02,2025-02-02 05:33:02,38.0,36B,베이36B,raw,
b100_sub_heavy_r1,MSF,Medium (81-140),100,sub_heavy,162.75,11,20250201,76,BLK_76S,15,판계,1,2025-02-01 13:43:00,2025-02-01 14:08:00,25.0,,공통,raw,
b100_sub_heavy_r1,MSF,Medium (81-140),100,sub_heavy,162.75,11,20250201,76,BLK_76S,15,전면SAW,2,2025-02-02 00:29:01,2025-02-02 00:58:04,29.1,,공통,raw,
b100_sub_heavy_r1,MSF,Medium (81-140),100,sub_heavy,162.75,11,20250201,76,BLK_76S,15,TurnOver,3,2025-02-02 00:58:04,2025-02-02 01:10:04,12.0,,공통,raw,
b100_sub_heavy_r1,MSF,Medium (81-140),100,sub_heavy,162.75,11,20250201,76,BLK_76S,15,후면SAW,4,2025-02-02 02:27:02,2025-02-02 02:44:08,17.1,,공통,raw,
b100_sub_heavy_r1,MSF,Medium (81-140),100,sub_heavy,162.75,11,20250201,76,BLK_76S,15,NC,5,2025-02-02 03:30:32,2025-02-02 04:01:09,30.6,,공통,raw,
b100_sub_heavy_r1,MSF,Medium (81-140),100,sub_heavy,162.75,11,20250201,76,BLK_76S,15,베이35A 론지취부,6,2025-02-02 04:03:56,2025-02-02 04:38:26,34.5,35A,베이35A,raw,
b100_sub_heavy_r1,MSF,Medium (81-140),100,sub_heavy,162.75,11,20250201,76,BLK_76S,15,베이35A 론지용접,7,2025-02-02 04:38:26,2025-02-02 04:51:38,13.2,35A,베이35A,raw,
b100_sub_heavy_r1,MSF,Medium (81-140),100,sub_heavy,162.75,11,20250201,76,BLK_76S,15,베이35A 수정,8,2025-02-02 05:09:32,2025-02-02 05:29:56,20.4,35A,베이35A,raw,
b100_sub_heavy_r1,MSF,Medium (81-140),100,sub_heavy,162.75,11,20250202,58,BLK_58P,1,판계,1,2025-02-02 08:00:00,2025-02-02 08:40:00,40.0,,공통,raw,
b100_sub_heavy_r1,MSF,Medium (81-140),100,sub_heavy,162.75,11,20250202,58,BLK_58P,1,전면SAW,2,2025-02-02 08:40:00,2025-02-02 11:06:49,146.8,,공통,raw,
b100_sub_heavy_r1,MSF,Medium (81-140),100,sub_heavy,162.75,11,20250202,58,BLK_58P,1,TurnOver,3,2025-02-02 11:06:49,2025-02-02 11:18:49,12.0,,공통,raw,
b100_sub_heavy_r1,MSF,Medium (81-140),100,sub_heavy,162.75,11,20250202,58,BLK_58P,1,후면SAW,4,2025-02-02 11:18:49,2025-02-02 13:25:34,126.8,,공통,raw,
b100_sub_heavy_r1,MSF,Medium (81-140),100,sub_heavy,162.75,11,20250202,58,BLK_58P,1,NC,5,2025-02-02 13:25:34,2025-02-02 14:10:03,44.5,,공통,raw,
b100_sub_heavy_r1,MSF,Medium (81-140),100,sub_heavy,162.75,11,20250202,58,BLK_58P,1,베이36B 론지취부,6,2025-02-02 14:10:03,2025-02-02 15:33:33,83.5,36B,베이36B,raw,
b100_sub_heavy_r1,MSF,Medium (81-140),100,sub_heavy,162.75,11,20250202,58,BLK_58P,1,베이36B 론지용접,7,2025-02-02 15:33:33,2025-02-02 15:59:09,25.6,36B,베이36B,raw,
b100_sub_heavy_r1,MSF,Medium (81-140),100,sub_heavy,162.75,11,20250202,58,BLK_58P,1,베이36B 수정,8,2025-02-02 15:59:09,2025-02-02 16:50:21,51.2,36B,베이36B,raw,
b100_sub_heavy_r1,MSF,Medium (81-140),100,sub_heavy,162.75,11,20250202,94,BLK_94P,2,판계,1,2025-02-02 08:40:00,2025-02-02 09:05:00,25.0,,공통,raw,
b100_sub_heavy_r1,MSF,Medium (81-140),100,sub_heavy,162.75,11,20250202,94,BLK_94P,2,전면SAW,2,2025-02-02 11:06:49,2025-02-02 11:34:20,27.5,,공통,raw,
b100_sub_heavy_r1,MSF,Medium (81-140),100,sub_heavy,162.75,11,20250202,94,BLK_94P,2,TurnOver,3,2025-02-02 11:34:20,2025-02-02 11:46:20,12.0,,공통,raw,
b100_sub_heavy_r1,MSF,Medium (81-140),100,sub_heavy,162.75,11,20250202,94,BLK_94P,2,후면SAW,4,2025-02-02 13:25:34,2025-02-02 13:40:39,15.1,,공통,raw,
b100_sub_heavy_r1,MSF,Medium (81-140),100,sub_heavy,162.75,11,20250202,94,BLK_94P,2,NC,5,2025-02-02 14:10:03,2025-02-02 14:41:25,31.4,,공통,raw,
b100_sub_heavy_r1,MSF,Medium (81-140),100,sub_heavy,162.75,11,20250202,94,BLK_94P,2,베이35A 론지취부,6,2025-02-02 14:41:25,2025-02-02 15:15:55,34.5,35A,베이35A,raw,
b100_sub_heavy_r1,MSF,Medium (81-140),100,sub_heavy,162.75,11,20250202,94,BLK_94P,2,베이35A 론지용접,7,2025-02-02 15:15:55,2025-02-02 15:33:07,17.2,35A,베이35A,raw,
b100_sub_heavy_r1,MSF,Medium (81-140),100,sub_heavy,162.75,11,20250202,94,BLK_94P,2,베이35A 수정,8,2025-02-02 15:33:07,2025-02-02 15:53:31,20.4,35A,베이35A,raw,
b100_sub_heavy_r1,MSF,Medium (81-140),100,sub_heavy,162.75,11,20250202,68,BLK_68P,3,판계,1,2025-02-02 09:05:00,2025-02-02 09:57:00,52.0,,공통,raw,
b100_sub_heavy_r1,MSF,Medium (81-140),100,sub_heavy,162.75,11,20250202,68,BLK_68P,3,전면SAW,2,2025-02-02 11:34:20,2025-02-02 14:40:04,185.7,,공통,raw,
b100_sub_heavy_r1,MSF,Medium (81-140),100,sub_heavy,162.75,11,20250202,68,BLK_68P,3,TurnOver,3,2025-02-02 14:40:04,2025-02-02 14:52:04,12.0,,공통,raw,
b100_sub_heavy_r1,MSF,Medium (81-140),100,sub_heavy,162.75,11,20250202,68,BLK_68P,3,후면SAW,4,2025-02-02 14:52:04,2025-02-02 17:12:02,140.0,,공통,raw,
b100_sub_heavy_r1,MSF,Medium (81-140),100,sub_heavy,162.75,11,20250202,68,BLK_68P,3,NC,5,2025-02-02 17:12:02,2025-02-02 18:12:01,60.0,,공통,raw,
b100_sub_heavy_r1,MSF,Medium (81-140),100,sub_heavy,162.75,11,20250202,68,BLK_68P,3,베이36B 론지취부,6,2025-02-02 18:12:01,2025-02-02 19:11:01,59.0,36B,베이36B,raw,
b100_sub_heavy_r1,MSF,Medium (81-140),100,sub_heavy,162.75,11,20250202,68,BLK_68P,3,베이36B 론지용접,7,2025-02-02 19:11:01,2025-02-02 19:32:25,21.4,36B,베이36B,raw,
b100_sub_heavy_r1,MSF,Medium (81-140),100,sub_heavy,162.75,11,20250202,68,BLK_68P,3,베이36B 수정,8,2025-02-02 19:32:25,2025-02-02 20:08:13,35.8,36B,베이36B,raw,
b100_sub_heavy_r1,MSF,Medium (81-140),100,sub_heavy,162.75,11,20250202,36,BLK_36C,4,판계,1,2025-02-02 09:57:00,2025-02-02 10:27:00,30.0,,공통,raw,
b100_sub_heavy_r1,MSF,Medium (81-140),100,sub_heavy,162.75,11,20250202,36,BLK_36C,4,전면SAW,2,2025-02-02 14:40:04,2025-02-02 15:07:36,27.5,,공통,raw,
b100_sub_heavy_r1,MSF,Medium (81-140),100,sub_heavy,162.75,11,20250202,36,BLK_36C,4,TurnOver,3,2025-02-02 15:07:36,2025-02-02 15:19:36,12.0,,공통,raw,
b100_sub_heavy_r1,MSF,Medium (81-140),100,sub_heavy,162.75,11,20250202,36,BLK_36C,4,후면SAW,4,2025-02-02 17:12:02,2025-02-02 17:27:08,15.1,,공통,raw,
b100_sub_heavy_r1,MSF,Medium (81-140),100,sub_heavy,162.75,11,20250202,36,BLK_36C,4,NC,5,2025-02-02 18:12:01,2025-02-02 18:52:43,40.7,,공통,raw,
b100_sub_heavy_r1,MSF,Medium (81-140),100,sub_heavy,162.75,11,20250202,36,BLK_36C,4,베이35A 론지취부,6,2025-02-02 18:52:43,2025-02-02 20:23:13,90.5,35A,베이35A,raw,
b100_sub_heavy_r1,MSF,Medium (81-140),100,sub_heavy,162.75,11,20250202,36,BLK_36C,4,베이35A 론지용접,7,2025-02-02 20:23:13,2025-02-02 20:50:01,26.8,35A,베이35A,raw,
b100_sub_heavy_r1,MSF,Medium (81-140),100,sub_heavy,162.75,11,20250202,36,BLK_36C,4,베이35A 수정,8,2025-02-02 20:50:01,2025-02-02 21:45:37,55.6,35A,베이35A,raw,
b100_sub_heavy_r1,MSF,Medium (81-140),100,sub_heavy,162.75,11,20250202,47,BLK_47C,5,판계,1,2025-02-02 10:27:00,2025-02-02 11:12:00,45.0,,공통,raw,
b100_sub_heavy_r1,MSF,Medium (81-140),100,sub_heavy,162.75,11,20250202,47,BLK_47C,5,전면SAW,2,2025-02-02 15:07:36,2025-02-02 17:36:30,148.9,,공통,raw,
b100_sub_heavy_r1,MSF,Medium (81-140),100,sub_heavy,162.75,11,20250202,47,BLK_47C,5,TurnOver,3,2025-02-02 17:36:30,2025-02-02 17:48:30,12.0,,공통,raw,
b100_sub_heavy_r1,MSF,Medium (81-140),100,sub_heavy,162.75,11,20250202,47,BLK_47C,5,후면SAW,4,2025-02-02 17:48:30,2025-02-02 19:37:43,109.2,,공통,raw,
b100_sub_heavy_r1,MSF,Medium (81-140),100,sub_heavy,162.75,11,20250202,47,BLK_47C,5,NC,5,2025-02-02 19:37:43,2025-02-02 20:32:00,54.3,,공통,raw,
b100_sub_heavy_r1,MSF,Medium (81-140),100,sub_heavy,162.75,11,20250202,47,BLK_47C,5,베이36B 론지취부,6,2025-02-02 20:32:00,2025-02-02 21:55:30,83.5,36B,베이36B,raw,
b100_sub_heavy_r1,MSF,Medium (81-140),100,sub_heavy,162.75,11,20250202,47,BLK_47C,5,베이36B 론지용접,7,2025-02-02 21:55:30,2025-02-02 22:21:06,25.6,36B,베이36B,raw,
b100_sub_heavy_r1,MSF,Medium (81-140),100,sub_heavy,162.75,11,20250202,47,BLK_47C,5,베이36B 수정,8,2025-02-02 22:21:06,2025-02-02 23:12:18,51.2,36B,베이36B,raw,
b100_sub_heavy_r1,MSF,Medium (81-140),100,sub_heavy,162.75,11,20250202,57,BLK_57C,6,판계,1,2025-02-02 11:12:00,2025-02-02 11:42:00,30.0,,공통,raw,
b100_sub_heavy_r1,MSF,Medium (81-140),100,sub_heavy,162.75,11,20250202,57,BLK_57C,6,전면SAW,2,2025-02-02 17:36:30,2025-02-02 18:07:58,31.5,,공통,raw,
b100_sub_heavy_r1,MSF,Medium (81-140),100,sub_heavy,162.75,11,20250202,57,BLK_57C,6,TurnOver,3,2025-02-02 18:07:58,2025-02-02 18:19:58,12.0,,공통,raw,
b100_sub_heavy_r1,MSF,Medium (81-140),100,sub_heavy,162.75,11,20250202,57,BLK_57C,6,후면SAW,4,2025-02-02 19:37:43,2025-02-02 19:58:01,20.3,,공통,raw,
b100_sub_heavy_r1,MSF,Medium (81-140),100,sub_heavy,162.75,11,20250202,57,BLK_57C,6,NC,5,2025-02-02 20:32:00,2025-02-02 21:15:46,43.8,,공통,raw,
b100_sub_heavy_r1,MSF,Medium (81-140),100,sub_heavy,162.75,11,20250202,57,BLK_57C,6,베이35A 론지취부,6,2025-02-02 21:15:46,2025-02-02 22:53:16,97.5,35A,베이35A,raw,
b100_sub_heavy_r1,MSF,Medium (81-140),100,sub_heavy,162.75,11,20250202,57,BLK_57C,6,베이35A 론지용접,7,2025-02-02 22:53:16,2025-02-02 23:21:16,28.0,35A,베이35A,raw,
b100_sub_heavy_r1,MSF,Medium (81-140),100,sub_heavy,162.75,11,20250202,57,BLK_57C,6,베이35A 수정,8,2025-02-02 23:21:16,2025-02-03 00:21:16,60.0,35A,베이35A,raw,
b100_sub_heavy_r1,MSF,Medium (81-140),100,sub_heavy,162.75,11,20250202,77,BLK_77S,7,판계,1,2025-02-02 11:42:00,2025-02-02 12:12:00,30.0,,공통,raw,
b100_sub_heavy_r1,MSF,Medium (81-140),100,sub_heavy,162.75,11,20250202,77,BLK_77S,7,전면SAW,2,2025-02-02 18:07:58,2025-02-02 18:40:07,32.1,,공통,raw,
b100_sub_heavy_r1,MSF,Medium (81-140),100,sub_heavy,162.75,11,20250202,77,BLK_77S,7,TurnOver,3,2025-02-02 18:40:07,2025-02-02 18:52:07,12.0,,공통,raw,
b100_sub_heavy_r1,MSF,Medium (81-140),100,sub_heavy,162.75,11,20250202,77,BLK_77S,7,후면SAW,4,2025-02-02 19:58:01,2025-02-02 20:19:12,21.2,,공통,raw,
b100_sub_heavy_r1,MSF,Medium (81-140),100,sub_heavy,162.75,11,20250202,77,BLK_77S,7,NC,5,2025-02-02 21:15:46,2025-02-02 22:00:00,44.2,,공통,raw,
b100_sub_heavy_r1,MSF,Medium (81-140),100,sub_heavy,162.75,11,20250202,77,BLK_77S,7,베이36B 론지취부,6,2025-02-02 22:00:00,2025-02-02 23:44:30,104.5,36B,베이36B,raw,
b100_sub_heavy_r1,MSF,Medium (81-140),100,sub_heavy,162.75,11,20250202,77,BLK_77S,7,베이36B 론지용접,7,2025-02-02 23:44:30,2025-02-03 00:13:42,29.2,36B,베이36B,raw,
b100_sub_heavy_r1,MSF,Medium (81-140),100,sub_heavy,162.75,11,20250202,77,BLK_77S,7,베이36B 수정,8,2025-02-03 00:13:42,2025-02-03 01:18:06,64.4,36B,베이36B,raw,
b100_sub_heavy_r1,MSF,Medium (81-140),100,sub_heavy,162.75,11,20250202,85,BLK_85C,8,판계,1,2025-02-02 12:12:00,2025-02-02 12:42:00,30.0,,공통,raw,
b100_sub_heavy_r1,MSF,Medium (81-140),100,sub_heavy,162.75,11,20250202,85,BLK_85C,8,전면SAW,2,2025-02-02 18:40:07,2025-02-02 19:07:50,27.7,,공통,raw,
b100_sub_heavy_r1,MSF,Medium (81-140),100,sub_heavy,162.75,11,20250202,85,BLK_85C,8,TurnOver,3,2025-02-02 19:07:50,2025-02-02 19:19:50,12.0,,공통,raw,
b100_sub_heavy_r1,MSF,Medium (81-140),100,sub_heavy,162.75,11,20250202,85,BLK_85C,8,후면SAW,4,2025-02-02 20:19:12,2025-02-02 20:34:32,15.3,,공통,raw,
b100_sub_heavy_r1,MSF,Medium (81-140),100,sub_heavy,162.75,11,20250202,85,BLK_85C,8,NC,5,2025-02-02 22:00:00,2025-02-02 22:39:42,39.7,,공통,raw,
b100_sub_heavy_r1,MSF,Medium (81-140),100,sub_heavy,162.75,11,20250202,85,BLK_85C,8,베이35A 론지취부,6,2025-02-02 22:53:16,2025-02-02 23:41:46,48.5,35A,베이35A,raw,
b100_sub_heavy_r1,MSF,Medium (81-140),100,sub_heavy,162.75,11,20250202,85,BLK_85C,8,베이35A 론지용접,7,2025-02-02 23:41:46,2025-02-03 00:01:22,19.6,35A,베이35A,raw,
b100_sub_heavy_r1,MSF,Medium (81-140),100,sub_heavy,162.75,11,20250202,85,BLK_85C,8,베이35A 수정,8,2025-02-03 00:21:16,2025-02-03 00:50:28,29.2,35A,베이35A,raw,
b100_sub_heavy_r1,MSF,Medium (81-140),100,sub_heavy,162.75,11,20250202,23,BLK_23C,9,판계,1,2025-02-02 12:42:00,2025-02-02 13:12:00,30.0,,공통,raw,
b100_sub_heavy_r1,MSF,Medium (81-140),100,sub_heavy,162.75,11,20250202,23,BLK_23C,9,전면SAW,2,2025-02-02 19:07:50,2025-02-02 19:38:25,30.6,,공통,raw,
b100_sub_heavy_r1,MSF,Medium (81-140),100,sub_heavy,162.75,11,20250202,23,BLK_23C,9,TurnOver,3,2025-02-02 19:38:25,2025-02-02 19:50:25,12.0,,공통,raw,
b100_sub_heavy_r1,MSF,Medium (81-140),100,sub_heavy,162.75,11,20250202,23,BLK_23C,9,후면SAW,4,2025-02-02 20:34:32,2025-02-02 20:53:40,19.1,,공통,raw,
b100_sub_heavy_r1,MSF,Medium (81-140),100,sub_heavy,162.75,11,20250202,23,BLK_23C,9,NC,5,2025-02-02 22:39:42,2025-02-02 23:27:07,47.4,,공통,raw,
b100_sub_heavy_r1,MSF,Medium (81-140),100,sub_heavy,162.75,11,20250202,23,BLK_23C,9,베이36B 론지취부,6,2025-02-02 23:44:30,2025-02-03 01:04:30,80.0,36B,베이36B,raw,
b100_sub_heavy_r1,MSF,Medium (81-140),100,sub_heavy,162.75,11,20250202,23,BLK_23C,9,베이36B 론지용접,7,2025-02-03 01:04:30,2025-02-03 01:29:30,25.0,36B,베이36B,raw,
b100_sub_heavy_r1,MSF,Medium (81-140),100,sub_heavy,162.75,11,20250202,23,BLK_23C,9,베이36B 수정,8,2025-02-03 01:29:30,2025-02-03 02:18:30,49.0,36B,베이36B,raw,
b100_sub_heavy_r1,MSF,Medium (81-140),100,sub_heavy,162.75,11,20250203,24,BLK_24C,1,판계,1,2025-02-03 08:00:00,2025-02-03 08:30:00,30.0,,공통,raw,
b100_sub_heavy_r1,MSF,Medium (81-140),100,sub_heavy,162.75,11,20250203,24,BLK_24C,1,전면SAW,2,2025-02-03 08:30:00,2025-02-03 11:40:00,190.0,,공통,raw,
b100_sub_heavy_r1,MSF,Medium (81-140),100,sub_heavy,162.75,11,20250203,24,BLK_24C,1,TurnOver,3,2025-02-03 11:40:00,2025-02-03 11:52:00,12.0,,공통,raw,
b100_sub_heavy_r1,MSF,Medium (81-140),100,sub_heavy,162.75,11,20250203,24,BLK_24C,1,후면SAW,4,2025-02-03 11:52:00,2025-02-03 14:37:00,165.0,,공통,raw,
b100_sub_heavy_r1,MSF,Medium (81-140),100,sub_heavy,162.75,11,20250203,24,BLK_24C,1,NC,5,2025-02-03 14:37:00,2025-02-03 15:50:39,73.7,,공통,raw,
b100_sub_heavy_r1,MSF,Medium (81-140),100,sub_heavy,162.75,11,20250203,24,BLK_24C,1,베이35A 론지취부,6,2025-02-03 15:50:39,2025-02-03 17:10:39,80.0,35A,베이35A,raw,
b100_sub_heavy_r1,MSF,Medium (81-140),100,sub_heavy,162.75,11,20250203,24,BLK_24C,1,베이35A 론지용접,7,2025-02-03 17:10:39,2025-02-03 17:35:39,25.0,35A,베이35A,raw,
b100_sub_heavy_r1,MSF,Medium (81-140),100,sub_heavy,162.75,11,20250203,24,BLK_24C,1,베이35A 수정,8,2025-02-03 17:35:39,2025-02-03 18:24:39,49.0,35A,베이35A,raw,
b100_sub_heavy_r1,MSF,Medium (81-140),100,sub_heavy,162.75,11,20250203,27,BLK_27C,2,판계,1,2025-02-03 08:30:00,2025-02-03 09:00:00,30.0,,공통,raw,
b100_sub_heavy_r1,MSF,Medium (81-140),100,sub_heavy,162.75,11,20250203,27,BLK_27C,2,전면SAW,2,2025-02-03 11:40:00,2025-02-03 12:11:03,31.1,,공통,raw,
b100_sub_heavy_r1,MSF,Medium (81-140),100,sub_heavy,162.75,11,20250203,27,BLK_27C,2,TurnOver,3,2025-02-03 12:11:03,2025-02-03 12:23:03,12.0,,공통,raw,
b100_sub_heavy_r1,MSF,Medium (81-140),100,sub_heavy,162.75,11,20250203,27,BLK_27C,2,후면SAW,4,2025-02-03 14:37:00,2025-02-03 14:56:44,19.7,,공통,raw,
b100_sub_heavy_r1,MSF,Medium (81-140),100,sub_heavy,162.75,11,20250203,27,BLK_27C,2,NC,5,2025-02-03 15:50:39,2025-02-03 16:36:10,45.5,,공통,raw,
b100_sub_heavy_r1,MSF,Medium (81-140),100,sub_heavy,162.75,11,20250203,27,BLK_27C,2,베이36B 론지취부,6,2025-02-03 16:36:10,2025-02-03 17:28:10,52.0,36B,베이36B,raw,
b100_sub_heavy_r1,MSF,Medium (81-140),100,sub_heavy,162.75,11,20250203,27,BLK_27C,2,베이36B 론지용접,7,2025-02-03 17:28:10,2025-02-03 17:48:22,20.2,36B,베이36B,raw,
b100_sub_heavy_r1,MSF,Medium (81-140),100,sub_heavy,162.75,11,20250203,27,BLK_27C,2,베이36B 수정,8,2025-02-03 17:48:22,2025-02-03 18:19:46,31.4,36B,베이36B,raw,
b100_sub_heavy_r1,MSF,Medium (81-140),100,sub_heavy,162.75,11,20250203,80,BLK_80C,3,판계,1,2025-02-03 09:00:00,2025-02-03 09:30:00,30.0,,공통,raw,
b100_sub_heavy_r1,MSF,Medium (81-140),100,sub_heavy,162.75,11,20250203,80,BLK_80C,3,전면SAW,2,2025-02-03 12:11:03,2025-02-03 12:44:16,33.2,,공통,raw,
b100_sub_heavy_r1,MSF,Medium (81-140),100,sub_heavy,162.75,11,20250203,80,BLK_80C,3,TurnOver,3,2025-02-03 12:44:16,2025-02-03 12:56:16,12.0,,공통,raw,
b100_sub_heavy_r1,MSF,Medium (81-140),100,sub_heavy,162.75,11,20250203,80,BLK_80C,3,후면SAW,4,2025-02-03 14:56:44,2025-02-03 15:19:20,22.6,,공통,raw,
b100_sub_heavy_r1,MSF,Medium (81-140),100,sub_heavy,162.75,11,20250203,80,BLK_80C,3,NC,5,2025-02-03 16:36:10,2025-02-03 17:19:42,43.5,,공통,raw,
b100_sub_heavy_r1,MSF,Medium (81-140),100,sub_heavy,162.75,11,20250203,80,BLK_80C,3,베이35A 론지취부,6,2025-02-03 17:19:42,2025-02-03 17:57:42,38.0,35A,베이35A,raw,
b100_sub_heavy_r1,MSF,Medium (81-140),100,sub_heavy,162.75,11,20250203,80,BLK_80C,3,베이35A 론지용접,7,2025-02-03 17:57:42,2025-02-03 18:15:30,17.8,35A,베이35A,raw,
b100_sub_heavy_r1,MSF,Medium (81-140),100,sub_heavy,162.75,11,20250203,80,BLK_80C,3,베이35A 수정,8,2025-02-03 18:24:39,2025-02-03 18:47:15,22.6,35A,베이35A,raw,
b100_sub_heavy_r1,MSF,Medium (81-140),100,sub_heavy,162.75,11,20250203,67,BLK_67P,4,판계,1,2025-02-03 09:30:00,2025-02-03 10:15:00,45.0,,공통,raw,
b100_sub_heavy_r1,MSF,Medium (81-140),100,sub_heavy,162.75,11,20250203,67,BLK_67P,4,전면SAW,2,2025-02-03 12:44:16,2025-02-03 13:24:31,40.2,,공통,raw,
b100_sub_heavy_r1,MSF,Medium (81-140),100,sub_heavy,162.75,11,20250203,67,BLK_67P,4,TurnOver,3,2025-02-03 13:24:31,2025-02-03 13:36:31,12.0,,공통,raw,
b100_sub_heavy_r1,MSF,Medium (81-140),100,sub_heavy,162.75,11,20250203,67,BLK_67P,4,후면SAW,4,2025-02-03 15:19:20,2025-02-03 15:51:10,31.8,,공통,raw,
b100_sub_heavy_r1,MSF,Medium (81-140),100,sub_heavy,162.75,11,20250203,67,BLK_67P,4,NC,5,2025-02-03 17:19:42,2025-02-03 18:14:31,54.8,,공통,raw,
b100_sub_heavy_r1,MSF,Medium (81-140),100,sub_heavy,162.75,11,20250203,67,BLK_67P,4,베이36B 론지취부,6,2025-02-03 18:14:31,2025-02-03 19:31:01,76.5,36B,베이36B,raw,
b100_sub_heavy_r1,MSF,Medium (81-140),100,sub_heavy,162.75,11,20250203,67,BLK_67P,4,베이36B 론지용접,7,2025-02-03 19:31:01,2025-02-03 19:55:25,24.4,36B,베이36B,raw,
b100_sub_heavy_r1,MSF,Medium (81-140),100,sub_heavy,162.75,11,20250203,67,BLK_67P,4,베이36B 수정,8,2025-02-03 19:55:25,2025-02-03 20:42:13,46.8,36B,베이36B,raw,
b100_sub_heavy_r1,MSF,Medium (81-140),100,sub_heavy,162.75,11,20250203,78,BLK_78S,5,판계,1,2025-02-03 10:15:00,2025-02-03 11:00:00,45.0,,공통,raw,
b100_sub_heavy_r1,MSF,Medium (81-140),100,sub_heavy,162.75,11,20250203,78,BLK_78S,5,전면SAW,2,2025-02-03 13:24:31,2025-02-03 14:04:53,40.4,,공통,raw,
b100_sub_heavy_r1,MSF,Medium (81-140),100,sub_heavy,162.75,11,20250203,78,BLK_78S,5,TurnOver,3,2025-02-03 14:04:53,2025-02-03 14:16:53,12.0,,공통,raw,
b100_sub_heavy_r1,MSF,Medium (81-140),100,sub_heavy,162.75,11,20250203,78,BLK_78S,5,후면SAW,4,2025-02-03 15:51:10,2025-02-03 16:23:09,32.0,,공통,raw,
b100_sub_heavy_r1,MSF,Medium (81-140),100,sub_heavy,162.75,11,20250203,78,BLK_78S,5,NC,5,2025-02-03 18:14:31,2025-02-03 19:08:58,54.5,,공통,raw,
b100_sub_heavy_r1,MSF,Medium (81-140),100,sub_heavy,162.75,11,20250203,78,BLK_78S,5,베이36B 론지취부,6,2025-02-03 19:31:01,2025-02-03 20:47:31,76.5,36B,베이36B,raw,
b100_sub_heavy_r1,MSF,Medium (81-140),100,sub_heavy,162.75,11,20250203,78,BLK_78S,5,베이36B 론지용접,7,2025-02-03 20:47:31,2025-02-03 21:11:55,24.4,36B,베이36B,raw,
b100_sub_heavy_r1,MSF,Medium (81-140),100,sub_heavy,162.75,11,20250203,78,BLK_78S,5,베이36B 수정,8,2025-02-03 21:11:55,2025-02-03 21:58:43,46.8,36B,베이36B,raw,
b100_sub_heavy_r1,MSF,Medium (81-140),100,sub_heavy,162.75,11,20250203,56,BLK_56C,6,판계,1,2025-02-03 11:00:00,2025-02-03 11:52:00,52.0,,공통,raw,
b100_sub_heavy_r1,MSF,Medium (81-140),100,sub_heavy,162.75,11,20250203,56,BLK_56C,6,전면SAW,2,2025-02-03 14:04:53,2025-02-03 16:27:36,142.7,,공통,raw,
b100_sub_heavy_r1,MSF,Medium (81-140),100,sub_heavy,162.75,11,20250203,56,BLK_56C,6,TurnOver,3,2025-02-03 16:27:36,2025-02-03 16:39:36,12.0,,공통,raw,
b100_sub_heavy_r1,MSF,Medium (81-140),100,sub_heavy,162.75,11,20250203,56,BLK_56C,6,후면SAW,4,2025-02-03 16:39:36,2025-02-03 18:42:26,122.8,,공통,raw,
b100_sub_heavy_r1,MSF,Medium (81-140),100,sub_heavy,162.75,11,20250203,56,BLK_56C,6,NC,5,2025-02-03 19:08:58,2025-02-03 20:24:29,75.5,,공통,raw,
b100_sub_heavy_r1,MSF,Medium (81-140),100,sub_heavy,162.75,11,20250203,56,BLK_56C,6,베이36B 론지취부,6,2025-02-03 20:47:31,2025-02-03 22:18:01,90.5,36B,베이36B,raw,
b100_sub_heavy_r1,MSF,Medium (81-140),100,sub_heavy,162.75,11,20250203,56,BLK_56C,6,베이36B 론지용접,7,2025-02-03 22:18:01,2025-02-03 22:44:49,26.8,36B,베이36B,raw,
b100_sub_heavy_r1,MSF,Medium (81-140),100,sub_heavy,162.75,11,20250203,56,BLK_56C,6,베이36B 수정,8,2025-02-03 22:44:49,2025-02-03 23:40:25,55.6,36B,베이36B,raw,
b100_sub_heavy_r1,MSF,Medium (81-140),100,sub_heavy,162.75,11,20250203,87,BLK_87S,7,판계,1,2025-02-03 11:52:00,2025-02-03 12:44:00,52.0,,공통,raw,
b100_sub_heavy_r1,MSF,Medium (81-140),100,sub_heavy,162.75,11,20250203,87,BLK_87S,7,전면SAW,2,2025-02-03 16:27:36,2025-02-03 17:06:24,38.8,,공통,raw,
b100_sub_heavy_r1,MSF,Medium (81-140),100,sub_heavy,162.75,11,20250203,87,BLK_87S,7,TurnOver,3,2025-02-03 17:06:24,2025-02-03 17:18:24,12.0,,공통,raw,
b100_sub_heavy_r1,MSF,Medium (81-140),100,sub_heavy,162.75,11,20250203,87,BLK_87S,7,후면SAW,4,2025-02-03 18:42:26,2025-02-03 19:12:21,29.9,,공통,raw,
b100_sub_heavy_r1,MSF,Medium (81-140),100,sub_heavy,162.75,11,20250203,87,BLK_87S,7,NC,5,2025-02-03 20:24:29,2025-02-03 21:32:02,67.5,,공통,raw,
b100_sub_heavy_r1,MSF,Medium (81-140),100,sub_heavy,162.75,11,20250203,87,BLK_87S,7,베이36B 론지취부,6,2025-02-03 22:18:01,2025-02-04 00:41:01,143.0,36B,베이36B,raw,
b100_sub_heavy_r1,MSF,Medium (81-140),100,sub_heavy,162.75,11,20250203,87,BLK_87S,7,베이36B 론지용접,7,2025-02-04 00:41:01,2025-02-04 01:16:49,35.8,36B,베이36B,raw,
b100_sub_heavy_r1,MSF,Medium (81-140),100,sub_heavy,162.75,11,20250203,87,BLK_87S,7,베이36B 수정,8,2025-02-04 01:16:49,2025-02-04 02:45:25,88.6,36B,베이36B,raw,
b100_sub_heavy_r1,MSF,Medium (81-140),100,sub_heavy,162.75,11,20250130,100,BLK_26C,24,판계,1,2025-01-30 08:52:00,2025-01-30 09:22:00,30.0,,공통,inferred_subassembly_member,26
b100_sub_heavy_r1,MSF,Medium (81-140),100,sub_heavy,162.75,11,20250130,100,BLK_26C,24,전면SAW,2,2025-01-30 09:27:42,2025-01-30 12:14:27,166.7,,공통,inferred_subassembly_member,26
b100_sub_heavy_r1,MSF,Medium (81-140),100,sub_heavy,162.75,11,20250130,100,BLK_26C,24,TurnOver,3,2025-01-30 12:14:27,2025-01-30 12:26:27,12.0,,공통,inferred_subassembly_member,26
b100_sub_heavy_r1,MSF,Medium (81-140),100,sub_heavy,162.75,11,20250130,100,BLK_26C,24,후면SAW,4,2025-01-30 12:26:27,2025-01-30 14:29:58,123.5,,공통,inferred_subassembly_member,26
b100_sub_heavy_r1,MSF,Medium (81-140),100,sub_heavy,162.75,11,20250130,100,BLK_26C,24,NC,5,2025-01-30 14:29:58,2025-01-30 15:29:41,59.7,,공통,inferred_subassembly_member,26
b100_sub_heavy_r1,MSF,Medium (81-140),100,sub_heavy,162.75,11,20250130,100,BLK_26C,24,베이35A 론지취부,6,2025-01-30 15:29:41,2025-01-30 17:10:41,101.0,35A,베이35A,inferred_subassembly_member,26
b100_sub_heavy_r1,MSF,Medium (81-140),100,sub_heavy,162.75,11,20250130,100,BLK_26C,24,베이35A 론지용접,7,2025-01-30 17:10:41,2025-01-30 17:39:17,28.6,35A,베이35A,inferred_subassembly_member,26
b100_sub_heavy_r1,MSF,Medium (81-140),100,sub_heavy,162.75,11,20250130,100,BLK_26C,24,베이35A 수정,8,2025-01-30 17:39:17,2025-01-30 18:41:29,62.2,35A,베이35A,inferred_subassembly_member,26
b100_sub_heavy_r1,MSF,Medium (81-140),100,sub_heavy,162.75,11,20250130,98,BLK_83P,26,판계,1,2025-01-30 09:34:00,2025-01-30 09:46:00,12.0,,공통,inferred_subassembly_member,83
b100_sub_heavy_r1,MSF,Medium (81-140),100,sub_heavy,162.75,11,20250130,98,BLK_83P,26,전면SAW,2,2025-01-30 12:52:49,2025-01-30 13:53:09,60.3,,공통,inferred_subassembly_member,83
b100_sub_heavy_r1,MSF,Medium (81-140),100,sub_heavy,162.75,11,20250130,98,BLK_83P,26,TurnOver,3,2025-01-30 13:53:09,2025-01-30 14:05:09,12.0,,공통,inferred_subassembly_member,83
b100_sub_heavy_r1,MSF,Medium (81-140),100,sub_heavy,162.75,11,20250130,98,BLK_83P,26,후면SAW,4,2025-01-30 14:59:21,2025-01-30 15:57:37,58.3,,공통,inferred_subassembly_member,83
b100_sub_heavy_r1,MSF,Medium (81-140),100,sub_heavy,162.75,11,20250130,98,BLK_83P,26,NC,5,2025-01-30 15:57:37,2025-01-30 16:18:12,20.6,,공통,inferred_subassembly_member,83
b100_sub_heavy_r1,MSF,Medium (81-140),100,sub_heavy,162.75,11,20250130,98,BLK_83P,26,베이35A 론지취부,6,2025-01-30 17:10:41,2025-01-30 17:34:41,24.0,35A,베이35A,inferred_subassembly_member,83
b100_sub_heavy_r1,MSF,Medium (81-140),100,sub_heavy,162.75,11,20250130,98,BLK_83P,26,베이35A 론지용접,7,2025-01-30 17:39:17,2025-01-30 17:50:41,11.4,35A,베이35A,inferred_subassembly_member,83
b100_sub_heavy_r1,MSF,Medium (81-140),100,sub_heavy,162.75,11,20250130,98,BLK_83P,26,베이35A 수정,8,2025-01-30 18:41:29,2025-01-30 18:55:17,13.8,35A,베이35A,inferred_subassembly_member,83
b100_sub_heavy_r1,MSF,Medium (81-140),100,sub_heavy,162.75,11,20250131,99,BLK_60P,53,판계,1,2025-01-31 10:40:00,2025-01-31 11:05:00,25.0,,공통,inferred_subassembly_member,60
b100_sub_heavy_r1,MSF,Medium (81-140),100,sub_heavy,162.75,11,20250131,99,BLK_60P,53,전면SAW,2,2025-01-31 18:30:45,2025-01-31 19:17:03,46.3,,공통,inferred_subassembly_member,60
b100_sub_heavy_r1,MSF,Medium (81-140),100,sub_heavy,162.75,11,20250131,99,BLK_60P,53,TurnOver,3,2025-01-31 19:17:03,2025-01-31 19:29:03,12.0,,공통,inferred_subassembly_member,60
b100_sub_heavy_r1,MSF,Medium (81-140),100,sub_heavy,162.75,11,20250131,99,BLK_60P,53,후면SAW,4,2025-01-31 20:36:19,2025-01-31 21:16:08,39.8,,공통,inferred_subassembly_member,60
b100_sub_heavy_r1,MSF,Medium (81-140),100,sub_heavy,162.75,11,20250131,99,BLK_60P,53,NC,5,2025-01-31 21:20:45,2025-01-31 21:55:45,35.0,,공통,inferred_subassembly_member,60
b100_sub_heavy_r1,MSF,Medium (81-140),100,sub_heavy,162.75,11,20250131,99,BLK_60P,53,베이36B 론지취부,6,2025-01-31 21:55:45,2025-01-31 23:01:45,66.0,36B,베이36B,inferred_subassembly_member,60
b100_sub_heavy_r1,MSF,Medium (81-140),100,sub_heavy,162.75,11,20250131,99,BLK_60P,53,베이36B 론지용접,7,2025-01-31 23:01:45,2025-01-31 23:24:21,22.6,36B,베이36B,inferred_subassembly_member,60
b100_sub_heavy_r1,MSF,Medium (81-140),100,sub_heavy,162.75,11,20250131,99,BLK_60P,53,베이36B 수정,8,2025-01-31 23:24:21,2025-02-01 00:04:33,40.2,36B,베이36B,inferred_subassembly_member,60
b100_sub_heavy_r1,MSF,Medium (81-140),100,sub_heavy,162.75,11,20250201,97,BLK_66S,71,판계,1,2025-02-01 10:25:00,2025-02-01 10:45:00,20.0,,공통,inferred_subassembly_member,66
b100_sub_heavy_r1,MSF,Medium (81-140),100,sub_heavy,162.75,11,20250201,97,BLK_66S,71,전면SAW,2,2025-02-01 15:59:58,2025-02-01 16:39:11,39.2,,공통,inferred_subassembly_member,66
b100_sub_heavy_r1,MSF,Medium (81-140),100,sub_heavy,162.75,11,20250201,97,BLK_66S,71,TurnOver,3,2025-02-01 16:39:11,2025-02-01 16:51:11,12.0,,공통,inferred_subassembly_member,66
b100_sub_heavy_r1,MSF,Medium (81-140),100,sub_heavy,162.75,11,20250201,97,BLK_66S,71,후면SAW,4,2025-02-01 17:29:11,2025-02-01 17:59:40,30.5,,공통,inferred_subassembly_member,66
b100_sub_heavy_r1,MSF,Medium (81-140),100,sub_heavy,162.75,11,20250201,97,BLK_66S,71,NC,5,2025-02-01 18:13:12,2025-02-01 18:43:39,30.4,,공통,inferred_subassembly_member,66
b100_sub_heavy_r1,MSF,Medium (81-140),100,sub_heavy,162.75,11,20250201,97,BLK_66S,71,베이35A 론지취부,6,2025-02-01 18:43:39,2025-02-01 20:00:09,76.5,35A,베이35A,inferred_subassembly_member,66
b100_sub_heavy_r1,MSF,Medium (81-140),100,sub_heavy,162.75,11,20250201,97,BLK_66S,71,베이35A 론지용접,7,2025-02-01 20:00:09,2025-02-01 20:24:33,24.4,35A,베이35A,inferred_subassembly_member,66
b100_sub_heavy_r1,MSF,Medium (81-140),100,sub_heavy,162.75,11,20250201,97,BLK_66S,71,베이35A 수정,8,2025-02-01 20:24:33,2025-02-01 21:11:21,46.8,35A,베이35A,inferred_subassembly_member,66
b100_sub_heavy_r1,MSF,Medium (81-140),100,sub_heavy,162.75,11,20250201,96,BLK_28S,77,판계,1,2025-02-01 12:38:00,2025-02-01 13:18:00,40.0,,공통,inferred_subassembly_member,28
b100_sub_heavy_r1,MSF,Medium (81-140),100,sub_heavy,162.75,11,20250201,96,BLK_28S,77,전면SAW,2,2025-02-01 21:18:42,2025-02-01 23:57:31,158.8,,공통,inferred_subassembly_member,28
b100_sub_heavy_r1,MSF,Medium (81-140),100,sub_heavy,162.75,11,20250201,96,BLK_28S,77,TurnOver,3,2025-02-01 23:57:31,2025-02-02 00:09:31,12.0,,공통,inferred_subassembly_member,28
b100_sub_heavy_r1,MSF,Medium (81-140),100,sub_heavy,162.75,11,20250201,96,BLK_28S,77,후면SAW,4,2025-02-02 00:09:31,2025-02-02 02:06:43,117.2,,공통,inferred_subassembly_member,28
b100_sub_heavy_r1,MSF,Medium (81-140),100,sub_heavy,162.75,11,20250201,96,BLK_28S,77,NC,5,2025-02-02 02:06:43,2025-02-02 02:54:26,47.7,,공통,inferred_subassembly_member,28
b100_sub_heavy_r1,MSF,Medium (81-140),100,sub_heavy,162.75,11,20250201,96,BLK_28S,77,베이35A 론지취부,6,2025-02-02 02:54:26,2025-02-02 04:03:56,69.5,35A,베이35A,inferred_subassembly_member,28
b100_sub_heavy_r1,MSF,Medium (81-140),100,sub_heavy,162.75,11,20250201,96,BLK_28S,77,베이35A 론지용접,7,2025-02-02 04:03:56,2025-02-02 04:27:08,23.2,35A,베이35A,inferred_subassembly_member,28
b100_sub_heavy_r1,MSF,Medium (81-140),100,sub_heavy,162.75,11,20250201,96,BLK_28S,77,베이35A 수정,8,2025-02-02 04:27:08,2025-02-02 05:09:32,42.4,35A,베이35A,inferred_subassembly_member,28
